140053.9398028540 123200.5543502500
140010.4172648720 123135.2744292024
139988.6559958811 123091.7544818374
140097.4623408359 123069.9945081549
140119.2236098270 123069.9945081549
140249.7912237729 123048.2345344723
139662.2369610163 123026.4745607898
140010.4172648720 123004.7145871073
140053.9398028540 123004.7145871073
140075.7010718450 122982.9546134247
140162.7461478089 122939.4346660597
140075.7010718450 122917.6746923772
140380.3588377188 122743.5949029169
134765.9514380448 121198.6367714575
129108.0215003888 119544.8787715855
137224.9748340260 120023.5981926011
136811.5107231973 120284.7178767914
135941.0599635579 120415.2777188866
136245.7177294317 120437.0376925691
135397.0282387833 120502.3176136167
135135.8930108915 120545.8375609817
135788.7310806210 120654.6374293944
134983.5641279546 120959.2770609498

140685.0166035926 126573.3502710417
140053.9398028540 123200.5543502500
129108.0215003888 119544.8787715855
135397.0282387833 120502.3176136167
135766.9698116301 120611.1174820293
135157.6542798825 120676.3974030769
134874.7577829997 120893.9971399022
140140.9848788179 122982.9546134247
140119.2236098270 122982.9546134247
140075.7010718450 122982.9546134247
140010.4172648720 122982.9546134247
140249.7912237729 123004.7145871073
140162.7461478089 123004.7145871073
140053.9398028540 123004.7145871073
140249.7912237729 123026.4745607898
140140.9848788179 123026.4745607898
140097.4623408359 123026.4745607898
140075.7010718450 123026.4745607898
139662.2369610163 123026.4745607898
140249.7912237729 123048.2345344723
140097.4623408359 123048.2345344723
140097.4623408359 123069.9945081549
140010.4172648720 123135.2744292024

140053.9398028540 123200.5543502500
140010.4172648720 123135.2744292024
140053.9398028540 123091.7544818374
140097.4623408359 123069.9945081549
140119.2236098270 123069.9945081549
140032.1785338630 123026.4745607898
140075.7010718450 123026.4745607898
140119.2236098270 123026.4745607898
140140.9848788179 123026.4745607898
140249.7912237729 123026.4745607898
140053.9398028540 123004.7145871073
140162.7461478089 123004.7145871073
140184.5074167999 123004.7145871073
140249.7912237729 123004.7145871073
140075.7010718450 122982.9546134247
140119.2236098270 122982.9546134247
140140.9848788179 122982.9546134247
140075.7010718450 122961.1946397422
140119.2236098270 122961.1946397422
140075.7010718450 122917.6746923772
140140.9848788179 122917.6746923772
129108.0215003888 119544.8787715855
140119.2236098270 122917.6746923772

140010.4172648720 123200.5543502500
140053.9398028540 123200.5543502500
140010.4172648720 123135.2744292024
129108.0215003888 119544.8787715855
135397.0282387833 120502.3176136167
135179.4155488735 120654.6374293944
140140.9848788179 122917.6746923772
140119.2236098270 122961.1946397422
140140.9848788179 122982.9546134247
140119.2236098270 122982.9546134247
140075.7010718450 122982.9546134247
140010.4172648720 122982.9546134247
140249.7912237729 123004.7145871073
140162.7461478089 123004.7145871073
140053.9398028540 123004.7145871073
140249.7912237729 123026.4745607898
140140.9848788179 123026.4745607898
140119.2236098270 123026.4745607898
140097.4623408359 123026.4745607898
140075.7010718450 123026.4745607898
140032.1785338630 123026.4745607898
140119.2236098270 123069.9945081549
140097.4623408359 123069.9945081549

140053.9398028540 123200.5543502500
140315.0750307458 123157.0344028850
140010.4172648720 123135.2744292024
140097.4623408359 123069.9945081549
140119.2236098270 123069.9945081549
140249.7912237729 123048.2345344723
139662.2369610163 123026.4745607898
140249.7912237729 123026.4745607898
140053.9398028540 123004.7145871073
140075.7010718450 122982.9546134247
140075.7010718450 122961.1946397422
140162.7461478089 122939.4346660597
140075.7010718450 122917.6746923772
140380.3588377188 122743.5949029169
134983.5641279546 120959.2770609498
135788.7310806210 120654.6374293944
135135.8930108915 120545.8375609817
135397.0282387833 120502.3176136167
136245.7177294317 120437.0376925691
135941.0599635579 120415.2777188866
129108.0215003888 119544.8787715855
137224.9748340260 120023.5981926011
134765.9514380448 121198.6367714575

129108.0215003888 119544.8787715855
135397.0282387833 120502.3176136167
135179.4155488735 120654.6374293944
140140.9848788179 122917.6746923772
140119.2236098270 122961.1946397422
140075.7010718450 122961.1946397422
140140.9848788179 122982.9546134247
140119.2236098270 122982.9546134247
140075.7010718450 122982.9546134247
140249.7912237729 123004.7145871073
140162.7461478089 123004.7145871073
140053.9398028540 123004.7145871073
140249.7912237729 123026.4745607898
140140.9848788179 123026.4745607898
140097.4623408359 123026.4745607898
140075.7010718450 123026.4745607898
139662.2369610163 123026.4745607898
140249.7912237729 123048.2345344723
140097.4623408359 123048.2345344723
140097.4623408359 123069.9945081549
140053.9398028540 123091.7544818374
140010.4172648720 123135.2744292024
140053.9398028540 123200.5543502500

140685.0166035926 126573.3502710417
140010.4172648720 123135.2744292024
139988.6559958811 123091.7544818374
140097.4623408359 123069.9945081549
140119.2236098270 123069.9945081549
140249.7912237729 123048.2345344723
139662.2369610163 123026.4745607898
140010.4172648720 123004.7145871073
129652.0532251634 119871.2783768234
140075.7010718450 122982.9546134247
140075.7010718450 122917.6746923772
140380.3588377188 122743.5949029169
134765.9514380448 121198.6367714575
134983.5641279546 120959.2770609498
135788.7310806210 120654.6374293944
135135.8930108915 120545.8375609817
135397.0282387833 120502.3176136167
136245.7177294317 120437.0376925691
135941.0599635579 120415.2777188866
137072.6459510891 120197.6779820613
137333.7811789809 120088.8781136487
129108.0215003888 119544.8787715855
128933.9313484609 117521.2012191105

140053.9398028540 123200.5543502500
140315.0750307458 123157.0344028850
140010.4172648720 123135.2744292024
140097.4623408359 123069.9945081549
140097.4623408359 123048.2345344723
140249.7912237729 123048.2345344723
139662.2369610163 123026.4745607898
140075.7010718450 123026.4745607898
140097.4623408359 123026.4745607898
140140.9848788179 123026.4745607898
140249.7912237729 123026.4745607898
140053.9398028540 123004.7145871073
140162.7461478089 123004.7145871073
140249.7912237729 123004.7145871073
140010.4172648720 122982.9546134247
140075.7010718450 122982.9546134247
140489.1651826737 122874.1547450121
140140.9848788179 122982.9546134247
134874.7577829997 120893.9971399022
135157.6542798825 120676.3974030769
135766.9698116301 120611.1174820293
135397.0282387833 120502.3176136167
129108.0215003888 119544.8787715855

140053.9398028540 123200.5543502500
129108.0215003888 119544.8787715855
135397.0282387833 120502.3176136167
135766.9698116301 120611.1174820293
135157.6542798825 120676.3974030769
134874.7577829997 120893.9971399022
140380.3588377188 122743.5949029169
140075.7010718450 122917.6746923772
140119.2236098270 122961.1946397422
140075.7010718450 122961.1946397422
140140.9848788179 122982.9546134247
140119.2236098270 122982.9546134247
140162.7461478089 123004.7145871073
140053.9398028540 123004.7145871073
140032.1785338630 123004.7145871073
140140.9848788179 123026.4745607898
140075.7010718450 123026.4745607898
139662.2369610163 123026.4745607898
140249.7912237729 123048.2345344723
140097.4623408359 123048.2345344723
140119.2236098270 123069.9945081549
140097.4623408359 123069.9945081549
140053.9398028540 123091.7544818374

128933.9313484609 117521.2012191105
129108.0215003888 119544.8787715855
137246.7361030170 119784.2384820933
137072.6459510891 120197.6779820613
135941.0599635579 120415.2777188866
136245.7177294317 120437.0376925691
135397.0282387833 120502.3176136167
135135.8930108915 120545.8375609817
135788.7310806210 120654.6374293944
134983.5641279546 120959.2770609498
134765.9514380448 121198.6367714575
140380.3588377188 122743.5949029169
140075.7010718450 122917.6746923772
140075.7010718450 122982.9546134247
140053.9398028540 123004.7145871073
140010.4172648720 123004.7145871073
139662.2369610163 123026.4745607898
140249.7912237729 123048.2345344723
140119.2236098270 123069.9945081549
140097.4623408359 123069.9945081549
139988.6559958811 123091.7544818374
140010.4172648720 123135.2744292024
140685.0166035926 126573.3502710417

140053.9398028540 123200.5543502500
140010.4172648720 123135.2744292024
140053.9398028540 123091.7544818374
140097.4623408359 123069.9945081549
140119.2236098270 123069.9945081549
140032.1785338630 123026.4745607898
140075.7010718450 123026.4745607898
140119.2236098270 123026.4745607898
140140.9848788179 123026.4745607898
140249.7912237729 123026.4745607898
140053.9398028540 123004.7145871073
140162.7461478089 123004.7145871073
140184.5074167999 123004.7145871073
140249.7912237729 123004.7145871073
129108.0215003888 119544.8787715855
135397.0282387833 120502.3176136167
140140.9848788179 122917.6746923772
140075.7010718450 122917.6746923772
140119.2236098270 122961.1946397422
140075.7010718450 122961.1946397422
140140.9848788179 122982.9546134247
140119.2236098270 122982.9546134247
140075.7010718450 122982.9546134247

140685.0166035926 126573.3502710417
134330.7260582250 116759.6021402221
137725.4840208187 117064.2417717774
129325.6341902986 117151.2816665076
137246.7361030170 117173.0416401901
129934.9497220462 117303.6014822852
130870.6842886585 117455.9212980629
139074.6826982597 117564.7211664756
128955.6926174519 117825.8408506659
133656.1267195045 118609.1999032368
134809.4739760267 113996.0854825412
129108.0215003888 119544.8787715855
131828.1801242618 119805.9984557758
137224.9748340260 120023.5981926011
138117.1868626564 120110.6380873312
135941.0599635579 120415.2777188866
133307.9464156488 120632.8774557118
138138.9481316474 120981.0370346323
139118.2052362417 121176.8767977750
134221.9197132701 121350.9565872352
140946.1518314844 121503.2764030129
136637.4205712694 123004.7145871073
137986.6192487105 124745.5124817094

140053.9398028540 123200.5543502500
140010.4172648720 123135.2744292024
140053.9398028540 123091.7544818374
140097.4623408359 123069.9945081549
140097.4623408359 123048.2345344723
140249.7912237729 123048.2345344723
139662.2369610163 123026.4745607898
140075.7010718450 123026.4745607898
140097.4623408359 123026.4745607898
140140.9848788179 123026.4745607898
140249.7912237729 123026.4745607898
140053.9398028540 123004.7145871073
140162.7461478089 123004.7145871073
140249.7912237729 123004.7145871073
129108.0215003888 119544.8787715855
135397.0282387833 120502.3176136167
135179.4155488735 120654.6374293944
140140.9848788179 122917.6746923772
140119.2236098270 122961.1946397422
140140.9848788179 122982.9546134247
140075.7010718450 122982.9546134247
140010.4172648720 122982.9546134247
140271.5524927638 123091.7544818374

140097.4623408359 123287.5942449801
140010.4172648720 123157.0344028850
140010.4172648720 123135.2744292024
140075.7010718450 123091.7544818374
140097.4623408359 123069.9945081549
140119.2236098270 123069.9945081549
140249.7912237729 123048.2345344723
140032.1785338630 123026.4745607898
140075.7010718450 123026.4745607898
140119.2236098270 123026.4745607898
140140.9848788179 123026.4745607898
140249.7912237729 123026.4745607898
140053.9398028540 123004.7145871073
140075.7010718450 123004.7145871073
140010.4172648720 122982.9546134247
140075.7010718450 122982.9546134247
140119.2236098270 122982.9546134247
140140.9848788179 122982.9546134247
140075.7010718450 122961.1946397422
140119.2236098270 122961.1946397422
140140.9848788179 122939.4346660597
140075.7010718450 122917.6746923772
140032.1785338630 122852.3947713296

140010.4172648720 123200.5543502500
140053.9398028540 123200.5543502500
140010.4172648720 123135.2744292024
140053.9398028540 123091.7544818374
140119.2236098270 123069.9945081549
140097.4623408359 123048.2345344723
140249.7912237729 123048.2345344723
129108.0215003888 119544.8787715855
135397.0282387833 120502.3176136167
135179.4155488735 120654.6374293944
140140.9848788179 122917.6746923772
140119.2236098270 122961.1946397422
140075.7010718450 122961.1946397422
140140.9848788179 122982.9546134247
140119.2236098270 122982.9546134247
140075.7010718450 122982.9546134247
140010.4172648720 122982.9546134247
140184.5074167999 123004.7145871073
140162.7461478089 123004.7145871073
140053.9398028540 123004.7145871073
140249.7912237729 123026.4745607898
140140.9848788179 123026.4745607898
140119.2236098270 123026.4745607898

140053.9398028540 123200.5543502500
140010.4172648720 123135.2744292024
140097.4623408359 123069.9945081549
140119.2236098270 123069.9945081549
140097.4623408359 123048.2345344723
140249.7912237729 123048.2345344723
139662.2369610163 123026.4745607898
140075.7010718450 123026.4745607898
140140.9848788179 123026.4745607898
139988.6559958811 123004.7145871073
140053.9398028540 123004.7145871073
140075.7010718450 122982.9546134247
140140.9848788179 122982.9546134247
140075.7010718450 122961.1946397422
140119.2236098270 122961.1946397422
129108.0215003888 119544.8787715855
135397.0282387833 120502.3176136167
135766.9698116301 120611.1174820293
135157.6542798825 120676.3974030769
134874.7577829997 120893.9971399022
140380.3588377188 122743.5949029169
140119.2236098270 122982.9546134247
140162.7461478089 123004.7145871073

140663.2553346016 126377.5105078989
139988.6559958811 123396.3941133928
128933.9313484609 117521.2012191105
129173.3053073617 119066.1593505699
128999.2151554338 119436.0789031729
137224.9748340260 120023.5981926011
130957.7293646224 120045.3581662836
136680.9431092514 120306.4778504740
135941.0599635579 120415.2777188866
136463.3304193416 120480.5576399342
135397.0282387833 120502.3176136167
135135.8930108915 120545.8375609817
135788.7310806210 120654.6374293944
134983.5641279546 120959.2770609498
134765.9514380448 121198.6367714575
134396.0098651980 121285.6766661877
140249.7912237729 122613.0350608218
140750.3004105655 122721.8349292344
140032.1785338630 122852.3947713296
139444.6242711064 122961.1946397422
140119.2236098270 123048.2345344723
139988.6559958811 123091.7544818374
139923.3721889081 123200.5543502500

129108.0215003888 119544.8787715855
137224.9748340260 120023.5981926011
135941.0599635579 120415.2777188866
135397.0282387833 120502.3176136167
135135.8930108915 120545.8375609817
135788.7310806210 120654.6374293944
134983.5641279546 120959.2770609498
134765.9514380448 121198.6367714575
140380.3588377188 122743.5949029169
140075.7010718450 122917.6746923772
140162.7461478089 122939.4346660597
140075.7010718450 122961.1946397422
140075.7010718450 122982.9546134247
140053.9398028540 123004.7145871073
139988.6559958811 123004.7145871073
140249.7912237729 123026.4745607898
139662.2369610163 123026.4745607898
140249.7912237729 123048.2345344723
140119.2236098270 123069.9945081549
140772.0616795565 126834.4699552320
140010.4172648720 123135.2744292024
140315.0750307458 123157.0344028850
140053.9398028540 123200.5543502500

140728.5391415745 126965.0297973272
134330.7260582250 116759.6021402221
137725.4840208187 117064.2417717774
129325.6341902986 117151.2816665076
137246.7361030170 117173.0416401901
129934.9497220462 117303.6014822852
130870.6842886585 117455.9212980629
139074.6826982597 117564.7211664756
128955.6926174519 117825.8408506659
133656.1267195045 118609.1999032368
128281.0932787313 118652.7198506019
129108.0215003888 119544.8787715855
131828.1801242618 119805.9984557758
137224.9748340260 120023.5981926011
138117.1868626564 120110.6380873312
135941.0599635579 120415.2777188866
133307.9464156488 120632.8774557118
138138.9481316474 120981.0370346323
139118.2052362417 121176.8767977750
134221.9197132701 121350.9565872352
140946.1518314844 121503.2764030129
136637.4205712694 123004.7145871073
137986.6192487105 124745.5124817094

140053.9398028540 123200.5543502500
140010.4172648720 123157.0344028850
140010.4172648720 123135.2744292024
140075.7010718450 123091.7544818374
140119.2236098270 123069.9945081549
140053.9398028540 123048.2345344723
140249.7912237729 123048.2345344723
140032.1785338630 123026.4745607898
140075.7010718450 123026.4745607898
140119.2236098270 123026.4745607898
140140.9848788179 123026.4745607898
140249.7912237729 123026.4745607898
140075.7010718450 123004.7145871073
140162.7461478089 123004.7145871073
140010.4172648720 122982.9546134247
140075.7010718450 122982.9546134247
140119.2236098270 122982.9546134247
140140.9848788179 122982.9546134247
140075.7010718450 122961.1946397422
140119.2236098270 122961.1946397422
140140.9848788179 122939.4346660597
140075.7010718450 122917.6746923772
140075.7010718450 123113.5144555199

129108.0215003888 119544.8787715855
135397.0282387833 120502.3176136167
135766.9698116301 120611.1174820293
135157.6542798825 120676.3974030769
134874.7577829997 120893.9971399022
140140.9848788179 122982.9546134247
140119.2236098270 122982.9546134247
140075.7010718450 122982.9546134247
140010.4172648720 122982.9546134247
140249.7912237729 123004.7145871073
140162.7461478089 123004.7145871073
140053.9398028540 123004.7145871073
140249.7912237729 123026.4745607898
140140.9848788179 123026.4745607898
140097.4623408359 123026.4745607898
140075.7010718450 123026.4745607898
139662.2369610163 123026.4745607898
140249.7912237729 123048.2345344723
140097.4623408359 123048.2345344723
140097.4623408359 123069.9945081549
140010.4172648720 123135.2744292024
140315.0750307458 123157.0344028850
140053.9398028540 123200.5543502500

140053.9398028540 123200.5543502500
140010.4172648720 123135.2744292024
140053.9398028540 123091.7544818374
140119.2236098270 123069.9945081549
140249.7912237729 123048.2345344723
140032.1785338630 123026.4745607898
140075.7010718450 123026.4745607898
140119.2236098270 123026.4745607898
140140.9848788179 123026.4745607898
140249.7912237729 123026.4745607898
129108.0215003888 119544.8787715855
135397.0282387833 120502.3176136167
135179.4155488735 120654.6374293944
140140.9848788179 122917.6746923772
140119.2236098270 122961.1946397422
140075.7010718450 122961.1946397422
140140.9848788179 122982.9546134247
140119.2236098270 122982.9546134247
140075.7010718450 122982.9546134247
140010.4172648720 122982.9546134247
140162.7461478089 123004.7145871073
140053.9398028540 123004.7145871073
140097.4623408359 123026.4745607898

140053.9398028540 123200.5543502500
140010.4172648720 123157.0344028850
140010.4172648720 123135.2744292024
140053.9398028540 123091.7544818374
140075.7010718450 123091.7544818374
140097.4623408359 123069.9945081549
140119.2236098270 123069.9945081549
140249.7912237729 123048.2345344723
140032.1785338630 123026.4745607898
140097.4623408359 123026.4745607898
140140.9848788179 123026.4745607898
140249.7912237729 123026.4745607898
140162.7461478089 123004.7145871073
140249.7912237729 123004.7145871073
140010.4172648720 122982.9546134247
140075.7010718450 122982.9546134247
140119.2236098270 122982.9546134247
140140.9848788179 122982.9546134247
129108.0215003888 119544.8787715855
140140.9848788179 122917.6746923772
140140.9848788179 122939.4346660597
140119.2236098270 122961.1946397422
140075.7010718450 122961.1946397422

140685.0166035926 126573.3502710417
129108.0215003888 119544.8787715855
135397.0282387833 120502.3176136167
135766.9698116301 120611.1174820293
135157.6542798825 120676.3974030769
134874.7577829997 120893.9971399022
140380.3588377188 122743.5949029169
140119.2236098270 122961.1946397422
140075.7010718450 122961.1946397422
140140.9848788179 122982.9546134247
140119.2236098270 122982.9546134247
140075.7010718450 122982.9546134247
140162.7461478089 123004.7145871073
140053.9398028540 123004.7145871073
140032.1785338630 123004.7145871073
140140.9848788179 123026.4745607898
140075.7010718450 123026.4745607898
139662.2369610163 123026.4745607898
140249.7912237729 123048.2345344723
140097.4623408359 123048.2345344723
140097.4623408359 123069.9945081549
140010.4172648720 123135.2744292024
140315.0750307458 123157.0344028850

129108.0215003888 119544.8787715855
135397.0282387833 120502.3176136167
135179.4155488735 120654.6374293944
140140.9848788179 122917.6746923772
140119.2236098270 122961.1946397422
140140.9848788179 122982.9546134247
140119.2236098270 122982.9546134247
140075.7010718450 122982.9546134247
140010.4172648720 122982.9546134247
140249.7912237729 123004.7145871073
140162.7461478089 123004.7145871073
140053.9398028540 123004.7145871073
140140.9848788179 123026.4745607898
140097.4623408359 123026.4745607898
140075.7010718450 123026.4745607898
139662.2369610163 123026.4745607898
140249.7912237729 123048.2345344723
140097.4623408359 123048.2345344723
140097.4623408359 123069.9945081549
140271.5524927638 123091.7544818374
140053.9398028540 123091.7544818374
140010.4172648720 123135.2744292024
140053.9398028540 123200.5543502500

140097.4623408359 123287.5942449801
140010.4172648720 123157.0344028850
140010.4172648720 123135.2744292024
140075.7010718450 123091.7544818374
140119.2236098270 123069.9945081549
140053.9398028540 123048.2345344723
140249.7912237729 123048.2345344723
140032.1785338630 123026.4745607898
140075.7010718450 123026.4745607898
140119.2236098270 123026.4745607898
140140.9848788179 123026.4745607898
140249.7912237729 123026.4745607898
129108.0215003888 119544.8787715855
140140.9848788179 122917.6746923772
140140.9848788179 122939.4346660597
140119.2236098270 122961.1946397422
140075.7010718450 122961.1946397422
140140.9848788179 122982.9546134247
140119.2236098270 122982.9546134247
140075.7010718450 122982.9546134247
140010.4172648720 122982.9546134247
140184.5074167999 123004.7145871073
140075.7010718450 123004.7145871073

140010.4172648720 123200.5543502500
140053.9398028540 123200.5543502500
140010.4172648720 123135.2744292024
140053.9398028540 123091.7544818374
140097.4623408359 123069.9945081549
140119.2236098270 123069.9945081549
140097.4623408359 123048.2345344723
140249.7912237729 123048.2345344723
140075.7010718450 123026.4745607898
140097.4623408359 123026.4745607898
140140.9848788179 123026.4745607898
140249.7912237729 123026.4745607898
129108.0215003888 119544.8787715855
135397.0282387833 120502.3176136167
140140.9848788179 122917.6746923772
140075.7010718450 122917.6746923772
140119.2236098270 122961.1946397422
140075.7010718450 122961.1946397422
140140.9848788179 122982.9546134247
140119.2236098270 122982.9546134247
140075.7010718450 122982.9546134247
140010.4172648720 122982.9546134247
140184.5074167999 123004.7145871073

140053.9398028540 123200.5543502500
140010.4172648720 123135.2744292024
139988.6559958811 123091.7544818374
140097.4623408359 123069.9945081549
140119.2236098270 123069.9945081549
140249.7912237729 123048.2345344723
139662.2369610163 123026.4745607898
140010.4172648720 123004.7145871073
140053.9398028540 123004.7145871073
140075.7010718450 122982.9546134247
140162.7461478089 122939.4346660597
140075.7010718450 122917.6746923772
140380.3588377188 122743.5949029169
129108.0215003888 119544.8787715855
135397.0282387833 120502.3176136167
135766.9698116301 120611.1174820293
135157.6542798825 120676.3974030769
134874.7577829997 120893.9971399022
140119.2236098270 122961.1946397422
140075.7010718450 122961.1946397422
140140.9848788179 122982.9546134247
140119.2236098270 122982.9546134247
140162.7461478089 123004.7145871073

136985.6008751252 125398.3116921852
137986.6192487105 124745.5124817094
136637.4205712694 123004.7145871073
140946.1518314844 121503.2764030129
134221.9197132701 121350.9565872352
139118.2052362417 121176.8767977750
138138.9481316474 120981.0370346323
133307.9464156488 120632.8774557118
135941.0599635579 120415.2777188866
138117.1868626564 120110.6380873312
137224.9748340260 120023.5981926011
131828.1801242618 119805.9984557758
129108.0215003888 119544.8787715855
128281.0932787313 118652.7198506019
133656.1267195045 118609.1999032368
128955.6926174519 117825.8408506659
139074.6826982597 117564.7211664756
130870.6842886585 117455.9212980629
134330.7260582250 116759.6021402221
129934.9497220462 117303.6014822852
137246.7361030170 117173.0416401901
129325.6341902986 117151.2816665076
137725.4840208187 117064.2417717774

140728.5391415745 126965.0297973272
140619.7327966196 126225.1906921212
139923.3721889081 123222.3143239325
139988.6559958811 123091.7544818374
140119.2236098270 123048.2345344723
139444.6242711064 122961.1946397422
139966.8947268901 122895.9147186946
140032.1785338630 122852.3947713296
139923.3721889081 122808.8748239645
140249.7912237729 122613.0350608218
134396.0098651980 121285.6766661877
134765.9514380448 121198.6367714575
134983.5641279546 120959.2770609498
135788.7310806210 120654.6374293944
135135.8930108915 120545.8375609817
135397.0282387833 120502.3176136167
136463.3304193416 120480.5576399342
135941.0599635579 120415.2777188866
136680.9431092514 120262.9579031089
137072.6459510891 120197.6779820613
137333.7811789809 120088.8781136487
129108.0215003888 119544.8787715855
128933.9313484609 117521.2012191105

140053.9398028540 123200.5543502500
140010.4172648720 123135.2744292024
140053.9398028540 123091.7544818374
140097.4623408359 123069.9945081549
140119.2236098270 123069.9945081549
140032.1785338630 123026.4745607898
140075.7010718450 123026.4745607898
140097.4623408359 123026.4745607898
140119.2236098270 123026.4745607898
140140.9848788179 123026.4745607898
140249.7912237729 123026.4745607898
140053.9398028540 123004.7145871073
140162.7461478089 123004.7145871073
140249.7912237729 123004.7145871073
140010.4172648720 122982.9546134247
140075.7010718450 122982.9546134247
140119.2236098270 122982.9546134247
140140.9848788179 122982.9546134247
140119.2236098270 122961.1946397422
140140.9848788179 122917.6746923772
129108.0215003888 119544.8787715855
135397.0282387833 120502.3176136167
140075.7010718450 122917.6746923772

140053.9398028540 123200.5543502500
140053.9398028540 123091.7544818374
140097.4623408359 123069.9945081549
140119.2236098270 123069.9945081549
129108.0215003888 119544.8787715855
135397.0282387833 120502.3176136167
135766.9698116301 120611.1174820293
135157.6542798825 120676.3974030769
134874.7577829997 120893.9971399022
140380.3588377188 122743.5949029169
140119.2236098270 122961.1946397422
140075.7010718450 122961.1946397422
140140.9848788179 122982.9546134247
140119.2236098270 122982.9546134247
140162.7461478089 123004.7145871073
140053.9398028540 123004.7145871073
140032.1785338630 123004.7145871073
140140.9848788179 123026.4745607898
140075.7010718450 123026.4745607898
139662.2369610163 123026.4745607898
140249.7912237729 123048.2345344723
140097.4623408359 123048.2345344723
140010.4172648720 123135.2744292024

140685.0166035926 126573.3502710417
140010.4172648720 123135.2744292024
140053.9398028540 123091.7544818374
140097.4623408359 123069.9945081549
140119.2236098270 123069.9945081549
140097.4623408359 123048.2345344723
140249.7912237729 123048.2345344723
129108.0215003888 119544.8787715855
135397.0282387833 120502.3176136167
135766.9698116301 120611.1174820293
135157.6542798825 120676.3974030769
134874.7577829997 120893.9971399022
140380.3588377188 122743.5949029169
140119.2236098270 122961.1946397422
140075.7010718450 122961.1946397422
140140.9848788179 122982.9546134247
140119.2236098270 122982.9546134247
140162.7461478089 123004.7145871073
140053.9398028540 123004.7145871073
140032.1785338630 123004.7145871073
140315.0750307458 123135.2744292024
140075.7010718450 123026.4745607898
139662.2369610163 123026.4745607898

140053.9398028540 123200.5543502500
129108.0215003888 119544.8787715855
135397.0282387833 120502.3176136167
135766.9698116301 120611.1174820293
135157.6542798825 120676.3974030769
134874.7577829997 120893.9971399022
140380.3588377188 122743.5949029169
140119.2236098270 122961.1946397422
140075.7010718450 122961.1946397422
140140.9848788179 122982.9546134247
140119.2236098270 122982.9546134247
140075.7010718450 122982.9546134247
140162.7461478089 123004.7145871073
140053.9398028540 123004.7145871073
140032.1785338630 123004.7145871073
140140.9848788179 123026.4745607898
140075.7010718450 123026.4745607898
139662.2369610163 123026.4745607898
140249.7912237729 123048.2345344723
140097.4623408359 123048.2345344723
140097.4623408359 123069.9945081549
140010.4172648720 123135.2744292024
140315.0750307458 123157.0344028850

140053.9398028540 123200.5543502500
140010.4172648720 123135.2744292024
140053.9398028540 123091.7544818374
140271.5524927638 123091.7544818374
140097.4623408359 123069.9945081549
140097.4623408359 123048.2345344723
140249.7912237729 123048.2345344723
139662.2369610163 123026.4745607898
140075.7010718450 123026.4745607898
140097.4623408359 123026.4745607898
140140.9848788179 123026.4745607898
140249.7912237729 123026.4745607898
129108.0215003888 119544.8787715855
135397.0282387833 120502.3176136167
135766.9698116301 120611.1174820293
135157.6542798825 120676.3974030769
140119.2236098270 122961.1946397422
140140.9848788179 122982.9546134247
140119.2236098270 122982.9546134247
140075.7010718450 122982.9546134247
140010.4172648720 122982.9546134247
140249.7912237729 123004.7145871073
140162.7461478089 123004.7145871073

140053.9398028540 123200.5543502500
140010.4172648720 123135.2744292024
140053.9398028540 123091.7544818374
140271.5524927638 123091.7544818374
140097.4623408359 123069.9945081549
140097.4623408359 123048.2345344723
140249.7912237729 123048.2345344723
139662.2369610163 123026.4745607898
139422.8630021155 123178.7943765675
140097.4623408359 123026.4745607898
140140.9848788179 123026.4745607898
140249.7912237729 123026.4745607898
140053.9398028540 123004.7145871073
140162.7461478089 123004.7145871073
140249.7912237729 123004.7145871073
140010.4172648720 122982.9546134247
140075.7010718450 122982.9546134247
140119.2236098270 122961.1946397422
129108.0215003888 119544.8787715855
135397.0282387833 120502.3176136167
135766.9698116301 120611.1174820293
135157.6542798825 120676.3974030769
134874.7577829997 120893.9971399022

140010.4172648720 123200.5543502500
140053.9398028540 123200.5543502500
140010.4172648720 123135.2744292024
140053.9398028540 123091.7544818374
140119.2236098270 123069.9945081549
140097.4623408359 123048.2345344723
140249.7912237729 123048.2345344723
140075.7010718450 123026.4745607898
140097.4623408359 123026.4745607898
140140.9848788179 123026.4745607898
140249.7912237729 123026.4745607898
140053.9398028540 123004.7145871073
140162.7461478089 123004.7145871073
140249.7912237729 123004.7145871073
140010.4172648720 122982.9546134247
140075.7010718450 122982.9546134247
140119.2236098270 122982.9546134247
140140.9848788179 122982.9546134247
140119.2236098270 122961.1946397422
140140.9848788179 122917.6746923772
129108.0215003888 119544.8787715855
135397.0282387833 120502.3176136167
140075.7010718450 122917.6746923772

140053.9398028540 123200.5543502500
140010.4172648720 123135.2744292024
140053.9398028540 123091.7544818374
140075.7010718450 123091.7544818374
140097.4623408359 123069.9945081549
140249.7912237729 123048.2345344723
140032.1785338630 123026.4745607898
140075.7010718450 123026.4745607898
140119.2236098270 123026.4745607898
140140.9848788179 123026.4745607898
140249.7912237729 123026.4745607898
129108.0215003888 119544.8787715855
140140.9848788179 122917.6746923772
140140.9848788179 122939.4346660597
140119.2236098270 122961.1946397422
135331.7444318103 120632.8774557118
140140.9848788179 122982.9546134247
140119.2236098270 122982.9546134247
140075.7010718450 122982.9546134247
140010.4172648720 122982.9546134247
140184.5074167999 123004.7145871073
140075.7010718450 123004.7145871073
140053.9398028540 123004.7145871073

140728.5391415745 126965.0297973272
140619.7327966196 126225.1906921212
139509.9080780794 123418.1540870753
140010.4172648720 123135.2744292024
129108.0215003888 119544.8787715855
137224.9748340260 120023.5981926011
136811.5107231973 120284.7178767914
135941.0599635579 120415.2777188866
136245.7177294317 120437.0376925691
135397.0282387833 120502.3176136167
135135.8930108915 120545.8375609817
135788.7310806210 120654.6374293944
134983.5641279546 120959.2770609498
134765.9514380448 121198.6367714575
140380.3588377188 122743.5949029169
140075.7010718450 122917.6746923772
140162.7461478089 122939.4346660597
140075.7010718450 122982.9546134247
140053.9398028540 123004.7145871073
140010.4172648720 123004.7145871073
139662.2369610163 123026.4745607898
140249.7912237729 123048.2345344723
140119.2236098270 123069.9945081549

140053.9398028540 123200.5543502500
140010.4172648720 123157.0344028850
140010.4172648720 123135.2744292024
129108.0215003888 119544.8787715855
140140.9848788179 122917.6746923772
140140.9848788179 122939.4346660597
140119.2236098270 122961.1946397422
140075.7010718450 122961.1946397422
140140.9848788179 122982.9546134247
140119.2236098270 122982.9546134247
140075.7010718450 122982.9546134247
140010.4172648720 122982.9546134247
140184.5074167999 123004.7145871073
140075.7010718450 123004.7145871073
140053.9398028540 123004.7145871073
140249.7912237729 123026.4745607898
140140.9848788179 123026.4745607898
140119.2236098270 123026.4745607898
140075.7010718450 123026.4745607898
140032.1785338630 123026.4745607898
140249.7912237729 123048.2345344723
140097.4623408359 123069.9945081549
140075.7010718450 123091.7544818374

140053.9398028540 123200.5543502500
140053.9398028540 123091.7544818374
140097.4623408359 123069.9945081549
140119.2236098270 123069.9945081549
140097.4623408359 123048.2345344723
140249.7912237729 123048.2345344723
139662.2369610163 123026.4745607898
140075.7010718450 123026.4745607898
140140.9848788179 123026.4745607898
140032.1785338630 123004.7145871073
140053.9398028540 123004.7145871073
140162.7461478089 123004.7145871073
140119.2236098270 122982.9546134247
140140.9848788179 122982.9546134247
140075.7010718450 122961.1946397422
140119.2236098270 122961.1946397422
129108.0215003888 119544.8787715855
135397.0282387833 120502.3176136167
136049.8663085129 120567.5975346643
135766.9698116301 120611.1174820293
135114.1317419005 120806.9572451721
134874.7577829997 120893.9971399022
140380.3588377188 122743.5949029169

140053.9398028540 123200.5543502500
140010.4172648720 123135.2744292024
140053.9398028540 123091.7544818374
140075.7010718450 123091.7544818374
140053.9398028540 123069.9945081549
140097.4623408359 123069.9945081549
140119.2236098270 123069.9945081549
140184.5074167999 123069.9945081549
140032.1785338630 123026.4745607898
140140.9848788179 123026.4745607898
140249.7912237729 123026.4745607898
140053.9398028540 123004.7145871073
140075.7010718450 123004.7145871073
140097.4623408359 123004.7145871073
140162.7461478089 123004.7145871073
140032.1785338630 122852.3947713296
140075.7010718450 122917.6746923772
140140.9848788179 122939.4346660597
140119.2236098270 122961.1946397422
140075.7010718450 122961.1946397422
140140.9848788179 122982.9546134247
140119.2236098270 122982.9546134247
140075.7010718450 122982.9546134247

140053.9398028540 123200.5543502500
140010.4172648720 123135.2744292024
140053.9398028540 123091.7544818374
140097.4623408359 123069.9945081549
140119.2236098270 123069.9945081549
140032.1785338630 123026.4745607898
140075.7010718450 123026.4745607898
140119.2236098270 123026.4745607898
140140.9848788179 123026.4745607898
140249.7912237729 123026.4745607898
129108.0215003888 119544.8787715855
135397.0282387833 120502.3176136167
135179.4155488735 120654.6374293944
140140.9848788179 122917.6746923772
140119.2236098270 122961.1946397422
140140.9848788179 122982.9546134247
140119.2236098270 122982.9546134247
140075.7010718450 122982.9546134247
140010.4172648720 122982.9546134247
140249.7912237729 123004.7145871073
140162.7461478089 123004.7145871073
140053.9398028540 123004.7145871073
140097.4623408359 123026.4745607898

140053.9398028540 123200.5543502500
140010.4172648720 123135.2744292024
140053.9398028540 123091.7544818374
140097.4623408359 123069.9945081549
140097.4623408359 123048.2345344723
140249.7912237729 123048.2345344723
139662.2369610163 123026.4745607898
140075.7010718450 123026.4745607898
140097.4623408359 123026.4745607898
140140.9848788179 123026.4745607898
140249.7912237729 123026.4745607898
129108.0215003888 119544.8787715855
135397.0282387833 120502.3176136167
135179.4155488735 120654.6374293944
134874.7577829997 120893.9971399022
140119.2236098270 122961.1946397422
140075.7010718450 122961.1946397422
140140.9848788179 122982.9546134247
140119.2236098270 122982.9546134247
140075.7010718450 122982.9546134247
140010.4172648720 122982.9546134247
140162.7461478089 123004.7145871073
140053.9398028540 123004.7145871073

140663.2553346016 126377.5105078989
139988.6559958811 123396.3941133928
140293.3137617548 123287.5942449801
139923.3721889081 123200.5543502500
140119.2236098270 123048.2345344723
128933.9313484609 117521.2012191105
129108.0215003888 119544.8787715855
137333.7811789809 120088.8781136487
137072.6459510891 120197.6779820613
136680.9431092514 120262.9579031089
135941.0599635579 120415.2777188866
136463.3304193416 120480.5576399342
135397.0282387833 120502.3176136167
135135.8930108915 120545.8375609817
135788.7310806210 120654.6374293944
134983.5641279546 120959.2770609498
134765.9514380448 121198.6367714575
134396.0098651980 121285.6766661877
140249.7912237729 122613.0350608218
139923.3721889081 122808.8748239645
140032.1785338630 122852.3947713296
134961.8028589636 113843.7656667635
139444.6242711064 122961.1946397422

140010.4172648720 123200.5543502500
140053.9398028540 123200.5543502500
140010.4172648720 123135.2744292024
140053.9398028540 123091.7544818374
140119.2236098270 123069.9945081549
140097.4623408359 123048.2345344723
140249.7912237729 123048.2345344723
140075.7010718450 123026.4745607898
140097.4623408359 123026.4745607898
140140.9848788179 123026.4745607898
140249.7912237729 123026.4745607898
140162.7461478089 123004.7145871073
140249.7912237729 123004.7145871073
140010.4172648720 122982.9546134247
140075.7010718450 122982.9546134247
140119.2236098270 122982.9546134247
140140.9848788179 122982.9546134247
140119.2236098270 122961.1946397422
129108.0215003888 119544.8787715855
135397.0282387833 120502.3176136167
135179.4155488735 120654.6374293944
140140.9848788179 122917.6746923772
140053.9398028540 123004.7145871073

129108.0215003888 119544.8787715855
135397.0282387833 120502.3176136167
136049.8663085129 120567.5975346643
135766.9698116301 120611.1174820293
135114.1317419005 120806.9572451721
134874.7577829997 120893.9971399022
140380.3588377188 122743.5949029169
140075.7010718450 122917.6746923772
140119.2236098270 122961.1946397422
140075.7010718450 122961.1946397422
140140.9848788179 122982.9546134247
140119.2236098270 122982.9546134247
140162.7461478089 123004.7145871073
140053.9398028540 123004.7145871073
140032.1785338630 123004.7145871073
140140.9848788179 123026.4745607898
140075.7010718450 123026.4745607898
139662.2369610163 123026.4745607898
140249.7912237729 123048.2345344723
140097.4623408359 123048.2345344723
140097.4623408359 123069.9945081549
140053.9398028540 123091.7544818374
140053.9398028540 123200.5543502500

140685.0166035926 126573.3502710417
140010.4172648720 123135.2744292024
139988.6559958811 123091.7544818374
140097.4623408359 123069.9945081549
140119.2236098270 123069.9945081549
140249.7912237729 123048.2345344723
139662.2369610163 123026.4745607898
140010.4172648720 123004.7145871073
140053.9398028540 123004.7145871073
140075.7010718450 122982.9546134247
140162.7461478089 122939.4346660597
135309.9831628194 120872.2371662196
140380.3588377188 122743.5949029169
134765.9514380448 121198.6367714575
134983.5641279546 120959.2770609498
135788.7310806210 120654.6374293944
135135.8930108915 120545.8375609817
135397.0282387833 120502.3176136167
136245.7177294317 120437.0376925691
135941.0599635579 120415.2777188866
136811.5107231973 120284.7178767914
137224.9748340260 120023.5981926011
129108.0215003888 119544.8787715855

140685.0166035926 126573.3502710417
140053.9398028540 123200.5543502500
129108.0215003888 119544.8787715855
135397.0282387833 120502.3176136167
135766.9698116301 120611.1174820293
135157.6542798825 120676.3974030769
134874.7577829997 120893.9971399022
140380.3588377188 122743.5949029169
140075.7010718450 122917.6746923772
140119.2236098270 122961.1946397422
140075.7010718450 122961.1946397422
140140.9848788179 122982.9546134247
140119.2236098270 122982.9546134247
140162.7461478089 123004.7145871073
140053.9398028540 123004.7145871073
140032.1785338630 123004.7145871073
140140.9848788179 123026.4745607898
140075.7010718450 123026.4745607898
139662.2369610163 123026.4745607898
140249.7912237729 123048.2345344723
140097.4623408359 123048.2345344723
140097.4623408359 123069.9945081549
140010.4172648720 123135.2744292024

140685.0166035926 126573.3502710417
140053.9398028540 123200.5543502500
140315.0750307458 123157.0344028850
140010.4172648720 123135.2744292024
140097.4623408359 123069.9945081549
129108.0215003888 119544.8787715855
137224.9748340260 120023.5981926011
135941.0599635579 120415.2777188866
135397.0282387833 120502.3176136167
135135.8930108915 120545.8375609817
135788.7310806210 120654.6374293944
134983.5641279546 120959.2770609498
134765.9514380448 121198.6367714575
140380.3588377188 122743.5949029169
140162.7461478089 122939.4346660597
140075.7010718450 122961.1946397422
140075.7010718450 122982.9546134247
140053.9398028540 123004.7145871073
139988.6559958811 123004.7145871073
140140.9848788179 123026.4745607898
140075.7010718450 123026.4745607898
139662.2369610163 123026.4745607898
140249.7912237729 123048.2345344723

140053.9398028540 123200.5543502500
140315.0750307458 123157.0344028850
140010.4172648720 123135.2744292024
129108.0215003888 119544.8787715855
135397.0282387833 120502.3176136167
135766.9698116301 120611.1174820293
135157.6542798825 120676.3974030769
134874.7577829997 120893.9971399022
140380.3588377188 122743.5949029169
140119.2236098270 122961.1946397422
140075.7010718450 122961.1946397422
140140.9848788179 122982.9546134247
140119.2236098270 122982.9546134247
140162.7461478089 123004.7145871073
140053.9398028540 123004.7145871073
140032.1785338630 123004.7145871073
140140.9848788179 123026.4745607898
140075.7010718450 123026.4745607898
139662.2369610163 123026.4745607898
140249.7912237729 123048.2345344723
140097.4623408359 123048.2345344723
140097.4623408359 123069.9945081549
140685.0166035926 126573.3502710417

140685.0166035926 126573.3502710417
140010.4172648720 123135.2744292024
140053.9398028540 123091.7544818374
140097.4623408359 123069.9945081549
140119.2236098270 123069.9945081549
140097.4623408359 123048.2345344723
140249.7912237729 123048.2345344723
139662.2369610163 123026.4745607898
140075.7010718450 123026.4745607898
140140.9848788179 123026.4745607898
139988.6559958811 123004.7145871073
140053.9398028540 123004.7145871073
129108.0215003888 119544.8787715855
137224.9748340260 120023.5981926011
135941.0599635579 120415.2777188866
135397.0282387833 120502.3176136167
135135.8930108915 120545.8375609817
135788.7310806210 120654.6374293944
134983.5641279546 120959.2770609498
134765.9514380448 121198.6367714575
140380.3588377188 122743.5949029169
140162.7461478089 122939.4346660597
140075.7010718450 122961.1946397422

140053.9398028540 123200.5543502500
140010.4172648720 123157.0344028850
140010.4172648720 123135.2744292024
140053.9398028540 123091.7544818374
140075.7010718450 123091.7544818374
140097.4623408359 123069.9945081549
140119.2236098270 123069.9945081549
140249.7912237729 123048.2345344723
140032.1785338630 122852.3947713296
140075.7010718450 122917.6746923772
140140.9848788179 122939.4346660597
140119.2236098270 122961.1946397422
140075.7010718450 122961.1946397422
140140.9848788179 122982.9546134247
140119.2236098270 122982.9546134247
140075.7010718450 122982.9546134247
140010.4172648720 122982.9546134247
140162.7461478089 123004.7145871073
140075.7010718450 123004.7145871073
140249.7912237729 123026.4745607898
140140.9848788179 123026.4745607898
140119.2236098270 123026.4745607898
140075.7010718450 123026.4745607898

140685.0166035926 126573.3502710417
140053.9398028540 123200.5543502500
129108.0215003888 119544.8787715855
137224.9748340260 120023.5981926011
135941.0599635579 120415.2777188866
135397.0282387833 120502.3176136167
135135.8930108915 120545.8375609817
135788.7310806210 120654.6374293944
134983.5641279546 120959.2770609498
140380.3588377188 122743.5949029169
140162.7461478089 122939.4346660597
140075.7010718450 122961.1946397422
140075.7010718450 122982.9546134247
140162.7461478089 123004.7145871073
140053.9398028540 123004.7145871073
140032.1785338630 123004.7145871073
140140.9848788179 123026.4745607898
140075.7010718450 123026.4745607898
139662.2369610163 123026.4745607898
140249.7912237729 123048.2345344723
140097.4623408359 123048.2345344723
140097.4623408359 123069.9945081549
140010.4172648720 123135.2744292024

140685.0166035926 126573.3502710417
140053.9398028540 123200.5543502500
140315.0750307458 123157.0344028850
140010.4172648720 123135.2744292024
129108.0215003888 119544.8787715855
135397.0282387833 120502.3176136167
135766.9698116301 120611.1174820293
135157.6542798825 120676.3974030769
134874.7577829997 120893.9971399022
140380.3588377188 122743.5949029169
140075.7010718450 122917.6746923772
140119.2236098270 122961.1946397422
140075.7010718450 122961.1946397422
140140.9848788179 122982.9546134247
140119.2236098270 122982.9546134247
140162.7461478089 123004.7145871073
140053.9398028540 123004.7145871073
140032.1785338630 123004.7145871073
140140.9848788179 123026.4745607898
140075.7010718450 123026.4745607898
139662.2369610163 123026.4745607898
140249.7912237729 123048.2345344723
140097.4623408359 123048.2345344723

140053.9398028540 123200.5543502500
140053.9398028540 123091.7544818374
140097.4623408359 123069.9945081549
140097.4623408359 123048.2345344723
140249.7912237729 123048.2345344723
139662.2369610163 123026.4745607898
140075.7010718450 123026.4745607898
140140.9848788179 123026.4745607898
140032.1785338630 123004.7145871073
140053.9398028540 123004.7145871073
140162.7461478089 123004.7145871073
140119.2236098270 122982.9546134247
140140.9848788179 122982.9546134247
140075.7010718450 122961.1946397422
140119.2236098270 122961.1946397422
140075.7010718450 122917.6746923772
140380.3588377188 122743.5949029169
129108.0215003888 119544.8787715855
135397.0282387833 120502.3176136167
135766.9698116301 120611.1174820293
135157.6542798825 120676.3974030769
134874.7577829997 120893.9971399022
140075.7010718450 122982.9546134247

140685.0166035926 126573.3502710417
140010.4172648720 123135.2744292024
140053.9398028540 123091.7544818374
140097.4623408359 123069.9945081549
140119.2236098270 123069.9945081549
140097.4623408359 123048.2345344723
140249.7912237729 123048.2345344723
129108.0215003888 119544.8787715855
135397.0282387833 120502.3176136167
135766.9698116301 120611.1174820293
135157.6542798825 120676.3974030769
134874.7577829997 120893.9971399022
140380.3588377188 122743.5949029169
140119.2236098270 122961.1946397422
140075.7010718450 122961.1946397422
140140.9848788179 122982.9546134247
140119.2236098270 122982.9546134247
140162.7461478089 123004.7145871073
140053.9398028540 123004.7145871073
140032.1785338630 123004.7145871073
140140.9848788179 123026.4745607898
140075.7010718450 123026.4745607898
139662.2369610163 123026.4745607898

140010.4172648720 123200.5543502500
140053.9398028540 123200.5543502500
140010.4172648720 123135.2744292024
140053.9398028540 123091.7544818374
140097.4623408359 123069.9945081549
140119.2236098270 123069.9945081549
140097.4623408359 123048.2345344723
140249.7912237729 123048.2345344723
140075.7010718450 123026.4745607898
140097.4623408359 123026.4745607898
140140.9848788179 123026.4745607898
140249.7912237729 123026.4745607898
140162.7461478089 123004.7145871073
140249.7912237729 123004.7145871073
140075.7010718450 122982.9546134247
140119.2236098270 122982.9546134247
140140.9848788179 122982.9546134247
140075.7010718450 122961.1946397422
140119.2236098270 122961.1946397422
140140.9848788179 122917.6746923772
129108.0215003888 119544.8787715855
135397.0282387833 120502.3176136167
140075.7010718450 122917.6746923772

140010.4172648720 123200.5543502500
140053.9398028540 123200.5543502500
140010.4172648720 123135.2744292024
140053.9398028540 123091.7544818374
140097.4623408359 123069.9945081549
140119.2236098270 123069.9945081549
140097.4623408359 123048.2345344723
140249.7912237729 123048.2345344723
140075.7010718450 123026.4745607898
140097.4623408359 123026.4745607898
140140.9848788179 123026.4745607898
140249.7912237729 123026.4745607898
140162.7461478089 123004.7145871073
140249.7912237729 123004.7145871073
129108.0215003888 119544.8787715855
135397.0282387833 120502.3176136167
135179.4155488735 120654.6374293944
140140.9848788179 122917.6746923772
140119.2236098270 122961.1946397422
140075.7010718450 122961.1946397422
140140.9848788179 122982.9546134247
140119.2236098270 122982.9546134247
140075.7010718450 122982.9546134247

129108.0215003888 119544.8787715855
135397.0282387833 120502.3176136167
135179.4155488735 120654.6374293944
134874.7577829997 120893.9971399022
140119.2236098270 122961.1946397422
140140.9848788179 122982.9546134247
140119.2236098270 122982.9546134247
140075.7010718450 122982.9546134247
140010.4172648720 122982.9546134247
140249.7912237729 123004.7145871073
140162.7461478089 123004.7145871073
140053.9398028540 123004.7145871073
140249.7912237729 123026.4745607898
140140.9848788179 123026.4745607898
140097.4623408359 123026.4745607898
140075.7010718450 123026.4745607898
139662.2369610163 123026.4745607898
140249.7912237729 123048.2345344723
140097.4623408359 123048.2345344723
140097.4623408359 123069.9945081549
140010.4172648720 123135.2744292024
140315.0750307458 123157.0344028850
140053.9398028540 123200.5543502500

140053.9398028540 123200.5543502500
140010.4172648720 123135.2744292024
140053.9398028540 123091.7544818374
140271.5524927638 123091.7544818374
140097.4623408359 123069.9945081549
129108.0215003888 119544.8787715855
135397.0282387833 120502.3176136167
135766.9698116301 120611.1174820293
135157.6542798825 120676.3974030769
134874.7577829997 120893.9971399022
140075.7010718450 122961.1946397422
140119.2236098270 122982.9546134247
140075.7010718450 122982.9546134247
140010.4172648720 122982.9546134247
140162.7461478089 123004.7145871073
140053.9398028540 123004.7145871073
139988.6559958811 123004.7145871073
140140.9848788179 123026.4745607898
140097.4623408359 123026.4745607898
140075.7010718450 123026.4745607898
139662.2369610163 123026.4745607898
140249.7912237729 123048.2345344723
140097.4623408359 123048.2345344723

140685.0166035926 126573.3502710417
129108.0215003888 119544.8787715855
135397.0282387833 120502.3176136167
135766.9698116301 120611.1174820293
135157.6542798825 120676.3974030769
134874.7577829997 120893.9971399022
140380.3588377188 122743.5949029169
140075.7010718450 122917.6746923772
140162.7461478089 122939.4346660597
140119.2236098270 122961.1946397422
140075.7010718450 122961.1946397422
140075.7010718450 122982.9546134247
140010.4172648720 122982.9546134247
140053.9398028540 123004.7145871073
140249.7912237729 123026.4745607898
140075.7010718450 123026.4745607898
139662.2369610163 123026.4745607898
140249.7912237729 123048.2345344723
140097.4623408359 123048.2345344723
140097.4623408359 123069.9945081549
140010.4172648720 123135.2744292024
140315.0750307458 123157.0344028850
140053.9398028540 123200.5543502500

140053.9398028540 123200.5543502500
140010.4172648720 123157.0344028850
140010.4172648720 123135.2744292024
140075.7010718450 123091.7544818374
140119.2236098270 123069.9945081549
140053.9398028540 123048.2345344723
140249.7912237729 123048.2345344723
140032.1785338630 123026.4745607898
140075.7010718450 123026.4745607898
140119.2236098270 123026.4745607898
140140.9848788179 123026.4745607898
140249.7912237729 123026.4745607898
140075.7010718450 123004.7145871073
140162.7461478089 123004.7145871073
140010.4172648720 122982.9546134247
140075.7010718450 122982.9546134247
140119.2236098270 122982.9546134247
140140.9848788179 122982.9546134247
140075.7010718450 122961.1946397422
140119.2236098270 122961.1946397422
140140.9848788179 122939.4346660597
140075.7010718450 122917.6746923772
140032.1785338630 122852.3947713296

140053.9398028540 123200.5543502500
140010.4172648720 123135.2744292024
140053.9398028540 123091.7544818374
140097.4623408359 123069.9945081549
140097.4623408359 123048.2345344723
140249.7912237729 123048.2345344723
139662.2369610163 123026.4745607898
140075.7010718450 123026.4745607898
140140.9848788179 123026.4745607898
140249.7912237729 123026.4745607898
129282.1116523166 119631.9186663156
140162.7461478089 123004.7145871073
140010.4172648720 122982.9546134247
140075.7010718450 122982.9546134247
140119.2236098270 122982.9546134247
140140.9848788179 122982.9546134247
140075.7010718450 122961.1946397422
140119.2236098270 122961.1946397422
134874.7577829997 120893.9971399022
135157.6542798825 120676.3974030769
135766.9698116301 120611.1174820293
135397.0282387833 120502.3176136167
129108.0215003888 119544.8787715855

140728.5391415745 126965.0297973272
140619.7327966196 126225.1906921212
139509.9080780794 123418.1540870753
140010.4172648720 123135.2744292024
139988.6559958811 123091.7544818374
140119.2236098270 123069.9945081549
140249.7912237729 123048.2345344723
139662.2369610163 123026.4745607898
140249.7912237729 123026.4745607898
140010.4172648720 123004.7145871073
140075.7010718450 122917.6746923772
139966.8947268901 122895.9147186946
140380.3588377188 122743.5949029169
134765.9514380448 121198.6367714575
134983.5641279546 120959.2770609498
129108.0215003888 119544.8787715855
137224.9748340260 120023.5981926011
136811.5107231973 120284.7178767914
135941.0599635579 120415.2777188866
136245.7177294317 120437.0376925691
135397.0282387833 120502.3176136167
135135.8930108915 120545.8375609817
135788.7310806210 120654.6374293944

140685.0166035926 126573.3502710417
140053.9398028540 123200.5543502500
140315.0750307458 123157.0344028850
140010.4172648720 123135.2744292024
140097.4623408359 123069.9945081549
140097.4623408359 123048.2345344723
140249.7912237729 123048.2345344723
139662.2369610163 123026.4745607898
140075.7010718450 123026.4745607898
140140.9848788179 123026.4745607898
140032.1785338630 123004.7145871073
140053.9398028540 123004.7145871073
140162.7461478089 123004.7145871073
140119.2236098270 122982.9546134247
140140.9848788179 122982.9546134247
129108.0215003888 119544.8787715855
135397.0282387833 120502.3176136167
136049.8663085129 120567.5975346643
135766.9698116301 120611.1174820293
135114.1317419005 120806.9572451721
134874.7577829997 120893.9971399022
140380.3588377188 122743.5949029169
140075.7010718450 122917.6746923772

129108.0215003888 119544.8787715855
135397.0282387833 120502.3176136167
135179.4155488735 120654.6374293944
140140.9848788179 122917.6746923772
140119.2236098270 122961.1946397422
140075.7010718450 122961.1946397422
140140.9848788179 122982.9546134247
140119.2236098270 122982.9546134247
140075.7010718450 122982.9546134247
140010.4172648720 122982.9546134247
140162.7461478089 123004.7145871073
140053.9398028540 123004.7145871073
140140.9848788179 123026.4745607898
140097.4623408359 123026.4745607898
140075.7010718450 123026.4745607898
139662.2369610163 123026.4745607898
140249.7912237729 123048.2345344723
140097.4623408359 123048.2345344723
140097.4623408359 123069.9945081549
140271.5524927638 123091.7544818374
140053.9398028540 123091.7544818374
140010.4172648720 123135.2744292024
140053.9398028540 123200.5543502500

140685.0166035926 126573.3502710417
140010.4172648720 123135.2744292024
139988.6559958811 123091.7544818374
140097.4623408359 123069.9945081549
140119.2236098270 123069.9945081549
140249.7912237729 123048.2345344723
139662.2369610163 123026.4745607898
140010.4172648720 123004.7145871073
140053.9398028540 123004.7145871073
140075.7010718450 122982.9546134247
140162.7461478089 122939.4346660597
140075.7010718450 122917.6746923772
140380.3588377188 122743.5949029169
134765.9514380448 121198.6367714575
134983.5641279546 120959.2770609498
135788.7310806210 120654.6374293944
135135.8930108915 120545.8375609817
135397.0282387833 120502.3176136167
136245.7177294317 120437.0376925691
135941.0599635579 120415.2777188866
129108.0215003888 119544.8787715855
137224.9748340260 120023.5981926011
140075.7010718450 122961.1946397422

140053.9398028540 123200.5543502500
140315.0750307458 123157.0344028850
140010.4172648720 123135.2744292024
140097.4623408359 123069.9945081549
140097.4623408359 123048.2345344723
140249.7912237729 123048.2345344723
139662.2369610163 123026.4745607898
140075.7010718450 123026.4745607898
140249.7912237729 123026.4745607898
140053.9398028540 123004.7145871073
140010.4172648720 122982.9546134247
140075.7010718450 122982.9546134247
140119.2236098270 122982.9546134247
140140.9848788179 122982.9546134247
140075.7010718450 122961.1946397422
140119.2236098270 122961.1946397422
129108.0215003888 119544.8787715855
135397.0282387833 120502.3176136167
135766.9698116301 120611.1174820293
135157.6542798825 120676.3974030769
134874.7577829997 120893.9971399022
140380.3588377188 122743.5949029169
140075.7010718450 122917.6746923772

140097.4623408359 123287.5942449801
140010.4172648720 123157.0344028850
140010.4172648720 123135.2744292024
140075.7010718450 123091.7544818374
140119.2236098270 123069.9945081549
140053.9398028540 123048.2345344723
140249.7912237729 123048.2345344723
140032.1785338630 123026.4745607898
140075.7010718450 123026.4745607898
140119.2236098270 123026.4745607898
140140.9848788179 123026.4745607898
140249.7912237729 123026.4745607898
140075.7010718450 123004.7145871073
140162.7461478089 123004.7145871073
140010.4172648720 122982.9546134247
140075.7010718450 122982.9546134247
140119.2236098270 122982.9546134247
140140.9848788179 122982.9546134247
140075.7010718450 122961.1946397422
140119.2236098270 122961.1946397422
140140.9848788179 122939.4346660597
140075.7010718450 122917.6746923772
129108.0215003888 119544.8787715855

140053.9398028540 123200.5543502500
140010.4172648720 123135.2744292024
140053.9398028540 123091.7544818374
140271.5524927638 123091.7544818374
140097.4623408359 123069.9945081549
140097.4623408359 123048.2345344723
140249.7912237729 123048.2345344723
139662.2369610163 123026.4745607898
140075.7010718450 123026.4745607898
140097.4623408359 123026.4745607898
140140.9848788179 123026.4745607898
140053.9398028540 123004.7145871073
140162.7461478089 123004.7145871073
140010.4172648720 122982.9546134247
140075.7010718450 122982.9546134247
140119.2236098270 122982.9546134247
140140.9848788179 122982.9546134247
140075.7010718450 122961.1946397422
140119.2236098270 122961.1946397422
135157.6542798825 120676.3974030769
129108.0215003888 119544.8787715855
135397.0282387833 120502.3176136167
135179.4155488735 120654.6374293944

140053.9398028540 123200.5543502500
140315.0750307458 123157.0344028850
140010.4172648720 123135.2744292024
140097.4623408359 123069.9945081549
140097.4623408359 123048.2345344723
140249.7912237729 123048.2345344723
139662.2369610163 123026.4745607898
140075.7010718450 123026.4745607898
140249.7912237729 123026.4745607898
129108.0215003888 119544.8787715855
135397.0282387833 120502.3176136167
135766.9698116301 120611.1174820293
135157.6542798825 120676.3974030769
134874.7577829997 120893.9971399022
140380.3588377188 122743.5949029169
140075.7010718450 122917.6746923772
140119.2236098270 122961.1946397422
140075.7010718450 122961.1946397422
140140.9848788179 122982.9546134247
140119.2236098270 122982.9546134247
140162.7461478089 123004.7145871073
140053.9398028540 123004.7145871073
140032.1785338630 123004.7145871073

140097.4623408359 123287.5942449801
140010.4172648720 123157.0344028850
140010.4172648720 123135.2744292024
140075.7010718450 123091.7544818374
140119.2236098270 123069.9945081549
140249.7912237729 123048.2345344723
140032.1785338630 123026.4745607898
140075.7010718450 123026.4745607898
140119.2236098270 123026.4745607898
140140.9848788179 123026.4745607898
140249.7912237729 123026.4745607898
140053.9398028540 123048.2345344723
140075.7010718450 123004.7145871073
140162.7461478089 123004.7145871073
140010.4172648720 122982.9546134247
140075.7010718450 122982.9546134247
140119.2236098270 122982.9546134247
140140.9848788179 122982.9546134247
140075.7010718450 122961.1946397422
140119.2236098270 122961.1946397422
140140.9848788179 122939.4346660597
140075.7010718450 122917.6746923772
140032.1785338630 122852.3947713296

140728.5391415745 126965.0297973272
140053.9398028540 123200.5543502500
140315.0750307458 123157.0344028850
140010.4172648720 123135.2744292024
129108.0215003888 119544.8787715855
135397.0282387833 120502.3176136167
135766.9698116301 120611.1174820293
135157.6542798825 120676.3974030769
134874.7577829997 120893.9971399022
134657.1450930898 121089.8369030449
140380.3588377188 122743.5949029169
140075.7010718450 122917.6746923772
140162.7461478089 122939.4346660597
140075.7010718450 122961.1946397422
140075.7010718450 122982.9546134247
140010.4172648720 122982.9546134247
140053.9398028540 123004.7145871073
139988.6559958811 123004.7145871073
140249.7912237729 123026.4745607898
140075.7010718450 123026.4745607898
139662.2369610163 123026.4745607898
140249.7912237729 123048.2345344723
140097.4623408359 123048.2345344723

140053.9398028540 123200.5543502500
140010.4172648720 123135.2744292024
140053.9398028540 123091.7544818374
140075.7010718450 123091.7544818374
140097.4623408359 123069.9945081549
140249.7912237729 123048.2345344723
140032.1785338630 123026.4745607898
140075.7010718450 123026.4745607898
140119.2236098270 123026.4745607898
140140.9848788179 123026.4745607898
140249.7912237729 123026.4745607898
129108.0215003888 119544.8787715855
140140.9848788179 122917.6746923772
140140.9848788179 122939.4346660597
140119.2236098270 122961.1946397422
140075.7010718450 122961.1946397422
140140.9848788179 122982.9546134247
140119.2236098270 122982.9546134247
140075.7010718450 122982.9546134247
140010.4172648720 122982.9546134247
140184.5074167999 123004.7145871073
140075.7010718450 123004.7145871073
140053.9398028540 123004.7145871073

140663.2553346016 126377.5105078989
139988.6559958811 123396.3941133928
140293.3137617548 123287.5942449801
139923.3721889081 123200.5543502500
140119.2236098270 123048.2345344723
140097.4623408359 123004.7145871073
140075.7010718450 122982.9546134247
139444.6242711064 122961.1946397422
128933.9313484609 117521.2012191105
129108.0215003888 119544.8787715855
137333.7811789809 120088.8781136487
137072.6459510891 120197.6779820613
135941.0599635579 120415.2777188866
136245.7177294317 120437.0376925691
135397.0282387833 120502.3176136167
135135.8930108915 120545.8375609817
135788.7310806210 120654.6374293944
134983.5641279546 120959.2770609498
134765.9514380448 121198.6367714575
140380.3588377188 122743.5949029169
140075.7010718450 122917.6746923772
140053.9398028540 123004.7145871073
140010.4172648720 123004.7145871073

140053.9398028540 123200.5543502500
140010.4172648720 123135.2744292024
140053.9398028540 123091.7544818374
140271.5524927638 123091.7544818374
140097.4623408359 123069.9945081549
140097.4623408359 123048.2345344723
140249.7912237729 123048.2345344723
129108.0215003888 119544.8787715855
135397.0282387833 120502.3176136167
135179.4155488735 120654.6374293944
134874.7577829997 120893.9971399022
140119.2236098270 122961.1946397422
140075.7010718450 122961.1946397422
140140.9848788179 122982.9546134247
140119.2236098270 122982.9546134247
140075.7010718450 122982.9546134247
140010.4172648720 122982.9546134247
140162.7461478089 123004.7145871073
140053.9398028540 123004.7145871073
140140.9848788179 123026.4745607898
140097.4623408359 123026.4745607898
140075.7010718450 123026.4745607898
139662.2369610163 123026.4745607898

140053.9398028540 123200.5543502500
140010.4172648720 123135.2744292024
140053.9398028540 123091.7544818374
140271.5524927638 123091.7544818374
140097.4623408359 123069.9945081549
140097.4623408359 123048.2345344723
140249.7912237729 123048.2345344723
139662.2369610163 123026.4745607898
140075.7010718450 123026.4745607898
140097.4623408359 123026.4745607898
140140.9848788179 123026.4745607898
140249.7912237729 123026.4745607898
140053.9398028540 123004.7145871073
140162.7461478089 123004.7145871073
140249.7912237729 123004.7145871073
140010.4172648720 122982.9546134247
140075.7010718450 122982.9546134247
140119.2236098270 122961.1946397422
129108.0215003888 119544.8787715855
135397.0282387833 120502.3176136167
135766.9698116301 120611.1174820293
135157.6542798825 120676.3974030769
134874.7577829997 120893.9971399022

140728.5391415745 126965.0297973272
140619.7327966196 126225.1906921212
139923.3721889081 123200.5543502500
139988.6559958811 123091.7544818374
140119.2236098270 123048.2345344723
139444.6242711064 122961.1946397422
139966.8947268901 122895.9147186946
140032.1785338630 122852.3947713296
139923.3721889081 122808.8748239645
140249.7912237729 122613.0350608218
134396.0098651980 121285.6766661877
128933.9313484609 117521.2012191105
129108.0215003888 119544.8787715855
137333.7811789809 120088.8781136487
137072.6459510891 120197.6779820613
136680.9431092514 120262.9579031089
135941.0599635579 120415.2777188866
136463.3304193416 120480.5576399342
135397.0282387833 120502.3176136167
135135.8930108915 120545.8375609817
135788.7310806210 120654.6374293944
134983.5641279546 120959.2770609498
134765.9514380448 121198.6367714575

140010.4172648720 123200.5543502500
140053.9398028540 123200.5543502500
140010.4172648720 123135.2744292024
140053.9398028540 123091.7544818374
140075.7010718450 123091.7544818374
140097.4623408359 123069.9945081549
140119.2236098270 123069.9945081549
140249.7912237729 123048.2345344723
140032.1785338630 123026.4745607898
140140.9848788179 123026.4745607898
140249.7912237729 123026.4745607898
129108.0215003888 119544.8787715855
140140.9848788179 122917.6746923772
140119.2236098270 122917.6746923772
140075.7010718450 122917.6746923772
140119.2236098270 122961.1946397422
140140.9848788179 122982.9546134247
140119.2236098270 122982.9546134247
140075.7010718450 122982.9546134247
140010.4172648720 122982.9546134247
140249.7912237729 123004.7145871073
140162.7461478089 123004.7145871073
140097.4623408359 123026.4745607898

140685.0166035926 126573.3502710417
140010.4172648720 123135.2744292024
139988.6559958811 123091.7544818374
140097.4623408359 123069.9945081549
140119.2236098270 123069.9945081549
140249.7912237729 123048.2345344723
139662.2369610163 123026.4745607898
140010.4172648720 123004.7145871073
140053.9398028540 123004.7145871073
140075.7010718450 122982.9546134247
140162.7461478089 122939.4346660597
140075.7010718450 122917.6746923772
140380.3588377188 122743.5949029169
134765.9514380448 121198.6367714575
134983.5641279546 120959.2770609498
135788.7310806210 120654.6374293944
135135.8930108915 120545.8375609817
135397.0282387833 120502.3176136167
136245.7177294317 120437.0376925691
135941.0599635579 120415.2777188866
136811.5107231973 120284.7178767914
137224.9748340260 120023.5981926011
129108.0215003888 119544.8787715855

140685.0166035926 126573.3502710417
140010.4172648720 123135.2744292024
139988.6559958811 123091.7544818374
140097.4623408359 123069.9945081549
140119.2236098270 123069.9945081549
140249.7912237729 123048.2345344723
139662.2369610163 123026.4745607898
140010.4172648720 123004.7145871073
140053.9398028540 123004.7145871073
140075.7010718450 122982.9546134247
140162.7461478089 122939.4346660597
140075.7010718450 122917.6746923772
140380.3588377188 122743.5949029169
129108.0215003888 119544.8787715855
137224.9748340260 120023.5981926011
136811.5107231973 120284.7178767914
135941.0599635579 120415.2777188866
135397.0282387833 120502.3176136167
135135.8930108915 120545.8375609817
135788.7310806210 120654.6374293944
134983.5641279546 120959.2770609498
134765.9514380448 121198.6367714575
140075.7010718450 122961.1946397422

140010.4172648720 123200.5543502500
140053.9398028540 123200.5543502500
140010.4172648720 123135.2744292024
140053.9398028540 123091.7544818374
140097.4623408359 123069.9945081549
140119.2236098270 123069.9945081549
140097.4623408359 123048.2345344723
140249.7912237729 123048.2345344723
140075.7010718450 123026.4745607898
140097.4623408359 123026.4745607898
140140.9848788179 123026.4745607898
140249.7912237729 123026.4745607898
140162.7461478089 123004.7145871073
140249.7912237729 123004.7145871073
140010.4172648720 122982.9546134247
140075.7010718450 122982.9546134247
140119.2236098270 122982.9546134247
140140.9848788179 122982.9546134247
140119.2236098270 122961.1946397422
140075.7010718450 122917.6746923772
140140.9848788179 122917.6746923772
129108.0215003888 119544.8787715855
140119.2236098270 122917.6746923772

140053.9398028540 123200.5543502500
140315.0750307458 123157.0344028850
140010.4172648720 123135.2744292024
140097.4623408359 123069.9945081549
140097.4623408359 123048.2345344723
140249.7912237729 123048.2345344723
139662.2369610163 123026.4745607898
140075.7010718450 123026.4745607898
140249.7912237729 123026.4745607898
139988.6559958811 123004.7145871073
140053.9398028540 123004.7145871073
129108.0215003888 119544.8787715855
137224.9748340260 120023.5981926011
135941.0599635579 120415.2777188866
135397.0282387833 120502.3176136167
135135.8930108915 120545.8375609817
135788.7310806210 120654.6374293944
134983.5641279546 120959.2770609498
140380.3588377188 122743.5949029169
140162.7461478089 122939.4346660597
140075.7010718450 122961.1946397422
140075.7010718450 122982.9546134247
140162.7461478089 123004.7145871073

140010.4172648720 123200.5543502500
140053.9398028540 123200.5543502500
140010.4172648720 123135.2744292024
140119.2236098270 123069.9945081549
140249.7912237729 123048.2345344723
140032.1785338630 123026.4745607898
140075.7010718450 123026.4745607898
140119.2236098270 123026.4745607898
140140.9848788179 123026.4745607898
140249.7912237729 123026.4745607898
140053.9398028540 123004.7145871073
140162.7461478089 123004.7145871073
140184.5074167999 123004.7145871073
129108.0215003888 119544.8787715855
135397.0282387833 120502.3176136167
135179.4155488735 120654.6374293944
140140.9848788179 122917.6746923772
140119.2236098270 122961.1946397422
140075.7010718450 122961.1946397422
140140.9848788179 122982.9546134247
140119.2236098270 122982.9546134247
140075.7010718450 122982.9546134247
140010.4172648720 122982.9546134247

140728.5391415745 126965.0297973272
128933.9313484609 117521.2012191105
129108.0215003888 119544.8787715855
137333.7811789809 120088.8781136487
137072.6459510891 120197.6779820613
135941.0599635579 120415.2777188866
136245.7177294317 120437.0376925691
135397.0282387833 120502.3176136167
135135.8930108915 120545.8375609817
135788.7310806210 120654.6374293944
134983.5641279546 120959.2770609498
134765.9514380448 121198.6367714575
140380.3588377188 122743.5949029169
140075.7010718450 122917.6746923772
140075.7010718450 122982.9546134247
140053.9398028540 123004.7145871073
140010.4172648720 123004.7145871073
139662.2369610163 123026.4745607898
140249.7912237729 123048.2345344723
140119.2236098270 123069.9945081549
140097.4623408359 123069.9945081549
139988.6559958811 123091.7544818374
140010.4172648720 123135.2744292024

140010.4172648720 123200.5543502500
140053.9398028540 123200.5543502500
140010.4172648720 123135.2744292024
140119.2236098270 123069.9945081549
129108.0215003888 119544.8787715855
135397.0282387833 120502.3176136167
135179.4155488735 120654.6374293944
140140.9848788179 122917.6746923772
140119.2236098270 122961.1946397422
140140.9848788179 122982.9546134247
140119.2236098270 122982.9546134247
140075.7010718450 122982.9546134247
140010.4172648720 122982.9546134247
140249.7912237729 123004.7145871073
140162.7461478089 123004.7145871073
140053.9398028540 123004.7145871073
140249.7912237729 123026.4745607898
140140.9848788179 123026.4745607898
140097.4623408359 123026.4745607898
140075.7010718450 123026.4745607898
140249.7912237729 123048.2345344723
140097.4623408359 123048.2345344723
140097.4623408359 123069.9945081549

140685.0166035926 126573.3502710417
140010.4172648720 123135.2744292024
139988.6559958811 123091.7544818374
140097.4623408359 123069.9945081549
140119.2236098270 123069.9945081549
140249.7912237729 123048.2345344723
139662.2369610163 123026.4745607898
140010.4172648720 123004.7145871073
140053.9398028540 123004.7145871073
140075.7010718450 122982.9546134247
140075.7010718450 122917.6746923772
140380.3588377188 122743.5949029169
134765.9514380448 121198.6367714575
129108.0215003888 119544.8787715855
137224.9748340260 120023.5981926011
135941.0599635579 120415.2777188866
135397.0282387833 120502.3176136167
135135.8930108915 120545.8375609817
135788.7310806210 120654.6374293944
134983.5641279546 120959.2770609498
140162.7461478089 122939.4346660597
140075.7010718450 122961.1946397422
140162.7461478089 123004.7145871073

140053.9398028540 123200.5543502500
140010.4172648720 123135.2744292024
140053.9398028540 123091.7544818374
140097.4623408359 123069.9945081549
140119.2236098270 123069.9945081549
140097.4623408359 123048.2345344723
140249.7912237729 123048.2345344723
139662.2369610163 123026.4745607898
140075.7010718450 123026.4745607898
140097.4623408359 123026.4745607898
140140.9848788179 123026.4745607898
140053.9398028540 123004.7145871073
140162.7461478089 123004.7145871073
140010.4172648720 122982.9546134247
140075.7010718450 122982.9546134247
140119.2236098270 122982.9546134247
135745.2085426390 120567.5975346643
140075.7010718450 122961.1946397422
140119.2236098270 122961.1946397422
134874.7577829997 120893.9971399022
129108.0215003888 119544.8787715855
135397.0282387833 120502.3176136167
135179.4155488735 120654.6374293944

140685.0166035926 126573.3502710417
140010.4172648720 123135.2744292024
129108.0215003888 119544.8787715855
137224.9748340260 120023.5981926011
136811.5107231973 120284.7178767914
135941.0599635579 120415.2777188866
135397.0282387833 120502.3176136167
135135.8930108915 120545.8375609817
135788.7310806210 120654.6374293944
134983.5641279546 120959.2770609498
134765.9514380448 121198.6367714575
140380.3588377188 122743.5949029169
140162.7461478089 122939.4346660597
140075.7010718450 122961.1946397422
140075.7010718450 122982.9546134247
140053.9398028540 123004.7145871073
139988.6559958811 123004.7145871073
140140.9848788179 123026.4745607898
140075.7010718450 123026.4745607898
139662.2369610163 123026.4745607898
140249.7912237729 123048.2345344723
140097.4623408359 123048.2345344723
140119.2236098270 123069.9945081549

140010.4172648720 123135.2744292024
140097.4623408359 123069.9945081549
140119.2236098270 123069.9945081549
140097.4623408359 123048.2345344723
140249.7912237729 123048.2345344723
139662.2369610163 123026.4745607898
140075.7010718450 123026.4745607898
140140.9848788179 123026.4745607898
139988.6559958811 123004.7145871073
136398.0466123686 120654.6374293944
140075.7010718450 122982.9546134247
140075.7010718450 122961.1946397422
140162.7461478089 122939.4346660597
140380.3588377188 122743.5949029169
134765.9514380448 121198.6367714575
134983.5641279546 120959.2770609498
135788.7310806210 120654.6374293944
135135.8930108915 120545.8375609817
135397.0282387833 120502.3176136167
135941.0599635579 120415.2777188866
136811.5107231973 120284.7178767914
137224.9748340260 120023.5981926011
129108.0215003888 119544.8787715855

140053.9398028540 123200.5543502500
140010.4172648720 123135.2744292024
140053.9398028540 123091.7544818374
140097.4623408359 123069.9945081549
140097.4623408359 123048.2345344723
140249.7912237729 123048.2345344723
139662.2369610163 123026.4745607898
140075.7010718450 123026.4745607898
140097.4623408359 123026.4745607898
140140.9848788179 123026.4745607898
140249.7912237729 123026.4745607898
140053.9398028540 123004.7145871073
140162.7461478089 123004.7145871073
140010.4172648720 122982.9546134247
140075.7010718450 122982.9546134247
140119.2236098270 122982.9546134247
140140.9848788179 122982.9546134247
140075.7010718450 122961.1946397422
140119.2236098270 122961.1946397422
135114.1317419005 120589.3575083468
135179.4155488735 120654.6374293944
135397.0282387833 120502.3176136167
129108.0215003888 119544.8787715855

140010.4172648720 123200.5543502500
140053.9398028540 123200.5543502500
140010.4172648720 123135.2744292024
140053.9398028540 123091.7544818374
140097.4623408359 123069.9945081549
140119.2236098270 123069.9945081549
140097.4623408359 123048.2345344723
140249.7912237729 123048.2345344723
140075.7010718450 123026.4745607898
140097.4623408359 123026.4745607898
140140.9848788179 123026.4745607898
140249.7912237729 123026.4745607898
140162.7461478089 123004.7145871073
140249.7912237729 123004.7145871073
140010.4172648720 122982.9546134247
140075.7010718450 122982.9546134247
140119.2236098270 122982.9546134247
140140.9848788179 122982.9546134247
140119.2236098270 122961.1946397422
129108.0215003888 119544.8787715855
135397.0282387833 120502.3176136167
135179.4155488735 120654.6374293944
134874.7577829997 120893.9971399022

140663.2553346016 126377.5105078989
139988.6559958811 123396.3941133928
140293.3137617548 123287.5942449801
139923.3721889081 123200.5543502500
140119.2236098270 123048.2345344723
140097.4623408359 123004.7145871073
140075.7010718450 122982.9546134247
139444.6242711064 122961.1946397422
128825.1250035060 117978.1606664436
140032.1785338630 122852.3947713296
140249.7912237729 122613.0350608218
128933.9313484609 117521.2012191105
129108.0215003888 119544.8787715855
137333.7811789809 120088.8781136487
137072.6459510891 120197.6779820613
136680.9431092514 120262.9579031089
135941.0599635579 120415.2777188866
136463.3304193416 120480.5576399342
135397.0282387833 120502.3176136167
135135.8930108915 120545.8375609817
135788.7310806210 120654.6374293944
134983.5641279546 120959.2770609498
134765.9514380448 121198.6367714575

140728.5391415745 126965.0297973272
140619.7327966196 126225.1906921212
129325.6341902986 117151.2816665076
137246.7361030170 117173.0416401901
129934.9497220462 117303.6014822852
130870.6842886585 117455.9212980629
139074.6826982597 117564.7211664756
128955.6926174519 117825.8408506659
133656.1267195045 118609.1999032368
128281.0932787313 118652.7198506019
129108.0215003888 119544.8787715855
131828.1801242618 119805.9984557758
137224.9748340260 120023.5981926011
138117.1868626564 120110.6380873312
139488.1468090884 120154.1580346963
135941.0599635579 120415.2777188866
133307.9464156488 120632.8774557118
138138.9481316474 120981.0370346323
139118.2052362417 121176.8767977750
134221.9197132701 121350.9565872352
137921.3354417375 116955.4419033648
136637.4205712694 123004.7145871073
138443.6058975211 123679.2737712656

140728.5391415745 126965.0297973272
140619.7327966196 126225.1906921212
129325.6341902986 117151.2816665076
137246.7361030170 117173.0416401901
129934.9497220462 117303.6014822852
130870.6842886585 117455.9212980629
139074.6826982597 117564.7211664756
128955.6926174519 117825.8408506659
133656.1267195045 118609.1999032368
128281.0932787313 118652.7198506019
129108.0215003888 119544.8787715855
131828.1801242618 119805.9984557758
137224.9748340260 120023.5981926011
138117.1868626564 120110.6380873312
139488.1468090884 120154.1580346963
135941.0599635579 120415.2777188866
133307.9464156488 120632.8774557118
138138.9481316474 120981.0370346323
139118.2052362417 121176.8767977750
134221.9197132701 121350.9565872352
137725.4840208187 121481.5164293304
136637.4205712694 123004.7145871073
138443.6058975211 123679.2737712656

140053.9398028540 123200.5543502500
140010.4172648720 123135.2744292024
140097.4623408359 123069.9945081549
140119.2236098270 123069.9945081549
140097.4623408359 123048.2345344723
140249.7912237729 123048.2345344723
139662.2369610163 123026.4745607898
140075.7010718450 123026.4745607898
140140.9848788179 123026.4745607898
139988.6559958811 123004.7145871073
140053.9398028540 123004.7145871073
140075.7010718450 122982.9546134247
140075.7010718450 122961.1946397422
140162.7461478089 122939.4346660597
140380.3588377188 122743.5949029169
129108.0215003888 119544.8787715855
137224.9748340260 120023.5981926011
135941.0599635579 120415.2777188866
135397.0282387833 120502.3176136167
135135.8930108915 120545.8375609817
135788.7310806210 120654.6374293944
134983.5641279546 120959.2770609498
140162.7461478089 123004.7145871073

140010.4172648720 123200.5543502500
140053.9398028540 123200.5543502500
140010.4172648720 123135.2744292024
140119.2236098270 123069.9945081549
140249.7912237729 123048.2345344723
140032.1785338630 123026.4745607898
140075.7010718450 123026.4745607898
140119.2236098270 123026.4745607898
140140.9848788179 123026.4745607898
140249.7912237729 123026.4745607898
140053.9398028540 123004.7145871073
140162.7461478089 123004.7145871073
140184.5074167999 123004.7145871073
140010.4172648720 122982.9546134247
140075.7010718450 122982.9546134247
140119.2236098270 122982.9546134247
140140.9848788179 122982.9546134247
140075.7010718450 122961.1946397422
140119.2236098270 122961.1946397422
140140.9848788179 122917.6746923772
129108.0215003888 119544.8787715855
135397.0282387833 120502.3176136167
140075.7010718450 122917.6746923772

140685.0166035926 126573.3502710417
140010.4172648720 123135.2744292024
139988.6559958811 123091.7544818374
140097.4623408359 123069.9945081549
140119.2236098270 123069.9945081549
140249.7912237729 123048.2345344723
139662.2369610163 123026.4745607898
140249.7912237729 123026.4745607898
140053.9398028540 123004.7145871073
140075.7010718450 122982.9546134247
140075.7010718450 122961.1946397422
140162.7461478089 122939.4346660597
140075.7010718450 122917.6746923772
140380.3588377188 122743.5949029169
129108.0215003888 119544.8787715855
137224.9748340260 120023.5981926011
136811.5107231973 120284.7178767914
135941.0599635579 120415.2777188866
135397.0282387833 120502.3176136167
135135.8930108915 120545.8375609817
135788.7310806210 120654.6374293944
134983.5641279546 120959.2770609498
134765.9514380448 121198.6367714575

140053.9398028540 123200.5543502500
140315.0750307458 123157.0344028850
140010.4172648720 123135.2744292024
140097.4623408359 123069.9945081549
140097.4623408359 123048.2345344723
140249.7912237729 123048.2345344723
139662.2369610163 123026.4745607898
140075.7010718450 123026.4745607898
140140.9848788179 123026.4745607898
140032.1785338630 123004.7145871073
140053.9398028540 123004.7145871073
140162.7461478089 123004.7145871073
140075.7010718450 122982.9546134247
140075.7010718450 122961.1946397422
140162.7461478089 122939.4346660597
140380.3588377188 122743.5949029169
129108.0215003888 119544.8787715855
135397.0282387833 120502.3176136167
136049.8663085129 120567.5975346643
135766.9698116301 120611.1174820293
135114.1317419005 120632.8774557118
135114.1317419005 120806.9572451721
134852.9965140087 120893.9971399022

140685.0166035926 126573.3502710417
140010.4172648720 123135.2744292024
140053.9398028540 123091.7544818374
140097.4623408359 123069.9945081549
140097.4623408359 123048.2345344723
140249.7912237729 123048.2345344723
139662.2369610163 123026.4745607898
140075.7010718450 123026.4745607898
140140.9848788179 123026.4745607898
140032.1785338630 123004.7145871073
140053.9398028540 123004.7145871073
140162.7461478089 123004.7145871073
140119.2236098270 122982.9546134247
140140.9848788179 122982.9546134247
140075.7010718450 122961.1946397422
140119.2236098270 122961.1946397422
129108.0215003888 119544.8787715855
135397.0282387833 120502.3176136167
135766.9698116301 120611.1174820293
135157.6542798825 120676.3974030769
134874.7577829997 120893.9971399022
134657.1450930898 121089.8369030449
140380.3588377188 122743.5949029169

136811.5107231973 120284.7178767914
140010.4172648720 123135.2744292024
140097.4623408359 123069.9945081549
140119.2236098270 123069.9945081549
140097.4623408359 123048.2345344723
140249.7912237729 123048.2345344723
139662.2369610163 123026.4745607898
140075.7010718450 123026.4745607898
140140.9848788179 123026.4745607898
139988.6559958811 123004.7145871073
140053.9398028540 123004.7145871073
140075.7010718450 122982.9546134247
140075.7010718450 122961.1946397422
140162.7461478089 122939.4346660597
140380.3588377188 122743.5949029169
134765.9514380448 121198.6367714575
134983.5641279546 120959.2770609498
135788.7310806210 120654.6374293944
135135.8930108915 120545.8375609817
135397.0282387833 120502.3176136167
129108.0215003888 119544.8787715855
137224.9748340260 120023.5981926011
135941.0599635579 120415.2777188866

140010.4172648720 123200.5543502500
140053.9398028540 123200.5543502500
129108.0215003888 119544.8787715855
135397.0282387833 120502.3176136167
135179.4155488735 120654.6374293944
140140.9848788179 122917.6746923772
140119.2236098270 122961.1946397422
140075.7010718450 122961.1946397422
140140.9848788179 122982.9546134247
140119.2236098270 122982.9546134247
140075.7010718450 122982.9546134247
140010.4172648720 122982.9546134247
140184.5074167999 123004.7145871073
140162.7461478089 123004.7145871073
140053.9398028540 123004.7145871073
140249.7912237729 123026.4745607898
140140.9848788179 123026.4745607898
140119.2236098270 123026.4745607898
140075.7010718450 123026.4745607898
140032.1785338630 123026.4745607898
140119.2236098270 123069.9945081549
140097.4623408359 123069.9945081549
140053.9398028540 123091.7544818374

140053.9398028540 123200.5543502500
140010.4172648720 123135.2744292024
140053.9398028540 123091.7544818374
140097.4623408359 123069.9945081549
140097.4623408359 123048.2345344723
140249.7912237729 123048.2345344723
139662.2369610163 123026.4745607898
140075.7010718450 123026.4745607898
140097.4623408359 123026.4745607898
140140.9848788179 123026.4745607898
140249.7912237729 123026.4745607898
140053.9398028540 123004.7145871073
140162.7461478089 123004.7145871073
135592.8796597022 120567.5975346643
140075.7010718450 122982.9546134247
140119.2236098270 122982.9546134247
140140.9848788179 122982.9546134247
140075.7010718450 122961.1946397422
140119.2236098270 122961.1946397422
129108.0215003888 119544.8787715855
135397.0282387833 120502.3176136167
135179.4155488735 120654.6374293944
134874.7577829997 120893.9971399022

140685.0166035926 126573.3502710417
140010.4172648720 123135.2744292024
139988.6559958811 123091.7544818374
140097.4623408359 123069.9945081549
140119.2236098270 123069.9945081549
140249.7912237729 123048.2345344723
139662.2369610163 123026.4745607898
140249.7912237729 123026.4745607898
139988.6559958811 123004.7145871073
140010.4172648720 123004.7145871073
140053.9398028540 123004.7145871073
140075.7010718450 122982.9546134247
140075.7010718450 122961.1946397422
129108.0215003888 119544.8787715855
135397.0282387833 120502.3176136167
135766.9698116301 120611.1174820293
135157.6542798825 120676.3974030769
134874.7577829997 120893.9971399022
140380.3588377188 122743.5949029169
140075.7010718450 122917.6746923772
140119.2236098270 122961.1946397422
140140.9848788179 122982.9546134247
140119.2236098270 122982.9546134247

140053.9398028540 123200.5543502500
140010.4172648720 123135.2744292024
140053.9398028540 123091.7544818374
140097.4623408359 123069.9945081549
140097.4623408359 123048.2345344723
140249.7912237729 123048.2345344723
139662.2369610163 123026.4745607898
140075.7010718450 123026.4745607898
140140.9848788179 123026.4745607898
140032.1785338630 123004.7145871073
140053.9398028540 123004.7145871073
140162.7461478089 123004.7145871073
140010.4172648720 122982.9546134247
140075.7010718450 122982.9546134247
140119.2236098270 122982.9546134247
140140.9848788179 122982.9546134247
140119.2236098270 122961.1946397422
129108.0215003888 119544.8787715855
135397.0282387833 120502.3176136167
135766.9698116301 120611.1174820293
135157.6542798825 120676.3974030769
134874.7577829997 120893.9971399022
140380.3588377188 122743.5949029169

140053.9398028540 123200.5543502500
140010.4172648720 123135.2744292024
140053.9398028540 123091.7544818374
140097.4623408359 123069.9945081549
140097.4623408359 123048.2345344723
140249.7912237729 123048.2345344723
139662.2369610163 123026.4745607898
140075.7010718450 123026.4745607898
140140.9848788179 123026.4745607898
140249.7912237729 123026.4745607898
140053.9398028540 123004.7145871073
140162.7461478089 123004.7145871073
140010.4172648720 122982.9546134247
140075.7010718450 122982.9546134247
140119.2236098270 122982.9546134247
140140.9848788179 122982.9546134247
140075.7010718450 122961.1946397422
140119.2236098270 122961.1946397422
134874.7577829997 120893.9971399022
135157.6542798825 120676.3974030769
129108.0215003888 119544.8787715855
135397.0282387833 120502.3176136167
135179.4155488735 120654.6374293944

140053.9398028540 123200.5543502500
140010.4172648720 123135.2744292024
140053.9398028540 123091.7544818374
140097.4623408359 123069.9945081549
140119.2236098270 123069.9945081549
140097.4623408359 123048.2345344723
140249.7912237729 123048.2345344723
139662.2369610163 123026.4745607898
140075.7010718450 123026.4745607898
140097.4623408359 123026.4745607898
140140.9848788179 123026.4745607898
140053.9398028540 123004.7145871073
140162.7461478089 123004.7145871073
129108.0215003888 119544.8787715855
135397.0282387833 120502.3176136167
135179.4155488735 120654.6374293944
140140.9848788179 122917.6746923772
140119.2236098270 122961.1946397422
140140.9848788179 122982.9546134247
140119.2236098270 122982.9546134247
140075.7010718450 122982.9546134247
140010.4172648720 122982.9546134247
140249.7912237729 123004.7145871073

140097.4623408359 123287.5942449801
140010.4172648720 123157.0344028850
140010.4172648720 123135.2744292024
140053.9398028540 123091.7544818374
140075.7010718450 123091.7544818374
140097.4623408359 123069.9945081549
140119.2236098270 123069.9945081549
129108.0215003888 119544.8787715855
135397.0282387833 120502.3176136167
140140.9848788179 122917.6746923772
140075.7010718450 122917.6746923772
140119.2236098270 122961.1946397422
140140.9848788179 122982.9546134247
140119.2236098270 122982.9546134247
140075.7010718450 122982.9546134247
140010.4172648720 122982.9546134247
140249.7912237729 123004.7145871073
140162.7461478089 123004.7145871073
140053.9398028540 123004.7145871073
140249.7912237729 123026.4745607898
140140.9848788179 123026.4745607898
140097.4623408359 123026.4745607898
140075.7010718450 123026.4745607898

140053.9398028540 123200.5543502500
140315.0750307458 123157.0344028850
140010.4172648720 123135.2744292024
140097.4623408359 123069.9945081549
140097.4623408359 123048.2345344723
140249.7912237729 123048.2345344723
139662.2369610163 123026.4745607898
140075.7010718450 123026.4745607898
140140.9848788179 123026.4745607898
135658.1634666751 120437.0376925691
140053.9398028540 123004.7145871073
140162.7461478089 123004.7145871073
140010.4172648720 122982.9546134247
140075.7010718450 122982.9546134247
140119.2236098270 122982.9546134247
140140.9848788179 122982.9546134247
140075.7010718450 122961.1946397422
140119.2236098270 122961.1946397422
140075.7010718450 122917.6746923772
134874.7577829997 120893.9971399022
135179.4155488735 120654.6374293944
135397.0282387833 120502.3176136167
129108.0215003888 119544.8787715855

129108.0215003888 119544.8787715855
135397.0282387833 120502.3176136167
135179.4155488735 120654.6374293944
140140.9848788179 122917.6746923772
140119.2236098270 122961.1946397422
140075.7010718450 122961.1946397422
140119.2236098270 122982.9546134247
140075.7010718450 122982.9546134247
140010.4172648720 122982.9546134247
140162.7461478089 123004.7145871073
140053.9398028540 123004.7145871073
140249.7912237729 123026.4745607898
140140.9848788179 123026.4745607898
140097.4623408359 123026.4745607898
140075.7010718450 123026.4745607898
139662.2369610163 123026.4745607898
140249.7912237729 123048.2345344723
140097.4623408359 123048.2345344723
140075.7010718450 123048.2345344723
140097.4623408359 123069.9945081549
140010.4172648720 123135.2744292024
140315.0750307458 123157.0344028850
140053.9398028540 123200.5543502500

140053.9398028540 123200.5543502500
140010.4172648720 123135.2744292024
140053.9398028540 123091.7544818374
140119.2236098270 123069.9945081549
140249.7912237729 123048.2345344723
140032.1785338630 123026.4745607898
140075.7010718450 123026.4745607898
140119.2236098270 123026.4745607898
140140.9848788179 123026.4745607898
140249.7912237729 123026.4745607898
140053.9398028540 123004.7145871073
140162.7461478089 123004.7145871073
140184.5074167999 123004.7145871073
140010.4172648720 122982.9546134247
140075.7010718450 122982.9546134247
140119.2236098270 122982.9546134247
140140.9848788179 122982.9546134247
140075.7010718450 122961.1946397422
140119.2236098270 122961.1946397422
140075.7010718450 122917.6746923772
140140.9848788179 122917.6746923772
129108.0215003888 119544.8787715855
140140.9848788179 122939.4346660597

140053.9398028540 123200.5543502500
140010.4172648720 123135.2744292024
140053.9398028540 123091.7544818374
140097.4623408359 123069.9945081549
140119.2236098270 123069.9945081549
140032.1785338630 123026.4745607898
140075.7010718450 123026.4745607898
140119.2236098270 123026.4745607898
140140.9848788179 123026.4745607898
140249.7912237729 123026.4745607898
140053.9398028540 123004.7145871073
140162.7461478089 123004.7145871073
140184.5074167999 123004.7145871073
140010.4172648720 122982.9546134247
140075.7010718450 122982.9546134247
140119.2236098270 122982.9546134247
140140.9848788179 122982.9546134247
140075.7010718450 122961.1946397422
140119.2236098270 122961.1946397422
140075.7010718450 122917.6746923772
140140.9848788179 122917.6746923772
129108.0215003888 119544.8787715855
140140.9848788179 122939.4346660597

140053.9398028540 123200.5543502500
140010.4172648720 123135.2744292024
140053.9398028540 123091.7544818374
140097.4623408359 123069.9945081549
140119.2236098270 123069.9945081549
140097.4623408359 123048.2345344723
140249.7912237729 123048.2345344723
140075.7010718450 123026.4745607898
140097.4623408359 123026.4745607898
140140.9848788179 123026.4745607898
140249.7912237729 123026.4745607898
140053.9398028540 123004.7145871073
140162.7461478089 123004.7145871073
140249.7912237729 123004.7145871073
140010.4172648720 122982.9546134247
140075.7010718450 122982.9546134247
140119.2236098270 122982.9546134247
140140.9848788179 122982.9546134247
140119.2236098270 122961.1946397422
140075.7010718450 122917.6746923772
140140.9848788179 122917.6746923772
129108.0215003888 119544.8787715855
140140.9848788179 122939.4346660597

140053.9398028540 123200.5543502500
140010.4172648720 123135.2744292024
140053.9398028540 123091.7544818374
140119.2236098270 123069.9945081549
140249.7912237729 123048.2345344723
140032.1785338630 123026.4745607898
140075.7010718450 123026.4745607898
140119.2236098270 123026.4745607898
140140.9848788179 123026.4745607898
129108.0215003888 119544.8787715855
135397.0282387833 120502.3176136167
135179.4155488735 120654.6374293944
140140.9848788179 122917.6746923772
140119.2236098270 122961.1946397422
140140.9848788179 122982.9546134247
140119.2236098270 122982.9546134247
140075.7010718450 122982.9546134247
140010.4172648720 122982.9546134247
140249.7912237729 123004.7145871073
140162.7461478089 123004.7145871073
140053.9398028540 123004.7145871073
140249.7912237729 123026.4745607898
140097.4623408359 123026.4745607898

140053.9398028540 123200.5543502500
140010.4172648720 123135.2744292024
140053.9398028540 123091.7544818374
140097.4623408359 123069.9945081549
140097.4623408359 123048.2345344723
140249.7912237729 123048.2345344723
139662.2369610163 123026.4745607898
140075.7010718450 123026.4745607898
140140.9848788179 123026.4745607898
140249.7912237729 123026.4745607898
135418.7895077743 120589.3575083468
140162.7461478089 123004.7145871073
140010.4172648720 122982.9546134247
140075.7010718450 122982.9546134247
140119.2236098270 122982.9546134247
140140.9848788179 122982.9546134247
140075.7010718450 122961.1946397422
140119.2236098270 122961.1946397422
134874.7577829997 120893.9971399022
135157.6542798825 120676.3974030769
135766.9698116301 120611.1174820293
135397.0282387833 120502.3176136167
129108.0215003888 119544.8787715855

140097.4623408359 123287.5942449801
140053.9398028540 123200.5543502500
129108.0215003888 119544.8787715855
135397.0282387833 120502.3176136167
135179.4155488735 120654.6374293944
140140.9848788179 122917.6746923772
140119.2236098270 122961.1946397422
140140.9848788179 122982.9546134247
140119.2236098270 122982.9546134247
140075.7010718450 122982.9546134247
140010.4172648720 122982.9546134247
140249.7912237729 123004.7145871073
140162.7461478089 123004.7145871073
140249.7912237729 123026.4745607898
140140.9848788179 123026.4745607898
140097.4623408359 123026.4745607898
140075.7010718450 123026.4745607898
140249.7912237729 123048.2345344723
140097.4623408359 123048.2345344723
140119.2236098270 123069.9945081549
140097.4623408359 123069.9945081549
140053.9398028540 123091.7544818374
140010.4172648720 123135.2744292024

140053.9398028540 123200.5543502500
140010.4172648720 123135.2744292024
140053.9398028540 123091.7544818374
140097.4623408359 123069.9945081549
140119.2236098270 123069.9945081549
140097.4623408359 123048.2345344723
140249.7912237729 123048.2345344723
140075.7010718450 123026.4745607898
140097.4623408359 123026.4745607898
140140.9848788179 123026.4745607898
140249.7912237729 123026.4745607898
140053.9398028540 123004.7145871073
140162.7461478089 123004.7145871073
140249.7912237729 123004.7145871073
140010.4172648720 122982.9546134247
140075.7010718450 122982.9546134247
140119.2236098270 122982.9546134247
140140.9848788179 122982.9546134247
140119.2236098270 122961.1946397422
140140.9848788179 122917.6746923772
129108.0215003888 119544.8787715855
135397.0282387833 120502.3176136167
140075.7010718450 122917.6746923772

140663.2553346016 127008.5497446922
140053.9398028540 123200.5543502500
140315.0750307458 123157.0344028850
140010.4172648720 123135.2744292024
128933.9313484609 117521.2012191105
129108.0215003888 119544.8787715855
137333.7811789809 120088.8781136487
137072.6459510891 120197.6779820613
135941.0599635579 120415.2777188866
135397.0282387833 120502.3176136167
135135.8930108915 120545.8375609817
135788.7310806210 120654.6374293944
134983.5641279546 120959.2770609498
134765.9514380448 121198.6367714575
140380.3588377188 122743.5949029169
140075.7010718450 122917.6746923772
140075.7010718450 122982.9546134247
140053.9398028540 123004.7145871073
140010.4172648720 123004.7145871073
140249.7912237729 123026.4745607898
139662.2369610163 123026.4745607898
140249.7912237729 123048.2345344723
140119.2236098270 123069.9945081549

140053.9398028540 123200.5543502500
140010.4172648720 123157.0344028850
140010.4172648720 123135.2744292024
140053.9398028540 123091.7544818374
140075.7010718450 123091.7544818374
140097.4623408359 123069.9945081549
140119.2236098270 123069.9945081549
140032.1785338630 122852.3947713296
140075.7010718450 122917.6746923772
140140.9848788179 122939.4346660597
140119.2236098270 122961.1946397422
140075.7010718450 122961.1946397422
140140.9848788179 122982.9546134247
140119.2236098270 122982.9546134247
140075.7010718450 122982.9546134247
140010.4172648720 122982.9546134247
140162.7461478089 123004.7145871073
140075.7010718450 123004.7145871073
140053.9398028540 123004.7145871073
140249.7912237729 123026.4745607898
140140.9848788179 123026.4745607898
140119.2236098270 123026.4745607898
140075.7010718450 123026.4745607898

140728.5391415745 126965.0297973272
140619.7327966196 126225.1906921212
139923.3721889081 123200.5543502500
139988.6559958811 123091.7544818374
140119.2236098270 123048.2345344723
139444.6242711064 122961.1946397422
139966.8947268901 122895.9147186946
140032.1785338630 122852.3947713296
139705.7594989983 123309.3542186627
140249.7912237729 122613.0350608218
134396.0098651980 121285.6766661877
134765.9514380448 121198.6367714575
134983.5641279546 120959.2770609498
135788.7310806210 120654.6374293944
135135.8930108915 120545.8375609817
135397.0282387833 120502.3176136167
136463.3304193416 120480.5576399342
135941.0599635579 120415.2777188866
136680.9431092514 120262.9579031089
137072.6459510891 120197.6779820613
137333.7811789809 120088.8781136487
129108.0215003888 119544.8787715855
128933.9313484609 117521.2012191105

140053.9398028540 123200.5543502500
140010.4172648720 123157.0344028850
140010.4172648720 123135.2744292024
140053.9398028540 123091.7544818374
140075.7010718450 123091.7544818374
140097.4623408359 123069.9945081549
140119.2236098270 123069.9945081549
129108.0215003888 119544.8787715855
140140.9848788179 122917.6746923772
140140.9848788179 122939.4346660597
140119.2236098270 122961.1946397422
140075.7010718450 122961.1946397422
140140.9848788179 122982.9546134247
140119.2236098270 122982.9546134247
140075.7010718450 122982.9546134247
140010.4172648720 122982.9546134247
140184.5074167999 123004.7145871073
140162.7461478089 123004.7145871073
140053.9398028540 123004.7145871073
140249.7912237729 123026.4745607898
140140.9848788179 123026.4745607898
140119.2236098270 123026.4745607898
140075.7010718450 123026.4745607898

140685.0166035926 126573.3502710417
140010.4172648720 123135.2744292024
139988.6559958811 123091.7544818374
140097.4623408359 123069.9945081549
140119.2236098270 123069.9945081549
140249.7912237729 123048.2345344723
139662.2369610163 123026.4745607898
140249.7912237729 123026.4745607898
140010.4172648720 123004.7145871073
140053.9398028540 123004.7145871073
140075.7010718450 122982.9546134247
140075.7010718450 122961.1946397422
140162.7461478089 122939.4346660597
140075.7010718450 122917.6746923772
140380.3588377188 122743.5949029169
129108.0215003888 119544.8787715855
135397.0282387833 120502.3176136167
136049.8663085129 120567.5975346643
135766.9698116301 120611.1174820293
135114.1317419005 120806.9572451721
134874.7577829997 120893.9971399022
140119.2236098270 122961.1946397422
140140.9848788179 122982.9546134247

129108.0215003888 119544.8787715855
135397.0282387833 120502.3176136167
135766.9698116301 120611.1174820293
135157.6542798825 120676.3974030769
134874.7577829997 120893.9971399022
140380.3588377188 122743.5949029169
140075.7010718450 122917.6746923772
140119.2236098270 122961.1946397422
135266.4606248374 120524.0775872992
140140.9848788179 122982.9546134247
140119.2236098270 122982.9546134247
140162.7461478089 123004.7145871073
140053.9398028540 123004.7145871073
140032.1785338630 123004.7145871073
140140.9848788179 123026.4745607898
140075.7010718450 123026.4745607898
139662.2369610163 123026.4745607898
140249.7912237729 123048.2345344723
140097.4623408359 123048.2345344723
140097.4623408359 123069.9945081549
140010.4172648720 123135.2744292024
140315.0750307458 123157.0344028850
140053.9398028540 123200.5543502500

140663.2553346016 127008.5497446922
128933.9313484609 117521.2012191105
129108.0215003888 119544.8787715855
137333.7811789809 120088.8781136487
137072.6459510891 120197.6779820613
135941.0599635579 120415.2777188866
136245.7177294317 120437.0376925691
135397.0282387833 120502.3176136167
135135.8930108915 120545.8375609817
135788.7310806210 120654.6374293944
134983.5641279546 120959.2770609498
134765.9514380448 121198.6367714575
140380.3588377188 122743.5949029169
140075.7010718450 122917.6746923772
140075.7010718450 122982.9546134247
140053.9398028540 123004.7145871073
140010.4172648720 123004.7145871073
139662.2369610163 123026.4745607898
140249.7912237729 123048.2345344723
140119.2236098270 123069.9945081549
140097.4623408359 123069.9945081549
139988.6559958811 123091.7544818374
140010.4172648720 123135.2744292024

140728.5391415745 126965.0297973272
140619.7327966196 126225.1906921212
139923.3721889081 123200.5543502500
136289.2402674137 120676.3974030769
140119.2236098270 123048.2345344723
139444.6242711064 122961.1946397422
139966.8947268901 122895.9147186946
140032.1785338630 122852.3947713296
139923.3721889081 122808.8748239645
140249.7912237729 122613.0350608218
134396.0098651980 121285.6766661877
134765.9514380448 121198.6367714575
134983.5641279546 120959.2770609498
135788.7310806210 120654.6374293944
135135.8930108915 120545.8375609817
135397.0282387833 120502.3176136167
136463.3304193416 120480.5576399342
135941.0599635579 120415.2777188866
136680.9431092514 120262.9579031089
137072.6459510891 120197.6779820613
137333.7811789809 120088.8781136487
129108.0215003888 119544.8787715855
128933.9313484609 117521.2012191105

140053.9398028540 123200.5543502500
140315.0750307458 123157.0344028850
140010.4172648720 123135.2744292024
140097.4623408359 123069.9945081549
140097.4623408359 123048.2345344723
140249.7912237729 123048.2345344723
139662.2369610163 123026.4745607898
140075.7010718450 123026.4745607898
140097.4623408359 123026.4745607898
140140.9848788179 123026.4745607898
140249.7912237729 123026.4745607898
129108.0215003888 119544.8787715855
135397.0282387833 120502.3176136167
135179.4155488735 120654.6374293944
134874.7577829997 120893.9971399022
140119.2236098270 122961.1946397422
140075.7010718450 122961.1946397422
140140.9848788179 122982.9546134247
140119.2236098270 122982.9546134247
140075.7010718450 122982.9546134247
140010.4172648720 122982.9546134247
140162.7461478089 123004.7145871073
140053.9398028540 123004.7145871073

140053.9398028540 123200.5543502500
140010.4172648720 123135.2744292024
140053.9398028540 123091.7544818374
140097.4623408359 123069.9945081549
140119.2236098270 123069.9945081549
140032.1785338630 123026.4745607898
140075.7010718450 123026.4745607898
140119.2236098270 123026.4745607898
140140.9848788179 123026.4745607898
140249.7912237729 123026.4745607898
129108.0215003888 119544.8787715855
135397.0282387833 120502.3176136167
135179.4155488735 120654.6374293944
140140.9848788179 122917.6746923772
140119.2236098270 122961.1946397422
140075.7010718450 122961.1946397422
140140.9848788179 122982.9546134247
140119.2236098270 122982.9546134247
140075.7010718450 122982.9546134247
140010.4172648720 122982.9546134247
140184.5074167999 123004.7145871073
140162.7461478089 123004.7145871073
140053.9398028540 123004.7145871073

140053.9398028540 123200.5543502500
140315.0750307458 123157.0344028850
140010.4172648720 123135.2744292024
140097.4623408359 123069.9945081549
140097.4623408359 123048.2345344723
140249.7912237729 123048.2345344723
139662.2369610163 123026.4745607898
140075.7010718450 123026.4745607898
140249.7912237729 123026.4745607898
139988.6559958811 123004.7145871073
140053.9398028540 123004.7145871073
140010.4172648720 122982.9546134247
140075.7010718450 122982.9546134247
140075.7010718450 122961.1946397422
129108.0215003888 119544.8787715855
137224.9748340260 120023.5981926011
135941.0599635579 120415.2777188866
135397.0282387833 120502.3176136167
135135.8930108915 120545.8375609817
135788.7310806210 120654.6374293944
134983.5641279546 120959.2770609498
140380.3588377188 122743.5949029169
140162.7461478089 122939.4346660597

140053.9398028540 123200.5543502500
140010.4172648720 123135.2744292024
140053.9398028540 123091.7544818374
140097.4623408359 123069.9945081549
129108.0215003888 119544.8787715855
135397.0282387833 120502.3176136167
135179.4155488735 120654.6374293944
140140.9848788179 122917.6746923772
140119.2236098270 122961.1946397422
140075.7010718450 122961.1946397422
140140.9848788179 122982.9546134247
140119.2236098270 122982.9546134247
140075.7010718450 122982.9546134247
140010.4172648720 122982.9546134247
140184.5074167999 123004.7145871073
140162.7461478089 123004.7145871073
140053.9398028540 123004.7145871073
140249.7912237729 123026.4745607898
140140.9848788179 123026.4745607898
140119.2236098270 123026.4745607898
140075.7010718450 123026.4745607898
140032.1785338630 123026.4745607898
140249.7912237729 123048.2345344723

140663.2553346016 127008.5497446922
140053.9398028540 123200.5543502500
140315.0750307458 123157.0344028850
140010.4172648720 123135.2744292024
140097.4623408359 123069.9945081549
140119.2236098270 123069.9945081549
140249.7912237729 123048.2345344723
139662.2369610163 123026.4745607898
140075.7010718450 123026.4745607898
140140.9848788179 123026.4745607898
139988.6559958811 123004.7145871073
140053.9398028540 123004.7145871073
140075.7010718450 122982.9546134247
129108.0215003888 119544.8787715855
137224.9748340260 120023.5981926011
135941.0599635579 120415.2777188866
135397.0282387833 120502.3176136167
135135.8930108915 120545.8375609817
135788.7310806210 120654.6374293944
134983.5641279546 120959.2770609498
134765.9514380448 121198.6367714575
140380.3588377188 122743.5949029169
140075.7010718450 122917.6746923772

140053.9398028540 123200.5543502500
140010.4172648720 123157.0344028850
140010.4172648720 123135.2744292024
140053.9398028540 123091.7544818374
140075.7010718450 123091.7544818374
140097.4623408359 123069.9945081549
140119.2236098270 123069.9945081549
140249.7912237729 123048.2345344723
140032.1785338630 123026.4745607898
140140.9848788179 123026.4745607898
140249.7912237729 123026.4745607898
140053.9398028540 123004.7145871073
140075.7010718450 123004.7145871073
140010.4172648720 122982.9546134247
140075.7010718450 122982.9546134247
140119.2236098270 122982.9546134247
140140.9848788179 122982.9546134247
140075.7010718450 122961.1946397422
140119.2236098270 122961.1946397422
140140.9848788179 122939.4346660597
129108.0215003888 119544.8787715855
135397.0282387833 120502.3176136167
140140.9848788179 122917.6746923772

140053.9398028540 123200.5543502500
140010.4172648720 123135.2744292024
140053.9398028540 123091.7544818374
140097.4623408359 123069.9945081549
140097.4623408359 123048.2345344723
140249.7912237729 123048.2345344723
139662.2369610163 123026.4745607898
140075.7010718450 123026.4745607898
140097.4623408359 123026.4745607898
140140.9848788179 123026.4745607898
140249.7912237729 123026.4745607898
140053.9398028540 123004.7145871073
140162.7461478089 123004.7145871073
140249.7912237729 123004.7145871073
129108.0215003888 119544.8787715855
135397.0282387833 120502.3176136167
135179.4155488735 120654.6374293944
134874.7577829997 120893.9971399022
140119.2236098270 122961.1946397422
140075.7010718450 122961.1946397422
140140.9848788179 122982.9546134247
140119.2236098270 122982.9546134247
140075.7010718450 122982.9546134247

140685.0166035926 126573.3502710417
140010.4172648720 123135.2744292024
139988.6559958811 123091.7544818374
140097.4623408359 123069.9945081549
140119.2236098270 123069.9945081549
140249.7912237729 123048.2345344723
139662.2369610163 123026.4745607898
140249.7912237729 123026.4745607898
140010.4172648720 123004.7145871073
140053.9398028540 123004.7145871073
140075.7010718450 122982.9546134247
140075.7010718450 122961.1946397422
140162.7461478089 122939.4346660597
136898.5557991612 120349.9977978390
140380.3588377188 122743.5949029169
134765.9514380448 121198.6367714575
129108.0215003888 119544.8787715855
137224.9748340260 120023.5981926011
135941.0599635579 120415.2777188866
135397.0282387833 120502.3176136167
135135.8930108915 120545.8375609817
135788.7310806210 120654.6374293944
134983.5641279546 120959.2770609498

140685.0166035926 126573.3502710417
140010.4172648720 123135.2744292024
139988.6559958811 123091.7544818374
140097.4623408359 123069.9945081549
140119.2236098270 123069.9945081549
140249.7912237729 123048.2345344723
139662.2369610163 123026.4745607898
140010.4172648720 123004.7145871073
140053.9398028540 123004.7145871073
140075.7010718450 122982.9546134247
140075.7010718450 122917.6746923772
140380.3588377188 122743.5949029169
134765.9514380448 121198.6367714575
134983.5641279546 120959.2770609498
135788.7310806210 120654.6374293944
135135.8930108915 120545.8375609817
135397.0282387833 120502.3176136167
136245.7177294317 120437.0376925691
135941.0599635579 120415.2777188866
137072.6459510891 120197.6779820613
137333.7811789809 120088.8781136487
129108.0215003888 119544.8787715855
128999.2151554338 119436.0789031729

140685.0166035926 126573.3502710417
140010.4172648720 123135.2744292024
139988.6559958811 123091.7544818374
140097.4623408359 123069.9945081549
140119.2236098270 123069.9945081549
140249.7912237729 123048.2345344723
139662.2369610163 123026.4745607898
140010.4172648720 123004.7145871073
140053.9398028540 123004.7145871073
140075.7010718450 122982.9546134247
140075.7010718450 122917.6746923772
140380.3588377188 122743.5949029169
134765.9514380448 121198.6367714575
134983.5641279546 120959.2770609498
135788.7310806210 120654.6374293944
135135.8930108915 120545.8375609817
135397.0282387833 120502.3176136167
136245.7177294317 120437.0376925691
135941.0599635579 120415.2777188866
137072.6459510891 120197.6779820613
137333.7811789809 120088.8781136487
129108.0215003888 119544.8787715855
128933.9313484609 117521.2012191105

140053.9398028540 123200.5543502500
140010.4172648720 123135.2744292024
140053.9398028540 123091.7544818374
140097.4623408359 123069.9945081549
140097.4623408359 123048.2345344723
140249.7912237729 123048.2345344723
139662.2369610163 123026.4745607898
140075.7010718450 123026.4745607898
140140.9848788179 123026.4745607898
129108.0215003888 119544.8787715855
135397.0282387833 120502.3176136167
135179.4155488735 120654.6374293944
134874.7577829997 120893.9971399022
140075.7010718450 122917.6746923772
140119.2236098270 122961.1946397422
140075.7010718450 122961.1946397422
140140.9848788179 122982.9546134247
140119.2236098270 122982.9546134247
140075.7010718450 122982.9546134247
140010.4172648720 122982.9546134247
140162.7461478089 123004.7145871073
140053.9398028540 123004.7145871073
140032.1785338630 123004.7145871073

140053.9398028540 123200.5543502500
140010.4172648720 123135.2744292024
140053.9398028540 123091.7544818374
140097.4623408359 123069.9945081549
140119.2236098270 123069.9945081549
140097.4623408359 123048.2345344723
140249.7912237729 123048.2345344723
139662.2369610163 123026.4745607898
140075.7010718450 123026.4745607898
140097.4623408359 123026.4745607898
140140.9848788179 123026.4745607898
129108.0215003888 119544.8787715855
135397.0282387833 120502.3176136167
135179.4155488735 120654.6374293944
134874.7577829997 120893.9971399022
140119.2236098270 122961.1946397422
140075.7010718450 122961.1946397422
140140.9848788179 122982.9546134247
140119.2236098270 122982.9546134247
140075.7010718450 122982.9546134247
140010.4172648720 122982.9546134247
140162.7461478089 123004.7145871073
140053.9398028540 123004.7145871073

140053.9398028540 123200.5543502500
140010.4172648720 123135.2744292024
140053.9398028540 123091.7544818374
140097.4623408359 123069.9945081549
140097.4623408359 123048.2345344723
140249.7912237729 123048.2345344723
139662.2369610163 123026.4745607898
140075.7010718450 123026.4745607898
140140.9848788179 123026.4745607898
140032.1785338630 123004.7145871073
140053.9398028540 123004.7145871073
140162.7461478089 123004.7145871073
140075.7010718450 122982.9546134247
140119.2236098270 122982.9546134247
140140.9848788179 122982.9546134247
140075.7010718450 122961.1946397422
140119.2236098270 122961.1946397422
140075.7010718450 122917.6746923772
129108.0215003888 119544.8787715855
135397.0282387833 120502.3176136167
135179.4155488735 120654.6374293944
140140.9848788179 122917.6746923772
140010.4172648720 122982.9546134247

140663.2553346016 127008.5497446922
140053.9398028540 123200.5543502500
140315.0750307458 123157.0344028850
140010.4172648720 123135.2744292024
129108.0215003888 119544.8787715855
137224.9748340260 120023.5981926011
135941.0599635579 120415.2777188866
135397.0282387833 120502.3176136167
135135.8930108915 120545.8375609817
135788.7310806210 120654.6374293944
134983.5641279546 120959.2770609498
134765.9514380448 121198.6367714575
140380.3588377188 122743.5949029169
140075.7010718450 122917.6746923772
140162.7461478089 122939.4346660597
140075.7010718450 122961.1946397422
140075.7010718450 122982.9546134247
140053.9398028540 123004.7145871073
140010.4172648720 123004.7145871073
140249.7912237729 123026.4745607898
139662.2369610163 123026.4745607898
140249.7912237729 123048.2345344723
140119.2236098270 123069.9945081549

140053.9398028540 123200.5543502500
140010.4172648720 123135.2744292024
140053.9398028540 123091.7544818374
140097.4623408359 123069.9945081549
140119.2236098270 123069.9945081549
140097.4623408359 123048.2345344723
140249.7912237729 123048.2345344723
129108.0215003888 119544.8787715855
135397.0282387833 120502.3176136167
135179.4155488735 120654.6374293944
140140.9848788179 122917.6746923772
140119.2236098270 122961.1946397422
140140.9848788179 122982.9546134247
140119.2236098270 122982.9546134247
140075.7010718450 122982.9546134247
140010.4172648720 122982.9546134247
140249.7912237729 123004.7145871073
140162.7461478089 123004.7145871073
140053.9398028540 123004.7145871073
140249.7912237729 123026.4745607898
140140.9848788179 123026.4745607898
140097.4623408359 123026.4745607898
140075.7010718450 123026.4745607898

140053.9398028540 123200.5543502500
140010.4172648720 123135.2744292024
140053.9398028540 123091.7544818374
140097.4623408359 123069.9945081549
140097.4623408359 123048.2345344723
140249.7912237729 123048.2345344723
129108.0215003888 119544.8787715855
135397.0282387833 120502.3176136167
135179.4155488735 120654.6374293944
140140.9848788179 122917.6746923772
140119.2236098270 122961.1946397422
140075.7010718450 122961.1946397422
140140.9848788179 122982.9546134247
140119.2236098270 122982.9546134247
140075.7010718450 122982.9546134247
140010.4172648720 122982.9546134247
140184.5074167999 123004.7145871073
140162.7461478089 123004.7145871073
140053.9398028540 123004.7145871073
140249.7912237729 123026.4745607898
140140.9848788179 123026.4745607898
140119.2236098270 123026.4745607898
140075.7010718450 123026.4745607898

140728.5391415745 126965.0297973272
128933.9313484609 117521.2012191105
129173.3053073617 119066.1593505699
128999.2151554338 119436.0789031729
137224.9748340260 120023.5981926011
130957.7293646224 120045.3581662836
136680.9431092514 120306.4778504740
135941.0599635579 120415.2777188866
136463.3304193416 120480.5576399342
135397.0282387833 120502.3176136167
135135.8930108915 120545.8375609817
135788.7310806210 120654.6374293944
134983.5641279546 120959.2770609498
134765.9514380448 121198.6367714575
134396.0098651980 121285.6766661877
140249.7912237729 122613.0350608218
140750.3004105655 122721.8349292344
140032.1785338630 122852.3947713296
139444.6242711064 122961.1946397422
140119.2236098270 123048.2345344723
139988.6559958811 123091.7544818374
139923.3721889081 123200.5543502500
140293.3137617548 123287.5942449801

140053.9398028540 123200.5543502500
140315.0750307458 123157.0344028850
140010.4172648720 123135.2744292024
140097.4623408359 123069.9945081549
140097.4623408359 123048.2345344723
140249.7912237729 123048.2345344723
139662.2369610163 123026.4745607898
140075.7010718450 123026.4745607898
140249.7912237729 123026.4745607898
129108.0215003888 119544.8787715855
137224.9748340260 120023.5981926011
135941.0599635579 120415.2777188866
135397.0282387833 120502.3176136167
135135.8930108915 120545.8375609817
135788.7310806210 120654.6374293944
134983.5641279546 120959.2770609498
134765.9514380448 121198.6367714575
140380.3588377188 122743.5949029169
140075.7010718450 122917.6746923772
140162.7461478089 122939.4346660597
140075.7010718450 122961.1946397422
140075.7010718450 122982.9546134247
140053.9398028540 123004.7145871073

140053.9398028540 123200.5543502500
129108.0215003888 119544.8787715855
137224.9748340260 120023.5981926011
135941.0599635579 120415.2777188866
135397.0282387833 120502.3176136167
135135.8930108915 120545.8375609817
135788.7310806210 120654.6374293944
134983.5641279546 120959.2770609498
134765.9514380448 121198.6367714575
140380.3588377188 122743.5949029169
140075.7010718450 122917.6746923772
140162.7461478089 122939.4346660597
140075.7010718450 122961.1946397422
140075.7010718450 122982.9546134247
140053.9398028540 123004.7145871073
140010.4172648720 123004.7145871073
140249.7912237729 123026.4745607898
139662.2369610163 123026.4745607898
140249.7912237729 123048.2345344723
140119.2236098270 123069.9945081549
140097.4623408359 123069.9945081549
139988.6559958811 123091.7544818374
140010.4172648720 123135.2744292024

140053.9398028540 123200.5543502500
140010.4172648720 123135.2744292024
140053.9398028540 123091.7544818374
140075.7010718450 123091.7544818374
140097.4623408359 123069.9945081549
140119.2236098270 123069.9945081549
129108.0215003888 119544.8787715855
135397.0282387833 120502.3176136167
140140.9848788179 122917.6746923772
140075.7010718450 122917.6746923772
140119.2236098270 122961.1946397422
140075.7010718450 122961.1946397422
140140.9848788179 122982.9546134247
140119.2236098270 122982.9546134247
140075.7010718450 122982.9546134247
140010.4172648720 122982.9546134247
140184.5074167999 123004.7145871073
140162.7461478089 123004.7145871073
140053.9398028540 123004.7145871073
140249.7912237729 123026.4745607898
140140.9848788179 123026.4745607898
140119.2236098270 123026.4745607898
140075.7010718450 123026.4745607898

140053.9398028540 123200.5543502500
140315.0750307458 123157.0344028850
140010.4172648720 123135.2744292024
140097.4623408359 123069.9945081549
140119.2236098270 123069.9945081549
140097.4623408359 123048.2345344723
140249.7912237729 123048.2345344723
139662.2369610163 123026.4745607898
140075.7010718450 123026.4745607898
140140.9848788179 123026.4745607898
139988.6559958811 123004.7145871073
140053.9398028540 123004.7145871073
128999.2151554338 119436.0789031729
129108.0215003888 119544.8787715855
137072.6459510891 120197.6779820613
135941.0599635579 120415.2777188866
136463.3304193416 120480.5576399342
135397.0282387833 120502.3176136167
135135.8930108915 120545.8375609817
135788.7310806210 120654.6374293944
134983.5641279546 120959.2770609498
134765.9514380448 121198.6367714575
140380.3588377188 122743.5949029169

140053.9398028540 123200.5543502500
140315.0750307458 123157.0344028850
140010.4172648720 123135.2744292024
140097.4623408359 123069.9945081549
140119.2236098270 123069.9945081549
140097.4623408359 123048.2345344723
140249.7912237729 123048.2345344723
139662.2369610163 123026.4745607898
140075.7010718450 123026.4745607898
140140.9848788179 123026.4745607898
139988.6559958811 123004.7145871073
140053.9398028540 123004.7145871073
140075.7010718450 122982.9546134247
140075.7010718450 122961.1946397422
136898.5557991612 120197.6779820613
140380.3588377188 122743.5949029169
134983.5641279546 120959.2770609498
135788.7310806210 120654.6374293944
135135.8930108915 120545.8375609817
135397.0282387833 120502.3176136167
135941.0599635579 120415.2777188866
137224.9748340260 120023.5981926011
129108.0215003888 119544.8787715855

140053.9398028540 123200.5543502500
140315.0750307458 123157.0344028850
140010.4172648720 123135.2744292024
140097.4623408359 123069.9945081549
140097.4623408359 123048.2345344723
140249.7912237729 123048.2345344723
129108.0215003888 119544.8787715855
135397.0282387833 120502.3176136167
135766.9698116301 120611.1174820293
135157.6542798825 120676.3974030769
134874.7577829997 120893.9971399022
140380.3588377188 122743.5949029169
140075.7010718450 122917.6746923772
140162.7461478089 122939.4346660597
140119.2236098270 122961.1946397422
140075.7010718450 122961.1946397422
140075.7010718450 122982.9546134247
140010.4172648720 122982.9546134247
140053.9398028540 123004.7145871073
139988.6559958811 123004.7145871073
140249.7912237729 123026.4745607898
140075.7010718450 123026.4745607898
139662.2369610163 123026.4745607898

140053.9398028540 123200.5543502500
140010.4172648720 123135.2744292024
140053.9398028540 123091.7544818374
140097.4623408359 123069.9945081549
140119.2236098270 123069.9945081549
140032.1785338630 123026.4745607898
140075.7010718450 123026.4745607898
140119.2236098270 123026.4745607898
140140.9848788179 123026.4745607898
140249.7912237729 123026.4745607898
129108.0215003888 119544.8787715855
135397.0282387833 120502.3176136167
135179.4155488735 120654.6374293944
140140.9848788179 122917.6746923772
140119.2236098270 122961.1946397422
140075.7010718450 122961.1946397422
140140.9848788179 122982.9546134247
140119.2236098270 122982.9546134247
140075.7010718450 122982.9546134247
140010.4172648720 122982.9546134247
140162.7461478089 123004.7145871073
140053.9398028540 123004.7145871073
140097.4623408359 123026.4745607898

129108.0215003888 119544.8787715855
135397.0282387833 120502.3176136167
136049.8663085129 120567.5975346643
135766.9698116301 120611.1174820293
135114.1317419005 120806.9572451721
134874.7577829997 120893.9971399022
140380.3588377188 122743.5949029169
140075.7010718450 122917.6746923772
140162.7461478089 122939.4346660597
140075.7010718450 122961.1946397422
134678.9063620808 121046.3169556799
140053.9398028540 123004.7145871073
139988.6559958811 123004.7145871073
140140.9848788179 123026.4745607898
140075.7010718450 123026.4745607898
139662.2369610163 123026.4745607898
140249.7912237729 123048.2345344723
140097.4623408359 123048.2345344723
140119.2236098270 123069.9945081549
140097.4623408359 123069.9945081549
140053.9398028540 123091.7544818374
140010.4172648720 123135.2744292024
140685.0166035926 126573.3502710417

140053.9398028540 123200.5543502500
140010.4172648720 123135.2744292024
140053.9398028540 123091.7544818374
140075.7010718450 123091.7544818374
140053.9398028540 123069.9945081549
140097.4623408359 123069.9945081549
140119.2236098270 123069.9945081549
140184.5074167999 123069.9945081549
140032.1785338630 122852.3947713296
140075.7010718450 122917.6746923772
140140.9848788179 122939.4346660597
140119.2236098270 122961.1946397422
140075.7010718450 122961.1946397422
140140.9848788179 122982.9546134247
140119.2236098270 122982.9546134247
140075.7010718450 122982.9546134247
140010.4172648720 122982.9546134247
140184.5074167999 123004.7145871073
140162.7461478089 123004.7145871073
140097.4623408359 123004.7145871073
140075.7010718450 123004.7145871073
140053.9398028540 123004.7145871073
140249.7912237729 123026.4745607898

140053.9398028540 123200.5543502500
140315.0750307458 123157.0344028850
140010.4172648720 123135.2744292024
140097.4623408359 123069.9945081549
129129.7827693797 119544.8787715855
140097.4623408359 123048.2345344723
140249.7912237729 123048.2345344723
139662.2369610163 123026.4745607898
140075.7010718450 123026.4745607898
140140.9848788179 123026.4745607898
139988.6559958811 123004.7145871073
140053.9398028540 123004.7145871073
140075.7010718450 122982.9546134247
140075.7010718450 122961.1946397422
140162.7461478089 122939.4346660597
140380.3588377188 122743.5949029169
134983.5641279546 120959.2770609498
135788.7310806210 120654.6374293944
135135.8930108915 120545.8375609817
135397.0282387833 120502.3176136167
135941.0599635579 120415.2777188866
137224.9748340260 120023.5981926011
129108.0215003888 119544.8787715855

140685.0166035926 126573.3502710417
129108.0215003888 119544.8787715855
135397.0282387833 120502.3176136167
135766.9698116301 120611.1174820293
135157.6542798825 120676.3974030769
134874.7577829997 120893.9971399022
140380.3588377188 122743.5949029169
140075.7010718450 122917.6746923772
140119.2236098270 122961.1946397422
140075.7010718450 122961.1946397422
140140.9848788179 122982.9546134247
140162.7461478089 123004.7145871073
140053.9398028540 123004.7145871073
140032.1785338630 123004.7145871073
140140.9848788179 123026.4745607898
140097.4623408359 123026.4745607898
140075.7010718450 123026.4745607898
139662.2369610163 123026.4745607898
140249.7912237729 123048.2345344723
140097.4623408359 123048.2345344723
140097.4623408359 123069.9945081549
140053.9398028540 123091.7544818374
140010.4172648720 123135.2744292024

140685.0166035926 126573.3502710417
140010.4172648720 123135.2744292024
139988.6559958811 123091.7544818374
140097.4623408359 123069.9945081549
140119.2236098270 123069.9945081549
140249.7912237729 123048.2345344723
129108.0215003888 119544.8787715855
137224.9748340260 120023.5981926011
135941.0599635579 120415.2777188866
135397.0282387833 120502.3176136167
135135.8930108915 120545.8375609817
135788.7310806210 120654.6374293944
134983.5641279546 120959.2770609498
134765.9514380448 121198.6367714575
140380.3588377188 122743.5949029169
140162.7461478089 122939.4346660597
140075.7010718450 122961.1946397422
140075.7010718450 122982.9546134247
140053.9398028540 123004.7145871073
139988.6559958811 123004.7145871073
140140.9848788179 123026.4745607898
140075.7010718450 123026.4745607898
139662.2369610163 123026.4745607898

140728.5391415745 126965.0297973272
140619.7327966196 126225.1906921212
140293.3137617548 123287.5942449801
139923.3721889081 123200.5543502500
129760.8595701183 117630.0010875231
140119.2236098270 123048.2345344723
139444.6242711064 122961.1946397422
139966.8947268901 122895.9147186946
140032.1785338630 122852.3947713296
140249.7912237729 122613.0350608218
134396.0098651980 121285.6766661877
134765.9514380448 121198.6367714575
134983.5641279546 120959.2770609498
135788.7310806210 120654.6374293944
135135.8930108915 120545.8375609817
135397.0282387833 120502.3176136167
136463.3304193416 120480.5576399342
135941.0599635579 120415.2777188866
136680.9431092514 120262.9579031089
137072.6459510891 120197.6779820613
137333.7811789809 120088.8781136487
129108.0215003888 119544.8787715855
128933.9313484609 117521.2012191105

129108.0215003888 119544.8787715855
135397.0282387833 120502.3176136167
135766.9698116301 120611.1174820293
135157.6542798825 120676.3974030769
134874.7577829997 120893.9971399022
140075.7010718450 122917.6746923772
140119.2236098270 122961.1946397422
140075.7010718450 122961.1946397422
140140.9848788179 122982.9546134247
140119.2236098270 122982.9546134247
140075.7010718450 122982.9546134247
140162.7461478089 123004.7145871073
140053.9398028540 123004.7145871073
140032.1785338630 123004.7145871073
140140.9848788179 123026.4745607898
140075.7010718450 123026.4745607898
139662.2369610163 123026.4745607898
140249.7912237729 123048.2345344723
140097.4623408359 123048.2345344723
140097.4623408359 123069.9945081549
140053.9398028540 123091.7544818374
140010.4172648720 123135.2744292024
140053.9398028540 123200.5543502500

140728.5391415745 126965.0297973272
140619.7327966196 126225.1906921212
128933.9313484609 117521.2012191105
129173.3053073617 119066.1593505699
128999.2151554338 119436.0789031729
137224.9748340260 120023.5981926011
130957.7293646224 120045.3581662836
136680.9431092514 120306.4778504740
135941.0599635579 120415.2777188866
136463.3304193416 120480.5576399342
135397.0282387833 120502.3176136167
135135.8930108915 120545.8375609817
135788.7310806210 120654.6374293944
134983.5641279546 120959.2770609498
134765.9514380448 121198.6367714575
134396.0098651980 121285.6766661877
140249.7912237729 122613.0350608218
140750.3004105655 122721.8349292344
140032.1785338630 122852.3947713296
139444.6242711064 122961.1946397422
140119.2236098270 123048.2345344723
131479.9998204061 114714.1646140645
139923.3721889081 123200.5543502500

140728.5391415745 126965.0297973272
140619.7327966196 126225.1906921212
128933.9313484609 117521.2012191105
129173.3053073617 119066.1593505699
128999.2151554338 119436.0789031729
137224.9748340260 120023.5981926011
130957.7293646224 120045.3581662836
136680.9431092514 120306.4778504740
135941.0599635579 120415.2777188866
136463.3304193416 120480.5576399342
135397.0282387833 120502.3176136167
135135.8930108915 120545.8375609817
135788.7310806210 120654.6374293944
134983.5641279546 120959.2770609498
134765.9514380448 121198.6367714575
134396.0098651980 121285.6766661877
140249.7912237729 122613.0350608218
140750.3004105655 122721.8349292344
140032.1785338630 122852.3947713296
139444.6242711064 122961.1946397422
140119.2236098270 123048.2345344723
139988.6559958811 123091.7544818374
139923.3721889081 123200.5543502500

140728.5391415745 126965.0297973272
140619.7327966196 126225.1906921212
139509.9080780794 123418.1540870753
140010.4172648720 123135.2744292024
139988.6559958811 123091.7544818374
140119.2236098270 123069.9945081549
140249.7912237729 123048.2345344723
139662.2369610163 123026.4745607898
140249.7912237729 123026.4745607898
140010.4172648720 123004.7145871073
140075.7010718450 122917.6746923772
128933.9313484609 117521.2012191105
129108.0215003888 119544.8787715855
137333.7811789809 120088.8781136487
137072.6459510891 120197.6779820613
136680.9431092514 120262.9579031089
135941.0599635579 120415.2777188866
136463.3304193416 120480.5576399342
135397.0282387833 120502.3176136167
135135.8930108915 120545.8375609817
135788.7310806210 120654.6374293944
134983.5641279546 120959.2770609498
134765.9514380448 121198.6367714575

140053.9398028540 123200.5543502500
140315.0750307458 123157.0344028850
140010.4172648720 123135.2744292024
140097.4623408359 123069.9945081549
140097.4623408359 123048.2345344723
140249.7912237729 123048.2345344723
139662.2369610163 123026.4745607898
140075.7010718450 123026.4745607898
140140.9848788179 123026.4745607898
140249.7912237729 123026.4745607898
140053.9398028540 123004.7145871073
140162.7461478089 123004.7145871073
140119.2236098270 122982.9546134247
140140.9848788179 122982.9546134247
140075.7010718450 122961.1946397422
140119.2236098270 122961.1946397422
129108.0215003888 119544.8787715855
135397.0282387833 120502.3176136167
135766.9698116301 120611.1174820293
135157.6542798825 120676.3974030769
134874.7577829997 120893.9971399022
140380.3588377188 122743.5949029169
140075.7010718450 122917.6746923772

140728.5391415745 126965.0297973272
140619.7327966196 126225.1906921212
137420.8262549449 119718.9585610457
140010.4172648720 123135.2744292024
139988.6559958811 123091.7544818374
140119.2236098270 123069.9945081549
140249.7912237729 123048.2345344723
139662.2369610163 123026.4745607898
140249.7912237729 123026.4745607898
140010.4172648720 123004.7145871073
140075.7010718450 122917.6746923772
139966.8947268901 122895.9147186946
140380.3588377188 122743.5949029169
134765.9514380448 121198.6367714575
134983.5641279546 120959.2770609498
135788.7310806210 120654.6374293944
135135.8930108915 120545.8375609817
135397.0282387833 120502.3176136167
136463.3304193416 120480.5576399342
135941.0599635579 120415.2777188866
137072.6459510891 120197.6779820613
128933.9313484609 117521.2012191105
129108.0215003888 119544.8787715855

140053.9398028540 123200.5543502500
140010.4172648720 123135.2744292024
140053.9398028540 123091.7544818374
140097.4623408359 123069.9945081549
140097.4623408359 123048.2345344723
140249.7912237729 123048.2345344723
139662.2369610163 123026.4745607898
140075.7010718450 123026.4745607898
140140.9848788179 123026.4745607898
140249.7912237729 123026.4745607898
140053.9398028540 123004.7145871073
140162.7461478089 123004.7145871073
140119.2236098270 122982.9546134247
140140.9848788179 122982.9546134247
140075.7010718450 122961.1946397422
140119.2236098270 122961.1946397422
129108.0215003888 119544.8787715855
135397.0282387833 120502.3176136167
135766.9698116301 120611.1174820293
135157.6542798825 120676.3974030769
134874.7577829997 120893.9971399022
140075.7010718450 122982.9546134247
140010.4172648720 122982.9546134247

140728.5391415745 126965.0297973272
140619.7327966196 126225.1906921212
139509.9080780794 123418.1540870753
140010.4172648720 123135.2744292024
139988.6559958811 123091.7544818374
140119.2236098270 123069.9945081549
140249.7912237729 123048.2345344723
139662.2369610163 123026.4745607898
140249.7912237729 123026.4745607898
140010.4172648720 123004.7145871073
140075.7010718450 122917.6746923772
139966.8947268901 122895.9147186946
140380.3588377188 122743.5949029169
134765.9514380448 121198.6367714575
134983.5641279546 120959.2770609498
135788.7310806210 120654.6374293944
135135.8930108915 120545.8375609817
135397.0282387833 120502.3176136167
136463.3304193416 120480.5576399342
135941.0599635579 120415.2777188866
137072.6459510891 120197.6779820613
128933.9313484609 117521.2012191105
129108.0215003888 119544.8787715855

140053.9398028540 123200.5543502500
140010.4172648720 123135.2744292024
140053.9398028540 123091.7544818374
140097.4623408359 123069.9945081549
140119.2236098270 123069.9945081549
140097.4623408359 123048.2345344723
140249.7912237729 123048.2345344723
139662.2369610163 123026.4745607898
140075.7010718450 123026.4745607898
140097.4623408359 123026.4745607898
140140.9848788179 123026.4745607898
129108.0215003888 119544.8787715855
135397.0282387833 120502.3176136167
135179.4155488735 120654.6374293944
140140.9848788179 122917.6746923772
140119.2236098270 122961.1946397422
140075.7010718450 122961.1946397422
140140.9848788179 122982.9546134247
140119.2236098270 122982.9546134247
140075.7010718450 122982.9546134247
140010.4172648720 122982.9546134247
140162.7461478089 123004.7145871073
140053.9398028540 123004.7145871073

140685.0166035926 126573.3502710417
140010.4172648720 123135.2744292024
139988.6559958811 123091.7544818374
140097.4623408359 123069.9945081549
140119.2236098270 123069.9945081549
140249.7912237729 123048.2345344723
139662.2369610163 123026.4745607898
140249.7912237729 123026.4745607898
139988.6559958811 123004.7145871073
140010.4172648720 123004.7145871073
140053.9398028540 123004.7145871073
140075.7010718450 122982.9546134247
140075.7010718450 122961.1946397422
140162.7461478089 122939.4346660597
140075.7010718450 122917.6746923772
140380.3588377188 122743.5949029169
129108.0215003888 119544.8787715855
135397.0282387833 120502.3176136167
135766.9698116301 120611.1174820293
135157.6542798825 120676.3974030769
134874.7577829997 120893.9971399022
140119.2236098270 122961.1946397422
140140.9848788179 122982.9546134247

140053.9398028540 123200.5543502500
140010.4172648720 123135.2744292024
140053.9398028540 123091.7544818374
140097.4623408359 123069.9945081549
140097.4623408359 123048.2345344723
140249.7912237729 123048.2345344723
139662.2369610163 123026.4745607898
140075.7010718450 123026.4745607898
140097.4623408359 123026.4745607898
140140.9848788179 123026.4745607898
140249.7912237729 123026.4745607898
140053.9398028540 123004.7145871073
140162.7461478089 123004.7145871073
140010.4172648720 122982.9546134247
140075.7010718450 122982.9546134247
140119.2236098270 122982.9546134247
140140.9848788179 122982.9546134247
140075.7010718450 122961.1946397422
140119.2236098270 122961.1946397422
129108.0215003888 119544.8787715855
135397.0282387833 120502.3176136167
135179.4155488735 120654.6374293944
135157.6542798825 120676.3974030769

140685.0166035926 126573.3502710417
140010.4172648720 123135.2744292024
140053.9398028540 123091.7544818374
140097.4623408359 123069.9945081549
140097.4623408359 123048.2345344723
140249.7912237729 123048.2345344723
139662.2369610163 123026.4745607898
140075.7010718450 123026.4745607898
140140.9848788179 123026.4745607898
140032.1785338630 123004.7145871073
140053.9398028540 123004.7145871073
136049.8663085129 120589.3575083468
140119.2236098270 122982.9546134247
140140.9848788179 122982.9546134247
140075.7010718450 122961.1946397422
140119.2236098270 122961.1946397422
140075.7010718450 122917.6746923772
140380.3588377188 122743.5949029169
134874.7577829997 120893.9971399022
135157.6542798825 120676.3974030769
135766.9698116301 120611.1174820293
135397.0282387833 120502.3176136167
129108.0215003888 119544.8787715855

140053.9398028540 123200.5543502500
140010.4172648720 123135.2744292024
140140.9848788179 123048.2345344723
140097.4623408359 123069.9945081549
140119.2236098270 123069.9945081549
139662.2369610163 123026.4745607898
140075.7010718450 123026.4745607898
140140.9848788179 123026.4745607898
140184.5074167999 123026.4745607898
140249.7912237729 123026.4745607898
139988.6559958811 123004.7145871073
140053.9398028540 123004.7145871073
140162.7461478089 123004.7145871073
140010.4172648720 122982.9546134247
140075.7010718450 122982.9546134247
140119.2236098270 122982.9546134247
140140.9848788179 122982.9546134247
140075.7010718450 122961.1946397422
140119.2236098270 122961.1946397422
129108.0215003888 119544.8787715855
135397.0282387833 120502.3176136167
135157.6542798825 120676.3974030769
134874.7577829997 120893.9971399022

140685.0166035926 126573.3502710417
140010.4172648720 123135.2744292024
139988.6559958811 123091.7544818374
140097.4623408359 123069.9945081549
140119.2236098270 123069.9945081549
140249.7912237729 123048.2345344723
139662.2369610163 123026.4745607898
140249.7912237729 123026.4745607898
140053.9398028540 123004.7145871073
140075.7010718450 122982.9546134247
140075.7010718450 122961.1946397422
140162.7461478089 122939.4346660597
140075.7010718450 122917.6746923772
140380.3588377188 122743.5949029169
129108.0215003888 119544.8787715855
135397.0282387833 120502.3176136167
136049.8663085129 120567.5975346643
135766.9698116301 120611.1174820293
135114.1317419005 120806.9572451721
134874.7577829997 120893.9971399022
139988.6559958811 123004.7145871073
140140.9848788179 123026.4745607898
140075.7010718450 123026.4745607898

140685.0166035926 126573.3502710417
140010.4172648720 123135.2744292024
139988.6559958811 123091.7544818374
140097.4623408359 123069.9945081549
140119.2236098270 123069.9945081549
140249.7912237729 123048.2345344723
139662.2369610163 123026.4745607898
140249.7912237729 123026.4745607898
140053.9398028540 123004.7145871073
140075.7010718450 122982.9546134247
140075.7010718450 122961.1946397422
140162.7461478089 122939.4346660597
140075.7010718450 122917.6746923772
140380.3588377188 122743.5949029169
134765.9514380448 121198.6367714575
129108.0215003888 119544.8787715855
135397.0282387833 120502.3176136167
136049.8663085129 120567.5975346643
135766.9698116301 120611.1174820293
135114.1317419005 120806.9572451721
134874.7577829997 120893.9971399022
139988.6559958811 123004.7145871073
140140.9848788179 123026.4745607898

140053.9398028540 123200.5543502500
140010.4172648720 123135.2744292024
140053.9398028540 123091.7544818374
140097.4623408359 123069.9945081549
140119.2236098270 123069.9945081549
139662.2369610163 123026.4745607898
140075.7010718450 123026.4745607898
140140.9848788179 123026.4745607898
140184.5074167999 123026.4745607898
140249.7912237729 123026.4745607898
129108.0215003888 119544.8787715855
135397.0282387833 120502.3176136167
135179.4155488735 120654.6374293944
140140.9848788179 122917.6746923772
140119.2236098270 122961.1946397422
140075.7010718450 122961.1946397422
140140.9848788179 122982.9546134247
140119.2236098270 122982.9546134247
140075.7010718450 122982.9546134247
140010.4172648720 122982.9546134247
140184.5074167999 123004.7145871073
140162.7461478089 123004.7145871073
140053.9398028540 123004.7145871073

140053.9398028540 123200.5543502500
140010.4172648720 123135.2744292024
140053.9398028540 123091.7544818374
137159.6910270530 119980.0782452360
140097.4623408359 123048.2345344723
140249.7912237729 123048.2345344723
139662.2369610163 123026.4745607898
140075.7010718450 123026.4745607898
140140.9848788179 123026.4745607898
140032.1785338630 123004.7145871073
140053.9398028540 123004.7145871073
140162.7461478089 123004.7145871073
140119.2236098270 122982.9546134247
140140.9848788179 122982.9546134247
140075.7010718450 122961.1946397422
140119.2236098270 122961.1946397422
140075.7010718450 122917.6746923772
140380.3588377188 122743.5949029169
134874.7577829997 120893.9971399022
135157.6542798825 120676.3974030769
135766.9698116301 120611.1174820293
135397.0282387833 120502.3176136167
129108.0215003888 119544.8787715855

140053.9398028540 123200.5543502500
140010.4172648720 123135.2744292024
140053.9398028540 123091.7544818374
140097.4623408359 123069.9945081549
140119.2236098270 123069.9945081549
140032.1785338630 123026.4745607898
140075.7010718450 123026.4745607898
140119.2236098270 123026.4745607898
140140.9848788179 123026.4745607898
140249.7912237729 123026.4745607898
129108.0215003888 119544.8787715855
135397.0282387833 120502.3176136167
140140.9848788179 122917.6746923772
140075.7010718450 122917.6746923772
140119.2236098270 122961.1946397422
140075.7010718450 122961.1946397422
140140.9848788179 122982.9546134247
140119.2236098270 122982.9546134247
140075.7010718450 122982.9546134247
140010.4172648720 122982.9546134247
140184.5074167999 123004.7145871073
140162.7461478089 123004.7145871073
140053.9398028540 123004.7145871073

140053.9398028540 123200.5543502500
140010.4172648720 123135.2744292024
140053.9398028540 123091.7544818374
140075.7010718450 123091.7544818374
140053.9398028540 123069.9945081549
140097.4623408359 123069.9945081549
140119.2236098270 123069.9945081549
140184.5074167999 123069.9945081549
140010.4172648720 123026.4745607898
140075.7010718450 123026.4745607898
140140.9848788179 123026.4745607898
140206.2686857909 123026.4745607898
140053.9398028540 123004.7145871073
140097.4623408359 123004.7145871073
140075.7010718450 122982.9546134247
140119.2236098270 122982.9546134247
140140.9848788179 122982.9546134247
140075.7010718450 122961.1946397422
140119.2236098270 122961.1946397422
140140.9848788179 122939.4346660597
140075.7010718450 122917.6746923772
140032.1785338630 122852.3947713296
140010.4172648720 122982.9546134247

140728.5391415745 126965.0297973272
140619.7327966196 126225.1906921212
128933.9313484609 117521.2012191105
129108.0215003888 119544.8787715855
137333.7811789809 120088.8781136487
137072.6459510891 120197.6779820613
136680.9431092514 120262.9579031089
135941.0599635579 120415.2777188866
136463.3304193416 120480.5576399342
135397.0282387833 120502.3176136167
135135.8930108915 120545.8375609817
135788.7310806210 120654.6374293944
134983.5641279546 120959.2770609498
134765.9514380448 121198.6367714575
140249.7912237729 122613.0350608218
140032.1785338630 122852.3947713296
139966.8947268901 122852.3947713296
139444.6242711064 122961.1946397422
140075.7010718450 122982.9546134247
140097.4623408359 123004.7145871073
140119.2236098270 123048.2345344723
139923.3721889081 123200.5543502500
140293.3137617548 123287.5942449801

140685.0166035926 126573.3502710417
129108.0215003888 119544.8787715855
137224.9748340260 120023.5981926011
135941.0599635579 120415.2777188866
135397.0282387833 120502.3176136167
135135.8930108915 120545.8375609817
135788.7310806210 120654.6374293944
134983.5641279546 120959.2770609498
134765.9514380448 121198.6367714575
140380.3588377188 122743.5949029169
140162.7461478089 122939.4346660597
140075.7010718450 122961.1946397422
140075.7010718450 122982.9546134247
140053.9398028540 123004.7145871073
139988.6559958811 123004.7145871073
140140.9848788179 123026.4745607898
140075.7010718450 123026.4745607898
139662.2369610163 123026.4745607898
140249.7912237729 123048.2345344723
140097.4623408359 123048.2345344723
140119.2236098270 123069.9945081549
140097.4623408359 123069.9945081549
140010.4172648720 123135.2744292024

140663.2553346016 126377.5105078989
140293.3137617548 123287.5942449801
139923.3721889081 123200.5543502500
140467.4039136827 126529.8303236766
140119.2236098270 123048.2345344723
139444.6242711064 122961.1946397422
140032.1785338630 122852.3947713296
140750.3004105655 122721.8349292344
140249.7912237729 122613.0350608218
134396.0098651980 121285.6766661877
134765.9514380448 121198.6367714575
134983.5641279546 120959.2770609498
135788.7310806210 120654.6374293944
135135.8930108915 120545.8375609817
135397.0282387833 120502.3176136167
136463.3304193416 120480.5576399342
135941.0599635579 120415.2777188866
136680.9431092514 120306.4778504740
130957.7293646224 120045.3581662836
137224.9748340260 120023.5981926011
128999.2151554338 119436.0789031729
129173.3053073617 119066.1593505699
128933.9313484609 117521.2012191105

140053.9398028540 123200.5543502500
140010.4172648720 123135.2744292024
140097.4623408359 123069.9945081549
140119.2236098270 123069.9945081549
140097.4623408359 123048.2345344723
140249.7912237729 123048.2345344723
139662.2369610163 123026.4745607898
140075.7010718450 123026.4745607898
140140.9848788179 123026.4745607898
139988.6559958811 123004.7145871073
140053.9398028540 123004.7145871073
140075.7010718450 122982.9546134247
140075.7010718450 122961.1946397422
140162.7461478089 122939.4346660597
140380.3588377188 122743.5949029169
134765.9514380448 121198.6367714575
134983.5641279546 120959.2770609498
135788.7310806210 120654.6374293944
135135.8930108915 120545.8375609817
135397.0282387833 120502.3176136167
135941.0599635579 120415.2777188866
137224.9748340260 120023.5981926011
129108.0215003888 119544.8787715855

140053.9398028540 123200.5543502500
140010.4172648720 123135.2744292024
140053.9398028540 123091.7544818374
140097.4623408359 123069.9945081549
140119.2236098270 123069.9945081549
140249.7912237729 123048.2345344723
139662.2369610163 123026.4745607898
140075.7010718450 123026.4745607898
140140.9848788179 123026.4745607898
139988.6559958811 123004.7145871073
140053.9398028540 123004.7145871073
140162.7461478089 123004.7145871073
140010.4172648720 122982.9546134247
140075.7010718450 122982.9546134247
140119.2236098270 122982.9546134247
140140.9848788179 122982.9546134247
140075.7010718450 122961.1946397422
140119.2236098270 122961.1946397422
129108.0215003888 119544.8787715855
135397.0282387833 120502.3176136167
135157.6542798825 120676.3974030769
134874.7577829997 120893.9971399022
140097.4623408359 123026.4745607898

140685.0166035926 126573.3502710417
129108.0215003888 119544.8787715855
135397.0282387833 120502.3176136167
136049.8663085129 120567.5975346643
135766.9698116301 120611.1174820293
135114.1317419005 120806.9572451721
134874.7577829997 120893.9971399022
140380.3588377188 122743.5949029169
140075.7010718450 122917.6746923772
140075.7010718450 122961.1946397422
140075.7010718450 122982.9546134247
140053.9398028540 123004.7145871073
139988.6559958811 123004.7145871073
140140.9848788179 123026.4745607898
140075.7010718450 123026.4745607898
140053.9398028540 123026.4745607898
139662.2369610163 123026.4745607898
140249.7912237729 123048.2345344723
140097.4623408359 123048.2345344723
140119.2236098270 123069.9945081549
140097.4623408359 123069.9945081549
140010.4172648720 123135.2744292024
140315.0750307458 123157.0344028850

140685.0166035926 126573.3502710417
140010.4172648720 123135.2744292024
139988.6559958811 123091.7544818374
140097.4623408359 123069.9945081549
140119.2236098270 123069.9945081549
140249.7912237729 123048.2345344723
139662.2369610163 123026.4745607898
140249.7912237729 123026.4745607898
140010.4172648720 123004.7145871073
140053.9398028540 123004.7145871073
140075.7010718450 122982.9546134247
140075.7010718450 122961.1946397422
140162.7461478089 122939.4346660597
140075.7010718450 122917.6746923772
140380.3588377188 122743.5949029169
129108.0215003888 119544.8787715855
135397.0282387833 120502.3176136167
136049.8663085129 120567.5975346643
135766.9698116301 120611.1174820293
135114.1317419005 120632.8774557118
135114.1317419005 120806.9572451721
134852.9965140087 120893.9971399022
139988.6559958811 123004.7145871073

140053.9398028540 123200.5543502500
140010.4172648720 123135.2744292024
140053.9398028540 123091.7544818374
140119.2236098270 123069.9945081549
140249.7912237729 123048.2345344723
139662.2369610163 123026.4745607898
140075.7010718450 123026.4745607898
140140.9848788179 123026.4745607898
140249.7912237729 123026.4745607898
139988.6559958811 123004.7145871073
140053.9398028540 123004.7145871073
140075.7010718450 122982.9546134247
140119.2236098270 122982.9546134247
140140.9848788179 122982.9546134247
140075.7010718450 122961.1946397422
140010.4172648720 122917.6746923772
140075.7010718450 122917.6746923772
129108.0215003888 119544.8787715855
135397.0282387833 120502.3176136167
135766.9698116301 120611.1174820293
135157.6542798825 120676.3974030769
135114.1317419005 120806.9572451721
134874.7577829997 120893.9971399022

140728.5391415745 126965.0297973272
140010.4172648720 123135.2744292024
139988.6559958811 123091.7544818374
128933.9313484609 117521.2012191105
129108.0215003888 119544.8787715855
137333.7811789809 120088.8781136487
137072.6459510891 120197.6779820613
135941.0599635579 120415.2777188866
135397.0282387833 120502.3176136167
135135.8930108915 120545.8375609817
135788.7310806210 120654.6374293944
134983.5641279546 120959.2770609498
134765.9514380448 121198.6367714575
140380.3588377188 122743.5949029169
140075.7010718450 122917.6746923772
140075.7010718450 122982.9546134247
140053.9398028540 123004.7145871073
140010.4172648720 123004.7145871073
140249.7912237729 123026.4745607898
139662.2369610163 123026.4745607898
140249.7912237729 123048.2345344723
140119.2236098270 123069.9945081549
140097.4623408359 123069.9945081549

140053.9398028540 123200.5543502500
140010.4172648720 123135.2744292024
140053.9398028540 123091.7544818374
140119.2236098270 123069.9945081549
140249.7912237729 123048.2345344723
140032.1785338630 123026.4745607898
140075.7010718450 123026.4745607898
140119.2236098270 123026.4745607898
140140.9848788179 123026.4745607898
140249.7912237729 123026.4745607898
129108.0215003888 119544.8787715855
135397.0282387833 120502.3176136167
140140.9848788179 122917.6746923772
140075.7010718450 122917.6746923772
140119.2236098270 122961.1946397422
140075.7010718450 122961.1946397422
140140.9848788179 122982.9546134247
140119.2236098270 122982.9546134247
140075.7010718450 122982.9546134247
140010.4172648720 122982.9546134247
140184.5074167999 123004.7145871073
140162.7461478089 123004.7145871073
140053.9398028540 123004.7145871073

140053.9398028540 123200.5543502500
140010.4172648720 123135.2744292024
140053.9398028540 123091.7544818374
140097.4623408359 123069.9945081549
140119.2236098270 123069.9945081549
140032.1785338630 123026.4745607898
140075.7010718450 123026.4745607898
140119.2236098270 123026.4745607898
140140.9848788179 123026.4745607898
140249.7912237729 123026.4745607898
140053.9398028540 123004.7145871073
140162.7461478089 123004.7145871073
140184.5074167999 123004.7145871073
140010.4172648720 122982.9546134247
140075.7010718450 122982.9546134247
140119.2236098270 122982.9546134247
140140.9848788179 122982.9546134247
140075.7010718450 122961.1946397422
140119.2236098270 122961.1946397422
140075.7010718450 122917.6746923772
140140.9848788179 123069.9945081549
135397.0282387833 120502.3176136167
129108.0215003888 119544.8787715855

140663.2553346016 126377.5105078989
140293.3137617548 123287.5942449801
139923.3721889081 123200.5543502500
139531.6693470704 118435.1201137766
140119.2236098270 123048.2345344723
139444.6242711064 122961.1946397422
140032.1785338630 122852.3947713296
140750.3004105655 122721.8349292344
140249.7912237729 122613.0350608218
134396.0098651980 121285.6766661877
134765.9514380448 121198.6367714575
134983.5641279546 120959.2770609498
135788.7310806210 120654.6374293944
135135.8930108915 120545.8375609817
135397.0282387833 120502.3176136167
136463.3304193416 120480.5576399342
135941.0599635579 120415.2777188866
136680.9431092514 120306.4778504740
130957.7293646224 120045.3581662836
137224.9748340260 120023.5981926011
128999.2151554338 119436.0789031729
129173.3053073617 119066.1593505699
128933.9313484609 117521.2012191105

129108.0215003888 119544.8787715855
135397.0282387833 120502.3176136167
135157.6542798825 120676.3974030769
134874.7577829997 120893.9971399022
140032.1785338630 123048.2345344723
140075.7010718450 122961.1946397422
140140.9848788179 122982.9546134247
140119.2236098270 122982.9546134247
140075.7010718450 122982.9546134247
140010.4172648720 122982.9546134247
140162.7461478089 123004.7145871073
140053.9398028540 123004.7145871073
139988.6559958811 123004.7145871073
140249.7912237729 123026.4745607898
140184.5074167999 123026.4745607898
140140.9848788179 123026.4745607898
140075.7010718450 123026.4745607898
139662.2369610163 123026.4745607898
140119.2236098270 123069.9945081549
140097.4623408359 123069.9945081549
140053.9398028540 123091.7544818374
140010.4172648720 123135.2744292024
140053.9398028540 123200.5543502500

129108.0215003888 119544.8787715855
135397.0282387833 120502.3176136167
135766.9698116301 120611.1174820293
135505.8345837382 120676.3974030769
135157.6542798825 120676.3974030769
134874.7577829997 120893.9971399022
140075.7010718450 122917.6746923772
140010.4172648720 122917.6746923772
140075.7010718450 122961.1946397422
140140.9848788179 122982.9546134247
140119.2236098270 122982.9546134247
140075.7010718450 122982.9546134247
140053.9398028540 123004.7145871073
139988.6559958811 123004.7145871073
140249.7912237729 123026.4745607898
140140.9848788179 123026.4745607898
140075.7010718450 123026.4745607898
139662.2369610163 123026.4745607898
140249.7912237729 123048.2345344723
140119.2236098270 123069.9945081549
140053.9398028540 123091.7544818374
140010.4172648720 123135.2744292024
140053.9398028540 123200.5543502500

140685.0166035926 126573.3502710417
139509.9080780794 123418.1540870753
140010.4172648720 123135.2744292024
139988.6559958811 123091.7544818374
140119.2236098270 123069.9945081549
140249.7912237729 123048.2345344723
139662.2369610163 123026.4745607898
140249.7912237729 123026.4745607898
140010.4172648720 123004.7145871073
140162.7461478089 123004.7145871073
140075.7010718450 122917.6746923772
139966.8947268901 122895.9147186946
140380.3588377188 122743.5949029169
134765.9514380448 121198.6367714575
134983.5641279546 120959.2770609498
135788.7310806210 120654.6374293944
135135.8930108915 120545.8375609817
135397.0282387833 120502.3176136167
136463.3304193416 120480.5576399342
135941.0599635579 120415.2777188866
137072.6459510891 120197.6779820613
128933.9313484609 117521.2012191105
129108.0215003888 119544.8787715855

140053.9398028540 123200.5543502500
140315.0750307458 123157.0344028850
140010.4172648720 123135.2744292024
140097.4623408359 123069.9945081549
140097.4623408359 123048.2345344723
140249.7912237729 123048.2345344723
139662.2369610163 123026.4745607898
140075.7010718450 123026.4745607898
140249.7912237729 123026.4745607898
140053.9398028540 123004.7145871073
136049.8663085129 120589.3575083468
140075.7010718450 122982.9546134247
140119.2236098270 122982.9546134247
140140.9848788179 122982.9546134247
140075.7010718450 122961.1946397422
140249.7912237729 122961.1946397422
140010.4172648720 122917.6746923772
140075.7010718450 122917.6746923772
134874.7577829997 120893.9971399022
135157.6542798825 120676.3974030769
135766.9698116301 120611.1174820293
135397.0282387833 120502.3176136167
129108.0215003888 119544.8787715855

140053.9398028540 123200.5543502500
140315.0750307458 123157.0344028850
140010.4172648720 123135.2744292024
140097.4623408359 123069.9945081549
140097.4623408359 123048.2345344723
140249.7912237729 123048.2345344723
139662.2369610163 123026.4745607898
140075.7010718450 123026.4745607898
140249.7912237729 123026.4745607898
129108.0215003888 119544.8787715855
137224.9748340260 120023.5981926011
135941.0599635579 120415.2777188866
135397.0282387833 120502.3176136167
135135.8930108915 120545.8375609817
135788.7310806210 120654.6374293944
134983.5641279546 120959.2770609498
140380.3588377188 122743.5949029169
140162.7461478089 122939.4346660597
140075.7010718450 122961.1946397422
140075.7010718450 122982.9546134247
140053.9398028540 123004.7145871073
139988.6559958811 123004.7145871073
140140.9848788179 123026.4745607898

140685.0166035926 126573.3502710417
140010.4172648720 123135.2744292024
139988.6559958811 123091.7544818374
140097.4623408359 123069.9945081549
140119.2236098270 123069.9945081549
140249.7912237729 123048.2345344723
129108.0215003888 119544.8787715855
135397.0282387833 120502.3176136167
136049.8663085129 120567.5975346643
135766.9698116301 120611.1174820293
135114.1317419005 120806.9572451721
134874.7577829997 120893.9971399022
140380.3588377188 122743.5949029169
140075.7010718450 122917.6746923772
140162.7461478089 122939.4346660597
140075.7010718450 122961.1946397422
140075.7010718450 122982.9546134247
140053.9398028540 123004.7145871073
139988.6559958811 123004.7145871073
140140.9848788179 123026.4745607898
140075.7010718450 123026.4745607898
139662.2369610163 123026.4745607898
140097.4623408359 123048.2345344723

140728.5391415745 126965.0297973272
128933.9313484609 117521.2012191105
129108.0215003888 119544.8787715855
137333.7811789809 120088.8781136487
137072.6459510891 120197.6779820613
136680.9431092514 120262.9579031089
135941.0599635579 120415.2777188866
136463.3304193416 120480.5576399342
135397.0282387833 120502.3176136167
135135.8930108915 120545.8375609817
135788.7310806210 120654.6374293944
134983.5641279546 120959.2770609498
134765.9514380448 121198.6367714575
140249.7912237729 122613.0350608218
140032.1785338630 122852.3947713296
139966.8947268901 122852.3947713296
139444.6242711064 122961.1946397422
140075.7010718450 122982.9546134247
140097.4623408359 123004.7145871073
140119.2236098270 123048.2345344723
139923.3721889081 123200.5543502500
140293.3137617548 123287.5942449801
139988.6559958811 123396.3941133928

140053.9398028540 123200.5543502500
140315.0750307458 123157.0344028850
140010.4172648720 123135.2744292024
140097.4623408359 123069.9945081549
140119.2236098270 123069.9945081549
139662.2369610163 123026.4745607898
140075.7010718450 123026.4745607898
140140.9848788179 123026.4745607898
140249.7912237729 123026.4745607898
139988.6559958811 123004.7145871073
140053.9398028540 123004.7145871073
140075.7010718450 122982.9546134247
140119.2236098270 122982.9546134247
140140.9848788179 122982.9546134247
140075.7010718450 122961.1946397422
140119.2236098270 122961.1946397422
129108.0215003888 119544.8787715855
135397.0282387833 120502.3176136167
135766.9698116301 120611.1174820293
135157.6542798825 120676.3974030769
135114.1317419005 120806.9572451721
134874.7577829997 120893.9971399022
140380.3588377188 122743.5949029169

140053.9398028540 123200.5543502500
140315.0750307458 123157.0344028850
140010.4172648720 123135.2744292024
140097.4623408359 123069.9945081549
140119.2236098270 123069.9945081549
128933.9313484609 117521.2012191105
129108.0215003888 119544.8787715855
137333.7811789809 120088.8781136487
137072.6459510891 120197.6779820613
135941.0599635579 120415.2777188866
135397.0282387833 120502.3176136167
135135.8930108915 120545.8375609817
135788.7310806210 120654.6374293944
134983.5641279546 120959.2770609498
134765.9514380448 121198.6367714575
140380.3588377188 122743.5949029169
140075.7010718450 122917.6746923772
140075.7010718450 122982.9546134247
140053.9398028540 123004.7145871073
140010.4172648720 123004.7145871073
140249.7912237729 123026.4745607898
139662.2369610163 123026.4745607898
140249.7912237729 123048.2345344723

140685.0166035926 126573.3502710417
140010.4172648720 123135.2744292024
139988.6559958811 123091.7544818374
140097.4623408359 123069.9945081549
140119.2236098270 123069.9945081549
140249.7912237729 123048.2345344723
139662.2369610163 123026.4745607898
140249.7912237729 123026.4745607898
140010.4172648720 123004.7145871073
140053.9398028540 123004.7145871073
140075.7010718450 122982.9546134247
140075.7010718450 122961.1946397422
140162.7461478089 122939.4346660597
140010.4172648720 122917.6746923772
140075.7010718450 122917.6746923772
140380.3588377188 122743.5949029169
129108.0215003888 119544.8787715855
135397.0282387833 120502.3176136167
136049.8663085129 120567.5975346643
135766.9698116301 120611.1174820293
135114.1317419005 120806.9572451721
134874.7577829997 120893.9971399022
140119.2236098270 122961.1946397422

140728.5391415745 126965.0297973272
128933.9313484609 117521.2012191105
129108.0215003888 119544.8787715855
137333.7811789809 120088.8781136487
137072.6459510891 120197.6779820613
136680.9431092514 120262.9579031089
135941.0599635579 120415.2777188866
136463.3304193416 120480.5576399342
135397.0282387833 120502.3176136167
135135.8930108915 120545.8375609817
135788.7310806210 120654.6374293944
134983.5641279546 120959.2770609498
134765.9514380448 121198.6367714575
134396.0098651980 121285.6766661877
140249.7912237729 122613.0350608218
140032.1785338630 122852.3947713296
139966.8947268901 122895.9147186946
139444.6242711064 122961.1946397422
140119.2236098270 123048.2345344723
139988.6559958811 123091.7544818374
139923.3721889081 123200.5543502500
140293.3137617548 123287.5942449801
140619.7327966196 126225.1906921212

140053.9398028540 123200.5543502500
140010.4172648720 123135.2744292024
140053.9398028540 123091.7544818374
140097.4623408359 123069.9945081549
140119.2236098270 123069.9945081549
140097.4623408359 123048.2345344723
140249.7912237729 123048.2345344723
139662.2369610163 123026.4745607898
140075.7010718450 123026.4745607898
140140.9848788179 123026.4745607898
129108.0215003888 119544.8787715855
135397.0282387833 120502.3176136167
135157.6542798825 120676.3974030769
140140.9848788179 122917.6746923772
140119.2236098270 122961.1946397422
140075.7010718450 122961.1946397422
140140.9848788179 122982.9546134247
140119.2236098270 122982.9546134247
140075.7010718450 122982.9546134247
140010.4172648720 122982.9546134247
140184.5074167999 123004.7145871073
140162.7461478089 123004.7145871073
140053.9398028540 123004.7145871073

140685.0166035926 126573.3502710417
140010.4172648720 123135.2744292024
139988.6559958811 123091.7544818374
140097.4623408359 123069.9945081549
140119.2236098270 123069.9945081549
140249.7912237729 123048.2345344723
139662.2369610163 123026.4745607898
140249.7912237729 123026.4745607898
139988.6559958811 123004.7145871073
140010.4172648720 123004.7145871073
140053.9398028540 123004.7145871073
140075.7010718450 122982.9546134247
140075.7010718450 122961.1946397422
140162.7461478089 122939.4346660597
140075.7010718450 122917.6746923772
140380.3588377188 122743.5949029169
128999.2151554338 119436.0789031729
129108.0215003888 119544.8787715855
135941.0599635579 120415.2777188866
135397.0282387833 120502.3176136167
135135.8930108915 120545.8375609817
135788.7310806210 120654.6374293944
134983.5641279546 120959.2770609498

140685.0166035926 126573.3502710417
140010.4172648720 123135.2744292024
139988.6559958811 123091.7544818374
140097.4623408359 123069.9945081549
140119.2236098270 123069.9945081549
140249.7912237729 123048.2345344723
139662.2369610163 123026.4745607898
140249.7912237729 123026.4745607898
140010.4172648720 123004.7145871073
140053.9398028540 123004.7145871073
140075.7010718450 122982.9546134247
140075.7010718450 122961.1946397422
140162.7461478089 122939.4346660597
140075.7010718450 122917.6746923772
140380.3588377188 122743.5949029169
134765.9514380448 121198.6367714575
129108.0215003888 119544.8787715855
135397.0282387833 120502.3176136167
136049.8663085129 120567.5975346643
135766.9698116301 120611.1174820293
135114.1317419005 120806.9572451721
134874.7577829997 120893.9971399022
139988.6559958811 123004.7145871073

140685.0166035926 126573.3502710417
140010.4172648720 123135.2744292024
139988.6559958811 123091.7544818374
140097.4623408359 123069.9945081549
140119.2236098270 123069.9945081549
140249.7912237729 123048.2345344723
139662.2369610163 123026.4745607898
140249.7912237729 123026.4745607898
140010.4172648720 123004.7145871073
140053.9398028540 123004.7145871073
140075.7010718450 122982.9546134247
140075.7010718450 122961.1946397422
140162.7461478089 122939.4346660597
140075.7010718450 122917.6746923772
140380.3588377188 122743.5949029169
128999.2151554338 119436.0789031729
129108.0215003888 119544.8787715855
135941.0599635579 120415.2777188866
135397.0282387833 120502.3176136167
135135.8930108915 120545.8375609817
135788.7310806210 120654.6374293944
134983.5641279546 120959.2770609498
134765.9514380448 121198.6367714575

140685.0166035926 126573.3502710417
128933.9313484609 117521.2012191105
129173.3053073617 119066.1593505699
128999.2151554338 119436.0789031729
137224.9748340260 120023.5981926011
130957.7293646224 120045.3581662836
136680.9431092514 120306.4778504740
135941.0599635579 120415.2777188866
136463.3304193416 120480.5576399342
135397.0282387833 120502.3176136167
135135.8930108915 120545.8375609817
135788.7310806210 120654.6374293944
134983.5641279546 120959.2770609498
134765.9514380448 121198.6367714575
134396.0098651980 121285.6766661877
140249.7912237729 122613.0350608218
140750.3004105655 122721.8349292344
135484.0733147472 120654.6374293944
139444.6242711064 122961.1946397422
140119.2236098270 123048.2345344723
139988.6559958811 123091.7544818374
139923.3721889081 123200.5543502500
140293.3137617548 123287.5942449801

140685.0166035926 126573.3502710417
140010.4172648720 123135.2744292024
139988.6559958811 123091.7544818374
140097.4623408359 123069.9945081549
140119.2236098270 123069.9945081549
140249.7912237729 123048.2345344723
139662.2369610163 123026.4745607898
140249.7912237729 123026.4745607898
140010.4172648720 123004.7145871073
140053.9398028540 123004.7145871073
140075.7010718450 122982.9546134247
140075.7010718450 122961.1946397422
140162.7461478089 122939.4346660597
140010.4172648720 122917.6746923772
140075.7010718450 122917.6746923772
140380.3588377188 122743.5949029169
129108.0215003888 119544.8787715855
135397.0282387833 120502.3176136167
136049.8663085129 120567.5975346643
135766.9698116301 120611.1174820293
135157.6542798825 120676.3974030769
134874.7577829997 120893.9971399022
140010.4172648720 122982.9546134247

140053.9398028540 123200.5543502500
140010.4172648720 123135.2744292024
140053.9398028540 123091.7544818374
129108.0215003888 119544.8787715855
137224.9748340260 120023.5981926011
135941.0599635579 120415.2777188866
135397.0282387833 120502.3176136167
135135.8930108915 120545.8375609817
135788.7310806210 120654.6374293944
134983.5641279546 120959.2770609498
140380.3588377188 122743.5949029169
140162.7461478089 122939.4346660597
140075.7010718450 122961.1946397422
140075.7010718450 122982.9546134247
140053.9398028540 123004.7145871073
139988.6559958811 123004.7145871073
140140.9848788179 123026.4745607898
140075.7010718450 123026.4745607898
139662.2369610163 123026.4745607898
140249.7912237729 123048.2345344723
140097.4623408359 123048.2345344723
140119.2236098270 123069.9945081549
140097.4623408359 123069.9945081549

140641.4940656106 126725.6700868194
129108.0215003888 119544.8787715855
137224.9748340260 120023.5981926011
135941.0599635579 120415.2777188866
135397.0282387833 120502.3176136167
135135.8930108915 120545.8375609817
135788.7310806210 120654.6374293944
134983.5641279546 120959.2770609498
134765.9514380448 121198.6367714575
140380.3588377188 122743.5949029169
140075.7010718450 122917.6746923772
140162.7461478089 122939.4346660597
140075.7010718450 122961.1946397422
140075.7010718450 122982.9546134247
140053.9398028540 123004.7145871073
140010.4172648720 123004.7145871073
140249.7912237729 123026.4745607898
139662.2369610163 123026.4745607898
140249.7912237729 123048.2345344723
140119.2236098270 123069.9945081549
140097.4623408359 123069.9945081549
139988.6559958811 123091.7544818374
140010.4172648720 123135.2744292024

140685.0166035926 126573.3502710417
140010.4172648720 123135.2744292024
139988.6559958811 123091.7544818374
140097.4623408359 123069.9945081549
140119.2236098270 123069.9945081549
140249.7912237729 123048.2345344723
139662.2369610163 123026.4745607898
140249.7912237729 123026.4745607898
140010.4172648720 123004.7145871073
140053.9398028540 123004.7145871073
140075.7010718450 122982.9546134247
140075.7010718450 122961.1946397422
140162.7461478089 122939.4346660597
140075.7010718450 122917.6746923772
140380.3588377188 122743.5949029169
134765.9514380448 121198.6367714575
134983.5641279546 120959.2770609498
135788.7310806210 120654.6374293944
129108.0215003888 119544.8787715855
137224.9748340260 120023.5981926011
135941.0599635579 120415.2777188866
135397.0282387833 120502.3176136167
135157.6542798825 120676.3974030769

140641.4940656106 126725.6700868194
128933.9313484609 117521.2012191105
129108.0215003888 119544.8787715855
137333.7811789809 120088.8781136487
137072.6459510891 120197.6779820613
135941.0599635579 120415.2777188866
135397.0282387833 120502.3176136167
135135.8930108915 120545.8375609817
135788.7310806210 120654.6374293944
134983.5641279546 120959.2770609498
134765.9514380448 121198.6367714575
140380.3588377188 122743.5949029169
140075.7010718450 122917.6746923772
140075.7010718450 122982.9546134247
140053.9398028540 123004.7145871073
140010.4172648720 123004.7145871073
140249.7912237729 123026.4745607898
139662.2369610163 123026.4745607898
140249.7912237729 123048.2345344723
140119.2236098270 123069.9945081549
140097.4623408359 123069.9945081549
139988.6559958811 123091.7544818374
140010.4172648720 123135.2744292024

140685.0166035926 126573.3502710417
140010.4172648720 123135.2744292024
139988.6559958811 123091.7544818374
140097.4623408359 123069.9945081549
140119.2236098270 123069.9945081549
140249.7912237729 123048.2345344723
139662.2369610163 123026.4745607898
140249.7912237729 123026.4745607898
140010.4172648720 123004.7145871073
140053.9398028540 123004.7145871073
140075.7010718450 122982.9546134247
140075.7010718450 122917.6746923772
140380.3588377188 122743.5949029169
134765.9514380448 121198.6367714575
134983.5641279546 120959.2770609498
135788.7310806210 120654.6374293944
135135.8930108915 120545.8375609817
135397.0282387833 120502.3176136167
135941.0599635579 120415.2777188866
137072.6459510891 120197.6779820613
137333.7811789809 120088.8781136487
129108.0215003888 119544.8787715855
128999.2151554338 119436.0789031729

140053.9398028540 123200.5543502500
140315.0750307458 123157.0344028850
140010.4172648720 123135.2744292024
140097.4623408359 123069.9945081549
140119.2236098270 123069.9945081549
140097.4623408359 123048.2345344723
140249.7912237729 123048.2345344723
139662.2369610163 123026.4745607898
140075.7010718450 123026.4745607898
140140.9848788179 123026.4745607898
139988.6559958811 123004.7145871073
140053.9398028540 123004.7145871073
140075.7010718450 122982.9546134247
140075.7010718450 122961.1946397422
140162.7461478089 122939.4346660597
140380.3588377188 122743.5949029169
134983.5641279546 120959.2770609498
135788.7310806210 120654.6374293944
135135.8930108915 120545.8375609817
135397.0282387833 120502.3176136167
135941.0599635579 120415.2777188866
128999.2151554338 119436.0789031729
129108.0215003888 119544.8787715855

140685.0166035926 126573.3502710417
140010.4172648720 123135.2744292024
139988.6559958811 123091.7544818374
140097.4623408359 123069.9945081549
140119.2236098270 123069.9945081549
140249.7912237729 123048.2345344723
139662.2369610163 123026.4745607898
140249.7912237729 123026.4745607898
140010.4172648720 123004.7145871073
140053.9398028540 123004.7145871073
140075.7010718450 122982.9546134247
128933.9313484609 117521.2012191105
129108.0215003888 119544.8787715855
137333.7811789809 120088.8781136487
137072.6459510891 120197.6779820613
135941.0599635579 120415.2777188866
135397.0282387833 120502.3176136167
135135.8930108915 120545.8375609817
135788.7310806210 120654.6374293944
134983.5641279546 120959.2770609498
134765.9514380448 121198.6367714575
140380.3588377188 122743.5949029169
140075.7010718450 122917.6746923772

140685.0166035926 126573.3502710417
140010.4172648720 123135.2744292024
139988.6559958811 123091.7544818374
140097.4623408359 123069.9945081549
140119.2236098270 123069.9945081549
140249.7912237729 123048.2345344723
139662.2369610163 123026.4745607898
140249.7912237729 123026.4745607898
140010.4172648720 123004.7145871073
140075.7010718450 122982.9546134247
140075.7010718450 122961.1946397422
140075.7010718450 122917.6746923772
140380.3588377188 122743.5949029169
134765.9514380448 121198.6367714575
129108.0215003888 119544.8787715855
137224.9748340260 120023.5981926011
135941.0599635579 120415.2777188866
135397.0282387833 120502.3176136167
135135.8930108915 120545.8375609817
135788.7310806210 120654.6374293944
134983.5641279546 120959.2770609498
140010.4172648720 122917.6746923772
140162.7461478089 122939.4346660597

140685.0166035926 126573.3502710417
140010.4172648720 123135.2744292024
139988.6559958811 123091.7544818374
140097.4623408359 123069.9945081549
140119.2236098270 123069.9945081549
140249.7912237729 123048.2345344723
139662.2369610163 123026.4745607898
140249.7912237729 123026.4745607898
140010.4172648720 123004.7145871073
140075.7010718450 122982.9546134247
140075.7010718450 122961.1946397422
140075.7010718450 122917.6746923772
140380.3588377188 122743.5949029169
134765.9514380448 121198.6367714575
134983.5641279546 120959.2770609498
135788.7310806210 120654.6374293944
135135.8930108915 120545.8375609817
135397.0282387833 120502.3176136167
135941.0599635579 120415.2777188866
137072.6459510891 120197.6779820613
137333.7811789809 120088.8781136487
129108.0215003888 119544.8787715855
128999.2151554338 119436.0789031729

140685.0166035926 126573.3502710417
140010.4172648720 123135.2744292024
139988.6559958811 123091.7544818374
140097.4623408359 123069.9945081549
140119.2236098270 123069.9945081549
140249.7912237729 123048.2345344723
139662.2369610163 123026.4745607898
140249.7912237729 123026.4745607898
140010.4172648720 123004.7145871073
140075.7010718450 122982.9546134247
140075.7010718450 122961.1946397422
140075.7010718450 122917.6746923772
140380.3588377188 122743.5949029169
134765.9514380448 121198.6367714575
134983.5641279546 120959.2770609498
135788.7310806210 120654.6374293944
135135.8930108915 120545.8375609817
135397.0282387833 120502.3176136167
135941.0599635579 120415.2777188866
137072.6459510891 120197.6779820613
137333.7811789809 120088.8781136487
129108.0215003888 119544.8787715855
128933.9313484609 117521.2012191105

140053.9398028540 123200.5543502500
129108.0215003888 119544.8787715855
135397.0282387833 120502.3176136167
136049.8663085129 120567.5975346643
135766.9698116301 120611.1174820293
135157.6542798825 120676.3974030769
134874.7577829997 120893.9971399022
140380.3588377188 122743.5949029169
140075.7010718450 122917.6746923772
140010.4172648720 122917.6746923772
140162.7461478089 122939.4346660597
140075.7010718450 122961.1946397422
140075.7010718450 122982.9546134247
140010.4172648720 122982.9546134247
140053.9398028540 123004.7145871073
140249.7912237729 123026.4745607898
140075.7010718450 123026.4745607898
139662.2369610163 123026.4745607898
140249.7912237729 123048.2345344723
140097.4623408359 123048.2345344723
140097.4623408359 123069.9945081549
140053.9398028540 123091.7544818374
140010.4172648720 123135.2744292024

140053.9398028540 123200.5543502500
140315.0750307458 123157.0344028850
140010.4172648720 123135.2744292024
140097.4623408359 123069.9945081549
140119.2236098270 123069.9945081549
128933.9313484609 117521.2012191105
129108.0215003888 119544.8787715855
137333.7811789809 120088.8781136487
137072.6459510891 120197.6779820613
135941.0599635579 120415.2777188866
135397.0282387833 120502.3176136167
135135.8930108915 120545.8375609817
135788.7310806210 120654.6374293944
134983.5641279546 120959.2770609498
134765.9514380448 121198.6367714575
140380.3588377188 122743.5949029169
140075.7010718450 122917.6746923772
140075.7010718450 122961.1946397422
140075.7010718450 122982.9546134247
140010.4172648720 123004.7145871073
140249.7912237729 123026.4745607898
139662.2369610163 123026.4745607898
140249.7912237729 123048.2345344723

140641.4940656106 126725.6700868194
140010.4172648720 123135.2744292024
139988.6559958811 123091.7544818374
140097.4623408359 123069.9945081549
140119.2236098270 123069.9945081549
140249.7912237729 123048.2345344723
139662.2369610163 123026.4745607898
140249.7912237729 123026.4745607898
140010.4172648720 123004.7145871073
140075.7010718450 122982.9546134247
140075.7010718450 122961.1946397422
140075.7010718450 122917.6746923772
140380.3588377188 122743.5949029169
134765.9514380448 121198.6367714575
134983.5641279546 120959.2770609498
135788.7310806210 120654.6374293944
135135.8930108915 120545.8375609817
135397.0282387833 120502.3176136167
135941.0599635579 120415.2777188866
137072.6459510891 120197.6779820613
137333.7811789809 120088.8781136487
129108.0215003888 119544.8787715855
128933.9313484609 117521.2012191105

140641.4940656106 126725.6700868194
140010.4172648720 123135.2744292024
139988.6559958811 123091.7544818374
140097.4623408359 123069.9945081549
140119.2236098270 123069.9945081549
140249.7912237729 123048.2345344723
139662.2369610163 123026.4745607898
140249.7912237729 123026.4745607898
140010.4172648720 123004.7145871073
140075.7010718450 122982.9546134247
140075.7010718450 122961.1946397422
140075.7010718450 122917.6746923772
140380.3588377188 122743.5949029169
134765.9514380448 121198.6367714575
134983.5641279546 120959.2770609498
135788.7310806210 120654.6374293944
135135.8930108915 120545.8375609817
135397.0282387833 120502.3176136167
135941.0599635579 120415.2777188866
137072.6459510891 120197.6779820613
137333.7811789809 120088.8781136487
129108.0215003888 119544.8787715855
128999.2151554338 119436.0789031729

140053.9398028540 123200.5543502500
140315.0750307458 123157.0344028850
140010.4172648720 123135.2744292024
129108.0215003888 119544.8787715855
137224.9748340260 120023.5981926011
135941.0599635579 120415.2777188866
135397.0282387833 120502.3176136167
135135.8930108915 120545.8375609817
135788.7310806210 120654.6374293944
134983.5641279546 120959.2770609498
134765.9514380448 121198.6367714575
140380.3588377188 122743.5949029169
139966.8947268901 122895.9147186946
140075.7010718450 122917.6746923772
140075.7010718450 122961.1946397422
140010.4172648720 122982.9546134247
140162.7461478089 123004.7145871073
140010.4172648720 123004.7145871073
140249.7912237729 123026.4745607898
139662.2369610163 123026.4745607898
140249.7912237729 123048.2345344723
140097.4623408359 123048.2345344723
140097.4623408359 123069.9945081549

140685.0166035926 126573.3502710417
140010.4172648720 123135.2744292024
140053.9398028540 123091.7544818374
140097.4623408359 123069.9945081549
140097.4623408359 123048.2345344723
140249.7912237729 123048.2345344723
139662.2369610163 123026.4745607898
140075.7010718450 123026.4745607898
140140.9848788179 123026.4745607898
139988.6559958811 123004.7145871073
140053.9398028540 123004.7145871073
140075.7010718450 122982.9546134247
140075.7010718450 122961.1946397422
140162.7461478089 122939.4346660597
129108.0215003888 119544.8787715855
137224.9748340260 120023.5981926011
135941.0599635579 120415.2777188866
135397.0282387833 120502.3176136167
135135.8930108915 120545.8375609817
135788.7310806210 120654.6374293944
134983.5641279546 120959.2770609498
134765.9514380448 121198.6367714575
140380.3588377188 122743.5949029169

140053.9398028540 123200.5543502500
140010.4172648720 123135.2744292024
140053.9398028540 123091.7544818374
140097.4623408359 123069.9945081549
140119.2236098270 123069.9945081549
140249.7912237729 123048.2345344723
139662.2369610163 123026.4745607898
140075.7010718450 123026.4745607898
140249.7912237729 123026.4745607898
140053.9398028540 123004.7145871073
140010.4172648720 122982.9546134247
140075.7010718450 122982.9546134247
140162.7461478089 122939.4346660597
140010.4172648720 122917.6746923772
140075.7010718450 122917.6746923772
140380.3588377188 122743.5949029169
129108.0215003888 119544.8787715855
135397.0282387833 120502.3176136167
136049.8663085129 120567.5975346643
135766.9698116301 120611.1174820293
135114.1317419005 120632.8774557118
135114.1317419005 120806.9572451721
134852.9965140087 120893.9971399022

140663.2553346016 126377.5105078989
140293.3137617548 123287.5942449801
139923.3721889081 123200.5543502500
139988.6559958811 123091.7544818374
140119.2236098270 123048.2345344723
139444.6242711064 122961.1946397422
140032.1785338630 122852.3947713296
140750.3004105655 122721.8349292344
140249.7912237729 122613.0350608218
134396.0098651980 121285.6766661877
134765.9514380448 121198.6367714575
134983.5641279546 120959.2770609498
135788.7310806210 120654.6374293944
135135.8930108915 120545.8375609817
135397.0282387833 120502.3176136167
136463.3304193416 120480.5576399342
135941.0599635579 120415.2777188866
136680.9431092514 120306.4778504740
130957.7293646224 120045.3581662836
128933.9313484609 117521.2012191105
129108.0215003888 119544.8787715855
137333.7811789809 120088.8781136487
137072.6459510891 120197.6779820613

140053.9398028540 123200.5543502500
140010.4172648720 123135.2744292024
140053.9398028540 123091.7544818374
140097.4623408359 123069.9945081549
140119.2236098270 123069.9945081549
140249.7912237729 123048.2345344723
139662.2369610163 123026.4745607898
140075.7010718450 123026.4745607898
140249.7912237729 123026.4745607898
140053.9398028540 123004.7145871073
140010.4172648720 122982.9546134247
140075.7010718450 122982.9546134247
140162.7461478089 122939.4346660597
140010.4172648720 122917.6746923772
140075.7010718450 122917.6746923772
140380.3588377188 122743.5949029169
134852.9965140087 120893.9971399022
135114.1317419005 120806.9572451721
135766.9698116301 120611.1174820293
136049.8663085129 120567.5975346643
135397.0282387833 120502.3176136167
129108.0215003888 119544.8787715855
135157.6542798825 120676.3974030769

140685.0166035926 126573.3502710417
139988.6559958811 123396.3941133928
140293.3137617548 123287.5942449801
139923.3721889081 123200.5543502500
140119.2236098270 123048.2345344723
140053.9398028540 123004.7145871073
140097.4623408359 123004.7145871073
140075.7010718450 122982.9546134247
139444.6242711064 122961.1946397422
128933.9313484609 117521.2012191105
129108.0215003888 119544.8787715855
137333.7811789809 120088.8781136487
137072.6459510891 120197.6779820613
136680.9431092514 120262.9579031089
135941.0599635579 120415.2777188866
136463.3304193416 120480.5576399342
135397.0282387833 120502.3176136167
135135.8930108915 120545.8375609817
135788.7310806210 120654.6374293944
134983.5641279546 120959.2770609498
134765.9514380448 121198.6367714575
140249.7912237729 122613.0350608218
140032.1785338630 122852.3947713296

140053.9398028540 123200.5543502500
140010.4172648720 123135.2744292024
140053.9398028540 123091.7544818374
140119.2236098270 123069.9945081549
140249.7912237729 123048.2345344723
139662.2369610163 123026.4745607898
140075.7010718450 123026.4745607898
140140.9848788179 123026.4745607898
140249.7912237729 123026.4745607898
139988.6559958811 123004.7145871073
140053.9398028540 123004.7145871073
140162.7461478089 123004.7145871073
140075.7010718450 122982.9546134247
140119.2236098270 122982.9546134247
140140.9848788179 122982.9546134247
140075.7010718450 122961.1946397422
129108.0215003888 119544.8787715855
135397.0282387833 120502.3176136167
135766.9698116301 120611.1174820293
135157.6542798825 120676.3974030769
134874.7577829997 120893.9971399022
140380.3588377188 122743.5949029169
140075.7010718450 122917.6746923772

140685.0166035926 126573.3502710417
140010.4172648720 123135.2744292024
139988.6559958811 123091.7544818374
140097.4623408359 123069.9945081549
139466.3855400974 123178.7943765675
140249.7912237729 123048.2345344723
139662.2369610163 123026.4745607898
140249.7912237729 123026.4745607898
140010.4172648720 123004.7145871073
140075.7010718450 122982.9546134247
140075.7010718450 122961.1946397422
140075.7010718450 122917.6746923772
140032.1785338630 122852.3947713296
140380.3588377188 122743.5949029169
134765.9514380448 121198.6367714575
134983.5641279546 120959.2770609498
135788.7310806210 120654.6374293944
135135.8930108915 120545.8375609817
135397.0282387833 120502.3176136167
135941.0599635579 120415.2777188866
137224.9748340260 120023.5981926011
129108.0215003888 119544.8787715855
128933.9313484609 117521.2012191105

140685.0166035926 126573.3502710417
139988.6559958811 123396.3941133928
140293.3137617548 123287.5942449801
139923.3721889081 123200.5543502500
128933.9313484609 117521.2012191105
129173.3053073617 119066.1593505699
128999.2151554338 119436.0789031729
137224.9748340260 120023.5981926011
130957.7293646224 120045.3581662836
136680.9431092514 120306.4778504740
135941.0599635579 120415.2777188866
136463.3304193416 120480.5576399342
135397.0282387833 120502.3176136167
135135.8930108915 120545.8375609817
135788.7310806210 120654.6374293944
134983.5641279546 120959.2770609498
134765.9514380448 121198.6367714575
134396.0098651980 121285.6766661877
140249.7912237729 122613.0350608218
140750.3004105655 122721.8349292344
140032.1785338630 122852.3947713296
139444.6242711064 122961.1946397422
140119.2236098270 123048.2345344723

140641.4940656106 126725.6700868194
140010.4172648720 123135.2744292024
139988.6559958811 123091.7544818374
140097.4623408359 123069.9945081549
140119.2236098270 123069.9945081549
140249.7912237729 123048.2345344723
139662.2369610163 123026.4745607898
140249.7912237729 123026.4745607898
140010.4172648720 123004.7145871073
140075.7010718450 122982.9546134247
140075.7010718450 122961.1946397422
140075.7010718450 122917.6746923772
140032.1785338630 122852.3947713296
140380.3588377188 122743.5949029169
134765.9514380448 121198.6367714575
128999.2151554338 119436.0789031729
129108.0215003888 119544.8787715855
137224.9748340260 120023.5981926011
135941.0599635579 120415.2777188866
135397.0282387833 120502.3176136167
135135.8930108915 120545.8375609817
135788.7310806210 120654.6374293944
134983.5641279546 120959.2770609498

140641.4940656106 126921.5098499621
139509.9080780794 123418.1540870753
140010.4172648720 123135.2744292024
140663.2553346016 126442.7904289465
140119.2236098270 123069.9945081549
140249.7912237729 123048.2345344723
139662.2369610163 123026.4745607898
140249.7912237729 123026.4745607898
140010.4172648720 123004.7145871073
140162.7461478089 123004.7145871073
140075.7010718450 122917.6746923772
139966.8947268901 122895.9147186946
140380.3588377188 122743.5949029169
134765.9514380448 121198.6367714575
134983.5641279546 120959.2770609498
135788.7310806210 120654.6374293944
135135.8930108915 120545.8375609817
135397.0282387833 120502.3176136167
136463.3304193416 120480.5576399342
135941.0599635579 120415.2777188866
137072.6459510891 120197.6779820613
129108.0215003888 119544.8787715855
128999.2151554338 119436.0789031729

138704.7411254130 126573.3502710417
139183.4890432146 125528.8715342804
138704.7411254130 125267.7518500901
140032.1785338630 124636.7126132968
139618.7144230343 123374.6341397102
134221.9197132701 121916.7159029809
131849.9413932528 120676.3974030769
128933.9313484609 117521.2012191105
129173.3053073617 119066.1593505699
128999.2151554338 119436.0789031729
137224.9748340260 120023.5981926011
130957.7293646224 120045.3581662836
136680.9431092514 120306.4778504740
135941.0599635579 120415.2777188866
136463.3304193416 120480.5576399342
135397.0282387833 120502.3176136167
135135.8930108915 120545.8375609817
135788.7310806210 120654.6374293944
134983.5641279546 120959.2770609498
134765.9514380448 121198.6367714575
134396.0098651980 121285.6766661877
140249.7912237729 122613.0350608218
140750.3004105655 122721.8349292344

140053.9398028540 123200.5543502500
140315.0750307458 123157.0344028850
140010.4172648720 123135.2744292024
139988.6559958811 123091.7544818374
140119.2236098270 123069.9945081549
140249.7912237729 123048.2345344723
139662.2369610163 123026.4745607898
140249.7912237729 123026.4745607898
140010.4172648720 123004.7145871073
140010.4172648720 122982.9546134247
140075.7010718450 122982.9546134247
129108.0215003888 119544.8787715855
137224.9748340260 120023.5981926011
135941.0599635579 120415.2777188866
135397.0282387833 120502.3176136167
135135.8930108915 120545.8375609817
135788.7310806210 120654.6374293944
134983.5641279546 120959.2770609498
134765.9514380448 121198.6367714575
140380.3588377188 122743.5949029169
139966.8947268901 122895.9147186946
140075.7010718450 122917.6746923772
140075.7010718450 122961.1946397422

140053.9398028540 123200.5543502500
140315.0750307458 123157.0344028850
140010.4172648720 123135.2744292024
139988.6559958811 123091.7544818374
140119.2236098270 123069.9945081549
140249.7912237729 123048.2345344723
139662.2369610163 123026.4745607898
140249.7912237729 123026.4745607898
140010.4172648720 123004.7145871073
140010.4172648720 122982.9546134247
140075.7010718450 122982.9546134247
140075.7010718450 122961.1946397422
140053.9398028540 122939.4346660597
129108.0215003888 119544.8787715855
135397.0282387833 120502.3176136167
136049.8663085129 120567.5975346643
135766.9698116301 120611.1174820293
135114.1317419005 120806.9572451721
134852.9965140087 120893.9971399022
140380.3588377188 122743.5949029169
140162.7461478089 122895.9147186946
140075.7010718450 122917.6746923772
140010.4172648720 122917.6746923772

140685.0166035926 126573.3502710417
139988.6559958811 123396.3941133928
140293.3137617548 123287.5942449801
128933.9313484609 117521.2012191105
129108.0215003888 119544.8787715855
137333.7811789809 120088.8781136487
137072.6459510891 120197.6779820613
136680.9431092514 120262.9579031089
135941.0599635579 120415.2777188866
136463.3304193416 120480.5576399342
135397.0282387833 120502.3176136167
135135.8930108915 120545.8375609817
135788.7310806210 120654.6374293944
134983.5641279546 120959.2770609498
134765.9514380448 121198.6367714575
140249.7912237729 122613.0350608218
140032.1785338630 122852.3947713296
139966.8947268901 122852.3947713296
139444.6242711064 122961.1946397422
140075.7010718450 122982.9546134247
140097.4623408359 123004.7145871073
140119.2236098270 123048.2345344723
139923.3721889081 123200.5543502500

140641.4940656106 126725.6700868194
139988.6559958811 123396.3941133928
140293.3137617548 123287.5942449801
139923.3721889081 123200.5543502500
140119.2236098270 123048.2345344723
140097.4623408359 123004.7145871073
140075.7010718450 122982.9546134247
139444.6242711064 122961.1946397422
140619.7327966196 122743.5949029169
140032.1785338630 122852.3947713296
140249.7912237729 122613.0350608218
134765.9514380448 121198.6367714575
134983.5641279546 120959.2770609498
135788.7310806210 120654.6374293944
135135.8930108915 120545.8375609817
135397.0282387833 120502.3176136167
136463.3304193416 120480.5576399342
135941.0599635579 120415.2777188866
136680.9431092514 120262.9579031089
137072.6459510891 120197.6779820613
137333.7811789809 120088.8781136487
129108.0215003888 119544.8787715855
128933.9313484609 117521.2012191105

140641.4940656106 126725.6700868194
139988.6559958811 123396.3941133928
140293.3137617548 123287.5942449801
139923.3721889081 123200.5543502500
128933.9313484609 117521.2012191105
129173.3053073617 119066.1593505699
128999.2151554338 119436.0789031729
137224.9748340260 120023.5981926011
130957.7293646224 120045.3581662836
136680.9431092514 120306.4778504740
135941.0599635579 120415.2777188866
136463.3304193416 120480.5576399342
135397.0282387833 120502.3176136167
135135.8930108915 120545.8375609817
135788.7310806210 120654.6374293944
134983.5641279546 120959.2770609498
134765.9514380448 121198.6367714575
134396.0098651980 121285.6766661877
140249.7912237729 122613.0350608218
140750.3004105655 122721.8349292344
140032.1785338630 122852.3947713296
139444.6242711064 122961.1946397422
140119.2236098270 123048.2345344723

140641.4940656106 126725.6700868194
140010.4172648720 123135.2744292024
139988.6559958811 123091.7544818374
140097.4623408359 123069.9945081549
140119.2236098270 123069.9945081549
140249.7912237729 123048.2345344723
139662.2369610163 123026.4745607898
140249.7912237729 123026.4745607898
140010.4172648720 123004.7145871073
140075.7010718450 122982.9546134247
140075.7010718450 122961.1946397422
140075.7010718450 122917.6746923772
140032.1785338630 122852.3947713296
140380.3588377188 122743.5949029169
134765.9514380448 121198.6367714575
129108.0215003888 119544.8787715855
137224.9748340260 120023.5981926011
137050.8846820981 120241.1979294264
135941.0599635579 120415.2777188866
135397.0282387833 120502.3176136167
135135.8930108915 120545.8375609817
135788.7310806210 120654.6374293944
134983.5641279546 120959.2770609498

138704.7411254130 126573.3502710417
139183.4890432146 125528.8715342804
138704.7411254130 125267.7518500901
140032.1785338630 124636.7126132968
137594.9164068727 123962.1534291385
139618.7144230343 123374.6341397102
128933.9313484609 117521.2012191105
129173.3053073617 119066.1593505699
128999.2151554338 119436.0789031729
137224.9748340260 120023.5981926011
130957.7293646224 120045.3581662836
136680.9431092514 120306.4778504740
135941.0599635579 120415.2777188866
136463.3304193416 120480.5576399342
135397.0282387833 120502.3176136167
135135.8930108915 120545.8375609817
135788.7310806210 120654.6374293944
134983.5641279546 120959.2770609498
134765.9514380448 121198.6367714575
134396.0098651980 121285.6766661877
140249.7912237729 122613.0350608218
140750.3004105655 122721.8349292344
140032.1785338630 122852.3947713296

140663.2553346016 126377.5105078989
139988.6559958811 123396.3941133928
140293.3137617548 123287.5942449801
139923.3721889081 123200.5543502500
140119.2236098270 123048.2345344723
140053.9398028540 123004.7145871073
140097.4623408359 123004.7145871073
140075.7010718450 122982.9546134247
139444.6242711064 122961.1946397422
128933.9313484609 117521.2012191105
129108.0215003888 119544.8787715855
137333.7811789809 120088.8781136487
137072.6459510891 120197.6779820613
136680.9431092514 120262.9579031089
135941.0599635579 120415.2777188866
136463.3304193416 120480.5576399342
135397.0282387833 120502.3176136167
135135.8930108915 120545.8375609817
135788.7310806210 120654.6374293944
134983.5641279546 120959.2770609498
134765.9514380448 121198.6367714575
134396.0098651980 121285.6766661877
140249.7912237729 122613.0350608218

140641.4940656106 126725.6700868194
140053.9398028540 123200.5543502500
140315.0750307458 123157.0344028850
140010.4172648720 123135.2744292024
128933.9313484609 117521.2012191105
129108.0215003888 119544.8787715855
137224.9748340260 120023.5981926011
135941.0599635579 120415.2777188866
135397.0282387833 120502.3176136167
135135.8930108915 120545.8375609817
135788.7310806210 120654.6374293944
134983.5641279546 120959.2770609498
134765.9514380448 121198.6367714575
140380.3588377188 122743.5949029169
140032.1785338630 122852.3947713296
140075.7010718450 122917.6746923772
140075.7010718450 122961.1946397422
140075.7010718450 122982.9546134247
140010.4172648720 123004.7145871073
140249.7912237729 123026.4745607898
139662.2369610163 123026.4745607898
140249.7912237729 123048.2345344723
140119.2236098270 123069.9945081549

140641.4940656106 126725.6700868194
140010.4172648720 123135.2744292024
139988.6559958811 123091.7544818374
140097.4623408359 123069.9945081549
140119.2236098270 123069.9945081549
140249.7912237729 123048.2345344723
139662.2369610163 123026.4745607898
140249.7912237729 123026.4745607898
140010.4172648720 123004.7145871073
140075.7010718450 122982.9546134247
140075.7010718450 122961.1946397422
140075.7010718450 122917.6746923772
140032.1785338630 122852.3947713296
140380.3588377188 122743.5949029169
134765.9514380448 121198.6367714575
134983.5641279546 120959.2770609498
135788.7310806210 120654.6374293944
135135.8930108915 120545.8375609817
135397.0282387833 120502.3176136167
135941.0599635579 120415.2777188866
128933.9313484609 117521.2012191105
129108.0215003888 119544.8787715855
137224.9748340260 120023.5981926011

128933.9313484609 117521.2012191105
129173.3053073617 119066.1593505699
128999.2151554338 119436.0789031729
137224.9748340260 120023.5981926011
130957.7293646224 120045.3581662836
136680.9431092514 120306.4778504740
135941.0599635579 120415.2777188866
136463.3304193416 120480.5576399342
135397.0282387833 120502.3176136167
135135.8930108915 120545.8375609817
135788.7310806210 120654.6374293944
134983.5641279546 120959.2770609498
134765.9514380448 121198.6367714575
134396.0098651980 121285.6766661877
140249.7912237729 122613.0350608218
140750.3004105655 122721.8349292344
140032.1785338630 122852.3947713296
139444.6242711064 122961.1946397422
140119.2236098270 123048.2345344723
130957.7293646224 117630.0010875231
139923.3721889081 123200.5543502500
140293.3137617548 123287.5942449801
140641.4940656106 126725.6700868194

140663.2553346016 126377.5105078989
140010.4172648720 123135.2744292024
139988.6559958811 123091.7544818374
140097.4623408359 123069.9945081549
140119.2236098270 123069.9945081549
140249.7912237729 123048.2345344723
139662.2369610163 123026.4745607898
140249.7912237729 123026.4745607898
140010.4172648720 123004.7145871073
140162.7461478089 123004.7145871073
140075.7010718450 122917.6746923772
128759.8411965330 117782.3209033008
140380.3588377188 122743.5949029169
134765.9514380448 121198.6367714575
134983.5641279546 120959.2770609498
135788.7310806210 120654.6374293944
135135.8930108915 120545.8375609817
135397.0282387833 120502.3176136167
135941.0599635579 120415.2777188866
137072.6459510891 120197.6779820613
128933.9313484609 117521.2012191105
129108.0215003888 119544.8787715855
137333.7811789809 120088.8781136487

140685.0166035926 127530.7891130729
138704.7411254130 126573.3502710417
139183.4890432146 125528.8715342804
140032.1785338630 124636.7126132968
137594.9164068727 123962.1534291385
139618.7144230343 123374.6341397102
132437.4956560094 121677.3561924731
130848.9230196675 120001.8382189186
136876.7945301703 119980.0782452360
133090.3337257390 119914.7983241885
132481.0181939914 119610.1586926331
131610.5674343520 119588.3987189506
133329.7076846398 119457.8388768554
129108.0215003888 119544.8787715855
137224.9748340260 120023.5981926011
135941.0599635579 120415.2777188866
135397.0282387833 120502.3176136167
135135.8930108915 120545.8375609817
135788.7310806210 120654.6374293944
134983.5641279546 120959.2770609498
134765.9514380448 121198.6367714575
140380.3588377188 122743.5949029169
140032.1785338630 122852.3947713296

140641.4940656106 126725.6700868194
140750.3004105655 126094.6308500261
137573.1551378818 119936.5582978710
139923.3721889081 123200.5543502500
139988.6559958811 123091.7544818374
140119.2236098270 123048.2345344723
139444.6242711064 122961.1946397422
139966.8947268901 122895.9147186946
140032.1785338630 122852.3947713296
140249.7912237729 122613.0350608218
134396.0098651980 121285.6766661877
134765.9514380448 121198.6367714575
134983.5641279546 120959.2770609498
135788.7310806210 120654.6374293944
135135.8930108915 120545.8375609817
135397.0282387833 120502.3176136167
136463.3304193416 120480.5576399342
135941.0599635579 120415.2777188866
136680.9431092514 120262.9579031089
137072.6459510891 120197.6779820613
137333.7811789809 120088.8781136487
129108.0215003888 119544.8787715855
128933.9313484609 117521.2012191105

140641.4940656106 126725.6700868194
128933.9313484609 117521.2012191105
129108.0215003888 119544.8787715855
137224.9748340260 120023.5981926011
135941.0599635579 120415.2777188866
136463.3304193416 120480.5576399342
135397.0282387833 120502.3176136167
135135.8930108915 120545.8375609817
135788.7310806210 120654.6374293944
134983.5641279546 120959.2770609498
134765.9514380448 121198.6367714575
140380.3588377188 122743.5949029169
139966.8947268901 122895.9147186946
140075.7010718450 122917.6746923772
140162.7461478089 123004.7145871073
140010.4172648720 123004.7145871073
140249.7912237729 123026.4745607898
139662.2369610163 123026.4745607898
140249.7912237729 123048.2345344723
140119.2236098270 123069.9945081549
140097.4623408359 123069.9945081549
139988.6559958811 123091.7544818374
140010.4172648720 123135.2744292024

140663.2553346016 126377.5105078989
140010.4172648720 123135.2744292024
139988.6559958811 123091.7544818374
140097.4623408359 123069.9945081549
140119.2236098270 123069.9945081549
140249.7912237729 123048.2345344723
139662.2369610163 123026.4745607898
140249.7912237729 123026.4745607898
140010.4172648720 123004.7145871073
140162.7461478089 123004.7145871073
128933.9313484609 117521.2012191105
129108.0215003888 119544.8787715855
137333.7811789809 120088.8781136487
137072.6459510891 120197.6779820613
136680.9431092514 120262.9579031089
135941.0599635579 120415.2777188866
136463.3304193416 120480.5576399342
135397.0282387833 120502.3176136167
135135.8930108915 120545.8375609817
135788.7310806210 120654.6374293944
134983.5641279546 120959.2770609498
134765.9514380448 121198.6367714575
134396.0098651980 121285.6766661877

140641.4940656106 126921.5098499621
139509.9080780794 123418.1540870753
140010.4172648720 123135.2744292024
139988.6559958811 123091.7544818374
140119.2236098270 123069.9945081549
140249.7912237729 123048.2345344723
139662.2369610163 123026.4745607898
140249.7912237729 123026.4745607898
140010.4172648720 123004.7145871073
140162.7461478089 123004.7145871073
140075.7010718450 122917.6746923772
139966.8947268901 122895.9147186946
140380.3588377188 122743.5949029169
134765.9514380448 121198.6367714575
134983.5641279546 120959.2770609498
135788.7310806210 120654.6374293944
135135.8930108915 120545.8375609817
135397.0282387833 120502.3176136167
136463.3304193416 120480.5576399342
135941.0599635579 120415.2777188866
137072.6459510891 120197.6779820613
128933.9313484609 117521.2012191105
129108.0215003888 119544.8787715855

140641.4940656106 126725.6700868194
140010.4172648720 123135.2744292024
139988.6559958811 123091.7544818374
140097.4623408359 123069.9945081549
140119.2236098270 123069.9945081549
140249.7912237729 123048.2345344723
139662.2369610163 123026.4745607898
140249.7912237729 123026.4745607898
140010.4172648720 123004.7145871073
140075.7010718450 122982.9546134247
140075.7010718450 122961.1946397422
128933.9313484609 117521.2012191105
129108.0215003888 119544.8787715855
137333.7811789809 120088.8781136487
137072.6459510891 120197.6779820613
136680.9431092514 120262.9579031089
135941.0599635579 120415.2777188866
136463.3304193416 120480.5576399342
135397.0282387833 120502.3176136167
135135.8930108915 120545.8375609817
135788.7310806210 120654.6374293944
134983.5641279546 120959.2770609498
134765.9514380448 121198.6367714575

140641.4940656106 126725.6700868194
140010.4172648720 123135.2744292024
139988.6559958811 123091.7544818374
140097.4623408359 123069.9945081549
140119.2236098270 123069.9945081549
140249.7912237729 123048.2345344723
139662.2369610163 123026.4745607898
140249.7912237729 123026.4745607898
140010.4172648720 123004.7145871073
140075.7010718450 122961.1946397422
140010.4172648720 122917.6746923772
140075.7010718450 122917.6746923772
140032.1785338630 122852.3947713296
140380.3588377188 122743.5949029169
128999.2151554338 119436.0789031729
129108.0215003888 119544.8787715855
137224.9748340260 120023.5981926011
135941.0599635579 120415.2777188866
135397.0282387833 120502.3176136167
135135.8930108915 120545.8375609817
135788.7310806210 120654.6374293944
134983.5641279546 120959.2770609498
134765.9514380448 121198.6367714575

128933.9313484609 117521.2012191105
129108.0215003888 119544.8787715855
137333.7811789809 120088.8781136487
137072.6459510891 120197.6779820613
136680.9431092514 120262.9579031089
135941.0599635579 120415.2777188866
136463.3304193416 120480.5576399342
135397.0282387833 120502.3176136167
135135.8930108915 120545.8375609817
135788.7310806210 120654.6374293944
134983.5641279546 120959.2770609498
134765.9514380448 121198.6367714575
134396.0098651980 121285.6766661877
140249.7912237729 122613.0350608218
140032.1785338630 122852.3947713296
139966.8947268901 122895.9147186946
139444.6242711064 122961.1946397422
140119.2236098270 123048.2345344723
134809.4739760267 121002.7970083148
139923.3721889081 123200.5543502500
140293.3137617548 123287.5942449801
140750.3004105655 126094.6308500261
140641.4940656106 126725.6700868194

140663.2553346016 126377.5105078989
140010.4172648720 123135.2744292024
139988.6559958811 123091.7544818374
140097.4623408359 123069.9945081549
140119.2236098270 123069.9945081549
140249.7912237729 123048.2345344723
139662.2369610163 123026.4745607898
140249.7912237729 123026.4745607898
140010.4172648720 123004.7145871073
140075.7010718450 122982.9546134247
140075.7010718450 122961.1946397422
128933.9313484609 117521.2012191105
129108.0215003888 119544.8787715855
137333.7811789809 120088.8781136487
137072.6459510891 120197.6779820613
136680.9431092514 120262.9579031089
135941.0599635579 120415.2777188866
136463.3304193416 120480.5576399342
135397.0282387833 120502.3176136167
135135.8930108915 120545.8375609817
135788.7310806210 120654.6374293944
134983.5641279546 120959.2770609498
134765.9514380448 121198.6367714575

140663.2553346016 126377.5105078989
139988.6559958811 123396.3941133928
140293.3137617548 123287.5942449801
139923.3721889081 123200.5543502500
140119.2236098270 123048.2345344723
140097.4623408359 123004.7145871073
140075.7010718450 122982.9546134247
139444.6242711064 122961.1946397422
139966.8947268901 122852.3947713296
140032.1785338630 122852.3947713296
140249.7912237729 122613.0350608218
128933.9313484609 117521.2012191105
129108.0215003888 119544.8787715855
137333.7811789809 120088.8781136487
137072.6459510891 120197.6779820613
136680.9431092514 120262.9579031089
135941.0599635579 120415.2777188866
136463.3304193416 120480.5576399342
135397.0282387833 120502.3176136167
135135.8930108915 120545.8375609817
135788.7310806210 120654.6374293944
134983.5641279546 120959.2770609498
134765.9514380448 121198.6367714575

140641.4940656106 126725.6700868194
140750.3004105655 126094.6308500261
140293.3137617548 123287.5942449801
139923.3721889081 123200.5543502500
139988.6559958811 123091.7544818374
140119.2236098270 123048.2345344723
139444.6242711064 122961.1946397422
139966.8947268901 122895.9147186946
128933.9313484609 117521.2012191105
129173.3053073617 119066.1593505699
128999.2151554338 119436.0789031729
137224.9748340260 120023.5981926011
130957.7293646224 120045.3581662836
136680.9431092514 120306.4778504740
135941.0599635579 120415.2777188866
136463.3304193416 120480.5576399342
135397.0282387833 120502.3176136167
135135.8930108915 120545.8375609817
135788.7310806210 120654.6374293944
134983.5641279546 120959.2770609498
134765.9514380448 121198.6367714575
134396.0098651980 121285.6766661877
140249.7912237729 122613.0350608218

140641.4940656106 126725.6700868194
140293.3137617548 123287.5942449801
139923.3721889081 123200.5543502500
139988.6559958811 123091.7544818374
128933.9313484609 117521.2012191105
129108.0215003888 119544.8787715855
137333.7811789809 120088.8781136487
137072.6459510891 120197.6779820613
135941.0599635579 120415.2777188866
136463.3304193416 120480.5576399342
135397.0282387833 120502.3176136167
135135.8930108915 120545.8375609817
135788.7310806210 120654.6374293944
134983.5641279546 120959.2770609498
134765.9514380448 121198.6367714575
140249.7912237729 122613.0350608218
140032.1785338630 122852.3947713296
139966.8947268901 122852.3947713296
139444.6242711064 122961.1946397422
140075.7010718450 122982.9546134247
140097.4623408359 123004.7145871073
140053.9398028540 123004.7145871073
140119.2236098270 123048.2345344723

140663.2553346016 126377.5105078989
139988.6559958811 123396.3941133928
140293.3137617548 123287.5942449801
139923.3721889081 123200.5543502500
140119.2236098270 123048.2345344723
128933.9313484609 117521.2012191105
129173.3053073617 119066.1593505699
128999.2151554338 119436.0789031729
137224.9748340260 120023.5981926011
130957.7293646224 120045.3581662836
136680.9431092514 120306.4778504740
135941.0599635579 120415.2777188866
136463.3304193416 120480.5576399342
135397.0282387833 120502.3176136167
135135.8930108915 120545.8375609817
135788.7310806210 120654.6374293944
134983.5641279546 120959.2770609498
134765.9514380448 121198.6367714575
134396.0098651980 121285.6766661877
140249.7912237729 122613.0350608218
140750.3004105655 122721.8349292344
140032.1785338630 122852.3947713296
139444.6242711064 122961.1946397422

140663.2553346016 126377.5105078989
128933.9313484609 117521.2012191105
129173.3053073617 119066.1593505699
128999.2151554338 119436.0789031729
137224.9748340260 120023.5981926011
130957.7293646224 120045.3581662836
136680.9431092514 120306.4778504740
135941.0599635579 120415.2777188866
136463.3304193416 120480.5576399342
135397.0282387833 120502.3176136167
135135.8930108915 120545.8375609817
135788.7310806210 120654.6374293944
134983.5641279546 120959.2770609498
134765.9514380448 121198.6367714575
134396.0098651980 121285.6766661877
140249.7912237729 122613.0350608218
140750.3004105655 122721.8349292344
140032.1785338630 122852.3947713296
139444.6242711064 122961.1946397422
140119.2236098270 123048.2345344723
139988.6559958811 123091.7544818374
139923.3721889081 123200.5543502500
140293.3137617548 123287.5942449801

140053.9398028540 123200.5543502500
140315.0750307458 123157.0344028850
140010.4172648720 123135.2744292024
139988.6559958811 123091.7544818374
140119.2236098270 123069.9945081549
140249.7912237729 123048.2345344723
139662.2369610163 123026.4745607898
140140.9848788179 123026.4745607898
140162.7461478089 123004.7145871073
140010.4172648720 122982.9546134247
140075.7010718450 122982.9546134247
128933.9313484609 117521.2012191105
129108.0215003888 119544.8787715855
137333.7811789809 120088.8781136487
137072.6459510891 120197.6779820613
136680.9431092514 120262.9579031089
135941.0599635579 120415.2777188866
136463.3304193416 120480.5576399342
135397.0282387833 120502.3176136167
135135.8930108915 120545.8375609817
135788.7310806210 120654.6374293944
134983.5641279546 120959.2770609498
134765.9514380448 121198.6367714575

140641.4940656106 126725.6700868194
140293.3137617548 123287.5942449801
139923.3721889081 123200.5543502500
139988.6559958811 123091.7544818374
140119.2236098270 123048.2345344723
139444.6242711064 122961.1946397422
140032.1785338630 122852.3947713296
140750.3004105655 122721.8349292344
140249.7912237729 122613.0350608218
134396.0098651980 121285.6766661877
134765.9514380448 121198.6367714575
134983.5641279546 120959.2770609498
135788.7310806210 120654.6374293944
135135.8930108915 120545.8375609817
135397.0282387833 120502.3176136167
136463.3304193416 120480.5576399342
135941.0599635579 120415.2777188866
136680.9431092514 120306.4778504740
130957.7293646224 120045.3581662836
128933.9313484609 117521.2012191105
129108.0215003888 119544.8787715855
137333.7811789809 120088.8781136487
137072.6459510891 120197.6779820613

128933.9313484609 117521.2012191105
129173.3053073617 119066.1593505699
128999.2151554338 119436.0789031729
137224.9748340260 120023.5981926011
130957.7293646224 120045.3581662836
135941.0599635579 120415.2777188866
136463.3304193416 120480.5576399342
135397.0282387833 120502.3176136167
135135.8930108915 120545.8375609817
135788.7310806210 120654.6374293944
134983.5641279546 120959.2770609498
134765.9514380448 121198.6367714575
134396.0098651980 121285.6766661877
140249.7912237729 122613.0350608218
140750.3004105655 122721.8349292344
140032.1785338630 122852.3947713296
139444.6242711064 122961.1946397422
140119.2236098270 123048.2345344723
139988.6559958811 123091.7544818374
139923.3721889081 123200.5543502500
140293.3137617548 123287.5942449801
136680.9431092514 120306.4778504740
140641.4940656106 126725.6700868194

140641.4940656106 126725.6700868194
139988.6559958811 123396.3941133928
140293.3137617548 123287.5942449801
139923.3721889081 123200.5543502500
140119.2236098270 123048.2345344723
140053.9398028540 123004.7145871073
140097.4623408359 123004.7145871073
140162.7461478089 123004.7145871073
140075.7010718450 122982.9546134247
139444.6242711064 122961.1946397422
128933.9313484609 117521.2012191105
129108.0215003888 119544.8787715855
137333.7811789809 120088.8781136487
137072.6459510891 120197.6779820613
135941.0599635579 120415.2777188866
136463.3304193416 120480.5576399342
135397.0282387833 120502.3176136167
135135.8930108915 120545.8375609817
135788.7310806210 120654.6374293944
134983.5641279546 120959.2770609498
134765.9514380448 121198.6367714575
140249.7912237729 122613.0350608218
140032.1785338630 122852.3947713296

140641.4940656106 126725.6700868194
139988.6559958811 123396.3941133928
140293.3137617548 123287.5942449801
139923.3721889081 123200.5543502500
140119.2236098270 123048.2345344723
140097.4623408359 123004.7145871073
140075.7010718450 122982.9546134247
139444.6242711064 122961.1946397422
139966.8947268901 122852.3947713296
140032.1785338630 122852.3947713296
140249.7912237729 122613.0350608218
128933.9313484609 117521.2012191105
129108.0215003888 119544.8787715855
137333.7811789809 120088.8781136487
137072.6459510891 120197.6779820613
136680.9431092514 120262.9579031089
135941.0599635579 120415.2777188866
136463.3304193416 120480.5576399342
135397.0282387833 120502.3176136167
135135.8930108915 120545.8375609817
135788.7310806210 120654.6374293944
134983.5641279546 120959.2770609498
134765.9514380448 121198.6367714575

140641.4940656106 126725.6700868194
128933.9313484609 117521.2012191105
129108.0215003888 119544.8787715855
137333.7811789809 120088.8781136487
137072.6459510891 120197.6779820613
136680.9431092514 120262.9579031089
135941.0599635579 120415.2777188866
136463.3304193416 120480.5576399342
135397.0282387833 120502.3176136167
135135.8930108915 120545.8375609817
135788.7310806210 120654.6374293944
134983.5641279546 120959.2770609498
134765.9514380448 121198.6367714575
134396.0098651980 121285.6766661877
140249.7912237729 122613.0350608218
140032.1785338630 122852.3947713296
139966.8947268901 122895.9147186946
139444.6242711064 122961.1946397422
140119.2236098270 123048.2345344723
139618.7144230343 118630.9598769194
139923.3721889081 123200.5543502500
140293.3137617548 123287.5942449801
140750.3004105655 126094.6308500261

140641.4940656106 126725.6700868194
128933.9313484609 117521.2012191105
129108.0215003888 119544.8787715855
137333.7811789809 120088.8781136487
137072.6459510891 120197.6779820613
136680.9431092514 120262.9579031089
135941.0599635579 120415.2777188866
136463.3304193416 120480.5576399342
135397.0282387833 120502.3176136167
135135.8930108915 120545.8375609817
135788.7310806210 120654.6374293944
134983.5641279546 120959.2770609498
134765.9514380448 121198.6367714575
139966.8947268901 122895.9147186946
140075.7010718450 122917.6746923772
140010.4172648720 123004.7145871073
140249.7912237729 123026.4745607898
139662.2369610163 123026.4745607898
140249.7912237729 123048.2345344723
140119.2236098270 123069.9945081549
140097.4623408359 123069.9945081549
139988.6559958811 123091.7544818374
140010.4172648720 123135.2744292024

140641.4940656106 126725.6700868194
139988.6559958811 123396.3941133928
140293.3137617548 123287.5942449801
139923.3721889081 123200.5543502500
140119.2236098270 123048.2345344723
140097.4623408359 123004.7145871073
140075.7010718450 122982.9546134247
139444.6242711064 122961.1946397422
139966.8947268901 122852.3947713296
140032.1785338630 122852.3947713296
140249.7912237729 122613.0350608218
134396.0098651980 121285.6766661877
134765.9514380448 121198.6367714575
128933.9313484609 117521.2012191105
129108.0215003888 119544.8787715855
137333.7811789809 120088.8781136487
137072.6459510891 120197.6779820613
135941.0599635579 120415.2777188866
136463.3304193416 120480.5576399342
135397.0282387833 120502.3176136167
135135.8930108915 120545.8375609817
135788.7310806210 120654.6374293944
134983.5641279546 120959.2770609498

140641.4940656106 126725.6700868194
139988.6559958811 123396.3941133928
140293.3137617548 123287.5942449801
139923.3721889081 123200.5543502500
128933.9313484609 117521.2012191105
129173.3053073617 119066.1593505699
128999.2151554338 119436.0789031729
137333.7811789809 120088.8781136487
137072.6459510891 120197.6779820613
135941.0599635579 120415.2777188866
136463.3304193416 120480.5576399342
135397.0282387833 120502.3176136167
135135.8930108915 120545.8375609817
135788.7310806210 120654.6374293944
134983.5641279546 120959.2770609498
134765.9514380448 121198.6367714575
134396.0098651980 121285.6766661877
140249.7912237729 122613.0350608218
140032.1785338630 122852.3947713296
139444.6242711064 122961.1946397422
140075.7010718450 122982.9546134247
140097.4623408359 123004.7145871073
140119.2236098270 123048.2345344723

140641.4940656106 126725.6700868194
140750.3004105655 126094.6308500261
140293.3137617548 123287.5942449801
139923.3721889081 123200.5543502500
136855.0332611793 120567.5975346643
140097.4623408359 123004.7145871073
140075.7010718450 122982.9546134247
139444.6242711064 122961.1946397422
140032.1785338630 122852.3947713296
140249.7912237729 122613.0350608218
134396.0098651980 121285.6766661877
134765.9514380448 121198.6367714575
134983.5641279546 120959.2770609498
135788.7310806210 120654.6374293944
135135.8930108915 120545.8375609817
135397.0282387833 120502.3176136167
136463.3304193416 120480.5576399342
135941.0599635579 120415.2777188866
137072.6459510891 120197.6779820613
137333.7811789809 120088.8781136487
128999.2151554338 119436.0789031729
129173.3053073617 119066.1593505699
128933.9313484609 117521.2012191105

140641.4940656106 126725.6700868194
140750.3004105655 126094.6308500261
139292.2953881696 123200.5543502500
139923.3721889081 123200.5543502500
140119.2236098270 123048.2345344723
140097.4623408359 123004.7145871073
140075.7010718450 122982.9546134247
139444.6242711064 122961.1946397422
140032.1785338630 122852.3947713296
140249.7912237729 122613.0350608218
134396.0098651980 121285.6766661877
134765.9514380448 121198.6367714575
134983.5641279546 120959.2770609498
135788.7310806210 120654.6374293944
135135.8930108915 120545.8375609817
135397.0282387833 120502.3176136167
136463.3304193416 120480.5576399342
135941.0599635579 120415.2777188866
137072.6459510891 120197.6779820613
137333.7811789809 120088.8781136487
128999.2151554338 119436.0789031729
129173.3053073617 119066.1593505699
128933.9313484609 117521.2012191105

140641.4940656106 126725.6700868194
139988.6559958811 123396.3941133928
140162.7461478089 123135.2744292024
140119.2236098270 123069.9945081549
140119.2236098270 123048.2345344723
140053.9398028540 123004.7145871073
140097.4623408359 123004.7145871073
140075.7010718450 122982.9546134247
139444.6242711064 122961.1946397422
139966.8947268901 122852.3947713296
140032.1785338630 122852.3947713296
140249.7912237729 122613.0350608218
134765.9514380448 121198.6367714575
134983.5641279546 120959.2770609498
135788.7310806210 120654.6374293944
135135.8930108915 120545.8375609817
135397.0282387833 120502.3176136167
136463.3304193416 120480.5576399342
135941.0599635579 120415.2777188866
137072.6459510891 120197.6779820613
137333.7811789809 120088.8781136487
128933.9313484609 117521.2012191105
128999.2151554338 119436.0789031729

140663.2553346016 127204.3895078350
140510.9264516647 126377.5105078989
135832.2536186030 114126.6453246363
135157.6542798825 114714.1646140645
135919.2986945669 115301.6839034928
132067.5540831627 116759.6021402221
130870.6842886585 117455.9212980629
132241.6442350905 117847.6008243484
139466.3855400974 118152.2404559038
129390.9179972716 118174.0004295863
129586.7694181904 119327.2790347602
129151.5440383707 119436.0789031729
132481.0181939914 119610.1586926331
131741.1350482979 119631.9186663156
133090.3337257390 119914.7983241885
136876.7945301703 119980.0782452360
137551.3938688908 120001.8382189186
130848.9230196675 120001.8382189186
140162.7461478089 120088.8781136487
137420.8262549449 120262.9579031089
132437.4956560094 121677.3561924731
137594.9164068727 123962.1534291385
137333.7811789809 124419.1128764715

140641.4940656106 126725.6700868194
139966.8947268901 123135.2744292024
135832.2536186030 114126.6453246363
135157.6542798825 114714.1646140645
135919.2986945669 115301.6839034928
132067.5540831627 116759.6021402221
130870.6842886585 117455.9212980629
132241.6442350905 117847.6008243484
139466.3855400974 118152.2404559038
129390.9179972716 118174.0004295863
129586.7694181904 119327.2790347602
129151.5440383707 119436.0789031729
132481.0181939914 119610.1586926331
131741.1350482979 119631.9186663156
133090.3337257390 119914.7983241885
136876.7945301703 119980.0782452360
137551.3938688908 120001.8382189186
130848.9230196675 120001.8382189186
140162.7461478089 120088.8781136487
137420.8262549449 120262.9579031089
132437.4956560094 121677.3561924731
137594.9164068727 123962.1534291385
137333.7811789809 124419.1128764715

140663.2553346016 127204.3895078350
140510.9264516647 126377.5105078989
139966.8947268901 123135.2744292024
139466.3855400974 118152.2404559038
130522.5039848028 118152.2404559038
129390.9179972716 118174.0004295863
128651.0348515781 119131.4392716175
129151.5440383707 119436.0789031729
132481.0181939914 119610.1586926331
131741.1350482979 119631.9186663156
137812.5290967826 119784.2384820933
133090.3337257390 119914.7983241885
136876.7945301703 119980.0782452360
137551.3938688908 120001.8382189186
130848.9230196675 120001.8382189186
137420.8262549449 120262.9579031089
136811.5107231973 120371.7577715215
139771.0433059712 121894.9559292984
140793.8229485475 121960.2358503460
133634.3654505135 122264.8754819014
140576.2102586376 122395.4353239965
135375.2669697923 122504.2351924091
138030.1417866924 124353.8329554239

140663.2553346016 127204.3895078350
140510.9264516647 126377.5105078989
139466.3855400974 118152.2404559038
130522.5039848028 118152.2404559038
129390.9179972716 118174.0004295863
128651.0348515781 119131.4392716175
129151.5440383707 119436.0789031729
132481.0181939914 119610.1586926331
131741.1350482979 119631.9186663156
137812.5290967826 119784.2384820933
133090.3337257390 119914.7983241885
136876.7945301703 119980.0782452360
137551.3938688908 120001.8382189186
130848.9230196675 120001.8382189186
137420.8262549449 120262.9579031089
136811.5107231973 120371.7577715215
139771.0433059712 121894.9559292984
140793.8229485475 121960.2358503460
133634.3654505135 122264.8754819014
140576.2102586376 122395.4353239965
136724.4656472334 125093.6720606298
138030.1417866924 124353.8329554239
137333.7811789809 124419.1128764715

140663.2553346016 127204.3895078350
140510.9264516647 126377.5105078989
139466.3855400974 118152.2404559038
129390.9179972716 118174.0004295863
128651.0348515781 119131.4392716175
140510.9264516647 119370.7989821253
129151.5440383707 119436.0789031729
132481.0181939914 119610.1586926331
131741.1350482979 119631.9186663156
137812.5290967826 119784.2384820933
133090.3337257390 119914.7983241885
136876.7945301703 119980.0782452360
137551.3938688908 120001.8382189186
130848.9230196675 120001.8382189186
137420.8262549449 120262.9579031089
136811.5107231973 120371.7577715215
135288.2218938284 120480.5576399342
135854.0148875940 120676.3974030769
140489.1651826737 121437.9964819653
139771.0433059712 121894.9559292984
140576.2102586376 122395.4353239965
135375.2669697923 122504.2351924091
138030.1417866924 124353.8329554239

140685.0166035926 127530.7891130729
135679.9247356661 115192.8840350801
138030.1417866924 124353.8329554239
135375.2669697923 122504.2351924091
140576.2102586376 122395.4353239965
139771.0433059712 121894.9559292984
140489.1651826737 121437.9964819653
135854.0148875940 120676.3974030769
135288.2218938284 120480.5576399342
136811.5107231973 120371.7577715215
137420.8262549449 120262.9579031089
130848.9230196675 120001.8382189186
137551.3938688908 120001.8382189186
136876.7945301703 119980.0782452360
133090.3337257390 119914.7983241885
137812.5290967826 119784.2384820933
131741.1350482979 119631.9186663156
132481.0181939914 119610.1586926331
129151.5440383707 119436.0789031729
140510.9264516647 119370.7989821253
128651.0348515781 119131.4392716175
129390.9179972716 118174.0004295863
139466.3855400974 118152.2404559038

140685.0166035926 127530.7891130729
139183.4890432146 125528.8715342804
138030.1417866924 124353.8329554239
135375.2669697923 122504.2351924091
140576.2102586376 122395.4353239965
139771.0433059712 121894.9559292984
140489.1651826737 121437.9964819653
135854.0148875940 120676.3974030769
135288.2218938284 120480.5576399342
136811.5107231973 120371.7577715215
137420.8262549449 120262.9579031089
130848.9230196675 120001.8382189186
136876.7945301703 119980.0782452360
133090.3337257390 119914.7983241885
137812.5290967826 119784.2384820933
131741.1350482979 119631.9186663156
132481.0181939914 119610.1586926331
129151.5440383707 119436.0789031729
140510.9264516647 119370.7989821253
129390.9179972716 118174.0004295863
139466.3855400974 118152.2404559038
128651.0348515781 119131.4392716175
137551.3938688908 120001.8382189186

140663.2553346016 127204.3895078350
140510.9264516647 126377.5105078989
131545.2836273790 115105.8441403500
139466.3855400974 118152.2404559038
129390.9179972716 118174.0004295863
140510.9264516647 119370.7989821253
129151.5440383707 119436.0789031729
132481.0181939914 119610.1586926331
135048.8479349276 120632.8774557118
137812.5290967826 119784.2384820933
133090.3337257390 119914.7983241885
136876.7945301703 119980.0782452360
130848.9230196675 120001.8382189186
137420.8262549449 120262.9579031089
136811.5107231973 120371.7577715215
136419.8078813596 120415.2777188866
135288.2218938284 120480.5576399342
135854.0148875940 120676.3974030769
140489.1651826737 121437.9964819653
139771.0433059712 121894.9559292984
140576.2102586376 122395.4353239965
135375.2669697923 122504.2351924091
138030.1417866924 124353.8329554239

