algorithm,instance,run_id,vector_id,generation,iteration,f_cost,f_power,weight1,weight2,occupied
moead,ns178,3,0,0,0,57290199.557232,1486.807836,0.000000,1.000000,64 102 392 441 454 479 758 860 1052 1074 1160 1716 1778 2150 2249 2311 2427 2429 2931 3607 3626 3695 3838
moead,ns178,3,1,0,0,54668063.361888,1422.096415,0.111111,0.888889,5 95 464 504 885 905 1111 1206 1254 1368 1379 1866 2520 2576 2611 2770 2870 3017 3484 3510 3605 3809 3950
moead,ns178,3,2,0,0,54668063.361888,1422.096415,0.222222,0.777778,5 95 464 504 885 905 1111 1206 1254 1368 1379 1866 2520 2576 2611 2770 2870 3017 3484 3510 3605 3809 3950
moead,ns178,3,3,0,0,54668063.361888,1422.096415,0.333333,0.666667,5 95 464 504 885 905 1111 1206 1254 1368 1379 1866 2520 2576 2611 2770 2870 3017 3484 3510 3605 3809 3950
moead,ns178,3,4,0,0,54668063.361888,1422.096415,0.444444,0.555556,5 95 464 504 885 905 1111 1206 1254 1368 1379 1866 2520 2576 2611 2770 2870 3017 3484 3510 3605 3809 3950
moead,ns178,3,5,0,0,54668063.361888,1422.096415,0.555556,0.444444,5 95 464 504 885 905 1111 1206 1254 1368 1379 1866 2520 2576 2611 2770 2870 3017 3484 3510 3605 3809 3950
moead,ns178,3,6,0,0,54668063.361888,1422.096415,0.666667,0.333333,5 95 464 504 885 905 1111 1206 1254 1368 1379 1866 2520 2576 2611 2770 2870 3017 3484 3510 3605 3809 3950
moead,ns178,3,7,0,0,54668063.361888,1422.096415,0.777778,0.222222,5 95 464 504 885 905 1111 1206 1254 1368 1379 1866 2520 2576 2611 2770 2870 3017 3484 3510 3605 3809 3950
moead,ns178,3,8,0,0,54668063.361888,1422.096415,0.888889,0.111111,5 95 464 504 885 905 1111 1206 1254 1368 1379 1866 2520 2576 2611 2770 2870 3017 3484 3510 3605 3809 3950
moead,ns178,3,9,0,0,54668063.361888,1422.096415,1.000000,0.000000,5 95 464 504 885 905 1111 1206 1254 1368 1379 1866 2520 2576 2611 2770 2870 3017 3484 3510 3605 3809 3950
moead,ns178,3,0,50,1,55504797.421077,1482.890975,0.000000,1.000000,1 85 93 201 1120 1136 1214 1322 1403 1614 1694 2021 2031 2144 2300 2331 2767 2913 2924 3173 3479 3791 3815
moead,ns178,3,1,50,1,48061510.424805,1215.008921,0.111111,0.888889,30 62 104 152 852 1523 1561 1642 1717 1729 1818 1906 2004 2005 2080 2092 2199 2913 2925 3157 3648 3715 3913
moead,ns178,3,2,50,1,48061510.424805,1215.008921,0.222222,0.777778,30 62 104 152 852 1523 1561 1642 1717 1729 1818 1906 2004 2005 2080 2092 2199 2913 2925 3157 3648 3715 3913
moead,ns178,3,3,50,1,48061510.424805,1215.008921,0.333333,0.666667,30 62 104 152 852 1523 1561 1642 1717 1729 1818 1906 2004 2005 2080 2092 2199 2913 2925 3157 3648 3715 3913
moead,ns178,3,4,50,1,48061510.424805,1215.008921,0.444444,0.555556,30 62 104 152 852 1523 1561 1642 1717 1729 1818 1906 2004 2005 2080 2092 2199 2913 2925 3157 3648 3715 3913
moead,ns178,3,5,50,1,48061510.424805,1215.008921,0.555556,0.444444,30 62 104 152 852 1523 1561 1642 1717 1729 1818 1906 2004 2005 2080 2092 2199 2913 2925 3157 3648 3715 3913
moead,ns178,3,6,50,1,48061510.424805,1215.008921,0.666667,0.333333,30 62 104 152 852 1523 1561 1642 1717 1729 1818 1906 2004 2005 2080 2092 2199 2913 2925 3157 3648 3715 3913
moead,ns178,3,7,50,1,48061510.424805,1215.008921,0.777778,0.222222,30 62 104 152 852 1523 1561 1642 1717 1729 1818 1906 2004 2005 2080 2092 2199 2913 2925 3157 3648 3715 3913
moead,ns178,3,8,50,1,48061510.424805,1215.008921,0.888889,0.111111,30 62 104 152 852 1523 1561 1642 1717 1729 1818 1906 2004 2005 2080 2092 2199 2913 2925 3157 3648 3715 3913
moead,ns178,3,9,50,1,48061510.424805,1215.008921,1.000000,0.000000,30 62 104 152 852 1523 1561 1642 1717 1729 1818 1906 2004 2005 2080 2092 2199 2913 2925 3157 3648 3715 3913
moead,ns178,3,0,100,2,54790296.497302,1492.711820,0.000000,1.000000,1 85 93 201 1091 1120 1136 1214 1403 1614 1694 2021 2031 2144 2300 2331 2767 2824 2924 3173 3479 3913 3915
moead,ns178,3,1,100,2,47601301.024796,1142.629892,0.111111,0.888889,6 30 61 62 104 151 152 1642 1643 1729 1818 1906 2004 2005 2199 2200 2614 3158 3648 3715 3716 3913 3915
moead,ns178,3,2,100,2,47601301.024796,1142.629892,0.222222,0.777778,6 30 61 62 104 151 152 1642 1643 1729 1818 1906 2004 2005 2199 2200 2614 3158 3648 3715 3716 3913 3915
moead,ns178,3,3,100,2,47601301.024796,1142.629892,0.333333,0.666667,6 30 61 62 104 151 152 1642 1643 1729 1818 1906 2004 2005 2199 2200 2614 3158 3648 3715 3716 3913 3915
moead,ns178,3,4,100,2,47601301.024796,1142.629892,0.444444,0.555556,6 30 61 62 104 151 152 1642 1643 1729 1818 1906 2004 2005 2199 2200 2614 3158 3648 3715 3716 3913 3915
moead,ns178,3,5,100,2,47601301.024796,1142.629892,0.555556,0.444444,6 30 61 62 104 151 152 1642 1643 1729 1818 1906 2004 2005 2199 2200 2614 3158 3648 3715 3716 3913 3915
moead,ns178,3,6,100,2,47601301.024796,1142.629892,0.666667,0.333333,6 30 61 62 104 151 152 1642 1643 1729 1818 1906 2004 2005 2199 2200 2614 3158 3648 3715 3716 3913 3915
moead,ns178,3,7,100,2,47601301.024796,1142.629892,0.777778,0.222222,6 30 61 62 104 151 152 1642 1643 1729 1818 1906 2004 2005 2199 2200 2614 3158 3648 3715 3716 3913 3915
moead,ns178,3,8,100,2,47601301.024796,1142.629892,0.888889,0.111111,6 30 61 62 104 151 152 1642 1643 1729 1818 1906 2004 2005 2199 2200 2614 3158 3648 3715 3716 3913 3915
moead,ns178,3,9,100,2,47601301.024796,1142.629892,1.000000,0.000000,6 30 61 62 104 151 152 1642 1643 1729 1818 1906 2004 2005 2199 2200 2614 3158 3648 3715 3716 3913 3915
moead,ns178,3,0,150,3,56380192.113252,1505.437865,0.000000,1.000000,1 85 87 93 201 959 1054 1091 1120 1403 1485 1614 2031 2144 2300 2331 2576 2924 3173 3451 3455 3479 3915
moead,ns178,3,1,150,3,47400609.599280,1102.841401,0.111111,0.888889,6 29 30 61 62 103 104 151 152 1642 1643 1818 1906 2004 2199 2200 2925 3648 3715 3716 3913 3914 3915
moead,ns178,3,2,150,3,47400609.599280,1102.841401,0.222222,0.777778,6 29 30 61 62 103 104 151 152 1642 1643 1818 1906 2004 2199 2200 2925 3648 3715 3716 3913 3914 3915
moead,ns178,3,3,150,3,47400609.599280,1102.841401,0.333333,0.666667,6 29 30 61 62 103 104 151 152 1642 1643 1818 1906 2004 2199 2200 2925 3648 3715 3716 3913 3914 3915
moead,ns178,3,4,150,3,47400609.599280,1102.841401,0.444444,0.555556,6 29 30 61 62 103 104 151 152 1642 1643 1818 1906 2004 2199 2200 2925 3648 3715 3716 3913 3914 3915
moead,ns178,3,5,150,3,47400609.599280,1102.841401,0.555556,0.444444,6 29 30 61 62 103 104 151 152 1642 1643 1818 1906 2004 2199 2200 2925 3648 3715 3716 3913 3914 3915
moead,ns178,3,6,150,3,47400609.599280,1102.841401,0.666667,0.333333,6 29 30 61 62 103 104 151 152 1642 1643 1818 1906 2004 2199 2200 2925 3648 3715 3716 3913 3914 3915
moead,ns178,3,7,150,3,47400609.599280,1102.841401,0.777778,0.222222,6 29 30 61 62 103 104 151 152 1642 1643 1818 1906 2004 2199 2200 2925 3648 3715 3716 3913 3914 3915
moead,ns178,3,8,150,3,47400609.599280,1102.841401,0.888889,0.111111,6 29 30 61 62 103 104 151 152 1642 1643 1818 1906 2004 2199 2200 2925 3648 3715 3716 3913 3914 3915
moead,ns178,3,9,150,3,47400609.599280,1102.841401,1.000000,0.000000,6 29 30 61 62 103 104 151 152 1642 1643 1818 1906 2004 2199 2200 2925 3648 3715 3716 3913 3914 3915
moead,ns178,3,0,200,4,56499852.708698,1508.381048,0.000000,1.000000,1 85 87 93 201 937 959 1054 1091 1120 1403 1485 1614 2031 2144 2300 2331 2576 2630 3173 3451 3455 3479
moead,ns178,3,1,200,4,47392500.280379,1098.862304,0.111111,0.888889,6 29 30 61 62 103 104 151 152 1642 1643 1818 1906 2004 2199 2200 3648 3714 3715 3716 3913 3914 3915
moead,ns178,3,2,200,4,47392500.280379,1098.862304,0.222222,0.777778,6 29 30 61 62 103 104 151 152 1642 1643 1818 1906 2004 2199 2200 3648 3714 3715 3716 3913 3914 3915
moead,ns178,3,3,200,4,47392500.280379,1098.862304,0.333333,0.666667,6 29 30 61 62 103 104 151 152 1642 1643 1818 1906 2004 2199 2200 3648 3714 3715 3716 3913 3914 3915
moead,ns178,3,4,200,4,47392500.280379,1098.862304,0.444444,0.555556,6 29 30 61 62 103 104 151 152 1642 1643 1818 1906 2004 2199 2200 3648 3714 3715 3716 3913 3914 3915
moead,ns178,3,5,200,4,47392046.865649,1098.213088,0.555556,0.444444,6 29 30 61 62 103 104 151 152 1642 1643 1818 1906 2004 2199 2200 2925 3714 3715 3716 3913 3914 3915
moead,ns178,3,6,200,4,47392046.865649,1098.213088,0.666667,0.333333,6 29 30 61 62 103 104 151 152 1642 1643 1818 1906 2004 2199 2200 2925 3714 3715 3716 3913 3914 3915
moead,ns178,3,7,200,4,47392046.865649,1098.213088,0.777778,0.222222,6 29 30 61 62 103 104 151 152 1642 1643 1818 1906 2004 2199 2200 2925 3714 3715 3716 3913 3914 3915
moead,ns178,3,8,200,4,47392046.865649,1098.213088,0.888889,0.111111,6 29 30 61 62 103 104 151 152 1642 1643 1818 1906 2004 2199 2200 2925 3714 3715 3716 3913 3914 3915
moead,ns178,3,9,200,4,47392046.865648,1098.213088,1.000000,0.000000,6 29 30 61 62 103 104 151 152 1642 1643 1818 1906 2004 2199 2200 2925 3714 3715 3716 3913 3914 3915
moead,ns178,3,0,250,5,56480951.419046,1514.802430,0.000000,1.000000,1 87 93 201 937 1091 1120 1403 1442 1485 1614 1616 2031 2093 2144 2300 2331 3173 3451 3455 3479 3512 3752
moead,ns178,3,1,250,5,47370399.193499,1074.003083,0.111111,0.888889,5 6 29 30 61 62 103 104 151 152 1642 1643 1818 1819 1906 2004 2199 3714 3715 3716 3913 3914 3915
moead,ns178,3,2,250,5,47367926.873879,1056.673237,0.222222,0.777778,5 6 29 30 61 62 103 104 151 152 1642 1643 1818 1819 2004 2199 2200 3714 3715 3716 3913 3914 3915
moead,ns178,3,3,250,5,47367926.873879,1056.673237,0.333333,0.666667,5 6 29 30 61 62 103 104 151 152 1642 1643 1818 1819 2004 2199 2200 3714 3715 3716 3913 3914 3915
moead,ns178,3,4,250,5,47367926.873879,1056.673237,0.444444,0.555556,5 6 29 30 61 62 103 104 151 152 1642 1643 1818 1819 2004 2199 2200 3714 3715 3716 3913 3914 3915
moead,ns178,3,5,250,5,47367926.873879,1056.673237,0.555556,0.444444,5 6 29 30 61 62 103 104 151 152 1642 1643 1818 1819 2004 2199 2200 3714 3715 3716 3913 3914 3915
moead,ns178,3,6,250,5,47367926.873879,1056.673237,0.666667,0.333333,5 6 29 30 61 62 103 104 151 152 1642 1643 1818 1819 2004 2199 2200 3714 3715 3716 3913 3914 3915
moead,ns178,3,7,250,5,47367926.873879,1056.673237,0.777778,0.222222,5 6 29 30 61 62 103 104 151 152 1642 1643 1818 1819 2004 2199 2200 3714 3715 3716 3913 3914 3915
moead,ns178,3,8,250,5,47367926.873879,1056.673237,0.888889,0.111111,5 6 29 30 61 62 103 104 151 152 1642 1643 1818 1819 2004 2199 2200 3714 3715 3716 3913 3914 3915
moead,ns178,3,9,250,5,47367926.873879,1056.673237,1.000000,0.000000,5 6 29 30 61 62 103 104 151 152 1642 1643 1818 1819 2004 2199 2200 3714 3715 3716 3913 3914 3915
moead,ns178,3,0,300,6,56354558.897838,1525.782475,0.000000,1.000000,87 129 201 652 703 937 1169 1181 1403 1442 1485 1614 2093 2144 2300 2744 3173 3451 3479 3512 3703 3752 3804
moead,ns178,3,1,300,6,47367739.977660,1081.594796,0.111111,0.888889,5 6 29 30 61 62 103 104 151 152 1642 1643 1818 2004 2199 2200 3648 3714 3715 3716 3913 3914 3915
moead,ns178,3,2,300,6,47367739.977660,1081.594796,0.222222,0.777778,5 6 29 30 61 62 103 104 151 152 1642 1643 1818 2004 2199 2200 3648 3714 3715 3716 3913 3914 3915
moead,ns178,3,3,300,6,47366301.445817,1079.463368,0.333333,0.666667,5 6 29 30 61 62 103 104 151 152 1642 1643 1818 2004 2199 2402 3399 3714 3715 3716 3913 3914 3915
moead,ns178,3,4,300,6,47366301.445817,1079.463368,0.444444,0.555556,5 6 29 30 61 62 103 104 151 152 1642 1643 1818 2004 2199 2402 3399 3714 3715 3716 3913 3914 3915
moead,ns178,3,5,300,6,47366301.445817,1079.463368,0.555556,0.444444,5 6 29 30 61 62 103 104 151 152 1642 1643 1818 2004 2199 2402 3399 3714 3715 3716 3913 3914 3915
moead,ns178,3,6,300,6,47366301.445817,1079.463368,0.666667,0.333333,5 6 29 30 61 62 103 104 151 152 1642 1643 1818 2004 2199 2402 3399 3714 3715 3716 3913 3914 3915
moead,ns178,3,7,300,6,47366301.445817,1079.463368,0.777778,0.222222,5 6 29 30 61 62 103 104 151 152 1642 1643 1818 2004 2199 2402 3399 3714 3715 3716 3913 3914 3915
moead,ns178,3,8,300,6,47366301.445817,1079.463368,0.888889,0.111111,5 6 29 30 61 62 103 104 151 152 1642 1643 1818 2004 2199 2402 3399 3714 3715 3716 3913 3914 3915
moead,ns178,3,9,300,6,47366301.445817,1079.463368,1.000000,0.000000,5 6 29 30 61 62 103 104 151 152 1642 1643 1818 2004 2199 2402 3399 3714 3715 3716 3913 3914 3915
moead,ns178,3,0,350,7,55729929.759889,1525.782475,0.000000,1.000000,18 87 129 201 341 652 703 937 1169 1181 1403 1485 1614 2017 2093 2144 2300 3173 3479 3512 3703 3752 3804
moead,ns178,3,1,350,7,47364506.972039,1083.518897,0.111111,0.888889,5 6 29 30 61 62 103 104 151 152 1642 1643 1818 2004 2199 3158 3648 3714 3715 3716 3913 3914 3915
moead,ns178,3,2,350,7,47364506.972039,1083.518897,0.222222,0.777778,5 6 29 30 61 62 103 104 151 152 1642 1643 1818 2004 2199 3158 3648 3714 3715 3716 3913 3914 3915
moead,ns178,3,3,350,7,47364506.972039,1083.518897,0.333333,0.666667,5 6 29 30 61 62 103 104 151 152 1642 1643 1818 2004 2199 3158 3648 3714 3715 3716 3913 3914 3915
moead,ns178,3,4,350,7,47364506.972039,1083.518897,0.444444,0.555556,5 6 29 30 61 62 103 104 151 152 1642 1643 1818 2004 2199 3158 3648 3714 3715 3716 3913 3914 3915
moead,ns178,3,5,350,7,47363965.430429,1081.944329,0.555556,0.444444,5 6 29 30 61 62 103 104 151 152 1642 1643 1818 2004 2199 3158 3399 3714 3715 3716 3913 3914 3915
moead,ns178,3,6,350,7,47363965.430429,1081.944329,0.666667,0.333333,5 6 29 30 61 62 103 104 151 152 1642 1643 1818 2004 2199 3158 3399 3714 3715 3716 3913 3914 3915
moead,ns178,3,7,350,7,47363965.430429,1081.944329,0.777778,0.222222,5 6 29 30 61 62 103 104 151 152 1642 1643 1818 2004 2199 3158 3399 3714 3715 3716 3913 3914 3915
moead,ns178,3,8,350,7,47363965.430429,1081.944329,0.888889,0.111111,5 6 29 30 61 62 103 104 151 152 1642 1643 1818 2004 2199 3158 3399 3714 3715 3716 3913 3914 3915
moead,ns178,3,9,350,7,47363965.430429,1081.944329,1.000000,0.000000,5 6 29 30 61 62 103 104 151 152 1642 1643 1818 2004 2199 3158 3399 3714 3715 3716 3913 3914 3915
moead,ns178,3,0,400,8,56440510.627669,1528.232495,0.000000,1.000000,87 129 201 423 652 701 703 1169 1181 1403 1485 1614 2144 2300 2389 2535 3327 3330 3512 3587 3703 3752 3804
moead,ns178,3,1,400,8,47364506.972039,1083.518897,0.111111,0.888889,5 6 29 30 61 62 103 104 151 152 1642 1643 1818 2004 2199 3158 3648 3714 3715 3716 3913 3914 3915
moead,ns178,3,2,400,8,47364506.972039,1083.518897,0.222222,0.777778,5 6 29 30 61 62 103 104 151 152 1642 1643 1818 2004 2199 3158 3648 3714 3715 3716 3913 3914 3915
moead,ns178,3,3,400,8,47364506.972039,1083.518897,0.333333,0.666667,5 6 29 30 61 62 103 104 151 152 1642 1643 1818 2004 2199 3158 3648 3714 3715 3716 3913 3914 3915
moead,ns178,3,4,400,8,47364506.972039,1083.518897,0.444444,0.555556,5 6 29 30 61 62 103 104 151 152 1642 1643 1818 2004 2199 3158 3648 3714 3715 3716 3913 3914 3915
moead,ns178,3,5,400,8,47363965.430429,1081.944329,0.555556,0.444444,5 6 29 30 61 62 103 104 151 152 1642 1643 1818 2004 2199 3158 3399 3714 3715 3716 3913 3914 3915
moead,ns178,3,6,400,8,47363965.430429,1081.944329,0.666667,0.333333,5 6 29 30 61 62 103 104 151 152 1642 1643 1818 2004 2199 3158 3399 3714 3715 3716 3913 3914 3915
moead,ns178,3,7,400,8,47363965.430429,1081.944329,0.777778,0.222222,5 6 29 30 61 62 103 104 151 152 1642 1643 1818 2004 2199 3158 3399 3714 3715 3716 3913 3914 3915
moead,ns178,3,8,400,8,47363965.430429,1081.944329,0.888889,0.111111,5 6 29 30 61 62 103 104 151 152 1642 1643 1818 2004 2199 3158 3399 3714 3715 3716 3913 3914 3915
moead,ns178,3,9,400,8,47363965.430429,1081.944329,1.000000,0.000000,5 6 29 30 61 62 103 104 151 152 1642 1643 1818 2004 2199 3158 3399 3714 3715 3716 3913 3914 3915
moead,ns178,3,0,450,9,56377976.233211,1528.632996,0.000000,1.000000,62 87 129 201 652 701 703 1169 1181 1403 1485 1614 2144 2389 2535 2876 3327 3384 3512 3587 3703 3752 3804
moead,ns178,3,1,450,9,47364506.972039,1083.518897,0.111111,0.888889,5 6 29 30 61 62 103 104 151 152 1642 1643 1818 2004 2199 3158 3648 3714 3715 3716 3913 3914 3915
moead,ns178,3,2,450,9,47364506.972039,1083.518897,0.222222,0.777778,5 6 29 30 61 62 103 104 151 152 1642 1643 1818 2004 2199 3158 3648 3714 3715 3716 3913 3914 3915
moead,ns178,3,3,450,9,47364506.972039,1083.518897,0.333333,0.666667,5 6 29 30 61 62 103 104 151 152 1642 1643 1818 2004 2199 3158 3648 3714 3715 3716 3913 3914 3915
moead,ns178,3,4,450,9,47364506.972039,1083.518897,0.444444,0.555556,5 6 29 30 61 62 103 104 151 152 1642 1643 1818 2004 2199 3158 3648 3714 3715 3716 3913 3914 3915
moead,ns178,3,5,450,9,47363965.430429,1081.944329,0.555556,0.444444,5 6 29 30 61 62 103 104 151 152 1642 1643 1818 2004 2199 3158 3399 3714 3715 3716 3913 3914 3915
moead,ns178,3,6,450,9,47363965.430429,1081.944329,0.666667,0.333333,5 6 29 30 61 62 103 104 151 152 1642 1643 1818 2004 2199 3158 3399 3714 3715 3716 3913 3914 3915
moead,ns178,3,7,450,9,47363965.430429,1081.944329,0.777778,0.222222,5 6 29 30 61 62 103 104 151 152 1642 1643 1818 2004 2199 3158 3399 3714 3715 3716 3913 3914 3915
moead,ns178,3,8,450,9,47363965.430429,1081.944329,0.888889,0.111111,5 6 29 30 61 62 103 104 151 152 1642 1643 1818 2004 2199 3158 3399 3714 3715 3716 3913 3914 3915
moead,ns178,3,9,450,9,47363965.430429,1081.944329,1.000000,0.000000,5 6 29 30 61 62 103 104 151 152 1642 1643 1818 2004 2199 3158 3399 3714 3715 3716 3913 3914 3915
moead,ns178,3,0,500,10,56408422.738473,1528.632996,0.000000,1.000000,62 84 87 129 201 652 703 1169 1181 1485 1614 2144 2389 2535 2876 3327 3384 3512 3587 3703 3727 3752 3804
moead,ns178,3,1,500,10,47363847.352336,1083.642463,0.111111,0.888889,5 6 29 30 61 62 103 104 151 152 1642 1818 1819 2004 2199 3158 3648 3714 3715 3716 3913 3914 3915
moead,ns178,3,2,500,10,47363847.352336,1083.642463,0.222222,0.777778,5 6 29 30 61 62 103 104 151 152 1642 1818 1819 2004 2199 3158 3648 3714 3715 3716 3913 3914 3915
moead,ns178,3,3,500,10,47363847.352336,1083.642463,0.333333,0.666667,5 6 29 30 61 62 103 104 151 152 1642 1818 1819 2004 2199 3158 3648 3714 3715 3716 3913 3914 3915
moead,ns178,3,4,500,10,47363847.352336,1083.642463,0.444444,0.555556,5 6 29 30 61 62 103 104 151 152 1642 1818 1819 2004 2199 3158 3648 3714 3715 3716 3913 3914 3915
moead,ns178,3,5,500,10,47363847.352336,1083.642463,0.555556,0.444444,5 6 29 30 61 62 103 104 151 152 1642 1818 1819 2004 2199 3158 3648 3714 3715 3716 3913 3914 3915
moead,ns178,3,6,500,10,47363847.352336,1083.642463,0.666667,0.333333,5 6 29 30 61 62 103 104 151 152 1642 1818 1819 2004 2199 3158 3648 3714 3715 3716 3913 3914 3915
moead,ns178,3,7,500,10,47363847.352336,1083.642463,0.777778,0.222222,5 6 29 30 61 62 103 104 151 152 1642 1818 1819 2004 2199 3158 3648 3714 3715 3716 3913 3914 3915
moead,ns178,3,8,500,10,47363847.352336,1083.642463,0.888889,0.111111,5 6 29 30 61 62 103 104 151 152 1642 1818 1819 2004 2199 3158 3648 3714 3715 3716 3913 3914 3915
moead,ns178,3,9,500,10,47363847.352336,1083.642463,1.000000,0.000000,5 6 29 30 61 62 103 104 151 152 1642 1818 1819 2004 2199 3158 3648 3714 3715 3716 3913 3914 3915
moead,ns178,3,0,550,11,56560371.620227,1528.632996,0.000000,1.000000,62 84 87 129 652 742 1169 1181 1485 1614 2144 2389 2509 2535 2876 3159 3327 3384 3512 3587 3703 3752 3804
moead,ns178,3,1,550,11,47363847.352336,1083.642463,0.111111,0.888889,5 6 29 30 61 62 103 104 151 152 1642 1818 1819 2004 2199 3158 3648 3714 3715 3716 3913 3914 3915
moead,ns178,3,2,550,11,47363847.352336,1083.642463,0.222222,0.777778,5 6 29 30 61 62 103 104 151 152 1642 1818 1819 2004 2199 3158 3648 3714 3715 3716 3913 3914 3915
moead,ns178,3,3,550,11,47363847.352336,1083.642463,0.333333,0.666667,5 6 29 30 61 62 103 104 151 152 1642 1818 1819 2004 2199 3158 3648 3714 3715 3716 3913 3914 3915
moead,ns178,3,4,550,11,47363847.352336,1083.642463,0.444444,0.555556,5 6 29 30 61 62 103 104 151 152 1642 1818 1819 2004 2199 3158 3648 3714 3715 3716 3913 3914 3915
moead,ns178,3,5,550,11,47363847.352336,1083.642463,0.555556,0.444444,5 6 29 30 61 62 103 104 151 152 1642 1818 1819 2004 2199 3158 3648 3714 3715 3716 3913 3914 3915
moead,ns178,3,6,550,11,47363847.352336,1083.642463,0.666667,0.333333,5 6 29 30 61 62 103 104 151 152 1642 1818 1819 2004 2199 3158 3648 3714 3715 3716 3913 3914 3915
moead,ns178,3,7,550,11,47363847.352336,1083.642463,0.777778,0.222222,5 6 29 30 61 62 103 104 151 152 1642 1818 1819 2004 2199 3158 3648 3714 3715 3716 3913 3914 3915
moead,ns178,3,8,550,11,47363847.352336,1083.642463,0.888889,0.111111,5 6 29 30 61 62 103 104 151 152 1642 1818 1819 2004 2199 3158 3648 3714 3715 3716 3913 3914 3915
moead,ns178,3,9,550,11,47363847.352336,1083.642463,1.000000,0.000000,5 6 29 30 61 62 103 104 151 152 1642 1818 1819 2004 2199 3158 3648 3714 3715 3716 3913 3914 3915
moead,ns178,3,0,600,12,57021405.948327,1528.632996,0.000000,1.000000,62 84 129 202 496 652 742 1181 1485 1614 2144 2389 2509 2535 2876 3159 3327 3384 3512 3587 3703 3752 3804
moead,ns178,3,1,600,12,47363847.352336,1083.642463,0.111111,0.888889,5 6 29 30 61 62 103 104 151 152 1642 1818 1819 2004 2199 3158 3648 3714 3715 3716 3913 3914 3915
moead,ns178,3,2,600,12,47363847.352336,1083.642463,0.222222,0.777778,5 6 29 30 61 62 103 104 151 152 1642 1818 1819 2004 2199 3158 3648 3714 3715 3716 3913 3914 3915
moead,ns178,3,3,600,12,47363847.352336,1083.642463,0.333333,0.666667,5 6 29 30 61 62 103 104 151 152 1642 1818 1819 2004 2199 3158 3648 3714 3715 3716 3913 3914 3915
moead,ns178,3,4,600,12,47363847.352336,1083.642463,0.444444,0.555556,5 6 29 30 61 62 103 104 151 152 1642 1818 1819 2004 2199 3158 3648 3714 3715 3716 3913 3914 3915
moead,ns178,3,5,600,12,47363847.352336,1083.642463,0.555556,0.444444,5 6 29 30 61 62 103 104 151 152 1642 1818 1819 2004 2199 3158 3648 3714 3715 3716 3913 3914 3915
moead,ns178,3,6,600,12,47363847.352336,1083.642463,0.666667,0.333333,5 6 29 30 61 62 103 104 151 152 1642 1818 1819 2004 2199 3158 3648 3714 3715 3716 3913 3914 3915
moead,ns178,3,7,600,12,47363847.352336,1083.642463,0.777778,0.222222,5 6 29 30 61 62 103 104 151 152 1642 1818 1819 2004 2199 3158 3648 3714 3715 3716 3913 3914 3915
moead,ns178,3,8,600,12,47363847.352336,1083.642463,0.888889,0.111111,5 6 29 30 61 62 103 104 151 152 1642 1818 1819 2004 2199 3158 3648 3714 3715 3716 3913 3914 3915
moead,ns178,3,9,600,12,47363847.352336,1083.642463,1.000000,0.000000,5 6 29 30 61 62 103 104 151 152 1642 1818 1819 2004 2199 3158 3648 3714 3715 3716 3913 3914 3915
moead,ns178,3,0,650,13,57291860.840488,1528.632996,0.000000,1.000000,30 84 129 202 496 652 742 1181 1437 1485 1614 2144 2389 2509 2535 2876 3159 3327 3384 3512 3703 3752 3804
moead,ns178,3,1,650,13,47363847.352336,1083.642463,0.111111,0.888889,5 6 29 30 61 62 103 104 151 152 1642 1818 1819 2004 2199 3158 3648 3714 3715 3716 3913 3914 3915
moead,ns178,3,2,650,13,47363847.352336,1083.642463,0.222222,0.777778,5 6 29 30 61 62 103 104 151 152 1642 1818 1819 2004 2199 3158 3648 3714 3715 3716 3913 3914 3915
moead,ns178,3,3,650,13,47363847.352336,1083.642463,0.333333,0.666667,5 6 29 30 61 62 103 104 151 152 1642 1818 1819 2004 2199 3158 3648 3714 3715 3716 3913 3914 3915
moead,ns178,3,4,650,13,47363847.352336,1083.642463,0.444444,0.555556,5 6 29 30 61 62 103 104 151 152 1642 1818 1819 2004 2199 3158 3648 3714 3715 3716 3913 3914 3915
moead,ns178,3,5,650,13,47363847.352336,1083.642463,0.555556,0.444444,5 6 29 30 61 62 103 104 151 152 1642 1818 1819 2004 2199 3158 3648 3714 3715 3716 3913 3914 3915
moead,ns178,3,6,650,13,47363847.352336,1083.642463,0.666667,0.333333,5 6 29 30 61 62 103 104 151 152 1642 1818 1819 2004 2199 3158 3648 3714 3715 3716 3913 3914 3915
moead,ns178,3,7,650,13,47363847.352336,1083.642463,0.777778,0.222222,5 6 29 30 61 62 103 104 151 152 1642 1818 1819 2004 2199 3158 3648 3714 3715 3716 3913 3914 3915
moead,ns178,3,8,650,13,47363847.352336,1083.642463,0.888889,0.111111,5 6 29 30 61 62 103 104 151 152 1642 1818 1819 2004 2199 3158 3648 3714 3715 3716 3913 3914 3915
moead,ns178,3,9,650,13,47363847.352336,1083.642463,1.000000,0.000000,5 6 29 30 61 62 103 104 151 152 1642 1818 1819 2004 2199 3158 3648 3714 3715 3716 3913 3914 3915
moead,ns178,3,0,700,14,57253915.208828,1530.952953,0.000000,1.000000,30 84 181 192 202 652 742 1234 1437 1485 1614 2063 2144 2389 2509 2535 2876 3159 3384 3512 3703 3752 3804
moead,ns178,3,1,700,14,47363847.352336,1083.642463,0.111111,0.888889,5 6 29 30 61 62 103 104 151 152 1642 1818 1819 2004 2199 3158 3648 3714 3715 3716 3913 3914 3915
moead,ns178,3,2,700,14,47363847.352336,1083.642463,0.222222,0.777778,5 6 29 30 61 62 103 104 151 152 1642 1818 1819 2004 2199 3158 3648 3714 3715 3716 3913 3914 3915
moead,ns178,3,3,700,14,47363847.352336,1083.642463,0.333333,0.666667,5 6 29 30 61 62 103 104 151 152 1642 1818 1819 2004 2199 3158 3648 3714 3715 3716 3913 3914 3915
moead,ns178,3,4,700,14,47363847.352336,1083.642463,0.444444,0.555556,5 6 29 30 61 62 103 104 151 152 1642 1818 1819 2004 2199 3158 3648 3714 3715 3716 3913 3914 3915
moead,ns178,3,5,700,14,47363847.352336,1083.642463,0.555556,0.444444,5 6 29 30 61 62 103 104 151 152 1642 1818 1819 2004 2199 3158 3648 3714 3715 3716 3913 3914 3915
moead,ns178,3,6,700,14,47363847.352336,1083.642463,0.666667,0.333333,5 6 29 30 61 62 103 104 151 152 1642 1818 1819 2004 2199 3158 3648 3714 3715 3716 3913 3914 3915
moead,ns178,3,7,700,14,47363847.352336,1083.642463,0.777778,0.222222,5 6 29 30 61 62 103 104 151 152 1642 1818 1819 2004 2199 3158 3648 3714 3715 3716 3913 3914 3915
moead,ns178,3,8,700,14,47363847.352336,1083.642463,0.888889,0.111111,5 6 29 30 61 62 103 104 151 152 1642 1818 1819 2004 2199 3158 3648 3714 3715 3716 3913 3914 3915
moead,ns178,3,9,700,14,47363847.352336,1083.642463,1.000000,0.000000,5 6 29 30 61 62 103 104 151 152 1642 1818 1819 2004 2199 3158 3648 3714 3715 3716 3913 3914 3915
moead,ns178,3,0,750,15,57474004.796809,1530.952953,0.000000,1.000000,30 84 181 192 202 652 742 1234 1485 1614 2063 2144 2389 2509 2535 2876 3100 3159 3384 3512 3703 3752 3804
moead,ns178,3,1,750,15,47363847.352336,1083.642463,0.111111,0.888889,5 6 29 30 61 62 103 104 151 152 1642 1818 1819 2004 2199 3158 3648 3714 3715 3716 3913 3914 3915
moead,ns178,3,2,750,15,47363847.352336,1083.642463,0.222222,0.777778,5 6 29 30 61 62 103 104 151 152 1642 1818 1819 2004 2199 3158 3648 3714 3715 3716 3913 3914 3915
moead,ns178,3,3,750,15,47363847.352336,1083.642463,0.333333,0.666667,5 6 29 30 61 62 103 104 151 152 1642 1818 1819 2004 2199 3158 3648 3714 3715 3716 3913 3914 3915
moead,ns178,3,4,750,15,47363847.352336,1083.642463,0.444444,0.555556,5 6 29 30 61 62 103 104 151 152 1642 1818 1819 2004 2199 3158 3648 3714 3715 3716 3913 3914 3915
moead,ns178,3,5,750,15,47363847.352336,1083.642463,0.555556,0.444444,5 6 29 30 61 62 103 104 151 152 1642 1818 1819 2004 2199 3158 3648 3714 3715 3716 3913 3914 3915
moead,ns178,3,6,750,15,47363847.352336,1083.642463,0.666667,0.333333,5 6 29 30 61 62 103 104 151 152 1642 1818 1819 2004 2199 3158 3648 3714 3715 3716 3913 3914 3915
moead,ns178,3,7,750,15,47363847.352336,1083.642463,0.777778,0.222222,5 6 29 30 61 62 103 104 151 152 1642 1818 1819 2004 2199 3158 3648 3714 3715 3716 3913 3914 3915
moead,ns178,3,8,750,15,47363847.352336,1083.642463,0.888889,0.111111,5 6 29 30 61 62 103 104 151 152 1642 1818 1819 2004 2199 3158 3648 3714 3715 3716 3913 3914 3915
moead,ns178,3,9,750,15,47363847.352336,1083.642463,1.000000,0.000000,5 6 29 30 61 62 103 104 151 152 1642 1818 1819 2004 2199 3158 3648 3714 3715 3716 3913 3914 3915
moead,ns178,3,0,800,16,57276102.066910,1534.795673,0.000000,1.000000,30 84 181 192 202 299 388 652 742 1234 1614 2063 2144 2221 2389 2509 2535 3100 3159 3384 3703 3752 3804
moead,ns178,3,1,800,16,47363847.352336,1083.642463,0.111111,0.888889,5 6 29 30 61 62 103 104 151 152 1642 1818 1819 2004 2199 3158 3648 3714 3715 3716 3913 3914 3915
moead,ns178,3,2,800,16,47363847.352336,1083.642463,0.222222,0.777778,5 6 29 30 61 62 103 104 151 152 1642 1818 1819 2004 2199 3158 3648 3714 3715 3716 3913 3914 3915
moead,ns178,3,3,800,16,47363847.352336,1083.642463,0.333333,0.666667,5 6 29 30 61 62 103 104 151 152 1642 1818 1819 2004 2199 3158 3648 3714 3715 3716 3913 3914 3915
moead,ns178,3,4,800,16,47363847.352336,1083.642463,0.444444,0.555556,5 6 29 30 61 62 103 104 151 152 1642 1818 1819 2004 2199 3158 3648 3714 3715 3716 3913 3914 3915
moead,ns178,3,5,800,16,47363847.352336,1083.642463,0.555556,0.444444,5 6 29 30 61 62 103 104 151 152 1642 1818 1819 2004 2199 3158 3648 3714 3715 3716 3913 3914 3915
moead,ns178,3,6,800,16,47363847.352336,1083.642463,0.666667,0.333333,5 6 29 30 61 62 103 104 151 152 1642 1818 1819 2004 2199 3158 3648 3714 3715 3716 3913 3914 3915
moead,ns178,3,7,800,16,47363847.352336,1083.642463,0.777778,0.222222,5 6 29 30 61 62 103 104 151 152 1642 1818 1819 2004 2199 3158 3648 3714 3715 3716 3913 3914 3915
moead,ns178,3,8,800,16,47363847.352336,1083.642463,0.888889,0.111111,5 6 29 30 61 62 103 104 151 152 1642 1818 1819 2004 2199 3158 3648 3714 3715 3716 3913 3914 3915
moead,ns178,3,9,800,16,47363847.352336,1083.642463,1.000000,0.000000,5 6 29 30 61 62 103 104 151 152 1642 1818 1819 2004 2199 3158 3648 3714 3715 3716 3913 3914 3915
moead,ns178,3,0,850,17,57299252.026925,1534.795673,0.000000,1.000000,30 84 202 299 388 652 742 843 1234 1614 1849 2063 2144 2221 2509 2535 3100 3159 3210 3384 3703 3752 3804
moead,ns178,3,1,850,17,47363847.352336,1083.642463,0.111111,0.888889,5 6 29 30 61 62 103 104 151 152 1642 1818 1819 2004 2199 3158 3648 3714 3715 3716 3913 3914 3915
moead,ns178,3,2,850,17,47363847.352336,1083.642463,0.222222,0.777778,5 6 29 30 61 62 103 104 151 152 1642 1818 1819 2004 2199 3158 3648 3714 3715 3716 3913 3914 3915
moead,ns178,3,3,850,17,47363847.352336,1083.642463,0.333333,0.666667,5 6 29 30 61 62 103 104 151 152 1642 1818 1819 2004 2199 3158 3648 3714 3715 3716 3913 3914 3915
moead,ns178,3,4,850,17,47363847.352336,1083.642463,0.444444,0.555556,5 6 29 30 61 62 103 104 151 152 1642 1818 1819 2004 2199 3158 3648 3714 3715 3716 3913 3914 3915
moead,ns178,3,5,850,17,47363847.352336,1083.642463,0.555556,0.444444,5 6 29 30 61 62 103 104 151 152 1642 1818 1819 2004 2199 3158 3648 3714 3715 3716 3913 3914 3915
moead,ns178,3,6,850,17,47363847.352336,1083.642463,0.666667,0.333333,5 6 29 30 61 62 103 104 151 152 1642 1818 1819 2004 2199 3158 3648 3714 3715 3716 3913 3914 3915
moead,ns178,3,7,850,17,47363847.352336,1083.642463,0.777778,0.222222,5 6 29 30 61 62 103 104 151 152 1642 1818 1819 2004 2199 3158 3648 3714 3715 3716 3913 3914 3915
moead,ns178,3,8,850,17,47363847.352336,1083.642463,0.888889,0.111111,5 6 29 30 61 62 103 104 151 152 1642 1818 1819 2004 2199 3158 3648 3714 3715 3716 3913 3914 3915
moead,ns178,3,9,850,17,47363847.352336,1083.642463,1.000000,0.000000,5 6 29 30 61 62 103 104 151 152 1642 1818 1819 2004 2199 3158 3648 3714 3715 3716 3913 3914 3915
moead,ns178,3,0,900,18,57341114.724392,1537.417585,0.000000,1.000000,30 84 202 299 388 652 742 843 1146 1234 1614 1624 1849 1957 2063 2144 2221 2509 3100 3159 3703 3752 3804
moead,ns178,3,1,900,18,47363847.352336,1083.642463,0.111111,0.888889,5 6 29 30 61 62 103 104 151 152 1642 1818 1819 2004 2199 3158 3648 3714 3715 3716 3913 3914 3915
moead,ns178,3,2,900,18,47363847.352336,1083.642463,0.222222,0.777778,5 6 29 30 61 62 103 104 151 152 1642 1818 1819 2004 2199 3158 3648 3714 3715 3716 3913 3914 3915
moead,ns178,3,3,900,18,47363847.352336,1083.642463,0.333333,0.666667,5 6 29 30 61 62 103 104 151 152 1642 1818 1819 2004 2199 3158 3648 3714 3715 3716 3913 3914 3915
moead,ns178,3,4,900,18,47363847.352336,1083.642463,0.444444,0.555556,5 6 29 30 61 62 103 104 151 152 1642 1818 1819 2004 2199 3158 3648 3714 3715 3716 3913 3914 3915
moead,ns178,3,5,900,18,47363847.352336,1083.642463,0.555556,0.444444,5 6 29 30 61 62 103 104 151 152 1642 1818 1819 2004 2199 3158 3648 3714 3715 3716 3913 3914 3915
moead,ns178,3,6,900,18,47363847.352336,1083.642463,0.666667,0.333333,5 6 29 30 61 62 103 104 151 152 1642 1818 1819 2004 2199 3158 3648 3714 3715 3716 3913 3914 3915
moead,ns178,3,7,900,18,47363847.352336,1083.642463,0.777778,0.222222,5 6 29 30 61 62 103 104 151 152 1642 1818 1819 2004 2199 3158 3648 3714 3715 3716 3913 3914 3915
moead,ns178,3,8,900,18,47363847.352336,1083.642463,0.888889,0.111111,5 6 29 30 61 62 103 104 151 152 1642 1818 1819 2004 2199 3158 3648 3714 3715 3716 3913 3914 3915
moead,ns178,3,9,900,18,47363847.352336,1083.642463,1.000000,0.000000,5 6 29 30 61 62 103 104 151 152 1642 1818 1819 2004 2199 3158 3648 3714 3715 3716 3913 3914 3915
moead,ns178,3,0,950,19,57315620.103870,1537.417585,0.000000,1.000000,30 84 202 299 385 388 652 742 843 1146 1234 1614 1624 1849 1957 2144 2221 2509 3100 3159 3703 3752 3770
moead,ns178,3,1,950,19,47366440.047006,1086.262049,0.111111,0.888889,5 6 29 30 61 62 103 104 151 152 1642 1818 2004 2199 2200 2925 3648 3714 3715 3716 3913 3914 3915
moead,ns178,3,2,950,19,47363207.041386,1085.862657,0.222222,0.777778,5 6 29 30 61 62 103 104 151 152 1642 1818 2004 2199 2925 3158 3648 3714 3715 3716 3913 3914 3915
moead,ns178,3,3,950,19,47363207.041386,1085.862657,0.333333,0.666667,5 6 29 30 61 62 103 104 151 152 1642 1818 2004 2199 2925 3158 3648 3714 3715 3716 3913 3914 3915
moead,ns178,3,4,950,19,47363207.041386,1085.862657,0.444444,0.555556,5 6 29 30 61 62 103 104 151 152 1642 1818 2004 2199 2925 3158 3648 3714 3715 3716 3913 3914 3915
moead,ns178,3,5,950,19,47363207.041386,1085.862657,0.555556,0.444444,5 6 29 30 61 62 103 104 151 152 1642 1818 2004 2199 2925 3158 3648 3714 3715 3716 3913 3914 3915
moead,ns178,3,6,950,19,47363207.041386,1085.862657,0.666667,0.333333,5 6 29 30 61 62 103 104 151 152 1642 1818 2004 2199 2925 3158 3648 3714 3715 3716 3913 3914 3915
moead,ns178,3,7,950,19,47363207.041386,1085.862657,0.777778,0.222222,5 6 29 30 61 62 103 104 151 152 1642 1818 2004 2199 2925 3158 3648 3714 3715 3716 3913 3914 3915
moead,ns178,3,8,950,19,47363118.914506,1084.845017,0.888889,0.111111,5 6 29 30 61 62 103 104 151 152 1642 1818 2004 2199 3158 3399 3648 3714 3715 3716 3913 3914 3915
moead,ns178,3,9,950,19,47363118.914506,1084.845017,1.000000,0.000000,5 6 29 30 61 62 103 104 151 152 1642 1818 2004 2199 3158 3399 3648 3714 3715 3716 3913 3914 3915
moead,ns178,3,0,1000,20,57279898.044656,1537.417585,0.000000,1.000000,30 84 202 299 385 388 742 843 896 1146 1234 1624 1849 2144 2221 2509 3100 3159 3703 3752 3770 3925 3942
moead,ns178,3,1,1000,20,47366440.047006,1086.262049,0.111111,0.888889,5 6 29 30 61 62 103 104 151 152 1642 1818 2004 2199 2200 2925 3648 3714 3715 3716 3913 3914 3915
moead,ns178,3,2,1000,20,47363207.041386,1085.862657,0.222222,0.777778,5 6 29 30 61 62 103 104 151 152 1642 1818 2004 2199 2925 3158 3648 3714 3715 3716 3913 3914 3915
moead,ns178,3,3,1000,20,47363207.041386,1085.862657,0.333333,0.666667,5 6 29 30 61 62 103 104 151 152 1642 1818 2004 2199 2925 3158 3648 3714 3715 3716 3913 3914 3915
moead,ns178,3,4,1000,20,47363207.041386,1085.862657,0.444444,0.555556,5 6 29 30 61 62 103 104 151 152 1642 1818 2004 2199 2925 3158 3648 3714 3715 3716 3913 3914 3915
moead,ns178,3,5,1000,20,47363207.041386,1085.862657,0.555556,0.444444,5 6 29 30 61 62 103 104 151 152 1642 1818 2004 2199 2925 3158 3648 3714 3715 3716 3913 3914 3915
moead,ns178,3,6,1000,20,47363207.041386,1085.862657,0.666667,0.333333,5 6 29 30 61 62 103 104 151 152 1642 1818 2004 2199 2925 3158 3648 3714 3715 3716 3913 3914 3915
moead,ns178,3,7,1000,20,47363207.041386,1085.862657,0.777778,0.222222,5 6 29 30 61 62 103 104 151 152 1642 1818 2004 2199 2925 3158 3648 3714 3715 3716 3913 3914 3915
moead,ns178,3,8,1000,20,47363118.914506,1084.845017,0.888889,0.111111,5 6 29 30 61 62 103 104 151 152 1642 1818 2004 2199 3158 3399 3648 3714 3715 3716 3913 3914 3915
moead,ns178,3,9,1000,20,47363118.914506,1084.845017,1.000000,0.000000,5 6 29 30 61 62 103 104 151 152 1642 1818 2004 2199 3158 3399 3648 3714 3715 3716 3913 3914 3915
moead,ns178,3,0,1050,21,56756088.937680,1537.417585,0.000000,1.000000,30 84 202 299 356 385 388 742 843 896 1146 1234 1624 1849 2144 2221 3100 3159 3703 3752 3770 3925 3942
moead,ns178,3,1,1050,21,47366440.047006,1086.262049,0.111111,0.888889,5 6 29 30 61 62 103 104 151 152 1642 1818 2004 2199 2200 2925 3648 3714 3715 3716 3913 3914 3915
moead,ns178,3,2,1050,21,47363207.041386,1085.862657,0.222222,0.777778,5 6 29 30 61 62 103 104 151 152 1642 1818 2004 2199 2925 3158 3648 3714 3715 3716 3913 3914 3915
moead,ns178,3,3,1050,21,47363207.041386,1085.862657,0.333333,0.666667,5 6 29 30 61 62 103 104 151 152 1642 1818 2004 2199 2925 3158 3648 3714 3715 3716 3913 3914 3915
moead,ns178,3,4,1050,21,47363207.041386,1085.862657,0.444444,0.555556,5 6 29 30 61 62 103 104 151 152 1642 1818 2004 2199 2925 3158 3648 3714 3715 3716 3913 3914 3915
moead,ns178,3,5,1050,21,47363207.041386,1085.862657,0.555556,0.444444,5 6 29 30 61 62 103 104 151 152 1642 1818 2004 2199 2925 3158 3648 3714 3715 3716 3913 3914 3915
moead,ns178,3,6,1050,21,47363207.041386,1085.862657,0.666667,0.333333,5 6 29 30 61 62 103 104 151 152 1642 1818 2004 2199 2925 3158 3648 3714 3715 3716 3913 3914 3915
moead,ns178,3,7,1050,21,47363207.041386,1085.862657,0.777778,0.222222,5 6 29 30 61 62 103 104 151 152 1642 1818 2004 2199 2925 3158 3648 3714 3715 3716 3913 3914 3915
moead,ns178,3,8,1050,21,47363118.914506,1084.845017,0.888889,0.111111,5 6 29 30 61 62 103 104 151 152 1642 1818 2004 2199 3158 3399 3648 3714 3715 3716 3913 3914 3915
moead,ns178,3,9,1050,21,47363118.914506,1084.845017,1.000000,0.000000,5 6 29 30 61 62 103 104 151 152 1642 1818 2004 2199 3158 3399 3648 3714 3715 3716 3913 3914 3915
moead,ns178,3,0,1100,22,56558607.765840,1537.417585,0.000000,1.000000,30 79 84 202 299 356 385 415 593 742 843 896 1146 1234 1624 1849 2221 3100 3159 3703 3770 3925 3942
moead,ns178,3,1,1100,22,47366440.047006,1086.262049,0.111111,0.888889,5 6 29 30 61 62 103 104 151 152 1642 1818 2004 2199 2200 2925 3648 3714 3715 3716 3913 3914 3915
moead,ns178,3,2,1100,22,47363207.041386,1085.862657,0.222222,0.777778,5 6 29 30 61 62 103 104 151 152 1642 1818 2004 2199 2925 3158 3648 3714 3715 3716 3913 3914 3915
moead,ns178,3,3,1100,22,47363207.041386,1085.862657,0.333333,0.666667,5 6 29 30 61 62 103 104 151 152 1642 1818 2004 2199 2925 3158 3648 3714 3715 3716 3913 3914 3915
moead,ns178,3,4,1100,22,47363207.041386,1085.862657,0.444444,0.555556,5 6 29 30 61 62 103 104 151 152 1642 1818 2004 2199 2925 3158 3648 3714 3715 3716 3913 3914 3915
moead,ns178,3,5,1100,22,47363207.041386,1085.862657,0.555556,0.444444,5 6 29 30 61 62 103 104 151 152 1642 1818 2004 2199 2925 3158 3648 3714 3715 3716 3913 3914 3915
moead,ns178,3,6,1100,22,47363207.041386,1085.862657,0.666667,0.333333,5 6 29 30 61 62 103 104 151 152 1642 1818 2004 2199 2925 3158 3648 3714 3715 3716 3913 3914 3915
moead,ns178,3,7,1100,22,47363207.041386,1085.862657,0.777778,0.222222,5 6 29 30 61 62 103 104 151 152 1642 1818 2004 2199 2925 3158 3648 3714 3715 3716 3913 3914 3915
moead,ns178,3,8,1100,22,47363118.914506,1084.845017,0.888889,0.111111,5 6 29 30 61 62 103 104 151 152 1642 1818 2004 2199 3158 3399 3648 3714 3715 3716 3913 3914 3915
moead,ns178,3,9,1100,22,47363118.914506,1084.845017,1.000000,0.000000,5 6 29 30 61 62 103 104 151 152 1642 1818 2004 2199 3158 3399 3648 3714 3715 3716 3913 3914 3915
moead,ns178,3,0,1150,23,56376725.938717,1537.417585,0.000000,1.000000,30 79 202 299 356 372 385 415 593 742 843 896 1146 1234 1624 1639 1849 3100 3561 3703 3770 3925 3942
moead,ns178,3,1,1150,23,47366510.221732,1087.008985,0.111111,0.888889,5 6 29 30 61 62 103 104 151 152 1642 1818 2004 2005 2925 3158 3648 3714 3715 3716 3913 3914 3915
moead,ns178,3,2,1150,23,47363207.041386,1085.862657,0.222222,0.777778,5 6 29 30 61 62 103 104 151 152 1642 1818 2004 2199 2925 3158 3648 3714 3715 3716 3913 3914 3915
moead,ns178,3,3,1150,23,47363207.041386,1085.862657,0.333333,0.666667,5 6 29 30 61 62 103 104 151 152 1642 1818 2004 2199 2925 3158 3648 3714 3715 3716 3913 3914 3915
moead,ns178,3,4,1150,23,47363207.041386,1085.862657,0.444444,0.555556,5 6 29 30 61 62 103 104 151 152 1642 1818 2004 2199 2925 3158 3648 3714 3715 3716 3913 3914 3915
moead,ns178,3,5,1150,23,47363207.041386,1085.862657,0.555556,0.444444,5 6 29 30 61 62 103 104 151 152 1642 1818 2004 2199 2925 3158 3648 3714 3715 3716 3913 3914 3915
moead,ns178,3,6,1150,23,47363207.041386,1085.862657,0.666667,0.333333,5 6 29 30 61 62 103 104 151 152 1642 1818 2004 2199 2925 3158 3648 3714 3715 3716 3913 3914 3915
moead,ns178,3,7,1150,23,47363207.041386,1085.862657,0.777778,0.222222,5 6 29 30 61 62 103 104 151 152 1642 1818 2004 2199 2925 3158 3648 3714 3715 3716 3913 3914 3915
moead,ns178,3,8,1150,23,47363118.914506,1084.845017,0.888889,0.111111,5 6 29 30 61 62 103 104 151 152 1642 1818 2004 2199 3158 3399 3648 3714 3715 3716 3913 3914 3915
moead,ns178,3,9,1150,23,47363118.914506,1084.845017,1.000000,0.000000,5 6 29 30 61 62 103 104 151 152 1642 1818 2004 2199 3158 3399 3648 3714 3715 3716 3913 3914 3915
moead,ns178,3,0,1200,24,56865949.110378,1537.417585,0.000000,1.000000,79 202 299 356 372 385 415 593 742 843 896 1146 1234 1624 1639 1849 3100 3561 3703 3770 3910 3925 3942
moead,ns178,3,1,1200,24,47363207.041386,1085.862657,0.111111,0.888889,5 6 29 30 61 62 103 104 151 152 1642 1818 2004 2199 2925 3158 3648 3714 3715 3716 3913 3914 3915
moead,ns178,3,2,1200,24,47363207.041386,1085.862657,0.222222,0.777778,5 6 29 30 61 62 103 104 151 152 1642 1818 2004 2199 2925 3158 3648 3714 3715 3716 3913 3914 3915
moead,ns178,3,3,1200,24,47363207.041386,1085.862657,0.333333,0.666667,5 6 29 30 61 62 103 104 151 152 1642 1818 2004 2199 2925 3158 3648 3714 3715 3716 3913 3914 3915
moead,ns178,3,4,1200,24,47363207.041386,1085.862657,0.444444,0.555556,5 6 29 30 61 62 103 104 151 152 1642 1818 2004 2199 2925 3158 3648 3714 3715 3716 3913 3914 3915
moead,ns178,3,5,1200,24,47362665.499776,1084.266432,0.555556,0.444444,5 6 29 30 61 62 103 104 151 152 1642 1818 2004 2199 2925 3158 3399 3714 3715 3716 3913 3914 3915
moead,ns178,3,6,1200,24,47362665.499776,1084.266432,0.666667,0.333333,5 6 29 30 61 62 103 104 151 152 1642 1818 2004 2199 2925 3158 3399 3714 3715 3716 3913 3914 3915
moead,ns178,3,7,1200,24,47362665.499776,1084.266432,0.777778,0.222222,5 6 29 30 61 62 103 104 151 152 1642 1818 2004 2199 2925 3158 3399 3714 3715 3716 3913 3914 3915
moead,ns178,3,8,1200,24,47362665.499776,1084.266432,0.888889,0.111111,5 6 29 30 61 62 103 104 151 152 1642 1818 2004 2199 2925 3158 3399 3714 3715 3716 3913 3914 3915
moead,ns178,3,9,1200,24,47362665.499776,1084.266432,1.000000,0.000000,5 6 29 30 61 62 103 104 151 152 1642 1818 2004 2199 2925 3158 3399 3714 3715 3716 3913 3914 3915
moead,ns178,3,0,1250,25,57196678.159276,1537.417585,0.000000,1.000000,79 202 372 385 415 593 610 742 843 896 1146 1181 1234 1583 1639 1849 3100 3561 3703 3712 3770 3925 3942
moead,ns178,3,1,1250,25,47363207.041386,1085.862657,0.111111,0.888889,5 6 29 30 61 62 103 104 151 152 1642 1818 2004 2199 2925 3158 3648 3714 3715 3716 3913 3914 3915
moead,ns178,3,2,1250,25,47363207.041386,1085.862657,0.222222,0.777778,5 6 29 30 61 62 103 104 151 152 1642 1818 2004 2199 2925 3158 3648 3714 3715 3716 3913 3914 3915
moead,ns178,3,3,1250,25,47363207.041386,1085.862657,0.333333,0.666667,5 6 29 30 61 62 103 104 151 152 1642 1818 2004 2199 2925 3158 3648 3714 3715 3716 3913 3914 3915
moead,ns178,3,4,1250,25,47363207.041386,1085.862657,0.444444,0.555556,5 6 29 30 61 62 103 104 151 152 1642 1818 2004 2199 2925 3158 3648 3714 3715 3716 3913 3914 3915
moead,ns178,3,5,1250,25,47362665.499776,1084.266432,0.555556,0.444444,5 6 29 30 61 62 103 104 151 152 1642 1818 2004 2199 2925 3158 3399 3714 3715 3716 3913 3914 3915
moead,ns178,3,6,1250,25,47362665.499776,1084.266432,0.666667,0.333333,5 6 29 30 61 62 103 104 151 152 1642 1818 2004 2199 2925 3158 3399 3714 3715 3716 3913 3914 3915
moead,ns178,3,7,1250,25,47362665.499776,1084.266432,0.777778,0.222222,5 6 29 30 61 62 103 104 151 152 1642 1818 2004 2199 2925 3158 3399 3714 3715 3716 3913 3914 3915
moead,ns178,3,8,1250,25,47362665.499776,1084.266432,0.888889,0.111111,5 6 29 30 61 62 103 104 151 152 1642 1818 2004 2199 2925 3158 3399 3714 3715 3716 3913 3914 3915
moead,ns178,3,9,1250,25,47362665.499776,1084.266432,1.000000,0.000000,5 6 29 30 61 62 103 104 151 152 1642 1818 2004 2199 2925 3158 3399 3714 3715 3716 3913 3914 3915
moead,ns178,3,0,1300,26,57318390.189605,1537.417585,0.000000,1.000000,79 202 372 385 415 593 610 742 843 896 1146 1181 1234 1464 1583 1639 1849 3100 3703 3712 3770 3925 3942
moead,ns178,3,1,1300,26,47363207.041386,1085.862657,0.111111,0.888889,5 6 29 30 61 62 103 104 151 152 1642 1818 2004 2199 2925 3158 3648 3714 3715 3716 3913 3914 3915
moead,ns178,3,2,1300,26,47363207.041386,1085.862657,0.222222,0.777778,5 6 29 30 61 62 103 104 151 152 1642 1818 2004 2199 2925 3158 3648 3714 3715 3716 3913 3914 3915
moead,ns178,3,3,1300,26,47363207.041386,1085.862657,0.333333,0.666667,5 6 29 30 61 62 103 104 151 152 1642 1818 2004 2199 2925 3158 3648 3714 3715 3716 3913 3914 3915
moead,ns178,3,4,1300,26,47363207.041386,1085.862657,0.444444,0.555556,5 6 29 30 61 62 103 104 151 152 1642 1818 2004 2199 2925 3158 3648 3714 3715 3716 3913 3914 3915
moead,ns178,3,5,1300,26,47362665.499776,1084.266432,0.555556,0.444444,5 6 29 30 61 62 103 104 151 152 1642 1818 2004 2199 2925 3158 3399 3714 3715 3716 3913 3914 3915
moead,ns178,3,6,1300,26,47362665.499776,1084.266432,0.666667,0.333333,5 6 29 30 61 62 103 104 151 152 1642 1818 2004 2199 2925 3158 3399 3714 3715 3716 3913 3914 3915
moead,ns178,3,7,1300,26,47362665.499776,1084.266432,0.777778,0.222222,5 6 29 30 61 62 103 104 151 152 1642 1818 2004 2199 2925 3158 3399 3714 3715 3716 3913 3914 3915
moead,ns178,3,8,1300,26,47362665.499776,1084.266432,0.888889,0.111111,5 6 29 30 61 62 103 104 151 152 1642 1818 2004 2199 2925 3158 3399 3714 3715 3716 3913 3914 3915
moead,ns178,3,9,1300,26,47362665.499776,1084.266432,1.000000,0.000000,5 6 29 30 61 62 103 104 151 152 1642 1818 2004 2199 2925 3158 3399 3714 3715 3716 3913 3914 3915
moead,ns178,3,0,1350,27,57293368.071067,1537.417585,0.000000,1.000000,133 202 372 385 415 593 610 742 843 896 1181 1234 1458 1464 1583 1639 1849 3100 3703 3712 3770 3925 3942
moead,ns178,3,1,1350,27,47363207.041386,1085.862657,0.111111,0.888889,5 6 29 30 61 62 103 104 151 152 1642 1818 2004 2199 2925 3158 3648 3714 3715 3716 3913 3914 3915
moead,ns178,3,2,1350,27,47363207.041386,1085.862657,0.222222,0.777778,5 6 29 30 61 62 103 104 151 152 1642 1818 2004 2199 2925 3158 3648 3714 3715 3716 3913 3914 3915
moead,ns178,3,3,1350,27,47363207.041386,1085.862657,0.333333,0.666667,5 6 29 30 61 62 103 104 151 152 1642 1818 2004 2199 2925 3158 3648 3714 3715 3716 3913 3914 3915
moead,ns178,3,4,1350,27,47363207.041386,1085.862657,0.444444,0.555556,5 6 29 30 61 62 103 104 151 152 1642 1818 2004 2199 2925 3158 3648 3714 3715 3716 3913 3914 3915
moead,ns178,3,5,1350,27,47362665.499776,1084.266432,0.555556,0.444444,5 6 29 30 61 62 103 104 151 152 1642 1818 2004 2199 2925 3158 3399 3714 3715 3716 3913 3914 3915
moead,ns178,3,6,1350,27,47362665.499776,1084.266432,0.666667,0.333333,5 6 29 30 61 62 103 104 151 152 1642 1818 2004 2199 2925 3158 3399 3714 3715 3716 3913 3914 3915
moead,ns178,3,7,1350,27,47362665.499776,1084.266432,0.777778,0.222222,5 6 29 30 61 62 103 104 151 152 1642 1818 2004 2199 2925 3158 3399 3714 3715 3716 3913 3914 3915
moead,ns178,3,8,1350,27,47362665.499776,1084.266432,0.888889,0.111111,5 6 29 30 61 62 103 104 151 152 1642 1818 2004 2199 2925 3158 3399 3714 3715 3716 3913 3914 3915
moead,ns178,3,9,1350,27,47362665.499776,1084.266432,1.000000,0.000000,5 6 29 30 61 62 103 104 151 152 1642 1818 2004 2199 2925 3158 3399 3714 3715 3716 3913 3914 3915
moead,ns178,3,0,1400,28,57293368.071067,1537.417585,0.000000,1.000000,133 202 372 385 415 593 610 742 843 896 1181 1234 1458 1464 1583 1639 1849 3100 3703 3712 3770 3925 3942
moead,ns178,3,1,1400,28,47363207.041386,1085.862657,0.111111,0.888889,5 6 29 30 61 62 103 104 151 152 1642 1818 2004 2199 2925 3158 3648 3714 3715 3716 3913 3914 3915
moead,ns178,3,2,1400,28,47363207.041386,1085.862657,0.222222,0.777778,5 6 29 30 61 62 103 104 151 152 1642 1818 2004 2199 2925 3158 3648 3714 3715 3716 3913 3914 3915
moead,ns178,3,3,1400,28,47363207.041386,1085.862657,0.333333,0.666667,5 6 29 30 61 62 103 104 151 152 1642 1818 2004 2199 2925 3158 3648 3714 3715 3716 3913 3914 3915
moead,ns178,3,4,1400,28,47363207.041386,1085.862657,0.444444,0.555556,5 6 29 30 61 62 103 104 151 152 1642 1818 2004 2199 2925 3158 3648 3714 3715 3716 3913 3914 3915
moead,ns178,3,5,1400,28,47362665.499776,1084.266432,0.555556,0.444444,5 6 29 30 61 62 103 104 151 152 1642 1818 2004 2199 2925 3158 3399 3714 3715 3716 3913 3914 3915
moead,ns178,3,6,1400,28,47362665.499776,1084.266432,0.666667,0.333333,5 6 29 30 61 62 103 104 151 152 1642 1818 2004 2199 2925 3158 3399 3714 3715 3716 3913 3914 3915
moead,ns178,3,7,1400,28,47362665.499776,1084.266432,0.777778,0.222222,5 6 29 30 61 62 103 104 151 152 1642 1818 2004 2199 2925 3158 3399 3714 3715 3716 3913 3914 3915
moead,ns178,3,8,1400,28,47362665.499776,1084.266432,0.888889,0.111111,5 6 29 30 61 62 103 104 151 152 1642 1818 2004 2199 2925 3158 3399 3714 3715 3716 3913 3914 3915
moead,ns178,3,9,1400,28,47362665.499776,1084.266432,1.000000,0.000000,5 6 29 30 61 62 103 104 151 152 1642 1818 2004 2199 2925 3158 3399 3714 3715 3716 3913 3914 3915
moead,ns178,3,0,1450,29,57605337.037372,1537.417585,0.000000,1.000000,133 202 385 415 593 610 742 828 896 1181 1234 1458 1464 1583 1611 1639 1849 3100 3703 3712 3770 3925 3942
moead,ns178,3,1,1450,29,47363207.041386,1085.862657,0.111111,0.888889,5 6 29 30 61 62 103 104 151 152 1642 1818 2004 2199 2925 3158 3648 3714 3715 3716 3913 3914 3915
moead,ns178,3,2,1450,29,47363207.041386,1085.862657,0.222222,0.777778,5 6 29 30 61 62 103 104 151 152 1642 1818 2004 2199 2925 3158 3648 3714 3715 3716 3913 3914 3915
moead,ns178,3,3,1450,29,47363207.041386,1085.862657,0.333333,0.666667,5 6 29 30 61 62 103 104 151 152 1642 1818 2004 2199 2925 3158 3648 3714 3715 3716 3913 3914 3915
moead,ns178,3,4,1450,29,47363207.041386,1085.862657,0.444444,0.555556,5 6 29 30 61 62 103 104 151 152 1642 1818 2004 2199 2925 3158 3648 3714 3715 3716 3913 3914 3915
moead,ns178,3,5,1450,29,47362665.499776,1084.266432,0.555556,0.444444,5 6 29 30 61 62 103 104 151 152 1642 1818 2004 2199 2925 3158 3399 3714 3715 3716 3913 3914 3915
moead,ns178,3,6,1450,29,47362665.499776,1084.266432,0.666667,0.333333,5 6 29 30 61 62 103 104 151 152 1642 1818 2004 2199 2925 3158 3399 3714 3715 3716 3913 3914 3915
moead,ns178,3,7,1450,29,47362665.499776,1084.266432,0.777778,0.222222,5 6 29 30 61 62 103 104 151 152 1642 1818 2004 2199 2925 3158 3399 3714 3715 3716 3913 3914 3915
moead,ns178,3,8,1450,29,47362665.499776,1084.266432,0.888889,0.111111,5 6 29 30 61 62 103 104 151 152 1642 1818 2004 2199 2925 3158 3399 3714 3715 3716 3913 3914 3915
moead,ns178,3,9,1450,29,47362665.499776,1084.266432,1.000000,0.000000,5 6 29 30 61 62 103 104 151 152 1642 1818 2004 2199 2925 3158 3399 3714 3715 3716 3913 3914 3915
moead,ns178,3,0,1500,30,57863552.198937,1537.417585,0.000000,1.000000,385 415 593 598 610 742 828 870 896 1181 1234 1458 1464 1583 1611 1639 1849 3100 3703 3712 3770 3925 3942
moead,ns178,3,1,1500,30,47363207.041386,1085.862657,0.111111,0.888889,5 6 29 30 61 62 103 104 151 152 1642 1818 2004 2199 2925 3158 3648 3714 3715 3716 3913 3914 3915
moead,ns178,3,2,1500,30,47363207.041386,1085.862657,0.222222,0.777778,5 6 29 30 61 62 103 104 151 152 1642 1818 2004 2199 2925 3158 3648 3714 3715 3716 3913 3914 3915
moead,ns178,3,3,1500,30,47363207.041386,1085.862657,0.333333,0.666667,5 6 29 30 61 62 103 104 151 152 1642 1818 2004 2199 2925 3158 3648 3714 3715 3716 3913 3914 3915
moead,ns178,3,4,1500,30,47363207.041386,1085.862657,0.444444,0.555556,5 6 29 30 61 62 103 104 151 152 1642 1818 2004 2199 2925 3158 3648 3714 3715 3716 3913 3914 3915
moead,ns178,3,5,1500,30,47362665.499776,1084.266432,0.555556,0.444444,5 6 29 30 61 62 103 104 151 152 1642 1818 2004 2199 2925 3158 3399 3714 3715 3716 3913 3914 3915
moead,ns178,3,6,1500,30,47362665.499776,1084.266432,0.666667,0.333333,5 6 29 30 61 62 103 104 151 152 1642 1818 2004 2199 2925 3158 3399 3714 3715 3716 3913 3914 3915
moead,ns178,3,7,1500,30,47362665.499776,1084.266432,0.777778,0.222222,5 6 29 30 61 62 103 104 151 152 1642 1818 2004 2199 2925 3158 3399 3714 3715 3716 3913 3914 3915
moead,ns178,3,8,1500,30,47362665.499776,1084.266432,0.888889,0.111111,5 6 29 30 61 62 103 104 151 152 1642 1818 2004 2199 2925 3158 3399 3714 3715 3716 3913 3914 3915
moead,ns178,3,9,1500,30,47362665.499776,1084.266432,1.000000,0.000000,5 6 29 30 61 62 103 104 151 152 1642 1818 2004 2199 2925 3158 3399 3714 3715 3716 3913 3914 3915
moead,ns178,3,0,1550,31,57662082.749266,1537.417585,0.000000,1.000000,385 415 593 610 741 828 870 896 1181 1234 1464 1583 1611 1639 1849 2079 3100 3203 3703 3712 3770 3925 3942
moead,ns178,3,1,1550,31,47363207.041386,1085.862657,0.111111,0.888889,5 6 29 30 61 62 103 104 151 152 1642 1818 2004 2199 2925 3158 3648 3714 3715 3716 3913 3914 3915
moead,ns178,3,2,1550,31,47363207.041386,1085.862657,0.222222,0.777778,5 6 29 30 61 62 103 104 151 152 1642 1818 2004 2199 2925 3158 3648 3714 3715 3716 3913 3914 3915
moead,ns178,3,3,1550,31,47363207.041386,1085.862657,0.333333,0.666667,5 6 29 30 61 62 103 104 151 152 1642 1818 2004 2199 2925 3158 3648 3714 3715 3716 3913 3914 3915
moead,ns178,3,4,1550,31,47363207.041386,1085.862657,0.444444,0.555556,5 6 29 30 61 62 103 104 151 152 1642 1818 2004 2199 2925 3158 3648 3714 3715 3716 3913 3914 3915
moead,ns178,3,5,1550,31,47362665.499776,1084.266432,0.555556,0.444444,5 6 29 30 61 62 103 104 151 152 1642 1818 2004 2199 2925 3158 3399 3714 3715 3716 3913 3914 3915
moead,ns178,3,6,1550,31,47362665.499776,1084.266432,0.666667,0.333333,5 6 29 30 61 62 103 104 151 152 1642 1818 2004 2199 2925 3158 3399 3714 3715 3716 3913 3914 3915
moead,ns178,3,7,1550,31,47362665.499776,1084.266432,0.777778,0.222222,5 6 29 30 61 62 103 104 151 152 1642 1818 2004 2199 2925 3158 3399 3714 3715 3716 3913 3914 3915
moead,ns178,3,8,1550,31,47362665.499776,1084.266432,0.888889,0.111111,5 6 29 30 61 62 103 104 151 152 1642 1818 2004 2199 2925 3158 3399 3714 3715 3716 3913 3914 3915
moead,ns178,3,9,1550,31,47362665.499776,1084.266432,1.000000,0.000000,5 6 29 30 61 62 103 104 151 152 1642 1818 2004 2199 2925 3158 3399 3714 3715 3716 3913 3914 3915
moead,ns178,3,0,1600,32,57338257.235885,1537.417585,0.000000,1.000000,314 385 415 593 741 828 870 896 1181 1234 1464 1583 1639 1849 2079 3100 3108 3203 3703 3712 3770 3925 3942
moead,ns178,3,1,1600,32,47363207.041386,1085.862657,0.111111,0.888889,5 6 29 30 61 62 103 104 151 152 1642 1818 2004 2199 2925 3158 3648 3714 3715 3716 3913 3914 3915
moead,ns178,3,2,1600,32,47363207.041386,1085.862657,0.222222,0.777778,5 6 29 30 61 62 103 104 151 152 1642 1818 2004 2199 2925 3158 3648 3714 3715 3716 3913 3914 3915
moead,ns178,3,3,1600,32,47363207.041386,1085.862657,0.333333,0.666667,5 6 29 30 61 62 103 104 151 152 1642 1818 2004 2199 2925 3158 3648 3714 3715 3716 3913 3914 3915
moead,ns178,3,4,1600,32,47363207.041386,1085.862657,0.444444,0.555556,5 6 29 30 61 62 103 104 151 152 1642 1818 2004 2199 2925 3158 3648 3714 3715 3716 3913 3914 3915
moead,ns178,3,5,1600,32,47362665.499776,1084.266432,0.555556,0.444444,5 6 29 30 61 62 103 104 151 152 1642 1818 2004 2199 2925 3158 3399 3714 3715 3716 3913 3914 3915
moead,ns178,3,6,1600,32,47362665.499776,1084.266432,0.666667,0.333333,5 6 29 30 61 62 103 104 151 152 1642 1818 2004 2199 2925 3158 3399 3714 3715 3716 3913 3914 3915
moead,ns178,3,7,1600,32,47362665.499776,1084.266432,0.777778,0.222222,5 6 29 30 61 62 103 104 151 152 1642 1818 2004 2199 2925 3158 3399 3714 3715 3716 3913 3914 3915
moead,ns178,3,8,1600,32,47362665.499776,1084.266432,0.888889,0.111111,5 6 29 30 61 62 103 104 151 152 1642 1818 2004 2199 2925 3158 3399 3714 3715 3716 3913 3914 3915
moead,ns178,3,9,1600,32,47362665.499776,1084.266432,1.000000,0.000000,5 6 29 30 61 62 103 104 151 152 1642 1818 2004 2199 2925 3158 3399 3714 3715 3716 3913 3914 3915
moead,ns178,3,0,1650,33,57012792.784524,1537.417585,0.000000,1.000000,314 385 415 593 685 741 828 870 896 1146 1181 1234 1464 1639 1849 2079 3100 3108 3203 3703 3712 3770 3925
moead,ns178,3,1,1650,33,47363207.041386,1085.862657,0.111111,0.888889,5 6 29 30 61 62 103 104 151 152 1642 1818 2004 2199 2925 3158 3648 3714 3715 3716 3913 3914 3915
moead,ns178,3,2,1650,33,47363207.041386,1085.862657,0.222222,0.777778,5 6 29 30 61 62 103 104 151 152 1642 1818 2004 2199 2925 3158 3648 3714 3715 3716 3913 3914 3915
moead,ns178,3,3,1650,33,47363207.041386,1085.862657,0.333333,0.666667,5 6 29 30 61 62 103 104 151 152 1642 1818 2004 2199 2925 3158 3648 3714 3715 3716 3913 3914 3915
moead,ns178,3,4,1650,33,47363207.041386,1085.862657,0.444444,0.555556,5 6 29 30 61 62 103 104 151 152 1642 1818 2004 2199 2925 3158 3648 3714 3715 3716 3913 3914 3915
moead,ns178,3,5,1650,33,47362665.499776,1084.266432,0.555556,0.444444,5 6 29 30 61 62 103 104 151 152 1642 1818 2004 2199 2925 3158 3399 3714 3715 3716 3913 3914 3915
moead,ns178,3,6,1650,33,47362665.499776,1084.266432,0.666667,0.333333,5 6 29 30 61 62 103 104 151 152 1642 1818 2004 2199 2925 3158 3399 3714 3715 3716 3913 3914 3915
moead,ns178,3,7,1650,33,47362665.499776,1084.266432,0.777778,0.222222,5 6 29 30 61 62 103 104 151 152 1642 1818 2004 2199 2925 3158 3399 3714 3715 3716 3913 3914 3915
moead,ns178,3,8,1650,33,47362665.499776,1084.266432,0.888889,0.111111,5 6 29 30 61 62 103 104 151 152 1642 1818 2004 2199 2925 3158 3399 3714 3715 3716 3913 3914 3915
moead,ns178,3,9,1650,33,47362665.499776,1084.266432,1.000000,0.000000,5 6 29 30 61 62 103 104 151 152 1642 1818 2004 2199 2925 3158 3399 3714 3715 3716 3913 3914 3915
moead,ns178,3,0,1700,34,57013111.396382,1537.417585,0.000000,1.000000,88 314 385 415 593 662 685 741 870 896 1146 1181 1234 1464 1639 1849 2079 3100 3108 3203 3703 3712 3925
moead,ns178,3,1,1700,34,47363207.041386,1085.862657,0.111111,0.888889,5 6 29 30 61 62 103 104 151 152 1642 1818 2004 2199 2925 3158 3648 3714 3715 3716 3913 3914 3915
moead,ns178,3,2,1700,34,47363207.041386,1085.862657,0.222222,0.777778,5 6 29 30 61 62 103 104 151 152 1642 1818 2004 2199 2925 3158 3648 3714 3715 3716 3913 3914 3915
moead,ns178,3,3,1700,34,47363207.041386,1085.862657,0.333333,0.666667,5 6 29 30 61 62 103 104 151 152 1642 1818 2004 2199 2925 3158 3648 3714 3715 3716 3913 3914 3915
moead,ns178,3,4,1700,34,47363207.041386,1085.862657,0.444444,0.555556,5 6 29 30 61 62 103 104 151 152 1642 1818 2004 2199 2925 3158 3648 3714 3715 3716 3913 3914 3915
moead,ns178,3,5,1700,34,47362665.499776,1084.266432,0.555556,0.444444,5 6 29 30 61 62 103 104 151 152 1642 1818 2004 2199 2925 3158 3399 3714 3715 3716 3913 3914 3915
moead,ns178,3,6,1700,34,47362665.499776,1084.266432,0.666667,0.333333,5 6 29 30 61 62 103 104 151 152 1642 1818 2004 2199 2925 3158 3399 3714 3715 3716 3913 3914 3915
moead,ns178,3,7,1700,34,47362665.499776,1084.266432,0.777778,0.222222,5 6 29 30 61 62 103 104 151 152 1642 1818 2004 2199 2925 3158 3399 3714 3715 3716 3913 3914 3915
moead,ns178,3,8,1700,34,47362665.499776,1084.266432,0.888889,0.111111,5 6 29 30 61 62 103 104 151 152 1642 1818 2004 2199 2925 3158 3399 3714 3715 3716 3913 3914 3915
moead,ns178,3,9,1700,34,47362665.499776,1084.266432,1.000000,0.000000,5 6 29 30 61 62 103 104 151 152 1642 1818 2004 2199 2925 3158 3399 3714 3715 3716 3913 3914 3915
moead,ns178,3,0,1750,35,57092197.872095,1537.417585,0.000000,1.000000,314 385 415 662 685 741 870 896 1146 1181 1234 1464 1639 1841 1849 2079 3004 3100 3108 3203 3703 3712 3925
moead,ns178,3,1,1750,35,47363207.041386,1085.862657,0.111111,0.888889,5 6 29 30 61 62 103 104 151 152 1642 1818 2004 2199 2925 3158 3648 3714 3715 3716 3913 3914 3915
moead,ns178,3,2,1750,35,47363207.041386,1085.862657,0.222222,0.777778,5 6 29 30 61 62 103 104 151 152 1642 1818 2004 2199 2925 3158 3648 3714 3715 3716 3913 3914 3915
moead,ns178,3,3,1750,35,47363207.041386,1085.862657,0.333333,0.666667,5 6 29 30 61 62 103 104 151 152 1642 1818 2004 2199 2925 3158 3648 3714 3715 3716 3913 3914 3915
moead,ns178,3,4,1750,35,47363207.041386,1085.862657,0.444444,0.555556,5 6 29 30 61 62 103 104 151 152 1642 1818 2004 2199 2925 3158 3648 3714 3715 3716 3913 3914 3915
moead,ns178,3,5,1750,35,47362665.499776,1084.266432,0.555556,0.444444,5 6 29 30 61 62 103 104 151 152 1642 1818 2004 2199 2925 3158 3399 3714 3715 3716 3913 3914 3915
moead,ns178,3,6,1750,35,47362665.499776,1084.266432,0.666667,0.333333,5 6 29 30 61 62 103 104 151 152 1642 1818 2004 2199 2925 3158 3399 3714 3715 3716 3913 3914 3915
moead,ns178,3,7,1750,35,47362665.499776,1084.266432,0.777778,0.222222,5 6 29 30 61 62 103 104 151 152 1642 1818 2004 2199 2925 3158 3399 3714 3715 3716 3913 3914 3915
moead,ns178,3,8,1750,35,47362665.499776,1084.266432,0.888889,0.111111,5 6 29 30 61 62 103 104 151 152 1642 1818 2004 2199 2925 3158 3399 3714 3715 3716 3913 3914 3915
moead,ns178,3,9,1750,35,47362665.499776,1084.266432,1.000000,0.000000,5 6 29 30 61 62 103 104 151 152 1642 1818 2004 2199 2925 3158 3399 3714 3715 3716 3913 3914 3915
moead,ns178,3,0,1800,36,57794317.593254,1537.417585,0.000000,1.000000,252 314 385 415 662 685 741 870 896 1146 1178 1181 1234 1639 1841 1849 3004 3100 3108 3203 3703 3712 3925
moead,ns178,3,1,1800,36,47363207.041386,1085.862657,0.111111,0.888889,5 6 29 30 61 62 103 104 151 152 1642 1818 2004 2199 2925 3158 3648 3714 3715 3716 3913 3914 3915
moead,ns178,3,2,1800,36,47363207.041386,1085.862657,0.222222,0.777778,5 6 29 30 61 62 103 104 151 152 1642 1818 2004 2199 2925 3158 3648 3714 3715 3716 3913 3914 3915
moead,ns178,3,3,1800,36,47363207.041386,1085.862657,0.333333,0.666667,5 6 29 30 61 62 103 104 151 152 1642 1818 2004 2199 2925 3158 3648 3714 3715 3716 3913 3914 3915
moead,ns178,3,4,1800,36,47363207.041386,1085.862657,0.444444,0.555556,5 6 29 30 61 62 103 104 151 152 1642 1818 2004 2199 2925 3158 3648 3714 3715 3716 3913 3914 3915
moead,ns178,3,5,1800,36,47362665.499776,1084.266432,0.555556,0.444444,5 6 29 30 61 62 103 104 151 152 1642 1818 2004 2199 2925 3158 3399 3714 3715 3716 3913 3914 3915
moead,ns178,3,6,1800,36,47362665.499776,1084.266432,0.666667,0.333333,5 6 29 30 61 62 103 104 151 152 1642 1818 2004 2199 2925 3158 3399 3714 3715 3716 3913 3914 3915
moead,ns178,3,7,1800,36,47362665.499776,1084.266432,0.777778,0.222222,5 6 29 30 61 62 103 104 151 152 1642 1818 2004 2199 2925 3158 3399 3714 3715 3716 3913 3914 3915
moead,ns178,3,8,1800,36,47362665.499776,1084.266432,0.888889,0.111111,5 6 29 30 61 62 103 104 151 152 1642 1818 2004 2199 2925 3158 3399 3714 3715 3716 3913 3914 3915
moead,ns178,3,9,1800,36,47362665.499776,1084.266432,1.000000,0.000000,5 6 29 30 61 62 103 104 151 152 1642 1818 2004 2199 2925 3158 3399 3714 3715 3716 3913 3914 3915
moead,ns178,3,0,1850,37,57343650.703447,1537.417585,0.000000,1.000000,106 252 314 385 415 576 662 685 741 896 1146 1178 1181 1234 1631 1639 1849 2551 3004 3108 3203 3712 3925
moead,ns178,3,1,1850,37,47363207.041386,1085.862657,0.111111,0.888889,5 6 29 30 61 62 103 104 151 152 1642 1818 2004 2199 2925 3158 3648 3714 3715 3716 3913 3914 3915
moead,ns178,3,2,1850,37,47363207.041386,1085.862657,0.222222,0.777778,5 6 29 30 61 62 103 104 151 152 1642 1818 2004 2199 2925 3158 3648 3714 3715 3716 3913 3914 3915
moead,ns178,3,3,1850,37,47363207.041386,1085.862657,0.333333,0.666667,5 6 29 30 61 62 103 104 151 152 1642 1818 2004 2199 2925 3158 3648 3714 3715 3716 3913 3914 3915
moead,ns178,3,4,1850,37,47363207.041386,1085.862657,0.444444,0.555556,5 6 29 30 61 62 103 104 151 152 1642 1818 2004 2199 2925 3158 3648 3714 3715 3716 3913 3914 3915
moead,ns178,3,5,1850,37,47362665.499776,1084.266432,0.555556,0.444444,5 6 29 30 61 62 103 104 151 152 1642 1818 2004 2199 2925 3158 3399 3714 3715 3716 3913 3914 3915
moead,ns178,3,6,1850,37,47362665.499776,1084.266432,0.666667,0.333333,5 6 29 30 61 62 103 104 151 152 1642 1818 2004 2199 2925 3158 3399 3714 3715 3716 3913 3914 3915
moead,ns178,3,7,1850,37,47362665.499776,1084.266432,0.777778,0.222222,5 6 29 30 61 62 103 104 151 152 1642 1818 2004 2199 2925 3158 3399 3714 3715 3716 3913 3914 3915
moead,ns178,3,8,1850,37,47362665.499776,1084.266432,0.888889,0.111111,5 6 29 30 61 62 103 104 151 152 1642 1818 2004 2199 2925 3158 3399 3714 3715 3716 3913 3914 3915
moead,ns178,3,9,1850,37,47362665.499776,1084.266432,1.000000,0.000000,5 6 29 30 61 62 103 104 151 152 1642 1818 2004 2199 2925 3158 3399 3714 3715 3716 3913 3914 3915
moead,ns178,3,0,1900,38,56847963.806299,1537.417585,0.000000,1.000000,106 252 314 385 415 576 662 685 741 1146 1178 1181 1234 1631 1639 1849 2388 2551 3004 3108 3357 3712 3925
moead,ns178,3,1,1900,38,47363207.041386,1085.862657,0.111111,0.888889,5 6 29 30 61 62 103 104 151 152 1642 1818 2004 2199 2925 3158 3648 3714 3715 3716 3913 3914 3915
moead,ns178,3,2,1900,38,47363207.041386,1085.862657,0.222222,0.777778,5 6 29 30 61 62 103 104 151 152 1642 1818 2004 2199 2925 3158 3648 3714 3715 3716 3913 3914 3915
moead,ns178,3,3,1900,38,47363207.041386,1085.862657,0.333333,0.666667,5 6 29 30 61 62 103 104 151 152 1642 1818 2004 2199 2925 3158 3648 3714 3715 3716 3913 3914 3915
moead,ns178,3,4,1900,38,47363207.041386,1085.862657,0.444444,0.555556,5 6 29 30 61 62 103 104 151 152 1642 1818 2004 2199 2925 3158 3648 3714 3715 3716 3913 3914 3915
moead,ns178,3,5,1900,38,47362665.499776,1084.266432,0.555556,0.444444,5 6 29 30 61 62 103 104 151 152 1642 1818 2004 2199 2925 3158 3399 3714 3715 3716 3913 3914 3915
moead,ns178,3,6,1900,38,47362665.499776,1084.266432,0.666667,0.333333,5 6 29 30 61 62 103 104 151 152 1642 1818 2004 2199 2925 3158 3399 3714 3715 3716 3913 3914 3915
moead,ns178,3,7,1900,38,47362665.499776,1084.266432,0.777778,0.222222,5 6 29 30 61 62 103 104 151 152 1642 1818 2004 2199 2925 3158 3399 3714 3715 3716 3913 3914 3915
moead,ns178,3,8,1900,38,47362665.499776,1084.266432,0.888889,0.111111,5 6 29 30 61 62 103 104 151 152 1642 1818 2004 2199 2925 3158 3399 3714 3715 3716 3913 3914 3915
moead,ns178,3,9,1900,38,47362665.499776,1084.266432,1.000000,0.000000,5 6 29 30 61 62 103 104 151 152 1642 1818 2004 2199 2925 3158 3399 3714 3715 3716 3913 3914 3915
moead,ns178,3,0,1950,39,56722033.547229,1537.417585,0.000000,1.000000,106 252 314 415 576 662 741 826 889 1146 1178 1181 1234 1631 1639 1849 2388 2551 2584 3004 3357 3712 3925
moead,ns178,3,1,1950,39,47363207.041386,1085.862657,0.111111,0.888889,5 6 29 30 61 62 103 104 151 152 1642 1818 2004 2199 2925 3158 3648 3714 3715 3716 3913 3914 3915
moead,ns178,3,2,1950,39,47363207.041386,1085.862657,0.222222,0.777778,5 6 29 30 61 62 103 104 151 152 1642 1818 2004 2199 2925 3158 3648 3714 3715 3716 3913 3914 3915
moead,ns178,3,3,1950,39,47363207.041386,1085.862657,0.333333,0.666667,5 6 29 30 61 62 103 104 151 152 1642 1818 2004 2199 2925 3158 3648 3714 3715 3716 3913 3914 3915
moead,ns178,3,4,1950,39,47363207.041386,1085.862657,0.444444,0.555556,5 6 29 30 61 62 103 104 151 152 1642 1818 2004 2199 2925 3158 3648 3714 3715 3716 3913 3914 3915
moead,ns178,3,5,1950,39,47362665.499776,1084.266432,0.555556,0.444444,5 6 29 30 61 62 103 104 151 152 1642 1818 2004 2199 2925 3158 3399 3714 3715 3716 3913 3914 3915
moead,ns178,3,6,1950,39,47362665.499776,1084.266432,0.666667,0.333333,5 6 29 30 61 62 103 104 151 152 1642 1818 2004 2199 2925 3158 3399 3714 3715 3716 3913 3914 3915
moead,ns178,3,7,1950,39,47362665.499776,1084.266432,0.777778,0.222222,5 6 29 30 61 62 103 104 151 152 1642 1818 2004 2199 2925 3158 3399 3714 3715 3716 3913 3914 3915
moead,ns178,3,8,1950,39,47362665.499776,1084.266432,0.888889,0.111111,5 6 29 30 61 62 103 104 151 152 1642 1818 2004 2199 2925 3158 3399 3714 3715 3716 3913 3914 3915
moead,ns178,3,9,1950,39,47362665.499776,1084.266432,1.000000,0.000000,5 6 29 30 61 62 103 104 151 152 1642 1818 2004 2199 2925 3158 3399 3714 3715 3716 3913 3914 3915
moead,ns178,3,0,2000,40,56995201.774676,1537.417585,0.000000,1.000000,58 106 165 314 415 576 741 826 889 1146 1178 1234 1631 1639 1849 2388 2551 2584 3004 3357 3712 3855 3925
moead,ns178,3,1,2000,40,47363207.041386,1085.862657,0.111111,0.888889,5 6 29 30 61 62 103 104 151 152 1642 1818 2004 2199 2925 3158 3648 3714 3715 3716 3913 3914 3915
moead,ns178,3,2,2000,40,47363207.041386,1085.862657,0.222222,0.777778,5 6 29 30 61 62 103 104 151 152 1642 1818 2004 2199 2925 3158 3648 3714 3715 3716 3913 3914 3915
moead,ns178,3,3,2000,40,47363207.041386,1085.862657,0.333333,0.666667,5 6 29 30 61 62 103 104 151 152 1642 1818 2004 2199 2925 3158 3648 3714 3715 3716 3913 3914 3915
moead,ns178,3,4,2000,40,47363207.041386,1085.862657,0.444444,0.555556,5 6 29 30 61 62 103 104 151 152 1642 1818 2004 2199 2925 3158 3648 3714 3715 3716 3913 3914 3915
moead,ns178,3,5,2000,40,47362665.499776,1084.266432,0.555556,0.444444,5 6 29 30 61 62 103 104 151 152 1642 1818 2004 2199 2925 3158 3399 3714 3715 3716 3913 3914 3915
moead,ns178,3,6,2000,40,47362665.499776,1084.266432,0.666667,0.333333,5 6 29 30 61 62 103 104 151 152 1642 1818 2004 2199 2925 3158 3399 3714 3715 3716 3913 3914 3915
moead,ns178,3,7,2000,40,47362665.499776,1084.266432,0.777778,0.222222,5 6 29 30 61 62 103 104 151 152 1642 1818 2004 2199 2925 3158 3399 3714 3715 3716 3913 3914 3915
moead,ns178,3,8,2000,40,47362665.499776,1084.266432,0.888889,0.111111,5 6 29 30 61 62 103 104 151 152 1642 1818 2004 2199 2925 3158 3399 3714 3715 3716 3913 3914 3915
moead,ns178,3,9,2000,40,47362665.499776,1084.266432,1.000000,0.000000,5 6 29 30 61 62 103 104 151 152 1642 1818 2004 2199 2925 3158 3399 3714 3715 3716 3913 3914 3915
moead,ns178,3,0,2050,41,56991975.703500,1537.417585,0.000000,1.000000,52 106 165 314 381 415 576 741 790 826 889 1146 1178 1234 1631 1639 1849 2584 3004 3256 3357 3712 3925
moead,ns178,3,1,2050,41,47363774.909788,1088.568814,0.111111,0.888889,5 6 29 30 61 62 103 104 151 152 1642 1818 2004 2199 2702 3158 3648 3714 3715 3716 3913 3914 3915
moead,ns178,3,2,2050,41,47363774.909788,1088.568814,0.222222,0.777778,5 6 29 30 61 62 103 104 151 152 1642 1818 2004 2199 2702 3158 3648 3714 3715 3716 3913 3914 3915
moead,ns178,3,3,2050,41,47363207.041386,1085.862657,0.333333,0.666667,5 6 29 30 61 62 103 104 151 152 1642 1818 2004 2199 2925 3158 3648 3714 3715 3716 3913 3914 3915
moead,ns178,3,4,2050,41,47363207.041386,1085.862657,0.444444,0.555556,5 6 29 30 61 62 103 104 151 152 1642 1818 2004 2199 2925 3158 3648 3714 3715 3716 3913 3914 3915
moead,ns178,3,5,2050,41,47362665.499776,1084.266432,0.555556,0.444444,5 6 29 30 61 62 103 104 151 152 1642 1818 2004 2199 2925 3158 3399 3714 3715 3716 3913 3914 3915
moead,ns178,3,6,2050,41,47362665.499776,1084.266432,0.666667,0.333333,5 6 29 30 61 62 103 104 151 152 1642 1818 2004 2199 2925 3158 3399 3714 3715 3716 3913 3914 3915
moead,ns178,3,7,2050,41,47362665.499776,1084.266432,0.777778,0.222222,5 6 29 30 61 62 103 104 151 152 1642 1818 2004 2199 2925 3158 3399 3714 3715 3716 3913 3914 3915
moead,ns178,3,8,2050,41,47362665.499776,1084.266432,0.888889,0.111111,5 6 29 30 61 62 103 104 151 152 1642 1818 2004 2199 2925 3158 3399 3714 3715 3716 3913 3914 3915
moead,ns178,3,9,2050,41,47362665.499776,1084.266432,1.000000,0.000000,5 6 29 30 61 62 103 104 151 152 1642 1818 2004 2199 2925 3158 3399 3714 3715 3716 3913 3914 3915
moead,ns178,3,0,2100,42,56900034.010759,1537.417585,0.000000,1.000000,106 165 314 368 381 415 576 741 790 826 889 1023 1146 1178 1234 1631 1849 2449 2584 3256 3712 3828 3925
moead,ns178,3,1,2100,42,47363774.909788,1088.568814,0.111111,0.888889,5 6 29 30 61 62 103 104 151 152 1642 1818 2004 2199 2702 3158 3648 3714 3715 3716 3913 3914 3915
moead,ns178,3,2,2100,42,47363774.909788,1088.568814,0.222222,0.777778,5 6 29 30 61 62 103 104 151 152 1642 1818 2004 2199 2702 3158 3648 3714 3715 3716 3913 3914 3915
moead,ns178,3,3,2100,42,47363207.041386,1085.862657,0.333333,0.666667,5 6 29 30 61 62 103 104 151 152 1642 1818 2004 2199 2925 3158 3648 3714 3715 3716 3913 3914 3915
moead,ns178,3,4,2100,42,47363207.041386,1085.862657,0.444444,0.555556,5 6 29 30 61 62 103 104 151 152 1642 1818 2004 2199 2925 3158 3648 3714 3715 3716 3913 3914 3915
moead,ns178,3,5,2100,42,47362665.499776,1084.266432,0.555556,0.444444,5 6 29 30 61 62 103 104 151 152 1642 1818 2004 2199 2925 3158 3399 3714 3715 3716 3913 3914 3915
moead,ns178,3,6,2100,42,47362665.499776,1084.266432,0.666667,0.333333,5 6 29 30 61 62 103 104 151 152 1642 1818 2004 2199 2925 3158 3399 3714 3715 3716 3913 3914 3915
moead,ns178,3,7,2100,42,47362665.499776,1084.266432,0.777778,0.222222,5 6 29 30 61 62 103 104 151 152 1642 1818 2004 2199 2925 3158 3399 3714 3715 3716 3913 3914 3915
moead,ns178,3,8,2100,42,47362665.499776,1084.266432,0.888889,0.111111,5 6 29 30 61 62 103 104 151 152 1642 1818 2004 2199 2925 3158 3399 3714 3715 3716 3913 3914 3915
moead,ns178,3,9,2100,42,47362665.499776,1084.266432,1.000000,0.000000,5 6 29 30 61 62 103 104 151 152 1642 1818 2004 2199 2925 3158 3399 3714 3715 3716 3913 3914 3915
moead,ns178,3,0,2150,43,57064661.803125,1537.417585,0.000000,1.000000,47 165 314 368 381 415 443 576 596 741 790 826 889 1178 1234 1631 1849 2449 2584 3160 3256 3712 3925
moead,ns178,3,1,2150,43,47363774.909788,1088.568814,0.111111,0.888889,5 6 29 30 61 62 103 104 151 152 1642 1818 2004 2199 2702 3158 3648 3714 3715 3716 3913 3914 3915
moead,ns178,3,2,2150,43,47363774.909788,1088.568814,0.222222,0.777778,5 6 29 30 61 62 103 104 151 152 1642 1818 2004 2199 2702 3158 3648 3714 3715 3716 3913 3914 3915
moead,ns178,3,3,2150,43,47363207.041386,1085.862657,0.333333,0.666667,5 6 29 30 61 62 103 104 151 152 1642 1818 2004 2199 2925 3158 3648 3714 3715 3716 3913 3914 3915
moead,ns178,3,4,2150,43,47363207.041386,1085.862657,0.444444,0.555556,5 6 29 30 61 62 103 104 151 152 1642 1818 2004 2199 2925 3158 3648 3714 3715 3716 3913 3914 3915
moead,ns178,3,5,2150,43,47362665.499776,1084.266432,0.555556,0.444444,5 6 29 30 61 62 103 104 151 152 1642 1818 2004 2199 2925 3158 3399 3714 3715 3716 3913 3914 3915
moead,ns178,3,6,2150,43,47362665.499776,1084.266432,0.666667,0.333333,5 6 29 30 61 62 103 104 151 152 1642 1818 2004 2199 2925 3158 3399 3714 3715 3716 3913 3914 3915
moead,ns178,3,7,2150,43,47362665.499776,1084.266432,0.777778,0.222222,5 6 29 30 61 62 103 104 151 152 1642 1818 2004 2199 2925 3158 3399 3714 3715 3716 3913 3914 3915
moead,ns178,3,8,2150,43,47362665.499776,1084.266432,0.888889,0.111111,5 6 29 30 61 62 103 104 151 152 1642 1818 2004 2199 2925 3158 3399 3714 3715 3716 3913 3914 3915
moead,ns178,3,9,2150,43,47362665.499776,1084.266432,1.000000,0.000000,5 6 29 30 61 62 103 104 151 152 1642 1818 2004 2199 2925 3158 3399 3714 3715 3716 3913 3914 3915
moead,ns178,3,0,2200,44,57289180.625135,1537.417585,0.000000,1.000000,47 165 314 368 381 415 443 576 596 741 790 826 889 1178 1234 1631 1849 2449 2584 2868 3256 3712 3925
moead,ns178,3,1,2200,44,47363774.909788,1088.568814,0.111111,0.888889,5 6 29 30 61 62 103 104 151 152 1642 1818 2004 2199 2702 3158 3648 3714 3715 3716 3913 3914 3915
moead,ns178,3,2,2200,44,47363774.909788,1088.568814,0.222222,0.777778,5 6 29 30 61 62 103 104 151 152 1642 1818 2004 2199 2702 3158 3648 3714 3715 3716 3913 3914 3915
moead,ns178,3,3,2200,44,47363207.041386,1085.862657,0.333333,0.666667,5 6 29 30 61 62 103 104 151 152 1642 1818 2004 2199 2925 3158 3648 3714 3715 3716 3913 3914 3915
moead,ns178,3,4,2200,44,47363207.041386,1085.862657,0.444444,0.555556,5 6 29 30 61 62 103 104 151 152 1642 1818 2004 2199 2925 3158 3648 3714 3715 3716 3913 3914 3915
moead,ns178,3,5,2200,44,47362665.499776,1084.266432,0.555556,0.444444,5 6 29 30 61 62 103 104 151 152 1642 1818 2004 2199 2925 3158 3399 3714 3715 3716 3913 3914 3915
moead,ns178,3,6,2200,44,47362665.499776,1084.266432,0.666667,0.333333,5 6 29 30 61 62 103 104 151 152 1642 1818 2004 2199 2925 3158 3399 3714 3715 3716 3913 3914 3915
moead,ns178,3,7,2200,44,47362665.499776,1084.266432,0.777778,0.222222,5 6 29 30 61 62 103 104 151 152 1642 1818 2004 2199 2925 3158 3399 3714 3715 3716 3913 3914 3915
moead,ns178,3,8,2200,44,47362665.499776,1084.266432,0.888889,0.111111,5 6 29 30 61 62 103 104 151 152 1642 1818 2004 2199 2925 3158 3399 3714 3715 3716 3913 3914 3915
moead,ns178,3,9,2200,44,47362665.499776,1084.266432,1.000000,0.000000,5 6 29 30 61 62 103 104 151 152 1642 1818 2004 2199 2925 3158 3399 3714 3715 3716 3913 3914 3915
moead,ns178,3,0,2250,45,57289180.625135,1537.417585,0.000000,1.000000,47 165 314 368 381 415 443 576 596 741 790 826 889 1178 1234 1631 1849 2449 2584 2868 3256 3712 3925
moead,ns178,3,1,2250,45,47363774.909788,1088.568814,0.111111,0.888889,5 6 29 30 61 62 103 104 151 152 1642 1818 2004 2199 2702 3158 3648 3714 3715 3716 3913 3914 3915
moead,ns178,3,2,2250,45,47363774.909788,1088.568814,0.222222,0.777778,5 6 29 30 61 62 103 104 151 152 1642 1818 2004 2199 2702 3158 3648 3714 3715 3716 3913 3914 3915
moead,ns178,3,3,2250,45,47363207.041386,1085.862657,0.333333,0.666667,5 6 29 30 61 62 103 104 151 152 1642 1818 2004 2199 2925 3158 3648 3714 3715 3716 3913 3914 3915
moead,ns178,3,4,2250,45,47363207.041386,1085.862657,0.444444,0.555556,5 6 29 30 61 62 103 104 151 152 1642 1818 2004 2199 2925 3158 3648 3714 3715 3716 3913 3914 3915
moead,ns178,3,5,2250,45,47362665.499776,1084.266432,0.555556,0.444444,5 6 29 30 61 62 103 104 151 152 1642 1818 2004 2199 2925 3158 3399 3714 3715 3716 3913 3914 3915
moead,ns178,3,6,2250,45,47362665.499776,1084.266432,0.666667,0.333333,5 6 29 30 61 62 103 104 151 152 1642 1818 2004 2199 2925 3158 3399 3714 3715 3716 3913 3914 3915
moead,ns178,3,7,2250,45,47362665.499776,1084.266432,0.777778,0.222222,5 6 29 30 61 62 103 104 151 152 1642 1818 2004 2199 2925 3158 3399 3714 3715 3716 3913 3914 3915
moead,ns178,3,8,2250,45,47362665.499776,1084.266432,0.888889,0.111111,5 6 29 30 61 62 103 104 151 152 1642 1818 2004 2199 2925 3158 3399 3714 3715 3716 3913 3914 3915
moead,ns178,3,9,2250,45,47362665.499776,1084.266432,1.000000,0.000000,5 6 29 30 61 62 103 104 151 152 1642 1818 2004 2199 2925 3158 3399 3714 3715 3716 3913 3914 3915
moead,ns178,3,0,2300,46,57649369.635133,1537.417585,0.000000,1.000000,47 165 368 381 386 415 443 576 596 741 826 889 1178 1234 1631 1849 2449 2584 2868 3256 3496 3712 3925
moead,ns178,3,1,2300,46,47363774.909788,1088.568814,0.111111,0.888889,5 6 29 30 61 62 103 104 151 152 1642 1818 2004 2199 2702 3158 3648 3714 3715 3716 3913 3914 3915
moead,ns178,3,2,2300,46,47363774.909788,1088.568814,0.222222,0.777778,5 6 29 30 61 62 103 104 151 152 1642 1818 2004 2199 2702 3158 3648 3714 3715 3716 3913 3914 3915
moead,ns178,3,3,2300,46,47363207.041386,1085.862657,0.333333,0.666667,5 6 29 30 61 62 103 104 151 152 1642 1818 2004 2199 2925 3158 3648 3714 3715 3716 3913 3914 3915
moead,ns178,3,4,2300,46,47363207.041386,1085.862657,0.444444,0.555556,5 6 29 30 61 62 103 104 151 152 1642 1818 2004 2199 2925 3158 3648 3714 3715 3716 3913 3914 3915
moead,ns178,3,5,2300,46,47362665.499776,1084.266432,0.555556,0.444444,5 6 29 30 61 62 103 104 151 152 1642 1818 2004 2199 2925 3158 3399 3714 3715 3716 3913 3914 3915
moead,ns178,3,6,2300,46,47362665.499776,1084.266432,0.666667,0.333333,5 6 29 30 61 62 103 104 151 152 1642 1818 2004 2199 2925 3158 3399 3714 3715 3716 3913 3914 3915
moead,ns178,3,7,2300,46,47362665.499776,1084.266432,0.777778,0.222222,5 6 29 30 61 62 103 104 151 152 1642 1818 2004 2199 2925 3158 3399 3714 3715 3716 3913 3914 3915
moead,ns178,3,8,2300,46,47362665.499776,1084.266432,0.888889,0.111111,5 6 29 30 61 62 103 104 151 152 1642 1818 2004 2199 2925 3158 3399 3714 3715 3716 3913 3914 3915
moead,ns178,3,9,2300,46,47362665.499776,1084.266432,1.000000,0.000000,5 6 29 30 61 62 103 104 151 152 1642 1818 2004 2199 2925 3158 3399 3714 3715 3716 3913 3914 3915
moead,ns178,3,0,2350,47,57894430.583286,1537.417585,0.000000,1.000000,47 111 165 368 381 386 415 443 576 596 826 889 1135 1178 1234 1631 1849 2584 2868 3256 3496 3712 3925
moead,ns178,3,1,2350,47,47363774.909788,1088.568814,0.111111,0.888889,5 6 29 30 61 62 103 104 151 152 1642 1818 2004 2199 2702 3158 3648 3714 3715 3716 3913 3914 3915
moead,ns178,3,2,2350,47,47363774.909788,1088.568814,0.222222,0.777778,5 6 29 30 61 62 103 104 151 152 1642 1818 2004 2199 2702 3158 3648 3714 3715 3716 3913 3914 3915
moead,ns178,3,3,2350,47,47363207.041386,1085.862657,0.333333,0.666667,5 6 29 30 61 62 103 104 151 152 1642 1818 2004 2199 2925 3158 3648 3714 3715 3716 3913 3914 3915
moead,ns178,3,4,2350,47,47363207.041386,1085.862657,0.444444,0.555556,5 6 29 30 61 62 103 104 151 152 1642 1818 2004 2199 2925 3158 3648 3714 3715 3716 3913 3914 3915
moead,ns178,3,5,2350,47,47362665.499776,1084.266432,0.555556,0.444444,5 6 29 30 61 62 103 104 151 152 1642 1818 2004 2199 2925 3158 3399 3714 3715 3716 3913 3914 3915
moead,ns178,3,6,2350,47,47362665.499776,1084.266432,0.666667,0.333333,5 6 29 30 61 62 103 104 151 152 1642 1818 2004 2199 2925 3158 3399 3714 3715 3716 3913 3914 3915
moead,ns178,3,7,2350,47,47362665.499776,1084.266432,0.777778,0.222222,5 6 29 30 61 62 103 104 151 152 1642 1818 2004 2199 2925 3158 3399 3714 3715 3716 3913 3914 3915
moead,ns178,3,8,2350,47,47362665.499776,1084.266432,0.888889,0.111111,5 6 29 30 61 62 103 104 151 152 1642 1818 2004 2199 2925 3158 3399 3714 3715 3716 3913 3914 3915
moead,ns178,3,9,2350,47,47362665.499776,1084.266432,1.000000,0.000000,5 6 29 30 61 62 103 104 151 152 1642 1818 2004 2199 2925 3158 3399 3714 3715 3716 3913 3914 3915
moead,ns178,3,0,2400,48,58950353.721405,1537.417585,0.000000,1.000000,47 368 381 389 415 443 576 596 889 930 1234 1631 1849 1971 1992 2415 2584 2868 3194 3256 3496 3712 3925
moead,ns178,3,1,2400,48,47363774.909788,1088.568814,0.111111,0.888889,5 6 29 30 61 62 103 104 151 152 1642 1818 2004 2199 2702 3158 3648 3714 3715 3716 3913 3914 3915
moead,ns178,3,2,2400,48,47363774.909788,1088.568814,0.222222,0.777778,5 6 29 30 61 62 103 104 151 152 1642 1818 2004 2199 2702 3158 3648 3714 3715 3716 3913 3914 3915
moead,ns178,3,3,2400,48,47363207.041386,1085.862657,0.333333,0.666667,5 6 29 30 61 62 103 104 151 152 1642 1818 2004 2199 2925 3158 3648 3714 3715 3716 3913 3914 3915
moead,ns178,3,4,2400,48,47363207.041386,1085.862657,0.444444,0.555556,5 6 29 30 61 62 103 104 151 152 1642 1818 2004 2199 2925 3158 3648 3714 3715 3716 3913 3914 3915
moead,ns178,3,5,2400,48,47362665.499776,1084.266432,0.555556,0.444444,5 6 29 30 61 62 103 104 151 152 1642 1818 2004 2199 2925 3158 3399 3714 3715 3716 3913 3914 3915
moead,ns178,3,6,2400,48,47362665.499776,1084.266432,0.666667,0.333333,5 6 29 30 61 62 103 104 151 152 1642 1818 2004 2199 2925 3158 3399 3714 3715 3716 3913 3914 3915
moead,ns178,3,7,2400,48,47362665.499776,1084.266432,0.777778,0.222222,5 6 29 30 61 62 103 104 151 152 1642 1818 2004 2199 2925 3158 3399 3714 3715 3716 3913 3914 3915
moead,ns178,3,8,2400,48,47362665.499776,1084.266432,0.888889,0.111111,5 6 29 30 61 62 103 104 151 152 1642 1818 2004 2199 2925 3158 3399 3714 3715 3716 3913 3914 3915
moead,ns178,3,9,2400,48,47362665.499776,1084.266432,1.000000,0.000000,5 6 29 30 61 62 103 104 151 152 1642 1818 2004 2199 2925 3158 3399 3714 3715 3716 3913 3914 3915
moead,ns178,3,0,2450,49,58499797.247009,1537.417585,0.000000,1.000000,47 284 368 381 389 415 506 576 596 930 1170 1234 1631 1779 1849 1903 1992 2415 2868 3194 3256 3712 3855
moead,ns178,3,1,2450,49,47363774.909788,1088.568814,0.111111,0.888889,5 6 29 30 61 62 103 104 151 152 1642 1818 2004 2199 2702 3158 3648 3714 3715 3716 3913 3914 3915
moead,ns178,3,2,2450,49,47363774.909788,1088.568814,0.222222,0.777778,5 6 29 30 61 62 103 104 151 152 1642 1818 2004 2199 2702 3158 3648 3714 3715 3716 3913 3914 3915
moead,ns178,3,3,2450,49,47363207.041386,1085.862657,0.333333,0.666667,5 6 29 30 61 62 103 104 151 152 1642 1818 2004 2199 2925 3158 3648 3714 3715 3716 3913 3914 3915
moead,ns178,3,4,2450,49,47363207.041386,1085.862657,0.444444,0.555556,5 6 29 30 61 62 103 104 151 152 1642 1818 2004 2199 2925 3158 3648 3714 3715 3716 3913 3914 3915
moead,ns178,3,5,2450,49,47362665.499776,1084.266432,0.555556,0.444444,5 6 29 30 61 62 103 104 151 152 1642 1818 2004 2199 2925 3158 3399 3714 3715 3716 3913 3914 3915
moead,ns178,3,6,2450,49,47362665.499776,1084.266432,0.666667,0.333333,5 6 29 30 61 62 103 104 151 152 1642 1818 2004 2199 2925 3158 3399 3714 3715 3716 3913 3914 3915
moead,ns178,3,7,2450,49,47362665.499776,1084.266432,0.777778,0.222222,5 6 29 30 61 62 103 104 151 152 1642 1818 2004 2199 2925 3158 3399 3714 3715 3716 3913 3914 3915
moead,ns178,3,8,2450,49,47362665.499776,1084.266432,0.888889,0.111111,5 6 29 30 61 62 103 104 151 152 1642 1818 2004 2199 2925 3158 3399 3714 3715 3716 3913 3914 3915
moead,ns178,3,9,2450,49,47362665.499776,1084.266432,1.000000,0.000000,5 6 29 30 61 62 103 104 151 152 1642 1818 2004 2199 2925 3158 3399 3714 3715 3716 3913 3914 3915
moead,ns178,3,0,2500,50,57957288.699221,1537.417585,0.000000,1.000000,60 236 284 368 381 389 415 506 549 576 596 930 1170 1234 1631 1779 1849 1903 2415 2868 3194 3712 3872
moead,ns178,3,1,2500,50,47363774.909788,1088.568814,0.111111,0.888889,5 6 29 30 61 62 103 104 151 152 1642 1818 2004 2199 2702 3158 3648 3714 3715 3716 3913 3914 3915
moead,ns178,3,2,2500,50,47363774.909788,1088.568814,0.222222,0.777778,5 6 29 30 61 62 103 104 151 152 1642 1818 2004 2199 2702 3158 3648 3714 3715 3716 3913 3914 3915
moead,ns178,3,3,2500,50,47363207.041386,1085.862657,0.333333,0.666667,5 6 29 30 61 62 103 104 151 152 1642 1818 2004 2199 2925 3158 3648 3714 3715 3716 3913 3914 3915
moead,ns178,3,4,2500,50,47363207.041386,1085.862657,0.444444,0.555556,5 6 29 30 61 62 103 104 151 152 1642 1818 2004 2199 2925 3158 3648 3714 3715 3716 3913 3914 3915
moead,ns178,3,5,2500,50,47362665.499776,1084.266432,0.555556,0.444444,5 6 29 30 61 62 103 104 151 152 1642 1818 2004 2199 2925 3158 3399 3714 3715 3716 3913 3914 3915
moead,ns178,3,6,2500,50,47362665.499776,1084.266432,0.666667,0.333333,5 6 29 30 61 62 103 104 151 152 1642 1818 2004 2199 2925 3158 3399 3714 3715 3716 3913 3914 3915
moead,ns178,3,7,2500,50,47362665.499776,1084.266432,0.777778,0.222222,5 6 29 30 61 62 103 104 151 152 1642 1818 2004 2199 2925 3158 3399 3714 3715 3716 3913 3914 3915
moead,ns178,3,8,2500,50,47362665.499776,1084.266432,0.888889,0.111111,5 6 29 30 61 62 103 104 151 152 1642 1818 2004 2199 2925 3158 3399 3714 3715 3716 3913 3914 3915
moead,ns178,3,9,2500,50,47362665.499776,1084.266432,1.000000,0.000000,5 6 29 30 61 62 103 104 151 152 1642 1818 2004 2199 2925 3158 3399 3714 3715 3716 3913 3914 3915
moead,ns178,3,0,2550,51,58122888.919996,1537.417585,0.000000,1.000000,60 236 284 313 368 381 389 415 506 576 596 930 1170 1437 1631 1779 1849 2140 2415 2868 3194 3712 3872
moead,ns178,3,1,2550,51,47363774.909788,1088.568814,0.111111,0.888889,5 6 29 30 61 62 103 104 151 152 1642 1818 2004 2199 2702 3158 3648 3714 3715 3716 3913 3914 3915
moead,ns178,3,2,2550,51,47363774.909788,1088.568814,0.222222,0.777778,5 6 29 30 61 62 103 104 151 152 1642 1818 2004 2199 2702 3158 3648 3714 3715 3716 3913 3914 3915
moead,ns178,3,3,2550,51,47363207.041386,1085.862657,0.333333,0.666667,5 6 29 30 61 62 103 104 151 152 1642 1818 2004 2199 2925 3158 3648 3714 3715 3716 3913 3914 3915
moead,ns178,3,4,2550,51,47363207.041386,1085.862657,0.444444,0.555556,5 6 29 30 61 62 103 104 151 152 1642 1818 2004 2199 2925 3158 3648 3714 3715 3716 3913 3914 3915
moead,ns178,3,5,2550,51,47362665.499776,1084.266432,0.555556,0.444444,5 6 29 30 61 62 103 104 151 152 1642 1818 2004 2199 2925 3158 3399 3714 3715 3716 3913 3914 3915
moead,ns178,3,6,2550,51,47362665.499776,1084.266432,0.666667,0.333333,5 6 29 30 61 62 103 104 151 152 1642 1818 2004 2199 2925 3158 3399 3714 3715 3716 3913 3914 3915
moead,ns178,3,7,2550,51,47362665.499776,1084.266432,0.777778,0.222222,5 6 29 30 61 62 103 104 151 152 1642 1818 2004 2199 2925 3158 3399 3714 3715 3716 3913 3914 3915
moead,ns178,3,8,2550,51,47362665.499776,1084.266432,0.888889,0.111111,5 6 29 30 61 62 103 104 151 152 1642 1818 2004 2199 2925 3158 3399 3714 3715 3716 3913 3914 3915
moead,ns178,3,9,2550,51,47362665.499776,1084.266432,1.000000,0.000000,5 6 29 30 61 62 103 104 151 152 1642 1818 2004 2199 2925 3158 3399 3714 3715 3716 3913 3914 3915
moead,ns178,3,0,2600,52,58411543.240311,1537.417585,0.000000,1.000000,60 236 255 284 313 368 381 389 485 506 596 930 1020 1170 1437 1665 1779 1849 2415 3194 3349 3692 3712
moead,ns178,3,1,2600,52,47363774.909788,1088.568814,0.111111,0.888889,5 6 29 30 61 62 103 104 151 152 1642 1818 2004 2199 2702 3158 3648 3714 3715 3716 3913 3914 3915
moead,ns178,3,2,2600,52,47363774.909788,1088.568814,0.222222,0.777778,5 6 29 30 61 62 103 104 151 152 1642 1818 2004 2199 2702 3158 3648 3714 3715 3716 3913 3914 3915
moead,ns178,3,3,2600,52,47363207.041386,1085.862657,0.333333,0.666667,5 6 29 30 61 62 103 104 151 152 1642 1818 2004 2199 2925 3158 3648 3714 3715 3716 3913 3914 3915
moead,ns178,3,4,2600,52,47363207.041386,1085.862657,0.444444,0.555556,5 6 29 30 61 62 103 104 151 152 1642 1818 2004 2199 2925 3158 3648 3714 3715 3716 3913 3914 3915
moead,ns178,3,5,2600,52,47362665.499776,1084.266432,0.555556,0.444444,5 6 29 30 61 62 103 104 151 152 1642 1818 2004 2199 2925 3158 3399 3714 3715 3716 3913 3914 3915
moead,ns178,3,6,2600,52,47362665.499776,1084.266432,0.666667,0.333333,5 6 29 30 61 62 103 104 151 152 1642 1818 2004 2199 2925 3158 3399 3714 3715 3716 3913 3914 3915
moead,ns178,3,7,2600,52,47362665.499776,1084.266432,0.777778,0.222222,5 6 29 30 61 62 103 104 151 152 1642 1818 2004 2199 2925 3158 3399 3714 3715 3716 3913 3914 3915
moead,ns178,3,8,2600,52,47362665.499776,1084.266432,0.888889,0.111111,5 6 29 30 61 62 103 104 151 152 1642 1818 2004 2199 2925 3158 3399 3714 3715 3716 3913 3914 3915
moead,ns178,3,9,2600,52,47362665.499776,1084.266432,1.000000,0.000000,5 6 29 30 61 62 103 104 151 152 1642 1818 2004 2199 2925 3158 3399 3714 3715 3716 3913 3914 3915
moead,ns178,3,0,2650,53,58584534.775717,1537.417585,0.000000,1.000000,60 236 255 284 313 368 381 473 485 506 596 680 930 1170 1665 1779 1849 2415 2868 3194 3349 3692 3712
moead,ns178,3,1,2650,53,47363774.909788,1088.568814,0.111111,0.888889,5 6 29 30 61 62 103 104 151 152 1642 1818 2004 2199 2702 3158 3648 3714 3715 3716 3913 3914 3915
moead,ns178,3,2,2650,53,47363774.909788,1088.568814,0.222222,0.777778,5 6 29 30 61 62 103 104 151 152 1642 1818 2004 2199 2702 3158 3648 3714 3715 3716 3913 3914 3915
moead,ns178,3,3,2650,53,47363207.041386,1085.862657,0.333333,0.666667,5 6 29 30 61 62 103 104 151 152 1642 1818 2004 2199 2925 3158 3648 3714 3715 3716 3913 3914 3915
moead,ns178,3,4,2650,53,47363207.041386,1085.862657,0.444444,0.555556,5 6 29 30 61 62 103 104 151 152 1642 1818 2004 2199 2925 3158 3648 3714 3715 3716 3913 3914 3915
moead,ns178,3,5,2650,53,47362665.499776,1084.266432,0.555556,0.444444,5 6 29 30 61 62 103 104 151 152 1642 1818 2004 2199 2925 3158 3399 3714 3715 3716 3913 3914 3915
moead,ns178,3,6,2650,53,47362665.499776,1084.266432,0.666667,0.333333,5 6 29 30 61 62 103 104 151 152 1642 1818 2004 2199 2925 3158 3399 3714 3715 3716 3913 3914 3915
moead,ns178,3,7,2650,53,47362665.499776,1084.266432,0.777778,0.222222,5 6 29 30 61 62 103 104 151 152 1642 1818 2004 2199 2925 3158 3399 3714 3715 3716 3913 3914 3915
moead,ns178,3,8,2650,53,47362665.499776,1084.266432,0.888889,0.111111,5 6 29 30 61 62 103 104 151 152 1642 1818 2004 2199 2925 3158 3399 3714 3715 3716 3913 3914 3915
moead,ns178,3,9,2650,53,47362665.499776,1084.266432,1.000000,0.000000,5 6 29 30 61 62 103 104 151 152 1642 1818 2004 2199 2925 3158 3399 3714 3715 3716 3913 3914 3915
moead,ns178,3,0,2700,54,59106669.429409,1537.417585,0.000000,1.000000,60 236 255 313 368 381 473 485 596 680 930 1170 1665 1779 1849 1886 2341 2415 2868 3194 3264 3349 3692
moead,ns178,3,1,2700,54,47363774.909788,1088.568814,0.111111,0.888889,5 6 29 30 61 62 103 104 151 152 1642 1818 2004 2199 2702 3158 3648 3714 3715 3716 3913 3914 3915
moead,ns178,3,2,2700,54,47363774.909788,1088.568814,0.222222,0.777778,5 6 29 30 61 62 103 104 151 152 1642 1818 2004 2199 2702 3158 3648 3714 3715 3716 3913 3914 3915
moead,ns178,3,3,2700,54,47363207.041386,1085.862657,0.333333,0.666667,5 6 29 30 61 62 103 104 151 152 1642 1818 2004 2199 2925 3158 3648 3714 3715 3716 3913 3914 3915
moead,ns178,3,4,2700,54,47363207.041386,1085.862657,0.444444,0.555556,5 6 29 30 61 62 103 104 151 152 1642 1818 2004 2199 2925 3158 3648 3714 3715 3716 3913 3914 3915
moead,ns178,3,5,2700,54,47362665.499776,1084.266432,0.555556,0.444444,5 6 29 30 61 62 103 104 151 152 1642 1818 2004 2199 2925 3158 3399 3714 3715 3716 3913 3914 3915
moead,ns178,3,6,2700,54,47362665.499776,1084.266432,0.666667,0.333333,5 6 29 30 61 62 103 104 151 152 1642 1818 2004 2199 2925 3158 3399 3714 3715 3716 3913 3914 3915
moead,ns178,3,7,2700,54,47362665.499776,1084.266432,0.777778,0.222222,5 6 29 30 61 62 103 104 151 152 1642 1818 2004 2199 2925 3158 3399 3714 3715 3716 3913 3914 3915
moead,ns178,3,8,2700,54,47362665.499776,1084.266432,0.888889,0.111111,5 6 29 30 61 62 103 104 151 152 1642 1818 2004 2199 2925 3158 3399 3714 3715 3716 3913 3914 3915
moead,ns178,3,9,2700,54,47362665.499776,1084.266432,1.000000,0.000000,5 6 29 30 61 62 103 104 151 152 1642 1818 2004 2199 2925 3158 3399 3714 3715 3716 3913 3914 3915
moead,ns178,3,0,2750,55,59292822.132208,1537.417585,0.000000,1.000000,236 255 313 368 381 473 485 596 680 930 1170 1665 1779 1849 1886 2009 2341 2363 2415 2868 3264 3349 3692
moead,ns178,3,1,2750,55,47363774.909788,1088.568814,0.111111,0.888889,5 6 29 30 61 62 103 104 151 152 1642 1818 2004 2199 2702 3158 3648 3714 3715 3716 3913 3914 3915
moead,ns178,3,2,2750,55,47363774.909788,1088.568814,0.222222,0.777778,5 6 29 30 61 62 103 104 151 152 1642 1818 2004 2199 2702 3158 3648 3714 3715 3716 3913 3914 3915
moead,ns178,3,3,2750,55,47363207.041386,1085.862657,0.333333,0.666667,5 6 29 30 61 62 103 104 151 152 1642 1818 2004 2199 2925 3158 3648 3714 3715 3716 3913 3914 3915
moead,ns178,3,4,2750,55,47363207.041386,1085.862657,0.444444,0.555556,5 6 29 30 61 62 103 104 151 152 1642 1818 2004 2199 2925 3158 3648 3714 3715 3716 3913 3914 3915
moead,ns178,3,5,2750,55,47362665.499776,1084.266432,0.555556,0.444444,5 6 29 30 61 62 103 104 151 152 1642 1818 2004 2199 2925 3158 3399 3714 3715 3716 3913 3914 3915
moead,ns178,3,6,2750,55,47362665.499776,1084.266432,0.666667,0.333333,5 6 29 30 61 62 103 104 151 152 1642 1818 2004 2199 2925 3158 3399 3714 3715 3716 3913 3914 3915
moead,ns178,3,7,2750,55,47362665.499776,1084.266432,0.777778,0.222222,5 6 29 30 61 62 103 104 151 152 1642 1818 2004 2199 2925 3158 3399 3714 3715 3716 3913 3914 3915
moead,ns178,3,8,2750,55,47362665.499776,1084.266432,0.888889,0.111111,5 6 29 30 61 62 103 104 151 152 1642 1818 2004 2199 2925 3158 3399 3714 3715 3716 3913 3914 3915
moead,ns178,3,9,2750,55,47362665.499776,1084.266432,1.000000,0.000000,5 6 29 30 61 62 103 104 151 152 1642 1818 2004 2199 2925 3158 3399 3714 3715 3716 3913 3914 3915
moead,ns178,3,0,2800,56,59390327.227323,1537.417585,0.000000,1.000000,236 255 313 368 381 473 485 596 680 930 1170 1665 1779 1886 2009 2341 2363 2415 2868 3193 3304 3349 3692
moead,ns178,3,1,2800,56,47363774.909788,1088.568814,0.111111,0.888889,5 6 29 30 61 62 103 104 151 152 1642 1818 2004 2199 2702 3158 3648 3714 3715 3716 3913 3914 3915
moead,ns178,3,2,2800,56,47363774.909788,1088.568814,0.222222,0.777778,5 6 29 30 61 62 103 104 151 152 1642 1818 2004 2199 2702 3158 3648 3714 3715 3716 3913 3914 3915
moead,ns178,3,3,2800,56,47363207.041386,1085.862657,0.333333,0.666667,5 6 29 30 61 62 103 104 151 152 1642 1818 2004 2199 2925 3158 3648 3714 3715 3716 3913 3914 3915
moead,ns178,3,4,2800,56,47363207.041386,1085.862657,0.444444,0.555556,5 6 29 30 61 62 103 104 151 152 1642 1818 2004 2199 2925 3158 3648 3714 3715 3716 3913 3914 3915
moead,ns178,3,5,2800,56,47362665.499776,1084.266432,0.555556,0.444444,5 6 29 30 61 62 103 104 151 152 1642 1818 2004 2199 2925 3158 3399 3714 3715 3716 3913 3914 3915
moead,ns178,3,6,2800,56,47362665.499776,1084.266432,0.666667,0.333333,5 6 29 30 61 62 103 104 151 152 1642 1818 2004 2199 2925 3158 3399 3714 3715 3716 3913 3914 3915
moead,ns178,3,7,2800,56,47362665.499776,1084.266432,0.777778,0.222222,5 6 29 30 61 62 103 104 151 152 1642 1818 2004 2199 2925 3158 3399 3714 3715 3716 3913 3914 3915
moead,ns178,3,8,2800,56,47362665.499776,1084.266432,0.888889,0.111111,5 6 29 30 61 62 103 104 151 152 1642 1818 2004 2199 2925 3158 3399 3714 3715 3716 3913 3914 3915
moead,ns178,3,9,2800,56,47362665.499776,1084.266432,1.000000,0.000000,5 6 29 30 61 62 103 104 151 152 1642 1818 2004 2199 2925 3158 3399 3714 3715 3716 3913 3914 3915
moead,ns178,3,0,2850,57,59858094.362748,1537.417585,0.000000,1.000000,236 255 313 368 381 473 485 596 680 930 1170 1779 1886 2009 2341 2363 2415 2868 3193 3304 3349 3449 3692
moead,ns178,3,1,2850,57,47363774.909788,1088.568814,0.111111,0.888889,5 6 29 30 61 62 103 104 151 152 1642 1818 2004 2199 2702 3158 3648 3714 3715 3716 3913 3914 3915
moead,ns178,3,2,2850,57,47363774.909788,1088.568814,0.222222,0.777778,5 6 29 30 61 62 103 104 151 152 1642 1818 2004 2199 2702 3158 3648 3714 3715 3716 3913 3914 3915
moead,ns178,3,3,2850,57,47363207.041386,1085.862657,0.333333,0.666667,5 6 29 30 61 62 103 104 151 152 1642 1818 2004 2199 2925 3158 3648 3714 3715 3716 3913 3914 3915
moead,ns178,3,4,2850,57,47363207.041386,1085.862657,0.444444,0.555556,5 6 29 30 61 62 103 104 151 152 1642 1818 2004 2199 2925 3158 3648 3714 3715 3716 3913 3914 3915
moead,ns178,3,5,2850,57,47362665.499776,1084.266432,0.555556,0.444444,5 6 29 30 61 62 103 104 151 152 1642 1818 2004 2199 2925 3158 3399 3714 3715 3716 3913 3914 3915
moead,ns178,3,6,2850,57,47362665.499776,1084.266432,0.666667,0.333333,5 6 29 30 61 62 103 104 151 152 1642 1818 2004 2199 2925 3158 3399 3714 3715 3716 3913 3914 3915
moead,ns178,3,7,2850,57,47362665.499776,1084.266432,0.777778,0.222222,5 6 29 30 61 62 103 104 151 152 1642 1818 2004 2199 2925 3158 3399 3714 3715 3716 3913 3914 3915
moead,ns178,3,8,2850,57,47362665.499776,1084.266432,0.888889,0.111111,5 6 29 30 61 62 103 104 151 152 1642 1818 2004 2199 2925 3158 3399 3714 3715 3716 3913 3914 3915
moead,ns178,3,9,2850,57,47362665.499776,1084.266432,1.000000,0.000000,5 6 29 30 61 62 103 104 151 152 1642 1818 2004 2199 2925 3158 3399 3714 3715 3716 3913 3914 3915
moead,ns178,3,0,2900,58,59950159.501871,1537.417585,0.000000,1.000000,13 236 255 313 368 381 473 485 596 680 930 1170 1779 1886 2009 2341 2363 2415 2539 2868 3193 3449 3692
moead,ns178,3,1,2900,58,47363774.909788,1088.568814,0.111111,0.888889,5 6 29 30 61 62 103 104 151 152 1642 1818 2004 2199 2702 3158 3648 3714 3715 3716 3913 3914 3915
moead,ns178,3,2,2900,58,47363774.909788,1088.568814,0.222222,0.777778,5 6 29 30 61 62 103 104 151 152 1642 1818 2004 2199 2702 3158 3648 3714 3715 3716 3913 3914 3915
moead,ns178,3,3,2900,58,47363207.041386,1085.862657,0.333333,0.666667,5 6 29 30 61 62 103 104 151 152 1642 1818 2004 2199 2925 3158 3648 3714 3715 3716 3913 3914 3915
moead,ns178,3,4,2900,58,47363207.041386,1085.862657,0.444444,0.555556,5 6 29 30 61 62 103 104 151 152 1642 1818 2004 2199 2925 3158 3648 3714 3715 3716 3913 3914 3915
moead,ns178,3,5,2900,58,47362665.499776,1084.266432,0.555556,0.444444,5 6 29 30 61 62 103 104 151 152 1642 1818 2004 2199 2925 3158 3399 3714 3715 3716 3913 3914 3915
moead,ns178,3,6,2900,58,47362665.499776,1084.266432,0.666667,0.333333,5 6 29 30 61 62 103 104 151 152 1642 1818 2004 2199 2925 3158 3399 3714 3715 3716 3913 3914 3915
moead,ns178,3,7,2900,58,47362665.499776,1084.266432,0.777778,0.222222,5 6 29 30 61 62 103 104 151 152 1642 1818 2004 2199 2925 3158 3399 3714 3715 3716 3913 3914 3915
moead,ns178,3,8,2900,58,47362665.499776,1084.266432,0.888889,0.111111,5 6 29 30 61 62 103 104 151 152 1642 1818 2004 2199 2925 3158 3399 3714 3715 3716 3913 3914 3915
moead,ns178,3,9,2900,58,47362665.499776,1084.266432,1.000000,0.000000,5 6 29 30 61 62 103 104 151 152 1642 1818 2004 2199 2925 3158 3399 3714 3715 3716 3913 3914 3915
moead,ns178,3,0,2950,59,59768967.407294,1537.417585,0.000000,1.000000,13 236 243 255 313 368 381 473 596 680 930 1170 1779 1886 2009 2341 2363 2415 2539 2820 3193 3449 3692
moead,ns178,3,1,2950,59,47363774.909788,1088.568814,0.111111,0.888889,5 6 29 30 61 62 103 104 151 152 1642 1818 2004 2199 2702 3158 3648 3714 3715 3716 3913 3914 3915
moead,ns178,3,2,2950,59,47363774.909788,1088.568814,0.222222,0.777778,5 6 29 30 61 62 103 104 151 152 1642 1818 2004 2199 2702 3158 3648 3714 3715 3716 3913 3914 3915
moead,ns178,3,3,2950,59,47363207.041386,1085.862657,0.333333,0.666667,5 6 29 30 61 62 103 104 151 152 1642 1818 2004 2199 2925 3158 3648 3714 3715 3716 3913 3914 3915
moead,ns178,3,4,2950,59,47363207.041386,1085.862657,0.444444,0.555556,5 6 29 30 61 62 103 104 151 152 1642 1818 2004 2199 2925 3158 3648 3714 3715 3716 3913 3914 3915
moead,ns178,3,5,2950,59,47362665.499776,1084.266432,0.555556,0.444444,5 6 29 30 61 62 103 104 151 152 1642 1818 2004 2199 2925 3158 3399 3714 3715 3716 3913 3914 3915
moead,ns178,3,6,2950,59,47362665.499776,1084.266432,0.666667,0.333333,5 6 29 30 61 62 103 104 151 152 1642 1818 2004 2199 2925 3158 3399 3714 3715 3716 3913 3914 3915
moead,ns178,3,7,2950,59,47362665.499776,1084.266432,0.777778,0.222222,5 6 29 30 61 62 103 104 151 152 1642 1818 2004 2199 2925 3158 3399 3714 3715 3716 3913 3914 3915
moead,ns178,3,8,2950,59,47362665.499776,1084.266432,0.888889,0.111111,5 6 29 30 61 62 103 104 151 152 1642 1818 2004 2199 2925 3158 3399 3714 3715 3716 3913 3914 3915
moead,ns178,3,9,2950,59,47362665.499776,1084.266432,1.000000,0.000000,5 6 29 30 61 62 103 104 151 152 1642 1818 2004 2199 2925 3158 3399 3714 3715 3716 3913 3914 3915
moead,ns178,3,0,3000,60,59545455.737288,1537.417585,0.000000,1.000000,13 255 313 368 381 596 627 680 930 1170 1191 1734 1779 1886 2009 2341 2363 2415 2539 2820 3449 3461 3692
moead,ns178,3,1,3000,60,47363774.909788,1088.568814,0.111111,0.888889,5 6 29 30 61 62 103 104 151 152 1642 1818 2004 2199 2702 3158 3648 3714 3715 3716 3913 3914 3915
moead,ns178,3,2,3000,60,47363774.909788,1088.568814,0.222222,0.777778,5 6 29 30 61 62 103 104 151 152 1642 1818 2004 2199 2702 3158 3648 3714 3715 3716 3913 3914 3915
moead,ns178,3,3,3000,60,47363207.041386,1085.862657,0.333333,0.666667,5 6 29 30 61 62 103 104 151 152 1642 1818 2004 2199 2925 3158 3648 3714 3715 3716 3913 3914 3915
moead,ns178,3,4,3000,60,47363207.041386,1085.862657,0.444444,0.555556,5 6 29 30 61 62 103 104 151 152 1642 1818 2004 2199 2925 3158 3648 3714 3715 3716 3913 3914 3915
moead,ns178,3,5,3000,60,47362665.499776,1084.266432,0.555556,0.444444,5 6 29 30 61 62 103 104 151 152 1642 1818 2004 2199 2925 3158 3399 3714 3715 3716 3913 3914 3915
moead,ns178,3,6,3000,60,47362665.499776,1084.266432,0.666667,0.333333,5 6 29 30 61 62 103 104 151 152 1642 1818 2004 2199 2925 3158 3399 3714 3715 3716 3913 3914 3915
moead,ns178,3,7,3000,60,47362665.499776,1084.266432,0.777778,0.222222,5 6 29 30 61 62 103 104 151 152 1642 1818 2004 2199 2925 3158 3399 3714 3715 3716 3913 3914 3915
moead,ns178,3,8,3000,60,47362665.499776,1084.266432,0.888889,0.111111,5 6 29 30 61 62 103 104 151 152 1642 1818 2004 2199 2925 3158 3399 3714 3715 3716 3913 3914 3915
moead,ns178,3,9,3000,60,47362665.499776,1084.266432,1.000000,0.000000,5 6 29 30 61 62 103 104 151 152 1642 1818 2004 2199 2925 3158 3399 3714 3715 3716 3913 3914 3915
moead,ns178,3,0,3050,61,59377444.710414,1537.417585,0.000000,1.000000,13 255 313 368 381 596 627 680 930 1170 1191 1734 1779 1886 2009 2341 2363 2539 2820 3022 3449 3461 3692
moead,ns178,3,1,3050,61,47363774.909788,1088.568814,0.111111,0.888889,5 6 29 30 61 62 103 104 151 152 1642 1818 2004 2199 2702 3158 3648 3714 3715 3716 3913 3914 3915
moead,ns178,3,2,3050,61,47363774.909788,1088.568814,0.222222,0.777778,5 6 29 30 61 62 103 104 151 152 1642 1818 2004 2199 2702 3158 3648 3714 3715 3716 3913 3914 3915
moead,ns178,3,3,3050,61,47363207.041386,1085.862657,0.333333,0.666667,5 6 29 30 61 62 103 104 151 152 1642 1818 2004 2199 2925 3158 3648 3714 3715 3716 3913 3914 3915
moead,ns178,3,4,3050,61,47363207.041386,1085.862657,0.444444,0.555556,5 6 29 30 61 62 103 104 151 152 1642 1818 2004 2199 2925 3158 3648 3714 3715 3716 3913 3914 3915
moead,ns178,3,5,3050,61,47362665.499776,1084.266432,0.555556,0.444444,5 6 29 30 61 62 103 104 151 152 1642 1818 2004 2199 2925 3158 3399 3714 3715 3716 3913 3914 3915
moead,ns178,3,6,3050,61,47362665.499776,1084.266432,0.666667,0.333333,5 6 29 30 61 62 103 104 151 152 1642 1818 2004 2199 2925 3158 3399 3714 3715 3716 3913 3914 3915
moead,ns178,3,7,3050,61,47362665.499776,1084.266432,0.777778,0.222222,5 6 29 30 61 62 103 104 151 152 1642 1818 2004 2199 2925 3158 3399 3714 3715 3716 3913 3914 3915
moead,ns178,3,8,3050,61,47362665.499776,1084.266432,0.888889,0.111111,5 6 29 30 61 62 103 104 151 152 1642 1818 2004 2199 2925 3158 3399 3714 3715 3716 3913 3914 3915
moead,ns178,3,9,3050,61,47362665.499776,1084.266432,1.000000,0.000000,5 6 29 30 61 62 103 104 151 152 1642 1818 2004 2199 2925 3158 3399 3714 3715 3716 3913 3914 3915
moead,ns178,3,0,3100,62,59241227.262642,1537.417585,0.000000,1.000000,13 54 313 381 596 627 680 930 1170 1191 1681 1734 1779 1886 1919 2009 2329 2341 2363 2539 3022 3449 3692
moead,ns178,3,1,3100,62,47363774.909788,1088.568814,0.111111,0.888889,5 6 29 30 61 62 103 104 151 152 1642 1818 2004 2199 2702 3158 3648 3714 3715 3716 3913 3914 3915
moead,ns178,3,2,3100,62,47363774.909788,1088.568814,0.222222,0.777778,5 6 29 30 61 62 103 104 151 152 1642 1818 2004 2199 2702 3158 3648 3714 3715 3716 3913 3914 3915
moead,ns178,3,3,3100,62,47363207.041386,1085.862657,0.333333,0.666667,5 6 29 30 61 62 103 104 151 152 1642 1818 2004 2199 2925 3158 3648 3714 3715 3716 3913 3914 3915
moead,ns178,3,4,3100,62,47363207.041386,1085.862657,0.444444,0.555556,5 6 29 30 61 62 103 104 151 152 1642 1818 2004 2199 2925 3158 3648 3714 3715 3716 3913 3914 3915
moead,ns178,3,5,3100,62,47362665.499776,1084.266432,0.555556,0.444444,5 6 29 30 61 62 103 104 151 152 1642 1818 2004 2199 2925 3158 3399 3714 3715 3716 3913 3914 3915
moead,ns178,3,6,3100,62,47362665.499776,1084.266432,0.666667,0.333333,5 6 29 30 61 62 103 104 151 152 1642 1818 2004 2199 2925 3158 3399 3714 3715 3716 3913 3914 3915
moead,ns178,3,7,3100,62,47362665.499776,1084.266432,0.777778,0.222222,5 6 29 30 61 62 103 104 151 152 1642 1818 2004 2199 2925 3158 3399 3714 3715 3716 3913 3914 3915
moead,ns178,3,8,3100,62,47362665.499776,1084.266432,0.888889,0.111111,5 6 29 30 61 62 103 104 151 152 1642 1818 2004 2199 2925 3158 3399 3714 3715 3716 3913 3914 3915
moead,ns178,3,9,3100,62,47362665.499776,1084.266432,1.000000,0.000000,5 6 29 30 61 62 103 104 151 152 1642 1818 2004 2199 2925 3158 3399 3714 3715 3716 3913 3914 3915
moead,ns178,3,0,3150,63,57222595.852431,1537.417585,0.000000,1.000000,13 28 54 191 313 381 596 627 680 930 1084 1170 1386 1681 1734 2009 2220 2363 2536 2539 3022 3230 3449
moead,ns178,3,1,3150,63,47363774.909788,1088.568814,0.111111,0.888889,5 6 29 30 61 62 103 104 151 152 1642 1818 2004 2199 2702 3158 3648 3714 3715 3716 3913 3914 3915
moead,ns178,3,2,3150,63,47363774.909788,1088.568814,0.222222,0.777778,5 6 29 30 61 62 103 104 151 152 1642 1818 2004 2199 2702 3158 3648 3714 3715 3716 3913 3914 3915
moead,ns178,3,3,3150,63,47363207.041386,1085.862657,0.333333,0.666667,5 6 29 30 61 62 103 104 151 152 1642 1818 2004 2199 2925 3158 3648 3714 3715 3716 3913 3914 3915
moead,ns178,3,4,3150,63,47363207.041386,1085.862657,0.444444,0.555556,5 6 29 30 61 62 103 104 151 152 1642 1818 2004 2199 2925 3158 3648 3714 3715 3716 3913 3914 3915
moead,ns178,3,5,3150,63,47362665.499776,1084.266432,0.555556,0.444444,5 6 29 30 61 62 103 104 151 152 1642 1818 2004 2199 2925 3158 3399 3714 3715 3716 3913 3914 3915
moead,ns178,3,6,3150,63,47362665.499776,1084.266432,0.666667,0.333333,5 6 29 30 61 62 103 104 151 152 1642 1818 2004 2199 2925 3158 3399 3714 3715 3716 3913 3914 3915
moead,ns178,3,7,3150,63,47362665.499776,1084.266432,0.777778,0.222222,5 6 29 30 61 62 103 104 151 152 1642 1818 2004 2199 2925 3158 3399 3714 3715 3716 3913 3914 3915
moead,ns178,3,8,3150,63,47362665.499776,1084.266432,0.888889,0.111111,5 6 29 30 61 62 103 104 151 152 1642 1818 2004 2199 2925 3158 3399 3714 3715 3716 3913 3914 3915
moead,ns178,3,9,3150,63,47362665.499776,1084.266432,1.000000,0.000000,5 6 29 30 61 62 103 104 151 152 1642 1818 2004 2199 2925 3158 3399 3714 3715 3716 3913 3914 3915
moead,ns178,3,0,3200,64,57108471.562828,1537.417585,0.000000,1.000000,13 28 54 191 258 313 381 596 627 680 930 1084 1170 1386 1681 1734 2009 2220 2363 2536 3022 3230 3449
moead,ns178,3,1,3200,64,47363774.909788,1088.568814,0.111111,0.888889,5 6 29 30 61 62 103 104 151 152 1642 1818 2004 2199 2702 3158 3648 3714 3715 3716 3913 3914 3915
moead,ns178,3,2,3200,64,47363774.909788,1088.568814,0.222222,0.777778,5 6 29 30 61 62 103 104 151 152 1642 1818 2004 2199 2702 3158 3648 3714 3715 3716 3913 3914 3915
moead,ns178,3,3,3200,64,47363207.041386,1085.862657,0.333333,0.666667,5 6 29 30 61 62 103 104 151 152 1642 1818 2004 2199 2925 3158 3648 3714 3715 3716 3913 3914 3915
moead,ns178,3,4,3200,64,47363207.041386,1085.862657,0.444444,0.555556,5 6 29 30 61 62 103 104 151 152 1642 1818 2004 2199 2925 3158 3648 3714 3715 3716 3913 3914 3915
moead,ns178,3,5,3200,64,47362665.499776,1084.266432,0.555556,0.444444,5 6 29 30 61 62 103 104 151 152 1642 1818 2004 2199 2925 3158 3399 3714 3715 3716 3913 3914 3915
moead,ns178,3,6,3200,64,47362665.499776,1084.266432,0.666667,0.333333,5 6 29 30 61 62 103 104 151 152 1642 1818 2004 2199 2925 3158 3399 3714 3715 3716 3913 3914 3915
moead,ns178,3,7,3200,64,47362665.499776,1084.266432,0.777778,0.222222,5 6 29 30 61 62 103 104 151 152 1642 1818 2004 2199 2925 3158 3399 3714 3715 3716 3913 3914 3915
moead,ns178,3,8,3200,64,47362665.499776,1084.266432,0.888889,0.111111,5 6 29 30 61 62 103 104 151 152 1642 1818 2004 2199 2925 3158 3399 3714 3715 3716 3913 3914 3915
moead,ns178,3,9,3200,64,47362665.499776,1084.266432,1.000000,0.000000,5 6 29 30 61 62 103 104 151 152 1642 1818 2004 2199 2925 3158 3399 3714 3715 3716 3913 3914 3915
moead,ns178,3,0,3250,65,57803598.799639,1537.417585,0.000000,1.000000,13 28 54 191 313 381 445 596 627 680 1084 1176 1386 1734 1760 1777 1831 2009 2177 2536 3022 3230 3449
moead,ns178,3,1,3250,65,47363774.909788,1088.568814,0.111111,0.888889,5 6 29 30 61 62 103 104 151 152 1642 1818 2004 2199 2702 3158 3648 3714 3715 3716 3913 3914 3915
moead,ns178,3,2,3250,65,47363774.909788,1088.568814,0.222222,0.777778,5 6 29 30 61 62 103 104 151 152 1642 1818 2004 2199 2702 3158 3648 3714 3715 3716 3913 3914 3915
moead,ns178,3,3,3250,65,47363207.041386,1085.862657,0.333333,0.666667,5 6 29 30 61 62 103 104 151 152 1642 1818 2004 2199 2925 3158 3648 3714 3715 3716 3913 3914 3915
moead,ns178,3,4,3250,65,47363207.041386,1085.862657,0.444444,0.555556,5 6 29 30 61 62 103 104 151 152 1642 1818 2004 2199 2925 3158 3648 3714 3715 3716 3913 3914 3915
moead,ns178,3,5,3250,65,47362665.499776,1084.266432,0.555556,0.444444,5 6 29 30 61 62 103 104 151 152 1642 1818 2004 2199 2925 3158 3399 3714 3715 3716 3913 3914 3915
moead,ns178,3,6,3250,65,47362665.499776,1084.266432,0.666667,0.333333,5 6 29 30 61 62 103 104 151 152 1642 1818 2004 2199 2925 3158 3399 3714 3715 3716 3913 3914 3915
moead,ns178,3,7,3250,65,47362665.499776,1084.266432,0.777778,0.222222,5 6 29 30 61 62 103 104 151 152 1642 1818 2004 2199 2925 3158 3399 3714 3715 3716 3913 3914 3915
moead,ns178,3,8,3250,65,47362665.499776,1084.266432,0.888889,0.111111,5 6 29 30 61 62 103 104 151 152 1642 1818 2004 2199 2925 3158 3399 3714 3715 3716 3913 3914 3915
moead,ns178,3,9,3250,65,47362665.499776,1084.266432,1.000000,0.000000,5 6 29 30 61 62 103 104 151 152 1642 1818 2004 2199 2925 3158 3399 3714 3715 3716 3913 3914 3915
moead,ns178,3,0,3300,66,57689421.759434,1537.417585,0.000000,1.000000,13 28 54 191 313 381 445 596 627 680 852 1084 1176 1734 1760 1777 1831 2009 2177 2536 3022 3230 3449
moead,ns178,3,1,3300,66,47363774.909788,1088.568814,0.111111,0.888889,5 6 29 30 61 62 103 104 151 152 1642 1818 2004 2199 2702 3158 3648 3714 3715 3716 3913 3914 3915
moead,ns178,3,2,3300,66,47363774.909788,1088.568814,0.222222,0.777778,5 6 29 30 61 62 103 104 151 152 1642 1818 2004 2199 2702 3158 3648 3714 3715 3716 3913 3914 3915
moead,ns178,3,3,3300,66,47363207.041386,1085.862657,0.333333,0.666667,5 6 29 30 61 62 103 104 151 152 1642 1818 2004 2199 2925 3158 3648 3714 3715 3716 3913 3914 3915
moead,ns178,3,4,3300,66,47363207.041386,1085.862657,0.444444,0.555556,5 6 29 30 61 62 103 104 151 152 1642 1818 2004 2199 2925 3158 3648 3714 3715 3716 3913 3914 3915
moead,ns178,3,5,3300,66,47362665.499776,1084.266432,0.555556,0.444444,5 6 29 30 61 62 103 104 151 152 1642 1818 2004 2199 2925 3158 3399 3714 3715 3716 3913 3914 3915
moead,ns178,3,6,3300,66,47362665.499776,1084.266432,0.666667,0.333333,5 6 29 30 61 62 103 104 151 152 1642 1818 2004 2199 2925 3158 3399 3714 3715 3716 3913 3914 3915
moead,ns178,3,7,3300,66,47362665.499776,1084.266432,0.777778,0.222222,5 6 29 30 61 62 103 104 151 152 1642 1818 2004 2199 2925 3158 3399 3714 3715 3716 3913 3914 3915
moead,ns178,3,8,3300,66,47362665.499776,1084.266432,0.888889,0.111111,5 6 29 30 61 62 103 104 151 152 1642 1818 2004 2199 2925 3158 3399 3714 3715 3716 3913 3914 3915
moead,ns178,3,9,3300,66,47362665.499776,1084.266432,1.000000,0.000000,5 6 29 30 61 62 103 104 151 152 1642 1818 2004 2199 2925 3158 3399 3714 3715 3716 3913 3914 3915
moead,ns178,3,0,3350,67,57709568.114495,1537.417585,0.000000,1.000000,13 28 54 192 313 445 596 627 852 1084 1176 1613 1734 1760 1777 1831 1920 2177 2536 3022 3230 3449 3719
moead,ns178,3,1,3350,67,47363774.909788,1088.568814,0.111111,0.888889,5 6 29 30 61 62 103 104 151 152 1642 1818 2004 2199 2702 3158 3648 3714 3715 3716 3913 3914 3915
moead,ns178,3,2,3350,67,47363774.909788,1088.568814,0.222222,0.777778,5 6 29 30 61 62 103 104 151 152 1642 1818 2004 2199 2702 3158 3648 3714 3715 3716 3913 3914 3915
moead,ns178,3,3,3350,67,47363207.041386,1085.862657,0.333333,0.666667,5 6 29 30 61 62 103 104 151 152 1642 1818 2004 2199 2925 3158 3648 3714 3715 3716 3913 3914 3915
moead,ns178,3,4,3350,67,47363207.041386,1085.862657,0.444444,0.555556,5 6 29 30 61 62 103 104 151 152 1642 1818 2004 2199 2925 3158 3648 3714 3715 3716 3913 3914 3915
moead,ns178,3,5,3350,67,47362665.499776,1084.266432,0.555556,0.444444,5 6 29 30 61 62 103 104 151 152 1642 1818 2004 2199 2925 3158 3399 3714 3715 3716 3913 3914 3915
moead,ns178,3,6,3350,67,47362665.499776,1084.266432,0.666667,0.333333,5 6 29 30 61 62 103 104 151 152 1642 1818 2004 2199 2925 3158 3399 3714 3715 3716 3913 3914 3915
moead,ns178,3,7,3350,67,47362665.499776,1084.266432,0.777778,0.222222,5 6 29 30 61 62 103 104 151 152 1642 1818 2004 2199 2925 3158 3399 3714 3715 3716 3913 3914 3915
moead,ns178,3,8,3350,67,47362665.499776,1084.266432,0.888889,0.111111,5 6 29 30 61 62 103 104 151 152 1642 1818 2004 2199 2925 3158 3399 3714 3715 3716 3913 3914 3915
moead,ns178,3,9,3350,67,47362665.499776,1084.266432,1.000000,0.000000,5 6 29 30 61 62 103 104 151 152 1642 1818 2004 2199 2925 3158 3399 3714 3715 3716 3913 3914 3915
moead,ns178,3,0,3400,68,57771929.512999,1537.417585,0.000000,1.000000,13 28 54 192 445 596 605 627 852 1084 1176 1613 1734 1777 1831 1920 2177 2536 2952 3022 3230 3449 3719
moead,ns178,3,1,3400,68,47363774.909788,1088.568814,0.111111,0.888889,5 6 29 30 61 62 103 104 151 152 1642 1818 2004 2199 2702 3158 3648 3714 3715 3716 3913 3914 3915
moead,ns178,3,2,3400,68,47363774.909788,1088.568814,0.222222,0.777778,5 6 29 30 61 62 103 104 151 152 1642 1818 2004 2199 2702 3158 3648 3714 3715 3716 3913 3914 3915
moead,ns178,3,3,3400,68,47363207.041386,1085.862657,0.333333,0.666667,5 6 29 30 61 62 103 104 151 152 1642 1818 2004 2199 2925 3158 3648 3714 3715 3716 3913 3914 3915
moead,ns178,3,4,3400,68,47363207.041386,1085.862657,0.444444,0.555556,5 6 29 30 61 62 103 104 151 152 1642 1818 2004 2199 2925 3158 3648 3714 3715 3716 3913 3914 3915
moead,ns178,3,5,3400,68,47362665.499776,1084.266432,0.555556,0.444444,5 6 29 30 61 62 103 104 151 152 1642 1818 2004 2199 2925 3158 3399 3714 3715 3716 3913 3914 3915
moead,ns178,3,6,3400,68,47362665.499776,1084.266432,0.666667,0.333333,5 6 29 30 61 62 103 104 151 152 1642 1818 2004 2199 2925 3158 3399 3714 3715 3716 3913 3914 3915
moead,ns178,3,7,3400,68,47362665.499776,1084.266432,0.777778,0.222222,5 6 29 30 61 62 103 104 151 152 1642 1818 2004 2199 2925 3158 3399 3714 3715 3716 3913 3914 3915
moead,ns178,3,8,3400,68,47362665.499776,1084.266432,0.888889,0.111111,5 6 29 30 61 62 103 104 151 152 1642 1818 2004 2199 2925 3158 3399 3714 3715 3716 3913 3914 3915
moead,ns178,3,9,3400,68,47362665.499776,1084.266432,1.000000,0.000000,5 6 29 30 61 62 103 104 151 152 1642 1818 2004 2199 2925 3158 3399 3714 3715 3716 3913 3914 3915
moead,ns178,3,0,3450,69,57213398.844367,1537.417585,0.000000,1.000000,13 54 98 192 445 482 596 605 627 1084 1176 1234 1310 1777 1920 2177 2536 2952 3022 3065 3230 3449 3719
moead,ns178,3,1,3450,69,47363774.909788,1088.568814,0.111111,0.888889,5 6 29 30 61 62 103 104 151 152 1642 1818 2004 2199 2702 3158 3648 3714 3715 3716 3913 3914 3915
moead,ns178,3,2,3450,69,47363774.909788,1088.568814,0.222222,0.777778,5 6 29 30 61 62 103 104 151 152 1642 1818 2004 2199 2702 3158 3648 3714 3715 3716 3913 3914 3915
moead,ns178,3,3,3450,69,47363207.041386,1085.862657,0.333333,0.666667,5 6 29 30 61 62 103 104 151 152 1642 1818 2004 2199 2925 3158 3648 3714 3715 3716 3913 3914 3915
moead,ns178,3,4,3450,69,47363207.041386,1085.862657,0.444444,0.555556,5 6 29 30 61 62 103 104 151 152 1642 1818 2004 2199 2925 3158 3648 3714 3715 3716 3913 3914 3915
moead,ns178,3,5,3450,69,47362665.499776,1084.266432,0.555556,0.444444,5 6 29 30 61 62 103 104 151 152 1642 1818 2004 2199 2925 3158 3399 3714 3715 3716 3913 3914 3915
moead,ns178,3,6,3450,69,47362665.499776,1084.266432,0.666667,0.333333,5 6 29 30 61 62 103 104 151 152 1642 1818 2004 2199 2925 3158 3399 3714 3715 3716 3913 3914 3915
moead,ns178,3,7,3450,69,47362665.499776,1084.266432,0.777778,0.222222,5 6 29 30 61 62 103 104 151 152 1642 1818 2004 2199 2925 3158 3399 3714 3715 3716 3913 3914 3915
moead,ns178,3,8,3450,69,47362665.499776,1084.266432,0.888889,0.111111,5 6 29 30 61 62 103 104 151 152 1642 1818 2004 2199 2925 3158 3399 3714 3715 3716 3913 3914 3915
moead,ns178,3,9,3450,69,47362665.499776,1084.266432,1.000000,0.000000,5 6 29 30 61 62 103 104 151 152 1642 1818 2004 2199 2925 3158 3399 3714 3715 3716 3913 3914 3915
moead,ns178,3,0,3500,70,56961031.948610,1537.417585,0.000000,1.000000,13 31 54 98 131 192 445 482 596 605 627 1084 1176 1310 1777 1920 2177 2952 3022 3065 3230 3449 3719
moead,ns178,3,1,3500,70,47363774.909788,1088.568814,0.111111,0.888889,5 6 29 30 61 62 103 104 151 152 1642 1818 2004 2199 2702 3158 3648 3714 3715 3716 3913 3914 3915
moead,ns178,3,2,3500,70,47363774.909788,1088.568814,0.222222,0.777778,5 6 29 30 61 62 103 104 151 152 1642 1818 2004 2199 2702 3158 3648 3714 3715 3716 3913 3914 3915
moead,ns178,3,3,3500,70,47363207.041386,1085.862657,0.333333,0.666667,5 6 29 30 61 62 103 104 151 152 1642 1818 2004 2199 2925 3158 3648 3714 3715 3716 3913 3914 3915
moead,ns178,3,4,3500,70,47363207.041386,1085.862657,0.444444,0.555556,5 6 29 30 61 62 103 104 151 152 1642 1818 2004 2199 2925 3158 3648 3714 3715 3716 3913 3914 3915
moead,ns178,3,5,3500,70,47362665.499776,1084.266432,0.555556,0.444444,5 6 29 30 61 62 103 104 151 152 1642 1818 2004 2199 2925 3158 3399 3714 3715 3716 3913 3914 3915
moead,ns178,3,6,3500,70,47362665.499776,1084.266432,0.666667,0.333333,5 6 29 30 61 62 103 104 151 152 1642 1818 2004 2199 2925 3158 3399 3714 3715 3716 3913 3914 3915
moead,ns178,3,7,3500,70,47362665.499776,1084.266432,0.777778,0.222222,5 6 29 30 61 62 103 104 151 152 1642 1818 2004 2199 2925 3158 3399 3714 3715 3716 3913 3914 3915
moead,ns178,3,8,3500,70,47362665.499776,1084.266432,0.888889,0.111111,5 6 29 30 61 62 103 104 151 152 1642 1818 2004 2199 2925 3158 3399 3714 3715 3716 3913 3914 3915
moead,ns178,3,9,3500,70,47362665.499776,1084.266432,1.000000,0.000000,5 6 29 30 61 62 103 104 151 152 1642 1818 2004 2199 2925 3158 3399 3714 3715 3716 3913 3914 3915
moead,ns178,3,0,3550,71,57046100.254042,1537.417585,0.000000,1.000000,13 31 54 98 131 192 445 482 596 605 627 1084 1176 1310 1777 1920 2177 2952 3022 3065 3213 3230 3719
moead,ns178,3,1,3550,71,47363774.909788,1088.568814,0.111111,0.888889,5 6 29 30 61 62 103 104 151 152 1642 1818 2004 2199 2702 3158 3648 3714 3715 3716 3913 3914 3915
moead,ns178,3,2,3550,71,47363774.909788,1088.568814,0.222222,0.777778,5 6 29 30 61 62 103 104 151 152 1642 1818 2004 2199 2702 3158 3648 3714 3715 3716 3913 3914 3915
moead,ns178,3,3,3550,71,47363207.041386,1085.862657,0.333333,0.666667,5 6 29 30 61 62 103 104 151 152 1642 1818 2004 2199 2925 3158 3648 3714 3715 3716 3913 3914 3915
moead,ns178,3,4,3550,71,47363207.041386,1085.862657,0.444444,0.555556,5 6 29 30 61 62 103 104 151 152 1642 1818 2004 2199 2925 3158 3648 3714 3715 3716 3913 3914 3915
moead,ns178,3,5,3550,71,47362665.499776,1084.266432,0.555556,0.444444,5 6 29 30 61 62 103 104 151 152 1642 1818 2004 2199 2925 3158 3399 3714 3715 3716 3913 3914 3915
moead,ns178,3,6,3550,71,47362665.499776,1084.266432,0.666667,0.333333,5 6 29 30 61 62 103 104 151 152 1642 1818 2004 2199 2925 3158 3399 3714 3715 3716 3913 3914 3915
moead,ns178,3,7,3550,71,47362665.499776,1084.266432,0.777778,0.222222,5 6 29 30 61 62 103 104 151 152 1642 1818 2004 2199 2925 3158 3399 3714 3715 3716 3913 3914 3915
moead,ns178,3,8,3550,71,47362665.499776,1084.266432,0.888889,0.111111,5 6 29 30 61 62 103 104 151 152 1642 1818 2004 2199 2925 3158 3399 3714 3715 3716 3913 3914 3915
moead,ns178,3,9,3550,71,47362665.499776,1084.266432,1.000000,0.000000,5 6 29 30 61 62 103 104 151 152 1642 1818 2004 2199 2925 3158 3399 3714 3715 3716 3913 3914 3915
moead,ns178,3,0,3600,72,57486646.661597,1537.417585,0.000000,1.000000,13 31 98 131 192 445 482 484 596 605 627 776 1084 1176 1310 1777 1920 2177 2952 3022 3065 3230 3503
moead,ns178,3,1,3600,72,47363774.909788,1088.568814,0.111111,0.888889,5 6 29 30 61 62 103 104 151 152 1642 1818 2004 2199 2702 3158 3648 3714 3715 3716 3913 3914 3915
moead,ns178,3,2,3600,72,47363774.909788,1088.568814,0.222222,0.777778,5 6 29 30 61 62 103 104 151 152 1642 1818 2004 2199 2702 3158 3648 3714 3715 3716 3913 3914 3915
moead,ns178,3,3,3600,72,47363207.041386,1085.862657,0.333333,0.666667,5 6 29 30 61 62 103 104 151 152 1642 1818 2004 2199 2925 3158 3648 3714 3715 3716 3913 3914 3915
moead,ns178,3,4,3600,72,47363207.041386,1085.862657,0.444444,0.555556,5 6 29 30 61 62 103 104 151 152 1642 1818 2004 2199 2925 3158 3648 3714 3715 3716 3913 3914 3915
moead,ns178,3,5,3600,72,47362665.499776,1084.266432,0.555556,0.444444,5 6 29 30 61 62 103 104 151 152 1642 1818 2004 2199 2925 3158 3399 3714 3715 3716 3913 3914 3915
moead,ns178,3,6,3600,72,47362665.499776,1084.266432,0.666667,0.333333,5 6 29 30 61 62 103 104 151 152 1642 1818 2004 2199 2925 3158 3399 3714 3715 3716 3913 3914 3915
moead,ns178,3,7,3600,72,47362665.499776,1084.266432,0.777778,0.222222,5 6 29 30 61 62 103 104 151 152 1642 1818 2004 2199 2925 3158 3399 3714 3715 3716 3913 3914 3915
moead,ns178,3,8,3600,72,47362665.499776,1084.266432,0.888889,0.111111,5 6 29 30 61 62 103 104 151 152 1642 1818 2004 2199 2925 3158 3399 3714 3715 3716 3913 3914 3915
moead,ns178,3,9,3600,72,47362665.499776,1084.266432,1.000000,0.000000,5 6 29 30 61 62 103 104 151 152 1642 1818 2004 2199 2925 3158 3399 3714 3715 3716 3913 3914 3915
moead,ns178,3,0,3650,73,57495588.531857,1537.417585,0.000000,1.000000,13 31 98 131 134 192 445 484 596 605 776 1084 1176 1310 1777 2177 2221 2952 3022 3065 3503 3606 3916
moead,ns178,3,1,3650,73,47363774.909788,1088.568814,0.111111,0.888889,5 6 29 30 61 62 103 104 151 152 1642 1818 2004 2199 2702 3158 3648 3714 3715 3716 3913 3914 3915
moead,ns178,3,2,3650,73,47363774.909788,1088.568814,0.222222,0.777778,5 6 29 30 61 62 103 104 151 152 1642 1818 2004 2199 2702 3158 3648 3714 3715 3716 3913 3914 3915
moead,ns178,3,3,3650,73,47363207.041386,1085.862657,0.333333,0.666667,5 6 29 30 61 62 103 104 151 152 1642 1818 2004 2199 2925 3158 3648 3714 3715 3716 3913 3914 3915
moead,ns178,3,4,3650,73,47363207.041386,1085.862657,0.444444,0.555556,5 6 29 30 61 62 103 104 151 152 1642 1818 2004 2199 2925 3158 3648 3714 3715 3716 3913 3914 3915
moead,ns178,3,5,3650,73,47362665.499776,1084.266432,0.555556,0.444444,5 6 29 30 61 62 103 104 151 152 1642 1818 2004 2199 2925 3158 3399 3714 3715 3716 3913 3914 3915
moead,ns178,3,6,3650,73,47362665.499776,1084.266432,0.666667,0.333333,5 6 29 30 61 62 103 104 151 152 1642 1818 2004 2199 2925 3158 3399 3714 3715 3716 3913 3914 3915
moead,ns178,3,7,3650,73,47362665.499776,1084.266432,0.777778,0.222222,5 6 29 30 61 62 103 104 151 152 1642 1818 2004 2199 2925 3158 3399 3714 3715 3716 3913 3914 3915
moead,ns178,3,8,3650,73,47362665.499776,1084.266432,0.888889,0.111111,5 6 29 30 61 62 103 104 151 152 1642 1818 2004 2199 2925 3158 3399 3714 3715 3716 3913 3914 3915
moead,ns178,3,9,3650,73,47362665.499776,1084.266432,1.000000,0.000000,5 6 29 30 61 62 103 104 151 152 1642 1818 2004 2199 2925 3158 3399 3714 3715 3716 3913 3914 3915
moead,ns178,3,0,3700,74,57805014.567525,1537.417585,0.000000,1.000000,13 31 131 134 192 445 484 596 605 776 1084 1176 1178 1628 1777 2034 2177 2221 2952 3065 3503 3606 3916
moead,ns178,3,1,3700,74,47363774.909788,1088.568814,0.111111,0.888889,5 6 29 30 61 62 103 104 151 152 1642 1818 2004 2199 2702 3158 3648 3714 3715 3716 3913 3914 3915
moead,ns178,3,2,3700,74,47363774.909788,1088.568814,0.222222,0.777778,5 6 29 30 61 62 103 104 151 152 1642 1818 2004 2199 2702 3158 3648 3714 3715 3716 3913 3914 3915
moead,ns178,3,3,3700,74,47363207.041386,1085.862657,0.333333,0.666667,5 6 29 30 61 62 103 104 151 152 1642 1818 2004 2199 2925 3158 3648 3714 3715 3716 3913 3914 3915
moead,ns178,3,4,3700,74,47363207.041386,1085.862657,0.444444,0.555556,5 6 29 30 61 62 103 104 151 152 1642 1818 2004 2199 2925 3158 3648 3714 3715 3716 3913 3914 3915
moead,ns178,3,5,3700,74,47362665.499776,1084.266432,0.555556,0.444444,5 6 29 30 61 62 103 104 151 152 1642 1818 2004 2199 2925 3158 3399 3714 3715 3716 3913 3914 3915
moead,ns178,3,6,3700,74,47362665.499776,1084.266432,0.666667,0.333333,5 6 29 30 61 62 103 104 151 152 1642 1818 2004 2199 2925 3158 3399 3714 3715 3716 3913 3914 3915
moead,ns178,3,7,3700,74,47362665.499776,1084.266432,0.777778,0.222222,5 6 29 30 61 62 103 104 151 152 1642 1818 2004 2199 2925 3158 3399 3714 3715 3716 3913 3914 3915
moead,ns178,3,8,3700,74,47362665.499776,1084.266432,0.888889,0.111111,5 6 29 30 61 62 103 104 151 152 1642 1818 2004 2199 2925 3158 3399 3714 3715 3716 3913 3914 3915
moead,ns178,3,9,3700,74,47362665.499776,1084.266432,1.000000,0.000000,5 6 29 30 61 62 103 104 151 152 1642 1818 2004 2199 2925 3158 3399 3714 3715 3716 3913 3914 3915
moead,ns178,3,0,3750,75,57039366.268019,1537.417585,0.000000,1.000000,13 31 131 134 192 445 484 596 605 776 1084 1176 1178 1308 1628 2034 2177 2221 2952 3065 3606 3908 3916
moead,ns178,3,1,3750,75,47363774.909788,1088.568814,0.111111,0.888889,5 6 29 30 61 62 103 104 151 152 1642 1818 2004 2199 2702 3158 3648 3714 3715 3716 3913 3914 3915
moead,ns178,3,2,3750,75,47363774.909788,1088.568814,0.222222,0.777778,5 6 29 30 61 62 103 104 151 152 1642 1818 2004 2199 2702 3158 3648 3714 3715 3716 3913 3914 3915
moead,ns178,3,3,3750,75,47363207.041386,1085.862657,0.333333,0.666667,5 6 29 30 61 62 103 104 151 152 1642 1818 2004 2199 2925 3158 3648 3714 3715 3716 3913 3914 3915
moead,ns178,3,4,3750,75,47363207.041386,1085.862657,0.444444,0.555556,5 6 29 30 61 62 103 104 151 152 1642 1818 2004 2199 2925 3158 3648 3714 3715 3716 3913 3914 3915
moead,ns178,3,5,3750,75,47362665.499776,1084.266432,0.555556,0.444444,5 6 29 30 61 62 103 104 151 152 1642 1818 2004 2199 2925 3158 3399 3714 3715 3716 3913 3914 3915
moead,ns178,3,6,3750,75,47362665.499776,1084.266432,0.666667,0.333333,5 6 29 30 61 62 103 104 151 152 1642 1818 2004 2199 2925 3158 3399 3714 3715 3716 3913 3914 3915
moead,ns178,3,7,3750,75,47362665.499776,1084.266432,0.777778,0.222222,5 6 29 30 61 62 103 104 151 152 1642 1818 2004 2199 2925 3158 3399 3714 3715 3716 3913 3914 3915
moead,ns178,3,8,3750,75,47362665.499776,1084.266432,0.888889,0.111111,5 6 29 30 61 62 103 104 151 152 1642 1818 2004 2199 2925 3158 3399 3714 3715 3716 3913 3914 3915
moead,ns178,3,9,3750,75,47362665.499776,1084.266432,1.000000,0.000000,5 6 29 30 61 62 103 104 151 152 1642 1818 2004 2199 2925 3158 3399 3714 3715 3716 3913 3914 3915
moead,ns178,3,0,3800,76,56474587.676453,1537.417585,0.000000,1.000000,31 131 192 247 484 596 605 725 776 1035 1084 1176 1178 1308 1628 1752 2034 2177 2221 2952 3606 3908 3916
moead,ns178,3,1,3800,76,47363774.909788,1088.568814,0.111111,0.888889,5 6 29 30 61 62 103 104 151 152 1642 1818 2004 2199 2702 3158 3648 3714 3715 3716 3913 3914 3915
moead,ns178,3,2,3800,76,47363774.909788,1088.568814,0.222222,0.777778,5 6 29 30 61 62 103 104 151 152 1642 1818 2004 2199 2702 3158 3648 3714 3715 3716 3913 3914 3915
moead,ns178,3,3,3800,76,47363207.041386,1085.862657,0.333333,0.666667,5 6 29 30 61 62 103 104 151 152 1642 1818 2004 2199 2925 3158 3648 3714 3715 3716 3913 3914 3915
moead,ns178,3,4,3800,76,47363207.041386,1085.862657,0.444444,0.555556,5 6 29 30 61 62 103 104 151 152 1642 1818 2004 2199 2925 3158 3648 3714 3715 3716 3913 3914 3915
moead,ns178,3,5,3800,76,47362665.499776,1084.266432,0.555556,0.444444,5 6 29 30 61 62 103 104 151 152 1642 1818 2004 2199 2925 3158 3399 3714 3715 3716 3913 3914 3915
moead,ns178,3,6,3800,76,47362665.499776,1084.266432,0.666667,0.333333,5 6 29 30 61 62 103 104 151 152 1642 1818 2004 2199 2925 3158 3399 3714 3715 3716 3913 3914 3915
moead,ns178,3,7,3800,76,47362665.499776,1084.266432,0.777778,0.222222,5 6 29 30 61 62 103 104 151 152 1642 1818 2004 2199 2925 3158 3399 3714 3715 3716 3913 3914 3915
moead,ns178,3,8,3800,76,47362665.499776,1084.266432,0.888889,0.111111,5 6 29 30 61 62 103 104 151 152 1642 1818 2004 2199 2925 3158 3399 3714 3715 3716 3913 3914 3915
moead,ns178,3,9,3800,76,47362665.499776,1084.266432,1.000000,0.000000,5 6 29 30 61 62 103 104 151 152 1642 1818 2004 2199 2925 3158 3399 3714 3715 3716 3913 3914 3915
moead,ns178,3,0,3850,77,56474587.676453,1537.417585,0.000000,1.000000,31 131 192 247 484 596 605 725 776 1035 1084 1176 1178 1308 1628 1752 2034 2177 2221 2952 3606 3908 3916
moead,ns178,3,1,3850,77,47363774.909788,1088.568814,0.111111,0.888889,5 6 29 30 61 62 103 104 151 152 1642 1818 2004 2199 2702 3158 3648 3714 3715 3716 3913 3914 3915
moead,ns178,3,2,3850,77,47363774.909788,1088.568814,0.222222,0.777778,5 6 29 30 61 62 103 104 151 152 1642 1818 2004 2199 2702 3158 3648 3714 3715 3716 3913 3914 3915
moead,ns178,3,3,3850,77,47363207.041386,1085.862657,0.333333,0.666667,5 6 29 30 61 62 103 104 151 152 1642 1818 2004 2199 2925 3158 3648 3714 3715 3716 3913 3914 3915
moead,ns178,3,4,3850,77,47363207.041386,1085.862657,0.444444,0.555556,5 6 29 30 61 62 103 104 151 152 1642 1818 2004 2199 2925 3158 3648 3714 3715 3716 3913 3914 3915
moead,ns178,3,5,3850,77,47362665.499776,1084.266432,0.555556,0.444444,5 6 29 30 61 62 103 104 151 152 1642 1818 2004 2199 2925 3158 3399 3714 3715 3716 3913 3914 3915
moead,ns178,3,6,3850,77,47362665.499776,1084.266432,0.666667,0.333333,5 6 29 30 61 62 103 104 151 152 1642 1818 2004 2199 2925 3158 3399 3714 3715 3716 3913 3914 3915
moead,ns178,3,7,3850,77,47362665.499776,1084.266432,0.777778,0.222222,5 6 29 30 61 62 103 104 151 152 1642 1818 2004 2199 2925 3158 3399 3714 3715 3716 3913 3914 3915
moead,ns178,3,8,3850,77,47362665.499776,1084.266432,0.888889,0.111111,5 6 29 30 61 62 103 104 151 152 1642 1818 2004 2199 2925 3158 3399 3714 3715 3716 3913 3914 3915
moead,ns178,3,9,3850,77,47362665.499776,1084.266432,1.000000,0.000000,5 6 29 30 61 62 103 104 151 152 1642 1818 2004 2199 2925 3158 3399 3714 3715 3716 3913 3914 3915
moead,ns178,3,0,3900,78,56674951.313759,1537.417585,0.000000,1.000000,31 131 192 247 484 596 605 725 776 1029 1035 1176 1178 1308 1628 1752 2034 2177 2221 2952 3606 3908 3916
moead,ns178,3,1,3900,78,47363774.909788,1088.568814,0.111111,0.888889,5 6 29 30 61 62 103 104 151 152 1642 1818 2004 2199 2702 3158 3648 3714 3715 3716 3913 3914 3915
moead,ns178,3,2,3900,78,47363774.909788,1088.568814,0.222222,0.777778,5 6 29 30 61 62 103 104 151 152 1642 1818 2004 2199 2702 3158 3648 3714 3715 3716 3913 3914 3915
moead,ns178,3,3,3900,78,47363207.041386,1085.862657,0.333333,0.666667,5 6 29 30 61 62 103 104 151 152 1642 1818 2004 2199 2925 3158 3648 3714 3715 3716 3913 3914 3915
moead,ns178,3,4,3900,78,47363207.041386,1085.862657,0.444444,0.555556,5 6 29 30 61 62 103 104 151 152 1642 1818 2004 2199 2925 3158 3648 3714 3715 3716 3913 3914 3915
moead,ns178,3,5,3900,78,47362665.499776,1084.266432,0.555556,0.444444,5 6 29 30 61 62 103 104 151 152 1642 1818 2004 2199 2925 3158 3399 3714 3715 3716 3913 3914 3915
moead,ns178,3,6,3900,78,47362665.499776,1084.266432,0.666667,0.333333,5 6 29 30 61 62 103 104 151 152 1642 1818 2004 2199 2925 3158 3399 3714 3715 3716 3913 3914 3915
moead,ns178,3,7,3900,78,47362665.499776,1084.266432,0.777778,0.222222,5 6 29 30 61 62 103 104 151 152 1642 1818 2004 2199 2925 3158 3399 3714 3715 3716 3913 3914 3915
moead,ns178,3,8,3900,78,47362665.499776,1084.266432,0.888889,0.111111,5 6 29 30 61 62 103 104 151 152 1642 1818 2004 2199 2925 3158 3399 3714 3715 3716 3913 3914 3915
moead,ns178,3,9,3900,78,47362665.499776,1084.266432,1.000000,0.000000,5 6 29 30 61 62 103 104 151 152 1642 1818 2004 2199 2925 3158 3399 3714 3715 3716 3913 3914 3915
moead,ns178,3,0,3950,79,57049057.221446,1537.417585,0.000000,1.000000,31 131 133 192 247 438 596 605 725 776 1029 1176 1308 1752 2034 2177 2221 2492 2952 3606 3753 3908 3916
moead,ns178,3,1,3950,79,47363774.909788,1088.568814,0.111111,0.888889,5 6 29 30 61 62 103 104 151 152 1642 1818 2004 2199 2702 3158 3648 3714 3715 3716 3913 3914 3915
moead,ns178,3,2,3950,79,47363774.909788,1088.568814,0.222222,0.777778,5 6 29 30 61 62 103 104 151 152 1642 1818 2004 2199 2702 3158 3648 3714 3715 3716 3913 3914 3915
moead,ns178,3,3,3950,79,47363207.041386,1085.862657,0.333333,0.666667,5 6 29 30 61 62 103 104 151 152 1642 1818 2004 2199 2925 3158 3648 3714 3715 3716 3913 3914 3915
moead,ns178,3,4,3950,79,47363207.041386,1085.862657,0.444444,0.555556,5 6 29 30 61 62 103 104 151 152 1642 1818 2004 2199 2925 3158 3648 3714 3715 3716 3913 3914 3915
moead,ns178,3,5,3950,79,47362665.499776,1084.266432,0.555556,0.444444,5 6 29 30 61 62 103 104 151 152 1642 1818 2004 2199 2925 3158 3399 3714 3715 3716 3913 3914 3915
moead,ns178,3,6,3950,79,47362665.499776,1084.266432,0.666667,0.333333,5 6 29 30 61 62 103 104 151 152 1642 1818 2004 2199 2925 3158 3399 3714 3715 3716 3913 3914 3915
moead,ns178,3,7,3950,79,47362665.499776,1084.266432,0.777778,0.222222,5 6 29 30 61 62 103 104 151 152 1642 1818 2004 2199 2925 3158 3399 3714 3715 3716 3913 3914 3915
moead,ns178,3,8,3950,79,47362665.499776,1084.266432,0.888889,0.111111,5 6 29 30 61 62 103 104 151 152 1642 1818 2004 2199 2925 3158 3399 3714 3715 3716 3913 3914 3915
moead,ns178,3,9,3950,79,47362665.499776,1084.266432,1.000000,0.000000,5 6 29 30 61 62 103 104 151 152 1642 1818 2004 2199 2925 3158 3399 3714 3715 3716 3913 3914 3915
moead,ns178,3,0,4000,80,57241259.796596,1537.417585,0.000000,1.000000,31 131 133 192 247 438 596 605 725 776 1160 1176 1308 1752 2034 2177 2221 2492 2952 3606 3889 3908 3916
moead,ns178,3,1,4000,80,47363774.909788,1088.568814,0.111111,0.888889,5 6 29 30 61 62 103 104 151 152 1642 1818 2004 2199 2702 3158 3648 3714 3715 3716 3913 3914 3915
moead,ns178,3,2,4000,80,47363774.909788,1088.568814,0.222222,0.777778,5 6 29 30 61 62 103 104 151 152 1642 1818 2004 2199 2702 3158 3648 3714 3715 3716 3913 3914 3915
moead,ns178,3,3,4000,80,47363207.041386,1085.862657,0.333333,0.666667,5 6 29 30 61 62 103 104 151 152 1642 1818 2004 2199 2925 3158 3648 3714 3715 3716 3913 3914 3915
moead,ns178,3,4,4000,80,47363207.041386,1085.862657,0.444444,0.555556,5 6 29 30 61 62 103 104 151 152 1642 1818 2004 2199 2925 3158 3648 3714 3715 3716 3913 3914 3915
moead,ns178,3,5,4000,80,47362665.499776,1084.266432,0.555556,0.444444,5 6 29 30 61 62 103 104 151 152 1642 1818 2004 2199 2925 3158 3399 3714 3715 3716 3913 3914 3915
moead,ns178,3,6,4000,80,47362665.499776,1084.266432,0.666667,0.333333,5 6 29 30 61 62 103 104 151 152 1642 1818 2004 2199 2925 3158 3399 3714 3715 3716 3913 3914 3915
moead,ns178,3,7,4000,80,47362665.499776,1084.266432,0.777778,0.222222,5 6 29 30 61 62 103 104 151 152 1642 1818 2004 2199 2925 3158 3399 3714 3715 3716 3913 3914 3915
moead,ns178,3,8,4000,80,47362665.499776,1084.266432,0.888889,0.111111,5 6 29 30 61 62 103 104 151 152 1642 1818 2004 2199 2925 3158 3399 3714 3715 3716 3913 3914 3915
moead,ns178,3,9,4000,80,47362665.499776,1084.266432,1.000000,0.000000,5 6 29 30 61 62 103 104 151 152 1642 1818 2004 2199 2925 3158 3399 3714 3715 3716 3913 3914 3915
moead,ns178,3,0,4050,81,57080993.129483,1537.417585,0.000000,1.000000,31 131 133 192 247 438 596 605 725 776 789 1160 1308 1752 2034 2177 2221 2492 2952 3606 3889 3908 3916
moead,ns178,3,1,4050,81,47363774.909788,1088.568814,0.111111,0.888889,5 6 29 30 61 62 103 104 151 152 1642 1818 2004 2199 2702 3158 3648 3714 3715 3716 3913 3914 3915
moead,ns178,3,2,4050,81,47363774.909788,1088.568814,0.222222,0.777778,5 6 29 30 61 62 103 104 151 152 1642 1818 2004 2199 2702 3158 3648 3714 3715 3716 3913 3914 3915
moead,ns178,3,3,4050,81,47363207.041386,1085.862657,0.333333,0.666667,5 6 29 30 61 62 103 104 151 152 1642 1818 2004 2199 2925 3158 3648 3714 3715 3716 3913 3914 3915
moead,ns178,3,4,4050,81,47363207.041386,1085.862657,0.444444,0.555556,5 6 29 30 61 62 103 104 151 152 1642 1818 2004 2199 2925 3158 3648 3714 3715 3716 3913 3914 3915
moead,ns178,3,5,4050,81,47362665.499776,1084.266432,0.555556,0.444444,5 6 29 30 61 62 103 104 151 152 1642 1818 2004 2199 2925 3158 3399 3714 3715 3716 3913 3914 3915
moead,ns178,3,6,4050,81,47362665.499776,1084.266432,0.666667,0.333333,5 6 29 30 61 62 103 104 151 152 1642 1818 2004 2199 2925 3158 3399 3714 3715 3716 3913 3914 3915
moead,ns178,3,7,4050,81,47362665.499776,1084.266432,0.777778,0.222222,5 6 29 30 61 62 103 104 151 152 1642 1818 2004 2199 2925 3158 3399 3714 3715 3716 3913 3914 3915
moead,ns178,3,8,4050,81,47362665.499776,1084.266432,0.888889,0.111111,5 6 29 30 61 62 103 104 151 152 1642 1818 2004 2199 2925 3158 3399 3714 3715 3716 3913 3914 3915
moead,ns178,3,9,4050,81,47362665.499776,1084.266432,1.000000,0.000000,5 6 29 30 61 62 103 104 151 152 1642 1818 2004 2199 2925 3158 3399 3714 3715 3716 3913 3914 3915
moead,ns178,3,0,4100,82,57080993.129483,1537.417585,0.000000,1.000000,31 131 133 192 247 438 596 605 725 776 789 1160 1308 1752 2034 2177 2221 2492 2952 3606 3889 3908 3916
moead,ns178,3,1,4100,82,47365781.257500,1104.600723,0.111111,0.888889,5 6 29 30 61 62 103 104 151 152 1642 1818 2004 2199 2286 3158 3648 3714 3715 3716 3913 3914 3915
moead,ns178,3,2,4100,82,47363774.909788,1088.568814,0.222222,0.777778,5 6 29 30 61 62 103 104 151 152 1642 1818 2004 2199 2702 3158 3648 3714 3715 3716 3913 3914 3915
moead,ns178,3,3,4100,82,47363207.041386,1085.862657,0.333333,0.666667,5 6 29 30 61 62 103 104 151 152 1642 1818 2004 2199 2925 3158 3648 3714 3715 3716 3913 3914 3915
moead,ns178,3,4,4100,82,47363207.041386,1085.862657,0.444444,0.555556,5 6 29 30 61 62 103 104 151 152 1642 1818 2004 2199 2925 3158 3648 3714 3715 3716 3913 3914 3915
moead,ns178,3,5,4100,82,47362665.499776,1084.266432,0.555556,0.444444,5 6 29 30 61 62 103 104 151 152 1642 1818 2004 2199 2925 3158 3399 3714 3715 3716 3913 3914 3915
moead,ns178,3,6,4100,82,47362665.499776,1084.266432,0.666667,0.333333,5 6 29 30 61 62 103 104 151 152 1642 1818 2004 2199 2925 3158 3399 3714 3715 3716 3913 3914 3915
moead,ns178,3,7,4100,82,47362665.499776,1084.266432,0.777778,0.222222,5 6 29 30 61 62 103 104 151 152 1642 1818 2004 2199 2925 3158 3399 3714 3715 3716 3913 3914 3915
moead,ns178,3,8,4100,82,47362665.499776,1084.266432,0.888889,0.111111,5 6 29 30 61 62 103 104 151 152 1642 1818 2004 2199 2925 3158 3399 3714 3715 3716 3913 3914 3915
moead,ns178,3,9,4100,82,47362665.499776,1084.266432,1.000000,0.000000,5 6 29 30 61 62 103 104 151 152 1642 1818 2004 2199 2925 3158 3399 3714 3715 3716 3913 3914 3915
moead,ns178,3,0,4150,83,56733605.350730,1537.417585,0.000000,1.000000,31 131 133 192 247 438 596 605 725 776 789 1160 1308 1752 2034 2177 2221 2952 3321 3606 3889 3908 3916
moead,ns178,3,1,4150,83,47365781.257500,1104.600723,0.111111,0.888889,5 6 29 30 61 62 103 104 151 152 1642 1818 2004 2199 2286 3158 3648 3714 3715 3716 3913 3914 3915
moead,ns178,3,2,4150,83,47363774.909788,1088.568814,0.222222,0.777778,5 6 29 30 61 62 103 104 151 152 1642 1818 2004 2199 2702 3158 3648 3714 3715 3716 3913 3914 3915
moead,ns178,3,3,4150,83,47363207.041386,1085.862657,0.333333,0.666667,5 6 29 30 61 62 103 104 151 152 1642 1818 2004 2199 2925 3158 3648 3714 3715 3716 3913 3914 3915
moead,ns178,3,4,4150,83,47363207.041386,1085.862657,0.444444,0.555556,5 6 29 30 61 62 103 104 151 152 1642 1818 2004 2199 2925 3158 3648 3714 3715 3716 3913 3914 3915
moead,ns178,3,5,4150,83,47362665.499776,1084.266432,0.555556,0.444444,5 6 29 30 61 62 103 104 151 152 1642 1818 2004 2199 2925 3158 3399 3714 3715 3716 3913 3914 3915
moead,ns178,3,6,4150,83,47362665.499776,1084.266432,0.666667,0.333333,5 6 29 30 61 62 103 104 151 152 1642 1818 2004 2199 2925 3158 3399 3714 3715 3716 3913 3914 3915
moead,ns178,3,7,4150,83,47362665.499776,1084.266432,0.777778,0.222222,5 6 29 30 61 62 103 104 151 152 1642 1818 2004 2199 2925 3158 3399 3714 3715 3716 3913 3914 3915
moead,ns178,3,8,4150,83,47362665.499776,1084.266432,0.888889,0.111111,5 6 29 30 61 62 103 104 151 152 1642 1818 2004 2199 2925 3158 3399 3714 3715 3716 3913 3914 3915
moead,ns178,3,9,4150,83,47362665.499776,1084.266432,1.000000,0.000000,5 6 29 30 61 62 103 104 151 152 1642 1818 2004 2199 2925 3158 3399 3714 3715 3716 3913 3914 3915
moead,ns178,3,0,4200,84,56445101.992452,1537.417585,0.000000,1.000000,131 133 192 416 438 596 605 725 789 1054 1074 1160 1308 1700 1752 2034 2221 2952 3321 3606 3889 3908 3916
moead,ns178,3,1,4200,84,47365781.257500,1104.600723,0.111111,0.888889,5 6 29 30 61 62 103 104 151 152 1642 1818 2004 2199 2286 3158 3648 3714 3715 3716 3913 3914 3915
moead,ns178,3,2,4200,84,47363774.909788,1088.568814,0.222222,0.777778,5 6 29 30 61 62 103 104 151 152 1642 1818 2004 2199 2702 3158 3648 3714 3715 3716 3913 3914 3915
moead,ns178,3,3,4200,84,47363207.041386,1085.862657,0.333333,0.666667,5 6 29 30 61 62 103 104 151 152 1642 1818 2004 2199 2925 3158 3648 3714 3715 3716 3913 3914 3915
moead,ns178,3,4,4200,84,47363207.041386,1085.862657,0.444444,0.555556,5 6 29 30 61 62 103 104 151 152 1642 1818 2004 2199 2925 3158 3648 3714 3715 3716 3913 3914 3915
moead,ns178,3,5,4200,84,47362665.499776,1084.266432,0.555556,0.444444,5 6 29 30 61 62 103 104 151 152 1642 1818 2004 2199 2925 3158 3399 3714 3715 3716 3913 3914 3915
moead,ns178,3,6,4200,84,47362665.499776,1084.266432,0.666667,0.333333,5 6 29 30 61 62 103 104 151 152 1642 1818 2004 2199 2925 3158 3399 3714 3715 3716 3913 3914 3915
moead,ns178,3,7,4200,84,47362665.499776,1084.266432,0.777778,0.222222,5 6 29 30 61 62 103 104 151 152 1642 1818 2004 2199 2925 3158 3399 3714 3715 3716 3913 3914 3915
moead,ns178,3,8,4200,84,47362665.499776,1084.266432,0.888889,0.111111,5 6 29 30 61 62 103 104 151 152 1642 1818 2004 2199 2925 3158 3399 3714 3715 3716 3913 3914 3915
moead,ns178,3,9,4200,84,47362665.499776,1084.266432,1.000000,0.000000,5 6 29 30 61 62 103 104 151 152 1642 1818 2004 2199 2925 3158 3399 3714 3715 3716 3913 3914 3915
moead,ns178,3,0,4250,85,56311797.006603,1537.417585,0.000000,1.000000,64 133 192 438 596 605 709 725 789 1054 1074 1160 1308 1700 1752 2034 2221 2952 3321 3606 3889 3908 3916
moead,ns178,3,1,4250,85,47365781.257500,1104.600723,0.111111,0.888889,5 6 29 30 61 62 103 104 151 152 1642 1818 2004 2199 2286 3158 3648 3714 3715 3716 3913 3914 3915
moead,ns178,3,2,4250,85,47363774.909788,1088.568814,0.222222,0.777778,5 6 29 30 61 62 103 104 151 152 1642 1818 2004 2199 2702 3158 3648 3714 3715 3716 3913 3914 3915
moead,ns178,3,3,4250,85,47363207.041386,1085.862657,0.333333,0.666667,5 6 29 30 61 62 103 104 151 152 1642 1818 2004 2199 2925 3158 3648 3714 3715 3716 3913 3914 3915
moead,ns178,3,4,4250,85,47363207.041386,1085.862657,0.444444,0.555556,5 6 29 30 61 62 103 104 151 152 1642 1818 2004 2199 2925 3158 3648 3714 3715 3716 3913 3914 3915
moead,ns178,3,5,4250,85,47362665.499776,1084.266432,0.555556,0.444444,5 6 29 30 61 62 103 104 151 152 1642 1818 2004 2199 2925 3158 3399 3714 3715 3716 3913 3914 3915
moead,ns178,3,6,4250,85,47362665.499776,1084.266432,0.666667,0.333333,5 6 29 30 61 62 103 104 151 152 1642 1818 2004 2199 2925 3158 3399 3714 3715 3716 3913 3914 3915
moead,ns178,3,7,4250,85,47362665.499776,1084.266432,0.777778,0.222222,5 6 29 30 61 62 103 104 151 152 1642 1818 2004 2199 2925 3158 3399 3714 3715 3716 3913 3914 3915
moead,ns178,3,8,4250,85,47362665.499776,1084.266432,0.888889,0.111111,5 6 29 30 61 62 103 104 151 152 1642 1818 2004 2199 2925 3158 3399 3714 3715 3716 3913 3914 3915
moead,ns178,3,9,4250,85,47362665.499776,1084.266432,1.000000,0.000000,5 6 29 30 61 62 103 104 151 152 1642 1818 2004 2199 2925 3158 3399 3714 3715 3716 3913 3914 3915
moead,ns178,3,0,4300,86,57039820.762034,1537.417585,0.000000,1.000000,55 64 133 192 438 596 709 789 1054 1074 1160 1291 1308 1625 1700 2034 2952 3321 3606 3762 3889 3908 3916
moead,ns178,3,1,4300,86,47365781.257500,1104.600723,0.111111,0.888889,5 6 29 30 61 62 103 104 151 152 1642 1818 2004 2199 2286 3158 3648 3714 3715 3716 3913 3914 3915
moead,ns178,3,2,4300,86,47363774.909788,1088.568814,0.222222,0.777778,5 6 29 30 61 62 103 104 151 152 1642 1818 2004 2199 2702 3158 3648 3714 3715 3716 3913 3914 3915
moead,ns178,3,3,4300,86,47363207.041386,1085.862657,0.333333,0.666667,5 6 29 30 61 62 103 104 151 152 1642 1818 2004 2199 2925 3158 3648 3714 3715 3716 3913 3914 3915
moead,ns178,3,4,4300,86,47363207.041386,1085.862657,0.444444,0.555556,5 6 29 30 61 62 103 104 151 152 1642 1818 2004 2199 2925 3158 3648 3714 3715 3716 3913 3914 3915
moead,ns178,3,5,4300,86,47362665.499776,1084.266432,0.555556,0.444444,5 6 29 30 61 62 103 104 151 152 1642 1818 2004 2199 2925 3158 3399 3714 3715 3716 3913 3914 3915
moead,ns178,3,6,4300,86,47362665.499776,1084.266432,0.666667,0.333333,5 6 29 30 61 62 103 104 151 152 1642 1818 2004 2199 2925 3158 3399 3714 3715 3716 3913 3914 3915
moead,ns178,3,7,4300,86,47362665.499776,1084.266432,0.777778,0.222222,5 6 29 30 61 62 103 104 151 152 1642 1818 2004 2199 2925 3158 3399 3714 3715 3716 3913 3914 3915
moead,ns178,3,8,4300,86,47362665.499776,1084.266432,0.888889,0.111111,5 6 29 30 61 62 103 104 151 152 1642 1818 2004 2199 2925 3158 3399 3714 3715 3716 3913 3914 3915
moead,ns178,3,9,4300,86,47362665.499776,1084.266432,1.000000,0.000000,5 6 29 30 61 62 103 104 151 152 1642 1818 2004 2199 2925 3158 3399 3714 3715 3716 3913 3914 3915
moead,ns178,3,0,4350,87,57953256.525797,1537.417585,0.000000,1.000000,55 64 133 196 438 596 709 789 983 1054 1074 1160 1308 1625 1700 2034 2952 3321 3606 3762 3795 3889 3908
moead,ns178,3,1,4350,87,47365781.257500,1104.600723,0.111111,0.888889,5 6 29 30 61 62 103 104 151 152 1642 1818 2004 2199 2286 3158 3648 3714 3715 3716 3913 3914 3915
moead,ns178,3,2,4350,87,47363774.909788,1088.568814,0.222222,0.777778,5 6 29 30 61 62 103 104 151 152 1642 1818 2004 2199 2702 3158 3648 3714 3715 3716 3913 3914 3915
moead,ns178,3,3,4350,87,47363207.041386,1085.862657,0.333333,0.666667,5 6 29 30 61 62 103 104 151 152 1642 1818 2004 2199 2925 3158 3648 3714 3715 3716 3913 3914 3915
moead,ns178,3,4,4350,87,47363207.041386,1085.862657,0.444444,0.555556,5 6 29 30 61 62 103 104 151 152 1642 1818 2004 2199 2925 3158 3648 3714 3715 3716 3913 3914 3915
moead,ns178,3,5,4350,87,47362665.499776,1084.266432,0.555556,0.444444,5 6 29 30 61 62 103 104 151 152 1642 1818 2004 2199 2925 3158 3399 3714 3715 3716 3913 3914 3915
moead,ns178,3,6,4350,87,47362665.499776,1084.266432,0.666667,0.333333,5 6 29 30 61 62 103 104 151 152 1642 1818 2004 2199 2925 3158 3399 3714 3715 3716 3913 3914 3915
moead,ns178,3,7,4350,87,47362665.499776,1084.266432,0.777778,0.222222,5 6 29 30 61 62 103 104 151 152 1642 1818 2004 2199 2925 3158 3399 3714 3715 3716 3913 3914 3915
moead,ns178,3,8,4350,87,47362665.499776,1084.266432,0.888889,0.111111,5 6 29 30 61 62 103 104 151 152 1642 1818 2004 2199 2925 3158 3399 3714 3715 3716 3913 3914 3915
moead,ns178,3,9,4350,87,47362665.499776,1084.266432,1.000000,0.000000,5 6 29 30 61 62 103 104 151 152 1642 1818 2004 2199 2925 3158 3399 3714 3715 3716 3913 3914 3915
moead,ns178,3,0,4400,88,57239849.658141,1537.417585,0.000000,1.000000,55 64 133 196 438 596 789 973 983 1054 1074 1160 1308 1625 1700 2034 2952 3321 3606 3795 3889 3902 3908
moead,ns178,3,1,4400,88,47365781.257500,1104.600723,0.111111,0.888889,5 6 29 30 61 62 103 104 151 152 1642 1818 2004 2199 2286 3158 3648 3714 3715 3716 3913 3914 3915
moead,ns178,3,2,4400,88,47363774.909788,1088.568814,0.222222,0.777778,5 6 29 30 61 62 103 104 151 152 1642 1818 2004 2199 2702 3158 3648 3714 3715 3716 3913 3914 3915
moead,ns178,3,3,4400,88,47363207.041386,1085.862657,0.333333,0.666667,5 6 29 30 61 62 103 104 151 152 1642 1818 2004 2199 2925 3158 3648 3714 3715 3716 3913 3914 3915
moead,ns178,3,4,4400,88,47363207.041386,1085.862657,0.444444,0.555556,5 6 29 30 61 62 103 104 151 152 1642 1818 2004 2199 2925 3158 3648 3714 3715 3716 3913 3914 3915
moead,ns178,3,5,4400,88,47362665.499776,1084.266432,0.555556,0.444444,5 6 29 30 61 62 103 104 151 152 1642 1818 2004 2199 2925 3158 3399 3714 3715 3716 3913 3914 3915
moead,ns178,3,6,4400,88,47362665.499776,1084.266432,0.666667,0.333333,5 6 29 30 61 62 103 104 151 152 1642 1818 2004 2199 2925 3158 3399 3714 3715 3716 3913 3914 3915
moead,ns178,3,7,4400,88,47362665.499776,1084.266432,0.777778,0.222222,5 6 29 30 61 62 103 104 151 152 1642 1818 2004 2199 2925 3158 3399 3714 3715 3716 3913 3914 3915
moead,ns178,3,8,4400,88,47362665.499776,1084.266432,0.888889,0.111111,5 6 29 30 61 62 103 104 151 152 1642 1818 2004 2199 2925 3158 3399 3714 3715 3716 3913 3914 3915
moead,ns178,3,9,4400,88,47362665.499776,1084.266432,1.000000,0.000000,5 6 29 30 61 62 103 104 151 152 1642 1818 2004 2199 2925 3158 3399 3714 3715 3716 3913 3914 3915
moead,ns178,3,0,4450,89,58589578.242585,1537.417585,0.000000,1.000000,55 64 133 196 207 232 438 596 789 973 983 1074 1160 1308 1625 1700 2034 2362 2542 3606 3795 3902 3908
moead,ns178,3,1,4450,89,47365781.257500,1104.600723,0.111111,0.888889,5 6 29 30 61 62 103 104 151 152 1642 1818 2004 2199 2286 3158 3648 3714 3715 3716 3913 3914 3915
moead,ns178,3,2,4450,89,47363774.909788,1088.568814,0.222222,0.777778,5 6 29 30 61 62 103 104 151 152 1642 1818 2004 2199 2702 3158 3648 3714 3715 3716 3913 3914 3915
moead,ns178,3,3,4450,89,47363207.041386,1085.862657,0.333333,0.666667,5 6 29 30 61 62 103 104 151 152 1642 1818 2004 2199 2925 3158 3648 3714 3715 3716 3913 3914 3915
moead,ns178,3,4,4450,89,47363207.041386,1085.862657,0.444444,0.555556,5 6 29 30 61 62 103 104 151 152 1642 1818 2004 2199 2925 3158 3648 3714 3715 3716 3913 3914 3915
moead,ns178,3,5,4450,89,47362665.499776,1084.266432,0.555556,0.444444,5 6 29 30 61 62 103 104 151 152 1642 1818 2004 2199 2925 3158 3399 3714 3715 3716 3913 3914 3915
moead,ns178,3,6,4450,89,47362665.499776,1084.266432,0.666667,0.333333,5 6 29 30 61 62 103 104 151 152 1642 1818 2004 2199 2925 3158 3399 3714 3715 3716 3913 3914 3915
moead,ns178,3,7,4450,89,47362665.499776,1084.266432,0.777778,0.222222,5 6 29 30 61 62 103 104 151 152 1642 1818 2004 2199 2925 3158 3399 3714 3715 3716 3913 3914 3915
moead,ns178,3,8,4450,89,47362665.499776,1084.266432,0.888889,0.111111,5 6 29 30 61 62 103 104 151 152 1642 1818 2004 2199 2925 3158 3399 3714 3715 3716 3913 3914 3915
moead,ns178,3,9,4450,89,47362665.499776,1084.266432,1.000000,0.000000,5 6 29 30 61 62 103 104 151 152 1642 1818 2004 2199 2925 3158 3399 3714 3715 3716 3913 3914 3915
moead,ns178,3,0,4500,90,58355446.756426,1537.417585,0.000000,1.000000,55 64 196 207 232 438 596 789 890 973 983 1030 1074 1308 1625 1700 1858 2362 2542 3606 3795 3902 3908
moead,ns178,3,1,4500,90,47365781.257500,1104.600723,0.111111,0.888889,5 6 29 30 61 62 103 104 151 152 1642 1818 2004 2199 2286 3158 3648 3714 3715 3716 3913 3914 3915
moead,ns178,3,2,4500,90,47363774.909788,1088.568814,0.222222,0.777778,5 6 29 30 61 62 103 104 151 152 1642 1818 2004 2199 2702 3158 3648 3714 3715 3716 3913 3914 3915
moead,ns178,3,3,4500,90,47363207.041386,1085.862657,0.333333,0.666667,5 6 29 30 61 62 103 104 151 152 1642 1818 2004 2199 2925 3158 3648 3714 3715 3716 3913 3914 3915
moead,ns178,3,4,4500,90,47363207.041386,1085.862657,0.444444,0.555556,5 6 29 30 61 62 103 104 151 152 1642 1818 2004 2199 2925 3158 3648 3714 3715 3716 3913 3914 3915
moead,ns178,3,5,4500,90,47362665.499776,1084.266432,0.555556,0.444444,5 6 29 30 61 62 103 104 151 152 1642 1818 2004 2199 2925 3158 3399 3714 3715 3716 3913 3914 3915
moead,ns178,3,6,4500,90,47362665.499776,1084.266432,0.666667,0.333333,5 6 29 30 61 62 103 104 151 152 1642 1818 2004 2199 2925 3158 3399 3714 3715 3716 3913 3914 3915
moead,ns178,3,7,4500,90,47362665.499776,1084.266432,0.777778,0.222222,5 6 29 30 61 62 103 104 151 152 1642 1818 2004 2199 2925 3158 3399 3714 3715 3716 3913 3914 3915
moead,ns178,3,8,4500,90,47362665.499776,1084.266432,0.888889,0.111111,5 6 29 30 61 62 103 104 151 152 1642 1818 2004 2199 2925 3158 3399 3714 3715 3716 3913 3914 3915
moead,ns178,3,9,4500,90,47362665.499776,1084.266432,1.000000,0.000000,5 6 29 30 61 62 103 104 151 152 1642 1818 2004 2199 2925 3158 3399 3714 3715 3716 3913 3914 3915
moead,ns178,3,0,4550,91,57701358.022799,1537.417585,0.000000,1.000000,55 64 129 196 207 232 438 789 890 1030 1074 1308 1625 1700 1858 2177 2362 2406 2550 3606 3795 3902 3908
moead,ns178,3,1,4550,91,47365781.257500,1104.600723,0.111111,0.888889,5 6 29 30 61 62 103 104 151 152 1642 1818 2004 2199 2286 3158 3648 3714 3715 3716 3913 3914 3915
moead,ns178,3,2,4550,91,47363774.909788,1088.568814,0.222222,0.777778,5 6 29 30 61 62 103 104 151 152 1642 1818 2004 2199 2702 3158 3648 3714 3715 3716 3913 3914 3915
moead,ns178,3,3,4550,91,47363207.041386,1085.862657,0.333333,0.666667,5 6 29 30 61 62 103 104 151 152 1642 1818 2004 2199 2925 3158 3648 3714 3715 3716 3913 3914 3915
moead,ns178,3,4,4550,91,47363207.041386,1085.862657,0.444444,0.555556,5 6 29 30 61 62 103 104 151 152 1642 1818 2004 2199 2925 3158 3648 3714 3715 3716 3913 3914 3915
moead,ns178,3,5,4550,91,47362665.499776,1084.266432,0.555556,0.444444,5 6 29 30 61 62 103 104 151 152 1642 1818 2004 2199 2925 3158 3399 3714 3715 3716 3913 3914 3915
moead,ns178,3,6,4550,91,47362665.499776,1084.266432,0.666667,0.333333,5 6 29 30 61 62 103 104 151 152 1642 1818 2004 2199 2925 3158 3399 3714 3715 3716 3913 3914 3915
moead,ns178,3,7,4550,91,47362665.499776,1084.266432,0.777778,0.222222,5 6 29 30 61 62 103 104 151 152 1642 1818 2004 2199 2925 3158 3399 3714 3715 3716 3913 3914 3915
moead,ns178,3,8,4550,91,47362665.499776,1084.266432,0.888889,0.111111,5 6 29 30 61 62 103 104 151 152 1642 1818 2004 2199 2925 3158 3399 3714 3715 3716 3913 3914 3915
moead,ns178,3,9,4550,91,47362665.499776,1084.266432,1.000000,0.000000,5 6 29 30 61 62 103 104 151 152 1642 1818 2004 2199 2925 3158 3399 3714 3715 3716 3913 3914 3915
moead,ns178,3,0,4600,92,57701358.022799,1537.417585,0.000000,1.000000,55 64 129 196 207 232 438 789 890 1030 1074 1308 1625 1700 1858 2177 2362 2406 2550 3606 3795 3902 3908
moead,ns178,3,1,4600,92,47365781.257500,1104.600723,0.111111,0.888889,5 6 29 30 61 62 103 104 151 152 1642 1818 2004 2199 2286 3158 3648 3714 3715 3716 3913 3914 3915
moead,ns178,3,2,4600,92,47363774.909788,1088.568814,0.222222,0.777778,5 6 29 30 61 62 103 104 151 152 1642 1818 2004 2199 2702 3158 3648 3714 3715 3716 3913 3914 3915
moead,ns178,3,3,4600,92,47363207.041386,1085.862657,0.333333,0.666667,5 6 29 30 61 62 103 104 151 152 1642 1818 2004 2199 2925 3158 3648 3714 3715 3716 3913 3914 3915
moead,ns178,3,4,4600,92,47363207.041386,1085.862657,0.444444,0.555556,5 6 29 30 61 62 103 104 151 152 1642 1818 2004 2199 2925 3158 3648 3714 3715 3716 3913 3914 3915
moead,ns178,3,5,4600,92,47362665.499776,1084.266432,0.555556,0.444444,5 6 29 30 61 62 103 104 151 152 1642 1818 2004 2199 2925 3158 3399 3714 3715 3716 3913 3914 3915
moead,ns178,3,6,4600,92,47362665.499776,1084.266432,0.666667,0.333333,5 6 29 30 61 62 103 104 151 152 1642 1818 2004 2199 2925 3158 3399 3714 3715 3716 3913 3914 3915
moead,ns178,3,7,4600,92,47362665.499776,1084.266432,0.777778,0.222222,5 6 29 30 61 62 103 104 151 152 1642 1818 2004 2199 2925 3158 3399 3714 3715 3716 3913 3914 3915
moead,ns178,3,8,4600,92,47362665.499776,1084.266432,0.888889,0.111111,5 6 29 30 61 62 103 104 151 152 1642 1818 2004 2199 2925 3158 3399 3714 3715 3716 3913 3914 3915
moead,ns178,3,9,4600,92,47362665.499776,1084.266432,1.000000,0.000000,5 6 29 30 61 62 103 104 151 152 1642 1818 2004 2199 2925 3158 3399 3714 3715 3716 3913 3914 3915
moead,ns178,3,0,4650,93,57963363.243956,1537.417585,0.000000,1.000000,55 64 129 196 207 232 438 473 789 890 1030 1074 1308 1625 1700 1858 2114 2362 2550 3606 3795 3902 3908
moead,ns178,3,1,4650,93,47365781.257500,1104.600723,0.111111,0.888889,5 6 29 30 61 62 103 104 151 152 1642 1818 2004 2199 2286 3158 3648 3714 3715 3716 3913 3914 3915
moead,ns178,3,2,4650,93,47363774.909788,1088.568814,0.222222,0.777778,5 6 29 30 61 62 103 104 151 152 1642 1818 2004 2199 2702 3158 3648 3714 3715 3716 3913 3914 3915
moead,ns178,3,3,4650,93,47363207.041386,1085.862657,0.333333,0.666667,5 6 29 30 61 62 103 104 151 152 1642 1818 2004 2199 2925 3158 3648 3714 3715 3716 3913 3914 3915
moead,ns178,3,4,4650,93,47363207.041386,1085.862657,0.444444,0.555556,5 6 29 30 61 62 103 104 151 152 1642 1818 2004 2199 2925 3158 3648 3714 3715 3716 3913 3914 3915
moead,ns178,3,5,4650,93,47362665.499776,1084.266432,0.555556,0.444444,5 6 29 30 61 62 103 104 151 152 1642 1818 2004 2199 2925 3158 3399 3714 3715 3716 3913 3914 3915
moead,ns178,3,6,4650,93,47362665.499776,1084.266432,0.666667,0.333333,5 6 29 30 61 62 103 104 151 152 1642 1818 2004 2199 2925 3158 3399 3714 3715 3716 3913 3914 3915
moead,ns178,3,7,4650,93,47362665.499776,1084.266432,0.777778,0.222222,5 6 29 30 61 62 103 104 151 152 1642 1818 2004 2199 2925 3158 3399 3714 3715 3716 3913 3914 3915
moead,ns178,3,8,4650,93,47362665.499776,1084.266432,0.888889,0.111111,5 6 29 30 61 62 103 104 151 152 1642 1818 2004 2199 2925 3158 3399 3714 3715 3716 3913 3914 3915
moead,ns178,3,9,4650,93,47362665.499776,1084.266432,1.000000,0.000000,5 6 29 30 61 62 103 104 151 152 1642 1818 2004 2199 2925 3158 3399 3714 3715 3716 3913 3914 3915
moead,ns178,3,0,4700,94,58029815.959999,1537.417585,0.000000,1.000000,55 64 129 196 207 232 438 473 789 890 895 1074 1308 1625 1700 2114 2362 2550 3606 3795 3897 3902 3908
moead,ns178,3,1,4700,94,47365781.257500,1104.600723,0.111111,0.888889,5 6 29 30 61 62 103 104 151 152 1642 1818 2004 2199 2286 3158 3648 3714 3715 3716 3913 3914 3915
moead,ns178,3,2,4700,94,47363774.909788,1088.568814,0.222222,0.777778,5 6 29 30 61 62 103 104 151 152 1642 1818 2004 2199 2702 3158 3648 3714 3715 3716 3913 3914 3915
moead,ns178,3,3,4700,94,47363207.041386,1085.862657,0.333333,0.666667,5 6 29 30 61 62 103 104 151 152 1642 1818 2004 2199 2925 3158 3648 3714 3715 3716 3913 3914 3915
moead,ns178,3,4,4700,94,47363207.041386,1085.862657,0.444444,0.555556,5 6 29 30 61 62 103 104 151 152 1642 1818 2004 2199 2925 3158 3648 3714 3715 3716 3913 3914 3915
moead,ns178,3,5,4700,94,47362665.499776,1084.266432,0.555556,0.444444,5 6 29 30 61 62 103 104 151 152 1642 1818 2004 2199 2925 3158 3399 3714 3715 3716 3913 3914 3915
moead,ns178,3,6,4700,94,47362665.499776,1084.266432,0.666667,0.333333,5 6 29 30 61 62 103 104 151 152 1642 1818 2004 2199 2925 3158 3399 3714 3715 3716 3913 3914 3915
moead,ns178,3,7,4700,94,47362665.499776,1084.266432,0.777778,0.222222,5 6 29 30 61 62 103 104 151 152 1642 1818 2004 2199 2925 3158 3399 3714 3715 3716 3913 3914 3915
moead,ns178,3,8,4700,94,47362665.499776,1084.266432,0.888889,0.111111,5 6 29 30 61 62 103 104 151 152 1642 1818 2004 2199 2925 3158 3399 3714 3715 3716 3913 3914 3915
moead,ns178,3,9,4700,94,47362665.499776,1084.266432,1.000000,0.000000,5 6 29 30 61 62 103 104 151 152 1642 1818 2004 2199 2925 3158 3399 3714 3715 3716 3913 3914 3915
moead,ns178,3,0,4750,95,58724008.612812,1537.417585,0.000000,1.000000,55 129 196 207 232 241 438 473 789 890 895 1308 1625 1700 2114 2362 2550 3454 3606 3795 3897 3902 3908
moead,ns178,3,1,4750,95,47365781.257500,1104.600723,0.111111,0.888889,5 6 29 30 61 62 103 104 151 152 1642 1818 2004 2199 2286 3158 3648 3714 3715 3716 3913 3914 3915
moead,ns178,3,2,4750,95,47363774.909788,1088.568814,0.222222,0.777778,5 6 29 30 61 62 103 104 151 152 1642 1818 2004 2199 2702 3158 3648 3714 3715 3716 3913 3914 3915
moead,ns178,3,3,4750,95,47363207.041386,1085.862657,0.333333,0.666667,5 6 29 30 61 62 103 104 151 152 1642 1818 2004 2199 2925 3158 3648 3714 3715 3716 3913 3914 3915
moead,ns178,3,4,4750,95,47363207.041386,1085.862657,0.444444,0.555556,5 6 29 30 61 62 103 104 151 152 1642 1818 2004 2199 2925 3158 3648 3714 3715 3716 3913 3914 3915
moead,ns178,3,5,4750,95,47362665.499776,1084.266432,0.555556,0.444444,5 6 29 30 61 62 103 104 151 152 1642 1818 2004 2199 2925 3158 3399 3714 3715 3716 3913 3914 3915
moead,ns178,3,6,4750,95,47362665.499776,1084.266432,0.666667,0.333333,5 6 29 30 61 62 103 104 151 152 1642 1818 2004 2199 2925 3158 3399 3714 3715 3716 3913 3914 3915
moead,ns178,3,7,4750,95,47362665.499776,1084.266432,0.777778,0.222222,5 6 29 30 61 62 103 104 151 152 1642 1818 2004 2199 2925 3158 3399 3714 3715 3716 3913 3914 3915
moead,ns178,3,8,4750,95,47362665.499776,1084.266432,0.888889,0.111111,5 6 29 30 61 62 103 104 151 152 1642 1818 2004 2199 2925 3158 3399 3714 3715 3716 3913 3914 3915
moead,ns178,3,9,4750,95,47362665.499776,1084.266432,1.000000,0.000000,5 6 29 30 61 62 103 104 151 152 1642 1818 2004 2199 2925 3158 3399 3714 3715 3716 3913 3914 3915
moead,ns178,3,0,4800,96,59062604.561284,1537.417585,0.000000,1.000000,129 196 207 232 241 438 473 789 890 895 1073 1308 1625 1700 2114 2362 2550 3443 3454 3795 3897 3902 3908
moead,ns178,3,1,4800,96,47365781.257500,1104.600723,0.111111,0.888889,5 6 29 30 61 62 103 104 151 152 1642 1818 2004 2199 2286 3158 3648 3714 3715 3716 3913 3914 3915
moead,ns178,3,2,4800,96,47363774.909788,1088.568814,0.222222,0.777778,5 6 29 30 61 62 103 104 151 152 1642 1818 2004 2199 2702 3158 3648 3714 3715 3716 3913 3914 3915
moead,ns178,3,3,4800,96,47363207.041386,1085.862657,0.333333,0.666667,5 6 29 30 61 62 103 104 151 152 1642 1818 2004 2199 2925 3158 3648 3714 3715 3716 3913 3914 3915
moead,ns178,3,4,4800,96,47363207.041386,1085.862657,0.444444,0.555556,5 6 29 30 61 62 103 104 151 152 1642 1818 2004 2199 2925 3158 3648 3714 3715 3716 3913 3914 3915
moead,ns178,3,5,4800,96,47362665.499776,1084.266432,0.555556,0.444444,5 6 29 30 61 62 103 104 151 152 1642 1818 2004 2199 2925 3158 3399 3714 3715 3716 3913 3914 3915
moead,ns178,3,6,4800,96,47362665.499776,1084.266432,0.666667,0.333333,5 6 29 30 61 62 103 104 151 152 1642 1818 2004 2199 2925 3158 3399 3714 3715 3716 3913 3914 3915
moead,ns178,3,7,4800,96,47362665.499776,1084.266432,0.777778,0.222222,5 6 29 30 61 62 103 104 151 152 1642 1818 2004 2199 2925 3158 3399 3714 3715 3716 3913 3914 3915
moead,ns178,3,8,4800,96,47362665.499776,1084.266432,0.888889,0.111111,5 6 29 30 61 62 103 104 151 152 1642 1818 2004 2199 2925 3158 3399 3714 3715 3716 3913 3914 3915
moead,ns178,3,9,4800,96,47362665.499776,1084.266432,1.000000,0.000000,5 6 29 30 61 62 103 104 151 152 1642 1818 2004 2199 2925 3158 3399 3714 3715 3716 3913 3914 3915
moead,ns178,3,0,4850,97,59062604.561284,1537.417585,0.000000,1.000000,129 196 207 232 241 438 473 789 890 895 1073 1308 1625 1700 2114 2362 2550 3443 3454 3795 3897 3902 3908
moead,ns178,3,1,4850,97,47365781.257500,1104.600723,0.111111,0.888889,5 6 29 30 61 62 103 104 151 152 1642 1818 2004 2199 2286 3158 3648 3714 3715 3716 3913 3914 3915
moead,ns178,3,2,4850,97,47363774.909788,1088.568814,0.222222,0.777778,5 6 29 30 61 62 103 104 151 152 1642 1818 2004 2199 2702 3158 3648 3714 3715 3716 3913 3914 3915
moead,ns178,3,3,4850,97,47363207.041386,1085.862657,0.333333,0.666667,5 6 29 30 61 62 103 104 151 152 1642 1818 2004 2199 2925 3158 3648 3714 3715 3716 3913 3914 3915
moead,ns178,3,4,4850,97,47363207.041386,1085.862657,0.444444,0.555556,5 6 29 30 61 62 103 104 151 152 1642 1818 2004 2199 2925 3158 3648 3714 3715 3716 3913 3914 3915
moead,ns178,3,5,4850,97,47362665.499776,1084.266432,0.555556,0.444444,5 6 29 30 61 62 103 104 151 152 1642 1818 2004 2199 2925 3158 3399 3714 3715 3716 3913 3914 3915
moead,ns178,3,6,4850,97,47362665.499776,1084.266432,0.666667,0.333333,5 6 29 30 61 62 103 104 151 152 1642 1818 2004 2199 2925 3158 3399 3714 3715 3716 3913 3914 3915
moead,ns178,3,7,4850,97,47362665.499776,1084.266432,0.777778,0.222222,5 6 29 30 61 62 103 104 151 152 1642 1818 2004 2199 2925 3158 3399 3714 3715 3716 3913 3914 3915
moead,ns178,3,8,4850,97,47362665.499776,1084.266432,0.888889,0.111111,5 6 29 30 61 62 103 104 151 152 1642 1818 2004 2199 2925 3158 3399 3714 3715 3716 3913 3914 3915
moead,ns178,3,9,4850,97,47362665.499776,1084.266432,1.000000,0.000000,5 6 29 30 61 62 103 104 151 152 1642 1818 2004 2199 2925 3158 3399 3714 3715 3716 3913 3914 3915
moead,ns178,3,0,4900,98,59023610.833678,1537.417585,0.000000,1.000000,196 207 232 241 438 533 789 825 890 895 982 1073 1308 1625 2114 2362 2526 2919 3454 3795 3897 3902 3908
moead,ns178,3,1,4900,98,47365781.257500,1104.600723,0.111111,0.888889,5 6 29 30 61 62 103 104 151 152 1642 1818 2004 2199 2286 3158 3648 3714 3715 3716 3913 3914 3915
moead,ns178,3,2,4900,98,47363774.909788,1088.568814,0.222222,0.777778,5 6 29 30 61 62 103 104 151 152 1642 1818 2004 2199 2702 3158 3648 3714 3715 3716 3913 3914 3915
moead,ns178,3,3,4900,98,47363207.041386,1085.862657,0.333333,0.666667,5 6 29 30 61 62 103 104 151 152 1642 1818 2004 2199 2925 3158 3648 3714 3715 3716 3913 3914 3915
moead,ns178,3,4,4900,98,47363207.041386,1085.862657,0.444444,0.555556,5 6 29 30 61 62 103 104 151 152 1642 1818 2004 2199 2925 3158 3648 3714 3715 3716 3913 3914 3915
moead,ns178,3,5,4900,98,47362665.499776,1084.266432,0.555556,0.444444,5 6 29 30 61 62 103 104 151 152 1642 1818 2004 2199 2925 3158 3399 3714 3715 3716 3913 3914 3915
moead,ns178,3,6,4900,98,47362665.499776,1084.266432,0.666667,0.333333,5 6 29 30 61 62 103 104 151 152 1642 1818 2004 2199 2925 3158 3399 3714 3715 3716 3913 3914 3915
moead,ns178,3,7,4900,98,47362665.499776,1084.266432,0.777778,0.222222,5 6 29 30 61 62 103 104 151 152 1642 1818 2004 2199 2925 3158 3399 3714 3715 3716 3913 3914 3915
moead,ns178,3,8,4900,98,47362665.499776,1084.266432,0.888889,0.111111,5 6 29 30 61 62 103 104 151 152 1642 1818 2004 2199 2925 3158 3399 3714 3715 3716 3913 3914 3915
moead,ns178,3,9,4900,98,47362665.499776,1084.266432,1.000000,0.000000,5 6 29 30 61 62 103 104 151 152 1642 1818 2004 2199 2925 3158 3399 3714 3715 3716 3913 3914 3915
moead,ns178,3,0,4950,99,59228901.655761,1537.417585,0.000000,1.000000,196 207 232 241 438 446 533 789 825 890 895 982 1073 1308 1625 2114 2362 2526 3454 3795 3897 3902 3908
moead,ns178,3,1,4950,99,47365781.257500,1104.600723,0.111111,0.888889,5 6 29 30 61 62 103 104 151 152 1642 1818 2004 2199 2286 3158 3648 3714 3715 3716 3913 3914 3915
moead,ns178,3,2,4950,99,47363774.909788,1088.568814,0.222222,0.777778,5 6 29 30 61 62 103 104 151 152 1642 1818 2004 2199 2702 3158 3648 3714 3715 3716 3913 3914 3915
moead,ns178,3,3,4950,99,47363207.041386,1085.862657,0.333333,0.666667,5 6 29 30 61 62 103 104 151 152 1642 1818 2004 2199 2925 3158 3648 3714 3715 3716 3913 3914 3915
moead,ns178,3,4,4950,99,47363207.041386,1085.862657,0.444444,0.555556,5 6 29 30 61 62 103 104 151 152 1642 1818 2004 2199 2925 3158 3648 3714 3715 3716 3913 3914 3915
moead,ns178,3,5,4950,99,47362665.499776,1084.266432,0.555556,0.444444,5 6 29 30 61 62 103 104 151 152 1642 1818 2004 2199 2925 3158 3399 3714 3715 3716 3913 3914 3915
moead,ns178,3,6,4950,99,47362665.499776,1084.266432,0.666667,0.333333,5 6 29 30 61 62 103 104 151 152 1642 1818 2004 2199 2925 3158 3399 3714 3715 3716 3913 3914 3915
moead,ns178,3,7,4950,99,47362665.499776,1084.266432,0.777778,0.222222,5 6 29 30 61 62 103 104 151 152 1642 1818 2004 2199 2925 3158 3399 3714 3715 3716 3913 3914 3915
moead,ns178,3,8,4950,99,47362665.499776,1084.266432,0.888889,0.111111,5 6 29 30 61 62 103 104 151 152 1642 1818 2004 2199 2925 3158 3399 3714 3715 3716 3913 3914 3915
moead,ns178,3,9,4950,99,47362665.499776,1084.266432,1.000000,0.000000,5 6 29 30 61 62 103 104 151 152 1642 1818 2004 2199 2925 3158 3399 3714 3715 3716 3913 3914 3915
