algorithm,instance,run_id,vector_id,generation,iteration,f_cost,f_power,weight1,weight2,occupied
nsga2,ns192,4,0,0,0,75498629.169529,1654.044013,0.000000,1.000000,135 192 329 469 610 719 1368 1375 1594 1619 1635 1758 2221 2398 2510 2579 2752 2896 3098 3270 3378 3427 3522 3528 3560 3575 3607 3633 3866 3950 4075
nsga2,ns192,4,1,0,0,74582088.893265,1594.081342,0.111111,0.888889,68 193 220 256 339 580 650 989 990 1092 1265 1468 1478 1537 1543 1822 1839 1885 1889 1912 2027 2074 2332 2638 2778 3248 3352 3377 3488 3564 4101
nsga2,ns192,4,2,0,0,74582088.893265,1594.081342,0.222222,0.777778,68 193 220 256 339 580 650 989 990 1092 1265 1468 1478 1537 1543 1822 1839 1885 1889 1912 2027 2074 2332 2638 2778 3248 3352 3377 3488 3564 4101
nsga2,ns192,4,3,0,0,74582088.893265,1594.081342,0.333333,0.666667,68 193 220 256 339 580 650 989 990 1092 1265 1468 1478 1537 1543 1822 1839 1885 1889 1912 2027 2074 2332 2638 2778 3248 3352 3377 3488 3564 4101
nsga2,ns192,4,4,0,0,74582088.893265,1594.081342,0.444444,0.555556,68 193 220 256 339 580 650 989 990 1092 1265 1468 1478 1537 1543 1822 1839 1885 1889 1912 2027 2074 2332 2638 2778 3248 3352 3377 3488 3564 4101
nsga2,ns192,4,5,0,0,74582088.893265,1594.081342,0.555556,0.444444,68 193 220 256 339 580 650 989 990 1092 1265 1468 1478 1537 1543 1822 1839 1885 1889 1912 2027 2074 2332 2638 2778 3248 3352 3377 3488 3564 4101
nsga2,ns192,4,6,0,0,74582088.893265,1594.081342,0.666667,0.333333,68 193 220 256 339 580 650 989 990 1092 1265 1468 1478 1537 1543 1822 1839 1885 1889 1912 2027 2074 2332 2638 2778 3248 3352 3377 3488 3564 4101
nsga2,ns192,4,7,0,0,74582088.893265,1594.081342,0.777778,0.222222,68 193 220 256 339 580 650 989 990 1092 1265 1468 1478 1537 1543 1822 1839 1885 1889 1912 2027 2074 2332 2638 2778 3248 3352 3377 3488 3564 4101
nsga2,ns192,4,8,0,0,74582088.893265,1594.081342,0.888889,0.111111,68 193 220 256 339 580 650 989 990 1092 1265 1468 1478 1537 1543 1822 1839 1885 1889 1912 2027 2074 2332 2638 2778 3248 3352 3377 3488 3564 4101
nsga2,ns192,4,9,0,0,74582088.893265,1594.081342,1.000000,0.000000,68 193 220 256 339 580 650 989 990 1092 1265 1468 1478 1537 1543 1822 1839 1885 1889 1912 2027 2074 2332 2638 2778 3248 3352 3377 3488 3564 4101
nsga2,ns192,4,0,50,1,70776391.085868,1706.844633,0.000000,1.000000,40 123 179 254 441 472 571 711 919 1013 1272 1286 1461 1504 1743 2118 2134 2351 2410 2538 2627 2728 3119 3181 3222 3335 3340 3726 3796 3824 3906
nsga2,ns192,4,1,50,1,69194068.075918,1544.377075,0.111111,0.888889,40 418 441 571 711 919 1129 1272 1289 1412 1461 1743 1748 1806 2116 2118 2134 2180 2351 2410 2538 2627 2728 2828 3015 3222 3340 3478 3796 3824 3906
nsga2,ns192,4,2,50,1,69194068.075918,1544.377075,0.222222,0.777778,40 418 441 571 711 919 1129 1272 1289 1412 1461 1743 1748 1806 2116 2118 2134 2180 2351 2410 2538 2627 2728 2828 3015 3222 3340 3478 3796 3824 3906
nsga2,ns192,4,3,50,1,69194068.075918,1544.377075,0.333333,0.666667,40 418 441 571 711 919 1129 1272 1289 1412 1461 1743 1748 1806 2116 2118 2134 2180 2351 2410 2538 2627 2728 2828 3015 3222 3340 3478 3796 3824 3906
nsga2,ns192,4,4,50,1,69194068.075918,1544.377075,0.444444,0.555556,40 418 441 571 711 919 1129 1272 1289 1412 1461 1743 1748 1806 2116 2118 2134 2180 2351 2410 2538 2627 2728 2828 3015 3222 3340 3478 3796 3824 3906
nsga2,ns192,4,5,50,1,69194068.075918,1544.377075,0.555556,0.444444,40 418 441 571 711 919 1129 1272 1289 1412 1461 1743 1748 1806 2116 2118 2134 2180 2351 2410 2538 2627 2728 2828 3015 3222 3340 3478 3796 3824 3906
nsga2,ns192,4,6,50,1,69194068.075918,1544.377075,0.666667,0.333333,40 418 441 571 711 919 1129 1272 1289 1412 1461 1743 1748 1806 2116 2118 2134 2180 2351 2410 2538 2627 2728 2828 3015 3222 3340 3478 3796 3824 3906
nsga2,ns192,4,7,50,1,69194068.075918,1544.377075,0.777778,0.222222,40 418 441 571 711 919 1129 1272 1289 1412 1461 1743 1748 1806 2116 2118 2134 2180 2351 2410 2538 2627 2728 2828 3015 3222 3340 3478 3796 3824 3906
nsga2,ns192,4,8,50,1,69194068.075918,1544.377075,0.888889,0.111111,40 418 441 571 711 919 1129 1272 1289 1412 1461 1743 1748 1806 2116 2118 2134 2180 2351 2410 2538 2627 2728 2828 3015 3222 3340 3478 3796 3824 3906
nsga2,ns192,4,9,50,1,69194068.075918,1544.377075,1.000000,0.000000,40 418 441 571 711 919 1129 1272 1289 1412 1461 1743 1748 1806 2116 2118 2134 2180 2351 2410 2538 2627 2728 2828 3015 3222 3340 3478 3796 3824 3906
nsga2,ns192,4,0,100,2,70300874.498547,1706.844633,0.000000,1.000000,40 254 441 571 711 713 730 1013 1286 1373 1461 1464 1630 1802 2116 2118 2351 2358 2410 2538 3015 3119 3222 3261 3340 3483 3611 3726 3796 3824 3906
nsga2,ns192,4,1,100,2,68424747.987512,1542.093768,0.111111,0.888889,40 254 420 441 567 571 711 713 730 993 1013 1272 1286 1541 1743 2116 2118 2410 2627 2728 2749 2830 3015 3119 3181 3261 3340 3427 3480 3796 3824
nsga2,ns192,4,2,100,2,68424747.987512,1542.093768,0.222222,0.777778,40 254 420 441 567 571 711 713 730 993 1013 1272 1286 1541 1743 2116 2118 2410 2627 2728 2749 2830 3015 3119 3181 3261 3340 3427 3480 3796 3824
nsga2,ns192,4,3,100,2,68424747.987512,1542.093768,0.333333,0.666667,40 254 420 441 567 571 711 713 730 993 1013 1272 1286 1541 1743 2116 2118 2410 2627 2728 2749 2830 3015 3119 3181 3261 3340 3427 3480 3796 3824
nsga2,ns192,4,4,100,2,68424747.987512,1542.093768,0.444444,0.555556,40 254 420 441 567 571 711 713 730 993 1013 1272 1286 1541 1743 2116 2118 2410 2627 2728 2749 2830 3015 3119 3181 3261 3340 3427 3480 3796 3824
nsga2,ns192,4,5,100,2,68424747.987512,1542.093768,0.555556,0.444444,40 254 420 441 567 571 711 713 730 993 1013 1272 1286 1541 1743 2116 2118 2410 2627 2728 2749 2830 3015 3119 3181 3261 3340 3427 3480 3796 3824
nsga2,ns192,4,6,100,2,68424747.987512,1542.093768,0.666667,0.333333,40 254 420 441 567 571 711 713 730 993 1013 1272 1286 1541 1743 2116 2118 2410 2627 2728 2749 2830 3015 3119 3181 3261 3340 3427 3480 3796 3824
nsga2,ns192,4,7,100,2,68424747.987512,1542.093768,0.777778,0.222222,40 254 420 441 567 571 711 713 730 993 1013 1272 1286 1541 1743 2116 2118 2410 2627 2728 2749 2830 3015 3119 3181 3261 3340 3427 3480 3796 3824
nsga2,ns192,4,8,100,2,68424747.987512,1542.093768,0.888889,0.111111,40 254 420 441 567 571 711 713 730 993 1013 1272 1286 1541 1743 2116 2118 2410 2627 2728 2749 2830 3015 3119 3181 3261 3340 3427 3480 3796 3824
nsga2,ns192,4,9,100,2,68424747.987512,1542.093768,1.000000,0.000000,40 254 420 441 567 571 711 713 730 993 1013 1272 1286 1541 1743 2116 2118 2410 2627 2728 2749 2830 3015 3119 3181 3261 3340 3427 3480 3796 3824
nsga2,ns192,4,0,150,3,70003912.792679,1706.844633,0.000000,1.000000,40 254 387 441 571 711 713 730 1013 1193 1286 1541 1743 1887 2116 2118 2351 2358 2424 2538 2627 3015 3119 3222 3261 3340 3611 3726 3796 3824 3906
nsga2,ns192,4,1,150,3,67804094.464758,1492.629920,0.111111,0.888889,254 420 441 568 571 711 713 730 992 1013 1272 1286 1409 1541 1802 1933 2116 2118 2351 2410 2538 2627 2728 3015 3017 3119 3261 3263 3340 3427 3480
nsga2,ns192,4,2,150,3,67804094.464758,1492.629920,0.222222,0.777778,254 420 441 568 571 711 713 730 992 1013 1272 1286 1409 1541 1802 1933 2116 2118 2351 2410 2538 2627 2728 3015 3017 3119 3261 3263 3340 3427 3480
nsga2,ns192,4,3,150,3,67804094.464758,1492.629920,0.333333,0.666667,254 420 441 568 571 711 713 730 992 1013 1272 1286 1409 1541 1802 1933 2116 2118 2351 2410 2538 2627 2728 3015 3017 3119 3261 3263 3340 3427 3480
nsga2,ns192,4,4,150,3,67804094.464758,1492.629920,0.444444,0.555556,254 420 441 568 571 711 713 730 992 1013 1272 1286 1409 1541 1802 1933 2116 2118 2351 2410 2538 2627 2728 3015 3017 3119 3261 3263 3340 3427 3480
nsga2,ns192,4,5,150,3,67804094.464758,1492.629920,0.555556,0.444444,254 420 441 568 571 711 713 730 992 1013 1272 1286 1409 1541 1802 1933 2116 2118 2351 2410 2538 2627 2728 3015 3017 3119 3261 3263 3340 3427 3480
nsga2,ns192,4,6,150,3,67804094.464758,1492.629920,0.666667,0.333333,254 420 441 568 571 711 713 730 992 1013 1272 1286 1409 1541 1802 1933 2116 2118 2351 2410 2538 2627 2728 3015 3017 3119 3261 3263 3340 3427 3480
nsga2,ns192,4,7,150,3,67804094.464758,1492.629920,0.777778,0.222222,254 420 441 568 571 711 713 730 992 1013 1272 1286 1409 1541 1802 1933 2116 2118 2351 2410 2538 2627 2728 3015 3017 3119 3261 3263 3340 3427 3480
nsga2,ns192,4,8,150,3,67804094.464758,1492.629920,0.888889,0.111111,254 420 441 568 571 711 713 730 992 1013 1272 1286 1409 1541 1802 1933 2116 2118 2351 2410 2538 2627 2728 3015 3017 3119 3261 3263 3340 3427 3480
nsga2,ns192,4,9,150,3,67804094.464758,1492.629920,1.000000,0.000000,254 420 441 568 571 711 713 730 992 1013 1272 1286 1409 1541 1802 1933 2116 2118 2351 2410 2538 2627 2728 3015 3017 3119 3261 3263 3340 3427 3480
nsga2,ns192,4,0,200,4,69912230.421103,1706.844633,0.000000,1.000000,40 254 373 441 571 711 713 730 1013 1286 1541 1743 1887 1989 2116 2118 2351 2358 2424 2538 2627 3015 3119 3184 3259 3261 3334 3480 3779 3796 3824
nsga2,ns192,4,1,200,4,67307460.360764,1420.591730,0.111111,0.888889,420 441 568 571 711 713 730 852 992 1013 1132 1541 1802 1931 1933 2116 2118 2177 2410 2538 2627 2728 3015 3017 3119 3184 3261 3263 3340 3427 3480
nsga2,ns192,4,2,200,4,67307460.360764,1420.591730,0.222222,0.777778,420 441 568 571 711 713 730 852 992 1013 1132 1541 1802 1931 1933 2116 2118 2177 2410 2538 2627 2728 3015 3017 3119 3184 3261 3263 3340 3427 3480
nsga2,ns192,4,3,200,4,67307460.360764,1420.591730,0.333333,0.666667,420 441 568 571 711 713 730 852 992 1013 1132 1541 1802 1931 1933 2116 2118 2177 2410 2538 2627 2728 3015 3017 3119 3184 3261 3263 3340 3427 3480
nsga2,ns192,4,4,200,4,67307460.360764,1420.591730,0.444444,0.555556,420 441 568 571 711 713 730 852 992 1013 1132 1541 1802 1931 1933 2116 2118 2177 2410 2538 2627 2728 3015 3017 3119 3184 3261 3263 3340 3427 3480
nsga2,ns192,4,5,200,4,67307460.360764,1420.591730,0.555556,0.444444,420 441 568 571 711 713 730 852 992 1013 1132 1541 1802 1931 1933 2116 2118 2177 2410 2538 2627 2728 3015 3017 3119 3184 3261 3263 3340 3427 3480
nsga2,ns192,4,6,200,4,67307460.360764,1420.591730,0.666667,0.333333,420 441 568 571 711 713 730 852 992 1013 1132 1541 1802 1931 1933 2116 2118 2177 2410 2538 2627 2728 3015 3017 3119 3184 3261 3263 3340 3427 3480
nsga2,ns192,4,7,200,4,67307460.360764,1420.591730,0.777778,0.222222,420 441 568 571 711 713 730 852 992 1013 1132 1541 1802 1931 1933 2116 2118 2177 2410 2538 2627 2728 3015 3017 3119 3184 3261 3263 3340 3427 3480
nsga2,ns192,4,8,200,4,67307460.360764,1420.591730,0.888889,0.111111,420 441 568 571 711 713 730 852 992 1013 1132 1541 1802 1931 1933 2116 2118 2177 2410 2538 2627 2728 3015 3017 3119 3184 3261 3263 3340 3427 3480
nsga2,ns192,4,9,200,4,67307460.360764,1420.591730,1.000000,0.000000,420 441 568 571 711 713 730 852 992 1013 1132 1541 1802 1931 1933 2116 2118 2177 2410 2538 2627 2728 3015 3017 3119 3184 3261 3263 3340 3427 3480
nsga2,ns192,4,0,250,5,69908133.538888,1706.844633,0.000000,1.000000,40 254 373 441 571 711 713 730 1013 1286 1541 1743 1887 1989 2116 2118 2351 2358 2424 2538 2627 3015 3119 3184 3259 3261 3334 3480 3726 3796 3824
nsga2,ns192,4,1,250,5,67069565.216536,1332.568921,0.111111,0.888889,420 441 568 571 711 713 730 852 992 1013 1132 1427 1541 1931 1933 2056 2116 2118 2177 2410 2538 2626 2627 2728 2731 3015 3184 3261 3263 3340 3480
nsga2,ns192,4,2,250,5,67069565.216536,1332.568921,0.222222,0.777778,420 441 568 571 711 713 730 852 992 1013 1132 1427 1541 1931 1933 2056 2116 2118 2177 2410 2538 2626 2627 2728 2731 3015 3184 3261 3263 3340 3480
nsga2,ns192,4,3,250,5,67069565.216536,1332.568921,0.333333,0.666667,420 441 568 571 711 713 730 852 992 1013 1132 1427 1541 1931 1933 2056 2116 2118 2177 2410 2538 2626 2627 2728 2731 3015 3184 3261 3263 3340 3480
nsga2,ns192,4,4,250,5,67069565.216536,1332.568921,0.444444,0.555556,420 441 568 571 711 713 730 852 992 1013 1132 1427 1541 1931 1933 2056 2116 2118 2177 2410 2538 2626 2627 2728 2731 3015 3184 3261 3263 3340 3480
nsga2,ns192,4,5,250,5,67069565.216536,1332.568921,0.555556,0.444444,420 441 568 571 711 713 730 852 992 1013 1132 1427 1541 1931 1933 2056 2116 2118 2177 2410 2538 2626 2627 2728 2731 3015 3184 3261 3263 3340 3480
nsga2,ns192,4,6,250,5,67069565.216536,1332.568921,0.666667,0.333333,420 441 568 571 711 713 730 852 992 1013 1132 1427 1541 1931 1933 2056 2116 2118 2177 2410 2538 2626 2627 2728 2731 3015 3184 3261 3263 3340 3480
nsga2,ns192,4,7,250,5,67069565.216536,1332.568921,0.777778,0.222222,420 441 568 571 711 713 730 852 992 1013 1132 1427 1541 1931 1933 2056 2116 2118 2177 2410 2538 2626 2627 2728 2731 3015 3184 3261 3263 3340 3480
nsga2,ns192,4,8,250,5,67069565.216536,1332.568921,0.888889,0.111111,420 441 568 571 711 713 730 852 992 1013 1132 1427 1541 1931 1933 2056 2116 2118 2177 2410 2538 2626 2627 2728 2731 3015 3184 3261 3263 3340 3480
nsga2,ns192,4,9,250,5,67069565.216536,1332.568921,1.000000,0.000000,420 441 568 571 711 713 730 852 992 1013 1132 1427 1541 1931 1933 2056 2116 2118 2177 2410 2538 2626 2627 2728 2731 3015 3184 3261 3263 3340 3480
nsga2,ns192,4,0,300,6,69650008.889025,1706.844633,0.000000,1.000000,40 182 254 373 441 571 730 992 994 1013 1273 1587 1823 1931 2113 2116 2118 2351 2424 2538 2627 3015 3119 3184 3259 3261 3334 3480 3726 3796 3824
nsga2,ns192,4,1,300,6,66850513.989235,1285.261492,0.111111,0.888889,254 420 568 571 713 852 992 994 1132 1269 1541 1802 1931 1933 2057 2116 2118 2177 2410 2538 2627 2726 2728 2732 3015 3017 3184 3201 3261 3263 3340
nsga2,ns192,4,2,300,6,66850513.989235,1285.261492,0.222222,0.777778,254 420 568 571 713 852 992 994 1132 1269 1541 1802 1931 1933 2057 2116 2118 2177 2410 2538 2627 2726 2728 2732 3015 3017 3184 3201 3261 3263 3340
nsga2,ns192,4,3,300,6,66850513.989235,1285.261492,0.333333,0.666667,254 420 568 571 713 852 992 994 1132 1269 1541 1802 1931 1933 2057 2116 2118 2177 2410 2538 2627 2726 2728 2732 3015 3017 3184 3201 3261 3263 3340
nsga2,ns192,4,4,300,6,66850513.989235,1285.261492,0.444444,0.555556,254 420 568 571 713 852 992 994 1132 1269 1541 1802 1931 1933 2057 2116 2118 2177 2410 2538 2627 2726 2728 2732 3015 3017 3184 3201 3261 3263 3340
nsga2,ns192,4,5,300,6,66850513.989235,1285.261492,0.555556,0.444444,254 420 568 571 713 852 992 994 1132 1269 1541 1802 1931 1933 2057 2116 2118 2177 2410 2538 2627 2726 2728 2732 3015 3017 3184 3201 3261 3263 3340
nsga2,ns192,4,6,300,6,66850513.989235,1285.261492,0.666667,0.333333,254 420 568 571 713 852 992 994 1132 1269 1541 1802 1931 1933 2057 2116 2118 2177 2410 2538 2627 2726 2728 2732 3015 3017 3184 3201 3261 3263 3340
nsga2,ns192,4,7,300,6,66850513.989235,1285.261492,0.777778,0.222222,254 420 568 571 713 852 992 994 1132 1269 1541 1802 1931 1933 2057 2116 2118 2177 2410 2538 2627 2726 2728 2732 3015 3017 3184 3201 3261 3263 3340
nsga2,ns192,4,8,300,6,66850513.989235,1285.261492,0.888889,0.111111,254 420 568 571 713 852 992 994 1132 1269 1541 1802 1931 1933 2057 2116 2118 2177 2410 2538 2627 2726 2728 2732 3015 3017 3184 3201 3261 3263 3340
nsga2,ns192,4,9,300,6,66850513.989235,1285.261492,1.000000,0.000000,254 420 568 571 713 852 992 994 1132 1269 1541 1802 1931 1933 2057 2116 2118 2177 2410 2538 2627 2726 2728 2732 3015 3017 3184 3201 3261 3263 3340
nsga2,ns192,4,0,350,7,69640619.061300,1706.844633,0.000000,1.000000,40 182 254 373 441 571 730 992 994 1013 1090 1273 1823 1931 2113 2116 2118 2351 2424 2538 2627 3015 3119 3184 3259 3261 3334 3480 3726 3796 3824
nsga2,ns192,4,1,350,7,66823981.380763,1329.233243,0.111111,0.888889,420 441 567 568 571 713 730 992 994 1132 1269 1541 1802 1931 1933 2116 2118 2177 2410 2538 2627 2728 2732 2925 3015 3017 3184 3201 3261 3263 3340
nsga2,ns192,4,2,350,7,66823981.380763,1329.233243,0.222222,0.777778,420 441 567 568 571 713 730 992 994 1132 1269 1541 1802 1931 1933 2116 2118 2177 2410 2538 2627 2728 2732 2925 3015 3017 3184 3201 3261 3263 3340
nsga2,ns192,4,3,350,7,66823981.380763,1329.233243,0.333333,0.666667,420 441 567 568 571 713 730 992 994 1132 1269 1541 1802 1931 1933 2116 2118 2177 2410 2538 2627 2728 2732 2925 3015 3017 3184 3201 3261 3263 3340
nsga2,ns192,4,4,350,7,66823981.380763,1329.233243,0.444444,0.555556,420 441 567 568 571 713 730 992 994 1132 1269 1541 1802 1931 1933 2116 2118 2177 2410 2538 2627 2728 2732 2925 3015 3017 3184 3201 3261 3263 3340
nsga2,ns192,4,5,350,7,66823981.380763,1329.233243,0.555556,0.444444,420 441 567 568 571 713 730 992 994 1132 1269 1541 1802 1931 1933 2116 2118 2177 2410 2538 2627 2728 2732 2925 3015 3017 3184 3201 3261 3263 3340
nsga2,ns192,4,6,350,7,66823981.380763,1329.233243,0.666667,0.333333,420 441 567 568 571 713 730 992 994 1132 1269 1541 1802 1931 1933 2116 2118 2177 2410 2538 2627 2728 2732 2925 3015 3017 3184 3201 3261 3263 3340
nsga2,ns192,4,7,350,7,66823981.380763,1329.233243,0.777778,0.222222,420 441 567 568 571 713 730 992 994 1132 1269 1541 1802 1931 1933 2116 2118 2177 2410 2538 2627 2728 2732 2925 3015 3017 3184 3201 3261 3263 3340
nsga2,ns192,4,8,350,7,66823981.380763,1329.233243,0.888889,0.111111,420 441 567 568 571 713 730 992 994 1132 1269 1541 1802 1931 1933 2116 2118 2177 2410 2538 2627 2728 2732 2925 3015 3017 3184 3201 3261 3263 3340
nsga2,ns192,4,9,350,7,66823981.380763,1329.233243,1.000000,0.000000,420 441 567 568 571 713 730 992 994 1132 1269 1541 1802 1931 1933 2116 2118 2177 2410 2538 2627 2728 2732 2925 3015 3017 3184 3201 3261 3263 3340
nsga2,ns192,4,0,400,8,69640619.061300,1706.844633,0.000000,1.000000,40 182 254 373 441 571 730 992 994 1013 1090 1273 1823 1931 2113 2116 2118 2351 2424 2538 2627 3015 3119 3184 3259 3261 3334 3480 3726 3796 3824
nsga2,ns192,4,1,400,8,66768252.423624,1329.233243,0.111111,0.888889,420 441 567 568 571 713 992 994 1013 1132 1269 1541 1802 1931 1933 2116 2118 2177 2410 2538 2627 2728 2732 2925 3015 3017 3184 3201 3261 3263 3340
nsga2,ns192,4,2,400,8,66768252.423624,1329.233243,0.222222,0.777778,420 441 567 568 571 713 992 994 1013 1132 1269 1541 1802 1931 1933 2116 2118 2177 2410 2538 2627 2728 2732 2925 3015 3017 3184 3201 3261 3263 3340
nsga2,ns192,4,3,400,8,66768252.423624,1329.233243,0.333333,0.666667,420 441 567 568 571 713 992 994 1013 1132 1269 1541 1802 1931 1933 2116 2118 2177 2410 2538 2627 2728 2732 2925 3015 3017 3184 3201 3261 3263 3340
nsga2,ns192,4,4,400,8,66768252.423624,1329.233243,0.444444,0.555556,420 441 567 568 571 713 992 994 1013 1132 1269 1541 1802 1931 1933 2116 2118 2177 2410 2538 2627 2728 2732 2925 3015 3017 3184 3201 3261 3263 3340
nsga2,ns192,4,5,400,8,66768252.423624,1329.233243,0.555556,0.444444,420 441 567 568 571 713 992 994 1013 1132 1269 1541 1802 1931 1933 2116 2118 2177 2410 2538 2627 2728 2732 2925 3015 3017 3184 3201 3261 3263 3340
nsga2,ns192,4,6,400,8,66768252.423624,1329.233243,0.666667,0.333333,420 441 567 568 571 713 992 994 1013 1132 1269 1541 1802 1931 1933 2116 2118 2177 2410 2538 2627 2728 2732 2925 3015 3017 3184 3201 3261 3263 3340
nsga2,ns192,4,7,400,8,66768252.423624,1329.233243,0.777778,0.222222,420 441 567 568 571 713 992 994 1013 1132 1269 1541 1802 1931 1933 2116 2118 2177 2410 2538 2627 2728 2732 2925 3015 3017 3184 3201 3261 3263 3340
nsga2,ns192,4,8,400,8,66768252.423624,1329.233243,0.888889,0.111111,420 441 567 568 571 713 992 994 1013 1132 1269 1541 1802 1931 1933 2116 2118 2177 2410 2538 2627 2728 2732 2925 3015 3017 3184 3201 3261 3263 3340
nsga2,ns192,4,9,400,8,66768252.423624,1329.233243,1.000000,0.000000,420 441 567 568 571 713 992 994 1013 1132 1269 1541 1802 1931 1933 2116 2118 2177 2410 2538 2627 2728 2732 2925 3015 3017 3184 3201 3261 3263 3340
nsga2,ns192,4,0,450,9,69640619.061300,1706.844633,0.000000,1.000000,40 182 254 373 441 571 730 992 994 1013 1090 1273 1823 1931 2113 2116 2118 2351 2424 2538 2627 3015 3119 3184 3259 3261 3334 3480 3726 3796 3824
nsga2,ns192,4,1,450,9,66676903.278972,1340.774092,0.111111,0.888889,420 441 567 568 571 713 992 994 1013 1269 1273 1541 1802 1931 1933 2054 2116 2177 2410 2538 2625 2627 2728 2925 3015 3017 3184 3201 3261 3263 3340
nsga2,ns192,4,2,450,9,66676903.278972,1340.774092,0.222222,0.777778,420 441 567 568 571 713 992 994 1013 1269 1273 1541 1802 1931 1933 2054 2116 2177 2410 2538 2625 2627 2728 2925 3015 3017 3184 3201 3261 3263 3340
nsga2,ns192,4,3,450,9,66676903.278972,1340.774092,0.333333,0.666667,420 441 567 568 571 713 992 994 1013 1269 1273 1541 1802 1931 1933 2054 2116 2177 2410 2538 2625 2627 2728 2925 3015 3017 3184 3201 3261 3263 3340
nsga2,ns192,4,4,450,9,66676903.278972,1340.774092,0.444444,0.555556,420 441 567 568 571 713 992 994 1013 1269 1273 1541 1802 1931 1933 2054 2116 2177 2410 2538 2625 2627 2728 2925 3015 3017 3184 3201 3261 3263 3340
nsga2,ns192,4,5,450,9,66676903.278972,1340.774092,0.555556,0.444444,420 441 567 568 571 713 992 994 1013 1269 1273 1541 1802 1931 1933 2054 2116 2177 2410 2538 2625 2627 2728 2925 3015 3017 3184 3201 3261 3263 3340
nsga2,ns192,4,6,450,9,66676903.278972,1340.774092,0.666667,0.333333,420 441 567 568 571 713 992 994 1013 1269 1273 1541 1802 1931 1933 2054 2116 2177 2410 2538 2625 2627 2728 2925 3015 3017 3184 3201 3261 3263 3340
nsga2,ns192,4,7,450,9,66676903.278972,1340.774092,0.777778,0.222222,420 441 567 568 571 713 992 994 1013 1269 1273 1541 1802 1931 1933 2054 2116 2177 2410 2538 2625 2627 2728 2925 3015 3017 3184 3201 3261 3263 3340
nsga2,ns192,4,8,450,9,66676903.278972,1340.774092,0.888889,0.111111,420 441 567 568 571 713 992 994 1013 1269 1273 1541 1802 1931 1933 2054 2116 2177 2410 2538 2625 2627 2728 2925 3015 3017 3184 3201 3261 3263 3340
nsga2,ns192,4,9,450,9,66676903.278972,1340.774092,1.000000,0.000000,420 441 567 568 571 713 992 994 1013 1269 1273 1541 1802 1931 1933 2054 2116 2177 2410 2538 2625 2627 2728 2925 3015 3017 3184 3201 3261 3263 3340
nsga2,ns192,4,0,500,10,69619178.367253,1706.844633,0.000000,1.000000,40 182 254 373 441 571 730 992 994 1013 1090 1273 1823 1931 2113 2116 2118 2351 2538 2627 2643 3015 3119 3184 3259 3261 3334 3480 3726 3796 3824
nsga2,ns192,4,1,500,10,66446872.366084,1283.031648,0.111111,0.888889,420 567 568 571 713 992 994 1013 1269 1271 1273 1541 1673 1931 1933 2114 2116 2175 2177 2410 2627 2628 2726 2728 2730 3015 3017 3184 3261 3340 3414
nsga2,ns192,4,2,500,10,66446872.366084,1283.031648,0.222222,0.777778,420 567 568 571 713 992 994 1013 1269 1271 1273 1541 1673 1931 1933 2114 2116 2175 2177 2410 2627 2628 2726 2728 2730 3015 3017 3184 3261 3340 3414
nsga2,ns192,4,3,500,10,66446872.366084,1283.031648,0.333333,0.666667,420 567 568 571 713 992 994 1013 1269 1271 1273 1541 1673 1931 1933 2114 2116 2175 2177 2410 2627 2628 2726 2728 2730 3015 3017 3184 3261 3340 3414
nsga2,ns192,4,4,500,10,66446872.366084,1283.031648,0.444444,0.555556,420 567 568 571 713 992 994 1013 1269 1271 1273 1541 1673 1931 1933 2114 2116 2175 2177 2410 2627 2628 2726 2728 2730 3015 3017 3184 3261 3340 3414
nsga2,ns192,4,5,500,10,66446872.366084,1283.031648,0.555556,0.444444,420 567 568 571 713 992 994 1013 1269 1271 1273 1541 1673 1931 1933 2114 2116 2175 2177 2410 2627 2628 2726 2728 2730 3015 3017 3184 3261 3340 3414
nsga2,ns192,4,6,500,10,66446872.366084,1283.031648,0.666667,0.333333,420 567 568 571 713 992 994 1013 1269 1271 1273 1541 1673 1931 1933 2114 2116 2175 2177 2410 2627 2628 2726 2728 2730 3015 3017 3184 3261 3340 3414
nsga2,ns192,4,7,500,10,66446872.366084,1283.031648,0.777778,0.222222,420 567 568 571 713 992 994 1013 1269 1271 1273 1541 1673 1931 1933 2114 2116 2175 2177 2410 2627 2628 2726 2728 2730 3015 3017 3184 3261 3340 3414
nsga2,ns192,4,8,500,10,66446872.366084,1283.031648,0.888889,0.111111,420 567 568 571 713 992 994 1013 1269 1271 1273 1541 1673 1931 1933 2114 2116 2175 2177 2410 2627 2628 2726 2728 2730 3015 3017 3184 3261 3340 3414
nsga2,ns192,4,9,500,10,66446872.366084,1283.031648,1.000000,0.000000,420 567 568 571 713 992 994 1013 1269 1271 1273 1541 1673 1931 1933 2114 2116 2175 2177 2410 2627 2628 2726 2728 2730 3015 3017 3184 3261 3340 3414
nsga2,ns192,4,0,550,11,69525775.886524,1706.844633,0.000000,1.000000,40 182 254 373 441 571 994 1013 1273 1488 1562 1823 1931 1933 2112 2114 2116 2118 2536 2538 2627 2870 3119 3259 3261 3266 3334 3340 3480 3726 3796
nsga2,ns192,4,1,550,11,66270636.018094,1260.364018,0.111111,0.888889,420 567 568 569 571 713 991 992 994 1269 1271 1273 1541 1931 1933 2114 2116 2175 2177 2293 2628 2728 2730 3015 3017 3105 3184 3261 3263 3340 3414
nsga2,ns192,4,2,550,11,66270636.018094,1260.364018,0.222222,0.777778,420 567 568 569 571 713 991 992 994 1269 1271 1273 1541 1931 1933 2114 2116 2175 2177 2293 2628 2728 2730 3015 3017 3105 3184 3261 3263 3340 3414
nsga2,ns192,4,3,550,11,66270636.018094,1260.364018,0.333333,0.666667,420 567 568 569 571 713 991 992 994 1269 1271 1273 1541 1931 1933 2114 2116 2175 2177 2293 2628 2728 2730 3015 3017 3105 3184 3261 3263 3340 3414
nsga2,ns192,4,4,550,11,66270636.018094,1260.364018,0.444444,0.555556,420 567 568 569 571 713 991 992 994 1269 1271 1273 1541 1931 1933 2114 2116 2175 2177 2293 2628 2728 2730 3015 3017 3105 3184 3261 3263 3340 3414
nsga2,ns192,4,5,550,11,66270636.018094,1260.364018,0.555556,0.444444,420 567 568 569 571 713 991 992 994 1269 1271 1273 1541 1931 1933 2114 2116 2175 2177 2293 2628 2728 2730 3015 3017 3105 3184 3261 3263 3340 3414
nsga2,ns192,4,6,550,11,66270636.018094,1260.364018,0.666667,0.333333,420 567 568 569 571 713 991 992 994 1269 1271 1273 1541 1931 1933 2114 2116 2175 2177 2293 2628 2728 2730 3015 3017 3105 3184 3261 3263 3340 3414
nsga2,ns192,4,7,550,11,66270636.018094,1260.364018,0.777778,0.222222,420 567 568 569 571 713 991 992 994 1269 1271 1273 1541 1931 1933 2114 2116 2175 2177 2293 2628 2728 2730 3015 3017 3105 3184 3261 3263 3340 3414
nsga2,ns192,4,8,550,11,66270636.018094,1260.364018,0.888889,0.111111,420 567 568 569 571 713 991 992 994 1269 1271 1273 1541 1931 1933 2114 2116 2175 2177 2293 2628 2728 2730 3015 3017 3105 3184 3261 3263 3340 3414
nsga2,ns192,4,9,550,11,66270636.018094,1260.364018,1.000000,0.000000,420 567 568 569 571 713 991 992 994 1269 1271 1273 1541 1931 1933 2114 2116 2175 2177 2293 2628 2728 2730 3015 3017 3105 3184 3261 3263 3340 3414
nsga2,ns192,4,0,600,12,69440269.858584,1706.844633,0.000000,1.000000,254 373 441 571 994 1013 1273 1488 1562 1594 1823 1931 1933 2112 2114 2116 2118 2359 2424 2538 2627 3015 3119 3184 3259 3261 3334 3480 3726 3796 3824
nsga2,ns192,4,1,600,12,66242573.624855,1274.350638,0.111111,0.888889,420 567 568 569 571 713 991 992 994 1013 1129 1269 1271 1273 1541 1931 1933 2114 2116 2175 2177 2293 2627 2728 2730 3015 3017 3184 3263 3340 3414
nsga2,ns192,4,2,600,12,66242573.624855,1274.350638,0.222222,0.777778,420 567 568 569 571 713 991 992 994 1013 1129 1269 1271 1273 1541 1931 1933 2114 2116 2175 2177 2293 2627 2728 2730 3015 3017 3184 3263 3340 3414
nsga2,ns192,4,3,600,12,66242573.624855,1274.350638,0.333333,0.666667,420 567 568 569 571 713 991 992 994 1013 1129 1269 1271 1273 1541 1931 1933 2114 2116 2175 2177 2293 2627 2728 2730 3015 3017 3184 3263 3340 3414
nsga2,ns192,4,4,600,12,66242573.624855,1274.350638,0.444444,0.555556,420 567 568 569 571 713 991 992 994 1013 1129 1269 1271 1273 1541 1931 1933 2114 2116 2175 2177 2293 2627 2728 2730 3015 3017 3184 3263 3340 3414
nsga2,ns192,4,5,600,12,66242573.624855,1274.350638,0.555556,0.444444,420 567 568 569 571 713 991 992 994 1013 1129 1269 1271 1273 1541 1931 1933 2114 2116 2175 2177 2293 2627 2728 2730 3015 3017 3184 3263 3340 3414
nsga2,ns192,4,6,600,12,66242573.624855,1274.350638,0.666667,0.333333,420 567 568 569 571 713 991 992 994 1013 1129 1269 1271 1273 1541 1931 1933 2114 2116 2175 2177 2293 2627 2728 2730 3015 3017 3184 3263 3340 3414
nsga2,ns192,4,7,600,12,66242573.624855,1274.350638,0.777778,0.222222,420 567 568 569 571 713 991 992 994 1013 1129 1269 1271 1273 1541 1931 1933 2114 2116 2175 2177 2293 2627 2728 2730 3015 3017 3184 3263 3340 3414
nsga2,ns192,4,8,600,12,66242573.624855,1274.350638,0.888889,0.111111,420 567 568 569 571 713 991 992 994 1013 1129 1269 1271 1273 1541 1931 1933 2114 2116 2175 2177 2293 2627 2728 2730 3015 3017 3184 3263 3340 3414
nsga2,ns192,4,9,600,12,66242573.624855,1274.350638,1.000000,0.000000,420 567 568 569 571 713 991 992 994 1013 1129 1269 1271 1273 1541 1931 1933 2114 2116 2175 2177 2293 2627 2728 2730 3015 3017 3184 3263 3340 3414
nsga2,ns192,4,0,650,13,69440269.858584,1706.844633,0.000000,1.000000,254 373 441 571 994 1013 1273 1488 1562 1594 1823 1931 1933 2112 2114 2116 2118 2359 2424 2538 2627 3015 3119 3184 3259 3261 3334 3480 3726 3796 3824
nsga2,ns192,4,1,650,13,66242573.624855,1274.350638,0.111111,0.888889,420 567 568 569 571 713 991 992 994 1013 1129 1269 1271 1273 1541 1931 1933 2114 2116 2175 2177 2293 2627 2728 2730 3015 3017 3184 3263 3340 3414
nsga2,ns192,4,2,650,13,66242573.624855,1274.350638,0.222222,0.777778,420 567 568 569 571 713 991 992 994 1013 1129 1269 1271 1273 1541 1931 1933 2114 2116 2175 2177 2293 2627 2728 2730 3015 3017 3184 3263 3340 3414
nsga2,ns192,4,3,650,13,66242573.624855,1274.350638,0.333333,0.666667,420 567 568 569 571 713 991 992 994 1013 1129 1269 1271 1273 1541 1931 1933 2114 2116 2175 2177 2293 2627 2728 2730 3015 3017 3184 3263 3340 3414
nsga2,ns192,4,4,650,13,66242573.624855,1274.350638,0.444444,0.555556,420 567 568 569 571 713 991 992 994 1013 1129 1269 1271 1273 1541 1931 1933 2114 2116 2175 2177 2293 2627 2728 2730 3015 3017 3184 3263 3340 3414
nsga2,ns192,4,5,650,13,66242573.624855,1274.350638,0.555556,0.444444,420 567 568 569 571 713 991 992 994 1013 1129 1269 1271 1273 1541 1931 1933 2114 2116 2175 2177 2293 2627 2728 2730 3015 3017 3184 3263 3340 3414
nsga2,ns192,4,6,650,13,66242573.624855,1274.350638,0.666667,0.333333,420 567 568 569 571 713 991 992 994 1013 1129 1269 1271 1273 1541 1931 1933 2114 2116 2175 2177 2293 2627 2728 2730 3015 3017 3184 3263 3340 3414
nsga2,ns192,4,7,650,13,66242573.624855,1274.350638,0.777778,0.222222,420 567 568 569 571 713 991 992 994 1013 1129 1269 1271 1273 1541 1931 1933 2114 2116 2175 2177 2293 2627 2728 2730 3015 3017 3184 3263 3340 3414
nsga2,ns192,4,8,650,13,66242573.624855,1274.350638,0.888889,0.111111,420 567 568 569 571 713 991 992 994 1013 1129 1269 1271 1273 1541 1931 1933 2114 2116 2175 2177 2293 2627 2728 2730 3015 3017 3184 3263 3340 3414
nsga2,ns192,4,9,650,13,66242573.624855,1274.350638,1.000000,0.000000,420 567 568 569 571 713 991 992 994 1013 1129 1269 1271 1273 1541 1931 1933 2114 2116 2175 2177 2293 2627 2728 2730 3015 3017 3184 3263 3340 3414
nsga2,ns192,4,0,700,14,69435301.228696,1706.844633,0.000000,1.000000,254 373 441 571 994 1013 1273 1488 1562 1823 1931 1933 2112 2114 2116 2118 2249 2359 2424 2538 2627 3015 3119 3184 3259 3261 3334 3480 3726 3796 3824
nsga2,ns192,4,1,700,14,66017202.694150,1247.957357,0.111111,0.888889,420 567 568 569 571 713 991 992 994 1269 1271 1541 1930 1931 2114 2116 2175 2176 2177 2292 2293 2626 2627 2828 3015 3017 3184 3261 3263 3340 3342
nsga2,ns192,4,2,700,14,66017202.694150,1247.957357,0.222222,0.777778,420 567 568 569 571 713 991 992 994 1269 1271 1541 1930 1931 2114 2116 2175 2176 2177 2292 2293 2626 2627 2828 3015 3017 3184 3261 3263 3340 3342
nsga2,ns192,4,3,700,14,66017202.694150,1247.957357,0.333333,0.666667,420 567 568 569 571 713 991 992 994 1269 1271 1541 1930 1931 2114 2116 2175 2176 2177 2292 2293 2626 2627 2828 3015 3017 3184 3261 3263 3340 3342
nsga2,ns192,4,4,700,14,66017202.694150,1247.957357,0.444444,0.555556,420 567 568 569 571 713 991 992 994 1269 1271 1541 1930 1931 2114 2116 2175 2176 2177 2292 2293 2626 2627 2828 3015 3017 3184 3261 3263 3340 3342
nsga2,ns192,4,5,700,14,66017202.694150,1247.957357,0.555556,0.444444,420 567 568 569 571 713 991 992 994 1269 1271 1541 1930 1931 2114 2116 2175 2176 2177 2292 2293 2626 2627 2828 3015 3017 3184 3261 3263 3340 3342
nsga2,ns192,4,6,700,14,66017202.694150,1247.957357,0.666667,0.333333,420 567 568 569 571 713 991 992 994 1269 1271 1541 1930 1931 2114 2116 2175 2176 2177 2292 2293 2626 2627 2828 3015 3017 3184 3261 3263 3340 3342
nsga2,ns192,4,7,700,14,66017202.694150,1247.957357,0.777778,0.222222,420 567 568 569 571 713 991 992 994 1269 1271 1541 1930 1931 2114 2116 2175 2176 2177 2292 2293 2626 2627 2828 3015 3017 3184 3261 3263 3340 3342
nsga2,ns192,4,8,700,14,66017202.694150,1247.957357,0.888889,0.111111,420 567 568 569 571 713 991 992 994 1269 1271 1541 1930 1931 2114 2116 2175 2176 2177 2292 2293 2626 2627 2828 3015 3017 3184 3261 3263 3340 3342
nsga2,ns192,4,9,700,14,66017202.694150,1247.957357,1.000000,0.000000,420 567 568 569 571 713 991 992 994 1269 1271 1541 1930 1931 2114 2116 2175 2176 2177 2292 2293 2626 2627 2828 3015 3017 3184 3261 3263 3340 3342
nsga2,ns192,4,0,750,15,69435301.228696,1706.844633,0.000000,1.000000,254 373 441 571 994 1013 1273 1488 1562 1823 1931 1933 2112 2114 2116 2118 2249 2359 2424 2538 2627 3015 3119 3184 3259 3261 3334 3480 3726 3796 3824
nsga2,ns192,4,1,750,15,66017202.694150,1247.957357,0.111111,0.888889,420 567 568 569 571 713 991 992 994 1269 1271 1541 1930 1931 2114 2116 2175 2176 2177 2292 2293 2626 2627 2828 3015 3017 3184 3261 3263 3340 3342
nsga2,ns192,4,2,750,15,66017202.694150,1247.957357,0.222222,0.777778,420 567 568 569 571 713 991 992 994 1269 1271 1541 1930 1931 2114 2116 2175 2176 2177 2292 2293 2626 2627 2828 3015 3017 3184 3261 3263 3340 3342
nsga2,ns192,4,3,750,15,66017202.694150,1247.957357,0.333333,0.666667,420 567 568 569 571 713 991 992 994 1269 1271 1541 1930 1931 2114 2116 2175 2176 2177 2292 2293 2626 2627 2828 3015 3017 3184 3261 3263 3340 3342
nsga2,ns192,4,4,750,15,66017202.694150,1247.957357,0.444444,0.555556,420 567 568 569 571 713 991 992 994 1269 1271 1541 1930 1931 2114 2116 2175 2176 2177 2292 2293 2626 2627 2828 3015 3017 3184 3261 3263 3340 3342
nsga2,ns192,4,5,750,15,66017202.694150,1247.957357,0.555556,0.444444,420 567 568 569 571 713 991 992 994 1269 1271 1541 1930 1931 2114 2116 2175 2176 2177 2292 2293 2626 2627 2828 3015 3017 3184 3261 3263 3340 3342
nsga2,ns192,4,6,750,15,66017202.694150,1247.957357,0.666667,0.333333,420 567 568 569 571 713 991 992 994 1269 1271 1541 1930 1931 2114 2116 2175 2176 2177 2292 2293 2626 2627 2828 3015 3017 3184 3261 3263 3340 3342
nsga2,ns192,4,7,750,15,66017202.694150,1247.957357,0.777778,0.222222,420 567 568 569 571 713 991 992 994 1269 1271 1541 1930 1931 2114 2116 2175 2176 2177 2292 2293 2626 2627 2828 3015 3017 3184 3261 3263 3340 3342
nsga2,ns192,4,8,750,15,66017202.694150,1247.957357,0.888889,0.111111,420 567 568 569 571 713 991 992 994 1269 1271 1541 1930 1931 2114 2116 2175 2176 2177 2292 2293 2626 2627 2828 3015 3017 3184 3261 3263 3340 3342
nsga2,ns192,4,9,750,15,66017202.694150,1247.957357,1.000000,0.000000,420 567 568 569 571 713 991 992 994 1269 1271 1541 1930 1931 2114 2116 2175 2176 2177 2292 2293 2626 2627 2828 3015 3017 3184 3261 3263 3340 3342
nsga2,ns192,4,0,800,16,69243959.081524,1706.844633,0.000000,1.000000,371 373 440 569 571 992 1013 1271 1488 1541 1562 1823 2112 2114 2116 2118 2536 2538 2627 2828 2867 3119 3259 3261 3334 3340 3480 3726 3796 3908 3975
nsga2,ns192,4,1,800,16,65974999.295411,1206.282454,0.111111,0.888889,420 567 568 569 571 713 991 992 994 1269 1271 1541 1930 1931 2114 2175 2176 2177 2292 2293 2626 2627 2628 2828 3015 3017 3184 3261 3263 3340 3342
nsga2,ns192,4,2,800,16,65974999.295411,1206.282454,0.222222,0.777778,420 567 568 569 571 713 991 992 994 1269 1271 1541 1930 1931 2114 2175 2176 2177 2292 2293 2626 2627 2628 2828 3015 3017 3184 3261 3263 3340 3342
nsga2,ns192,4,3,800,16,65974999.295411,1206.282454,0.333333,0.666667,420 567 568 569 571 713 991 992 994 1269 1271 1541 1930 1931 2114 2175 2176 2177 2292 2293 2626 2627 2628 2828 3015 3017 3184 3261 3263 3340 3342
nsga2,ns192,4,4,800,16,65974999.295411,1206.282454,0.444444,0.555556,420 567 568 569 571 713 991 992 994 1269 1271 1541 1930 1931 2114 2175 2176 2177 2292 2293 2626 2627 2628 2828 3015 3017 3184 3261 3263 3340 3342
nsga2,ns192,4,5,800,16,65974999.295411,1206.282454,0.555556,0.444444,420 567 568 569 571 713 991 992 994 1269 1271 1541 1930 1931 2114 2175 2176 2177 2292 2293 2626 2627 2628 2828 3015 3017 3184 3261 3263 3340 3342
nsga2,ns192,4,6,800,16,65974999.295411,1206.282454,0.666667,0.333333,420 567 568 569 571 713 991 992 994 1269 1271 1541 1930 1931 2114 2175 2176 2177 2292 2293 2626 2627 2628 2828 3015 3017 3184 3261 3263 3340 3342
nsga2,ns192,4,7,800,16,65974999.295411,1206.282454,0.777778,0.222222,420 567 568 569 571 713 991 992 994 1269 1271 1541 1930 1931 2114 2175 2176 2177 2292 2293 2626 2627 2628 2828 3015 3017 3184 3261 3263 3340 3342
nsga2,ns192,4,8,800,16,65974999.295411,1206.282454,0.888889,0.111111,420 567 568 569 571 713 991 992 994 1269 1271 1541 1930 1931 2114 2175 2176 2177 2292 2293 2626 2627 2628 2828 3015 3017 3184 3261 3263 3340 3342
nsga2,ns192,4,9,800,16,65974999.295411,1206.282454,1.000000,0.000000,420 567 568 569 571 713 991 992 994 1269 1271 1541 1930 1931 2114 2175 2176 2177 2292 2293 2626 2627 2628 2828 3015 3017 3184 3261 3263 3340 3342
nsga2,ns192,4,0,850,17,69243959.081524,1706.844633,0.000000,1.000000,371 373 440 569 571 992 1013 1271 1488 1541 1562 1823 2112 2114 2116 2118 2536 2538 2627 2828 2867 3119 3259 3261 3334 3340 3480 3726 3796 3908 3975
nsga2,ns192,4,1,850,17,65955544.197620,1203.805631,0.111111,0.888889,419 420 568 569 571 713 991 992 994 1269 1271 1541 1930 1931 2114 2116 2175 2176 2177 2292 2293 2521 2626 2627 2728 2828 3015 3184 3263 3340 3342
nsga2,ns192,4,2,850,17,65955544.197620,1203.805631,0.222222,0.777778,419 420 568 569 571 713 991 992 994 1269 1271 1541 1930 1931 2114 2116 2175 2176 2177 2292 2293 2521 2626 2627 2728 2828 3015 3184 3263 3340 3342
nsga2,ns192,4,3,850,17,65955544.197620,1203.805631,0.333333,0.666667,419 420 568 569 571 713 991 992 994 1269 1271 1541 1930 1931 2114 2116 2175 2176 2177 2292 2293 2521 2626 2627 2728 2828 3015 3184 3263 3340 3342
nsga2,ns192,4,4,850,17,65955544.197620,1203.805631,0.444444,0.555556,419 420 568 569 571 713 991 992 994 1269 1271 1541 1930 1931 2114 2116 2175 2176 2177 2292 2293 2521 2626 2627 2728 2828 3015 3184 3263 3340 3342
nsga2,ns192,4,5,850,17,65955544.197620,1203.805631,0.555556,0.444444,419 420 568 569 571 713 991 992 994 1269 1271 1541 1930 1931 2114 2116 2175 2176 2177 2292 2293 2521 2626 2627 2728 2828 3015 3184 3263 3340 3342
nsga2,ns192,4,6,850,17,65955544.197620,1203.805631,0.666667,0.333333,419 420 568 569 571 713 991 992 994 1269 1271 1541 1930 1931 2114 2116 2175 2176 2177 2292 2293 2521 2626 2627 2728 2828 3015 3184 3263 3340 3342
nsga2,ns192,4,7,850,17,65955544.197620,1203.805631,0.777778,0.222222,419 420 568 569 571 713 991 992 994 1269 1271 1541 1930 1931 2114 2116 2175 2176 2177 2292 2293 2521 2626 2627 2728 2828 3015 3184 3263 3340 3342
nsga2,ns192,4,8,850,17,65955544.197620,1203.805631,0.888889,0.111111,419 420 568 569 571 713 991 992 994 1269 1271 1541 1930 1931 2114 2116 2175 2176 2177 2292 2293 2521 2626 2627 2728 2828 3015 3184 3263 3340 3342
nsga2,ns192,4,9,850,17,65955544.197620,1203.805631,1.000000,0.000000,419 420 568 569 571 713 991 992 994 1269 1271 1541 1930 1931 2114 2116 2175 2176 2177 2292 2293 2521 2626 2627 2728 2828 3015 3184 3263 3340 3342
nsga2,ns192,4,0,900,18,69243959.081524,1706.844633,0.000000,1.000000,371 373 440 569 571 992 1013 1271 1488 1541 1562 1823 2112 2114 2116 2118 2536 2538 2627 2828 2867 3119 3259 3261 3334 3340 3480 3726 3796 3908 3975
nsga2,ns192,4,1,900,18,65907179.679138,1203.864914,0.111111,0.888889,420 421 567 568 569 571 713 992 994 1269 1271 1541 1930 1931 2114 2116 2175 2176 2177 2292 2293 2521 2626 2627 2728 2828 3015 3184 3263 3340 3342
nsga2,ns192,4,2,900,18,65907179.679138,1203.864914,0.222222,0.777778,420 421 567 568 569 571 713 992 994 1269 1271 1541 1930 1931 2114 2116 2175 2176 2177 2292 2293 2521 2626 2627 2728 2828 3015 3184 3263 3340 3342
nsga2,ns192,4,3,900,18,65907179.679138,1203.864914,0.333333,0.666667,420 421 567 568 569 571 713 992 994 1269 1271 1541 1930 1931 2114 2116 2175 2176 2177 2292 2293 2521 2626 2627 2728 2828 3015 3184 3263 3340 3342
nsga2,ns192,4,4,900,18,65907179.679138,1203.864914,0.444444,0.555556,420 421 567 568 569 571 713 992 994 1269 1271 1541 1930 1931 2114 2116 2175 2176 2177 2292 2293 2521 2626 2627 2728 2828 3015 3184 3263 3340 3342
nsga2,ns192,4,5,900,18,65907179.679138,1203.864914,0.555556,0.444444,420 421 567 568 569 571 713 992 994 1269 1271 1541 1930 1931 2114 2116 2175 2176 2177 2292 2293 2521 2626 2627 2728 2828 3015 3184 3263 3340 3342
nsga2,ns192,4,6,900,18,65907179.679138,1203.864914,0.666667,0.333333,420 421 567 568 569 571 713 992 994 1269 1271 1541 1930 1931 2114 2116 2175 2176 2177 2292 2293 2521 2626 2627 2728 2828 3015 3184 3263 3340 3342
nsga2,ns192,4,7,900,18,65907179.679138,1203.864914,0.777778,0.222222,420 421 567 568 569 571 713 992 994 1269 1271 1541 1930 1931 2114 2116 2175 2176 2177 2292 2293 2521 2626 2627 2728 2828 3015 3184 3263 3340 3342
nsga2,ns192,4,8,900,18,65907179.679138,1203.864914,0.888889,0.111111,420 421 567 568 569 571 713 992 994 1269 1271 1541 1930 1931 2114 2116 2175 2176 2177 2292 2293 2521 2626 2627 2728 2828 3015 3184 3263 3340 3342
nsga2,ns192,4,9,900,18,65907179.679138,1203.864914,1.000000,0.000000,420 421 567 568 569 571 713 992 994 1269 1271 1541 1930 1931 2114 2116 2175 2176 2177 2292 2293 2521 2626 2627 2728 2828 3015 3184 3263 3340 3342
nsga2,ns192,4,0,950,19,69243959.081524,1706.844633,0.000000,1.000000,371 373 440 569 571 992 1013 1271 1488 1541 1562 1823 2112 2114 2116 2118 2536 2538 2627 2828 2867 3119 3259 3261 3334 3340 3480 3726 3796 3908 3975
nsga2,ns192,4,1,950,19,65907179.679138,1203.864914,0.111111,0.888889,420 421 567 568 569 571 713 992 994 1269 1271 1541 1930 1931 2114 2116 2175 2176 2177 2292 2293 2521 2626 2627 2728 2828 3015 3184 3263 3340 3342
nsga2,ns192,4,2,950,19,65907179.679138,1203.864914,0.222222,0.777778,420 421 567 568 569 571 713 992 994 1269 1271 1541 1930 1931 2114 2116 2175 2176 2177 2292 2293 2521 2626 2627 2728 2828 3015 3184 3263 3340 3342
nsga2,ns192,4,3,950,19,65907179.679138,1203.864914,0.333333,0.666667,420 421 567 568 569 571 713 992 994 1269 1271 1541 1930 1931 2114 2116 2175 2176 2177 2292 2293 2521 2626 2627 2728 2828 3015 3184 3263 3340 3342
nsga2,ns192,4,4,950,19,65907179.679138,1203.864914,0.444444,0.555556,420 421 567 568 569 571 713 992 994 1269 1271 1541 1930 1931 2114 2116 2175 2176 2177 2292 2293 2521 2626 2627 2728 2828 3015 3184 3263 3340 3342
nsga2,ns192,4,5,950,19,65907179.679138,1203.864914,0.555556,0.444444,420 421 567 568 569 571 713 992 994 1269 1271 1541 1930 1931 2114 2116 2175 2176 2177 2292 2293 2521 2626 2627 2728 2828 3015 3184 3263 3340 3342
nsga2,ns192,4,6,950,19,65907179.679138,1203.864914,0.666667,0.333333,420 421 567 568 569 571 713 992 994 1269 1271 1541 1930 1931 2114 2116 2175 2176 2177 2292 2293 2521 2626 2627 2728 2828 3015 3184 3263 3340 3342
nsga2,ns192,4,7,950,19,65907179.679138,1203.864914,0.777778,0.222222,420 421 567 568 569 571 713 992 994 1269 1271 1541 1930 1931 2114 2116 2175 2176 2177 2292 2293 2521 2626 2627 2728 2828 3015 3184 3263 3340 3342
nsga2,ns192,4,8,950,19,65907179.679138,1203.864914,0.888889,0.111111,420 421 567 568 569 571 713 992 994 1269 1271 1541 1930 1931 2114 2116 2175 2176 2177 2292 2293 2521 2626 2627 2728 2828 3015 3184 3263 3340 3342
nsga2,ns192,4,9,950,19,65907179.679138,1203.864914,1.000000,0.000000,420 421 567 568 569 571 713 992 994 1269 1271 1541 1930 1931 2114 2116 2175 2176 2177 2292 2293 2521 2626 2627 2728 2828 3015 3184 3263 3340 3342
nsga2,ns192,4,0,1000,20,69243959.081524,1706.844633,0.000000,1.000000,371 373 440 569 571 992 1013 1271 1488 1541 1562 1823 2112 2114 2116 2118 2536 2538 2627 2828 2867 3119 3259 3261 3334 3340 3480 3726 3796 3908 3975
nsga2,ns192,4,1,1000,20,65876012.526784,1220.237238,0.111111,0.888889,420 421 567 568 569 571 712 713 992 994 1269 1271 1541 1930 1931 2114 2116 2175 2176 2177 2292 2293 2626 2627 2728 2828 3015 3184 3263 3340 3342
nsga2,ns192,4,2,1000,20,65876012.526784,1220.237238,0.222222,0.777778,420 421 567 568 569 571 712 713 992 994 1269 1271 1541 1930 1931 2114 2116 2175 2176 2177 2292 2293 2626 2627 2728 2828 3015 3184 3263 3340 3342
nsga2,ns192,4,3,1000,20,65876012.526784,1220.237238,0.333333,0.666667,420 421 567 568 569 571 712 713 992 994 1269 1271 1541 1930 1931 2114 2116 2175 2176 2177 2292 2293 2626 2627 2728 2828 3015 3184 3263 3340 3342
nsga2,ns192,4,4,1000,20,65876012.526784,1220.237238,0.444444,0.555556,420 421 567 568 569 571 712 713 992 994 1269 1271 1541 1930 1931 2114 2116 2175 2176 2177 2292 2293 2626 2627 2728 2828 3015 3184 3263 3340 3342
nsga2,ns192,4,5,1000,20,65876012.526784,1220.237238,0.555556,0.444444,420 421 567 568 569 571 712 713 992 994 1269 1271 1541 1930 1931 2114 2116 2175 2176 2177 2292 2293 2626 2627 2728 2828 3015 3184 3263 3340 3342
nsga2,ns192,4,6,1000,20,65876012.526784,1220.237238,0.666667,0.333333,420 421 567 568 569 571 712 713 992 994 1269 1271 1541 1930 1931 2114 2116 2175 2176 2177 2292 2293 2626 2627 2728 2828 3015 3184 3263 3340 3342
nsga2,ns192,4,7,1000,20,65876012.526784,1220.237238,0.777778,0.222222,420 421 567 568 569 571 712 713 992 994 1269 1271 1541 1930 1931 2114 2116 2175 2176 2177 2292 2293 2626 2627 2728 2828 3015 3184 3263 3340 3342
nsga2,ns192,4,8,1000,20,65876012.526784,1220.237238,0.888889,0.111111,420 421 567 568 569 571 712 713 992 994 1269 1271 1541 1930 1931 2114 2116 2175 2176 2177 2292 2293 2626 2627 2728 2828 3015 3184 3263 3340 3342
nsga2,ns192,4,9,1000,20,65876012.526784,1220.237238,1.000000,0.000000,420 421 567 568 569 571 712 713 992 994 1269 1271 1541 1930 1931 2114 2116 2175 2176 2177 2292 2293 2626 2627 2728 2828 3015 3184 3263 3340 3342
nsga2,ns192,4,0,1050,21,69243959.081524,1706.844633,0.000000,1.000000,371 373 440 569 571 992 1013 1271 1488 1541 1562 1823 2112 2114 2116 2118 2536 2538 2627 2828 2867 3119 3259 3261 3334 3340 3480 3726 3796 3908 3975
nsga2,ns192,4,1,1050,21,65864648.390776,1218.831493,0.111111,0.888889,420 421 567 568 569 571 713 854 992 994 1269 1271 1541 1930 1931 2114 2116 2175 2176 2177 2292 2293 2626 2627 2728 2828 3015 3184 3263 3340 3342
nsga2,ns192,4,2,1050,21,65864648.390776,1218.831493,0.222222,0.777778,420 421 567 568 569 571 713 854 992 994 1269 1271 1541 1930 1931 2114 2116 2175 2176 2177 2292 2293 2626 2627 2728 2828 3015 3184 3263 3340 3342
nsga2,ns192,4,3,1050,21,65864648.390776,1218.831493,0.333333,0.666667,420 421 567 568 569 571 713 854 992 994 1269 1271 1541 1930 1931 2114 2116 2175 2176 2177 2292 2293 2626 2627 2728 2828 3015 3184 3263 3340 3342
nsga2,ns192,4,4,1050,21,65864648.390776,1218.831493,0.444444,0.555556,420 421 567 568 569 571 713 854 992 994 1269 1271 1541 1930 1931 2114 2116 2175 2176 2177 2292 2293 2626 2627 2728 2828 3015 3184 3263 3340 3342
nsga2,ns192,4,5,1050,21,65864648.390776,1218.831493,0.555556,0.444444,420 421 567 568 569 571 713 854 992 994 1269 1271 1541 1930 1931 2114 2116 2175 2176 2177 2292 2293 2626 2627 2728 2828 3015 3184 3263 3340 3342
nsga2,ns192,4,6,1050,21,65864648.390776,1218.831493,0.666667,0.333333,420 421 567 568 569 571 713 854 992 994 1269 1271 1541 1930 1931 2114 2116 2175 2176 2177 2292 2293 2626 2627 2728 2828 3015 3184 3263 3340 3342
nsga2,ns192,4,7,1050,21,65864648.390776,1218.831493,0.777778,0.222222,420 421 567 568 569 571 713 854 992 994 1269 1271 1541 1930 1931 2114 2116 2175 2176 2177 2292 2293 2626 2627 2728 2828 3015 3184 3263 3340 3342
nsga2,ns192,4,8,1050,21,65864648.390776,1218.831493,0.888889,0.111111,420 421 567 568 569 571 713 854 992 994 1269 1271 1541 1930 1931 2114 2116 2175 2176 2177 2292 2293 2626 2627 2728 2828 3015 3184 3263 3340 3342
nsga2,ns192,4,9,1050,21,65864648.390776,1218.831493,1.000000,0.000000,420 421 567 568 569 571 713 854 992 994 1269 1271 1541 1930 1931 2114 2116 2175 2176 2177 2292 2293 2626 2627 2728 2828 3015 3184 3263 3340 3342
nsga2,ns192,4,0,1100,22,69241228.812130,1706.844633,0.000000,1.000000,371 373 440 569 571 959 992 1013 1271 1488 1541 1562 1823 2112 2114 2116 2118 2536 2538 2627 2828 3119 3259 3261 3334 3340 3480 3726 3796 3908 3975
nsga2,ns192,4,1,1100,22,65835724.616843,1221.718393,0.111111,0.888889,420 421 567 568 569 571 712 713 992 994 1128 1269 1271 1541 1930 1931 2118 2175 2177 2293 2408 2627 2728 2828 3015 3100 3184 3263 3338 3340 3342
nsga2,ns192,4,2,1100,22,65835724.616843,1221.718393,0.222222,0.777778,420 421 567 568 569 571 712 713 992 994 1128 1269 1271 1541 1930 1931 2118 2175 2177 2293 2408 2627 2728 2828 3015 3100 3184 3263 3338 3340 3342
nsga2,ns192,4,3,1100,22,65835724.616843,1221.718393,0.333333,0.666667,420 421 567 568 569 571 712 713 992 994 1128 1269 1271 1541 1930 1931 2118 2175 2177 2293 2408 2627 2728 2828 3015 3100 3184 3263 3338 3340 3342
nsga2,ns192,4,4,1100,22,65835724.616843,1221.718393,0.444444,0.555556,420 421 567 568 569 571 712 713 992 994 1128 1269 1271 1541 1930 1931 2118 2175 2177 2293 2408 2627 2728 2828 3015 3100 3184 3263 3338 3340 3342
nsga2,ns192,4,5,1100,22,65835724.616843,1221.718393,0.555556,0.444444,420 421 567 568 569 571 712 713 992 994 1128 1269 1271 1541 1930 1931 2118 2175 2177 2293 2408 2627 2728 2828 3015 3100 3184 3263 3338 3340 3342
nsga2,ns192,4,6,1100,22,65835724.616843,1221.718393,0.666667,0.333333,420 421 567 568 569 571 712 713 992 994 1128 1269 1271 1541 1930 1931 2118 2175 2177 2293 2408 2627 2728 2828 3015 3100 3184 3263 3338 3340 3342
nsga2,ns192,4,7,1100,22,65835724.616843,1221.718393,0.777778,0.222222,420 421 567 568 569 571 712 713 992 994 1128 1269 1271 1541 1930 1931 2118 2175 2177 2293 2408 2627 2728 2828 3015 3100 3184 3263 3338 3340 3342
nsga2,ns192,4,8,1100,22,65835724.616843,1221.718393,0.888889,0.111111,420 421 567 568 569 571 712 713 992 994 1128 1269 1271 1541 1930 1931 2118 2175 2177 2293 2408 2627 2728 2828 3015 3100 3184 3263 3338 3340 3342
nsga2,ns192,4,9,1100,22,65835724.616843,1221.718393,1.000000,0.000000,420 421 567 568 569 571 712 713 992 994 1128 1269 1271 1541 1930 1931 2118 2175 2177 2293 2408 2627 2728 2828 3015 3100 3184 3263 3338 3340 3342
nsga2,ns192,4,0,1150,23,69241228.812130,1706.844633,0.000000,1.000000,371 373 440 569 571 959 992 1013 1271 1488 1541 1562 1823 2112 2114 2116 2118 2536 2538 2627 2828 3119 3259 3261 3334 3340 3480 3726 3796 3908 3975
nsga2,ns192,4,1,1150,23,65835724.616843,1221.718393,0.111111,0.888889,420 421 567 568 569 571 712 713 992 994 1128 1269 1271 1541 1930 1931 2118 2175 2177 2293 2408 2627 2728 2828 3015 3100 3184 3263 3338 3340 3342
nsga2,ns192,4,2,1150,23,65835724.616843,1221.718393,0.222222,0.777778,420 421 567 568 569 571 712 713 992 994 1128 1269 1271 1541 1930 1931 2118 2175 2177 2293 2408 2627 2728 2828 3015 3100 3184 3263 3338 3340 3342
nsga2,ns192,4,3,1150,23,65835724.616843,1221.718393,0.333333,0.666667,420 421 567 568 569 571 712 713 992 994 1128 1269 1271 1541 1930 1931 2118 2175 2177 2293 2408 2627 2728 2828 3015 3100 3184 3263 3338 3340 3342
nsga2,ns192,4,4,1150,23,65835724.616843,1221.718393,0.444444,0.555556,420 421 567 568 569 571 712 713 992 994 1128 1269 1271 1541 1930 1931 2118 2175 2177 2293 2408 2627 2728 2828 3015 3100 3184 3263 3338 3340 3342
nsga2,ns192,4,5,1150,23,65835724.616843,1221.718393,0.555556,0.444444,420 421 567 568 569 571 712 713 992 994 1128 1269 1271 1541 1930 1931 2118 2175 2177 2293 2408 2627 2728 2828 3015 3100 3184 3263 3338 3340 3342
nsga2,ns192,4,6,1150,23,65835724.616843,1221.718393,0.666667,0.333333,420 421 567 568 569 571 712 713 992 994 1128 1269 1271 1541 1930 1931 2118 2175 2177 2293 2408 2627 2728 2828 3015 3100 3184 3263 3338 3340 3342
nsga2,ns192,4,7,1150,23,65835724.616843,1221.718393,0.777778,0.222222,420 421 567 568 569 571 712 713 992 994 1128 1269 1271 1541 1930 1931 2118 2175 2177 2293 2408 2627 2728 2828 3015 3100 3184 3263 3338 3340 3342
nsga2,ns192,4,8,1150,23,65835724.616843,1221.718393,0.888889,0.111111,420 421 567 568 569 571 712 713 992 994 1128 1269 1271 1541 1930 1931 2118 2175 2177 2293 2408 2627 2728 2828 3015 3100 3184 3263 3338 3340 3342
nsga2,ns192,4,9,1150,23,65835724.616843,1221.718393,1.000000,0.000000,420 421 567 568 569 571 712 713 992 994 1128 1269 1271 1541 1930 1931 2118 2175 2177 2293 2408 2627 2728 2828 3015 3100 3184 3263 3338 3340 3342
nsga2,ns192,4,0,1200,24,69241228.812130,1706.844633,0.000000,1.000000,371 373 440 569 571 959 992 1013 1271 1488 1541 1562 1823 2112 2114 2116 2118 2536 2538 2627 2828 3119 3259 3261 3334 3340 3480 3726 3796 3908 3975
nsga2,ns192,4,1,1200,24,65782836.884023,1204.917390,0.111111,0.888889,420 421 567 568 569 571 712 713 992 994 1128 1269 1271 1541 1930 1931 1933 2175 2177 2293 2408 2627 2728 2828 3015 3100 3184 3263 3338 3340 3342
nsga2,ns192,4,2,1200,24,65782836.884023,1204.917390,0.222222,0.777778,420 421 567 568 569 571 712 713 992 994 1128 1269 1271 1541 1930 1931 1933 2175 2177 2293 2408 2627 2728 2828 3015 3100 3184 3263 3338 3340 3342
nsga2,ns192,4,3,1200,24,65782836.884023,1204.917390,0.333333,0.666667,420 421 567 568 569 571 712 713 992 994 1128 1269 1271 1541 1930 1931 1933 2175 2177 2293 2408 2627 2728 2828 3015 3100 3184 3263 3338 3340 3342
nsga2,ns192,4,4,1200,24,65782836.884023,1204.917390,0.444444,0.555556,420 421 567 568 569 571 712 713 992 994 1128 1269 1271 1541 1930 1931 1933 2175 2177 2293 2408 2627 2728 2828 3015 3100 3184 3263 3338 3340 3342
nsga2,ns192,4,5,1200,24,65782836.884023,1204.917390,0.555556,0.444444,420 421 567 568 569 571 712 713 992 994 1128 1269 1271 1541 1930 1931 1933 2175 2177 2293 2408 2627 2728 2828 3015 3100 3184 3263 3338 3340 3342
nsga2,ns192,4,6,1200,24,65782836.884023,1204.917390,0.666667,0.333333,420 421 567 568 569 571 712 713 992 994 1128 1269 1271 1541 1930 1931 1933 2175 2177 2293 2408 2627 2728 2828 3015 3100 3184 3263 3338 3340 3342
nsga2,ns192,4,7,1200,24,65782836.884023,1204.917390,0.777778,0.222222,420 421 567 568 569 571 712 713 992 994 1128 1269 1271 1541 1930 1931 1933 2175 2177 2293 2408 2627 2728 2828 3015 3100 3184 3263 3338 3340 3342
nsga2,ns192,4,8,1200,24,65782836.884023,1204.917390,0.888889,0.111111,420 421 567 568 569 571 712 713 992 994 1128 1269 1271 1541 1930 1931 1933 2175 2177 2293 2408 2627 2728 2828 3015 3100 3184 3263 3338 3340 3342
nsga2,ns192,4,9,1200,24,65782836.884023,1204.917390,1.000000,0.000000,420 421 567 568 569 571 712 713 992 994 1128 1269 1271 1541 1930 1931 1933 2175 2177 2293 2408 2627 2728 2828 3015 3100 3184 3263 3338 3340 3342
nsga2,ns192,4,0,1250,25,69241228.812130,1706.844633,0.000000,1.000000,371 373 440 569 571 959 992 1013 1271 1488 1541 1562 1823 2112 2114 2116 2118 2536 2538 2627 2828 3119 3259 3261 3334 3340 3480 3726 3796 3908 3975
nsga2,ns192,4,1,1250,25,65771472.748014,1203.494828,0.111111,0.888889,420 421 567 568 569 571 713 854 992 994 1128 1269 1271 1541 1930 1931 1933 2175 2177 2293 2408 2627 2728 2828 3015 3100 3184 3263 3338 3340 3342
nsga2,ns192,4,2,1250,25,65771472.748014,1203.494828,0.222222,0.777778,420 421 567 568 569 571 713 854 992 994 1128 1269 1271 1541 1930 1931 1933 2175 2177 2293 2408 2627 2728 2828 3015 3100 3184 3263 3338 3340 3342
nsga2,ns192,4,3,1250,25,65771472.748014,1203.494828,0.333333,0.666667,420 421 567 568 569 571 713 854 992 994 1128 1269 1271 1541 1930 1931 1933 2175 2177 2293 2408 2627 2728 2828 3015 3100 3184 3263 3338 3340 3342
nsga2,ns192,4,4,1250,25,65771472.748014,1203.494828,0.444444,0.555556,420 421 567 568 569 571 713 854 992 994 1128 1269 1271 1541 1930 1931 1933 2175 2177 2293 2408 2627 2728 2828 3015 3100 3184 3263 3338 3340 3342
nsga2,ns192,4,5,1250,25,65771472.748014,1203.494828,0.555556,0.444444,420 421 567 568 569 571 713 854 992 994 1128 1269 1271 1541 1930 1931 1933 2175 2177 2293 2408 2627 2728 2828 3015 3100 3184 3263 3338 3340 3342
nsga2,ns192,4,6,1250,25,65771472.748014,1203.494828,0.666667,0.333333,420 421 567 568 569 571 713 854 992 994 1128 1269 1271 1541 1930 1931 1933 2175 2177 2293 2408 2627 2728 2828 3015 3100 3184 3263 3338 3340 3342
nsga2,ns192,4,7,1250,25,65771472.748014,1203.494828,0.777778,0.222222,420 421 567 568 569 571 713 854 992 994 1128 1269 1271 1541 1930 1931 1933 2175 2177 2293 2408 2627 2728 2828 3015 3100 3184 3263 3338 3340 3342
nsga2,ns192,4,8,1250,25,65771472.748014,1203.494828,0.888889,0.111111,420 421 567 568 569 571 713 854 992 994 1128 1269 1271 1541 1930 1931 1933 2175 2177 2293 2408 2627 2728 2828 3015 3100 3184 3263 3338 3340 3342
nsga2,ns192,4,9,1250,25,65771472.748014,1203.494828,1.000000,0.000000,420 421 567 568 569 571 713 854 992 994 1128 1269 1271 1541 1930 1931 1933 2175 2177 2293 2408 2627 2728 2828 3015 3100 3184 3263 3338 3340 3342
nsga2,ns192,4,0,1300,26,69184139.051618,1706.844633,0.000000,1.000000,371 373 440 569 571 854 1013 1488 1543 1562 1823 2010 2112 2114 2116 2118 2177 2536 2538 2627 2828 3119 3259 3261 3334 3340 3480 3726 3796 3908 3975
nsga2,ns192,4,1,1300,26,65771472.748014,1203.494828,0.111111,0.888889,420 421 567 568 569 571 713 854 992 994 1128 1269 1271 1541 1930 1931 1933 2175 2177 2293 2408 2627 2728 2828 3015 3100 3184 3263 3338 3340 3342
nsga2,ns192,4,2,1300,26,65771472.748014,1203.494828,0.222222,0.777778,420 421 567 568 569 571 713 854 992 994 1128 1269 1271 1541 1930 1931 1933 2175 2177 2293 2408 2627 2728 2828 3015 3100 3184 3263 3338 3340 3342
nsga2,ns192,4,3,1300,26,65771472.748014,1203.494828,0.333333,0.666667,420 421 567 568 569 571 713 854 992 994 1128 1269 1271 1541 1930 1931 1933 2175 2177 2293 2408 2627 2728 2828 3015 3100 3184 3263 3338 3340 3342
nsga2,ns192,4,4,1300,26,65771472.748014,1203.494828,0.444444,0.555556,420 421 567 568 569 571 713 854 992 994 1128 1269 1271 1541 1930 1931 1933 2175 2177 2293 2408 2627 2728 2828 3015 3100 3184 3263 3338 3340 3342
nsga2,ns192,4,5,1300,26,65771472.748014,1203.494828,0.555556,0.444444,420 421 567 568 569 571 713 854 992 994 1128 1269 1271 1541 1930 1931 1933 2175 2177 2293 2408 2627 2728 2828 3015 3100 3184 3263 3338 3340 3342
nsga2,ns192,4,6,1300,26,65771472.748014,1203.494828,0.666667,0.333333,420 421 567 568 569 571 713 854 992 994 1128 1269 1271 1541 1930 1931 1933 2175 2177 2293 2408 2627 2728 2828 3015 3100 3184 3263 3338 3340 3342
nsga2,ns192,4,7,1300,26,65771472.748014,1203.494828,0.777778,0.222222,420 421 567 568 569 571 713 854 992 994 1128 1269 1271 1541 1930 1931 1933 2175 2177 2293 2408 2627 2728 2828 3015 3100 3184 3263 3338 3340 3342
nsga2,ns192,4,8,1300,26,65771472.748014,1203.494828,0.888889,0.111111,420 421 567 568 569 571 713 854 992 994 1128 1269 1271 1541 1930 1931 1933 2175 2177 2293 2408 2627 2728 2828 3015 3100 3184 3263 3338 3340 3342
nsga2,ns192,4,9,1300,26,65771472.748014,1203.494828,1.000000,0.000000,420 421 567 568 569 571 713 854 992 994 1128 1269 1271 1541 1930 1931 1933 2175 2177 2293 2408 2627 2728 2828 3015 3100 3184 3263 3338 3340 3342
nsga2,ns192,4,0,1350,27,69184139.051618,1706.844633,0.000000,1.000000,371 373 440 569 571 854 1013 1488 1543 1562 1823 2010 2112 2114 2116 2118 2177 2536 2538 2627 2828 3119 3259 3261 3334 3340 3480 3726 3796 3908 3975
nsga2,ns192,4,1,1350,27,65761185.121588,1200.421340,0.111111,0.888889,420 421 567 568 569 571 713 854 992 994 1128 1269 1271 1541 1931 1933 2175 2177 2293 2408 2627 2728 2828 3015 3100 3184 3263 3264 3338 3340 3342
nsga2,ns192,4,2,1350,27,65761185.121588,1200.421340,0.222222,0.777778,420 421 567 568 569 571 713 854 992 994 1128 1269 1271 1541 1931 1933 2175 2177 2293 2408 2627 2728 2828 3015 3100 3184 3263 3264 3338 3340 3342
nsga2,ns192,4,3,1350,27,65761185.121588,1200.421340,0.333333,0.666667,420 421 567 568 569 571 713 854 992 994 1128 1269 1271 1541 1931 1933 2175 2177 2293 2408 2627 2728 2828 3015 3100 3184 3263 3264 3338 3340 3342
nsga2,ns192,4,4,1350,27,65761185.121588,1200.421340,0.444444,0.555556,420 421 567 568 569 571 713 854 992 994 1128 1269 1271 1541 1931 1933 2175 2177 2293 2408 2627 2728 2828 3015 3100 3184 3263 3264 3338 3340 3342
nsga2,ns192,4,5,1350,27,65761185.121588,1200.421340,0.555556,0.444444,420 421 567 568 569 571 713 854 992 994 1128 1269 1271 1541 1931 1933 2175 2177 2293 2408 2627 2728 2828 3015 3100 3184 3263 3264 3338 3340 3342
nsga2,ns192,4,6,1350,27,65761185.121588,1200.421340,0.666667,0.333333,420 421 567 568 569 571 713 854 992 994 1128 1269 1271 1541 1931 1933 2175 2177 2293 2408 2627 2728 2828 3015 3100 3184 3263 3264 3338 3340 3342
nsga2,ns192,4,7,1350,27,65761185.121588,1200.421340,0.777778,0.222222,420 421 567 568 569 571 713 854 992 994 1128 1269 1271 1541 1931 1933 2175 2177 2293 2408 2627 2728 2828 3015 3100 3184 3263 3264 3338 3340 3342
nsga2,ns192,4,8,1350,27,65761185.121588,1200.421340,0.888889,0.111111,420 421 567 568 569 571 713 854 992 994 1128 1269 1271 1541 1931 1933 2175 2177 2293 2408 2627 2728 2828 3015 3100 3184 3263 3264 3338 3340 3342
nsga2,ns192,4,9,1350,27,65761185.121588,1200.421340,1.000000,0.000000,420 421 567 568 569 571 713 854 992 994 1128 1269 1271 1541 1931 1933 2175 2177 2293 2408 2627 2728 2828 3015 3100 3184 3263 3264 3338 3340 3342
nsga2,ns192,4,0,1400,28,69184139.051618,1706.844633,0.000000,1.000000,371 373 440 569 571 854 1013 1488 1543 1562 1823 2010 2112 2114 2116 2118 2177 2536 2538 2627 2828 3119 3259 3261 3334 3340 3480 3726 3796 3908 3975
nsga2,ns192,4,1,1400,28,65759109.158256,1196.979171,0.111111,0.888889,420 421 567 568 569 571 713 854 992 994 1128 1269 1271 1541 1930 1931 2174 2175 2177 2293 2408 2627 2728 2828 3015 3100 3184 3263 3338 3340 3342
nsga2,ns192,4,2,1400,28,65759109.158256,1196.979171,0.222222,0.777778,420 421 567 568 569 571 713 854 992 994 1128 1269 1271 1541 1930 1931 2174 2175 2177 2293 2408 2627 2728 2828 3015 3100 3184 3263 3338 3340 3342
nsga2,ns192,4,3,1400,28,65759109.158256,1196.979171,0.333333,0.666667,420 421 567 568 569 571 713 854 992 994 1128 1269 1271 1541 1930 1931 2174 2175 2177 2293 2408 2627 2728 2828 3015 3100 3184 3263 3338 3340 3342
nsga2,ns192,4,4,1400,28,65759109.158256,1196.979171,0.444444,0.555556,420 421 567 568 569 571 713 854 992 994 1128 1269 1271 1541 1930 1931 2174 2175 2177 2293 2408 2627 2728 2828 3015 3100 3184 3263 3338 3340 3342
nsga2,ns192,4,5,1400,28,65759109.158256,1196.979171,0.555556,0.444444,420 421 567 568 569 571 713 854 992 994 1128 1269 1271 1541 1930 1931 2174 2175 2177 2293 2408 2627 2728 2828 3015 3100 3184 3263 3338 3340 3342
nsga2,ns192,4,6,1400,28,65759109.158256,1196.979171,0.666667,0.333333,420 421 567 568 569 571 713 854 992 994 1128 1269 1271 1541 1930 1931 2174 2175 2177 2293 2408 2627 2728 2828 3015 3100 3184 3263 3338 3340 3342
nsga2,ns192,4,7,1400,28,65759109.158256,1196.979171,0.777778,0.222222,420 421 567 568 569 571 713 854 992 994 1128 1269 1271 1541 1930 1931 2174 2175 2177 2293 2408 2627 2728 2828 3015 3100 3184 3263 3338 3340 3342
nsga2,ns192,4,8,1400,28,65759109.158256,1196.979171,0.888889,0.111111,420 421 567 568 569 571 713 854 992 994 1128 1269 1271 1541 1930 1931 2174 2175 2177 2293 2408 2627 2728 2828 3015 3100 3184 3263 3338 3340 3342
nsga2,ns192,4,9,1400,28,65759109.158256,1196.979171,1.000000,0.000000,420 421 567 568 569 571 713 854 992 994 1128 1269 1271 1541 1930 1931 2174 2175 2177 2293 2408 2627 2728 2828 3015 3100 3184 3263 3338 3340 3342
nsga2,ns192,4,0,1450,29,69184139.051618,1706.844633,0.000000,1.000000,371 373 440 569 571 854 1013 1488 1543 1562 1823 2010 2112 2114 2116 2118 2177 2536 2538 2627 2828 3119 3259 3261 3334 3340 3480 3726 3796 3908 3975
nsga2,ns192,4,1,1450,29,65755249.420671,1196.979171,0.111111,0.888889,419 420 421 568 569 571 713 854 992 994 1128 1269 1271 1541 1930 1931 2174 2175 2177 2293 2408 2627 2728 2828 3015 3100 3184 3263 3338 3340 3342
nsga2,ns192,4,2,1450,29,65755249.420671,1196.979171,0.222222,0.777778,419 420 421 568 569 571 713 854 992 994 1128 1269 1271 1541 1930 1931 2174 2175 2177 2293 2408 2627 2728 2828 3015 3100 3184 3263 3338 3340 3342
nsga2,ns192,4,3,1450,29,65755249.420671,1196.979171,0.333333,0.666667,419 420 421 568 569 571 713 854 992 994 1128 1269 1271 1541 1930 1931 2174 2175 2177 2293 2408 2627 2728 2828 3015 3100 3184 3263 3338 3340 3342
nsga2,ns192,4,4,1450,29,65755249.420671,1196.979171,0.444444,0.555556,419 420 421 568 569 571 713 854 992 994 1128 1269 1271 1541 1930 1931 2174 2175 2177 2293 2408 2627 2728 2828 3015 3100 3184 3263 3338 3340 3342
nsga2,ns192,4,5,1450,29,65755249.420671,1196.979171,0.555556,0.444444,419 420 421 568 569 571 713 854 992 994 1128 1269 1271 1541 1930 1931 2174 2175 2177 2293 2408 2627 2728 2828 3015 3100 3184 3263 3338 3340 3342
nsga2,ns192,4,6,1450,29,65755249.420671,1196.979171,0.666667,0.333333,419 420 421 568 569 571 713 854 992 994 1128 1269 1271 1541 1930 1931 2174 2175 2177 2293 2408 2627 2728 2828 3015 3100 3184 3263 3338 3340 3342
nsga2,ns192,4,7,1450,29,65755249.420671,1196.979171,0.777778,0.222222,419 420 421 568 569 571 713 854 992 994 1128 1269 1271 1541 1930 1931 2174 2175 2177 2293 2408 2627 2728 2828 3015 3100 3184 3263 3338 3340 3342
nsga2,ns192,4,8,1450,29,65755249.420671,1196.979171,0.888889,0.111111,419 420 421 568 569 571 713 854 992 994 1128 1269 1271 1541 1930 1931 2174 2175 2177 2293 2408 2627 2728 2828 3015 3100 3184 3263 3338 3340 3342
nsga2,ns192,4,9,1450,29,65755249.420671,1196.979171,1.000000,0.000000,419 420 421 568 569 571 713 854 992 994 1128 1269 1271 1541 1930 1931 2174 2175 2177 2293 2408 2627 2728 2828 3015 3100 3184 3263 3338 3340 3342
nsga2,ns192,4,0,1500,30,69184139.051618,1706.844633,0.000000,1.000000,371 373 440 569 571 854 1013 1488 1543 1562 1823 2010 2112 2114 2116 2118 2177 2536 2538 2627 2828 3119 3259 3261 3334 3340 3480 3726 3796 3908 3975
nsga2,ns192,4,1,1500,30,65755249.420671,1196.979171,0.111111,0.888889,419 420 421 568 569 571 713 854 992 994 1128 1269 1271 1541 1930 1931 2174 2175 2177 2293 2408 2627 2728 2828 3015 3100 3184 3263 3338 3340 3342
nsga2,ns192,4,2,1500,30,65755249.420671,1196.979171,0.222222,0.777778,419 420 421 568 569 571 713 854 992 994 1128 1269 1271 1541 1930 1931 2174 2175 2177 2293 2408 2627 2728 2828 3015 3100 3184 3263 3338 3340 3342
nsga2,ns192,4,3,1500,30,65755249.420671,1196.979171,0.333333,0.666667,419 420 421 568 569 571 713 854 992 994 1128 1269 1271 1541 1930 1931 2174 2175 2177 2293 2408 2627 2728 2828 3015 3100 3184 3263 3338 3340 3342
nsga2,ns192,4,4,1500,30,65755249.420671,1196.979171,0.444444,0.555556,419 420 421 568 569 571 713 854 992 994 1128 1269 1271 1541 1930 1931 2174 2175 2177 2293 2408 2627 2728 2828 3015 3100 3184 3263 3338 3340 3342
nsga2,ns192,4,5,1500,30,65755249.420671,1196.979171,0.555556,0.444444,419 420 421 568 569 571 713 854 992 994 1128 1269 1271 1541 1930 1931 2174 2175 2177 2293 2408 2627 2728 2828 3015 3100 3184 3263 3338 3340 3342
nsga2,ns192,4,6,1500,30,65755249.420671,1196.979171,0.666667,0.333333,419 420 421 568 569 571 713 854 992 994 1128 1269 1271 1541 1930 1931 2174 2175 2177 2293 2408 2627 2728 2828 3015 3100 3184 3263 3338 3340 3342
nsga2,ns192,4,7,1500,30,65755249.420671,1196.979171,0.777778,0.222222,419 420 421 568 569 571 713 854 992 994 1128 1269 1271 1541 1930 1931 2174 2175 2177 2293 2408 2627 2728 2828 3015 3100 3184 3263 3338 3340 3342
nsga2,ns192,4,8,1500,30,65755249.420671,1196.979171,0.888889,0.111111,419 420 421 568 569 571 713 854 992 994 1128 1269 1271 1541 1930 1931 2174 2175 2177 2293 2408 2627 2728 2828 3015 3100 3184 3263 3338 3340 3342
nsga2,ns192,4,9,1500,30,65755249.420671,1196.979171,1.000000,0.000000,419 420 421 568 569 571 713 854 992 994 1128 1269 1271 1541 1930 1931 2174 2175 2177 2293 2408 2627 2728 2828 3015 3100 3184 3263 3338 3340 3342
nsga2,ns192,4,0,1550,31,69182486.377077,1706.844633,0.000000,1.000000,371 373 440 569 571 854 1013 1488 1543 1562 1762 1823 2112 2114 2116 2118 2177 2536 2538 2627 2828 3119 3259 3261 3334 3340 3480 3726 3796 3908 3975
nsga2,ns192,4,1,1550,31,65739215.556872,1178.569386,0.111111,0.888889,419 420 421 568 569 571 713 854 992 994 1128 1269 1271 1541 1544 1930 1931 2175 2177 2293 2408 2627 2728 2828 3015 3100 3184 3263 3338 3340 3342
nsga2,ns192,4,2,1550,31,65739215.556872,1178.569386,0.222222,0.777778,419 420 421 568 569 571 713 854 992 994 1128 1269 1271 1541 1544 1930 1931 2175 2177 2293 2408 2627 2728 2828 3015 3100 3184 3263 3338 3340 3342
nsga2,ns192,4,3,1550,31,65739215.556872,1178.569386,0.333333,0.666667,419 420 421 568 569 571 713 854 992 994 1128 1269 1271 1541 1544 1930 1931 2175 2177 2293 2408 2627 2728 2828 3015 3100 3184 3263 3338 3340 3342
nsga2,ns192,4,4,1550,31,65739215.556872,1178.569386,0.444444,0.555556,419 420 421 568 569 571 713 854 992 994 1128 1269 1271 1541 1544 1930 1931 2175 2177 2293 2408 2627 2728 2828 3015 3100 3184 3263 3338 3340 3342
nsga2,ns192,4,5,1550,31,65739215.556872,1178.569386,0.555556,0.444444,419 420 421 568 569 571 713 854 992 994 1128 1269 1271 1541 1544 1930 1931 2175 2177 2293 2408 2627 2728 2828 3015 3100 3184 3263 3338 3340 3342
nsga2,ns192,4,6,1550,31,65739215.556872,1178.569386,0.666667,0.333333,419 420 421 568 569 571 713 854 992 994 1128 1269 1271 1541 1544 1930 1931 2175 2177 2293 2408 2627 2728 2828 3015 3100 3184 3263 3338 3340 3342
nsga2,ns192,4,7,1550,31,65739215.556872,1178.569386,0.777778,0.222222,419 420 421 568 569 571 713 854 992 994 1128 1269 1271 1541 1544 1930 1931 2175 2177 2293 2408 2627 2728 2828 3015 3100 3184 3263 3338 3340 3342
nsga2,ns192,4,8,1550,31,65739215.556872,1178.569386,0.888889,0.111111,419 420 421 568 569 571 713 854 992 994 1128 1269 1271 1541 1544 1930 1931 2175 2177 2293 2408 2627 2728 2828 3015 3100 3184 3263 3338 3340 3342
nsga2,ns192,4,9,1550,31,65739215.556872,1178.569386,1.000000,0.000000,419 420 421 568 569 571 713 854 992 994 1128 1269 1271 1541 1544 1930 1931 2175 2177 2293 2408 2627 2728 2828 3015 3100 3184 3263 3338 3340 3342
nsga2,ns192,4,0,1600,32,69182486.377077,1706.844633,0.000000,1.000000,371 373 440 569 571 854 1013 1488 1543 1562 1762 1823 2112 2114 2116 2118 2177 2536 2538 2627 2828 3119 3259 3261 3334 3340 3480 3726 3796 3908 3975
nsga2,ns192,4,1,1600,32,65689179.992845,1176.606716,0.111111,0.888889,419 420 421 567 568 569 570 713 992 994 1269 1271 1541 1543 1544 1930 1931 2175 2177 2293 2408 2627 2728 2828 3015 3100 3184 3263 3338 3340 3342
nsga2,ns192,4,2,1600,32,65689179.992845,1176.606716,0.222222,0.777778,419 420 421 567 568 569 570 713 992 994 1269 1271 1541 1543 1544 1930 1931 2175 2177 2293 2408 2627 2728 2828 3015 3100 3184 3263 3338 3340 3342
nsga2,ns192,4,3,1600,32,65689179.992845,1176.606716,0.333333,0.666667,419 420 421 567 568 569 570 713 992 994 1269 1271 1541 1543 1544 1930 1931 2175 2177 2293 2408 2627 2728 2828 3015 3100 3184 3263 3338 3340 3342
nsga2,ns192,4,4,1600,32,65689179.992845,1176.606716,0.444444,0.555556,419 420 421 567 568 569 570 713 992 994 1269 1271 1541 1543 1544 1930 1931 2175 2177 2293 2408 2627 2728 2828 3015 3100 3184 3263 3338 3340 3342
nsga2,ns192,4,5,1600,32,65689179.992845,1176.606716,0.555556,0.444444,419 420 421 567 568 569 570 713 992 994 1269 1271 1541 1543 1544 1930 1931 2175 2177 2293 2408 2627 2728 2828 3015 3100 3184 3263 3338 3340 3342
nsga2,ns192,4,6,1600,32,65689179.992845,1176.606716,0.666667,0.333333,419 420 421 567 568 569 570 713 992 994 1269 1271 1541 1543 1544 1930 1931 2175 2177 2293 2408 2627 2728 2828 3015 3100 3184 3263 3338 3340 3342
nsga2,ns192,4,7,1600,32,65689179.992845,1176.606716,0.777778,0.222222,419 420 421 567 568 569 570 713 992 994 1269 1271 1541 1543 1544 1930 1931 2175 2177 2293 2408 2627 2728 2828 3015 3100 3184 3263 3338 3340 3342
nsga2,ns192,4,8,1600,32,65689179.992845,1176.606716,0.888889,0.111111,419 420 421 567 568 569 570 713 992 994 1269 1271 1541 1543 1544 1930 1931 2175 2177 2293 2408 2627 2728 2828 3015 3100 3184 3263 3338 3340 3342
nsga2,ns192,4,9,1600,32,65689179.992845,1176.606716,1.000000,0.000000,419 420 421 567 568 569 570 713 992 994 1269 1271 1541 1543 1544 1930 1931 2175 2177 2293 2408 2627 2728 2828 3015 3100 3184 3263 3338 3340 3342
nsga2,ns192,4,0,1650,33,69182486.377077,1706.844633,0.000000,1.000000,371 373 440 569 571 854 1013 1488 1543 1562 1762 1823 2112 2114 2116 2118 2177 2536 2538 2627 2828 3119 3259 3261 3334 3340 3480 3726 3796 3908 3975
nsga2,ns192,4,1,1650,33,65679281.906204,1174.679399,0.111111,0.888889,419 420 421 567 568 569 570 713 992 994 1269 1271 1408 1541 1543 1544 1930 1931 2177 2293 2408 2627 2728 2828 3015 3100 3184 3263 3338 3340 3342
nsga2,ns192,4,2,1650,33,65679281.906204,1174.679399,0.222222,0.777778,419 420 421 567 568 569 570 713 992 994 1269 1271 1408 1541 1543 1544 1930 1931 2177 2293 2408 2627 2728 2828 3015 3100 3184 3263 3338 3340 3342
nsga2,ns192,4,3,1650,33,65679281.906204,1174.679399,0.333333,0.666667,419 420 421 567 568 569 570 713 992 994 1269 1271 1408 1541 1543 1544 1930 1931 2177 2293 2408 2627 2728 2828 3015 3100 3184 3263 3338 3340 3342
nsga2,ns192,4,4,1650,33,65679281.906204,1174.679399,0.444444,0.555556,419 420 421 567 568 569 570 713 992 994 1269 1271 1408 1541 1543 1544 1930 1931 2177 2293 2408 2627 2728 2828 3015 3100 3184 3263 3338 3340 3342
nsga2,ns192,4,5,1650,33,65679281.906204,1174.679399,0.555556,0.444444,419 420 421 567 568 569 570 713 992 994 1269 1271 1408 1541 1543 1544 1930 1931 2177 2293 2408 2627 2728 2828 3015 3100 3184 3263 3338 3340 3342
nsga2,ns192,4,6,1650,33,65679281.906204,1174.679399,0.666667,0.333333,419 420 421 567 568 569 570 713 992 994 1269 1271 1408 1541 1543 1544 1930 1931 2177 2293 2408 2627 2728 2828 3015 3100 3184 3263 3338 3340 3342
nsga2,ns192,4,7,1650,33,65679281.906204,1174.679399,0.777778,0.222222,419 420 421 567 568 569 570 713 992 994 1269 1271 1408 1541 1543 1544 1930 1931 2177 2293 2408 2627 2728 2828 3015 3100 3184 3263 3338 3340 3342
nsga2,ns192,4,8,1650,33,65679281.906204,1174.679399,0.888889,0.111111,419 420 421 567 568 569 570 713 992 994 1269 1271 1408 1541 1543 1544 1930 1931 2177 2293 2408 2627 2728 2828 3015 3100 3184 3263 3338 3340 3342
nsga2,ns192,4,9,1650,33,65679281.906204,1174.679399,1.000000,0.000000,419 420 421 567 568 569 570 713 992 994 1269 1271 1408 1541 1543 1544 1930 1931 2177 2293 2408 2627 2728 2828 3015 3100 3184 3263 3338 3340 3342
nsga2,ns192,4,0,1700,34,69182486.377077,1706.844633,0.000000,1.000000,371 373 440 569 571 854 1013 1488 1543 1562 1762 1823 2112 2114 2116 2118 2177 2536 2538 2627 2828 3119 3259 3261 3334 3340 3480 3726 3796 3908 3975
nsga2,ns192,4,1,1700,34,65679281.906204,1174.679399,0.111111,0.888889,419 420 421 567 568 569 570 713 992 994 1269 1271 1408 1541 1543 1544 1930 1931 2177 2293 2408 2627 2728 2828 3015 3100 3184 3263 3338 3340 3342
nsga2,ns192,4,2,1700,34,65679281.906204,1174.679399,0.222222,0.777778,419 420 421 567 568 569 570 713 992 994 1269 1271 1408 1541 1543 1544 1930 1931 2177 2293 2408 2627 2728 2828 3015 3100 3184 3263 3338 3340 3342
nsga2,ns192,4,3,1700,34,65679281.906204,1174.679399,0.333333,0.666667,419 420 421 567 568 569 570 713 992 994 1269 1271 1408 1541 1543 1544 1930 1931 2177 2293 2408 2627 2728 2828 3015 3100 3184 3263 3338 3340 3342
nsga2,ns192,4,4,1700,34,65679281.906204,1174.679399,0.444444,0.555556,419 420 421 567 568 569 570 713 992 994 1269 1271 1408 1541 1543 1544 1930 1931 2177 2293 2408 2627 2728 2828 3015 3100 3184 3263 3338 3340 3342
nsga2,ns192,4,5,1700,34,65679281.906204,1174.679399,0.555556,0.444444,419 420 421 567 568 569 570 713 992 994 1269 1271 1408 1541 1543 1544 1930 1931 2177 2293 2408 2627 2728 2828 3015 3100 3184 3263 3338 3340 3342
nsga2,ns192,4,6,1700,34,65679281.906204,1174.679399,0.666667,0.333333,419 420 421 567 568 569 570 713 992 994 1269 1271 1408 1541 1543 1544 1930 1931 2177 2293 2408 2627 2728 2828 3015 3100 3184 3263 3338 3340 3342
nsga2,ns192,4,7,1700,34,65679281.906204,1174.679399,0.777778,0.222222,419 420 421 567 568 569 570 713 992 994 1269 1271 1408 1541 1543 1544 1930 1931 2177 2293 2408 2627 2728 2828 3015 3100 3184 3263 3338 3340 3342
nsga2,ns192,4,8,1700,34,65679281.906204,1174.679399,0.888889,0.111111,419 420 421 567 568 569 570 713 992 994 1269 1271 1408 1541 1543 1544 1930 1931 2177 2293 2408 2627 2728 2828 3015 3100 3184 3263 3338 3340 3342
nsga2,ns192,4,9,1700,34,65679281.906204,1174.679399,1.000000,0.000000,419 420 421 567 568 569 570 713 992 994 1269 1271 1408 1541 1543 1544 1930 1931 2177 2293 2408 2627 2728 2828 3015 3100 3184 3263 3338 3340 3342
nsga2,ns192,4,0,1750,35,69182486.377077,1706.844633,0.000000,1.000000,371 373 440 569 571 854 1013 1488 1543 1562 1762 1823 2112 2114 2116 2118 2177 2536 2538 2627 2828 3119 3259 3261 3334 3340 3480 3726 3796 3908 3975
nsga2,ns192,4,1,1750,35,65675805.976282,1170.939017,0.111111,0.888889,419 420 421 567 568 569 570 713 992 994 1269 1271 1408 1541 1543 1544 1930 1931 2177 2293 2408 2627 2728 2828 3015 3100 3183 3184 3263 3338 3340
nsga2,ns192,4,2,1750,35,65675805.976282,1170.939017,0.222222,0.777778,419 420 421 567 568 569 570 713 992 994 1269 1271 1408 1541 1543 1544 1930 1931 2177 2293 2408 2627 2728 2828 3015 3100 3183 3184 3263 3338 3340
nsga2,ns192,4,3,1750,35,65675805.976282,1170.939017,0.333333,0.666667,419 420 421 567 568 569 570 713 992 994 1269 1271 1408 1541 1543 1544 1930 1931 2177 2293 2408 2627 2728 2828 3015 3100 3183 3184 3263 3338 3340
nsga2,ns192,4,4,1750,35,65675805.976282,1170.939017,0.444444,0.555556,419 420 421 567 568 569 570 713 992 994 1269 1271 1408 1541 1543 1544 1930 1931 2177 2293 2408 2627 2728 2828 3015 3100 3183 3184 3263 3338 3340
nsga2,ns192,4,5,1750,35,65675805.976282,1170.939017,0.555556,0.444444,419 420 421 567 568 569 570 713 992 994 1269 1271 1408 1541 1543 1544 1930 1931 2177 2293 2408 2627 2728 2828 3015 3100 3183 3184 3263 3338 3340
nsga2,ns192,4,6,1750,35,65675805.976282,1170.939017,0.666667,0.333333,419 420 421 567 568 569 570 713 992 994 1269 1271 1408 1541 1543 1544 1930 1931 2177 2293 2408 2627 2728 2828 3015 3100 3183 3184 3263 3338 3340
nsga2,ns192,4,7,1750,35,65675805.976282,1170.939017,0.777778,0.222222,419 420 421 567 568 569 570 713 992 994 1269 1271 1408 1541 1543 1544 1930 1931 2177 2293 2408 2627 2728 2828 3015 3100 3183 3184 3263 3338 3340
nsga2,ns192,4,8,1750,35,65675805.976282,1170.939017,0.888889,0.111111,419 420 421 567 568 569 570 713 992 994 1269 1271 1408 1541 1543 1544 1930 1931 2177 2293 2408 2627 2728 2828 3015 3100 3183 3184 3263 3338 3340
nsga2,ns192,4,9,1750,35,65675805.976282,1170.939017,1.000000,0.000000,419 420 421 567 568 569 570 713 992 994 1269 1271 1408 1541 1543 1544 1930 1931 2177 2293 2408 2627 2728 2828 3015 3100 3183 3184 3263 3338 3340
nsga2,ns192,4,0,1800,36,69182486.377077,1706.844633,0.000000,1.000000,371 373 440 569 571 854 1013 1488 1543 1562 1762 1823 2112 2114 2116 2118 2177 2536 2538 2627 2828 3119 3259 3261 3334 3340 3480 3726 3796 3908 3975
nsga2,ns192,4,1,1800,36,65675805.976282,1170.939017,0.111111,0.888889,419 420 421 567 568 569 570 713 992 994 1269 1271 1408 1541 1543 1544 1930 1931 2177 2293 2408 2627 2728 2828 3015 3100 3183 3184 3263 3338 3340
nsga2,ns192,4,2,1800,36,65675805.976282,1170.939017,0.222222,0.777778,419 420 421 567 568 569 570 713 992 994 1269 1271 1408 1541 1543 1544 1930 1931 2177 2293 2408 2627 2728 2828 3015 3100 3183 3184 3263 3338 3340
nsga2,ns192,4,3,1800,36,65675805.976282,1170.939017,0.333333,0.666667,419 420 421 567 568 569 570 713 992 994 1269 1271 1408 1541 1543 1544 1930 1931 2177 2293 2408 2627 2728 2828 3015 3100 3183 3184 3263 3338 3340
nsga2,ns192,4,4,1800,36,65675805.976282,1170.939017,0.444444,0.555556,419 420 421 567 568 569 570 713 992 994 1269 1271 1408 1541 1543 1544 1930 1931 2177 2293 2408 2627 2728 2828 3015 3100 3183 3184 3263 3338 3340
nsga2,ns192,4,5,1800,36,65675805.976282,1170.939017,0.555556,0.444444,419 420 421 567 568 569 570 713 992 994 1269 1271 1408 1541 1543 1544 1930 1931 2177 2293 2408 2627 2728 2828 3015 3100 3183 3184 3263 3338 3340
nsga2,ns192,4,6,1800,36,65675805.976282,1170.939017,0.666667,0.333333,419 420 421 567 568 569 570 713 992 994 1269 1271 1408 1541 1543 1544 1930 1931 2177 2293 2408 2627 2728 2828 3015 3100 3183 3184 3263 3338 3340
nsga2,ns192,4,7,1800,36,65675805.976282,1170.939017,0.777778,0.222222,419 420 421 567 568 569 570 713 992 994 1269 1271 1408 1541 1543 1544 1930 1931 2177 2293 2408 2627 2728 2828 3015 3100 3183 3184 3263 3338 3340
nsga2,ns192,4,8,1800,36,65675805.976282,1170.939017,0.888889,0.111111,419 420 421 567 568 569 570 713 992 994 1269 1271 1408 1541 1543 1544 1930 1931 2177 2293 2408 2627 2728 2828 3015 3100 3183 3184 3263 3338 3340
nsga2,ns192,4,9,1800,36,65675805.976282,1170.939017,1.000000,0.000000,419 420 421 567 568 569 570 713 992 994 1269 1271 1408 1541 1543 1544 1930 1931 2177 2293 2408 2627 2728 2828 3015 3100 3183 3184 3263 3338 3340
nsga2,ns192,4,0,1850,37,69182486.377077,1706.844633,0.000000,1.000000,371 373 440 569 571 854 1013 1488 1543 1562 1762 1823 2112 2114 2116 2118 2177 2536 2538 2627 2828 3119 3259 3261 3334 3340 3480 3726 3796 3908 3975
nsga2,ns192,4,1,1850,37,65643723.588183,1173.126114,0.111111,0.888889,419 420 421 567 568 569 570 713 854 992 994 1269 1271 1541 1543 1544 1930 1931 2175 2177 2293 2408 2627 2728 2828 3015 3184 3186 3263 3338 3340
nsga2,ns192,4,2,1850,37,65643723.588183,1173.126114,0.222222,0.777778,419 420 421 567 568 569 570 713 854 992 994 1269 1271 1541 1543 1544 1930 1931 2175 2177 2293 2408 2627 2728 2828 3015 3184 3186 3263 3338 3340
nsga2,ns192,4,3,1850,37,65643723.588183,1173.126114,0.333333,0.666667,419 420 421 567 568 569 570 713 854 992 994 1269 1271 1541 1543 1544 1930 1931 2175 2177 2293 2408 2627 2728 2828 3015 3184 3186 3263 3338 3340
nsga2,ns192,4,4,1850,37,65643723.588183,1173.126114,0.444444,0.555556,419 420 421 567 568 569 570 713 854 992 994 1269 1271 1541 1543 1544 1930 1931 2175 2177 2293 2408 2627 2728 2828 3015 3184 3186 3263 3338 3340
nsga2,ns192,4,5,1850,37,65643723.588183,1173.126114,0.555556,0.444444,419 420 421 567 568 569 570 713 854 992 994 1269 1271 1541 1543 1544 1930 1931 2175 2177 2293 2408 2627 2728 2828 3015 3184 3186 3263 3338 3340
nsga2,ns192,4,6,1850,37,65643723.588183,1173.126114,0.666667,0.333333,419 420 421 567 568 569 570 713 854 992 994 1269 1271 1541 1543 1544 1930 1931 2175 2177 2293 2408 2627 2728 2828 3015 3184 3186 3263 3338 3340
nsga2,ns192,4,7,1850,37,65643723.588183,1173.126114,0.777778,0.222222,419 420 421 567 568 569 570 713 854 992 994 1269 1271 1541 1543 1544 1930 1931 2175 2177 2293 2408 2627 2728 2828 3015 3184 3186 3263 3338 3340
nsga2,ns192,4,8,1850,37,65643723.588183,1173.126114,0.888889,0.111111,419 420 421 567 568 569 570 713 854 992 994 1269 1271 1541 1543 1544 1930 1931 2175 2177 2293 2408 2627 2728 2828 3015 3184 3186 3263 3338 3340
nsga2,ns192,4,9,1850,37,65643723.588183,1173.126114,1.000000,0.000000,419 420 421 567 568 569 570 713 854 992 994 1269 1271 1541 1543 1544 1930 1931 2175 2177 2293 2408 2627 2728 2828 3015 3184 3186 3263 3338 3340
nsga2,ns192,4,0,1900,38,69182486.377077,1706.844633,0.000000,1.000000,371 373 440 569 571 854 1013 1488 1543 1562 1762 1823 2112 2114 2116 2118 2177 2536 2538 2627 2828 3119 3259 3261 3334 3340 3480 3726 3796 3908 3975
nsga2,ns192,4,1,1900,38,65643723.588183,1173.126114,0.111111,0.888889,419 420 421 567 568 569 570 713 854 992 994 1269 1271 1541 1543 1544 1930 1931 2175 2177 2293 2408 2627 2728 2828 3015 3184 3186 3263 3338 3340
nsga2,ns192,4,2,1900,38,65643723.588183,1173.126114,0.222222,0.777778,419 420 421 567 568 569 570 713 854 992 994 1269 1271 1541 1543 1544 1930 1931 2175 2177 2293 2408 2627 2728 2828 3015 3184 3186 3263 3338 3340
nsga2,ns192,4,3,1900,38,65643723.588183,1173.126114,0.333333,0.666667,419 420 421 567 568 569 570 713 854 992 994 1269 1271 1541 1543 1544 1930 1931 2175 2177 2293 2408 2627 2728 2828 3015 3184 3186 3263 3338 3340
nsga2,ns192,4,4,1900,38,65643723.588183,1173.126114,0.444444,0.555556,419 420 421 567 568 569 570 713 854 992 994 1269 1271 1541 1543 1544 1930 1931 2175 2177 2293 2408 2627 2728 2828 3015 3184 3186 3263 3338 3340
nsga2,ns192,4,5,1900,38,65643723.588183,1173.126114,0.555556,0.444444,419 420 421 567 568 569 570 713 854 992 994 1269 1271 1541 1543 1544 1930 1931 2175 2177 2293 2408 2627 2728 2828 3015 3184 3186 3263 3338 3340
nsga2,ns192,4,6,1900,38,65643723.588183,1173.126114,0.666667,0.333333,419 420 421 567 568 569 570 713 854 992 994 1269 1271 1541 1543 1544 1930 1931 2175 2177 2293 2408 2627 2728 2828 3015 3184 3186 3263 3338 3340
nsga2,ns192,4,7,1900,38,65643723.588183,1173.126114,0.777778,0.222222,419 420 421 567 568 569 570 713 854 992 994 1269 1271 1541 1543 1544 1930 1931 2175 2177 2293 2408 2627 2728 2828 3015 3184 3186 3263 3338 3340
nsga2,ns192,4,8,1900,38,65643723.588183,1173.126114,0.888889,0.111111,419 420 421 567 568 569 570 713 854 992 994 1269 1271 1541 1543 1544 1930 1931 2175 2177 2293 2408 2627 2728 2828 3015 3184 3186 3263 3338 3340
nsga2,ns192,4,9,1900,38,65643723.588183,1173.126114,1.000000,0.000000,419 420 421 567 568 569 570 713 854 992 994 1269 1271 1541 1543 1544 1930 1931 2175 2177 2293 2408 2627 2728 2828 3015 3184 3186 3263 3338 3340
nsga2,ns192,4,0,1950,39,69182486.377077,1706.844633,0.000000,1.000000,371 373 440 569 571 854 1013 1488 1543 1562 1762 1823 2112 2114 2116 2118 2177 2536 2538 2627 2828 3119 3259 3261 3334 3340 3480 3726 3796 3908 3975
nsga2,ns192,4,1,1950,39,65643723.588183,1173.126114,0.111111,0.888889,419 420 421 567 568 569 570 713 854 992 994 1269 1271 1541 1543 1544 1930 1931 2175 2177 2293 2408 2627 2728 2828 3015 3184 3186 3263 3338 3340
nsga2,ns192,4,2,1950,39,65643723.588183,1173.126114,0.222222,0.777778,419 420 421 567 568 569 570 713 854 992 994 1269 1271 1541 1543 1544 1930 1931 2175 2177 2293 2408 2627 2728 2828 3015 3184 3186 3263 3338 3340
nsga2,ns192,4,3,1950,39,65643723.588183,1173.126114,0.333333,0.666667,419 420 421 567 568 569 570 713 854 992 994 1269 1271 1541 1543 1544 1930 1931 2175 2177 2293 2408 2627 2728 2828 3015 3184 3186 3263 3338 3340
nsga2,ns192,4,4,1950,39,65643723.588183,1173.126114,0.444444,0.555556,419 420 421 567 568 569 570 713 854 992 994 1269 1271 1541 1543 1544 1930 1931 2175 2177 2293 2408 2627 2728 2828 3015 3184 3186 3263 3338 3340
nsga2,ns192,4,5,1950,39,65643723.588183,1173.126114,0.555556,0.444444,419 420 421 567 568 569 570 713 854 992 994 1269 1271 1541 1543 1544 1930 1931 2175 2177 2293 2408 2627 2728 2828 3015 3184 3186 3263 3338 3340
nsga2,ns192,4,6,1950,39,65643723.588183,1173.126114,0.666667,0.333333,419 420 421 567 568 569 570 713 854 992 994 1269 1271 1541 1543 1544 1930 1931 2175 2177 2293 2408 2627 2728 2828 3015 3184 3186 3263 3338 3340
nsga2,ns192,4,7,1950,39,65643723.588183,1173.126114,0.777778,0.222222,419 420 421 567 568 569 570 713 854 992 994 1269 1271 1541 1543 1544 1930 1931 2175 2177 2293 2408 2627 2728 2828 3015 3184 3186 3263 3338 3340
nsga2,ns192,4,8,1950,39,65643723.588183,1173.126114,0.888889,0.111111,419 420 421 567 568 569 570 713 854 992 994 1269 1271 1541 1543 1544 1930 1931 2175 2177 2293 2408 2627 2728 2828 3015 3184 3186 3263 3338 3340
nsga2,ns192,4,9,1950,39,65643723.588183,1173.126114,1.000000,0.000000,419 420 421 567 568 569 570 713 854 992 994 1269 1271 1541 1543 1544 1930 1931 2175 2177 2293 2408 2627 2728 2828 3015 3184 3186 3263 3338 3340
nsga2,ns192,4,0,2000,40,69182486.377077,1706.844633,0.000000,1.000000,371 373 440 569 571 854 1013 1488 1543 1562 1762 1823 2112 2114 2116 2118 2177 2536 2538 2627 2828 3119 3259 3261 3334 3340 3480 3726 3796 3908 3975
nsga2,ns192,4,1,2000,40,65643723.588183,1173.126114,0.111111,0.888889,419 420 421 567 568 569 570 713 854 992 994 1269 1271 1541 1543 1544 1930 1931 2175 2177 2293 2408 2627 2728 2828 3015 3184 3186 3263 3338 3340
nsga2,ns192,4,2,2000,40,65643723.588183,1173.126114,0.222222,0.777778,419 420 421 567 568 569 570 713 854 992 994 1269 1271 1541 1543 1544 1930 1931 2175 2177 2293 2408 2627 2728 2828 3015 3184 3186 3263 3338 3340
nsga2,ns192,4,3,2000,40,65643723.588183,1173.126114,0.333333,0.666667,419 420 421 567 568 569 570 713 854 992 994 1269 1271 1541 1543 1544 1930 1931 2175 2177 2293 2408 2627 2728 2828 3015 3184 3186 3263 3338 3340
nsga2,ns192,4,4,2000,40,65643723.588183,1173.126114,0.444444,0.555556,419 420 421 567 568 569 570 713 854 992 994 1269 1271 1541 1543 1544 1930 1931 2175 2177 2293 2408 2627 2728 2828 3015 3184 3186 3263 3338 3340
nsga2,ns192,4,5,2000,40,65643723.588183,1173.126114,0.555556,0.444444,419 420 421 567 568 569 570 713 854 992 994 1269 1271 1541 1543 1544 1930 1931 2175 2177 2293 2408 2627 2728 2828 3015 3184 3186 3263 3338 3340
nsga2,ns192,4,6,2000,40,65643723.588183,1173.126114,0.666667,0.333333,419 420 421 567 568 569 570 713 854 992 994 1269 1271 1541 1543 1544 1930 1931 2175 2177 2293 2408 2627 2728 2828 3015 3184 3186 3263 3338 3340
nsga2,ns192,4,7,2000,40,65643723.588183,1173.126114,0.777778,0.222222,419 420 421 567 568 569 570 713 854 992 994 1269 1271 1541 1543 1544 1930 1931 2175 2177 2293 2408 2627 2728 2828 3015 3184 3186 3263 3338 3340
nsga2,ns192,4,8,2000,40,65643723.588183,1173.126114,0.888889,0.111111,419 420 421 567 568 569 570 713 854 992 994 1269 1271 1541 1543 1544 1930 1931 2175 2177 2293 2408 2627 2728 2828 3015 3184 3186 3263 3338 3340
nsga2,ns192,4,9,2000,40,65643723.588183,1173.126114,1.000000,0.000000,419 420 421 567 568 569 570 713 854 992 994 1269 1271 1541 1543 1544 1930 1931 2175 2177 2293 2408 2627 2728 2828 3015 3184 3186 3263 3338 3340
nsga2,ns192,4,0,2050,41,69182486.377077,1706.844633,0.000000,1.000000,371 373 440 569 571 854 1013 1488 1543 1562 1762 1823 2112 2114 2116 2118 2177 2536 2538 2627 2828 3119 3259 3261 3334 3340 3480 3726 3796 3908 3975
nsga2,ns192,4,1,2050,41,65643723.588183,1173.126114,0.111111,0.888889,419 420 421 567 568 569 570 713 854 992 994 1269 1271 1541 1543 1544 1930 1931 2175 2177 2293 2408 2627 2728 2828 3015 3184 3186 3263 3338 3340
nsga2,ns192,4,2,2050,41,65643723.588183,1173.126114,0.222222,0.777778,419 420 421 567 568 569 570 713 854 992 994 1269 1271 1541 1543 1544 1930 1931 2175 2177 2293 2408 2627 2728 2828 3015 3184 3186 3263 3338 3340
nsga2,ns192,4,3,2050,41,65643723.588183,1173.126114,0.333333,0.666667,419 420 421 567 568 569 570 713 854 992 994 1269 1271 1541 1543 1544 1930 1931 2175 2177 2293 2408 2627 2728 2828 3015 3184 3186 3263 3338 3340
nsga2,ns192,4,4,2050,41,65643723.588183,1173.126114,0.444444,0.555556,419 420 421 567 568 569 570 713 854 992 994 1269 1271 1541 1543 1544 1930 1931 2175 2177 2293 2408 2627 2728 2828 3015 3184 3186 3263 3338 3340
nsga2,ns192,4,5,2050,41,65643723.588183,1173.126114,0.555556,0.444444,419 420 421 567 568 569 570 713 854 992 994 1269 1271 1541 1543 1544 1930 1931 2175 2177 2293 2408 2627 2728 2828 3015 3184 3186 3263 3338 3340
nsga2,ns192,4,6,2050,41,65643723.588183,1173.126114,0.666667,0.333333,419 420 421 567 568 569 570 713 854 992 994 1269 1271 1541 1543 1544 1930 1931 2175 2177 2293 2408 2627 2728 2828 3015 3184 3186 3263 3338 3340
nsga2,ns192,4,7,2050,41,65643723.588183,1173.126114,0.777778,0.222222,419 420 421 567 568 569 570 713 854 992 994 1269 1271 1541 1543 1544 1930 1931 2175 2177 2293 2408 2627 2728 2828 3015 3184 3186 3263 3338 3340
nsga2,ns192,4,8,2050,41,65643723.588183,1173.126114,0.888889,0.111111,419 420 421 567 568 569 570 713 854 992 994 1269 1271 1541 1543 1544 1930 1931 2175 2177 2293 2408 2627 2728 2828 3015 3184 3186 3263 3338 3340
nsga2,ns192,4,9,2050,41,65643723.588183,1173.126114,1.000000,0.000000,419 420 421 567 568 569 570 713 854 992 994 1269 1271 1541 1543 1544 1930 1931 2175 2177 2293 2408 2627 2728 2828 3015 3184 3186 3263 3338 3340
nsga2,ns192,4,0,2100,42,69182486.377077,1706.844633,0.000000,1.000000,371 373 440 569 571 854 1013 1488 1543 1562 1762 1823 2112 2114 2116 2118 2177 2536 2538 2627 2828 3119 3259 3261 3334 3340 3480 3726 3796 3908 3975
nsga2,ns192,4,1,2100,42,65643723.588183,1173.126114,0.111111,0.888889,419 420 421 567 568 569 570 713 854 992 994 1269 1271 1541 1543 1544 1930 1931 2175 2177 2293 2408 2627 2728 2828 3015 3184 3186 3263 3338 3340
nsga2,ns192,4,2,2100,42,65643723.588183,1173.126114,0.222222,0.777778,419 420 421 567 568 569 570 713 854 992 994 1269 1271 1541 1543 1544 1930 1931 2175 2177 2293 2408 2627 2728 2828 3015 3184 3186 3263 3338 3340
nsga2,ns192,4,3,2100,42,65643723.588183,1173.126114,0.333333,0.666667,419 420 421 567 568 569 570 713 854 992 994 1269 1271 1541 1543 1544 1930 1931 2175 2177 2293 2408 2627 2728 2828 3015 3184 3186 3263 3338 3340
nsga2,ns192,4,4,2100,42,65643723.588183,1173.126114,0.444444,0.555556,419 420 421 567 568 569 570 713 854 992 994 1269 1271 1541 1543 1544 1930 1931 2175 2177 2293 2408 2627 2728 2828 3015 3184 3186 3263 3338 3340
nsga2,ns192,4,5,2100,42,65643723.588183,1173.126114,0.555556,0.444444,419 420 421 567 568 569 570 713 854 992 994 1269 1271 1541 1543 1544 1930 1931 2175 2177 2293 2408 2627 2728 2828 3015 3184 3186 3263 3338 3340
nsga2,ns192,4,6,2100,42,65643723.588183,1173.126114,0.666667,0.333333,419 420 421 567 568 569 570 713 854 992 994 1269 1271 1541 1543 1544 1930 1931 2175 2177 2293 2408 2627 2728 2828 3015 3184 3186 3263 3338 3340
nsga2,ns192,4,7,2100,42,65643723.588183,1173.126114,0.777778,0.222222,419 420 421 567 568 569 570 713 854 992 994 1269 1271 1541 1543 1544 1930 1931 2175 2177 2293 2408 2627 2728 2828 3015 3184 3186 3263 3338 3340
nsga2,ns192,4,8,2100,42,65643723.588183,1173.126114,0.888889,0.111111,419 420 421 567 568 569 570 713 854 992 994 1269 1271 1541 1543 1544 1930 1931 2175 2177 2293 2408 2627 2728 2828 3015 3184 3186 3263 3338 3340
nsga2,ns192,4,9,2100,42,65643723.588183,1173.126114,1.000000,0.000000,419 420 421 567 568 569 570 713 854 992 994 1269 1271 1541 1543 1544 1930 1931 2175 2177 2293 2408 2627 2728 2828 3015 3184 3186 3263 3338 3340
nsga2,ns192,4,0,2150,43,69182486.377077,1706.844633,0.000000,1.000000,371 373 440 569 571 854 1013 1488 1543 1562 1762 1823 2112 2114 2116 2118 2177 2536 2538 2627 2828 3119 3259 3261 3334 3340 3480 3726 3796 3908 3975
nsga2,ns192,4,1,2150,43,65643723.588183,1173.126114,0.111111,0.888889,419 420 421 567 568 569 570 713 854 992 994 1269 1271 1541 1543 1544 1930 1931 2175 2177 2293 2408 2627 2728 2828 3015 3184 3186 3263 3338 3340
nsga2,ns192,4,2,2150,43,65643723.588183,1173.126114,0.222222,0.777778,419 420 421 567 568 569 570 713 854 992 994 1269 1271 1541 1543 1544 1930 1931 2175 2177 2293 2408 2627 2728 2828 3015 3184 3186 3263 3338 3340
nsga2,ns192,4,3,2150,43,65643723.588183,1173.126114,0.333333,0.666667,419 420 421 567 568 569 570 713 854 992 994 1269 1271 1541 1543 1544 1930 1931 2175 2177 2293 2408 2627 2728 2828 3015 3184 3186 3263 3338 3340
nsga2,ns192,4,4,2150,43,65643723.588183,1173.126114,0.444444,0.555556,419 420 421 567 568 569 570 713 854 992 994 1269 1271 1541 1543 1544 1930 1931 2175 2177 2293 2408 2627 2728 2828 3015 3184 3186 3263 3338 3340
nsga2,ns192,4,5,2150,43,65643723.588183,1173.126114,0.555556,0.444444,419 420 421 567 568 569 570 713 854 992 994 1269 1271 1541 1543 1544 1930 1931 2175 2177 2293 2408 2627 2728 2828 3015 3184 3186 3263 3338 3340
nsga2,ns192,4,6,2150,43,65643723.588183,1173.126114,0.666667,0.333333,419 420 421 567 568 569 570 713 854 992 994 1269 1271 1541 1543 1544 1930 1931 2175 2177 2293 2408 2627 2728 2828 3015 3184 3186 3263 3338 3340
nsga2,ns192,4,7,2150,43,65643723.588183,1173.126114,0.777778,0.222222,419 420 421 567 568 569 570 713 854 992 994 1269 1271 1541 1543 1544 1930 1931 2175 2177 2293 2408 2627 2728 2828 3015 3184 3186 3263 3338 3340
nsga2,ns192,4,8,2150,43,65643723.588183,1173.126114,0.888889,0.111111,419 420 421 567 568 569 570 713 854 992 994 1269 1271 1541 1543 1544 1930 1931 2175 2177 2293 2408 2627 2728 2828 3015 3184 3186 3263 3338 3340
nsga2,ns192,4,9,2150,43,65643723.588183,1173.126114,1.000000,0.000000,419 420 421 567 568 569 570 713 854 992 994 1269 1271 1541 1543 1544 1930 1931 2175 2177 2293 2408 2627 2728 2828 3015 3184 3186 3263 3338 3340
nsga2,ns192,4,0,2200,44,69182486.377077,1706.844633,0.000000,1.000000,371 373 440 569 571 854 1013 1488 1543 1562 1762 1823 2112 2114 2116 2118 2177 2536 2538 2627 2828 3119 3259 3261 3334 3340 3480 3726 3796 3908 3975
nsga2,ns192,4,1,2200,44,65642130.264937,1169.880075,0.111111,0.888889,419 420 421 567 568 569 570 713 854 992 994 1269 1271 1541 1543 1544 1930 1931 2175 2177 2293 2408 2627 2728 2828 3102 3184 3186 3263 3338 3340
nsga2,ns192,4,2,2200,44,65642130.264937,1169.880075,0.222222,0.777778,419 420 421 567 568 569 570 713 854 992 994 1269 1271 1541 1543 1544 1930 1931 2175 2177 2293 2408 2627 2728 2828 3102 3184 3186 3263 3338 3340
nsga2,ns192,4,3,2200,44,65642130.264937,1169.880075,0.333333,0.666667,419 420 421 567 568 569 570 713 854 992 994 1269 1271 1541 1543 1544 1930 1931 2175 2177 2293 2408 2627 2728 2828 3102 3184 3186 3263 3338 3340
nsga2,ns192,4,4,2200,44,65642130.264937,1169.880075,0.444444,0.555556,419 420 421 567 568 569 570 713 854 992 994 1269 1271 1541 1543 1544 1930 1931 2175 2177 2293 2408 2627 2728 2828 3102 3184 3186 3263 3338 3340
nsga2,ns192,4,5,2200,44,65642130.264937,1169.880075,0.555556,0.444444,419 420 421 567 568 569 570 713 854 992 994 1269 1271 1541 1543 1544 1930 1931 2175 2177 2293 2408 2627 2728 2828 3102 3184 3186 3263 3338 3340
nsga2,ns192,4,6,2200,44,65642130.264937,1169.880075,0.666667,0.333333,419 420 421 567 568 569 570 713 854 992 994 1269 1271 1541 1543 1544 1930 1931 2175 2177 2293 2408 2627 2728 2828 3102 3184 3186 3263 3338 3340
nsga2,ns192,4,7,2200,44,65642130.264937,1169.880075,0.777778,0.222222,419 420 421 567 568 569 570 713 854 992 994 1269 1271 1541 1543 1544 1930 1931 2175 2177 2293 2408 2627 2728 2828 3102 3184 3186 3263 3338 3340
nsga2,ns192,4,8,2200,44,65642130.264937,1169.880075,0.888889,0.111111,419 420 421 567 568 569 570 713 854 992 994 1269 1271 1541 1543 1544 1930 1931 2175 2177 2293 2408 2627 2728 2828 3102 3184 3186 3263 3338 3340
nsga2,ns192,4,9,2200,44,65642130.264937,1169.880075,1.000000,0.000000,419 420 421 567 568 569 570 713 854 992 994 1269 1271 1541 1543 1544 1930 1931 2175 2177 2293 2408 2627 2728 2828 3102 3184 3186 3263 3338 3340
nsga2,ns192,4,0,2250,45,69182486.377077,1706.844633,0.000000,1.000000,371 373 440 569 571 854 1013 1488 1543 1562 1762 1823 2112 2114 2116 2118 2177 2536 2538 2627 2828 3119 3259 3261 3334 3340 3480 3726 3796 3908 3975
nsga2,ns192,4,1,2250,45,65641516.665018,1169.059385,0.111111,0.888889,419 420 421 567 568 569 570 713 854 992 994 1269 1271 1541 1543 1544 1930 1931 2175 2177 2293 2408 2627 2728 3015 3102 3184 3186 3263 3338 3340
nsga2,ns192,4,2,2250,45,65641516.665018,1169.059385,0.222222,0.777778,419 420 421 567 568 569 570 713 854 992 994 1269 1271 1541 1543 1544 1930 1931 2175 2177 2293 2408 2627 2728 3015 3102 3184 3186 3263 3338 3340
nsga2,ns192,4,3,2250,45,65641516.665018,1169.059385,0.333333,0.666667,419 420 421 567 568 569 570 713 854 992 994 1269 1271 1541 1543 1544 1930 1931 2175 2177 2293 2408 2627 2728 3015 3102 3184 3186 3263 3338 3340
nsga2,ns192,4,4,2250,45,65641516.665018,1169.059385,0.444444,0.555556,419 420 421 567 568 569 570 713 854 992 994 1269 1271 1541 1543 1544 1930 1931 2175 2177 2293 2408 2627 2728 3015 3102 3184 3186 3263 3338 3340
nsga2,ns192,4,5,2250,45,65641516.665018,1169.059385,0.555556,0.444444,419 420 421 567 568 569 570 713 854 992 994 1269 1271 1541 1543 1544 1930 1931 2175 2177 2293 2408 2627 2728 3015 3102 3184 3186 3263 3338 3340
nsga2,ns192,4,6,2250,45,65641516.665018,1169.059385,0.666667,0.333333,419 420 421 567 568 569 570 713 854 992 994 1269 1271 1541 1543 1544 1930 1931 2175 2177 2293 2408 2627 2728 3015 3102 3184 3186 3263 3338 3340
nsga2,ns192,4,7,2250,45,65641516.665018,1169.059385,0.777778,0.222222,419 420 421 567 568 569 570 713 854 992 994 1269 1271 1541 1543 1544 1930 1931 2175 2177 2293 2408 2627 2728 3015 3102 3184 3186 3263 3338 3340
nsga2,ns192,4,8,2250,45,65641516.665018,1169.059385,0.888889,0.111111,419 420 421 567 568 569 570 713 854 992 994 1269 1271 1541 1543 1544 1930 1931 2175 2177 2293 2408 2627 2728 3015 3102 3184 3186 3263 3338 3340
nsga2,ns192,4,9,2250,45,65641516.665018,1169.059385,1.000000,0.000000,419 420 421 567 568 569 570 713 854 992 994 1269 1271 1541 1543 1544 1930 1931 2175 2177 2293 2408 2627 2728 3015 3102 3184 3186 3263 3338 3340
nsga2,ns192,4,0,2300,46,69182486.377077,1706.844633,0.000000,1.000000,371 373 440 569 571 854 1013 1488 1543 1562 1762 1823 2112 2114 2116 2118 2177 2536 2538 2627 2828 3119 3259 3261 3334 3340 3480 3726 3796 3908 3975
nsga2,ns192,4,1,2300,46,65623386.988091,1167.714434,0.111111,0.888889,419 420 421 567 568 569 570 713 853 854 994 1269 1271 1541 1543 1544 1930 1931 2175 2177 2293 2408 2627 2828 3015 3102 3184 3186 3263 3338 3340
nsga2,ns192,4,2,2300,46,65623386.988091,1167.714434,0.222222,0.777778,419 420 421 567 568 569 570 713 853 854 994 1269 1271 1541 1543 1544 1930 1931 2175 2177 2293 2408 2627 2828 3015 3102 3184 3186 3263 3338 3340
nsga2,ns192,4,3,2300,46,65623386.988091,1167.714434,0.333333,0.666667,419 420 421 567 568 569 570 713 853 854 994 1269 1271 1541 1543 1544 1930 1931 2175 2177 2293 2408 2627 2828 3015 3102 3184 3186 3263 3338 3340
nsga2,ns192,4,4,2300,46,65623386.988091,1167.714434,0.444444,0.555556,419 420 421 567 568 569 570 713 853 854 994 1269 1271 1541 1543 1544 1930 1931 2175 2177 2293 2408 2627 2828 3015 3102 3184 3186 3263 3338 3340
nsga2,ns192,4,5,2300,46,65623386.988091,1167.714434,0.555556,0.444444,419 420 421 567 568 569 570 713 853 854 994 1269 1271 1541 1543 1544 1930 1931 2175 2177 2293 2408 2627 2828 3015 3102 3184 3186 3263 3338 3340
nsga2,ns192,4,6,2300,46,65623386.988091,1167.714434,0.666667,0.333333,419 420 421 567 568 569 570 713 853 854 994 1269 1271 1541 1543 1544 1930 1931 2175 2177 2293 2408 2627 2828 3015 3102 3184 3186 3263 3338 3340
nsga2,ns192,4,7,2300,46,65623386.988091,1167.714434,0.777778,0.222222,419 420 421 567 568 569 570 713 853 854 994 1269 1271 1541 1543 1544 1930 1931 2175 2177 2293 2408 2627 2828 3015 3102 3184 3186 3263 3338 3340
nsga2,ns192,4,8,2300,46,65623386.988091,1167.714434,0.888889,0.111111,419 420 421 567 568 569 570 713 853 854 994 1269 1271 1541 1543 1544 1930 1931 2175 2177 2293 2408 2627 2828 3015 3102 3184 3186 3263 3338 3340
nsga2,ns192,4,9,2300,46,65623386.988091,1167.714434,1.000000,0.000000,419 420 421 567 568 569 570 713 853 854 994 1269 1271 1541 1543 1544 1930 1931 2175 2177 2293 2408 2627 2828 3015 3102 3184 3186 3263 3338 3340
nsga2,ns192,4,0,2350,47,69182486.377077,1706.844633,0.000000,1.000000,371 373 440 569 571 854 1013 1488 1543 1562 1762 1823 2112 2114 2116 2118 2177 2536 2538 2627 2828 3119 3259 3261 3334 3340 3480 3726 3796 3908 3975
nsga2,ns192,4,1,2350,47,65622941.093473,1169.142724,0.111111,0.888889,419 420 421 567 568 569 570 713 854 992 994 1269 1271 1543 1544 1930 1931 2175 2176 2177 2293 2408 2627 2728 2828 3015 3184 3186 3263 3338 3340
nsga2,ns192,4,2,2350,47,65622941.093473,1169.142724,0.222222,0.777778,419 420 421 567 568 569 570 713 854 992 994 1269 1271 1543 1544 1930 1931 2175 2176 2177 2293 2408 2627 2728 2828 3015 3184 3186 3263 3338 3340
nsga2,ns192,4,3,2350,47,65622941.093473,1169.142724,0.333333,0.666667,419 420 421 567 568 569 570 713 854 992 994 1269 1271 1543 1544 1930 1931 2175 2176 2177 2293 2408 2627 2728 2828 3015 3184 3186 3263 3338 3340
nsga2,ns192,4,4,2350,47,65622941.093473,1169.142724,0.444444,0.555556,419 420 421 567 568 569 570 713 854 992 994 1269 1271 1543 1544 1930 1931 2175 2176 2177 2293 2408 2627 2728 2828 3015 3184 3186 3263 3338 3340
nsga2,ns192,4,5,2350,47,65622941.093473,1169.142724,0.555556,0.444444,419 420 421 567 568 569 570 713 854 992 994 1269 1271 1543 1544 1930 1931 2175 2176 2177 2293 2408 2627 2728 2828 3015 3184 3186 3263 3338 3340
nsga2,ns192,4,6,2350,47,65622941.093473,1169.142724,0.666667,0.333333,419 420 421 567 568 569 570 713 854 992 994 1269 1271 1543 1544 1930 1931 2175 2176 2177 2293 2408 2627 2728 2828 3015 3184 3186 3263 3338 3340
nsga2,ns192,4,7,2350,47,65622941.093473,1169.142724,0.777778,0.222222,419 420 421 567 568 569 570 713 854 992 994 1269 1271 1543 1544 1930 1931 2175 2176 2177 2293 2408 2627 2728 2828 3015 3184 3186 3263 3338 3340
nsga2,ns192,4,8,2350,47,65622941.093473,1169.142724,0.888889,0.111111,419 420 421 567 568 569 570 713 854 992 994 1269 1271 1543 1544 1930 1931 2175 2176 2177 2293 2408 2627 2728 2828 3015 3184 3186 3263 3338 3340
nsga2,ns192,4,9,2350,47,65622941.093473,1169.142724,1.000000,0.000000,419 420 421 567 568 569 570 713 854 992 994 1269 1271 1543 1544 1930 1931 2175 2176 2177 2293 2408 2627 2728 2828 3015 3184 3186 3263 3338 3340
nsga2,ns192,4,0,2400,48,69182486.377077,1706.844633,0.000000,1.000000,371 373 440 569 571 854 1013 1488 1543 1562 1762 1823 2112 2114 2116 2118 2177 2536 2538 2627 2828 3119 3259 3261 3334 3340 3480 3726 3796 3908 3975
nsga2,ns192,4,1,2400,48,65622941.093473,1169.142724,0.111111,0.888889,419 420 421 567 568 569 570 713 854 992 994 1269 1271 1543 1544 1930 1931 2175 2176 2177 2293 2408 2627 2728 2828 3015 3184 3186 3263 3338 3340
nsga2,ns192,4,2,2400,48,65622941.093473,1169.142724,0.222222,0.777778,419 420 421 567 568 569 570 713 854 992 994 1269 1271 1543 1544 1930 1931 2175 2176 2177 2293 2408 2627 2728 2828 3015 3184 3186 3263 3338 3340
nsga2,ns192,4,3,2400,48,65622941.093473,1169.142724,0.333333,0.666667,419 420 421 567 568 569 570 713 854 992 994 1269 1271 1543 1544 1930 1931 2175 2176 2177 2293 2408 2627 2728 2828 3015 3184 3186 3263 3338 3340
nsga2,ns192,4,4,2400,48,65622941.093473,1169.142724,0.444444,0.555556,419 420 421 567 568 569 570 713 854 992 994 1269 1271 1543 1544 1930 1931 2175 2176 2177 2293 2408 2627 2728 2828 3015 3184 3186 3263 3338 3340
nsga2,ns192,4,5,2400,48,65622941.093473,1169.142724,0.555556,0.444444,419 420 421 567 568 569 570 713 854 992 994 1269 1271 1543 1544 1930 1931 2175 2176 2177 2293 2408 2627 2728 2828 3015 3184 3186 3263 3338 3340
nsga2,ns192,4,6,2400,48,65622941.093473,1169.142724,0.666667,0.333333,419 420 421 567 568 569 570 713 854 992 994 1269 1271 1543 1544 1930 1931 2175 2176 2177 2293 2408 2627 2728 2828 3015 3184 3186 3263 3338 3340
nsga2,ns192,4,7,2400,48,65622941.093473,1169.142724,0.777778,0.222222,419 420 421 567 568 569 570 713 854 992 994 1269 1271 1543 1544 1930 1931 2175 2176 2177 2293 2408 2627 2728 2828 3015 3184 3186 3263 3338 3340
nsga2,ns192,4,8,2400,48,65622941.093473,1169.142724,0.888889,0.111111,419 420 421 567 568 569 570 713 854 992 994 1269 1271 1543 1544 1930 1931 2175 2176 2177 2293 2408 2627 2728 2828 3015 3184 3186 3263 3338 3340
nsga2,ns192,4,9,2400,48,65622941.093473,1169.142724,1.000000,0.000000,419 420 421 567 568 569 570 713 854 992 994 1269 1271 1543 1544 1930 1931 2175 2176 2177 2293 2408 2627 2728 2828 3015 3184 3186 3263 3338 3340
nsga2,ns192,4,0,2450,49,69182486.377077,1706.844633,0.000000,1.000000,371 373 440 569 571 854 1013 1488 1543 1562 1762 1823 2112 2114 2116 2118 2177 2536 2538 2627 2828 3119 3259 3261 3334 3340 3480 3726 3796 3908 3975
nsga2,ns192,4,1,2450,49,65614349.643694,1166.626971,0.111111,0.888889,419 420 421 567 568 569 570 713 854 992 994 1269 1271 1542 1543 1544 1930 1931 2175 2176 2177 2293 2408 2627 2728 2828 3015 3184 3263 3338 3340
nsga2,ns192,4,2,2450,49,65614349.643694,1166.626971,0.222222,0.777778,419 420 421 567 568 569 570 713 854 992 994 1269 1271 1542 1543 1544 1930 1931 2175 2176 2177 2293 2408 2627 2728 2828 3015 3184 3263 3338 3340
nsga2,ns192,4,3,2450,49,65614349.643694,1166.626971,0.333333,0.666667,419 420 421 567 568 569 570 713 854 992 994 1269 1271 1542 1543 1544 1930 1931 2175 2176 2177 2293 2408 2627 2728 2828 3015 3184 3263 3338 3340
nsga2,ns192,4,4,2450,49,65614349.643694,1166.626971,0.444444,0.555556,419 420 421 567 568 569 570 713 854 992 994 1269 1271 1542 1543 1544 1930 1931 2175 2176 2177 2293 2408 2627 2728 2828 3015 3184 3263 3338 3340
nsga2,ns192,4,5,2450,49,65614349.643694,1166.626971,0.555556,0.444444,419 420 421 567 568 569 570 713 854 992 994 1269 1271 1542 1543 1544 1930 1931 2175 2176 2177 2293 2408 2627 2728 2828 3015 3184 3263 3338 3340
nsga2,ns192,4,6,2450,49,65614349.643694,1166.626971,0.666667,0.333333,419 420 421 567 568 569 570 713 854 992 994 1269 1271 1542 1543 1544 1930 1931 2175 2176 2177 2293 2408 2627 2728 2828 3015 3184 3263 3338 3340
nsga2,ns192,4,7,2450,49,65614349.643694,1166.626971,0.777778,0.222222,419 420 421 567 568 569 570 713 854 992 994 1269 1271 1542 1543 1544 1930 1931 2175 2176 2177 2293 2408 2627 2728 2828 3015 3184 3263 3338 3340
nsga2,ns192,4,8,2450,49,65614349.643694,1166.626971,0.888889,0.111111,419 420 421 567 568 569 570 713 854 992 994 1269 1271 1542 1543 1544 1930 1931 2175 2176 2177 2293 2408 2627 2728 2828 3015 3184 3263 3338 3340
nsga2,ns192,4,9,2450,49,65614349.643694,1166.626971,1.000000,0.000000,419 420 421 567 568 569 570 713 854 992 994 1269 1271 1542 1543 1544 1930 1931 2175 2176 2177 2293 2408 2627 2728 2828 3015 3184 3263 3338 3340
nsga2,ns192,4,0,2500,50,69182486.377077,1706.844633,0.000000,1.000000,371 373 440 569 571 854 1013 1488 1543 1562 1762 1823 2112 2114 2116 2118 2177 2536 2538 2627 2828 3119 3259 3261 3334 3340 3480 3726 3796 3908 3975
nsga2,ns192,4,1,2500,50,65614349.643694,1166.626971,0.111111,0.888889,419 420 421 567 568 569 570 713 854 992 994 1269 1271 1542 1543 1544 1930 1931 2175 2176 2177 2293 2408 2627 2728 2828 3015 3184 3263 3338 3340
nsga2,ns192,4,2,2500,50,65614349.643694,1166.626971,0.222222,0.777778,419 420 421 567 568 569 570 713 854 992 994 1269 1271 1542 1543 1544 1930 1931 2175 2176 2177 2293 2408 2627 2728 2828 3015 3184 3263 3338 3340
nsga2,ns192,4,3,2500,50,65614349.643694,1166.626971,0.333333,0.666667,419 420 421 567 568 569 570 713 854 992 994 1269 1271 1542 1543 1544 1930 1931 2175 2176 2177 2293 2408 2627 2728 2828 3015 3184 3263 3338 3340
nsga2,ns192,4,4,2500,50,65614349.643694,1166.626971,0.444444,0.555556,419 420 421 567 568 569 570 713 854 992 994 1269 1271 1542 1543 1544 1930 1931 2175 2176 2177 2293 2408 2627 2728 2828 3015 3184 3263 3338 3340
nsga2,ns192,4,5,2500,50,65614349.643694,1166.626971,0.555556,0.444444,419 420 421 567 568 569 570 713 854 992 994 1269 1271 1542 1543 1544 1930 1931 2175 2176 2177 2293 2408 2627 2728 2828 3015 3184 3263 3338 3340
nsga2,ns192,4,6,2500,50,65614349.643694,1166.626971,0.666667,0.333333,419 420 421 567 568 569 570 713 854 992 994 1269 1271 1542 1543 1544 1930 1931 2175 2176 2177 2293 2408 2627 2728 2828 3015 3184 3263 3338 3340
nsga2,ns192,4,7,2500,50,65614349.643694,1166.626971,0.777778,0.222222,419 420 421 567 568 569 570 713 854 992 994 1269 1271 1542 1543 1544 1930 1931 2175 2176 2177 2293 2408 2627 2728 2828 3015 3184 3263 3338 3340
nsga2,ns192,4,8,2500,50,65614349.643694,1166.626971,0.888889,0.111111,419 420 421 567 568 569 570 713 854 992 994 1269 1271 1542 1543 1544 1930 1931 2175 2176 2177 2293 2408 2627 2728 2828 3015 3184 3263 3338 3340
nsga2,ns192,4,9,2500,50,65614349.643694,1166.626971,1.000000,0.000000,419 420 421 567 568 569 570 713 854 992 994 1269 1271 1542 1543 1544 1930 1931 2175 2176 2177 2293 2408 2627 2728 2828 3015 3184 3263 3338 3340
nsga2,ns192,4,0,2550,51,69180088.791451,1706.844633,0.000000,1.000000,371 373 440 569 571 854 1013 1488 1543 1562 1762 1823 2112 2114 2116 2118 2177 2536 2538 2627 2828 3032 3259 3261 3334 3340 3480 3726 3796 3908 3975
nsga2,ns192,4,1,2550,51,65614349.643694,1166.626971,0.111111,0.888889,419 420 421 567 568 569 570 713 854 992 994 1269 1271 1542 1543 1544 1930 1931 2175 2176 2177 2293 2408 2627 2728 2828 3015 3184 3263 3338 3340
nsga2,ns192,4,2,2550,51,65614349.643694,1166.626971,0.222222,0.777778,419 420 421 567 568 569 570 713 854 992 994 1269 1271 1542 1543 1544 1930 1931 2175 2176 2177 2293 2408 2627 2728 2828 3015 3184 3263 3338 3340
nsga2,ns192,4,3,2550,51,65614349.643694,1166.626971,0.333333,0.666667,419 420 421 567 568 569 570 713 854 992 994 1269 1271 1542 1543 1544 1930 1931 2175 2176 2177 2293 2408 2627 2728 2828 3015 3184 3263 3338 3340
nsga2,ns192,4,4,2550,51,65614349.643694,1166.626971,0.444444,0.555556,419 420 421 567 568 569 570 713 854 992 994 1269 1271 1542 1543 1544 1930 1931 2175 2176 2177 2293 2408 2627 2728 2828 3015 3184 3263 3338 3340
nsga2,ns192,4,5,2550,51,65614349.643694,1166.626971,0.555556,0.444444,419 420 421 567 568 569 570 713 854 992 994 1269 1271 1542 1543 1544 1930 1931 2175 2176 2177 2293 2408 2627 2728 2828 3015 3184 3263 3338 3340
nsga2,ns192,4,6,2550,51,65614349.643694,1166.626971,0.666667,0.333333,419 420 421 567 568 569 570 713 854 992 994 1269 1271 1542 1543 1544 1930 1931 2175 2176 2177 2293 2408 2627 2728 2828 3015 3184 3263 3338 3340
nsga2,ns192,4,7,2550,51,65614349.643694,1166.626971,0.777778,0.222222,419 420 421 567 568 569 570 713 854 992 994 1269 1271 1542 1543 1544 1930 1931 2175 2176 2177 2293 2408 2627 2728 2828 3015 3184 3263 3338 3340
nsga2,ns192,4,8,2550,51,65614349.643694,1166.626971,0.888889,0.111111,419 420 421 567 568 569 570 713 854 992 994 1269 1271 1542 1543 1544 1930 1931 2175 2176 2177 2293 2408 2627 2728 2828 3015 3184 3263 3338 3340
nsga2,ns192,4,9,2550,51,65614349.643694,1166.626971,1.000000,0.000000,419 420 421 567 568 569 570 713 854 992 994 1269 1271 1542 1543 1544 1930 1931 2175 2176 2177 2293 2408 2627 2728 2828 3015 3184 3263 3338 3340
nsga2,ns192,4,0,2600,52,69180088.791451,1706.844633,0.000000,1.000000,371 373 440 569 571 854 1013 1488 1543 1562 1762 1823 2112 2114 2116 2118 2177 2536 2538 2627 2828 3032 3259 3261 3334 3340 3480 3726 3796 3908 3975
nsga2,ns192,4,1,2600,52,65599830.929111,1164.939392,0.111111,0.888889,419 420 421 567 568 569 570 713 854 993 994 1130 1271 1542 1543 1544 1930 1931 2175 2176 2177 2293 2408 2627 2728 2828 3015 3184 3263 3338 3340
nsga2,ns192,4,2,2600,52,65599830.929111,1164.939392,0.222222,0.777778,419 420 421 567 568 569 570 713 854 993 994 1130 1271 1542 1543 1544 1930 1931 2175 2176 2177 2293 2408 2627 2728 2828 3015 3184 3263 3338 3340
nsga2,ns192,4,3,2600,52,65599830.929111,1164.939392,0.333333,0.666667,419 420 421 567 568 569 570 713 854 993 994 1130 1271 1542 1543 1544 1930 1931 2175 2176 2177 2293 2408 2627 2728 2828 3015 3184 3263 3338 3340
nsga2,ns192,4,4,2600,52,65599830.929111,1164.939392,0.444444,0.555556,419 420 421 567 568 569 570 713 854 993 994 1130 1271 1542 1543 1544 1930 1931 2175 2176 2177 2293 2408 2627 2728 2828 3015 3184 3263 3338 3340
nsga2,ns192,4,5,2600,52,65599830.929111,1164.939392,0.555556,0.444444,419 420 421 567 568 569 570 713 854 993 994 1130 1271 1542 1543 1544 1930 1931 2175 2176 2177 2293 2408 2627 2728 2828 3015 3184 3263 3338 3340
nsga2,ns192,4,6,2600,52,65599830.929111,1164.939392,0.666667,0.333333,419 420 421 567 568 569 570 713 854 993 994 1130 1271 1542 1543 1544 1930 1931 2175 2176 2177 2293 2408 2627 2728 2828 3015 3184 3263 3338 3340
nsga2,ns192,4,7,2600,52,65599830.929111,1164.939392,0.777778,0.222222,419 420 421 567 568 569 570 713 854 993 994 1130 1271 1542 1543 1544 1930 1931 2175 2176 2177 2293 2408 2627 2728 2828 3015 3184 3263 3338 3340
nsga2,ns192,4,8,2600,52,65599830.929111,1164.939392,0.888889,0.111111,419 420 421 567 568 569 570 713 854 993 994 1130 1271 1542 1543 1544 1930 1931 2175 2176 2177 2293 2408 2627 2728 2828 3015 3184 3263 3338 3340
nsga2,ns192,4,9,2600,52,65599830.929111,1164.939392,1.000000,0.000000,419 420 421 567 568 569 570 713 854 993 994 1130 1271 1542 1543 1544 1930 1931 2175 2176 2177 2293 2408 2627 2728 2828 3015 3184 3263 3338 3340
nsga2,ns192,4,0,2650,53,69180088.791451,1706.844633,0.000000,1.000000,371 373 440 569 571 854 1013 1488 1543 1562 1762 1823 2112 2114 2116 2118 2177 2536 2538 2627 2828 3032 3259 3261 3334 3340 3480 3726 3796 3908 3975
nsga2,ns192,4,1,2650,53,65599830.929111,1164.939392,0.111111,0.888889,419 420 421 567 568 569 570 713 854 993 994 1130 1271 1542 1543 1544 1930 1931 2175 2176 2177 2293 2408 2627 2728 2828 3015 3184 3263 3338 3340
nsga2,ns192,4,2,2650,53,65599830.929111,1164.939392,0.222222,0.777778,419 420 421 567 568 569 570 713 854 993 994 1130 1271 1542 1543 1544 1930 1931 2175 2176 2177 2293 2408 2627 2728 2828 3015 3184 3263 3338 3340
nsga2,ns192,4,3,2650,53,65599830.929111,1164.939392,0.333333,0.666667,419 420 421 567 568 569 570 713 854 993 994 1130 1271 1542 1543 1544 1930 1931 2175 2176 2177 2293 2408 2627 2728 2828 3015 3184 3263 3338 3340
nsga2,ns192,4,4,2650,53,65599830.929111,1164.939392,0.444444,0.555556,419 420 421 567 568 569 570 713 854 993 994 1130 1271 1542 1543 1544 1930 1931 2175 2176 2177 2293 2408 2627 2728 2828 3015 3184 3263 3338 3340
nsga2,ns192,4,5,2650,53,65599830.929111,1164.939392,0.555556,0.444444,419 420 421 567 568 569 570 713 854 993 994 1130 1271 1542 1543 1544 1930 1931 2175 2176 2177 2293 2408 2627 2728 2828 3015 3184 3263 3338 3340
nsga2,ns192,4,6,2650,53,65599830.929111,1164.939392,0.666667,0.333333,419 420 421 567 568 569 570 713 854 993 994 1130 1271 1542 1543 1544 1930 1931 2175 2176 2177 2293 2408 2627 2728 2828 3015 3184 3263 3338 3340
nsga2,ns192,4,7,2650,53,65599830.929111,1164.939392,0.777778,0.222222,419 420 421 567 568 569 570 713 854 993 994 1130 1271 1542 1543 1544 1930 1931 2175 2176 2177 2293 2408 2627 2728 2828 3015 3184 3263 3338 3340
nsga2,ns192,4,8,2650,53,65599830.929111,1164.939392,0.888889,0.111111,419 420 421 567 568 569 570 713 854 993 994 1130 1271 1542 1543 1544 1930 1931 2175 2176 2177 2293 2408 2627 2728 2828 3015 3184 3263 3338 3340
nsga2,ns192,4,9,2650,53,65599830.929111,1164.939392,1.000000,0.000000,419 420 421 567 568 569 570 713 854 993 994 1130 1271 1542 1543 1544 1930 1931 2175 2176 2177 2293 2408 2627 2728 2828 3015 3184 3263 3338 3340
nsga2,ns192,4,0,2700,54,69180088.791451,1706.844633,0.000000,1.000000,371 373 440 569 571 854 1013 1488 1543 1562 1762 1823 2112 2114 2116 2118 2177 2536 2538 2627 2828 3032 3259 3261 3334 3340 3480 3726 3796 3908 3975
nsga2,ns192,4,1,2700,54,65599830.929111,1164.939392,0.111111,0.888889,419 420 421 567 568 569 570 713 854 993 994 1130 1271 1542 1543 1544 1930 1931 2175 2176 2177 2293 2408 2627 2728 2828 3015 3184 3263 3338 3340
nsga2,ns192,4,2,2700,54,65599830.929111,1164.939392,0.222222,0.777778,419 420 421 567 568 569 570 713 854 993 994 1130 1271 1542 1543 1544 1930 1931 2175 2176 2177 2293 2408 2627 2728 2828 3015 3184 3263 3338 3340
nsga2,ns192,4,3,2700,54,65599830.929111,1164.939392,0.333333,0.666667,419 420 421 567 568 569 570 713 854 993 994 1130 1271 1542 1543 1544 1930 1931 2175 2176 2177 2293 2408 2627 2728 2828 3015 3184 3263 3338 3340
nsga2,ns192,4,4,2700,54,65599830.929111,1164.939392,0.444444,0.555556,419 420 421 567 568 569 570 713 854 993 994 1130 1271 1542 1543 1544 1930 1931 2175 2176 2177 2293 2408 2627 2728 2828 3015 3184 3263 3338 3340
nsga2,ns192,4,5,2700,54,65599830.929111,1164.939392,0.555556,0.444444,419 420 421 567 568 569 570 713 854 993 994 1130 1271 1542 1543 1544 1930 1931 2175 2176 2177 2293 2408 2627 2728 2828 3015 3184 3263 3338 3340
nsga2,ns192,4,6,2700,54,65599830.929111,1164.939392,0.666667,0.333333,419 420 421 567 568 569 570 713 854 993 994 1130 1271 1542 1543 1544 1930 1931 2175 2176 2177 2293 2408 2627 2728 2828 3015 3184 3263 3338 3340
nsga2,ns192,4,7,2700,54,65599830.929111,1164.939392,0.777778,0.222222,419 420 421 567 568 569 570 713 854 993 994 1130 1271 1542 1543 1544 1930 1931 2175 2176 2177 2293 2408 2627 2728 2828 3015 3184 3263 3338 3340
nsga2,ns192,4,8,2700,54,65599830.929111,1164.939392,0.888889,0.111111,419 420 421 567 568 569 570 713 854 993 994 1130 1271 1542 1543 1544 1930 1931 2175 2176 2177 2293 2408 2627 2728 2828 3015 3184 3263 3338 3340
nsga2,ns192,4,9,2700,54,65599830.929111,1164.939392,1.000000,0.000000,419 420 421 567 568 569 570 713 854 993 994 1130 1271 1542 1543 1544 1930 1931 2175 2176 2177 2293 2408 2627 2728 2828 3015 3184 3263 3338 3340
nsga2,ns192,4,0,2750,55,69180088.791451,1706.844633,0.000000,1.000000,371 373 440 569 571 854 1013 1488 1543 1562 1762 1823 2112 2114 2116 2118 2177 2536 2538 2627 2828 3032 3259 3261 3334 3340 3480 3726 3796 3908 3975
nsga2,ns192,4,1,2750,55,65576608.564625,1163.497369,0.111111,0.888889,419 420 421 567 568 569 570 713 854 993 994 1130 1408 1542 1543 1544 1930 1931 2175 2176 2177 2293 2408 2627 2728 2828 3015 3184 3263 3338 3340
nsga2,ns192,4,2,2750,55,65576608.564625,1163.497369,0.222222,0.777778,419 420 421 567 568 569 570 713 854 993 994 1130 1408 1542 1543 1544 1930 1931 2175 2176 2177 2293 2408 2627 2728 2828 3015 3184 3263 3338 3340
nsga2,ns192,4,3,2750,55,65576608.564625,1163.497369,0.333333,0.666667,419 420 421 567 568 569 570 713 854 993 994 1130 1408 1542 1543 1544 1930 1931 2175 2176 2177 2293 2408 2627 2728 2828 3015 3184 3263 3338 3340
nsga2,ns192,4,4,2750,55,65576608.564625,1163.497369,0.444444,0.555556,419 420 421 567 568 569 570 713 854 993 994 1130 1408 1542 1543 1544 1930 1931 2175 2176 2177 2293 2408 2627 2728 2828 3015 3184 3263 3338 3340
nsga2,ns192,4,5,2750,55,65576608.564625,1163.497369,0.555556,0.444444,419 420 421 567 568 569 570 713 854 993 994 1130 1408 1542 1543 1544 1930 1931 2175 2176 2177 2293 2408 2627 2728 2828 3015 3184 3263 3338 3340
nsga2,ns192,4,6,2750,55,65576608.564625,1163.497369,0.666667,0.333333,419 420 421 567 568 569 570 713 854 993 994 1130 1408 1542 1543 1544 1930 1931 2175 2176 2177 2293 2408 2627 2728 2828 3015 3184 3263 3338 3340
nsga2,ns192,4,7,2750,55,65576608.564625,1163.497369,0.777778,0.222222,419 420 421 567 568 569 570 713 854 993 994 1130 1408 1542 1543 1544 1930 1931 2175 2176 2177 2293 2408 2627 2728 2828 3015 3184 3263 3338 3340
nsga2,ns192,4,8,2750,55,65576608.564625,1163.497369,0.888889,0.111111,419 420 421 567 568 569 570 713 854 993 994 1130 1408 1542 1543 1544 1930 1931 2175 2176 2177 2293 2408 2627 2728 2828 3015 3184 3263 3338 3340
nsga2,ns192,4,9,2750,55,65576608.564625,1163.497369,1.000000,0.000000,419 420 421 567 568 569 570 713 854 993 994 1130 1408 1542 1543 1544 1930 1931 2175 2176 2177 2293 2408 2627 2728 2828 3015 3184 3263 3338 3340
nsga2,ns192,4,0,2800,56,69180088.791451,1706.844633,0.000000,1.000000,371 373 440 569 571 854 1013 1488 1543 1562 1762 1823 2112 2114 2116 2118 2177 2536 2538 2627 2828 3032 3259 3261 3334 3340 3480 3726 3796 3908 3975
nsga2,ns192,4,1,2800,56,65576608.564625,1163.497369,0.111111,0.888889,419 420 421 567 568 569 570 713 854 993 994 1130 1408 1542 1543 1544 1930 1931 2175 2176 2177 2293 2408 2627 2728 2828 3015 3184 3263 3338 3340
nsga2,ns192,4,2,2800,56,65576608.564625,1163.497369,0.222222,0.777778,419 420 421 567 568 569 570 713 854 993 994 1130 1408 1542 1543 1544 1930 1931 2175 2176 2177 2293 2408 2627 2728 2828 3015 3184 3263 3338 3340
nsga2,ns192,4,3,2800,56,65576608.564625,1163.497369,0.333333,0.666667,419 420 421 567 568 569 570 713 854 993 994 1130 1408 1542 1543 1544 1930 1931 2175 2176 2177 2293 2408 2627 2728 2828 3015 3184 3263 3338 3340
nsga2,ns192,4,4,2800,56,65576608.564625,1163.497369,0.444444,0.555556,419 420 421 567 568 569 570 713 854 993 994 1130 1408 1542 1543 1544 1930 1931 2175 2176 2177 2293 2408 2627 2728 2828 3015 3184 3263 3338 3340
nsga2,ns192,4,5,2800,56,65576608.564625,1163.497369,0.555556,0.444444,419 420 421 567 568 569 570 713 854 993 994 1130 1408 1542 1543 1544 1930 1931 2175 2176 2177 2293 2408 2627 2728 2828 3015 3184 3263 3338 3340
nsga2,ns192,4,6,2800,56,65576608.564625,1163.497369,0.666667,0.333333,419 420 421 567 568 569 570 713 854 993 994 1130 1408 1542 1543 1544 1930 1931 2175 2176 2177 2293 2408 2627 2728 2828 3015 3184 3263 3338 3340
nsga2,ns192,4,7,2800,56,65576608.564625,1163.497369,0.777778,0.222222,419 420 421 567 568 569 570 713 854 993 994 1130 1408 1542 1543 1544 1930 1931 2175 2176 2177 2293 2408 2627 2728 2828 3015 3184 3263 3338 3340
nsga2,ns192,4,8,2800,56,65576608.564625,1163.497369,0.888889,0.111111,419 420 421 567 568 569 570 713 854 993 994 1130 1408 1542 1543 1544 1930 1931 2175 2176 2177 2293 2408 2627 2728 2828 3015 3184 3263 3338 3340
nsga2,ns192,4,9,2800,56,65576608.564625,1163.497369,1.000000,0.000000,419 420 421 567 568 569 570 713 854 993 994 1130 1408 1542 1543 1544 1930 1931 2175 2176 2177 2293 2408 2627 2728 2828 3015 3184 3263 3338 3340
nsga2,ns192,4,0,2850,57,69180088.791451,1706.844633,0.000000,1.000000,371 373 440 569 571 854 1013 1488 1543 1562 1762 1823 2112 2114 2116 2118 2177 2536 2538 2627 2828 3032 3259 3261 3334 3340 3480 3726 3796 3908 3975
nsga2,ns192,4,1,2850,57,65574846.569601,1166.775727,0.111111,0.888889,419 420 421 567 568 569 570 713 854 855 993 994 1408 1542 1543 1544 1930 1931 2175 2176 2177 2293 2408 2627 2728 2828 3015 3184 3263 3338 3340
nsga2,ns192,4,2,2850,57,65574846.569601,1166.775727,0.222222,0.777778,419 420 421 567 568 569 570 713 854 855 993 994 1408 1542 1543 1544 1930 1931 2175 2176 2177 2293 2408 2627 2728 2828 3015 3184 3263 3338 3340
nsga2,ns192,4,3,2850,57,65574846.569601,1166.775727,0.333333,0.666667,419 420 421 567 568 569 570 713 854 855 993 994 1408 1542 1543 1544 1930 1931 2175 2176 2177 2293 2408 2627 2728 2828 3015 3184 3263 3338 3340
nsga2,ns192,4,4,2850,57,65574846.569601,1166.775727,0.444444,0.555556,419 420 421 567 568 569 570 713 854 855 993 994 1408 1542 1543 1544 1930 1931 2175 2176 2177 2293 2408 2627 2728 2828 3015 3184 3263 3338 3340
nsga2,ns192,4,5,2850,57,65574846.569601,1166.775727,0.555556,0.444444,419 420 421 567 568 569 570 713 854 855 993 994 1408 1542 1543 1544 1930 1931 2175 2176 2177 2293 2408 2627 2728 2828 3015 3184 3263 3338 3340
nsga2,ns192,4,6,2850,57,65574846.569601,1166.775727,0.666667,0.333333,419 420 421 567 568 569 570 713 854 855 993 994 1408 1542 1543 1544 1930 1931 2175 2176 2177 2293 2408 2627 2728 2828 3015 3184 3263 3338 3340
nsga2,ns192,4,7,2850,57,65574846.569601,1166.775727,0.777778,0.222222,419 420 421 567 568 569 570 713 854 855 993 994 1408 1542 1543 1544 1930 1931 2175 2176 2177 2293 2408 2627 2728 2828 3015 3184 3263 3338 3340
nsga2,ns192,4,8,2850,57,65574846.569601,1166.775727,0.888889,0.111111,419 420 421 567 568 569 570 713 854 855 993 994 1408 1542 1543 1544 1930 1931 2175 2176 2177 2293 2408 2627 2728 2828 3015 3184 3263 3338 3340
nsga2,ns192,4,9,2850,57,65574846.569601,1166.775727,1.000000,0.000000,419 420 421 567 568 569 570 713 854 855 993 994 1408 1542 1543 1544 1930 1931 2175 2176 2177 2293 2408 2627 2728 2828 3015 3184 3263 3338 3340
nsga2,ns192,4,0,2900,58,69180088.791451,1706.844633,0.000000,1.000000,371 373 440 569 571 854 1013 1488 1543 1562 1762 1823 2112 2114 2116 2118 2177 2536 2538 2627 2828 3032 3259 3261 3334 3340 3480 3726 3796 3908 3975
nsga2,ns192,4,1,2900,58,65572966.420954,1163.507776,0.111111,0.888889,419 420 421 567 568 569 570 713 854 855 993 994 1270 1408 1542 1543 1544 1930 2175 2176 2177 2293 2408 2627 2728 2828 3015 3184 3263 3338 3340
nsga2,ns192,4,2,2900,58,65572966.420954,1163.507776,0.222222,0.777778,419 420 421 567 568 569 570 713 854 855 993 994 1270 1408 1542 1543 1544 1930 2175 2176 2177 2293 2408 2627 2728 2828 3015 3184 3263 3338 3340
nsga2,ns192,4,3,2900,58,65572966.420954,1163.507776,0.333333,0.666667,419 420 421 567 568 569 570 713 854 855 993 994 1270 1408 1542 1543 1544 1930 2175 2176 2177 2293 2408 2627 2728 2828 3015 3184 3263 3338 3340
nsga2,ns192,4,4,2900,58,65572966.420954,1163.507776,0.444444,0.555556,419 420 421 567 568 569 570 713 854 855 993 994 1270 1408 1542 1543 1544 1930 2175 2176 2177 2293 2408 2627 2728 2828 3015 3184 3263 3338 3340
nsga2,ns192,4,5,2900,58,65572966.420954,1163.507776,0.555556,0.444444,419 420 421 567 568 569 570 713 854 855 993 994 1270 1408 1542 1543 1544 1930 2175 2176 2177 2293 2408 2627 2728 2828 3015 3184 3263 3338 3340
nsga2,ns192,4,6,2900,58,65572966.420954,1163.507776,0.666667,0.333333,419 420 421 567 568 569 570 713 854 855 993 994 1270 1408 1542 1543 1544 1930 2175 2176 2177 2293 2408 2627 2728 2828 3015 3184 3263 3338 3340
nsga2,ns192,4,7,2900,58,65572966.420954,1163.507776,0.777778,0.222222,419 420 421 567 568 569 570 713 854 855 993 994 1270 1408 1542 1543 1544 1930 2175 2176 2177 2293 2408 2627 2728 2828 3015 3184 3263 3338 3340
nsga2,ns192,4,8,2900,58,65572966.420954,1163.507776,0.888889,0.111111,419 420 421 567 568 569 570 713 854 855 993 994 1270 1408 1542 1543 1544 1930 2175 2176 2177 2293 2408 2627 2728 2828 3015 3184 3263 3338 3340
nsga2,ns192,4,9,2900,58,65572966.420954,1163.507776,1.000000,0.000000,419 420 421 567 568 569 570 713 854 855 993 994 1270 1408 1542 1543 1544 1930 2175 2176 2177 2293 2408 2627 2728 2828 3015 3184 3263 3338 3340
nsga2,ns192,4,0,2950,59,69180088.791451,1706.844633,0.000000,1.000000,371 373 440 569 571 854 1013 1488 1543 1562 1762 1823 2112 2114 2116 2118 2177 2536 2538 2627 2828 3032 3259 3261 3334 3340 3480 3726 3796 3908 3975
nsga2,ns192,4,1,2950,59,65572966.420954,1163.507776,0.111111,0.888889,419 420 421 567 568 569 570 713 854 855 993 994 1270 1408 1542 1543 1544 1930 2175 2176 2177 2293 2408 2627 2728 2828 3015 3184 3263 3338 3340
nsga2,ns192,4,2,2950,59,65572966.420954,1163.507776,0.222222,0.777778,419 420 421 567 568 569 570 713 854 855 993 994 1270 1408 1542 1543 1544 1930 2175 2176 2177 2293 2408 2627 2728 2828 3015 3184 3263 3338 3340
nsga2,ns192,4,3,2950,59,65572966.420954,1163.507776,0.333333,0.666667,419 420 421 567 568 569 570 713 854 855 993 994 1270 1408 1542 1543 1544 1930 2175 2176 2177 2293 2408 2627 2728 2828 3015 3184 3263 3338 3340
nsga2,ns192,4,4,2950,59,65572966.420954,1163.507776,0.444444,0.555556,419 420 421 567 568 569 570 713 854 855 993 994 1270 1408 1542 1543 1544 1930 2175 2176 2177 2293 2408 2627 2728 2828 3015 3184 3263 3338 3340
nsga2,ns192,4,5,2950,59,65572966.420954,1163.507776,0.555556,0.444444,419 420 421 567 568 569 570 713 854 855 993 994 1270 1408 1542 1543 1544 1930 2175 2176 2177 2293 2408 2627 2728 2828 3015 3184 3263 3338 3340
nsga2,ns192,4,6,2950,59,65572966.420954,1163.507776,0.666667,0.333333,419 420 421 567 568 569 570 713 854 855 993 994 1270 1408 1542 1543 1544 1930 2175 2176 2177 2293 2408 2627 2728 2828 3015 3184 3263 3338 3340
nsga2,ns192,4,7,2950,59,65572966.420954,1163.507776,0.777778,0.222222,419 420 421 567 568 569 570 713 854 855 993 994 1270 1408 1542 1543 1544 1930 2175 2176 2177 2293 2408 2627 2728 2828 3015 3184 3263 3338 3340
nsga2,ns192,4,8,2950,59,65572966.420954,1163.507776,0.888889,0.111111,419 420 421 567 568 569 570 713 854 855 993 994 1270 1408 1542 1543 1544 1930 2175 2176 2177 2293 2408 2627 2728 2828 3015 3184 3263 3338 3340
nsga2,ns192,4,9,2950,59,65572966.420954,1163.507776,1.000000,0.000000,419 420 421 567 568 569 570 713 854 855 993 994 1270 1408 1542 1543 1544 1930 2175 2176 2177 2293 2408 2627 2728 2828 3015 3184 3263 3338 3340
nsga2,ns192,4,0,3000,60,69180088.791451,1706.844633,0.000000,1.000000,371 373 440 569 571 854 1013 1488 1543 1562 1762 1823 2112 2114 2116 2118 2177 2536 2538 2627 2828 3032 3259 3261 3334 3340 3480 3726 3796 3908 3975
nsga2,ns192,4,1,3000,60,65572966.420954,1163.507776,0.111111,0.888889,419 420 421 567 568 569 570 713 854 855 993 994 1270 1408 1542 1543 1544 1930 2175 2176 2177 2293 2408 2627 2728 2828 3015 3184 3263 3338 3340
nsga2,ns192,4,2,3000,60,65572966.420954,1163.507776,0.222222,0.777778,419 420 421 567 568 569 570 713 854 855 993 994 1270 1408 1542 1543 1544 1930 2175 2176 2177 2293 2408 2627 2728 2828 3015 3184 3263 3338 3340
nsga2,ns192,4,3,3000,60,65572966.420954,1163.507776,0.333333,0.666667,419 420 421 567 568 569 570 713 854 855 993 994 1270 1408 1542 1543 1544 1930 2175 2176 2177 2293 2408 2627 2728 2828 3015 3184 3263 3338 3340
nsga2,ns192,4,4,3000,60,65572966.420954,1163.507776,0.444444,0.555556,419 420 421 567 568 569 570 713 854 855 993 994 1270 1408 1542 1543 1544 1930 2175 2176 2177 2293 2408 2627 2728 2828 3015 3184 3263 3338 3340
nsga2,ns192,4,5,3000,60,65572966.420954,1163.507776,0.555556,0.444444,419 420 421 567 568 569 570 713 854 855 993 994 1270 1408 1542 1543 1544 1930 2175 2176 2177 2293 2408 2627 2728 2828 3015 3184 3263 3338 3340
nsga2,ns192,4,6,3000,60,65572966.420954,1163.507776,0.666667,0.333333,419 420 421 567 568 569 570 713 854 855 993 994 1270 1408 1542 1543 1544 1930 2175 2176 2177 2293 2408 2627 2728 2828 3015 3184 3263 3338 3340
nsga2,ns192,4,7,3000,60,65572966.420954,1163.507776,0.777778,0.222222,419 420 421 567 568 569 570 713 854 855 993 994 1270 1408 1542 1543 1544 1930 2175 2176 2177 2293 2408 2627 2728 2828 3015 3184 3263 3338 3340
nsga2,ns192,4,8,3000,60,65572966.420954,1163.507776,0.888889,0.111111,419 420 421 567 568 569 570 713 854 855 993 994 1270 1408 1542 1543 1544 1930 2175 2176 2177 2293 2408 2627 2728 2828 3015 3184 3263 3338 3340
nsga2,ns192,4,9,3000,60,65572966.420954,1163.507776,1.000000,0.000000,419 420 421 567 568 569 570 713 854 855 993 994 1270 1408 1542 1543 1544 1930 2175 2176 2177 2293 2408 2627 2728 2828 3015 3184 3263 3338 3340
nsga2,ns192,4,0,3050,61,69180088.791451,1706.844633,0.000000,1.000000,371 373 440 569 571 854 1013 1488 1543 1562 1762 1823 2112 2114 2116 2118 2177 2536 2538 2627 2828 3032 3259 3261 3334 3340 3480 3726 3796 3908 3975
nsga2,ns192,4,1,3050,61,65572966.420954,1163.507776,0.111111,0.888889,419 420 421 567 568 569 570 713 854 855 993 994 1270 1408 1542 1543 1544 1930 2175 2176 2177 2293 2408 2627 2728 2828 3015 3184 3263 3338 3340
nsga2,ns192,4,2,3050,61,65572966.420954,1163.507776,0.222222,0.777778,419 420 421 567 568 569 570 713 854 855 993 994 1270 1408 1542 1543 1544 1930 2175 2176 2177 2293 2408 2627 2728 2828 3015 3184 3263 3338 3340
nsga2,ns192,4,3,3050,61,65572966.420954,1163.507776,0.333333,0.666667,419 420 421 567 568 569 570 713 854 855 993 994 1270 1408 1542 1543 1544 1930 2175 2176 2177 2293 2408 2627 2728 2828 3015 3184 3263 3338 3340
nsga2,ns192,4,4,3050,61,65572966.420954,1163.507776,0.444444,0.555556,419 420 421 567 568 569 570 713 854 855 993 994 1270 1408 1542 1543 1544 1930 2175 2176 2177 2293 2408 2627 2728 2828 3015 3184 3263 3338 3340
nsga2,ns192,4,5,3050,61,65572966.420954,1163.507776,0.555556,0.444444,419 420 421 567 568 569 570 713 854 855 993 994 1270 1408 1542 1543 1544 1930 2175 2176 2177 2293 2408 2627 2728 2828 3015 3184 3263 3338 3340
nsga2,ns192,4,6,3050,61,65572966.420954,1163.507776,0.666667,0.333333,419 420 421 567 568 569 570 713 854 855 993 994 1270 1408 1542 1543 1544 1930 2175 2176 2177 2293 2408 2627 2728 2828 3015 3184 3263 3338 3340
nsga2,ns192,4,7,3050,61,65572966.420954,1163.507776,0.777778,0.222222,419 420 421 567 568 569 570 713 854 855 993 994 1270 1408 1542 1543 1544 1930 2175 2176 2177 2293 2408 2627 2728 2828 3015 3184 3263 3338 3340
nsga2,ns192,4,8,3050,61,65572966.420954,1163.507776,0.888889,0.111111,419 420 421 567 568 569 570 713 854 855 993 994 1270 1408 1542 1543 1544 1930 2175 2176 2177 2293 2408 2627 2728 2828 3015 3184 3263 3338 3340
nsga2,ns192,4,9,3050,61,65572966.420954,1163.507776,1.000000,0.000000,419 420 421 567 568 569 570 713 854 855 993 994 1270 1408 1542 1543 1544 1930 2175 2176 2177 2293 2408 2627 2728 2828 3015 3184 3263 3338 3340
nsga2,ns192,4,0,3100,62,69180088.791451,1706.844633,0.000000,1.000000,371 373 440 569 571 854 1013 1488 1543 1562 1762 1823 2112 2114 2116 2118 2177 2536 2538 2627 2828 3032 3259 3261 3334 3340 3480 3726 3796 3908 3975
nsga2,ns192,4,1,3100,62,65572966.420954,1163.507776,0.111111,0.888889,419 420 421 567 568 569 570 713 854 855 993 994 1270 1408 1542 1543 1544 1930 2175 2176 2177 2293 2408 2627 2728 2828 3015 3184 3263 3338 3340
nsga2,ns192,4,2,3100,62,65572966.420954,1163.507776,0.222222,0.777778,419 420 421 567 568 569 570 713 854 855 993 994 1270 1408 1542 1543 1544 1930 2175 2176 2177 2293 2408 2627 2728 2828 3015 3184 3263 3338 3340
nsga2,ns192,4,3,3100,62,65572966.420954,1163.507776,0.333333,0.666667,419 420 421 567 568 569 570 713 854 855 993 994 1270 1408 1542 1543 1544 1930 2175 2176 2177 2293 2408 2627 2728 2828 3015 3184 3263 3338 3340
nsga2,ns192,4,4,3100,62,65572966.420954,1163.507776,0.444444,0.555556,419 420 421 567 568 569 570 713 854 855 993 994 1270 1408 1542 1543 1544 1930 2175 2176 2177 2293 2408 2627 2728 2828 3015 3184 3263 3338 3340
nsga2,ns192,4,5,3100,62,65572966.420954,1163.507776,0.555556,0.444444,419 420 421 567 568 569 570 713 854 855 993 994 1270 1408 1542 1543 1544 1930 2175 2176 2177 2293 2408 2627 2728 2828 3015 3184 3263 3338 3340
nsga2,ns192,4,6,3100,62,65572966.420954,1163.507776,0.666667,0.333333,419 420 421 567 568 569 570 713 854 855 993 994 1270 1408 1542 1543 1544 1930 2175 2176 2177 2293 2408 2627 2728 2828 3015 3184 3263 3338 3340
nsga2,ns192,4,7,3100,62,65572966.420954,1163.507776,0.777778,0.222222,419 420 421 567 568 569 570 713 854 855 993 994 1270 1408 1542 1543 1544 1930 2175 2176 2177 2293 2408 2627 2728 2828 3015 3184 3263 3338 3340
nsga2,ns192,4,8,3100,62,65572966.420954,1163.507776,0.888889,0.111111,419 420 421 567 568 569 570 713 854 855 993 994 1270 1408 1542 1543 1544 1930 2175 2176 2177 2293 2408 2627 2728 2828 3015 3184 3263 3338 3340
nsga2,ns192,4,9,3100,62,65572966.420954,1163.507776,1.000000,0.000000,419 420 421 567 568 569 570 713 854 855 993 994 1270 1408 1542 1543 1544 1930 2175 2176 2177 2293 2408 2627 2728 2828 3015 3184 3263 3338 3340
nsga2,ns192,4,0,3150,63,69180088.791451,1706.844633,0.000000,1.000000,371 373 440 569 571 854 1013 1488 1543 1562 1762 1823 2112 2114 2116 2118 2177 2536 2538 2627 2828 3032 3259 3261 3334 3340 3480 3726 3796 3908 3975
nsga2,ns192,4,1,3150,63,65572966.420954,1163.507776,0.111111,0.888889,419 420 421 567 568 569 570 713 854 855 993 994 1270 1408 1542 1543 1544 1930 2175 2176 2177 2293 2408 2627 2728 2828 3015 3184 3263 3338 3340
nsga2,ns192,4,2,3150,63,65572966.420954,1163.507776,0.222222,0.777778,419 420 421 567 568 569 570 713 854 855 993 994 1270 1408 1542 1543 1544 1930 2175 2176 2177 2293 2408 2627 2728 2828 3015 3184 3263 3338 3340
nsga2,ns192,4,3,3150,63,65572966.420954,1163.507776,0.333333,0.666667,419 420 421 567 568 569 570 713 854 855 993 994 1270 1408 1542 1543 1544 1930 2175 2176 2177 2293 2408 2627 2728 2828 3015 3184 3263 3338 3340
nsga2,ns192,4,4,3150,63,65572966.420954,1163.507776,0.444444,0.555556,419 420 421 567 568 569 570 713 854 855 993 994 1270 1408 1542 1543 1544 1930 2175 2176 2177 2293 2408 2627 2728 2828 3015 3184 3263 3338 3340
nsga2,ns192,4,5,3150,63,65572966.420954,1163.507776,0.555556,0.444444,419 420 421 567 568 569 570 713 854 855 993 994 1270 1408 1542 1543 1544 1930 2175 2176 2177 2293 2408 2627 2728 2828 3015 3184 3263 3338 3340
nsga2,ns192,4,6,3150,63,65572966.420954,1163.507776,0.666667,0.333333,419 420 421 567 568 569 570 713 854 855 993 994 1270 1408 1542 1543 1544 1930 2175 2176 2177 2293 2408 2627 2728 2828 3015 3184 3263 3338 3340
nsga2,ns192,4,7,3150,63,65572966.420954,1163.507776,0.777778,0.222222,419 420 421 567 568 569 570 713 854 855 993 994 1270 1408 1542 1543 1544 1930 2175 2176 2177 2293 2408 2627 2728 2828 3015 3184 3263 3338 3340
nsga2,ns192,4,8,3150,63,65572966.420954,1163.507776,0.888889,0.111111,419 420 421 567 568 569 570 713 854 855 993 994 1270 1408 1542 1543 1544 1930 2175 2176 2177 2293 2408 2627 2728 2828 3015 3184 3263 3338 3340
nsga2,ns192,4,9,3150,63,65572966.420954,1163.507776,1.000000,0.000000,419 420 421 567 568 569 570 713 854 855 993 994 1270 1408 1542 1543 1544 1930 2175 2176 2177 2293 2408 2627 2728 2828 3015 3184 3263 3338 3340
nsga2,ns192,4,0,3200,64,69180088.791451,1706.844633,0.000000,1.000000,371 373 440 569 571 854 1013 1488 1543 1562 1762 1823 2112 2114 2116 2118 2177 2536 2538 2627 2828 3032 3259 3261 3334 3340 3480 3726 3796 3908 3975
nsga2,ns192,4,1,3200,64,65572966.420954,1163.507776,0.111111,0.888889,419 420 421 567 568 569 570 713 854 855 993 994 1270 1408 1542 1543 1544 1930 2175 2176 2177 2293 2408 2627 2728 2828 3015 3184 3263 3338 3340
nsga2,ns192,4,2,3200,64,65572966.420954,1163.507776,0.222222,0.777778,419 420 421 567 568 569 570 713 854 855 993 994 1270 1408 1542 1543 1544 1930 2175 2176 2177 2293 2408 2627 2728 2828 3015 3184 3263 3338 3340
nsga2,ns192,4,3,3200,64,65572966.420954,1163.507776,0.333333,0.666667,419 420 421 567 568 569 570 713 854 855 993 994 1270 1408 1542 1543 1544 1930 2175 2176 2177 2293 2408 2627 2728 2828 3015 3184 3263 3338 3340
nsga2,ns192,4,4,3200,64,65572966.420954,1163.507776,0.444444,0.555556,419 420 421 567 568 569 570 713 854 855 993 994 1270 1408 1542 1543 1544 1930 2175 2176 2177 2293 2408 2627 2728 2828 3015 3184 3263 3338 3340
nsga2,ns192,4,5,3200,64,65572966.420954,1163.507776,0.555556,0.444444,419 420 421 567 568 569 570 713 854 855 993 994 1270 1408 1542 1543 1544 1930 2175 2176 2177 2293 2408 2627 2728 2828 3015 3184 3263 3338 3340
nsga2,ns192,4,6,3200,64,65572966.420954,1163.507776,0.666667,0.333333,419 420 421 567 568 569 570 713 854 855 993 994 1270 1408 1542 1543 1544 1930 2175 2176 2177 2293 2408 2627 2728 2828 3015 3184 3263 3338 3340
nsga2,ns192,4,7,3200,64,65572966.420954,1163.507776,0.777778,0.222222,419 420 421 567 568 569 570 713 854 855 993 994 1270 1408 1542 1543 1544 1930 2175 2176 2177 2293 2408 2627 2728 2828 3015 3184 3263 3338 3340
nsga2,ns192,4,8,3200,64,65572966.420954,1163.507776,0.888889,0.111111,419 420 421 567 568 569 570 713 854 855 993 994 1270 1408 1542 1543 1544 1930 2175 2176 2177 2293 2408 2627 2728 2828 3015 3184 3263 3338 3340
nsga2,ns192,4,9,3200,64,65572966.420954,1163.507776,1.000000,0.000000,419 420 421 567 568 569 570 713 854 855 993 994 1270 1408 1542 1543 1544 1930 2175 2176 2177 2293 2408 2627 2728 2828 3015 3184 3263 3338 3340
nsga2,ns192,4,0,3250,65,69180088.791451,1706.844633,0.000000,1.000000,371 373 440 569 571 854 1013 1488 1543 1562 1762 1823 2112 2114 2116 2118 2177 2536 2538 2627 2828 3032 3259 3261 3334 3340 3480 3726 3796 3908 3975
nsga2,ns192,4,1,3250,65,65572966.420954,1163.507776,0.111111,0.888889,419 420 421 567 568 569 570 713 854 855 993 994 1270 1408 1542 1543 1544 1930 2175 2176 2177 2293 2408 2627 2728 2828 3015 3184 3263 3338 3340
nsga2,ns192,4,2,3250,65,65572966.420954,1163.507776,0.222222,0.777778,419 420 421 567 568 569 570 713 854 855 993 994 1270 1408 1542 1543 1544 1930 2175 2176 2177 2293 2408 2627 2728 2828 3015 3184 3263 3338 3340
nsga2,ns192,4,3,3250,65,65572966.420954,1163.507776,0.333333,0.666667,419 420 421 567 568 569 570 713 854 855 993 994 1270 1408 1542 1543 1544 1930 2175 2176 2177 2293 2408 2627 2728 2828 3015 3184 3263 3338 3340
nsga2,ns192,4,4,3250,65,65572966.420954,1163.507776,0.444444,0.555556,419 420 421 567 568 569 570 713 854 855 993 994 1270 1408 1542 1543 1544 1930 2175 2176 2177 2293 2408 2627 2728 2828 3015 3184 3263 3338 3340
nsga2,ns192,4,5,3250,65,65572966.420954,1163.507776,0.555556,0.444444,419 420 421 567 568 569 570 713 854 855 993 994 1270 1408 1542 1543 1544 1930 2175 2176 2177 2293 2408 2627 2728 2828 3015 3184 3263 3338 3340
nsga2,ns192,4,6,3250,65,65572966.420954,1163.507776,0.666667,0.333333,419 420 421 567 568 569 570 713 854 855 993 994 1270 1408 1542 1543 1544 1930 2175 2176 2177 2293 2408 2627 2728 2828 3015 3184 3263 3338 3340
nsga2,ns192,4,7,3250,65,65572966.420954,1163.507776,0.777778,0.222222,419 420 421 567 568 569 570 713 854 855 993 994 1270 1408 1542 1543 1544 1930 2175 2176 2177 2293 2408 2627 2728 2828 3015 3184 3263 3338 3340
nsga2,ns192,4,8,3250,65,65572966.420954,1163.507776,0.888889,0.111111,419 420 421 567 568 569 570 713 854 855 993 994 1270 1408 1542 1543 1544 1930 2175 2176 2177 2293 2408 2627 2728 2828 3015 3184 3263 3338 3340
nsga2,ns192,4,9,3250,65,65572966.420954,1163.507776,1.000000,0.000000,419 420 421 567 568 569 570 713 854 855 993 994 1270 1408 1542 1543 1544 1930 2175 2176 2177 2293 2408 2627 2728 2828 3015 3184 3263 3338 3340
nsga2,ns192,4,0,3300,66,69180088.791451,1706.844633,0.000000,1.000000,371 373 440 569 571 854 1013 1488 1543 1562 1762 1823 2112 2114 2116 2118 2177 2536 2538 2627 2828 3032 3259 3261 3334 3340 3480 3726 3796 3908 3975
nsga2,ns192,4,1,3300,66,65572966.420954,1163.507776,0.111111,0.888889,419 420 421 567 568 569 570 713 854 855 993 994 1270 1408 1542 1543 1544 1930 2175 2176 2177 2293 2408 2627 2728 2828 3015 3184 3263 3338 3340
nsga2,ns192,4,2,3300,66,65570818.671402,1142.379403,0.222222,0.777778,419 420 421 567 568 569 713 854 855 992 993 994 1128 1130 1269 1271 1543 2175 2176 2177 2293 2408 2625 2627 2729 3015 3184 3186 3263 3338 3340
nsga2,ns192,4,3,3300,66,65570818.671402,1142.379403,0.333333,0.666667,419 420 421 567 568 569 713 854 855 992 993 994 1128 1130 1269 1271 1543 2175 2176 2177 2293 2408 2625 2627 2729 3015 3184 3186 3263 3338 3340
nsga2,ns192,4,4,3300,66,65570818.671402,1142.379403,0.444444,0.555556,419 420 421 567 568 569 713 854 855 992 993 994 1128 1130 1269 1271 1543 2175 2176 2177 2293 2408 2625 2627 2729 3015 3184 3186 3263 3338 3340
nsga2,ns192,4,5,3300,66,65570818.671402,1142.379403,0.555556,0.444444,419 420 421 567 568 569 713 854 855 992 993 994 1128 1130 1269 1271 1543 2175 2176 2177 2293 2408 2625 2627 2729 3015 3184 3186 3263 3338 3340
nsga2,ns192,4,6,3300,66,65570818.671402,1142.379403,0.666667,0.333333,419 420 421 567 568 569 713 854 855 992 993 994 1128 1130 1269 1271 1543 2175 2176 2177 2293 2408 2625 2627 2729 3015 3184 3186 3263 3338 3340
nsga2,ns192,4,7,3300,66,65570818.671402,1142.379403,0.777778,0.222222,419 420 421 567 568 569 713 854 855 992 993 994 1128 1130 1269 1271 1543 2175 2176 2177 2293 2408 2625 2627 2729 3015 3184 3186 3263 3338 3340
nsga2,ns192,4,8,3300,66,65570818.671402,1142.379403,0.888889,0.111111,419 420 421 567 568 569 713 854 855 992 993 994 1128 1130 1269 1271 1543 2175 2176 2177 2293 2408 2625 2627 2729 3015 3184 3186 3263 3338 3340
nsga2,ns192,4,9,3300,66,65570818.671402,1142.379403,1.000000,0.000000,419 420 421 567 568 569 713 854 855 992 993 994 1128 1130 1269 1271 1543 2175 2176 2177 2293 2408 2625 2627 2729 3015 3184 3186 3263 3338 3340
nsga2,ns192,4,0,3350,67,69180088.791451,1706.844633,0.000000,1.000000,371 373 440 569 571 854 1013 1488 1543 1562 1762 1823 2112 2114 2116 2118 2177 2536 2538 2627 2828 3032 3259 3261 3334 3340 3480 3726 3796 3908 3975
nsga2,ns192,4,1,3350,67,65570843.693188,1143.976908,0.111111,0.888889,419 420 421 567 568 569 713 854 855 992 993 994 1128 1130 1269 1271 1543 2175 2176 2177 2293 2408 2625 2627 2729 2828 3015 3184 3186 3338 3340
nsga2,ns192,4,2,3350,67,65570843.693188,1143.976908,0.222222,0.777778,419 420 421 567 568 569 713 854 855 992 993 994 1128 1130 1269 1271 1543 2175 2176 2177 2293 2408 2625 2627 2729 2828 3015 3184 3186 3338 3340
nsga2,ns192,4,3,3350,67,65570843.693188,1143.976908,0.333333,0.666667,419 420 421 567 568 569 713 854 855 992 993 994 1128 1130 1269 1271 1543 2175 2176 2177 2293 2408 2625 2627 2729 2828 3015 3184 3186 3338 3340
nsga2,ns192,4,4,3350,67,65570843.693188,1143.976908,0.444444,0.555556,419 420 421 567 568 569 713 854 855 992 993 994 1128 1130 1269 1271 1543 2175 2176 2177 2293 2408 2625 2627 2729 2828 3015 3184 3186 3338 3340
nsga2,ns192,4,5,3350,67,65570843.693188,1143.976908,0.555556,0.444444,419 420 421 567 568 569 713 854 855 992 993 994 1128 1130 1269 1271 1543 2175 2176 2177 2293 2408 2625 2627 2729 2828 3015 3184 3186 3338 3340
nsga2,ns192,4,6,3350,67,65570843.693188,1143.976908,0.666667,0.333333,419 420 421 567 568 569 713 854 855 992 993 994 1128 1130 1269 1271 1543 2175 2176 2177 2293 2408 2625 2627 2729 2828 3015 3184 3186 3338 3340
nsga2,ns192,4,7,3350,67,65570843.693188,1143.976908,0.777778,0.222222,419 420 421 567 568 569 713 854 855 992 993 994 1128 1130 1269 1271 1543 2175 2176 2177 2293 2408 2625 2627 2729 2828 3015 3184 3186 3338 3340
nsga2,ns192,4,8,3350,67,65570843.693188,1143.976908,0.888889,0.111111,419 420 421 567 568 569 713 854 855 992 993 994 1128 1130 1269 1271 1543 2175 2176 2177 2293 2408 2625 2627 2729 2828 3015 3184 3186 3338 3340
nsga2,ns192,4,9,3350,67,65570818.671402,1142.379403,1.000000,0.000000,419 420 421 567 568 569 713 854 855 992 993 994 1128 1130 1269 1271 1543 2175 2176 2177 2293 2408 2625 2627 2729 3015 3184 3186 3263 3338 3340
nsga2,ns192,4,0,3400,68,69180088.791451,1706.844633,0.000000,1.000000,371 373 440 569 571 854 1013 1488 1543 1562 1762 1823 2112 2114 2116 2118 2177 2536 2538 2627 2828 3032 3259 3261 3334 3340 3480 3726 3796 3908 3975
nsga2,ns192,4,1,3400,68,65570843.693188,1143.976908,0.111111,0.888889,419 420 421 567 568 569 713 854 855 992 993 994 1128 1130 1269 1271 1543 2175 2176 2177 2293 2408 2625 2627 2729 2828 3015 3184 3186 3338 3340
nsga2,ns192,4,2,3400,68,65570843.693188,1143.976908,0.222222,0.777778,419 420 421 567 568 569 713 854 855 992 993 994 1128 1130 1269 1271 1543 2175 2176 2177 2293 2408 2625 2627 2729 2828 3015 3184 3186 3338 3340
nsga2,ns192,4,3,3400,68,65570843.693188,1143.976908,0.333333,0.666667,419 420 421 567 568 569 713 854 855 992 993 994 1128 1130 1269 1271 1543 2175 2176 2177 2293 2408 2625 2627 2729 2828 3015 3184 3186 3338 3340
nsga2,ns192,4,4,3400,68,65570843.693188,1143.976908,0.444444,0.555556,419 420 421 567 568 569 713 854 855 992 993 994 1128 1130 1269 1271 1543 2175 2176 2177 2293 2408 2625 2627 2729 2828 3015 3184 3186 3338 3340
nsga2,ns192,4,5,3400,68,65570843.693188,1143.976908,0.555556,0.444444,419 420 421 567 568 569 713 854 855 992 993 994 1128 1130 1269 1271 1543 2175 2176 2177 2293 2408 2625 2627 2729 2828 3015 3184 3186 3338 3340
nsga2,ns192,4,6,3400,68,65570843.693188,1143.976908,0.666667,0.333333,419 420 421 567 568 569 713 854 855 992 993 994 1128 1130 1269 1271 1543 2175 2176 2177 2293 2408 2625 2627 2729 2828 3015 3184 3186 3338 3340
nsga2,ns192,4,7,3400,68,65570843.693188,1143.976908,0.777778,0.222222,419 420 421 567 568 569 713 854 855 992 993 994 1128 1130 1269 1271 1543 2175 2176 2177 2293 2408 2625 2627 2729 2828 3015 3184 3186 3338 3340
nsga2,ns192,4,8,3400,68,65570843.693188,1143.976908,0.888889,0.111111,419 420 421 567 568 569 713 854 855 992 993 994 1128 1130 1269 1271 1543 2175 2176 2177 2293 2408 2625 2627 2729 2828 3015 3184 3186 3338 3340
nsga2,ns192,4,9,3400,68,65570818.671402,1142.379403,1.000000,0.000000,419 420 421 567 568 569 713 854 855 992 993 994 1128 1130 1269 1271 1543 2175 2176 2177 2293 2408 2625 2627 2729 3015 3184 3186 3263 3338 3340
nsga2,ns192,4,0,3450,69,69180088.791451,1706.844633,0.000000,1.000000,371 373 440 569 571 854 1013 1488 1543 1562 1762 1823 2112 2114 2116 2118 2177 2536 2538 2627 2828 3032 3259 3261 3334 3340 3480 3726 3796 3908 3975
nsga2,ns192,4,1,3450,69,65570843.693188,1143.976908,0.111111,0.888889,419 420 421 567 568 569 713 854 855 992 993 994 1128 1130 1269 1271 1543 2175 2176 2177 2293 2408 2625 2627 2729 2828 3015 3184 3186 3338 3340
nsga2,ns192,4,2,3450,69,65570843.693188,1143.976908,0.222222,0.777778,419 420 421 567 568 569 713 854 855 992 993 994 1128 1130 1269 1271 1543 2175 2176 2177 2293 2408 2625 2627 2729 2828 3015 3184 3186 3338 3340
nsga2,ns192,4,3,3450,69,65570843.693188,1143.976908,0.333333,0.666667,419 420 421 567 568 569 713 854 855 992 993 994 1128 1130 1269 1271 1543 2175 2176 2177 2293 2408 2625 2627 2729 2828 3015 3184 3186 3338 3340
nsga2,ns192,4,4,3450,69,65570843.693188,1143.976908,0.444444,0.555556,419 420 421 567 568 569 713 854 855 992 993 994 1128 1130 1269 1271 1543 2175 2176 2177 2293 2408 2625 2627 2729 2828 3015 3184 3186 3338 3340
nsga2,ns192,4,5,3450,69,65570843.693188,1143.976908,0.555556,0.444444,419 420 421 567 568 569 713 854 855 992 993 994 1128 1130 1269 1271 1543 2175 2176 2177 2293 2408 2625 2627 2729 2828 3015 3184 3186 3338 3340
nsga2,ns192,4,6,3450,69,65570843.693188,1143.976908,0.666667,0.333333,419 420 421 567 568 569 713 854 855 992 993 994 1128 1130 1269 1271 1543 2175 2176 2177 2293 2408 2625 2627 2729 2828 3015 3184 3186 3338 3340
nsga2,ns192,4,7,3450,69,65570843.693188,1143.976908,0.777778,0.222222,419 420 421 567 568 569 713 854 855 992 993 994 1128 1130 1269 1271 1543 2175 2176 2177 2293 2408 2625 2627 2729 2828 3015 3184 3186 3338 3340
nsga2,ns192,4,8,3450,69,65570843.693188,1143.976908,0.888889,0.111111,419 420 421 567 568 569 713 854 855 992 993 994 1128 1130 1269 1271 1543 2175 2176 2177 2293 2408 2625 2627 2729 2828 3015 3184 3186 3338 3340
nsga2,ns192,4,9,3450,69,65570818.671402,1142.379403,1.000000,0.000000,419 420 421 567 568 569 713 854 855 992 993 994 1128 1130 1269 1271 1543 2175 2176 2177 2293 2408 2625 2627 2729 3015 3184 3186 3263 3338 3340
nsga2,ns192,4,0,3500,70,69168955.135271,1706.844633,0.000000,1.000000,373 440 569 571 854 1013 1218 1488 1543 1562 1762 1823 2112 2114 2116 2118 2177 2536 2538 2627 2828 3032 3259 3261 3334 3340 3480 3726 3796 3908 3975
nsga2,ns192,4,1,3500,70,65570843.693188,1143.976908,0.111111,0.888889,419 420 421 567 568 569 713 854 855 992 993 994 1128 1130 1269 1271 1543 2175 2176 2177 2293 2408 2625 2627 2729 2828 3015 3184 3186 3338 3340
nsga2,ns192,4,2,3500,70,65570843.693188,1143.976908,0.222222,0.777778,419 420 421 567 568 569 713 854 855 992 993 994 1128 1130 1269 1271 1543 2175 2176 2177 2293 2408 2625 2627 2729 2828 3015 3184 3186 3338 3340
nsga2,ns192,4,3,3500,70,65570843.693188,1143.976908,0.333333,0.666667,419 420 421 567 568 569 713 854 855 992 993 994 1128 1130 1269 1271 1543 2175 2176 2177 2293 2408 2625 2627 2729 2828 3015 3184 3186 3338 3340
nsga2,ns192,4,4,3500,70,65570843.693188,1143.976908,0.444444,0.555556,419 420 421 567 568 569 713 854 855 992 993 994 1128 1130 1269 1271 1543 2175 2176 2177 2293 2408 2625 2627 2729 2828 3015 3184 3186 3338 3340
nsga2,ns192,4,5,3500,70,65570843.693188,1143.976908,0.555556,0.444444,419 420 421 567 568 569 713 854 855 992 993 994 1128 1130 1269 1271 1543 2175 2176 2177 2293 2408 2625 2627 2729 2828 3015 3184 3186 3338 3340
nsga2,ns192,4,6,3500,70,65570843.693188,1143.976908,0.666667,0.333333,419 420 421 567 568 569 713 854 855 992 993 994 1128 1130 1269 1271 1543 2175 2176 2177 2293 2408 2625 2627 2729 2828 3015 3184 3186 3338 3340
nsga2,ns192,4,7,3500,70,65570843.693188,1143.976908,0.777778,0.222222,419 420 421 567 568 569 713 854 855 992 993 994 1128 1130 1269 1271 1543 2175 2176 2177 2293 2408 2625 2627 2729 2828 3015 3184 3186 3338 3340
nsga2,ns192,4,8,3500,70,65570843.693188,1143.976908,0.888889,0.111111,419 420 421 567 568 569 713 854 855 992 993 994 1128 1130 1269 1271 1543 2175 2176 2177 2293 2408 2625 2627 2729 2828 3015 3184 3186 3338 3340
nsga2,ns192,4,9,3500,70,65570818.671402,1142.379403,1.000000,0.000000,419 420 421 567 568 569 713 854 855 992 993 994 1128 1130 1269 1271 1543 2175 2176 2177 2293 2408 2625 2627 2729 3015 3184 3186 3263 3338 3340
nsga2,ns192,4,0,3550,71,69168955.135271,1706.844633,0.000000,1.000000,373 440 569 571 854 1013 1218 1488 1543 1562 1762 1823 2112 2114 2116 2118 2177 2536 2538 2627 2828 3032 3259 3261 3334 3340 3480 3726 3796 3908 3975
nsga2,ns192,4,1,3550,71,65570843.693188,1143.976908,0.111111,0.888889,419 420 421 567 568 569 713 854 855 992 993 994 1128 1130 1269 1271 1543 2175 2176 2177 2293 2408 2625 2627 2729 2828 3015 3184 3186 3338 3340
nsga2,ns192,4,2,3550,71,65570843.693188,1143.976908,0.222222,0.777778,419 420 421 567 568 569 713 854 855 992 993 994 1128 1130 1269 1271 1543 2175 2176 2177 2293 2408 2625 2627 2729 2828 3015 3184 3186 3338 3340
nsga2,ns192,4,3,3550,71,65570843.693188,1143.976908,0.333333,0.666667,419 420 421 567 568 569 713 854 855 992 993 994 1128 1130 1269 1271 1543 2175 2176 2177 2293 2408 2625 2627 2729 2828 3015 3184 3186 3338 3340
nsga2,ns192,4,4,3550,71,65569790.312686,1119.619884,0.444444,0.555556,419 420 421 567 568 569 713 854 855 992 993 994 1128 1130 1269 1271 1543 2175 2176 2293 2408 2625 2627 2729 2828 3015 3103 3184 3186 3338 3340
nsga2,ns192,4,5,3550,71,65569790.312686,1119.619884,0.555556,0.444444,419 420 421 567 568 569 713 854 855 992 993 994 1128 1130 1269 1271 1543 2175 2176 2293 2408 2625 2627 2729 2828 3015 3103 3184 3186 3338 3340
nsga2,ns192,4,6,3550,71,65569790.312686,1119.619884,0.666667,0.333333,419 420 421 567 568 569 713 854 855 992 993 994 1128 1130 1269 1271 1543 2175 2176 2293 2408 2625 2627 2729 2828 3015 3103 3184 3186 3338 3340
nsga2,ns192,4,7,3550,71,65569790.312686,1119.619884,0.777778,0.222222,419 420 421 567 568 569 713 854 855 992 993 994 1128 1130 1269 1271 1543 2175 2176 2293 2408 2625 2627 2729 2828 3015 3103 3184 3186 3338 3340
nsga2,ns192,4,8,3550,71,65569790.312686,1119.619884,0.888889,0.111111,419 420 421 567 568 569 713 854 855 992 993 994 1128 1130 1269 1271 1543 2175 2176 2293 2408 2625 2627 2729 2828 3015 3103 3184 3186 3338 3340
nsga2,ns192,4,9,3550,71,65569790.312686,1119.619884,1.000000,0.000000,419 420 421 567 568 569 713 854 855 992 993 994 1128 1130 1269 1271 1543 2175 2176 2293 2408 2625 2627 2729 2828 3015 3103 3184 3186 3338 3340
nsga2,ns192,4,0,3600,72,69168955.135271,1706.844633,0.000000,1.000000,373 440 569 571 854 1013 1218 1488 1543 1562 1762 1823 2112 2114 2116 2118 2177 2536 2538 2627 2828 3032 3259 3261 3334 3340 3480 3726 3796 3908 3975
nsga2,ns192,4,1,3600,72,65569790.312686,1119.619884,0.111111,0.888889,419 420 421 567 568 569 713 854 855 992 993 994 1128 1130 1269 1271 1543 2175 2176 2293 2408 2625 2627 2729 2828 3015 3103 3184 3186 3338 3340
nsga2,ns192,4,2,3600,72,65569790.312686,1119.619884,0.222222,0.777778,419 420 421 567 568 569 713 854 855 992 993 994 1128 1130 1269 1271 1543 2175 2176 2293 2408 2625 2627 2729 2828 3015 3103 3184 3186 3338 3340
nsga2,ns192,4,3,3600,72,65569790.312686,1119.619884,0.333333,0.666667,419 420 421 567 568 569 713 854 855 992 993 994 1128 1130 1269 1271 1543 2175 2176 2293 2408 2625 2627 2729 2828 3015 3103 3184 3186 3338 3340
nsga2,ns192,4,4,3600,72,65569790.312686,1119.619884,0.444444,0.555556,419 420 421 567 568 569 713 854 855 992 993 994 1128 1130 1269 1271 1543 2175 2176 2293 2408 2625 2627 2729 2828 3015 3103 3184 3186 3338 3340
nsga2,ns192,4,5,3600,72,65569790.312686,1119.619884,0.555556,0.444444,419 420 421 567 568 569 713 854 855 992 993 994 1128 1130 1269 1271 1543 2175 2176 2293 2408 2625 2627 2729 2828 3015 3103 3184 3186 3338 3340
nsga2,ns192,4,6,3600,72,65569790.312686,1119.619884,0.666667,0.333333,419 420 421 567 568 569 713 854 855 992 993 994 1128 1130 1269 1271 1543 2175 2176 2293 2408 2625 2627 2729 2828 3015 3103 3184 3186 3338 3340
nsga2,ns192,4,7,3600,72,65569790.312686,1119.619884,0.777778,0.222222,419 420 421 567 568 569 713 854 855 992 993 994 1128 1130 1269 1271 1543 2175 2176 2293 2408 2625 2627 2729 2828 3015 3103 3184 3186 3338 3340
nsga2,ns192,4,8,3600,72,65569790.312686,1119.619884,0.888889,0.111111,419 420 421 567 568 569 713 854 855 992 993 994 1128 1130 1269 1271 1543 2175 2176 2293 2408 2625 2627 2729 2828 3015 3103 3184 3186 3338 3340
nsga2,ns192,4,9,3600,72,65569790.312686,1119.619884,1.000000,0.000000,419 420 421 567 568 569 713 854 855 992 993 994 1128 1130 1269 1271 1543 2175 2176 2293 2408 2625 2627 2729 2828 3015 3103 3184 3186 3338 3340
nsga2,ns192,4,0,3650,73,69168955.135271,1706.844633,0.000000,1.000000,373 440 569 571 854 1013 1218 1488 1543 1562 1762 1823 2112 2114 2116 2118 2177 2536 2538 2627 2828 3032 3259 3261 3334 3340 3480 3726 3796 3908 3975
nsga2,ns192,4,1,3650,73,65569790.312686,1119.619884,0.111111,0.888889,419 420 421 567 568 569 713 854 855 992 993 994 1128 1130 1269 1271 1543 2175 2176 2293 2408 2625 2627 2729 2828 3015 3103 3184 3186 3338 3340
nsga2,ns192,4,2,3650,73,65569790.312686,1119.619884,0.222222,0.777778,419 420 421 567 568 569 713 854 855 992 993 994 1128 1130 1269 1271 1543 2175 2176 2293 2408 2625 2627 2729 2828 3015 3103 3184 3186 3338 3340
nsga2,ns192,4,3,3650,73,65569790.312686,1119.619884,0.333333,0.666667,419 420 421 567 568 569 713 854 855 992 993 994 1128 1130 1269 1271 1543 2175 2176 2293 2408 2625 2627 2729 2828 3015 3103 3184 3186 3338 3340
nsga2,ns192,4,4,3650,73,65569790.312686,1119.619884,0.444444,0.555556,419 420 421 567 568 569 713 854 855 992 993 994 1128 1130 1269 1271 1543 2175 2176 2293 2408 2625 2627 2729 2828 3015 3103 3184 3186 3338 3340
nsga2,ns192,4,5,3650,73,65569790.312686,1119.619884,0.555556,0.444444,419 420 421 567 568 569 713 854 855 992 993 994 1128 1130 1269 1271 1543 2175 2176 2293 2408 2625 2627 2729 2828 3015 3103 3184 3186 3338 3340
nsga2,ns192,4,6,3650,73,65569790.312686,1119.619884,0.666667,0.333333,419 420 421 567 568 569 713 854 855 992 993 994 1128 1130 1269 1271 1543 2175 2176 2293 2408 2625 2627 2729 2828 3015 3103 3184 3186 3338 3340
nsga2,ns192,4,7,3650,73,65569790.312686,1119.619884,0.777778,0.222222,419 420 421 567 568 569 713 854 855 992 993 994 1128 1130 1269 1271 1543 2175 2176 2293 2408 2625 2627 2729 2828 3015 3103 3184 3186 3338 3340
nsga2,ns192,4,8,3650,73,65569790.312686,1119.619884,0.888889,0.111111,419 420 421 567 568 569 713 854 855 992 993 994 1128 1130 1269 1271 1543 2175 2176 2293 2408 2625 2627 2729 2828 3015 3103 3184 3186 3338 3340
nsga2,ns192,4,9,3650,73,65569790.312686,1119.619884,1.000000,0.000000,419 420 421 567 568 569 713 854 855 992 993 994 1128 1130 1269 1271 1543 2175 2176 2293 2408 2625 2627 2729 2828 3015 3103 3184 3186 3338 3340
nsga2,ns192,4,0,3700,74,69168955.135271,1706.844633,0.000000,1.000000,373 440 569 571 854 1013 1218 1488 1543 1562 1762 1823 2112 2114 2116 2118 2177 2536 2538 2627 2828 3032 3259 3261 3334 3340 3480 3726 3796 3908 3975
nsga2,ns192,4,1,3700,74,65560524.352910,1100.523602,0.111111,0.888889,419 420 421 567 568 569 713 854 855 992 993 994 1128 1130 1269 1271 1543 2175 2176 2408 2625 2627 2729 2828 3015 3103 3184 3186 3338 3339 3340
nsga2,ns192,4,2,3700,74,65560524.352910,1100.523602,0.222222,0.777778,419 420 421 567 568 569 713 854 855 992 993 994 1128 1130 1269 1271 1543 2175 2176 2408 2625 2627 2729 2828 3015 3103 3184 3186 3338 3339 3340
nsga2,ns192,4,3,3700,74,65560524.352910,1100.523602,0.333333,0.666667,419 420 421 567 568 569 713 854 855 992 993 994 1128 1130 1269 1271 1543 2175 2176 2408 2625 2627 2729 2828 3015 3103 3184 3186 3338 3339 3340
nsga2,ns192,4,4,3700,74,65560524.352910,1100.523602,0.444444,0.555556,419 420 421 567 568 569 713 854 855 992 993 994 1128 1130 1269 1271 1543 2175 2176 2408 2625 2627 2729 2828 3015 3103 3184 3186 3338 3339 3340
nsga2,ns192,4,5,3700,74,65560524.352910,1100.523602,0.555556,0.444444,419 420 421 567 568 569 713 854 855 992 993 994 1128 1130 1269 1271 1543 2175 2176 2408 2625 2627 2729 2828 3015 3103 3184 3186 3338 3339 3340
nsga2,ns192,4,6,3700,74,65560524.352910,1100.523602,0.666667,0.333333,419 420 421 567 568 569 713 854 855 992 993 994 1128 1130 1269 1271 1543 2175 2176 2408 2625 2627 2729 2828 3015 3103 3184 3186 3338 3339 3340
nsga2,ns192,4,7,3700,74,65560524.352910,1100.523602,0.777778,0.222222,419 420 421 567 568 569 713 854 855 992 993 994 1128 1130 1269 1271 1543 2175 2176 2408 2625 2627 2729 2828 3015 3103 3184 3186 3338 3339 3340
nsga2,ns192,4,8,3700,74,65560524.352910,1100.523602,0.888889,0.111111,419 420 421 567 568 569 713 854 855 992 993 994 1128 1130 1269 1271 1543 2175 2176 2408 2625 2627 2729 2828 3015 3103 3184 3186 3338 3339 3340
nsga2,ns192,4,9,3700,74,65560524.352910,1100.523602,1.000000,0.000000,419 420 421 567 568 569 713 854 855 992 993 994 1128 1130 1269 1271 1543 2175 2176 2408 2625 2627 2729 2828 3015 3103 3184 3186 3338 3339 3340
nsga2,ns192,4,0,3750,75,69168955.135271,1706.844633,0.000000,1.000000,373 440 569 571 854 1013 1218 1488 1543 1562 1762 1823 2112 2114 2116 2118 2177 2536 2538 2627 2828 3032 3259 3261 3334 3340 3480 3726 3796 3908 3975
nsga2,ns192,4,1,3750,75,65560524.352910,1100.523602,0.111111,0.888889,419 420 421 567 568 569 713 854 855 992 993 994 1128 1130 1269 1271 1543 2175 2176 2408 2625 2627 2729 2828 3015 3103 3184 3186 3338 3339 3340
nsga2,ns192,4,2,3750,75,65560524.352910,1100.523602,0.222222,0.777778,419 420 421 567 568 569 713 854 855 992 993 994 1128 1130 1269 1271 1543 2175 2176 2408 2625 2627 2729 2828 3015 3103 3184 3186 3338 3339 3340
nsga2,ns192,4,3,3750,75,65560524.352910,1100.523602,0.333333,0.666667,419 420 421 567 568 569 713 854 855 992 993 994 1128 1130 1269 1271 1543 2175 2176 2408 2625 2627 2729 2828 3015 3103 3184 3186 3338 3339 3340
nsga2,ns192,4,4,3750,75,65560524.352910,1100.523602,0.444444,0.555556,419 420 421 567 568 569 713 854 855 992 993 994 1128 1130 1269 1271 1543 2175 2176 2408 2625 2627 2729 2828 3015 3103 3184 3186 3338 3339 3340
nsga2,ns192,4,5,3750,75,65560524.352910,1100.523602,0.555556,0.444444,419 420 421 567 568 569 713 854 855 992 993 994 1128 1130 1269 1271 1543 2175 2176 2408 2625 2627 2729 2828 3015 3103 3184 3186 3338 3339 3340
nsga2,ns192,4,6,3750,75,65560524.352910,1100.523602,0.666667,0.333333,419 420 421 567 568 569 713 854 855 992 993 994 1128 1130 1269 1271 1543 2175 2176 2408 2625 2627 2729 2828 3015 3103 3184 3186 3338 3339 3340
nsga2,ns192,4,7,3750,75,65560524.352910,1100.523602,0.777778,0.222222,419 420 421 567 568 569 713 854 855 992 993 994 1128 1130 1269 1271 1543 2175 2176 2408 2625 2627 2729 2828 3015 3103 3184 3186 3338 3339 3340
nsga2,ns192,4,8,3750,75,65560524.352910,1100.523602,0.888889,0.111111,419 420 421 567 568 569 713 854 855 992 993 994 1128 1130 1269 1271 1543 2175 2176 2408 2625 2627 2729 2828 3015 3103 3184 3186 3338 3339 3340
nsga2,ns192,4,9,3750,75,65560524.352910,1100.523602,1.000000,0.000000,419 420 421 567 568 569 713 854 855 992 993 994 1128 1130 1269 1271 1543 2175 2176 2408 2625 2627 2729 2828 3015 3103 3184 3186 3338 3339 3340
nsga2,ns192,4,0,3800,76,69168955.135271,1706.844633,0.000000,1.000000,373 440 569 571 854 1013 1218 1488 1543 1562 1762 1823 2112 2114 2116 2118 2177 2536 2538 2627 2828 3032 3259 3261 3334 3340 3480 3726 3796 3908 3975
nsga2,ns192,4,1,3800,76,65560524.352910,1100.523602,0.111111,0.888889,419 420 421 567 568 569 713 854 855 992 993 994 1128 1130 1269 1271 1543 2175 2176 2408 2625 2627 2729 2828 3015 3103 3184 3186 3338 3339 3340
nsga2,ns192,4,2,3800,76,65560524.352910,1100.523602,0.222222,0.777778,419 420 421 567 568 569 713 854 855 992 993 994 1128 1130 1269 1271 1543 2175 2176 2408 2625 2627 2729 2828 3015 3103 3184 3186 3338 3339 3340
nsga2,ns192,4,3,3800,76,65560524.352910,1100.523602,0.333333,0.666667,419 420 421 567 568 569 713 854 855 992 993 994 1128 1130 1269 1271 1543 2175 2176 2408 2625 2627 2729 2828 3015 3103 3184 3186 3338 3339 3340
nsga2,ns192,4,4,3800,76,65560524.352910,1100.523602,0.444444,0.555556,419 420 421 567 568 569 713 854 855 992 993 994 1128 1130 1269 1271 1543 2175 2176 2408 2625 2627 2729 2828 3015 3103 3184 3186 3338 3339 3340
nsga2,ns192,4,5,3800,76,65560524.352910,1100.523602,0.555556,0.444444,419 420 421 567 568 569 713 854 855 992 993 994 1128 1130 1269 1271 1543 2175 2176 2408 2625 2627 2729 2828 3015 3103 3184 3186 3338 3339 3340
nsga2,ns192,4,6,3800,76,65560524.352910,1100.523602,0.666667,0.333333,419 420 421 567 568 569 713 854 855 992 993 994 1128 1130 1269 1271 1543 2175 2176 2408 2625 2627 2729 2828 3015 3103 3184 3186 3338 3339 3340
nsga2,ns192,4,7,3800,76,65560524.352910,1100.523602,0.777778,0.222222,419 420 421 567 568 569 713 854 855 992 993 994 1128 1130 1269 1271 1543 2175 2176 2408 2625 2627 2729 2828 3015 3103 3184 3186 3338 3339 3340
nsga2,ns192,4,8,3800,76,65560524.352910,1100.523602,0.888889,0.111111,419 420 421 567 568 569 713 854 855 992 993 994 1128 1130 1269 1271 1543 2175 2176 2408 2625 2627 2729 2828 3015 3103 3184 3186 3338 3339 3340
nsga2,ns192,4,9,3800,76,65560524.352910,1100.523602,1.000000,0.000000,419 420 421 567 568 569 713 854 855 992 993 994 1128 1130 1269 1271 1543 2175 2176 2408 2625 2627 2729 2828 3015 3103 3184 3186 3338 3339 3340
nsga2,ns192,4,0,3850,77,69168955.135271,1706.844633,0.000000,1.000000,373 440 569 571 854 1013 1218 1488 1543 1562 1762 1823 2112 2114 2116 2118 2177 2536 2538 2627 2828 3032 3259 3261 3334 3340 3480 3726 3796 3908 3975
nsga2,ns192,4,1,3850,77,65560524.352910,1100.523602,0.111111,0.888889,419 420 421 567 568 569 713 854 855 992 993 994 1128 1130 1269 1271 1543 2175 2176 2408 2625 2627 2729 2828 3015 3103 3184 3186 3338 3339 3340
nsga2,ns192,4,2,3850,77,65560524.352910,1100.523602,0.222222,0.777778,419 420 421 567 568 569 713 854 855 992 993 994 1128 1130 1269 1271 1543 2175 2176 2408 2625 2627 2729 2828 3015 3103 3184 3186 3338 3339 3340
nsga2,ns192,4,3,3850,77,65560524.352910,1100.523602,0.333333,0.666667,419 420 421 567 568 569 713 854 855 992 993 994 1128 1130 1269 1271 1543 2175 2176 2408 2625 2627 2729 2828 3015 3103 3184 3186 3338 3339 3340
nsga2,ns192,4,4,3850,77,65560524.352910,1100.523602,0.444444,0.555556,419 420 421 567 568 569 713 854 855 992 993 994 1128 1130 1269 1271 1543 2175 2176 2408 2625 2627 2729 2828 3015 3103 3184 3186 3338 3339 3340
nsga2,ns192,4,5,3850,77,65560524.352910,1100.523602,0.555556,0.444444,419 420 421 567 568 569 713 854 855 992 993 994 1128 1130 1269 1271 1543 2175 2176 2408 2625 2627 2729 2828 3015 3103 3184 3186 3338 3339 3340
nsga2,ns192,4,6,3850,77,65560524.352910,1100.523602,0.666667,0.333333,419 420 421 567 568 569 713 854 855 992 993 994 1128 1130 1269 1271 1543 2175 2176 2408 2625 2627 2729 2828 3015 3103 3184 3186 3338 3339 3340
nsga2,ns192,4,7,3850,77,65560524.352910,1100.523602,0.777778,0.222222,419 420 421 567 568 569 713 854 855 992 993 994 1128 1130 1269 1271 1543 2175 2176 2408 2625 2627 2729 2828 3015 3103 3184 3186 3338 3339 3340
nsga2,ns192,4,8,3850,77,65560524.352910,1100.523602,0.888889,0.111111,419 420 421 567 568 569 713 854 855 992 993 994 1128 1130 1269 1271 1543 2175 2176 2408 2625 2627 2729 2828 3015 3103 3184 3186 3338 3339 3340
nsga2,ns192,4,9,3850,77,65560524.352910,1100.523602,1.000000,0.000000,419 420 421 567 568 569 713 854 855 992 993 994 1128 1130 1269 1271 1543 2175 2176 2408 2625 2627 2729 2828 3015 3103 3184 3186 3338 3339 3340
nsga2,ns192,4,0,3900,78,69168955.135271,1706.844633,0.000000,1.000000,373 440 569 571 854 1013 1218 1488 1543 1562 1762 1823 2112 2114 2116 2118 2177 2536 2538 2627 2828 3032 3259 3261 3334 3340 3480 3726 3796 3908 3975
nsga2,ns192,4,1,3900,78,65560524.352910,1100.523602,0.111111,0.888889,419 420 421 567 568 569 713 854 855 992 993 994 1128 1130 1269 1271 1543 2175 2176 2408 2625 2627 2729 2828 3015 3103 3184 3186 3338 3339 3340
nsga2,ns192,4,2,3900,78,65560524.352910,1100.523602,0.222222,0.777778,419 420 421 567 568 569 713 854 855 992 993 994 1128 1130 1269 1271 1543 2175 2176 2408 2625 2627 2729 2828 3015 3103 3184 3186 3338 3339 3340
nsga2,ns192,4,3,3900,78,65560524.352910,1100.523602,0.333333,0.666667,419 420 421 567 568 569 713 854 855 992 993 994 1128 1130 1269 1271 1543 2175 2176 2408 2625 2627 2729 2828 3015 3103 3184 3186 3338 3339 3340
nsga2,ns192,4,4,3900,78,65560524.352910,1100.523602,0.444444,0.555556,419 420 421 567 568 569 713 854 855 992 993 994 1128 1130 1269 1271 1543 2175 2176 2408 2625 2627 2729 2828 3015 3103 3184 3186 3338 3339 3340
nsga2,ns192,4,5,3900,78,65560524.352910,1100.523602,0.555556,0.444444,419 420 421 567 568 569 713 854 855 992 993 994 1128 1130 1269 1271 1543 2175 2176 2408 2625 2627 2729 2828 3015 3103 3184 3186 3338 3339 3340
nsga2,ns192,4,6,3900,78,65560524.352910,1100.523602,0.666667,0.333333,419 420 421 567 568 569 713 854 855 992 993 994 1128 1130 1269 1271 1543 2175 2176 2408 2625 2627 2729 2828 3015 3103 3184 3186 3338 3339 3340
nsga2,ns192,4,7,3900,78,65560524.352910,1100.523602,0.777778,0.222222,419 420 421 567 568 569 713 854 855 992 993 994 1128 1130 1269 1271 1543 2175 2176 2408 2625 2627 2729 2828 3015 3103 3184 3186 3338 3339 3340
nsga2,ns192,4,8,3900,78,65560524.352910,1100.523602,0.888889,0.111111,419 420 421 567 568 569 713 854 855 992 993 994 1128 1130 1269 1271 1543 2175 2176 2408 2625 2627 2729 2828 3015 3103 3184 3186 3338 3339 3340
nsga2,ns192,4,9,3900,78,65560524.352910,1100.523602,1.000000,0.000000,419 420 421 567 568 569 713 854 855 992 993 994 1128 1130 1269 1271 1543 2175 2176 2408 2625 2627 2729 2828 3015 3103 3184 3186 3338 3339 3340
nsga2,ns192,4,0,3950,79,69168955.135271,1706.844633,0.000000,1.000000,373 440 569 571 854 1013 1218 1488 1543 1562 1762 1823 2112 2114 2116 2118 2177 2536 2538 2627 2828 3032 3259 3261 3334 3340 3480 3726 3796 3908 3975
nsga2,ns192,4,1,3950,79,65560524.352910,1100.523602,0.111111,0.888889,419 420 421 567 568 569 713 854 855 992 993 994 1128 1130 1269 1271 1543 2175 2176 2408 2625 2627 2729 2828 3015 3103 3184 3186 3338 3339 3340
nsga2,ns192,4,2,3950,79,65560524.352910,1100.523602,0.222222,0.777778,419 420 421 567 568 569 713 854 855 992 993 994 1128 1130 1269 1271 1543 2175 2176 2408 2625 2627 2729 2828 3015 3103 3184 3186 3338 3339 3340
nsga2,ns192,4,3,3950,79,65560524.352910,1100.523602,0.333333,0.666667,419 420 421 567 568 569 713 854 855 992 993 994 1128 1130 1269 1271 1543 2175 2176 2408 2625 2627 2729 2828 3015 3103 3184 3186 3338 3339 3340
nsga2,ns192,4,4,3950,79,65560524.352910,1100.523602,0.444444,0.555556,419 420 421 567 568 569 713 854 855 992 993 994 1128 1130 1269 1271 1543 2175 2176 2408 2625 2627 2729 2828 3015 3103 3184 3186 3338 3339 3340
nsga2,ns192,4,5,3950,79,65560524.352910,1100.523602,0.555556,0.444444,419 420 421 567 568 569 713 854 855 992 993 994 1128 1130 1269 1271 1543 2175 2176 2408 2625 2627 2729 2828 3015 3103 3184 3186 3338 3339 3340
nsga2,ns192,4,6,3950,79,65560524.352910,1100.523602,0.666667,0.333333,419 420 421 567 568 569 713 854 855 992 993 994 1128 1130 1269 1271 1543 2175 2176 2408 2625 2627 2729 2828 3015 3103 3184 3186 3338 3339 3340
nsga2,ns192,4,7,3950,79,65560524.352910,1100.523602,0.777778,0.222222,419 420 421 567 568 569 713 854 855 992 993 994 1128 1130 1269 1271 1543 2175 2176 2408 2625 2627 2729 2828 3015 3103 3184 3186 3338 3339 3340
nsga2,ns192,4,8,3950,79,65560524.352910,1100.523602,0.888889,0.111111,419 420 421 567 568 569 713 854 855 992 993 994 1128 1130 1269 1271 1543 2175 2176 2408 2625 2627 2729 2828 3015 3103 3184 3186 3338 3339 3340
nsga2,ns192,4,9,3950,79,65560524.352910,1100.523602,1.000000,0.000000,419 420 421 567 568 569 713 854 855 992 993 994 1128 1130 1269 1271 1543 2175 2176 2408 2625 2627 2729 2828 3015 3103 3184 3186 3338 3339 3340
nsga2,ns192,4,0,4000,80,69168955.135271,1706.844633,0.000000,1.000000,373 440 569 571 854 1013 1218 1488 1543 1562 1762 1823 2112 2114 2116 2118 2177 2536 2538 2627 2828 3032 3259 3261 3334 3340 3480 3726 3796 3908 3975
nsga2,ns192,4,1,4000,80,65560524.352910,1100.523602,0.111111,0.888889,419 420 421 567 568 569 713 854 855 992 993 994 1128 1130 1269 1271 1543 2175 2176 2408 2625 2627 2729 2828 3015 3103 3184 3186 3338 3339 3340
nsga2,ns192,4,2,4000,80,65560524.352910,1100.523602,0.222222,0.777778,419 420 421 567 568 569 713 854 855 992 993 994 1128 1130 1269 1271 1543 2175 2176 2408 2625 2627 2729 2828 3015 3103 3184 3186 3338 3339 3340
nsga2,ns192,4,3,4000,80,65560524.352910,1100.523602,0.333333,0.666667,419 420 421 567 568 569 713 854 855 992 993 994 1128 1130 1269 1271 1543 2175 2176 2408 2625 2627 2729 2828 3015 3103 3184 3186 3338 3339 3340
nsga2,ns192,4,4,4000,80,65560524.352910,1100.523602,0.444444,0.555556,419 420 421 567 568 569 713 854 855 992 993 994 1128 1130 1269 1271 1543 2175 2176 2408 2625 2627 2729 2828 3015 3103 3184 3186 3338 3339 3340
nsga2,ns192,4,5,4000,80,65560524.352910,1100.523602,0.555556,0.444444,419 420 421 567 568 569 713 854 855 992 993 994 1128 1130 1269 1271 1543 2175 2176 2408 2625 2627 2729 2828 3015 3103 3184 3186 3338 3339 3340
nsga2,ns192,4,6,4000,80,65560524.352910,1100.523602,0.666667,0.333333,419 420 421 567 568 569 713 854 855 992 993 994 1128 1130 1269 1271 1543 2175 2176 2408 2625 2627 2729 2828 3015 3103 3184 3186 3338 3339 3340
nsga2,ns192,4,7,4000,80,65560524.352910,1100.523602,0.777778,0.222222,419 420 421 567 568 569 713 854 855 992 993 994 1128 1130 1269 1271 1543 2175 2176 2408 2625 2627 2729 2828 3015 3103 3184 3186 3338 3339 3340
nsga2,ns192,4,8,4000,80,65560524.352910,1100.523602,0.888889,0.111111,419 420 421 567 568 569 713 854 855 992 993 994 1128 1130 1269 1271 1543 2175 2176 2408 2625 2627 2729 2828 3015 3103 3184 3186 3338 3339 3340
nsga2,ns192,4,9,4000,80,65560524.352910,1100.523602,1.000000,0.000000,419 420 421 567 568 569 713 854 855 992 993 994 1128 1130 1269 1271 1543 2175 2176 2408 2625 2627 2729 2828 3015 3103 3184 3186 3338 3339 3340
nsga2,ns192,4,0,4050,81,69168955.135271,1706.844633,0.000000,1.000000,373 440 569 571 854 1013 1218 1488 1543 1562 1762 1823 2112 2114 2116 2118 2177 2536 2538 2627 2828 3032 3259 3261 3334 3340 3480 3726 3796 3908 3975
nsga2,ns192,4,1,4050,81,65560524.352910,1100.523602,0.111111,0.888889,419 420 421 567 568 569 713 854 855 992 993 994 1128 1130 1269 1271 1543 2175 2176 2408 2625 2627 2729 2828 3015 3103 3184 3186 3338 3339 3340
nsga2,ns192,4,2,4050,81,65560524.352910,1100.523602,0.222222,0.777778,419 420 421 567 568 569 713 854 855 992 993 994 1128 1130 1269 1271 1543 2175 2176 2408 2625 2627 2729 2828 3015 3103 3184 3186 3338 3339 3340
nsga2,ns192,4,3,4050,81,65560524.352910,1100.523602,0.333333,0.666667,419 420 421 567 568 569 713 854 855 992 993 994 1128 1130 1269 1271 1543 2175 2176 2408 2625 2627 2729 2828 3015 3103 3184 3186 3338 3339 3340
nsga2,ns192,4,4,4050,81,65560524.352910,1100.523602,0.444444,0.555556,419 420 421 567 568 569 713 854 855 992 993 994 1128 1130 1269 1271 1543 2175 2176 2408 2625 2627 2729 2828 3015 3103 3184 3186 3338 3339 3340
nsga2,ns192,4,5,4050,81,65560524.352910,1100.523602,0.555556,0.444444,419 420 421 567 568 569 713 854 855 992 993 994 1128 1130 1269 1271 1543 2175 2176 2408 2625 2627 2729 2828 3015 3103 3184 3186 3338 3339 3340
nsga2,ns192,4,6,4050,81,65560524.352910,1100.523602,0.666667,0.333333,419 420 421 567 568 569 713 854 855 992 993 994 1128 1130 1269 1271 1543 2175 2176 2408 2625 2627 2729 2828 3015 3103 3184 3186 3338 3339 3340
nsga2,ns192,4,7,4050,81,65560524.352910,1100.523602,0.777778,0.222222,419 420 421 567 568 569 713 854 855 992 993 994 1128 1130 1269 1271 1543 2175 2176 2408 2625 2627 2729 2828 3015 3103 3184 3186 3338 3339 3340
nsga2,ns192,4,8,4050,81,65560524.352910,1100.523602,0.888889,0.111111,419 420 421 567 568 569 713 854 855 992 993 994 1128 1130 1269 1271 1543 2175 2176 2408 2625 2627 2729 2828 3015 3103 3184 3186 3338 3339 3340
nsga2,ns192,4,9,4050,81,65560524.352910,1100.523602,1.000000,0.000000,419 420 421 567 568 569 713 854 855 992 993 994 1128 1130 1269 1271 1543 2175 2176 2408 2625 2627 2729 2828 3015 3103 3184 3186 3338 3339 3340
nsga2,ns192,4,0,4100,82,69168955.135271,1706.844633,0.000000,1.000000,373 440 569 571 854 1013 1218 1488 1543 1562 1762 1823 2112 2114 2116 2118 2177 2536 2538 2627 2828 3032 3259 3261 3334 3340 3480 3726 3796 3908 3975
nsga2,ns192,4,1,4100,82,65544006.671840,1117.765825,0.111111,0.888889,419 420 421 567 568 569 713 854 855 993 994 1128 1130 1269 1271 1409 1543 2175 2176 2177 2408 2625 2626 2627 2729 2828 3015 3184 3263 3338 3340
nsga2,ns192,4,2,4100,82,65544006.671840,1117.765825,0.222222,0.777778,419 420 421 567 568 569 713 854 855 993 994 1128 1130 1269 1271 1409 1543 2175 2176 2177 2408 2625 2626 2627 2729 2828 3015 3184 3263 3338 3340
nsga2,ns192,4,3,4100,82,65544006.671840,1117.765825,0.333333,0.666667,419 420 421 567 568 569 713 854 855 993 994 1128 1130 1269 1271 1409 1543 2175 2176 2177 2408 2625 2626 2627 2729 2828 3015 3184 3263 3338 3340
nsga2,ns192,4,4,4100,82,65544006.671840,1117.765825,0.444444,0.555556,419 420 421 567 568 569 713 854 855 993 994 1128 1130 1269 1271 1409 1543 2175 2176 2177 2408 2625 2626 2627 2729 2828 3015 3184 3263 3338 3340
nsga2,ns192,4,5,4100,82,65544006.671840,1117.765825,0.555556,0.444444,419 420 421 567 568 569 713 854 855 993 994 1128 1130 1269 1271 1409 1543 2175 2176 2177 2408 2625 2626 2627 2729 2828 3015 3184 3263 3338 3340
nsga2,ns192,4,6,4100,82,65544006.671840,1117.765825,0.666667,0.333333,419 420 421 567 568 569 713 854 855 993 994 1128 1130 1269 1271 1409 1543 2175 2176 2177 2408 2625 2626 2627 2729 2828 3015 3184 3263 3338 3340
nsga2,ns192,4,7,4100,82,65544006.671840,1117.765825,0.777778,0.222222,419 420 421 567 568 569 713 854 855 993 994 1128 1130 1269 1271 1409 1543 2175 2176 2177 2408 2625 2626 2627 2729 2828 3015 3184 3263 3338 3340
nsga2,ns192,4,8,4100,82,65544006.671840,1117.765825,0.888889,0.111111,419 420 421 567 568 569 713 854 855 993 994 1128 1130 1269 1271 1409 1543 2175 2176 2177 2408 2625 2626 2627 2729 2828 3015 3184 3263 3338 3340
nsga2,ns192,4,9,4100,82,65544006.671840,1117.765825,1.000000,0.000000,419 420 421 567 568 569 713 854 855 993 994 1128 1130 1269 1271 1409 1543 2175 2176 2177 2408 2625 2626 2627 2729 2828 3015 3184 3263 3338 3340
nsga2,ns192,4,0,4150,83,69167715.275778,1706.844633,0.000000,1.000000,256 440 567 569 571 1013 1218 1488 1543 1562 1762 1823 2112 2114 2116 2118 2177 2536 2538 2627 2828 3032 3259 3261 3334 3340 3480 3726 3796 3908 3975
nsga2,ns192,4,1,4150,83,65525942.518253,1078.309734,0.111111,0.888889,419 420 421 567 568 569 713 854 855 993 994 1128 1130 1269 1271 1409 1543 2175 2176 2177 2408 2625 2626 2627 2729 2828 3015 3184 3263 3265 3340
nsga2,ns192,4,2,4150,83,65525942.518253,1078.309734,0.222222,0.777778,419 420 421 567 568 569 713 854 855 993 994 1128 1130 1269 1271 1409 1543 2175 2176 2177 2408 2625 2626 2627 2729 2828 3015 3184 3263 3265 3340
nsga2,ns192,4,3,4150,83,65525942.518253,1078.309734,0.333333,0.666667,419 420 421 567 568 569 713 854 855 993 994 1128 1130 1269 1271 1409 1543 2175 2176 2177 2408 2625 2626 2627 2729 2828 3015 3184 3263 3265 3340
nsga2,ns192,4,4,4150,83,65525942.518253,1078.309734,0.444444,0.555556,419 420 421 567 568 569 713 854 855 993 994 1128 1130 1269 1271 1409 1543 2175 2176 2177 2408 2625 2626 2627 2729 2828 3015 3184 3263 3265 3340
nsga2,ns192,4,5,4150,83,65525942.518253,1078.309734,0.555556,0.444444,419 420 421 567 568 569 713 854 855 993 994 1128 1130 1269 1271 1409 1543 2175 2176 2177 2408 2625 2626 2627 2729 2828 3015 3184 3263 3265 3340
nsga2,ns192,4,6,4150,83,65525942.518253,1078.309734,0.666667,0.333333,419 420 421 567 568 569 713 854 855 993 994 1128 1130 1269 1271 1409 1543 2175 2176 2177 2408 2625 2626 2627 2729 2828 3015 3184 3263 3265 3340
nsga2,ns192,4,7,4150,83,65525942.518253,1078.309734,0.777778,0.222222,419 420 421 567 568 569 713 854 855 993 994 1128 1130 1269 1271 1409 1543 2175 2176 2177 2408 2625 2626 2627 2729 2828 3015 3184 3263 3265 3340
nsga2,ns192,4,8,4150,83,65525942.518253,1078.309734,0.888889,0.111111,419 420 421 567 568 569 713 854 855 993 994 1128 1130 1269 1271 1409 1543 2175 2176 2177 2408 2625 2626 2627 2729 2828 3015 3184 3263 3265 3340
nsga2,ns192,4,9,4150,83,65525942.518253,1078.309734,1.000000,0.000000,419 420 421 567 568 569 713 854 855 993 994 1128 1130 1269 1271 1409 1543 2175 2176 2177 2408 2625 2626 2627 2729 2828 3015 3184 3263 3265 3340
nsga2,ns192,4,0,4200,84,69167715.275778,1706.844633,0.000000,1.000000,256 440 567 569 571 1013 1218 1488 1543 1562 1762 1823 2112 2114 2116 2118 2177 2536 2538 2627 2828 3032 3259 3261 3334 3340 3480 3726 3796 3908 3975
nsga2,ns192,4,1,4200,84,65525942.518253,1078.309734,0.111111,0.888889,419 420 421 567 568 569 713 854 855 993 994 1128 1130 1269 1271 1409 1543 2175 2176 2177 2408 2625 2626 2627 2729 2828 3015 3184 3263 3265 3340
nsga2,ns192,4,2,4200,84,65525942.518253,1078.309734,0.222222,0.777778,419 420 421 567 568 569 713 854 855 993 994 1128 1130 1269 1271 1409 1543 2175 2176 2177 2408 2625 2626 2627 2729 2828 3015 3184 3263 3265 3340
nsga2,ns192,4,3,4200,84,65525942.518253,1078.309734,0.333333,0.666667,419 420 421 567 568 569 713 854 855 993 994 1128 1130 1269 1271 1409 1543 2175 2176 2177 2408 2625 2626 2627 2729 2828 3015 3184 3263 3265 3340
nsga2,ns192,4,4,4200,84,65525942.518253,1078.309734,0.444444,0.555556,419 420 421 567 568 569 713 854 855 993 994 1128 1130 1269 1271 1409 1543 2175 2176 2177 2408 2625 2626 2627 2729 2828 3015 3184 3263 3265 3340
nsga2,ns192,4,5,4200,84,65525942.518253,1078.309734,0.555556,0.444444,419 420 421 567 568 569 713 854 855 993 994 1128 1130 1269 1271 1409 1543 2175 2176 2177 2408 2625 2626 2627 2729 2828 3015 3184 3263 3265 3340
nsga2,ns192,4,6,4200,84,65525942.518253,1078.309734,0.666667,0.333333,419 420 421 567 568 569 713 854 855 993 994 1128 1130 1269 1271 1409 1543 2175 2176 2177 2408 2625 2626 2627 2729 2828 3015 3184 3263 3265 3340
nsga2,ns192,4,7,4200,84,65525942.518253,1078.309734,0.777778,0.222222,419 420 421 567 568 569 713 854 855 993 994 1128 1130 1269 1271 1409 1543 2175 2176 2177 2408 2625 2626 2627 2729 2828 3015 3184 3263 3265 3340
nsga2,ns192,4,8,4200,84,65525942.518253,1078.309734,0.888889,0.111111,419 420 421 567 568 569 713 854 855 993 994 1128 1130 1269 1271 1409 1543 2175 2176 2177 2408 2625 2626 2627 2729 2828 3015 3184 3263 3265 3340
nsga2,ns192,4,9,4200,84,65525942.518253,1078.309734,1.000000,0.000000,419 420 421 567 568 569 713 854 855 993 994 1128 1130 1269 1271 1409 1543 2175 2176 2177 2408 2625 2626 2627 2729 2828 3015 3184 3263 3265 3340
nsga2,ns192,4,0,4250,85,69167715.275778,1706.844633,0.000000,1.000000,256 440 567 569 571 1013 1218 1488 1543 1562 1762 1823 2112 2114 2116 2118 2177 2536 2538 2627 2828 3032 3259 3261 3334 3340 3480 3726 3796 3908 3975
nsga2,ns192,4,1,4250,85,65525942.518253,1078.309734,0.111111,0.888889,419 420 421 567 568 569 713 854 855 993 994 1128 1130 1269 1271 1409 1543 2175 2176 2177 2408 2625 2626 2627 2729 2828 3015 3184 3263 3265 3340
nsga2,ns192,4,2,4250,85,65525942.518253,1078.309734,0.222222,0.777778,419 420 421 567 568 569 713 854 855 993 994 1128 1130 1269 1271 1409 1543 2175 2176 2177 2408 2625 2626 2627 2729 2828 3015 3184 3263 3265 3340
nsga2,ns192,4,3,4250,85,65525942.518253,1078.309734,0.333333,0.666667,419 420 421 567 568 569 713 854 855 993 994 1128 1130 1269 1271 1409 1543 2175 2176 2177 2408 2625 2626 2627 2729 2828 3015 3184 3263 3265 3340
nsga2,ns192,4,4,4250,85,65525942.518253,1078.309734,0.444444,0.555556,419 420 421 567 568 569 713 854 855 993 994 1128 1130 1269 1271 1409 1543 2175 2176 2177 2408 2625 2626 2627 2729 2828 3015 3184 3263 3265 3340
nsga2,ns192,4,5,4250,85,65525942.518253,1078.309734,0.555556,0.444444,419 420 421 567 568 569 713 854 855 993 994 1128 1130 1269 1271 1409 1543 2175 2176 2177 2408 2625 2626 2627 2729 2828 3015 3184 3263 3265 3340
nsga2,ns192,4,6,4250,85,65525942.518253,1078.309734,0.666667,0.333333,419 420 421 567 568 569 713 854 855 993 994 1128 1130 1269 1271 1409 1543 2175 2176 2177 2408 2625 2626 2627 2729 2828 3015 3184 3263 3265 3340
nsga2,ns192,4,7,4250,85,65525942.518253,1078.309734,0.777778,0.222222,419 420 421 567 568 569 713 854 855 993 994 1128 1130 1269 1271 1409 1543 2175 2176 2177 2408 2625 2626 2627 2729 2828 3015 3184 3263 3265 3340
nsga2,ns192,4,8,4250,85,65525942.518253,1078.309734,0.888889,0.111111,419 420 421 567 568 569 713 854 855 993 994 1128 1130 1269 1271 1409 1543 2175 2176 2177 2408 2625 2626 2627 2729 2828 3015 3184 3263 3265 3340
nsga2,ns192,4,9,4250,85,65525942.518253,1078.309734,1.000000,0.000000,419 420 421 567 568 569 713 854 855 993 994 1128 1130 1269 1271 1409 1543 2175 2176 2177 2408 2625 2626 2627 2729 2828 3015 3184 3263 3265 3340
nsga2,ns192,4,0,4300,86,69167592.746886,1706.844633,0.000000,1.000000,256 440 567 569 571 1013 1218 1488 1543 1562 1762 1823 2112 2114 2116 2118 2177 2536 2538 2627 2923 3032 3259 3261 3334 3340 3480 3726 3796 3908 3975
nsga2,ns192,4,1,4300,86,65525942.518253,1078.309734,0.111111,0.888889,419 420 421 567 568 569 713 854 855 993 994 1128 1130 1269 1271 1409 1543 2175 2176 2177 2408 2625 2626 2627 2729 2828 3015 3184 3263 3265 3340
nsga2,ns192,4,2,4300,86,65525942.518253,1078.309734,0.222222,0.777778,419 420 421 567 568 569 713 854 855 993 994 1128 1130 1269 1271 1409 1543 2175 2176 2177 2408 2625 2626 2627 2729 2828 3015 3184 3263 3265 3340
nsga2,ns192,4,3,4300,86,65525942.518253,1078.309734,0.333333,0.666667,419 420 421 567 568 569 713 854 855 993 994 1128 1130 1269 1271 1409 1543 2175 2176 2177 2408 2625 2626 2627 2729 2828 3015 3184 3263 3265 3340
nsga2,ns192,4,4,4300,86,65525942.518253,1078.309734,0.444444,0.555556,419 420 421 567 568 569 713 854 855 993 994 1128 1130 1269 1271 1409 1543 2175 2176 2177 2408 2625 2626 2627 2729 2828 3015 3184 3263 3265 3340
nsga2,ns192,4,5,4300,86,65525942.518253,1078.309734,0.555556,0.444444,419 420 421 567 568 569 713 854 855 993 994 1128 1130 1269 1271 1409 1543 2175 2176 2177 2408 2625 2626 2627 2729 2828 3015 3184 3263 3265 3340
nsga2,ns192,4,6,4300,86,65525942.518253,1078.309734,0.666667,0.333333,419 420 421 567 568 569 713 854 855 993 994 1128 1130 1269 1271 1409 1543 2175 2176 2177 2408 2625 2626 2627 2729 2828 3015 3184 3263 3265 3340
nsga2,ns192,4,7,4300,86,65525942.518253,1078.309734,0.777778,0.222222,419 420 421 567 568 569 713 854 855 993 994 1128 1130 1269 1271 1409 1543 2175 2176 2177 2408 2625 2626 2627 2729 2828 3015 3184 3263 3265 3340
nsga2,ns192,4,8,4300,86,65525942.518253,1078.309734,0.888889,0.111111,419 420 421 567 568 569 713 854 855 993 994 1128 1130 1269 1271 1409 1543 2175 2176 2177 2408 2625 2626 2627 2729 2828 3015 3184 3263 3265 3340
nsga2,ns192,4,9,4300,86,65525942.518253,1078.309734,1.000000,0.000000,419 420 421 567 568 569 713 854 855 993 994 1128 1130 1269 1271 1409 1543 2175 2176 2177 2408 2625 2626 2627 2729 2828 3015 3184 3263 3265 3340
nsga2,ns192,4,0,4350,87,69167592.746886,1706.844633,0.000000,1.000000,256 440 567 569 571 1013 1218 1488 1543 1562 1762 1823 2112 2114 2116 2118 2177 2536 2538 2627 2923 3032 3259 3261 3334 3340 3480 3726 3796 3908 3975
nsga2,ns192,4,1,4350,87,65525942.518253,1078.309734,0.111111,0.888889,419 420 421 567 568 569 713 854 855 993 994 1128 1130 1269 1271 1409 1543 2175 2176 2177 2408 2625 2626 2627 2729 2828 3015 3184 3263 3265 3340
nsga2,ns192,4,2,4350,87,65525942.518253,1078.309734,0.222222,0.777778,419 420 421 567 568 569 713 854 855 993 994 1128 1130 1269 1271 1409 1543 2175 2176 2177 2408 2625 2626 2627 2729 2828 3015 3184 3263 3265 3340
nsga2,ns192,4,3,4350,87,65525942.518253,1078.309734,0.333333,0.666667,419 420 421 567 568 569 713 854 855 993 994 1128 1130 1269 1271 1409 1543 2175 2176 2177 2408 2625 2626 2627 2729 2828 3015 3184 3263 3265 3340
nsga2,ns192,4,4,4350,87,65525942.518253,1078.309734,0.444444,0.555556,419 420 421 567 568 569 713 854 855 993 994 1128 1130 1269 1271 1409 1543 2175 2176 2177 2408 2625 2626 2627 2729 2828 3015 3184 3263 3265 3340
nsga2,ns192,4,5,4350,87,65525942.518253,1078.309734,0.555556,0.444444,419 420 421 567 568 569 713 854 855 993 994 1128 1130 1269 1271 1409 1543 2175 2176 2177 2408 2625 2626 2627 2729 2828 3015 3184 3263 3265 3340
nsga2,ns192,4,6,4350,87,65525942.518253,1078.309734,0.666667,0.333333,419 420 421 567 568 569 713 854 855 993 994 1128 1130 1269 1271 1409 1543 2175 2176 2177 2408 2625 2626 2627 2729 2828 3015 3184 3263 3265 3340
nsga2,ns192,4,7,4350,87,65525942.518253,1078.309734,0.777778,0.222222,419 420 421 567 568 569 713 854 855 993 994 1128 1130 1269 1271 1409 1543 2175 2176 2177 2408 2625 2626 2627 2729 2828 3015 3184 3263 3265 3340
nsga2,ns192,4,8,4350,87,65525942.518253,1078.309734,0.888889,0.111111,419 420 421 567 568 569 713 854 855 993 994 1128 1130 1269 1271 1409 1543 2175 2176 2177 2408 2625 2626 2627 2729 2828 3015 3184 3263 3265 3340
nsga2,ns192,4,9,4350,87,65525942.518253,1078.309734,1.000000,0.000000,419 420 421 567 568 569 713 854 855 993 994 1128 1130 1269 1271 1409 1543 2175 2176 2177 2408 2625 2626 2627 2729 2828 3015 3184 3263 3265 3340
nsga2,ns192,4,0,4400,88,69167592.746886,1706.844633,0.000000,1.000000,256 440 567 569 571 1013 1218 1488 1543 1562 1762 1823 2112 2114 2116 2118 2177 2536 2538 2627 2923 3032 3259 3261 3334 3340 3480 3726 3796 3908 3975
nsga2,ns192,4,1,4400,88,65525942.518253,1078.309734,0.111111,0.888889,419 420 421 567 568 569 713 854 855 993 994 1128 1130 1269 1271 1409 1543 2175 2176 2177 2408 2625 2626 2627 2729 2828 3015 3184 3263 3265 3340
nsga2,ns192,4,2,4400,88,65525942.518253,1078.309734,0.222222,0.777778,419 420 421 567 568 569 713 854 855 993 994 1128 1130 1269 1271 1409 1543 2175 2176 2177 2408 2625 2626 2627 2729 2828 3015 3184 3263 3265 3340
nsga2,ns192,4,3,4400,88,65525942.518253,1078.309734,0.333333,0.666667,419 420 421 567 568 569 713 854 855 993 994 1128 1130 1269 1271 1409 1543 2175 2176 2177 2408 2625 2626 2627 2729 2828 3015 3184 3263 3265 3340
nsga2,ns192,4,4,4400,88,65525942.518253,1078.309734,0.444444,0.555556,419 420 421 567 568 569 713 854 855 993 994 1128 1130 1269 1271 1409 1543 2175 2176 2177 2408 2625 2626 2627 2729 2828 3015 3184 3263 3265 3340
nsga2,ns192,4,5,4400,88,65525942.518253,1078.309734,0.555556,0.444444,419 420 421 567 568 569 713 854 855 993 994 1128 1130 1269 1271 1409 1543 2175 2176 2177 2408 2625 2626 2627 2729 2828 3015 3184 3263 3265 3340
nsga2,ns192,4,6,4400,88,65525942.518253,1078.309734,0.666667,0.333333,419 420 421 567 568 569 713 854 855 993 994 1128 1130 1269 1271 1409 1543 2175 2176 2177 2408 2625 2626 2627 2729 2828 3015 3184 3263 3265 3340
nsga2,ns192,4,7,4400,88,65525942.518253,1078.309734,0.777778,0.222222,419 420 421 567 568 569 713 854 855 993 994 1128 1130 1269 1271 1409 1543 2175 2176 2177 2408 2625 2626 2627 2729 2828 3015 3184 3263 3265 3340
nsga2,ns192,4,8,4400,88,65525942.518253,1078.309734,0.888889,0.111111,419 420 421 567 568 569 713 854 855 993 994 1128 1130 1269 1271 1409 1543 2175 2176 2177 2408 2625 2626 2627 2729 2828 3015 3184 3263 3265 3340
nsga2,ns192,4,9,4400,88,65525942.518253,1078.309734,1.000000,0.000000,419 420 421 567 568 569 713 854 855 993 994 1128 1130 1269 1271 1409 1543 2175 2176 2177 2408 2625 2626 2627 2729 2828 3015 3184 3263 3265 3340
nsga2,ns192,4,0,4450,89,69167592.746886,1706.844633,0.000000,1.000000,256 440 567 569 571 1013 1218 1488 1543 1562 1762 1823 2112 2114 2116 2118 2177 2536 2538 2627 2923 3032 3259 3261 3334 3340 3480 3726 3796 3908 3975
nsga2,ns192,4,1,4450,89,65525942.518253,1078.309734,0.111111,0.888889,419 420 421 567 568 569 713 854 855 993 994 1128 1130 1269 1271 1409 1543 2175 2176 2177 2408 2625 2626 2627 2729 2828 3015 3184 3263 3265 3340
nsga2,ns192,4,2,4450,89,65525942.518253,1078.309734,0.222222,0.777778,419 420 421 567 568 569 713 854 855 993 994 1128 1130 1269 1271 1409 1543 2175 2176 2177 2408 2625 2626 2627 2729 2828 3015 3184 3263 3265 3340
nsga2,ns192,4,3,4450,89,65525942.518253,1078.309734,0.333333,0.666667,419 420 421 567 568 569 713 854 855 993 994 1128 1130 1269 1271 1409 1543 2175 2176 2177 2408 2625 2626 2627 2729 2828 3015 3184 3263 3265 3340
nsga2,ns192,4,4,4450,89,65525942.518253,1078.309734,0.444444,0.555556,419 420 421 567 568 569 713 854 855 993 994 1128 1130 1269 1271 1409 1543 2175 2176 2177 2408 2625 2626 2627 2729 2828 3015 3184 3263 3265 3340
nsga2,ns192,4,5,4450,89,65525942.518253,1078.309734,0.555556,0.444444,419 420 421 567 568 569 713 854 855 993 994 1128 1130 1269 1271 1409 1543 2175 2176 2177 2408 2625 2626 2627 2729 2828 3015 3184 3263 3265 3340
nsga2,ns192,4,6,4450,89,65525942.518253,1078.309734,0.666667,0.333333,419 420 421 567 568 569 713 854 855 993 994 1128 1130 1269 1271 1409 1543 2175 2176 2177 2408 2625 2626 2627 2729 2828 3015 3184 3263 3265 3340
nsga2,ns192,4,7,4450,89,65525942.518253,1078.309734,0.777778,0.222222,419 420 421 567 568 569 713 854 855 993 994 1128 1130 1269 1271 1409 1543 2175 2176 2177 2408 2625 2626 2627 2729 2828 3015 3184 3263 3265 3340
nsga2,ns192,4,8,4450,89,65525942.518253,1078.309734,0.888889,0.111111,419 420 421 567 568 569 713 854 855 993 994 1128 1130 1269 1271 1409 1543 2175 2176 2177 2408 2625 2626 2627 2729 2828 3015 3184 3263 3265 3340
nsga2,ns192,4,9,4450,89,65525942.518253,1078.309734,1.000000,0.000000,419 420 421 567 568 569 713 854 855 993 994 1128 1130 1269 1271 1409 1543 2175 2176 2177 2408 2625 2626 2627 2729 2828 3015 3184 3263 3265 3340
nsga2,ns192,4,0,4500,90,69160005.299908,1706.844633,0.000000,1.000000,256 440 569 571 854 1013 1218 1488 1543 1562 1762 1823 2112 2114 2116 2118 2177 2536 2538 2627 2923 3032 3259 3261 3334 3340 3480 3726 3796 3908 3975
nsga2,ns192,4,1,4500,90,65525942.518253,1078.309734,0.111111,0.888889,419 420 421 567 568 569 713 854 855 993 994 1128 1130 1269 1271 1409 1543 2175 2176 2177 2408 2625 2626 2627 2729 2828 3015 3184 3263 3265 3340
nsga2,ns192,4,2,4500,90,65525942.518253,1078.309734,0.222222,0.777778,419 420 421 567 568 569 713 854 855 993 994 1128 1130 1269 1271 1409 1543 2175 2176 2177 2408 2625 2626 2627 2729 2828 3015 3184 3263 3265 3340
nsga2,ns192,4,3,4500,90,65525942.518253,1078.309734,0.333333,0.666667,419 420 421 567 568 569 713 854 855 993 994 1128 1130 1269 1271 1409 1543 2175 2176 2177 2408 2625 2626 2627 2729 2828 3015 3184 3263 3265 3340
nsga2,ns192,4,4,4500,90,65525942.518253,1078.309734,0.444444,0.555556,419 420 421 567 568 569 713 854 855 993 994 1128 1130 1269 1271 1409 1543 2175 2176 2177 2408 2625 2626 2627 2729 2828 3015 3184 3263 3265 3340
nsga2,ns192,4,5,4500,90,65525942.518253,1078.309734,0.555556,0.444444,419 420 421 567 568 569 713 854 855 993 994 1128 1130 1269 1271 1409 1543 2175 2176 2177 2408 2625 2626 2627 2729 2828 3015 3184 3263 3265 3340
nsga2,ns192,4,6,4500,90,65525942.518253,1078.309734,0.666667,0.333333,419 420 421 567 568 569 713 854 855 993 994 1128 1130 1269 1271 1409 1543 2175 2176 2177 2408 2625 2626 2627 2729 2828 3015 3184 3263 3265 3340
nsga2,ns192,4,7,4500,90,65525942.518253,1078.309734,0.777778,0.222222,419 420 421 567 568 569 713 854 855 993 994 1128 1130 1269 1271 1409 1543 2175 2176 2177 2408 2625 2626 2627 2729 2828 3015 3184 3263 3265 3340
nsga2,ns192,4,8,4500,90,65525942.518253,1078.309734,0.888889,0.111111,419 420 421 567 568 569 713 854 855 993 994 1128 1130 1269 1271 1409 1543 2175 2176 2177 2408 2625 2626 2627 2729 2828 3015 3184 3263 3265 3340
nsga2,ns192,4,9,4500,90,65525942.518253,1078.309734,1.000000,0.000000,419 420 421 567 568 569 713 854 855 993 994 1128 1130 1269 1271 1409 1543 2175 2176 2177 2408 2625 2626 2627 2729 2828 3015 3184 3263 3265 3340
