121951.4515918750 122517.8553430175
121307.0344930133 122232.1509406855
121951.4515918750 122232.1509406855
120877.4230937721 122160.7248401024
121235.4325931398 121946.4465383534
122524.2667908633 121875.0204377704
122094.6553916221 121803.5943371874
122237.8591913691 121732.1682366043
121163.8306932663 121660.7421360213
120734.2192940251 121589.3160354383
121879.8496920015 121589.3160354383
120734.2192940251 121303.6116331062
121808.2477921280 121303.6116331062
123598.2952889662 118160.8632074535
124314.3142877014 118375.1415092025

122381.0629911162 122732.1336447666
121951.4515918750 122517.8553430175
121951.4515918750 122232.1509406855
121521.8401926339 122089.2987395194
121235.4325931398 121946.4465383534
122524.2667908633 121875.0204377704
122094.6553916221 121803.5943371874
122237.8591913691 121732.1682366043
121163.8306932663 121660.7421360213
120734.2192940251 121589.3160354383
121879.8496920015 121589.3160354383
123598.2952889662 118160.8632074535
123884.7028884603 118303.7154086195
124314.3142877014 118375.1415092025
124457.5180874485 118589.4198109516

121951.4515918750 122517.8553430175
121951.4515918750 122232.1509406855
121521.8401926339 122089.2987395194
122237.8591913691 122017.8726389364
121235.4325931398 121946.4465383534
121951.4515918750 121875.0204377704
122524.2667908633 121875.0204377704
122166.2572914956 121732.1682366043
121235.4325931398 121660.7421360213
121736.6458922545 121660.7421360213
120734.2192940251 121589.3160354383
121879.8496920015 121589.3160354383
120734.2192940251 121303.6116331062
124027.9066882073 118446.5676097855
121450.2382927604 121517.8899348553

121951.4515918750 122517.8553430175
121307.0344930133 122232.1509406855
121951.4515918750 122232.1509406855
120877.4230937721 122160.7248401024
121235.4325931398 121946.4465383534
122524.2667908633 121875.0204377704
122094.6553916221 121803.5943371874
122237.8591913691 121732.1682366043
121163.8306932663 121660.7421360213
121736.6458922545 121660.7421360213
120734.2192940251 121589.3160354383
121879.8496920015 121589.3160354383
120734.2192940251 121303.6116331062
121808.2477921280 121303.6116331062
123741.4990887132 118517.9937103686

122381.0629911162 122732.1336447666
121951.4515918750 122517.8553430175
121521.8401926339 122089.2987395194
122237.8591913691 122017.8726389364
121235.4325931398 121946.4465383534
121951.4515918750 121875.0204377704
122524.2667908633 121875.0204377704
122166.2572914956 121732.1682366043
122237.8591913691 121732.1682366043
121235.4325931398 121660.7421360213
121736.6458922545 121660.7421360213
120734.2192940251 121589.3160354383
121879.8496920015 121589.3160354383
120734.2192940251 121303.6116331062
124027.9066882073 118446.5676097855

122381.0629911162 122732.1336447666
121951.4515918750 122517.8553430175
121951.4515918750 122232.1509406855
121521.8401926339 122089.2987395194
121235.4325931398 121946.4465383534
122524.2667908633 121875.0204377704
122094.6553916221 121803.5943371874
122237.8591913691 121732.1682366043
121163.8306932663 121660.7421360213
120734.2192940251 121589.3160354383
121879.8496920015 121589.3160354383
120734.2192940251 121303.6116331062
121808.2477921280 121303.6116331062
124242.7123878279 118660.8459115346
124027.9066882073 118446.5676097855

121951.4515918750 122517.8553430175
121307.0344930133 122232.1509406855
121951.4515918750 122232.1509406855
120877.4230937721 122160.7248401024
121235.4325931398 121946.4465383534
122524.2667908633 121875.0204377704
122094.6553916221 121803.5943371874
123741.4990887132 118517.9937103686
122237.8591913691 121732.1682366043
121163.8306932663 121660.7421360213
123598.2952889662 118160.8632074535
120734.2192940251 121589.3160354383
121879.8496920015 121589.3160354383
120734.2192940251 121303.6116331062
121808.2477921280 121303.6116331062

121951.4515918750 122517.8553430175
121951.4515918750 122232.1509406855
121521.8401926339 122089.2987395194
122237.8591913691 122017.8726389364
121235.4325931398 121946.4465383534
121951.4515918750 121875.0204377704
122524.2667908633 121875.0204377704
122237.8591913691 121732.1682366043
121163.8306932663 121660.7421360213
121736.6458922545 121660.7421360213
121808.2477921280 121589.3160354383
121879.8496920015 121589.3160354383
120805.8211938986 121517.8899348553
121808.2477921280 121303.6116331062
124027.9066882073 118446.5676097855

121951.4515918750 122517.8553430175
121951.4515918750 122232.1509406855
121521.8401926339 122089.2987395194
122237.8591913691 122017.8726389364
121235.4325931398 121946.4465383534
121951.4515918750 121875.0204377704
122524.2667908633 121875.0204377704
122166.2572914956 121732.1682366043
121235.4325931398 121660.7421360213
121736.6458922545 121660.7421360213
120734.2192940251 121589.3160354383
121879.8496920015 121589.3160354383
123669.8971888397 118160.8632074535
124027.9066882073 118446.5676097855
120734.2192940251 121303.6116331062

121235.4325931398 115660.9496870479
133765.7650710069 117232.3238998742
123311.8876894720 118018.0110062874
123598.2952889662 118160.8632074535
123884.7028884603 118303.7154086195
124314.3142877014 118375.1415092025
124457.5180874485 118589.4198109516
124385.9161875749 118946.5503138667
120734.2192940251 121589.3160354383
121235.4325931398 121660.7421360213
121235.4325931398 121946.4465383534
122237.8591913691 122017.8726389364
121521.8401926339 122089.2987395194
121951.4515918750 122517.8553430175
122381.0629911162 122732.1336447666

123598.2952889662 118160.8632074535
123884.7028884603 118303.7154086195
124314.3142877014 118375.1415092025
124457.5180874485 118589.4198109516
120734.2192940251 121303.6116331062
121879.8496920015 121589.3160354383
120734.2192940251 121589.3160354383
121235.4325931398 121660.7421360213
122237.8591913691 121732.1682366043
122094.6553916221 121803.5943371874
121235.4325931398 121946.4465383534
122237.8591913691 122017.8726389364
121521.8401926339 122089.2987395194
121951.4515918750 122517.8553430175
122381.0629911162 122732.1336447666

121951.4515918750 122517.8553430175
121951.4515918750 122232.1509406855
121521.8401926339 122089.2987395194
122237.8591913691 122017.8726389364
121235.4325931398 121946.4465383534
121951.4515918750 121875.0204377704
122524.2667908633 121875.0204377704
122166.2572914956 121732.1682366043
121235.4325931398 121660.7421360213
121736.6458922545 121660.7421360213
120734.2192940251 121589.3160354383
121879.8496920015 121589.3160354383
120734.2192940251 121303.6116331062
121808.2477921280 121303.6116331062
124027.9066882073 118446.5676097855

121951.4515918750 122517.8553430175
121307.0344930133 122232.1509406855
121951.4515918750 122232.1509406855
122237.8591913691 122017.8726389364
121235.4325931398 121946.4465383534
121951.4515918750 121875.0204377704
122524.2667908633 121875.0204377704
122094.6553916221 121803.5943371874
122166.2572914956 121732.1682366043
121163.8306932663 121660.7421360213
121736.6458922545 121660.7421360213
121808.2477921280 121589.3160354383
121879.8496920015 121589.3160354383
120877.4230937721 121517.8899348553
121450.2382927604 121517.8899348553

121951.4515918750 122517.8553430175
122953.8781901044 121303.6116331062
118442.9584980723 115803.8018882139
123311.8876894720 118018.0110062874
123598.2952889662 118160.8632074535
123884.7028884603 118303.7154086195
124314.3142877014 118375.1415092025
124457.5180874485 118589.4198109516
124385.9161875749 118946.5503138667
120734.2192940251 121589.3160354383
121235.4325931398 121660.7421360213
121235.4325931398 121946.4465383534
122237.8591913691 122017.8726389364
121521.8401926339 122089.2987395194
122381.0629911162 122732.1336447666

121951.4515918750 122517.8553430175
121235.4325931398 115660.9496870479
123598.2952889662 118160.8632074535
123884.7028884603 118303.7154086195
124314.3142877014 118375.1415092025
124457.5180874485 118589.4198109516
120734.2192940251 121303.6116331062
121665.0439923809 121375.0377336893
120734.2192940251 121589.3160354383
121736.6458922545 121660.7421360213
122166.2572914956 121732.1682366043
122524.2667908633 121875.0204377704
121521.8401926339 122089.2987395194
121450.2382927604 122517.8553430175
122381.0629911162 122732.1336447666

124027.9066882073 118446.5676097855
124314.3142877014 118660.8459115346
120877.4230937721 121517.8899348553
121879.8496920015 121589.3160354383
121808.2477921280 121589.3160354383
121163.8306932663 121660.7421360213
122166.2572914956 121732.1682366043
122094.6553916221 121803.5943371874
122524.2667908633 121875.0204377704
121951.4515918750 121875.0204377704
121235.4325931398 121946.4465383534
122237.8591913691 122017.8726389364
121951.4515918750 122232.1509406855
121307.0344930133 122232.1509406855
121951.4515918750 122517.8553430175

124314.3142877014 118375.1415092025
124314.3142877014 118660.8459115346
120877.4230937721 121517.8899348553
121879.8496920015 121589.3160354383
121808.2477921280 121589.3160354383
121163.8306932663 121660.7421360213
122166.2572914956 121732.1682366043
122094.6553916221 121803.5943371874
122524.2667908633 121875.0204377704
121951.4515918750 121875.0204377704
121235.4325931398 121946.4465383534
122237.8591913691 122017.8726389364
121951.4515918750 122232.1509406855
121307.0344930133 122232.1509406855
121951.4515918750 122517.8553430175

121951.4515918750 122517.8553430175
121951.4515918750 122232.1509406855
121521.8401926339 122089.2987395194
122237.8591913691 122017.8726389364
121235.4325931398 121946.4465383534
121951.4515918750 121875.0204377704
122524.2667908633 121875.0204377704
122237.8591913691 121732.1682366043
121163.8306932663 121660.7421360213
121736.6458922545 121660.7421360213
121808.2477921280 121589.3160354383
120805.8211938986 121517.8899348553
121808.2477921280 121303.6116331062
124027.9066882073 118446.5676097855
123813.1009885867 118160.8632074535

121951.4515918750 122517.8553430175
121307.0344930133 122232.1509406855
121951.4515918750 122232.1509406855
120949.0249936457 122089.2987395194
122237.8591913691 122017.8726389364
121307.0344930133 121875.0204377704
121951.4515918750 121875.0204377704
122524.2667908633 121875.0204377704
122094.6553916221 121803.5943371874
122166.2572914956 121732.1682366043
121163.8306932663 121660.7421360213
121808.2477921280 121589.3160354383
121879.8496920015 121589.3160354383
120877.4230937721 121517.8899348553
121307.0344930133 121589.3160354383

122381.0629911162 122732.1336447666
121450.2382927604 122517.8553430175
121951.4515918750 122517.8553430175
121521.8401926339 122089.2987395194
122524.2667908633 121875.0204377704
122166.2572914956 121732.1682366043
121736.6458922545 121660.7421360213
120734.2192940251 121589.3160354383
121665.0439923809 121375.0377336893
124457.5180874485 118589.4198109516
124314.3142877014 118375.1415092025
123884.7028884603 118303.7154086195
123598.2952889662 118160.8632074535
123311.8876894720 118018.0110062874
120734.2192940251 121303.6116331062

121951.4515918750 122517.8553430175
121307.0344930133 122232.1509406855
121951.4515918750 122232.1509406855
122237.8591913691 122017.8726389364
121235.4325931398 121946.4465383534
121951.4515918750 121875.0204377704
122524.2667908633 121875.0204377704
122094.6553916221 121803.5943371874
122166.2572914956 121732.1682366043
121163.8306932663 121660.7421360213
121808.2477921280 121589.3160354383
121879.8496920015 121589.3160354383
120877.4230937721 121517.8899348553
123813.1009885867 118446.5676097855
122237.8591913691 121732.1682366043

112070.3894093284 113732.4449713064
111927.1856095813 114232.4276753875
112714.8065081901 114446.7059771366
112070.3894093284 114518.1320777196
137703.8695640509 117160.8977992912
136629.8410659480 117232.3238998742
134410.1821698686 117232.3238998742
125245.1389860573 126017.7342715854
125531.5465855514 126517.7169756665
125531.5465855514 126803.4213779986
125746.3522851719 127089.1257803307
125961.1579847925 127303.4040820797
126319.1674841602 127517.6823838288
126462.3712839072 127731.9606855778
126820.3807832749 127874.8128867438

122381.0629911162 122732.1336447666
121951.4515918750 122517.8553430175
121521.8401926339 122089.2987395194
122237.8591913691 122017.8726389364
121235.4325931398 121660.7421360213
120734.2192940251 121589.3160354383
120734.2192940251 121303.6116331062
124457.5180874485 118589.4198109516
124314.3142877014 118375.1415092025
123884.7028884603 118303.7154086195
123598.2952889662 118160.8632074535
123311.8876894720 118018.0110062874
121736.6458922545 121660.7421360213
122237.8591913691 121732.1682366043
122094.6553916221 121803.5943371874

121665.0439923809 122303.5770412685
121521.8401926339 122089.2987395194
121665.0439923809 122017.8726389364
121808.2477921280 121946.4465383534
122023.0534917486 121946.4465383534
122381.0629911162 121946.4465383534
122452.6648909897 121946.4465383534
121378.6363928868 121875.0204377704
121951.4515918750 121875.0204377704
121665.0439923809 121732.1682366043
122023.0534917486 121732.1682366043
122094.6553916221 121803.5943371874
121235.4325931398 121660.7421360213
121736.6458922545 121660.7421360213
121879.8496920015 121589.3160354383

121951.4515918750 122517.8553430175
121951.4515918750 122232.1509406855
121521.8401926339 122089.2987395194
122237.8591913691 122017.8726389364
121235.4325931398 121946.4465383534
121951.4515918750 121875.0204377704
122524.2667908633 121875.0204377704
122237.8591913691 121732.1682366043
121163.8306932663 121660.7421360213
121736.6458922545 121660.7421360213
122882.2762902309 121660.7421360213
121808.2477921280 121589.3160354383
120805.8211938986 121517.8899348553
121808.2477921280 121303.6116331062
124027.9066882073 118446.5676097855

121951.4515918750 122517.8553430175
121307.0344930133 122232.1509406855
121951.4515918750 122232.1509406855
121521.8401926339 122089.2987395194
121235.4325931398 121946.4465383534
121808.2477921280 121303.6116331062
120805.8211938986 121517.8899348553
121808.2477921280 121589.3160354383
122882.2762902309 121660.7421360213
121736.6458922545 121660.7421360213
121163.8306932663 121660.7421360213
122237.8591913691 121732.1682366043
122524.2667908633 121875.0204377704
121951.4515918750 121875.0204377704
122237.8591913691 122017.8726389364

121951.4515918750 122517.8553430175
121307.0344930133 122232.1509406855
121951.4515918750 122232.1509406855
121521.8401926339 122089.2987395194
121235.4325931398 121946.4465383534
122524.2667908633 121875.0204377704
122094.6553916221 121803.5943371874
122237.8591913691 121732.1682366043
121163.8306932663 121660.7421360213
121736.6458922545 121660.7421360213
120734.2192940251 121589.3160354383
121879.8496920015 121589.3160354383
120734.2192940251 121303.6116331062
121808.2477921280 121303.6116331062
124027.9066882073 118446.5676097855

121951.4515918750 122517.8553430175
121307.0344930133 122232.1509406855
121951.4515918750 122232.1509406855
122237.8591913691 122017.8726389364
121235.4325931398 121946.4465383534
121951.4515918750 121875.0204377704
122524.2667908633 121875.0204377704
122094.6553916221 121803.5943371874
122166.2572914956 121732.1682366043
121163.8306932663 121660.7421360213
121808.2477921280 121589.3160354383
121879.8496920015 121589.3160354383
120877.4230937721 121517.8899348553
122237.8591913691 121732.1682366043
121521.8401926339 121803.5943371874

121951.4515918750 122517.8553430175
123311.8876894720 118018.0110062874
123598.2952889662 118160.8632074535
124314.3142877014 118375.1415092025
123741.4990887132 118375.1415092025
124314.3142877014 118660.8459115346
122166.2572914956 120375.0723255270
121665.0439923809 121375.0377336893
120734.2192940251 121589.3160354383
121736.6458922545 121660.7421360213
122166.2572914956 121732.1682366043
122524.2667908633 121875.0204377704
121521.8401926339 122089.2987395194
121450.2382927604 122517.8553430175
122381.0629911162 122732.1336447666

122381.0629911162 122732.1336447666
121951.4515918750 122517.8553430175
122381.0629911162 123089.2641476817
121235.4325931398 121946.4465383534
121235.4325931398 115660.9496870479
123311.8876894720 118018.0110062874
123598.2952889662 118160.8632074535
123884.7028884603 118303.7154086195
124314.3142877014 118375.1415092025
124457.5180874485 118589.4198109516
120734.2192940251 121303.6116331062
120734.2192940251 121589.3160354383
121235.4325931398 121660.7421360213
122237.8591913691 121732.1682366043
122237.8591913691 122017.8726389364

122381.0629911162 122732.1336447666
121951.4515918750 122517.8553430175
121521.8401926339 122089.2987395194
122237.8591913691 122017.8726389364
121235.4325931398 121946.4465383534
122237.8591913691 121732.1682366043
121235.4325931398 121660.7421360213
120734.2192940251 121589.3160354383
120734.2192940251 121303.6116331062
124457.5180874485 118589.4198109516
124314.3142877014 118375.1415092025
123884.7028884603 118303.7154086195
123598.2952889662 118160.8632074535
123311.8876894720 118018.0110062874
123240.2857895985 117518.0283022063

121951.4515918750 122517.8553430175
121951.4515918750 122232.1509406855
121521.8401926339 122089.2987395194
121235.4325931398 121946.4465383534
121951.4515918750 121875.0204377704
122023.0534917486 121875.0204377704
122524.2667908633 121875.0204377704
121450.2382927604 121803.5943371874
121521.8401926339 121803.5943371874
122094.6553916221 121803.5943371874
122166.2572914956 121732.1682366043
122237.8591913691 121732.1682366043
121879.8496920015 121589.3160354383
121307.0344930133 121589.3160354383
121736.6458922545 121660.7421360213

122381.0629911162 122732.1336447666
121951.4515918750 122517.8553430175
121521.8401926339 122089.2987395194
122237.8591913691 122017.8726389364
121235.4325931398 121946.4465383534
122237.8591913691 121732.1682366043
121235.4325931398 121660.7421360213
120734.2192940251 121589.3160354383
121879.8496920015 121589.3160354383
120734.2192940251 121303.6116331062
121235.4325931398 115660.9496870479
123598.2952889662 118160.8632074535
123884.7028884603 118303.7154086195
124314.3142877014 118375.1415092025
124457.5180874485 118589.4198109516

121521.8401926339 122089.2987395194
121808.2477921280 122089.2987395194
121665.0439923809 122017.8726389364
121808.2477921280 121946.4465383534
122023.0534917486 121946.4465383534
122381.0629911162 121946.4465383534
122452.6648909897 121946.4465383534
121378.6363928868 121875.0204377704
121951.4515918750 121875.0204377704
122094.6553916221 121803.5943371874
121879.8496920015 121589.3160354383
121736.6458922545 121660.7421360213
121665.0439923809 121660.7421360213
121235.4325931398 121660.7421360213
122237.8591913691 121732.1682366043

122381.0629911162 122732.1336447666
121951.4515918750 122517.8553430175
122237.8591913691 122017.8726389364
121235.4325931398 121946.4465383534
121808.2477921280 121303.6116331062
120805.8211938986 121517.8899348553
121808.2477921280 121589.3160354383
122882.2762902309 121660.7421360213
121736.6458922545 121660.7421360213
121163.8306932663 121660.7421360213
122237.8591913691 121732.1682366043
122524.2667908633 121875.0204377704
121951.4515918750 121875.0204377704
121521.8401926339 122089.2987395194
121951.4515918750 122232.1509406855

121951.4515918750 122517.8553430175
121951.4515918750 122232.1509406855
121521.8401926339 122089.2987395194
121235.4325931398 121946.4465383534
121951.4515918750 121875.0204377704
122023.0534917486 121875.0204377704
122524.2667908633 121875.0204377704
121450.2382927604 121803.5943371874
121521.8401926339 121803.5943371874
122094.6553916221 121803.5943371874
122166.2572914956 121732.1682366043
122237.8591913691 121732.1682366043
121163.8306932663 121660.7421360213
121665.0439923809 122375.0031418515
121879.8496920015 121589.3160354383

122381.0629911162 122732.1336447666
121951.4515918750 122517.8553430175
124027.9066882073 118446.5676097855
121808.2477921280 121303.6116331062
120805.8211938986 121517.8899348553
121808.2477921280 121589.3160354383
121736.6458922545 121660.7421360213
121163.8306932663 121660.7421360213
122237.8591913691 121732.1682366043
122524.2667908633 121875.0204377704
121951.4515918750 121875.0204377704
121235.4325931398 121946.4465383534
121521.8401926339 122089.2987395194
121951.4515918750 122232.1509406855
121808.2477921280 122303.5770412685

121521.8401926339 122089.2987395194
121808.2477921280 122089.2987395194
122237.8591913691 122017.8726389364
121808.2477921280 121946.4465383534
122023.0534917486 121946.4465383534
122381.0629911162 121946.4465383534
121378.6363928868 121875.0204377704
121951.4515918750 121875.0204377704
122309.4610912427 121875.0204377704
122094.6553916221 121803.5943371874
121665.0439923809 121732.1682366043
122094.6553916221 121732.1682366043
122237.8591913691 121732.1682366043
121593.4420925074 121660.7421360213
121736.6458922545 121660.7421360213

121951.4515918750 122517.8553430175
121307.0344930133 122232.1509406855
121951.4515918750 122232.1509406855
120447.8116945310 122017.8726389364
122237.8591913691 122017.8726389364
121235.4325931398 121946.4465383534
122524.2667908633 121875.0204377704
122094.6553916221 121803.5943371874
122166.2572914956 121732.1682366043
121163.8306932663 121660.7421360213
121593.4420925074 122089.2987395194
121808.2477921280 121589.3160354383
121879.8496920015 121589.3160354383
120805.8211938986 121517.8899348553
121808.2477921280 121303.6116331062

121521.8401926339 122089.2987395194
121808.2477921280 122089.2987395194
121665.0439923809 122017.8726389364
121808.2477921280 121946.4465383534
122023.0534917486 121946.4465383534
122381.0629911162 121946.4465383534
122237.8591913691 121803.5943371874
121378.6363928868 121875.0204377704
121951.4515918750 121875.0204377704
122094.6553916221 121803.5943371874
121665.0439923809 121732.1682366043
122094.6553916221 121732.1682366043
122237.8591913691 121732.1682366043
121593.4420925074 121660.7421360213
121736.6458922545 121660.7421360213

122381.0629911162 122732.1336447666
121951.4515918750 122517.8553430175
122237.8591913691 122017.8726389364
121235.4325931398 121946.4465383534
122094.6553916221 121803.5943371874
120662.6173941516 121517.8899348553
121163.8306932663 121517.8899348553
122381.0629911162 121232.1855325232
124385.9161875749 118946.5503138667
124457.5180874485 118589.4198109516
124314.3142877014 118375.1415092025
123884.7028884603 118303.7154086195
123598.2952889662 118160.8632074535
123311.8876894720 118018.0110062874
121235.4325931398 115660.9496870479

121951.4515918750 122517.8553430175
121307.0344930133 122232.1509406855
121951.4515918750 122232.1509406855
122237.8591913691 122017.8726389364
121235.4325931398 121946.4465383534
121951.4515918750 121875.0204377704
122524.2667908633 121875.0204377704
122094.6553916221 121803.5943371874
122166.2572914956 121732.1682366043
122237.8591913691 121732.1682366043
121163.8306932663 121660.7421360213
121593.4420925074 121660.7421360213
121736.6458922545 121660.7421360213
121879.8496920015 121589.3160354383
121450.2382927604 121517.8899348553

122381.0629911162 122732.1336447666
121951.4515918750 122517.8553430175
121521.8401926339 122089.2987395194
122237.8591913691 122017.8726389364
121235.4325931398 121946.4465383534
122237.8591913691 121732.1682366043
121235.4325931398 121660.7421360213
120734.2192940251 121589.3160354383
121879.8496920015 121589.3160354383
120734.2192940251 121303.6116331062
121808.2477921280 121303.6116331062
124457.5180874485 118589.4198109516
124314.3142877014 118375.1415092025
123884.7028884603 118303.7154086195
123598.2952889662 118160.8632074535

122381.0629911162 122732.1336447666
121951.4515918750 122517.8553430175
121521.8401926339 122089.2987395194
122237.8591913691 122017.8726389364
121235.4325931398 121946.4465383534
122524.2667908633 121875.0204377704
122094.6553916221 121803.5943371874
122237.8591913691 121732.1682366043
121163.8306932663 121660.7421360213
120734.2192940251 121589.3160354383
121879.8496920015 121589.3160354383
120734.2192940251 121303.6116331062
124314.3142877014 118660.8459115346
124027.9066882073 118446.5676097855
121307.0344930133 121589.3160354383

121951.4515918750 122517.8553430175
121951.4515918750 122232.1509406855
121521.8401926339 122089.2987395194
121235.4325931398 121946.4465383534
121951.4515918750 121875.0204377704
122023.0534917486 121875.0204377704
122524.2667908633 121875.0204377704
121450.2382927604 121803.5943371874
121521.8401926339 121803.5943371874
122094.6553916221 121803.5943371874
122166.2572914956 121732.1682366043
122237.8591913691 121732.1682366043
121163.8306932663 121660.7421360213
121521.8401926339 121375.0377336893
121879.8496920015 121589.3160354383

121951.4515918750 122517.8553430175
121951.4515918750 122232.1509406855
121521.8401926339 122089.2987395194
121307.0344930133 121589.3160354383
121951.4515918750 121875.0204377704
122023.0534917486 121875.0204377704
122524.2667908633 121875.0204377704
121450.2382927604 121803.5943371874
121521.8401926339 121803.5943371874
122094.6553916221 121803.5943371874
122166.2572914956 121732.1682366043
122237.8591913691 121732.1682366043
121163.8306932663 121660.7421360213
121736.6458922545 121660.7421360213
121879.8496920015 121589.3160354383

125961.1579847925 127303.4040820797
125746.3522851719 127089.1257803307
125531.5465855514 126803.4213779986
125531.5465855514 126517.7169756665
125173.5370861837 126374.8647745005
125245.1389860573 126017.7342715854
121951.4515918750 122517.8553430175
121307.0344930133 122232.1509406855
121951.4515918750 122232.1509406855
121235.4325931398 121660.7421360213
124958.7313865632 125732.0298692533
112070.3894093284 113732.4449713064
111927.1856095813 114232.4276753875
112714.8065081901 114446.7059771366
112070.3894093284 114518.1320777196

121951.4515918750 122517.8553430175
121307.0344930133 122232.1509406855
121951.4515918750 122232.1509406855
122237.8591913691 122017.8726389364
121235.4325931398 121946.4465383534
121951.4515918750 121875.0204377704
122524.2667908633 121875.0204377704
122094.6553916221 121803.5943371874
122166.2572914956 121732.1682366043
121163.8306932663 121660.7421360213
121736.6458922545 121660.7421360213
121808.2477921280 121589.3160354383
121879.8496920015 121589.3160354383
120877.4230937721 121517.8899348553
121808.2477921280 121303.6116331062

121951.4515918750 122517.8553430175
121307.0344930133 122232.1509406855
121951.4515918750 122232.1509406855
122237.8591913691 122017.8726389364
121235.4325931398 121946.4465383534
121951.4515918750 121875.0204377704
122524.2667908633 121875.0204377704
121521.8401926339 121375.0377336893
121736.6458922545 121660.7421360213
121163.8306932663 121660.7421360213
122237.8591913691 121732.1682366043
122166.2572914956 121732.1682366043
122094.6553916221 121803.5943371874
121521.8401926339 121803.5943371874
121450.2382927604 121803.5943371874

122023.0534917486 122303.5770412685
121521.8401926339 122089.2987395194
121235.4325931398 121946.4465383534
122381.0629911162 121946.4465383534
122452.6648909897 121946.4465383534
121951.4515918750 121875.0204377704
122023.0534917486 121875.0204377704
121450.2382927604 121803.5943371874
121521.8401926339 121803.5943371874
122094.6553916221 121803.5943371874
122166.2572914956 121732.1682366043
122237.8591913691 121732.1682366043
121163.8306932663 121660.7421360213
121736.6458922545 121660.7421360213
121808.2477921280 121303.6116331062

122381.0629911162 122732.1336447666
121951.4515918750 122517.8553430175
121521.8401926339 122089.2987395194
122237.8591913691 122017.8726389364
121235.4325931398 121946.4465383534
122237.8591913691 121732.1682366043
121235.4325931398 121660.7421360213
120734.2192940251 121589.3160354383
120734.2192940251 121303.6116331062
123311.8876894720 118018.0110062874
123598.2952889662 118160.8632074535
123884.7028884603 118303.7154086195
124314.3142877014 118375.1415092025
124457.5180874485 118589.4198109516
121879.8496920015 121589.3160354383

121951.4515918750 122517.8553430175
121307.0344930133 122232.1509406855
121951.4515918750 122232.1509406855
122237.8591913691 122017.8726389364
121235.4325931398 121946.4465383534
121951.4515918750 121875.0204377704
122524.2667908633 121875.0204377704
122094.6553916221 121803.5943371874
122166.2572914956 121732.1682366043
121163.8306932663 121660.7421360213
121235.4325931398 121660.7421360213
121736.6458922545 121660.7421360213
121808.2477921280 121589.3160354383
121879.8496920015 121589.3160354383
120877.4230937721 121517.8899348553

122381.0629911162 122732.1336447666
121951.4515918750 122517.8553430175
121951.4515918750 122232.1509406855
121521.8401926339 122089.2987395194
121235.4325931398 121946.4465383534
122524.2667908633 121875.0204377704
122094.6553916221 121803.5943371874
122237.8591913691 121732.1682366043
121163.8306932663 121660.7421360213
120734.2192940251 121589.3160354383
121879.8496920015 121589.3160354383
120734.2192940251 121303.6116331062
121808.2477921280 121303.6116331062
124027.9066882073 118446.5676097855
121736.6458922545 121660.7421360213

123669.8971888397 118160.8632074535
124027.9066882073 118446.5676097855
124314.3142877014 118660.8459115346
120734.2192940251 121303.6116331062
121879.8496920015 121589.3160354383
120734.2192940251 121589.3160354383
121736.6458922545 121660.7421360213
121163.8306932663 121660.7421360213
122166.2572914956 121732.1682366043
122524.2667908633 121875.0204377704
121951.4515918750 121875.0204377704
121235.4325931398 121946.4465383534
121521.8401926339 122089.2987395194
121951.4515918750 122232.1509406855
121951.4515918750 122517.8553430175

123598.2952889662 118160.8632074535
124314.3142877014 118375.1415092025
123741.4990887132 118375.1415092025
124314.3142877014 118660.8459115346
120734.2192940251 121303.6116331062
121879.8496920015 121589.3160354383
120734.2192940251 121589.3160354383
121163.8306932663 121660.7421360213
122237.8591913691 121732.1682366043
122524.2667908633 121875.0204377704
121235.4325931398 121946.4465383534
121521.8401926339 122089.2987395194
121951.4515918750 122232.1509406855
121951.4515918750 122517.8553430175
122381.0629911162 122732.1336447666

122381.0629911162 122732.1336447666
121951.4515918750 122517.8553430175
121521.8401926339 122089.2987395194
122237.8591913691 122017.8726389364
123598.2952889662 118160.8632074535
123884.7028884603 118303.7154086195
124314.3142877014 118375.1415092025
124457.5180874485 118589.4198109516
120734.2192940251 121303.6116331062
121879.8496920015 121589.3160354383
120734.2192940251 121589.3160354383
121163.8306932663 121660.7421360213
122237.8591913691 121732.1682366043
122524.2667908633 121875.0204377704
121235.4325931398 121946.4465383534

123598.2952889662 118160.8632074535
123884.7028884603 118303.7154086195
124314.3142877014 118375.1415092025
124457.5180874485 118589.4198109516
120734.2192940251 121303.6116331062
121879.8496920015 121589.3160354383
120734.2192940251 121589.3160354383
121163.8306932663 121660.7421360213
122237.8591913691 121732.1682366043
122524.2667908633 121875.0204377704
121235.4325931398 121946.4465383534
121521.8401926339 122089.2987395194
121951.4515918750 122232.1509406855
121951.4515918750 122517.8553430175
122381.0629911162 122732.1336447666

123669.8971888397 118160.8632074535
124027.9066882073 118446.5676097855
124314.3142877014 118660.8459115346
121808.2477921280 121303.6116331062
120734.2192940251 121303.6116331062
121879.8496920015 121589.3160354383
120734.2192940251 121589.3160354383
121163.8306932663 121660.7421360213
122237.8591913691 121732.1682366043
122524.2667908633 121875.0204377704
121235.4325931398 121946.4465383534
120877.4230937721 122160.7248401024
121951.4515918750 122232.1509406855
121307.0344930133 122232.1509406855
121951.4515918750 122517.8553430175

124027.9066882073 118446.5676097855
121808.2477921280 121303.6116331062
120805.8211938986 121517.8899348553
121808.2477921280 121589.3160354383
121736.6458922545 121660.7421360213
121163.8306932663 121660.7421360213
122237.8591913691 121732.1682366043
122524.2667908633 121875.0204377704
121951.4515918750 121875.0204377704
121235.4325931398 121946.4465383534
121521.8401926339 122089.2987395194
121951.4515918750 122232.1509406855
121808.2477921280 122303.5770412685
121020.6268935192 122375.0031418515
121951.4515918750 122517.8553430175

122381.0629911162 122732.1336447666
121951.4515918750 122517.8553430175
121521.8401926339 122089.2987395194
122237.8591913691 122017.8726389364
121235.4325931398 121946.4465383534
121593.4420925074 121875.0204377704
121235.4325931398 121660.7421360213
120734.2192940251 121589.3160354383
120734.2192940251 121303.6116331062
124457.5180874485 118589.4198109516
124314.3142877014 118375.1415092025
123884.7028884603 118303.7154086195
123598.2952889662 118160.8632074535
123311.8876894720 118018.0110062874
121235.4325931398 115660.9496870479

124027.9066882073 118446.5676097855
124314.3142877014 118660.8459115346
120734.2192940251 121303.6116331062
121879.8496920015 121589.3160354383
120734.2192940251 121589.3160354383
121736.6458922545 121660.7421360213
121235.4325931398 121660.7421360213
121163.8306932663 121660.7421360213
122166.2572914956 121732.1682366043
122524.2667908633 121875.0204377704
121951.4515918750 121875.0204377704
121235.4325931398 121946.4465383534
121521.8401926339 122089.2987395194
121951.4515918750 122232.1509406855
121951.4515918750 122517.8553430175

122023.0534917486 122303.5770412685
121521.8401926339 122089.2987395194
121235.4325931398 121946.4465383534
121736.6458922545 121946.4465383534
122381.0629911162 121946.4465383534
122452.6648909897 121946.4465383534
121951.4515918750 121875.0204377704
122524.2667908633 121875.0204377704
121879.8496920015 121589.3160354383
121736.6458922545 121660.7421360213
121163.8306932663 121660.7421360213
122237.8591913691 121732.1682366043
122166.2572914956 121732.1682366043
122094.6553916221 121803.5943371874
121521.8401926339 121803.5943371874

121951.4515918750 122517.8553430175
121307.0344930133 122232.1509406855
121951.4515918750 122232.1509406855
120949.0249936457 122089.2987395194
122237.8591913691 122017.8726389364
121307.0344930133 121875.0204377704
121951.4515918750 121875.0204377704
122524.2667908633 121875.0204377704
122094.6553916221 121803.5943371874
122166.2572914956 121732.1682366043
121163.8306932663 121660.7421360213
121808.2477921280 121589.3160354383
121879.8496920015 121589.3160354383
120877.4230937721 121517.8899348553
124027.9066882073 118446.5676097855

124027.9066882073 118446.5676097855
120877.4230937721 121517.8899348553
121879.8496920015 121589.3160354383
121808.2477921280 121589.3160354383
121736.6458922545 121660.7421360213
121163.8306932663 121660.7421360213
122166.2572914956 121732.1682366043
122094.6553916221 121803.5943371874
122524.2667908633 121875.0204377704
121951.4515918750 121875.0204377704
121235.4325931398 121946.4465383534
122237.8591913691 122017.8726389364
121951.4515918750 122232.1509406855
121307.0344930133 122232.1509406855
121951.4515918750 122517.8553430175

121951.4515918750 122517.8553430175
121307.0344930133 122232.1509406855
121951.4515918750 122232.1509406855
120949.0249936457 122089.2987395194
122237.8591913691 122017.8726389364
121307.0344930133 121875.0204377704
121951.4515918750 121875.0204377704
122524.2667908633 121875.0204377704
122094.6553916221 121803.5943371874
122166.2572914956 121732.1682366043
121163.8306932663 121660.7421360213
121808.2477921280 121589.3160354383
121879.8496920015 121589.3160354383
120877.4230937721 121517.8899348553
124314.3142877014 118375.1415092025

121951.4515918750 122517.8553430175
121951.4515918750 122232.1509406855
121521.8401926339 122089.2987395194
121235.4325931398 121946.4465383534
121951.4515918750 121875.0204377704
122524.2667908633 121875.0204377704
122237.8591913691 121732.1682366043
121163.8306932663 121660.7421360213
121736.6458922545 121660.7421360213
120734.2192940251 121589.3160354383
121879.8496920015 121589.3160354383
120734.2192940251 121303.6116331062
121808.2477921280 121303.6116331062
124314.3142877014 118660.8459115346
124027.9066882073 118446.5676097855

122381.0629911162 122732.1336447666
121951.4515918750 122517.8553430175
121951.4515918750 122232.1509406855
121521.8401926339 122089.2987395194
122237.8591913691 122017.8726389364
121235.4325931398 121946.4465383534
121951.4515918750 121875.0204377704
122524.2667908633 121875.0204377704
122237.8591913691 121732.1682366043
121163.8306932663 121660.7421360213
121736.6458922545 121660.7421360213
121808.2477921280 121589.3160354383
120805.8211938986 121517.8899348553
121808.2477921280 121303.6116331062
124027.9066882073 118446.5676097855

121235.4325931398 115660.9496870479
123311.8876894720 118018.0110062874
124099.5085880808 118160.8632074535
123598.2952889662 118160.8632074535
124314.3142877014 118375.1415092025
124457.5180874485 118589.4198109516
120734.2192940251 121303.6116331062
120734.2192940251 121589.3160354383
121235.4325931398 121660.7421360213
122237.8591913691 121732.1682366043
121235.4325931398 121946.4465383534
122237.8591913691 122017.8726389364
121951.4515918750 122517.8553430175
122381.0629911162 122732.1336447666
126390.7693840337 127517.6823838288

121951.4515918750 122517.8553430175
121951.4515918750 122232.1509406855
121521.8401926339 122089.2987395194
121235.4325931398 121946.4465383534
121951.4515918750 121875.0204377704
122524.2667908633 121875.0204377704
122166.2572914956 121732.1682366043
121163.8306932663 121660.7421360213
120734.2192940251 121589.3160354383
121879.8496920015 121589.3160354383
120734.2192940251 121303.6116331062
121808.2477921280 121303.6116331062
124314.3142877014 118660.8459115346
124027.9066882073 118446.5676097855
123669.8971888397 118160.8632074535

121951.4515918750 122517.8553430175
121307.0344930133 122232.1509406855
121951.4515918750 122232.1509406855
121235.4325931398 121946.4465383534
122524.2667908633 121875.0204377704
122166.2572914956 121732.1682366043
122237.8591913691 121732.1682366043
121879.8496920015 121589.3160354383
121736.6458922545 121660.7421360213
121163.8306932663 121660.7421360213
122094.6553916221 121803.5943371874
121521.8401926339 121803.5943371874
121450.2382927604 121803.5943371874
122023.0534917486 121875.0204377704
121951.4515918750 121875.0204377704

123669.8971888397 118160.8632074535
124027.9066882073 118446.5676097855
124314.3142877014 118660.8459115346
121808.2477921280 121303.6116331062
120734.2192940251 121303.6116331062
121879.8496920015 121589.3160354383
120734.2192940251 121589.3160354383
121163.8306932663 121660.7421360213
122237.8591913691 121732.1682366043
122524.2667908633 121875.0204377704
121235.4325931398 121946.4465383534
121521.8401926339 122089.2987395194
121951.4515918750 122232.1509406855
121951.4515918750 122517.8553430175
122381.0629911162 122732.1336447666

126390.7693840337 127517.6823838288
122381.0629911162 122732.1336447666
121951.4515918750 122517.8553430175
122237.8591913691 122017.8726389364
121235.4325931398 121946.4465383534
122237.8591913691 121732.1682366043
121235.4325931398 121660.7421360213
120734.2192940251 121589.3160354383
120734.2192940251 121303.6116331062
124457.5180874485 118589.4198109516
123884.7028884603 118303.7154086195
123598.2952889662 118160.8632074535
123311.8876894720 118018.0110062874
135126.2011686039 116946.6194975422
124314.3142877014 118375.1415092025

121951.4515918750 122517.8553430175
123669.8971888397 118160.8632074535
124027.9066882073 118446.5676097855
124314.3142877014 118660.8459115346
121808.2477921280 121303.6116331062
120734.2192940251 121303.6116331062
121879.8496920015 121589.3160354383
120734.2192940251 121589.3160354383
121163.8306932663 121660.7421360213
122237.8591913691 121732.1682366043
122524.2667908633 121875.0204377704
121951.4515918750 121875.0204377704
121235.4325931398 121946.4465383534
121521.8401926339 122089.2987395194
121951.4515918750 122232.1509406855

121521.8401926339 122089.2987395194
121665.0439923809 122017.8726389364
121951.4515918750 122017.8726389364
122166.2572914956 122017.8726389364
121736.6458922545 121946.4465383534
121808.2477921280 121946.4465383534
121951.4515918750 121803.5943371874
122381.0629911162 121946.4465383534
121235.4325931398 121875.0204377704
121951.4515918750 121875.0204377704
122524.2667908633 121875.0204377704
121808.2477921280 121803.5943371874
121879.8496920015 121803.5943371874
122094.6553916221 121803.5943371874
122237.8591913691 121732.1682366043

121235.4325931398 115660.9496870479
123311.8876894720 118018.0110062874
123598.2952889662 118160.8632074535
123884.7028884603 118303.7154086195
124314.3142877014 118375.1415092025
124457.5180874485 118589.4198109516
120734.2192940251 121303.6116331062
120734.2192940251 121589.3160354383
121235.4325931398 121660.7421360213
122237.8591913691 121732.1682366043
121235.4325931398 121946.4465383534
122237.8591913691 122017.8726389364
121951.4515918750 122517.8553430175
122381.0629911162 122732.1336447666
126390.7693840337 127517.6823838288

121808.2477921280 121303.6116331062
120805.8211938986 121517.8899348553
121808.2477921280 121589.3160354383
121736.6458922545 121660.7421360213
121163.8306932663 121660.7421360213
122237.8591913691 121732.1682366043
122094.6553916221 121803.5943371874
121521.8401926339 121803.5943371874
122524.2667908633 121875.0204377704
121951.4515918750 121875.0204377704
121235.4325931398 121946.4465383534
122237.8591913691 122017.8726389364
121951.4515918750 122232.1509406855
121307.0344930133 122232.1509406855
121951.4515918750 122517.8553430175

122381.0629911162 122732.1336447666
121951.4515918750 122517.8553430175
123741.4990887132 117446.6022016233
123168.6838897250 118089.4371068704
123598.2952889662 118160.8632074535
123884.7028884603 118303.7154086195
124314.3142877014 118375.1415092025
124457.5180874485 118589.4198109516
120734.2192940251 121303.6116331062
120734.2192940251 121589.3160354383
121235.4325931398 121660.7421360213
122237.8591913691 121732.1682366043
121235.4325931398 121946.4465383534
122237.8591913691 122017.8726389364
121521.8401926339 122089.2987395194

122381.0629911162 122732.1336447666
121951.4515918750 122517.8553430175
121951.4515918750 122232.1509406855
121521.8401926339 122089.2987395194
121235.4325931398 121946.4465383534
122524.2667908633 121875.0204377704
122094.6553916221 121803.5943371874
122237.8591913691 121732.1682366043
121163.8306932663 121660.7421360213
120734.2192940251 121589.3160354383
121879.8496920015 121589.3160354383
120734.2192940251 121303.6116331062
121808.2477921280 121303.6116331062
124314.3142877014 118660.8459115346
124027.9066882073 118446.5676097855

121665.0439923809 122303.5770412685
121521.8401926339 122089.2987395194
121665.0439923809 122017.8726389364
121808.2477921280 121946.4465383534
122023.0534917486 121946.4465383534
122381.0629911162 121946.4465383534
122452.6648909897 121946.4465383534
121879.8496920015 121589.3160354383
121736.6458922545 121660.7421360213
121163.8306932663 121660.7421360213
122237.8591913691 121732.1682366043
122166.2572914956 121732.1682366043
122094.6553916221 121803.5943371874
121521.8401926339 121803.5943371874
121450.2382927604 121803.5943371874

122381.0629911162 122732.1336447666
121951.4515918750 122517.8553430175
121521.8401926339 122089.2987395194
122237.8591913691 122017.8726389364
121235.4325931398 121946.4465383534
121235.4325931398 121660.7421360213
120734.2192940251 121589.3160354383
120734.2192940251 121303.6116331062
121235.4325931398 115660.9496870479
123311.8876894720 118018.0110062874
123598.2952889662 118160.8632074535
123884.7028884603 118303.7154086195
124314.3142877014 118375.1415092025
124457.5180874485 118589.4198109516
122166.2572914956 121732.1682366043

122381.0629911162 122732.1336447666
121951.4515918750 122517.8553430175
121951.4515918750 122232.1509406855
121521.8401926339 122089.2987395194
121235.4325931398 121946.4465383534
122524.2667908633 121875.0204377704
122094.6553916221 121803.5943371874
122237.8591913691 121732.1682366043
121163.8306932663 121660.7421360213
120734.2192940251 121589.3160354383
121879.8496920015 121589.3160354383
120734.2192940251 121303.6116331062
124314.3142877014 118375.1415092025
123813.1009885867 118375.1415092025
124314.3142877014 118660.8459115346

122381.0629911162 122732.1336447666
121951.4515918750 122517.8553430175
121521.8401926339 122089.2987395194
122237.8591913691 122017.8726389364
124314.3142877014 118375.1415092025
123813.1009885867 118375.1415092025
124314.3142877014 118660.8459115346
120734.2192940251 121303.6116331062
121665.0439923809 121375.0377336893
120734.2192940251 121589.3160354383
121736.6458922545 121660.7421360213
121163.8306932663 121660.7421360213
122166.2572914956 121732.1682366043
122524.2667908633 121875.0204377704
121235.4325931398 121946.4465383534

121879.8496920015 121589.3160354383
120734.2192940251 121589.3160354383
121736.6458922545 121660.7421360213
121163.8306932663 121660.7421360213
122237.8591913691 121732.1682366043
122166.2572914956 121732.1682366043
122094.6553916221 121803.5943371874
121521.8401926339 121803.5943371874
121450.2382927604 121803.5943371874
122524.2667908633 121875.0204377704
121951.4515918750 121875.0204377704
121235.4325931398 121946.4465383534
121521.8401926339 122089.2987395194
121951.4515918750 122232.1509406855
121951.4515918750 122517.8553430175

121951.4515918750 122517.8553430175
121951.4515918750 122232.1509406855
121521.8401926339 122089.2987395194
121235.4325931398 121946.4465383534
122452.6648909897 121946.4465383534
120734.2192940251 121875.0204377704
121951.4515918750 121875.0204377704
122023.0534917486 121875.0204377704
122524.2667908633 121875.0204377704
121092.2287933927 122017.8726389364
121521.8401926339 121803.5943371874
122094.6553916221 121803.5943371874
122237.8591913691 121732.1682366043
121736.6458922545 121660.7421360213
121879.8496920015 121589.3160354383

122381.0629911162 122732.1336447666
121951.4515918750 122517.8553430175
121521.8401926339 122089.2987395194
122237.8591913691 122017.8726389364
121235.4325931398 121946.4465383534
122237.8591913691 121732.1682366043
121235.4325931398 121660.7421360213
120734.2192940251 121589.3160354383
121879.8496920015 121589.3160354383
120734.2192940251 121303.6116331062
123884.7028884603 118517.9937103686
121808.2477921280 121303.6116331062
121736.6458922545 121660.7421360213
122166.2572914956 121732.1682366043
122524.2667908633 121875.0204377704

122381.0629911162 122732.1336447666
121951.4515918750 122517.8553430175
121521.8401926339 122089.2987395194
122237.8591913691 122017.8726389364
121235.4325931398 121946.4465383534
122237.8591913691 121732.1682366043
121235.4325931398 121660.7421360213
120734.2192940251 121589.3160354383
120734.2192940251 121303.6116331062
121235.4325931398 115660.9496870479
123311.8876894720 118018.0110062874
123598.2952889662 118160.8632074535
123884.7028884603 118303.7154086195
124314.3142877014 118375.1415092025
124457.5180874485 118589.4198109516

123669.8971888397 118160.8632074535
124027.9066882073 118446.5676097855
124314.3142877014 118660.8459115346
121808.2477921280 121303.6116331062
121879.8496920015 121589.3160354383
120734.2192940251 121589.3160354383
121736.6458922545 121660.7421360213
121163.8306932663 121660.7421360213
122237.8591913691 121732.1682366043
122166.2572914956 121732.1682366043
122524.2667908633 121875.0204377704
121235.4325931398 121946.4465383534
121951.4515918750 122232.1509406855
121307.0344930133 122232.1509406855
121951.4515918750 122517.8553430175

122381.0629911162 122732.1336447666
121951.4515918750 122517.8553430175
121951.4515918750 122232.1509406855
121521.8401926339 122089.2987395194
121235.4325931398 121946.4465383534
122524.2667908633 121875.0204377704
122094.6553916221 121803.5943371874
122237.8591913691 121732.1682366043
121163.8306932663 121660.7421360213
121736.6458922545 121660.7421360213
120734.2192940251 121589.3160354383
121879.8496920015 121589.3160354383
120734.2192940251 121303.6116331062
123669.8971888397 118160.8632074535
124027.9066882073 118446.5676097855

123669.8971888397 118160.8632074535
124027.9066882073 118446.5676097855
124314.3142877014 118660.8459115346
120734.2192940251 121303.6116331062
121879.8496920015 121589.3160354383
120734.2192940251 121589.3160354383
121163.8306932663 121660.7421360213
122237.8591913691 121732.1682366043
122094.6553916221 121803.5943371874
122524.2667908633 121875.0204377704
121235.4325931398 121946.4465383534
121521.8401926339 122089.2987395194
121951.4515918750 122232.1509406855
121951.4515918750 122517.8553430175
122381.0629911162 122732.1336447666

121879.8496920015 121589.3160354383
120734.2192940251 121589.3160354383
121736.6458922545 121660.7421360213
121235.4325931398 121660.7421360213
121163.8306932663 121660.7421360213
122237.8591913691 121732.1682366043
122166.2572914956 121732.1682366043
122094.6553916221 121803.5943371874
121521.8401926339 121803.5943371874
122524.2667908633 121875.0204377704
121235.4325931398 121946.4465383534
121521.8401926339 122089.2987395194
121951.4515918750 122232.1509406855
121879.8496920015 122232.1509406855
121951.4515918750 122517.8553430175

122381.0629911162 122732.1336447666
121951.4515918750 122517.8553430175
121951.4515918750 122232.1509406855
121521.8401926339 122089.2987395194
121235.4325931398 121946.4465383534
122524.2667908633 121875.0204377704
122094.6553916221 121803.5943371874
122237.8591913691 121732.1682366043
121163.8306932663 121660.7421360213
120734.2192940251 121589.3160354383
121879.8496920015 121589.3160354383
120734.2192940251 121303.6116331062
124027.9066882073 118446.5676097855
124314.3142877014 118660.8459115346
121736.6458922545 121660.7421360213

121951.4515918750 122517.8553430175
121951.4515918750 122232.1509406855
121521.8401926339 122089.2987395194
121235.4325931398 121946.4465383534
121951.4515918750 121875.0204377704
122524.2667908633 121875.0204377704
122237.8591913691 121732.1682366043
123168.6838897250 121732.1682366043
121163.8306932663 121660.7421360213
121736.6458922545 121660.7421360213
120734.2192940251 121589.3160354383
121879.8496920015 121589.3160354383
120734.2192940251 121303.6116331062
121808.2477921280 121303.6116331062
123884.7028884603 118517.9937103686

121951.4515918750 122517.8553430175
121951.4515918750 122232.1509406855
121521.8401926339 122089.2987395194
121879.8496920015 121589.3160354383
121808.2477921280 121589.3160354383
120734.2192940251 121589.3160354383
121736.6458922545 121660.7421360213
121163.8306932663 121660.7421360213
122237.8591913691 121732.1682366043
122166.2572914956 121732.1682366043
122094.6553916221 121803.5943371874
122524.2667908633 121875.0204377704
121951.4515918750 121875.0204377704
121235.4325931398 121946.4465383534
122237.8591913691 122017.8726389364

122381.0629911162 122732.1336447666
121951.4515918750 122517.8553430175
121521.8401926339 122089.2987395194
122237.8591913691 122017.8726389364
121235.4325931398 121946.4465383534
121235.4325931398 121660.7421360213
120734.2192940251 121589.3160354383
124385.9161875749 118946.5503138667
124457.5180874485 118589.4198109516
124314.3142877014 118375.1415092025
123884.7028884603 118303.7154086195
123598.2952889662 118160.8632074535
123311.8876894720 118018.0110062874
112070.3894093284 113732.4449713064
111927.1856095813 114232.4276753875

121951.4515918750 122517.8553430175
121879.8496920015 121946.4465383534
121951.4515918750 122232.1509406855
121521.8401926339 122089.2987395194
121235.4325931398 121946.4465383534
121951.4515918750 121875.0204377704
122524.2667908633 121875.0204377704
121450.2382927604 121803.5943371874
121521.8401926339 121803.5943371874
122094.6553916221 121803.5943371874
122166.2572914956 121732.1682366043
122237.8591913691 121732.1682366043
121163.8306932663 121660.7421360213
121736.6458922545 121660.7421360213
121521.8401926339 121375.0377336893

133837.3669708805 116946.6194975422
123741.4990887132 117446.6022016233
123311.8876894720 118018.0110062874
123598.2952889662 118160.8632074535
123884.7028884603 118303.7154086195
124314.3142877014 118375.1415092025
124457.5180874485 118589.4198109516
124385.9161875749 118946.5503138667
120734.2192940251 121589.3160354383
121235.4325931398 121660.7421360213
121235.4325931398 121946.4465383534
122237.8591913691 122017.8726389364
121521.8401926339 122089.2987395194
121951.4515918750 122517.8553430175
122381.0629911162 122732.1336447666

124314.3142877014 118375.1415092025
121879.8496920015 121589.3160354383
121808.2477921280 121589.3160354383
120734.2192940251 121589.3160354383
121736.6458922545 121660.7421360213
121163.8306932663 121660.7421360213
122237.8591913691 121732.1682366043
122166.2572914956 121732.1682366043
122524.2667908633 121875.0204377704
121951.4515918750 121875.0204377704
121235.4325931398 121946.4465383534
122237.8591913691 122017.8726389364
121951.4515918750 122232.1509406855
121307.0344930133 122232.1509406855
121951.4515918750 122517.8553430175

123884.7028884603 118517.9937103686
121808.2477921280 121303.6116331062
120805.8211938986 121517.8899348553
121808.2477921280 121589.3160354383
121736.6458922545 121660.7421360213
121163.8306932663 121660.7421360213
122237.8591913691 121732.1682366043
122524.2667908633 121875.0204377704
121951.4515918750 121875.0204377704
121235.4325931398 121946.4465383534
121521.8401926339 122089.2987395194
121951.4515918750 122232.1509406855
121808.2477921280 122303.5770412685
121020.6268935192 122375.0031418515
121951.4515918750 122517.8553430175

124314.3142877014 118375.1415092025
123813.1009885867 118375.1415092025
124314.3142877014 118660.8459115346
120734.2192940251 121303.6116331062
121665.0439923809 121375.0377336893
120734.2192940251 121589.3160354383
121736.6458922545 121660.7421360213
121163.8306932663 121660.7421360213
122166.2572914956 121732.1682366043
122524.2667908633 121875.0204377704
121235.4325931398 121946.4465383534
121521.8401926339 122089.2987395194
121951.4515918750 122232.1509406855
121951.4515918750 122517.8553430175
122381.0629911162 122732.1336447666

121951.4515918750 122517.8553430175
121951.4515918750 122232.1509406855
121521.8401926339 122089.2987395194
121235.4325931398 121946.4465383534
121951.4515918750 121875.0204377704
122524.2667908633 121875.0204377704
122023.0534917486 121803.5943371874
122237.8591913691 121732.1682366043
121163.8306932663 121660.7421360213
121235.4325931398 121660.7421360213
121736.6458922545 121660.7421360213
120734.2192940251 121589.3160354383
121879.8496920015 121589.3160354383
124314.3142877014 118660.8459115346
124027.9066882073 118446.5676097855

121951.4515918750 122517.8553430175
121307.0344930133 122232.1509406855
121951.4515918750 122232.1509406855
122237.8591913691 122017.8726389364
121235.4325931398 121946.4465383534
121951.4515918750 121875.0204377704
122524.2667908633 121875.0204377704
122166.2572914956 121732.1682366043
122237.8591913691 121732.1682366043
121163.8306932663 121660.7421360213
121736.6458922545 121660.7421360213
120734.2192940251 121589.3160354383
121879.8496920015 121589.3160354383
121808.2477921280 121303.6116331062
121235.4325931398 121660.7421360213

121951.4515918750 122517.8553430175
121307.0344930133 122232.1509406855
121951.4515918750 122232.1509406855
122237.8591913691 122017.8726389364
121235.4325931398 121946.4465383534
121951.4515918750 121875.0204377704
122524.2667908633 121875.0204377704
122166.2572914956 121732.1682366043
122237.8591913691 121732.1682366043
121163.8306932663 121660.7421360213
121736.6458922545 121660.7421360213
120734.2192940251 121589.3160354383
121879.8496920015 121589.3160354383
121808.2477921280 121303.6116331062
123884.7028884603 118517.9937103686

121879.8496920015 121589.3160354383
120734.2192940251 121589.3160354383
121736.6458922545 121660.7421360213
121235.4325931398 121660.7421360213
121163.8306932663 121660.7421360213
122237.8591913691 121732.1682366043
122166.2572914956 121732.1682366043
122094.6553916221 121803.5943371874
121521.8401926339 121803.5943371874
122524.2667908633 121875.0204377704
121951.4515918750 121875.0204377704
121235.4325931398 121946.4465383534
121521.8401926339 122089.2987395194
121951.4515918750 122232.1509406855
121951.4515918750 122517.8553430175

121951.4515918750 122517.8553430175
121521.8401926339 122446.4292424345
121951.4515918750 122232.1509406855
121521.8401926339 122089.2987395194
121235.4325931398 121946.4465383534
121951.4515918750 121875.0204377704
122524.2667908633 121875.0204377704
121450.2382927604 121803.5943371874
121521.8401926339 121803.5943371874
122094.6553916221 121803.5943371874
122166.2572914956 121732.1682366043
122237.8591913691 121732.1682366043
121163.8306932663 121660.7421360213
121736.6458922545 121660.7421360213
121879.8496920015 121589.3160354383

123669.8971888397 118160.8632074535
124027.9066882073 118446.5676097855
124314.3142877014 118660.8459115346
120734.2192940251 121303.6116331062
121665.0439923809 121375.0377336893
120734.2192940251 121589.3160354383
121736.6458922545 121660.7421360213
121163.8306932663 121660.7421360213
122166.2572914956 121732.1682366043
122524.2667908633 121875.0204377704
121235.4325931398 121946.4465383534
121521.8401926339 122089.2987395194
121951.4515918750 122517.8553430175
121450.2382927604 122517.8553430175
122381.0629911162 122732.1336447666

122381.0629911162 122732.1336447666
121951.4515918750 122517.8553430175
121951.4515918750 122232.1509406855
121521.8401926339 122089.2987395194
121235.4325931398 121946.4465383534
122524.2667908633 121875.0204377704
122166.2572914956 121732.1682366043
121163.8306932663 121660.7421360213
121736.6458922545 121660.7421360213
120734.2192940251 121589.3160354383
121665.0439923809 121375.0377336893
120734.2192940251 121303.6116331062
123669.8971888397 118160.8632074535
124027.9066882073 118446.5676097855
124314.3142877014 118660.8459115346

121235.4325931398 115660.9496870479
123311.8876894720 118018.0110062874
123598.2952889662 118160.8632074535
123884.7028884603 118303.7154086195
124314.3142877014 118375.1415092025
124457.5180874485 118589.4198109516
124385.9161875749 118946.5503138667
120734.2192940251 121303.6116331062
120734.2192940251 121589.3160354383
121521.8401926339 121446.4638342723
121235.4325931398 121946.4465383534
122237.8591913691 122017.8726389364
121521.8401926339 122089.2987395194
121951.4515918750 122517.8553430175
122381.0629911162 122732.1336447666

121951.4515918750 122517.8553430175
121307.0344930133 122232.1509406855
121951.4515918750 122232.1509406855
122237.8591913691 122017.8726389364
121235.4325931398 121946.4465383534
121951.4515918750 121875.0204377704
122524.2667908633 121875.0204377704
122166.2572914956 121732.1682366043
122237.8591913691 121732.1682366043
121163.8306932663 121660.7421360213
121736.6458922545 121660.7421360213
120734.2192940251 121589.3160354383
121879.8496920015 121589.3160354383
121808.2477921280 121303.6116331062
124027.9066882073 118446.5676097855

124314.3142877014 118375.1415092025
123813.1009885867 118375.1415092025
124314.3142877014 118660.8459115346
120734.2192940251 121303.6116331062
121665.0439923809 121375.0377336893
120734.2192940251 121589.3160354383
121736.6458922545 121660.7421360213
121163.8306932663 121660.7421360213
122166.2572914956 121732.1682366043
122524.2667908633 121875.0204377704
121235.4325931398 121946.4465383534
121521.8401926339 122089.2987395194
121951.4515918750 122517.8553430175
121450.2382927604 122517.8553430175
122381.0629911162 122732.1336447666

121665.0439923809 122303.5770412685
121521.8401926339 122089.2987395194
121665.0439923809 122017.8726389364
121808.2477921280 121946.4465383534
122023.0534917486 121946.4465383534
122381.0629911162 121946.4465383534
122452.6648909897 121946.4465383534
121378.6363928868 121875.0204377704
121951.4515918750 121875.0204377704
121665.0439923809 121732.1682366043
122023.0534917486 121732.1682366043
122237.8591913691 121732.1682366043
121235.4325931398 121660.7421360213
121736.6458922545 121660.7421360213
121879.8496920015 121589.3160354383

121951.4515918750 122517.8553430175
121951.4515918750 122232.1509406855
121521.8401926339 122089.2987395194
121235.4325931398 121946.4465383534
121951.4515918750 121875.0204377704
122524.2667908633 121875.0204377704
122166.2572914956 121732.1682366043
122237.8591913691 121732.1682366043
121163.8306932663 121660.7421360213
121736.6458922545 121660.7421360213
120734.2192940251 121589.3160354383
124314.3142877014 118375.1415092025
123813.1009885867 118375.1415092025
124314.3142877014 118660.8459115346
120734.2192940251 121303.6116331062

112070.3894093284 113732.4449713064
111927.1856095813 114232.4276753875
112714.8065081901 114446.7059771366
112070.3894093284 114518.1320777196
137703.8695640509 117160.8977992912
136629.8410659480 117232.3238998742
138276.6847630391 117660.8805033724
125245.1389860573 126017.7342715854
126462.3712839072 127731.9606855778
125531.5465855514 126517.7169756665
125531.5465855514 126803.4213779986
125746.3522851719 127089.1257803307
125961.1579847925 127303.4040820797
126319.1674841602 127517.6823838288
126820.3807832749 127874.8128867438

121951.4515918750 122517.8553430175
121307.0344930133 122232.1509406855
121951.4515918750 122232.1509406855
121235.4325931398 121946.4465383534
122524.2667908633 121875.0204377704
122166.2572914956 121732.1682366043
122237.8591913691 121732.1682366043
121163.8306932663 121660.7421360213
121736.6458922545 121660.7421360213
120734.2192940251 121589.3160354383
121879.8496920015 121589.3160354383
124027.9066882073 118446.5676097855
121808.2477921280 121589.3160354383
121951.4515918750 121875.0204377704
122237.8591913691 122017.8726389364

121951.4515918750 122517.8553430175
121951.4515918750 122232.1509406855
121521.8401926339 122089.2987395194
121235.4325931398 121946.4465383534
121951.4515918750 121875.0204377704
122524.2667908633 121875.0204377704
121521.8401926339 121803.5943371874
122094.6553916221 121803.5943371874
122166.2572914956 121732.1682366043
122237.8591913691 121732.1682366043
121163.8306932663 121660.7421360213
121736.6458922545 121660.7421360213
120734.2192940251 121589.3160354383
121879.8496920015 121589.3160354383
121808.2477921280 121303.6116331062

124027.9066882073 118446.5676097855
124314.3142877014 118660.8459115346
121808.2477921280 121303.6116331062
121879.8496920015 121589.3160354383
120734.2192940251 121589.3160354383
121736.6458922545 121660.7421360213
121163.8306932663 121660.7421360213
123168.6838897250 121732.1682366043
122237.8591913691 121732.1682366043
122524.2667908633 121875.0204377704
121951.4515918750 121875.0204377704
121235.4325931398 121946.4465383534
121521.8401926339 122089.2987395194
121951.4515918750 122232.1509406855
121951.4515918750 122517.8553430175

121307.0344930133 122232.1509406855
121951.4515918750 122232.1509406855
121521.8401926339 121375.0377336893
121736.6458922545 121660.7421360213
121163.8306932663 121660.7421360213
122237.8591913691 121732.1682366043
122166.2572914956 121732.1682366043
122094.6553916221 121803.5943371874
121521.8401926339 121803.5943371874
121450.2382927604 121803.5943371874
122023.0534917486 121875.0204377704
121951.4515918750 121875.0204377704
122452.6648909897 121946.4465383534
122381.0629911162 121946.4465383534
121235.4325931398 121946.4465383534

122023.0534917486 122303.5770412685
121521.8401926339 122089.2987395194
121235.4325931398 121946.4465383534
122381.0629911162 121946.4465383534
122452.6648909897 121946.4465383534
121951.4515918750 121875.0204377704
122023.0534917486 121875.0204377704
121450.2382927604 121803.5943371874
121521.8401926339 121803.5943371874
122094.6553916221 121803.5943371874
122166.2572914956 121732.1682366043
122237.8591913691 121732.1682366043
121163.8306932663 121660.7421360213
121736.6458922545 121660.7421360213
121879.8496920015 121589.3160354383

121951.4515918750 122517.8553430175
121951.4515918750 122232.1509406855
121521.8401926339 122089.2987395194
121235.4325931398 121946.4465383534
121951.4515918750 121875.0204377704
122524.2667908633 121875.0204377704
122166.2572914956 121732.1682366043
121163.8306932663 121660.7421360213
121235.4325931398 121660.7421360213
121736.6458922545 121660.7421360213
120734.2192940251 121589.3160354383
121879.8496920015 121589.3160354383
120734.2192940251 121303.6116331062
124314.3142877014 118517.9937103686
123813.1009885867 118375.1415092025

122381.0629911162 122732.1336447666
121951.4515918750 122517.8553430175
121521.8401926339 122089.2987395194
122237.8591913691 122017.8726389364
121235.4325931398 121946.4465383534
121593.4420925074 115803.8018882139
121235.4325931398 121660.7421360213
120734.2192940251 121589.3160354383
120734.2192940251 121303.6116331062
124457.5180874485 118589.4198109516
124314.3142877014 118375.1415092025
123884.7028884603 118303.7154086195
123598.2952889662 118160.8632074535
123168.6838897250 118089.4371068704
122237.8591913691 121732.1682366043

122381.0629911162 122732.1336447666
121951.4515918750 122517.8553430175
121521.8401926339 122089.2987395194
122237.8591913691 122017.8726389364
121235.4325931398 121946.4465383534
121235.4325931398 121660.7421360213
120734.2192940251 121589.3160354383
120734.2192940251 121303.6116331062
124457.5180874485 118589.4198109516
124314.3142877014 118375.1415092025
123884.7028884603 118303.7154086195
123598.2952889662 118160.8632074535
121736.6458922545 121660.7421360213
122237.8591913691 121732.1682366043
122094.6553916221 121803.5943371874

121951.4515918750 122517.8553430175
121307.0344930133 122232.1509406855
121951.4515918750 122232.1509406855
121521.8401926339 122089.2987395194
121235.4325931398 121946.4465383534
122524.2667908633 121875.0204377704
122166.2572914956 121732.1682366043
122237.8591913691 121732.1682366043
121163.8306932663 121660.7421360213
121736.6458922545 121660.7421360213
120734.2192940251 121589.3160354383
121879.8496920015 121589.3160354383
121808.2477921280 121303.6116331062
124314.3142877014 118375.1415092025
123741.4990887132 118375.1415092025

121951.4515918750 122517.8553430175
121951.4515918750 122232.1509406855
121521.8401926339 122089.2987395194
122237.8591913691 122017.8726389364
121235.4325931398 121946.4465383534
121951.4515918750 121875.0204377704
122524.2667908633 121875.0204377704
122166.2572914956 121732.1682366043
122237.8591913691 121732.1682366043
121163.8306932663 121660.7421360213
121736.6458922545 121660.7421360213
120734.2192940251 121589.3160354383
121808.2477921280 121589.3160354383
121879.8496920015 121589.3160354383
121808.2477921280 121303.6116331062

122381.0629911162 122732.1336447666
121450.2382927604 122517.8553430175
121951.4515918750 122517.8553430175
121521.8401926339 122089.2987395194
121235.4325931398 121946.4465383534
122524.2667908633 121875.0204377704
122166.2572914956 121732.1682366043
121736.6458922545 121660.7421360213
120734.2192940251 121589.3160354383
124314.3142877014 118375.1415092025
123741.4990887132 118375.1415092025
124314.3142877014 118660.8459115346
121163.8306932663 121017.9072307742
121808.2477921280 121303.6116331062
121163.8306932663 121660.7421360213

126032.7598846661 127160.5518809137
125531.5465855514 126803.4213779986
122381.0629911162 122732.1336447666
121951.4515918750 122517.8553430175
121951.4515918750 122232.1509406855
121665.0439923809 122017.8726389364
121163.8306932663 121660.7421360213
121736.6458922545 121660.7421360213
120734.2192940251 121589.3160354383
121163.8306932663 121017.9072307742
123168.6838897250 118089.4371068704
123598.2952889662 118160.8632074535
123884.7028884603 118303.7154086195
124314.3142877014 118375.1415092025
124457.5180874485 118589.4198109516

121951.4515918750 122517.8553430175
121307.0344930133 122232.1509406855
121951.4515918750 122232.1509406855
121808.2477921280 121303.6116331062
121879.8496920015 121589.3160354383
121808.2477921280 121589.3160354383
120734.2192940251 121589.3160354383
121736.6458922545 121660.7421360213
121163.8306932663 121660.7421360213
122237.8591913691 121732.1682366043
122166.2572914956 121732.1682366043
122524.2667908633 121875.0204377704
121951.4515918750 121875.0204377704
121235.4325931398 121946.4465383534
122237.8591913691 122017.8726389364

111927.1856095813 114232.4276753875
123168.6838897250 118089.4371068704
123598.2952889662 118160.8632074535
123884.7028884603 118303.7154086195
124314.3142877014 118375.1415092025
120734.2192940251 121589.3160354383
121736.6458922545 121660.7421360213
121163.8306932663 121660.7421360213
121665.0439923809 122017.8726389364
121951.4515918750 122232.1509406855
121951.4515918750 122517.8553430175
122381.0629911162 122732.1336447666
125531.5465855514 126517.7169756665
125531.5465855514 126803.4213779986
126032.7598846661 127160.5518809137

126032.7598846661 127160.5518809137
125531.5465855514 126803.4213779986
125531.5465855514 126517.7169756665
122381.0629911162 122732.1336447666
121951.4515918750 122517.8553430175
121951.4515918750 122232.1509406855
121665.0439923809 122017.8726389364
121163.8306932663 121660.7421360213
121736.6458922545 121660.7421360213
120734.2192940251 121589.3160354383
123598.2952889662 118160.8632074535
124314.3142877014 118375.1415092025
123741.4990887132 118375.1415092025
124314.3142877014 118660.8459115346
121092.2287933927 121089.3333313572

121521.8401926339 122089.2987395194
121808.2477921280 122089.2987395194
121665.0439923809 122017.8726389364
121808.2477921280 121946.4465383534
122023.0534917486 121946.4465383534
122381.0629911162 121946.4465383534
122452.6648909897 121946.4465383534
121378.6363928868 121875.0204377704
121951.4515918750 121875.0204377704
122094.6553916221 121803.5943371874
121665.0439923809 121732.1682366043
122237.8591913691 121732.1682366043
121593.4420925074 121660.7421360213
122094.6553916221 121875.0204377704
121879.8496920015 121589.3160354383

125961.1579847925 127303.4040820797
125746.3522851719 127089.1257803307
125531.5465855514 126803.4213779986
125531.5465855514 126517.7169756665
125388.3427858043 126232.0125733344
121951.4515918750 122517.8553430175
121951.4515918750 122232.1509406855
122237.8591913691 121732.1682366043
121163.8306932663 121660.7421360213
120734.2192940251 121589.3160354383
121879.8496920015 121589.3160354383
120734.2192940251 121303.6116331062
124314.3142877014 118660.8459115346
124099.5085880808 118375.1415092025
123813.1009885867 118160.8632074535

121521.8401926339 122089.2987395194
121450.2382927604 121946.4465383534
121665.0439923809 122017.8726389364
121736.6458922545 121946.4465383534
121808.2477921280 121946.4465383534
122023.0534917486 121946.4465383534
122381.0629911162 121946.4465383534
121951.4515918750 121875.0204377704
122094.6553916221 121875.0204377704
122524.2667908633 121875.0204377704
121808.2477921280 121803.5943371874
121879.8496920015 121803.5943371874
122094.6553916221 121803.5943371874
122237.8591913691 121732.1682366043
121736.6458922545 121660.7421360213

122381.0629911162 122732.1336447666
121951.4515918750 122517.8553430175
122237.8591913691 122017.8726389364
121235.4325931398 115660.9496870479
123311.8876894720 118018.0110062874
123598.2952889662 118160.8632074535
123884.7028884603 118303.7154086195
124314.3142877014 118375.1415092025
124457.5180874485 118589.4198109516
124385.9161875749 118946.5503138667
120734.2192940251 121303.6116331062
120734.2192940251 121589.3160354383
121235.4325931398 121660.7421360213
121235.4325931398 121946.4465383534
121521.8401926339 122089.2987395194

121951.4515918750 122517.8553430175
121307.0344930133 122232.1509406855
121951.4515918750 122232.1509406855
121521.8401926339 122089.2987395194
121235.4325931398 121946.4465383534
122524.2667908633 121875.0204377704
122166.2572914956 121732.1682366043
122237.8591913691 121732.1682366043
121163.8306932663 121660.7421360213
121736.6458922545 121660.7421360213
120734.2192940251 121589.3160354383
121879.8496920015 121589.3160354383
121808.2477921280 121303.6116331062
124314.3142877014 118375.1415092025
124314.3142877014 118660.8459115346

121235.4325931398 115660.9496870479
123741.4990887132 117446.6022016233
123168.6838897250 118089.4371068704
123598.2952889662 118160.8632074535
123884.7028884603 118303.7154086195
124314.3142877014 118375.1415092025
124457.5180874485 118589.4198109516
120734.2192940251 121303.6116331062
120734.2192940251 121589.3160354383
121235.4325931398 121660.7421360213
121235.4325931398 121946.4465383534
122237.8591913691 122017.8726389364
121521.8401926339 122089.2987395194
121951.4515918750 122517.8553430175
122381.0629911162 122732.1336447666

121521.8401926339 121375.0377336893
121736.6458922545 121660.7421360213
122237.8591913691 121732.1682366043
122166.2572914956 121732.1682366043
122094.6553916221 121803.5943371874
121521.8401926339 121803.5943371874
121450.2382927604 121803.5943371874
122524.2667908633 121875.0204377704
122023.0534917486 121875.0204377704
121951.4515918750 121875.0204377704
122452.6648909897 121946.4465383534
121235.4325931398 121946.4465383534
121521.8401926339 122089.2987395194
121951.4515918750 122232.1509406855
121951.4515918750 122517.8553430175

122381.0629911162 122732.1336447666
121951.4515918750 122517.8553430175
121521.8401926339 122089.2987395194
122237.8591913691 122017.8726389364
121235.4325931398 121946.4465383534
121235.4325931398 121660.7421360213
120734.2192940251 121589.3160354383
120734.2192940251 121303.6116331062
124457.5180874485 118589.4198109516
124314.3142877014 118375.1415092025
123884.7028884603 118303.7154086195
123598.2952889662 118160.8632074535
123168.6838897250 118089.4371068704
123741.4990887132 117446.6022016233
111927.1856095813 114232.4276753875

126032.7598846661 127160.5518809137
125531.5465855514 126803.4213779986
125531.5465855514 126517.7169756665
122381.0629911162 122732.1336447666
121951.4515918750 122517.8553430175
121951.4515918750 122232.1509406855
121665.0439923809 122017.8726389364
121163.8306932663 121660.7421360213
121736.6458922545 121660.7421360213
120734.2192940251 121589.3160354383
123598.2952889662 118160.8632074535
123884.7028884603 118303.7154086195
124314.3142877014 118375.1415092025
124457.5180874485 118589.4198109516
121092.2287933927 121089.3333313572

124314.3142877014 118375.1415092025
123813.1009885867 118375.1415092025
124314.3142877014 118660.8459115346
120734.2192940251 121303.6116331062
121879.8496920015 121589.3160354383
120734.2192940251 121589.3160354383
121736.6458922545 121660.7421360213
121163.8306932663 121660.7421360213
122166.2572914956 121732.1682366043
122524.2667908633 121875.0204377704
121951.4515918750 121875.0204377704
121235.4325931398 121946.4465383534
122237.8591913691 122017.8726389364
121951.4515918750 122517.8553430175
122381.0629911162 122732.1336447666

122381.0629911162 122732.1336447666
121450.2382927604 122517.8553430175
121951.4515918750 122517.8553430175
121521.8401926339 122089.2987395194
121235.4325931398 121946.4465383534
122524.2667908633 121875.0204377704
122166.2572914956 121732.1682366043
121163.8306932663 121660.7421360213
121736.6458922545 121660.7421360213
120734.2192940251 121589.3160354383
121665.0439923809 121375.0377336893
121092.2287933927 121089.3333313572
124314.3142877014 118660.8459115346
124314.3142877014 118375.1415092025
123813.1009885867 118375.1415092025

122381.0629911162 122732.1336447666
121951.4515918750 122517.8553430175
122237.8591913691 122017.8726389364
121235.4325931398 115660.9496870479
123168.6838897250 118089.4371068704
123598.2952889662 118160.8632074535
123884.7028884603 118303.7154086195
124314.3142877014 118375.1415092025
124457.5180874485 118589.4198109516
124385.9161875749 118946.5503138667
135197.8030684775 116946.6194975422
120734.2192940251 121589.3160354383
121235.4325931398 121660.7421360213
121235.4325931398 121946.4465383534
121521.8401926339 122089.2987395194

121521.8401926339 122089.2987395194
121665.0439923809 122017.8726389364
121736.6458922545 121946.4465383534
121808.2477921280 121946.4465383534
122023.0534917486 121946.4465383534
122381.0629911162 121946.4465383534
122452.6648909897 121946.4465383534
121235.4325931398 121875.0204377704
121951.4515918750 121875.0204377704
122524.2667908633 121875.0204377704
121808.2477921280 121803.5943371874
122094.6553916221 121803.5943371874
121736.6458922545 121660.7421360213
122237.8591913691 121732.1682366043
121879.8496920015 121803.5943371874

122381.0629911162 122732.1336447666
121951.4515918750 122517.8553430175
121951.4515918750 122232.1509406855
121521.8401926339 122089.2987395194
121235.4325931398 121946.4465383534
122237.8591913691 121732.1682366043
121235.4325931398 121660.7421360213
120734.2192940251 121589.3160354383
121879.8496920015 121589.3160354383
120734.2192940251 121303.6116331062
123741.4990887132 118089.4371068704
124314.3142877014 118375.1415092025
123741.4990887132 118375.1415092025
124314.3142877014 118660.8459115346
122882.2762902309 121660.7421360213

125531.5465855514 126803.4213779986
122452.6648909897 122874.9858459326
121951.4515918750 122517.8553430175
121951.4515918750 122232.1509406855
121665.0439923809 122017.8726389364
121163.8306932663 121660.7421360213
120734.2192940251 121589.3160354383
123598.2952889662 117518.0283022063
120734.2192940251 121303.6116331062
124314.3142877014 118660.8459115346
123741.4990887132 118375.1415092025
124314.3142877014 118375.1415092025
123598.2952889662 118160.8632074535
123168.6838897250 118089.4371068704
122023.0534917486 121517.8899348553

125531.5465855514 126803.4213779986
122452.6648909897 122874.9858459326
121951.4515918750 122517.8553430175
121951.4515918750 122232.1509406855
121665.0439923809 122017.8726389364
121163.8306932663 121660.7421360213
120734.2192940251 121589.3160354383
121879.8496920015 121589.3160354383
120734.2192940251 121303.6116331062
124314.3142877014 118660.8459115346
123741.4990887132 118375.1415092025
124314.3142877014 118375.1415092025
123598.2952889662 118160.8632074535
123168.6838897250 118089.4371068704
123741.4990887132 117446.6022016233

126390.7693840337 127517.6823838288
125531.5465855514 126803.4213779986
122452.6648909897 122874.9858459326
121951.4515918750 122517.8553430175
121951.4515918750 122232.1509406855
121665.0439923809 122017.8726389364
121163.8306932663 121660.7421360213
121879.8496920015 121589.3160354383
120734.2192940251 121303.6116331062
123168.6838897250 118089.4371068704
123598.2952889662 118160.8632074535
124314.3142877014 118375.1415092025
123741.4990887132 118375.1415092025
124314.3142877014 118660.8459115346
120734.2192940251 121589.3160354383

121951.4515918750 122517.8553430175
121951.4515918750 122232.1509406855
121808.2477921280 121303.6116331062
121736.6458922545 121660.7421360213
122237.8591913691 121732.1682366043
122094.6553916221 121803.5943371874
121521.8401926339 121803.5943371874
121450.2382927604 121803.5943371874
122524.2667908633 121875.0204377704
122023.0534917486 121875.0204377704
121951.4515918750 121875.0204377704
120734.2192940251 121875.0204377704
122452.6648909897 121946.4465383534
121235.4325931398 121946.4465383534
121521.8401926339 122089.2987395194

121951.4515918750 122517.8553430175
121951.4515918750 122232.1509406855
121521.8401926339 122089.2987395194
121235.4325931398 121946.4465383534
121951.4515918750 121875.0204377704
122524.2667908633 121875.0204377704
122166.2572914956 121732.1682366043
121163.8306932663 121660.7421360213
121736.6458922545 121660.7421360213
120734.2192940251 121589.3160354383
121665.0439923809 121375.0377336893
121092.2287933927 121089.3333313572
124314.3142877014 118660.8459115346
123741.4990887132 118375.1415092025
124314.3142877014 118375.1415092025

121951.4515918750 122517.8553430175
121951.4515918750 122232.1509406855
121521.8401926339 122089.2987395194
121235.4325931398 121946.4465383534
121951.4515918750 121875.0204377704
122524.2667908633 121875.0204377704
121450.2382927604 121803.5943371874
121521.8401926339 121803.5943371874
122094.6553916221 121803.5943371874
121665.0439923809 121732.1682366043
122166.2572914956 121732.1682366043
122237.8591913691 121732.1682366043
121163.8306932663 121660.7421360213
121736.6458922545 121660.7421360213
121808.2477921280 121303.6116331062

126820.3807832749 127874.8128867438
126319.1674841602 127517.6823838288
125961.1579847925 127303.4040820797
125746.3522851719 127089.1257803307
125531.5465855514 126803.4213779986
125531.5465855514 126517.7169756665
125388.3427858043 126232.0125733344
125245.1389860573 126017.7342715854
134266.9783701216 118232.2893080365
112070.3894093284 113732.4449713064
111927.1856095813 114232.4276753875
112714.8065081901 114446.7059771366
112070.3894093284 114518.1320777196
137703.8695640509 117160.8977992912
138276.6847630391 117660.8805033724

122381.0629911162 122732.1336447666
121951.4515918750 122517.8553430175
121521.8401926339 122089.2987395194
122237.8591913691 122017.8726389364
121235.4325931398 121946.4465383534
121235.4325931398 121660.7421360213
120734.2192940251 121589.3160354383
120734.2192940251 121303.6116331062
121235.4325931398 115660.9496870479
123741.4990887132 117446.6022016233
123168.6838897250 118089.4371068704
123598.2952889662 118160.8632074535
124314.3142877014 118375.1415092025
123741.4990887132 118375.1415092025
124457.5180874485 118589.4198109516

121521.8401926339 122089.2987395194
121808.2477921280 122089.2987395194
121665.0439923809 122017.8726389364
121808.2477921280 121946.4465383534
122023.0534917486 121946.4465383534
122381.0629911162 121946.4465383534
122452.6648909897 121946.4465383534
121378.6363928868 121875.0204377704
121951.4515918750 121875.0204377704
122094.6553916221 121803.5943371874
121665.0439923809 121732.1682366043
122237.8591913691 121732.1682366043
121593.4420925074 121660.7421360213
121736.6458922545 121660.7421360213
122094.6553916221 121732.1682366043

121951.4515918750 122517.8553430175
121951.4515918750 122232.1509406855
121521.8401926339 122089.2987395194
121235.4325931398 121946.4465383534
121951.4515918750 121875.0204377704
122524.2667908633 121875.0204377704
122166.2572914956 121732.1682366043
121163.8306932663 121660.7421360213
121736.6458922545 121660.7421360213
120734.2192940251 121589.3160354383
121879.8496920015 121589.3160354383
120734.2192940251 121303.6116331062
124099.5085880808 118375.1415092025
124314.3142877014 118660.8459115346
121235.4325931398 121660.7421360213

121235.4325931398 115660.9496870479
123598.2952889662 118160.8632074535
124314.3142877014 118375.1415092025
123741.4990887132 118375.1415092025
124314.3142877014 118660.8459115346
120734.2192940251 121303.6116331062
120734.2192940251 121589.3160354383
121736.6458922545 121660.7421360213
121235.4325931398 121660.7421360213
122237.8591913691 121732.1682366043
122094.6553916221 121803.5943371874
121235.4325931398 121946.4465383534
121951.4515918750 122232.1509406855
121951.4515918750 122517.8553430175
122381.0629911162 122732.1336447666

120662.6173941516 115589.5235864648
123598.2952889662 118160.8632074535
124314.3142877014 118375.1415092025
123741.4990887132 118375.1415092025
124314.3142877014 118660.8459115346
120734.2192940251 121303.6116331062
120734.2192940251 121589.3160354383
121736.6458922545 121660.7421360213
121235.4325931398 121660.7421360213
122237.8591913691 121732.1682366043
122094.6553916221 121803.5943371874
121235.4325931398 121946.4465383534
121951.4515918750 122232.1509406855
121951.4515918750 122517.8553430175
122381.0629911162 122732.1336447666

121951.4515918750 122517.8553430175
121951.4515918750 122232.1509406855
121521.8401926339 122089.2987395194
121235.4325931398 121946.4465383534
121951.4515918750 121875.0204377704
122524.2667908633 121875.0204377704
122166.2572914956 121732.1682366043
121163.8306932663 121660.7421360213
121736.6458922545 121660.7421360213
120734.2192940251 121589.3160354383
121879.8496920015 121589.3160354383
120734.2192940251 121303.6116331062
124314.3142877014 118375.1415092025
123741.4990887132 118375.1415092025
124314.3142877014 118660.8459115346

121521.8401926339 122089.2987395194
121665.0439923809 122017.8726389364
121951.4515918750 122017.8726389364
121951.4515918750 121946.4465383534
121736.6458922545 121946.4465383534
121808.2477921280 121946.4465383534
122023.0534917486 121946.4465383534
122381.0629911162 121946.4465383534
121235.4325931398 121875.0204377704
121951.4515918750 121875.0204377704
122524.2667908633 121875.0204377704
121808.2477921280 121803.5943371874
121879.8496920015 121803.5943371874
122094.6553916221 121803.5943371874
122237.8591913691 121732.1682366043

121879.8496920015 121589.3160354383
121808.2477921280 121589.3160354383
120734.2192940251 121589.3160354383
121736.6458922545 121660.7421360213
121163.8306932663 121660.7421360213
122237.8591913691 121732.1682366043
122166.2572914956 121732.1682366043
122094.6553916221 121803.5943371874
122524.2667908633 121875.0204377704
121951.4515918750 121875.0204377704
121879.8496920015 121875.0204377704
121235.4325931398 121946.4465383534
121521.8401926339 122089.2987395194
121951.4515918750 122232.1509406855
121951.4515918750 122517.8553430175

121521.8401926339 122089.2987395194
121808.2477921280 122089.2987395194
121665.0439923809 122017.8726389364
122094.6553916221 121875.0204377704
121736.6458922545 121946.4465383534
121808.2477921280 121946.4465383534
122023.0534917486 121946.4465383534
122381.0629911162 121946.4465383534
121951.4515918750 121875.0204377704
122524.2667908633 121875.0204377704
121808.2477921280 121803.5943371874
121879.8496920015 121803.5943371874
122094.6553916221 121803.5943371874
122237.8591913691 121732.1682366043
121736.6458922545 121660.7421360213

125746.3522851719 127089.1257803307
125531.5465855514 126803.4213779986
125531.5465855514 126517.7169756665
125245.1389860573 126017.7342715854
122094.6553916221 122446.4292424345
122452.6648909897 121875.0204377704
122166.2572914956 121732.1682366043
121163.8306932663 121660.7421360213
120734.2192940251 121589.3160354383
121879.8496920015 121589.3160354383
120734.2192940251 121303.6116331062
124457.5180874485 118589.4198109516
124314.3142877014 118375.1415092025
123884.7028884603 118303.7154086195
123598.2952889662 118160.8632074535

123741.4990887132 118089.4371068704
123884.7028884603 118303.7154086195
124314.3142877014 118375.1415092025
124457.5180874485 118589.4198109516
120734.2192940251 121303.6116331062
121879.8496920015 121589.3160354383
120734.2192940251 121589.3160354383
121163.8306932663 121660.7421360213
122166.2572914956 121732.1682366043
122452.6648909897 121875.0204377704
122094.6553916221 122446.4292424345
125245.1389860573 126017.7342715854
125531.5465855514 126517.7169756665
125531.5465855514 126803.4213779986
125746.3522851719 127089.1257803307

122381.0629911162 122732.1336447666
121951.4515918750 122517.8553430175
121092.2287933927 122375.0031418515
121951.4515918750 122232.1509406855
124314.3142877014 118375.1415092025
123741.4990887132 118375.1415092025
121665.0439923809 121375.0377336893
121879.8496920015 121589.3160354383
120734.2192940251 121589.3160354383
121736.6458922545 121660.7421360213
121163.8306932663 121660.7421360213
122237.8591913691 121732.1682366043
122166.2572914956 121732.1682366043
122524.2667908633 121875.0204377704
121235.4325931398 121946.4465383534

122023.0534917486 122303.5770412685
121521.8401926339 122089.2987395194
121665.0439923809 122017.8726389364
121235.4325931398 121946.4465383534
122381.0629911162 121946.4465383534
122452.6648909897 121946.4465383534
121951.4515918750 121875.0204377704
122023.0534917486 121875.0204377704
121450.2382927604 121803.5943371874
121521.8401926339 121803.5943371874
122094.6553916221 121803.5943371874
122166.2572914956 121732.1682366043
122237.8591913691 121732.1682366043
121736.6458922545 121660.7421360213
121808.2477921280 121589.3160354383

121521.8401926339 122089.2987395194
121665.0439923809 122017.8726389364
121951.4515918750 121803.5943371874
121808.2477921280 121946.4465383534
122023.0534917486 121946.4465383534
122381.0629911162 121946.4465383534
122452.6648909897 121946.4465383534
121235.4325931398 121875.0204377704
121808.2477921280 121803.5943371874
121951.4515918750 121875.0204377704
122524.2667908633 121875.0204377704
122094.6553916221 121803.5943371874
121665.0439923809 121732.1682366043
122237.8591913691 121732.1682366043
121736.6458922545 121660.7421360213

122381.0629911162 122732.1336447666
124314.3142877014 118375.1415092025
123741.4990887132 118375.1415092025
124314.3142877014 118660.8459115346
120734.2192940251 121303.6116331062
121879.8496920015 121589.3160354383
120734.2192940251 121589.3160354383
121163.8306932663 121660.7421360213
122166.2572914956 121732.1682366043
122524.2667908633 121875.0204377704
121951.4515918750 121875.0204377704
121235.4325931398 121946.4465383534
121951.4515918750 122232.1509406855
121092.2287933927 122375.0031418515
121951.4515918750 122517.8553430175

121307.0344930133 122232.1509406855
121951.4515918750 122232.1509406855
121521.8401926339 122089.2987395194
121808.2477921280 121946.4465383534
122381.0629911162 121946.4465383534
122452.6648909897 121946.4465383534
121235.4325931398 121875.0204377704
121951.4515918750 121875.0204377704
121521.8401926339 121803.5943371874
122094.6553916221 121803.5943371874
122166.2572914956 121732.1682366043
122237.8591913691 121732.1682366043
121879.8496920015 121589.3160354383
121736.6458922545 121660.7421360213
122023.0534917486 121732.1682366043

122381.0629911162 122732.1336447666
121951.4515918750 122517.8553430175
121092.2287933927 122375.0031418515
121951.4515918750 122232.1509406855
121235.4325931398 121946.4465383534
121951.4515918750 121875.0204377704
122524.2667908633 121875.0204377704
122166.2572914956 121732.1682366043
121163.8306932663 121660.7421360213
120734.2192940251 121589.3160354383
121879.8496920015 121589.3160354383
120734.2192940251 121303.6116331062
124314.3142877014 118375.1415092025
123741.4990887132 118375.1415092025
121665.0439923809 121375.0377336893

121235.4325931398 115660.9496870479
123097.0819898515 117660.8805033724
123168.6838897250 118089.4371068704
123598.2952889662 118160.8632074535
123884.7028884603 118303.7154086195
124314.3142877014 118375.1415092025
124457.5180874485 118589.4198109516
120734.2192940251 121303.6116331062
120734.2192940251 121589.3160354383
121235.4325931398 121660.7421360213
121235.4325931398 121946.4465383534
121521.8401926339 122089.2987395194
121951.4515918750 122232.1509406855
121951.4515918750 122517.8553430175
122381.0629911162 122732.1336447666

122381.0629911162 122732.1336447666
121951.4515918750 122517.8553430175
121951.4515918750 122232.1509406855
121521.8401926339 122089.2987395194
121235.4325931398 121946.4465383534
121235.4325931398 121660.7421360213
120734.2192940251 121589.3160354383
120734.2192940251 121303.6116331062
124457.5180874485 118589.4198109516
124314.3142877014 118375.1415092025
123884.7028884603 118303.7154086195
123598.2952889662 118160.8632074535
123168.6838897250 118089.4371068704
120591.0154942780 115589.5235864648
121235.4325931398 115660.9496870479

122381.0629911162 122732.1336447666
121951.4515918750 122517.8553430175
121092.2287933927 122375.0031418515
121951.4515918750 122232.1509406855
121235.4325931398 115660.9496870479
123598.2952889662 118160.8632074535
124314.3142877014 118375.1415092025
123741.4990887132 118375.1415092025
124314.3142877014 118660.8459115346
120734.2192940251 121303.6116331062
120734.2192940251 121589.3160354383
121736.6458922545 121660.7421360213
121235.4325931398 121660.7421360213
122166.2572914956 121732.1682366043
121235.4325931398 121946.4465383534

121521.8401926339 122089.2987395194
121665.0439923809 122017.8726389364
121736.6458922545 121946.4465383534
121808.2477921280 121946.4465383534
122023.0534917486 121946.4465383534
122381.0629911162 121946.4465383534
122452.6648909897 121946.4465383534
121235.4325931398 121875.0204377704
121951.4515918750 121875.0204377704
122524.2667908633 121875.0204377704
121808.2477921280 121803.5943371874
122094.6553916221 121803.5943371874
121665.0439923809 121732.1682366043
122237.8591913691 121732.1682366043
121879.8496920015 121803.5943371874

121521.8401926339 122089.2987395194
121808.2477921280 122089.2987395194
121879.8496920015 121589.3160354383
121736.6458922545 121660.7421360213
121593.4420925074 121660.7421360213
122237.8591913691 121732.1682366043
121665.0439923809 121732.1682366043
122094.6553916221 121803.5943371874
121951.4515918750 121875.0204377704
121378.6363928868 121875.0204377704
122452.6648909897 121946.4465383534
122381.0629911162 121946.4465383534
122023.0534917486 121946.4465383534
121808.2477921280 121946.4465383534
121665.0439923809 122017.8726389364

122237.8591913691 122017.8726389364
121736.6458922545 121660.7421360213
122237.8591913691 121732.1682366043
121665.0439923809 121732.1682366043
122094.6553916221 121803.5943371874
121951.4515918750 121803.5943371874
121951.4515918750 121875.0204377704
121378.6363928868 121875.0204377704
122452.6648909897 121946.4465383534
122381.0629911162 121946.4465383534
122023.0534917486 121946.4465383534
121808.2477921280 121946.4465383534
121665.0439923809 122017.8726389364
121521.8401926339 122089.2987395194
122023.0534917486 122303.5770412685

122381.0629911162 122732.1336447666
121951.4515918750 122517.8553430175
121092.2287933927 122375.0031418515
121951.4515918750 122232.1509406855
121235.4325931398 121946.4465383534
122166.2572914956 121732.1682366043
121163.8306932663 121660.7421360213
120734.2192940251 121589.3160354383
121879.8496920015 121589.3160354383
120734.2192940251 121303.6116331062
121235.4325931398 115660.9496870479
123598.2952889662 118160.8632074535
124314.3142877014 118375.1415092025
123741.4990887132 118375.1415092025
124457.5180874485 118589.4198109516

125459.9446856779 126731.9952774156
122381.0629911162 122732.1336447666
121736.6458922545 121946.4465383534
122381.0629911162 121946.4465383534
121235.4325931398 121875.0204377704
120662.6173941516 121517.8899348553
121163.8306932663 121517.8899348553
111927.1856095813 114232.4276753875
111998.7875094549 114732.4103794686
123168.6838897250 118089.4371068704
123598.2952889662 118160.8632074535
124314.3142877014 118375.1415092025
124457.5180874485 118589.4198109516
124385.9161875749 118946.5503138667
122023.0534917486 122589.2814436006

126820.3807832749 127874.8128867438
126319.1674841602 127517.6823838288
125961.1579847925 127303.4040820797
125746.3522851719 127089.1257803307
125531.5465855514 126803.4213779986
125531.5465855514 126517.7169756665
125388.3427858043 126232.0125733344
125245.1389860573 126017.7342715854
122237.8591913691 121732.1682366043
121879.8496920015 121589.3160354383
121521.8401926339 121375.0377336893
112070.3894093284 113732.4449713064
111927.1856095813 114232.4276753875
112714.8065081901 114446.7059771366
112070.3894093284 114518.1320777196

121521.8401926339 122089.2987395194
121665.0439923809 122017.8726389364
122094.6553916221 122017.8726389364
121736.6458922545 121946.4465383534
121808.2477921280 121946.4465383534
121879.8496920015 121589.3160354383
121736.6458922545 121660.7421360213
121593.4420925074 121660.7421360213
122237.8591913691 121732.1682366043
121665.0439923809 121732.1682366043
122094.6553916221 121803.5943371874
121951.4515918750 121875.0204377704
121378.6363928868 121875.0204377704
122452.6648909897 121946.4465383534
122381.0629911162 121946.4465383534

121521.8401926339 122089.2987395194
121665.0439923809 122017.8726389364
122094.6553916221 122017.8726389364
121736.6458922545 121946.4465383534
121808.2477921280 121946.4465383534
122023.0534917486 121946.4465383534
122381.0629911162 121946.4465383534
121235.4325931398 121875.0204377704
121951.4515918750 121875.0204377704
122524.2667908633 121875.0204377704
121808.2477921280 121803.5943371874
121879.8496920015 121803.5943371874
122094.6553916221 121803.5943371874
121879.8496920015 121946.4465383534
121736.6458922545 121660.7421360213

112070.3894093284 113732.4449713064
111927.1856095813 114232.4276753875
112714.8065081901 114446.7059771366
112070.3894093284 114518.1320777196
134911.3954689833 118446.5676097855
138276.6847630391 117660.8805033724
134768.1916692363 118232.2893080365
125245.1389860573 126017.7342715854
125388.3427858043 126232.0125733344
125531.5465855514 126517.7169756665
125531.5465855514 126803.4213779986
125746.3522851719 127089.1257803307
125961.1579847925 127303.4040820797
126319.1674841602 127517.6823838288
126820.3807832749 127874.8128867438

122381.0629911162 122732.1336447666
121951.4515918750 122517.8553430175
121951.4515918750 122232.1509406855
121235.4325931398 121875.0204377704
122094.6553916221 121803.5943371874
121163.8306932663 121517.8899348553
122023.0534917486 121517.8899348553
121163.8306932663 121232.1855325232
124385.9161875749 118946.5503138667
124457.5180874485 118589.4198109516
124314.3142877014 118375.1415092025
123884.7028884603 118303.7154086195
123598.2952889662 118160.8632074535
123168.6838897250 118089.4371068704
121235.4325931398 115660.9496870479

121521.8401926339 122089.2987395194
121092.2287933927 122017.8726389364
121235.4325931398 121946.4465383534
121736.6458922545 121946.4465383534
122381.0629911162 121946.4465383534
122452.6648909897 121946.4465383534
121879.8496920015 121875.0204377704
121951.4515918750 121875.0204377704
122094.6553916221 121803.5943371874
122166.2572914956 121732.1682366043
122237.8591913691 121732.1682366043
121163.8306932663 121660.7421360213
121736.6458922545 121660.7421360213
121879.8496920015 121589.3160354383
121593.4420925074 121660.7421360213

125459.9446856779 126731.9952774156
122381.0629911162 122732.1336447666
122023.0534917486 122589.2814436006
121736.6458922545 121946.4465383534
122381.0629911162 121946.4465383534
121235.4325931398 121875.0204377704
120662.6173941516 121517.8899348553
121163.8306932663 121517.8899348553
124385.9161875749 118946.5503138667
124457.5180874485 118589.4198109516
124314.3142877014 118375.1415092025
123884.7028884603 118303.7154086195
123598.2952889662 118160.8632074535
123168.6838897250 118089.4371068704
122309.4610912427 117303.7500004573

121521.8401926339 122089.2987395194
121665.0439923809 122017.8726389364
122094.6553916221 122017.8726389364
121736.6458922545 121946.4465383534
121808.2477921280 121946.4465383534
122023.0534917486 121946.4465383534
122381.0629911162 121946.4465383534
121235.4325931398 121875.0204377704
121951.4515918750 121875.0204377704
122524.2667908633 121875.0204377704
121808.2477921280 121803.5943371874
121879.8496920015 121803.5943371874
122094.6553916221 121803.5943371874
122237.8591913691 121732.1682366043
121736.6458922545 121660.7421360213

122023.0534917486 122303.5770412685
121521.8401926339 122089.2987395194
121665.0439923809 122017.8726389364
121808.2477921280 121946.4465383534
122023.0534917486 121946.4465383534
122381.0629911162 121946.4465383534
122452.6648909897 121946.4465383534
121378.6363928868 121875.0204377704
121951.4515918750 121875.0204377704
122094.6553916221 121803.5943371874
121665.0439923809 121732.1682366043
122237.8591913691 121732.1682366043
121951.4515918750 121803.5943371874
121736.6458922545 121660.7421360213
121879.8496920015 121589.3160354383

121521.8401926339 122089.2987395194
121665.0439923809 122017.8726389364
121951.4515918750 122017.8726389364
121736.6458922545 121946.4465383534
121808.2477921280 121946.4465383534
122023.0534917486 121946.4465383534
122381.0629911162 121946.4465383534
121235.4325931398 121875.0204377704
121951.4515918750 121875.0204377704
122524.2667908633 121875.0204377704
122166.2572914956 122017.8726389364
121879.8496920015 121803.5943371874
122094.6553916221 121803.5943371874
122237.8591913691 121732.1682366043
121736.6458922545 121660.7421360213

121307.0344930133 122232.1509406855
121951.4515918750 122232.1509406855
121521.8401926339 122089.2987395194
121808.2477921280 121946.4465383534
122381.0629911162 121946.4465383534
122452.6648909897 121946.4465383534
121235.4325931398 121875.0204377704
121951.4515918750 121875.0204377704
121450.2382927604 121803.5943371874
121521.8401926339 121803.5943371874
122094.6553916221 121803.5943371874
122166.2572914956 121732.1682366043
122237.8591913691 121732.1682366043
121736.6458922545 121660.7421360213
121879.8496920015 121803.5943371874

125531.5465855514 126660.5691768325
122381.0629911162 122732.1336447666
122023.0534917486 122589.2814436006
121736.6458922545 121946.4465383534
122381.0629911162 121946.4465383534
121235.4325931398 121875.0204377704
120662.6173941516 121517.8899348553
121163.8306932663 121517.8899348553
124385.9161875749 118946.5503138667
112070.3894093284 113732.4449713064
123240.2857895985 117875.1588051214
123598.2952889662 118160.8632074535
124314.3142877014 118375.1415092025
123741.4990887132 118375.1415092025
124457.5180874485 118589.4198109516

112070.3894093284 113732.4449713064
111927.1856095813 114232.4276753875
112714.8065081901 114446.7059771366
112070.3894093284 114518.1320777196
137703.8695640509 117160.8977992912
138276.6847630391 117660.8805033724
135341.0068682245 116946.6194975422
125245.1389860573 126017.7342715854
125388.3427858043 126232.0125733344
125531.5465855514 126517.7169756665
125531.5465855514 126803.4213779986
125746.3522851719 127089.1257803307
125961.1579847925 127303.4040820797
126319.1674841602 127517.6823838288
126820.3807832749 127874.8128867438

121521.8401926339 122089.2987395194
121808.2477921280 122089.2987395194
121665.0439923809 122017.8726389364
121951.4515918750 122017.8726389364
121736.6458922545 121946.4465383534
121808.2477921280 121946.4465383534
122023.0534917486 121946.4465383534
122381.0629911162 121946.4465383534
121951.4515918750 121875.0204377704
122524.2667908633 121875.0204377704
121808.2477921280 121803.5943371874
121879.8496920015 121803.5943371874
122094.6553916221 121803.5943371874
122237.8591913691 121732.1682366043
121736.6458922545 121660.7421360213

112070.3894093284 113732.4449713064
111927.1856095813 114232.4276753875
112714.8065081901 114446.7059771366
112070.3894093284 114518.1320777196
134553.3859696157 116875.1933969591
138276.6847630391 117660.8805033724
121378.6363928868 122017.8726389364
125245.1389860573 126017.7342715854
125388.3427858043 126232.0125733344
125531.5465855514 126517.7169756665
125531.5465855514 126803.4213779986
125746.3522851719 127089.1257803307
125961.1579847925 127303.4040820797
126319.1674841602 127517.6823838288
126820.3807832749 127874.8128867438

125531.5465855514 126660.5691768325
122381.0629911162 122732.1336447666
122023.0534917486 122589.2814436006
121736.6458922545 121946.4465383534
122381.0629911162 121946.4465383534
121235.4325931398 121875.0204377704
120662.6173941516 121517.8899348553
121163.8306932663 121517.8899348553
124385.9161875749 118946.5503138667
124314.3142877014 118660.8459115346
124314.3142877014 118375.1415092025
123884.7028884603 118303.7154086195
123598.2952889662 118160.8632074535
123168.6838897250 118089.4371068704
111927.1856095813 114232.4276753875

121307.0344930133 122232.1509406855
121951.4515918750 122232.1509406855
121521.8401926339 122089.2987395194
121808.2477921280 121946.4465383534
122381.0629911162 121946.4465383534
122452.6648909897 121946.4465383534
121235.4325931398 121875.0204377704
121951.4515918750 121875.0204377704
121450.2382927604 121803.5943371874
121521.8401926339 121803.5943371874
122094.6553916221 121803.5943371874
122166.2572914956 121732.1682366043
122237.8591913691 121732.1682366043
121521.8401926339 121375.0377336893
121879.8496920015 121589.3160354383

125961.1579847925 127303.4040820797
125531.5465855514 126803.4213779986
125531.5465855514 126517.7169756665
122237.8591913691 123017.8380470987
122023.0534917486 122589.2814436006
122023.0534917486 122303.5770412685
122166.2572914956 121732.1682366043
121163.8306932663 121660.7421360213
121736.6458922545 121660.7421360213
120734.2192940251 121589.3160354383
124385.9161875749 118946.5503138667
123741.4990887132 118375.1415092025
124314.3142877014 118375.1415092025
123598.2952889662 118160.8632074535
123240.2857895985 117875.1588051214

125531.5465855514 126660.5691768325
122381.0629911162 122732.1336447666
122023.0534917486 122589.2814436006
121736.6458922545 121946.4465383534
122381.0629911162 121946.4465383534
121235.4325931398 121875.0204377704
120662.6173941516 121517.8899348553
121163.8306932663 121517.8899348553
124385.9161875749 118946.5503138667
124457.5180874485 118589.4198109516
124314.3142877014 118375.1415092025
123884.7028884603 118303.7154086195
123598.2952889662 118160.8632074535
123168.6838897250 118089.4371068704
111927.1856095813 114232.4276753875

121879.8496920015 121589.3160354383
121736.6458922545 121660.7421360213
121593.4420925074 121660.7421360213
122237.8591913691 121732.1682366043
121665.0439923809 121732.1682366043
122094.6553916221 121803.5943371874
121951.4515918750 121875.0204377704
121378.6363928868 121875.0204377704
122381.0629911162 121946.4465383534
122023.0534917486 121946.4465383534
121808.2477921280 121946.4465383534
121665.0439923809 122017.8726389364
121593.4420925074 122089.2987395194
121521.8401926339 122089.2987395194
122023.0534917486 122303.5770412685

121521.8401926339 122089.2987395194
121665.0439923809 122017.8726389364
121951.4515918750 122017.8726389364
121736.6458922545 121946.4465383534
121808.2477921280 121946.4465383534
122023.0534917486 121946.4465383534
122381.0629911162 121946.4465383534
121235.4325931398 121875.0204377704
121951.4515918750 121875.0204377704
122524.2667908633 121875.0204377704
121808.2477921280 121803.5943371874
121879.8496920015 121803.5943371874
122094.6553916221 121803.5943371874
122237.8591913691 121732.1682366043
122166.2572914956 122017.8726389364

121879.8496920015 121589.3160354383
121736.6458922545 121660.7421360213
121593.4420925074 121660.7421360213
122237.8591913691 121732.1682366043
121665.0439923809 121732.1682366043
122094.6553916221 121803.5943371874
121951.4515918750 121875.0204377704
121378.6363928868 121875.0204377704
122452.6648909897 121946.4465383534
122381.0629911162 121946.4465383534
122023.0534917486 121946.4465383534
121808.2477921280 121946.4465383534
121665.0439923809 122017.8726389364
121521.8401926339 122089.2987395194
122023.0534917486 122303.5770412685

121307.0344930133 122232.1509406855
121951.4515918750 122232.1509406855
121521.8401926339 122089.2987395194
121808.2477921280 121946.4465383534
122381.0629911162 121946.4465383534
122452.6648909897 121946.4465383534
121235.4325931398 121875.0204377704
121951.4515918750 121875.0204377704
121521.8401926339 121803.5943371874
122094.6553916221 121803.5943371874
122166.2572914956 121732.1682366043
122237.8591913691 121732.1682366043
121808.2477921280 121589.3160354383
122023.0534917486 121517.8899348553
121521.8401926339 121375.0377336893

121521.8401926339 122089.2987395194
121665.0439923809 122017.8726389364
121736.6458922545 121946.4465383534
121808.2477921280 121946.4465383534
122023.0534917486 121946.4465383534
122381.0629911162 121946.4465383534
121235.4325931398 121875.0204377704
121951.4515918750 121875.0204377704
122524.2667908633 121875.0204377704
121808.2477921280 121803.5943371874
121879.8496920015 121803.5943371874
122094.6553916221 121803.5943371874
121951.4515918750 122017.8726389364
122237.8591913691 121732.1682366043
121736.6458922545 121660.7421360213

112070.3894093284 113732.4449713064
111927.1856095813 114232.4276753875
112070.3894093284 114518.1320777196
138276.6847630391 117660.8805033724
137703.8695640509 117160.8977992912
134768.1916692363 118232.2893080365
125245.1389860573 126017.7342715854
125388.3427858043 126232.0125733344
125531.5465855514 126517.7169756665
125531.5465855514 126803.4213779986
125746.3522851719 127089.1257803307
125961.1579847925 127303.4040820797
126319.1674841602 127517.6823838288
126820.3807832749 127874.8128867438
112714.8065081901 114446.7059771366

122023.0534917486 122303.5770412685
121521.8401926339 122089.2987395194
121521.8401926339 121375.0377336893
121879.8496920015 121589.3160354383
121808.2477921280 121589.3160354383
122237.8591913691 121732.1682366043
122166.2572914956 121732.1682366043
122094.6553916221 121803.5943371874
121521.8401926339 121803.5943371874
121951.4515918750 121875.0204377704
121235.4325931398 121875.0204377704
122452.6648909897 121946.4465383534
122381.0629911162 121946.4465383534
121665.0439923809 122089.2987395194
121951.4515918750 122232.1509406855

122023.0534917486 122303.5770412685
121521.8401926339 122089.2987395194
121665.0439923809 122017.8726389364
122381.0629911162 121946.4465383534
122452.6648909897 121946.4465383534
121951.4515918750 121875.0204377704
122023.0534917486 121875.0204377704
121450.2382927604 121803.5943371874
121521.8401926339 121803.5943371874
122094.6553916221 121803.5943371874
122166.2572914956 121732.1682366043
122237.8591913691 121732.1682366043
121665.0439923809 121660.7421360213
121736.6458922545 121660.7421360213
121521.8401926339 121375.0377336893

122023.0534917486 122303.5770412685
121521.8401926339 122089.2987395194
121665.0439923809 122017.8726389364
121808.2477921280 121946.4465383534
122023.0534917486 121946.4465383534
122381.0629911162 121946.4465383534
122452.6648909897 121946.4465383534
121378.6363928868 121875.0204377704
121951.4515918750 121875.0204377704
122094.6553916221 121803.5943371874
121665.0439923809 121732.1682366043
122023.0534917486 121732.1682366043
122237.8591913691 121732.1682366043
121736.6458922545 121660.7421360213
121879.8496920015 121589.3160354383

127106.7883827690 128303.3694902419
126820.3807832749 127874.8128867438
126319.1674841602 127517.6823838288
125961.1579847925 127303.4040820797
125746.3522851719 127089.1257803307
125531.5465855514 126803.4213779986
125531.5465855514 126517.7169756665
125388.3427858043 126232.0125733344
125245.1389860573 126017.7342715854
121736.6458922545 121660.7421360213
120734.2192940251 121589.3160354383
112070.3894093284 113732.4449713064
111927.1856095813 114232.4276753875
112714.8065081901 114446.7059771366
112070.3894093284 114518.1320777196

121521.8401926339 122089.2987395194
121665.0439923809 122017.8726389364
121736.6458922545 121946.4465383534
121808.2477921280 121946.4465383534
122023.0534917486 121946.4465383534
122381.0629911162 121946.4465383534
121235.4325931398 121875.0204377704
121951.4515918750 121875.0204377704
122524.2667908633 121875.0204377704
121808.2477921280 121803.5943371874
121879.8496920015 121803.5943371874
122094.6553916221 121803.5943371874
121665.0439923809 121732.1682366043
121521.8401926339 121732.1682366043
121736.6458922545 121660.7421360213

122023.0534917486 122303.5770412685
121665.0439923809 122017.8726389364
121736.6458922545 121946.4465383534
121808.2477921280 121946.4465383534
122023.0534917486 121946.4465383534
122381.0629911162 121946.4465383534
122452.6648909897 121946.4465383534
121235.4325931398 121875.0204377704
122237.8591913691 121660.7421360213
121951.4515918750 121875.0204377704
122524.2667908633 121875.0204377704
122094.6553916221 121803.5943371874
121521.8401926339 121732.1682366043
122237.8591913691 121732.1682366043
121736.6458922545 121660.7421360213

126820.3807832749 127874.8128867438
126319.1674841602 127517.6823838288
125961.1579847925 127303.4040820797
125746.3522851719 127089.1257803307
125531.5465855514 126803.4213779986
125531.5465855514 126517.7169756665
125388.3427858043 126232.0125733344
125245.1389860573 126017.7342715854
122237.8591913691 121732.1682366043
121163.8306932663 121660.7421360213
120734.2192940251 121589.3160354383
121808.2477921280 121589.3160354383
112070.3894093284 113732.4449713064
111927.1856095813 114232.4276753875
112070.3894093284 114518.1320777196

121521.8401926339 122089.2987395194
121665.0439923809 122017.8726389364
121736.6458922545 121946.4465383534
121808.2477921280 121946.4465383534
122023.0534917486 121946.4465383534
121736.6458922545 122017.8726389364
122452.6648909897 121946.4465383534
121235.4325931398 121875.0204377704
121951.4515918750 121875.0204377704
122524.2667908633 121875.0204377704
121808.2477921280 121803.5943371874
122094.6553916221 121803.5943371874
121665.0439923809 121732.1682366043
122237.8591913691 121732.1682366043
121736.6458922545 121660.7421360213

121736.6458922545 121660.7421360213
122237.8591913691 121732.1682366043
121665.0439923809 121732.1682366043
122094.6553916221 121803.5943371874
121879.8496920015 121803.5943371874
121808.2477921280 121803.5943371874
122524.2667908633 121875.0204377704
122237.8591913691 121875.0204377704
121951.4515918750 121875.0204377704
121235.4325931398 121875.0204377704
122381.0629911162 121946.4465383534
121808.2477921280 121946.4465383534
121736.6458922545 121946.4465383534
121665.0439923809 122017.8726389364
121521.8401926339 122089.2987395194

121307.0344930133 122232.1509406855
121951.4515918750 122232.1509406855
121521.8401926339 122089.2987395194
121665.0439923809 122089.2987395194
121808.2477921280 121946.4465383534
122381.0629911162 121946.4465383534
122452.6648909897 121946.4465383534
121235.4325931398 121875.0204377704
121951.4515918750 121875.0204377704
121450.2382927604 121803.5943371874
121521.8401926339 121803.5943371874
122094.6553916221 121803.5943371874
122166.2572914956 121732.1682366043
122237.8591913691 121732.1682366043
121879.8496920015 121589.3160354383

112070.3894093284 113732.4449713064
111927.1856095813 114232.4276753875
112070.3894093284 114518.1320777196
138276.6847630391 117660.8805033724
124171.1104879544 121375.0377336893
134768.1916692363 118232.2893080365
125245.1389860573 126017.7342715854
125388.3427858043 126232.0125733344
125531.5465855514 126517.7169756665
125531.5465855514 126803.4213779986
125746.3522851719 127089.1257803307
125961.1579847925 127303.4040820797
126319.1674841602 127517.6823838288
126820.3807832749 127874.8128867438
112714.8065081901 114446.7059771366

121521.8401926339 121375.0377336893
121736.6458922545 121660.7421360213
122237.8591913691 121732.1682366043
121665.0439923809 121732.1682366043
122094.6553916221 121803.5943371874
121521.8401926339 121803.5943371874
121951.4515918750 121875.0204377704
121307.0344930133 121875.0204377704
122381.0629911162 121946.4465383534
122023.0534917486 121946.4465383534
121808.2477921280 121946.4465383534
121736.6458922545 122017.8726389364
121665.0439923809 122017.8726389364
121521.8401926339 122089.2987395194
122023.0534917486 122303.5770412685

121521.8401926339 122089.2987395194
121665.0439923809 122017.8726389364
121736.6458922545 121946.4465383534
121808.2477921280 121946.4465383534
122023.0534917486 121946.4465383534
122381.0629911162 121946.4465383534
121879.8496920015 121803.5943371874
121235.4325931398 121875.0204377704
121808.2477921280 121803.5943371874
121951.4515918750 121875.0204377704
122524.2667908633 121875.0204377704
122094.6553916221 121803.5943371874
121665.0439923809 121732.1682366043
122237.8591913691 121732.1682366043
121736.6458922545 121660.7421360213

122023.0534917486 122303.5770412685
121521.8401926339 122089.2987395194
121665.0439923809 122017.8726389364
121808.2477921280 121946.4465383534
122023.0534917486 121946.4465383534
122381.0629911162 121946.4465383534
121307.0344930133 121875.0204377704
121951.4515918750 121875.0204377704
121521.8401926339 121803.5943371874
122094.6553916221 121803.5943371874
121665.0439923809 121732.1682366043
122237.8591913691 121732.1682366043
121736.6458922545 121660.7421360213
121951.4515918750 121517.8899348553
122166.2572914956 121875.0204377704

126319.1674841602 127517.6823838288
125961.1579847925 127303.4040820797
125746.3522851719 127089.1257803307
125531.5465855514 126803.4213779986
125531.5465855514 126517.7169756665
125388.3427858043 126232.0125733344
125245.1389860573 126017.7342715854
122023.0534917486 122589.2814436006
121808.2477921280 122303.5770412685
122237.8591913691 121732.1682366043
121879.8496920015 121589.3160354383
120662.6173941516 121517.8899348553
112070.3894093284 113732.4449713064
111927.1856095813 114232.4276753875
112714.8065081901 114446.7059771366

121521.8401926339 122089.2987395194
121665.0439923809 122017.8726389364
121736.6458922545 121946.4465383534
121808.2477921280 122232.1509406855
122023.0534917486 121946.4465383534
122381.0629911162 121946.4465383534
122452.6648909897 121946.4465383534
121235.4325931398 121875.0204377704
121307.0344930133 121875.0204377704
121951.4515918750 121875.0204377704
122524.2667908633 121875.0204377704
122094.6553916221 121803.5943371874
121665.0439923809 121732.1682366043
122237.8591913691 121732.1682366043
121736.6458922545 121660.7421360213

126319.1674841602 127517.6823838288
125961.1579847925 127303.4040820797
125746.3522851719 127089.1257803307
125531.5465855514 126803.4213779986
125531.5465855514 126517.7169756665
125388.3427858043 126232.0125733344
125245.1389860573 126017.7342715854
122023.0534917486 122589.2814436006
121808.2477921280 122303.5770412685
122237.8591913691 121732.1682366043
120662.6173941516 121517.8899348553
121951.4515918750 121446.4638342723
121521.8401926339 121375.0377336893
111927.1856095813 114303.8537759705
112070.3894093284 114518.1320777196

121521.8401926339 122089.2987395194
121879.8496920015 121875.0204377704
121736.6458922545 121946.4465383534
121808.2477921280 121946.4465383534
122023.0534917486 121946.4465383534
122381.0629911162 121946.4465383534
122452.6648909897 121946.4465383534
121235.4325931398 121875.0204377704
121808.2477921280 121803.5943371874
121951.4515918750 121875.0204377704
122524.2667908633 121875.0204377704
122094.6553916221 121803.5943371874
121665.0439923809 121732.1682366043
122237.8591913691 121732.1682366043
121736.6458922545 121660.7421360213

126319.1674841602 127517.6823838288
125961.1579847925 127303.4040820797
125746.3522851719 127089.1257803307
125531.5465855514 126803.4213779986
125531.5465855514 126517.7169756665
125388.3427858043 126232.0125733344
122023.0534917486 122589.2814436006
121808.2477921280 122303.5770412685
122237.8591913691 121732.1682366043
121879.8496920015 121589.3160354383
120662.6173941516 121517.8899348553
121521.8401926339 121375.0377336893
124314.3142877014 118375.1415092025
123884.7028884603 118303.7154086195
111927.1856095813 114232.4276753875

121521.8401926339 122089.2987395194
121665.0439923809 122017.8726389364
121736.6458922545 121946.4465383534
121808.2477921280 121946.4465383534
122023.0534917486 121946.4465383534
122381.0629911162 121946.4465383534
122452.6648909897 121946.4465383534
121235.4325931398 121875.0204377704
121808.2477921280 121803.5943371874
121951.4515918750 121875.0204377704
122524.2667908633 121875.0204377704
122094.6553916221 121803.5943371874
121665.0439923809 121732.1682366043
122237.8591913691 121732.1682366043
121736.6458922545 121660.7421360213

121307.0344930133 122232.1509406855
121951.4515918750 122232.1509406855
121521.8401926339 122089.2987395194
121450.2382927604 121446.4638342723
121808.2477921280 121946.4465383534
122381.0629911162 121946.4465383534
122452.6648909897 121946.4465383534
121235.4325931398 121875.0204377704
121951.4515918750 121875.0204377704
121450.2382927604 121803.5943371874
121521.8401926339 121803.5943371874
122094.6553916221 121803.5943371874
122166.2572914956 121732.1682366043
122237.8591913691 121732.1682366043
121808.2477921280 121589.3160354383

121521.8401926339 122089.2987395194
121665.0439923809 122017.8726389364
121808.2477921280 121946.4465383534
122023.0534917486 121946.4465383534
122381.0629911162 121946.4465383534
122452.6648909897 121946.4465383534
121235.4325931398 121875.0204377704
121307.0344930133 121875.0204377704
121951.4515918750 121875.0204377704
122524.2667908633 121875.0204377704
122094.6553916221 121803.5943371874
121665.0439923809 121732.1682366043
121736.6458922545 121946.4465383534
122237.8591913691 121732.1682366043
121736.6458922545 121660.7421360213

122381.0629911162 122732.1336447666
122023.0534917486 122589.2814436006
122023.0534917486 122303.5770412685
111927.1856095813 114232.4276753875
123598.2952889662 118160.8632074535
123884.7028884603 118303.7154086195
124314.3142877014 118375.1415092025
124457.5180874485 118732.2720121176
121521.8401926339 121375.0377336893
121736.6458922545 121660.7421360213
120447.8116945310 121660.7421360213
122237.8591913691 121732.1682366043
125388.3427858043 126232.0125733344
125531.5465855514 126517.7169756665
125531.5465855514 126803.4213779986

112070.3894093284 113732.4449713064
111927.1856095813 114232.4276753875
112070.3894093284 114518.1320777196
138276.6847630391 117660.8805033724
134768.1916692363 117518.0283022063
134768.1916692363 118232.2893080365
125245.1389860573 126017.7342715854
125388.3427858043 126232.0125733344
125531.5465855514 126517.7169756665
125531.5465855514 126803.4213779986
125746.3522851719 127089.1257803307
125961.1579847925 127303.4040820797
126319.1674841602 127517.6823838288
126820.3807832749 127874.8128867438
112714.8065081901 114446.7059771366

121307.0344930133 122232.1509406855
121951.4515918750 122232.1509406855
121593.4420925074 121732.1682366043
121665.0439923809 122089.2987395194
121808.2477921280 121946.4465383534
122381.0629911162 121946.4465383534
122452.6648909897 121946.4465383534
121235.4325931398 121875.0204377704
121951.4515918750 121875.0204377704
121450.2382927604 121803.5943371874
121521.8401926339 121803.5943371874
122094.6553916221 121803.5943371874
122166.2572914956 121732.1682366043
122237.8591913691 121732.1682366043
121808.2477921280 121589.3160354383

122023.0534917486 122446.4292424345
121521.8401926339 122089.2987395194
121092.2287933927 122017.8726389364
121808.2477921280 121946.4465383534
122381.0629911162 121946.4465383534
122452.6648909897 121946.4465383534
121307.0344930133 121875.0204377704
121951.4515918750 121875.0204377704
121521.8401926339 121803.5943371874
122094.6553916221 121803.5943371874
121665.0439923809 121732.1682366043
122166.2572914956 121732.1682366043
122237.8591913691 121732.1682366043
121736.6458922545 121660.7421360213
121521.8401926339 121375.0377336893

126820.3807832749 127874.8128867438
126319.1674841602 127517.6823838288
125961.1579847925 127303.4040820797
125746.3522851719 127089.1257803307
125531.5465855514 126803.4213779986
125531.5465855514 126517.7169756665
125388.3427858043 126232.0125733344
125245.1389860573 126017.7342715854
121951.4515918750 121946.4465383534
121450.2382927604 121446.4638342723
120949.0249936457 121303.6116331062
112070.3894093284 113732.4449713064
111927.1856095813 114232.4276753875
112070.3894093284 114518.1320777196
133837.3669708805 117160.8977992912

112070.3894093284 113732.4449713064
111927.1856095813 114232.4276753875
112070.3894093284 114518.1320777196
138276.6847630391 117660.8805033724
137274.2581648097 117732.3066039554
134624.9878694892 117160.8977992912
125245.1389860573 126017.7342715854
125388.3427858043 126232.0125733344
125531.5465855514 126517.7169756665
125531.5465855514 126803.4213779986
125746.3522851719 127089.1257803307
125961.1579847925 127303.4040820797
126319.1674841602 127517.6823838288
126820.3807832749 127874.8128867438
112714.8065081901 114446.7059771366

125746.3522851719 127089.1257803307
125531.5465855514 126803.4213779986
125531.5465855514 126517.7169756665
125388.3427858043 126232.0125733344
122381.0629911162 122732.1336447666
122023.0534917486 122589.2814436006
122524.2667908633 121875.0204377704
122237.8591913691 121732.1682366043
121736.6458922545 121660.7421360213
120662.6173941516 121517.8899348553
121163.8306932663 121517.8899348553
124457.5180874485 118732.2720121176
124314.3142877014 118375.1415092025
123884.7028884603 118303.7154086195
123598.2952889662 118160.8632074535

112070.3894093284 113732.4449713064
111927.1856095813 114232.4276753875
112858.0103079372 114518.1320777196
112070.3894093284 114518.1320777196
136343.4334664539 117089.4716987082
121235.4325931398 121803.5943371874
125245.1389860573 126017.7342715854
125388.3427858043 126232.0125733344
125531.5465855514 126517.7169756665
125531.5465855514 126803.4213779986
125746.3522851719 127089.1257803307
125961.1579847925 127303.4040820797
126319.1674841602 127517.6823838288
126820.3807832749 127874.8128867438
127106.7883827690 128231.9433896589

122023.0534917486 122303.5770412685
121521.8401926339 122089.2987395194
121808.2477921280 121946.4465383534
122023.0534917486 121946.4465383534
122381.0629911162 121946.4465383534
122452.6648909897 121946.4465383534
121235.4325931398 121875.0204377704
121307.0344930133 121875.0204377704
121951.4515918750 121875.0204377704
121521.8401926339 121803.5943371874
122094.6553916221 121803.5943371874
121665.0439923809 121732.1682366043
122237.8591913691 121732.1682366043
121736.6458922545 121660.7421360213
121665.0439923809 122017.8726389364

112070.3894093284 113732.4449713064
111927.1856095813 114232.4276753875
112070.3894093284 114518.1320777196
134839.7935691098 117589.4544027893
112858.0103079372 114518.1320777196
134768.1916692363 118232.2893080365
125245.1389860573 126017.7342715854
125388.3427858043 126232.0125733344
125531.5465855514 126517.7169756665
125531.5465855514 126803.4213779986
125746.3522851719 127089.1257803307
125961.1579847925 127303.4040820797
126319.1674841602 127517.6823838288
126820.3807832749 127874.8128867438
121593.4420925074 122303.5770412685

112070.3894093284 113732.4449713064
111927.1856095813 114232.4276753875
112070.3894093284 114518.1320777196
121235.4325931398 121803.5943371874
112858.0103079372 114518.1320777196
134768.1916692363 118232.2893080365
125245.1389860573 126017.7342715854
125388.3427858043 126232.0125733344
125531.5465855514 126517.7169756665
125531.5465855514 126803.4213779986
125746.3522851719 127089.1257803307
125961.1579847925 127303.4040820797
126319.1674841602 127517.6823838288
126820.3807832749 127874.8128867438
121593.4420925074 122303.5770412685

112070.3894093284 113732.4449713064
111927.1856095813 114232.4276753875
112070.3894093284 114518.1320777196
121235.4325931398 121803.5943371874
112858.0103079372 114518.1320777196
134768.1916692363 118232.2893080365
125245.1389860573 126017.7342715854
125388.3427858043 126232.0125733344
125531.5465855514 126517.7169756665
125531.5465855514 126803.4213779986
125746.3522851719 127089.1257803307
125961.1579847925 127303.4040820797
126319.1674841602 127517.6823838288
126820.3807832749 127874.8128867438
127106.7883827690 128231.9433896589

112070.3894093284 113732.4449713064
111927.1856095813 114232.4276753875
112070.3894093284 114518.1320777196
138276.6847630391 117660.8805033724
137274.2581648097 117732.3066039554
121665.0439923809 122089.2987395194
125245.1389860573 126017.7342715854
125388.3427858043 126232.0125733344
125531.5465855514 126517.7169756665
125531.5465855514 126803.4213779986
125746.3522851719 127089.1257803307
125961.1579847925 127303.4040820797
126319.1674841602 127517.6823838288
126820.3807832749 127874.8128867438
127106.7883827690 128231.9433896589

112070.3894093284 113732.4449713064
111927.1856095813 114232.4276753875
121951.4515918750 121446.4638342723
121163.8306932663 121517.8899348553
120591.0154942780 121517.8899348553
122237.8591913691 121660.7421360213
122309.4610912427 121946.4465383534
122023.0534917486 122517.8553430175
125245.1389860573 126017.7342715854
125531.5465855514 126517.7169756665
125531.5465855514 126803.4213779986
125746.3522851719 127089.1257803307
125961.1579847925 127303.4040820797
126319.1674841602 127517.6823838288
135054.5992687304 117375.1761010403

126820.3807832749 127874.8128867438
126319.1674841602 127517.6823838288
125961.1579847925 127303.4040820797
125746.3522851719 127089.1257803307
125531.5465855514 126803.4213779986
125531.5465855514 126517.7169756665
125245.1389860573 126017.7342715854
122023.0534917486 122517.8553430175
122309.4610912427 121946.4465383534
122237.8591913691 121660.7421360213
120591.0154942780 121517.8899348553
121163.8306932663 121517.8899348553
121951.4515918750 121446.4638342723
112070.3894093284 114518.1320777196
133622.5612712599 117160.8977992912

126820.3807832749 127874.8128867438
126319.1674841602 127517.6823838288
125961.1579847925 127303.4040820797
125746.3522851719 127089.1257803307
125531.5465855514 126803.4213779986
125531.5465855514 126517.7169756665
125245.1389860573 126017.7342715854
122023.0534917486 122517.8553430175
122309.4610912427 121946.4465383534
122237.8591913691 121660.7421360213
121163.8306932663 121517.8899348553
121951.4515918750 121446.4638342723
112070.3894093284 113732.4449713064
111927.1856095813 114232.4276753875
134481.7840697422 117232.3238998742

126319.1674841602 127517.6823838288
125961.1579847925 127303.4040820797
125746.3522851719 127089.1257803307
125531.5465855514 126803.4213779986
125531.5465855514 126517.7169756665
125245.1389860573 126017.7342715854
122023.0534917486 122589.2814436006
122309.4610912427 121946.4465383534
122237.8591913691 121660.7421360213
120591.0154942780 121517.8899348553
121163.8306932663 121517.8899348553
121951.4515918750 121446.4638342723
111927.1856095813 114232.4276753875
112070.3894093284 114518.1320777196
133622.5612712599 117160.8977992912

127106.7883827690 128231.9433896589
126820.3807832749 127874.8128867438
126319.1674841602 127517.6823838288
125961.1579847925 127303.4040820797
125746.3522851719 127089.1257803307
125531.5465855514 126803.4213779986
125531.5465855514 126517.7169756665
125245.1389860573 126017.7342715854
122309.4610912427 121946.4465383534
137274.2581648097 117732.3066039554
138276.6847630391 117660.8805033724
112500.0008085695 114660.9842788856
112070.3894093284 114518.1320777196
111927.1856095813 114232.4276753875
112070.3894093284 113732.4449713064

112070.3894093284 113732.4449713064
111927.1856095813 114232.4276753875
112070.3894093284 114518.1320777196
112500.0008085695 114660.9842788856
124672.3237870691 118589.4198109516
122810.6743903574 121517.8899348553
123956.3047883338 121375.0377336893
125245.1389860573 126017.7342715854
125531.5465855514 126517.7169756665
125531.5465855514 126803.4213779986
125746.3522851719 127089.1257803307
125961.1579847925 127303.4040820797
126319.1674841602 127517.6823838288
126820.3807832749 127874.8128867438
127106.7883827690 128231.9433896589

127106.7883827690 128231.9433896589
126820.3807832749 127874.8128867438
126319.1674841602 127517.6823838288
125961.1579847925 127303.4040820797
125746.3522851719 127089.1257803307
125531.5465855514 126803.4213779986
125531.5465855514 126517.7169756665
125245.1389860573 126017.7342715854
124672.3237870691 118589.4198109516
121951.4515918750 121517.8899348553
122810.6743903574 121517.8899348553
112070.3894093284 113732.4449713064
111927.1856095813 114232.4276753875
112070.3894093284 114518.1320777196
112500.0008085695 114660.9842788856

127106.7883827690 128231.9433896589
126820.3807832749 127874.8128867438
126319.1674841602 127517.6823838288
125961.1579847925 127303.4040820797
125746.3522851719 127089.1257803307
125531.5465855514 126803.4213779986
125531.5465855514 126517.7169756665
125245.1389860573 126017.7342715854
120734.2192940251 121875.0204377704
121951.4515918750 121517.8899348553
122810.6743903574 121517.8899348553
112070.3894093284 113732.4449713064
111927.1856095813 114232.4276753875
112070.3894093284 114518.1320777196
112500.0008085695 114660.9842788856

122381.0629911162 122732.1336447666
122023.0534917486 122589.2814436006
112070.3894093284 113732.4449713064
111927.1856095813 114232.4276753875
112070.3894093284 114518.1320777196
121951.4515918750 121517.8899348553
121163.8306932663 121517.8899348553
120591.0154942780 121517.8899348553
121808.2477921280 122017.8726389364
122023.0534917486 122303.5770412685
125030.3332864367 126446.2908750835
125531.5465855514 126517.7169756665
125531.5465855514 126803.4213779986
125746.3522851719 127089.1257803307
125961.1579847925 127303.4040820797

112070.3894093284 113732.4449713064
111927.1856095813 114232.4276753875
112070.3894093284 114518.1320777196
121951.4515918750 121517.8899348553
121163.8306932663 121517.8899348553
120591.0154942780 121517.8899348553
121808.2477921280 122017.8726389364
122023.0534917486 122303.5770412685
125030.3332864367 126446.2908750835
125531.5465855514 126517.7169756665
125531.5465855514 126803.4213779986
125746.3522851719 127089.1257803307
125961.1579847925 127303.4040820797
126319.1674841602 127517.6823838288
126462.3712839072 127731.9606855778

126462.3712839072 127731.9606855778
125961.1579847925 127303.4040820797
125746.3522851719 127089.1257803307
125531.5465855514 126803.4213779986
125531.5465855514 126517.7169756665
112070.3894093284 113732.4449713064
111927.1856095813 114232.4276753875
112070.3894093284 114518.1320777196
124457.5180874485 118732.2720121176
121163.8306932663 121517.8899348553
120591.0154942780 121517.8899348553
121521.8401926339 121803.5943371874
121879.8496920015 122017.8726389364
122023.0534917486 122303.5770412685
122023.0534917486 122589.2814436006

112070.3894093284 113732.4449713064
111927.1856095813 114232.4276753875
112070.3894093284 114518.1320777196
112500.0008085695 114660.9842788856
124529.1199873220 125732.0298692533
122810.6743903574 121517.8899348553
120734.2192940251 121875.0204377704
125245.1389860573 126017.7342715854
125531.5465855514 126517.7169756665
125531.5465855514 126803.4213779986
125746.3522851719 127089.1257803307
125961.1579847925 127303.4040820797
126319.1674841602 127517.6823838288
126820.3807832749 127874.8128867438
127106.7883827690 128231.9433896589

126462.3712839072 127731.9606855778
126319.1674841602 127517.6823838288
125961.1579847925 127303.4040820797
125746.3522851719 127089.1257803307
125531.5465855514 126803.4213779986
125531.5465855514 126517.7169756665
125030.3332864367 126446.2908750835
122023.0534917486 122303.5770412685
121808.2477921280 122017.8726389364
112070.3894093284 113732.4449713064
111927.1856095813 114232.4276753875
112070.3894093284 114518.1320777196
112500.0008085695 114660.9842788856
134338.5802699951 117518.0283022063
133980.5707706275 118589.4198109516

125961.1579847925 127303.4040820797
125746.3522851719 127089.1257803307
125531.5465855514 126803.4213779986
122381.0629911162 122732.1336447666
122023.0534917486 122589.2814436006
122023.0534917486 122303.5770412685
121879.8496920015 122017.8726389364
121521.8401926339 121803.5943371874
120591.0154942780 121517.8899348553
121163.8306932663 121517.8899348553
124457.5180874485 118732.2720121176
124314.3142877014 118375.1415092025
123884.7028884603 118303.7154086195
123598.2952889662 118160.8632074535
123455.0914892191 117946.5849057044

126319.1674841602 127517.6823838288
125961.1579847925 127303.4040820797
125746.3522851719 127089.1257803307
125531.5465855514 126803.4213779986
125531.5465855514 126517.7169756665
125030.3332864367 126446.2908750835
112070.3894093284 113732.4449713064
111927.1856095813 114232.4276753875
112070.3894093284 114518.1320777196
112500.0008085695 114660.9842788856
134338.5802699951 117518.0283022063
133980.5707706275 118589.4198109516
121879.8496920015 122089.2987395194
125245.1389860573 126017.7342715854
126820.3807832749 127874.8128867438

112070.3894093284 113732.4449713064
111927.1856095813 114232.4276753875
112070.3894093284 114518.1320777196
121163.8306932663 121517.8899348553
120591.0154942780 121517.8899348553
121521.8401926339 121803.5943371874
121808.2477921280 122017.8726389364
122023.0534917486 122303.5770412685
125030.3332864367 126446.2908750835
125531.5465855514 126517.7169756665
125531.5465855514 126803.4213779986
125746.3522851719 127089.1257803307
125961.1579847925 127303.4040820797
126319.1674841602 127517.6823838288
126462.3712839072 127731.9606855778

122381.0629911162 122732.1336447666
122023.0534917486 122589.2814436006
112070.3894093284 113732.4449713064
111927.1856095813 114232.4276753875
112070.3894093284 114518.1320777196
121163.8306932663 121517.8899348553
120591.0154942780 121517.8899348553
121521.8401926339 121803.5943371874
121808.2477921280 122017.8726389364
122023.0534917486 122303.5770412685
125531.5465855514 126517.7169756665
125531.5465855514 126803.4213779986
125746.3522851719 127089.1257803307
125961.1579847925 127303.4040820797
126462.3712839072 127731.9606855778

126462.3712839072 127731.9606855778
126319.1674841602 127517.6823838288
125961.1579847925 127303.4040820797
125746.3522851719 127089.1257803307
125531.5465855514 126803.4213779986
125531.5465855514 126517.7169756665
125030.3332864367 126446.2908750835
122023.0534917486 122589.2814436006
122023.0534917486 122303.5770412685
121521.8401926339 121803.5943371874
122094.6553916221 121803.5943371874
120591.0154942780 121517.8899348553
121163.8306932663 121517.8899348553
112070.3894093284 113732.4449713064
111927.1856095813 114232.4276753875

126462.3712839072 127731.9606855778
125961.1579847925 127303.4040820797
125746.3522851719 127089.1257803307
125531.5465855514 126803.4213779986
125531.5465855514 126517.7169756665
122381.0629911162 122732.1336447666
122023.0534917486 122589.2814436006
122023.0534917486 122303.5770412685
121808.2477921280 122017.8726389364
121521.8401926339 121803.5943371874
122237.8591913691 120875.0550296081
112070.3894093284 113732.4449713064
111927.1856095813 114232.4276753875
112070.3894093284 114518.1320777196
112500.0008085695 114660.9842788856

125961.1579847925 127303.4040820797
125746.3522851719 127089.1257803307
125531.5465855514 126803.4213779986
125531.5465855514 126517.7169756665
122381.0629911162 122732.1336447666
122023.0534917486 122589.2814436006
122023.0534917486 122303.5770412685
121808.2477921280 122017.8726389364
121521.8401926339 121803.5943371874
122237.8591913691 120875.0550296081
121879.8496920015 120732.2028284421
124457.5180874485 118732.2720121176
123598.2952889662 118160.8632074535
123884.7028884603 118303.7154086195
124314.3142877014 118375.1415092025

126462.3712839072 127731.9606855778
126319.1674841602 127517.6823838288
125961.1579847925 127303.4040820797
125746.3522851719 127089.1257803307
125531.5465855514 126803.4213779986
125531.5465855514 126517.7169756665
125030.3332864367 126446.2908750835
122023.0534917486 122589.2814436006
122023.0534917486 122303.5770412685
121521.8401926339 121803.5943371874
112070.3894093284 113732.4449713064
111927.1856095813 114232.4276753875
112070.3894093284 114518.1320777196
124457.5180874485 118732.2720121176
122810.6743903574 121375.0377336893

126462.3712839072 127731.9606855778
126319.1674841602 127517.6823838288
125961.1579847925 127303.4040820797
125746.3522851719 127089.1257803307
125531.5465855514 126803.4213779986
125531.5465855514 126517.7169756665
125030.3332864367 126446.2908750835
112070.3894093284 113732.4449713064
111927.1856095813 114232.4276753875
112070.3894093284 114518.1320777196
124457.5180874485 118732.2720121176
122810.6743903574 121375.0377336893
121163.8306932663 121517.8899348553
121521.8401926339 121803.5943371874
122023.0534917486 122303.5770412685

112070.3894093284 113732.4449713064
111927.1856095813 114232.4276753875
112070.3894093284 114518.1320777196
124457.5180874485 118732.2720121176
122237.8591913691 120875.0550296081
121521.8401926339 121803.5943371874
121808.2477921280 122017.8726389364
122023.0534917486 122303.5770412685
122023.0534917486 122589.2814436006
122381.0629911162 122732.1336447666
125531.5465855514 126517.7169756665
125531.5465855514 126803.4213779986
125746.3522851719 127089.1257803307
125961.1579847925 127303.4040820797
121879.8496920015 120732.2028284421

126462.3712839072 127731.9606855778
125961.1579847925 127303.4040820797
125746.3522851719 127089.1257803307
125531.5465855514 126803.4213779986
125531.5465855514 126517.7169756665
122381.0629911162 122732.1336447666
122023.0534917486 122589.2814436006
122023.0534917486 122303.5770412685
121808.2477921280 122017.8726389364
121521.8401926339 121803.5943371874
122237.8591913691 120875.0550296081
124314.3142877014 118375.1415092025
112070.3894093284 114518.1320777196
111927.1856095813 114232.4276753875
133694.1631711334 116875.1933969591

126462.3712839072 127731.9606855778
125961.1579847925 127303.4040820797
125746.3522851719 127089.1257803307
125531.5465855514 126803.4213779986
125531.5465855514 126517.7169756665
122381.0629911162 122732.1336447666
122023.0534917486 122589.2814436006
122023.0534917486 122303.5770412685
121808.2477921280 122017.8726389364
123598.2952889662 118160.8632074535
123884.7028884603 118303.7154086195
124314.3142877014 118375.1415092025
124457.5180874485 118732.2720121176
122381.0629911162 121232.1855325232
121163.8306932663 121517.8899348553

127106.7883827690 128231.9433896589
126820.3807832749 127874.8128867438
126319.1674841602 127517.6823838288
125961.1579847925 127303.4040820797
125746.3522851719 127089.1257803307
125531.5465855514 126803.4213779986
125531.5465855514 126517.7169756665
125245.1389860573 126017.7342715854
122023.0534917486 122303.5770412685
122810.6743903574 121303.6116331062
124457.5180874485 118732.2720121176
112070.3894093284 113732.4449713064
111927.1856095813 114232.4276753875
112070.3894093284 114518.1320777196
112500.0008085695 114660.9842788856

112070.3894093284 113732.4449713064
111927.1856095813 114232.4276753875
112070.3894093284 114518.1320777196
124457.5180874485 118732.2720121176
120591.0154942780 121517.8899348553
121521.8401926339 121803.5943371874
122023.0534917486 122303.5770412685
122023.0534917486 122589.2814436006
125030.3332864367 126446.2908750835
125531.5465855514 126517.7169756665
125531.5465855514 126803.4213779986
125746.3522851719 127089.1257803307
125961.1579847925 127303.4040820797
126319.1674841602 127517.6823838288
122953.8781901044 121446.4638342723

123598.2952889662 118160.8632074535
123884.7028884603 118303.7154086195
124314.3142877014 118375.1415092025
124457.5180874485 118732.2720121176
122237.8591913691 120875.0550296081
121521.8401926339 121803.5943371874
121808.2477921280 122017.8726389364
122023.0534917486 122303.5770412685
122023.0534917486 122589.2814436006
122381.0629911162 122732.1336447666
125531.5465855514 126517.7169756665
125531.5465855514 126803.4213779986
125746.3522851719 127089.1257803307
125961.1579847925 127303.4040820797
126462.3712839072 127731.9606855778

126462.3712839072 127731.9606855778
125961.1579847925 127303.4040820797
125746.3522851719 127089.1257803307
125531.5465855514 126803.4213779986
125531.5465855514 126517.7169756665
122381.0629911162 122732.1336447666
122023.0534917486 122589.2814436006
122023.0534917486 122303.5770412685
121808.2477921280 122017.8726389364
121521.8401926339 121803.5943371874
120591.0154942780 121517.8899348553
121163.8306932663 121517.8899348553
111927.1856095813 114232.4276753875
112070.3894093284 114518.1320777196
124314.3142877014 118375.1415092025

125961.1579847925 127303.4040820797
125746.3522851719 127089.1257803307
125531.5465855514 126803.4213779986
125531.5465855514 126517.7169756665
122381.0629911162 122732.1336447666
122023.0534917486 122589.2814436006
122023.0534917486 122303.5770412685
121879.8496920015 122017.8726389364
121521.8401926339 121803.5943371874
120591.0154942780 121517.8899348553
121163.8306932663 121517.8899348553
112070.3894093284 113732.4449713064
111927.1856095813 114232.4276753875
112070.3894093284 114518.1320777196
134624.9878694892 116875.1933969591

112070.3894093284 113732.4449713064
111927.1856095813 114232.4276753875
112070.3894093284 114518.1320777196
124457.5180874485 118732.2720121176
122237.8591913691 120875.0550296081
121521.8401926339 121803.5943371874
121808.2477921280 122017.8726389364
122023.0534917486 122303.5770412685
122023.0534917486 122589.2814436006
122381.0629911162 122732.1336447666
125531.5465855514 126517.7169756665
125531.5465855514 126803.4213779986
125746.3522851719 127089.1257803307
125961.1579847925 127303.4040820797
126462.3712839072 127731.9606855778

126462.3712839072 127731.9606855778
125961.1579847925 127303.4040820797
125746.3522851719 127089.1257803307
125531.5465855514 126803.4213779986
125531.5465855514 126517.7169756665
111927.1856095813 114232.4276753875
112070.3894093284 114518.1320777196
124314.3142877014 118375.1415092025
124457.5180874485 118732.2720121176
121163.8306932663 121517.8899348553
120591.0154942780 121517.8899348553
121521.8401926339 121803.5943371874
121808.2477921280 122017.8726389364
122023.0534917486 122303.5770412685
122023.0534917486 122589.2814436006

112070.3894093284 113732.4449713064
111927.1856095813 114232.4276753875
112070.3894093284 114518.1320777196
124457.5180874485 118732.2720121176
121163.8306932663 121517.8899348553
124171.1104879544 118517.9937103686
121521.8401926339 121803.5943371874
121879.8496920015 122017.8726389364
122023.0534917486 122303.5770412685
122023.0534917486 122589.2814436006
122381.0629911162 122732.1336447666
125531.5465855514 126517.7169756665
125531.5465855514 126803.4213779986
125746.3522851719 127089.1257803307
125961.1579847925 127303.4040820797

127106.7883827690 128231.9433896589
126319.1674841602 127517.6823838288
125961.1579847925 127303.4040820797
125746.3522851719 127089.1257803307
125531.5465855514 126803.4213779986
125531.5465855514 126517.7169756665
125245.1389860573 126017.7342715854
122023.0534917486 122303.5770412685
122810.6743903574 121303.6116331062
126820.3807832749 127874.8128867438
134338.5802699951 117518.0283022063
112070.3894093284 113732.4449713064
111927.1856095813 114232.4276753875
112070.3894093284 114518.1320777196
112500.0008085695 114660.9842788856

112070.3894093284 113732.4449713064
111927.1856095813 114232.4276753875
112070.3894093284 114518.1320777196
124457.5180874485 118732.2720121176
121163.8306932663 121517.8899348553
121521.8401926339 121803.5943371874
121808.2477921280 122017.8726389364
122023.0534917486 122303.5770412685
122023.0534917486 122589.2814436006
122381.0629911162 122732.1336447666
125531.5465855514 126517.7169756665
124314.3142877014 118375.1415092025
125746.3522851719 127089.1257803307
125961.1579847925 127303.4040820797
126462.3712839072 127731.9606855778

126462.3712839072 127731.9606855778
126319.1674841602 127517.6823838288
125961.1579847925 127303.4040820797
125746.3522851719 127089.1257803307
125531.5465855514 126803.4213779986
125531.5465855514 126517.7169756665
125030.3332864367 126446.2908750835
122023.0534917486 122589.2814436006
122023.0534917486 122303.5770412685
121521.8401926339 121803.5943371874
120591.0154942780 121517.8899348553
112070.3894093284 113732.4449713064
111927.1856095813 114232.4276753875
112070.3894093284 114518.1320777196
112500.0008085695 114660.9842788856

127106.7883827690 128231.9433896589
126462.3712839072 127731.9606855778
126319.1674841602 127517.6823838288
125961.1579847925 127303.4040820797
125746.3522851719 127089.1257803307
125531.5465855514 126803.4213779986
125531.5465855514 126517.7169756665
125245.1389860573 126017.7342715854
112070.3894093284 113732.4449713064
111927.1856095813 114232.4276753875
112070.3894093284 114518.1320777196
134624.9878694892 116875.1933969591
120591.0154942780 121517.8899348553
121521.8401926339 121803.5943371874
122023.0534917486 122303.5770412685

126462.3712839072 127731.9606855778
125961.1579847925 127303.4040820797
125746.3522851719 127089.1257803307
125531.5465855514 126803.4213779986
125531.5465855514 126517.7169756665
122381.0629911162 122732.1336447666
122023.0534917486 122589.2814436006
122023.0534917486 122303.5770412685
121808.2477921280 122017.8726389364
121521.8401926339 121803.5943371874
121163.8306932663 121517.8899348553
112070.3894093284 113732.4449713064
111927.1856095813 114232.4276753875
112070.3894093284 114518.1320777196
112500.0008085695 114660.9842788856

127106.7883827690 128231.9433896589
126462.3712839072 127731.9606855778
126319.1674841602 127517.6823838288
125961.1579847925 127303.4040820797
125746.3522851719 127089.1257803307
125531.5465855514 126803.4213779986
125531.5465855514 126517.7169756665
125245.1389860573 126017.7342715854
122023.0534917486 122303.5770412685
122810.6743903574 121303.6116331062
112070.3894093284 113732.4449713064
111927.1856095813 114232.4276753875
112070.3894093284 114518.1320777196
112500.0008085695 114660.9842788856
133550.9593713863 117660.8805033724

122023.0534917486 122589.2814436006
122023.0534917486 122303.5770412685
112070.3894093284 113732.4449713064
111927.1856095813 114232.4276753875
112070.3894093284 114518.1320777196
124457.5180874485 118732.2720121176
121808.2477921280 122017.8726389364
121163.8306932663 121517.8899348553
121521.8401926339 121803.5943371874
122381.0629911162 122732.1336447666
125531.5465855514 126517.7169756665
125531.5465855514 126803.4213779986
125746.3522851719 127089.1257803307
125961.1579847925 127303.4040820797
126462.3712839072 127731.9606855778

112070.3894093284 113732.4449713064
111927.1856095813 114232.4276753875
112070.3894093284 114518.1320777196
134624.9878694892 116875.1933969591
125030.3332864367 126446.2908750835
120591.0154942780 121517.8899348553
121521.8401926339 121803.5943371874
122023.0534917486 122303.5770412685
122023.0534917486 122589.2814436006
125531.5465855514 126517.7169756665
125531.5465855514 126803.4213779986
125746.3522851719 127089.1257803307
125961.1579847925 127303.4040820797
126319.1674841602 127517.6823838288
126462.3712839072 127731.9606855778

112070.3894093284 113732.4449713064
111927.1856095813 114232.4276753875
112070.3894093284 114518.1320777196
124457.5180874485 118732.2720121176
122810.6743903574 121375.0377336893
121163.8306932663 121517.8899348553
121521.8401926339 121803.5943371874
122023.0534917486 122303.5770412685
122023.0534917486 122589.2814436006
125531.5465855514 126517.7169756665
125531.5465855514 126803.4213779986
125746.3522851719 127089.1257803307
125961.1579847925 127303.4040820797
126319.1674841602 127517.6823838288
126462.3712839072 127731.9606855778

122023.0534917486 122589.2814436006
112070.3894093284 113732.4449713064
111927.1856095813 114232.4276753875
112070.3894093284 114518.1320777196
112500.0008085695 114660.9842788856
121163.8306932663 121517.8899348553
125030.3332864367 126446.2908750835
133407.7555716393 117160.8977992912
122023.0534917486 122303.5770412685
125531.5465855514 126517.7169756665
125531.5465855514 126803.4213779986
125746.3522851719 127089.1257803307
125961.1579847925 127303.4040820797
126319.1674841602 127517.6823838288
126462.3712839072 127731.9606855778

122023.0534917486 122589.2814436006
112070.3894093284 113732.4449713064
111927.1856095813 114232.4276753875
112070.3894093284 114518.1320777196
112500.0008085695 114660.9842788856
121163.8306932663 121517.8899348553
125030.3332864367 126446.2908750835
121521.8401926339 121803.5943371874
122023.0534917486 122303.5770412685
125531.5465855514 126517.7169756665
125531.5465855514 126803.4213779986
125746.3522851719 127089.1257803307
125961.1579847925 127303.4040820797
126319.1674841602 127517.6823838288
126462.3712839072 127731.9606855778

112070.3894093284 113732.4449713064
111927.1856095813 114232.4276753875
112070.3894093284 114518.1320777196
124457.5180874485 118732.2720121176
121163.8306932663 121517.8899348553
120591.0154942780 121517.8899348553
121521.8401926339 121803.5943371874
121879.8496920015 122017.8726389364
122023.0534917486 122303.5770412685
122023.0534917486 122589.2814436006
122381.0629911162 122732.1336447666
125531.5465855514 126517.7169756665
125531.5465855514 126803.4213779986
125746.3522851719 127089.1257803307
125961.1579847925 127303.4040820797

125961.1579847925 127303.4040820797
125746.3522851719 127089.1257803307
125531.5465855514 126803.4213779986
125531.5465855514 126517.7169756665
122381.0629911162 122732.1336447666
122023.0534917486 122589.2814436006
122023.0534917486 122303.5770412685
121879.8496920015 122017.8726389364
121521.8401926339 121803.5943371874
120591.0154942780 121517.8899348553
121163.8306932663 121517.8899348553
123669.8971888397 118732.2720121176
124457.5180874485 118732.2720121176
134195.3764702481 116946.6194975422
123598.2952889662 118160.8632074535

125961.1579847925 127303.4040820797
125746.3522851719 127089.1257803307
125531.5465855514 126803.4213779986
125531.5465855514 126517.7169756665
122381.0629911162 122732.1336447666
122023.0534917486 122589.2814436006
122023.0534917486 122303.5770412685
121879.8496920015 122017.8726389364
121521.8401926339 121803.5943371874
120591.0154942780 121517.8899348553
121163.8306932663 121517.8899348553
123884.7028884603 118732.2720121176
124457.5180874485 118732.2720121176
111927.1856095813 114232.4276753875
112070.3894093284 114518.1320777196

112070.3894093284 114518.1320777196
134195.3764702481 116946.6194975422
124457.5180874485 118732.2720121176
123669.8971888397 118732.2720121176
121163.8306932663 121517.8899348553
120591.0154942780 121517.8899348553
121521.8401926339 121803.5943371874
121879.8496920015 122017.8726389364
122023.0534917486 122303.5770412685
122023.0534917486 122589.2814436006
122381.0629911162 122732.1336447666
125531.5465855514 126517.7169756665
125531.5465855514 126803.4213779986
125746.3522851719 127089.1257803307
125961.1579847925 127303.4040820797

125961.1579847925 127303.4040820797
125746.3522851719 127089.1257803307
125531.5465855514 126803.4213779986
125531.5465855514 126517.7169756665
122381.0629911162 122732.1336447666
122023.0534917486 122589.2814436006
122023.0534917486 122303.5770412685
121879.8496920015 122017.8726389364
121521.8401926339 121803.5943371874
111855.5837097078 114446.7059771366
121163.8306932663 121517.8899348553
124457.5180874485 118732.2720121176
124314.3142877014 118375.1415092025
123884.7028884603 118303.7154086195
123598.2952889662 118160.8632074535

125961.1579847925 127303.4040820797
125746.3522851719 127089.1257803307
125531.5465855514 126803.4213779986
125531.5465855514 126517.7169756665
122381.0629911162 122732.1336447666
122023.0534917486 122589.2814436006
122023.0534917486 122303.5770412685
121879.8496920015 122017.8726389364
121521.8401926339 121803.5943371874
120591.0154942780 121517.8899348553
121163.8306932663 121517.8899348553
123669.8971888397 118732.2720121176
124457.5180874485 118732.2720121176
111927.1856095813 114232.4276753875
112070.3894093284 114518.1320777196

111927.1856095813 114232.4276753875
112070.3894093284 114518.1320777196
124457.5180874485 118732.2720121176
123884.7028884603 119589.3852191138
122810.6743903574 121375.0377336893
121163.8306932663 121517.8899348553
121521.8401926339 121803.5943371874
122023.0534917486 122303.5770412685
122023.0534917486 122589.2814436006
122381.0629911162 122732.1336447666
125531.5465855514 126517.7169756665
125531.5465855514 126803.4213779986
125746.3522851719 127089.1257803307
125961.1579847925 127303.4040820797
126390.7693840337 127589.1084844118

126462.3712839072 127731.9606855778
126319.1674841602 127517.6823838288
125961.1579847925 127303.4040820797
125746.3522851719 127089.1257803307
125531.5465855514 126803.4213779986
125531.5465855514 126517.7169756665
122452.6648909897 122946.4119465156
122023.0534917486 122589.2814436006
122023.0534917486 122303.5770412685
121163.8306932663 121517.8899348553
122810.6743903574 121375.0377336893
112070.3894093284 113732.4449713064
111927.1856095813 114232.4276753875
112070.3894093284 114518.1320777196
112500.0008085695 114660.9842788856

126390.7693840337 127589.1084844118
125961.1579847925 127303.4040820797
125746.3522851719 127089.1257803307
125531.5465855514 126803.4213779986
125531.5465855514 126517.7169756665
122381.0629911162 122732.1336447666
122023.0534917486 122589.2814436006
122023.0534917486 122303.5770412685
121521.8401926339 121803.5943371874
121163.8306932663 121517.8899348553
122810.6743903574 121375.0377336893
123884.7028884603 119589.3852191138
123884.7028884603 118303.7154086195
124314.3142877014 118375.1415092025
124457.5180874485 118732.2720121176

125746.3522851719 127089.1257803307
125531.5465855514 126803.4213779986
125531.5465855514 126517.7169756665
122381.0629911162 122732.1336447666
122023.0534917486 122589.2814436006
122023.0534917486 122303.5770412685
121879.8496920015 122017.8726389364
121521.8401926339 121803.5943371874
120591.0154942780 121517.8899348553
121163.8306932663 121517.8899348553
124457.5180874485 118732.2720121176
124314.3142877014 118375.1415092025
123598.2952889662 118160.8632074535
134266.9783701216 116875.1933969591
123884.7028884603 118303.7154086195

122023.0534917486 122589.2814436006
134195.3764702481 116946.6194975422
123884.7028884603 118303.7154086195
124457.5180874485 118732.2720121176
123669.8971888397 118732.2720121176
121163.8306932663 121517.8899348553
120591.0154942780 121517.8899348553
121521.8401926339 121803.5943371874
121879.8496920015 122017.8726389364
122023.0534917486 122303.5770412685
122381.0629911162 122732.1336447666
125531.5465855514 126517.7169756665
125531.5465855514 126803.4213779986
125746.3522851719 127089.1257803307
125961.1579847925 127303.4040820797

125961.1579847925 127303.4040820797
125746.3522851719 127089.1257803307
125531.5465855514 126803.4213779986
122381.0629911162 122732.1336447666
122023.0534917486 122589.2814436006
122023.0534917486 122303.5770412685
121879.8496920015 122017.8726389364
121521.8401926339 121803.5943371874
120591.0154942780 121517.8899348553
121163.8306932663 121517.8899348553
123669.8971888397 118732.2720121176
124457.5180874485 118732.2720121176
123884.7028884603 118303.7154086195
123598.2952889662 118160.8632074535
134195.3764702481 116946.6194975422

125961.1579847925 127303.4040820797
125746.3522851719 127089.1257803307
125531.5465855514 126803.4213779986
125531.5465855514 126517.7169756665
122381.0629911162 122732.1336447666
122023.0534917486 122589.2814436006
122023.0534917486 122303.5770412685
121879.8496920015 122017.8726389364
121521.8401926339 121803.5943371874
120591.0154942780 121517.8899348553
121163.8306932663 121517.8899348553
124457.5180874485 118732.2720121176
133550.9593713863 116875.1933969591
123884.7028884603 118303.7154086195
124314.3142877014 118375.1415092025

123598.2952889662 118160.8632074535
123884.7028884603 118303.7154086195
124314.3142877014 118375.1415092025
124457.5180874485 118732.2720121176
121163.8306932663 121517.8899348553
120591.0154942780 121517.8899348553
121521.8401926339 121803.5943371874
121879.8496920015 122017.8726389364
122023.0534917486 122303.5770412685
122023.0534917486 122589.2814436006
122381.0629911162 122732.1336447666
125531.5465855514 126517.7169756665
125531.5465855514 126803.4213779986
125746.3522851719 127089.1257803307
125961.1579847925 127303.4040820797

126390.7693840337 127589.1084844118
125961.1579847925 127303.4040820797
125746.3522851719 127089.1257803307
125531.5465855514 126803.4213779986
125531.5465855514 126517.7169756665
124743.9256869426 126017.7342715854
122381.0629911162 122732.1336447666
122023.0534917486 122589.2814436006
122023.0534917486 122303.5770412685
121521.8401926339 121803.5943371874
122810.6743903574 121375.0377336893
123884.7028884603 118303.7154086195
124314.3142877014 118375.1415092025
124457.5180874485 118732.2720121176
121665.0439923809 121375.0377336893

125961.1579847925 127303.4040820797
125746.3522851719 127089.1257803307
125531.5465855514 126803.4213779986
122381.0629911162 122732.1336447666
122023.0534917486 122589.2814436006
122023.0534917486 122303.5770412685
121879.8496920015 122017.8726389364
121521.8401926339 121803.5943371874
120591.0154942780 121517.8899348553
121163.8306932663 121517.8899348553
123884.7028884603 118732.2720121176
124457.5180874485 118732.2720121176
123884.7028884603 118303.7154086195
123598.2952889662 118160.8632074535
134195.3764702481 116946.6194975422

125961.1579847925 127303.4040820797
125746.3522851719 127089.1257803307
125531.5465855514 126803.4213779986
122381.0629911162 122732.1336447666
122023.0534917486 122589.2814436006
122023.0534917486 122303.5770412685
121879.8496920015 122017.8726389364
121521.8401926339 121803.5943371874
120591.0154942780 121517.8899348553
121163.8306932663 121517.8899348553
124457.5180874485 118732.2720121176
123598.2952889662 118160.8632074535
133622.5612712599 116875.1933969591
123884.7028884603 118303.7154086195
123884.7028884603 118732.2720121176

127106.7883827690 128231.9433896589
126462.3712839072 127731.9606855778
126319.1674841602 127517.6823838288
125961.1579847925 127303.4040820797
125746.3522851719 127089.1257803307
125531.5465855514 126803.4213779986
125531.5465855514 126517.7169756665
122452.6648909897 122946.4119465156
122023.0534917486 122303.5770412685
112070.3894093284 113732.4449713064
111927.1856095813 114232.4276753875
112070.3894093284 114518.1320777196
112500.0008085695 114660.9842788856
122810.6743903574 121375.0377336893
121163.8306932663 121517.8899348553

126390.7693840337 127589.1084844118
125961.1579847925 127303.4040820797
125746.3522851719 127089.1257803307
125531.5465855514 126803.4213779986
125531.5465855514 126517.7169756665
133550.9593713863 116875.1933969591
123884.7028884603 118303.7154086195
124457.5180874485 118732.2720121176
123669.8971888397 118732.2720121176
121163.8306932663 121517.8899348553
120591.0154942780 121517.8899348553
121521.8401926339 121803.5943371874
121879.8496920015 122017.8726389364
122023.0534917486 122303.5770412685
122023.0534917486 122589.2814436006

125961.1579847925 127303.4040820797
125746.3522851719 127089.1257803307
125531.5465855514 126803.4213779986
125531.5465855514 126517.7169756665
122381.0629911162 122732.1336447666
122023.0534917486 122589.2814436006
122023.0534917486 122303.5770412685
121879.8496920015 122017.8726389364
121521.8401926339 121803.5943371874
120591.0154942780 121517.8899348553
121163.8306932663 121517.8899348553
124457.5180874485 118732.2720121176
133550.9593713863 116875.1933969591
112070.3894093284 113732.4449713064
111927.1856095813 114232.4276753875

125961.1579847925 127303.4040820797
125746.3522851719 127089.1257803307
125531.5465855514 126803.4213779986
125531.5465855514 126517.7169756665
122381.0629911162 122732.1336447666
122023.0534917486 122589.2814436006
122023.0534917486 122303.5770412685
121879.8496920015 122017.8726389364
121521.8401926339 121803.5943371874
120591.0154942780 121517.8899348553
121163.8306932663 121517.8899348553
123669.8971888397 118732.2720121176
112070.3894093284 113732.4449713064
111927.1856095813 114375.2798765535
133550.9593713863 116875.1933969591

125961.1579847925 127303.4040820797
125746.3522851719 127089.1257803307
125531.5465855514 126803.4213779986
125531.5465855514 126517.7169756665
122381.0629911162 122732.1336447666
122023.0534917486 122589.2814436006
122023.0534917486 122303.5770412685
121879.8496920015 122017.8726389364
121521.8401926339 121803.5943371874
120591.0154942780 121517.8899348553
121163.8306932663 121517.8899348553
124457.5180874485 118732.2720121176
133550.9593713863 116875.1933969591
111927.1856095813 114375.2798765535
123884.7028884603 118303.7154086195

133550.9593713863 116875.1933969591
111927.1856095813 114375.2798765535
124457.5180874485 118732.2720121176
123669.8971888397 118732.2720121176
121879.8496920015 122017.8726389364
121163.8306932663 121517.8899348553
120591.0154942780 121517.8899348553
121521.8401926339 121803.5943371874
122023.0534917486 122303.5770412685
122023.0534917486 122589.2814436006
122381.0629911162 122732.1336447666
125531.5465855514 126517.7169756665
125531.5465855514 126803.4213779986
125746.3522851719 127089.1257803307
125961.1579847925 127303.4040820797

