algorithm,instance,run_id,vector_id,generation,iteration,f_cost,f_power,weight1,weight2,occupied
nsga2,508_e-04,28,0,0,0,12124835.714519,1374881.839844,0.000000,1.000000,384 3177 4234 5740 5858
nsga2,508_e-04,28,1,0,0,11371288.943361,1373232.441406,0.020408,0.979592,418 810 2710 4095 5218
nsga2,508_e-04,28,2,0,0,11371288.943361,1373232.441406,0.040816,0.959184,418 810 2710 4095 5218
nsga2,508_e-04,28,3,0,0,11371288.943361,1373232.441406,0.061224,0.938776,418 810 2710 4095 5218
nsga2,508_e-04,28,4,0,0,11371288.943361,1373232.441406,0.081633,0.918367,418 810 2710 4095 5218
nsga2,508_e-04,28,5,0,0,11371288.943361,1373232.441406,0.102041,0.897959,418 810 2710 4095 5218
nsga2,508_e-04,28,6,0,0,11371288.943361,1373232.441406,0.122449,0.877551,418 810 2710 4095 5218
nsga2,508_e-04,28,7,0,0,11371288.943361,1373232.441406,0.142857,0.857143,418 810 2710 4095 5218
nsga2,508_e-04,28,8,0,0,11371288.943361,1373232.441406,0.163265,0.836735,418 810 2710 4095 5218
nsga2,508_e-04,28,9,0,0,11371288.943361,1373232.441406,0.183673,0.816327,418 810 2710 4095 5218
nsga2,508_e-04,28,10,0,0,11371288.943361,1373232.441406,0.204082,0.795918,418 810 2710 4095 5218
nsga2,508_e-04,28,11,0,0,11371288.943361,1373232.441406,0.224490,0.775510,418 810 2710 4095 5218
nsga2,508_e-04,28,12,0,0,11371288.943361,1373232.441406,0.244898,0.755102,418 810 2710 4095 5218
nsga2,508_e-04,28,13,0,0,11371288.943361,1373232.441406,0.265306,0.734694,418 810 2710 4095 5218
nsga2,508_e-04,28,14,0,0,11371288.943361,1373232.441406,0.285714,0.714286,418 810 2710 4095 5218
nsga2,508_e-04,28,15,0,0,11371288.943361,1373232.441406,0.306122,0.693878,418 810 2710 4095 5218
nsga2,508_e-04,28,16,0,0,11371288.943361,1373232.441406,0.326531,0.673469,418 810 2710 4095 5218
nsga2,508_e-04,28,17,0,0,11371288.943361,1373232.441406,0.346939,0.653061,418 810 2710 4095 5218
nsga2,508_e-04,28,18,0,0,11371288.943361,1373232.441406,0.367347,0.632653,418 810 2710 4095 5218
nsga2,508_e-04,28,19,0,0,11371288.943361,1373232.441406,0.387755,0.612245,418 810 2710 4095 5218
nsga2,508_e-04,28,20,0,0,11371288.943361,1373232.441406,0.408163,0.591837,418 810 2710 4095 5218
nsga2,508_e-04,28,21,0,0,11371288.943361,1373232.441406,0.428571,0.571429,418 810 2710 4095 5218
nsga2,508_e-04,28,22,0,0,11371288.943361,1373232.441406,0.448980,0.551020,418 810 2710 4095 5218
nsga2,508_e-04,28,23,0,0,11371288.943361,1373232.441406,0.469388,0.530612,418 810 2710 4095 5218
nsga2,508_e-04,28,24,0,0,11371288.943361,1373232.441406,0.489796,0.510204,418 810 2710 4095 5218
nsga2,508_e-04,28,25,0,0,11371288.943361,1373232.441406,0.510204,0.489796,418 810 2710 4095 5218
nsga2,508_e-04,28,26,0,0,11371288.943361,1373232.441406,0.530612,0.469388,418 810 2710 4095 5218
nsga2,508_e-04,28,27,0,0,11371288.943361,1373232.441406,0.551020,0.448980,418 810 2710 4095 5218
nsga2,508_e-04,28,28,0,0,11371288.943361,1373232.441406,0.571429,0.428571,418 810 2710 4095 5218
nsga2,508_e-04,28,29,0,0,11371288.943361,1373232.441406,0.591837,0.408163,418 810 2710 4095 5218
nsga2,508_e-04,28,30,0,0,11371288.943361,1373232.441406,0.612245,0.387755,418 810 2710 4095 5218
nsga2,508_e-04,28,31,0,0,11371288.943361,1373232.441406,0.632653,0.367347,418 810 2710 4095 5218
nsga2,508_e-04,28,32,0,0,11371288.943361,1373232.441406,0.653061,0.346939,418 810 2710 4095 5218
nsga2,508_e-04,28,33,0,0,11371288.943361,1373232.441406,0.673469,0.326531,418 810 2710 4095 5218
nsga2,508_e-04,28,34,0,0,11371288.943361,1373232.441406,0.693878,0.306122,418 810 2710 4095 5218
nsga2,508_e-04,28,35,0,0,11371288.943361,1373232.441406,0.714286,0.285714,418 810 2710 4095 5218
nsga2,508_e-04,28,36,0,0,11371288.943361,1373232.441406,0.734694,0.265306,418 810 2710 4095 5218
nsga2,508_e-04,28,37,0,0,11371288.943361,1373232.441406,0.755102,0.244898,418 810 2710 4095 5218
nsga2,508_e-04,28,38,0,0,11371288.943361,1373232.441406,0.775510,0.224490,418 810 2710 4095 5218
nsga2,508_e-04,28,39,0,0,11371288.943361,1373232.441406,0.795918,0.204082,418 810 2710 4095 5218
nsga2,508_e-04,28,40,0,0,11371288.943361,1373232.441406,0.816327,0.183673,418 810 2710 4095 5218
nsga2,508_e-04,28,41,0,0,11371288.943361,1373232.441406,0.836735,0.163265,418 810 2710 4095 5218
nsga2,508_e-04,28,42,0,0,11371288.943361,1373232.441406,0.857143,0.142857,418 810 2710 4095 5218
nsga2,508_e-04,28,43,0,0,11371288.943361,1373232.441406,0.877551,0.122449,418 810 2710 4095 5218
nsga2,508_e-04,28,44,0,0,11371288.943361,1373232.441406,0.897959,0.102041,418 810 2710 4095 5218
nsga2,508_e-04,28,45,0,0,11371288.943361,1373232.441406,0.918367,0.081633,418 810 2710 4095 5218
nsga2,508_e-04,28,46,0,0,11371288.943361,1373232.441406,0.938776,0.061224,418 810 2710 4095 5218
nsga2,508_e-04,28,47,0,0,11371288.943361,1373232.441406,0.959184,0.040816,418 810 2710 4095 5218
nsga2,508_e-04,28,48,0,0,11371288.943361,1373232.441406,0.979592,0.020408,418 810 2710 4095 5218
nsga2,508_e-04,28,49,0,0,11371288.943361,1373232.441406,1.000000,0.000000,418 810 2710 4095 5218
nsga2,508_e-04,28,0,50,1,11846245.563128,1375069.998047,0.000000,1.000000,3173 4741 5483 5655 5843
nsga2,508_e-04,28,1,50,1,10120355.484276,1374745.214844,0.020408,0.979592,354 379 424 553 741
nsga2,508_e-04,28,2,50,1,10073301.744317,1369849.333984,0.040816,0.959184,354 379 418 476 553
nsga2,508_e-04,28,3,50,1,10031765.301487,1368975.628906,0.061224,0.938776,325 354 379 418 424
nsga2,508_e-04,28,4,50,1,10010463.011734,1368883.210938,0.081633,0.918367,354 379 418 424 553
nsga2,508_e-04,28,5,50,1,10010463.011734,1368883.210938,0.102041,0.897959,354 379 418 424 553
nsga2,508_e-04,28,6,50,1,9987863.022609,1366702.351562,0.122449,0.877551,325 354 379 424 451
nsga2,508_e-04,28,7,50,1,9987863.022609,1366702.351562,0.142857,0.857143,325 354 379 424 451
nsga2,508_e-04,28,8,50,1,9987863.022609,1366702.351562,0.163265,0.836735,325 354 379 424 451
nsga2,508_e-04,28,9,50,1,9987863.022609,1366702.351562,0.183673,0.816327,325 354 379 424 451
nsga2,508_e-04,28,10,50,1,9987863.022609,1366702.351562,0.204082,0.795918,325 354 379 424 451
nsga2,508_e-04,28,11,50,1,9987863.022609,1366702.351562,0.224490,0.775510,325 354 379 424 451
nsga2,508_e-04,28,12,50,1,9987863.022609,1366702.351562,0.244898,0.755102,325 354 379 424 451
nsga2,508_e-04,28,13,50,1,9987863.022609,1366702.351562,0.265306,0.734694,325 354 379 424 451
nsga2,508_e-04,28,14,50,1,9987863.022609,1366702.351562,0.285714,0.714286,325 354 379 424 451
nsga2,508_e-04,28,15,50,1,9949427.187732,1358930.763672,0.306122,0.693878,354 379 418 424 451
nsga2,508_e-04,28,16,50,1,9949427.187732,1358930.763672,0.326531,0.673469,354 379 418 424 451
nsga2,508_e-04,28,17,50,1,9949427.187732,1358930.763672,0.346939,0.653061,354 379 418 424 451
nsga2,508_e-04,28,18,50,1,9949427.187732,1358930.763672,0.367347,0.632653,354 379 418 424 451
nsga2,508_e-04,28,19,50,1,9949427.187732,1358930.763672,0.387755,0.612245,354 379 418 424 451
nsga2,508_e-04,28,20,50,1,9949427.187732,1358930.763672,0.408163,0.591837,354 379 418 424 451
nsga2,508_e-04,28,21,50,1,9949427.187732,1358930.763672,0.428571,0.571429,354 379 418 424 451
nsga2,508_e-04,28,22,50,1,9949427.187732,1358930.763672,0.448980,0.551020,354 379 418 424 451
nsga2,508_e-04,28,23,50,1,9949427.187732,1358930.763672,0.469388,0.530612,354 379 418 424 451
nsga2,508_e-04,28,24,50,1,9949427.187732,1358930.763672,0.489796,0.510204,354 379 418 424 451
nsga2,508_e-04,28,25,50,1,9949427.187732,1358930.763672,0.510204,0.489796,354 379 418 424 451
nsga2,508_e-04,28,26,50,1,9949427.187732,1358930.763672,0.530612,0.469388,354 379 418 424 451
nsga2,508_e-04,28,27,50,1,9949427.187732,1358930.763672,0.551020,0.448980,354 379 418 424 451
nsga2,508_e-04,28,28,50,1,9949427.187732,1358930.763672,0.571429,0.428571,354 379 418 424 451
nsga2,508_e-04,28,29,50,1,9949427.187732,1358930.763672,0.591837,0.408163,354 379 418 424 451
nsga2,508_e-04,28,30,50,1,9949427.187732,1358930.763672,0.612245,0.387755,354 379 418 424 451
nsga2,508_e-04,28,31,50,1,9949427.187732,1358930.763672,0.632653,0.367347,354 379 418 424 451
nsga2,508_e-04,28,32,50,1,9949427.187732,1358930.763672,0.653061,0.346939,354 379 418 424 451
nsga2,508_e-04,28,33,50,1,9949427.187732,1358930.763672,0.673469,0.326531,354 379 418 424 451
nsga2,508_e-04,28,34,50,1,9949427.187732,1358930.763672,0.693878,0.306122,354 379 418 424 451
nsga2,508_e-04,28,35,50,1,9949427.187732,1358930.763672,0.714286,0.285714,354 379 418 424 451
nsga2,508_e-04,28,36,50,1,9949427.187732,1358930.763672,0.734694,0.265306,354 379 418 424 451
nsga2,508_e-04,28,37,50,1,9949427.187732,1358930.763672,0.755102,0.244898,354 379 418 424 451
nsga2,508_e-04,28,38,50,1,9949427.187732,1358930.763672,0.775510,0.224490,354 379 418 424 451
nsga2,508_e-04,28,39,50,1,9949427.187732,1358930.763672,0.795918,0.204082,354 379 418 424 451
nsga2,508_e-04,28,40,50,1,9949427.187732,1358930.763672,0.816327,0.183673,354 379 418 424 451
nsga2,508_e-04,28,41,50,1,9949427.187732,1358930.763672,0.836735,0.163265,354 379 418 424 451
nsga2,508_e-04,28,42,50,1,9949427.187732,1358930.763672,0.857143,0.142857,354 379 418 424 451
nsga2,508_e-04,28,43,50,1,9949427.187732,1358930.763672,0.877551,0.122449,354 379 418 424 451
nsga2,508_e-04,28,44,50,1,9949427.187732,1358930.763672,0.897959,0.102041,354 379 418 424 451
nsga2,508_e-04,28,45,50,1,9949427.187732,1358930.763672,0.918367,0.081633,354 379 418 424 451
nsga2,508_e-04,28,46,50,1,9949427.187732,1358930.763672,0.938776,0.061224,354 379 418 424 451
nsga2,508_e-04,28,47,50,1,9949427.187732,1358930.763672,0.959184,0.040816,354 379 418 424 451
nsga2,508_e-04,28,48,50,1,9949427.187732,1358930.763672,0.979592,0.020408,354 379 418 424 451
nsga2,508_e-04,28,49,50,1,9949427.187732,1358930.763672,1.000000,0.000000,354 379 418 424 451
nsga2,508_e-04,28,0,100,2,11737889.874773,1375069.998047,0.000000,1.000000,3344 4880 5483 5655 5869
nsga2,508_e-04,28,1,100,2,9970170.265891,1374693.023438,0.020408,0.979592,354 384 424 481 553
nsga2,508_e-04,28,2,100,2,9970170.265891,1374693.023438,0.040816,0.959184,354 384 424 481 553
nsga2,508_e-04,28,3,100,2,9970170.265891,1374693.023438,0.061224,0.938776,354 384 424 481 553
nsga2,508_e-04,28,4,100,2,9956188.442416,1368459.037109,0.081633,0.918367,354 379 384 424 553
nsga2,508_e-04,28,5,100,2,9950136.803306,1367609.003906,0.102041,0.897959,354 384 424 427 554
nsga2,508_e-04,28,6,100,2,9950136.803306,1367609.003906,0.122449,0.877551,354 384 424 427 554
nsga2,508_e-04,28,7,100,2,9950136.803306,1367609.003906,0.142857,0.857143,354 384 424 427 554
nsga2,508_e-04,28,8,100,2,9950136.803306,1367609.003906,0.163265,0.836735,354 384 424 427 554
nsga2,508_e-04,28,9,100,2,9933210.698528,1360589.062500,0.183673,0.816327,354 380 384 418 424
nsga2,508_e-04,28,10,100,2,9933210.698528,1360589.062500,0.204082,0.795918,354 380 384 418 424
nsga2,508_e-04,28,11,100,2,9933210.698528,1360589.062500,0.224490,0.775510,354 380 384 418 424
nsga2,508_e-04,28,12,100,2,9927478.351534,1358955.865234,0.244898,0.755102,354 384 418 424 427
nsga2,508_e-04,28,13,100,2,9927478.351534,1358955.865234,0.265306,0.734694,354 384 418 424 427
nsga2,508_e-04,28,14,100,2,9927478.351534,1358955.865234,0.285714,0.714286,354 384 418 424 427
nsga2,508_e-04,28,15,100,2,9900618.221708,1354634.458984,0.306122,0.693878,354 379 384 407 424
nsga2,508_e-04,28,16,100,2,9900618.221708,1354634.458984,0.326531,0.673469,354 379 384 407 424
nsga2,508_e-04,28,17,100,2,9900618.221708,1354634.458984,0.346939,0.653061,354 379 384 407 424
nsga2,508_e-04,28,18,100,2,9900618.221708,1354634.458984,0.367347,0.632653,354 379 384 407 424
nsga2,508_e-04,28,19,100,2,9900618.221708,1354634.458984,0.387755,0.612245,354 379 384 407 424
nsga2,508_e-04,28,20,100,2,9900618.221708,1354634.458984,0.408163,0.591837,354 379 384 407 424
nsga2,508_e-04,28,21,100,2,9900618.221708,1354634.458984,0.428571,0.571429,354 379 384 407 424
nsga2,508_e-04,28,22,100,2,9900618.221708,1354634.458984,0.448980,0.551020,354 379 384 407 424
nsga2,508_e-04,28,23,100,2,9900618.221708,1354634.458984,0.469388,0.530612,354 379 384 407 424
nsga2,508_e-04,28,24,100,2,9900618.221708,1354634.458984,0.489796,0.510204,354 379 384 407 424
nsga2,508_e-04,28,25,100,2,9900618.221708,1354634.458984,0.510204,0.489796,354 379 384 407 424
nsga2,508_e-04,28,26,100,2,9900618.221708,1354634.458984,0.530612,0.469388,354 379 384 407 424
nsga2,508_e-04,28,27,100,2,9900618.221708,1354634.458984,0.551020,0.448980,354 379 384 407 424
nsga2,508_e-04,28,28,100,2,9900618.221708,1354634.458984,0.571429,0.428571,354 379 384 407 424
nsga2,508_e-04,28,29,100,2,9900618.221708,1354634.458984,0.591837,0.408163,354 379 384 407 424
nsga2,508_e-04,28,30,100,2,9900618.221708,1354634.458984,0.612245,0.387755,354 379 384 407 424
nsga2,508_e-04,28,31,100,2,9900618.221708,1354634.458984,0.632653,0.367347,354 379 384 407 424
nsga2,508_e-04,28,32,100,2,9900618.221708,1354634.458984,0.653061,0.346939,354 379 384 407 424
nsga2,508_e-04,28,33,100,2,9900618.221708,1354634.458984,0.673469,0.326531,354 379 384 407 424
nsga2,508_e-04,28,34,100,2,9900618.221708,1354634.458984,0.693878,0.306122,354 379 384 407 424
nsga2,508_e-04,28,35,100,2,9900618.221708,1354634.458984,0.714286,0.285714,354 379 384 407 424
nsga2,508_e-04,28,36,100,2,9900618.221708,1354634.458984,0.734694,0.265306,354 379 384 407 424
nsga2,508_e-04,28,37,100,2,9900618.221708,1354634.458984,0.755102,0.244898,354 379 384 407 424
nsga2,508_e-04,28,38,100,2,9900618.221708,1354634.458984,0.775510,0.224490,354 379 384 407 424
nsga2,508_e-04,28,39,100,2,9900618.221708,1354634.458984,0.795918,0.204082,354 379 384 407 424
nsga2,508_e-04,28,40,100,2,9900618.221708,1354634.458984,0.816327,0.183673,354 379 384 407 424
nsga2,508_e-04,28,41,100,2,9900618.221708,1354634.458984,0.836735,0.163265,354 379 384 407 424
nsga2,508_e-04,28,42,100,2,9900618.221708,1354634.458984,0.857143,0.142857,354 379 384 407 424
nsga2,508_e-04,28,43,100,2,9900618.221708,1354634.458984,0.877551,0.122449,354 379 384 407 424
nsga2,508_e-04,28,44,100,2,9900618.221708,1354634.458984,0.897959,0.102041,354 379 384 407 424
nsga2,508_e-04,28,45,100,2,9900618.221708,1354634.458984,0.918367,0.081633,354 379 384 407 424
nsga2,508_e-04,28,46,100,2,9900618.221708,1354634.458984,0.938776,0.061224,354 379 384 407 424
nsga2,508_e-04,28,47,100,2,9900618.221708,1354634.458984,0.959184,0.040816,354 379 384 407 424
nsga2,508_e-04,28,48,100,2,9900618.221708,1354634.458984,0.979592,0.020408,354 379 384 407 424
nsga2,508_e-04,28,49,100,2,9900618.221708,1354634.458984,1.000000,0.000000,354 379 384 407 424
nsga2,508_e-04,28,0,150,3,11617313.564896,1375069.998047,0.000000,1.000000,4880 5483 5655 5752 5869
nsga2,508_e-04,28,1,150,3,9970170.265891,1374693.023438,0.020408,0.979592,354 384 424 481 553
nsga2,508_e-04,28,2,150,3,9970170.265891,1374693.023438,0.040816,0.959184,354 384 424 481 553
nsga2,508_e-04,28,3,150,3,9970170.265891,1374693.023438,0.061224,0.938776,354 384 424 481 553
nsga2,508_e-04,28,4,150,3,9956188.442416,1368459.037109,0.081633,0.918367,354 379 384 424 553
nsga2,508_e-04,28,5,150,3,9899699.924655,1367598.080078,0.102041,0.897959,354 384 424 427 481
nsga2,508_e-04,28,6,150,3,9899699.924655,1367598.080078,0.122449,0.877551,354 384 424 427 481
nsga2,508_e-04,28,7,150,3,9899699.924655,1367598.080078,0.142857,0.857143,354 384 424 427 481
nsga2,508_e-04,28,8,150,3,9899699.924655,1367598.080078,0.163265,0.836735,354 384 424 427 481
nsga2,508_e-04,28,9,150,3,9899699.924655,1367598.080078,0.183673,0.816327,354 384 424 427 481
nsga2,508_e-04,28,10,150,3,9899699.924655,1367598.080078,0.204082,0.795918,354 384 424 427 481
nsga2,508_e-04,28,11,150,3,9899699.924655,1367598.080078,0.224490,0.775510,354 384 424 427 481
nsga2,508_e-04,28,12,150,3,9899699.924655,1367598.080078,0.244898,0.755102,354 384 424 427 481
nsga2,508_e-04,28,13,150,3,9899699.924655,1367598.080078,0.265306,0.734694,354 384 424 427 481
nsga2,508_e-04,28,14,150,3,9899699.924655,1367598.080078,0.285714,0.714286,354 384 424 427 481
nsga2,508_e-04,28,15,150,3,9899699.924655,1367598.080078,0.306122,0.693878,354 384 424 427 481
nsga2,508_e-04,28,16,150,3,9899699.924655,1367598.080078,0.326531,0.673469,354 384 424 427 481
nsga2,508_e-04,28,17,150,3,9899699.924655,1367598.080078,0.346939,0.653061,354 384 424 427 481
nsga2,508_e-04,28,18,150,3,9899699.924655,1367598.080078,0.367347,0.632653,354 384 424 427 481
nsga2,508_e-04,28,19,150,3,9880415.532575,1361340.837891,0.387755,0.612245,379 384 424 427 481
nsga2,508_e-04,28,20,150,3,9880415.532575,1361340.837891,0.408163,0.591837,379 384 424 427 481
nsga2,508_e-04,28,21,150,3,9880415.532575,1361340.837891,0.428571,0.571429,379 384 424 427 481
nsga2,508_e-04,28,22,150,3,9880415.532575,1361340.837891,0.448980,0.551020,379 384 424 427 481
nsga2,508_e-04,28,23,150,3,9880415.532575,1361340.837891,0.469388,0.530612,379 384 424 427 481
nsga2,508_e-04,28,24,150,3,9880415.532575,1361340.837891,0.489796,0.510204,379 384 424 427 481
nsga2,508_e-04,28,25,150,3,9880415.532575,1361340.837891,0.510204,0.489796,379 384 424 427 481
nsga2,508_e-04,28,26,150,3,9880415.532575,1361340.837891,0.530612,0.469388,379 384 424 427 481
nsga2,508_e-04,28,27,150,3,9880415.532575,1361340.837891,0.551020,0.448980,379 384 424 427 481
nsga2,508_e-04,28,28,150,3,9880415.532575,1361340.837891,0.571429,0.428571,379 384 424 427 481
nsga2,508_e-04,28,29,150,3,9880415.532575,1361340.837891,0.591837,0.408163,379 384 424 427 481
nsga2,508_e-04,28,30,150,3,9880415.532575,1361340.837891,0.612245,0.387755,379 384 424 427 481
nsga2,508_e-04,28,31,150,3,9880415.532575,1361340.837891,0.632653,0.367347,379 384 424 427 481
nsga2,508_e-04,28,32,150,3,9880415.532575,1361340.837891,0.653061,0.346939,379 384 424 427 481
nsga2,508_e-04,28,33,150,3,9880415.532575,1361340.837891,0.673469,0.326531,379 384 424 427 481
nsga2,508_e-04,28,34,150,3,9880415.532575,1361340.837891,0.693878,0.306122,379 384 424 427 481
nsga2,508_e-04,28,35,150,3,9880415.532575,1361340.837891,0.714286,0.285714,379 384 424 427 481
nsga2,508_e-04,28,36,150,3,9880415.532575,1361340.837891,0.734694,0.265306,379 384 424 427 481
nsga2,508_e-04,28,37,150,3,9880415.532575,1361340.837891,0.755102,0.244898,379 384 424 427 481
nsga2,508_e-04,28,38,150,3,9880415.532575,1361340.837891,0.775510,0.224490,379 384 424 427 481
nsga2,508_e-04,28,39,150,3,9880415.532575,1361340.837891,0.795918,0.204082,379 384 424 427 481
nsga2,508_e-04,28,40,150,3,9880415.532575,1361340.837891,0.816327,0.183673,379 384 424 427 481
nsga2,508_e-04,28,41,150,3,9880415.532575,1361340.837891,0.836735,0.163265,379 384 424 427 481
nsga2,508_e-04,28,42,150,3,9880415.532575,1361340.837891,0.857143,0.142857,379 384 424 427 481
nsga2,508_e-04,28,43,150,3,9880415.532575,1361340.837891,0.877551,0.122449,379 384 424 427 481
nsga2,508_e-04,28,44,150,3,9880415.532575,1361340.837891,0.897959,0.102041,379 384 424 427 481
nsga2,508_e-04,28,45,150,3,9880415.532575,1361340.837891,0.918367,0.081633,379 384 424 427 481
nsga2,508_e-04,28,46,150,3,9880415.532575,1361340.837891,0.938776,0.061224,379 384 424 427 481
nsga2,508_e-04,28,47,150,3,9880415.532575,1361340.837891,0.959184,0.040816,379 384 424 427 481
nsga2,508_e-04,28,48,150,3,9880415.532575,1361340.837891,0.979592,0.020408,379 384 424 427 481
nsga2,508_e-04,28,49,150,3,9880415.532575,1361340.837891,1.000000,0.000000,379 384 424 427 481
nsga2,508_e-04,28,0,200,4,11594283.387922,1375069.998047,0.000000,1.000000,3388 4879 5483 5655 5970
nsga2,508_e-04,28,1,200,4,9967344.719138,1374693.195312,0.020408,0.979592,354 384 426 481 553
nsga2,508_e-04,28,2,200,4,9967344.719138,1374693.195312,0.040816,0.959184,354 384 426 481 553
nsga2,508_e-04,28,3,200,4,9967344.719138,1374693.195312,0.061224,0.938776,354 384 426 481 553
nsga2,508_e-04,28,4,200,4,9956188.442416,1368459.037109,0.081633,0.918367,354 379 384 424 553
nsga2,508_e-04,28,5,200,4,9899699.924655,1367598.080078,0.102041,0.897959,354 384 424 427 481
nsga2,508_e-04,28,6,200,4,9899699.924655,1367598.080078,0.122449,0.877551,354 384 424 427 481
nsga2,508_e-04,28,7,200,4,9899699.924655,1367598.080078,0.142857,0.857143,354 384 424 427 481
nsga2,508_e-04,28,8,200,4,9899699.924655,1367598.080078,0.163265,0.836735,354 384 424 427 481
nsga2,508_e-04,28,9,200,4,9899699.924655,1367598.080078,0.183673,0.816327,354 384 424 427 481
nsga2,508_e-04,28,10,200,4,9899699.924655,1367598.080078,0.204082,0.795918,354 384 424 427 481
nsga2,508_e-04,28,11,200,4,9899699.924655,1367598.080078,0.224490,0.775510,354 384 424 427 481
nsga2,508_e-04,28,12,200,4,9899699.924655,1367598.080078,0.244898,0.755102,354 384 424 427 481
nsga2,508_e-04,28,13,200,4,9899699.924655,1367598.080078,0.265306,0.734694,354 384 424 427 481
nsga2,508_e-04,28,14,200,4,9899699.924655,1367598.080078,0.285714,0.714286,354 384 424 427 481
nsga2,508_e-04,28,15,200,4,9899699.924655,1367598.080078,0.306122,0.693878,354 384 424 427 481
nsga2,508_e-04,28,16,200,4,9899699.924655,1367598.080078,0.326531,0.673469,354 384 424 427 481
nsga2,508_e-04,28,17,200,4,9899699.924655,1367598.080078,0.346939,0.653061,354 384 424 427 481
nsga2,508_e-04,28,18,200,4,9899699.924655,1367598.080078,0.367347,0.632653,354 384 424 427 481
nsga2,508_e-04,28,19,200,4,9880415.532575,1361340.837891,0.387755,0.612245,379 384 424 427 481
nsga2,508_e-04,28,20,200,4,9880415.532575,1361340.837891,0.408163,0.591837,379 384 424 427 481
nsga2,508_e-04,28,21,200,4,9880415.532575,1361340.837891,0.428571,0.571429,379 384 424 427 481
nsga2,508_e-04,28,22,200,4,9880415.532575,1361340.837891,0.448980,0.551020,379 384 424 427 481
nsga2,508_e-04,28,23,200,4,9880415.532575,1361340.837891,0.469388,0.530612,379 384 424 427 481
nsga2,508_e-04,28,24,200,4,9880415.532575,1361340.837891,0.489796,0.510204,379 384 424 427 481
nsga2,508_e-04,28,25,200,4,9880415.532575,1361340.837891,0.510204,0.489796,379 384 424 427 481
nsga2,508_e-04,28,26,200,4,9880415.532575,1361340.837891,0.530612,0.469388,379 384 424 427 481
nsga2,508_e-04,28,27,200,4,9880415.532575,1361340.837891,0.551020,0.448980,379 384 424 427 481
nsga2,508_e-04,28,28,200,4,9880415.532575,1361340.837891,0.571429,0.428571,379 384 424 427 481
nsga2,508_e-04,28,29,200,4,9880415.532575,1361340.837891,0.591837,0.408163,379 384 424 427 481
nsga2,508_e-04,28,30,200,4,9880415.532575,1361340.837891,0.612245,0.387755,379 384 424 427 481
nsga2,508_e-04,28,31,200,4,9880415.532575,1361340.837891,0.632653,0.367347,379 384 424 427 481
nsga2,508_e-04,28,32,200,4,9880415.532575,1361340.837891,0.653061,0.346939,379 384 424 427 481
nsga2,508_e-04,28,33,200,4,9880415.532575,1361340.837891,0.673469,0.326531,379 384 424 427 481
nsga2,508_e-04,28,34,200,4,9880415.532575,1361340.837891,0.693878,0.306122,379 384 424 427 481
nsga2,508_e-04,28,35,200,4,9880415.532575,1361340.837891,0.714286,0.285714,379 384 424 427 481
nsga2,508_e-04,28,36,200,4,9880415.532575,1361340.837891,0.734694,0.265306,379 384 424 427 481
nsga2,508_e-04,28,37,200,4,9880415.532575,1361340.837891,0.755102,0.244898,379 384 424 427 481
nsga2,508_e-04,28,38,200,4,9880415.532575,1361340.837891,0.775510,0.224490,379 384 424 427 481
nsga2,508_e-04,28,39,200,4,9880415.532575,1361340.837891,0.795918,0.204082,379 384 424 427 481
nsga2,508_e-04,28,40,200,4,9880415.532575,1361340.837891,0.816327,0.183673,379 384 424 427 481
nsga2,508_e-04,28,41,200,4,9880415.532575,1361340.837891,0.836735,0.163265,379 384 424 427 481
nsga2,508_e-04,28,42,200,4,9880415.532575,1361340.837891,0.857143,0.142857,379 384 424 427 481
nsga2,508_e-04,28,43,200,4,9880415.532575,1361340.837891,0.877551,0.122449,379 384 424 427 481
nsga2,508_e-04,28,44,200,4,9880415.532575,1361340.837891,0.897959,0.102041,379 384 424 427 481
nsga2,508_e-04,28,45,200,4,9880415.532575,1361340.837891,0.918367,0.081633,379 384 424 427 481
nsga2,508_e-04,28,46,200,4,9880415.532575,1361340.837891,0.938776,0.061224,379 384 424 427 481
nsga2,508_e-04,28,47,200,4,9880415.532575,1361340.837891,0.959184,0.040816,379 384 424 427 481
nsga2,508_e-04,28,48,200,4,9880415.532575,1361340.837891,0.979592,0.020408,379 384 424 427 481
nsga2,508_e-04,28,49,200,4,9880415.532575,1361340.837891,1.000000,0.000000,379 384 424 427 481
nsga2,508_e-04,28,0,250,5,11594283.387922,1375069.998047,0.000000,1.000000,3388 4879 5483 5655 5970
nsga2,508_e-04,28,1,250,5,9967344.719138,1374693.195312,0.020408,0.979592,354 384 426 481 553
nsga2,508_e-04,28,2,250,5,9967344.719138,1374693.195312,0.040816,0.959184,354 384 426 481 553
nsga2,508_e-04,28,3,250,5,9960452.351990,1368461.376953,0.061224,0.938776,354 379 384 427 554
nsga2,508_e-04,28,4,250,5,9908877.954672,1368450.287109,0.081633,0.918367,354 379 384 425 481
nsga2,508_e-04,28,5,250,5,9908877.954672,1368450.287109,0.102041,0.897959,354 379 384 425 481
nsga2,508_e-04,28,6,250,5,9908877.954672,1368450.287109,0.122449,0.877551,354 379 384 425 481
nsga2,508_e-04,28,7,250,5,9904028.472530,1368067.927734,0.142857,0.857143,354 384 423 427 481
nsga2,508_e-04,28,8,250,5,9899699.924655,1367598.080078,0.163265,0.836735,354 384 424 427 481
nsga2,508_e-04,28,9,250,5,9898135.374976,1367078.865234,0.183673,0.816327,354 384 424 426 481
nsga2,508_e-04,28,10,250,5,9896874.377902,1366504.117188,0.204082,0.795918,354 384 426 427 481
nsga2,508_e-04,28,11,250,5,9896874.377902,1366504.117188,0.224490,0.775510,354 384 426 427 481
nsga2,508_e-04,28,12,250,5,9896874.377902,1366504.117188,0.244898,0.755102,354 384 426 427 481
nsga2,508_e-04,28,13,250,5,9896874.377902,1366504.117188,0.265306,0.734694,354 384 426 427 481
nsga2,508_e-04,28,14,250,5,9880415.532575,1361340.837891,0.285714,0.714286,379 384 424 427 481
nsga2,508_e-04,28,15,250,5,9880415.532575,1361340.837891,0.306122,0.693878,379 384 424 427 481
nsga2,508_e-04,28,16,250,5,9880415.532575,1361340.837891,0.326531,0.673469,379 384 424 427 481
nsga2,508_e-04,28,17,250,5,9880415.532575,1361340.837891,0.346939,0.653061,379 384 424 427 481
nsga2,508_e-04,28,18,250,5,9880415.532575,1361340.837891,0.367347,0.632653,379 384 424 427 481
nsga2,508_e-04,28,19,250,5,9880415.532575,1361340.837891,0.387755,0.612245,379 384 424 427 481
nsga2,508_e-04,28,20,250,5,9880415.532575,1361340.837891,0.408163,0.591837,379 384 424 427 481
nsga2,508_e-04,28,21,250,5,9878017.016834,1360821.791016,0.428571,0.571429,379 384 425 427 481
nsga2,508_e-04,28,22,250,5,9878017.016834,1360821.791016,0.448980,0.551020,379 384 425 427 481
nsga2,508_e-04,28,23,250,5,9878017.016834,1360821.791016,0.469388,0.530612,379 384 425 427 481
nsga2,508_e-04,28,24,250,5,9869730.341494,1359356.074219,0.489796,0.510204,383 384 423 426 481
nsga2,508_e-04,28,25,250,5,9869730.341494,1359356.074219,0.510204,0.489796,383 384 423 426 481
nsga2,508_e-04,28,26,250,5,9869730.341494,1359356.074219,0.530612,0.469388,383 384 423 426 481
nsga2,508_e-04,28,27,250,5,9869730.341494,1359356.074219,0.551020,0.448980,383 384 423 426 481
nsga2,508_e-04,28,28,250,5,9869730.341494,1359356.074219,0.571429,0.428571,383 384 423 426 481
nsga2,508_e-04,28,29,250,5,9869730.341494,1359356.074219,0.591837,0.408163,383 384 423 426 481
nsga2,508_e-04,28,30,250,5,9869730.341494,1359356.074219,0.612245,0.387755,383 384 423 426 481
nsga2,508_e-04,28,31,250,5,9869730.341494,1359356.074219,0.632653,0.367347,383 384 423 426 481
nsga2,508_e-04,28,32,250,5,9865401.793619,1358837.031250,0.653061,0.346939,383 384 424 426 481
nsga2,508_e-04,28,33,250,5,9865401.793619,1358837.031250,0.673469,0.326531,383 384 424 426 481
nsga2,508_e-04,28,34,250,5,9865401.793619,1358837.031250,0.693878,0.306122,383 384 424 426 481
nsga2,508_e-04,28,35,250,5,9865401.793619,1358837.031250,0.714286,0.285714,383 384 424 426 481
nsga2,508_e-04,28,36,250,5,9865401.793619,1358837.031250,0.734694,0.265306,383 384 424 426 481
nsga2,508_e-04,28,37,250,5,9865401.793619,1358837.031250,0.755102,0.244898,383 384 424 426 481
nsga2,508_e-04,28,38,250,5,9865401.793619,1358837.031250,0.775510,0.224490,383 384 424 426 481
nsga2,508_e-04,28,39,250,5,9865401.793619,1358837.031250,0.795918,0.204082,383 384 424 426 481
nsga2,508_e-04,28,40,250,5,9865401.793619,1358837.031250,0.816327,0.183673,383 384 424 426 481
nsga2,508_e-04,28,41,250,5,9860446.708291,1351251.246094,0.836735,0.163265,379 384 423 424 427
nsga2,508_e-04,28,42,250,5,9860446.708291,1351251.246094,0.857143,0.142857,379 384 423 424 427
nsga2,508_e-04,28,43,250,5,9860446.708291,1351251.246094,0.877551,0.122449,379 384 423 424 427
nsga2,508_e-04,28,44,250,5,9860446.708291,1351251.246094,0.897959,0.102041,379 384 423 424 427
nsga2,508_e-04,28,45,250,5,9860446.708291,1351251.246094,0.918367,0.081633,379 384 423 424 427
nsga2,508_e-04,28,46,250,5,9860446.708291,1351251.246094,0.938776,0.061224,379 384 423 424 427
nsga2,508_e-04,28,47,250,5,9860446.708291,1351251.246094,0.959184,0.040816,379 384 423 424 427
nsga2,508_e-04,28,48,250,5,9860446.708291,1351251.246094,0.979592,0.020408,379 384 423 424 427
nsga2,508_e-04,28,49,250,5,9860446.708291,1351251.246094,1.000000,0.000000,379 384 423 424 427
nsga2,508_e-04,28,0,300,6,11586336.284814,1375069.998047,0.000000,1.000000,3388 4876 5483 5655 5970
nsga2,508_e-04,28,1,300,6,9967232.931501,1374690.380859,0.020408,0.979592,354 382 426 481 553
nsga2,508_e-04,28,2,300,6,9967232.931501,1374690.380859,0.040816,0.959184,354 382 426 481 553
nsga2,508_e-04,28,3,300,6,9936771.683853,1368837.134766,0.061224,0.938776,348 354 384 427 481
nsga2,508_e-04,28,4,300,6,9908877.954672,1368450.287109,0.081633,0.918367,354 379 384 425 481
nsga2,508_e-04,28,5,300,6,9904028.472530,1368067.927734,0.102041,0.897959,354 384 423 427 481
nsga2,508_e-04,28,6,300,6,9899699.924655,1367598.080078,0.122449,0.877551,354 384 424 427 481
nsga2,508_e-04,28,7,300,6,9897301.408914,1367079.033203,0.142857,0.857143,354 384 425 427 481
nsga2,508_e-04,28,8,300,6,9895736.859235,1366503.951172,0.163265,0.836735,354 384 425 426 481
nsga2,508_e-04,28,9,300,6,9895736.859235,1366503.951172,0.183673,0.816327,354 384 425 426 481
nsga2,508_e-04,28,10,300,6,9895736.859235,1366503.951172,0.204082,0.795918,354 384 425 426 481
nsga2,508_e-04,28,11,300,6,9880415.532575,1361340.837891,0.224490,0.775510,379 384 424 427 481
nsga2,508_e-04,28,12,300,6,9880415.532575,1361340.837891,0.244898,0.755102,379 384 424 427 481
nsga2,508_e-04,28,13,300,6,9880415.532575,1361340.837891,0.265306,0.734694,379 384 424 427 481
nsga2,508_e-04,28,14,300,6,9880415.532575,1361340.837891,0.285714,0.714286,379 384 424 427 481
nsga2,508_e-04,28,15,300,6,9878017.016834,1360821.791016,0.306122,0.693878,379 384 425 427 481
nsga2,508_e-04,28,16,300,6,9872172.818069,1360396.851562,0.326531,0.673469,380 384 425 427 481
nsga2,508_e-04,28,17,300,6,9872172.818069,1360396.851562,0.346939,0.653061,380 384 425 427 481
nsga2,508_e-04,28,18,300,6,9872172.818069,1360396.851562,0.367347,0.632653,380 384 425 427 481
nsga2,508_e-04,28,19,300,6,9870604.937167,1359358.976562,0.387755,0.612245,384 385 424 427 481
nsga2,508_e-04,28,20,300,6,9869730.341494,1359356.074219,0.408163,0.591837,383 384 423 426 481
nsga2,508_e-04,28,21,300,6,9865401.793619,1358837.031250,0.428571,0.571429,383 384 424 426 481
nsga2,508_e-04,28,22,300,6,9865401.793619,1358837.031250,0.448980,0.551020,383 384 424 426 481
nsga2,508_e-04,28,23,300,6,9865401.793619,1358837.031250,0.469388,0.530612,383 384 424 426 481
nsga2,508_e-04,28,24,300,6,9864140.796545,1358262.283203,0.489796,0.510204,383 384 426 427 481
nsga2,508_e-04,28,25,300,6,9864140.796545,1358262.283203,0.510204,0.489796,383 384 426 427 481
nsga2,508_e-04,28,26,300,6,9864140.796545,1358262.283203,0.530612,0.469388,383 384 426 427 481
nsga2,508_e-04,28,27,300,6,9864140.796545,1358262.283203,0.551020,0.448980,383 384 426 427 481
nsga2,508_e-04,28,28,300,6,9864140.796545,1358262.283203,0.571429,0.428571,383 384 426 427 481
nsga2,508_e-04,28,29,300,6,9860446.708291,1351251.246094,0.591837,0.408163,379 384 423 424 427
nsga2,508_e-04,28,30,300,6,9860446.708291,1351251.246094,0.612245,0.387755,379 384 423 424 427
nsga2,508_e-04,28,31,300,6,9860446.708291,1351251.246094,0.632653,0.367347,379 384 423 424 427
nsga2,508_e-04,28,32,300,6,9860446.708291,1351251.246094,0.653061,0.346939,379 384 423 424 427
nsga2,508_e-04,28,33,300,6,9846997.519014,1349266.654297,0.673469,0.326531,383 384 423 424 427
nsga2,508_e-04,28,34,300,6,9846997.519014,1349266.654297,0.693878,0.306122,383 384 423 424 427
nsga2,508_e-04,28,35,300,6,9846997.519014,1349266.654297,0.714286,0.285714,383 384 423 424 427
nsga2,508_e-04,28,36,300,6,9846997.519014,1349266.654297,0.734694,0.265306,383 384 423 424 427
nsga2,508_e-04,28,37,300,6,9846997.519014,1349266.654297,0.755102,0.244898,383 384 423 424 427
nsga2,508_e-04,28,38,300,6,9846997.519014,1349266.654297,0.775510,0.224490,383 384 423 424 427
nsga2,508_e-04,28,39,300,6,9846997.519014,1349266.654297,0.795918,0.204082,383 384 423 424 427
nsga2,508_e-04,28,40,300,6,9846997.519014,1349266.654297,0.816327,0.183673,383 384 423 424 427
nsga2,508_e-04,28,41,300,6,9846997.519014,1349266.654297,0.836735,0.163265,383 384 423 424 427
nsga2,508_e-04,28,42,300,6,9846997.519014,1349266.654297,0.857143,0.142857,383 384 423 424 427
nsga2,508_e-04,28,43,300,6,9846997.519014,1349266.654297,0.877551,0.122449,383 384 423 424 427
nsga2,508_e-04,28,44,300,6,9846997.519014,1349266.654297,0.897959,0.102041,383 384 423 424 427
nsga2,508_e-04,28,45,300,6,9846997.519014,1349266.654297,0.918367,0.081633,383 384 423 424 427
nsga2,508_e-04,28,46,300,6,9846997.519014,1349266.654297,0.938776,0.061224,383 384 423 424 427
nsga2,508_e-04,28,47,300,6,9846997.519014,1349266.654297,0.959184,0.040816,383 384 423 424 427
nsga2,508_e-04,28,48,300,6,9846997.519014,1349266.654297,0.979592,0.020408,383 384 423 424 427
nsga2,508_e-04,28,49,300,6,9846997.519014,1349266.654297,1.000000,0.000000,383 384 423 424 427
nsga2,508_e-04,28,0,350,7,11574280.246275,1375069.998047,0.000000,1.000000,3388 4879 5483 5655 5836
nsga2,508_e-04,28,1,350,7,9967232.931501,1374690.380859,0.020408,0.979592,354 382 426 481 553
nsga2,508_e-04,28,2,350,7,9967232.931501,1374690.380859,0.040816,0.959184,354 382 426 481 553
nsga2,508_e-04,28,3,350,7,9936771.683853,1368837.134766,0.061224,0.938776,348 354 384 427 481
nsga2,508_e-04,28,4,350,7,9910015.473339,1368450.453125,0.081633,0.918367,354 379 384 427 481
nsga2,508_e-04,28,5,350,7,9904028.472530,1368067.927734,0.102041,0.897959,354 384 423 427 481
nsga2,508_e-04,28,6,350,7,9899699.924655,1367598.080078,0.122449,0.877551,354 384 424 427 481
nsga2,508_e-04,28,7,350,7,9897301.408914,1367079.033203,0.142857,0.857143,354 384 425 427 481
nsga2,508_e-04,28,8,350,7,9895736.859235,1366503.951172,0.163265,0.836735,354 384 425 426 481
nsga2,508_e-04,28,9,350,7,9895736.859235,1366503.951172,0.183673,0.816327,354 384 425 426 481
nsga2,508_e-04,28,10,350,7,9895736.859235,1366503.951172,0.204082,0.795918,354 384 425 426 481
nsga2,508_e-04,28,11,350,7,9887606.563434,1361909.580078,0.224490,0.775510,351 379 384 423 427
nsga2,508_e-04,28,12,350,7,9887606.563434,1361909.580078,0.244898,0.755102,351 379 384 423 427
nsga2,508_e-04,28,13,350,7,9880415.532575,1361340.837891,0.265306,0.734694,379 384 424 427 481
nsga2,508_e-04,28,14,350,7,9880415.532575,1361340.837891,0.285714,0.714286,379 384 424 427 481
nsga2,508_e-04,28,15,350,7,9878017.016834,1360821.791016,0.306122,0.693878,379 384 425 427 481
nsga2,508_e-04,28,16,350,7,9872172.818069,1360396.851562,0.326531,0.673469,380 384 425 427 481
nsga2,508_e-04,28,17,350,7,9872172.818069,1360396.851562,0.346939,0.653061,380 384 425 427 481
nsga2,508_e-04,28,18,350,7,9872172.818069,1360396.851562,0.367347,0.632653,380 384 425 427 481
nsga2,508_e-04,28,19,350,7,9870604.937167,1359358.976562,0.387755,0.612245,384 385 424 427 481
nsga2,508_e-04,28,20,350,7,9869730.341494,1359356.074219,0.408163,0.591837,383 384 423 426 481
nsga2,508_e-04,28,21,350,7,9865401.793619,1358837.031250,0.428571,0.571429,383 384 424 426 481
nsga2,508_e-04,28,22,350,7,9865401.793619,1358837.031250,0.448980,0.551020,383 384 424 426 481
nsga2,508_e-04,28,23,350,7,9865401.793619,1358837.031250,0.469388,0.530612,383 384 424 426 481
nsga2,508_e-04,28,24,350,7,9864140.796545,1358262.283203,0.489796,0.510204,383 384 426 427 481
nsga2,508_e-04,28,25,350,7,9864140.796545,1358262.283203,0.510204,0.489796,383 384 426 427 481
nsga2,508_e-04,28,26,350,7,9864140.796545,1358262.283203,0.530612,0.469388,383 384 426 427 481
nsga2,508_e-04,28,27,350,7,9864140.796545,1358262.283203,0.551020,0.448980,383 384 426 427 481
nsga2,508_e-04,28,28,350,7,9864140.796545,1358262.283203,0.571429,0.428571,383 384 426 427 481
nsga2,508_e-04,28,29,350,7,9860687.285868,1351449.003906,0.591837,0.408163,379 381 384 423 427
nsga2,508_e-04,28,30,350,7,9860687.285868,1351449.003906,0.612245,0.387755,379 381 384 423 427
nsga2,508_e-04,28,31,350,7,9860687.285868,1351449.003906,0.632653,0.367347,379 381 384 423 427
nsga2,508_e-04,28,32,350,7,9860446.708291,1351251.246094,0.653061,0.346939,379 384 423 424 427
nsga2,508_e-04,28,33,350,7,9846997.519014,1349266.654297,0.673469,0.326531,383 384 423 424 427
nsga2,508_e-04,28,34,350,7,9846997.519014,1349266.654297,0.693878,0.306122,383 384 423 424 427
nsga2,508_e-04,28,35,350,7,9846997.519014,1349266.654297,0.714286,0.285714,383 384 423 424 427
nsga2,508_e-04,28,36,350,7,9846997.519014,1349266.654297,0.734694,0.265306,383 384 423 424 427
nsga2,508_e-04,28,37,350,7,9846997.519014,1349266.654297,0.755102,0.244898,383 384 423 424 427
nsga2,508_e-04,28,38,350,7,9846997.519014,1349266.654297,0.775510,0.224490,383 384 423 424 427
nsga2,508_e-04,28,39,350,7,9846997.519014,1349266.654297,0.795918,0.204082,383 384 423 424 427
nsga2,508_e-04,28,40,350,7,9846997.519014,1349266.654297,0.816327,0.183673,383 384 423 424 427
nsga2,508_e-04,28,41,350,7,9846997.519014,1349266.654297,0.836735,0.163265,383 384 423 424 427
nsga2,508_e-04,28,42,350,7,9846997.519014,1349266.654297,0.857143,0.142857,383 384 423 424 427
nsga2,508_e-04,28,43,350,7,9846997.519014,1349266.654297,0.877551,0.122449,383 384 423 424 427
nsga2,508_e-04,28,44,350,7,9846997.519014,1349266.654297,0.897959,0.102041,383 384 423 424 427
nsga2,508_e-04,28,45,350,7,9846997.519014,1349266.654297,0.918367,0.081633,383 384 423 424 427
nsga2,508_e-04,28,46,350,7,9846997.519014,1349266.654297,0.938776,0.061224,383 384 423 424 427
nsga2,508_e-04,28,47,350,7,9846997.519014,1349266.654297,0.959184,0.040816,383 384 423 424 427
nsga2,508_e-04,28,48,350,7,9846997.519014,1349266.654297,0.979592,0.020408,383 384 423 424 427
nsga2,508_e-04,28,49,350,7,9846997.519014,1349266.654297,1.000000,0.000000,383 384 423 424 427
nsga2,508_e-04,28,0,400,8,11558188.060508,1375069.998047,0.000000,1.000000,3389 4879 5483 5655 5836
nsga2,508_e-04,28,1,400,8,9967232.931501,1374690.380859,0.020408,0.979592,354 382 426 481 553
nsga2,508_e-04,28,2,400,8,9967232.931501,1374690.380859,0.040816,0.959184,354 382 426 481 553
nsga2,508_e-04,28,3,400,8,9936771.683853,1368837.134766,0.061224,0.938776,348 354 384 427 481
nsga2,508_e-04,28,4,400,8,9910015.473339,1368450.453125,0.081633,0.918367,354 379 384 427 481
nsga2,508_e-04,28,5,400,8,9904028.472530,1368067.927734,0.102041,0.897959,354 384 423 427 481
nsga2,508_e-04,28,6,400,8,9899699.924655,1367598.080078,0.122449,0.877551,354 384 424 427 481
nsga2,508_e-04,28,7,400,8,9897301.408914,1367079.033203,0.142857,0.857143,354 384 425 427 481
nsga2,508_e-04,28,8,400,8,9895736.859235,1366503.951172,0.163265,0.836735,354 384 425 426 481
nsga2,508_e-04,28,9,400,8,9893273.004195,1364137.511719,0.183673,0.816327,354 384 402 427 481
nsga2,508_e-04,28,10,400,8,9893273.004195,1364137.511719,0.204082,0.795918,354 384 402 427 481
nsga2,508_e-04,28,11,400,8,9890046.649056,1361913.042969,0.224490,0.775510,354 379 384 423 427
nsga2,508_e-04,28,12,400,8,9887606.563434,1361909.580078,0.244898,0.755102,351 379 384 423 427
nsga2,508_e-04,28,13,400,8,9880415.532575,1361340.837891,0.265306,0.734694,379 384 424 427 481
nsga2,508_e-04,28,14,400,8,9880415.532575,1361340.837891,0.285714,0.714286,379 384 424 427 481
nsga2,508_e-04,28,15,400,8,9874669.109342,1360917.328125,0.306122,0.693878,381 384 423 427 481
nsga2,508_e-04,28,16,400,8,9874669.109342,1360917.328125,0.326531,0.673469,381 384 423 427 481
nsga2,508_e-04,28,17,400,8,9872172.818069,1360396.851562,0.346939,0.653061,380 384 425 427 481
nsga2,508_e-04,28,18,400,8,9872172.818069,1360396.851562,0.367347,0.632653,380 384 425 427 481
nsga2,508_e-04,28,19,400,8,9868776.011788,1359928.265625,0.387755,0.612245,381 384 424 426 481
nsga2,508_e-04,28,20,400,8,9868776.011788,1359928.265625,0.408163,0.591837,381 384 424 426 481
nsga2,508_e-04,28,21,400,8,9867515.014714,1359353.517578,0.428571,0.571429,381 384 426 427 481
nsga2,508_e-04,28,22,400,8,9865401.793619,1358837.031250,0.448980,0.551020,383 384 424 426 481
nsga2,508_e-04,28,23,400,8,9865401.793619,1358837.031250,0.469388,0.530612,383 384 424 426 481
nsga2,508_e-04,28,24,400,8,9864140.796545,1358262.283203,0.489796,0.510204,383 384 426 427 481
nsga2,508_e-04,28,25,400,8,9864140.796545,1358262.283203,0.510204,0.489796,383 384 426 427 481
nsga2,508_e-04,28,26,400,8,9864140.796545,1358262.283203,0.530612,0.469388,383 384 426 427 481
nsga2,508_e-04,28,27,400,8,9864140.796545,1358262.283203,0.551020,0.448980,383 384 426 427 481
nsga2,508_e-04,28,28,400,8,9863673.063431,1353848.679688,0.571429,0.428571,384 402 424 427 481
nsga2,508_e-04,28,29,400,8,9860687.285868,1351449.003906,0.591837,0.408163,379 381 384 423 427
nsga2,508_e-04,28,30,400,8,9860687.285868,1351449.003906,0.612245,0.387755,379 381 384 423 427
nsga2,508_e-04,28,31,400,8,9860687.285868,1351449.003906,0.632653,0.367347,379 381 384 423 427
nsga2,508_e-04,28,32,400,8,9850371.737183,1350357.888672,0.653061,0.346939,381 384 423 424 427
nsga2,508_e-04,28,33,400,8,9850371.737183,1350357.888672,0.673469,0.326531,381 384 423 424 427
nsga2,508_e-04,28,34,400,8,9850371.737183,1350357.888672,0.693878,0.306122,381 384 423 424 427
nsga2,508_e-04,28,35,400,8,9850371.737183,1350357.888672,0.714286,0.285714,381 384 423 424 427
nsga2,508_e-04,28,36,400,8,9850371.737183,1350357.888672,0.734694,0.265306,381 384 423 424 427
nsga2,508_e-04,28,37,400,8,9850371.737183,1350357.888672,0.755102,0.244898,381 384 423 424 427
nsga2,508_e-04,28,38,400,8,9850371.737183,1350357.888672,0.775510,0.224490,381 384 423 424 427
nsga2,508_e-04,28,39,400,8,9850371.737183,1350357.888672,0.795918,0.204082,381 384 423 424 427
nsga2,508_e-04,28,40,400,8,9850371.737183,1350357.888672,0.816327,0.183673,381 384 423 424 427
nsga2,508_e-04,28,41,400,8,9850371.737183,1350357.888672,0.836735,0.163265,381 384 423 424 427
nsga2,508_e-04,28,42,400,8,9850371.737183,1350357.888672,0.857143,0.142857,381 384 423 424 427
nsga2,508_e-04,28,43,400,8,9850371.737183,1350357.888672,0.877551,0.122449,381 384 423 424 427
nsga2,508_e-04,28,44,400,8,9846997.519014,1349266.654297,0.897959,0.102041,383 384 423 424 427
nsga2,508_e-04,28,45,400,8,9846997.519014,1349266.654297,0.918367,0.081633,383 384 423 424 427
nsga2,508_e-04,28,46,400,8,9846997.519014,1349266.654297,0.938776,0.061224,383 384 423 424 427
nsga2,508_e-04,28,47,400,8,9846997.519014,1349266.654297,0.959184,0.040816,383 384 423 424 427
nsga2,508_e-04,28,48,400,8,9846997.519014,1349266.654297,0.979592,0.020408,383 384 423 424 427
nsga2,508_e-04,28,49,400,8,9846997.519014,1349266.654297,1.000000,0.000000,383 384 423 424 427
nsga2,508_e-04,28,0,450,9,11530622.253318,1375069.998047,0.000000,1.000000,3389 4879 5483 5655 5869
nsga2,508_e-04,28,1,450,9,9965596.041140,1374694.882812,0.020408,0.979592,354 384 426 482 553
nsga2,508_e-04,28,2,450,9,9965596.041140,1374694.882812,0.040816,0.959184,354 384 426 482 553
nsga2,508_e-04,28,3,450,9,9936771.683853,1368837.134766,0.061224,0.938776,348 354 384 427 481
nsga2,508_e-04,28,4,450,9,9910015.473339,1368450.453125,0.081633,0.918367,354 379 384 427 481
nsga2,508_e-04,28,5,450,9,9902279.794532,1368070.224609,0.102041,0.897959,354 384 423 427 482
nsga2,508_e-04,28,6,450,9,9898375.952552,1367556.496094,0.122449,0.877551,354 381 384 426 481
nsga2,508_e-04,28,7,450,9,9895125.699904,1366506.414062,0.142857,0.857143,354 384 426 427 482
nsga2,508_e-04,28,8,450,9,9895125.699904,1366506.414062,0.163265,0.836735,354 384 426 427 482
nsga2,508_e-04,28,9,450,9,9893273.004195,1364137.511719,0.183673,0.816327,354 384 402 427 481
nsga2,508_e-04,28,10,450,9,9893273.004195,1364137.511719,0.204082,0.795918,354 384 402 427 481
nsga2,508_e-04,28,11,450,9,9887606.563434,1361909.580078,0.224490,0.775510,351 379 384 423 427
nsga2,508_e-04,28,12,450,9,9880415.532575,1361340.837891,0.244898,0.755102,379 384 424 427 481
nsga2,508_e-04,28,13,450,9,9880415.532575,1361340.837891,0.265306,0.734694,379 384 424 427 481
nsga2,508_e-04,28,14,450,9,9872920.431344,1360919.625000,0.285714,0.714286,381 384 423 427 482
nsga2,508_e-04,28,15,450,9,9872920.431344,1360919.625000,0.306122,0.693878,381 384 423 427 482
nsga2,508_e-04,28,16,450,9,9872920.431344,1360919.625000,0.326531,0.673469,381 384 423 427 482
nsga2,508_e-04,28,17,450,9,9867942.045726,1359928.433594,0.346939,0.653061,381 384 425 427 481
nsga2,508_e-04,28,18,450,9,9867942.045726,1359928.433594,0.367347,0.632653,381 384 425 427 481
nsga2,508_e-04,28,19,450,9,9867942.045726,1359928.433594,0.387755,0.612245,381 384 425 427 481
nsga2,508_e-04,28,20,450,9,9865401.793619,1358837.031250,0.408163,0.591837,383 384 424 426 481
nsga2,508_e-04,28,21,450,9,9865401.793619,1358837.031250,0.428571,0.571429,383 384 424 426 481
nsga2,508_e-04,28,22,450,9,9864140.796545,1358262.283203,0.448980,0.551020,383 384 426 427 481
nsga2,508_e-04,28,23,450,9,9864140.796545,1358262.283203,0.469388,0.530612,383 384 426 427 481
nsga2,508_e-04,28,24,450,9,9864140.796545,1358262.283203,0.489796,0.510204,383 384 426 427 481
nsga2,508_e-04,28,25,450,9,9860847.516678,1353836.904297,0.510204,0.489796,384 402 426 427 481
nsga2,508_e-04,28,26,450,9,9860847.516678,1353836.904297,0.530612,0.469388,384 402 426 427 481
nsga2,508_e-04,28,27,450,9,9860847.516678,1353836.904297,0.551020,0.448980,384 402 426 427 481
nsga2,508_e-04,28,28,450,9,9860847.516678,1353836.904297,0.571429,0.428571,384 402 426 427 481
nsga2,508_e-04,28,29,450,9,9850371.737183,1350357.888672,0.591837,0.408163,381 384 423 424 427
nsga2,508_e-04,28,30,450,9,9850371.737183,1350357.888672,0.612245,0.387755,381 384 423 424 427
nsga2,508_e-04,28,31,450,9,9850371.737183,1350357.888672,0.632653,0.367347,381 384 423 424 427
nsga2,508_e-04,28,32,450,9,9850371.737183,1350357.888672,0.653061,0.346939,381 384 423 424 427
nsga2,508_e-04,28,33,450,9,9850371.737183,1350357.888672,0.673469,0.326531,381 384 423 424 427
nsga2,508_e-04,28,34,450,9,9850371.737183,1350357.888672,0.693878,0.306122,381 384 423 424 427
nsga2,508_e-04,28,35,450,9,9850371.737183,1350357.888672,0.714286,0.285714,381 384 423 424 427
nsga2,508_e-04,28,36,450,9,9850371.737183,1350357.888672,0.734694,0.265306,381 384 423 424 427
nsga2,508_e-04,28,37,450,9,9850371.737183,1350357.888672,0.755102,0.244898,381 384 423 424 427
nsga2,508_e-04,28,38,450,9,9850371.737183,1350357.888672,0.775510,0.224490,381 384 423 424 427
nsga2,508_e-04,28,39,450,9,9847546.190431,1350042.857422,0.795918,0.204082,381 384 423 426 427
nsga2,508_e-04,28,40,450,9,9847546.190431,1350042.857422,0.816327,0.183673,381 384 423 426 427
nsga2,508_e-04,28,41,450,9,9847546.190431,1350042.857422,0.836735,0.163265,381 384 423 426 427
nsga2,508_e-04,28,42,450,9,9843217.642555,1349394.511719,0.857143,0.142857,381 384 424 426 427
nsga2,508_e-04,28,43,450,9,9843217.642555,1349394.511719,0.877551,0.122449,381 384 424 426 427
nsga2,508_e-04,28,44,450,9,9843217.642555,1349394.511719,0.897959,0.102041,381 384 424 426 427
nsga2,508_e-04,28,45,450,9,9843217.642555,1349394.511719,0.918367,0.081633,381 384 424 426 427
nsga2,508_e-04,28,46,450,9,9843217.642555,1349394.511719,0.938776,0.061224,381 384 424 426 427
nsga2,508_e-04,28,47,450,9,9843217.642555,1349394.511719,0.959184,0.040816,381 384 424 426 427
nsga2,508_e-04,28,48,450,9,9843217.642555,1349394.511719,0.979592,0.020408,381 384 424 426 427
nsga2,508_e-04,28,49,450,9,9843217.642555,1349394.511719,1.000000,0.000000,381 384 424 426 427
nsga2,508_e-04,28,0,500,10,11530622.253318,1375069.998047,0.000000,1.000000,3389 4879 5483 5655 5869
nsga2,508_e-04,28,1,500,10,9965596.041140,1374694.882812,0.020408,0.979592,354 384 426 482 553
nsga2,508_e-04,28,2,500,10,9965596.041140,1374694.882812,0.040816,0.959184,354 384 426 482 553
nsga2,508_e-04,28,3,500,10,9936771.683853,1368837.134766,0.061224,0.938776,348 354 384 427 481
nsga2,508_e-04,28,4,500,10,9910015.473339,1368450.453125,0.081633,0.918367,354 379 384 427 481
nsga2,508_e-04,28,5,500,10,9902279.794532,1368070.224609,0.102041,0.897959,354 384 423 427 482
nsga2,508_e-04,28,6,500,10,9897951.246656,1367600.376953,0.122449,0.877551,354 384 424 427 482
nsga2,508_e-04,28,7,500,10,9895001.734383,1366464.763672,0.142857,0.857143,354 383 384 426 481
nsga2,508_e-04,28,8,500,10,9895001.734383,1366464.763672,0.163265,0.836735,354 383 384 426 481
nsga2,508_e-04,28,9,500,10,9893273.004195,1364137.511719,0.183673,0.816327,354 384 402 427 481
nsga2,508_e-04,28,10,500,10,9893273.004195,1364137.511719,0.204082,0.795918,354 384 402 427 481
nsga2,508_e-04,28,11,500,10,9887606.563434,1361909.580078,0.224490,0.775510,351 379 384 423 427
nsga2,508_e-04,28,12,500,10,9880415.532575,1361340.837891,0.244898,0.755102,379 384 424 427 481
nsga2,508_e-04,28,13,500,10,9880415.532575,1361340.837891,0.265306,0.734694,379 384 424 427 481
nsga2,508_e-04,28,14,500,10,9872920.431344,1360919.625000,0.285714,0.714286,381 384 423 427 482
nsga2,508_e-04,28,15,500,10,9872920.431344,1360919.625000,0.306122,0.693878,381 384 423 427 482
nsga2,508_e-04,28,16,500,10,9872920.431344,1360919.625000,0.326531,0.673469,381 384 423 427 482
nsga2,508_e-04,28,17,500,10,9867942.045726,1359928.433594,0.346939,0.653061,381 384 425 427 481
nsga2,508_e-04,28,18,500,10,9867942.045726,1359928.433594,0.367347,0.632653,381 384 425 427 481
nsga2,508_e-04,28,19,500,10,9867942.045726,1359928.433594,0.387755,0.612245,381 384 425 427 481
nsga2,508_e-04,28,20,500,10,9865401.793619,1358837.031250,0.408163,0.591837,383 384 424 426 481
nsga2,508_e-04,28,21,500,10,9864963.879222,1358835.853516,0.428571,0.571429,382 384 426 427 481
nsga2,508_e-04,28,22,500,10,9864140.796545,1358262.283203,0.448980,0.551020,383 384 426 427 481
nsga2,508_e-04,28,23,500,10,9864140.796545,1358262.283203,0.469388,0.530612,383 384 426 427 481
nsga2,508_e-04,28,24,500,10,9864140.796545,1358262.283203,0.489796,0.510204,383 384 426 427 481
nsga2,508_e-04,28,25,500,10,9860847.516678,1353836.904297,0.510204,0.489796,384 402 426 427 481
nsga2,508_e-04,28,26,500,10,9860847.516678,1353836.904297,0.530612,0.469388,384 402 426 427 481
nsga2,508_e-04,28,27,500,10,9860847.516678,1353836.904297,0.551020,0.448980,384 402 426 427 481
nsga2,508_e-04,28,28,500,10,9860847.516678,1353836.904297,0.571429,0.428571,384 402 426 427 481
nsga2,508_e-04,28,29,500,10,9850371.737183,1350357.888672,0.591837,0.408163,381 384 423 424 427
nsga2,508_e-04,28,30,500,10,9850371.737183,1350357.888672,0.612245,0.387755,381 384 423 424 427
nsga2,508_e-04,28,31,500,10,9850371.737183,1350357.888672,0.632653,0.367347,381 384 423 424 427
nsga2,508_e-04,28,32,500,10,9850371.737183,1350357.888672,0.653061,0.346939,381 384 423 424 427
nsga2,508_e-04,28,33,500,10,9850371.737183,1350357.888672,0.673469,0.326531,381 384 423 424 427
nsga2,508_e-04,28,34,500,10,9850371.737183,1350357.888672,0.693878,0.306122,381 384 423 424 427
nsga2,508_e-04,28,35,500,10,9850371.737183,1350357.888672,0.714286,0.285714,381 384 423 424 427
nsga2,508_e-04,28,36,500,10,9850371.737183,1350357.888672,0.734694,0.265306,381 384 423 424 427
nsga2,508_e-04,28,37,500,10,9850371.737183,1350357.888672,0.755102,0.244898,381 384 423 424 427
nsga2,508_e-04,28,38,500,10,9850371.737183,1350357.888672,0.775510,0.224490,381 384 423 424 427
nsga2,508_e-04,28,39,500,10,9847546.190431,1350042.857422,0.795918,0.204082,381 384 423 426 427
nsga2,508_e-04,28,40,500,10,9847546.190431,1350042.857422,0.816327,0.183673,381 384 423 426 427
nsga2,508_e-04,28,41,500,10,9847546.190431,1350042.857422,0.836735,0.163265,381 384 423 426 427
nsga2,508_e-04,28,42,500,10,9843217.642555,1349394.511719,0.857143,0.142857,381 384 424 426 427
nsga2,508_e-04,28,43,500,10,9843217.642555,1349394.511719,0.877551,0.122449,381 384 424 426 427
nsga2,508_e-04,28,44,500,10,9843217.642555,1349394.511719,0.897959,0.102041,381 384 424 426 427
nsga2,508_e-04,28,45,500,10,9843217.642555,1349394.511719,0.918367,0.081633,381 384 424 426 427
nsga2,508_e-04,28,46,500,10,9843217.642555,1349394.511719,0.938776,0.061224,381 384 424 426 427
nsga2,508_e-04,28,47,500,10,9843217.642555,1349394.511719,0.959184,0.040816,381 384 424 426 427
nsga2,508_e-04,28,48,500,10,9843217.642555,1349394.511719,0.979592,0.020408,381 384 424 426 427
nsga2,508_e-04,28,49,500,10,9843217.642555,1349394.511719,1.000000,0.000000,381 384 424 426 427
nsga2,508_e-04,28,0,550,11,11530622.253318,1375069.998047,0.000000,1.000000,3389 4879 5483 5655 5869
nsga2,508_e-04,28,1,550,11,9965596.041140,1374694.882812,0.020408,0.979592,354 384 426 482 553
nsga2,508_e-04,28,2,550,11,9965596.041140,1374694.882812,0.040816,0.959184,354 384 426 482 553
nsga2,508_e-04,28,3,550,11,9933458.456176,1368839.349609,0.061224,0.938776,348 354 384 426 482
nsga2,508_e-04,28,4,550,11,9908266.795341,1368452.750000,0.081633,0.918367,354 379 384 427 482
nsga2,508_e-04,28,5,550,11,9902279.794532,1368070.224609,0.102041,0.897959,354 384 423 427 482
nsga2,508_e-04,28,6,550,11,9897951.246656,1367600.376953,0.122449,0.877551,354 384 424 427 482
nsga2,508_e-04,28,7,550,11,9895001.734383,1366464.763672,0.142857,0.857143,354 383 384 426 481
nsga2,508_e-04,28,8,550,11,9895001.734383,1366464.763672,0.163265,0.836735,354 383 384 426 481
nsga2,508_e-04,28,9,550,11,9893273.004195,1364137.511719,0.183673,0.816327,354 384 402 427 481
nsga2,508_e-04,28,10,550,11,9893273.004195,1364137.511719,0.204082,0.795918,354 384 402 427 481
nsga2,508_e-04,28,11,550,11,9887606.563434,1361909.580078,0.224490,0.775510,351 379 384 423 427
nsga2,508_e-04,28,12,550,11,9880415.532575,1361340.837891,0.244898,0.755102,379 384 424 427 481
nsga2,508_e-04,28,13,550,11,9880415.532575,1361340.837891,0.265306,0.734694,379 384 424 427 481
nsga2,508_e-04,28,14,550,11,9872920.431344,1360919.625000,0.285714,0.714286,381 384 423 427 482
nsga2,508_e-04,28,15,550,11,9872920.431344,1360919.625000,0.306122,0.693878,381 384 423 427 482
nsga2,508_e-04,28,16,550,11,9872920.431344,1360919.625000,0.326531,0.673469,381 384 423 427 482
nsga2,508_e-04,28,17,550,11,9867027.333790,1359930.562500,0.346939,0.653061,381 384 424 426 482
nsga2,508_e-04,28,18,550,11,9867027.333790,1359930.562500,0.367347,0.632653,381 384 424 426 482
nsga2,508_e-04,28,19,550,11,9867027.333790,1359930.562500,0.387755,0.612245,381 384 424 426 482
nsga2,508_e-04,28,20,550,11,9865401.793619,1358837.031250,0.408163,0.591837,383 384 424 426 481
nsga2,508_e-04,28,21,550,11,9864963.879222,1358835.853516,0.428571,0.571429,382 384 426 427 481
nsga2,508_e-04,28,22,550,11,9864140.796545,1358262.283203,0.448980,0.551020,383 384 426 427 481
nsga2,508_e-04,28,23,550,11,9864140.796545,1358262.283203,0.469388,0.530612,383 384 426 427 481
nsga2,508_e-04,28,24,550,11,9864140.796545,1358262.283203,0.489796,0.510204,383 384 426 427 481
nsga2,508_e-04,28,25,550,11,9860847.516678,1353836.904297,0.510204,0.489796,384 402 426 427 481
nsga2,508_e-04,28,26,550,11,9860847.516678,1353836.904297,0.530612,0.469388,384 402 426 427 481
nsga2,508_e-04,28,27,550,11,9860847.516678,1353836.904297,0.551020,0.448980,384 402 426 427 481
nsga2,508_e-04,28,28,550,11,9860847.516678,1353836.904297,0.571429,0.428571,384 402 426 427 481
nsga2,508_e-04,28,29,550,11,9850371.737183,1350357.888672,0.591837,0.408163,381 384 423 424 427
nsga2,508_e-04,28,30,550,11,9850371.737183,1350357.888672,0.612245,0.387755,381 384 423 424 427
nsga2,508_e-04,28,31,550,11,9850371.737183,1350357.888672,0.632653,0.367347,381 384 423 424 427
nsga2,508_e-04,28,32,550,11,9850371.737183,1350357.888672,0.653061,0.346939,381 384 423 424 427
nsga2,508_e-04,28,33,550,11,9850371.737183,1350357.888672,0.673469,0.326531,381 384 423 424 427
nsga2,508_e-04,28,34,550,11,9850371.737183,1350357.888672,0.693878,0.306122,381 384 423 424 427
nsga2,508_e-04,28,35,550,11,9850371.737183,1350357.888672,0.714286,0.285714,381 384 423 424 427
nsga2,508_e-04,28,36,550,11,9850371.737183,1350357.888672,0.734694,0.265306,381 384 423 424 427
nsga2,508_e-04,28,37,550,11,9850371.737183,1350357.888672,0.755102,0.244898,381 384 423 424 427
nsga2,508_e-04,28,38,550,11,9850371.737183,1350357.888672,0.775510,0.224490,381 384 423 424 427
nsga2,508_e-04,28,39,550,11,9847546.190431,1350042.857422,0.795918,0.204082,381 384 423 426 427
nsga2,508_e-04,28,40,550,11,9847546.190431,1350042.857422,0.816327,0.183673,381 384 423 426 427
nsga2,508_e-04,28,41,550,11,9847546.190431,1350042.857422,0.836735,0.163265,381 384 423 426 427
nsga2,508_e-04,28,42,550,11,9843217.642555,1349394.511719,0.857143,0.142857,381 384 424 426 427
nsga2,508_e-04,28,43,550,11,9843217.642555,1349394.511719,0.877551,0.122449,381 384 424 426 427
nsga2,508_e-04,28,44,550,11,9843217.642555,1349394.511719,0.897959,0.102041,381 384 424 426 427
nsga2,508_e-04,28,45,550,11,9843217.642555,1349394.511719,0.918367,0.081633,381 384 424 426 427
nsga2,508_e-04,28,46,550,11,9843217.642555,1349394.511719,0.938776,0.061224,381 384 424 426 427
nsga2,508_e-04,28,47,550,11,9843217.642555,1349394.511719,0.959184,0.040816,381 384 424 426 427
nsga2,508_e-04,28,48,550,11,9843217.642555,1349394.511719,0.979592,0.020408,381 384 424 426 427
nsga2,508_e-04,28,49,550,11,9843217.642555,1349394.511719,1.000000,0.000000,381 384 424 426 427
nsga2,508_e-04,28,0,600,12,11530622.253318,1375069.998047,0.000000,1.000000,3389 4879 5483 5655 5869
nsga2,508_e-04,28,1,600,12,9965596.041140,1374694.882812,0.020408,0.979592,354 384 426 482 553
nsga2,508_e-04,28,2,600,12,9965596.041140,1374694.882812,0.040816,0.959184,354 384 426 482 553
nsga2,508_e-04,28,3,600,12,9933458.456176,1368839.349609,0.061224,0.938776,348 354 384 426 482
nsga2,508_e-04,28,4,600,12,9908266.795341,1368452.750000,0.081633,0.918367,354 379 384 427 482
nsga2,508_e-04,28,5,600,12,9902279.794532,1368070.224609,0.102041,0.897959,354 384 423 427 482
nsga2,508_e-04,28,6,600,12,9895552.730916,1367081.330078,0.122449,0.877551,354 384 425 427 482
nsga2,508_e-04,28,7,600,12,9895001.734383,1366464.763672,0.142857,0.857143,354 383 384 426 481
nsga2,508_e-04,28,8,600,12,9893273.004195,1364137.511719,0.163265,0.836735,354 384 402 427 481
nsga2,508_e-04,28,9,600,12,9893273.004195,1364137.511719,0.183673,0.816327,354 384 402 427 481
nsga2,508_e-04,28,10,600,12,9887606.563434,1361909.580078,0.204082,0.795918,351 379 384 423 427
nsga2,508_e-04,28,11,600,12,9883278.015559,1361439.732422,0.224490,0.775510,351 379 384 424 427
nsga2,508_e-04,28,12,600,12,9880415.532575,1361340.837891,0.244898,0.755102,379 384 424 427 481
nsga2,508_e-04,28,13,600,12,9872920.431344,1360919.625000,0.265306,0.734694,381 384 423 427 482
nsga2,508_e-04,28,14,600,12,9872920.431344,1360919.625000,0.285714,0.714286,381 384 423 427 482
nsga2,508_e-04,28,15,600,12,9872172.818069,1360396.851562,0.306122,0.693878,380 384 425 427 481
nsga2,508_e-04,28,16,600,12,9867027.333790,1359930.562500,0.326531,0.673469,381 384 424 426 482
nsga2,508_e-04,28,17,600,12,9867027.333790,1359930.562500,0.346939,0.653061,381 384 424 426 482
nsga2,508_e-04,28,18,600,12,9865401.793619,1358837.031250,0.367347,0.632653,383 384 424 426 481
nsga2,508_e-04,28,19,600,12,9864140.796545,1358262.283203,0.387755,0.612245,383 384 426 427 481
nsga2,508_e-04,28,20,600,12,9864140.796545,1358262.283203,0.408163,0.591837,383 384 426 427 481
nsga2,508_e-04,28,21,600,12,9864140.796545,1358262.283203,0.428571,0.571429,383 384 426 427 481
nsga2,508_e-04,28,22,600,12,9864140.796545,1358262.283203,0.448980,0.551020,383 384 426 427 481
nsga2,508_e-04,28,23,600,12,9861924.385432,1353850.976562,0.469388,0.530612,384 402 424 427 482
nsga2,508_e-04,28,24,600,12,9860847.516678,1353836.904297,0.489796,0.510204,384 402 426 427 481
nsga2,508_e-04,28,25,600,12,9860847.516678,1353836.904297,0.510204,0.489796,384 402 426 427 481
nsga2,508_e-04,28,26,600,12,9850371.737183,1350357.888672,0.530612,0.469388,381 384 423 424 427
nsga2,508_e-04,28,27,600,12,9850371.737183,1350357.888672,0.551020,0.448980,381 384 423 424 427
nsga2,508_e-04,28,28,600,12,9850371.737183,1350357.888672,0.571429,0.428571,381 384 423 424 427
nsga2,508_e-04,28,29,600,12,9850371.737183,1350357.888672,0.591837,0.408163,381 384 423 424 427
nsga2,508_e-04,28,30,600,12,9850371.737183,1350357.888672,0.612245,0.387755,381 384 423 424 427
nsga2,508_e-04,28,31,600,12,9850371.737183,1350357.888672,0.632653,0.367347,381 384 423 424 427
nsga2,508_e-04,28,32,600,12,9850371.737183,1350357.888672,0.653061,0.346939,381 384 423 424 427
nsga2,508_e-04,28,33,600,12,9850371.737183,1350357.888672,0.673469,0.326531,381 384 423 424 427
nsga2,508_e-04,28,34,600,12,9847546.190431,1350042.857422,0.693878,0.306122,381 384 423 426 427
nsga2,508_e-04,28,35,600,12,9847546.190431,1350042.857422,0.714286,0.285714,381 384 423 426 427
nsga2,508_e-04,28,36,600,12,9845564.887994,1349695.507812,0.734694,0.265306,380 382 384 425 427
nsga2,508_e-04,28,37,600,12,9845564.887994,1349695.507812,0.755102,0.244898,380 382 384 425 427
nsga2,508_e-04,28,38,600,12,9845564.887994,1349695.507812,0.775510,0.224490,380 382 384 425 427
nsga2,508_e-04,28,39,600,12,9843217.642555,1349394.511719,0.795918,0.204082,381 384 424 426 427
nsga2,508_e-04,28,40,600,12,9843217.642555,1349394.511719,0.816327,0.183673,381 384 424 426 427
nsga2,508_e-04,28,41,600,12,9843217.642555,1349394.511719,0.836735,0.163265,381 384 424 426 427
nsga2,508_e-04,28,42,600,12,9843217.642555,1349394.511719,0.857143,0.142857,381 384 424 426 427
nsga2,508_e-04,28,43,600,12,9843217.642555,1349394.511719,0.877551,0.122449,381 384 424 426 427
nsga2,508_e-04,28,44,600,12,9839194.300224,1338170.298828,0.897959,0.102041,381 384 404 426 427
nsga2,508_e-04,28,45,600,12,9839194.300224,1338170.298828,0.918367,0.081633,381 384 404 426 427
nsga2,508_e-04,28,46,600,12,9839194.300224,1338170.298828,0.938776,0.061224,381 384 404 426 427
nsga2,508_e-04,28,47,600,12,9839194.300224,1338170.298828,0.959184,0.040816,381 384 404 426 427
nsga2,508_e-04,28,48,600,12,9839194.300224,1338170.298828,0.979592,0.020408,381 384 404 426 427
nsga2,508_e-04,28,49,600,12,9839194.300224,1338170.298828,1.000000,0.000000,381 384 404 426 427
nsga2,508_e-04,28,0,650,13,11530622.253318,1375069.998047,0.000000,1.000000,3389 4879 5483 5655 5869
nsga2,508_e-04,28,1,650,13,9965596.041140,1374694.882812,0.020408,0.979592,354 384 426 482 553
nsga2,508_e-04,28,2,650,13,9965596.041140,1374694.882812,0.040816,0.959184,354 384 426 482 553
nsga2,508_e-04,28,3,650,13,9933458.456176,1368839.349609,0.061224,0.938776,348 354 384 426 482
nsga2,508_e-04,28,4,650,13,9908266.795341,1368452.750000,0.081633,0.918367,354 379 384 427 482
nsga2,508_e-04,28,5,650,13,9897951.246656,1367600.376953,0.102041,0.897959,354 384 424 427 482
nsga2,508_e-04,28,6,650,13,9894076.139061,1367040.878906,0.122449,0.877551,354 382 384 426 482
nsga2,508_e-04,28,7,650,13,9894076.139061,1367040.878906,0.142857,0.857143,354 382 384 426 482
nsga2,508_e-04,28,8,650,13,9893273.004195,1364137.511719,0.163265,0.836735,354 384 402 427 481
nsga2,508_e-04,28,9,650,13,9890046.649056,1361913.042969,0.183673,0.816327,354 379 384 423 427
nsga2,508_e-04,28,10,650,13,9887606.563434,1361909.580078,0.204082,0.795918,351 379 384 423 427
nsga2,508_e-04,28,11,650,13,9880415.532575,1361340.837891,0.224490,0.775510,379 384 424 427 481
nsga2,508_e-04,28,12,650,13,9872920.431344,1360919.625000,0.244898,0.755102,381 384 423 427 482
nsga2,508_e-04,28,13,650,13,9872920.431344,1360919.625000,0.265306,0.734694,381 384 423 427 482
nsga2,508_e-04,28,14,650,13,9872172.818069,1360396.851562,0.285714,0.714286,380 384 425 427 481
nsga2,508_e-04,28,15,650,13,9867027.333790,1359930.562500,0.306122,0.693878,381 384 424 426 482
nsga2,508_e-04,28,16,650,13,9867027.333790,1359930.562500,0.326531,0.673469,381 384 424 426 482
nsga2,508_e-04,28,17,650,13,9863215.201223,1358838.150391,0.346939,0.653061,382 384 426 427 482
nsga2,508_e-04,28,18,650,13,9863215.201223,1358838.150391,0.367347,0.632653,382 384 426 427 482
nsga2,508_e-04,28,19,650,13,9863215.201223,1358838.150391,0.387755,0.612245,382 384 426 427 482
nsga2,508_e-04,28,20,650,13,9863215.201223,1358838.150391,0.408163,0.591837,382 384 426 427 482
nsga2,508_e-04,28,21,650,13,9861924.385432,1353850.976562,0.428571,0.571429,384 402 424 427 482
nsga2,508_e-04,28,22,650,13,9860847.516678,1353836.904297,0.448980,0.551020,384 402 426 427 481
nsga2,508_e-04,28,23,650,13,9860847.516678,1353836.904297,0.469388,0.530612,384 402 426 427 481
nsga2,508_e-04,28,24,650,13,9859998.678387,1350561.982422,0.489796,0.510204,366 381 384 423 427
nsga2,508_e-04,28,25,650,13,9853719.644675,1350462.746094,0.510204,0.489796,379 384 424 425 427
nsga2,508_e-04,28,26,650,13,9853719.644675,1350462.746094,0.530612,0.469388,379 384 424 425 427
nsga2,508_e-04,28,27,650,13,9853719.644675,1350462.746094,0.551020,0.448980,379 384 424 425 427
nsga2,508_e-04,28,28,650,13,9850371.737183,1350357.888672,0.571429,0.428571,381 384 423 424 427
nsga2,508_e-04,28,29,650,13,9850371.737183,1350357.888672,0.591837,0.408163,381 384 423 424 427
nsga2,508_e-04,28,30,650,13,9850371.737183,1350357.888672,0.612245,0.387755,381 384 423 424 427
nsga2,508_e-04,28,31,650,13,9847546.190431,1350042.857422,0.632653,0.367347,381 384 423 426 427
nsga2,508_e-04,28,32,650,13,9847546.190431,1350042.857422,0.653061,0.346939,381 384 423 426 427
nsga2,508_e-04,28,33,650,13,9845564.887994,1349695.507812,0.673469,0.326531,380 382 384 425 427
nsga2,508_e-04,28,34,650,13,9845564.887994,1349695.507812,0.693878,0.306122,380 382 384 425 427
nsga2,508_e-04,28,35,650,13,9843217.642555,1349394.511719,0.714286,0.285714,381 384 424 426 427
nsga2,508_e-04,28,36,650,13,9843217.642555,1349394.511719,0.734694,0.265306,381 384 424 426 427
nsga2,508_e-04,28,37,650,13,9843217.642555,1349394.511719,0.755102,0.244898,381 384 424 426 427
nsga2,508_e-04,28,38,650,13,9843217.642555,1349394.511719,0.775510,0.224490,381 384 424 426 427
nsga2,508_e-04,28,39,650,13,9834666.617614,1343738.027344,0.795918,0.204082,382 384 402 425 427
nsga2,508_e-04,28,40,650,13,9834666.617614,1343738.027344,0.816327,0.183673,382 384 402 425 427
nsga2,508_e-04,28,41,650,13,9834666.617614,1343738.027344,0.836735,0.163265,382 384 402 425 427
nsga2,508_e-04,28,42,650,13,9834666.617614,1343738.027344,0.857143,0.142857,382 384 402 425 427
nsga2,508_e-04,28,43,650,13,9834666.617614,1343738.027344,0.877551,0.122449,382 384 402 425 427
nsga2,508_e-04,28,44,650,13,9834666.617614,1343738.027344,0.897959,0.102041,382 384 402 425 427
nsga2,508_e-04,28,45,650,13,9834666.617614,1343738.027344,0.918367,0.081633,382 384 402 425 427
nsga2,508_e-04,28,46,650,13,9834666.617614,1343738.027344,0.938776,0.061224,382 384 402 425 427
nsga2,508_e-04,28,47,650,13,9834666.617614,1343738.027344,0.959184,0.040816,382 384 402 425 427
nsga2,508_e-04,28,48,650,13,9834666.617614,1343738.027344,0.979592,0.020408,382 384 402 425 427
nsga2,508_e-04,28,49,650,13,9834666.617614,1343738.027344,1.000000,0.000000,382 384 402 425 427
nsga2,508_e-04,28,0,700,14,11530622.253318,1375069.998047,0.000000,1.000000,3389 4879 5483 5655 5869
nsga2,508_e-04,28,1,700,14,9965596.041140,1374694.882812,0.020408,0.979592,354 384 426 482 553
nsga2,508_e-04,28,2,700,14,9965596.041140,1374694.882812,0.040816,0.959184,354 384 426 482 553
nsga2,508_e-04,28,3,700,14,9908266.795341,1368452.750000,0.061224,0.938776,354 379 384 427 482
nsga2,508_e-04,28,4,700,14,9905826.709719,1368449.287109,0.081633,0.918367,351 379 384 427 482
nsga2,508_e-04,28,5,700,14,9897839.459019,1367597.562500,0.102041,0.897959,354 382 424 427 482
nsga2,508_e-04,28,6,700,14,9894076.139061,1367040.878906,0.122449,0.877551,354 382 384 426 482
nsga2,508_e-04,28,7,700,14,9894076.139061,1367040.878906,0.142857,0.857143,354 382 384 426 482
nsga2,508_e-04,28,8,700,14,9891584.488667,1364441.867188,0.163265,0.836735,354 384 401 426 482
nsga2,508_e-04,28,9,700,14,9887606.563434,1361909.580078,0.183673,0.816327,351 379 384 423 427
nsga2,508_e-04,28,10,700,14,9883278.015559,1361439.732422,0.204082,0.795918,351 379 384 424 427
nsga2,508_e-04,28,11,700,14,9872920.431344,1360919.625000,0.224490,0.775510,381 384 423 427 482
nsga2,508_e-04,28,12,700,14,9872920.431344,1360919.625000,0.244898,0.755102,381 384 423 427 482
nsga2,508_e-04,28,13,700,14,9872172.818069,1360396.851562,0.265306,0.734694,380 384 425 427 481
nsga2,508_e-04,28,14,700,14,9867027.333790,1359930.562500,0.285714,0.714286,381 384 424 426 482
nsga2,508_e-04,28,15,700,14,9867027.333790,1359930.562500,0.306122,0.693878,381 384 424 426 482
nsga2,508_e-04,28,16,700,14,9863215.201223,1358838.150391,0.326531,0.673469,382 384 426 427 482
nsga2,508_e-04,28,17,700,14,9863215.201223,1358838.150391,0.346939,0.653061,382 384 426 427 482
nsga2,508_e-04,28,18,700,14,9863215.201223,1358838.150391,0.367347,0.632653,382 384 426 427 482
nsga2,508_e-04,28,19,700,14,9863215.201223,1358838.150391,0.387755,0.612245,382 384 426 427 482
nsga2,508_e-04,28,20,700,14,9860847.516678,1353836.904297,0.408163,0.591837,384 402 426 427 481
nsga2,508_e-04,28,21,700,14,9860847.516678,1353836.904297,0.428571,0.571429,384 402 426 427 481
nsga2,508_e-04,28,22,700,14,9856358.737992,1350979.156250,0.448980,0.551020,379 381 384 424 427
nsga2,508_e-04,28,23,700,14,9856358.737992,1350979.156250,0.469388,0.530612,379 381 384 424 427
nsga2,508_e-04,28,24,700,14,9853719.644675,1350462.746094,0.489796,0.510204,379 384 424 425 427
nsga2,508_e-04,28,25,700,14,9853719.644675,1350462.746094,0.510204,0.489796,379 384 424 425 427
nsga2,508_e-04,28,26,700,14,9850371.737183,1350357.888672,0.530612,0.469388,381 384 423 424 427
nsga2,508_e-04,28,27,700,14,9850371.737183,1350357.888672,0.551020,0.448980,381 384 423 424 427
nsga2,508_e-04,28,28,700,14,9847546.190431,1350042.857422,0.571429,0.428571,381 384 423 426 427
nsga2,508_e-04,28,29,700,14,9847546.190431,1350042.857422,0.591837,0.408163,381 384 423 426 427
nsga2,508_e-04,28,30,700,14,9845564.887994,1349695.507812,0.612245,0.387755,380 382 384 425 427
nsga2,508_e-04,28,31,700,14,9845564.887994,1349695.507812,0.632653,0.367347,380 382 384 425 427
nsga2,508_e-04,28,32,700,14,9843217.642555,1349394.511719,0.653061,0.346939,381 384 424 426 427
nsga2,508_e-04,28,33,700,14,9843217.642555,1349394.511719,0.673469,0.326531,381 384 424 426 427
nsga2,508_e-04,28,34,700,14,9843217.642555,1349394.511719,0.693878,0.306122,381 384 424 426 427
nsga2,508_e-04,28,35,700,14,9843217.642555,1349394.511719,0.714286,0.285714,381 384 424 426 427
nsga2,508_e-04,28,36,700,14,9834666.617614,1343738.027344,0.734694,0.265306,382 384 402 425 427
nsga2,508_e-04,28,37,700,14,9834666.617614,1343738.027344,0.755102,0.244898,382 384 402 425 427
nsga2,508_e-04,28,38,700,14,9834666.617614,1343738.027344,0.775510,0.224490,382 384 402 425 427
nsga2,508_e-04,28,39,700,14,9834666.617614,1343738.027344,0.795918,0.204082,382 384 402 425 427
nsga2,508_e-04,28,40,700,14,9834666.617614,1343738.027344,0.816327,0.183673,382 384 402 425 427
nsga2,508_e-04,28,41,700,14,9834666.617614,1343738.027344,0.836735,0.163265,382 384 402 425 427
nsga2,508_e-04,28,42,700,14,9834666.617614,1343738.027344,0.857143,0.142857,382 384 402 425 427
nsga2,508_e-04,28,43,700,14,9834666.617614,1343738.027344,0.877551,0.122449,382 384 402 425 427
nsga2,508_e-04,28,44,700,14,9834666.617614,1343738.027344,0.897959,0.102041,382 384 402 425 427
nsga2,508_e-04,28,45,700,14,9830804.675324,1333448.810547,0.918367,0.081633,384 402 403 425 427
nsga2,508_e-04,28,46,700,14,9830804.675324,1333448.810547,0.938776,0.061224,384 402 403 425 427
nsga2,508_e-04,28,47,700,14,9830804.675324,1333448.810547,0.959184,0.040816,384 402 403 425 427
nsga2,508_e-04,28,48,700,14,9830804.675324,1333448.810547,0.979592,0.020408,384 402 403 425 427
nsga2,508_e-04,28,49,700,14,9830692.887687,1332716.023438,1.000000,0.000000,382 402 403 425 427
nsga2,508_e-04,28,0,750,15,11530622.253318,1375069.998047,0.000000,1.000000,3389 4879 5483 5655 5869
nsga2,508_e-04,28,1,750,15,9965596.041140,1374694.882812,0.020408,0.979592,354 384 426 482 553
nsga2,508_e-04,28,2,750,15,9965596.041140,1374694.882812,0.040816,0.959184,354 384 426 482 553
nsga2,508_e-04,28,3,750,15,9908266.795341,1368452.750000,0.061224,0.938776,354 379 384 427 482
nsga2,508_e-04,28,4,750,15,9905826.709719,1368449.287109,0.081633,0.918367,351 379 384 427 482
nsga2,508_e-04,28,5,750,15,9897839.459019,1367597.562500,0.102041,0.897959,354 382 424 427 482
nsga2,508_e-04,28,6,750,15,9894076.139061,1367040.878906,0.122449,0.877551,354 382 384 426 482
nsga2,508_e-04,28,7,750,15,9894076.139061,1367040.878906,0.142857,0.857143,354 382 384 426 482
nsga2,508_e-04,28,8,750,15,9891584.488667,1364441.867188,0.163265,0.836735,354 384 401 426 482
nsga2,508_e-04,28,9,750,15,9887606.563434,1361909.580078,0.183673,0.816327,351 379 384 423 427
nsga2,508_e-04,28,10,750,15,9883278.015559,1361439.732422,0.204082,0.795918,351 379 384 424 427
nsga2,508_e-04,28,11,750,15,9878666.854577,1361343.134766,0.224490,0.775510,379 384 424 427 482
nsga2,508_e-04,28,12,750,15,9872920.431344,1360919.625000,0.244898,0.755102,381 384 423 427 482
nsga2,508_e-04,28,13,750,15,9872172.818069,1360396.851562,0.265306,0.734694,380 384 425 427 481
nsga2,508_e-04,28,14,750,15,9867027.333790,1359930.562500,0.285714,0.714286,381 384 424 426 482
nsga2,508_e-04,28,15,750,15,9867027.333790,1359930.562500,0.306122,0.693878,381 384 424 426 482
nsga2,508_e-04,28,16,750,15,9863215.201223,1358838.150391,0.326531,0.673469,382 384 426 427 482
nsga2,508_e-04,28,17,750,15,9863215.201223,1358838.150391,0.346939,0.653061,382 384 426 427 482
nsga2,508_e-04,28,18,750,15,9863215.201223,1358838.150391,0.367347,0.632653,382 384 426 427 482
nsga2,508_e-04,28,19,750,15,9860723.550829,1354526.419922,0.387755,0.612245,384 401 426 427 482
nsga2,508_e-04,28,20,750,15,9860723.550829,1354526.419922,0.408163,0.591837,384 401 426 427 482
nsga2,508_e-04,28,21,750,15,9860723.550829,1354526.419922,0.428571,0.571429,384 401 426 427 482
nsga2,508_e-04,28,22,750,15,9856358.737992,1350979.156250,0.448980,0.551020,379 381 384 424 427
nsga2,508_e-04,28,23,750,15,9856358.737992,1350979.156250,0.469388,0.530612,379 381 384 424 427
nsga2,508_e-04,28,24,750,15,9851776.962774,1350511.275391,0.489796,0.510204,380 384 423 426 427
nsga2,508_e-04,28,25,750,15,9851776.962774,1350511.275391,0.510204,0.489796,380 384 423 426 427
nsga2,508_e-04,28,26,750,15,9851776.962774,1350511.275391,0.530612,0.469388,380 384 423 426 427
nsga2,508_e-04,28,27,750,15,9850371.737183,1350357.888672,0.551020,0.448980,381 384 423 424 427
nsga2,508_e-04,28,28,750,15,9847546.190431,1350042.857422,0.571429,0.428571,381 384 423 426 427
nsga2,508_e-04,28,29,750,15,9847546.190431,1350042.857422,0.591837,0.408163,381 384 423 426 427
nsga2,508_e-04,28,30,750,15,9845564.887994,1349695.507812,0.612245,0.387755,380 382 384 425 427
nsga2,508_e-04,28,31,750,15,9845564.887994,1349695.507812,0.632653,0.367347,380 382 384 425 427
nsga2,508_e-04,28,32,750,15,9843217.642555,1349394.511719,0.653061,0.346939,381 384 424 426 427
nsga2,508_e-04,28,33,750,15,9843217.642555,1349394.511719,0.673469,0.326531,381 384 424 426 427
nsga2,508_e-04,28,34,750,15,9841093.538074,1349051.724609,0.693878,0.306122,382 384 424 425 427
nsga2,508_e-04,28,35,750,15,9841093.538074,1349051.724609,0.714286,0.285714,382 384 424 425 427
nsga2,508_e-04,28,36,750,15,9841093.538074,1349051.724609,0.734694,0.265306,382 384 424 425 427
nsga2,508_e-04,28,37,750,15,9834666.617614,1343738.027344,0.755102,0.244898,382 384 402 425 427
nsga2,508_e-04,28,38,750,15,9834666.617614,1343738.027344,0.775510,0.224490,382 384 402 425 427
nsga2,508_e-04,28,39,750,15,9834666.617614,1343738.027344,0.795918,0.204082,382 384 402 425 427
nsga2,508_e-04,28,40,750,15,9834666.617614,1343738.027344,0.816327,0.183673,382 384 402 425 427
nsga2,508_e-04,28,41,750,15,9834666.617614,1343738.027344,0.836735,0.163265,382 384 402 425 427
nsga2,508_e-04,28,42,750,15,9834666.617614,1343738.027344,0.857143,0.142857,382 384 402 425 427
nsga2,508_e-04,28,43,750,15,9834666.617614,1343738.027344,0.877551,0.122449,382 384 402 425 427
nsga2,508_e-04,28,44,750,15,9834666.617614,1343738.027344,0.897959,0.102041,382 384 402 425 427
nsga2,508_e-04,28,45,750,15,9830804.675324,1333448.810547,0.918367,0.081633,384 402 403 425 427
nsga2,508_e-04,28,46,750,15,9830804.675324,1333448.810547,0.938776,0.061224,384 402 403 425 427
nsga2,508_e-04,28,47,750,15,9830804.675324,1333448.810547,0.959184,0.040816,384 402 403 425 427
nsga2,508_e-04,28,48,750,15,9830804.675324,1333448.810547,0.979592,0.020408,384 402 403 425 427
nsga2,508_e-04,28,49,750,15,9830692.887687,1332716.023438,1.000000,0.000000,382 402 403 425 427
nsga2,508_e-04,28,0,800,16,11530622.253318,1375069.998047,0.000000,1.000000,3389 4879 5483 5655 5869
nsga2,508_e-04,28,1,800,16,9963357.836838,1374693.496094,0.020408,0.979592,353 384 426 482 553
nsga2,508_e-04,28,2,800,16,9963357.836838,1374693.496094,0.040816,0.959184,353 384 426 482 553
nsga2,508_e-04,28,3,800,16,9908266.795341,1368452.750000,0.061224,0.938776,354 379 384 427 482
nsga2,508_e-04,28,4,800,16,9905826.709719,1368449.287109,0.081633,0.918367,351 379 384 427 482
nsga2,508_e-04,28,5,800,16,9897259.839033,1367593.787109,0.102041,0.897959,351 384 424 427 481
nsga2,508_e-04,28,6,800,16,9891837.934760,1367039.744141,0.122449,0.877551,353 382 384 426 482
nsga2,508_e-04,28,7,800,16,9891837.934760,1367039.744141,0.142857,0.857143,353 382 384 426 482
nsga2,508_e-04,28,8,800,16,9889346.284365,1364440.734375,0.163265,0.836735,353 384 401 426 482
nsga2,508_e-04,28,9,800,16,9887606.563434,1361909.580078,0.183673,0.816327,351 379 384 423 427
nsga2,508_e-04,28,10,800,16,9883278.015559,1361439.732422,0.204082,0.795918,351 379 384 424 427
nsga2,508_e-04,28,11,800,16,9878666.854577,1361343.134766,0.224490,0.775510,379 384 424 427 482
nsga2,508_e-04,28,12,800,16,9872920.431344,1360919.625000,0.244898,0.755102,381 384 423 427 482
nsga2,508_e-04,28,13,800,16,9868591.883469,1360449.777344,0.265306,0.734694,381 384 424 427 482
nsga2,508_e-04,28,14,800,16,9867027.333790,1359930.562500,0.285714,0.714286,381 384 424 426 482
nsga2,508_e-04,28,15,800,16,9867027.333790,1359930.562500,0.306122,0.693878,381 384 424 426 482
nsga2,508_e-04,28,16,800,16,9863215.201223,1358838.150391,0.326531,0.673469,382 384 426 427 482
nsga2,508_e-04,28,17,800,16,9863215.201223,1358838.150391,0.346939,0.653061,382 384 426 427 482
nsga2,508_e-04,28,18,800,16,9863215.201223,1358838.150391,0.367347,0.632653,382 384 426 427 482
nsga2,508_e-04,28,19,800,16,9860723.550829,1354526.419922,0.387755,0.612245,384 401 426 427 482
nsga2,508_e-04,28,20,800,16,9860723.550829,1354526.419922,0.408163,0.591837,384 401 426 427 482
nsga2,508_e-04,28,21,800,16,9860723.550829,1354526.419922,0.428571,0.571429,384 401 426 427 482
nsga2,508_e-04,28,22,800,16,9856358.737992,1350979.156250,0.448980,0.551020,379 381 384 424 427
nsga2,508_e-04,28,23,800,16,9856358.737992,1350979.156250,0.469388,0.530612,379 381 384 424 427
nsga2,508_e-04,28,24,800,16,9851776.962774,1350511.275391,0.489796,0.510204,380 384 423 426 427
nsga2,508_e-04,28,25,800,16,9851776.962774,1350511.275391,0.510204,0.489796,380 384 423 426 427
nsga2,508_e-04,28,26,800,16,9851776.962774,1350511.275391,0.530612,0.469388,380 384 423 426 427
nsga2,508_e-04,28,27,800,16,9850371.737183,1350357.888672,0.551020,0.448980,381 384 423 424 427
nsga2,508_e-04,28,28,800,16,9847546.190431,1350042.857422,0.571429,0.428571,381 384 423 426 427
nsga2,508_e-04,28,29,800,16,9847546.190431,1350042.857422,0.591837,0.408163,381 384 423 426 427
nsga2,508_e-04,28,30,800,16,9845564.887994,1349695.507812,0.612245,0.387755,380 382 384 425 427
nsga2,508_e-04,28,31,800,16,9845564.887994,1349695.507812,0.632653,0.367347,380 382 384 425 427
nsga2,508_e-04,28,32,800,16,9843217.642555,1349394.511719,0.653061,0.346939,381 384 424 426 427
nsga2,508_e-04,28,33,800,16,9843217.642555,1349394.511719,0.673469,0.326531,381 384 424 426 427
nsga2,508_e-04,28,34,800,16,9841093.538074,1349051.724609,0.693878,0.306122,382 384 424 425 427
nsga2,508_e-04,28,35,800,16,9841093.538074,1349051.724609,0.714286,0.285714,382 384 424 425 427
nsga2,508_e-04,28,36,800,16,9841093.538074,1349051.724609,0.734694,0.265306,382 384 424 425 427
nsga2,508_e-04,28,37,800,16,9834666.617614,1343738.027344,0.755102,0.244898,382 384 402 425 427
nsga2,508_e-04,28,38,800,16,9834666.617614,1343738.027344,0.775510,0.224490,382 384 402 425 427
nsga2,508_e-04,28,39,800,16,9834666.617614,1343738.027344,0.795918,0.204082,382 384 402 425 427
nsga2,508_e-04,28,40,800,16,9834666.617614,1343738.027344,0.816327,0.183673,382 384 402 425 427
nsga2,508_e-04,28,41,800,16,9834666.617614,1343738.027344,0.836735,0.163265,382 384 402 425 427
nsga2,508_e-04,28,42,800,16,9834666.617614,1343738.027344,0.857143,0.142857,382 384 402 425 427
nsga2,508_e-04,28,43,800,16,9834666.617614,1343738.027344,0.877551,0.122449,382 384 402 425 427
nsga2,508_e-04,28,44,800,16,9834239.586602,1343289.408203,0.897959,0.102041,382 384 402 426 427
nsga2,508_e-04,28,45,800,16,9834239.586602,1343289.408203,0.918367,0.081633,382 384 402 426 427
nsga2,508_e-04,28,46,800,16,9830804.675324,1333448.810547,0.938776,0.061224,384 402 403 425 427
nsga2,508_e-04,28,47,800,16,9830804.675324,1333448.810547,0.959184,0.040816,384 402 403 425 427
nsga2,508_e-04,28,48,800,16,9830804.675324,1333448.810547,0.979592,0.020408,384 402 403 425 427
nsga2,508_e-04,28,49,800,16,9830692.887687,1332716.023438,1.000000,0.000000,382 402 403 425 427
nsga2,508_e-04,28,0,850,17,11530622.253318,1375069.998047,0.000000,1.000000,3389 4879 5483 5655 5869
nsga2,508_e-04,28,1,850,17,9963357.836838,1374693.496094,0.020408,0.979592,353 384 426 482 553
nsga2,508_e-04,28,2,850,17,9963357.836838,1374693.496094,0.040816,0.959184,353 384 426 482 553
nsga2,508_e-04,28,3,850,17,9923887.309941,1369237.083984,0.061224,0.938776,353 384 420 427 482
nsga2,508_e-04,28,4,850,17,9905826.709719,1368449.287109,0.081633,0.918367,351 379 384 427 482
nsga2,508_e-04,28,5,850,17,9894389.070252,1367557.664062,0.102041,0.897959,353 381 384 426 482
nsga2,508_e-04,28,6,850,17,9891837.934760,1367039.744141,0.122449,0.877551,353 382 384 426 482
nsga2,508_e-04,28,7,850,17,9891837.934760,1367039.744141,0.142857,0.857143,353 382 384 426 482
nsga2,508_e-04,28,8,850,17,9889346.284365,1364440.734375,0.163265,0.836735,353 384 401 426 482
nsga2,508_e-04,28,9,850,17,9887808.444754,1361911.927734,0.183673,0.816327,353 379 384 423 427
nsga2,508_e-04,28,10,850,17,9883278.015559,1361439.732422,0.204082,0.795918,351 379 384 424 427
nsga2,508_e-04,28,11,850,17,9878666.854577,1361343.134766,0.224490,0.775510,379 384 424 427 482
nsga2,508_e-04,28,12,850,17,9872920.431344,1360919.625000,0.244898,0.755102,381 384 423 427 482
nsga2,508_e-04,28,13,850,17,9868591.883469,1360449.777344,0.265306,0.734694,381 384 424 427 482
nsga2,508_e-04,28,14,850,17,9867027.333790,1359930.562500,0.285714,0.714286,381 384 424 426 482
nsga2,508_e-04,28,15,850,17,9865766.336716,1359355.814453,0.306122,0.693878,381 384 426 427 482
nsga2,508_e-04,28,16,850,17,9863215.201223,1358838.150391,0.326531,0.673469,382 384 426 427 482
nsga2,508_e-04,28,17,850,17,9863215.201223,1358838.150391,0.346939,0.653061,382 384 426 427 482
nsga2,508_e-04,28,18,850,17,9863215.201223,1358838.150391,0.367347,0.632653,382 384 426 427 482
nsga2,508_e-04,28,19,850,17,9860723.550829,1354526.419922,0.387755,0.612245,384 401 426 427 482
nsga2,508_e-04,28,20,850,17,9860723.550829,1354526.419922,0.408163,0.591837,384 401 426 427 482
nsga2,508_e-04,28,21,850,17,9860723.550829,1354526.419922,0.428571,0.571429,384 401 426 427 482
nsga2,508_e-04,28,22,850,17,9856358.737992,1350979.156250,0.448980,0.551020,379 381 384 424 427
nsga2,508_e-04,28,23,850,17,9856358.737992,1350979.156250,0.469388,0.530612,379 381 384 424 427
nsga2,508_e-04,28,24,850,17,9851776.962774,1350511.275391,0.489796,0.510204,380 384 423 426 427
nsga2,508_e-04,28,25,850,17,9851776.962774,1350511.275391,0.510204,0.489796,380 384 423 426 427
nsga2,508_e-04,28,26,850,17,9851776.962774,1350511.275391,0.530612,0.469388,380 384 423 426 427
nsga2,508_e-04,28,27,850,17,9850371.737183,1350357.888672,0.551020,0.448980,381 384 423 424 427
nsga2,508_e-04,28,28,850,17,9847546.190431,1350042.857422,0.571429,0.428571,381 384 423 426 427
nsga2,508_e-04,28,29,850,17,9847546.190431,1350042.857422,0.591837,0.408163,381 384 423 426 427
nsga2,508_e-04,28,30,850,17,9845564.887994,1349695.507812,0.612245,0.387755,380 382 384 425 427
nsga2,508_e-04,28,31,850,17,9845564.887994,1349695.507812,0.632653,0.367347,380 382 384 425 427
nsga2,508_e-04,28,32,850,17,9843217.642555,1349394.511719,0.653061,0.346939,381 384 424 426 427
nsga2,508_e-04,28,33,850,17,9843217.642555,1349394.511719,0.673469,0.326531,381 384 424 426 427
nsga2,508_e-04,28,34,850,17,9841093.538074,1349051.724609,0.693878,0.306122,382 384 424 425 427
nsga2,508_e-04,28,35,850,17,9841093.538074,1349051.724609,0.714286,0.285714,382 384 424 425 427
nsga2,508_e-04,28,36,850,17,9840270.455397,1348478.154297,0.734694,0.265306,383 384 424 425 427
nsga2,508_e-04,28,37,850,17,9840270.455397,1348478.154297,0.755102,0.244898,383 384 424 425 427
nsga2,508_e-04,28,38,850,17,9836729.244161,1343951.896484,0.775510,0.224490,383 384 401 424 425
nsga2,508_e-04,28,39,850,17,9836729.244161,1343951.896484,0.795918,0.204082,383 384 401 424 425
nsga2,508_e-04,28,40,850,17,9836729.244161,1343951.896484,0.816327,0.183673,383 384 401 424 425
nsga2,508_e-04,28,41,850,17,9836729.244161,1343951.896484,0.836735,0.163265,383 384 401 424 425
nsga2,508_e-04,28,42,850,17,9834666.617614,1343738.027344,0.857143,0.142857,382 384 402 425 427
nsga2,508_e-04,28,43,850,17,9834666.617614,1343738.027344,0.877551,0.122449,382 384 402 425 427
nsga2,508_e-04,28,44,850,17,9834239.586602,1343289.408203,0.897959,0.102041,382 384 402 426 427
nsga2,508_e-04,28,45,850,17,9834239.586602,1343289.408203,0.918367,0.081633,382 384 402 426 427
nsga2,508_e-04,28,46,850,17,9830804.675324,1333448.810547,0.938776,0.061224,384 402 403 425 427
nsga2,508_e-04,28,47,850,17,9830804.675324,1333448.810547,0.959184,0.040816,384 402 403 425 427
nsga2,508_e-04,28,48,850,17,9830804.675324,1333448.810547,0.979592,0.020408,384 402 403 425 427
nsga2,508_e-04,28,49,850,17,9830692.887687,1332716.023438,1.000000,0.000000,382 402 403 425 427
nsga2,508_e-04,28,0,900,18,11530622.253318,1375069.998047,0.000000,1.000000,3389 4879 5483 5655 5869
nsga2,508_e-04,28,1,900,18,9963357.836838,1374693.496094,0.020408,0.979592,353 384 426 482 553
nsga2,508_e-04,28,2,900,18,9963357.836838,1374693.496094,0.040816,0.959184,353 384 426 482 553
nsga2,508_e-04,28,3,900,18,9923887.309941,1369237.083984,0.061224,0.938776,353 384 420 427 482
nsga2,508_e-04,28,4,900,18,9905826.709719,1368449.287109,0.081633,0.918367,351 379 384 427 482
nsga2,508_e-04,28,5,900,18,9894389.070252,1367557.664062,0.102041,0.897959,353 381 384 426 482
nsga2,508_e-04,28,6,900,18,9891837.934760,1367039.744141,0.122449,0.877551,353 382 384 426 482
nsga2,508_e-04,28,7,900,18,9891837.934760,1367039.744141,0.142857,0.857143,353 382 384 426 482
nsga2,508_e-04,28,8,900,18,9889346.284365,1364440.734375,0.163265,0.836735,353 384 401 426 482
nsga2,508_e-04,28,9,900,18,9887808.444754,1361911.927734,0.183673,0.816327,353 379 384 423 427
nsga2,508_e-04,28,10,900,18,9883278.015559,1361439.732422,0.204082,0.795918,351 379 384 424 427
nsga2,508_e-04,28,11,900,18,9878666.854577,1361343.134766,0.224490,0.775510,379 384 424 427 482
nsga2,508_e-04,28,12,900,18,9872920.431344,1360919.625000,0.244898,0.755102,381 384 423 427 482
nsga2,508_e-04,28,13,900,18,9868591.883469,1360449.777344,0.265306,0.734694,381 384 424 427 482
nsga2,508_e-04,28,14,900,18,9867027.333790,1359930.562500,0.285714,0.714286,381 384 424 426 482
nsga2,508_e-04,28,15,900,18,9865217.665299,1359358.542969,0.306122,0.693878,383 384 424 427 482
nsga2,508_e-04,28,16,900,18,9863215.201223,1358838.150391,0.326531,0.673469,382 384 426 427 482
nsga2,508_e-04,28,17,900,18,9863215.201223,1358838.150391,0.346939,0.653061,382 384 426 427 482
nsga2,508_e-04,28,18,900,18,9863215.201223,1358838.150391,0.367347,0.632653,382 384 426 427 482
nsga2,508_e-04,28,19,900,18,9860723.550829,1354526.419922,0.387755,0.612245,384 401 426 427 482
nsga2,508_e-04,28,20,900,18,9860723.550829,1354526.419922,0.408163,0.591837,384 401 426 427 482
nsga2,508_e-04,28,21,900,18,9860723.550829,1354526.419922,0.428571,0.571429,384 401 426 427 482
nsga2,508_e-04,28,22,900,18,9856358.737992,1350979.156250,0.448980,0.551020,379 381 384 424 427
nsga2,508_e-04,28,23,900,18,9856358.737992,1350979.156250,0.469388,0.530612,379 381 384 424 427
nsga2,508_e-04,28,24,900,18,9851776.962774,1350511.275391,0.489796,0.510204,380 384 423 426 427
nsga2,508_e-04,28,25,900,18,9851776.962774,1350511.275391,0.510204,0.489796,380 384 423 426 427
nsga2,508_e-04,28,26,900,18,9851776.962774,1350511.275391,0.530612,0.469388,380 384 423 426 427
nsga2,508_e-04,28,27,900,18,9850371.737183,1350357.888672,0.551020,0.448980,381 384 423 424 427
nsga2,508_e-04,28,28,900,18,9847546.190431,1350042.857422,0.571429,0.428571,381 384 423 426 427
nsga2,508_e-04,28,29,900,18,9847546.190431,1350042.857422,0.591837,0.408163,381 384 423 426 427
nsga2,508_e-04,28,30,900,18,9845564.887994,1349695.507812,0.612245,0.387755,380 382 384 425 427
nsga2,508_e-04,28,31,900,18,9845564.887994,1349695.507812,0.632653,0.367347,380 382 384 425 427
nsga2,508_e-04,28,32,900,18,9843217.642555,1349394.511719,0.653061,0.346939,381 384 424 426 427
nsga2,508_e-04,28,33,900,18,9843217.642555,1349394.511719,0.673469,0.326531,381 384 424 426 427
nsga2,508_e-04,28,34,900,18,9841093.538074,1349051.724609,0.693878,0.306122,382 384 424 425 427
nsga2,508_e-04,28,35,900,18,9841093.538074,1349051.724609,0.714286,0.285714,382 384 424 425 427
nsga2,508_e-04,28,36,900,18,9840270.455397,1348478.154297,0.734694,0.265306,383 384 424 425 427
nsga2,508_e-04,28,37,900,18,9840270.455397,1348478.154297,0.755102,0.244898,383 384 424 425 427
nsga2,508_e-04,28,38,900,18,9836729.244161,1343951.896484,0.775510,0.224490,383 384 401 424 425
nsga2,508_e-04,28,39,900,18,9836729.244161,1343951.896484,0.795918,0.204082,383 384 401 424 425
nsga2,508_e-04,28,40,900,18,9836729.244161,1343951.896484,0.816327,0.183673,383 384 401 424 425
nsga2,508_e-04,28,41,900,18,9836729.244161,1343951.896484,0.836735,0.163265,383 384 401 424 425
nsga2,508_e-04,28,42,900,18,9834666.617614,1343738.027344,0.857143,0.142857,382 384 402 425 427
nsga2,508_e-04,28,43,900,18,9834666.617614,1343738.027344,0.877551,0.122449,382 384 402 425 427
nsga2,508_e-04,28,44,900,18,9834239.586602,1343289.408203,0.897959,0.102041,382 384 402 426 427
nsga2,508_e-04,28,45,900,18,9834239.586602,1343289.408203,0.918367,0.081633,382 384 402 426 427
nsga2,508_e-04,28,46,900,18,9830804.675324,1333448.810547,0.938776,0.061224,384 402 403 425 427
nsga2,508_e-04,28,47,900,18,9830804.675324,1333448.810547,0.959184,0.040816,384 402 403 425 427
nsga2,508_e-04,28,48,900,18,9830804.675324,1333448.810547,0.979592,0.020408,384 402 403 425 427
nsga2,508_e-04,28,49,900,18,9830692.887687,1332716.023438,1.000000,0.000000,382 402 403 425 427
nsga2,508_e-04,28,0,950,19,11530622.253318,1375069.998047,0.000000,1.000000,3389 4879 5483 5655 5869
nsga2,508_e-04,28,1,950,19,9963357.836838,1374693.496094,0.020408,0.979592,353 384 426 482 553
nsga2,508_e-04,28,2,950,19,9963357.836838,1374693.496094,0.040816,0.959184,353 384 426 482 553
nsga2,508_e-04,28,3,950,19,9923887.309941,1369237.083984,0.061224,0.938776,353 384 420 427 482
nsga2,508_e-04,28,4,950,19,9905826.709719,1368449.287109,0.081633,0.918367,351 379 384 427 482
nsga2,508_e-04,28,5,950,19,9894389.070252,1367557.664062,0.102041,0.897959,353 381 384 426 482
nsga2,508_e-04,28,6,950,19,9891837.934760,1367039.744141,0.122449,0.877551,353 382 384 426 482
nsga2,508_e-04,28,7,950,19,9891837.934760,1367039.744141,0.142857,0.857143,353 382 384 426 482
nsga2,508_e-04,28,8,950,19,9889286.121894,1364138.669922,0.163265,0.836735,353 384 402 427 482
nsga2,508_e-04,28,9,950,19,9887808.444754,1361911.927734,0.183673,0.816327,353 379 384 423 427
nsga2,508_e-04,28,10,950,19,9883278.015559,1361439.732422,0.204082,0.795918,351 379 384 424 427
nsga2,508_e-04,28,11,950,19,9878666.854577,1361343.134766,0.224490,0.775510,379 384 424 427 482
nsga2,508_e-04,28,12,950,19,9872920.431344,1360919.625000,0.244898,0.755102,381 384 423 427 482
nsga2,508_e-04,28,13,950,19,9868591.883469,1360449.777344,0.265306,0.734694,381 384 424 427 482
nsga2,508_e-04,28,14,950,19,9867027.333790,1359930.562500,0.285714,0.714286,381 384 424 426 482
nsga2,508_e-04,28,15,950,19,9865217.665299,1359358.542969,0.306122,0.693878,383 384 424 427 482
nsga2,508_e-04,28,16,950,19,9863215.201223,1358838.150391,0.326531,0.673469,382 384 426 427 482
nsga2,508_e-04,28,17,950,19,9863215.201223,1358838.150391,0.346939,0.653061,382 384 426 427 482
nsga2,508_e-04,28,18,950,19,9863215.201223,1358838.150391,0.367347,0.632653,382 384 426 427 482
nsga2,508_e-04,28,19,950,19,9860723.550829,1354526.419922,0.387755,0.612245,384 401 426 427 482
nsga2,508_e-04,28,20,950,19,9860723.550829,1354526.419922,0.408163,0.591837,384 401 426 427 482
nsga2,508_e-04,28,21,950,19,9859613.827516,1353490.986328,0.428571,0.571429,382 384 402 427 482
nsga2,508_e-04,28,22,950,19,9859613.827516,1353490.986328,0.448980,0.551020,382 384 402 427 482
nsga2,508_e-04,28,23,950,19,9856358.737992,1350979.156250,0.469388,0.530612,379 381 384 424 427
nsga2,508_e-04,28,24,950,19,9851776.962774,1350511.275391,0.489796,0.510204,380 384 423 426 427
nsga2,508_e-04,28,25,950,19,9851776.962774,1350511.275391,0.510204,0.489796,380 384 423 426 427
nsga2,508_e-04,28,26,950,19,9851776.962774,1350511.275391,0.530612,0.469388,380 384 423 426 427
nsga2,508_e-04,28,27,950,19,9850371.737183,1350357.888672,0.551020,0.448980,381 384 423 424 427
nsga2,508_e-04,28,28,950,19,9847546.190431,1350042.857422,0.571429,0.428571,381 384 423 426 427
nsga2,508_e-04,28,29,950,19,9847546.190431,1350042.857422,0.591837,0.408163,381 384 423 426 427
nsga2,508_e-04,28,30,950,19,9845422.085950,1349737.654297,0.612245,0.387755,382 384 423 425 427
nsga2,508_e-04,28,31,950,19,9845422.085950,1349737.654297,0.632653,0.367347,382 384 423 425 427
nsga2,508_e-04,28,32,950,19,9843217.642555,1349394.511719,0.653061,0.346939,381 384 424 426 427
nsga2,508_e-04,28,33,950,19,9843217.642555,1349394.511719,0.673469,0.326531,381 384 424 426 427
nsga2,508_e-04,28,34,950,19,9841093.538074,1349051.724609,0.693878,0.306122,382 384 424 425 427
nsga2,508_e-04,28,35,950,19,9841093.538074,1349051.724609,0.714286,0.285714,382 384 424 425 427
nsga2,508_e-04,28,36,950,19,9840270.455397,1348478.154297,0.734694,0.265306,383 384 424 425 427
nsga2,508_e-04,28,37,950,19,9840270.455397,1348478.154297,0.755102,0.244898,383 384 424 425 427
nsga2,508_e-04,28,38,950,19,9836729.244161,1343951.896484,0.775510,0.224490,383 384 401 424 425
nsga2,508_e-04,28,39,950,19,9836729.244161,1343951.896484,0.795918,0.204082,383 384 401 424 425
nsga2,508_e-04,28,40,950,19,9836729.244161,1343951.896484,0.816327,0.183673,383 384 401 424 425
nsga2,508_e-04,28,41,950,19,9836729.244161,1343951.896484,0.836735,0.163265,383 384 401 424 425
nsga2,508_e-04,28,42,950,19,9834666.617614,1343738.027344,0.857143,0.142857,382 384 402 425 427
nsga2,508_e-04,28,43,950,19,9834666.617614,1343738.027344,0.877551,0.122449,382 384 402 425 427
nsga2,508_e-04,28,44,950,19,9834239.586602,1343289.408203,0.897959,0.102041,382 384 402 426 427
nsga2,508_e-04,28,45,950,19,9834239.586602,1343289.408203,0.918367,0.081633,382 384 402 426 427
nsga2,508_e-04,28,46,950,19,9830804.675324,1333448.810547,0.938776,0.061224,384 402 403 425 427
nsga2,508_e-04,28,47,950,19,9830804.675324,1333448.810547,0.959184,0.040816,384 402 403 425 427
nsga2,508_e-04,28,48,950,19,9830804.675324,1333448.810547,0.979592,0.020408,384 402 403 425 427
nsga2,508_e-04,28,49,950,19,9830692.887687,1332716.023438,1.000000,0.000000,382 402 403 425 427
nsga2,508_e-04,28,0,1000,20,11530622.253318,1375069.998047,0.000000,1.000000,3389 4879 5483 5655 5869
nsga2,508_e-04,28,1,1000,20,9963357.836838,1374693.496094,0.020408,0.979592,353 384 426 482 553
nsga2,508_e-04,28,2,1000,20,9963357.836838,1374693.496094,0.040816,0.959184,353 384 426 482 553
nsga2,508_e-04,28,3,1000,20,9923887.309941,1369237.083984,0.061224,0.938776,353 384 420 427 482
nsga2,508_e-04,28,4,1000,20,9904262.160041,1368449.205078,0.081633,0.918367,351 379 384 426 482
nsga2,508_e-04,28,5,1000,20,9894389.070252,1367557.664062,0.102041,0.897959,353 381 384 426 482
nsga2,508_e-04,28,6,1000,20,9891837.934760,1367039.744141,0.122449,0.877551,353 382 384 426 482
nsga2,508_e-04,28,7,1000,20,9891837.934760,1367039.744141,0.142857,0.857143,353 382 384 426 482
nsga2,508_e-04,28,8,1000,20,9889144.403046,1364438.349609,0.163265,0.836735,351 384 401 426 482
nsga2,508_e-04,28,9,1000,20,9889144.403046,1364438.349609,0.183673,0.816327,351 384 401 426 482
nsga2,508_e-04,28,10,1000,20,9883278.015559,1361439.732422,0.204082,0.795918,351 379 384 424 427
nsga2,508_e-04,28,11,1000,20,9878666.854577,1361343.134766,0.224490,0.775510,379 384 424 427 482
nsga2,508_e-04,28,12,1000,20,9872920.431344,1360919.625000,0.244898,0.755102,381 384 423 427 482
nsga2,508_e-04,28,13,1000,20,9868591.883469,1360449.777344,0.265306,0.734694,381 384 424 427 482
nsga2,508_e-04,28,14,1000,20,9867027.333790,1359930.562500,0.285714,0.714286,381 384 424 426 482
nsga2,508_e-04,28,15,1000,20,9865217.665299,1359358.542969,0.306122,0.693878,383 384 424 427 482
nsga2,508_e-04,28,16,1000,20,9863215.201223,1358838.150391,0.326531,0.673469,382 384 426 427 482
nsga2,508_e-04,28,17,1000,20,9863215.201223,1358838.150391,0.346939,0.653061,382 384 426 427 482
nsga2,508_e-04,28,18,1000,20,9863215.201223,1358838.150391,0.367347,0.632653,382 384 426 427 482
nsga2,508_e-04,28,19,1000,20,9860723.550829,1354526.419922,0.387755,0.612245,384 401 426 427 482
nsga2,508_e-04,28,20,1000,20,9860723.550829,1354526.419922,0.408163,0.591837,384 401 426 427 482
nsga2,508_e-04,28,21,1000,20,9858850.907309,1354025.322266,0.428571,0.571429,383 384 401 426 482
nsga2,508_e-04,28,22,1000,20,9858850.907309,1354025.322266,0.448980,0.551020,383 384 401 426 482
nsga2,508_e-04,28,23,1000,20,9856358.737992,1350979.156250,0.469388,0.530612,379 381 384 424 427
nsga2,508_e-04,28,24,1000,20,9851776.962774,1350511.275391,0.489796,0.510204,380 384 423 426 427
nsga2,508_e-04,28,25,1000,20,9851776.962774,1350511.275391,0.510204,0.489796,380 384 423 426 427
nsga2,508_e-04,28,26,1000,20,9851776.962774,1350511.275391,0.530612,0.469388,380 384 423 426 427
nsga2,508_e-04,28,27,1000,20,9850371.737183,1350357.888672,0.551020,0.448980,381 384 423 424 427
nsga2,508_e-04,28,28,1000,20,9847546.190431,1350042.857422,0.571429,0.428571,381 384 423 426 427
nsga2,508_e-04,28,29,1000,20,9847546.190431,1350042.857422,0.591837,0.408163,381 384 423 426 427
nsga2,508_e-04,28,30,1000,20,9845422.085950,1349737.654297,0.612245,0.387755,382 384 423 425 427
nsga2,508_e-04,28,31,1000,20,9845422.085950,1349737.654297,0.632653,0.367347,382 384 423 425 427
nsga2,508_e-04,28,32,1000,20,9843644.673567,1349569.388672,0.653061,0.346939,381 384 424 425 427
nsga2,508_e-04,28,33,1000,20,9843217.642555,1349394.511719,0.673469,0.326531,381 384 424 426 427
nsga2,508_e-04,28,34,1000,20,9841093.538074,1349051.724609,0.693878,0.306122,382 384 424 425 427
nsga2,508_e-04,28,35,1000,20,9841093.538074,1349051.724609,0.714286,0.285714,382 384 424 425 427
nsga2,508_e-04,28,36,1000,20,9840270.455397,1348478.154297,0.734694,0.265306,383 384 424 425 427
nsga2,508_e-04,28,37,1000,20,9840270.455397,1348478.154297,0.755102,0.244898,383 384 424 425 427
nsga2,508_e-04,28,38,1000,20,9836729.244161,1343951.896484,0.775510,0.224490,383 384 401 424 425
nsga2,508_e-04,28,39,1000,20,9836729.244161,1343951.896484,0.795918,0.204082,383 384 401 424 425
nsga2,508_e-04,28,40,1000,20,9836729.244161,1343951.896484,0.816327,0.183673,383 384 401 424 425
nsga2,508_e-04,28,41,1000,20,9836729.244161,1343951.896484,0.836735,0.163265,383 384 401 424 425
nsga2,508_e-04,28,42,1000,20,9834666.617614,1343738.027344,0.857143,0.142857,382 384 402 425 427
nsga2,508_e-04,28,43,1000,20,9834666.617614,1343738.027344,0.877551,0.122449,382 384 402 425 427
nsga2,508_e-04,28,44,1000,20,9834239.586602,1343289.408203,0.897959,0.102041,382 384 402 426 427
nsga2,508_e-04,28,45,1000,20,9834239.586602,1343289.408203,0.918367,0.081633,382 384 402 426 427
nsga2,508_e-04,28,46,1000,20,9830804.675324,1333448.810547,0.938776,0.061224,384 402 403 425 427
nsga2,508_e-04,28,47,1000,20,9830804.675324,1333448.810547,0.959184,0.040816,384 402 403 425 427
nsga2,508_e-04,28,48,1000,20,9830804.675324,1333448.810547,0.979592,0.020408,384 402 403 425 427
nsga2,508_e-04,28,49,1000,20,9830692.887687,1332716.023438,1.000000,0.000000,382 402 403 425 427
nsga2,508_e-04,28,0,1050,21,11530622.253318,1375069.998047,0.000000,1.000000,3389 4879 5483 5655 5869
nsga2,508_e-04,28,1,1050,21,9963357.836838,1374693.496094,0.020408,0.979592,353 384 426 482 553
nsga2,508_e-04,28,2,1050,21,9963357.836838,1374693.496094,0.040816,0.959184,353 384 426 482 553
nsga2,508_e-04,28,3,1050,21,9923887.309941,1369237.083984,0.061224,0.938776,353 384 420 427 482
nsga2,508_e-04,28,4,1050,21,9904262.160041,1368449.205078,0.081633,0.918367,351 379 384 426 482
nsga2,508_e-04,28,5,1050,21,9894389.070252,1367557.664062,0.102041,0.897959,353 381 384 426 482
nsga2,508_e-04,28,6,1050,21,9891837.934760,1367039.744141,0.122449,0.877551,353 382 384 426 482
nsga2,508_e-04,28,7,1050,21,9891837.934760,1367039.744141,0.142857,0.857143,353 382 384 426 482
nsga2,508_e-04,28,8,1050,21,9889144.403046,1364438.349609,0.163265,0.836735,351 384 401 426 482
nsga2,508_e-04,28,9,1050,21,9889144.403046,1364438.349609,0.183673,0.816327,351 384 401 426 482
nsga2,508_e-04,28,10,1050,21,9883278.015559,1361439.732422,0.204082,0.795918,351 379 384 424 427
nsga2,508_e-04,28,11,1050,21,9878666.854577,1361343.134766,0.224490,0.775510,379 384 424 427 482
nsga2,508_e-04,28,12,1050,21,9872920.431344,1360919.625000,0.244898,0.755102,381 384 423 427 482
nsga2,508_e-04,28,13,1050,21,9868591.883469,1360449.777344,0.265306,0.734694,381 384 424 427 482
nsga2,508_e-04,28,14,1050,21,9867027.333790,1359930.562500,0.285714,0.714286,381 384 424 426 482
nsga2,508_e-04,28,15,1050,21,9865217.665299,1359358.542969,0.306122,0.693878,383 384 424 427 482
nsga2,508_e-04,28,16,1050,21,9863653.115620,1358839.328125,0.326531,0.673469,383 384 424 426 482
nsga2,508_e-04,28,17,1050,21,9863215.201223,1358838.150391,0.346939,0.653061,382 384 426 427 482
nsga2,508_e-04,28,18,1050,21,9863215.201223,1358838.150391,0.367347,0.632653,382 384 426 427 482
nsga2,508_e-04,28,19,1050,21,9860723.550829,1354526.419922,0.387755,0.612245,384 401 426 427 482
nsga2,508_e-04,28,20,1050,21,9860723.550829,1354526.419922,0.408163,0.591837,384 401 426 427 482
nsga2,508_e-04,28,21,1050,21,9858850.907309,1354025.322266,0.428571,0.571429,383 384 401 426 482
nsga2,508_e-04,28,22,1050,21,9858850.907309,1354025.322266,0.448980,0.551020,383 384 401 426 482
nsga2,508_e-04,28,23,1050,21,9856358.737992,1350979.156250,0.469388,0.530612,379 381 384 424 427
nsga2,508_e-04,28,24,1050,21,9851776.962774,1350511.275391,0.489796,0.510204,380 384 423 426 427
nsga2,508_e-04,28,25,1050,21,9851776.962774,1350511.275391,0.510204,0.489796,380 384 423 426 427
nsga2,508_e-04,28,26,1050,21,9851776.962774,1350511.275391,0.530612,0.469388,380 384 423 426 427
nsga2,508_e-04,28,27,1050,21,9850371.737183,1350357.888672,0.551020,0.448980,381 384 423 424 427
nsga2,508_e-04,28,28,1050,21,9847973.221442,1350255.318359,0.571429,0.428571,381 384 423 425 427
nsga2,508_e-04,28,29,1050,21,9847546.190431,1350042.857422,0.591837,0.408163,381 384 423 426 427
nsga2,508_e-04,28,30,1050,21,9845422.085950,1349737.654297,0.612245,0.387755,382 384 423 425 427
nsga2,508_e-04,28,31,1050,21,9845422.085950,1349737.654297,0.632653,0.367347,382 384 423 425 427
nsga2,508_e-04,28,32,1050,21,9843644.673567,1349569.388672,0.653061,0.346939,381 384 424 425 427
nsga2,508_e-04,28,33,1050,21,9843217.642555,1349394.511719,0.673469,0.326531,381 384 424 426 427
nsga2,508_e-04,28,34,1050,21,9841093.538074,1349051.724609,0.693878,0.306122,382 384 424 425 427
nsga2,508_e-04,28,35,1050,21,9841093.538074,1349051.724609,0.714286,0.285714,382 384 424 425 427
nsga2,508_e-04,28,36,1050,21,9840270.455397,1348478.154297,0.734694,0.265306,383 384 424 425 427
nsga2,508_e-04,28,37,1050,21,9840270.455397,1348478.154297,0.755102,0.244898,383 384 424 425 427
nsga2,508_e-04,28,38,1050,21,9836729.244161,1343951.896484,0.775510,0.224490,383 384 401 424 425
nsga2,508_e-04,28,39,1050,21,9836729.244161,1343951.896484,0.795918,0.204082,383 384 401 424 425
nsga2,508_e-04,28,40,1050,21,9836729.244161,1343951.896484,0.816327,0.183673,383 384 401 424 425
nsga2,508_e-04,28,41,1050,21,9836729.244161,1343951.896484,0.836735,0.163265,383 384 401 424 425
nsga2,508_e-04,28,42,1050,21,9834666.617614,1343738.027344,0.857143,0.142857,382 384 402 425 427
nsga2,508_e-04,28,43,1050,21,9834666.617614,1343738.027344,0.877551,0.122449,382 384 402 425 427
nsga2,508_e-04,28,44,1050,21,9834239.586602,1343289.408203,0.897959,0.102041,382 384 402 426 427
nsga2,508_e-04,28,45,1050,21,9834239.586602,1343289.408203,0.918367,0.081633,382 384 402 426 427
nsga2,508_e-04,28,46,1050,21,9830804.675324,1333448.810547,0.938776,0.061224,384 402 403 425 427
nsga2,508_e-04,28,47,1050,21,9830804.675324,1333448.810547,0.959184,0.040816,384 402 403 425 427
nsga2,508_e-04,28,48,1050,21,9830804.675324,1333448.810547,0.979592,0.020408,384 402 403 425 427
nsga2,508_e-04,28,49,1050,21,9830692.887687,1332716.023438,1.000000,0.000000,382 402 403 425 427
nsga2,508_e-04,28,0,1100,22,11530622.253318,1375069.998047,0.000000,1.000000,3389 4879 5483 5655 5869
nsga2,508_e-04,28,1,1100,22,9963357.836838,1374693.496094,0.020408,0.979592,353 384 426 482 553
nsga2,508_e-04,28,2,1100,22,9963357.836838,1374693.496094,0.040816,0.959184,353 384 426 482 553
nsga2,508_e-04,28,3,1100,22,9923887.309941,1369237.083984,0.061224,0.938776,353 384 420 427 482
nsga2,508_e-04,28,4,1100,22,9904262.160041,1368449.205078,0.081633,0.918367,351 379 384 426 482
nsga2,508_e-04,28,5,1100,22,9894389.070252,1367557.664062,0.102041,0.897959,353 381 384 426 482
nsga2,508_e-04,28,6,1100,22,9891837.934760,1367039.744141,0.122449,0.877551,353 382 384 426 482
nsga2,508_e-04,28,7,1100,22,9891837.934760,1367039.744141,0.142857,0.857143,353 382 384 426 482
nsga2,508_e-04,28,8,1100,22,9889144.403046,1364438.349609,0.163265,0.836735,351 384 401 426 482
nsga2,508_e-04,28,9,1100,22,9889144.403046,1364438.349609,0.183673,0.816327,351 384 401 426 482
nsga2,508_e-04,28,10,1100,22,9881964.245989,1361486.718750,0.204082,0.795918,353 380 384 423 427
nsga2,508_e-04,28,11,1100,22,9878666.854577,1361343.134766,0.224490,0.775510,379 384 424 427 482
nsga2,508_e-04,28,12,1100,22,9872920.431344,1360919.625000,0.244898,0.755102,381 384 423 427 482
nsga2,508_e-04,28,13,1100,22,9868591.883469,1360449.777344,0.265306,0.734694,381 384 424 427 482
nsga2,508_e-04,28,14,1100,22,9867027.333790,1359930.562500,0.285714,0.714286,381 384 424 426 482
nsga2,508_e-04,28,15,1100,22,9865217.665299,1359358.542969,0.306122,0.693878,383 384 424 427 482
nsga2,508_e-04,28,16,1100,22,9863653.115620,1358839.328125,0.326531,0.673469,383 384 424 426 482
nsga2,508_e-04,28,17,1100,22,9863215.201223,1358838.150391,0.346939,0.653061,382 384 426 427 482
nsga2,508_e-04,28,18,1100,22,9863215.201223,1358838.150391,0.367347,0.632653,382 384 426 427 482
nsga2,508_e-04,28,19,1100,22,9860723.550829,1354526.419922,0.387755,0.612245,384 401 426 427 482
nsga2,508_e-04,28,20,1100,22,9860723.550829,1354526.419922,0.408163,0.591837,384 401 426 427 482
nsga2,508_e-04,28,21,1100,22,9858850.907309,1354025.322266,0.428571,0.571429,383 384 401 426 482
nsga2,508_e-04,28,22,1100,22,9858850.907309,1354025.322266,0.448980,0.551020,383 384 401 426 482
nsga2,508_e-04,28,23,1100,22,9851527.746521,1351022.482422,0.469388,0.530612,381 384 423 425 428
nsga2,508_e-04,28,24,1100,22,9851527.746521,1351022.482422,0.489796,0.510204,381 384 423 425 428
nsga2,508_e-04,28,25,1100,22,9851527.746521,1351022.482422,0.510204,0.489796,381 384 423 425 428
nsga2,508_e-04,28,26,1100,22,9851527.746521,1351022.482422,0.530612,0.469388,381 384 423 425 428
nsga2,508_e-04,28,27,1100,22,9850592.876207,1350501.990234,0.551020,0.448980,381 383 423 425 428
nsga2,508_e-04,28,28,1100,22,9847973.221442,1350255.318359,0.571429,0.428571,381 384 423 425 427
nsga2,508_e-04,28,29,1100,22,9847546.190431,1350042.857422,0.591837,0.408163,381 384 423 426 427
nsga2,508_e-04,28,30,1100,22,9845422.085950,1349737.654297,0.612245,0.387755,382 384 423 425 427
nsga2,508_e-04,28,31,1100,22,9845422.085950,1349737.654297,0.632653,0.367347,382 384 423 425 427
nsga2,508_e-04,28,32,1100,22,9843644.673567,1349569.388672,0.653061,0.346939,381 384 424 425 427
nsga2,508_e-04,28,33,1100,22,9843217.642555,1349394.511719,0.673469,0.326531,381 384 424 426 427
nsga2,508_e-04,28,34,1100,22,9841093.538074,1349051.724609,0.693878,0.306122,382 384 424 425 427
nsga2,508_e-04,28,35,1100,22,9841093.538074,1349051.724609,0.714286,0.285714,382 384 424 425 427
nsga2,508_e-04,28,36,1100,22,9840270.455397,1348478.154297,0.734694,0.265306,383 384 424 425 427
nsga2,508_e-04,28,37,1100,22,9840270.455397,1348478.154297,0.755102,0.244898,383 384 424 425 427
nsga2,508_e-04,28,38,1100,22,9836729.244161,1343951.896484,0.775510,0.224490,383 384 401 424 425
nsga2,508_e-04,28,39,1100,22,9836729.244161,1343951.896484,0.795918,0.204082,383 384 401 424 425
nsga2,508_e-04,28,40,1100,22,9836729.244161,1343951.896484,0.816327,0.183673,383 384 401 424 425
nsga2,508_e-04,28,41,1100,22,9836729.244161,1343951.896484,0.836735,0.163265,383 384 401 424 425
nsga2,508_e-04,28,42,1100,22,9834666.617614,1343738.027344,0.857143,0.142857,382 384 402 425 427
nsga2,508_e-04,28,43,1100,22,9834666.617614,1343738.027344,0.877551,0.122449,382 384 402 425 427
nsga2,508_e-04,28,44,1100,22,9834239.586602,1343289.408203,0.897959,0.102041,382 384 402 426 427
nsga2,508_e-04,28,45,1100,22,9834239.586602,1343289.408203,0.918367,0.081633,382 384 402 426 427
nsga2,508_e-04,28,46,1100,22,9830804.675324,1333448.810547,0.938776,0.061224,384 402 403 425 427
nsga2,508_e-04,28,47,1100,22,9830804.675324,1333448.810547,0.959184,0.040816,384 402 403 425 427
nsga2,508_e-04,28,48,1100,22,9830804.675324,1333448.810547,0.979592,0.020408,384 402 403 425 427
nsga2,508_e-04,28,49,1100,22,9830692.887687,1332716.023438,1.000000,0.000000,382 402 403 425 427
nsga2,508_e-04,28,0,1150,23,11530622.253318,1375069.998047,0.000000,1.000000,3389 4879 5483 5655 5869
nsga2,508_e-04,28,1,1150,23,9963357.836838,1374693.496094,0.020408,0.979592,353 384 426 482 553
nsga2,508_e-04,28,2,1150,23,9963357.836838,1374693.496094,0.040816,0.959184,353 384 426 482 553
nsga2,508_e-04,28,3,1150,23,9923887.309941,1369237.083984,0.061224,0.938776,353 384 420 427 482
nsga2,508_e-04,28,4,1150,23,9904262.160041,1368449.205078,0.081633,0.918367,351 379 384 426 482
nsga2,508_e-04,28,5,1150,23,9894389.070252,1367557.664062,0.102041,0.897959,353 381 384 426 482
nsga2,508_e-04,28,6,1150,23,9891837.934760,1367039.744141,0.122449,0.877551,353 382 384 426 482
nsga2,508_e-04,28,7,1150,23,9891837.934760,1367039.744141,0.142857,0.857143,353 382 384 426 482
nsga2,508_e-04,28,8,1150,23,9889144.403046,1364438.349609,0.163265,0.836735,351 384 401 426 482
nsga2,508_e-04,28,9,1150,23,9889144.403046,1364438.349609,0.183673,0.816327,351 384 401 426 482
nsga2,508_e-04,28,10,1150,23,9881964.245989,1361486.718750,0.204082,0.795918,353 380 384 423 427
nsga2,508_e-04,28,11,1150,23,9878666.854577,1361343.134766,0.224490,0.775510,379 384 424 427 482
nsga2,508_e-04,28,12,1150,23,9872920.431344,1360919.625000,0.244898,0.755102,381 384 423 427 482
nsga2,508_e-04,28,13,1150,23,9868591.883469,1360449.777344,0.265306,0.734694,381 384 424 427 482
nsga2,508_e-04,28,14,1150,23,9867027.333790,1359930.562500,0.285714,0.714286,381 384 424 426 482
nsga2,508_e-04,28,15,1150,23,9865217.665299,1359358.542969,0.306122,0.693878,383 384 424 427 482
nsga2,508_e-04,28,16,1150,23,9863653.115620,1358839.328125,0.326531,0.673469,383 384 424 426 482
nsga2,508_e-04,28,17,1150,23,9863215.201223,1358838.150391,0.346939,0.653061,382 384 426 427 482
nsga2,508_e-04,28,18,1150,23,9863215.201223,1358838.150391,0.367347,0.632653,382 384 426 427 482
nsga2,508_e-04,28,19,1150,23,9860723.550829,1354526.419922,0.387755,0.612245,384 401 426 427 482
nsga2,508_e-04,28,20,1150,23,9860723.550829,1354526.419922,0.408163,0.591837,384 401 426 427 482
nsga2,508_e-04,28,21,1150,23,9858850.907309,1354025.322266,0.428571,0.571429,383 384 401 426 482
nsga2,508_e-04,28,22,1150,23,9858850.907309,1354025.322266,0.448980,0.551020,383 384 401 426 482
nsga2,508_e-04,28,23,1150,23,9857048.864471,1351707.833984,0.469388,0.530612,381 384 423 425 429
nsga2,508_e-04,28,24,1150,23,9851527.746521,1351022.482422,0.489796,0.510204,381 384 423 425 428
nsga2,508_e-04,28,25,1150,23,9851527.746521,1351022.482422,0.510204,0.489796,381 384 423 425 428
nsga2,508_e-04,28,26,1150,23,9851527.746521,1351022.482422,0.530612,0.469388,381 384 423 425 428
nsga2,508_e-04,28,27,1150,23,9850592.876207,1350501.990234,0.551020,0.448980,381 383 423 425 428
nsga2,508_e-04,28,28,1150,23,9847973.221442,1350255.318359,0.571429,0.428571,381 384 423 425 427
nsga2,508_e-04,28,29,1150,23,9847546.190431,1350042.857422,0.591837,0.408163,381 384 423 426 427
nsga2,508_e-04,28,30,1150,23,9845422.085950,1349737.654297,0.612245,0.387755,382 384 423 425 427
nsga2,508_e-04,28,31,1150,23,9845422.085950,1349737.654297,0.632653,0.367347,382 384 423 425 427
nsga2,508_e-04,28,32,1150,23,9843644.673567,1349569.388672,0.653061,0.346939,381 384 424 425 427
nsga2,508_e-04,28,33,1150,23,9843217.642555,1349394.511719,0.673469,0.326531,381 384 424 426 427
nsga2,508_e-04,28,34,1150,23,9841093.538074,1349051.724609,0.693878,0.306122,382 384 424 425 427
nsga2,508_e-04,28,35,1150,23,9841093.538074,1349051.724609,0.714286,0.285714,382 384 424 425 427
nsga2,508_e-04,28,36,1150,23,9840270.455397,1348478.154297,0.734694,0.265306,383 384 424 425 427
nsga2,508_e-04,28,37,1150,23,9840270.455397,1348478.154297,0.755102,0.244898,383 384 424 425 427
nsga2,508_e-04,28,38,1150,23,9836729.244161,1343951.896484,0.775510,0.224490,383 384 401 424 425
nsga2,508_e-04,28,39,1150,23,9836729.244161,1343951.896484,0.795918,0.204082,383 384 401 424 425
nsga2,508_e-04,28,40,1150,23,9836729.244161,1343951.896484,0.816327,0.183673,383 384 401 424 425
nsga2,508_e-04,28,41,1150,23,9836729.244161,1343951.896484,0.836735,0.163265,383 384 401 424 425
nsga2,508_e-04,28,42,1150,23,9834666.617614,1343738.027344,0.857143,0.142857,382 384 402 425 427
nsga2,508_e-04,28,43,1150,23,9834666.617614,1343738.027344,0.877551,0.122449,382 384 402 425 427
nsga2,508_e-04,28,44,1150,23,9834239.586602,1343289.408203,0.897959,0.102041,382 384 402 426 427
nsga2,508_e-04,28,45,1150,23,9834239.586602,1343289.408203,0.918367,0.081633,382 384 402 426 427
nsga2,508_e-04,28,46,1150,23,9830804.675324,1333448.810547,0.938776,0.061224,384 402 403 425 427
nsga2,508_e-04,28,47,1150,23,9830804.675324,1333448.810547,0.959184,0.040816,384 402 403 425 427
nsga2,508_e-04,28,48,1150,23,9830804.675324,1333448.810547,0.979592,0.020408,384 402 403 425 427
nsga2,508_e-04,28,49,1150,23,9830692.887687,1332716.023438,1.000000,0.000000,382 402 403 425 427
nsga2,508_e-04,28,0,1200,24,11530622.253318,1375069.998047,0.000000,1.000000,3389 4879 5483 5655 5869
nsga2,508_e-04,28,1,1200,24,9963357.836838,1374693.496094,0.020408,0.979592,353 384 426 482 553
nsga2,508_e-04,28,2,1200,24,9963357.836838,1374693.496094,0.040816,0.959184,353 384 426 482 553
nsga2,508_e-04,28,3,1200,24,9923887.309941,1369237.083984,0.061224,0.938776,353 384 420 427 482
nsga2,508_e-04,28,4,1200,24,9904262.160041,1368449.205078,0.081633,0.918367,351 379 384 426 482
nsga2,508_e-04,28,5,1200,24,9894389.070252,1367557.664062,0.102041,0.897959,353 381 384 426 482
nsga2,508_e-04,28,6,1200,24,9891837.934760,1367039.744141,0.122449,0.877551,353 382 384 426 482
nsga2,508_e-04,28,7,1200,24,9891837.934760,1367039.744141,0.142857,0.857143,353 382 384 426 482
nsga2,508_e-04,28,8,1200,24,9889144.403046,1364438.349609,0.163265,0.836735,351 384 401 426 482
nsga2,508_e-04,28,9,1200,24,9889144.403046,1364438.349609,0.183673,0.816327,351 384 401 426 482
nsga2,508_e-04,28,10,1200,24,9881964.245989,1361486.718750,0.204082,0.795918,353 380 384 423 427
nsga2,508_e-04,28,11,1200,24,9878666.854577,1361343.134766,0.224490,0.775510,379 384 424 427 482
nsga2,508_e-04,28,12,1200,24,9872920.431344,1360919.625000,0.244898,0.755102,381 384 423 427 482
nsga2,508_e-04,28,13,1200,24,9868591.883469,1360449.777344,0.265306,0.734694,381 384 424 427 482
nsga2,508_e-04,28,14,1200,24,9867027.333790,1359930.562500,0.285714,0.714286,381 384 424 426 482
nsga2,508_e-04,28,15,1200,24,9865217.665299,1359358.542969,0.306122,0.693878,383 384 424 427 482
nsga2,508_e-04,28,16,1200,24,9863653.115620,1358839.328125,0.326531,0.673469,383 384 424 426 482
nsga2,508_e-04,28,17,1200,24,9863215.201223,1358838.150391,0.346939,0.653061,382 384 426 427 482
nsga2,508_e-04,28,18,1200,24,9863215.201223,1358838.150391,0.367347,0.632653,382 384 426 427 482
nsga2,508_e-04,28,19,1200,24,9860723.550829,1354526.419922,0.387755,0.612245,384 401 426 427 482
nsga2,508_e-04,28,20,1200,24,9860723.550829,1354526.419922,0.408163,0.591837,384 401 426 427 482
nsga2,508_e-04,28,21,1200,24,9858850.907309,1354025.322266,0.428571,0.571429,383 384 401 426 482
nsga2,508_e-04,28,22,1200,24,9858850.907309,1354025.322266,0.448980,0.551020,383 384 401 426 482
nsga2,508_e-04,28,23,1200,24,9857048.864471,1351707.833984,0.469388,0.530612,381 384 423 425 429
nsga2,508_e-04,28,24,1200,24,9851527.746521,1351022.482422,0.489796,0.510204,381 384 423 425 428
nsga2,508_e-04,28,25,1200,24,9851527.746521,1351022.482422,0.510204,0.489796,381 384 423 425 428
nsga2,508_e-04,28,26,1200,24,9851527.746521,1351022.482422,0.530612,0.469388,381 384 423 425 428
nsga2,508_e-04,28,27,1200,24,9850592.876207,1350501.990234,0.551020,0.448980,381 383 423 425 428
nsga2,508_e-04,28,28,1200,24,9847973.221442,1350255.318359,0.571429,0.428571,381 384 423 425 427
nsga2,508_e-04,28,29,1200,24,9847973.221442,1350255.318359,0.591837,0.408163,381 384 423 425 427
nsga2,508_e-04,28,30,1200,24,9845422.085950,1349737.654297,0.612245,0.387755,382 384 423 425 427
nsga2,508_e-04,28,31,1200,24,9845422.085950,1349737.654297,0.632653,0.367347,382 384 423 425 427
nsga2,508_e-04,28,32,1200,24,9843644.673567,1349569.388672,0.653061,0.346939,381 384 424 425 427
nsga2,508_e-04,28,33,1200,24,9843217.642555,1349394.511719,0.673469,0.326531,381 384 424 426 427
nsga2,508_e-04,28,34,1200,24,9841093.538074,1349051.724609,0.693878,0.306122,382 384 424 425 427
nsga2,508_e-04,28,35,1200,24,9841093.538074,1349051.724609,0.714286,0.285714,382 384 424 425 427
nsga2,508_e-04,28,36,1200,24,9840270.455397,1348478.154297,0.734694,0.265306,383 384 424 425 427
nsga2,508_e-04,28,37,1200,24,9840270.455397,1348478.154297,0.755102,0.244898,383 384 424 425 427
nsga2,508_e-04,28,38,1200,24,9837217.753107,1344371.035156,0.775510,0.224490,381 384 402 425 427
nsga2,508_e-04,28,39,1200,24,9837217.753107,1344371.035156,0.795918,0.204082,381 384 402 425 427
nsga2,508_e-04,28,40,1200,24,9837217.753107,1344371.035156,0.816327,0.183673,381 384 402 425 427
nsga2,508_e-04,28,41,1200,24,9836729.244161,1343951.896484,0.836735,0.163265,383 384 401 424 425
nsga2,508_e-04,28,42,1200,24,9834666.617614,1343738.027344,0.857143,0.142857,382 384 402 425 427
nsga2,508_e-04,28,43,1200,24,9834666.617614,1343738.027344,0.877551,0.122449,382 384 402 425 427
nsga2,508_e-04,28,44,1200,24,9834239.586602,1343289.408203,0.897959,0.102041,382 384 402 426 427
nsga2,508_e-04,28,45,1200,24,9834239.586602,1343289.408203,0.918367,0.081633,382 384 402 426 427
nsga2,508_e-04,28,46,1200,24,9830804.675324,1333448.810547,0.938776,0.061224,384 402 403 425 427
nsga2,508_e-04,28,47,1200,24,9830804.675324,1333448.810547,0.959184,0.040816,384 402 403 425 427
nsga2,508_e-04,28,48,1200,24,9830804.675324,1333448.810547,0.979592,0.020408,384 402 403 425 427
nsga2,508_e-04,28,49,1200,24,9830692.887687,1332716.023438,1.000000,0.000000,382 402 403 425 427
nsga2,508_e-04,28,0,1250,25,11530622.253318,1375069.998047,0.000000,1.000000,3389 4879 5483 5655 5869
nsga2,508_e-04,28,1,1250,25,9963357.836838,1374693.496094,0.020408,0.979592,353 384 426 482 553
nsga2,508_e-04,28,2,1250,25,9963357.836838,1374693.496094,0.040816,0.959184,353 384 426 482 553
nsga2,508_e-04,28,3,1250,25,9923887.309941,1369237.083984,0.061224,0.938776,353 384 420 427 482
nsga2,508_e-04,28,4,1250,25,9904262.160041,1368449.205078,0.081633,0.918367,351 379 384 426 482
nsga2,508_e-04,28,5,1250,25,9894389.070252,1367557.664062,0.102041,0.897959,353 381 384 426 482
nsga2,508_e-04,28,6,1250,25,9891837.934760,1367039.744141,0.122449,0.877551,353 382 384 426 482
nsga2,508_e-04,28,7,1250,25,9891837.934760,1367039.744141,0.142857,0.857143,353 382 384 426 482
nsga2,508_e-04,28,8,1250,25,9889144.403046,1364438.349609,0.163265,0.836735,351 384 401 426 482
nsga2,508_e-04,28,9,1250,25,9887808.444754,1361911.927734,0.183673,0.816327,353 379 384 423 427
nsga2,508_e-04,28,10,1250,25,9881964.245989,1361486.718750,0.204082,0.795918,353 380 384 423 427
nsga2,508_e-04,28,11,1250,25,9878666.854577,1361343.134766,0.224490,0.775510,379 384 424 427 482
nsga2,508_e-04,28,12,1250,25,9872920.431344,1360919.625000,0.244898,0.755102,381 384 423 427 482
nsga2,508_e-04,28,13,1250,25,9868591.883469,1360449.777344,0.265306,0.734694,381 384 424 427 482
nsga2,508_e-04,28,14,1250,25,9867027.333790,1359930.562500,0.285714,0.714286,381 384 424 426 482
nsga2,508_e-04,28,15,1250,25,9863642.232235,1359413.066406,0.306122,0.693878,382 384 425 427 482
nsga2,508_e-04,28,16,1250,25,9863642.232235,1359413.066406,0.326531,0.673469,382 384 425 427 482
nsga2,508_e-04,28,17,1250,25,9863215.201223,1358838.150391,0.346939,0.653061,382 384 426 427 482
nsga2,508_e-04,28,18,1250,25,9863215.201223,1358838.150391,0.367347,0.632653,382 384 426 427 482
nsga2,508_e-04,28,19,1250,25,9860723.550829,1354526.419922,0.387755,0.612245,384 401 426 427 482
nsga2,508_e-04,28,20,1250,25,9860723.550829,1354526.419922,0.408163,0.591837,384 401 426 427 482
nsga2,508_e-04,28,21,1250,25,9858850.907309,1354025.322266,0.428571,0.571429,383 384 401 426 482
nsga2,508_e-04,28,22,1250,25,9858850.907309,1354025.322266,0.448980,0.551020,383 384 401 426 482
nsga2,508_e-04,28,23,1250,25,9857048.864471,1351707.833984,0.469388,0.530612,381 384 423 425 429
nsga2,508_e-04,28,24,1250,25,9851527.746521,1351022.482422,0.489796,0.510204,381 384 423 425 428
nsga2,508_e-04,28,25,1250,25,9851527.746521,1351022.482422,0.510204,0.489796,381 384 423 425 428
nsga2,508_e-04,28,26,1250,25,9851527.746521,1351022.482422,0.530612,0.469388,381 384 423 425 428
nsga2,508_e-04,28,27,1250,25,9850371.737183,1350357.888672,0.551020,0.448980,381 384 423 424 427
nsga2,508_e-04,28,28,1250,25,9847973.221442,1350255.318359,0.571429,0.428571,381 384 423 425 427
nsga2,508_e-04,28,29,1250,25,9847238.096590,1349825.835938,0.591837,0.408163,381 383 384 423 427
nsga2,508_e-04,28,30,1250,25,9845422.085950,1349737.654297,0.612245,0.387755,382 384 423 425 427
nsga2,508_e-04,28,31,1250,25,9843644.673567,1349569.388672,0.632653,0.367347,381 384 424 425 427
nsga2,508_e-04,28,32,1250,25,9843644.673567,1349569.388672,0.653061,0.346939,381 384 424 425 427
nsga2,508_e-04,28,33,1250,25,9841093.538074,1349051.724609,0.673469,0.326531,382 384 424 425 427
nsga2,508_e-04,28,34,1250,25,9841093.538074,1349051.724609,0.693878,0.306122,382 384 424 425 427
nsga2,508_e-04,28,35,1250,25,9840270.455397,1348478.154297,0.714286,0.285714,383 384 424 425 427
nsga2,508_e-04,28,36,1250,25,9840270.455397,1348478.154297,0.734694,0.265306,383 384 424 425 427
nsga2,508_e-04,28,37,1250,25,9840270.455397,1348478.154297,0.755102,0.244898,383 384 424 425 427
nsga2,508_e-04,28,38,1250,25,9837217.753107,1344371.035156,0.775510,0.224490,381 384 402 425 427
nsga2,508_e-04,28,39,1250,25,9837217.753107,1344371.035156,0.795918,0.204082,381 384 402 425 427
nsga2,508_e-04,28,40,1250,25,9837217.753107,1344371.035156,0.816327,0.183673,381 384 402 425 427
nsga2,508_e-04,28,41,1250,25,9834666.617614,1343738.027344,0.836735,0.163265,382 384 402 425 427
nsga2,508_e-04,28,42,1250,25,9834666.617614,1343738.027344,0.857143,0.142857,382 384 402 425 427
nsga2,508_e-04,28,43,1250,25,9834666.617614,1343738.027344,0.877551,0.122449,382 384 402 425 427
nsga2,508_e-04,28,44,1250,25,9834239.586602,1343289.408203,0.897959,0.102041,382 384 402 426 427
nsga2,508_e-04,28,45,1250,25,9830804.675324,1333448.810547,0.918367,0.081633,384 402 403 425 427
nsga2,508_e-04,28,46,1250,25,9830804.675324,1333448.810547,0.938776,0.061224,384 402 403 425 427
nsga2,508_e-04,28,47,1250,25,9830804.675324,1333448.810547,0.959184,0.040816,384 402 403 425 427
nsga2,508_e-04,28,48,1250,25,9830804.675324,1333448.810547,0.979592,0.020408,384 402 403 425 427
nsga2,508_e-04,28,49,1250,25,9830692.887687,1332716.023438,1.000000,0.000000,382 402 403 425 427
nsga2,508_e-04,28,0,1300,26,11530622.253318,1375069.998047,0.000000,1.000000,3389 4879 5483 5655 5869
nsga2,508_e-04,28,1,1300,26,9963357.836838,1374693.496094,0.020408,0.979592,353 384 426 482 553
nsga2,508_e-04,28,2,1300,26,9963357.836838,1374693.496094,0.040816,0.959184,353 384 426 482 553
nsga2,508_e-04,28,3,1300,26,9923887.309941,1369237.083984,0.061224,0.938776,353 384 420 427 482
nsga2,508_e-04,28,4,1300,26,9904262.160041,1368449.205078,0.081633,0.918367,351 379 384 426 482
nsga2,508_e-04,28,5,1300,26,9894389.070252,1367557.664062,0.102041,0.897959,353 381 384 426 482
nsga2,508_e-04,28,6,1300,26,9891837.934760,1367039.744141,0.122449,0.877551,353 382 384 426 482
nsga2,508_e-04,28,7,1300,26,9891837.934760,1367039.744141,0.142857,0.857143,353 382 384 426 482
nsga2,508_e-04,28,8,1300,26,9889144.403046,1364438.349609,0.163265,0.836735,351 384 401 426 482
nsga2,508_e-04,28,9,1300,26,9887808.444754,1361911.927734,0.183673,0.816327,353 379 384 423 427
nsga2,508_e-04,28,10,1300,26,9881964.245989,1361486.718750,0.204082,0.795918,353 380 384 423 427
nsga2,508_e-04,28,11,1300,26,9878666.854577,1361343.134766,0.224490,0.775510,379 384 424 427 482
nsga2,508_e-04,28,12,1300,26,9872920.431344,1360919.625000,0.244898,0.755102,381 384 423 427 482
nsga2,508_e-04,28,13,1300,26,9868591.883469,1360449.777344,0.265306,0.734694,381 384 424 427 482
nsga2,508_e-04,28,14,1300,26,9867027.333790,1359930.562500,0.285714,0.714286,381 384 424 426 482
nsga2,508_e-04,28,15,1300,26,9863642.232235,1359413.066406,0.306122,0.693878,382 384 425 427 482
nsga2,508_e-04,28,16,1300,26,9863642.232235,1359413.066406,0.326531,0.673469,382 384 425 427 482
nsga2,508_e-04,28,17,1300,26,9862819.149558,1358839.496094,0.346939,0.653061,383 384 425 427 482
nsga2,508_e-04,28,18,1300,26,9862819.149558,1358839.496094,0.367347,0.632653,383 384 425 427 482
nsga2,508_e-04,28,19,1300,26,9860723.550829,1354526.419922,0.387755,0.612245,384 401 426 427 482
nsga2,508_e-04,28,20,1300,26,9860723.550829,1354526.419922,0.408163,0.591837,384 401 426 427 482
nsga2,508_e-04,28,21,1300,26,9858850.907309,1354025.322266,0.428571,0.571429,383 384 401 426 482
nsga2,508_e-04,28,22,1300,26,9858850.907309,1354025.322266,0.448980,0.551020,383 384 401 426 482
nsga2,508_e-04,28,23,1300,26,9857048.864471,1351707.833984,0.469388,0.530612,381 384 423 425 429
nsga2,508_e-04,28,24,1300,26,9851527.746521,1351022.482422,0.489796,0.510204,381 384 423 425 428
nsga2,508_e-04,28,25,1300,26,9851527.746521,1351022.482422,0.510204,0.489796,381 384 423 425 428
nsga2,508_e-04,28,26,1300,26,9851527.746521,1351022.482422,0.530612,0.469388,381 384 423 425 428
nsga2,508_e-04,28,27,1300,26,9850371.737183,1350357.888672,0.551020,0.448980,381 384 423 424 427
nsga2,508_e-04,28,28,1300,26,9847973.221442,1350255.318359,0.571429,0.428571,381 384 423 425 427
nsga2,508_e-04,28,29,1300,26,9847238.096590,1349825.835938,0.591837,0.408163,381 383 384 423 427
nsga2,508_e-04,28,30,1300,26,9845422.085950,1349737.654297,0.612245,0.387755,382 384 423 425 427
nsga2,508_e-04,28,31,1300,26,9843644.673567,1349569.388672,0.632653,0.367347,381 384 424 425 427
nsga2,508_e-04,28,32,1300,26,9843644.673567,1349569.388672,0.653061,0.346939,381 384 424 425 427
nsga2,508_e-04,28,33,1300,26,9841093.538074,1349051.724609,0.673469,0.326531,382 384 424 425 427
nsga2,508_e-04,28,34,1300,26,9841093.538074,1349051.724609,0.693878,0.306122,382 384 424 425 427
nsga2,508_e-04,28,35,1300,26,9840270.455397,1348478.154297,0.714286,0.285714,383 384 424 425 427
nsga2,508_e-04,28,36,1300,26,9840270.455397,1348478.154297,0.734694,0.265306,383 384 424 425 427
nsga2,508_e-04,28,37,1300,26,9839921.476662,1344884.466797,0.755102,0.244898,381 385 402 425 427
nsga2,508_e-04,28,38,1300,26,9837217.753107,1344371.035156,0.775510,0.224490,381 384 402 425 427
nsga2,508_e-04,28,39,1300,26,9837217.753107,1344371.035156,0.795918,0.204082,381 384 402 425 427
nsga2,508_e-04,28,40,1300,26,9837217.753107,1344371.035156,0.816327,0.183673,381 384 402 425 427
nsga2,508_e-04,28,41,1300,26,9834666.617614,1343738.027344,0.836735,0.163265,382 384 402 425 427
nsga2,508_e-04,28,42,1300,26,9834666.617614,1343738.027344,0.857143,0.142857,382 384 402 425 427
nsga2,508_e-04,28,43,1300,26,9834666.617614,1343738.027344,0.877551,0.122449,382 384 402 425 427
nsga2,508_e-04,28,44,1300,26,9834239.586602,1343289.408203,0.897959,0.102041,382 384 402 426 427
nsga2,508_e-04,28,45,1300,26,9832174.967220,1340332.027344,0.918367,0.081633,384 401 402 425 427
nsga2,508_e-04,28,46,1300,26,9832174.967220,1340332.027344,0.938776,0.061224,384 401 402 425 427
nsga2,508_e-04,28,47,1300,26,9831125.406378,1338147.791016,0.959184,0.040816,382 384 401 402 425
nsga2,508_e-04,28,48,1300,26,9831125.406378,1338147.791016,0.979592,0.020408,382 384 401 402 425
nsga2,508_e-04,28,49,1300,26,9830692.887687,1332716.023438,1.000000,0.000000,382 402 403 425 427
nsga2,508_e-04,28,0,1350,27,11530622.253318,1375069.998047,0.000000,1.000000,3389 4879 5483 5655 5869
nsga2,508_e-04,28,1,1350,27,9963357.836838,1374693.496094,0.020408,0.979592,353 384 426 482 553
nsga2,508_e-04,28,2,1350,27,9963357.836838,1374693.496094,0.040816,0.959184,353 384 426 482 553
nsga2,508_e-04,28,3,1350,27,9923887.309941,1369237.083984,0.061224,0.938776,353 384 420 427 482
nsga2,508_e-04,28,4,1350,27,9904262.160041,1368449.205078,0.081633,0.918367,351 379 384 426 482
nsga2,508_e-04,28,5,1350,27,9894389.070252,1367557.664062,0.102041,0.897959,353 381 384 426 482
nsga2,508_e-04,28,6,1350,27,9891837.934760,1367039.744141,0.122449,0.877551,353 382 384 426 482
nsga2,508_e-04,28,7,1350,27,9891837.934760,1367039.744141,0.142857,0.857143,353 382 384 426 482
nsga2,508_e-04,28,8,1350,27,9889144.403046,1364438.349609,0.163265,0.836735,351 384 401 426 482
nsga2,508_e-04,28,9,1350,27,9887808.444754,1361911.927734,0.183673,0.816327,353 379 384 423 427
nsga2,508_e-04,28,10,1350,27,9881964.245989,1361486.718750,0.204082,0.795918,353 380 384 423 427
nsga2,508_e-04,28,11,1350,27,9878666.854577,1361343.134766,0.224490,0.775510,379 384 424 427 482
nsga2,508_e-04,28,12,1350,27,9872920.431344,1360919.625000,0.244898,0.755102,381 384 423 427 482
nsga2,508_e-04,28,13,1350,27,9868591.883469,1360449.777344,0.265306,0.734694,381 384 424 427 482
nsga2,508_e-04,28,14,1350,27,9866193.367728,1359930.730469,0.285714,0.714286,381 384 425 427 482
nsga2,508_e-04,28,15,1350,27,9863642.232235,1359413.066406,0.306122,0.693878,382 384 425 427 482
nsga2,508_e-04,28,16,1350,27,9863642.232235,1359413.066406,0.326531,0.673469,382 384 425 427 482
nsga2,508_e-04,28,17,1350,27,9862819.149558,1358839.496094,0.346939,0.653061,383 384 425 427 482
nsga2,508_e-04,28,18,1350,27,9862819.149558,1358839.496094,0.367347,0.632653,383 384 425 427 482
nsga2,508_e-04,28,19,1350,27,9860723.550829,1354526.419922,0.387755,0.612245,384 401 426 427 482
nsga2,508_e-04,28,20,1350,27,9860415.456988,1354247.083984,0.408163,0.591837,383 384 401 427 482
nsga2,508_e-04,28,21,1350,27,9858850.907309,1354025.322266,0.428571,0.571429,383 384 401 426 482
nsga2,508_e-04,28,22,1350,27,9858850.907309,1354025.322266,0.448980,0.551020,383 384 401 426 482
nsga2,508_e-04,28,23,1350,27,9857048.864471,1351707.833984,0.469388,0.530612,381 384 423 425 429
nsga2,508_e-04,28,24,1350,27,9851527.746521,1351022.482422,0.489796,0.510204,381 384 423 425 428
nsga2,508_e-04,28,25,1350,27,9851527.746521,1351022.482422,0.510204,0.489796,381 384 423 425 428
nsga2,508_e-04,28,26,1350,27,9851527.746521,1351022.482422,0.530612,0.469388,381 384 423 425 428
nsga2,508_e-04,28,27,1350,27,9850371.737183,1350357.888672,0.551020,0.448980,381 384 423 424 427
nsga2,508_e-04,28,28,1350,27,9847973.221442,1350255.318359,0.571429,0.428571,381 384 423 425 427
nsga2,508_e-04,28,29,1350,27,9847238.096590,1349825.835938,0.591837,0.408163,381 383 384 423 427
nsga2,508_e-04,28,30,1350,27,9845422.085950,1349737.654297,0.612245,0.387755,382 384 423 425 427
nsga2,508_e-04,28,31,1350,27,9843644.673567,1349569.388672,0.632653,0.367347,381 384 424 425 427
nsga2,508_e-04,28,32,1350,27,9843644.673567,1349569.388672,0.653061,0.346939,381 384 424 425 427
nsga2,508_e-04,28,33,1350,27,9841093.538074,1349051.724609,0.673469,0.326531,382 384 424 425 427
nsga2,508_e-04,28,34,1350,27,9841093.538074,1349051.724609,0.693878,0.306122,382 384 424 425 427
nsga2,508_e-04,28,35,1350,27,9840270.455397,1348478.154297,0.714286,0.285714,383 384 424 425 427
nsga2,508_e-04,28,36,1350,27,9840270.455397,1348478.154297,0.734694,0.265306,383 384 424 425 427
nsga2,508_e-04,28,37,1350,27,9839921.476662,1344884.466797,0.755102,0.244898,381 385 402 425 427
nsga2,508_e-04,28,38,1350,27,9837217.753107,1344371.035156,0.775510,0.224490,381 384 402 425 427
nsga2,508_e-04,28,39,1350,27,9837217.753107,1344371.035156,0.795918,0.204082,381 384 402 425 427
nsga2,508_e-04,28,40,1350,27,9837217.753107,1344371.035156,0.816327,0.183673,381 384 402 425 427
nsga2,508_e-04,28,41,1350,27,9834666.617614,1343738.027344,0.836735,0.163265,382 384 402 425 427
nsga2,508_e-04,28,42,1350,27,9834666.617614,1343738.027344,0.857143,0.142857,382 384 402 425 427
nsga2,508_e-04,28,43,1350,27,9834666.617614,1343738.027344,0.877551,0.122449,382 384 402 425 427
nsga2,508_e-04,28,44,1350,27,9834239.586602,1343289.408203,0.897959,0.102041,382 384 402 426 427
nsga2,508_e-04,28,45,1350,27,9832174.967220,1340332.027344,0.918367,0.081633,384 401 402 425 427
nsga2,508_e-04,28,46,1350,27,9832174.967220,1340332.027344,0.938776,0.061224,384 401 402 425 427
nsga2,508_e-04,28,47,1350,27,9831125.406378,1338147.791016,0.959184,0.040816,382 384 401 402 425
nsga2,508_e-04,28,48,1350,27,9831125.406378,1338147.791016,0.979592,0.020408,382 384 401 402 425
nsga2,508_e-04,28,49,1350,27,9830692.887687,1332716.023438,1.000000,0.000000,382 402 403 425 427
nsga2,508_e-04,28,0,1400,28,11530622.253318,1375069.998047,0.000000,1.000000,3389 4879 5483 5655 5869
nsga2,508_e-04,28,1,1400,28,9963357.836838,1374693.496094,0.020408,0.979592,353 384 426 482 553
nsga2,508_e-04,28,2,1400,28,9963357.836838,1374693.496094,0.040816,0.959184,353 384 426 482 553
nsga2,508_e-04,28,3,1400,28,9923887.309941,1369237.083984,0.061224,0.938776,353 384 420 427 482
nsga2,508_e-04,28,4,1400,28,9904262.160041,1368449.205078,0.081633,0.918367,351 379 384 426 482
nsga2,508_e-04,28,5,1400,28,9894389.070252,1367557.664062,0.102041,0.897959,353 381 384 426 482
nsga2,508_e-04,28,6,1400,28,9891837.934760,1367039.744141,0.122449,0.877551,353 382 384 426 482
nsga2,508_e-04,28,7,1400,28,9891837.934760,1367039.744141,0.142857,0.857143,353 382 384 426 482
nsga2,508_e-04,28,8,1400,28,9889144.403046,1364438.349609,0.163265,0.836735,351 384 401 426 482
nsga2,508_e-04,28,9,1400,28,9887808.444754,1361911.927734,0.183673,0.816327,353 379 384 423 427
nsga2,508_e-04,28,10,1400,28,9881964.245989,1361486.718750,0.204082,0.795918,353 380 384 423 427
nsga2,508_e-04,28,11,1400,28,9878666.854577,1361343.134766,0.224490,0.775510,379 384 424 427 482
nsga2,508_e-04,28,12,1400,28,9872920.431344,1360919.625000,0.244898,0.755102,381 384 423 427 482
nsga2,508_e-04,28,13,1400,28,9868591.883469,1360449.777344,0.265306,0.734694,381 384 424 427 482
nsga2,508_e-04,28,14,1400,28,9866193.367728,1359930.730469,0.285714,0.714286,381 384 425 427 482
nsga2,508_e-04,28,15,1400,28,9863642.232235,1359413.066406,0.306122,0.693878,382 384 425 427 482
nsga2,508_e-04,28,16,1400,28,9863642.232235,1359413.066406,0.326531,0.673469,382 384 425 427 482
nsga2,508_e-04,28,17,1400,28,9862819.149558,1358839.496094,0.346939,0.653061,383 384 425 427 482
nsga2,508_e-04,28,18,1400,28,9862819.149558,1358839.496094,0.367347,0.632653,383 384 425 427 482
nsga2,508_e-04,28,19,1400,28,9860723.550829,1354526.419922,0.387755,0.612245,384 401 426 427 482
nsga2,508_e-04,28,20,1400,28,9860415.456988,1354247.083984,0.408163,0.591837,383 384 401 427 482
nsga2,508_e-04,28,21,1400,28,9858850.907309,1354025.322266,0.428571,0.571429,383 384 401 426 482
nsga2,508_e-04,28,22,1400,28,9858850.907309,1354025.322266,0.448980,0.551020,383 384 401 426 482
nsga2,508_e-04,28,23,1400,28,9857048.864471,1351707.833984,0.469388,0.530612,381 384 423 425 429
nsga2,508_e-04,28,24,1400,28,9851527.746521,1351022.482422,0.489796,0.510204,381 384 423 425 428
nsga2,508_e-04,28,25,1400,28,9851527.746521,1351022.482422,0.510204,0.489796,381 384 423 425 428
nsga2,508_e-04,28,26,1400,28,9851527.746521,1351022.482422,0.530612,0.469388,381 384 423 425 428
nsga2,508_e-04,28,27,1400,28,9850371.737183,1350357.888672,0.551020,0.448980,381 384 423 424 427
nsga2,508_e-04,28,28,1400,28,9847973.221442,1350255.318359,0.571429,0.428571,381 384 423 425 427
nsga2,508_e-04,28,29,1400,28,9847238.096590,1349825.835938,0.591837,0.408163,381 383 384 423 427
nsga2,508_e-04,28,30,1400,28,9845422.085950,1349737.654297,0.612245,0.387755,382 384 423 425 427
nsga2,508_e-04,28,31,1400,28,9843644.673567,1349569.388672,0.632653,0.367347,381 384 424 425 427
nsga2,508_e-04,28,32,1400,28,9843644.673567,1349569.388672,0.653061,0.346939,381 384 424 425 427
nsga2,508_e-04,28,33,1400,28,9841093.538074,1349051.724609,0.673469,0.326531,382 384 424 425 427
nsga2,508_e-04,28,34,1400,28,9841093.538074,1349051.724609,0.693878,0.306122,382 384 424 425 427
nsga2,508_e-04,28,35,1400,28,9840270.455397,1348478.154297,0.714286,0.285714,383 384 424 425 427
nsga2,508_e-04,28,36,1400,28,9840270.455397,1348478.154297,0.734694,0.265306,383 384 424 425 427
nsga2,508_e-04,28,37,1400,28,9837444.908645,1347590.919922,0.755102,0.244898,383 384 425 426 427
nsga2,508_e-04,28,38,1400,28,9837444.908645,1347590.919922,0.775510,0.224490,383 384 425 426 427
nsga2,508_e-04,28,39,1400,28,9837444.908645,1347590.919922,0.795918,0.204082,383 384 425 426 427
nsga2,508_e-04,28,40,1400,28,9835468.247087,1344989.832031,0.816327,0.183673,383 384 401 425 427
nsga2,508_e-04,28,41,1400,28,9835468.247087,1344989.832031,0.836735,0.163265,383 384 401 425 427
nsga2,508_e-04,28,42,1400,28,9835468.247087,1344989.832031,0.857143,0.142857,383 384 401 425 427
nsga2,508_e-04,28,43,1400,28,9834666.617614,1343738.027344,0.877551,0.122449,382 384 402 425 427
nsga2,508_e-04,28,44,1400,28,9834239.586602,1343289.408203,0.897959,0.102041,382 384 402 426 427
nsga2,508_e-04,28,45,1400,28,9832174.967220,1340332.027344,0.918367,0.081633,384 401 402 425 427
nsga2,508_e-04,28,46,1400,28,9832174.967220,1340332.027344,0.938776,0.061224,384 401 402 425 427
nsga2,508_e-04,28,47,1400,28,9831125.406378,1338147.791016,0.959184,0.040816,382 384 401 402 425
nsga2,508_e-04,28,48,1400,28,9831125.406378,1338147.791016,0.979592,0.020408,382 384 401 402 425
nsga2,508_e-04,28,49,1400,28,9830692.887687,1332716.023438,1.000000,0.000000,382 402 403 425 427
nsga2,508_e-04,28,0,1450,29,11530622.253318,1375069.998047,0.000000,1.000000,3389 4879 5483 5655 5869
nsga2,508_e-04,28,1,1450,29,9963357.836838,1374693.496094,0.020408,0.979592,353 384 426 482 553
nsga2,508_e-04,28,2,1450,29,9963357.836838,1374693.496094,0.040816,0.959184,353 384 426 482 553
nsga2,508_e-04,28,3,1450,29,9923887.309941,1369237.083984,0.061224,0.938776,353 384 420 427 482
nsga2,508_e-04,28,4,1450,29,9904262.160041,1368449.205078,0.081633,0.918367,351 379 384 426 482
nsga2,508_e-04,28,5,1450,29,9894389.070252,1367557.664062,0.102041,0.897959,353 381 384 426 482
nsga2,508_e-04,28,6,1450,29,9891837.934760,1367039.744141,0.122449,0.877551,353 382 384 426 482
nsga2,508_e-04,28,7,1450,29,9891837.934760,1367039.744141,0.142857,0.857143,353 382 384 426 482
nsga2,508_e-04,28,8,1450,29,9889144.403046,1364438.349609,0.163265,0.836735,351 384 401 426 482
nsga2,508_e-04,28,9,1450,29,9887808.444754,1361911.927734,0.183673,0.816327,353 379 384 423 427
nsga2,508_e-04,28,10,1450,29,9881964.245989,1361486.718750,0.204082,0.795918,353 380 384 423 427
nsga2,508_e-04,28,11,1450,29,9878666.854577,1361343.134766,0.224490,0.775510,379 384 424 427 482
nsga2,508_e-04,28,12,1450,29,9872920.431344,1360919.625000,0.244898,0.755102,381 384 423 427 482
nsga2,508_e-04,28,13,1450,29,9868591.883469,1360449.777344,0.265306,0.734694,381 384 424 427 482
nsga2,508_e-04,28,14,1450,29,9866193.367728,1359930.730469,0.285714,0.714286,381 384 425 427 482
nsga2,508_e-04,28,15,1450,29,9863642.232235,1359413.066406,0.306122,0.693878,382 384 425 427 482
nsga2,508_e-04,28,16,1450,29,9863642.232235,1359413.066406,0.326531,0.673469,382 384 425 427 482
nsga2,508_e-04,28,17,1450,29,9862819.149558,1358839.496094,0.346939,0.653061,383 384 425 427 482
nsga2,508_e-04,28,18,1450,29,9862819.149558,1358839.496094,0.367347,0.632653,383 384 425 427 482
nsga2,508_e-04,28,19,1450,29,9860723.550829,1354526.419922,0.387755,0.612245,384 401 426 427 482
nsga2,508_e-04,28,20,1450,29,9860415.456988,1354247.083984,0.408163,0.591837,383 384 401 427 482
nsga2,508_e-04,28,21,1450,29,9858850.907309,1354025.322266,0.428571,0.571429,383 384 401 426 482
nsga2,508_e-04,28,22,1450,29,9858850.907309,1354025.322266,0.448980,0.551020,383 384 401 426 482
nsga2,508_e-04,28,23,1450,29,9857048.864471,1351707.833984,0.469388,0.530612,381 384 423 425 429
nsga2,508_e-04,28,24,1450,29,9854497.728979,1351190.169922,0.489796,0.510204,382 384 423 425 429
nsga2,508_e-04,28,25,1450,29,9851527.746521,1351022.482422,0.510204,0.489796,381 384 423 425 428
nsga2,508_e-04,28,26,1450,29,9851527.746521,1351022.482422,0.530612,0.469388,381 384 423 425 428
nsga2,508_e-04,28,27,1450,29,9850592.876207,1350501.990234,0.551020,0.448980,381 383 423 425 428
nsga2,508_e-04,28,28,1450,29,9847973.221442,1350255.318359,0.571429,0.428571,381 384 423 425 427
nsga2,508_e-04,28,29,1450,29,9847238.096590,1349825.835938,0.591837,0.408163,381 383 384 423 427
nsga2,508_e-04,28,30,1450,29,9845422.085950,1349737.654297,0.612245,0.387755,382 384 423 425 427
nsga2,508_e-04,28,31,1450,29,9843644.673567,1349569.388672,0.632653,0.367347,381 384 424 425 427
nsga2,508_e-04,28,32,1450,29,9843644.673567,1349569.388672,0.653061,0.346939,381 384 424 425 427
nsga2,508_e-04,28,33,1450,29,9841093.538074,1349051.724609,0.673469,0.326531,382 384 424 425 427
nsga2,508_e-04,28,34,1450,29,9841093.538074,1349051.724609,0.693878,0.306122,382 384 424 425 427
nsga2,508_e-04,28,35,1450,29,9840819.126814,1348682.154297,0.714286,0.285714,381 384 425 426 427
nsga2,508_e-04,28,36,1450,29,9840270.455397,1348478.154297,0.734694,0.265306,383 384 424 425 427
nsga2,508_e-04,28,37,1450,29,9837444.908645,1347590.919922,0.755102,0.244898,383 384 425 426 427
nsga2,508_e-04,28,38,1450,29,9837444.908645,1347590.919922,0.775510,0.224490,383 384 425 426 427
nsga2,508_e-04,28,39,1450,29,9837444.908645,1347590.919922,0.795918,0.204082,383 384 425 426 427
nsga2,508_e-04,28,40,1450,29,9835468.247087,1344989.832031,0.816327,0.183673,383 384 401 425 427
nsga2,508_e-04,28,41,1450,29,9835468.247087,1344989.832031,0.836735,0.163265,383 384 401 425 427
nsga2,508_e-04,28,42,1450,29,9835468.247087,1344989.832031,0.857143,0.142857,383 384 401 425 427
nsga2,508_e-04,28,43,1450,29,9834666.617614,1343738.027344,0.877551,0.122449,382 384 402 425 427
nsga2,508_e-04,28,44,1450,29,9834239.586602,1343289.408203,0.897959,0.102041,382 384 402 426 427
nsga2,508_e-04,28,45,1450,29,9832174.967220,1340332.027344,0.918367,0.081633,384 401 402 425 427
nsga2,508_e-04,28,46,1450,29,9832174.967220,1340332.027344,0.938776,0.061224,384 401 402 425 427
nsga2,508_e-04,28,47,1450,29,9831125.406378,1338147.791016,0.959184,0.040816,382 384 401 402 425
nsga2,508_e-04,28,48,1450,29,9831125.406378,1338147.791016,0.979592,0.020408,382 384 401 402 425
nsga2,508_e-04,28,49,1450,29,9830692.887687,1332716.023438,1.000000,0.000000,382 402 403 425 427
nsga2,508_e-04,28,0,1500,30,11530622.253318,1375069.998047,0.000000,1.000000,3389 4879 5483 5655 5869
nsga2,508_e-04,28,1,1500,30,9963357.836838,1374693.496094,0.020408,0.979592,353 384 426 482 553
nsga2,508_e-04,28,2,1500,30,9963357.836838,1374693.496094,0.040816,0.959184,353 384 426 482 553
nsga2,508_e-04,28,3,1500,30,9923887.309941,1369237.083984,0.061224,0.938776,353 384 420 427 482
nsga2,508_e-04,28,4,1500,30,9904262.160041,1368449.205078,0.081633,0.918367,351 379 384 426 482
nsga2,508_e-04,28,5,1500,30,9894389.070252,1367557.664062,0.102041,0.897959,353 381 384 426 482
nsga2,508_e-04,28,6,1500,30,9891837.934760,1367039.744141,0.122449,0.877551,353 382 384 426 482
nsga2,508_e-04,28,7,1500,30,9891837.934760,1367039.744141,0.142857,0.857143,353 382 384 426 482
nsga2,508_e-04,28,8,1500,30,9889144.403046,1364438.349609,0.163265,0.836735,351 384 401 426 482
nsga2,508_e-04,28,9,1500,30,9887808.444754,1361911.927734,0.183673,0.816327,353 379 384 423 427
nsga2,508_e-04,28,10,1500,30,9881964.245989,1361486.718750,0.204082,0.795918,353 380 384 423 427
nsga2,508_e-04,28,11,1500,30,9878666.854577,1361343.134766,0.224490,0.775510,379 384 424 427 482
nsga2,508_e-04,28,12,1500,30,9872920.431344,1360919.625000,0.244898,0.755102,381 384 423 427 482
nsga2,508_e-04,28,13,1500,30,9868591.883469,1360449.777344,0.265306,0.734694,381 384 424 427 482
nsga2,508_e-04,28,14,1500,30,9866193.367728,1359930.730469,0.285714,0.714286,381 384 425 427 482
nsga2,508_e-04,28,15,1500,30,9863642.232235,1359413.066406,0.306122,0.693878,382 384 425 427 482
nsga2,508_e-04,28,16,1500,30,9863642.232235,1359413.066406,0.326531,0.673469,382 384 425 427 482
nsga2,508_e-04,28,17,1500,30,9862819.149558,1358839.496094,0.346939,0.653061,383 384 425 427 482
nsga2,508_e-04,28,18,1500,30,9862819.149558,1358839.496094,0.367347,0.632653,383 384 425 427 482
nsga2,508_e-04,28,19,1500,30,9860723.550829,1354526.419922,0.387755,0.612245,384 401 426 427 482
nsga2,508_e-04,28,20,1500,30,9860415.456988,1354247.083984,0.408163,0.591837,383 384 401 427 482
nsga2,508_e-04,28,21,1500,30,9858850.907309,1354025.322266,0.428571,0.571429,383 384 401 426 482
nsga2,508_e-04,28,22,1500,30,9858850.907309,1354025.322266,0.448980,0.551020,383 384 401 426 482
nsga2,508_e-04,28,23,1500,30,9857048.864471,1351707.833984,0.469388,0.530612,381 384 423 425 429
nsga2,508_e-04,28,24,1500,30,9854497.728979,1351190.169922,0.489796,0.510204,382 384 423 425 429
nsga2,508_e-04,28,25,1500,30,9851527.746521,1351022.482422,0.510204,0.489796,381 384 423 425 428
nsga2,508_e-04,28,26,1500,30,9851527.746521,1351022.482422,0.530612,0.469388,381 384 423 425 428
nsga2,508_e-04,28,27,1500,30,9850592.876207,1350501.990234,0.551020,0.448980,381 383 423 425 428
nsga2,508_e-04,28,28,1500,30,9847973.221442,1350255.318359,0.571429,0.428571,381 384 423 425 427
nsga2,508_e-04,28,29,1500,30,9847238.096590,1349825.835938,0.591837,0.408163,381 383 384 423 427
nsga2,508_e-04,28,30,1500,30,9845422.085950,1349737.654297,0.612245,0.387755,382 384 423 425 427
nsga2,508_e-04,28,31,1500,30,9843644.673567,1349569.388672,0.632653,0.367347,381 384 424 425 427
nsga2,508_e-04,28,32,1500,30,9843644.673567,1349569.388672,0.653061,0.346939,381 384 424 425 427
nsga2,508_e-04,28,33,1500,30,9841093.538074,1349051.724609,0.673469,0.326531,382 384 424 425 427
nsga2,508_e-04,28,34,1500,30,9841093.538074,1349051.724609,0.693878,0.306122,382 384 424 425 427
nsga2,508_e-04,28,35,1500,30,9840270.455397,1348478.154297,0.714286,0.285714,383 384 424 425 427
nsga2,508_e-04,28,36,1500,30,9840270.455397,1348478.154297,0.734694,0.265306,383 384 424 425 427
nsga2,508_e-04,28,37,1500,30,9837444.908645,1347590.919922,0.755102,0.244898,383 384 425 426 427
nsga2,508_e-04,28,38,1500,30,9837444.908645,1347590.919922,0.775510,0.224490,383 384 425 426 427
nsga2,508_e-04,28,39,1500,30,9837444.908645,1347590.919922,0.795918,0.204082,383 384 425 426 427
nsga2,508_e-04,28,40,1500,30,9835468.247087,1344989.832031,0.816327,0.183673,383 384 401 425 427
nsga2,508_e-04,28,41,1500,30,9835468.247087,1344989.832031,0.836735,0.163265,383 384 401 425 427
nsga2,508_e-04,28,42,1500,30,9835468.247087,1344989.832031,0.857143,0.142857,383 384 401 425 427
nsga2,508_e-04,28,43,1500,30,9834666.617614,1343738.027344,0.877551,0.122449,382 384 402 425 427
nsga2,508_e-04,28,44,1500,30,9834239.586602,1343289.408203,0.897959,0.102041,382 384 402 426 427
nsga2,508_e-04,28,45,1500,30,9832174.967220,1340332.027344,0.918367,0.081633,384 401 402 425 427
nsga2,508_e-04,28,46,1500,30,9832174.967220,1340332.027344,0.938776,0.061224,384 401 402 425 427
nsga2,508_e-04,28,47,1500,30,9831125.406378,1338147.791016,0.959184,0.040816,382 384 401 402 425
nsga2,508_e-04,28,48,1500,30,9831125.406378,1338147.791016,0.979592,0.020408,382 384 401 402 425
nsga2,508_e-04,28,49,1500,30,9830692.887687,1332716.023438,1.000000,0.000000,382 402 403 425 427
nsga2,508_e-04,28,0,1550,31,11530622.253318,1375069.998047,0.000000,1.000000,3389 4879 5483 5655 5869
nsga2,508_e-04,28,1,1550,31,9963357.836838,1374693.496094,0.020408,0.979592,353 384 426 482 553
nsga2,508_e-04,28,2,1550,31,9963357.836838,1374693.496094,0.040816,0.959184,353 384 426 482 553
nsga2,508_e-04,28,3,1550,31,9923685.428622,1369234.177734,0.061224,0.938776,351 384 420 427 482
nsga2,508_e-04,28,4,1550,31,9904262.160041,1368449.205078,0.081633,0.918367,351 379 384 426 482
nsga2,508_e-04,28,5,1550,31,9894389.070252,1367557.664062,0.102041,0.897959,353 381 384 426 482
nsga2,508_e-04,28,6,1550,31,9891837.934760,1367039.744141,0.122449,0.877551,353 382 384 426 482
nsga2,508_e-04,28,7,1550,31,9891837.934760,1367039.744141,0.142857,0.857143,353 382 384 426 482
nsga2,508_e-04,28,8,1550,31,9889144.403046,1364438.349609,0.163265,0.836735,351 384 401 426 482
nsga2,508_e-04,28,9,1550,31,9887808.444754,1361911.927734,0.183673,0.816327,353 379 384 423 427
nsga2,508_e-04,28,10,1550,31,9881964.245989,1361486.718750,0.204082,0.795918,353 380 384 423 427
nsga2,508_e-04,28,11,1550,31,9878666.854577,1361343.134766,0.224490,0.775510,379 384 424 427 482
nsga2,508_e-04,28,12,1550,31,9872920.431344,1360919.625000,0.244898,0.755102,381 384 423 427 482
nsga2,508_e-04,28,13,1550,31,9868591.883469,1360449.777344,0.265306,0.734694,381 384 424 427 482
nsga2,508_e-04,28,14,1550,31,9866193.367728,1359930.730469,0.285714,0.714286,381 384 425 427 482
nsga2,508_e-04,28,15,1550,31,9863642.232235,1359413.066406,0.306122,0.693878,382 384 425 427 482
nsga2,508_e-04,28,16,1550,31,9863642.232235,1359413.066406,0.326531,0.673469,382 384 425 427 482
nsga2,508_e-04,28,17,1550,31,9862819.149558,1358839.496094,0.346939,0.653061,383 384 425 427 482
nsga2,508_e-04,28,18,1550,31,9862819.149558,1358839.496094,0.367347,0.632653,383 384 425 427 482
nsga2,508_e-04,28,19,1550,31,9860723.550829,1354526.419922,0.387755,0.612245,384 401 426 427 482
nsga2,508_e-04,28,20,1550,31,9860415.456988,1354247.083984,0.408163,0.591837,383 384 401 427 482
nsga2,508_e-04,28,21,1550,31,9858850.907309,1354025.322266,0.428571,0.571429,383 384 401 426 482
nsga2,508_e-04,28,22,1550,31,9858850.907309,1354025.322266,0.448980,0.551020,383 384 401 426 482
nsga2,508_e-04,28,23,1550,31,9857048.864471,1351707.833984,0.469388,0.530612,381 384 423 425 429
nsga2,508_e-04,28,24,1550,31,9854497.728979,1351190.169922,0.489796,0.510204,382 384 423 425 429
nsga2,508_e-04,28,25,1550,31,9851527.746521,1351022.482422,0.510204,0.489796,381 384 423 425 428
nsga2,508_e-04,28,26,1550,31,9851527.746521,1351022.482422,0.530612,0.469388,381 384 423 425 428
nsga2,508_e-04,28,27,1550,31,9848976.611029,1350504.818359,0.551020,0.448980,382 384 423 425 428
nsga2,508_e-04,28,28,1550,31,9848976.611029,1350504.818359,0.571429,0.428571,382 384 423 425 428
nsga2,508_e-04,28,29,1550,31,9847238.096590,1349825.835938,0.591837,0.408163,381 383 384 423 427
nsga2,508_e-04,28,30,1550,31,9845422.085950,1349737.654297,0.612245,0.387755,382 384 423 425 427
nsga2,508_e-04,28,31,1550,31,9843644.673567,1349569.388672,0.632653,0.367347,381 384 424 425 427
nsga2,508_e-04,28,32,1550,31,9843644.673567,1349569.388672,0.653061,0.346939,381 384 424 425 427
nsga2,508_e-04,28,33,1550,31,9841093.538074,1349051.724609,0.673469,0.326531,382 384 424 425 427
nsga2,508_e-04,28,34,1550,31,9841093.538074,1349051.724609,0.693878,0.306122,382 384 424 425 427
nsga2,508_e-04,28,35,1550,31,9840270.455397,1348478.154297,0.714286,0.285714,383 384 424 425 427
nsga2,508_e-04,28,36,1550,31,9840270.455397,1348478.154297,0.734694,0.265306,383 384 424 425 427
nsga2,508_e-04,28,37,1550,31,9837444.908645,1347590.919922,0.755102,0.244898,383 384 425 426 427
nsga2,508_e-04,28,38,1550,31,9837444.908645,1347590.919922,0.775510,0.224490,383 384 425 426 427
nsga2,508_e-04,28,39,1550,31,9837444.908645,1347590.919922,0.795918,0.204082,383 384 425 426 427
nsga2,508_e-04,28,40,1550,31,9835468.247087,1344989.832031,0.816327,0.183673,383 384 401 425 427
nsga2,508_e-04,28,41,1550,31,9835468.247087,1344989.832031,0.836735,0.163265,383 384 401 425 427
nsga2,508_e-04,28,42,1550,31,9835468.247087,1344989.832031,0.857143,0.142857,383 384 401 425 427
nsga2,508_e-04,28,43,1550,31,9834666.617614,1343738.027344,0.877551,0.122449,382 384 402 425 427
nsga2,508_e-04,28,44,1550,31,9834239.586602,1343289.408203,0.897959,0.102041,382 384 402 426 427
nsga2,508_e-04,28,45,1550,31,9832174.967220,1340332.027344,0.918367,0.081633,384 401 402 425 427
nsga2,508_e-04,28,46,1550,31,9832174.967220,1340332.027344,0.938776,0.061224,384 401 402 425 427
nsga2,508_e-04,28,47,1550,31,9831125.406378,1338147.791016,0.959184,0.040816,382 384 401 402 425
nsga2,508_e-04,28,48,1550,31,9831125.406378,1338147.791016,0.979592,0.020408,382 384 401 402 425
nsga2,508_e-04,28,49,1550,31,9830692.887687,1332716.023438,1.000000,0.000000,382 402 403 425 427
nsga2,508_e-04,28,0,1600,32,11530622.253318,1375069.998047,0.000000,1.000000,3389 4879 5483 5655 5869
nsga2,508_e-04,28,1,1600,32,9963357.836838,1374693.496094,0.020408,0.979592,353 384 426 482 553
nsga2,508_e-04,28,2,1600,32,9963357.836838,1374693.496094,0.040816,0.959184,353 384 426 482 553
nsga2,508_e-04,28,3,1600,32,9923685.428622,1369234.177734,0.061224,0.938776,351 384 420 427 482
nsga2,508_e-04,28,4,1600,32,9904262.160041,1368449.205078,0.081633,0.918367,351 379 384 426 482
nsga2,508_e-04,28,5,1600,32,9894389.070252,1367557.664062,0.102041,0.897959,353 381 384 426 482
nsga2,508_e-04,28,6,1600,32,9891749.976935,1366504.863281,0.122449,0.877551,353 384 425 426 482
nsga2,508_e-04,28,7,1600,32,9891749.976935,1366504.863281,0.142857,0.857143,353 384 425 426 482
nsga2,508_e-04,28,8,1600,32,9889144.403046,1364438.349609,0.163265,0.836735,351 384 401 426 482
nsga2,508_e-04,28,9,1600,32,9887808.444754,1361911.927734,0.183673,0.816327,353 379 384 423 427
nsga2,508_e-04,28,10,1600,32,9881964.245989,1361486.718750,0.204082,0.795918,353 380 384 423 427
nsga2,508_e-04,28,11,1600,32,9878666.854577,1361343.134766,0.224490,0.775510,379 384 424 427 482
nsga2,508_e-04,28,12,1600,32,9872920.431344,1360919.625000,0.244898,0.755102,381 384 423 427 482
nsga2,508_e-04,28,13,1600,32,9868591.883469,1360449.777344,0.265306,0.734694,381 384 424 427 482
nsga2,508_e-04,28,14,1600,32,9866193.367728,1359930.730469,0.285714,0.714286,381 384 425 427 482
nsga2,508_e-04,28,15,1600,32,9863642.232235,1359413.066406,0.306122,0.693878,382 384 425 427 482
nsga2,508_e-04,28,16,1600,32,9863642.232235,1359413.066406,0.326531,0.673469,382 384 425 427 482
nsga2,508_e-04,28,17,1600,32,9862392.118546,1358264.580078,0.346939,0.653061,383 384 426 427 482
nsga2,508_e-04,28,18,1600,32,9862392.118546,1358264.580078,0.367347,0.632653,383 384 426 427 482
nsga2,508_e-04,28,19,1600,32,9862392.118546,1358264.580078,0.387755,0.612245,383 384 426 427 482
nsga2,508_e-04,28,20,1600,32,9860415.456988,1354247.083984,0.408163,0.591837,383 384 401 427 482
nsga2,508_e-04,28,21,1600,32,9858850.907309,1354025.322266,0.428571,0.571429,383 384 401 426 482
nsga2,508_e-04,28,22,1600,32,9858850.907309,1354025.322266,0.448980,0.551020,383 384 401 426 482
nsga2,508_e-04,28,23,1600,32,9857048.864471,1351707.833984,0.469388,0.530612,381 384 423 425 429
nsga2,508_e-04,28,24,1600,32,9854497.728979,1351190.169922,0.489796,0.510204,382 384 423 425 429
nsga2,508_e-04,28,25,1600,32,9851527.746521,1351022.482422,0.510204,0.489796,381 384 423 425 428
nsga2,508_e-04,28,26,1600,32,9851527.746521,1351022.482422,0.530612,0.469388,381 384 423 425 428
nsga2,508_e-04,28,27,1600,32,9848976.611029,1350504.818359,0.551020,0.448980,382 384 423 425 428
nsga2,508_e-04,28,28,1600,32,9848976.611029,1350504.818359,0.571429,0.428571,382 384 423 425 428
nsga2,508_e-04,28,29,1600,32,9847238.096590,1349825.835938,0.591837,0.408163,381 383 384 423 427
nsga2,508_e-04,28,30,1600,32,9845422.085950,1349737.654297,0.612245,0.387755,382 384 423 425 427
nsga2,508_e-04,28,31,1600,32,9843644.673567,1349569.388672,0.632653,0.367347,381 384 424 425 427
nsga2,508_e-04,28,32,1600,32,9843644.673567,1349569.388672,0.653061,0.346939,381 384 424 425 427
nsga2,508_e-04,28,33,1600,32,9841093.538074,1349051.724609,0.673469,0.326531,382 384 424 425 427
nsga2,508_e-04,28,34,1600,32,9841093.538074,1349051.724609,0.693878,0.306122,382 384 424 425 427
nsga2,508_e-04,28,35,1600,32,9840270.455397,1348478.154297,0.714286,0.285714,383 384 424 425 427
nsga2,508_e-04,28,36,1600,32,9840270.455397,1348478.154297,0.734694,0.265306,383 384 424 425 427
nsga2,508_e-04,28,37,1600,32,9837444.908645,1347590.919922,0.755102,0.244898,383 384 425 426 427
nsga2,508_e-04,28,38,1600,32,9837444.908645,1347590.919922,0.775510,0.224490,383 384 425 426 427
nsga2,508_e-04,28,39,1600,32,9837444.908645,1347590.919922,0.795918,0.204082,383 384 425 426 427
nsga2,508_e-04,28,40,1600,32,9835468.247087,1344989.832031,0.816327,0.183673,383 384 401 425 427
nsga2,508_e-04,28,41,1600,32,9835468.247087,1344989.832031,0.836735,0.163265,383 384 401 425 427
nsga2,508_e-04,28,42,1600,32,9835468.247087,1344989.832031,0.857143,0.142857,383 384 401 425 427
nsga2,508_e-04,28,43,1600,32,9834666.617614,1343738.027344,0.877551,0.122449,382 384 402 425 427
nsga2,508_e-04,28,44,1600,32,9834239.586602,1343289.408203,0.897959,0.102041,382 384 402 426 427
nsga2,508_e-04,28,45,1600,32,9832174.967220,1340332.027344,0.918367,0.081633,384 401 402 425 427
nsga2,508_e-04,28,46,1600,32,9832174.967220,1340332.027344,0.938776,0.061224,384 401 402 425 427
nsga2,508_e-04,28,47,1600,32,9831125.406378,1338147.791016,0.959184,0.040816,382 384 401 402 425
nsga2,508_e-04,28,48,1600,32,9831125.406378,1338147.791016,0.979592,0.020408,382 384 401 402 425
nsga2,508_e-04,28,49,1600,32,9830692.887687,1332716.023438,1.000000,0.000000,382 402 403 425 427
nsga2,508_e-04,28,0,1650,33,11530622.253318,1375069.998047,0.000000,1.000000,3389 4879 5483 5655 5869
nsga2,508_e-04,28,1,1650,33,9963357.836838,1374693.496094,0.020408,0.979592,353 384 426 482 553
nsga2,508_e-04,28,2,1650,33,9963357.836838,1374693.496094,0.040816,0.959184,353 384 426 482 553
nsga2,508_e-04,28,3,1650,33,9923685.428622,1369234.177734,0.061224,0.938776,351 384 420 427 482
nsga2,508_e-04,28,4,1650,33,9904262.160041,1368449.205078,0.081633,0.918367,351 379 384 426 482
nsga2,508_e-04,28,5,1650,33,9894389.070252,1367557.664062,0.102041,0.897959,353 381 384 426 482
nsga2,508_e-04,28,6,1650,33,9891749.976935,1366504.863281,0.122449,0.877551,353 384 425 426 482
nsga2,508_e-04,28,7,1650,33,9891749.976935,1366504.863281,0.142857,0.857143,353 384 425 426 482
nsga2,508_e-04,28,8,1650,33,9889144.403046,1364438.349609,0.163265,0.836735,351 384 401 426 482
nsga2,508_e-04,28,9,1650,33,9887808.444754,1361911.927734,0.183673,0.816327,353 379 384 423 427
nsga2,508_e-04,28,10,1650,33,9881964.245989,1361486.718750,0.204082,0.795918,353 380 384 423 427
nsga2,508_e-04,28,11,1650,33,9878666.854577,1361343.134766,0.224490,0.775510,379 384 424 427 482
nsga2,508_e-04,28,12,1650,33,9872920.431344,1360919.625000,0.244898,0.755102,381 384 423 427 482
nsga2,508_e-04,28,13,1650,33,9868591.883469,1360449.777344,0.265306,0.734694,381 384 424 427 482
nsga2,508_e-04,28,14,1650,33,9866193.367728,1359930.730469,0.285714,0.714286,381 384 425 427 482
nsga2,508_e-04,28,15,1650,33,9863642.232235,1359413.066406,0.306122,0.693878,382 384 425 427 482
nsga2,508_e-04,28,16,1650,33,9863642.232235,1359413.066406,0.326531,0.673469,382 384 425 427 482
nsga2,508_e-04,28,17,1650,33,9862077.682557,1358837.986328,0.346939,0.653061,382 384 425 426 482
nsga2,508_e-04,28,18,1650,33,9862077.682557,1358837.986328,0.367347,0.632653,382 384 425 426 482
nsga2,508_e-04,28,19,1650,33,9862077.682557,1358837.986328,0.387755,0.612245,382 384 425 426 482
nsga2,508_e-04,28,20,1650,33,9860415.456988,1354247.083984,0.408163,0.591837,383 384 401 427 482
nsga2,508_e-04,28,21,1650,33,9858850.907309,1354025.322266,0.428571,0.571429,383 384 401 426 482
nsga2,508_e-04,28,22,1650,33,9858850.907309,1354025.322266,0.448980,0.551020,383 384 401 426 482
nsga2,508_e-04,28,23,1650,33,9854231.470077,1351493.732422,0.469388,0.530612,381 385 423 425 428
nsga2,508_e-04,28,24,1650,33,9854231.470077,1351493.732422,0.489796,0.510204,381 385 423 425 428
nsga2,508_e-04,28,25,1650,33,9851527.746521,1351022.482422,0.510204,0.489796,381 384 423 425 428
nsga2,508_e-04,28,26,1650,33,9851527.746521,1351022.482422,0.530612,0.469388,381 384 423 425 428
nsga2,508_e-04,28,27,1650,33,9848976.611029,1350504.818359,0.551020,0.448980,382 384 423 425 428
nsga2,508_e-04,28,28,1650,33,9848976.611029,1350504.818359,0.571429,0.428571,382 384 423 425 428
nsga2,508_e-04,28,29,1650,33,9847546.190431,1350042.857422,0.591837,0.408163,381 384 423 426 427
nsga2,508_e-04,28,30,1650,33,9845422.085950,1349737.654297,0.612245,0.387755,382 384 423 425 427
nsga2,508_e-04,28,31,1650,33,9843644.673567,1349569.388672,0.632653,0.367347,381 384 424 425 427
nsga2,508_e-04,28,32,1650,33,9843644.673567,1349569.388672,0.653061,0.346939,381 384 424 425 427
nsga2,508_e-04,28,33,1650,33,9841093.538074,1349051.724609,0.673469,0.326531,382 384 424 425 427
nsga2,508_e-04,28,34,1650,33,9841093.538074,1349051.724609,0.693878,0.306122,382 384 424 425 427
nsga2,508_e-04,28,35,1650,33,9840270.455397,1348478.154297,0.714286,0.285714,383 384 424 425 427
nsga2,508_e-04,28,36,1650,33,9840270.455397,1348478.154297,0.734694,0.265306,383 384 424 425 427
nsga2,508_e-04,28,37,1650,33,9837444.908645,1347590.919922,0.755102,0.244898,383 384 425 426 427
nsga2,508_e-04,28,38,1650,33,9837444.908645,1347590.919922,0.775510,0.224490,383 384 425 426 427
nsga2,508_e-04,28,39,1650,33,9837444.908645,1347590.919922,0.795918,0.204082,383 384 425 426 427
nsga2,508_e-04,28,40,1650,33,9835468.247087,1344989.832031,0.816327,0.183673,383 384 401 425 427
nsga2,508_e-04,28,41,1650,33,9835468.247087,1344989.832031,0.836735,0.163265,383 384 401 425 427
nsga2,508_e-04,28,42,1650,33,9835468.247087,1344989.832031,0.857143,0.142857,383 384 401 425 427
nsga2,508_e-04,28,43,1650,33,9834666.617614,1343738.027344,0.877551,0.122449,382 384 402 425 427
nsga2,508_e-04,28,44,1650,33,9833416.503925,1342762.431641,0.897959,0.102041,383 384 402 426 427
nsga2,508_e-04,28,45,1650,33,9833416.503925,1342762.431641,0.918367,0.081633,383 384 402 426 427
nsga2,508_e-04,28,46,1650,33,9832174.967220,1340332.027344,0.938776,0.061224,384 401 402 425 427
nsga2,508_e-04,28,47,1650,33,9831125.406378,1338147.791016,0.959184,0.040816,382 384 401 402 425
nsga2,508_e-04,28,48,1650,33,9831125.406378,1338147.791016,0.979592,0.020408,382 384 401 402 425
nsga2,508_e-04,28,49,1650,33,9830692.887687,1332716.023438,1.000000,0.000000,382 402 403 425 427
nsga2,508_e-04,28,0,1700,34,11530622.253318,1375069.998047,0.000000,1.000000,3389 4879 5483 5655 5869
nsga2,508_e-04,28,1,1700,34,9963357.836838,1374693.496094,0.020408,0.979592,353 384 426 482 553
nsga2,508_e-04,28,2,1700,34,9963357.836838,1374693.496094,0.040816,0.959184,353 384 426 482 553
nsga2,508_e-04,28,3,1700,34,9923685.428622,1369234.177734,0.061224,0.938776,351 384 420 427 482
nsga2,508_e-04,28,4,1700,34,9904262.160041,1368449.205078,0.081633,0.918367,351 379 384 426 482
nsga2,508_e-04,28,5,1700,34,9894389.070252,1367557.664062,0.102041,0.897959,353 381 384 426 482
nsga2,508_e-04,28,6,1700,34,9891749.976935,1366504.863281,0.122449,0.877551,353 384 425 426 482
nsga2,508_e-04,28,7,1700,34,9890942.139029,1366503.433594,0.142857,0.857143,352 384 425 426 482
nsga2,508_e-04,28,8,1700,34,9888209.532731,1364133.894531,0.163265,0.836735,351 383 401 426 482
nsga2,508_e-04,28,9,1700,34,9888209.532731,1364133.894531,0.183673,0.816327,351 383 401 426 482
nsga2,508_e-04,28,10,1700,34,9881964.245989,1361486.718750,0.204082,0.795918,353 380 384 423 427
nsga2,508_e-04,28,11,1700,34,9878666.854577,1361343.134766,0.224490,0.775510,379 384 424 427 482
nsga2,508_e-04,28,12,1700,34,9872920.431344,1360919.625000,0.244898,0.755102,381 384 423 427 482
nsga2,508_e-04,28,13,1700,34,9868591.883469,1360449.777344,0.265306,0.734694,381 384 424 427 482
nsga2,508_e-04,28,14,1700,34,9866193.367728,1359930.730469,0.285714,0.714286,381 384 425 427 482
nsga2,508_e-04,28,15,1700,34,9863642.232235,1359413.066406,0.306122,0.693878,382 384 425 427 482
nsga2,508_e-04,28,16,1700,34,9863642.232235,1359413.066406,0.326531,0.673469,382 384 425 427 482
nsga2,508_e-04,28,17,1700,34,9862077.682557,1358837.986328,0.346939,0.653061,382 384 425 426 482
nsga2,508_e-04,28,18,1700,34,9862077.682557,1358837.986328,0.367347,0.632653,382 384 425 426 482
nsga2,508_e-04,28,19,1700,34,9862077.682557,1358837.986328,0.387755,0.612245,382 384 425 426 482
nsga2,508_e-04,28,20,1700,34,9860723.550829,1354526.419922,0.408163,0.591837,384 401 426 427 482
nsga2,508_e-04,28,21,1700,34,9858850.907309,1354025.322266,0.428571,0.571429,383 384 401 426 482
nsga2,508_e-04,28,22,1700,34,9858850.907309,1354025.322266,0.448980,0.551020,383 384 401 426 482
nsga2,508_e-04,28,23,1700,34,9854231.470077,1351493.732422,0.469388,0.530612,381 385 423 425 428
nsga2,508_e-04,28,24,1700,34,9854231.470077,1351493.732422,0.489796,0.510204,381 385 423 425 428
nsga2,508_e-04,28,25,1700,34,9851527.746521,1351022.482422,0.510204,0.489796,381 384 423 425 428
nsga2,508_e-04,28,26,1700,34,9851527.746521,1351022.482422,0.530612,0.469388,381 384 423 425 428
nsga2,508_e-04,28,27,1700,34,9848976.611029,1350504.818359,0.551020,0.448980,382 384 423 425 428
nsga2,508_e-04,28,28,1700,34,9848976.611029,1350504.818359,0.571429,0.428571,382 384 423 425 428
nsga2,508_e-04,28,29,1700,34,9847546.190431,1350042.857422,0.591837,0.408163,381 384 423 426 427
nsga2,508_e-04,28,30,1700,34,9845422.085950,1349737.654297,0.612245,0.387755,382 384 423 425 427
nsga2,508_e-04,28,31,1700,34,9843217.642555,1349394.511719,0.632653,0.367347,381 384 424 426 427
nsga2,508_e-04,28,32,1700,34,9843217.642555,1349394.511719,0.653061,0.346939,381 384 424 426 427
nsga2,508_e-04,28,33,1700,34,9841093.538074,1349051.724609,0.673469,0.326531,382 384 424 425 427
nsga2,508_e-04,28,34,1700,34,9841093.538074,1349051.724609,0.693878,0.306122,382 384 424 425 427
nsga2,508_e-04,28,35,1700,34,9840270.455397,1348478.154297,0.714286,0.285714,383 384 424 425 427
nsga2,508_e-04,28,36,1700,34,9840270.455397,1348478.154297,0.734694,0.265306,383 384 424 425 427
nsga2,508_e-04,28,37,1700,34,9837444.908645,1347590.919922,0.755102,0.244898,383 384 425 426 427
nsga2,508_e-04,28,38,1700,34,9837444.908645,1347590.919922,0.775510,0.224490,383 384 425 426 427
nsga2,508_e-04,28,39,1700,34,9837444.908645,1347590.919922,0.795918,0.204082,383 384 425 426 427
nsga2,508_e-04,28,40,1700,34,9835468.247087,1344989.832031,0.816327,0.183673,383 384 401 425 427
nsga2,508_e-04,28,41,1700,34,9835468.247087,1344989.832031,0.836735,0.163265,383 384 401 425 427
nsga2,508_e-04,28,42,1700,34,9835041.216075,1344606.275391,0.857143,0.142857,383 384 401 426 427
nsga2,508_e-04,28,43,1700,34,9834239.586602,1343289.408203,0.877551,0.122449,382 384 402 426 427
nsga2,508_e-04,28,44,1700,34,9833416.503925,1342762.431641,0.897959,0.102041,383 384 402 426 427
nsga2,508_e-04,28,45,1700,34,9833416.503925,1342762.431641,0.918367,0.081633,383 384 402 426 427
nsga2,508_e-04,28,46,1700,34,9832174.967220,1340332.027344,0.938776,0.061224,384 401 402 425 427
nsga2,508_e-04,28,47,1700,34,9831125.406378,1338147.791016,0.959184,0.040816,382 384 401 402 425
nsga2,508_e-04,28,48,1700,34,9831125.406378,1338147.791016,0.979592,0.020408,382 384 401 402 425
nsga2,508_e-04,28,49,1700,34,9830692.887687,1332716.023438,1.000000,0.000000,382 402 403 425 427
nsga2,508_e-04,28,0,1750,35,11530622.253318,1375069.998047,0.000000,1.000000,3389 4879 5483 5655 5869
nsga2,508_e-04,28,1,1750,35,9963357.836838,1374693.496094,0.020408,0.979592,353 384 426 482 553
nsga2,508_e-04,28,2,1750,35,9963357.836838,1374693.496094,0.040816,0.959184,353 384 426 482 553
nsga2,508_e-04,28,3,1750,35,9923685.428622,1369234.177734,0.061224,0.938776,351 384 420 427 482
nsga2,508_e-04,28,4,1750,35,9904262.160041,1368449.205078,0.081633,0.918367,351 379 384 426 482
nsga2,508_e-04,28,5,1750,35,9894389.070252,1367557.664062,0.102041,0.897959,353 381 384 426 482
nsga2,508_e-04,28,6,1750,35,9890942.139029,1366503.433594,0.122449,0.877551,352 384 425 426 482
nsga2,508_e-04,28,7,1750,35,9890942.139029,1366503.433594,0.142857,0.857143,352 384 425 426 482
nsga2,508_e-04,28,8,1750,35,9888209.532731,1364133.894531,0.163265,0.836735,351 383 401 426 482
nsga2,508_e-04,28,9,1750,35,9888209.532731,1364133.894531,0.183673,0.816327,351 383 401 426 482
nsga2,508_e-04,28,10,1750,35,9881964.245989,1361486.718750,0.204082,0.795918,353 380 384 423 427
nsga2,508_e-04,28,11,1750,35,9878666.854577,1361343.134766,0.224490,0.775510,379 384 424 427 482
nsga2,508_e-04,28,12,1750,35,9872920.431344,1360919.625000,0.244898,0.755102,381 384 423 427 482
nsga2,508_e-04,28,13,1750,35,9868591.883469,1360449.777344,0.265306,0.734694,381 384 424 427 482
nsga2,508_e-04,28,14,1750,35,9866193.367728,1359930.730469,0.285714,0.714286,381 384 425 427 482
nsga2,508_e-04,28,15,1750,35,9863642.232235,1359413.066406,0.306122,0.693878,382 384 425 427 482
nsga2,508_e-04,28,16,1750,35,9863642.232235,1359413.066406,0.326531,0.673469,382 384 425 427 482
nsga2,508_e-04,28,17,1750,35,9862077.682557,1358837.986328,0.346939,0.653061,382 384 425 426 482
nsga2,508_e-04,28,18,1750,35,9862077.682557,1358837.986328,0.367347,0.632653,382 384 425 426 482
nsga2,508_e-04,28,19,1750,35,9862077.682557,1358837.986328,0.387755,0.612245,382 384 425 426 482
nsga2,508_e-04,28,20,1750,35,9860723.550829,1354526.419922,0.408163,0.591837,384 401 426 427 482
nsga2,508_e-04,28,21,1750,35,9858850.907309,1354025.322266,0.428571,0.571429,383 384 401 426 482
nsga2,508_e-04,28,22,1750,35,9858850.907309,1354025.322266,0.448980,0.551020,383 384 401 426 482
nsga2,508_e-04,28,23,1750,35,9854231.470077,1351493.732422,0.469388,0.530612,381 385 423 425 428
nsga2,508_e-04,28,24,1750,35,9854231.470077,1351493.732422,0.489796,0.510204,381 385 423 425 428
nsga2,508_e-04,28,25,1750,35,9851527.746521,1351022.482422,0.510204,0.489796,381 384 423 425 428
nsga2,508_e-04,28,26,1750,35,9851527.746521,1351022.482422,0.530612,0.469388,381 384 423 425 428
nsga2,508_e-04,28,27,1750,35,9848976.611029,1350504.818359,0.551020,0.448980,382 384 423 425 428
nsga2,508_e-04,28,28,1750,35,9848976.611029,1350504.818359,0.571429,0.428571,382 384 423 425 428
nsga2,508_e-04,28,29,1750,35,9847546.190431,1350042.857422,0.591837,0.408163,381 384 423 426 427
nsga2,508_e-04,28,30,1750,35,9845422.085950,1349737.654297,0.612245,0.387755,382 384 423 425 427
nsga2,508_e-04,28,31,1750,35,9843217.642555,1349394.511719,0.632653,0.367347,381 384 424 426 427
nsga2,508_e-04,28,32,1750,35,9843217.642555,1349394.511719,0.653061,0.346939,381 384 424 426 427
nsga2,508_e-04,28,33,1750,35,9841093.538074,1349051.724609,0.673469,0.326531,382 384 424 425 427
nsga2,508_e-04,28,34,1750,35,9841093.538074,1349051.724609,0.693878,0.306122,382 384 424 425 427
nsga2,508_e-04,28,35,1750,35,9840270.455397,1348478.154297,0.714286,0.285714,383 384 424 425 427
nsga2,508_e-04,28,36,1750,35,9840270.455397,1348478.154297,0.734694,0.265306,383 384 424 425 427
nsga2,508_e-04,28,37,1750,35,9837444.908645,1347590.919922,0.755102,0.244898,383 384 425 426 427
nsga2,508_e-04,28,38,1750,35,9837444.908645,1347590.919922,0.775510,0.224490,383 384 425 426 427
nsga2,508_e-04,28,39,1750,35,9837444.908645,1347590.919922,0.795918,0.204082,383 384 425 426 427
nsga2,508_e-04,28,40,1750,35,9835468.247087,1344989.832031,0.816327,0.183673,383 384 401 425 427
nsga2,508_e-04,28,41,1750,35,9835468.247087,1344989.832031,0.836735,0.163265,383 384 401 425 427
nsga2,508_e-04,28,42,1750,35,9835041.216075,1344606.275391,0.857143,0.142857,383 384 401 426 427
nsga2,508_e-04,28,43,1750,35,9834239.586602,1343289.408203,0.877551,0.122449,382 384 402 426 427
nsga2,508_e-04,28,44,1750,35,9833416.503925,1342762.431641,0.897959,0.102041,383 384 402 426 427
nsga2,508_e-04,28,45,1750,35,9833416.503925,1342762.431641,0.918367,0.081633,383 384 402 426 427
nsga2,508_e-04,28,46,1750,35,9832174.967220,1340332.027344,0.938776,0.061224,384 401 402 425 427
nsga2,508_e-04,28,47,1750,35,9831125.406378,1338147.791016,0.959184,0.040816,382 384 401 402 425
nsga2,508_e-04,28,48,1750,35,9831125.406378,1338147.791016,0.979592,0.020408,382 384 401 402 425
nsga2,508_e-04,28,49,1750,35,9830692.887687,1332716.023438,1.000000,0.000000,382 402 403 425 427
nsga2,508_e-04,28,0,1800,36,11530622.253318,1375069.998047,0.000000,1.000000,3389 4879 5483 5655 5869
nsga2,508_e-04,28,1,1800,36,9962221.085204,1374689.236328,0.020408,0.979592,351 383 426 482 553
nsga2,508_e-04,28,2,1800,36,9962221.085204,1374689.236328,0.040816,0.959184,351 383 426 482 553
nsga2,508_e-04,28,3,1800,36,9923685.428622,1369234.177734,0.061224,0.938776,351 384 420 427 482
nsga2,508_e-04,28,4,1800,36,9904262.160041,1368449.205078,0.081633,0.918367,351 379 384 426 482
nsga2,508_e-04,28,5,1800,36,9894187.188933,1367555.292969,0.102041,0.897959,351 381 384 426 482
nsga2,508_e-04,28,6,1800,36,9890942.139029,1366503.433594,0.122449,0.877551,352 384 425 426 482
nsga2,508_e-04,28,7,1800,36,9890942.139029,1366503.433594,0.142857,0.857143,352 384 425 426 482
nsga2,508_e-04,28,8,1800,36,9888209.532731,1364133.894531,0.163265,0.836735,351 383 401 426 482
nsga2,508_e-04,28,9,1800,36,9888209.532731,1364133.894531,0.183673,0.816327,351 383 401 426 482
nsga2,508_e-04,28,10,1800,36,9881964.245989,1361486.718750,0.204082,0.795918,353 380 384 423 427
nsga2,508_e-04,28,11,1800,36,9877531.592326,1361015.667969,0.224490,0.775510,351 381 384 423 427
nsga2,508_e-04,28,12,1800,36,9872920.431344,1360919.625000,0.244898,0.755102,381 384 423 427 482
nsga2,508_e-04,28,13,1800,36,9868591.883469,1360449.777344,0.265306,0.734694,381 384 424 427 482
nsga2,508_e-04,28,14,1800,36,9866193.367728,1359930.730469,0.285714,0.714286,381 384 425 427 482
nsga2,508_e-04,28,15,1800,36,9863642.232235,1359413.066406,0.306122,0.693878,382 384 425 427 482
nsga2,508_e-04,28,16,1800,36,9863642.232235,1359413.066406,0.326531,0.673469,382 384 425 427 482
nsga2,508_e-04,28,17,1800,36,9862077.682557,1358837.986328,0.346939,0.653061,382 384 425 426 482
nsga2,508_e-04,28,18,1800,36,9862077.682557,1358837.986328,0.367347,0.632653,382 384 425 426 482
nsga2,508_e-04,28,19,1800,36,9862077.682557,1358837.986328,0.387755,0.612245,382 384 425 426 482
nsga2,508_e-04,28,20,1800,36,9860723.550829,1354526.419922,0.408163,0.591837,384 401 426 427 482
nsga2,508_e-04,28,21,1800,36,9858850.907309,1354025.322266,0.428571,0.571429,383 384 401 426 482
nsga2,508_e-04,28,22,1800,36,9857226.195160,1352673.123047,0.448980,0.551020,383 384 402 426 482
nsga2,508_e-04,28,23,1800,36,9854231.470077,1351493.732422,0.469388,0.530612,381 385 423 425 428
nsga2,508_e-04,28,24,1800,36,9854231.470077,1351493.732422,0.489796,0.510204,381 385 423 425 428
nsga2,508_e-04,28,25,1800,36,9851527.746521,1351022.482422,0.510204,0.489796,381 384 423 425 428
nsga2,508_e-04,28,26,1800,36,9851527.746521,1351022.482422,0.530612,0.469388,381 384 423 425 428
nsga2,508_e-04,28,27,1800,36,9848976.611029,1350504.818359,0.551020,0.448980,382 384 423 425 428
nsga2,508_e-04,28,28,1800,36,9848976.611029,1350504.818359,0.571429,0.428571,382 384 423 425 428
nsga2,508_e-04,28,29,1800,36,9847546.190431,1350042.857422,0.591837,0.408163,381 384 423 426 427
nsga2,508_e-04,28,30,1800,36,9845422.085950,1349737.654297,0.612245,0.387755,382 384 423 425 427
nsga2,508_e-04,28,31,1800,36,9843217.642555,1349394.511719,0.632653,0.367347,381 384 424 426 427
nsga2,508_e-04,28,32,1800,36,9843217.642555,1349394.511719,0.653061,0.346939,381 384 424 426 427
nsga2,508_e-04,28,33,1800,36,9841093.538074,1349051.724609,0.673469,0.326531,382 384 424 425 427
nsga2,508_e-04,28,34,1800,36,9841093.538074,1349051.724609,0.693878,0.306122,382 384 424 425 427
nsga2,508_e-04,28,35,1800,36,9840270.455397,1348478.154297,0.714286,0.285714,383 384 424 425 427
nsga2,508_e-04,28,36,1800,36,9840270.455397,1348478.154297,0.734694,0.265306,383 384 424 425 427
nsga2,508_e-04,28,37,1800,36,9837444.908645,1347590.919922,0.755102,0.244898,383 384 425 426 427
nsga2,508_e-04,28,38,1800,36,9837444.908645,1347590.919922,0.775510,0.224490,383 384 425 426 427
nsga2,508_e-04,28,39,1800,36,9837444.908645,1347590.919922,0.795918,0.204082,383 384 425 426 427
nsga2,508_e-04,28,40,1800,36,9835468.247087,1344989.832031,0.816327,0.183673,383 384 401 425 427
nsga2,508_e-04,28,41,1800,36,9835468.247087,1344989.832031,0.836735,0.163265,383 384 401 425 427
nsga2,508_e-04,28,42,1800,36,9835041.216075,1344606.275391,0.857143,0.142857,383 384 401 426 427
nsga2,508_e-04,28,43,1800,36,9834239.586602,1343289.408203,0.877551,0.122449,382 384 402 426 427
nsga2,508_e-04,28,44,1800,36,9833416.503925,1342762.431641,0.897959,0.102041,383 384 402 426 427
nsga2,508_e-04,28,45,1800,36,9833416.503925,1342762.431641,0.918367,0.081633,383 384 402 426 427
nsga2,508_e-04,28,46,1800,36,9832174.967220,1340332.027344,0.938776,0.061224,384 401 402 425 427
nsga2,508_e-04,28,47,1800,36,9831125.406378,1338147.791016,0.959184,0.040816,382 384 401 402 425
nsga2,508_e-04,28,48,1800,36,9831125.406378,1338147.791016,0.979592,0.020408,382 384 401 402 425
nsga2,508_e-04,28,49,1800,36,9830692.887687,1332716.023438,1.000000,0.000000,382 402 403 425 427
nsga2,508_e-04,28,0,1850,37,11530622.253318,1375069.998047,0.000000,1.000000,3389 4879 5483 5655 5869
nsga2,508_e-04,28,1,1850,37,9962221.085204,1374689.236328,0.020408,0.979592,351 383 426 482 553
nsga2,508_e-04,28,2,1850,37,9962221.085204,1374689.236328,0.040816,0.959184,351 383 426 482 553
nsga2,508_e-04,28,3,1850,37,9923685.428622,1369234.177734,0.061224,0.938776,351 384 420 427 482
nsga2,508_e-04,28,4,1850,37,9904262.160041,1368449.205078,0.081633,0.918367,351 379 384 426 482
nsga2,508_e-04,28,5,1850,37,9894187.188933,1367555.292969,0.102041,0.897959,351 381 384 426 482
nsga2,508_e-04,28,6,1850,37,9890942.139029,1366503.433594,0.122449,0.877551,352 384 425 426 482
nsga2,508_e-04,28,7,1850,37,9890942.139029,1366503.433594,0.142857,0.857143,352 384 425 426 482
nsga2,508_e-04,28,8,1850,37,9888209.532731,1364133.894531,0.163265,0.836735,351 383 401 426 482
nsga2,508_e-04,28,9,1850,37,9888209.532731,1364133.894531,0.183673,0.816327,351 383 401 426 482
nsga2,508_e-04,28,10,1850,37,9879116.815378,1361346.039062,0.204082,0.795918,381 384 422 427 482
nsga2,508_e-04,28,11,1850,37,9877531.592326,1361015.667969,0.224490,0.775510,351 381 384 423 427
nsga2,508_e-04,28,12,1850,37,9872920.431344,1360919.625000,0.244898,0.755102,381 384 423 427 482
nsga2,508_e-04,28,13,1850,37,9868591.883469,1360449.777344,0.265306,0.734694,381 384 424 427 482
nsga2,508_e-04,28,14,1850,37,9866193.367728,1359930.730469,0.285714,0.714286,381 384 425 427 482
nsga2,508_e-04,28,15,1850,37,9863642.232235,1359413.066406,0.306122,0.693878,382 384 425 427 482
nsga2,508_e-04,28,16,1850,37,9863642.232235,1359413.066406,0.326531,0.673469,382 384 425 427 482
nsga2,508_e-04,28,17,1850,37,9862077.682557,1358837.986328,0.346939,0.653061,382 384 425 426 482
nsga2,508_e-04,28,18,1850,37,9862077.682557,1358837.986328,0.367347,0.632653,382 384 425 426 482
nsga2,508_e-04,28,19,1850,37,9862077.682557,1358837.986328,0.387755,0.612245,382 384 425 426 482
nsga2,508_e-04,28,20,1850,37,9860723.550829,1354526.419922,0.408163,0.591837,384 401 426 427 482
nsga2,508_e-04,28,21,1850,37,9858850.907309,1354025.322266,0.428571,0.571429,383 384 401 426 482
nsga2,508_e-04,28,22,1850,37,9857226.195160,1352673.123047,0.448980,0.551020,383 384 402 426 482
nsga2,508_e-04,28,23,1850,37,9854231.470077,1351493.732422,0.469388,0.530612,381 385 423 425 428
nsga2,508_e-04,28,24,1850,37,9854231.470077,1351493.732422,0.489796,0.510204,381 385 423 425 428
nsga2,508_e-04,28,25,1850,37,9851527.746521,1351022.482422,0.510204,0.489796,381 384 423 425 428
nsga2,508_e-04,28,26,1850,37,9851527.746521,1351022.482422,0.530612,0.469388,381 384 423 425 428
nsga2,508_e-04,28,27,1850,37,9848976.611029,1350504.818359,0.551020,0.448980,382 384 423 425 428
nsga2,508_e-04,28,28,1850,37,9848976.611029,1350504.818359,0.571429,0.428571,382 384 423 425 428
nsga2,508_e-04,28,29,1850,37,9847546.190431,1350042.857422,0.591837,0.408163,381 384 423 426 427
nsga2,508_e-04,28,30,1850,37,9845422.085950,1349737.654297,0.612245,0.387755,382 384 423 425 427
nsga2,508_e-04,28,31,1850,37,9843217.642555,1349394.511719,0.632653,0.367347,381 384 424 426 427
nsga2,508_e-04,28,32,1850,37,9843217.642555,1349394.511719,0.653061,0.346939,381 384 424 426 427
nsga2,508_e-04,28,33,1850,37,9841093.538074,1349051.724609,0.673469,0.326531,382 384 424 425 427
nsga2,508_e-04,28,34,1850,37,9841093.538074,1349051.724609,0.693878,0.306122,382 384 424 425 427
nsga2,508_e-04,28,35,1850,37,9840270.455397,1348478.154297,0.714286,0.285714,383 384 424 425 427
nsga2,508_e-04,28,36,1850,37,9840270.455397,1348478.154297,0.734694,0.265306,383 384 424 425 427
nsga2,508_e-04,28,37,1850,37,9837444.908645,1347590.919922,0.755102,0.244898,383 384 425 426 427
nsga2,508_e-04,28,38,1850,37,9837444.908645,1347590.919922,0.775510,0.224490,383 384 425 426 427
nsga2,508_e-04,28,39,1850,37,9837444.908645,1347590.919922,0.795918,0.204082,383 384 425 426 427
nsga2,508_e-04,28,40,1850,37,9835468.247087,1344989.832031,0.816327,0.183673,383 384 401 425 427
nsga2,508_e-04,28,41,1850,37,9835468.247087,1344989.832031,0.836735,0.163265,383 384 401 425 427
nsga2,508_e-04,28,42,1850,37,9835041.216075,1344606.275391,0.857143,0.142857,383 384 401 426 427
nsga2,508_e-04,28,43,1850,37,9834239.586602,1343289.408203,0.877551,0.122449,382 384 402 426 427
nsga2,508_e-04,28,44,1850,37,9833102.067936,1342946.597656,0.897959,0.102041,382 384 402 425 426
nsga2,508_e-04,28,45,1850,37,9833102.067936,1342946.597656,0.918367,0.081633,382 384 402 425 426
nsga2,508_e-04,28,46,1850,37,9832174.967220,1340332.027344,0.938776,0.061224,384 401 402 425 427
nsga2,508_e-04,28,47,1850,37,9831125.406378,1338147.791016,0.959184,0.040816,382 384 401 402 425
nsga2,508_e-04,28,48,1850,37,9831125.406378,1338147.791016,0.979592,0.020408,382 384 401 402 425
nsga2,508_e-04,28,49,1850,37,9830692.887687,1332716.023438,1.000000,0.000000,382 402 403 425 427
nsga2,508_e-04,28,0,1900,38,11530622.253318,1375069.998047,0.000000,1.000000,3389 4879 5483 5655 5869
nsga2,508_e-04,28,1,1900,38,9962221.085204,1374689.236328,0.020408,0.979592,351 383 426 482 553
nsga2,508_e-04,28,2,1900,38,9962221.085204,1374689.236328,0.040816,0.959184,351 383 426 482 553
nsga2,508_e-04,28,3,1900,38,9923685.428622,1369234.177734,0.061224,0.938776,351 384 420 427 482
nsga2,508_e-04,28,4,1900,38,9904262.160041,1368449.205078,0.081633,0.918367,351 379 384 426 482
nsga2,508_e-04,28,5,1900,38,9894187.188933,1367555.292969,0.102041,0.897959,351 381 384 426 482
nsga2,508_e-04,28,6,1900,38,9890942.139029,1366503.433594,0.122449,0.877551,352 384 425 426 482
nsga2,508_e-04,28,7,1900,38,9890942.139029,1366503.433594,0.142857,0.857143,352 384 425 426 482
nsga2,508_e-04,28,8,1900,38,9888209.532731,1364133.894531,0.163265,0.836735,351 383 401 426 482
nsga2,508_e-04,28,9,1900,38,9888209.532731,1364133.894531,0.183673,0.816327,351 383 401 426 482
nsga2,508_e-04,28,10,1900,38,9879116.815378,1361346.039062,0.204082,0.795918,381 384 422 427 482
nsga2,508_e-04,28,11,1900,38,9877531.592326,1361015.667969,0.224490,0.775510,351 381 384 423 427
nsga2,508_e-04,28,12,1900,38,9872920.431344,1360919.625000,0.244898,0.755102,381 384 423 427 482
nsga2,508_e-04,28,13,1900,38,9868591.883469,1360449.777344,0.265306,0.734694,381 384 424 427 482
nsga2,508_e-04,28,14,1900,38,9866193.367728,1359930.730469,0.285714,0.714286,381 384 425 427 482
nsga2,508_e-04,28,15,1900,38,9863642.232235,1359413.066406,0.306122,0.693878,382 384 425 427 482
nsga2,508_e-04,28,16,1900,38,9863642.232235,1359413.066406,0.326531,0.673469,382 384 425 427 482
nsga2,508_e-04,28,17,1900,38,9862077.682557,1358837.986328,0.346939,0.653061,382 384 425 426 482
nsga2,508_e-04,28,18,1900,38,9862077.682557,1358837.986328,0.367347,0.632653,382 384 425 426 482
nsga2,508_e-04,28,19,1900,38,9862077.682557,1358837.986328,0.387755,0.612245,382 384 425 426 482
nsga2,508_e-04,28,20,1900,38,9860723.550829,1354526.419922,0.408163,0.591837,384 401 426 427 482
nsga2,508_e-04,28,21,1900,38,9858850.907309,1354025.322266,0.428571,0.571429,383 384 401 426 482
nsga2,508_e-04,28,22,1900,38,9857226.195160,1352673.123047,0.448980,0.551020,383 384 402 426 482
nsga2,508_e-04,28,23,1900,38,9854231.470077,1351493.732422,0.469388,0.530612,381 385 423 425 428
nsga2,508_e-04,28,24,1900,38,9854231.470077,1351493.732422,0.489796,0.510204,381 385 423 425 428
nsga2,508_e-04,28,25,1900,38,9851527.746521,1351022.482422,0.510204,0.489796,381 384 423 425 428
nsga2,508_e-04,28,26,1900,38,9851527.746521,1351022.482422,0.530612,0.469388,381 384 423 425 428
nsga2,508_e-04,28,27,1900,38,9848976.611029,1350504.818359,0.551020,0.448980,382 384 423 425 428
nsga2,508_e-04,28,28,1900,38,9848976.611029,1350504.818359,0.571429,0.428571,382 384 423 425 428
nsga2,508_e-04,28,29,1900,38,9847546.190431,1350042.857422,0.591837,0.408163,381 384 423 426 427
nsga2,508_e-04,28,30,1900,38,9845422.085950,1349737.654297,0.612245,0.387755,382 384 423 425 427
nsga2,508_e-04,28,31,1900,38,9843217.642555,1349394.511719,0.632653,0.367347,381 384 424 426 427
nsga2,508_e-04,28,32,1900,38,9843217.642555,1349394.511719,0.653061,0.346939,381 384 424 426 427
nsga2,508_e-04,28,33,1900,38,9841093.538074,1349051.724609,0.673469,0.326531,382 384 424 425 427
nsga2,508_e-04,28,34,1900,38,9841093.538074,1349051.724609,0.693878,0.306122,382 384 424 425 427
nsga2,508_e-04,28,35,1900,38,9840270.455397,1348478.154297,0.714286,0.285714,383 384 424 425 427
nsga2,508_e-04,28,36,1900,38,9840270.455397,1348478.154297,0.734694,0.265306,383 384 424 425 427
nsga2,508_e-04,28,37,1900,38,9837444.908645,1347590.919922,0.755102,0.244898,383 384 425 426 427
nsga2,508_e-04,28,38,1900,38,9837444.908645,1347590.919922,0.775510,0.224490,383 384 425 426 427
nsga2,508_e-04,28,39,1900,38,9837444.908645,1347590.919922,0.795918,0.204082,383 384 425 426 427
nsga2,508_e-04,28,40,1900,38,9835468.247087,1344989.832031,0.816327,0.183673,383 384 401 425 427
nsga2,508_e-04,28,41,1900,38,9835468.247087,1344989.832031,0.836735,0.163265,383 384 401 425 427
nsga2,508_e-04,28,42,1900,38,9835041.216075,1344606.275391,0.857143,0.142857,383 384 401 426 427
nsga2,508_e-04,28,43,1900,38,9834239.586602,1343289.408203,0.877551,0.122449,382 384 402 426 427
nsga2,508_e-04,28,44,1900,38,9833102.067936,1342946.597656,0.897959,0.102041,382 384 402 425 426
nsga2,508_e-04,28,45,1900,38,9833102.067936,1342946.597656,0.918367,0.081633,382 384 402 425 426
nsga2,508_e-04,28,46,1900,38,9832174.967220,1340332.027344,0.938776,0.061224,384 401 402 425 427
nsga2,508_e-04,28,47,1900,38,9831125.406378,1338147.791016,0.959184,0.040816,382 384 401 402 425
nsga2,508_e-04,28,48,1900,38,9831125.406378,1338147.791016,0.979592,0.020408,382 384 401 402 425
nsga2,508_e-04,28,49,1900,38,9830692.887687,1332716.023438,1.000000,0.000000,382 402 403 425 427
nsga2,508_e-04,28,0,1950,39,11530622.253318,1375069.998047,0.000000,1.000000,3389 4879 5483 5655 5869
nsga2,508_e-04,28,1,1950,39,9962221.085204,1374689.236328,0.020408,0.979592,351 383 426 482 553
nsga2,508_e-04,28,2,1950,39,9962221.085204,1374689.236328,0.040816,0.959184,351 383 426 482 553
nsga2,508_e-04,28,3,1950,39,9923685.428622,1369234.177734,0.061224,0.938776,351 384 420 427 482
nsga2,508_e-04,28,4,1950,39,9904262.160041,1368449.205078,0.081633,0.918367,351 379 384 426 482
nsga2,508_e-04,28,5,1950,39,9894187.188933,1367555.292969,0.102041,0.897959,351 381 384 426 482
nsga2,508_e-04,28,6,1950,39,9890942.139029,1366503.433594,0.122449,0.877551,352 384 425 426 482
nsga2,508_e-04,28,7,1950,39,9890812.970763,1366463.525391,0.142857,0.857143,351 383 384 426 482
nsga2,508_e-04,28,8,1950,39,9888209.532731,1364133.894531,0.163265,0.836735,351 383 401 426 482
nsga2,508_e-04,28,9,1950,39,9888209.532731,1364133.894531,0.183673,0.816327,351 383 401 426 482
nsga2,508_e-04,28,10,1950,39,9879116.815378,1361346.039062,0.204082,0.795918,381 384 422 427 482
nsga2,508_e-04,28,11,1950,39,9877531.592326,1361015.667969,0.224490,0.775510,351 381 384 423 427
nsga2,508_e-04,28,12,1950,39,9872920.431344,1360919.625000,0.244898,0.755102,381 384 423 427 482
nsga2,508_e-04,28,13,1950,39,9868591.883469,1360449.777344,0.265306,0.734694,381 384 424 427 482
nsga2,508_e-04,28,14,1950,39,9866193.367728,1359930.730469,0.285714,0.714286,381 384 425 427 482
nsga2,508_e-04,28,15,1950,39,9863642.232235,1359413.066406,0.306122,0.693878,382 384 425 427 482
nsga2,508_e-04,28,16,1950,39,9863642.232235,1359413.066406,0.326531,0.673469,382 384 425 427 482
nsga2,508_e-04,28,17,1950,39,9862077.682557,1358837.986328,0.346939,0.653061,382 384 425 426 482
nsga2,508_e-04,28,18,1950,39,9862077.682557,1358837.986328,0.367347,0.632653,382 384 425 426 482
nsga2,508_e-04,28,19,1950,39,9862077.682557,1358837.986328,0.387755,0.612245,382 384 425 426 482
nsga2,508_e-04,28,20,1950,39,9860723.550829,1354526.419922,0.408163,0.591837,384 401 426 427 482
nsga2,508_e-04,28,21,1950,39,9858850.907309,1354025.322266,0.428571,0.571429,383 384 401 426 482
nsga2,508_e-04,28,22,1950,39,9857226.195160,1352673.123047,0.448980,0.551020,383 384 402 426 482
nsga2,508_e-04,28,23,1950,39,9854231.470077,1351493.732422,0.469388,0.530612,381 385 423 425 428
nsga2,508_e-04,28,24,1950,39,9854231.470077,1351493.732422,0.489796,0.510204,381 385 423 425 428
nsga2,508_e-04,28,25,1950,39,9851527.746521,1351022.482422,0.510204,0.489796,381 384 423 425 428
nsga2,508_e-04,28,26,1950,39,9851527.746521,1351022.482422,0.530612,0.469388,381 384 423 425 428
nsga2,508_e-04,28,27,1950,39,9848976.611029,1350504.818359,0.551020,0.448980,382 384 423 425 428
nsga2,508_e-04,28,28,1950,39,9848976.611029,1350504.818359,0.571429,0.428571,382 384 423 425 428
nsga2,508_e-04,28,29,1950,39,9847546.190431,1350042.857422,0.591837,0.408163,381 384 423 426 427
nsga2,508_e-04,28,30,1950,39,9845422.085950,1349737.654297,0.612245,0.387755,382 384 423 425 427
nsga2,508_e-04,28,31,1950,39,9843217.642555,1349394.511719,0.632653,0.367347,381 384 424 426 427
nsga2,508_e-04,28,32,1950,39,9843217.642555,1349394.511719,0.653061,0.346939,381 384 424 426 427
nsga2,508_e-04,28,33,1950,39,9841093.538074,1349051.724609,0.673469,0.326531,382 384 424 425 427
nsga2,508_e-04,28,34,1950,39,9841093.538074,1349051.724609,0.693878,0.306122,382 384 424 425 427
nsga2,508_e-04,28,35,1950,39,9840270.455397,1348478.154297,0.714286,0.285714,383 384 424 425 427
nsga2,508_e-04,28,36,1950,39,9840270.455397,1348478.154297,0.734694,0.265306,383 384 424 425 427
nsga2,508_e-04,28,37,1950,39,9837444.908645,1347590.919922,0.755102,0.244898,383 384 425 426 427
nsga2,508_e-04,28,38,1950,39,9837444.908645,1347590.919922,0.775510,0.224490,383 384 425 426 427
nsga2,508_e-04,28,39,1950,39,9837444.908645,1347590.919922,0.795918,0.204082,383 384 425 426 427
nsga2,508_e-04,28,40,1950,39,9835468.247087,1344989.832031,0.816327,0.183673,383 384 401 425 427
nsga2,508_e-04,28,41,1950,39,9835468.247087,1344989.832031,0.836735,0.163265,383 384 401 425 427
nsga2,508_e-04,28,42,1950,39,9835041.216075,1344606.275391,0.857143,0.142857,383 384 401 426 427
nsga2,508_e-04,28,43,1950,39,9834239.586602,1343289.408203,0.877551,0.122449,382 384 402 426 427
nsga2,508_e-04,28,44,1950,39,9833102.067936,1342946.597656,0.897959,0.102041,382 384 402 425 426
nsga2,508_e-04,28,45,1950,39,9833102.067936,1342946.597656,0.918367,0.081633,382 384 402 425 426
nsga2,508_e-04,28,46,1950,39,9832174.967220,1340332.027344,0.938776,0.061224,384 401 402 425 427
nsga2,508_e-04,28,47,1950,39,9831125.406378,1338147.791016,0.959184,0.040816,382 384 401 402 425
nsga2,508_e-04,28,48,1950,39,9831125.406378,1338147.791016,0.979592,0.020408,382 384 401 402 425
nsga2,508_e-04,28,49,1950,39,9830692.887687,1332716.023438,1.000000,0.000000,382 402 403 425 427
nsga2,508_e-04,28,0,2000,40,11530622.253318,1375069.998047,0.000000,1.000000,3389 4879 5483 5655 5869
nsga2,508_e-04,28,1,2000,40,9962221.085204,1374689.236328,0.020408,0.979592,351 383 426 482 553
nsga2,508_e-04,28,2,2000,40,9962221.085204,1374689.236328,0.040816,0.959184,351 383 426 482 553
nsga2,508_e-04,28,3,2000,40,9923685.428622,1369234.177734,0.061224,0.938776,351 384 420 427 482
nsga2,508_e-04,28,4,2000,40,9904262.160041,1368449.205078,0.081633,0.918367,351 379 384 426 482
nsga2,508_e-04,28,5,2000,40,9894187.188933,1367555.292969,0.102041,0.897959,351 381 384 426 482
nsga2,508_e-04,28,6,2000,40,9890942.139029,1366503.433594,0.122449,0.877551,352 384 425 426 482
nsga2,508_e-04,28,7,2000,40,9890613.225301,1366500.603516,0.142857,0.857143,351 383 425 426 482
nsga2,508_e-04,28,8,2000,40,9888209.532731,1364133.894531,0.163265,0.836735,351 383 401 426 482
nsga2,508_e-04,28,9,2000,40,9888209.532731,1364133.894531,0.183673,0.816327,351 383 401 426 482
nsga2,508_e-04,28,10,2000,40,9879116.815378,1361346.039062,0.204082,0.795918,381 384 422 427 482
nsga2,508_e-04,28,11,2000,40,9877531.592326,1361015.667969,0.224490,0.775510,351 381 384 423 427
nsga2,508_e-04,28,12,2000,40,9872920.431344,1360919.625000,0.244898,0.755102,381 384 423 427 482
nsga2,508_e-04,28,13,2000,40,9868591.883469,1360449.777344,0.265306,0.734694,381 384 424 427 482
nsga2,508_e-04,28,14,2000,40,9866193.367728,1359930.730469,0.285714,0.714286,381 384 425 427 482
nsga2,508_e-04,28,15,2000,40,9863642.232235,1359413.066406,0.306122,0.693878,382 384 425 427 482
nsga2,508_e-04,28,16,2000,40,9863642.232235,1359413.066406,0.326531,0.673469,382 384 425 427 482
nsga2,508_e-04,28,17,2000,40,9862077.682557,1358837.986328,0.346939,0.653061,382 384 425 426 482
nsga2,508_e-04,28,18,2000,40,9862077.682557,1358837.986328,0.367347,0.632653,382 384 425 426 482
nsga2,508_e-04,28,19,2000,40,9862077.682557,1358837.986328,0.387755,0.612245,382 384 425 426 482
nsga2,508_e-04,28,20,2000,40,9860723.550829,1354526.419922,0.408163,0.591837,384 401 426 427 482
nsga2,508_e-04,28,21,2000,40,9858850.907309,1354025.322266,0.428571,0.571429,383 384 401 426 482
nsga2,508_e-04,28,22,2000,40,9857226.195160,1352673.123047,0.448980,0.551020,383 384 402 426 482
nsga2,508_e-04,28,23,2000,40,9854231.470077,1351493.732422,0.469388,0.530612,381 385 423 425 428
nsga2,508_e-04,28,24,2000,40,9854231.470077,1351493.732422,0.489796,0.510204,381 385 423 425 428
nsga2,508_e-04,28,25,2000,40,9851527.746521,1351022.482422,0.510204,0.489796,381 384 423 425 428
nsga2,508_e-04,28,26,2000,40,9851527.746521,1351022.482422,0.530612,0.469388,381 384 423 425 428
nsga2,508_e-04,28,27,2000,40,9848976.611029,1350504.818359,0.551020,0.448980,382 384 423 425 428
nsga2,508_e-04,28,28,2000,40,9848976.611029,1350504.818359,0.571429,0.428571,382 384 423 425 428
nsga2,508_e-04,28,29,2000,40,9847546.190431,1350042.857422,0.591837,0.408163,381 384 423 426 427
nsga2,508_e-04,28,30,2000,40,9845422.085950,1349737.654297,0.612245,0.387755,382 384 423 425 427
nsga2,508_e-04,28,31,2000,40,9843217.642555,1349394.511719,0.632653,0.367347,381 384 424 426 427
nsga2,508_e-04,28,32,2000,40,9843217.642555,1349394.511719,0.653061,0.346939,381 384 424 426 427
nsga2,508_e-04,28,33,2000,40,9841093.538074,1349051.724609,0.673469,0.326531,382 384 424 425 427
nsga2,508_e-04,28,34,2000,40,9841093.538074,1349051.724609,0.693878,0.306122,382 384 424 425 427
nsga2,508_e-04,28,35,2000,40,9840270.455397,1348478.154297,0.714286,0.285714,383 384 424 425 427
nsga2,508_e-04,28,36,2000,40,9840270.455397,1348478.154297,0.734694,0.265306,383 384 424 425 427
nsga2,508_e-04,28,37,2000,40,9837444.908645,1347590.919922,0.755102,0.244898,383 384 425 426 427
nsga2,508_e-04,28,38,2000,40,9837444.908645,1347590.919922,0.775510,0.224490,383 384 425 426 427
nsga2,508_e-04,28,39,2000,40,9837444.908645,1347590.919922,0.795918,0.204082,383 384 425 426 427
nsga2,508_e-04,28,40,2000,40,9835468.247087,1344989.832031,0.816327,0.183673,383 384 401 425 427
nsga2,508_e-04,28,41,2000,40,9835468.247087,1344989.832031,0.836735,0.163265,383 384 401 425 427
nsga2,508_e-04,28,42,2000,40,9835041.216075,1344606.275391,0.857143,0.142857,383 384 401 426 427
nsga2,508_e-04,28,43,2000,40,9834239.586602,1343289.408203,0.877551,0.122449,382 384 402 426 427
nsga2,508_e-04,28,44,2000,40,9833102.067936,1342946.597656,0.897959,0.102041,382 384 402 425 426
nsga2,508_e-04,28,45,2000,40,9833102.067936,1342946.597656,0.918367,0.081633,382 384 402 425 426
nsga2,508_e-04,28,46,2000,40,9832174.967220,1340332.027344,0.938776,0.061224,384 401 402 425 427
nsga2,508_e-04,28,47,2000,40,9831125.406378,1338147.791016,0.959184,0.040816,382 384 401 402 425
nsga2,508_e-04,28,48,2000,40,9831125.406378,1338147.791016,0.979592,0.020408,382 384 401 402 425
nsga2,508_e-04,28,49,2000,40,9830692.887687,1332716.023438,1.000000,0.000000,382 402 403 425 427
nsga2,508_e-04,28,0,2050,41,11530622.253318,1375069.998047,0.000000,1.000000,3389 4879 5483 5655 5869
nsga2,508_e-04,28,1,2050,41,9962221.085204,1374689.236328,0.020408,0.979592,351 383 426 482 553
nsga2,508_e-04,28,2,2050,41,9962221.085204,1374689.236328,0.040816,0.959184,351 383 426 482 553
nsga2,508_e-04,28,3,2050,41,9923685.428622,1369234.177734,0.061224,0.938776,351 384 420 427 482
nsga2,508_e-04,28,4,2050,41,9904262.160041,1368449.205078,0.081633,0.918367,351 379 384 426 482
nsga2,508_e-04,28,5,2050,41,9894187.188933,1367555.292969,0.102041,0.897959,351 381 384 426 482
nsga2,508_e-04,28,6,2050,41,9890613.225301,1366500.603516,0.122449,0.877551,351 383 425 426 482
nsga2,508_e-04,28,7,2050,41,9890613.225301,1366500.603516,0.142857,0.857143,351 383 425 426 482
nsga2,508_e-04,28,8,2050,41,9888209.532731,1364133.894531,0.163265,0.836735,351 383 401 426 482
nsga2,508_e-04,28,9,2050,41,9888209.532731,1364133.894531,0.183673,0.816327,351 383 401 426 482
nsga2,508_e-04,28,10,2050,41,9879116.815378,1361346.039062,0.204082,0.795918,381 384 422 427 482
nsga2,508_e-04,28,11,2050,41,9877531.592326,1361015.667969,0.224490,0.775510,351 381 384 423 427
nsga2,508_e-04,28,12,2050,41,9872920.431344,1360919.625000,0.244898,0.755102,381 384 423 427 482
nsga2,508_e-04,28,13,2050,41,9868591.883469,1360449.777344,0.265306,0.734694,381 384 424 427 482
nsga2,508_e-04,28,14,2050,41,9866040.747976,1359932.113281,0.285714,0.714286,382 384 424 427 482
nsga2,508_e-04,28,15,2050,41,9863642.232235,1359413.066406,0.306122,0.693878,382 384 425 427 482
nsga2,508_e-04,28,16,2050,41,9863642.232235,1359413.066406,0.326531,0.673469,382 384 425 427 482
nsga2,508_e-04,28,17,2050,41,9862077.682557,1358837.986328,0.346939,0.653061,382 384 425 426 482
nsga2,508_e-04,28,18,2050,41,9862077.682557,1358837.986328,0.367347,0.632653,382 384 425 426 482
nsga2,508_e-04,28,19,2050,41,9862077.682557,1358837.986328,0.387755,0.612245,382 384 425 426 482
nsga2,508_e-04,28,20,2050,41,9860723.550829,1354526.419922,0.408163,0.591837,384 401 426 427 482
nsga2,508_e-04,28,21,2050,41,9858850.907309,1354025.322266,0.428571,0.571429,383 384 401 426 482
nsga2,508_e-04,28,22,2050,41,9857226.195160,1352673.123047,0.448980,0.551020,383 384 402 426 482
nsga2,508_e-04,28,23,2050,41,9854231.470077,1351493.732422,0.469388,0.530612,381 385 423 425 428
nsga2,508_e-04,28,24,2050,41,9854231.470077,1351493.732422,0.489796,0.510204,381 385 423 425 428
nsga2,508_e-04,28,25,2050,41,9851527.746521,1351022.482422,0.510204,0.489796,381 384 423 425 428
nsga2,508_e-04,28,26,2050,41,9851527.746521,1351022.482422,0.530612,0.469388,381 384 423 425 428
nsga2,508_e-04,28,27,2050,41,9848976.611029,1350504.818359,0.551020,0.448980,382 384 423 425 428
nsga2,508_e-04,28,28,2050,41,9848976.611029,1350504.818359,0.571429,0.428571,382 384 423 425 428
nsga2,508_e-04,28,29,2050,41,9847546.190431,1350042.857422,0.591837,0.408163,381 384 423 426 427
nsga2,508_e-04,28,30,2050,41,9845422.085950,1349737.654297,0.612245,0.387755,382 384 423 425 427
nsga2,508_e-04,28,31,2050,41,9843217.642555,1349394.511719,0.632653,0.367347,381 384 424 426 427
nsga2,508_e-04,28,32,2050,41,9843217.642555,1349394.511719,0.653061,0.346939,381 384 424 426 427
nsga2,508_e-04,28,33,2050,41,9841093.538074,1349051.724609,0.673469,0.326531,382 384 424 425 427
nsga2,508_e-04,28,34,2050,41,9841093.538074,1349051.724609,0.693878,0.306122,382 384 424 425 427
nsga2,508_e-04,28,35,2050,41,9840270.455397,1348478.154297,0.714286,0.285714,383 384 424 425 427
nsga2,508_e-04,28,36,2050,41,9840270.455397,1348478.154297,0.734694,0.265306,383 384 424 425 427
nsga2,508_e-04,28,37,2050,41,9837444.908645,1347590.919922,0.755102,0.244898,383 384 425 426 427
nsga2,508_e-04,28,38,2050,41,9837444.908645,1347590.919922,0.775510,0.224490,383 384 425 426 427
nsga2,508_e-04,28,39,2050,41,9837444.908645,1347590.919922,0.795918,0.204082,383 384 425 426 427
nsga2,508_e-04,28,40,2050,41,9835468.247087,1344989.832031,0.816327,0.183673,383 384 401 425 427
nsga2,508_e-04,28,41,2050,41,9835468.247087,1344989.832031,0.836735,0.163265,383 384 401 425 427
nsga2,508_e-04,28,42,2050,41,9835041.216075,1344606.275391,0.857143,0.142857,383 384 401 426 427
nsga2,508_e-04,28,43,2050,41,9834726.780085,1343348.888672,0.877551,0.122449,382 384 401 425 426
nsga2,508_e-04,28,44,2050,41,9833102.067936,1342946.597656,0.897959,0.102041,382 384 402 425 426
nsga2,508_e-04,28,45,2050,41,9833102.067936,1342946.597656,0.918367,0.081633,382 384 402 425 426
nsga2,508_e-04,28,46,2050,41,9832174.967220,1340332.027344,0.938776,0.061224,384 401 402 425 427
nsga2,508_e-04,28,47,2050,41,9831125.406378,1338147.791016,0.959184,0.040816,382 384 401 402 425
nsga2,508_e-04,28,48,2050,41,9831125.406378,1338147.791016,0.979592,0.020408,382 384 401 402 425
nsga2,508_e-04,28,49,2050,41,9830692.887687,1332716.023438,1.000000,0.000000,382 402 403 425 427
nsga2,508_e-04,28,0,2100,42,11530622.253318,1375069.998047,0.000000,1.000000,3389 4879 5483 5655 5869
nsga2,508_e-04,28,1,2100,42,9962221.085204,1374689.236328,0.020408,0.979592,351 383 426 482 553
nsga2,508_e-04,28,2,2100,42,9962221.085204,1374689.236328,0.040816,0.959184,351 383 426 482 553
nsga2,508_e-04,28,3,2100,42,9923685.428622,1369234.177734,0.061224,0.938776,351 384 420 427 482
nsga2,508_e-04,28,4,2100,42,9904262.160041,1368449.205078,0.081633,0.918367,351 379 384 426 482
nsga2,508_e-04,28,5,2100,42,9894187.188933,1367555.292969,0.102041,0.897959,351 381 384 426 482
nsga2,508_e-04,28,6,2100,42,9890613.225301,1366500.603516,0.122449,0.877551,351 383 425 426 482
nsga2,508_e-04,28,7,2100,42,9890613.225301,1366500.603516,0.142857,0.857143,351 383 425 426 482
nsga2,508_e-04,28,8,2100,42,9888209.532731,1364133.894531,0.163265,0.836735,351 383 401 426 482
nsga2,508_e-04,28,9,2100,42,9888209.532731,1364133.894531,0.183673,0.816327,351 383 401 426 482
nsga2,508_e-04,28,10,2100,42,9879116.815378,1361346.039062,0.204082,0.795918,381 384 422 427 482
nsga2,508_e-04,28,11,2100,42,9877531.592326,1361015.667969,0.224490,0.775510,351 381 384 423 427
nsga2,508_e-04,28,12,2100,42,9872920.431344,1360919.625000,0.244898,0.755102,381 384 423 427 482
nsga2,508_e-04,28,13,2100,42,9868591.883469,1360449.777344,0.265306,0.734694,381 384 424 427 482
nsga2,508_e-04,28,14,2100,42,9866040.747976,1359932.113281,0.285714,0.714286,382 384 424 427 482
nsga2,508_e-04,28,15,2100,42,9863642.232235,1359413.066406,0.306122,0.693878,382 384 425 427 482
nsga2,508_e-04,28,16,2100,42,9863642.232235,1359413.066406,0.326531,0.673469,382 384 425 427 482
nsga2,508_e-04,28,17,2100,42,9862077.682557,1358837.986328,0.346939,0.653061,382 384 425 426 482
nsga2,508_e-04,28,18,2100,42,9862077.682557,1358837.986328,0.367347,0.632653,382 384 425 426 482
nsga2,508_e-04,28,19,2100,42,9862077.682557,1358837.986328,0.387755,0.612245,382 384 425 426 482
nsga2,508_e-04,28,20,2100,42,9860723.550829,1354526.419922,0.408163,0.591837,384 401 426 427 482
nsga2,508_e-04,28,21,2100,42,9858850.907309,1354025.322266,0.428571,0.571429,383 384 401 426 482
nsga2,508_e-04,28,22,2100,42,9857226.195160,1352673.123047,0.448980,0.551020,383 384 402 426 482
nsga2,508_e-04,28,23,2100,42,9854231.470077,1351493.732422,0.469388,0.530612,381 385 423 425 428
nsga2,508_e-04,28,24,2100,42,9854231.470077,1351493.732422,0.489796,0.510204,381 385 423 425 428
nsga2,508_e-04,28,25,2100,42,9851527.746521,1351022.482422,0.510204,0.489796,381 384 423 425 428
nsga2,508_e-04,28,26,2100,42,9851527.746521,1351022.482422,0.530612,0.469388,381 384 423 425 428
nsga2,508_e-04,28,27,2100,42,9848976.611029,1350504.818359,0.551020,0.448980,382 384 423 425 428
nsga2,508_e-04,28,28,2100,42,9848976.611029,1350504.818359,0.571429,0.428571,382 384 423 425 428
nsga2,508_e-04,28,29,2100,42,9847546.190431,1350042.857422,0.591837,0.408163,381 384 423 426 427
nsga2,508_e-04,28,30,2100,42,9845422.085950,1349737.654297,0.612245,0.387755,382 384 423 425 427
nsga2,508_e-04,28,31,2100,42,9843217.642555,1349394.511719,0.632653,0.367347,381 384 424 426 427
nsga2,508_e-04,28,32,2100,42,9843217.642555,1349394.511719,0.653061,0.346939,381 384 424 426 427
nsga2,508_e-04,28,33,2100,42,9841093.538074,1349051.724609,0.673469,0.326531,382 384 424 425 427
nsga2,508_e-04,28,34,2100,42,9841093.538074,1349051.724609,0.693878,0.306122,382 384 424 425 427
nsga2,508_e-04,28,35,2100,42,9840270.455397,1348478.154297,0.714286,0.285714,383 384 424 425 427
nsga2,508_e-04,28,36,2100,42,9840270.455397,1348478.154297,0.734694,0.265306,383 384 424 425 427
nsga2,508_e-04,28,37,2100,42,9837444.908645,1347590.919922,0.755102,0.244898,383 384 425 426 427
nsga2,508_e-04,28,38,2100,42,9837444.908645,1347590.919922,0.775510,0.224490,383 384 425 426 427
nsga2,508_e-04,28,39,2100,42,9837444.908645,1347590.919922,0.795918,0.204082,383 384 425 426 427
nsga2,508_e-04,28,40,2100,42,9835468.247087,1344989.832031,0.816327,0.183673,383 384 401 425 427
nsga2,508_e-04,28,41,2100,42,9835468.247087,1344989.832031,0.836735,0.163265,383 384 401 425 427
nsga2,508_e-04,28,42,2100,42,9835468.247087,1344989.832031,0.857143,0.142857,383 384 401 425 427
nsga2,508_e-04,28,43,2100,42,9834726.780085,1343348.888672,0.877551,0.122449,382 384 401 425 426
nsga2,508_e-04,28,44,2100,42,9833102.067936,1342946.597656,0.897959,0.102041,382 384 402 425 426
nsga2,508_e-04,28,45,2100,42,9833102.067936,1342946.597656,0.918367,0.081633,382 384 402 425 426
nsga2,508_e-04,28,46,2100,42,9832174.967220,1340332.027344,0.938776,0.061224,384 401 402 425 427
nsga2,508_e-04,28,47,2100,42,9831125.406378,1338147.791016,0.959184,0.040816,382 384 401 402 425
nsga2,508_e-04,28,48,2100,42,9831125.406378,1338147.791016,0.979592,0.020408,382 384 401 402 425
nsga2,508_e-04,28,49,2100,42,9830692.887687,1332716.023438,1.000000,0.000000,382 402 403 425 427
nsga2,508_e-04,28,0,2150,43,11530622.253318,1375069.998047,0.000000,1.000000,3389 4879 5483 5655 5869
nsga2,508_e-04,28,1,2150,43,9962221.085204,1374689.236328,0.020408,0.979592,351 383 426 482 553
nsga2,508_e-04,28,2,2150,43,9962221.085204,1374689.236328,0.040816,0.959184,351 383 426 482 553
nsga2,508_e-04,28,3,2150,43,9923685.428622,1369234.177734,0.061224,0.938776,351 384 420 427 482
nsga2,508_e-04,28,4,2150,43,9904262.160041,1368449.205078,0.081633,0.918367,351 379 384 426 482
nsga2,508_e-04,28,5,2150,43,9895511.161035,1367596.083984,0.102041,0.897959,351 384 424 427 482
nsga2,508_e-04,28,6,2150,43,9890613.225301,1366500.603516,0.122449,0.877551,351 383 425 426 482
nsga2,508_e-04,28,7,2150,43,9890613.225301,1366500.603516,0.142857,0.857143,351 383 425 426 482
nsga2,508_e-04,28,8,2150,43,9888209.532731,1364133.894531,0.163265,0.836735,351 383 401 426 482
nsga2,508_e-04,28,9,2150,43,9888209.532731,1364133.894531,0.183673,0.816327,351 383 401 426 482
nsga2,508_e-04,28,10,2150,43,9882995.402452,1361812.982422,0.204082,0.795918,379 384 423 427 482
nsga2,508_e-04,28,11,2150,43,9877531.592326,1361015.667969,0.224490,0.775510,351 381 384 423 427
nsga2,508_e-04,28,12,2150,43,9872920.431344,1360919.625000,0.244898,0.755102,381 384 423 427 482
nsga2,508_e-04,28,13,2150,43,9868591.883469,1360449.777344,0.265306,0.734694,381 384 424 427 482
nsga2,508_e-04,28,14,2150,43,9866040.747976,1359932.113281,0.285714,0.714286,382 384 424 427 482
nsga2,508_e-04,28,15,2150,43,9863642.232235,1359413.066406,0.306122,0.693878,382 384 425 427 482
nsga2,508_e-04,28,16,2150,43,9863642.232235,1359413.066406,0.326531,0.673469,382 384 425 427 482
nsga2,508_e-04,28,17,2150,43,9862077.682557,1358837.986328,0.346939,0.653061,382 384 425 426 482
nsga2,508_e-04,28,18,2150,43,9862077.682557,1358837.986328,0.367347,0.632653,382 384 425 426 482
nsga2,508_e-04,28,19,2150,43,9862077.682557,1358837.986328,0.387755,0.612245,382 384 425 426 482
nsga2,508_e-04,28,20,2150,43,9860723.550829,1354526.419922,0.408163,0.591837,384 401 426 427 482
nsga2,508_e-04,28,21,2150,43,9858850.907309,1354025.322266,0.428571,0.571429,383 384 401 426 482
nsga2,508_e-04,28,22,2150,43,9857226.195160,1352673.123047,0.448980,0.551020,383 384 402 426 482
nsga2,508_e-04,28,23,2150,43,9854231.470077,1351493.732422,0.469388,0.530612,381 385 423 425 428
nsga2,508_e-04,28,24,2150,43,9854231.470077,1351493.732422,0.489796,0.510204,381 385 423 425 428
nsga2,508_e-04,28,25,2150,43,9851527.746521,1351022.482422,0.510204,0.489796,381 384 423 425 428
nsga2,508_e-04,28,26,2150,43,9851527.746521,1351022.482422,0.530612,0.469388,381 384 423 425 428
nsga2,508_e-04,28,27,2150,43,9848976.611029,1350504.818359,0.551020,0.448980,382 384 423 425 428
nsga2,508_e-04,28,28,2150,43,9848976.611029,1350504.818359,0.571429,0.428571,382 384 423 425 428
nsga2,508_e-04,28,29,2150,43,9847546.190431,1350042.857422,0.591837,0.408163,381 384 423 426 427
nsga2,508_e-04,28,30,2150,43,9845422.085950,1349737.654297,0.612245,0.387755,382 384 423 425 427
nsga2,508_e-04,28,31,2150,43,9843217.642555,1349394.511719,0.632653,0.367347,381 384 424 426 427
nsga2,508_e-04,28,32,2150,43,9843217.642555,1349394.511719,0.653061,0.346939,381 384 424 426 427
nsga2,508_e-04,28,33,2150,43,9841093.538074,1349051.724609,0.673469,0.326531,382 384 424 425 427
nsga2,508_e-04,28,34,2150,43,9841093.538074,1349051.724609,0.693878,0.306122,382 384 424 425 427
nsga2,508_e-04,28,35,2150,43,9840270.455397,1348478.154297,0.714286,0.285714,383 384 424 425 427
nsga2,508_e-04,28,36,2150,43,9840270.455397,1348478.154297,0.734694,0.265306,383 384 424 425 427
nsga2,508_e-04,28,37,2150,43,9837444.908645,1347590.919922,0.755102,0.244898,383 384 425 426 427
nsga2,508_e-04,28,38,2150,43,9837444.908645,1347590.919922,0.775510,0.224490,383 384 425 426 427
nsga2,508_e-04,28,39,2150,43,9837444.908645,1347590.919922,0.795918,0.204082,383 384 425 426 427
nsga2,508_e-04,28,40,2150,43,9835468.247087,1344989.832031,0.816327,0.183673,383 384 401 425 427
nsga2,508_e-04,28,41,2150,43,9835468.247087,1344989.832031,0.836735,0.163265,383 384 401 425 427
nsga2,508_e-04,28,42,2150,43,9835468.247087,1344989.832031,0.857143,0.142857,383 384 401 425 427
nsga2,508_e-04,28,43,2150,43,9834726.780085,1343348.888672,0.877551,0.122449,382 384 401 425 426
nsga2,508_e-04,28,44,2150,43,9833102.067936,1342946.597656,0.897959,0.102041,382 384 402 425 426
nsga2,508_e-04,28,45,2150,43,9833102.067936,1342946.597656,0.918367,0.081633,382 384 402 425 426
nsga2,508_e-04,28,46,2150,43,9832174.967220,1340332.027344,0.938776,0.061224,384 401 402 425 427
nsga2,508_e-04,28,47,2150,43,9831125.406378,1338147.791016,0.959184,0.040816,382 384 401 402 425
nsga2,508_e-04,28,48,2150,43,9831125.406378,1338147.791016,0.979592,0.020408,382 384 401 402 425
nsga2,508_e-04,28,49,2150,43,9830692.887687,1332716.023438,1.000000,0.000000,382 402 403 425 427
nsga2,508_e-04,28,0,2200,44,11530622.253318,1375069.998047,0.000000,1.000000,3389 4879 5483 5655 5869
nsga2,508_e-04,28,1,2200,44,9962221.085204,1374689.236328,0.020408,0.979592,351 383 426 482 553
nsga2,508_e-04,28,2,2200,44,9962221.085204,1374689.236328,0.040816,0.959184,351 383 426 482 553
nsga2,508_e-04,28,3,2200,44,9923685.428622,1369234.177734,0.061224,0.938776,351 384 420 427 482
nsga2,508_e-04,28,4,2200,44,9904262.160041,1368449.205078,0.081633,0.918367,351 379 384 426 482
nsga2,508_e-04,28,5,2200,44,9895511.161035,1367596.083984,0.102041,0.897959,351 384 424 427 482
nsga2,508_e-04,28,6,2200,44,9890613.225301,1366500.603516,0.122449,0.877551,351 383 425 426 482
nsga2,508_e-04,28,7,2200,44,9890613.225301,1366500.603516,0.142857,0.857143,351 383 425 426 482
nsga2,508_e-04,28,8,2200,44,9888209.532731,1364133.894531,0.163265,0.836735,351 383 401 426 482
nsga2,508_e-04,28,9,2200,44,9888209.532731,1364133.894531,0.183673,0.816327,351 383 401 426 482
nsga2,508_e-04,28,10,2200,44,9879178.679978,1361817.460938,0.204082,0.795918,381 385 423 428 482
nsga2,508_e-04,28,11,2200,44,9877531.592326,1361015.667969,0.224490,0.775510,351 381 384 423 427
nsga2,508_e-04,28,12,2200,44,9872920.431344,1360919.625000,0.244898,0.755102,381 384 423 427 482
nsga2,508_e-04,28,13,2200,44,9868591.883469,1360449.777344,0.265306,0.734694,381 384 424 427 482
nsga2,508_e-04,28,14,2200,44,9866040.747976,1359932.113281,0.285714,0.714286,382 384 424 427 482
nsga2,508_e-04,28,15,2200,44,9863642.232235,1359413.066406,0.306122,0.693878,382 384 425 427 482
nsga2,508_e-04,28,16,2200,44,9863642.232235,1359413.066406,0.326531,0.673469,382 384 425 427 482
nsga2,508_e-04,28,17,2200,44,9862077.682557,1358837.986328,0.346939,0.653061,382 384 425 426 482
nsga2,508_e-04,28,18,2200,44,9862077.682557,1358837.986328,0.367347,0.632653,382 384 425 426 482
nsga2,508_e-04,28,19,2200,44,9862077.682557,1358837.986328,0.387755,0.612245,382 384 425 426 482
nsga2,508_e-04,28,20,2200,44,9860723.550829,1354526.419922,0.408163,0.591837,384 401 426 427 482
nsga2,508_e-04,28,21,2200,44,9858850.907309,1354025.322266,0.428571,0.571429,383 384 401 426 482
nsga2,508_e-04,28,22,2200,44,9857226.195160,1352673.123047,0.448980,0.551020,383 384 402 426 482
nsga2,508_e-04,28,23,2200,44,9854231.470077,1351493.732422,0.469388,0.530612,381 385 423 425 428
nsga2,508_e-04,28,24,2200,44,9854231.470077,1351493.732422,0.489796,0.510204,381 385 423 425 428
nsga2,508_e-04,28,25,2200,44,9851527.746521,1351022.482422,0.510204,0.489796,381 384 423 425 428
nsga2,508_e-04,28,26,2200,44,9851527.746521,1351022.482422,0.530612,0.469388,381 384 423 425 428
nsga2,508_e-04,28,27,2200,44,9848976.611029,1350504.818359,0.551020,0.448980,382 384 423 425 428
nsga2,508_e-04,28,28,2200,44,9848976.611029,1350504.818359,0.571429,0.428571,382 384 423 425 428
nsga2,508_e-04,28,29,2200,44,9847546.190431,1350042.857422,0.591837,0.408163,381 384 423 426 427
nsga2,508_e-04,28,30,2200,44,9845422.085950,1349737.654297,0.612245,0.387755,382 384 423 425 427
nsga2,508_e-04,28,31,2200,44,9843217.642555,1349394.511719,0.632653,0.367347,381 384 424 426 427
nsga2,508_e-04,28,32,2200,44,9843217.642555,1349394.511719,0.653061,0.346939,381 384 424 426 427
nsga2,508_e-04,28,33,2200,44,9841093.538074,1349051.724609,0.673469,0.326531,382 384 424 425 427
nsga2,508_e-04,28,34,2200,44,9841093.538074,1349051.724609,0.693878,0.306122,382 384 424 425 427
nsga2,508_e-04,28,35,2200,44,9840270.455397,1348478.154297,0.714286,0.285714,383 384 424 425 427
nsga2,508_e-04,28,36,2200,44,9840270.455397,1348478.154297,0.734694,0.265306,383 384 424 425 427
nsga2,508_e-04,28,37,2200,44,9837444.908645,1347590.919922,0.755102,0.244898,383 384 425 426 427
nsga2,508_e-04,28,38,2200,44,9837444.908645,1347590.919922,0.775510,0.224490,383 384 425 426 427
nsga2,508_e-04,28,39,2200,44,9837444.908645,1347590.919922,0.795918,0.204082,383 384 425 426 427
nsga2,508_e-04,28,40,2200,44,9835468.247087,1344989.832031,0.816327,0.183673,383 384 401 425 427
nsga2,508_e-04,28,41,2200,44,9835468.247087,1344989.832031,0.836735,0.163265,383 384 401 425 427
nsga2,508_e-04,28,42,2200,44,9835468.247087,1344989.832031,0.857143,0.142857,383 384 401 425 427
nsga2,508_e-04,28,43,2200,44,9834726.780085,1343348.888672,0.877551,0.122449,382 384 401 425 426
nsga2,508_e-04,28,44,2200,44,9833102.067936,1342946.597656,0.897959,0.102041,382 384 402 425 426
nsga2,508_e-04,28,45,2200,44,9833102.067936,1342946.597656,0.918367,0.081633,382 384 402 425 426
nsga2,508_e-04,28,46,2200,44,9832174.967220,1340332.027344,0.938776,0.061224,384 401 402 425 427
nsga2,508_e-04,28,47,2200,44,9831125.406378,1338147.791016,0.959184,0.040816,382 384 401 402 425
nsga2,508_e-04,28,48,2200,44,9831125.406378,1338147.791016,0.979592,0.020408,382 384 401 402 425
nsga2,508_e-04,28,49,2200,44,9830692.887687,1332716.023438,1.000000,0.000000,382 402 403 425 427
nsga2,508_e-04,28,0,2250,45,11530622.253318,1375069.998047,0.000000,1.000000,3389 4879 5483 5655 5869
nsga2,508_e-04,28,1,2250,45,9962221.085204,1374689.236328,0.020408,0.979592,351 383 426 482 553
nsga2,508_e-04,28,2,2250,45,9962221.085204,1374689.236328,0.040816,0.959184,351 383 426 482 553
nsga2,508_e-04,28,3,2250,45,9923685.428622,1369234.177734,0.061224,0.938776,351 384 420 427 482
nsga2,508_e-04,28,4,2250,45,9904262.160041,1368449.205078,0.081633,0.918367,351 379 384 426 482
nsga2,508_e-04,28,5,2250,45,9895511.161035,1367596.083984,0.102041,0.897959,351 384 424 427 482
nsga2,508_e-04,28,6,2250,45,9891750.743968,1366500.767578,0.122449,0.877551,351 383 426 427 482
nsga2,508_e-04,28,7,2250,45,9890613.225301,1366500.603516,0.142857,0.857143,351 383 425 426 482
nsga2,508_e-04,28,8,2250,45,9888209.532731,1364133.894531,0.163265,0.836735,351 383 401 426 482
nsga2,508_e-04,28,9,2250,45,9888209.532731,1364133.894531,0.183673,0.816327,351 383 401 426 482
nsga2,508_e-04,28,10,2250,45,9879178.679978,1361817.460938,0.204082,0.795918,381 385 423 428 482
nsga2,508_e-04,28,11,2250,45,9877531.592326,1361015.667969,0.224490,0.775510,351 381 384 423 427
nsga2,508_e-04,28,12,2250,45,9872920.431344,1360919.625000,0.244898,0.755102,381 384 423 427 482
nsga2,508_e-04,28,13,2250,45,9868591.883469,1360449.777344,0.265306,0.734694,381 384 424 427 482
nsga2,508_e-04,28,14,2250,45,9866040.747976,1359932.113281,0.285714,0.714286,382 384 424 427 482
nsga2,508_e-04,28,15,2250,45,9863642.232235,1359413.066406,0.306122,0.693878,382 384 425 427 482
nsga2,508_e-04,28,16,2250,45,9863642.232235,1359413.066406,0.326531,0.673469,382 384 425 427 482
nsga2,508_e-04,28,17,2250,45,9862077.682557,1358837.986328,0.346939,0.653061,382 384 425 426 482
nsga2,508_e-04,28,18,2250,45,9862077.682557,1358837.986328,0.367347,0.632653,382 384 425 426 482
nsga2,508_e-04,28,19,2250,45,9862077.682557,1358837.986328,0.387755,0.612245,382 384 425 426 482
nsga2,508_e-04,28,20,2250,45,9860723.550829,1354526.419922,0.408163,0.591837,384 401 426 427 482
nsga2,508_e-04,28,21,2250,45,9858850.907309,1354025.322266,0.428571,0.571429,383 384 401 426 482
nsga2,508_e-04,28,22,2250,45,9857226.195160,1352673.123047,0.448980,0.551020,383 384 402 426 482
nsga2,508_e-04,28,23,2250,45,9854231.470077,1351493.732422,0.469388,0.530612,381 385 423 425 428
nsga2,508_e-04,28,24,2250,45,9854231.470077,1351493.732422,0.489796,0.510204,381 385 423 425 428
nsga2,508_e-04,28,25,2250,45,9851527.746521,1351022.482422,0.510204,0.489796,381 384 423 425 428
nsga2,508_e-04,28,26,2250,45,9851527.746521,1351022.482422,0.530612,0.469388,381 384 423 425 428
nsga2,508_e-04,28,27,2250,45,9848976.611029,1350504.818359,0.551020,0.448980,382 384 423 425 428
nsga2,508_e-04,28,28,2250,45,9848976.611029,1350504.818359,0.571429,0.428571,382 384 423 425 428
nsga2,508_e-04,28,29,2250,45,9847546.190431,1350042.857422,0.591837,0.408163,381 384 423 426 427
nsga2,508_e-04,28,30,2250,45,9845422.085950,1349737.654297,0.612245,0.387755,382 384 423 425 427
nsga2,508_e-04,28,31,2250,45,9843217.642555,1349394.511719,0.632653,0.367347,381 384 424 426 427
nsga2,508_e-04,28,32,2250,45,9843217.642555,1349394.511719,0.653061,0.346939,381 384 424 426 427
nsga2,508_e-04,28,33,2250,45,9842909.548714,1349355.988281,0.673469,0.326531,381 383 384 424 427
nsga2,508_e-04,28,34,2250,45,9841093.538074,1349051.724609,0.693878,0.306122,382 384 424 425 427
nsga2,508_e-04,28,35,2250,45,9840270.455397,1348478.154297,0.714286,0.285714,383 384 424 425 427
nsga2,508_e-04,28,36,2250,45,9840270.455397,1348478.154297,0.734694,0.265306,383 384 424 425 427
nsga2,508_e-04,28,37,2250,45,9837444.908645,1347590.919922,0.755102,0.244898,383 384 425 426 427
nsga2,508_e-04,28,38,2250,45,9837444.908645,1347590.919922,0.775510,0.224490,383 384 425 426 427
nsga2,508_e-04,28,39,2250,45,9837444.908645,1347590.919922,0.795918,0.204082,383 384 425 426 427
nsga2,508_e-04,28,40,2250,45,9835468.247087,1344989.832031,0.816327,0.183673,383 384 401 425 427
nsga2,508_e-04,28,41,2250,45,9835468.247087,1344989.832031,0.836735,0.163265,383 384 401 425 427
nsga2,508_e-04,28,42,2250,45,9835468.247087,1344989.832031,0.857143,0.142857,383 384 401 425 427
nsga2,508_e-04,28,43,2250,45,9834726.780085,1343348.888672,0.877551,0.122449,382 384 401 425 426
nsga2,508_e-04,28,44,2250,45,9833102.067936,1342946.597656,0.897959,0.102041,382 384 402 425 426
nsga2,508_e-04,28,45,2250,45,9833102.067936,1342946.597656,0.918367,0.081633,382 384 402 425 426
nsga2,508_e-04,28,46,2250,45,9832174.967220,1340332.027344,0.938776,0.061224,384 401 402 425 427
nsga2,508_e-04,28,47,2250,45,9831125.406378,1338147.791016,0.959184,0.040816,382 384 401 402 425
nsga2,508_e-04,28,48,2250,45,9831125.406378,1338147.791016,0.979592,0.020408,382 384 401 402 425
nsga2,508_e-04,28,49,2250,45,9830692.887687,1332716.023438,1.000000,0.000000,382 402 403 425 427
nsga2,508_e-04,28,0,2300,46,11530622.253318,1375069.998047,0.000000,1.000000,3389 4879 5483 5655 5869
nsga2,508_e-04,28,1,2300,46,9961615.128617,1374690.701172,0.020408,0.979592,352 383 426 482 553
nsga2,508_e-04,28,2,2300,46,9961615.128617,1374690.701172,0.040816,0.959184,352 383 426 482 553
nsga2,508_e-04,28,3,2300,46,9923685.428622,1369234.177734,0.061224,0.938776,351 384 420 427 482
nsga2,508_e-04,28,4,2300,46,9904262.160041,1368449.205078,0.081633,0.918367,351 379 384 426 482
nsga2,508_e-04,28,5,2300,46,9894905.204449,1367597.560547,0.102041,0.897959,352 384 424 427 482
nsga2,508_e-04,28,6,2300,46,9890613.225301,1366500.603516,0.122449,0.877551,351 383 425 426 482
nsga2,508_e-04,28,7,2300,46,9890613.225301,1366500.603516,0.142857,0.857143,351 383 425 426 482
nsga2,508_e-04,28,8,2300,46,9888209.532731,1364133.894531,0.163265,0.836735,351 383 401 426 482
nsga2,508_e-04,28,9,2300,46,9888209.532731,1364133.894531,0.183673,0.816327,351 383 401 426 482
nsga2,508_e-04,28,10,2300,46,9879178.679978,1361817.460938,0.204082,0.795918,381 385 423 428 482
nsga2,508_e-04,28,11,2300,46,9877531.592326,1361015.667969,0.224490,0.775510,351 381 384 423 427
nsga2,508_e-04,28,12,2300,46,9872920.431344,1360919.625000,0.244898,0.755102,381 384 423 427 482
nsga2,508_e-04,28,13,2300,46,9868591.883469,1360449.777344,0.265306,0.734694,381 384 424 427 482
nsga2,508_e-04,28,14,2300,46,9866040.747976,1359932.113281,0.285714,0.714286,382 384 424 427 482
nsga2,508_e-04,28,15,2300,46,9863642.232235,1359413.066406,0.306122,0.693878,382 384 425 427 482
nsga2,508_e-04,28,16,2300,46,9863642.232235,1359413.066406,0.326531,0.673469,382 384 425 427 482
nsga2,508_e-04,28,17,2300,46,9862077.682557,1358837.986328,0.346939,0.653061,382 384 425 426 482
nsga2,508_e-04,28,18,2300,46,9862077.682557,1358837.986328,0.367347,0.632653,382 384 425 426 482
nsga2,508_e-04,28,19,2300,46,9862077.682557,1358837.986328,0.387755,0.612245,382 384 425 426 482
nsga2,508_e-04,28,20,2300,46,9859788.680514,1354284.513672,0.408163,0.591837,383 401 426 427 482
nsga2,508_e-04,28,21,2300,46,9859788.680514,1354284.513672,0.428571,0.571429,383 401 426 427 482
nsga2,508_e-04,28,22,2300,46,9857226.195160,1352673.123047,0.448980,0.551020,383 384 402 426 482
nsga2,508_e-04,28,23,2300,46,9854231.470077,1351493.732422,0.469388,0.530612,381 385 423 425 428
nsga2,508_e-04,28,24,2300,46,9854231.470077,1351493.732422,0.489796,0.510204,381 385 423 425 428
nsga2,508_e-04,28,25,2300,46,9851527.746521,1351022.482422,0.510204,0.489796,381 384 423 425 428
nsga2,508_e-04,28,26,2300,46,9851527.746521,1351022.482422,0.530612,0.469388,381 384 423 425 428
nsga2,508_e-04,28,27,2300,46,9848976.611029,1350504.818359,0.551020,0.448980,382 384 423 425 428
nsga2,508_e-04,28,28,2300,46,9848976.611029,1350504.818359,0.571429,0.428571,382 384 423 425 428
nsga2,508_e-04,28,29,2300,46,9847546.190431,1350042.857422,0.591837,0.408163,381 384 423 426 427
nsga2,508_e-04,28,30,2300,46,9845422.085950,1349737.654297,0.612245,0.387755,382 384 423 425 427
nsga2,508_e-04,28,31,2300,46,9843644.673567,1349569.388672,0.632653,0.367347,381 384 424 425 427
nsga2,508_e-04,28,32,2300,46,9843644.673567,1349569.388672,0.653061,0.346939,381 384 424 425 427
nsga2,508_e-04,28,33,2300,46,9842909.548714,1349355.988281,0.673469,0.326531,381 383 384 424 427
nsga2,508_e-04,28,34,2300,46,9841093.538074,1349051.724609,0.693878,0.306122,382 384 424 425 427
nsga2,508_e-04,28,35,2300,46,9840270.455397,1348478.154297,0.714286,0.285714,383 384 424 425 427
nsga2,508_e-04,28,36,2300,46,9840270.455397,1348478.154297,0.734694,0.265306,383 384 424 425 427
nsga2,508_e-04,28,37,2300,46,9837444.908645,1347590.919922,0.755102,0.244898,383 384 425 426 427
nsga2,508_e-04,28,38,2300,46,9837444.908645,1347590.919922,0.775510,0.224490,383 384 425 426 427
nsga2,508_e-04,28,39,2300,46,9837444.908645,1347590.919922,0.795918,0.204082,383 384 425 426 427
nsga2,508_e-04,28,40,2300,46,9835468.247087,1344989.832031,0.816327,0.183673,383 384 401 425 427
nsga2,508_e-04,28,41,2300,46,9835468.247087,1344989.832031,0.836735,0.163265,383 384 401 425 427
nsga2,508_e-04,28,42,2300,46,9835468.247087,1344989.832031,0.857143,0.142857,383 384 401 425 427
nsga2,508_e-04,28,43,2300,46,9834726.780085,1343348.888672,0.877551,0.122449,382 384 401 425 426
nsga2,508_e-04,28,44,2300,46,9833102.067936,1342946.597656,0.897959,0.102041,382 384 402 425 426
nsga2,508_e-04,28,45,2300,46,9833102.067936,1342946.597656,0.918367,0.081633,382 384 402 425 426
nsga2,508_e-04,28,46,2300,46,9832174.967220,1340332.027344,0.938776,0.061224,384 401 402 425 427
nsga2,508_e-04,28,47,2300,46,9831125.406378,1338147.791016,0.959184,0.040816,382 384 401 402 425
nsga2,508_e-04,28,48,2300,46,9831125.406378,1338147.791016,0.979592,0.020408,382 384 401 402 425
nsga2,508_e-04,28,49,2300,46,9830692.887687,1332716.023438,1.000000,0.000000,382 402 403 425 427
nsga2,508_e-04,28,0,2350,47,11530622.253318,1375069.998047,0.000000,1.000000,3389 4879 5483 5655 5869
nsga2,508_e-04,28,1,2350,47,9961615.128617,1374690.701172,0.020408,0.979592,352 383 426 482 553
nsga2,508_e-04,28,2,2350,47,9961615.128617,1374690.701172,0.040816,0.959184,352 383 426 482 553
nsga2,508_e-04,28,3,2350,47,9923685.428622,1369234.177734,0.061224,0.938776,351 384 420 427 482
nsga2,508_e-04,28,4,2350,47,9904262.160041,1368449.205078,0.081633,0.918367,351 379 384 426 482
nsga2,508_e-04,28,5,2350,47,9894905.204449,1367597.560547,0.102041,0.897959,352 384 424 427 482
nsga2,508_e-04,28,6,2350,47,9890007.268715,1366502.068359,0.122449,0.877551,352 383 425 426 482
nsga2,508_e-04,28,7,2350,47,9890007.268715,1366502.068359,0.142857,0.857143,352 383 425 426 482
nsga2,508_e-04,28,8,2350,47,9888209.532731,1364133.894531,0.163265,0.836735,351 383 401 426 482
nsga2,508_e-04,28,9,2350,47,9888209.532731,1364133.894531,0.183673,0.816327,351 383 401 426 482
nsga2,508_e-04,28,10,2350,47,9879178.679978,1361817.460938,0.204082,0.795918,381 385 423 428 482
nsga2,508_e-04,28,11,2350,47,9877531.592326,1361015.667969,0.224490,0.775510,351 381 384 423 427
nsga2,508_e-04,28,12,2350,47,9872920.431344,1360919.625000,0.244898,0.755102,381 384 423 427 482
nsga2,508_e-04,28,13,2350,47,9868591.883469,1360449.777344,0.265306,0.734694,381 384 424 427 482
nsga2,508_e-04,28,14,2350,47,9866040.747976,1359932.113281,0.285714,0.714286,382 384 424 427 482
nsga2,508_e-04,28,15,2350,47,9863642.232235,1359413.066406,0.306122,0.693878,382 384 425 427 482
nsga2,508_e-04,28,16,2350,47,9863642.232235,1359413.066406,0.326531,0.673469,382 384 425 427 482
nsga2,508_e-04,28,17,2350,47,9862077.682557,1358837.986328,0.346939,0.653061,382 384 425 426 482
nsga2,508_e-04,28,18,2350,47,9862077.682557,1358837.986328,0.367347,0.632653,382 384 425 426 482
nsga2,508_e-04,28,19,2350,47,9862077.682557,1358837.986328,0.387755,0.612245,382 384 425 426 482
nsga2,508_e-04,28,20,2350,47,9860723.550829,1354526.419922,0.408163,0.591837,384 401 426 427 482
nsga2,508_e-04,28,21,2350,47,9859098.838680,1353839.201172,0.428571,0.571429,384 402 426 427 482
nsga2,508_e-04,28,22,2350,47,9857226.195160,1352673.123047,0.448980,0.551020,383 384 402 426 482
nsga2,508_e-04,28,23,2350,47,9854231.470077,1351493.732422,0.469388,0.530612,381 385 423 425 428
nsga2,508_e-04,28,24,2350,47,9854231.470077,1351493.732422,0.489796,0.510204,381 385 423 425 428
nsga2,508_e-04,28,25,2350,47,9851527.746521,1351022.482422,0.510204,0.489796,381 384 423 425 428
nsga2,508_e-04,28,26,2350,47,9851527.746521,1351022.482422,0.530612,0.469388,381 384 423 425 428
nsga2,508_e-04,28,27,2350,47,9848976.611029,1350504.818359,0.551020,0.448980,382 384 423 425 428
nsga2,508_e-04,28,28,2350,47,9848976.611029,1350504.818359,0.571429,0.428571,382 384 423 425 428
nsga2,508_e-04,28,29,2350,47,9847546.190431,1350042.857422,0.591837,0.408163,381 384 423 426 427
nsga2,508_e-04,28,30,2350,47,9845422.085950,1349737.654297,0.612245,0.387755,382 384 423 425 427
nsga2,508_e-04,28,31,2350,47,9842909.548714,1349355.988281,0.632653,0.367347,381 383 384 424 427
nsga2,508_e-04,28,32,2350,47,9842909.548714,1349355.988281,0.653061,0.346939,381 383 384 424 427
nsga2,508_e-04,28,33,2350,47,9842909.548714,1349355.988281,0.673469,0.326531,381 383 384 424 427
nsga2,508_e-04,28,34,2350,47,9841093.538074,1349051.724609,0.693878,0.306122,382 384 424 425 427
nsga2,508_e-04,28,35,2350,47,9840270.455397,1348478.154297,0.714286,0.285714,383 384 424 425 427
nsga2,508_e-04,28,36,2350,47,9840270.455397,1348478.154297,0.734694,0.265306,383 384 424 425 427
nsga2,508_e-04,28,37,2350,47,9837444.908645,1347590.919922,0.755102,0.244898,383 384 425 426 427
nsga2,508_e-04,28,38,2350,47,9837444.908645,1347590.919922,0.775510,0.224490,383 384 425 426 427
nsga2,508_e-04,28,39,2350,47,9837444.908645,1347590.919922,0.795918,0.204082,383 384 425 426 427
nsga2,508_e-04,28,40,2350,47,9835468.247087,1344989.832031,0.816327,0.183673,383 384 401 425 427
nsga2,508_e-04,28,41,2350,47,9835468.247087,1344989.832031,0.836735,0.163265,383 384 401 425 427
nsga2,508_e-04,28,42,2350,47,9835468.247087,1344989.832031,0.857143,0.142857,383 384 401 425 427
nsga2,508_e-04,28,43,2350,47,9834726.780085,1343348.888672,0.877551,0.122449,382 384 401 425 426
nsga2,508_e-04,28,44,2350,47,9833102.067936,1342946.597656,0.897959,0.102041,382 384 402 425 426
nsga2,508_e-04,28,45,2350,47,9833102.067936,1342946.597656,0.918367,0.081633,382 384 402 425 426
nsga2,508_e-04,28,46,2350,47,9832174.967220,1340332.027344,0.938776,0.061224,384 401 402 425 427
nsga2,508_e-04,28,47,2350,47,9831125.406378,1338147.791016,0.959184,0.040816,382 384 401 402 425
nsga2,508_e-04,28,48,2350,47,9831125.406378,1338147.791016,0.979592,0.020408,382 384 401 402 425
nsga2,508_e-04,28,49,2350,47,9830692.887687,1332716.023438,1.000000,0.000000,382 402 403 425 427
nsga2,508_e-04,28,0,2400,48,11410291.858155,1375069.998047,0.000000,1.000000,386 3389 5483 5655 5869
nsga2,508_e-04,28,1,2400,48,9961615.128617,1374690.701172,0.020408,0.979592,352 383 426 482 553
nsga2,508_e-04,28,2,2400,48,9961615.128617,1374690.701172,0.040816,0.959184,352 383 426 482 553
nsga2,508_e-04,28,3,2400,48,9923685.428622,1369234.177734,0.061224,0.938776,351 384 420 427 482
nsga2,508_e-04,28,4,2400,48,9904262.160041,1368449.205078,0.081633,0.918367,351 379 384 426 482
nsga2,508_e-04,28,5,2400,48,9894905.204449,1367597.560547,0.102041,0.897959,352 384 424 427 482
nsga2,508_e-04,28,6,2400,48,9890007.268715,1366502.068359,0.122449,0.877551,352 383 425 426 482
nsga2,508_e-04,28,7,2400,48,9890007.268715,1366502.068359,0.142857,0.857143,352 383 425 426 482
nsga2,508_e-04,28,8,2400,48,9887721.572216,1363847.783203,0.163265,0.836735,353 384 402 426 482
nsga2,508_e-04,28,9,2400,48,9887721.572216,1363847.783203,0.183673,0.816327,353 384 402 426 482
nsga2,508_e-04,28,10,2400,48,9879178.679978,1361817.460938,0.204082,0.795918,381 385 423 428 482
nsga2,508_e-04,28,11,2400,48,9877531.592326,1361015.667969,0.224490,0.775510,351 381 384 423 427
nsga2,508_e-04,28,12,2400,48,9872146.408547,1360919.794922,0.244898,0.755102,381 384 424 428 482
nsga2,508_e-04,28,13,2400,48,9868591.883469,1360449.777344,0.265306,0.734694,381 384 424 427 482
nsga2,508_e-04,28,14,2400,48,9866040.747976,1359932.113281,0.285714,0.714286,382 384 424 427 482
nsga2,508_e-04,28,15,2400,48,9863642.232235,1359413.066406,0.306122,0.693878,382 384 425 427 482
nsga2,508_e-04,28,16,2400,48,9863642.232235,1359413.066406,0.326531,0.673469,382 384 425 427 482
nsga2,508_e-04,28,17,2400,48,9862077.682557,1358837.986328,0.346939,0.653061,382 384 425 426 482
nsga2,508_e-04,28,18,2400,48,9862077.682557,1358837.986328,0.367347,0.632653,382 384 425 426 482
nsga2,508_e-04,28,19,2400,48,9862077.682557,1358837.986328,0.387755,0.612245,382 384 425 426 482
nsga2,508_e-04,28,20,2400,48,9860723.550829,1354526.419922,0.408163,0.591837,384 401 426 427 482
nsga2,508_e-04,28,21,2400,48,9859098.838680,1353839.201172,0.428571,0.571429,384 402 426 427 482
nsga2,508_e-04,28,22,2400,48,9857226.195160,1352673.123047,0.448980,0.551020,383 384 402 426 482
nsga2,508_e-04,28,23,2400,48,9854231.470077,1351493.732422,0.469388,0.530612,381 385 423 425 428
nsga2,508_e-04,28,24,2400,48,9854231.470077,1351493.732422,0.489796,0.510204,381 385 423 425 428
nsga2,508_e-04,28,25,2400,48,9851527.746521,1351022.482422,0.510204,0.489796,381 384 423 425 428
nsga2,508_e-04,28,26,2400,48,9851527.746521,1351022.482422,0.530612,0.469388,381 384 423 425 428
nsga2,508_e-04,28,27,2400,48,9848976.611029,1350504.818359,0.551020,0.448980,382 384 423 425 428
nsga2,508_e-04,28,28,2400,48,9848976.611029,1350504.818359,0.571429,0.428571,382 384 423 425 428
nsga2,508_e-04,28,29,2400,48,9847546.190431,1350042.857422,0.591837,0.408163,381 384 423 426 427
nsga2,508_e-04,28,30,2400,48,9845422.085950,1349737.654297,0.612245,0.387755,382 384 423 425 427
nsga2,508_e-04,28,31,2400,48,9842909.548714,1349355.988281,0.632653,0.367347,381 383 384 424 427
nsga2,508_e-04,28,32,2400,48,9842909.548714,1349355.988281,0.653061,0.346939,381 383 384 424 427
nsga2,508_e-04,28,33,2400,48,9842909.548714,1349355.988281,0.673469,0.326531,381 383 384 424 427
nsga2,508_e-04,28,34,2400,48,9841093.538074,1349051.724609,0.693878,0.306122,382 384 424 425 427
nsga2,508_e-04,28,35,2400,48,9840270.455397,1348478.154297,0.714286,0.285714,383 384 424 425 427
nsga2,508_e-04,28,36,2400,48,9840270.455397,1348478.154297,0.734694,0.265306,383 384 424 425 427
nsga2,508_e-04,28,37,2400,48,9837444.908645,1347590.919922,0.755102,0.244898,383 384 425 426 427
nsga2,508_e-04,28,38,2400,48,9837444.908645,1347590.919922,0.775510,0.224490,383 384 425 426 427
nsga2,508_e-04,28,39,2400,48,9837444.908645,1347590.919922,0.795918,0.204082,383 384 425 426 427
nsga2,508_e-04,28,40,2400,48,9835468.247087,1344989.832031,0.816327,0.183673,383 384 401 425 427
nsga2,508_e-04,28,41,2400,48,9835468.247087,1344989.832031,0.836735,0.163265,383 384 401 425 427
nsga2,508_e-04,28,42,2400,48,9835468.247087,1344989.832031,0.857143,0.142857,383 384 401 425 427
nsga2,508_e-04,28,43,2400,48,9834666.617614,1343738.027344,0.877551,0.122449,382 384 402 425 427
nsga2,508_e-04,28,44,2400,48,9833102.067936,1342946.597656,0.897959,0.102041,382 384 402 425 426
nsga2,508_e-04,28,45,2400,48,9833102.067936,1342946.597656,0.918367,0.081633,382 384 402 425 426
nsga2,508_e-04,28,46,2400,48,9832174.967220,1340332.027344,0.938776,0.061224,384 401 402 425 427
nsga2,508_e-04,28,47,2400,48,9831125.406378,1338147.791016,0.959184,0.040816,382 384 401 402 425
nsga2,508_e-04,28,48,2400,48,9831125.406378,1338147.791016,0.979592,0.020408,382 384 401 402 425
nsga2,508_e-04,28,49,2400,48,9830692.887687,1332716.023438,1.000000,0.000000,382 402 403 425 427
nsga2,508_e-04,28,0,2450,49,11326077.799833,1375069.998047,0.000000,1.000000,386 4756 5483 5655 5869
nsga2,508_e-04,28,1,2450,49,9961615.128617,1374690.701172,0.020408,0.979592,352 383 426 482 553
nsga2,508_e-04,28,2,2450,49,9961615.128617,1374690.701172,0.040816,0.959184,352 383 426 482 553
nsga2,508_e-04,28,3,2450,49,9923685.428622,1369234.177734,0.061224,0.938776,351 384 420 427 482
nsga2,508_e-04,28,4,2450,49,9904262.160041,1368449.205078,0.081633,0.918367,351 379 384 426 482
nsga2,508_e-04,28,5,2450,49,9894905.204449,1367597.560547,0.102041,0.897959,352 384 424 427 482
nsga2,508_e-04,28,6,2450,49,9890007.268715,1366502.068359,0.122449,0.877551,352 383 425 426 482
nsga2,508_e-04,28,7,2450,49,9890007.268715,1366502.068359,0.142857,0.857143,352 383 425 426 482
nsga2,508_e-04,28,8,2450,49,9887519.690896,1363845.386719,0.163265,0.836735,351 384 402 426 482
nsga2,508_e-04,28,9,2450,49,9887519.690896,1363845.386719,0.183673,0.816327,351 384 402 426 482
nsga2,508_e-04,28,10,2450,49,9879178.679978,1361817.460938,0.204082,0.795918,381 385 423 428 482
nsga2,508_e-04,28,11,2450,49,9877531.592326,1361015.667969,0.224490,0.775510,351 381 384 423 427
nsga2,508_e-04,28,12,2450,49,9872146.408547,1360919.794922,0.244898,0.755102,381 384 424 428 482
nsga2,508_e-04,28,13,2450,49,9868591.883469,1360449.777344,0.265306,0.734694,381 384 424 427 482
nsga2,508_e-04,28,14,2450,49,9866040.747976,1359932.113281,0.285714,0.714286,382 384 424 427 482
nsga2,508_e-04,28,15,2450,49,9863642.232235,1359413.066406,0.306122,0.693878,382 384 425 427 482
nsga2,508_e-04,28,16,2450,49,9863642.232235,1359413.066406,0.326531,0.673469,382 384 425 427 482
nsga2,508_e-04,28,17,2450,49,9862077.682557,1358837.986328,0.346939,0.653061,382 384 425 426 482
nsga2,508_e-04,28,18,2450,49,9862077.682557,1358837.986328,0.367347,0.632653,382 384 425 426 482
nsga2,508_e-04,28,19,2450,49,9862077.682557,1358837.986328,0.387755,0.612245,382 384 425 426 482
nsga2,508_e-04,28,20,2450,49,9860723.550829,1354526.419922,0.408163,0.591837,384 401 426 427 482
nsga2,508_e-04,28,21,2450,49,9859098.838680,1353839.201172,0.428571,0.571429,384 402 426 427 482
nsga2,508_e-04,28,22,2450,49,9857226.195160,1352673.123047,0.448980,0.551020,383 384 402 426 482
nsga2,508_e-04,28,23,2450,49,9854231.470077,1351493.732422,0.469388,0.530612,381 385 423 425 428
nsga2,508_e-04,28,24,2450,49,9854231.470077,1351493.732422,0.489796,0.510204,381 385 423 425 428
nsga2,508_e-04,28,25,2450,49,9851527.746521,1351022.482422,0.510204,0.489796,381 384 423 425 428
nsga2,508_e-04,28,26,2450,49,9851527.746521,1351022.482422,0.530612,0.469388,381 384 423 425 428
nsga2,508_e-04,28,27,2450,49,9848976.611029,1350504.818359,0.551020,0.448980,382 384 423 425 428
nsga2,508_e-04,28,28,2450,49,9848976.611029,1350504.818359,0.571429,0.428571,382 384 423 425 428
nsga2,508_e-04,28,29,2450,49,9847546.190431,1350042.857422,0.591837,0.408163,381 384 423 426 427
nsga2,508_e-04,28,30,2450,49,9845422.085950,1349737.654297,0.612245,0.387755,382 384 423 425 427
nsga2,508_e-04,28,31,2450,49,9842909.548714,1349355.988281,0.632653,0.367347,381 383 384 424 427
nsga2,508_e-04,28,32,2450,49,9842909.548714,1349355.988281,0.653061,0.346939,381 383 384 424 427
nsga2,508_e-04,28,33,2450,49,9842909.548714,1349355.988281,0.673469,0.326531,381 383 384 424 427
nsga2,508_e-04,28,34,2450,49,9841093.538074,1349051.724609,0.693878,0.306122,382 384 424 425 427
nsga2,508_e-04,28,35,2450,49,9840270.455397,1348478.154297,0.714286,0.285714,383 384 424 425 427
nsga2,508_e-04,28,36,2450,49,9838267.991322,1348164.490234,0.734694,0.265306,382 384 425 426 427
nsga2,508_e-04,28,37,2450,49,9838267.991322,1348164.490234,0.755102,0.244898,382 384 425 426 427
nsga2,508_e-04,28,38,2450,49,9838267.991322,1348164.490234,0.775510,0.224490,382 384 425 426 427
nsga2,508_e-04,28,39,2450,49,9837444.908645,1347590.919922,0.795918,0.204082,383 384 425 426 427
nsga2,508_e-04,28,40,2450,49,9835468.247087,1344989.832031,0.816327,0.183673,383 384 401 425 427
nsga2,508_e-04,28,41,2450,49,9835468.247087,1344989.832031,0.836735,0.163265,383 384 401 425 427
nsga2,508_e-04,28,42,2450,49,9835468.247087,1344989.832031,0.857143,0.142857,383 384 401 425 427
nsga2,508_e-04,28,43,2450,49,9834666.617614,1343738.027344,0.877551,0.122449,382 384 402 425 427
nsga2,508_e-04,28,44,2450,49,9833102.067936,1342946.597656,0.897959,0.102041,382 384 402 425 426
nsga2,508_e-04,28,45,2450,49,9833102.067936,1342946.597656,0.918367,0.081633,382 384 402 425 426
nsga2,508_e-04,28,46,2450,49,9832174.967220,1340332.027344,0.938776,0.061224,384 401 402 425 427
nsga2,508_e-04,28,47,2450,49,9831125.406378,1338147.791016,0.959184,0.040816,382 384 401 402 425
nsga2,508_e-04,28,48,2450,49,9831125.406378,1338147.791016,0.979592,0.020408,382 384 401 402 425
nsga2,508_e-04,28,49,2450,49,9830692.887687,1332716.023438,1.000000,0.000000,382 402 403 425 427
nsga2,508_e-04,28,0,2500,50,11326077.799833,1375069.998047,0.000000,1.000000,386 4756 5483 5655 5869
nsga2,508_e-04,28,1,2500,50,9961615.128617,1374690.701172,0.020408,0.979592,352 383 426 482 553
nsga2,508_e-04,28,2,2500,50,9961615.128617,1374690.701172,0.040816,0.959184,352 383 426 482 553
nsga2,508_e-04,28,3,2500,50,9923685.428622,1369234.177734,0.061224,0.938776,351 384 420 427 482
nsga2,508_e-04,28,4,2500,50,9904262.160041,1368449.205078,0.081633,0.918367,351 379 384 426 482
nsga2,508_e-04,28,5,2500,50,9897951.246656,1367600.376953,0.102041,0.897959,354 384 424 427 482
nsga2,508_e-04,28,6,2500,50,9890007.268715,1366502.068359,0.122449,0.877551,352 383 425 426 482
nsga2,508_e-04,28,7,2500,50,9890007.268715,1366502.068359,0.142857,0.857143,352 383 425 426 482
nsga2,508_e-04,28,8,2500,50,9887519.690896,1363845.386719,0.163265,0.836735,351 384 402 426 482
nsga2,508_e-04,28,9,2500,50,9887519.690896,1363845.386719,0.183673,0.816327,351 384 402 426 482
nsga2,508_e-04,28,10,2500,50,9879178.679978,1361817.460938,0.204082,0.795918,381 385 423 428 482
nsga2,508_e-04,28,11,2500,50,9877531.592326,1361015.667969,0.224490,0.775510,351 381 384 423 427
nsga2,508_e-04,28,12,2500,50,9872146.408547,1360919.794922,0.244898,0.755102,381 384 424 428 482
nsga2,508_e-04,28,13,2500,50,9868591.883469,1360449.777344,0.265306,0.734694,381 384 424 427 482
nsga2,508_e-04,28,14,2500,50,9866040.747976,1359932.113281,0.285714,0.714286,382 384 424 427 482
nsga2,508_e-04,28,15,2500,50,9863642.232235,1359413.066406,0.306122,0.693878,382 384 425 427 482
nsga2,508_e-04,28,16,2500,50,9863642.232235,1359413.066406,0.326531,0.673469,382 384 425 427 482
nsga2,508_e-04,28,17,2500,50,9862077.682557,1358837.986328,0.346939,0.653061,382 384 425 426 482
nsga2,508_e-04,28,18,2500,50,9862077.682557,1358837.986328,0.367347,0.632653,382 384 425 426 482
nsga2,508_e-04,28,19,2500,50,9862077.682557,1358837.986328,0.387755,0.612245,382 384 425 426 482
nsga2,508_e-04,28,20,2500,50,9861150.581841,1354860.794922,0.408163,0.591837,384 401 425 427 482
nsga2,508_e-04,28,21,2500,50,9859098.838680,1353839.201172,0.428571,0.571429,384 402 426 427 482
nsga2,508_e-04,28,22,2500,50,9858049.277837,1353200.099609,0.448980,0.551020,382 384 402 426 482
nsga2,508_e-04,28,23,2500,50,9854231.470077,1351493.732422,0.469388,0.530612,381 385 423 425 428
nsga2,508_e-04,28,24,2500,50,9854231.470077,1351493.732422,0.489796,0.510204,381 385 423 425 428
nsga2,508_e-04,28,25,2500,50,9851527.746521,1351022.482422,0.510204,0.489796,381 384 423 425 428
nsga2,508_e-04,28,26,2500,50,9851527.746521,1351022.482422,0.530612,0.469388,381 384 423 425 428
nsga2,508_e-04,28,27,2500,50,9848976.611029,1350504.818359,0.551020,0.448980,382 384 423 425 428
nsga2,508_e-04,28,28,2500,50,9848976.611029,1350504.818359,0.571429,0.428571,382 384 423 425 428
nsga2,508_e-04,28,29,2500,50,9847546.190431,1350042.857422,0.591837,0.408163,381 384 423 426 427
nsga2,508_e-04,28,30,2500,50,9845422.085950,1349737.654297,0.612245,0.387755,382 384 423 425 427
nsga2,508_e-04,28,31,2500,50,9843997.007092,1349359.431641,0.632653,0.367347,382 384 385 424 427
nsga2,508_e-04,28,32,2500,50,9843997.007092,1349359.431641,0.653061,0.346939,382 384 385 424 427
nsga2,508_e-04,28,33,2500,50,9842909.548714,1349355.988281,0.673469,0.326531,381 383 384 424 427
nsga2,508_e-04,28,34,2500,50,9841093.538074,1349051.724609,0.693878,0.306122,382 384 424 425 427
nsga2,508_e-04,28,35,2500,50,9840270.455397,1348478.154297,0.714286,0.285714,383 384 424 425 427
nsga2,508_e-04,28,36,2500,50,9838267.991322,1348164.490234,0.734694,0.265306,382 384 425 426 427
nsga2,508_e-04,28,37,2500,50,9838267.991322,1348164.490234,0.755102,0.244898,382 384 425 426 427
nsga2,508_e-04,28,38,2500,50,9838267.991322,1348164.490234,0.775510,0.224490,382 384 425 426 427
nsga2,508_e-04,28,39,2500,50,9837444.908645,1347590.919922,0.795918,0.204082,383 384 425 426 427
nsga2,508_e-04,28,40,2500,50,9835468.247087,1344989.832031,0.816327,0.183673,383 384 401 425 427
nsga2,508_e-04,28,41,2500,50,9835468.247087,1344989.832031,0.836735,0.163265,383 384 401 425 427
nsga2,508_e-04,28,42,2500,50,9835468.247087,1344989.832031,0.857143,0.142857,383 384 401 425 427
nsga2,508_e-04,28,43,2500,50,9834666.617614,1343738.027344,0.877551,0.122449,382 384 402 425 427
nsga2,508_e-04,28,44,2500,50,9833102.067936,1342946.597656,0.897959,0.102041,382 384 402 425 426
nsga2,508_e-04,28,45,2500,50,9833102.067936,1342946.597656,0.918367,0.081633,382 384 402 425 426
nsga2,508_e-04,28,46,2500,50,9832174.967220,1340332.027344,0.938776,0.061224,384 401 402 425 427
nsga2,508_e-04,28,47,2500,50,9831125.406378,1338147.791016,0.959184,0.040816,382 384 401 402 425
nsga2,508_e-04,28,48,2500,50,9831125.406378,1338147.791016,0.979592,0.020408,382 384 401 402 425
nsga2,508_e-04,28,49,2500,50,9830692.887687,1332716.023438,1.000000,0.000000,382 402 403 425 427
nsga2,508_e-04,28,0,2550,51,11326077.799833,1375069.998047,0.000000,1.000000,386 4756 5483 5655 5869
nsga2,508_e-04,28,1,2550,51,9961615.128617,1374690.701172,0.020408,0.979592,352 383 426 482 553
nsga2,508_e-04,28,2,2550,51,9961615.128617,1374690.701172,0.040816,0.959184,352 383 426 482 553
nsga2,508_e-04,28,3,2550,51,9920580.052042,1368880.248047,0.061224,0.938776,352 383 420 426 482
nsga2,508_e-04,28,4,2550,51,9904262.160041,1368449.205078,0.081633,0.918367,351 379 384 426 482
nsga2,508_e-04,28,5,2550,51,9895552.730916,1367081.330078,0.102041,0.897959,354 384 425 427 482
nsga2,508_e-04,28,6,2550,51,9890007.268715,1366502.068359,0.122449,0.877551,352 383 425 426 482
nsga2,508_e-04,28,7,2550,51,9890007.268715,1366502.068359,0.142857,0.857143,352 383 425 426 482
nsga2,508_e-04,28,8,2550,51,9887519.690896,1363845.386719,0.163265,0.836735,351 384 402 426 482
nsga2,508_e-04,28,9,2550,51,9879178.679978,1361817.460938,0.183673,0.816327,381 385 423 428 482
nsga2,508_e-04,28,10,2550,51,9879178.679978,1361817.460938,0.204082,0.795918,381 385 423 428 482
nsga2,508_e-04,28,11,2550,51,9872146.408547,1360919.794922,0.224490,0.775510,381 384 424 428 482
nsga2,508_e-04,28,12,2550,51,9872146.408547,1360919.794922,0.244898,0.755102,381 384 424 428 482
nsga2,508_e-04,28,13,2550,51,9868591.883469,1360449.777344,0.265306,0.734694,381 384 424 427 482
nsga2,508_e-04,28,14,2550,51,9866040.747976,1359932.113281,0.285714,0.714286,382 384 424 427 482
nsga2,508_e-04,28,15,2550,51,9863642.232235,1359413.066406,0.306122,0.693878,382 384 425 427 482
nsga2,508_e-04,28,16,2550,51,9862077.682557,1358837.986328,0.326531,0.673469,382 384 425 426 482
nsga2,508_e-04,28,17,2550,51,9862077.682557,1358837.986328,0.346939,0.653061,382 384 425 426 482
nsga2,508_e-04,28,18,2550,51,9862077.682557,1358837.986328,0.367347,0.632653,382 384 425 426 482
nsga2,508_e-04,28,19,2550,51,9859525.869691,1354287.822266,0.387755,0.612245,384 402 425 427 482
nsga2,508_e-04,28,20,2550,51,9858049.277837,1353200.099609,0.408163,0.591837,382 384 402 426 482
nsga2,508_e-04,28,21,2550,51,9858049.277837,1353200.099609,0.428571,0.571429,382 384 402 426 482
nsga2,508_e-04,28,22,2550,51,9854231.470077,1351493.732422,0.448980,0.551020,381 385 423 425 428
nsga2,508_e-04,28,23,2550,51,9854231.470077,1351493.732422,0.469388,0.530612,381 385 423 425 428
nsga2,508_e-04,28,24,2550,51,9851527.746521,1351022.482422,0.489796,0.510204,381 384 423 425 428
nsga2,508_e-04,28,25,2550,51,9848976.611029,1350504.818359,0.510204,0.489796,382 384 423 425 428
nsga2,508_e-04,28,26,2550,51,9848976.611029,1350504.818359,0.530612,0.469388,382 384 423 425 428
nsga2,508_e-04,28,27,2550,51,9847546.190431,1350042.857422,0.551020,0.448980,381 384 423 426 427
nsga2,508_e-04,28,28,2550,51,9845422.085950,1349737.654297,0.571429,0.428571,382 384 423 425 427
nsga2,508_e-04,28,29,2550,51,9842909.548714,1349355.988281,0.591837,0.408163,381 383 384 424 427
nsga2,508_e-04,28,30,2550,51,9842909.548714,1349355.988281,0.612245,0.387755,381 383 384 424 427
nsga2,508_e-04,28,31,2550,51,9841093.538074,1349051.724609,0.632653,0.367347,382 384 424 425 427
nsga2,508_e-04,28,32,2550,51,9841093.538074,1349051.724609,0.653061,0.346939,382 384 424 425 427
nsga2,508_e-04,28,33,2550,51,9840270.455397,1348478.154297,0.673469,0.326531,383 384 424 425 427
nsga2,508_e-04,28,34,2550,51,9838267.991322,1348164.490234,0.693878,0.306122,382 384 425 426 427
nsga2,508_e-04,28,35,2550,51,9838267.991322,1348164.490234,0.714286,0.285714,382 384 425 426 427
nsga2,508_e-04,28,36,2550,51,9837444.908645,1347590.919922,0.734694,0.265306,383 384 425 426 427
nsga2,508_e-04,28,37,2550,51,9835468.247087,1344989.832031,0.755102,0.244898,383 384 401 425 427
nsga2,508_e-04,28,38,2550,51,9835468.247087,1344989.832031,0.775510,0.224490,383 384 401 425 427
nsga2,508_e-04,28,39,2550,51,9834666.617614,1343738.027344,0.795918,0.204082,382 384 402 425 427
nsga2,508_e-04,28,40,2550,51,9833102.067936,1342946.597656,0.816327,0.183673,382 384 402 425 426
nsga2,508_e-04,28,41,2550,51,9833102.067936,1342946.597656,0.836735,0.163265,382 384 402 425 426
nsga2,508_e-04,28,42,2550,51,9833102.067936,1342946.597656,0.857143,0.142857,382 384 402 425 426
nsga2,508_e-04,28,43,2550,51,9832174.967220,1340332.027344,0.877551,0.122449,384 401 402 425 427
nsga2,508_e-04,28,44,2550,51,9831125.406378,1338147.791016,0.897959,0.102041,382 384 401 402 425
nsga2,508_e-04,28,45,2550,51,9830804.675324,1333448.810547,0.918367,0.081633,384 402 403 425 427
nsga2,508_e-04,28,46,2550,51,9827351.421912,1328613.939453,0.938776,0.061224,382 384 401 402 403
nsga2,508_e-04,28,47,2550,51,9827351.421912,1328613.939453,0.959184,0.040816,382 384 401 402 403
nsga2,508_e-04,28,48,2550,51,9827351.421912,1328613.939453,0.979592,0.020408,382 384 401 402 403
nsga2,508_e-04,28,49,2550,51,9827351.421912,1328613.939453,1.000000,0.000000,382 384 401 402 403
nsga2,508_e-04,28,0,2600,52,11285668.311451,1375069.998047,0.000000,1.000000,386 4871 5483 5655 5869
nsga2,508_e-04,28,1,2600,52,9961615.128617,1374690.701172,0.020408,0.979592,352 383 426 482 553
nsga2,508_e-04,28,2,2600,52,9961615.128617,1374690.701172,0.040816,0.959184,352 383 426 482 553
nsga2,508_e-04,28,3,2600,52,9920580.052042,1368880.248047,0.061224,0.938776,352 383 420 426 482
nsga2,508_e-04,28,4,2600,52,9904262.160041,1368449.205078,0.081633,0.918367,351 379 384 426 482
nsga2,508_e-04,28,5,2600,52,9895552.730916,1367081.330078,0.102041,0.897959,354 384 425 427 482
nsga2,508_e-04,28,6,2600,52,9890007.268715,1366502.068359,0.122449,0.877551,352 383 425 426 482
nsga2,508_e-04,28,7,2600,52,9890007.268715,1366502.068359,0.142857,0.857143,352 383 425 426 482
nsga2,508_e-04,28,8,2600,52,9887519.690896,1363845.386719,0.163265,0.836735,351 384 402 426 482
nsga2,508_e-04,28,9,2600,52,9879178.679978,1361817.460938,0.183673,0.816327,381 385 423 428 482
nsga2,508_e-04,28,10,2600,52,9879178.679978,1361817.460938,0.204082,0.795918,381 385 423 428 482
nsga2,508_e-04,28,11,2600,52,9872146.408547,1360919.794922,0.224490,0.775510,381 384 424 428 482
nsga2,508_e-04,28,12,2600,52,9872146.408547,1360919.794922,0.244898,0.755102,381 384 424 428 482
nsga2,508_e-04,28,13,2600,52,9868591.883469,1360449.777344,0.265306,0.734694,381 384 424 427 482
nsga2,508_e-04,28,14,2600,52,9866040.747976,1359932.113281,0.285714,0.714286,382 384 424 427 482
nsga2,508_e-04,28,15,2600,52,9863642.232235,1359413.066406,0.306122,0.693878,382 384 425 427 482
nsga2,508_e-04,28,16,2600,52,9862077.682557,1358837.986328,0.326531,0.673469,382 384 425 426 482
nsga2,508_e-04,28,17,2600,52,9862077.682557,1358837.986328,0.346939,0.653061,382 384 425 426 482
nsga2,508_e-04,28,18,2600,52,9862077.682557,1358837.986328,0.367347,0.632653,382 384 425 426 482
nsga2,508_e-04,28,19,2600,52,9859525.869691,1354287.822266,0.387755,0.612245,384 402 425 427 482
nsga2,508_e-04,28,20,2600,52,9858049.277837,1353200.099609,0.408163,0.591837,382 384 402 426 482
nsga2,508_e-04,28,21,2600,52,9858049.277837,1353200.099609,0.428571,0.571429,382 384 402 426 482
nsga2,508_e-04,28,22,2600,52,9854231.470077,1351493.732422,0.448980,0.551020,381 385 423 425 428
nsga2,508_e-04,28,23,2600,52,9854231.470077,1351493.732422,0.469388,0.530612,381 385 423 425 428
nsga2,508_e-04,28,24,2600,52,9851527.746521,1351022.482422,0.489796,0.510204,381 384 423 425 428
nsga2,508_e-04,28,25,2600,52,9848976.611029,1350504.818359,0.510204,0.489796,382 384 423 425 428
nsga2,508_e-04,28,26,2600,52,9848976.611029,1350504.818359,0.530612,0.469388,382 384 423 425 428
nsga2,508_e-04,28,27,2600,52,9847546.190431,1350042.857422,0.551020,0.448980,381 384 423 426 427
nsga2,508_e-04,28,28,2600,52,9845422.085950,1349737.654297,0.571429,0.428571,382 384 423 425 427
nsga2,508_e-04,28,29,2600,52,9842909.548714,1349355.988281,0.591837,0.408163,381 383 384 424 427
nsga2,508_e-04,28,30,2600,52,9842909.548714,1349355.988281,0.612245,0.387755,381 383 384 424 427
nsga2,508_e-04,28,31,2600,52,9841093.538074,1349051.724609,0.632653,0.367347,382 384 424 425 427
nsga2,508_e-04,28,32,2600,52,9841093.538074,1349051.724609,0.653061,0.346939,382 384 424 425 427
nsga2,508_e-04,28,33,2600,52,9840270.455397,1348478.154297,0.673469,0.326531,383 384 424 425 427
nsga2,508_e-04,28,34,2600,52,9838267.991322,1348164.490234,0.693878,0.306122,382 384 425 426 427
nsga2,508_e-04,28,35,2600,52,9838267.991322,1348164.490234,0.714286,0.285714,382 384 425 426 427
nsga2,508_e-04,28,36,2600,52,9837444.908645,1347590.919922,0.734694,0.265306,383 384 425 426 427
nsga2,508_e-04,28,37,2600,52,9835468.247087,1344989.832031,0.755102,0.244898,383 384 401 425 427
nsga2,508_e-04,28,38,2600,52,9835468.247087,1344989.832031,0.775510,0.224490,383 384 401 425 427
nsga2,508_e-04,28,39,2600,52,9834666.617614,1343738.027344,0.795918,0.204082,382 384 402 425 427
nsga2,508_e-04,28,40,2600,52,9833102.067936,1342946.597656,0.816327,0.183673,382 384 402 425 426
nsga2,508_e-04,28,41,2600,52,9833102.067936,1342946.597656,0.836735,0.163265,382 384 402 425 426
nsga2,508_e-04,28,42,2600,52,9833102.067936,1342946.597656,0.857143,0.142857,382 384 402 425 426
nsga2,508_e-04,28,43,2600,52,9832174.967220,1340332.027344,0.877551,0.122449,384 401 402 425 427
nsga2,508_e-04,28,44,2600,52,9831125.406378,1338147.791016,0.897959,0.102041,382 384 401 402 425
nsga2,508_e-04,28,45,2600,52,9830804.675324,1333448.810547,0.918367,0.081633,384 402 403 425 427
nsga2,508_e-04,28,46,2600,52,9827351.421912,1328613.939453,0.938776,0.061224,382 384 401 402 403
nsga2,508_e-04,28,47,2600,52,9827351.421912,1328613.939453,0.959184,0.040816,382 384 401 402 403
nsga2,508_e-04,28,48,2600,52,9827351.421912,1328613.939453,0.979592,0.020408,382 384 401 402 403
nsga2,508_e-04,28,49,2600,52,9827351.421912,1328613.939453,1.000000,0.000000,382 384 401 402 403
nsga2,508_e-04,28,0,2650,53,11285668.311451,1375069.998047,0.000000,1.000000,386 4871 5483 5655 5869
nsga2,508_e-04,28,1,2650,53,9961615.128617,1374690.701172,0.020408,0.979592,352 383 426 482 553
nsga2,508_e-04,28,2,2650,53,9961615.128617,1374690.701172,0.040816,0.959184,352 383 426 482 553
nsga2,508_e-04,28,3,2650,53,9920580.052042,1368880.248047,0.061224,0.938776,352 383 420 426 482
nsga2,508_e-04,28,4,2650,53,9904262.160041,1368449.205078,0.081633,0.918367,351 379 384 426 482
nsga2,508_e-04,28,5,2650,53,9895552.730916,1367081.330078,0.102041,0.897959,354 384 425 427 482
nsga2,508_e-04,28,6,2650,53,9890007.268715,1366502.068359,0.122449,0.877551,352 383 425 426 482
nsga2,508_e-04,28,7,2650,53,9890007.268715,1366502.068359,0.142857,0.857143,352 383 425 426 482
nsga2,508_e-04,28,8,2650,53,9887519.690896,1363845.386719,0.163265,0.836735,351 384 402 426 482
nsga2,508_e-04,28,9,2650,53,9879178.679978,1361817.460938,0.183673,0.816327,381 385 423 428 482
nsga2,508_e-04,28,10,2650,53,9879178.679978,1361817.460938,0.204082,0.795918,381 385 423 428 482
nsga2,508_e-04,28,11,2650,53,9872146.408547,1360919.794922,0.224490,0.775510,381 384 424 428 482
nsga2,508_e-04,28,12,2650,53,9872146.408547,1360919.794922,0.244898,0.755102,381 384 424 428 482
nsga2,508_e-04,28,13,2650,53,9868591.883469,1360449.777344,0.265306,0.734694,381 384 424 427 482
nsga2,508_e-04,28,14,2650,53,9866040.747976,1359932.113281,0.285714,0.714286,382 384 424 427 482
nsga2,508_e-04,28,15,2650,53,9863642.232235,1359413.066406,0.306122,0.693878,382 384 425 427 482
nsga2,508_e-04,28,16,2650,53,9862077.682557,1358837.986328,0.326531,0.673469,382 384 425 426 482
nsga2,508_e-04,28,17,2650,53,9862077.682557,1358837.986328,0.346939,0.653061,382 384 425 426 482
nsga2,508_e-04,28,18,2650,53,9862077.682557,1358837.986328,0.367347,0.632653,382 384 425 426 482
nsga2,508_e-04,28,19,2650,53,9859525.869691,1354287.822266,0.387755,0.612245,384 402 425 427 482
nsga2,508_e-04,28,20,2650,53,9858049.277837,1353200.099609,0.408163,0.591837,382 384 402 426 482
nsga2,508_e-04,28,21,2650,53,9858049.277837,1353200.099609,0.428571,0.571429,382 384 402 426 482
nsga2,508_e-04,28,22,2650,53,9854231.470077,1351493.732422,0.448980,0.551020,381 385 423 425 428
nsga2,508_e-04,28,23,2650,53,9854231.470077,1351493.732422,0.469388,0.530612,381 385 423 425 428
nsga2,508_e-04,28,24,2650,53,9851527.746521,1351022.482422,0.489796,0.510204,381 384 423 425 428
nsga2,508_e-04,28,25,2650,53,9848976.611029,1350504.818359,0.510204,0.489796,382 384 423 425 428
nsga2,508_e-04,28,26,2650,53,9848976.611029,1350504.818359,0.530612,0.469388,382 384 423 425 428
nsga2,508_e-04,28,27,2650,53,9847546.190431,1350042.857422,0.551020,0.448980,381 384 423 426 427
nsga2,508_e-04,28,28,2650,53,9845422.085950,1349737.654297,0.571429,0.428571,382 384 423 425 427
nsga2,508_e-04,28,29,2650,53,9842909.548714,1349355.988281,0.591837,0.408163,381 383 384 424 427
nsga2,508_e-04,28,30,2650,53,9842909.548714,1349355.988281,0.612245,0.387755,381 383 384 424 427
nsga2,508_e-04,28,31,2650,53,9841093.538074,1349051.724609,0.632653,0.367347,382 384 424 425 427
nsga2,508_e-04,28,32,2650,53,9841093.538074,1349051.724609,0.653061,0.346939,382 384 424 425 427
nsga2,508_e-04,28,33,2650,53,9840270.455397,1348478.154297,0.673469,0.326531,383 384 424 425 427
nsga2,508_e-04,28,34,2650,53,9838267.991322,1348164.490234,0.693878,0.306122,382 384 425 426 427
nsga2,508_e-04,28,35,2650,53,9838267.991322,1348164.490234,0.714286,0.285714,382 384 425 426 427
nsga2,508_e-04,28,36,2650,53,9837444.908645,1347590.919922,0.734694,0.265306,383 384 425 426 427
nsga2,508_e-04,28,37,2650,53,9835468.247087,1344989.832031,0.755102,0.244898,383 384 401 425 427
nsga2,508_e-04,28,38,2650,53,9835468.247087,1344989.832031,0.775510,0.224490,383 384 401 425 427
nsga2,508_e-04,28,39,2650,53,9834666.617614,1343738.027344,0.795918,0.204082,382 384 402 425 427
nsga2,508_e-04,28,40,2650,53,9833102.067936,1342946.597656,0.816327,0.183673,382 384 402 425 426
nsga2,508_e-04,28,41,2650,53,9833102.067936,1342946.597656,0.836735,0.163265,382 384 402 425 426
nsga2,508_e-04,28,42,2650,53,9833102.067936,1342946.597656,0.857143,0.142857,382 384 402 425 426
nsga2,508_e-04,28,43,2650,53,9832174.967220,1340332.027344,0.877551,0.122449,384 401 402 425 427
nsga2,508_e-04,28,44,2650,53,9831125.406378,1338147.791016,0.897959,0.102041,382 384 401 402 425
nsga2,508_e-04,28,45,2650,53,9830804.675324,1333448.810547,0.918367,0.081633,384 402 403 425 427
nsga2,508_e-04,28,46,2650,53,9827351.421912,1328613.939453,0.938776,0.061224,382 384 401 402 403
nsga2,508_e-04,28,47,2650,53,9827351.421912,1328613.939453,0.959184,0.040816,382 384 401 402 403
nsga2,508_e-04,28,48,2650,53,9827351.421912,1328613.939453,0.979592,0.020408,382 384 401 402 403
nsga2,508_e-04,28,49,2650,53,9827351.421912,1328613.939453,1.000000,0.000000,382 384 401 402 403
nsga2,508_e-04,28,0,2700,54,11285668.311451,1375069.998047,0.000000,1.000000,386 4871 5483 5655 5869
nsga2,508_e-04,28,1,2700,54,9961615.128617,1374690.701172,0.020408,0.979592,352 383 426 482 553
nsga2,508_e-04,28,2,2700,54,9961615.128617,1374690.701172,0.040816,0.959184,352 383 426 482 553
nsga2,508_e-04,28,3,2700,54,9920580.052042,1368880.248047,0.061224,0.938776,352 383 420 426 482
nsga2,508_e-04,28,4,2700,54,9904262.160041,1368449.205078,0.081633,0.918367,351 379 384 426 482
nsga2,508_e-04,28,5,2700,54,9894905.204449,1367597.560547,0.102041,0.897959,352 384 424 427 482
nsga2,508_e-04,28,6,2700,54,9890007.268715,1366502.068359,0.122449,0.877551,352 383 425 426 482
nsga2,508_e-04,28,7,2700,54,9890007.268715,1366502.068359,0.142857,0.857143,352 383 425 426 482
nsga2,508_e-04,28,8,2700,54,9887519.690896,1363845.386719,0.163265,0.836735,351 384 402 426 482
nsga2,508_e-04,28,9,2700,54,9879178.679978,1361817.460938,0.183673,0.816327,381 385 423 428 482
nsga2,508_e-04,28,10,2700,54,9879178.679978,1361817.460938,0.204082,0.795918,381 385 423 428 482
nsga2,508_e-04,28,11,2700,54,9872146.408547,1360919.794922,0.224490,0.775510,381 384 424 428 482
nsga2,508_e-04,28,12,2700,54,9872146.408547,1360919.794922,0.244898,0.755102,381 384 424 428 482
nsga2,508_e-04,28,13,2700,54,9868591.883469,1360449.777344,0.265306,0.734694,381 384 424 427 482
nsga2,508_e-04,28,14,2700,54,9866040.747976,1359932.113281,0.285714,0.714286,382 384 424 427 482
nsga2,508_e-04,28,15,2700,54,9863642.232235,1359413.066406,0.306122,0.693878,382 384 425 427 482
nsga2,508_e-04,28,16,2700,54,9862077.682557,1358837.986328,0.326531,0.673469,382 384 425 426 482
nsga2,508_e-04,28,17,2700,54,9862077.682557,1358837.986328,0.346939,0.653061,382 384 425 426 482
nsga2,508_e-04,28,18,2700,54,9862077.682557,1358837.986328,0.367347,0.632653,382 384 425 426 482
nsga2,508_e-04,28,19,2700,54,9859525.869691,1354287.822266,0.387755,0.612245,384 402 425 427 482
nsga2,508_e-04,28,20,2700,54,9858049.277837,1353200.099609,0.408163,0.591837,382 384 402 426 482
nsga2,508_e-04,28,21,2700,54,9858049.277837,1353200.099609,0.428571,0.571429,382 384 402 426 482
nsga2,508_e-04,28,22,2700,54,9854231.470077,1351493.732422,0.448980,0.551020,381 385 423 425 428
nsga2,508_e-04,28,23,2700,54,9853804.439065,1351351.314453,0.469388,0.530612,381 385 423 426 428
nsga2,508_e-04,28,24,2700,54,9851527.746521,1351022.482422,0.489796,0.510204,381 384 423 425 428
nsga2,508_e-04,28,25,2700,54,9848976.611029,1350504.818359,0.510204,0.489796,382 384 423 425 428
nsga2,508_e-04,28,26,2700,54,9848976.611029,1350504.818359,0.530612,0.469388,382 384 423 425 428
nsga2,508_e-04,28,27,2700,54,9847546.190431,1350042.857422,0.551020,0.448980,381 384 423 426 427
nsga2,508_e-04,28,28,2700,54,9845422.085950,1349737.654297,0.571429,0.428571,382 384 423 425 427
nsga2,508_e-04,28,29,2700,54,9842909.548714,1349355.988281,0.591837,0.408163,381 383 384 424 427
nsga2,508_e-04,28,30,2700,54,9842909.548714,1349355.988281,0.612245,0.387755,381 383 384 424 427
nsga2,508_e-04,28,31,2700,54,9841093.538074,1349051.724609,0.632653,0.367347,382 384 424 425 427
nsga2,508_e-04,28,32,2700,54,9841093.538074,1349051.724609,0.653061,0.346939,382 384 424 425 427
nsga2,508_e-04,28,33,2700,54,9840270.455397,1348478.154297,0.673469,0.326531,383 384 424 425 427
nsga2,508_e-04,28,34,2700,54,9838267.991322,1348164.490234,0.693878,0.306122,382 384 425 426 427
nsga2,508_e-04,28,35,2700,54,9838267.991322,1348164.490234,0.714286,0.285714,382 384 425 426 427
nsga2,508_e-04,28,36,2700,54,9837444.908645,1347590.919922,0.734694,0.265306,383 384 425 426 427
nsga2,508_e-04,28,37,2700,54,9835468.247087,1344989.832031,0.755102,0.244898,383 384 401 425 427
nsga2,508_e-04,28,38,2700,54,9835468.247087,1344989.832031,0.775510,0.224490,383 384 401 425 427
nsga2,508_e-04,28,39,2700,54,9834666.617614,1343738.027344,0.795918,0.204082,382 384 402 425 427
nsga2,508_e-04,28,40,2700,54,9833102.067936,1342946.597656,0.816327,0.183673,382 384 402 425 426
nsga2,508_e-04,28,41,2700,54,9833102.067936,1342946.597656,0.836735,0.163265,382 384 402 425 426
nsga2,508_e-04,28,42,2700,54,9833102.067936,1342946.597656,0.857143,0.142857,382 384 402 425 426
nsga2,508_e-04,28,43,2700,54,9832174.967220,1340332.027344,0.877551,0.122449,384 401 402 425 427
nsga2,508_e-04,28,44,2700,54,9831439.842367,1339014.662109,0.897959,0.102041,383 384 401 402 427
nsga2,508_e-04,28,45,2700,54,9830804.675324,1333448.810547,0.918367,0.081633,384 402 403 425 427
nsga2,508_e-04,28,46,2700,54,9827351.421912,1328613.939453,0.938776,0.061224,382 384 401 402 403
nsga2,508_e-04,28,47,2700,54,9827351.421912,1328613.939453,0.959184,0.040816,382 384 401 402 403
nsga2,508_e-04,28,48,2700,54,9827351.421912,1328613.939453,0.979592,0.020408,382 384 401 402 403
nsga2,508_e-04,28,49,2700,54,9827351.421912,1328613.939453,1.000000,0.000000,382 384 401 402 403
nsga2,508_e-04,28,0,2750,55,11285668.311451,1375069.998047,0.000000,1.000000,386 4871 5483 5655 5869
nsga2,508_e-04,28,1,2750,55,9961615.128617,1374690.701172,0.020408,0.979592,352 383 426 482 553
nsga2,508_e-04,28,2,2750,55,9961615.128617,1374690.701172,0.040816,0.959184,352 383 426 482 553
nsga2,508_e-04,28,3,2750,55,9920580.052042,1368880.248047,0.061224,0.938776,352 383 420 426 482
nsga2,508_e-04,28,4,2750,55,9904262.160041,1368449.205078,0.081633,0.918367,351 379 384 426 482
nsga2,508_e-04,28,5,2750,55,9894905.204449,1367597.560547,0.102041,0.897959,352 384 424 427 482
nsga2,508_e-04,28,6,2750,55,9890007.268715,1366502.068359,0.122449,0.877551,352 383 425 426 482
nsga2,508_e-04,28,7,2750,55,9890007.268715,1366502.068359,0.142857,0.857143,352 383 425 426 482
nsga2,508_e-04,28,8,2750,55,9887519.690896,1363845.386719,0.163265,0.836735,351 384 402 426 482
nsga2,508_e-04,28,9,2750,55,9879178.679978,1361817.460938,0.183673,0.816327,381 385 423 428 482
nsga2,508_e-04,28,10,2750,55,9879178.679978,1361817.460938,0.204082,0.795918,381 385 423 428 482
nsga2,508_e-04,28,11,2750,55,9872146.408547,1360919.794922,0.224490,0.775510,381 384 424 428 482
nsga2,508_e-04,28,12,2750,55,9872146.408547,1360919.794922,0.244898,0.755102,381 384 424 428 482
nsga2,508_e-04,28,13,2750,55,9868591.883469,1360449.777344,0.265306,0.734694,381 384 424 427 482
nsga2,508_e-04,28,14,2750,55,9866040.747976,1359932.113281,0.285714,0.714286,382 384 424 427 482
nsga2,508_e-04,28,15,2750,55,9863642.232235,1359413.066406,0.306122,0.693878,382 384 425 427 482
nsga2,508_e-04,28,16,2750,55,9862077.682557,1358837.986328,0.326531,0.673469,382 384 425 426 482
nsga2,508_e-04,28,17,2750,55,9862077.682557,1358837.986328,0.346939,0.653061,382 384 425 426 482
nsga2,508_e-04,28,18,2750,55,9862077.682557,1358837.986328,0.367347,0.632653,382 384 425 426 482
nsga2,508_e-04,28,19,2750,55,9860723.550829,1354526.419922,0.387755,0.612245,384 401 426 427 482
nsga2,508_e-04,28,20,2750,55,9858049.277837,1353200.099609,0.408163,0.591837,382 384 402 426 482
nsga2,508_e-04,28,21,2750,55,9858049.277837,1353200.099609,0.428571,0.571429,382 384 402 426 482
nsga2,508_e-04,28,22,2750,55,9854231.470077,1351493.732422,0.448980,0.551020,381 385 423 425 428
nsga2,508_e-04,28,23,2750,55,9853804.439065,1351351.314453,0.469388,0.530612,381 385 423 426 428
nsga2,508_e-04,28,24,2750,55,9851527.746521,1351022.482422,0.489796,0.510204,381 384 423 425 428
nsga2,508_e-04,28,25,2750,55,9848976.611029,1350504.818359,0.510204,0.489796,382 384 423 425 428
nsga2,508_e-04,28,26,2750,55,9848976.611029,1350504.818359,0.530612,0.469388,382 384 423 425 428
nsga2,508_e-04,28,27,2750,55,9847546.190431,1350042.857422,0.551020,0.448980,381 384 423 426 427
nsga2,508_e-04,28,28,2750,55,9845422.085950,1349737.654297,0.571429,0.428571,382 384 423 425 427
nsga2,508_e-04,28,29,2750,55,9842909.548714,1349355.988281,0.591837,0.408163,381 383 384 424 427
nsga2,508_e-04,28,30,2750,55,9842909.548714,1349355.988281,0.612245,0.387755,381 383 384 424 427
nsga2,508_e-04,28,31,2750,55,9841093.538074,1349051.724609,0.632653,0.367347,382 384 424 425 427
nsga2,508_e-04,28,32,2750,55,9841093.538074,1349051.724609,0.653061,0.346939,382 384 424 425 427
nsga2,508_e-04,28,33,2750,55,9840270.455397,1348478.154297,0.673469,0.326531,383 384 424 425 427
nsga2,508_e-04,28,34,2750,55,9838267.991322,1348164.490234,0.693878,0.306122,382 384 425 426 427
nsga2,508_e-04,28,35,2750,55,9838267.991322,1348164.490234,0.714286,0.285714,382 384 425 426 427
nsga2,508_e-04,28,36,2750,55,9837444.908645,1347590.919922,0.734694,0.265306,383 384 425 426 427
nsga2,508_e-04,28,37,2750,55,9835468.247087,1344989.832031,0.755102,0.244898,383 384 401 425 427
nsga2,508_e-04,28,38,2750,55,9835468.247087,1344989.832031,0.775510,0.224490,383 384 401 425 427
nsga2,508_e-04,28,39,2750,55,9834666.617614,1343738.027344,0.795918,0.204082,382 384 402 425 427
nsga2,508_e-04,28,40,2750,55,9833102.067936,1342946.597656,0.816327,0.183673,382 384 402 425 426
nsga2,508_e-04,28,41,2750,55,9833102.067936,1342946.597656,0.836735,0.163265,382 384 402 425 426
nsga2,508_e-04,28,42,2750,55,9833102.067936,1342946.597656,0.857143,0.142857,382 384 402 425 426
nsga2,508_e-04,28,43,2750,55,9832174.967220,1340332.027344,0.877551,0.122449,384 401 402 425 427
nsga2,508_e-04,28,44,2750,55,9831439.842367,1339014.662109,0.897959,0.102041,383 384 401 402 427
nsga2,508_e-04,28,45,2750,55,9830804.675324,1333448.810547,0.918367,0.081633,384 402 403 425 427
nsga2,508_e-04,28,46,2750,55,9827351.421912,1328613.939453,0.938776,0.061224,382 384 401 402 403
nsga2,508_e-04,28,47,2750,55,9827351.421912,1328613.939453,0.959184,0.040816,382 384 401 402 403
nsga2,508_e-04,28,48,2750,55,9827351.421912,1328613.939453,0.979592,0.020408,382 384 401 402 403
nsga2,508_e-04,28,49,2750,55,9827351.421912,1328613.939453,1.000000,0.000000,382 384 401 402 403
nsga2,508_e-04,28,0,2800,56,11285668.311451,1375069.998047,0.000000,1.000000,386 4871 5483 5655 5869
nsga2,508_e-04,28,1,2800,56,9961615.128617,1374690.701172,0.020408,0.979592,352 383 426 482 553
nsga2,508_e-04,28,2,2800,56,9961615.128617,1374690.701172,0.040816,0.959184,352 383 426 482 553
nsga2,508_e-04,28,3,2800,56,9920580.052042,1368880.248047,0.061224,0.938776,352 383 420 426 482
nsga2,508_e-04,28,4,2800,56,9901505.771735,1368070.394531,0.081633,0.918367,354 384 424 428 482
nsga2,508_e-04,28,5,2800,56,9894905.204449,1367597.560547,0.102041,0.897959,352 384 424 427 482
nsga2,508_e-04,28,6,2800,56,9890007.268715,1366502.068359,0.122449,0.877551,352 383 425 426 482
nsga2,508_e-04,28,7,2800,56,9890007.268715,1366502.068359,0.142857,0.857143,352 383 425 426 482
nsga2,508_e-04,28,8,2800,56,9886913.734310,1363846.605469,0.163265,0.836735,352 384 402 426 482
nsga2,508_e-04,28,9,2800,56,9879178.679978,1361817.460938,0.183673,0.816327,381 385 423 428 482
nsga2,508_e-04,28,10,2800,56,9879178.679978,1361817.460938,0.204082,0.795918,381 385 423 428 482
nsga2,508_e-04,28,11,2800,56,9872146.408547,1360919.794922,0.224490,0.775510,381 384 424 428 482
nsga2,508_e-04,28,12,2800,56,9872146.408547,1360919.794922,0.244898,0.755102,381 384 424 428 482
nsga2,508_e-04,28,13,2800,56,9868591.883469,1360449.777344,0.265306,0.734694,381 384 424 427 482
nsga2,508_e-04,28,14,2800,56,9866040.747976,1359932.113281,0.285714,0.714286,382 384 424 427 482
nsga2,508_e-04,28,15,2800,56,9863642.232235,1359413.066406,0.306122,0.693878,382 384 425 427 482
nsga2,508_e-04,28,16,2800,56,9861142.812242,1358261.621094,0.326531,0.673469,382 383 425 426 482
nsga2,508_e-04,28,17,2800,56,9861142.812242,1358261.621094,0.346939,0.653061,382 383 425 426 482
nsga2,508_e-04,28,18,2800,56,9861142.812242,1358261.621094,0.367347,0.632653,382 383 425 426 482
nsga2,508_e-04,28,19,2800,56,9860723.550829,1354526.419922,0.387755,0.612245,384 401 426 427 482
nsga2,508_e-04,28,20,2800,56,9858049.277837,1353200.099609,0.408163,0.591837,382 384 402 426 482
nsga2,508_e-04,28,21,2800,56,9858049.277837,1353200.099609,0.428571,0.571429,382 384 402 426 482
nsga2,508_e-04,28,22,2800,56,9854231.470077,1351493.732422,0.448980,0.551020,381 385 423 425 428
nsga2,508_e-04,28,23,2800,56,9853804.439065,1351351.314453,0.469388,0.530612,381 385 423 426 428
nsga2,508_e-04,28,24,2800,56,9851527.746521,1351022.482422,0.489796,0.510204,381 384 423 425 428
nsga2,508_e-04,28,25,2800,56,9848976.611029,1350504.818359,0.510204,0.489796,382 384 423 425 428
nsga2,508_e-04,28,26,2800,56,9848976.611029,1350504.818359,0.530612,0.469388,382 384 423 425 428
nsga2,508_e-04,28,27,2800,56,9847546.190431,1350042.857422,0.551020,0.448980,381 384 423 426 427
nsga2,508_e-04,28,28,2800,56,9845422.085950,1349737.654297,0.571429,0.428571,382 384 423 425 427
nsga2,508_e-04,28,29,2800,56,9842909.548714,1349355.988281,0.591837,0.408163,381 383 384 424 427
nsga2,508_e-04,28,30,2800,56,9842909.548714,1349355.988281,0.612245,0.387755,381 383 384 424 427
nsga2,508_e-04,28,31,2800,56,9841093.538074,1349051.724609,0.632653,0.367347,382 384 424 425 427
nsga2,508_e-04,28,32,2800,56,9841093.538074,1349051.724609,0.653061,0.346939,382 384 424 425 427
nsga2,508_e-04,28,33,2800,56,9840270.455397,1348478.154297,0.673469,0.326531,383 384 424 425 427
nsga2,508_e-04,28,34,2800,56,9838267.991322,1348164.490234,0.693878,0.306122,382 384 425 426 427
nsga2,508_e-04,28,35,2800,56,9838267.991322,1348164.490234,0.714286,0.285714,382 384 425 426 427
nsga2,508_e-04,28,36,2800,56,9837444.908645,1347590.919922,0.734694,0.265306,383 384 425 426 427
nsga2,508_e-04,28,37,2800,56,9835468.247087,1344989.832031,0.755102,0.244898,383 384 401 425 427
nsga2,508_e-04,28,38,2800,56,9835468.247087,1344989.832031,0.775510,0.224490,383 384 401 425 427
nsga2,508_e-04,28,39,2800,56,9834666.617614,1343738.027344,0.795918,0.204082,382 384 402 425 427
nsga2,508_e-04,28,40,2800,56,9834239.586602,1343289.408203,0.816327,0.183673,382 384 402 426 427
nsga2,508_e-04,28,41,2800,56,9833102.067936,1342946.597656,0.836735,0.163265,382 384 402 425 426
nsga2,508_e-04,28,42,2800,56,9833102.067936,1342946.597656,0.857143,0.142857,382 384 402 425 426
nsga2,508_e-04,28,43,2800,56,9832174.967220,1340332.027344,0.877551,0.122449,384 401 402 425 427
nsga2,508_e-04,28,44,2800,56,9831439.842367,1339014.662109,0.897959,0.102041,383 384 401 402 427
nsga2,508_e-04,28,45,2800,56,9830804.675324,1333448.810547,0.918367,0.081633,384 402 403 425 427
nsga2,508_e-04,28,46,2800,56,9827351.421912,1328613.939453,0.938776,0.061224,382 384 401 402 403
nsga2,508_e-04,28,47,2800,56,9827351.421912,1328613.939453,0.959184,0.040816,382 384 401 402 403
nsga2,508_e-04,28,48,2800,56,9827351.421912,1328613.939453,0.979592,0.020408,382 384 401 402 403
nsga2,508_e-04,28,49,2800,56,9827351.421912,1328613.939453,1.000000,0.000000,382 384 401 402 403
nsga2,508_e-04,28,0,2850,57,11285668.311451,1375069.998047,0.000000,1.000000,386 4871 5483 5655 5869
nsga2,508_e-04,28,1,2850,57,9961615.128617,1374690.701172,0.020408,0.979592,352 383 426 482 553
nsga2,508_e-04,28,2,2850,57,9961615.128617,1374690.701172,0.040816,0.959184,352 383 426 482 553
nsga2,508_e-04,28,3,2850,57,9920580.052042,1368880.248047,0.061224,0.938776,352 383 420 426 482
nsga2,508_e-04,28,4,2850,57,9901505.771735,1368070.394531,0.081633,0.918367,354 384 424 428 482
nsga2,508_e-04,28,5,2850,57,9894905.204449,1367597.560547,0.102041,0.897959,352 384 424 427 482
nsga2,508_e-04,28,6,2850,57,9890007.268715,1366502.068359,0.122449,0.877551,352 383 425 426 482
nsga2,508_e-04,28,7,2850,57,9890007.268715,1366502.068359,0.142857,0.857143,352 383 425 426 482
nsga2,508_e-04,28,8,2850,57,9886913.734310,1363846.605469,0.163265,0.836735,352 384 402 426 482
nsga2,508_e-04,28,9,2850,57,9879178.679978,1361817.460938,0.183673,0.816327,381 385 423 428 482
nsga2,508_e-04,28,10,2850,57,9879178.679978,1361817.460938,0.204082,0.795918,381 385 423 428 482
nsga2,508_e-04,28,11,2850,57,9872146.408547,1360919.794922,0.224490,0.775510,381 384 424 428 482
nsga2,508_e-04,28,12,2850,57,9872146.408547,1360919.794922,0.244898,0.755102,381 384 424 428 482
nsga2,508_e-04,28,13,2850,57,9868591.883469,1360449.777344,0.265306,0.734694,381 384 424 427 482
nsga2,508_e-04,28,14,2850,57,9866040.747976,1359932.113281,0.285714,0.714286,382 384 424 427 482
nsga2,508_e-04,28,15,2850,57,9863642.232235,1359413.066406,0.306122,0.693878,382 384 425 427 482
nsga2,508_e-04,28,16,2850,57,9861142.812242,1358261.621094,0.326531,0.673469,382 383 425 426 482
nsga2,508_e-04,28,17,2850,57,9861142.812242,1358261.621094,0.346939,0.653061,382 383 425 426 482
nsga2,508_e-04,28,18,2850,57,9861142.812242,1358261.621094,0.367347,0.632653,382 383 425 426 482
nsga2,508_e-04,28,19,2850,57,9860723.550829,1354526.419922,0.387755,0.612245,384 401 426 427 482
nsga2,508_e-04,28,20,2850,57,9858049.277837,1353200.099609,0.408163,0.591837,382 384 402 426 482
nsga2,508_e-04,28,21,2850,57,9858049.277837,1353200.099609,0.428571,0.571429,382 384 402 426 482
nsga2,508_e-04,28,22,2850,57,9854231.470077,1351493.732422,0.448980,0.551020,381 385 423 425 428
nsga2,508_e-04,28,23,2850,57,9853804.439065,1351351.314453,0.469388,0.530612,381 385 423 426 428
nsga2,508_e-04,28,24,2850,57,9851527.746521,1351022.482422,0.489796,0.510204,381 384 423 425 428
nsga2,508_e-04,28,25,2850,57,9848976.611029,1350504.818359,0.510204,0.489796,382 384 423 425 428
nsga2,508_e-04,28,26,2850,57,9848976.611029,1350504.818359,0.530612,0.469388,382 384 423 425 428
nsga2,508_e-04,28,27,2850,57,9847546.190431,1350042.857422,0.551020,0.448980,381 384 423 426 427
nsga2,508_e-04,28,28,2850,57,9845422.085950,1349737.654297,0.571429,0.428571,382 384 423 425 427
nsga2,508_e-04,28,29,2850,57,9842909.548714,1349355.988281,0.591837,0.408163,381 383 384 424 427
nsga2,508_e-04,28,30,2850,57,9842909.548714,1349355.988281,0.612245,0.387755,381 383 384 424 427
nsga2,508_e-04,28,31,2850,57,9841093.538074,1349051.724609,0.632653,0.367347,382 384 424 425 427
nsga2,508_e-04,28,32,2850,57,9841093.538074,1349051.724609,0.653061,0.346939,382 384 424 425 427
nsga2,508_e-04,28,33,2850,57,9840270.455397,1348478.154297,0.673469,0.326531,383 384 424 425 427
nsga2,508_e-04,28,34,2850,57,9838267.991322,1348164.490234,0.693878,0.306122,382 384 425 426 427
nsga2,508_e-04,28,35,2850,57,9838267.991322,1348164.490234,0.714286,0.285714,382 384 425 426 427
nsga2,508_e-04,28,36,2850,57,9837444.908645,1347590.919922,0.734694,0.265306,383 384 425 426 427
nsga2,508_e-04,28,37,2850,57,9835468.247087,1344989.832031,0.755102,0.244898,383 384 401 425 427
nsga2,508_e-04,28,38,2850,57,9835468.247087,1344989.832031,0.775510,0.224490,383 384 401 425 427
nsga2,508_e-04,28,39,2850,57,9834666.617614,1343738.027344,0.795918,0.204082,382 384 402 425 427
nsga2,508_e-04,28,40,2850,57,9833102.067936,1342946.597656,0.816327,0.183673,382 384 402 425 426
nsga2,508_e-04,28,41,2850,57,9833102.067936,1342946.597656,0.836735,0.163265,382 384 402 425 426
nsga2,508_e-04,28,42,2850,57,9833102.067936,1342946.597656,0.857143,0.142857,382 384 402 425 426
nsga2,508_e-04,28,43,2850,57,9832174.967220,1340332.027344,0.877551,0.122449,384 401 402 425 427
nsga2,508_e-04,28,44,2850,57,9831439.842367,1339014.662109,0.897959,0.102041,383 384 401 402 427
nsga2,508_e-04,28,45,2850,57,9830804.675324,1333448.810547,0.918367,0.081633,384 402 403 425 427
nsga2,508_e-04,28,46,2850,57,9828400.982754,1331864.830078,0.938776,0.061224,384 401 402 403 427
nsga2,508_e-04,28,47,2850,57,9828400.982754,1331864.830078,0.959184,0.040816,384 401 402 403 427
nsga2,508_e-04,28,48,2850,57,9827351.421912,1328613.939453,0.979592,0.020408,382 384 401 402 403
nsga2,508_e-04,28,49,2850,57,9827351.421912,1328613.939453,1.000000,0.000000,382 384 401 402 403
nsga2,508_e-04,28,0,2900,58,11285668.311451,1375069.998047,0.000000,1.000000,386 4871 5483 5655 5869
nsga2,508_e-04,28,1,2900,58,9961615.128617,1374690.701172,0.020408,0.979592,352 383 426 482 553
nsga2,508_e-04,28,2,2900,58,9961615.128617,1374690.701172,0.040816,0.959184,352 383 426 482 553
nsga2,508_e-04,28,3,2900,58,9920580.052042,1368880.248047,0.061224,0.938776,352 383 420 426 482
nsga2,508_e-04,28,4,2900,58,9901505.771735,1368070.394531,0.081633,0.918367,354 384 424 428 482
nsga2,508_e-04,28,5,2900,58,9894905.204449,1367597.560547,0.102041,0.897959,352 384 424 427 482
nsga2,508_e-04,28,6,2900,58,9890007.268715,1366502.068359,0.122449,0.877551,352 383 425 426 482
nsga2,508_e-04,28,7,2900,58,9890007.268715,1366502.068359,0.142857,0.857143,352 383 425 426 482
nsga2,508_e-04,28,8,2900,58,9886913.734310,1363846.605469,0.163265,0.836735,352 384 402 426 482
nsga2,508_e-04,28,9,2900,58,9879178.679978,1361817.460938,0.183673,0.816327,381 385 423 428 482
nsga2,508_e-04,28,10,2900,58,9879178.679978,1361817.460938,0.204082,0.795918,381 385 423 428 482
nsga2,508_e-04,28,11,2900,58,9872146.408547,1360919.794922,0.224490,0.775510,381 384 424 428 482
nsga2,508_e-04,28,12,2900,58,9872146.408547,1360919.794922,0.244898,0.755102,381 384 424 428 482
nsga2,508_e-04,28,13,2900,58,9868591.883469,1360449.777344,0.265306,0.734694,381 384 424 427 482
nsga2,508_e-04,28,14,2900,58,9866040.747976,1359932.113281,0.285714,0.714286,382 384 424 427 482
nsga2,508_e-04,28,15,2900,58,9863642.232235,1359413.066406,0.306122,0.693878,382 384 425 427 482
nsga2,508_e-04,28,16,2900,58,9861142.812242,1358261.621094,0.326531,0.673469,382 383 425 426 482
nsga2,508_e-04,28,17,2900,58,9861142.812242,1358261.621094,0.346939,0.653061,382 383 425 426 482
nsga2,508_e-04,28,18,2900,58,9861142.812242,1358261.621094,0.367347,0.632653,382 383 425 426 482
nsga2,508_e-04,28,19,2900,58,9860723.550829,1354526.419922,0.387755,0.612245,384 401 426 427 482
nsga2,508_e-04,28,20,2900,58,9858049.277837,1353200.099609,0.408163,0.591837,382 384 402 426 482
nsga2,508_e-04,28,21,2900,58,9858049.277837,1353200.099609,0.428571,0.571429,382 384 402 426 482
nsga2,508_e-04,28,22,2900,58,9854231.470077,1351493.732422,0.448980,0.551020,381 385 423 425 428
nsga2,508_e-04,28,23,2900,58,9853804.439065,1351351.314453,0.469388,0.530612,381 385 423 426 428
nsga2,508_e-04,28,24,2900,58,9851527.746521,1351022.482422,0.489796,0.510204,381 384 423 425 428
nsga2,508_e-04,28,25,2900,58,9848976.611029,1350504.818359,0.510204,0.489796,382 384 423 425 428
nsga2,508_e-04,28,26,2900,58,9848976.611029,1350504.818359,0.530612,0.469388,382 384 423 425 428
nsga2,508_e-04,28,27,2900,58,9847546.190431,1350042.857422,0.551020,0.448980,381 384 423 426 427
nsga2,508_e-04,28,28,2900,58,9844648.063153,1349840.482422,0.571429,0.428571,382 384 424 425 428
nsga2,508_e-04,28,29,2900,58,9844648.063153,1349840.482422,0.591837,0.408163,382 384 424 425 428
nsga2,508_e-04,28,30,2900,58,9842909.548714,1349355.988281,0.612245,0.387755,381 383 384 424 427
nsga2,508_e-04,28,31,2900,58,9841093.538074,1349051.724609,0.632653,0.367347,382 384 424 425 427
nsga2,508_e-04,28,32,2900,58,9841093.538074,1349051.724609,0.653061,0.346939,382 384 424 425 427
nsga2,508_e-04,28,33,2900,58,9840270.455397,1348478.154297,0.673469,0.326531,383 384 424 425 427
nsga2,508_e-04,28,34,2900,58,9838267.991322,1348164.490234,0.693878,0.306122,382 384 425 426 427
nsga2,508_e-04,28,35,2900,58,9838267.991322,1348164.490234,0.714286,0.285714,382 384 425 426 427
nsga2,508_e-04,28,36,2900,58,9837333.121007,1347588.125000,0.734694,0.265306,382 383 425 426 427
nsga2,508_e-04,28,37,2900,58,9835468.247087,1344989.832031,0.755102,0.244898,383 384 401 425 427
nsga2,508_e-04,28,38,2900,58,9835468.247087,1344989.832031,0.775510,0.224490,383 384 401 425 427
nsga2,508_e-04,28,39,2900,58,9834666.617614,1343738.027344,0.795918,0.204082,382 384 402 425 427
nsga2,508_e-04,28,40,2900,58,9833102.067936,1342946.597656,0.816327,0.183673,382 384 402 425 426
nsga2,508_e-04,28,41,2900,58,9833102.067936,1342946.597656,0.836735,0.163265,382 384 402 425 426
nsga2,508_e-04,28,42,2900,58,9833102.067936,1342946.597656,0.857143,0.142857,382 384 402 425 426
nsga2,508_e-04,28,43,2900,58,9832174.967220,1340332.027344,0.877551,0.122449,384 401 402 425 427
nsga2,508_e-04,28,44,2900,58,9831439.842367,1339014.662109,0.897959,0.102041,383 384 401 402 427
nsga2,508_e-04,28,45,2900,58,9830804.675324,1333448.810547,0.918367,0.081633,384 402 403 425 427
nsga2,508_e-04,28,46,2900,58,9830069.550472,1332653.132812,0.938776,0.061224,383 384 402 403 427
nsga2,508_e-04,28,47,2900,58,9828400.982754,1331864.830078,0.959184,0.040816,384 401 402 403 427
nsga2,508_e-04,28,48,2900,58,9827351.421912,1328613.939453,0.979592,0.020408,382 384 401 402 403
nsga2,508_e-04,28,49,2900,58,9827351.421912,1328613.939453,1.000000,0.000000,382 384 401 402 403
nsga2,508_e-04,28,0,2950,59,11285668.311451,1375069.998047,0.000000,1.000000,386 4871 5483 5655 5869
nsga2,508_e-04,28,1,2950,59,9961615.128617,1374690.701172,0.020408,0.979592,352 383 426 482 553
nsga2,508_e-04,28,2,2950,59,9929680.039322,1369562.167969,0.040816,0.959184,354 384 420 428 482
nsga2,508_e-04,28,3,2950,59,9920580.052042,1368880.248047,0.061224,0.938776,352 383 420 426 482
nsga2,508_e-04,28,4,2950,59,9901505.771735,1368070.394531,0.081633,0.918367,354 384 424 428 482
nsga2,508_e-04,28,5,2950,59,9894905.204449,1367597.560547,0.102041,0.897959,352 384 424 427 482
nsga2,508_e-04,28,6,2950,59,9890007.268715,1366502.068359,0.122449,0.877551,352 383 425 426 482
nsga2,508_e-04,28,7,2950,59,9890007.268715,1366502.068359,0.142857,0.857143,352 383 425 426 482
nsga2,508_e-04,28,8,2950,59,9886913.734310,1363846.605469,0.163265,0.836735,352 384 402 426 482
nsga2,508_e-04,28,9,2950,59,9879178.679978,1361817.460938,0.183673,0.816327,381 385 423 428 482
nsga2,508_e-04,28,10,2950,59,9879178.679978,1361817.460938,0.204082,0.795918,381 385 423 428 482
nsga2,508_e-04,28,11,2950,59,9872146.408547,1360919.794922,0.224490,0.775510,381 384 424 428 482
nsga2,508_e-04,28,12,2950,59,9868591.883469,1360449.777344,0.244898,0.755102,381 384 424 427 482
nsga2,508_e-04,28,13,2950,59,9866040.747976,1359932.113281,0.265306,0.734694,382 384 424 427 482
nsga2,508_e-04,28,14,2950,59,9863642.232235,1359413.066406,0.285714,0.714286,382 384 425 427 482
nsga2,508_e-04,28,15,2950,59,9862077.682557,1358837.986328,0.306122,0.693878,382 384 425 426 482
nsga2,508_e-04,28,16,2950,59,9861142.812242,1358261.621094,0.326531,0.673469,382 383 425 426 482
nsga2,508_e-04,28,17,2950,59,9861142.812242,1358261.621094,0.346939,0.653061,382 383 425 426 482
nsga2,508_e-04,28,18,2950,59,9861142.812242,1358261.621094,0.367347,0.632653,382 383 425 426 482
nsga2,508_e-04,28,19,2950,59,9859098.838680,1353839.201172,0.387755,0.612245,384 402 426 427 482
nsga2,508_e-04,28,20,2950,59,9858049.277837,1353200.099609,0.408163,0.591837,382 384 402 426 482
nsga2,508_e-04,28,21,2950,59,9857048.864471,1351707.833984,0.428571,0.571429,381 384 423 425 429
nsga2,508_e-04,28,22,2950,59,9854231.470077,1351493.732422,0.448980,0.551020,381 385 423 425 428
nsga2,508_e-04,28,23,2950,59,9851527.746521,1351022.482422,0.469388,0.530612,381 384 423 425 428
nsga2,508_e-04,28,24,2950,59,9851527.746521,1351022.482422,0.489796,0.510204,381 384 423 425 428
nsga2,508_e-04,28,25,2950,59,9848976.611029,1350504.818359,0.510204,0.489796,382 384 423 425 428
nsga2,508_e-04,28,26,2950,59,9847546.190431,1350042.857422,0.530612,0.469388,381 384 423 426 427
nsga2,508_e-04,28,27,2950,59,9844648.063153,1349840.482422,0.551020,0.448980,382 384 424 425 428
nsga2,508_e-04,28,28,2950,59,9844648.063153,1349840.482422,0.571429,0.428571,382 384 424 425 428
nsga2,508_e-04,28,29,2950,59,9842909.548714,1349355.988281,0.591837,0.408163,381 383 384 424 427
nsga2,508_e-04,28,30,2950,59,9842909.548714,1349355.988281,0.612245,0.387755,381 383 384 424 427
nsga2,508_e-04,28,31,2950,59,9841093.538074,1349051.724609,0.632653,0.367347,382 384 424 425 427
nsga2,508_e-04,28,32,2950,59,9840270.455397,1348478.154297,0.653061,0.346939,383 384 424 425 427
nsga2,508_e-04,28,33,2950,59,9838267.991322,1348164.490234,0.673469,0.326531,382 384 425 426 427
nsga2,508_e-04,28,34,2950,59,9838267.991322,1348164.490234,0.693878,0.306122,382 384 425 426 427
nsga2,508_e-04,28,35,2950,59,9837333.121007,1347588.125000,0.714286,0.285714,382 383 425 426 427
nsga2,508_e-04,28,36,2950,59,9837333.121007,1347588.125000,0.734694,0.265306,382 383 425 426 427
nsga2,508_e-04,28,37,2950,59,9835468.247087,1344989.832031,0.755102,0.244898,383 384 401 425 427
nsga2,508_e-04,28,38,2950,59,9835468.247087,1344989.832031,0.775510,0.224490,383 384 401 425 427
nsga2,508_e-04,28,39,2950,59,9834666.617614,1343738.027344,0.795918,0.204082,382 384 402 425 427
nsga2,508_e-04,28,40,2950,59,9833102.067936,1342946.597656,0.816327,0.183673,382 384 402 425 426
nsga2,508_e-04,28,41,2950,59,9833102.067936,1342946.597656,0.836735,0.163265,382 384 402 425 426
nsga2,508_e-04,28,42,2950,59,9832174.967220,1340332.027344,0.857143,0.142857,384 401 402 425 427
nsga2,508_e-04,28,43,2950,59,9831439.842367,1339014.662109,0.877551,0.122449,383 384 401 402 427
nsga2,508_e-04,28,44,2950,59,9831125.406378,1338147.791016,0.897959,0.102041,382 384 401 402 425
nsga2,508_e-04,28,45,2950,59,9830069.550472,1332653.132812,0.918367,0.081633,383 384 402 403 427
nsga2,508_e-04,28,46,2950,59,9828400.982754,1331864.830078,0.938776,0.061224,384 401 402 403 427
nsga2,508_e-04,28,47,2950,59,9828400.982754,1331864.830078,0.959184,0.040816,384 401 402 403 427
nsga2,508_e-04,28,48,2950,59,9827466.112440,1330957.539062,0.979592,0.020408,383 401 402 403 427
nsga2,508_e-04,28,49,2950,59,9826576.410703,1329159.640625,1.000000,0.000000,401 402 403 404 427
nsga2,508_e-04,28,0,3000,60,11285668.311451,1375069.998047,0.000000,1.000000,386 4871 5483 5655 5869
nsga2,508_e-04,28,1,3000,60,9961615.128617,1374690.701172,0.020408,0.979592,352 383 426 482 553
nsga2,508_e-04,28,2,3000,60,9929680.039322,1369562.167969,0.040816,0.959184,354 384 420 428 482
nsga2,508_e-04,28,3,3000,60,9920580.052042,1368880.248047,0.061224,0.938776,352 383 420 426 482
nsga2,508_e-04,28,4,3000,60,9901505.771735,1368070.394531,0.081633,0.918367,354 384 424 428 482
nsga2,508_e-04,28,5,3000,60,9894905.204449,1367597.560547,0.102041,0.897959,352 384 424 427 482
nsga2,508_e-04,28,6,3000,60,9890007.268715,1366502.068359,0.122449,0.877551,352 383 425 426 482
nsga2,508_e-04,28,7,3000,60,9890007.268715,1366502.068359,0.142857,0.857143,352 383 425 426 482
nsga2,508_e-04,28,8,3000,60,9886913.734310,1363846.605469,0.163265,0.836735,352 384 402 426 482
nsga2,508_e-04,28,9,3000,60,9879178.679978,1361817.460938,0.183673,0.816327,381 385 423 428 482
nsga2,508_e-04,28,10,3000,60,9879178.679978,1361817.460938,0.204082,0.795918,381 385 423 428 482
nsga2,508_e-04,28,11,3000,60,9872146.408547,1360919.794922,0.224490,0.775510,381 384 424 428 482
nsga2,508_e-04,28,12,3000,60,9868591.883469,1360449.777344,0.244898,0.755102,381 384 424 427 482
nsga2,508_e-04,28,13,3000,60,9866040.747976,1359932.113281,0.265306,0.734694,382 384 424 427 482
nsga2,508_e-04,28,14,3000,60,9863642.232235,1359413.066406,0.285714,0.714286,382 384 425 427 482
nsga2,508_e-04,28,15,3000,60,9862077.682557,1358837.986328,0.306122,0.693878,382 384 425 426 482
nsga2,508_e-04,28,16,3000,60,9861142.812242,1358261.621094,0.326531,0.673469,382 383 425 426 482
nsga2,508_e-04,28,17,3000,60,9861142.812242,1358261.621094,0.346939,0.653061,382 383 425 426 482
nsga2,508_e-04,28,18,3000,60,9861142.812242,1358261.621094,0.367347,0.632653,382 383 425 426 482
nsga2,508_e-04,28,19,3000,60,9859098.838680,1353839.201172,0.387755,0.612245,384 402 426 427 482
nsga2,508_e-04,28,20,3000,60,9858049.277837,1353200.099609,0.408163,0.591837,382 384 402 426 482
nsga2,508_e-04,28,21,3000,60,9857048.864471,1351707.833984,0.428571,0.571429,381 384 423 425 429
nsga2,508_e-04,28,22,3000,60,9854231.470077,1351493.732422,0.448980,0.551020,381 385 423 425 428
nsga2,508_e-04,28,23,3000,60,9851527.746521,1351022.482422,0.469388,0.530612,381 384 423 425 428
nsga2,508_e-04,28,24,3000,60,9851527.746521,1351022.482422,0.489796,0.510204,381 384 423 425 428
nsga2,508_e-04,28,25,3000,60,9848976.611029,1350504.818359,0.510204,0.489796,382 384 423 425 428
nsga2,508_e-04,28,26,3000,60,9847546.190431,1350042.857422,0.530612,0.469388,381 384 423 426 427
nsga2,508_e-04,28,27,3000,60,9844648.063153,1349840.482422,0.551020,0.448980,382 384 424 425 428
nsga2,508_e-04,28,28,3000,60,9844648.063153,1349840.482422,0.571429,0.428571,382 384 424 425 428
nsga2,508_e-04,28,29,3000,60,9842909.548714,1349355.988281,0.591837,0.408163,381 383 384 424 427
nsga2,508_e-04,28,30,3000,60,9842909.548714,1349355.988281,0.612245,0.387755,381 383 384 424 427
nsga2,508_e-04,28,31,3000,60,9841093.538074,1349051.724609,0.632653,0.367347,382 384 424 425 427
nsga2,508_e-04,28,32,3000,60,9840270.455397,1348478.154297,0.653061,0.346939,383 384 424 425 427
nsga2,508_e-04,28,33,3000,60,9838267.991322,1348164.490234,0.673469,0.326531,382 384 425 426 427
nsga2,508_e-04,28,34,3000,60,9838267.991322,1348164.490234,0.693878,0.306122,382 384 425 426 427
nsga2,508_e-04,28,35,3000,60,9837333.121007,1347588.125000,0.714286,0.285714,382 383 425 426 427
nsga2,508_e-04,28,36,3000,60,9837333.121007,1347588.125000,0.734694,0.265306,382 383 425 426 427
nsga2,508_e-04,28,37,3000,60,9835468.247087,1344989.832031,0.755102,0.244898,383 384 401 425 427
nsga2,508_e-04,28,38,3000,60,9835468.247087,1344989.832031,0.775510,0.224490,383 384 401 425 427
nsga2,508_e-04,28,39,3000,60,9834666.617614,1343738.027344,0.795918,0.204082,382 384 402 425 427
nsga2,508_e-04,28,40,3000,60,9833102.067936,1342946.597656,0.816327,0.183673,382 384 402 425 426
nsga2,508_e-04,28,41,3000,60,9833102.067936,1342946.597656,0.836735,0.163265,382 384 402 425 426
nsga2,508_e-04,28,42,3000,60,9832174.967220,1340332.027344,0.857143,0.142857,384 401 402 425 427
nsga2,508_e-04,28,43,3000,60,9831439.842367,1339014.662109,0.877551,0.122449,383 384 401 402 427
nsga2,508_e-04,28,44,3000,60,9830698.375366,1338531.386719,0.897959,0.102041,382 384 401 402 426
nsga2,508_e-04,28,45,3000,60,9830069.550472,1332653.132812,0.918367,0.081633,383 384 402 403 427
nsga2,508_e-04,28,46,3000,60,9828400.982754,1331864.830078,0.938776,0.061224,384 401 402 403 427
nsga2,508_e-04,28,47,3000,60,9828400.982754,1331864.830078,0.959184,0.040816,384 401 402 403 427
nsga2,508_e-04,28,48,3000,60,9827466.112440,1330957.539062,0.979592,0.020408,383 401 402 403 427
nsga2,508_e-04,28,49,3000,60,9826576.410703,1329159.640625,1.000000,0.000000,401 402 403 404 427
nsga2,508_e-04,28,0,3050,61,11196491.320573,1375069.998047,0.000000,1.000000,386 3391 4871 5483 5655
nsga2,508_e-04,28,1,3050,61,9961615.128617,1374690.701172,0.020408,0.979592,352 383 426 482 553
nsga2,508_e-04,28,2,3050,61,9929680.039322,1369562.167969,0.040816,0.959184,354 384 420 428 482
nsga2,508_e-04,28,3,3050,61,9920580.052042,1368880.248047,0.061224,0.938776,352 383 420 426 482
nsga2,508_e-04,28,4,3050,61,9901505.771735,1368070.394531,0.081633,0.918367,354 384 424 428 482
nsga2,508_e-04,28,5,3050,61,9893970.334134,1367596.195312,0.102041,0.897959,352 383 424 427 482
nsga2,508_e-04,28,6,3050,61,9890007.268715,1366502.068359,0.122449,0.877551,352 383 425 426 482
nsga2,508_e-04,28,7,3050,61,9890007.268715,1366502.068359,0.142857,0.857143,352 383 425 426 482
nsga2,508_e-04,28,8,3050,61,9886913.734310,1363846.605469,0.163265,0.836735,352 384 402 426 482
nsga2,508_e-04,28,9,3050,61,9879178.679978,1361817.460938,0.183673,0.816327,381 385 423 428 482
nsga2,508_e-04,28,10,3050,61,9879178.679978,1361817.460938,0.204082,0.795918,381 385 423 428 482
nsga2,508_e-04,28,11,3050,61,9872146.408547,1360919.794922,0.224490,0.775510,381 384 424 428 482
nsga2,508_e-04,28,12,3050,61,9868591.883469,1360449.777344,0.244898,0.755102,381 384 424 427 482
nsga2,508_e-04,28,13,3050,61,9866040.747976,1359932.113281,0.265306,0.734694,382 384 424 427 482
nsga2,508_e-04,28,14,3050,61,9863642.232235,1359413.066406,0.285714,0.714286,382 384 425 427 482
nsga2,508_e-04,28,15,3050,61,9862077.682557,1358837.986328,0.306122,0.693878,382 384 425 426 482
nsga2,508_e-04,28,16,3050,61,9861142.812242,1358261.621094,0.326531,0.673469,382 383 425 426 482
nsga2,508_e-04,28,17,3050,61,9861142.812242,1358261.621094,0.346939,0.653061,382 383 425 426 482
nsga2,508_e-04,28,18,3050,61,9861142.812242,1358261.621094,0.367347,0.632653,382 383 425 426 482
nsga2,508_e-04,28,19,3050,61,9858850.907309,1354025.322266,0.387755,0.612245,383 384 401 426 482
nsga2,508_e-04,28,20,3050,61,9858049.277837,1353200.099609,0.408163,0.591837,382 384 402 426 482
nsga2,508_e-04,28,21,3050,61,9857048.864471,1351707.833984,0.428571,0.571429,381 384 423 425 429
nsga2,508_e-04,28,22,3050,61,9854231.470077,1351493.732422,0.448980,0.551020,381 385 423 425 428
nsga2,508_e-04,28,23,3050,61,9851527.746521,1351022.482422,0.469388,0.530612,381 384 423 425 428
nsga2,508_e-04,28,24,3050,61,9851527.746521,1351022.482422,0.489796,0.510204,381 384 423 425 428
nsga2,508_e-04,28,25,3050,61,9848976.611029,1350504.818359,0.510204,0.489796,382 384 423 425 428
nsga2,508_e-04,28,26,3050,61,9847546.190431,1350042.857422,0.530612,0.469388,381 384 423 426 427
nsga2,508_e-04,28,27,3050,61,9844648.063153,1349840.482422,0.551020,0.448980,382 384 424 425 428
nsga2,508_e-04,28,28,3050,61,9844648.063153,1349840.482422,0.571429,0.428571,382 384 424 425 428
nsga2,508_e-04,28,29,3050,61,9842909.548714,1349355.988281,0.591837,0.408163,381 383 384 424 427
nsga2,508_e-04,28,30,3050,61,9842909.548714,1349355.988281,0.612245,0.387755,381 383 384 424 427
nsga2,508_e-04,28,31,3050,61,9841093.538074,1349051.724609,0.632653,0.367347,382 384 424 425 427
nsga2,508_e-04,28,32,3050,61,9840270.455397,1348478.154297,0.653061,0.346939,383 384 424 425 427
nsga2,508_e-04,28,33,3050,61,9838267.991322,1348164.490234,0.673469,0.326531,382 384 425 426 427
nsga2,508_e-04,28,34,3050,61,9838267.991322,1348164.490234,0.693878,0.306122,382 384 425 426 427
nsga2,508_e-04,28,35,3050,61,9837333.121007,1347588.125000,0.714286,0.285714,382 383 425 426 427
nsga2,508_e-04,28,36,3050,61,9837333.121007,1347588.125000,0.734694,0.265306,382 383 425 426 427
nsga2,508_e-04,28,37,3050,61,9835468.247087,1344989.832031,0.755102,0.244898,383 384 401 425 427
nsga2,508_e-04,28,38,3050,61,9835468.247087,1344989.832031,0.775510,0.224490,383 384 401 425 427
nsga2,508_e-04,28,39,3050,61,9834666.617614,1343738.027344,0.795918,0.204082,382 384 402 425 427
nsga2,508_e-04,28,40,3050,61,9833102.067936,1342946.597656,0.816327,0.183673,382 384 402 425 426
nsga2,508_e-04,28,41,3050,61,9833102.067936,1342946.597656,0.836735,0.163265,382 384 402 425 426
nsga2,508_e-04,28,42,3050,61,9832174.967220,1340332.027344,0.857143,0.142857,384 401 402 425 427
nsga2,508_e-04,28,43,3050,61,9830698.375366,1338531.386719,0.877551,0.122449,382 384 401 402 426
nsga2,508_e-04,28,44,3050,61,9830698.375366,1338531.386719,0.897959,0.102041,382 384 401 402 426
nsga2,508_e-04,28,45,3050,61,9830069.550472,1332653.132812,0.918367,0.081633,383 384 402 403 427
nsga2,508_e-04,28,46,3050,61,9828400.982754,1331864.830078,0.938776,0.061224,384 401 402 403 427
nsga2,508_e-04,28,47,3050,61,9828400.982754,1331864.830078,0.959184,0.040816,384 401 402 403 427
nsga2,508_e-04,28,48,3050,61,9827466.112440,1330957.539062,0.979592,0.020408,383 401 402 403 427
nsga2,508_e-04,28,49,3050,61,9826576.410703,1329159.640625,1.000000,0.000000,401 402 403 404 427
nsga2,508_e-04,28,0,3100,62,11196491.320573,1375069.998047,0.000000,1.000000,386 3391 4871 5483 5655
nsga2,508_e-04,28,1,3100,62,9961615.128617,1374690.701172,0.020408,0.979592,352 383 426 482 553
nsga2,508_e-04,28,2,3100,62,9929680.039322,1369562.167969,0.040816,0.959184,354 384 420 428 482
nsga2,508_e-04,28,3,3100,62,9920580.052042,1368880.248047,0.061224,0.938776,352 383 420 426 482
nsga2,508_e-04,28,4,3100,62,9901505.771735,1368070.394531,0.081633,0.918367,354 384 424 428 482
nsga2,508_e-04,28,5,3100,62,9893970.334134,1367596.195312,0.102041,0.897959,352 383 424 427 482
nsga2,508_e-04,28,6,3100,62,9890007.268715,1366502.068359,0.122449,0.877551,352 383 425 426 482
nsga2,508_e-04,28,7,3100,62,9890007.268715,1366502.068359,0.142857,0.857143,352 383 425 426 482
nsga2,508_e-04,28,8,3100,62,9886913.734310,1363846.605469,0.163265,0.836735,352 384 402 426 482
nsga2,508_e-04,28,9,3100,62,9879178.679978,1361817.460938,0.183673,0.816327,381 385 423 428 482
nsga2,508_e-04,28,10,3100,62,9879178.679978,1361817.460938,0.204082,0.795918,381 385 423 428 482
nsga2,508_e-04,28,11,3100,62,9872146.408547,1360919.794922,0.224490,0.775510,381 384 424 428 482
nsga2,508_e-04,28,12,3100,62,9868591.883469,1360449.777344,0.244898,0.755102,381 384 424 427 482
nsga2,508_e-04,28,13,3100,62,9866040.747976,1359932.113281,0.265306,0.734694,382 384 424 427 482
nsga2,508_e-04,28,14,3100,62,9863642.232235,1359413.066406,0.285714,0.714286,382 384 425 427 482
nsga2,508_e-04,28,15,3100,62,9862077.682557,1358837.986328,0.306122,0.693878,382 384 425 426 482
nsga2,508_e-04,28,16,3100,62,9861142.812242,1358261.621094,0.326531,0.673469,382 383 425 426 482
nsga2,508_e-04,28,17,3100,62,9861142.812242,1358261.621094,0.346939,0.653061,382 383 425 426 482
nsga2,508_e-04,28,18,3100,62,9861142.812242,1358261.621094,0.367347,0.632653,382 383 425 426 482
nsga2,508_e-04,28,19,3100,62,9858850.907309,1354025.322266,0.387755,0.612245,383 384 401 426 482
nsga2,508_e-04,28,20,3100,62,9858049.277837,1353200.099609,0.408163,0.591837,382 384 402 426 482
nsga2,508_e-04,28,21,3100,62,9857048.864471,1351707.833984,0.428571,0.571429,381 384 423 425 429
nsga2,508_e-04,28,22,3100,62,9854231.470077,1351493.732422,0.448980,0.551020,381 385 423 425 428
nsga2,508_e-04,28,23,3100,62,9851527.746521,1351022.482422,0.469388,0.530612,381 384 423 425 428
nsga2,508_e-04,28,24,3100,62,9851527.746521,1351022.482422,0.489796,0.510204,381 384 423 425 428
nsga2,508_e-04,28,25,3100,62,9848976.611029,1350504.818359,0.510204,0.489796,382 384 423 425 428
nsga2,508_e-04,28,26,3100,62,9847546.190431,1350042.857422,0.530612,0.469388,381 384 423 426 427
nsga2,508_e-04,28,27,3100,62,9844648.063153,1349840.482422,0.551020,0.448980,382 384 424 425 428
nsga2,508_e-04,28,28,3100,62,9844648.063153,1349840.482422,0.571429,0.428571,382 384 424 425 428
nsga2,508_e-04,28,29,3100,62,9842909.548714,1349355.988281,0.591837,0.408163,381 383 384 424 427
nsga2,508_e-04,28,30,3100,62,9842909.548714,1349355.988281,0.612245,0.387755,381 383 384 424 427
nsga2,508_e-04,28,31,3100,62,9841093.538074,1349051.724609,0.632653,0.367347,382 384 424 425 427
nsga2,508_e-04,28,32,3100,62,9840270.455397,1348478.154297,0.653061,0.346939,383 384 424 425 427
nsga2,508_e-04,28,33,3100,62,9838267.991322,1348164.490234,0.673469,0.326531,382 384 425 426 427
nsga2,508_e-04,28,34,3100,62,9838267.991322,1348164.490234,0.693878,0.306122,382 384 425 426 427
nsga2,508_e-04,28,35,3100,62,9837333.121007,1347588.125000,0.714286,0.285714,382 383 425 426 427
nsga2,508_e-04,28,36,3100,62,9837333.121007,1347588.125000,0.734694,0.265306,382 383 425 426 427
nsga2,508_e-04,28,37,3100,62,9835468.247087,1344989.832031,0.755102,0.244898,383 384 401 425 427
nsga2,508_e-04,28,38,3100,62,9835468.247087,1344989.832031,0.775510,0.224490,383 384 401 425 427
nsga2,508_e-04,28,39,3100,62,9834666.617614,1343738.027344,0.795918,0.204082,382 384 402 425 427
nsga2,508_e-04,28,40,3100,62,9833102.067936,1342946.597656,0.816327,0.183673,382 384 402 425 426
nsga2,508_e-04,28,41,3100,62,9833102.067936,1342946.597656,0.836735,0.163265,382 384 402 425 426
nsga2,508_e-04,28,42,3100,62,9832174.967220,1340332.027344,0.857143,0.142857,384 401 402 425 427
nsga2,508_e-04,28,43,3100,62,9830698.375366,1338531.386719,0.877551,0.122449,382 384 401 402 426
nsga2,508_e-04,28,44,3100,62,9830698.375366,1338531.386719,0.897959,0.102041,382 384 401 402 426
nsga2,508_e-04,28,45,3100,62,9830069.550472,1332653.132812,0.918367,0.081633,383 384 402 403 427
nsga2,508_e-04,28,46,3100,62,9828400.982754,1331864.830078,0.938776,0.061224,384 401 402 403 427
nsga2,508_e-04,28,47,3100,62,9828400.982754,1331864.830078,0.959184,0.040816,384 401 402 403 427
nsga2,508_e-04,28,48,3100,62,9827466.112440,1330957.539062,0.979592,0.020408,383 401 402 403 427
nsga2,508_e-04,28,49,3100,62,9826576.410703,1329159.640625,1.000000,0.000000,401 402 403 404 427
nsga2,508_e-04,28,0,3150,63,11196491.320573,1375069.998047,0.000000,1.000000,386 3391 4871 5483 5655
nsga2,508_e-04,28,1,3150,63,9961615.128617,1374690.701172,0.020408,0.979592,352 383 426 482 553
nsga2,508_e-04,28,2,3150,63,9929680.039322,1369562.167969,0.040816,0.959184,354 384 420 428 482
nsga2,508_e-04,28,3,3150,63,9920580.052042,1368880.248047,0.061224,0.938776,352 383 420 426 482
nsga2,508_e-04,28,4,3150,63,9897524.859213,1368066.212891,0.081633,0.918367,352 383 424 428 482
nsga2,508_e-04,28,5,3150,63,9893970.334134,1367596.195312,0.102041,0.897959,352 383 424 427 482
nsga2,508_e-04,28,6,3150,63,9890007.268715,1366502.068359,0.122449,0.877551,352 383 425 426 482
nsga2,508_e-04,28,7,3150,63,9890007.268715,1366502.068359,0.142857,0.857143,352 383 425 426 482
nsga2,508_e-04,28,8,3150,63,9886913.734310,1363846.605469,0.163265,0.836735,352 384 402 426 482
nsga2,508_e-04,28,9,3150,63,9879178.679978,1361817.460938,0.183673,0.816327,381 385 423 428 482
nsga2,508_e-04,28,10,3150,63,9879178.679978,1361817.460938,0.204082,0.795918,381 385 423 428 482
nsga2,508_e-04,28,11,3150,63,9872146.408547,1360919.794922,0.224490,0.775510,381 384 424 428 482
nsga2,508_e-04,28,12,3150,63,9868591.883469,1360449.777344,0.244898,0.755102,381 384 424 427 482
nsga2,508_e-04,28,13,3150,63,9866040.747976,1359932.113281,0.265306,0.734694,382 384 424 427 482
nsga2,508_e-04,28,14,3150,63,9863642.232235,1359413.066406,0.285714,0.714286,382 384 425 427 482
nsga2,508_e-04,28,15,3150,63,9862077.682557,1358837.986328,0.306122,0.693878,382 384 425 426 482
nsga2,508_e-04,28,16,3150,63,9861142.812242,1358261.621094,0.326531,0.673469,382 383 425 426 482
nsga2,508_e-04,28,17,3150,63,9861142.812242,1358261.621094,0.346939,0.653061,382 383 425 426 482
nsga2,508_e-04,28,18,3150,63,9861142.812242,1358261.621094,0.367347,0.632653,382 383 425 426 482
nsga2,508_e-04,28,19,3150,63,9858850.907309,1354025.322266,0.387755,0.612245,383 384 401 426 482
nsga2,508_e-04,28,20,3150,63,9858049.277837,1353200.099609,0.408163,0.591837,382 384 402 426 482
nsga2,508_e-04,28,21,3150,63,9857048.864471,1351707.833984,0.428571,0.571429,381 384 423 425 429
nsga2,508_e-04,28,22,3150,63,9854231.470077,1351493.732422,0.448980,0.551020,381 385 423 425 428
nsga2,508_e-04,28,23,3150,63,9851527.746521,1351022.482422,0.469388,0.530612,381 384 423 425 428
nsga2,508_e-04,28,24,3150,63,9851527.746521,1351022.482422,0.489796,0.510204,381 384 423 425 428
nsga2,508_e-04,28,25,3150,63,9848976.611029,1350504.818359,0.510204,0.489796,382 384 423 425 428
nsga2,508_e-04,28,26,3150,63,9847546.190431,1350042.857422,0.530612,0.469388,381 384 423 426 427
nsga2,508_e-04,28,27,3150,63,9844648.063153,1349840.482422,0.551020,0.448980,382 384 424 425 428
nsga2,508_e-04,28,28,3150,63,9844648.063153,1349840.482422,0.571429,0.428571,382 384 424 425 428
nsga2,508_e-04,28,29,3150,63,9842909.548714,1349355.988281,0.591837,0.408163,381 383 384 424 427
nsga2,508_e-04,28,30,3150,63,9842909.548714,1349355.988281,0.612245,0.387755,381 383 384 424 427
nsga2,508_e-04,28,31,3150,63,9841093.538074,1349051.724609,0.632653,0.367347,382 384 424 425 427
nsga2,508_e-04,28,32,3150,63,9840270.455397,1348478.154297,0.653061,0.346939,383 384 424 425 427
nsga2,508_e-04,28,33,3150,63,9838267.991322,1348164.490234,0.673469,0.326531,382 384 425 426 427
nsga2,508_e-04,28,34,3150,63,9838267.991322,1348164.490234,0.693878,0.306122,382 384 425 426 427
nsga2,508_e-04,28,35,3150,63,9837333.121007,1347588.125000,0.714286,0.285714,382 383 425 426 427
nsga2,508_e-04,28,36,3150,63,9837333.121007,1347588.125000,0.734694,0.265306,382 383 425 426 427
nsga2,508_e-04,28,37,3150,63,9835468.247087,1344989.832031,0.755102,0.244898,383 384 401 425 427
nsga2,508_e-04,28,38,3150,63,9835468.247087,1344989.832031,0.775510,0.224490,383 384 401 425 427
nsga2,508_e-04,28,39,3150,63,9834666.617614,1343738.027344,0.795918,0.204082,382 384 402 425 427
nsga2,508_e-04,28,40,3150,63,9833102.067936,1342946.597656,0.816327,0.183673,382 384 402 425 426
nsga2,508_e-04,28,41,3150,63,9833102.067936,1342946.597656,0.836735,0.163265,382 384 402 425 426
nsga2,508_e-04,28,42,3150,63,9832174.967220,1340332.027344,0.857143,0.142857,384 401 402 425 427
nsga2,508_e-04,28,43,3150,63,9830698.375366,1338531.386719,0.877551,0.122449,382 384 401 402 426
nsga2,508_e-04,28,44,3150,63,9830698.375366,1338531.386719,0.897959,0.102041,382 384 401 402 426
nsga2,508_e-04,28,45,3150,63,9830069.550472,1332653.132812,0.918367,0.081633,383 384 402 403 427
nsga2,508_e-04,28,46,3150,63,9828400.982754,1331864.830078,0.938776,0.061224,384 401 402 403 427
nsga2,508_e-04,28,47,3150,63,9828400.982754,1331864.830078,0.959184,0.040816,384 401 402 403 427
nsga2,508_e-04,28,48,3150,63,9827466.112440,1330957.539062,0.979592,0.020408,383 401 402 403 427
nsga2,508_e-04,28,49,3150,63,9826576.410703,1329159.640625,1.000000,0.000000,401 402 403 404 427
nsga2,508_e-04,28,0,3200,64,11196491.320573,1375069.998047,0.000000,1.000000,386 3391 4871 5483 5655
nsga2,508_e-04,28,1,3200,64,9961615.128617,1374690.701172,0.020408,0.979592,352 383 426 482 553
nsga2,508_e-04,28,2,3200,64,9929680.039322,1369562.167969,0.040816,0.959184,354 384 420 428 482
nsga2,508_e-04,28,3,3200,64,9920580.052042,1368880.248047,0.061224,0.938776,352 383 420 426 482
nsga2,508_e-04,28,4,3200,64,9897524.859213,1368066.212891,0.081633,0.918367,352 383 424 428 482
nsga2,508_e-04,28,5,3200,64,9893970.334134,1367596.195312,0.102041,0.897959,352 383 424 427 482
nsga2,508_e-04,28,6,3200,64,9890007.268715,1366502.068359,0.122449,0.877551,352 383 425 426 482
nsga2,508_e-04,28,7,3200,64,9890007.268715,1366502.068359,0.142857,0.857143,352 383 425 426 482
nsga2,508_e-04,28,8,3200,64,9886913.734310,1363846.605469,0.163265,0.836735,352 384 402 426 482
nsga2,508_e-04,28,9,3200,64,9879178.679978,1361817.460938,0.183673,0.816327,381 385 423 428 482
nsga2,508_e-04,28,10,3200,64,9879178.679978,1361817.460938,0.204082,0.795918,381 385 423 428 482
nsga2,508_e-04,28,11,3200,64,9872146.408547,1360919.794922,0.224490,0.775510,381 384 424 428 482
nsga2,508_e-04,28,12,3200,64,9868591.883469,1360449.777344,0.244898,0.755102,381 384 424 427 482
nsga2,508_e-04,28,13,3200,64,9866040.747976,1359932.113281,0.265306,0.734694,382 384 424 427 482
nsga2,508_e-04,28,14,3200,64,9863642.232235,1359413.066406,0.285714,0.714286,382 384 425 427 482
nsga2,508_e-04,28,15,3200,64,9862077.682557,1358837.986328,0.306122,0.693878,382 384 425 426 482
nsga2,508_e-04,28,16,3200,64,9861142.812242,1358261.621094,0.326531,0.673469,382 383 425 426 482
nsga2,508_e-04,28,17,3200,64,9861142.812242,1358261.621094,0.346939,0.653061,382 383 425 426 482
nsga2,508_e-04,28,18,3200,64,9861142.812242,1358261.621094,0.367347,0.632653,382 383 425 426 482
nsga2,508_e-04,28,19,3200,64,9858850.907309,1354025.322266,0.387755,0.612245,383 384 401 426 482
nsga2,508_e-04,28,20,3200,64,9858049.277837,1353200.099609,0.408163,0.591837,382 384 402 426 482
nsga2,508_e-04,28,21,3200,64,9857048.864471,1351707.833984,0.428571,0.571429,381 384 423 425 429
nsga2,508_e-04,28,22,3200,64,9854231.470077,1351493.732422,0.448980,0.551020,381 385 423 425 428
nsga2,508_e-04,28,23,3200,64,9851527.746521,1351022.482422,0.469388,0.530612,381 384 423 425 428
nsga2,508_e-04,28,24,3200,64,9851527.746521,1351022.482422,0.489796,0.510204,381 384 423 425 428
nsga2,508_e-04,28,25,3200,64,9848976.611029,1350504.818359,0.510204,0.489796,382 384 423 425 428
nsga2,508_e-04,28,26,3200,64,9847199.198646,1350358.146484,0.530612,0.469388,381 384 424 425 428
nsga2,508_e-04,28,27,3200,64,9844648.063153,1349840.482422,0.551020,0.448980,382 384 424 425 428
nsga2,508_e-04,28,28,3200,64,9844648.063153,1349840.482422,0.571429,0.428571,382 384 424 425 428
nsga2,508_e-04,28,29,3200,64,9842909.548714,1349355.988281,0.591837,0.408163,381 383 384 424 427
nsga2,508_e-04,28,30,3200,64,9842909.548714,1349355.988281,0.612245,0.387755,381 383 384 424 427
nsga2,508_e-04,28,31,3200,64,9841093.538074,1349051.724609,0.632653,0.367347,382 384 424 425 427
nsga2,508_e-04,28,32,3200,64,9840270.455397,1348478.154297,0.653061,0.346939,383 384 424 425 427
nsga2,508_e-04,28,33,3200,64,9838267.991322,1348164.490234,0.673469,0.326531,382 384 425 426 427
nsga2,508_e-04,28,34,3200,64,9838267.991322,1348164.490234,0.693878,0.306122,382 384 425 426 427
nsga2,508_e-04,28,35,3200,64,9837333.121007,1347588.125000,0.714286,0.285714,382 383 425 426 427
nsga2,508_e-04,28,36,3200,64,9837333.121007,1347588.125000,0.734694,0.265306,382 383 425 426 427
nsga2,508_e-04,28,37,3200,64,9835468.247087,1344989.832031,0.755102,0.244898,383 384 401 425 427
nsga2,508_e-04,28,38,3200,64,9835468.247087,1344989.832031,0.775510,0.224490,383 384 401 425 427
nsga2,508_e-04,28,39,3200,64,9834666.617614,1343738.027344,0.795918,0.204082,382 384 402 425 427
nsga2,508_e-04,28,40,3200,64,9833102.067936,1342946.597656,0.816327,0.183673,382 384 402 425 426
nsga2,508_e-04,28,41,3200,64,9833102.067936,1342946.597656,0.836735,0.163265,382 384 402 425 426
nsga2,508_e-04,28,42,3200,64,9832174.967220,1340332.027344,0.857143,0.142857,384 401 402 425 427
nsga2,508_e-04,28,43,3200,64,9830698.375366,1338531.386719,0.877551,0.122449,382 384 401 402 426
nsga2,508_e-04,28,44,3200,64,9830698.375366,1338531.386719,0.897959,0.102041,382 384 401 402 426
nsga2,508_e-04,28,45,3200,64,9830069.550472,1332653.132812,0.918367,0.081633,383 384 402 403 427
nsga2,508_e-04,28,46,3200,64,9828400.982754,1331864.830078,0.938776,0.061224,384 401 402 403 427
nsga2,508_e-04,28,47,3200,64,9828400.982754,1331864.830078,0.959184,0.040816,384 401 402 403 427
nsga2,508_e-04,28,48,3200,64,9827466.112440,1330957.539062,0.979592,0.020408,383 401 402 403 427
nsga2,508_e-04,28,49,3200,64,9826576.410703,1329159.640625,1.000000,0.000000,401 402 403 404 427
nsga2,508_e-04,28,0,3250,65,11196491.320573,1375069.998047,0.000000,1.000000,386 3391 4871 5483 5655
nsga2,508_e-04,28,1,3250,65,9961615.128617,1374690.701172,0.020408,0.979592,352 383 426 482 553
nsga2,508_e-04,28,2,3250,65,9929680.039322,1369562.167969,0.040816,0.959184,354 384 420 428 482
nsga2,508_e-04,28,3,3250,65,9920580.052042,1368880.248047,0.061224,0.938776,352 383 420 426 482
nsga2,508_e-04,28,4,3250,65,9901163.453083,1368068.900391,0.081633,0.918367,352 385 424 428 482
nsga2,508_e-04,28,5,3250,65,9893970.334134,1367596.195312,0.102041,0.897959,352 383 424 427 482
nsga2,508_e-04,28,6,3250,65,9890007.268715,1366502.068359,0.122449,0.877551,352 383 425 426 482
nsga2,508_e-04,28,7,3250,65,9890007.268715,1366502.068359,0.142857,0.857143,352 383 425 426 482
nsga2,508_e-04,28,8,3250,65,9886913.734310,1363846.605469,0.163265,0.836735,352 384 402 426 482
nsga2,508_e-04,28,9,3250,65,9879178.679978,1361817.460938,0.183673,0.816327,381 385 423 428 482
nsga2,508_e-04,28,10,3250,65,9879178.679978,1361817.460938,0.204082,0.795918,381 385 423 428 482
nsga2,508_e-04,28,11,3250,65,9872146.408547,1360919.794922,0.224490,0.775510,381 384 424 428 482
nsga2,508_e-04,28,12,3250,65,9868591.883469,1360449.777344,0.244898,0.755102,381 384 424 427 482
nsga2,508_e-04,28,13,3250,65,9866040.747976,1359932.113281,0.265306,0.734694,382 384 424 427 482
nsga2,508_e-04,28,14,3250,65,9863642.232235,1359413.066406,0.285714,0.714286,382 384 425 427 482
nsga2,508_e-04,28,15,3250,65,9862077.682557,1358837.986328,0.306122,0.693878,382 384 425 426 482
nsga2,508_e-04,28,16,3250,65,9861142.812242,1358261.621094,0.326531,0.673469,382 383 425 426 482
nsga2,508_e-04,28,17,3250,65,9861142.812242,1358261.621094,0.346939,0.653061,382 383 425 426 482
nsga2,508_e-04,28,18,3250,65,9861142.812242,1358261.621094,0.367347,0.632653,382 383 425 426 482
nsga2,508_e-04,28,19,3250,65,9858850.907309,1354025.322266,0.387755,0.612245,383 384 401 426 482
nsga2,508_e-04,28,20,3250,65,9858049.277837,1353200.099609,0.408163,0.591837,382 384 402 426 482
nsga2,508_e-04,28,21,3250,65,9857048.864471,1351707.833984,0.428571,0.571429,381 384 423 425 429
nsga2,508_e-04,28,22,3250,65,9854231.470077,1351493.732422,0.448980,0.551020,381 385 423 425 428
nsga2,508_e-04,28,23,3250,65,9851527.746521,1351022.482422,0.469388,0.530612,381 384 423 425 428
nsga2,508_e-04,28,24,3250,65,9851527.746521,1351022.482422,0.489796,0.510204,381 384 423 425 428
nsga2,508_e-04,28,25,3250,65,9848976.611029,1350504.818359,0.510204,0.489796,382 384 423 425 428
nsga2,508_e-04,28,26,3250,65,9847199.198646,1350358.146484,0.530612,0.469388,381 384 424 425 428
nsga2,508_e-04,28,27,3250,65,9844648.063153,1349840.482422,0.551020,0.448980,382 384 424 425 428
nsga2,508_e-04,28,28,3250,65,9844648.063153,1349840.482422,0.571429,0.428571,382 384 424 425 428
nsga2,508_e-04,28,29,3250,65,9842909.548714,1349355.988281,0.591837,0.408163,381 383 384 424 427
nsga2,508_e-04,28,30,3250,65,9842909.548714,1349355.988281,0.612245,0.387755,381 383 384 424 427
nsga2,508_e-04,28,31,3250,65,9841093.538074,1349051.724609,0.632653,0.367347,382 384 424 425 427
nsga2,508_e-04,28,32,3250,65,9840270.455397,1348478.154297,0.653061,0.346939,383 384 424 425 427
nsga2,508_e-04,28,33,3250,65,9838267.991322,1348164.490234,0.673469,0.326531,382 384 425 426 427
nsga2,508_e-04,28,34,3250,65,9838267.991322,1348164.490234,0.693878,0.306122,382 384 425 426 427
nsga2,508_e-04,28,35,3250,65,9837333.121007,1347588.125000,0.714286,0.285714,382 383 425 426 427
nsga2,508_e-04,28,36,3250,65,9837333.121007,1347588.125000,0.734694,0.265306,382 383 425 426 427
nsga2,508_e-04,28,37,3250,65,9835468.247087,1344989.832031,0.755102,0.244898,383 384 401 425 427
nsga2,508_e-04,28,38,3250,65,9835468.247087,1344989.832031,0.775510,0.224490,383 384 401 425 427
nsga2,508_e-04,28,39,3250,65,9834666.617614,1343738.027344,0.795918,0.204082,382 384 402 425 427
nsga2,508_e-04,28,40,3250,65,9833102.067936,1342946.597656,0.816327,0.183673,382 384 402 425 426
nsga2,508_e-04,28,41,3250,65,9833102.067936,1342946.597656,0.836735,0.163265,382 384 402 425 426
nsga2,508_e-04,28,42,3250,65,9832174.967220,1340332.027344,0.857143,0.142857,384 401 402 425 427
nsga2,508_e-04,28,43,3250,65,9830698.375366,1338531.386719,0.877551,0.122449,382 384 401 402 426
nsga2,508_e-04,28,44,3250,65,9830698.375366,1338531.386719,0.897959,0.102041,382 384 401 402 426
nsga2,508_e-04,28,45,3250,65,9830069.550472,1332653.132812,0.918367,0.081633,383 384 402 403 427
nsga2,508_e-04,28,46,3250,65,9828400.982754,1331864.830078,0.938776,0.061224,384 401 402 403 427
nsga2,508_e-04,28,47,3250,65,9828400.982754,1331864.830078,0.959184,0.040816,384 401 402 403 427
nsga2,508_e-04,28,48,3250,65,9827466.112440,1330957.539062,0.979592,0.020408,383 401 402 403 427
nsga2,508_e-04,28,49,3250,65,9826576.410703,1329159.640625,1.000000,0.000000,401 402 403 404 427
nsga2,508_e-04,28,0,3300,66,11196491.320573,1375069.998047,0.000000,1.000000,386 3391 4871 5483 5655
nsga2,508_e-04,28,1,3300,66,9961615.128617,1374690.701172,0.020408,0.979592,352 383 426 482 553
nsga2,508_e-04,28,2,3300,66,9929680.039322,1369562.167969,0.040816,0.959184,354 384 420 428 482
nsga2,508_e-04,28,3,3300,66,9920580.052042,1368880.248047,0.061224,0.938776,352 383 420 426 482
nsga2,508_e-04,28,4,3300,66,9904209.495291,1368071.740234,0.081633,0.918367,354 385 424 428 482
nsga2,508_e-04,28,5,3300,66,9893970.334134,1367596.195312,0.102041,0.897959,352 383 424 427 482
nsga2,508_e-04,28,6,3300,66,9890007.268715,1366502.068359,0.122449,0.877551,352 383 425 426 482
nsga2,508_e-04,28,7,3300,66,9890007.268715,1366502.068359,0.142857,0.857143,352 383 425 426 482
nsga2,508_e-04,28,8,3300,66,9886913.734310,1363846.605469,0.163265,0.836735,352 384 402 426 482
nsga2,508_e-04,28,9,3300,66,9879178.679978,1361817.460938,0.183673,0.816327,381 385 423 428 482
nsga2,508_e-04,28,10,3300,66,9879116.815378,1361346.039062,0.204082,0.795918,381 384 422 427 482
nsga2,508_e-04,28,11,3300,66,9872146.408547,1360919.794922,0.224490,0.775510,381 384 424 428 482
nsga2,508_e-04,28,12,3300,66,9868591.883469,1360449.777344,0.244898,0.755102,381 384 424 427 482
nsga2,508_e-04,28,13,3300,66,9866040.747976,1359932.113281,0.265306,0.734694,382 384 424 427 482
nsga2,508_e-04,28,14,3300,66,9863642.232235,1359413.066406,0.285714,0.714286,382 384 425 427 482
nsga2,508_e-04,28,15,3300,66,9862077.682557,1358837.986328,0.306122,0.693878,382 384 425 426 482
nsga2,508_e-04,28,16,3300,66,9861142.812242,1358261.621094,0.326531,0.673469,382 383 425 426 482
nsga2,508_e-04,28,17,3300,66,9861142.812242,1358261.621094,0.346939,0.653061,382 383 425 426 482
nsga2,508_e-04,28,18,3300,66,9860723.550829,1354526.419922,0.367347,0.632653,384 401 426 427 482
nsga2,508_e-04,28,19,3300,66,9858850.907309,1354025.322266,0.387755,0.612245,383 384 401 426 482
nsga2,508_e-04,28,20,3300,66,9858049.277837,1353200.099609,0.408163,0.591837,382 384 402 426 482
nsga2,508_e-04,28,21,3300,66,9854231.470077,1351493.732422,0.428571,0.571429,381 385 423 425 428
nsga2,508_e-04,28,22,3300,66,9854231.470077,1351493.732422,0.448980,0.551020,381 385 423 425 428
nsga2,508_e-04,28,23,3300,66,9851527.746521,1351022.482422,0.469388,0.530612,381 384 423 425 428
nsga2,508_e-04,28,24,3300,66,9848976.611029,1350504.818359,0.489796,0.510204,382 384 423 425 428
nsga2,508_e-04,28,25,3300,66,9848976.611029,1350504.818359,0.510204,0.489796,382 384 423 425 428
nsga2,508_e-04,28,26,3300,66,9847199.198646,1350358.146484,0.530612,0.469388,381 384 424 425 428
nsga2,508_e-04,28,27,3300,66,9844648.063153,1349840.482422,0.551020,0.448980,382 384 424 425 428
nsga2,508_e-04,28,28,3300,66,9844648.063153,1349840.482422,0.571429,0.428571,382 384 424 425 428
nsga2,508_e-04,28,29,3300,66,9842909.548714,1349355.988281,0.591837,0.408163,381 383 384 424 427
nsga2,508_e-04,28,30,3300,66,9841093.538074,1349051.724609,0.612245,0.387755,382 384 424 425 427
nsga2,508_e-04,28,31,3300,66,9840270.455397,1348478.154297,0.632653,0.367347,383 384 424 425 427
nsga2,508_e-04,28,32,3300,66,9838267.991322,1348164.490234,0.653061,0.346939,382 384 425 426 427
nsga2,508_e-04,28,33,3300,66,9838267.991322,1348164.490234,0.673469,0.326531,382 384 425 426 427
nsga2,508_e-04,28,34,3300,66,9837333.121007,1347588.125000,0.693878,0.306122,382 383 425 426 427
nsga2,508_e-04,28,35,3300,66,9837333.121007,1347588.125000,0.714286,0.285714,382 383 425 426 427
nsga2,508_e-04,28,36,3300,66,9835468.247087,1344989.832031,0.734694,0.265306,383 384 401 425 427
nsga2,508_e-04,28,37,3300,66,9835468.247087,1344989.832031,0.755102,0.244898,383 384 401 425 427
nsga2,508_e-04,28,38,3300,66,9834666.617614,1343738.027344,0.775510,0.224490,382 384 402 425 427
nsga2,508_e-04,28,39,3300,66,9833102.067936,1342946.597656,0.795918,0.204082,382 384 402 425 426
nsga2,508_e-04,28,40,3300,66,9833102.067936,1342946.597656,0.816327,0.183673,382 384 402 425 426
nsga2,508_e-04,28,41,3300,66,9832174.967220,1340332.027344,0.836735,0.163265,384 401 402 425 427
nsga2,508_e-04,28,42,3300,66,9830698.375366,1338531.386719,0.857143,0.142857,382 384 401 402 426
nsga2,508_e-04,28,43,3300,66,9830698.375366,1338531.386719,0.877551,0.122449,382 384 401 402 426
nsga2,508_e-04,28,44,3300,66,9830069.550472,1332653.132812,0.897959,0.102041,383 384 402 403 427
nsga2,508_e-04,28,45,3300,66,9828400.982754,1331864.830078,0.918367,0.081633,384 401 402 403 427
nsga2,508_e-04,28,46,3300,66,9827263.464088,1331165.744141,0.938776,0.061224,384 401 402 403 425
nsga2,508_e-04,28,47,3300,66,9827263.464088,1331165.744141,0.959184,0.040816,384 401 402 403 425
nsga2,508_e-04,28,48,3300,66,9825526.849860,1329228.361328,0.979592,0.020408,382 401 402 403 404
nsga2,508_e-04,28,49,3300,66,9825526.849860,1329228.361328,1.000000,0.000000,382 401 402 403 404
nsga2,508_e-04,28,0,3350,67,11170732.580024,1375069.998047,0.000000,1.000000,386 3391 4871 5483 5603
nsga2,508_e-04,28,1,3350,67,9961615.128617,1374690.701172,0.020408,0.979592,352 383 426 482 553
nsga2,508_e-04,28,2,3350,67,9929680.039322,1369562.167969,0.040816,0.959184,354 384 420 428 482
nsga2,508_e-04,28,3,3350,67,9920580.052042,1368880.248047,0.061224,0.938776,352 383 420 426 482
nsga2,508_e-04,28,4,3350,67,9904209.495291,1368071.740234,0.081633,0.918367,354 385 424 428 482
nsga2,508_e-04,28,5,3350,67,9893970.334134,1367596.195312,0.102041,0.897959,352 383 424 427 482
nsga2,508_e-04,28,6,3350,67,9890007.268715,1366502.068359,0.122449,0.877551,352 383 425 426 482
nsga2,508_e-04,28,7,3350,67,9890007.268715,1366502.068359,0.142857,0.857143,352 383 425 426 482
nsga2,508_e-04,28,8,3350,67,9886913.734310,1363846.605469,0.163265,0.836735,352 384 402 426 482
nsga2,508_e-04,28,9,3350,67,9879178.679978,1361817.460938,0.183673,0.816327,381 385 423 428 482
nsga2,508_e-04,28,10,3350,67,9874850.132103,1361391.044922,0.204082,0.795918,381 385 424 428 482
nsga2,508_e-04,28,11,3350,67,9872146.408547,1360919.794922,0.224490,0.775510,381 384 424 428 482
nsga2,508_e-04,28,12,3350,67,9868591.883469,1360449.777344,0.244898,0.755102,381 384 424 427 482
nsga2,508_e-04,28,13,3350,67,9866040.747976,1359932.113281,0.265306,0.734694,382 384 424 427 482
nsga2,508_e-04,28,14,3350,67,9863642.232235,1359413.066406,0.285714,0.714286,382 384 425 427 482
nsga2,508_e-04,28,15,3350,67,9862077.682557,1358837.986328,0.306122,0.693878,382 384 425 426 482
nsga2,508_e-04,28,16,3350,67,9861142.812242,1358261.621094,0.326531,0.673469,382 383 425 426 482
nsga2,508_e-04,28,17,3350,67,9861142.812242,1358261.621094,0.346939,0.653061,382 383 425 426 482
nsga2,508_e-04,28,18,3350,67,9860723.550829,1354526.419922,0.367347,0.632653,384 401 426 427 482
nsga2,508_e-04,28,19,3350,67,9858850.907309,1354025.322266,0.387755,0.612245,383 384 401 426 482
nsga2,508_e-04,28,20,3350,67,9858049.277837,1353200.099609,0.408163,0.591837,382 384 402 426 482
nsga2,508_e-04,28,21,3350,67,9854231.470077,1351493.732422,0.428571,0.571429,381 385 423 425 428
nsga2,508_e-04,28,22,3350,67,9854231.470077,1351493.732422,0.448980,0.551020,381 385 423 425 428
nsga2,508_e-04,28,23,3350,67,9851527.746521,1351022.482422,0.469388,0.530612,381 384 423 425 428
nsga2,508_e-04,28,24,3350,67,9848976.611029,1350504.818359,0.489796,0.510204,382 384 423 425 428
nsga2,508_e-04,28,25,3350,67,9848976.611029,1350504.818359,0.510204,0.489796,382 384 423 425 428
nsga2,508_e-04,28,26,3350,67,9847199.198646,1350358.146484,0.530612,0.469388,381 384 424 425 428
nsga2,508_e-04,28,27,3350,67,9844648.063153,1349840.482422,0.551020,0.448980,382 384 424 425 428
nsga2,508_e-04,28,28,3350,67,9844648.063153,1349840.482422,0.571429,0.428571,382 384 424 425 428
nsga2,508_e-04,28,29,3350,67,9842909.548714,1349355.988281,0.591837,0.408163,381 383 384 424 427
nsga2,508_e-04,28,30,3350,67,9841093.538074,1349051.724609,0.612245,0.387755,382 384 424 425 427
nsga2,508_e-04,28,31,3350,67,9840270.455397,1348478.154297,0.632653,0.367347,383 384 424 425 427
nsga2,508_e-04,28,32,3350,67,9838267.991322,1348164.490234,0.653061,0.346939,382 384 425 426 427
nsga2,508_e-04,28,33,3350,67,9838267.991322,1348164.490234,0.673469,0.326531,382 384 425 426 427
nsga2,508_e-04,28,34,3350,67,9837333.121007,1347588.125000,0.693878,0.306122,382 383 425 426 427
nsga2,508_e-04,28,35,3350,67,9837333.121007,1347588.125000,0.714286,0.285714,382 383 425 426 427
nsga2,508_e-04,28,36,3350,67,9835468.247087,1344989.832031,0.734694,0.265306,383 384 401 425 427
nsga2,508_e-04,28,37,3350,67,9835468.247087,1344989.832031,0.755102,0.244898,383 384 401 425 427
nsga2,508_e-04,28,38,3350,67,9834666.617614,1343738.027344,0.775510,0.224490,382 384 402 425 427
nsga2,508_e-04,28,39,3350,67,9833102.067936,1342946.597656,0.795918,0.204082,382 384 402 425 426
nsga2,508_e-04,28,40,3350,67,9833102.067936,1342946.597656,0.816327,0.183673,382 384 402 425 426
nsga2,508_e-04,28,41,3350,67,9832174.967220,1340332.027344,0.836735,0.163265,384 401 402 425 427
nsga2,508_e-04,28,42,3350,67,9830698.375366,1338531.386719,0.857143,0.142857,382 384 401 402 426
nsga2,508_e-04,28,43,3350,67,9830698.375366,1338531.386719,0.877551,0.122449,382 384 401 402 426
nsga2,508_e-04,28,44,3350,67,9830069.550472,1332653.132812,0.897959,0.102041,383 384 402 403 427
nsga2,508_e-04,28,45,3350,67,9828400.982754,1331864.830078,0.918367,0.081633,384 401 402 403 427
nsga2,508_e-04,28,46,3350,67,9827263.464088,1331165.744141,0.938776,0.061224,384 401 402 403 425
nsga2,508_e-04,28,47,3350,67,9827263.464088,1331165.744141,0.959184,0.040816,384 401 402 403 425
nsga2,508_e-04,28,48,3350,67,9825526.849860,1329228.361328,0.979592,0.020408,382 401 402 403 404
nsga2,508_e-04,28,49,3350,67,9825526.849860,1329228.361328,1.000000,0.000000,382 401 402 403 404
nsga2,508_e-04,28,0,3400,68,11170732.580024,1375069.998047,0.000000,1.000000,386 3391 4871 5483 5603
nsga2,508_e-04,28,1,3400,68,9961615.128617,1374690.701172,0.020408,0.979592,352 383 426 482 553
nsga2,508_e-04,28,2,3400,68,9929680.039322,1369562.167969,0.040816,0.959184,354 384 420 428 482
nsga2,508_e-04,28,3,3400,68,9920580.052042,1368880.248047,0.061224,0.938776,352 383 420 426 482
nsga2,508_e-04,28,4,3400,68,9904209.495291,1368071.740234,0.081633,0.918367,354 385 424 428 482
nsga2,508_e-04,28,5,3400,68,9893970.334134,1367596.195312,0.102041,0.897959,352 383 424 427 482
nsga2,508_e-04,28,6,3400,68,9890007.268715,1366502.068359,0.122449,0.877551,352 383 425 426 482
nsga2,508_e-04,28,7,3400,68,9890007.268715,1366502.068359,0.142857,0.857143,352 383 425 426 482
nsga2,508_e-04,28,8,3400,68,9886913.734310,1363846.605469,0.163265,0.836735,352 384 402 426 482
nsga2,508_e-04,28,9,3400,68,9879178.679978,1361817.460938,0.183673,0.816327,381 385 423 428 482
nsga2,508_e-04,28,10,3400,68,9874850.132103,1361391.044922,0.204082,0.795918,381 385 424 428 482
nsga2,508_e-04,28,11,3400,68,9872146.408547,1360919.794922,0.224490,0.775510,381 384 424 428 482
nsga2,508_e-04,28,12,3400,68,9868591.883469,1360449.777344,0.244898,0.755102,381 384 424 427 482
nsga2,508_e-04,28,13,3400,68,9866040.747976,1359932.113281,0.265306,0.734694,382 384 424 427 482
nsga2,508_e-04,28,14,3400,68,9863642.232235,1359413.066406,0.285714,0.714286,382 384 425 427 482
nsga2,508_e-04,28,15,3400,68,9862077.682557,1358837.986328,0.306122,0.693878,382 384 425 426 482
nsga2,508_e-04,28,16,3400,68,9861142.812242,1358261.621094,0.326531,0.673469,382 383 425 426 482
nsga2,508_e-04,28,17,3400,68,9861142.812242,1358261.621094,0.346939,0.653061,382 383 425 426 482
nsga2,508_e-04,28,18,3400,68,9860723.550829,1354526.419922,0.367347,0.632653,384 401 426 427 482
nsga2,508_e-04,28,19,3400,68,9858850.907309,1354025.322266,0.387755,0.612245,383 384 401 426 482
nsga2,508_e-04,28,20,3400,68,9858049.277837,1353200.099609,0.408163,0.591837,382 384 402 426 482
nsga2,508_e-04,28,21,3400,68,9854231.470077,1351493.732422,0.428571,0.571429,381 385 423 425 428
nsga2,508_e-04,28,22,3400,68,9854231.470077,1351493.732422,0.448980,0.551020,381 385 423 425 428
nsga2,508_e-04,28,23,3400,68,9851527.746521,1351022.482422,0.469388,0.530612,381 384 423 425 428
nsga2,508_e-04,28,24,3400,68,9847199.198646,1350358.146484,0.489796,0.510204,381 384 424 425 428
nsga2,508_e-04,28,25,3400,68,9847199.198646,1350358.146484,0.510204,0.489796,381 384 424 425 428
nsga2,508_e-04,28,26,3400,68,9847199.198646,1350358.146484,0.530612,0.469388,381 384 424 425 428
nsga2,508_e-04,28,27,3400,68,9844648.063153,1349840.482422,0.551020,0.448980,382 384 424 425 428
nsga2,508_e-04,28,28,3400,68,9844648.063153,1349840.482422,0.571429,0.428571,382 384 424 425 428
nsga2,508_e-04,28,29,3400,68,9842909.548714,1349355.988281,0.591837,0.408163,381 383 384 424 427
nsga2,508_e-04,28,30,3400,68,9841093.538074,1349051.724609,0.612245,0.387755,382 384 424 425 427
nsga2,508_e-04,28,31,3400,68,9840270.455397,1348478.154297,0.632653,0.367347,383 384 424 425 427
nsga2,508_e-04,28,32,3400,68,9838267.991322,1348164.490234,0.653061,0.346939,382 384 425 426 427
nsga2,508_e-04,28,33,3400,68,9838267.991322,1348164.490234,0.673469,0.326531,382 384 425 426 427
nsga2,508_e-04,28,34,3400,68,9837333.121007,1347588.125000,0.693878,0.306122,382 383 425 426 427
nsga2,508_e-04,28,35,3400,68,9837333.121007,1347588.125000,0.714286,0.285714,382 383 425 426 427
nsga2,508_e-04,28,36,3400,68,9835468.247087,1344989.832031,0.734694,0.265306,383 384 401 425 427
nsga2,508_e-04,28,37,3400,68,9835468.247087,1344989.832031,0.755102,0.244898,383 384 401 425 427
nsga2,508_e-04,28,38,3400,68,9834666.617614,1343738.027344,0.775510,0.224490,382 384 402 425 427
nsga2,508_e-04,28,39,3400,68,9833102.067936,1342946.597656,0.795918,0.204082,382 384 402 425 426
nsga2,508_e-04,28,40,3400,68,9833102.067936,1342946.597656,0.816327,0.183673,382 384 402 425 426
nsga2,508_e-04,28,41,3400,68,9832174.967220,1340332.027344,0.836735,0.163265,384 401 402 425 427
nsga2,508_e-04,28,42,3400,68,9830698.375366,1338531.386719,0.857143,0.142857,382 384 401 402 426
nsga2,508_e-04,28,43,3400,68,9830698.375366,1338531.386719,0.877551,0.122449,382 384 401 402 426
nsga2,508_e-04,28,44,3400,68,9830069.550472,1332653.132812,0.897959,0.102041,383 384 402 403 427
nsga2,508_e-04,28,45,3400,68,9828400.982754,1331864.830078,0.918367,0.081633,384 401 402 403 427
nsga2,508_e-04,28,46,3400,68,9827263.464088,1331165.744141,0.938776,0.061224,384 401 402 403 425
nsga2,508_e-04,28,47,3400,68,9827263.464088,1331165.744141,0.959184,0.040816,384 401 402 403 425
nsga2,508_e-04,28,48,3400,68,9825526.849860,1329228.361328,0.979592,0.020408,382 401 402 403 404
nsga2,508_e-04,28,49,3400,68,9825526.849860,1329228.361328,1.000000,0.000000,382 401 402 403 404
nsga2,508_e-04,28,0,3450,69,11149772.116275,1375069.998047,0.000000,1.000000,386 4871 5483 5603 5749
nsga2,508_e-04,28,1,3450,69,9961615.128617,1374690.701172,0.020408,0.979592,352 383 426 482 553
nsga2,508_e-04,28,2,3450,69,9929680.039322,1369562.167969,0.040816,0.959184,354 384 420 428 482
nsga2,508_e-04,28,3,3450,69,9920580.052042,1368880.248047,0.061224,0.938776,352 383 420 426 482
nsga2,508_e-04,28,4,3450,69,9903045.977163,1368492.794922,0.081633,0.918367,352 383 424 429 482
nsga2,508_e-04,28,5,3450,69,9893970.334134,1367596.195312,0.102041,0.897959,352 383 424 427 482
nsga2,508_e-04,28,6,3450,69,9890007.268715,1366502.068359,0.122449,0.877551,352 383 425 426 482
nsga2,508_e-04,28,7,3450,69,9890007.268715,1366502.068359,0.142857,0.857143,352 383 425 426 482
nsga2,508_e-04,28,8,3450,69,9886913.734310,1363846.605469,0.163265,0.836735,352 384 402 426 482
nsga2,508_e-04,28,9,3450,69,9879178.679978,1361817.460938,0.183673,0.816327,381 385 423 428 482
nsga2,508_e-04,28,10,3450,69,9874850.132103,1361391.044922,0.204082,0.795918,381 385 424 428 482
nsga2,508_e-04,28,11,3450,69,9872146.408547,1360919.794922,0.224490,0.775510,381 384 424 428 482
nsga2,508_e-04,28,12,3450,69,9868591.883469,1360449.777344,0.244898,0.755102,381 384 424 427 482
nsga2,508_e-04,28,13,3450,69,9866040.747976,1359932.113281,0.265306,0.734694,382 384 424 427 482
nsga2,508_e-04,28,14,3450,69,9863642.232235,1359413.066406,0.285714,0.714286,382 384 425 427 482
nsga2,508_e-04,28,15,3450,69,9862077.682557,1358837.986328,0.306122,0.693878,382 384 425 426 482
nsga2,508_e-04,28,16,3450,69,9861142.812242,1358261.621094,0.326531,0.673469,382 383 425 426 482
nsga2,508_e-04,28,17,3450,69,9861142.812242,1358261.621094,0.346939,0.653061,382 383 425 426 482
nsga2,508_e-04,28,18,3450,69,9860723.550829,1354526.419922,0.367347,0.632653,384 401 426 427 482
nsga2,508_e-04,28,19,3450,69,9858850.907309,1354025.322266,0.387755,0.612245,383 384 401 426 482
nsga2,508_e-04,28,20,3450,69,9858049.277837,1353200.099609,0.408163,0.591837,382 384 402 426 482
nsga2,508_e-04,28,21,3450,69,9854231.470077,1351493.732422,0.428571,0.571429,381 385 423 425 428
nsga2,508_e-04,28,22,3450,69,9854231.470077,1351493.732422,0.448980,0.551020,381 385 423 425 428
nsga2,508_e-04,28,23,3450,69,9851527.746521,1351022.482422,0.469388,0.530612,381 384 423 425 428
nsga2,508_e-04,28,24,3450,69,9847199.198646,1350358.146484,0.489796,0.510204,381 384 424 425 428
nsga2,508_e-04,28,25,3450,69,9847199.198646,1350358.146484,0.510204,0.489796,381 384 424 425 428
nsga2,508_e-04,28,26,3450,69,9847199.198646,1350358.146484,0.530612,0.469388,381 384 424 425 428
nsga2,508_e-04,28,27,3450,69,9844648.063153,1349840.482422,0.551020,0.448980,382 384 424 425 428
nsga2,508_e-04,28,28,3450,69,9844648.063153,1349840.482422,0.571429,0.428571,382 384 424 425 428
nsga2,508_e-04,28,29,3450,69,9842909.548714,1349355.988281,0.591837,0.408163,381 383 384 424 427
nsga2,508_e-04,28,30,3450,69,9841093.538074,1349051.724609,0.612245,0.387755,382 384 424 425 427
nsga2,508_e-04,28,31,3450,69,9840270.455397,1348478.154297,0.632653,0.367347,383 384 424 425 427
nsga2,508_e-04,28,32,3450,69,9838267.991322,1348164.490234,0.653061,0.346939,382 384 425 426 427
nsga2,508_e-04,28,33,3450,69,9838267.991322,1348164.490234,0.673469,0.326531,382 384 425 426 427
nsga2,508_e-04,28,34,3450,69,9837333.121007,1347588.125000,0.693878,0.306122,382 383 425 426 427
nsga2,508_e-04,28,35,3450,69,9837333.121007,1347588.125000,0.714286,0.285714,382 383 425 426 427
nsga2,508_e-04,28,36,3450,69,9835468.247087,1344989.832031,0.734694,0.265306,383 384 401 425 427
nsga2,508_e-04,28,37,3450,69,9835468.247087,1344989.832031,0.755102,0.244898,383 384 401 425 427
nsga2,508_e-04,28,38,3450,69,9834666.617614,1343738.027344,0.775510,0.224490,382 384 402 425 427
nsga2,508_e-04,28,39,3450,69,9833102.067936,1342946.597656,0.795918,0.204082,382 384 402 425 426
nsga2,508_e-04,28,40,3450,69,9833102.067936,1342946.597656,0.816327,0.183673,382 384 402 425 426
nsga2,508_e-04,28,41,3450,69,9832174.967220,1340332.027344,0.836735,0.163265,384 401 402 425 427
nsga2,508_e-04,28,42,3450,69,9830698.375366,1338531.386719,0.857143,0.142857,382 384 401 402 426
nsga2,508_e-04,28,43,3450,69,9830698.375366,1338531.386719,0.877551,0.122449,382 384 401 402 426
nsga2,508_e-04,28,44,3450,69,9830069.550472,1332653.132812,0.897959,0.102041,383 384 402 403 427
nsga2,508_e-04,28,45,3450,69,9828400.982754,1331864.830078,0.918367,0.081633,384 401 402 403 427
nsga2,508_e-04,28,46,3450,69,9827263.464088,1331165.744141,0.938776,0.061224,384 401 402 403 425
nsga2,508_e-04,28,47,3450,69,9827263.464088,1331165.744141,0.959184,0.040816,384 401 402 403 425
nsga2,508_e-04,28,48,3450,69,9825526.849860,1329228.361328,0.979592,0.020408,382 401 402 403 404
nsga2,508_e-04,28,49,3450,69,9825526.849860,1329228.361328,1.000000,0.000000,382 401 402 403 404
nsga2,508_e-04,28,0,3500,70,11149772.116275,1375069.998047,0.000000,1.000000,386 4871 5483 5603 5749
nsga2,508_e-04,28,1,3500,70,9961615.128617,1374690.701172,0.020408,0.979592,352 383 426 482 553
nsga2,508_e-04,28,2,3500,70,9929680.039322,1369562.167969,0.040816,0.959184,354 384 420 428 482
nsga2,508_e-04,28,3,3500,70,9920580.052042,1368880.248047,0.061224,0.938776,352 383 420 426 482
nsga2,508_e-04,28,4,3500,70,9903045.977163,1368492.794922,0.081633,0.918367,352 383 424 429 482
nsga2,508_e-04,28,5,3500,70,9893970.334134,1367596.195312,0.102041,0.897959,352 383 424 427 482
nsga2,508_e-04,28,6,3500,70,9890007.268715,1366502.068359,0.122449,0.877551,352 383 425 426 482
nsga2,508_e-04,28,7,3500,70,9890007.268715,1366502.068359,0.142857,0.857143,352 383 425 426 482
nsga2,508_e-04,28,8,3500,70,9886913.734310,1363846.605469,0.163265,0.836735,352 384 402 426 482
nsga2,508_e-04,28,9,3500,70,9879178.679978,1361817.460938,0.183673,0.816327,381 385 423 428 482
nsga2,508_e-04,28,10,3500,70,9874850.132103,1361391.044922,0.204082,0.795918,381 385 424 428 482
nsga2,508_e-04,28,11,3500,70,9872146.408547,1360919.794922,0.224490,0.775510,381 384 424 428 482
nsga2,508_e-04,28,12,3500,70,9868591.883469,1360449.777344,0.244898,0.755102,381 384 424 427 482
nsga2,508_e-04,28,13,3500,70,9866040.747976,1359932.113281,0.265306,0.734694,382 384 424 427 482
nsga2,508_e-04,28,14,3500,70,9863642.232235,1359413.066406,0.285714,0.714286,382 384 425 427 482
nsga2,508_e-04,28,15,3500,70,9862077.682557,1358837.986328,0.306122,0.693878,382 384 425 426 482
nsga2,508_e-04,28,16,3500,70,9861142.812242,1358261.621094,0.326531,0.673469,382 383 425 426 482
nsga2,508_e-04,28,17,3500,70,9861142.812242,1358261.621094,0.346939,0.653061,382 383 425 426 482
nsga2,508_e-04,28,18,3500,70,9860723.550829,1354526.419922,0.367347,0.632653,384 401 426 427 482
nsga2,508_e-04,28,19,3500,70,9858850.907309,1354025.322266,0.387755,0.612245,383 384 401 426 482
nsga2,508_e-04,28,20,3500,70,9858049.277837,1353200.099609,0.408163,0.591837,382 384 402 426 482
nsga2,508_e-04,28,21,3500,70,9854231.470077,1351493.732422,0.428571,0.571429,381 385 423 425 428
nsga2,508_e-04,28,22,3500,70,9854231.470077,1351493.732422,0.448980,0.551020,381 385 423 425 428
nsga2,508_e-04,28,23,3500,70,9851527.746521,1351022.482422,0.469388,0.530612,381 384 423 425 428
nsga2,508_e-04,28,24,3500,70,9851040.440868,1350514.359375,0.489796,0.510204,381 385 424 427 428
nsga2,508_e-04,28,25,3500,70,9847199.198646,1350358.146484,0.510204,0.489796,381 384 424 425 428
nsga2,508_e-04,28,26,3500,70,9847199.198646,1350358.146484,0.530612,0.469388,381 384 424 425 428
nsga2,508_e-04,28,27,3500,70,9844648.063153,1349840.482422,0.551020,0.448980,382 384 424 425 428
nsga2,508_e-04,28,28,3500,70,9844648.063153,1349840.482422,0.571429,0.428571,382 384 424 425 428
nsga2,508_e-04,28,29,3500,70,9842909.548714,1349355.988281,0.591837,0.408163,381 383 384 424 427
nsga2,508_e-04,28,30,3500,70,9841093.538074,1349051.724609,0.612245,0.387755,382 384 424 425 427
nsga2,508_e-04,28,31,3500,70,9840270.455397,1348478.154297,0.632653,0.367347,383 384 424 425 427
nsga2,508_e-04,28,32,3500,70,9838267.991322,1348164.490234,0.653061,0.346939,382 384 425 426 427
nsga2,508_e-04,28,33,3500,70,9838267.991322,1348164.490234,0.673469,0.326531,382 384 425 426 427
nsga2,508_e-04,28,34,3500,70,9837333.121007,1347588.125000,0.693878,0.306122,382 383 425 426 427
nsga2,508_e-04,28,35,3500,70,9837333.121007,1347588.125000,0.714286,0.285714,382 383 425 426 427
nsga2,508_e-04,28,36,3500,70,9835468.247087,1344989.832031,0.734694,0.265306,383 384 401 425 427
nsga2,508_e-04,28,37,3500,70,9835468.247087,1344989.832031,0.755102,0.244898,383 384 401 425 427
nsga2,508_e-04,28,38,3500,70,9834666.617614,1343738.027344,0.775510,0.224490,382 384 402 425 427
nsga2,508_e-04,28,39,3500,70,9833102.067936,1342946.597656,0.795918,0.204082,382 384 402 425 426
nsga2,508_e-04,28,40,3500,70,9833102.067936,1342946.597656,0.816327,0.183673,382 384 402 425 426
nsga2,508_e-04,28,41,3500,70,9832174.967220,1340332.027344,0.836735,0.163265,384 401 402 425 427
nsga2,508_e-04,28,42,3500,70,9830698.375366,1338531.386719,0.857143,0.142857,382 384 401 402 426
nsga2,508_e-04,28,43,3500,70,9830698.375366,1338531.386719,0.877551,0.122449,382 384 401 402 426
nsga2,508_e-04,28,44,3500,70,9830069.550472,1332653.132812,0.897959,0.102041,383 384 402 403 427
nsga2,508_e-04,28,45,3500,70,9828400.982754,1331864.830078,0.918367,0.081633,384 401 402 403 427
nsga2,508_e-04,28,46,3500,70,9827263.464088,1331165.744141,0.938776,0.061224,384 401 402 403 425
nsga2,508_e-04,28,47,3500,70,9827263.464088,1331165.744141,0.959184,0.040816,384 401 402 403 425
nsga2,508_e-04,28,48,3500,70,9825526.849860,1329228.361328,0.979592,0.020408,382 401 402 403 404
nsga2,508_e-04,28,49,3500,70,9825526.849860,1329228.361328,1.000000,0.000000,382 401 402 403 404
nsga2,508_e-04,28,0,3550,71,11149772.116275,1375069.998047,0.000000,1.000000,386 4871 5483 5603 5749
nsga2,508_e-04,28,1,3550,71,9961615.128617,1374690.701172,0.020408,0.979592,352 383 426 482 553
nsga2,508_e-04,28,2,3550,71,9929680.039322,1369562.167969,0.040816,0.959184,354 384 420 428 482
nsga2,508_e-04,28,3,3550,71,9920580.052042,1368880.248047,0.061224,0.938776,352 383 420 426 482
nsga2,508_e-04,28,4,3550,71,9903045.977163,1368492.794922,0.081633,0.918367,352 383 424 429 482
nsga2,508_e-04,28,5,3550,71,9893970.334134,1367596.195312,0.102041,0.897959,352 383 424 427 482
nsga2,508_e-04,28,6,3550,71,9890007.268715,1366502.068359,0.122449,0.877551,352 383 425 426 482
nsga2,508_e-04,28,7,3550,71,9890007.268715,1366502.068359,0.142857,0.857143,352 383 425 426 482
nsga2,508_e-04,28,8,3550,71,9886913.734310,1363846.605469,0.163265,0.836735,352 384 402 426 482
nsga2,508_e-04,28,9,3550,71,9879178.679978,1361817.460938,0.183673,0.816327,381 385 423 428 482
nsga2,508_e-04,28,10,3550,71,9874850.132103,1361391.044922,0.204082,0.795918,381 385 424 428 482
nsga2,508_e-04,28,11,3550,71,9872146.408547,1360919.794922,0.224490,0.775510,381 384 424 428 482
nsga2,508_e-04,28,12,3550,71,9868591.883469,1360449.777344,0.244898,0.755102,381 384 424 427 482
nsga2,508_e-04,28,13,3550,71,9866040.747976,1359932.113281,0.265306,0.734694,382 384 424 427 482
nsga2,508_e-04,28,14,3550,71,9863642.232235,1359413.066406,0.285714,0.714286,382 384 425 427 482
nsga2,508_e-04,28,15,3550,71,9862077.682557,1358837.986328,0.306122,0.693878,382 384 425 426 482
nsga2,508_e-04,28,16,3550,71,9861142.812242,1358261.621094,0.326531,0.673469,382 383 425 426 482
nsga2,508_e-04,28,17,3550,71,9861142.812242,1358261.621094,0.346939,0.653061,382 383 425 426 482
nsga2,508_e-04,28,18,3550,71,9860723.550829,1354526.419922,0.367347,0.632653,384 401 426 427 482
nsga2,508_e-04,28,19,3550,71,9858850.907309,1354025.322266,0.387755,0.612245,383 384 401 426 482
nsga2,508_e-04,28,20,3550,71,9858049.277837,1353200.099609,0.408163,0.591837,382 384 402 426 482
nsga2,508_e-04,28,21,3550,71,9854231.470077,1351493.732422,0.428571,0.571429,381 385 423 425 428
nsga2,508_e-04,28,22,3550,71,9854231.470077,1351493.732422,0.448980,0.551020,381 385 423 425 428
nsga2,508_e-04,28,23,3550,71,9851527.746521,1351022.482422,0.469388,0.530612,381 384 423 425 428
nsga2,508_e-04,28,24,3550,71,9851040.440868,1350514.359375,0.489796,0.510204,381 385 424 427 428
nsga2,508_e-04,28,25,3550,71,9847199.198646,1350358.146484,0.510204,0.489796,381 384 424 425 428
nsga2,508_e-04,28,26,3550,71,9847199.198646,1350358.146484,0.530612,0.469388,381 384 424 425 428
nsga2,508_e-04,28,27,3550,71,9844648.063153,1349840.482422,0.551020,0.448980,382 384 424 425 428
nsga2,508_e-04,28,28,3550,71,9844648.063153,1349840.482422,0.571429,0.428571,382 384 424 425 428
nsga2,508_e-04,28,29,3550,71,9842909.548714,1349355.988281,0.591837,0.408163,381 383 384 424 427
nsga2,508_e-04,28,30,3550,71,9841093.538074,1349051.724609,0.612245,0.387755,382 384 424 425 427
nsga2,508_e-04,28,31,3550,71,9840270.455397,1348478.154297,0.632653,0.367347,383 384 424 425 427
nsga2,508_e-04,28,32,3550,71,9838267.991322,1348164.490234,0.653061,0.346939,382 384 425 426 427
nsga2,508_e-04,28,33,3550,71,9838267.991322,1348164.490234,0.673469,0.326531,382 384 425 426 427
nsga2,508_e-04,28,34,3550,71,9837333.121007,1347588.125000,0.693878,0.306122,382 383 425 426 427
nsga2,508_e-04,28,35,3550,71,9837333.121007,1347588.125000,0.714286,0.285714,382 383 425 426 427
nsga2,508_e-04,28,36,3550,71,9835468.247087,1344989.832031,0.734694,0.265306,383 384 401 425 427
nsga2,508_e-04,28,37,3550,71,9835468.247087,1344989.832031,0.755102,0.244898,383 384 401 425 427
nsga2,508_e-04,28,38,3550,71,9834666.617614,1343738.027344,0.775510,0.224490,382 384 402 425 427
nsga2,508_e-04,28,39,3550,71,9833102.067936,1342946.597656,0.795918,0.204082,382 384 402 425 426
nsga2,508_e-04,28,40,3550,71,9833102.067936,1342946.597656,0.816327,0.183673,382 384 402 425 426
nsga2,508_e-04,28,41,3550,71,9832174.967220,1340332.027344,0.836735,0.163265,384 401 402 425 427
nsga2,508_e-04,28,42,3550,71,9830698.375366,1338531.386719,0.857143,0.142857,382 384 401 402 426
nsga2,508_e-04,28,43,3550,71,9830698.375366,1338531.386719,0.877551,0.122449,382 384 401 402 426
nsga2,508_e-04,28,44,3550,71,9830069.550472,1332653.132812,0.897959,0.102041,383 384 402 403 427
nsga2,508_e-04,28,45,3550,71,9828400.982754,1331864.830078,0.918367,0.081633,384 401 402 403 427
nsga2,508_e-04,28,46,3550,71,9827263.464088,1331165.744141,0.938776,0.061224,384 401 402 403 425
nsga2,508_e-04,28,47,3550,71,9827263.464088,1331165.744141,0.959184,0.040816,384 401 402 403 425
nsga2,508_e-04,28,48,3550,71,9825526.849860,1329228.361328,0.979592,0.020408,382 401 402 403 404
nsga2,508_e-04,28,49,3550,71,9825526.849860,1329228.361328,1.000000,0.000000,382 401 402 403 404
nsga2,508_e-04,28,0,3600,72,11138955.170129,1375069.998047,0.000000,1.000000,386 3393 4871 5483 5603
nsga2,508_e-04,28,1,3600,72,9961615.128617,1374690.701172,0.020408,0.979592,352 383 426 482 553
nsga2,508_e-04,28,2,3600,72,9929680.039322,1369562.167969,0.040816,0.959184,354 384 420 428 482
nsga2,508_e-04,28,3,3600,72,9920580.052042,1368880.248047,0.061224,0.938776,352 383 420 426 482
nsga2,508_e-04,28,4,3600,72,9903045.977163,1368492.794922,0.081633,0.918367,352 383 424 429 482
nsga2,508_e-04,28,5,3600,72,9893970.334134,1367596.195312,0.102041,0.897959,352 383 424 427 482
nsga2,508_e-04,28,6,3600,72,9890007.268715,1366502.068359,0.122449,0.877551,352 383 425 426 482
nsga2,508_e-04,28,7,3600,72,9890007.268715,1366502.068359,0.142857,0.857143,352 383 425 426 482
nsga2,508_e-04,28,8,3600,72,9886913.734310,1363846.605469,0.163265,0.836735,352 384 402 426 482
nsga2,508_e-04,28,9,3600,72,9879178.679978,1361817.460938,0.183673,0.816327,381 385 423 428 482
nsga2,508_e-04,28,10,3600,72,9874850.132103,1361391.044922,0.204082,0.795918,381 385 424 428 482
nsga2,508_e-04,28,11,3600,72,9872146.408547,1360919.794922,0.224490,0.775510,381 384 424 428 482
nsga2,508_e-04,28,12,3600,72,9868591.883469,1360449.777344,0.244898,0.755102,381 384 424 427 482
nsga2,508_e-04,28,13,3600,72,9866040.747976,1359932.113281,0.265306,0.734694,382 384 424 427 482
nsga2,508_e-04,28,14,3600,72,9863642.232235,1359413.066406,0.285714,0.714286,382 384 425 427 482
nsga2,508_e-04,28,15,3600,72,9862077.682557,1358837.986328,0.306122,0.693878,382 384 425 426 482
nsga2,508_e-04,28,16,3600,72,9861142.812242,1358261.621094,0.326531,0.673469,382 383 425 426 482
nsga2,508_e-04,28,17,3600,72,9861142.812242,1358261.621094,0.346939,0.653061,382 383 425 426 482
nsga2,508_e-04,28,18,3600,72,9860723.550829,1354526.419922,0.367347,0.632653,384 401 426 427 482
nsga2,508_e-04,28,19,3600,72,9858850.907309,1354025.322266,0.387755,0.612245,383 384 401 426 482
nsga2,508_e-04,28,20,3600,72,9858049.277837,1353200.099609,0.408163,0.591837,382 384 402 426 482
nsga2,508_e-04,28,21,3600,72,9854231.470077,1351493.732422,0.428571,0.571429,381 385 423 425 428
nsga2,508_e-04,28,22,3600,72,9854231.470077,1351493.732422,0.448980,0.551020,381 385 423 425 428
nsga2,508_e-04,28,23,3600,72,9851527.746521,1351022.482422,0.469388,0.530612,381 384 423 425 428
nsga2,508_e-04,28,24,3600,72,9851040.440868,1350514.359375,0.489796,0.510204,381 385 424 427 428
nsga2,508_e-04,28,25,3600,72,9847199.198646,1350358.146484,0.510204,0.489796,381 384 424 425 428
nsga2,508_e-04,28,26,3600,72,9847199.198646,1350358.146484,0.530612,0.469388,381 384 424 425 428
nsga2,508_e-04,28,27,3600,72,9844648.063153,1349840.482422,0.551020,0.448980,382 384 424 425 428
nsga2,508_e-04,28,28,3600,72,9844648.063153,1349840.482422,0.571429,0.428571,382 384 424 425 428
nsga2,508_e-04,28,29,3600,72,9842909.548714,1349355.988281,0.591837,0.408163,381 383 384 424 427
nsga2,508_e-04,28,30,3600,72,9841093.538074,1349051.724609,0.612245,0.387755,382 384 424 425 427
nsga2,508_e-04,28,31,3600,72,9840270.455397,1348478.154297,0.632653,0.367347,383 384 424 425 427
nsga2,508_e-04,28,32,3600,72,9838267.991322,1348164.490234,0.653061,0.346939,382 384 425 426 427
nsga2,508_e-04,28,33,3600,72,9838267.991322,1348164.490234,0.673469,0.326531,382 384 425 426 427
nsga2,508_e-04,28,34,3600,72,9837333.121007,1347588.125000,0.693878,0.306122,382 383 425 426 427
nsga2,508_e-04,28,35,3600,72,9837333.121007,1347588.125000,0.714286,0.285714,382 383 425 426 427
nsga2,508_e-04,28,36,3600,72,9835468.247087,1344989.832031,0.734694,0.265306,383 384 401 425 427
nsga2,508_e-04,28,37,3600,72,9835468.247087,1344989.832031,0.755102,0.244898,383 384 401 425 427
nsga2,508_e-04,28,38,3600,72,9834666.617614,1343738.027344,0.775510,0.224490,382 384 402 425 427
nsga2,508_e-04,28,39,3600,72,9833102.067936,1342946.597656,0.795918,0.204082,382 384 402 425 426
nsga2,508_e-04,28,40,3600,72,9833102.067936,1342946.597656,0.816327,0.183673,382 384 402 425 426
nsga2,508_e-04,28,41,3600,72,9832174.967220,1340332.027344,0.836735,0.163265,384 401 402 425 427
nsga2,508_e-04,28,42,3600,72,9830698.375366,1338531.386719,0.857143,0.142857,382 384 401 402 426
nsga2,508_e-04,28,43,3600,72,9830698.375366,1338531.386719,0.877551,0.122449,382 384 401 402 426
nsga2,508_e-04,28,44,3600,72,9830069.550472,1332653.132812,0.897959,0.102041,383 384 402 403 427
nsga2,508_e-04,28,45,3600,72,9828400.982754,1331864.830078,0.918367,0.081633,384 401 402 403 427
nsga2,508_e-04,28,46,3600,72,9827263.464088,1331165.744141,0.938776,0.061224,384 401 402 403 425
nsga2,508_e-04,28,47,3600,72,9827263.464088,1331165.744141,0.959184,0.040816,384 401 402 403 425
nsga2,508_e-04,28,48,3600,72,9825526.849860,1329228.361328,0.979592,0.020408,382 401 402 403 404
nsga2,508_e-04,28,49,3600,72,9825526.849860,1329228.361328,1.000000,0.000000,382 401 402 403 404
nsga2,508_e-04,28,0,3650,73,11138955.170129,1375069.998047,0.000000,1.000000,386 3393 4871 5483 5603
nsga2,508_e-04,28,1,3650,73,9961615.128617,1374690.701172,0.020408,0.979592,352 383 426 482 553
nsga2,508_e-04,28,2,3650,73,9929680.039322,1369562.167969,0.040816,0.959184,354 384 420 428 482
nsga2,508_e-04,28,3,3650,73,9920580.052042,1368880.248047,0.061224,0.938776,352 383 420 426 482
nsga2,508_e-04,28,4,3650,73,9902788.277403,1368493.994141,0.081633,0.918367,352 384 423 428 482
nsga2,508_e-04,28,5,3650,73,9893970.334134,1367596.195312,0.102041,0.897959,352 383 424 427 482
nsga2,508_e-04,28,6,3650,73,9890007.268715,1366502.068359,0.122449,0.877551,352 383 425 426 482
nsga2,508_e-04,28,7,3650,73,9890007.268715,1366502.068359,0.142857,0.857143,352 383 425 426 482
nsga2,508_e-04,28,8,3650,73,9886913.734310,1363846.605469,0.163265,0.836735,352 384 402 426 482
nsga2,508_e-04,28,9,3650,73,9879178.679978,1361817.460938,0.183673,0.816327,381 385 423 428 482
nsga2,508_e-04,28,10,3650,73,9874850.132103,1361391.044922,0.204082,0.795918,381 385 424 428 482
nsga2,508_e-04,28,11,3650,73,9872146.408547,1360919.794922,0.224490,0.775510,381 384 424 428 482
nsga2,508_e-04,28,12,3650,73,9868591.883469,1360449.777344,0.244898,0.755102,381 384 424 427 482
nsga2,508_e-04,28,13,3650,73,9866040.747976,1359932.113281,0.265306,0.734694,382 384 424 427 482
nsga2,508_e-04,28,14,3650,73,9863642.232235,1359413.066406,0.285714,0.714286,382 384 425 427 482
nsga2,508_e-04,28,15,3650,73,9862077.682557,1358837.986328,0.306122,0.693878,382 384 425 426 482
nsga2,508_e-04,28,16,3650,73,9861142.812242,1358261.621094,0.326531,0.673469,382 383 425 426 482
nsga2,508_e-04,28,17,3650,73,9861142.812242,1358261.621094,0.346939,0.653061,382 383 425 426 482
nsga2,508_e-04,28,18,3650,73,9860723.550829,1354526.419922,0.367347,0.632653,384 401 426 427 482
nsga2,508_e-04,28,19,3650,73,9858850.907309,1354025.322266,0.387755,0.612245,383 384 401 426 482
nsga2,508_e-04,28,20,3650,73,9858049.277837,1353200.099609,0.408163,0.591837,382 384 402 426 482
nsga2,508_e-04,28,21,3650,73,9854231.470077,1351493.732422,0.428571,0.571429,381 385 423 425 428
nsga2,508_e-04,28,22,3650,73,9854231.470077,1351493.732422,0.448980,0.551020,381 385 423 425 428
nsga2,508_e-04,28,23,3650,73,9851527.746521,1351022.482422,0.469388,0.530612,381 384 423 425 428
nsga2,508_e-04,28,24,3650,73,9851040.440868,1350514.359375,0.489796,0.510204,381 385 424 427 428
nsga2,508_e-04,28,25,3650,73,9847199.198646,1350358.146484,0.510204,0.489796,381 384 424 425 428
nsga2,508_e-04,28,26,3650,73,9847199.198646,1350358.146484,0.530612,0.469388,381 384 424 425 428
nsga2,508_e-04,28,27,3650,73,9844648.063153,1349840.482422,0.551020,0.448980,382 384 424 425 428
nsga2,508_e-04,28,28,3650,73,9844648.063153,1349840.482422,0.571429,0.428571,382 384 424 425 428
nsga2,508_e-04,28,29,3650,73,9842909.548714,1349355.988281,0.591837,0.408163,381 383 384 424 427
nsga2,508_e-04,28,30,3650,73,9841093.538074,1349051.724609,0.612245,0.387755,382 384 424 425 427
nsga2,508_e-04,28,31,3650,73,9840270.455397,1348478.154297,0.632653,0.367347,383 384 424 425 427
nsga2,508_e-04,28,32,3650,73,9838267.991322,1348164.490234,0.653061,0.346939,382 384 425 426 427
nsga2,508_e-04,28,33,3650,73,9838267.991322,1348164.490234,0.673469,0.326531,382 384 425 426 427
nsga2,508_e-04,28,34,3650,73,9837333.121007,1347588.125000,0.693878,0.306122,382 383 425 426 427
nsga2,508_e-04,28,35,3650,73,9837333.121007,1347588.125000,0.714286,0.285714,382 383 425 426 427
nsga2,508_e-04,28,36,3650,73,9835468.247087,1344989.832031,0.734694,0.265306,383 384 401 425 427
nsga2,508_e-04,28,37,3650,73,9835468.247087,1344989.832031,0.755102,0.244898,383 384 401 425 427
nsga2,508_e-04,28,38,3650,73,9834666.617614,1343738.027344,0.775510,0.224490,382 384 402 425 427
nsga2,508_e-04,28,39,3650,73,9833102.067936,1342946.597656,0.795918,0.204082,382 384 402 425 426
nsga2,508_e-04,28,40,3650,73,9833102.067936,1342946.597656,0.816327,0.183673,382 384 402 425 426
nsga2,508_e-04,28,41,3650,73,9832174.967220,1340332.027344,0.836735,0.163265,384 401 402 425 427
nsga2,508_e-04,28,42,3650,73,9830698.375366,1338531.386719,0.857143,0.142857,382 384 401 402 426
nsga2,508_e-04,28,43,3650,73,9830698.375366,1338531.386719,0.877551,0.122449,382 384 401 402 426
nsga2,508_e-04,28,44,3650,73,9830069.550472,1332653.132812,0.897959,0.102041,383 384 402 403 427
nsga2,508_e-04,28,45,3650,73,9828400.982754,1331864.830078,0.918367,0.081633,384 401 402 403 427
nsga2,508_e-04,28,46,3650,73,9827263.464088,1331165.744141,0.938776,0.061224,384 401 402 403 425
nsga2,508_e-04,28,47,3650,73,9827263.464088,1331165.744141,0.959184,0.040816,384 401 402 403 425
nsga2,508_e-04,28,48,3650,73,9825526.849860,1329228.361328,0.979592,0.020408,382 401 402 403 404
nsga2,508_e-04,28,49,3650,73,9825526.849860,1329228.361328,1.000000,0.000000,382 401 402 403 404
nsga2,508_e-04,28,0,3700,74,11138955.170129,1375069.998047,0.000000,1.000000,386 3393 4871 5483 5603
nsga2,508_e-04,28,1,3700,74,9961615.128617,1374690.701172,0.020408,0.979592,352 383 426 482 553
nsga2,508_e-04,28,2,3700,74,9929680.039322,1369562.167969,0.040816,0.959184,354 384 420 428 482
nsga2,508_e-04,28,3,3700,74,9920580.052042,1368880.248047,0.061224,0.938776,352 383 420 426 482
nsga2,508_e-04,28,4,3700,74,9902788.277403,1368493.994141,0.081633,0.918367,352 384 423 428 482
nsga2,508_e-04,28,5,3700,74,9893970.334134,1367596.195312,0.102041,0.897959,352 383 424 427 482
nsga2,508_e-04,28,6,3700,74,9890007.268715,1366502.068359,0.122449,0.877551,352 383 425 426 482
nsga2,508_e-04,28,7,3700,74,9888538.446459,1364439.562500,0.142857,0.857143,352 384 401 426 482
nsga2,508_e-04,28,8,3700,74,9886913.734310,1363846.605469,0.163265,0.836735,352 384 402 426 482
nsga2,508_e-04,28,9,3700,74,9879178.679978,1361817.460938,0.183673,0.816327,381 385 423 428 482
nsga2,508_e-04,28,10,3700,74,9874850.132103,1361391.044922,0.204082,0.795918,381 385 424 428 482
nsga2,508_e-04,28,11,3700,74,9872146.408547,1360919.794922,0.224490,0.775510,381 384 424 428 482
nsga2,508_e-04,28,12,3700,74,9868591.883469,1360449.777344,0.244898,0.755102,381 384 424 427 482
nsga2,508_e-04,28,13,3700,74,9866040.747976,1359932.113281,0.265306,0.734694,382 384 424 427 482
nsga2,508_e-04,28,14,3700,74,9863642.232235,1359413.066406,0.285714,0.714286,382 384 425 427 482
nsga2,508_e-04,28,15,3700,74,9862077.682557,1358837.986328,0.306122,0.693878,382 384 425 426 482
nsga2,508_e-04,28,16,3700,74,9861142.812242,1358261.621094,0.326531,0.673469,382 383 425 426 482
nsga2,508_e-04,28,17,3700,74,9861142.812242,1358261.621094,0.346939,0.653061,382 383 425 426 482
nsga2,508_e-04,28,18,3700,74,9860723.550829,1354526.419922,0.367347,0.632653,384 401 426 427 482
nsga2,508_e-04,28,19,3700,74,9858850.907309,1354025.322266,0.387755,0.612245,383 384 401 426 482
nsga2,508_e-04,28,20,3700,74,9858049.277837,1353200.099609,0.408163,0.591837,382 384 402 426 482
nsga2,508_e-04,28,21,3700,74,9854231.470077,1351493.732422,0.428571,0.571429,381 385 423 425 428
nsga2,508_e-04,28,22,3700,74,9854231.470077,1351493.732422,0.448980,0.551020,381 385 423 425 428
nsga2,508_e-04,28,23,3700,74,9851527.746521,1351022.482422,0.469388,0.530612,381 384 423 425 428
nsga2,508_e-04,28,24,3700,74,9851040.440868,1350514.359375,0.489796,0.510204,381 385 424 427 428
nsga2,508_e-04,28,25,3700,74,9847199.198646,1350358.146484,0.510204,0.489796,381 384 424 425 428
nsga2,508_e-04,28,26,3700,74,9847199.198646,1350358.146484,0.530612,0.469388,381 384 424 425 428
nsga2,508_e-04,28,27,3700,74,9844648.063153,1349840.482422,0.551020,0.448980,382 384 424 425 428
nsga2,508_e-04,28,28,3700,74,9844648.063153,1349840.482422,0.571429,0.428571,382 384 424 425 428
nsga2,508_e-04,28,29,3700,74,9842909.548714,1349355.988281,0.591837,0.408163,381 383 384 424 427
nsga2,508_e-04,28,30,3700,74,9841093.538074,1349051.724609,0.612245,0.387755,382 384 424 425 427
nsga2,508_e-04,28,31,3700,74,9841093.538074,1349051.724609,0.632653,0.367347,382 384 424 425 427
nsga2,508_e-04,28,32,3700,74,9838267.991322,1348164.490234,0.653061,0.346939,382 384 425 426 427
nsga2,508_e-04,28,33,3700,74,9838267.991322,1348164.490234,0.673469,0.326531,382 384 425 426 427
nsga2,508_e-04,28,34,3700,74,9837333.121007,1347588.125000,0.693878,0.306122,382 383 425 426 427
nsga2,508_e-04,28,35,3700,74,9837333.121007,1347588.125000,0.714286,0.285714,382 383 425 426 427
nsga2,508_e-04,28,36,3700,74,9835468.247087,1344989.832031,0.734694,0.265306,383 384 401 425 427
nsga2,508_e-04,28,37,3700,74,9835468.247087,1344989.832031,0.755102,0.244898,383 384 401 425 427
nsga2,508_e-04,28,38,3700,74,9834666.617614,1343738.027344,0.775510,0.224490,382 384 402 425 427
nsga2,508_e-04,28,39,3700,74,9833102.067936,1342946.597656,0.795918,0.204082,382 384 402 425 426
nsga2,508_e-04,28,40,3700,74,9833102.067936,1342946.597656,0.816327,0.183673,382 384 402 425 426
nsga2,508_e-04,28,41,3700,74,9832174.967220,1340332.027344,0.836735,0.163265,384 401 402 425 427
nsga2,508_e-04,28,42,3700,74,9830698.375366,1338531.386719,0.857143,0.142857,382 384 401 402 426
nsga2,508_e-04,28,43,3700,74,9830698.375366,1338531.386719,0.877551,0.122449,382 384 401 402 426
nsga2,508_e-04,28,44,3700,74,9830069.550472,1332653.132812,0.897959,0.102041,383 384 402 403 427
nsga2,508_e-04,28,45,3700,74,9828400.982754,1331864.830078,0.918367,0.081633,384 401 402 403 427
nsga2,508_e-04,28,46,3700,74,9827263.464088,1331165.744141,0.938776,0.061224,384 401 402 403 425
nsga2,508_e-04,28,47,3700,74,9827263.464088,1331165.744141,0.959184,0.040816,384 401 402 403 425
nsga2,508_e-04,28,48,3700,74,9825526.849860,1329228.361328,0.979592,0.020408,382 401 402 403 404
nsga2,508_e-04,28,49,3700,74,9825526.849860,1329228.361328,1.000000,0.000000,382 401 402 403 404
nsga2,508_e-04,28,0,3750,75,11138955.170129,1375069.998047,0.000000,1.000000,386 3393 4871 5483 5603
nsga2,508_e-04,28,1,3750,75,9961615.128617,1374690.701172,0.020408,0.979592,352 383 426 482 553
nsga2,508_e-04,28,2,3750,75,9929680.039322,1369562.167969,0.040816,0.959184,354 384 420 428 482
nsga2,508_e-04,28,3,3750,75,9920580.052042,1368880.248047,0.061224,0.938776,352 383 420 426 482
nsga2,508_e-04,28,4,3750,75,9902788.277403,1368493.994141,0.081633,0.918367,352 384 423 428 482
nsga2,508_e-04,28,5,3750,75,9893970.334134,1367596.195312,0.102041,0.897959,352 383 424 427 482
nsga2,508_e-04,28,6,3750,75,9890007.268715,1366502.068359,0.122449,0.877551,352 383 425 426 482
nsga2,508_e-04,28,7,3750,75,9888538.446459,1364439.562500,0.142857,0.857143,352 384 401 426 482
nsga2,508_e-04,28,8,3750,75,9886913.734310,1363846.605469,0.163265,0.836735,352 384 402 426 482
nsga2,508_e-04,28,9,3750,75,9879178.679978,1361817.460938,0.183673,0.816327,381 385 423 428 482
nsga2,508_e-04,28,10,3750,75,9874850.132103,1361391.044922,0.204082,0.795918,381 385 424 428 482
nsga2,508_e-04,28,11,3750,75,9872146.408547,1360919.794922,0.224490,0.775510,381 384 424 428 482
nsga2,508_e-04,28,12,3750,75,9868591.883469,1360449.777344,0.244898,0.755102,381 384 424 427 482
nsga2,508_e-04,28,13,3750,75,9866040.747976,1359932.113281,0.265306,0.734694,382 384 424 427 482
nsga2,508_e-04,28,14,3750,75,9863642.232235,1359413.066406,0.285714,0.714286,382 384 425 427 482
nsga2,508_e-04,28,15,3750,75,9862077.682557,1358837.986328,0.306122,0.693878,382 384 425 426 482
nsga2,508_e-04,28,16,3750,75,9861142.812242,1358261.621094,0.326531,0.673469,382 383 425 426 482
nsga2,508_e-04,28,17,3750,75,9861142.812242,1358261.621094,0.346939,0.653061,382 383 425 426 482
nsga2,508_e-04,28,18,3750,75,9860723.550829,1354526.419922,0.367347,0.632653,384 401 426 427 482
nsga2,508_e-04,28,19,3750,75,9858850.907309,1354025.322266,0.387755,0.612245,383 384 401 426 482
nsga2,508_e-04,28,20,3750,75,9858049.277837,1353200.099609,0.408163,0.591837,382 384 402 426 482
nsga2,508_e-04,28,21,3750,75,9854231.470077,1351493.732422,0.428571,0.571429,381 385 423 425 428
nsga2,508_e-04,28,22,3750,75,9854231.470077,1351493.732422,0.448980,0.551020,381 385 423 425 428
nsga2,508_e-04,28,23,3750,75,9851527.746521,1351022.482422,0.469388,0.530612,381 384 423 425 428
nsga2,508_e-04,28,24,3750,75,9851040.440868,1350514.359375,0.489796,0.510204,381 385 424 427 428
nsga2,508_e-04,28,25,3750,75,9847199.198646,1350358.146484,0.510204,0.489796,381 384 424 425 428
nsga2,508_e-04,28,26,3750,75,9847199.198646,1350358.146484,0.530612,0.469388,381 384 424 425 428
nsga2,508_e-04,28,27,3750,75,9844648.063153,1349840.482422,0.551020,0.448980,382 384 424 425 428
nsga2,508_e-04,28,28,3750,75,9844648.063153,1349840.482422,0.571429,0.428571,382 384 424 425 428
nsga2,508_e-04,28,29,3750,75,9842909.548714,1349355.988281,0.591837,0.408163,381 383 384 424 427
nsga2,508_e-04,28,30,3750,75,9841093.538074,1349051.724609,0.612245,0.387755,382 384 424 425 427
nsga2,508_e-04,28,31,3750,75,9840358.413222,1348644.759766,0.632653,0.367347,382 383 384 424 427
nsga2,508_e-04,28,32,3750,75,9838267.991322,1348164.490234,0.653061,0.346939,382 384 425 426 427
nsga2,508_e-04,28,33,3750,75,9838267.991322,1348164.490234,0.673469,0.326531,382 384 425 426 427
nsga2,508_e-04,28,34,3750,75,9837333.121007,1347588.125000,0.693878,0.306122,382 383 425 426 427
nsga2,508_e-04,28,35,3750,75,9837333.121007,1347588.125000,0.714286,0.285714,382 383 425 426 427
nsga2,508_e-04,28,36,3750,75,9835468.247087,1344989.832031,0.734694,0.265306,383 384 401 425 427
nsga2,508_e-04,28,37,3750,75,9835468.247087,1344989.832031,0.755102,0.244898,383 384 401 425 427
nsga2,508_e-04,28,38,3750,75,9834666.617614,1343738.027344,0.775510,0.224490,382 384 402 425 427
nsga2,508_e-04,28,39,3750,75,9833102.067936,1342946.597656,0.795918,0.204082,382 384 402 425 426
nsga2,508_e-04,28,40,3750,75,9833102.067936,1342946.597656,0.816327,0.183673,382 384 402 425 426
nsga2,508_e-04,28,41,3750,75,9832174.967220,1340332.027344,0.836735,0.163265,384 401 402 425 427
nsga2,508_e-04,28,42,3750,75,9830698.375366,1338531.386719,0.857143,0.142857,382 384 401 402 426
nsga2,508_e-04,28,43,3750,75,9830698.375366,1338531.386719,0.877551,0.122449,382 384 401 402 426
nsga2,508_e-04,28,44,3750,75,9830069.550472,1332653.132812,0.897959,0.102041,383 384 402 403 427
nsga2,508_e-04,28,45,3750,75,9828400.982754,1331864.830078,0.918367,0.081633,384 401 402 403 427
nsga2,508_e-04,28,46,3750,75,9827263.464088,1331165.744141,0.938776,0.061224,384 401 402 403 425
nsga2,508_e-04,28,47,3750,75,9827263.464088,1331165.744141,0.959184,0.040816,384 401 402 403 425
nsga2,508_e-04,28,48,3750,75,9825526.849860,1329228.361328,0.979592,0.020408,382 401 402 403 404
nsga2,508_e-04,28,49,3750,75,9825526.849860,1329228.361328,1.000000,0.000000,382 401 402 403 404
nsga2,508_e-04,28,0,3800,76,11138955.170129,1375069.998047,0.000000,1.000000,386 3393 4871 5483 5603
nsga2,508_e-04,28,1,3800,76,9961615.128617,1374690.701172,0.020408,0.979592,352 383 426 482 553
nsga2,508_e-04,28,2,3800,76,9929680.039322,1369562.167969,0.040816,0.959184,354 384 420 428 482
nsga2,508_e-04,28,3,3800,76,9920580.052042,1368880.248047,0.061224,0.938776,352 383 420 426 482
nsga2,508_e-04,28,4,3800,76,9902788.277403,1368493.994141,0.081633,0.918367,352 384 423 428 482
nsga2,508_e-04,28,5,3800,76,9893970.334134,1367596.195312,0.102041,0.897959,352 383 424 427 482
nsga2,508_e-04,28,6,3800,76,9890007.268715,1366502.068359,0.122449,0.877551,352 383 425 426 482
nsga2,508_e-04,28,7,3800,76,9888538.446459,1364439.562500,0.142857,0.857143,352 384 401 426 482
nsga2,508_e-04,28,8,3800,76,9886913.734310,1363846.605469,0.163265,0.836735,352 384 402 426 482
nsga2,508_e-04,28,9,3800,76,9879178.679978,1361817.460938,0.183673,0.816327,381 385 423 428 482
nsga2,508_e-04,28,10,3800,76,9874850.132103,1361391.044922,0.204082,0.795918,381 385 424 428 482
nsga2,508_e-04,28,11,3800,76,9872146.408547,1360919.794922,0.224490,0.775510,381 384 424 428 482
nsga2,508_e-04,28,12,3800,76,9868591.883469,1360449.777344,0.244898,0.755102,381 384 424 427 482
nsga2,508_e-04,28,13,3800,76,9866040.747976,1359932.113281,0.265306,0.734694,382 384 424 427 482
nsga2,508_e-04,28,14,3800,76,9863642.232235,1359413.066406,0.285714,0.714286,382 384 425 427 482
nsga2,508_e-04,28,15,3800,76,9862077.682557,1358837.986328,0.306122,0.693878,382 384 425 426 482
nsga2,508_e-04,28,16,3800,76,9861142.812242,1358261.621094,0.326531,0.673469,382 383 425 426 482
nsga2,508_e-04,28,17,3800,76,9861142.812242,1358261.621094,0.346939,0.653061,382 383 425 426 482
nsga2,508_e-04,28,18,3800,76,9860723.550829,1354526.419922,0.367347,0.632653,384 401 426 427 482
nsga2,508_e-04,28,19,3800,76,9858850.907309,1354025.322266,0.387755,0.612245,383 384 401 426 482
nsga2,508_e-04,28,20,3800,76,9858049.277837,1353200.099609,0.408163,0.591837,382 384 402 426 482
nsga2,508_e-04,28,21,3800,76,9854231.470077,1351493.732422,0.428571,0.571429,381 385 423 425 428
nsga2,508_e-04,28,22,3800,76,9854231.470077,1351493.732422,0.448980,0.551020,381 385 423 425 428
nsga2,508_e-04,28,23,3800,76,9851527.746521,1351022.482422,0.469388,0.530612,381 384 423 425 428
nsga2,508_e-04,28,24,3800,76,9848549.580017,1350362.400391,0.489796,0.510204,382 384 423 426 428
nsga2,508_e-04,28,25,3800,76,9848549.580017,1350362.400391,0.510204,0.489796,382 384 423 426 428
nsga2,508_e-04,28,26,3800,76,9847199.198646,1350358.146484,0.530612,0.469388,381 384 424 425 428
nsga2,508_e-04,28,27,3800,76,9844648.063153,1349840.482422,0.551020,0.448980,382 384 424 425 428
nsga2,508_e-04,28,28,3800,76,9844648.063153,1349840.482422,0.571429,0.428571,382 384 424 425 428
nsga2,508_e-04,28,29,3800,76,9842909.548714,1349355.988281,0.591837,0.408163,381 383 384 424 427
nsga2,508_e-04,28,30,3800,76,9841093.538074,1349051.724609,0.612245,0.387755,382 384 424 425 427
nsga2,508_e-04,28,31,3800,76,9840358.413222,1348644.759766,0.632653,0.367347,382 383 384 424 427
nsga2,508_e-04,28,32,3800,76,9838267.991322,1348164.490234,0.653061,0.346939,382 384 425 426 427
nsga2,508_e-04,28,33,3800,76,9838267.991322,1348164.490234,0.673469,0.326531,382 384 425 426 427
nsga2,508_e-04,28,34,3800,76,9837333.121007,1347588.125000,0.693878,0.306122,382 383 425 426 427
nsga2,508_e-04,28,35,3800,76,9837333.121007,1347588.125000,0.714286,0.285714,382 383 425 426 427
nsga2,508_e-04,28,36,3800,76,9835468.247087,1344989.832031,0.734694,0.265306,383 384 401 425 427
nsga2,508_e-04,28,37,3800,76,9835468.247087,1344989.832031,0.755102,0.244898,383 384 401 425 427
nsga2,508_e-04,28,38,3800,76,9834666.617614,1343738.027344,0.775510,0.224490,382 384 402 425 427
nsga2,508_e-04,28,39,3800,76,9833102.067936,1342946.597656,0.795918,0.204082,382 384 402 425 426
nsga2,508_e-04,28,40,3800,76,9833102.067936,1342946.597656,0.816327,0.183673,382 384 402 425 426
nsga2,508_e-04,28,41,3800,76,9832174.967220,1340332.027344,0.836735,0.163265,384 401 402 425 427
nsga2,508_e-04,28,42,3800,76,9830698.375366,1338531.386719,0.857143,0.142857,382 384 401 402 426
nsga2,508_e-04,28,43,3800,76,9830698.375366,1338531.386719,0.877551,0.122449,382 384 401 402 426
nsga2,508_e-04,28,44,3800,76,9830069.550472,1332653.132812,0.897959,0.102041,383 384 402 403 427
nsga2,508_e-04,28,45,3800,76,9828400.982754,1331864.830078,0.918367,0.081633,384 401 402 403 427
nsga2,508_e-04,28,46,3800,76,9827263.464088,1331165.744141,0.938776,0.061224,384 401 402 403 425
nsga2,508_e-04,28,47,3800,76,9827263.464088,1331165.744141,0.959184,0.040816,384 401 402 403 425
nsga2,508_e-04,28,48,3800,76,9825526.849860,1329228.361328,0.979592,0.020408,382 401 402 403 404
nsga2,508_e-04,28,49,3800,76,9825526.849860,1329228.361328,1.000000,0.000000,382 401 402 403 404
nsga2,508_e-04,28,0,3850,77,11138955.170129,1375069.998047,0.000000,1.000000,386 3393 4871 5483 5603
nsga2,508_e-04,28,1,3850,77,9961615.128617,1374690.701172,0.020408,0.979592,352 383 426 482 553
nsga2,508_e-04,28,2,3850,77,9929680.039322,1369562.167969,0.040816,0.959184,354 384 420 428 482
nsga2,508_e-04,28,3,3850,77,9920580.052042,1368880.248047,0.061224,0.938776,352 383 420 426 482
nsga2,508_e-04,28,4,3850,77,9901853.407088,1368492.628906,0.081633,0.918367,352 383 423 428 482
nsga2,508_e-04,28,5,3850,77,9893970.334134,1367596.195312,0.102041,0.897959,352 383 424 427 482
nsga2,508_e-04,28,6,3850,77,9890007.268715,1366502.068359,0.122449,0.877551,352 383 425 426 482
nsga2,508_e-04,28,7,3850,77,9888538.446459,1364439.562500,0.142857,0.857143,352 384 401 426 482
nsga2,508_e-04,28,8,3850,77,9886913.734310,1363846.605469,0.163265,0.836735,352 384 402 426 482
nsga2,508_e-04,28,9,3850,77,9879178.679978,1361817.460938,0.183673,0.816327,381 385 423 428 482
nsga2,508_e-04,28,10,3850,77,9874850.132103,1361391.044922,0.204082,0.795918,381 385 424 428 482
nsga2,508_e-04,28,11,3850,77,9872146.408547,1360919.794922,0.224490,0.775510,381 384 424 428 482
nsga2,508_e-04,28,12,3850,77,9868591.883469,1360449.777344,0.244898,0.755102,381 384 424 427 482
nsga2,508_e-04,28,13,3850,77,9866040.747976,1359932.113281,0.265306,0.734694,382 384 424 427 482
nsga2,508_e-04,28,14,3850,77,9863642.232235,1359413.066406,0.285714,0.714286,382 384 425 427 482
nsga2,508_e-04,28,15,3850,77,9862077.682557,1358837.986328,0.306122,0.693878,382 384 425 426 482
nsga2,508_e-04,28,16,3850,77,9861142.812242,1358261.621094,0.326531,0.673469,382 383 425 426 482
nsga2,508_e-04,28,17,3850,77,9861142.812242,1358261.621094,0.346939,0.653061,382 383 425 426 482
nsga2,508_e-04,28,18,3850,77,9860723.550829,1354526.419922,0.367347,0.632653,384 401 426 427 482
nsga2,508_e-04,28,19,3850,77,9858850.907309,1354025.322266,0.387755,0.612245,383 384 401 426 482
nsga2,508_e-04,28,20,3850,77,9858049.277837,1353200.099609,0.408163,0.591837,382 384 402 426 482
nsga2,508_e-04,28,21,3850,77,9854231.470077,1351493.732422,0.428571,0.571429,381 385 423 425 428
nsga2,508_e-04,28,22,3850,77,9854231.470077,1351493.732422,0.448980,0.551020,381 385 423 425 428
nsga2,508_e-04,28,23,3850,77,9851527.746521,1351022.482422,0.469388,0.530612,381 384 423 425 428
nsga2,508_e-04,28,24,3850,77,9848976.611029,1350504.818359,0.489796,0.510204,382 384 423 425 428
nsga2,508_e-04,28,25,3850,77,9848976.611029,1350504.818359,0.510204,0.489796,382 384 423 425 428
nsga2,508_e-04,28,26,3850,77,9847199.198646,1350358.146484,0.530612,0.469388,381 384 424 425 428
nsga2,508_e-04,28,27,3850,77,9844648.063153,1349840.482422,0.551020,0.448980,382 384 424 425 428
nsga2,508_e-04,28,28,3850,77,9844648.063153,1349840.482422,0.571429,0.428571,382 384 424 425 428
nsga2,508_e-04,28,29,3850,77,9842909.548714,1349355.988281,0.591837,0.408163,381 383 384 424 427
nsga2,508_e-04,28,30,3850,77,9841093.538074,1349051.724609,0.612245,0.387755,382 384 424 425 427
nsga2,508_e-04,28,31,3850,77,9840358.413222,1348644.759766,0.632653,0.367347,382 383 384 424 427
nsga2,508_e-04,28,32,3850,77,9838267.991322,1348164.490234,0.653061,0.346939,382 384 425 426 427
nsga2,508_e-04,28,33,3850,77,9838267.991322,1348164.490234,0.673469,0.326531,382 384 425 426 427
nsga2,508_e-04,28,34,3850,77,9837333.121007,1347588.125000,0.693878,0.306122,382 383 425 426 427
nsga2,508_e-04,28,35,3850,77,9837333.121007,1347588.125000,0.714286,0.285714,382 383 425 426 427
nsga2,508_e-04,28,36,3850,77,9835468.247087,1344989.832031,0.734694,0.265306,383 384 401 425 427
nsga2,508_e-04,28,37,3850,77,9835468.247087,1344989.832031,0.755102,0.244898,383 384 401 425 427
nsga2,508_e-04,28,38,3850,77,9834666.617614,1343738.027344,0.775510,0.224490,382 384 402 425 427
nsga2,508_e-04,28,39,3850,77,9833102.067936,1342946.597656,0.795918,0.204082,382 384 402 425 426
nsga2,508_e-04,28,40,3850,77,9833102.067936,1342946.597656,0.816327,0.183673,382 384 402 425 426
nsga2,508_e-04,28,41,3850,77,9832174.967220,1340332.027344,0.836735,0.163265,384 401 402 425 427
nsga2,508_e-04,28,42,3850,77,9830698.375366,1338531.386719,0.857143,0.142857,382 384 401 402 426
nsga2,508_e-04,28,43,3850,77,9830698.375366,1338531.386719,0.877551,0.122449,382 384 401 402 426
nsga2,508_e-04,28,44,3850,77,9830069.550472,1332653.132812,0.897959,0.102041,383 384 402 403 427
nsga2,508_e-04,28,45,3850,77,9828400.982754,1331864.830078,0.918367,0.081633,384 401 402 403 427
nsga2,508_e-04,28,46,3850,77,9827263.464088,1331165.744141,0.938776,0.061224,384 401 402 403 425
nsga2,508_e-04,28,47,3850,77,9827263.464088,1331165.744141,0.959184,0.040816,384 401 402 403 425
nsga2,508_e-04,28,48,3850,77,9825526.849860,1329228.361328,0.979592,0.020408,382 401 402 403 404
nsga2,508_e-04,28,49,3850,77,9825526.849860,1329228.361328,1.000000,0.000000,382 401 402 403 404
nsga2,508_e-04,28,0,3900,78,11138955.170129,1375069.998047,0.000000,1.000000,386 3393 4871 5483 5603
nsga2,508_e-04,28,1,3900,78,9961615.128617,1374690.701172,0.020408,0.979592,352 383 426 482 553
nsga2,508_e-04,28,2,3900,78,9929680.039322,1369562.167969,0.040816,0.959184,354 384 420 428 482
nsga2,508_e-04,28,3,3900,78,9920580.052042,1368880.248047,0.061224,0.938776,352 383 420 426 482
nsga2,508_e-04,28,4,3900,78,9901853.407088,1368492.628906,0.081633,0.918367,352 383 423 428 482
nsga2,508_e-04,28,5,3900,78,9893970.334134,1367596.195312,0.102041,0.897959,352 383 424 427 482
nsga2,508_e-04,28,6,3900,78,9890007.268715,1366502.068359,0.122449,0.877551,352 383 425 426 482
nsga2,508_e-04,28,7,3900,78,9888538.446459,1364439.562500,0.142857,0.857143,352 384 401 426 482
nsga2,508_e-04,28,8,3900,78,9886913.734310,1363846.605469,0.163265,0.836735,352 384 402 426 482
nsga2,508_e-04,28,9,3900,78,9879178.679978,1361817.460938,0.183673,0.816327,381 385 423 428 482
nsga2,508_e-04,28,10,3900,78,9874850.132103,1361391.044922,0.204082,0.795918,381 385 424 428 482
nsga2,508_e-04,28,11,3900,78,9872146.408547,1360919.794922,0.224490,0.775510,381 384 424 428 482
nsga2,508_e-04,28,12,3900,78,9868591.883469,1360449.777344,0.244898,0.755102,381 384 424 427 482
nsga2,508_e-04,28,13,3900,78,9866040.747976,1359932.113281,0.265306,0.734694,382 384 424 427 482
nsga2,508_e-04,28,14,3900,78,9863642.232235,1359413.066406,0.285714,0.714286,382 384 425 427 482
nsga2,508_e-04,28,15,3900,78,9862077.682557,1358837.986328,0.306122,0.693878,382 384 425 426 482
nsga2,508_e-04,28,16,3900,78,9861142.812242,1358261.621094,0.326531,0.673469,382 383 425 426 482
nsga2,508_e-04,28,17,3900,78,9861142.812242,1358261.621094,0.346939,0.653061,382 383 425 426 482
nsga2,508_e-04,28,18,3900,78,9860723.550829,1354526.419922,0.367347,0.632653,384 401 426 427 482
nsga2,508_e-04,28,19,3900,78,9858850.907309,1354025.322266,0.387755,0.612245,383 384 401 426 482
nsga2,508_e-04,28,20,3900,78,9858049.277837,1353200.099609,0.408163,0.591837,382 384 402 426 482
nsga2,508_e-04,28,21,3900,78,9854231.470077,1351493.732422,0.428571,0.571429,381 385 423 425 428
nsga2,508_e-04,28,22,3900,78,9854231.470077,1351493.732422,0.448980,0.551020,381 385 423 425 428
nsga2,508_e-04,28,23,3900,78,9851527.746521,1351022.482422,0.469388,0.530612,381 384 423 425 428
nsga2,508_e-04,28,24,3900,78,9848976.611029,1350504.818359,0.489796,0.510204,382 384 423 425 428
nsga2,508_e-04,28,25,3900,78,9848976.611029,1350504.818359,0.510204,0.489796,382 384 423 425 428
nsga2,508_e-04,28,26,3900,78,9847199.198646,1350358.146484,0.530612,0.469388,381 384 424 425 428
nsga2,508_e-04,28,27,3900,78,9844648.063153,1349840.482422,0.551020,0.448980,382 384 424 425 428
nsga2,508_e-04,28,28,3900,78,9844648.063153,1349840.482422,0.571429,0.428571,382 384 424 425 428
nsga2,508_e-04,28,29,3900,78,9842909.548714,1349355.988281,0.591837,0.408163,381 383 384 424 427
nsga2,508_e-04,28,30,3900,78,9841093.538074,1349051.724609,0.612245,0.387755,382 384 424 425 427
nsga2,508_e-04,28,31,3900,78,9840358.413222,1348644.759766,0.632653,0.367347,382 383 384 424 427
nsga2,508_e-04,28,32,3900,78,9838267.991322,1348164.490234,0.653061,0.346939,382 384 425 426 427
nsga2,508_e-04,28,33,3900,78,9838267.991322,1348164.490234,0.673469,0.326531,382 384 425 426 427
nsga2,508_e-04,28,34,3900,78,9837333.121007,1347588.125000,0.693878,0.306122,382 383 425 426 427
nsga2,508_e-04,28,35,3900,78,9837333.121007,1347588.125000,0.714286,0.285714,382 383 425 426 427
nsga2,508_e-04,28,36,3900,78,9835468.247087,1344989.832031,0.734694,0.265306,383 384 401 425 427
nsga2,508_e-04,28,37,3900,78,9835468.247087,1344989.832031,0.755102,0.244898,383 384 401 425 427
nsga2,508_e-04,28,38,3900,78,9834666.617614,1343738.027344,0.775510,0.224490,382 384 402 425 427
nsga2,508_e-04,28,39,3900,78,9833102.067936,1342946.597656,0.795918,0.204082,382 384 402 425 426
nsga2,508_e-04,28,40,3900,78,9833102.067936,1342946.597656,0.816327,0.183673,382 384 402 425 426
nsga2,508_e-04,28,41,3900,78,9832174.967220,1340332.027344,0.836735,0.163265,384 401 402 425 427
nsga2,508_e-04,28,42,3900,78,9830698.375366,1338531.386719,0.857143,0.142857,382 384 401 402 426
nsga2,508_e-04,28,43,3900,78,9830698.375366,1338531.386719,0.877551,0.122449,382 384 401 402 426
nsga2,508_e-04,28,44,3900,78,9830069.550472,1332653.132812,0.897959,0.102041,383 384 402 403 427
nsga2,508_e-04,28,45,3900,78,9828400.982754,1331864.830078,0.918367,0.081633,384 401 402 403 427
nsga2,508_e-04,28,46,3900,78,9827263.464088,1331165.744141,0.938776,0.061224,384 401 402 403 425
nsga2,508_e-04,28,47,3900,78,9827263.464088,1331165.744141,0.959184,0.040816,384 401 402 403 425
nsga2,508_e-04,28,48,3900,78,9825526.849860,1329228.361328,0.979592,0.020408,382 401 402 403 404
nsga2,508_e-04,28,49,3900,78,9825526.849860,1329228.361328,1.000000,0.000000,382 401 402 403 404
nsga2,508_e-04,28,0,3950,79,11138955.170129,1375069.998047,0.000000,1.000000,386 3393 4871 5483 5603
nsga2,508_e-04,28,1,3950,79,9961615.128617,1374690.701172,0.020408,0.979592,352 383 426 482 553
nsga2,508_e-04,28,2,3950,79,9929680.039322,1369562.167969,0.040816,0.959184,354 384 420 428 482
nsga2,508_e-04,28,3,3950,79,9920580.052042,1368880.248047,0.061224,0.938776,352 383 420 426 482
nsga2,508_e-04,28,4,3950,79,9901853.407088,1368492.628906,0.081633,0.918367,352 383 423 428 482
nsga2,508_e-04,28,5,3950,79,9893970.334134,1367596.195312,0.102041,0.897959,352 383 424 427 482
nsga2,508_e-04,28,6,3950,79,9890007.268715,1366502.068359,0.122449,0.877551,352 383 425 426 482
nsga2,508_e-04,28,7,3950,79,9888538.446459,1364439.562500,0.142857,0.857143,352 384 401 426 482
nsga2,508_e-04,28,8,3950,79,9886913.734310,1363846.605469,0.163265,0.836735,352 384 402 426 482
nsga2,508_e-04,28,9,3950,79,9879178.679978,1361817.460938,0.183673,0.816327,381 385 423 428 482
nsga2,508_e-04,28,10,3950,79,9874850.132103,1361391.044922,0.204082,0.795918,381 385 424 428 482
nsga2,508_e-04,28,11,3950,79,9872146.408547,1360919.794922,0.224490,0.775510,381 384 424 428 482
nsga2,508_e-04,28,12,3950,79,9868591.883469,1360449.777344,0.244898,0.755102,381 384 424 427 482
nsga2,508_e-04,28,13,3950,79,9866040.747976,1359932.113281,0.265306,0.734694,382 384 424 427 482
nsga2,508_e-04,28,14,3950,79,9863642.232235,1359413.066406,0.285714,0.714286,382 384 425 427 482
nsga2,508_e-04,28,15,3950,79,9862077.682557,1358837.986328,0.306122,0.693878,382 384 425 426 482
nsga2,508_e-04,28,16,3950,79,9861142.812242,1358261.621094,0.326531,0.673469,382 383 425 426 482
nsga2,508_e-04,28,17,3950,79,9861142.812242,1358261.621094,0.346939,0.653061,382 383 425 426 482
nsga2,508_e-04,28,18,3950,79,9860723.550829,1354526.419922,0.367347,0.632653,384 401 426 427 482
nsga2,508_e-04,28,19,3950,79,9858850.907309,1354025.322266,0.387755,0.612245,383 384 401 426 482
nsga2,508_e-04,28,20,3950,79,9858049.277837,1353200.099609,0.408163,0.591837,382 384 402 426 482
nsga2,508_e-04,28,21,3950,79,9854231.470077,1351493.732422,0.428571,0.571429,381 385 423 425 428
nsga2,508_e-04,28,22,3950,79,9854231.470077,1351493.732422,0.448980,0.551020,381 385 423 425 428
nsga2,508_e-04,28,23,3950,79,9851527.746521,1351022.482422,0.469388,0.530612,381 384 423 425 428
nsga2,508_e-04,28,24,3950,79,9848976.611029,1350504.818359,0.489796,0.510204,382 384 423 425 428
nsga2,508_e-04,28,25,3950,79,9848976.611029,1350504.818359,0.510204,0.489796,382 384 423 425 428
nsga2,508_e-04,28,26,3950,79,9847199.198646,1350358.146484,0.530612,0.469388,381 384 424 425 428
nsga2,508_e-04,28,27,3950,79,9844648.063153,1349840.482422,0.551020,0.448980,382 384 424 425 428
nsga2,508_e-04,28,28,3950,79,9844648.063153,1349840.482422,0.571429,0.428571,382 384 424 425 428
nsga2,508_e-04,28,29,3950,79,9842909.548714,1349355.988281,0.591837,0.408163,381 383 384 424 427
nsga2,508_e-04,28,30,3950,79,9841093.538074,1349051.724609,0.612245,0.387755,382 384 424 425 427
nsga2,508_e-04,28,31,3950,79,9840358.413222,1348644.759766,0.632653,0.367347,382 383 384 424 427
nsga2,508_e-04,28,32,3950,79,9838267.991322,1348164.490234,0.653061,0.346939,382 384 425 426 427
nsga2,508_e-04,28,33,3950,79,9838267.991322,1348164.490234,0.673469,0.326531,382 384 425 426 427
nsga2,508_e-04,28,34,3950,79,9837333.121007,1347588.125000,0.693878,0.306122,382 383 425 426 427
nsga2,508_e-04,28,35,3950,79,9837333.121007,1347588.125000,0.714286,0.285714,382 383 425 426 427
nsga2,508_e-04,28,36,3950,79,9835468.247087,1344989.832031,0.734694,0.265306,383 384 401 425 427
nsga2,508_e-04,28,37,3950,79,9835468.247087,1344989.832031,0.755102,0.244898,383 384 401 425 427
nsga2,508_e-04,28,38,3950,79,9834666.617614,1343738.027344,0.775510,0.224490,382 384 402 425 427
nsga2,508_e-04,28,39,3950,79,9833102.067936,1342946.597656,0.795918,0.204082,382 384 402 425 426
nsga2,508_e-04,28,40,3950,79,9833102.067936,1342946.597656,0.816327,0.183673,382 384 402 425 426
nsga2,508_e-04,28,41,3950,79,9832174.967220,1340332.027344,0.836735,0.163265,384 401 402 425 427
nsga2,508_e-04,28,42,3950,79,9830698.375366,1338531.386719,0.857143,0.142857,382 384 401 402 426
nsga2,508_e-04,28,43,3950,79,9830698.375366,1338531.386719,0.877551,0.122449,382 384 401 402 426
nsga2,508_e-04,28,44,3950,79,9830069.550472,1332653.132812,0.897959,0.102041,383 384 402 403 427
nsga2,508_e-04,28,45,3950,79,9828400.982754,1331864.830078,0.918367,0.081633,384 401 402 403 427
nsga2,508_e-04,28,46,3950,79,9826836.433076,1331223.843750,0.938776,0.061224,384 401 402 403 426
nsga2,508_e-04,28,47,3950,79,9826836.433076,1331223.843750,0.959184,0.040816,384 401 402 403 426
nsga2,508_e-04,28,48,3950,79,9825526.849860,1329228.361328,0.979592,0.020408,382 401 402 403 404
nsga2,508_e-04,28,49,3950,79,9825526.849860,1329228.361328,1.000000,0.000000,382 401 402 403 404
nsga2,508_e-04,28,0,4000,80,11138955.170129,1375069.998047,0.000000,1.000000,386 3393 4871 5483 5603
nsga2,508_e-04,28,1,4000,80,9961615.128617,1374690.701172,0.020408,0.979592,352 383 426 482 553
nsga2,508_e-04,28,2,4000,80,9929680.039322,1369562.167969,0.040816,0.959184,354 384 420 428 482
nsga2,508_e-04,28,3,4000,80,9920580.052042,1368880.248047,0.061224,0.938776,352 383 420 426 482
nsga2,508_e-04,28,4,4000,80,9901853.407088,1368492.628906,0.081633,0.918367,352 383 423 428 482
nsga2,508_e-04,28,5,4000,80,9893970.334134,1367596.195312,0.102041,0.897959,352 383 424 427 482
nsga2,508_e-04,28,6,4000,80,9890007.268715,1366502.068359,0.122449,0.877551,352 383 425 426 482
nsga2,508_e-04,28,7,4000,80,9888538.446459,1364439.562500,0.142857,0.857143,352 384 401 426 482
nsga2,508_e-04,28,8,4000,80,9886913.734310,1363846.605469,0.163265,0.836735,352 384 402 426 482
nsga2,508_e-04,28,9,4000,80,9879178.679978,1361817.460938,0.183673,0.816327,381 385 423 428 482
nsga2,508_e-04,28,10,4000,80,9874850.132103,1361391.044922,0.204082,0.795918,381 385 424 428 482
nsga2,508_e-04,28,11,4000,80,9872146.408547,1360919.794922,0.224490,0.775510,381 384 424 428 482
nsga2,508_e-04,28,12,4000,80,9868591.883469,1360449.777344,0.244898,0.755102,381 384 424 427 482
nsga2,508_e-04,28,13,4000,80,9866040.747976,1359932.113281,0.265306,0.734694,382 384 424 427 482
nsga2,508_e-04,28,14,4000,80,9863642.232235,1359413.066406,0.285714,0.714286,382 384 425 427 482
nsga2,508_e-04,28,15,4000,80,9862077.682557,1358837.986328,0.306122,0.693878,382 384 425 426 482
nsga2,508_e-04,28,16,4000,80,9861142.812242,1358261.621094,0.326531,0.673469,382 383 425 426 482
nsga2,508_e-04,28,17,4000,80,9861142.812242,1358261.621094,0.346939,0.653061,382 383 425 426 482
nsga2,508_e-04,28,18,4000,80,9860723.550829,1354526.419922,0.367347,0.632653,384 401 426 427 482
nsga2,508_e-04,28,19,4000,80,9858850.907309,1354025.322266,0.387755,0.612245,383 384 401 426 482
nsga2,508_e-04,28,20,4000,80,9858049.277837,1353200.099609,0.408163,0.591837,382 384 402 426 482
nsga2,508_e-04,28,21,4000,80,9854231.470077,1351493.732422,0.428571,0.571429,381 385 423 425 428
nsga2,508_e-04,28,22,4000,80,9854231.470077,1351493.732422,0.448980,0.551020,381 385 423 425 428
nsga2,508_e-04,28,23,4000,80,9851527.746521,1351022.482422,0.469388,0.530612,381 384 423 425 428
nsga2,508_e-04,28,24,4000,80,9848976.611029,1350504.818359,0.489796,0.510204,382 384 423 425 428
nsga2,508_e-04,28,25,4000,80,9848976.611029,1350504.818359,0.510204,0.489796,382 384 423 425 428
nsga2,508_e-04,28,26,4000,80,9847199.198646,1350358.146484,0.530612,0.469388,381 384 424 425 428
nsga2,508_e-04,28,27,4000,80,9844648.063153,1349840.482422,0.551020,0.448980,382 384 424 425 428
nsga2,508_e-04,28,28,4000,80,9844648.063153,1349840.482422,0.571429,0.428571,382 384 424 425 428
nsga2,508_e-04,28,29,4000,80,9842909.548714,1349355.988281,0.591837,0.408163,381 383 384 424 427
nsga2,508_e-04,28,30,4000,80,9841093.538074,1349051.724609,0.612245,0.387755,382 384 424 425 427
nsga2,508_e-04,28,31,4000,80,9840358.413222,1348644.759766,0.632653,0.367347,382 383 384 424 427
nsga2,508_e-04,28,32,4000,80,9838267.991322,1348164.490234,0.653061,0.346939,382 384 425 426 427
nsga2,508_e-04,28,33,4000,80,9838267.991322,1348164.490234,0.673469,0.326531,382 384 425 426 427
nsga2,508_e-04,28,34,4000,80,9837333.121007,1347588.125000,0.693878,0.306122,382 383 425 426 427
nsga2,508_e-04,28,35,4000,80,9837333.121007,1347588.125000,0.714286,0.285714,382 383 425 426 427
nsga2,508_e-04,28,36,4000,80,9835468.247087,1344989.832031,0.734694,0.265306,383 384 401 425 427
nsga2,508_e-04,28,37,4000,80,9835468.247087,1344989.832031,0.755102,0.244898,383 384 401 425 427
nsga2,508_e-04,28,38,4000,80,9834666.617614,1343738.027344,0.775510,0.224490,382 384 402 425 427
nsga2,508_e-04,28,39,4000,80,9833102.067936,1342946.597656,0.795918,0.204082,382 384 402 425 426
nsga2,508_e-04,28,40,4000,80,9833102.067936,1342946.597656,0.816327,0.183673,382 384 402 425 426
nsga2,508_e-04,28,41,4000,80,9832174.967220,1340332.027344,0.836735,0.163265,384 401 402 425 427
nsga2,508_e-04,28,42,4000,80,9830698.375366,1338531.386719,0.857143,0.142857,382 384 401 402 426
nsga2,508_e-04,28,43,4000,80,9830698.375366,1338531.386719,0.877551,0.122449,382 384 401 402 426
nsga2,508_e-04,28,44,4000,80,9830069.550472,1332653.132812,0.897959,0.102041,383 384 402 403 427
nsga2,508_e-04,28,45,4000,80,9828400.982754,1331864.830078,0.918367,0.081633,384 401 402 403 427
nsga2,508_e-04,28,46,4000,80,9826836.433076,1331223.843750,0.938776,0.061224,384 401 402 403 426
nsga2,508_e-04,28,47,4000,80,9826836.433076,1331223.843750,0.959184,0.040816,384 401 402 403 426
nsga2,508_e-04,28,48,4000,80,9825526.849860,1329228.361328,0.979592,0.020408,382 401 402 403 404
nsga2,508_e-04,28,49,4000,80,9825526.849860,1329228.361328,1.000000,0.000000,382 401 402 403 404
nsga2,508_e-04,28,0,4050,81,11138955.170129,1375069.998047,0.000000,1.000000,386 3393 4871 5483 5603
nsga2,508_e-04,28,1,4050,81,9961615.128617,1374690.701172,0.020408,0.979592,352 383 426 482 553
nsga2,508_e-04,28,2,4050,81,9929680.039322,1369562.167969,0.040816,0.959184,354 384 420 428 482
nsga2,508_e-04,28,3,4050,81,9920580.052042,1368880.248047,0.061224,0.938776,352 383 420 426 482
nsga2,508_e-04,28,4,4050,81,9901853.407088,1368492.628906,0.081633,0.918367,352 383 423 428 482
nsga2,508_e-04,28,5,4050,81,9893970.334134,1367596.195312,0.102041,0.897959,352 383 424 427 482
nsga2,508_e-04,28,6,4050,81,9890007.268715,1366502.068359,0.122449,0.877551,352 383 425 426 482
nsga2,508_e-04,28,7,4050,81,9888538.446459,1364439.562500,0.142857,0.857143,352 384 401 426 482
nsga2,508_e-04,28,8,4050,81,9886913.734310,1363846.605469,0.163265,0.836735,352 384 402 426 482
nsga2,508_e-04,28,9,4050,81,9879178.679978,1361817.460938,0.183673,0.816327,381 385 423 428 482
nsga2,508_e-04,28,10,4050,81,9874850.132103,1361391.044922,0.204082,0.795918,381 385 424 428 482
nsga2,508_e-04,28,11,4050,81,9872146.408547,1360919.794922,0.224490,0.775510,381 384 424 428 482
nsga2,508_e-04,28,12,4050,81,9868591.883469,1360449.777344,0.244898,0.755102,381 384 424 427 482
nsga2,508_e-04,28,13,4050,81,9866040.747976,1359932.113281,0.265306,0.734694,382 384 424 427 482
nsga2,508_e-04,28,14,4050,81,9863642.232235,1359413.066406,0.285714,0.714286,382 384 425 427 482
nsga2,508_e-04,28,15,4050,81,9862077.682557,1358837.986328,0.306122,0.693878,382 384 425 426 482
nsga2,508_e-04,28,16,4050,81,9861142.812242,1358261.621094,0.326531,0.673469,382 383 425 426 482
nsga2,508_e-04,28,17,4050,81,9861142.812242,1358261.621094,0.346939,0.653061,382 383 425 426 482
nsga2,508_e-04,28,18,4050,81,9860723.550829,1354526.419922,0.367347,0.632653,384 401 426 427 482
nsga2,508_e-04,28,19,4050,81,9858850.907309,1354025.322266,0.387755,0.612245,383 384 401 426 482
nsga2,508_e-04,28,20,4050,81,9858049.277837,1353200.099609,0.408163,0.591837,382 384 402 426 482
nsga2,508_e-04,28,21,4050,81,9854231.470077,1351493.732422,0.428571,0.571429,381 385 423 425 428
nsga2,508_e-04,28,22,4050,81,9854231.470077,1351493.732422,0.448980,0.551020,381 385 423 425 428
nsga2,508_e-04,28,23,4050,81,9851527.746521,1351022.482422,0.469388,0.530612,381 384 423 425 428
nsga2,508_e-04,28,24,4050,81,9848976.611029,1350504.818359,0.489796,0.510204,382 384 423 425 428
nsga2,508_e-04,28,25,4050,81,9848976.611029,1350504.818359,0.510204,0.489796,382 384 423 425 428
nsga2,508_e-04,28,26,4050,81,9846548.142584,1350006.640625,0.530612,0.469388,381 384 385 424 427
nsga2,508_e-04,28,27,4050,81,9844648.063153,1349840.482422,0.551020,0.448980,382 384 424 425 428
nsga2,508_e-04,28,28,4050,81,9844648.063153,1349840.482422,0.571429,0.428571,382 384 424 425 428
nsga2,508_e-04,28,29,4050,81,9842909.548714,1349355.988281,0.591837,0.408163,381 383 384 424 427
nsga2,508_e-04,28,30,4050,81,9841093.538074,1349051.724609,0.612245,0.387755,382 384 424 425 427
nsga2,508_e-04,28,31,4050,81,9840358.413222,1348644.759766,0.632653,0.367347,382 383 384 424 427
nsga2,508_e-04,28,32,4050,81,9838267.991322,1348164.490234,0.653061,0.346939,382 384 425 426 427
nsga2,508_e-04,28,33,4050,81,9838267.991322,1348164.490234,0.673469,0.326531,382 384 425 426 427
nsga2,508_e-04,28,34,4050,81,9837333.121007,1347588.125000,0.693878,0.306122,382 383 425 426 427
nsga2,508_e-04,28,35,4050,81,9837333.121007,1347588.125000,0.714286,0.285714,382 383 425 426 427
nsga2,508_e-04,28,36,4050,81,9835468.247087,1344989.832031,0.734694,0.265306,383 384 401 425 427
nsga2,508_e-04,28,37,4050,81,9835468.247087,1344989.832031,0.755102,0.244898,383 384 401 425 427
nsga2,508_e-04,28,38,4050,81,9834666.617614,1343738.027344,0.775510,0.224490,382 384 402 425 427
nsga2,508_e-04,28,39,4050,81,9833102.067936,1342946.597656,0.795918,0.204082,382 384 402 425 426
nsga2,508_e-04,28,40,4050,81,9833102.067936,1342946.597656,0.816327,0.183673,382 384 402 425 426
nsga2,508_e-04,28,41,4050,81,9832174.967220,1340332.027344,0.836735,0.163265,384 401 402 425 427
nsga2,508_e-04,28,42,4050,81,9830698.375366,1338531.386719,0.857143,0.142857,382 384 401 402 426
nsga2,508_e-04,28,43,4050,81,9830698.375366,1338531.386719,0.877551,0.122449,382 384 401 402 426
nsga2,508_e-04,28,44,4050,81,9830069.550472,1332653.132812,0.897959,0.102041,383 384 402 403 427
nsga2,508_e-04,28,45,4050,81,9828400.982754,1331864.830078,0.918367,0.081633,384 401 402 403 427
nsga2,508_e-04,28,46,4050,81,9826836.433076,1331223.843750,0.938776,0.061224,384 401 402 403 426
nsga2,508_e-04,28,47,4050,81,9826836.433076,1331223.843750,0.959184,0.040816,384 401 402 403 426
nsga2,508_e-04,28,48,4050,81,9825526.849860,1329228.361328,0.979592,0.020408,382 401 402 403 404
nsga2,508_e-04,28,49,4050,81,9825526.849860,1329228.361328,1.000000,0.000000,382 401 402 403 404
nsga2,508_e-04,28,0,4100,82,11138955.170129,1375069.998047,0.000000,1.000000,386 3393 4871 5483 5603
nsga2,508_e-04,28,1,4100,82,9961615.128617,1374690.701172,0.020408,0.979592,352 383 426 482 553
nsga2,508_e-04,28,2,4100,82,9929680.039322,1369562.167969,0.040816,0.959184,354 384 420 428 482
nsga2,508_e-04,28,3,4100,82,9920580.052042,1368880.248047,0.061224,0.938776,352 383 420 426 482
nsga2,508_e-04,28,4,4100,82,9901853.407088,1368492.628906,0.081633,0.918367,352 383 423 428 482
nsga2,508_e-04,28,5,4100,82,9894905.204449,1367597.560547,0.102041,0.897959,352 384 424 427 482
nsga2,508_e-04,28,6,4100,82,9890007.268715,1366502.068359,0.122449,0.877551,352 383 425 426 482
nsga2,508_e-04,28,7,4100,82,9888538.446459,1364439.562500,0.142857,0.857143,352 384 401 426 482
nsga2,508_e-04,28,8,4100,82,9886913.734310,1363846.605469,0.163265,0.836735,352 384 402 426 482
nsga2,508_e-04,28,9,4100,82,9879178.679978,1361817.460938,0.183673,0.816327,381 385 423 428 482
nsga2,508_e-04,28,10,4100,82,9874850.132103,1361391.044922,0.204082,0.795918,381 385 424 428 482
nsga2,508_e-04,28,11,4100,82,9872146.408547,1360919.794922,0.224490,0.775510,381 384 424 428 482
nsga2,508_e-04,28,12,4100,82,9868591.883469,1360449.777344,0.244898,0.755102,381 384 424 427 482
nsga2,508_e-04,28,13,4100,82,9866040.747976,1359932.113281,0.265306,0.734694,382 384 424 427 482
nsga2,508_e-04,28,14,4100,82,9863642.232235,1359413.066406,0.285714,0.714286,382 384 425 427 482
nsga2,508_e-04,28,15,4100,82,9862077.682557,1358837.986328,0.306122,0.693878,382 384 425 426 482
nsga2,508_e-04,28,16,4100,82,9861142.812242,1358261.621094,0.326531,0.673469,382 383 425 426 482
nsga2,508_e-04,28,17,4100,82,9861142.812242,1358261.621094,0.346939,0.653061,382 383 425 426 482
nsga2,508_e-04,28,18,4100,82,9860723.550829,1354526.419922,0.367347,0.632653,384 401 426 427 482
nsga2,508_e-04,28,19,4100,82,9858850.907309,1354025.322266,0.387755,0.612245,383 384 401 426 482
nsga2,508_e-04,28,20,4100,82,9858049.277837,1353200.099609,0.408163,0.591837,382 384 402 426 482
nsga2,508_e-04,28,21,4100,82,9854231.470077,1351493.732422,0.428571,0.571429,381 385 423 425 428
nsga2,508_e-04,28,22,4100,82,9854231.470077,1351493.732422,0.448980,0.551020,381 385 423 425 428
nsga2,508_e-04,28,23,4100,82,9851527.746521,1351022.482422,0.469388,0.530612,381 384 423 425 428
nsga2,508_e-04,28,24,4100,82,9851040.440868,1350514.359375,0.489796,0.510204,381 385 424 427 428
nsga2,508_e-04,28,25,4100,82,9848976.611029,1350504.818359,0.510204,0.489796,382 384 423 425 428
nsga2,508_e-04,28,26,4100,82,9846548.142584,1350006.640625,0.530612,0.469388,381 384 385 424 427
nsga2,508_e-04,28,27,4100,82,9843732.631391,1349529.785156,0.551020,0.448980,381 382 384 424 427
nsga2,508_e-04,28,28,4100,82,9843732.631391,1349529.785156,0.571429,0.428571,381 382 384 424 427
nsga2,508_e-04,28,29,4100,82,9842909.548714,1349355.988281,0.591837,0.408163,381 383 384 424 427
nsga2,508_e-04,28,30,4100,82,9841093.538074,1349051.724609,0.612245,0.387755,382 384 424 425 427
nsga2,508_e-04,28,31,4100,82,9840358.413222,1348644.759766,0.632653,0.367347,382 383 384 424 427
nsga2,508_e-04,28,32,4100,82,9838267.991322,1348164.490234,0.653061,0.346939,382 384 425 426 427
nsga2,508_e-04,28,33,4100,82,9838267.991322,1348164.490234,0.673469,0.326531,382 384 425 426 427
nsga2,508_e-04,28,34,4100,82,9837333.121007,1347588.125000,0.693878,0.306122,382 383 425 426 427
nsga2,508_e-04,28,35,4100,82,9837333.121007,1347588.125000,0.714286,0.285714,382 383 425 426 427
nsga2,508_e-04,28,36,4100,82,9835468.247087,1344989.832031,0.734694,0.265306,383 384 401 425 427
nsga2,508_e-04,28,37,4100,82,9835468.247087,1344989.832031,0.755102,0.244898,383 384 401 425 427
nsga2,508_e-04,28,38,4100,82,9834666.617614,1343738.027344,0.775510,0.224490,382 384 402 425 427
nsga2,508_e-04,28,39,4100,82,9833102.067936,1342946.597656,0.795918,0.204082,382 384 402 425 426
nsga2,508_e-04,28,40,4100,82,9833102.067936,1342946.597656,0.816327,0.183673,382 384 402 425 426
nsga2,508_e-04,28,41,4100,82,9832174.967220,1340332.027344,0.836735,0.163265,384 401 402 425 427
nsga2,508_e-04,28,42,4100,82,9830698.375366,1338531.386719,0.857143,0.142857,382 384 401 402 426
nsga2,508_e-04,28,43,4100,82,9830698.375366,1338531.386719,0.877551,0.122449,382 384 401 402 426
nsga2,508_e-04,28,44,4100,82,9830069.550472,1332653.132812,0.897959,0.102041,383 384 402 403 427
nsga2,508_e-04,28,45,4100,82,9828400.982754,1331864.830078,0.918367,0.081633,384 401 402 403 427
nsga2,508_e-04,28,46,4100,82,9826836.433076,1331223.843750,0.938776,0.061224,384 401 402 403 426
nsga2,508_e-04,28,47,4100,82,9826836.433076,1331223.843750,0.959184,0.040816,384 401 402 403 426
nsga2,508_e-04,28,48,4100,82,9825526.849860,1329228.361328,0.979592,0.020408,382 401 402 403 404
nsga2,508_e-04,28,49,4100,82,9825526.849860,1329228.361328,1.000000,0.000000,382 401 402 403 404
nsga2,508_e-04,28,0,4150,83,11138955.170129,1375069.998047,0.000000,1.000000,386 3393 4871 5483 5603
nsga2,508_e-04,28,1,4150,83,9961615.128617,1374690.701172,0.020408,0.979592,352 383 426 482 553
nsga2,508_e-04,28,2,4150,83,9929680.039322,1369562.167969,0.040816,0.959184,354 384 420 428 482
nsga2,508_e-04,28,3,4150,83,9920580.052042,1368880.248047,0.061224,0.938776,352 383 420 426 482
nsga2,508_e-04,28,4,4150,83,9901853.407088,1368492.628906,0.081633,0.918367,352 383 423 428 482
nsga2,508_e-04,28,5,4150,83,9894905.204449,1367597.560547,0.102041,0.897959,352 384 424 427 482
nsga2,508_e-04,28,6,4150,83,9890007.268715,1366502.068359,0.122449,0.877551,352 383 425 426 482
nsga2,508_e-04,28,7,4150,83,9888538.446459,1364439.562500,0.142857,0.857143,352 384 401 426 482
nsga2,508_e-04,28,8,4150,83,9886913.734310,1363846.605469,0.163265,0.836735,352 384 402 426 482
nsga2,508_e-04,28,9,4150,83,9879178.679978,1361817.460938,0.183673,0.816327,381 385 423 428 482
nsga2,508_e-04,28,10,4150,83,9874850.132103,1361391.044922,0.204082,0.795918,381 385 424 428 482
nsga2,508_e-04,28,11,4150,83,9872146.408547,1360919.794922,0.224490,0.775510,381 384 424 428 482
nsga2,508_e-04,28,12,4150,83,9868591.883469,1360449.777344,0.244898,0.755102,381 384 424 427 482
nsga2,508_e-04,28,13,4150,83,9866040.747976,1359932.113281,0.265306,0.734694,382 384 424 427 482
nsga2,508_e-04,28,14,4150,83,9863642.232235,1359413.066406,0.285714,0.714286,382 384 425 427 482
nsga2,508_e-04,28,15,4150,83,9862077.682557,1358837.986328,0.306122,0.693878,382 384 425 426 482
nsga2,508_e-04,28,16,4150,83,9861142.812242,1358261.621094,0.326531,0.673469,382 383 425 426 482
nsga2,508_e-04,28,17,4150,83,9861142.812242,1358261.621094,0.346939,0.653061,382 383 425 426 482
nsga2,508_e-04,28,18,4150,83,9860723.550829,1354526.419922,0.367347,0.632653,384 401 426 427 482
nsga2,508_e-04,28,19,4150,83,9858850.907309,1354025.322266,0.387755,0.612245,383 384 401 426 482
nsga2,508_e-04,28,20,4150,83,9858049.277837,1353200.099609,0.408163,0.591837,382 384 402 426 482
nsga2,508_e-04,28,21,4150,83,9854231.470077,1351493.732422,0.428571,0.571429,381 385 423 425 428
nsga2,508_e-04,28,22,4150,83,9854231.470077,1351493.732422,0.448980,0.551020,381 385 423 425 428
nsga2,508_e-04,28,23,4150,83,9851527.746521,1351022.482422,0.469388,0.530612,381 384 423 425 428
nsga2,508_e-04,28,24,4150,83,9848976.611029,1350504.818359,0.489796,0.510204,382 384 423 425 428
nsga2,508_e-04,28,25,4150,83,9848976.611029,1350504.818359,0.510204,0.489796,382 384 423 425 428
nsga2,508_e-04,28,26,4150,83,9846548.142584,1350006.640625,0.530612,0.469388,381 384 385 424 427
nsga2,508_e-04,28,27,4150,83,9843732.631391,1349529.785156,0.551020,0.448980,381 382 384 424 427
nsga2,508_e-04,28,28,4150,83,9843732.631391,1349529.785156,0.571429,0.428571,381 382 384 424 427
nsga2,508_e-04,28,29,4150,83,9842909.548714,1349355.988281,0.591837,0.408163,381 383 384 424 427
nsga2,508_e-04,28,30,4150,83,9841093.538074,1349051.724609,0.612245,0.387755,382 384 424 425 427
nsga2,508_e-04,28,31,4150,83,9840270.455397,1348478.154297,0.632653,0.367347,383 384 424 425 427
nsga2,508_e-04,28,32,4150,83,9838267.991322,1348164.490234,0.653061,0.346939,382 384 425 426 427
nsga2,508_e-04,28,33,4150,83,9838267.991322,1348164.490234,0.673469,0.326531,382 384 425 426 427
nsga2,508_e-04,28,34,4150,83,9837333.121007,1347588.125000,0.693878,0.306122,382 383 425 426 427
nsga2,508_e-04,28,35,4150,83,9837333.121007,1347588.125000,0.714286,0.285714,382 383 425 426 427
nsga2,508_e-04,28,36,4150,83,9835468.247087,1344989.832031,0.734694,0.265306,383 384 401 425 427
nsga2,508_e-04,28,37,4150,83,9835468.247087,1344989.832031,0.755102,0.244898,383 384 401 425 427
nsga2,508_e-04,28,38,4150,83,9834666.617614,1343738.027344,0.775510,0.224490,382 384 402 425 427
nsga2,508_e-04,28,39,4150,83,9833102.067936,1342946.597656,0.795918,0.204082,382 384 402 425 426
nsga2,508_e-04,28,40,4150,83,9833102.067936,1342946.597656,0.816327,0.183673,382 384 402 425 426
nsga2,508_e-04,28,41,4150,83,9832174.967220,1340332.027344,0.836735,0.163265,384 401 402 425 427
nsga2,508_e-04,28,42,4150,83,9830698.375366,1338531.386719,0.857143,0.142857,382 384 401 402 426
nsga2,508_e-04,28,43,4150,83,9830698.375366,1338531.386719,0.877551,0.122449,382 384 401 402 426
nsga2,508_e-04,28,44,4150,83,9830069.550472,1332653.132812,0.897959,0.102041,383 384 402 403 427
nsga2,508_e-04,28,45,4150,83,9828400.982754,1331864.830078,0.918367,0.081633,384 401 402 403 427
nsga2,508_e-04,28,46,4150,83,9826836.433076,1331223.843750,0.938776,0.061224,384 401 402 403 426
nsga2,508_e-04,28,47,4150,83,9826836.433076,1331223.843750,0.959184,0.040816,384 401 402 403 426
nsga2,508_e-04,28,48,4150,83,9825526.849860,1329228.361328,0.979592,0.020408,382 401 402 403 404
nsga2,508_e-04,28,49,4150,83,9825526.849860,1329228.361328,1.000000,0.000000,382 401 402 403 404
nsga2,508_e-04,28,0,4200,84,11138955.170129,1375069.998047,0.000000,1.000000,386 3393 4871 5483 5603
nsga2,508_e-04,28,1,4200,84,9961615.128617,1374690.701172,0.020408,0.979592,352 383 426 482 553
nsga2,508_e-04,28,2,4200,84,9929680.039322,1369562.167969,0.040816,0.959184,354 384 420 428 482
nsga2,508_e-04,28,3,4200,84,9920580.052042,1368880.248047,0.061224,0.938776,352 383 420 426 482
nsga2,508_e-04,28,4,4200,84,9901853.407088,1368492.628906,0.081633,0.918367,352 383 423 428 482
nsga2,508_e-04,28,5,4200,84,9894905.204449,1367597.560547,0.102041,0.897959,352 384 424 427 482
nsga2,508_e-04,28,6,4200,84,9890007.268715,1366502.068359,0.122449,0.877551,352 383 425 426 482
nsga2,508_e-04,28,7,4200,84,9888538.446459,1364439.562500,0.142857,0.857143,352 384 401 426 482
nsga2,508_e-04,28,8,4200,84,9886913.734310,1363846.605469,0.163265,0.836735,352 384 402 426 482
nsga2,508_e-04,28,9,4200,84,9879178.679978,1361817.460938,0.183673,0.816327,381 385 423 428 482
nsga2,508_e-04,28,10,4200,84,9874850.132103,1361391.044922,0.204082,0.795918,381 385 424 428 482
nsga2,508_e-04,28,11,4200,84,9872146.408547,1360919.794922,0.224490,0.775510,381 384 424 428 482
nsga2,508_e-04,28,12,4200,84,9868591.883469,1360449.777344,0.244898,0.755102,381 384 424 427 482
nsga2,508_e-04,28,13,4200,84,9866040.747976,1359932.113281,0.265306,0.734694,382 384 424 427 482
nsga2,508_e-04,28,14,4200,84,9863642.232235,1359413.066406,0.285714,0.714286,382 384 425 427 482
nsga2,508_e-04,28,15,4200,84,9862077.682557,1358837.986328,0.306122,0.693878,382 384 425 426 482
nsga2,508_e-04,28,16,4200,84,9861142.812242,1358261.621094,0.326531,0.673469,382 383 425 426 482
nsga2,508_e-04,28,17,4200,84,9861142.812242,1358261.621094,0.346939,0.653061,382 383 425 426 482
nsga2,508_e-04,28,18,4200,84,9860723.550829,1354526.419922,0.367347,0.632653,384 401 426 427 482
nsga2,508_e-04,28,19,4200,84,9858850.907309,1354025.322266,0.387755,0.612245,383 384 401 426 482
nsga2,508_e-04,28,20,4200,84,9858049.277837,1353200.099609,0.408163,0.591837,382 384 402 426 482
nsga2,508_e-04,28,21,4200,84,9854231.470077,1351493.732422,0.428571,0.571429,381 385 423 425 428
nsga2,508_e-04,28,22,4200,84,9854231.470077,1351493.732422,0.448980,0.551020,381 385 423 425 428
nsga2,508_e-04,28,23,4200,84,9851527.746521,1351022.482422,0.469388,0.530612,381 384 423 425 428
nsga2,508_e-04,28,24,4200,84,9848976.611029,1350504.818359,0.489796,0.510204,382 384 423 425 428
nsga2,508_e-04,28,25,4200,84,9848976.611029,1350504.818359,0.510204,0.489796,382 384 423 425 428
nsga2,508_e-04,28,26,4200,84,9846548.142584,1350006.640625,0.530612,0.469388,381 384 385 424 427
nsga2,508_e-04,28,27,4200,84,9843732.631391,1349529.785156,0.551020,0.448980,381 382 384 424 427
nsga2,508_e-04,28,28,4200,84,9843732.631391,1349529.785156,0.571429,0.428571,381 382 384 424 427
nsga2,508_e-04,28,29,4200,84,9843732.631391,1349529.785156,0.591837,0.408163,381 382 384 424 427
nsga2,508_e-04,28,30,4200,84,9840270.455397,1348478.154297,0.612245,0.387755,383 384 424 425 427
nsga2,508_e-04,28,31,4200,84,9840270.455397,1348478.154297,0.632653,0.367347,383 384 424 425 427
nsga2,508_e-04,28,32,4200,84,9838267.991322,1348164.490234,0.653061,0.346939,382 384 425 426 427
nsga2,508_e-04,28,33,4200,84,9838267.991322,1348164.490234,0.673469,0.326531,382 384 425 426 427
nsga2,508_e-04,28,34,4200,84,9837333.121007,1347588.125000,0.693878,0.306122,382 383 425 426 427
nsga2,508_e-04,28,35,4200,84,9837333.121007,1347588.125000,0.714286,0.285714,382 383 425 426 427
nsga2,508_e-04,28,36,4200,84,9835468.247087,1344989.832031,0.734694,0.265306,383 384 401 425 427
nsga2,508_e-04,28,37,4200,84,9835468.247087,1344989.832031,0.755102,0.244898,383 384 401 425 427
nsga2,508_e-04,28,38,4200,84,9834666.617614,1343738.027344,0.775510,0.224490,382 384 402 425 427
nsga2,508_e-04,28,39,4200,84,9833102.067936,1342946.597656,0.795918,0.204082,382 384 402 425 426
nsga2,508_e-04,28,40,4200,84,9833102.067936,1342946.597656,0.816327,0.183673,382 384 402 425 426
nsga2,508_e-04,28,41,4200,84,9832174.967220,1340332.027344,0.836735,0.163265,384 401 402 425 427
nsga2,508_e-04,28,42,4200,84,9830698.375366,1338531.386719,0.857143,0.142857,382 384 401 402 426
nsga2,508_e-04,28,43,4200,84,9830698.375366,1338531.386719,0.877551,0.122449,382 384 401 402 426
nsga2,508_e-04,28,44,4200,84,9829240.125646,1332657.679688,0.897959,0.102041,384 402 403 425 426
nsga2,508_e-04,28,45,4200,84,9829240.125646,1332657.679688,0.918367,0.081633,384 402 403 425 426
nsga2,508_e-04,28,46,4200,84,9826836.433076,1331223.843750,0.938776,0.061224,384 401 402 403 426
nsga2,508_e-04,28,47,4200,84,9826836.433076,1331223.843750,0.959184,0.040816,384 401 402 403 426
nsga2,508_e-04,28,48,4200,84,9825526.849860,1329228.361328,0.979592,0.020408,382 401 402 403 404
nsga2,508_e-04,28,49,4200,84,9825526.849860,1329228.361328,1.000000,0.000000,382 401 402 403 404
nsga2,508_e-04,28,0,4250,85,11138955.170129,1375069.998047,0.000000,1.000000,386 3393 4871 5483 5603
nsga2,508_e-04,28,1,4250,85,9961615.128617,1374690.701172,0.020408,0.979592,352 383 426 482 553
nsga2,508_e-04,28,2,4250,85,9929680.039322,1369562.167969,0.040816,0.959184,354 384 420 428 482
nsga2,508_e-04,28,3,4250,85,9911030.782261,1368837.132812,0.061224,0.938776,352 378 384 426 482
nsga2,508_e-04,28,4,4250,85,9901853.407088,1368492.628906,0.081633,0.918367,352 383 423 428 482
nsga2,508_e-04,28,5,4250,85,9893970.334134,1367596.195312,0.102041,0.897959,352 383 424 427 482
nsga2,508_e-04,28,6,4250,85,9890007.268715,1366502.068359,0.122449,0.877551,352 383 425 426 482
nsga2,508_e-04,28,7,4250,85,9888538.446459,1364439.562500,0.142857,0.857143,352 384 401 426 482
nsga2,508_e-04,28,8,4250,85,9886913.734310,1363846.605469,0.163265,0.836735,352 384 402 426 482
nsga2,508_e-04,28,9,4250,85,9879178.679978,1361817.460938,0.183673,0.816327,381 385 423 428 482
nsga2,508_e-04,28,10,4250,85,9874850.132103,1361391.044922,0.204082,0.795918,381 385 424 428 482
nsga2,508_e-04,28,11,4250,85,9872146.408547,1360919.794922,0.224490,0.775510,381 384 424 428 482
nsga2,508_e-04,28,12,4250,85,9868591.883469,1360449.777344,0.244898,0.755102,381 384 424 427 482
nsga2,508_e-04,28,13,4250,85,9866040.747976,1359932.113281,0.265306,0.734694,382 384 424 427 482
nsga2,508_e-04,28,14,4250,85,9863642.232235,1359413.066406,0.285714,0.714286,382 384 425 427 482
nsga2,508_e-04,28,15,4250,85,9862077.682557,1358837.986328,0.306122,0.693878,382 384 425 426 482
nsga2,508_e-04,28,16,4250,85,9861142.812242,1358261.621094,0.326531,0.673469,382 383 425 426 482
nsga2,508_e-04,28,17,4250,85,9861142.812242,1358261.621094,0.346939,0.653061,382 383 425 426 482
nsga2,508_e-04,28,18,4250,85,9860723.550829,1354526.419922,0.367347,0.632653,384 401 426 427 482
nsga2,508_e-04,28,19,4250,85,9858850.907309,1354025.322266,0.387755,0.612245,383 384 401 426 482
nsga2,508_e-04,28,20,4250,85,9858049.277837,1353200.099609,0.408163,0.591837,382 384 402 426 482
nsga2,508_e-04,28,21,4250,85,9854231.470077,1351493.732422,0.428571,0.571429,381 385 423 425 428
nsga2,508_e-04,28,22,4250,85,9854231.470077,1351493.732422,0.448980,0.551020,381 385 423 425 428
nsga2,508_e-04,28,23,4250,85,9851527.746521,1351022.482422,0.469388,0.530612,381 384 423 425 428
nsga2,508_e-04,28,24,4250,85,9848976.611029,1350504.818359,0.489796,0.510204,382 384 423 425 428
nsga2,508_e-04,28,25,4250,85,9848976.611029,1350504.818359,0.510204,0.489796,382 384 423 425 428
nsga2,508_e-04,28,26,4250,85,9846548.142584,1350006.640625,0.530612,0.469388,381 384 385 424 427
nsga2,508_e-04,28,27,4250,85,9844888.640729,1349529.951172,0.551020,0.448980,381 382 384 425 428
nsga2,508_e-04,28,28,4250,85,9843732.631391,1349529.785156,0.571429,0.428571,381 382 384 424 427
nsga2,508_e-04,28,29,4250,85,9841822.516400,1349051.976562,0.591837,0.408163,382 384 425 426 428
nsga2,508_e-04,28,30,4250,85,9841822.516400,1349051.976562,0.612245,0.387755,382 384 425 426 428
nsga2,508_e-04,28,31,4250,85,9840270.455397,1348478.154297,0.632653,0.367347,383 384 424 425 427
nsga2,508_e-04,28,32,4250,85,9838267.991322,1348164.490234,0.653061,0.346939,382 384 425 426 427
nsga2,508_e-04,28,33,4250,85,9838267.991322,1348164.490234,0.673469,0.326531,382 384 425 426 427
nsga2,508_e-04,28,34,4250,85,9837333.121007,1347588.125000,0.693878,0.306122,382 383 425 426 427
nsga2,508_e-04,28,35,4250,85,9837333.121007,1347588.125000,0.714286,0.285714,382 383 425 426 427
nsga2,508_e-04,28,36,4250,85,9835468.247087,1344989.832031,0.734694,0.265306,383 384 401 425 427
nsga2,508_e-04,28,37,4250,85,9835468.247087,1344989.832031,0.755102,0.244898,383 384 401 425 427
nsga2,508_e-04,28,38,4250,85,9834666.617614,1343738.027344,0.775510,0.224490,382 384 402 425 427
nsga2,508_e-04,28,39,4250,85,9833102.067936,1342946.597656,0.795918,0.204082,382 384 402 425 426
nsga2,508_e-04,28,40,4250,85,9833102.067936,1342946.597656,0.816327,0.183673,382 384 402 425 426
nsga2,508_e-04,28,41,4250,85,9832174.967220,1340332.027344,0.836735,0.163265,384 401 402 425 427
nsga2,508_e-04,28,42,4250,85,9830698.375366,1338531.386719,0.857143,0.142857,382 384 401 402 426
nsga2,508_e-04,28,43,4250,85,9830698.375366,1338531.386719,0.877551,0.122449,382 384 401 402 426
nsga2,508_e-04,28,44,4250,85,9829328.083470,1332816.724609,0.897959,0.102041,382 384 402 403 426
nsga2,508_e-04,28,45,4250,85,9829240.125646,1332657.679688,0.918367,0.081633,384 402 403 425 426
nsga2,508_e-04,28,46,4250,85,9826836.433076,1331223.843750,0.938776,0.061224,384 401 402 403 426
nsga2,508_e-04,28,47,4250,85,9826836.433076,1331223.843750,0.959184,0.040816,384 401 402 403 426
nsga2,508_e-04,28,48,4250,85,9825526.849860,1329228.361328,0.979592,0.020408,382 401 402 403 404
nsga2,508_e-04,28,49,4250,85,9825526.849860,1329228.361328,1.000000,0.000000,382 401 402 403 404
nsga2,508_e-04,28,0,4300,86,11138955.170129,1375069.998047,0.000000,1.000000,386 3393 4871 5483 5603
nsga2,508_e-04,28,1,4300,86,9961615.128617,1374690.701172,0.020408,0.979592,352 383 426 482 553
nsga2,508_e-04,28,2,4300,86,9929680.039322,1369562.167969,0.040816,0.959184,354 384 420 428 482
nsga2,508_e-04,28,3,4300,86,9911030.782261,1368837.132812,0.061224,0.938776,352 378 384 426 482
nsga2,508_e-04,28,4,4300,86,9901853.407088,1368492.628906,0.081633,0.918367,352 383 423 428 482
nsga2,508_e-04,28,5,4300,86,9893970.334134,1367596.195312,0.102041,0.897959,352 383 424 427 482
nsga2,508_e-04,28,6,4300,86,9890007.268715,1366502.068359,0.122449,0.877551,352 383 425 426 482
nsga2,508_e-04,28,7,4300,86,9888538.446459,1364439.562500,0.142857,0.857143,352 384 401 426 482
nsga2,508_e-04,28,8,4300,86,9886913.734310,1363846.605469,0.163265,0.836735,352 384 402 426 482
nsga2,508_e-04,28,9,4300,86,9879178.679978,1361817.460938,0.183673,0.816327,381 385 423 428 482
nsga2,508_e-04,28,10,4300,86,9874850.132103,1361391.044922,0.204082,0.795918,381 385 424 428 482
nsga2,508_e-04,28,11,4300,86,9871295.607024,1360921.027344,0.224490,0.775510,381 385 424 427 482
nsga2,508_e-04,28,12,4300,86,9868591.883469,1360449.777344,0.244898,0.755102,381 384 424 427 482
nsga2,508_e-04,28,13,4300,86,9866040.747976,1359932.113281,0.265306,0.734694,382 384 424 427 482
nsga2,508_e-04,28,14,4300,86,9863642.232235,1359413.066406,0.285714,0.714286,382 384 425 427 482
nsga2,508_e-04,28,15,4300,86,9862077.682557,1358837.986328,0.306122,0.693878,382 384 425 426 482
nsga2,508_e-04,28,16,4300,86,9861142.812242,1358261.621094,0.326531,0.673469,382 383 425 426 482
nsga2,508_e-04,28,17,4300,86,9861142.812242,1358261.621094,0.346939,0.653061,382 383 425 426 482
nsga2,508_e-04,28,18,4300,86,9860723.550829,1354526.419922,0.367347,0.632653,384 401 426 427 482
nsga2,508_e-04,28,19,4300,86,9858850.907309,1354025.322266,0.387755,0.612245,383 384 401 426 482
nsga2,508_e-04,28,20,4300,86,9858049.277837,1353200.099609,0.408163,0.591837,382 384 402 426 482
nsga2,508_e-04,28,21,4300,86,9854231.470077,1351493.732422,0.428571,0.571429,381 385 423 425 428
nsga2,508_e-04,28,22,4300,86,9854231.470077,1351493.732422,0.448980,0.551020,381 385 423 425 428
nsga2,508_e-04,28,23,4300,86,9851527.746521,1351022.482422,0.469388,0.530612,381 384 423 425 428
nsga2,508_e-04,28,24,4300,86,9848976.611029,1350504.818359,0.489796,0.510204,382 384 423 425 428
nsga2,508_e-04,28,25,4300,86,9848976.611029,1350504.818359,0.510204,0.489796,382 384 423 425 428
nsga2,508_e-04,28,26,4300,86,9846548.142584,1350006.640625,0.530612,0.469388,381 384 385 424 427
nsga2,508_e-04,28,27,4300,86,9843732.631391,1349529.785156,0.551020,0.448980,381 382 384 424 427
nsga2,508_e-04,28,28,4300,86,9843732.631391,1349529.785156,0.571429,0.428571,381 382 384 424 427
nsga2,508_e-04,28,29,4300,86,9841822.516400,1349051.976562,0.591837,0.408163,382 384 425 426 428
nsga2,508_e-04,28,30,4300,86,9841822.516400,1349051.976562,0.612245,0.387755,382 384 425 426 428
nsga2,508_e-04,28,31,4300,86,9840270.455397,1348478.154297,0.632653,0.367347,383 384 424 425 427
nsga2,508_e-04,28,32,4300,86,9838267.991322,1348164.490234,0.653061,0.346939,382 384 425 426 427
nsga2,508_e-04,28,33,4300,86,9838267.991322,1348164.490234,0.673469,0.326531,382 384 425 426 427
nsga2,508_e-04,28,34,4300,86,9837333.121007,1347588.125000,0.693878,0.306122,382 383 425 426 427
nsga2,508_e-04,28,35,4300,86,9837333.121007,1347588.125000,0.714286,0.285714,382 383 425 426 427
nsga2,508_e-04,28,36,4300,86,9835468.247087,1344989.832031,0.734694,0.265306,383 384 401 425 427
nsga2,508_e-04,28,37,4300,86,9835468.247087,1344989.832031,0.755102,0.244898,383 384 401 425 427
nsga2,508_e-04,28,38,4300,86,9834666.617614,1343738.027344,0.775510,0.224490,382 384 402 425 427
nsga2,508_e-04,28,39,4300,86,9833102.067936,1342946.597656,0.795918,0.204082,382 384 402 425 426
nsga2,508_e-04,28,40,4300,86,9833102.067936,1342946.597656,0.816327,0.183673,382 384 402 425 426
nsga2,508_e-04,28,41,4300,86,9832174.967220,1340332.027344,0.836735,0.163265,384 401 402 425 427
nsga2,508_e-04,28,42,4300,86,9830698.375366,1338531.386719,0.857143,0.142857,382 384 401 402 426
nsga2,508_e-04,28,43,4300,86,9830698.375366,1338531.386719,0.877551,0.122449,382 384 401 402 426
nsga2,508_e-04,28,44,4300,86,9829328.083470,1332816.724609,0.897959,0.102041,382 384 402 403 426
nsga2,508_e-04,28,45,4300,86,9829240.125646,1332657.679688,0.918367,0.081633,384 402 403 425 426
nsga2,508_e-04,28,46,4300,86,9826836.433076,1331223.843750,0.938776,0.061224,384 401 402 403 426
nsga2,508_e-04,28,47,4300,86,9826836.433076,1331223.843750,0.959184,0.040816,384 401 402 403 426
nsga2,508_e-04,28,48,4300,86,9825526.849860,1329228.361328,0.979592,0.020408,382 401 402 403 404
nsga2,508_e-04,28,49,4300,86,9825526.849860,1329228.361328,1.000000,0.000000,382 401 402 403 404
nsga2,508_e-04,28,0,4350,87,11138955.170129,1375069.998047,0.000000,1.000000,386 3393 4871 5483 5603
nsga2,508_e-04,28,1,4350,87,9961615.128617,1374690.701172,0.020408,0.979592,352 383 426 482 553
nsga2,508_e-04,28,2,4350,87,9929680.039322,1369562.167969,0.040816,0.959184,354 384 420 428 482
nsga2,508_e-04,28,3,4350,87,9914076.824469,1368839.390625,0.061224,0.938776,354 378 384 426 482
nsga2,508_e-04,28,4,4350,87,9901853.407088,1368492.628906,0.081633,0.918367,352 383 423 428 482
nsga2,508_e-04,28,5,4350,87,9893970.334134,1367596.195312,0.102041,0.897959,352 383 424 427 482
nsga2,508_e-04,28,6,4350,87,9890007.268715,1366502.068359,0.122449,0.877551,352 383 425 426 482
nsga2,508_e-04,28,7,4350,87,9888538.446459,1364439.562500,0.142857,0.857143,352 384 401 426 482
nsga2,508_e-04,28,8,4350,87,9886913.734310,1363846.605469,0.163265,0.836735,352 384 402 426 482
nsga2,508_e-04,28,9,4350,87,9879178.679978,1361817.460938,0.183673,0.816327,381 385 423 428 482
nsga2,508_e-04,28,10,4350,87,9874850.132103,1361391.044922,0.204082,0.795918,381 385 424 428 482
nsga2,508_e-04,28,11,4350,87,9871295.607024,1360921.027344,0.224490,0.775510,381 385 424 427 482
nsga2,508_e-04,28,12,4350,87,9868591.883469,1360449.777344,0.244898,0.755102,381 384 424 427 482
nsga2,508_e-04,28,13,4350,87,9866040.747976,1359932.113281,0.265306,0.734694,382 384 424 427 482
nsga2,508_e-04,28,14,4350,87,9863642.232235,1359413.066406,0.285714,0.714286,382 384 425 427 482
nsga2,508_e-04,28,15,4350,87,9862077.682557,1358837.986328,0.306122,0.693878,382 384 425 426 482
nsga2,508_e-04,28,16,4350,87,9861142.812242,1358261.621094,0.326531,0.673469,382 383 425 426 482
nsga2,508_e-04,28,17,4350,87,9861142.812242,1358261.621094,0.346939,0.653061,382 383 425 426 482
nsga2,508_e-04,28,18,4350,87,9860723.550829,1354526.419922,0.367347,0.632653,384 401 426 427 482
nsga2,508_e-04,28,19,4350,87,9858850.907309,1354025.322266,0.387755,0.612245,383 384 401 426 482
nsga2,508_e-04,28,20,4350,87,9858049.277837,1353200.099609,0.408163,0.591837,382 384 402 426 482
nsga2,508_e-04,28,21,4350,87,9854231.470077,1351493.732422,0.428571,0.571429,381 385 423 425 428
nsga2,508_e-04,28,22,4350,87,9854231.470077,1351493.732422,0.448980,0.551020,381 385 423 425 428
nsga2,508_e-04,28,23,4350,87,9851527.746521,1351022.482422,0.469388,0.530612,381 384 423 425 428
nsga2,508_e-04,28,24,4350,87,9848976.611029,1350504.818359,0.489796,0.510204,382 384 423 425 428
nsga2,508_e-04,28,25,4350,87,9848976.611029,1350504.818359,0.510204,0.489796,382 384 423 425 428
nsga2,508_e-04,28,26,4350,87,9846548.142584,1350006.640625,0.530612,0.469388,381 384 385 424 427
nsga2,508_e-04,28,27,4350,87,9843732.631391,1349529.785156,0.551020,0.448980,381 382 384 424 427
nsga2,508_e-04,28,28,4350,87,9843732.631391,1349529.785156,0.571429,0.428571,381 382 384 424 427
nsga2,508_e-04,28,29,4350,87,9841822.516400,1349051.976562,0.591837,0.408163,382 384 425 426 428
nsga2,508_e-04,28,30,4350,87,9841822.516400,1349051.976562,0.612245,0.387755,382 384 425 426 428
nsga2,508_e-04,28,31,4350,87,9840358.413222,1348644.759766,0.632653,0.367347,382 383 384 424 427
nsga2,508_e-04,28,32,4350,87,9838267.991322,1348164.490234,0.653061,0.346939,382 384 425 426 427
nsga2,508_e-04,28,33,4350,87,9838267.991322,1348164.490234,0.673469,0.326531,382 384 425 426 427
nsga2,508_e-04,28,34,4350,87,9837333.121007,1347588.125000,0.693878,0.306122,382 383 425 426 427
nsga2,508_e-04,28,35,4350,87,9837333.121007,1347588.125000,0.714286,0.285714,382 383 425 426 427
nsga2,508_e-04,28,36,4350,87,9835468.247087,1344989.832031,0.734694,0.265306,383 384 401 425 427
nsga2,508_e-04,28,37,4350,87,9835468.247087,1344989.832031,0.755102,0.244898,383 384 401 425 427
nsga2,508_e-04,28,38,4350,87,9834666.617614,1343738.027344,0.775510,0.224490,382 384 402 425 427
nsga2,508_e-04,28,39,4350,87,9833102.067936,1342946.597656,0.795918,0.204082,382 384 402 425 426
nsga2,508_e-04,28,40,4350,87,9833102.067936,1342946.597656,0.816327,0.183673,382 384 402 425 426
nsga2,508_e-04,28,41,4350,87,9832174.967220,1340332.027344,0.836735,0.163265,384 401 402 425 427
nsga2,508_e-04,28,42,4350,87,9830698.375366,1338531.386719,0.857143,0.142857,382 384 401 402 426
nsga2,508_e-04,28,43,4350,87,9830698.375366,1338531.386719,0.877551,0.122449,382 384 401 402 426
nsga2,508_e-04,28,44,4350,87,9829328.083470,1332816.724609,0.897959,0.102041,382 384 402 403 426
nsga2,508_e-04,28,45,4350,87,9829240.125646,1332657.679688,0.918367,0.081633,384 402 403 425 426
nsga2,508_e-04,28,46,4350,87,9826836.433076,1331223.843750,0.938776,0.061224,384 401 402 403 426
nsga2,508_e-04,28,47,4350,87,9826836.433076,1331223.843750,0.959184,0.040816,384 401 402 403 426
nsga2,508_e-04,28,48,4350,87,9825526.849860,1329228.361328,0.979592,0.020408,382 401 402 403 404
nsga2,508_e-04,28,49,4350,87,9825526.849860,1329228.361328,1.000000,0.000000,382 401 402 403 404
nsga2,508_e-04,28,0,4400,88,11138955.170129,1375069.998047,0.000000,1.000000,386 3393 4871 5483 5603
nsga2,508_e-04,28,1,4400,88,9961615.128617,1374690.701172,0.020408,0.979592,352 383 426 482 553
nsga2,508_e-04,28,2,4400,88,9929680.039322,1369562.167969,0.040816,0.959184,354 384 420 428 482
nsga2,508_e-04,28,3,4400,88,9914076.824469,1368839.390625,0.061224,0.938776,354 378 384 426 482
nsga2,508_e-04,28,4,4400,88,9901853.407088,1368492.628906,0.081633,0.918367,352 383 423 428 482
nsga2,508_e-04,28,5,4400,88,9893970.334134,1367596.195312,0.102041,0.897959,352 383 424 427 482
nsga2,508_e-04,28,6,4400,88,9890007.268715,1366502.068359,0.122449,0.877551,352 383 425 426 482
nsga2,508_e-04,28,7,4400,88,9888538.446459,1364439.562500,0.142857,0.857143,352 384 401 426 482
nsga2,508_e-04,28,8,4400,88,9886913.734310,1363846.605469,0.163265,0.836735,352 384 402 426 482
nsga2,508_e-04,28,9,4400,88,9879178.679978,1361817.460938,0.183673,0.816327,381 385 423 428 482
nsga2,508_e-04,28,10,4400,88,9874850.132103,1361391.044922,0.204082,0.795918,381 385 424 428 482
nsga2,508_e-04,28,11,4400,88,9871295.607024,1360921.027344,0.224490,0.775510,381 385 424 427 482
nsga2,508_e-04,28,12,4400,88,9868591.883469,1360449.777344,0.244898,0.755102,381 384 424 427 482
nsga2,508_e-04,28,13,4400,88,9866040.747976,1359932.113281,0.265306,0.734694,382 384 424 427 482
nsga2,508_e-04,28,14,4400,88,9863642.232235,1359413.066406,0.285714,0.714286,382 384 425 427 482
nsga2,508_e-04,28,15,4400,88,9862077.682557,1358837.986328,0.306122,0.693878,382 384 425 426 482
nsga2,508_e-04,28,16,4400,88,9861142.812242,1358261.621094,0.326531,0.673469,382 383 425 426 482
nsga2,508_e-04,28,17,4400,88,9861142.812242,1358261.621094,0.346939,0.653061,382 383 425 426 482
nsga2,508_e-04,28,18,4400,88,9860723.550829,1354526.419922,0.367347,0.632653,384 401 426 427 482
nsga2,508_e-04,28,19,4400,88,9858850.907309,1354025.322266,0.387755,0.612245,383 384 401 426 482
nsga2,508_e-04,28,20,4400,88,9858049.277837,1353200.099609,0.408163,0.591837,382 384 402 426 482
nsga2,508_e-04,28,21,4400,88,9854231.470077,1351493.732422,0.428571,0.571429,381 385 423 425 428
nsga2,508_e-04,28,22,4400,88,9854231.470077,1351493.732422,0.448980,0.551020,381 385 423 425 428
nsga2,508_e-04,28,23,4400,88,9851527.746521,1351022.482422,0.469388,0.530612,381 384 423 425 428
nsga2,508_e-04,28,24,4400,88,9848976.611029,1350504.818359,0.489796,0.510204,382 384 423 425 428
nsga2,508_e-04,28,25,4400,88,9848976.611029,1350504.818359,0.510204,0.489796,382 384 423 425 428
nsga2,508_e-04,28,26,4400,88,9846548.142584,1350006.640625,0.530612,0.469388,381 384 385 424 427
nsga2,508_e-04,28,27,4400,88,9843732.631391,1349529.785156,0.551020,0.448980,381 382 384 424 427
nsga2,508_e-04,28,28,4400,88,9843732.631391,1349529.785156,0.571429,0.428571,381 382 384 424 427
nsga2,508_e-04,28,29,4400,88,9841822.516400,1349051.976562,0.591837,0.408163,382 384 425 426 428
nsga2,508_e-04,28,30,4400,88,9841822.516400,1349051.976562,0.612245,0.387755,382 384 425 426 428
nsga2,508_e-04,28,31,4400,88,9840358.413222,1348644.759766,0.632653,0.367347,382 383 384 424 427
nsga2,508_e-04,28,32,4400,88,9838267.991322,1348164.490234,0.653061,0.346939,382 384 425 426 427
nsga2,508_e-04,28,33,4400,88,9838267.991322,1348164.490234,0.673469,0.326531,382 384 425 426 427
nsga2,508_e-04,28,34,4400,88,9837333.121007,1347588.125000,0.693878,0.306122,382 383 425 426 427
nsga2,508_e-04,28,35,4400,88,9837333.121007,1347588.125000,0.714286,0.285714,382 383 425 426 427
nsga2,508_e-04,28,36,4400,88,9835468.247087,1344989.832031,0.734694,0.265306,383 384 401 425 427
nsga2,508_e-04,28,37,4400,88,9835468.247087,1344989.832031,0.755102,0.244898,383 384 401 425 427
nsga2,508_e-04,28,38,4400,88,9834666.617614,1343738.027344,0.775510,0.224490,382 384 402 425 427
nsga2,508_e-04,28,39,4400,88,9833102.067936,1342946.597656,0.795918,0.204082,382 384 402 425 426
nsga2,508_e-04,28,40,4400,88,9833102.067936,1342946.597656,0.816327,0.183673,382 384 402 425 426
nsga2,508_e-04,28,41,4400,88,9832174.967220,1340332.027344,0.836735,0.163265,384 401 402 425 427
nsga2,508_e-04,28,42,4400,88,9830698.375366,1338531.386719,0.857143,0.142857,382 384 401 402 426
nsga2,508_e-04,28,43,4400,88,9830698.375366,1338531.386719,0.877551,0.122449,382 384 401 402 426
nsga2,508_e-04,28,44,4400,88,9829328.083470,1332816.724609,0.897959,0.102041,382 384 402 403 426
nsga2,508_e-04,28,45,4400,88,9829240.125646,1332657.679688,0.918367,0.081633,384 402 403 425 426
nsga2,508_e-04,28,46,4400,88,9826836.433076,1331223.843750,0.938776,0.061224,384 401 402 403 426
nsga2,508_e-04,28,47,4400,88,9826836.433076,1331223.843750,0.959184,0.040816,384 401 402 403 426
nsga2,508_e-04,28,48,4400,88,9825526.849860,1329228.361328,0.979592,0.020408,382 401 402 403 404
nsga2,508_e-04,28,49,4400,88,9825526.849860,1329228.361328,1.000000,0.000000,382 401 402 403 404
nsga2,508_e-04,28,0,4450,89,11138955.170129,1375069.998047,0.000000,1.000000,386 3393 4871 5483 5603
nsga2,508_e-04,28,1,4450,89,9961615.128617,1374690.701172,0.020408,0.979592,352 383 426 482 553
nsga2,508_e-04,28,2,4450,89,9929680.039322,1369562.167969,0.040816,0.959184,354 384 420 428 482
nsga2,508_e-04,28,3,4450,89,9914076.824469,1368839.390625,0.061224,0.938776,354 378 384 426 482
nsga2,508_e-04,28,4,4450,89,9901853.407088,1368492.628906,0.081633,0.918367,352 383 423 428 482
nsga2,508_e-04,28,5,4450,89,9893970.334134,1367596.195312,0.102041,0.897959,352 383 424 427 482
nsga2,508_e-04,28,6,4450,89,9890007.268715,1366502.068359,0.122449,0.877551,352 383 425 426 482
nsga2,508_e-04,28,7,4450,89,9888538.446459,1364439.562500,0.142857,0.857143,352 384 401 426 482
nsga2,508_e-04,28,8,4450,89,9886913.734310,1363846.605469,0.163265,0.836735,352 384 402 426 482
nsga2,508_e-04,28,9,4450,89,9879178.679978,1361817.460938,0.183673,0.816327,381 385 423 428 482
nsga2,508_e-04,28,10,4450,89,9874850.132103,1361391.044922,0.204082,0.795918,381 385 424 428 482
nsga2,508_e-04,28,11,4450,89,9871295.607024,1360921.027344,0.224490,0.775510,381 385 424 427 482
nsga2,508_e-04,28,12,4450,89,9868591.883469,1360449.777344,0.244898,0.755102,381 384 424 427 482
nsga2,508_e-04,28,13,4450,89,9866040.747976,1359932.113281,0.265306,0.734694,382 384 424 427 482
nsga2,508_e-04,28,14,4450,89,9863642.232235,1359413.066406,0.285714,0.714286,382 384 425 427 482
nsga2,508_e-04,28,15,4450,89,9862077.682557,1358837.986328,0.306122,0.693878,382 384 425 426 482
nsga2,508_e-04,28,16,4450,89,9861142.812242,1358261.621094,0.326531,0.673469,382 383 425 426 482
nsga2,508_e-04,28,17,4450,89,9861142.812242,1358261.621094,0.346939,0.653061,382 383 425 426 482
nsga2,508_e-04,28,18,4450,89,9860723.550829,1354526.419922,0.367347,0.632653,384 401 426 427 482
nsga2,508_e-04,28,19,4450,89,9858850.907309,1354025.322266,0.387755,0.612245,383 384 401 426 482
nsga2,508_e-04,28,20,4450,89,9858049.277837,1353200.099609,0.408163,0.591837,382 384 402 426 482
nsga2,508_e-04,28,21,4450,89,9854231.470077,1351493.732422,0.428571,0.571429,381 385 423 425 428
nsga2,508_e-04,28,22,4450,89,9854231.470077,1351493.732422,0.448980,0.551020,381 385 423 425 428
nsga2,508_e-04,28,23,4450,89,9851527.746521,1351022.482422,0.469388,0.530612,381 384 423 425 428
nsga2,508_e-04,28,24,4450,89,9848976.611029,1350504.818359,0.489796,0.510204,382 384 423 425 428
nsga2,508_e-04,28,25,4450,89,9848976.611029,1350504.818359,0.510204,0.489796,382 384 423 425 428
nsga2,508_e-04,28,26,4450,89,9846548.142584,1350006.640625,0.530612,0.469388,381 384 385 424 427
nsga2,508_e-04,28,27,4450,89,9843732.631391,1349529.785156,0.551020,0.448980,381 382 384 424 427
nsga2,508_e-04,28,28,4450,89,9843732.631391,1349529.785156,0.571429,0.428571,381 382 384 424 427
nsga2,508_e-04,28,29,4450,89,9841822.516400,1349051.976562,0.591837,0.408163,382 384 425 426 428
nsga2,508_e-04,28,30,4450,89,9841822.516400,1349051.976562,0.612245,0.387755,382 384 425 426 428
nsga2,508_e-04,28,31,4450,89,9840358.413222,1348644.759766,0.632653,0.367347,382 383 384 424 427
nsga2,508_e-04,28,32,4450,89,9838267.991322,1348164.490234,0.653061,0.346939,382 384 425 426 427
nsga2,508_e-04,28,33,4450,89,9838267.991322,1348164.490234,0.673469,0.326531,382 384 425 426 427
nsga2,508_e-04,28,34,4450,89,9837333.121007,1347588.125000,0.693878,0.306122,382 383 425 426 427
nsga2,508_e-04,28,35,4450,89,9837333.121007,1347588.125000,0.714286,0.285714,382 383 425 426 427
nsga2,508_e-04,28,36,4450,89,9835468.247087,1344989.832031,0.734694,0.265306,383 384 401 425 427
nsga2,508_e-04,28,37,4450,89,9835468.247087,1344989.832031,0.755102,0.244898,383 384 401 425 427
nsga2,508_e-04,28,38,4450,89,9834666.617614,1343738.027344,0.775510,0.224490,382 384 402 425 427
nsga2,508_e-04,28,39,4450,89,9833102.067936,1342946.597656,0.795918,0.204082,382 384 402 425 426
nsga2,508_e-04,28,40,4450,89,9833102.067936,1342946.597656,0.816327,0.183673,382 384 402 425 426
nsga2,508_e-04,28,41,4450,89,9832174.967220,1340332.027344,0.836735,0.163265,384 401 402 425 427
nsga2,508_e-04,28,42,4450,89,9830698.375366,1338531.386719,0.857143,0.142857,382 384 401 402 426
nsga2,508_e-04,28,43,4450,89,9830698.375366,1338531.386719,0.877551,0.122449,382 384 401 402 426
nsga2,508_e-04,28,44,4450,89,9829328.083470,1332816.724609,0.897959,0.102041,382 384 402 403 426
nsga2,508_e-04,28,45,4450,89,9829240.125646,1332657.679688,0.918367,0.081633,384 402 403 425 426
nsga2,508_e-04,28,46,4450,89,9826836.433076,1331223.843750,0.938776,0.061224,384 401 402 403 426
nsga2,508_e-04,28,47,4450,89,9826836.433076,1331223.843750,0.959184,0.040816,384 401 402 403 426
nsga2,508_e-04,28,48,4450,89,9825526.849860,1329228.361328,0.979592,0.020408,382 401 402 403 404
nsga2,508_e-04,28,49,4450,89,9825526.849860,1329228.361328,1.000000,0.000000,382 401 402 403 404
nsga2,508_e-04,28,0,4500,90,11138955.170129,1375069.998047,0.000000,1.000000,386 3393 4871 5483 5603
nsga2,508_e-04,28,1,4500,90,9961615.128617,1374690.701172,0.020408,0.979592,352 383 426 482 553
nsga2,508_e-04,28,2,4500,90,9929680.039322,1369562.167969,0.040816,0.959184,354 384 420 428 482
nsga2,508_e-04,28,3,4500,90,9914076.824469,1368839.390625,0.061224,0.938776,354 378 384 426 482
nsga2,508_e-04,28,4,4500,90,9901853.407088,1368492.628906,0.081633,0.918367,352 383 423 428 482
nsga2,508_e-04,28,5,4500,90,9893970.334134,1367596.195312,0.102041,0.897959,352 383 424 427 482
nsga2,508_e-04,28,6,4500,90,9890007.268715,1366502.068359,0.122449,0.877551,352 383 425 426 482
nsga2,508_e-04,28,7,4500,90,9888538.446459,1364439.562500,0.142857,0.857143,352 384 401 426 482
nsga2,508_e-04,28,8,4500,90,9886913.734310,1363846.605469,0.163265,0.836735,352 384 402 426 482
nsga2,508_e-04,28,9,4500,90,9879178.679978,1361817.460938,0.183673,0.816327,381 385 423 428 482
nsga2,508_e-04,28,10,4500,90,9874850.132103,1361391.044922,0.204082,0.795918,381 385 424 428 482
nsga2,508_e-04,28,11,4500,90,9871295.607024,1360921.027344,0.224490,0.775510,381 385 424 427 482
nsga2,508_e-04,28,12,4500,90,9868591.883469,1360449.777344,0.244898,0.755102,381 384 424 427 482
nsga2,508_e-04,28,13,4500,90,9866040.747976,1359932.113281,0.265306,0.734694,382 384 424 427 482
nsga2,508_e-04,28,14,4500,90,9863642.232235,1359413.066406,0.285714,0.714286,382 384 425 427 482
nsga2,508_e-04,28,15,4500,90,9862077.682557,1358837.986328,0.306122,0.693878,382 384 425 426 482
nsga2,508_e-04,28,16,4500,90,9861142.812242,1358261.621094,0.326531,0.673469,382 383 425 426 482
nsga2,508_e-04,28,17,4500,90,9861142.812242,1358261.621094,0.346939,0.653061,382 383 425 426 482
nsga2,508_e-04,28,18,4500,90,9860723.550829,1354526.419922,0.367347,0.632653,384 401 426 427 482
nsga2,508_e-04,28,19,4500,90,9858850.907309,1354025.322266,0.387755,0.612245,383 384 401 426 482
nsga2,508_e-04,28,20,4500,90,9858049.277837,1353200.099609,0.408163,0.591837,382 384 402 426 482
nsga2,508_e-04,28,21,4500,90,9854231.470077,1351493.732422,0.428571,0.571429,381 385 423 425 428
nsga2,508_e-04,28,22,4500,90,9854231.470077,1351493.732422,0.448980,0.551020,381 385 423 425 428
nsga2,508_e-04,28,23,4500,90,9851527.746521,1351022.482422,0.469388,0.530612,381 384 423 425 428
nsga2,508_e-04,28,24,4500,90,9848976.611029,1350504.818359,0.489796,0.510204,382 384 423 425 428
nsga2,508_e-04,28,25,4500,90,9848976.611029,1350504.818359,0.510204,0.489796,382 384 423 425 428
nsga2,508_e-04,28,26,4500,90,9846548.142584,1350006.640625,0.530612,0.469388,381 384 385 424 427
nsga2,508_e-04,28,27,4500,90,9843732.631391,1349529.785156,0.551020,0.448980,381 382 384 424 427
nsga2,508_e-04,28,28,4500,90,9843732.631391,1349529.785156,0.571429,0.428571,381 382 384 424 427
nsga2,508_e-04,28,29,4500,90,9841822.516400,1349051.976562,0.591837,0.408163,382 384 425 426 428
nsga2,508_e-04,28,30,4500,90,9841822.516400,1349051.976562,0.612245,0.387755,382 384 425 426 428
nsga2,508_e-04,28,31,4500,90,9840358.413222,1348644.759766,0.632653,0.367347,382 383 384 424 427
nsga2,508_e-04,28,32,4500,90,9838267.991322,1348164.490234,0.653061,0.346939,382 384 425 426 427
nsga2,508_e-04,28,33,4500,90,9838267.991322,1348164.490234,0.673469,0.326531,382 384 425 426 427
nsga2,508_e-04,28,34,4500,90,9837333.121007,1347588.125000,0.693878,0.306122,382 383 425 426 427
nsga2,508_e-04,28,35,4500,90,9837333.121007,1347588.125000,0.714286,0.285714,382 383 425 426 427
nsga2,508_e-04,28,36,4500,90,9835468.247087,1344989.832031,0.734694,0.265306,383 384 401 425 427
nsga2,508_e-04,28,37,4500,90,9835468.247087,1344989.832031,0.755102,0.244898,383 384 401 425 427
nsga2,508_e-04,28,38,4500,90,9834666.617614,1343738.027344,0.775510,0.224490,382 384 402 425 427
nsga2,508_e-04,28,39,4500,90,9833102.067936,1342946.597656,0.795918,0.204082,382 384 402 425 426
nsga2,508_e-04,28,40,4500,90,9833102.067936,1342946.597656,0.816327,0.183673,382 384 402 425 426
nsga2,508_e-04,28,41,4500,90,9832174.967220,1340332.027344,0.836735,0.163265,384 401 402 425 427
nsga2,508_e-04,28,42,4500,90,9830698.375366,1338531.386719,0.857143,0.142857,382 384 401 402 426
nsga2,508_e-04,28,43,4500,90,9830698.375366,1338531.386719,0.877551,0.122449,382 384 401 402 426
nsga2,508_e-04,28,44,4500,90,9829328.083470,1332816.724609,0.897959,0.102041,382 384 402 403 426
nsga2,508_e-04,28,45,4500,90,9829240.125646,1332657.679688,0.918367,0.081633,384 402 403 425 426
nsga2,508_e-04,28,46,4500,90,9826836.433076,1331223.843750,0.938776,0.061224,384 401 402 403 426
nsga2,508_e-04,28,47,4500,90,9826836.433076,1331223.843750,0.959184,0.040816,384 401 402 403 426
nsga2,508_e-04,28,48,4500,90,9825526.849860,1329228.361328,0.979592,0.020408,382 401 402 403 404
nsga2,508_e-04,28,49,4500,90,9825526.849860,1329228.361328,1.000000,0.000000,382 401 402 403 404
