algorithm,instance,run_id,vector_id,generation,iteration,f_cost,f_power,weight1,weight2,occupied
moead,513_e-05,19,0,0,0,37685423.802498,6394.922775,0.000000,1.000000,3421 12029 22086 25433 32741 37182 48714 57418 57556 63998 96077 96991 137635 160606 179902
moead,513_e-05,19,1,0,0,35629093.054492,6014.771454,0.020408,0.979592,13142 14529 16839 18427 55123 70946 87720 91539 108389 135885 144794 165147 172914 177801 179894
moead,513_e-05,19,2,0,0,35629093.054492,6014.771454,0.040816,0.959184,13142 14529 16839 18427 55123 70946 87720 91539 108389 135885 144794 165147 172914 177801 179894
moead,513_e-05,19,3,0,0,35629093.054492,6014.771454,0.061224,0.938776,13142 14529 16839 18427 55123 70946 87720 91539 108389 135885 144794 165147 172914 177801 179894
moead,513_e-05,19,4,0,0,35629093.054492,6014.771454,0.081633,0.918367,13142 14529 16839 18427 55123 70946 87720 91539 108389 135885 144794 165147 172914 177801 179894
moead,513_e-05,19,5,0,0,35629093.054492,6014.771454,0.102041,0.897959,13142 14529 16839 18427 55123 70946 87720 91539 108389 135885 144794 165147 172914 177801 179894
moead,513_e-05,19,6,0,0,35629093.054492,6014.771454,0.122449,0.877551,13142 14529 16839 18427 55123 70946 87720 91539 108389 135885 144794 165147 172914 177801 179894
moead,513_e-05,19,7,0,0,35629093.054492,6014.771454,0.142857,0.857143,13142 14529 16839 18427 55123 70946 87720 91539 108389 135885 144794 165147 172914 177801 179894
moead,513_e-05,19,8,0,0,35629093.054492,6014.771454,0.163265,0.836735,13142 14529 16839 18427 55123 70946 87720 91539 108389 135885 144794 165147 172914 177801 179894
moead,513_e-05,19,9,0,0,35629093.054492,6014.771454,0.183673,0.816327,13142 14529 16839 18427 55123 70946 87720 91539 108389 135885 144794 165147 172914 177801 179894
moead,513_e-05,19,10,0,0,35629093.054492,6014.771454,0.204082,0.795918,13142 14529 16839 18427 55123 70946 87720 91539 108389 135885 144794 165147 172914 177801 179894
moead,513_e-05,19,11,0,0,35629093.054492,6014.771454,0.224490,0.775510,13142 14529 16839 18427 55123 70946 87720 91539 108389 135885 144794 165147 172914 177801 179894
moead,513_e-05,19,12,0,0,35629093.054492,6014.771454,0.244898,0.755102,13142 14529 16839 18427 55123 70946 87720 91539 108389 135885 144794 165147 172914 177801 179894
moead,513_e-05,19,13,0,0,35629093.054492,6014.771454,0.265306,0.734694,13142 14529 16839 18427 55123 70946 87720 91539 108389 135885 144794 165147 172914 177801 179894
moead,513_e-05,19,14,0,0,35629093.054492,6014.771454,0.285714,0.714286,13142 14529 16839 18427 55123 70946 87720 91539 108389 135885 144794 165147 172914 177801 179894
moead,513_e-05,19,15,0,0,35629093.054492,6014.771454,0.306122,0.693878,13142 14529 16839 18427 55123 70946 87720 91539 108389 135885 144794 165147 172914 177801 179894
moead,513_e-05,19,16,0,0,35629093.054492,6014.771454,0.326531,0.673469,13142 14529 16839 18427 55123 70946 87720 91539 108389 135885 144794 165147 172914 177801 179894
moead,513_e-05,19,17,0,0,35629093.054492,6014.771454,0.346939,0.653061,13142 14529 16839 18427 55123 70946 87720 91539 108389 135885 144794 165147 172914 177801 179894
moead,513_e-05,19,18,0,0,35629093.054492,6014.771454,0.367347,0.632653,13142 14529 16839 18427 55123 70946 87720 91539 108389 135885 144794 165147 172914 177801 179894
moead,513_e-05,19,19,0,0,35629093.054492,6014.771454,0.387755,0.612245,13142 14529 16839 18427 55123 70946 87720 91539 108389 135885 144794 165147 172914 177801 179894
moead,513_e-05,19,20,0,0,35629093.054492,6014.771454,0.408163,0.591837,13142 14529 16839 18427 55123 70946 87720 91539 108389 135885 144794 165147 172914 177801 179894
moead,513_e-05,19,21,0,0,35629093.054492,6014.771454,0.428571,0.571429,13142 14529 16839 18427 55123 70946 87720 91539 108389 135885 144794 165147 172914 177801 179894
moead,513_e-05,19,22,0,0,35629093.054492,6014.771454,0.448980,0.551020,13142 14529 16839 18427 55123 70946 87720 91539 108389 135885 144794 165147 172914 177801 179894
moead,513_e-05,19,23,0,0,35629093.054492,6014.771454,0.469388,0.530612,13142 14529 16839 18427 55123 70946 87720 91539 108389 135885 144794 165147 172914 177801 179894
moead,513_e-05,19,24,0,0,35629093.054492,6014.771454,0.489796,0.510204,13142 14529 16839 18427 55123 70946 87720 91539 108389 135885 144794 165147 172914 177801 179894
moead,513_e-05,19,25,0,0,35629093.054492,6014.771454,0.510204,0.489796,13142 14529 16839 18427 55123 70946 87720 91539 108389 135885 144794 165147 172914 177801 179894
moead,513_e-05,19,26,0,0,35629093.054492,6014.771454,0.530612,0.469388,13142 14529 16839 18427 55123 70946 87720 91539 108389 135885 144794 165147 172914 177801 179894
moead,513_e-05,19,27,0,0,35629093.054492,6014.771454,0.551020,0.448980,13142 14529 16839 18427 55123 70946 87720 91539 108389 135885 144794 165147 172914 177801 179894
moead,513_e-05,19,28,0,0,35629093.054492,6014.771454,0.571429,0.428571,13142 14529 16839 18427 55123 70946 87720 91539 108389 135885 144794 165147 172914 177801 179894
moead,513_e-05,19,29,0,0,35629093.054492,6014.771454,0.591837,0.408163,13142 14529 16839 18427 55123 70946 87720 91539 108389 135885 144794 165147 172914 177801 179894
moead,513_e-05,19,30,0,0,35629093.054492,6014.771454,0.612245,0.387755,13142 14529 16839 18427 55123 70946 87720 91539 108389 135885 144794 165147 172914 177801 179894
moead,513_e-05,19,31,0,0,35629093.054492,6014.771454,0.632653,0.367347,13142 14529 16839 18427 55123 70946 87720 91539 108389 135885 144794 165147 172914 177801 179894
moead,513_e-05,19,32,0,0,35629093.054492,6014.771454,0.653061,0.346939,13142 14529 16839 18427 55123 70946 87720 91539 108389 135885 144794 165147 172914 177801 179894
moead,513_e-05,19,33,0,0,35629093.054492,6014.771454,0.673469,0.326531,13142 14529 16839 18427 55123 70946 87720 91539 108389 135885 144794 165147 172914 177801 179894
moead,513_e-05,19,34,0,0,35629093.054492,6014.771454,0.693878,0.306122,13142 14529 16839 18427 55123 70946 87720 91539 108389 135885 144794 165147 172914 177801 179894
moead,513_e-05,19,35,0,0,35629093.054492,6014.771454,0.714286,0.285714,13142 14529 16839 18427 55123 70946 87720 91539 108389 135885 144794 165147 172914 177801 179894
moead,513_e-05,19,36,0,0,35629093.054492,6014.771454,0.734694,0.265306,13142 14529 16839 18427 55123 70946 87720 91539 108389 135885 144794 165147 172914 177801 179894
moead,513_e-05,19,37,0,0,35629093.054492,6014.771454,0.755102,0.244898,13142 14529 16839 18427 55123 70946 87720 91539 108389 135885 144794 165147 172914 177801 179894
moead,513_e-05,19,38,0,0,35629093.054492,6014.771454,0.775510,0.224490,13142 14529 16839 18427 55123 70946 87720 91539 108389 135885 144794 165147 172914 177801 179894
moead,513_e-05,19,39,0,0,35629093.054492,6014.771454,0.795918,0.204082,13142 14529 16839 18427 55123 70946 87720 91539 108389 135885 144794 165147 172914 177801 179894
moead,513_e-05,19,40,0,0,35629093.054492,6014.771454,0.816327,0.183673,13142 14529 16839 18427 55123 70946 87720 91539 108389 135885 144794 165147 172914 177801 179894
moead,513_e-05,19,41,0,0,35629093.054492,6014.771454,0.836735,0.163265,13142 14529 16839 18427 55123 70946 87720 91539 108389 135885 144794 165147 172914 177801 179894
moead,513_e-05,19,42,0,0,35629093.054492,6014.771454,0.857143,0.142857,13142 14529 16839 18427 55123 70946 87720 91539 108389 135885 144794 165147 172914 177801 179894
moead,513_e-05,19,43,0,0,35629093.054492,6014.771454,0.877551,0.122449,13142 14529 16839 18427 55123 70946 87720 91539 108389 135885 144794 165147 172914 177801 179894
moead,513_e-05,19,44,0,0,35629093.054492,6014.771454,0.897959,0.102041,13142 14529 16839 18427 55123 70946 87720 91539 108389 135885 144794 165147 172914 177801 179894
moead,513_e-05,19,45,0,0,35629093.054492,6014.771454,0.918367,0.081633,13142 14529 16839 18427 55123 70946 87720 91539 108389 135885 144794 165147 172914 177801 179894
moead,513_e-05,19,46,0,0,35629093.054492,6014.771454,0.938776,0.061224,13142 14529 16839 18427 55123 70946 87720 91539 108389 135885 144794 165147 172914 177801 179894
moead,513_e-05,19,47,0,0,35629093.054492,6014.771454,0.959184,0.040816,13142 14529 16839 18427 55123 70946 87720 91539 108389 135885 144794 165147 172914 177801 179894
moead,513_e-05,19,48,0,0,35629093.054492,6014.771454,0.979592,0.020408,13142 14529 16839 18427 55123 70946 87720 91539 108389 135885 144794 165147 172914 177801 179894
moead,513_e-05,19,49,0,0,35629093.054492,6014.771454,1.000000,0.000000,13142 14529 16839 18427 55123 70946 87720 91539 108389 135885 144794 165147 172914 177801 179894
moead,513_e-05,19,0,50,1,35137522.142223,6351.189003,0.000000,1.000000,10467 17757 24986 37489 68181 70252 72024 72608 75925 76477 92480 135564 146067 151766 154953
moead,513_e-05,19,1,50,1,29884790.592318,5343.474391,0.020408,0.979592,10467 11484 11774 11956 11982 12090 12221 12456 12597 12987 13220 13670 13701 17757 18277
moead,513_e-05,19,2,50,1,29884790.592318,5343.474391,0.040816,0.959184,10467 11484 11774 11956 11982 12090 12221 12456 12597 12987 13220 13670 13701 17757 18277
moead,513_e-05,19,3,50,1,29884790.592318,5343.474391,0.061224,0.938776,10467 11484 11774 11956 11982 12090 12221 12456 12597 12987 13220 13670 13701 17757 18277
moead,513_e-05,19,4,50,1,29884790.592318,5343.474391,0.081633,0.918367,10467 11484 11774 11956 11982 12090 12221 12456 12597 12987 13220 13670 13701 17757 18277
moead,513_e-05,19,5,50,1,29884790.592318,5343.474391,0.102041,0.897959,10467 11484 11774 11956 11982 12090 12221 12456 12597 12987 13220 13670 13701 17757 18277
moead,513_e-05,19,6,50,1,29884790.592318,5343.474391,0.122449,0.877551,10467 11484 11774 11956 11982 12090 12221 12456 12597 12987 13220 13670 13701 17757 18277
moead,513_e-05,19,7,50,1,29884790.592318,5343.474391,0.142857,0.857143,10467 11484 11774 11956 11982 12090 12221 12456 12597 12987 13220 13670 13701 17757 18277
moead,513_e-05,19,8,50,1,29884790.592318,5343.474391,0.163265,0.836735,10467 11484 11774 11956 11982 12090 12221 12456 12597 12987 13220 13670 13701 17757 18277
moead,513_e-05,19,9,50,1,29884790.592318,5343.474391,0.183673,0.816327,10467 11484 11774 11956 11982 12090 12221 12456 12597 12987 13220 13670 13701 17757 18277
moead,513_e-05,19,10,50,1,29884790.592318,5343.474391,0.204082,0.795918,10467 11484 11774 11956 11982 12090 12221 12456 12597 12987 13220 13670 13701 17757 18277
moead,513_e-05,19,11,50,1,29884790.592318,5343.474391,0.224490,0.775510,10467 11484 11774 11956 11982 12090 12221 12456 12597 12987 13220 13670 13701 17757 18277
moead,513_e-05,19,12,50,1,29884790.592318,5343.474391,0.244898,0.755102,10467 11484 11774 11956 11982 12090 12221 12456 12597 12987 13220 13670 13701 17757 18277
moead,513_e-05,19,13,50,1,29884790.592318,5343.474391,0.265306,0.734694,10467 11484 11774 11956 11982 12090 12221 12456 12597 12987 13220 13670 13701 17757 18277
moead,513_e-05,19,14,50,1,29884790.592318,5343.474391,0.285714,0.714286,10467 11484 11774 11956 11982 12090 12221 12456 12597 12987 13220 13670 13701 17757 18277
moead,513_e-05,19,15,50,1,29884790.592318,5343.474391,0.306122,0.693878,10467 11484 11774 11956 11982 12090 12221 12456 12597 12987 13220 13670 13701 17757 18277
moead,513_e-05,19,16,50,1,29884790.592318,5343.474391,0.326531,0.673469,10467 11484 11774 11956 11982 12090 12221 12456 12597 12987 13220 13670 13701 17757 18277
moead,513_e-05,19,17,50,1,29884790.592318,5343.474391,0.346939,0.653061,10467 11484 11774 11956 11982 12090 12221 12456 12597 12987 13220 13670 13701 17757 18277
moead,513_e-05,19,18,50,1,29884790.592318,5343.474391,0.367347,0.632653,10467 11484 11774 11956 11982 12090 12221 12456 12597 12987 13220 13670 13701 17757 18277
moead,513_e-05,19,19,50,1,29884790.592318,5343.474391,0.387755,0.612245,10467 11484 11774 11956 11982 12090 12221 12456 12597 12987 13220 13670 13701 17757 18277
moead,513_e-05,19,20,50,1,29884790.592318,5343.474391,0.408163,0.591837,10467 11484 11774 11956 11982 12090 12221 12456 12597 12987 13220 13670 13701 17757 18277
moead,513_e-05,19,21,50,1,29884790.592318,5343.474391,0.428571,0.571429,10467 11484 11774 11956 11982 12090 12221 12456 12597 12987 13220 13670 13701 17757 18277
moead,513_e-05,19,22,50,1,29884790.592318,5343.474391,0.448980,0.551020,10467 11484 11774 11956 11982 12090 12221 12456 12597 12987 13220 13670 13701 17757 18277
moead,513_e-05,19,23,50,1,29884790.592318,5343.474391,0.469388,0.530612,10467 11484 11774 11956 11982 12090 12221 12456 12597 12987 13220 13670 13701 17757 18277
moead,513_e-05,19,24,50,1,29884790.592318,5343.474391,0.489796,0.510204,10467 11484 11774 11956 11982 12090 12221 12456 12597 12987 13220 13670 13701 17757 18277
moead,513_e-05,19,25,50,1,29884790.592318,5343.474391,0.510204,0.489796,10467 11484 11774 11956 11982 12090 12221 12456 12597 12987 13220 13670 13701 17757 18277
moead,513_e-05,19,26,50,1,29884790.592318,5343.474391,0.530612,0.469388,10467 11484 11774 11956 11982 12090 12221 12456 12597 12987 13220 13670 13701 17757 18277
moead,513_e-05,19,27,50,1,29884790.592318,5343.474391,0.551020,0.448980,10467 11484 11774 11956 11982 12090 12221 12456 12597 12987 13220 13670 13701 17757 18277
moead,513_e-05,19,28,50,1,29884790.592318,5343.474391,0.571429,0.428571,10467 11484 11774 11956 11982 12090 12221 12456 12597 12987 13220 13670 13701 17757 18277
moead,513_e-05,19,29,50,1,29884790.592318,5343.474391,0.591837,0.408163,10467 11484 11774 11956 11982 12090 12221 12456 12597 12987 13220 13670 13701 17757 18277
moead,513_e-05,19,30,50,1,29884790.592318,5343.474391,0.612245,0.387755,10467 11484 11774 11956 11982 12090 12221 12456 12597 12987 13220 13670 13701 17757 18277
moead,513_e-05,19,31,50,1,29884790.592318,5343.474391,0.632653,0.367347,10467 11484 11774 11956 11982 12090 12221 12456 12597 12987 13220 13670 13701 17757 18277
moead,513_e-05,19,32,50,1,29884790.592318,5343.474391,0.653061,0.346939,10467 11484 11774 11956 11982 12090 12221 12456 12597 12987 13220 13670 13701 17757 18277
moead,513_e-05,19,33,50,1,29884790.592318,5343.474391,0.673469,0.326531,10467 11484 11774 11956 11982 12090 12221 12456 12597 12987 13220 13670 13701 17757 18277
moead,513_e-05,19,34,50,1,29884790.592318,5343.474391,0.693878,0.306122,10467 11484 11774 11956 11982 12090 12221 12456 12597 12987 13220 13670 13701 17757 18277
moead,513_e-05,19,35,50,1,29884790.592318,5343.474391,0.714286,0.285714,10467 11484 11774 11956 11982 12090 12221 12456 12597 12987 13220 13670 13701 17757 18277
moead,513_e-05,19,36,50,1,29884790.592318,5343.474391,0.734694,0.265306,10467 11484 11774 11956 11982 12090 12221 12456 12597 12987 13220 13670 13701 17757 18277
moead,513_e-05,19,37,50,1,29884790.592318,5343.474391,0.755102,0.244898,10467 11484 11774 11956 11982 12090 12221 12456 12597 12987 13220 13670 13701 17757 18277
moead,513_e-05,19,38,50,1,29884790.592318,5343.474391,0.775510,0.224490,10467 11484 11774 11956 11982 12090 12221 12456 12597 12987 13220 13670 13701 17757 18277
moead,513_e-05,19,39,50,1,29884790.592318,5343.474391,0.795918,0.204082,10467 11484 11774 11956 11982 12090 12221 12456 12597 12987 13220 13670 13701 17757 18277
moead,513_e-05,19,40,50,1,29884790.592318,5343.474391,0.816327,0.183673,10467 11484 11774 11956 11982 12090 12221 12456 12597 12987 13220 13670 13701 17757 18277
moead,513_e-05,19,41,50,1,29884790.592318,5343.474391,0.836735,0.163265,10467 11484 11774 11956 11982 12090 12221 12456 12597 12987 13220 13670 13701 17757 18277
moead,513_e-05,19,42,50,1,29884790.592318,5343.474391,0.857143,0.142857,10467 11484 11774 11956 11982 12090 12221 12456 12597 12987 13220 13670 13701 17757 18277
moead,513_e-05,19,43,50,1,29884790.592318,5343.474391,0.877551,0.122449,10467 11484 11774 11956 11982 12090 12221 12456 12597 12987 13220 13670 13701 17757 18277
moead,513_e-05,19,44,50,1,29884790.592318,5343.474391,0.897959,0.102041,10467 11484 11774 11956 11982 12090 12221 12456 12597 12987 13220 13670 13701 17757 18277
moead,513_e-05,19,45,50,1,29884790.592318,5343.474391,0.918367,0.081633,10467 11484 11774 11956 11982 12090 12221 12456 12597 12987 13220 13670 13701 17757 18277
moead,513_e-05,19,46,50,1,29884790.592318,5343.474391,0.938776,0.061224,10467 11484 11774 11956 11982 12090 12221 12456 12597 12987 13220 13670 13701 17757 18277
moead,513_e-05,19,47,50,1,29884790.592318,5343.474391,0.959184,0.040816,10467 11484 11774 11956 11982 12090 12221 12456 12597 12987 13220 13670 13701 17757 18277
moead,513_e-05,19,48,50,1,29884790.592318,5343.474391,0.979592,0.020408,10467 11484 11774 11956 11982 12090 12221 12456 12597 12987 13220 13670 13701 17757 18277
moead,513_e-05,19,49,50,1,29884790.592318,5343.474391,1.000000,0.000000,10467 11484 11774 11956 11982 12090 12221 12456 12597 12987 13220 13670 13701 17757 18277
moead,513_e-05,19,0,100,2,35068112.363805,6351.189003,0.000000,1.000000,10467 16833 17757 24986 37489 70252 72608 75925 92480 113277 135564 146067 151766 154953 158458
moead,513_e-05,19,1,100,2,29622513.828932,5108.327218,0.020408,0.979592,10681 11408 11691 11774 11792 11991 12225 12351 12834 13088 13103 13220 13394 13400 13670
moead,513_e-05,19,2,100,2,29622513.828932,5108.327218,0.040816,0.959184,10681 11408 11691 11774 11792 11991 12225 12351 12834 13088 13103 13220 13394 13400 13670
moead,513_e-05,19,3,100,2,29622513.828932,5108.327218,0.061224,0.938776,10681 11408 11691 11774 11792 11991 12225 12351 12834 13088 13103 13220 13394 13400 13670
moead,513_e-05,19,4,100,2,29622513.828932,5108.327218,0.081633,0.918367,10681 11408 11691 11774 11792 11991 12225 12351 12834 13088 13103 13220 13394 13400 13670
moead,513_e-05,19,5,100,2,29622513.828932,5108.327218,0.102041,0.897959,10681 11408 11691 11774 11792 11991 12225 12351 12834 13088 13103 13220 13394 13400 13670
moead,513_e-05,19,6,100,2,29622513.828932,5108.327218,0.122449,0.877551,10681 11408 11691 11774 11792 11991 12225 12351 12834 13088 13103 13220 13394 13400 13670
moead,513_e-05,19,7,100,2,29622513.828932,5108.327218,0.142857,0.857143,10681 11408 11691 11774 11792 11991 12225 12351 12834 13088 13103 13220 13394 13400 13670
moead,513_e-05,19,8,100,2,29622513.828932,5108.327218,0.163265,0.836735,10681 11408 11691 11774 11792 11991 12225 12351 12834 13088 13103 13220 13394 13400 13670
moead,513_e-05,19,9,100,2,29622513.828932,5108.327218,0.183673,0.816327,10681 11408 11691 11774 11792 11991 12225 12351 12834 13088 13103 13220 13394 13400 13670
moead,513_e-05,19,10,100,2,29616972.593237,5107.957590,0.204082,0.795918,10681 11408 11691 11774 11792 11991 12351 12597 12693 12834 13088 13103 13394 13400 13670
moead,513_e-05,19,11,100,2,29616972.593237,5107.957590,0.224490,0.775510,10681 11408 11691 11774 11792 11991 12351 12597 12693 12834 13088 13103 13394 13400 13670
moead,513_e-05,19,12,100,2,29616972.593237,5107.957590,0.244898,0.755102,10681 11408 11691 11774 11792 11991 12351 12597 12693 12834 13088 13103 13394 13400 13670
moead,513_e-05,19,13,100,2,29616972.593237,5107.957590,0.265306,0.734694,10681 11408 11691 11774 11792 11991 12351 12597 12693 12834 13088 13103 13394 13400 13670
moead,513_e-05,19,14,100,2,29616972.593237,5107.957590,0.285714,0.714286,10681 11408 11691 11774 11792 11991 12351 12597 12693 12834 13088 13103 13394 13400 13670
moead,513_e-05,19,15,100,2,29616972.593237,5107.957590,0.306122,0.693878,10681 11408 11691 11774 11792 11991 12351 12597 12693 12834 13088 13103 13394 13400 13670
moead,513_e-05,19,16,100,2,29616972.593237,5107.957590,0.326531,0.673469,10681 11408 11691 11774 11792 11991 12351 12597 12693 12834 13088 13103 13394 13400 13670
moead,513_e-05,19,17,100,2,29616972.593237,5107.957590,0.346939,0.653061,10681 11408 11691 11774 11792 11991 12351 12597 12693 12834 13088 13103 13394 13400 13670
moead,513_e-05,19,18,100,2,29616972.593237,5107.957590,0.367347,0.632653,10681 11408 11691 11774 11792 11991 12351 12597 12693 12834 13088 13103 13394 13400 13670
moead,513_e-05,19,19,100,2,29616972.593237,5107.957590,0.387755,0.612245,10681 11408 11691 11774 11792 11991 12351 12597 12693 12834 13088 13103 13394 13400 13670
moead,513_e-05,19,20,100,2,29616972.593237,5107.957590,0.408163,0.591837,10681 11408 11691 11774 11792 11991 12351 12597 12693 12834 13088 13103 13394 13400 13670
moead,513_e-05,19,21,100,2,29616972.593237,5107.957590,0.428571,0.571429,10681 11408 11691 11774 11792 11991 12351 12597 12693 12834 13088 13103 13394 13400 13670
moead,513_e-05,19,22,100,2,29616972.593237,5107.957590,0.448980,0.551020,10681 11408 11691 11774 11792 11991 12351 12597 12693 12834 13088 13103 13394 13400 13670
moead,513_e-05,19,23,100,2,29616972.593237,5107.957590,0.469388,0.530612,10681 11408 11691 11774 11792 11991 12351 12597 12693 12834 13088 13103 13394 13400 13670
moead,513_e-05,19,24,100,2,29616972.593237,5107.957590,0.489796,0.510204,10681 11408 11691 11774 11792 11991 12351 12597 12693 12834 13088 13103 13394 13400 13670
moead,513_e-05,19,25,100,2,29616972.593237,5107.957590,0.510204,0.489796,10681 11408 11691 11774 11792 11991 12351 12597 12693 12834 13088 13103 13394 13400 13670
moead,513_e-05,19,26,100,2,29616972.593237,5107.957590,0.530612,0.469388,10681 11408 11691 11774 11792 11991 12351 12597 12693 12834 13088 13103 13394 13400 13670
moead,513_e-05,19,27,100,2,29616972.593237,5107.957590,0.551020,0.448980,10681 11408 11691 11774 11792 11991 12351 12597 12693 12834 13088 13103 13394 13400 13670
moead,513_e-05,19,28,100,2,29616972.593237,5107.957590,0.571429,0.428571,10681 11408 11691 11774 11792 11991 12351 12597 12693 12834 13088 13103 13394 13400 13670
moead,513_e-05,19,29,100,2,29616972.593237,5107.957590,0.591837,0.408163,10681 11408 11691 11774 11792 11991 12351 12597 12693 12834 13088 13103 13394 13400 13670
moead,513_e-05,19,30,100,2,29616972.593237,5107.957590,0.612245,0.387755,10681 11408 11691 11774 11792 11991 12351 12597 12693 12834 13088 13103 13394 13400 13670
moead,513_e-05,19,31,100,2,29616972.593237,5107.957590,0.632653,0.367347,10681 11408 11691 11774 11792 11991 12351 12597 12693 12834 13088 13103 13394 13400 13670
moead,513_e-05,19,32,100,2,29616972.593237,5107.957590,0.653061,0.346939,10681 11408 11691 11774 11792 11991 12351 12597 12693 12834 13088 13103 13394 13400 13670
moead,513_e-05,19,33,100,2,29616972.593237,5107.957590,0.673469,0.326531,10681 11408 11691 11774 11792 11991 12351 12597 12693 12834 13088 13103 13394 13400 13670
moead,513_e-05,19,34,100,2,29616972.593237,5107.957590,0.693878,0.306122,10681 11408 11691 11774 11792 11991 12351 12597 12693 12834 13088 13103 13394 13400 13670
moead,513_e-05,19,35,100,2,29616972.593237,5107.957590,0.714286,0.285714,10681 11408 11691 11774 11792 11991 12351 12597 12693 12834 13088 13103 13394 13400 13670
moead,513_e-05,19,36,100,2,29616972.593237,5107.957590,0.734694,0.265306,10681 11408 11691 11774 11792 11991 12351 12597 12693 12834 13088 13103 13394 13400 13670
moead,513_e-05,19,37,100,2,29616972.593237,5107.957590,0.755102,0.244898,10681 11408 11691 11774 11792 11991 12351 12597 12693 12834 13088 13103 13394 13400 13670
moead,513_e-05,19,38,100,2,29616972.593237,5107.957590,0.775510,0.224490,10681 11408 11691 11774 11792 11991 12351 12597 12693 12834 13088 13103 13394 13400 13670
moead,513_e-05,19,39,100,2,29616972.593237,5107.957590,0.795918,0.204082,10681 11408 11691 11774 11792 11991 12351 12597 12693 12834 13088 13103 13394 13400 13670
moead,513_e-05,19,40,100,2,29616972.593237,5107.957590,0.816327,0.183673,10681 11408 11691 11774 11792 11991 12351 12597 12693 12834 13088 13103 13394 13400 13670
moead,513_e-05,19,41,100,2,29616972.593237,5107.957590,0.836735,0.163265,10681 11408 11691 11774 11792 11991 12351 12597 12693 12834 13088 13103 13394 13400 13670
moead,513_e-05,19,42,100,2,29616972.593237,5107.957590,0.857143,0.142857,10681 11408 11691 11774 11792 11991 12351 12597 12693 12834 13088 13103 13394 13400 13670
moead,513_e-05,19,43,100,2,29616972.593237,5107.957590,0.877551,0.122449,10681 11408 11691 11774 11792 11991 12351 12597 12693 12834 13088 13103 13394 13400 13670
moead,513_e-05,19,44,100,2,29616972.593237,5107.957590,0.897959,0.102041,10681 11408 11691 11774 11792 11991 12351 12597 12693 12834 13088 13103 13394 13400 13670
moead,513_e-05,19,45,100,2,29616972.593237,5107.957590,0.918367,0.081633,10681 11408 11691 11774 11792 11991 12351 12597 12693 12834 13088 13103 13394 13400 13670
moead,513_e-05,19,46,100,2,29616972.593237,5107.957590,0.938776,0.061224,10681 11408 11691 11774 11792 11991 12351 12597 12693 12834 13088 13103 13394 13400 13670
moead,513_e-05,19,47,100,2,29616972.593237,5107.957590,0.959184,0.040816,10681 11408 11691 11774 11792 11991 12351 12597 12693 12834 13088 13103 13394 13400 13670
moead,513_e-05,19,48,100,2,29616972.593237,5107.957590,0.979592,0.020408,10681 11408 11691 11774 11792 11991 12351 12597 12693 12834 13088 13103 13394 13400 13670
moead,513_e-05,19,49,100,2,29616972.593237,5107.957590,1.000000,0.000000,10681 11408 11691 11774 11792 11991 12351 12597 12693 12834 13088 13103 13394 13400 13670
moead,513_e-05,19,0,150,3,36972500.974385,6394.922775,0.000000,1.000000,10467 13400 16833 17757 24986 39939 72608 75925 97655 112528 123487 152320 154953 158458 181762
moead,513_e-05,19,1,150,3,29602940.334447,5116.504590,0.020408,0.979592,10681 11408 11691 11774 11792 11991 12351 12597 12693 12834 13088 13103 13258 13394 13400
moead,513_e-05,19,2,150,3,29571128.934098,5015.479116,0.040816,0.959184,11408 11691 11774 11792 11991 12351 12597 12693 12834 12835 13103 13394 13400 13522 13529
moead,513_e-05,19,3,150,3,29571128.934098,5015.479116,0.061224,0.938776,11408 11691 11774 11792 11991 12351 12597 12693 12834 12835 13103 13394 13400 13522 13529
moead,513_e-05,19,4,150,3,29571128.934098,5015.479116,0.081633,0.918367,11408 11691 11774 11792 11991 12351 12597 12693 12834 12835 13103 13394 13400 13522 13529
moead,513_e-05,19,5,150,3,29557524.839468,4919.444276,0.102041,0.897959,11408 11691 11774 11792 11991 12351 12597 12693 12729 12834 12835 13103 13394 13400 13529
moead,513_e-05,19,6,150,3,29557524.839468,4919.444276,0.122449,0.877551,11408 11691 11774 11792 11991 12351 12597 12693 12729 12834 12835 13103 13394 13400 13529
moead,513_e-05,19,7,150,3,29557524.839468,4919.444276,0.142857,0.857143,11408 11691 11774 11792 11991 12351 12597 12693 12729 12834 12835 13103 13394 13400 13529
moead,513_e-05,19,8,150,3,29557524.839468,4919.444276,0.163265,0.836735,11408 11691 11774 11792 11991 12351 12597 12693 12729 12834 12835 13103 13394 13400 13529
moead,513_e-05,19,9,150,3,29557524.839468,4919.444276,0.183673,0.816327,11408 11691 11774 11792 11991 12351 12597 12693 12729 12834 12835 13103 13394 13400 13529
moead,513_e-05,19,10,150,3,29557524.839468,4919.444276,0.204082,0.795918,11408 11691 11774 11792 11991 12351 12597 12693 12729 12834 12835 13103 13394 13400 13529
moead,513_e-05,19,11,150,3,29557524.839468,4919.444276,0.224490,0.775510,11408 11691 11774 11792 11991 12351 12597 12693 12729 12834 12835 13103 13394 13400 13529
moead,513_e-05,19,12,150,3,29557524.839468,4919.444276,0.244898,0.755102,11408 11691 11774 11792 11991 12351 12597 12693 12729 12834 12835 13103 13394 13400 13529
moead,513_e-05,19,13,150,3,29557524.839468,4919.444276,0.265306,0.734694,11408 11691 11774 11792 11991 12351 12597 12693 12729 12834 12835 13103 13394 13400 13529
moead,513_e-05,19,14,150,3,29557524.839468,4919.444276,0.285714,0.714286,11408 11691 11774 11792 11991 12351 12597 12693 12729 12834 12835 13103 13394 13400 13529
moead,513_e-05,19,15,150,3,29557524.839468,4919.444276,0.306122,0.693878,11408 11691 11774 11792 11991 12351 12597 12693 12729 12834 12835 13103 13394 13400 13529
moead,513_e-05,19,16,150,3,29557524.839468,4919.444276,0.326531,0.673469,11408 11691 11774 11792 11991 12351 12597 12693 12729 12834 12835 13103 13394 13400 13529
moead,513_e-05,19,17,150,3,29557524.839468,4919.444276,0.346939,0.653061,11408 11691 11774 11792 11991 12351 12597 12693 12729 12834 12835 13103 13394 13400 13529
moead,513_e-05,19,18,150,3,29557524.839468,4919.444276,0.367347,0.632653,11408 11691 11774 11792 11991 12351 12597 12693 12729 12834 12835 13103 13394 13400 13529
moead,513_e-05,19,19,150,3,29557524.839468,4919.444276,0.387755,0.612245,11408 11691 11774 11792 11991 12351 12597 12693 12729 12834 12835 13103 13394 13400 13529
moead,513_e-05,19,20,150,3,29557524.839468,4919.444276,0.408163,0.591837,11408 11691 11774 11792 11991 12351 12597 12693 12729 12834 12835 13103 13394 13400 13529
moead,513_e-05,19,21,150,3,29557524.839468,4919.444276,0.428571,0.571429,11408 11691 11774 11792 11991 12351 12597 12693 12729 12834 12835 13103 13394 13400 13529
moead,513_e-05,19,22,150,3,29557524.839468,4919.444276,0.448980,0.551020,11408 11691 11774 11792 11991 12351 12597 12693 12729 12834 12835 13103 13394 13400 13529
moead,513_e-05,19,23,150,3,29557524.839468,4919.444276,0.469388,0.530612,11408 11691 11774 11792 11991 12351 12597 12693 12729 12834 12835 13103 13394 13400 13529
moead,513_e-05,19,24,150,3,29557524.839468,4919.444276,0.489796,0.510204,11408 11691 11774 11792 11991 12351 12597 12693 12729 12834 12835 13103 13394 13400 13529
moead,513_e-05,19,25,150,3,29557524.839468,4919.444276,0.510204,0.489796,11408 11691 11774 11792 11991 12351 12597 12693 12729 12834 12835 13103 13394 13400 13529
moead,513_e-05,19,26,150,3,29557524.839468,4919.444276,0.530612,0.469388,11408 11691 11774 11792 11991 12351 12597 12693 12729 12834 12835 13103 13394 13400 13529
moead,513_e-05,19,27,150,3,29557524.839468,4919.444276,0.551020,0.448980,11408 11691 11774 11792 11991 12351 12597 12693 12729 12834 12835 13103 13394 13400 13529
moead,513_e-05,19,28,150,3,29557524.839468,4919.444276,0.571429,0.428571,11408 11691 11774 11792 11991 12351 12597 12693 12729 12834 12835 13103 13394 13400 13529
moead,513_e-05,19,29,150,3,29557524.839468,4919.444276,0.591837,0.408163,11408 11691 11774 11792 11991 12351 12597 12693 12729 12834 12835 13103 13394 13400 13529
moead,513_e-05,19,30,150,3,29557524.839468,4919.444276,0.612245,0.387755,11408 11691 11774 11792 11991 12351 12597 12693 12729 12834 12835 13103 13394 13400 13529
moead,513_e-05,19,31,150,3,29557524.839468,4919.444276,0.632653,0.367347,11408 11691 11774 11792 11991 12351 12597 12693 12729 12834 12835 13103 13394 13400 13529
moead,513_e-05,19,32,150,3,29557524.839468,4919.444276,0.653061,0.346939,11408 11691 11774 11792 11991 12351 12597 12693 12729 12834 12835 13103 13394 13400 13529
moead,513_e-05,19,33,150,3,29557524.839468,4919.444276,0.673469,0.326531,11408 11691 11774 11792 11991 12351 12597 12693 12729 12834 12835 13103 13394 13400 13529
moead,513_e-05,19,34,150,3,29557524.839468,4919.444276,0.693878,0.306122,11408 11691 11774 11792 11991 12351 12597 12693 12729 12834 12835 13103 13394 13400 13529
moead,513_e-05,19,35,150,3,29557524.839468,4919.444276,0.714286,0.285714,11408 11691 11774 11792 11991 12351 12597 12693 12729 12834 12835 13103 13394 13400 13529
moead,513_e-05,19,36,150,3,29557524.839468,4919.444276,0.734694,0.265306,11408 11691 11774 11792 11991 12351 12597 12693 12729 12834 12835 13103 13394 13400 13529
moead,513_e-05,19,37,150,3,29557524.839468,4919.444276,0.755102,0.244898,11408 11691 11774 11792 11991 12351 12597 12693 12729 12834 12835 13103 13394 13400 13529
moead,513_e-05,19,38,150,3,29557524.839468,4919.444276,0.775510,0.224490,11408 11691 11774 11792 11991 12351 12597 12693 12729 12834 12835 13103 13394 13400 13529
moead,513_e-05,19,39,150,3,29557524.839468,4919.444276,0.795918,0.204082,11408 11691 11774 11792 11991 12351 12597 12693 12729 12834 12835 13103 13394 13400 13529
moead,513_e-05,19,40,150,3,29557524.839468,4919.444276,0.816327,0.183673,11408 11691 11774 11792 11991 12351 12597 12693 12729 12834 12835 13103 13394 13400 13529
moead,513_e-05,19,41,150,3,29557524.839468,4919.444276,0.836735,0.163265,11408 11691 11774 11792 11991 12351 12597 12693 12729 12834 12835 13103 13394 13400 13529
moead,513_e-05,19,42,150,3,29557524.839468,4919.444276,0.857143,0.142857,11408 11691 11774 11792 11991 12351 12597 12693 12729 12834 12835 13103 13394 13400 13529
moead,513_e-05,19,43,150,3,29557524.839468,4919.444276,0.877551,0.122449,11408 11691 11774 11792 11991 12351 12597 12693 12729 12834 12835 13103 13394 13400 13529
moead,513_e-05,19,44,150,3,29557524.839468,4919.444276,0.897959,0.102041,11408 11691 11774 11792 11991 12351 12597 12693 12729 12834 12835 13103 13394 13400 13529
moead,513_e-05,19,45,150,3,29557524.839468,4919.444276,0.918367,0.081633,11408 11691 11774 11792 11991 12351 12597 12693 12729 12834 12835 13103 13394 13400 13529
moead,513_e-05,19,46,150,3,29557524.839468,4919.444276,0.938776,0.061224,11408 11691 11774 11792 11991 12351 12597 12693 12729 12834 12835 13103 13394 13400 13529
moead,513_e-05,19,47,150,3,29557524.839468,4919.444276,0.959184,0.040816,11408 11691 11774 11792 11991 12351 12597 12693 12729 12834 12835 13103 13394 13400 13529
moead,513_e-05,19,48,150,3,29557524.839468,4919.444276,0.979592,0.020408,11408 11691 11774 11792 11991 12351 12597 12693 12729 12834 12835 13103 13394 13400 13529
moead,513_e-05,19,49,150,3,29557524.839468,4919.444276,1.000000,0.000000,11408 11691 11774 11792 11991 12351 12597 12693 12729 12834 12835 13103 13394 13400 13529
moead,513_e-05,19,0,200,4,37295541.244226,6394.922775,0.000000,1.000000,9202 13529 16833 17757 24986 39939 50373 67956 97655 110292 112528 113190 115597 123487 139537
moead,513_e-05,19,1,200,4,29562339.793608,5106.032208,0.020408,0.979592,10671 11408 11774 11991 12351 12487 12489 12492 12597 12729 12730 12834 12843 13103 13400
moead,513_e-05,19,2,200,4,29516629.228481,4905.840179,0.040816,0.959184,11408 11691 11774 11882 11991 12228 12351 12487 12492 12597 12729 12730 12843 13103 13400
moead,513_e-05,19,3,200,4,29516629.228481,4905.840179,0.061224,0.938776,11408 11691 11774 11882 11991 12228 12351 12487 12492 12597 12729 12730 12843 13103 13400
moead,513_e-05,19,4,200,4,29516629.228481,4905.840179,0.081633,0.918367,11408 11691 11774 11882 11991 12228 12351 12487 12492 12597 12729 12730 12843 13103 13400
moead,513_e-05,19,5,200,4,29516629.228481,4905.840179,0.102041,0.897959,11408 11691 11774 11882 11991 12228 12351 12487 12492 12597 12729 12730 12843 13103 13400
moead,513_e-05,19,6,200,4,29516629.228481,4905.840179,0.122449,0.877551,11408 11691 11774 11882 11991 12228 12351 12487 12492 12597 12729 12730 12843 13103 13400
moead,513_e-05,19,7,200,4,29516629.228481,4905.840179,0.142857,0.857143,11408 11691 11774 11882 11991 12228 12351 12487 12492 12597 12729 12730 12843 13103 13400
moead,513_e-05,19,8,200,4,29516629.228481,4905.840179,0.163265,0.836735,11408 11691 11774 11882 11991 12228 12351 12487 12492 12597 12729 12730 12843 13103 13400
moead,513_e-05,19,9,200,4,29516629.228481,4905.840179,0.183673,0.816327,11408 11691 11774 11882 11991 12228 12351 12487 12492 12597 12729 12730 12843 13103 13400
moead,513_e-05,19,10,200,4,29516629.228481,4905.840179,0.204082,0.795918,11408 11691 11774 11882 11991 12228 12351 12487 12492 12597 12729 12730 12843 13103 13400
moead,513_e-05,19,11,200,4,29516629.228481,4905.840179,0.224490,0.775510,11408 11691 11774 11882 11991 12228 12351 12487 12492 12597 12729 12730 12843 13103 13400
moead,513_e-05,19,12,200,4,29516629.228481,4905.840179,0.244898,0.755102,11408 11691 11774 11882 11991 12228 12351 12487 12492 12597 12729 12730 12843 13103 13400
moead,513_e-05,19,13,200,4,29516629.228481,4905.840179,0.265306,0.734694,11408 11691 11774 11882 11991 12228 12351 12487 12492 12597 12729 12730 12843 13103 13400
moead,513_e-05,19,14,200,4,29516629.228481,4905.840179,0.285714,0.714286,11408 11691 11774 11882 11991 12228 12351 12487 12492 12597 12729 12730 12843 13103 13400
moead,513_e-05,19,15,200,4,29516629.228481,4905.840179,0.306122,0.693878,11408 11691 11774 11882 11991 12228 12351 12487 12492 12597 12729 12730 12843 13103 13400
moead,513_e-05,19,16,200,4,29516629.228481,4905.840179,0.326531,0.673469,11408 11691 11774 11882 11991 12228 12351 12487 12492 12597 12729 12730 12843 13103 13400
moead,513_e-05,19,17,200,4,29516629.228481,4905.840179,0.346939,0.653061,11408 11691 11774 11882 11991 12228 12351 12487 12492 12597 12729 12730 12843 13103 13400
moead,513_e-05,19,18,200,4,29516629.228481,4905.840179,0.367347,0.632653,11408 11691 11774 11882 11991 12228 12351 12487 12492 12597 12729 12730 12843 13103 13400
moead,513_e-05,19,19,200,4,29516629.228481,4905.840179,0.387755,0.612245,11408 11691 11774 11882 11991 12228 12351 12487 12492 12597 12729 12730 12843 13103 13400
moead,513_e-05,19,20,200,4,29516629.228481,4905.840179,0.408163,0.591837,11408 11691 11774 11882 11991 12228 12351 12487 12492 12597 12729 12730 12843 13103 13400
moead,513_e-05,19,21,200,4,29516629.228481,4905.840179,0.428571,0.571429,11408 11691 11774 11882 11991 12228 12351 12487 12492 12597 12729 12730 12843 13103 13400
moead,513_e-05,19,22,200,4,29516629.228481,4905.840179,0.448980,0.551020,11408 11691 11774 11882 11991 12228 12351 12487 12492 12597 12729 12730 12843 13103 13400
moead,513_e-05,19,23,200,4,29516629.228481,4905.840179,0.469388,0.530612,11408 11691 11774 11882 11991 12228 12351 12487 12492 12597 12729 12730 12843 13103 13400
moead,513_e-05,19,24,200,4,29516629.228481,4905.840179,0.489796,0.510204,11408 11691 11774 11882 11991 12228 12351 12487 12492 12597 12729 12730 12843 13103 13400
moead,513_e-05,19,25,200,4,29516629.228481,4905.840179,0.510204,0.489796,11408 11691 11774 11882 11991 12228 12351 12487 12492 12597 12729 12730 12843 13103 13400
moead,513_e-05,19,26,200,4,29516629.228481,4905.840179,0.530612,0.469388,11408 11691 11774 11882 11991 12228 12351 12487 12492 12597 12729 12730 12843 13103 13400
moead,513_e-05,19,27,200,4,29516629.228481,4905.840179,0.551020,0.448980,11408 11691 11774 11882 11991 12228 12351 12487 12492 12597 12729 12730 12843 13103 13400
moead,513_e-05,19,28,200,4,29516629.228481,4905.840179,0.571429,0.428571,11408 11691 11774 11882 11991 12228 12351 12487 12492 12597 12729 12730 12843 13103 13400
moead,513_e-05,19,29,200,4,29516629.228481,4905.840179,0.591837,0.408163,11408 11691 11774 11882 11991 12228 12351 12487 12492 12597 12729 12730 12843 13103 13400
moead,513_e-05,19,30,200,4,29516629.228481,4905.840179,0.612245,0.387755,11408 11691 11774 11882 11991 12228 12351 12487 12492 12597 12729 12730 12843 13103 13400
moead,513_e-05,19,31,200,4,29516629.228481,4905.840179,0.632653,0.367347,11408 11691 11774 11882 11991 12228 12351 12487 12492 12597 12729 12730 12843 13103 13400
moead,513_e-05,19,32,200,4,29516629.228481,4905.840179,0.653061,0.346939,11408 11691 11774 11882 11991 12228 12351 12487 12492 12597 12729 12730 12843 13103 13400
moead,513_e-05,19,33,200,4,29516629.228481,4905.840179,0.673469,0.326531,11408 11691 11774 11882 11991 12228 12351 12487 12492 12597 12729 12730 12843 13103 13400
moead,513_e-05,19,34,200,4,29516629.228481,4905.840179,0.693878,0.306122,11408 11691 11774 11882 11991 12228 12351 12487 12492 12597 12729 12730 12843 13103 13400
moead,513_e-05,19,35,200,4,29516629.228481,4905.840179,0.714286,0.285714,11408 11691 11774 11882 11991 12228 12351 12487 12492 12597 12729 12730 12843 13103 13400
moead,513_e-05,19,36,200,4,29516629.228481,4905.840179,0.734694,0.265306,11408 11691 11774 11882 11991 12228 12351 12487 12492 12597 12729 12730 12843 13103 13400
moead,513_e-05,19,37,200,4,29516629.228481,4905.840179,0.755102,0.244898,11408 11691 11774 11882 11991 12228 12351 12487 12492 12597 12729 12730 12843 13103 13400
moead,513_e-05,19,38,200,4,29516629.228481,4905.840179,0.775510,0.224490,11408 11691 11774 11882 11991 12228 12351 12487 12492 12597 12729 12730 12843 13103 13400
moead,513_e-05,19,39,200,4,29516629.228481,4905.840179,0.795918,0.204082,11408 11691 11774 11882 11991 12228 12351 12487 12492 12597 12729 12730 12843 13103 13400
moead,513_e-05,19,40,200,4,29516629.228481,4905.840179,0.816327,0.183673,11408 11691 11774 11882 11991 12228 12351 12487 12492 12597 12729 12730 12843 13103 13400
moead,513_e-05,19,41,200,4,29516629.228481,4905.840179,0.836735,0.163265,11408 11691 11774 11882 11991 12228 12351 12487 12492 12597 12729 12730 12843 13103 13400
moead,513_e-05,19,42,200,4,29516629.228481,4905.840179,0.857143,0.142857,11408 11691 11774 11882 11991 12228 12351 12487 12492 12597 12729 12730 12843 13103 13400
moead,513_e-05,19,43,200,4,29516629.228481,4905.840179,0.877551,0.122449,11408 11691 11774 11882 11991 12228 12351 12487 12492 12597 12729 12730 12843 13103 13400
moead,513_e-05,19,44,200,4,29516629.228481,4905.840179,0.897959,0.102041,11408 11691 11774 11882 11991 12228 12351 12487 12492 12597 12729 12730 12843 13103 13400
moead,513_e-05,19,45,200,4,29516629.228481,4905.840179,0.918367,0.081633,11408 11691 11774 11882 11991 12228 12351 12487 12492 12597 12729 12730 12843 13103 13400
moead,513_e-05,19,46,200,4,29516629.228481,4905.840179,0.938776,0.061224,11408 11691 11774 11882 11991 12228 12351 12487 12492 12597 12729 12730 12843 13103 13400
moead,513_e-05,19,47,200,4,29516629.228481,4905.840179,0.959184,0.040816,11408 11691 11774 11882 11991 12228 12351 12487 12492 12597 12729 12730 12843 13103 13400
moead,513_e-05,19,48,200,4,29516629.228481,4905.840179,0.979592,0.020408,11408 11691 11774 11882 11991 12228 12351 12487 12492 12597 12729 12730 12843 13103 13400
moead,513_e-05,19,49,200,4,29516629.228481,4905.840179,1.000000,0.000000,11408 11691 11774 11882 11991 12228 12351 12487 12492 12597 12729 12730 12843 13103 13400
moead,513_e-05,19,0,250,5,36930138.647271,6394.922775,0.000000,1.000000,11000 13525 14034 36795 39939 42861 45245 58363 67956 95742 98805 106028 110292 112528 150267
moead,513_e-05,19,1,250,5,29562339.793608,5106.032208,0.020408,0.979592,10671 11408 11774 11991 12351 12487 12489 12492 12597 12729 12730 12834 12843 13103 13400
moead,513_e-05,19,2,250,5,29531232.382739,5105.522586,0.040816,0.959184,11691 11774 11882 11970 11991 11992 12228 12351 12487 12581 12597 12729 12730 12843 13385
moead,513_e-05,19,3,250,5,29522066.544399,5001.304185,0.061224,0.938776,11408 11691 11774 11991 12135 12228 12351 12487 12492 12597 12729 12730 12843 13103 13385
moead,513_e-05,19,4,250,5,29517690.782583,4997.690345,0.081633,0.918367,11691 11774 11882 11991 11992 12228 12351 12492 12581 12597 12729 12730 12843 13385 13387
moead,513_e-05,19,5,250,5,29508239.797179,4997.600046,0.102041,0.897959,11691 11774 11882 11991 11992 12222 12228 12351 12487 12492 12581 12597 12729 12730 12843
moead,513_e-05,19,6,250,5,29508239.797179,4997.600046,0.122449,0.877551,11691 11774 11882 11991 11992 12222 12228 12351 12487 12492 12581 12597 12729 12730 12843
moead,513_e-05,19,7,250,5,29508239.797179,4997.600046,0.142857,0.857143,11691 11774 11882 11991 11992 12222 12228 12351 12487 12492 12581 12597 12729 12730 12843
moead,513_e-05,19,8,250,5,29508239.797179,4997.600046,0.163265,0.836735,11691 11774 11882 11991 11992 12222 12228 12351 12487 12492 12581 12597 12729 12730 12843
moead,513_e-05,19,9,250,5,29508239.797179,4997.600046,0.183673,0.816327,11691 11774 11882 11991 11992 12222 12228 12351 12487 12492 12581 12597 12729 12730 12843
moead,513_e-05,19,10,250,5,29508239.797179,4997.600046,0.204082,0.795918,11691 11774 11882 11991 11992 12222 12228 12351 12487 12492 12581 12597 12729 12730 12843
moead,513_e-05,19,11,250,5,29508239.797179,4997.600046,0.224490,0.775510,11691 11774 11882 11991 11992 12222 12228 12351 12487 12492 12581 12597 12729 12730 12843
moead,513_e-05,19,12,250,5,29503476.663051,4997.600046,0.244898,0.755102,11691 11774 11882 11991 11992 12227 12228 12351 12487 12492 12597 12729 12730 12843 13385
moead,513_e-05,19,13,250,5,29503476.663051,4997.600046,0.265306,0.734694,11691 11774 11882 11991 11992 12227 12228 12351 12487 12492 12597 12729 12730 12843 13385
moead,513_e-05,19,14,250,5,29503476.663051,4997.600046,0.285714,0.714286,11691 11774 11882 11991 11992 12227 12228 12351 12487 12492 12597 12729 12730 12843 13385
moead,513_e-05,19,15,250,5,29503476.663051,4997.600046,0.306122,0.693878,11691 11774 11882 11991 11992 12227 12228 12351 12487 12492 12597 12729 12730 12843 13385
moead,513_e-05,19,16,250,5,29503476.663051,4997.600046,0.326531,0.673469,11691 11774 11882 11991 11992 12227 12228 12351 12487 12492 12597 12729 12730 12843 13385
moead,513_e-05,19,17,250,5,29503476.663051,4997.600046,0.346939,0.653061,11691 11774 11882 11991 11992 12227 12228 12351 12487 12492 12597 12729 12730 12843 13385
moead,513_e-05,19,18,250,5,29503476.663051,4997.600046,0.367347,0.632653,11691 11774 11882 11991 11992 12227 12228 12351 12487 12492 12597 12729 12730 12843 13385
moead,513_e-05,19,19,250,5,29503476.663051,4997.600046,0.387755,0.612245,11691 11774 11882 11991 11992 12227 12228 12351 12487 12492 12597 12729 12730 12843 13385
moead,513_e-05,19,20,250,5,29503476.663051,4997.600046,0.408163,0.591837,11691 11774 11882 11991 11992 12227 12228 12351 12487 12492 12597 12729 12730 12843 13385
moead,513_e-05,19,21,250,5,29503476.663051,4997.600046,0.428571,0.571429,11691 11774 11882 11991 11992 12227 12228 12351 12487 12492 12597 12729 12730 12843 13385
moead,513_e-05,19,22,250,5,29503476.663051,4997.600046,0.448980,0.551020,11691 11774 11882 11991 11992 12227 12228 12351 12487 12492 12597 12729 12730 12843 13385
moead,513_e-05,19,23,250,5,29503476.663051,4997.600046,0.469388,0.530612,11691 11774 11882 11991 11992 12227 12228 12351 12487 12492 12597 12729 12730 12843 13385
moead,513_e-05,19,24,250,5,29503476.663051,4997.600046,0.489796,0.510204,11691 11774 11882 11991 11992 12227 12228 12351 12487 12492 12597 12729 12730 12843 13385
moead,513_e-05,19,25,250,5,29503476.663051,4997.600046,0.510204,0.489796,11691 11774 11882 11991 11992 12227 12228 12351 12487 12492 12597 12729 12730 12843 13385
moead,513_e-05,19,26,250,5,29503476.663051,4997.600046,0.530612,0.469388,11691 11774 11882 11991 11992 12227 12228 12351 12487 12492 12597 12729 12730 12843 13385
moead,513_e-05,19,27,250,5,29503476.663051,4997.600046,0.551020,0.448980,11691 11774 11882 11991 11992 12227 12228 12351 12487 12492 12597 12729 12730 12843 13385
moead,513_e-05,19,28,250,5,29503476.663051,4997.600046,0.571429,0.428571,11691 11774 11882 11991 11992 12227 12228 12351 12487 12492 12597 12729 12730 12843 13385
moead,513_e-05,19,29,250,5,29503476.663051,4997.600046,0.591837,0.408163,11691 11774 11882 11991 11992 12227 12228 12351 12487 12492 12597 12729 12730 12843 13385
moead,513_e-05,19,30,250,5,29503476.663051,4997.600046,0.612245,0.387755,11691 11774 11882 11991 11992 12227 12228 12351 12487 12492 12597 12729 12730 12843 13385
moead,513_e-05,19,31,250,5,29503476.663051,4997.600046,0.632653,0.367347,11691 11774 11882 11991 11992 12227 12228 12351 12487 12492 12597 12729 12730 12843 13385
moead,513_e-05,19,32,250,5,29503476.663051,4997.600046,0.653061,0.346939,11691 11774 11882 11991 11992 12227 12228 12351 12487 12492 12597 12729 12730 12843 13385
moead,513_e-05,19,33,250,5,29503476.663051,4997.600046,0.673469,0.326531,11691 11774 11882 11991 11992 12227 12228 12351 12487 12492 12597 12729 12730 12843 13385
moead,513_e-05,19,34,250,5,29503476.663051,4997.600046,0.693878,0.306122,11691 11774 11882 11991 11992 12227 12228 12351 12487 12492 12597 12729 12730 12843 13385
moead,513_e-05,19,35,250,5,29503476.663051,4997.600046,0.714286,0.285714,11691 11774 11882 11991 11992 12227 12228 12351 12487 12492 12597 12729 12730 12843 13385
moead,513_e-05,19,36,250,5,29503476.663051,4997.600046,0.734694,0.265306,11691 11774 11882 11991 11992 12227 12228 12351 12487 12492 12597 12729 12730 12843 13385
moead,513_e-05,19,37,250,5,29503476.663051,4997.600046,0.755102,0.244898,11691 11774 11882 11991 11992 12227 12228 12351 12487 12492 12597 12729 12730 12843 13385
moead,513_e-05,19,38,250,5,29503476.663051,4997.600046,0.775510,0.224490,11691 11774 11882 11991 11992 12227 12228 12351 12487 12492 12597 12729 12730 12843 13385
moead,513_e-05,19,39,250,5,29503476.663051,4997.600046,0.795918,0.204082,11691 11774 11882 11991 11992 12227 12228 12351 12487 12492 12597 12729 12730 12843 13385
moead,513_e-05,19,40,250,5,29503476.663051,4997.600046,0.816327,0.183673,11691 11774 11882 11991 11992 12227 12228 12351 12487 12492 12597 12729 12730 12843 13385
moead,513_e-05,19,41,250,5,29503476.663051,4997.600046,0.836735,0.163265,11691 11774 11882 11991 11992 12227 12228 12351 12487 12492 12597 12729 12730 12843 13385
moead,513_e-05,19,42,250,5,29503476.663051,4997.600046,0.857143,0.142857,11691 11774 11882 11991 11992 12227 12228 12351 12487 12492 12597 12729 12730 12843 13385
moead,513_e-05,19,43,250,5,29503476.663051,4997.600046,0.877551,0.122449,11691 11774 11882 11991 11992 12227 12228 12351 12487 12492 12597 12729 12730 12843 13385
moead,513_e-05,19,44,250,5,29503476.663051,4997.600046,0.897959,0.102041,11691 11774 11882 11991 11992 12227 12228 12351 12487 12492 12597 12729 12730 12843 13385
moead,513_e-05,19,45,250,5,29503476.663051,4997.600046,0.918367,0.081633,11691 11774 11882 11991 11992 12227 12228 12351 12487 12492 12597 12729 12730 12843 13385
moead,513_e-05,19,46,250,5,29503476.663051,4997.600046,0.938776,0.061224,11691 11774 11882 11991 11992 12227 12228 12351 12487 12492 12597 12729 12730 12843 13385
moead,513_e-05,19,47,250,5,29503476.663051,4997.600046,0.959184,0.040816,11691 11774 11882 11991 11992 12227 12228 12351 12487 12492 12597 12729 12730 12843 13385
moead,513_e-05,19,48,250,5,29503476.663051,4997.600046,0.979592,0.020408,11691 11774 11882 11991 11992 12227 12228 12351 12487 12492 12597 12729 12730 12843 13385
moead,513_e-05,19,49,250,5,29503476.663051,4997.600046,1.000000,0.000000,11691 11774 11882 11991 11992 12227 12228 12351 12487 12492 12597 12729 12730 12843 13385
moead,513_e-05,19,0,300,6,37745839.991494,6394.922775,0.000000,1.000000,13525 36795 36865 38291 58363 67956 70142 95742 98649 106028 110292 112528 132353 150267 183804
moead,513_e-05,19,1,300,6,29541718.598259,5107.150489,0.020408,0.979592,11691 11774 11882 11970 11991 11992 12351 12492 12581 12597 12729 12730 12843 13385 13387
moead,513_e-05,19,2,300,6,29527417.172704,5107.150462,0.040816,0.959184,11691 11774 11882 11970 11991 11992 12228 12351 12492 12581 12597 12721 12729 12730 12843
moead,513_e-05,19,3,300,6,29519088.976817,4999.925580,0.061224,0.938776,11408 11774 11882 11991 12135 12228 12351 12487 12492 12597 12729 12730 12843 13103 13385
moead,513_e-05,19,4,300,6,29503476.663051,4997.600046,0.081633,0.918367,11691 11774 11882 11991 11992 12227 12228 12351 12487 12492 12597 12729 12730 12843 13385
moead,513_e-05,19,5,300,6,29503476.663051,4997.600046,0.102041,0.897959,11691 11774 11882 11991 11992 12227 12228 12351 12487 12492 12597 12729 12730 12843 13385
moead,513_e-05,19,6,300,6,29503476.663051,4997.600046,0.122449,0.877551,11691 11774 11882 11991 11992 12227 12228 12351 12487 12492 12597 12729 12730 12843 13385
moead,513_e-05,19,7,300,6,29503476.663051,4997.600046,0.142857,0.857143,11691 11774 11882 11991 11992 12227 12228 12351 12487 12492 12597 12729 12730 12843 13385
moead,513_e-05,19,8,300,6,29503476.663051,4997.600046,0.163265,0.836735,11691 11774 11882 11991 11992 12227 12228 12351 12487 12492 12597 12729 12730 12843 13385
moead,513_e-05,19,9,300,6,29503476.663051,4997.600046,0.183673,0.816327,11691 11774 11882 11991 11992 12227 12228 12351 12487 12492 12597 12729 12730 12843 13385
moead,513_e-05,19,10,300,6,29503476.663051,4997.600046,0.204082,0.795918,11691 11774 11882 11991 11992 12227 12228 12351 12487 12492 12597 12729 12730 12843 13385
moead,513_e-05,19,11,300,6,29503476.663051,4997.600046,0.224490,0.775510,11691 11774 11882 11991 11992 12227 12228 12351 12487 12492 12597 12729 12730 12843 13385
moead,513_e-05,19,12,300,6,29503476.663051,4997.600046,0.244898,0.755102,11691 11774 11882 11991 11992 12227 12228 12351 12487 12492 12597 12729 12730 12843 13385
moead,513_e-05,19,13,300,6,29500398.401225,4996.062442,0.265306,0.734694,11691 11774 11882 11991 11992 12227 12228 12351 12487 12597 12713 12729 12730 12843 13385
moead,513_e-05,19,14,300,6,29500398.401225,4996.062442,0.285714,0.714286,11691 11774 11882 11991 11992 12227 12228 12351 12487 12597 12713 12729 12730 12843 13385
moead,513_e-05,19,15,300,6,29500398.401225,4996.062442,0.306122,0.693878,11691 11774 11882 11991 11992 12227 12228 12351 12487 12597 12713 12729 12730 12843 13385
moead,513_e-05,19,16,300,6,29500398.401225,4996.062442,0.326531,0.673469,11691 11774 11882 11991 11992 12227 12228 12351 12487 12597 12713 12729 12730 12843 13385
moead,513_e-05,19,17,300,6,29500398.401225,4996.062442,0.346939,0.653061,11691 11774 11882 11991 11992 12227 12228 12351 12487 12597 12713 12729 12730 12843 13385
moead,513_e-05,19,18,300,6,29500398.401225,4996.062442,0.367347,0.632653,11691 11774 11882 11991 11992 12227 12228 12351 12487 12597 12713 12729 12730 12843 13385
moead,513_e-05,19,19,300,6,29500398.401225,4996.062442,0.387755,0.612245,11691 11774 11882 11991 11992 12227 12228 12351 12487 12597 12713 12729 12730 12843 13385
moead,513_e-05,19,20,300,6,29500398.401225,4996.062442,0.408163,0.591837,11691 11774 11882 11991 11992 12227 12228 12351 12487 12597 12713 12729 12730 12843 13385
moead,513_e-05,19,21,300,6,29500398.401225,4996.062442,0.428571,0.571429,11691 11774 11882 11991 11992 12227 12228 12351 12487 12597 12713 12729 12730 12843 13385
moead,513_e-05,19,22,300,6,29500398.401225,4996.062442,0.448980,0.551020,11691 11774 11882 11991 11992 12227 12228 12351 12487 12597 12713 12729 12730 12843 13385
moead,513_e-05,19,23,300,6,29500398.401225,4996.062442,0.469388,0.530612,11691 11774 11882 11991 11992 12227 12228 12351 12487 12597 12713 12729 12730 12843 13385
moead,513_e-05,19,24,300,6,29500398.401225,4996.062442,0.489796,0.510204,11691 11774 11882 11991 11992 12227 12228 12351 12487 12597 12713 12729 12730 12843 13385
moead,513_e-05,19,25,300,6,29500398.401225,4996.062442,0.510204,0.489796,11691 11774 11882 11991 11992 12227 12228 12351 12487 12597 12713 12729 12730 12843 13385
moead,513_e-05,19,26,300,6,29500398.401225,4996.062442,0.530612,0.469388,11691 11774 11882 11991 11992 12227 12228 12351 12487 12597 12713 12729 12730 12843 13385
moead,513_e-05,19,27,300,6,29500398.401225,4996.062442,0.551020,0.448980,11691 11774 11882 11991 11992 12227 12228 12351 12487 12597 12713 12729 12730 12843 13385
moead,513_e-05,19,28,300,6,29500398.401225,4996.062442,0.571429,0.428571,11691 11774 11882 11991 11992 12227 12228 12351 12487 12597 12713 12729 12730 12843 13385
moead,513_e-05,19,29,300,6,29500398.401225,4996.062442,0.591837,0.408163,11691 11774 11882 11991 11992 12227 12228 12351 12487 12597 12713 12729 12730 12843 13385
moead,513_e-05,19,30,300,6,29500398.401225,4996.062442,0.612245,0.387755,11691 11774 11882 11991 11992 12227 12228 12351 12487 12597 12713 12729 12730 12843 13385
moead,513_e-05,19,31,300,6,29500398.401225,4996.062442,0.632653,0.367347,11691 11774 11882 11991 11992 12227 12228 12351 12487 12597 12713 12729 12730 12843 13385
moead,513_e-05,19,32,300,6,29500398.401225,4996.062442,0.653061,0.346939,11691 11774 11882 11991 11992 12227 12228 12351 12487 12597 12713 12729 12730 12843 13385
moead,513_e-05,19,33,300,6,29500398.401225,4996.062442,0.673469,0.326531,11691 11774 11882 11991 11992 12227 12228 12351 12487 12597 12713 12729 12730 12843 13385
moead,513_e-05,19,34,300,6,29500398.401225,4996.062442,0.693878,0.306122,11691 11774 11882 11991 11992 12227 12228 12351 12487 12597 12713 12729 12730 12843 13385
moead,513_e-05,19,35,300,6,29500398.401225,4996.062442,0.714286,0.285714,11691 11774 11882 11991 11992 12227 12228 12351 12487 12597 12713 12729 12730 12843 13385
moead,513_e-05,19,36,300,6,29500398.401225,4996.062442,0.734694,0.265306,11691 11774 11882 11991 11992 12227 12228 12351 12487 12597 12713 12729 12730 12843 13385
moead,513_e-05,19,37,300,6,29500398.401225,4996.062442,0.755102,0.244898,11691 11774 11882 11991 11992 12227 12228 12351 12487 12597 12713 12729 12730 12843 13385
moead,513_e-05,19,38,300,6,29500398.401225,4996.062442,0.775510,0.224490,11691 11774 11882 11991 11992 12227 12228 12351 12487 12597 12713 12729 12730 12843 13385
moead,513_e-05,19,39,300,6,29500398.401225,4996.062442,0.795918,0.204082,11691 11774 11882 11991 11992 12227 12228 12351 12487 12597 12713 12729 12730 12843 13385
moead,513_e-05,19,40,300,6,29500398.401225,4996.062442,0.816327,0.183673,11691 11774 11882 11991 11992 12227 12228 12351 12487 12597 12713 12729 12730 12843 13385
moead,513_e-05,19,41,300,6,29500398.401225,4996.062442,0.836735,0.163265,11691 11774 11882 11991 11992 12227 12228 12351 12487 12597 12713 12729 12730 12843 13385
moead,513_e-05,19,42,300,6,29500398.401225,4996.062442,0.857143,0.142857,11691 11774 11882 11991 11992 12227 12228 12351 12487 12597 12713 12729 12730 12843 13385
moead,513_e-05,19,43,300,6,29500398.401225,4996.062442,0.877551,0.122449,11691 11774 11882 11991 11992 12227 12228 12351 12487 12597 12713 12729 12730 12843 13385
moead,513_e-05,19,44,300,6,29500398.401225,4996.062442,0.897959,0.102041,11691 11774 11882 11991 11992 12227 12228 12351 12487 12597 12713 12729 12730 12843 13385
moead,513_e-05,19,45,300,6,29500398.401225,4996.062442,0.918367,0.081633,11691 11774 11882 11991 11992 12227 12228 12351 12487 12597 12713 12729 12730 12843 13385
moead,513_e-05,19,46,300,6,29500398.401225,4996.062442,0.938776,0.061224,11691 11774 11882 11991 11992 12227 12228 12351 12487 12597 12713 12729 12730 12843 13385
moead,513_e-05,19,47,300,6,29500398.401225,4996.062442,0.959184,0.040816,11691 11774 11882 11991 11992 12227 12228 12351 12487 12597 12713 12729 12730 12843 13385
moead,513_e-05,19,48,300,6,29500398.401225,4996.062442,0.979592,0.020408,11691 11774 11882 11991 11992 12227 12228 12351 12487 12597 12713 12729 12730 12843 13385
moead,513_e-05,19,49,300,6,29500398.401225,4996.062442,1.000000,0.000000,11691 11774 11882 11991 11992 12227 12228 12351 12487 12597 12713 12729 12730 12843 13385
moead,513_e-05,19,0,350,7,38215492.133445,6394.922775,0.000000,1.000000,34199 36795 36865 38291 67956 70142 82474 95742 98649 106028 110292 112528 150267 177172 183804
moead,513_e-05,19,1,350,7,29554866.705336,5109.393542,0.020408,0.979592,11408 11774 11882 11991 12135 12228 12351 12487 12492 12562 12597 12729 12843 13103 13385
moead,513_e-05,19,2,350,7,29527417.172704,5107.150462,0.040816,0.959184,11691 11774 11882 11970 11991 11992 12228 12351 12492 12581 12597 12721 12729 12730 12843
moead,513_e-05,19,3,350,7,29503980.522523,4999.004947,0.061224,0.938776,11581 11691 11774 11882 11991 11992 12227 12228 12351 12492 12581 12597 12721 12729 12843
moead,513_e-05,19,4,350,7,29503980.522523,4999.004947,0.081633,0.918367,11581 11691 11774 11882 11991 11992 12227 12228 12351 12492 12581 12597 12721 12729 12843
moead,513_e-05,19,5,350,7,29503980.522523,4999.004947,0.102041,0.897959,11581 11691 11774 11882 11991 11992 12227 12228 12351 12492 12581 12597 12721 12729 12843
moead,513_e-05,19,6,350,7,29503980.522523,4999.004947,0.122449,0.877551,11581 11691 11774 11882 11991 11992 12227 12228 12351 12492 12581 12597 12721 12729 12843
moead,513_e-05,19,7,350,7,29503980.522523,4999.004947,0.142857,0.857143,11581 11691 11774 11882 11991 11992 12227 12228 12351 12492 12581 12597 12721 12729 12843
moead,513_e-05,19,8,350,7,29503476.663051,4997.600046,0.163265,0.836735,11691 11774 11882 11991 11992 12227 12228 12351 12487 12492 12597 12729 12730 12843 13385
moead,513_e-05,19,9,350,7,29498022.543529,4996.068946,0.183673,0.816327,11691 11774 11882 11991 11992 12228 12351 12475 12485 12487 12597 12713 12729 12730 13385
moead,513_e-05,19,10,350,7,29498022.543529,4996.068946,0.204082,0.795918,11691 11774 11882 11991 11992 12228 12351 12475 12485 12487 12597 12713 12729 12730 13385
moead,513_e-05,19,11,350,7,29498022.543529,4996.068946,0.224490,0.775510,11691 11774 11882 11991 11992 12228 12351 12475 12485 12487 12597 12713 12729 12730 13385
moead,513_e-05,19,12,350,7,29498022.543529,4996.068946,0.244898,0.755102,11691 11774 11882 11991 11992 12228 12351 12475 12485 12487 12597 12713 12729 12730 13385
moead,513_e-05,19,13,350,7,29498022.543529,4996.068946,0.265306,0.734694,11691 11774 11882 11991 11992 12228 12351 12475 12485 12487 12597 12713 12729 12730 13385
moead,513_e-05,19,14,350,7,29498022.543529,4996.068946,0.285714,0.714286,11691 11774 11882 11991 11992 12228 12351 12475 12485 12487 12597 12713 12729 12730 13385
moead,513_e-05,19,15,350,7,29498022.543529,4996.068946,0.306122,0.693878,11691 11774 11882 11991 11992 12228 12351 12475 12485 12487 12597 12713 12729 12730 13385
moead,513_e-05,19,16,350,7,29498022.543529,4996.068946,0.326531,0.673469,11691 11774 11882 11991 11992 12228 12351 12475 12485 12487 12597 12713 12729 12730 13385
moead,513_e-05,19,17,350,7,29498022.543529,4996.068946,0.346939,0.653061,11691 11774 11882 11991 11992 12228 12351 12475 12485 12487 12597 12713 12729 12730 13385
moead,513_e-05,19,18,350,7,29498022.543529,4996.068946,0.367347,0.632653,11691 11774 11882 11991 11992 12228 12351 12475 12485 12487 12597 12713 12729 12730 13385
moead,513_e-05,19,19,350,7,29498022.543529,4996.068946,0.387755,0.612245,11691 11774 11882 11991 11992 12228 12351 12475 12485 12487 12597 12713 12729 12730 13385
moead,513_e-05,19,20,350,7,29498022.543529,4996.068946,0.408163,0.591837,11691 11774 11882 11991 11992 12228 12351 12475 12485 12487 12597 12713 12729 12730 13385
moead,513_e-05,19,21,350,7,29498022.543529,4996.068946,0.428571,0.571429,11691 11774 11882 11991 11992 12228 12351 12475 12485 12487 12597 12713 12729 12730 13385
moead,513_e-05,19,22,350,7,29498022.543529,4996.068946,0.448980,0.551020,11691 11774 11882 11991 11992 12228 12351 12475 12485 12487 12597 12713 12729 12730 13385
moead,513_e-05,19,23,350,7,29498022.543529,4996.068946,0.469388,0.530612,11691 11774 11882 11991 11992 12228 12351 12475 12485 12487 12597 12713 12729 12730 13385
moead,513_e-05,19,24,350,7,29496541.610463,4992.961771,0.489796,0.510204,11774 11882 11991 11992 12351 12466 12474 12475 12485 12487 12597 12713 12729 12730 13385
moead,513_e-05,19,25,350,7,29496541.610463,4992.961771,0.510204,0.489796,11774 11882 11991 11992 12351 12466 12474 12475 12485 12487 12597 12713 12729 12730 13385
moead,513_e-05,19,26,350,7,29496541.610463,4992.961771,0.530612,0.469388,11774 11882 11991 11992 12351 12466 12474 12475 12485 12487 12597 12713 12729 12730 13385
moead,513_e-05,19,27,350,7,29496541.610463,4992.961771,0.551020,0.448980,11774 11882 11991 11992 12351 12466 12474 12475 12485 12487 12597 12713 12729 12730 13385
moead,513_e-05,19,28,350,7,29496541.610463,4992.961771,0.571429,0.428571,11774 11882 11991 11992 12351 12466 12474 12475 12485 12487 12597 12713 12729 12730 13385
moead,513_e-05,19,29,350,7,29496541.610463,4992.961771,0.591837,0.408163,11774 11882 11991 11992 12351 12466 12474 12475 12485 12487 12597 12713 12729 12730 13385
moead,513_e-05,19,30,350,7,29496541.610463,4992.961771,0.612245,0.387755,11774 11882 11991 11992 12351 12466 12474 12475 12485 12487 12597 12713 12729 12730 13385
moead,513_e-05,19,31,350,7,29496541.610463,4992.961771,0.632653,0.367347,11774 11882 11991 11992 12351 12466 12474 12475 12485 12487 12597 12713 12729 12730 13385
moead,513_e-05,19,32,350,7,29496541.610463,4992.961771,0.653061,0.346939,11774 11882 11991 11992 12351 12466 12474 12475 12485 12487 12597 12713 12729 12730 13385
moead,513_e-05,19,33,350,7,29496541.610463,4992.961771,0.673469,0.326531,11774 11882 11991 11992 12351 12466 12474 12475 12485 12487 12597 12713 12729 12730 13385
moead,513_e-05,19,34,350,7,29496541.610463,4992.961771,0.693878,0.306122,11774 11882 11991 11992 12351 12466 12474 12475 12485 12487 12597 12713 12729 12730 13385
moead,513_e-05,19,35,350,7,29496541.610463,4992.961771,0.714286,0.285714,11774 11882 11991 11992 12351 12466 12474 12475 12485 12487 12597 12713 12729 12730 13385
moead,513_e-05,19,36,350,7,29496541.610463,4992.961771,0.734694,0.265306,11774 11882 11991 11992 12351 12466 12474 12475 12485 12487 12597 12713 12729 12730 13385
moead,513_e-05,19,37,350,7,29496541.610463,4992.961771,0.755102,0.244898,11774 11882 11991 11992 12351 12466 12474 12475 12485 12487 12597 12713 12729 12730 13385
moead,513_e-05,19,38,350,7,29496541.610463,4992.961771,0.775510,0.224490,11774 11882 11991 11992 12351 12466 12474 12475 12485 12487 12597 12713 12729 12730 13385
moead,513_e-05,19,39,350,7,29496541.610463,4992.961771,0.795918,0.204082,11774 11882 11991 11992 12351 12466 12474 12475 12485 12487 12597 12713 12729 12730 13385
moead,513_e-05,19,40,350,7,29496541.610463,4992.961771,0.816327,0.183673,11774 11882 11991 11992 12351 12466 12474 12475 12485 12487 12597 12713 12729 12730 13385
moead,513_e-05,19,41,350,7,29496541.610463,4992.961771,0.836735,0.163265,11774 11882 11991 11992 12351 12466 12474 12475 12485 12487 12597 12713 12729 12730 13385
moead,513_e-05,19,42,350,7,29496541.610463,4992.961771,0.857143,0.142857,11774 11882 11991 11992 12351 12466 12474 12475 12485 12487 12597 12713 12729 12730 13385
moead,513_e-05,19,43,350,7,29496541.610463,4992.961771,0.877551,0.122449,11774 11882 11991 11992 12351 12466 12474 12475 12485 12487 12597 12713 12729 12730 13385
moead,513_e-05,19,44,350,7,29496541.610463,4992.961771,0.897959,0.102041,11774 11882 11991 11992 12351 12466 12474 12475 12485 12487 12597 12713 12729 12730 13385
moead,513_e-05,19,45,350,7,29496541.610463,4992.961771,0.918367,0.081633,11774 11882 11991 11992 12351 12466 12474 12475 12485 12487 12597 12713 12729 12730 13385
moead,513_e-05,19,46,350,7,29496541.610463,4992.961771,0.938776,0.061224,11774 11882 11991 11992 12351 12466 12474 12475 12485 12487 12597 12713 12729 12730 13385
moead,513_e-05,19,47,350,7,29496541.610463,4992.961771,0.959184,0.040816,11774 11882 11991 11992 12351 12466 12474 12475 12485 12487 12597 12713 12729 12730 13385
moead,513_e-05,19,48,350,7,29496541.610463,4992.961771,0.979592,0.020408,11774 11882 11991 11992 12351 12466 12474 12475 12485 12487 12597 12713 12729 12730 13385
moead,513_e-05,19,49,350,7,29496541.610463,4992.961771,1.000000,0.000000,11774 11882 11991 11992 12351 12466 12474 12475 12485 12487 12597 12713 12729 12730 13385
moead,513_e-05,19,0,400,8,37527072.154344,6394.922775,0.000000,1.000000,8135 36865 38291 67956 70142 71094 72945 82474 88572 95742 98649 112528 158338 177172 183804
moead,513_e-05,19,1,400,8,29544616.961473,5108.467196,0.020408,0.979592,11547 11581 11691 11774 11882 11991 11992 11993 12227 12228 12492 12581 12597 12721 12729
moead,513_e-05,19,2,400,8,29512081.900828,5107.328500,0.040816,0.959184,11154 11581 11691 11774 11882 11991 11992 12227 12228 12351 12492 12597 12721 12729 12843
moead,513_e-05,19,3,400,8,29501469.837441,5011.882931,0.061224,0.938776,11691 11774 11992 11994 12094 12228 12351 12475 12485 12487 12597 12713 12729 12730 12840
moead,513_e-05,19,4,400,8,29501469.837441,5011.882931,0.081633,0.918367,11691 11774 11992 11994 12094 12228 12351 12475 12485 12487 12597 12713 12729 12730 12840
moead,513_e-05,19,5,400,8,29501469.837441,5011.882931,0.102041,0.897959,11691 11774 11992 11994 12094 12228 12351 12475 12485 12487 12597 12713 12729 12730 12840
moead,513_e-05,19,6,400,8,29490943.540612,4996.321545,0.122449,0.877551,11691 11774 11882 11992 11994 12228 12351 12475 12485 12487 12597 12713 12729 12730 12840
moead,513_e-05,19,7,400,8,29490943.540612,4996.321545,0.142857,0.857143,11691 11774 11882 11992 11994 12228 12351 12475 12485 12487 12597 12713 12729 12730 12840
moead,513_e-05,19,8,400,8,29490943.540612,4996.321545,0.163265,0.836735,11691 11774 11882 11992 11994 12228 12351 12475 12485 12487 12597 12713 12729 12730 12840
moead,513_e-05,19,9,400,8,29490943.540612,4996.321545,0.183673,0.816327,11691 11774 11882 11992 11994 12228 12351 12475 12485 12487 12597 12713 12729 12730 12840
moead,513_e-05,19,10,400,8,29490943.540612,4996.321545,0.204082,0.795918,11691 11774 11882 11992 11994 12228 12351 12475 12485 12487 12597 12713 12729 12730 12840
moead,513_e-05,19,11,400,8,29490943.540612,4996.321545,0.224490,0.775510,11691 11774 11882 11992 11994 12228 12351 12475 12485 12487 12597 12713 12729 12730 12840
moead,513_e-05,19,12,400,8,29490943.540612,4996.321545,0.244898,0.755102,11691 11774 11882 11992 11994 12228 12351 12475 12485 12487 12597 12713 12729 12730 12840
moead,513_e-05,19,13,400,8,29490943.540612,4996.321545,0.265306,0.734694,11691 11774 11882 11992 11994 12228 12351 12475 12485 12487 12597 12713 12729 12730 12840
moead,513_e-05,19,14,400,8,29490943.540612,4996.321545,0.285714,0.714286,11691 11774 11882 11992 11994 12228 12351 12475 12485 12487 12597 12713 12729 12730 12840
moead,513_e-05,19,15,400,8,29490943.540612,4996.321545,0.306122,0.693878,11691 11774 11882 11992 11994 12228 12351 12475 12485 12487 12597 12713 12729 12730 12840
moead,513_e-05,19,16,400,8,29490943.540612,4996.321545,0.326531,0.673469,11691 11774 11882 11992 11994 12228 12351 12475 12485 12487 12597 12713 12729 12730 12840
moead,513_e-05,19,17,400,8,29490943.540612,4996.321545,0.346939,0.653061,11691 11774 11882 11992 11994 12228 12351 12475 12485 12487 12597 12713 12729 12730 12840
moead,513_e-05,19,18,400,8,29490943.540612,4996.321545,0.367347,0.632653,11691 11774 11882 11992 11994 12228 12351 12475 12485 12487 12597 12713 12729 12730 12840
moead,513_e-05,19,19,400,8,29490943.540612,4996.321545,0.387755,0.612245,11691 11774 11882 11992 11994 12228 12351 12475 12485 12487 12597 12713 12729 12730 12840
moead,513_e-05,19,20,400,8,29490943.540612,4996.321545,0.408163,0.591837,11691 11774 11882 11992 11994 12228 12351 12475 12485 12487 12597 12713 12729 12730 12840
moead,513_e-05,19,21,400,8,29490943.540612,4996.321545,0.428571,0.571429,11691 11774 11882 11992 11994 12228 12351 12475 12485 12487 12597 12713 12729 12730 12840
moead,513_e-05,19,22,400,8,29490943.540612,4996.321545,0.448980,0.551020,11691 11774 11882 11992 11994 12228 12351 12475 12485 12487 12597 12713 12729 12730 12840
moead,513_e-05,19,23,400,8,29490943.540612,4996.321545,0.469388,0.530612,11691 11774 11882 11992 11994 12228 12351 12475 12485 12487 12597 12713 12729 12730 12840
moead,513_e-05,19,24,400,8,29490683.926383,4996.321545,0.489796,0.510204,11691 11774 11882 11992 11994 12228 12362 12475 12485 12487 12597 12713 12729 12730 12840
moead,513_e-05,19,25,400,8,29490683.926383,4996.321545,0.510204,0.489796,11691 11774 11882 11992 11994 12228 12362 12475 12485 12487 12597 12713 12729 12730 12840
moead,513_e-05,19,26,400,8,29490683.926383,4996.321545,0.530612,0.469388,11691 11774 11882 11992 11994 12228 12362 12475 12485 12487 12597 12713 12729 12730 12840
moead,513_e-05,19,27,400,8,29490683.926383,4996.321545,0.551020,0.448980,11691 11774 11882 11992 11994 12228 12362 12475 12485 12487 12597 12713 12729 12730 12840
moead,513_e-05,19,28,400,8,29490683.926383,4996.321545,0.571429,0.428571,11691 11774 11882 11992 11994 12228 12362 12475 12485 12487 12597 12713 12729 12730 12840
moead,513_e-05,19,29,400,8,29490683.926383,4996.321545,0.591837,0.408163,11691 11774 11882 11992 11994 12228 12362 12475 12485 12487 12597 12713 12729 12730 12840
moead,513_e-05,19,30,400,8,29490683.926383,4996.321545,0.612245,0.387755,11691 11774 11882 11992 11994 12228 12362 12475 12485 12487 12597 12713 12729 12730 12840
moead,513_e-05,19,31,400,8,29490683.926383,4996.321545,0.632653,0.367347,11691 11774 11882 11992 11994 12228 12362 12475 12485 12487 12597 12713 12729 12730 12840
moead,513_e-05,19,32,400,8,29490683.926383,4996.321545,0.653061,0.346939,11691 11774 11882 11992 11994 12228 12362 12475 12485 12487 12597 12713 12729 12730 12840
moead,513_e-05,19,33,400,8,29490683.926383,4996.321545,0.673469,0.326531,11691 11774 11882 11992 11994 12228 12362 12475 12485 12487 12597 12713 12729 12730 12840
moead,513_e-05,19,34,400,8,29490683.926383,4996.321545,0.693878,0.306122,11691 11774 11882 11992 11994 12228 12362 12475 12485 12487 12597 12713 12729 12730 12840
moead,513_e-05,19,35,400,8,29490683.926383,4996.321545,0.714286,0.285714,11691 11774 11882 11992 11994 12228 12362 12475 12485 12487 12597 12713 12729 12730 12840
moead,513_e-05,19,36,400,8,29490683.926383,4996.321545,0.734694,0.265306,11691 11774 11882 11992 11994 12228 12362 12475 12485 12487 12597 12713 12729 12730 12840
moead,513_e-05,19,37,400,8,29490683.926383,4996.321545,0.755102,0.244898,11691 11774 11882 11992 11994 12228 12362 12475 12485 12487 12597 12713 12729 12730 12840
moead,513_e-05,19,38,400,8,29490683.926383,4996.321545,0.775510,0.224490,11691 11774 11882 11992 11994 12228 12362 12475 12485 12487 12597 12713 12729 12730 12840
moead,513_e-05,19,39,400,8,29490683.926383,4996.321545,0.795918,0.204082,11691 11774 11882 11992 11994 12228 12362 12475 12485 12487 12597 12713 12729 12730 12840
moead,513_e-05,19,40,400,8,29490683.926383,4996.321545,0.816327,0.183673,11691 11774 11882 11992 11994 12228 12362 12475 12485 12487 12597 12713 12729 12730 12840
moead,513_e-05,19,41,400,8,29490683.926383,4996.321545,0.836735,0.163265,11691 11774 11882 11992 11994 12228 12362 12475 12485 12487 12597 12713 12729 12730 12840
moead,513_e-05,19,42,400,8,29490683.926383,4996.321545,0.857143,0.142857,11691 11774 11882 11992 11994 12228 12362 12475 12485 12487 12597 12713 12729 12730 12840
moead,513_e-05,19,43,400,8,29490683.926383,4996.321545,0.877551,0.122449,11691 11774 11882 11992 11994 12228 12362 12475 12485 12487 12597 12713 12729 12730 12840
moead,513_e-05,19,44,400,8,29490683.926383,4996.321545,0.897959,0.102041,11691 11774 11882 11992 11994 12228 12362 12475 12485 12487 12597 12713 12729 12730 12840
moead,513_e-05,19,45,400,8,29490683.926383,4996.321545,0.918367,0.081633,11691 11774 11882 11992 11994 12228 12362 12475 12485 12487 12597 12713 12729 12730 12840
moead,513_e-05,19,46,400,8,29490683.926383,4996.321545,0.938776,0.061224,11691 11774 11882 11992 11994 12228 12362 12475 12485 12487 12597 12713 12729 12730 12840
moead,513_e-05,19,47,400,8,29490683.926383,4996.321545,0.959184,0.040816,11691 11774 11882 11992 11994 12228 12362 12475 12485 12487 12597 12713 12729 12730 12840
moead,513_e-05,19,48,400,8,29490683.926383,4996.321545,0.979592,0.020408,11691 11774 11882 11992 11994 12228 12362 12475 12485 12487 12597 12713 12729 12730 12840
moead,513_e-05,19,49,400,8,29490683.926383,4996.321545,1.000000,0.000000,11691 11774 11882 11992 11994 12228 12362 12475 12485 12487 12597 12713 12729 12730 12840
moead,513_e-05,19,0,450,9,37567499.594221,6394.922775,0.000000,1.000000,2947 25351 36865 43338 70142 72945 74832 75318 84541 88572 112528 132448 141674 158338 177172
moead,513_e-05,19,1,450,9,29544616.961473,5108.467196,0.020408,0.979592,11547 11581 11691 11774 11882 11991 11992 11993 12227 12228 12492 12581 12597 12721 12729
moead,513_e-05,19,2,450,9,29512081.900828,5107.328500,0.040816,0.959184,11154 11581 11691 11774 11882 11991 11992 12227 12228 12351 12492 12597 12721 12729 12843
moead,513_e-05,19,3,450,9,29499772.888372,5094.287708,0.061224,0.938776,11691 11774 11882 11992 11994 12228 12362 12475 12487 12597 12713 12729 12730 12737 12840
moead,513_e-05,19,4,450,9,29499772.888372,5094.287708,0.081633,0.918367,11691 11774 11882 11992 11994 12228 12362 12475 12487 12597 12713 12729 12730 12737 12840
moead,513_e-05,19,5,450,9,29495176.913946,4997.726894,0.102041,0.897959,11691 11774 11882 11992 11994 12228 12362 12475 12485 12597 12713 12729 12730 12840 13249
moead,513_e-05,19,6,450,9,29495176.913946,4997.726894,0.122449,0.877551,11691 11774 11882 11992 11994 12228 12362 12475 12485 12597 12713 12729 12730 12840 13249
moead,513_e-05,19,7,450,9,29490683.926383,4996.321545,0.142857,0.857143,11691 11774 11882 11992 11994 12228 12362 12475 12485 12487 12597 12713 12729 12730 12840
moead,513_e-05,19,8,450,9,29490683.926383,4996.321545,0.163265,0.836735,11691 11774 11882 11992 11994 12228 12362 12475 12485 12487 12597 12713 12729 12730 12840
moead,513_e-05,19,9,450,9,29490683.926383,4996.321545,0.183673,0.816327,11691 11774 11882 11992 11994 12228 12362 12475 12485 12487 12597 12713 12729 12730 12840
moead,513_e-05,19,10,450,9,29485178.468917,4994.347714,0.204082,0.795918,11774 11882 11992 11994 12228 12362 12475 12476 12485 12597 12713 12715 12729 12730 12840
moead,513_e-05,19,11,450,9,29485178.468917,4994.347714,0.224490,0.775510,11774 11882 11992 11994 12228 12362 12475 12476 12485 12597 12713 12715 12729 12730 12840
moead,513_e-05,19,12,450,9,29485178.468917,4994.347714,0.244898,0.755102,11774 11882 11992 11994 12228 12362 12475 12476 12485 12597 12713 12715 12729 12730 12840
moead,513_e-05,19,13,450,9,29485178.468917,4994.347714,0.265306,0.734694,11774 11882 11992 11994 12228 12362 12475 12476 12485 12597 12713 12715 12729 12730 12840
moead,513_e-05,19,14,450,9,29485178.468917,4994.347714,0.285714,0.714286,11774 11882 11992 11994 12228 12362 12475 12476 12485 12597 12713 12715 12729 12730 12840
moead,513_e-05,19,15,450,9,29485178.468917,4994.347714,0.306122,0.693878,11774 11882 11992 11994 12228 12362 12475 12476 12485 12597 12713 12715 12729 12730 12840
moead,513_e-05,19,16,450,9,29485178.468917,4994.347714,0.326531,0.673469,11774 11882 11992 11994 12228 12362 12475 12476 12485 12597 12713 12715 12729 12730 12840
moead,513_e-05,19,17,450,9,29485178.468917,4994.347714,0.346939,0.653061,11774 11882 11992 11994 12228 12362 12475 12476 12485 12597 12713 12715 12729 12730 12840
moead,513_e-05,19,18,450,9,29485178.468917,4994.347714,0.367347,0.632653,11774 11882 11992 11994 12228 12362 12475 12476 12485 12597 12713 12715 12729 12730 12840
moead,513_e-05,19,19,450,9,29485178.468917,4994.347714,0.387755,0.612245,11774 11882 11992 11994 12228 12362 12475 12476 12485 12597 12713 12715 12729 12730 12840
moead,513_e-05,19,20,450,9,29485178.468917,4994.347714,0.408163,0.591837,11774 11882 11992 11994 12228 12362 12475 12476 12485 12597 12713 12715 12729 12730 12840
moead,513_e-05,19,21,450,9,29485178.468917,4994.347714,0.428571,0.571429,11774 11882 11992 11994 12228 12362 12475 12476 12485 12597 12713 12715 12729 12730 12840
moead,513_e-05,19,22,450,9,29485178.468917,4994.347714,0.448980,0.551020,11774 11882 11992 11994 12228 12362 12475 12476 12485 12597 12713 12715 12729 12730 12840
moead,513_e-05,19,23,450,9,29485178.468917,4994.347714,0.469388,0.530612,11774 11882 11992 11994 12228 12362 12475 12476 12485 12597 12713 12715 12729 12730 12840
moead,513_e-05,19,24,450,9,29485178.468917,4994.347714,0.489796,0.510204,11774 11882 11992 11994 12228 12362 12475 12476 12485 12597 12713 12715 12729 12730 12840
moead,513_e-05,19,25,450,9,29485178.468917,4994.347714,0.510204,0.489796,11774 11882 11992 11994 12228 12362 12475 12476 12485 12597 12713 12715 12729 12730 12840
moead,513_e-05,19,26,450,9,29485178.468917,4994.347714,0.530612,0.469388,11774 11882 11992 11994 12228 12362 12475 12476 12485 12597 12713 12715 12729 12730 12840
moead,513_e-05,19,27,450,9,29485178.468917,4994.347714,0.551020,0.448980,11774 11882 11992 11994 12228 12362 12475 12476 12485 12597 12713 12715 12729 12730 12840
moead,513_e-05,19,28,450,9,29485178.468917,4994.347714,0.571429,0.428571,11774 11882 11992 11994 12228 12362 12475 12476 12485 12597 12713 12715 12729 12730 12840
moead,513_e-05,19,29,450,9,29485178.468917,4994.347714,0.591837,0.408163,11774 11882 11992 11994 12228 12362 12475 12476 12485 12597 12713 12715 12729 12730 12840
moead,513_e-05,19,30,450,9,29485178.468917,4994.347714,0.612245,0.387755,11774 11882 11992 11994 12228 12362 12475 12476 12485 12597 12713 12715 12729 12730 12840
moead,513_e-05,19,31,450,9,29485178.468917,4994.347714,0.632653,0.367347,11774 11882 11992 11994 12228 12362 12475 12476 12485 12597 12713 12715 12729 12730 12840
moead,513_e-05,19,32,450,9,29485178.468917,4994.347714,0.653061,0.346939,11774 11882 11992 11994 12228 12362 12475 12476 12485 12597 12713 12715 12729 12730 12840
moead,513_e-05,19,33,450,9,29485178.468917,4994.347714,0.673469,0.326531,11774 11882 11992 11994 12228 12362 12475 12476 12485 12597 12713 12715 12729 12730 12840
moead,513_e-05,19,34,450,9,29485178.468917,4994.347714,0.693878,0.306122,11774 11882 11992 11994 12228 12362 12475 12476 12485 12597 12713 12715 12729 12730 12840
moead,513_e-05,19,35,450,9,29485178.468917,4994.347714,0.714286,0.285714,11774 11882 11992 11994 12228 12362 12475 12476 12485 12597 12713 12715 12729 12730 12840
moead,513_e-05,19,36,450,9,29485178.468917,4994.347714,0.734694,0.265306,11774 11882 11992 11994 12228 12362 12475 12476 12485 12597 12713 12715 12729 12730 12840
moead,513_e-05,19,37,450,9,29485178.468917,4994.347714,0.755102,0.244898,11774 11882 11992 11994 12228 12362 12475 12476 12485 12597 12713 12715 12729 12730 12840
moead,513_e-05,19,38,450,9,29485178.468917,4994.347714,0.775510,0.224490,11774 11882 11992 11994 12228 12362 12475 12476 12485 12597 12713 12715 12729 12730 12840
moead,513_e-05,19,39,450,9,29485178.468917,4994.347714,0.795918,0.204082,11774 11882 11992 11994 12228 12362 12475 12476 12485 12597 12713 12715 12729 12730 12840
moead,513_e-05,19,40,450,9,29485178.468917,4994.347714,0.816327,0.183673,11774 11882 11992 11994 12228 12362 12475 12476 12485 12597 12713 12715 12729 12730 12840
moead,513_e-05,19,41,450,9,29485178.468917,4994.347714,0.836735,0.163265,11774 11882 11992 11994 12228 12362 12475 12476 12485 12597 12713 12715 12729 12730 12840
moead,513_e-05,19,42,450,9,29485178.468917,4994.347714,0.857143,0.142857,11774 11882 11992 11994 12228 12362 12475 12476 12485 12597 12713 12715 12729 12730 12840
moead,513_e-05,19,43,450,9,29485178.468917,4994.347714,0.877551,0.122449,11774 11882 11992 11994 12228 12362 12475 12476 12485 12597 12713 12715 12729 12730 12840
moead,513_e-05,19,44,450,9,29485178.468917,4994.347714,0.897959,0.102041,11774 11882 11992 11994 12228 12362 12475 12476 12485 12597 12713 12715 12729 12730 12840
moead,513_e-05,19,45,450,9,29485178.468917,4994.347714,0.918367,0.081633,11774 11882 11992 11994 12228 12362 12475 12476 12485 12597 12713 12715 12729 12730 12840
moead,513_e-05,19,46,450,9,29485178.468917,4994.347714,0.938776,0.061224,11774 11882 11992 11994 12228 12362 12475 12476 12485 12597 12713 12715 12729 12730 12840
moead,513_e-05,19,47,450,9,29485178.468917,4994.347714,0.959184,0.040816,11774 11882 11992 11994 12228 12362 12475 12476 12485 12597 12713 12715 12729 12730 12840
moead,513_e-05,19,48,450,9,29485178.468917,4994.347714,0.979592,0.020408,11774 11882 11992 11994 12228 12362 12475 12476 12485 12597 12713 12715 12729 12730 12840
moead,513_e-05,19,49,450,9,29485178.468917,4994.347714,1.000000,0.000000,11774 11882 11992 11994 12228 12362 12475 12476 12485 12597 12713 12715 12729 12730 12840
moead,513_e-05,19,0,500,10,38068452.372124,6394.922775,0.000000,1.000000,2947 19706 22940 25351 43338 49473 72945 74832 75318 84541 112528 125507 132448 141674 177172
moead,513_e-05,19,1,500,10,29519304.095185,5203.747852,0.020408,0.979592,11691 11774 11882 11992 11994 12207 12228 12362 12475 12487 12597 12713 12730 12737 12840
moead,513_e-05,19,2,500,10,29512081.900828,5107.328500,0.040816,0.959184,11154 11581 11691 11774 11882 11991 11992 12227 12228 12351 12492 12597 12721 12729 12843
moead,513_e-05,19,3,500,10,29499236.949821,5094.287708,0.061224,0.938776,11691 11774 11882 11992 11994 12228 12362 12475 12487 12597 12713 12729 12730 12737 12843
moead,513_e-05,19,4,500,10,29495221.450206,4999.863102,0.081633,0.918367,11169 11774 11992 11994 12228 12231 12362 12475 12476 12485 12597 12715 12729 12730 12840
moead,513_e-05,19,5,500,10,29490683.926383,4996.321545,0.102041,0.897959,11691 11774 11882 11992 11994 12228 12362 12475 12485 12487 12597 12713 12729 12730 12840
moead,513_e-05,19,6,500,10,29490683.926383,4996.321545,0.122449,0.877551,11691 11774 11882 11992 11994 12228 12362 12475 12485 12487 12597 12713 12729 12730 12840
moead,513_e-05,19,7,500,10,29490683.926383,4996.321545,0.142857,0.857143,11691 11774 11882 11992 11994 12228 12362 12475 12485 12487 12597 12713 12729 12730 12840
moead,513_e-05,19,8,500,10,29487196.113316,4995.415725,0.163265,0.836735,11774 11882 11992 11994 12228 12231 12362 12475 12476 12597 12715 12729 12730 12840 13113
moead,513_e-05,19,9,500,10,29487196.113316,4995.415725,0.183673,0.816327,11774 11882 11992 11994 12228 12231 12362 12475 12476 12597 12715 12729 12730 12840 13113
moead,513_e-05,19,10,500,10,29487196.113316,4995.415725,0.204082,0.795918,11774 11882 11992 11994 12228 12231 12362 12475 12476 12597 12715 12729 12730 12840 13113
moead,513_e-05,19,11,500,10,29487196.113316,4995.415725,0.224490,0.775510,11774 11882 11992 11994 12228 12231 12362 12475 12476 12597 12715 12729 12730 12840 13113
moead,513_e-05,19,12,500,10,29482593.169044,4994.347714,0.244898,0.755102,11774 11882 11992 11994 12228 12231 12362 12475 12476 12485 12597 12715 12729 12730 12840
moead,513_e-05,19,13,500,10,29482593.169044,4994.347714,0.265306,0.734694,11774 11882 11992 11994 12228 12231 12362 12475 12476 12485 12597 12715 12729 12730 12840
moead,513_e-05,19,14,500,10,29482593.169044,4994.347714,0.285714,0.714286,11774 11882 11992 11994 12228 12231 12362 12475 12476 12485 12597 12715 12729 12730 12840
moead,513_e-05,19,15,500,10,29482593.169044,4994.347714,0.306122,0.693878,11774 11882 11992 11994 12228 12231 12362 12475 12476 12485 12597 12715 12729 12730 12840
moead,513_e-05,19,16,500,10,29482593.169044,4994.347714,0.326531,0.673469,11774 11882 11992 11994 12228 12231 12362 12475 12476 12485 12597 12715 12729 12730 12840
moead,513_e-05,19,17,500,10,29482593.169044,4994.347714,0.346939,0.653061,11774 11882 11992 11994 12228 12231 12362 12475 12476 12485 12597 12715 12729 12730 12840
moead,513_e-05,19,18,500,10,29482593.169044,4994.347714,0.367347,0.632653,11774 11882 11992 11994 12228 12231 12362 12475 12476 12485 12597 12715 12729 12730 12840
moead,513_e-05,19,19,500,10,29482593.169044,4994.347714,0.387755,0.612245,11774 11882 11992 11994 12228 12231 12362 12475 12476 12485 12597 12715 12729 12730 12840
moead,513_e-05,19,20,500,10,29482593.169044,4994.347714,0.408163,0.591837,11774 11882 11992 11994 12228 12231 12362 12475 12476 12485 12597 12715 12729 12730 12840
moead,513_e-05,19,21,500,10,29482593.169044,4994.347714,0.428571,0.571429,11774 11882 11992 11994 12228 12231 12362 12475 12476 12485 12597 12715 12729 12730 12840
moead,513_e-05,19,22,500,10,29482593.169044,4994.347714,0.448980,0.551020,11774 11882 11992 11994 12228 12231 12362 12475 12476 12485 12597 12715 12729 12730 12840
moead,513_e-05,19,23,500,10,29482593.169044,4994.347714,0.469388,0.530612,11774 11882 11992 11994 12228 12231 12362 12475 12476 12485 12597 12715 12729 12730 12840
moead,513_e-05,19,24,500,10,29482593.169044,4994.347714,0.489796,0.510204,11774 11882 11992 11994 12228 12231 12362 12475 12476 12485 12597 12715 12729 12730 12840
moead,513_e-05,19,25,500,10,29482593.169044,4994.347714,0.510204,0.489796,11774 11882 11992 11994 12228 12231 12362 12475 12476 12485 12597 12715 12729 12730 12840
moead,513_e-05,19,26,500,10,29482593.169044,4994.347714,0.530612,0.469388,11774 11882 11992 11994 12228 12231 12362 12475 12476 12485 12597 12715 12729 12730 12840
moead,513_e-05,19,27,500,10,29482593.169044,4994.347714,0.551020,0.448980,11774 11882 11992 11994 12228 12231 12362 12475 12476 12485 12597 12715 12729 12730 12840
moead,513_e-05,19,28,500,10,29482593.169044,4994.347714,0.571429,0.428571,11774 11882 11992 11994 12228 12231 12362 12475 12476 12485 12597 12715 12729 12730 12840
moead,513_e-05,19,29,500,10,29482593.169044,4994.347714,0.591837,0.408163,11774 11882 11992 11994 12228 12231 12362 12475 12476 12485 12597 12715 12729 12730 12840
moead,513_e-05,19,30,500,10,29482593.169044,4994.347714,0.612245,0.387755,11774 11882 11992 11994 12228 12231 12362 12475 12476 12485 12597 12715 12729 12730 12840
moead,513_e-05,19,31,500,10,29482593.169044,4994.347714,0.632653,0.367347,11774 11882 11992 11994 12228 12231 12362 12475 12476 12485 12597 12715 12729 12730 12840
moead,513_e-05,19,32,500,10,29482593.169044,4994.347714,0.653061,0.346939,11774 11882 11992 11994 12228 12231 12362 12475 12476 12485 12597 12715 12729 12730 12840
moead,513_e-05,19,33,500,10,29482593.169044,4994.347714,0.673469,0.326531,11774 11882 11992 11994 12228 12231 12362 12475 12476 12485 12597 12715 12729 12730 12840
moead,513_e-05,19,34,500,10,29482593.169044,4994.347714,0.693878,0.306122,11774 11882 11992 11994 12228 12231 12362 12475 12476 12485 12597 12715 12729 12730 12840
moead,513_e-05,19,35,500,10,29482593.169044,4994.347714,0.714286,0.285714,11774 11882 11992 11994 12228 12231 12362 12475 12476 12485 12597 12715 12729 12730 12840
moead,513_e-05,19,36,500,10,29482593.169044,4994.347714,0.734694,0.265306,11774 11882 11992 11994 12228 12231 12362 12475 12476 12485 12597 12715 12729 12730 12840
moead,513_e-05,19,37,500,10,29482593.169044,4994.347714,0.755102,0.244898,11774 11882 11992 11994 12228 12231 12362 12475 12476 12485 12597 12715 12729 12730 12840
moead,513_e-05,19,38,500,10,29482593.169044,4994.347714,0.775510,0.224490,11774 11882 11992 11994 12228 12231 12362 12475 12476 12485 12597 12715 12729 12730 12840
moead,513_e-05,19,39,500,10,29482593.169044,4994.347714,0.795918,0.204082,11774 11882 11992 11994 12228 12231 12362 12475 12476 12485 12597 12715 12729 12730 12840
moead,513_e-05,19,40,500,10,29482593.169044,4994.347714,0.816327,0.183673,11774 11882 11992 11994 12228 12231 12362 12475 12476 12485 12597 12715 12729 12730 12840
moead,513_e-05,19,41,500,10,29482593.169044,4994.347714,0.836735,0.163265,11774 11882 11992 11994 12228 12231 12362 12475 12476 12485 12597 12715 12729 12730 12840
moead,513_e-05,19,42,500,10,29482593.169044,4994.347714,0.857143,0.142857,11774 11882 11992 11994 12228 12231 12362 12475 12476 12485 12597 12715 12729 12730 12840
moead,513_e-05,19,43,500,10,29482593.169044,4994.347714,0.877551,0.122449,11774 11882 11992 11994 12228 12231 12362 12475 12476 12485 12597 12715 12729 12730 12840
moead,513_e-05,19,44,500,10,29482593.169044,4994.347714,0.897959,0.102041,11774 11882 11992 11994 12228 12231 12362 12475 12476 12485 12597 12715 12729 12730 12840
moead,513_e-05,19,45,500,10,29482593.169044,4994.347714,0.918367,0.081633,11774 11882 11992 11994 12228 12231 12362 12475 12476 12485 12597 12715 12729 12730 12840
moead,513_e-05,19,46,500,10,29482593.169044,4994.347714,0.938776,0.061224,11774 11882 11992 11994 12228 12231 12362 12475 12476 12485 12597 12715 12729 12730 12840
moead,513_e-05,19,47,500,10,29482593.169044,4994.347714,0.959184,0.040816,11774 11882 11992 11994 12228 12231 12362 12475 12476 12485 12597 12715 12729 12730 12840
moead,513_e-05,19,48,500,10,29482593.169044,4994.347714,0.979592,0.020408,11774 11882 11992 11994 12228 12231 12362 12475 12476 12485 12597 12715 12729 12730 12840
moead,513_e-05,19,49,500,10,29482593.169044,4994.347714,1.000000,0.000000,11774 11882 11992 11994 12228 12231 12362 12475 12476 12485 12597 12715 12729 12730 12840
moead,513_e-05,19,0,550,11,38492402.290472,6394.922775,0.000000,1.000000,2947 19706 22940 25351 33641 37386 49473 54084 72945 74832 75318 108391 124617 132448 173087
moead,513_e-05,19,1,550,11,29519304.095185,5203.747852,0.020408,0.979592,11691 11774 11882 11992 11994 12207 12228 12362 12475 12487 12597 12713 12730 12737 12840
moead,513_e-05,19,2,550,11,29499236.949821,5094.287708,0.040816,0.959184,11691 11774 11882 11992 11994 12228 12362 12475 12487 12597 12713 12729 12730 12737 12843
moead,513_e-05,19,3,550,11,29499236.949821,5094.287708,0.061224,0.938776,11691 11774 11882 11992 11994 12228 12362 12475 12487 12597 12713 12729 12730 12737 12843
moead,513_e-05,19,4,550,11,29495220.177999,4999.863102,0.081633,0.918367,11169 11774 11992 11994 12228 12231 12353 12362 12475 12485 12597 12715 12729 12730 12840
moead,513_e-05,19,5,550,11,29490683.926383,4996.321545,0.102041,0.897959,11691 11774 11882 11992 11994 12228 12362 12475 12485 12487 12597 12713 12729 12730 12840
moead,513_e-05,19,6,550,11,29490683.926383,4996.321545,0.122449,0.877551,11691 11774 11882 11992 11994 12228 12362 12475 12485 12487 12597 12713 12729 12730 12840
moead,513_e-05,19,7,550,11,29487196.113316,4995.415725,0.142857,0.857143,11774 11882 11992 11994 12228 12231 12362 12475 12476 12597 12715 12729 12730 12840 13113
moead,513_e-05,19,8,550,11,29487196.113316,4995.415725,0.163265,0.836735,11774 11882 11992 11994 12228 12231 12362 12475 12476 12597 12715 12729 12730 12840 13113
moead,513_e-05,19,9,550,11,29487196.113316,4995.415725,0.183673,0.816327,11774 11882 11992 11994 12228 12231 12362 12475 12476 12597 12715 12729 12730 12840 13113
moead,513_e-05,19,10,550,11,29482593.169044,4994.347714,0.204082,0.795918,11774 11882 11992 11994 12228 12231 12362 12475 12476 12485 12597 12715 12729 12730 12840
moead,513_e-05,19,11,550,11,29482593.169044,4994.347714,0.224490,0.775510,11774 11882 11992 11994 12228 12231 12362 12475 12476 12485 12597 12715 12729 12730 12840
moead,513_e-05,19,12,550,11,29482593.169044,4994.347714,0.244898,0.755102,11774 11882 11992 11994 12228 12231 12362 12475 12476 12485 12597 12715 12729 12730 12840
moead,513_e-05,19,13,550,11,29482593.169044,4994.347714,0.265306,0.734694,11774 11882 11992 11994 12228 12231 12362 12475 12476 12485 12597 12715 12729 12730 12840
moead,513_e-05,19,14,550,11,29482593.169044,4994.347714,0.285714,0.714286,11774 11882 11992 11994 12228 12231 12362 12475 12476 12485 12597 12715 12729 12730 12840
moead,513_e-05,19,15,550,11,29482593.169044,4994.347714,0.306122,0.693878,11774 11882 11992 11994 12228 12231 12362 12475 12476 12485 12597 12715 12729 12730 12840
moead,513_e-05,19,16,550,11,29482593.169044,4994.347714,0.326531,0.673469,11774 11882 11992 11994 12228 12231 12362 12475 12476 12485 12597 12715 12729 12730 12840
moead,513_e-05,19,17,550,11,29482593.169044,4994.347714,0.346939,0.653061,11774 11882 11992 11994 12228 12231 12362 12475 12476 12485 12597 12715 12729 12730 12840
moead,513_e-05,19,18,550,11,29482593.169044,4994.347714,0.367347,0.632653,11774 11882 11992 11994 12228 12231 12362 12475 12476 12485 12597 12715 12729 12730 12840
moead,513_e-05,19,19,550,11,29482593.169044,4994.347714,0.387755,0.612245,11774 11882 11992 11994 12228 12231 12362 12475 12476 12485 12597 12715 12729 12730 12840
moead,513_e-05,19,20,550,11,29482593.169044,4994.347714,0.408163,0.591837,11774 11882 11992 11994 12228 12231 12362 12475 12476 12485 12597 12715 12729 12730 12840
moead,513_e-05,19,21,550,11,29482593.169044,4994.347714,0.428571,0.571429,11774 11882 11992 11994 12228 12231 12362 12475 12476 12485 12597 12715 12729 12730 12840
moead,513_e-05,19,22,550,11,29482593.169044,4994.347714,0.448980,0.551020,11774 11882 11992 11994 12228 12231 12362 12475 12476 12485 12597 12715 12729 12730 12840
moead,513_e-05,19,23,550,11,29482593.169044,4994.347714,0.469388,0.530612,11774 11882 11992 11994 12228 12231 12362 12475 12476 12485 12597 12715 12729 12730 12840
moead,513_e-05,19,24,550,11,29482593.169044,4994.347714,0.489796,0.510204,11774 11882 11992 11994 12228 12231 12362 12475 12476 12485 12597 12715 12729 12730 12840
moead,513_e-05,19,25,550,11,29482593.169044,4994.347714,0.510204,0.489796,11774 11882 11992 11994 12228 12231 12362 12475 12476 12485 12597 12715 12729 12730 12840
moead,513_e-05,19,26,550,11,29481255.071727,4898.745941,0.530612,0.469388,11774 11882 11994 12228 12231 12362 12475 12476 12485 12597 12600 12715 12729 12730 12840
moead,513_e-05,19,27,550,11,29481255.071727,4898.745941,0.551020,0.448980,11774 11882 11994 12228 12231 12362 12475 12476 12485 12597 12600 12715 12729 12730 12840
moead,513_e-05,19,28,550,11,29481255.071727,4898.745941,0.571429,0.428571,11774 11882 11994 12228 12231 12362 12475 12476 12485 12597 12600 12715 12729 12730 12840
moead,513_e-05,19,29,550,11,29481255.071727,4898.745941,0.591837,0.408163,11774 11882 11994 12228 12231 12362 12475 12476 12485 12597 12600 12715 12729 12730 12840
moead,513_e-05,19,30,550,11,29481255.071727,4898.745941,0.612245,0.387755,11774 11882 11994 12228 12231 12362 12475 12476 12485 12597 12600 12715 12729 12730 12840
moead,513_e-05,19,31,550,11,29481255.071727,4898.745941,0.632653,0.367347,11774 11882 11994 12228 12231 12362 12475 12476 12485 12597 12600 12715 12729 12730 12840
moead,513_e-05,19,32,550,11,29481255.071727,4898.745941,0.653061,0.346939,11774 11882 11994 12228 12231 12362 12475 12476 12485 12597 12600 12715 12729 12730 12840
moead,513_e-05,19,33,550,11,29481255.071727,4898.745941,0.673469,0.326531,11774 11882 11994 12228 12231 12362 12475 12476 12485 12597 12600 12715 12729 12730 12840
moead,513_e-05,19,34,550,11,29481255.071727,4898.745941,0.693878,0.306122,11774 11882 11994 12228 12231 12362 12475 12476 12485 12597 12600 12715 12729 12730 12840
moead,513_e-05,19,35,550,11,29481255.071727,4898.745941,0.714286,0.285714,11774 11882 11994 12228 12231 12362 12475 12476 12485 12597 12600 12715 12729 12730 12840
moead,513_e-05,19,36,550,11,29481255.071727,4898.745941,0.734694,0.265306,11774 11882 11994 12228 12231 12362 12475 12476 12485 12597 12600 12715 12729 12730 12840
moead,513_e-05,19,37,550,11,29481255.071727,4898.745941,0.755102,0.244898,11774 11882 11994 12228 12231 12362 12475 12476 12485 12597 12600 12715 12729 12730 12840
moead,513_e-05,19,38,550,11,29481255.071727,4898.745941,0.775510,0.224490,11774 11882 11994 12228 12231 12362 12475 12476 12485 12597 12600 12715 12729 12730 12840
moead,513_e-05,19,39,550,11,29481255.071727,4898.745941,0.795918,0.204082,11774 11882 11994 12228 12231 12362 12475 12476 12485 12597 12600 12715 12729 12730 12840
moead,513_e-05,19,40,550,11,29481255.071727,4898.745941,0.816327,0.183673,11774 11882 11994 12228 12231 12362 12475 12476 12485 12597 12600 12715 12729 12730 12840
moead,513_e-05,19,41,550,11,29481255.071727,4898.745941,0.836735,0.163265,11774 11882 11994 12228 12231 12362 12475 12476 12485 12597 12600 12715 12729 12730 12840
moead,513_e-05,19,42,550,11,29481255.071727,4898.745941,0.857143,0.142857,11774 11882 11994 12228 12231 12362 12475 12476 12485 12597 12600 12715 12729 12730 12840
moead,513_e-05,19,43,550,11,29481255.071727,4898.745941,0.877551,0.122449,11774 11882 11994 12228 12231 12362 12475 12476 12485 12597 12600 12715 12729 12730 12840
moead,513_e-05,19,44,550,11,29481255.071727,4898.745941,0.897959,0.102041,11774 11882 11994 12228 12231 12362 12475 12476 12485 12597 12600 12715 12729 12730 12840
moead,513_e-05,19,45,550,11,29481255.071727,4898.745941,0.918367,0.081633,11774 11882 11994 12228 12231 12362 12475 12476 12485 12597 12600 12715 12729 12730 12840
moead,513_e-05,19,46,550,11,29481255.071727,4898.745941,0.938776,0.061224,11774 11882 11994 12228 12231 12362 12475 12476 12485 12597 12600 12715 12729 12730 12840
moead,513_e-05,19,47,550,11,29481255.071727,4898.745941,0.959184,0.040816,11774 11882 11994 12228 12231 12362 12475 12476 12485 12597 12600 12715 12729 12730 12840
moead,513_e-05,19,48,550,11,29481255.071727,4898.745941,0.979592,0.020408,11774 11882 11994 12228 12231 12362 12475 12476 12485 12597 12600 12715 12729 12730 12840
moead,513_e-05,19,49,550,11,29481255.071727,4898.745941,1.000000,0.000000,11774 11882 11994 12228 12231 12362 12475 12476 12485 12597 12600 12715 12729 12730 12840
moead,513_e-05,19,0,600,12,38184485.197532,6394.922775,0.000000,1.000000,2947 19706 21210 22940 25351 33641 37386 49473 54084 74832 75318 124617 127445 129206 173087
moead,513_e-05,19,1,600,12,29519304.095185,5203.747852,0.020408,0.979592,11691 11774 11882 11992 11994 12207 12228 12362 12475 12487 12597 12713 12730 12737 12840
moead,513_e-05,19,2,600,12,29499236.949821,5094.287708,0.040816,0.959184,11691 11774 11882 11992 11994 12228 12362 12475 12487 12597 12713 12729 12730 12737 12843
moead,513_e-05,19,3,600,12,29495220.177999,4999.863102,0.061224,0.938776,11169 11774 11992 11994 12228 12231 12353 12362 12475 12485 12597 12715 12729 12730 12840
moead,513_e-05,19,4,600,12,29487196.113316,4995.415725,0.081633,0.918367,11774 11882 11992 11994 12228 12231 12362 12475 12476 12597 12715 12729 12730 12840 13113
moead,513_e-05,19,5,600,12,29482593.169044,4994.347714,0.102041,0.897959,11774 11882 11992 11994 12228 12231 12362 12475 12476 12485 12597 12715 12729 12730 12840
moead,513_e-05,19,6,600,12,29482593.169044,4994.347714,0.122449,0.877551,11774 11882 11992 11994 12228 12231 12362 12475 12476 12485 12597 12715 12729 12730 12840
moead,513_e-05,19,7,600,12,29482593.169044,4994.347714,0.142857,0.857143,11774 11882 11992 11994 12228 12231 12362 12475 12476 12485 12597 12715 12729 12730 12840
moead,513_e-05,19,8,600,12,29479732.605504,4994.340936,0.163265,0.836735,11774 11882 11992 11994 12228 12231 12362 12475 12476 12484 12485 12597 12715 12730 12840
moead,513_e-05,19,9,600,12,29479732.605504,4994.340936,0.183673,0.816327,11774 11882 11992 11994 12228 12231 12362 12475 12476 12484 12485 12597 12715 12730 12840
moead,513_e-05,19,10,600,12,29479732.605504,4994.340936,0.204082,0.795918,11774 11882 11992 11994 12228 12231 12362 12475 12476 12484 12485 12597 12715 12730 12840
moead,513_e-05,19,11,600,12,29479732.605504,4994.340936,0.224490,0.775510,11774 11882 11992 11994 12228 12231 12362 12475 12476 12484 12485 12597 12715 12730 12840
moead,513_e-05,19,12,600,12,29476351.618419,4886.995999,0.244898,0.755102,11774 11882 11992 11994 12113 12231 12242 12362 12475 12476 12484 12485 12597 12715 12730
moead,513_e-05,19,13,600,12,29476351.618419,4886.995999,0.265306,0.734694,11774 11882 11992 11994 12113 12231 12242 12362 12475 12476 12484 12485 12597 12715 12730
moead,513_e-05,19,14,600,12,29476351.618419,4886.995999,0.285714,0.714286,11774 11882 11992 11994 12113 12231 12242 12362 12475 12476 12484 12485 12597 12715 12730
moead,513_e-05,19,15,600,12,29476351.618419,4886.995999,0.306122,0.693878,11774 11882 11992 11994 12113 12231 12242 12362 12475 12476 12484 12485 12597 12715 12730
moead,513_e-05,19,16,600,12,29476351.618419,4886.995999,0.326531,0.673469,11774 11882 11992 11994 12113 12231 12242 12362 12475 12476 12484 12485 12597 12715 12730
moead,513_e-05,19,17,600,12,29476351.618419,4886.995999,0.346939,0.653061,11774 11882 11992 11994 12113 12231 12242 12362 12475 12476 12484 12485 12597 12715 12730
moead,513_e-05,19,18,600,12,29476351.618419,4886.995999,0.367347,0.632653,11774 11882 11992 11994 12113 12231 12242 12362 12475 12476 12484 12485 12597 12715 12730
moead,513_e-05,19,19,600,12,29476351.618419,4886.995999,0.387755,0.612245,11774 11882 11992 11994 12113 12231 12242 12362 12475 12476 12484 12485 12597 12715 12730
moead,513_e-05,19,20,600,12,29476351.618419,4886.995999,0.408163,0.591837,11774 11882 11992 11994 12113 12231 12242 12362 12475 12476 12484 12485 12597 12715 12730
moead,513_e-05,19,21,600,12,29476351.618419,4886.995999,0.428571,0.571429,11774 11882 11992 11994 12113 12231 12242 12362 12475 12476 12484 12485 12597 12715 12730
moead,513_e-05,19,22,600,12,29476351.618419,4886.995999,0.448980,0.551020,11774 11882 11992 11994 12113 12231 12242 12362 12475 12476 12484 12485 12597 12715 12730
moead,513_e-05,19,23,600,12,29476351.618419,4886.995999,0.469388,0.530612,11774 11882 11992 11994 12113 12231 12242 12362 12475 12476 12484 12485 12597 12715 12730
moead,513_e-05,19,24,600,12,29476351.618419,4886.995999,0.489796,0.510204,11774 11882 11992 11994 12113 12231 12242 12362 12475 12476 12484 12485 12597 12715 12730
moead,513_e-05,19,25,600,12,29474839.154634,4886.296222,0.510204,0.489796,11774 11882 11994 12113 12228 12231 12232 12362 12475 12476 12484 12485 12597 12715 12730
moead,513_e-05,19,26,600,12,29474839.154634,4886.296222,0.530612,0.469388,11774 11882 11994 12113 12228 12231 12232 12362 12475 12476 12484 12485 12597 12715 12730
moead,513_e-05,19,27,600,12,29474839.154634,4886.296222,0.551020,0.448980,11774 11882 11994 12113 12228 12231 12232 12362 12475 12476 12484 12485 12597 12715 12730
moead,513_e-05,19,28,600,12,29474839.154634,4886.296222,0.571429,0.428571,11774 11882 11994 12113 12228 12231 12232 12362 12475 12476 12484 12485 12597 12715 12730
moead,513_e-05,19,29,600,12,29474839.154634,4886.296222,0.591837,0.408163,11774 11882 11994 12113 12228 12231 12232 12362 12475 12476 12484 12485 12597 12715 12730
moead,513_e-05,19,30,600,12,29474839.154634,4886.296222,0.612245,0.387755,11774 11882 11994 12113 12228 12231 12232 12362 12475 12476 12484 12485 12597 12715 12730
moead,513_e-05,19,31,600,12,29474839.154634,4886.296222,0.632653,0.367347,11774 11882 11994 12113 12228 12231 12232 12362 12475 12476 12484 12485 12597 12715 12730
moead,513_e-05,19,32,600,12,29474839.154634,4886.296222,0.653061,0.346939,11774 11882 11994 12113 12228 12231 12232 12362 12475 12476 12484 12485 12597 12715 12730
moead,513_e-05,19,33,600,12,29474839.154634,4886.296222,0.673469,0.326531,11774 11882 11994 12113 12228 12231 12232 12362 12475 12476 12484 12485 12597 12715 12730
moead,513_e-05,19,34,600,12,29474839.154634,4886.296222,0.693878,0.306122,11774 11882 11994 12113 12228 12231 12232 12362 12475 12476 12484 12485 12597 12715 12730
moead,513_e-05,19,35,600,12,29474839.154634,4886.296222,0.714286,0.285714,11774 11882 11994 12113 12228 12231 12232 12362 12475 12476 12484 12485 12597 12715 12730
moead,513_e-05,19,36,600,12,29474839.154634,4886.296222,0.734694,0.265306,11774 11882 11994 12113 12228 12231 12232 12362 12475 12476 12484 12485 12597 12715 12730
moead,513_e-05,19,37,600,12,29474839.154634,4886.296222,0.755102,0.244898,11774 11882 11994 12113 12228 12231 12232 12362 12475 12476 12484 12485 12597 12715 12730
moead,513_e-05,19,38,600,12,29474839.154634,4886.296222,0.775510,0.224490,11774 11882 11994 12113 12228 12231 12232 12362 12475 12476 12484 12485 12597 12715 12730
moead,513_e-05,19,39,600,12,29474839.154634,4886.296222,0.795918,0.204082,11774 11882 11994 12113 12228 12231 12232 12362 12475 12476 12484 12485 12597 12715 12730
moead,513_e-05,19,40,600,12,29474839.154634,4886.296222,0.816327,0.183673,11774 11882 11994 12113 12228 12231 12232 12362 12475 12476 12484 12485 12597 12715 12730
moead,513_e-05,19,41,600,12,29474839.154634,4886.296222,0.836735,0.163265,11774 11882 11994 12113 12228 12231 12232 12362 12475 12476 12484 12485 12597 12715 12730
moead,513_e-05,19,42,600,12,29474839.154634,4886.296222,0.857143,0.142857,11774 11882 11994 12113 12228 12231 12232 12362 12475 12476 12484 12485 12597 12715 12730
moead,513_e-05,19,43,600,12,29474839.154634,4886.296222,0.877551,0.122449,11774 11882 11994 12113 12228 12231 12232 12362 12475 12476 12484 12485 12597 12715 12730
moead,513_e-05,19,44,600,12,29474839.154634,4886.296222,0.897959,0.102041,11774 11882 11994 12113 12228 12231 12232 12362 12475 12476 12484 12485 12597 12715 12730
moead,513_e-05,19,45,600,12,29474839.154634,4886.296222,0.918367,0.081633,11774 11882 11994 12113 12228 12231 12232 12362 12475 12476 12484 12485 12597 12715 12730
moead,513_e-05,19,46,600,12,29474839.154634,4886.296222,0.938776,0.061224,11774 11882 11994 12113 12228 12231 12232 12362 12475 12476 12484 12485 12597 12715 12730
moead,513_e-05,19,47,600,12,29474839.154634,4886.296222,0.959184,0.040816,11774 11882 11994 12113 12228 12231 12232 12362 12475 12476 12484 12485 12597 12715 12730
moead,513_e-05,19,48,600,12,29474839.154634,4886.296222,0.979592,0.020408,11774 11882 11994 12113 12228 12231 12232 12362 12475 12476 12484 12485 12597 12715 12730
moead,513_e-05,19,49,600,12,29474839.154634,4886.296222,1.000000,0.000000,11774 11882 11994 12113 12228 12231 12232 12362 12475 12476 12484 12485 12597 12715 12730
moead,513_e-05,19,0,650,13,37642613.287187,6394.922775,0.000000,1.000000,15074 19706 21210 27508 33641 39354 54084 68869 71227 74832 75318 107767 127445 128918 157308
moead,513_e-05,19,1,650,13,29519304.095185,5203.747852,0.020408,0.979592,11691 11774 11882 11992 11994 12207 12228 12362 12475 12487 12597 12713 12730 12737 12840
moead,513_e-05,19,2,650,13,29501453.856939,5096.944970,0.040816,0.959184,11581 11691 11774 11882 11992 11994 12228 12362 12475 12597 12713 12729 12730 12737 12843
moead,513_e-05,19,3,650,13,29489165.266018,5005.111731,0.061224,0.938776,11774 11882 11992 11994 12228 12231 12362 12475 12476 12597 12614 12715 12729 12730 12840
moead,513_e-05,19,4,650,13,29489165.266018,5005.111731,0.081633,0.918367,11774 11882 11992 11994 12228 12231 12362 12475 12476 12597 12614 12715 12729 12730 12840
moead,513_e-05,19,5,650,13,29481114.031212,4995.635845,0.102041,0.897959,11774 11795 11882 11992 11994 12228 12231 12362 12475 12476 12484 12485 12597 12715 12840
moead,513_e-05,19,6,650,13,29481114.031212,4995.635845,0.122449,0.877551,11774 11795 11882 11992 11994 12228 12231 12362 12475 12476 12484 12485 12597 12715 12840
moead,513_e-05,19,7,650,13,29481114.031212,4995.635845,0.142857,0.857143,11774 11795 11882 11992 11994 12228 12231 12362 12475 12476 12484 12485 12597 12715 12840
moead,513_e-05,19,8,650,13,29479732.605504,4994.340936,0.163265,0.836735,11774 11882 11992 11994 12228 12231 12362 12475 12476 12484 12485 12597 12715 12730 12840
moead,513_e-05,19,9,650,13,29479732.605504,4994.340936,0.183673,0.816327,11774 11882 11992 11994 12228 12231 12362 12475 12476 12484 12485 12597 12715 12730 12840
moead,513_e-05,19,10,650,13,29473736.855559,4888.043741,0.204082,0.795918,11774 11882 11994 12113 12231 12232 12240 12362 12475 12476 12484 12485 12597 12715 12730
moead,513_e-05,19,11,650,13,29473736.855559,4888.043741,0.224490,0.775510,11774 11882 11994 12113 12231 12232 12240 12362 12475 12476 12484 12485 12597 12715 12730
moead,513_e-05,19,12,650,13,29473736.855559,4888.043741,0.244898,0.755102,11774 11882 11994 12113 12231 12232 12240 12362 12475 12476 12484 12485 12597 12715 12730
moead,513_e-05,19,13,650,13,29473736.855559,4888.043741,0.265306,0.734694,11774 11882 11994 12113 12231 12232 12240 12362 12475 12476 12484 12485 12597 12715 12730
moead,513_e-05,19,14,650,13,29473736.855559,4888.043741,0.285714,0.714286,11774 11882 11994 12113 12231 12232 12240 12362 12475 12476 12484 12485 12597 12715 12730
moead,513_e-05,19,15,650,13,29473736.855559,4888.043741,0.306122,0.693878,11774 11882 11994 12113 12231 12232 12240 12362 12475 12476 12484 12485 12597 12715 12730
moead,513_e-05,19,16,650,13,29473736.855559,4888.043741,0.326531,0.673469,11774 11882 11994 12113 12231 12232 12240 12362 12475 12476 12484 12485 12597 12715 12730
moead,513_e-05,19,17,650,13,29473736.855559,4888.043741,0.346939,0.653061,11774 11882 11994 12113 12231 12232 12240 12362 12475 12476 12484 12485 12597 12715 12730
moead,513_e-05,19,18,650,13,29473736.855559,4888.043741,0.367347,0.632653,11774 11882 11994 12113 12231 12232 12240 12362 12475 12476 12484 12485 12597 12715 12730
moead,513_e-05,19,19,650,13,29473736.855559,4888.043741,0.387755,0.612245,11774 11882 11994 12113 12231 12232 12240 12362 12475 12476 12484 12485 12597 12715 12730
moead,513_e-05,19,20,650,13,29473736.855559,4888.043741,0.408163,0.591837,11774 11882 11994 12113 12231 12232 12240 12362 12475 12476 12484 12485 12597 12715 12730
moead,513_e-05,19,21,650,13,29473736.855559,4888.043741,0.428571,0.571429,11774 11882 11994 12113 12231 12232 12240 12362 12475 12476 12484 12485 12597 12715 12730
moead,513_e-05,19,22,650,13,29473736.855559,4888.043741,0.448980,0.551020,11774 11882 11994 12113 12231 12232 12240 12362 12475 12476 12484 12485 12597 12715 12730
moead,513_e-05,19,23,650,13,29473736.855559,4888.043741,0.469388,0.530612,11774 11882 11994 12113 12231 12232 12240 12362 12475 12476 12484 12485 12597 12715 12730
moead,513_e-05,19,24,650,13,29473736.855559,4888.043741,0.489796,0.510204,11774 11882 11994 12113 12231 12232 12240 12362 12475 12476 12484 12485 12597 12715 12730
moead,513_e-05,19,25,650,13,29473736.855559,4888.043741,0.510204,0.489796,11774 11882 11994 12113 12231 12232 12240 12362 12475 12476 12484 12485 12597 12715 12730
moead,513_e-05,19,26,650,13,29473736.855559,4888.043741,0.530612,0.469388,11774 11882 11994 12113 12231 12232 12240 12362 12475 12476 12484 12485 12597 12715 12730
moead,513_e-05,19,27,650,13,29473736.855559,4888.043741,0.551020,0.448980,11774 11882 11994 12113 12231 12232 12240 12362 12475 12476 12484 12485 12597 12715 12730
moead,513_e-05,19,28,650,13,29473736.855559,4888.043741,0.571429,0.428571,11774 11882 11994 12113 12231 12232 12240 12362 12475 12476 12484 12485 12597 12715 12730
moead,513_e-05,19,29,650,13,29473736.855559,4888.043741,0.591837,0.408163,11774 11882 11994 12113 12231 12232 12240 12362 12475 12476 12484 12485 12597 12715 12730
moead,513_e-05,19,30,650,13,29473736.855559,4888.043741,0.612245,0.387755,11774 11882 11994 12113 12231 12232 12240 12362 12475 12476 12484 12485 12597 12715 12730
moead,513_e-05,19,31,650,13,29473736.855559,4888.043741,0.632653,0.367347,11774 11882 11994 12113 12231 12232 12240 12362 12475 12476 12484 12485 12597 12715 12730
moead,513_e-05,19,32,650,13,29473736.855559,4888.043741,0.653061,0.346939,11774 11882 11994 12113 12231 12232 12240 12362 12475 12476 12484 12485 12597 12715 12730
moead,513_e-05,19,33,650,13,29473736.855559,4888.043741,0.673469,0.326531,11774 11882 11994 12113 12231 12232 12240 12362 12475 12476 12484 12485 12597 12715 12730
moead,513_e-05,19,34,650,13,29473736.855559,4888.043741,0.693878,0.306122,11774 11882 11994 12113 12231 12232 12240 12362 12475 12476 12484 12485 12597 12715 12730
moead,513_e-05,19,35,650,13,29473736.855559,4888.043741,0.714286,0.285714,11774 11882 11994 12113 12231 12232 12240 12362 12475 12476 12484 12485 12597 12715 12730
moead,513_e-05,19,36,650,13,29473736.855559,4888.043741,0.734694,0.265306,11774 11882 11994 12113 12231 12232 12240 12362 12475 12476 12484 12485 12597 12715 12730
moead,513_e-05,19,37,650,13,29473736.855559,4888.043741,0.755102,0.244898,11774 11882 11994 12113 12231 12232 12240 12362 12475 12476 12484 12485 12597 12715 12730
moead,513_e-05,19,38,650,13,29473736.855559,4888.043741,0.775510,0.224490,11774 11882 11994 12113 12231 12232 12240 12362 12475 12476 12484 12485 12597 12715 12730
moead,513_e-05,19,39,650,13,29473736.855559,4888.043741,0.795918,0.204082,11774 11882 11994 12113 12231 12232 12240 12362 12475 12476 12484 12485 12597 12715 12730
moead,513_e-05,19,40,650,13,29473736.855559,4888.043741,0.816327,0.183673,11774 11882 11994 12113 12231 12232 12240 12362 12475 12476 12484 12485 12597 12715 12730
moead,513_e-05,19,41,650,13,29473736.855559,4888.043741,0.836735,0.163265,11774 11882 11994 12113 12231 12232 12240 12362 12475 12476 12484 12485 12597 12715 12730
moead,513_e-05,19,42,650,13,29473736.855559,4888.043741,0.857143,0.142857,11774 11882 11994 12113 12231 12232 12240 12362 12475 12476 12484 12485 12597 12715 12730
moead,513_e-05,19,43,650,13,29473736.855559,4888.043741,0.877551,0.122449,11774 11882 11994 12113 12231 12232 12240 12362 12475 12476 12484 12485 12597 12715 12730
moead,513_e-05,19,44,650,13,29473736.855559,4888.043741,0.897959,0.102041,11774 11882 11994 12113 12231 12232 12240 12362 12475 12476 12484 12485 12597 12715 12730
moead,513_e-05,19,45,650,13,29473736.855559,4888.043741,0.918367,0.081633,11774 11882 11994 12113 12231 12232 12240 12362 12475 12476 12484 12485 12597 12715 12730
moead,513_e-05,19,46,650,13,29473736.855559,4888.043741,0.938776,0.061224,11774 11882 11994 12113 12231 12232 12240 12362 12475 12476 12484 12485 12597 12715 12730
moead,513_e-05,19,47,650,13,29473736.855559,4888.043741,0.959184,0.040816,11774 11882 11994 12113 12231 12232 12240 12362 12475 12476 12484 12485 12597 12715 12730
moead,513_e-05,19,48,650,13,29473736.855559,4888.043741,0.979592,0.020408,11774 11882 11994 12113 12231 12232 12240 12362 12475 12476 12484 12485 12597 12715 12730
moead,513_e-05,19,49,650,13,29473736.855559,4888.043741,1.000000,0.000000,11774 11882 11994 12113 12231 12232 12240 12362 12475 12476 12484 12485 12597 12715 12730
moead,513_e-05,19,0,700,14,37095733.341857,6394.922775,0.000000,1.000000,9752 12843 19706 21210 27508 33641 39354 50209 50945 62542 71564 74832 75318 107767 128918
moead,513_e-05,19,1,700,14,29519304.095185,5203.747852,0.020408,0.979592,11691 11774 11882 11992 11994 12207 12228 12362 12475 12487 12597 12713 12730 12737 12840
moead,513_e-05,19,2,700,14,29501453.856939,5096.944970,0.040816,0.959184,11581 11691 11774 11882 11992 11994 12228 12362 12475 12597 12713 12729 12730 12737 12843
moead,513_e-05,19,3,700,14,29489165.266018,5005.111731,0.061224,0.938776,11774 11882 11992 11994 12228 12231 12362 12475 12476 12597 12614 12715 12729 12730 12840
moead,513_e-05,19,4,700,14,29489165.266018,5005.111731,0.081633,0.918367,11774 11882 11992 11994 12228 12231 12362 12475 12476 12597 12614 12715 12729 12730 12840
moead,513_e-05,19,5,700,14,29481114.031212,4995.635845,0.102041,0.897959,11774 11795 11882 11992 11994 12228 12231 12362 12475 12476 12484 12485 12597 12715 12840
moead,513_e-05,19,6,700,14,29481114.031212,4995.635845,0.122449,0.877551,11774 11795 11882 11992 11994 12228 12231 12362 12475 12476 12484 12485 12597 12715 12840
moead,513_e-05,19,7,700,14,29481114.031212,4995.635845,0.142857,0.857143,11774 11795 11882 11992 11994 12228 12231 12362 12475 12476 12484 12485 12597 12715 12840
moead,513_e-05,19,8,700,14,29479732.605504,4994.340936,0.163265,0.836735,11774 11882 11992 11994 12228 12231 12362 12475 12476 12484 12485 12597 12715 12730 12840
moead,513_e-05,19,9,700,14,29479732.605504,4994.340936,0.183673,0.816327,11774 11882 11992 11994 12228 12231 12362 12475 12476 12484 12485 12597 12715 12730 12840
moead,513_e-05,19,10,700,14,29478151.708717,4889.822594,0.204082,0.795918,11774 11882 11994 12015 12113 12231 12232 12240 12362 12475 12476 12485 12597 12715 12840
moead,513_e-05,19,11,700,14,29478151.708717,4889.822594,0.224490,0.775510,11774 11882 11994 12015 12113 12231 12232 12240 12362 12475 12476 12485 12597 12715 12840
moead,513_e-05,19,12,700,14,29475557.952443,4888.213978,0.244898,0.755102,11774 11882 11994 12113 12231 12232 12240 12362 12475 12476 12485 12597 12715 12730 12840
moead,513_e-05,19,13,700,14,29475557.952443,4888.213978,0.265306,0.734694,11774 11882 11994 12113 12231 12232 12240 12362 12475 12476 12485 12597 12715 12730 12840
moead,513_e-05,19,14,700,14,29475557.952443,4888.213978,0.285714,0.714286,11774 11882 11994 12113 12231 12232 12240 12362 12475 12476 12485 12597 12715 12730 12840
moead,513_e-05,19,15,700,14,29475557.952443,4888.213978,0.306122,0.693878,11774 11882 11994 12113 12231 12232 12240 12362 12475 12476 12485 12597 12715 12730 12840
moead,513_e-05,19,16,700,14,29475557.952443,4888.213978,0.326531,0.673469,11774 11882 11994 12113 12231 12232 12240 12362 12475 12476 12485 12597 12715 12730 12840
moead,513_e-05,19,17,700,14,29475557.952443,4888.213978,0.346939,0.653061,11774 11882 11994 12113 12231 12232 12240 12362 12475 12476 12485 12597 12715 12730 12840
moead,513_e-05,19,18,700,14,29475557.952443,4888.213978,0.367347,0.632653,11774 11882 11994 12113 12231 12232 12240 12362 12475 12476 12485 12597 12715 12730 12840
moead,513_e-05,19,19,700,14,29475557.952443,4888.213978,0.387755,0.612245,11774 11882 11994 12113 12231 12232 12240 12362 12475 12476 12485 12597 12715 12730 12840
moead,513_e-05,19,20,700,14,29475557.952443,4888.213978,0.408163,0.591837,11774 11882 11994 12113 12231 12232 12240 12362 12475 12476 12485 12597 12715 12730 12840
moead,513_e-05,19,21,700,14,29473481.450368,4888.043741,0.428571,0.571429,11882 11994 12113 12231 12232 12240 12362 12475 12476 12484 12485 12597 12715 12730 12851
moead,513_e-05,19,22,700,14,29473481.450368,4888.043741,0.448980,0.551020,11882 11994 12113 12231 12232 12240 12362 12475 12476 12484 12485 12597 12715 12730 12851
moead,513_e-05,19,23,700,14,29473481.450368,4888.043741,0.469388,0.530612,11882 11994 12113 12231 12232 12240 12362 12475 12476 12484 12485 12597 12715 12730 12851
moead,513_e-05,19,24,700,14,29473481.450368,4888.043741,0.489796,0.510204,11882 11994 12113 12231 12232 12240 12362 12475 12476 12484 12485 12597 12715 12730 12851
moead,513_e-05,19,25,700,14,29473481.450368,4888.043741,0.510204,0.489796,11882 11994 12113 12231 12232 12240 12362 12475 12476 12484 12485 12597 12715 12730 12851
moead,513_e-05,19,26,700,14,29473481.450368,4888.043741,0.530612,0.469388,11882 11994 12113 12231 12232 12240 12362 12475 12476 12484 12485 12597 12715 12730 12851
moead,513_e-05,19,27,700,14,29473481.450368,4888.043741,0.551020,0.448980,11882 11994 12113 12231 12232 12240 12362 12475 12476 12484 12485 12597 12715 12730 12851
moead,513_e-05,19,28,700,14,29473481.450368,4888.043741,0.571429,0.428571,11882 11994 12113 12231 12232 12240 12362 12475 12476 12484 12485 12597 12715 12730 12851
moead,513_e-05,19,29,700,14,29473481.450368,4888.043741,0.591837,0.408163,11882 11994 12113 12231 12232 12240 12362 12475 12476 12484 12485 12597 12715 12730 12851
moead,513_e-05,19,30,700,14,29473481.450368,4888.043741,0.612245,0.387755,11882 11994 12113 12231 12232 12240 12362 12475 12476 12484 12485 12597 12715 12730 12851
moead,513_e-05,19,31,700,14,29473481.450368,4888.043741,0.632653,0.367347,11882 11994 12113 12231 12232 12240 12362 12475 12476 12484 12485 12597 12715 12730 12851
moead,513_e-05,19,32,700,14,29473481.450368,4888.043741,0.653061,0.346939,11882 11994 12113 12231 12232 12240 12362 12475 12476 12484 12485 12597 12715 12730 12851
moead,513_e-05,19,33,700,14,29473481.450368,4888.043741,0.673469,0.326531,11882 11994 12113 12231 12232 12240 12362 12475 12476 12484 12485 12597 12715 12730 12851
moead,513_e-05,19,34,700,14,29473481.450368,4888.043741,0.693878,0.306122,11882 11994 12113 12231 12232 12240 12362 12475 12476 12484 12485 12597 12715 12730 12851
moead,513_e-05,19,35,700,14,29473481.450368,4888.043741,0.714286,0.285714,11882 11994 12113 12231 12232 12240 12362 12475 12476 12484 12485 12597 12715 12730 12851
moead,513_e-05,19,36,700,14,29473481.450368,4888.043741,0.734694,0.265306,11882 11994 12113 12231 12232 12240 12362 12475 12476 12484 12485 12597 12715 12730 12851
moead,513_e-05,19,37,700,14,29473481.450368,4888.043741,0.755102,0.244898,11882 11994 12113 12231 12232 12240 12362 12475 12476 12484 12485 12597 12715 12730 12851
moead,513_e-05,19,38,700,14,29473481.450368,4888.043741,0.775510,0.224490,11882 11994 12113 12231 12232 12240 12362 12475 12476 12484 12485 12597 12715 12730 12851
moead,513_e-05,19,39,700,14,29473481.450368,4888.043741,0.795918,0.204082,11882 11994 12113 12231 12232 12240 12362 12475 12476 12484 12485 12597 12715 12730 12851
moead,513_e-05,19,40,700,14,29473481.450368,4888.043741,0.816327,0.183673,11882 11994 12113 12231 12232 12240 12362 12475 12476 12484 12485 12597 12715 12730 12851
moead,513_e-05,19,41,700,14,29473481.450368,4888.043741,0.836735,0.163265,11882 11994 12113 12231 12232 12240 12362 12475 12476 12484 12485 12597 12715 12730 12851
moead,513_e-05,19,42,700,14,29473481.450368,4888.043741,0.857143,0.142857,11882 11994 12113 12231 12232 12240 12362 12475 12476 12484 12485 12597 12715 12730 12851
moead,513_e-05,19,43,700,14,29473481.450368,4888.043741,0.877551,0.122449,11882 11994 12113 12231 12232 12240 12362 12475 12476 12484 12485 12597 12715 12730 12851
moead,513_e-05,19,44,700,14,29473481.450368,4888.043741,0.897959,0.102041,11882 11994 12113 12231 12232 12240 12362 12475 12476 12484 12485 12597 12715 12730 12851
moead,513_e-05,19,45,700,14,29473481.450368,4888.043741,0.918367,0.081633,11882 11994 12113 12231 12232 12240 12362 12475 12476 12484 12485 12597 12715 12730 12851
moead,513_e-05,19,46,700,14,29473481.450368,4888.043741,0.938776,0.061224,11882 11994 12113 12231 12232 12240 12362 12475 12476 12484 12485 12597 12715 12730 12851
moead,513_e-05,19,47,700,14,29473481.450368,4888.043741,0.959184,0.040816,11882 11994 12113 12231 12232 12240 12362 12475 12476 12484 12485 12597 12715 12730 12851
moead,513_e-05,19,48,700,14,29473481.450368,4888.043741,0.979592,0.020408,11882 11994 12113 12231 12232 12240 12362 12475 12476 12484 12485 12597 12715 12730 12851
moead,513_e-05,19,49,700,14,29473481.450368,4888.043741,1.000000,0.000000,11882 11994 12113 12231 12232 12240 12362 12475 12476 12484 12485 12597 12715 12730 12851
moead,513_e-05,19,0,750,15,36415178.980330,6394.922775,0.000000,1.000000,9752 12843 14665 19706 21210 27508 33641 50209 55844 74832 107767 107836 128918 171625 180154
moead,513_e-05,19,1,750,15,29519304.095185,5203.747852,0.020408,0.979592,11691 11774 11882 11992 11994 12207 12228 12362 12475 12487 12597 12713 12730 12737 12840
moead,513_e-05,19,2,750,15,29501989.795491,5096.944970,0.040816,0.959184,11581 11691 11774 11882 11992 11994 12228 12362 12475 12597 12713 12729 12730 12737 12840
moead,513_e-05,19,3,750,15,29489165.266018,5005.111731,0.061224,0.938776,11774 11882 11992 11994 12228 12231 12362 12475 12476 12597 12614 12715 12729 12730 12840
moead,513_e-05,19,4,750,15,29481114.031212,4995.635845,0.081633,0.918367,11774 11795 11882 11992 11994 12228 12231 12362 12475 12476 12484 12485 12597 12715 12840
moead,513_e-05,19,5,750,15,29481114.031212,4995.635845,0.102041,0.897959,11774 11795 11882 11992 11994 12228 12231 12362 12475 12476 12484 12485 12597 12715 12840
moead,513_e-05,19,6,750,15,29481114.031212,4995.635845,0.122449,0.877551,11774 11795 11882 11992 11994 12228 12231 12362 12475 12476 12484 12485 12597 12715 12840
moead,513_e-05,19,7,750,15,29479732.605504,4994.340936,0.142857,0.857143,11774 11882 11992 11994 12228 12231 12362 12475 12476 12484 12485 12597 12715 12730 12840
moead,513_e-05,19,8,750,15,29478151.708717,4889.822594,0.163265,0.836735,11774 11882 11994 12015 12113 12231 12232 12240 12362 12475 12476 12485 12597 12715 12840
moead,513_e-05,19,9,750,15,29478151.708717,4889.822594,0.183673,0.816327,11774 11882 11994 12015 12113 12231 12232 12240 12362 12475 12476 12485 12597 12715 12840
moead,513_e-05,19,10,750,15,29475557.952443,4888.213978,0.204082,0.795918,11774 11882 11994 12113 12231 12232 12240 12362 12475 12476 12485 12597 12715 12730 12840
moead,513_e-05,19,11,750,15,29475557.952443,4888.213978,0.224490,0.775510,11774 11882 11994 12113 12231 12232 12240 12362 12475 12476 12485 12597 12715 12730 12840
moead,513_e-05,19,12,750,15,29475557.952443,4888.213978,0.244898,0.755102,11774 11882 11994 12113 12231 12232 12240 12362 12475 12476 12485 12597 12715 12730 12840
moead,513_e-05,19,13,750,15,29475557.952443,4888.213978,0.265306,0.734694,11774 11882 11994 12113 12231 12232 12240 12362 12475 12476 12485 12597 12715 12730 12840
moead,513_e-05,19,14,750,15,29475557.952443,4888.213978,0.285714,0.714286,11774 11882 11994 12113 12231 12232 12240 12362 12475 12476 12485 12597 12715 12730 12840
moead,513_e-05,19,15,750,15,29473285.062902,4888.043741,0.306122,0.693878,11882 11994 12113 12231 12232 12240 12362 12475 12476 12484 12485 12597 12715 12730 12975
moead,513_e-05,19,16,750,15,29473285.062902,4888.043741,0.326531,0.673469,11882 11994 12113 12231 12232 12240 12362 12475 12476 12484 12485 12597 12715 12730 12975
moead,513_e-05,19,17,750,15,29473285.062902,4888.043741,0.346939,0.653061,11882 11994 12113 12231 12232 12240 12362 12475 12476 12484 12485 12597 12715 12730 12975
moead,513_e-05,19,18,750,15,29473285.062902,4888.043741,0.367347,0.632653,11882 11994 12113 12231 12232 12240 12362 12475 12476 12484 12485 12597 12715 12730 12975
moead,513_e-05,19,19,750,15,29473285.062902,4888.043741,0.387755,0.612245,11882 11994 12113 12231 12232 12240 12362 12475 12476 12484 12485 12597 12715 12730 12975
moead,513_e-05,19,20,750,15,29473285.062902,4888.043741,0.408163,0.591837,11882 11994 12113 12231 12232 12240 12362 12475 12476 12484 12485 12597 12715 12730 12975
moead,513_e-05,19,21,750,15,29473285.062902,4888.043741,0.428571,0.571429,11882 11994 12113 12231 12232 12240 12362 12475 12476 12484 12485 12597 12715 12730 12975
moead,513_e-05,19,22,750,15,29473285.062902,4888.043741,0.448980,0.551020,11882 11994 12113 12231 12232 12240 12362 12475 12476 12484 12485 12597 12715 12730 12975
moead,513_e-05,19,23,750,15,29473285.062902,4888.043741,0.469388,0.530612,11882 11994 12113 12231 12232 12240 12362 12475 12476 12484 12485 12597 12715 12730 12975
moead,513_e-05,19,24,750,15,29473285.062902,4888.043741,0.489796,0.510204,11882 11994 12113 12231 12232 12240 12362 12475 12476 12484 12485 12597 12715 12730 12975
moead,513_e-05,19,25,750,15,29473285.062902,4888.043741,0.510204,0.489796,11882 11994 12113 12231 12232 12240 12362 12475 12476 12484 12485 12597 12715 12730 12975
moead,513_e-05,19,26,750,15,29471875.003552,4879.960181,0.530612,0.469388,11882 11994 12113 12118 12231 12232 12240 12362 12475 12476 12484 12597 12715 12730 12975
moead,513_e-05,19,27,750,15,29471875.003552,4879.960181,0.551020,0.448980,11882 11994 12113 12118 12231 12232 12240 12362 12475 12476 12484 12597 12715 12730 12975
moead,513_e-05,19,28,750,15,29471875.003552,4879.960181,0.571429,0.428571,11882 11994 12113 12118 12231 12232 12240 12362 12475 12476 12484 12597 12715 12730 12975
moead,513_e-05,19,29,750,15,29471875.003552,4879.960181,0.591837,0.408163,11882 11994 12113 12118 12231 12232 12240 12362 12475 12476 12484 12597 12715 12730 12975
moead,513_e-05,19,30,750,15,29471875.003552,4879.960181,0.612245,0.387755,11882 11994 12113 12118 12231 12232 12240 12362 12475 12476 12484 12597 12715 12730 12975
moead,513_e-05,19,31,750,15,29471875.003552,4879.960181,0.632653,0.367347,11882 11994 12113 12118 12231 12232 12240 12362 12475 12476 12484 12597 12715 12730 12975
moead,513_e-05,19,32,750,15,29471875.003552,4879.960181,0.653061,0.346939,11882 11994 12113 12118 12231 12232 12240 12362 12475 12476 12484 12597 12715 12730 12975
moead,513_e-05,19,33,750,15,29471875.003552,4879.960181,0.673469,0.326531,11882 11994 12113 12118 12231 12232 12240 12362 12475 12476 12484 12597 12715 12730 12975
moead,513_e-05,19,34,750,15,29471875.003552,4879.960181,0.693878,0.306122,11882 11994 12113 12118 12231 12232 12240 12362 12475 12476 12484 12597 12715 12730 12975
moead,513_e-05,19,35,750,15,29471875.003552,4879.960181,0.714286,0.285714,11882 11994 12113 12118 12231 12232 12240 12362 12475 12476 12484 12597 12715 12730 12975
moead,513_e-05,19,36,750,15,29471875.003552,4879.960181,0.734694,0.265306,11882 11994 12113 12118 12231 12232 12240 12362 12475 12476 12484 12597 12715 12730 12975
moead,513_e-05,19,37,750,15,29471875.003552,4879.960181,0.755102,0.244898,11882 11994 12113 12118 12231 12232 12240 12362 12475 12476 12484 12597 12715 12730 12975
moead,513_e-05,19,38,750,15,29471875.003552,4879.960181,0.775510,0.224490,11882 11994 12113 12118 12231 12232 12240 12362 12475 12476 12484 12597 12715 12730 12975
moead,513_e-05,19,39,750,15,29471875.003552,4879.960181,0.795918,0.204082,11882 11994 12113 12118 12231 12232 12240 12362 12475 12476 12484 12597 12715 12730 12975
moead,513_e-05,19,40,750,15,29471875.003552,4879.960181,0.816327,0.183673,11882 11994 12113 12118 12231 12232 12240 12362 12475 12476 12484 12597 12715 12730 12975
moead,513_e-05,19,41,750,15,29471875.003552,4879.960181,0.836735,0.163265,11882 11994 12113 12118 12231 12232 12240 12362 12475 12476 12484 12597 12715 12730 12975
moead,513_e-05,19,42,750,15,29471875.003552,4879.960181,0.857143,0.142857,11882 11994 12113 12118 12231 12232 12240 12362 12475 12476 12484 12597 12715 12730 12975
moead,513_e-05,19,43,750,15,29471875.003552,4879.960181,0.877551,0.122449,11882 11994 12113 12118 12231 12232 12240 12362 12475 12476 12484 12597 12715 12730 12975
moead,513_e-05,19,44,750,15,29471875.003552,4879.960181,0.897959,0.102041,11882 11994 12113 12118 12231 12232 12240 12362 12475 12476 12484 12597 12715 12730 12975
moead,513_e-05,19,45,750,15,29471875.003552,4879.960181,0.918367,0.081633,11882 11994 12113 12118 12231 12232 12240 12362 12475 12476 12484 12597 12715 12730 12975
moead,513_e-05,19,46,750,15,29471875.003552,4879.960181,0.938776,0.061224,11882 11994 12113 12118 12231 12232 12240 12362 12475 12476 12484 12597 12715 12730 12975
moead,513_e-05,19,47,750,15,29471875.003552,4879.960181,0.959184,0.040816,11882 11994 12113 12118 12231 12232 12240 12362 12475 12476 12484 12597 12715 12730 12975
moead,513_e-05,19,48,750,15,29471875.003552,4879.960181,0.979592,0.020408,11882 11994 12113 12118 12231 12232 12240 12362 12475 12476 12484 12597 12715 12730 12975
moead,513_e-05,19,49,750,15,29471875.003552,4879.960181,1.000000,0.000000,11882 11994 12113 12118 12231 12232 12240 12362 12475 12476 12484 12597 12715 12730 12975
moead,513_e-05,19,0,800,16,35486349.586212,6394.922775,0.000000,1.000000,9752 12730 12840 14665 16567 21210 23822 27171 33641 55844 57668 107767 107836 113791 154203
moead,513_e-05,19,1,800,16,29519304.095185,5203.747852,0.020408,0.979592,11691 11774 11882 11992 11994 12207 12228 12362 12475 12487 12597 12713 12730 12737 12840
moead,513_e-05,19,2,800,16,29501989.795491,5096.944970,0.040816,0.959184,11581 11691 11774 11882 11992 11994 12228 12362 12475 12597 12713 12729 12730 12737 12840
moead,513_e-05,19,3,800,16,29489165.266018,5005.111731,0.061224,0.938776,11774 11882 11992 11994 12228 12231 12362 12475 12476 12597 12614 12715 12729 12730 12840
moead,513_e-05,19,4,800,16,29481114.031212,4995.635845,0.081633,0.918367,11774 11795 11882 11992 11994 12228 12231 12362 12475 12476 12484 12485 12597 12715 12840
moead,513_e-05,19,5,800,16,29481114.031212,4995.635845,0.102041,0.897959,11774 11795 11882 11992 11994 12228 12231 12362 12475 12476 12484 12485 12597 12715 12840
moead,513_e-05,19,6,800,16,29479732.605504,4994.340936,0.122449,0.877551,11774 11882 11992 11994 12228 12231 12362 12475 12476 12484 12485 12597 12715 12730 12840
moead,513_e-05,19,7,800,16,29471912.022545,4975.996385,0.142857,0.857143,11882 11893 12113 12118 12231 12232 12240 12362 12475 12476 12484 12597 12715 12730 12975
moead,513_e-05,19,8,800,16,29471912.022545,4975.996385,0.163265,0.836735,11882 11893 12113 12118 12231 12232 12240 12362 12475 12476 12484 12597 12715 12730 12975
moead,513_e-05,19,9,800,16,29471912.022545,4975.996385,0.183673,0.816327,11882 11893 12113 12118 12231 12232 12240 12362 12475 12476 12484 12597 12715 12730 12975
moead,513_e-05,19,10,800,16,29471912.022545,4975.996385,0.204082,0.795918,11882 11893 12113 12118 12231 12232 12240 12362 12475 12476 12484 12597 12715 12730 12975
moead,513_e-05,19,11,800,16,29471912.022545,4975.996385,0.224490,0.775510,11882 11893 12113 12118 12231 12232 12240 12362 12475 12476 12484 12597 12715 12730 12975
moead,513_e-05,19,12,800,16,29471912.022545,4975.996385,0.244898,0.755102,11882 11893 12113 12118 12231 12232 12240 12362 12475 12476 12484 12597 12715 12730 12975
moead,513_e-05,19,13,800,16,29471912.022545,4975.996385,0.265306,0.734694,11882 11893 12113 12118 12231 12232 12240 12362 12475 12476 12484 12597 12715 12730 12975
moead,513_e-05,19,14,800,16,29471912.022545,4975.996385,0.285714,0.714286,11882 11893 12113 12118 12231 12232 12240 12362 12475 12476 12484 12597 12715 12730 12975
moead,513_e-05,19,15,800,16,29471912.022545,4975.996385,0.306122,0.693878,11882 11893 12113 12118 12231 12232 12240 12362 12475 12476 12484 12597 12715 12730 12975
moead,513_e-05,19,16,800,16,29471912.022545,4975.996385,0.326531,0.673469,11882 11893 12113 12118 12231 12232 12240 12362 12475 12476 12484 12597 12715 12730 12975
moead,513_e-05,19,17,800,16,29471912.022545,4975.996385,0.346939,0.653061,11882 11893 12113 12118 12231 12232 12240 12362 12475 12476 12484 12597 12715 12730 12975
moead,513_e-05,19,18,800,16,29471912.022545,4975.996385,0.367347,0.632653,11882 11893 12113 12118 12231 12232 12240 12362 12475 12476 12484 12597 12715 12730 12975
moead,513_e-05,19,19,800,16,29471912.022545,4975.996385,0.387755,0.612245,11882 11893 12113 12118 12231 12232 12240 12362 12475 12476 12484 12597 12715 12730 12975
moead,513_e-05,19,20,800,16,29471912.022545,4975.996385,0.408163,0.591837,11882 11893 12113 12118 12231 12232 12240 12362 12475 12476 12484 12597 12715 12730 12975
moead,513_e-05,19,21,800,16,29471912.022545,4975.996385,0.428571,0.571429,11882 11893 12113 12118 12231 12232 12240 12362 12475 12476 12484 12597 12715 12730 12975
moead,513_e-05,19,22,800,16,29471912.022545,4975.996385,0.448980,0.551020,11882 11893 12113 12118 12231 12232 12240 12362 12475 12476 12484 12597 12715 12730 12975
moead,513_e-05,19,23,800,16,29471912.022545,4975.996385,0.469388,0.530612,11882 11893 12113 12118 12231 12232 12240 12362 12475 12476 12484 12597 12715 12730 12975
moead,513_e-05,19,24,800,16,29471912.022545,4975.996385,0.489796,0.510204,11882 11893 12113 12118 12231 12232 12240 12362 12475 12476 12484 12597 12715 12730 12975
moead,513_e-05,19,25,800,16,29471912.022545,4975.996385,0.510204,0.489796,11882 11893 12113 12118 12231 12232 12240 12362 12475 12476 12484 12597 12715 12730 12975
moead,513_e-05,19,26,800,16,29471912.022545,4975.996385,0.530612,0.469388,11882 11893 12113 12118 12231 12232 12240 12362 12475 12476 12484 12597 12715 12730 12975
moead,513_e-05,19,27,800,16,29471912.022545,4975.996385,0.551020,0.448980,11882 11893 12113 12118 12231 12232 12240 12362 12475 12476 12484 12597 12715 12730 12975
moead,513_e-05,19,28,800,16,29471912.022545,4975.996385,0.571429,0.428571,11882 11893 12113 12118 12231 12232 12240 12362 12475 12476 12484 12597 12715 12730 12975
moead,513_e-05,19,29,800,16,29470787.927056,4888.345521,0.591837,0.408163,11882 12113 12118 12231 12232 12240 12362 12475 12476 12477 12484 12597 12715 12730 12975
moead,513_e-05,19,30,800,16,29470787.927056,4888.345521,0.612245,0.387755,11882 12113 12118 12231 12232 12240 12362 12475 12476 12477 12484 12597 12715 12730 12975
moead,513_e-05,19,31,800,16,29470787.927056,4888.345521,0.632653,0.367347,11882 12113 12118 12231 12232 12240 12362 12475 12476 12477 12484 12597 12715 12730 12975
moead,513_e-05,19,32,800,16,29470787.927056,4888.345521,0.653061,0.346939,11882 12113 12118 12231 12232 12240 12362 12475 12476 12477 12484 12597 12715 12730 12975
moead,513_e-05,19,33,800,16,29470787.927056,4888.345521,0.673469,0.326531,11882 12113 12118 12231 12232 12240 12362 12475 12476 12477 12484 12597 12715 12730 12975
moead,513_e-05,19,34,800,16,29470787.927056,4888.345521,0.693878,0.306122,11882 12113 12118 12231 12232 12240 12362 12475 12476 12477 12484 12597 12715 12730 12975
moead,513_e-05,19,35,800,16,29470787.927056,4888.345521,0.714286,0.285714,11882 12113 12118 12231 12232 12240 12362 12475 12476 12477 12484 12597 12715 12730 12975
moead,513_e-05,19,36,800,16,29470787.927056,4888.345521,0.734694,0.265306,11882 12113 12118 12231 12232 12240 12362 12475 12476 12477 12484 12597 12715 12730 12975
moead,513_e-05,19,37,800,16,29470787.927056,4888.345521,0.755102,0.244898,11882 12113 12118 12231 12232 12240 12362 12475 12476 12477 12484 12597 12715 12730 12975
moead,513_e-05,19,38,800,16,29470787.927056,4888.345521,0.775510,0.224490,11882 12113 12118 12231 12232 12240 12362 12475 12476 12477 12484 12597 12715 12730 12975
moead,513_e-05,19,39,800,16,29470787.927056,4888.345521,0.795918,0.204082,11882 12113 12118 12231 12232 12240 12362 12475 12476 12477 12484 12597 12715 12730 12975
moead,513_e-05,19,40,800,16,29470787.927056,4888.345521,0.816327,0.183673,11882 12113 12118 12231 12232 12240 12362 12475 12476 12477 12484 12597 12715 12730 12975
moead,513_e-05,19,41,800,16,29470787.927056,4888.345521,0.836735,0.163265,11882 12113 12118 12231 12232 12240 12362 12475 12476 12477 12484 12597 12715 12730 12975
moead,513_e-05,19,42,800,16,29470787.927056,4888.345521,0.857143,0.142857,11882 12113 12118 12231 12232 12240 12362 12475 12476 12477 12484 12597 12715 12730 12975
moead,513_e-05,19,43,800,16,29470787.927056,4888.345521,0.877551,0.122449,11882 12113 12118 12231 12232 12240 12362 12475 12476 12477 12484 12597 12715 12730 12975
moead,513_e-05,19,44,800,16,29470787.927056,4888.345521,0.897959,0.102041,11882 12113 12118 12231 12232 12240 12362 12475 12476 12477 12484 12597 12715 12730 12975
moead,513_e-05,19,45,800,16,29470787.927056,4888.345521,0.918367,0.081633,11882 12113 12118 12231 12232 12240 12362 12475 12476 12477 12484 12597 12715 12730 12975
moead,513_e-05,19,46,800,16,29470787.927056,4888.345521,0.938776,0.061224,11882 12113 12118 12231 12232 12240 12362 12475 12476 12477 12484 12597 12715 12730 12975
moead,513_e-05,19,47,800,16,29470787.927056,4888.345521,0.959184,0.040816,11882 12113 12118 12231 12232 12240 12362 12475 12476 12477 12484 12597 12715 12730 12975
moead,513_e-05,19,48,800,16,29470787.927056,4888.345521,0.979592,0.020408,11882 12113 12118 12231 12232 12240 12362 12475 12476 12477 12484 12597 12715 12730 12975
moead,513_e-05,19,49,800,16,29470787.927056,4888.345521,1.000000,0.000000,11882 12113 12118 12231 12232 12240 12362 12475 12476 12477 12484 12597 12715 12730 12975
moead,513_e-05,19,0,850,17,36249888.762591,6394.922775,0.000000,1.000000,12737 12840 13656 21210 23822 27171 33641 52791 53086 55844 57668 107836 113791 133083 136784
moead,513_e-05,19,1,850,17,29519304.095185,5203.747852,0.020408,0.979592,11691 11774 11882 11992 11994 12207 12228 12362 12475 12487 12597 12713 12730 12737 12840
moead,513_e-05,19,2,850,17,29501673.425005,5105.095989,0.040816,0.959184,11304 11774 11795 11882 11992 11994 12228 12231 12362 12476 12484 12485 12597 12715 12840
moead,513_e-05,19,3,850,17,29489165.266018,5005.111731,0.061224,0.938776,11774 11882 11992 11994 12228 12231 12362 12475 12476 12597 12614 12715 12729 12730 12840
moead,513_e-05,19,4,850,17,29481114.031212,4995.635845,0.081633,0.918367,11774 11795 11882 11992 11994 12228 12231 12362 12475 12476 12484 12485 12597 12715 12840
moead,513_e-05,19,5,850,17,29481114.031212,4995.635845,0.102041,0.897959,11774 11795 11882 11992 11994 12228 12231 12362 12475 12476 12484 12485 12597 12715 12840
moead,513_e-05,19,6,850,17,29479732.605504,4994.340936,0.122449,0.877551,11774 11882 11992 11994 12228 12231 12362 12475 12476 12484 12485 12597 12715 12730 12840
moead,513_e-05,19,7,850,17,29471912.022545,4975.996385,0.142857,0.857143,11882 11893 12113 12118 12231 12232 12240 12362 12475 12476 12484 12597 12715 12730 12975
moead,513_e-05,19,8,850,17,29471912.022545,4975.996385,0.163265,0.836735,11882 11893 12113 12118 12231 12232 12240 12362 12475 12476 12484 12597 12715 12730 12975
moead,513_e-05,19,9,850,17,29471912.022545,4975.996385,0.183673,0.816327,11882 11893 12113 12118 12231 12232 12240 12362 12475 12476 12484 12597 12715 12730 12975
moead,513_e-05,19,10,850,17,29471912.022545,4975.996385,0.204082,0.795918,11882 11893 12113 12118 12231 12232 12240 12362 12475 12476 12484 12597 12715 12730 12975
moead,513_e-05,19,11,850,17,29471912.022545,4975.996385,0.224490,0.775510,11882 11893 12113 12118 12231 12232 12240 12362 12475 12476 12484 12597 12715 12730 12975
moead,513_e-05,19,12,850,17,29471912.022545,4975.996385,0.244898,0.755102,11882 11893 12113 12118 12231 12232 12240 12362 12475 12476 12484 12597 12715 12730 12975
moead,513_e-05,19,13,850,17,29471912.022545,4975.996385,0.265306,0.734694,11882 11893 12113 12118 12231 12232 12240 12362 12475 12476 12484 12597 12715 12730 12975
moead,513_e-05,19,14,850,17,29471912.022545,4975.996385,0.285714,0.714286,11882 11893 12113 12118 12231 12232 12240 12362 12475 12476 12484 12597 12715 12730 12975
moead,513_e-05,19,15,850,17,29471912.022545,4975.996385,0.306122,0.693878,11882 11893 12113 12118 12231 12232 12240 12362 12475 12476 12484 12597 12715 12730 12975
moead,513_e-05,19,16,850,17,29471912.022545,4975.996385,0.326531,0.673469,11882 11893 12113 12118 12231 12232 12240 12362 12475 12476 12484 12597 12715 12730 12975
moead,513_e-05,19,17,850,17,29471912.022545,4975.996385,0.346939,0.653061,11882 11893 12113 12118 12231 12232 12240 12362 12475 12476 12484 12597 12715 12730 12975
moead,513_e-05,19,18,850,17,29471912.022545,4975.996385,0.367347,0.632653,11882 11893 12113 12118 12231 12232 12240 12362 12475 12476 12484 12597 12715 12730 12975
moead,513_e-05,19,19,850,17,29471912.022545,4975.996385,0.387755,0.612245,11882 11893 12113 12118 12231 12232 12240 12362 12475 12476 12484 12597 12715 12730 12975
moead,513_e-05,19,20,850,17,29471912.022545,4975.996385,0.408163,0.591837,11882 11893 12113 12118 12231 12232 12240 12362 12475 12476 12484 12597 12715 12730 12975
moead,513_e-05,19,21,850,17,29471912.022545,4975.996385,0.428571,0.571429,11882 11893 12113 12118 12231 12232 12240 12362 12475 12476 12484 12597 12715 12730 12975
moead,513_e-05,19,22,850,17,29471912.022545,4975.996385,0.448980,0.551020,11882 11893 12113 12118 12231 12232 12240 12362 12475 12476 12484 12597 12715 12730 12975
moead,513_e-05,19,23,850,17,29471912.022545,4975.996385,0.469388,0.530612,11882 11893 12113 12118 12231 12232 12240 12362 12475 12476 12484 12597 12715 12730 12975
moead,513_e-05,19,24,850,17,29471912.022545,4975.996385,0.489796,0.510204,11882 11893 12113 12118 12231 12232 12240 12362 12475 12476 12484 12597 12715 12730 12975
moead,513_e-05,19,25,850,17,29471912.022545,4975.996385,0.510204,0.489796,11882 11893 12113 12118 12231 12232 12240 12362 12475 12476 12484 12597 12715 12730 12975
moead,513_e-05,19,26,850,17,29471912.022545,4975.996385,0.530612,0.469388,11882 11893 12113 12118 12231 12232 12240 12362 12475 12476 12484 12597 12715 12730 12975
moead,513_e-05,19,27,850,17,29471912.022545,4975.996385,0.551020,0.448980,11882 11893 12113 12118 12231 12232 12240 12362 12475 12476 12484 12597 12715 12730 12975
moead,513_e-05,19,28,850,17,29471912.022545,4975.996385,0.571429,0.428571,11882 11893 12113 12118 12231 12232 12240 12362 12475 12476 12484 12597 12715 12730 12975
moead,513_e-05,19,29,850,17,29470787.927056,4888.345521,0.591837,0.408163,11882 12113 12118 12231 12232 12240 12362 12475 12476 12477 12484 12597 12715 12730 12975
moead,513_e-05,19,30,850,17,29470787.927056,4888.345521,0.612245,0.387755,11882 12113 12118 12231 12232 12240 12362 12475 12476 12477 12484 12597 12715 12730 12975
moead,513_e-05,19,31,850,17,29470787.927056,4888.345521,0.632653,0.367347,11882 12113 12118 12231 12232 12240 12362 12475 12476 12477 12484 12597 12715 12730 12975
moead,513_e-05,19,32,850,17,29470787.927056,4888.345521,0.653061,0.346939,11882 12113 12118 12231 12232 12240 12362 12475 12476 12477 12484 12597 12715 12730 12975
moead,513_e-05,19,33,850,17,29470787.927056,4888.345521,0.673469,0.326531,11882 12113 12118 12231 12232 12240 12362 12475 12476 12477 12484 12597 12715 12730 12975
moead,513_e-05,19,34,850,17,29470787.927056,4888.345521,0.693878,0.306122,11882 12113 12118 12231 12232 12240 12362 12475 12476 12477 12484 12597 12715 12730 12975
moead,513_e-05,19,35,850,17,29470787.927056,4888.345521,0.714286,0.285714,11882 12113 12118 12231 12232 12240 12362 12475 12476 12477 12484 12597 12715 12730 12975
moead,513_e-05,19,36,850,17,29470787.927056,4888.345521,0.734694,0.265306,11882 12113 12118 12231 12232 12240 12362 12475 12476 12477 12484 12597 12715 12730 12975
moead,513_e-05,19,37,850,17,29470787.927056,4888.345521,0.755102,0.244898,11882 12113 12118 12231 12232 12240 12362 12475 12476 12477 12484 12597 12715 12730 12975
moead,513_e-05,19,38,850,17,29470787.927056,4888.345521,0.775510,0.224490,11882 12113 12118 12231 12232 12240 12362 12475 12476 12477 12484 12597 12715 12730 12975
moead,513_e-05,19,39,850,17,29470787.927056,4888.345521,0.795918,0.204082,11882 12113 12118 12231 12232 12240 12362 12475 12476 12477 12484 12597 12715 12730 12975
moead,513_e-05,19,40,850,17,29470787.927056,4888.345521,0.816327,0.183673,11882 12113 12118 12231 12232 12240 12362 12475 12476 12477 12484 12597 12715 12730 12975
moead,513_e-05,19,41,850,17,29470787.927056,4888.345521,0.836735,0.163265,11882 12113 12118 12231 12232 12240 12362 12475 12476 12477 12484 12597 12715 12730 12975
moead,513_e-05,19,42,850,17,29470787.927056,4888.345521,0.857143,0.142857,11882 12113 12118 12231 12232 12240 12362 12475 12476 12477 12484 12597 12715 12730 12975
moead,513_e-05,19,43,850,17,29470787.927056,4888.345521,0.877551,0.122449,11882 12113 12118 12231 12232 12240 12362 12475 12476 12477 12484 12597 12715 12730 12975
moead,513_e-05,19,44,850,17,29470787.927056,4888.345521,0.897959,0.102041,11882 12113 12118 12231 12232 12240 12362 12475 12476 12477 12484 12597 12715 12730 12975
moead,513_e-05,19,45,850,17,29470787.927056,4888.345521,0.918367,0.081633,11882 12113 12118 12231 12232 12240 12362 12475 12476 12477 12484 12597 12715 12730 12975
moead,513_e-05,19,46,850,17,29470787.927056,4888.345521,0.938776,0.061224,11882 12113 12118 12231 12232 12240 12362 12475 12476 12477 12484 12597 12715 12730 12975
moead,513_e-05,19,47,850,17,29470787.927056,4888.345521,0.959184,0.040816,11882 12113 12118 12231 12232 12240 12362 12475 12476 12477 12484 12597 12715 12730 12975
moead,513_e-05,19,48,850,17,29470787.927056,4888.345521,0.979592,0.020408,11882 12113 12118 12231 12232 12240 12362 12475 12476 12477 12484 12597 12715 12730 12975
moead,513_e-05,19,49,850,17,29470787.927056,4888.345521,1.000000,0.000000,11882 12113 12118 12231 12232 12240 12362 12475 12476 12477 12484 12597 12715 12730 12975
moead,513_e-05,19,0,900,18,36729257.739368,6394.922775,0.000000,1.000000,9852 12737 12840 21210 23822 52791 53086 55844 57668 88281 92265 107836 108825 113791 133283
moead,513_e-05,19,1,900,18,29519304.095185,5203.747852,0.020408,0.979592,11691 11774 11882 11992 11994 12207 12228 12362 12475 12487 12597 12713 12730 12737 12840
moead,513_e-05,19,2,900,18,29486137.417936,5085.456529,0.040816,0.959184,11565 11882 11893 12113 12118 12231 12232 12240 12362 12476 12484 12597 12715 12730 12840
moead,513_e-05,19,3,900,18,29486137.417936,5085.456529,0.061224,0.938776,11565 11882 11893 12113 12118 12231 12232 12240 12362 12476 12484 12597 12715 12730 12840
moead,513_e-05,19,4,900,18,29486137.417936,5085.456529,0.081633,0.918367,11565 11882 11893 12113 12118 12231 12232 12240 12362 12476 12484 12597 12715 12730 12840
moead,513_e-05,19,5,900,18,29480576.712038,4995.733167,0.102041,0.897959,11691 11774 11882 11992 11994 12228 12231 12362 12475 12476 12484 12485 12597 12715 12840
moead,513_e-05,19,6,900,18,29480576.712038,4995.733167,0.122449,0.877551,11691 11774 11882 11992 11994 12228 12231 12362 12475 12476 12484 12485 12597 12715 12840
moead,513_e-05,19,7,900,18,29478045.991281,4987.947291,0.142857,0.857143,11875 11882 11893 12113 12118 12231 12232 12240 12362 12475 12476 12484 12715 12730 12975
moead,513_e-05,19,8,900,18,29472323.762142,4982.545651,0.163265,0.836735,11682 11893 12113 12118 12231 12232 12240 12362 12475 12476 12484 12597 12715 12730 12975
moead,513_e-05,19,9,900,18,29472323.762142,4982.545651,0.183673,0.816327,11682 11893 12113 12118 12231 12232 12240 12362 12475 12476 12484 12597 12715 12730 12975
moead,513_e-05,19,10,900,18,29472323.762142,4982.545651,0.204082,0.795918,11682 11893 12113 12118 12231 12232 12240 12362 12475 12476 12484 12597 12715 12730 12975
moead,513_e-05,19,11,900,18,29472323.762142,4982.545651,0.224490,0.775510,11682 11893 12113 12118 12231 12232 12240 12362 12475 12476 12484 12597 12715 12730 12975
moead,513_e-05,19,12,900,18,29472323.762142,4982.545651,0.244898,0.755102,11682 11893 12113 12118 12231 12232 12240 12362 12475 12476 12484 12597 12715 12730 12975
moead,513_e-05,19,13,900,18,29472323.762142,4982.545651,0.265306,0.734694,11682 11893 12113 12118 12231 12232 12240 12362 12475 12476 12484 12597 12715 12730 12975
moead,513_e-05,19,14,900,18,29472323.762142,4982.545651,0.285714,0.714286,11682 11893 12113 12118 12231 12232 12240 12362 12475 12476 12484 12597 12715 12730 12975
moead,513_e-05,19,15,900,18,29472323.762142,4982.545651,0.306122,0.693878,11682 11893 12113 12118 12231 12232 12240 12362 12475 12476 12484 12597 12715 12730 12975
moead,513_e-05,19,16,900,18,29472323.762142,4982.545651,0.326531,0.673469,11682 11893 12113 12118 12231 12232 12240 12362 12475 12476 12484 12597 12715 12730 12975
moead,513_e-05,19,17,900,18,29472323.762142,4982.545651,0.346939,0.653061,11682 11893 12113 12118 12231 12232 12240 12362 12475 12476 12484 12597 12715 12730 12975
moead,513_e-05,19,18,900,18,29472323.762142,4982.545651,0.367347,0.632653,11682 11893 12113 12118 12231 12232 12240 12362 12475 12476 12484 12597 12715 12730 12975
moead,513_e-05,19,19,900,18,29472323.762142,4982.545651,0.387755,0.612245,11682 11893 12113 12118 12231 12232 12240 12362 12475 12476 12484 12597 12715 12730 12975
moead,513_e-05,19,20,900,18,29472323.762142,4982.545651,0.408163,0.591837,11682 11893 12113 12118 12231 12232 12240 12362 12475 12476 12484 12597 12715 12730 12975
moead,513_e-05,19,21,900,18,29472323.762142,4982.545651,0.428571,0.571429,11682 11893 12113 12118 12231 12232 12240 12362 12475 12476 12484 12597 12715 12730 12975
moead,513_e-05,19,22,900,18,29472323.762142,4982.545651,0.448980,0.551020,11682 11893 12113 12118 12231 12232 12240 12362 12475 12476 12484 12597 12715 12730 12975
moead,513_e-05,19,23,900,18,29472323.762142,4982.545651,0.469388,0.530612,11682 11893 12113 12118 12231 12232 12240 12362 12475 12476 12484 12597 12715 12730 12975
moead,513_e-05,19,24,900,18,29471912.022545,4975.996385,0.489796,0.510204,11882 11893 12113 12118 12231 12232 12240 12362 12475 12476 12484 12597 12715 12730 12975
moead,513_e-05,19,25,900,18,29471912.022545,4975.996385,0.510204,0.489796,11882 11893 12113 12118 12231 12232 12240 12362 12475 12476 12484 12597 12715 12730 12975
moead,513_e-05,19,26,900,18,29471912.022545,4975.996385,0.530612,0.469388,11882 11893 12113 12118 12231 12232 12240 12362 12475 12476 12484 12597 12715 12730 12975
moead,513_e-05,19,27,900,18,29471912.022545,4975.996385,0.551020,0.448980,11882 11893 12113 12118 12231 12232 12240 12362 12475 12476 12484 12597 12715 12730 12975
moead,513_e-05,19,28,900,18,29471912.022545,4975.996385,0.571429,0.428571,11882 11893 12113 12118 12231 12232 12240 12362 12475 12476 12484 12597 12715 12730 12975
moead,513_e-05,19,29,900,18,29471433.234868,4888.787693,0.591837,0.408163,11882 12005 12113 12118 12231 12232 12240 12362 12476 12477 12484 12597 12715 12730 12975
moead,513_e-05,19,30,900,18,29471433.234868,4888.787693,0.612245,0.387755,11882 12005 12113 12118 12231 12232 12240 12362 12476 12477 12484 12597 12715 12730 12975
moead,513_e-05,19,31,900,18,29471433.234868,4888.787693,0.632653,0.367347,11882 12005 12113 12118 12231 12232 12240 12362 12476 12477 12484 12597 12715 12730 12975
moead,513_e-05,19,32,900,18,29471433.234868,4888.787693,0.653061,0.346939,11882 12005 12113 12118 12231 12232 12240 12362 12476 12477 12484 12597 12715 12730 12975
moead,513_e-05,19,33,900,18,29471433.234868,4888.787693,0.673469,0.326531,11882 12005 12113 12118 12231 12232 12240 12362 12476 12477 12484 12597 12715 12730 12975
moead,513_e-05,19,34,900,18,29471433.234868,4888.787693,0.693878,0.306122,11882 12005 12113 12118 12231 12232 12240 12362 12476 12477 12484 12597 12715 12730 12975
moead,513_e-05,19,35,900,18,29470787.927056,4888.345521,0.714286,0.285714,11882 12113 12118 12231 12232 12240 12362 12475 12476 12477 12484 12597 12715 12730 12975
moead,513_e-05,19,36,900,18,29470787.927056,4888.345521,0.734694,0.265306,11882 12113 12118 12231 12232 12240 12362 12475 12476 12477 12484 12597 12715 12730 12975
moead,513_e-05,19,37,900,18,29470787.927056,4888.345521,0.755102,0.244898,11882 12113 12118 12231 12232 12240 12362 12475 12476 12477 12484 12597 12715 12730 12975
moead,513_e-05,19,38,900,18,29470787.927056,4888.345521,0.775510,0.224490,11882 12113 12118 12231 12232 12240 12362 12475 12476 12477 12484 12597 12715 12730 12975
moead,513_e-05,19,39,900,18,29470787.927056,4888.345521,0.795918,0.204082,11882 12113 12118 12231 12232 12240 12362 12475 12476 12477 12484 12597 12715 12730 12975
moead,513_e-05,19,40,900,18,29470787.927056,4888.345521,0.816327,0.183673,11882 12113 12118 12231 12232 12240 12362 12475 12476 12477 12484 12597 12715 12730 12975
moead,513_e-05,19,41,900,18,29470787.927056,4888.345521,0.836735,0.163265,11882 12113 12118 12231 12232 12240 12362 12475 12476 12477 12484 12597 12715 12730 12975
moead,513_e-05,19,42,900,18,29470787.927056,4888.345521,0.857143,0.142857,11882 12113 12118 12231 12232 12240 12362 12475 12476 12477 12484 12597 12715 12730 12975
moead,513_e-05,19,43,900,18,29470787.927056,4888.345521,0.877551,0.122449,11882 12113 12118 12231 12232 12240 12362 12475 12476 12477 12484 12597 12715 12730 12975
moead,513_e-05,19,44,900,18,29470787.927056,4888.345521,0.897959,0.102041,11882 12113 12118 12231 12232 12240 12362 12475 12476 12477 12484 12597 12715 12730 12975
moead,513_e-05,19,45,900,18,29470787.927056,4888.345521,0.918367,0.081633,11882 12113 12118 12231 12232 12240 12362 12475 12476 12477 12484 12597 12715 12730 12975
moead,513_e-05,19,46,900,18,29470787.927056,4888.345521,0.938776,0.061224,11882 12113 12118 12231 12232 12240 12362 12475 12476 12477 12484 12597 12715 12730 12975
moead,513_e-05,19,47,900,18,29470787.927056,4888.345521,0.959184,0.040816,11882 12113 12118 12231 12232 12240 12362 12475 12476 12477 12484 12597 12715 12730 12975
moead,513_e-05,19,48,900,18,29470787.927056,4888.345521,0.979592,0.020408,11882 12113 12118 12231 12232 12240 12362 12475 12476 12477 12484 12597 12715 12730 12975
moead,513_e-05,19,49,900,18,29470787.927056,4888.345521,1.000000,0.000000,11882 12113 12118 12231 12232 12240 12362 12475 12476 12477 12484 12597 12715 12730 12975
moead,513_e-05,19,0,950,19,37317582.343618,6394.922775,0.000000,1.000000,9852 12737 12840 21210 23822 40121 51371 53086 57668 70682 88281 92265 107836 108825 167547
moead,513_e-05,19,1,950,19,29519304.095185,5203.747852,0.020408,0.979592,11691 11774 11882 11992 11994 12207 12228 12362 12475 12487 12597 12713 12730 12737 12840
moead,513_e-05,19,2,950,19,29485436.057305,5085.456529,0.040816,0.959184,11565 11882 11893 12113 12118 12231 12232 12240 12362 12475 12476 12597 12715 12730 12840
moead,513_e-05,19,3,950,19,29485436.057305,5085.456529,0.061224,0.938776,11565 11882 11893 12113 12118 12231 12232 12240 12362 12475 12476 12597 12715 12730 12840
moead,513_e-05,19,4,950,19,29480576.712038,4995.733167,0.081633,0.918367,11691 11774 11882 11992 11994 12228 12231 12362 12475 12476 12484 12485 12597 12715 12840
moead,513_e-05,19,5,950,19,29480576.712038,4995.733167,0.102041,0.897959,11691 11774 11882 11992 11994 12228 12231 12362 12475 12476 12484 12485 12597 12715 12840
moead,513_e-05,19,6,950,19,29476976.628306,4987.947291,0.122449,0.877551,11875 11882 11893 12113 12118 12231 12232 12240 12362 12475 12476 12597 12715 12730 12840
moead,513_e-05,19,7,950,19,29473003.309321,4982.693217,0.142857,0.857143,11682 11882 11893 12113 12118 12231 12232 12240 12362 12475 12476 12597 12715 12730 12840
moead,513_e-05,19,8,950,19,29473003.309321,4982.693217,0.163265,0.836735,11682 11882 11893 12113 12118 12231 12232 12240 12362 12475 12476 12597 12715 12730 12840
moead,513_e-05,19,9,950,19,29473003.309321,4982.693217,0.183673,0.816327,11682 11882 11893 12113 12118 12231 12232 12240 12362 12475 12476 12597 12715 12730 12840
moead,513_e-05,19,10,950,19,29473003.309321,4982.693217,0.204082,0.795918,11682 11882 11893 12113 12118 12231 12232 12240 12362 12475 12476 12597 12715 12730 12840
moead,513_e-05,19,11,950,19,29473003.309321,4982.693217,0.224490,0.775510,11682 11882 11893 12113 12118 12231 12232 12240 12362 12475 12476 12597 12715 12730 12840
moead,513_e-05,19,12,950,19,29472323.762142,4982.545651,0.244898,0.755102,11682 11893 12113 12118 12231 12232 12240 12362 12475 12476 12484 12597 12715 12730 12975
moead,513_e-05,19,13,950,19,29471631.843668,4975.996385,0.265306,0.734694,11882 11893 12113 12118 12231 12232 12240 12362 12476 12477 12484 12597 12715 12730 12975
moead,513_e-05,19,14,950,19,29471631.843668,4975.996385,0.285714,0.714286,11882 11893 12113 12118 12231 12232 12240 12362 12476 12477 12484 12597 12715 12730 12975
moead,513_e-05,19,15,950,19,29471631.843668,4975.996385,0.306122,0.693878,11882 11893 12113 12118 12231 12232 12240 12362 12476 12477 12484 12597 12715 12730 12975
moead,513_e-05,19,16,950,19,29468256.295568,4888.787693,0.326531,0.673469,11882 12005 12113 12118 12231 12232 12240 12362 12475 12476 12477 12484 12597 12715 12730
moead,513_e-05,19,17,950,19,29468256.295568,4888.787693,0.346939,0.653061,11882 12005 12113 12118 12231 12232 12240 12362 12475 12476 12477 12484 12597 12715 12730
moead,513_e-05,19,18,950,19,29468256.295568,4888.787693,0.367347,0.632653,11882 12005 12113 12118 12231 12232 12240 12362 12475 12476 12477 12484 12597 12715 12730
moead,513_e-05,19,19,950,19,29468256.295568,4888.787693,0.387755,0.612245,11882 12005 12113 12118 12231 12232 12240 12362 12475 12476 12477 12484 12597 12715 12730
moead,513_e-05,19,20,950,19,29468256.295568,4888.787693,0.408163,0.591837,11882 12005 12113 12118 12231 12232 12240 12362 12475 12476 12477 12484 12597 12715 12730
moead,513_e-05,19,21,950,19,29468256.295568,4888.787693,0.428571,0.571429,11882 12005 12113 12118 12231 12232 12240 12362 12475 12476 12477 12484 12597 12715 12730
moead,513_e-05,19,22,950,19,29468256.295568,4888.787693,0.448980,0.551020,11882 12005 12113 12118 12231 12232 12240 12362 12475 12476 12477 12484 12597 12715 12730
moead,513_e-05,19,23,950,19,29468256.295568,4888.787693,0.469388,0.530612,11882 12005 12113 12118 12231 12232 12240 12362 12475 12476 12477 12484 12597 12715 12730
moead,513_e-05,19,24,950,19,29468256.295568,4888.787693,0.489796,0.510204,11882 12005 12113 12118 12231 12232 12240 12362 12475 12476 12477 12484 12597 12715 12730
moead,513_e-05,19,25,950,19,29468256.295568,4888.787693,0.510204,0.489796,11882 12005 12113 12118 12231 12232 12240 12362 12475 12476 12477 12484 12597 12715 12730
moead,513_e-05,19,26,950,19,29468256.295568,4888.787693,0.530612,0.469388,11882 12005 12113 12118 12231 12232 12240 12362 12475 12476 12477 12484 12597 12715 12730
moead,513_e-05,19,27,950,19,29468256.295568,4888.787693,0.551020,0.448980,11882 12005 12113 12118 12231 12232 12240 12362 12475 12476 12477 12484 12597 12715 12730
moead,513_e-05,19,28,950,19,29468256.295568,4888.787693,0.571429,0.428571,11882 12005 12113 12118 12231 12232 12240 12362 12475 12476 12477 12484 12597 12715 12730
moead,513_e-05,19,29,950,19,29468256.295568,4888.787693,0.591837,0.408163,11882 12005 12113 12118 12231 12232 12240 12362 12475 12476 12477 12484 12597 12715 12730
moead,513_e-05,19,30,950,19,29468256.295568,4888.787693,0.612245,0.387755,11882 12005 12113 12118 12231 12232 12240 12362 12475 12476 12477 12484 12597 12715 12730
moead,513_e-05,19,31,950,19,29468256.295568,4888.787693,0.632653,0.367347,11882 12005 12113 12118 12231 12232 12240 12362 12475 12476 12477 12484 12597 12715 12730
moead,513_e-05,19,32,950,19,29468256.295568,4888.787693,0.653061,0.346939,11882 12005 12113 12118 12231 12232 12240 12362 12475 12476 12477 12484 12597 12715 12730
moead,513_e-05,19,33,950,19,29468256.295568,4888.787693,0.673469,0.326531,11882 12005 12113 12118 12231 12232 12240 12362 12475 12476 12477 12484 12597 12715 12730
moead,513_e-05,19,34,950,19,29468256.295568,4888.787693,0.693878,0.306122,11882 12005 12113 12118 12231 12232 12240 12362 12475 12476 12477 12484 12597 12715 12730
moead,513_e-05,19,35,950,19,29468256.295568,4888.787693,0.714286,0.285714,11882 12005 12113 12118 12231 12232 12240 12362 12475 12476 12477 12484 12597 12715 12730
moead,513_e-05,19,36,950,19,29468256.295568,4888.787693,0.734694,0.265306,11882 12005 12113 12118 12231 12232 12240 12362 12475 12476 12477 12484 12597 12715 12730
moead,513_e-05,19,37,950,19,29468256.295568,4888.787693,0.755102,0.244898,11882 12005 12113 12118 12231 12232 12240 12362 12475 12476 12477 12484 12597 12715 12730
moead,513_e-05,19,38,950,19,29468256.295568,4888.787693,0.775510,0.224490,11882 12005 12113 12118 12231 12232 12240 12362 12475 12476 12477 12484 12597 12715 12730
moead,513_e-05,19,39,950,19,29468256.295568,4888.787693,0.795918,0.204082,11882 12005 12113 12118 12231 12232 12240 12362 12475 12476 12477 12484 12597 12715 12730
moead,513_e-05,19,40,950,19,29468256.295568,4888.787693,0.816327,0.183673,11882 12005 12113 12118 12231 12232 12240 12362 12475 12476 12477 12484 12597 12715 12730
moead,513_e-05,19,41,950,19,29468256.295568,4888.787693,0.836735,0.163265,11882 12005 12113 12118 12231 12232 12240 12362 12475 12476 12477 12484 12597 12715 12730
moead,513_e-05,19,42,950,19,29468256.295568,4888.787693,0.857143,0.142857,11882 12005 12113 12118 12231 12232 12240 12362 12475 12476 12477 12484 12597 12715 12730
moead,513_e-05,19,43,950,19,29468256.295568,4888.787693,0.877551,0.122449,11882 12005 12113 12118 12231 12232 12240 12362 12475 12476 12477 12484 12597 12715 12730
moead,513_e-05,19,44,950,19,29468256.295568,4888.787693,0.897959,0.102041,11882 12005 12113 12118 12231 12232 12240 12362 12475 12476 12477 12484 12597 12715 12730
moead,513_e-05,19,45,950,19,29468256.295568,4888.787693,0.918367,0.081633,11882 12005 12113 12118 12231 12232 12240 12362 12475 12476 12477 12484 12597 12715 12730
moead,513_e-05,19,46,950,19,29468256.295568,4888.787693,0.938776,0.061224,11882 12005 12113 12118 12231 12232 12240 12362 12475 12476 12477 12484 12597 12715 12730
moead,513_e-05,19,47,950,19,29468256.295568,4888.787693,0.959184,0.040816,11882 12005 12113 12118 12231 12232 12240 12362 12475 12476 12477 12484 12597 12715 12730
moead,513_e-05,19,48,950,19,29468256.295568,4888.787693,0.979592,0.020408,11882 12005 12113 12118 12231 12232 12240 12362 12475 12476 12477 12484 12597 12715 12730
moead,513_e-05,19,49,950,19,29468256.295568,4888.787693,1.000000,0.000000,11882 12005 12113 12118 12231 12232 12240 12362 12475 12476 12477 12484 12597 12715 12730
moead,513_e-05,19,0,1000,20,36183000.522395,6394.922775,0.000000,1.000000,11410 12737 16607 40121 51371 54204 80192 90582 97869 100977 119976 120808 129924 140820 185010
moead,513_e-05,19,1,1000,20,29519304.095185,5203.747852,0.020408,0.979592,11691 11774 11882 11992 11994 12207 12228 12362 12475 12487 12597 12713 12730 12737 12840
moead,513_e-05,19,2,1000,20,29485436.057305,5085.456529,0.040816,0.959184,11565 11882 11893 12113 12118 12231 12232 12240 12362 12475 12476 12597 12715 12730 12840
moead,513_e-05,19,3,1000,20,29485436.057305,5085.456529,0.061224,0.938776,11565 11882 11893 12113 12118 12231 12232 12240 12362 12475 12476 12597 12715 12730 12840
moead,513_e-05,19,4,1000,20,29480576.712038,4995.733167,0.081633,0.918367,11691 11774 11882 11992 11994 12228 12231 12362 12475 12476 12484 12485 12597 12715 12840
moead,513_e-05,19,5,1000,20,29476976.628306,4987.947291,0.102041,0.897959,11875 11882 11893 12113 12118 12231 12232 12240 12362 12475 12476 12597 12715 12730 12840
moead,513_e-05,19,6,1000,20,29473003.309321,4982.693217,0.122449,0.877551,11682 11882 11893 12113 12118 12231 12232 12240 12362 12475 12476 12597 12715 12730 12840
moead,513_e-05,19,7,1000,20,29473003.309321,4982.693217,0.142857,0.857143,11682 11882 11893 12113 12118 12231 12232 12240 12362 12475 12476 12597 12715 12730 12840
moead,513_e-05,19,8,1000,20,29473003.309321,4982.693217,0.163265,0.836735,11682 11882 11893 12113 12118 12231 12232 12240 12362 12475 12476 12597 12715 12730 12840
moead,513_e-05,19,9,1000,20,29468866.643964,4982.545651,0.183673,0.816327,11682 11893 12113 12118 12231 12232 12240 12362 12475 12476 12477 12484 12597 12715 12730
moead,513_e-05,19,10,1000,20,29468866.643964,4982.545651,0.204082,0.795918,11682 11893 12113 12118 12231 12232 12240 12362 12475 12476 12477 12484 12597 12715 12730
moead,513_e-05,19,11,1000,20,29468866.643964,4982.545651,0.224490,0.775510,11682 11893 12113 12118 12231 12232 12240 12362 12475 12476 12477 12484 12597 12715 12730
moead,513_e-05,19,12,1000,20,29468866.643964,4982.545651,0.244898,0.755102,11682 11893 12113 12118 12231 12232 12240 12362 12475 12476 12477 12484 12597 12715 12730
moead,513_e-05,19,13,1000,20,29468866.643964,4982.545651,0.265306,0.734694,11682 11893 12113 12118 12231 12232 12240 12362 12475 12476 12477 12484 12597 12715 12730
moead,513_e-05,19,14,1000,20,29468866.643964,4982.545651,0.285714,0.714286,11682 11893 12113 12118 12231 12232 12240 12362 12475 12476 12477 12484 12597 12715 12730
moead,513_e-05,19,15,1000,20,29468866.643964,4982.545651,0.306122,0.693878,11682 11893 12113 12118 12231 12232 12240 12362 12475 12476 12477 12484 12597 12715 12730
moead,513_e-05,19,16,1000,20,29468866.643964,4982.545651,0.326531,0.673469,11682 11893 12113 12118 12231 12232 12240 12362 12475 12476 12477 12484 12597 12715 12730
moead,513_e-05,19,17,1000,20,29468866.643964,4982.545651,0.346939,0.653061,11682 11893 12113 12118 12231 12232 12240 12362 12475 12476 12477 12484 12597 12715 12730
moead,513_e-05,19,18,1000,20,29468866.643964,4982.545651,0.367347,0.632653,11682 11893 12113 12118 12231 12232 12240 12362 12475 12476 12477 12484 12597 12715 12730
moead,513_e-05,19,19,1000,20,29466401.464043,4888.787693,0.387755,0.612245,11882 12005 12113 12118 12231 12232 12240 12361 12362 12475 12476 12477 12484 12597 12730
moead,513_e-05,19,20,1000,20,29466401.464043,4888.787693,0.408163,0.591837,11882 12005 12113 12118 12231 12232 12240 12361 12362 12475 12476 12477 12484 12597 12730
moead,513_e-05,19,21,1000,20,29466401.464043,4888.787693,0.428571,0.571429,11882 12005 12113 12118 12231 12232 12240 12361 12362 12475 12476 12477 12484 12597 12730
moead,513_e-05,19,22,1000,20,29466401.464043,4888.787693,0.448980,0.551020,11882 12005 12113 12118 12231 12232 12240 12361 12362 12475 12476 12477 12484 12597 12730
moead,513_e-05,19,23,1000,20,29466401.464043,4888.787693,0.469388,0.530612,11882 12005 12113 12118 12231 12232 12240 12361 12362 12475 12476 12477 12484 12597 12730
moead,513_e-05,19,24,1000,20,29466401.464043,4888.787693,0.489796,0.510204,11882 12005 12113 12118 12231 12232 12240 12361 12362 12475 12476 12477 12484 12597 12730
moead,513_e-05,19,25,1000,20,29466401.464043,4888.787693,0.510204,0.489796,11882 12005 12113 12118 12231 12232 12240 12361 12362 12475 12476 12477 12484 12597 12730
moead,513_e-05,19,26,1000,20,29466401.464043,4888.787693,0.530612,0.469388,11882 12005 12113 12118 12231 12232 12240 12361 12362 12475 12476 12477 12484 12597 12730
moead,513_e-05,19,27,1000,20,29466401.464043,4888.787693,0.551020,0.448980,11882 12005 12113 12118 12231 12232 12240 12361 12362 12475 12476 12477 12484 12597 12730
moead,513_e-05,19,28,1000,20,29466401.464043,4888.787693,0.571429,0.428571,11882 12005 12113 12118 12231 12232 12240 12361 12362 12475 12476 12477 12484 12597 12730
moead,513_e-05,19,29,1000,20,29466401.464043,4888.787693,0.591837,0.408163,11882 12005 12113 12118 12231 12232 12240 12361 12362 12475 12476 12477 12484 12597 12730
moead,513_e-05,19,30,1000,20,29466401.464043,4888.787693,0.612245,0.387755,11882 12005 12113 12118 12231 12232 12240 12361 12362 12475 12476 12477 12484 12597 12730
moead,513_e-05,19,31,1000,20,29466401.464043,4888.787693,0.632653,0.367347,11882 12005 12113 12118 12231 12232 12240 12361 12362 12475 12476 12477 12484 12597 12730
moead,513_e-05,19,32,1000,20,29466401.464043,4888.787693,0.653061,0.346939,11882 12005 12113 12118 12231 12232 12240 12361 12362 12475 12476 12477 12484 12597 12730
moead,513_e-05,19,33,1000,20,29466401.464043,4888.787693,0.673469,0.326531,11882 12005 12113 12118 12231 12232 12240 12361 12362 12475 12476 12477 12484 12597 12730
moead,513_e-05,19,34,1000,20,29466401.464043,4888.787693,0.693878,0.306122,11882 12005 12113 12118 12231 12232 12240 12361 12362 12475 12476 12477 12484 12597 12730
moead,513_e-05,19,35,1000,20,29466401.464043,4888.787693,0.714286,0.285714,11882 12005 12113 12118 12231 12232 12240 12361 12362 12475 12476 12477 12484 12597 12730
moead,513_e-05,19,36,1000,20,29466401.464043,4888.787693,0.734694,0.265306,11882 12005 12113 12118 12231 12232 12240 12361 12362 12475 12476 12477 12484 12597 12730
moead,513_e-05,19,37,1000,20,29466401.464043,4888.787693,0.755102,0.244898,11882 12005 12113 12118 12231 12232 12240 12361 12362 12475 12476 12477 12484 12597 12730
moead,513_e-05,19,38,1000,20,29466401.464043,4888.787693,0.775510,0.224490,11882 12005 12113 12118 12231 12232 12240 12361 12362 12475 12476 12477 12484 12597 12730
moead,513_e-05,19,39,1000,20,29466401.464043,4888.787693,0.795918,0.204082,11882 12005 12113 12118 12231 12232 12240 12361 12362 12475 12476 12477 12484 12597 12730
moead,513_e-05,19,40,1000,20,29466401.464043,4888.787693,0.816327,0.183673,11882 12005 12113 12118 12231 12232 12240 12361 12362 12475 12476 12477 12484 12597 12730
moead,513_e-05,19,41,1000,20,29466401.464043,4888.787693,0.836735,0.163265,11882 12005 12113 12118 12231 12232 12240 12361 12362 12475 12476 12477 12484 12597 12730
moead,513_e-05,19,42,1000,20,29466401.464043,4888.787693,0.857143,0.142857,11882 12005 12113 12118 12231 12232 12240 12361 12362 12475 12476 12477 12484 12597 12730
moead,513_e-05,19,43,1000,20,29466401.464043,4888.787693,0.877551,0.122449,11882 12005 12113 12118 12231 12232 12240 12361 12362 12475 12476 12477 12484 12597 12730
moead,513_e-05,19,44,1000,20,29466401.464043,4888.787693,0.897959,0.102041,11882 12005 12113 12118 12231 12232 12240 12361 12362 12475 12476 12477 12484 12597 12730
moead,513_e-05,19,45,1000,20,29466401.464043,4888.787693,0.918367,0.081633,11882 12005 12113 12118 12231 12232 12240 12361 12362 12475 12476 12477 12484 12597 12730
moead,513_e-05,19,46,1000,20,29466401.464043,4888.787693,0.938776,0.061224,11882 12005 12113 12118 12231 12232 12240 12361 12362 12475 12476 12477 12484 12597 12730
moead,513_e-05,19,47,1000,20,29466401.464043,4888.787693,0.959184,0.040816,11882 12005 12113 12118 12231 12232 12240 12361 12362 12475 12476 12477 12484 12597 12730
moead,513_e-05,19,48,1000,20,29466401.464043,4888.787693,0.979592,0.020408,11882 12005 12113 12118 12231 12232 12240 12361 12362 12475 12476 12477 12484 12597 12730
moead,513_e-05,19,49,1000,20,29466401.464043,4888.787693,1.000000,0.000000,11882 12005 12113 12118 12231 12232 12240 12361 12362 12475 12476 12477 12484 12597 12730
moead,513_e-05,19,0,1050,21,37031159.894117,6394.922775,0.000000,1.000000,11410 16607 41963 51371 54204 90582 92906 97869 119976 120808 124614 129924 148417 179444 185010
moead,513_e-05,19,1,1050,21,29519304.095185,5203.747852,0.020408,0.979592,11691 11774 11882 11992 11994 12207 12228 12362 12475 12487 12597 12713 12730 12737 12840
moead,513_e-05,19,2,1050,21,29490007.684289,5096.372371,0.040816,0.959184,11393 11691 11774 11882 11992 11994 12228 12231 12362 12475 12476 12484 12485 12597 12715
moead,513_e-05,19,3,1050,21,29485436.057305,5085.456529,0.061224,0.938776,11565 11882 11893 12113 12118 12231 12232 12240 12362 12475 12476 12597 12715 12730 12840
moead,513_e-05,19,4,1050,21,29480576.712038,4995.733167,0.081633,0.918367,11691 11774 11882 11992 11994 12228 12231 12362 12475 12476 12484 12485 12597 12715 12840
moead,513_e-05,19,5,1050,21,29476976.628306,4987.947291,0.102041,0.897959,11875 11882 11893 12113 12118 12231 12232 12240 12362 12475 12476 12597 12715 12730 12840
moead,513_e-05,19,6,1050,21,29473003.309321,4982.693217,0.122449,0.877551,11682 11882 11893 12113 12118 12231 12232 12240 12362 12475 12476 12597 12715 12730 12840
moead,513_e-05,19,7,1050,21,29473003.309321,4982.693217,0.142857,0.857143,11682 11882 11893 12113 12118 12231 12232 12240 12362 12475 12476 12597 12715 12730 12840
moead,513_e-05,19,8,1050,21,29473003.309321,4982.693217,0.163265,0.836735,11682 11882 11893 12113 12118 12231 12232 12240 12362 12475 12476 12597 12715 12730 12840
moead,513_e-05,19,9,1050,21,29468866.643964,4982.545651,0.183673,0.816327,11682 11893 12113 12118 12231 12232 12240 12362 12475 12476 12477 12484 12597 12715 12730
moead,513_e-05,19,10,1050,21,29468866.643964,4982.545651,0.204082,0.795918,11682 11893 12113 12118 12231 12232 12240 12362 12475 12476 12477 12484 12597 12715 12730
moead,513_e-05,19,11,1050,21,29468866.643964,4982.545651,0.224490,0.775510,11682 11893 12113 12118 12231 12232 12240 12362 12475 12476 12477 12484 12597 12715 12730
moead,513_e-05,19,12,1050,21,29468866.643964,4982.545651,0.244898,0.755102,11682 11893 12113 12118 12231 12232 12240 12362 12475 12476 12477 12484 12597 12715 12730
moead,513_e-05,19,13,1050,21,29468866.643964,4982.545651,0.265306,0.734694,11682 11893 12113 12118 12231 12232 12240 12362 12475 12476 12477 12484 12597 12715 12730
moead,513_e-05,19,14,1050,21,29468866.643964,4982.545651,0.285714,0.714286,11682 11893 12113 12118 12231 12232 12240 12362 12475 12476 12477 12484 12597 12715 12730
moead,513_e-05,19,15,1050,21,29468866.643964,4982.545651,0.306122,0.693878,11682 11893 12113 12118 12231 12232 12240 12362 12475 12476 12477 12484 12597 12715 12730
moead,513_e-05,19,16,1050,21,29468866.643964,4982.545651,0.326531,0.673469,11682 11893 12113 12118 12231 12232 12240 12362 12475 12476 12477 12484 12597 12715 12730
moead,513_e-05,19,17,1050,21,29468866.643964,4982.545651,0.346939,0.653061,11682 11893 12113 12118 12231 12232 12240 12362 12475 12476 12477 12484 12597 12715 12730
moead,513_e-05,19,18,1050,21,29468866.643964,4982.545651,0.367347,0.632653,11682 11893 12113 12118 12231 12232 12240 12362 12475 12476 12477 12484 12597 12715 12730
moead,513_e-05,19,19,1050,21,29466401.464043,4888.787693,0.387755,0.612245,11882 12005 12113 12118 12231 12232 12240 12361 12362 12475 12476 12477 12484 12597 12730
moead,513_e-05,19,20,1050,21,29466401.464043,4888.787693,0.408163,0.591837,11882 12005 12113 12118 12231 12232 12240 12361 12362 12475 12476 12477 12484 12597 12730
moead,513_e-05,19,21,1050,21,29466401.464043,4888.787693,0.428571,0.571429,11882 12005 12113 12118 12231 12232 12240 12361 12362 12475 12476 12477 12484 12597 12730
moead,513_e-05,19,22,1050,21,29466401.464043,4888.787693,0.448980,0.551020,11882 12005 12113 12118 12231 12232 12240 12361 12362 12475 12476 12477 12484 12597 12730
moead,513_e-05,19,23,1050,21,29466401.464043,4888.787693,0.469388,0.530612,11882 12005 12113 12118 12231 12232 12240 12361 12362 12475 12476 12477 12484 12597 12730
moead,513_e-05,19,24,1050,21,29466401.464043,4888.787693,0.489796,0.510204,11882 12005 12113 12118 12231 12232 12240 12361 12362 12475 12476 12477 12484 12597 12730
moead,513_e-05,19,25,1050,21,29466401.464043,4888.787693,0.510204,0.489796,11882 12005 12113 12118 12231 12232 12240 12361 12362 12475 12476 12477 12484 12597 12730
moead,513_e-05,19,26,1050,21,29466401.464043,4888.787693,0.530612,0.469388,11882 12005 12113 12118 12231 12232 12240 12361 12362 12475 12476 12477 12484 12597 12730
moead,513_e-05,19,27,1050,21,29466401.464043,4888.787693,0.551020,0.448980,11882 12005 12113 12118 12231 12232 12240 12361 12362 12475 12476 12477 12484 12597 12730
moead,513_e-05,19,28,1050,21,29466401.464043,4888.787693,0.571429,0.428571,11882 12005 12113 12118 12231 12232 12240 12361 12362 12475 12476 12477 12484 12597 12730
moead,513_e-05,19,29,1050,21,29466401.464043,4888.787693,0.591837,0.408163,11882 12005 12113 12118 12231 12232 12240 12361 12362 12475 12476 12477 12484 12597 12730
moead,513_e-05,19,30,1050,21,29466401.464043,4888.787693,0.612245,0.387755,11882 12005 12113 12118 12231 12232 12240 12361 12362 12475 12476 12477 12484 12597 12730
moead,513_e-05,19,31,1050,21,29466401.464043,4888.787693,0.632653,0.367347,11882 12005 12113 12118 12231 12232 12240 12361 12362 12475 12476 12477 12484 12597 12730
moead,513_e-05,19,32,1050,21,29466401.464043,4888.787693,0.653061,0.346939,11882 12005 12113 12118 12231 12232 12240 12361 12362 12475 12476 12477 12484 12597 12730
moead,513_e-05,19,33,1050,21,29466401.464043,4888.787693,0.673469,0.326531,11882 12005 12113 12118 12231 12232 12240 12361 12362 12475 12476 12477 12484 12597 12730
moead,513_e-05,19,34,1050,21,29466401.464043,4888.787693,0.693878,0.306122,11882 12005 12113 12118 12231 12232 12240 12361 12362 12475 12476 12477 12484 12597 12730
moead,513_e-05,19,35,1050,21,29466401.464043,4888.787693,0.714286,0.285714,11882 12005 12113 12118 12231 12232 12240 12361 12362 12475 12476 12477 12484 12597 12730
moead,513_e-05,19,36,1050,21,29466401.464043,4888.787693,0.734694,0.265306,11882 12005 12113 12118 12231 12232 12240 12361 12362 12475 12476 12477 12484 12597 12730
moead,513_e-05,19,37,1050,21,29466401.464043,4888.787693,0.755102,0.244898,11882 12005 12113 12118 12231 12232 12240 12361 12362 12475 12476 12477 12484 12597 12730
moead,513_e-05,19,38,1050,21,29466401.464043,4888.787693,0.775510,0.224490,11882 12005 12113 12118 12231 12232 12240 12361 12362 12475 12476 12477 12484 12597 12730
moead,513_e-05,19,39,1050,21,29466401.464043,4888.787693,0.795918,0.204082,11882 12005 12113 12118 12231 12232 12240 12361 12362 12475 12476 12477 12484 12597 12730
moead,513_e-05,19,40,1050,21,29466401.464043,4888.787693,0.816327,0.183673,11882 12005 12113 12118 12231 12232 12240 12361 12362 12475 12476 12477 12484 12597 12730
moead,513_e-05,19,41,1050,21,29466401.464043,4888.787693,0.836735,0.163265,11882 12005 12113 12118 12231 12232 12240 12361 12362 12475 12476 12477 12484 12597 12730
moead,513_e-05,19,42,1050,21,29466401.464043,4888.787693,0.857143,0.142857,11882 12005 12113 12118 12231 12232 12240 12361 12362 12475 12476 12477 12484 12597 12730
moead,513_e-05,19,43,1050,21,29466401.464043,4888.787693,0.877551,0.122449,11882 12005 12113 12118 12231 12232 12240 12361 12362 12475 12476 12477 12484 12597 12730
moead,513_e-05,19,44,1050,21,29466401.464043,4888.787693,0.897959,0.102041,11882 12005 12113 12118 12231 12232 12240 12361 12362 12475 12476 12477 12484 12597 12730
moead,513_e-05,19,45,1050,21,29466401.464043,4888.787693,0.918367,0.081633,11882 12005 12113 12118 12231 12232 12240 12361 12362 12475 12476 12477 12484 12597 12730
moead,513_e-05,19,46,1050,21,29466401.464043,4888.787693,0.938776,0.061224,11882 12005 12113 12118 12231 12232 12240 12361 12362 12475 12476 12477 12484 12597 12730
moead,513_e-05,19,47,1050,21,29466401.464043,4888.787693,0.959184,0.040816,11882 12005 12113 12118 12231 12232 12240 12361 12362 12475 12476 12477 12484 12597 12730
moead,513_e-05,19,48,1050,21,29466401.464043,4888.787693,0.979592,0.020408,11882 12005 12113 12118 12231 12232 12240 12361 12362 12475 12476 12477 12484 12597 12730
moead,513_e-05,19,49,1050,21,29466401.464043,4888.787693,1.000000,0.000000,11882 12005 12113 12118 12231 12232 12240 12361 12362 12475 12476 12477 12484 12597 12730
moead,513_e-05,19,0,1100,22,36790142.420292,6394.922775,0.000000,1.000000,11410 16607 41963 51371 54204 90582 96399 97869 119976 120808 124614 129924 136281 179444 185010
moead,513_e-05,19,1,1100,22,29519304.095185,5203.747852,0.020408,0.979592,11691 11774 11882 11992 11994 12207 12228 12362 12475 12487 12597 12713 12730 12737 12840
moead,513_e-05,19,2,1100,22,29490007.684289,5096.372371,0.040816,0.959184,11393 11691 11774 11882 11992 11994 12228 12231 12362 12475 12476 12484 12485 12597 12715
moead,513_e-05,19,3,1100,22,29480576.712038,4995.733167,0.061224,0.938776,11691 11774 11882 11992 11994 12228 12231 12362 12475 12476 12484 12485 12597 12715 12840
moead,513_e-05,19,4,1100,22,29473003.309321,4982.693217,0.081633,0.918367,11682 11882 11893 12113 12118 12231 12232 12240 12362 12475 12476 12597 12715 12730 12840
moead,513_e-05,19,5,1100,22,29473003.309321,4982.693217,0.102041,0.897959,11682 11882 11893 12113 12118 12231 12232 12240 12362 12475 12476 12597 12715 12730 12840
moead,513_e-05,19,6,1100,22,29467011.812440,4982.545651,0.122449,0.877551,11682 11893 12113 12118 12231 12232 12240 12361 12362 12475 12476 12477 12484 12597 12730
moead,513_e-05,19,7,1100,22,29467011.812440,4982.545651,0.142857,0.857143,11682 11893 12113 12118 12231 12232 12240 12361 12362 12475 12476 12477 12484 12597 12730
moead,513_e-05,19,8,1100,22,29467011.812440,4982.545651,0.163265,0.836735,11682 11893 12113 12118 12231 12232 12240 12361 12362 12475 12476 12477 12484 12597 12730
moead,513_e-05,19,9,1100,22,29467011.812440,4982.545651,0.183673,0.816327,11682 11893 12113 12118 12231 12232 12240 12361 12362 12475 12476 12477 12484 12597 12730
moead,513_e-05,19,10,1100,22,29467011.812440,4982.545651,0.204082,0.795918,11682 11893 12113 12118 12231 12232 12240 12361 12362 12475 12476 12477 12484 12597 12730
moead,513_e-05,19,11,1100,22,29467011.812440,4982.545651,0.224490,0.775510,11682 11893 12113 12118 12231 12232 12240 12361 12362 12475 12476 12477 12484 12597 12730
moead,513_e-05,19,12,1100,22,29466401.464043,4888.787693,0.244898,0.755102,11882 12005 12113 12118 12231 12232 12240 12361 12362 12475 12476 12477 12484 12597 12730
moead,513_e-05,19,13,1100,22,29461947.641252,4874.938634,0.265306,0.734694,11882 12005 12113 12118 12231 12232 12240 12361 12475 12476 12477 12478 12484 12597 12599
moead,513_e-05,19,14,1100,22,29461947.641252,4874.938634,0.285714,0.714286,11882 12005 12113 12118 12231 12232 12240 12361 12475 12476 12477 12478 12484 12597 12599
moead,513_e-05,19,15,1100,22,29461947.641252,4874.938634,0.306122,0.693878,11882 12005 12113 12118 12231 12232 12240 12361 12475 12476 12477 12478 12484 12597 12599
moead,513_e-05,19,16,1100,22,29461947.641252,4874.938634,0.326531,0.673469,11882 12005 12113 12118 12231 12232 12240 12361 12475 12476 12477 12478 12484 12597 12599
moead,513_e-05,19,17,1100,22,29461947.641252,4874.938634,0.346939,0.653061,11882 12005 12113 12118 12231 12232 12240 12361 12475 12476 12477 12478 12484 12597 12599
moead,513_e-05,19,18,1100,22,29461947.641252,4874.938634,0.367347,0.632653,11882 12005 12113 12118 12231 12232 12240 12361 12475 12476 12477 12478 12484 12597 12599
moead,513_e-05,19,19,1100,22,29461947.641252,4874.938634,0.387755,0.612245,11882 12005 12113 12118 12231 12232 12240 12361 12475 12476 12477 12478 12484 12597 12599
moead,513_e-05,19,20,1100,22,29461947.641252,4874.938634,0.408163,0.591837,11882 12005 12113 12118 12231 12232 12240 12361 12475 12476 12477 12478 12484 12597 12599
moead,513_e-05,19,21,1100,22,29461947.641252,4874.938634,0.428571,0.571429,11882 12005 12113 12118 12231 12232 12240 12361 12475 12476 12477 12478 12484 12597 12599
moead,513_e-05,19,22,1100,22,29461947.641252,4874.938634,0.448980,0.551020,11882 12005 12113 12118 12231 12232 12240 12361 12475 12476 12477 12478 12484 12597 12599
moead,513_e-05,19,23,1100,22,29461947.641252,4874.938634,0.469388,0.530612,11882 12005 12113 12118 12231 12232 12240 12361 12475 12476 12477 12478 12484 12597 12599
moead,513_e-05,19,24,1100,22,29461947.641252,4874.938634,0.489796,0.510204,11882 12005 12113 12118 12231 12232 12240 12361 12475 12476 12477 12478 12484 12597 12599
moead,513_e-05,19,25,1100,22,29461947.641252,4874.938634,0.510204,0.489796,11882 12005 12113 12118 12231 12232 12240 12361 12475 12476 12477 12478 12484 12597 12599
moead,513_e-05,19,26,1100,22,29461947.641252,4874.938634,0.530612,0.469388,11882 12005 12113 12118 12231 12232 12240 12361 12475 12476 12477 12478 12484 12597 12599
moead,513_e-05,19,27,1100,22,29461947.641252,4874.938634,0.551020,0.448980,11882 12005 12113 12118 12231 12232 12240 12361 12475 12476 12477 12478 12484 12597 12599
moead,513_e-05,19,28,1100,22,29461947.641252,4874.938634,0.571429,0.428571,11882 12005 12113 12118 12231 12232 12240 12361 12475 12476 12477 12478 12484 12597 12599
moead,513_e-05,19,29,1100,22,29461947.641252,4874.938634,0.591837,0.408163,11882 12005 12113 12118 12231 12232 12240 12361 12475 12476 12477 12478 12484 12597 12599
moead,513_e-05,19,30,1100,22,29461947.641252,4874.938634,0.612245,0.387755,11882 12005 12113 12118 12231 12232 12240 12361 12475 12476 12477 12478 12484 12597 12599
moead,513_e-05,19,31,1100,22,29461947.641252,4874.938634,0.632653,0.367347,11882 12005 12113 12118 12231 12232 12240 12361 12475 12476 12477 12478 12484 12597 12599
moead,513_e-05,19,32,1100,22,29461947.641252,4874.938634,0.653061,0.346939,11882 12005 12113 12118 12231 12232 12240 12361 12475 12476 12477 12478 12484 12597 12599
moead,513_e-05,19,33,1100,22,29461947.641252,4874.938634,0.673469,0.326531,11882 12005 12113 12118 12231 12232 12240 12361 12475 12476 12477 12478 12484 12597 12599
moead,513_e-05,19,34,1100,22,29461947.641252,4874.938634,0.693878,0.306122,11882 12005 12113 12118 12231 12232 12240 12361 12475 12476 12477 12478 12484 12597 12599
moead,513_e-05,19,35,1100,22,29461947.641252,4874.938634,0.714286,0.285714,11882 12005 12113 12118 12231 12232 12240 12361 12475 12476 12477 12478 12484 12597 12599
moead,513_e-05,19,36,1100,22,29461947.641252,4874.938634,0.734694,0.265306,11882 12005 12113 12118 12231 12232 12240 12361 12475 12476 12477 12478 12484 12597 12599
moead,513_e-05,19,37,1100,22,29461947.641252,4874.938634,0.755102,0.244898,11882 12005 12113 12118 12231 12232 12240 12361 12475 12476 12477 12478 12484 12597 12599
moead,513_e-05,19,38,1100,22,29461947.641252,4874.938634,0.775510,0.224490,11882 12005 12113 12118 12231 12232 12240 12361 12475 12476 12477 12478 12484 12597 12599
moead,513_e-05,19,39,1100,22,29461947.641252,4874.938634,0.795918,0.204082,11882 12005 12113 12118 12231 12232 12240 12361 12475 12476 12477 12478 12484 12597 12599
moead,513_e-05,19,40,1100,22,29461947.641252,4874.938634,0.816327,0.183673,11882 12005 12113 12118 12231 12232 12240 12361 12475 12476 12477 12478 12484 12597 12599
moead,513_e-05,19,41,1100,22,29461947.641252,4874.938634,0.836735,0.163265,11882 12005 12113 12118 12231 12232 12240 12361 12475 12476 12477 12478 12484 12597 12599
moead,513_e-05,19,42,1100,22,29461947.641252,4874.938634,0.857143,0.142857,11882 12005 12113 12118 12231 12232 12240 12361 12475 12476 12477 12478 12484 12597 12599
moead,513_e-05,19,43,1100,22,29461947.641252,4874.938634,0.877551,0.122449,11882 12005 12113 12118 12231 12232 12240 12361 12475 12476 12477 12478 12484 12597 12599
moead,513_e-05,19,44,1100,22,29461947.641252,4874.938634,0.897959,0.102041,11882 12005 12113 12118 12231 12232 12240 12361 12475 12476 12477 12478 12484 12597 12599
moead,513_e-05,19,45,1100,22,29461947.641252,4874.938634,0.918367,0.081633,11882 12005 12113 12118 12231 12232 12240 12361 12475 12476 12477 12478 12484 12597 12599
moead,513_e-05,19,46,1100,22,29461947.641252,4874.938634,0.938776,0.061224,11882 12005 12113 12118 12231 12232 12240 12361 12475 12476 12477 12478 12484 12597 12599
moead,513_e-05,19,47,1100,22,29461947.641252,4874.938634,0.959184,0.040816,11882 12005 12113 12118 12231 12232 12240 12361 12475 12476 12477 12478 12484 12597 12599
moead,513_e-05,19,48,1100,22,29461905.491061,4874.924592,0.979592,0.020408,11882 12005 12113 12118 12231 12232 12240 12361 12362 12475 12476 12477 12478 12484 12597
moead,513_e-05,19,49,1100,22,29461905.491061,4874.924592,1.000000,0.000000,11882 12005 12113 12118 12231 12232 12240 12361 12362 12475 12476 12477 12478 12484 12597
moead,513_e-05,19,0,1150,23,36559892.014878,6394.922775,0.000000,1.000000,8715 11410 12730 41963 91770 96399 97869 119976 129403 129924 139282 143162 157129 168680 169637
moead,513_e-05,19,1,1150,23,29519304.095185,5203.747852,0.020408,0.979592,11691 11774 11882 11992 11994 12207 12228 12362 12475 12487 12597 12713 12730 12737 12840
moead,513_e-05,19,2,1150,23,29490007.684289,5096.372371,0.040816,0.959184,11393 11691 11774 11882 11992 11994 12228 12231 12362 12475 12476 12484 12485 12597 12715
moead,513_e-05,19,3,1150,23,29480576.712038,4995.733167,0.061224,0.938776,11691 11774 11882 11992 11994 12228 12231 12362 12475 12476 12484 12485 12597 12715 12840
moead,513_e-05,19,4,1150,23,29473003.309321,4982.693217,0.081633,0.918367,11682 11882 11893 12113 12118 12231 12232 12240 12362 12475 12476 12597 12715 12730 12840
moead,513_e-05,19,5,1150,23,29473003.309321,4982.693217,0.102041,0.897959,11682 11882 11893 12113 12118 12231 12232 12240 12362 12475 12476 12597 12715 12730 12840
moead,513_e-05,19,6,1150,23,29467011.812440,4982.545651,0.122449,0.877551,11682 11893 12113 12118 12231 12232 12240 12361 12362 12475 12476 12477 12484 12597 12730
moead,513_e-05,19,7,1150,23,29467011.812440,4982.545651,0.142857,0.857143,11682 11893 12113 12118 12231 12232 12240 12361 12362 12475 12476 12477 12484 12597 12730
moead,513_e-05,19,8,1150,23,29467011.812440,4982.545651,0.163265,0.836735,11682 11893 12113 12118 12231 12232 12240 12361 12362 12475 12476 12477 12484 12597 12730
moead,513_e-05,19,9,1150,23,29467011.812440,4982.545651,0.183673,0.816327,11682 11893 12113 12118 12231 12232 12240 12361 12362 12475 12476 12477 12484 12597 12730
moead,513_e-05,19,10,1150,23,29467011.812440,4982.545651,0.204082,0.795918,11682 11893 12113 12118 12231 12232 12240 12361 12362 12475 12476 12477 12484 12597 12730
moead,513_e-05,19,11,1150,23,29466401.464043,4888.787693,0.224490,0.775510,11882 12005 12113 12118 12231 12232 12240 12361 12362 12475 12476 12477 12484 12597 12730
moead,513_e-05,19,12,1150,23,29462442.582399,4884.219177,0.244898,0.755102,11882 12005 12113 12118 12231 12232 12240 12361 12362 12475 12476 12477 12484 12597 12599
moead,513_e-05,19,13,1150,23,29462442.582399,4884.219177,0.265306,0.734694,11882 12005 12113 12118 12231 12232 12240 12361 12362 12475 12476 12477 12484 12597 12599
moead,513_e-05,19,14,1150,23,29462442.582399,4884.219177,0.285714,0.714286,11882 12005 12113 12118 12231 12232 12240 12361 12362 12475 12476 12477 12484 12597 12599
moead,513_e-05,19,15,1150,23,29462442.582399,4884.219177,0.306122,0.693878,11882 12005 12113 12118 12231 12232 12240 12361 12362 12475 12476 12477 12484 12597 12599
moead,513_e-05,19,16,1150,23,29462442.582399,4884.219177,0.326531,0.673469,11882 12005 12113 12118 12231 12232 12240 12361 12362 12475 12476 12477 12484 12597 12599
moead,513_e-05,19,17,1150,23,29462442.582399,4884.219177,0.346939,0.653061,11882 12005 12113 12118 12231 12232 12240 12361 12362 12475 12476 12477 12484 12597 12599
moead,513_e-05,19,18,1150,23,29462442.582399,4884.219177,0.367347,0.632653,11882 12005 12113 12118 12231 12232 12240 12361 12362 12475 12476 12477 12484 12597 12599
moead,513_e-05,19,19,1150,23,29462442.582399,4884.219177,0.387755,0.612245,11882 12005 12113 12118 12231 12232 12240 12361 12362 12475 12476 12477 12484 12597 12599
moead,513_e-05,19,20,1150,23,29462442.582399,4884.219177,0.408163,0.591837,11882 12005 12113 12118 12231 12232 12240 12361 12362 12475 12476 12477 12484 12597 12599
moead,513_e-05,19,21,1150,23,29462442.582399,4884.219177,0.428571,0.571429,11882 12005 12113 12118 12231 12232 12240 12361 12362 12475 12476 12477 12484 12597 12599
moead,513_e-05,19,22,1150,23,29462442.582399,4884.219177,0.448980,0.551020,11882 12005 12113 12118 12231 12232 12240 12361 12362 12475 12476 12477 12484 12597 12599
moead,513_e-05,19,23,1150,23,29462442.582399,4884.219177,0.469388,0.530612,11882 12005 12113 12118 12231 12232 12240 12361 12362 12475 12476 12477 12484 12597 12599
moead,513_e-05,19,24,1150,23,29462442.582399,4884.219177,0.489796,0.510204,11882 12005 12113 12118 12231 12232 12240 12361 12362 12475 12476 12477 12484 12597 12599
moead,513_e-05,19,25,1150,23,29462442.582399,4884.219177,0.510204,0.489796,11882 12005 12113 12118 12231 12232 12240 12361 12362 12475 12476 12477 12484 12597 12599
moead,513_e-05,19,26,1150,23,29462442.582399,4884.219177,0.530612,0.469388,11882 12005 12113 12118 12231 12232 12240 12361 12362 12475 12476 12477 12484 12597 12599
moead,513_e-05,19,27,1150,23,29462442.582399,4884.219177,0.551020,0.448980,11882 12005 12113 12118 12231 12232 12240 12361 12362 12475 12476 12477 12484 12597 12599
moead,513_e-05,19,28,1150,23,29462442.582399,4884.219177,0.571429,0.428571,11882 12005 12113 12118 12231 12232 12240 12361 12362 12475 12476 12477 12484 12597 12599
moead,513_e-05,19,29,1150,23,29462442.582399,4884.219177,0.591837,0.408163,11882 12005 12113 12118 12231 12232 12240 12361 12362 12475 12476 12477 12484 12597 12599
moead,513_e-05,19,30,1150,23,29461947.641252,4874.938634,0.612245,0.387755,11882 12005 12113 12118 12231 12232 12240 12361 12475 12476 12477 12478 12484 12597 12599
moead,513_e-05,19,31,1150,23,29461947.641252,4874.938634,0.632653,0.367347,11882 12005 12113 12118 12231 12232 12240 12361 12475 12476 12477 12478 12484 12597 12599
moead,513_e-05,19,32,1150,23,29461947.641252,4874.938634,0.653061,0.346939,11882 12005 12113 12118 12231 12232 12240 12361 12475 12476 12477 12478 12484 12597 12599
moead,513_e-05,19,33,1150,23,29461947.641252,4874.938634,0.673469,0.326531,11882 12005 12113 12118 12231 12232 12240 12361 12475 12476 12477 12478 12484 12597 12599
moead,513_e-05,19,34,1150,23,29461947.641252,4874.938634,0.693878,0.306122,11882 12005 12113 12118 12231 12232 12240 12361 12475 12476 12477 12478 12484 12597 12599
moead,513_e-05,19,35,1150,23,29461947.641252,4874.938634,0.714286,0.285714,11882 12005 12113 12118 12231 12232 12240 12361 12475 12476 12477 12478 12484 12597 12599
moead,513_e-05,19,36,1150,23,29461947.641252,4874.938634,0.734694,0.265306,11882 12005 12113 12118 12231 12232 12240 12361 12475 12476 12477 12478 12484 12597 12599
moead,513_e-05,19,37,1150,23,29461947.641252,4874.938634,0.755102,0.244898,11882 12005 12113 12118 12231 12232 12240 12361 12475 12476 12477 12478 12484 12597 12599
moead,513_e-05,19,38,1150,23,29461476.004826,4874.922200,0.775510,0.224490,11882 12005 12110 12113 12118 12231 12232 12240 12361 12475 12476 12477 12478 12597 12599
moead,513_e-05,19,39,1150,23,29461476.004826,4874.922200,0.795918,0.204082,11882 12005 12110 12113 12118 12231 12232 12240 12361 12475 12476 12477 12478 12597 12599
moead,513_e-05,19,40,1150,23,29461476.004826,4874.922200,0.816327,0.183673,11882 12005 12110 12113 12118 12231 12232 12240 12361 12475 12476 12477 12478 12597 12599
moead,513_e-05,19,41,1150,23,29461476.004826,4874.922200,0.836735,0.163265,11882 12005 12110 12113 12118 12231 12232 12240 12361 12475 12476 12477 12478 12597 12599
moead,513_e-05,19,42,1150,23,29461476.004826,4874.922200,0.857143,0.142857,11882 12005 12110 12113 12118 12231 12232 12240 12361 12475 12476 12477 12478 12597 12599
moead,513_e-05,19,43,1150,23,29461476.004826,4874.922200,0.877551,0.122449,11882 12005 12110 12113 12118 12231 12232 12240 12361 12475 12476 12477 12478 12597 12599
moead,513_e-05,19,44,1150,23,29461476.004826,4874.922200,0.897959,0.102041,11882 12005 12110 12113 12118 12231 12232 12240 12361 12475 12476 12477 12478 12597 12599
moead,513_e-05,19,45,1150,23,29461476.004826,4874.922200,0.918367,0.081633,11882 12005 12110 12113 12118 12231 12232 12240 12361 12475 12476 12477 12478 12597 12599
moead,513_e-05,19,46,1150,23,29461476.004826,4874.922200,0.938776,0.061224,11882 12005 12110 12113 12118 12231 12232 12240 12361 12475 12476 12477 12478 12597 12599
moead,513_e-05,19,47,1150,23,29461476.004826,4874.922200,0.959184,0.040816,11882 12005 12110 12113 12118 12231 12232 12240 12361 12475 12476 12477 12478 12597 12599
moead,513_e-05,19,48,1150,23,29461476.004826,4874.922200,0.979592,0.020408,11882 12005 12110 12113 12118 12231 12232 12240 12361 12475 12476 12477 12478 12597 12599
moead,513_e-05,19,49,1150,23,29461476.004826,4874.922200,1.000000,0.000000,11882 12005 12110 12113 12118 12231 12232 12240 12361 12475 12476 12477 12478 12597 12599
moead,513_e-05,19,0,1200,24,36211250.354925,6394.922775,0.000000,1.000000,8715 11410 41963 52132 72572 96399 97869 119976 129403 129924 135141 160224 163640 169637 178924
moead,513_e-05,19,1,1200,24,29519304.095185,5203.747852,0.020408,0.979592,11691 11774 11882 11992 11994 12207 12228 12362 12475 12487 12597 12713 12730 12737 12840
moead,513_e-05,19,2,1200,24,29490443.632035,5102.012294,0.040816,0.959184,11565 11774 11882 11992 11994 12228 12231 12362 12475 12476 12484 12485 12597 12715 12840
moead,513_e-05,19,3,1200,24,29477192.436163,5092.005795,0.061224,0.938776,11682 11765 11893 12113 12118 12231 12232 12240 12361 12362 12475 12476 12477 12484 12730
moead,513_e-05,19,4,1200,24,29477192.436163,5092.005795,0.081633,0.918367,11682 11765 11893 12113 12118 12231 12232 12240 12361 12362 12475 12476 12477 12484 12730
moead,513_e-05,19,5,1200,24,29473003.309321,4982.693217,0.102041,0.897959,11682 11882 11893 12113 12118 12231 12232 12240 12362 12475 12476 12597 12715 12730 12840
moead,513_e-05,19,6,1200,24,29467011.812440,4982.545651,0.122449,0.877551,11682 11893 12113 12118 12231 12232 12240 12361 12362 12475 12476 12477 12484 12597 12730
moead,513_e-05,19,7,1200,24,29467011.812440,4982.545651,0.142857,0.857143,11682 11893 12113 12118 12231 12232 12240 12361 12362 12475 12476 12477 12484 12597 12730
moead,513_e-05,19,8,1200,24,29467011.812440,4982.545651,0.163265,0.836735,11682 11893 12113 12118 12231 12232 12240 12361 12362 12475 12476 12477 12484 12597 12730
moead,513_e-05,19,9,1200,24,29467011.812440,4982.545651,0.183673,0.816327,11682 11893 12113 12118 12231 12232 12240 12361 12362 12475 12476 12477 12484 12597 12730
moead,513_e-05,19,10,1200,24,29467011.812440,4982.545651,0.204082,0.795918,11682 11893 12113 12118 12231 12232 12240 12361 12362 12475 12476 12477 12484 12597 12730
moead,513_e-05,19,11,1200,24,29466401.464043,4888.787693,0.224490,0.775510,11882 12005 12113 12118 12231 12232 12240 12361 12362 12475 12476 12477 12484 12597 12730
moead,513_e-05,19,12,1200,24,29462442.582399,4884.219177,0.244898,0.755102,11882 12005 12113 12118 12231 12232 12240 12361 12362 12475 12476 12477 12484 12597 12599
moead,513_e-05,19,13,1200,24,29462442.582399,4884.219177,0.265306,0.734694,11882 12005 12113 12118 12231 12232 12240 12361 12362 12475 12476 12477 12484 12597 12599
moead,513_e-05,19,14,1200,24,29462442.582399,4884.219177,0.285714,0.714286,11882 12005 12113 12118 12231 12232 12240 12361 12362 12475 12476 12477 12484 12597 12599
moead,513_e-05,19,15,1200,24,29462442.582399,4884.219177,0.306122,0.693878,11882 12005 12113 12118 12231 12232 12240 12361 12362 12475 12476 12477 12484 12597 12599
moead,513_e-05,19,16,1200,24,29462442.582399,4884.219177,0.326531,0.673469,11882 12005 12113 12118 12231 12232 12240 12361 12362 12475 12476 12477 12484 12597 12599
moead,513_e-05,19,17,1200,24,29462442.582399,4884.219177,0.346939,0.653061,11882 12005 12113 12118 12231 12232 12240 12361 12362 12475 12476 12477 12484 12597 12599
moead,513_e-05,19,18,1200,24,29462442.582399,4884.219177,0.367347,0.632653,11882 12005 12113 12118 12231 12232 12240 12361 12362 12475 12476 12477 12484 12597 12599
moead,513_e-05,19,19,1200,24,29462442.582399,4884.219177,0.387755,0.612245,11882 12005 12113 12118 12231 12232 12240 12361 12362 12475 12476 12477 12484 12597 12599
moead,513_e-05,19,20,1200,24,29462442.582399,4884.219177,0.408163,0.591837,11882 12005 12113 12118 12231 12232 12240 12361 12362 12475 12476 12477 12484 12597 12599
moead,513_e-05,19,21,1200,24,29462442.582399,4884.219177,0.428571,0.571429,11882 12005 12113 12118 12231 12232 12240 12361 12362 12475 12476 12477 12484 12597 12599
moead,513_e-05,19,22,1200,24,29462442.582399,4884.219177,0.448980,0.551020,11882 12005 12113 12118 12231 12232 12240 12361 12362 12475 12476 12477 12484 12597 12599
moead,513_e-05,19,23,1200,24,29462442.582399,4884.219177,0.469388,0.530612,11882 12005 12113 12118 12231 12232 12240 12361 12362 12475 12476 12477 12484 12597 12599
moead,513_e-05,19,24,1200,24,29462442.582399,4884.219177,0.489796,0.510204,11882 12005 12113 12118 12231 12232 12240 12361 12362 12475 12476 12477 12484 12597 12599
moead,513_e-05,19,25,1200,24,29462442.582399,4884.219177,0.510204,0.489796,11882 12005 12113 12118 12231 12232 12240 12361 12362 12475 12476 12477 12484 12597 12599
moead,513_e-05,19,26,1200,24,29462442.582399,4884.219177,0.530612,0.469388,11882 12005 12113 12118 12231 12232 12240 12361 12362 12475 12476 12477 12484 12597 12599
moead,513_e-05,19,27,1200,24,29462442.582399,4884.219177,0.551020,0.448980,11882 12005 12113 12118 12231 12232 12240 12361 12362 12475 12476 12477 12484 12597 12599
moead,513_e-05,19,28,1200,24,29462442.582399,4884.219177,0.571429,0.428571,11882 12005 12113 12118 12231 12232 12240 12361 12362 12475 12476 12477 12484 12597 12599
moead,513_e-05,19,29,1200,24,29462442.582399,4884.219177,0.591837,0.408163,11882 12005 12113 12118 12231 12232 12240 12361 12362 12475 12476 12477 12484 12597 12599
moead,513_e-05,19,30,1200,24,29461947.641252,4874.938634,0.612245,0.387755,11882 12005 12113 12118 12231 12232 12240 12361 12475 12476 12477 12478 12484 12597 12599
moead,513_e-05,19,31,1200,24,29461947.641252,4874.938634,0.632653,0.367347,11882 12005 12113 12118 12231 12232 12240 12361 12475 12476 12477 12478 12484 12597 12599
moead,513_e-05,19,32,1200,24,29461947.641252,4874.938634,0.653061,0.346939,11882 12005 12113 12118 12231 12232 12240 12361 12475 12476 12477 12478 12484 12597 12599
moead,513_e-05,19,33,1200,24,29461947.641252,4874.938634,0.673469,0.326531,11882 12005 12113 12118 12231 12232 12240 12361 12475 12476 12477 12478 12484 12597 12599
moead,513_e-05,19,34,1200,24,29461947.641252,4874.938634,0.693878,0.306122,11882 12005 12113 12118 12231 12232 12240 12361 12475 12476 12477 12478 12484 12597 12599
moead,513_e-05,19,35,1200,24,29461947.641252,4874.938634,0.714286,0.285714,11882 12005 12113 12118 12231 12232 12240 12361 12475 12476 12477 12478 12484 12597 12599
moead,513_e-05,19,36,1200,24,29461947.641252,4874.938634,0.734694,0.265306,11882 12005 12113 12118 12231 12232 12240 12361 12475 12476 12477 12478 12484 12597 12599
moead,513_e-05,19,37,1200,24,29461947.641252,4874.938634,0.755102,0.244898,11882 12005 12113 12118 12231 12232 12240 12361 12475 12476 12477 12478 12484 12597 12599
moead,513_e-05,19,38,1200,24,29461476.004826,4874.922200,0.775510,0.224490,11882 12005 12110 12113 12118 12231 12232 12240 12361 12475 12476 12477 12478 12597 12599
moead,513_e-05,19,39,1200,24,29461476.004826,4874.922200,0.795918,0.204082,11882 12005 12110 12113 12118 12231 12232 12240 12361 12475 12476 12477 12478 12597 12599
moead,513_e-05,19,40,1200,24,29461476.004826,4874.922200,0.816327,0.183673,11882 12005 12110 12113 12118 12231 12232 12240 12361 12475 12476 12477 12478 12597 12599
moead,513_e-05,19,41,1200,24,29461476.004826,4874.922200,0.836735,0.163265,11882 12005 12110 12113 12118 12231 12232 12240 12361 12475 12476 12477 12478 12597 12599
moead,513_e-05,19,42,1200,24,29461476.004826,4874.922200,0.857143,0.142857,11882 12005 12110 12113 12118 12231 12232 12240 12361 12475 12476 12477 12478 12597 12599
moead,513_e-05,19,43,1200,24,29461476.004826,4874.922200,0.877551,0.122449,11882 12005 12110 12113 12118 12231 12232 12240 12361 12475 12476 12477 12478 12597 12599
moead,513_e-05,19,44,1200,24,29461476.004826,4874.922200,0.897959,0.102041,11882 12005 12110 12113 12118 12231 12232 12240 12361 12475 12476 12477 12478 12597 12599
moead,513_e-05,19,45,1200,24,29461476.004826,4874.922200,0.918367,0.081633,11882 12005 12110 12113 12118 12231 12232 12240 12361 12475 12476 12477 12478 12597 12599
moead,513_e-05,19,46,1200,24,29461476.004826,4874.922200,0.938776,0.061224,11882 12005 12110 12113 12118 12231 12232 12240 12361 12475 12476 12477 12478 12597 12599
moead,513_e-05,19,47,1200,24,29461476.004826,4874.922200,0.959184,0.040816,11882 12005 12110 12113 12118 12231 12232 12240 12361 12475 12476 12477 12478 12597 12599
moead,513_e-05,19,48,1200,24,29461476.004826,4874.922200,0.979592,0.020408,11882 12005 12110 12113 12118 12231 12232 12240 12361 12475 12476 12477 12478 12597 12599
moead,513_e-05,19,49,1200,24,29461476.004826,4874.922200,1.000000,0.000000,11882 12005 12110 12113 12118 12231 12232 12240 12361 12475 12476 12477 12478 12597 12599
moead,513_e-05,19,0,1250,25,36791955.767859,6394.922775,0.000000,1.000000,8715 41963 52132 72572 96399 100725 115810 116594 118135 129403 129924 160224 163640 169637 178924
moead,513_e-05,19,1,1250,25,29519304.095185,5203.747852,0.020408,0.979592,11691 11774 11882 11992 11994 12207 12228 12362 12475 12487 12597 12713 12730 12737 12840
moead,513_e-05,19,2,1250,25,29490443.632035,5102.012294,0.040816,0.959184,11565 11774 11882 11992 11994 12228 12231 12362 12475 12476 12484 12485 12597 12715 12840
moead,513_e-05,19,3,1250,25,29477192.436163,5092.005795,0.061224,0.938776,11682 11765 11893 12113 12118 12231 12232 12240 12361 12362 12475 12476 12477 12484 12730
moead,513_e-05,19,4,1250,25,29477192.436163,5092.005795,0.081633,0.918367,11682 11765 11893 12113 12118 12231 12232 12240 12361 12362 12475 12476 12477 12484 12730
moead,513_e-05,19,5,1250,25,29473003.309321,4982.693217,0.102041,0.897959,11682 11882 11893 12113 12118 12231 12232 12240 12362 12475 12476 12597 12715 12730 12840
moead,513_e-05,19,6,1250,25,29467011.812440,4982.545651,0.122449,0.877551,11682 11893 12113 12118 12231 12232 12240 12361 12362 12475 12476 12477 12484 12597 12730
moead,513_e-05,19,7,1250,25,29467011.812440,4982.545651,0.142857,0.857143,11682 11893 12113 12118 12231 12232 12240 12361 12362 12475 12476 12477 12484 12597 12730
moead,513_e-05,19,8,1250,25,29467011.812440,4982.545651,0.163265,0.836735,11682 11893 12113 12118 12231 12232 12240 12361 12362 12475 12476 12477 12484 12597 12730
moead,513_e-05,19,9,1250,25,29467011.812440,4982.545651,0.183673,0.816327,11682 11893 12113 12118 12231 12232 12240 12361 12362 12475 12476 12477 12484 12597 12730
moead,513_e-05,19,10,1250,25,29467011.812440,4982.545651,0.204082,0.795918,11682 11893 12113 12118 12231 12232 12240 12361 12362 12475 12476 12477 12484 12597 12730
moead,513_e-05,19,11,1250,25,29466401.464043,4888.787693,0.224490,0.775510,11882 12005 12113 12118 12231 12232 12240 12361 12362 12475 12476 12477 12484 12597 12730
moead,513_e-05,19,12,1250,25,29462190.374541,4884.219177,0.244898,0.755102,11882 12005 12113 12118 12232 12239 12240 12361 12362 12475 12476 12477 12484 12597 12599
moead,513_e-05,19,13,1250,25,29462190.374541,4884.219177,0.265306,0.734694,11882 12005 12113 12118 12232 12239 12240 12361 12362 12475 12476 12477 12484 12597 12599
moead,513_e-05,19,14,1250,25,29462190.374541,4884.219177,0.285714,0.714286,11882 12005 12113 12118 12232 12239 12240 12361 12362 12475 12476 12477 12484 12597 12599
moead,513_e-05,19,15,1250,25,29462190.374541,4884.219177,0.306122,0.693878,11882 12005 12113 12118 12232 12239 12240 12361 12362 12475 12476 12477 12484 12597 12599
moead,513_e-05,19,16,1250,25,29462190.374541,4884.219177,0.326531,0.673469,11882 12005 12113 12118 12232 12239 12240 12361 12362 12475 12476 12477 12484 12597 12599
moead,513_e-05,19,17,1250,25,29462190.374541,4884.219177,0.346939,0.653061,11882 12005 12113 12118 12232 12239 12240 12361 12362 12475 12476 12477 12484 12597 12599
moead,513_e-05,19,18,1250,25,29462190.374541,4884.219177,0.367347,0.632653,11882 12005 12113 12118 12232 12239 12240 12361 12362 12475 12476 12477 12484 12597 12599
moead,513_e-05,19,19,1250,25,29462190.374541,4884.219177,0.387755,0.612245,11882 12005 12113 12118 12232 12239 12240 12361 12362 12475 12476 12477 12484 12597 12599
moead,513_e-05,19,20,1250,25,29462190.374541,4884.219177,0.408163,0.591837,11882 12005 12113 12118 12232 12239 12240 12361 12362 12475 12476 12477 12484 12597 12599
moead,513_e-05,19,21,1250,25,29462190.374541,4884.219177,0.428571,0.571429,11882 12005 12113 12118 12232 12239 12240 12361 12362 12475 12476 12477 12484 12597 12599
moead,513_e-05,19,22,1250,25,29462190.374541,4884.219177,0.448980,0.551020,11882 12005 12113 12118 12232 12239 12240 12361 12362 12475 12476 12477 12484 12597 12599
moead,513_e-05,19,23,1250,25,29462190.374541,4884.219177,0.469388,0.530612,11882 12005 12113 12118 12232 12239 12240 12361 12362 12475 12476 12477 12484 12597 12599
moead,513_e-05,19,24,1250,25,29462190.374541,4884.219177,0.489796,0.510204,11882 12005 12113 12118 12232 12239 12240 12361 12362 12475 12476 12477 12484 12597 12599
moead,513_e-05,19,25,1250,25,29462190.374541,4884.219177,0.510204,0.489796,11882 12005 12113 12118 12232 12239 12240 12361 12362 12475 12476 12477 12484 12597 12599
moead,513_e-05,19,26,1250,25,29462190.374541,4884.219177,0.530612,0.469388,11882 12005 12113 12118 12232 12239 12240 12361 12362 12475 12476 12477 12484 12597 12599
moead,513_e-05,19,27,1250,25,29462190.374541,4884.219177,0.551020,0.448980,11882 12005 12113 12118 12232 12239 12240 12361 12362 12475 12476 12477 12484 12597 12599
moead,513_e-05,19,28,1250,25,29462190.374541,4884.219177,0.571429,0.428571,11882 12005 12113 12118 12232 12239 12240 12361 12362 12475 12476 12477 12484 12597 12599
moead,513_e-05,19,29,1250,25,29462190.374541,4884.219177,0.591837,0.408163,11882 12005 12113 12118 12232 12239 12240 12361 12362 12475 12476 12477 12484 12597 12599
moead,513_e-05,19,30,1250,25,29462190.374541,4884.219177,0.612245,0.387755,11882 12005 12113 12118 12232 12239 12240 12361 12362 12475 12476 12477 12484 12597 12599
moead,513_e-05,19,31,1250,25,29462190.374541,4884.219177,0.632653,0.367347,11882 12005 12113 12118 12232 12239 12240 12361 12362 12475 12476 12477 12484 12597 12599
moead,513_e-05,19,32,1250,25,29462190.374541,4884.219177,0.653061,0.346939,11882 12005 12113 12118 12232 12239 12240 12361 12362 12475 12476 12477 12484 12597 12599
moead,513_e-05,19,33,1250,25,29462190.374541,4884.219177,0.673469,0.326531,11882 12005 12113 12118 12232 12239 12240 12361 12362 12475 12476 12477 12484 12597 12599
moead,513_e-05,19,34,1250,25,29461947.641252,4874.938634,0.693878,0.306122,11882 12005 12113 12118 12231 12232 12240 12361 12475 12476 12477 12478 12484 12597 12599
moead,513_e-05,19,35,1250,25,29461947.641252,4874.938634,0.714286,0.285714,11882 12005 12113 12118 12231 12232 12240 12361 12475 12476 12477 12478 12484 12597 12599
moead,513_e-05,19,36,1250,25,29461947.641252,4874.938634,0.734694,0.265306,11882 12005 12113 12118 12231 12232 12240 12361 12475 12476 12477 12478 12484 12597 12599
moead,513_e-05,19,37,1250,25,29461947.641252,4874.938634,0.755102,0.244898,11882 12005 12113 12118 12231 12232 12240 12361 12475 12476 12477 12478 12484 12597 12599
moead,513_e-05,19,38,1250,25,29461476.004826,4874.922200,0.775510,0.224490,11882 12005 12110 12113 12118 12231 12232 12240 12361 12475 12476 12477 12478 12597 12599
moead,513_e-05,19,39,1250,25,29461476.004826,4874.922200,0.795918,0.204082,11882 12005 12110 12113 12118 12231 12232 12240 12361 12475 12476 12477 12478 12597 12599
moead,513_e-05,19,40,1250,25,29461476.004826,4874.922200,0.816327,0.183673,11882 12005 12110 12113 12118 12231 12232 12240 12361 12475 12476 12477 12478 12597 12599
moead,513_e-05,19,41,1250,25,29461476.004826,4874.922200,0.836735,0.163265,11882 12005 12110 12113 12118 12231 12232 12240 12361 12475 12476 12477 12478 12597 12599
moead,513_e-05,19,42,1250,25,29461476.004826,4874.922200,0.857143,0.142857,11882 12005 12110 12113 12118 12231 12232 12240 12361 12475 12476 12477 12478 12597 12599
moead,513_e-05,19,43,1250,25,29461476.004826,4874.922200,0.877551,0.122449,11882 12005 12110 12113 12118 12231 12232 12240 12361 12475 12476 12477 12478 12597 12599
moead,513_e-05,19,44,1250,25,29461476.004826,4874.922200,0.897959,0.102041,11882 12005 12110 12113 12118 12231 12232 12240 12361 12475 12476 12477 12478 12597 12599
moead,513_e-05,19,45,1250,25,29461476.004826,4874.922200,0.918367,0.081633,11882 12005 12110 12113 12118 12231 12232 12240 12361 12475 12476 12477 12478 12597 12599
moead,513_e-05,19,46,1250,25,29461476.004826,4874.922200,0.938776,0.061224,11882 12005 12110 12113 12118 12231 12232 12240 12361 12475 12476 12477 12478 12597 12599
moead,513_e-05,19,47,1250,25,29461476.004826,4874.922200,0.959184,0.040816,11882 12005 12110 12113 12118 12231 12232 12240 12361 12475 12476 12477 12478 12597 12599
moead,513_e-05,19,48,1250,25,29461476.004826,4874.922200,0.979592,0.020408,11882 12005 12110 12113 12118 12231 12232 12240 12361 12475 12476 12477 12478 12597 12599
moead,513_e-05,19,49,1250,25,29461476.004826,4874.922200,1.000000,0.000000,11882 12005 12110 12113 12118 12231 12232 12240 12361 12475 12476 12477 12478 12597 12599
moead,513_e-05,19,0,1300,26,36102578.769883,6394.922775,0.000000,1.000000,8715 12840 30403 41963 51704 52132 84529 116594 118135 126755 129403 129924 160224 169637 174652
moead,513_e-05,19,1,1300,26,29519304.095185,5203.747852,0.020408,0.979592,11691 11774 11882 11992 11994 12207 12228 12362 12475 12487 12597 12713 12730 12737 12840
moead,513_e-05,19,2,1300,26,29490443.632035,5102.012294,0.040816,0.959184,11565 11774 11882 11992 11994 12228 12231 12362 12475 12476 12484 12485 12597 12715 12840
moead,513_e-05,19,3,1300,26,29477192.436163,5092.005795,0.061224,0.938776,11682 11765 11893 12113 12118 12231 12232 12240 12361 12362 12475 12476 12477 12484 12730
moead,513_e-05,19,4,1300,26,29477192.436163,5092.005795,0.081633,0.918367,11682 11765 11893 12113 12118 12231 12232 12240 12361 12362 12475 12476 12477 12484 12730
moead,513_e-05,19,5,1300,26,29473003.309321,4982.693217,0.102041,0.897959,11682 11882 11893 12113 12118 12231 12232 12240 12362 12475 12476 12597 12715 12730 12840
moead,513_e-05,19,6,1300,26,29467011.812440,4982.545651,0.122449,0.877551,11682 11893 12113 12118 12231 12232 12240 12361 12362 12475 12476 12477 12484 12597 12730
moead,513_e-05,19,7,1300,26,29467011.812440,4982.545651,0.142857,0.857143,11682 11893 12113 12118 12231 12232 12240 12361 12362 12475 12476 12477 12484 12597 12730
moead,513_e-05,19,8,1300,26,29467011.812440,4982.545651,0.163265,0.836735,11682 11893 12113 12118 12231 12232 12240 12361 12362 12475 12476 12477 12484 12597 12730
moead,513_e-05,19,9,1300,26,29467011.812440,4982.545651,0.183673,0.816327,11682 11893 12113 12118 12231 12232 12240 12361 12362 12475 12476 12477 12484 12597 12730
moead,513_e-05,19,10,1300,26,29467011.812440,4982.545651,0.204082,0.795918,11682 11893 12113 12118 12231 12232 12240 12361 12362 12475 12476 12477 12484 12597 12730
moead,513_e-05,19,11,1300,26,29466401.464043,4888.787693,0.224490,0.775510,11882 12005 12113 12118 12231 12232 12240 12361 12362 12475 12476 12477 12484 12597 12730
moead,513_e-05,19,12,1300,26,29462190.374541,4884.219177,0.244898,0.755102,11882 12005 12113 12118 12232 12239 12240 12361 12362 12475 12476 12477 12484 12597 12599
moead,513_e-05,19,13,1300,26,29462190.374541,4884.219177,0.265306,0.734694,11882 12005 12113 12118 12232 12239 12240 12361 12362 12475 12476 12477 12484 12597 12599
moead,513_e-05,19,14,1300,26,29462190.374541,4884.219177,0.285714,0.714286,11882 12005 12113 12118 12232 12239 12240 12361 12362 12475 12476 12477 12484 12597 12599
moead,513_e-05,19,15,1300,26,29462190.374541,4884.219177,0.306122,0.693878,11882 12005 12113 12118 12232 12239 12240 12361 12362 12475 12476 12477 12484 12597 12599
moead,513_e-05,19,16,1300,26,29462190.374541,4884.219177,0.326531,0.673469,11882 12005 12113 12118 12232 12239 12240 12361 12362 12475 12476 12477 12484 12597 12599
moead,513_e-05,19,17,1300,26,29462190.374541,4884.219177,0.346939,0.653061,11882 12005 12113 12118 12232 12239 12240 12361 12362 12475 12476 12477 12484 12597 12599
moead,513_e-05,19,18,1300,26,29462190.374541,4884.219177,0.367347,0.632653,11882 12005 12113 12118 12232 12239 12240 12361 12362 12475 12476 12477 12484 12597 12599
moead,513_e-05,19,19,1300,26,29462190.374541,4884.219177,0.387755,0.612245,11882 12005 12113 12118 12232 12239 12240 12361 12362 12475 12476 12477 12484 12597 12599
moead,513_e-05,19,20,1300,26,29462190.374541,4884.219177,0.408163,0.591837,11882 12005 12113 12118 12232 12239 12240 12361 12362 12475 12476 12477 12484 12597 12599
moead,513_e-05,19,21,1300,26,29462190.374541,4884.219177,0.428571,0.571429,11882 12005 12113 12118 12232 12239 12240 12361 12362 12475 12476 12477 12484 12597 12599
moead,513_e-05,19,22,1300,26,29462190.374541,4884.219177,0.448980,0.551020,11882 12005 12113 12118 12232 12239 12240 12361 12362 12475 12476 12477 12484 12597 12599
moead,513_e-05,19,23,1300,26,29462190.374541,4884.219177,0.469388,0.530612,11882 12005 12113 12118 12232 12239 12240 12361 12362 12475 12476 12477 12484 12597 12599
moead,513_e-05,19,24,1300,26,29462190.374541,4884.219177,0.489796,0.510204,11882 12005 12113 12118 12232 12239 12240 12361 12362 12475 12476 12477 12484 12597 12599
moead,513_e-05,19,25,1300,26,29462190.374541,4884.219177,0.510204,0.489796,11882 12005 12113 12118 12232 12239 12240 12361 12362 12475 12476 12477 12484 12597 12599
moead,513_e-05,19,26,1300,26,29462190.374541,4884.219177,0.530612,0.469388,11882 12005 12113 12118 12232 12239 12240 12361 12362 12475 12476 12477 12484 12597 12599
moead,513_e-05,19,27,1300,26,29462190.374541,4884.219177,0.551020,0.448980,11882 12005 12113 12118 12232 12239 12240 12361 12362 12475 12476 12477 12484 12597 12599
moead,513_e-05,19,28,1300,26,29462190.374541,4884.219177,0.571429,0.428571,11882 12005 12113 12118 12232 12239 12240 12361 12362 12475 12476 12477 12484 12597 12599
moead,513_e-05,19,29,1300,26,29462190.374541,4884.219177,0.591837,0.408163,11882 12005 12113 12118 12232 12239 12240 12361 12362 12475 12476 12477 12484 12597 12599
moead,513_e-05,19,30,1300,26,29462190.374541,4884.219177,0.612245,0.387755,11882 12005 12113 12118 12232 12239 12240 12361 12362 12475 12476 12477 12484 12597 12599
moead,513_e-05,19,31,1300,26,29462190.374541,4884.219177,0.632653,0.367347,11882 12005 12113 12118 12232 12239 12240 12361 12362 12475 12476 12477 12484 12597 12599
moead,513_e-05,19,32,1300,26,29462190.374541,4884.219177,0.653061,0.346939,11882 12005 12113 12118 12232 12239 12240 12361 12362 12475 12476 12477 12484 12597 12599
moead,513_e-05,19,33,1300,26,29462190.374541,4884.219177,0.673469,0.326531,11882 12005 12113 12118 12232 12239 12240 12361 12362 12475 12476 12477 12484 12597 12599
moead,513_e-05,19,34,1300,26,29461947.641252,4874.938634,0.693878,0.306122,11882 12005 12113 12118 12231 12232 12240 12361 12475 12476 12477 12478 12484 12597 12599
moead,513_e-05,19,35,1300,26,29461947.641252,4874.938634,0.714286,0.285714,11882 12005 12113 12118 12231 12232 12240 12361 12475 12476 12477 12478 12484 12597 12599
moead,513_e-05,19,36,1300,26,29461947.641252,4874.938634,0.734694,0.265306,11882 12005 12113 12118 12231 12232 12240 12361 12475 12476 12477 12478 12484 12597 12599
moead,513_e-05,19,37,1300,26,29461947.641252,4874.938634,0.755102,0.244898,11882 12005 12113 12118 12231 12232 12240 12361 12475 12476 12477 12478 12484 12597 12599
moead,513_e-05,19,38,1300,26,29461476.004826,4874.922200,0.775510,0.224490,11882 12005 12110 12113 12118 12231 12232 12240 12361 12475 12476 12477 12478 12597 12599
moead,513_e-05,19,39,1300,26,29461476.004826,4874.922200,0.795918,0.204082,11882 12005 12110 12113 12118 12231 12232 12240 12361 12475 12476 12477 12478 12597 12599
moead,513_e-05,19,40,1300,26,29461476.004826,4874.922200,0.816327,0.183673,11882 12005 12110 12113 12118 12231 12232 12240 12361 12475 12476 12477 12478 12597 12599
moead,513_e-05,19,41,1300,26,29461476.004826,4874.922200,0.836735,0.163265,11882 12005 12110 12113 12118 12231 12232 12240 12361 12475 12476 12477 12478 12597 12599
moead,513_e-05,19,42,1300,26,29461476.004826,4874.922200,0.857143,0.142857,11882 12005 12110 12113 12118 12231 12232 12240 12361 12475 12476 12477 12478 12597 12599
moead,513_e-05,19,43,1300,26,29461476.004826,4874.922200,0.877551,0.122449,11882 12005 12110 12113 12118 12231 12232 12240 12361 12475 12476 12477 12478 12597 12599
moead,513_e-05,19,44,1300,26,29461476.004826,4874.922200,0.897959,0.102041,11882 12005 12110 12113 12118 12231 12232 12240 12361 12475 12476 12477 12478 12597 12599
moead,513_e-05,19,45,1300,26,29461476.004826,4874.922200,0.918367,0.081633,11882 12005 12110 12113 12118 12231 12232 12240 12361 12475 12476 12477 12478 12597 12599
moead,513_e-05,19,46,1300,26,29461476.004826,4874.922200,0.938776,0.061224,11882 12005 12110 12113 12118 12231 12232 12240 12361 12475 12476 12477 12478 12597 12599
moead,513_e-05,19,47,1300,26,29461476.004826,4874.922200,0.959184,0.040816,11882 12005 12110 12113 12118 12231 12232 12240 12361 12475 12476 12477 12478 12597 12599
moead,513_e-05,19,48,1300,26,29461476.004826,4874.922200,0.979592,0.020408,11882 12005 12110 12113 12118 12231 12232 12240 12361 12475 12476 12477 12478 12597 12599
moead,513_e-05,19,49,1300,26,29461476.004826,4874.922200,1.000000,0.000000,11882 12005 12110 12113 12118 12231 12232 12240 12361 12475 12476 12477 12478 12597 12599
moead,513_e-05,19,0,1350,27,38202569.951435,6394.922775,0.000000,1.000000,37182 41963 60453 60685 84529 85208 104324 105988 116360 116594 126755 129924 144284 160224 169637
moead,513_e-05,19,1,1350,27,29519304.095185,5203.747852,0.020408,0.979592,11691 11774 11882 11992 11994 12207 12228 12362 12475 12487 12597 12713 12730 12737 12840
moead,513_e-05,19,2,1350,27,29488471.686920,5105.746715,0.040816,0.959184,11565 11774 11882 11992 11994 12228 12231 12240 12361 12362 12475 12476 12477 12484 12730
moead,513_e-05,19,3,1350,27,29477192.436163,5092.005795,0.061224,0.938776,11682 11765 11893 12113 12118 12231 12232 12240 12361 12362 12475 12476 12477 12484 12730
moead,513_e-05,19,4,1350,27,29477192.436163,5092.005795,0.081633,0.918367,11682 11765 11893 12113 12118 12231 12232 12240 12361 12362 12475 12476 12477 12484 12730
moead,513_e-05,19,5,1350,27,29473003.309321,4982.693217,0.102041,0.897959,11682 11882 11893 12113 12118 12231 12232 12240 12362 12475 12476 12597 12715 12730 12840
moead,513_e-05,19,6,1350,27,29467011.812440,4982.545651,0.122449,0.877551,11682 11893 12113 12118 12231 12232 12240 12361 12362 12475 12476 12477 12484 12597 12730
moead,513_e-05,19,7,1350,27,29467011.812440,4982.545651,0.142857,0.857143,11682 11893 12113 12118 12231 12232 12240 12361 12362 12475 12476 12477 12484 12597 12730
moead,513_e-05,19,8,1350,27,29467011.812440,4982.545651,0.163265,0.836735,11682 11893 12113 12118 12231 12232 12240 12361 12362 12475 12476 12477 12484 12597 12730
moead,513_e-05,19,9,1350,27,29467011.812440,4982.545651,0.183673,0.816327,11682 11893 12113 12118 12231 12232 12240 12361 12362 12475 12476 12477 12484 12597 12730
moead,513_e-05,19,10,1350,27,29467011.812440,4982.545651,0.204082,0.795918,11682 11893 12113 12118 12231 12232 12240 12361 12362 12475 12476 12477 12484 12597 12730
moead,513_e-05,19,11,1350,27,29466401.464043,4888.787693,0.224490,0.775510,11882 12005 12113 12118 12231 12232 12240 12361 12362 12475 12476 12477 12484 12597 12730
moead,513_e-05,19,12,1350,27,29463082.424671,4887.162223,0.244898,0.755102,11882 11890 12005 12118 12232 12239 12240 12361 12362 12475 12476 12477 12484 12597 12599
moead,513_e-05,19,13,1350,27,29463082.424671,4887.162223,0.265306,0.734694,11882 11890 12005 12118 12232 12239 12240 12361 12362 12475 12476 12477 12484 12597 12599
moead,513_e-05,19,14,1350,27,29463082.424671,4887.162223,0.285714,0.714286,11882 11890 12005 12118 12232 12239 12240 12361 12362 12475 12476 12477 12484 12597 12599
moead,513_e-05,19,15,1350,27,29463082.424671,4887.162223,0.306122,0.693878,11882 11890 12005 12118 12232 12239 12240 12361 12362 12475 12476 12477 12484 12597 12599
moead,513_e-05,19,16,1350,27,29463082.424671,4887.162223,0.326531,0.673469,11882 11890 12005 12118 12232 12239 12240 12361 12362 12475 12476 12477 12484 12597 12599
moead,513_e-05,19,17,1350,27,29463082.424671,4887.162223,0.346939,0.653061,11882 11890 12005 12118 12232 12239 12240 12361 12362 12475 12476 12477 12484 12597 12599
moead,513_e-05,19,18,1350,27,29463082.424671,4887.162223,0.367347,0.632653,11882 11890 12005 12118 12232 12239 12240 12361 12362 12475 12476 12477 12484 12597 12599
moead,513_e-05,19,19,1350,27,29463082.424671,4887.162223,0.387755,0.612245,11882 11890 12005 12118 12232 12239 12240 12361 12362 12475 12476 12477 12484 12597 12599
moead,513_e-05,19,20,1350,27,29463082.424671,4887.162223,0.408163,0.591837,11882 11890 12005 12118 12232 12239 12240 12361 12362 12475 12476 12477 12484 12597 12599
moead,513_e-05,19,21,1350,27,29463082.424671,4887.162223,0.428571,0.571429,11882 11890 12005 12118 12232 12239 12240 12361 12362 12475 12476 12477 12484 12597 12599
moead,513_e-05,19,22,1350,27,29463082.424671,4887.162223,0.448980,0.551020,11882 11890 12005 12118 12232 12239 12240 12361 12362 12475 12476 12477 12484 12597 12599
moead,513_e-05,19,23,1350,27,29463082.424671,4887.162223,0.469388,0.530612,11882 11890 12005 12118 12232 12239 12240 12361 12362 12475 12476 12477 12484 12597 12599
moead,513_e-05,19,24,1350,27,29462190.374541,4884.219177,0.489796,0.510204,11882 12005 12113 12118 12232 12239 12240 12361 12362 12475 12476 12477 12484 12597 12599
moead,513_e-05,19,25,1350,27,29462190.374541,4884.219177,0.510204,0.489796,11882 12005 12113 12118 12232 12239 12240 12361 12362 12475 12476 12477 12484 12597 12599
moead,513_e-05,19,26,1350,27,29462190.374541,4884.219177,0.530612,0.469388,11882 12005 12113 12118 12232 12239 12240 12361 12362 12475 12476 12477 12484 12597 12599
moead,513_e-05,19,27,1350,27,29462190.374541,4884.219177,0.551020,0.448980,11882 12005 12113 12118 12232 12239 12240 12361 12362 12475 12476 12477 12484 12597 12599
moead,513_e-05,19,28,1350,27,29462190.374541,4884.219177,0.571429,0.428571,11882 12005 12113 12118 12232 12239 12240 12361 12362 12475 12476 12477 12484 12597 12599
moead,513_e-05,19,29,1350,27,29462190.374541,4884.219177,0.591837,0.408163,11882 12005 12113 12118 12232 12239 12240 12361 12362 12475 12476 12477 12484 12597 12599
moead,513_e-05,19,30,1350,27,29462190.374541,4884.219177,0.612245,0.387755,11882 12005 12113 12118 12232 12239 12240 12361 12362 12475 12476 12477 12484 12597 12599
moead,513_e-05,19,31,1350,27,29462190.374541,4884.219177,0.632653,0.367347,11882 12005 12113 12118 12232 12239 12240 12361 12362 12475 12476 12477 12484 12597 12599
moead,513_e-05,19,32,1350,27,29462190.374541,4884.219177,0.653061,0.346939,11882 12005 12113 12118 12232 12239 12240 12361 12362 12475 12476 12477 12484 12597 12599
moead,513_e-05,19,33,1350,27,29462190.374541,4884.219177,0.673469,0.326531,11882 12005 12113 12118 12232 12239 12240 12361 12362 12475 12476 12477 12484 12597 12599
moead,513_e-05,19,34,1350,27,29461947.641252,4874.938634,0.693878,0.306122,11882 12005 12113 12118 12231 12232 12240 12361 12475 12476 12477 12478 12484 12597 12599
moead,513_e-05,19,35,1350,27,29461947.641252,4874.938634,0.714286,0.285714,11882 12005 12113 12118 12231 12232 12240 12361 12475 12476 12477 12478 12484 12597 12599
moead,513_e-05,19,36,1350,27,29461947.641252,4874.938634,0.734694,0.265306,11882 12005 12113 12118 12231 12232 12240 12361 12475 12476 12477 12478 12484 12597 12599
moead,513_e-05,19,37,1350,27,29461947.641252,4874.938634,0.755102,0.244898,11882 12005 12113 12118 12231 12232 12240 12361 12475 12476 12477 12478 12484 12597 12599
moead,513_e-05,19,38,1350,27,29461476.004826,4874.922200,0.775510,0.224490,11882 12005 12110 12113 12118 12231 12232 12240 12361 12475 12476 12477 12478 12597 12599
moead,513_e-05,19,39,1350,27,29461476.004826,4874.922200,0.795918,0.204082,11882 12005 12110 12113 12118 12231 12232 12240 12361 12475 12476 12477 12478 12597 12599
moead,513_e-05,19,40,1350,27,29461476.004826,4874.922200,0.816327,0.183673,11882 12005 12110 12113 12118 12231 12232 12240 12361 12475 12476 12477 12478 12597 12599
moead,513_e-05,19,41,1350,27,29461476.004826,4874.922200,0.836735,0.163265,11882 12005 12110 12113 12118 12231 12232 12240 12361 12475 12476 12477 12478 12597 12599
moead,513_e-05,19,42,1350,27,29461476.004826,4874.922200,0.857143,0.142857,11882 12005 12110 12113 12118 12231 12232 12240 12361 12475 12476 12477 12478 12597 12599
moead,513_e-05,19,43,1350,27,29461476.004826,4874.922200,0.877551,0.122449,11882 12005 12110 12113 12118 12231 12232 12240 12361 12475 12476 12477 12478 12597 12599
moead,513_e-05,19,44,1350,27,29461476.004826,4874.922200,0.897959,0.102041,11882 12005 12110 12113 12118 12231 12232 12240 12361 12475 12476 12477 12478 12597 12599
moead,513_e-05,19,45,1350,27,29461476.004826,4874.922200,0.918367,0.081633,11882 12005 12110 12113 12118 12231 12232 12240 12361 12475 12476 12477 12478 12597 12599
moead,513_e-05,19,46,1350,27,29461476.004826,4874.922200,0.938776,0.061224,11882 12005 12110 12113 12118 12231 12232 12240 12361 12475 12476 12477 12478 12597 12599
moead,513_e-05,19,47,1350,27,29461476.004826,4874.922200,0.959184,0.040816,11882 12005 12110 12113 12118 12231 12232 12240 12361 12475 12476 12477 12478 12597 12599
moead,513_e-05,19,48,1350,27,29461476.004826,4874.922200,0.979592,0.020408,11882 12005 12110 12113 12118 12231 12232 12240 12361 12475 12476 12477 12478 12597 12599
moead,513_e-05,19,49,1350,27,29461476.004826,4874.922200,1.000000,0.000000,11882 12005 12110 12113 12118 12231 12232 12240 12361 12475 12476 12477 12478 12597 12599
moead,513_e-05,19,0,1400,28,36655658.442169,6394.922775,0.000000,1.000000,12730 14556 25061 32621 41963 60453 84529 85208 105988 112956 117102 126755 129924 134363 144284
moead,513_e-05,19,1,1400,28,29519304.095185,5203.747852,0.020408,0.979592,11691 11774 11882 11992 11994 12207 12228 12362 12475 12487 12597 12713 12730 12737 12840
moead,513_e-05,19,2,1400,28,29488471.686920,5105.746715,0.040816,0.959184,11565 11774 11882 11992 11994 12228 12231 12240 12361 12362 12475 12476 12477 12484 12730
moead,513_e-05,19,3,1400,28,29477192.436163,5092.005795,0.061224,0.938776,11682 11765 11893 12113 12118 12231 12232 12240 12361 12362 12475 12476 12477 12484 12730
moead,513_e-05,19,4,1400,28,29477192.436163,5092.005795,0.081633,0.918367,11682 11765 11893 12113 12118 12231 12232 12240 12361 12362 12475 12476 12477 12484 12730
moead,513_e-05,19,5,1400,28,29473003.309321,4982.693217,0.102041,0.897959,11682 11882 11893 12113 12118 12231 12232 12240 12362 12475 12476 12597 12715 12730 12840
moead,513_e-05,19,6,1400,28,29467011.812440,4982.545651,0.122449,0.877551,11682 11893 12113 12118 12231 12232 12240 12361 12362 12475 12476 12477 12484 12597 12730
moead,513_e-05,19,7,1400,28,29467011.812440,4982.545651,0.142857,0.857143,11682 11893 12113 12118 12231 12232 12240 12361 12362 12475 12476 12477 12484 12597 12730
moead,513_e-05,19,8,1400,28,29467011.812440,4982.545651,0.163265,0.836735,11682 11893 12113 12118 12231 12232 12240 12361 12362 12475 12476 12477 12484 12597 12730
moead,513_e-05,19,9,1400,28,29467011.812440,4982.545651,0.183673,0.816327,11682 11893 12113 12118 12231 12232 12240 12361 12362 12475 12476 12477 12484 12597 12730
moead,513_e-05,19,10,1400,28,29467011.812440,4982.545651,0.204082,0.795918,11682 11893 12113 12118 12231 12232 12240 12361 12362 12475 12476 12477 12484 12597 12730
moead,513_e-05,19,11,1400,28,29466401.464043,4888.787693,0.224490,0.775510,11882 12005 12113 12118 12231 12232 12240 12361 12362 12475 12476 12477 12484 12597 12730
moead,513_e-05,19,12,1400,28,29463082.424671,4887.162223,0.244898,0.755102,11882 11890 12005 12118 12232 12239 12240 12361 12362 12475 12476 12477 12484 12597 12599
moead,513_e-05,19,13,1400,28,29463082.424671,4887.162223,0.265306,0.734694,11882 11890 12005 12118 12232 12239 12240 12361 12362 12475 12476 12477 12484 12597 12599
moead,513_e-05,19,14,1400,28,29463082.424671,4887.162223,0.285714,0.714286,11882 11890 12005 12118 12232 12239 12240 12361 12362 12475 12476 12477 12484 12597 12599
moead,513_e-05,19,15,1400,28,29463082.424671,4887.162223,0.306122,0.693878,11882 11890 12005 12118 12232 12239 12240 12361 12362 12475 12476 12477 12484 12597 12599
moead,513_e-05,19,16,1400,28,29463082.424671,4887.162223,0.326531,0.673469,11882 11890 12005 12118 12232 12239 12240 12361 12362 12475 12476 12477 12484 12597 12599
moead,513_e-05,19,17,1400,28,29463082.424671,4887.162223,0.346939,0.653061,11882 11890 12005 12118 12232 12239 12240 12361 12362 12475 12476 12477 12484 12597 12599
moead,513_e-05,19,18,1400,28,29463082.424671,4887.162223,0.367347,0.632653,11882 11890 12005 12118 12232 12239 12240 12361 12362 12475 12476 12477 12484 12597 12599
moead,513_e-05,19,19,1400,28,29463082.424671,4887.162223,0.387755,0.612245,11882 11890 12005 12118 12232 12239 12240 12361 12362 12475 12476 12477 12484 12597 12599
moead,513_e-05,19,20,1400,28,29463082.424671,4887.162223,0.408163,0.591837,11882 11890 12005 12118 12232 12239 12240 12361 12362 12475 12476 12477 12484 12597 12599
moead,513_e-05,19,21,1400,28,29463082.424671,4887.162223,0.428571,0.571429,11882 11890 12005 12118 12232 12239 12240 12361 12362 12475 12476 12477 12484 12597 12599
moead,513_e-05,19,22,1400,28,29463082.424671,4887.162223,0.448980,0.551020,11882 11890 12005 12118 12232 12239 12240 12361 12362 12475 12476 12477 12484 12597 12599
moead,513_e-05,19,23,1400,28,29463082.424671,4887.162223,0.469388,0.530612,11882 11890 12005 12118 12232 12239 12240 12361 12362 12475 12476 12477 12484 12597 12599
moead,513_e-05,19,24,1400,28,29462190.374541,4884.219177,0.489796,0.510204,11882 12005 12113 12118 12232 12239 12240 12361 12362 12475 12476 12477 12484 12597 12599
moead,513_e-05,19,25,1400,28,29462190.374541,4884.219177,0.510204,0.489796,11882 12005 12113 12118 12232 12239 12240 12361 12362 12475 12476 12477 12484 12597 12599
moead,513_e-05,19,26,1400,28,29462190.374541,4884.219177,0.530612,0.469388,11882 12005 12113 12118 12232 12239 12240 12361 12362 12475 12476 12477 12484 12597 12599
moead,513_e-05,19,27,1400,28,29462190.374541,4884.219177,0.551020,0.448980,11882 12005 12113 12118 12232 12239 12240 12361 12362 12475 12476 12477 12484 12597 12599
moead,513_e-05,19,28,1400,28,29462190.374541,4884.219177,0.571429,0.428571,11882 12005 12113 12118 12232 12239 12240 12361 12362 12475 12476 12477 12484 12597 12599
moead,513_e-05,19,29,1400,28,29462190.374541,4884.219177,0.591837,0.408163,11882 12005 12113 12118 12232 12239 12240 12361 12362 12475 12476 12477 12484 12597 12599
moead,513_e-05,19,30,1400,28,29462190.374541,4884.219177,0.612245,0.387755,11882 12005 12113 12118 12232 12239 12240 12361 12362 12475 12476 12477 12484 12597 12599
moead,513_e-05,19,31,1400,28,29462190.374541,4884.219177,0.632653,0.367347,11882 12005 12113 12118 12232 12239 12240 12361 12362 12475 12476 12477 12484 12597 12599
moead,513_e-05,19,32,1400,28,29462190.374541,4884.219177,0.653061,0.346939,11882 12005 12113 12118 12232 12239 12240 12361 12362 12475 12476 12477 12484 12597 12599
moead,513_e-05,19,33,1400,28,29462190.374541,4884.219177,0.673469,0.326531,11882 12005 12113 12118 12232 12239 12240 12361 12362 12475 12476 12477 12484 12597 12599
moead,513_e-05,19,34,1400,28,29461947.641252,4874.938634,0.693878,0.306122,11882 12005 12113 12118 12231 12232 12240 12361 12475 12476 12477 12478 12484 12597 12599
moead,513_e-05,19,35,1400,28,29461947.641252,4874.938634,0.714286,0.285714,11882 12005 12113 12118 12231 12232 12240 12361 12475 12476 12477 12478 12484 12597 12599
moead,513_e-05,19,36,1400,28,29461947.641252,4874.938634,0.734694,0.265306,11882 12005 12113 12118 12231 12232 12240 12361 12475 12476 12477 12478 12484 12597 12599
moead,513_e-05,19,37,1400,28,29461947.641252,4874.938634,0.755102,0.244898,11882 12005 12113 12118 12231 12232 12240 12361 12475 12476 12477 12478 12484 12597 12599
moead,513_e-05,19,38,1400,28,29461476.004826,4874.922200,0.775510,0.224490,11882 12005 12110 12113 12118 12231 12232 12240 12361 12475 12476 12477 12478 12597 12599
moead,513_e-05,19,39,1400,28,29461476.004826,4874.922200,0.795918,0.204082,11882 12005 12110 12113 12118 12231 12232 12240 12361 12475 12476 12477 12478 12597 12599
moead,513_e-05,19,40,1400,28,29461476.004826,4874.922200,0.816327,0.183673,11882 12005 12110 12113 12118 12231 12232 12240 12361 12475 12476 12477 12478 12597 12599
moead,513_e-05,19,41,1400,28,29461476.004826,4874.922200,0.836735,0.163265,11882 12005 12110 12113 12118 12231 12232 12240 12361 12475 12476 12477 12478 12597 12599
moead,513_e-05,19,42,1400,28,29461476.004826,4874.922200,0.857143,0.142857,11882 12005 12110 12113 12118 12231 12232 12240 12361 12475 12476 12477 12478 12597 12599
moead,513_e-05,19,43,1400,28,29461476.004826,4874.922200,0.877551,0.122449,11882 12005 12110 12113 12118 12231 12232 12240 12361 12475 12476 12477 12478 12597 12599
moead,513_e-05,19,44,1400,28,29461476.004826,4874.922200,0.897959,0.102041,11882 12005 12110 12113 12118 12231 12232 12240 12361 12475 12476 12477 12478 12597 12599
moead,513_e-05,19,45,1400,28,29461476.004826,4874.922200,0.918367,0.081633,11882 12005 12110 12113 12118 12231 12232 12240 12361 12475 12476 12477 12478 12597 12599
moead,513_e-05,19,46,1400,28,29461476.004826,4874.922200,0.938776,0.061224,11882 12005 12110 12113 12118 12231 12232 12240 12361 12475 12476 12477 12478 12597 12599
moead,513_e-05,19,47,1400,28,29461476.004826,4874.922200,0.959184,0.040816,11882 12005 12110 12113 12118 12231 12232 12240 12361 12475 12476 12477 12478 12597 12599
moead,513_e-05,19,48,1400,28,29461476.004826,4874.922200,0.979592,0.020408,11882 12005 12110 12113 12118 12231 12232 12240 12361 12475 12476 12477 12478 12597 12599
moead,513_e-05,19,49,1400,28,29461476.004826,4874.922200,1.000000,0.000000,11882 12005 12110 12113 12118 12231 12232 12240 12361 12475 12476 12477 12478 12597 12599
moead,513_e-05,19,0,1450,29,37171535.753824,6394.922775,0.000000,1.000000,12730 14556 25061 30215 32621 41963 56609 60453 71665 85208 105988 116505 134363 162199 162611
moead,513_e-05,19,1,1450,29,29519304.095185,5203.747852,0.020408,0.979592,11691 11774 11882 11992 11994 12207 12228 12362 12475 12487 12597 12713 12730 12737 12840
moead,513_e-05,19,2,1450,29,29488471.686920,5105.746715,0.040816,0.959184,11565 11774 11882 11992 11994 12228 12231 12240 12361 12362 12475 12476 12477 12484 12730
moead,513_e-05,19,3,1450,29,29477192.436163,5092.005795,0.061224,0.938776,11682 11765 11893 12113 12118 12231 12232 12240 12361 12362 12475 12476 12477 12484 12730
moead,513_e-05,19,4,1450,29,29477192.436163,5092.005795,0.081633,0.918367,11682 11765 11893 12113 12118 12231 12232 12240 12361 12362 12475 12476 12477 12484 12730
moead,513_e-05,19,5,1450,29,29473003.309321,4982.693217,0.102041,0.897959,11682 11882 11893 12113 12118 12231 12232 12240 12362 12475 12476 12597 12715 12730 12840
moead,513_e-05,19,6,1450,29,29467011.812440,4982.545651,0.122449,0.877551,11682 11893 12113 12118 12231 12232 12240 12361 12362 12475 12476 12477 12484 12597 12730
moead,513_e-05,19,7,1450,29,29467011.812440,4982.545651,0.142857,0.857143,11682 11893 12113 12118 12231 12232 12240 12361 12362 12475 12476 12477 12484 12597 12730
moead,513_e-05,19,8,1450,29,29467011.812440,4982.545651,0.163265,0.836735,11682 11893 12113 12118 12231 12232 12240 12361 12362 12475 12476 12477 12484 12597 12730
moead,513_e-05,19,9,1450,29,29467011.812440,4982.545651,0.183673,0.816327,11682 11893 12113 12118 12231 12232 12240 12361 12362 12475 12476 12477 12484 12597 12730
moead,513_e-05,19,10,1450,29,29467011.812440,4982.545651,0.204082,0.795918,11682 11893 12113 12118 12231 12232 12240 12361 12362 12475 12476 12477 12484 12597 12730
moead,513_e-05,19,11,1450,29,29466401.464043,4888.787693,0.224490,0.775510,11882 12005 12113 12118 12231 12232 12240 12361 12362 12475 12476 12477 12484 12597 12730
moead,513_e-05,19,12,1450,29,29463082.424671,4887.162223,0.244898,0.755102,11882 11890 12005 12118 12232 12239 12240 12361 12362 12475 12476 12477 12484 12597 12599
moead,513_e-05,19,13,1450,29,29463082.424671,4887.162223,0.265306,0.734694,11882 11890 12005 12118 12232 12239 12240 12361 12362 12475 12476 12477 12484 12597 12599
moead,513_e-05,19,14,1450,29,29463082.424671,4887.162223,0.285714,0.714286,11882 11890 12005 12118 12232 12239 12240 12361 12362 12475 12476 12477 12484 12597 12599
moead,513_e-05,19,15,1450,29,29463082.424671,4887.162223,0.306122,0.693878,11882 11890 12005 12118 12232 12239 12240 12361 12362 12475 12476 12477 12484 12597 12599
moead,513_e-05,19,16,1450,29,29463082.424671,4887.162223,0.326531,0.673469,11882 11890 12005 12118 12232 12239 12240 12361 12362 12475 12476 12477 12484 12597 12599
moead,513_e-05,19,17,1450,29,29463082.424671,4887.162223,0.346939,0.653061,11882 11890 12005 12118 12232 12239 12240 12361 12362 12475 12476 12477 12484 12597 12599
moead,513_e-05,19,18,1450,29,29463082.424671,4887.162223,0.367347,0.632653,11882 11890 12005 12118 12232 12239 12240 12361 12362 12475 12476 12477 12484 12597 12599
moead,513_e-05,19,19,1450,29,29463082.424671,4887.162223,0.387755,0.612245,11882 11890 12005 12118 12232 12239 12240 12361 12362 12475 12476 12477 12484 12597 12599
moead,513_e-05,19,20,1450,29,29463082.424671,4887.162223,0.408163,0.591837,11882 11890 12005 12118 12232 12239 12240 12361 12362 12475 12476 12477 12484 12597 12599
moead,513_e-05,19,21,1450,29,29463082.424671,4887.162223,0.428571,0.571429,11882 11890 12005 12118 12232 12239 12240 12361 12362 12475 12476 12477 12484 12597 12599
moead,513_e-05,19,22,1450,29,29463082.424671,4887.162223,0.448980,0.551020,11882 11890 12005 12118 12232 12239 12240 12361 12362 12475 12476 12477 12484 12597 12599
moead,513_e-05,19,23,1450,29,29463082.424671,4887.162223,0.469388,0.530612,11882 11890 12005 12118 12232 12239 12240 12361 12362 12475 12476 12477 12484 12597 12599
moead,513_e-05,19,24,1450,29,29462190.374541,4884.219177,0.489796,0.510204,11882 12005 12113 12118 12232 12239 12240 12361 12362 12475 12476 12477 12484 12597 12599
moead,513_e-05,19,25,1450,29,29462190.374541,4884.219177,0.510204,0.489796,11882 12005 12113 12118 12232 12239 12240 12361 12362 12475 12476 12477 12484 12597 12599
moead,513_e-05,19,26,1450,29,29462190.374541,4884.219177,0.530612,0.469388,11882 12005 12113 12118 12232 12239 12240 12361 12362 12475 12476 12477 12484 12597 12599
moead,513_e-05,19,27,1450,29,29462190.374541,4884.219177,0.551020,0.448980,11882 12005 12113 12118 12232 12239 12240 12361 12362 12475 12476 12477 12484 12597 12599
moead,513_e-05,19,28,1450,29,29462190.374541,4884.219177,0.571429,0.428571,11882 12005 12113 12118 12232 12239 12240 12361 12362 12475 12476 12477 12484 12597 12599
moead,513_e-05,19,29,1450,29,29462190.374541,4884.219177,0.591837,0.408163,11882 12005 12113 12118 12232 12239 12240 12361 12362 12475 12476 12477 12484 12597 12599
moead,513_e-05,19,30,1450,29,29462190.374541,4884.219177,0.612245,0.387755,11882 12005 12113 12118 12232 12239 12240 12361 12362 12475 12476 12477 12484 12597 12599
moead,513_e-05,19,31,1450,29,29462190.374541,4884.219177,0.632653,0.367347,11882 12005 12113 12118 12232 12239 12240 12361 12362 12475 12476 12477 12484 12597 12599
moead,513_e-05,19,32,1450,29,29462190.374541,4884.219177,0.653061,0.346939,11882 12005 12113 12118 12232 12239 12240 12361 12362 12475 12476 12477 12484 12597 12599
moead,513_e-05,19,33,1450,29,29462190.374541,4884.219177,0.673469,0.326531,11882 12005 12113 12118 12232 12239 12240 12361 12362 12475 12476 12477 12484 12597 12599
moead,513_e-05,19,34,1450,29,29461947.641252,4874.938634,0.693878,0.306122,11882 12005 12113 12118 12231 12232 12240 12361 12475 12476 12477 12478 12484 12597 12599
moead,513_e-05,19,35,1450,29,29461947.641252,4874.938634,0.714286,0.285714,11882 12005 12113 12118 12231 12232 12240 12361 12475 12476 12477 12478 12484 12597 12599
moead,513_e-05,19,36,1450,29,29461947.641252,4874.938634,0.734694,0.265306,11882 12005 12113 12118 12231 12232 12240 12361 12475 12476 12477 12478 12484 12597 12599
moead,513_e-05,19,37,1450,29,29461947.641252,4874.938634,0.755102,0.244898,11882 12005 12113 12118 12231 12232 12240 12361 12475 12476 12477 12478 12484 12597 12599
moead,513_e-05,19,38,1450,29,29461476.004826,4874.922200,0.775510,0.224490,11882 12005 12110 12113 12118 12231 12232 12240 12361 12475 12476 12477 12478 12597 12599
moead,513_e-05,19,39,1450,29,29461476.004826,4874.922200,0.795918,0.204082,11882 12005 12110 12113 12118 12231 12232 12240 12361 12475 12476 12477 12478 12597 12599
moead,513_e-05,19,40,1450,29,29461476.004826,4874.922200,0.816327,0.183673,11882 12005 12110 12113 12118 12231 12232 12240 12361 12475 12476 12477 12478 12597 12599
moead,513_e-05,19,41,1450,29,29461476.004826,4874.922200,0.836735,0.163265,11882 12005 12110 12113 12118 12231 12232 12240 12361 12475 12476 12477 12478 12597 12599
moead,513_e-05,19,42,1450,29,29461476.004826,4874.922200,0.857143,0.142857,11882 12005 12110 12113 12118 12231 12232 12240 12361 12475 12476 12477 12478 12597 12599
moead,513_e-05,19,43,1450,29,29461476.004826,4874.922200,0.877551,0.122449,11882 12005 12110 12113 12118 12231 12232 12240 12361 12475 12476 12477 12478 12597 12599
moead,513_e-05,19,44,1450,29,29461476.004826,4874.922200,0.897959,0.102041,11882 12005 12110 12113 12118 12231 12232 12240 12361 12475 12476 12477 12478 12597 12599
moead,513_e-05,19,45,1450,29,29461476.004826,4874.922200,0.918367,0.081633,11882 12005 12110 12113 12118 12231 12232 12240 12361 12475 12476 12477 12478 12597 12599
moead,513_e-05,19,46,1450,29,29461476.004826,4874.922200,0.938776,0.061224,11882 12005 12110 12113 12118 12231 12232 12240 12361 12475 12476 12477 12478 12597 12599
moead,513_e-05,19,47,1450,29,29461476.004826,4874.922200,0.959184,0.040816,11882 12005 12110 12113 12118 12231 12232 12240 12361 12475 12476 12477 12478 12597 12599
moead,513_e-05,19,48,1450,29,29461476.004826,4874.922200,0.979592,0.020408,11882 12005 12110 12113 12118 12231 12232 12240 12361 12475 12476 12477 12478 12597 12599
moead,513_e-05,19,49,1450,29,29461476.004826,4874.922200,1.000000,0.000000,11882 12005 12110 12113 12118 12231 12232 12240 12361 12475 12476 12477 12478 12597 12599
moead,513_e-05,19,0,1500,30,36519669.703608,6394.922775,0.000000,1.000000,12730 20275 23823 25061 30215 32621 41963 56609 71665 85208 104781 105988 116505 136383 162611
moead,513_e-05,19,1,1500,30,29519304.095185,5203.747852,0.020408,0.979592,11691 11774 11882 11992 11994 12207 12228 12362 12475 12487 12597 12713 12730 12737 12840
moead,513_e-05,19,2,1500,30,29488471.686920,5105.746715,0.040816,0.959184,11565 11774 11882 11992 11994 12228 12231 12240 12361 12362 12475 12476 12477 12484 12730
moead,513_e-05,19,3,1500,30,29477192.436163,5092.005795,0.061224,0.938776,11682 11765 11893 12113 12118 12231 12232 12240 12361 12362 12475 12476 12477 12484 12730
moead,513_e-05,19,4,1500,30,29477192.436163,5092.005795,0.081633,0.918367,11682 11765 11893 12113 12118 12231 12232 12240 12361 12362 12475 12476 12477 12484 12730
moead,513_e-05,19,5,1500,30,29472652.695188,4995.105218,0.102041,0.897959,11578 11682 11893 12118 12231 12232 12240 12361 12362 12475 12476 12477 12484 12597 12730
moead,513_e-05,19,6,1500,30,29467011.812440,4982.545651,0.122449,0.877551,11682 11893 12113 12118 12231 12232 12240 12361 12362 12475 12476 12477 12484 12597 12730
moead,513_e-05,19,7,1500,30,29467011.812440,4982.545651,0.142857,0.857143,11682 11893 12113 12118 12231 12232 12240 12361 12362 12475 12476 12477 12484 12597 12730
moead,513_e-05,19,8,1500,30,29467011.812440,4982.545651,0.163265,0.836735,11682 11893 12113 12118 12231 12232 12240 12361 12362 12475 12476 12477 12484 12597 12730
moead,513_e-05,19,9,1500,30,29467011.812440,4982.545651,0.183673,0.816327,11682 11893 12113 12118 12231 12232 12240 12361 12362 12475 12476 12477 12484 12597 12730
moead,513_e-05,19,10,1500,30,29467011.812440,4982.545651,0.204082,0.795918,11682 11893 12113 12118 12231 12232 12240 12361 12362 12475 12476 12477 12484 12597 12730
moead,513_e-05,19,11,1500,30,29466401.464043,4888.787693,0.224490,0.775510,11882 12005 12113 12118 12231 12232 12240 12361 12362 12475 12476 12477 12484 12597 12730
moead,513_e-05,19,12,1500,30,29463082.424671,4887.162223,0.244898,0.755102,11882 11890 12005 12118 12232 12239 12240 12361 12362 12475 12476 12477 12484 12597 12599
moead,513_e-05,19,13,1500,30,29463082.424671,4887.162223,0.265306,0.734694,11882 11890 12005 12118 12232 12239 12240 12361 12362 12475 12476 12477 12484 12597 12599
moead,513_e-05,19,14,1500,30,29463082.424671,4887.162223,0.285714,0.714286,11882 11890 12005 12118 12232 12239 12240 12361 12362 12475 12476 12477 12484 12597 12599
moead,513_e-05,19,15,1500,30,29463082.424671,4887.162223,0.306122,0.693878,11882 11890 12005 12118 12232 12239 12240 12361 12362 12475 12476 12477 12484 12597 12599
moead,513_e-05,19,16,1500,30,29463082.424671,4887.162223,0.326531,0.673469,11882 11890 12005 12118 12232 12239 12240 12361 12362 12475 12476 12477 12484 12597 12599
moead,513_e-05,19,17,1500,30,29463082.424671,4887.162223,0.346939,0.653061,11882 11890 12005 12118 12232 12239 12240 12361 12362 12475 12476 12477 12484 12597 12599
moead,513_e-05,19,18,1500,30,29463082.424671,4887.162223,0.367347,0.632653,11882 11890 12005 12118 12232 12239 12240 12361 12362 12475 12476 12477 12484 12597 12599
moead,513_e-05,19,19,1500,30,29463082.424671,4887.162223,0.387755,0.612245,11882 11890 12005 12118 12232 12239 12240 12361 12362 12475 12476 12477 12484 12597 12599
moead,513_e-05,19,20,1500,30,29463082.424671,4887.162223,0.408163,0.591837,11882 11890 12005 12118 12232 12239 12240 12361 12362 12475 12476 12477 12484 12597 12599
moead,513_e-05,19,21,1500,30,29463082.424671,4887.162223,0.428571,0.571429,11882 11890 12005 12118 12232 12239 12240 12361 12362 12475 12476 12477 12484 12597 12599
moead,513_e-05,19,22,1500,30,29463082.424671,4887.162223,0.448980,0.551020,11882 11890 12005 12118 12232 12239 12240 12361 12362 12475 12476 12477 12484 12597 12599
moead,513_e-05,19,23,1500,30,29463082.424671,4887.162223,0.469388,0.530612,11882 11890 12005 12118 12232 12239 12240 12361 12362 12475 12476 12477 12484 12597 12599
moead,513_e-05,19,24,1500,30,29462190.374541,4884.219177,0.489796,0.510204,11882 12005 12113 12118 12232 12239 12240 12361 12362 12475 12476 12477 12484 12597 12599
moead,513_e-05,19,25,1500,30,29462190.374541,4884.219177,0.510204,0.489796,11882 12005 12113 12118 12232 12239 12240 12361 12362 12475 12476 12477 12484 12597 12599
moead,513_e-05,19,26,1500,30,29462190.374541,4884.219177,0.530612,0.469388,11882 12005 12113 12118 12232 12239 12240 12361 12362 12475 12476 12477 12484 12597 12599
moead,513_e-05,19,27,1500,30,29462190.374541,4884.219177,0.551020,0.448980,11882 12005 12113 12118 12232 12239 12240 12361 12362 12475 12476 12477 12484 12597 12599
moead,513_e-05,19,28,1500,30,29462190.374541,4884.219177,0.571429,0.428571,11882 12005 12113 12118 12232 12239 12240 12361 12362 12475 12476 12477 12484 12597 12599
moead,513_e-05,19,29,1500,30,29462190.374541,4884.219177,0.591837,0.408163,11882 12005 12113 12118 12232 12239 12240 12361 12362 12475 12476 12477 12484 12597 12599
moead,513_e-05,19,30,1500,30,29462190.374541,4884.219177,0.612245,0.387755,11882 12005 12113 12118 12232 12239 12240 12361 12362 12475 12476 12477 12484 12597 12599
moead,513_e-05,19,31,1500,30,29462190.374541,4884.219177,0.632653,0.367347,11882 12005 12113 12118 12232 12239 12240 12361 12362 12475 12476 12477 12484 12597 12599
moead,513_e-05,19,32,1500,30,29462190.374541,4884.219177,0.653061,0.346939,11882 12005 12113 12118 12232 12239 12240 12361 12362 12475 12476 12477 12484 12597 12599
moead,513_e-05,19,33,1500,30,29462190.374541,4884.219177,0.673469,0.326531,11882 12005 12113 12118 12232 12239 12240 12361 12362 12475 12476 12477 12484 12597 12599
moead,513_e-05,19,34,1500,30,29461947.641252,4874.938634,0.693878,0.306122,11882 12005 12113 12118 12231 12232 12240 12361 12475 12476 12477 12478 12484 12597 12599
moead,513_e-05,19,35,1500,30,29461947.641252,4874.938634,0.714286,0.285714,11882 12005 12113 12118 12231 12232 12240 12361 12475 12476 12477 12478 12484 12597 12599
moead,513_e-05,19,36,1500,30,29461947.641252,4874.938634,0.734694,0.265306,11882 12005 12113 12118 12231 12232 12240 12361 12475 12476 12477 12478 12484 12597 12599
moead,513_e-05,19,37,1500,30,29461947.641252,4874.938634,0.755102,0.244898,11882 12005 12113 12118 12231 12232 12240 12361 12475 12476 12477 12478 12484 12597 12599
moead,513_e-05,19,38,1500,30,29461476.004826,4874.922200,0.775510,0.224490,11882 12005 12110 12113 12118 12231 12232 12240 12361 12475 12476 12477 12478 12597 12599
moead,513_e-05,19,39,1500,30,29461476.004826,4874.922200,0.795918,0.204082,11882 12005 12110 12113 12118 12231 12232 12240 12361 12475 12476 12477 12478 12597 12599
moead,513_e-05,19,40,1500,30,29461476.004826,4874.922200,0.816327,0.183673,11882 12005 12110 12113 12118 12231 12232 12240 12361 12475 12476 12477 12478 12597 12599
moead,513_e-05,19,41,1500,30,29461476.004826,4874.922200,0.836735,0.163265,11882 12005 12110 12113 12118 12231 12232 12240 12361 12475 12476 12477 12478 12597 12599
moead,513_e-05,19,42,1500,30,29461476.004826,4874.922200,0.857143,0.142857,11882 12005 12110 12113 12118 12231 12232 12240 12361 12475 12476 12477 12478 12597 12599
moead,513_e-05,19,43,1500,30,29461476.004826,4874.922200,0.877551,0.122449,11882 12005 12110 12113 12118 12231 12232 12240 12361 12475 12476 12477 12478 12597 12599
moead,513_e-05,19,44,1500,30,29461476.004826,4874.922200,0.897959,0.102041,11882 12005 12110 12113 12118 12231 12232 12240 12361 12475 12476 12477 12478 12597 12599
moead,513_e-05,19,45,1500,30,29461476.004826,4874.922200,0.918367,0.081633,11882 12005 12110 12113 12118 12231 12232 12240 12361 12475 12476 12477 12478 12597 12599
moead,513_e-05,19,46,1500,30,29461476.004826,4874.922200,0.938776,0.061224,11882 12005 12110 12113 12118 12231 12232 12240 12361 12475 12476 12477 12478 12597 12599
moead,513_e-05,19,47,1500,30,29461476.004826,4874.922200,0.959184,0.040816,11882 12005 12110 12113 12118 12231 12232 12240 12361 12475 12476 12477 12478 12597 12599
moead,513_e-05,19,48,1500,30,29461476.004826,4874.922200,0.979592,0.020408,11882 12005 12110 12113 12118 12231 12232 12240 12361 12475 12476 12477 12478 12597 12599
moead,513_e-05,19,49,1500,30,29461476.004826,4874.922200,1.000000,0.000000,11882 12005 12110 12113 12118 12231 12232 12240 12361 12475 12476 12477 12478 12597 12599
moead,513_e-05,19,0,1550,31,37177596.875647,6394.922775,0.000000,1.000000,12730 20275 22984 25061 41963 56609 71665 85208 86630 105988 115789 116505 120892 136383 170984
moead,513_e-05,19,1,1550,31,29519304.095185,5203.747852,0.020408,0.979592,11691 11774 11882 11992 11994 12207 12228 12362 12475 12487 12597 12713 12730 12737 12840
moead,513_e-05,19,2,1550,31,29488471.686920,5105.746715,0.040816,0.959184,11565 11774 11882 11992 11994 12228 12231 12240 12361 12362 12475 12476 12477 12484 12730
moead,513_e-05,19,3,1550,31,29477192.436163,5092.005795,0.061224,0.938776,11682 11765 11893 12113 12118 12231 12232 12240 12361 12362 12475 12476 12477 12484 12730
moead,513_e-05,19,4,1550,31,29477192.436163,5092.005795,0.081633,0.918367,11682 11765 11893 12113 12118 12231 12232 12240 12361 12362 12475 12476 12477 12484 12730
moead,513_e-05,19,5,1550,31,29472652.695188,4995.105218,0.102041,0.897959,11578 11682 11893 12118 12231 12232 12240 12361 12362 12475 12476 12477 12484 12597 12730
moead,513_e-05,19,6,1550,31,29467011.812440,4982.545651,0.122449,0.877551,11682 11893 12113 12118 12231 12232 12240 12361 12362 12475 12476 12477 12484 12597 12730
moead,513_e-05,19,7,1550,31,29467011.812440,4982.545651,0.142857,0.857143,11682 11893 12113 12118 12231 12232 12240 12361 12362 12475 12476 12477 12484 12597 12730
moead,513_e-05,19,8,1550,31,29467011.812440,4982.545651,0.163265,0.836735,11682 11893 12113 12118 12231 12232 12240 12361 12362 12475 12476 12477 12484 12597 12730
moead,513_e-05,19,9,1550,31,29467011.812440,4982.545651,0.183673,0.816327,11682 11893 12113 12118 12231 12232 12240 12361 12362 12475 12476 12477 12484 12597 12730
moead,513_e-05,19,10,1550,31,29467011.812440,4982.545651,0.204082,0.795918,11682 11893 12113 12118 12231 12232 12240 12361 12362 12475 12476 12477 12484 12597 12730
moead,513_e-05,19,11,1550,31,29466401.464043,4888.787693,0.224490,0.775510,11882 12005 12113 12118 12231 12232 12240 12361 12362 12475 12476 12477 12484 12597 12730
moead,513_e-05,19,12,1550,31,29462596.839979,4888.367412,0.244898,0.755102,11882 11890 12007 12118 12232 12238 12239 12240 12361 12362 12475 12476 12477 12597 12599
moead,513_e-05,19,13,1550,31,29462596.839979,4888.367412,0.265306,0.734694,11882 11890 12007 12118 12232 12238 12239 12240 12361 12362 12475 12476 12477 12597 12599
moead,513_e-05,19,14,1550,31,29462596.839979,4888.367412,0.285714,0.714286,11882 11890 12007 12118 12232 12238 12239 12240 12361 12362 12475 12476 12477 12597 12599
moead,513_e-05,19,15,1550,31,29462596.839979,4888.367412,0.306122,0.693878,11882 11890 12007 12118 12232 12238 12239 12240 12361 12362 12475 12476 12477 12597 12599
moead,513_e-05,19,16,1550,31,29462596.839979,4888.367412,0.326531,0.673469,11882 11890 12007 12118 12232 12238 12239 12240 12361 12362 12475 12476 12477 12597 12599
moead,513_e-05,19,17,1550,31,29462596.839979,4888.367412,0.346939,0.653061,11882 11890 12007 12118 12232 12238 12239 12240 12361 12362 12475 12476 12477 12597 12599
moead,513_e-05,19,18,1550,31,29462596.839979,4888.367412,0.367347,0.632653,11882 11890 12007 12118 12232 12238 12239 12240 12361 12362 12475 12476 12477 12597 12599
moead,513_e-05,19,19,1550,31,29462596.839979,4888.367412,0.387755,0.612245,11882 11890 12007 12118 12232 12238 12239 12240 12361 12362 12475 12476 12477 12597 12599
moead,513_e-05,19,20,1550,31,29462596.839979,4888.367412,0.408163,0.591837,11882 11890 12007 12118 12232 12238 12239 12240 12361 12362 12475 12476 12477 12597 12599
moead,513_e-05,19,21,1550,31,29462596.839979,4888.367412,0.428571,0.571429,11882 11890 12007 12118 12232 12238 12239 12240 12361 12362 12475 12476 12477 12597 12599
moead,513_e-05,19,22,1550,31,29462596.839979,4888.367412,0.448980,0.551020,11882 11890 12007 12118 12232 12238 12239 12240 12361 12362 12475 12476 12477 12597 12599
moead,513_e-05,19,23,1550,31,29462596.839979,4888.367412,0.469388,0.530612,11882 11890 12007 12118 12232 12238 12239 12240 12361 12362 12475 12476 12477 12597 12599
moead,513_e-05,19,24,1550,31,29462596.839979,4888.367412,0.489796,0.510204,11882 11890 12007 12118 12232 12238 12239 12240 12361 12362 12475 12476 12477 12597 12599
moead,513_e-05,19,25,1550,31,29462596.839979,4888.367412,0.510204,0.489796,11882 11890 12007 12118 12232 12238 12239 12240 12361 12362 12475 12476 12477 12597 12599
moead,513_e-05,19,26,1550,31,29462596.839979,4888.367412,0.530612,0.469388,11882 11890 12007 12118 12232 12238 12239 12240 12361 12362 12475 12476 12477 12597 12599
moead,513_e-05,19,27,1550,31,29462596.839979,4888.367412,0.551020,0.448980,11882 11890 12007 12118 12232 12238 12239 12240 12361 12362 12475 12476 12477 12597 12599
moead,513_e-05,19,28,1550,31,29462596.839979,4888.367412,0.571429,0.428571,11882 11890 12007 12118 12232 12238 12239 12240 12361 12362 12475 12476 12477 12597 12599
moead,513_e-05,19,29,1550,31,29461850.590820,4887.162223,0.591837,0.408163,11882 11890 12005 12118 12232 12238 12239 12240 12361 12362 12475 12476 12477 12597 12599
moead,513_e-05,19,30,1550,31,29461850.590820,4887.162223,0.612245,0.387755,11882 11890 12005 12118 12232 12238 12239 12240 12361 12362 12475 12476 12477 12597 12599
moead,513_e-05,19,31,1550,31,29461850.590820,4887.162223,0.632653,0.367347,11882 11890 12005 12118 12232 12238 12239 12240 12361 12362 12475 12476 12477 12597 12599
moead,513_e-05,19,32,1550,31,29461850.590820,4887.162223,0.653061,0.346939,11882 11890 12005 12118 12232 12238 12239 12240 12361 12362 12475 12476 12477 12597 12599
moead,513_e-05,19,33,1550,31,29461850.590820,4887.162223,0.673469,0.326531,11882 11890 12005 12118 12232 12238 12239 12240 12361 12362 12475 12476 12477 12597 12599
moead,513_e-05,19,34,1550,31,29461850.590820,4887.162223,0.693878,0.306122,11882 11890 12005 12118 12232 12238 12239 12240 12361 12362 12475 12476 12477 12597 12599
moead,513_e-05,19,35,1550,31,29461850.590820,4887.162223,0.714286,0.285714,11882 11890 12005 12118 12232 12238 12239 12240 12361 12362 12475 12476 12477 12597 12599
moead,513_e-05,19,36,1550,31,29461850.590820,4887.162223,0.734694,0.265306,11882 11890 12005 12118 12232 12238 12239 12240 12361 12362 12475 12476 12477 12597 12599
moead,513_e-05,19,37,1550,31,29461850.590820,4887.162223,0.755102,0.244898,11882 11890 12005 12118 12232 12238 12239 12240 12361 12362 12475 12476 12477 12597 12599
moead,513_e-05,19,38,1550,31,29461850.590820,4887.162223,0.775510,0.224490,11882 11890 12005 12118 12232 12238 12239 12240 12361 12362 12475 12476 12477 12597 12599
moead,513_e-05,19,39,1550,31,29461850.590820,4887.162223,0.795918,0.204082,11882 11890 12005 12118 12232 12238 12239 12240 12361 12362 12475 12476 12477 12597 12599
moead,513_e-05,19,40,1550,31,29461476.004826,4874.922200,0.816327,0.183673,11882 12005 12110 12113 12118 12231 12232 12240 12361 12475 12476 12477 12478 12597 12599
moead,513_e-05,19,41,1550,31,29461476.004826,4874.922200,0.836735,0.163265,11882 12005 12110 12113 12118 12231 12232 12240 12361 12475 12476 12477 12478 12597 12599
moead,513_e-05,19,42,1550,31,29461476.004826,4874.922200,0.857143,0.142857,11882 12005 12110 12113 12118 12231 12232 12240 12361 12475 12476 12477 12478 12597 12599
moead,513_e-05,19,43,1550,31,29461476.004826,4874.922200,0.877551,0.122449,11882 12005 12110 12113 12118 12231 12232 12240 12361 12475 12476 12477 12478 12597 12599
moead,513_e-05,19,44,1550,31,29461476.004826,4874.922200,0.897959,0.102041,11882 12005 12110 12113 12118 12231 12232 12240 12361 12475 12476 12477 12478 12597 12599
moead,513_e-05,19,45,1550,31,29461476.004826,4874.922200,0.918367,0.081633,11882 12005 12110 12113 12118 12231 12232 12240 12361 12475 12476 12477 12478 12597 12599
moead,513_e-05,19,46,1550,31,29461476.004826,4874.922200,0.938776,0.061224,11882 12005 12110 12113 12118 12231 12232 12240 12361 12475 12476 12477 12478 12597 12599
moead,513_e-05,19,47,1550,31,29461476.004826,4874.922200,0.959184,0.040816,11882 12005 12110 12113 12118 12231 12232 12240 12361 12475 12476 12477 12478 12597 12599
moead,513_e-05,19,48,1550,31,29461476.004826,4874.922200,0.979592,0.020408,11882 12005 12110 12113 12118 12231 12232 12240 12361 12475 12476 12477 12478 12597 12599
moead,513_e-05,19,49,1550,31,29461476.004826,4874.922200,1.000000,0.000000,11882 12005 12110 12113 12118 12231 12232 12240 12361 12475 12476 12477 12478 12597 12599
moead,513_e-05,19,0,1600,32,36687542.674045,6394.922775,0.000000,1.000000,8397 12730 25061 41963 50284 51201 53965 71665 84675 85208 105988 117899 131106 153548 179812
moead,513_e-05,19,1,1600,32,29519304.095185,5203.747852,0.020408,0.979592,11691 11774 11882 11992 11994 12207 12228 12362 12475 12487 12597 12713 12730 12737 12840
moead,513_e-05,19,2,1600,32,29488471.686920,5105.746715,0.040816,0.959184,11565 11774 11882 11992 11994 12228 12231 12240 12361 12362 12475 12476 12477 12484 12730
moead,513_e-05,19,3,1600,32,29479959.842335,5096.899000,0.061224,0.938776,11578 11765 11893 12113 12118 12231 12232 12240 12361 12362 12475 12476 12477 12484 12730
moead,513_e-05,19,4,1600,32,29477192.436163,5092.005795,0.081633,0.918367,11682 11765 11893 12113 12118 12231 12232 12240 12361 12362 12475 12476 12477 12484 12730
moead,513_e-05,19,5,1600,32,29472652.695188,4995.105218,0.102041,0.897959,11578 11682 11893 12118 12231 12232 12240 12361 12362 12475 12476 12477 12484 12597 12730
moead,513_e-05,19,6,1600,32,29470792.543050,4984.124948,0.122449,0.877551,11682 11893 12113 12118 12231 12232 12240 12361 12362 12475 12476 12477 12484 12597 12858
moead,513_e-05,19,7,1600,32,29467011.812440,4982.545651,0.142857,0.857143,11682 11893 12113 12118 12231 12232 12240 12361 12362 12475 12476 12477 12484 12597 12730
moead,513_e-05,19,8,1600,32,29467011.812440,4982.545651,0.163265,0.836735,11682 11893 12113 12118 12231 12232 12240 12361 12362 12475 12476 12477 12484 12597 12730
moead,513_e-05,19,9,1600,32,29467011.812440,4982.545651,0.183673,0.816327,11682 11893 12113 12118 12231 12232 12240 12361 12362 12475 12476 12477 12484 12597 12730
moead,513_e-05,19,10,1600,32,29467011.812440,4982.545651,0.204082,0.795918,11682 11893 12113 12118 12231 12232 12240 12361 12362 12475 12476 12477 12484 12597 12730
moead,513_e-05,19,11,1600,32,29465428.819586,4889.148330,0.224490,0.775510,11687 11882 12007 12118 12232 12238 12239 12240 12361 12362 12475 12476 12477 12597 12599
moead,513_e-05,19,12,1600,32,29465428.819586,4889.148330,0.244898,0.755102,11687 11882 12007 12118 12232 12238 12239 12240 12361 12362 12475 12476 12477 12597 12599
moead,513_e-05,19,13,1600,32,29465428.819586,4889.148330,0.265306,0.734694,11687 11882 12007 12118 12232 12238 12239 12240 12361 12362 12475 12476 12477 12597 12599
moead,513_e-05,19,14,1600,32,29462596.839979,4888.367412,0.285714,0.714286,11882 11890 12007 12118 12232 12238 12239 12240 12361 12362 12475 12476 12477 12597 12599
moead,513_e-05,19,15,1600,32,29462596.839979,4888.367412,0.306122,0.693878,11882 11890 12007 12118 12232 12238 12239 12240 12361 12362 12475 12476 12477 12597 12599
moead,513_e-05,19,16,1600,32,29462596.839979,4888.367412,0.326531,0.673469,11882 11890 12007 12118 12232 12238 12239 12240 12361 12362 12475 12476 12477 12597 12599
moead,513_e-05,19,17,1600,32,29462596.839979,4888.367412,0.346939,0.653061,11882 11890 12007 12118 12232 12238 12239 12240 12361 12362 12475 12476 12477 12597 12599
moead,513_e-05,19,18,1600,32,29462596.839979,4888.367412,0.367347,0.632653,11882 11890 12007 12118 12232 12238 12239 12240 12361 12362 12475 12476 12477 12597 12599
moead,513_e-05,19,19,1600,32,29462596.839979,4888.367412,0.387755,0.612245,11882 11890 12007 12118 12232 12238 12239 12240 12361 12362 12475 12476 12477 12597 12599
moead,513_e-05,19,20,1600,32,29462596.839979,4888.367412,0.408163,0.591837,11882 11890 12007 12118 12232 12238 12239 12240 12361 12362 12475 12476 12477 12597 12599
moead,513_e-05,19,21,1600,32,29462596.839979,4888.367412,0.428571,0.571429,11882 11890 12007 12118 12232 12238 12239 12240 12361 12362 12475 12476 12477 12597 12599
moead,513_e-05,19,22,1600,32,29462596.839979,4888.367412,0.448980,0.551020,11882 11890 12007 12118 12232 12238 12239 12240 12361 12362 12475 12476 12477 12597 12599
moead,513_e-05,19,23,1600,32,29462596.839979,4888.367412,0.469388,0.530612,11882 11890 12007 12118 12232 12238 12239 12240 12361 12362 12475 12476 12477 12597 12599
moead,513_e-05,19,24,1600,32,29462596.839979,4888.367412,0.489796,0.510204,11882 11890 12007 12118 12232 12238 12239 12240 12361 12362 12475 12476 12477 12597 12599
moead,513_e-05,19,25,1600,32,29462596.839979,4888.367412,0.510204,0.489796,11882 11890 12007 12118 12232 12238 12239 12240 12361 12362 12475 12476 12477 12597 12599
moead,513_e-05,19,26,1600,32,29462596.839979,4888.367412,0.530612,0.469388,11882 11890 12007 12118 12232 12238 12239 12240 12361 12362 12475 12476 12477 12597 12599
moead,513_e-05,19,27,1600,32,29462596.839979,4888.367412,0.551020,0.448980,11882 11890 12007 12118 12232 12238 12239 12240 12361 12362 12475 12476 12477 12597 12599
moead,513_e-05,19,28,1600,32,29462596.839979,4888.367412,0.571429,0.428571,11882 11890 12007 12118 12232 12238 12239 12240 12361 12362 12475 12476 12477 12597 12599
moead,513_e-05,19,29,1600,32,29461850.590820,4887.162223,0.591837,0.408163,11882 11890 12005 12118 12232 12238 12239 12240 12361 12362 12475 12476 12477 12597 12599
moead,513_e-05,19,30,1600,32,29461850.590820,4887.162223,0.612245,0.387755,11882 11890 12005 12118 12232 12238 12239 12240 12361 12362 12475 12476 12477 12597 12599
moead,513_e-05,19,31,1600,32,29461850.590820,4887.162223,0.632653,0.367347,11882 11890 12005 12118 12232 12238 12239 12240 12361 12362 12475 12476 12477 12597 12599
moead,513_e-05,19,32,1600,32,29461850.590820,4887.162223,0.653061,0.346939,11882 11890 12005 12118 12232 12238 12239 12240 12361 12362 12475 12476 12477 12597 12599
moead,513_e-05,19,33,1600,32,29461850.590820,4887.162223,0.673469,0.326531,11882 11890 12005 12118 12232 12238 12239 12240 12361 12362 12475 12476 12477 12597 12599
moead,513_e-05,19,34,1600,32,29461850.590820,4887.162223,0.693878,0.306122,11882 11890 12005 12118 12232 12238 12239 12240 12361 12362 12475 12476 12477 12597 12599
moead,513_e-05,19,35,1600,32,29461850.590820,4887.162223,0.714286,0.285714,11882 11890 12005 12118 12232 12238 12239 12240 12361 12362 12475 12476 12477 12597 12599
moead,513_e-05,19,36,1600,32,29461850.590820,4887.162223,0.734694,0.265306,11882 11890 12005 12118 12232 12238 12239 12240 12361 12362 12475 12476 12477 12597 12599
moead,513_e-05,19,37,1600,32,29461850.590820,4887.162223,0.755102,0.244898,11882 11890 12005 12118 12232 12238 12239 12240 12361 12362 12475 12476 12477 12597 12599
moead,513_e-05,19,38,1600,32,29461850.590820,4887.162223,0.775510,0.224490,11882 11890 12005 12118 12232 12238 12239 12240 12361 12362 12475 12476 12477 12597 12599
moead,513_e-05,19,39,1600,32,29461850.590820,4887.162223,0.795918,0.204082,11882 11890 12005 12118 12232 12238 12239 12240 12361 12362 12475 12476 12477 12597 12599
moead,513_e-05,19,40,1600,32,29461476.004826,4874.922200,0.816327,0.183673,11882 12005 12110 12113 12118 12231 12232 12240 12361 12475 12476 12477 12478 12597 12599
moead,513_e-05,19,41,1600,32,29461476.004826,4874.922200,0.836735,0.163265,11882 12005 12110 12113 12118 12231 12232 12240 12361 12475 12476 12477 12478 12597 12599
moead,513_e-05,19,42,1600,32,29461476.004826,4874.922200,0.857143,0.142857,11882 12005 12110 12113 12118 12231 12232 12240 12361 12475 12476 12477 12478 12597 12599
moead,513_e-05,19,43,1600,32,29461476.004826,4874.922200,0.877551,0.122449,11882 12005 12110 12113 12118 12231 12232 12240 12361 12475 12476 12477 12478 12597 12599
moead,513_e-05,19,44,1600,32,29461476.004826,4874.922200,0.897959,0.102041,11882 12005 12110 12113 12118 12231 12232 12240 12361 12475 12476 12477 12478 12597 12599
moead,513_e-05,19,45,1600,32,29461476.004826,4874.922200,0.918367,0.081633,11882 12005 12110 12113 12118 12231 12232 12240 12361 12475 12476 12477 12478 12597 12599
moead,513_e-05,19,46,1600,32,29461476.004826,4874.922200,0.938776,0.061224,11882 12005 12110 12113 12118 12231 12232 12240 12361 12475 12476 12477 12478 12597 12599
moead,513_e-05,19,47,1600,32,29461476.004826,4874.922200,0.959184,0.040816,11882 12005 12110 12113 12118 12231 12232 12240 12361 12475 12476 12477 12478 12597 12599
moead,513_e-05,19,48,1600,32,29461476.004826,4874.922200,0.979592,0.020408,11882 12005 12110 12113 12118 12231 12232 12240 12361 12475 12476 12477 12478 12597 12599
moead,513_e-05,19,49,1600,32,29461476.004826,4874.922200,1.000000,0.000000,11882 12005 12110 12113 12118 12231 12232 12240 12361 12475 12476 12477 12478 12597 12599
moead,513_e-05,19,0,1650,33,36596723.163058,6394.922775,0.000000,1.000000,12484 40238 41963 50858 51201 71665 84675 84814 108081 108526 123802 131106 141546 153548 154391
moead,513_e-05,19,1,1650,33,29519304.095185,5203.747852,0.020408,0.979592,11691 11774 11882 11992 11994 12207 12228 12362 12475 12487 12597 12713 12730 12737 12840
moead,513_e-05,19,2,1650,33,29488471.686920,5105.746715,0.040816,0.959184,11565 11774 11882 11992 11994 12228 12231 12240 12361 12362 12475 12476 12477 12484 12730
moead,513_e-05,19,3,1650,33,29479959.842335,5096.899000,0.061224,0.938776,11578 11765 11893 12113 12118 12231 12232 12240 12361 12362 12475 12476 12477 12484 12730
moead,513_e-05,19,4,1650,33,29471939.868362,4995.105218,0.081633,0.918367,11578 11682 11893 12113 12118 12231 12232 12240 12361 12362 12475 12476 12477 12484 12730
moead,513_e-05,19,5,1650,33,29471939.868362,4995.105218,0.102041,0.897959,11578 11682 11893 12113 12118 12231 12232 12240 12361 12362 12475 12476 12477 12484 12730
moead,513_e-05,19,6,1650,33,29470792.543050,4984.124948,0.122449,0.877551,11682 11893 12113 12118 12231 12232 12240 12361 12362 12475 12476 12477 12484 12597 12858
moead,513_e-05,19,7,1650,33,29467011.812440,4982.545651,0.142857,0.857143,11682 11893 12113 12118 12231 12232 12240 12361 12362 12475 12476 12477 12484 12597 12730
moead,513_e-05,19,8,1650,33,29467011.812440,4982.545651,0.163265,0.836735,11682 11893 12113 12118 12231 12232 12240 12361 12362 12475 12476 12477 12484 12597 12730
moead,513_e-05,19,9,1650,33,29467011.812440,4982.545651,0.183673,0.816327,11682 11893 12113 12118 12231 12232 12240 12361 12362 12475 12476 12477 12484 12597 12730
moead,513_e-05,19,10,1650,33,29467011.812440,4982.545651,0.204082,0.795918,11682 11893 12113 12118 12231 12232 12240 12361 12362 12475 12476 12477 12484 12597 12730
moead,513_e-05,19,11,1650,33,29465428.819586,4889.148330,0.224490,0.775510,11687 11882 12007 12118 12232 12238 12239 12240 12361 12362 12475 12476 12477 12597 12599
moead,513_e-05,19,12,1650,33,29465428.819586,4889.148330,0.244898,0.755102,11687 11882 12007 12118 12232 12238 12239 12240 12361 12362 12475 12476 12477 12597 12599
moead,513_e-05,19,13,1650,33,29462596.839979,4888.367412,0.265306,0.734694,11882 11890 12007 12118 12232 12238 12239 12240 12361 12362 12475 12476 12477 12597 12599
moead,513_e-05,19,14,1650,33,29462596.839979,4888.367412,0.285714,0.714286,11882 11890 12007 12118 12232 12238 12239 12240 12361 12362 12475 12476 12477 12597 12599
moead,513_e-05,19,15,1650,33,29462596.839979,4888.367412,0.306122,0.693878,11882 11890 12007 12118 12232 12238 12239 12240 12361 12362 12475 12476 12477 12597 12599
moead,513_e-05,19,16,1650,33,29462596.839979,4888.367412,0.326531,0.673469,11882 11890 12007 12118 12232 12238 12239 12240 12361 12362 12475 12476 12477 12597 12599
moead,513_e-05,19,17,1650,33,29462596.839979,4888.367412,0.346939,0.653061,11882 11890 12007 12118 12232 12238 12239 12240 12361 12362 12475 12476 12477 12597 12599
moead,513_e-05,19,18,1650,33,29462596.839979,4888.367412,0.367347,0.632653,11882 11890 12007 12118 12232 12238 12239 12240 12361 12362 12475 12476 12477 12597 12599
moead,513_e-05,19,19,1650,33,29462596.839979,4888.367412,0.387755,0.612245,11882 11890 12007 12118 12232 12238 12239 12240 12361 12362 12475 12476 12477 12597 12599
moead,513_e-05,19,20,1650,33,29462596.839979,4888.367412,0.408163,0.591837,11882 11890 12007 12118 12232 12238 12239 12240 12361 12362 12475 12476 12477 12597 12599
moead,513_e-05,19,21,1650,33,29462596.839979,4888.367412,0.428571,0.571429,11882 11890 12007 12118 12232 12238 12239 12240 12361 12362 12475 12476 12477 12597 12599
moead,513_e-05,19,22,1650,33,29462596.839979,4888.367412,0.448980,0.551020,11882 11890 12007 12118 12232 12238 12239 12240 12361 12362 12475 12476 12477 12597 12599
moead,513_e-05,19,23,1650,33,29462596.839979,4888.367412,0.469388,0.530612,11882 11890 12007 12118 12232 12238 12239 12240 12361 12362 12475 12476 12477 12597 12599
moead,513_e-05,19,24,1650,33,29462596.839979,4888.367412,0.489796,0.510204,11882 11890 12007 12118 12232 12238 12239 12240 12361 12362 12475 12476 12477 12597 12599
moead,513_e-05,19,25,1650,33,29462596.839979,4888.367412,0.510204,0.489796,11882 11890 12007 12118 12232 12238 12239 12240 12361 12362 12475 12476 12477 12597 12599
moead,513_e-05,19,26,1650,33,29461850.590820,4887.162223,0.530612,0.469388,11882 11890 12005 12118 12232 12238 12239 12240 12361 12362 12475 12476 12477 12597 12599
moead,513_e-05,19,27,1650,33,29461850.590820,4887.162223,0.551020,0.448980,11882 11890 12005 12118 12232 12238 12239 12240 12361 12362 12475 12476 12477 12597 12599
moead,513_e-05,19,28,1650,33,29461850.590820,4887.162223,0.571429,0.428571,11882 11890 12005 12118 12232 12238 12239 12240 12361 12362 12475 12476 12477 12597 12599
moead,513_e-05,19,29,1650,33,29461850.590820,4887.162223,0.591837,0.408163,11882 11890 12005 12118 12232 12238 12239 12240 12361 12362 12475 12476 12477 12597 12599
moead,513_e-05,19,30,1650,33,29461850.590820,4887.162223,0.612245,0.387755,11882 11890 12005 12118 12232 12238 12239 12240 12361 12362 12475 12476 12477 12597 12599
moead,513_e-05,19,31,1650,33,29461850.590820,4887.162223,0.632653,0.367347,11882 11890 12005 12118 12232 12238 12239 12240 12361 12362 12475 12476 12477 12597 12599
moead,513_e-05,19,32,1650,33,29461850.590820,4887.162223,0.653061,0.346939,11882 11890 12005 12118 12232 12238 12239 12240 12361 12362 12475 12476 12477 12597 12599
moead,513_e-05,19,33,1650,33,29461850.590820,4887.162223,0.673469,0.326531,11882 11890 12005 12118 12232 12238 12239 12240 12361 12362 12475 12476 12477 12597 12599
moead,513_e-05,19,34,1650,33,29461850.590820,4887.162223,0.693878,0.306122,11882 11890 12005 12118 12232 12238 12239 12240 12361 12362 12475 12476 12477 12597 12599
moead,513_e-05,19,35,1650,33,29461476.004826,4874.922200,0.714286,0.285714,11882 12005 12110 12113 12118 12231 12232 12240 12361 12475 12476 12477 12478 12597 12599
moead,513_e-05,19,36,1650,33,29461476.004826,4874.922200,0.734694,0.265306,11882 12005 12110 12113 12118 12231 12232 12240 12361 12475 12476 12477 12478 12597 12599
moead,513_e-05,19,37,1650,33,29461476.004826,4874.922200,0.755102,0.244898,11882 12005 12110 12113 12118 12231 12232 12240 12361 12475 12476 12477 12478 12597 12599
moead,513_e-05,19,38,1650,33,29461476.004826,4874.922200,0.775510,0.224490,11882 12005 12110 12113 12118 12231 12232 12240 12361 12475 12476 12477 12478 12597 12599
moead,513_e-05,19,39,1650,33,29461476.004826,4874.922200,0.795918,0.204082,11882 12005 12110 12113 12118 12231 12232 12240 12361 12475 12476 12477 12478 12597 12599
moead,513_e-05,19,40,1650,33,29461476.004826,4874.922200,0.816327,0.183673,11882 12005 12110 12113 12118 12231 12232 12240 12361 12475 12476 12477 12478 12597 12599
moead,513_e-05,19,41,1650,33,29461476.004826,4874.922200,0.836735,0.163265,11882 12005 12110 12113 12118 12231 12232 12240 12361 12475 12476 12477 12478 12597 12599
moead,513_e-05,19,42,1650,33,29461476.004826,4874.922200,0.857143,0.142857,11882 12005 12110 12113 12118 12231 12232 12240 12361 12475 12476 12477 12478 12597 12599
moead,513_e-05,19,43,1650,33,29461476.004826,4874.922200,0.877551,0.122449,11882 12005 12110 12113 12118 12231 12232 12240 12361 12475 12476 12477 12478 12597 12599
moead,513_e-05,19,44,1650,33,29461476.004826,4874.922200,0.897959,0.102041,11882 12005 12110 12113 12118 12231 12232 12240 12361 12475 12476 12477 12478 12597 12599
moead,513_e-05,19,45,1650,33,29461476.004826,4874.922200,0.918367,0.081633,11882 12005 12110 12113 12118 12231 12232 12240 12361 12475 12476 12477 12478 12597 12599
moead,513_e-05,19,46,1650,33,29461476.004826,4874.922200,0.938776,0.061224,11882 12005 12110 12113 12118 12231 12232 12240 12361 12475 12476 12477 12478 12597 12599
moead,513_e-05,19,47,1650,33,29461476.004826,4874.922200,0.959184,0.040816,11882 12005 12110 12113 12118 12231 12232 12240 12361 12475 12476 12477 12478 12597 12599
moead,513_e-05,19,48,1650,33,29461476.004826,4874.922200,0.979592,0.020408,11882 12005 12110 12113 12118 12231 12232 12240 12361 12475 12476 12477 12478 12597 12599
moead,513_e-05,19,49,1650,33,29461476.004826,4874.922200,1.000000,0.000000,11882 12005 12110 12113 12118 12231 12232 12240 12361 12475 12476 12477 12478 12597 12599
moead,513_e-05,19,0,1700,34,36860717.114062,6394.922775,0.000000,1.000000,12730 41963 42334 49243 50858 71665 94006 108081 138756 141546 146859 147493 153548 154391 170027
moead,513_e-05,19,1,1700,34,29519304.095185,5203.747852,0.020408,0.979592,11691 11774 11882 11992 11994 12207 12228 12362 12475 12487 12597 12713 12730 12737 12840
moead,513_e-05,19,2,1700,34,29488471.686920,5105.746715,0.040816,0.959184,11565 11774 11882 11992 11994 12228 12231 12240 12361 12362 12475 12476 12477 12484 12730
moead,513_e-05,19,3,1700,34,29479959.842335,5096.899000,0.061224,0.938776,11578 11765 11893 12113 12118 12231 12232 12240 12361 12362 12475 12476 12477 12484 12730
moead,513_e-05,19,4,1700,34,29471939.868362,4995.105218,0.081633,0.918367,11578 11682 11893 12113 12118 12231 12232 12240 12361 12362 12475 12476 12477 12484 12730
moead,513_e-05,19,5,1700,34,29471939.868362,4995.105218,0.102041,0.897959,11578 11682 11893 12113 12118 12231 12232 12240 12361 12362 12475 12476 12477 12484 12730
moead,513_e-05,19,6,1700,34,29470792.543050,4984.124948,0.122449,0.877551,11682 11893 12113 12118 12231 12232 12240 12361 12362 12475 12476 12477 12484 12597 12858
moead,513_e-05,19,7,1700,34,29467011.812440,4982.545651,0.142857,0.857143,11682 11893 12113 12118 12231 12232 12240 12361 12362 12475 12476 12477 12484 12597 12730
moead,513_e-05,19,8,1700,34,29467011.812440,4982.545651,0.163265,0.836735,11682 11893 12113 12118 12231 12232 12240 12361 12362 12475 12476 12477 12484 12597 12730
moead,513_e-05,19,9,1700,34,29467011.812440,4982.545651,0.183673,0.816327,11682 11893 12113 12118 12231 12232 12240 12361 12362 12475 12476 12477 12484 12597 12730
moead,513_e-05,19,10,1700,34,29467011.812440,4982.545651,0.204082,0.795918,11682 11893 12113 12118 12231 12232 12240 12361 12362 12475 12476 12477 12484 12597 12730
moead,513_e-05,19,11,1700,34,29465428.819586,4889.148330,0.224490,0.775510,11687 11882 12007 12118 12232 12238 12239 12240 12361 12362 12475 12476 12477 12597 12599
moead,513_e-05,19,12,1700,34,29465428.819586,4889.148330,0.244898,0.755102,11687 11882 12007 12118 12232 12238 12239 12240 12361 12362 12475 12476 12477 12597 12599
moead,513_e-05,19,13,1700,34,29462596.839979,4888.367412,0.265306,0.734694,11882 11890 12007 12118 12232 12238 12239 12240 12361 12362 12475 12476 12477 12597 12599
moead,513_e-05,19,14,1700,34,29462596.839979,4888.367412,0.285714,0.714286,11882 11890 12007 12118 12232 12238 12239 12240 12361 12362 12475 12476 12477 12597 12599
moead,513_e-05,19,15,1700,34,29462596.839979,4888.367412,0.306122,0.693878,11882 11890 12007 12118 12232 12238 12239 12240 12361 12362 12475 12476 12477 12597 12599
moead,513_e-05,19,16,1700,34,29462596.839979,4888.367412,0.326531,0.673469,11882 11890 12007 12118 12232 12238 12239 12240 12361 12362 12475 12476 12477 12597 12599
moead,513_e-05,19,17,1700,34,29462596.839979,4888.367412,0.346939,0.653061,11882 11890 12007 12118 12232 12238 12239 12240 12361 12362 12475 12476 12477 12597 12599
moead,513_e-05,19,18,1700,34,29462596.839979,4888.367412,0.367347,0.632653,11882 11890 12007 12118 12232 12238 12239 12240 12361 12362 12475 12476 12477 12597 12599
moead,513_e-05,19,19,1700,34,29462596.839979,4888.367412,0.387755,0.612245,11882 11890 12007 12118 12232 12238 12239 12240 12361 12362 12475 12476 12477 12597 12599
moead,513_e-05,19,20,1700,34,29462596.839979,4888.367412,0.408163,0.591837,11882 11890 12007 12118 12232 12238 12239 12240 12361 12362 12475 12476 12477 12597 12599
moead,513_e-05,19,21,1700,34,29462596.839979,4888.367412,0.428571,0.571429,11882 11890 12007 12118 12232 12238 12239 12240 12361 12362 12475 12476 12477 12597 12599
moead,513_e-05,19,22,1700,34,29462596.839979,4888.367412,0.448980,0.551020,11882 11890 12007 12118 12232 12238 12239 12240 12361 12362 12475 12476 12477 12597 12599
moead,513_e-05,19,23,1700,34,29462596.839979,4888.367412,0.469388,0.530612,11882 11890 12007 12118 12232 12238 12239 12240 12361 12362 12475 12476 12477 12597 12599
moead,513_e-05,19,24,1700,34,29462596.839979,4888.367412,0.489796,0.510204,11882 11890 12007 12118 12232 12238 12239 12240 12361 12362 12475 12476 12477 12597 12599
moead,513_e-05,19,25,1700,34,29462596.839979,4888.367412,0.510204,0.489796,11882 11890 12007 12118 12232 12238 12239 12240 12361 12362 12475 12476 12477 12597 12599
moead,513_e-05,19,26,1700,34,29461850.590820,4887.162223,0.530612,0.469388,11882 11890 12005 12118 12232 12238 12239 12240 12361 12362 12475 12476 12477 12597 12599
moead,513_e-05,19,27,1700,34,29461850.590820,4887.162223,0.551020,0.448980,11882 11890 12005 12118 12232 12238 12239 12240 12361 12362 12475 12476 12477 12597 12599
moead,513_e-05,19,28,1700,34,29461850.590820,4887.162223,0.571429,0.428571,11882 11890 12005 12118 12232 12238 12239 12240 12361 12362 12475 12476 12477 12597 12599
moead,513_e-05,19,29,1700,34,29461850.590820,4887.162223,0.591837,0.408163,11882 11890 12005 12118 12232 12238 12239 12240 12361 12362 12475 12476 12477 12597 12599
moead,513_e-05,19,30,1700,34,29461850.590820,4887.162223,0.612245,0.387755,11882 11890 12005 12118 12232 12238 12239 12240 12361 12362 12475 12476 12477 12597 12599
moead,513_e-05,19,31,1700,34,29461850.590820,4887.162223,0.632653,0.367347,11882 11890 12005 12118 12232 12238 12239 12240 12361 12362 12475 12476 12477 12597 12599
moead,513_e-05,19,32,1700,34,29461850.590820,4887.162223,0.653061,0.346939,11882 11890 12005 12118 12232 12238 12239 12240 12361 12362 12475 12476 12477 12597 12599
moead,513_e-05,19,33,1700,34,29461850.590820,4887.162223,0.673469,0.326531,11882 11890 12005 12118 12232 12238 12239 12240 12361 12362 12475 12476 12477 12597 12599
moead,513_e-05,19,34,1700,34,29461850.590820,4887.162223,0.693878,0.306122,11882 11890 12005 12118 12232 12238 12239 12240 12361 12362 12475 12476 12477 12597 12599
moead,513_e-05,19,35,1700,34,29461481.521023,4876.919472,0.714286,0.285714,11882 11890 12005 12118 12235 12238 12239 12240 12361 12362 12475 12476 12477 12597 12599
moead,513_e-05,19,36,1700,34,29461481.521023,4876.919472,0.734694,0.265306,11882 11890 12005 12118 12235 12238 12239 12240 12361 12362 12475 12476 12477 12597 12599
moead,513_e-05,19,37,1700,34,29461481.521023,4876.919472,0.755102,0.244898,11882 11890 12005 12118 12235 12238 12239 12240 12361 12362 12475 12476 12477 12597 12599
moead,513_e-05,19,38,1700,34,29461481.521023,4876.919472,0.775510,0.224490,11882 11890 12005 12118 12235 12238 12239 12240 12361 12362 12475 12476 12477 12597 12599
moead,513_e-05,19,39,1700,34,29461481.521023,4876.919472,0.795918,0.204082,11882 11890 12005 12118 12235 12238 12239 12240 12361 12362 12475 12476 12477 12597 12599
moead,513_e-05,19,40,1700,34,29461481.521023,4876.919472,0.816327,0.183673,11882 11890 12005 12118 12235 12238 12239 12240 12361 12362 12475 12476 12477 12597 12599
moead,513_e-05,19,41,1700,34,29461481.521023,4876.919472,0.836735,0.163265,11882 11890 12005 12118 12235 12238 12239 12240 12361 12362 12475 12476 12477 12597 12599
moead,513_e-05,19,42,1700,34,29461476.004826,4874.922200,0.857143,0.142857,11882 12005 12110 12113 12118 12231 12232 12240 12361 12475 12476 12477 12478 12597 12599
moead,513_e-05,19,43,1700,34,29461476.004826,4874.922200,0.877551,0.122449,11882 12005 12110 12113 12118 12231 12232 12240 12361 12475 12476 12477 12478 12597 12599
moead,513_e-05,19,44,1700,34,29461476.004826,4874.922200,0.897959,0.102041,11882 12005 12110 12113 12118 12231 12232 12240 12361 12475 12476 12477 12478 12597 12599
moead,513_e-05,19,45,1700,34,29461476.004826,4874.922200,0.918367,0.081633,11882 12005 12110 12113 12118 12231 12232 12240 12361 12475 12476 12477 12478 12597 12599
moead,513_e-05,19,46,1700,34,29461476.004826,4874.922200,0.938776,0.061224,11882 12005 12110 12113 12118 12231 12232 12240 12361 12475 12476 12477 12478 12597 12599
moead,513_e-05,19,47,1700,34,29461476.004826,4874.922200,0.959184,0.040816,11882 12005 12110 12113 12118 12231 12232 12240 12361 12475 12476 12477 12478 12597 12599
moead,513_e-05,19,48,1700,34,29461476.004826,4874.922200,0.979592,0.020408,11882 12005 12110 12113 12118 12231 12232 12240 12361 12475 12476 12477 12478 12597 12599
moead,513_e-05,19,49,1700,34,29461476.004826,4874.922200,1.000000,0.000000,11882 12005 12110 12113 12118 12231 12232 12240 12361 12475 12476 12477 12478 12597 12599
moead,513_e-05,19,0,1750,35,37270306.420854,6394.922775,0.000000,1.000000,12730 17814 40144 50858 60582 71665 87916 91328 94006 135956 138756 141546 147493 153548 169005
moead,513_e-05,19,1,1750,35,29519304.095185,5203.747852,0.020408,0.979592,11691 11774 11882 11992 11994 12207 12228 12362 12475 12487 12597 12713 12730 12737 12840
moead,513_e-05,19,2,1750,35,29488471.686920,5105.746715,0.040816,0.959184,11565 11774 11882 11992 11994 12228 12231 12240 12361 12362 12475 12476 12477 12484 12730
moead,513_e-05,19,3,1750,35,29479959.842335,5096.899000,0.061224,0.938776,11578 11765 11893 12113 12118 12231 12232 12240 12361 12362 12475 12476 12477 12484 12730
moead,513_e-05,19,4,1750,35,29471939.868362,4995.105218,0.081633,0.918367,11578 11682 11893 12113 12118 12231 12232 12240 12361 12362 12475 12476 12477 12484 12730
moead,513_e-05,19,5,1750,35,29471939.868362,4995.105218,0.102041,0.897959,11578 11682 11893 12113 12118 12231 12232 12240 12361 12362 12475 12476 12477 12484 12730
moead,513_e-05,19,6,1750,35,29470792.543050,4984.124948,0.122449,0.877551,11682 11893 12113 12118 12231 12232 12240 12361 12362 12475 12476 12477 12484 12597 12858
moead,513_e-05,19,7,1750,35,29467011.812440,4982.545651,0.142857,0.857143,11682 11893 12113 12118 12231 12232 12240 12361 12362 12475 12476 12477 12484 12597 12730
moead,513_e-05,19,8,1750,35,29467011.812440,4982.545651,0.163265,0.836735,11682 11893 12113 12118 12231 12232 12240 12361 12362 12475 12476 12477 12484 12597 12730
moead,513_e-05,19,9,1750,35,29467011.812440,4982.545651,0.183673,0.816327,11682 11893 12113 12118 12231 12232 12240 12361 12362 12475 12476 12477 12484 12597 12730
moead,513_e-05,19,10,1750,35,29467011.812440,4982.545651,0.204082,0.795918,11682 11893 12113 12118 12231 12232 12240 12361 12362 12475 12476 12477 12484 12597 12730
moead,513_e-05,19,11,1750,35,29465428.819586,4889.148330,0.224490,0.775510,11687 11882 12007 12118 12232 12238 12239 12240 12361 12362 12475 12476 12477 12597 12599
moead,513_e-05,19,12,1750,35,29465428.819586,4889.148330,0.244898,0.755102,11687 11882 12007 12118 12232 12238 12239 12240 12361 12362 12475 12476 12477 12597 12599
moead,513_e-05,19,13,1750,35,29462596.839979,4888.367412,0.265306,0.734694,11882 11890 12007 12118 12232 12238 12239 12240 12361 12362 12475 12476 12477 12597 12599
moead,513_e-05,19,14,1750,35,29462596.839979,4888.367412,0.285714,0.714286,11882 11890 12007 12118 12232 12238 12239 12240 12361 12362 12475 12476 12477 12597 12599
moead,513_e-05,19,15,1750,35,29462596.839979,4888.367412,0.306122,0.693878,11882 11890 12007 12118 12232 12238 12239 12240 12361 12362 12475 12476 12477 12597 12599
moead,513_e-05,19,16,1750,35,29462596.839979,4888.367412,0.326531,0.673469,11882 11890 12007 12118 12232 12238 12239 12240 12361 12362 12475 12476 12477 12597 12599
moead,513_e-05,19,17,1750,35,29462596.839979,4888.367412,0.346939,0.653061,11882 11890 12007 12118 12232 12238 12239 12240 12361 12362 12475 12476 12477 12597 12599
moead,513_e-05,19,18,1750,35,29462596.839979,4888.367412,0.367347,0.632653,11882 11890 12007 12118 12232 12238 12239 12240 12361 12362 12475 12476 12477 12597 12599
moead,513_e-05,19,19,1750,35,29462596.839979,4888.367412,0.387755,0.612245,11882 11890 12007 12118 12232 12238 12239 12240 12361 12362 12475 12476 12477 12597 12599
moead,513_e-05,19,20,1750,35,29462596.839979,4888.367412,0.408163,0.591837,11882 11890 12007 12118 12232 12238 12239 12240 12361 12362 12475 12476 12477 12597 12599
moead,513_e-05,19,21,1750,35,29462596.839979,4888.367412,0.428571,0.571429,11882 11890 12007 12118 12232 12238 12239 12240 12361 12362 12475 12476 12477 12597 12599
moead,513_e-05,19,22,1750,35,29462596.839979,4888.367412,0.448980,0.551020,11882 11890 12007 12118 12232 12238 12239 12240 12361 12362 12475 12476 12477 12597 12599
moead,513_e-05,19,23,1750,35,29462596.839979,4888.367412,0.469388,0.530612,11882 11890 12007 12118 12232 12238 12239 12240 12361 12362 12475 12476 12477 12597 12599
moead,513_e-05,19,24,1750,35,29462596.839979,4888.367412,0.489796,0.510204,11882 11890 12007 12118 12232 12238 12239 12240 12361 12362 12475 12476 12477 12597 12599
moead,513_e-05,19,25,1750,35,29462596.839979,4888.367412,0.510204,0.489796,11882 11890 12007 12118 12232 12238 12239 12240 12361 12362 12475 12476 12477 12597 12599
moead,513_e-05,19,26,1750,35,29461850.590820,4887.162223,0.530612,0.469388,11882 11890 12005 12118 12232 12238 12239 12240 12361 12362 12475 12476 12477 12597 12599
moead,513_e-05,19,27,1750,35,29461850.590820,4887.162223,0.551020,0.448980,11882 11890 12005 12118 12232 12238 12239 12240 12361 12362 12475 12476 12477 12597 12599
moead,513_e-05,19,28,1750,35,29461850.590820,4887.162223,0.571429,0.428571,11882 11890 12005 12118 12232 12238 12239 12240 12361 12362 12475 12476 12477 12597 12599
moead,513_e-05,19,29,1750,35,29461850.590820,4887.162223,0.591837,0.408163,11882 11890 12005 12118 12232 12238 12239 12240 12361 12362 12475 12476 12477 12597 12599
moead,513_e-05,19,30,1750,35,29461850.590820,4887.162223,0.612245,0.387755,11882 11890 12005 12118 12232 12238 12239 12240 12361 12362 12475 12476 12477 12597 12599
moead,513_e-05,19,31,1750,35,29461850.590820,4887.162223,0.632653,0.367347,11882 11890 12005 12118 12232 12238 12239 12240 12361 12362 12475 12476 12477 12597 12599
moead,513_e-05,19,32,1750,35,29461850.590820,4887.162223,0.653061,0.346939,11882 11890 12005 12118 12232 12238 12239 12240 12361 12362 12475 12476 12477 12597 12599
moead,513_e-05,19,33,1750,35,29461850.590820,4887.162223,0.673469,0.326531,11882 11890 12005 12118 12232 12238 12239 12240 12361 12362 12475 12476 12477 12597 12599
moead,513_e-05,19,34,1750,35,29461850.590820,4887.162223,0.693878,0.306122,11882 11890 12005 12118 12232 12238 12239 12240 12361 12362 12475 12476 12477 12597 12599
moead,513_e-05,19,35,1750,35,29461481.521023,4876.919472,0.714286,0.285714,11882 11890 12005 12118 12235 12238 12239 12240 12361 12362 12475 12476 12477 12597 12599
moead,513_e-05,19,36,1750,35,29461481.521023,4876.919472,0.734694,0.265306,11882 11890 12005 12118 12235 12238 12239 12240 12361 12362 12475 12476 12477 12597 12599
moead,513_e-05,19,37,1750,35,29461481.521023,4876.919472,0.755102,0.244898,11882 11890 12005 12118 12235 12238 12239 12240 12361 12362 12475 12476 12477 12597 12599
moead,513_e-05,19,38,1750,35,29461481.521023,4876.919472,0.775510,0.224490,11882 11890 12005 12118 12235 12238 12239 12240 12361 12362 12475 12476 12477 12597 12599
moead,513_e-05,19,39,1750,35,29461481.521023,4876.919472,0.795918,0.204082,11882 11890 12005 12118 12235 12238 12239 12240 12361 12362 12475 12476 12477 12597 12599
moead,513_e-05,19,40,1750,35,29461481.521023,4876.919472,0.816327,0.183673,11882 11890 12005 12118 12235 12238 12239 12240 12361 12362 12475 12476 12477 12597 12599
moead,513_e-05,19,41,1750,35,29461481.521023,4876.919472,0.836735,0.163265,11882 11890 12005 12118 12235 12238 12239 12240 12361 12362 12475 12476 12477 12597 12599
moead,513_e-05,19,42,1750,35,29461476.004826,4874.922200,0.857143,0.142857,11882 12005 12110 12113 12118 12231 12232 12240 12361 12475 12476 12477 12478 12597 12599
moead,513_e-05,19,43,1750,35,29461476.004826,4874.922200,0.877551,0.122449,11882 12005 12110 12113 12118 12231 12232 12240 12361 12475 12476 12477 12478 12597 12599
moead,513_e-05,19,44,1750,35,29461476.004826,4874.922200,0.897959,0.102041,11882 12005 12110 12113 12118 12231 12232 12240 12361 12475 12476 12477 12478 12597 12599
moead,513_e-05,19,45,1750,35,29461476.004826,4874.922200,0.918367,0.081633,11882 12005 12110 12113 12118 12231 12232 12240 12361 12475 12476 12477 12478 12597 12599
moead,513_e-05,19,46,1750,35,29461476.004826,4874.922200,0.938776,0.061224,11882 12005 12110 12113 12118 12231 12232 12240 12361 12475 12476 12477 12478 12597 12599
moead,513_e-05,19,47,1750,35,29461476.004826,4874.922200,0.959184,0.040816,11882 12005 12110 12113 12118 12231 12232 12240 12361 12475 12476 12477 12478 12597 12599
moead,513_e-05,19,48,1750,35,29461476.004826,4874.922200,0.979592,0.020408,11882 12005 12110 12113 12118 12231 12232 12240 12361 12475 12476 12477 12478 12597 12599
moead,513_e-05,19,49,1750,35,29461476.004826,4874.922200,1.000000,0.000000,11882 12005 12110 12113 12118 12231 12232 12240 12361 12475 12476 12477 12478 12597 12599
moead,513_e-05,19,0,1800,36,38162121.013114,6394.922775,0.000000,1.000000,5179 11048 17814 50858 60582 71665 91328 94006 119577 129352 135171 136708 153548 163640 169005
moead,513_e-05,19,1,1800,36,29519304.095185,5203.747852,0.020408,0.979592,11691 11774 11882 11992 11994 12207 12228 12362 12475 12487 12597 12713 12730 12737 12840
moead,513_e-05,19,2,1800,36,29488471.686920,5105.746715,0.040816,0.959184,11565 11774 11882 11992 11994 12228 12231 12240 12361 12362 12475 12476 12477 12484 12730
moead,513_e-05,19,3,1800,36,29471939.868362,4995.105218,0.061224,0.938776,11578 11682 11893 12113 12118 12231 12232 12240 12361 12362 12475 12476 12477 12484 12730
moead,513_e-05,19,4,1800,36,29471939.868362,4995.105218,0.081633,0.918367,11578 11682 11893 12113 12118 12231 12232 12240 12361 12362 12475 12476 12477 12484 12730
moead,513_e-05,19,5,1800,36,29470792.543050,4984.124948,0.102041,0.897959,11682 11893 12113 12118 12231 12232 12240 12361 12362 12475 12476 12477 12484 12597 12858
moead,513_e-05,19,6,1800,36,29467011.812440,4982.545651,0.122449,0.877551,11682 11893 12113 12118 12231 12232 12240 12361 12362 12475 12476 12477 12484 12597 12730
moead,513_e-05,19,7,1800,36,29467011.812440,4982.545651,0.142857,0.857143,11682 11893 12113 12118 12231 12232 12240 12361 12362 12475 12476 12477 12484 12597 12730
moead,513_e-05,19,8,1800,36,29465428.819586,4889.148330,0.163265,0.836735,11687 11882 12007 12118 12232 12238 12239 12240 12361 12362 12475 12476 12477 12597 12599
moead,513_e-05,19,9,1800,36,29462596.839979,4888.367412,0.183673,0.816327,11882 11890 12007 12118 12232 12238 12239 12240 12361 12362 12475 12476 12477 12597 12599
moead,513_e-05,19,10,1800,36,29462596.839979,4888.367412,0.204082,0.795918,11882 11890 12007 12118 12232 12238 12239 12240 12361 12362 12475 12476 12477 12597 12599
moead,513_e-05,19,11,1800,36,29462596.839979,4888.367412,0.224490,0.775510,11882 11890 12007 12118 12232 12238 12239 12240 12361 12362 12475 12476 12477 12597 12599
moead,513_e-05,19,12,1800,36,29462596.839979,4888.367412,0.244898,0.755102,11882 11890 12007 12118 12232 12238 12239 12240 12361 12362 12475 12476 12477 12597 12599
moead,513_e-05,19,13,1800,36,29462596.839979,4888.367412,0.265306,0.734694,11882 11890 12007 12118 12232 12238 12239 12240 12361 12362 12475 12476 12477 12597 12599
moead,513_e-05,19,14,1800,36,29461850.590820,4887.162223,0.285714,0.714286,11882 11890 12005 12118 12232 12238 12239 12240 12361 12362 12475 12476 12477 12597 12599
moead,513_e-05,19,15,1800,36,29461850.590820,4887.162223,0.306122,0.693878,11882 11890 12005 12118 12232 12238 12239 12240 12361 12362 12475 12476 12477 12597 12599
moead,513_e-05,19,16,1800,36,29459875.427381,4884.601386,0.326531,0.673469,11882 12118 12232 12233 12238 12239 12240 12360 12361 12362 12475 12476 12477 12597 12599
moead,513_e-05,19,17,1800,36,29459875.427381,4884.601386,0.346939,0.653061,11882 12118 12232 12233 12238 12239 12240 12360 12361 12362 12475 12476 12477 12597 12599
moead,513_e-05,19,18,1800,36,29459875.427381,4884.601386,0.367347,0.632653,11882 12118 12232 12233 12238 12239 12240 12360 12361 12362 12475 12476 12477 12597 12599
moead,513_e-05,19,19,1800,36,29459875.427381,4884.601386,0.387755,0.612245,11882 12118 12232 12233 12238 12239 12240 12360 12361 12362 12475 12476 12477 12597 12599
moead,513_e-05,19,20,1800,36,29459875.427381,4884.601386,0.408163,0.591837,11882 12118 12232 12233 12238 12239 12240 12360 12361 12362 12475 12476 12477 12597 12599
moead,513_e-05,19,21,1800,36,29459875.427381,4884.601386,0.428571,0.571429,11882 12118 12232 12233 12238 12239 12240 12360 12361 12362 12475 12476 12477 12597 12599
moead,513_e-05,19,22,1800,36,29459875.427381,4884.601386,0.448980,0.551020,11882 12118 12232 12233 12238 12239 12240 12360 12361 12362 12475 12476 12477 12597 12599
moead,513_e-05,19,23,1800,36,29459875.427381,4884.601386,0.469388,0.530612,11882 12118 12232 12233 12238 12239 12240 12360 12361 12362 12475 12476 12477 12597 12599
moead,513_e-05,19,24,1800,36,29459875.427381,4884.601386,0.489796,0.510204,11882 12118 12232 12233 12238 12239 12240 12360 12361 12362 12475 12476 12477 12597 12599
moead,513_e-05,19,25,1800,36,29459875.427381,4884.601386,0.510204,0.489796,11882 12118 12232 12233 12238 12239 12240 12360 12361 12362 12475 12476 12477 12597 12599
moead,513_e-05,19,26,1800,36,29458450.785966,4875.110433,0.530612,0.469388,11890 12000 12232 12233 12238 12239 12240 12360 12361 12362 12475 12476 12477 12597 12599
moead,513_e-05,19,27,1800,36,29458450.785966,4875.110433,0.551020,0.448980,11890 12000 12232 12233 12238 12239 12240 12360 12361 12362 12475 12476 12477 12597 12599
moead,513_e-05,19,28,1800,36,29458450.785966,4875.110433,0.571429,0.428571,11890 12000 12232 12233 12238 12239 12240 12360 12361 12362 12475 12476 12477 12597 12599
moead,513_e-05,19,29,1800,36,29458450.785966,4875.110433,0.591837,0.408163,11890 12000 12232 12233 12238 12239 12240 12360 12361 12362 12475 12476 12477 12597 12599
moead,513_e-05,19,30,1800,36,29458450.785966,4875.110433,0.612245,0.387755,11890 12000 12232 12233 12238 12239 12240 12360 12361 12362 12475 12476 12477 12597 12599
moead,513_e-05,19,31,1800,36,29458450.785966,4875.110433,0.632653,0.367347,11890 12000 12232 12233 12238 12239 12240 12360 12361 12362 12475 12476 12477 12597 12599
moead,513_e-05,19,32,1800,36,29458450.785966,4875.110433,0.653061,0.346939,11890 12000 12232 12233 12238 12239 12240 12360 12361 12362 12475 12476 12477 12597 12599
moead,513_e-05,19,33,1800,36,29458450.785966,4875.110433,0.673469,0.326531,11890 12000 12232 12233 12238 12239 12240 12360 12361 12362 12475 12476 12477 12597 12599
moead,513_e-05,19,34,1800,36,29458450.785966,4875.110433,0.693878,0.306122,11890 12000 12232 12233 12238 12239 12240 12360 12361 12362 12475 12476 12477 12597 12599
moead,513_e-05,19,35,1800,36,29458450.785966,4875.110433,0.714286,0.285714,11890 12000 12232 12233 12238 12239 12240 12360 12361 12362 12475 12476 12477 12597 12599
moead,513_e-05,19,36,1800,36,29458450.785966,4875.110433,0.734694,0.265306,11890 12000 12232 12233 12238 12239 12240 12360 12361 12362 12475 12476 12477 12597 12599
moead,513_e-05,19,37,1800,36,29458450.785966,4875.110433,0.755102,0.244898,11890 12000 12232 12233 12238 12239 12240 12360 12361 12362 12475 12476 12477 12597 12599
moead,513_e-05,19,38,1800,36,29458450.785966,4875.110433,0.775510,0.224490,11890 12000 12232 12233 12238 12239 12240 12360 12361 12362 12475 12476 12477 12597 12599
moead,513_e-05,19,39,1800,36,29458450.785966,4875.110433,0.795918,0.204082,11890 12000 12232 12233 12238 12239 12240 12360 12361 12362 12475 12476 12477 12597 12599
moead,513_e-05,19,40,1800,36,29458450.785966,4875.110433,0.816327,0.183673,11890 12000 12232 12233 12238 12239 12240 12360 12361 12362 12475 12476 12477 12597 12599
moead,513_e-05,19,41,1800,36,29458450.785966,4875.110433,0.836735,0.163265,11890 12000 12232 12233 12238 12239 12240 12360 12361 12362 12475 12476 12477 12597 12599
moead,513_e-05,19,42,1800,36,29458450.785966,4875.110433,0.857143,0.142857,11890 12000 12232 12233 12238 12239 12240 12360 12361 12362 12475 12476 12477 12597 12599
moead,513_e-05,19,43,1800,36,29458450.785966,4875.110433,0.877551,0.122449,11890 12000 12232 12233 12238 12239 12240 12360 12361 12362 12475 12476 12477 12597 12599
moead,513_e-05,19,44,1800,36,29458450.785966,4875.110433,0.897959,0.102041,11890 12000 12232 12233 12238 12239 12240 12360 12361 12362 12475 12476 12477 12597 12599
moead,513_e-05,19,45,1800,36,29458450.785966,4875.110433,0.918367,0.081633,11890 12000 12232 12233 12238 12239 12240 12360 12361 12362 12475 12476 12477 12597 12599
moead,513_e-05,19,46,1800,36,29458450.785966,4875.110433,0.938776,0.061224,11890 12000 12232 12233 12238 12239 12240 12360 12361 12362 12475 12476 12477 12597 12599
moead,513_e-05,19,47,1800,36,29458450.785966,4875.110433,0.959184,0.040816,11890 12000 12232 12233 12238 12239 12240 12360 12361 12362 12475 12476 12477 12597 12599
moead,513_e-05,19,48,1800,36,29458450.785966,4875.110433,0.979592,0.020408,11890 12000 12232 12233 12238 12239 12240 12360 12361 12362 12475 12476 12477 12597 12599
moead,513_e-05,19,49,1800,36,29458450.785966,4875.110433,1.000000,0.000000,11890 12000 12232 12233 12238 12239 12240 12360 12361 12362 12475 12476 12477 12597 12599
moead,513_e-05,19,0,1850,37,38022423.519889,6394.922775,0.000000,1.000000,11048 39287 39769 50858 59603 70352 91328 94006 94033 119577 135171 153548 158460 162818 163640
moead,513_e-05,19,1,1850,37,29519304.095185,5203.747852,0.020408,0.979592,11691 11774 11882 11992 11994 12207 12228 12362 12475 12487 12597 12713 12730 12737 12840
moead,513_e-05,19,2,1850,37,29488471.686920,5105.746715,0.040816,0.959184,11565 11774 11882 11992 11994 12228 12231 12240 12361 12362 12475 12476 12477 12484 12730
moead,513_e-05,19,3,1850,37,29478815.456865,5083.074865,0.061224,0.938776,11244 11682 11893 12113 12118 12231 12232 12240 12361 12362 12476 12477 12484 12597 12730
moead,513_e-05,19,4,1850,37,29471939.868362,4995.105218,0.081633,0.918367,11578 11682 11893 12113 12118 12231 12232 12240 12361 12362 12475 12476 12477 12484 12730
moead,513_e-05,19,5,1850,37,29470792.543050,4984.124948,0.102041,0.897959,11682 11893 12113 12118 12231 12232 12240 12361 12362 12475 12476 12477 12484 12597 12858
moead,513_e-05,19,6,1850,37,29467011.812440,4982.545651,0.122449,0.877551,11682 11893 12113 12118 12231 12232 12240 12361 12362 12475 12476 12477 12484 12597 12730
moead,513_e-05,19,7,1850,37,29467011.812440,4982.545651,0.142857,0.857143,11682 11893 12113 12118 12231 12232 12240 12361 12362 12475 12476 12477 12484 12597 12730
moead,513_e-05,19,8,1850,37,29465428.819586,4889.148330,0.163265,0.836735,11687 11882 12007 12118 12232 12238 12239 12240 12361 12362 12475 12476 12477 12597 12599
moead,513_e-05,19,9,1850,37,29462596.839979,4888.367412,0.183673,0.816327,11882 11890 12007 12118 12232 12238 12239 12240 12361 12362 12475 12476 12477 12597 12599
moead,513_e-05,19,10,1850,37,29462596.839979,4888.367412,0.204082,0.795918,11882 11890 12007 12118 12232 12238 12239 12240 12361 12362 12475 12476 12477 12597 12599
moead,513_e-05,19,11,1850,37,29462596.839979,4888.367412,0.224490,0.775510,11882 11890 12007 12118 12232 12238 12239 12240 12361 12362 12475 12476 12477 12597 12599
moead,513_e-05,19,12,1850,37,29462596.839979,4888.367412,0.244898,0.755102,11882 11890 12007 12118 12232 12238 12239 12240 12361 12362 12475 12476 12477 12597 12599
moead,513_e-05,19,13,1850,37,29462596.839979,4888.367412,0.265306,0.734694,11882 11890 12007 12118 12232 12238 12239 12240 12361 12362 12475 12476 12477 12597 12599
moead,513_e-05,19,14,1850,37,29461850.590820,4887.162223,0.285714,0.714286,11882 11890 12005 12118 12232 12238 12239 12240 12361 12362 12475 12476 12477 12597 12599
moead,513_e-05,19,15,1850,37,29461850.590820,4887.162223,0.306122,0.693878,11882 11890 12005 12118 12232 12238 12239 12240 12361 12362 12475 12476 12477 12597 12599
moead,513_e-05,19,16,1850,37,29459875.427381,4884.601386,0.326531,0.673469,11882 12118 12232 12233 12238 12239 12240 12360 12361 12362 12475 12476 12477 12597 12599
moead,513_e-05,19,17,1850,37,29459875.427381,4884.601386,0.346939,0.653061,11882 12118 12232 12233 12238 12239 12240 12360 12361 12362 12475 12476 12477 12597 12599
moead,513_e-05,19,18,1850,37,29459875.427381,4884.601386,0.367347,0.632653,11882 12118 12232 12233 12238 12239 12240 12360 12361 12362 12475 12476 12477 12597 12599
moead,513_e-05,19,19,1850,37,29459875.427381,4884.601386,0.387755,0.612245,11882 12118 12232 12233 12238 12239 12240 12360 12361 12362 12475 12476 12477 12597 12599
moead,513_e-05,19,20,1850,37,29459875.427381,4884.601386,0.408163,0.591837,11882 12118 12232 12233 12238 12239 12240 12360 12361 12362 12475 12476 12477 12597 12599
moead,513_e-05,19,21,1850,37,29459875.427381,4884.601386,0.428571,0.571429,11882 12118 12232 12233 12238 12239 12240 12360 12361 12362 12475 12476 12477 12597 12599
moead,513_e-05,19,22,1850,37,29459875.427381,4884.601386,0.448980,0.551020,11882 12118 12232 12233 12238 12239 12240 12360 12361 12362 12475 12476 12477 12597 12599
moead,513_e-05,19,23,1850,37,29459875.427381,4884.601386,0.469388,0.530612,11882 12118 12232 12233 12238 12239 12240 12360 12361 12362 12475 12476 12477 12597 12599
moead,513_e-05,19,24,1850,37,29459875.427381,4884.601386,0.489796,0.510204,11882 12118 12232 12233 12238 12239 12240 12360 12361 12362 12475 12476 12477 12597 12599
moead,513_e-05,19,25,1850,37,29459875.427381,4884.601386,0.510204,0.489796,11882 12118 12232 12233 12238 12239 12240 12360 12361 12362 12475 12476 12477 12597 12599
moead,513_e-05,19,26,1850,37,29458450.785966,4875.110433,0.530612,0.469388,11890 12000 12232 12233 12238 12239 12240 12360 12361 12362 12475 12476 12477 12597 12599
moead,513_e-05,19,27,1850,37,29458450.785966,4875.110433,0.551020,0.448980,11890 12000 12232 12233 12238 12239 12240 12360 12361 12362 12475 12476 12477 12597 12599
moead,513_e-05,19,28,1850,37,29458450.785966,4875.110433,0.571429,0.428571,11890 12000 12232 12233 12238 12239 12240 12360 12361 12362 12475 12476 12477 12597 12599
moead,513_e-05,19,29,1850,37,29458450.785966,4875.110433,0.591837,0.408163,11890 12000 12232 12233 12238 12239 12240 12360 12361 12362 12475 12476 12477 12597 12599
moead,513_e-05,19,30,1850,37,29458450.785966,4875.110433,0.612245,0.387755,11890 12000 12232 12233 12238 12239 12240 12360 12361 12362 12475 12476 12477 12597 12599
moead,513_e-05,19,31,1850,37,29458450.785966,4875.110433,0.632653,0.367347,11890 12000 12232 12233 12238 12239 12240 12360 12361 12362 12475 12476 12477 12597 12599
moead,513_e-05,19,32,1850,37,29458450.785966,4875.110433,0.653061,0.346939,11890 12000 12232 12233 12238 12239 12240 12360 12361 12362 12475 12476 12477 12597 12599
moead,513_e-05,19,33,1850,37,29458450.785966,4875.110433,0.673469,0.326531,11890 12000 12232 12233 12238 12239 12240 12360 12361 12362 12475 12476 12477 12597 12599
moead,513_e-05,19,34,1850,37,29458450.785966,4875.110433,0.693878,0.306122,11890 12000 12232 12233 12238 12239 12240 12360 12361 12362 12475 12476 12477 12597 12599
moead,513_e-05,19,35,1850,37,29458450.785966,4875.110433,0.714286,0.285714,11890 12000 12232 12233 12238 12239 12240 12360 12361 12362 12475 12476 12477 12597 12599
moead,513_e-05,19,36,1850,37,29458450.785966,4875.110433,0.734694,0.265306,11890 12000 12232 12233 12238 12239 12240 12360 12361 12362 12475 12476 12477 12597 12599
moead,513_e-05,19,37,1850,37,29458450.785966,4875.110433,0.755102,0.244898,11890 12000 12232 12233 12238 12239 12240 12360 12361 12362 12475 12476 12477 12597 12599
moead,513_e-05,19,38,1850,37,29458450.785966,4875.110433,0.775510,0.224490,11890 12000 12232 12233 12238 12239 12240 12360 12361 12362 12475 12476 12477 12597 12599
moead,513_e-05,19,39,1850,37,29458450.785966,4875.110433,0.795918,0.204082,11890 12000 12232 12233 12238 12239 12240 12360 12361 12362 12475 12476 12477 12597 12599
moead,513_e-05,19,40,1850,37,29458450.785966,4875.110433,0.816327,0.183673,11890 12000 12232 12233 12238 12239 12240 12360 12361 12362 12475 12476 12477 12597 12599
moead,513_e-05,19,41,1850,37,29458450.785966,4875.110433,0.836735,0.163265,11890 12000 12232 12233 12238 12239 12240 12360 12361 12362 12475 12476 12477 12597 12599
moead,513_e-05,19,42,1850,37,29458450.785966,4875.110433,0.857143,0.142857,11890 12000 12232 12233 12238 12239 12240 12360 12361 12362 12475 12476 12477 12597 12599
moead,513_e-05,19,43,1850,37,29458450.785966,4875.110433,0.877551,0.122449,11890 12000 12232 12233 12238 12239 12240 12360 12361 12362 12475 12476 12477 12597 12599
moead,513_e-05,19,44,1850,37,29458450.785966,4875.110433,0.897959,0.102041,11890 12000 12232 12233 12238 12239 12240 12360 12361 12362 12475 12476 12477 12597 12599
moead,513_e-05,19,45,1850,37,29458450.785966,4875.110433,0.918367,0.081633,11890 12000 12232 12233 12238 12239 12240 12360 12361 12362 12475 12476 12477 12597 12599
moead,513_e-05,19,46,1850,37,29458450.785966,4875.110433,0.938776,0.061224,11890 12000 12232 12233 12238 12239 12240 12360 12361 12362 12475 12476 12477 12597 12599
moead,513_e-05,19,47,1850,37,29458450.785966,4875.110433,0.959184,0.040816,11890 12000 12232 12233 12238 12239 12240 12360 12361 12362 12475 12476 12477 12597 12599
moead,513_e-05,19,48,1850,37,29458450.785966,4875.110433,0.979592,0.020408,11890 12000 12232 12233 12238 12239 12240 12360 12361 12362 12475 12476 12477 12597 12599
moead,513_e-05,19,49,1850,37,29458450.785966,4875.110433,1.000000,0.000000,11890 12000 12232 12233 12238 12239 12240 12360 12361 12362 12475 12476 12477 12597 12599
moead,513_e-05,19,0,1900,38,36984133.713055,6394.922775,0.000000,1.000000,946 11048 12477 33415 39287 39769 59603 70352 91328 93591 94006 94033 112228 119577 135171
moead,513_e-05,19,1,1900,38,29516588.502859,5195.793911,0.020408,0.979592,10683 11578 11765 11893 12113 12118 12231 12232 12240 12361 12362 12475 12476 12477 12730
moead,513_e-05,19,2,1900,38,29488471.686920,5105.746715,0.040816,0.959184,11565 11774 11882 11992 11994 12228 12231 12240 12361 12362 12475 12476 12477 12484 12730
moead,513_e-05,19,3,1900,38,29478815.456865,5083.074865,0.061224,0.938776,11244 11682 11893 12113 12118 12231 12232 12240 12361 12362 12476 12477 12484 12597 12730
moead,513_e-05,19,4,1900,38,29472226.347804,4995.105218,0.081633,0.918367,11578 11682 11893 12113 12118 12231 12232 12240 12361 12362 12476 12477 12484 12597 12730
moead,513_e-05,19,5,1900,38,29470792.543050,4984.124948,0.102041,0.897959,11682 11893 12113 12118 12231 12232 12240 12361 12362 12475 12476 12477 12484 12597 12858
moead,513_e-05,19,6,1900,38,29467011.812440,4982.545651,0.122449,0.877551,11682 11893 12113 12118 12231 12232 12240 12361 12362 12475 12476 12477 12484 12597 12730
moead,513_e-05,19,7,1900,38,29467011.812440,4982.545651,0.142857,0.857143,11682 11893 12113 12118 12231 12232 12240 12361 12362 12475 12476 12477 12484 12597 12730
moead,513_e-05,19,8,1900,38,29465428.819586,4889.148330,0.163265,0.836735,11687 11882 12007 12118 12232 12238 12239 12240 12361 12362 12475 12476 12477 12597 12599
moead,513_e-05,19,9,1900,38,29462596.839979,4888.367412,0.183673,0.816327,11882 11890 12007 12118 12232 12238 12239 12240 12361 12362 12475 12476 12477 12597 12599
moead,513_e-05,19,10,1900,38,29462596.839979,4888.367412,0.204082,0.795918,11882 11890 12007 12118 12232 12238 12239 12240 12361 12362 12475 12476 12477 12597 12599
moead,513_e-05,19,11,1900,38,29462596.839979,4888.367412,0.224490,0.775510,11882 11890 12007 12118 12232 12238 12239 12240 12361 12362 12475 12476 12477 12597 12599
moead,513_e-05,19,12,1900,38,29462596.839979,4888.367412,0.244898,0.755102,11882 11890 12007 12118 12232 12238 12239 12240 12361 12362 12475 12476 12477 12597 12599
moead,513_e-05,19,13,1900,38,29462596.839979,4888.367412,0.265306,0.734694,11882 11890 12007 12118 12232 12238 12239 12240 12361 12362 12475 12476 12477 12597 12599
moead,513_e-05,19,14,1900,38,29461850.590820,4887.162223,0.285714,0.714286,11882 11890 12005 12118 12232 12238 12239 12240 12361 12362 12475 12476 12477 12597 12599
moead,513_e-05,19,15,1900,38,29461850.590820,4887.162223,0.306122,0.693878,11882 11890 12005 12118 12232 12238 12239 12240 12361 12362 12475 12476 12477 12597 12599
moead,513_e-05,19,16,1900,38,29459875.427381,4884.601386,0.326531,0.673469,11882 12118 12232 12233 12238 12239 12240 12360 12361 12362 12475 12476 12477 12597 12599
moead,513_e-05,19,17,1900,38,29459875.427381,4884.601386,0.346939,0.653061,11882 12118 12232 12233 12238 12239 12240 12360 12361 12362 12475 12476 12477 12597 12599
moead,513_e-05,19,18,1900,38,29459875.427381,4884.601386,0.367347,0.632653,11882 12118 12232 12233 12238 12239 12240 12360 12361 12362 12475 12476 12477 12597 12599
moead,513_e-05,19,19,1900,38,29459875.427381,4884.601386,0.387755,0.612245,11882 12118 12232 12233 12238 12239 12240 12360 12361 12362 12475 12476 12477 12597 12599
moead,513_e-05,19,20,1900,38,29459875.427381,4884.601386,0.408163,0.591837,11882 12118 12232 12233 12238 12239 12240 12360 12361 12362 12475 12476 12477 12597 12599
moead,513_e-05,19,21,1900,38,29459875.427381,4884.601386,0.428571,0.571429,11882 12118 12232 12233 12238 12239 12240 12360 12361 12362 12475 12476 12477 12597 12599
moead,513_e-05,19,22,1900,38,29459875.427381,4884.601386,0.448980,0.551020,11882 12118 12232 12233 12238 12239 12240 12360 12361 12362 12475 12476 12477 12597 12599
moead,513_e-05,19,23,1900,38,29459875.427381,4884.601386,0.469388,0.530612,11882 12118 12232 12233 12238 12239 12240 12360 12361 12362 12475 12476 12477 12597 12599
moead,513_e-05,19,24,1900,38,29459875.427381,4884.601386,0.489796,0.510204,11882 12118 12232 12233 12238 12239 12240 12360 12361 12362 12475 12476 12477 12597 12599
moead,513_e-05,19,25,1900,38,29459875.427381,4884.601386,0.510204,0.489796,11882 12118 12232 12233 12238 12239 12240 12360 12361 12362 12475 12476 12477 12597 12599
moead,513_e-05,19,26,1900,38,29458450.785966,4875.110433,0.530612,0.469388,11890 12000 12232 12233 12238 12239 12240 12360 12361 12362 12475 12476 12477 12597 12599
moead,513_e-05,19,27,1900,38,29458450.785966,4875.110433,0.551020,0.448980,11890 12000 12232 12233 12238 12239 12240 12360 12361 12362 12475 12476 12477 12597 12599
moead,513_e-05,19,28,1900,38,29458450.785966,4875.110433,0.571429,0.428571,11890 12000 12232 12233 12238 12239 12240 12360 12361 12362 12475 12476 12477 12597 12599
moead,513_e-05,19,29,1900,38,29458450.785966,4875.110433,0.591837,0.408163,11890 12000 12232 12233 12238 12239 12240 12360 12361 12362 12475 12476 12477 12597 12599
moead,513_e-05,19,30,1900,38,29458450.785966,4875.110433,0.612245,0.387755,11890 12000 12232 12233 12238 12239 12240 12360 12361 12362 12475 12476 12477 12597 12599
moead,513_e-05,19,31,1900,38,29458450.785966,4875.110433,0.632653,0.367347,11890 12000 12232 12233 12238 12239 12240 12360 12361 12362 12475 12476 12477 12597 12599
moead,513_e-05,19,32,1900,38,29458450.785966,4875.110433,0.653061,0.346939,11890 12000 12232 12233 12238 12239 12240 12360 12361 12362 12475 12476 12477 12597 12599
moead,513_e-05,19,33,1900,38,29458450.785966,4875.110433,0.673469,0.326531,11890 12000 12232 12233 12238 12239 12240 12360 12361 12362 12475 12476 12477 12597 12599
moead,513_e-05,19,34,1900,38,29458450.785966,4875.110433,0.693878,0.306122,11890 12000 12232 12233 12238 12239 12240 12360 12361 12362 12475 12476 12477 12597 12599
moead,513_e-05,19,35,1900,38,29458450.785966,4875.110433,0.714286,0.285714,11890 12000 12232 12233 12238 12239 12240 12360 12361 12362 12475 12476 12477 12597 12599
moead,513_e-05,19,36,1900,38,29458450.785966,4875.110433,0.734694,0.265306,11890 12000 12232 12233 12238 12239 12240 12360 12361 12362 12475 12476 12477 12597 12599
moead,513_e-05,19,37,1900,38,29458450.785966,4875.110433,0.755102,0.244898,11890 12000 12232 12233 12238 12239 12240 12360 12361 12362 12475 12476 12477 12597 12599
moead,513_e-05,19,38,1900,38,29458450.785966,4875.110433,0.775510,0.224490,11890 12000 12232 12233 12238 12239 12240 12360 12361 12362 12475 12476 12477 12597 12599
moead,513_e-05,19,39,1900,38,29458450.785966,4875.110433,0.795918,0.204082,11890 12000 12232 12233 12238 12239 12240 12360 12361 12362 12475 12476 12477 12597 12599
moead,513_e-05,19,40,1900,38,29458450.785966,4875.110433,0.816327,0.183673,11890 12000 12232 12233 12238 12239 12240 12360 12361 12362 12475 12476 12477 12597 12599
moead,513_e-05,19,41,1900,38,29458450.785966,4875.110433,0.836735,0.163265,11890 12000 12232 12233 12238 12239 12240 12360 12361 12362 12475 12476 12477 12597 12599
moead,513_e-05,19,42,1900,38,29458450.785966,4875.110433,0.857143,0.142857,11890 12000 12232 12233 12238 12239 12240 12360 12361 12362 12475 12476 12477 12597 12599
moead,513_e-05,19,43,1900,38,29458450.785966,4875.110433,0.877551,0.122449,11890 12000 12232 12233 12238 12239 12240 12360 12361 12362 12475 12476 12477 12597 12599
moead,513_e-05,19,44,1900,38,29458450.785966,4875.110433,0.897959,0.102041,11890 12000 12232 12233 12238 12239 12240 12360 12361 12362 12475 12476 12477 12597 12599
moead,513_e-05,19,45,1900,38,29458450.785966,4875.110433,0.918367,0.081633,11890 12000 12232 12233 12238 12239 12240 12360 12361 12362 12475 12476 12477 12597 12599
moead,513_e-05,19,46,1900,38,29458450.785966,4875.110433,0.938776,0.061224,11890 12000 12232 12233 12238 12239 12240 12360 12361 12362 12475 12476 12477 12597 12599
moead,513_e-05,19,47,1900,38,29458450.785966,4875.110433,0.959184,0.040816,11890 12000 12232 12233 12238 12239 12240 12360 12361 12362 12475 12476 12477 12597 12599
moead,513_e-05,19,48,1900,38,29458450.785966,4875.110433,0.979592,0.020408,11890 12000 12232 12233 12238 12239 12240 12360 12361 12362 12475 12476 12477 12597 12599
moead,513_e-05,19,49,1900,38,29458450.785966,4875.110433,1.000000,0.000000,11890 12000 12232 12233 12238 12239 12240 12360 12361 12362 12475 12476 12477 12597 12599
moead,513_e-05,19,0,1950,39,37690990.098621,6394.922775,0.000000,1.000000,12477 21737 25538 39769 59603 94006 97194 105382 112228 114514 145042 151461 153537 166979 177471
moead,513_e-05,19,1,1950,39,29516588.502859,5195.793911,0.020408,0.979592,10683 11578 11765 11893 12113 12118 12231 12232 12240 12361 12362 12475 12476 12477 12730
moead,513_e-05,19,2,1950,39,29488471.686920,5105.746715,0.040816,0.959184,11565 11774 11882 11992 11994 12228 12231 12240 12361 12362 12475 12476 12477 12484 12730
moead,513_e-05,19,3,1950,39,29478815.456865,5083.074865,0.061224,0.938776,11244 11682 11893 12113 12118 12231 12232 12240 12361 12362 12476 12477 12484 12597 12730
moead,513_e-05,19,4,1950,39,29472226.347804,4995.105218,0.081633,0.918367,11578 11682 11893 12113 12118 12231 12232 12240 12361 12362 12476 12477 12484 12597 12730
moead,513_e-05,19,5,1950,39,29470792.543050,4984.124948,0.102041,0.897959,11682 11893 12113 12118 12231 12232 12240 12361 12362 12475 12476 12477 12484 12597 12858
moead,513_e-05,19,6,1950,39,29467011.812440,4982.545651,0.122449,0.877551,11682 11893 12113 12118 12231 12232 12240 12361 12362 12475 12476 12477 12484 12597 12730
moead,513_e-05,19,7,1950,39,29467011.812440,4982.545651,0.142857,0.857143,11682 11893 12113 12118 12231 12232 12240 12361 12362 12475 12476 12477 12484 12597 12730
moead,513_e-05,19,8,1950,39,29465428.819586,4889.148330,0.163265,0.836735,11687 11882 12007 12118 12232 12238 12239 12240 12361 12362 12475 12476 12477 12597 12599
moead,513_e-05,19,9,1950,39,29462596.839979,4888.367412,0.183673,0.816327,11882 11890 12007 12118 12232 12238 12239 12240 12361 12362 12475 12476 12477 12597 12599
moead,513_e-05,19,10,1950,39,29462596.839979,4888.367412,0.204082,0.795918,11882 11890 12007 12118 12232 12238 12239 12240 12361 12362 12475 12476 12477 12597 12599
moead,513_e-05,19,11,1950,39,29462596.839979,4888.367412,0.224490,0.775510,11882 11890 12007 12118 12232 12238 12239 12240 12361 12362 12475 12476 12477 12597 12599
moead,513_e-05,19,12,1950,39,29462596.839979,4888.367412,0.244898,0.755102,11882 11890 12007 12118 12232 12238 12239 12240 12361 12362 12475 12476 12477 12597 12599
moead,513_e-05,19,13,1950,39,29462596.839979,4888.367412,0.265306,0.734694,11882 11890 12007 12118 12232 12238 12239 12240 12361 12362 12475 12476 12477 12597 12599
moead,513_e-05,19,14,1950,39,29461850.590820,4887.162223,0.285714,0.714286,11882 11890 12005 12118 12232 12238 12239 12240 12361 12362 12475 12476 12477 12597 12599
moead,513_e-05,19,15,1950,39,29461850.590820,4887.162223,0.306122,0.693878,11882 11890 12005 12118 12232 12238 12239 12240 12361 12362 12475 12476 12477 12597 12599
moead,513_e-05,19,16,1950,39,29459875.427381,4884.601386,0.326531,0.673469,11882 12118 12232 12233 12238 12239 12240 12360 12361 12362 12475 12476 12477 12597 12599
moead,513_e-05,19,17,1950,39,29459875.427381,4884.601386,0.346939,0.653061,11882 12118 12232 12233 12238 12239 12240 12360 12361 12362 12475 12476 12477 12597 12599
moead,513_e-05,19,18,1950,39,29459875.427381,4884.601386,0.367347,0.632653,11882 12118 12232 12233 12238 12239 12240 12360 12361 12362 12475 12476 12477 12597 12599
moead,513_e-05,19,19,1950,39,29459875.427381,4884.601386,0.387755,0.612245,11882 12118 12232 12233 12238 12239 12240 12360 12361 12362 12475 12476 12477 12597 12599
moead,513_e-05,19,20,1950,39,29459875.427381,4884.601386,0.408163,0.591837,11882 12118 12232 12233 12238 12239 12240 12360 12361 12362 12475 12476 12477 12597 12599
moead,513_e-05,19,21,1950,39,29459875.427381,4884.601386,0.428571,0.571429,11882 12118 12232 12233 12238 12239 12240 12360 12361 12362 12475 12476 12477 12597 12599
moead,513_e-05,19,22,1950,39,29459875.427381,4884.601386,0.448980,0.551020,11882 12118 12232 12233 12238 12239 12240 12360 12361 12362 12475 12476 12477 12597 12599
moead,513_e-05,19,23,1950,39,29459875.427381,4884.601386,0.469388,0.530612,11882 12118 12232 12233 12238 12239 12240 12360 12361 12362 12475 12476 12477 12597 12599
moead,513_e-05,19,24,1950,39,29459875.427381,4884.601386,0.489796,0.510204,11882 12118 12232 12233 12238 12239 12240 12360 12361 12362 12475 12476 12477 12597 12599
moead,513_e-05,19,25,1950,39,29459875.427381,4884.601386,0.510204,0.489796,11882 12118 12232 12233 12238 12239 12240 12360 12361 12362 12475 12476 12477 12597 12599
moead,513_e-05,19,26,1950,39,29458450.785966,4875.110433,0.530612,0.469388,11890 12000 12232 12233 12238 12239 12240 12360 12361 12362 12475 12476 12477 12597 12599
moead,513_e-05,19,27,1950,39,29458450.785966,4875.110433,0.551020,0.448980,11890 12000 12232 12233 12238 12239 12240 12360 12361 12362 12475 12476 12477 12597 12599
moead,513_e-05,19,28,1950,39,29458450.785966,4875.110433,0.571429,0.428571,11890 12000 12232 12233 12238 12239 12240 12360 12361 12362 12475 12476 12477 12597 12599
moead,513_e-05,19,29,1950,39,29458450.785966,4875.110433,0.591837,0.408163,11890 12000 12232 12233 12238 12239 12240 12360 12361 12362 12475 12476 12477 12597 12599
moead,513_e-05,19,30,1950,39,29458450.785966,4875.110433,0.612245,0.387755,11890 12000 12232 12233 12238 12239 12240 12360 12361 12362 12475 12476 12477 12597 12599
moead,513_e-05,19,31,1950,39,29458450.785966,4875.110433,0.632653,0.367347,11890 12000 12232 12233 12238 12239 12240 12360 12361 12362 12475 12476 12477 12597 12599
moead,513_e-05,19,32,1950,39,29458450.785966,4875.110433,0.653061,0.346939,11890 12000 12232 12233 12238 12239 12240 12360 12361 12362 12475 12476 12477 12597 12599
moead,513_e-05,19,33,1950,39,29458450.785966,4875.110433,0.673469,0.326531,11890 12000 12232 12233 12238 12239 12240 12360 12361 12362 12475 12476 12477 12597 12599
moead,513_e-05,19,34,1950,39,29458450.785966,4875.110433,0.693878,0.306122,11890 12000 12232 12233 12238 12239 12240 12360 12361 12362 12475 12476 12477 12597 12599
moead,513_e-05,19,35,1950,39,29458450.785966,4875.110433,0.714286,0.285714,11890 12000 12232 12233 12238 12239 12240 12360 12361 12362 12475 12476 12477 12597 12599
moead,513_e-05,19,36,1950,39,29458450.785966,4875.110433,0.734694,0.265306,11890 12000 12232 12233 12238 12239 12240 12360 12361 12362 12475 12476 12477 12597 12599
moead,513_e-05,19,37,1950,39,29458450.785966,4875.110433,0.755102,0.244898,11890 12000 12232 12233 12238 12239 12240 12360 12361 12362 12475 12476 12477 12597 12599
moead,513_e-05,19,38,1950,39,29458450.785966,4875.110433,0.775510,0.224490,11890 12000 12232 12233 12238 12239 12240 12360 12361 12362 12475 12476 12477 12597 12599
moead,513_e-05,19,39,1950,39,29458450.785966,4875.110433,0.795918,0.204082,11890 12000 12232 12233 12238 12239 12240 12360 12361 12362 12475 12476 12477 12597 12599
moead,513_e-05,19,40,1950,39,29458450.785966,4875.110433,0.816327,0.183673,11890 12000 12232 12233 12238 12239 12240 12360 12361 12362 12475 12476 12477 12597 12599
moead,513_e-05,19,41,1950,39,29458450.785966,4875.110433,0.836735,0.163265,11890 12000 12232 12233 12238 12239 12240 12360 12361 12362 12475 12476 12477 12597 12599
moead,513_e-05,19,42,1950,39,29458450.785966,4875.110433,0.857143,0.142857,11890 12000 12232 12233 12238 12239 12240 12360 12361 12362 12475 12476 12477 12597 12599
moead,513_e-05,19,43,1950,39,29458450.785966,4875.110433,0.877551,0.122449,11890 12000 12232 12233 12238 12239 12240 12360 12361 12362 12475 12476 12477 12597 12599
moead,513_e-05,19,44,1950,39,29458450.785966,4875.110433,0.897959,0.102041,11890 12000 12232 12233 12238 12239 12240 12360 12361 12362 12475 12476 12477 12597 12599
moead,513_e-05,19,45,1950,39,29458450.785966,4875.110433,0.918367,0.081633,11890 12000 12232 12233 12238 12239 12240 12360 12361 12362 12475 12476 12477 12597 12599
moead,513_e-05,19,46,1950,39,29458450.785966,4875.110433,0.938776,0.061224,11890 12000 12232 12233 12238 12239 12240 12360 12361 12362 12475 12476 12477 12597 12599
moead,513_e-05,19,47,1950,39,29458450.785966,4875.110433,0.959184,0.040816,11890 12000 12232 12233 12238 12239 12240 12360 12361 12362 12475 12476 12477 12597 12599
moead,513_e-05,19,48,1950,39,29458450.785966,4875.110433,0.979592,0.020408,11890 12000 12232 12233 12238 12239 12240 12360 12361 12362 12475 12476 12477 12597 12599
moead,513_e-05,19,49,1950,39,29458450.785966,4875.110433,1.000000,0.000000,11890 12000 12232 12233 12238 12239 12240 12360 12361 12362 12475 12476 12477 12597 12599
moead,513_e-05,19,0,2000,40,37141553.242928,6394.922775,0.000000,1.000000,657 12477 21737 25538 29450 55247 58985 59603 61750 82327 97194 98065 112228 145042 153537
moead,513_e-05,19,1,2000,40,29516588.502859,5195.793911,0.020408,0.979592,10683 11578 11765 11893 12113 12118 12231 12232 12240 12361 12362 12475 12476 12477 12730
moead,513_e-05,19,2,2000,40,29488471.686920,5105.746715,0.040816,0.959184,11565 11774 11882 11992 11994 12228 12231 12240 12361 12362 12475 12476 12477 12484 12730
moead,513_e-05,19,3,2000,40,29478815.456865,5083.074865,0.061224,0.938776,11244 11682 11893 12113 12118 12231 12232 12240 12361 12362 12476 12477 12484 12597 12730
moead,513_e-05,19,4,2000,40,29472226.347804,4995.105218,0.081633,0.918367,11578 11682 11893 12113 12118 12231 12232 12240 12361 12362 12476 12477 12484 12597 12730
moead,513_e-05,19,5,2000,40,29470792.543050,4984.124948,0.102041,0.897959,11682 11893 12113 12118 12231 12232 12240 12361 12362 12475 12476 12477 12484 12597 12858
moead,513_e-05,19,6,2000,40,29467011.812440,4982.545651,0.122449,0.877551,11682 11893 12113 12118 12231 12232 12240 12361 12362 12475 12476 12477 12484 12597 12730
moead,513_e-05,19,7,2000,40,29466221.858977,4975.922643,0.142857,0.857143,11882 11890 12113 12118 12231 12232 12240 12361 12362 12475 12476 12477 12484 12597 12730
moead,513_e-05,19,8,2000,40,29465428.819586,4889.148330,0.163265,0.836735,11687 11882 12007 12118 12232 12238 12239 12240 12361 12362 12475 12476 12477 12597 12599
moead,513_e-05,19,9,2000,40,29462596.839979,4888.367412,0.183673,0.816327,11882 11890 12007 12118 12232 12238 12239 12240 12361 12362 12475 12476 12477 12597 12599
moead,513_e-05,19,10,2000,40,29462596.839979,4888.367412,0.204082,0.795918,11882 11890 12007 12118 12232 12238 12239 12240 12361 12362 12475 12476 12477 12597 12599
moead,513_e-05,19,11,2000,40,29462596.839979,4888.367412,0.224490,0.775510,11882 11890 12007 12118 12232 12238 12239 12240 12361 12362 12475 12476 12477 12597 12599
moead,513_e-05,19,12,2000,40,29462596.839979,4888.367412,0.244898,0.755102,11882 11890 12007 12118 12232 12238 12239 12240 12361 12362 12475 12476 12477 12597 12599
moead,513_e-05,19,13,2000,40,29462596.839979,4888.367412,0.265306,0.734694,11882 11890 12007 12118 12232 12238 12239 12240 12361 12362 12475 12476 12477 12597 12599
moead,513_e-05,19,14,2000,40,29461850.590820,4887.162223,0.285714,0.714286,11882 11890 12005 12118 12232 12238 12239 12240 12361 12362 12475 12476 12477 12597 12599
moead,513_e-05,19,15,2000,40,29461850.590820,4887.162223,0.306122,0.693878,11882 11890 12005 12118 12232 12238 12239 12240 12361 12362 12475 12476 12477 12597 12599
moead,513_e-05,19,16,2000,40,29459875.427381,4884.601386,0.326531,0.673469,11882 12118 12232 12233 12238 12239 12240 12360 12361 12362 12475 12476 12477 12597 12599
moead,513_e-05,19,17,2000,40,29459875.427381,4884.601386,0.346939,0.653061,11882 12118 12232 12233 12238 12239 12240 12360 12361 12362 12475 12476 12477 12597 12599
moead,513_e-05,19,18,2000,40,29459875.427381,4884.601386,0.367347,0.632653,11882 12118 12232 12233 12238 12239 12240 12360 12361 12362 12475 12476 12477 12597 12599
moead,513_e-05,19,19,2000,40,29459875.427381,4884.601386,0.387755,0.612245,11882 12118 12232 12233 12238 12239 12240 12360 12361 12362 12475 12476 12477 12597 12599
moead,513_e-05,19,20,2000,40,29459875.427381,4884.601386,0.408163,0.591837,11882 12118 12232 12233 12238 12239 12240 12360 12361 12362 12475 12476 12477 12597 12599
moead,513_e-05,19,21,2000,40,29459875.427381,4884.601386,0.428571,0.571429,11882 12118 12232 12233 12238 12239 12240 12360 12361 12362 12475 12476 12477 12597 12599
moead,513_e-05,19,22,2000,40,29459875.427381,4884.601386,0.448980,0.551020,11882 12118 12232 12233 12238 12239 12240 12360 12361 12362 12475 12476 12477 12597 12599
moead,513_e-05,19,23,2000,40,29459875.427381,4884.601386,0.469388,0.530612,11882 12118 12232 12233 12238 12239 12240 12360 12361 12362 12475 12476 12477 12597 12599
moead,513_e-05,19,24,2000,40,29459875.427381,4884.601386,0.489796,0.510204,11882 12118 12232 12233 12238 12239 12240 12360 12361 12362 12475 12476 12477 12597 12599
moead,513_e-05,19,25,2000,40,29459875.427381,4884.601386,0.510204,0.489796,11882 12118 12232 12233 12238 12239 12240 12360 12361 12362 12475 12476 12477 12597 12599
moead,513_e-05,19,26,2000,40,29458450.785966,4875.110433,0.530612,0.469388,11890 12000 12232 12233 12238 12239 12240 12360 12361 12362 12475 12476 12477 12597 12599
moead,513_e-05,19,27,2000,40,29458450.785966,4875.110433,0.551020,0.448980,11890 12000 12232 12233 12238 12239 12240 12360 12361 12362 12475 12476 12477 12597 12599
moead,513_e-05,19,28,2000,40,29458450.785966,4875.110433,0.571429,0.428571,11890 12000 12232 12233 12238 12239 12240 12360 12361 12362 12475 12476 12477 12597 12599
moead,513_e-05,19,29,2000,40,29458450.785966,4875.110433,0.591837,0.408163,11890 12000 12232 12233 12238 12239 12240 12360 12361 12362 12475 12476 12477 12597 12599
moead,513_e-05,19,30,2000,40,29458450.785966,4875.110433,0.612245,0.387755,11890 12000 12232 12233 12238 12239 12240 12360 12361 12362 12475 12476 12477 12597 12599
moead,513_e-05,19,31,2000,40,29458450.785966,4875.110433,0.632653,0.367347,11890 12000 12232 12233 12238 12239 12240 12360 12361 12362 12475 12476 12477 12597 12599
moead,513_e-05,19,32,2000,40,29458450.785966,4875.110433,0.653061,0.346939,11890 12000 12232 12233 12238 12239 12240 12360 12361 12362 12475 12476 12477 12597 12599
moead,513_e-05,19,33,2000,40,29458450.785966,4875.110433,0.673469,0.326531,11890 12000 12232 12233 12238 12239 12240 12360 12361 12362 12475 12476 12477 12597 12599
moead,513_e-05,19,34,2000,40,29458450.785966,4875.110433,0.693878,0.306122,11890 12000 12232 12233 12238 12239 12240 12360 12361 12362 12475 12476 12477 12597 12599
moead,513_e-05,19,35,2000,40,29458450.785966,4875.110433,0.714286,0.285714,11890 12000 12232 12233 12238 12239 12240 12360 12361 12362 12475 12476 12477 12597 12599
moead,513_e-05,19,36,2000,40,29458450.785966,4875.110433,0.734694,0.265306,11890 12000 12232 12233 12238 12239 12240 12360 12361 12362 12475 12476 12477 12597 12599
moead,513_e-05,19,37,2000,40,29458450.785966,4875.110433,0.755102,0.244898,11890 12000 12232 12233 12238 12239 12240 12360 12361 12362 12475 12476 12477 12597 12599
moead,513_e-05,19,38,2000,40,29458450.785966,4875.110433,0.775510,0.224490,11890 12000 12232 12233 12238 12239 12240 12360 12361 12362 12475 12476 12477 12597 12599
moead,513_e-05,19,39,2000,40,29458450.785966,4875.110433,0.795918,0.204082,11890 12000 12232 12233 12238 12239 12240 12360 12361 12362 12475 12476 12477 12597 12599
moead,513_e-05,19,40,2000,40,29458450.785966,4875.110433,0.816327,0.183673,11890 12000 12232 12233 12238 12239 12240 12360 12361 12362 12475 12476 12477 12597 12599
moead,513_e-05,19,41,2000,40,29458450.785966,4875.110433,0.836735,0.163265,11890 12000 12232 12233 12238 12239 12240 12360 12361 12362 12475 12476 12477 12597 12599
moead,513_e-05,19,42,2000,40,29458450.785966,4875.110433,0.857143,0.142857,11890 12000 12232 12233 12238 12239 12240 12360 12361 12362 12475 12476 12477 12597 12599
moead,513_e-05,19,43,2000,40,29458450.785966,4875.110433,0.877551,0.122449,11890 12000 12232 12233 12238 12239 12240 12360 12361 12362 12475 12476 12477 12597 12599
moead,513_e-05,19,44,2000,40,29458450.785966,4875.110433,0.897959,0.102041,11890 12000 12232 12233 12238 12239 12240 12360 12361 12362 12475 12476 12477 12597 12599
moead,513_e-05,19,45,2000,40,29458450.785966,4875.110433,0.918367,0.081633,11890 12000 12232 12233 12238 12239 12240 12360 12361 12362 12475 12476 12477 12597 12599
moead,513_e-05,19,46,2000,40,29458450.785966,4875.110433,0.938776,0.061224,11890 12000 12232 12233 12238 12239 12240 12360 12361 12362 12475 12476 12477 12597 12599
moead,513_e-05,19,47,2000,40,29458450.785966,4875.110433,0.959184,0.040816,11890 12000 12232 12233 12238 12239 12240 12360 12361 12362 12475 12476 12477 12597 12599
moead,513_e-05,19,48,2000,40,29458450.785966,4875.110433,0.979592,0.020408,11890 12000 12232 12233 12238 12239 12240 12360 12361 12362 12475 12476 12477 12597 12599
moead,513_e-05,19,49,2000,40,29458450.785966,4875.110433,1.000000,0.000000,11890 12000 12232 12233 12238 12239 12240 12360 12361 12362 12475 12476 12477 12597 12599
moead,513_e-05,19,0,2050,41,37406173.954856,6394.922775,0.000000,1.000000,657 12477 21737 21790 25538 29450 30782 61750 75105 82327 83155 112228 152933 153537 162343
moead,513_e-05,19,1,2050,41,29516588.502859,5195.793911,0.020408,0.979592,10683 11578 11765 11893 12113 12118 12231 12232 12240 12361 12362 12475 12476 12477 12730
moead,513_e-05,19,2,2050,41,29488471.686920,5105.746715,0.040816,0.959184,11565 11774 11882 11992 11994 12228 12231 12240 12361 12362 12475 12476 12477 12484 12730
moead,513_e-05,19,3,2050,41,29478181.028296,5092.005795,0.061224,0.938776,11682 11893 11980 12113 12118 12231 12232 12240 12361 12362 12476 12477 12484 12597 12730
moead,513_e-05,19,4,2050,41,29472226.347804,4995.105218,0.081633,0.918367,11578 11682 11893 12113 12118 12231 12232 12240 12361 12362 12476 12477 12484 12597 12730
moead,513_e-05,19,5,2050,41,29470792.543050,4984.124948,0.102041,0.897959,11682 11893 12113 12118 12231 12232 12240 12361 12362 12475 12476 12477 12484 12597 12858
moead,513_e-05,19,6,2050,41,29467011.812440,4982.545651,0.122449,0.877551,11682 11893 12113 12118 12231 12232 12240 12361 12362 12475 12476 12477 12484 12597 12730
moead,513_e-05,19,7,2050,41,29466221.858977,4975.922643,0.142857,0.857143,11882 11890 12113 12118 12231 12232 12240 12361 12362 12475 12476 12477 12484 12597 12730
moead,513_e-05,19,8,2050,41,29465428.819586,4889.148330,0.163265,0.836735,11687 11882 12007 12118 12232 12238 12239 12240 12361 12362 12475 12476 12477 12597 12599
moead,513_e-05,19,9,2050,41,29462596.839979,4888.367412,0.183673,0.816327,11882 11890 12007 12118 12232 12238 12239 12240 12361 12362 12475 12476 12477 12597 12599
moead,513_e-05,19,10,2050,41,29462596.839979,4888.367412,0.204082,0.795918,11882 11890 12007 12118 12232 12238 12239 12240 12361 12362 12475 12476 12477 12597 12599
moead,513_e-05,19,11,2050,41,29462596.839979,4888.367412,0.224490,0.775510,11882 11890 12007 12118 12232 12238 12239 12240 12361 12362 12475 12476 12477 12597 12599
moead,513_e-05,19,12,2050,41,29462596.839979,4888.367412,0.244898,0.755102,11882 11890 12007 12118 12232 12238 12239 12240 12361 12362 12475 12476 12477 12597 12599
moead,513_e-05,19,13,2050,41,29462596.839979,4888.367412,0.265306,0.734694,11882 11890 12007 12118 12232 12238 12239 12240 12361 12362 12475 12476 12477 12597 12599
moead,513_e-05,19,14,2050,41,29461850.590820,4887.162223,0.285714,0.714286,11882 11890 12005 12118 12232 12238 12239 12240 12361 12362 12475 12476 12477 12597 12599
moead,513_e-05,19,15,2050,41,29461850.590820,4887.162223,0.306122,0.693878,11882 11890 12005 12118 12232 12238 12239 12240 12361 12362 12475 12476 12477 12597 12599
moead,513_e-05,19,16,2050,41,29459875.427381,4884.601386,0.326531,0.673469,11882 12118 12232 12233 12238 12239 12240 12360 12361 12362 12475 12476 12477 12597 12599
moead,513_e-05,19,17,2050,41,29459875.427381,4884.601386,0.346939,0.653061,11882 12118 12232 12233 12238 12239 12240 12360 12361 12362 12475 12476 12477 12597 12599
moead,513_e-05,19,18,2050,41,29459875.427381,4884.601386,0.367347,0.632653,11882 12118 12232 12233 12238 12239 12240 12360 12361 12362 12475 12476 12477 12597 12599
moead,513_e-05,19,19,2050,41,29459875.427381,4884.601386,0.387755,0.612245,11882 12118 12232 12233 12238 12239 12240 12360 12361 12362 12475 12476 12477 12597 12599
moead,513_e-05,19,20,2050,41,29459875.427381,4884.601386,0.408163,0.591837,11882 12118 12232 12233 12238 12239 12240 12360 12361 12362 12475 12476 12477 12597 12599
moead,513_e-05,19,21,2050,41,29459875.427381,4884.601386,0.428571,0.571429,11882 12118 12232 12233 12238 12239 12240 12360 12361 12362 12475 12476 12477 12597 12599
moead,513_e-05,19,22,2050,41,29459875.427381,4884.601386,0.448980,0.551020,11882 12118 12232 12233 12238 12239 12240 12360 12361 12362 12475 12476 12477 12597 12599
moead,513_e-05,19,23,2050,41,29459875.427381,4884.601386,0.469388,0.530612,11882 12118 12232 12233 12238 12239 12240 12360 12361 12362 12475 12476 12477 12597 12599
moead,513_e-05,19,24,2050,41,29459875.427381,4884.601386,0.489796,0.510204,11882 12118 12232 12233 12238 12239 12240 12360 12361 12362 12475 12476 12477 12597 12599
moead,513_e-05,19,25,2050,41,29459875.427381,4884.601386,0.510204,0.489796,11882 12118 12232 12233 12238 12239 12240 12360 12361 12362 12475 12476 12477 12597 12599
moead,513_e-05,19,26,2050,41,29458450.785966,4875.110433,0.530612,0.469388,11890 12000 12232 12233 12238 12239 12240 12360 12361 12362 12475 12476 12477 12597 12599
moead,513_e-05,19,27,2050,41,29458450.785966,4875.110433,0.551020,0.448980,11890 12000 12232 12233 12238 12239 12240 12360 12361 12362 12475 12476 12477 12597 12599
moead,513_e-05,19,28,2050,41,29458450.785966,4875.110433,0.571429,0.428571,11890 12000 12232 12233 12238 12239 12240 12360 12361 12362 12475 12476 12477 12597 12599
moead,513_e-05,19,29,2050,41,29458450.785966,4875.110433,0.591837,0.408163,11890 12000 12232 12233 12238 12239 12240 12360 12361 12362 12475 12476 12477 12597 12599
moead,513_e-05,19,30,2050,41,29458450.785966,4875.110433,0.612245,0.387755,11890 12000 12232 12233 12238 12239 12240 12360 12361 12362 12475 12476 12477 12597 12599
moead,513_e-05,19,31,2050,41,29458450.785966,4875.110433,0.632653,0.367347,11890 12000 12232 12233 12238 12239 12240 12360 12361 12362 12475 12476 12477 12597 12599
moead,513_e-05,19,32,2050,41,29458450.785966,4875.110433,0.653061,0.346939,11890 12000 12232 12233 12238 12239 12240 12360 12361 12362 12475 12476 12477 12597 12599
moead,513_e-05,19,33,2050,41,29458450.785966,4875.110433,0.673469,0.326531,11890 12000 12232 12233 12238 12239 12240 12360 12361 12362 12475 12476 12477 12597 12599
moead,513_e-05,19,34,2050,41,29458450.785966,4875.110433,0.693878,0.306122,11890 12000 12232 12233 12238 12239 12240 12360 12361 12362 12475 12476 12477 12597 12599
moead,513_e-05,19,35,2050,41,29458450.785966,4875.110433,0.714286,0.285714,11890 12000 12232 12233 12238 12239 12240 12360 12361 12362 12475 12476 12477 12597 12599
moead,513_e-05,19,36,2050,41,29458450.785966,4875.110433,0.734694,0.265306,11890 12000 12232 12233 12238 12239 12240 12360 12361 12362 12475 12476 12477 12597 12599
moead,513_e-05,19,37,2050,41,29458450.785966,4875.110433,0.755102,0.244898,11890 12000 12232 12233 12238 12239 12240 12360 12361 12362 12475 12476 12477 12597 12599
moead,513_e-05,19,38,2050,41,29458450.785966,4875.110433,0.775510,0.224490,11890 12000 12232 12233 12238 12239 12240 12360 12361 12362 12475 12476 12477 12597 12599
moead,513_e-05,19,39,2050,41,29458450.785966,4875.110433,0.795918,0.204082,11890 12000 12232 12233 12238 12239 12240 12360 12361 12362 12475 12476 12477 12597 12599
moead,513_e-05,19,40,2050,41,29458450.785966,4875.110433,0.816327,0.183673,11890 12000 12232 12233 12238 12239 12240 12360 12361 12362 12475 12476 12477 12597 12599
moead,513_e-05,19,41,2050,41,29458450.785966,4875.110433,0.836735,0.163265,11890 12000 12232 12233 12238 12239 12240 12360 12361 12362 12475 12476 12477 12597 12599
moead,513_e-05,19,42,2050,41,29458450.785966,4875.110433,0.857143,0.142857,11890 12000 12232 12233 12238 12239 12240 12360 12361 12362 12475 12476 12477 12597 12599
moead,513_e-05,19,43,2050,41,29458450.785966,4875.110433,0.877551,0.122449,11890 12000 12232 12233 12238 12239 12240 12360 12361 12362 12475 12476 12477 12597 12599
moead,513_e-05,19,44,2050,41,29458450.785966,4875.110433,0.897959,0.102041,11890 12000 12232 12233 12238 12239 12240 12360 12361 12362 12475 12476 12477 12597 12599
moead,513_e-05,19,45,2050,41,29458450.785966,4875.110433,0.918367,0.081633,11890 12000 12232 12233 12238 12239 12240 12360 12361 12362 12475 12476 12477 12597 12599
moead,513_e-05,19,46,2050,41,29458450.785966,4875.110433,0.938776,0.061224,11890 12000 12232 12233 12238 12239 12240 12360 12361 12362 12475 12476 12477 12597 12599
moead,513_e-05,19,47,2050,41,29458450.785966,4875.110433,0.959184,0.040816,11890 12000 12232 12233 12238 12239 12240 12360 12361 12362 12475 12476 12477 12597 12599
moead,513_e-05,19,48,2050,41,29458450.785966,4875.110433,0.979592,0.020408,11890 12000 12232 12233 12238 12239 12240 12360 12361 12362 12475 12476 12477 12597 12599
moead,513_e-05,19,49,2050,41,29458450.785966,4875.110433,1.000000,0.000000,11890 12000 12232 12233 12238 12239 12240 12360 12361 12362 12475 12476 12477 12597 12599
moead,513_e-05,19,0,2100,42,38040850.581896,6394.922775,0.000000,1.000000,657 12477 25538 29450 30782 49501 57220 61750 67633 75105 83155 145739 152933 160224 162343
moead,513_e-05,19,1,2100,42,29516588.502859,5195.793911,0.020408,0.979592,10683 11578 11765 11893 12113 12118 12231 12232 12240 12361 12362 12475 12476 12477 12730
moead,513_e-05,19,2,2100,42,29488471.686920,5105.746715,0.040816,0.959184,11565 11774 11882 11992 11994 12228 12231 12240 12361 12362 12475 12476 12477 12484 12730
moead,513_e-05,19,3,2100,42,29478181.028296,5092.005795,0.061224,0.938776,11682 11893 11980 12113 12118 12231 12232 12240 12361 12362 12476 12477 12484 12597 12730
moead,513_e-05,19,4,2100,42,29472226.347804,4995.105218,0.081633,0.918367,11578 11682 11893 12113 12118 12231 12232 12240 12361 12362 12476 12477 12484 12597 12730
moead,513_e-05,19,5,2100,42,29466695.074747,4985.978143,0.102041,0.897959,11882 12007 12118 12231 12232 12238 12239 12240 12361 12362 12476 12477 12484 12597 12730
moead,513_e-05,19,6,2100,42,29466695.074747,4985.978143,0.122449,0.877551,11882 12007 12118 12231 12232 12238 12239 12240 12361 12362 12476 12477 12484 12597 12730
moead,513_e-05,19,7,2100,42,29466695.074747,4985.978143,0.142857,0.857143,11882 12007 12118 12231 12232 12238 12239 12240 12361 12362 12476 12477 12484 12597 12730
moead,513_e-05,19,8,2100,42,29464079.534286,4982.720826,0.163265,0.836735,11882 12007 12118 12232 12238 12239 12240 12361 12362 12475 12476 12477 12597 12599 12845
moead,513_e-05,19,9,2100,42,29464079.534286,4982.720826,0.183673,0.816327,11882 12007 12118 12232 12238 12239 12240 12361 12362 12475 12476 12477 12597 12599 12845
moead,513_e-05,19,10,2100,42,29464079.534286,4982.720826,0.204082,0.795918,11882 12007 12118 12232 12238 12239 12240 12361 12362 12475 12476 12477 12597 12599 12845
moead,513_e-05,19,11,2100,42,29462596.839979,4888.367412,0.224490,0.775510,11882 11890 12007 12118 12232 12238 12239 12240 12361 12362 12475 12476 12477 12597 12599
moead,513_e-05,19,12,2100,42,29462596.839979,4888.367412,0.244898,0.755102,11882 11890 12007 12118 12232 12238 12239 12240 12361 12362 12475 12476 12477 12597 12599
moead,513_e-05,19,13,2100,42,29462596.839979,4888.367412,0.265306,0.734694,11882 11890 12007 12118 12232 12238 12239 12240 12361 12362 12475 12476 12477 12597 12599
moead,513_e-05,19,14,2100,42,29461850.590820,4887.162223,0.285714,0.714286,11882 11890 12005 12118 12232 12238 12239 12240 12361 12362 12475 12476 12477 12597 12599
moead,513_e-05,19,15,2100,42,29461850.590820,4887.162223,0.306122,0.693878,11882 11890 12005 12118 12232 12238 12239 12240 12361 12362 12475 12476 12477 12597 12599
moead,513_e-05,19,16,2100,42,29459875.427381,4884.601386,0.326531,0.673469,11882 12118 12232 12233 12238 12239 12240 12360 12361 12362 12475 12476 12477 12597 12599
moead,513_e-05,19,17,2100,42,29459875.427381,4884.601386,0.346939,0.653061,11882 12118 12232 12233 12238 12239 12240 12360 12361 12362 12475 12476 12477 12597 12599
moead,513_e-05,19,18,2100,42,29459875.427381,4884.601386,0.367347,0.632653,11882 12118 12232 12233 12238 12239 12240 12360 12361 12362 12475 12476 12477 12597 12599
moead,513_e-05,19,19,2100,42,29459875.427381,4884.601386,0.387755,0.612245,11882 12118 12232 12233 12238 12239 12240 12360 12361 12362 12475 12476 12477 12597 12599
moead,513_e-05,19,20,2100,42,29459875.427381,4884.601386,0.408163,0.591837,11882 12118 12232 12233 12238 12239 12240 12360 12361 12362 12475 12476 12477 12597 12599
moead,513_e-05,19,21,2100,42,29459875.427381,4884.601386,0.428571,0.571429,11882 12118 12232 12233 12238 12239 12240 12360 12361 12362 12475 12476 12477 12597 12599
moead,513_e-05,19,22,2100,42,29459875.427381,4884.601386,0.448980,0.551020,11882 12118 12232 12233 12238 12239 12240 12360 12361 12362 12475 12476 12477 12597 12599
moead,513_e-05,19,23,2100,42,29459875.427381,4884.601386,0.469388,0.530612,11882 12118 12232 12233 12238 12239 12240 12360 12361 12362 12475 12476 12477 12597 12599
moead,513_e-05,19,24,2100,42,29459875.427381,4884.601386,0.489796,0.510204,11882 12118 12232 12233 12238 12239 12240 12360 12361 12362 12475 12476 12477 12597 12599
moead,513_e-05,19,25,2100,42,29459875.427381,4884.601386,0.510204,0.489796,11882 12118 12232 12233 12238 12239 12240 12360 12361 12362 12475 12476 12477 12597 12599
moead,513_e-05,19,26,2100,42,29458450.785966,4875.110433,0.530612,0.469388,11890 12000 12232 12233 12238 12239 12240 12360 12361 12362 12475 12476 12477 12597 12599
moead,513_e-05,19,27,2100,42,29458450.785966,4875.110433,0.551020,0.448980,11890 12000 12232 12233 12238 12239 12240 12360 12361 12362 12475 12476 12477 12597 12599
moead,513_e-05,19,28,2100,42,29458450.785966,4875.110433,0.571429,0.428571,11890 12000 12232 12233 12238 12239 12240 12360 12361 12362 12475 12476 12477 12597 12599
moead,513_e-05,19,29,2100,42,29458450.785966,4875.110433,0.591837,0.408163,11890 12000 12232 12233 12238 12239 12240 12360 12361 12362 12475 12476 12477 12597 12599
moead,513_e-05,19,30,2100,42,29458450.785966,4875.110433,0.612245,0.387755,11890 12000 12232 12233 12238 12239 12240 12360 12361 12362 12475 12476 12477 12597 12599
moead,513_e-05,19,31,2100,42,29458450.785966,4875.110433,0.632653,0.367347,11890 12000 12232 12233 12238 12239 12240 12360 12361 12362 12475 12476 12477 12597 12599
moead,513_e-05,19,32,2100,42,29458450.785966,4875.110433,0.653061,0.346939,11890 12000 12232 12233 12238 12239 12240 12360 12361 12362 12475 12476 12477 12597 12599
moead,513_e-05,19,33,2100,42,29458450.785966,4875.110433,0.673469,0.326531,11890 12000 12232 12233 12238 12239 12240 12360 12361 12362 12475 12476 12477 12597 12599
moead,513_e-05,19,34,2100,42,29458450.785966,4875.110433,0.693878,0.306122,11890 12000 12232 12233 12238 12239 12240 12360 12361 12362 12475 12476 12477 12597 12599
moead,513_e-05,19,35,2100,42,29458450.785966,4875.110433,0.714286,0.285714,11890 12000 12232 12233 12238 12239 12240 12360 12361 12362 12475 12476 12477 12597 12599
moead,513_e-05,19,36,2100,42,29458450.785966,4875.110433,0.734694,0.265306,11890 12000 12232 12233 12238 12239 12240 12360 12361 12362 12475 12476 12477 12597 12599
moead,513_e-05,19,37,2100,42,29458450.785966,4875.110433,0.755102,0.244898,11890 12000 12232 12233 12238 12239 12240 12360 12361 12362 12475 12476 12477 12597 12599
moead,513_e-05,19,38,2100,42,29458450.785966,4875.110433,0.775510,0.224490,11890 12000 12232 12233 12238 12239 12240 12360 12361 12362 12475 12476 12477 12597 12599
moead,513_e-05,19,39,2100,42,29458450.785966,4875.110433,0.795918,0.204082,11890 12000 12232 12233 12238 12239 12240 12360 12361 12362 12475 12476 12477 12597 12599
moead,513_e-05,19,40,2100,42,29458450.785966,4875.110433,0.816327,0.183673,11890 12000 12232 12233 12238 12239 12240 12360 12361 12362 12475 12476 12477 12597 12599
moead,513_e-05,19,41,2100,42,29458450.785966,4875.110433,0.836735,0.163265,11890 12000 12232 12233 12238 12239 12240 12360 12361 12362 12475 12476 12477 12597 12599
moead,513_e-05,19,42,2100,42,29458450.785966,4875.110433,0.857143,0.142857,11890 12000 12232 12233 12238 12239 12240 12360 12361 12362 12475 12476 12477 12597 12599
moead,513_e-05,19,43,2100,42,29458450.785966,4875.110433,0.877551,0.122449,11890 12000 12232 12233 12238 12239 12240 12360 12361 12362 12475 12476 12477 12597 12599
moead,513_e-05,19,44,2100,42,29458450.785966,4875.110433,0.897959,0.102041,11890 12000 12232 12233 12238 12239 12240 12360 12361 12362 12475 12476 12477 12597 12599
moead,513_e-05,19,45,2100,42,29458450.785966,4875.110433,0.918367,0.081633,11890 12000 12232 12233 12238 12239 12240 12360 12361 12362 12475 12476 12477 12597 12599
moead,513_e-05,19,46,2100,42,29458450.785966,4875.110433,0.938776,0.061224,11890 12000 12232 12233 12238 12239 12240 12360 12361 12362 12475 12476 12477 12597 12599
moead,513_e-05,19,47,2100,42,29458450.785966,4875.110433,0.959184,0.040816,11890 12000 12232 12233 12238 12239 12240 12360 12361 12362 12475 12476 12477 12597 12599
moead,513_e-05,19,48,2100,42,29458450.785966,4875.110433,0.979592,0.020408,11890 12000 12232 12233 12238 12239 12240 12360 12361 12362 12475 12476 12477 12597 12599
moead,513_e-05,19,49,2100,42,29458450.785966,4875.110433,1.000000,0.000000,11890 12000 12232 12233 12238 12239 12240 12360 12361 12362 12475 12476 12477 12597 12599
moead,513_e-05,19,0,2150,43,36996383.561951,6394.922775,0.000000,1.000000,657 12477 29450 30782 39154 44581 52470 61750 75105 80705 87949 143847 162343 179066 184958
moead,513_e-05,19,1,2150,43,29516588.502859,5195.793911,0.020408,0.979592,10683 11578 11765 11893 12113 12118 12231 12232 12240 12361 12362 12475 12476 12477 12730
moead,513_e-05,19,2,2150,43,29488471.686920,5105.746715,0.040816,0.959184,11565 11774 11882 11992 11994 12228 12231 12240 12361 12362 12475 12476 12477 12484 12730
moead,513_e-05,19,3,2150,43,29478181.028296,5092.005795,0.061224,0.938776,11682 11893 11980 12113 12118 12231 12232 12240 12361 12362 12476 12477 12484 12597 12730
moead,513_e-05,19,4,2150,43,29472226.347804,4995.105218,0.081633,0.918367,11578 11682 11893 12113 12118 12231 12232 12240 12361 12362 12476 12477 12484 12597 12730
moead,513_e-05,19,5,2150,43,29466695.074747,4985.978143,0.102041,0.897959,11882 12007 12118 12231 12232 12238 12239 12240 12361 12362 12476 12477 12484 12597 12730
moead,513_e-05,19,6,2150,43,29466695.074747,4985.978143,0.122449,0.877551,11882 12007 12118 12231 12232 12238 12239 12240 12361 12362 12476 12477 12484 12597 12730
moead,513_e-05,19,7,2150,43,29466695.074747,4985.978143,0.142857,0.857143,11882 12007 12118 12231 12232 12238 12239 12240 12361 12362 12476 12477 12484 12597 12730
moead,513_e-05,19,8,2150,43,29464079.534286,4982.720826,0.163265,0.836735,11882 12007 12118 12232 12238 12239 12240 12361 12362 12475 12476 12477 12597 12599 12845
moead,513_e-05,19,9,2150,43,29464079.534286,4982.720826,0.183673,0.816327,11882 12007 12118 12232 12238 12239 12240 12361 12362 12475 12476 12477 12597 12599 12845
moead,513_e-05,19,10,2150,43,29464079.534286,4982.720826,0.204082,0.795918,11882 12007 12118 12232 12238 12239 12240 12361 12362 12475 12476 12477 12597 12599 12845
moead,513_e-05,19,11,2150,43,29462335.012060,4888.367412,0.224490,0.775510,11882 11890 12007 12118 12232 12238 12239 12240 12361 12475 12476 12477 12481 12597 12599
moead,513_e-05,19,12,2150,43,29462335.012060,4888.367412,0.244898,0.755102,11882 11890 12007 12118 12232 12238 12239 12240 12361 12475 12476 12477 12481 12597 12599
moead,513_e-05,19,13,2150,43,29462335.012060,4888.367412,0.265306,0.734694,11882 11890 12007 12118 12232 12238 12239 12240 12361 12475 12476 12477 12481 12597 12599
moead,513_e-05,19,14,2150,43,29461850.590820,4887.162223,0.285714,0.714286,11882 11890 12005 12118 12232 12238 12239 12240 12361 12362 12475 12476 12477 12597 12599
moead,513_e-05,19,15,2150,43,29461850.590820,4887.162223,0.306122,0.693878,11882 11890 12005 12118 12232 12238 12239 12240 12361 12362 12475 12476 12477 12597 12599
moead,513_e-05,19,16,2150,43,29459875.427381,4884.601386,0.326531,0.673469,11882 12118 12232 12233 12238 12239 12240 12360 12361 12362 12475 12476 12477 12597 12599
moead,513_e-05,19,17,2150,43,29459875.427381,4884.601386,0.346939,0.653061,11882 12118 12232 12233 12238 12239 12240 12360 12361 12362 12475 12476 12477 12597 12599
moead,513_e-05,19,18,2150,43,29459875.427381,4884.601386,0.367347,0.632653,11882 12118 12232 12233 12238 12239 12240 12360 12361 12362 12475 12476 12477 12597 12599
moead,513_e-05,19,19,2150,43,29459875.427381,4884.601386,0.387755,0.612245,11882 12118 12232 12233 12238 12239 12240 12360 12361 12362 12475 12476 12477 12597 12599
moead,513_e-05,19,20,2150,43,29459875.427381,4884.601386,0.408163,0.591837,11882 12118 12232 12233 12238 12239 12240 12360 12361 12362 12475 12476 12477 12597 12599
moead,513_e-05,19,21,2150,43,29459875.427381,4884.601386,0.428571,0.571429,11882 12118 12232 12233 12238 12239 12240 12360 12361 12362 12475 12476 12477 12597 12599
moead,513_e-05,19,22,2150,43,29459875.427381,4884.601386,0.448980,0.551020,11882 12118 12232 12233 12238 12239 12240 12360 12361 12362 12475 12476 12477 12597 12599
moead,513_e-05,19,23,2150,43,29459875.427381,4884.601386,0.469388,0.530612,11882 12118 12232 12233 12238 12239 12240 12360 12361 12362 12475 12476 12477 12597 12599
moead,513_e-05,19,24,2150,43,29459875.427381,4884.601386,0.489796,0.510204,11882 12118 12232 12233 12238 12239 12240 12360 12361 12362 12475 12476 12477 12597 12599
moead,513_e-05,19,25,2150,43,29459875.427381,4884.601386,0.510204,0.489796,11882 12118 12232 12233 12238 12239 12240 12360 12361 12362 12475 12476 12477 12597 12599
moead,513_e-05,19,26,2150,43,29458820.984643,4875.445443,0.530612,0.469388,11890 12000 12232 12233 12238 12239 12240 12241 12360 12361 12362 12475 12477 12597 12599
moead,513_e-05,19,27,2150,43,29458820.984643,4875.445443,0.551020,0.448980,11890 12000 12232 12233 12238 12239 12240 12241 12360 12361 12362 12475 12477 12597 12599
moead,513_e-05,19,28,2150,43,29458820.984643,4875.445443,0.571429,0.428571,11890 12000 12232 12233 12238 12239 12240 12241 12360 12361 12362 12475 12477 12597 12599
moead,513_e-05,19,29,2150,43,29458820.984643,4875.445443,0.591837,0.408163,11890 12000 12232 12233 12238 12239 12240 12241 12360 12361 12362 12475 12477 12597 12599
moead,513_e-05,19,30,2150,43,29458820.984643,4875.445443,0.612245,0.387755,11890 12000 12232 12233 12238 12239 12240 12241 12360 12361 12362 12475 12477 12597 12599
moead,513_e-05,19,31,2150,43,29458820.984643,4875.445443,0.632653,0.367347,11890 12000 12232 12233 12238 12239 12240 12241 12360 12361 12362 12475 12477 12597 12599
moead,513_e-05,19,32,2150,43,29458820.984643,4875.445443,0.653061,0.346939,11890 12000 12232 12233 12238 12239 12240 12241 12360 12361 12362 12475 12477 12597 12599
moead,513_e-05,19,33,2150,43,29458820.984643,4875.445443,0.673469,0.326531,11890 12000 12232 12233 12238 12239 12240 12241 12360 12361 12362 12475 12477 12597 12599
moead,513_e-05,19,34,2150,43,29458820.984643,4875.445443,0.693878,0.306122,11890 12000 12232 12233 12238 12239 12240 12241 12360 12361 12362 12475 12477 12597 12599
moead,513_e-05,19,35,2150,43,29458820.984643,4875.445443,0.714286,0.285714,11890 12000 12232 12233 12238 12239 12240 12241 12360 12361 12362 12475 12477 12597 12599
moead,513_e-05,19,36,2150,43,29458820.984643,4875.445443,0.734694,0.265306,11890 12000 12232 12233 12238 12239 12240 12241 12360 12361 12362 12475 12477 12597 12599
moead,513_e-05,19,37,2150,43,29458820.984643,4875.445443,0.755102,0.244898,11890 12000 12232 12233 12238 12239 12240 12241 12360 12361 12362 12475 12477 12597 12599
moead,513_e-05,19,38,2150,43,29458820.984643,4875.445443,0.775510,0.224490,11890 12000 12232 12233 12238 12239 12240 12241 12360 12361 12362 12475 12477 12597 12599
moead,513_e-05,19,39,2150,43,29458820.984643,4875.445443,0.795918,0.204082,11890 12000 12232 12233 12238 12239 12240 12241 12360 12361 12362 12475 12477 12597 12599
moead,513_e-05,19,40,2150,43,29458450.785966,4875.110433,0.816327,0.183673,11890 12000 12232 12233 12238 12239 12240 12360 12361 12362 12475 12476 12477 12597 12599
moead,513_e-05,19,41,2150,43,29458450.785966,4875.110433,0.836735,0.163265,11890 12000 12232 12233 12238 12239 12240 12360 12361 12362 12475 12476 12477 12597 12599
moead,513_e-05,19,42,2150,43,29458450.785966,4875.110433,0.857143,0.142857,11890 12000 12232 12233 12238 12239 12240 12360 12361 12362 12475 12476 12477 12597 12599
moead,513_e-05,19,43,2150,43,29458450.785966,4875.110433,0.877551,0.122449,11890 12000 12232 12233 12238 12239 12240 12360 12361 12362 12475 12476 12477 12597 12599
moead,513_e-05,19,44,2150,43,29458450.785966,4875.110433,0.897959,0.102041,11890 12000 12232 12233 12238 12239 12240 12360 12361 12362 12475 12476 12477 12597 12599
moead,513_e-05,19,45,2150,43,29458450.785966,4875.110433,0.918367,0.081633,11890 12000 12232 12233 12238 12239 12240 12360 12361 12362 12475 12476 12477 12597 12599
moead,513_e-05,19,46,2150,43,29458450.785966,4875.110433,0.938776,0.061224,11890 12000 12232 12233 12238 12239 12240 12360 12361 12362 12475 12476 12477 12597 12599
moead,513_e-05,19,47,2150,43,29458450.785966,4875.110433,0.959184,0.040816,11890 12000 12232 12233 12238 12239 12240 12360 12361 12362 12475 12476 12477 12597 12599
moead,513_e-05,19,48,2150,43,29458450.785966,4875.110433,0.979592,0.020408,11890 12000 12232 12233 12238 12239 12240 12360 12361 12362 12475 12476 12477 12597 12599
moead,513_e-05,19,49,2150,43,29458450.785966,4875.110433,1.000000,0.000000,11890 12000 12232 12233 12238 12239 12240 12360 12361 12362 12475 12476 12477 12597 12599
moead,513_e-05,19,0,2200,44,37165407.141271,6394.922775,0.000000,1.000000,657 24014 29450 30782 39154 44581 52470 80705 84540 99066 110201 111384 143847 184414 184958
moead,513_e-05,19,1,2200,44,29516588.502859,5195.793911,0.020408,0.979592,10683 11578 11765 11893 12113 12118 12231 12232 12240 12361 12362 12475 12476 12477 12730
moead,513_e-05,19,2,2200,44,29488471.686920,5105.746715,0.040816,0.959184,11565 11774 11882 11992 11994 12228 12231 12240 12361 12362 12475 12476 12477 12484 12730
moead,513_e-05,19,3,2200,44,29478181.028296,5092.005795,0.061224,0.938776,11682 11893 11980 12113 12118 12231 12232 12240 12361 12362 12476 12477 12484 12597 12730
moead,513_e-05,19,4,2200,44,29472226.347804,4995.105218,0.081633,0.918367,11578 11682 11893 12113 12118 12231 12232 12240 12361 12362 12476 12477 12484 12597 12730
moead,513_e-05,19,5,2200,44,29466695.074747,4985.978143,0.102041,0.897959,11882 12007 12118 12231 12232 12238 12239 12240 12361 12362 12476 12477 12484 12597 12730
moead,513_e-05,19,6,2200,44,29466695.074747,4985.978143,0.122449,0.877551,11882 12007 12118 12231 12232 12238 12239 12240 12361 12362 12476 12477 12484 12597 12730
moead,513_e-05,19,7,2200,44,29466695.074747,4985.978143,0.142857,0.857143,11882 12007 12118 12231 12232 12238 12239 12240 12361 12362 12476 12477 12484 12597 12730
moead,513_e-05,19,8,2200,44,29464079.534286,4982.720826,0.163265,0.836735,11882 12007 12118 12232 12238 12239 12240 12361 12362 12475 12476 12477 12597 12599 12845
moead,513_e-05,19,9,2200,44,29464079.534286,4982.720826,0.183673,0.816327,11882 12007 12118 12232 12238 12239 12240 12361 12362 12475 12476 12477 12597 12599 12845
moead,513_e-05,19,10,2200,44,29464079.534286,4982.720826,0.204082,0.795918,11882 12007 12118 12232 12238 12239 12240 12361 12362 12475 12476 12477 12597 12599 12845
moead,513_e-05,19,11,2200,44,29462335.012060,4888.367412,0.224490,0.775510,11882 11890 12007 12118 12232 12238 12239 12240 12361 12475 12476 12477 12481 12597 12599
moead,513_e-05,19,12,2200,44,29462335.012060,4888.367412,0.244898,0.755102,11882 11890 12007 12118 12232 12238 12239 12240 12361 12475 12476 12477 12481 12597 12599
moead,513_e-05,19,13,2200,44,29462335.012060,4888.367412,0.265306,0.734694,11882 11890 12007 12118 12232 12238 12239 12240 12361 12475 12476 12477 12481 12597 12599
moead,513_e-05,19,14,2200,44,29461850.590820,4887.162223,0.285714,0.714286,11882 11890 12005 12118 12232 12238 12239 12240 12361 12362 12475 12476 12477 12597 12599
moead,513_e-05,19,15,2200,44,29461850.590820,4887.162223,0.306122,0.693878,11882 11890 12005 12118 12232 12238 12239 12240 12361 12362 12475 12476 12477 12597 12599
moead,513_e-05,19,16,2200,44,29459875.427381,4884.601386,0.326531,0.673469,11882 12118 12232 12233 12238 12239 12240 12360 12361 12362 12475 12476 12477 12597 12599
moead,513_e-05,19,17,2200,44,29459875.427381,4884.601386,0.346939,0.653061,11882 12118 12232 12233 12238 12239 12240 12360 12361 12362 12475 12476 12477 12597 12599
moead,513_e-05,19,18,2200,44,29459875.427381,4884.601386,0.367347,0.632653,11882 12118 12232 12233 12238 12239 12240 12360 12361 12362 12475 12476 12477 12597 12599
moead,513_e-05,19,19,2200,44,29459875.427381,4884.601386,0.387755,0.612245,11882 12118 12232 12233 12238 12239 12240 12360 12361 12362 12475 12476 12477 12597 12599
moead,513_e-05,19,20,2200,44,29459875.427381,4884.601386,0.408163,0.591837,11882 12118 12232 12233 12238 12239 12240 12360 12361 12362 12475 12476 12477 12597 12599
moead,513_e-05,19,21,2200,44,29459875.427381,4884.601386,0.428571,0.571429,11882 12118 12232 12233 12238 12239 12240 12360 12361 12362 12475 12476 12477 12597 12599
moead,513_e-05,19,22,2200,44,29459875.427381,4884.601386,0.448980,0.551020,11882 12118 12232 12233 12238 12239 12240 12360 12361 12362 12475 12476 12477 12597 12599
moead,513_e-05,19,23,2200,44,29459875.427381,4884.601386,0.469388,0.530612,11882 12118 12232 12233 12238 12239 12240 12360 12361 12362 12475 12476 12477 12597 12599
moead,513_e-05,19,24,2200,44,29459875.427381,4884.601386,0.489796,0.510204,11882 12118 12232 12233 12238 12239 12240 12360 12361 12362 12475 12476 12477 12597 12599
moead,513_e-05,19,25,2200,44,29459875.427381,4884.601386,0.510204,0.489796,11882 12118 12232 12233 12238 12239 12240 12360 12361 12362 12475 12476 12477 12597 12599
moead,513_e-05,19,26,2200,44,29458820.984643,4875.445443,0.530612,0.469388,11890 12000 12232 12233 12238 12239 12240 12241 12360 12361 12362 12475 12477 12597 12599
moead,513_e-05,19,27,2200,44,29458820.984643,4875.445443,0.551020,0.448980,11890 12000 12232 12233 12238 12239 12240 12241 12360 12361 12362 12475 12477 12597 12599
moead,513_e-05,19,28,2200,44,29458820.984643,4875.445443,0.571429,0.428571,11890 12000 12232 12233 12238 12239 12240 12241 12360 12361 12362 12475 12477 12597 12599
moead,513_e-05,19,29,2200,44,29458820.984643,4875.445443,0.591837,0.408163,11890 12000 12232 12233 12238 12239 12240 12241 12360 12361 12362 12475 12477 12597 12599
moead,513_e-05,19,30,2200,44,29458820.984643,4875.445443,0.612245,0.387755,11890 12000 12232 12233 12238 12239 12240 12241 12360 12361 12362 12475 12477 12597 12599
moead,513_e-05,19,31,2200,44,29458820.984643,4875.445443,0.632653,0.367347,11890 12000 12232 12233 12238 12239 12240 12241 12360 12361 12362 12475 12477 12597 12599
moead,513_e-05,19,32,2200,44,29458820.984643,4875.445443,0.653061,0.346939,11890 12000 12232 12233 12238 12239 12240 12241 12360 12361 12362 12475 12477 12597 12599
moead,513_e-05,19,33,2200,44,29458820.984643,4875.445443,0.673469,0.326531,11890 12000 12232 12233 12238 12239 12240 12241 12360 12361 12362 12475 12477 12597 12599
moead,513_e-05,19,34,2200,44,29458820.984643,4875.445443,0.693878,0.306122,11890 12000 12232 12233 12238 12239 12240 12241 12360 12361 12362 12475 12477 12597 12599
moead,513_e-05,19,35,2200,44,29458820.984643,4875.445443,0.714286,0.285714,11890 12000 12232 12233 12238 12239 12240 12241 12360 12361 12362 12475 12477 12597 12599
moead,513_e-05,19,36,2200,44,29458820.984643,4875.445443,0.734694,0.265306,11890 12000 12232 12233 12238 12239 12240 12241 12360 12361 12362 12475 12477 12597 12599
moead,513_e-05,19,37,2200,44,29458820.984643,4875.445443,0.755102,0.244898,11890 12000 12232 12233 12238 12239 12240 12241 12360 12361 12362 12475 12477 12597 12599
moead,513_e-05,19,38,2200,44,29458820.984643,4875.445443,0.775510,0.224490,11890 12000 12232 12233 12238 12239 12240 12241 12360 12361 12362 12475 12477 12597 12599
moead,513_e-05,19,39,2200,44,29458820.984643,4875.445443,0.795918,0.204082,11890 12000 12232 12233 12238 12239 12240 12241 12360 12361 12362 12475 12477 12597 12599
moead,513_e-05,19,40,2200,44,29458450.785966,4875.110433,0.816327,0.183673,11890 12000 12232 12233 12238 12239 12240 12360 12361 12362 12475 12476 12477 12597 12599
moead,513_e-05,19,41,2200,44,29458450.785966,4875.110433,0.836735,0.163265,11890 12000 12232 12233 12238 12239 12240 12360 12361 12362 12475 12476 12477 12597 12599
moead,513_e-05,19,42,2200,44,29458450.785966,4875.110433,0.857143,0.142857,11890 12000 12232 12233 12238 12239 12240 12360 12361 12362 12475 12476 12477 12597 12599
moead,513_e-05,19,43,2200,44,29458450.785966,4875.110433,0.877551,0.122449,11890 12000 12232 12233 12238 12239 12240 12360 12361 12362 12475 12476 12477 12597 12599
moead,513_e-05,19,44,2200,44,29458450.785966,4875.110433,0.897959,0.102041,11890 12000 12232 12233 12238 12239 12240 12360 12361 12362 12475 12476 12477 12597 12599
moead,513_e-05,19,45,2200,44,29458450.785966,4875.110433,0.918367,0.081633,11890 12000 12232 12233 12238 12239 12240 12360 12361 12362 12475 12476 12477 12597 12599
moead,513_e-05,19,46,2200,44,29458450.785966,4875.110433,0.938776,0.061224,11890 12000 12232 12233 12238 12239 12240 12360 12361 12362 12475 12476 12477 12597 12599
moead,513_e-05,19,47,2200,44,29458450.785966,4875.110433,0.959184,0.040816,11890 12000 12232 12233 12238 12239 12240 12360 12361 12362 12475 12476 12477 12597 12599
moead,513_e-05,19,48,2200,44,29458450.785966,4875.110433,0.979592,0.020408,11890 12000 12232 12233 12238 12239 12240 12360 12361 12362 12475 12476 12477 12597 12599
moead,513_e-05,19,49,2200,44,29458450.785966,4875.110433,1.000000,0.000000,11890 12000 12232 12233 12238 12239 12240 12360 12361 12362 12475 12476 12477 12597 12599
moead,513_e-05,19,0,2250,45,37235839.873379,6394.922775,0.000000,1.000000,657 24014 25161 30782 39154 44581 49023 52470 80705 97987 110201 137547 170447 184414 184958
moead,513_e-05,19,1,2250,45,29516588.502859,5195.793911,0.020408,0.979592,10683 11578 11765 11893 12113 12118 12231 12232 12240 12361 12362 12475 12476 12477 12730
moead,513_e-05,19,2,2250,45,29488471.686920,5105.746715,0.040816,0.959184,11565 11774 11882 11992 11994 12228 12231 12240 12361 12362 12475 12476 12477 12484 12730
moead,513_e-05,19,3,2250,45,29477894.548854,5092.005795,0.061224,0.938776,11682 11893 11980 12113 12118 12231 12232 12240 12361 12362 12475 12476 12477 12484 12730
moead,513_e-05,19,4,2250,45,29472226.347804,4995.105218,0.081633,0.918367,11578 11682 11893 12113 12118 12231 12232 12240 12361 12362 12476 12477 12484 12597 12730
moead,513_e-05,19,5,2250,45,29466408.595306,4985.978143,0.102041,0.897959,11882 12007 12118 12231 12232 12238 12239 12240 12361 12362 12475 12476 12477 12484 12730
moead,513_e-05,19,6,2250,45,29466408.595306,4985.978143,0.122449,0.877551,11882 12007 12118 12231 12232 12238 12239 12240 12361 12362 12475 12476 12477 12484 12730
moead,513_e-05,19,7,2250,45,29466408.595306,4985.978143,0.142857,0.857143,11882 12007 12118 12231 12232 12238 12239 12240 12361 12362 12475 12476 12477 12484 12730
moead,513_e-05,19,8,2250,45,29464079.534286,4982.720826,0.163265,0.836735,11882 12007 12118 12232 12238 12239 12240 12361 12362 12475 12476 12477 12597 12599 12845
moead,513_e-05,19,9,2250,45,29464079.534286,4982.720826,0.183673,0.816327,11882 12007 12118 12232 12238 12239 12240 12361 12362 12475 12476 12477 12597 12599 12845
moead,513_e-05,19,10,2250,45,29464079.534286,4982.720826,0.204082,0.795918,11882 12007 12118 12232 12238 12239 12240 12361 12362 12475 12476 12477 12597 12599 12845
moead,513_e-05,19,11,2250,45,29462335.012060,4888.367412,0.224490,0.775510,11882 11890 12007 12118 12232 12238 12239 12240 12361 12475 12476 12477 12481 12597 12599
moead,513_e-05,19,12,2250,45,29462335.012060,4888.367412,0.244898,0.755102,11882 11890 12007 12118 12232 12238 12239 12240 12361 12475 12476 12477 12481 12597 12599
moead,513_e-05,19,13,2250,45,29462335.012060,4888.367412,0.265306,0.734694,11882 11890 12007 12118 12232 12238 12239 12240 12361 12475 12476 12477 12481 12597 12599
moead,513_e-05,19,14,2250,45,29461850.590820,4887.162223,0.285714,0.714286,11882 11890 12005 12118 12232 12238 12239 12240 12361 12362 12475 12476 12477 12597 12599
moead,513_e-05,19,15,2250,45,29461850.590820,4887.162223,0.306122,0.693878,11882 11890 12005 12118 12232 12238 12239 12240 12361 12362 12475 12476 12477 12597 12599
moead,513_e-05,19,16,2250,45,29459875.427381,4884.601386,0.326531,0.673469,11882 12118 12232 12233 12238 12239 12240 12360 12361 12362 12475 12476 12477 12597 12599
moead,513_e-05,19,17,2250,45,29459875.427381,4884.601386,0.346939,0.653061,11882 12118 12232 12233 12238 12239 12240 12360 12361 12362 12475 12476 12477 12597 12599
moead,513_e-05,19,18,2250,45,29459875.427381,4884.601386,0.367347,0.632653,11882 12118 12232 12233 12238 12239 12240 12360 12361 12362 12475 12476 12477 12597 12599
moead,513_e-05,19,19,2250,45,29459875.427381,4884.601386,0.387755,0.612245,11882 12118 12232 12233 12238 12239 12240 12360 12361 12362 12475 12476 12477 12597 12599
moead,513_e-05,19,20,2250,45,29459875.427381,4884.601386,0.408163,0.591837,11882 12118 12232 12233 12238 12239 12240 12360 12361 12362 12475 12476 12477 12597 12599
moead,513_e-05,19,21,2250,45,29459875.427381,4884.601386,0.428571,0.571429,11882 12118 12232 12233 12238 12239 12240 12360 12361 12362 12475 12476 12477 12597 12599
moead,513_e-05,19,22,2250,45,29459875.427381,4884.601386,0.448980,0.551020,11882 12118 12232 12233 12238 12239 12240 12360 12361 12362 12475 12476 12477 12597 12599
moead,513_e-05,19,23,2250,45,29459875.427381,4884.601386,0.469388,0.530612,11882 12118 12232 12233 12238 12239 12240 12360 12361 12362 12475 12476 12477 12597 12599
moead,513_e-05,19,24,2250,45,29459875.427381,4884.601386,0.489796,0.510204,11882 12118 12232 12233 12238 12239 12240 12360 12361 12362 12475 12476 12477 12597 12599
moead,513_e-05,19,25,2250,45,29459875.427381,4884.601386,0.510204,0.489796,11882 12118 12232 12233 12238 12239 12240 12360 12361 12362 12475 12476 12477 12597 12599
moead,513_e-05,19,26,2250,45,29458820.984643,4875.445443,0.530612,0.469388,11890 12000 12232 12233 12238 12239 12240 12241 12360 12361 12362 12475 12477 12597 12599
moead,513_e-05,19,27,2250,45,29458820.984643,4875.445443,0.551020,0.448980,11890 12000 12232 12233 12238 12239 12240 12241 12360 12361 12362 12475 12477 12597 12599
moead,513_e-05,19,28,2250,45,29458820.984643,4875.445443,0.571429,0.428571,11890 12000 12232 12233 12238 12239 12240 12241 12360 12361 12362 12475 12477 12597 12599
moead,513_e-05,19,29,2250,45,29458820.984643,4875.445443,0.591837,0.408163,11890 12000 12232 12233 12238 12239 12240 12241 12360 12361 12362 12475 12477 12597 12599
moead,513_e-05,19,30,2250,45,29458820.984643,4875.445443,0.612245,0.387755,11890 12000 12232 12233 12238 12239 12240 12241 12360 12361 12362 12475 12477 12597 12599
moead,513_e-05,19,31,2250,45,29458820.984643,4875.445443,0.632653,0.367347,11890 12000 12232 12233 12238 12239 12240 12241 12360 12361 12362 12475 12477 12597 12599
moead,513_e-05,19,32,2250,45,29458820.984643,4875.445443,0.653061,0.346939,11890 12000 12232 12233 12238 12239 12240 12241 12360 12361 12362 12475 12477 12597 12599
moead,513_e-05,19,33,2250,45,29458820.984643,4875.445443,0.673469,0.326531,11890 12000 12232 12233 12238 12239 12240 12241 12360 12361 12362 12475 12477 12597 12599
moead,513_e-05,19,34,2250,45,29458820.984643,4875.445443,0.693878,0.306122,11890 12000 12232 12233 12238 12239 12240 12241 12360 12361 12362 12475 12477 12597 12599
moead,513_e-05,19,35,2250,45,29458820.984643,4875.445443,0.714286,0.285714,11890 12000 12232 12233 12238 12239 12240 12241 12360 12361 12362 12475 12477 12597 12599
moead,513_e-05,19,36,2250,45,29458820.984643,4875.445443,0.734694,0.265306,11890 12000 12232 12233 12238 12239 12240 12241 12360 12361 12362 12475 12477 12597 12599
moead,513_e-05,19,37,2250,45,29458820.984643,4875.445443,0.755102,0.244898,11890 12000 12232 12233 12238 12239 12240 12241 12360 12361 12362 12475 12477 12597 12599
moead,513_e-05,19,38,2250,45,29458820.984643,4875.445443,0.775510,0.224490,11890 12000 12232 12233 12238 12239 12240 12241 12360 12361 12362 12475 12477 12597 12599
moead,513_e-05,19,39,2250,45,29458820.984643,4875.445443,0.795918,0.204082,11890 12000 12232 12233 12238 12239 12240 12241 12360 12361 12362 12475 12477 12597 12599
moead,513_e-05,19,40,2250,45,29458450.785966,4875.110433,0.816327,0.183673,11890 12000 12232 12233 12238 12239 12240 12360 12361 12362 12475 12476 12477 12597 12599
moead,513_e-05,19,41,2250,45,29458450.785966,4875.110433,0.836735,0.163265,11890 12000 12232 12233 12238 12239 12240 12360 12361 12362 12475 12476 12477 12597 12599
moead,513_e-05,19,42,2250,45,29458450.785966,4875.110433,0.857143,0.142857,11890 12000 12232 12233 12238 12239 12240 12360 12361 12362 12475 12476 12477 12597 12599
moead,513_e-05,19,43,2250,45,29458450.785966,4875.110433,0.877551,0.122449,11890 12000 12232 12233 12238 12239 12240 12360 12361 12362 12475 12476 12477 12597 12599
moead,513_e-05,19,44,2250,45,29458450.785966,4875.110433,0.897959,0.102041,11890 12000 12232 12233 12238 12239 12240 12360 12361 12362 12475 12476 12477 12597 12599
moead,513_e-05,19,45,2250,45,29458450.785966,4875.110433,0.918367,0.081633,11890 12000 12232 12233 12238 12239 12240 12360 12361 12362 12475 12476 12477 12597 12599
moead,513_e-05,19,46,2250,45,29458450.785966,4875.110433,0.938776,0.061224,11890 12000 12232 12233 12238 12239 12240 12360 12361 12362 12475 12476 12477 12597 12599
moead,513_e-05,19,47,2250,45,29458450.785966,4875.110433,0.959184,0.040816,11890 12000 12232 12233 12238 12239 12240 12360 12361 12362 12475 12476 12477 12597 12599
moead,513_e-05,19,48,2250,45,29458450.785966,4875.110433,0.979592,0.020408,11890 12000 12232 12233 12238 12239 12240 12360 12361 12362 12475 12476 12477 12597 12599
moead,513_e-05,19,49,2250,45,29458450.785966,4875.110433,1.000000,0.000000,11890 12000 12232 12233 12238 12239 12240 12360 12361 12362 12475 12476 12477 12597 12599
moead,513_e-05,19,0,2300,46,37292054.938515,6394.922775,0.000000,1.000000,657 24014 25161 28590 30782 39154 52470 80705 82926 110201 135831 137547 157032 162010 184958
moead,513_e-05,19,1,2300,46,29516588.502859,5195.793911,0.020408,0.979592,10683 11578 11765 11893 12113 12118 12231 12232 12240 12361 12362 12475 12476 12477 12730
moead,513_e-05,19,2,2300,46,29488471.686920,5105.746715,0.040816,0.959184,11565 11774 11882 11992 11994 12228 12231 12240 12361 12362 12475 12476 12477 12484 12730
moead,513_e-05,19,3,2300,46,29477452.349467,5092.005795,0.061224,0.938776,11682 11893 11980 12113 12118 12238 12239 12240 12361 12362 12475 12476 12477 12484 12730
moead,513_e-05,19,4,2300,46,29472226.347804,4995.105218,0.081633,0.918367,11578 11682 11893 12113 12118 12231 12232 12240 12361 12362 12476 12477 12484 12597 12730
moead,513_e-05,19,5,2300,46,29466408.595306,4985.978143,0.102041,0.897959,11882 12007 12118 12231 12232 12238 12239 12240 12361 12362 12475 12476 12477 12484 12730
moead,513_e-05,19,6,2300,46,29466408.595306,4985.978143,0.122449,0.877551,11882 12007 12118 12231 12232 12238 12239 12240 12361 12362 12475 12476 12477 12484 12730
moead,513_e-05,19,7,2300,46,29466408.595306,4985.978143,0.142857,0.857143,11882 12007 12118 12231 12232 12238 12239 12240 12361 12362 12475 12476 12477 12484 12730
moead,513_e-05,19,8,2300,46,29464079.534286,4982.720826,0.163265,0.836735,11882 12007 12118 12232 12238 12239 12240 12361 12362 12475 12476 12477 12597 12599 12845
moead,513_e-05,19,9,2300,46,29464079.534286,4982.720826,0.183673,0.816327,11882 12007 12118 12232 12238 12239 12240 12361 12362 12475 12476 12477 12597 12599 12845
moead,513_e-05,19,10,2300,46,29464079.534286,4982.720826,0.204082,0.795918,11882 12007 12118 12232 12238 12239 12240 12361 12362 12475 12476 12477 12597 12599 12845
moead,513_e-05,19,11,2300,46,29462335.012060,4888.367412,0.224490,0.775510,11882 11890 12007 12118 12232 12238 12239 12240 12361 12475 12476 12477 12481 12597 12599
moead,513_e-05,19,12,2300,46,29462335.012060,4888.367412,0.244898,0.755102,11882 11890 12007 12118 12232 12238 12239 12240 12361 12475 12476 12477 12481 12597 12599
moead,513_e-05,19,13,2300,46,29462335.012060,4888.367412,0.265306,0.734694,11882 11890 12007 12118 12232 12238 12239 12240 12361 12475 12476 12477 12481 12597 12599
moead,513_e-05,19,14,2300,46,29461850.590820,4887.162223,0.285714,0.714286,11882 11890 12005 12118 12232 12238 12239 12240 12361 12362 12475 12476 12477 12597 12599
moead,513_e-05,19,15,2300,46,29459875.427381,4884.601386,0.306122,0.693878,11882 12118 12232 12233 12238 12239 12240 12360 12361 12362 12475 12476 12477 12597 12599
moead,513_e-05,19,16,2300,46,29459875.427381,4884.601386,0.326531,0.673469,11882 12118 12232 12233 12238 12239 12240 12360 12361 12362 12475 12476 12477 12597 12599
moead,513_e-05,19,17,2300,46,29459875.427381,4884.601386,0.346939,0.653061,11882 12118 12232 12233 12238 12239 12240 12360 12361 12362 12475 12476 12477 12597 12599
moead,513_e-05,19,18,2300,46,29459875.427381,4884.601386,0.367347,0.632653,11882 12118 12232 12233 12238 12239 12240 12360 12361 12362 12475 12476 12477 12597 12599
moead,513_e-05,19,19,2300,46,29459875.427381,4884.601386,0.387755,0.612245,11882 12118 12232 12233 12238 12239 12240 12360 12361 12362 12475 12476 12477 12597 12599
moead,513_e-05,19,20,2300,46,29459875.427381,4884.601386,0.408163,0.591837,11882 12118 12232 12233 12238 12239 12240 12360 12361 12362 12475 12476 12477 12597 12599
moead,513_e-05,19,21,2300,46,29459875.427381,4884.601386,0.428571,0.571429,11882 12118 12232 12233 12238 12239 12240 12360 12361 12362 12475 12476 12477 12597 12599
moead,513_e-05,19,22,2300,46,29459875.427381,4884.601386,0.448980,0.551020,11882 12118 12232 12233 12238 12239 12240 12360 12361 12362 12475 12476 12477 12597 12599
moead,513_e-05,19,23,2300,46,29459875.427381,4884.601386,0.469388,0.530612,11882 12118 12232 12233 12238 12239 12240 12360 12361 12362 12475 12476 12477 12597 12599
moead,513_e-05,19,24,2300,46,29459875.427381,4884.601386,0.489796,0.510204,11882 12118 12232 12233 12238 12239 12240 12360 12361 12362 12475 12476 12477 12597 12599
moead,513_e-05,19,25,2300,46,29458820.984643,4875.445443,0.510204,0.489796,11890 12000 12232 12233 12238 12239 12240 12241 12360 12361 12362 12475 12477 12597 12599
moead,513_e-05,19,26,2300,46,29458820.984643,4875.445443,0.530612,0.469388,11890 12000 12232 12233 12238 12239 12240 12241 12360 12361 12362 12475 12477 12597 12599
moead,513_e-05,19,27,2300,46,29458820.984643,4875.445443,0.551020,0.448980,11890 12000 12232 12233 12238 12239 12240 12241 12360 12361 12362 12475 12477 12597 12599
moead,513_e-05,19,28,2300,46,29458820.984643,4875.445443,0.571429,0.428571,11890 12000 12232 12233 12238 12239 12240 12241 12360 12361 12362 12475 12477 12597 12599
moead,513_e-05,19,29,2300,46,29458820.984643,4875.445443,0.591837,0.408163,11890 12000 12232 12233 12238 12239 12240 12241 12360 12361 12362 12475 12477 12597 12599
moead,513_e-05,19,30,2300,46,29458820.984643,4875.445443,0.612245,0.387755,11890 12000 12232 12233 12238 12239 12240 12241 12360 12361 12362 12475 12477 12597 12599
moead,513_e-05,19,31,2300,46,29458820.984643,4875.445443,0.632653,0.367347,11890 12000 12232 12233 12238 12239 12240 12241 12360 12361 12362 12475 12477 12597 12599
moead,513_e-05,19,32,2300,46,29458820.984643,4875.445443,0.653061,0.346939,11890 12000 12232 12233 12238 12239 12240 12241 12360 12361 12362 12475 12477 12597 12599
moead,513_e-05,19,33,2300,46,29458820.984643,4875.445443,0.673469,0.326531,11890 12000 12232 12233 12238 12239 12240 12241 12360 12361 12362 12475 12477 12597 12599
moead,513_e-05,19,34,2300,46,29458820.984643,4875.445443,0.693878,0.306122,11890 12000 12232 12233 12238 12239 12240 12241 12360 12361 12362 12475 12477 12597 12599
moead,513_e-05,19,35,2300,46,29458820.984643,4875.445443,0.714286,0.285714,11890 12000 12232 12233 12238 12239 12240 12241 12360 12361 12362 12475 12477 12597 12599
moead,513_e-05,19,36,2300,46,29458820.984643,4875.445443,0.734694,0.265306,11890 12000 12232 12233 12238 12239 12240 12241 12360 12361 12362 12475 12477 12597 12599
moead,513_e-05,19,37,2300,46,29458450.785966,4875.110433,0.755102,0.244898,11890 12000 12232 12233 12238 12239 12240 12360 12361 12362 12475 12476 12477 12597 12599
moead,513_e-05,19,38,2300,46,29458450.785966,4875.110433,0.775510,0.224490,11890 12000 12232 12233 12238 12239 12240 12360 12361 12362 12475 12476 12477 12597 12599
moead,513_e-05,19,39,2300,46,29458450.785966,4875.110433,0.795918,0.204082,11890 12000 12232 12233 12238 12239 12240 12360 12361 12362 12475 12476 12477 12597 12599
moead,513_e-05,19,40,2300,46,29458450.785966,4875.110433,0.816327,0.183673,11890 12000 12232 12233 12238 12239 12240 12360 12361 12362 12475 12476 12477 12597 12599
moead,513_e-05,19,41,2300,46,29458450.785966,4875.110433,0.836735,0.163265,11890 12000 12232 12233 12238 12239 12240 12360 12361 12362 12475 12476 12477 12597 12599
moead,513_e-05,19,42,2300,46,29458450.785966,4875.110433,0.857143,0.142857,11890 12000 12232 12233 12238 12239 12240 12360 12361 12362 12475 12476 12477 12597 12599
moead,513_e-05,19,43,2300,46,29458450.785966,4875.110433,0.877551,0.122449,11890 12000 12232 12233 12238 12239 12240 12360 12361 12362 12475 12476 12477 12597 12599
moead,513_e-05,19,44,2300,46,29458450.785966,4875.110433,0.897959,0.102041,11890 12000 12232 12233 12238 12239 12240 12360 12361 12362 12475 12476 12477 12597 12599
moead,513_e-05,19,45,2300,46,29458450.785966,4875.110433,0.918367,0.081633,11890 12000 12232 12233 12238 12239 12240 12360 12361 12362 12475 12476 12477 12597 12599
moead,513_e-05,19,46,2300,46,29458450.785966,4875.110433,0.938776,0.061224,11890 12000 12232 12233 12238 12239 12240 12360 12361 12362 12475 12476 12477 12597 12599
moead,513_e-05,19,47,2300,46,29458450.785966,4875.110433,0.959184,0.040816,11890 12000 12232 12233 12238 12239 12240 12360 12361 12362 12475 12476 12477 12597 12599
moead,513_e-05,19,48,2300,46,29458450.785966,4875.110433,0.979592,0.020408,11890 12000 12232 12233 12238 12239 12240 12360 12361 12362 12475 12476 12477 12597 12599
moead,513_e-05,19,49,2300,46,29458450.785966,4875.110433,1.000000,0.000000,11890 12000 12232 12233 12238 12239 12240 12360 12361 12362 12475 12476 12477 12597 12599
moead,513_e-05,19,0,2350,47,37802968.744689,6394.922775,0.000000,1.000000,657 25161 28590 30782 39154 40155 52470 80705 82835 110201 114053 120902 126256 135831 152951
moead,513_e-05,19,1,2350,47,29516588.502859,5195.793911,0.020408,0.979592,10683 11578 11765 11893 12113 12118 12231 12232 12240 12361 12362 12475 12476 12477 12730
moead,513_e-05,19,2,2350,47,29488471.686920,5105.746715,0.040816,0.959184,11565 11774 11882 11992 11994 12228 12231 12240 12361 12362 12475 12476 12477 12484 12730
moead,513_e-05,19,3,2350,47,29477452.349467,5092.005795,0.061224,0.938776,11682 11893 11980 12113 12118 12238 12239 12240 12361 12362 12475 12476 12477 12484 12730
moead,513_e-05,19,4,2350,47,29471190.940599,4997.013127,0.081633,0.918367,11882 12007 12118 12133 12232 12238 12239 12240 12361 12362 12475 12476 12477 12597 12599
moead,513_e-05,19,5,2350,47,29466299.987878,4985.978143,0.102041,0.897959,11882 12007 12118 12232 12238 12239 12240 12361 12362 12475 12476 12477 12597 12599 12730
moead,513_e-05,19,6,2350,47,29466299.987878,4985.978143,0.122449,0.877551,11882 12007 12118 12232 12238 12239 12240 12361 12362 12475 12476 12477 12597 12599 12730
moead,513_e-05,19,7,2350,47,29466299.987878,4985.978143,0.142857,0.857143,11882 12007 12118 12232 12238 12239 12240 12361 12362 12475 12476 12477 12597 12599 12730
moead,513_e-05,19,8,2350,47,29464079.534286,4982.720826,0.163265,0.836735,11882 12007 12118 12232 12238 12239 12240 12361 12362 12475 12476 12477 12597 12599 12845
moead,513_e-05,19,9,2350,47,29464079.534286,4982.720826,0.183673,0.816327,11882 12007 12118 12232 12238 12239 12240 12361 12362 12475 12476 12477 12597 12599 12845
moead,513_e-05,19,10,2350,47,29462335.012060,4888.367412,0.204082,0.795918,11882 11890 12007 12118 12232 12238 12239 12240 12361 12475 12476 12477 12481 12597 12599
moead,513_e-05,19,11,2350,47,29462335.012060,4888.367412,0.224490,0.775510,11882 11890 12007 12118 12232 12238 12239 12240 12361 12475 12476 12477 12481 12597 12599
moead,513_e-05,19,12,2350,47,29462335.012060,4888.367412,0.244898,0.755102,11882 11890 12007 12118 12232 12238 12239 12240 12361 12475 12476 12477 12481 12597 12599
moead,513_e-05,19,13,2350,47,29461850.590820,4887.162223,0.265306,0.734694,11882 11890 12005 12118 12232 12238 12239 12240 12361 12362 12475 12476 12477 12597 12599
moead,513_e-05,19,14,2350,47,29461850.590820,4887.162223,0.285714,0.714286,11882 11890 12005 12118 12232 12238 12239 12240 12361 12362 12475 12476 12477 12597 12599
moead,513_e-05,19,15,2350,47,29459875.427381,4884.601386,0.306122,0.693878,11882 12118 12232 12233 12238 12239 12240 12360 12361 12362 12475 12476 12477 12597 12599
moead,513_e-05,19,16,2350,47,29459875.427381,4884.601386,0.326531,0.673469,11882 12118 12232 12233 12238 12239 12240 12360 12361 12362 12475 12476 12477 12597 12599
moead,513_e-05,19,17,2350,47,29459875.427381,4884.601386,0.346939,0.653061,11882 12118 12232 12233 12238 12239 12240 12360 12361 12362 12475 12476 12477 12597 12599
moead,513_e-05,19,18,2350,47,29459875.427381,4884.601386,0.367347,0.632653,11882 12118 12232 12233 12238 12239 12240 12360 12361 12362 12475 12476 12477 12597 12599
moead,513_e-05,19,19,2350,47,29459875.427381,4884.601386,0.387755,0.612245,11882 12118 12232 12233 12238 12239 12240 12360 12361 12362 12475 12476 12477 12597 12599
moead,513_e-05,19,20,2350,47,29459875.427381,4884.601386,0.408163,0.591837,11882 12118 12232 12233 12238 12239 12240 12360 12361 12362 12475 12476 12477 12597 12599
moead,513_e-05,19,21,2350,47,29459875.427381,4884.601386,0.428571,0.571429,11882 12118 12232 12233 12238 12239 12240 12360 12361 12362 12475 12476 12477 12597 12599
moead,513_e-05,19,22,2350,47,29459875.427381,4884.601386,0.448980,0.551020,11882 12118 12232 12233 12238 12239 12240 12360 12361 12362 12475 12476 12477 12597 12599
moead,513_e-05,19,23,2350,47,29458820.984643,4875.445443,0.469388,0.530612,11890 12000 12232 12233 12238 12239 12240 12241 12360 12361 12362 12475 12477 12597 12599
moead,513_e-05,19,24,2350,47,29458820.984643,4875.445443,0.489796,0.510204,11890 12000 12232 12233 12238 12239 12240 12241 12360 12361 12362 12475 12477 12597 12599
moead,513_e-05,19,25,2350,47,29458820.984643,4875.445443,0.510204,0.489796,11890 12000 12232 12233 12238 12239 12240 12241 12360 12361 12362 12475 12477 12597 12599
moead,513_e-05,19,26,2350,47,29458820.984643,4875.445443,0.530612,0.469388,11890 12000 12232 12233 12238 12239 12240 12241 12360 12361 12362 12475 12477 12597 12599
moead,513_e-05,19,27,2350,47,29458820.984643,4875.445443,0.551020,0.448980,11890 12000 12232 12233 12238 12239 12240 12241 12360 12361 12362 12475 12477 12597 12599
moead,513_e-05,19,28,2350,47,29458820.984643,4875.445443,0.571429,0.428571,11890 12000 12232 12233 12238 12239 12240 12241 12360 12361 12362 12475 12477 12597 12599
moead,513_e-05,19,29,2350,47,29458820.984643,4875.445443,0.591837,0.408163,11890 12000 12232 12233 12238 12239 12240 12241 12360 12361 12362 12475 12477 12597 12599
moead,513_e-05,19,30,2350,47,29458820.984643,4875.445443,0.612245,0.387755,11890 12000 12232 12233 12238 12239 12240 12241 12360 12361 12362 12475 12477 12597 12599
moead,513_e-05,19,31,2350,47,29458820.984643,4875.445443,0.632653,0.367347,11890 12000 12232 12233 12238 12239 12240 12241 12360 12361 12362 12475 12477 12597 12599
moead,513_e-05,19,32,2350,47,29458820.984643,4875.445443,0.653061,0.346939,11890 12000 12232 12233 12238 12239 12240 12241 12360 12361 12362 12475 12477 12597 12599
moead,513_e-05,19,33,2350,47,29458820.984643,4875.445443,0.673469,0.326531,11890 12000 12232 12233 12238 12239 12240 12241 12360 12361 12362 12475 12477 12597 12599
moead,513_e-05,19,34,2350,47,29458450.785966,4875.110433,0.693878,0.306122,11890 12000 12232 12233 12238 12239 12240 12360 12361 12362 12475 12476 12477 12597 12599
moead,513_e-05,19,35,2350,47,29458450.785966,4875.110433,0.714286,0.285714,11890 12000 12232 12233 12238 12239 12240 12360 12361 12362 12475 12476 12477 12597 12599
moead,513_e-05,19,36,2350,47,29458450.785966,4875.110433,0.734694,0.265306,11890 12000 12232 12233 12238 12239 12240 12360 12361 12362 12475 12476 12477 12597 12599
moead,513_e-05,19,37,2350,47,29458450.785966,4875.110433,0.755102,0.244898,11890 12000 12232 12233 12238 12239 12240 12360 12361 12362 12475 12476 12477 12597 12599
moead,513_e-05,19,38,2350,47,29458450.785966,4875.110433,0.775510,0.224490,11890 12000 12232 12233 12238 12239 12240 12360 12361 12362 12475 12476 12477 12597 12599
moead,513_e-05,19,39,2350,47,29458450.785966,4875.110433,0.795918,0.204082,11890 12000 12232 12233 12238 12239 12240 12360 12361 12362 12475 12476 12477 12597 12599
moead,513_e-05,19,40,2350,47,29458450.785966,4875.110433,0.816327,0.183673,11890 12000 12232 12233 12238 12239 12240 12360 12361 12362 12475 12476 12477 12597 12599
moead,513_e-05,19,41,2350,47,29458125.058084,4874.238799,0.836735,0.163265,11890 12000 12119 12232 12233 12238 12239 12240 12360 12361 12362 12475 12476 12477 12597
moead,513_e-05,19,42,2350,47,29458125.058084,4874.238799,0.857143,0.142857,11890 12000 12119 12232 12233 12238 12239 12240 12360 12361 12362 12475 12476 12477 12597
moead,513_e-05,19,43,2350,47,29458125.058084,4874.238799,0.877551,0.122449,11890 12000 12119 12232 12233 12238 12239 12240 12360 12361 12362 12475 12476 12477 12597
moead,513_e-05,19,44,2350,47,29458125.058084,4874.238799,0.897959,0.102041,11890 12000 12119 12232 12233 12238 12239 12240 12360 12361 12362 12475 12476 12477 12597
moead,513_e-05,19,45,2350,47,29458125.058084,4874.238799,0.918367,0.081633,11890 12000 12119 12232 12233 12238 12239 12240 12360 12361 12362 12475 12476 12477 12597
moead,513_e-05,19,46,2350,47,29458125.058084,4874.238799,0.938776,0.061224,11890 12000 12119 12232 12233 12238 12239 12240 12360 12361 12362 12475 12476 12477 12597
moead,513_e-05,19,47,2350,47,29458125.058084,4874.238799,0.959184,0.040816,11890 12000 12119 12232 12233 12238 12239 12240 12360 12361 12362 12475 12476 12477 12597
moead,513_e-05,19,48,2350,47,29458125.058084,4874.238799,0.979592,0.020408,11890 12000 12119 12232 12233 12238 12239 12240 12360 12361 12362 12475 12476 12477 12597
moead,513_e-05,19,49,2350,47,29458125.058084,4874.238799,1.000000,0.000000,11890 12000 12119 12232 12233 12238 12239 12240 12360 12361 12362 12475 12476 12477 12597
moead,513_e-05,19,0,2400,48,37540573.189399,6394.922775,0.000000,1.000000,657 28590 39154 52469 101837 110201 120470 120902 126256 133756 139907 152951 175425 181600 185045
moead,513_e-05,19,1,2400,48,29516588.502859,5195.793911,0.020408,0.979592,10683 11578 11765 11893 12113 12118 12231 12232 12240 12361 12362 12475 12476 12477 12730
moead,513_e-05,19,2,2400,48,29488471.686920,5105.746715,0.040816,0.959184,11565 11774 11882 11992 11994 12228 12231 12240 12361 12362 12475 12476 12477 12484 12730
moead,513_e-05,19,3,2400,48,29477452.349467,5092.005795,0.061224,0.938776,11682 11893 11980 12113 12118 12238 12239 12240 12361 12362 12475 12476 12477 12484 12730
moead,513_e-05,19,4,2400,48,29471190.940599,4997.013127,0.081633,0.918367,11882 12007 12118 12133 12232 12238 12239 12240 12361 12362 12475 12476 12477 12597 12599
moead,513_e-05,19,5,2400,48,29466299.987878,4985.978143,0.102041,0.897959,11882 12007 12118 12232 12238 12239 12240 12361 12362 12475 12476 12477 12597 12599 12730
moead,513_e-05,19,6,2400,48,29466299.987878,4985.978143,0.122449,0.877551,11882 12007 12118 12232 12238 12239 12240 12361 12362 12475 12476 12477 12597 12599 12730
moead,513_e-05,19,7,2400,48,29466299.987878,4985.978143,0.142857,0.857143,11882 12007 12118 12232 12238 12239 12240 12361 12362 12475 12476 12477 12597 12599 12730
moead,513_e-05,19,8,2400,48,29464079.534286,4982.720826,0.163265,0.836735,11882 12007 12118 12232 12238 12239 12240 12361 12362 12475 12476 12477 12597 12599 12845
moead,513_e-05,19,9,2400,48,29464079.534286,4982.720826,0.183673,0.816327,11882 12007 12118 12232 12238 12239 12240 12361 12362 12475 12476 12477 12597 12599 12845
moead,513_e-05,19,10,2400,48,29462335.012060,4888.367412,0.204082,0.795918,11882 11890 12007 12118 12232 12238 12239 12240 12361 12475 12476 12477 12481 12597 12599
moead,513_e-05,19,11,2400,48,29462335.012060,4888.367412,0.224490,0.775510,11882 11890 12007 12118 12232 12238 12239 12240 12361 12475 12476 12477 12481 12597 12599
moead,513_e-05,19,12,2400,48,29462335.012060,4888.367412,0.244898,0.755102,11882 11890 12007 12118 12232 12238 12239 12240 12361 12475 12476 12477 12481 12597 12599
moead,513_e-05,19,13,2400,48,29461850.590820,4887.162223,0.265306,0.734694,11882 11890 12005 12118 12232 12238 12239 12240 12361 12362 12475 12476 12477 12597 12599
moead,513_e-05,19,14,2400,48,29461850.590820,4887.162223,0.285714,0.714286,11882 11890 12005 12118 12232 12238 12239 12240 12361 12362 12475 12476 12477 12597 12599
moead,513_e-05,19,15,2400,48,29459875.427381,4884.601386,0.306122,0.693878,11882 12118 12232 12233 12238 12239 12240 12360 12361 12362 12475 12476 12477 12597 12599
moead,513_e-05,19,16,2400,48,29459875.427381,4884.601386,0.326531,0.673469,11882 12118 12232 12233 12238 12239 12240 12360 12361 12362 12475 12476 12477 12597 12599
moead,513_e-05,19,17,2400,48,29459875.427381,4884.601386,0.346939,0.653061,11882 12118 12232 12233 12238 12239 12240 12360 12361 12362 12475 12476 12477 12597 12599
moead,513_e-05,19,18,2400,48,29459875.427381,4884.601386,0.367347,0.632653,11882 12118 12232 12233 12238 12239 12240 12360 12361 12362 12475 12476 12477 12597 12599
moead,513_e-05,19,19,2400,48,29459875.427381,4884.601386,0.387755,0.612245,11882 12118 12232 12233 12238 12239 12240 12360 12361 12362 12475 12476 12477 12597 12599
moead,513_e-05,19,20,2400,48,29459875.427381,4884.601386,0.408163,0.591837,11882 12118 12232 12233 12238 12239 12240 12360 12361 12362 12475 12476 12477 12597 12599
moead,513_e-05,19,21,2400,48,29459875.427381,4884.601386,0.428571,0.571429,11882 12118 12232 12233 12238 12239 12240 12360 12361 12362 12475 12476 12477 12597 12599
moead,513_e-05,19,22,2400,48,29459875.427381,4884.601386,0.448980,0.551020,11882 12118 12232 12233 12238 12239 12240 12360 12361 12362 12475 12476 12477 12597 12599
moead,513_e-05,19,23,2400,48,29458820.984643,4875.445443,0.469388,0.530612,11890 12000 12232 12233 12238 12239 12240 12241 12360 12361 12362 12475 12477 12597 12599
moead,513_e-05,19,24,2400,48,29458820.984643,4875.445443,0.489796,0.510204,11890 12000 12232 12233 12238 12239 12240 12241 12360 12361 12362 12475 12477 12597 12599
moead,513_e-05,19,25,2400,48,29458820.984643,4875.445443,0.510204,0.489796,11890 12000 12232 12233 12238 12239 12240 12241 12360 12361 12362 12475 12477 12597 12599
moead,513_e-05,19,26,2400,48,29458820.984643,4875.445443,0.530612,0.469388,11890 12000 12232 12233 12238 12239 12240 12241 12360 12361 12362 12475 12477 12597 12599
moead,513_e-05,19,27,2400,48,29458820.984643,4875.445443,0.551020,0.448980,11890 12000 12232 12233 12238 12239 12240 12241 12360 12361 12362 12475 12477 12597 12599
moead,513_e-05,19,28,2400,48,29458820.984643,4875.445443,0.571429,0.428571,11890 12000 12232 12233 12238 12239 12240 12241 12360 12361 12362 12475 12477 12597 12599
moead,513_e-05,19,29,2400,48,29458820.984643,4875.445443,0.591837,0.408163,11890 12000 12232 12233 12238 12239 12240 12241 12360 12361 12362 12475 12477 12597 12599
moead,513_e-05,19,30,2400,48,29458820.984643,4875.445443,0.612245,0.387755,11890 12000 12232 12233 12238 12239 12240 12241 12360 12361 12362 12475 12477 12597 12599
moead,513_e-05,19,31,2400,48,29458820.984643,4875.445443,0.632653,0.367347,11890 12000 12232 12233 12238 12239 12240 12241 12360 12361 12362 12475 12477 12597 12599
moead,513_e-05,19,32,2400,48,29458820.984643,4875.445443,0.653061,0.346939,11890 12000 12232 12233 12238 12239 12240 12241 12360 12361 12362 12475 12477 12597 12599
moead,513_e-05,19,33,2400,48,29458820.984643,4875.445443,0.673469,0.326531,11890 12000 12232 12233 12238 12239 12240 12241 12360 12361 12362 12475 12477 12597 12599
moead,513_e-05,19,34,2400,48,29458450.785966,4875.110433,0.693878,0.306122,11890 12000 12232 12233 12238 12239 12240 12360 12361 12362 12475 12476 12477 12597 12599
moead,513_e-05,19,35,2400,48,29458450.785966,4875.110433,0.714286,0.285714,11890 12000 12232 12233 12238 12239 12240 12360 12361 12362 12475 12476 12477 12597 12599
moead,513_e-05,19,36,2400,48,29458450.785966,4875.110433,0.734694,0.265306,11890 12000 12232 12233 12238 12239 12240 12360 12361 12362 12475 12476 12477 12597 12599
moead,513_e-05,19,37,2400,48,29458450.785966,4875.110433,0.755102,0.244898,11890 12000 12232 12233 12238 12239 12240 12360 12361 12362 12475 12476 12477 12597 12599
moead,513_e-05,19,38,2400,48,29458450.785966,4875.110433,0.775510,0.224490,11890 12000 12232 12233 12238 12239 12240 12360 12361 12362 12475 12476 12477 12597 12599
moead,513_e-05,19,39,2400,48,29458450.785966,4875.110433,0.795918,0.204082,11890 12000 12232 12233 12238 12239 12240 12360 12361 12362 12475 12476 12477 12597 12599
moead,513_e-05,19,40,2400,48,29458450.785966,4875.110433,0.816327,0.183673,11890 12000 12232 12233 12238 12239 12240 12360 12361 12362 12475 12476 12477 12597 12599
moead,513_e-05,19,41,2400,48,29458125.058084,4874.238799,0.836735,0.163265,11890 12000 12119 12232 12233 12238 12239 12240 12360 12361 12362 12475 12476 12477 12597
moead,513_e-05,19,42,2400,48,29458125.058084,4874.238799,0.857143,0.142857,11890 12000 12119 12232 12233 12238 12239 12240 12360 12361 12362 12475 12476 12477 12597
moead,513_e-05,19,43,2400,48,29458125.058084,4874.238799,0.877551,0.122449,11890 12000 12119 12232 12233 12238 12239 12240 12360 12361 12362 12475 12476 12477 12597
moead,513_e-05,19,44,2400,48,29458125.058084,4874.238799,0.897959,0.102041,11890 12000 12119 12232 12233 12238 12239 12240 12360 12361 12362 12475 12476 12477 12597
moead,513_e-05,19,45,2400,48,29458125.058084,4874.238799,0.918367,0.081633,11890 12000 12119 12232 12233 12238 12239 12240 12360 12361 12362 12475 12476 12477 12597
moead,513_e-05,19,46,2400,48,29458125.058084,4874.238799,0.938776,0.061224,11890 12000 12119 12232 12233 12238 12239 12240 12360 12361 12362 12475 12476 12477 12597
moead,513_e-05,19,47,2400,48,29458125.058084,4874.238799,0.959184,0.040816,11890 12000 12119 12232 12233 12238 12239 12240 12360 12361 12362 12475 12476 12477 12597
moead,513_e-05,19,48,2400,48,29458125.058084,4874.238799,0.979592,0.020408,11890 12000 12119 12232 12233 12238 12239 12240 12360 12361 12362 12475 12476 12477 12597
moead,513_e-05,19,49,2400,48,29458125.058084,4874.238799,1.000000,0.000000,11890 12000 12119 12232 12233 12238 12239 12240 12360 12361 12362 12475 12476 12477 12597
moead,513_e-05,19,0,2450,49,36977155.659943,6394.922775,0.000000,1.000000,657 7353 12730 28590 42826 49606 83971 110201 120470 133756 139907 148821 161131 175425 181600
moead,513_e-05,19,1,2450,49,29516588.502859,5195.793911,0.020408,0.979592,10683 11578 11765 11893 12113 12118 12231 12232 12240 12361 12362 12475 12476 12477 12730
moead,513_e-05,19,2,2450,49,29488471.686920,5105.746715,0.040816,0.959184,11565 11774 11882 11992 11994 12228 12231 12240 12361 12362 12475 12476 12477 12484 12730
moead,513_e-05,19,3,2450,49,29477452.349467,5092.005795,0.061224,0.938776,11682 11893 11980 12113 12118 12238 12239 12240 12361 12362 12475 12476 12477 12484 12730
moead,513_e-05,19,4,2450,49,29471190.940599,4997.013127,0.081633,0.918367,11882 12007 12118 12133 12232 12238 12239 12240 12361 12362 12475 12476 12477 12597 12599
moead,513_e-05,19,5,2450,49,29469706.138075,4988.856281,0.102041,0.897959,11882 12007 12118 12232 12238 12239 12240 12252 12361 12362 12475 12476 12477 12597 12599
moead,513_e-05,19,6,2450,49,29466299.987878,4985.978143,0.122449,0.877551,11882 12007 12118 12232 12238 12239 12240 12361 12362 12475 12476 12477 12597 12599 12730
moead,513_e-05,19,7,2450,49,29466299.987878,4985.978143,0.142857,0.857143,11882 12007 12118 12232 12238 12239 12240 12361 12362 12475 12476 12477 12597 12599 12730
moead,513_e-05,19,8,2450,49,29462037.128123,4982.720826,0.163265,0.836735,11882 12007 12118 12232 12238 12239 12240 12361 12362 12475 12476 12477 12481 12597 12599
moead,513_e-05,19,9,2450,49,29462037.128123,4982.720826,0.183673,0.816327,11882 12007 12118 12232 12238 12239 12240 12361 12362 12475 12476 12477 12481 12597 12599
moead,513_e-05,19,10,2450,49,29462037.128123,4982.720826,0.204082,0.795918,11882 12007 12118 12232 12238 12239 12240 12361 12362 12475 12476 12477 12481 12597 12599
moead,513_e-05,19,11,2450,49,29462037.128123,4982.720826,0.224490,0.775510,11882 12007 12118 12232 12238 12239 12240 12361 12362 12475 12476 12477 12481 12597 12599
moead,513_e-05,19,12,2450,49,29462037.128123,4982.720826,0.244898,0.755102,11882 12007 12118 12232 12238 12239 12240 12361 12362 12475 12476 12477 12481 12597 12599
moead,513_e-05,19,13,2450,49,29462037.128123,4982.720826,0.265306,0.734694,11882 12007 12118 12232 12238 12239 12240 12361 12362 12475 12476 12477 12481 12597 12599
moead,513_e-05,19,14,2450,49,29461850.590820,4887.162223,0.285714,0.714286,11882 11890 12005 12118 12232 12238 12239 12240 12361 12362 12475 12476 12477 12597 12599
moead,513_e-05,19,15,2450,49,29459875.427381,4884.601386,0.306122,0.693878,11882 12118 12232 12233 12238 12239 12240 12360 12361 12362 12475 12476 12477 12597 12599
moead,513_e-05,19,16,2450,49,29459875.427381,4884.601386,0.326531,0.673469,11882 12118 12232 12233 12238 12239 12240 12360 12361 12362 12475 12476 12477 12597 12599
moead,513_e-05,19,17,2450,49,29459875.427381,4884.601386,0.346939,0.653061,11882 12118 12232 12233 12238 12239 12240 12360 12361 12362 12475 12476 12477 12597 12599
moead,513_e-05,19,18,2450,49,29459875.427381,4884.601386,0.367347,0.632653,11882 12118 12232 12233 12238 12239 12240 12360 12361 12362 12475 12476 12477 12597 12599
moead,513_e-05,19,19,2450,49,29459875.427381,4884.601386,0.387755,0.612245,11882 12118 12232 12233 12238 12239 12240 12360 12361 12362 12475 12476 12477 12597 12599
moead,513_e-05,19,20,2450,49,29459875.427381,4884.601386,0.408163,0.591837,11882 12118 12232 12233 12238 12239 12240 12360 12361 12362 12475 12476 12477 12597 12599
moead,513_e-05,19,21,2450,49,29459875.427381,4884.601386,0.428571,0.571429,11882 12118 12232 12233 12238 12239 12240 12360 12361 12362 12475 12476 12477 12597 12599
moead,513_e-05,19,22,2450,49,29459875.427381,4884.601386,0.448980,0.551020,11882 12118 12232 12233 12238 12239 12240 12360 12361 12362 12475 12476 12477 12597 12599
moead,513_e-05,19,23,2450,49,29458820.984643,4875.445443,0.469388,0.530612,11890 12000 12232 12233 12238 12239 12240 12241 12360 12361 12362 12475 12477 12597 12599
moead,513_e-05,19,24,2450,49,29458820.984643,4875.445443,0.489796,0.510204,11890 12000 12232 12233 12238 12239 12240 12241 12360 12361 12362 12475 12477 12597 12599
moead,513_e-05,19,25,2450,49,29458820.984643,4875.445443,0.510204,0.489796,11890 12000 12232 12233 12238 12239 12240 12241 12360 12361 12362 12475 12477 12597 12599
moead,513_e-05,19,26,2450,49,29458820.984643,4875.445443,0.530612,0.469388,11890 12000 12232 12233 12238 12239 12240 12241 12360 12361 12362 12475 12477 12597 12599
moead,513_e-05,19,27,2450,49,29458820.984643,4875.445443,0.551020,0.448980,11890 12000 12232 12233 12238 12239 12240 12241 12360 12361 12362 12475 12477 12597 12599
moead,513_e-05,19,28,2450,49,29458820.984643,4875.445443,0.571429,0.428571,11890 12000 12232 12233 12238 12239 12240 12241 12360 12361 12362 12475 12477 12597 12599
moead,513_e-05,19,29,2450,49,29458820.984643,4875.445443,0.591837,0.408163,11890 12000 12232 12233 12238 12239 12240 12241 12360 12361 12362 12475 12477 12597 12599
moead,513_e-05,19,30,2450,49,29458820.984643,4875.445443,0.612245,0.387755,11890 12000 12232 12233 12238 12239 12240 12241 12360 12361 12362 12475 12477 12597 12599
moead,513_e-05,19,31,2450,49,29458820.984643,4875.445443,0.632653,0.367347,11890 12000 12232 12233 12238 12239 12240 12241 12360 12361 12362 12475 12477 12597 12599
moead,513_e-05,19,32,2450,49,29458820.984643,4875.445443,0.653061,0.346939,11890 12000 12232 12233 12238 12239 12240 12241 12360 12361 12362 12475 12477 12597 12599
moead,513_e-05,19,33,2450,49,29458820.984643,4875.445443,0.673469,0.326531,11890 12000 12232 12233 12238 12239 12240 12241 12360 12361 12362 12475 12477 12597 12599
moead,513_e-05,19,34,2450,49,29458450.785966,4875.110433,0.693878,0.306122,11890 12000 12232 12233 12238 12239 12240 12360 12361 12362 12475 12476 12477 12597 12599
moead,513_e-05,19,35,2450,49,29458450.785966,4875.110433,0.714286,0.285714,11890 12000 12232 12233 12238 12239 12240 12360 12361 12362 12475 12476 12477 12597 12599
moead,513_e-05,19,36,2450,49,29458450.785966,4875.110433,0.734694,0.265306,11890 12000 12232 12233 12238 12239 12240 12360 12361 12362 12475 12476 12477 12597 12599
moead,513_e-05,19,37,2450,49,29458450.785966,4875.110433,0.755102,0.244898,11890 12000 12232 12233 12238 12239 12240 12360 12361 12362 12475 12476 12477 12597 12599
moead,513_e-05,19,38,2450,49,29458450.785966,4875.110433,0.775510,0.224490,11890 12000 12232 12233 12238 12239 12240 12360 12361 12362 12475 12476 12477 12597 12599
moead,513_e-05,19,39,2450,49,29458450.785966,4875.110433,0.795918,0.204082,11890 12000 12232 12233 12238 12239 12240 12360 12361 12362 12475 12476 12477 12597 12599
moead,513_e-05,19,40,2450,49,29458450.785966,4875.110433,0.816327,0.183673,11890 12000 12232 12233 12238 12239 12240 12360 12361 12362 12475 12476 12477 12597 12599
moead,513_e-05,19,41,2450,49,29458125.058084,4874.238799,0.836735,0.163265,11890 12000 12119 12232 12233 12238 12239 12240 12360 12361 12362 12475 12476 12477 12597
moead,513_e-05,19,42,2450,49,29458125.058084,4874.238799,0.857143,0.142857,11890 12000 12119 12232 12233 12238 12239 12240 12360 12361 12362 12475 12476 12477 12597
moead,513_e-05,19,43,2450,49,29458125.058084,4874.238799,0.877551,0.122449,11890 12000 12119 12232 12233 12238 12239 12240 12360 12361 12362 12475 12476 12477 12597
moead,513_e-05,19,44,2450,49,29458125.058084,4874.238799,0.897959,0.102041,11890 12000 12119 12232 12233 12238 12239 12240 12360 12361 12362 12475 12476 12477 12597
moead,513_e-05,19,45,2450,49,29458125.058084,4874.238799,0.918367,0.081633,11890 12000 12119 12232 12233 12238 12239 12240 12360 12361 12362 12475 12476 12477 12597
moead,513_e-05,19,46,2450,49,29458125.058084,4874.238799,0.938776,0.061224,11890 12000 12119 12232 12233 12238 12239 12240 12360 12361 12362 12475 12476 12477 12597
moead,513_e-05,19,47,2450,49,29458125.058084,4874.238799,0.959184,0.040816,11890 12000 12119 12232 12233 12238 12239 12240 12360 12361 12362 12475 12476 12477 12597
moead,513_e-05,19,48,2450,49,29458125.058084,4874.238799,0.979592,0.020408,11890 12000 12119 12232 12233 12238 12239 12240 12360 12361 12362 12475 12476 12477 12597
moead,513_e-05,19,49,2450,49,29458125.058084,4874.238799,1.000000,0.000000,11890 12000 12119 12232 12233 12238 12239 12240 12360 12361 12362 12475 12476 12477 12597
moead,513_e-05,19,0,2500,50,38284325.747955,6394.922775,0.000000,1.000000,657 7353 28590 40845 48554 56663 83971 97786 110201 120470 133756 140317 148821 149464 161131
moead,513_e-05,19,1,2500,50,29516588.502859,5195.793911,0.020408,0.979592,10683 11578 11765 11893 12113 12118 12231 12232 12240 12361 12362 12475 12476 12477 12730
moead,513_e-05,19,2,2500,50,29488471.686920,5105.746715,0.040816,0.959184,11565 11774 11882 11992 11994 12228 12231 12240 12361 12362 12475 12476 12477 12484 12730
moead,513_e-05,19,3,2500,50,29477452.349467,5092.005795,0.061224,0.938776,11682 11893 11980 12113 12118 12238 12239 12240 12361 12362 12475 12476 12477 12484 12730
moead,513_e-05,19,4,2500,50,29471131.160016,4997.013127,0.081633,0.918367,11882 12007 12118 12133 12232 12238 12239 12240 12360 12361 12362 12475 12476 12597 12599
moead,513_e-05,19,5,2500,50,29469706.138075,4988.856281,0.102041,0.897959,11882 12007 12118 12232 12238 12239 12240 12252 12361 12362 12475 12476 12477 12597 12599
moead,513_e-05,19,6,2500,50,29466299.987878,4985.978143,0.122449,0.877551,11882 12007 12118 12232 12238 12239 12240 12361 12362 12475 12476 12477 12597 12599 12730
moead,513_e-05,19,7,2500,50,29466299.987878,4985.978143,0.142857,0.857143,11882 12007 12118 12232 12238 12239 12240 12361 12362 12475 12476 12477 12597 12599 12730
moead,513_e-05,19,8,2500,50,29462037.128123,4982.720826,0.163265,0.836735,11882 12007 12118 12232 12238 12239 12240 12361 12362 12475 12476 12477 12481 12597 12599
moead,513_e-05,19,9,2500,50,29462037.128123,4982.720826,0.183673,0.816327,11882 12007 12118 12232 12238 12239 12240 12361 12362 12475 12476 12477 12481 12597 12599
moead,513_e-05,19,10,2500,50,29462037.128123,4982.720826,0.204082,0.795918,11882 12007 12118 12232 12238 12239 12240 12361 12362 12475 12476 12477 12481 12597 12599
moead,513_e-05,19,11,2500,50,29462037.128123,4982.720826,0.224490,0.775510,11882 12007 12118 12232 12238 12239 12240 12361 12362 12475 12476 12477 12481 12597 12599
moead,513_e-05,19,12,2500,50,29462037.128123,4982.720826,0.244898,0.755102,11882 12007 12118 12232 12238 12239 12240 12361 12362 12475 12476 12477 12481 12597 12599
moead,513_e-05,19,13,2500,50,29462037.128123,4982.720826,0.265306,0.734694,11882 12007 12118 12232 12238 12239 12240 12361 12362 12475 12476 12477 12481 12597 12599
moead,513_e-05,19,14,2500,50,29461850.590820,4887.162223,0.285714,0.714286,11882 11890 12005 12118 12232 12238 12239 12240 12361 12362 12475 12476 12477 12597 12599
moead,513_e-05,19,15,2500,50,29459875.427381,4884.601386,0.306122,0.693878,11882 12118 12232 12233 12238 12239 12240 12360 12361 12362 12475 12476 12477 12597 12599
moead,513_e-05,19,16,2500,50,29459875.427381,4884.601386,0.326531,0.673469,11882 12118 12232 12233 12238 12239 12240 12360 12361 12362 12475 12476 12477 12597 12599
moead,513_e-05,19,17,2500,50,29459875.427381,4884.601386,0.346939,0.653061,11882 12118 12232 12233 12238 12239 12240 12360 12361 12362 12475 12476 12477 12597 12599
moead,513_e-05,19,18,2500,50,29459875.427381,4884.601386,0.367347,0.632653,11882 12118 12232 12233 12238 12239 12240 12360 12361 12362 12475 12476 12477 12597 12599
moead,513_e-05,19,19,2500,50,29459875.427381,4884.601386,0.387755,0.612245,11882 12118 12232 12233 12238 12239 12240 12360 12361 12362 12475 12476 12477 12597 12599
moead,513_e-05,19,20,2500,50,29459875.427381,4884.601386,0.408163,0.591837,11882 12118 12232 12233 12238 12239 12240 12360 12361 12362 12475 12476 12477 12597 12599
moead,513_e-05,19,21,2500,50,29459875.427381,4884.601386,0.428571,0.571429,11882 12118 12232 12233 12238 12239 12240 12360 12361 12362 12475 12476 12477 12597 12599
moead,513_e-05,19,22,2500,50,29459875.427381,4884.601386,0.448980,0.551020,11882 12118 12232 12233 12238 12239 12240 12360 12361 12362 12475 12476 12477 12597 12599
moead,513_e-05,19,23,2500,50,29458820.984643,4875.445443,0.469388,0.530612,11890 12000 12232 12233 12238 12239 12240 12241 12360 12361 12362 12475 12477 12597 12599
moead,513_e-05,19,24,2500,50,29458820.984643,4875.445443,0.489796,0.510204,11890 12000 12232 12233 12238 12239 12240 12241 12360 12361 12362 12475 12477 12597 12599
moead,513_e-05,19,25,2500,50,29458820.984643,4875.445443,0.510204,0.489796,11890 12000 12232 12233 12238 12239 12240 12241 12360 12361 12362 12475 12477 12597 12599
moead,513_e-05,19,26,2500,50,29458820.984643,4875.445443,0.530612,0.469388,11890 12000 12232 12233 12238 12239 12240 12241 12360 12361 12362 12475 12477 12597 12599
moead,513_e-05,19,27,2500,50,29458820.984643,4875.445443,0.551020,0.448980,11890 12000 12232 12233 12238 12239 12240 12241 12360 12361 12362 12475 12477 12597 12599
moead,513_e-05,19,28,2500,50,29458820.984643,4875.445443,0.571429,0.428571,11890 12000 12232 12233 12238 12239 12240 12241 12360 12361 12362 12475 12477 12597 12599
moead,513_e-05,19,29,2500,50,29458820.984643,4875.445443,0.591837,0.408163,11890 12000 12232 12233 12238 12239 12240 12241 12360 12361 12362 12475 12477 12597 12599
moead,513_e-05,19,30,2500,50,29458820.984643,4875.445443,0.612245,0.387755,11890 12000 12232 12233 12238 12239 12240 12241 12360 12361 12362 12475 12477 12597 12599
moead,513_e-05,19,31,2500,50,29458820.984643,4875.445443,0.632653,0.367347,11890 12000 12232 12233 12238 12239 12240 12241 12360 12361 12362 12475 12477 12597 12599
moead,513_e-05,19,32,2500,50,29458820.984643,4875.445443,0.653061,0.346939,11890 12000 12232 12233 12238 12239 12240 12241 12360 12361 12362 12475 12477 12597 12599
moead,513_e-05,19,33,2500,50,29458820.984643,4875.445443,0.673469,0.326531,11890 12000 12232 12233 12238 12239 12240 12241 12360 12361 12362 12475 12477 12597 12599
moead,513_e-05,19,34,2500,50,29458450.785966,4875.110433,0.693878,0.306122,11890 12000 12232 12233 12238 12239 12240 12360 12361 12362 12475 12476 12477 12597 12599
moead,513_e-05,19,35,2500,50,29458450.785966,4875.110433,0.714286,0.285714,11890 12000 12232 12233 12238 12239 12240 12360 12361 12362 12475 12476 12477 12597 12599
moead,513_e-05,19,36,2500,50,29458450.785966,4875.110433,0.734694,0.265306,11890 12000 12232 12233 12238 12239 12240 12360 12361 12362 12475 12476 12477 12597 12599
moead,513_e-05,19,37,2500,50,29458450.785966,4875.110433,0.755102,0.244898,11890 12000 12232 12233 12238 12239 12240 12360 12361 12362 12475 12476 12477 12597 12599
moead,513_e-05,19,38,2500,50,29458450.785966,4875.110433,0.775510,0.224490,11890 12000 12232 12233 12238 12239 12240 12360 12361 12362 12475 12476 12477 12597 12599
moead,513_e-05,19,39,2500,50,29458450.785966,4875.110433,0.795918,0.204082,11890 12000 12232 12233 12238 12239 12240 12360 12361 12362 12475 12476 12477 12597 12599
moead,513_e-05,19,40,2500,50,29458450.785966,4875.110433,0.816327,0.183673,11890 12000 12232 12233 12238 12239 12240 12360 12361 12362 12475 12476 12477 12597 12599
moead,513_e-05,19,41,2500,50,29458125.058084,4874.238799,0.836735,0.163265,11890 12000 12119 12232 12233 12238 12239 12240 12360 12361 12362 12475 12476 12477 12597
moead,513_e-05,19,42,2500,50,29458125.058084,4874.238799,0.857143,0.142857,11890 12000 12119 12232 12233 12238 12239 12240 12360 12361 12362 12475 12476 12477 12597
moead,513_e-05,19,43,2500,50,29458125.058084,4874.238799,0.877551,0.122449,11890 12000 12119 12232 12233 12238 12239 12240 12360 12361 12362 12475 12476 12477 12597
moead,513_e-05,19,44,2500,50,29458125.058084,4874.238799,0.897959,0.102041,11890 12000 12119 12232 12233 12238 12239 12240 12360 12361 12362 12475 12476 12477 12597
moead,513_e-05,19,45,2500,50,29458125.058084,4874.238799,0.918367,0.081633,11890 12000 12119 12232 12233 12238 12239 12240 12360 12361 12362 12475 12476 12477 12597
moead,513_e-05,19,46,2500,50,29458125.058084,4874.238799,0.938776,0.061224,11890 12000 12119 12232 12233 12238 12239 12240 12360 12361 12362 12475 12476 12477 12597
moead,513_e-05,19,47,2500,50,29458125.058084,4874.238799,0.959184,0.040816,11890 12000 12119 12232 12233 12238 12239 12240 12360 12361 12362 12475 12476 12477 12597
moead,513_e-05,19,48,2500,50,29458125.058084,4874.238799,0.979592,0.020408,11890 12000 12119 12232 12233 12238 12239 12240 12360 12361 12362 12475 12476 12477 12597
moead,513_e-05,19,49,2500,50,29458125.058084,4874.238799,1.000000,0.000000,11890 12000 12119 12232 12233 12238 12239 12240 12360 12361 12362 12475 12476 12477 12597
moead,513_e-05,19,0,2550,51,37794253.408716,6394.922775,0.000000,1.000000,657 5014 5815 7353 48554 56663 97786 99591 105470 110201 118928 120973 130155 133756 140317
moead,513_e-05,19,1,2550,51,29516588.502859,5195.793911,0.020408,0.979592,10683 11578 11765 11893 12113 12118 12231 12232 12240 12361 12362 12475 12476 12477 12730
moead,513_e-05,19,2,2550,51,29488471.686920,5105.746715,0.040816,0.959184,11565 11774 11882 11992 11994 12228 12231 12240 12361 12362 12475 12476 12477 12484 12730
moead,513_e-05,19,3,2550,51,29477452.349467,5092.005795,0.061224,0.938776,11682 11893 11980 12113 12118 12238 12239 12240 12361 12362 12475 12476 12477 12484 12730
moead,513_e-05,19,4,2550,51,29471131.160016,4997.013127,0.081633,0.918367,11882 12007 12118 12133 12232 12238 12239 12240 12360 12361 12362 12475 12476 12597 12599
moead,513_e-05,19,5,2550,51,29469706.138075,4988.856281,0.102041,0.897959,11882 12007 12118 12232 12238 12239 12240 12252 12361 12362 12475 12476 12477 12597 12599
moead,513_e-05,19,6,2550,51,29466299.987878,4985.978143,0.122449,0.877551,11882 12007 12118 12232 12238 12239 12240 12361 12362 12475 12476 12477 12597 12599 12730
moead,513_e-05,19,7,2550,51,29466299.987878,4985.978143,0.142857,0.857143,11882 12007 12118 12232 12238 12239 12240 12361 12362 12475 12476 12477 12597 12599 12730
moead,513_e-05,19,8,2550,51,29462037.128123,4982.720826,0.163265,0.836735,11882 12007 12118 12232 12238 12239 12240 12361 12362 12475 12476 12477 12481 12597 12599
moead,513_e-05,19,9,2550,51,29462037.128123,4982.720826,0.183673,0.816327,11882 12007 12118 12232 12238 12239 12240 12361 12362 12475 12476 12477 12481 12597 12599
moead,513_e-05,19,10,2550,51,29462037.128123,4982.720826,0.204082,0.795918,11882 12007 12118 12232 12238 12239 12240 12361 12362 12475 12476 12477 12481 12597 12599
moead,513_e-05,19,11,2550,51,29462037.128123,4982.720826,0.224490,0.775510,11882 12007 12118 12232 12238 12239 12240 12361 12362 12475 12476 12477 12481 12597 12599
moead,513_e-05,19,12,2550,51,29462037.128123,4982.720826,0.244898,0.755102,11882 12007 12118 12232 12238 12239 12240 12361 12362 12475 12476 12477 12481 12597 12599
moead,513_e-05,19,13,2550,51,29462037.128123,4982.720826,0.265306,0.734694,11882 12007 12118 12232 12238 12239 12240 12361 12362 12475 12476 12477 12481 12597 12599
moead,513_e-05,19,14,2550,51,29461850.590820,4887.162223,0.285714,0.714286,11882 11890 12005 12118 12232 12238 12239 12240 12361 12362 12475 12476 12477 12597 12599
moead,513_e-05,19,15,2550,51,29459875.427381,4884.601386,0.306122,0.693878,11882 12118 12232 12233 12238 12239 12240 12360 12361 12362 12475 12476 12477 12597 12599
moead,513_e-05,19,16,2550,51,29459875.427381,4884.601386,0.326531,0.673469,11882 12118 12232 12233 12238 12239 12240 12360 12361 12362 12475 12476 12477 12597 12599
moead,513_e-05,19,17,2550,51,29459875.427381,4884.601386,0.346939,0.653061,11882 12118 12232 12233 12238 12239 12240 12360 12361 12362 12475 12476 12477 12597 12599
moead,513_e-05,19,18,2550,51,29459875.427381,4884.601386,0.367347,0.632653,11882 12118 12232 12233 12238 12239 12240 12360 12361 12362 12475 12476 12477 12597 12599
moead,513_e-05,19,19,2550,51,29459875.427381,4884.601386,0.387755,0.612245,11882 12118 12232 12233 12238 12239 12240 12360 12361 12362 12475 12476 12477 12597 12599
moead,513_e-05,19,20,2550,51,29459875.427381,4884.601386,0.408163,0.591837,11882 12118 12232 12233 12238 12239 12240 12360 12361 12362 12475 12476 12477 12597 12599
moead,513_e-05,19,21,2550,51,29459875.427381,4884.601386,0.428571,0.571429,11882 12118 12232 12233 12238 12239 12240 12360 12361 12362 12475 12476 12477 12597 12599
moead,513_e-05,19,22,2550,51,29459875.427381,4884.601386,0.448980,0.551020,11882 12118 12232 12233 12238 12239 12240 12360 12361 12362 12475 12476 12477 12597 12599
moead,513_e-05,19,23,2550,51,29458820.984643,4875.445443,0.469388,0.530612,11890 12000 12232 12233 12238 12239 12240 12241 12360 12361 12362 12475 12477 12597 12599
moead,513_e-05,19,24,2550,51,29458820.984643,4875.445443,0.489796,0.510204,11890 12000 12232 12233 12238 12239 12240 12241 12360 12361 12362 12475 12477 12597 12599
moead,513_e-05,19,25,2550,51,29458820.984643,4875.445443,0.510204,0.489796,11890 12000 12232 12233 12238 12239 12240 12241 12360 12361 12362 12475 12477 12597 12599
moead,513_e-05,19,26,2550,51,29458820.984643,4875.445443,0.530612,0.469388,11890 12000 12232 12233 12238 12239 12240 12241 12360 12361 12362 12475 12477 12597 12599
moead,513_e-05,19,27,2550,51,29458820.984643,4875.445443,0.551020,0.448980,11890 12000 12232 12233 12238 12239 12240 12241 12360 12361 12362 12475 12477 12597 12599
moead,513_e-05,19,28,2550,51,29458820.984643,4875.445443,0.571429,0.428571,11890 12000 12232 12233 12238 12239 12240 12241 12360 12361 12362 12475 12477 12597 12599
moead,513_e-05,19,29,2550,51,29458820.984643,4875.445443,0.591837,0.408163,11890 12000 12232 12233 12238 12239 12240 12241 12360 12361 12362 12475 12477 12597 12599
moead,513_e-05,19,30,2550,51,29458820.984643,4875.445443,0.612245,0.387755,11890 12000 12232 12233 12238 12239 12240 12241 12360 12361 12362 12475 12477 12597 12599
moead,513_e-05,19,31,2550,51,29458820.984643,4875.445443,0.632653,0.367347,11890 12000 12232 12233 12238 12239 12240 12241 12360 12361 12362 12475 12477 12597 12599
moead,513_e-05,19,32,2550,51,29458820.984643,4875.445443,0.653061,0.346939,11890 12000 12232 12233 12238 12239 12240 12241 12360 12361 12362 12475 12477 12597 12599
moead,513_e-05,19,33,2550,51,29458820.984643,4875.445443,0.673469,0.326531,11890 12000 12232 12233 12238 12239 12240 12241 12360 12361 12362 12475 12477 12597 12599
moead,513_e-05,19,34,2550,51,29458450.785966,4875.110433,0.693878,0.306122,11890 12000 12232 12233 12238 12239 12240 12360 12361 12362 12475 12476 12477 12597 12599
moead,513_e-05,19,35,2550,51,29458450.785966,4875.110433,0.714286,0.285714,11890 12000 12232 12233 12238 12239 12240 12360 12361 12362 12475 12476 12477 12597 12599
moead,513_e-05,19,36,2550,51,29458450.785966,4875.110433,0.734694,0.265306,11890 12000 12232 12233 12238 12239 12240 12360 12361 12362 12475 12476 12477 12597 12599
moead,513_e-05,19,37,2550,51,29458450.785966,4875.110433,0.755102,0.244898,11890 12000 12232 12233 12238 12239 12240 12360 12361 12362 12475 12476 12477 12597 12599
moead,513_e-05,19,38,2550,51,29458450.785966,4875.110433,0.775510,0.224490,11890 12000 12232 12233 12238 12239 12240 12360 12361 12362 12475 12476 12477 12597 12599
moead,513_e-05,19,39,2550,51,29458450.785966,4875.110433,0.795918,0.204082,11890 12000 12232 12233 12238 12239 12240 12360 12361 12362 12475 12476 12477 12597 12599
moead,513_e-05,19,40,2550,51,29458450.785966,4875.110433,0.816327,0.183673,11890 12000 12232 12233 12238 12239 12240 12360 12361 12362 12475 12476 12477 12597 12599
moead,513_e-05,19,41,2550,51,29458125.058084,4874.238799,0.836735,0.163265,11890 12000 12119 12232 12233 12238 12239 12240 12360 12361 12362 12475 12476 12477 12597
moead,513_e-05,19,42,2550,51,29458125.058084,4874.238799,0.857143,0.142857,11890 12000 12119 12232 12233 12238 12239 12240 12360 12361 12362 12475 12476 12477 12597
moead,513_e-05,19,43,2550,51,29458125.058084,4874.238799,0.877551,0.122449,11890 12000 12119 12232 12233 12238 12239 12240 12360 12361 12362 12475 12476 12477 12597
moead,513_e-05,19,44,2550,51,29458125.058084,4874.238799,0.897959,0.102041,11890 12000 12119 12232 12233 12238 12239 12240 12360 12361 12362 12475 12476 12477 12597
moead,513_e-05,19,45,2550,51,29458125.058084,4874.238799,0.918367,0.081633,11890 12000 12119 12232 12233 12238 12239 12240 12360 12361 12362 12475 12476 12477 12597
moead,513_e-05,19,46,2550,51,29458125.058084,4874.238799,0.938776,0.061224,11890 12000 12119 12232 12233 12238 12239 12240 12360 12361 12362 12475 12476 12477 12597
moead,513_e-05,19,47,2550,51,29458125.058084,4874.238799,0.959184,0.040816,11890 12000 12119 12232 12233 12238 12239 12240 12360 12361 12362 12475 12476 12477 12597
moead,513_e-05,19,48,2550,51,29458125.058084,4874.238799,0.979592,0.020408,11890 12000 12119 12232 12233 12238 12239 12240 12360 12361 12362 12475 12476 12477 12597
moead,513_e-05,19,49,2550,51,29458125.058084,4874.238799,1.000000,0.000000,11890 12000 12119 12232 12233 12238 12239 12240 12360 12361 12362 12475 12476 12477 12597
moead,513_e-05,19,0,2600,52,37766481.650793,6394.922775,0.000000,1.000000,5815 7353 26946 48459 97786 105351 110201 118928 120973 130155 133756 140317 148665 162112 182281
moead,513_e-05,19,1,2600,52,29505328.772410,5201.465939,0.020408,0.979592,11682 11752 11893 11980 12113 12118 12238 12239 12240 12362 12475 12476 12477 12484 12730
moead,513_e-05,19,2,2600,52,29488471.686920,5105.746715,0.040816,0.959184,11565 11774 11882 11992 11994 12228 12231 12240 12361 12362 12475 12476 12477 12484 12730
moead,513_e-05,19,3,2600,52,29477452.349467,5092.005795,0.061224,0.938776,11682 11893 11980 12113 12118 12238 12239 12240 12361 12362 12475 12476 12477 12484 12730
moead,513_e-05,19,4,2600,52,29471131.160016,4997.013127,0.081633,0.918367,11882 12007 12118 12133 12232 12238 12239 12240 12360 12361 12362 12475 12476 12597 12599
moead,513_e-05,19,5,2600,52,29469706.138075,4988.856281,0.102041,0.897959,11882 12007 12118 12232 12238 12239 12240 12252 12361 12362 12475 12476 12477 12597 12599
moead,513_e-05,19,6,2600,52,29466926.137969,4986.164482,0.122449,0.877551,11796 11882 12118 12232 12238 12239 12240 12361 12362 12475 12476 12477 12481 12597 12599
moead,513_e-05,19,7,2600,52,29466299.987878,4985.978143,0.142857,0.857143,11882 12007 12118 12232 12238 12239 12240 12361 12362 12475 12476 12477 12597 12599 12730
moead,513_e-05,19,8,2600,52,29462037.128123,4982.720826,0.163265,0.836735,11882 12007 12118 12232 12238 12239 12240 12361 12362 12475 12476 12477 12481 12597 12599
moead,513_e-05,19,9,2600,52,29462037.128123,4982.720826,0.183673,0.816327,11882 12007 12118 12232 12238 12239 12240 12361 12362 12475 12476 12477 12481 12597 12599
moead,513_e-05,19,10,2600,52,29462037.128123,4982.720826,0.204082,0.795918,11882 12007 12118 12232 12238 12239 12240 12361 12362 12475 12476 12477 12481 12597 12599
moead,513_e-05,19,11,2600,52,29462037.128123,4982.720826,0.224490,0.775510,11882 12007 12118 12232 12238 12239 12240 12361 12362 12475 12476 12477 12481 12597 12599
moead,513_e-05,19,12,2600,52,29462037.128123,4982.720826,0.244898,0.755102,11882 12007 12118 12232 12238 12239 12240 12361 12362 12475 12476 12477 12481 12597 12599
moead,513_e-05,19,13,2600,52,29462037.128123,4982.720826,0.265306,0.734694,11882 12007 12118 12232 12238 12239 12240 12361 12362 12475 12476 12477 12481 12597 12599
moead,513_e-05,19,14,2600,52,29461850.590820,4887.162223,0.285714,0.714286,11882 11890 12005 12118 12232 12238 12239 12240 12361 12362 12475 12476 12477 12597 12599
moead,513_e-05,19,15,2600,52,29459875.427381,4884.601386,0.306122,0.693878,11882 12118 12232 12233 12238 12239 12240 12360 12361 12362 12475 12476 12477 12597 12599
moead,513_e-05,19,16,2600,52,29459875.427381,4884.601386,0.326531,0.673469,11882 12118 12232 12233 12238 12239 12240 12360 12361 12362 12475 12476 12477 12597 12599
moead,513_e-05,19,17,2600,52,29459875.427381,4884.601386,0.346939,0.653061,11882 12118 12232 12233 12238 12239 12240 12360 12361 12362 12475 12476 12477 12597 12599
moead,513_e-05,19,18,2600,52,29459875.427381,4884.601386,0.367347,0.632653,11882 12118 12232 12233 12238 12239 12240 12360 12361 12362 12475 12476 12477 12597 12599
moead,513_e-05,19,19,2600,52,29459875.427381,4884.601386,0.387755,0.612245,11882 12118 12232 12233 12238 12239 12240 12360 12361 12362 12475 12476 12477 12597 12599
moead,513_e-05,19,20,2600,52,29459875.427381,4884.601386,0.408163,0.591837,11882 12118 12232 12233 12238 12239 12240 12360 12361 12362 12475 12476 12477 12597 12599
moead,513_e-05,19,21,2600,52,29459875.427381,4884.601386,0.428571,0.571429,11882 12118 12232 12233 12238 12239 12240 12360 12361 12362 12475 12476 12477 12597 12599
moead,513_e-05,19,22,2600,52,29459875.427381,4884.601386,0.448980,0.551020,11882 12118 12232 12233 12238 12239 12240 12360 12361 12362 12475 12476 12477 12597 12599
moead,513_e-05,19,23,2600,52,29458820.984643,4875.445443,0.469388,0.530612,11890 12000 12232 12233 12238 12239 12240 12241 12360 12361 12362 12475 12477 12597 12599
moead,513_e-05,19,24,2600,52,29458820.984643,4875.445443,0.489796,0.510204,11890 12000 12232 12233 12238 12239 12240 12241 12360 12361 12362 12475 12477 12597 12599
moead,513_e-05,19,25,2600,52,29458820.984643,4875.445443,0.510204,0.489796,11890 12000 12232 12233 12238 12239 12240 12241 12360 12361 12362 12475 12477 12597 12599
moead,513_e-05,19,26,2600,52,29458820.984643,4875.445443,0.530612,0.469388,11890 12000 12232 12233 12238 12239 12240 12241 12360 12361 12362 12475 12477 12597 12599
moead,513_e-05,19,27,2600,52,29458820.984643,4875.445443,0.551020,0.448980,11890 12000 12232 12233 12238 12239 12240 12241 12360 12361 12362 12475 12477 12597 12599
moead,513_e-05,19,28,2600,52,29458820.984643,4875.445443,0.571429,0.428571,11890 12000 12232 12233 12238 12239 12240 12241 12360 12361 12362 12475 12477 12597 12599
moead,513_e-05,19,29,2600,52,29458820.984643,4875.445443,0.591837,0.408163,11890 12000 12232 12233 12238 12239 12240 12241 12360 12361 12362 12475 12477 12597 12599
moead,513_e-05,19,30,2600,52,29458820.984643,4875.445443,0.612245,0.387755,11890 12000 12232 12233 12238 12239 12240 12241 12360 12361 12362 12475 12477 12597 12599
moead,513_e-05,19,31,2600,52,29458820.984643,4875.445443,0.632653,0.367347,11890 12000 12232 12233 12238 12239 12240 12241 12360 12361 12362 12475 12477 12597 12599
moead,513_e-05,19,32,2600,52,29458820.984643,4875.445443,0.653061,0.346939,11890 12000 12232 12233 12238 12239 12240 12241 12360 12361 12362 12475 12477 12597 12599
moead,513_e-05,19,33,2600,52,29458820.984643,4875.445443,0.673469,0.326531,11890 12000 12232 12233 12238 12239 12240 12241 12360 12361 12362 12475 12477 12597 12599
moead,513_e-05,19,34,2600,52,29458450.785966,4875.110433,0.693878,0.306122,11890 12000 12232 12233 12238 12239 12240 12360 12361 12362 12475 12476 12477 12597 12599
moead,513_e-05,19,35,2600,52,29458450.785966,4875.110433,0.714286,0.285714,11890 12000 12232 12233 12238 12239 12240 12360 12361 12362 12475 12476 12477 12597 12599
moead,513_e-05,19,36,2600,52,29458450.785966,4875.110433,0.734694,0.265306,11890 12000 12232 12233 12238 12239 12240 12360 12361 12362 12475 12476 12477 12597 12599
moead,513_e-05,19,37,2600,52,29458450.785966,4875.110433,0.755102,0.244898,11890 12000 12232 12233 12238 12239 12240 12360 12361 12362 12475 12476 12477 12597 12599
moead,513_e-05,19,38,2600,52,29458450.785966,4875.110433,0.775510,0.224490,11890 12000 12232 12233 12238 12239 12240 12360 12361 12362 12475 12476 12477 12597 12599
moead,513_e-05,19,39,2600,52,29458450.785966,4875.110433,0.795918,0.204082,11890 12000 12232 12233 12238 12239 12240 12360 12361 12362 12475 12476 12477 12597 12599
moead,513_e-05,19,40,2600,52,29458450.785966,4875.110433,0.816327,0.183673,11890 12000 12232 12233 12238 12239 12240 12360 12361 12362 12475 12476 12477 12597 12599
moead,513_e-05,19,41,2600,52,29458125.058084,4874.238799,0.836735,0.163265,11890 12000 12119 12232 12233 12238 12239 12240 12360 12361 12362 12475 12476 12477 12597
moead,513_e-05,19,42,2600,52,29458125.058084,4874.238799,0.857143,0.142857,11890 12000 12119 12232 12233 12238 12239 12240 12360 12361 12362 12475 12476 12477 12597
moead,513_e-05,19,43,2600,52,29458125.058084,4874.238799,0.877551,0.122449,11890 12000 12119 12232 12233 12238 12239 12240 12360 12361 12362 12475 12476 12477 12597
moead,513_e-05,19,44,2600,52,29458125.058084,4874.238799,0.897959,0.102041,11890 12000 12119 12232 12233 12238 12239 12240 12360 12361 12362 12475 12476 12477 12597
moead,513_e-05,19,45,2600,52,29458125.058084,4874.238799,0.918367,0.081633,11890 12000 12119 12232 12233 12238 12239 12240 12360 12361 12362 12475 12476 12477 12597
moead,513_e-05,19,46,2600,52,29458125.058084,4874.238799,0.938776,0.061224,11890 12000 12119 12232 12233 12238 12239 12240 12360 12361 12362 12475 12476 12477 12597
moead,513_e-05,19,47,2600,52,29458125.058084,4874.238799,0.959184,0.040816,11890 12000 12119 12232 12233 12238 12239 12240 12360 12361 12362 12475 12476 12477 12597
moead,513_e-05,19,48,2600,52,29458125.058084,4874.238799,0.979592,0.020408,11890 12000 12119 12232 12233 12238 12239 12240 12360 12361 12362 12475 12476 12477 12597
moead,513_e-05,19,49,2600,52,29458125.058084,4874.238799,1.000000,0.000000,11890 12000 12119 12232 12233 12238 12239 12240 12360 12361 12362 12475 12476 12477 12597
moead,513_e-05,19,0,2650,53,37122897.755666,6394.922775,0.000000,1.000000,5815 10357 26946 35721 48459 83214 84145 105351 110201 120973 127402 130155 133756 140317 148665
moead,513_e-05,19,1,2650,53,29505328.772410,5201.465939,0.020408,0.979592,11682 11752 11893 11980 12113 12118 12238 12239 12240 12362 12475 12476 12477 12484 12730
moead,513_e-05,19,2,2650,53,29488471.686920,5105.746715,0.040816,0.959184,11565 11774 11882 11992 11994 12228 12231 12240 12361 12362 12475 12476 12477 12484 12730
moead,513_e-05,19,3,2650,53,29477452.349467,5092.005795,0.061224,0.938776,11682 11893 11980 12113 12118 12238 12239 12240 12361 12362 12475 12476 12477 12484 12730
moead,513_e-05,19,4,2650,53,29471131.160016,4997.013127,0.081633,0.918367,11882 12007 12118 12133 12232 12238 12239 12240 12360 12361 12362 12475 12476 12597 12599
moead,513_e-05,19,5,2650,53,29470037.864691,4995.790932,0.102041,0.897959,11882 12007 12118 12232 12238 12239 12240 12340 12361 12362 12476 12477 12481 12597 12599
moead,513_e-05,19,6,2650,53,29466926.137969,4986.164482,0.122449,0.877551,11796 11882 12118 12232 12238 12239 12240 12361 12362 12475 12476 12477 12481 12597 12599
moead,513_e-05,19,7,2650,53,29466299.987878,4985.978143,0.142857,0.857143,11882 12007 12118 12232 12238 12239 12240 12361 12362 12475 12476 12477 12597 12599 12730
moead,513_e-05,19,8,2650,53,29462037.128123,4982.720826,0.163265,0.836735,11882 12007 12118 12232 12238 12239 12240 12361 12362 12475 12476 12477 12481 12597 12599
moead,513_e-05,19,9,2650,53,29462037.128123,4982.720826,0.183673,0.816327,11882 12007 12118 12232 12238 12239 12240 12361 12362 12475 12476 12477 12481 12597 12599
moead,513_e-05,19,10,2650,53,29462037.128123,4982.720826,0.204082,0.795918,11882 12007 12118 12232 12238 12239 12240 12361 12362 12475 12476 12477 12481 12597 12599
moead,513_e-05,19,11,2650,53,29462037.128123,4982.720826,0.224490,0.775510,11882 12007 12118 12232 12238 12239 12240 12361 12362 12475 12476 12477 12481 12597 12599
moead,513_e-05,19,12,2650,53,29462037.128123,4982.720826,0.244898,0.755102,11882 12007 12118 12232 12238 12239 12240 12361 12362 12475 12476 12477 12481 12597 12599
moead,513_e-05,19,13,2650,53,29462037.128123,4982.720826,0.265306,0.734694,11882 12007 12118 12232 12238 12239 12240 12361 12362 12475 12476 12477 12481 12597 12599
moead,513_e-05,19,14,2650,53,29461850.590820,4887.162223,0.285714,0.714286,11882 11890 12005 12118 12232 12238 12239 12240 12361 12362 12475 12476 12477 12597 12599
moead,513_e-05,19,15,2650,53,29459875.427381,4884.601386,0.306122,0.693878,11882 12118 12232 12233 12238 12239 12240 12360 12361 12362 12475 12476 12477 12597 12599
moead,513_e-05,19,16,2650,53,29459875.427381,4884.601386,0.326531,0.673469,11882 12118 12232 12233 12238 12239 12240 12360 12361 12362 12475 12476 12477 12597 12599
moead,513_e-05,19,17,2650,53,29459875.427381,4884.601386,0.346939,0.653061,11882 12118 12232 12233 12238 12239 12240 12360 12361 12362 12475 12476 12477 12597 12599
moead,513_e-05,19,18,2650,53,29459875.427381,4884.601386,0.367347,0.632653,11882 12118 12232 12233 12238 12239 12240 12360 12361 12362 12475 12476 12477 12597 12599
moead,513_e-05,19,19,2650,53,29459875.427381,4884.601386,0.387755,0.612245,11882 12118 12232 12233 12238 12239 12240 12360 12361 12362 12475 12476 12477 12597 12599
moead,513_e-05,19,20,2650,53,29459875.427381,4884.601386,0.408163,0.591837,11882 12118 12232 12233 12238 12239 12240 12360 12361 12362 12475 12476 12477 12597 12599
moead,513_e-05,19,21,2650,53,29459875.427381,4884.601386,0.428571,0.571429,11882 12118 12232 12233 12238 12239 12240 12360 12361 12362 12475 12476 12477 12597 12599
moead,513_e-05,19,22,2650,53,29459875.427381,4884.601386,0.448980,0.551020,11882 12118 12232 12233 12238 12239 12240 12360 12361 12362 12475 12476 12477 12597 12599
moead,513_e-05,19,23,2650,53,29458820.984643,4875.445443,0.469388,0.530612,11890 12000 12232 12233 12238 12239 12240 12241 12360 12361 12362 12475 12477 12597 12599
moead,513_e-05,19,24,2650,53,29458820.984643,4875.445443,0.489796,0.510204,11890 12000 12232 12233 12238 12239 12240 12241 12360 12361 12362 12475 12477 12597 12599
moead,513_e-05,19,25,2650,53,29458820.984643,4875.445443,0.510204,0.489796,11890 12000 12232 12233 12238 12239 12240 12241 12360 12361 12362 12475 12477 12597 12599
moead,513_e-05,19,26,2650,53,29458820.984643,4875.445443,0.530612,0.469388,11890 12000 12232 12233 12238 12239 12240 12241 12360 12361 12362 12475 12477 12597 12599
moead,513_e-05,19,27,2650,53,29458820.984643,4875.445443,0.551020,0.448980,11890 12000 12232 12233 12238 12239 12240 12241 12360 12361 12362 12475 12477 12597 12599
moead,513_e-05,19,28,2650,53,29458820.984643,4875.445443,0.571429,0.428571,11890 12000 12232 12233 12238 12239 12240 12241 12360 12361 12362 12475 12477 12597 12599
moead,513_e-05,19,29,2650,53,29458820.984643,4875.445443,0.591837,0.408163,11890 12000 12232 12233 12238 12239 12240 12241 12360 12361 12362 12475 12477 12597 12599
moead,513_e-05,19,30,2650,53,29458820.984643,4875.445443,0.612245,0.387755,11890 12000 12232 12233 12238 12239 12240 12241 12360 12361 12362 12475 12477 12597 12599
moead,513_e-05,19,31,2650,53,29458820.984643,4875.445443,0.632653,0.367347,11890 12000 12232 12233 12238 12239 12240 12241 12360 12361 12362 12475 12477 12597 12599
moead,513_e-05,19,32,2650,53,29458820.984643,4875.445443,0.653061,0.346939,11890 12000 12232 12233 12238 12239 12240 12241 12360 12361 12362 12475 12477 12597 12599
moead,513_e-05,19,33,2650,53,29458820.984643,4875.445443,0.673469,0.326531,11890 12000 12232 12233 12238 12239 12240 12241 12360 12361 12362 12475 12477 12597 12599
moead,513_e-05,19,34,2650,53,29458450.785966,4875.110433,0.693878,0.306122,11890 12000 12232 12233 12238 12239 12240 12360 12361 12362 12475 12476 12477 12597 12599
moead,513_e-05,19,35,2650,53,29458450.785966,4875.110433,0.714286,0.285714,11890 12000 12232 12233 12238 12239 12240 12360 12361 12362 12475 12476 12477 12597 12599
moead,513_e-05,19,36,2650,53,29458450.785966,4875.110433,0.734694,0.265306,11890 12000 12232 12233 12238 12239 12240 12360 12361 12362 12475 12476 12477 12597 12599
moead,513_e-05,19,37,2650,53,29458450.785966,4875.110433,0.755102,0.244898,11890 12000 12232 12233 12238 12239 12240 12360 12361 12362 12475 12476 12477 12597 12599
moead,513_e-05,19,38,2650,53,29458450.785966,4875.110433,0.775510,0.224490,11890 12000 12232 12233 12238 12239 12240 12360 12361 12362 12475 12476 12477 12597 12599
moead,513_e-05,19,39,2650,53,29458450.785966,4875.110433,0.795918,0.204082,11890 12000 12232 12233 12238 12239 12240 12360 12361 12362 12475 12476 12477 12597 12599
moead,513_e-05,19,40,2650,53,29458450.785966,4875.110433,0.816327,0.183673,11890 12000 12232 12233 12238 12239 12240 12360 12361 12362 12475 12476 12477 12597 12599
moead,513_e-05,19,41,2650,53,29458125.058084,4874.238799,0.836735,0.163265,11890 12000 12119 12232 12233 12238 12239 12240 12360 12361 12362 12475 12476 12477 12597
moead,513_e-05,19,42,2650,53,29458125.058084,4874.238799,0.857143,0.142857,11890 12000 12119 12232 12233 12238 12239 12240 12360 12361 12362 12475 12476 12477 12597
moead,513_e-05,19,43,2650,53,29458125.058084,4874.238799,0.877551,0.122449,11890 12000 12119 12232 12233 12238 12239 12240 12360 12361 12362 12475 12476 12477 12597
moead,513_e-05,19,44,2650,53,29458125.058084,4874.238799,0.897959,0.102041,11890 12000 12119 12232 12233 12238 12239 12240 12360 12361 12362 12475 12476 12477 12597
moead,513_e-05,19,45,2650,53,29458125.058084,4874.238799,0.918367,0.081633,11890 12000 12119 12232 12233 12238 12239 12240 12360 12361 12362 12475 12476 12477 12597
moead,513_e-05,19,46,2650,53,29458125.058084,4874.238799,0.938776,0.061224,11890 12000 12119 12232 12233 12238 12239 12240 12360 12361 12362 12475 12476 12477 12597
moead,513_e-05,19,47,2650,53,29458125.058084,4874.238799,0.959184,0.040816,11890 12000 12119 12232 12233 12238 12239 12240 12360 12361 12362 12475 12476 12477 12597
moead,513_e-05,19,48,2650,53,29458125.058084,4874.238799,0.979592,0.020408,11890 12000 12119 12232 12233 12238 12239 12240 12360 12361 12362 12475 12476 12477 12597
moead,513_e-05,19,49,2650,53,29458125.058084,4874.238799,1.000000,0.000000,11890 12000 12119 12232 12233 12238 12239 12240 12360 12361 12362 12475 12476 12477 12597
moead,513_e-05,19,0,2700,54,37389870.668210,6394.922775,0.000000,1.000000,5815 10357 35721 48459 66253 83214 84145 105351 110201 120973 127402 131361 133442 133756 140317
moead,513_e-05,19,1,2700,54,29505328.772410,5201.465939,0.020408,0.979592,11682 11752 11893 11980 12113 12118 12238 12239 12240 12362 12475 12476 12477 12484 12730
moead,513_e-05,19,2,2700,54,29488471.686920,5105.746715,0.040816,0.959184,11565 11774 11882 11992 11994 12228 12231 12240 12361 12362 12475 12476 12477 12484 12730
moead,513_e-05,19,3,2700,54,29477452.349467,5092.005795,0.061224,0.938776,11682 11893 11980 12113 12118 12238 12239 12240 12361 12362 12475 12476 12477 12484 12730
moead,513_e-05,19,4,2700,54,29471131.160016,4997.013127,0.081633,0.918367,11882 12007 12118 12133 12232 12238 12239 12240 12360 12361 12362 12475 12476 12597 12599
moead,513_e-05,19,5,2700,54,29470037.864691,4995.790932,0.102041,0.897959,11882 12007 12118 12232 12238 12239 12240 12340 12361 12362 12476 12477 12481 12597 12599
moead,513_e-05,19,6,2700,54,29466926.137969,4986.164482,0.122449,0.877551,11796 11882 12118 12232 12238 12239 12240 12361 12362 12475 12476 12477 12481 12597 12599
moead,513_e-05,19,7,2700,54,29466299.987878,4985.978143,0.142857,0.857143,11882 12007 12118 12232 12238 12239 12240 12361 12362 12475 12476 12477 12597 12599 12730
moead,513_e-05,19,8,2700,54,29462037.128123,4982.720826,0.163265,0.836735,11882 12007 12118 12232 12238 12239 12240 12361 12362 12475 12476 12477 12481 12597 12599
moead,513_e-05,19,9,2700,54,29462037.128123,4982.720826,0.183673,0.816327,11882 12007 12118 12232 12238 12239 12240 12361 12362 12475 12476 12477 12481 12597 12599
moead,513_e-05,19,10,2700,54,29462037.128123,4982.720826,0.204082,0.795918,11882 12007 12118 12232 12238 12239 12240 12361 12362 12475 12476 12477 12481 12597 12599
moead,513_e-05,19,11,2700,54,29462037.128123,4982.720826,0.224490,0.775510,11882 12007 12118 12232 12238 12239 12240 12361 12362 12475 12476 12477 12481 12597 12599
moead,513_e-05,19,12,2700,54,29462037.128123,4982.720826,0.244898,0.755102,11882 12007 12118 12232 12238 12239 12240 12361 12362 12475 12476 12477 12481 12597 12599
moead,513_e-05,19,13,2700,54,29462037.128123,4982.720826,0.265306,0.734694,11882 12007 12118 12232 12238 12239 12240 12361 12362 12475 12476 12477 12481 12597 12599
moead,513_e-05,19,14,2700,54,29459875.427381,4884.601386,0.285714,0.714286,11882 12118 12232 12233 12238 12239 12240 12360 12361 12362 12475 12476 12477 12597 12599
moead,513_e-05,19,15,2700,54,29459875.427381,4884.601386,0.306122,0.693878,11882 12118 12232 12233 12238 12239 12240 12360 12361 12362 12475 12476 12477 12597 12599
moead,513_e-05,19,16,2700,54,29459875.427381,4884.601386,0.326531,0.673469,11882 12118 12232 12233 12238 12239 12240 12360 12361 12362 12475 12476 12477 12597 12599
moead,513_e-05,19,17,2700,54,29459875.427381,4884.601386,0.346939,0.653061,11882 12118 12232 12233 12238 12239 12240 12360 12361 12362 12475 12476 12477 12597 12599
moead,513_e-05,19,18,2700,54,29459875.427381,4884.601386,0.367347,0.632653,11882 12118 12232 12233 12238 12239 12240 12360 12361 12362 12475 12476 12477 12597 12599
moead,513_e-05,19,19,2700,54,29459875.427381,4884.601386,0.387755,0.612245,11882 12118 12232 12233 12238 12239 12240 12360 12361 12362 12475 12476 12477 12597 12599
moead,513_e-05,19,20,2700,54,29459875.427381,4884.601386,0.408163,0.591837,11882 12118 12232 12233 12238 12239 12240 12360 12361 12362 12475 12476 12477 12597 12599
moead,513_e-05,19,21,2700,54,29459875.427381,4884.601386,0.428571,0.571429,11882 12118 12232 12233 12238 12239 12240 12360 12361 12362 12475 12476 12477 12597 12599
moead,513_e-05,19,22,2700,54,29458820.984643,4875.445443,0.448980,0.551020,11890 12000 12232 12233 12238 12239 12240 12241 12360 12361 12362 12475 12477 12597 12599
moead,513_e-05,19,23,2700,54,29458820.984643,4875.445443,0.469388,0.530612,11890 12000 12232 12233 12238 12239 12240 12241 12360 12361 12362 12475 12477 12597 12599
moead,513_e-05,19,24,2700,54,29458820.984643,4875.445443,0.489796,0.510204,11890 12000 12232 12233 12238 12239 12240 12241 12360 12361 12362 12475 12477 12597 12599
moead,513_e-05,19,25,2700,54,29458820.984643,4875.445443,0.510204,0.489796,11890 12000 12232 12233 12238 12239 12240 12241 12360 12361 12362 12475 12477 12597 12599
moead,513_e-05,19,26,2700,54,29458820.984643,4875.445443,0.530612,0.469388,11890 12000 12232 12233 12238 12239 12240 12241 12360 12361 12362 12475 12477 12597 12599
moead,513_e-05,19,27,2700,54,29458820.984643,4875.445443,0.551020,0.448980,11890 12000 12232 12233 12238 12239 12240 12241 12360 12361 12362 12475 12477 12597 12599
moead,513_e-05,19,28,2700,54,29458820.984643,4875.445443,0.571429,0.428571,11890 12000 12232 12233 12238 12239 12240 12241 12360 12361 12362 12475 12477 12597 12599
moead,513_e-05,19,29,2700,54,29458820.984643,4875.445443,0.591837,0.408163,11890 12000 12232 12233 12238 12239 12240 12241 12360 12361 12362 12475 12477 12597 12599
moead,513_e-05,19,30,2700,54,29458820.984643,4875.445443,0.612245,0.387755,11890 12000 12232 12233 12238 12239 12240 12241 12360 12361 12362 12475 12477 12597 12599
moead,513_e-05,19,31,2700,54,29458820.984643,4875.445443,0.632653,0.367347,11890 12000 12232 12233 12238 12239 12240 12241 12360 12361 12362 12475 12477 12597 12599
moead,513_e-05,19,32,2700,54,29457977.010854,4875.110433,0.653061,0.346939,11890 12232 12233 12234 12238 12239 12240 12360 12361 12362 12475 12476 12477 12597 12599
moead,513_e-05,19,33,2700,54,29457977.010854,4875.110433,0.673469,0.326531,11890 12232 12233 12234 12238 12239 12240 12360 12361 12362 12475 12476 12477 12597 12599
moead,513_e-05,19,34,2700,54,29457977.010854,4875.110433,0.693878,0.306122,11890 12232 12233 12234 12238 12239 12240 12360 12361 12362 12475 12476 12477 12597 12599
moead,513_e-05,19,35,2700,54,29457977.010854,4875.110433,0.714286,0.285714,11890 12232 12233 12234 12238 12239 12240 12360 12361 12362 12475 12476 12477 12597 12599
moead,513_e-05,19,36,2700,54,29457977.010854,4875.110433,0.734694,0.265306,11890 12232 12233 12234 12238 12239 12240 12360 12361 12362 12475 12476 12477 12597 12599
moead,513_e-05,19,37,2700,54,29457977.010854,4875.110433,0.755102,0.244898,11890 12232 12233 12234 12238 12239 12240 12360 12361 12362 12475 12476 12477 12597 12599
moead,513_e-05,19,38,2700,54,29457977.010854,4875.110433,0.775510,0.224490,11890 12232 12233 12234 12238 12239 12240 12360 12361 12362 12475 12476 12477 12597 12599
moead,513_e-05,19,39,2700,54,29457977.010854,4875.110433,0.795918,0.204082,11890 12232 12233 12234 12238 12239 12240 12360 12361 12362 12475 12476 12477 12597 12599
moead,513_e-05,19,40,2700,54,29457977.010854,4875.110433,0.816327,0.183673,11890 12232 12233 12234 12238 12239 12240 12360 12361 12362 12475 12476 12477 12597 12599
moead,513_e-05,19,41,2700,54,29457977.010854,4875.110433,0.836735,0.163265,11890 12232 12233 12234 12238 12239 12240 12360 12361 12362 12475 12476 12477 12597 12599
moead,513_e-05,19,42,2700,54,29457977.010854,4875.110433,0.857143,0.142857,11890 12232 12233 12234 12238 12239 12240 12360 12361 12362 12475 12476 12477 12597 12599
moead,513_e-05,19,43,2700,54,29457977.010854,4875.110433,0.877551,0.122449,11890 12232 12233 12234 12238 12239 12240 12360 12361 12362 12475 12476 12477 12597 12599
moead,513_e-05,19,44,2700,54,29457977.010854,4875.110433,0.897959,0.102041,11890 12232 12233 12234 12238 12239 12240 12360 12361 12362 12475 12476 12477 12597 12599
moead,513_e-05,19,45,2700,54,29457977.010854,4875.110433,0.918367,0.081633,11890 12232 12233 12234 12238 12239 12240 12360 12361 12362 12475 12476 12477 12597 12599
moead,513_e-05,19,46,2700,54,29457977.010854,4875.110433,0.938776,0.061224,11890 12232 12233 12234 12238 12239 12240 12360 12361 12362 12475 12476 12477 12597 12599
moead,513_e-05,19,47,2700,54,29457977.010854,4875.110433,0.959184,0.040816,11890 12232 12233 12234 12238 12239 12240 12360 12361 12362 12475 12476 12477 12597 12599
moead,513_e-05,19,48,2700,54,29457977.010854,4875.110433,0.979592,0.020408,11890 12232 12233 12234 12238 12239 12240 12360 12361 12362 12475 12476 12477 12597 12599
moead,513_e-05,19,49,2700,54,29457977.010854,4875.110433,1.000000,0.000000,11890 12232 12233 12234 12238 12239 12240 12360 12361 12362 12475 12476 12477 12597 12599
moead,513_e-05,19,0,2750,55,37719443.792390,6394.922775,0.000000,1.000000,10357 12730 35721 36051 48459 84145 94004 104703 105351 120973 127108 129373 131361 133442 169708
moead,513_e-05,19,1,2750,55,29505328.772410,5201.465939,0.020408,0.979592,11682 11752 11893 11980 12113 12118 12238 12239 12240 12362 12475 12476 12477 12484 12730
moead,513_e-05,19,2,2750,55,29488471.686920,5105.746715,0.040816,0.959184,11565 11774 11882 11992 11994 12228 12231 12240 12361 12362 12475 12476 12477 12484 12730
moead,513_e-05,19,3,2750,55,29477452.349467,5092.005795,0.061224,0.938776,11682 11893 11980 12113 12118 12238 12239 12240 12361 12362 12475 12476 12477 12484 12730
moead,513_e-05,19,4,2750,55,29471131.160016,4997.013127,0.081633,0.918367,11882 12007 12118 12133 12232 12238 12239 12240 12360 12361 12362 12475 12476 12597 12599
moead,513_e-05,19,5,2750,55,29470037.864691,4995.790932,0.102041,0.897959,11882 12007 12118 12232 12238 12239 12240 12340 12361 12362 12476 12477 12481 12597 12599
moead,513_e-05,19,6,2750,55,29466926.137969,4986.164482,0.122449,0.877551,11796 11882 12118 12232 12238 12239 12240 12361 12362 12475 12476 12477 12481 12597 12599
moead,513_e-05,19,7,2750,55,29466299.987878,4985.978143,0.142857,0.857143,11882 12007 12118 12232 12238 12239 12240 12361 12362 12475 12476 12477 12597 12599 12730
moead,513_e-05,19,8,2750,55,29461791.177773,4982.720826,0.163265,0.836735,11882 12007 12118 12232 12238 12239 12240 12360 12361 12362 12475 12476 12477 12597 12599
moead,513_e-05,19,9,2750,55,29461791.177773,4982.720826,0.183673,0.816327,11882 12007 12118 12232 12238 12239 12240 12360 12361 12362 12475 12476 12477 12597 12599
moead,513_e-05,19,10,2750,55,29461791.177773,4982.720826,0.204082,0.795918,11882 12007 12118 12232 12238 12239 12240 12360 12361 12362 12475 12476 12477 12597 12599
moead,513_e-05,19,11,2750,55,29461791.177773,4982.720826,0.224490,0.775510,11882 12007 12118 12232 12238 12239 12240 12360 12361 12362 12475 12476 12477 12597 12599
moead,513_e-05,19,12,2750,55,29461791.177773,4982.720826,0.244898,0.755102,11882 12007 12118 12232 12238 12239 12240 12360 12361 12362 12475 12476 12477 12597 12599
moead,513_e-05,19,13,2750,55,29461791.177773,4982.720826,0.265306,0.734694,11882 12007 12118 12232 12238 12239 12240 12360 12361 12362 12475 12476 12477 12597 12599
moead,513_e-05,19,14,2750,55,29459875.427381,4884.601386,0.285714,0.714286,11882 12118 12232 12233 12238 12239 12240 12360 12361 12362 12475 12476 12477 12597 12599
moead,513_e-05,19,15,2750,55,29459875.427381,4884.601386,0.306122,0.693878,11882 12118 12232 12233 12238 12239 12240 12360 12361 12362 12475 12476 12477 12597 12599
moead,513_e-05,19,16,2750,55,29459875.427381,4884.601386,0.326531,0.673469,11882 12118 12232 12233 12238 12239 12240 12360 12361 12362 12475 12476 12477 12597 12599
moead,513_e-05,19,17,2750,55,29459875.427381,4884.601386,0.346939,0.653061,11882 12118 12232 12233 12238 12239 12240 12360 12361 12362 12475 12476 12477 12597 12599
moead,513_e-05,19,18,2750,55,29459875.427381,4884.601386,0.367347,0.632653,11882 12118 12232 12233 12238 12239 12240 12360 12361 12362 12475 12476 12477 12597 12599
moead,513_e-05,19,19,2750,55,29459875.427381,4884.601386,0.387755,0.612245,11882 12118 12232 12233 12238 12239 12240 12360 12361 12362 12475 12476 12477 12597 12599
moead,513_e-05,19,20,2750,55,29459875.427381,4884.601386,0.408163,0.591837,11882 12118 12232 12233 12238 12239 12240 12360 12361 12362 12475 12476 12477 12597 12599
moead,513_e-05,19,21,2750,55,29459875.427381,4884.601386,0.428571,0.571429,11882 12118 12232 12233 12238 12239 12240 12360 12361 12362 12475 12476 12477 12597 12599
moead,513_e-05,19,22,2750,55,29458649.893432,4875.445443,0.448980,0.551020,11890 12000 12232 12233 12238 12239 12240 12241 12360 12361 12362 12476 12477 12597 12599
moead,513_e-05,19,23,2750,55,29458649.893432,4875.445443,0.469388,0.530612,11890 12000 12232 12233 12238 12239 12240 12241 12360 12361 12362 12476 12477 12597 12599
moead,513_e-05,19,24,2750,55,29458649.893432,4875.445443,0.489796,0.510204,11890 12000 12232 12233 12238 12239 12240 12241 12360 12361 12362 12476 12477 12597 12599
moead,513_e-05,19,25,2750,55,29458649.893432,4875.445443,0.510204,0.489796,11890 12000 12232 12233 12238 12239 12240 12241 12360 12361 12362 12476 12477 12597 12599
moead,513_e-05,19,26,2750,55,29458649.893432,4875.445443,0.530612,0.469388,11890 12000 12232 12233 12238 12239 12240 12241 12360 12361 12362 12476 12477 12597 12599
moead,513_e-05,19,27,2750,55,29458649.893432,4875.445443,0.551020,0.448980,11890 12000 12232 12233 12238 12239 12240 12241 12360 12361 12362 12476 12477 12597 12599
moead,513_e-05,19,28,2750,55,29458649.893432,4875.445443,0.571429,0.428571,11890 12000 12232 12233 12238 12239 12240 12241 12360 12361 12362 12476 12477 12597 12599
moead,513_e-05,19,29,2750,55,29458649.893432,4875.445443,0.591837,0.408163,11890 12000 12232 12233 12238 12239 12240 12241 12360 12361 12362 12476 12477 12597 12599
moead,513_e-05,19,30,2750,55,29458649.893432,4875.445443,0.612245,0.387755,11890 12000 12232 12233 12238 12239 12240 12241 12360 12361 12362 12476 12477 12597 12599
moead,513_e-05,19,31,2750,55,29458649.893432,4875.445443,0.632653,0.367347,11890 12000 12232 12233 12238 12239 12240 12241 12360 12361 12362 12476 12477 12597 12599
moead,513_e-05,19,32,2750,55,29458649.893432,4875.445443,0.653061,0.346939,11890 12000 12232 12233 12238 12239 12240 12241 12360 12361 12362 12476 12477 12597 12599
moead,513_e-05,19,33,2750,55,29458649.893432,4875.445443,0.673469,0.326531,11890 12000 12232 12233 12238 12239 12240 12241 12360 12361 12362 12476 12477 12597 12599
moead,513_e-05,19,34,2750,55,29457977.010854,4875.110433,0.693878,0.306122,11890 12232 12233 12234 12238 12239 12240 12360 12361 12362 12475 12476 12477 12597 12599
moead,513_e-05,19,35,2750,55,29457977.010854,4875.110433,0.714286,0.285714,11890 12232 12233 12234 12238 12239 12240 12360 12361 12362 12475 12476 12477 12597 12599
moead,513_e-05,19,36,2750,55,29457977.010854,4875.110433,0.734694,0.265306,11890 12232 12233 12234 12238 12239 12240 12360 12361 12362 12475 12476 12477 12597 12599
moead,513_e-05,19,37,2750,55,29457977.010854,4875.110433,0.755102,0.244898,11890 12232 12233 12234 12238 12239 12240 12360 12361 12362 12475 12476 12477 12597 12599
moead,513_e-05,19,38,2750,55,29457977.010854,4875.110433,0.775510,0.224490,11890 12232 12233 12234 12238 12239 12240 12360 12361 12362 12475 12476 12477 12597 12599
moead,513_e-05,19,39,2750,55,29457977.010854,4875.110433,0.795918,0.204082,11890 12232 12233 12234 12238 12239 12240 12360 12361 12362 12475 12476 12477 12597 12599
moead,513_e-05,19,40,2750,55,29457977.010854,4875.110433,0.816327,0.183673,11890 12232 12233 12234 12238 12239 12240 12360 12361 12362 12475 12476 12477 12597 12599
moead,513_e-05,19,41,2750,55,29457977.010854,4875.110433,0.836735,0.163265,11890 12232 12233 12234 12238 12239 12240 12360 12361 12362 12475 12476 12477 12597 12599
moead,513_e-05,19,42,2750,55,29457977.010854,4875.110433,0.857143,0.142857,11890 12232 12233 12234 12238 12239 12240 12360 12361 12362 12475 12476 12477 12597 12599
moead,513_e-05,19,43,2750,55,29457977.010854,4875.110433,0.877551,0.122449,11890 12232 12233 12234 12238 12239 12240 12360 12361 12362 12475 12476 12477 12597 12599
moead,513_e-05,19,44,2750,55,29457977.010854,4875.110433,0.897959,0.102041,11890 12232 12233 12234 12238 12239 12240 12360 12361 12362 12475 12476 12477 12597 12599
moead,513_e-05,19,45,2750,55,29457977.010854,4875.110433,0.918367,0.081633,11890 12232 12233 12234 12238 12239 12240 12360 12361 12362 12475 12476 12477 12597 12599
moead,513_e-05,19,46,2750,55,29457977.010854,4875.110433,0.938776,0.061224,11890 12232 12233 12234 12238 12239 12240 12360 12361 12362 12475 12476 12477 12597 12599
moead,513_e-05,19,47,2750,55,29457977.010854,4875.110433,0.959184,0.040816,11890 12232 12233 12234 12238 12239 12240 12360 12361 12362 12475 12476 12477 12597 12599
moead,513_e-05,19,48,2750,55,29457977.010854,4875.110433,0.979592,0.020408,11890 12232 12233 12234 12238 12239 12240 12360 12361 12362 12475 12476 12477 12597 12599
moead,513_e-05,19,49,2750,55,29457977.010854,4875.110433,1.000000,0.000000,11890 12232 12233 12234 12238 12239 12240 12360 12361 12362 12475 12476 12477 12597 12599
moead,513_e-05,19,0,2800,56,38577145.555989,6394.922775,0.000000,1.000000,12730 30118 35721 75522 76897 84635 86756 88979 120973 127108 131361 132537 137913 169708 181467
moead,513_e-05,19,1,2800,56,29505328.772410,5201.465939,0.020408,0.979592,11682 11752 11893 11980 12113 12118 12238 12239 12240 12362 12475 12476 12477 12484 12730
moead,513_e-05,19,2,2800,56,29488471.686920,5105.746715,0.040816,0.959184,11565 11774 11882 11992 11994 12228 12231 12240 12361 12362 12475 12476 12477 12484 12730
moead,513_e-05,19,3,2800,56,29477452.349467,5092.005795,0.061224,0.938776,11682 11893 11980 12113 12118 12238 12239 12240 12361 12362 12475 12476 12477 12484 12730
moead,513_e-05,19,4,2800,56,29471131.160016,4997.013127,0.081633,0.918367,11882 12007 12118 12133 12232 12238 12239 12240 12360 12361 12362 12475 12476 12597 12599
moead,513_e-05,19,5,2800,56,29470037.864691,4995.790932,0.102041,0.897959,11882 12007 12118 12232 12238 12239 12240 12340 12361 12362 12476 12477 12481 12597 12599
moead,513_e-05,19,6,2800,56,29466926.137969,4986.164482,0.122449,0.877551,11796 11882 12118 12232 12238 12239 12240 12361 12362 12475 12476 12477 12481 12597 12599
moead,513_e-05,19,7,2800,56,29466299.987878,4985.978143,0.142857,0.857143,11882 12007 12118 12232 12238 12239 12240 12361 12362 12475 12476 12477 12597 12599 12730
moead,513_e-05,19,8,2800,56,29461791.177773,4982.720826,0.163265,0.836735,11882 12007 12118 12232 12238 12239 12240 12360 12361 12362 12475 12476 12477 12597 12599
moead,513_e-05,19,9,2800,56,29461791.177773,4982.720826,0.183673,0.816327,11882 12007 12118 12232 12238 12239 12240 12360 12361 12362 12475 12476 12477 12597 12599
moead,513_e-05,19,10,2800,56,29461791.177773,4982.720826,0.204082,0.795918,11882 12007 12118 12232 12238 12239 12240 12360 12361 12362 12475 12476 12477 12597 12599
moead,513_e-05,19,11,2800,56,29461791.177773,4982.720826,0.224490,0.775510,11882 12007 12118 12232 12238 12239 12240 12360 12361 12362 12475 12476 12477 12597 12599
moead,513_e-05,19,12,2800,56,29461791.177773,4982.720826,0.244898,0.755102,11882 12007 12118 12232 12238 12239 12240 12360 12361 12362 12475 12476 12477 12597 12599
moead,513_e-05,19,13,2800,56,29461791.177773,4982.720826,0.265306,0.734694,11882 12007 12118 12232 12238 12239 12240 12360 12361 12362 12475 12476 12477 12597 12599
moead,513_e-05,19,14,2800,56,29459875.427381,4884.601386,0.285714,0.714286,11882 12118 12232 12233 12238 12239 12240 12360 12361 12362 12475 12476 12477 12597 12599
moead,513_e-05,19,15,2800,56,29459875.427381,4884.601386,0.306122,0.693878,11882 12118 12232 12233 12238 12239 12240 12360 12361 12362 12475 12476 12477 12597 12599
moead,513_e-05,19,16,2800,56,29459875.427381,4884.601386,0.326531,0.673469,11882 12118 12232 12233 12238 12239 12240 12360 12361 12362 12475 12476 12477 12597 12599
moead,513_e-05,19,17,2800,56,29459875.427381,4884.601386,0.346939,0.653061,11882 12118 12232 12233 12238 12239 12240 12360 12361 12362 12475 12476 12477 12597 12599
moead,513_e-05,19,18,2800,56,29459875.427381,4884.601386,0.367347,0.632653,11882 12118 12232 12233 12238 12239 12240 12360 12361 12362 12475 12476 12477 12597 12599
moead,513_e-05,19,19,2800,56,29459875.427381,4884.601386,0.387755,0.612245,11882 12118 12232 12233 12238 12239 12240 12360 12361 12362 12475 12476 12477 12597 12599
moead,513_e-05,19,20,2800,56,29459875.427381,4884.601386,0.408163,0.591837,11882 12118 12232 12233 12238 12239 12240 12360 12361 12362 12475 12476 12477 12597 12599
moead,513_e-05,19,21,2800,56,29459875.427381,4884.601386,0.428571,0.571429,11882 12118 12232 12233 12238 12239 12240 12360 12361 12362 12475 12476 12477 12597 12599
moead,513_e-05,19,22,2800,56,29458649.893432,4875.445443,0.448980,0.551020,11890 12000 12232 12233 12238 12239 12240 12241 12360 12361 12362 12476 12477 12597 12599
moead,513_e-05,19,23,2800,56,29458649.893432,4875.445443,0.469388,0.530612,11890 12000 12232 12233 12238 12239 12240 12241 12360 12361 12362 12476 12477 12597 12599
moead,513_e-05,19,24,2800,56,29458649.893432,4875.445443,0.489796,0.510204,11890 12000 12232 12233 12238 12239 12240 12241 12360 12361 12362 12476 12477 12597 12599
moead,513_e-05,19,25,2800,56,29458649.893432,4875.445443,0.510204,0.489796,11890 12000 12232 12233 12238 12239 12240 12241 12360 12361 12362 12476 12477 12597 12599
moead,513_e-05,19,26,2800,56,29458649.893432,4875.445443,0.530612,0.469388,11890 12000 12232 12233 12238 12239 12240 12241 12360 12361 12362 12476 12477 12597 12599
moead,513_e-05,19,27,2800,56,29458649.893432,4875.445443,0.551020,0.448980,11890 12000 12232 12233 12238 12239 12240 12241 12360 12361 12362 12476 12477 12597 12599
moead,513_e-05,19,28,2800,56,29458649.893432,4875.445443,0.571429,0.428571,11890 12000 12232 12233 12238 12239 12240 12241 12360 12361 12362 12476 12477 12597 12599
moead,513_e-05,19,29,2800,56,29458649.893432,4875.445443,0.591837,0.408163,11890 12000 12232 12233 12238 12239 12240 12241 12360 12361 12362 12476 12477 12597 12599
moead,513_e-05,19,30,2800,56,29458649.893432,4875.445443,0.612245,0.387755,11890 12000 12232 12233 12238 12239 12240 12241 12360 12361 12362 12476 12477 12597 12599
moead,513_e-05,19,31,2800,56,29458649.893432,4875.445443,0.632653,0.367347,11890 12000 12232 12233 12238 12239 12240 12241 12360 12361 12362 12476 12477 12597 12599
moead,513_e-05,19,32,2800,56,29458649.893432,4875.445443,0.653061,0.346939,11890 12000 12232 12233 12238 12239 12240 12241 12360 12361 12362 12476 12477 12597 12599
moead,513_e-05,19,33,2800,56,29458649.893432,4875.445443,0.673469,0.326531,11890 12000 12232 12233 12238 12239 12240 12241 12360 12361 12362 12476 12477 12597 12599
moead,513_e-05,19,34,2800,56,29457977.010854,4875.110433,0.693878,0.306122,11890 12232 12233 12234 12238 12239 12240 12360 12361 12362 12475 12476 12477 12597 12599
moead,513_e-05,19,35,2800,56,29457977.010854,4875.110433,0.714286,0.285714,11890 12232 12233 12234 12238 12239 12240 12360 12361 12362 12475 12476 12477 12597 12599
moead,513_e-05,19,36,2800,56,29457977.010854,4875.110433,0.734694,0.265306,11890 12232 12233 12234 12238 12239 12240 12360 12361 12362 12475 12476 12477 12597 12599
moead,513_e-05,19,37,2800,56,29457977.010854,4875.110433,0.755102,0.244898,11890 12232 12233 12234 12238 12239 12240 12360 12361 12362 12475 12476 12477 12597 12599
moead,513_e-05,19,38,2800,56,29457977.010854,4875.110433,0.775510,0.224490,11890 12232 12233 12234 12238 12239 12240 12360 12361 12362 12475 12476 12477 12597 12599
moead,513_e-05,19,39,2800,56,29457977.010854,4875.110433,0.795918,0.204082,11890 12232 12233 12234 12238 12239 12240 12360 12361 12362 12475 12476 12477 12597 12599
moead,513_e-05,19,40,2800,56,29457977.010854,4875.110433,0.816327,0.183673,11890 12232 12233 12234 12238 12239 12240 12360 12361 12362 12475 12476 12477 12597 12599
moead,513_e-05,19,41,2800,56,29457977.010854,4875.110433,0.836735,0.163265,11890 12232 12233 12234 12238 12239 12240 12360 12361 12362 12475 12476 12477 12597 12599
moead,513_e-05,19,42,2800,56,29457977.010854,4875.110433,0.857143,0.142857,11890 12232 12233 12234 12238 12239 12240 12360 12361 12362 12475 12476 12477 12597 12599
moead,513_e-05,19,43,2800,56,29457977.010854,4875.110433,0.877551,0.122449,11890 12232 12233 12234 12238 12239 12240 12360 12361 12362 12475 12476 12477 12597 12599
moead,513_e-05,19,44,2800,56,29457977.010854,4875.110433,0.897959,0.102041,11890 12232 12233 12234 12238 12239 12240 12360 12361 12362 12475 12476 12477 12597 12599
moead,513_e-05,19,45,2800,56,29457977.010854,4875.110433,0.918367,0.081633,11890 12232 12233 12234 12238 12239 12240 12360 12361 12362 12475 12476 12477 12597 12599
moead,513_e-05,19,46,2800,56,29457977.010854,4875.110433,0.938776,0.061224,11890 12232 12233 12234 12238 12239 12240 12360 12361 12362 12475 12476 12477 12597 12599
moead,513_e-05,19,47,2800,56,29457977.010854,4875.110433,0.959184,0.040816,11890 12232 12233 12234 12238 12239 12240 12360 12361 12362 12475 12476 12477 12597 12599
moead,513_e-05,19,48,2800,56,29457977.010854,4875.110433,0.979592,0.020408,11890 12232 12233 12234 12238 12239 12240 12360 12361 12362 12475 12476 12477 12597 12599
moead,513_e-05,19,49,2800,56,29457977.010854,4875.110433,1.000000,0.000000,11890 12232 12233 12234 12238 12239 12240 12360 12361 12362 12475 12476 12477 12597 12599
moead,513_e-05,19,0,2850,57,38406770.941711,6394.922775,0.000000,1.000000,12730 23151 35721 61782 76897 84635 86756 102493 120973 131361 132537 147982 169708 172148 181467
moead,513_e-05,19,1,2850,57,29505328.772410,5201.465939,0.020408,0.979592,11682 11752 11893 11980 12113 12118 12238 12239 12240 12362 12475 12476 12477 12484 12730
moead,513_e-05,19,2,2850,57,29479959.842335,5096.899000,0.040816,0.959184,11578 11765 11893 12113 12118 12231 12232 12240 12361 12362 12475 12476 12477 12484 12730
moead,513_e-05,19,3,2850,57,29477452.349467,5092.005795,0.061224,0.938776,11682 11893 11980 12113 12118 12238 12239 12240 12361 12362 12475 12476 12477 12484 12730
moead,513_e-05,19,4,2850,57,29471131.160016,4997.013127,0.081633,0.918367,11882 12007 12118 12133 12232 12238 12239 12240 12360 12361 12362 12475 12476 12597 12599
moead,513_e-05,19,5,2850,57,29466926.137969,4986.164482,0.102041,0.897959,11796 11882 12118 12232 12238 12239 12240 12361 12362 12475 12476 12477 12481 12597 12599
moead,513_e-05,19,6,2850,57,29466926.137969,4986.164482,0.122449,0.877551,11796 11882 12118 12232 12238 12239 12240 12361 12362 12475 12476 12477 12481 12597 12599
moead,513_e-05,19,7,2850,57,29462714.929047,4983.467140,0.142857,0.857143,11882 12007 12118 12232 12238 12239 12350 12360 12361 12362 12475 12476 12477 12597 12599
moead,513_e-05,19,8,2850,57,29462714.929047,4983.467140,0.163265,0.836735,11882 12007 12118 12232 12238 12239 12350 12360 12361 12362 12475 12476 12477 12597 12599
moead,513_e-05,19,9,2850,57,29462714.929047,4983.467140,0.183673,0.816327,11882 12007 12118 12232 12238 12239 12350 12360 12361 12362 12475 12476 12477 12597 12599
moead,513_e-05,19,10,2850,57,29462714.929047,4983.467140,0.204082,0.795918,11882 12007 12118 12232 12238 12239 12350 12360 12361 12362 12475 12476 12477 12597 12599
moead,513_e-05,19,11,2850,57,29461791.177773,4982.720826,0.224490,0.775510,11882 12007 12118 12232 12238 12239 12240 12360 12361 12362 12475 12476 12477 12597 12599
moead,513_e-05,19,12,2850,57,29461791.177773,4982.720826,0.244898,0.755102,11882 12007 12118 12232 12238 12239 12240 12360 12361 12362 12475 12476 12477 12597 12599
moead,513_e-05,19,13,2850,57,29459875.427381,4884.601386,0.265306,0.734694,11882 12118 12232 12233 12238 12239 12240 12360 12361 12362 12475 12476 12477 12597 12599
moead,513_e-05,19,14,2850,57,29459875.427381,4884.601386,0.285714,0.714286,11882 12118 12232 12233 12238 12239 12240 12360 12361 12362 12475 12476 12477 12597 12599
moead,513_e-05,19,15,2850,57,29459875.427381,4884.601386,0.306122,0.693878,11882 12118 12232 12233 12238 12239 12240 12360 12361 12362 12475 12476 12477 12597 12599
moead,513_e-05,19,16,2850,57,29459875.427381,4884.601386,0.326531,0.673469,11882 12118 12232 12233 12238 12239 12240 12360 12361 12362 12475 12476 12477 12597 12599
moead,513_e-05,19,17,2850,57,29459875.427381,4884.601386,0.346939,0.653061,11882 12118 12232 12233 12238 12239 12240 12360 12361 12362 12475 12476 12477 12597 12599
moead,513_e-05,19,18,2850,57,29458649.893432,4875.445443,0.367347,0.632653,11890 12000 12232 12233 12238 12239 12240 12241 12360 12361 12362 12476 12477 12597 12599
moead,513_e-05,19,19,2850,57,29458649.893432,4875.445443,0.387755,0.612245,11890 12000 12232 12233 12238 12239 12240 12241 12360 12361 12362 12476 12477 12597 12599
moead,513_e-05,19,20,2850,57,29458649.893432,4875.445443,0.408163,0.591837,11890 12000 12232 12233 12238 12239 12240 12241 12360 12361 12362 12476 12477 12597 12599
moead,513_e-05,19,21,2850,57,29458649.893432,4875.445443,0.428571,0.571429,11890 12000 12232 12233 12238 12239 12240 12241 12360 12361 12362 12476 12477 12597 12599
moead,513_e-05,19,22,2850,57,29458649.893432,4875.445443,0.448980,0.551020,11890 12000 12232 12233 12238 12239 12240 12241 12360 12361 12362 12476 12477 12597 12599
moead,513_e-05,19,23,2850,57,29458649.893432,4875.445443,0.469388,0.530612,11890 12000 12232 12233 12238 12239 12240 12241 12360 12361 12362 12476 12477 12597 12599
moead,513_e-05,19,24,2850,57,29458649.893432,4875.445443,0.489796,0.510204,11890 12000 12232 12233 12238 12239 12240 12241 12360 12361 12362 12476 12477 12597 12599
moead,513_e-05,19,25,2850,57,29458649.893432,4875.445443,0.510204,0.489796,11890 12000 12232 12233 12238 12239 12240 12241 12360 12361 12362 12476 12477 12597 12599
moead,513_e-05,19,26,2850,57,29457977.010854,4875.110433,0.530612,0.469388,11890 12232 12233 12234 12238 12239 12240 12360 12361 12362 12475 12476 12477 12597 12599
moead,513_e-05,19,27,2850,57,29457977.010854,4875.110433,0.551020,0.448980,11890 12232 12233 12234 12238 12239 12240 12360 12361 12362 12475 12476 12477 12597 12599
moead,513_e-05,19,28,2850,57,29457977.010854,4875.110433,0.571429,0.428571,11890 12232 12233 12234 12238 12239 12240 12360 12361 12362 12475 12476 12477 12597 12599
moead,513_e-05,19,29,2850,57,29457977.010854,4875.110433,0.591837,0.408163,11890 12232 12233 12234 12238 12239 12240 12360 12361 12362 12475 12476 12477 12597 12599
moead,513_e-05,19,30,2850,57,29457977.010854,4875.110433,0.612245,0.387755,11890 12232 12233 12234 12238 12239 12240 12360 12361 12362 12475 12476 12477 12597 12599
moead,513_e-05,19,31,2850,57,29457977.010854,4875.110433,0.632653,0.367347,11890 12232 12233 12234 12238 12239 12240 12360 12361 12362 12475 12476 12477 12597 12599
moead,513_e-05,19,32,2850,57,29457977.010854,4875.110433,0.653061,0.346939,11890 12232 12233 12234 12238 12239 12240 12360 12361 12362 12475 12476 12477 12597 12599
moead,513_e-05,19,33,2850,57,29457977.010854,4875.110433,0.673469,0.326531,11890 12232 12233 12234 12238 12239 12240 12360 12361 12362 12475 12476 12477 12597 12599
moead,513_e-05,19,34,2850,57,29457245.102641,4874.877704,0.693878,0.306122,11890 12115 12232 12233 12234 12238 12239 12240 12360 12361 12475 12476 12477 12597 12599
moead,513_e-05,19,35,2850,57,29457245.102641,4874.877704,0.714286,0.285714,11890 12115 12232 12233 12234 12238 12239 12240 12360 12361 12475 12476 12477 12597 12599
moead,513_e-05,19,36,2850,57,29457245.102641,4874.877704,0.734694,0.265306,11890 12115 12232 12233 12234 12238 12239 12240 12360 12361 12475 12476 12477 12597 12599
moead,513_e-05,19,37,2850,57,29457245.102641,4874.877704,0.755102,0.244898,11890 12115 12232 12233 12234 12238 12239 12240 12360 12361 12475 12476 12477 12597 12599
moead,513_e-05,19,38,2850,57,29457245.102641,4874.877704,0.775510,0.224490,11890 12115 12232 12233 12234 12238 12239 12240 12360 12361 12475 12476 12477 12597 12599
moead,513_e-05,19,39,2850,57,29457245.102641,4874.877704,0.795918,0.204082,11890 12115 12232 12233 12234 12238 12239 12240 12360 12361 12475 12476 12477 12597 12599
moead,513_e-05,19,40,2850,57,29457245.102641,4874.877704,0.816327,0.183673,11890 12115 12232 12233 12234 12238 12239 12240 12360 12361 12475 12476 12477 12597 12599
moead,513_e-05,19,41,2850,57,29457245.102641,4874.877704,0.836735,0.163265,11890 12115 12232 12233 12234 12238 12239 12240 12360 12361 12475 12476 12477 12597 12599
moead,513_e-05,19,42,2850,57,29457245.102641,4874.877704,0.857143,0.142857,11890 12115 12232 12233 12234 12238 12239 12240 12360 12361 12475 12476 12477 12597 12599
moead,513_e-05,19,43,2850,57,29457245.102641,4874.877704,0.877551,0.122449,11890 12115 12232 12233 12234 12238 12239 12240 12360 12361 12475 12476 12477 12597 12599
moead,513_e-05,19,44,2850,57,29457245.102641,4874.877704,0.897959,0.102041,11890 12115 12232 12233 12234 12238 12239 12240 12360 12361 12475 12476 12477 12597 12599
moead,513_e-05,19,45,2850,57,29457245.102641,4874.877704,0.918367,0.081633,11890 12115 12232 12233 12234 12238 12239 12240 12360 12361 12475 12476 12477 12597 12599
moead,513_e-05,19,46,2850,57,29457245.102641,4874.877704,0.938776,0.061224,11890 12115 12232 12233 12234 12238 12239 12240 12360 12361 12475 12476 12477 12597 12599
moead,513_e-05,19,47,2850,57,29457245.102641,4874.877704,0.959184,0.040816,11890 12115 12232 12233 12234 12238 12239 12240 12360 12361 12475 12476 12477 12597 12599
moead,513_e-05,19,48,2850,57,29457245.102641,4874.877704,0.979592,0.020408,11890 12115 12232 12233 12234 12238 12239 12240 12360 12361 12475 12476 12477 12597 12599
moead,513_e-05,19,49,2850,57,29457245.102641,4874.877704,1.000000,0.000000,11890 12115 12232 12233 12234 12238 12239 12240 12360 12361 12475 12476 12477 12597 12599
moead,513_e-05,19,0,2900,58,37520869.845787,6394.922775,0.000000,1.000000,12730 23400 38579 47983 76897 87745 102050 102493 120973 131361 142861 144154 157201 159155 181615
moead,513_e-05,19,1,2900,58,29505328.772410,5201.465939,0.020408,0.979592,11682 11752 11893 11980 12113 12118 12238 12239 12240 12362 12475 12476 12477 12484 12730
moead,513_e-05,19,2,2900,58,29479959.842335,5096.899000,0.040816,0.959184,11578 11765 11893 12113 12118 12231 12232 12240 12361 12362 12475 12476 12477 12484 12730
moead,513_e-05,19,3,2900,58,29477452.349467,5092.005795,0.061224,0.938776,11682 11893 11980 12113 12118 12238 12239 12240 12361 12362 12475 12476 12477 12484 12730
moead,513_e-05,19,4,2900,58,29470651.538419,4997.015039,0.081633,0.918367,11882 12007 12118 12133 12232 12238 12239 12240 12360 12361 12475 12476 12479 12597 12599
moead,513_e-05,19,5,2900,58,29464814.421796,4986.238161,0.102041,0.897959,11882 12118 12232 12238 12239 12240 12361 12362 12475 12476 12477 12481 12597 12599 12730
moead,513_e-05,19,6,2900,58,29464814.421796,4986.238161,0.122449,0.877551,11882 12118 12232 12238 12239 12240 12361 12362 12475 12476 12477 12481 12597 12599 12730
moead,513_e-05,19,7,2900,58,29464814.421796,4986.238161,0.142857,0.857143,11882 12118 12232 12238 12239 12240 12361 12362 12475 12476 12477 12481 12597 12599 12730
moead,513_e-05,19,8,2900,58,29462714.929047,4983.467140,0.163265,0.836735,11882 12007 12118 12232 12238 12239 12350 12360 12361 12362 12475 12476 12477 12597 12599
moead,513_e-05,19,9,2900,58,29462714.929047,4983.467140,0.183673,0.816327,11882 12007 12118 12232 12238 12239 12350 12360 12361 12362 12475 12476 12477 12597 12599
moead,513_e-05,19,10,2900,58,29462714.929047,4983.467140,0.204082,0.795918,11882 12007 12118 12232 12238 12239 12350 12360 12361 12362 12475 12476 12477 12597 12599
moead,513_e-05,19,11,2900,58,29461791.177773,4982.720826,0.224490,0.775510,11882 12007 12118 12232 12238 12239 12240 12360 12361 12362 12475 12476 12477 12597 12599
moead,513_e-05,19,12,2900,58,29461791.177773,4982.720826,0.244898,0.755102,11882 12007 12118 12232 12238 12239 12240 12360 12361 12362 12475 12476 12477 12597 12599
moead,513_e-05,19,13,2900,58,29459875.427381,4884.601386,0.265306,0.734694,11882 12118 12232 12233 12238 12239 12240 12360 12361 12362 12475 12476 12477 12597 12599
moead,513_e-05,19,14,2900,58,29459875.427381,4884.601386,0.285714,0.714286,11882 12118 12232 12233 12238 12239 12240 12360 12361 12362 12475 12476 12477 12597 12599
moead,513_e-05,19,15,2900,58,29459875.427381,4884.601386,0.306122,0.693878,11882 12118 12232 12233 12238 12239 12240 12360 12361 12362 12475 12476 12477 12597 12599
moead,513_e-05,19,16,2900,58,29459875.427381,4884.601386,0.326531,0.673469,11882 12118 12232 12233 12238 12239 12240 12360 12361 12362 12475 12476 12477 12597 12599
moead,513_e-05,19,17,2900,58,29459875.427381,4884.601386,0.346939,0.653061,11882 12118 12232 12233 12238 12239 12240 12360 12361 12362 12475 12476 12477 12597 12599
moead,513_e-05,19,18,2900,58,29458649.893432,4875.445443,0.367347,0.632653,11890 12000 12232 12233 12238 12239 12240 12241 12360 12361 12362 12476 12477 12597 12599
moead,513_e-05,19,19,2900,58,29458649.893432,4875.445443,0.387755,0.612245,11890 12000 12232 12233 12238 12239 12240 12241 12360 12361 12362 12476 12477 12597 12599
moead,513_e-05,19,20,2900,58,29458649.893432,4875.445443,0.408163,0.591837,11890 12000 12232 12233 12238 12239 12240 12241 12360 12361 12362 12476 12477 12597 12599
moead,513_e-05,19,21,2900,58,29458649.893432,4875.445443,0.428571,0.571429,11890 12000 12232 12233 12238 12239 12240 12241 12360 12361 12362 12476 12477 12597 12599
moead,513_e-05,19,22,2900,58,29458649.893432,4875.445443,0.448980,0.551020,11890 12000 12232 12233 12238 12239 12240 12241 12360 12361 12362 12476 12477 12597 12599
moead,513_e-05,19,23,2900,58,29458649.893432,4875.445443,0.469388,0.530612,11890 12000 12232 12233 12238 12239 12240 12241 12360 12361 12362 12476 12477 12597 12599
moead,513_e-05,19,24,2900,58,29458649.893432,4875.445443,0.489796,0.510204,11890 12000 12232 12233 12238 12239 12240 12241 12360 12361 12362 12476 12477 12597 12599
moead,513_e-05,19,25,2900,58,29458649.893432,4875.445443,0.510204,0.489796,11890 12000 12232 12233 12238 12239 12240 12241 12360 12361 12362 12476 12477 12597 12599
moead,513_e-05,19,26,2900,58,29457977.010854,4875.110433,0.530612,0.469388,11890 12232 12233 12234 12238 12239 12240 12360 12361 12362 12475 12476 12477 12597 12599
moead,513_e-05,19,27,2900,58,29457977.010854,4875.110433,0.551020,0.448980,11890 12232 12233 12234 12238 12239 12240 12360 12361 12362 12475 12476 12477 12597 12599
moead,513_e-05,19,28,2900,58,29457977.010854,4875.110433,0.571429,0.428571,11890 12232 12233 12234 12238 12239 12240 12360 12361 12362 12475 12476 12477 12597 12599
moead,513_e-05,19,29,2900,58,29457977.010854,4875.110433,0.591837,0.408163,11890 12232 12233 12234 12238 12239 12240 12360 12361 12362 12475 12476 12477 12597 12599
moead,513_e-05,19,30,2900,58,29457977.010854,4875.110433,0.612245,0.387755,11890 12232 12233 12234 12238 12239 12240 12360 12361 12362 12475 12476 12477 12597 12599
moead,513_e-05,19,31,2900,58,29457977.010854,4875.110433,0.632653,0.367347,11890 12232 12233 12234 12238 12239 12240 12360 12361 12362 12475 12476 12477 12597 12599
moead,513_e-05,19,32,2900,58,29457977.010854,4875.110433,0.653061,0.346939,11890 12232 12233 12234 12238 12239 12240 12360 12361 12362 12475 12476 12477 12597 12599
moead,513_e-05,19,33,2900,58,29457977.010854,4875.110433,0.673469,0.326531,11890 12232 12233 12234 12238 12239 12240 12360 12361 12362 12475 12476 12477 12597 12599
moead,513_e-05,19,34,2900,58,29457761.434069,4875.110368,0.693878,0.306122,11890 12115 12232 12233 12234 12238 12240 12360 12361 12362 12475 12476 12477 12597 12599
moead,513_e-05,19,35,2900,58,29457761.434069,4875.110368,0.714286,0.285714,11890 12115 12232 12233 12234 12238 12240 12360 12361 12362 12475 12476 12477 12597 12599
moead,513_e-05,19,36,2900,58,29457761.434069,4875.110368,0.734694,0.265306,11890 12115 12232 12233 12234 12238 12240 12360 12361 12362 12475 12476 12477 12597 12599
moead,513_e-05,19,37,2900,58,29457245.102641,4874.877704,0.755102,0.244898,11890 12115 12232 12233 12234 12238 12239 12240 12360 12361 12475 12476 12477 12597 12599
moead,513_e-05,19,38,2900,58,29457245.102641,4874.877704,0.775510,0.224490,11890 12115 12232 12233 12234 12238 12239 12240 12360 12361 12475 12476 12477 12597 12599
moead,513_e-05,19,39,2900,58,29457245.102641,4874.877704,0.795918,0.204082,11890 12115 12232 12233 12234 12238 12239 12240 12360 12361 12475 12476 12477 12597 12599
moead,513_e-05,19,40,2900,58,29457245.102641,4874.877704,0.816327,0.183673,11890 12115 12232 12233 12234 12238 12239 12240 12360 12361 12475 12476 12477 12597 12599
moead,513_e-05,19,41,2900,58,29457245.102641,4874.877704,0.836735,0.163265,11890 12115 12232 12233 12234 12238 12239 12240 12360 12361 12475 12476 12477 12597 12599
moead,513_e-05,19,42,2900,58,29457245.102641,4874.877704,0.857143,0.142857,11890 12115 12232 12233 12234 12238 12239 12240 12360 12361 12475 12476 12477 12597 12599
moead,513_e-05,19,43,2900,58,29457245.102641,4874.877704,0.877551,0.122449,11890 12115 12232 12233 12234 12238 12239 12240 12360 12361 12475 12476 12477 12597 12599
moead,513_e-05,19,44,2900,58,29457245.102641,4874.877704,0.897959,0.102041,11890 12115 12232 12233 12234 12238 12239 12240 12360 12361 12475 12476 12477 12597 12599
moead,513_e-05,19,45,2900,58,29457245.102641,4874.877704,0.918367,0.081633,11890 12115 12232 12233 12234 12238 12239 12240 12360 12361 12475 12476 12477 12597 12599
moead,513_e-05,19,46,2900,58,29457245.102641,4874.877704,0.938776,0.061224,11890 12115 12232 12233 12234 12238 12239 12240 12360 12361 12475 12476 12477 12597 12599
moead,513_e-05,19,47,2900,58,29457245.102641,4874.877704,0.959184,0.040816,11890 12115 12232 12233 12234 12238 12239 12240 12360 12361 12475 12476 12477 12597 12599
moead,513_e-05,19,48,2900,58,29457245.102641,4874.877704,0.979592,0.020408,11890 12115 12232 12233 12234 12238 12239 12240 12360 12361 12475 12476 12477 12597 12599
moead,513_e-05,19,49,2900,58,29457245.102641,4874.877704,1.000000,0.000000,11890 12115 12232 12233 12234 12238 12239 12240 12360 12361 12475 12476 12477 12597 12599
moead,513_e-05,19,0,2950,59,38251318.371883,6394.922775,0.000000,1.000000,23400 69176 76897 81114 87745 102050 102596 128305 131361 137514 142861 156974 157201 179464 181615
moead,513_e-05,19,1,2950,59,29505328.772410,5201.465939,0.020408,0.979592,11682 11752 11893 11980 12113 12118 12238 12239 12240 12362 12475 12476 12477 12484 12730
moead,513_e-05,19,2,2950,59,29479959.842335,5096.899000,0.040816,0.959184,11578 11765 11893 12113 12118 12231 12232 12240 12361 12362 12475 12476 12477 12484 12730
moead,513_e-05,19,3,2950,59,29477452.349467,5092.005795,0.061224,0.938776,11682 11893 11980 12113 12118 12238 12239 12240 12361 12362 12475 12476 12477 12484 12730
moead,513_e-05,19,4,2950,59,29470651.538419,4997.015039,0.081633,0.918367,11882 12007 12118 12133 12232 12238 12239 12240 12360 12361 12475 12476 12479 12597 12599
moead,513_e-05,19,5,2950,59,29464814.421796,4986.238161,0.102041,0.897959,11882 12118 12232 12238 12239 12240 12361 12362 12475 12476 12477 12481 12597 12599 12730
moead,513_e-05,19,6,2950,59,29464814.421796,4986.238161,0.122449,0.877551,11882 12118 12232 12238 12239 12240 12361 12362 12475 12476 12477 12481 12597 12599 12730
moead,513_e-05,19,7,2950,59,29464814.421796,4986.238161,0.142857,0.857143,11882 12118 12232 12238 12239 12240 12361 12362 12475 12476 12477 12481 12597 12599 12730
moead,513_e-05,19,8,2950,59,29462714.929047,4983.467140,0.163265,0.836735,11882 12007 12118 12232 12238 12239 12350 12360 12361 12362 12475 12476 12477 12597 12599
moead,513_e-05,19,9,2950,59,29462714.929047,4983.467140,0.183673,0.816327,11882 12007 12118 12232 12238 12239 12350 12360 12361 12362 12475 12476 12477 12597 12599
moead,513_e-05,19,10,2950,59,29462714.929047,4983.467140,0.204082,0.795918,11882 12007 12118 12232 12238 12239 12350 12360 12361 12362 12475 12476 12477 12597 12599
moead,513_e-05,19,11,2950,59,29461791.177773,4982.720826,0.224490,0.775510,11882 12007 12118 12232 12238 12239 12240 12360 12361 12362 12475 12476 12477 12597 12599
moead,513_e-05,19,12,2950,59,29461791.177773,4982.720826,0.244898,0.755102,11882 12007 12118 12232 12238 12239 12240 12360 12361 12362 12475 12476 12477 12597 12599
moead,513_e-05,19,13,2950,59,29459875.427381,4884.601386,0.265306,0.734694,11882 12118 12232 12233 12238 12239 12240 12360 12361 12362 12475 12476 12477 12597 12599
moead,513_e-05,19,14,2950,59,29459875.427381,4884.601386,0.285714,0.714286,11882 12118 12232 12233 12238 12239 12240 12360 12361 12362 12475 12476 12477 12597 12599
moead,513_e-05,19,15,2950,59,29459875.427381,4884.601386,0.306122,0.693878,11882 12118 12232 12233 12238 12239 12240 12360 12361 12362 12475 12476 12477 12597 12599
moead,513_e-05,19,16,2950,59,29459875.427381,4884.601386,0.326531,0.673469,11882 12118 12232 12233 12238 12239 12240 12360 12361 12362 12475 12476 12477 12597 12599
moead,513_e-05,19,17,2950,59,29459875.427381,4884.601386,0.346939,0.653061,11882 12118 12232 12233 12238 12239 12240 12360 12361 12362 12475 12476 12477 12597 12599
moead,513_e-05,19,18,2950,59,29458649.893432,4875.445443,0.367347,0.632653,11890 12000 12232 12233 12238 12239 12240 12241 12360 12361 12362 12476 12477 12597 12599
moead,513_e-05,19,19,2950,59,29458649.893432,4875.445443,0.387755,0.612245,11890 12000 12232 12233 12238 12239 12240 12241 12360 12361 12362 12476 12477 12597 12599
moead,513_e-05,19,20,2950,59,29458649.893432,4875.445443,0.408163,0.591837,11890 12000 12232 12233 12238 12239 12240 12241 12360 12361 12362 12476 12477 12597 12599
moead,513_e-05,19,21,2950,59,29458649.893432,4875.445443,0.428571,0.571429,11890 12000 12232 12233 12238 12239 12240 12241 12360 12361 12362 12476 12477 12597 12599
moead,513_e-05,19,22,2950,59,29458649.893432,4875.445443,0.448980,0.551020,11890 12000 12232 12233 12238 12239 12240 12241 12360 12361 12362 12476 12477 12597 12599
moead,513_e-05,19,23,2950,59,29458649.893432,4875.445443,0.469388,0.530612,11890 12000 12232 12233 12238 12239 12240 12241 12360 12361 12362 12476 12477 12597 12599
moead,513_e-05,19,24,2950,59,29458649.893432,4875.445443,0.489796,0.510204,11890 12000 12232 12233 12238 12239 12240 12241 12360 12361 12362 12476 12477 12597 12599
moead,513_e-05,19,25,2950,59,29458649.893432,4875.445443,0.510204,0.489796,11890 12000 12232 12233 12238 12239 12240 12241 12360 12361 12362 12476 12477 12597 12599
moead,513_e-05,19,26,2950,59,29457977.010854,4875.110433,0.530612,0.469388,11890 12232 12233 12234 12238 12239 12240 12360 12361 12362 12475 12476 12477 12597 12599
moead,513_e-05,19,27,2950,59,29457977.010854,4875.110433,0.551020,0.448980,11890 12232 12233 12234 12238 12239 12240 12360 12361 12362 12475 12476 12477 12597 12599
moead,513_e-05,19,28,2950,59,29457977.010854,4875.110433,0.571429,0.428571,11890 12232 12233 12234 12238 12239 12240 12360 12361 12362 12475 12476 12477 12597 12599
moead,513_e-05,19,29,2950,59,29457977.010854,4875.110433,0.591837,0.408163,11890 12232 12233 12234 12238 12239 12240 12360 12361 12362 12475 12476 12477 12597 12599
moead,513_e-05,19,30,2950,59,29457977.010854,4875.110433,0.612245,0.387755,11890 12232 12233 12234 12238 12239 12240 12360 12361 12362 12475 12476 12477 12597 12599
moead,513_e-05,19,31,2950,59,29457977.010854,4875.110433,0.632653,0.367347,11890 12232 12233 12234 12238 12239 12240 12360 12361 12362 12475 12476 12477 12597 12599
moead,513_e-05,19,32,2950,59,29457977.010854,4875.110433,0.653061,0.346939,11890 12232 12233 12234 12238 12239 12240 12360 12361 12362 12475 12476 12477 12597 12599
moead,513_e-05,19,33,2950,59,29457977.010854,4875.110433,0.673469,0.326531,11890 12232 12233 12234 12238 12239 12240 12360 12361 12362 12475 12476 12477 12597 12599
moead,513_e-05,19,34,2950,59,29457761.434069,4875.110368,0.693878,0.306122,11890 12115 12232 12233 12234 12238 12240 12360 12361 12362 12475 12476 12477 12597 12599
moead,513_e-05,19,35,2950,59,29457761.434069,4875.110368,0.714286,0.285714,11890 12115 12232 12233 12234 12238 12240 12360 12361 12362 12475 12476 12477 12597 12599
moead,513_e-05,19,36,2950,59,29457761.434069,4875.110368,0.734694,0.265306,11890 12115 12232 12233 12234 12238 12240 12360 12361 12362 12475 12476 12477 12597 12599
moead,513_e-05,19,37,2950,59,29457245.102641,4874.877704,0.755102,0.244898,11890 12115 12232 12233 12234 12238 12239 12240 12360 12361 12475 12476 12477 12597 12599
moead,513_e-05,19,38,2950,59,29457245.102641,4874.877704,0.775510,0.224490,11890 12115 12232 12233 12234 12238 12239 12240 12360 12361 12475 12476 12477 12597 12599
moead,513_e-05,19,39,2950,59,29457245.102641,4874.877704,0.795918,0.204082,11890 12115 12232 12233 12234 12238 12239 12240 12360 12361 12475 12476 12477 12597 12599
moead,513_e-05,19,40,2950,59,29457245.102641,4874.877704,0.816327,0.183673,11890 12115 12232 12233 12234 12238 12239 12240 12360 12361 12475 12476 12477 12597 12599
moead,513_e-05,19,41,2950,59,29457245.102641,4874.877704,0.836735,0.163265,11890 12115 12232 12233 12234 12238 12239 12240 12360 12361 12475 12476 12477 12597 12599
moead,513_e-05,19,42,2950,59,29457245.102641,4874.877704,0.857143,0.142857,11890 12115 12232 12233 12234 12238 12239 12240 12360 12361 12475 12476 12477 12597 12599
moead,513_e-05,19,43,2950,59,29457245.102641,4874.877704,0.877551,0.122449,11890 12115 12232 12233 12234 12238 12239 12240 12360 12361 12475 12476 12477 12597 12599
moead,513_e-05,19,44,2950,59,29457245.102641,4874.877704,0.897959,0.102041,11890 12115 12232 12233 12234 12238 12239 12240 12360 12361 12475 12476 12477 12597 12599
moead,513_e-05,19,45,2950,59,29457245.102641,4874.877704,0.918367,0.081633,11890 12115 12232 12233 12234 12238 12239 12240 12360 12361 12475 12476 12477 12597 12599
moead,513_e-05,19,46,2950,59,29457245.102641,4874.877704,0.938776,0.061224,11890 12115 12232 12233 12234 12238 12239 12240 12360 12361 12475 12476 12477 12597 12599
moead,513_e-05,19,47,2950,59,29457245.102641,4874.877704,0.959184,0.040816,11890 12115 12232 12233 12234 12238 12239 12240 12360 12361 12475 12476 12477 12597 12599
moead,513_e-05,19,48,2950,59,29457245.102641,4874.877704,0.979592,0.020408,11890 12115 12232 12233 12234 12238 12239 12240 12360 12361 12475 12476 12477 12597 12599
moead,513_e-05,19,49,2950,59,29457245.102641,4874.877704,1.000000,0.000000,11890 12115 12232 12233 12234 12238 12239 12240 12360 12361 12475 12476 12477 12597 12599
moead,513_e-05,19,0,3000,60,37321186.669397,6394.922775,0.000000,1.000000,23400 31465 81114 87745 102050 114574 131361 137514 142861 156974 157201 159834 159897 169807 179464
moead,513_e-05,19,1,3000,60,29505328.772410,5201.465939,0.020408,0.979592,11682 11752 11893 11980 12113 12118 12238 12239 12240 12362 12475 12476 12477 12484 12730
moead,513_e-05,19,2,3000,60,29487342.949942,5103.997290,0.040816,0.959184,11682 11893 11980 12113 12118 12238 12239 12240 12361 12362 12475 12477 12484 12616 12730
moead,513_e-05,19,3,3000,60,29477452.349467,5092.005795,0.061224,0.938776,11682 11893 11980 12113 12118 12238 12239 12240 12361 12362 12475 12476 12477 12484 12730
moead,513_e-05,19,4,3000,60,29470651.538419,4997.015039,0.081633,0.918367,11882 12007 12118 12133 12232 12238 12239 12240 12360 12361 12475 12476 12479 12597 12599
moead,513_e-05,19,5,3000,60,29464814.421796,4986.238161,0.102041,0.897959,11882 12118 12232 12238 12239 12240 12361 12362 12475 12476 12477 12481 12597 12599 12730
moead,513_e-05,19,6,3000,60,29464814.421796,4986.238161,0.122449,0.877551,11882 12118 12232 12238 12239 12240 12361 12362 12475 12476 12477 12481 12597 12599 12730
moead,513_e-05,19,7,3000,60,29464814.421796,4986.238161,0.142857,0.857143,11882 12118 12232 12238 12239 12240 12361 12362 12475 12476 12477 12481 12597 12599 12730
moead,513_e-05,19,8,3000,60,29462714.929047,4983.467140,0.163265,0.836735,11882 12007 12118 12232 12238 12239 12350 12360 12361 12362 12475 12476 12477 12597 12599
moead,513_e-05,19,9,3000,60,29462714.929047,4983.467140,0.183673,0.816327,11882 12007 12118 12232 12238 12239 12350 12360 12361 12362 12475 12476 12477 12597 12599
moead,513_e-05,19,10,3000,60,29462714.929047,4983.467140,0.204082,0.795918,11882 12007 12118 12232 12238 12239 12350 12360 12361 12362 12475 12476 12477 12597 12599
moead,513_e-05,19,11,3000,60,29461791.177773,4982.720826,0.224490,0.775510,11882 12007 12118 12232 12238 12239 12240 12360 12361 12362 12475 12476 12477 12597 12599
moead,513_e-05,19,12,3000,60,29461791.177773,4982.720826,0.244898,0.755102,11882 12007 12118 12232 12238 12239 12240 12360 12361 12362 12475 12476 12477 12597 12599
moead,513_e-05,19,13,3000,60,29459875.427381,4884.601386,0.265306,0.734694,11882 12118 12232 12233 12238 12239 12240 12360 12361 12362 12475 12476 12477 12597 12599
moead,513_e-05,19,14,3000,60,29459875.427381,4884.601386,0.285714,0.714286,11882 12118 12232 12233 12238 12239 12240 12360 12361 12362 12475 12476 12477 12597 12599
moead,513_e-05,19,15,3000,60,29459875.427381,4884.601386,0.306122,0.693878,11882 12118 12232 12233 12238 12239 12240 12360 12361 12362 12475 12476 12477 12597 12599
moead,513_e-05,19,16,3000,60,29459875.427381,4884.601386,0.326531,0.673469,11882 12118 12232 12233 12238 12239 12240 12360 12361 12362 12475 12476 12477 12597 12599
moead,513_e-05,19,17,3000,60,29459875.427381,4884.601386,0.346939,0.653061,11882 12118 12232 12233 12238 12239 12240 12360 12361 12362 12475 12476 12477 12597 12599
moead,513_e-05,19,18,3000,60,29458649.893432,4875.445443,0.367347,0.632653,11890 12000 12232 12233 12238 12239 12240 12241 12360 12361 12362 12476 12477 12597 12599
moead,513_e-05,19,19,3000,60,29458649.893432,4875.445443,0.387755,0.612245,11890 12000 12232 12233 12238 12239 12240 12241 12360 12361 12362 12476 12477 12597 12599
moead,513_e-05,19,20,3000,60,29458649.893432,4875.445443,0.408163,0.591837,11890 12000 12232 12233 12238 12239 12240 12241 12360 12361 12362 12476 12477 12597 12599
moead,513_e-05,19,21,3000,60,29458649.893432,4875.445443,0.428571,0.571429,11890 12000 12232 12233 12238 12239 12240 12241 12360 12361 12362 12476 12477 12597 12599
moead,513_e-05,19,22,3000,60,29458649.893432,4875.445443,0.448980,0.551020,11890 12000 12232 12233 12238 12239 12240 12241 12360 12361 12362 12476 12477 12597 12599
moead,513_e-05,19,23,3000,60,29458649.893432,4875.445443,0.469388,0.530612,11890 12000 12232 12233 12238 12239 12240 12241 12360 12361 12362 12476 12477 12597 12599
moead,513_e-05,19,24,3000,60,29458649.893432,4875.445443,0.489796,0.510204,11890 12000 12232 12233 12238 12239 12240 12241 12360 12361 12362 12476 12477 12597 12599
moead,513_e-05,19,25,3000,60,29458649.893432,4875.445443,0.510204,0.489796,11890 12000 12232 12233 12238 12239 12240 12241 12360 12361 12362 12476 12477 12597 12599
moead,513_e-05,19,26,3000,60,29457977.010854,4875.110433,0.530612,0.469388,11890 12232 12233 12234 12238 12239 12240 12360 12361 12362 12475 12476 12477 12597 12599
moead,513_e-05,19,27,3000,60,29457977.010854,4875.110433,0.551020,0.448980,11890 12232 12233 12234 12238 12239 12240 12360 12361 12362 12475 12476 12477 12597 12599
moead,513_e-05,19,28,3000,60,29457977.010854,4875.110433,0.571429,0.428571,11890 12232 12233 12234 12238 12239 12240 12360 12361 12362 12475 12476 12477 12597 12599
moead,513_e-05,19,29,3000,60,29457977.010854,4875.110433,0.591837,0.408163,11890 12232 12233 12234 12238 12239 12240 12360 12361 12362 12475 12476 12477 12597 12599
moead,513_e-05,19,30,3000,60,29457977.010854,4875.110433,0.612245,0.387755,11890 12232 12233 12234 12238 12239 12240 12360 12361 12362 12475 12476 12477 12597 12599
moead,513_e-05,19,31,3000,60,29457977.010854,4875.110433,0.632653,0.367347,11890 12232 12233 12234 12238 12239 12240 12360 12361 12362 12475 12476 12477 12597 12599
moead,513_e-05,19,32,3000,60,29457977.010854,4875.110433,0.653061,0.346939,11890 12232 12233 12234 12238 12239 12240 12360 12361 12362 12475 12476 12477 12597 12599
moead,513_e-05,19,33,3000,60,29457977.010854,4875.110433,0.673469,0.326531,11890 12232 12233 12234 12238 12239 12240 12360 12361 12362 12475 12476 12477 12597 12599
moead,513_e-05,19,34,3000,60,29457761.434069,4875.110368,0.693878,0.306122,11890 12115 12232 12233 12234 12238 12240 12360 12361 12362 12475 12476 12477 12597 12599
moead,513_e-05,19,35,3000,60,29457761.434069,4875.110368,0.714286,0.285714,11890 12115 12232 12233 12234 12238 12240 12360 12361 12362 12475 12476 12477 12597 12599
moead,513_e-05,19,36,3000,60,29457761.434069,4875.110368,0.734694,0.265306,11890 12115 12232 12233 12234 12238 12240 12360 12361 12362 12475 12476 12477 12597 12599
moead,513_e-05,19,37,3000,60,29457245.102641,4874.877704,0.755102,0.244898,11890 12115 12232 12233 12234 12238 12239 12240 12360 12361 12475 12476 12477 12597 12599
moead,513_e-05,19,38,3000,60,29457245.102641,4874.877704,0.775510,0.224490,11890 12115 12232 12233 12234 12238 12239 12240 12360 12361 12475 12476 12477 12597 12599
moead,513_e-05,19,39,3000,60,29457245.102641,4874.877704,0.795918,0.204082,11890 12115 12232 12233 12234 12238 12239 12240 12360 12361 12475 12476 12477 12597 12599
moead,513_e-05,19,40,3000,60,29457245.102641,4874.877704,0.816327,0.183673,11890 12115 12232 12233 12234 12238 12239 12240 12360 12361 12475 12476 12477 12597 12599
moead,513_e-05,19,41,3000,60,29457245.102641,4874.877704,0.836735,0.163265,11890 12115 12232 12233 12234 12238 12239 12240 12360 12361 12475 12476 12477 12597 12599
moead,513_e-05,19,42,3000,60,29457245.102641,4874.877704,0.857143,0.142857,11890 12115 12232 12233 12234 12238 12239 12240 12360 12361 12475 12476 12477 12597 12599
moead,513_e-05,19,43,3000,60,29457245.102641,4874.877704,0.877551,0.122449,11890 12115 12232 12233 12234 12238 12239 12240 12360 12361 12475 12476 12477 12597 12599
moead,513_e-05,19,44,3000,60,29457245.102641,4874.877704,0.897959,0.102041,11890 12115 12232 12233 12234 12238 12239 12240 12360 12361 12475 12476 12477 12597 12599
moead,513_e-05,19,45,3000,60,29457245.102641,4874.877704,0.918367,0.081633,11890 12115 12232 12233 12234 12238 12239 12240 12360 12361 12475 12476 12477 12597 12599
moead,513_e-05,19,46,3000,60,29457245.102641,4874.877704,0.938776,0.061224,11890 12115 12232 12233 12234 12238 12239 12240 12360 12361 12475 12476 12477 12597 12599
moead,513_e-05,19,47,3000,60,29457245.102641,4874.877704,0.959184,0.040816,11890 12115 12232 12233 12234 12238 12239 12240 12360 12361 12475 12476 12477 12597 12599
moead,513_e-05,19,48,3000,60,29457245.102641,4874.877704,0.979592,0.020408,11890 12115 12232 12233 12234 12238 12239 12240 12360 12361 12475 12476 12477 12597 12599
moead,513_e-05,19,49,3000,60,29457245.102641,4874.877704,1.000000,0.000000,11890 12115 12232 12233 12234 12238 12239 12240 12360 12361 12475 12476 12477 12597 12599
moead,513_e-05,19,0,3050,61,37269786.258504,6394.922775,0.000000,1.000000,12599 23400 31465 56813 63862 67596 88063 102050 114574 137514 144751 157201 159834 159897 183033
moead,513_e-05,19,1,3050,61,29505328.772410,5201.465939,0.020408,0.979592,11682 11752 11893 11980 12113 12118 12238 12239 12240 12362 12475 12476 12477 12484 12730
moead,513_e-05,19,2,3050,61,29485387.974694,5200.986462,0.040816,0.959184,11760 11882 12118 12133 12232 12238 12239 12240 12360 12361 12475 12476 12479 12597 12599
moead,513_e-05,19,3,3050,61,29477452.349467,5092.005795,0.061224,0.938776,11682 11893 11980 12113 12118 12238 12239 12240 12361 12362 12475 12476 12477 12484 12730
moead,513_e-05,19,4,3050,61,29470651.538419,4997.015039,0.081633,0.918367,11882 12007 12118 12133 12232 12238 12239 12240 12360 12361 12475 12476 12479 12597 12599
moead,513_e-05,19,5,3050,61,29464814.421796,4986.238161,0.102041,0.897959,11882 12118 12232 12238 12239 12240 12361 12362 12475 12476 12477 12481 12597 12599 12730
moead,513_e-05,19,6,3050,61,29464814.421796,4986.238161,0.122449,0.877551,11882 12118 12232 12238 12239 12240 12361 12362 12475 12476 12477 12481 12597 12599 12730
moead,513_e-05,19,7,3050,61,29464814.421796,4986.238161,0.142857,0.857143,11882 12118 12232 12238 12239 12240 12361 12362 12475 12476 12477 12481 12597 12599 12730
moead,513_e-05,19,8,3050,61,29462714.929047,4983.467140,0.163265,0.836735,11882 12007 12118 12232 12238 12239 12350 12360 12361 12362 12475 12476 12477 12597 12599
moead,513_e-05,19,9,3050,61,29462714.929047,4983.467140,0.183673,0.816327,11882 12007 12118 12232 12238 12239 12350 12360 12361 12362 12475 12476 12477 12597 12599
moead,513_e-05,19,10,3050,61,29462714.929047,4983.467140,0.204082,0.795918,11882 12007 12118 12232 12238 12239 12350 12360 12361 12362 12475 12476 12477 12597 12599
moead,513_e-05,19,11,3050,61,29461791.177773,4982.720826,0.224490,0.775510,11882 12007 12118 12232 12238 12239 12240 12360 12361 12362 12475 12476 12477 12597 12599
moead,513_e-05,19,12,3050,61,29461791.177773,4982.720826,0.244898,0.755102,11882 12007 12118 12232 12238 12239 12240 12360 12361 12362 12475 12476 12477 12597 12599
moead,513_e-05,19,13,3050,61,29459875.427381,4884.601386,0.265306,0.734694,11882 12118 12232 12233 12238 12239 12240 12360 12361 12362 12475 12476 12477 12597 12599
moead,513_e-05,19,14,3050,61,29459875.427381,4884.601386,0.285714,0.714286,11882 12118 12232 12233 12238 12239 12240 12360 12361 12362 12475 12476 12477 12597 12599
moead,513_e-05,19,15,3050,61,29459875.427381,4884.601386,0.306122,0.693878,11882 12118 12232 12233 12238 12239 12240 12360 12361 12362 12475 12476 12477 12597 12599
moead,513_e-05,19,16,3050,61,29459875.427381,4884.601386,0.326531,0.673469,11882 12118 12232 12233 12238 12239 12240 12360 12361 12362 12475 12476 12477 12597 12599
moead,513_e-05,19,17,3050,61,29459875.427381,4884.601386,0.346939,0.653061,11882 12118 12232 12233 12238 12239 12240 12360 12361 12362 12475 12476 12477 12597 12599
moead,513_e-05,19,18,3050,61,29458649.893432,4875.445443,0.367347,0.632653,11890 12000 12232 12233 12238 12239 12240 12241 12360 12361 12362 12476 12477 12597 12599
moead,513_e-05,19,19,3050,61,29458649.893432,4875.445443,0.387755,0.612245,11890 12000 12232 12233 12238 12239 12240 12241 12360 12361 12362 12476 12477 12597 12599
moead,513_e-05,19,20,3050,61,29458649.893432,4875.445443,0.408163,0.591837,11890 12000 12232 12233 12238 12239 12240 12241 12360 12361 12362 12476 12477 12597 12599
moead,513_e-05,19,21,3050,61,29458649.893432,4875.445443,0.428571,0.571429,11890 12000 12232 12233 12238 12239 12240 12241 12360 12361 12362 12476 12477 12597 12599
moead,513_e-05,19,22,3050,61,29458649.893432,4875.445443,0.448980,0.551020,11890 12000 12232 12233 12238 12239 12240 12241 12360 12361 12362 12476 12477 12597 12599
moead,513_e-05,19,23,3050,61,29458649.893432,4875.445443,0.469388,0.530612,11890 12000 12232 12233 12238 12239 12240 12241 12360 12361 12362 12476 12477 12597 12599
moead,513_e-05,19,24,3050,61,29458649.893432,4875.445443,0.489796,0.510204,11890 12000 12232 12233 12238 12239 12240 12241 12360 12361 12362 12476 12477 12597 12599
moead,513_e-05,19,25,3050,61,29458649.893432,4875.445443,0.510204,0.489796,11890 12000 12232 12233 12238 12239 12240 12241 12360 12361 12362 12476 12477 12597 12599
moead,513_e-05,19,26,3050,61,29457977.010854,4875.110433,0.530612,0.469388,11890 12232 12233 12234 12238 12239 12240 12360 12361 12362 12475 12476 12477 12597 12599
moead,513_e-05,19,27,3050,61,29457977.010854,4875.110433,0.551020,0.448980,11890 12232 12233 12234 12238 12239 12240 12360 12361 12362 12475 12476 12477 12597 12599
moead,513_e-05,19,28,3050,61,29457977.010854,4875.110433,0.571429,0.428571,11890 12232 12233 12234 12238 12239 12240 12360 12361 12362 12475 12476 12477 12597 12599
moead,513_e-05,19,29,3050,61,29457977.010854,4875.110433,0.591837,0.408163,11890 12232 12233 12234 12238 12239 12240 12360 12361 12362 12475 12476 12477 12597 12599
moead,513_e-05,19,30,3050,61,29457977.010854,4875.110433,0.612245,0.387755,11890 12232 12233 12234 12238 12239 12240 12360 12361 12362 12475 12476 12477 12597 12599
moead,513_e-05,19,31,3050,61,29457977.010854,4875.110433,0.632653,0.367347,11890 12232 12233 12234 12238 12239 12240 12360 12361 12362 12475 12476 12477 12597 12599
moead,513_e-05,19,32,3050,61,29457977.010854,4875.110433,0.653061,0.346939,11890 12232 12233 12234 12238 12239 12240 12360 12361 12362 12475 12476 12477 12597 12599
moead,513_e-05,19,33,3050,61,29457977.010854,4875.110433,0.673469,0.326531,11890 12232 12233 12234 12238 12239 12240 12360 12361 12362 12475 12476 12477 12597 12599
moead,513_e-05,19,34,3050,61,29457761.434069,4875.110368,0.693878,0.306122,11890 12115 12232 12233 12234 12238 12240 12360 12361 12362 12475 12476 12477 12597 12599
moead,513_e-05,19,35,3050,61,29457761.434069,4875.110368,0.714286,0.285714,11890 12115 12232 12233 12234 12238 12240 12360 12361 12362 12475 12476 12477 12597 12599
moead,513_e-05,19,36,3050,61,29457761.434069,4875.110368,0.734694,0.265306,11890 12115 12232 12233 12234 12238 12240 12360 12361 12362 12475 12476 12477 12597 12599
moead,513_e-05,19,37,3050,61,29457245.102641,4874.877704,0.755102,0.244898,11890 12115 12232 12233 12234 12238 12239 12240 12360 12361 12475 12476 12477 12597 12599
moead,513_e-05,19,38,3050,61,29457245.102641,4874.877704,0.775510,0.224490,11890 12115 12232 12233 12234 12238 12239 12240 12360 12361 12475 12476 12477 12597 12599
moead,513_e-05,19,39,3050,61,29457245.102641,4874.877704,0.795918,0.204082,11890 12115 12232 12233 12234 12238 12239 12240 12360 12361 12475 12476 12477 12597 12599
moead,513_e-05,19,40,3050,61,29457245.102641,4874.877704,0.816327,0.183673,11890 12115 12232 12233 12234 12238 12239 12240 12360 12361 12475 12476 12477 12597 12599
moead,513_e-05,19,41,3050,61,29457245.102641,4874.877704,0.836735,0.163265,11890 12115 12232 12233 12234 12238 12239 12240 12360 12361 12475 12476 12477 12597 12599
moead,513_e-05,19,42,3050,61,29457245.102641,4874.877704,0.857143,0.142857,11890 12115 12232 12233 12234 12238 12239 12240 12360 12361 12475 12476 12477 12597 12599
moead,513_e-05,19,43,3050,61,29457245.102641,4874.877704,0.877551,0.122449,11890 12115 12232 12233 12234 12238 12239 12240 12360 12361 12475 12476 12477 12597 12599
moead,513_e-05,19,44,3050,61,29457245.102641,4874.877704,0.897959,0.102041,11890 12115 12232 12233 12234 12238 12239 12240 12360 12361 12475 12476 12477 12597 12599
moead,513_e-05,19,45,3050,61,29457245.102641,4874.877704,0.918367,0.081633,11890 12115 12232 12233 12234 12238 12239 12240 12360 12361 12475 12476 12477 12597 12599
moead,513_e-05,19,46,3050,61,29457245.102641,4874.877704,0.938776,0.061224,11890 12115 12232 12233 12234 12238 12239 12240 12360 12361 12475 12476 12477 12597 12599
moead,513_e-05,19,47,3050,61,29457245.102641,4874.877704,0.959184,0.040816,11890 12115 12232 12233 12234 12238 12239 12240 12360 12361 12475 12476 12477 12597 12599
moead,513_e-05,19,48,3050,61,29457245.102641,4874.877704,0.979592,0.020408,11890 12115 12232 12233 12234 12238 12239 12240 12360 12361 12475 12476 12477 12597 12599
moead,513_e-05,19,49,3050,61,29457245.102641,4874.877704,1.000000,0.000000,11890 12115 12232 12233 12234 12238 12239 12240 12360 12361 12475 12476 12477 12597 12599
moead,513_e-05,19,0,3100,62,37348129.829821,6394.922775,0.000000,1.000000,11918 12599 23400 25486 47588 56813 67429 67596 114574 137514 140908 148753 157201 159834 183033
moead,513_e-05,19,1,3100,62,29513536.790905,5201.465939,0.020408,0.979592,11077 11682 11752 11893 12113 12118 12238 12239 12240 12362 12475 12476 12477 12484 12730
moead,513_e-05,19,2,3100,62,29485387.974694,5200.986462,0.040816,0.959184,11760 11882 12118 12133 12232 12238 12239 12240 12360 12361 12475 12476 12479 12597 12599
moead,513_e-05,19,3,3100,62,29477452.349467,5092.005795,0.061224,0.938776,11682 11893 11980 12113 12118 12238 12239 12240 12361 12362 12475 12476 12477 12484 12730
moead,513_e-05,19,4,3100,62,29470651.538419,4997.015039,0.081633,0.918367,11882 12007 12118 12133 12232 12238 12239 12240 12360 12361 12475 12476 12479 12597 12599
moead,513_e-05,19,5,3100,62,29464814.421796,4986.238161,0.102041,0.897959,11882 12118 12232 12238 12239 12240 12361 12362 12475 12476 12477 12481 12597 12599 12730
moead,513_e-05,19,6,3100,62,29464814.421796,4986.238161,0.122449,0.877551,11882 12118 12232 12238 12239 12240 12361 12362 12475 12476 12477 12481 12597 12599 12730
moead,513_e-05,19,7,3100,62,29462714.929047,4983.467140,0.142857,0.857143,11882 12007 12118 12232 12238 12239 12350 12360 12361 12362 12475 12476 12477 12597 12599
moead,513_e-05,19,8,3100,62,29462714.929047,4983.467140,0.163265,0.836735,11882 12007 12118 12232 12238 12239 12350 12360 12361 12362 12475 12476 12477 12597 12599
moead,513_e-05,19,9,3100,62,29461791.177773,4982.720826,0.183673,0.816327,11882 12007 12118 12232 12238 12239 12240 12360 12361 12362 12475 12476 12477 12597 12599
moead,513_e-05,19,10,3100,62,29461791.177773,4982.720826,0.204082,0.795918,11882 12007 12118 12232 12238 12239 12240 12360 12361 12362 12475 12476 12477 12597 12599
moead,513_e-05,19,11,3100,62,29461375.865951,4884.886720,0.224490,0.775510,11882 12007 12232 12233 12238 12239 12240 12354 12360 12361 12362 12475 12477 12597 12599
moead,513_e-05,19,12,3100,62,29459665.771470,4884.601386,0.244898,0.755102,11882 12118 12232 12233 12238 12239 12240 12354 12360 12361 12362 12475 12477 12597 12599
moead,513_e-05,19,13,3100,62,29459665.771470,4884.601386,0.265306,0.734694,11882 12118 12232 12233 12238 12239 12240 12354 12360 12361 12362 12475 12477 12597 12599
moead,513_e-05,19,14,3100,62,29459665.771470,4884.601386,0.285714,0.714286,11882 12118 12232 12233 12238 12239 12240 12354 12360 12361 12362 12475 12477 12597 12599
moead,513_e-05,19,15,3100,62,29459665.771470,4884.601386,0.306122,0.693878,11882 12118 12232 12233 12238 12239 12240 12354 12360 12361 12362 12475 12477 12597 12599
moead,513_e-05,19,16,3100,62,29458649.893432,4875.445443,0.326531,0.673469,11890 12000 12232 12233 12238 12239 12240 12241 12360 12361 12362 12476 12477 12597 12599
moead,513_e-05,19,17,3100,62,29458649.893432,4875.445443,0.346939,0.653061,11890 12000 12232 12233 12238 12239 12240 12241 12360 12361 12362 12476 12477 12597 12599
moead,513_e-05,19,18,3100,62,29458649.893432,4875.445443,0.367347,0.632653,11890 12000 12232 12233 12238 12239 12240 12241 12360 12361 12362 12476 12477 12597 12599
moead,513_e-05,19,19,3100,62,29457977.010854,4875.110433,0.387755,0.612245,11890 12232 12233 12234 12238 12239 12240 12360 12361 12362 12475 12476 12477 12597 12599
moead,513_e-05,19,20,3100,62,29457977.010854,4875.110433,0.408163,0.591837,11890 12232 12233 12234 12238 12239 12240 12360 12361 12362 12475 12476 12477 12597 12599
moead,513_e-05,19,21,3100,62,29457977.010854,4875.110433,0.428571,0.571429,11890 12232 12233 12234 12238 12239 12240 12360 12361 12362 12475 12476 12477 12597 12599
moead,513_e-05,19,22,3100,62,29457977.010854,4875.110433,0.448980,0.551020,11890 12232 12233 12234 12238 12239 12240 12360 12361 12362 12475 12476 12477 12597 12599
moead,513_e-05,19,23,3100,62,29457761.434069,4875.110368,0.469388,0.530612,11890 12115 12232 12233 12234 12238 12240 12360 12361 12362 12475 12476 12477 12597 12599
moead,513_e-05,19,24,3100,62,29457761.434069,4875.110368,0.489796,0.510204,11890 12115 12232 12233 12234 12238 12240 12360 12361 12362 12475 12476 12477 12597 12599
moead,513_e-05,19,25,3100,62,29456247.707030,4874.877704,0.510204,0.489796,11890 12115 12232 12233 12234 12236 12238 12239 12240 12360 12361 12475 12476 12477 12599
moead,513_e-05,19,26,3100,62,29456247.707030,4874.877704,0.530612,0.469388,11890 12115 12232 12233 12234 12236 12238 12239 12240 12360 12361 12475 12476 12477 12599
moead,513_e-05,19,27,3100,62,29456247.707030,4874.877704,0.551020,0.448980,11890 12115 12232 12233 12234 12236 12238 12239 12240 12360 12361 12475 12476 12477 12599
moead,513_e-05,19,28,3100,62,29456247.707030,4874.877704,0.571429,0.428571,11890 12115 12232 12233 12234 12236 12238 12239 12240 12360 12361 12475 12476 12477 12599
moead,513_e-05,19,29,3100,62,29456247.707030,4874.877704,0.591837,0.408163,11890 12115 12232 12233 12234 12236 12238 12239 12240 12360 12361 12475 12476 12477 12599
moead,513_e-05,19,30,3100,62,29456247.707030,4874.877704,0.612245,0.387755,11890 12115 12232 12233 12234 12236 12238 12239 12240 12360 12361 12475 12476 12477 12599
moead,513_e-05,19,31,3100,62,29456247.707030,4874.877704,0.632653,0.367347,11890 12115 12232 12233 12234 12236 12238 12239 12240 12360 12361 12475 12476 12477 12599
moead,513_e-05,19,32,3100,62,29456247.707030,4874.877704,0.653061,0.346939,11890 12115 12232 12233 12234 12236 12238 12239 12240 12360 12361 12475 12476 12477 12599
moead,513_e-05,19,33,3100,62,29456247.707030,4874.877704,0.673469,0.326531,11890 12115 12232 12233 12234 12236 12238 12239 12240 12360 12361 12475 12476 12477 12599
moead,513_e-05,19,34,3100,62,29456247.707030,4874.877704,0.693878,0.306122,11890 12115 12232 12233 12234 12236 12238 12239 12240 12360 12361 12475 12476 12477 12599
moead,513_e-05,19,35,3100,62,29456247.707030,4874.877704,0.714286,0.285714,11890 12115 12232 12233 12234 12236 12238 12239 12240 12360 12361 12475 12476 12477 12599
moead,513_e-05,19,36,3100,62,29456247.707030,4874.877704,0.734694,0.265306,11890 12115 12232 12233 12234 12236 12238 12239 12240 12360 12361 12475 12476 12477 12599
moead,513_e-05,19,37,3100,62,29456247.707030,4874.877704,0.755102,0.244898,11890 12115 12232 12233 12234 12236 12238 12239 12240 12360 12361 12475 12476 12477 12599
moead,513_e-05,19,38,3100,62,29456247.707030,4874.877704,0.775510,0.224490,11890 12115 12232 12233 12234 12236 12238 12239 12240 12360 12361 12475 12476 12477 12599
moead,513_e-05,19,39,3100,62,29456247.707030,4874.877704,0.795918,0.204082,11890 12115 12232 12233 12234 12236 12238 12239 12240 12360 12361 12475 12476 12477 12599
moead,513_e-05,19,40,3100,62,29456247.707030,4874.877704,0.816327,0.183673,11890 12115 12232 12233 12234 12236 12238 12239 12240 12360 12361 12475 12476 12477 12599
moead,513_e-05,19,41,3100,62,29456247.707030,4874.877704,0.836735,0.163265,11890 12115 12232 12233 12234 12236 12238 12239 12240 12360 12361 12475 12476 12477 12599
moead,513_e-05,19,42,3100,62,29456247.707030,4874.877704,0.857143,0.142857,11890 12115 12232 12233 12234 12236 12238 12239 12240 12360 12361 12475 12476 12477 12599
moead,513_e-05,19,43,3100,62,29456247.707030,4874.877704,0.877551,0.122449,11890 12115 12232 12233 12234 12236 12238 12239 12240 12360 12361 12475 12476 12477 12599
moead,513_e-05,19,44,3100,62,29456247.707030,4874.877704,0.897959,0.102041,11890 12115 12232 12233 12234 12236 12238 12239 12240 12360 12361 12475 12476 12477 12599
moead,513_e-05,19,45,3100,62,29456247.707030,4874.877704,0.918367,0.081633,11890 12115 12232 12233 12234 12236 12238 12239 12240 12360 12361 12475 12476 12477 12599
moead,513_e-05,19,46,3100,62,29456247.707030,4874.877704,0.938776,0.061224,11890 12115 12232 12233 12234 12236 12238 12239 12240 12360 12361 12475 12476 12477 12599
moead,513_e-05,19,47,3100,62,29456247.707030,4874.877704,0.959184,0.040816,11890 12115 12232 12233 12234 12236 12238 12239 12240 12360 12361 12475 12476 12477 12599
moead,513_e-05,19,48,3100,62,29456247.707030,4874.877704,0.979592,0.020408,11890 12115 12232 12233 12234 12236 12238 12239 12240 12360 12361 12475 12476 12477 12599
moead,513_e-05,19,49,3100,62,29456247.707030,4874.877704,1.000000,0.000000,11890 12115 12232 12233 12234 12236 12238 12239 12240 12360 12361 12475 12476 12477 12599
moead,513_e-05,19,0,3150,63,37491780.505747,6394.922775,0.000000,1.000000,11918 12599 22941 25486 56813 67429 67596 114574 116605 136866 140908 148753 157201 159834 183033
moead,513_e-05,19,1,3150,63,29513536.790905,5201.465939,0.020408,0.979592,11077 11682 11752 11893 12113 12118 12238 12239 12240 12362 12475 12476 12477 12484 12730
moead,513_e-05,19,2,3150,63,29485387.974694,5200.986462,0.040816,0.959184,11760 11882 12118 12133 12232 12238 12239 12240 12360 12361 12475 12476 12479 12597 12599
moead,513_e-05,19,3,3150,63,29477452.349467,5092.005795,0.061224,0.938776,11682 11893 11980 12113 12118 12238 12239 12240 12361 12362 12475 12476 12477 12484 12730
moead,513_e-05,19,4,3150,63,29470651.538419,4997.015039,0.081633,0.918367,11882 12007 12118 12133 12232 12238 12239 12240 12360 12361 12475 12476 12479 12597 12599
moead,513_e-05,19,5,3150,63,29464579.788897,4987.349743,0.102041,0.897959,11882 12118 12232 12238 12239 12360 12361 12362 12475 12476 12477 12481 12597 12599 12730
moead,513_e-05,19,6,3150,63,29464579.788897,4987.349743,0.122449,0.877551,11882 12118 12232 12238 12239 12360 12361 12362 12475 12476 12477 12481 12597 12599 12730
moead,513_e-05,19,7,3150,63,29464579.788897,4987.349743,0.142857,0.857143,11882 12118 12232 12238 12239 12360 12361 12362 12475 12476 12477 12481 12597 12599 12730
moead,513_e-05,19,8,3150,63,29462714.929047,4983.467140,0.163265,0.836735,11882 12007 12118 12232 12238 12239 12350 12360 12361 12362 12475 12476 12477 12597 12599
moead,513_e-05,19,9,3150,63,29461791.177773,4982.720826,0.183673,0.816327,11882 12007 12118 12232 12238 12239 12240 12360 12361 12362 12475 12476 12477 12597 12599
moead,513_e-05,19,10,3150,63,29461791.177773,4982.720826,0.204082,0.795918,11882 12007 12118 12232 12238 12239 12240 12360 12361 12362 12475 12476 12477 12597 12599
moead,513_e-05,19,11,3150,63,29461375.865951,4884.886720,0.224490,0.775510,11882 12007 12232 12233 12238 12239 12240 12354 12360 12361 12362 12475 12477 12597 12599
moead,513_e-05,19,12,3150,63,29459665.771470,4884.601386,0.244898,0.755102,11882 12118 12232 12233 12238 12239 12240 12354 12360 12361 12362 12475 12477 12597 12599
moead,513_e-05,19,13,3150,63,29459665.771470,4884.601386,0.265306,0.734694,11882 12118 12232 12233 12238 12239 12240 12354 12360 12361 12362 12475 12477 12597 12599
moead,513_e-05,19,14,3150,63,29459665.771470,4884.601386,0.285714,0.714286,11882 12118 12232 12233 12238 12239 12240 12354 12360 12361 12362 12475 12477 12597 12599
moead,513_e-05,19,15,3150,63,29459665.771470,4884.601386,0.306122,0.693878,11882 12118 12232 12233 12238 12239 12240 12354 12360 12361 12362 12475 12477 12597 12599
moead,513_e-05,19,16,3150,63,29458649.893432,4875.445443,0.326531,0.673469,11890 12000 12232 12233 12238 12239 12240 12241 12360 12361 12362 12476 12477 12597 12599
moead,513_e-05,19,17,3150,63,29458649.893432,4875.445443,0.346939,0.653061,11890 12000 12232 12233 12238 12239 12240 12241 12360 12361 12362 12476 12477 12597 12599
moead,513_e-05,19,18,3150,63,29458649.893432,4875.445443,0.367347,0.632653,11890 12000 12232 12233 12238 12239 12240 12241 12360 12361 12362 12476 12477 12597 12599
moead,513_e-05,19,19,3150,63,29457977.010854,4875.110433,0.387755,0.612245,11890 12232 12233 12234 12238 12239 12240 12360 12361 12362 12475 12476 12477 12597 12599
moead,513_e-05,19,20,3150,63,29457977.010854,4875.110433,0.408163,0.591837,11890 12232 12233 12234 12238 12239 12240 12360 12361 12362 12475 12476 12477 12597 12599
moead,513_e-05,19,21,3150,63,29457977.010854,4875.110433,0.428571,0.571429,11890 12232 12233 12234 12238 12239 12240 12360 12361 12362 12475 12476 12477 12597 12599
moead,513_e-05,19,22,3150,63,29457977.010854,4875.110433,0.448980,0.551020,11890 12232 12233 12234 12238 12239 12240 12360 12361 12362 12475 12476 12477 12597 12599
moead,513_e-05,19,23,3150,63,29457761.434069,4875.110368,0.469388,0.530612,11890 12115 12232 12233 12234 12238 12240 12360 12361 12362 12475 12476 12477 12597 12599
moead,513_e-05,19,24,3150,63,29457761.434069,4875.110368,0.489796,0.510204,11890 12115 12232 12233 12234 12238 12240 12360 12361 12362 12475 12476 12477 12597 12599
moead,513_e-05,19,25,3150,63,29456247.707030,4874.877704,0.510204,0.489796,11890 12115 12232 12233 12234 12236 12238 12239 12240 12360 12361 12475 12476 12477 12599
moead,513_e-05,19,26,3150,63,29456247.707030,4874.877704,0.530612,0.469388,11890 12115 12232 12233 12234 12236 12238 12239 12240 12360 12361 12475 12476 12477 12599
moead,513_e-05,19,27,3150,63,29456247.707030,4874.877704,0.551020,0.448980,11890 12115 12232 12233 12234 12236 12238 12239 12240 12360 12361 12475 12476 12477 12599
moead,513_e-05,19,28,3150,63,29456247.707030,4874.877704,0.571429,0.428571,11890 12115 12232 12233 12234 12236 12238 12239 12240 12360 12361 12475 12476 12477 12599
moead,513_e-05,19,29,3150,63,29456247.707030,4874.877704,0.591837,0.408163,11890 12115 12232 12233 12234 12236 12238 12239 12240 12360 12361 12475 12476 12477 12599
moead,513_e-05,19,30,3150,63,29456247.707030,4874.877704,0.612245,0.387755,11890 12115 12232 12233 12234 12236 12238 12239 12240 12360 12361 12475 12476 12477 12599
moead,513_e-05,19,31,3150,63,29456247.707030,4874.877704,0.632653,0.367347,11890 12115 12232 12233 12234 12236 12238 12239 12240 12360 12361 12475 12476 12477 12599
moead,513_e-05,19,32,3150,63,29456247.707030,4874.877704,0.653061,0.346939,11890 12115 12232 12233 12234 12236 12238 12239 12240 12360 12361 12475 12476 12477 12599
moead,513_e-05,19,33,3150,63,29456247.707030,4874.877704,0.673469,0.326531,11890 12115 12232 12233 12234 12236 12238 12239 12240 12360 12361 12475 12476 12477 12599
moead,513_e-05,19,34,3150,63,29456247.707030,4874.877704,0.693878,0.306122,11890 12115 12232 12233 12234 12236 12238 12239 12240 12360 12361 12475 12476 12477 12599
moead,513_e-05,19,35,3150,63,29456247.707030,4874.877704,0.714286,0.285714,11890 12115 12232 12233 12234 12236 12238 12239 12240 12360 12361 12475 12476 12477 12599
moead,513_e-05,19,36,3150,63,29456247.707030,4874.877704,0.734694,0.265306,11890 12115 12232 12233 12234 12236 12238 12239 12240 12360 12361 12475 12476 12477 12599
moead,513_e-05,19,37,3150,63,29456247.707030,4874.877704,0.755102,0.244898,11890 12115 12232 12233 12234 12236 12238 12239 12240 12360 12361 12475 12476 12477 12599
moead,513_e-05,19,38,3150,63,29456247.707030,4874.877704,0.775510,0.224490,11890 12115 12232 12233 12234 12236 12238 12239 12240 12360 12361 12475 12476 12477 12599
moead,513_e-05,19,39,3150,63,29456247.707030,4874.877704,0.795918,0.204082,11890 12115 12232 12233 12234 12236 12238 12239 12240 12360 12361 12475 12476 12477 12599
moead,513_e-05,19,40,3150,63,29456247.707030,4874.877704,0.816327,0.183673,11890 12115 12232 12233 12234 12236 12238 12239 12240 12360 12361 12475 12476 12477 12599
moead,513_e-05,19,41,3150,63,29456247.707030,4874.877704,0.836735,0.163265,11890 12115 12232 12233 12234 12236 12238 12239 12240 12360 12361 12475 12476 12477 12599
moead,513_e-05,19,42,3150,63,29456247.707030,4874.877704,0.857143,0.142857,11890 12115 12232 12233 12234 12236 12238 12239 12240 12360 12361 12475 12476 12477 12599
moead,513_e-05,19,43,3150,63,29456247.707030,4874.877704,0.877551,0.122449,11890 12115 12232 12233 12234 12236 12238 12239 12240 12360 12361 12475 12476 12477 12599
moead,513_e-05,19,44,3150,63,29456247.707030,4874.877704,0.897959,0.102041,11890 12115 12232 12233 12234 12236 12238 12239 12240 12360 12361 12475 12476 12477 12599
moead,513_e-05,19,45,3150,63,29456247.707030,4874.877704,0.918367,0.081633,11890 12115 12232 12233 12234 12236 12238 12239 12240 12360 12361 12475 12476 12477 12599
moead,513_e-05,19,46,3150,63,29456247.707030,4874.877704,0.938776,0.061224,11890 12115 12232 12233 12234 12236 12238 12239 12240 12360 12361 12475 12476 12477 12599
moead,513_e-05,19,47,3150,63,29456247.707030,4874.877704,0.959184,0.040816,11890 12115 12232 12233 12234 12236 12238 12239 12240 12360 12361 12475 12476 12477 12599
moead,513_e-05,19,48,3150,63,29456247.707030,4874.877704,0.979592,0.020408,11890 12115 12232 12233 12234 12236 12238 12239 12240 12360 12361 12475 12476 12477 12599
moead,513_e-05,19,49,3150,63,29456247.707030,4874.877704,1.000000,0.000000,11890 12115 12232 12233 12234 12236 12238 12239 12240 12360 12361 12475 12476 12477 12599
moead,513_e-05,19,0,3200,64,38519944.317107,6394.922775,0.000000,1.000000,22941 25486 56813 67596 68431 95066 114574 116605 139366 140908 149345 157201 159834 161857 183033
moead,513_e-05,19,1,3200,64,29506203.569724,5212.556288,0.020408,0.979592,11227 11760 11882 12118 12133 12232 12239 12240 12360 12361 12475 12476 12479 12597 12599
moead,513_e-05,19,2,3200,64,29485387.974694,5200.986462,0.040816,0.959184,11760 11882 12118 12133 12232 12238 12239 12240 12360 12361 12475 12476 12479 12597 12599
moead,513_e-05,19,3,3200,64,29477452.349467,5092.005795,0.061224,0.938776,11682 11893 11980 12113 12118 12238 12239 12240 12361 12362 12475 12476 12477 12484 12730
moead,513_e-05,19,4,3200,64,29470651.538419,4997.015039,0.081633,0.918367,11882 12007 12118 12133 12232 12238 12239 12240 12360 12361 12475 12476 12479 12597 12599
moead,513_e-05,19,5,3200,64,29464579.788897,4987.349743,0.102041,0.897959,11882 12118 12232 12238 12239 12360 12361 12362 12475 12476 12477 12481 12597 12599 12730
moead,513_e-05,19,6,3200,64,29464579.788897,4987.349743,0.122449,0.877551,11882 12118 12232 12238 12239 12360 12361 12362 12475 12476 12477 12481 12597 12599 12730
moead,513_e-05,19,7,3200,64,29462714.929047,4983.467140,0.142857,0.857143,11882 12007 12118 12232 12238 12239 12350 12360 12361 12362 12475 12476 12477 12597 12599
moead,513_e-05,19,8,3200,64,29462714.929047,4983.467140,0.163265,0.836735,11882 12007 12118 12232 12238 12239 12350 12360 12361 12362 12475 12476 12477 12597 12599
moead,513_e-05,19,9,3200,64,29461791.177773,4982.720826,0.183673,0.816327,11882 12007 12118 12232 12238 12239 12240 12360 12361 12362 12475 12476 12477 12597 12599
moead,513_e-05,19,10,3200,64,29461791.177773,4982.720826,0.204082,0.795918,11882 12007 12118 12232 12238 12239 12240 12360 12361 12362 12475 12476 12477 12597 12599
moead,513_e-05,19,11,3200,64,29459665.771470,4884.601386,0.224490,0.775510,11882 12118 12232 12233 12238 12239 12240 12354 12360 12361 12362 12475 12477 12597 12599
moead,513_e-05,19,12,3200,64,29459665.771470,4884.601386,0.244898,0.755102,11882 12118 12232 12233 12238 12239 12240 12354 12360 12361 12362 12475 12477 12597 12599
moead,513_e-05,19,13,3200,64,29459665.771470,4884.601386,0.265306,0.734694,11882 12118 12232 12233 12238 12239 12240 12354 12360 12361 12362 12475 12477 12597 12599
moead,513_e-05,19,14,3200,64,29459665.771470,4884.601386,0.285714,0.714286,11882 12118 12232 12233 12238 12239 12240 12354 12360 12361 12362 12475 12477 12597 12599
moead,513_e-05,19,15,3200,64,29458649.893432,4875.445443,0.306122,0.693878,11890 12000 12232 12233 12238 12239 12240 12241 12360 12361 12362 12476 12477 12597 12599
moead,513_e-05,19,16,3200,64,29458649.893432,4875.445443,0.326531,0.673469,11890 12000 12232 12233 12238 12239 12240 12241 12360 12361 12362 12476 12477 12597 12599
moead,513_e-05,19,17,3200,64,29458649.893432,4875.445443,0.346939,0.653061,11890 12000 12232 12233 12238 12239 12240 12241 12360 12361 12362 12476 12477 12597 12599
moead,513_e-05,19,18,3200,64,29458649.893432,4875.445443,0.367347,0.632653,11890 12000 12232 12233 12238 12239 12240 12241 12360 12361 12362 12476 12477 12597 12599
moead,513_e-05,19,19,3200,64,29457977.010854,4875.110433,0.387755,0.612245,11890 12232 12233 12234 12238 12239 12240 12360 12361 12362 12475 12476 12477 12597 12599
moead,513_e-05,19,20,3200,64,29457977.010854,4875.110433,0.408163,0.591837,11890 12232 12233 12234 12238 12239 12240 12360 12361 12362 12475 12476 12477 12597 12599
moead,513_e-05,19,21,3200,64,29457977.010854,4875.110433,0.428571,0.571429,11890 12232 12233 12234 12238 12239 12240 12360 12361 12362 12475 12476 12477 12597 12599
moead,513_e-05,19,22,3200,64,29457761.434069,4875.110368,0.448980,0.551020,11890 12115 12232 12233 12234 12238 12240 12360 12361 12362 12475 12476 12477 12597 12599
moead,513_e-05,19,23,3200,64,29457761.434069,4875.110368,0.469388,0.530612,11890 12115 12232 12233 12234 12238 12240 12360 12361 12362 12475 12476 12477 12597 12599
moead,513_e-05,19,24,3200,64,29456247.707030,4874.877704,0.489796,0.510204,11890 12115 12232 12233 12234 12236 12238 12239 12240 12360 12361 12475 12476 12477 12599
moead,513_e-05,19,25,3200,64,29456247.707030,4874.877704,0.510204,0.489796,11890 12115 12232 12233 12234 12236 12238 12239 12240 12360 12361 12475 12476 12477 12599
moead,513_e-05,19,26,3200,64,29456247.707030,4874.877704,0.530612,0.469388,11890 12115 12232 12233 12234 12236 12238 12239 12240 12360 12361 12475 12476 12477 12599
moead,513_e-05,19,27,3200,64,29456247.707030,4874.877704,0.551020,0.448980,11890 12115 12232 12233 12234 12236 12238 12239 12240 12360 12361 12475 12476 12477 12599
moead,513_e-05,19,28,3200,64,29456247.707030,4874.877704,0.571429,0.428571,11890 12115 12232 12233 12234 12236 12238 12239 12240 12360 12361 12475 12476 12477 12599
moead,513_e-05,19,29,3200,64,29456247.707030,4874.877704,0.591837,0.408163,11890 12115 12232 12233 12234 12236 12238 12239 12240 12360 12361 12475 12476 12477 12599
moead,513_e-05,19,30,3200,64,29456247.707030,4874.877704,0.612245,0.387755,11890 12115 12232 12233 12234 12236 12238 12239 12240 12360 12361 12475 12476 12477 12599
moead,513_e-05,19,31,3200,64,29456247.707030,4874.877704,0.632653,0.367347,11890 12115 12232 12233 12234 12236 12238 12239 12240 12360 12361 12475 12476 12477 12599
moead,513_e-05,19,32,3200,64,29456247.707030,4874.877704,0.653061,0.346939,11890 12115 12232 12233 12234 12236 12238 12239 12240 12360 12361 12475 12476 12477 12599
moead,513_e-05,19,33,3200,64,29456247.707030,4874.877704,0.673469,0.326531,11890 12115 12232 12233 12234 12236 12238 12239 12240 12360 12361 12475 12476 12477 12599
moead,513_e-05,19,34,3200,64,29456247.707030,4874.877704,0.693878,0.306122,11890 12115 12232 12233 12234 12236 12238 12239 12240 12360 12361 12475 12476 12477 12599
moead,513_e-05,19,35,3200,64,29456247.707030,4874.877704,0.714286,0.285714,11890 12115 12232 12233 12234 12236 12238 12239 12240 12360 12361 12475 12476 12477 12599
moead,513_e-05,19,36,3200,64,29456247.707030,4874.877704,0.734694,0.265306,11890 12115 12232 12233 12234 12236 12238 12239 12240 12360 12361 12475 12476 12477 12599
moead,513_e-05,19,37,3200,64,29456247.707030,4874.877704,0.755102,0.244898,11890 12115 12232 12233 12234 12236 12238 12239 12240 12360 12361 12475 12476 12477 12599
moead,513_e-05,19,38,3200,64,29456247.707030,4874.877704,0.775510,0.224490,11890 12115 12232 12233 12234 12236 12238 12239 12240 12360 12361 12475 12476 12477 12599
moead,513_e-05,19,39,3200,64,29456247.707030,4874.877704,0.795918,0.204082,11890 12115 12232 12233 12234 12236 12238 12239 12240 12360 12361 12475 12476 12477 12599
moead,513_e-05,19,40,3200,64,29456247.707030,4874.877704,0.816327,0.183673,11890 12115 12232 12233 12234 12236 12238 12239 12240 12360 12361 12475 12476 12477 12599
moead,513_e-05,19,41,3200,64,29456247.707030,4874.877704,0.836735,0.163265,11890 12115 12232 12233 12234 12236 12238 12239 12240 12360 12361 12475 12476 12477 12599
moead,513_e-05,19,42,3200,64,29456247.707030,4874.877704,0.857143,0.142857,11890 12115 12232 12233 12234 12236 12238 12239 12240 12360 12361 12475 12476 12477 12599
moead,513_e-05,19,43,3200,64,29456247.707030,4874.877704,0.877551,0.122449,11890 12115 12232 12233 12234 12236 12238 12239 12240 12360 12361 12475 12476 12477 12599
moead,513_e-05,19,44,3200,64,29456247.707030,4874.877704,0.897959,0.102041,11890 12115 12232 12233 12234 12236 12238 12239 12240 12360 12361 12475 12476 12477 12599
moead,513_e-05,19,45,3200,64,29456247.707030,4874.877704,0.918367,0.081633,11890 12115 12232 12233 12234 12236 12238 12239 12240 12360 12361 12475 12476 12477 12599
moead,513_e-05,19,46,3200,64,29456247.707030,4874.877704,0.938776,0.061224,11890 12115 12232 12233 12234 12236 12238 12239 12240 12360 12361 12475 12476 12477 12599
moead,513_e-05,19,47,3200,64,29456247.707030,4874.877704,0.959184,0.040816,11890 12115 12232 12233 12234 12236 12238 12239 12240 12360 12361 12475 12476 12477 12599
moead,513_e-05,19,48,3200,64,29456247.707030,4874.877704,0.979592,0.020408,11890 12115 12232 12233 12234 12236 12238 12239 12240 12360 12361 12475 12476 12477 12599
moead,513_e-05,19,49,3200,64,29456247.707030,4874.877704,1.000000,0.000000,11890 12115 12232 12233 12234 12236 12238 12239 12240 12360 12361 12475 12476 12477 12599
moead,513_e-05,19,0,3250,65,36814709.266970,6394.922775,0.000000,1.000000,9705 12599 25486 47540 56813 65165 79251 79439 95066 114574 133532 134270 149345 157201 179621
moead,513_e-05,19,1,3250,65,29506203.569724,5212.556288,0.020408,0.979592,11227 11760 11882 12118 12133 12232 12239 12240 12360 12361 12475 12476 12479 12597 12599
moead,513_e-05,19,2,3250,65,29485387.974694,5200.986462,0.040816,0.959184,11760 11882 12118 12133 12232 12238 12239 12240 12360 12361 12475 12476 12479 12597 12599
moead,513_e-05,19,3,3250,65,29477452.349467,5092.005795,0.061224,0.938776,11682 11893 11980 12113 12118 12238 12239 12240 12361 12362 12475 12476 12477 12484 12730
moead,513_e-05,19,4,3250,65,29470651.538419,4997.015039,0.081633,0.918367,11882 12007 12118 12133 12232 12238 12239 12240 12360 12361 12475 12476 12479 12597 12599
moead,513_e-05,19,5,3250,65,29464579.788897,4987.349743,0.102041,0.897959,11882 12118 12232 12238 12239 12360 12361 12362 12475 12476 12477 12481 12597 12599 12730
moead,513_e-05,19,6,3250,65,29464579.788897,4987.349743,0.122449,0.877551,11882 12118 12232 12238 12239 12360 12361 12362 12475 12476 12477 12481 12597 12599 12730
moead,513_e-05,19,7,3250,65,29462714.929047,4983.467140,0.142857,0.857143,11882 12007 12118 12232 12238 12239 12350 12360 12361 12362 12475 12476 12477 12597 12599
moead,513_e-05,19,8,3250,65,29462714.929047,4983.467140,0.163265,0.836735,11882 12007 12118 12232 12238 12239 12350 12360 12361 12362 12475 12476 12477 12597 12599
moead,513_e-05,19,9,3250,65,29461791.177773,4982.720826,0.183673,0.816327,11882 12007 12118 12232 12238 12239 12240 12360 12361 12362 12475 12476 12477 12597 12599
moead,513_e-05,19,10,3250,65,29461791.177773,4982.720826,0.204082,0.795918,11882 12007 12118 12232 12238 12239 12240 12360 12361 12362 12475 12476 12477 12597 12599
moead,513_e-05,19,11,3250,65,29459665.771470,4884.601386,0.224490,0.775510,11882 12118 12232 12233 12238 12239 12240 12354 12360 12361 12362 12475 12477 12597 12599
moead,513_e-05,19,12,3250,65,29459665.771470,4884.601386,0.244898,0.755102,11882 12118 12232 12233 12238 12239 12240 12354 12360 12361 12362 12475 12477 12597 12599
moead,513_e-05,19,13,3250,65,29459665.771470,4884.601386,0.265306,0.734694,11882 12118 12232 12233 12238 12239 12240 12354 12360 12361 12362 12475 12477 12597 12599
moead,513_e-05,19,14,3250,65,29459665.771470,4884.601386,0.285714,0.714286,11882 12118 12232 12233 12238 12239 12240 12354 12360 12361 12362 12475 12477 12597 12599
moead,513_e-05,19,15,3250,65,29458649.893432,4875.445443,0.306122,0.693878,11890 12000 12232 12233 12238 12239 12240 12241 12360 12361 12362 12476 12477 12597 12599
moead,513_e-05,19,16,3250,65,29458649.893432,4875.445443,0.326531,0.673469,11890 12000 12232 12233 12238 12239 12240 12241 12360 12361 12362 12476 12477 12597 12599
moead,513_e-05,19,17,3250,65,29458649.893432,4875.445443,0.346939,0.653061,11890 12000 12232 12233 12238 12239 12240 12241 12360 12361 12362 12476 12477 12597 12599
moead,513_e-05,19,18,3250,65,29458649.893432,4875.445443,0.367347,0.632653,11890 12000 12232 12233 12238 12239 12240 12241 12360 12361 12362 12476 12477 12597 12599
moead,513_e-05,19,19,3250,65,29457977.010854,4875.110433,0.387755,0.612245,11890 12232 12233 12234 12238 12239 12240 12360 12361 12362 12475 12476 12477 12597 12599
moead,513_e-05,19,20,3250,65,29457977.010854,4875.110433,0.408163,0.591837,11890 12232 12233 12234 12238 12239 12240 12360 12361 12362 12475 12476 12477 12597 12599
moead,513_e-05,19,21,3250,65,29457977.010854,4875.110433,0.428571,0.571429,11890 12232 12233 12234 12238 12239 12240 12360 12361 12362 12475 12476 12477 12597 12599
moead,513_e-05,19,22,3250,65,29457761.434069,4875.110368,0.448980,0.551020,11890 12115 12232 12233 12234 12238 12240 12360 12361 12362 12475 12476 12477 12597 12599
moead,513_e-05,19,23,3250,65,29457761.434069,4875.110368,0.469388,0.530612,11890 12115 12232 12233 12234 12238 12240 12360 12361 12362 12475 12476 12477 12597 12599
moead,513_e-05,19,24,3250,65,29456247.707030,4874.877704,0.489796,0.510204,11890 12115 12232 12233 12234 12236 12238 12239 12240 12360 12361 12475 12476 12477 12599
moead,513_e-05,19,25,3250,65,29456247.707030,4874.877704,0.510204,0.489796,11890 12115 12232 12233 12234 12236 12238 12239 12240 12360 12361 12475 12476 12477 12599
moead,513_e-05,19,26,3250,65,29456247.707030,4874.877704,0.530612,0.469388,11890 12115 12232 12233 12234 12236 12238 12239 12240 12360 12361 12475 12476 12477 12599
moead,513_e-05,19,27,3250,65,29456247.707030,4874.877704,0.551020,0.448980,11890 12115 12232 12233 12234 12236 12238 12239 12240 12360 12361 12475 12476 12477 12599
moead,513_e-05,19,28,3250,65,29456247.707030,4874.877704,0.571429,0.428571,11890 12115 12232 12233 12234 12236 12238 12239 12240 12360 12361 12475 12476 12477 12599
moead,513_e-05,19,29,3250,65,29456247.707030,4874.877704,0.591837,0.408163,11890 12115 12232 12233 12234 12236 12238 12239 12240 12360 12361 12475 12476 12477 12599
moead,513_e-05,19,30,3250,65,29456247.707030,4874.877704,0.612245,0.387755,11890 12115 12232 12233 12234 12236 12238 12239 12240 12360 12361 12475 12476 12477 12599
moead,513_e-05,19,31,3250,65,29456247.707030,4874.877704,0.632653,0.367347,11890 12115 12232 12233 12234 12236 12238 12239 12240 12360 12361 12475 12476 12477 12599
moead,513_e-05,19,32,3250,65,29456247.707030,4874.877704,0.653061,0.346939,11890 12115 12232 12233 12234 12236 12238 12239 12240 12360 12361 12475 12476 12477 12599
moead,513_e-05,19,33,3250,65,29456247.707030,4874.877704,0.673469,0.326531,11890 12115 12232 12233 12234 12236 12238 12239 12240 12360 12361 12475 12476 12477 12599
moead,513_e-05,19,34,3250,65,29456247.707030,4874.877704,0.693878,0.306122,11890 12115 12232 12233 12234 12236 12238 12239 12240 12360 12361 12475 12476 12477 12599
moead,513_e-05,19,35,3250,65,29456247.707030,4874.877704,0.714286,0.285714,11890 12115 12232 12233 12234 12236 12238 12239 12240 12360 12361 12475 12476 12477 12599
moead,513_e-05,19,36,3250,65,29456247.707030,4874.877704,0.734694,0.265306,11890 12115 12232 12233 12234 12236 12238 12239 12240 12360 12361 12475 12476 12477 12599
moead,513_e-05,19,37,3250,65,29456247.707030,4874.877704,0.755102,0.244898,11890 12115 12232 12233 12234 12236 12238 12239 12240 12360 12361 12475 12476 12477 12599
moead,513_e-05,19,38,3250,65,29456247.707030,4874.877704,0.775510,0.224490,11890 12115 12232 12233 12234 12236 12238 12239 12240 12360 12361 12475 12476 12477 12599
moead,513_e-05,19,39,3250,65,29456247.707030,4874.877704,0.795918,0.204082,11890 12115 12232 12233 12234 12236 12238 12239 12240 12360 12361 12475 12476 12477 12599
moead,513_e-05,19,40,3250,65,29456247.707030,4874.877704,0.816327,0.183673,11890 12115 12232 12233 12234 12236 12238 12239 12240 12360 12361 12475 12476 12477 12599
moead,513_e-05,19,41,3250,65,29456247.707030,4874.877704,0.836735,0.163265,11890 12115 12232 12233 12234 12236 12238 12239 12240 12360 12361 12475 12476 12477 12599
moead,513_e-05,19,42,3250,65,29456247.707030,4874.877704,0.857143,0.142857,11890 12115 12232 12233 12234 12236 12238 12239 12240 12360 12361 12475 12476 12477 12599
moead,513_e-05,19,43,3250,65,29456247.707030,4874.877704,0.877551,0.122449,11890 12115 12232 12233 12234 12236 12238 12239 12240 12360 12361 12475 12476 12477 12599
moead,513_e-05,19,44,3250,65,29456247.707030,4874.877704,0.897959,0.102041,11890 12115 12232 12233 12234 12236 12238 12239 12240 12360 12361 12475 12476 12477 12599
moead,513_e-05,19,45,3250,65,29456247.707030,4874.877704,0.918367,0.081633,11890 12115 12232 12233 12234 12236 12238 12239 12240 12360 12361 12475 12476 12477 12599
moead,513_e-05,19,46,3250,65,29456247.707030,4874.877704,0.938776,0.061224,11890 12115 12232 12233 12234 12236 12238 12239 12240 12360 12361 12475 12476 12477 12599
moead,513_e-05,19,47,3250,65,29456247.707030,4874.877704,0.959184,0.040816,11890 12115 12232 12233 12234 12236 12238 12239 12240 12360 12361 12475 12476 12477 12599
moead,513_e-05,19,48,3250,65,29456247.707030,4874.877704,0.979592,0.020408,11890 12115 12232 12233 12234 12236 12238 12239 12240 12360 12361 12475 12476 12477 12599
moead,513_e-05,19,49,3250,65,29456247.707030,4874.877704,1.000000,0.000000,11890 12115 12232 12233 12234 12236 12238 12239 12240 12360 12361 12475 12476 12477 12599
moead,513_e-05,19,0,3300,66,37452222.687204,6394.922775,0.000000,1.000000,9705 9969 24078 25486 47540 48329 56813 79439 95066 98573 133532 149345 154906 157201 179621
moead,513_e-05,19,1,3300,66,29506203.569724,5212.556288,0.020408,0.979592,11227 11760 11882 12118 12133 12232 12239 12240 12360 12361 12475 12476 12479 12597 12599
moead,513_e-05,19,2,3300,66,29485387.974694,5200.986462,0.040816,0.959184,11760 11882 12118 12133 12232 12238 12239 12240 12360 12361 12475 12476 12479 12597 12599
moead,513_e-05,19,3,3300,66,29477452.349467,5092.005795,0.061224,0.938776,11682 11893 11980 12113 12118 12238 12239 12240 12361 12362 12475 12476 12477 12484 12730
moead,513_e-05,19,4,3300,66,29470651.538419,4997.015039,0.081633,0.918367,11882 12007 12118 12133 12232 12238 12239 12240 12360 12361 12475 12476 12479 12597 12599
moead,513_e-05,19,5,3300,66,29464579.788897,4987.349743,0.102041,0.897959,11882 12118 12232 12238 12239 12360 12361 12362 12475 12476 12477 12481 12597 12599 12730
moead,513_e-05,19,6,3300,66,29464579.788897,4987.349743,0.122449,0.877551,11882 12118 12232 12238 12239 12360 12361 12362 12475 12476 12477 12481 12597 12599 12730
moead,513_e-05,19,7,3300,66,29462714.929047,4983.467140,0.142857,0.857143,11882 12007 12118 12232 12238 12239 12350 12360 12361 12362 12475 12476 12477 12597 12599
moead,513_e-05,19,8,3300,66,29462714.929047,4983.467140,0.163265,0.836735,11882 12007 12118 12232 12238 12239 12350 12360 12361 12362 12475 12476 12477 12597 12599
moead,513_e-05,19,9,3300,66,29461581.521863,4982.720826,0.183673,0.816327,11882 12007 12118 12232 12238 12239 12240 12354 12360 12361 12362 12475 12477 12597 12599
moead,513_e-05,19,10,3300,66,29461581.521863,4982.720826,0.204082,0.795918,11882 12007 12118 12232 12238 12239 12240 12354 12360 12361 12362 12475 12477 12597 12599
moead,513_e-05,19,11,3300,66,29459665.771470,4884.601386,0.224490,0.775510,11882 12118 12232 12233 12238 12239 12240 12354 12360 12361 12362 12475 12477 12597 12599
moead,513_e-05,19,12,3300,66,29459665.771470,4884.601386,0.244898,0.755102,11882 12118 12232 12233 12238 12239 12240 12354 12360 12361 12362 12475 12477 12597 12599
moead,513_e-05,19,13,3300,66,29459665.771470,4884.601386,0.265306,0.734694,11882 12118 12232 12233 12238 12239 12240 12354 12360 12361 12362 12475 12477 12597 12599
moead,513_e-05,19,14,3300,66,29459665.771470,4884.601386,0.285714,0.714286,11882 12118 12232 12233 12238 12239 12240 12354 12360 12361 12362 12475 12477 12597 12599
moead,513_e-05,19,15,3300,66,29458649.893432,4875.445443,0.306122,0.693878,11890 12000 12232 12233 12238 12239 12240 12241 12360 12361 12362 12476 12477 12597 12599
moead,513_e-05,19,16,3300,66,29458649.893432,4875.445443,0.326531,0.673469,11890 12000 12232 12233 12238 12239 12240 12241 12360 12361 12362 12476 12477 12597 12599
moead,513_e-05,19,17,3300,66,29458649.893432,4875.445443,0.346939,0.653061,11890 12000 12232 12233 12238 12239 12240 12241 12360 12361 12362 12476 12477 12597 12599
moead,513_e-05,19,18,3300,66,29458649.893432,4875.445443,0.367347,0.632653,11890 12000 12232 12233 12238 12239 12240 12241 12360 12361 12362 12476 12477 12597 12599
moead,513_e-05,19,19,3300,66,29457977.010854,4875.110433,0.387755,0.612245,11890 12232 12233 12234 12238 12239 12240 12360 12361 12362 12475 12476 12477 12597 12599
moead,513_e-05,19,20,3300,66,29457977.010854,4875.110433,0.408163,0.591837,11890 12232 12233 12234 12238 12239 12240 12360 12361 12362 12475 12476 12477 12597 12599
moead,513_e-05,19,21,3300,66,29457977.010854,4875.110433,0.428571,0.571429,11890 12232 12233 12234 12238 12239 12240 12360 12361 12362 12475 12476 12477 12597 12599
moead,513_e-05,19,22,3300,66,29457761.434069,4875.110368,0.448980,0.551020,11890 12115 12232 12233 12234 12238 12240 12360 12361 12362 12475 12476 12477 12597 12599
moead,513_e-05,19,23,3300,66,29457761.434069,4875.110368,0.469388,0.530612,11890 12115 12232 12233 12234 12238 12240 12360 12361 12362 12475 12476 12477 12597 12599
moead,513_e-05,19,24,3300,66,29456245.306165,4874.884149,0.489796,0.510204,11890 12000 12115 12232 12233 12234 12236 12238 12239 12240 12360 12361 12475 12477 12599
moead,513_e-05,19,25,3300,66,29456245.306165,4874.884149,0.510204,0.489796,11890 12000 12115 12232 12233 12234 12236 12238 12239 12240 12360 12361 12475 12477 12599
moead,513_e-05,19,26,3300,66,29456245.306165,4874.884149,0.530612,0.469388,11890 12000 12115 12232 12233 12234 12236 12238 12239 12240 12360 12361 12475 12477 12599
moead,513_e-05,19,27,3300,66,29456245.306165,4874.884149,0.551020,0.448980,11890 12000 12115 12232 12233 12234 12236 12238 12239 12240 12360 12361 12475 12477 12599
moead,513_e-05,19,28,3300,66,29456245.306165,4874.884149,0.571429,0.428571,11890 12000 12115 12232 12233 12234 12236 12238 12239 12240 12360 12361 12475 12477 12599
moead,513_e-05,19,29,3300,66,29456245.306165,4874.884149,0.591837,0.408163,11890 12000 12115 12232 12233 12234 12236 12238 12239 12240 12360 12361 12475 12477 12599
moead,513_e-05,19,30,3300,66,29456245.306165,4874.884149,0.612245,0.387755,11890 12000 12115 12232 12233 12234 12236 12238 12239 12240 12360 12361 12475 12477 12599
moead,513_e-05,19,31,3300,66,29456245.306165,4874.884149,0.632653,0.367347,11890 12000 12115 12232 12233 12234 12236 12238 12239 12240 12360 12361 12475 12477 12599
moead,513_e-05,19,32,3300,66,29456245.306165,4874.884149,0.653061,0.346939,11890 12000 12115 12232 12233 12234 12236 12238 12239 12240 12360 12361 12475 12477 12599
moead,513_e-05,19,33,3300,66,29456245.306165,4874.884149,0.673469,0.326531,11890 12000 12115 12232 12233 12234 12236 12238 12239 12240 12360 12361 12475 12477 12599
moead,513_e-05,19,34,3300,66,29456245.306165,4874.884149,0.693878,0.306122,11890 12000 12115 12232 12233 12234 12236 12238 12239 12240 12360 12361 12475 12477 12599
moead,513_e-05,19,35,3300,66,29456245.306165,4874.884149,0.714286,0.285714,11890 12000 12115 12232 12233 12234 12236 12238 12239 12240 12360 12361 12475 12477 12599
moead,513_e-05,19,36,3300,66,29456245.306165,4874.884149,0.734694,0.265306,11890 12000 12115 12232 12233 12234 12236 12238 12239 12240 12360 12361 12475 12477 12599
moead,513_e-05,19,37,3300,66,29456245.306165,4874.884149,0.755102,0.244898,11890 12000 12115 12232 12233 12234 12236 12238 12239 12240 12360 12361 12475 12477 12599
moead,513_e-05,19,38,3300,66,29456245.306165,4874.884149,0.775510,0.224490,11890 12000 12115 12232 12233 12234 12236 12238 12239 12240 12360 12361 12475 12477 12599
moead,513_e-05,19,39,3300,66,29456245.306165,4874.884149,0.795918,0.204082,11890 12000 12115 12232 12233 12234 12236 12238 12239 12240 12360 12361 12475 12477 12599
moead,513_e-05,19,40,3300,66,29456245.306165,4874.884149,0.816327,0.183673,11890 12000 12115 12232 12233 12234 12236 12238 12239 12240 12360 12361 12475 12477 12599
moead,513_e-05,19,41,3300,66,29456245.306165,4874.884149,0.836735,0.163265,11890 12000 12115 12232 12233 12234 12236 12238 12239 12240 12360 12361 12475 12477 12599
moead,513_e-05,19,42,3300,66,29456245.306165,4874.884149,0.857143,0.142857,11890 12000 12115 12232 12233 12234 12236 12238 12239 12240 12360 12361 12475 12477 12599
moead,513_e-05,19,43,3300,66,29456245.306165,4874.884149,0.877551,0.122449,11890 12000 12115 12232 12233 12234 12236 12238 12239 12240 12360 12361 12475 12477 12599
moead,513_e-05,19,44,3300,66,29456245.306165,4874.884149,0.897959,0.102041,11890 12000 12115 12232 12233 12234 12236 12238 12239 12240 12360 12361 12475 12477 12599
moead,513_e-05,19,45,3300,66,29456245.306165,4874.884149,0.918367,0.081633,11890 12000 12115 12232 12233 12234 12236 12238 12239 12240 12360 12361 12475 12477 12599
moead,513_e-05,19,46,3300,66,29456245.306165,4874.884149,0.938776,0.061224,11890 12000 12115 12232 12233 12234 12236 12238 12239 12240 12360 12361 12475 12477 12599
moead,513_e-05,19,47,3300,66,29456245.306165,4874.884149,0.959184,0.040816,11890 12000 12115 12232 12233 12234 12236 12238 12239 12240 12360 12361 12475 12477 12599
moead,513_e-05,19,48,3300,66,29456245.306165,4874.884149,0.979592,0.020408,11890 12000 12115 12232 12233 12234 12236 12238 12239 12240 12360 12361 12475 12477 12599
moead,513_e-05,19,49,3300,66,29456245.306165,4874.884149,1.000000,0.000000,11890 12000 12115 12232 12233 12234 12236 12238 12239 12240 12360 12361 12475 12477 12599
moead,513_e-05,19,0,3350,67,37644003.430960,6394.922775,0.000000,1.000000,2056 9969 24078 25486 47540 48329 56813 79439 81623 95066 100484 133532 149345 154166 179621
moead,513_e-05,19,1,3350,67,29506203.569724,5212.556288,0.020408,0.979592,11227 11760 11882 12118 12133 12232 12239 12240 12360 12361 12475 12476 12479 12597 12599
moead,513_e-05,19,2,3350,67,29485387.974694,5200.986462,0.040816,0.959184,11760 11882 12118 12133 12232 12238 12239 12240 12360 12361 12475 12476 12479 12597 12599
moead,513_e-05,19,3,3350,67,29477452.349467,5092.005795,0.061224,0.938776,11682 11893 11980 12113 12118 12238 12239 12240 12361 12362 12475 12476 12477 12484 12730
moead,513_e-05,19,4,3350,67,29470651.538419,4997.015039,0.081633,0.918367,11882 12007 12118 12133 12232 12238 12239 12240 12360 12361 12475 12476 12479 12597 12599
moead,513_e-05,19,5,3350,67,29464579.788897,4987.349743,0.102041,0.897959,11882 12118 12232 12238 12239 12360 12361 12362 12475 12476 12477 12481 12597 12599 12730
moead,513_e-05,19,6,3350,67,29464579.788897,4987.349743,0.122449,0.877551,11882 12118 12232 12238 12239 12360 12361 12362 12475 12476 12477 12481 12597 12599 12730
moead,513_e-05,19,7,3350,67,29462714.929047,4983.467140,0.142857,0.857143,11882 12007 12118 12232 12238 12239 12350 12360 12361 12362 12475 12476 12477 12597 12599
moead,513_e-05,19,8,3350,67,29462714.929047,4983.467140,0.163265,0.836735,11882 12007 12118 12232 12238 12239 12350 12360 12361 12362 12475 12476 12477 12597 12599
moead,513_e-05,19,9,3350,67,29461581.521863,4982.720826,0.183673,0.816327,11882 12007 12118 12232 12238 12239 12240 12354 12360 12361 12362 12475 12477 12597 12599
moead,513_e-05,19,10,3350,67,29461581.521863,4982.720826,0.204082,0.795918,11882 12007 12118 12232 12238 12239 12240 12354 12360 12361 12362 12475 12477 12597 12599
moead,513_e-05,19,11,3350,67,29459665.771470,4884.601386,0.224490,0.775510,11882 12118 12232 12233 12238 12239 12240 12354 12360 12361 12362 12475 12477 12597 12599
moead,513_e-05,19,12,3350,67,29459665.771470,4884.601386,0.244898,0.755102,11882 12118 12232 12233 12238 12239 12240 12354 12360 12361 12362 12475 12477 12597 12599
moead,513_e-05,19,13,3350,67,29459665.771470,4884.601386,0.265306,0.734694,11882 12118 12232 12233 12238 12239 12240 12354 12360 12361 12362 12475 12477 12597 12599
moead,513_e-05,19,14,3350,67,29459665.771470,4884.601386,0.285714,0.714286,11882 12118 12232 12233 12238 12239 12240 12354 12360 12361 12362 12475 12477 12597 12599
moead,513_e-05,19,15,3350,67,29458649.893432,4875.445443,0.306122,0.693878,11890 12000 12232 12233 12238 12239 12240 12241 12360 12361 12362 12476 12477 12597 12599
moead,513_e-05,19,16,3350,67,29458649.893432,4875.445443,0.326531,0.673469,11890 12000 12232 12233 12238 12239 12240 12241 12360 12361 12362 12476 12477 12597 12599
moead,513_e-05,19,17,3350,67,29458649.893432,4875.445443,0.346939,0.653061,11890 12000 12232 12233 12238 12239 12240 12241 12360 12361 12362 12476 12477 12597 12599
moead,513_e-05,19,18,3350,67,29458649.893432,4875.445443,0.367347,0.632653,11890 12000 12232 12233 12238 12239 12240 12241 12360 12361 12362 12476 12477 12597 12599
moead,513_e-05,19,19,3350,67,29457977.010854,4875.110433,0.387755,0.612245,11890 12232 12233 12234 12238 12239 12240 12360 12361 12362 12475 12476 12477 12597 12599
moead,513_e-05,19,20,3350,67,29457977.010854,4875.110433,0.408163,0.591837,11890 12232 12233 12234 12238 12239 12240 12360 12361 12362 12475 12476 12477 12597 12599
moead,513_e-05,19,21,3350,67,29457977.010854,4875.110433,0.428571,0.571429,11890 12232 12233 12234 12238 12239 12240 12360 12361 12362 12475 12476 12477 12597 12599
moead,513_e-05,19,22,3350,67,29457761.434069,4875.110368,0.448980,0.551020,11890 12115 12232 12233 12234 12238 12240 12360 12361 12362 12475 12476 12477 12597 12599
moead,513_e-05,19,23,3350,67,29457761.434069,4875.110368,0.469388,0.530612,11890 12115 12232 12233 12234 12238 12240 12360 12361 12362 12475 12476 12477 12597 12599
moead,513_e-05,19,24,3350,67,29456245.306165,4874.884149,0.489796,0.510204,11890 12000 12115 12232 12233 12234 12236 12238 12239 12240 12360 12361 12475 12477 12599
moead,513_e-05,19,25,3350,67,29456245.306165,4874.884149,0.510204,0.489796,11890 12000 12115 12232 12233 12234 12236 12238 12239 12240 12360 12361 12475 12477 12599
moead,513_e-05,19,26,3350,67,29456245.306165,4874.884149,0.530612,0.469388,11890 12000 12115 12232 12233 12234 12236 12238 12239 12240 12360 12361 12475 12477 12599
moead,513_e-05,19,27,3350,67,29456245.306165,4874.884149,0.551020,0.448980,11890 12000 12115 12232 12233 12234 12236 12238 12239 12240 12360 12361 12475 12477 12599
moead,513_e-05,19,28,3350,67,29456245.306165,4874.884149,0.571429,0.428571,11890 12000 12115 12232 12233 12234 12236 12238 12239 12240 12360 12361 12475 12477 12599
moead,513_e-05,19,29,3350,67,29456245.306165,4874.884149,0.591837,0.408163,11890 12000 12115 12232 12233 12234 12236 12238 12239 12240 12360 12361 12475 12477 12599
moead,513_e-05,19,30,3350,67,29456245.306165,4874.884149,0.612245,0.387755,11890 12000 12115 12232 12233 12234 12236 12238 12239 12240 12360 12361 12475 12477 12599
moead,513_e-05,19,31,3350,67,29456245.306165,4874.884149,0.632653,0.367347,11890 12000 12115 12232 12233 12234 12236 12238 12239 12240 12360 12361 12475 12477 12599
moead,513_e-05,19,32,3350,67,29456245.306165,4874.884149,0.653061,0.346939,11890 12000 12115 12232 12233 12234 12236 12238 12239 12240 12360 12361 12475 12477 12599
moead,513_e-05,19,33,3350,67,29456245.306165,4874.884149,0.673469,0.326531,11890 12000 12115 12232 12233 12234 12236 12238 12239 12240 12360 12361 12475 12477 12599
moead,513_e-05,19,34,3350,67,29456245.306165,4874.884149,0.693878,0.306122,11890 12000 12115 12232 12233 12234 12236 12238 12239 12240 12360 12361 12475 12477 12599
moead,513_e-05,19,35,3350,67,29456245.306165,4874.884149,0.714286,0.285714,11890 12000 12115 12232 12233 12234 12236 12238 12239 12240 12360 12361 12475 12477 12599
moead,513_e-05,19,36,3350,67,29456245.306165,4874.884149,0.734694,0.265306,11890 12000 12115 12232 12233 12234 12236 12238 12239 12240 12360 12361 12475 12477 12599
moead,513_e-05,19,37,3350,67,29456245.306165,4874.884149,0.755102,0.244898,11890 12000 12115 12232 12233 12234 12236 12238 12239 12240 12360 12361 12475 12477 12599
moead,513_e-05,19,38,3350,67,29456245.306165,4874.884149,0.775510,0.224490,11890 12000 12115 12232 12233 12234 12236 12238 12239 12240 12360 12361 12475 12477 12599
moead,513_e-05,19,39,3350,67,29456245.306165,4874.884149,0.795918,0.204082,11890 12000 12115 12232 12233 12234 12236 12238 12239 12240 12360 12361 12475 12477 12599
moead,513_e-05,19,40,3350,67,29456245.306165,4874.884149,0.816327,0.183673,11890 12000 12115 12232 12233 12234 12236 12238 12239 12240 12360 12361 12475 12477 12599
moead,513_e-05,19,41,3350,67,29456245.306165,4874.884149,0.836735,0.163265,11890 12000 12115 12232 12233 12234 12236 12238 12239 12240 12360 12361 12475 12477 12599
moead,513_e-05,19,42,3350,67,29456245.306165,4874.884149,0.857143,0.142857,11890 12000 12115 12232 12233 12234 12236 12238 12239 12240 12360 12361 12475 12477 12599
moead,513_e-05,19,43,3350,67,29456245.306165,4874.884149,0.877551,0.122449,11890 12000 12115 12232 12233 12234 12236 12238 12239 12240 12360 12361 12475 12477 12599
moead,513_e-05,19,44,3350,67,29456245.306165,4874.884149,0.897959,0.102041,11890 12000 12115 12232 12233 12234 12236 12238 12239 12240 12360 12361 12475 12477 12599
moead,513_e-05,19,45,3350,67,29456245.306165,4874.884149,0.918367,0.081633,11890 12000 12115 12232 12233 12234 12236 12238 12239 12240 12360 12361 12475 12477 12599
moead,513_e-05,19,46,3350,67,29456245.306165,4874.884149,0.938776,0.061224,11890 12000 12115 12232 12233 12234 12236 12238 12239 12240 12360 12361 12475 12477 12599
moead,513_e-05,19,47,3350,67,29456245.306165,4874.884149,0.959184,0.040816,11890 12000 12115 12232 12233 12234 12236 12238 12239 12240 12360 12361 12475 12477 12599
moead,513_e-05,19,48,3350,67,29456245.306165,4874.884149,0.979592,0.020408,11890 12000 12115 12232 12233 12234 12236 12238 12239 12240 12360 12361 12475 12477 12599
moead,513_e-05,19,49,3350,67,29456245.306165,4874.884149,1.000000,0.000000,11890 12000 12115 12232 12233 12234 12236 12238 12239 12240 12360 12361 12475 12477 12599
moead,513_e-05,19,0,3400,68,38657039.272845,6394.922775,0.000000,1.000000,2056 16734 20139 25486 32493 48329 49248 56813 63355 69960 95066 97919 149345 154166 179621
moead,513_e-05,19,1,3400,68,29506203.569724,5212.556288,0.020408,0.979592,11227 11760 11882 12118 12133 12232 12239 12240 12360 12361 12475 12476 12479 12597 12599
moead,513_e-05,19,2,3400,68,29485387.974694,5200.986462,0.040816,0.959184,11760 11882 12118 12133 12232 12238 12239 12240 12360 12361 12475 12476 12479 12597 12599
moead,513_e-05,19,3,3400,68,29477452.349467,5092.005795,0.061224,0.938776,11682 11893 11980 12113 12118 12238 12239 12240 12361 12362 12475 12476 12477 12484 12730
moead,513_e-05,19,4,3400,68,29470651.538419,4997.015039,0.081633,0.918367,11882 12007 12118 12133 12232 12238 12239 12240 12360 12361 12475 12476 12479 12597 12599
moead,513_e-05,19,5,3400,68,29464579.788897,4987.349743,0.102041,0.897959,11882 12118 12232 12238 12239 12360 12361 12362 12475 12476 12477 12481 12597 12599 12730
moead,513_e-05,19,6,3400,68,29464579.788897,4987.349743,0.122449,0.877551,11882 12118 12232 12238 12239 12360 12361 12362 12475 12476 12477 12481 12597 12599 12730
moead,513_e-05,19,7,3400,68,29462714.929047,4983.467140,0.142857,0.857143,11882 12007 12118 12232 12238 12239 12350 12360 12361 12362 12475 12476 12477 12597 12599
moead,513_e-05,19,8,3400,68,29462714.929047,4983.467140,0.163265,0.836735,11882 12007 12118 12232 12238 12239 12350 12360 12361 12362 12475 12476 12477 12597 12599
moead,513_e-05,19,9,3400,68,29461581.521863,4982.720826,0.183673,0.816327,11882 12007 12118 12232 12238 12239 12240 12354 12360 12361 12362 12475 12477 12597 12599
moead,513_e-05,19,10,3400,68,29461581.521863,4982.720826,0.204082,0.795918,11882 12007 12118 12232 12238 12239 12240 12354 12360 12361 12362 12475 12477 12597 12599
moead,513_e-05,19,11,3400,68,29459494.680260,4884.601386,0.224490,0.775510,11882 12118 12232 12233 12238 12239 12240 12354 12360 12361 12362 12476 12477 12597 12599
moead,513_e-05,19,12,3400,68,29459494.680260,4884.601386,0.244898,0.755102,11882 12118 12232 12233 12238 12239 12240 12354 12360 12361 12362 12476 12477 12597 12599
moead,513_e-05,19,13,3400,68,29459494.680260,4884.601386,0.265306,0.734694,11882 12118 12232 12233 12238 12239 12240 12354 12360 12361 12362 12476 12477 12597 12599
moead,513_e-05,19,14,3400,68,29459494.680260,4884.601386,0.285714,0.714286,11882 12118 12232 12233 12238 12239 12240 12354 12360 12361 12362 12476 12477 12597 12599
moead,513_e-05,19,15,3400,68,29459494.680260,4884.601386,0.306122,0.693878,11882 12118 12232 12233 12238 12239 12240 12354 12360 12361 12362 12476 12477 12597 12599
moead,513_e-05,19,16,3400,68,29457960.541536,4875.445443,0.326531,0.673469,11890 12115 12232 12233 12234 12238 12240 12241 12360 12361 12362 12476 12477 12597 12599
moead,513_e-05,19,17,3400,68,29457960.541536,4875.445443,0.346939,0.653061,11890 12115 12232 12233 12234 12238 12240 12241 12360 12361 12362 12476 12477 12597 12599
moead,513_e-05,19,18,3400,68,29457960.541536,4875.445443,0.367347,0.632653,11890 12115 12232 12233 12234 12238 12240 12241 12360 12361 12362 12476 12477 12597 12599
moead,513_e-05,19,19,3400,68,29457960.541536,4875.445443,0.387755,0.612245,11890 12115 12232 12233 12234 12238 12240 12241 12360 12361 12362 12476 12477 12597 12599
moead,513_e-05,19,20,3400,68,29457960.541536,4875.445443,0.408163,0.591837,11890 12115 12232 12233 12234 12238 12240 12241 12360 12361 12362 12476 12477 12597 12599
moead,513_e-05,19,21,3400,68,29457960.541536,4875.445443,0.428571,0.571429,11890 12115 12232 12233 12234 12238 12240 12241 12360 12361 12362 12476 12477 12597 12599
moead,513_e-05,19,22,3400,68,29457761.434069,4875.110368,0.448980,0.551020,11890 12115 12232 12233 12234 12238 12240 12360 12361 12362 12475 12476 12477 12597 12599
moead,513_e-05,19,23,3400,68,29457761.434069,4875.110368,0.469388,0.530612,11890 12115 12232 12233 12234 12238 12240 12360 12361 12362 12475 12476 12477 12597 12599
moead,513_e-05,19,24,3400,68,29456245.306165,4874.884149,0.489796,0.510204,11890 12000 12115 12232 12233 12234 12236 12238 12239 12240 12360 12361 12475 12477 12599
moead,513_e-05,19,25,3400,68,29456245.306165,4874.884149,0.510204,0.489796,11890 12000 12115 12232 12233 12234 12236 12238 12239 12240 12360 12361 12475 12477 12599
moead,513_e-05,19,26,3400,68,29456245.306165,4874.884149,0.530612,0.469388,11890 12000 12115 12232 12233 12234 12236 12238 12239 12240 12360 12361 12475 12477 12599
moead,513_e-05,19,27,3400,68,29456245.306165,4874.884149,0.551020,0.448980,11890 12000 12115 12232 12233 12234 12236 12238 12239 12240 12360 12361 12475 12477 12599
moead,513_e-05,19,28,3400,68,29456245.306165,4874.884149,0.571429,0.428571,11890 12000 12115 12232 12233 12234 12236 12238 12239 12240 12360 12361 12475 12477 12599
moead,513_e-05,19,29,3400,68,29456245.306165,4874.884149,0.591837,0.408163,11890 12000 12115 12232 12233 12234 12236 12238 12239 12240 12360 12361 12475 12477 12599
moead,513_e-05,19,30,3400,68,29456245.306165,4874.884149,0.612245,0.387755,11890 12000 12115 12232 12233 12234 12236 12238 12239 12240 12360 12361 12475 12477 12599
moead,513_e-05,19,31,3400,68,29456245.306165,4874.884149,0.632653,0.367347,11890 12000 12115 12232 12233 12234 12236 12238 12239 12240 12360 12361 12475 12477 12599
moead,513_e-05,19,32,3400,68,29456245.306165,4874.884149,0.653061,0.346939,11890 12000 12115 12232 12233 12234 12236 12238 12239 12240 12360 12361 12475 12477 12599
moead,513_e-05,19,33,3400,68,29456245.306165,4874.884149,0.673469,0.326531,11890 12000 12115 12232 12233 12234 12236 12238 12239 12240 12360 12361 12475 12477 12599
moead,513_e-05,19,34,3400,68,29456245.306165,4874.884149,0.693878,0.306122,11890 12000 12115 12232 12233 12234 12236 12238 12239 12240 12360 12361 12475 12477 12599
moead,513_e-05,19,35,3400,68,29456245.306165,4874.884149,0.714286,0.285714,11890 12000 12115 12232 12233 12234 12236 12238 12239 12240 12360 12361 12475 12477 12599
moead,513_e-05,19,36,3400,68,29456245.306165,4874.884149,0.734694,0.265306,11890 12000 12115 12232 12233 12234 12236 12238 12239 12240 12360 12361 12475 12477 12599
moead,513_e-05,19,37,3400,68,29456245.306165,4874.884149,0.755102,0.244898,11890 12000 12115 12232 12233 12234 12236 12238 12239 12240 12360 12361 12475 12477 12599
moead,513_e-05,19,38,3400,68,29456245.306165,4874.884149,0.775510,0.224490,11890 12000 12115 12232 12233 12234 12236 12238 12239 12240 12360 12361 12475 12477 12599
moead,513_e-05,19,39,3400,68,29456245.306165,4874.884149,0.795918,0.204082,11890 12000 12115 12232 12233 12234 12236 12238 12239 12240 12360 12361 12475 12477 12599
moead,513_e-05,19,40,3400,68,29456245.306165,4874.884149,0.816327,0.183673,11890 12000 12115 12232 12233 12234 12236 12238 12239 12240 12360 12361 12475 12477 12599
moead,513_e-05,19,41,3400,68,29456245.306165,4874.884149,0.836735,0.163265,11890 12000 12115 12232 12233 12234 12236 12238 12239 12240 12360 12361 12475 12477 12599
moead,513_e-05,19,42,3400,68,29456245.306165,4874.884149,0.857143,0.142857,11890 12000 12115 12232 12233 12234 12236 12238 12239 12240 12360 12361 12475 12477 12599
moead,513_e-05,19,43,3400,68,29456245.306165,4874.884149,0.877551,0.122449,11890 12000 12115 12232 12233 12234 12236 12238 12239 12240 12360 12361 12475 12477 12599
moead,513_e-05,19,44,3400,68,29456245.306165,4874.884149,0.897959,0.102041,11890 12000 12115 12232 12233 12234 12236 12238 12239 12240 12360 12361 12475 12477 12599
moead,513_e-05,19,45,3400,68,29456245.306165,4874.884149,0.918367,0.081633,11890 12000 12115 12232 12233 12234 12236 12238 12239 12240 12360 12361 12475 12477 12599
moead,513_e-05,19,46,3400,68,29456245.306165,4874.884149,0.938776,0.061224,11890 12000 12115 12232 12233 12234 12236 12238 12239 12240 12360 12361 12475 12477 12599
moead,513_e-05,19,47,3400,68,29456245.306165,4874.884149,0.959184,0.040816,11890 12000 12115 12232 12233 12234 12236 12238 12239 12240 12360 12361 12475 12477 12599
moead,513_e-05,19,48,3400,68,29456245.306165,4874.884149,0.979592,0.020408,11890 12000 12115 12232 12233 12234 12236 12238 12239 12240 12360 12361 12475 12477 12599
moead,513_e-05,19,49,3400,68,29456245.306165,4874.884149,1.000000,0.000000,11890 12000 12115 12232 12233 12234 12236 12238 12239 12240 12360 12361 12475 12477 12599
moead,513_e-05,19,0,3450,69,38005660.486417,6394.922775,0.000000,1.000000,2056 13886 14635 20139 25550 32493 39863 49248 63355 67546 95066 97919 139269 149345 179621
moead,513_e-05,19,1,3450,69,29506203.569724,5212.556288,0.020408,0.979592,11227 11760 11882 12118 12133 12232 12239 12240 12360 12361 12475 12476 12479 12597 12599
moead,513_e-05,19,2,3450,69,29485387.974694,5200.986462,0.040816,0.959184,11760 11882 12118 12133 12232 12238 12239 12240 12360 12361 12475 12476 12479 12597 12599
moead,513_e-05,19,3,3450,69,29477452.349467,5092.005795,0.061224,0.938776,11682 11893 11980 12113 12118 12238 12239 12240 12361 12362 12475 12476 12477 12484 12730
moead,513_e-05,19,4,3450,69,29470651.538419,4997.015039,0.081633,0.918367,11882 12007 12118 12133 12232 12238 12239 12240 12360 12361 12475 12476 12479 12597 12599
moead,513_e-05,19,5,3450,69,29464579.788897,4987.349743,0.102041,0.897959,11882 12118 12232 12238 12239 12360 12361 12362 12475 12476 12477 12481 12597 12599 12730
moead,513_e-05,19,6,3450,69,29464579.788897,4987.349743,0.122449,0.877551,11882 12118 12232 12238 12239 12360 12361 12362 12475 12476 12477 12481 12597 12599 12730
moead,513_e-05,19,7,3450,69,29462714.929047,4983.467140,0.142857,0.857143,11882 12007 12118 12232 12238 12239 12350 12360 12361 12362 12475 12476 12477 12597 12599
moead,513_e-05,19,8,3450,69,29462714.929047,4983.467140,0.163265,0.836735,11882 12007 12118 12232 12238 12239 12350 12360 12361 12362 12475 12476 12477 12597 12599
moead,513_e-05,19,9,3450,69,29461581.521863,4982.720826,0.183673,0.816327,11882 12007 12118 12232 12238 12239 12240 12354 12360 12361 12362 12475 12477 12597 12599
moead,513_e-05,19,10,3450,69,29461581.521863,4982.720826,0.204082,0.795918,11882 12007 12118 12232 12238 12239 12240 12354 12360 12361 12362 12475 12477 12597 12599
moead,513_e-05,19,11,3450,69,29459494.680260,4884.601386,0.224490,0.775510,11882 12118 12232 12233 12238 12239 12240 12354 12360 12361 12362 12476 12477 12597 12599
moead,513_e-05,19,12,3450,69,29459494.680260,4884.601386,0.244898,0.755102,11882 12118 12232 12233 12238 12239 12240 12354 12360 12361 12362 12476 12477 12597 12599
moead,513_e-05,19,13,3450,69,29459494.680260,4884.601386,0.265306,0.734694,11882 12118 12232 12233 12238 12239 12240 12354 12360 12361 12362 12476 12477 12597 12599
moead,513_e-05,19,14,3450,69,29459494.680260,4884.601386,0.285714,0.714286,11882 12118 12232 12233 12238 12239 12240 12354 12360 12361 12362 12476 12477 12597 12599
moead,513_e-05,19,15,3450,69,29459494.680260,4884.601386,0.306122,0.693878,11882 12118 12232 12233 12238 12239 12240 12354 12360 12361 12362 12476 12477 12597 12599
moead,513_e-05,19,16,3450,69,29457960.541536,4875.445443,0.326531,0.673469,11890 12115 12232 12233 12234 12238 12240 12241 12360 12361 12362 12476 12477 12597 12599
moead,513_e-05,19,17,3450,69,29457960.541536,4875.445443,0.346939,0.653061,11890 12115 12232 12233 12234 12238 12240 12241 12360 12361 12362 12476 12477 12597 12599
moead,513_e-05,19,18,3450,69,29457960.541536,4875.445443,0.367347,0.632653,11890 12115 12232 12233 12234 12238 12240 12241 12360 12361 12362 12476 12477 12597 12599
moead,513_e-05,19,19,3450,69,29457960.541536,4875.445443,0.387755,0.612245,11890 12115 12232 12233 12234 12238 12240 12241 12360 12361 12362 12476 12477 12597 12599
moead,513_e-05,19,20,3450,69,29457960.541536,4875.445443,0.408163,0.591837,11890 12115 12232 12233 12234 12238 12240 12241 12360 12361 12362 12476 12477 12597 12599
moead,513_e-05,19,21,3450,69,29457960.541536,4875.445443,0.428571,0.571429,11890 12115 12232 12233 12234 12238 12240 12241 12360 12361 12362 12476 12477 12597 12599
moead,513_e-05,19,22,3450,69,29457761.434069,4875.110368,0.448980,0.551020,11890 12115 12232 12233 12234 12238 12240 12360 12361 12362 12475 12476 12477 12597 12599
moead,513_e-05,19,23,3450,69,29457761.434069,4875.110368,0.469388,0.530612,11890 12115 12232 12233 12234 12238 12240 12360 12361 12362 12475 12476 12477 12597 12599
moead,513_e-05,19,24,3450,69,29456245.306165,4874.884149,0.489796,0.510204,11890 12000 12115 12232 12233 12234 12236 12238 12239 12240 12360 12361 12475 12477 12599
moead,513_e-05,19,25,3450,69,29456245.306165,4874.884149,0.510204,0.489796,11890 12000 12115 12232 12233 12234 12236 12238 12239 12240 12360 12361 12475 12477 12599
moead,513_e-05,19,26,3450,69,29456245.306165,4874.884149,0.530612,0.469388,11890 12000 12115 12232 12233 12234 12236 12238 12239 12240 12360 12361 12475 12477 12599
moead,513_e-05,19,27,3450,69,29456245.306165,4874.884149,0.551020,0.448980,11890 12000 12115 12232 12233 12234 12236 12238 12239 12240 12360 12361 12475 12477 12599
moead,513_e-05,19,28,3450,69,29456245.306165,4874.884149,0.571429,0.428571,11890 12000 12115 12232 12233 12234 12236 12238 12239 12240 12360 12361 12475 12477 12599
moead,513_e-05,19,29,3450,69,29456245.306165,4874.884149,0.591837,0.408163,11890 12000 12115 12232 12233 12234 12236 12238 12239 12240 12360 12361 12475 12477 12599
moead,513_e-05,19,30,3450,69,29456245.306165,4874.884149,0.612245,0.387755,11890 12000 12115 12232 12233 12234 12236 12238 12239 12240 12360 12361 12475 12477 12599
moead,513_e-05,19,31,3450,69,29456245.306165,4874.884149,0.632653,0.367347,11890 12000 12115 12232 12233 12234 12236 12238 12239 12240 12360 12361 12475 12477 12599
moead,513_e-05,19,32,3450,69,29456245.306165,4874.884149,0.653061,0.346939,11890 12000 12115 12232 12233 12234 12236 12238 12239 12240 12360 12361 12475 12477 12599
moead,513_e-05,19,33,3450,69,29456245.306165,4874.884149,0.673469,0.326531,11890 12000 12115 12232 12233 12234 12236 12238 12239 12240 12360 12361 12475 12477 12599
moead,513_e-05,19,34,3450,69,29456245.306165,4874.884149,0.693878,0.306122,11890 12000 12115 12232 12233 12234 12236 12238 12239 12240 12360 12361 12475 12477 12599
moead,513_e-05,19,35,3450,69,29456245.306165,4874.884149,0.714286,0.285714,11890 12000 12115 12232 12233 12234 12236 12238 12239 12240 12360 12361 12475 12477 12599
moead,513_e-05,19,36,3450,69,29456245.306165,4874.884149,0.734694,0.265306,11890 12000 12115 12232 12233 12234 12236 12238 12239 12240 12360 12361 12475 12477 12599
moead,513_e-05,19,37,3450,69,29456245.306165,4874.884149,0.755102,0.244898,11890 12000 12115 12232 12233 12234 12236 12238 12239 12240 12360 12361 12475 12477 12599
moead,513_e-05,19,38,3450,69,29456245.306165,4874.884149,0.775510,0.224490,11890 12000 12115 12232 12233 12234 12236 12238 12239 12240 12360 12361 12475 12477 12599
moead,513_e-05,19,39,3450,69,29456245.306165,4874.884149,0.795918,0.204082,11890 12000 12115 12232 12233 12234 12236 12238 12239 12240 12360 12361 12475 12477 12599
moead,513_e-05,19,40,3450,69,29456245.306165,4874.884149,0.816327,0.183673,11890 12000 12115 12232 12233 12234 12236 12238 12239 12240 12360 12361 12475 12477 12599
moead,513_e-05,19,41,3450,69,29456245.306165,4874.884149,0.836735,0.163265,11890 12000 12115 12232 12233 12234 12236 12238 12239 12240 12360 12361 12475 12477 12599
moead,513_e-05,19,42,3450,69,29456245.306165,4874.884149,0.857143,0.142857,11890 12000 12115 12232 12233 12234 12236 12238 12239 12240 12360 12361 12475 12477 12599
moead,513_e-05,19,43,3450,69,29456245.306165,4874.884149,0.877551,0.122449,11890 12000 12115 12232 12233 12234 12236 12238 12239 12240 12360 12361 12475 12477 12599
moead,513_e-05,19,44,3450,69,29456245.306165,4874.884149,0.897959,0.102041,11890 12000 12115 12232 12233 12234 12236 12238 12239 12240 12360 12361 12475 12477 12599
moead,513_e-05,19,45,3450,69,29456245.306165,4874.884149,0.918367,0.081633,11890 12000 12115 12232 12233 12234 12236 12238 12239 12240 12360 12361 12475 12477 12599
moead,513_e-05,19,46,3450,69,29456245.306165,4874.884149,0.938776,0.061224,11890 12000 12115 12232 12233 12234 12236 12238 12239 12240 12360 12361 12475 12477 12599
moead,513_e-05,19,47,3450,69,29456245.306165,4874.884149,0.959184,0.040816,11890 12000 12115 12232 12233 12234 12236 12238 12239 12240 12360 12361 12475 12477 12599
moead,513_e-05,19,48,3450,69,29456245.306165,4874.884149,0.979592,0.020408,11890 12000 12115 12232 12233 12234 12236 12238 12239 12240 12360 12361 12475 12477 12599
moead,513_e-05,19,49,3450,69,29456245.306165,4874.884149,1.000000,0.000000,11890 12000 12115 12232 12233 12234 12236 12238 12239 12240 12360 12361 12475 12477 12599
moead,513_e-05,19,0,3500,70,37044131.430031,6394.922775,0.000000,1.000000,716 12599 13886 14635 25550 32493 49248 63355 67546 77243 92105 97919 130198 139269 149345
moead,513_e-05,19,1,3500,70,29506203.569724,5212.556288,0.020408,0.979592,11227 11760 11882 12118 12133 12232 12239 12240 12360 12361 12475 12476 12479 12597 12599
moead,513_e-05,19,2,3500,70,29485387.974694,5200.986462,0.040816,0.959184,11760 11882 12118 12133 12232 12238 12239 12240 12360 12361 12475 12476 12479 12597 12599
moead,513_e-05,19,3,3500,70,29474136.559638,4997.731986,0.061224,0.938776,11669 11796 11882 12118 12238 12239 12240 12361 12362 12475 12476 12477 12481 12597 12599
moead,513_e-05,19,4,3500,70,29470651.538419,4997.015039,0.081633,0.918367,11882 12007 12118 12133 12232 12238 12239 12240 12360 12361 12475 12476 12479 12597 12599
moead,513_e-05,19,5,3500,70,29464579.788897,4987.349743,0.102041,0.897959,11882 12118 12232 12238 12239 12360 12361 12362 12475 12476 12477 12481 12597 12599 12730
moead,513_e-05,19,6,3500,70,29464579.788897,4987.349743,0.122449,0.877551,11882 12118 12232 12238 12239 12360 12361 12362 12475 12476 12477 12481 12597 12599 12730
moead,513_e-05,19,7,3500,70,29462714.929047,4983.467140,0.142857,0.857143,11882 12007 12118 12232 12238 12239 12350 12360 12361 12362 12475 12476 12477 12597 12599
moead,513_e-05,19,8,3500,70,29462714.929047,4983.467140,0.163265,0.836735,11882 12007 12118 12232 12238 12239 12350 12360 12361 12362 12475 12476 12477 12597 12599
moead,513_e-05,19,9,3500,70,29461581.521863,4982.720826,0.183673,0.816327,11882 12007 12118 12232 12238 12239 12240 12354 12360 12361 12362 12475 12477 12597 12599
moead,513_e-05,19,10,3500,70,29461581.521863,4982.720826,0.204082,0.795918,11882 12007 12118 12232 12238 12239 12240 12354 12360 12361 12362 12475 12477 12597 12599
moead,513_e-05,19,11,3500,70,29459494.680260,4884.601386,0.224490,0.775510,11882 12118 12232 12233 12238 12239 12240 12354 12360 12361 12362 12476 12477 12597 12599
moead,513_e-05,19,12,3500,70,29459494.680260,4884.601386,0.244898,0.755102,11882 12118 12232 12233 12238 12239 12240 12354 12360 12361 12362 12476 12477 12597 12599
moead,513_e-05,19,13,3500,70,29459494.680260,4884.601386,0.265306,0.734694,11882 12118 12232 12233 12238 12239 12240 12354 12360 12361 12362 12476 12477 12597 12599
moead,513_e-05,19,14,3500,70,29459494.680260,4884.601386,0.285714,0.714286,11882 12118 12232 12233 12238 12239 12240 12354 12360 12361 12362 12476 12477 12597 12599
moead,513_e-05,19,15,3500,70,29457960.541536,4875.445443,0.306122,0.693878,11890 12115 12232 12233 12234 12238 12240 12241 12360 12361 12362 12476 12477 12597 12599
moead,513_e-05,19,16,3500,70,29457960.541536,4875.445443,0.326531,0.673469,11890 12115 12232 12233 12234 12238 12240 12241 12360 12361 12362 12476 12477 12597 12599
moead,513_e-05,19,17,3500,70,29457960.541536,4875.445443,0.346939,0.653061,11890 12115 12232 12233 12234 12238 12240 12241 12360 12361 12362 12476 12477 12597 12599
moead,513_e-05,19,18,3500,70,29457960.541536,4875.445443,0.367347,0.632653,11890 12115 12232 12233 12234 12238 12240 12241 12360 12361 12362 12476 12477 12597 12599
moead,513_e-05,19,19,3500,70,29457960.541536,4875.445443,0.387755,0.612245,11890 12115 12232 12233 12234 12238 12240 12241 12360 12361 12362 12476 12477 12597 12599
moead,513_e-05,19,20,3500,70,29456985.492309,4875.110433,0.408163,0.591837,11890 12000 12115 12232 12233 12234 12236 12238 12239 12240 12362 12476 12477 12597 12599
moead,513_e-05,19,21,3500,70,29456985.492309,4875.110433,0.428571,0.571429,11890 12000 12115 12232 12233 12234 12236 12238 12239 12240 12362 12476 12477 12597 12599
moead,513_e-05,19,22,3500,70,29456985.492309,4875.110433,0.448980,0.551020,11890 12000 12115 12232 12233 12234 12236 12238 12239 12240 12362 12476 12477 12597 12599
moead,513_e-05,19,23,3500,70,29456985.492309,4875.110433,0.469388,0.530612,11890 12000 12115 12232 12233 12234 12236 12238 12239 12240 12362 12476 12477 12597 12599
moead,513_e-05,19,24,3500,70,29456985.492309,4875.110433,0.489796,0.510204,11890 12000 12115 12232 12233 12234 12236 12238 12239 12240 12362 12476 12477 12597 12599
moead,513_e-05,19,25,3500,70,29456985.492309,4875.110433,0.510204,0.489796,11890 12000 12115 12232 12233 12234 12236 12238 12239 12240 12362 12476 12477 12597 12599
moead,513_e-05,19,26,3500,70,29456985.492309,4875.110433,0.530612,0.469388,11890 12000 12115 12232 12233 12234 12236 12238 12239 12240 12362 12476 12477 12597 12599
moead,513_e-05,19,27,3500,70,29456245.306165,4874.884149,0.551020,0.448980,11890 12000 12115 12232 12233 12234 12236 12238 12239 12240 12360 12361 12475 12477 12599
moead,513_e-05,19,28,3500,70,29456245.306165,4874.884149,0.571429,0.428571,11890 12000 12115 12232 12233 12234 12236 12238 12239 12240 12360 12361 12475 12477 12599
moead,513_e-05,19,29,3500,70,29456245.306165,4874.884149,0.591837,0.408163,11890 12000 12115 12232 12233 12234 12236 12238 12239 12240 12360 12361 12475 12477 12599
moead,513_e-05,19,30,3500,70,29456245.306165,4874.884149,0.612245,0.387755,11890 12000 12115 12232 12233 12234 12236 12238 12239 12240 12360 12361 12475 12477 12599
moead,513_e-05,19,31,3500,70,29456245.306165,4874.884149,0.632653,0.367347,11890 12000 12115 12232 12233 12234 12236 12238 12239 12240 12360 12361 12475 12477 12599
moead,513_e-05,19,32,3500,70,29456245.306165,4874.884149,0.653061,0.346939,11890 12000 12115 12232 12233 12234 12236 12238 12239 12240 12360 12361 12475 12477 12599
moead,513_e-05,19,33,3500,70,29456245.306165,4874.884149,0.673469,0.326531,11890 12000 12115 12232 12233 12234 12236 12238 12239 12240 12360 12361 12475 12477 12599
moead,513_e-05,19,34,3500,70,29456245.306165,4874.884149,0.693878,0.306122,11890 12000 12115 12232 12233 12234 12236 12238 12239 12240 12360 12361 12475 12477 12599
moead,513_e-05,19,35,3500,70,29456245.306165,4874.884149,0.714286,0.285714,11890 12000 12115 12232 12233 12234 12236 12238 12239 12240 12360 12361 12475 12477 12599
moead,513_e-05,19,36,3500,70,29456245.306165,4874.884149,0.734694,0.265306,11890 12000 12115 12232 12233 12234 12236 12238 12239 12240 12360 12361 12475 12477 12599
moead,513_e-05,19,37,3500,70,29455696.136855,4872.631759,0.755102,0.244898,11998 12000 12115 12232 12233 12234 12236 12238 12239 12240 12360 12361 12475 12477 12599
moead,513_e-05,19,38,3500,70,29455696.136855,4872.631759,0.775510,0.224490,11998 12000 12115 12232 12233 12234 12236 12238 12239 12240 12360 12361 12475 12477 12599
moead,513_e-05,19,39,3500,70,29455696.136855,4872.631759,0.795918,0.204082,11998 12000 12115 12232 12233 12234 12236 12238 12239 12240 12360 12361 12475 12477 12599
moead,513_e-05,19,40,3500,70,29455696.136855,4872.631759,0.816327,0.183673,11998 12000 12115 12232 12233 12234 12236 12238 12239 12240 12360 12361 12475 12477 12599
moead,513_e-05,19,41,3500,70,29455696.136855,4872.631759,0.836735,0.163265,11998 12000 12115 12232 12233 12234 12236 12238 12239 12240 12360 12361 12475 12477 12599
moead,513_e-05,19,42,3500,70,29455696.136855,4872.631759,0.857143,0.142857,11998 12000 12115 12232 12233 12234 12236 12238 12239 12240 12360 12361 12475 12477 12599
moead,513_e-05,19,43,3500,70,29455696.136855,4872.631759,0.877551,0.122449,11998 12000 12115 12232 12233 12234 12236 12238 12239 12240 12360 12361 12475 12477 12599
moead,513_e-05,19,44,3500,70,29455696.136855,4872.631759,0.897959,0.102041,11998 12000 12115 12232 12233 12234 12236 12238 12239 12240 12360 12361 12475 12477 12599
moead,513_e-05,19,45,3500,70,29455696.136855,4872.631759,0.918367,0.081633,11998 12000 12115 12232 12233 12234 12236 12238 12239 12240 12360 12361 12475 12477 12599
moead,513_e-05,19,46,3500,70,29455696.136855,4872.631759,0.938776,0.061224,11998 12000 12115 12232 12233 12234 12236 12238 12239 12240 12360 12361 12475 12477 12599
moead,513_e-05,19,47,3500,70,29455696.136855,4872.631759,0.959184,0.040816,11998 12000 12115 12232 12233 12234 12236 12238 12239 12240 12360 12361 12475 12477 12599
moead,513_e-05,19,48,3500,70,29455696.136855,4872.631759,0.979592,0.020408,11998 12000 12115 12232 12233 12234 12236 12238 12239 12240 12360 12361 12475 12477 12599
moead,513_e-05,19,49,3500,70,29455696.136855,4872.631759,1.000000,0.000000,11998 12000 12115 12232 12233 12234 12236 12238 12239 12240 12360 12361 12475 12477 12599
moead,513_e-05,19,0,3550,71,37449282.084431,6394.922775,0.000000,1.000000,716 5397 12599 13886 19482 25550 49248 63355 67546 80739 92105 130198 139269 149345 149866
moead,513_e-05,19,1,3550,71,29506203.569724,5212.556288,0.020408,0.979592,11227 11760 11882 12118 12133 12232 12239 12240 12360 12361 12475 12476 12479 12597 12599
moead,513_e-05,19,2,3550,71,29485387.974694,5200.986462,0.040816,0.959184,11760 11882 12118 12133 12232 12238 12239 12240 12360 12361 12475 12476 12479 12597 12599
moead,513_e-05,19,3,3550,71,29474136.559638,4997.731986,0.061224,0.938776,11669 11796 11882 12118 12238 12239 12240 12361 12362 12475 12476 12477 12481 12597 12599
moead,513_e-05,19,4,3550,71,29470651.538419,4997.015039,0.081633,0.918367,11882 12007 12118 12133 12232 12238 12239 12240 12360 12361 12475 12476 12479 12597 12599
moead,513_e-05,19,5,3550,71,29464579.788897,4987.349743,0.102041,0.897959,11882 12118 12232 12238 12239 12360 12361 12362 12475 12476 12477 12481 12597 12599 12730
moead,513_e-05,19,6,3550,71,29464579.788897,4987.349743,0.122449,0.877551,11882 12118 12232 12238 12239 12360 12361 12362 12475 12476 12477 12481 12597 12599 12730
moead,513_e-05,19,7,3550,71,29462714.929047,4983.467140,0.142857,0.857143,11882 12007 12118 12232 12238 12239 12350 12360 12361 12362 12475 12476 12477 12597 12599
moead,513_e-05,19,8,3550,71,29462714.929047,4983.467140,0.163265,0.836735,11882 12007 12118 12232 12238 12239 12350 12360 12361 12362 12475 12476 12477 12597 12599
moead,513_e-05,19,9,3550,71,29461581.521863,4982.720826,0.183673,0.816327,11882 12007 12118 12232 12238 12239 12240 12354 12360 12361 12362 12475 12477 12597 12599
moead,513_e-05,19,10,3550,71,29461581.521863,4982.720826,0.204082,0.795918,11882 12007 12118 12232 12238 12239 12240 12354 12360 12361 12362 12475 12477 12597 12599
moead,513_e-05,19,11,3550,71,29459494.680260,4884.601386,0.224490,0.775510,11882 12118 12232 12233 12238 12239 12240 12354 12360 12361 12362 12476 12477 12597 12599
moead,513_e-05,19,12,3550,71,29459494.680260,4884.601386,0.244898,0.755102,11882 12118 12232 12233 12238 12239 12240 12354 12360 12361 12362 12476 12477 12597 12599
moead,513_e-05,19,13,3550,71,29459494.680260,4884.601386,0.265306,0.734694,11882 12118 12232 12233 12238 12239 12240 12354 12360 12361 12362 12476 12477 12597 12599
moead,513_e-05,19,14,3550,71,29459494.680260,4884.601386,0.285714,0.714286,11882 12118 12232 12233 12238 12239 12240 12354 12360 12361 12362 12476 12477 12597 12599
moead,513_e-05,19,15,3550,71,29457960.541536,4875.445443,0.306122,0.693878,11890 12115 12232 12233 12234 12238 12240 12241 12360 12361 12362 12476 12477 12597 12599
moead,513_e-05,19,16,3550,71,29457960.541536,4875.445443,0.326531,0.673469,11890 12115 12232 12233 12234 12238 12240 12241 12360 12361 12362 12476 12477 12597 12599
moead,513_e-05,19,17,3550,71,29457960.541536,4875.445443,0.346939,0.653061,11890 12115 12232 12233 12234 12238 12240 12241 12360 12361 12362 12476 12477 12597 12599
moead,513_e-05,19,18,3550,71,29457960.541536,4875.445443,0.367347,0.632653,11890 12115 12232 12233 12234 12238 12240 12241 12360 12361 12362 12476 12477 12597 12599
moead,513_e-05,19,19,3550,71,29457960.541536,4875.445443,0.387755,0.612245,11890 12115 12232 12233 12234 12238 12240 12241 12360 12361 12362 12476 12477 12597 12599
moead,513_e-05,19,20,3550,71,29456624.453440,4875.127109,0.408163,0.591837,11890 12000 12115 12232 12233 12234 12235 12236 12238 12240 12362 12476 12477 12597 12599
moead,513_e-05,19,21,3550,71,29456624.453440,4875.127109,0.428571,0.571429,11890 12000 12115 12232 12233 12234 12235 12236 12238 12240 12362 12476 12477 12597 12599
moead,513_e-05,19,22,3550,71,29456624.453440,4875.127109,0.448980,0.551020,11890 12000 12115 12232 12233 12234 12235 12236 12238 12240 12362 12476 12477 12597 12599
moead,513_e-05,19,23,3550,71,29456624.453440,4875.127109,0.469388,0.530612,11890 12000 12115 12232 12233 12234 12235 12236 12238 12240 12362 12476 12477 12597 12599
moead,513_e-05,19,24,3550,71,29456624.453440,4875.127109,0.489796,0.510204,11890 12000 12115 12232 12233 12234 12235 12236 12238 12240 12362 12476 12477 12597 12599
moead,513_e-05,19,25,3550,71,29456624.453440,4875.127109,0.510204,0.489796,11890 12000 12115 12232 12233 12234 12235 12236 12238 12240 12362 12476 12477 12597 12599
moead,513_e-05,19,26,3550,71,29456624.453440,4875.127109,0.530612,0.469388,11890 12000 12115 12232 12233 12234 12235 12236 12238 12240 12362 12476 12477 12597 12599
moead,513_e-05,19,27,3550,71,29456624.453440,4875.127109,0.551020,0.448980,11890 12000 12115 12232 12233 12234 12235 12236 12238 12240 12362 12476 12477 12597 12599
moead,513_e-05,19,28,3550,71,29456624.453440,4875.127109,0.571429,0.428571,11890 12000 12115 12232 12233 12234 12235 12236 12238 12240 12362 12476 12477 12597 12599
moead,513_e-05,19,29,3550,71,29456624.453440,4875.127109,0.591837,0.408163,11890 12000 12115 12232 12233 12234 12235 12236 12238 12240 12362 12476 12477 12597 12599
moead,513_e-05,19,30,3550,71,29456624.453440,4875.127109,0.612245,0.387755,11890 12000 12115 12232 12233 12234 12235 12236 12238 12240 12362 12476 12477 12597 12599
moead,513_e-05,19,31,3550,71,29456245.306165,4874.884149,0.632653,0.367347,11890 12000 12115 12232 12233 12234 12236 12238 12239 12240 12360 12361 12475 12477 12599
moead,513_e-05,19,32,3550,71,29456245.306165,4874.884149,0.653061,0.346939,11890 12000 12115 12232 12233 12234 12236 12238 12239 12240 12360 12361 12475 12477 12599
moead,513_e-05,19,33,3550,71,29456245.306165,4874.884149,0.673469,0.326531,11890 12000 12115 12232 12233 12234 12236 12238 12239 12240 12360 12361 12475 12477 12599
moead,513_e-05,19,34,3550,71,29456245.306165,4874.884149,0.693878,0.306122,11890 12000 12115 12232 12233 12234 12236 12238 12239 12240 12360 12361 12475 12477 12599
moead,513_e-05,19,35,3550,71,29456245.306165,4874.884149,0.714286,0.285714,11890 12000 12115 12232 12233 12234 12236 12238 12239 12240 12360 12361 12475 12477 12599
moead,513_e-05,19,36,3550,71,29456245.306165,4874.884149,0.734694,0.265306,11890 12000 12115 12232 12233 12234 12236 12238 12239 12240 12360 12361 12475 12477 12599
moead,513_e-05,19,37,3550,71,29455696.136855,4872.631759,0.755102,0.244898,11998 12000 12115 12232 12233 12234 12236 12238 12239 12240 12360 12361 12475 12477 12599
moead,513_e-05,19,38,3550,71,29455696.136855,4872.631759,0.775510,0.224490,11998 12000 12115 12232 12233 12234 12236 12238 12239 12240 12360 12361 12475 12477 12599
moead,513_e-05,19,39,3550,71,29455696.136855,4872.631759,0.795918,0.204082,11998 12000 12115 12232 12233 12234 12236 12238 12239 12240 12360 12361 12475 12477 12599
moead,513_e-05,19,40,3550,71,29455696.136855,4872.631759,0.816327,0.183673,11998 12000 12115 12232 12233 12234 12236 12238 12239 12240 12360 12361 12475 12477 12599
moead,513_e-05,19,41,3550,71,29455696.136855,4872.631759,0.836735,0.163265,11998 12000 12115 12232 12233 12234 12236 12238 12239 12240 12360 12361 12475 12477 12599
moead,513_e-05,19,42,3550,71,29455696.136855,4872.631759,0.857143,0.142857,11998 12000 12115 12232 12233 12234 12236 12238 12239 12240 12360 12361 12475 12477 12599
moead,513_e-05,19,43,3550,71,29455696.136855,4872.631759,0.877551,0.122449,11998 12000 12115 12232 12233 12234 12236 12238 12239 12240 12360 12361 12475 12477 12599
moead,513_e-05,19,44,3550,71,29455696.136855,4872.631759,0.897959,0.102041,11998 12000 12115 12232 12233 12234 12236 12238 12239 12240 12360 12361 12475 12477 12599
moead,513_e-05,19,45,3550,71,29455696.136855,4872.631759,0.918367,0.081633,11998 12000 12115 12232 12233 12234 12236 12238 12239 12240 12360 12361 12475 12477 12599
moead,513_e-05,19,46,3550,71,29455696.136855,4872.631759,0.938776,0.061224,11998 12000 12115 12232 12233 12234 12236 12238 12239 12240 12360 12361 12475 12477 12599
moead,513_e-05,19,47,3550,71,29455696.136855,4872.631759,0.959184,0.040816,11998 12000 12115 12232 12233 12234 12236 12238 12239 12240 12360 12361 12475 12477 12599
moead,513_e-05,19,48,3550,71,29455696.136855,4872.631759,0.979592,0.020408,11998 12000 12115 12232 12233 12234 12236 12238 12239 12240 12360 12361 12475 12477 12599
moead,513_e-05,19,49,3550,71,29455696.136855,4872.631759,1.000000,0.000000,11998 12000 12115 12232 12233 12234 12236 12238 12239 12240 12360 12361 12475 12477 12599
moead,513_e-05,19,0,3600,72,37290127.404002,6394.922775,0.000000,1.000000,716 5397 12031 12599 13886 16269 35690 49248 67546 80739 92105 92134 130198 139269 149345
moead,513_e-05,19,1,3600,72,29500318.380994,5213.827434,0.020408,0.979592,11165 11760 11882 12118 12133 12232 12239 12240 12360 12361 12475 12476 12479 12597 12599
moead,513_e-05,19,2,3600,72,29485387.974694,5200.986462,0.040816,0.959184,11760 11882 12118 12133 12232 12238 12239 12240 12360 12361 12475 12476 12479 12597 12599
moead,513_e-05,19,3,3600,72,29475363.302131,5091.526318,0.061224,0.938776,11882 12118 12133 12232 12238 12239 12240 12360 12361 12475 12476 12479 12597 12599 13245
moead,513_e-05,19,4,3600,72,29470651.538419,4997.015039,0.081633,0.918367,11882 12007 12118 12133 12232 12238 12239 12240 12360 12361 12475 12476 12479 12597 12599
moead,513_e-05,19,5,3600,72,29464579.788897,4987.349743,0.102041,0.897959,11882 12118 12232 12238 12239 12360 12361 12362 12475 12476 12477 12481 12597 12599 12730
moead,513_e-05,19,6,3600,72,29464579.788897,4987.349743,0.122449,0.877551,11882 12118 12232 12238 12239 12360 12361 12362 12475 12476 12477 12481 12597 12599 12730
moead,513_e-05,19,7,3600,72,29462714.929047,4983.467140,0.142857,0.857143,11882 12007 12118 12232 12238 12239 12350 12360 12361 12362 12475 12476 12477 12597 12599
moead,513_e-05,19,8,3600,72,29462714.929047,4983.467140,0.163265,0.836735,11882 12007 12118 12232 12238 12239 12350 12360 12361 12362 12475 12476 12477 12597 12599
moead,513_e-05,19,9,3600,72,29461581.521863,4982.720826,0.183673,0.816327,11882 12007 12118 12232 12238 12239 12240 12354 12360 12361 12362 12475 12477 12597 12599
moead,513_e-05,19,10,3600,72,29461581.521863,4982.720826,0.204082,0.795918,11882 12007 12118 12232 12238 12239 12240 12354 12360 12361 12362 12475 12477 12597 12599
moead,513_e-05,19,11,3600,72,29459494.680260,4884.601386,0.224490,0.775510,11882 12118 12232 12233 12238 12239 12240 12354 12360 12361 12362 12476 12477 12597 12599
moead,513_e-05,19,12,3600,72,29459494.680260,4884.601386,0.244898,0.755102,11882 12118 12232 12233 12238 12239 12240 12354 12360 12361 12362 12476 12477 12597 12599
moead,513_e-05,19,13,3600,72,29459494.680260,4884.601386,0.265306,0.734694,11882 12118 12232 12233 12238 12239 12240 12354 12360 12361 12362 12476 12477 12597 12599
moead,513_e-05,19,14,3600,72,29459494.680260,4884.601386,0.285714,0.714286,11882 12118 12232 12233 12238 12239 12240 12354 12360 12361 12362 12476 12477 12597 12599
moead,513_e-05,19,15,3600,72,29457960.541536,4875.445443,0.306122,0.693878,11890 12115 12232 12233 12234 12238 12240 12241 12360 12361 12362 12476 12477 12597 12599
moead,513_e-05,19,16,3600,72,29457960.541536,4875.445443,0.326531,0.673469,11890 12115 12232 12233 12234 12238 12240 12241 12360 12361 12362 12476 12477 12597 12599
moead,513_e-05,19,17,3600,72,29457960.541536,4875.445443,0.346939,0.653061,11890 12115 12232 12233 12234 12238 12240 12241 12360 12361 12362 12476 12477 12597 12599
moead,513_e-05,19,18,3600,72,29457960.541536,4875.445443,0.367347,0.632653,11890 12115 12232 12233 12234 12238 12240 12241 12360 12361 12362 12476 12477 12597 12599
moead,513_e-05,19,19,3600,72,29457960.541536,4875.445443,0.387755,0.612245,11890 12115 12232 12233 12234 12238 12240 12241 12360 12361 12362 12476 12477 12597 12599
moead,513_e-05,19,20,3600,72,29456624.453440,4875.127109,0.408163,0.591837,11890 12000 12115 12232 12233 12234 12235 12236 12238 12240 12362 12476 12477 12597 12599
moead,513_e-05,19,21,3600,72,29456624.453440,4875.127109,0.428571,0.571429,11890 12000 12115 12232 12233 12234 12235 12236 12238 12240 12362 12476 12477 12597 12599
moead,513_e-05,19,22,3600,72,29456624.453440,4875.127109,0.448980,0.551020,11890 12000 12115 12232 12233 12234 12235 12236 12238 12240 12362 12476 12477 12597 12599
moead,513_e-05,19,23,3600,72,29456624.453440,4875.127109,0.469388,0.530612,11890 12000 12115 12232 12233 12234 12235 12236 12238 12240 12362 12476 12477 12597 12599
moead,513_e-05,19,24,3600,72,29456624.453440,4875.127109,0.489796,0.510204,11890 12000 12115 12232 12233 12234 12235 12236 12238 12240 12362 12476 12477 12597 12599
moead,513_e-05,19,25,3600,72,29456624.453440,4875.127109,0.510204,0.489796,11890 12000 12115 12232 12233 12234 12235 12236 12238 12240 12362 12476 12477 12597 12599
moead,513_e-05,19,26,3600,72,29456624.453440,4875.127109,0.530612,0.469388,11890 12000 12115 12232 12233 12234 12235 12236 12238 12240 12362 12476 12477 12597 12599
moead,513_e-05,19,27,3600,72,29456624.453440,4875.127109,0.551020,0.448980,11890 12000 12115 12232 12233 12234 12235 12236 12238 12240 12362 12476 12477 12597 12599
moead,513_e-05,19,28,3600,72,29456624.453440,4875.127109,0.571429,0.428571,11890 12000 12115 12232 12233 12234 12235 12236 12238 12240 12362 12476 12477 12597 12599
moead,513_e-05,19,29,3600,72,29456624.453440,4875.127109,0.591837,0.408163,11890 12000 12115 12232 12233 12234 12235 12236 12238 12240 12362 12476 12477 12597 12599
moead,513_e-05,19,30,3600,72,29456624.453440,4875.127109,0.612245,0.387755,11890 12000 12115 12232 12233 12234 12235 12236 12238 12240 12362 12476 12477 12597 12599
moead,513_e-05,19,31,3600,72,29456245.306165,4874.884149,0.632653,0.367347,11890 12000 12115 12232 12233 12234 12236 12238 12239 12240 12360 12361 12475 12477 12599
moead,513_e-05,19,32,3600,72,29456245.306165,4874.884149,0.653061,0.346939,11890 12000 12115 12232 12233 12234 12236 12238 12239 12240 12360 12361 12475 12477 12599
moead,513_e-05,19,33,3600,72,29456245.306165,4874.884149,0.673469,0.326531,11890 12000 12115 12232 12233 12234 12236 12238 12239 12240 12360 12361 12475 12477 12599
moead,513_e-05,19,34,3600,72,29456245.306165,4874.884149,0.693878,0.306122,11890 12000 12115 12232 12233 12234 12236 12238 12239 12240 12360 12361 12475 12477 12599
moead,513_e-05,19,35,3600,72,29456245.306165,4874.884149,0.714286,0.285714,11890 12000 12115 12232 12233 12234 12236 12238 12239 12240 12360 12361 12475 12477 12599
moead,513_e-05,19,36,3600,72,29456245.306165,4874.884149,0.734694,0.265306,11890 12000 12115 12232 12233 12234 12236 12238 12239 12240 12360 12361 12475 12477 12599
moead,513_e-05,19,37,3600,72,29455696.136855,4872.631759,0.755102,0.244898,11998 12000 12115 12232 12233 12234 12236 12238 12239 12240 12360 12361 12475 12477 12599
moead,513_e-05,19,38,3600,72,29455696.136855,4872.631759,0.775510,0.224490,11998 12000 12115 12232 12233 12234 12236 12238 12239 12240 12360 12361 12475 12477 12599
moead,513_e-05,19,39,3600,72,29455696.136855,4872.631759,0.795918,0.204082,11998 12000 12115 12232 12233 12234 12236 12238 12239 12240 12360 12361 12475 12477 12599
moead,513_e-05,19,40,3600,72,29455696.136855,4872.631759,0.816327,0.183673,11998 12000 12115 12232 12233 12234 12236 12238 12239 12240 12360 12361 12475 12477 12599
moead,513_e-05,19,41,3600,72,29455696.136855,4872.631759,0.836735,0.163265,11998 12000 12115 12232 12233 12234 12236 12238 12239 12240 12360 12361 12475 12477 12599
moead,513_e-05,19,42,3600,72,29455696.136855,4872.631759,0.857143,0.142857,11998 12000 12115 12232 12233 12234 12236 12238 12239 12240 12360 12361 12475 12477 12599
moead,513_e-05,19,43,3600,72,29455696.136855,4872.631759,0.877551,0.122449,11998 12000 12115 12232 12233 12234 12236 12238 12239 12240 12360 12361 12475 12477 12599
moead,513_e-05,19,44,3600,72,29455696.136855,4872.631759,0.897959,0.102041,11998 12000 12115 12232 12233 12234 12236 12238 12239 12240 12360 12361 12475 12477 12599
moead,513_e-05,19,45,3600,72,29455696.136855,4872.631759,0.918367,0.081633,11998 12000 12115 12232 12233 12234 12236 12238 12239 12240 12360 12361 12475 12477 12599
moead,513_e-05,19,46,3600,72,29455696.136855,4872.631759,0.938776,0.061224,11998 12000 12115 12232 12233 12234 12236 12238 12239 12240 12360 12361 12475 12477 12599
moead,513_e-05,19,47,3600,72,29455696.136855,4872.631759,0.959184,0.040816,11998 12000 12115 12232 12233 12234 12236 12238 12239 12240 12360 12361 12475 12477 12599
moead,513_e-05,19,48,3600,72,29455696.136855,4872.631759,0.979592,0.020408,11998 12000 12115 12232 12233 12234 12236 12238 12239 12240 12360 12361 12475 12477 12599
moead,513_e-05,19,49,3600,72,29455696.136855,4872.631759,1.000000,0.000000,11998 12000 12115 12232 12233 12234 12236 12238 12239 12240 12360 12361 12475 12477 12599
moead,513_e-05,19,0,3650,73,36507989.815872,6394.922775,0.000000,1.000000,716 7644 16269 49248 53423 57897 80739 90530 92134 103790 106471 130198 137245 149345 166872
moead,513_e-05,19,1,3650,73,29505704.895224,5213.827434,0.020408,0.979592,11165 11760 11882 12118 12133 12232 12239 12240 12360 12361 12465 12475 12476 12597 12599
moead,513_e-05,19,2,3650,73,29485387.974694,5200.986462,0.040816,0.959184,11760 11882 12118 12133 12232 12238 12239 12240 12360 12361 12475 12476 12479 12597 12599
moead,513_e-05,19,3,3650,73,29475363.302131,5091.526318,0.061224,0.938776,11882 12118 12133 12232 12238 12239 12240 12360 12361 12475 12476 12479 12597 12599 13245
moead,513_e-05,19,4,3650,73,29470651.538419,4997.015039,0.081633,0.918367,11882 12007 12118 12133 12232 12238 12239 12240 12360 12361 12475 12476 12479 12597 12599
moead,513_e-05,19,5,3650,73,29464579.788897,4987.349743,0.102041,0.897959,11882 12118 12232 12238 12239 12360 12361 12362 12475 12476 12477 12481 12597 12599 12730
moead,513_e-05,19,6,3650,73,29464579.788897,4987.349743,0.122449,0.877551,11882 12118 12232 12238 12239 12360 12361 12362 12475 12476 12477 12481 12597 12599 12730
moead,513_e-05,19,7,3650,73,29462714.929047,4983.467140,0.142857,0.857143,11882 12007 12118 12232 12238 12239 12350 12360 12361 12362 12475 12476 12477 12597 12599
moead,513_e-05,19,8,3650,73,29462714.929047,4983.467140,0.163265,0.836735,11882 12007 12118 12232 12238 12239 12350 12360 12361 12362 12475 12476 12477 12597 12599
moead,513_e-05,19,9,3650,73,29461581.521863,4982.720826,0.183673,0.816327,11882 12007 12118 12232 12238 12239 12240 12354 12360 12361 12362 12475 12477 12597 12599
moead,513_e-05,19,10,3650,73,29461581.521863,4982.720826,0.204082,0.795918,11882 12007 12118 12232 12238 12239 12240 12354 12360 12361 12362 12475 12477 12597 12599
moead,513_e-05,19,11,3650,73,29459494.680260,4884.601386,0.224490,0.775510,11882 12118 12232 12233 12238 12239 12240 12354 12360 12361 12362 12476 12477 12597 12599
moead,513_e-05,19,12,3650,73,29459494.680260,4884.601386,0.244898,0.755102,11882 12118 12232 12233 12238 12239 12240 12354 12360 12361 12362 12476 12477 12597 12599
moead,513_e-05,19,13,3650,73,29459494.680260,4884.601386,0.265306,0.734694,11882 12118 12232 12233 12238 12239 12240 12354 12360 12361 12362 12476 12477 12597 12599
moead,513_e-05,19,14,3650,73,29459494.680260,4884.601386,0.285714,0.714286,11882 12118 12232 12233 12238 12239 12240 12354 12360 12361 12362 12476 12477 12597 12599
moead,513_e-05,19,15,3650,73,29457960.541536,4875.445443,0.306122,0.693878,11890 12115 12232 12233 12234 12238 12240 12241 12360 12361 12362 12476 12477 12597 12599
moead,513_e-05,19,16,3650,73,29457960.541536,4875.445443,0.326531,0.673469,11890 12115 12232 12233 12234 12238 12240 12241 12360 12361 12362 12476 12477 12597 12599
moead,513_e-05,19,17,3650,73,29457960.541536,4875.445443,0.346939,0.653061,11890 12115 12232 12233 12234 12238 12240 12241 12360 12361 12362 12476 12477 12597 12599
moead,513_e-05,19,18,3650,73,29457960.541536,4875.445443,0.367347,0.632653,11890 12115 12232 12233 12234 12238 12240 12241 12360 12361 12362 12476 12477 12597 12599
moead,513_e-05,19,19,3650,73,29457960.541536,4875.445443,0.387755,0.612245,11890 12115 12232 12233 12234 12238 12240 12241 12360 12361 12362 12476 12477 12597 12599
moead,513_e-05,19,20,3650,73,29456624.453440,4875.127109,0.408163,0.591837,11890 12000 12115 12232 12233 12234 12235 12236 12238 12240 12362 12476 12477 12597 12599
moead,513_e-05,19,21,3650,73,29456624.453440,4875.127109,0.428571,0.571429,11890 12000 12115 12232 12233 12234 12235 12236 12238 12240 12362 12476 12477 12597 12599
moead,513_e-05,19,22,3650,73,29456624.453440,4875.127109,0.448980,0.551020,11890 12000 12115 12232 12233 12234 12235 12236 12238 12240 12362 12476 12477 12597 12599
moead,513_e-05,19,23,3650,73,29456624.453440,4875.127109,0.469388,0.530612,11890 12000 12115 12232 12233 12234 12235 12236 12238 12240 12362 12476 12477 12597 12599
moead,513_e-05,19,24,3650,73,29456624.453440,4875.127109,0.489796,0.510204,11890 12000 12115 12232 12233 12234 12235 12236 12238 12240 12362 12476 12477 12597 12599
moead,513_e-05,19,25,3650,73,29456624.453440,4875.127109,0.510204,0.489796,11890 12000 12115 12232 12233 12234 12235 12236 12238 12240 12362 12476 12477 12597 12599
moead,513_e-05,19,26,3650,73,29456624.453440,4875.127109,0.530612,0.469388,11890 12000 12115 12232 12233 12234 12235 12236 12238 12240 12362 12476 12477 12597 12599
moead,513_e-05,19,27,3650,73,29456624.453440,4875.127109,0.551020,0.448980,11890 12000 12115 12232 12233 12234 12235 12236 12238 12240 12362 12476 12477 12597 12599
moead,513_e-05,19,28,3650,73,29456624.453440,4875.127109,0.571429,0.428571,11890 12000 12115 12232 12233 12234 12235 12236 12238 12240 12362 12476 12477 12597 12599
moead,513_e-05,19,29,3650,73,29456624.453440,4875.127109,0.591837,0.408163,11890 12000 12115 12232 12233 12234 12235 12236 12238 12240 12362 12476 12477 12597 12599
moead,513_e-05,19,30,3650,73,29456624.453440,4875.127109,0.612245,0.387755,11890 12000 12115 12232 12233 12234 12235 12236 12238 12240 12362 12476 12477 12597 12599
moead,513_e-05,19,31,3650,73,29456245.306165,4874.884149,0.632653,0.367347,11890 12000 12115 12232 12233 12234 12236 12238 12239 12240 12360 12361 12475 12477 12599
moead,513_e-05,19,32,3650,73,29456245.306165,4874.884149,0.653061,0.346939,11890 12000 12115 12232 12233 12234 12236 12238 12239 12240 12360 12361 12475 12477 12599
moead,513_e-05,19,33,3650,73,29456245.306165,4874.884149,0.673469,0.326531,11890 12000 12115 12232 12233 12234 12236 12238 12239 12240 12360 12361 12475 12477 12599
moead,513_e-05,19,34,3650,73,29456245.306165,4874.884149,0.693878,0.306122,11890 12000 12115 12232 12233 12234 12236 12238 12239 12240 12360 12361 12475 12477 12599
moead,513_e-05,19,35,3650,73,29456245.306165,4874.884149,0.714286,0.285714,11890 12000 12115 12232 12233 12234 12236 12238 12239 12240 12360 12361 12475 12477 12599
moead,513_e-05,19,36,3650,73,29456245.306165,4874.884149,0.734694,0.265306,11890 12000 12115 12232 12233 12234 12236 12238 12239 12240 12360 12361 12475 12477 12599
moead,513_e-05,19,37,3650,73,29455696.136855,4872.631759,0.755102,0.244898,11998 12000 12115 12232 12233 12234 12236 12238 12239 12240 12360 12361 12475 12477 12599
moead,513_e-05,19,38,3650,73,29455696.136855,4872.631759,0.775510,0.224490,11998 12000 12115 12232 12233 12234 12236 12238 12239 12240 12360 12361 12475 12477 12599
moead,513_e-05,19,39,3650,73,29455696.136855,4872.631759,0.795918,0.204082,11998 12000 12115 12232 12233 12234 12236 12238 12239 12240 12360 12361 12475 12477 12599
moead,513_e-05,19,40,3650,73,29455696.136855,4872.631759,0.816327,0.183673,11998 12000 12115 12232 12233 12234 12236 12238 12239 12240 12360 12361 12475 12477 12599
moead,513_e-05,19,41,3650,73,29455696.136855,4872.631759,0.836735,0.163265,11998 12000 12115 12232 12233 12234 12236 12238 12239 12240 12360 12361 12475 12477 12599
moead,513_e-05,19,42,3650,73,29455696.136855,4872.631759,0.857143,0.142857,11998 12000 12115 12232 12233 12234 12236 12238 12239 12240 12360 12361 12475 12477 12599
moead,513_e-05,19,43,3650,73,29455696.136855,4872.631759,0.877551,0.122449,11998 12000 12115 12232 12233 12234 12236 12238 12239 12240 12360 12361 12475 12477 12599
moead,513_e-05,19,44,3650,73,29455696.136855,4872.631759,0.897959,0.102041,11998 12000 12115 12232 12233 12234 12236 12238 12239 12240 12360 12361 12475 12477 12599
moead,513_e-05,19,45,3650,73,29455696.136855,4872.631759,0.918367,0.081633,11998 12000 12115 12232 12233 12234 12236 12238 12239 12240 12360 12361 12475 12477 12599
moead,513_e-05,19,46,3650,73,29455696.136855,4872.631759,0.938776,0.061224,11998 12000 12115 12232 12233 12234 12236 12238 12239 12240 12360 12361 12475 12477 12599
moead,513_e-05,19,47,3650,73,29455696.136855,4872.631759,0.959184,0.040816,11998 12000 12115 12232 12233 12234 12236 12238 12239 12240 12360 12361 12475 12477 12599
moead,513_e-05,19,48,3650,73,29455696.136855,4872.631759,0.979592,0.020408,11998 12000 12115 12232 12233 12234 12236 12238 12239 12240 12360 12361 12475 12477 12599
moead,513_e-05,19,49,3650,73,29455696.136855,4872.631759,1.000000,0.000000,11998 12000 12115 12232 12233 12234 12236 12238 12239 12240 12360 12361 12475 12477 12599
moead,513_e-05,19,0,3700,74,37700307.495056,6394.922775,0.000000,1.000000,11882 22440 44360 53423 57897 71698 92134 103790 105217 105954 130198 134137 143535 147130 181523
moead,513_e-05,19,1,3700,74,29505704.895224,5213.827434,0.020408,0.979592,11165 11760 11882 12118 12133 12232 12239 12240 12360 12361 12465 12475 12476 12597 12599
moead,513_e-05,19,2,3700,74,29485387.974694,5200.986462,0.040816,0.959184,11760 11882 12118 12133 12232 12238 12239 12240 12360 12361 12475 12476 12479 12597 12599
moead,513_e-05,19,3,3700,74,29475363.302131,5091.526318,0.061224,0.938776,11882 12118 12133 12232 12238 12239 12240 12360 12361 12475 12476 12479 12597 12599 13245
moead,513_e-05,19,4,3700,74,29470651.538419,4997.015039,0.081633,0.918367,11882 12007 12118 12133 12232 12238 12239 12240 12360 12361 12475 12476 12479 12597 12599
moead,513_e-05,19,5,3700,74,29464579.788897,4987.349743,0.102041,0.897959,11882 12118 12232 12238 12239 12360 12361 12362 12475 12476 12477 12481 12597 12599 12730
moead,513_e-05,19,6,3700,74,29464579.788897,4987.349743,0.122449,0.877551,11882 12118 12232 12238 12239 12360 12361 12362 12475 12476 12477 12481 12597 12599 12730
moead,513_e-05,19,7,3700,74,29462714.929047,4983.467140,0.142857,0.857143,11882 12007 12118 12232 12238 12239 12350 12360 12361 12362 12475 12476 12477 12597 12599
moead,513_e-05,19,8,3700,74,29462714.929047,4983.467140,0.163265,0.836735,11882 12007 12118 12232 12238 12239 12350 12360 12361 12362 12475 12476 12477 12597 12599
moead,513_e-05,19,9,3700,74,29461581.521863,4982.720826,0.183673,0.816327,11882 12007 12118 12232 12238 12239 12240 12354 12360 12361 12362 12475 12477 12597 12599
moead,513_e-05,19,10,3700,74,29461581.521863,4982.720826,0.204082,0.795918,11882 12007 12118 12232 12238 12239 12240 12354 12360 12361 12362 12475 12477 12597 12599
moead,513_e-05,19,11,3700,74,29459494.680260,4884.601386,0.224490,0.775510,11882 12118 12232 12233 12238 12239 12240 12354 12360 12361 12362 12476 12477 12597 12599
moead,513_e-05,19,12,3700,74,29459494.680260,4884.601386,0.244898,0.755102,11882 12118 12232 12233 12238 12239 12240 12354 12360 12361 12362 12476 12477 12597 12599
moead,513_e-05,19,13,3700,74,29459494.680260,4884.601386,0.265306,0.734694,11882 12118 12232 12233 12238 12239 12240 12354 12360 12361 12362 12476 12477 12597 12599
moead,513_e-05,19,14,3700,74,29459494.680260,4884.601386,0.285714,0.714286,11882 12118 12232 12233 12238 12239 12240 12354 12360 12361 12362 12476 12477 12597 12599
moead,513_e-05,19,15,3700,74,29457960.541536,4875.445443,0.306122,0.693878,11890 12115 12232 12233 12234 12238 12240 12241 12360 12361 12362 12476 12477 12597 12599
moead,513_e-05,19,16,3700,74,29457960.541536,4875.445443,0.326531,0.673469,11890 12115 12232 12233 12234 12238 12240 12241 12360 12361 12362 12476 12477 12597 12599
moead,513_e-05,19,17,3700,74,29457960.541536,4875.445443,0.346939,0.653061,11890 12115 12232 12233 12234 12238 12240 12241 12360 12361 12362 12476 12477 12597 12599
moead,513_e-05,19,18,3700,74,29457960.541536,4875.445443,0.367347,0.632653,11890 12115 12232 12233 12234 12238 12240 12241 12360 12361 12362 12476 12477 12597 12599
moead,513_e-05,19,19,3700,74,29457960.541536,4875.445443,0.387755,0.612245,11890 12115 12232 12233 12234 12238 12240 12241 12360 12361 12362 12476 12477 12597 12599
moead,513_e-05,19,20,3700,74,29456624.453440,4875.127109,0.408163,0.591837,11890 12000 12115 12232 12233 12234 12235 12236 12238 12240 12362 12476 12477 12597 12599
moead,513_e-05,19,21,3700,74,29456624.453440,4875.127109,0.428571,0.571429,11890 12000 12115 12232 12233 12234 12235 12236 12238 12240 12362 12476 12477 12597 12599
moead,513_e-05,19,22,3700,74,29456624.453440,4875.127109,0.448980,0.551020,11890 12000 12115 12232 12233 12234 12235 12236 12238 12240 12362 12476 12477 12597 12599
moead,513_e-05,19,23,3700,74,29456624.453440,4875.127109,0.469388,0.530612,11890 12000 12115 12232 12233 12234 12235 12236 12238 12240 12362 12476 12477 12597 12599
moead,513_e-05,19,24,3700,74,29456624.453440,4875.127109,0.489796,0.510204,11890 12000 12115 12232 12233 12234 12235 12236 12238 12240 12362 12476 12477 12597 12599
moead,513_e-05,19,25,3700,74,29456624.453440,4875.127109,0.510204,0.489796,11890 12000 12115 12232 12233 12234 12235 12236 12238 12240 12362 12476 12477 12597 12599
moead,513_e-05,19,26,3700,74,29456624.453440,4875.127109,0.530612,0.469388,11890 12000 12115 12232 12233 12234 12235 12236 12238 12240 12362 12476 12477 12597 12599
moead,513_e-05,19,27,3700,74,29456624.453440,4875.127109,0.551020,0.448980,11890 12000 12115 12232 12233 12234 12235 12236 12238 12240 12362 12476 12477 12597 12599
moead,513_e-05,19,28,3700,74,29456624.453440,4875.127109,0.571429,0.428571,11890 12000 12115 12232 12233 12234 12235 12236 12238 12240 12362 12476 12477 12597 12599
moead,513_e-05,19,29,3700,74,29456624.453440,4875.127109,0.591837,0.408163,11890 12000 12115 12232 12233 12234 12235 12236 12238 12240 12362 12476 12477 12597 12599
moead,513_e-05,19,30,3700,74,29456624.453440,4875.127109,0.612245,0.387755,11890 12000 12115 12232 12233 12234 12235 12236 12238 12240 12362 12476 12477 12597 12599
moead,513_e-05,19,31,3700,74,29456245.306165,4874.884149,0.632653,0.367347,11890 12000 12115 12232 12233 12234 12236 12238 12239 12240 12360 12361 12475 12477 12599
moead,513_e-05,19,32,3700,74,29456245.306165,4874.884149,0.653061,0.346939,11890 12000 12115 12232 12233 12234 12236 12238 12239 12240 12360 12361 12475 12477 12599
moead,513_e-05,19,33,3700,74,29456245.306165,4874.884149,0.673469,0.326531,11890 12000 12115 12232 12233 12234 12236 12238 12239 12240 12360 12361 12475 12477 12599
moead,513_e-05,19,34,3700,74,29456245.306165,4874.884149,0.693878,0.306122,11890 12000 12115 12232 12233 12234 12236 12238 12239 12240 12360 12361 12475 12477 12599
moead,513_e-05,19,35,3700,74,29456245.306165,4874.884149,0.714286,0.285714,11890 12000 12115 12232 12233 12234 12236 12238 12239 12240 12360 12361 12475 12477 12599
moead,513_e-05,19,36,3700,74,29456245.306165,4874.884149,0.734694,0.265306,11890 12000 12115 12232 12233 12234 12236 12238 12239 12240 12360 12361 12475 12477 12599
moead,513_e-05,19,37,3700,74,29455696.136855,4872.631759,0.755102,0.244898,11998 12000 12115 12232 12233 12234 12236 12238 12239 12240 12360 12361 12475 12477 12599
moead,513_e-05,19,38,3700,74,29455696.136855,4872.631759,0.775510,0.224490,11998 12000 12115 12232 12233 12234 12236 12238 12239 12240 12360 12361 12475 12477 12599
moead,513_e-05,19,39,3700,74,29455696.136855,4872.631759,0.795918,0.204082,11998 12000 12115 12232 12233 12234 12236 12238 12239 12240 12360 12361 12475 12477 12599
moead,513_e-05,19,40,3700,74,29455696.136855,4872.631759,0.816327,0.183673,11998 12000 12115 12232 12233 12234 12236 12238 12239 12240 12360 12361 12475 12477 12599
moead,513_e-05,19,41,3700,74,29455696.136855,4872.631759,0.836735,0.163265,11998 12000 12115 12232 12233 12234 12236 12238 12239 12240 12360 12361 12475 12477 12599
moead,513_e-05,19,42,3700,74,29455696.136855,4872.631759,0.857143,0.142857,11998 12000 12115 12232 12233 12234 12236 12238 12239 12240 12360 12361 12475 12477 12599
moead,513_e-05,19,43,3700,74,29455696.136855,4872.631759,0.877551,0.122449,11998 12000 12115 12232 12233 12234 12236 12238 12239 12240 12360 12361 12475 12477 12599
moead,513_e-05,19,44,3700,74,29455696.136855,4872.631759,0.897959,0.102041,11998 12000 12115 12232 12233 12234 12236 12238 12239 12240 12360 12361 12475 12477 12599
moead,513_e-05,19,45,3700,74,29455696.136855,4872.631759,0.918367,0.081633,11998 12000 12115 12232 12233 12234 12236 12238 12239 12240 12360 12361 12475 12477 12599
moead,513_e-05,19,46,3700,74,29455696.136855,4872.631759,0.938776,0.061224,11998 12000 12115 12232 12233 12234 12236 12238 12239 12240 12360 12361 12475 12477 12599
moead,513_e-05,19,47,3700,74,29455696.136855,4872.631759,0.959184,0.040816,11998 12000 12115 12232 12233 12234 12236 12238 12239 12240 12360 12361 12475 12477 12599
moead,513_e-05,19,48,3700,74,29455696.136855,4872.631759,0.979592,0.020408,11998 12000 12115 12232 12233 12234 12236 12238 12239 12240 12360 12361 12475 12477 12599
moead,513_e-05,19,49,3700,74,29455696.136855,4872.631759,1.000000,0.000000,11998 12000 12115 12232 12233 12234 12236 12238 12239 12240 12360 12361 12475 12477 12599
moead,513_e-05,19,0,3750,75,37176687.234351,6394.922775,0.000000,1.000000,1350 12599 22440 30397 44360 53423 71698 83789 91930 92134 103790 105217 114270 129157 143535
moead,513_e-05,19,1,3750,75,29505704.895224,5213.827434,0.020408,0.979592,11165 11760 11882 12118 12133 12232 12239 12240 12360 12361 12465 12475 12476 12597 12599
moead,513_e-05,19,2,3750,75,29485387.974694,5200.986462,0.040816,0.959184,11760 11882 12118 12133 12232 12238 12239 12240 12360 12361 12475 12476 12479 12597 12599
moead,513_e-05,19,3,3750,75,29475363.302131,5091.526318,0.061224,0.938776,11882 12118 12133 12232 12238 12239 12240 12360 12361 12475 12476 12479 12597 12599 13245
moead,513_e-05,19,4,3750,75,29470651.538419,4997.015039,0.081633,0.918367,11882 12007 12118 12133 12232 12238 12239 12240 12360 12361 12475 12476 12479 12597 12599
moead,513_e-05,19,5,3750,75,29464579.788897,4987.349743,0.102041,0.897959,11882 12118 12232 12238 12239 12360 12361 12362 12475 12476 12477 12481 12597 12599 12730
moead,513_e-05,19,6,3750,75,29464579.788897,4987.349743,0.122449,0.877551,11882 12118 12232 12238 12239 12360 12361 12362 12475 12476 12477 12481 12597 12599 12730
moead,513_e-05,19,7,3750,75,29462714.929047,4983.467140,0.142857,0.857143,11882 12007 12118 12232 12238 12239 12350 12360 12361 12362 12475 12476 12477 12597 12599
moead,513_e-05,19,8,3750,75,29461581.521863,4982.720826,0.163265,0.836735,11882 12007 12118 12232 12238 12239 12240 12354 12360 12361 12362 12475 12477 12597 12599
moead,513_e-05,19,9,3750,75,29461581.521863,4982.720826,0.183673,0.816327,11882 12007 12118 12232 12238 12239 12240 12354 12360 12361 12362 12475 12477 12597 12599
moead,513_e-05,19,10,3750,75,29459494.680260,4884.601386,0.204082,0.795918,11882 12118 12232 12233 12238 12239 12240 12354 12360 12361 12362 12476 12477 12597 12599
moead,513_e-05,19,11,3750,75,29459494.680260,4884.601386,0.224490,0.775510,11882 12118 12232 12233 12238 12239 12240 12354 12360 12361 12362 12476 12477 12597 12599
moead,513_e-05,19,12,3750,75,29459494.680260,4884.601386,0.244898,0.755102,11882 12118 12232 12233 12238 12239 12240 12354 12360 12361 12362 12476 12477 12597 12599
moead,513_e-05,19,13,3750,75,29457960.541536,4875.445443,0.265306,0.734694,11890 12115 12232 12233 12234 12238 12240 12241 12360 12361 12362 12476 12477 12597 12599
moead,513_e-05,19,14,3750,75,29457960.541536,4875.445443,0.285714,0.714286,11890 12115 12232 12233 12234 12238 12240 12241 12360 12361 12362 12476 12477 12597 12599
moead,513_e-05,19,15,3750,75,29457960.541536,4875.445443,0.306122,0.693878,11890 12115 12232 12233 12234 12238 12240 12241 12360 12361 12362 12476 12477 12597 12599
moead,513_e-05,19,16,3750,75,29457960.541536,4875.445443,0.326531,0.673469,11890 12115 12232 12233 12234 12238 12240 12241 12360 12361 12362 12476 12477 12597 12599
moead,513_e-05,19,17,3750,75,29457960.541536,4875.445443,0.346939,0.653061,11890 12115 12232 12233 12234 12238 12240 12241 12360 12361 12362 12476 12477 12597 12599
moead,513_e-05,19,18,3750,75,29456624.453440,4875.127109,0.367347,0.632653,11890 12000 12115 12232 12233 12234 12235 12236 12238 12240 12362 12476 12477 12597 12599
moead,513_e-05,19,19,3750,75,29456624.453440,4875.127109,0.387755,0.612245,11890 12000 12115 12232 12233 12234 12235 12236 12238 12240 12362 12476 12477 12597 12599
moead,513_e-05,19,20,3750,75,29456624.453440,4875.127109,0.408163,0.591837,11890 12000 12115 12232 12233 12234 12235 12236 12238 12240 12362 12476 12477 12597 12599
moead,513_e-05,19,21,3750,75,29456624.453440,4875.127109,0.428571,0.571429,11890 12000 12115 12232 12233 12234 12235 12236 12238 12240 12362 12476 12477 12597 12599
moead,513_e-05,19,22,3750,75,29456624.453440,4875.127109,0.448980,0.551020,11890 12000 12115 12232 12233 12234 12235 12236 12238 12240 12362 12476 12477 12597 12599
moead,513_e-05,19,23,3750,75,29456624.453440,4875.127109,0.469388,0.530612,11890 12000 12115 12232 12233 12234 12235 12236 12238 12240 12362 12476 12477 12597 12599
moead,513_e-05,19,24,3750,75,29456624.453440,4875.127109,0.489796,0.510204,11890 12000 12115 12232 12233 12234 12235 12236 12238 12240 12362 12476 12477 12597 12599
moead,513_e-05,19,25,3750,75,29456624.453440,4875.127109,0.510204,0.489796,11890 12000 12115 12232 12233 12234 12235 12236 12238 12240 12362 12476 12477 12597 12599
moead,513_e-05,19,26,3750,75,29456245.306165,4874.884149,0.530612,0.469388,11890 12000 12115 12232 12233 12234 12236 12238 12239 12240 12360 12361 12475 12477 12599
moead,513_e-05,19,27,3750,75,29456245.306165,4874.884149,0.551020,0.448980,11890 12000 12115 12232 12233 12234 12236 12238 12239 12240 12360 12361 12475 12477 12599
moead,513_e-05,19,28,3750,75,29456245.306165,4874.884149,0.571429,0.428571,11890 12000 12115 12232 12233 12234 12236 12238 12239 12240 12360 12361 12475 12477 12599
moead,513_e-05,19,29,3750,75,29456245.306165,4874.884149,0.591837,0.408163,11890 12000 12115 12232 12233 12234 12236 12238 12239 12240 12360 12361 12475 12477 12599
moead,513_e-05,19,30,3750,75,29455696.136855,4872.631759,0.612245,0.387755,11998 12000 12115 12232 12233 12234 12236 12238 12239 12240 12360 12361 12475 12477 12599
moead,513_e-05,19,31,3750,75,29455696.136855,4872.631759,0.632653,0.367347,11998 12000 12115 12232 12233 12234 12236 12238 12239 12240 12360 12361 12475 12477 12599
moead,513_e-05,19,32,3750,75,29455696.136855,4872.631759,0.653061,0.346939,11998 12000 12115 12232 12233 12234 12236 12238 12239 12240 12360 12361 12475 12477 12599
moead,513_e-05,19,33,3750,75,29455696.136855,4872.631759,0.673469,0.326531,11998 12000 12115 12232 12233 12234 12236 12238 12239 12240 12360 12361 12475 12477 12599
moead,513_e-05,19,34,3750,75,29455696.136855,4872.631759,0.693878,0.306122,11998 12000 12115 12232 12233 12234 12236 12238 12239 12240 12360 12361 12475 12477 12599
moead,513_e-05,19,35,3750,75,29455696.136855,4872.631759,0.714286,0.285714,11998 12000 12115 12232 12233 12234 12236 12238 12239 12240 12360 12361 12475 12477 12599
moead,513_e-05,19,36,3750,75,29455696.136855,4872.631759,0.734694,0.265306,11998 12000 12115 12232 12233 12234 12236 12238 12239 12240 12360 12361 12475 12477 12599
moead,513_e-05,19,37,3750,75,29455696.136855,4872.631759,0.755102,0.244898,11998 12000 12115 12232 12233 12234 12236 12238 12239 12240 12360 12361 12475 12477 12599
moead,513_e-05,19,38,3750,75,29455696.136855,4872.631759,0.775510,0.224490,11998 12000 12115 12232 12233 12234 12236 12238 12239 12240 12360 12361 12475 12477 12599
moead,513_e-05,19,39,3750,75,29455269.357252,4871.950663,0.795918,0.204082,11998 12115 12232 12233 12234 12236 12238 12239 12240 12358 12360 12361 12475 12477 12599
moead,513_e-05,19,40,3750,75,29455269.357252,4871.950663,0.816327,0.183673,11998 12115 12232 12233 12234 12236 12238 12239 12240 12358 12360 12361 12475 12477 12599
moead,513_e-05,19,41,3750,75,29455269.357252,4871.950663,0.836735,0.163265,11998 12115 12232 12233 12234 12236 12238 12239 12240 12358 12360 12361 12475 12477 12599
moead,513_e-05,19,42,3750,75,29455269.357252,4871.950663,0.857143,0.142857,11998 12115 12232 12233 12234 12236 12238 12239 12240 12358 12360 12361 12475 12477 12599
moead,513_e-05,19,43,3750,75,29455269.357252,4871.950663,0.877551,0.122449,11998 12115 12232 12233 12234 12236 12238 12239 12240 12358 12360 12361 12475 12477 12599
moead,513_e-05,19,44,3750,75,29455269.357252,4871.950663,0.897959,0.102041,11998 12115 12232 12233 12234 12236 12238 12239 12240 12358 12360 12361 12475 12477 12599
moead,513_e-05,19,45,3750,75,29455269.357252,4871.950663,0.918367,0.081633,11998 12115 12232 12233 12234 12236 12238 12239 12240 12358 12360 12361 12475 12477 12599
moead,513_e-05,19,46,3750,75,29455269.357252,4871.950663,0.938776,0.061224,11998 12115 12232 12233 12234 12236 12238 12239 12240 12358 12360 12361 12475 12477 12599
moead,513_e-05,19,47,3750,75,29455269.357252,4871.950663,0.959184,0.040816,11998 12115 12232 12233 12234 12236 12238 12239 12240 12358 12360 12361 12475 12477 12599
moead,513_e-05,19,48,3750,75,29455269.357252,4871.950663,0.979592,0.020408,11998 12115 12232 12233 12234 12236 12238 12239 12240 12358 12360 12361 12475 12477 12599
moead,513_e-05,19,49,3750,75,29455269.357252,4871.950663,1.000000,0.000000,11998 12115 12232 12233 12234 12236 12238 12239 12240 12358 12360 12361 12475 12477 12599
moead,513_e-05,19,0,3800,76,37357915.386714,6394.922775,0.000000,1.000000,1350 12599 21331 22440 35775 44360 68747 71698 79476 91930 103790 105217 122522 143535 184980
moead,513_e-05,19,1,3800,76,29505704.895224,5213.827434,0.020408,0.979592,11165 11760 11882 12118 12133 12232 12239 12240 12360 12361 12465 12475 12476 12597 12599
moead,513_e-05,19,2,3800,76,29485387.974694,5200.986462,0.040816,0.959184,11760 11882 12118 12133 12232 12238 12239 12240 12360 12361 12475 12476 12479 12597 12599
moead,513_e-05,19,3,3800,76,29475363.302131,5091.526318,0.061224,0.938776,11882 12118 12133 12232 12238 12239 12240 12360 12361 12475 12476 12479 12597 12599 13245
moead,513_e-05,19,4,3800,76,29470651.538419,4997.015039,0.081633,0.918367,11882 12007 12118 12133 12232 12238 12239 12240 12360 12361 12475 12476 12479 12597 12599
moead,513_e-05,19,5,3800,76,29464579.788897,4987.349743,0.102041,0.897959,11882 12118 12232 12238 12239 12360 12361 12362 12475 12476 12477 12481 12597 12599 12730
moead,513_e-05,19,6,3800,76,29464579.788897,4987.349743,0.122449,0.877551,11882 12118 12232 12238 12239 12360 12361 12362 12475 12476 12477 12481 12597 12599 12730
moead,513_e-05,19,7,3800,76,29462714.929047,4983.467140,0.142857,0.857143,11882 12007 12118 12232 12238 12239 12350 12360 12361 12362 12475 12476 12477 12597 12599
moead,513_e-05,19,8,3800,76,29461581.521863,4982.720826,0.163265,0.836735,11882 12007 12118 12232 12238 12239 12240 12354 12360 12361 12362 12475 12477 12597 12599
moead,513_e-05,19,9,3800,76,29461581.521863,4982.720826,0.183673,0.816327,11882 12007 12118 12232 12238 12239 12240 12354 12360 12361 12362 12475 12477 12597 12599
moead,513_e-05,19,10,3800,76,29459665.771470,4884.601386,0.204082,0.795918,11882 12118 12232 12233 12238 12239 12240 12354 12360 12361 12362 12475 12477 12597 12599
moead,513_e-05,19,11,3800,76,29459665.771470,4884.601386,0.224490,0.775510,11882 12118 12232 12233 12238 12239 12240 12354 12360 12361 12362 12475 12477 12597 12599
moead,513_e-05,19,12,3800,76,29459665.771470,4884.601386,0.244898,0.755102,11882 12118 12232 12233 12238 12239 12240 12354 12360 12361 12362 12475 12477 12597 12599
moead,513_e-05,19,13,3800,76,29457960.541536,4875.445443,0.265306,0.734694,11890 12115 12232 12233 12234 12238 12240 12241 12360 12361 12362 12476 12477 12597 12599
moead,513_e-05,19,14,3800,76,29457960.541536,4875.445443,0.285714,0.714286,11890 12115 12232 12233 12234 12238 12240 12241 12360 12361 12362 12476 12477 12597 12599
moead,513_e-05,19,15,3800,76,29457960.541536,4875.445443,0.306122,0.693878,11890 12115 12232 12233 12234 12238 12240 12241 12360 12361 12362 12476 12477 12597 12599
moead,513_e-05,19,16,3800,76,29457960.541536,4875.445443,0.326531,0.673469,11890 12115 12232 12233 12234 12238 12240 12241 12360 12361 12362 12476 12477 12597 12599
moead,513_e-05,19,17,3800,76,29457960.541536,4875.445443,0.346939,0.653061,11890 12115 12232 12233 12234 12238 12240 12241 12360 12361 12362 12476 12477 12597 12599
moead,513_e-05,19,18,3800,76,29456624.453440,4875.127109,0.367347,0.632653,11890 12000 12115 12232 12233 12234 12235 12236 12238 12240 12362 12476 12477 12597 12599
moead,513_e-05,19,19,3800,76,29456624.453440,4875.127109,0.387755,0.612245,11890 12000 12115 12232 12233 12234 12235 12236 12238 12240 12362 12476 12477 12597 12599
moead,513_e-05,19,20,3800,76,29456624.453440,4875.127109,0.408163,0.591837,11890 12000 12115 12232 12233 12234 12235 12236 12238 12240 12362 12476 12477 12597 12599
moead,513_e-05,19,21,3800,76,29456624.453440,4875.127109,0.428571,0.571429,11890 12000 12115 12232 12233 12234 12235 12236 12238 12240 12362 12476 12477 12597 12599
moead,513_e-05,19,22,3800,76,29456624.453440,4875.127109,0.448980,0.551020,11890 12000 12115 12232 12233 12234 12235 12236 12238 12240 12362 12476 12477 12597 12599
moead,513_e-05,19,23,3800,76,29456624.453440,4875.127109,0.469388,0.530612,11890 12000 12115 12232 12233 12234 12235 12236 12238 12240 12362 12476 12477 12597 12599
moead,513_e-05,19,24,3800,76,29456624.453440,4875.127109,0.489796,0.510204,11890 12000 12115 12232 12233 12234 12235 12236 12238 12240 12362 12476 12477 12597 12599
moead,513_e-05,19,25,3800,76,29456624.453440,4875.127109,0.510204,0.489796,11890 12000 12115 12232 12233 12234 12235 12236 12238 12240 12362 12476 12477 12597 12599
moead,513_e-05,19,26,3800,76,29456245.306165,4874.884149,0.530612,0.469388,11890 12000 12115 12232 12233 12234 12236 12238 12239 12240 12360 12361 12475 12477 12599
moead,513_e-05,19,27,3800,76,29456245.306165,4874.884149,0.551020,0.448980,11890 12000 12115 12232 12233 12234 12236 12238 12239 12240 12360 12361 12475 12477 12599
moead,513_e-05,19,28,3800,76,29456245.306165,4874.884149,0.571429,0.428571,11890 12000 12115 12232 12233 12234 12236 12238 12239 12240 12360 12361 12475 12477 12599
moead,513_e-05,19,29,3800,76,29456245.306165,4874.884149,0.591837,0.408163,11890 12000 12115 12232 12233 12234 12236 12238 12239 12240 12360 12361 12475 12477 12599
moead,513_e-05,19,30,3800,76,29455696.136855,4872.631759,0.612245,0.387755,11998 12000 12115 12232 12233 12234 12236 12238 12239 12240 12360 12361 12475 12477 12599
moead,513_e-05,19,31,3800,76,29455696.136855,4872.631759,0.632653,0.367347,11998 12000 12115 12232 12233 12234 12236 12238 12239 12240 12360 12361 12475 12477 12599
moead,513_e-05,19,32,3800,76,29455696.136855,4872.631759,0.653061,0.346939,11998 12000 12115 12232 12233 12234 12236 12238 12239 12240 12360 12361 12475 12477 12599
moead,513_e-05,19,33,3800,76,29455696.136855,4872.631759,0.673469,0.326531,11998 12000 12115 12232 12233 12234 12236 12238 12239 12240 12360 12361 12475 12477 12599
moead,513_e-05,19,34,3800,76,29455696.136855,4872.631759,0.693878,0.306122,11998 12000 12115 12232 12233 12234 12236 12238 12239 12240 12360 12361 12475 12477 12599
moead,513_e-05,19,35,3800,76,29455696.136855,4872.631759,0.714286,0.285714,11998 12000 12115 12232 12233 12234 12236 12238 12239 12240 12360 12361 12475 12477 12599
moead,513_e-05,19,36,3800,76,29455696.136855,4872.631759,0.734694,0.265306,11998 12000 12115 12232 12233 12234 12236 12238 12239 12240 12360 12361 12475 12477 12599
moead,513_e-05,19,37,3800,76,29455696.136855,4872.631759,0.755102,0.244898,11998 12000 12115 12232 12233 12234 12236 12238 12239 12240 12360 12361 12475 12477 12599
moead,513_e-05,19,38,3800,76,29455696.136855,4872.631759,0.775510,0.224490,11998 12000 12115 12232 12233 12234 12236 12238 12239 12240 12360 12361 12475 12477 12599
moead,513_e-05,19,39,3800,76,29455269.357252,4871.950663,0.795918,0.204082,11998 12115 12232 12233 12234 12236 12238 12239 12240 12358 12360 12361 12475 12477 12599
moead,513_e-05,19,40,3800,76,29455269.357252,4871.950663,0.816327,0.183673,11998 12115 12232 12233 12234 12236 12238 12239 12240 12358 12360 12361 12475 12477 12599
moead,513_e-05,19,41,3800,76,29455269.357252,4871.950663,0.836735,0.163265,11998 12115 12232 12233 12234 12236 12238 12239 12240 12358 12360 12361 12475 12477 12599
moead,513_e-05,19,42,3800,76,29455269.357252,4871.950663,0.857143,0.142857,11998 12115 12232 12233 12234 12236 12238 12239 12240 12358 12360 12361 12475 12477 12599
moead,513_e-05,19,43,3800,76,29455269.357252,4871.950663,0.877551,0.122449,11998 12115 12232 12233 12234 12236 12238 12239 12240 12358 12360 12361 12475 12477 12599
moead,513_e-05,19,44,3800,76,29455269.357252,4871.950663,0.897959,0.102041,11998 12115 12232 12233 12234 12236 12238 12239 12240 12358 12360 12361 12475 12477 12599
moead,513_e-05,19,45,3800,76,29455269.357252,4871.950663,0.918367,0.081633,11998 12115 12232 12233 12234 12236 12238 12239 12240 12358 12360 12361 12475 12477 12599
moead,513_e-05,19,46,3800,76,29455269.357252,4871.950663,0.938776,0.061224,11998 12115 12232 12233 12234 12236 12238 12239 12240 12358 12360 12361 12475 12477 12599
moead,513_e-05,19,47,3800,76,29455269.357252,4871.950663,0.959184,0.040816,11998 12115 12232 12233 12234 12236 12238 12239 12240 12358 12360 12361 12475 12477 12599
moead,513_e-05,19,48,3800,76,29455269.357252,4871.950663,0.979592,0.020408,11998 12115 12232 12233 12234 12236 12238 12239 12240 12358 12360 12361 12475 12477 12599
moead,513_e-05,19,49,3800,76,29455269.357252,4871.950663,1.000000,0.000000,11998 12115 12232 12233 12234 12236 12238 12239 12240 12358 12360 12361 12475 12477 12599
moead,513_e-05,19,0,3850,77,37403578.251330,6394.922775,0.000000,1.000000,12599 22440 35775 44360 50792 68747 71698 91930 103790 105217 108531 122522 143535 178837 184980
moead,513_e-05,19,1,3850,77,29505704.895224,5213.827434,0.020408,0.979592,11165 11760 11882 12118 12133 12232 12239 12240 12360 12361 12465 12475 12476 12597 12599
moead,513_e-05,19,2,3850,77,29485387.974694,5200.986462,0.040816,0.959184,11760 11882 12118 12133 12232 12238 12239 12240 12360 12361 12475 12476 12479 12597 12599
moead,513_e-05,19,3,3850,77,29475363.302131,5091.526318,0.061224,0.938776,11882 12118 12133 12232 12238 12239 12240 12360 12361 12475 12476 12479 12597 12599 13245
moead,513_e-05,19,4,3850,77,29470651.538419,4997.015039,0.081633,0.918367,11882 12007 12118 12133 12232 12238 12239 12240 12360 12361 12475 12476 12479 12597 12599
moead,513_e-05,19,5,3850,77,29464579.788897,4987.349743,0.102041,0.897959,11882 12118 12232 12238 12239 12360 12361 12362 12475 12476 12477 12481 12597 12599 12730
moead,513_e-05,19,6,3850,77,29464579.788897,4987.349743,0.122449,0.877551,11882 12118 12232 12238 12239 12360 12361 12362 12475 12476 12477 12481 12597 12599 12730
moead,513_e-05,19,7,3850,77,29462714.929047,4983.467140,0.142857,0.857143,11882 12007 12118 12232 12238 12239 12350 12360 12361 12362 12475 12476 12477 12597 12599
moead,513_e-05,19,8,3850,77,29461581.521863,4982.720826,0.163265,0.836735,11882 12007 12118 12232 12238 12239 12240 12354 12360 12361 12362 12475 12477 12597 12599
moead,513_e-05,19,9,3850,77,29461581.521863,4982.720826,0.183673,0.816327,11882 12007 12118 12232 12238 12239 12240 12354 12360 12361 12362 12475 12477 12597 12599
moead,513_e-05,19,10,3850,77,29459494.680260,4884.601386,0.204082,0.795918,11882 12118 12232 12233 12238 12239 12240 12354 12360 12361 12362 12476 12477 12597 12599
moead,513_e-05,19,11,3850,77,29459494.680260,4884.601386,0.224490,0.775510,11882 12118 12232 12233 12238 12239 12240 12354 12360 12361 12362 12476 12477 12597 12599
moead,513_e-05,19,12,3850,77,29459494.680260,4884.601386,0.244898,0.755102,11882 12118 12232 12233 12238 12239 12240 12354 12360 12361 12362 12476 12477 12597 12599
moead,513_e-05,19,13,3850,77,29457960.541536,4875.445443,0.265306,0.734694,11890 12115 12232 12233 12234 12238 12240 12241 12360 12361 12362 12476 12477 12597 12599
moead,513_e-05,19,14,3850,77,29457960.541536,4875.445443,0.285714,0.714286,11890 12115 12232 12233 12234 12238 12240 12241 12360 12361 12362 12476 12477 12597 12599
moead,513_e-05,19,15,3850,77,29457960.541536,4875.445443,0.306122,0.693878,11890 12115 12232 12233 12234 12238 12240 12241 12360 12361 12362 12476 12477 12597 12599
moead,513_e-05,19,16,3850,77,29457960.541536,4875.445443,0.326531,0.673469,11890 12115 12232 12233 12234 12238 12240 12241 12360 12361 12362 12476 12477 12597 12599
moead,513_e-05,19,17,3850,77,29457960.541536,4875.445443,0.346939,0.653061,11890 12115 12232 12233 12234 12238 12240 12241 12360 12361 12362 12476 12477 12597 12599
moead,513_e-05,19,18,3850,77,29456624.453440,4875.127109,0.367347,0.632653,11890 12000 12115 12232 12233 12234 12235 12236 12238 12240 12362 12476 12477 12597 12599
moead,513_e-05,19,19,3850,77,29456624.453440,4875.127109,0.387755,0.612245,11890 12000 12115 12232 12233 12234 12235 12236 12238 12240 12362 12476 12477 12597 12599
moead,513_e-05,19,20,3850,77,29456624.453440,4875.127109,0.408163,0.591837,11890 12000 12115 12232 12233 12234 12235 12236 12238 12240 12362 12476 12477 12597 12599
moead,513_e-05,19,21,3850,77,29456624.453440,4875.127109,0.428571,0.571429,11890 12000 12115 12232 12233 12234 12235 12236 12238 12240 12362 12476 12477 12597 12599
moead,513_e-05,19,22,3850,77,29456624.453440,4875.127109,0.448980,0.551020,11890 12000 12115 12232 12233 12234 12235 12236 12238 12240 12362 12476 12477 12597 12599
moead,513_e-05,19,23,3850,77,29456624.453440,4875.127109,0.469388,0.530612,11890 12000 12115 12232 12233 12234 12235 12236 12238 12240 12362 12476 12477 12597 12599
moead,513_e-05,19,24,3850,77,29456624.453440,4875.127109,0.489796,0.510204,11890 12000 12115 12232 12233 12234 12235 12236 12238 12240 12362 12476 12477 12597 12599
moead,513_e-05,19,25,3850,77,29456624.453440,4875.127109,0.510204,0.489796,11890 12000 12115 12232 12233 12234 12235 12236 12238 12240 12362 12476 12477 12597 12599
moead,513_e-05,19,26,3850,77,29456245.306165,4874.884149,0.530612,0.469388,11890 12000 12115 12232 12233 12234 12236 12238 12239 12240 12360 12361 12475 12477 12599
moead,513_e-05,19,27,3850,77,29456245.306165,4874.884149,0.551020,0.448980,11890 12000 12115 12232 12233 12234 12236 12238 12239 12240 12360 12361 12475 12477 12599
moead,513_e-05,19,28,3850,77,29456245.306165,4874.884149,0.571429,0.428571,11890 12000 12115 12232 12233 12234 12236 12238 12239 12240 12360 12361 12475 12477 12599
moead,513_e-05,19,29,3850,77,29456245.306165,4874.884149,0.591837,0.408163,11890 12000 12115 12232 12233 12234 12236 12238 12239 12240 12360 12361 12475 12477 12599
moead,513_e-05,19,30,3850,77,29455696.136855,4872.631759,0.612245,0.387755,11998 12000 12115 12232 12233 12234 12236 12238 12239 12240 12360 12361 12475 12477 12599
moead,513_e-05,19,31,3850,77,29455696.136855,4872.631759,0.632653,0.367347,11998 12000 12115 12232 12233 12234 12236 12238 12239 12240 12360 12361 12475 12477 12599
moead,513_e-05,19,32,3850,77,29455696.136855,4872.631759,0.653061,0.346939,11998 12000 12115 12232 12233 12234 12236 12238 12239 12240 12360 12361 12475 12477 12599
moead,513_e-05,19,33,3850,77,29455696.136855,4872.631759,0.673469,0.326531,11998 12000 12115 12232 12233 12234 12236 12238 12239 12240 12360 12361 12475 12477 12599
moead,513_e-05,19,34,3850,77,29455696.136855,4872.631759,0.693878,0.306122,11998 12000 12115 12232 12233 12234 12236 12238 12239 12240 12360 12361 12475 12477 12599
moead,513_e-05,19,35,3850,77,29455696.136855,4872.631759,0.714286,0.285714,11998 12000 12115 12232 12233 12234 12236 12238 12239 12240 12360 12361 12475 12477 12599
moead,513_e-05,19,36,3850,77,29455696.136855,4872.631759,0.734694,0.265306,11998 12000 12115 12232 12233 12234 12236 12238 12239 12240 12360 12361 12475 12477 12599
moead,513_e-05,19,37,3850,77,29455696.136855,4872.631759,0.755102,0.244898,11998 12000 12115 12232 12233 12234 12236 12238 12239 12240 12360 12361 12475 12477 12599
moead,513_e-05,19,38,3850,77,29455696.136855,4872.631759,0.775510,0.224490,11998 12000 12115 12232 12233 12234 12236 12238 12239 12240 12360 12361 12475 12477 12599
moead,513_e-05,19,39,3850,77,29455269.357252,4871.950663,0.795918,0.204082,11998 12115 12232 12233 12234 12236 12238 12239 12240 12358 12360 12361 12475 12477 12599
moead,513_e-05,19,40,3850,77,29455269.357252,4871.950663,0.816327,0.183673,11998 12115 12232 12233 12234 12236 12238 12239 12240 12358 12360 12361 12475 12477 12599
moead,513_e-05,19,41,3850,77,29455269.357252,4871.950663,0.836735,0.163265,11998 12115 12232 12233 12234 12236 12238 12239 12240 12358 12360 12361 12475 12477 12599
moead,513_e-05,19,42,3850,77,29455269.357252,4871.950663,0.857143,0.142857,11998 12115 12232 12233 12234 12236 12238 12239 12240 12358 12360 12361 12475 12477 12599
moead,513_e-05,19,43,3850,77,29455269.357252,4871.950663,0.877551,0.122449,11998 12115 12232 12233 12234 12236 12238 12239 12240 12358 12360 12361 12475 12477 12599
moead,513_e-05,19,44,3850,77,29455269.357252,4871.950663,0.897959,0.102041,11998 12115 12232 12233 12234 12236 12238 12239 12240 12358 12360 12361 12475 12477 12599
moead,513_e-05,19,45,3850,77,29455269.357252,4871.950663,0.918367,0.081633,11998 12115 12232 12233 12234 12236 12238 12239 12240 12358 12360 12361 12475 12477 12599
moead,513_e-05,19,46,3850,77,29455269.357252,4871.950663,0.938776,0.061224,11998 12115 12232 12233 12234 12236 12238 12239 12240 12358 12360 12361 12475 12477 12599
moead,513_e-05,19,47,3850,77,29455269.357252,4871.950663,0.959184,0.040816,11998 12115 12232 12233 12234 12236 12238 12239 12240 12358 12360 12361 12475 12477 12599
moead,513_e-05,19,48,3850,77,29455269.357252,4871.950663,0.979592,0.020408,11998 12115 12232 12233 12234 12236 12238 12239 12240 12358 12360 12361 12475 12477 12599
moead,513_e-05,19,49,3850,77,29455269.357252,4871.950663,1.000000,0.000000,11998 12115 12232 12233 12234 12236 12238 12239 12240 12358 12360 12361 12475 12477 12599
moead,513_e-05,19,0,3900,78,37270914.900447,6394.922775,0.000000,1.000000,12599 22440 35775 64350 68200 84852 92536 103790 105217 120941 121392 143535 175927 178837 184980
moead,513_e-05,19,1,3900,78,29505704.895224,5213.827434,0.020408,0.979592,11165 11760 11882 12118 12133 12232 12239 12240 12360 12361 12465 12475 12476 12597 12599
moead,513_e-05,19,2,3900,78,29485387.974694,5200.986462,0.040816,0.959184,11760 11882 12118 12133 12232 12238 12239 12240 12360 12361 12475 12476 12479 12597 12599
moead,513_e-05,19,3,3900,78,29475363.302131,5091.526318,0.061224,0.938776,11882 12118 12133 12232 12238 12239 12240 12360 12361 12475 12476 12479 12597 12599 13245
moead,513_e-05,19,4,3900,78,29470651.538419,4997.015039,0.081633,0.918367,11882 12007 12118 12133 12232 12238 12239 12240 12360 12361 12475 12476 12479 12597 12599
moead,513_e-05,19,5,3900,78,29464579.788897,4987.349743,0.102041,0.897959,11882 12118 12232 12238 12239 12360 12361 12362 12475 12476 12477 12481 12597 12599 12730
moead,513_e-05,19,6,3900,78,29464579.788897,4987.349743,0.122449,0.877551,11882 12118 12232 12238 12239 12360 12361 12362 12475 12476 12477 12481 12597 12599 12730
moead,513_e-05,19,7,3900,78,29462714.929047,4983.467140,0.142857,0.857143,11882 12007 12118 12232 12238 12239 12350 12360 12361 12362 12475 12476 12477 12597 12599
moead,513_e-05,19,8,3900,78,29461581.521863,4982.720826,0.163265,0.836735,11882 12007 12118 12232 12238 12239 12240 12354 12360 12361 12362 12475 12477 12597 12599
moead,513_e-05,19,9,3900,78,29461581.521863,4982.720826,0.183673,0.816327,11882 12007 12118 12232 12238 12239 12240 12354 12360 12361 12362 12475 12477 12597 12599
moead,513_e-05,19,10,3900,78,29459494.680260,4884.601386,0.204082,0.795918,11882 12118 12232 12233 12238 12239 12240 12354 12360 12361 12362 12476 12477 12597 12599
moead,513_e-05,19,11,3900,78,29459494.680260,4884.601386,0.224490,0.775510,11882 12118 12232 12233 12238 12239 12240 12354 12360 12361 12362 12476 12477 12597 12599
moead,513_e-05,19,12,3900,78,29459494.680260,4884.601386,0.244898,0.755102,11882 12118 12232 12233 12238 12239 12240 12354 12360 12361 12362 12476 12477 12597 12599
moead,513_e-05,19,13,3900,78,29457960.541536,4875.445443,0.265306,0.734694,11890 12115 12232 12233 12234 12238 12240 12241 12360 12361 12362 12476 12477 12597 12599
moead,513_e-05,19,14,3900,78,29457960.541536,4875.445443,0.285714,0.714286,11890 12115 12232 12233 12234 12238 12240 12241 12360 12361 12362 12476 12477 12597 12599
moead,513_e-05,19,15,3900,78,29457960.541536,4875.445443,0.306122,0.693878,11890 12115 12232 12233 12234 12238 12240 12241 12360 12361 12362 12476 12477 12597 12599
moead,513_e-05,19,16,3900,78,29457960.541536,4875.445443,0.326531,0.673469,11890 12115 12232 12233 12234 12238 12240 12241 12360 12361 12362 12476 12477 12597 12599
moead,513_e-05,19,17,3900,78,29457960.541536,4875.445443,0.346939,0.653061,11890 12115 12232 12233 12234 12238 12240 12241 12360 12361 12362 12476 12477 12597 12599
moead,513_e-05,19,18,3900,78,29456624.453440,4875.127109,0.367347,0.632653,11890 12000 12115 12232 12233 12234 12235 12236 12238 12240 12362 12476 12477 12597 12599
moead,513_e-05,19,19,3900,78,29456624.453440,4875.127109,0.387755,0.612245,11890 12000 12115 12232 12233 12234 12235 12236 12238 12240 12362 12476 12477 12597 12599
moead,513_e-05,19,20,3900,78,29456624.453440,4875.127109,0.408163,0.591837,11890 12000 12115 12232 12233 12234 12235 12236 12238 12240 12362 12476 12477 12597 12599
moead,513_e-05,19,21,3900,78,29456624.453440,4875.127109,0.428571,0.571429,11890 12000 12115 12232 12233 12234 12235 12236 12238 12240 12362 12476 12477 12597 12599
moead,513_e-05,19,22,3900,78,29456624.453440,4875.127109,0.448980,0.551020,11890 12000 12115 12232 12233 12234 12235 12236 12238 12240 12362 12476 12477 12597 12599
moead,513_e-05,19,23,3900,78,29456624.453440,4875.127109,0.469388,0.530612,11890 12000 12115 12232 12233 12234 12235 12236 12238 12240 12362 12476 12477 12597 12599
moead,513_e-05,19,24,3900,78,29456624.453440,4875.127109,0.489796,0.510204,11890 12000 12115 12232 12233 12234 12235 12236 12238 12240 12362 12476 12477 12597 12599
moead,513_e-05,19,25,3900,78,29456624.453440,4875.127109,0.510204,0.489796,11890 12000 12115 12232 12233 12234 12235 12236 12238 12240 12362 12476 12477 12597 12599
moead,513_e-05,19,26,3900,78,29456245.306165,4874.884149,0.530612,0.469388,11890 12000 12115 12232 12233 12234 12236 12238 12239 12240 12360 12361 12475 12477 12599
moead,513_e-05,19,27,3900,78,29456245.306165,4874.884149,0.551020,0.448980,11890 12000 12115 12232 12233 12234 12236 12238 12239 12240 12360 12361 12475 12477 12599
moead,513_e-05,19,28,3900,78,29456245.306165,4874.884149,0.571429,0.428571,11890 12000 12115 12232 12233 12234 12236 12238 12239 12240 12360 12361 12475 12477 12599
moead,513_e-05,19,29,3900,78,29456245.306165,4874.884149,0.591837,0.408163,11890 12000 12115 12232 12233 12234 12236 12238 12239 12240 12360 12361 12475 12477 12599
moead,513_e-05,19,30,3900,78,29455436.346867,4872.631759,0.612245,0.387755,11998 12000 12115 12233 12234 12236 12238 12239 12240 12358 12360 12361 12475 12477 12599
moead,513_e-05,19,31,3900,78,29455436.346867,4872.631759,0.632653,0.367347,11998 12000 12115 12233 12234 12236 12238 12239 12240 12358 12360 12361 12475 12477 12599
moead,513_e-05,19,32,3900,78,29455436.346867,4872.631759,0.653061,0.346939,11998 12000 12115 12233 12234 12236 12238 12239 12240 12358 12360 12361 12475 12477 12599
moead,513_e-05,19,33,3900,78,29455436.346867,4872.631759,0.673469,0.326531,11998 12000 12115 12233 12234 12236 12238 12239 12240 12358 12360 12361 12475 12477 12599
moead,513_e-05,19,34,3900,78,29455436.346867,4872.631759,0.693878,0.306122,11998 12000 12115 12233 12234 12236 12238 12239 12240 12358 12360 12361 12475 12477 12599
moead,513_e-05,19,35,3900,78,29455436.346867,4872.631759,0.714286,0.285714,11998 12000 12115 12233 12234 12236 12238 12239 12240 12358 12360 12361 12475 12477 12599
moead,513_e-05,19,36,3900,78,29455436.346867,4872.631759,0.734694,0.265306,11998 12000 12115 12233 12234 12236 12238 12239 12240 12358 12360 12361 12475 12477 12599
moead,513_e-05,19,37,3900,78,29455436.346867,4872.631759,0.755102,0.244898,11998 12000 12115 12233 12234 12236 12238 12239 12240 12358 12360 12361 12475 12477 12599
moead,513_e-05,19,38,3900,78,29455436.346867,4872.631759,0.775510,0.224490,11998 12000 12115 12233 12234 12236 12238 12239 12240 12358 12360 12361 12475 12477 12599
moead,513_e-05,19,39,3900,78,29455436.346867,4872.631759,0.795918,0.204082,11998 12000 12115 12233 12234 12236 12238 12239 12240 12358 12360 12361 12475 12477 12599
moead,513_e-05,19,40,3900,78,29455436.346867,4872.631759,0.816327,0.183673,11998 12000 12115 12233 12234 12236 12238 12239 12240 12358 12360 12361 12475 12477 12599
moead,513_e-05,19,41,3900,78,29455436.346867,4872.631759,0.836735,0.163265,11998 12000 12115 12233 12234 12236 12238 12239 12240 12358 12360 12361 12475 12477 12599
moead,513_e-05,19,42,3900,78,29455436.346867,4872.631759,0.857143,0.142857,11998 12000 12115 12233 12234 12236 12238 12239 12240 12358 12360 12361 12475 12477 12599
moead,513_e-05,19,43,3900,78,29455436.346867,4872.631759,0.877551,0.122449,11998 12000 12115 12233 12234 12236 12238 12239 12240 12358 12360 12361 12475 12477 12599
moead,513_e-05,19,44,3900,78,29455436.346867,4872.631759,0.897959,0.102041,11998 12000 12115 12233 12234 12236 12238 12239 12240 12358 12360 12361 12475 12477 12599
moead,513_e-05,19,45,3900,78,29455269.357252,4871.950663,0.918367,0.081633,11998 12115 12232 12233 12234 12236 12238 12239 12240 12358 12360 12361 12475 12477 12599
moead,513_e-05,19,46,3900,78,29455269.357252,4871.950663,0.938776,0.061224,11998 12115 12232 12233 12234 12236 12238 12239 12240 12358 12360 12361 12475 12477 12599
moead,513_e-05,19,47,3900,78,29455269.357252,4871.950663,0.959184,0.040816,11998 12115 12232 12233 12234 12236 12238 12239 12240 12358 12360 12361 12475 12477 12599
moead,513_e-05,19,48,3900,78,29455269.357252,4871.950663,0.979592,0.020408,11998 12115 12232 12233 12234 12236 12238 12239 12240 12358 12360 12361 12475 12477 12599
moead,513_e-05,19,49,3900,78,29455269.357252,4871.950663,1.000000,0.000000,11998 12115 12232 12233 12234 12236 12238 12239 12240 12358 12360 12361 12475 12477 12599
moead,513_e-05,19,0,3950,79,36665980.396617,6394.922775,0.000000,1.000000,1114 12599 22440 58139 64350 68200 84852 92536 103790 105217 120941 121392 128667 143535 175927
moead,513_e-05,19,1,3950,79,29505393.092436,5213.827436,0.020408,0.979592,11165 11760 11882 12118 12133 12232 12239 12240 12360 12361 12465 12476 12479 12597 12599
moead,513_e-05,19,2,3950,79,29485387.974694,5200.986462,0.040816,0.959184,11760 11882 12118 12133 12232 12238 12239 12240 12360 12361 12475 12476 12479 12597 12599
moead,513_e-05,19,3,3950,79,29475363.302131,5091.526318,0.061224,0.938776,11882 12118 12133 12232 12238 12239 12240 12360 12361 12475 12476 12479 12597 12599 13245
moead,513_e-05,19,4,3950,79,29470651.538419,4997.015039,0.081633,0.918367,11882 12007 12118 12133 12232 12238 12239 12240 12360 12361 12475 12476 12479 12597 12599
moead,513_e-05,19,5,3950,79,29464579.788897,4987.349743,0.102041,0.897959,11882 12118 12232 12238 12239 12360 12361 12362 12475 12476 12477 12481 12597 12599 12730
moead,513_e-05,19,6,3950,79,29464579.788897,4987.349743,0.122449,0.877551,11882 12118 12232 12238 12239 12360 12361 12362 12475 12476 12477 12481 12597 12599 12730
moead,513_e-05,19,7,3950,79,29462714.929047,4983.467140,0.142857,0.857143,11882 12007 12118 12232 12238 12239 12350 12360 12361 12362 12475 12476 12477 12597 12599
moead,513_e-05,19,8,3950,79,29461581.521863,4982.720826,0.163265,0.836735,11882 12007 12118 12232 12238 12239 12240 12354 12360 12361 12362 12475 12477 12597 12599
moead,513_e-05,19,9,3950,79,29461581.521863,4982.720826,0.183673,0.816327,11882 12007 12118 12232 12238 12239 12240 12354 12360 12361 12362 12475 12477 12597 12599
moead,513_e-05,19,10,3950,79,29459494.680260,4884.601386,0.204082,0.795918,11882 12118 12232 12233 12238 12239 12240 12354 12360 12361 12362 12476 12477 12597 12599
moead,513_e-05,19,11,3950,79,29459494.680260,4884.601386,0.224490,0.775510,11882 12118 12232 12233 12238 12239 12240 12354 12360 12361 12362 12476 12477 12597 12599
moead,513_e-05,19,12,3950,79,29459494.680260,4884.601386,0.244898,0.755102,11882 12118 12232 12233 12238 12239 12240 12354 12360 12361 12362 12476 12477 12597 12599
moead,513_e-05,19,13,3950,79,29457960.541536,4875.445443,0.265306,0.734694,11890 12115 12232 12233 12234 12238 12240 12241 12360 12361 12362 12476 12477 12597 12599
moead,513_e-05,19,14,3950,79,29457960.541536,4875.445443,0.285714,0.714286,11890 12115 12232 12233 12234 12238 12240 12241 12360 12361 12362 12476 12477 12597 12599
moead,513_e-05,19,15,3950,79,29457960.541536,4875.445443,0.306122,0.693878,11890 12115 12232 12233 12234 12238 12240 12241 12360 12361 12362 12476 12477 12597 12599
moead,513_e-05,19,16,3950,79,29457960.541536,4875.445443,0.326531,0.673469,11890 12115 12232 12233 12234 12238 12240 12241 12360 12361 12362 12476 12477 12597 12599
moead,513_e-05,19,17,3950,79,29457960.541536,4875.445443,0.346939,0.653061,11890 12115 12232 12233 12234 12238 12240 12241 12360 12361 12362 12476 12477 12597 12599
moead,513_e-05,19,18,3950,79,29456624.453440,4875.127109,0.367347,0.632653,11890 12000 12115 12232 12233 12234 12235 12236 12238 12240 12362 12476 12477 12597 12599
moead,513_e-05,19,19,3950,79,29456624.453440,4875.127109,0.387755,0.612245,11890 12000 12115 12232 12233 12234 12235 12236 12238 12240 12362 12476 12477 12597 12599
moead,513_e-05,19,20,3950,79,29456624.453440,4875.127109,0.408163,0.591837,11890 12000 12115 12232 12233 12234 12235 12236 12238 12240 12362 12476 12477 12597 12599
moead,513_e-05,19,21,3950,79,29456624.453440,4875.127109,0.428571,0.571429,11890 12000 12115 12232 12233 12234 12235 12236 12238 12240 12362 12476 12477 12597 12599
moead,513_e-05,19,22,3950,79,29456624.453440,4875.127109,0.448980,0.551020,11890 12000 12115 12232 12233 12234 12235 12236 12238 12240 12362 12476 12477 12597 12599
moead,513_e-05,19,23,3950,79,29456624.453440,4875.127109,0.469388,0.530612,11890 12000 12115 12232 12233 12234 12235 12236 12238 12240 12362 12476 12477 12597 12599
moead,513_e-05,19,24,3950,79,29456624.453440,4875.127109,0.489796,0.510204,11890 12000 12115 12232 12233 12234 12235 12236 12238 12240 12362 12476 12477 12597 12599
moead,513_e-05,19,25,3950,79,29456624.453440,4875.127109,0.510204,0.489796,11890 12000 12115 12232 12233 12234 12235 12236 12238 12240 12362 12476 12477 12597 12599
moead,513_e-05,19,26,3950,79,29456245.306165,4874.884149,0.530612,0.469388,11890 12000 12115 12232 12233 12234 12236 12238 12239 12240 12360 12361 12475 12477 12599
moead,513_e-05,19,27,3950,79,29456245.306165,4874.884149,0.551020,0.448980,11890 12000 12115 12232 12233 12234 12236 12238 12239 12240 12360 12361 12475 12477 12599
moead,513_e-05,19,28,3950,79,29456245.306165,4874.884149,0.571429,0.428571,11890 12000 12115 12232 12233 12234 12236 12238 12239 12240 12360 12361 12475 12477 12599
moead,513_e-05,19,29,3950,79,29456245.306165,4874.884149,0.591837,0.408163,11890 12000 12115 12232 12233 12234 12236 12238 12239 12240 12360 12361 12475 12477 12599
moead,513_e-05,19,30,3950,79,29455436.346867,4872.631759,0.612245,0.387755,11998 12000 12115 12233 12234 12236 12238 12239 12240 12358 12360 12361 12475 12477 12599
moead,513_e-05,19,31,3950,79,29455436.346867,4872.631759,0.632653,0.367347,11998 12000 12115 12233 12234 12236 12238 12239 12240 12358 12360 12361 12475 12477 12599
moead,513_e-05,19,32,3950,79,29455436.346867,4872.631759,0.653061,0.346939,11998 12000 12115 12233 12234 12236 12238 12239 12240 12358 12360 12361 12475 12477 12599
moead,513_e-05,19,33,3950,79,29455436.346867,4872.631759,0.673469,0.326531,11998 12000 12115 12233 12234 12236 12238 12239 12240 12358 12360 12361 12475 12477 12599
moead,513_e-05,19,34,3950,79,29455436.346867,4872.631759,0.693878,0.306122,11998 12000 12115 12233 12234 12236 12238 12239 12240 12358 12360 12361 12475 12477 12599
moead,513_e-05,19,35,3950,79,29455436.346867,4872.631759,0.714286,0.285714,11998 12000 12115 12233 12234 12236 12238 12239 12240 12358 12360 12361 12475 12477 12599
moead,513_e-05,19,36,3950,79,29455436.346867,4872.631759,0.734694,0.265306,11998 12000 12115 12233 12234 12236 12238 12239 12240 12358 12360 12361 12475 12477 12599
moead,513_e-05,19,37,3950,79,29455436.346867,4872.631759,0.755102,0.244898,11998 12000 12115 12233 12234 12236 12238 12239 12240 12358 12360 12361 12475 12477 12599
moead,513_e-05,19,38,3950,79,29455436.346867,4872.631759,0.775510,0.224490,11998 12000 12115 12233 12234 12236 12238 12239 12240 12358 12360 12361 12475 12477 12599
moead,513_e-05,19,39,3950,79,29455436.346867,4872.631759,0.795918,0.204082,11998 12000 12115 12233 12234 12236 12238 12239 12240 12358 12360 12361 12475 12477 12599
moead,513_e-05,19,40,3950,79,29455436.346867,4872.631759,0.816327,0.183673,11998 12000 12115 12233 12234 12236 12238 12239 12240 12358 12360 12361 12475 12477 12599
moead,513_e-05,19,41,3950,79,29455436.346867,4872.631759,0.836735,0.163265,11998 12000 12115 12233 12234 12236 12238 12239 12240 12358 12360 12361 12475 12477 12599
moead,513_e-05,19,42,3950,79,29455436.346867,4872.631759,0.857143,0.142857,11998 12000 12115 12233 12234 12236 12238 12239 12240 12358 12360 12361 12475 12477 12599
moead,513_e-05,19,43,3950,79,29455436.346867,4872.631759,0.877551,0.122449,11998 12000 12115 12233 12234 12236 12238 12239 12240 12358 12360 12361 12475 12477 12599
moead,513_e-05,19,44,3950,79,29455436.346867,4872.631759,0.897959,0.102041,11998 12000 12115 12233 12234 12236 12238 12239 12240 12358 12360 12361 12475 12477 12599
moead,513_e-05,19,45,3950,79,29455269.357252,4871.950663,0.918367,0.081633,11998 12115 12232 12233 12234 12236 12238 12239 12240 12358 12360 12361 12475 12477 12599
moead,513_e-05,19,46,3950,79,29455269.357252,4871.950663,0.938776,0.061224,11998 12115 12232 12233 12234 12236 12238 12239 12240 12358 12360 12361 12475 12477 12599
moead,513_e-05,19,47,3950,79,29455269.357252,4871.950663,0.959184,0.040816,11998 12115 12232 12233 12234 12236 12238 12239 12240 12358 12360 12361 12475 12477 12599
moead,513_e-05,19,48,3950,79,29455269.357252,4871.950663,0.979592,0.020408,11998 12115 12232 12233 12234 12236 12238 12239 12240 12358 12360 12361 12475 12477 12599
moead,513_e-05,19,49,3950,79,29455269.357252,4871.950663,1.000000,0.000000,11998 12115 12232 12233 12234 12236 12238 12239 12240 12358 12360 12361 12475 12477 12599
moead,513_e-05,19,0,4000,80,38988315.287145,6394.922775,0.000000,1.000000,1114 68200 84852 87005 92536 94702 94861 96692 108079 120941 121392 128667 131201 144947 170380
moead,513_e-05,19,1,4000,80,29505393.092436,5213.827436,0.020408,0.979592,11165 11760 11882 12118 12133 12232 12239 12240 12360 12361 12465 12476 12479 12597 12599
moead,513_e-05,19,2,4000,80,29485387.974694,5200.986462,0.040816,0.959184,11760 11882 12118 12133 12232 12238 12239 12240 12360 12361 12475 12476 12479 12597 12599
moead,513_e-05,19,3,4000,80,29475363.302131,5091.526318,0.061224,0.938776,11882 12118 12133 12232 12238 12239 12240 12360 12361 12475 12476 12479 12597 12599 13245
moead,513_e-05,19,4,4000,80,29470651.538419,4997.015039,0.081633,0.918367,11882 12007 12118 12133 12232 12238 12239 12240 12360 12361 12475 12476 12479 12597 12599
moead,513_e-05,19,5,4000,80,29464579.788897,4987.349743,0.102041,0.897959,11882 12118 12232 12238 12239 12360 12361 12362 12475 12476 12477 12481 12597 12599 12730
moead,513_e-05,19,6,4000,80,29464579.788897,4987.349743,0.122449,0.877551,11882 12118 12232 12238 12239 12360 12361 12362 12475 12476 12477 12481 12597 12599 12730
moead,513_e-05,19,7,4000,80,29462714.929047,4983.467140,0.142857,0.857143,11882 12007 12118 12232 12238 12239 12350 12360 12361 12362 12475 12476 12477 12597 12599
moead,513_e-05,19,8,4000,80,29461581.521863,4982.720826,0.163265,0.836735,11882 12007 12118 12232 12238 12239 12240 12354 12360 12361 12362 12475 12477 12597 12599
moead,513_e-05,19,9,4000,80,29461581.521863,4982.720826,0.183673,0.816327,11882 12007 12118 12232 12238 12239 12240 12354 12360 12361 12362 12475 12477 12597 12599
moead,513_e-05,19,10,4000,80,29459494.680260,4884.601386,0.204082,0.795918,11882 12118 12232 12233 12238 12239 12240 12354 12360 12361 12362 12476 12477 12597 12599
moead,513_e-05,19,11,4000,80,29459494.680260,4884.601386,0.224490,0.775510,11882 12118 12232 12233 12238 12239 12240 12354 12360 12361 12362 12476 12477 12597 12599
moead,513_e-05,19,12,4000,80,29459494.680260,4884.601386,0.244898,0.755102,11882 12118 12232 12233 12238 12239 12240 12354 12360 12361 12362 12476 12477 12597 12599
moead,513_e-05,19,13,4000,80,29457960.541536,4875.445443,0.265306,0.734694,11890 12115 12232 12233 12234 12238 12240 12241 12360 12361 12362 12476 12477 12597 12599
moead,513_e-05,19,14,4000,80,29457960.541536,4875.445443,0.285714,0.714286,11890 12115 12232 12233 12234 12238 12240 12241 12360 12361 12362 12476 12477 12597 12599
moead,513_e-05,19,15,4000,80,29457960.541536,4875.445443,0.306122,0.693878,11890 12115 12232 12233 12234 12238 12240 12241 12360 12361 12362 12476 12477 12597 12599
moead,513_e-05,19,16,4000,80,29457960.541536,4875.445443,0.326531,0.673469,11890 12115 12232 12233 12234 12238 12240 12241 12360 12361 12362 12476 12477 12597 12599
moead,513_e-05,19,17,4000,80,29457960.541536,4875.445443,0.346939,0.653061,11890 12115 12232 12233 12234 12238 12240 12241 12360 12361 12362 12476 12477 12597 12599
moead,513_e-05,19,18,4000,80,29456624.453440,4875.127109,0.367347,0.632653,11890 12000 12115 12232 12233 12234 12235 12236 12238 12240 12362 12476 12477 12597 12599
moead,513_e-05,19,19,4000,80,29456624.453440,4875.127109,0.387755,0.612245,11890 12000 12115 12232 12233 12234 12235 12236 12238 12240 12362 12476 12477 12597 12599
moead,513_e-05,19,20,4000,80,29456624.453440,4875.127109,0.408163,0.591837,11890 12000 12115 12232 12233 12234 12235 12236 12238 12240 12362 12476 12477 12597 12599
moead,513_e-05,19,21,4000,80,29456624.453440,4875.127109,0.428571,0.571429,11890 12000 12115 12232 12233 12234 12235 12236 12238 12240 12362 12476 12477 12597 12599
moead,513_e-05,19,22,4000,80,29456624.453440,4875.127109,0.448980,0.551020,11890 12000 12115 12232 12233 12234 12235 12236 12238 12240 12362 12476 12477 12597 12599
moead,513_e-05,19,23,4000,80,29456624.453440,4875.127109,0.469388,0.530612,11890 12000 12115 12232 12233 12234 12235 12236 12238 12240 12362 12476 12477 12597 12599
moead,513_e-05,19,24,4000,80,29456624.453440,4875.127109,0.489796,0.510204,11890 12000 12115 12232 12233 12234 12235 12236 12238 12240 12362 12476 12477 12597 12599
moead,513_e-05,19,25,4000,80,29456624.453440,4875.127109,0.510204,0.489796,11890 12000 12115 12232 12233 12234 12235 12236 12238 12240 12362 12476 12477 12597 12599
moead,513_e-05,19,26,4000,80,29456245.306165,4874.884149,0.530612,0.469388,11890 12000 12115 12232 12233 12234 12236 12238 12239 12240 12360 12361 12475 12477 12599
moead,513_e-05,19,27,4000,80,29456245.306165,4874.884149,0.551020,0.448980,11890 12000 12115 12232 12233 12234 12236 12238 12239 12240 12360 12361 12475 12477 12599
moead,513_e-05,19,28,4000,80,29456245.306165,4874.884149,0.571429,0.428571,11890 12000 12115 12232 12233 12234 12236 12238 12239 12240 12360 12361 12475 12477 12599
moead,513_e-05,19,29,4000,80,29456245.306165,4874.884149,0.591837,0.408163,11890 12000 12115 12232 12233 12234 12236 12238 12239 12240 12360 12361 12475 12477 12599
moead,513_e-05,19,30,4000,80,29455436.346867,4872.631759,0.612245,0.387755,11998 12000 12115 12233 12234 12236 12238 12239 12240 12358 12360 12361 12475 12477 12599
moead,513_e-05,19,31,4000,80,29455436.346867,4872.631759,0.632653,0.367347,11998 12000 12115 12233 12234 12236 12238 12239 12240 12358 12360 12361 12475 12477 12599
moead,513_e-05,19,32,4000,80,29455436.346867,4872.631759,0.653061,0.346939,11998 12000 12115 12233 12234 12236 12238 12239 12240 12358 12360 12361 12475 12477 12599
moead,513_e-05,19,33,4000,80,29455436.346867,4872.631759,0.673469,0.326531,11998 12000 12115 12233 12234 12236 12238 12239 12240 12358 12360 12361 12475 12477 12599
moead,513_e-05,19,34,4000,80,29455436.346867,4872.631759,0.693878,0.306122,11998 12000 12115 12233 12234 12236 12238 12239 12240 12358 12360 12361 12475 12477 12599
moead,513_e-05,19,35,4000,80,29455436.346867,4872.631759,0.714286,0.285714,11998 12000 12115 12233 12234 12236 12238 12239 12240 12358 12360 12361 12475 12477 12599
moead,513_e-05,19,36,4000,80,29455436.346867,4872.631759,0.734694,0.265306,11998 12000 12115 12233 12234 12236 12238 12239 12240 12358 12360 12361 12475 12477 12599
moead,513_e-05,19,37,4000,80,29455436.346867,4872.631759,0.755102,0.244898,11998 12000 12115 12233 12234 12236 12238 12239 12240 12358 12360 12361 12475 12477 12599
moead,513_e-05,19,38,4000,80,29455436.346867,4872.631759,0.775510,0.224490,11998 12000 12115 12233 12234 12236 12238 12239 12240 12358 12360 12361 12475 12477 12599
moead,513_e-05,19,39,4000,80,29455436.346867,4872.631759,0.795918,0.204082,11998 12000 12115 12233 12234 12236 12238 12239 12240 12358 12360 12361 12475 12477 12599
moead,513_e-05,19,40,4000,80,29455436.346867,4872.631759,0.816327,0.183673,11998 12000 12115 12233 12234 12236 12238 12239 12240 12358 12360 12361 12475 12477 12599
moead,513_e-05,19,41,4000,80,29455436.346867,4872.631759,0.836735,0.163265,11998 12000 12115 12233 12234 12236 12238 12239 12240 12358 12360 12361 12475 12477 12599
moead,513_e-05,19,42,4000,80,29455436.346867,4872.631759,0.857143,0.142857,11998 12000 12115 12233 12234 12236 12238 12239 12240 12358 12360 12361 12475 12477 12599
moead,513_e-05,19,43,4000,80,29455436.346867,4872.631759,0.877551,0.122449,11998 12000 12115 12233 12234 12236 12238 12239 12240 12358 12360 12361 12475 12477 12599
moead,513_e-05,19,44,4000,80,29455436.346867,4872.631759,0.897959,0.102041,11998 12000 12115 12233 12234 12236 12238 12239 12240 12358 12360 12361 12475 12477 12599
moead,513_e-05,19,45,4000,80,29455269.357252,4871.950663,0.918367,0.081633,11998 12115 12232 12233 12234 12236 12238 12239 12240 12358 12360 12361 12475 12477 12599
moead,513_e-05,19,46,4000,80,29455269.357252,4871.950663,0.938776,0.061224,11998 12115 12232 12233 12234 12236 12238 12239 12240 12358 12360 12361 12475 12477 12599
moead,513_e-05,19,47,4000,80,29455269.357252,4871.950663,0.959184,0.040816,11998 12115 12232 12233 12234 12236 12238 12239 12240 12358 12360 12361 12475 12477 12599
moead,513_e-05,19,48,4000,80,29455269.357252,4871.950663,0.979592,0.020408,11998 12115 12232 12233 12234 12236 12238 12239 12240 12358 12360 12361 12475 12477 12599
moead,513_e-05,19,49,4000,80,29455269.357252,4871.950663,1.000000,0.000000,11998 12115 12232 12233 12234 12236 12238 12239 12240 12358 12360 12361 12475 12477 12599
moead,513_e-05,19,0,4050,81,37768114.300903,6394.922775,0.000000,1.000000,1114 12599 45691 68200 87005 92536 94702 95422 96692 108079 120941 124283 130839 131201 144947
moead,513_e-05,19,1,4050,81,29505393.092436,5213.827436,0.020408,0.979592,11165 11760 11882 12118 12133 12232 12239 12240 12360 12361 12465 12476 12479 12597 12599
moead,513_e-05,19,2,4050,81,29485387.974694,5200.986462,0.040816,0.959184,11760 11882 12118 12133 12232 12238 12239 12240 12360 12361 12475 12476 12479 12597 12599
moead,513_e-05,19,3,4050,81,29475363.302131,5091.526318,0.061224,0.938776,11882 12118 12133 12232 12238 12239 12240 12360 12361 12475 12476 12479 12597 12599 13245
moead,513_e-05,19,4,4050,81,29470651.538419,4997.015039,0.081633,0.918367,11882 12007 12118 12133 12232 12238 12239 12240 12360 12361 12475 12476 12479 12597 12599
moead,513_e-05,19,5,4050,81,29464579.788897,4987.349743,0.102041,0.897959,11882 12118 12232 12238 12239 12360 12361 12362 12475 12476 12477 12481 12597 12599 12730
moead,513_e-05,19,6,4050,81,29464579.788897,4987.349743,0.122449,0.877551,11882 12118 12232 12238 12239 12360 12361 12362 12475 12476 12477 12481 12597 12599 12730
moead,513_e-05,19,7,4050,81,29462714.929047,4983.467140,0.142857,0.857143,11882 12007 12118 12232 12238 12239 12350 12360 12361 12362 12475 12476 12477 12597 12599
moead,513_e-05,19,8,4050,81,29461581.521863,4982.720826,0.163265,0.836735,11882 12007 12118 12232 12238 12239 12240 12354 12360 12361 12362 12475 12477 12597 12599
moead,513_e-05,19,9,4050,81,29461581.521863,4982.720826,0.183673,0.816327,11882 12007 12118 12232 12238 12239 12240 12354 12360 12361 12362 12475 12477 12597 12599
moead,513_e-05,19,10,4050,81,29459494.680260,4884.601386,0.204082,0.795918,11882 12118 12232 12233 12238 12239 12240 12354 12360 12361 12362 12476 12477 12597 12599
moead,513_e-05,19,11,4050,81,29459494.680260,4884.601386,0.224490,0.775510,11882 12118 12232 12233 12238 12239 12240 12354 12360 12361 12362 12476 12477 12597 12599
moead,513_e-05,19,12,4050,81,29459494.680260,4884.601386,0.244898,0.755102,11882 12118 12232 12233 12238 12239 12240 12354 12360 12361 12362 12476 12477 12597 12599
moead,513_e-05,19,13,4050,81,29457960.541536,4875.445443,0.265306,0.734694,11890 12115 12232 12233 12234 12238 12240 12241 12360 12361 12362 12476 12477 12597 12599
moead,513_e-05,19,14,4050,81,29457960.541536,4875.445443,0.285714,0.714286,11890 12115 12232 12233 12234 12238 12240 12241 12360 12361 12362 12476 12477 12597 12599
moead,513_e-05,19,15,4050,81,29457960.541536,4875.445443,0.306122,0.693878,11890 12115 12232 12233 12234 12238 12240 12241 12360 12361 12362 12476 12477 12597 12599
moead,513_e-05,19,16,4050,81,29457960.541536,4875.445443,0.326531,0.673469,11890 12115 12232 12233 12234 12238 12240 12241 12360 12361 12362 12476 12477 12597 12599
moead,513_e-05,19,17,4050,81,29457960.541536,4875.445443,0.346939,0.653061,11890 12115 12232 12233 12234 12238 12240 12241 12360 12361 12362 12476 12477 12597 12599
moead,513_e-05,19,18,4050,81,29456624.453440,4875.127109,0.367347,0.632653,11890 12000 12115 12232 12233 12234 12235 12236 12238 12240 12362 12476 12477 12597 12599
moead,513_e-05,19,19,4050,81,29456624.453440,4875.127109,0.387755,0.612245,11890 12000 12115 12232 12233 12234 12235 12236 12238 12240 12362 12476 12477 12597 12599
moead,513_e-05,19,20,4050,81,29456624.453440,4875.127109,0.408163,0.591837,11890 12000 12115 12232 12233 12234 12235 12236 12238 12240 12362 12476 12477 12597 12599
moead,513_e-05,19,21,4050,81,29456624.453440,4875.127109,0.428571,0.571429,11890 12000 12115 12232 12233 12234 12235 12236 12238 12240 12362 12476 12477 12597 12599
moead,513_e-05,19,22,4050,81,29456624.453440,4875.127109,0.448980,0.551020,11890 12000 12115 12232 12233 12234 12235 12236 12238 12240 12362 12476 12477 12597 12599
moead,513_e-05,19,23,4050,81,29456624.453440,4875.127109,0.469388,0.530612,11890 12000 12115 12232 12233 12234 12235 12236 12238 12240 12362 12476 12477 12597 12599
moead,513_e-05,19,24,4050,81,29456624.453440,4875.127109,0.489796,0.510204,11890 12000 12115 12232 12233 12234 12235 12236 12238 12240 12362 12476 12477 12597 12599
moead,513_e-05,19,25,4050,81,29456624.453440,4875.127109,0.510204,0.489796,11890 12000 12115 12232 12233 12234 12235 12236 12238 12240 12362 12476 12477 12597 12599
moead,513_e-05,19,26,4050,81,29456245.306165,4874.884149,0.530612,0.469388,11890 12000 12115 12232 12233 12234 12236 12238 12239 12240 12360 12361 12475 12477 12599
moead,513_e-05,19,27,4050,81,29456245.306165,4874.884149,0.551020,0.448980,11890 12000 12115 12232 12233 12234 12236 12238 12239 12240 12360 12361 12475 12477 12599
moead,513_e-05,19,28,4050,81,29456245.306165,4874.884149,0.571429,0.428571,11890 12000 12115 12232 12233 12234 12236 12238 12239 12240 12360 12361 12475 12477 12599
moead,513_e-05,19,29,4050,81,29456245.306165,4874.884149,0.591837,0.408163,11890 12000 12115 12232 12233 12234 12236 12238 12239 12240 12360 12361 12475 12477 12599
moead,513_e-05,19,30,4050,81,29456138.888885,4873.011178,0.612245,0.387755,11998 12000 12003 12233 12234 12236 12238 12239 12240 12358 12360 12361 12475 12477 12599
moead,513_e-05,19,31,4050,81,29456138.888885,4873.011178,0.632653,0.367347,11998 12000 12003 12233 12234 12236 12238 12239 12240 12358 12360 12361 12475 12477 12599
moead,513_e-05,19,32,4050,81,29455436.346867,4872.631759,0.653061,0.346939,11998 12000 12115 12233 12234 12236 12238 12239 12240 12358 12360 12361 12475 12477 12599
moead,513_e-05,19,33,4050,81,29455436.346867,4872.631759,0.673469,0.326531,11998 12000 12115 12233 12234 12236 12238 12239 12240 12358 12360 12361 12475 12477 12599
moead,513_e-05,19,34,4050,81,29455436.346867,4872.631759,0.693878,0.306122,11998 12000 12115 12233 12234 12236 12238 12239 12240 12358 12360 12361 12475 12477 12599
moead,513_e-05,19,35,4050,81,29455436.346867,4872.631759,0.714286,0.285714,11998 12000 12115 12233 12234 12236 12238 12239 12240 12358 12360 12361 12475 12477 12599
moead,513_e-05,19,36,4050,81,29455436.346867,4872.631759,0.734694,0.265306,11998 12000 12115 12233 12234 12236 12238 12239 12240 12358 12360 12361 12475 12477 12599
moead,513_e-05,19,37,4050,81,29455436.346867,4872.631759,0.755102,0.244898,11998 12000 12115 12233 12234 12236 12238 12239 12240 12358 12360 12361 12475 12477 12599
moead,513_e-05,19,38,4050,81,29455436.346867,4872.631759,0.775510,0.224490,11998 12000 12115 12233 12234 12236 12238 12239 12240 12358 12360 12361 12475 12477 12599
moead,513_e-05,19,39,4050,81,29455436.346867,4872.631759,0.795918,0.204082,11998 12000 12115 12233 12234 12236 12238 12239 12240 12358 12360 12361 12475 12477 12599
moead,513_e-05,19,40,4050,81,29455436.346867,4872.631759,0.816327,0.183673,11998 12000 12115 12233 12234 12236 12238 12239 12240 12358 12360 12361 12475 12477 12599
moead,513_e-05,19,41,4050,81,29455436.346867,4872.631759,0.836735,0.163265,11998 12000 12115 12233 12234 12236 12238 12239 12240 12358 12360 12361 12475 12477 12599
moead,513_e-05,19,42,4050,81,29455436.346867,4872.631759,0.857143,0.142857,11998 12000 12115 12233 12234 12236 12238 12239 12240 12358 12360 12361 12475 12477 12599
moead,513_e-05,19,43,4050,81,29455436.346867,4872.631759,0.877551,0.122449,11998 12000 12115 12233 12234 12236 12238 12239 12240 12358 12360 12361 12475 12477 12599
moead,513_e-05,19,44,4050,81,29455436.346867,4872.631759,0.897959,0.102041,11998 12000 12115 12233 12234 12236 12238 12239 12240 12358 12360 12361 12475 12477 12599
moead,513_e-05,19,45,4050,81,29455269.357252,4871.950663,0.918367,0.081633,11998 12115 12232 12233 12234 12236 12238 12239 12240 12358 12360 12361 12475 12477 12599
moead,513_e-05,19,46,4050,81,29455269.357252,4871.950663,0.938776,0.061224,11998 12115 12232 12233 12234 12236 12238 12239 12240 12358 12360 12361 12475 12477 12599
moead,513_e-05,19,47,4050,81,29455269.357252,4871.950663,0.959184,0.040816,11998 12115 12232 12233 12234 12236 12238 12239 12240 12358 12360 12361 12475 12477 12599
moead,513_e-05,19,48,4050,81,29455269.357252,4871.950663,0.979592,0.020408,11998 12115 12232 12233 12234 12236 12238 12239 12240 12358 12360 12361 12475 12477 12599
moead,513_e-05,19,49,4050,81,29455269.357252,4871.950663,1.000000,0.000000,11998 12115 12232 12233 12234 12236 12238 12239 12240 12358 12360 12361 12475 12477 12599
moead,513_e-05,19,0,4100,82,38051542.262273,6394.922775,0.000000,1.000000,1114 8157 12599 45691 59189 68200 87005 92536 94702 95990 96692 110888 123480 130839 131201
moead,513_e-05,19,1,4100,82,29505393.092436,5213.827436,0.020408,0.979592,11165 11760 11882 12118 12133 12232 12239 12240 12360 12361 12465 12476 12479 12597 12599
moead,513_e-05,19,2,4100,82,29485387.974694,5200.986462,0.040816,0.959184,11760 11882 12118 12133 12232 12238 12239 12240 12360 12361 12475 12476 12479 12597 12599
moead,513_e-05,19,3,4100,82,29475363.302131,5091.526318,0.061224,0.938776,11882 12118 12133 12232 12238 12239 12240 12360 12361 12475 12476 12479 12597 12599 13245
moead,513_e-05,19,4,4100,82,29470651.538419,4997.015039,0.081633,0.918367,11882 12007 12118 12133 12232 12238 12239 12240 12360 12361 12475 12476 12479 12597 12599
moead,513_e-05,19,5,4100,82,29464579.788897,4987.349743,0.102041,0.897959,11882 12118 12232 12238 12239 12360 12361 12362 12475 12476 12477 12481 12597 12599 12730
moead,513_e-05,19,6,4100,82,29464579.788897,4987.349743,0.122449,0.877551,11882 12118 12232 12238 12239 12360 12361 12362 12475 12476 12477 12481 12597 12599 12730
moead,513_e-05,19,7,4100,82,29462714.929047,4983.467140,0.142857,0.857143,11882 12007 12118 12232 12238 12239 12350 12360 12361 12362 12475 12476 12477 12597 12599
moead,513_e-05,19,8,4100,82,29461581.521863,4982.720826,0.163265,0.836735,11882 12007 12118 12232 12238 12239 12240 12354 12360 12361 12362 12475 12477 12597 12599
moead,513_e-05,19,9,4100,82,29461581.521863,4982.720826,0.183673,0.816327,11882 12007 12118 12232 12238 12239 12240 12354 12360 12361 12362 12475 12477 12597 12599
moead,513_e-05,19,10,4100,82,29459494.680260,4884.601386,0.204082,0.795918,11882 12118 12232 12233 12238 12239 12240 12354 12360 12361 12362 12476 12477 12597 12599
moead,513_e-05,19,11,4100,82,29459494.680260,4884.601386,0.224490,0.775510,11882 12118 12232 12233 12238 12239 12240 12354 12360 12361 12362 12476 12477 12597 12599
moead,513_e-05,19,12,4100,82,29459494.680260,4884.601386,0.244898,0.755102,11882 12118 12232 12233 12238 12239 12240 12354 12360 12361 12362 12476 12477 12597 12599
moead,513_e-05,19,13,4100,82,29457960.541536,4875.445443,0.265306,0.734694,11890 12115 12232 12233 12234 12238 12240 12241 12360 12361 12362 12476 12477 12597 12599
moead,513_e-05,19,14,4100,82,29457960.541536,4875.445443,0.285714,0.714286,11890 12115 12232 12233 12234 12238 12240 12241 12360 12361 12362 12476 12477 12597 12599
moead,513_e-05,19,15,4100,82,29457960.541536,4875.445443,0.306122,0.693878,11890 12115 12232 12233 12234 12238 12240 12241 12360 12361 12362 12476 12477 12597 12599
moead,513_e-05,19,16,4100,82,29457960.541536,4875.445443,0.326531,0.673469,11890 12115 12232 12233 12234 12238 12240 12241 12360 12361 12362 12476 12477 12597 12599
moead,513_e-05,19,17,4100,82,29457960.541536,4875.445443,0.346939,0.653061,11890 12115 12232 12233 12234 12238 12240 12241 12360 12361 12362 12476 12477 12597 12599
moead,513_e-05,19,18,4100,82,29456624.453440,4875.127109,0.367347,0.632653,11890 12000 12115 12232 12233 12234 12235 12236 12238 12240 12362 12476 12477 12597 12599
moead,513_e-05,19,19,4100,82,29456624.453440,4875.127109,0.387755,0.612245,11890 12000 12115 12232 12233 12234 12235 12236 12238 12240 12362 12476 12477 12597 12599
moead,513_e-05,19,20,4100,82,29456624.453440,4875.127109,0.408163,0.591837,11890 12000 12115 12232 12233 12234 12235 12236 12238 12240 12362 12476 12477 12597 12599
moead,513_e-05,19,21,4100,82,29456624.453440,4875.127109,0.428571,0.571429,11890 12000 12115 12232 12233 12234 12235 12236 12238 12240 12362 12476 12477 12597 12599
moead,513_e-05,19,22,4100,82,29456624.453440,4875.127109,0.448980,0.551020,11890 12000 12115 12232 12233 12234 12235 12236 12238 12240 12362 12476 12477 12597 12599
moead,513_e-05,19,23,4100,82,29456624.453440,4875.127109,0.469388,0.530612,11890 12000 12115 12232 12233 12234 12235 12236 12238 12240 12362 12476 12477 12597 12599
moead,513_e-05,19,24,4100,82,29456624.453440,4875.127109,0.489796,0.510204,11890 12000 12115 12232 12233 12234 12235 12236 12238 12240 12362 12476 12477 12597 12599
moead,513_e-05,19,25,4100,82,29456624.453440,4875.127109,0.510204,0.489796,11890 12000 12115 12232 12233 12234 12235 12236 12238 12240 12362 12476 12477 12597 12599
moead,513_e-05,19,26,4100,82,29456245.306165,4874.884149,0.530612,0.469388,11890 12000 12115 12232 12233 12234 12236 12238 12239 12240 12360 12361 12475 12477 12599
moead,513_e-05,19,27,4100,82,29456245.306165,4874.884149,0.551020,0.448980,11890 12000 12115 12232 12233 12234 12236 12238 12239 12240 12360 12361 12475 12477 12599
moead,513_e-05,19,28,4100,82,29456245.306165,4874.884149,0.571429,0.428571,11890 12000 12115 12232 12233 12234 12236 12238 12239 12240 12360 12361 12475 12477 12599
moead,513_e-05,19,29,4100,82,29456245.306165,4874.884149,0.591837,0.408163,11890 12000 12115 12232 12233 12234 12236 12238 12239 12240 12360 12361 12475 12477 12599
moead,513_e-05,19,30,4100,82,29456138.888885,4873.011178,0.612245,0.387755,11998 12000 12003 12233 12234 12236 12238 12239 12240 12358 12360 12361 12475 12477 12599
moead,513_e-05,19,31,4100,82,29456138.888885,4873.011178,0.632653,0.367347,11998 12000 12003 12233 12234 12236 12238 12239 12240 12358 12360 12361 12475 12477 12599
moead,513_e-05,19,32,4100,82,29455436.346867,4872.631759,0.653061,0.346939,11998 12000 12115 12233 12234 12236 12238 12239 12240 12358 12360 12361 12475 12477 12599
moead,513_e-05,19,33,4100,82,29455436.346867,4872.631759,0.673469,0.326531,11998 12000 12115 12233 12234 12236 12238 12239 12240 12358 12360 12361 12475 12477 12599
moead,513_e-05,19,34,4100,82,29455436.346867,4872.631759,0.693878,0.306122,11998 12000 12115 12233 12234 12236 12238 12239 12240 12358 12360 12361 12475 12477 12599
moead,513_e-05,19,35,4100,82,29455436.346867,4872.631759,0.714286,0.285714,11998 12000 12115 12233 12234 12236 12238 12239 12240 12358 12360 12361 12475 12477 12599
moead,513_e-05,19,36,4100,82,29455436.346867,4872.631759,0.734694,0.265306,11998 12000 12115 12233 12234 12236 12238 12239 12240 12358 12360 12361 12475 12477 12599
moead,513_e-05,19,37,4100,82,29455436.346867,4872.631759,0.755102,0.244898,11998 12000 12115 12233 12234 12236 12238 12239 12240 12358 12360 12361 12475 12477 12599
moead,513_e-05,19,38,4100,82,29455436.346867,4872.631759,0.775510,0.224490,11998 12000 12115 12233 12234 12236 12238 12239 12240 12358 12360 12361 12475 12477 12599
moead,513_e-05,19,39,4100,82,29455436.346867,4872.631759,0.795918,0.204082,11998 12000 12115 12233 12234 12236 12238 12239 12240 12358 12360 12361 12475 12477 12599
moead,513_e-05,19,40,4100,82,29455436.346867,4872.631759,0.816327,0.183673,11998 12000 12115 12233 12234 12236 12238 12239 12240 12358 12360 12361 12475 12477 12599
moead,513_e-05,19,41,4100,82,29455436.346867,4872.631759,0.836735,0.163265,11998 12000 12115 12233 12234 12236 12238 12239 12240 12358 12360 12361 12475 12477 12599
moead,513_e-05,19,42,4100,82,29455436.346867,4872.631759,0.857143,0.142857,11998 12000 12115 12233 12234 12236 12238 12239 12240 12358 12360 12361 12475 12477 12599
moead,513_e-05,19,43,4100,82,29455436.346867,4872.631759,0.877551,0.122449,11998 12000 12115 12233 12234 12236 12238 12239 12240 12358 12360 12361 12475 12477 12599
moead,513_e-05,19,44,4100,82,29455436.346867,4872.631759,0.897959,0.102041,11998 12000 12115 12233 12234 12236 12238 12239 12240 12358 12360 12361 12475 12477 12599
moead,513_e-05,19,45,4100,82,29455269.357252,4871.950663,0.918367,0.081633,11998 12115 12232 12233 12234 12236 12238 12239 12240 12358 12360 12361 12475 12477 12599
moead,513_e-05,19,46,4100,82,29455269.357252,4871.950663,0.938776,0.061224,11998 12115 12232 12233 12234 12236 12238 12239 12240 12358 12360 12361 12475 12477 12599
moead,513_e-05,19,47,4100,82,29455269.357252,4871.950663,0.959184,0.040816,11998 12115 12232 12233 12234 12236 12238 12239 12240 12358 12360 12361 12475 12477 12599
moead,513_e-05,19,48,4100,82,29455269.357252,4871.950663,0.979592,0.020408,11998 12115 12232 12233 12234 12236 12238 12239 12240 12358 12360 12361 12475 12477 12599
moead,513_e-05,19,49,4100,82,29455269.357252,4871.950663,1.000000,0.000000,11998 12115 12232 12233 12234 12236 12238 12239 12240 12358 12360 12361 12475 12477 12599
moead,513_e-05,19,0,4150,83,37585137.870929,6394.922775,0.000000,1.000000,8157 12730 29018 45691 66908 87005 95990 97902 111796 131201 133779 141933 148922 170313 173390
moead,513_e-05,19,1,4150,83,29505393.092436,5213.827436,0.020408,0.979592,11165 11760 11882 12118 12133 12232 12239 12240 12360 12361 12465 12476 12479 12597 12599
moead,513_e-05,19,2,4150,83,29485387.974694,5200.986462,0.040816,0.959184,11760 11882 12118 12133 12232 12238 12239 12240 12360 12361 12475 12476 12479 12597 12599
moead,513_e-05,19,3,4150,83,29475363.302131,5091.526318,0.061224,0.938776,11882 12118 12133 12232 12238 12239 12240 12360 12361 12475 12476 12479 12597 12599 13245
moead,513_e-05,19,4,4150,83,29470651.538419,4997.015039,0.081633,0.918367,11882 12007 12118 12133 12232 12238 12239 12240 12360 12361 12475 12476 12479 12597 12599
moead,513_e-05,19,5,4150,83,29464579.788897,4987.349743,0.102041,0.897959,11882 12118 12232 12238 12239 12360 12361 12362 12475 12476 12477 12481 12597 12599 12730
moead,513_e-05,19,6,4150,83,29464579.788897,4987.349743,0.122449,0.877551,11882 12118 12232 12238 12239 12360 12361 12362 12475 12476 12477 12481 12597 12599 12730
moead,513_e-05,19,7,4150,83,29462714.929047,4983.467140,0.142857,0.857143,11882 12007 12118 12232 12238 12239 12350 12360 12361 12362 12475 12476 12477 12597 12599
moead,513_e-05,19,8,4150,83,29461581.521863,4982.720826,0.163265,0.836735,11882 12007 12118 12232 12238 12239 12240 12354 12360 12361 12362 12475 12477 12597 12599
moead,513_e-05,19,9,4150,83,29461581.521863,4982.720826,0.183673,0.816327,11882 12007 12118 12232 12238 12239 12240 12354 12360 12361 12362 12475 12477 12597 12599
moead,513_e-05,19,10,4150,83,29459494.680260,4884.601386,0.204082,0.795918,11882 12118 12232 12233 12238 12239 12240 12354 12360 12361 12362 12476 12477 12597 12599
moead,513_e-05,19,11,4150,83,29459494.680260,4884.601386,0.224490,0.775510,11882 12118 12232 12233 12238 12239 12240 12354 12360 12361 12362 12476 12477 12597 12599
moead,513_e-05,19,12,4150,83,29459494.680260,4884.601386,0.244898,0.755102,11882 12118 12232 12233 12238 12239 12240 12354 12360 12361 12362 12476 12477 12597 12599
moead,513_e-05,19,13,4150,83,29457960.541536,4875.445443,0.265306,0.734694,11890 12115 12232 12233 12234 12238 12240 12241 12360 12361 12362 12476 12477 12597 12599
moead,513_e-05,19,14,4150,83,29457960.541536,4875.445443,0.285714,0.714286,11890 12115 12232 12233 12234 12238 12240 12241 12360 12361 12362 12476 12477 12597 12599
moead,513_e-05,19,15,4150,83,29457960.541536,4875.445443,0.306122,0.693878,11890 12115 12232 12233 12234 12238 12240 12241 12360 12361 12362 12476 12477 12597 12599
moead,513_e-05,19,16,4150,83,29457960.541536,4875.445443,0.326531,0.673469,11890 12115 12232 12233 12234 12238 12240 12241 12360 12361 12362 12476 12477 12597 12599
moead,513_e-05,19,17,4150,83,29457960.541536,4875.445443,0.346939,0.653061,11890 12115 12232 12233 12234 12238 12240 12241 12360 12361 12362 12476 12477 12597 12599
moead,513_e-05,19,18,4150,83,29456624.453440,4875.127109,0.367347,0.632653,11890 12000 12115 12232 12233 12234 12235 12236 12238 12240 12362 12476 12477 12597 12599
moead,513_e-05,19,19,4150,83,29456624.453440,4875.127109,0.387755,0.612245,11890 12000 12115 12232 12233 12234 12235 12236 12238 12240 12362 12476 12477 12597 12599
moead,513_e-05,19,20,4150,83,29456624.453440,4875.127109,0.408163,0.591837,11890 12000 12115 12232 12233 12234 12235 12236 12238 12240 12362 12476 12477 12597 12599
moead,513_e-05,19,21,4150,83,29456624.453440,4875.127109,0.428571,0.571429,11890 12000 12115 12232 12233 12234 12235 12236 12238 12240 12362 12476 12477 12597 12599
moead,513_e-05,19,22,4150,83,29456624.453440,4875.127109,0.448980,0.551020,11890 12000 12115 12232 12233 12234 12235 12236 12238 12240 12362 12476 12477 12597 12599
moead,513_e-05,19,23,4150,83,29456624.453440,4875.127109,0.469388,0.530612,11890 12000 12115 12232 12233 12234 12235 12236 12238 12240 12362 12476 12477 12597 12599
moead,513_e-05,19,24,4150,83,29456624.453440,4875.127109,0.489796,0.510204,11890 12000 12115 12232 12233 12234 12235 12236 12238 12240 12362 12476 12477 12597 12599
moead,513_e-05,19,25,4150,83,29456624.453440,4875.127109,0.510204,0.489796,11890 12000 12115 12232 12233 12234 12235 12236 12238 12240 12362 12476 12477 12597 12599
moead,513_e-05,19,26,4150,83,29456245.306165,4874.884149,0.530612,0.469388,11890 12000 12115 12232 12233 12234 12236 12238 12239 12240 12360 12361 12475 12477 12599
moead,513_e-05,19,27,4150,83,29456245.306165,4874.884149,0.551020,0.448980,11890 12000 12115 12232 12233 12234 12236 12238 12239 12240 12360 12361 12475 12477 12599
moead,513_e-05,19,28,4150,83,29456245.306165,4874.884149,0.571429,0.428571,11890 12000 12115 12232 12233 12234 12236 12238 12239 12240 12360 12361 12475 12477 12599
moead,513_e-05,19,29,4150,83,29456245.306165,4874.884149,0.591837,0.408163,11890 12000 12115 12232 12233 12234 12236 12238 12239 12240 12360 12361 12475 12477 12599
moead,513_e-05,19,30,4150,83,29456138.888885,4873.011178,0.612245,0.387755,11998 12000 12003 12233 12234 12236 12238 12239 12240 12358 12360 12361 12475 12477 12599
moead,513_e-05,19,31,4150,83,29456138.888885,4873.011178,0.632653,0.367347,11998 12000 12003 12233 12234 12236 12238 12239 12240 12358 12360 12361 12475 12477 12599
moead,513_e-05,19,32,4150,83,29455436.346867,4872.631759,0.653061,0.346939,11998 12000 12115 12233 12234 12236 12238 12239 12240 12358 12360 12361 12475 12477 12599
moead,513_e-05,19,33,4150,83,29455436.346867,4872.631759,0.673469,0.326531,11998 12000 12115 12233 12234 12236 12238 12239 12240 12358 12360 12361 12475 12477 12599
moead,513_e-05,19,34,4150,83,29455436.346867,4872.631759,0.693878,0.306122,11998 12000 12115 12233 12234 12236 12238 12239 12240 12358 12360 12361 12475 12477 12599
moead,513_e-05,19,35,4150,83,29455436.346867,4872.631759,0.714286,0.285714,11998 12000 12115 12233 12234 12236 12238 12239 12240 12358 12360 12361 12475 12477 12599
moead,513_e-05,19,36,4150,83,29455436.346867,4872.631759,0.734694,0.265306,11998 12000 12115 12233 12234 12236 12238 12239 12240 12358 12360 12361 12475 12477 12599
moead,513_e-05,19,37,4150,83,29455436.346867,4872.631759,0.755102,0.244898,11998 12000 12115 12233 12234 12236 12238 12239 12240 12358 12360 12361 12475 12477 12599
moead,513_e-05,19,38,4150,83,29455436.346867,4872.631759,0.775510,0.224490,11998 12000 12115 12233 12234 12236 12238 12239 12240 12358 12360 12361 12475 12477 12599
moead,513_e-05,19,39,4150,83,29455436.346867,4872.631759,0.795918,0.204082,11998 12000 12115 12233 12234 12236 12238 12239 12240 12358 12360 12361 12475 12477 12599
moead,513_e-05,19,40,4150,83,29455436.346867,4872.631759,0.816327,0.183673,11998 12000 12115 12233 12234 12236 12238 12239 12240 12358 12360 12361 12475 12477 12599
moead,513_e-05,19,41,4150,83,29455436.346867,4872.631759,0.836735,0.163265,11998 12000 12115 12233 12234 12236 12238 12239 12240 12358 12360 12361 12475 12477 12599
moead,513_e-05,19,42,4150,83,29455436.346867,4872.631759,0.857143,0.142857,11998 12000 12115 12233 12234 12236 12238 12239 12240 12358 12360 12361 12475 12477 12599
moead,513_e-05,19,43,4150,83,29455436.346867,4872.631759,0.877551,0.122449,11998 12000 12115 12233 12234 12236 12238 12239 12240 12358 12360 12361 12475 12477 12599
moead,513_e-05,19,44,4150,83,29455436.346867,4872.631759,0.897959,0.102041,11998 12000 12115 12233 12234 12236 12238 12239 12240 12358 12360 12361 12475 12477 12599
moead,513_e-05,19,45,4150,83,29455269.357252,4871.950663,0.918367,0.081633,11998 12115 12232 12233 12234 12236 12238 12239 12240 12358 12360 12361 12475 12477 12599
moead,513_e-05,19,46,4150,83,29455269.357252,4871.950663,0.938776,0.061224,11998 12115 12232 12233 12234 12236 12238 12239 12240 12358 12360 12361 12475 12477 12599
moead,513_e-05,19,47,4150,83,29455269.357252,4871.950663,0.959184,0.040816,11998 12115 12232 12233 12234 12236 12238 12239 12240 12358 12360 12361 12475 12477 12599
moead,513_e-05,19,48,4150,83,29455269.357252,4871.950663,0.979592,0.020408,11998 12115 12232 12233 12234 12236 12238 12239 12240 12358 12360 12361 12475 12477 12599
moead,513_e-05,19,49,4150,83,29455269.357252,4871.950663,1.000000,0.000000,11998 12115 12232 12233 12234 12236 12238 12239 12240 12358 12360 12361 12475 12477 12599
moead,513_e-05,19,0,4200,84,38331434.343645,6394.922775,0.000000,1.000000,3245 8157 36071 45691 49628 78819 87005 95990 97902 111542 141933 150573 168712 170313 173390
moead,513_e-05,19,1,4200,84,29505393.092436,5213.827436,0.020408,0.979592,11165 11760 11882 12118 12133 12232 12239 12240 12360 12361 12465 12476 12479 12597 12599
moead,513_e-05,19,2,4200,84,29485387.974694,5200.986462,0.040816,0.959184,11760 11882 12118 12133 12232 12238 12239 12240 12360 12361 12475 12476 12479 12597 12599
moead,513_e-05,19,3,4200,84,29475363.302131,5091.526318,0.061224,0.938776,11882 12118 12133 12232 12238 12239 12240 12360 12361 12475 12476 12479 12597 12599 13245
moead,513_e-05,19,4,4200,84,29470651.538419,4997.015039,0.081633,0.918367,11882 12007 12118 12133 12232 12238 12239 12240 12360 12361 12475 12476 12479 12597 12599
moead,513_e-05,19,5,4200,84,29466115.117559,4992.532490,0.102041,0.897959,11580 11882 12007 12118 12232 12238 12239 12240 12354 12360 12361 12362 12477 12597 12599
moead,513_e-05,19,6,4200,84,29464579.788897,4987.349743,0.122449,0.877551,11882 12118 12232 12238 12239 12360 12361 12362 12475 12476 12477 12481 12597 12599 12730
moead,513_e-05,19,7,4200,84,29462714.929047,4983.467140,0.142857,0.857143,11882 12007 12118 12232 12238 12239 12350 12360 12361 12362 12475 12476 12477 12597 12599
moead,513_e-05,19,8,4200,84,29461410.430652,4982.720826,0.163265,0.836735,11882 12007 12118 12232 12238 12239 12240 12354 12360 12361 12362 12476 12477 12597 12599
moead,513_e-05,19,9,4200,84,29461410.430652,4982.720826,0.183673,0.816327,11882 12007 12118 12232 12238 12239 12240 12354 12360 12361 12362 12476 12477 12597 12599
moead,513_e-05,19,10,4200,84,29459494.680260,4884.601386,0.204082,0.795918,11882 12118 12232 12233 12238 12239 12240 12354 12360 12361 12362 12476 12477 12597 12599
moead,513_e-05,19,11,4200,84,29459494.680260,4884.601386,0.224490,0.775510,11882 12118 12232 12233 12238 12239 12240 12354 12360 12361 12362 12476 12477 12597 12599
moead,513_e-05,19,12,4200,84,29459494.680260,4884.601386,0.244898,0.755102,11882 12118 12232 12233 12238 12239 12240 12354 12360 12361 12362 12476 12477 12597 12599
moead,513_e-05,19,13,4200,84,29457960.541536,4875.445443,0.265306,0.734694,11890 12115 12232 12233 12234 12238 12240 12241 12360 12361 12362 12476 12477 12597 12599
moead,513_e-05,19,14,4200,84,29457960.541536,4875.445443,0.285714,0.714286,11890 12115 12232 12233 12234 12238 12240 12241 12360 12361 12362 12476 12477 12597 12599
moead,513_e-05,19,15,4200,84,29457960.541536,4875.445443,0.306122,0.693878,11890 12115 12232 12233 12234 12238 12240 12241 12360 12361 12362 12476 12477 12597 12599
moead,513_e-05,19,16,4200,84,29457960.541536,4875.445443,0.326531,0.673469,11890 12115 12232 12233 12234 12238 12240 12241 12360 12361 12362 12476 12477 12597 12599
moead,513_e-05,19,17,4200,84,29457960.541536,4875.445443,0.346939,0.653061,11890 12115 12232 12233 12234 12238 12240 12241 12360 12361 12362 12476 12477 12597 12599
moead,513_e-05,19,18,4200,84,29456624.453440,4875.127109,0.367347,0.632653,11890 12000 12115 12232 12233 12234 12235 12236 12238 12240 12362 12476 12477 12597 12599
moead,513_e-05,19,19,4200,84,29456624.453440,4875.127109,0.387755,0.612245,11890 12000 12115 12232 12233 12234 12235 12236 12238 12240 12362 12476 12477 12597 12599
moead,513_e-05,19,20,4200,84,29456624.453440,4875.127109,0.408163,0.591837,11890 12000 12115 12232 12233 12234 12235 12236 12238 12240 12362 12476 12477 12597 12599
moead,513_e-05,19,21,4200,84,29456624.453440,4875.127109,0.428571,0.571429,11890 12000 12115 12232 12233 12234 12235 12236 12238 12240 12362 12476 12477 12597 12599
moead,513_e-05,19,22,4200,84,29456624.453440,4875.127109,0.448980,0.551020,11890 12000 12115 12232 12233 12234 12235 12236 12238 12240 12362 12476 12477 12597 12599
moead,513_e-05,19,23,4200,84,29456624.453440,4875.127109,0.469388,0.530612,11890 12000 12115 12232 12233 12234 12235 12236 12238 12240 12362 12476 12477 12597 12599
moead,513_e-05,19,24,4200,84,29456624.453440,4875.127109,0.489796,0.510204,11890 12000 12115 12232 12233 12234 12235 12236 12238 12240 12362 12476 12477 12597 12599
moead,513_e-05,19,25,4200,84,29456624.453440,4875.127109,0.510204,0.489796,11890 12000 12115 12232 12233 12234 12235 12236 12238 12240 12362 12476 12477 12597 12599
moead,513_e-05,19,26,4200,84,29455884.267296,4874.926477,0.530612,0.469388,11890 12000 12115 12232 12233 12234 12235 12236 12238 12240 12360 12361 12475 12477 12599
moead,513_e-05,19,27,4200,84,29455884.267296,4874.926477,0.551020,0.448980,11890 12000 12115 12232 12233 12234 12235 12236 12238 12240 12360 12361 12475 12477 12599
moead,513_e-05,19,28,4200,84,29455884.267296,4874.926477,0.571429,0.428571,11890 12000 12115 12232 12233 12234 12235 12236 12238 12240 12360 12361 12475 12477 12599
moead,513_e-05,19,29,4200,84,29455884.267296,4874.926477,0.591837,0.408163,11890 12000 12115 12232 12233 12234 12235 12236 12238 12240 12360 12361 12475 12477 12599
moead,513_e-05,19,30,4200,84,29455884.267296,4874.926477,0.612245,0.387755,11890 12000 12115 12232 12233 12234 12235 12236 12238 12240 12360 12361 12475 12477 12599
moead,513_e-05,19,31,4200,84,29455884.267296,4874.926477,0.632653,0.367347,11890 12000 12115 12232 12233 12234 12235 12236 12238 12240 12360 12361 12475 12477 12599
moead,513_e-05,19,32,4200,84,29455884.267296,4874.926477,0.653061,0.346939,11890 12000 12115 12232 12233 12234 12235 12236 12238 12240 12360 12361 12475 12477 12599
moead,513_e-05,19,33,4200,84,29455884.267296,4874.926477,0.673469,0.326531,11890 12000 12115 12232 12233 12234 12235 12236 12238 12240 12360 12361 12475 12477 12599
moead,513_e-05,19,34,4200,84,29455884.267296,4874.926477,0.693878,0.306122,11890 12000 12115 12232 12233 12234 12235 12236 12238 12240 12360 12361 12475 12477 12599
moead,513_e-05,19,35,4200,84,29455436.346867,4872.631759,0.714286,0.285714,11998 12000 12115 12233 12234 12236 12238 12239 12240 12358 12360 12361 12475 12477 12599
moead,513_e-05,19,36,4200,84,29455436.346867,4872.631759,0.734694,0.265306,11998 12000 12115 12233 12234 12236 12238 12239 12240 12358 12360 12361 12475 12477 12599
moead,513_e-05,19,37,4200,84,29455436.346867,4872.631759,0.755102,0.244898,11998 12000 12115 12233 12234 12236 12238 12239 12240 12358 12360 12361 12475 12477 12599
moead,513_e-05,19,38,4200,84,29455436.346867,4872.631759,0.775510,0.224490,11998 12000 12115 12233 12234 12236 12238 12239 12240 12358 12360 12361 12475 12477 12599
moead,513_e-05,19,39,4200,84,29455436.346867,4872.631759,0.795918,0.204082,11998 12000 12115 12233 12234 12236 12238 12239 12240 12358 12360 12361 12475 12477 12599
moead,513_e-05,19,40,4200,84,29455436.346867,4872.631759,0.816327,0.183673,11998 12000 12115 12233 12234 12236 12238 12239 12240 12358 12360 12361 12475 12477 12599
moead,513_e-05,19,41,4200,84,29455436.346867,4872.631759,0.836735,0.163265,11998 12000 12115 12233 12234 12236 12238 12239 12240 12358 12360 12361 12475 12477 12599
moead,513_e-05,19,42,4200,84,29455436.346867,4872.631759,0.857143,0.142857,11998 12000 12115 12233 12234 12236 12238 12239 12240 12358 12360 12361 12475 12477 12599
moead,513_e-05,19,43,4200,84,29455436.346867,4872.631759,0.877551,0.122449,11998 12000 12115 12233 12234 12236 12238 12239 12240 12358 12360 12361 12475 12477 12599
moead,513_e-05,19,44,4200,84,29455436.346867,4872.631759,0.897959,0.102041,11998 12000 12115 12233 12234 12236 12238 12239 12240 12358 12360 12361 12475 12477 12599
moead,513_e-05,19,45,4200,84,29455269.357252,4871.950663,0.918367,0.081633,11998 12115 12232 12233 12234 12236 12238 12239 12240 12358 12360 12361 12475 12477 12599
moead,513_e-05,19,46,4200,84,29455269.357252,4871.950663,0.938776,0.061224,11998 12115 12232 12233 12234 12236 12238 12239 12240 12358 12360 12361 12475 12477 12599
moead,513_e-05,19,47,4200,84,29455269.357252,4871.950663,0.959184,0.040816,11998 12115 12232 12233 12234 12236 12238 12239 12240 12358 12360 12361 12475 12477 12599
moead,513_e-05,19,48,4200,84,29455269.357252,4871.950663,0.979592,0.020408,11998 12115 12232 12233 12234 12236 12238 12239 12240 12358 12360 12361 12475 12477 12599
moead,513_e-05,19,49,4200,84,29455269.357252,4871.950663,1.000000,0.000000,11998 12115 12232 12233 12234 12236 12238 12239 12240 12358 12360 12361 12475 12477 12599
moead,513_e-05,19,0,4250,85,37945975.891974,6394.922775,0.000000,1.000000,3245 8157 35139 36071 45691 49628 78819 87005 95990 97902 111542 141933 150573 168712 170313
moead,513_e-05,19,1,4250,85,29505393.092436,5213.827436,0.020408,0.979592,11165 11760 11882 12118 12133 12232 12239 12240 12360 12361 12465 12476 12479 12597 12599
moead,513_e-05,19,2,4250,85,29485387.974694,5200.986462,0.040816,0.959184,11760 11882 12118 12133 12232 12238 12239 12240 12360 12361 12475 12476 12479 12597 12599
moead,513_e-05,19,3,4250,85,29475363.302131,5091.526318,0.061224,0.938776,11882 12118 12133 12232 12238 12239 12240 12360 12361 12475 12476 12479 12597 12599 13245
moead,513_e-05,19,4,4250,85,29470651.538419,4997.015039,0.081633,0.918367,11882 12007 12118 12133 12232 12238 12239 12240 12360 12361 12475 12476 12479 12597 12599
moead,513_e-05,19,5,4250,85,29466115.117559,4992.532490,0.102041,0.897959,11580 11882 12007 12118 12232 12238 12239 12240 12354 12360 12361 12362 12477 12597 12599
moead,513_e-05,19,6,4250,85,29464579.788897,4987.349743,0.122449,0.877551,11882 12118 12232 12238 12239 12360 12361 12362 12475 12476 12477 12481 12597 12599 12730
moead,513_e-05,19,7,4250,85,29462714.929047,4983.467140,0.142857,0.857143,11882 12007 12118 12232 12238 12239 12350 12360 12361 12362 12475 12476 12477 12597 12599
moead,513_e-05,19,8,4250,85,29461410.430652,4982.720826,0.163265,0.836735,11882 12007 12118 12232 12238 12239 12240 12354 12360 12361 12362 12476 12477 12597 12599
moead,513_e-05,19,9,4250,85,29461410.430652,4982.720826,0.183673,0.816327,11882 12007 12118 12232 12238 12239 12240 12354 12360 12361 12362 12476 12477 12597 12599
moead,513_e-05,19,10,4250,85,29459494.680260,4884.601386,0.204082,0.795918,11882 12118 12232 12233 12238 12239 12240 12354 12360 12361 12362 12476 12477 12597 12599
moead,513_e-05,19,11,4250,85,29459494.680260,4884.601386,0.224490,0.775510,11882 12118 12232 12233 12238 12239 12240 12354 12360 12361 12362 12476 12477 12597 12599
moead,513_e-05,19,12,4250,85,29459494.680260,4884.601386,0.244898,0.755102,11882 12118 12232 12233 12238 12239 12240 12354 12360 12361 12362 12476 12477 12597 12599
moead,513_e-05,19,13,4250,85,29457960.541536,4875.445443,0.265306,0.734694,11890 12115 12232 12233 12234 12238 12240 12241 12360 12361 12362 12476 12477 12597 12599
moead,513_e-05,19,14,4250,85,29457960.541536,4875.445443,0.285714,0.714286,11890 12115 12232 12233 12234 12238 12240 12241 12360 12361 12362 12476 12477 12597 12599
moead,513_e-05,19,15,4250,85,29457960.541536,4875.445443,0.306122,0.693878,11890 12115 12232 12233 12234 12238 12240 12241 12360 12361 12362 12476 12477 12597 12599
moead,513_e-05,19,16,4250,85,29457960.541536,4875.445443,0.326531,0.673469,11890 12115 12232 12233 12234 12238 12240 12241 12360 12361 12362 12476 12477 12597 12599
moead,513_e-05,19,17,4250,85,29457960.541536,4875.445443,0.346939,0.653061,11890 12115 12232 12233 12234 12238 12240 12241 12360 12361 12362 12476 12477 12597 12599
moead,513_e-05,19,18,4250,85,29456624.453440,4875.127109,0.367347,0.632653,11890 12000 12115 12232 12233 12234 12235 12236 12238 12240 12362 12476 12477 12597 12599
moead,513_e-05,19,19,4250,85,29456624.453440,4875.127109,0.387755,0.612245,11890 12000 12115 12232 12233 12234 12235 12236 12238 12240 12362 12476 12477 12597 12599
moead,513_e-05,19,20,4250,85,29456624.453440,4875.127109,0.408163,0.591837,11890 12000 12115 12232 12233 12234 12235 12236 12238 12240 12362 12476 12477 12597 12599
moead,513_e-05,19,21,4250,85,29456624.453440,4875.127109,0.428571,0.571429,11890 12000 12115 12232 12233 12234 12235 12236 12238 12240 12362 12476 12477 12597 12599
moead,513_e-05,19,22,4250,85,29456624.453440,4875.127109,0.448980,0.551020,11890 12000 12115 12232 12233 12234 12235 12236 12238 12240 12362 12476 12477 12597 12599
moead,513_e-05,19,23,4250,85,29456624.453440,4875.127109,0.469388,0.530612,11890 12000 12115 12232 12233 12234 12235 12236 12238 12240 12362 12476 12477 12597 12599
moead,513_e-05,19,24,4250,85,29456624.453440,4875.127109,0.489796,0.510204,11890 12000 12115 12232 12233 12234 12235 12236 12238 12240 12362 12476 12477 12597 12599
moead,513_e-05,19,25,4250,85,29455884.267296,4874.926477,0.510204,0.489796,11890 12000 12115 12232 12233 12234 12235 12236 12238 12240 12360 12361 12475 12477 12599
moead,513_e-05,19,26,4250,85,29455884.267296,4874.926477,0.530612,0.469388,11890 12000 12115 12232 12233 12234 12235 12236 12238 12240 12360 12361 12475 12477 12599
moead,513_e-05,19,27,4250,85,29455884.267296,4874.926477,0.551020,0.448980,11890 12000 12115 12232 12233 12234 12235 12236 12238 12240 12360 12361 12475 12477 12599
moead,513_e-05,19,28,4250,85,29455884.267296,4874.926477,0.571429,0.428571,11890 12000 12115 12232 12233 12234 12235 12236 12238 12240 12360 12361 12475 12477 12599
moead,513_e-05,19,29,4250,85,29455884.267296,4874.926477,0.591837,0.408163,11890 12000 12115 12232 12233 12234 12235 12236 12238 12240 12360 12361 12475 12477 12599
moead,513_e-05,19,30,4250,85,29455884.267296,4874.926477,0.612245,0.387755,11890 12000 12115 12232 12233 12234 12235 12236 12238 12240 12360 12361 12475 12477 12599
moead,513_e-05,19,31,4250,85,29455884.267296,4874.926477,0.632653,0.367347,11890 12000 12115 12232 12233 12234 12235 12236 12238 12240 12360 12361 12475 12477 12599
moead,513_e-05,19,32,4250,85,29455884.267296,4874.926477,0.653061,0.346939,11890 12000 12115 12232 12233 12234 12235 12236 12238 12240 12360 12361 12475 12477 12599
moead,513_e-05,19,33,4250,85,29455884.267296,4874.926477,0.673469,0.326531,11890 12000 12115 12232 12233 12234 12235 12236 12238 12240 12360 12361 12475 12477 12599
moead,513_e-05,19,34,4250,85,29455436.346867,4872.631759,0.693878,0.306122,11998 12000 12115 12233 12234 12236 12238 12239 12240 12358 12360 12361 12475 12477 12599
moead,513_e-05,19,35,4250,85,29455436.346867,4872.631759,0.714286,0.285714,11998 12000 12115 12233 12234 12236 12238 12239 12240 12358 12360 12361 12475 12477 12599
moead,513_e-05,19,36,4250,85,29455436.346867,4872.631759,0.734694,0.265306,11998 12000 12115 12233 12234 12236 12238 12239 12240 12358 12360 12361 12475 12477 12599
moead,513_e-05,19,37,4250,85,29455436.346867,4872.631759,0.755102,0.244898,11998 12000 12115 12233 12234 12236 12238 12239 12240 12358 12360 12361 12475 12477 12599
moead,513_e-05,19,38,4250,85,29455436.346867,4872.631759,0.775510,0.224490,11998 12000 12115 12233 12234 12236 12238 12239 12240 12358 12360 12361 12475 12477 12599
moead,513_e-05,19,39,4250,85,29455436.346867,4872.631759,0.795918,0.204082,11998 12000 12115 12233 12234 12236 12238 12239 12240 12358 12360 12361 12475 12477 12599
moead,513_e-05,19,40,4250,85,29455436.346867,4872.631759,0.816327,0.183673,11998 12000 12115 12233 12234 12236 12238 12239 12240 12358 12360 12361 12475 12477 12599
moead,513_e-05,19,41,4250,85,29455436.346867,4872.631759,0.836735,0.163265,11998 12000 12115 12233 12234 12236 12238 12239 12240 12358 12360 12361 12475 12477 12599
moead,513_e-05,19,42,4250,85,29455160.077443,4871.950663,0.857143,0.142857,11998 12115 12232 12233 12234 12235 12236 12238 12239 12240 12360 12361 12475 12477 12599
moead,513_e-05,19,43,4250,85,29455160.077443,4871.950663,0.877551,0.122449,11998 12115 12232 12233 12234 12235 12236 12238 12239 12240 12360 12361 12475 12477 12599
moead,513_e-05,19,44,4250,85,29455160.077443,4871.950663,0.897959,0.102041,11998 12115 12232 12233 12234 12235 12236 12238 12239 12240 12360 12361 12475 12477 12599
moead,513_e-05,19,45,4250,85,29455160.077443,4871.950663,0.918367,0.081633,11998 12115 12232 12233 12234 12235 12236 12238 12239 12240 12360 12361 12475 12477 12599
moead,513_e-05,19,46,4250,85,29455160.077443,4871.950663,0.938776,0.061224,11998 12115 12232 12233 12234 12235 12236 12238 12239 12240 12360 12361 12475 12477 12599
moead,513_e-05,19,47,4250,85,29455160.077443,4871.950663,0.959184,0.040816,11998 12115 12232 12233 12234 12235 12236 12238 12239 12240 12360 12361 12475 12477 12599
moead,513_e-05,19,48,4250,85,29455160.077443,4871.950663,0.979592,0.020408,11998 12115 12232 12233 12234 12235 12236 12238 12239 12240 12360 12361 12475 12477 12599
moead,513_e-05,19,49,4250,85,29455160.077443,4871.950663,1.000000,0.000000,11998 12115 12232 12233 12234 12235 12236 12238 12239 12240 12360 12361 12475 12477 12599
moead,513_e-05,19,0,4300,86,37411446.730153,6394.922775,0.000000,1.000000,8157 12713 28233 34174 35139 36071 45691 49628 49822 59806 78819 87005 97902 111542 141933
moead,513_e-05,19,1,4300,86,29505393.092436,5213.827436,0.020408,0.979592,11165 11760 11882 12118 12133 12232 12239 12240 12360 12361 12465 12476 12479 12597 12599
moead,513_e-05,19,2,4300,86,29485387.974694,5200.986462,0.040816,0.959184,11760 11882 12118 12133 12232 12238 12239 12240 12360 12361 12475 12476 12479 12597 12599
moead,513_e-05,19,3,4300,86,29473793.577144,5101.337982,0.061224,0.938776,11580 11882 12118 12133 12232 12238 12239 12240 12360 12361 12475 12476 12479 12597 12599
moead,513_e-05,19,4,4300,86,29470651.538419,4997.015039,0.081633,0.918367,11882 12007 12118 12133 12232 12238 12239 12240 12360 12361 12475 12476 12479 12597 12599
moead,513_e-05,19,5,4300,86,29466115.117559,4992.532490,0.102041,0.897959,11580 11882 12007 12118 12232 12238 12239 12240 12354 12360 12361 12362 12477 12597 12599
moead,513_e-05,19,6,4300,86,29464579.788897,4987.349743,0.122449,0.877551,11882 12118 12232 12238 12239 12360 12361 12362 12475 12476 12477 12481 12597 12599 12730
moead,513_e-05,19,7,4300,86,29462714.929047,4983.467140,0.142857,0.857143,11882 12007 12118 12232 12238 12239 12350 12360 12361 12362 12475 12476 12477 12597 12599
moead,513_e-05,19,8,4300,86,29461410.430652,4982.720826,0.163265,0.836735,11882 12007 12118 12232 12238 12239 12240 12354 12360 12361 12362 12476 12477 12597 12599
moead,513_e-05,19,9,4300,86,29461410.430652,4982.720826,0.183673,0.816327,11882 12007 12118 12232 12238 12239 12240 12354 12360 12361 12362 12476 12477 12597 12599
moead,513_e-05,19,10,4300,86,29459494.680260,4884.601386,0.204082,0.795918,11882 12118 12232 12233 12238 12239 12240 12354 12360 12361 12362 12476 12477 12597 12599
moead,513_e-05,19,11,4300,86,29459494.680260,4884.601386,0.224490,0.775510,11882 12118 12232 12233 12238 12239 12240 12354 12360 12361 12362 12476 12477 12597 12599
moead,513_e-05,19,12,4300,86,29459494.680260,4884.601386,0.244898,0.755102,11882 12118 12232 12233 12238 12239 12240 12354 12360 12361 12362 12476 12477 12597 12599
moead,513_e-05,19,13,4300,86,29457960.541536,4875.445443,0.265306,0.734694,11890 12115 12232 12233 12234 12238 12240 12241 12360 12361 12362 12476 12477 12597 12599
moead,513_e-05,19,14,4300,86,29457960.541536,4875.445443,0.285714,0.714286,11890 12115 12232 12233 12234 12238 12240 12241 12360 12361 12362 12476 12477 12597 12599
moead,513_e-05,19,15,4300,86,29457960.541536,4875.445443,0.306122,0.693878,11890 12115 12232 12233 12234 12238 12240 12241 12360 12361 12362 12476 12477 12597 12599
moead,513_e-05,19,16,4300,86,29457960.541536,4875.445443,0.326531,0.673469,11890 12115 12232 12233 12234 12238 12240 12241 12360 12361 12362 12476 12477 12597 12599
moead,513_e-05,19,17,4300,86,29457960.541536,4875.445443,0.346939,0.653061,11890 12115 12232 12233 12234 12238 12240 12241 12360 12361 12362 12476 12477 12597 12599
moead,513_e-05,19,18,4300,86,29456624.453440,4875.127109,0.367347,0.632653,11890 12000 12115 12232 12233 12234 12235 12236 12238 12240 12362 12476 12477 12597 12599
moead,513_e-05,19,19,4300,86,29456624.453440,4875.127109,0.387755,0.612245,11890 12000 12115 12232 12233 12234 12235 12236 12238 12240 12362 12476 12477 12597 12599
moead,513_e-05,19,20,4300,86,29456624.453440,4875.127109,0.408163,0.591837,11890 12000 12115 12232 12233 12234 12235 12236 12238 12240 12362 12476 12477 12597 12599
moead,513_e-05,19,21,4300,86,29456624.453440,4875.127109,0.428571,0.571429,11890 12000 12115 12232 12233 12234 12235 12236 12238 12240 12362 12476 12477 12597 12599
moead,513_e-05,19,22,4300,86,29456624.453440,4875.127109,0.448980,0.551020,11890 12000 12115 12232 12233 12234 12235 12236 12238 12240 12362 12476 12477 12597 12599
moead,513_e-05,19,23,4300,86,29456624.453440,4875.127109,0.469388,0.530612,11890 12000 12115 12232 12233 12234 12235 12236 12238 12240 12362 12476 12477 12597 12599
moead,513_e-05,19,24,4300,86,29456624.453440,4875.127109,0.489796,0.510204,11890 12000 12115 12232 12233 12234 12235 12236 12238 12240 12362 12476 12477 12597 12599
moead,513_e-05,19,25,4300,86,29455884.267296,4874.926477,0.510204,0.489796,11890 12000 12115 12232 12233 12234 12235 12236 12238 12240 12360 12361 12475 12477 12599
moead,513_e-05,19,26,4300,86,29455884.267296,4874.926477,0.530612,0.469388,11890 12000 12115 12232 12233 12234 12235 12236 12238 12240 12360 12361 12475 12477 12599
moead,513_e-05,19,27,4300,86,29455884.267296,4874.926477,0.551020,0.448980,11890 12000 12115 12232 12233 12234 12235 12236 12238 12240 12360 12361 12475 12477 12599
moead,513_e-05,19,28,4300,86,29455884.267296,4874.926477,0.571429,0.428571,11890 12000 12115 12232 12233 12234 12235 12236 12238 12240 12360 12361 12475 12477 12599
moead,513_e-05,19,29,4300,86,29455884.267296,4874.926477,0.591837,0.408163,11890 12000 12115 12232 12233 12234 12235 12236 12238 12240 12360 12361 12475 12477 12599
moead,513_e-05,19,30,4300,86,29455884.267296,4874.926477,0.612245,0.387755,11890 12000 12115 12232 12233 12234 12235 12236 12238 12240 12360 12361 12475 12477 12599
moead,513_e-05,19,31,4300,86,29455884.267296,4874.926477,0.632653,0.367347,11890 12000 12115 12232 12233 12234 12235 12236 12238 12240 12360 12361 12475 12477 12599
moead,513_e-05,19,32,4300,86,29455884.267296,4874.926477,0.653061,0.346939,11890 12000 12115 12232 12233 12234 12235 12236 12238 12240 12360 12361 12475 12477 12599
moead,513_e-05,19,33,4300,86,29455884.267296,4874.926477,0.673469,0.326531,11890 12000 12115 12232 12233 12234 12235 12236 12238 12240 12360 12361 12475 12477 12599
moead,513_e-05,19,34,4300,86,29455436.346867,4872.631759,0.693878,0.306122,11998 12000 12115 12233 12234 12236 12238 12239 12240 12358 12360 12361 12475 12477 12599
moead,513_e-05,19,35,4300,86,29455436.346867,4872.631759,0.714286,0.285714,11998 12000 12115 12233 12234 12236 12238 12239 12240 12358 12360 12361 12475 12477 12599
moead,513_e-05,19,36,4300,86,29455436.346867,4872.631759,0.734694,0.265306,11998 12000 12115 12233 12234 12236 12238 12239 12240 12358 12360 12361 12475 12477 12599
moead,513_e-05,19,37,4300,86,29455436.346867,4872.631759,0.755102,0.244898,11998 12000 12115 12233 12234 12236 12238 12239 12240 12358 12360 12361 12475 12477 12599
moead,513_e-05,19,38,4300,86,29455436.346867,4872.631759,0.775510,0.224490,11998 12000 12115 12233 12234 12236 12238 12239 12240 12358 12360 12361 12475 12477 12599
moead,513_e-05,19,39,4300,86,29455436.346867,4872.631759,0.795918,0.204082,11998 12000 12115 12233 12234 12236 12238 12239 12240 12358 12360 12361 12475 12477 12599
moead,513_e-05,19,40,4300,86,29455436.346867,4872.631759,0.816327,0.183673,11998 12000 12115 12233 12234 12236 12238 12239 12240 12358 12360 12361 12475 12477 12599
moead,513_e-05,19,41,4300,86,29455436.346867,4872.631759,0.836735,0.163265,11998 12000 12115 12233 12234 12236 12238 12239 12240 12358 12360 12361 12475 12477 12599
moead,513_e-05,19,42,4300,86,29455160.077443,4871.950663,0.857143,0.142857,11998 12115 12232 12233 12234 12235 12236 12238 12239 12240 12360 12361 12475 12477 12599
moead,513_e-05,19,43,4300,86,29455160.077443,4871.950663,0.877551,0.122449,11998 12115 12232 12233 12234 12235 12236 12238 12239 12240 12360 12361 12475 12477 12599
moead,513_e-05,19,44,4300,86,29455160.077443,4871.950663,0.897959,0.102041,11998 12115 12232 12233 12234 12235 12236 12238 12239 12240 12360 12361 12475 12477 12599
moead,513_e-05,19,45,4300,86,29455160.077443,4871.950663,0.918367,0.081633,11998 12115 12232 12233 12234 12235 12236 12238 12239 12240 12360 12361 12475 12477 12599
moead,513_e-05,19,46,4300,86,29455160.077443,4871.950663,0.938776,0.061224,11998 12115 12232 12233 12234 12235 12236 12238 12239 12240 12360 12361 12475 12477 12599
moead,513_e-05,19,47,4300,86,29455160.077443,4871.950663,0.959184,0.040816,11998 12115 12232 12233 12234 12235 12236 12238 12239 12240 12360 12361 12475 12477 12599
moead,513_e-05,19,48,4300,86,29455160.077443,4871.950663,0.979592,0.020408,11998 12115 12232 12233 12234 12235 12236 12238 12239 12240 12360 12361 12475 12477 12599
moead,513_e-05,19,49,4300,86,29455160.077443,4871.950663,1.000000,0.000000,11998 12115 12232 12233 12234 12235 12236 12238 12239 12240 12360 12361 12475 12477 12599
moead,513_e-05,19,0,4350,87,36744376.184173,6394.922775,0.000000,1.000000,8157 12713 28233 34174 45691 49628 49822 68709 77342 87005 97902 128853 141933 150713 153276
moead,513_e-05,19,1,4350,87,29505393.092436,5213.827436,0.020408,0.979592,11165 11760 11882 12118 12133 12232 12239 12240 12360 12361 12465 12476 12479 12597 12599
moead,513_e-05,19,2,4350,87,29485387.974694,5200.986462,0.040816,0.959184,11760 11882 12118 12133 12232 12238 12239 12240 12360 12361 12475 12476 12479 12597 12599
moead,513_e-05,19,3,4350,87,29473793.577144,5101.337982,0.061224,0.938776,11580 11882 12118 12133 12232 12238 12239 12240 12360 12361 12475 12476 12479 12597 12599
moead,513_e-05,19,4,4350,87,29470651.538419,4997.015039,0.081633,0.918367,11882 12007 12118 12133 12232 12238 12239 12240 12360 12361 12475 12476 12479 12597 12599
moead,513_e-05,19,5,4350,87,29466115.117559,4992.532490,0.102041,0.897959,11580 11882 12007 12118 12232 12238 12239 12240 12354 12360 12361 12362 12477 12597 12599
moead,513_e-05,19,6,4350,87,29464579.788897,4987.349743,0.122449,0.877551,11882 12118 12232 12238 12239 12360 12361 12362 12475 12476 12477 12481 12597 12599 12730
moead,513_e-05,19,7,4350,87,29462714.929047,4983.467140,0.142857,0.857143,11882 12007 12118 12232 12238 12239 12350 12360 12361 12362 12475 12476 12477 12597 12599
moead,513_e-05,19,8,4350,87,29461410.430652,4982.720826,0.163265,0.836735,11882 12007 12118 12232 12238 12239 12240 12354 12360 12361 12362 12476 12477 12597 12599
moead,513_e-05,19,9,4350,87,29461410.430652,4982.720826,0.183673,0.816327,11882 12007 12118 12232 12238 12239 12240 12354 12360 12361 12362 12476 12477 12597 12599
moead,513_e-05,19,10,4350,87,29459494.680260,4884.601386,0.204082,0.795918,11882 12118 12232 12233 12238 12239 12240 12354 12360 12361 12362 12476 12477 12597 12599
moead,513_e-05,19,11,4350,87,29459494.680260,4884.601386,0.224490,0.775510,11882 12118 12232 12233 12238 12239 12240 12354 12360 12361 12362 12476 12477 12597 12599
moead,513_e-05,19,12,4350,87,29459494.680260,4884.601386,0.244898,0.755102,11882 12118 12232 12233 12238 12239 12240 12354 12360 12361 12362 12476 12477 12597 12599
moead,513_e-05,19,13,4350,87,29457960.541536,4875.445443,0.265306,0.734694,11890 12115 12232 12233 12234 12238 12240 12241 12360 12361 12362 12476 12477 12597 12599
moead,513_e-05,19,14,4350,87,29457960.541536,4875.445443,0.285714,0.714286,11890 12115 12232 12233 12234 12238 12240 12241 12360 12361 12362 12476 12477 12597 12599
moead,513_e-05,19,15,4350,87,29457960.541536,4875.445443,0.306122,0.693878,11890 12115 12232 12233 12234 12238 12240 12241 12360 12361 12362 12476 12477 12597 12599
moead,513_e-05,19,16,4350,87,29457960.541536,4875.445443,0.326531,0.673469,11890 12115 12232 12233 12234 12238 12240 12241 12360 12361 12362 12476 12477 12597 12599
moead,513_e-05,19,17,4350,87,29457960.541536,4875.445443,0.346939,0.653061,11890 12115 12232 12233 12234 12238 12240 12241 12360 12361 12362 12476 12477 12597 12599
moead,513_e-05,19,18,4350,87,29456624.453440,4875.127109,0.367347,0.632653,11890 12000 12115 12232 12233 12234 12235 12236 12238 12240 12362 12476 12477 12597 12599
moead,513_e-05,19,19,4350,87,29456624.453440,4875.127109,0.387755,0.612245,11890 12000 12115 12232 12233 12234 12235 12236 12238 12240 12362 12476 12477 12597 12599
moead,513_e-05,19,20,4350,87,29456624.453440,4875.127109,0.408163,0.591837,11890 12000 12115 12232 12233 12234 12235 12236 12238 12240 12362 12476 12477 12597 12599
moead,513_e-05,19,21,4350,87,29456624.453440,4875.127109,0.428571,0.571429,11890 12000 12115 12232 12233 12234 12235 12236 12238 12240 12362 12476 12477 12597 12599
moead,513_e-05,19,22,4350,87,29456624.453440,4875.127109,0.448980,0.551020,11890 12000 12115 12232 12233 12234 12235 12236 12238 12240 12362 12476 12477 12597 12599
moead,513_e-05,19,23,4350,87,29456624.453440,4875.127109,0.469388,0.530612,11890 12000 12115 12232 12233 12234 12235 12236 12238 12240 12362 12476 12477 12597 12599
moead,513_e-05,19,24,4350,87,29456624.453440,4875.127109,0.489796,0.510204,11890 12000 12115 12232 12233 12234 12235 12236 12238 12240 12362 12476 12477 12597 12599
moead,513_e-05,19,25,4350,87,29455884.267296,4874.926477,0.510204,0.489796,11890 12000 12115 12232 12233 12234 12235 12236 12238 12240 12360 12361 12475 12477 12599
moead,513_e-05,19,26,4350,87,29455884.267296,4874.926477,0.530612,0.469388,11890 12000 12115 12232 12233 12234 12235 12236 12238 12240 12360 12361 12475 12477 12599
moead,513_e-05,19,27,4350,87,29455884.267296,4874.926477,0.551020,0.448980,11890 12000 12115 12232 12233 12234 12235 12236 12238 12240 12360 12361 12475 12477 12599
moead,513_e-05,19,28,4350,87,29455884.267296,4874.926477,0.571429,0.428571,11890 12000 12115 12232 12233 12234 12235 12236 12238 12240 12360 12361 12475 12477 12599
moead,513_e-05,19,29,4350,87,29455884.267296,4874.926477,0.591837,0.408163,11890 12000 12115 12232 12233 12234 12235 12236 12238 12240 12360 12361 12475 12477 12599
moead,513_e-05,19,30,4350,87,29455884.267296,4874.926477,0.612245,0.387755,11890 12000 12115 12232 12233 12234 12235 12236 12238 12240 12360 12361 12475 12477 12599
moead,513_e-05,19,31,4350,87,29455884.267296,4874.926477,0.632653,0.367347,11890 12000 12115 12232 12233 12234 12235 12236 12238 12240 12360 12361 12475 12477 12599
moead,513_e-05,19,32,4350,87,29455884.267296,4874.926477,0.653061,0.346939,11890 12000 12115 12232 12233 12234 12235 12236 12238 12240 12360 12361 12475 12477 12599
moead,513_e-05,19,33,4350,87,29455884.267296,4874.926477,0.673469,0.326531,11890 12000 12115 12232 12233 12234 12235 12236 12238 12240 12360 12361 12475 12477 12599
moead,513_e-05,19,34,4350,87,29455436.346867,4872.631759,0.693878,0.306122,11998 12000 12115 12233 12234 12236 12238 12239 12240 12358 12360 12361 12475 12477 12599
moead,513_e-05,19,35,4350,87,29455436.346867,4872.631759,0.714286,0.285714,11998 12000 12115 12233 12234 12236 12238 12239 12240 12358 12360 12361 12475 12477 12599
moead,513_e-05,19,36,4350,87,29455436.346867,4872.631759,0.734694,0.265306,11998 12000 12115 12233 12234 12236 12238 12239 12240 12358 12360 12361 12475 12477 12599
moead,513_e-05,19,37,4350,87,29455436.346867,4872.631759,0.755102,0.244898,11998 12000 12115 12233 12234 12236 12238 12239 12240 12358 12360 12361 12475 12477 12599
moead,513_e-05,19,38,4350,87,29455436.346867,4872.631759,0.775510,0.224490,11998 12000 12115 12233 12234 12236 12238 12239 12240 12358 12360 12361 12475 12477 12599
moead,513_e-05,19,39,4350,87,29455436.346867,4872.631759,0.795918,0.204082,11998 12000 12115 12233 12234 12236 12238 12239 12240 12358 12360 12361 12475 12477 12599
moead,513_e-05,19,40,4350,87,29455436.346867,4872.631759,0.816327,0.183673,11998 12000 12115 12233 12234 12236 12238 12239 12240 12358 12360 12361 12475 12477 12599
moead,513_e-05,19,41,4350,87,29455436.346867,4872.631759,0.836735,0.163265,11998 12000 12115 12233 12234 12236 12238 12239 12240 12358 12360 12361 12475 12477 12599
moead,513_e-05,19,42,4350,87,29455160.077443,4871.950663,0.857143,0.142857,11998 12115 12232 12233 12234 12235 12236 12238 12239 12240 12360 12361 12475 12477 12599
moead,513_e-05,19,43,4350,87,29455160.077443,4871.950663,0.877551,0.122449,11998 12115 12232 12233 12234 12235 12236 12238 12239 12240 12360 12361 12475 12477 12599
moead,513_e-05,19,44,4350,87,29455160.077443,4871.950663,0.897959,0.102041,11998 12115 12232 12233 12234 12235 12236 12238 12239 12240 12360 12361 12475 12477 12599
moead,513_e-05,19,45,4350,87,29455160.077443,4871.950663,0.918367,0.081633,11998 12115 12232 12233 12234 12235 12236 12238 12239 12240 12360 12361 12475 12477 12599
moead,513_e-05,19,46,4350,87,29455160.077443,4871.950663,0.938776,0.061224,11998 12115 12232 12233 12234 12235 12236 12238 12239 12240 12360 12361 12475 12477 12599
moead,513_e-05,19,47,4350,87,29455160.077443,4871.950663,0.959184,0.040816,11998 12115 12232 12233 12234 12235 12236 12238 12239 12240 12360 12361 12475 12477 12599
moead,513_e-05,19,48,4350,87,29455160.077443,4871.950663,0.979592,0.020408,11998 12115 12232 12233 12234 12235 12236 12238 12239 12240 12360 12361 12475 12477 12599
moead,513_e-05,19,49,4350,87,29455160.077443,4871.950663,1.000000,0.000000,11998 12115 12232 12233 12234 12235 12236 12238 12239 12240 12360 12361 12475 12477 12599
moead,513_e-05,19,0,4400,88,38306306.104108,6394.922775,0.000000,1.000000,8157 28233 29528 49822 68709 77342 79994 80909 87005 90227 97902 128853 141933 150713 156027
moead,513_e-05,19,1,4400,88,29505393.092436,5213.827436,0.020408,0.979592,11165 11760 11882 12118 12133 12232 12239 12240 12360 12361 12465 12476 12479 12597 12599
moead,513_e-05,19,2,4400,88,29485387.974694,5200.986462,0.040816,0.959184,11760 11882 12118 12133 12232 12238 12239 12240 12360 12361 12475 12476 12479 12597 12599
moead,513_e-05,19,3,4400,88,29473793.577144,5101.337982,0.061224,0.938776,11580 11882 12118 12133 12232 12238 12239 12240 12360 12361 12475 12476 12479 12597 12599
moead,513_e-05,19,4,4400,88,29470651.538419,4997.015039,0.081633,0.918367,11882 12007 12118 12133 12232 12238 12239 12240 12360 12361 12475 12476 12479 12597 12599
moead,513_e-05,19,5,4400,88,29466115.117559,4992.532490,0.102041,0.897959,11580 11882 12007 12118 12232 12238 12239 12240 12354 12360 12361 12362 12477 12597 12599
moead,513_e-05,19,6,4400,88,29464579.788897,4987.349743,0.122449,0.877551,11882 12118 12232 12238 12239 12360 12361 12362 12475 12476 12477 12481 12597 12599 12730
moead,513_e-05,19,7,4400,88,29462714.929047,4983.467140,0.142857,0.857143,11882 12007 12118 12232 12238 12239 12350 12360 12361 12362 12475 12476 12477 12597 12599
moead,513_e-05,19,8,4400,88,29461410.430652,4982.720826,0.163265,0.836735,11882 12007 12118 12232 12238 12239 12240 12354 12360 12361 12362 12476 12477 12597 12599
moead,513_e-05,19,9,4400,88,29461410.430652,4982.720826,0.183673,0.816327,11882 12007 12118 12232 12238 12239 12240 12354 12360 12361 12362 12476 12477 12597 12599
moead,513_e-05,19,10,4400,88,29459494.680260,4884.601386,0.204082,0.795918,11882 12118 12232 12233 12238 12239 12240 12354 12360 12361 12362 12476 12477 12597 12599
moead,513_e-05,19,11,4400,88,29459494.680260,4884.601386,0.224490,0.775510,11882 12118 12232 12233 12238 12239 12240 12354 12360 12361 12362 12476 12477 12597 12599
moead,513_e-05,19,12,4400,88,29459494.680260,4884.601386,0.244898,0.755102,11882 12118 12232 12233 12238 12239 12240 12354 12360 12361 12362 12476 12477 12597 12599
moead,513_e-05,19,13,4400,88,29457960.541536,4875.445443,0.265306,0.734694,11890 12115 12232 12233 12234 12238 12240 12241 12360 12361 12362 12476 12477 12597 12599
moead,513_e-05,19,14,4400,88,29457960.541536,4875.445443,0.285714,0.714286,11890 12115 12232 12233 12234 12238 12240 12241 12360 12361 12362 12476 12477 12597 12599
moead,513_e-05,19,15,4400,88,29457960.541536,4875.445443,0.306122,0.693878,11890 12115 12232 12233 12234 12238 12240 12241 12360 12361 12362 12476 12477 12597 12599
moead,513_e-05,19,16,4400,88,29457960.541536,4875.445443,0.326531,0.673469,11890 12115 12232 12233 12234 12238 12240 12241 12360 12361 12362 12476 12477 12597 12599
moead,513_e-05,19,17,4400,88,29457960.541536,4875.445443,0.346939,0.653061,11890 12115 12232 12233 12234 12238 12240 12241 12360 12361 12362 12476 12477 12597 12599
moead,513_e-05,19,18,4400,88,29456624.453440,4875.127109,0.367347,0.632653,11890 12000 12115 12232 12233 12234 12235 12236 12238 12240 12362 12476 12477 12597 12599
moead,513_e-05,19,19,4400,88,29456624.453440,4875.127109,0.387755,0.612245,11890 12000 12115 12232 12233 12234 12235 12236 12238 12240 12362 12476 12477 12597 12599
moead,513_e-05,19,20,4400,88,29456624.453440,4875.127109,0.408163,0.591837,11890 12000 12115 12232 12233 12234 12235 12236 12238 12240 12362 12476 12477 12597 12599
moead,513_e-05,19,21,4400,88,29456624.453440,4875.127109,0.428571,0.571429,11890 12000 12115 12232 12233 12234 12235 12236 12238 12240 12362 12476 12477 12597 12599
moead,513_e-05,19,22,4400,88,29456624.453440,4875.127109,0.448980,0.551020,11890 12000 12115 12232 12233 12234 12235 12236 12238 12240 12362 12476 12477 12597 12599
moead,513_e-05,19,23,4400,88,29456624.453440,4875.127109,0.469388,0.530612,11890 12000 12115 12232 12233 12234 12235 12236 12238 12240 12362 12476 12477 12597 12599
moead,513_e-05,19,24,4400,88,29456624.453440,4875.127109,0.489796,0.510204,11890 12000 12115 12232 12233 12234 12235 12236 12238 12240 12362 12476 12477 12597 12599
moead,513_e-05,19,25,4400,88,29455884.267296,4874.926477,0.510204,0.489796,11890 12000 12115 12232 12233 12234 12235 12236 12238 12240 12360 12361 12475 12477 12599
moead,513_e-05,19,26,4400,88,29455884.267296,4874.926477,0.530612,0.469388,11890 12000 12115 12232 12233 12234 12235 12236 12238 12240 12360 12361 12475 12477 12599
moead,513_e-05,19,27,4400,88,29455884.267296,4874.926477,0.551020,0.448980,11890 12000 12115 12232 12233 12234 12235 12236 12238 12240 12360 12361 12475 12477 12599
moead,513_e-05,19,28,4400,88,29455884.267296,4874.926477,0.571429,0.428571,11890 12000 12115 12232 12233 12234 12235 12236 12238 12240 12360 12361 12475 12477 12599
moead,513_e-05,19,29,4400,88,29455884.267296,4874.926477,0.591837,0.408163,11890 12000 12115 12232 12233 12234 12235 12236 12238 12240 12360 12361 12475 12477 12599
moead,513_e-05,19,30,4400,88,29455884.267296,4874.926477,0.612245,0.387755,11890 12000 12115 12232 12233 12234 12235 12236 12238 12240 12360 12361 12475 12477 12599
moead,513_e-05,19,31,4400,88,29455884.267296,4874.926477,0.632653,0.367347,11890 12000 12115 12232 12233 12234 12235 12236 12238 12240 12360 12361 12475 12477 12599
moead,513_e-05,19,32,4400,88,29455884.267296,4874.926477,0.653061,0.346939,11890 12000 12115 12232 12233 12234 12235 12236 12238 12240 12360 12361 12475 12477 12599
moead,513_e-05,19,33,4400,88,29455884.267296,4874.926477,0.673469,0.326531,11890 12000 12115 12232 12233 12234 12235 12236 12238 12240 12360 12361 12475 12477 12599
moead,513_e-05,19,34,4400,88,29455436.346867,4872.631759,0.693878,0.306122,11998 12000 12115 12233 12234 12236 12238 12239 12240 12358 12360 12361 12475 12477 12599
moead,513_e-05,19,35,4400,88,29455436.346867,4872.631759,0.714286,0.285714,11998 12000 12115 12233 12234 12236 12238 12239 12240 12358 12360 12361 12475 12477 12599
moead,513_e-05,19,36,4400,88,29455436.346867,4872.631759,0.734694,0.265306,11998 12000 12115 12233 12234 12236 12238 12239 12240 12358 12360 12361 12475 12477 12599
moead,513_e-05,19,37,4400,88,29455436.346867,4872.631759,0.755102,0.244898,11998 12000 12115 12233 12234 12236 12238 12239 12240 12358 12360 12361 12475 12477 12599
moead,513_e-05,19,38,4400,88,29455436.346867,4872.631759,0.775510,0.224490,11998 12000 12115 12233 12234 12236 12238 12239 12240 12358 12360 12361 12475 12477 12599
moead,513_e-05,19,39,4400,88,29455436.346867,4872.631759,0.795918,0.204082,11998 12000 12115 12233 12234 12236 12238 12239 12240 12358 12360 12361 12475 12477 12599
moead,513_e-05,19,40,4400,88,29455436.346867,4872.631759,0.816327,0.183673,11998 12000 12115 12233 12234 12236 12238 12239 12240 12358 12360 12361 12475 12477 12599
moead,513_e-05,19,41,4400,88,29455436.346867,4872.631759,0.836735,0.163265,11998 12000 12115 12233 12234 12236 12238 12239 12240 12358 12360 12361 12475 12477 12599
moead,513_e-05,19,42,4400,88,29455160.077443,4871.950663,0.857143,0.142857,11998 12115 12232 12233 12234 12235 12236 12238 12239 12240 12360 12361 12475 12477 12599
moead,513_e-05,19,43,4400,88,29455160.077443,4871.950663,0.877551,0.122449,11998 12115 12232 12233 12234 12235 12236 12238 12239 12240 12360 12361 12475 12477 12599
moead,513_e-05,19,44,4400,88,29455160.077443,4871.950663,0.897959,0.102041,11998 12115 12232 12233 12234 12235 12236 12238 12239 12240 12360 12361 12475 12477 12599
moead,513_e-05,19,45,4400,88,29455160.077443,4871.950663,0.918367,0.081633,11998 12115 12232 12233 12234 12235 12236 12238 12239 12240 12360 12361 12475 12477 12599
moead,513_e-05,19,46,4400,88,29455160.077443,4871.950663,0.938776,0.061224,11998 12115 12232 12233 12234 12235 12236 12238 12239 12240 12360 12361 12475 12477 12599
moead,513_e-05,19,47,4400,88,29455160.077443,4871.950663,0.959184,0.040816,11998 12115 12232 12233 12234 12235 12236 12238 12239 12240 12360 12361 12475 12477 12599
moead,513_e-05,19,48,4400,88,29455160.077443,4871.950663,0.979592,0.020408,11998 12115 12232 12233 12234 12235 12236 12238 12239 12240 12360 12361 12475 12477 12599
moead,513_e-05,19,49,4400,88,29455160.077443,4871.950663,1.000000,0.000000,11998 12115 12232 12233 12234 12235 12236 12238 12239 12240 12360 12361 12475 12477 12599
moead,513_e-05,19,0,4450,89,36691070.033552,6394.922775,0.000000,1.000000,12599 28233 29528 36314 38139 44007 46110 49822 52183 71291 77342 89004 90227 90306 109651
moead,513_e-05,19,1,4450,89,29505393.092436,5213.827436,0.020408,0.979592,11165 11760 11882 12118 12133 12232 12239 12240 12360 12361 12465 12476 12479 12597 12599
moead,513_e-05,19,2,4450,89,29485387.974694,5200.986462,0.040816,0.959184,11760 11882 12118 12133 12232 12238 12239 12240 12360 12361 12475 12476 12479 12597 12599
moead,513_e-05,19,3,4450,89,29473793.577144,5101.337982,0.061224,0.938776,11580 11882 12118 12133 12232 12238 12239 12240 12360 12361 12475 12476 12479 12597 12599
moead,513_e-05,19,4,4450,89,29470651.538419,4997.015039,0.081633,0.918367,11882 12007 12118 12133 12232 12238 12239 12240 12360 12361 12475 12476 12479 12597 12599
moead,513_e-05,19,5,4450,89,29466115.117559,4992.532490,0.102041,0.897959,11580 11882 12007 12118 12232 12238 12239 12240 12354 12360 12361 12362 12477 12597 12599
moead,513_e-05,19,6,4450,89,29464579.788897,4987.349743,0.122449,0.877551,11882 12118 12232 12238 12239 12360 12361 12362 12475 12476 12477 12481 12597 12599 12730
moead,513_e-05,19,7,4450,89,29462714.929047,4983.467140,0.142857,0.857143,11882 12007 12118 12232 12238 12239 12350 12360 12361 12362 12475 12476 12477 12597 12599
moead,513_e-05,19,8,4450,89,29461410.430652,4982.720826,0.163265,0.836735,11882 12007 12118 12232 12238 12239 12240 12354 12360 12361 12362 12476 12477 12597 12599
moead,513_e-05,19,9,4450,89,29461410.430652,4982.720826,0.183673,0.816327,11882 12007 12118 12232 12238 12239 12240 12354 12360 12361 12362 12476 12477 12597 12599
moead,513_e-05,19,10,4450,89,29459494.680260,4884.601386,0.204082,0.795918,11882 12118 12232 12233 12238 12239 12240 12354 12360 12361 12362 12476 12477 12597 12599
moead,513_e-05,19,11,4450,89,29459494.680260,4884.601386,0.224490,0.775510,11882 12118 12232 12233 12238 12239 12240 12354 12360 12361 12362 12476 12477 12597 12599
moead,513_e-05,19,12,4450,89,29459494.680260,4884.601386,0.244898,0.755102,11882 12118 12232 12233 12238 12239 12240 12354 12360 12361 12362 12476 12477 12597 12599
moead,513_e-05,19,13,4450,89,29456438.571363,4875.445443,0.265306,0.734694,11890 12115 12232 12233 12234 12235 12236 12238 12239 12240 12241 12362 12476 12477 12597
moead,513_e-05,19,14,4450,89,29456438.571363,4875.445443,0.285714,0.714286,11890 12115 12232 12233 12234 12235 12236 12238 12239 12240 12241 12362 12476 12477 12597
moead,513_e-05,19,15,4450,89,29456438.571363,4875.445443,0.306122,0.693878,11890 12115 12232 12233 12234 12235 12236 12238 12239 12240 12241 12362 12476 12477 12597
moead,513_e-05,19,16,4450,89,29456438.571363,4875.445443,0.326531,0.673469,11890 12115 12232 12233 12234 12235 12236 12238 12239 12240 12241 12362 12476 12477 12597
moead,513_e-05,19,17,4450,89,29456438.571363,4875.445443,0.346939,0.653061,11890 12115 12232 12233 12234 12235 12236 12238 12239 12240 12241 12362 12476 12477 12597
moead,513_e-05,19,18,4450,89,29456438.571363,4875.445443,0.367347,0.632653,11890 12115 12232 12233 12234 12235 12236 12238 12239 12240 12241 12362 12476 12477 12597
moead,513_e-05,19,19,4450,89,29456438.571363,4875.445443,0.387755,0.612245,11890 12115 12232 12233 12234 12235 12236 12238 12239 12240 12241 12362 12476 12477 12597
moead,513_e-05,19,20,4450,89,29456438.571363,4875.445443,0.408163,0.591837,11890 12115 12232 12233 12234 12235 12236 12238 12239 12240 12241 12362 12476 12477 12597
moead,513_e-05,19,21,4450,89,29456438.571363,4875.445443,0.428571,0.571429,11890 12115 12232 12233 12234 12235 12236 12238 12239 12240 12241 12362 12476 12477 12597
moead,513_e-05,19,22,4450,89,29456438.571363,4875.445443,0.448980,0.551020,11890 12115 12232 12233 12234 12235 12236 12238 12239 12240 12241 12362 12476 12477 12597
moead,513_e-05,19,23,4450,89,29456438.571363,4875.445443,0.469388,0.530612,11890 12115 12232 12233 12234 12235 12236 12238 12239 12240 12241 12362 12476 12477 12597
moead,513_e-05,19,24,4450,89,29456438.571363,4875.445443,0.489796,0.510204,11890 12115 12232 12233 12234 12235 12236 12238 12239 12240 12241 12362 12476 12477 12597
moead,513_e-05,19,25,4450,89,29456438.571363,4875.445443,0.510204,0.489796,11890 12115 12232 12233 12234 12235 12236 12238 12239 12240 12241 12362 12476 12477 12597
moead,513_e-05,19,26,4450,89,29456438.571363,4875.445443,0.530612,0.469388,11890 12115 12232 12233 12234 12235 12236 12238 12239 12240 12241 12362 12476 12477 12597
moead,513_e-05,19,27,4450,89,29455884.267296,4874.926477,0.551020,0.448980,11890 12000 12115 12232 12233 12234 12235 12236 12238 12240 12360 12361 12475 12477 12599
moead,513_e-05,19,28,4450,89,29455884.267296,4874.926477,0.571429,0.428571,11890 12000 12115 12232 12233 12234 12235 12236 12238 12240 12360 12361 12475 12477 12599
moead,513_e-05,19,29,4450,89,29455884.267296,4874.926477,0.591837,0.408163,11890 12000 12115 12232 12233 12234 12235 12236 12238 12240 12360 12361 12475 12477 12599
moead,513_e-05,19,30,4450,89,29455884.267296,4874.926477,0.612245,0.387755,11890 12000 12115 12232 12233 12234 12235 12236 12238 12240 12360 12361 12475 12477 12599
moead,513_e-05,19,31,4450,89,29455884.267296,4874.926477,0.632653,0.367347,11890 12000 12115 12232 12233 12234 12235 12236 12238 12240 12360 12361 12475 12477 12599
moead,513_e-05,19,32,4450,89,29455884.267296,4874.926477,0.653061,0.346939,11890 12000 12115 12232 12233 12234 12235 12236 12238 12240 12360 12361 12475 12477 12599
moead,513_e-05,19,33,4450,89,29455884.267296,4874.926477,0.673469,0.326531,11890 12000 12115 12232 12233 12234 12235 12236 12238 12240 12360 12361 12475 12477 12599
moead,513_e-05,19,34,4450,89,29455436.346867,4872.631759,0.693878,0.306122,11998 12000 12115 12233 12234 12236 12238 12239 12240 12358 12360 12361 12475 12477 12599
moead,513_e-05,19,35,4450,89,29455436.346867,4872.631759,0.714286,0.285714,11998 12000 12115 12233 12234 12236 12238 12239 12240 12358 12360 12361 12475 12477 12599
moead,513_e-05,19,36,4450,89,29455436.346867,4872.631759,0.734694,0.265306,11998 12000 12115 12233 12234 12236 12238 12239 12240 12358 12360 12361 12475 12477 12599
moead,513_e-05,19,37,4450,89,29455436.346867,4872.631759,0.755102,0.244898,11998 12000 12115 12233 12234 12236 12238 12239 12240 12358 12360 12361 12475 12477 12599
moead,513_e-05,19,38,4450,89,29455436.346867,4872.631759,0.775510,0.224490,11998 12000 12115 12233 12234 12236 12238 12239 12240 12358 12360 12361 12475 12477 12599
moead,513_e-05,19,39,4450,89,29455436.346867,4872.631759,0.795918,0.204082,11998 12000 12115 12233 12234 12236 12238 12239 12240 12358 12360 12361 12475 12477 12599
moead,513_e-05,19,40,4450,89,29455436.346867,4872.631759,0.816327,0.183673,11998 12000 12115 12233 12234 12236 12238 12239 12240 12358 12360 12361 12475 12477 12599
moead,513_e-05,19,41,4450,89,29455436.346867,4872.631759,0.836735,0.163265,11998 12000 12115 12233 12234 12236 12238 12239 12240 12358 12360 12361 12475 12477 12599
moead,513_e-05,19,42,4450,89,29455160.077443,4871.950663,0.857143,0.142857,11998 12115 12232 12233 12234 12235 12236 12238 12239 12240 12360 12361 12475 12477 12599
moead,513_e-05,19,43,4450,89,29455160.077443,4871.950663,0.877551,0.122449,11998 12115 12232 12233 12234 12235 12236 12238 12239 12240 12360 12361 12475 12477 12599
moead,513_e-05,19,44,4450,89,29455160.077443,4871.950663,0.897959,0.102041,11998 12115 12232 12233 12234 12235 12236 12238 12239 12240 12360 12361 12475 12477 12599
moead,513_e-05,19,45,4450,89,29455160.077443,4871.950663,0.918367,0.081633,11998 12115 12232 12233 12234 12235 12236 12238 12239 12240 12360 12361 12475 12477 12599
moead,513_e-05,19,46,4450,89,29455160.077443,4871.950663,0.938776,0.061224,11998 12115 12232 12233 12234 12235 12236 12238 12239 12240 12360 12361 12475 12477 12599
moead,513_e-05,19,47,4450,89,29455160.077443,4871.950663,0.959184,0.040816,11998 12115 12232 12233 12234 12235 12236 12238 12239 12240 12360 12361 12475 12477 12599
moead,513_e-05,19,48,4450,89,29455160.077443,4871.950663,0.979592,0.020408,11998 12115 12232 12233 12234 12235 12236 12238 12239 12240 12360 12361 12475 12477 12599
moead,513_e-05,19,49,4450,89,29455160.077443,4871.950663,1.000000,0.000000,11998 12115 12232 12233 12234 12235 12236 12238 12239 12240 12360 12361 12475 12477 12599
moead,513_e-05,19,0,4500,90,37080957.920431,6394.922775,0.000000,1.000000,12599 23546 44007 49822 64699 71291 77099 77342 89004 90306 90516 105801 109651 132701 163608
moead,513_e-05,19,1,4500,90,29505393.092436,5213.827436,0.020408,0.979592,11165 11760 11882 12118 12133 12232 12239 12240 12360 12361 12465 12476 12479 12597 12599
moead,513_e-05,19,2,4500,90,29485387.974694,5200.986462,0.040816,0.959184,11760 11882 12118 12133 12232 12238 12239 12240 12360 12361 12475 12476 12479 12597 12599
moead,513_e-05,19,3,4500,90,29473793.577144,5101.337982,0.061224,0.938776,11580 11882 12118 12133 12232 12238 12239 12240 12360 12361 12475 12476 12479 12597 12599
moead,513_e-05,19,4,4500,90,29470651.538419,4997.015039,0.081633,0.918367,11882 12007 12118 12133 12232 12238 12239 12240 12360 12361 12475 12476 12479 12597 12599
moead,513_e-05,19,5,4500,90,29466115.117559,4992.532490,0.102041,0.897959,11580 11882 12007 12118 12232 12238 12239 12240 12354 12360 12361 12362 12477 12597 12599
moead,513_e-05,19,6,4500,90,29464579.788897,4987.349743,0.122449,0.877551,11882 12118 12232 12238 12239 12360 12361 12362 12475 12476 12477 12481 12597 12599 12730
moead,513_e-05,19,7,4500,90,29462714.929047,4983.467140,0.142857,0.857143,11882 12007 12118 12232 12238 12239 12350 12360 12361 12362 12475 12476 12477 12597 12599
moead,513_e-05,19,8,4500,90,29461410.430652,4982.720826,0.163265,0.836735,11882 12007 12118 12232 12238 12239 12240 12354 12360 12361 12362 12476 12477 12597 12599
moead,513_e-05,19,9,4500,90,29461410.430652,4982.720826,0.183673,0.816327,11882 12007 12118 12232 12238 12239 12240 12354 12360 12361 12362 12476 12477 12597 12599
moead,513_e-05,19,10,4500,90,29459494.680260,4884.601386,0.204082,0.795918,11882 12118 12232 12233 12238 12239 12240 12354 12360 12361 12362 12476 12477 12597 12599
moead,513_e-05,19,11,4500,90,29459494.680260,4884.601386,0.224490,0.775510,11882 12118 12232 12233 12238 12239 12240 12354 12360 12361 12362 12476 12477 12597 12599
moead,513_e-05,19,12,4500,90,29459494.680260,4884.601386,0.244898,0.755102,11882 12118 12232 12233 12238 12239 12240 12354 12360 12361 12362 12476 12477 12597 12599
moead,513_e-05,19,13,4500,90,29456438.571363,4875.445443,0.265306,0.734694,11890 12115 12232 12233 12234 12235 12236 12238 12239 12240 12241 12362 12476 12477 12597
moead,513_e-05,19,14,4500,90,29456438.571363,4875.445443,0.285714,0.714286,11890 12115 12232 12233 12234 12235 12236 12238 12239 12240 12241 12362 12476 12477 12597
moead,513_e-05,19,15,4500,90,29456438.571363,4875.445443,0.306122,0.693878,11890 12115 12232 12233 12234 12235 12236 12238 12239 12240 12241 12362 12476 12477 12597
moead,513_e-05,19,16,4500,90,29456438.571363,4875.445443,0.326531,0.673469,11890 12115 12232 12233 12234 12235 12236 12238 12239 12240 12241 12362 12476 12477 12597
moead,513_e-05,19,17,4500,90,29456438.571363,4875.445443,0.346939,0.653061,11890 12115 12232 12233 12234 12235 12236 12238 12239 12240 12241 12362 12476 12477 12597
moead,513_e-05,19,18,4500,90,29456438.571363,4875.445443,0.367347,0.632653,11890 12115 12232 12233 12234 12235 12236 12238 12239 12240 12241 12362 12476 12477 12597
moead,513_e-05,19,19,4500,90,29456438.571363,4875.445443,0.387755,0.612245,11890 12115 12232 12233 12234 12235 12236 12238 12239 12240 12241 12362 12476 12477 12597
moead,513_e-05,19,20,4500,90,29456438.571363,4875.445443,0.408163,0.591837,11890 12115 12232 12233 12234 12235 12236 12238 12239 12240 12241 12362 12476 12477 12597
moead,513_e-05,19,21,4500,90,29456438.571363,4875.445443,0.428571,0.571429,11890 12115 12232 12233 12234 12235 12236 12238 12239 12240 12241 12362 12476 12477 12597
moead,513_e-05,19,22,4500,90,29456438.571363,4875.445443,0.448980,0.551020,11890 12115 12232 12233 12234 12235 12236 12238 12239 12240 12241 12362 12476 12477 12597
moead,513_e-05,19,23,4500,90,29456438.571363,4875.445443,0.469388,0.530612,11890 12115 12232 12233 12234 12235 12236 12238 12239 12240 12241 12362 12476 12477 12597
moead,513_e-05,19,24,4500,90,29456438.571363,4875.445443,0.489796,0.510204,11890 12115 12232 12233 12234 12235 12236 12238 12239 12240 12241 12362 12476 12477 12597
moead,513_e-05,19,25,4500,90,29456438.571363,4875.445443,0.510204,0.489796,11890 12115 12232 12233 12234 12235 12236 12238 12239 12240 12241 12362 12476 12477 12597
moead,513_e-05,19,26,4500,90,29456438.571363,4875.445443,0.530612,0.469388,11890 12115 12232 12233 12234 12235 12236 12238 12239 12240 12241 12362 12476 12477 12597
moead,513_e-05,19,27,4500,90,29456248.313679,4875.442289,0.551020,0.448980,11890 12115 12232 12233 12234 12235 12236 12238 12239 12240 12241 12361 12475 12477 12599
moead,513_e-05,19,28,4500,90,29456248.313679,4875.442289,0.571429,0.428571,11890 12115 12232 12233 12234 12235 12236 12238 12239 12240 12241 12361 12475 12477 12599
moead,513_e-05,19,29,4500,90,29455884.267296,4874.926477,0.591837,0.408163,11890 12000 12115 12232 12233 12234 12235 12236 12238 12240 12360 12361 12475 12477 12599
moead,513_e-05,19,30,4500,90,29455884.267296,4874.926477,0.612245,0.387755,11890 12000 12115 12232 12233 12234 12235 12236 12238 12240 12360 12361 12475 12477 12599
moead,513_e-05,19,31,4500,90,29455884.267296,4874.926477,0.632653,0.367347,11890 12000 12115 12232 12233 12234 12235 12236 12238 12240 12360 12361 12475 12477 12599
moead,513_e-05,19,32,4500,90,29455884.267296,4874.926477,0.653061,0.346939,11890 12000 12115 12232 12233 12234 12235 12236 12238 12240 12360 12361 12475 12477 12599
moead,513_e-05,19,33,4500,90,29455884.267296,4874.926477,0.673469,0.326531,11890 12000 12115 12232 12233 12234 12235 12236 12238 12240 12360 12361 12475 12477 12599
moead,513_e-05,19,34,4500,90,29455436.346867,4872.631759,0.693878,0.306122,11998 12000 12115 12233 12234 12236 12238 12239 12240 12358 12360 12361 12475 12477 12599
moead,513_e-05,19,35,4500,90,29455436.346867,4872.631759,0.714286,0.285714,11998 12000 12115 12233 12234 12236 12238 12239 12240 12358 12360 12361 12475 12477 12599
moead,513_e-05,19,36,4500,90,29455436.346867,4872.631759,0.734694,0.265306,11998 12000 12115 12233 12234 12236 12238 12239 12240 12358 12360 12361 12475 12477 12599
moead,513_e-05,19,37,4500,90,29455436.346867,4872.631759,0.755102,0.244898,11998 12000 12115 12233 12234 12236 12238 12239 12240 12358 12360 12361 12475 12477 12599
moead,513_e-05,19,38,4500,90,29455436.346867,4872.631759,0.775510,0.224490,11998 12000 12115 12233 12234 12236 12238 12239 12240 12358 12360 12361 12475 12477 12599
moead,513_e-05,19,39,4500,90,29455436.346867,4872.631759,0.795918,0.204082,11998 12000 12115 12233 12234 12236 12238 12239 12240 12358 12360 12361 12475 12477 12599
moead,513_e-05,19,40,4500,90,29455436.346867,4872.631759,0.816327,0.183673,11998 12000 12115 12233 12234 12236 12238 12239 12240 12358 12360 12361 12475 12477 12599
moead,513_e-05,19,41,4500,90,29455436.346867,4872.631759,0.836735,0.163265,11998 12000 12115 12233 12234 12236 12238 12239 12240 12358 12360 12361 12475 12477 12599
moead,513_e-05,19,42,4500,90,29455160.077443,4871.950663,0.857143,0.142857,11998 12115 12232 12233 12234 12235 12236 12238 12239 12240 12360 12361 12475 12477 12599
moead,513_e-05,19,43,4500,90,29455160.077443,4871.950663,0.877551,0.122449,11998 12115 12232 12233 12234 12235 12236 12238 12239 12240 12360 12361 12475 12477 12599
moead,513_e-05,19,44,4500,90,29455160.077443,4871.950663,0.897959,0.102041,11998 12115 12232 12233 12234 12235 12236 12238 12239 12240 12360 12361 12475 12477 12599
moead,513_e-05,19,45,4500,90,29455160.077443,4871.950663,0.918367,0.081633,11998 12115 12232 12233 12234 12235 12236 12238 12239 12240 12360 12361 12475 12477 12599
moead,513_e-05,19,46,4500,90,29455160.077443,4871.950663,0.938776,0.061224,11998 12115 12232 12233 12234 12235 12236 12238 12239 12240 12360 12361 12475 12477 12599
moead,513_e-05,19,47,4500,90,29455160.077443,4871.950663,0.959184,0.040816,11998 12115 12232 12233 12234 12235 12236 12238 12239 12240 12360 12361 12475 12477 12599
moead,513_e-05,19,48,4500,90,29455160.077443,4871.950663,0.979592,0.020408,11998 12115 12232 12233 12234 12235 12236 12238 12239 12240 12360 12361 12475 12477 12599
moead,513_e-05,19,49,4500,90,29455160.077443,4871.950663,1.000000,0.000000,11998 12115 12232 12233 12234 12235 12236 12238 12239 12240 12360 12361 12475 12477 12599
moead,513_e-05,19,0,4550,91,36892624.935097,6394.922775,0.000000,1.000000,23546 38125 44007 71291 77342 89004 90306 90516 105096 132701 132932 137879 159790 163608 173734
moead,513_e-05,19,1,4550,91,29505393.092436,5213.827436,0.020408,0.979592,11165 11760 11882 12118 12133 12232 12239 12240 12360 12361 12465 12476 12479 12597 12599
moead,513_e-05,19,2,4550,91,29485387.974694,5200.986462,0.040816,0.959184,11760 11882 12118 12133 12232 12238 12239 12240 12360 12361 12475 12476 12479 12597 12599
moead,513_e-05,19,3,4550,91,29473793.577144,5101.337982,0.061224,0.938776,11580 11882 12118 12133 12232 12238 12239 12240 12360 12361 12475 12476 12479 12597 12599
moead,513_e-05,19,4,4550,91,29470651.538419,4997.015039,0.081633,0.918367,11882 12007 12118 12133 12232 12238 12239 12240 12360 12361 12475 12476 12479 12597 12599
moead,513_e-05,19,5,4550,91,29466115.117559,4992.532490,0.102041,0.897959,11580 11882 12007 12118 12232 12238 12239 12240 12354 12360 12361 12362 12477 12597 12599
moead,513_e-05,19,6,4550,91,29464579.788897,4987.349743,0.122449,0.877551,11882 12118 12232 12238 12239 12360 12361 12362 12475 12476 12477 12481 12597 12599 12730
moead,513_e-05,19,7,4550,91,29462714.929047,4983.467140,0.142857,0.857143,11882 12007 12118 12232 12238 12239 12350 12360 12361 12362 12475 12476 12477 12597 12599
moead,513_e-05,19,8,4550,91,29461410.430652,4982.720826,0.163265,0.836735,11882 12007 12118 12232 12238 12239 12240 12354 12360 12361 12362 12476 12477 12597 12599
moead,513_e-05,19,9,4550,91,29461410.430652,4982.720826,0.183673,0.816327,11882 12007 12118 12232 12238 12239 12240 12354 12360 12361 12362 12476 12477 12597 12599
moead,513_e-05,19,10,4550,91,29460718.145925,4885.022978,0.204082,0.795918,11882 11895 12118 12232 12233 12238 12239 12240 12354 12360 12361 12476 12477 12597 12599
moead,513_e-05,19,11,4550,91,29459494.680260,4884.601386,0.224490,0.775510,11882 12118 12232 12233 12238 12239 12240 12354 12360 12361 12362 12476 12477 12597 12599
moead,513_e-05,19,12,4550,91,29459494.680260,4884.601386,0.244898,0.755102,11882 12118 12232 12233 12238 12239 12240 12354 12360 12361 12362 12476 12477 12597 12599
moead,513_e-05,19,13,4550,91,29456438.571363,4875.445443,0.265306,0.734694,11890 12115 12232 12233 12234 12235 12236 12238 12239 12240 12241 12362 12476 12477 12597
moead,513_e-05,19,14,4550,91,29456438.571363,4875.445443,0.285714,0.714286,11890 12115 12232 12233 12234 12235 12236 12238 12239 12240 12241 12362 12476 12477 12597
moead,513_e-05,19,15,4550,91,29456438.571363,4875.445443,0.306122,0.693878,11890 12115 12232 12233 12234 12235 12236 12238 12239 12240 12241 12362 12476 12477 12597
moead,513_e-05,19,16,4550,91,29456438.571363,4875.445443,0.326531,0.673469,11890 12115 12232 12233 12234 12235 12236 12238 12239 12240 12241 12362 12476 12477 12597
moead,513_e-05,19,17,4550,91,29456438.571363,4875.445443,0.346939,0.653061,11890 12115 12232 12233 12234 12235 12236 12238 12239 12240 12241 12362 12476 12477 12597
moead,513_e-05,19,18,4550,91,29456438.571363,4875.445443,0.367347,0.632653,11890 12115 12232 12233 12234 12235 12236 12238 12239 12240 12241 12362 12476 12477 12597
moead,513_e-05,19,19,4550,91,29456438.571363,4875.445443,0.387755,0.612245,11890 12115 12232 12233 12234 12235 12236 12238 12239 12240 12241 12362 12476 12477 12597
moead,513_e-05,19,20,4550,91,29456438.571363,4875.445443,0.408163,0.591837,11890 12115 12232 12233 12234 12235 12236 12238 12239 12240 12241 12362 12476 12477 12597
moead,513_e-05,19,21,4550,91,29456438.571363,4875.445443,0.428571,0.571429,11890 12115 12232 12233 12234 12235 12236 12238 12239 12240 12241 12362 12476 12477 12597
moead,513_e-05,19,22,4550,91,29456438.571363,4875.445443,0.448980,0.551020,11890 12115 12232 12233 12234 12235 12236 12238 12239 12240 12241 12362 12476 12477 12597
moead,513_e-05,19,23,4550,91,29456438.571363,4875.445443,0.469388,0.530612,11890 12115 12232 12233 12234 12235 12236 12238 12239 12240 12241 12362 12476 12477 12597
moead,513_e-05,19,24,4550,91,29456438.571363,4875.445443,0.489796,0.510204,11890 12115 12232 12233 12234 12235 12236 12238 12239 12240 12241 12362 12476 12477 12597
moead,513_e-05,19,25,4550,91,29456438.571363,4875.445443,0.510204,0.489796,11890 12115 12232 12233 12234 12235 12236 12238 12239 12240 12241 12362 12476 12477 12597
moead,513_e-05,19,26,4550,91,29456438.571363,4875.445443,0.530612,0.469388,11890 12115 12232 12233 12234 12235 12236 12238 12239 12240 12241 12362 12476 12477 12597
moead,513_e-05,19,27,4550,91,29456248.313679,4875.442289,0.551020,0.448980,11890 12115 12232 12233 12234 12235 12236 12238 12239 12240 12241 12361 12475 12477 12599
moead,513_e-05,19,28,4550,91,29456248.313679,4875.442289,0.571429,0.428571,11890 12115 12232 12233 12234 12235 12236 12238 12239 12240 12241 12361 12475 12477 12599
moead,513_e-05,19,29,4550,91,29455884.267296,4874.926477,0.591837,0.408163,11890 12000 12115 12232 12233 12234 12235 12236 12238 12240 12360 12361 12475 12477 12599
moead,513_e-05,19,30,4550,91,29455884.267296,4874.926477,0.612245,0.387755,11890 12000 12115 12232 12233 12234 12235 12236 12238 12240 12360 12361 12475 12477 12599
moead,513_e-05,19,31,4550,91,29455884.267296,4874.926477,0.632653,0.367347,11890 12000 12115 12232 12233 12234 12235 12236 12238 12240 12360 12361 12475 12477 12599
moead,513_e-05,19,32,4550,91,29455884.267296,4874.926477,0.653061,0.346939,11890 12000 12115 12232 12233 12234 12235 12236 12238 12240 12360 12361 12475 12477 12599
moead,513_e-05,19,33,4550,91,29455884.267296,4874.926477,0.673469,0.326531,11890 12000 12115 12232 12233 12234 12235 12236 12238 12240 12360 12361 12475 12477 12599
moead,513_e-05,19,34,4550,91,29455436.346867,4872.631759,0.693878,0.306122,11998 12000 12115 12233 12234 12236 12238 12239 12240 12358 12360 12361 12475 12477 12599
moead,513_e-05,19,35,4550,91,29455436.346867,4872.631759,0.714286,0.285714,11998 12000 12115 12233 12234 12236 12238 12239 12240 12358 12360 12361 12475 12477 12599
moead,513_e-05,19,36,4550,91,29455436.346867,4872.631759,0.734694,0.265306,11998 12000 12115 12233 12234 12236 12238 12239 12240 12358 12360 12361 12475 12477 12599
moead,513_e-05,19,37,4550,91,29455436.346867,4872.631759,0.755102,0.244898,11998 12000 12115 12233 12234 12236 12238 12239 12240 12358 12360 12361 12475 12477 12599
moead,513_e-05,19,38,4550,91,29455436.346867,4872.631759,0.775510,0.224490,11998 12000 12115 12233 12234 12236 12238 12239 12240 12358 12360 12361 12475 12477 12599
moead,513_e-05,19,39,4550,91,29455436.346867,4872.631759,0.795918,0.204082,11998 12000 12115 12233 12234 12236 12238 12239 12240 12358 12360 12361 12475 12477 12599
moead,513_e-05,19,40,4550,91,29455436.346867,4872.631759,0.816327,0.183673,11998 12000 12115 12233 12234 12236 12238 12239 12240 12358 12360 12361 12475 12477 12599
moead,513_e-05,19,41,4550,91,29455436.346867,4872.631759,0.836735,0.163265,11998 12000 12115 12233 12234 12236 12238 12239 12240 12358 12360 12361 12475 12477 12599
moead,513_e-05,19,42,4550,91,29455160.077443,4871.950663,0.857143,0.142857,11998 12115 12232 12233 12234 12235 12236 12238 12239 12240 12360 12361 12475 12477 12599
moead,513_e-05,19,43,4550,91,29455160.077443,4871.950663,0.877551,0.122449,11998 12115 12232 12233 12234 12235 12236 12238 12239 12240 12360 12361 12475 12477 12599
moead,513_e-05,19,44,4550,91,29455160.077443,4871.950663,0.897959,0.102041,11998 12115 12232 12233 12234 12235 12236 12238 12239 12240 12360 12361 12475 12477 12599
moead,513_e-05,19,45,4550,91,29455160.077443,4871.950663,0.918367,0.081633,11998 12115 12232 12233 12234 12235 12236 12238 12239 12240 12360 12361 12475 12477 12599
moead,513_e-05,19,46,4550,91,29455160.077443,4871.950663,0.938776,0.061224,11998 12115 12232 12233 12234 12235 12236 12238 12239 12240 12360 12361 12475 12477 12599
moead,513_e-05,19,47,4550,91,29455160.077443,4871.950663,0.959184,0.040816,11998 12115 12232 12233 12234 12235 12236 12238 12239 12240 12360 12361 12475 12477 12599
moead,513_e-05,19,48,4550,91,29455160.077443,4871.950663,0.979592,0.020408,11998 12115 12232 12233 12234 12235 12236 12238 12239 12240 12360 12361 12475 12477 12599
moead,513_e-05,19,49,4550,91,29455160.077443,4871.950663,1.000000,0.000000,11998 12115 12232 12233 12234 12235 12236 12238 12239 12240 12360 12361 12475 12477 12599
moead,513_e-05,19,0,4600,92,37816651.003735,6394.922775,0.000000,1.000000,38125 52401 71291 77342 90306 105096 131539 132701 137879 144127 150181 152379 159790 163608 173734
moead,513_e-05,19,1,4600,92,29505393.092436,5213.827436,0.020408,0.979592,11165 11760 11882 12118 12133 12232 12239 12240 12360 12361 12465 12476 12479 12597 12599
moead,513_e-05,19,2,4600,92,29485387.974694,5200.986462,0.040816,0.959184,11760 11882 12118 12133 12232 12238 12239 12240 12360 12361 12475 12476 12479 12597 12599
moead,513_e-05,19,3,4600,92,29473793.577144,5101.337982,0.061224,0.938776,11580 11882 12118 12133 12232 12238 12239 12240 12360 12361 12475 12476 12479 12597 12599
moead,513_e-05,19,4,4600,92,29470651.538419,4997.015039,0.081633,0.918367,11882 12007 12118 12133 12232 12238 12239 12240 12360 12361 12475 12476 12479 12597 12599
moead,513_e-05,19,5,4600,92,29466115.117559,4992.532490,0.102041,0.897959,11580 11882 12007 12118 12232 12238 12239 12240 12354 12360 12361 12362 12477 12597 12599
moead,513_e-05,19,6,4600,92,29464579.788897,4987.349743,0.122449,0.877551,11882 12118 12232 12238 12239 12360 12361 12362 12475 12476 12477 12481 12597 12599 12730
moead,513_e-05,19,7,4600,92,29462714.929047,4983.467140,0.142857,0.857143,11882 12007 12118 12232 12238 12239 12350 12360 12361 12362 12475 12476 12477 12597 12599
moead,513_e-05,19,8,4600,92,29461410.430652,4982.720826,0.163265,0.836735,11882 12007 12118 12232 12238 12239 12240 12354 12360 12361 12362 12476 12477 12597 12599
moead,513_e-05,19,9,4600,92,29461410.430652,4982.720826,0.183673,0.816327,11882 12007 12118 12232 12238 12239 12240 12354 12360 12361 12362 12476 12477 12597 12599
moead,513_e-05,19,10,4600,92,29460718.145925,4885.022978,0.204082,0.795918,11882 11895 12118 12232 12233 12238 12239 12240 12354 12360 12361 12476 12477 12597 12599
moead,513_e-05,19,11,4600,92,29459494.680260,4884.601386,0.224490,0.775510,11882 12118 12232 12233 12238 12239 12240 12354 12360 12361 12362 12476 12477 12597 12599
moead,513_e-05,19,12,4600,92,29459494.680260,4884.601386,0.244898,0.755102,11882 12118 12232 12233 12238 12239 12240 12354 12360 12361 12362 12476 12477 12597 12599
moead,513_e-05,19,13,4600,92,29458665.967001,4875.563692,0.265306,0.734694,11890 12115 12232 12233 12234 12235 12236 12238 12239 12241 12362 12476 12477 12597 12726
moead,513_e-05,19,14,4600,92,29458665.967001,4875.563692,0.285714,0.714286,11890 12115 12232 12233 12234 12235 12236 12238 12239 12241 12362 12476 12477 12597 12726
moead,513_e-05,19,15,4600,92,29456438.571363,4875.445443,0.306122,0.693878,11890 12115 12232 12233 12234 12235 12236 12238 12239 12240 12241 12362 12476 12477 12597
moead,513_e-05,19,16,4600,92,29456438.571363,4875.445443,0.326531,0.673469,11890 12115 12232 12233 12234 12235 12236 12238 12239 12240 12241 12362 12476 12477 12597
moead,513_e-05,19,17,4600,92,29456438.571363,4875.445443,0.346939,0.653061,11890 12115 12232 12233 12234 12235 12236 12238 12239 12240 12241 12362 12476 12477 12597
moead,513_e-05,19,18,4600,92,29456438.571363,4875.445443,0.367347,0.632653,11890 12115 12232 12233 12234 12235 12236 12238 12239 12240 12241 12362 12476 12477 12597
moead,513_e-05,19,19,4600,92,29456438.571363,4875.445443,0.387755,0.612245,11890 12115 12232 12233 12234 12235 12236 12238 12239 12240 12241 12362 12476 12477 12597
moead,513_e-05,19,20,4600,92,29456438.571363,4875.445443,0.408163,0.591837,11890 12115 12232 12233 12234 12235 12236 12238 12239 12240 12241 12362 12476 12477 12597
moead,513_e-05,19,21,4600,92,29456438.571363,4875.445443,0.428571,0.571429,11890 12115 12232 12233 12234 12235 12236 12238 12239 12240 12241 12362 12476 12477 12597
moead,513_e-05,19,22,4600,92,29456438.571363,4875.445443,0.448980,0.551020,11890 12115 12232 12233 12234 12235 12236 12238 12239 12240 12241 12362 12476 12477 12597
moead,513_e-05,19,23,4600,92,29456438.571363,4875.445443,0.469388,0.530612,11890 12115 12232 12233 12234 12235 12236 12238 12239 12240 12241 12362 12476 12477 12597
moead,513_e-05,19,24,4600,92,29456438.571363,4875.445443,0.489796,0.510204,11890 12115 12232 12233 12234 12235 12236 12238 12239 12240 12241 12362 12476 12477 12597
moead,513_e-05,19,25,4600,92,29456438.571363,4875.445443,0.510204,0.489796,11890 12115 12232 12233 12234 12235 12236 12238 12239 12240 12241 12362 12476 12477 12597
moead,513_e-05,19,26,4600,92,29456438.571363,4875.445443,0.530612,0.469388,11890 12115 12232 12233 12234 12235 12236 12238 12239 12240 12241 12362 12476 12477 12597
moead,513_e-05,19,27,4600,92,29456248.313679,4875.442289,0.551020,0.448980,11890 12115 12232 12233 12234 12235 12236 12238 12239 12240 12241 12361 12475 12477 12599
moead,513_e-05,19,28,4600,92,29456248.313679,4875.442289,0.571429,0.428571,11890 12115 12232 12233 12234 12235 12236 12238 12239 12240 12241 12361 12475 12477 12599
moead,513_e-05,19,29,4600,92,29455884.267296,4874.926477,0.591837,0.408163,11890 12000 12115 12232 12233 12234 12235 12236 12238 12240 12360 12361 12475 12477 12599
moead,513_e-05,19,30,4600,92,29455884.267296,4874.926477,0.612245,0.387755,11890 12000 12115 12232 12233 12234 12235 12236 12238 12240 12360 12361 12475 12477 12599
moead,513_e-05,19,31,4600,92,29455884.267296,4874.926477,0.632653,0.367347,11890 12000 12115 12232 12233 12234 12235 12236 12238 12240 12360 12361 12475 12477 12599
moead,513_e-05,19,32,4600,92,29455884.267296,4874.926477,0.653061,0.346939,11890 12000 12115 12232 12233 12234 12235 12236 12238 12240 12360 12361 12475 12477 12599
moead,513_e-05,19,33,4600,92,29455884.267296,4874.926477,0.673469,0.326531,11890 12000 12115 12232 12233 12234 12235 12236 12238 12240 12360 12361 12475 12477 12599
moead,513_e-05,19,34,4600,92,29455327.067058,4872.631759,0.693878,0.306122,11998 12000 12115 12233 12234 12235 12236 12238 12239 12240 12360 12361 12475 12477 12599
moead,513_e-05,19,35,4600,92,29455327.067058,4872.631759,0.714286,0.285714,11998 12000 12115 12233 12234 12235 12236 12238 12239 12240 12360 12361 12475 12477 12599
moead,513_e-05,19,36,4600,92,29455327.067058,4872.631759,0.734694,0.265306,11998 12000 12115 12233 12234 12235 12236 12238 12239 12240 12360 12361 12475 12477 12599
moead,513_e-05,19,37,4600,92,29455327.067058,4872.631759,0.755102,0.244898,11998 12000 12115 12233 12234 12235 12236 12238 12239 12240 12360 12361 12475 12477 12599
moead,513_e-05,19,38,4600,92,29455327.067058,4872.631759,0.775510,0.224490,11998 12000 12115 12233 12234 12235 12236 12238 12239 12240 12360 12361 12475 12477 12599
moead,513_e-05,19,39,4600,92,29455327.067058,4872.631759,0.795918,0.204082,11998 12000 12115 12233 12234 12235 12236 12238 12239 12240 12360 12361 12475 12477 12599
moead,513_e-05,19,40,4600,92,29455327.067058,4872.631759,0.816327,0.183673,11998 12000 12115 12233 12234 12235 12236 12238 12239 12240 12360 12361 12475 12477 12599
moead,513_e-05,19,41,4600,92,29455327.067058,4872.631759,0.836735,0.163265,11998 12000 12115 12233 12234 12235 12236 12238 12239 12240 12360 12361 12475 12477 12599
moead,513_e-05,19,42,4600,92,29455327.067058,4872.631759,0.857143,0.142857,11998 12000 12115 12233 12234 12235 12236 12238 12239 12240 12360 12361 12475 12477 12599
moead,513_e-05,19,43,4600,92,29455327.067058,4872.631759,0.877551,0.122449,11998 12000 12115 12233 12234 12235 12236 12238 12239 12240 12360 12361 12475 12477 12599
moead,513_e-05,19,44,4600,92,29455327.067058,4872.631759,0.897959,0.102041,11998 12000 12115 12233 12234 12235 12236 12238 12239 12240 12360 12361 12475 12477 12599
moead,513_e-05,19,45,4600,92,29455160.077443,4871.950663,0.918367,0.081633,11998 12115 12232 12233 12234 12235 12236 12238 12239 12240 12360 12361 12475 12477 12599
moead,513_e-05,19,46,4600,92,29455160.077443,4871.950663,0.938776,0.061224,11998 12115 12232 12233 12234 12235 12236 12238 12239 12240 12360 12361 12475 12477 12599
moead,513_e-05,19,47,4600,92,29455160.077443,4871.950663,0.959184,0.040816,11998 12115 12232 12233 12234 12235 12236 12238 12239 12240 12360 12361 12475 12477 12599
moead,513_e-05,19,48,4600,92,29455160.077443,4871.950663,0.979592,0.020408,11998 12115 12232 12233 12234 12235 12236 12238 12239 12240 12360 12361 12475 12477 12599
moead,513_e-05,19,49,4600,92,29455160.077443,4871.950663,1.000000,0.000000,11998 12115 12232 12233 12234 12235 12236 12238 12239 12240 12360 12361 12475 12477 12599
moead,513_e-05,19,0,4650,93,36951376.796482,6394.922775,0.000000,1.000000,19504 38125 48497 54111 77342 90306 105096 107182 112827 131539 137879 144127 159790 163608 183071
moead,513_e-05,19,1,4650,93,29505393.092436,5213.827436,0.020408,0.979592,11165 11760 11882 12118 12133 12232 12239 12240 12360 12361 12465 12476 12479 12597 12599
moead,513_e-05,19,2,4650,93,29485387.974694,5200.986462,0.040816,0.959184,11760 11882 12118 12133 12232 12238 12239 12240 12360 12361 12475 12476 12479 12597 12599
moead,513_e-05,19,3,4650,93,29473793.577144,5101.337982,0.061224,0.938776,11580 11882 12118 12133 12232 12238 12239 12240 12360 12361 12475 12476 12479 12597 12599
moead,513_e-05,19,4,4650,93,29470651.538419,4997.015039,0.081633,0.918367,11882 12007 12118 12133 12232 12238 12239 12240 12360 12361 12475 12476 12479 12597 12599
moead,513_e-05,19,5,4650,93,29466115.117559,4992.532490,0.102041,0.897959,11580 11882 12007 12118 12232 12238 12239 12240 12354 12360 12361 12362 12477 12597 12599
moead,513_e-05,19,6,4650,93,29464579.788897,4987.349743,0.122449,0.877551,11882 12118 12232 12238 12239 12360 12361 12362 12475 12476 12477 12481 12597 12599 12730
moead,513_e-05,19,7,4650,93,29462714.929047,4983.467140,0.142857,0.857143,11882 12007 12118 12232 12238 12239 12350 12360 12361 12362 12475 12476 12477 12597 12599
moead,513_e-05,19,8,4650,93,29461410.430652,4982.720826,0.163265,0.836735,11882 12007 12118 12232 12238 12239 12240 12354 12360 12361 12362 12476 12477 12597 12599
moead,513_e-05,19,9,4650,93,29461410.430652,4982.720826,0.183673,0.816327,11882 12007 12118 12232 12238 12239 12240 12354 12360 12361 12362 12476 12477 12597 12599
moead,513_e-05,19,10,4650,93,29460718.145925,4885.022978,0.204082,0.795918,11882 11895 12118 12232 12233 12238 12239 12240 12354 12360 12361 12476 12477 12597 12599
moead,513_e-05,19,11,4650,93,29459494.680260,4884.601386,0.224490,0.775510,11882 12118 12232 12233 12238 12239 12240 12354 12360 12361 12362 12476 12477 12597 12599
moead,513_e-05,19,12,4650,93,29459494.680260,4884.601386,0.244898,0.755102,11882 12118 12232 12233 12238 12239 12240 12354 12360 12361 12362 12476 12477 12597 12599
moead,513_e-05,19,13,4650,93,29458665.967001,4875.563692,0.265306,0.734694,11890 12115 12232 12233 12234 12235 12236 12238 12239 12241 12362 12476 12477 12597 12726
moead,513_e-05,19,14,4650,93,29458665.967001,4875.563692,0.285714,0.714286,11890 12115 12232 12233 12234 12235 12236 12238 12239 12241 12362 12476 12477 12597 12726
moead,513_e-05,19,15,4650,93,29456438.571363,4875.445443,0.306122,0.693878,11890 12115 12232 12233 12234 12235 12236 12238 12239 12240 12241 12362 12476 12477 12597
moead,513_e-05,19,16,4650,93,29456438.571363,4875.445443,0.326531,0.673469,11890 12115 12232 12233 12234 12235 12236 12238 12239 12240 12241 12362 12476 12477 12597
moead,513_e-05,19,17,4650,93,29456438.571363,4875.445443,0.346939,0.653061,11890 12115 12232 12233 12234 12235 12236 12238 12239 12240 12241 12362 12476 12477 12597
moead,513_e-05,19,18,4650,93,29456438.571363,4875.445443,0.367347,0.632653,11890 12115 12232 12233 12234 12235 12236 12238 12239 12240 12241 12362 12476 12477 12597
moead,513_e-05,19,19,4650,93,29456438.571363,4875.445443,0.387755,0.612245,11890 12115 12232 12233 12234 12235 12236 12238 12239 12240 12241 12362 12476 12477 12597
moead,513_e-05,19,20,4650,93,29456438.571363,4875.445443,0.408163,0.591837,11890 12115 12232 12233 12234 12235 12236 12238 12239 12240 12241 12362 12476 12477 12597
moead,513_e-05,19,21,4650,93,29456438.571363,4875.445443,0.428571,0.571429,11890 12115 12232 12233 12234 12235 12236 12238 12239 12240 12241 12362 12476 12477 12597
moead,513_e-05,19,22,4650,93,29456438.571363,4875.445443,0.448980,0.551020,11890 12115 12232 12233 12234 12235 12236 12238 12239 12240 12241 12362 12476 12477 12597
moead,513_e-05,19,23,4650,93,29456438.571363,4875.445443,0.469388,0.530612,11890 12115 12232 12233 12234 12235 12236 12238 12239 12240 12241 12362 12476 12477 12597
moead,513_e-05,19,24,4650,93,29456438.571363,4875.445443,0.489796,0.510204,11890 12115 12232 12233 12234 12235 12236 12238 12239 12240 12241 12362 12476 12477 12597
moead,513_e-05,19,25,4650,93,29456438.571363,4875.445443,0.510204,0.489796,11890 12115 12232 12233 12234 12235 12236 12238 12239 12240 12241 12362 12476 12477 12597
moead,513_e-05,19,26,4650,93,29456438.571363,4875.445443,0.530612,0.469388,11890 12115 12232 12233 12234 12235 12236 12238 12239 12240 12241 12362 12476 12477 12597
moead,513_e-05,19,27,4650,93,29456248.313679,4875.442289,0.551020,0.448980,11890 12115 12232 12233 12234 12235 12236 12238 12239 12240 12241 12361 12475 12477 12599
moead,513_e-05,19,28,4650,93,29456248.313679,4875.442289,0.571429,0.428571,11890 12115 12232 12233 12234 12235 12236 12238 12239 12240 12241 12361 12475 12477 12599
moead,513_e-05,19,29,4650,93,29455884.267296,4874.926477,0.591837,0.408163,11890 12000 12115 12232 12233 12234 12235 12236 12238 12240 12360 12361 12475 12477 12599
moead,513_e-05,19,30,4650,93,29455884.267296,4874.926477,0.612245,0.387755,11890 12000 12115 12232 12233 12234 12235 12236 12238 12240 12360 12361 12475 12477 12599
moead,513_e-05,19,31,4650,93,29455884.267296,4874.926477,0.632653,0.367347,11890 12000 12115 12232 12233 12234 12235 12236 12238 12240 12360 12361 12475 12477 12599
moead,513_e-05,19,32,4650,93,29455884.267296,4874.926477,0.653061,0.346939,11890 12000 12115 12232 12233 12234 12235 12236 12238 12240 12360 12361 12475 12477 12599
moead,513_e-05,19,33,4650,93,29455884.267296,4874.926477,0.673469,0.326531,11890 12000 12115 12232 12233 12234 12235 12236 12238 12240 12360 12361 12475 12477 12599
moead,513_e-05,19,34,4650,93,29455327.067058,4872.631759,0.693878,0.306122,11998 12000 12115 12233 12234 12235 12236 12238 12239 12240 12360 12361 12475 12477 12599
moead,513_e-05,19,35,4650,93,29455327.067058,4872.631759,0.714286,0.285714,11998 12000 12115 12233 12234 12235 12236 12238 12239 12240 12360 12361 12475 12477 12599
moead,513_e-05,19,36,4650,93,29455327.067058,4872.631759,0.734694,0.265306,11998 12000 12115 12233 12234 12235 12236 12238 12239 12240 12360 12361 12475 12477 12599
moead,513_e-05,19,37,4650,93,29455327.067058,4872.631759,0.755102,0.244898,11998 12000 12115 12233 12234 12235 12236 12238 12239 12240 12360 12361 12475 12477 12599
moead,513_e-05,19,38,4650,93,29455327.067058,4872.631759,0.775510,0.224490,11998 12000 12115 12233 12234 12235 12236 12238 12239 12240 12360 12361 12475 12477 12599
moead,513_e-05,19,39,4650,93,29455327.067058,4872.631759,0.795918,0.204082,11998 12000 12115 12233 12234 12235 12236 12238 12239 12240 12360 12361 12475 12477 12599
moead,513_e-05,19,40,4650,93,29455327.067058,4872.631759,0.816327,0.183673,11998 12000 12115 12233 12234 12235 12236 12238 12239 12240 12360 12361 12475 12477 12599
moead,513_e-05,19,41,4650,93,29455327.067058,4872.631759,0.836735,0.163265,11998 12000 12115 12233 12234 12235 12236 12238 12239 12240 12360 12361 12475 12477 12599
moead,513_e-05,19,42,4650,93,29455327.067058,4872.631759,0.857143,0.142857,11998 12000 12115 12233 12234 12235 12236 12238 12239 12240 12360 12361 12475 12477 12599
moead,513_e-05,19,43,4650,93,29455327.067058,4872.631759,0.877551,0.122449,11998 12000 12115 12233 12234 12235 12236 12238 12239 12240 12360 12361 12475 12477 12599
moead,513_e-05,19,44,4650,93,29455327.067058,4872.631759,0.897959,0.102041,11998 12000 12115 12233 12234 12235 12236 12238 12239 12240 12360 12361 12475 12477 12599
moead,513_e-05,19,45,4650,93,29455160.077443,4871.950663,0.918367,0.081633,11998 12115 12232 12233 12234 12235 12236 12238 12239 12240 12360 12361 12475 12477 12599
moead,513_e-05,19,46,4650,93,29455160.077443,4871.950663,0.938776,0.061224,11998 12115 12232 12233 12234 12235 12236 12238 12239 12240 12360 12361 12475 12477 12599
moead,513_e-05,19,47,4650,93,29455160.077443,4871.950663,0.959184,0.040816,11998 12115 12232 12233 12234 12235 12236 12238 12239 12240 12360 12361 12475 12477 12599
moead,513_e-05,19,48,4650,93,29455160.077443,4871.950663,0.979592,0.020408,11998 12115 12232 12233 12234 12235 12236 12238 12239 12240 12360 12361 12475 12477 12599
moead,513_e-05,19,49,4650,93,29455160.077443,4871.950663,1.000000,0.000000,11998 12115 12232 12233 12234 12235 12236 12238 12239 12240 12360 12361 12475 12477 12599
moead,513_e-05,19,0,4700,94,36199022.644627,6394.922775,0.000000,1.000000,15642 48497 53292 54080 54111 77342 90306 97498 105096 107182 131539 142441 159790 166627 183071
moead,513_e-05,19,1,4700,94,29505393.092436,5213.827436,0.020408,0.979592,11165 11760 11882 12118 12133 12232 12239 12240 12360 12361 12465 12476 12479 12597 12599
moead,513_e-05,19,2,4700,94,29485387.974694,5200.986462,0.040816,0.959184,11760 11882 12118 12133 12232 12238 12239 12240 12360 12361 12475 12476 12479 12597 12599
moead,513_e-05,19,3,4700,94,29473793.577144,5101.337982,0.061224,0.938776,11580 11882 12118 12133 12232 12238 12239 12240 12360 12361 12475 12476 12479 12597 12599
moead,513_e-05,19,4,4700,94,29470651.538419,4997.015039,0.081633,0.918367,11882 12007 12118 12133 12232 12238 12239 12240 12360 12361 12475 12476 12479 12597 12599
moead,513_e-05,19,5,4700,94,29466115.117559,4992.532490,0.102041,0.897959,11580 11882 12007 12118 12232 12238 12239 12240 12354 12360 12361 12362 12477 12597 12599
moead,513_e-05,19,6,4700,94,29464579.788897,4987.349743,0.122449,0.877551,11882 12118 12232 12238 12239 12360 12361 12362 12475 12476 12477 12481 12597 12599 12730
moead,513_e-05,19,7,4700,94,29462714.929047,4983.467140,0.142857,0.857143,11882 12007 12118 12232 12238 12239 12350 12360 12361 12362 12475 12476 12477 12597 12599
moead,513_e-05,19,8,4700,94,29461410.430652,4982.720826,0.163265,0.836735,11882 12007 12118 12232 12238 12239 12240 12354 12360 12361 12362 12476 12477 12597 12599
moead,513_e-05,19,9,4700,94,29461410.430652,4982.720826,0.183673,0.816327,11882 12007 12118 12232 12238 12239 12240 12354 12360 12361 12362 12476 12477 12597 12599
moead,513_e-05,19,10,4700,94,29460718.145925,4885.022978,0.204082,0.795918,11882 11895 12118 12232 12233 12238 12239 12240 12354 12360 12361 12476 12477 12597 12599
moead,513_e-05,19,11,4700,94,29459494.680260,4884.601386,0.224490,0.775510,11882 12118 12232 12233 12238 12239 12240 12354 12360 12361 12362 12476 12477 12597 12599
moead,513_e-05,19,12,4700,94,29459494.680260,4884.601386,0.244898,0.755102,11882 12118 12232 12233 12238 12239 12240 12354 12360 12361 12362 12476 12477 12597 12599
moead,513_e-05,19,13,4700,94,29458665.967001,4875.563692,0.265306,0.734694,11890 12115 12232 12233 12234 12235 12236 12238 12239 12241 12362 12476 12477 12597 12726
moead,513_e-05,19,14,4700,94,29458665.967001,4875.563692,0.285714,0.714286,11890 12115 12232 12233 12234 12235 12236 12238 12239 12241 12362 12476 12477 12597 12726
moead,513_e-05,19,15,4700,94,29457018.916158,4875.451862,0.306122,0.693878,11890 12001 12115 12232 12233 12234 12236 12238 12239 12240 12241 12362 12476 12477 12597
moead,513_e-05,19,16,4700,94,29457018.916158,4875.451862,0.326531,0.673469,11890 12001 12115 12232 12233 12234 12236 12238 12239 12240 12241 12362 12476 12477 12597
moead,513_e-05,19,17,4700,94,29457018.916158,4875.451862,0.346939,0.653061,11890 12001 12115 12232 12233 12234 12236 12238 12239 12240 12241 12362 12476 12477 12597
moead,513_e-05,19,18,4700,94,29457018.916158,4875.451862,0.367347,0.632653,11890 12001 12115 12232 12233 12234 12236 12238 12239 12240 12241 12362 12476 12477 12597
moead,513_e-05,19,19,4700,94,29457018.916158,4875.451862,0.387755,0.612245,11890 12001 12115 12232 12233 12234 12236 12238 12239 12240 12241 12362 12476 12477 12597
moead,513_e-05,19,20,4700,94,29457018.916158,4875.451862,0.408163,0.591837,11890 12001 12115 12232 12233 12234 12236 12238 12239 12240 12241 12362 12476 12477 12597
moead,513_e-05,19,21,4700,94,29457018.916158,4875.451862,0.428571,0.571429,11890 12001 12115 12232 12233 12234 12236 12238 12239 12240 12241 12362 12476 12477 12597
moead,513_e-05,19,22,4700,94,29457018.916158,4875.451862,0.448980,0.551020,11890 12001 12115 12232 12233 12234 12236 12238 12239 12240 12241 12362 12476 12477 12597
moead,513_e-05,19,23,4700,94,29456438.571363,4875.445443,0.469388,0.530612,11890 12115 12232 12233 12234 12235 12236 12238 12239 12240 12241 12362 12476 12477 12597
moead,513_e-05,19,24,4700,94,29456438.571363,4875.445443,0.489796,0.510204,11890 12115 12232 12233 12234 12235 12236 12238 12239 12240 12241 12362 12476 12477 12597
moead,513_e-05,19,25,4700,94,29456438.571363,4875.445443,0.510204,0.489796,11890 12115 12232 12233 12234 12235 12236 12238 12239 12240 12241 12362 12476 12477 12597
moead,513_e-05,19,26,4700,94,29456438.571363,4875.445443,0.530612,0.469388,11890 12115 12232 12233 12234 12235 12236 12238 12239 12240 12241 12362 12476 12477 12597
moead,513_e-05,19,27,4700,94,29456248.313679,4875.442289,0.551020,0.448980,11890 12115 12232 12233 12234 12235 12236 12238 12239 12240 12241 12361 12475 12477 12599
moead,513_e-05,19,28,4700,94,29456248.313679,4875.442289,0.571429,0.428571,11890 12115 12232 12233 12234 12235 12236 12238 12239 12240 12241 12361 12475 12477 12599
moead,513_e-05,19,29,4700,94,29455884.267296,4874.926477,0.591837,0.408163,11890 12000 12115 12232 12233 12234 12235 12236 12238 12240 12360 12361 12475 12477 12599
moead,513_e-05,19,30,4700,94,29455884.267296,4874.926477,0.612245,0.387755,11890 12000 12115 12232 12233 12234 12235 12236 12238 12240 12360 12361 12475 12477 12599
moead,513_e-05,19,31,4700,94,29455884.267296,4874.926477,0.632653,0.367347,11890 12000 12115 12232 12233 12234 12235 12236 12238 12240 12360 12361 12475 12477 12599
moead,513_e-05,19,32,4700,94,29455884.267296,4874.926477,0.653061,0.346939,11890 12000 12115 12232 12233 12234 12235 12236 12238 12240 12360 12361 12475 12477 12599
moead,513_e-05,19,33,4700,94,29455884.267296,4874.926477,0.673469,0.326531,11890 12000 12115 12232 12233 12234 12235 12236 12238 12240 12360 12361 12475 12477 12599
moead,513_e-05,19,34,4700,94,29455327.067058,4872.631759,0.693878,0.306122,11998 12000 12115 12233 12234 12235 12236 12238 12239 12240 12360 12361 12475 12477 12599
moead,513_e-05,19,35,4700,94,29455327.067058,4872.631759,0.714286,0.285714,11998 12000 12115 12233 12234 12235 12236 12238 12239 12240 12360 12361 12475 12477 12599
moead,513_e-05,19,36,4700,94,29455327.067058,4872.631759,0.734694,0.265306,11998 12000 12115 12233 12234 12235 12236 12238 12239 12240 12360 12361 12475 12477 12599
moead,513_e-05,19,37,4700,94,29455327.067058,4872.631759,0.755102,0.244898,11998 12000 12115 12233 12234 12235 12236 12238 12239 12240 12360 12361 12475 12477 12599
moead,513_e-05,19,38,4700,94,29455327.067058,4872.631759,0.775510,0.224490,11998 12000 12115 12233 12234 12235 12236 12238 12239 12240 12360 12361 12475 12477 12599
moead,513_e-05,19,39,4700,94,29455327.067058,4872.631759,0.795918,0.204082,11998 12000 12115 12233 12234 12235 12236 12238 12239 12240 12360 12361 12475 12477 12599
moead,513_e-05,19,40,4700,94,29455327.067058,4872.631759,0.816327,0.183673,11998 12000 12115 12233 12234 12235 12236 12238 12239 12240 12360 12361 12475 12477 12599
moead,513_e-05,19,41,4700,94,29455327.067058,4872.631759,0.836735,0.163265,11998 12000 12115 12233 12234 12235 12236 12238 12239 12240 12360 12361 12475 12477 12599
moead,513_e-05,19,42,4700,94,29455327.067058,4872.631759,0.857143,0.142857,11998 12000 12115 12233 12234 12235 12236 12238 12239 12240 12360 12361 12475 12477 12599
moead,513_e-05,19,43,4700,94,29455327.067058,4872.631759,0.877551,0.122449,11998 12000 12115 12233 12234 12235 12236 12238 12239 12240 12360 12361 12475 12477 12599
moead,513_e-05,19,44,4700,94,29455327.067058,4872.631759,0.897959,0.102041,11998 12000 12115 12233 12234 12235 12236 12238 12239 12240 12360 12361 12475 12477 12599
moead,513_e-05,19,45,4700,94,29455160.077443,4871.950663,0.918367,0.081633,11998 12115 12232 12233 12234 12235 12236 12238 12239 12240 12360 12361 12475 12477 12599
moead,513_e-05,19,46,4700,94,29455160.077443,4871.950663,0.938776,0.061224,11998 12115 12232 12233 12234 12235 12236 12238 12239 12240 12360 12361 12475 12477 12599
moead,513_e-05,19,47,4700,94,29455160.077443,4871.950663,0.959184,0.040816,11998 12115 12232 12233 12234 12235 12236 12238 12239 12240 12360 12361 12475 12477 12599
moead,513_e-05,19,48,4700,94,29455160.077443,4871.950663,0.979592,0.020408,11998 12115 12232 12233 12234 12235 12236 12238 12239 12240 12360 12361 12475 12477 12599
moead,513_e-05,19,49,4700,94,29455160.077443,4871.950663,1.000000,0.000000,11998 12115 12232 12233 12234 12235 12236 12238 12239 12240 12360 12361 12475 12477 12599
moead,513_e-05,19,0,4750,95,36119580.859535,6394.922775,0.000000,1.000000,12599 15642 48497 53292 54080 71148 90306 105096 107182 120342 124381 131539 142441 142477 166627
moead,513_e-05,19,1,4750,95,29505393.092436,5213.827436,0.020408,0.979592,11165 11760 11882 12118 12133 12232 12239 12240 12360 12361 12465 12476 12479 12597 12599
moead,513_e-05,19,2,4750,95,29485387.974694,5200.986462,0.040816,0.959184,11760 11882 12118 12133 12232 12238 12239 12240 12360 12361 12475 12476 12479 12597 12599
moead,513_e-05,19,3,4750,95,29473793.577144,5101.337982,0.061224,0.938776,11580 11882 12118 12133 12232 12238 12239 12240 12360 12361 12475 12476 12479 12597 12599
moead,513_e-05,19,4,4750,95,29470651.538419,4997.015039,0.081633,0.918367,11882 12007 12118 12133 12232 12238 12239 12240 12360 12361 12475 12476 12479 12597 12599
moead,513_e-05,19,5,4750,95,29466115.117559,4992.532490,0.102041,0.897959,11580 11882 12007 12118 12232 12238 12239 12240 12354 12360 12361 12362 12477 12597 12599
moead,513_e-05,19,6,4750,95,29464579.788897,4987.349743,0.122449,0.877551,11882 12118 12232 12238 12239 12360 12361 12362 12475 12476 12477 12481 12597 12599 12730
moead,513_e-05,19,7,4750,95,29462714.929047,4983.467140,0.142857,0.857143,11882 12007 12118 12232 12238 12239 12350 12360 12361 12362 12475 12476 12477 12597 12599
moead,513_e-05,19,8,4750,95,29461410.430652,4982.720826,0.163265,0.836735,11882 12007 12118 12232 12238 12239 12240 12354 12360 12361 12362 12476 12477 12597 12599
moead,513_e-05,19,9,4750,95,29461410.430652,4982.720826,0.183673,0.816327,11882 12007 12118 12232 12238 12239 12240 12354 12360 12361 12362 12476 12477 12597 12599
moead,513_e-05,19,10,4750,95,29460718.145925,4885.022978,0.204082,0.795918,11882 11895 12118 12232 12233 12238 12239 12240 12354 12360 12361 12476 12477 12597 12599
moead,513_e-05,19,11,4750,95,29459494.680260,4884.601386,0.224490,0.775510,11882 12118 12232 12233 12238 12239 12240 12354 12360 12361 12362 12476 12477 12597 12599
moead,513_e-05,19,12,4750,95,29459494.680260,4884.601386,0.244898,0.755102,11882 12118 12232 12233 12238 12239 12240 12354 12360 12361 12362 12476 12477 12597 12599
moead,513_e-05,19,13,4750,95,29458665.967001,4875.563692,0.265306,0.734694,11890 12115 12232 12233 12234 12235 12236 12238 12239 12241 12362 12476 12477 12597 12726
moead,513_e-05,19,14,4750,95,29458665.967001,4875.563692,0.285714,0.714286,11890 12115 12232 12233 12234 12235 12236 12238 12239 12241 12362 12476 12477 12597 12726
moead,513_e-05,19,15,4750,95,29457018.916158,4875.451862,0.306122,0.693878,11890 12001 12115 12232 12233 12234 12236 12238 12239 12240 12241 12362 12476 12477 12597
moead,513_e-05,19,16,4750,95,29457018.916158,4875.451862,0.326531,0.673469,11890 12001 12115 12232 12233 12234 12236 12238 12239 12240 12241 12362 12476 12477 12597
moead,513_e-05,19,17,4750,95,29457018.916158,4875.451862,0.346939,0.653061,11890 12001 12115 12232 12233 12234 12236 12238 12239 12240 12241 12362 12476 12477 12597
moead,513_e-05,19,18,4750,95,29457018.916158,4875.451862,0.367347,0.632653,11890 12001 12115 12232 12233 12234 12236 12238 12239 12240 12241 12362 12476 12477 12597
moead,513_e-05,19,19,4750,95,29457018.916158,4875.451862,0.387755,0.612245,11890 12001 12115 12232 12233 12234 12236 12238 12239 12240 12241 12362 12476 12477 12597
moead,513_e-05,19,20,4750,95,29457018.916158,4875.451862,0.408163,0.591837,11890 12001 12115 12232 12233 12234 12236 12238 12239 12240 12241 12362 12476 12477 12597
moead,513_e-05,19,21,4750,95,29457018.916158,4875.451862,0.428571,0.571429,11890 12001 12115 12232 12233 12234 12236 12238 12239 12240 12241 12362 12476 12477 12597
moead,513_e-05,19,22,4750,95,29457018.916158,4875.451862,0.448980,0.551020,11890 12001 12115 12232 12233 12234 12236 12238 12239 12240 12241 12362 12476 12477 12597
moead,513_e-05,19,23,4750,95,29456438.571363,4875.445443,0.469388,0.530612,11890 12115 12232 12233 12234 12235 12236 12238 12239 12240 12241 12362 12476 12477 12597
moead,513_e-05,19,24,4750,95,29456438.571363,4875.445443,0.489796,0.510204,11890 12115 12232 12233 12234 12235 12236 12238 12239 12240 12241 12362 12476 12477 12597
moead,513_e-05,19,25,4750,95,29456438.571363,4875.445443,0.510204,0.489796,11890 12115 12232 12233 12234 12235 12236 12238 12239 12240 12241 12362 12476 12477 12597
moead,513_e-05,19,26,4750,95,29456438.571363,4875.445443,0.530612,0.469388,11890 12115 12232 12233 12234 12235 12236 12238 12239 12240 12241 12362 12476 12477 12597
moead,513_e-05,19,27,4750,95,29456248.313679,4875.442289,0.551020,0.448980,11890 12115 12232 12233 12234 12235 12236 12238 12239 12240 12241 12361 12475 12477 12599
moead,513_e-05,19,28,4750,95,29456248.313679,4875.442289,0.571429,0.428571,11890 12115 12232 12233 12234 12235 12236 12238 12239 12240 12241 12361 12475 12477 12599
moead,513_e-05,19,29,4750,95,29455884.267296,4874.926477,0.591837,0.408163,11890 12000 12115 12232 12233 12234 12235 12236 12238 12240 12360 12361 12475 12477 12599
moead,513_e-05,19,30,4750,95,29455884.267296,4874.926477,0.612245,0.387755,11890 12000 12115 12232 12233 12234 12235 12236 12238 12240 12360 12361 12475 12477 12599
moead,513_e-05,19,31,4750,95,29455884.267296,4874.926477,0.632653,0.367347,11890 12000 12115 12232 12233 12234 12235 12236 12238 12240 12360 12361 12475 12477 12599
moead,513_e-05,19,32,4750,95,29455884.267296,4874.926477,0.653061,0.346939,11890 12000 12115 12232 12233 12234 12235 12236 12238 12240 12360 12361 12475 12477 12599
moead,513_e-05,19,33,4750,95,29455884.267296,4874.926477,0.673469,0.326531,11890 12000 12115 12232 12233 12234 12235 12236 12238 12240 12360 12361 12475 12477 12599
moead,513_e-05,19,34,4750,95,29455327.067058,4872.631759,0.693878,0.306122,11998 12000 12115 12233 12234 12235 12236 12238 12239 12240 12360 12361 12475 12477 12599
moead,513_e-05,19,35,4750,95,29455327.067058,4872.631759,0.714286,0.285714,11998 12000 12115 12233 12234 12235 12236 12238 12239 12240 12360 12361 12475 12477 12599
moead,513_e-05,19,36,4750,95,29455327.067058,4872.631759,0.734694,0.265306,11998 12000 12115 12233 12234 12235 12236 12238 12239 12240 12360 12361 12475 12477 12599
moead,513_e-05,19,37,4750,95,29455327.067058,4872.631759,0.755102,0.244898,11998 12000 12115 12233 12234 12235 12236 12238 12239 12240 12360 12361 12475 12477 12599
moead,513_e-05,19,38,4750,95,29455327.067058,4872.631759,0.775510,0.224490,11998 12000 12115 12233 12234 12235 12236 12238 12239 12240 12360 12361 12475 12477 12599
moead,513_e-05,19,39,4750,95,29455327.067058,4872.631759,0.795918,0.204082,11998 12000 12115 12233 12234 12235 12236 12238 12239 12240 12360 12361 12475 12477 12599
moead,513_e-05,19,40,4750,95,29455327.067058,4872.631759,0.816327,0.183673,11998 12000 12115 12233 12234 12235 12236 12238 12239 12240 12360 12361 12475 12477 12599
moead,513_e-05,19,41,4750,95,29455327.067058,4872.631759,0.836735,0.163265,11998 12000 12115 12233 12234 12235 12236 12238 12239 12240 12360 12361 12475 12477 12599
moead,513_e-05,19,42,4750,95,29455327.067058,4872.631759,0.857143,0.142857,11998 12000 12115 12233 12234 12235 12236 12238 12239 12240 12360 12361 12475 12477 12599
moead,513_e-05,19,43,4750,95,29455327.067058,4872.631759,0.877551,0.122449,11998 12000 12115 12233 12234 12235 12236 12238 12239 12240 12360 12361 12475 12477 12599
moead,513_e-05,19,44,4750,95,29455327.067058,4872.631759,0.897959,0.102041,11998 12000 12115 12233 12234 12235 12236 12238 12239 12240 12360 12361 12475 12477 12599
moead,513_e-05,19,45,4750,95,29455160.077443,4871.950663,0.918367,0.081633,11998 12115 12232 12233 12234 12235 12236 12238 12239 12240 12360 12361 12475 12477 12599
moead,513_e-05,19,46,4750,95,29455160.077443,4871.950663,0.938776,0.061224,11998 12115 12232 12233 12234 12235 12236 12238 12239 12240 12360 12361 12475 12477 12599
moead,513_e-05,19,47,4750,95,29455160.077443,4871.950663,0.959184,0.040816,11998 12115 12232 12233 12234 12235 12236 12238 12239 12240 12360 12361 12475 12477 12599
moead,513_e-05,19,48,4750,95,29455160.077443,4871.950663,0.979592,0.020408,11998 12115 12232 12233 12234 12235 12236 12238 12239 12240 12360 12361 12475 12477 12599
moead,513_e-05,19,49,4750,95,29455160.077443,4871.950663,1.000000,0.000000,11998 12115 12232 12233 12234 12235 12236 12238 12239 12240 12360 12361 12475 12477 12599
moead,513_e-05,19,0,4800,96,36968130.292490,6394.922775,0.000000,1.000000,12713 12737 50385 53292 54080 67639 90306 105096 107182 120342 124381 131539 140617 142441 180566
moead,513_e-05,19,1,4800,96,29505393.092436,5213.827436,0.020408,0.979592,11165 11760 11882 12118 12133 12232 12239 12240 12360 12361 12465 12476 12479 12597 12599
moead,513_e-05,19,2,4800,96,29485387.974694,5200.986462,0.040816,0.959184,11760 11882 12118 12133 12232 12238 12239 12240 12360 12361 12475 12476 12479 12597 12599
moead,513_e-05,19,3,4800,96,29473793.577144,5101.337982,0.061224,0.938776,11580 11882 12118 12133 12232 12238 12239 12240 12360 12361 12475 12476 12479 12597 12599
moead,513_e-05,19,4,4800,96,29469144.222566,5091.151906,0.081633,0.918367,11882 12118 12119 12133 12232 12238 12239 12240 12360 12361 12475 12476 12479 12597 12599
moead,513_e-05,19,5,4800,96,29466115.117559,4992.532490,0.102041,0.897959,11580 11882 12007 12118 12232 12238 12239 12240 12354 12360 12361 12362 12477 12597 12599
moead,513_e-05,19,6,4800,96,29464579.788897,4987.349743,0.122449,0.877551,11882 12118 12232 12238 12239 12360 12361 12362 12475 12476 12477 12481 12597 12599 12730
moead,513_e-05,19,7,4800,96,29462714.929047,4983.467140,0.142857,0.857143,11882 12007 12118 12232 12238 12239 12350 12360 12361 12362 12475 12476 12477 12597 12599
moead,513_e-05,19,8,4800,96,29461410.430652,4982.720826,0.163265,0.836735,11882 12007 12118 12232 12238 12239 12240 12354 12360 12361 12362 12476 12477 12597 12599
moead,513_e-05,19,9,4800,96,29461410.430652,4982.720826,0.183673,0.816327,11882 12007 12118 12232 12238 12239 12240 12354 12360 12361 12362 12476 12477 12597 12599
moead,513_e-05,19,10,4800,96,29460718.145925,4885.022978,0.204082,0.795918,11882 11895 12118 12232 12233 12238 12239 12240 12354 12360 12361 12476 12477 12597 12599
moead,513_e-05,19,11,4800,96,29459494.680260,4884.601386,0.224490,0.775510,11882 12118 12232 12233 12238 12239 12240 12354 12360 12361 12362 12476 12477 12597 12599
moead,513_e-05,19,12,4800,96,29459494.680260,4884.601386,0.244898,0.755102,11882 12118 12232 12233 12238 12239 12240 12354 12360 12361 12362 12476 12477 12597 12599
moead,513_e-05,19,13,4800,96,29459322.776614,4876.030103,0.265306,0.734694,11890 12115 12122 12232 12233 12234 12235 12236 12238 12239 12362 12476 12477 12597 12726
moead,513_e-05,19,14,4800,96,29458665.967001,4875.563692,0.285714,0.714286,11890 12115 12232 12233 12234 12235 12236 12238 12239 12241 12362 12476 12477 12597 12726
moead,513_e-05,19,15,4800,96,29457018.916158,4875.451862,0.306122,0.693878,11890 12001 12115 12232 12233 12234 12236 12238 12239 12240 12241 12362 12476 12477 12597
moead,513_e-05,19,16,4800,96,29457018.916158,4875.451862,0.326531,0.673469,11890 12001 12115 12232 12233 12234 12236 12238 12239 12240 12241 12362 12476 12477 12597
moead,513_e-05,19,17,4800,96,29457018.916158,4875.451862,0.346939,0.653061,11890 12001 12115 12232 12233 12234 12236 12238 12239 12240 12241 12362 12476 12477 12597
moead,513_e-05,19,18,4800,96,29457018.916158,4875.451862,0.367347,0.632653,11890 12001 12115 12232 12233 12234 12236 12238 12239 12240 12241 12362 12476 12477 12597
moead,513_e-05,19,19,4800,96,29457018.916158,4875.451862,0.387755,0.612245,11890 12001 12115 12232 12233 12234 12236 12238 12239 12240 12241 12362 12476 12477 12597
moead,513_e-05,19,20,4800,96,29457018.916158,4875.451862,0.408163,0.591837,11890 12001 12115 12232 12233 12234 12236 12238 12239 12240 12241 12362 12476 12477 12597
moead,513_e-05,19,21,4800,96,29457018.916158,4875.451862,0.428571,0.571429,11890 12001 12115 12232 12233 12234 12236 12238 12239 12240 12241 12362 12476 12477 12597
moead,513_e-05,19,22,4800,96,29457018.916158,4875.451862,0.448980,0.551020,11890 12001 12115 12232 12233 12234 12236 12238 12239 12240 12241 12362 12476 12477 12597
moead,513_e-05,19,23,4800,96,29456362.060921,4875.445443,0.469388,0.530612,11890 12115 12232 12233 12234 12235 12236 12238 12239 12240 12241 12362 12476 12477 12599
moead,513_e-05,19,24,4800,96,29456362.060921,4875.445443,0.489796,0.510204,11890 12115 12232 12233 12234 12235 12236 12238 12239 12240 12241 12362 12476 12477 12599
moead,513_e-05,19,25,4800,96,29456362.060921,4875.445443,0.510204,0.489796,11890 12115 12232 12233 12234 12235 12236 12238 12239 12240 12241 12362 12476 12477 12599
moead,513_e-05,19,26,4800,96,29456362.060921,4875.445443,0.530612,0.469388,11890 12115 12232 12233 12234 12235 12236 12238 12239 12240 12241 12362 12476 12477 12599
moead,513_e-05,19,27,4800,96,29456362.060921,4875.445443,0.551020,0.448980,11890 12115 12232 12233 12234 12235 12236 12238 12239 12240 12241 12362 12476 12477 12599
moead,513_e-05,19,28,4800,96,29456248.313679,4875.442289,0.571429,0.428571,11890 12115 12232 12233 12234 12235 12236 12238 12239 12240 12241 12361 12475 12477 12599
moead,513_e-05,19,29,4800,96,29455884.267296,4874.926477,0.591837,0.408163,11890 12000 12115 12232 12233 12234 12235 12236 12238 12240 12360 12361 12475 12477 12599
moead,513_e-05,19,30,4800,96,29455884.267296,4874.926477,0.612245,0.387755,11890 12000 12115 12232 12233 12234 12235 12236 12238 12240 12360 12361 12475 12477 12599
moead,513_e-05,19,31,4800,96,29455884.267296,4874.926477,0.632653,0.367347,11890 12000 12115 12232 12233 12234 12235 12236 12238 12240 12360 12361 12475 12477 12599
moead,513_e-05,19,32,4800,96,29455884.267296,4874.926477,0.653061,0.346939,11890 12000 12115 12232 12233 12234 12235 12236 12238 12240 12360 12361 12475 12477 12599
moead,513_e-05,19,33,4800,96,29455884.267296,4874.926477,0.673469,0.326531,11890 12000 12115 12232 12233 12234 12235 12236 12238 12240 12360 12361 12475 12477 12599
moead,513_e-05,19,34,4800,96,29455327.067058,4872.631759,0.693878,0.306122,11998 12000 12115 12233 12234 12235 12236 12238 12239 12240 12360 12361 12475 12477 12599
moead,513_e-05,19,35,4800,96,29455327.067058,4872.631759,0.714286,0.285714,11998 12000 12115 12233 12234 12235 12236 12238 12239 12240 12360 12361 12475 12477 12599
moead,513_e-05,19,36,4800,96,29455327.067058,4872.631759,0.734694,0.265306,11998 12000 12115 12233 12234 12235 12236 12238 12239 12240 12360 12361 12475 12477 12599
moead,513_e-05,19,37,4800,96,29455327.067058,4872.631759,0.755102,0.244898,11998 12000 12115 12233 12234 12235 12236 12238 12239 12240 12360 12361 12475 12477 12599
moead,513_e-05,19,38,4800,96,29455327.067058,4872.631759,0.775510,0.224490,11998 12000 12115 12233 12234 12235 12236 12238 12239 12240 12360 12361 12475 12477 12599
moead,513_e-05,19,39,4800,96,29455327.067058,4872.631759,0.795918,0.204082,11998 12000 12115 12233 12234 12235 12236 12238 12239 12240 12360 12361 12475 12477 12599
moead,513_e-05,19,40,4800,96,29455327.067058,4872.631759,0.816327,0.183673,11998 12000 12115 12233 12234 12235 12236 12238 12239 12240 12360 12361 12475 12477 12599
moead,513_e-05,19,41,4800,96,29455327.067058,4872.631759,0.836735,0.163265,11998 12000 12115 12233 12234 12235 12236 12238 12239 12240 12360 12361 12475 12477 12599
moead,513_e-05,19,42,4800,96,29455327.067058,4872.631759,0.857143,0.142857,11998 12000 12115 12233 12234 12235 12236 12238 12239 12240 12360 12361 12475 12477 12599
moead,513_e-05,19,43,4800,96,29455327.067058,4872.631759,0.877551,0.122449,11998 12000 12115 12233 12234 12235 12236 12238 12239 12240 12360 12361 12475 12477 12599
moead,513_e-05,19,44,4800,96,29455327.067058,4872.631759,0.897959,0.102041,11998 12000 12115 12233 12234 12235 12236 12238 12239 12240 12360 12361 12475 12477 12599
moead,513_e-05,19,45,4800,96,29455160.077443,4871.950663,0.918367,0.081633,11998 12115 12232 12233 12234 12235 12236 12238 12239 12240 12360 12361 12475 12477 12599
moead,513_e-05,19,46,4800,96,29455160.077443,4871.950663,0.938776,0.061224,11998 12115 12232 12233 12234 12235 12236 12238 12239 12240 12360 12361 12475 12477 12599
moead,513_e-05,19,47,4800,96,29455160.077443,4871.950663,0.959184,0.040816,11998 12115 12232 12233 12234 12235 12236 12238 12239 12240 12360 12361 12475 12477 12599
moead,513_e-05,19,48,4800,96,29455160.077443,4871.950663,0.979592,0.020408,11998 12115 12232 12233 12234 12235 12236 12238 12239 12240 12360 12361 12475 12477 12599
moead,513_e-05,19,49,4800,96,29455160.077443,4871.950663,1.000000,0.000000,11998 12115 12232 12233 12234 12235 12236 12238 12239 12240 12360 12361 12475 12477 12599
moead,513_e-05,19,0,4850,97,36896468.684429,6394.922775,0.000000,1.000000,12713 12737 50385 53292 89237 90252 107182 112307 119473 120342 131539 140617 142441 142922 179273
moead,513_e-05,19,1,4850,97,29505393.092436,5213.827436,0.020408,0.979592,11165 11760 11882 12118 12133 12232 12239 12240 12360 12361 12465 12476 12479 12597 12599
moead,513_e-05,19,2,4850,97,29485387.974694,5200.986462,0.040816,0.959184,11760 11882 12118 12133 12232 12238 12239 12240 12360 12361 12475 12476 12479 12597 12599
moead,513_e-05,19,3,4850,97,29473793.577144,5101.337982,0.061224,0.938776,11580 11882 12118 12133 12232 12238 12239 12240 12360 12361 12475 12476 12479 12597 12599
moead,513_e-05,19,4,4850,97,29469144.222566,5091.151906,0.081633,0.918367,11882 12118 12119 12133 12232 12238 12239 12240 12360 12361 12475 12476 12479 12597 12599
moead,513_e-05,19,5,4850,97,29466115.117559,4992.532490,0.102041,0.897959,11580 11882 12007 12118 12232 12238 12239 12240 12354 12360 12361 12362 12477 12597 12599
moead,513_e-05,19,6,4850,97,29464579.788897,4987.349743,0.122449,0.877551,11882 12118 12232 12238 12239 12360 12361 12362 12475 12476 12477 12481 12597 12599 12730
moead,513_e-05,19,7,4850,97,29462714.929047,4983.467140,0.142857,0.857143,11882 12007 12118 12232 12238 12239 12350 12360 12361 12362 12475 12476 12477 12597 12599
moead,513_e-05,19,8,4850,97,29461410.430652,4982.720826,0.163265,0.836735,11882 12007 12118 12232 12238 12239 12240 12354 12360 12361 12362 12476 12477 12597 12599
moead,513_e-05,19,9,4850,97,29461410.430652,4982.720826,0.183673,0.816327,11882 12007 12118 12232 12238 12239 12240 12354 12360 12361 12362 12476 12477 12597 12599
moead,513_e-05,19,10,4850,97,29460718.145925,4885.022978,0.204082,0.795918,11882 11895 12118 12232 12233 12238 12239 12240 12354 12360 12361 12476 12477 12597 12599
moead,513_e-05,19,11,4850,97,29459494.680260,4884.601386,0.224490,0.775510,11882 12118 12232 12233 12238 12239 12240 12354 12360 12361 12362 12476 12477 12597 12599
moead,513_e-05,19,12,4850,97,29459494.680260,4884.601386,0.244898,0.755102,11882 12118 12232 12233 12238 12239 12240 12354 12360 12361 12362 12476 12477 12597 12599
moead,513_e-05,19,13,4850,97,29459322.776614,4876.030103,0.265306,0.734694,11890 12115 12122 12232 12233 12234 12235 12236 12238 12239 12362 12476 12477 12597 12726
moead,513_e-05,19,14,4850,97,29458665.967001,4875.563692,0.285714,0.714286,11890 12115 12232 12233 12234 12235 12236 12238 12239 12241 12362 12476 12477 12597 12726
moead,513_e-05,19,15,4850,97,29457018.916158,4875.451862,0.306122,0.693878,11890 12001 12115 12232 12233 12234 12236 12238 12239 12240 12241 12362 12476 12477 12597
moead,513_e-05,19,16,4850,97,29457018.916158,4875.451862,0.326531,0.673469,11890 12001 12115 12232 12233 12234 12236 12238 12239 12240 12241 12362 12476 12477 12597
moead,513_e-05,19,17,4850,97,29457018.916158,4875.451862,0.346939,0.653061,11890 12001 12115 12232 12233 12234 12236 12238 12239 12240 12241 12362 12476 12477 12597
moead,513_e-05,19,18,4850,97,29457018.916158,4875.451862,0.367347,0.632653,11890 12001 12115 12232 12233 12234 12236 12238 12239 12240 12241 12362 12476 12477 12597
moead,513_e-05,19,19,4850,97,29457018.916158,4875.451862,0.387755,0.612245,11890 12001 12115 12232 12233 12234 12236 12238 12239 12240 12241 12362 12476 12477 12597
moead,513_e-05,19,20,4850,97,29457018.916158,4875.451862,0.408163,0.591837,11890 12001 12115 12232 12233 12234 12236 12238 12239 12240 12241 12362 12476 12477 12597
moead,513_e-05,19,21,4850,97,29457018.916158,4875.451862,0.428571,0.571429,11890 12001 12115 12232 12233 12234 12236 12238 12239 12240 12241 12362 12476 12477 12597
moead,513_e-05,19,22,4850,97,29457018.916158,4875.451862,0.448980,0.551020,11890 12001 12115 12232 12233 12234 12236 12238 12239 12240 12241 12362 12476 12477 12597
moead,513_e-05,19,23,4850,97,29456362.060921,4875.445443,0.469388,0.530612,11890 12115 12232 12233 12234 12235 12236 12238 12239 12240 12241 12362 12476 12477 12599
moead,513_e-05,19,24,4850,97,29456362.060921,4875.445443,0.489796,0.510204,11890 12115 12232 12233 12234 12235 12236 12238 12239 12240 12241 12362 12476 12477 12599
moead,513_e-05,19,25,4850,97,29456362.060921,4875.445443,0.510204,0.489796,11890 12115 12232 12233 12234 12235 12236 12238 12239 12240 12241 12362 12476 12477 12599
moead,513_e-05,19,26,4850,97,29456362.060921,4875.445443,0.530612,0.469388,11890 12115 12232 12233 12234 12235 12236 12238 12239 12240 12241 12362 12476 12477 12599
moead,513_e-05,19,27,4850,97,29456362.060921,4875.445443,0.551020,0.448980,11890 12115 12232 12233 12234 12235 12236 12238 12239 12240 12241 12362 12476 12477 12599
moead,513_e-05,19,28,4850,97,29456248.313679,4875.442289,0.571429,0.428571,11890 12115 12232 12233 12234 12235 12236 12238 12239 12240 12241 12361 12475 12477 12599
moead,513_e-05,19,29,4850,97,29455884.267296,4874.926477,0.591837,0.408163,11890 12000 12115 12232 12233 12234 12235 12236 12238 12240 12360 12361 12475 12477 12599
moead,513_e-05,19,30,4850,97,29455884.267296,4874.926477,0.612245,0.387755,11890 12000 12115 12232 12233 12234 12235 12236 12238 12240 12360 12361 12475 12477 12599
moead,513_e-05,19,31,4850,97,29455884.267296,4874.926477,0.632653,0.367347,11890 12000 12115 12232 12233 12234 12235 12236 12238 12240 12360 12361 12475 12477 12599
moead,513_e-05,19,32,4850,97,29455884.267296,4874.926477,0.653061,0.346939,11890 12000 12115 12232 12233 12234 12235 12236 12238 12240 12360 12361 12475 12477 12599
moead,513_e-05,19,33,4850,97,29455884.267296,4874.926477,0.673469,0.326531,11890 12000 12115 12232 12233 12234 12235 12236 12238 12240 12360 12361 12475 12477 12599
moead,513_e-05,19,34,4850,97,29455327.067058,4872.631759,0.693878,0.306122,11998 12000 12115 12233 12234 12235 12236 12238 12239 12240 12360 12361 12475 12477 12599
moead,513_e-05,19,35,4850,97,29455327.067058,4872.631759,0.714286,0.285714,11998 12000 12115 12233 12234 12235 12236 12238 12239 12240 12360 12361 12475 12477 12599
moead,513_e-05,19,36,4850,97,29455327.067058,4872.631759,0.734694,0.265306,11998 12000 12115 12233 12234 12235 12236 12238 12239 12240 12360 12361 12475 12477 12599
moead,513_e-05,19,37,4850,97,29455327.067058,4872.631759,0.755102,0.244898,11998 12000 12115 12233 12234 12235 12236 12238 12239 12240 12360 12361 12475 12477 12599
moead,513_e-05,19,38,4850,97,29455327.067058,4872.631759,0.775510,0.224490,11998 12000 12115 12233 12234 12235 12236 12238 12239 12240 12360 12361 12475 12477 12599
moead,513_e-05,19,39,4850,97,29455327.067058,4872.631759,0.795918,0.204082,11998 12000 12115 12233 12234 12235 12236 12238 12239 12240 12360 12361 12475 12477 12599
moead,513_e-05,19,40,4850,97,29455327.067058,4872.631759,0.816327,0.183673,11998 12000 12115 12233 12234 12235 12236 12238 12239 12240 12360 12361 12475 12477 12599
moead,513_e-05,19,41,4850,97,29455327.067058,4872.631759,0.836735,0.163265,11998 12000 12115 12233 12234 12235 12236 12238 12239 12240 12360 12361 12475 12477 12599
moead,513_e-05,19,42,4850,97,29455327.067058,4872.631759,0.857143,0.142857,11998 12000 12115 12233 12234 12235 12236 12238 12239 12240 12360 12361 12475 12477 12599
moead,513_e-05,19,43,4850,97,29455327.067058,4872.631759,0.877551,0.122449,11998 12000 12115 12233 12234 12235 12236 12238 12239 12240 12360 12361 12475 12477 12599
moead,513_e-05,19,44,4850,97,29455327.067058,4872.631759,0.897959,0.102041,11998 12000 12115 12233 12234 12235 12236 12238 12239 12240 12360 12361 12475 12477 12599
moead,513_e-05,19,45,4850,97,29455160.077443,4871.950663,0.918367,0.081633,11998 12115 12232 12233 12234 12235 12236 12238 12239 12240 12360 12361 12475 12477 12599
moead,513_e-05,19,46,4850,97,29455160.077443,4871.950663,0.938776,0.061224,11998 12115 12232 12233 12234 12235 12236 12238 12239 12240 12360 12361 12475 12477 12599
moead,513_e-05,19,47,4850,97,29455160.077443,4871.950663,0.959184,0.040816,11998 12115 12232 12233 12234 12235 12236 12238 12239 12240 12360 12361 12475 12477 12599
moead,513_e-05,19,48,4850,97,29455160.077443,4871.950663,0.979592,0.020408,11998 12115 12232 12233 12234 12235 12236 12238 12239 12240 12360 12361 12475 12477 12599
moead,513_e-05,19,49,4850,97,29455160.077443,4871.950663,1.000000,0.000000,11998 12115 12232 12233 12234 12235 12236 12238 12239 12240 12360 12361 12475 12477 12599
moead,513_e-05,19,0,4900,98,38394636.959578,6394.922775,0.000000,1.000000,4571 27928 50236 71843 90252 107182 110905 112307 119473 122254 131539 140617 142441 142922 175593
moead,513_e-05,19,1,4900,98,29505393.092436,5213.827436,0.020408,0.979592,11165 11760 11882 12118 12133 12232 12239 12240 12360 12361 12465 12476 12479 12597 12599
moead,513_e-05,19,2,4900,98,29485387.974694,5200.986462,0.040816,0.959184,11760 11882 12118 12133 12232 12238 12239 12240 12360 12361 12475 12476 12479 12597 12599
moead,513_e-05,19,3,4900,98,29473793.577144,5101.337982,0.061224,0.938776,11580 11882 12118 12133 12232 12238 12239 12240 12360 12361 12475 12476 12479 12597 12599
moead,513_e-05,19,4,4900,98,29469144.222566,5091.151906,0.081633,0.918367,11882 12118 12119 12133 12232 12238 12239 12240 12360 12361 12475 12476 12479 12597 12599
moead,513_e-05,19,5,4900,98,29466115.117559,4992.532490,0.102041,0.897959,11580 11882 12007 12118 12232 12238 12239 12240 12354 12360 12361 12362 12477 12597 12599
moead,513_e-05,19,6,4900,98,29464579.788897,4987.349743,0.122449,0.877551,11882 12118 12232 12238 12239 12360 12361 12362 12475 12476 12477 12481 12597 12599 12730
moead,513_e-05,19,7,4900,98,29462714.929047,4983.467140,0.142857,0.857143,11882 12007 12118 12232 12238 12239 12350 12360 12361 12362 12475 12476 12477 12597 12599
moead,513_e-05,19,8,4900,98,29461410.430652,4982.720826,0.163265,0.836735,11882 12007 12118 12232 12238 12239 12240 12354 12360 12361 12362 12476 12477 12597 12599
moead,513_e-05,19,9,4900,98,29461410.430652,4982.720826,0.183673,0.816327,11882 12007 12118 12232 12238 12239 12240 12354 12360 12361 12362 12476 12477 12597 12599
moead,513_e-05,19,10,4900,98,29460718.145925,4885.022978,0.204082,0.795918,11882 11895 12118 12232 12233 12238 12239 12240 12354 12360 12361 12476 12477 12597 12599
moead,513_e-05,19,11,4900,98,29459494.680260,4884.601386,0.224490,0.775510,11882 12118 12232 12233 12238 12239 12240 12354 12360 12361 12362 12476 12477 12597 12599
moead,513_e-05,19,12,4900,98,29459494.680260,4884.601386,0.244898,0.755102,11882 12118 12232 12233 12238 12239 12240 12354 12360 12361 12362 12476 12477 12597 12599
moead,513_e-05,19,13,4900,98,29459322.776614,4876.030103,0.265306,0.734694,11890 12115 12122 12232 12233 12234 12235 12236 12238 12239 12362 12476 12477 12597 12726
moead,513_e-05,19,14,4900,98,29458665.967001,4875.563692,0.285714,0.714286,11890 12115 12232 12233 12234 12235 12236 12238 12239 12241 12362 12476 12477 12597 12726
moead,513_e-05,19,15,4900,98,29456942.405717,4875.451862,0.306122,0.693878,11890 12001 12115 12232 12233 12234 12236 12238 12239 12240 12241 12362 12476 12477 12599
moead,513_e-05,19,16,4900,98,29456942.405717,4875.451862,0.326531,0.673469,11890 12001 12115 12232 12233 12234 12236 12238 12239 12240 12241 12362 12476 12477 12599
moead,513_e-05,19,17,4900,98,29456942.405717,4875.451862,0.346939,0.653061,11890 12001 12115 12232 12233 12234 12236 12238 12239 12240 12241 12362 12476 12477 12599
moead,513_e-05,19,18,4900,98,29456942.405717,4875.451862,0.367347,0.632653,11890 12001 12115 12232 12233 12234 12236 12238 12239 12240 12241 12362 12476 12477 12599
moead,513_e-05,19,19,4900,98,29456942.405717,4875.451862,0.387755,0.612245,11890 12001 12115 12232 12233 12234 12236 12238 12239 12240 12241 12362 12476 12477 12599
moead,513_e-05,19,20,4900,98,29456942.405717,4875.451862,0.408163,0.591837,11890 12001 12115 12232 12233 12234 12236 12238 12239 12240 12241 12362 12476 12477 12599
moead,513_e-05,19,21,4900,98,29456942.405717,4875.451862,0.428571,0.571429,11890 12001 12115 12232 12233 12234 12236 12238 12239 12240 12241 12362 12476 12477 12599
moead,513_e-05,19,22,4900,98,29456942.405717,4875.451862,0.448980,0.551020,11890 12001 12115 12232 12233 12234 12236 12238 12239 12240 12241 12362 12476 12477 12599
moead,513_e-05,19,23,4900,98,29456362.060921,4875.445443,0.469388,0.530612,11890 12115 12232 12233 12234 12235 12236 12238 12239 12240 12241 12362 12476 12477 12599
moead,513_e-05,19,24,4900,98,29456362.060921,4875.445443,0.489796,0.510204,11890 12115 12232 12233 12234 12235 12236 12238 12239 12240 12241 12362 12476 12477 12599
moead,513_e-05,19,25,4900,98,29456362.060921,4875.445443,0.510204,0.489796,11890 12115 12232 12233 12234 12235 12236 12238 12239 12240 12241 12362 12476 12477 12599
moead,513_e-05,19,26,4900,98,29456362.060921,4875.445443,0.530612,0.469388,11890 12115 12232 12233 12234 12235 12236 12238 12239 12240 12241 12362 12476 12477 12599
moead,513_e-05,19,27,4900,98,29456362.060921,4875.445443,0.551020,0.448980,11890 12115 12232 12233 12234 12235 12236 12238 12239 12240 12241 12362 12476 12477 12599
moead,513_e-05,19,28,4900,98,29456248.313679,4875.442289,0.571429,0.428571,11890 12115 12232 12233 12234 12235 12236 12238 12239 12240 12241 12361 12475 12477 12599
moead,513_e-05,19,29,4900,98,29455884.267296,4874.926477,0.591837,0.408163,11890 12000 12115 12232 12233 12234 12235 12236 12238 12240 12360 12361 12475 12477 12599
moead,513_e-05,19,30,4900,98,29455884.267296,4874.926477,0.612245,0.387755,11890 12000 12115 12232 12233 12234 12235 12236 12238 12240 12360 12361 12475 12477 12599
moead,513_e-05,19,31,4900,98,29455884.267296,4874.926477,0.632653,0.367347,11890 12000 12115 12232 12233 12234 12235 12236 12238 12240 12360 12361 12475 12477 12599
moead,513_e-05,19,32,4900,98,29455884.267296,4874.926477,0.653061,0.346939,11890 12000 12115 12232 12233 12234 12235 12236 12238 12240 12360 12361 12475 12477 12599
moead,513_e-05,19,33,4900,98,29455884.267296,4874.926477,0.673469,0.326531,11890 12000 12115 12232 12233 12234 12235 12236 12238 12240 12360 12361 12475 12477 12599
moead,513_e-05,19,34,4900,98,29455327.067058,4872.631759,0.693878,0.306122,11998 12000 12115 12233 12234 12235 12236 12238 12239 12240 12360 12361 12475 12477 12599
moead,513_e-05,19,35,4900,98,29455327.067058,4872.631759,0.714286,0.285714,11998 12000 12115 12233 12234 12235 12236 12238 12239 12240 12360 12361 12475 12477 12599
moead,513_e-05,19,36,4900,98,29455327.067058,4872.631759,0.734694,0.265306,11998 12000 12115 12233 12234 12235 12236 12238 12239 12240 12360 12361 12475 12477 12599
moead,513_e-05,19,37,4900,98,29455327.067058,4872.631759,0.755102,0.244898,11998 12000 12115 12233 12234 12235 12236 12238 12239 12240 12360 12361 12475 12477 12599
moead,513_e-05,19,38,4900,98,29455327.067058,4872.631759,0.775510,0.224490,11998 12000 12115 12233 12234 12235 12236 12238 12239 12240 12360 12361 12475 12477 12599
moead,513_e-05,19,39,4900,98,29455327.067058,4872.631759,0.795918,0.204082,11998 12000 12115 12233 12234 12235 12236 12238 12239 12240 12360 12361 12475 12477 12599
moead,513_e-05,19,40,4900,98,29455327.067058,4872.631759,0.816327,0.183673,11998 12000 12115 12233 12234 12235 12236 12238 12239 12240 12360 12361 12475 12477 12599
moead,513_e-05,19,41,4900,98,29455327.067058,4872.631759,0.836735,0.163265,11998 12000 12115 12233 12234 12235 12236 12238 12239 12240 12360 12361 12475 12477 12599
moead,513_e-05,19,42,4900,98,29455327.067058,4872.631759,0.857143,0.142857,11998 12000 12115 12233 12234 12235 12236 12238 12239 12240 12360 12361 12475 12477 12599
moead,513_e-05,19,43,4900,98,29455327.067058,4872.631759,0.877551,0.122449,11998 12000 12115 12233 12234 12235 12236 12238 12239 12240 12360 12361 12475 12477 12599
moead,513_e-05,19,44,4900,98,29455327.067058,4872.631759,0.897959,0.102041,11998 12000 12115 12233 12234 12235 12236 12238 12239 12240 12360 12361 12475 12477 12599
moead,513_e-05,19,45,4900,98,29455160.077443,4871.950663,0.918367,0.081633,11998 12115 12232 12233 12234 12235 12236 12238 12239 12240 12360 12361 12475 12477 12599
moead,513_e-05,19,46,4900,98,29455160.077443,4871.950663,0.938776,0.061224,11998 12115 12232 12233 12234 12235 12236 12238 12239 12240 12360 12361 12475 12477 12599
moead,513_e-05,19,47,4900,98,29455160.077443,4871.950663,0.959184,0.040816,11998 12115 12232 12233 12234 12235 12236 12238 12239 12240 12360 12361 12475 12477 12599
moead,513_e-05,19,48,4900,98,29455160.077443,4871.950663,0.979592,0.020408,11998 12115 12232 12233 12234 12235 12236 12238 12239 12240 12360 12361 12475 12477 12599
moead,513_e-05,19,49,4900,98,29455160.077443,4871.950663,1.000000,0.000000,11998 12115 12232 12233 12234 12235 12236 12238 12239 12240 12360 12361 12475 12477 12599
moead,513_e-05,19,0,4950,99,37255350.955890,6394.922775,0.000000,1.000000,12599 50236 65344 71843 94496 107182 110905 122254 131539 140617 142441 142922 148710 163769 179922
moead,513_e-05,19,1,4950,99,29505393.092436,5213.827436,0.020408,0.979592,11165 11760 11882 12118 12133 12232 12239 12240 12360 12361 12465 12476 12479 12597 12599
moead,513_e-05,19,2,4950,99,29485387.974694,5200.986462,0.040816,0.959184,11760 11882 12118 12133 12232 12238 12239 12240 12360 12361 12475 12476 12479 12597 12599
moead,513_e-05,19,3,4950,99,29473793.577144,5101.337982,0.061224,0.938776,11580 11882 12118 12133 12232 12238 12239 12240 12360 12361 12475 12476 12479 12597 12599
moead,513_e-05,19,4,4950,99,29469144.222566,5091.151906,0.081633,0.918367,11882 12118 12119 12133 12232 12238 12239 12240 12360 12361 12475 12476 12479 12597 12599
moead,513_e-05,19,5,4950,99,29466115.117559,4992.532490,0.102041,0.897959,11580 11882 12007 12118 12232 12238 12239 12240 12354 12360 12361 12362 12477 12597 12599
moead,513_e-05,19,6,4950,99,29464579.788897,4987.349743,0.122449,0.877551,11882 12118 12232 12238 12239 12360 12361 12362 12475 12476 12477 12481 12597 12599 12730
moead,513_e-05,19,7,4950,99,29462714.929047,4983.467140,0.142857,0.857143,11882 12007 12118 12232 12238 12239 12350 12360 12361 12362 12475 12476 12477 12597 12599
moead,513_e-05,19,8,4950,99,29461410.430652,4982.720826,0.163265,0.836735,11882 12007 12118 12232 12238 12239 12240 12354 12360 12361 12362 12476 12477 12597 12599
moead,513_e-05,19,9,4950,99,29461410.430652,4982.720826,0.183673,0.816327,11882 12007 12118 12232 12238 12239 12240 12354 12360 12361 12362 12476 12477 12597 12599
moead,513_e-05,19,10,4950,99,29460718.145925,4885.022978,0.204082,0.795918,11882 11895 12118 12232 12233 12238 12239 12240 12354 12360 12361 12476 12477 12597 12599
moead,513_e-05,19,11,4950,99,29459494.680260,4884.601386,0.224490,0.775510,11882 12118 12232 12233 12238 12239 12240 12354 12360 12361 12362 12476 12477 12597 12599
moead,513_e-05,19,12,4950,99,29459494.680260,4884.601386,0.244898,0.755102,11882 12118 12232 12233 12238 12239 12240 12354 12360 12361 12362 12476 12477 12597 12599
moead,513_e-05,19,13,4950,99,29459322.776614,4876.030103,0.265306,0.734694,11890 12115 12122 12232 12233 12234 12235 12236 12238 12239 12362 12476 12477 12597 12726
moead,513_e-05,19,14,4950,99,29458665.967001,4875.563692,0.285714,0.714286,11890 12115 12232 12233 12234 12235 12236 12238 12239 12241 12362 12476 12477 12597 12726
moead,513_e-05,19,15,4950,99,29456942.405717,4875.451862,0.306122,0.693878,11890 12001 12115 12232 12233 12234 12236 12238 12239 12240 12241 12362 12476 12477 12599
moead,513_e-05,19,16,4950,99,29456942.405717,4875.451862,0.326531,0.673469,11890 12001 12115 12232 12233 12234 12236 12238 12239 12240 12241 12362 12476 12477 12599
moead,513_e-05,19,17,4950,99,29456942.405717,4875.451862,0.346939,0.653061,11890 12001 12115 12232 12233 12234 12236 12238 12239 12240 12241 12362 12476 12477 12599
moead,513_e-05,19,18,4950,99,29456942.405717,4875.451862,0.367347,0.632653,11890 12001 12115 12232 12233 12234 12236 12238 12239 12240 12241 12362 12476 12477 12599
moead,513_e-05,19,19,4950,99,29456942.405717,4875.451862,0.387755,0.612245,11890 12001 12115 12232 12233 12234 12236 12238 12239 12240 12241 12362 12476 12477 12599
moead,513_e-05,19,20,4950,99,29456942.405717,4875.451862,0.408163,0.591837,11890 12001 12115 12232 12233 12234 12236 12238 12239 12240 12241 12362 12476 12477 12599
moead,513_e-05,19,21,4950,99,29456942.405717,4875.451862,0.428571,0.571429,11890 12001 12115 12232 12233 12234 12236 12238 12239 12240 12241 12362 12476 12477 12599
moead,513_e-05,19,22,4950,99,29456942.405717,4875.451862,0.448980,0.551020,11890 12001 12115 12232 12233 12234 12236 12238 12239 12240 12241 12362 12476 12477 12599
moead,513_e-05,19,23,4950,99,29456362.060921,4875.445443,0.469388,0.530612,11890 12115 12232 12233 12234 12235 12236 12238 12239 12240 12241 12362 12476 12477 12599
moead,513_e-05,19,24,4950,99,29456362.060921,4875.445443,0.489796,0.510204,11890 12115 12232 12233 12234 12235 12236 12238 12239 12240 12241 12362 12476 12477 12599
moead,513_e-05,19,25,4950,99,29456362.060921,4875.445443,0.510204,0.489796,11890 12115 12232 12233 12234 12235 12236 12238 12239 12240 12241 12362 12476 12477 12599
moead,513_e-05,19,26,4950,99,29456362.060921,4875.445443,0.530612,0.469388,11890 12115 12232 12233 12234 12235 12236 12238 12239 12240 12241 12362 12476 12477 12599
moead,513_e-05,19,27,4950,99,29456362.060921,4875.445443,0.551020,0.448980,11890 12115 12232 12233 12234 12235 12236 12238 12239 12240 12241 12362 12476 12477 12599
moead,513_e-05,19,28,4950,99,29456248.313679,4875.442289,0.571429,0.428571,11890 12115 12232 12233 12234 12235 12236 12238 12239 12240 12241 12361 12475 12477 12599
moead,513_e-05,19,29,4950,99,29455884.267296,4874.926477,0.591837,0.408163,11890 12000 12115 12232 12233 12234 12235 12236 12238 12240 12360 12361 12475 12477 12599
moead,513_e-05,19,30,4950,99,29455884.267296,4874.926477,0.612245,0.387755,11890 12000 12115 12232 12233 12234 12235 12236 12238 12240 12360 12361 12475 12477 12599
moead,513_e-05,19,31,4950,99,29455884.267296,4874.926477,0.632653,0.367347,11890 12000 12115 12232 12233 12234 12235 12236 12238 12240 12360 12361 12475 12477 12599
moead,513_e-05,19,32,4950,99,29455884.267296,4874.926477,0.653061,0.346939,11890 12000 12115 12232 12233 12234 12235 12236 12238 12240 12360 12361 12475 12477 12599
moead,513_e-05,19,33,4950,99,29455884.267296,4874.926477,0.673469,0.326531,11890 12000 12115 12232 12233 12234 12235 12236 12238 12240 12360 12361 12475 12477 12599
moead,513_e-05,19,34,4950,99,29455327.067058,4872.631759,0.693878,0.306122,11998 12000 12115 12233 12234 12235 12236 12238 12239 12240 12360 12361 12475 12477 12599
moead,513_e-05,19,35,4950,99,29455327.067058,4872.631759,0.714286,0.285714,11998 12000 12115 12233 12234 12235 12236 12238 12239 12240 12360 12361 12475 12477 12599
moead,513_e-05,19,36,4950,99,29455327.067058,4872.631759,0.734694,0.265306,11998 12000 12115 12233 12234 12235 12236 12238 12239 12240 12360 12361 12475 12477 12599
moead,513_e-05,19,37,4950,99,29455327.067058,4872.631759,0.755102,0.244898,11998 12000 12115 12233 12234 12235 12236 12238 12239 12240 12360 12361 12475 12477 12599
moead,513_e-05,19,38,4950,99,29455327.067058,4872.631759,0.775510,0.224490,11998 12000 12115 12233 12234 12235 12236 12238 12239 12240 12360 12361 12475 12477 12599
moead,513_e-05,19,39,4950,99,29455327.067058,4872.631759,0.795918,0.204082,11998 12000 12115 12233 12234 12235 12236 12238 12239 12240 12360 12361 12475 12477 12599
moead,513_e-05,19,40,4950,99,29455327.067058,4872.631759,0.816327,0.183673,11998 12000 12115 12233 12234 12235 12236 12238 12239 12240 12360 12361 12475 12477 12599
moead,513_e-05,19,41,4950,99,29455327.067058,4872.631759,0.836735,0.163265,11998 12000 12115 12233 12234 12235 12236 12238 12239 12240 12360 12361 12475 12477 12599
moead,513_e-05,19,42,4950,99,29455327.067058,4872.631759,0.857143,0.142857,11998 12000 12115 12233 12234 12235 12236 12238 12239 12240 12360 12361 12475 12477 12599
moead,513_e-05,19,43,4950,99,29455327.067058,4872.631759,0.877551,0.122449,11998 12000 12115 12233 12234 12235 12236 12238 12239 12240 12360 12361 12475 12477 12599
moead,513_e-05,19,44,4950,99,29455327.067058,4872.631759,0.897959,0.102041,11998 12000 12115 12233 12234 12235 12236 12238 12239 12240 12360 12361 12475 12477 12599
moead,513_e-05,19,45,4950,99,29455160.077443,4871.950663,0.918367,0.081633,11998 12115 12232 12233 12234 12235 12236 12238 12239 12240 12360 12361 12475 12477 12599
moead,513_e-05,19,46,4950,99,29455160.077443,4871.950663,0.938776,0.061224,11998 12115 12232 12233 12234 12235 12236 12238 12239 12240 12360 12361 12475 12477 12599
moead,513_e-05,19,47,4950,99,29455160.077443,4871.950663,0.959184,0.040816,11998 12115 12232 12233 12234 12235 12236 12238 12239 12240 12360 12361 12475 12477 12599
moead,513_e-05,19,48,4950,99,29455160.077443,4871.950663,0.979592,0.020408,11998 12115 12232 12233 12234 12235 12236 12238 12239 12240 12360 12361 12475 12477 12599
moead,513_e-05,19,49,4950,99,29455160.077443,4871.950663,1.000000,0.000000,11998 12115 12232 12233 12234 12235 12236 12238 12239 12240 12360 12361 12475 12477 12599
