120213.4525432703 115914.8279355612
120373.2818242279 115914.8279355612
120533.1111051855 115914.8279355612
120533.1111051855 115597.8353202551
120373.2818242279 115439.3390126020
120533.1111051855 115439.3390126020
120533.1111051855 115122.3463972959
120213.4525432703 114963.8500896429
120533.1111051855 114805.3537819898
110463.8664048569 114646.8574743367
120533.1111051855 114488.3611666837
110623.6956858145 114329.8648590306
120213.4525432703 114329.8648590306
120533.1111051855 114171.3685513776
110623.6956858145 114012.8722437245
120533.1111051855 114012.8722437245
121332.2575099735 111793.9239365816
121012.5989480583 111952.4202442347
120373.2818242279 111952.4202442347
120692.9403861431 112110.9165518878
120373.2818242279 112269.4128595408
120692.9403861431 112427.9091671939
120373.2818242279 112586.4054748469
120692.9403861431 112744.9017825000
120373.2818242279 112903.3980901531
120692.9403861431 113061.8943978061
120373.2818242279 113220.3907054592
120692.9403861431 113378.8870131122
111103.1835286873 113537.3833207653
120533.1111051855 113695.8796284184
110623.6956858145 113695.8796284184

120213.4525432703 115914.8279355612
120373.2818242279 115914.8279355612
120373.2818242279 115756.3316279082
120533.1111051855 115597.8353202551
120213.4525432703 115439.3390126020
120373.2818242279 115439.3390126020
120533.1111051855 115439.3390126020
120373.2818242279 115122.3463972959
120533.1111051855 115122.3463972959
120852.7696671007 111952.4202442347
120692.9403861431 111952.4202442347
120692.9403861431 112110.9165518878
120533.1111051855 112269.4128595408
120692.9403861431 112427.9091671939
120533.1111051855 112427.9091671939
120533.1111051855 112586.4054748469
120692.9403861431 112744.9017825000
120373.2818242279 112903.3980901531
120692.9403861431 113061.8943978061
120373.2818242279 113220.3907054592
120692.9403861431 113378.8870131122
120533.1111051855 113537.3833207653
120373.2818242279 113537.3833207653
120533.1111051855 113695.8796284184
120213.4525432703 115756.3316279082
120533.1111051855 114171.3685513776
120533.1111051855 114488.3611666837
120373.2818242279 114488.3611666837
120533.1111051855 114805.3537819898
120373.2818242279 115597.8353202551
120533.1111051855 115914.8279355612

101513.4266712315 116231.8205508673
110304.0371238993 116231.8205508673
96878.3775234611 116073.3242432143
97517.6946472915 116073.3242432143
110463.8664048569 115914.8279355612
119733.9647003975 115914.8279355612
106468.1343809170 115756.3316279082
120213.4525432703 115756.3316279082
107107.4515047474 115439.3390126020
120213.4525432703 115439.3390126020
110304.0371238993 115280.8427049490
120533.1111051855 115122.3463972959
110463.8664048569 114963.8500896429
120533.1111051855 114805.3537819898
110463.8664048569 114646.8574743367
120533.1111051855 114488.3611666837
123410.0381624223 111476.9313212755
121332.2575099735 111793.9239365816
121012.5989480583 111952.4202442347
120692.9403861431 112110.9165518878
123250.2088814647 112269.4128595408
120692.9403861431 112427.9091671939
120692.9403861431 112744.9017825000
120692.9403861431 113061.8943978061
120692.9403861431 113378.8870131122
111103.1835286873 113537.3833207653
120533.1111051855 113695.8796284184
110623.6956858145 113695.8796284184
110623.6956858145 114012.8722437245
120533.1111051855 114171.3685513776
110623.6956858145 114329.8648590306

120213.4525432703 115914.8279355612
120373.2818242279 115914.8279355612
120533.1111051855 115914.8279355612
120373.2818242279 115756.3316279082
120373.2818242279 115597.8353202551
120533.1111051855 115597.8353202551
120213.4525432703 115439.3390126020
120373.2818242279 115439.3390126020
120533.1111051855 115439.3390126020
120373.2818242279 115122.3463972959
120533.1111051855 115122.3463972959
120533.1111051855 114805.3537819898
120373.2818242279 114488.3611666837
120533.1111051855 114488.3611666837
120852.7696671007 111952.4202442347
120692.9403861431 111952.4202442347
120692.9403861431 112110.9165518878
120533.1111051855 112269.4128595408
120692.9403861431 112427.9091671939
120533.1111051855 112586.4054748469
120692.9403861431 112744.9017825000
120692.9403861431 113061.8943978061
120373.2818242279 113220.3907054592
120692.9403861431 113378.8870131122
120533.1111051855 113537.3833207653
120373.2818242279 113537.3833207653
120533.1111051855 113695.8796284184
120533.1111051855 113854.3759360714
120533.1111051855 114012.8722437245
120373.2818242279 114012.8722437245
120533.1111051855 114171.3685513776

110304.0371238993 116231.8205508673
110463.8664048569 115914.8279355612
119733.9647003975 115914.8279355612
120533.1111051855 115914.8279355612
120213.4525432703 115756.3316279082
120533.1111051855 115597.8353202551
110304.0371238993 115280.8427049490
120533.1111051855 115122.3463972959
110463.8664048569 114963.8500896429
120533.1111051855 114805.3537819898
110463.8664048569 114646.8574743367
120533.1111051855 114488.3611666837
110623.6956858145 114329.8648590306
126766.4530625318 111001.4423983163
123410.0381624223 111476.9313212755
123250.2088814647 111793.9239365816
121332.2575099735 111793.9239365816
121012.5989480583 111952.4202442347
120692.9403861431 112110.9165518878
123250.2088814647 112269.4128595408
120692.9403861431 112427.9091671939
123569.8674433799 112744.9017825000
120692.9403861431 112744.9017825000
120692.9403861431 113061.8943978061
120692.9403861431 113378.8870131122
111103.1835286873 113537.3833207653
120533.1111051855 113695.8796284184
110623.6956858145 113695.8796284184
110623.6956858145 114012.8722437245
120533.1111051855 114171.3685513776
123569.8674433799 115439.3390126020

119733.9647003975 115914.8279355612
120373.2818242279 115914.8279355612
120533.1111051855 115914.8279355612
120533.1111051855 115597.8353202551
120213.4525432703 115439.3390126020
110304.0371238993 115280.8427049490
120373.2818242279 115122.3463972959
120533.1111051855 115122.3463972959
110463.8664048569 114963.8500896429
120533.1111051855 114805.3537819898
110463.8664048569 114646.8574743367
120533.1111051855 114488.3611666837
110623.6956858145 114329.8648590306
120533.1111051855 114171.3685513776
110623.6956858145 114012.8722437245
120373.2818242279 114012.8722437245
110623.6956858145 113695.8796284184
120533.1111051855 113695.8796284184
111103.1835286873 113537.3833207653
120692.9403861431 113378.8870131122
120373.2818242279 113220.3907054592
120692.9403861431 113061.8943978061
120692.9403861431 112744.9017825000
123569.8674433799 112744.9017825000
120373.2818242279 112586.4054748469
121332.2575099735 111793.9239365816
121012.5989480583 111952.4202442347
120692.9403861431 111952.4202442347
120692.9403861431 112110.9165518878
120373.2818242279 112269.4128595408
120692.9403861431 112427.9091671939

119733.9647003975 115914.8279355612
120373.2818242279 115914.8279355612
120533.1111051855 115914.8279355612
110463.8664048569 115756.3316279082
123410.0381624223 115756.3316279082
126766.4530625318 111001.4423983163
126606.6237815742 111476.9313212755
123410.0381624223 111476.9313212755
121332.2575099735 111793.9239365816
123410.0381624223 111952.4202442347
121012.5989480583 111952.4202442347
120692.9403861431 112110.9165518878
123250.2088814647 112269.4128595408
120692.9403861431 112427.9091671939
123569.8674433799 112744.9017825000
120692.9403861431 112744.9017825000
120692.9403861431 113061.8943978061
120692.9403861431 113378.8870131122
111103.1835286873 113537.3833207653
120533.1111051855 113695.8796284184
110623.6956858145 113695.8796284184
110623.6956858145 114012.8722437245
120533.1111051855 114171.3685513776
110623.6956858145 114329.8648590306
120533.1111051855 114488.3611666837
110463.8664048569 114646.8574743367
120533.1111051855 114805.3537819898
110463.8664048569 114963.8500896429
120533.1111051855 115122.3463972959
110304.0371238993 115280.8427049490
120213.4525432703 115439.3390126020

119733.9647003975 115914.8279355612
120373.2818242279 115914.8279355612
120533.1111051855 115914.8279355612
110463.8664048569 115756.3316279082
123410.0381624223 115756.3316279082
120533.1111051855 115439.3390126020
123569.8674433799 115439.3390126020
110304.0371238993 115280.8427049490
120533.1111051855 115122.3463972959
110463.8664048569 114963.8500896429
120533.1111051855 114805.3537819898
110463.8664048569 114646.8574743367
120533.1111051855 114488.3611666837
110623.6956858145 114329.8648590306
120533.1111051855 114171.3685513776
126766.4530625318 111001.4423983163
123410.0381624223 111476.9313212755
123250.2088814647 111793.9239365816
121332.2575099735 111793.9239365816
121012.5989480583 111952.4202442347
120692.9403861431 112110.9165518878
123250.2088814647 112269.4128595408
120692.9403861431 112427.9091671939
123569.8674433799 112744.9017825000
120692.9403861431 112744.9017825000
120692.9403861431 113061.8943978061
120692.9403861431 113378.8870131122
111103.1835286873 113537.3833207653
120533.1111051855 113695.8796284184
110623.6956858145 113695.8796284184
110623.6956858145 114012.8722437245

119733.9647003975 115914.8279355612
120373.2818242279 115914.8279355612
120533.1111051855 115914.8279355612
120533.1111051855 115597.8353202551
120213.4525432703 115439.3390126020
120373.2818242279 115122.3463972959
120533.1111051855 115122.3463972959
110463.8664048569 114963.8500896429
120533.1111051855 114805.3537819898
110463.8664048569 114646.8574743367
120533.1111051855 114488.3611666837
110623.6956858145 114329.8648590306
120533.1111051855 114171.3685513776
110623.6956858145 114012.8722437245
110623.6956858145 113695.8796284184
120533.1111051855 113695.8796284184
111103.1835286873 113537.3833207653
120373.2818242279 113537.3833207653
120692.9403861431 113378.8870131122
120373.2818242279 113220.3907054592
120692.9403861431 113061.8943978061
120692.9403861431 112744.9017825000
123569.8674433799 112744.9017825000
120373.2818242279 112586.4054748469
120692.9403861431 112427.9091671939
120373.2818242279 112269.4128595408
123250.2088814647 112269.4128595408
120692.9403861431 112110.9165518878
121332.2575099735 111793.9239365816
121012.5989480583 111952.4202442347
120373.2818242279 111952.4202442347

97357.8653663339 116231.8205508673
97997.1824901643 116231.8205508673
106308.3050999594 116231.8205508673
110304.0371238993 116231.8205508673
106787.7929428322 115914.8279355612
110463.8664048569 115914.8279355612
107267.2807857049 115756.3316279082
120213.4525432703 115756.3316279082
120533.1111051855 115597.8353202551
106947.6222237898 115280.8427049490
110304.0371238993 115280.8427049490
107427.1100666626 114963.8500896429
110304.0371238993 114963.8500896429
120213.4525432703 114963.8500896429
106627.9636618746 114805.3537819898
110463.8664048569 114646.8574743367
120533.1111051855 114488.3611666837
110623.6956858145 114329.8648590306
120533.1111051855 114171.3685513776
110304.0371238993 113854.3759360714
112861.3056192208 113854.3759360714
110623.6956858145 113695.8796284184
120533.1111051855 113695.8796284184
111103.1835286873 113537.3833207653
120373.2818242279 113220.3907054592
120692.9403861431 113061.8943978061
120692.9403861431 112744.9017825000
120692.9403861431 112427.9091671939
120692.9403861431 112110.9165518878
121012.5989480583 111952.4202442347
121332.2575099735 111793.9239365816

97357.8653663339 116390.3168585204
110304.0371238993 116231.8205508673
110463.8664048569 115914.8279355612
119733.9647003975 115914.8279355612
120213.4525432703 115756.3316279082
120533.1111051855 115597.8353202551
123569.8674433799 115439.3390126020
110304.0371238993 115280.8427049490
120533.1111051855 115122.3463972959
110463.8664048569 114963.8500896429
120533.1111051855 114805.3537819898
110463.8664048569 114646.8574743367
126766.4530625318 111001.4423983163
123410.0381624223 111476.9313212755
123250.2088814647 111793.9239365816
121332.2575099735 111793.9239365816
121012.5989480583 111952.4202442347
120692.9403861431 112110.9165518878
123250.2088814647 112269.4128595408
120692.9403861431 112427.9091671939
123569.8674433799 112744.9017825000
120692.9403861431 112744.9017825000
120692.9403861431 113061.8943978061
120692.9403861431 113378.8870131122
120373.2818242279 113537.3833207653
111103.1835286873 113537.3833207653
110623.6956858145 113695.8796284184
110623.6956858145 114012.8722437245
120533.1111051855 114171.3685513776
110623.6956858145 114329.8648590306
120533.1111051855 114488.3611666837

119733.9647003975 115914.8279355612
120373.2818242279 115914.8279355612
120533.1111051855 115914.8279355612
120533.1111051855 115597.8353202551
120213.4525432703 115439.3390126020
123569.8674433799 115439.3390126020
110304.0371238993 115280.8427049490
120373.2818242279 115122.3463972959
120533.1111051855 115122.3463972959
110463.8664048569 114963.8500896429
120533.1111051855 114805.3537819898
110463.8664048569 114646.8574743367
120533.1111051855 114488.3611666837
110623.6956858145 114329.8648590306
120533.1111051855 114171.3685513776
110623.6956858145 114012.8722437245
110623.6956858145 113695.8796284184
111103.1835286873 113537.3833207653
120373.2818242279 113537.3833207653
123410.0381624223 111476.9313212755
123250.2088814647 111793.9239365816
121332.2575099735 111793.9239365816
121012.5989480583 111952.4202442347
120692.9403861431 112110.9165518878
123250.2088814647 112269.4128595408
120692.9403861431 112427.9091671939
123569.8674433799 112744.9017825000
120692.9403861431 112744.9017825000
120692.9403861431 113061.8943978061
120373.2818242279 113220.3907054592
120692.9403861431 113378.8870131122

97517.6946472915 116231.8205508673
101353.5973902738 116231.8205508673
110304.0371238993 116231.8205508673
110463.8664048569 115914.8279355612
119733.9647003975 115914.8279355612
120533.1111051855 115914.8279355612
102152.7437950618 115756.3316279082
106468.1343809170 115756.3316279082
107107.4515047474 115439.3390126020
120213.4525432703 115439.3390126020
110304.0371238993 115280.8427049490
120533.1111051855 115122.3463972959
110463.8664048569 114963.8500896429
120533.1111051855 114805.3537819898
110463.8664048569 114646.8574743367
120533.1111051855 114488.3611666837
110623.6956858145 114329.8648590306
121332.2575099735 111793.9239365816
121012.5989480583 111952.4202442347
120692.9403861431 112110.9165518878
120692.9403861431 112427.9091671939
120692.9403861431 112744.9017825000
120692.9403861431 113061.8943978061
120373.2818242279 113220.3907054592
111103.1835286873 113537.3833207653
120533.1111051855 113695.8796284184
110623.6956858145 113695.8796284184
112861.3056192208 113854.3759360714
110304.0371238993 113854.3759360714
120533.1111051855 114171.3685513776
106627.9636618746 114805.3537819898

110304.0371238993 116231.8205508673
110463.8664048569 115914.8279355612
119733.9647003975 115914.8279355612
120533.1111051855 115914.8279355612
120213.4525432703 115756.3316279082
120533.1111051855 115597.8353202551
110304.0371238993 115280.8427049490
126766.4530625318 111001.4423983163
123410.0381624223 111476.9313212755
123250.2088814647 111793.9239365816
121332.2575099735 111793.9239365816
121012.5989480583 111952.4202442347
120692.9403861431 112110.9165518878
123250.2088814647 112269.4128595408
120692.9403861431 112427.9091671939
123569.8674433799 112744.9017825000
120692.9403861431 112744.9017825000
120692.9403861431 113061.8943978061
120692.9403861431 113378.8870131122
120373.2818242279 113537.3833207653
111103.1835286873 113537.3833207653
110623.6956858145 113695.8796284184
110623.6956858145 114012.8722437245
120533.1111051855 114171.3685513776
110623.6956858145 114329.8648590306
120533.1111051855 114488.3611666837
110463.8664048569 114646.8574743367
120533.1111051855 114805.3537819898
110463.8664048569 114963.8500896429
120533.1111051855 115122.3463972959
123569.8674433799 115439.3390126020

119733.9647003975 115914.8279355612
120373.2818242279 115914.8279355612
120533.1111051855 115914.8279355612
120533.1111051855 115597.8353202551
120213.4525432703 115439.3390126020
110304.0371238993 115280.8427049490
120373.2818242279 115122.3463972959
120533.1111051855 115122.3463972959
110463.8664048569 114963.8500896429
120533.1111051855 114805.3537819898
110463.8664048569 114646.8574743367
120533.1111051855 114488.3611666837
110623.6956858145 114329.8648590306
120533.1111051855 114171.3685513776
110623.6956858145 114012.8722437245
120373.2818242279 114012.8722437245
110623.6956858145 113695.8796284184
120533.1111051855 113695.8796284184
111103.1835286873 113537.3833207653
126766.4530625318 111001.4423983163
123410.0381624223 111476.9313212755
123250.2088814647 111793.9239365816
121332.2575099735 111793.9239365816
121012.5989480583 111952.4202442347
120692.9403861431 112110.9165518878
123250.2088814647 112269.4128595408
120692.9403861431 112427.9091671939
123569.8674433799 112744.9017825000
120692.9403861431 112744.9017825000
120692.9403861431 113061.8943978061
120692.9403861431 113378.8870131122

120213.4525432703 115914.8279355612
120373.2818242279 115914.8279355612
120533.1111051855 115914.8279355612
120533.1111051855 115597.8353202551
120373.2818242279 115439.3390126020
120533.1111051855 115439.3390126020
120533.1111051855 115122.3463972959
120213.4525432703 114963.8500896429
120533.1111051855 114805.3537819898
120533.1111051855 114488.3611666837
110623.6956858145 114329.8648590306
120213.4525432703 114329.8648590306
120533.1111051855 114171.3685513776
121332.2575099735 111793.9239365816
121012.5989480583 111952.4202442347
120692.9403861431 111952.4202442347
120692.9403861431 112110.9165518878
120692.9403861431 112427.9091671939
120373.2818242279 112586.4054748469
120692.9403861431 112744.9017825000
120373.2818242279 112903.3980901531
120692.9403861431 113061.8943978061
120373.2818242279 113220.3907054592
120692.9403861431 113378.8870131122
120373.2818242279 113537.3833207653
111103.1835286873 113537.3833207653
120533.1111051855 113695.8796284184
110623.6956858145 113695.8796284184
120533.1111051855 114012.8722437245
120373.2818242279 114012.8722437245
110623.6956858145 114012.8722437245

120213.4525432703 115914.8279355612
120373.2818242279 115914.8279355612
120533.1111051855 115914.8279355612
120373.2818242279 115756.3316279082
120533.1111051855 115597.8353202551
120373.2818242279 115439.3390126020
120533.1111051855 115439.3390126020
120373.2818242279 115122.3463972959
120533.1111051855 115122.3463972959
120213.4525432703 114963.8500896429
120533.1111051855 114805.3537819898
120533.1111051855 114488.3611666837
110623.6956858145 114329.8648590306
120533.1111051855 114171.3685513776
110623.6956858145 114012.8722437245
120533.1111051855 114012.8722437245
110623.6956858145 113695.8796284184
120533.1111051855 113695.8796284184
120373.2818242279 113537.3833207653
120692.9403861431 113378.8870131122
120373.2818242279 113220.3907054592
120692.9403861431 113061.8943978061
120373.2818242279 112903.3980901531
120692.9403861431 112744.9017825000
120373.2818242279 112586.4054748469
121332.2575099735 111793.9239365816
121012.5989480583 111952.4202442347
120692.9403861431 111952.4202442347
120692.9403861431 112110.9165518878
120373.2818242279 112269.4128595408
120692.9403861431 112427.9091671939

119733.9647003975 115914.8279355612
120373.2818242279 115914.8279355612
120533.1111051855 115914.8279355612
120533.1111051855 115597.8353202551
120213.4525432703 115439.3390126020
120373.2818242279 115122.3463972959
120533.1111051855 115122.3463972959
110463.8664048569 114963.8500896429
120533.1111051855 114805.3537819898
110463.8664048569 114646.8574743367
120533.1111051855 114488.3611666837
110623.6956858145 114329.8648590306
120533.1111051855 114171.3685513776
110623.6956858145 114012.8722437245
110623.6956858145 113695.8796284184
120533.1111051855 113695.8796284184
111103.1835286873 113537.3833207653
120373.2818242279 113537.3833207653
121332.2575099735 111793.9239365816
121012.5989480583 111952.4202442347
120373.2818242279 111952.4202442347
120692.9403861431 112110.9165518878
120373.2818242279 112269.4128595408
120692.9403861431 112427.9091671939
120373.2818242279 112586.4054748469
120692.9403861431 112744.9017825000
120373.2818242279 112903.3980901531
120692.9403861431 113061.8943978061
120373.2818242279 113220.3907054592
120692.9403861431 113378.8870131122
120373.2818242279 114012.8722437245

120213.4525432703 115914.8279355612
120373.2818242279 115914.8279355612
120533.1111051855 115914.8279355612
120373.2818242279 115756.3316279082
120533.1111051855 115597.8353202551
120373.2818242279 115439.3390126020
120533.1111051855 115439.3390126020
120373.2818242279 115122.3463972959
120533.1111051855 115122.3463972959
120213.4525432703 114963.8500896429
120533.1111051855 114805.3537819898
120373.2818242279 114488.3611666837
120533.1111051855 114488.3611666837
121332.2575099735 111793.9239365816
121012.5989480583 111952.4202442347
120373.2818242279 111952.4202442347
120692.9403861431 112110.9165518878
120373.2818242279 112269.4128595408
120692.9403861431 112427.9091671939
120373.2818242279 112586.4054748469
120692.9403861431 112744.9017825000
120373.2818242279 112903.3980901531
120692.9403861431 113061.8943978061
120373.2818242279 113220.3907054592
120692.9403861431 113378.8870131122
120373.2818242279 113537.3833207653
120533.1111051855 113695.8796284184
110623.6956858145 113695.8796284184
120533.1111051855 114012.8722437245
120373.2818242279 114012.8722437245
120533.1111051855 114171.3685513776

119733.9647003975 115914.8279355612
120373.2818242279 115914.8279355612
120533.1111051855 115914.8279355612
120533.1111051855 115597.8353202551
120213.4525432703 115439.3390126020
110304.0371238993 115280.8427049490
120373.2818242279 115122.3463972959
120533.1111051855 115122.3463972959
110463.8664048569 114963.8500896429
120533.1111051855 114805.3537819898
110463.8664048569 114646.8574743367
120533.1111051855 114488.3611666837
110623.6956858145 114329.8648590306
120533.1111051855 114171.3685513776
110623.6956858145 114012.8722437245
120533.1111051855 114012.8722437245
110623.6956858145 113695.8796284184
120533.1111051855 113695.8796284184
111103.1835286873 113537.3833207653
120373.2818242279 113537.3833207653
120692.9403861431 113378.8870131122
123410.0381624223 111476.9313212755
121332.2575099735 111793.9239365816
121012.5989480583 111952.4202442347
120692.9403861431 112110.9165518878
123250.2088814647 112269.4128595408
120692.9403861431 112427.9091671939
123569.8674433799 112744.9017825000
120692.9403861431 112744.9017825000
120373.2818242279 112903.3980901531
120692.9403861431 113061.8943978061

97357.8653663339 116390.3168585204
110304.0371238993 116231.8205508673
110463.8664048569 115914.8279355612
119733.9647003975 115914.8279355612
120213.4525432703 115756.3316279082
120533.1111051855 115597.8353202551
110304.0371238993 115280.8427049490
120533.1111051855 115122.3463972959
110463.8664048569 114963.8500896429
120533.1111051855 114805.3537819898
110463.8664048569 114646.8574743367
126766.4530625318 111001.4423983163
126606.6237815742 111476.9313212755
123410.0381624223 111476.9313212755
121332.2575099735 111793.9239365816
123410.0381624223 111952.4202442347
121012.5989480583 111952.4202442347
120692.9403861431 112110.9165518878
123250.2088814647 112269.4128595408
120692.9403861431 112427.9091671939
123569.8674433799 112744.9017825000
120692.9403861431 112744.9017825000
120692.9403861431 113061.8943978061
120692.9403861431 113378.8870131122
111103.1835286873 113537.3833207653
120533.1111051855 113695.8796284184
110623.6956858145 113695.8796284184
110623.6956858145 114012.8722437245
120533.1111051855 114171.3685513776
110623.6956858145 114329.8648590306
120533.1111051855 114488.3611666837

119733.9647003975 115914.8279355612
120373.2818242279 115914.8279355612
120533.1111051855 115914.8279355612
120533.1111051855 115597.8353202551
120213.4525432703 115439.3390126020
123569.8674433799 115439.3390126020
110304.0371238993 115280.8427049490
120533.1111051855 115122.3463972959
110463.8664048569 114963.8500896429
120533.1111051855 114805.3537819898
110463.8664048569 114646.8574743367
120533.1111051855 114488.3611666837
110623.6956858145 114329.8648590306
120533.1111051855 114171.3685513776
110623.6956858145 114012.8722437245
120373.2818242279 114012.8722437245
110623.6956858145 113695.8796284184
120533.1111051855 113695.8796284184
111103.1835286873 113537.3833207653
120692.9403861431 113378.8870131122
120373.2818242279 113220.3907054592
120692.9403861431 113061.8943978061
123410.0381624223 111476.9313212755
123250.2088814647 111793.9239365816
121332.2575099735 111793.9239365816
121012.5989480583 111952.4202442347
120692.9403861431 112110.9165518878
123250.2088814647 112269.4128595408
120692.9403861431 112427.9091671939
123569.8674433799 112744.9017825000
120692.9403861431 112744.9017825000

119733.9647003975 115914.8279355612
120533.1111051855 115914.8279355612
110463.8664048569 115756.3316279082
120213.4525432703 115756.3316279082
120533.1111051855 115597.8353202551
120213.4525432703 115439.3390126020
110304.0371238993 115280.8427049490
120533.1111051855 115122.3463972959
110463.8664048569 114963.8500896429
120533.1111051855 114805.3537819898
110463.8664048569 114646.8574743367
126766.4530625318 111001.4423983163
123410.0381624223 111476.9313212755
123250.2088814647 111793.9239365816
121332.2575099735 111793.9239365816
121012.5989480583 111952.4202442347
120692.9403861431 112110.9165518878
123250.2088814647 112269.4128595408
120692.9403861431 112427.9091671939
123569.8674433799 112744.9017825000
120692.9403861431 112744.9017825000
120692.9403861431 113061.8943978061
120692.9403861431 113378.8870131122
111103.1835286873 113537.3833207653
120533.1111051855 113695.8796284184
110623.6956858145 113695.8796284184
110623.6956858145 114012.8722437245
120533.1111051855 114171.3685513776
110623.6956858145 114329.8648590306
120533.1111051855 114488.3611666837
123569.8674433799 115439.3390126020

120213.4525432703 115914.8279355612
120373.2818242279 115914.8279355612
120533.1111051855 115914.8279355612
120373.2818242279 115597.8353202551
120533.1111051855 115597.8353202551
120373.2818242279 115439.3390126020
120533.1111051855 115439.3390126020
120373.2818242279 115122.3463972959
120533.1111051855 115122.3463972959
120213.4525432703 114963.8500896429
120533.1111051855 114805.3537819898
120373.2818242279 114488.3611666837
120533.1111051855 114488.3611666837
121332.2575099735 111793.9239365816
121012.5989480583 111952.4202442347
120692.9403861431 111952.4202442347
120692.9403861431 112110.9165518878
120373.2818242279 112269.4128595408
120692.9403861431 112427.9091671939
120373.2818242279 112586.4054748469
120692.9403861431 112744.9017825000
120373.2818242279 112903.3980901531
120692.9403861431 113061.8943978061
120373.2818242279 113220.3907054592
120692.9403861431 113378.8870131122
120373.2818242279 113537.3833207653
120533.1111051855 113695.8796284184
110463.8664048569 113695.8796284184
120533.1111051855 114012.8722437245
120373.2818242279 114012.8722437245
120533.1111051855 114171.3685513776

120213.4525432703 115914.8279355612
120373.2818242279 115914.8279355612
120533.1111051855 115914.8279355612
120373.2818242279 115756.3316279082
120373.2818242279 115597.8353202551
120533.1111051855 115597.8353202551
120213.4525432703 115439.3390126020
120373.2818242279 115439.3390126020
120533.1111051855 115439.3390126020
120373.2818242279 115122.3463972959
120533.1111051855 115122.3463972959
120533.1111051855 114805.3537819898
120373.2818242279 114488.3611666837
120533.1111051855 114488.3611666837
121332.2575099735 111793.9239365816
121012.5989480583 111952.4202442347
120692.9403861431 111952.4202442347
120692.9403861431 112110.9165518878
120373.2818242279 112269.4128595408
120692.9403861431 112427.9091671939
120373.2818242279 112586.4054748469
120692.9403861431 112744.9017825000
120373.2818242279 112903.3980901531
120692.9403861431 113061.8943978061
120373.2818242279 113220.3907054592
120692.9403861431 113378.8870131122
120373.2818242279 113537.3833207653
120533.1111051855 113695.8796284184
110463.8664048569 113695.8796284184
120533.1111051855 114012.8722437245
120373.2818242279 114012.8722437245

97357.8653663339 116390.3168585204
110304.0371238993 116231.8205508673
110463.8664048569 115914.8279355612
119733.9647003975 115914.8279355612
120213.4525432703 115756.3316279082
120533.1111051855 115597.8353202551
123569.8674433799 115439.3390126020
110304.0371238993 115280.8427049490
120533.1111051855 115122.3463972959
110463.8664048569 114963.8500896429
120533.1111051855 114805.3537819898
110463.8664048569 114646.8574743367
120533.1111051855 114488.3611666837
110623.6956858145 114329.8648590306
120533.1111051855 114171.3685513776
110623.6956858145 114012.8722437245
110623.6956858145 113695.8796284184
120533.1111051855 113695.8796284184
126766.4530625318 111001.4423983163
123410.0381624223 111476.9313212755
123250.2088814647 111793.9239365816
121332.2575099735 111793.9239365816
121012.5989480583 111952.4202442347
120692.9403861431 112110.9165518878
123250.2088814647 112269.4128595408
120692.9403861431 112427.9091671939
123569.8674433799 112744.9017825000
120692.9403861431 112744.9017825000
120692.9403861431 113061.8943978061
120692.9403861431 113378.8870131122
111103.1835286873 113537.3833207653

120213.4525432703 115914.8279355612
120373.2818242279 115914.8279355612
120533.1111051855 115914.8279355612
120373.2818242279 115597.8353202551
120533.1111051855 115597.8353202551
120373.2818242279 115439.3390126020
120533.1111051855 115439.3390126020
120373.2818242279 115122.3463972959
120533.1111051855 115122.3463972959
120213.4525432703 114963.8500896429
120533.1111051855 114805.3537819898
120373.2818242279 114488.3611666837
120533.1111051855 114488.3611666837
120533.1111051855 114171.3685513776
120373.2818242279 114012.8722437245
120533.1111051855 114012.8722437245
110463.8664048569 113695.8796284184
120533.1111051855 113695.8796284184
120373.2818242279 113537.3833207653
120692.9403861431 113378.8870131122
120373.2818242279 113220.3907054592
120692.9403861431 113061.8943978061
120852.7696671007 111952.4202442347
120692.9403861431 111952.4202442347
120692.9403861431 112110.9165518878
120533.1111051855 112269.4128595408
120692.9403861431 112427.9091671939
120533.1111051855 112427.9091671939
120533.1111051855 112586.4054748469
120692.9403861431 112744.9017825000
120373.2818242279 112903.3980901531

119733.9647003975 115914.8279355612
120533.1111051855 115914.8279355612
110463.8664048569 115756.3316279082
120213.4525432703 115756.3316279082
120533.1111051855 115597.8353202551
120213.4525432703 115439.3390126020
110304.0371238993 115280.8427049490
120533.1111051855 115122.3463972959
110463.8664048569 114963.8500896429
120533.1111051855 114805.3537819898
110463.8664048569 114646.8574743367
120533.1111051855 114488.3611666837
110623.6956858145 114329.8648590306
120533.1111051855 114171.3685513776
110623.6956858145 114012.8722437245
110623.6956858145 113695.8796284184
120533.1111051855 113695.8796284184
111103.1835286873 113537.3833207653
120692.9403861431 113378.8870131122
120692.9403861431 113061.8943978061
120692.9403861431 112744.9017825000
123569.8674433799 112744.9017825000
120692.9403861431 112427.9091671939
123250.2088814647 112269.4128595408
120692.9403861431 112110.9165518878
120373.2818242279 111952.4202442347
121012.5989480583 111952.4202442347
123410.0381624223 111952.4202442347
121332.2575099735 111793.9239365816
126766.4530625318 111001.4423983163
123410.0381624223 111476.9313212755

120213.4525432703 115914.8279355612
120373.2818242279 115914.8279355612
120533.1111051855 115914.8279355612
120373.2818242279 115756.3316279082
120373.2818242279 115597.8353202551
120533.1111051855 115597.8353202551
120213.4525432703 115439.3390126020
120373.2818242279 115439.3390126020
120533.1111051855 115439.3390126020
120373.2818242279 115122.3463972959
120533.1111051855 115122.3463972959
120533.1111051855 114805.3537819898
120373.2818242279 114488.3611666837
120533.1111051855 114488.3611666837
120852.7696671007 111952.4202442347
120692.9403861431 111952.4202442347
120692.9403861431 112110.9165518878
120533.1111051855 112269.4128595408
120373.2818242279 112269.4128595408
120692.9403861431 112427.9091671939
120373.2818242279 112586.4054748469
120692.9403861431 112744.9017825000
120373.2818242279 112903.3980901531
120692.9403861431 113061.8943978061
120373.2818242279 113220.3907054592
120692.9403861431 113378.8870131122
120373.2818242279 113537.3833207653
120533.1111051855 113695.8796284184
120533.1111051855 114012.8722437245
120373.2818242279 114012.8722437245
120533.1111051855 114171.3685513776

120213.4525432703 115914.8279355612
120373.2818242279 115914.8279355612
120533.1111051855 115914.8279355612
120533.1111051855 115597.8353202551
120373.2818242279 115439.3390126020
120533.1111051855 115439.3390126020
120533.1111051855 115122.3463972959
120213.4525432703 114963.8500896429
120533.1111051855 114805.3537819898
120533.1111051855 114488.3611666837
110623.6956858145 114329.8648590306
120213.4525432703 114329.8648590306
120533.1111051855 114171.3685513776
110623.6956858145 114012.8722437245
120373.2818242279 114012.8722437245
120533.1111051855 114012.8722437245
110623.6956858145 113695.8796284184
120533.1111051855 113695.8796284184
120373.2818242279 113537.3833207653
120692.9403861431 113378.8870131122
120373.2818242279 113220.3907054592
120692.9403861431 113061.8943978061
120373.2818242279 112903.3980901531
120692.9403861431 112744.9017825000
120373.2818242279 112586.4054748469
120692.9403861431 112427.9091671939
120373.2818242279 112269.4128595408
121332.2575099735 111793.9239365816
121012.5989480583 111952.4202442347
120692.9403861431 111952.4202442347
120692.9403861431 112110.9165518878

119733.9647003975 115914.8279355612
120373.2818242279 115914.8279355612
120533.1111051855 115914.8279355612
110463.8664048569 115756.3316279082
120533.1111051855 115597.8353202551
120213.4525432703 115439.3390126020
110304.0371238993 115280.8427049490
120533.1111051855 115122.3463972959
110463.8664048569 114963.8500896429
120533.1111051855 114805.3537819898
110463.8664048569 114646.8574743367
123410.0381624223 111476.9313212755
123250.2088814647 111793.9239365816
121332.2575099735 111793.9239365816
121012.5989480583 111952.4202442347
120692.9403861431 112110.9165518878
123250.2088814647 112269.4128595408
120692.9403861431 112427.9091671939
123569.8674433799 112744.9017825000
120692.9403861431 112744.9017825000
120692.9403861431 113061.8943978061
120373.2818242279 113220.3907054592
120692.9403861431 113378.8870131122
111103.1835286873 113537.3833207653
120533.1111051855 113695.8796284184
110623.6956858145 113695.8796284184
110623.6956858145 114012.8722437245
120533.1111051855 114171.3685513776
110623.6956858145 114329.8648590306
120533.1111051855 114488.3611666837
123569.8674433799 115439.3390126020

119733.9647003975 115914.8279355612
120533.1111051855 115914.8279355612
110463.8664048569 115756.3316279082
120213.4525432703 115756.3316279082
120533.1111051855 115597.8353202551
131880.9900531749 110842.9460906633
110304.0371238993 115280.8427049490
120533.1111051855 115122.3463972959
110463.8664048569 114963.8500896429
120533.1111051855 114805.3537819898
110463.8664048569 114646.8574743367
120533.1111051855 114488.3611666837
110623.6956858145 114329.8648590306
120533.1111051855 114171.3685513776
110623.6956858145 114012.8722437245
110623.6956858145 113695.8796284184
120533.1111051855 113695.8796284184
111103.1835286873 113537.3833207653
120692.9403861431 113378.8870131122
120692.9403861431 113061.8943978061
120692.9403861431 112744.9017825000
123569.8674433799 112744.9017825000
120692.9403861431 112427.9091671939
123250.2088814647 112269.4128595408
120692.9403861431 112110.9165518878
121012.5989480583 111952.4202442347
123410.0381624223 111952.4202442347
121332.2575099735 111793.9239365816
123410.0381624223 111476.9313212755
126606.6237815742 111476.9313212755
126766.4530625318 111001.4423983163

120213.4525432703 115914.8279355612
120373.2818242279 115914.8279355612
120533.1111051855 115914.8279355612
120373.2818242279 115756.3316279082
120533.1111051855 115597.8353202551
120373.2818242279 115439.3390126020
120533.1111051855 115439.3390126020
120373.2818242279 115122.3463972959
120533.1111051855 115122.3463972959
120213.4525432703 114963.8500896429
121332.2575099735 111793.9239365816
121012.5989480583 111952.4202442347
120692.9403861431 111952.4202442347
120692.9403861431 112110.9165518878
120373.2818242279 112269.4128595408
120692.9403861431 112427.9091671939
120373.2818242279 112586.4054748469
120692.9403861431 112744.9017825000
120373.2818242279 112903.3980901531
120692.9403861431 113061.8943978061
120373.2818242279 113220.3907054592
120692.9403861431 113378.8870131122
120373.2818242279 113537.3833207653
120533.1111051855 113695.8796284184
110463.8664048569 113695.8796284184
120533.1111051855 114012.8722437245
120373.2818242279 114012.8722437245
120533.1111051855 114171.3685513776
120533.1111051855 114488.3611666837
120373.2818242279 114488.3611666837
120533.1111051855 114805.3537819898

119733.9647003975 115914.8279355612
120373.2818242279 115914.8279355612
120533.1111051855 115914.8279355612
123410.0381624223 115756.3316279082
120533.1111051855 115597.8353202551
120213.4525432703 115439.3390126020
123569.8674433799 115439.3390126020
110304.0371238993 115280.8427049490
120533.1111051855 115122.3463972959
110463.8664048569 114963.8500896429
120533.1111051855 114805.3537819898
110463.8664048569 114646.8574743367
120533.1111051855 114488.3611666837
110623.6956858145 114329.8648590306
120533.1111051855 114171.3685513776
110623.6956858145 114012.8722437245
110623.6956858145 113695.8796284184
120533.1111051855 113695.8796284184
111103.1835286873 113537.3833207653
120692.9403861431 113378.8870131122
120373.2818242279 113220.3907054592
120692.9403861431 113061.8943978061
120692.9403861431 112744.9017825000
123569.8674433799 112744.9017825000
120692.9403861431 112427.9091671939
123410.0381624223 111476.9313212755
123250.2088814647 111793.9239365816
121332.2575099735 111793.9239365816
121012.5989480583 111952.4202442347
120692.9403861431 112110.9165518878
123250.2088814647 112269.4128595408

120213.4525432703 115914.8279355612
120373.2818242279 115914.8279355612
120533.1111051855 115914.8279355612
120533.1111051855 115597.8353202551
120373.2818242279 115439.3390126020
120533.1111051855 115439.3390126020
120373.2818242279 115122.3463972959
120533.1111051855 115122.3463972959
120213.4525432703 114963.8500896429
120533.1111051855 114805.3537819898
121332.2575099735 111793.9239365816
121012.5989480583 111952.4202442347
120692.9403861431 111952.4202442347
120692.9403861431 112110.9165518878
120692.9403861431 112427.9091671939
120373.2818242279 112586.4054748469
120692.9403861431 112744.9017825000
120373.2818242279 112903.3980901531
120692.9403861431 113061.8943978061
120373.2818242279 113220.3907054592
120692.9403861431 113378.8870131122
120373.2818242279 113537.3833207653
111103.1835286873 113537.3833207653
120533.1111051855 113695.8796284184
110623.6956858145 113695.8796284184
120533.1111051855 114012.8722437245
110623.6956858145 114012.8722437245
120533.1111051855 114171.3685513776
120213.4525432703 114329.8648590306
110623.6956858145 114329.8648590306
120533.1111051855 114488.3611666837

97357.8653663339 116390.3168585204
110304.0371238993 116231.8205508673
110463.8664048569 115914.8279355612
119733.9647003975 115914.8279355612
120213.4525432703 115756.3316279082
120533.1111051855 115597.8353202551
110304.0371238993 115280.8427049490
120533.1111051855 115122.3463972959
110463.8664048569 114963.8500896429
120533.1111051855 114805.3537819898
110463.8664048569 114646.8574743367
120533.1111051855 114488.3611666837
110623.6956858145 114329.8648590306
113340.7934620936 114171.3685513776
120533.1111051855 114171.3685513776
110623.6956858145 114012.8722437245
110623.6956858145 113695.8796284184
120533.1111051855 113695.8796284184
126766.4530625318 111001.4423983163
123410.0381624223 111476.9313212755
123250.2088814647 111793.9239365816
121332.2575099735 111793.9239365816
121012.5989480583 111952.4202442347
120692.9403861431 112110.9165518878
123250.2088814647 112269.4128595408
120692.9403861431 112427.9091671939
123569.8674433799 112744.9017825000
120692.9403861431 112744.9017825000
120692.9403861431 113061.8943978061
120692.9403861431 113378.8870131122
111103.1835286873 113537.3833207653

120213.4525432703 115914.8279355612
120373.2818242279 115914.8279355612
120533.1111051855 115914.8279355612
120533.1111051855 115597.8353202551
120373.2818242279 115439.3390126020
120533.1111051855 115439.3390126020
120533.1111051855 115122.3463972959
120213.4525432703 114963.8500896429
120533.1111051855 114805.3537819898
110463.8664048569 114646.8574743367
121332.2575099735 111793.9239365816
121012.5989480583 111952.4202442347
120692.9403861431 111952.4202442347
120692.9403861431 112110.9165518878
120373.2818242279 112269.4128595408
120692.9403861431 112427.9091671939
120373.2818242279 112586.4054748469
120692.9403861431 112744.9017825000
120373.2818242279 112903.3980901531
120692.9403861431 113061.8943978061
120373.2818242279 113220.3907054592
120692.9403861431 113378.8870131122
120373.2818242279 113537.3833207653
120533.1111051855 113695.8796284184
110623.6956858145 113695.8796284184
120533.1111051855 114012.8722437245
110623.6956858145 114012.8722437245
120533.1111051855 114171.3685513776
120533.1111051855 114488.3611666837
120373.2818242279 114488.3611666837
120373.2818242279 115122.3463972959

120213.4525432703 115914.8279355612
120373.2818242279 115914.8279355612
120533.1111051855 115914.8279355612
120373.2818242279 115756.3316279082
120533.1111051855 115597.8353202551
120373.2818242279 115439.3390126020
120533.1111051855 115439.3390126020
120373.2818242279 115122.3463972959
120533.1111051855 115122.3463972959
120213.4525432703 114963.8500896429
120533.1111051855 114805.3537819898
120373.2818242279 114488.3611666837
120533.1111051855 114488.3611666837
120533.1111051855 114171.3685513776
110623.6956858145 114012.8722437245
120533.1111051855 114012.8722437245
110623.6956858145 113695.8796284184
120533.1111051855 113695.8796284184
121332.2575099735 111793.9239365816
121012.5989480583 111952.4202442347
120373.2818242279 111952.4202442347
120692.9403861431 112110.9165518878
120373.2818242279 112269.4128595408
120692.9403861431 112427.9091671939
120373.2818242279 112586.4054748469
120692.9403861431 112744.9017825000
120373.2818242279 112903.3980901531
120692.9403861431 113061.8943978061
120373.2818242279 113220.3907054592
120692.9403861431 113378.8870131122
111103.1835286873 113537.3833207653

119733.9647003975 115914.8279355612
120373.2818242279 115914.8279355612
120533.1111051855 115914.8279355612
120533.1111051855 115597.8353202551
120213.4525432703 115439.3390126020
123569.8674433799 115439.3390126020
110304.0371238993 115280.8427049490
120373.2818242279 115122.3463972959
120533.1111051855 115122.3463972959
110463.8664048569 114963.8500896429
120533.1111051855 114805.3537819898
110463.8664048569 114646.8574743367
120533.1111051855 114488.3611666837
110623.6956858145 114329.8648590306
120533.1111051855 114171.3685513776
110623.6956858145 114012.8722437245
110623.6956858145 113695.8796284184
120533.1111051855 113695.8796284184
111103.1835286873 113537.3833207653
120692.9403861431 113378.8870131122
120373.2818242279 113220.3907054592
120692.9403861431 113061.8943978061
120692.9403861431 112744.9017825000
123569.8674433799 112744.9017825000
120692.9403861431 112427.9091671939
123250.2088814647 112269.4128595408
120692.9403861431 112110.9165518878
121012.5989480583 111952.4202442347
121332.2575099735 111793.9239365816
123250.2088814647 111793.9239365816
120692.9403861431 111952.4202442347

119733.9647003975 115914.8279355612
120373.2818242279 115914.8279355612
110463.8664048569 115756.3316279082
123410.0381624223 115756.3316279082
120533.1111051855 115597.8353202551
120213.4525432703 115439.3390126020
123569.8674433799 115439.3390126020
110304.0371238993 115280.8427049490
120533.1111051855 115122.3463972959
110463.8664048569 114963.8500896429
120533.1111051855 114805.3537819898
110463.8664048569 114646.8574743367
120533.1111051855 114488.3611666837
110623.6956858145 114329.8648590306
120533.1111051855 114171.3685513776
110623.6956858145 114012.8722437245
110623.6956858145 113695.8796284184
120533.1111051855 113695.8796284184
111103.1835286873 113537.3833207653
120692.9403861431 113378.8870131122
120692.9403861431 113061.8943978061
120692.9403861431 112744.9017825000
123569.8674433799 112744.9017825000
120692.9403861431 112427.9091671939
123250.2088814647 112269.4128595408
120692.9403861431 112110.9165518878
121012.5989480583 111952.4202442347
121332.2575099735 111793.9239365816
123250.2088814647 111793.9239365816
123410.0381624223 111476.9313212755
126766.4530625318 111001.4423983163

119733.9647003975 115914.8279355612
120373.2818242279 115914.8279355612
120533.1111051855 115914.8279355612
120533.1111051855 115597.8353202551
120213.4525432703 115439.3390126020
123569.8674433799 115439.3390126020
110304.0371238993 115280.8427049490
120373.2818242279 115122.3463972959
120533.1111051855 115122.3463972959
110463.8664048569 114963.8500896429
120533.1111051855 114805.3537819898
110463.8664048569 114646.8574743367
123410.0381624223 111476.9313212755
123250.2088814647 111793.9239365816
121332.2575099735 111793.9239365816
121012.5989480583 111952.4202442347
120692.9403861431 112110.9165518878
123250.2088814647 112269.4128595408
120692.9403861431 112427.9091671939
123569.8674433799 112744.9017825000
120692.9403861431 112744.9017825000
120692.9403861431 113061.8943978061
120373.2818242279 113220.3907054592
120692.9403861431 113378.8870131122
111103.1835286873 113537.3833207653
120533.1111051855 113695.8796284184
110623.6956858145 113695.8796284184
110623.6956858145 114012.8722437245
120533.1111051855 114171.3685513776
110623.6956858145 114329.8648590306
120533.1111051855 114488.3611666837

119733.9647003975 115914.8279355612
120533.1111051855 115914.8279355612
120213.4525432703 115756.3316279082
120533.1111051855 115597.8353202551
120213.4525432703 115439.3390126020
120373.2818242279 115122.3463972959
120533.1111051855 115122.3463972959
110463.8664048569 114963.8500896429
120533.1111051855 114805.3537819898
110463.8664048569 114646.8574743367
123410.0381624223 111476.9313212755
123250.2088814647 111793.9239365816
121332.2575099735 111793.9239365816
121012.5989480583 111952.4202442347
120692.9403861431 112110.9165518878
123250.2088814647 112269.4128595408
120692.9403861431 112427.9091671939
123569.8674433799 112744.9017825000
120692.9403861431 112744.9017825000
120692.9403861431 113061.8943978061
120373.2818242279 113220.3907054592
120692.9403861431 113378.8870131122
111103.1835286873 113537.3833207653
120533.1111051855 113695.8796284184
110623.6956858145 113695.8796284184
110623.6956858145 114012.8722437245
120533.1111051855 114171.3685513776
110623.6956858145 114329.8648590306
120533.1111051855 114488.3611666837
110304.0371238993 115280.8427049490
123569.8674433799 115439.3390126020

119733.9647003975 115914.8279355612
120533.1111051855 115914.8279355612
110463.8664048569 115756.3316279082
120213.4525432703 115756.3316279082
120533.1111051855 115597.8353202551
120213.4525432703 115439.3390126020
110304.0371238993 115280.8427049490
123410.0381624223 111476.9313212755
123250.2088814647 111793.9239365816
121332.2575099735 111793.9239365816
121012.5989480583 111952.4202442347
120692.9403861431 112110.9165518878
123250.2088814647 112269.4128595408
120692.9403861431 112427.9091671939
123569.8674433799 112744.9017825000
120692.9403861431 112744.9017825000
120692.9403861431 113061.8943978061
120373.2818242279 113220.3907054592
120692.9403861431 113378.8870131122
111103.1835286873 113537.3833207653
120533.1111051855 113695.8796284184
110623.6956858145 113695.8796284184
110623.6956858145 114012.8722437245
120533.1111051855 114171.3685513776
110623.6956858145 114329.8648590306
120533.1111051855 114488.3611666837
110463.8664048569 114646.8574743367
120533.1111051855 114805.3537819898
110463.8664048569 114963.8500896429
120533.1111051855 115122.3463972959
120373.2818242279 115122.3463972959

119733.9647003975 115914.8279355612
120533.1111051855 115914.8279355612
120213.4525432703 115756.3316279082
120533.1111051855 115597.8353202551
120213.4525432703 115439.3390126020
120373.2818242279 115122.3463972959
120533.1111051855 115122.3463972959
110463.8664048569 114963.8500896429
120533.1111051855 114805.3537819898
110463.8664048569 114646.8574743367
120533.1111051855 114488.3611666837
110623.6956858145 114329.8648590306
120533.1111051855 114171.3685513776
110623.6956858145 114012.8722437245
110623.6956858145 113695.8796284184
120533.1111051855 113695.8796284184
111103.1835286873 113537.3833207653
120373.2818242279 113537.3833207653
120692.9403861431 113378.8870131122
120373.2818242279 113220.3907054592
120692.9403861431 113061.8943978061
120373.2818242279 112903.3980901531
123410.0381624223 111476.9313212755
123250.2088814647 111793.9239365816
121332.2575099735 111793.9239365816
121012.5989480583 111952.4202442347
120692.9403861431 112110.9165518878
123250.2088814647 112269.4128595408
120692.9403861431 112427.9091671939
123569.8674433799 112744.9017825000
120692.9403861431 112744.9017825000

120213.4525432703 115914.8279355612
120373.2818242279 115914.8279355612
120533.1111051855 115914.8279355612
120373.2818242279 115756.3316279082
120373.2818242279 115439.3390126020
120533.1111051855 115439.3390126020
120533.1111051855 115122.3463972959
120213.4525432703 114963.8500896429
120533.1111051855 114805.3537819898
110463.8664048569 114646.8574743367
120533.1111051855 114488.3611666837
110623.6956858145 114329.8648590306
120213.4525432703 114329.8648590306
120533.1111051855 114171.3685513776
110623.6956858145 114012.8722437245
120533.1111051855 114012.8722437245
110623.6956858145 113695.8796284184
120533.1111051855 113695.8796284184
111103.1835286873 113537.3833207653
120373.2818242279 113537.3833207653
120692.9403861431 113378.8870131122
120373.2818242279 113220.3907054592
120692.9403861431 113061.8943978061
121332.2575099735 111793.9239365816
121012.5989480583 111952.4202442347
120373.2818242279 111952.4202442347
120692.9403861431 112110.9165518878
120373.2818242279 112269.4128595408
120692.9403861431 112427.9091671939
120373.2818242279 112586.4054748469
120692.9403861431 112744.9017825000

119733.9647003975 115914.8279355612
120533.1111051855 115914.8279355612
110463.8664048569 115756.3316279082
120213.4525432703 115756.3316279082
120533.1111051855 115597.8353202551
120213.4525432703 115439.3390126020
110304.0371238993 115280.8427049490
120533.1111051855 115122.3463972959
110463.8664048569 114963.8500896429
120533.1111051855 114805.3537819898
110463.8664048569 114646.8574743367
120533.1111051855 114488.3611666837
110623.6956858145 114329.8648590306
120533.1111051855 114171.3685513776
110623.6956858145 114012.8722437245
110623.6956858145 113695.8796284184
120533.1111051855 113695.8796284184
111103.1835286873 113537.3833207653
120692.9403861431 113378.8870131122
120692.9403861431 113061.8943978061
120692.9403861431 112744.9017825000
123569.8674433799 112744.9017825000
120692.9403861431 112427.9091671939
123250.2088814647 112269.4128595408
120692.9403861431 112110.9165518878
121012.5989480583 111952.4202442347
123410.0381624223 111952.4202442347
121332.2575099735 111793.9239365816
123410.0381624223 111476.9313212755
126606.6237815742 111476.9313212755
120373.2818242279 111952.4202442347

119733.9647003975 115914.8279355612
120533.1111051855 115914.8279355612
120213.4525432703 115756.3316279082
120533.1111051855 115597.8353202551
120213.4525432703 115439.3390126020
120373.2818242279 115122.3463972959
120533.1111051855 115122.3463972959
110463.8664048569 114963.8500896429
120533.1111051855 114805.3537819898
110463.8664048569 114646.8574743367
120533.1111051855 114488.3611666837
110623.6956858145 114329.8648590306
120213.4525432703 114329.8648590306
120533.1111051855 114171.3685513776
110623.6956858145 114012.8722437245
120373.2818242279 114012.8722437245
110623.6956858145 113695.8796284184
120533.1111051855 113695.8796284184
111103.1835286873 113537.3833207653
120692.9403861431 113378.8870131122
120373.2818242279 113220.3907054592
120692.9403861431 113061.8943978061
120373.2818242279 112903.3980901531
120692.9403861431 112744.9017825000
121332.2575099735 111793.9239365816
121012.5989480583 111952.4202442347
120373.2818242279 111952.4202442347
120692.9403861431 112110.9165518878
123250.2088814647 112269.4128595408
120373.2818242279 112269.4128595408
120692.9403861431 112427.9091671939

119733.9647003975 115914.8279355612
120533.1111051855 115914.8279355612
120213.4525432703 115756.3316279082
120533.1111051855 115597.8353202551
120213.4525432703 115439.3390126020
123569.8674433799 115439.3390126020
110304.0371238993 115280.8427049490
126766.4530625318 111001.4423983163
123410.0381624223 111476.9313212755
123250.2088814647 111793.9239365816
121332.2575099735 111793.9239365816
121012.5989480583 111952.4202442347
120692.9403861431 112110.9165518878
123250.2088814647 112269.4128595408
120692.9403861431 112427.9091671939
123569.8674433799 112744.9017825000
120692.9403861431 112744.9017825000
120692.9403861431 113061.8943978061
120692.9403861431 113378.8870131122
111103.1835286873 113537.3833207653
120533.1111051855 113695.8796284184
110623.6956858145 113695.8796284184
110623.6956858145 114012.8722437245
120533.1111051855 114171.3685513776
110623.6956858145 114329.8648590306
120533.1111051855 114488.3611666837
110463.8664048569 114646.8574743367
120533.1111051855 114805.3537819898
110463.8664048569 114963.8500896429
120533.1111051855 115122.3463972959
123410.0381624223 115756.3316279082

119733.9647003975 115914.8279355612
120533.1111051855 115914.8279355612
120213.4525432703 115756.3316279082
120533.1111051855 115597.8353202551
120213.4525432703 115439.3390126020
120373.2818242279 115122.3463972959
120533.1111051855 115122.3463972959
110463.8664048569 114963.8500896429
120533.1111051855 114805.3537819898
110463.8664048569 114646.8574743367
120533.1111051855 114488.3611666837
110623.6956858145 114329.8648590306
120533.1111051855 114171.3685513776
110623.6956858145 114012.8722437245
110623.6956858145 113695.8796284184
120533.1111051855 113695.8796284184
111103.1835286873 113537.3833207653
120373.2818242279 113537.3833207653
120692.9403861431 113378.8870131122
120373.2818242279 113220.3907054592
120692.9403861431 113061.8943978061
121332.2575099735 111793.9239365816
121012.5989480583 111952.4202442347
120373.2818242279 111952.4202442347
120692.9403861431 112110.9165518878
120373.2818242279 112269.4128595408
120692.9403861431 112427.9091671939
120373.2818242279 112586.4054748469
120692.9403861431 112744.9017825000
120373.2818242279 112903.3980901531
120373.2818242279 114012.8722437245

119733.9647003975 115914.8279355612
120373.2818242279 115914.8279355612
120533.1111051855 115914.8279355612
120533.1111051855 115597.8353202551
121332.2575099735 111793.9239365816
121012.5989480583 111952.4202442347
120692.9403861431 111952.4202442347
120692.9403861431 112110.9165518878
120373.2818242279 112269.4128595408
120692.9403861431 112427.9091671939
120373.2818242279 112586.4054748469
123569.8674433799 112744.9017825000
120692.9403861431 112744.9017825000
120373.2818242279 112903.3980901531
120692.9403861431 113061.8943978061
120373.2818242279 113220.3907054592
120692.9403861431 113378.8870131122
120373.2818242279 113537.3833207653
111103.1835286873 113537.3833207653
120533.1111051855 113695.8796284184
110623.6956858145 113695.8796284184
110623.6956858145 114012.8722437245
120533.1111051855 114171.3685513776
110623.6956858145 114329.8648590306
120533.1111051855 114488.3611666837
110463.8664048569 114646.8574743367
120533.1111051855 114805.3537819898
110463.8664048569 114963.8500896429
120533.1111051855 115122.3463972959
120373.2818242279 115122.3463972959
120213.4525432703 115439.3390126020

119733.9647003975 115914.8279355612
120373.2818242279 115914.8279355612
120533.1111051855 115914.8279355612
120533.1111051855 115597.8353202551
120213.4525432703 115439.3390126020
123569.8674433799 115439.3390126020
110304.0371238993 115280.8427049490
120373.2818242279 115122.3463972959
120533.1111051855 115122.3463972959
110463.8664048569 114963.8500896429
120533.1111051855 114805.3537819898
110463.8664048569 114646.8574743367
120533.1111051855 114488.3611666837
110623.6956858145 114329.8648590306
120533.1111051855 114171.3685513776
110623.6956858145 114012.8722437245
110623.6956858145 113695.8796284184
120533.1111051855 113695.8796284184
111103.1835286873 113537.3833207653
120692.9403861431 113378.8870131122
120692.9403861431 113061.8943978061
120692.9403861431 112744.9017825000
123569.8674433799 112744.9017825000
120692.9403861431 112427.9091671939
123250.2088814647 112269.4128595408
120692.9403861431 112110.9165518878
120373.2818242279 111952.4202442347
121332.2575099735 111793.9239365816
123410.0381624223 111952.4202442347
121012.5989480583 111952.4202442347
120373.2818242279 113220.3907054592

119733.9647003975 115914.8279355612
120373.2818242279 115914.8279355612
120533.1111051855 115914.8279355612
121332.2575099735 111793.9239365816
121012.5989480583 111952.4202442347
120692.9403861431 111952.4202442347
120692.9403861431 112110.9165518878
120692.9403861431 112427.9091671939
120373.2818242279 112586.4054748469
120692.9403861431 112744.9017825000
120373.2818242279 112903.3980901531
120692.9403861431 113061.8943978061
120373.2818242279 113220.3907054592
120692.9403861431 113378.8870131122
120373.2818242279 113537.3833207653
111103.1835286873 113537.3833207653
120533.1111051855 113695.8796284184
110623.6956858145 113695.8796284184
120533.1111051855 114012.8722437245
110623.6956858145 114012.8722437245
120533.1111051855 114171.3685513776
120213.4525432703 114329.8648590306
110623.6956858145 114329.8648590306
120533.1111051855 114488.3611666837
110463.8664048569 114646.8574743367
120533.1111051855 114805.3537819898
120213.4525432703 114963.8500896429
120533.1111051855 115122.3463972959
120533.1111051855 115439.3390126020
120373.2818242279 115439.3390126020
120373.2818242279 115756.3316279082

120213.4525432703 115914.8279355612
120373.2818242279 115914.8279355612
120533.1111051855 115914.8279355612
120373.2818242279 115756.3316279082
120533.1111051855 115597.8353202551
120213.4525432703 115439.3390126020
120373.2818242279 115439.3390126020
120533.1111051855 115439.3390126020
120373.2818242279 115122.3463972959
120533.1111051855 115122.3463972959
120213.4525432703 114963.8500896429
120533.1111051855 114805.3537819898
120373.2818242279 114488.3611666837
120533.1111051855 114488.3611666837
120533.1111051855 114171.3685513776
120373.2818242279 114012.8722437245
120533.1111051855 114012.8722437245
120852.7696671007 111952.4202442347
120692.9403861431 111952.4202442347
120692.9403861431 112110.9165518878
120533.1111051855 112269.4128595408
120692.9403861431 112427.9091671939
120533.1111051855 112586.4054748469
120373.2818242279 112586.4054748469
120692.9403861431 112744.9017825000
120373.2818242279 112903.3980901531
120692.9403861431 113061.8943978061
120373.2818242279 113220.3907054592
120692.9403861431 113378.8870131122
120373.2818242279 113537.3833207653
120533.1111051855 113695.8796284184

94321.1090281396 116548.8131661735
95439.9139948428 116548.8131661735
94640.7675900548 116390.3168585204
96718.5482425035 116390.3168585204
120213.4525432703 115756.3316279082
100874.1095474011 116390.3168585204
101992.9145141042 115439.3390126020
106468.1343809170 116231.8205508673
97517.6946472915 116073.3242432143
120692.9403861431 113220.3907054592
106947.6222237898 116073.3242432143
110144.2078429417 116073.3242432143
101513.4266712315 115914.8279355612
110463.8664048569 115914.8279355612
102632.2316379346 116231.8205508673
102951.8901998498 115597.8353202551
106787.7929428322 115439.3390126020
110304.0371238993 115439.3390126020
103111.7194808074 115280.8427049490
106627.9636618746 114963.8500896429
107427.1100666626 114963.8500896429
109984.3785619841 114805.3537819898
110304.0371238993 114488.3611666837
110623.6956858145 114329.8648590306
113820.2813049664 114329.8648590306
110943.3542477297 114171.3685513776
112381.8177763481 114012.8722437245
110623.6956858145 113695.8796284184
136835.6977628604 109574.9756294388
137315.1856057332 109099.4867064796
137794.6734486060 108940.9903988265

120213.4525432703 115914.8279355612
120373.2818242279 115914.8279355612
120533.1111051855 115914.8279355612
120373.2818242279 115756.3316279082
120373.2818242279 115439.3390126020
120533.1111051855 115439.3390126020
120533.1111051855 115122.3463972959
120213.4525432703 114963.8500896429
120533.1111051855 114805.3537819898
120533.1111051855 114488.3611666837
110623.6956858145 114329.8648590306
120213.4525432703 114329.8648590306
120533.1111051855 114171.3685513776
110623.6956858145 114012.8722437245
120373.2818242279 114012.8722437245
120533.1111051855 114012.8722437245
110623.6956858145 113695.8796284184
120533.1111051855 113695.8796284184
120373.2818242279 113537.3833207653
120692.9403861431 113378.8870131122
120373.2818242279 113220.3907054592
120692.9403861431 113061.8943978061
120373.2818242279 112903.3980901531
120692.9403861431 112744.9017825000
120373.2818242279 112586.4054748469
120692.9403861431 112427.9091671939
120373.2818242279 112269.4128595408
120692.9403861431 112110.9165518878
121332.2575099735 111793.9239365816
121012.5989480583 111952.4202442347
120692.9403861431 111952.4202442347

120213.4525432703 115914.8279355612
120373.2818242279 115914.8279355612
120533.1111051855 115914.8279355612
120373.2818242279 115756.3316279082
120533.1111051855 115597.8353202551
120373.2818242279 115439.3390126020
120533.1111051855 115439.3390126020
120373.2818242279 115122.3463972959
120533.1111051855 115122.3463972959
120213.4525432703 114963.8500896429
120533.1111051855 114805.3537819898
120373.2818242279 114488.3611666837
120533.1111051855 114488.3611666837
121332.2575099735 111793.9239365816
121012.5989480583 111952.4202442347
120692.9403861431 111952.4202442347
120692.9403861431 112110.9165518878
120373.2818242279 112269.4128595408
120692.9403861431 112427.9091671939
120373.2818242279 112586.4054748469
120692.9403861431 112744.9017825000
120373.2818242279 112903.3980901531
120692.9403861431 113061.8943978061
120373.2818242279 113220.3907054592
120692.9403861431 113378.8870131122
120373.2818242279 113537.3833207653
120533.1111051855 113695.8796284184
120533.1111051855 114012.8722437245
120373.2818242279 114012.8722437245
120533.1111051855 114171.3685513776
120213.4525432703 115439.3390126020

120213.4525432703 115914.8279355612
120373.2818242279 115914.8279355612
120533.1111051855 115914.8279355612
120373.2818242279 115756.3316279082
120533.1111051855 115597.8353202551
120213.4525432703 115439.3390126020
120373.2818242279 115439.3390126020
120533.1111051855 115439.3390126020
120373.2818242279 115122.3463972959
120533.1111051855 115122.3463972959
120213.4525432703 114963.8500896429
120533.1111051855 114805.3537819898
120373.2818242279 114488.3611666837
120533.1111051855 114488.3611666837
120533.1111051855 114171.3685513776
120852.7696671007 111952.4202442347
120692.9403861431 111952.4202442347
120692.9403861431 112110.9165518878
120533.1111051855 112269.4128595408
120373.2818242279 112269.4128595408
120692.9403861431 112427.9091671939
120373.2818242279 112586.4054748469
120692.9403861431 112744.9017825000
120373.2818242279 112903.3980901531
120692.9403861431 113061.8943978061
120373.2818242279 113220.3907054592
120692.9403861431 113378.8870131122
120373.2818242279 113537.3833207653
120533.1111051855 113695.8796284184
120533.1111051855 114012.8722437245
120373.2818242279 114012.8722437245

120213.4525432703 115914.8279355612
120373.2818242279 115914.8279355612
120533.1111051855 115914.8279355612
120533.1111051855 115597.8353202551
120373.2818242279 115439.3390126020
120533.1111051855 115439.3390126020
120533.1111051855 115122.3463972959
120213.4525432703 114963.8500896429
120533.1111051855 114805.3537819898
120533.1111051855 114488.3611666837
110623.6956858145 114329.8648590306
120213.4525432703 114329.8648590306
120533.1111051855 114171.3685513776
110623.6956858145 114012.8722437245
120373.2818242279 114012.8722437245
110623.6956858145 113695.8796284184
120533.1111051855 113695.8796284184
111103.1835286873 113537.3833207653
120373.2818242279 113537.3833207653
120692.9403861431 113378.8870131122
121332.2575099735 111793.9239365816
121012.5989480583 111952.4202442347
120692.9403861431 111952.4202442347
120692.9403861431 112110.9165518878
120373.2818242279 112269.4128595408
120692.9403861431 112427.9091671939
120373.2818242279 112586.4054748469
120692.9403861431 112744.9017825000
120373.2818242279 112903.3980901531
120692.9403861431 113061.8943978061
120373.2818242279 113220.3907054592

119733.9647003975 115914.8279355612
120373.2818242279 115914.8279355612
120533.1111051855 115914.8279355612
120533.1111051855 115597.8353202551
120213.4525432703 115439.3390126020
123569.8674433799 115439.3390126020
110304.0371238993 115280.8427049490
120373.2818242279 115122.3463972959
120533.1111051855 115122.3463972959
110463.8664048569 114963.8500896429
120533.1111051855 114805.3537819898
110463.8664048569 114646.8574743367
120533.1111051855 114488.3611666837
110623.6956858145 114329.8648590306
120533.1111051855 114171.3685513776
110623.6956858145 114012.8722437245
110623.6956858145 113695.8796284184
120533.1111051855 113695.8796284184
111103.1835286873 113537.3833207653
120692.9403861431 113378.8870131122
120692.9403861431 113061.8943978061
120692.9403861431 112744.9017825000
123569.8674433799 112744.9017825000
120692.9403861431 112427.9091671939
123250.2088814647 112269.4128595408
120692.9403861431 112110.9165518878
121012.5989480583 111952.4202442347
121332.2575099735 111793.9239365816
123250.2088814647 111793.9239365816
123410.0381624223 111476.9313212755
120692.9403861431 111952.4202442347

120213.4525432703 115914.8279355612
120373.2818242279 115914.8279355612
120533.1111051855 115914.8279355612
120373.2818242279 115756.3316279082
120373.2818242279 115439.3390126020
120533.1111051855 115439.3390126020
120533.1111051855 115122.3463972959
120213.4525432703 114963.8500896429
120533.1111051855 114805.3537819898
120533.1111051855 114488.3611666837
110623.6956858145 114329.8648590306
120213.4525432703 114329.8648590306
120533.1111051855 114171.3685513776
110623.6956858145 114012.8722437245
121332.2575099735 111793.9239365816
121012.5989480583 111952.4202442347
120692.9403861431 111952.4202442347
120692.9403861431 112110.9165518878
120692.9403861431 112427.9091671939
120373.2818242279 112586.4054748469
120692.9403861431 112744.9017825000
120373.2818242279 112903.3980901531
120692.9403861431 113061.8943978061
120373.2818242279 113220.3907054592
120692.9403861431 113378.8870131122
120373.2818242279 113537.3833207653
111103.1835286873 113537.3833207653
120533.1111051855 113695.8796284184
110623.6956858145 113695.8796284184
120533.1111051855 114012.8722437245
110463.8664048569 114646.8574743367

94321.1090281396 116548.8131661735
95439.9139948428 116548.8131661735
94640.7675900548 116390.3168585204
96718.5482425035 116390.3168585204
97357.8653663339 116390.3168585204
100874.1095474011 116390.3168585204
101992.9145141042 115439.3390126020
106468.1343809170 116231.8205508673
97517.6946472915 116073.3242432143
120692.9403861431 113220.3907054592
106947.6222237898 116073.3242432143
110144.2078429417 116073.3242432143
101513.4266712315 115914.8279355612
110463.8664048569 115914.8279355612
102632.2316379346 116231.8205508673
102951.8901998498 115597.8353202551
106787.7929428322 115439.3390126020
110304.0371238993 115439.3390126020
103111.7194808074 115280.8427049490
106627.9636618746 114963.8500896429
107427.1100666626 114963.8500896429
109984.3785619841 114805.3537819898
110304.0371238993 114488.3611666837
110623.6956858145 114329.8648590306
113820.2813049664 114329.8648590306
110943.3542477297 114171.3685513776
112381.8177763481 114012.8722437245
110623.6956858145 113695.8796284184
136835.6977628604 109574.9756294388
137315.1856057332 109099.4867064796
137794.6734486060 108940.9903988265

120213.4525432703 115914.8279355612
120373.2818242279 115914.8279355612
120533.1111051855 115914.8279355612
120373.2818242279 115756.3316279082
120533.1111051855 115597.8353202551
120373.2818242279 115439.3390126020
120533.1111051855 115439.3390126020
120373.2818242279 115122.3463972959
120533.1111051855 115122.3463972959
120213.4525432703 114963.8500896429
120533.1111051855 114805.3537819898
120373.2818242279 114488.3611666837
120533.1111051855 114488.3611666837
120533.1111051855 114171.3685513776
120373.2818242279 114012.8722437245
120533.1111051855 114012.8722437245
110463.8664048569 113695.8796284184
120533.1111051855 113695.8796284184
120373.2818242279 113537.3833207653
120533.1111051855 113537.3833207653
120692.9403861431 113378.8870131122
120373.2818242279 113220.3907054592
120692.9403861431 113061.8943978061
120373.2818242279 112903.3980901531
120692.9403861431 112744.9017825000
120533.1111051855 112586.4054748469
120692.9403861431 112427.9091671939
120533.1111051855 112269.4128595408
120692.9403861431 112110.9165518878
120692.9403861431 111952.4202442347
120852.7696671007 111952.4202442347

119733.9647003975 115914.8279355612
120373.2818242279 115914.8279355612
120533.1111051855 115914.8279355612
123410.0381624223 115756.3316279082
120533.1111051855 115597.8353202551
123569.8674433799 115439.3390126020
110304.0371238993 115280.8427049490
120533.1111051855 115122.3463972959
110463.8664048569 114963.8500896429
120533.1111051855 114805.3537819898
110463.8664048569 114646.8574743367
120533.1111051855 114488.3611666837
110623.6956858145 114329.8648590306
120533.1111051855 114171.3685513776
110623.6956858145 114012.8722437245
126766.4530625318 111001.4423983163
123410.0381624223 111476.9313212755
123250.2088814647 111793.9239365816
121332.2575099735 111793.9239365816
121012.5989480583 111952.4202442347
120692.9403861431 112110.9165518878
123250.2088814647 112269.4128595408
120692.9403861431 112427.9091671939
123569.8674433799 112744.9017825000
120692.9403861431 112744.9017825000
120692.9403861431 113061.8943978061
120692.9403861431 113378.8870131122
111103.1835286873 113537.3833207653
120533.1111051855 113695.8796284184
110623.6956858145 113695.8796284184
120213.4525432703 115439.3390126020

120213.4525432703 115914.8279355612
120373.2818242279 115914.8279355612
120533.1111051855 115914.8279355612
120373.2818242279 115756.3316279082
120533.1111051855 115597.8353202551
120213.4525432703 115439.3390126020
120373.2818242279 115439.3390126020
120533.1111051855 115439.3390126020
120373.2818242279 115122.3463972959
120533.1111051855 115122.3463972959
120213.4525432703 114963.8500896429
120533.1111051855 114805.3537819898
120373.2818242279 114488.3611666837
120533.1111051855 114488.3611666837
120533.1111051855 114171.3685513776
120373.2818242279 114012.8722437245
120533.1111051855 114012.8722437245
120533.1111051855 113695.8796284184
120373.2818242279 113537.3833207653
120692.9403861431 113378.8870131122
120373.2818242279 113220.3907054592
120852.7696671007 111952.4202442347
120692.9403861431 111952.4202442347
120692.9403861431 112110.9165518878
120533.1111051855 112269.4128595408
120692.9403861431 112427.9091671939
120533.1111051855 112427.9091671939
120533.1111051855 112586.4054748469
120692.9403861431 112744.9017825000
120373.2818242279 112903.3980901531
120692.9403861431 113061.8943978061

110304.0371238993 116231.8205508673
96878.3775234611 116073.3242432143
97517.6946472915 116073.3242432143
102152.7437950618 116073.3242432143
110463.8664048569 115914.8279355612
119733.9647003975 115914.8279355612
120213.4525432703 115756.3316279082
120533.1111051855 115597.8353202551
110304.0371238993 115280.8427049490
110304.0371238993 114963.8500896429
120213.4525432703 114963.8500896429
106627.9636618746 114805.3537819898
120533.1111051855 114805.3537819898
110463.8664048569 114646.8574743367
120533.1111051855 114488.3611666837
110623.6956858145 114329.8648590306
120533.1111051855 114171.3685513776
110304.0371238993 113854.3759360714
112861.3056192208 113854.3759360714
123410.0381624223 111952.4202442347
121012.5989480583 111952.4202442347
120692.9403861431 112110.9165518878
120692.9403861431 112427.9091671939
123569.8674433799 112744.9017825000
120692.9403861431 112744.9017825000
120692.9403861431 113061.8943978061
120373.2818242279 113220.3907054592
111103.1835286873 113537.3833207653
120533.1111051855 113695.8796284184
110623.6956858145 113695.8796284184
106787.7929428322 115280.8427049490

120213.4525432703 115914.8279355612
120373.2818242279 115914.8279355612
120373.2818242279 115756.3316279082
120533.1111051855 115597.8353202551
120213.4525432703 115439.3390126020
120373.2818242279 115439.3390126020
120533.1111051855 115439.3390126020
120373.2818242279 115122.3463972959
120533.1111051855 115122.3463972959
120852.7696671007 111952.4202442347
120692.9403861431 111952.4202442347
120692.9403861431 112110.9165518878
120533.1111051855 112269.4128595408
120692.9403861431 112427.9091671939
120533.1111051855 112427.9091671939
120533.1111051855 112586.4054748469
120692.9403861431 112744.9017825000
120373.2818242279 112903.3980901531
120692.9403861431 113061.8943978061
120373.2818242279 113220.3907054592
120692.9403861431 113378.8870131122
120533.1111051855 113537.3833207653
120373.2818242279 113537.3833207653
120533.1111051855 113695.8796284184
120373.2818242279 114012.8722437245
120533.1111051855 114171.3685513776
120533.1111051855 114488.3611666837
120373.2818242279 114488.3611666837
120533.1111051855 114805.3537819898
120373.2818242279 115597.8353202551
120533.1111051855 115914.8279355612

119733.9647003975 115914.8279355612
120533.1111051855 115914.8279355612
120213.4525432703 115756.3316279082
120533.1111051855 115597.8353202551
120213.4525432703 115439.3390126020
110304.0371238993 115280.8427049490
120373.2818242279 115122.3463972959
120533.1111051855 115122.3463972959
110463.8664048569 114963.8500896429
120533.1111051855 114805.3537819898
110463.8664048569 114646.8574743367
120533.1111051855 114488.3611666837
110623.6956858145 114329.8648590306
121332.2575099735 111793.9239365816
123410.0381624223 111952.4202442347
121012.5989480583 111952.4202442347
120373.2818242279 111952.4202442347
120692.9403861431 112110.9165518878
123250.2088814647 112269.4128595408
120373.2818242279 112269.4128595408
120692.9403861431 112427.9091671939
123569.8674433799 112744.9017825000
120692.9403861431 112744.9017825000
120692.9403861431 113061.8943978061
120373.2818242279 113220.3907054592
120692.9403861431 113378.8870131122
111103.1835286873 113537.3833207653
120533.1111051855 113695.8796284184
110623.6956858145 113695.8796284184
110623.6956858145 114012.8722437245
120533.1111051855 114171.3685513776

120213.4525432703 115914.8279355612
120373.2818242279 115914.8279355612
120533.1111051855 115914.8279355612
121332.2575099735 111793.9239365816
121012.5989480583 111952.4202442347
120373.2818242279 111952.4202442347
120692.9403861431 112110.9165518878
120373.2818242279 112269.4128595408
120692.9403861431 112427.9091671939
120373.2818242279 112586.4054748469
120692.9403861431 112744.9017825000
120373.2818242279 112903.3980901531
120692.9403861431 113061.8943978061
120373.2818242279 113220.3907054592
120692.9403861431 113378.8870131122
120373.2818242279 113537.3833207653
120533.1111051855 113695.8796284184
110623.6956858145 113695.8796284184
120533.1111051855 114012.8722437245
120373.2818242279 114012.8722437245
120533.1111051855 114171.3685513776
120373.2818242279 114329.8648590306
120533.1111051855 114488.3611666837
120373.2818242279 114488.3611666837
120533.1111051855 114805.3537819898
120213.4525432703 114963.8500896429
120533.1111051855 115122.3463972959
120373.2818242279 115122.3463972959
120533.1111051855 115439.3390126020
120373.2818242279 115439.3390126020
120533.1111051855 115597.8353202551

119733.9647003975 115914.8279355612
120373.2818242279 115914.8279355612
120213.4525432703 115756.3316279082
120533.1111051855 115597.8353202551
120213.4525432703 115439.3390126020
123569.8674433799 115439.3390126020
110304.0371238993 115280.8427049490
120373.2818242279 115122.3463972959
120533.1111051855 115122.3463972959
110463.8664048569 114963.8500896429
120533.1111051855 114805.3537819898
110463.8664048569 114646.8574743367
120533.1111051855 114488.3611666837
110623.6956858145 114329.8648590306
120533.1111051855 114171.3685513776
110623.6956858145 114012.8722437245
123410.0381624223 111476.9313212755
123250.2088814647 111793.9239365816
121332.2575099735 111793.9239365816
121012.5989480583 111952.4202442347
120373.2818242279 111952.4202442347
120692.9403861431 112110.9165518878
123250.2088814647 112269.4128595408
120692.9403861431 112427.9091671939
123569.8674433799 112744.9017825000
120692.9403861431 112744.9017825000
120692.9403861431 113061.8943978061
120692.9403861431 113378.8870131122
111103.1835286873 113537.3833207653
120533.1111051855 113695.8796284184
110623.6956858145 113695.8796284184

119733.9647003975 115914.8279355612
120373.2818242279 115914.8279355612
120533.1111051855 115914.8279355612
110463.8664048569 115756.3316279082
120533.1111051855 115597.8353202551
120213.4525432703 115439.3390126020
110304.0371238993 115280.8427049490
120533.1111051855 115122.3463972959
110463.8664048569 114963.8500896429
120533.1111051855 114805.3537819898
110463.8664048569 114646.8574743367
120533.1111051855 114488.3611666837
110623.6956858145 114329.8648590306
126766.4530625318 111001.4423983163
123410.0381624223 111476.9313212755
123250.2088814647 111793.9239365816
121332.2575099735 111793.9239365816
121012.5989480583 111952.4202442347
120692.9403861431 112110.9165518878
123250.2088814647 112269.4128595408
120692.9403861431 112427.9091671939
123569.8674433799 112744.9017825000
120692.9403861431 112744.9017825000
120692.9403861431 113061.8943978061
120692.9403861431 113378.8870131122
111103.1835286873 113537.3833207653
120533.1111051855 113695.8796284184
110623.6956858145 113695.8796284184
110623.6956858145 114012.8722437245
120533.1111051855 114171.3685513776
123569.8674433799 115439.3390126020

94321.1090281396 116548.8131661735
95439.9139948428 116548.8131661735
94640.7675900548 116390.3168585204
96718.5482425035 116390.3168585204
97357.8653663339 116390.3168585204
100874.1095474011 116390.3168585204
120373.2818242279 115122.3463972959
106468.1343809170 116231.8205508673
97517.6946472915 116073.3242432143
101033.9388283587 116073.3242432143
106947.6222237898 116073.3242432143
110144.2078429417 116073.3242432143
101513.4266712315 115914.8279355612
110463.8664048569 115914.8279355612
102632.2316379346 116231.8205508673
102951.8901998498 115597.8353202551
106787.7929428322 115439.3390126020
110304.0371238993 115439.3390126020
103111.7194808074 115280.8427049490
106627.9636618746 114963.8500896429
107427.1100666626 114963.8500896429
109984.3785619841 114805.3537819898
110304.0371238993 114488.3611666837
110623.6956858145 114329.8648590306
113820.2813049664 114329.8648590306
110943.3542477297 114171.3685513776
112381.8177763481 114012.8722437245
110623.6956858145 113695.8796284184
136835.6977628604 109574.9756294388
137315.1856057332 109099.4867064796
137794.6734486060 108940.9903988265

120213.4525432703 115914.8279355612
120373.2818242279 115914.8279355612
120533.1111051855 115914.8279355612
120373.2818242279 115756.3316279082
120373.2818242279 115439.3390126020
120533.1111051855 115439.3390126020
120533.1111051855 115122.3463972959
120213.4525432703 114963.8500896429
120533.1111051855 114805.3537819898
120533.1111051855 114488.3611666837
110623.6956858145 114329.8648590306
120213.4525432703 114329.8648590306
120533.1111051855 114171.3685513776
110623.6956858145 114012.8722437245
120373.2818242279 114012.8722437245
120533.1111051855 114012.8722437245
110623.6956858145 113695.8796284184
120533.1111051855 113695.8796284184
111103.1835286873 113537.3833207653
120373.2818242279 113537.3833207653
120692.9403861431 113378.8870131122
121332.2575099735 111793.9239365816
121012.5989480583 111952.4202442347
120692.9403861431 111952.4202442347
120692.9403861431 112110.9165518878
120373.2818242279 112269.4128595408
120692.9403861431 112427.9091671939
120373.2818242279 112586.4054748469
120692.9403861431 112744.9017825000
120373.2818242279 112903.3980901531
120692.9403861431 113061.8943978061

120213.4525432703 115914.8279355612
120373.2818242279 115914.8279355612
120533.1111051855 115914.8279355612
120373.2818242279 115756.3316279082
120373.2818242279 115439.3390126020
120533.1111051855 115439.3390126020
120533.1111051855 115122.3463972959
120213.4525432703 114963.8500896429
120533.1111051855 114805.3537819898
120533.1111051855 114488.3611666837
110623.6956858145 114329.8648590306
120213.4525432703 114329.8648590306
120533.1111051855 114171.3685513776
110623.6956858145 114012.8722437245
120373.2818242279 114012.8722437245
120533.1111051855 114012.8722437245
121332.2575099735 111793.9239365816
121012.5989480583 111952.4202442347
120692.9403861431 111952.4202442347
120692.9403861431 112110.9165518878
120692.9403861431 112427.9091671939
120373.2818242279 112586.4054748469
120692.9403861431 112744.9017825000
120373.2818242279 112903.3980901531
120692.9403861431 113061.8943978061
120373.2818242279 113220.3907054592
120692.9403861431 113378.8870131122
120373.2818242279 113537.3833207653
111103.1835286873 113537.3833207653
120533.1111051855 113695.8796284184
110623.6956858145 113695.8796284184

120213.4525432703 115914.8279355612
120373.2818242279 115914.8279355612
120533.1111051855 115914.8279355612
120373.2818242279 115756.3316279082
120373.2818242279 115439.3390126020
120533.1111051855 115439.3390126020
120533.1111051855 115122.3463972959
120213.4525432703 114963.8500896429
120533.1111051855 114805.3537819898
120533.1111051855 114488.3611666837
110623.6956858145 114329.8648590306
120213.4525432703 114329.8648590306
120533.1111051855 114171.3685513776
110623.6956858145 114012.8722437245
120373.2818242279 114012.8722437245
120533.1111051855 114012.8722437245
110623.6956858145 113695.8796284184
120533.1111051855 113695.8796284184
120373.2818242279 113537.3833207653
120692.9403861431 113378.8870131122
120373.2818242279 113220.3907054592
120692.9403861431 113061.8943978061
120373.2818242279 112903.3980901531
120692.9403861431 112744.9017825000
120373.2818242279 112586.4054748469
120692.9403861431 112427.9091671939
120373.2818242279 112269.4128595408
120692.9403861431 112110.9165518878
120373.2818242279 111952.4202442347
121012.5989480583 111952.4202442347
121332.2575099735 111793.9239365816

120213.4525432703 115914.8279355612
120373.2818242279 115914.8279355612
120533.1111051855 115914.8279355612
120533.1111051855 115597.8353202551
120373.2818242279 115439.3390126020
120533.1111051855 115439.3390126020
120533.1111051855 115122.3463972959
120213.4525432703 114963.8500896429
120533.1111051855 114805.3537819898
110463.8664048569 114646.8574743367
120533.1111051855 114488.3611666837
110623.6956858145 114329.8648590306
120533.1111051855 114171.3685513776
110623.6956858145 114012.8722437245
120373.2818242279 114012.8722437245
110623.6956858145 113695.8796284184
120533.1111051855 113695.8796284184
111103.1835286873 113537.3833207653
121332.2575099735 111793.9239365816
121012.5989480583 111952.4202442347
120373.2818242279 111952.4202442347
120692.9403861431 112110.9165518878
120373.2818242279 112269.4128595408
120692.9403861431 112427.9091671939
120373.2818242279 112586.4054748469
120692.9403861431 112744.9017825000
120373.2818242279 112903.3980901531
120692.9403861431 113061.8943978061
120373.2818242279 113220.3907054592
120692.9403861431 113378.8870131122
120373.2818242279 113537.3833207653

110463.8664048569 115914.8279355612
119733.9647003975 115914.8279355612
120373.2818242279 115914.8279355612
120533.1111051855 115914.8279355612
120533.1111051855 115597.8353202551
126766.4530625318 111001.4423983163
126606.6237815742 111476.9313212755
123410.0381624223 111476.9313212755
123250.2088814647 111793.9239365816
121332.2575099735 111793.9239365816
121012.5989480583 111952.4202442347
120692.9403861431 112110.9165518878
123250.2088814647 112269.4128595408
120692.9403861431 112427.9091671939
123569.8674433799 112744.9017825000
120692.9403861431 112744.9017825000
120692.9403861431 113061.8943978061
120692.9403861431 113378.8870131122
111103.1835286873 113537.3833207653
120533.1111051855 113695.8796284184
110623.6956858145 113695.8796284184
110623.6956858145 114012.8722437245
120533.1111051855 114171.3685513776
110623.6956858145 114329.8648590306
120533.1111051855 114488.3611666837
110463.8664048569 114646.8574743367
120533.1111051855 114805.3537819898
110463.8664048569 114963.8500896429
120533.1111051855 115122.3463972959
120373.2818242279 115122.3463972959
110304.0371238993 115280.8427049490

120213.4525432703 115914.8279355612
120373.2818242279 115914.8279355612
120533.1111051855 115914.8279355612
120533.1111051855 115597.8353202551
120373.2818242279 115439.3390126020
120533.1111051855 115439.3390126020
120533.1111051855 115122.3463972959
120213.4525432703 114963.8500896429
120533.1111051855 114805.3537819898
120533.1111051855 114488.3611666837
110623.6956858145 114329.8648590306
120213.4525432703 114329.8648590306
120533.1111051855 111952.4202442347
110623.6956858145 114012.8722437245
120373.2818242279 114012.8722437245
120533.1111051855 114012.8722437245
121332.2575099735 111793.9239365816
121012.5989480583 111952.4202442347
120692.9403861431 111952.4202442347
120692.9403861431 112110.9165518878
120692.9403861431 112427.9091671939
120373.2818242279 112586.4054748469
120692.9403861431 112744.9017825000
120373.2818242279 112903.3980901531
120692.9403861431 113061.8943978061
120373.2818242279 113220.3907054592
120692.9403861431 113378.8870131122
120373.2818242279 113537.3833207653
111103.1835286873 113537.3833207653
120533.1111051855 113695.8796284184
110623.6956858145 113695.8796284184

120213.4525432703 115914.8279355612
120373.2818242279 115914.8279355612
120533.1111051855 115914.8279355612
120373.2818242279 115597.8353202551
120533.1111051855 115597.8353202551
120373.2818242279 115439.3390126020
120533.1111051855 115439.3390126020
120373.2818242279 115122.3463972959
120533.1111051855 115122.3463972959
120213.4525432703 114963.8500896429
120533.1111051855 114805.3537819898
120373.2818242279 114488.3611666837
120533.1111051855 114488.3611666837
120533.1111051855 114171.3685513776
121332.2575099735 111793.9239365816
121012.5989480583 111952.4202442347
120373.2818242279 111952.4202442347
120692.9403861431 112110.9165518878
120373.2818242279 112269.4128595408
120692.9403861431 112427.9091671939
120373.2818242279 112586.4054748469
120692.9403861431 112744.9017825000
120373.2818242279 112903.3980901531
120692.9403861431 113061.8943978061
120373.2818242279 113220.3907054592
120692.9403861431 113378.8870131122
120373.2818242279 113537.3833207653
120533.1111051855 113695.8796284184
110623.6956858145 113695.8796284184
120533.1111051855 114012.8722437245
120373.2818242279 114012.8722437245

119733.9647003975 115914.8279355612
120373.2818242279 115914.8279355612
137794.6734486060 108940.9903988265
137315.1856057332 109099.4867064796
136835.6977628604 109574.9756294388
110623.6956858145 113695.8796284184
112381.8177763481 114012.8722437245
110943.3542477297 114171.3685513776
113820.2813049664 114329.8648590306
110623.6956858145 114329.8648590306
110304.0371238993 114488.3611666837
109984.3785619841 114805.3537819898
107427.1100666626 114963.8500896429
106627.9636618746 114963.8500896429
103111.7194808074 115280.8427049490
110304.0371238993 115439.3390126020
106787.7929428322 115439.3390126020
101992.9145141042 115439.3390126020
102951.8901998498 115597.8353202551
110463.8664048569 115914.8279355612
101513.4266712315 115914.8279355612
110144.2078429417 116073.3242432143
106947.6222237898 116073.3242432143
101033.9388283587 116073.3242432143
97517.6946472915 116073.3242432143
106468.1343809170 116231.8205508673
102632.2316379346 116231.8205508673
100874.1095474011 116390.3168585204
97357.8653663339 116390.3168585204
96718.5482425035 116390.3168585204
94640.7675900548 116390.3168585204

120213.4525432703 115914.8279355612
120373.2818242279 115914.8279355612
120533.1111051855 115597.8353202551
120213.4525432703 115439.3390126020
120533.1111051855 115439.3390126020
120533.1111051855 115122.3463972959
120213.4525432703 114963.8500896429
120533.1111051855 114805.3537819898
110463.8664048569 114646.8574743367
120533.1111051855 114488.3611666837
110623.6956858145 114329.8648590306
120213.4525432703 114329.8648590306
120533.1111051855 114171.3685513776
110623.6956858145 114012.8722437245
120373.2818242279 114012.8722437245
110623.6956858145 113695.8796284184
120533.1111051855 113695.8796284184
111103.1835286873 113537.3833207653
120213.4525432703 113537.3833207653
120692.9403861431 113378.8870131122
120373.2818242279 113220.3907054592
120692.9403861431 113061.8943978061
120373.2818242279 112903.3980901531
120692.9403861431 112744.9017825000
120373.2818242279 112586.4054748469
120692.9403861431 112427.9091671939
120373.2818242279 112269.4128595408
120692.9403861431 112110.9165518878
120373.2818242279 111952.4202442347
121012.5989480583 111952.4202442347
121332.2575099735 111793.9239365816

120213.4525432703 115914.8279355612
120373.2818242279 115914.8279355612
120533.1111051855 115914.8279355612
120533.1111051855 115597.8353202551
120213.4525432703 115439.3390126020
120373.2818242279 115439.3390126020
120533.1111051855 115439.3390126020
120373.2818242279 115122.3463972959
120533.1111051855 115122.3463972959
120213.4525432703 114963.8500896429
120533.1111051855 114805.3537819898
120373.2818242279 114488.3611666837
120533.1111051855 114488.3611666837
120533.1111051855 114171.3685513776
110623.6956858145 114012.8722437245
120533.1111051855 114012.8722437245
121332.2575099735 111793.9239365816
121012.5989480583 111952.4202442347
120692.9403861431 111952.4202442347
120692.9403861431 112110.9165518878
120692.9403861431 112427.9091671939
120373.2818242279 112586.4054748469
120692.9403861431 112744.9017825000
120373.2818242279 112903.3980901531
120692.9403861431 113061.8943978061
120373.2818242279 113220.3907054592
120692.9403861431 113378.8870131122
120373.2818242279 113537.3833207653
111103.1835286873 113537.3833207653
120533.1111051855 113695.8796284184
110623.6956858145 113695.8796284184

94321.1090281396 116548.8131661735
95439.9139948428 116548.8131661735
94640.7675900548 116390.3168585204
96718.5482425035 116390.3168585204
97357.8653663339 116390.3168585204
100874.1095474011 116390.3168585204
101992.9145141042 115439.3390126020
106468.1343809170 116231.8205508673
97517.6946472915 116073.3242432143
101033.9388283587 116073.3242432143
106947.6222237898 116073.3242432143
110144.2078429417 116073.3242432143
101513.4266712315 115914.8279355612
110463.8664048569 115914.8279355612
102632.2316379346 116231.8205508673
102951.8901998498 115597.8353202551
106787.7929428322 115439.3390126020
110304.0371238993 115439.3390126020
103111.7194808074 115280.8427049490
106627.9636618746 114963.8500896429
107427.1100666626 114963.8500896429
109984.3785619841 114805.3537819898
110304.0371238993 114488.3611666837
110623.6956858145 114329.8648590306
113820.2813049664 114329.8648590306
110943.3542477297 114171.3685513776
112381.8177763481 114012.8722437245
110623.6956858145 113695.8796284184
136835.6977628604 109574.9756294388
137315.1856057332 109099.4867064796
137794.6734486060 108940.9903988265

119733.9647003975 115914.8279355612
120533.1111051855 115914.8279355612
120213.4525432703 115756.3316279082
120533.1111051855 115597.8353202551
120213.4525432703 115439.3390126020
110304.0371238993 115280.8427049490
120373.2818242279 115122.3463972959
120533.1111051855 115122.3463972959
110463.8664048569 114963.8500896429
120533.1111051855 114805.3537819898
110463.8664048569 114646.8574743367
120533.1111051855 114488.3611666837
110623.6956858145 114329.8648590306
120533.1111051855 114171.3685513776
110623.6956858145 114012.8722437245
110623.6956858145 113695.8796284184
120533.1111051855 113695.8796284184
111103.1835286873 113537.3833207653
120692.9403861431 113378.8870131122
120373.2818242279 113220.3907054592
120692.9403861431 113061.8943978061
120373.2818242279 112903.3980901531
120692.9403861431 112744.9017825000
123569.8674433799 112744.9017825000
120373.2818242279 112586.4054748469
120692.9403861431 112427.9091671939
123250.2088814647 112269.4128595408
121332.2575099735 111793.9239365816
123410.0381624223 111952.4202442347
121012.5989480583 111952.4202442347
120692.9403861431 112110.9165518878

120213.4525432703 115914.8279355612
120373.2818242279 115914.8279355612
120533.1111051855 115914.8279355612
120533.1111051855 115597.8353202551
120213.4525432703 115439.3390126020
120533.1111051855 115439.3390126020
120213.4525432703 114963.8500896429
120533.1111051855 114805.3537819898
110463.8664048569 114646.8574743367
120533.1111051855 114488.3611666837
110623.6956858145 114329.8648590306
120213.4525432703 114329.8648590306
120533.1111051855 114171.3685513776
110623.6956858145 114012.8722437245
120373.2818242279 114012.8722437245
121332.2575099735 111793.9239365816
121012.5989480583 111952.4202442347
120373.2818242279 111952.4202442347
120692.9403861431 112110.9165518878
120373.2818242279 112269.4128595408
120692.9403861431 112427.9091671939
120373.2818242279 112586.4054748469
120692.9403861431 112744.9017825000
120373.2818242279 112903.3980901531
120692.9403861431 113061.8943978061
120373.2818242279 113220.3907054592
120692.9403861431 113378.8870131122
111103.1835286873 113537.3833207653
120533.1111051855 113695.8796284184
110623.6956858145 113695.8796284184
120533.1111051855 115122.3463972959

120213.4525432703 115914.8279355612
120373.2818242279 115914.8279355612
120533.1111051855 115914.8279355612
120373.2818242279 115756.3316279082
120533.1111051855 115597.8353202551
120213.4525432703 115439.3390126020
120373.2818242279 115439.3390126020
120533.1111051855 115439.3390126020
120373.2818242279 115122.3463972959
120533.1111051855 115122.3463972959
120213.4525432703 114963.8500896429
120533.1111051855 114805.3537819898
120373.2818242279 114488.3611666837
120533.1111051855 114488.3611666837
120533.1111051855 114171.3685513776
120852.7696671007 111952.4202442347
120692.9403861431 111952.4202442347
120692.9403861431 112110.9165518878
120533.1111051855 112269.4128595408
120692.9403861431 112427.9091671939
120533.1111051855 112586.4054748469
120692.9403861431 112744.9017825000
120373.2818242279 112903.3980901531
120692.9403861431 113061.8943978061
120373.2818242279 113220.3907054592
120692.9403861431 113378.8870131122
120533.1111051855 113537.3833207653
120373.2818242279 113537.3833207653
120533.1111051855 113695.8796284184
110463.8664048569 113695.8796284184
120533.1111051855 114012.8722437245

120213.4525432703 115914.8279355612
120373.2818242279 115914.8279355612
120533.1111051855 115914.8279355612
120373.2818242279 115756.3316279082
120373.2818242279 115597.8353202551
120533.1111051855 115597.8353202551
120533.1111051855 115439.3390126020
120373.2818242279 115122.3463972959
120533.1111051855 115122.3463972959
120852.7696671007 111952.4202442347
120692.9403861431 111952.4202442347
120692.9403861431 112110.9165518878
120533.1111051855 112269.4128595408
120373.2818242279 112269.4128595408
120692.9403861431 112427.9091671939
120373.2818242279 112586.4054748469
120692.9403861431 112744.9017825000
120373.2818242279 112903.3980901531
120692.9403861431 113061.8943978061
120373.2818242279 113220.3907054592
120692.9403861431 113378.8870131122
120373.2818242279 113537.3833207653
120533.1111051855 113695.8796284184
120533.1111051855 114012.8722437245
120373.2818242279 114012.8722437245
120533.1111051855 114171.3685513776
120533.1111051855 114488.3611666837
120373.2818242279 114488.3611666837
120533.1111051855 114805.3537819898
120213.4525432703 114963.8500896429
120373.2818242279 115439.3390126020

120213.4525432703 115914.8279355612
120373.2818242279 115914.8279355612
120533.1111051855 115914.8279355612
120373.2818242279 115756.3316279082
120373.2818242279 115597.8353202551
120533.1111051855 115597.8353202551
120533.1111051855 115439.3390126020
120373.2818242279 115122.3463972959
120533.1111051855 115122.3463972959
120213.4525432703 114963.8500896429
120852.7696671007 111952.4202442347
120692.9403861431 111952.4202442347
120692.9403861431 112110.9165518878
120533.1111051855 112269.4128595408
120692.9403861431 112427.9091671939
120533.1111051855 112586.4054748469
120692.9403861431 112744.9017825000
120373.2818242279 112903.3980901531
120692.9403861431 113061.8943978061
120373.2818242279 113220.3907054592
120692.9403861431 113378.8870131122
120533.1111051855 113537.3833207653
120373.2818242279 113537.3833207653
120533.1111051855 113695.8796284184
110463.8664048569 113695.8796284184
120533.1111051855 114012.8722437245
120373.2818242279 114012.8722437245
120533.1111051855 114171.3685513776
120533.1111051855 114488.3611666837
120373.2818242279 114488.3611666837
120533.1111051855 114805.3537819898

119733.9647003975 115914.8279355612
120373.2818242279 115914.8279355612
120533.1111051855 115914.8279355612
120533.1111051855 115597.8353202551
120213.4525432703 115439.3390126020
123569.8674433799 115439.3390126020
110304.0371238993 115280.8427049490
120373.2818242279 115122.3463972959
120533.1111051855 115122.3463972959
110463.8664048569 114963.8500896429
120533.1111051855 114805.3537819898
110463.8664048569 114646.8574743367
120533.1111051855 114488.3611666837
110623.6956858145 114329.8648590306
120533.1111051855 114171.3685513776
126766.4530625318 111001.4423983163
123410.0381624223 111476.9313212755
123250.2088814647 111793.9239365816
121332.2575099735 111793.9239365816
121012.5989480583 111952.4202442347
120692.9403861431 112110.9165518878
123250.2088814647 112269.4128595408
120692.9403861431 112427.9091671939
123569.8674433799 112744.9017825000
120692.9403861431 112744.9017825000
120692.9403861431 113061.8943978061
120692.9403861431 113378.8870131122
111103.1835286873 113537.3833207653
120533.1111051855 113695.8796284184
110623.6956858145 113695.8796284184
110623.6956858145 114012.8722437245

120213.4525432703 115914.8279355612
120373.2818242279 115914.8279355612
120533.1111051855 115914.8279355612
120373.2818242279 115756.3316279082
120373.2818242279 115597.8353202551
120533.1111051855 115597.8353202551
120533.1111051855 115439.3390126020
120373.2818242279 115122.3463972959
120533.1111051855 115122.3463972959
120213.4525432703 114963.8500896429
120533.1111051855 114805.3537819898
120373.2818242279 114488.3611666837
120533.1111051855 114488.3611666837
120533.1111051855 114171.3685513776
110623.6956858145 114012.8722437245
120533.1111051855 114012.8722437245
110623.6956858145 113695.8796284184
120533.1111051855 113695.8796284184
120373.2818242279 113537.3833207653
120692.9403861431 113378.8870131122
120373.2818242279 113220.3907054592
120692.9403861431 113061.8943978061
120373.2818242279 112903.3980901531
120692.9403861431 112744.9017825000
120373.2818242279 112586.4054748469
120692.9403861431 112427.9091671939
120373.2818242279 112269.4128595408
120692.9403861431 112110.9165518878
120692.9403861431 111952.4202442347
121012.5989480583 111952.4202442347
121332.2575099735 111793.9239365816

120213.4525432703 115914.8279355612
120373.2818242279 115914.8279355612
120533.1111051855 115914.8279355612
120533.1111051855 115597.8353202551
120213.4525432703 115439.3390126020
120373.2818242279 115122.3463972959
120533.1111051855 115122.3463972959
110463.8664048569 114963.8500896429
120533.1111051855 114805.3537819898
110463.8664048569 114646.8574743367
120373.2818242279 114488.3611666837
120533.1111051855 114488.3611666837
110623.6956858145 114329.8648590306
120533.1111051855 114171.3685513776
110623.6956858145 114012.8722437245
120373.2818242279 114012.8722437245
110623.6956858145 113695.8796284184
120533.1111051855 113695.8796284184
111103.1835286873 113537.3833207653
120692.9403861431 113378.8870131122
121332.2575099735 111793.9239365816
121012.5989480583 111952.4202442347
120692.9403861431 111952.4202442347
120692.9403861431 112110.9165518878
120373.2818242279 112269.4128595408
120692.9403861431 112427.9091671939
120373.2818242279 112586.4054748469
120692.9403861431 112744.9017825000
120373.2818242279 112903.3980901531
120692.9403861431 113061.8943978061
120373.2818242279 113220.3907054592

110463.8664048569 115914.8279355612
119733.9647003975 115914.8279355612
120373.2818242279 115914.8279355612
120533.1111051855 115914.8279355612
120533.1111051855 115597.8353202551
120213.4525432703 115439.3390126020
110304.0371238993 115280.8427049490
120533.1111051855 115122.3463972959
110463.8664048569 114963.8500896429
120533.1111051855 114805.3537819898
110463.8664048569 114646.8574743367
126766.4530625318 111001.4423983163
123410.0381624223 111476.9313212755
121332.2575099735 111793.9239365816
123410.0381624223 111952.4202442347
121012.5989480583 111952.4202442347
120692.9403861431 112110.9165518878
123250.2088814647 112269.4128595408
120692.9403861431 112427.9091671939
123569.8674433799 112744.9017825000
120692.9403861431 112744.9017825000
120692.9403861431 113061.8943978061
120692.9403861431 113378.8870131122
111103.1835286873 113537.3833207653
120533.1111051855 113695.8796284184
110623.6956858145 113695.8796284184
110623.6956858145 114012.8722437245
120533.1111051855 114171.3685513776
110623.6956858145 114329.8648590306
120533.1111051855 114488.3611666837
120373.2818242279 115122.3463972959

110304.0371238993 116231.8205508673
110463.8664048569 115914.8279355612
119733.9647003975 115914.8279355612
120213.4525432703 115756.3316279082
120533.1111051855 115597.8353202551
123569.8674433799 115439.3390126020
110304.0371238993 115280.8427049490
120533.1111051855 115122.3463972959
110463.8664048569 114963.8500896429
120533.1111051855 114805.3537819898
110463.8664048569 114646.8574743367
120533.1111051855 114488.3611666837
110623.6956858145 114329.8648590306
120533.1111051855 114171.3685513776
110623.6956858145 114012.8722437245
110623.6956858145 113695.8796284184
120533.1111051855 113695.8796284184
111103.1835286873 113537.3833207653
120692.9403861431 113378.8870131122
120692.9403861431 113061.8943978061
120692.9403861431 112744.9017825000
123569.8674433799 112744.9017825000
120692.9403861431 112427.9091671939
123250.2088814647 112269.4128595408
120692.9403861431 112110.9165518878
121012.5989480583 111952.4202442347
123410.0381624223 111952.4202442347
121332.2575099735 111793.9239365816
123410.0381624223 111476.9313212755
126606.6237815742 111476.9313212755
127086.1116244470 111318.4350136225

120213.4525432703 115914.8279355612
120373.2818242279 115914.8279355612
120533.1111051855 115914.8279355612
120533.1111051855 115597.8353202551
120213.4525432703 115439.3390126020
120533.1111051855 115439.3390126020
120533.1111051855 115122.3463972959
120213.4525432703 114963.8500896429
120533.1111051855 114805.3537819898
120533.1111051855 114488.3611666837
110623.6956858145 114329.8648590306
120213.4525432703 114329.8648590306
120533.1111051855 114171.3685513776
110623.6956858145 114012.8722437245
120373.2818242279 114012.8722437245
120533.1111051855 114012.8722437245
110623.6956858145 113695.8796284184
120533.1111051855 113695.8796284184
120373.2818242279 113537.3833207653
121332.2575099735 111793.9239365816
121012.5989480583 111952.4202442347
120692.9403861431 111952.4202442347
120692.9403861431 112110.9165518878
120692.9403861431 112427.9091671939
120373.2818242279 112586.4054748469
120692.9403861431 112744.9017825000
120373.2818242279 112903.3980901531
120692.9403861431 113061.8943978061
120373.2818242279 113220.3907054592
120692.9403861431 113378.8870131122
111103.1835286873 113537.3833207653

120213.4525432703 115914.8279355612
120373.2818242279 115914.8279355612
120533.1111051855 115914.8279355612
120533.1111051855 115597.8353202551
120373.2818242279 115439.3390126020
120533.1111051855 115439.3390126020
120373.2818242279 115122.3463972959
120533.1111051855 115122.3463972959
120213.4525432703 114963.8500896429
120533.1111051855 114805.3537819898
120373.2818242279 114488.3611666837
120533.1111051855 114488.3611666837
121332.2575099735 111793.9239365816
121012.5989480583 111952.4202442347
120373.2818242279 111952.4202442347
120692.9403861431 112110.9165518878
120373.2818242279 112269.4128595408
120692.9403861431 112427.9091671939
120373.2818242279 112586.4054748469
120692.9403861431 112744.9017825000
120373.2818242279 112903.3980901531
120692.9403861431 113061.8943978061
120373.2818242279 113220.3907054592
120692.9403861431 113378.8870131122
120373.2818242279 113537.3833207653
120533.1111051855 113695.8796284184
110623.6956858145 113695.8796284184
120533.1111051855 114012.8722437245
120373.2818242279 114012.8722437245
110623.6956858145 114012.8722437245
120533.1111051855 114171.3685513776

120213.4525432703 115914.8279355612
120373.2818242279 115914.8279355612
120533.1111051855 115914.8279355612
120533.1111051855 115597.8353202551
120213.4525432703 115439.3390126020
120533.1111051855 115439.3390126020
120533.1111051855 115122.3463972959
120213.4525432703 114963.8500896429
120533.1111051855 114805.3537819898
120533.1111051855 114488.3611666837
110623.6956858145 114329.8648590306
120213.4525432703 114329.8648590306
120533.1111051855 114171.3685513776
110623.6956858145 114012.8722437245
120373.2818242279 114012.8722437245
120533.1111051855 114012.8722437245
121332.2575099735 111793.9239365816
121012.5989480583 111952.4202442347
120692.9403861431 111952.4202442347
120692.9403861431 112110.9165518878
120373.2818242279 112269.4128595408
120692.9403861431 112427.9091671939
120373.2818242279 112586.4054748469
120692.9403861431 112744.9017825000
120373.2818242279 112903.3980901531
120692.9403861431 113061.8943978061
120373.2818242279 113220.3907054592
120692.9403861431 113378.8870131122
120373.2818242279 113537.3833207653
120533.1111051855 113695.8796284184
110623.6956858145 113695.8796284184

120213.4525432703 115914.8279355612
120373.2818242279 115914.8279355612
120533.1111051855 115914.8279355612
120533.1111051855 115597.8353202551
120213.4525432703 115439.3390126020
120533.1111051855 115439.3390126020
120533.1111051855 115122.3463972959
120213.4525432703 114963.8500896429
120533.1111051855 114805.3537819898
120533.1111051855 114488.3611666837
110623.6956858145 114329.8648590306
120213.4525432703 114329.8648590306
120533.1111051855 114171.3685513776
110623.6956858145 114012.8722437245
121332.2575099735 111793.9239365816
121012.5989480583 111952.4202442347
120373.2818242279 111952.4202442347
120692.9403861431 112110.9165518878
120373.2818242279 112269.4128595408
120692.9403861431 112427.9091671939
120373.2818242279 112586.4054748469
120692.9403861431 112744.9017825000
120373.2818242279 112903.3980901531
120692.9403861431 113061.8943978061
120373.2818242279 113220.3907054592
120692.9403861431 113378.8870131122
120373.2818242279 113537.3833207653
120533.1111051855 113695.8796284184
110623.6956858145 113695.8796284184
120533.1111051855 114012.8722437245
120373.2818242279 114012.8722437245

120213.4525432703 115914.8279355612
120373.2818242279 115914.8279355612
120533.1111051855 115914.8279355612
120373.2818242279 115597.8353202551
120533.1111051855 115597.8353202551
120373.2818242279 115439.3390126020
120533.1111051855 115439.3390126020
120533.1111051855 115122.3463972959
120213.4525432703 114963.8500896429
120533.1111051855 114805.3537819898
121332.2575099735 111793.9239365816
121012.5989480583 111952.4202442347
120373.2818242279 111952.4202442347
120692.9403861431 112110.9165518878
120373.2818242279 112269.4128595408
120692.9403861431 112427.9091671939
120373.2818242279 112586.4054748469
120692.9403861431 112744.9017825000
120373.2818242279 112903.3980901531
120692.9403861431 113061.8943978061
120373.2818242279 113220.3907054592
120692.9403861431 113378.8870131122
120373.2818242279 113537.3833207653
120533.1111051855 113695.8796284184
110623.6956858145 113695.8796284184
120533.1111051855 114012.8722437245
120373.2818242279 114012.8722437245
120533.1111051855 114171.3685513776
120373.2818242279 114329.8648590306
120533.1111051855 114488.3611666837
120373.2818242279 114488.3611666837

120213.4525432703 115914.8279355612
120373.2818242279 115914.8279355612
120533.1111051855 115914.8279355612
121332.2575099735 111793.9239365816
121012.5989480583 111952.4202442347
120373.2818242279 111952.4202442347
120692.9403861431 112110.9165518878
120373.2818242279 112269.4128595408
120692.9403861431 112427.9091671939
120373.2818242279 112586.4054748469
120692.9403861431 112744.9017825000
120373.2818242279 112903.3980901531
120692.9403861431 113061.8943978061
120373.2818242279 113220.3907054592
120692.9403861431 113378.8870131122
120373.2818242279 113537.3833207653
120533.1111051855 113695.8796284184
110623.6956858145 113695.8796284184
120533.1111051855 114012.8722437245
120373.2818242279 114012.8722437245
110623.6956858145 114012.8722437245
120533.1111051855 114171.3685513776
120213.4525432703 114329.8648590306
110623.6956858145 114329.8648590306
120533.1111051855 114488.3611666837
120533.1111051855 114805.3537819898
120213.4525432703 114963.8500896429
120533.1111051855 115122.3463972959
120533.1111051855 115439.3390126020
120373.2818242279 115439.3390126020
120533.1111051855 115597.8353202551

120213.4525432703 115914.8279355612
120373.2818242279 115914.8279355612
120533.1111051855 115914.8279355612
120373.2818242279 115597.8353202551
120533.1111051855 115597.8353202551
120373.2818242279 115439.3390126020
120533.1111051855 115439.3390126020
120533.1111051855 115122.3463972959
120213.4525432703 114963.8500896429
120533.1111051855 114805.3537819898
121332.2575099735 111793.9239365816
121012.5989480583 111952.4202442347
120692.9403861431 111952.4202442347
120692.9403861431 112110.9165518878
120373.2818242279 112269.4128595408
120692.9403861431 112427.9091671939
120373.2818242279 112586.4054748469
120692.9403861431 112744.9017825000
120373.2818242279 112903.3980901531
120692.9403861431 113061.8943978061
120373.2818242279 113220.3907054592
120692.9403861431 113378.8870131122
120373.2818242279 113537.3833207653
120533.1111051855 113695.8796284184
110623.6956858145 113695.8796284184
120533.1111051855 114012.8722437245
120373.2818242279 114012.8722437245
120533.1111051855 114171.3685513776
120373.2818242279 114329.8648590306
120533.1111051855 114488.3611666837
120373.2818242279 114488.3611666837

120213.4525432703 115914.8279355612
120373.2818242279 115914.8279355612
120533.1111051855 115914.8279355612
121332.2575099735 111793.9239365816
121012.5989480583 111952.4202442347
120692.9403861431 111952.4202442347
120692.9403861431 112110.9165518878
120373.2818242279 112269.4128595408
120692.9403861431 112427.9091671939
120373.2818242279 112586.4054748469
120692.9403861431 112744.9017825000
120373.2818242279 112903.3980901531
120692.9403861431 113061.8943978061
120373.2818242279 113220.3907054592
120692.9403861431 113378.8870131122
120373.2818242279 113537.3833207653
120533.1111051855 113695.8796284184
110623.6956858145 113695.8796284184
120533.1111051855 114012.8722437245
120373.2818242279 114012.8722437245
120533.1111051855 114488.3611666837
120373.2818242279 114488.3611666837
120533.1111051855 114805.3537819898
120533.1111051855 115122.3463972959
120373.2818242279 115122.3463972959
120533.1111051855 115439.3390126020
120373.2818242279 115439.3390126020
120213.4525432703 115439.3390126020
120533.1111051855 115597.8353202551
120373.2818242279 115597.8353202551
120373.2818242279 115756.3316279082

120213.4525432703 115914.8279355612
120373.2818242279 115914.8279355612
120533.1111051855 115914.8279355612
120373.2818242279 115756.3316279082
120533.1111051855 115597.8353202551
120373.2818242279 115439.3390126020
120533.1111051855 115439.3390126020
120533.1111051855 115122.3463972959
120213.4525432703 114963.8500896429
121332.2575099735 111793.9239365816
121012.5989480583 111952.4202442347
120692.9403861431 111952.4202442347
120692.9403861431 112110.9165518878
120373.2818242279 112269.4128595408
120692.9403861431 112427.9091671939
120373.2818242279 112586.4054748469
120692.9403861431 112744.9017825000
120373.2818242279 112903.3980901531
120692.9403861431 113061.8943978061
120373.2818242279 113220.3907054592
120692.9403861431 113378.8870131122
120373.2818242279 113537.3833207653
120533.1111051855 113695.8796284184
110623.6956858145 113695.8796284184
120533.1111051855 114012.8722437245
120373.2818242279 114012.8722437245
120533.1111051855 114171.3685513776
120373.2818242279 114329.8648590306
120533.1111051855 114488.3611666837
120373.2818242279 114488.3611666837
120533.1111051855 114805.3537819898

120213.4525432703 115914.8279355612
120373.2818242279 115914.8279355612
120533.1111051855 115914.8279355612
121332.2575099735 111793.9239365816
121012.5989480583 111952.4202442347
120692.9403861431 111952.4202442347
120692.9403861431 112110.9165518878
120373.2818242279 112269.4128595408
120692.9403861431 112427.9091671939
120373.2818242279 112586.4054748469
120692.9403861431 112744.9017825000
120373.2818242279 112903.3980901531
120692.9403861431 113061.8943978061
120373.2818242279 113220.3907054592
120692.9403861431 113378.8870131122
111103.1835286873 113537.3833207653
120533.1111051855 113695.8796284184
110623.6956858145 113695.8796284184
120533.1111051855 114012.8722437245
110623.6956858145 114012.8722437245
120533.1111051855 114171.3685513776
110623.6956858145 114329.8648590306
120533.1111051855 114488.3611666837
120373.2818242279 114488.3611666837
110463.8664048569 114646.8574743367
120533.1111051855 114805.3537819898
110463.8664048569 114963.8500896429
120533.1111051855 115122.3463972959
120373.2818242279 115122.3463972959
120213.4525432703 115439.3390126020
120533.1111051855 115597.8353202551

120213.4525432703 115914.8279355612
120373.2818242279 115914.8279355612
120533.1111051855 115914.8279355612
120373.2818242279 115597.8353202551
120533.1111051855 115597.8353202551
120373.2818242279 115439.3390126020
120533.1111051855 115439.3390126020
120373.2818242279 115122.3463972959
120533.1111051855 115122.3463972959
120213.4525432703 114963.8500896429
120533.1111051855 114805.3537819898
120373.2818242279 114488.3611666837
120533.1111051855 114488.3611666837
120533.1111051855 114171.3685513776
120373.2818242279 114012.8722437245
120533.1111051855 114012.8722437245
110623.6956858145 113695.8796284184
120533.1111051855 113695.8796284184
120373.2818242279 113537.3833207653
120692.9403861431 113378.8870131122
120373.2818242279 113220.3907054592
120692.9403861431 113061.8943978061
120373.2818242279 112903.3980901531
120692.9403861431 112744.9017825000
120373.2818242279 112586.4054748469
120533.1111051855 112586.4054748469
121332.2575099735 111793.9239365816
121012.5989480583 111952.4202442347
120692.9403861431 111952.4202442347
120692.9403861431 112110.9165518878
120692.9403861431 112427.9091671939

120213.4525432703 115914.8279355612
120373.2818242279 115914.8279355612
120533.1111051855 115914.8279355612
120373.2818242279 115597.8353202551
120533.1111051855 115597.8353202551
120373.2818242279 115439.3390126020
120533.1111051855 115439.3390126020
120373.2818242279 115122.3463972959
120533.1111051855 115122.3463972959
120213.4525432703 114963.8500896429
120533.1111051855 114805.3537819898
120373.2818242279 114488.3611666837
120533.1111051855 114488.3611666837
120533.1111051855 114171.3685513776
110623.6956858145 114012.8722437245
120373.2818242279 114012.8722437245
121332.2575099735 111793.9239365816
121012.5989480583 111952.4202442347
120373.2818242279 111952.4202442347
120692.9403861431 112110.9165518878
120373.2818242279 112269.4128595408
120692.9403861431 112427.9091671939
120373.2818242279 112586.4054748469
120692.9403861431 112744.9017825000
120373.2818242279 112903.3980901531
120692.9403861431 113061.8943978061
120373.2818242279 113220.3907054592
120692.9403861431 113378.8870131122
120373.2818242279 113537.3833207653
120533.1111051855 113695.8796284184
110623.6956858145 113695.8796284184

119733.9647003975 115914.8279355612
120373.2818242279 115914.8279355612
110463.8664048569 115756.3316279082
123410.0381624223 115756.3316279082
120533.1111051855 115439.3390126020
123569.8674433799 115439.3390126020
110304.0371238993 115280.8427049490
120533.1111051855 115122.3463972959
110463.8664048569 114963.8500896429
120533.1111051855 114805.3537819898
110463.8664048569 114646.8574743367
120533.1111051855 114488.3611666837
110623.6956858145 114329.8648590306
120533.1111051855 114171.3685513776
110623.6956858145 114012.8722437245
110623.6956858145 113695.8796284184
120533.1111051855 113695.8796284184
111103.1835286873 113537.3833207653
126766.4530625318 111001.4423983163
123410.0381624223 111476.9313212755
121332.2575099735 111793.9239365816
123410.0381624223 111952.4202442347
121012.5989480583 111952.4202442347
120692.9403861431 112110.9165518878
123250.2088814647 112269.4128595408
120692.9403861431 112427.9091671939
123569.8674433799 112744.9017825000
120692.9403861431 112744.9017825000
120692.9403861431 113061.8943978061
120373.2818242279 113220.3907054592
120692.9403861431 113378.8870131122

120213.4525432703 115914.8279355612
120373.2818242279 115914.8279355612
120533.1111051855 115914.8279355612
120852.7696671007 111952.4202442347
120692.9403861431 111952.4202442347
120692.9403861431 112110.9165518878
120533.1111051855 112269.4128595408
120692.9403861431 112427.9091671939
120533.1111051855 112586.4054748469
120692.9403861431 112744.9017825000
120373.2818242279 112903.3980901531
120692.9403861431 113061.8943978061
120373.2818242279 113220.3907054592
120692.9403861431 113378.8870131122
120533.1111051855 113537.3833207653
120373.2818242279 113537.3833207653
120533.1111051855 113695.8796284184
120533.1111051855 114012.8722437245
120373.2818242279 114012.8722437245
120533.1111051855 114171.3685513776
120533.1111051855 114488.3611666837
120373.2818242279 114488.3611666837
120533.1111051855 114805.3537819898
120533.1111051855 115122.3463972959
120373.2818242279 115122.3463972959
120533.1111051855 115439.3390126020
120373.2818242279 115439.3390126020
120213.4525432703 115439.3390126020
120533.1111051855 115597.8353202551
120373.2818242279 115597.8353202551
120373.2818242279 115756.3316279082

119733.9647003975 115914.8279355612
120373.2818242279 115914.8279355612
120533.1111051855 115914.8279355612
123410.0381624223 115756.3316279082
120533.1111051855 115597.8353202551
123569.8674433799 115439.3390126020
110304.0371238993 115280.8427049490
120533.1111051855 115122.3463972959
110463.8664048569 114963.8500896429
120533.1111051855 114805.3537819898
110463.8664048569 114646.8574743367
120533.1111051855 114488.3611666837
110623.6956858145 114329.8648590306
120533.1111051855 114171.3685513776
110623.6956858145 114012.8722437245
126766.4530625318 111001.4423983163
123410.0381624223 111476.9313212755
121332.2575099735 111793.9239365816
123410.0381624223 111952.4202442347
121012.5989480583 111952.4202442347
120692.9403861431 112110.9165518878
123250.2088814647 112269.4128595408
120692.9403861431 112427.9091671939
123569.8674433799 112744.9017825000
120692.9403861431 112744.9017825000
120692.9403861431 113061.8943978061
120373.2818242279 113220.3907054592
111103.1835286873 113537.3833207653
120533.1111051855 113695.8796284184
110623.6956858145 113695.8796284184
120373.2818242279 115122.3463972959

119733.9647003975 115914.8279355612
120373.2818242279 115914.8279355612
120533.1111051855 115914.8279355612
120533.1111051855 115597.8353202551
120213.4525432703 115439.3390126020
110304.0371238993 115280.8427049490
120373.2818242279 115122.3463972959
120533.1111051855 115122.3463972959
110463.8664048569 114963.8500896429
120533.1111051855 114805.3537819898
110463.8664048569 114646.8574743367
120533.1111051855 114488.3611666837
110623.6956858145 114329.8648590306
120533.1111051855 114171.3685513776
110623.6956858145 114012.8722437245
120533.1111051855 114012.8722437245
110623.6956858145 113695.8796284184
120533.1111051855 113695.8796284184
111103.1835286873 113537.3833207653
121332.2575099735 111793.9239365816
121012.5989480583 111952.4202442347
120692.9403861431 111952.4202442347
120692.9403861431 112110.9165518878
120373.2818242279 112269.4128595408
120692.9403861431 112427.9091671939
120373.2818242279 112586.4054748469
120692.9403861431 112744.9017825000
120373.2818242279 112903.3980901531
120692.9403861431 113061.8943978061
120373.2818242279 113220.3907054592
120692.9403861431 113378.8870131122

119733.9647003975 115914.8279355612
120373.2818242279 115914.8279355612
110463.8664048569 115756.3316279082
123410.0381624223 115756.3316279082
120533.1111051855 115439.3390126020
123569.8674433799 115439.3390126020
110304.0371238993 115280.8427049490
120533.1111051855 115122.3463972959
110463.8664048569 114963.8500896429
120533.1111051855 114805.3537819898
110463.8664048569 114646.8574743367
120533.1111051855 114488.3611666837
110623.6956858145 114329.8648590306
120533.1111051855 114171.3685513776
110623.6956858145 114012.8722437245
110623.6956858145 113695.8796284184
120533.1111051855 113695.8796284184
111103.1835286873 113537.3833207653
120692.9403861431 113378.8870131122
120373.2818242279 113220.3907054592
120692.9403861431 113061.8943978061
120692.9403861431 112744.9017825000
123569.8674433799 112744.9017825000
120692.9403861431 112427.9091671939
123250.2088814647 112269.4128595408
120692.9403861431 112110.9165518878
121012.5989480583 111952.4202442347
123410.0381624223 111952.4202442347
121332.2575099735 111793.9239365816
123410.0381624223 111476.9313212755
126606.6237815742 111476.9313212755

120213.4525432703 115914.8279355612
120373.2818242279 115914.8279355612
120533.1111051855 115914.8279355612
120533.1111051855 115597.8353202551
120213.4525432703 115439.3390126020
120373.2818242279 115122.3463972959
120533.1111051855 115122.3463972959
120213.4525432703 114963.8500896429
120533.1111051855 114805.3537819898
120533.1111051855 114488.3611666837
110623.6956858145 114329.8648590306
120213.4525432703 114329.8648590306
120533.1111051855 114171.3685513776
110623.6956858145 114012.8722437245
121332.2575099735 111793.9239365816
121012.5989480583 111952.4202442347
120373.2818242279 111952.4202442347
120692.9403861431 112110.9165518878
120373.2818242279 112269.4128595408
120692.9403861431 112427.9091671939
120373.2818242279 112586.4054748469
120692.9403861431 112744.9017825000
120373.2818242279 112903.3980901531
120692.9403861431 113061.8943978061
120373.2818242279 113220.3907054592
120692.9403861431 113378.8870131122
120373.2818242279 113537.3833207653
120533.1111051855 113695.8796284184
110623.6956858145 113695.8796284184
120533.1111051855 114012.8722437245
120373.2818242279 114012.8722437245

120213.4525432703 115914.8279355612
120373.2818242279 115914.8279355612
120533.1111051855 115914.8279355612
120533.1111051855 115597.8353202551
120373.2818242279 115439.3390126020
120533.1111051855 115439.3390126020
120533.1111051855 115122.3463972959
120213.4525432703 114963.8500896429
120533.1111051855 114805.3537819898
110463.8664048569 114646.8574743367
120533.1111051855 114488.3611666837
110623.6956858145 114329.8648590306
120213.4525432703 114329.8648590306
120533.1111051855 114171.3685513776
110623.6956858145 114012.8722437245
120373.2818242279 114012.8722437245
110623.6956858145 113695.8796284184
120533.1111051855 113695.8796284184
111103.1835286873 113537.3833207653
120692.9403861431 113378.8870131122
120373.2818242279 113220.3907054592
120692.9403861431 113061.8943978061
120373.2818242279 112903.3980901531
120692.9403861431 112744.9017825000
120373.2818242279 112586.4054748469
120692.9403861431 112427.9091671939
120373.2818242279 112269.4128595408
120692.9403861431 112110.9165518878
120692.9403861431 111952.4202442347
121012.5989480583 111952.4202442347
121332.2575099735 111793.9239365816

120213.4525432703 115914.8279355612
120373.2818242279 115914.8279355612
120533.1111051855 115914.8279355612
120533.1111051855 115597.8353202551
120373.2818242279 115439.3390126020
120533.1111051855 115439.3390126020
120373.2818242279 115122.3463972959
120533.1111051855 115122.3463972959
120213.4525432703 114963.8500896429
120533.1111051855 114805.3537819898
120373.2818242279 114488.3611666837
120533.1111051855 114488.3611666837
120373.2818242279 114329.8648590306
121332.2575099735 111793.9239365816
121012.5989480583 111952.4202442347
120692.9403861431 111952.4202442347
120692.9403861431 112110.9165518878
120373.2818242279 112269.4128595408
120692.9403861431 112427.9091671939
120373.2818242279 112586.4054748469
120692.9403861431 112744.9017825000
120373.2818242279 112903.3980901531
120692.9403861431 113061.8943978061
120373.2818242279 113220.3907054592
120692.9403861431 113378.8870131122
120373.2818242279 113537.3833207653
120533.1111051855 113695.8796284184
110623.6956858145 113695.8796284184
120533.1111051855 114012.8722437245
120373.2818242279 114012.8722437245
120533.1111051855 114171.3685513776

120213.4525432703 115914.8279355612
120373.2818242279 115914.8279355612
120533.1111051855 115914.8279355612
120852.7696671007 111952.4202442347
120692.9403861431 111952.4202442347
120692.9403861431 112110.9165518878
120533.1111051855 112269.4128595408
120373.2818242279 112269.4128595408
120692.9403861431 112427.9091671939
120373.2818242279 112586.4054748469
120692.9403861431 112744.9017825000
120373.2818242279 112903.3980901531
120692.9403861431 113061.8943978061
120373.2818242279 113220.3907054592
120692.9403861431 113378.8870131122
120373.2818242279 113537.3833207653
120533.1111051855 113695.8796284184
110623.6956858145 113695.8796284184
120533.1111051855 114012.8722437245
120373.2818242279 114012.8722437245
120533.1111051855 114171.3685513776
120373.2818242279 114329.8648590306
120533.1111051855 114488.3611666837
120373.2818242279 114488.3611666837
120533.1111051855 114805.3537819898
120213.4525432703 114963.8500896429
120533.1111051855 115122.3463972959
120373.2818242279 115122.3463972959
120533.1111051855 115439.3390126020
120373.2818242279 115439.3390126020
120533.1111051855 115597.8353202551

120213.4525432703 115914.8279355612
120373.2818242279 115914.8279355612
120533.1111051855 115914.8279355612
120373.2818242279 115597.8353202551
120533.1111051855 115597.8353202551
120373.2818242279 115439.3390126020
120533.1111051855 115439.3390126020
120533.1111051855 115122.3463972959
120213.4525432703 114963.8500896429
120533.1111051855 114805.3537819898
120852.7696671007 111952.4202442347
120692.9403861431 111952.4202442347
120692.9403861431 112110.9165518878
120533.1111051855 112269.4128595408
120373.2818242279 112269.4128595408
120692.9403861431 112427.9091671939
120373.2818242279 112586.4054748469
120692.9403861431 112744.9017825000
120373.2818242279 112903.3980901531
120692.9403861431 113061.8943978061
120373.2818242279 113220.3907054592
120692.9403861431 113378.8870131122
120373.2818242279 113537.3833207653
120533.1111051855 113695.8796284184
110623.6956858145 113695.8796284184
120533.1111051855 114012.8722437245
120373.2818242279 114012.8722437245
120533.1111051855 114171.3685513776
120373.2818242279 114329.8648590306
120533.1111051855 114488.3611666837
120373.2818242279 114488.3611666837

120213.4525432703 115914.8279355612
120373.2818242279 115914.8279355612
120533.1111051855 115914.8279355612
120533.1111051855 115597.8353202551
120213.4525432703 115439.3390126020
120373.2818242279 115122.3463972959
120533.1111051855 115122.3463972959
120213.4525432703 114963.8500896429
120533.1111051855 114805.3537819898
120533.1111051855 114488.3611666837
110623.6956858145 114329.8648590306
120213.4525432703 114329.8648590306
120533.1111051855 114171.3685513776
110623.6956858145 114012.8722437245
120373.2818242279 114012.8722437245
120533.1111051855 114012.8722437245
110623.6956858145 113695.8796284184
120533.1111051855 113695.8796284184
111103.1835286873 113537.3833207653
120373.2818242279 113537.3833207653
120373.2818242279 113220.3907054592
120692.9403861431 113061.8943978061
120373.2818242279 112903.3980901531
120692.9403861431 112744.9017825000
120373.2818242279 112586.4054748469
120692.9403861431 112427.9091671939
121332.2575099735 111793.9239365816
121012.5989480583 111952.4202442347
120692.9403861431 111952.4202442347
120692.9403861431 112110.9165518878
120692.9403861431 113378.8870131122

120213.4525432703 115914.8279355612
120373.2818242279 115914.8279355612
120533.1111051855 115914.8279355612
120373.2818242279 115597.8353202551
120533.1111051855 115597.8353202551
120373.2818242279 115439.3390126020
120533.1111051855 115439.3390126020
120373.2818242279 115122.3463972959
120533.1111051855 115122.3463972959
120213.4525432703 114963.8500896429
120533.1111051855 114805.3537819898
120373.2818242279 114488.3611666837
120533.1111051855 114488.3611666837
120533.1111051855 114171.3685513776
121332.2575099735 111793.9239365816
121012.5989480583 111952.4202442347
120692.9403861431 111952.4202442347
120692.9403861431 112110.9165518878
120373.2818242279 112269.4128595408
120692.9403861431 112427.9091671939
120373.2818242279 112586.4054748469
120692.9403861431 112744.9017825000
120373.2818242279 112903.3980901531
120692.9403861431 113061.8943978061
120373.2818242279 113220.3907054592
120692.9403861431 113378.8870131122
120373.2818242279 113537.3833207653
120533.1111051855 113695.8796284184
110623.6956858145 113695.8796284184
120533.1111051855 114012.8722437245
120373.2818242279 114012.8722437245

119733.9647003975 115914.8279355612
120373.2818242279 115914.8279355612
110463.8664048569 115756.3316279082
123410.0381624223 115756.3316279082
120533.1111051855 115439.3390126020
123569.8674433799 115439.3390126020
110304.0371238993 115280.8427049490
126766.4530625318 111001.4423983163
126606.6237815742 111476.9313212755
123410.0381624223 111476.9313212755
121332.2575099735 111793.9239365816
123410.0381624223 111952.4202442347
121012.5989480583 111952.4202442347
120692.9403861431 112110.9165518878
123250.2088814647 112269.4128595408
120692.9403861431 112427.9091671939
123569.8674433799 112744.9017825000
120692.9403861431 112744.9017825000
120692.9403861431 113061.8943978061
120373.2818242279 113220.3907054592
111103.1835286873 113537.3833207653
120533.1111051855 113695.8796284184
110623.6956858145 113695.8796284184
110623.6956858145 114012.8722437245
120533.1111051855 114171.3685513776
110623.6956858145 114329.8648590306
120533.1111051855 114488.3611666837
110463.8664048569 114646.8574743367
120533.1111051855 114805.3537819898
110463.8664048569 114963.8500896429
120533.1111051855 115122.3463972959

120213.4525432703 115914.8279355612
120373.2818242279 115914.8279355612
120533.1111051855 115914.8279355612
120533.1111051855 115597.8353202551
120213.4525432703 115439.3390126020
120373.2818242279 115439.3390126020
120533.1111051855 115439.3390126020
120373.2818242279 115122.3463972959
120533.1111051855 115122.3463972959
120213.4525432703 114963.8500896429
120533.1111051855 114805.3537819898
120373.2818242279 114488.3611666837
120533.1111051855 114488.3611666837
120533.1111051855 114171.3685513776
120373.2818242279 114012.8722437245
120533.1111051855 114012.8722437245
110623.6956858145 113695.8796284184
120533.1111051855 113695.8796284184
120852.7696671007 111952.4202442347
120692.9403861431 111952.4202442347
120692.9403861431 112110.9165518878
120533.1111051855 112269.4128595408
120692.9403861431 112427.9091671939
120533.1111051855 112586.4054748469
120373.2818242279 112586.4054748469
120692.9403861431 112744.9017825000
120373.2818242279 112903.3980901531
120692.9403861431 113061.8943978061
120373.2818242279 113220.3907054592
120692.9403861431 113378.8870131122
120373.2818242279 113537.3833207653

119733.9647003975 115914.8279355612
120533.1111051855 115914.8279355612
120213.4525432703 115756.3316279082
110463.8664048569 115597.8353202551
120533.1111051855 115597.8353202551
120213.4525432703 115439.3390126020
120373.2818242279 115122.3463972959
120533.1111051855 115122.3463972959
110463.8664048569 114963.8500896429
120533.1111051855 114805.3537819898
110463.8664048569 114646.8574743367
120533.1111051855 114488.3611666837
110623.6956858145 114329.8648590306
120533.1111051855 114171.3685513776
121332.2575099735 111793.9239365816
121012.5989480583 111952.4202442347
120373.2818242279 111952.4202442347
120692.9403861431 112110.9165518878
123250.2088814647 112269.4128595408
120373.2818242279 112269.4128595408
120692.9403861431 112427.9091671939
120373.2818242279 112586.4054748469
120692.9403861431 112744.9017825000
120373.2818242279 112903.3980901531
120692.9403861431 113061.8943978061
120373.2818242279 113220.3907054592
120692.9403861431 113378.8870131122
111103.1835286873 113537.3833207653
120533.1111051855 113695.8796284184
110623.6956858145 113695.8796284184
110623.6956858145 114012.8722437245

120213.4525432703 115914.8279355612
120373.2818242279 115914.8279355612
120533.1111051855 115914.8279355612
120373.2818242279 115597.8353202551
120533.1111051855 115597.8353202551
120373.2818242279 115439.3390126020
120533.1111051855 115439.3390126020
120373.2818242279 115122.3463972959
120533.1111051855 115122.3463972959
120213.4525432703 114963.8500896429
120533.1111051855 114805.3537819898
120373.2818242279 114488.3611666837
120533.1111051855 114488.3611666837
120533.1111051855 114171.3685513776
120852.7696671007 111952.4202442347
120692.9403861431 111952.4202442347
120692.9403861431 112110.9165518878
120533.1111051855 112269.4128595408
120692.9403861431 112427.9091671939
120533.1111051855 112586.4054748469
120692.9403861431 112744.9017825000
120373.2818242279 112903.3980901531
120692.9403861431 113061.8943978061
120373.2818242279 113220.3907054592
120692.9403861431 113378.8870131122
120533.1111051855 113537.3833207653
120373.2818242279 113537.3833207653
120533.1111051855 113695.8796284184
110623.6956858145 113695.8796284184
120533.1111051855 114012.8722437245
120373.2818242279 114012.8722437245

120213.4525432703 115914.8279355612
120373.2818242279 115914.8279355612
120533.1111051855 115914.8279355612
120533.1111051855 115597.8353202551
120373.2818242279 113695.8796284184
120373.2818242279 115439.3390126020
120533.1111051855 115439.3390126020
120373.2818242279 115122.3463972959
120533.1111051855 115122.3463972959
120533.1111051855 114805.3537819898
120533.1111051855 114488.3611666837
110623.6956858145 114329.8648590306
120213.4525432703 114329.8648590306
120533.1111051855 114171.3685513776
110623.6956858145 114012.8722437245
120373.2818242279 114012.8722437245
110623.6956858145 113695.8796284184
111103.1835286873 113537.3833207653
120373.2818242279 113537.3833207653
120692.9403861431 113378.8870131122
120373.2818242279 113220.3907054592
120692.9403861431 113061.8943978061
120373.2818242279 112903.3980901531
120692.9403861431 112744.9017825000
120373.2818242279 112586.4054748469
120692.9403861431 112427.9091671939
120373.2818242279 112269.4128595408
120692.9403861431 112110.9165518878
120692.9403861431 111952.4202442347
121012.5989480583 111952.4202442347
121332.2575099735 111793.9239365816

120213.4525432703 115914.8279355612
120373.2818242279 115914.8279355612
120533.1111051855 115914.8279355612
120373.2818242279 115597.8353202551
120533.1111051855 115597.8353202551
120373.2818242279 115439.3390126020
120533.1111051855 115439.3390126020
120373.2818242279 115122.3463972959
120533.1111051855 115122.3463972959
120213.4525432703 114963.8500896429
120533.1111051855 114805.3537819898
120373.2818242279 114488.3611666837
120533.1111051855 114488.3611666837
120533.1111051855 114171.3685513776
120852.7696671007 111952.4202442347
120692.9403861431 111952.4202442347
120692.9403861431 112110.9165518878
120533.1111051855 112269.4128595408
120692.9403861431 112427.9091671939
120533.1111051855 112586.4054748469
120373.2818242279 112586.4054748469
120692.9403861431 112744.9017825000
120373.2818242279 112903.3980901531
120692.9403861431 113061.8943978061
120373.2818242279 113220.3907054592
120692.9403861431 113378.8870131122
120373.2818242279 113537.3833207653
120533.1111051855 113695.8796284184
110623.6956858145 113695.8796284184
120533.1111051855 114012.8722437245
120373.2818242279 114012.8722437245

120213.4525432703 115914.8279355612
120373.2818242279 115914.8279355612
120533.1111051855 115914.8279355612
121332.2575099735 111793.9239365816
121012.5989480583 111952.4202442347
120373.2818242279 111952.4202442347
120692.9403861431 112110.9165518878
120373.2818242279 112269.4128595408
120692.9403861431 112427.9091671939
120373.2818242279 112586.4054748469
120692.9403861431 112744.9017825000
120373.2818242279 112903.3980901531
120692.9403861431 113061.8943978061
120373.2818242279 113220.3907054592
120692.9403861431 113378.8870131122
120373.2818242279 113537.3833207653
111103.1835286873 113537.3833207653
120533.1111051855 113695.8796284184
110623.6956858145 113695.8796284184
120373.2818242279 114012.8722437245
110623.6956858145 114012.8722437245
120533.1111051855 114171.3685513776
120213.4525432703 114329.8648590306
110623.6956858145 114329.8648590306
120533.1111051855 114488.3611666837
110463.8664048569 114646.8574743367
120533.1111051855 114805.3537819898
120213.4525432703 114963.8500896429
120533.1111051855 115122.3463972959
120213.4525432703 115439.3390126020
120533.1111051855 115597.8353202551

110304.0371238993 116231.8205508673
110463.8664048569 115914.8279355612
119733.9647003975 115914.8279355612
120533.1111051855 115914.8279355612
120533.1111051855 115597.8353202551
123569.8674433799 115439.3390126020
110304.0371238993 115280.8427049490
120533.1111051855 115122.3463972959
110463.8664048569 114963.8500896429
120533.1111051855 114805.3537819898
110463.8664048569 114646.8574743367
120533.1111051855 114488.3611666837
110623.6956858145 114329.8648590306
120533.1111051855 114171.3685513776
110623.6956858145 114012.8722437245
110623.6956858145 113695.8796284184
120533.1111051855 113695.8796284184
126766.4530625318 111001.4423983163
126606.6237815742 111476.9313212755
123410.0381624223 111476.9313212755
121332.2575099735 111793.9239365816
123410.0381624223 111952.4202442347
121012.5989480583 111952.4202442347
120692.9403861431 112110.9165518878
123250.2088814647 112269.4128595408
120692.9403861431 112427.9091671939
123569.8674433799 112744.9017825000
120692.9403861431 112744.9017825000
120692.9403861431 113061.8943978061
120692.9403861431 113378.8870131122
111103.1835286873 113537.3833207653

110304.0371238993 116231.8205508673
110463.8664048569 115914.8279355612
119733.9647003975 115914.8279355612
120533.1111051855 115914.8279355612
126766.4530625318 111001.4423983163
126606.6237815742 111476.9313212755
123410.0381624223 111476.9313212755
121332.2575099735 111793.9239365816
123410.0381624223 111952.4202442347
121012.5989480583 111952.4202442347
120692.9403861431 112110.9165518878
123250.2088814647 112269.4128595408
120692.9403861431 112427.9091671939
123569.8674433799 112744.9017825000
120692.9403861431 112744.9017825000
120692.9403861431 113061.8943978061
120692.9403861431 113378.8870131122
111103.1835286873 113537.3833207653
120533.1111051855 113695.8796284184
110623.6956858145 113695.8796284184
110623.6956858145 114012.8722437245
120533.1111051855 114171.3685513776
110623.6956858145 114329.8648590306
120533.1111051855 114488.3611666837
110463.8664048569 114646.8574743367
120533.1111051855 114805.3537819898
110463.8664048569 114963.8500896429
120533.1111051855 115122.3463972959
110304.0371238993 115280.8427049490
123569.8674433799 115439.3390126020
120533.1111051855 115439.3390126020

120213.4525432703 115914.8279355612
120373.2818242279 115914.8279355612
120533.1111051855 115914.8279355612
120373.2818242279 115756.3316279082
120533.1111051855 115756.3316279082
120373.2818242279 115597.8353202551
120213.4525432703 115439.3390126020
120373.2818242279 115439.3390126020
120533.1111051855 115439.3390126020
120373.2818242279 115122.3463972959
120533.1111051855 115122.3463972959
120533.1111051855 114805.3537819898
120373.2818242279 114488.3611666837
120533.1111051855 114488.3611666837
120852.7696671007 111952.4202442347
120692.9403861431 111952.4202442347
120692.9403861431 112110.9165518878
120533.1111051855 112269.4128595408
120692.9403861431 112427.9091671939
120533.1111051855 112586.4054748469
120373.2818242279 112586.4054748469
120692.9403861431 112744.9017825000
120373.2818242279 112903.3980901531
120692.9403861431 113061.8943978061
120373.2818242279 113220.3907054592
120692.9403861431 113378.8870131122
120373.2818242279 113537.3833207653
120533.1111051855 113695.8796284184
120533.1111051855 114012.8722437245
120373.2818242279 114012.8722437245
120533.1111051855 114171.3685513776

120213.4525432703 115914.8279355612
120373.2818242279 115914.8279355612
120533.1111051855 115914.8279355612
120373.2818242279 115597.8353202551
120533.1111051855 115597.8353202551
120373.2818242279 115439.3390126020
120533.1111051855 115439.3390126020
120373.2818242279 115122.3463972959
120533.1111051855 115122.3463972959
120213.4525432703 114963.8500896429
120533.1111051855 114805.3537819898
120373.2818242279 114488.3611666837
120533.1111051855 114488.3611666837
120533.1111051855 114171.3685513776
110623.6956858145 114012.8722437245
120533.1111051855 114012.8722437245
110623.6956858145 113695.8796284184
120533.1111051855 113695.8796284184
120373.2818242279 113537.3833207653
120692.9403861431 113378.8870131122
120373.2818242279 113220.3907054592
120692.9403861431 113061.8943978061
120373.2818242279 112903.3980901531
120692.9403861431 112744.9017825000
120373.2818242279 112586.4054748469
120692.9403861431 112427.9091671939
121332.2575099735 111793.9239365816
121012.5989480583 111952.4202442347
120692.9403861431 111952.4202442347
120692.9403861431 112110.9165518878
120373.2818242279 112269.4128595408

119733.9647003975 115914.8279355612
120373.2818242279 115914.8279355612
120533.1111051855 115914.8279355612
120533.1111051855 115597.8353202551
120213.4525432703 115439.3390126020
110304.0371238993 115280.8427049490
120373.2818242279 115122.3463972959
120533.1111051855 115122.3463972959
110463.8664048569 114963.8500896429
120533.1111051855 114805.3537819898
110463.8664048569 114646.8574743367
120533.1111051855 114488.3611666837
110623.6956858145 114329.8648590306
121332.2575099735 111793.9239365816
123410.0381624223 111952.4202442347
121012.5989480583 111952.4202442347
120373.2818242279 111952.4202442347
120692.9403861431 112110.9165518878
123250.2088814647 112269.4128595408
120373.2818242279 112269.4128595408
120692.9403861431 112427.9091671939
123569.8674433799 112744.9017825000
120692.9403861431 112744.9017825000
120692.9403861431 113061.8943978061
120373.2818242279 113220.3907054592
120692.9403861431 113378.8870131122
111103.1835286873 113537.3833207653
120533.1111051855 113695.8796284184
110623.6956858145 113695.8796284184
110623.6956858145 114012.8722437245
120533.1111051855 114171.3685513776

120213.4525432703 115914.8279355612
120373.2818242279 115914.8279355612
120533.1111051855 115914.8279355612
120373.2818242279 115597.8353202551
120533.1111051855 115597.8353202551
120373.2818242279 115439.3390126020
120533.1111051855 115439.3390126020
120373.2818242279 115122.3463972959
120533.1111051855 115122.3463972959
120213.4525432703 114963.8500896429
120533.1111051855 114805.3537819898
120373.2818242279 114488.3611666837
120533.1111051855 114488.3611666837
120533.1111051855 114171.3685513776
110623.6956858145 114012.8722437245
120533.1111051855 114012.8722437245
110623.6956858145 113695.8796284184
120533.1111051855 113695.8796284184
120373.2818242279 113537.3833207653
120692.9403861431 113378.8870131122
120373.2818242279 113220.3907054592
120692.9403861431 113061.8943978061
120373.2818242279 112903.3980901531
120692.9403861431 112744.9017825000
120373.2818242279 112586.4054748469
120692.9403861431 112427.9091671939
120373.2818242279 112269.4128595408
120692.9403861431 112110.9165518878
121332.2575099735 111793.9239365816
121012.5989480583 111952.4202442347
120373.2818242279 111952.4202442347

120213.4525432703 115914.8279355612
120373.2818242279 115914.8279355612
120533.1111051855 115914.8279355612
120373.2818242279 115597.8353202551
120533.1111051855 115597.8353202551
120373.2818242279 115439.3390126020
120533.1111051855 115439.3390126020
120373.2818242279 115122.3463972959
120533.1111051855 115122.3463972959
120213.4525432703 114963.8500896429
120852.7696671007 111952.4202442347
120692.9403861431 111952.4202442347
120692.9403861431 112110.9165518878
120533.1111051855 112269.4128595408
120373.2818242279 112269.4128595408
120692.9403861431 112427.9091671939
120373.2818242279 112586.4054748469
120692.9403861431 112744.9017825000
120373.2818242279 112903.3980901531
120692.9403861431 113061.8943978061
120373.2818242279 113220.3907054592
120692.9403861431 113378.8870131122
120373.2818242279 113537.3833207653
120533.1111051855 113695.8796284184
110623.6956858145 113695.8796284184
120533.1111051855 114012.8722437245
120373.2818242279 114012.8722437245
120533.1111051855 114171.3685513776
120533.1111051855 114488.3611666837
120373.2818242279 114488.3611666837
120533.1111051855 114805.3537819898

110304.0371238993 116231.8205508673
110463.8664048569 115914.8279355612
119733.9647003975 115914.8279355612
120533.1111051855 115914.8279355612
120533.1111051855 115597.8353202551
123569.8674433799 115439.3390126020
110304.0371238993 115280.8427049490
120533.1111051855 115122.3463972959
110463.8664048569 114963.8500896429
120533.1111051855 114805.3537819898
110463.8664048569 114646.8574743367
120533.1111051855 114488.3611666837
110623.6956858145 114329.8648590306
120533.1111051855 114171.3685513776
110623.6956858145 114012.8722437245
110623.6956858145 113695.8796284184
120533.1111051855 113695.8796284184
111103.1835286873 113537.3833207653
120373.2818242279 113220.3907054592
120692.9403861431 113061.8943978061
120692.9403861431 112744.9017825000
123569.8674433799 112744.9017825000
120692.9403861431 112427.9091671939
123250.2088814647 112269.4128595408
120692.9403861431 112110.9165518878
121012.5989480583 111952.4202442347
123410.0381624223 111952.4202442347
126766.4530625318 111001.4423983163
97357.8653663339 116390.3168585204
123410.0381624223 111476.9313212755
121332.2575099735 111793.9239365816

119733.9647003975 115914.8279355612
120373.2818242279 115914.8279355612
120533.1111051855 115914.8279355612
120533.1111051855 115597.8353202551
120213.4525432703 115439.3390126020
110304.0371238993 115280.8427049490
120373.2818242279 115122.3463972959
120533.1111051855 115122.3463972959
110463.8664048569 114963.8500896429
120533.1111051855 114805.3537819898
110463.8664048569 114646.8574743367
120533.1111051855 114488.3611666837
110623.6956858145 114329.8648590306
120533.1111051855 114171.3685513776
110623.6956858145 114012.8722437245
110623.6956858145 113695.8796284184
120533.1111051855 113695.8796284184
111103.1835286873 113537.3833207653
126766.4530625318 111001.4423983163
123410.0381624223 111476.9313212755
121332.2575099735 111793.9239365816
123410.0381624223 111952.4202442347
121012.5989480583 111952.4202442347
120692.9403861431 112110.9165518878
123250.2088814647 112269.4128595408
120692.9403861431 112427.9091671939
123569.8674433799 112744.9017825000
120692.9403861431 112744.9017825000
120692.9403861431 113061.8943978061
120373.2818242279 113220.3907054592
120692.9403861431 113378.8870131122

120213.4525432703 115914.8279355612
120373.2818242279 115914.8279355612
120533.1111051855 115914.8279355612
120533.1111051855 115597.8353202551
120213.4525432703 115439.3390126020
120373.2818242279 115122.3463972959
120533.1111051855 115122.3463972959
120213.4525432703 114963.8500896429
120533.1111051855 114805.3537819898
120533.1111051855 114488.3611666837
110623.6956858145 114329.8648590306
120213.4525432703 114329.8648590306
121332.2575099735 111793.9239365816
121012.5989480583 111952.4202442347
120692.9403861431 111952.4202442347
120692.9403861431 112110.9165518878
120373.2818242279 112269.4128595408
120692.9403861431 112427.9091671939
120373.2818242279 112586.4054748469
120692.9403861431 112744.9017825000
120373.2818242279 112903.3980901531
120692.9403861431 113061.8943978061
120373.2818242279 113220.3907054592
120692.9403861431 113378.8870131122
120373.2818242279 113537.3833207653
111103.1835286873 113537.3833207653
120533.1111051855 113695.8796284184
110623.6956858145 113695.8796284184
120373.2818242279 114012.8722437245
110623.6956858145 114012.8722437245
120533.1111051855 114171.3685513776

120213.4525432703 115914.8279355612
120373.2818242279 115914.8279355612
120533.1111051855 115914.8279355612
120533.1111051855 115597.8353202551
120213.4525432703 115439.3390126020
120533.1111051855 115439.3390126020
120533.1111051855 115122.3463972959
120213.4525432703 114963.8500896429
120533.1111051855 114805.3537819898
121332.2575099735 111793.9239365816
121012.5989480583 111952.4202442347
120692.9403861431 111952.4202442347
120692.9403861431 112110.9165518878
120373.2818242279 112269.4128595408
120692.9403861431 112427.9091671939
120373.2818242279 112586.4054748469
120692.9403861431 112744.9017825000
120373.2818242279 112903.3980901531
120692.9403861431 113061.8943978061
120373.2818242279 113220.3907054592
120692.9403861431 113378.8870131122
120373.2818242279 113537.3833207653
120533.1111051855 113695.8796284184
110623.6956858145 113695.8796284184
120533.1111051855 114012.8722437245
120373.2818242279 114012.8722437245
120533.1111051855 114171.3685513776
120533.1111051855 114488.3611666837
120373.2818242279 114488.3611666837
120373.2818242279 115122.3463972959
120373.2818242279 115439.3390126020

110304.0371238993 116231.8205508673
110463.8664048569 115914.8279355612
119733.9647003975 115914.8279355612
120533.1111051855 115914.8279355612
120213.4525432703 115756.3316279082
120533.1111051855 115439.3390126020
110304.0371238993 115280.8427049490
120533.1111051855 115122.3463972959
110463.8664048569 114963.8500896429
120533.1111051855 114805.3537819898
110463.8664048569 114646.8574743367
120533.1111051855 114488.3611666837
110623.6956858145 114329.8648590306
120533.1111051855 114171.3685513776
110623.6956858145 114012.8722437245
110623.6956858145 113695.8796284184
120533.1111051855 113695.8796284184
111103.1835286873 113537.3833207653
120373.2818242279 113220.3907054592
120692.9403861431 113061.8943978061
120692.9403861431 112744.9017825000
123569.8674433799 112744.9017825000
126766.4530625318 111001.4423983163
126606.6237815742 111476.9313212755
123410.0381624223 111476.9313212755
121332.2575099735 111793.9239365816
123410.0381624223 111952.4202442347
121012.5989480583 111952.4202442347
120692.9403861431 112110.9165518878
123250.2088814647 112269.4128595408
120692.9403861431 112427.9091671939

137794.6734486060 108940.9903988265
137315.1856057332 109099.4867064796
136835.6977628604 109574.9756294388
110623.6956858145 113695.8796284184
112381.8177763481 114012.8722437245
110943.3542477297 114171.3685513776
121332.2575099735 114805.3537819898
110623.6956858145 114329.8648590306
110304.0371238993 114488.3611666837
109984.3785619841 114805.3537819898
107427.1100666626 114963.8500896429
106627.9636618746 114963.8500896429
103111.7194808074 115280.8427049490
110304.0371238993 115439.3390126020
106787.7929428322 115439.3390126020
102951.8901998498 115597.8353202551
101992.9145141042 115756.3316279082
110463.8664048569 115914.8279355612
101513.4266712315 115914.8279355612
110144.2078429417 116073.3242432143
106947.6222237898 116073.3242432143
101033.9388283587 116073.3242432143
97517.6946472915 116073.3242432143
106468.1343809170 116231.8205508673
95919.4018377155 116231.8205508673
100874.1095474011 116390.3168585204
97357.8653663339 116390.3168585204
96718.5482425035 116390.3168585204
94640.7675900548 116390.3168585204
95439.9139948428 116548.8131661735
94321.1090281396 116548.8131661735

120213.4525432703 115914.8279355612
120373.2818242279 115914.8279355612
120533.1111051855 115914.8279355612
120533.1111051855 115597.8353202551
120213.4525432703 115439.3390126020
120373.2818242279 115439.3390126020
120533.1111051855 115439.3390126020
120373.2818242279 115122.3463972959
120533.1111051855 115122.3463972959
120213.4525432703 114963.8500896429
120533.1111051855 114805.3537819898
120852.7696671007 111952.4202442347
120692.9403861431 111952.4202442347
120692.9403861431 112110.9165518878
120533.1111051855 112269.4128595408
120373.2818242279 112269.4128595408
120692.9403861431 112427.9091671939
120373.2818242279 112586.4054748469
120692.9403861431 112744.9017825000
120373.2818242279 112903.3980901531
120692.9403861431 113061.8943978061
120373.2818242279 113220.3907054592
120692.9403861431 113378.8870131122
120373.2818242279 113537.3833207653
120533.1111051855 113695.8796284184
110623.6956858145 113695.8796284184
120533.1111051855 114012.8722437245
120373.2818242279 114012.8722437245
120533.1111051855 114171.3685513776
120533.1111051855 114488.3611666837
120373.2818242279 114488.3611666837

120213.4525432703 115914.8279355612
120373.2818242279 115914.8279355612
120533.1111051855 115914.8279355612
120373.2818242279 115756.3316279082
120373.2818242279 115597.8353202551
120533.1111051855 115597.8353202551
120213.4525432703 115439.3390126020
120373.2818242279 115439.3390126020
120533.1111051855 115439.3390126020
120373.2818242279 115122.3463972959
120533.1111051855 115122.3463972959
120852.7696671007 111952.4202442347
120692.9403861431 111952.4202442347
120692.9403861431 112110.9165518878
120533.1111051855 112269.4128595408
120692.9403861431 112427.9091671939
120533.1111051855 112586.4054748469
120692.9403861431 112744.9017825000
120692.9403861431 113061.8943978061
120373.2818242279 113220.3907054592
120692.9403861431 113378.8870131122
120533.1111051855 113537.3833207653
120373.2818242279 113537.3833207653
120533.1111051855 113854.3759360714
120373.2818242279 114012.8722437245
120533.1111051855 114171.3685513776
120533.1111051855 114488.3611666837
120373.2818242279 114488.3611666837
120533.1111051855 114805.3537819898
120373.2818242279 114805.3537819898
120213.4525432703 114963.8500896429

120213.4525432703 115914.8279355612
120373.2818242279 115914.8279355612
120533.1111051855 115914.8279355612
120533.1111051855 115597.8353202551
120213.4525432703 115439.3390126020
120373.2818242279 115439.3390126020
120533.1111051855 115439.3390126020
120373.2818242279 115122.3463972959
120533.1111051855 115122.3463972959
120213.4525432703 114963.8500896429
120533.1111051855 114805.3537819898
120373.2818242279 114488.3611666837
120533.1111051855 114488.3611666837
120533.1111051855 114171.3685513776
110623.6956858145 114012.8722437245
120533.1111051855 114012.8722437245
110623.6956858145 113695.8796284184
120533.1111051855 113695.8796284184
121332.2575099735 111793.9239365816
121012.5989480583 111952.4202442347
120692.9403861431 111952.4202442347
120692.9403861431 112110.9165518878
120373.2818242279 112269.4128595408
120692.9403861431 112427.9091671939
120373.2818242279 112586.4054748469
120692.9403861431 112744.9017825000
120373.2818242279 112903.3980901531
120692.9403861431 113061.8943978061
120373.2818242279 113220.3907054592
120692.9403861431 113378.8870131122
120373.2818242279 113537.3833207653

119733.9647003975 115914.8279355612
120533.1111051855 115914.8279355612
120213.4525432703 115756.3316279082
110463.8664048569 115597.8353202551
120533.1111051855 115597.8353202551
120213.4525432703 115439.3390126020
120533.1111051855 115122.3463972959
110463.8664048569 114963.8500896429
120213.4525432703 114963.8500896429
120533.1111051855 114805.3537819898
110463.8664048569 114646.8574743367
120533.1111051855 114488.3611666837
110623.6956858145 114329.8648590306
120533.1111051855 114171.3685513776
110623.6956858145 114012.8722437245
110623.6956858145 113695.8796284184
120533.1111051855 113695.8796284184
111103.1835286873 113537.3833207653
120692.9403861431 113378.8870131122
120373.2818242279 113220.3907054592
120692.9403861431 113061.8943978061
120692.9403861431 112744.9017825000
123569.8674433799 112744.9017825000
120692.9403861431 112427.9091671939
123250.2088814647 112269.4128595408
120692.9403861431 112110.9165518878
120373.2818242279 111952.4202442347
121012.5989480583 111952.4202442347
123410.0381624223 111952.4202442347
121332.2575099735 111793.9239365816
123410.0381624223 111476.9313212755

110304.0371238993 116231.8205508673
110463.8664048569 115914.8279355612
119733.9647003975 115914.8279355612
120533.1111051855 115914.8279355612
120213.4525432703 115756.3316279082
120533.1111051855 115439.3390126020
110304.0371238993 115280.8427049490
110463.8664048569 114963.8500896429
120213.4525432703 114963.8500896429
120533.1111051855 114805.3537819898
110463.8664048569 114646.8574743367
120533.1111051855 114488.3611666837
110623.6956858145 114329.8648590306
120533.1111051855 114171.3685513776
110623.6956858145 114012.8722437245
110623.6956858145 113695.8796284184
120533.1111051855 113695.8796284184
111103.1835286873 113537.3833207653
120373.2818242279 113220.3907054592
120692.9403861431 113061.8943978061
120692.9403861431 112744.9017825000
123569.8674433799 112744.9017825000
120692.9403861431 112427.9091671939
123250.2088814647 112269.4128595408
120692.9403861431 112110.9165518878
121012.5989480583 111952.4202442347
123410.0381624223 111952.4202442347
121332.2575099735 111793.9239365816
123410.0381624223 111476.9313212755
126606.6237815742 111476.9313212755
126766.4530625318 111001.4423983163

120213.4525432703 115914.8279355612
120373.2818242279 115914.8279355612
120533.1111051855 115914.8279355612
120373.2818242279 115756.3316279082
120373.2818242279 115597.8353202551
120533.1111051855 115597.8353202551
120213.4525432703 115439.3390126020
120373.2818242279 115439.3390126020
120373.2818242279 115280.8427049490
120373.2818242279 115122.3463972959
120533.1111051855 115122.3463972959
120213.4525432703 114963.8500896429
120373.2818242279 114805.3537819898
120533.1111051855 114805.3537819898
120373.2818242279 114488.3611666837
120533.1111051855 114488.3611666837
120533.1111051855 114171.3685513776
120373.2818242279 114012.8722437245
120533.1111051855 113854.3759360714
120373.2818242279 113537.3833207653
120533.1111051855 113537.3833207653
120692.9403861431 113378.8870131122
120373.2818242279 113220.3907054592
120692.9403861431 113061.8943978061
120692.9403861431 112744.9017825000
120533.1111051855 112586.4054748469
120692.9403861431 112427.9091671939
120533.1111051855 112269.4128595408
120692.9403861431 112110.9165518878
120692.9403861431 111952.4202442347
120852.7696671007 111952.4202442347

94321.1090281396 116548.8131661735
95439.9139948428 116548.8131661735
94640.7675900548 116390.3168585204
96718.5482425035 116390.3168585204
97357.8653663339 116390.3168585204
95919.4018377155 116231.8205508673
106468.1343809170 116231.8205508673
97517.6946472915 116073.3242432143
101033.9388283587 116073.3242432143
106947.6222237898 116073.3242432143
110144.2078429417 116073.3242432143
101513.4266712315 115914.8279355612
110463.8664048569 115914.8279355612
101992.9145141042 115756.3316279082
120053.6232623127 115756.3316279082
102951.8901998498 115597.8353202551
106787.7929428322 115439.3390126020
110304.0371238993 115439.3390126020
103111.7194808074 115280.8427049490
106627.9636618746 114963.8500896429
107427.1100666626 114963.8500896429
109984.3785619841 114805.3537819898
110304.0371238993 114488.3611666837
110623.6956858145 114329.8648590306
113820.2813049664 114329.8648590306
110943.3542477297 114171.3685513776
112381.8177763481 114012.8722437245
110623.6956858145 113695.8796284184
137794.6734486060 108940.9903988265
137315.1856057332 109099.4867064796
136835.6977628604 109574.9756294388

120213.4525432703 115914.8279355612
120373.2818242279 115914.8279355612
120533.1111051855 115914.8279355612
121332.2575099735 111793.9239365816
121012.5989480583 111952.4202442347
120692.9403861431 111952.4202442347
120692.9403861431 112110.9165518878
120373.2818242279 112269.4128595408
120692.9403861431 112427.9091671939
120373.2818242279 112586.4054748469
120692.9403861431 112744.9017825000
120373.2818242279 112903.3980901531
120692.9403861431 113061.8943978061
120373.2818242279 113220.3907054592
120692.9403861431 113378.8870131122
120373.2818242279 113537.3833207653
111103.1835286873 113537.3833207653
120533.1111051855 113695.8796284184
110623.6956858145 113695.8796284184
120373.2818242279 114012.8722437245
110623.6956858145 114012.8722437245
120533.1111051855 114171.3685513776
120213.4525432703 114329.8648590306
110623.6956858145 114329.8648590306
120533.1111051855 114488.3611666837
110463.8664048569 114646.8574743367
120533.1111051855 114805.3537819898
120213.4525432703 114963.8500896429
120533.1111051855 115122.3463972959
120213.4525432703 115439.3390126020
120533.1111051855 115597.8353202551

110304.0371238993 116231.8205508673
110463.8664048569 115914.8279355612
119733.9647003975 115914.8279355612
120533.1111051855 115914.8279355612
120213.4525432703 115756.3316279082
120533.1111051855 115439.3390126020
110304.0371238993 115280.8427049490
120533.1111051855 115122.3463972959
110463.8664048569 114963.8500896429
120533.1111051855 114805.3537819898
110463.8664048569 114646.8574743367
120533.1111051855 114488.3611666837
110623.6956858145 114329.8648590306
120533.1111051855 114171.3685513776
110623.6956858145 114012.8722437245
110623.6956858145 113695.8796284184
126766.4530625318 111001.4423983163
123410.0381624223 111476.9313212755
121332.2575099735 111793.9239365816
123410.0381624223 111952.4202442347
121012.5989480583 111952.4202442347
120692.9403861431 112110.9165518878
123250.2088814647 112269.4128595408
120692.9403861431 112427.9091671939
123569.8674433799 112744.9017825000
120692.9403861431 112744.9017825000
120692.9403861431 113061.8943978061
120373.2818242279 113220.3907054592
120692.9403861431 113378.8870131122
111103.1835286873 113537.3833207653
120533.1111051855 113695.8796284184

120213.4525432703 115914.8279355612
120373.2818242279 115914.8279355612
120533.1111051855 115914.8279355612
120373.2818242279 115756.3316279082
120533.1111051855 115756.3316279082
120373.2818242279 115597.8353202551
120213.4525432703 115439.3390126020
120373.2818242279 115439.3390126020
120533.1111051855 115439.3390126020
120373.2818242279 115122.3463972959
120533.1111051855 115122.3463972959
120533.1111051855 114805.3537819898
120373.2818242279 114488.3611666837
120533.1111051855 114488.3611666837
120533.1111051855 114171.3685513776
120373.2818242279 114012.8722437245
120533.1111051855 114012.8722437245
120533.1111051855 113695.8796284184
120852.7696671007 111952.4202442347
120692.9403861431 111952.4202442347
120692.9403861431 112110.9165518878
120533.1111051855 112269.4128595408
120692.9403861431 112427.9091671939
120533.1111051855 112586.4054748469
120692.9403861431 112744.9017825000
120692.9403861431 113061.8943978061
120373.2818242279 113220.3907054592
120692.9403861431 113378.8870131122
120533.1111051855 113537.3833207653
120373.2818242279 113537.3833207653
120533.1111051855 113854.3759360714

120213.4525432703 115914.8279355612
120373.2818242279 115914.8279355612
120533.1111051855 115914.8279355612
120373.2818242279 115756.3316279082
120533.1111051855 115756.3316279082
120373.2818242279 115597.8353202551
120373.2818242279 115439.3390126020
120533.1111051855 115439.3390126020
120533.1111051855 115122.3463972959
120213.4525432703 114963.8500896429
120533.1111051855 114805.3537819898
120373.2818242279 114488.3611666837
120533.1111051855 114488.3611666837
120852.7696671007 111952.4202442347
120692.9403861431 111952.4202442347
120692.9403861431 112110.9165518878
120533.1111051855 112269.4128595408
120692.9403861431 112427.9091671939
120533.1111051855 112586.4054748469
120373.2818242279 112586.4054748469
120692.9403861431 112744.9017825000
120373.2818242279 112903.3980901531
120692.9403861431 113061.8943978061
120373.2818242279 113220.3907054592
120692.9403861431 113378.8870131122
120373.2818242279 113537.3833207653
120533.1111051855 113695.8796284184
120533.1111051855 114012.8722437245
120373.2818242279 114012.8722437245
120533.1111051855 114171.3685513776
120373.2818242279 115122.3463972959

110304.0371238993 116231.8205508673
110463.8664048569 115914.8279355612
119733.9647003975 115914.8279355612
120533.1111051855 115914.8279355612
120213.4525432703 115756.3316279082
120533.1111051855 115439.3390126020
110304.0371238993 115280.8427049490
120533.1111051855 115122.3463972959
110463.8664048569 114963.8500896429
120533.1111051855 114805.3537819898
110463.8664048569 114646.8574743367
120533.1111051855 114488.3611666837
110623.6956858145 114329.8648590306
120533.1111051855 114171.3685513776
110623.6956858145 114012.8722437245
110623.6956858145 113695.8796284184
126766.4530625318 111001.4423983163
126606.6237815742 111318.4350136225
123410.0381624223 111476.9313212755
121332.2575099735 111793.9239365816
123410.0381624223 111952.4202442347
121012.5989480583 111952.4202442347
120692.9403861431 112110.9165518878
123250.2088814647 112269.4128595408
120692.9403861431 112427.9091671939
123569.8674433799 112744.9017825000
120692.9403861431 112744.9017825000
120692.9403861431 113061.8943978061
120373.2818242279 113220.3907054592
111103.1835286873 113537.3833207653
120533.1111051855 113695.8796284184

119733.9647003975 115914.8279355612
120373.2818242279 115914.8279355612
120533.1111051855 115914.8279355612
120533.1111051855 115597.8353202551
120213.4525432703 115439.3390126020
110304.0371238993 115280.8427049490
120373.2818242279 115122.3463972959
120533.1111051855 115122.3463972959
110463.8664048569 114963.8500896429
120533.1111051855 114805.3537819898
110463.8664048569 114646.8574743367
120533.1111051855 114488.3611666837
110623.6956858145 114329.8648590306
120533.1111051855 114171.3685513776
110623.6956858145 114012.8722437245
110623.6956858145 113695.8796284184
120533.1111051855 113695.8796284184
111103.1835286873 113537.3833207653
120692.9403861431 113378.8870131122
120373.2818242279 113220.3907054592
120692.9403861431 113061.8943978061
120692.9403861431 112744.9017825000
123569.8674433799 112744.9017825000
120692.9403861431 112427.9091671939
123250.2088814647 112269.4128595408
120692.9403861431 112110.9165518878
121012.5989480583 111952.4202442347
123410.0381624223 111952.4202442347
121332.2575099735 111793.9239365816
120692.9403861431 111952.4202442347
120373.2818242279 112586.4054748469

110304.0371238993 116231.8205508673
110463.8664048569 115914.8279355612
119733.9647003975 115914.8279355612
120533.1111051855 115914.8279355612
120213.4525432703 115756.3316279082
120533.1111051855 115439.3390126020
110304.0371238993 115280.8427049490
120533.1111051855 115122.3463972959
110463.8664048569 114963.8500896429
120533.1111051855 114805.3537819898
110463.8664048569 114646.8574743367
120533.1111051855 114488.3611666837
110623.6956858145 114329.8648590306
120533.1111051855 114171.3685513776
110623.6956858145 114012.8722437245
110623.6956858145 113695.8796284184
120533.1111051855 113695.8796284184
111103.1835286873 113537.3833207653
120692.9403861431 113378.8870131122
120373.2818242279 113220.3907054592
120692.9403861431 113061.8943978061
120692.9403861431 112744.9017825000
123569.8674433799 112744.9017825000
120692.9403861431 112427.9091671939
123250.2088814647 112269.4128595408
120692.9403861431 112110.9165518878
121012.5989480583 111952.4202442347
123410.0381624223 111952.4202442347
121332.2575099735 111793.9239365816
123410.0381624223 111476.9313212755
126606.6237815742 111318.4350136225

120213.4525432703 115914.8279355612
120373.2818242279 115914.8279355612
120533.1111051855 115914.8279355612
121332.2575099735 111793.9239365816
121012.5989480583 111952.4202442347
120692.9403861431 111952.4202442347
120692.9403861431 112110.9165518878
120692.9403861431 112427.9091671939
120373.2818242279 112586.4054748469
120692.9403861431 112744.9017825000
120373.2818242279 112903.3980901531
120692.9403861431 113061.8943978061
120373.2818242279 113220.3907054592
120692.9403861431 113378.8870131122
120373.2818242279 113537.3833207653
111103.1835286873 113537.3833207653
120533.1111051855 113695.8796284184
110623.6956858145 113695.8796284184
120373.2818242279 114012.8722437245
110623.6956858145 114012.8722437245
120533.1111051855 114171.3685513776
110623.6956858145 114329.8648590306
120533.1111051855 114488.3611666837
120373.2818242279 114488.3611666837
110463.8664048569 114646.8574743367
120533.1111051855 114805.3537819898
110463.8664048569 114963.8500896429
120533.1111051855 115122.3463972959
120373.2818242279 115122.3463972959
120213.4525432703 115439.3390126020
120533.1111051855 115597.8353202551

120213.4525432703 115914.8279355612
120373.2818242279 115914.8279355612
120533.1111051855 115914.8279355612
120373.2818242279 115756.3316279082
120373.2818242279 115597.8353202551
120533.1111051855 115597.8353202551
120213.4525432703 115439.3390126020
120373.2818242279 115439.3390126020
120533.1111051855 115439.3390126020
120373.2818242279 115122.3463972959
120533.1111051855 115122.3463972959
120533.1111051855 114805.3537819898
120373.2818242279 114488.3611666837
120533.1111051855 114488.3611666837
120852.7696671007 111952.4202442347
120692.9403861431 111952.4202442347
120692.9403861431 112110.9165518878
120533.1111051855 112269.4128595408
120692.9403861431 112427.9091671939
120533.1111051855 112586.4054748469
120373.2818242279 112586.4054748469
120692.9403861431 112744.9017825000
120373.2818242279 112903.3980901531
120692.9403861431 113061.8943978061
120373.2818242279 113220.3907054592
120692.9403861431 113378.8870131122
120373.2818242279 113537.3833207653
120533.1111051855 113695.8796284184
110623.6956858145 113695.8796284184
120533.1111051855 114012.8722437245
120373.2818242279 114012.8722437245

119733.9647003975 115914.8279355612
120533.1111051855 115914.8279355612
120213.4525432703 115756.3316279082
110463.8664048569 115597.8353202551
120533.1111051855 115597.8353202551
120213.4525432703 115439.3390126020
120373.2818242279 115122.3463972959
120533.1111051855 115122.3463972959
110463.8664048569 114963.8500896429
120533.1111051855 114805.3537819898
110463.8664048569 114646.8574743367
120533.1111051855 114488.3611666837
110623.6956858145 114329.8648590306
120533.1111051855 114171.3685513776
110623.6956858145 114012.8722437245
110623.6956858145 113695.8796284184
120533.1111051855 113695.8796284184
126766.4530625318 111001.4423983163
123410.0381624223 111476.9313212755
121332.2575099735 111793.9239365816
123410.0381624223 111952.4202442347
121012.5989480583 111952.4202442347
120692.9403861431 112110.9165518878
123250.2088814647 112269.4128595408
120692.9403861431 112427.9091671939
123569.8674433799 112744.9017825000
120692.9403861431 112744.9017825000
120692.9403861431 113061.8943978061
120373.2818242279 113220.3907054592
120692.9403861431 113378.8870131122
111103.1835286873 113537.3833207653

119733.9647003975 115914.8279355612
120373.2818242279 115914.8279355612
120533.1111051855 115914.8279355612
121332.2575099735 111793.9239365816
121012.5989480583 111952.4202442347
120692.9403861431 111952.4202442347
120692.9403861431 112110.9165518878
120373.2818242279 112269.4128595408
120692.9403861431 112427.9091671939
120373.2818242279 112586.4054748469
120692.9403861431 112744.9017825000
120373.2818242279 112903.3980901531
120692.9403861431 113061.8943978061
120373.2818242279 113220.3907054592
120692.9403861431 113378.8870131122
120373.2818242279 113537.3833207653
111103.1835286873 113537.3833207653
120533.1111051855 113695.8796284184
110623.6956858145 113695.8796284184
120373.2818242279 114012.8722437245
110623.6956858145 114012.8722437245
120533.1111051855 114171.3685513776
110623.6956858145 114329.8648590306
120533.1111051855 114488.3611666837
110463.8664048569 114646.8574743367
120533.1111051855 114805.3537819898
110463.8664048569 114963.8500896429
120533.1111051855 115122.3463972959
120373.2818242279 115122.3463972959
120213.4525432703 115439.3390126020
120533.1111051855 115597.8353202551

119733.9647003975 115914.8279355612
120373.2818242279 115914.8279355612
120533.1111051855 115914.8279355612
120533.1111051855 115597.8353202551
120213.4525432703 115439.3390126020
120373.2818242279 115122.3463972959
120533.1111051855 115122.3463972959
110463.8664048569 114963.8500896429
120533.1111051855 114805.3537819898
110463.8664048569 114646.8574743367
120533.1111051855 114488.3611666837
110623.6956858145 114329.8648590306
120213.4525432703 114329.8648590306
120533.1111051855 114171.3685513776
110623.6956858145 114012.8722437245
120373.2818242279 114012.8722437245
110623.6956858145 113695.8796284184
120533.1111051855 113695.8796284184
111103.1835286873 113537.3833207653
120373.2818242279 113537.3833207653
120692.9403861431 113378.8870131122
120373.2818242279 113220.3907054592
120692.9403861431 113061.8943978061
120373.2818242279 112903.3980901531
120692.9403861431 112744.9017825000
120373.2818242279 112586.4054748469
120692.9403861431 112427.9091671939
120692.9403861431 112110.9165518878
120692.9403861431 111952.4202442347
121012.5989480583 111952.4202442347
121332.2575099735 111793.9239365816

120213.4525432703 115914.8279355612
120373.2818242279 115914.8279355612
120533.1111051855 115914.8279355612
120533.1111051855 115597.8353202551
120213.4525432703 115439.3390126020
120373.2818242279 115439.3390126020
120533.1111051855 115439.3390126020
120373.2818242279 115122.3463972959
120533.1111051855 115122.3463972959
120213.4525432703 114963.8500896429
121332.2575099735 111793.9239365816
121012.5989480583 111952.4202442347
120373.2818242279 111952.4202442347
120692.9403861431 112110.9165518878
120373.2818242279 112269.4128595408
120692.9403861431 112427.9091671939
120373.2818242279 112586.4054748469
120692.9403861431 112744.9017825000
120373.2818242279 112903.3980901531
120692.9403861431 113061.8943978061
120373.2818242279 113220.3907054592
120692.9403861431 113378.8870131122
120373.2818242279 113537.3833207653
120533.1111051855 113695.8796284184
110623.6956858145 113695.8796284184
120533.1111051855 114012.8722437245
120373.2818242279 114012.8722437245
120533.1111051855 114171.3685513776
120533.1111051855 114488.3611666837
120373.2818242279 114488.3611666837
120533.1111051855 114805.3537819898

120213.4525432703 115914.8279355612
120373.2818242279 115914.8279355612
120533.1111051855 115914.8279355612
120373.2818242279 115756.3316279082
120533.1111051855 115756.3316279082
120373.2818242279 115597.8353202551
120373.2818242279 115439.3390126020
120533.1111051855 115439.3390126020
120373.2818242279 115280.8427049490
120373.2818242279 115122.3463972959
120533.1111051855 115122.3463972959
120213.4525432703 114963.8500896429
120373.2818242279 114805.3537819898
120533.1111051855 114805.3537819898
120373.2818242279 114488.3611666837
120533.1111051855 114488.3611666837
120533.1111051855 114171.3685513776
120373.2818242279 114012.8722437245
120533.1111051855 114012.8722437245
120533.1111051855 113854.3759360714
120852.7696671007 111952.4202442347
120692.9403861431 111952.4202442347
120692.9403861431 112110.9165518878
120852.7696671007 112269.4128595408
120692.9403861431 112427.9091671939
120533.1111051855 112427.9091671939
120692.9403861431 112744.9017825000
120692.9403861431 113061.8943978061
120373.2818242279 113220.3907054592
120692.9403861431 113378.8870131122
120533.1111051855 113537.3833207653

120213.4525432703 115914.8279355612
120373.2818242279 115914.8279355612
120533.1111051855 115914.8279355612
120373.2818242279 115756.3316279082
120373.2818242279 115597.8353202551
120533.1111051855 115597.8353202551
120213.4525432703 115439.3390126020
120373.2818242279 115439.3390126020
120533.1111051855 115439.3390126020
120373.2818242279 115122.3463972959
120533.1111051855 115122.3463972959
120533.1111051855 114805.3537819898
120373.2818242279 114488.3611666837
120533.1111051855 114488.3611666837
120852.7696671007 111952.4202442347
120692.9403861431 111952.4202442347
120692.9403861431 112110.9165518878
120533.1111051855 112269.4128595408
120692.9403861431 112427.9091671939
120533.1111051855 112586.4054748469
120373.2818242279 112586.4054748469
120692.9403861431 112744.9017825000
120373.2818242279 112903.3980901531
120692.9403861431 113061.8943978061
120373.2818242279 113220.3907054592
120692.9403861431 113378.8870131122
120373.2818242279 113537.3833207653
120533.1111051855 113695.8796284184
120533.1111051855 114012.8722437245
120373.2818242279 114012.8722437245
120533.1111051855 114171.3685513776

120213.4525432703 115914.8279355612
120373.2818242279 115914.8279355612
120533.1111051855 115914.8279355612
121332.2575099735 111793.9239365816
121012.5989480583 111952.4202442347
120373.2818242279 111952.4202442347
120692.9403861431 112110.9165518878
120373.2818242279 112269.4128595408
120692.9403861431 112427.9091671939
120373.2818242279 112586.4054748469
120692.9403861431 112744.9017825000
120373.2818242279 112903.3980901531
120692.9403861431 113061.8943978061
120373.2818242279 113220.3907054592
120692.9403861431 113378.8870131122
111103.1835286873 113537.3833207653
120533.1111051855 113695.8796284184
110623.6956858145 113695.8796284184
120373.2818242279 114012.8722437245
110623.6956858145 114012.8722437245
120533.1111051855 114171.3685513776
120213.4525432703 114329.8648590306
110623.6956858145 114329.8648590306
120533.1111051855 114488.3611666837
110463.8664048569 114646.8574743367
120533.1111051855 114805.3537819898
110463.8664048569 114963.8500896429
120533.1111051855 115122.3463972959
120373.2818242279 115122.3463972959
120213.4525432703 115439.3390126020
120533.1111051855 115597.8353202551

120213.4525432703 115914.8279355612
120373.2818242279 115914.8279355612
120533.1111051855 115914.8279355612
120373.2818242279 115756.3316279082
120533.1111051855 115756.3316279082
120213.4525432703 115439.3390126020
120373.2818242279 115439.3390126020
120533.1111051855 115439.3390126020
120852.7696671007 111952.4202442347
120692.9403861431 111952.4202442347
120692.9403861431 112110.9165518878
120533.1111051855 112269.4128595408
120692.9403861431 112427.9091671939
120533.1111051855 112586.4054748469
120373.2818242279 112586.4054748469
120692.9403861431 112744.9017825000
120373.2818242279 112903.3980901531
120692.9403861431 113061.8943978061
120373.2818242279 113220.3907054592
120692.9403861431 113378.8870131122
120373.2818242279 113537.3833207653
120533.1111051855 113695.8796284184
120533.1111051855 114012.8722437245
120373.2818242279 114012.8722437245
120533.1111051855 114171.3685513776
120533.1111051855 114488.3611666837
120373.2818242279 114488.3611666837
120533.1111051855 114805.3537819898
120213.4525432703 114963.8500896429
120533.1111051855 115122.3463972959
120373.2818242279 115122.3463972959

120213.4525432703 115914.8279355612
120373.2818242279 115914.8279355612
120533.1111051855 115914.8279355612
120533.1111051855 115597.8353202551
120213.4525432703 115439.3390126020
120373.2818242279 115122.3463972959
120533.1111051855 115122.3463972959
110463.8664048569 114963.8500896429
120533.1111051855 114805.3537819898
110463.8664048569 114646.8574743367
120533.1111051855 114488.3611666837
110623.6956858145 114329.8648590306
120213.4525432703 114329.8648590306
120533.1111051855 114171.3685513776
110623.6956858145 114012.8722437245
120373.2818242279 114012.8722437245
110623.6956858145 113695.8796284184
120533.1111051855 113695.8796284184
111103.1835286873 113537.3833207653
120692.9403861431 113378.8870131122
120373.2818242279 113220.3907054592
121332.2575099735 111793.9239365816
121012.5989480583 111952.4202442347
120692.9403861431 111952.4202442347
120692.9403861431 112110.9165518878
120373.2818242279 112269.4128595408
120692.9403861431 112427.9091671939
120373.2818242279 112586.4054748469
120692.9403861431 112744.9017825000
120373.2818242279 112903.3980901531
120692.9403861431 113061.8943978061

119733.9647003975 115914.8279355612
120373.2818242279 115914.8279355612
120533.1111051855 115914.8279355612
120533.1111051855 115597.8353202551
120213.4525432703 115439.3390126020
120373.2818242279 115122.3463972959
120533.1111051855 115122.3463972959
110463.8664048569 114963.8500896429
120533.1111051855 114805.3537819898
110463.8664048569 114646.8574743367
120533.1111051855 114488.3611666837
110623.6956858145 114329.8648590306
120533.1111051855 114171.3685513776
110304.0371238993 113854.3759360714
120533.1111051855 113854.3759360714
110623.6956858145 113695.8796284184
120533.1111051855 113695.8796284184
111103.1835286873 113537.3833207653
120692.9403861431 113378.8870131122
120373.2818242279 113220.3907054592
120692.9403861431 113061.8943978061
120373.2818242279 112903.3980901531
120692.9403861431 112744.9017825000
123569.8674433799 112744.9017825000
120373.2818242279 112586.4054748469
121332.2575099735 111793.9239365816
121012.5989480583 111952.4202442347
120692.9403861431 111952.4202442347
120692.9403861431 112110.9165518878
120373.2818242279 112269.4128595408
120692.9403861431 112427.9091671939

120213.4525432703 115914.8279355612
120373.2818242279 115914.8279355612
120533.1111051855 115914.8279355612
120373.2818242279 115756.3316279082
120533.1111051855 115756.3316279082
120373.2818242279 115597.8353202551
120373.2818242279 115439.3390126020
120533.1111051855 115439.3390126020
120373.2818242279 115280.8427049490
120373.2818242279 115122.3463972959
120533.1111051855 115122.3463972959
120213.4525432703 114963.8500896429
120373.2818242279 114805.3537819898
120533.1111051855 114805.3537819898
120373.2818242279 114488.3611666837
120533.1111051855 114488.3611666837
120533.1111051855 114171.3685513776
120373.2818242279 114012.8722437245
120852.7696671007 111952.4202442347
120533.1111051855 113854.3759360714
120373.2818242279 113537.3833207653
120533.1111051855 113537.3833207653
120692.9403861431 113378.8870131122
120373.2818242279 113220.3907054592
120692.9403861431 113061.8943978061
120692.9403861431 112744.9017825000
120533.1111051855 112427.9091671939
120692.9403861431 112427.9091671939
120852.7696671007 112269.4128595408
120692.9403861431 112110.9165518878
120692.9403861431 111952.4202442347

120213.4525432703 115914.8279355612
120373.2818242279 115914.8279355612
120533.1111051855 115914.8279355612
120533.1111051855 115597.8353202551
120213.4525432703 115439.3390126020
120533.1111051855 115122.3463972959
110463.8664048569 114963.8500896429
120213.4525432703 114963.8500896429
120533.1111051855 114805.3537819898
110463.8664048569 114646.8574743367
120533.1111051855 114488.3611666837
110623.6956858145 114329.8648590306
120213.4525432703 114329.8648590306
120533.1111051855 114171.3685513776
110623.6956858145 114012.8722437245
120373.2818242279 114012.8722437245
110623.6956858145 113695.8796284184
120533.1111051855 113695.8796284184
111103.1835286873 113537.3833207653
120373.2818242279 113537.3833207653
120692.9403861431 113378.8870131122
120373.2818242279 113220.3907054592
120692.9403861431 113061.8943978061
120373.2818242279 112903.3980901531
120692.9403861431 112744.9017825000
120373.2818242279 112586.4054748469
120692.9403861431 112427.9091671939
120692.9403861431 112110.9165518878
120692.9403861431 111952.4202442347
121012.5989480583 111952.4202442347
121332.2575099735 111793.9239365816

119733.9647003975 115914.8279355612
120533.1111051855 115914.8279355612
120213.4525432703 115756.3316279082
121332.2575099735 111793.9239365816
121012.5989480583 111952.4202442347
120373.2818242279 111952.4202442347
120692.9403861431 112110.9165518878
120373.2818242279 112269.4128595408
120692.9403861431 112427.9091671939
120373.2818242279 112586.4054748469
120692.9403861431 112744.9017825000
120373.2818242279 112903.3980901531
120692.9403861431 113061.8943978061
120373.2818242279 113220.3907054592
120692.9403861431 113378.8870131122
111103.1835286873 113537.3833207653
120533.1111051855 113695.8796284184
110623.6956858145 113695.8796284184
120373.2818242279 114012.8722437245
110623.6956858145 114012.8722437245
120533.1111051855 114171.3685513776
120213.4525432703 114329.8648590306
110623.6956858145 114329.8648590306
120533.1111051855 114488.3611666837
110463.8664048569 114646.8574743367
120533.1111051855 114805.3537819898
110463.8664048569 114963.8500896429
120533.1111051855 115122.3463972959
120373.2818242279 115122.3463972959
120213.4525432703 115439.3390126020
120533.1111051855 115597.8353202551

119733.9647003975 115914.8279355612
120533.1111051855 115914.8279355612
120213.4525432703 115756.3316279082
120533.1111051855 115597.8353202551
120213.4525432703 115439.3390126020
120533.1111051855 115122.3463972959
110463.8664048569 114963.8500896429
120213.4525432703 114963.8500896429
120533.1111051855 114805.3537819898
110463.8664048569 114646.8574743367
120533.1111051855 114488.3611666837
110623.6956858145 114329.8648590306
120213.4525432703 114329.8648590306
120533.1111051855 114171.3685513776
110623.6956858145 114012.8722437245
120373.2818242279 114012.8722437245
110623.6956858145 113695.8796284184
120533.1111051855 113695.8796284184
111103.1835286873 113537.3833207653
120692.9403861431 113378.8870131122
120373.2818242279 113220.3907054592
120692.9403861431 113061.8943978061
120373.2818242279 112903.3980901531
120692.9403861431 112744.9017825000
120373.2818242279 112586.4054748469
120692.9403861431 112427.9091671939
120373.2818242279 112269.4128595408
120692.9403861431 112110.9165518878
120373.2818242279 111952.4202442347
121012.5989480583 111952.4202442347
121332.2575099735 111793.9239365816

119733.9647003975 115914.8279355612
120533.1111051855 115914.8279355612
120213.4525432703 115756.3316279082
120533.1111051855 115597.8353202551
120213.4525432703 115439.3390126020
120533.1111051855 115122.3463972959
110463.8664048569 114963.8500896429
120213.4525432703 114963.8500896429
120533.1111051855 114805.3537819898
110463.8664048569 114646.8574743367
120533.1111051855 114488.3611666837
110623.6956858145 114329.8648590306
120213.4525432703 114329.8648590306
120533.1111051855 114171.3685513776
110623.6956858145 114012.8722437245
120373.2818242279 114012.8722437245
110623.6956858145 113695.8796284184
120533.1111051855 113695.8796284184
111103.1835286873 113537.3833207653
120373.2818242279 113537.3833207653
120692.9403861431 113378.8870131122
120373.2818242279 113220.3907054592
120692.9403861431 113061.8943978061
120373.2818242279 112903.3980901531
120692.9403861431 112744.9017825000
121332.2575099735 111793.9239365816
121012.5989480583 111952.4202442347
120373.2818242279 111952.4202442347
120692.9403861431 112110.9165518878
120373.2818242279 112269.4128595408
120692.9403861431 112427.9091671939

120213.4525432703 115914.8279355612
120373.2818242279 115914.8279355612
120533.1111051855 115914.8279355612
120533.1111051855 115597.8353202551
120213.4525432703 115439.3390126020
120533.1111051855 115122.3463972959
110463.8664048569 114963.8500896429
120213.4525432703 114963.8500896429
120533.1111051855 114805.3537819898
110463.8664048569 114646.8574743367
120533.1111051855 114488.3611666837
110623.6956858145 114329.8648590306
120213.4525432703 114329.8648590306
120533.1111051855 114171.3685513776
110623.6956858145 114012.8722437245
120373.2818242279 114012.8722437245
110623.6956858145 113695.8796284184
120533.1111051855 113695.8796284184
121332.2575099735 111793.9239365816
121012.5989480583 111952.4202442347
120373.2818242279 111952.4202442347
120692.9403861431 112110.9165518878
120373.2818242279 112269.4128595408
120692.9403861431 112427.9091671939
120373.2818242279 112586.4054748469
120692.9403861431 112744.9017825000
120373.2818242279 112903.3980901531
120692.9403861431 113061.8943978061
120373.2818242279 113220.3907054592
120692.9403861431 113378.8870131122
111103.1835286873 113537.3833207653

137794.6734486060 108940.9903988265
137315.1856057332 109099.4867064796
136835.6977628604 109574.9756294388
110623.6956858145 113695.8796284184
112381.8177763481 114012.8722437245
110943.3542477297 114171.3685513776
113820.2813049664 114329.8648590306
110623.6956858145 114329.8648590306
110304.0371238993 114488.3611666837
109984.3785619841 114805.3537819898
107427.1100666626 114963.8500896429
106627.9636618746 114963.8500896429
103111.7194808074 115280.8427049490
110304.0371238993 115439.3390126020
106787.7929428322 115439.3390126020
102951.8901998498 115597.8353202551
101992.9145141042 115756.3316279082
110463.8664048569 115914.8279355612
101513.4266712315 115914.8279355612
110144.2078429417 116073.3242432143
106947.6222237898 116073.3242432143
113500.6227430512 113695.8796284184
97517.6946472915 116073.3242432143
106468.1343809170 116231.8205508673
95919.4018377155 116231.8205508673
100874.1095474011 116390.3168585204
97357.8653663339 116390.3168585204
96718.5482425035 116390.3168585204
94640.7675900548 116390.3168585204
95439.9139948428 116548.8131661735
94321.1090281396 116548.8131661735

137794.6734486060 108940.9903988265
137315.1856057332 109099.4867064796
136835.6977628604 109574.9756294388
110623.6956858145 113695.8796284184
112381.8177763481 114012.8722437245
110943.3542477297 114171.3685513776
113820.2813049664 114329.8648590306
110623.6956858145 114329.8648590306
110304.0371238993 114488.3611666837
109984.3785619841 114805.3537819898
107427.1100666626 114963.8500896429
106627.9636618746 114963.8500896429
103111.7194808074 115280.8427049490
110304.0371238993 115439.3390126020
106787.7929428322 115439.3390126020
102951.8901998498 115597.8353202551
101992.9145141042 115756.3316279082
110463.8664048569 115914.8279355612
101513.4266712315 115914.8279355612
110144.2078429417 116073.3242432143
106947.6222237898 116073.3242432143
101033.9388283587 116073.3242432143
97517.6946472915 116073.3242432143
106468.1343809170 116231.8205508673
113500.6227430512 113854.3759360714
100874.1095474011 116390.3168585204
97357.8653663339 116390.3168585204
96718.5482425035 116390.3168585204
94640.7675900548 116390.3168585204
95439.9139948428 116548.8131661735
94321.1090281396 116548.8131661735

120213.4525432703 115914.8279355612
120373.2818242279 115914.8279355612
120533.1111051855 115914.8279355612
120533.1111051855 115597.8353202551
120213.4525432703 115439.3390126020
120533.1111051855 115439.3390126020
120533.1111051855 115122.3463972959
120213.4525432703 114963.8500896429
120533.1111051855 114805.3537819898
110463.8664048569 114646.8574743367
120533.1111051855 114488.3611666837
110623.6956858145 114329.8648590306
120213.4525432703 114329.8648590306
120533.1111051855 114171.3685513776
110623.6956858145 114012.8722437245
120373.2818242279 114012.8722437245
110623.6956858145 113695.8796284184
120533.1111051855 113695.8796284184
120373.2818242279 113537.3833207653
120692.9403861431 113378.8870131122
120373.2818242279 113220.3907054592
120692.9403861431 113061.8943978061
120373.2818242279 112903.3980901531
120692.9403861431 112744.9017825000
120373.2818242279 112586.4054748469
120692.9403861431 112427.9091671939
120373.2818242279 112269.4128595408
120692.9403861431 112110.9165518878
120373.2818242279 111952.4202442347
121012.5989480583 111952.4202442347
121332.2575099735 111793.9239365816

119733.9647003975 115914.8279355612
120533.1111051855 115914.8279355612
120213.4525432703 115756.3316279082
120533.1111051855 115597.8353202551
120213.4525432703 115439.3390126020
123410.0381624223 111476.9313212755
121332.2575099735 111793.9239365816
123410.0381624223 111952.4202442347
121012.5989480583 111952.4202442347
120692.9403861431 112110.9165518878
123250.2088814647 112269.4128595408
120692.9403861431 112427.9091671939
123569.8674433799 112744.9017825000
120692.9403861431 112744.9017825000
120373.2818242279 112903.3980901531
120692.9403861431 113061.8943978061
120373.2818242279 113220.3907054592
120692.9403861431 113378.8870131122
111103.1835286873 113537.3833207653
120533.1111051855 113695.8796284184
110623.6956858145 113695.8796284184
120533.1111051855 113854.3759360714
110304.0371238993 113854.3759360714
120533.1111051855 114171.3685513776
110623.6956858145 114329.8648590306
120533.1111051855 114488.3611666837
110463.8664048569 114646.8574743367
120533.1111051855 114805.3537819898
110463.8664048569 114963.8500896429
120533.1111051855 115122.3463972959
120373.2818242279 115122.3463972959

120213.4525432703 115914.8279355612
120373.2818242279 115914.8279355612
120533.1111051855 115914.8279355612
120533.1111051855 115597.8353202551
120213.4525432703 115439.3390126020
120533.1111051855 115439.3390126020
120533.1111051855 115122.3463972959
120213.4525432703 114963.8500896429
120533.1111051855 114805.3537819898
110463.8664048569 114646.8574743367
120533.1111051855 114488.3611666837
110623.6956858145 114329.8648590306
120213.4525432703 114329.8648590306
120533.1111051855 114171.3685513776
110623.6956858145 114012.8722437245
120373.2818242279 114012.8722437245
110623.6956858145 113695.8796284184
120533.1111051855 113695.8796284184
120373.2818242279 113537.3833207653
120692.9403861431 113378.8870131122
120373.2818242279 113220.3907054592
120692.9403861431 113061.8943978061
120373.2818242279 112903.3980901531
120692.9403861431 112744.9017825000
120373.2818242279 112586.4054748469
120692.9403861431 112427.9091671939
121332.2575099735 111793.9239365816
121012.5989480583 111952.4202442347
120692.9403861431 111952.4202442347
120692.9403861431 112110.9165518878
111103.1835286873 113537.3833207653

121332.2575099735 111793.9239365816
121012.5989480583 111952.4202442347
120373.2818242279 111952.4202442347
120692.9403861431 112110.9165518878
120373.2818242279 112269.4128595408
120692.9403861431 112427.9091671939
120373.2818242279 112586.4054748469
123569.8674433799 112744.9017825000
120692.9403861431 112744.9017825000
120373.2818242279 112903.3980901531
120692.9403861431 113061.8943978061
120373.2818242279 113220.3907054592
120692.9403861431 113378.8870131122
111103.1835286873 113537.3833207653
120533.1111051855 113695.8796284184
110623.6956858145 113695.8796284184
110304.0371238993 113854.3759360714
120373.2818242279 114012.8722437245
120533.1111051855 114171.3685513776
110623.6956858145 114329.8648590306
120533.1111051855 114488.3611666837
110463.8664048569 114646.8574743367
120533.1111051855 114805.3537819898
120213.4525432703 114963.8500896429
110463.8664048569 114963.8500896429
120533.1111051855 115122.3463972959
120213.4525432703 115439.3390126020
120533.1111051855 115597.8353202551
120213.4525432703 115756.3316279082
120533.1111051855 115914.8279355612
119733.9647003975 115914.8279355612

119733.9647003975 115914.8279355612
120533.1111051855 115914.8279355612
120213.4525432703 115756.3316279082
120533.1111051855 115597.8353202551
120213.4525432703 115439.3390126020
120533.1111051855 115122.3463972959
110463.8664048569 114963.8500896429
120213.4525432703 114963.8500896429
120533.1111051855 114805.3537819898
110463.8664048569 114646.8574743367
120533.1111051855 114488.3611666837
110623.6956858145 114329.8648590306
120533.1111051855 114171.3685513776
110304.0371238993 113854.3759360714
120533.1111051855 113854.3759360714
110623.6956858145 113695.8796284184
120533.1111051855 113695.8796284184
111103.1835286873 113537.3833207653
120692.9403861431 113378.8870131122
120373.2818242279 113220.3907054592
120692.9403861431 113061.8943978061
120373.2818242279 112903.3980901531
120692.9403861431 112744.9017825000
123569.8674433799 112744.9017825000
120373.2818242279 112586.4054748469
120692.9403861431 112427.9091671939
120373.2818242279 112269.4128595408
120692.9403861431 112110.9165518878
120373.2818242279 111952.4202442347
121012.5989480583 111952.4202442347
121332.2575099735 111793.9239365816

120213.4525432703 115914.8279355612
120373.2818242279 115914.8279355612
120533.1111051855 115914.8279355612
120533.1111051855 115597.8353202551
120213.4525432703 115439.3390126020
120373.2818242279 115439.3390126020
120533.1111051855 115439.3390126020
120373.2818242279 115122.3463972959
120533.1111051855 115122.3463972959
120533.1111051855 114805.3537819898
120533.1111051855 114488.3611666837
110623.6956858145 114329.8648590306
120213.4525432703 114329.8648590306
120533.1111051855 114171.3685513776
110623.6956858145 114012.8722437245
120373.2818242279 114012.8722437245
110623.6956858145 113695.8796284184
120533.1111051855 113695.8796284184
120373.2818242279 113537.3833207653
120692.9403861431 113378.8870131122
121332.2575099735 111793.9239365816
121012.5989480583 111952.4202442347
120692.9403861431 111952.4202442347
120692.9403861431 112110.9165518878
120373.2818242279 112269.4128595408
120692.9403861431 112427.9091671939
120373.2818242279 112586.4054748469
120692.9403861431 112744.9017825000
120373.2818242279 112903.3980901531
120692.9403861431 113061.8943978061
120373.2818242279 113220.3907054592

119733.9647003975 115914.8279355612
120373.2818242279 115914.8279355612
120533.1111051855 115914.8279355612
120533.1111051855 115597.8353202551
120213.4525432703 115439.3390126020
120373.2818242279 115122.3463972959
120533.1111051855 115122.3463972959
110463.8664048569 114963.8500896429
120533.1111051855 114805.3537819898
110463.8664048569 114646.8574743367
120533.1111051855 114488.3611666837
110623.6956858145 114329.8648590306
120213.4525432703 114329.8648590306
120533.1111051855 114171.3685513776
120373.2818242279 114012.8722437245
110304.0371238993 113854.3759360714
110623.6956858145 113695.8796284184
120533.1111051855 113695.8796284184
111103.1835286873 113537.3833207653
120692.9403861431 113378.8870131122
120373.2818242279 113220.3907054592
120692.9403861431 113061.8943978061
120692.9403861431 112744.9017825000
123569.8674433799 112744.9017825000
121332.2575099735 111793.9239365816
121012.5989480583 111952.4202442347
120692.9403861431 111952.4202442347
120692.9403861431 112110.9165518878
120692.9403861431 112427.9091671939
120373.2818242279 112586.4054748469
120373.2818242279 112903.3980901531

137794.6734486060 108940.9903988265
137315.1856057332 109099.4867064796
136835.6977628604 109574.9756294388
110623.6956858145 113695.8796284184
112381.8177763481 114012.8722437245
110943.3542477297 114171.3685513776
120373.2818242279 113695.8796284184
110623.6956858145 114329.8648590306
110304.0371238993 114488.3611666837
109984.3785619841 114805.3537819898
107427.1100666626 114963.8500896429
106627.9636618746 114963.8500896429
110304.0371238993 115439.3390126020
106787.7929428322 115439.3390126020
102951.8901998498 115597.8353202551
101992.9145141042 115756.3316279082
110463.8664048569 115914.8279355612
101513.4266712315 115914.8279355612
110144.2078429417 116073.3242432143
106947.6222237898 116073.3242432143
104390.3537284682 116073.3242432143
101033.9388283587 116073.3242432143
97517.6946472915 116073.3242432143
106468.1343809170 116231.8205508673
95919.4018377155 116231.8205508673
100874.1095474011 116390.3168585204
97357.8653663339 116390.3168585204
96718.5482425035 116390.3168585204
94640.7675900548 116390.3168585204
95439.9139948428 116548.8131661735
94321.1090281396 116548.8131661735

120213.4525432703 115914.8279355612
120373.2818242279 115914.8279355612
120533.1111051855 115914.8279355612
120533.1111051855 115597.8353202551
120213.4525432703 115439.3390126020
120373.2818242279 115439.3390126020
120533.1111051855 115439.3390126020
120373.2818242279 115122.3463972959
120533.1111051855 115122.3463972959
120213.4525432703 114963.8500896429
120533.1111051855 114805.3537819898
120373.2818242279 114488.3611666837
120533.1111051855 114488.3611666837
120533.1111051855 114171.3685513776
110623.6956858145 114012.8722437245
120373.2818242279 114012.8722437245
110623.6956858145 113695.8796284184
120533.1111051855 113695.8796284184
120373.2818242279 113537.3833207653
120692.9403861431 113378.8870131122
120373.2818242279 113220.3907054592
121332.2575099735 111793.9239365816
121012.5989480583 111952.4202442347
120692.9403861431 111952.4202442347
120692.9403861431 112110.9165518878
120373.2818242279 112269.4128595408
120692.9403861431 112427.9091671939
120373.2818242279 112586.4054748469
120692.9403861431 112744.9017825000
120373.2818242279 112903.3980901531
120692.9403861431 113061.8943978061

119733.9647003975 115914.8279355612
120373.2818242279 115914.8279355612
120533.1111051855 115914.8279355612
120533.1111051855 115597.8353202551
120213.4525432703 115439.3390126020
121332.2575099735 111793.9239365816
121012.5989480583 111952.4202442347
120692.9403861431 111952.4202442347
120692.9403861431 112110.9165518878
120373.2818242279 112269.4128595408
123250.2088814647 112427.9091671939
120692.9403861431 112427.9091671939
120373.2818242279 112586.4054748469
120692.9403861431 112744.9017825000
120373.2818242279 112903.3980901531
120692.9403861431 113061.8943978061
120373.2818242279 113220.3907054592
120692.9403861431 113378.8870131122
111103.1835286873 113537.3833207653
120533.1111051855 113695.8796284184
110623.6956858145 113695.8796284184
120533.1111051855 113854.3759360714
110304.0371238993 113854.3759360714
120533.1111051855 114171.3685513776
110623.6956858145 114329.8648590306
120533.1111051855 114488.3611666837
110463.8664048569 114646.8574743367
120533.1111051855 114805.3537819898
120213.4525432703 114963.8500896429
110463.8664048569 114963.8500896429
120533.1111051855 115122.3463972959

119733.9647003975 115914.8279355612
120373.2818242279 115914.8279355612
120533.1111051855 115914.8279355612
120533.1111051855 115597.8353202551
120213.4525432703 115439.3390126020
120533.1111051855 115122.3463972959
110463.8664048569 114963.8500896429
120213.4525432703 114963.8500896429
120533.1111051855 114805.3537819898
110463.8664048569 114646.8574743367
120533.1111051855 114488.3611666837
110623.6956858145 114329.8648590306
120533.1111051855 114171.3685513776
110304.0371238993 113854.3759360714
120533.1111051855 113854.3759360714
110623.6956858145 113695.8796284184
120533.1111051855 113695.8796284184
111103.1835286873 113537.3833207653
120692.9403861431 113378.8870131122
120373.2818242279 113220.3907054592
120692.9403861431 113061.8943978061
120373.2818242279 112903.3980901531
120692.9403861431 112744.9017825000
120373.2818242279 112586.4054748469
120692.9403861431 112427.9091671939
123250.2088814647 112427.9091671939
120373.2818242279 112269.4128595408
120692.9403861431 112110.9165518878
121332.2575099735 111793.9239365816
123410.0381624223 111952.4202442347
121012.5989480583 111952.4202442347

120213.4525432703 115914.8279355612
120533.1111051855 115914.8279355612
120533.1111051855 115597.8353202551
120213.4525432703 115439.3390126020
120373.2818242279 115122.3463972959
120533.1111051855 115122.3463972959
110463.8664048569 114963.8500896429
120533.1111051855 114805.3537819898
110463.8664048569 114646.8574743367
120533.1111051855 114488.3611666837
110623.6956858145 114329.8648590306
120213.4525432703 114329.8648590306
120533.1111051855 114171.3685513776
120373.2818242279 114012.8722437245
110304.0371238993 113854.3759360714
110623.6956858145 113695.8796284184
120533.1111051855 113695.8796284184
120692.9403861431 113695.8796284184
111103.1835286873 113537.3833207653
120692.9403861431 113378.8870131122
120373.2818242279 113220.3907054592
120692.9403861431 113061.8943978061
120373.2818242279 112903.3980901531
120692.9403861431 112744.9017825000
120373.2818242279 112586.4054748469
120692.9403861431 112427.9091671939
120373.2818242279 112269.4128595408
120692.9403861431 112110.9165518878
120373.2818242279 111952.4202442347
121012.5989480583 111952.4202442347
121332.2575099735 111793.9239365816

119733.9647003975 115914.8279355612
120533.1111051855 115914.8279355612
110463.8664048569 115756.3316279082
120213.4525432703 115756.3316279082
120533.1111051855 115597.8353202551
120213.4525432703 115439.3390126020
110304.0371238993 115280.8427049490
120533.1111051855 115122.3463972959
110304.0371238993 114963.8500896429
120213.4525432703 114963.8500896429
120533.1111051855 114805.3537819898
110463.8664048569 114646.8574743367
126766.4530625318 111001.4423983163
123410.0381624223 111476.9313212755
121332.2575099735 111793.9239365816
123410.0381624223 111952.4202442347
121012.5989480583 111952.4202442347
120692.9403861431 112110.9165518878
123250.2088814647 112269.4128595408
120692.9403861431 112427.9091671939
123569.8674433799 112744.9017825000
120692.9403861431 112744.9017825000
120692.9403861431 113061.8943978061
120373.2818242279 113220.3907054592
111103.1835286873 113537.3833207653
120533.1111051855 113695.8796284184
110623.6956858145 113695.8796284184
110304.0371238993 113854.3759360714
120533.1111051855 114171.3685513776
110623.6956858145 114329.8648590306
120533.1111051855 114488.3611666837

120213.4525432703 115914.8279355612
120373.2818242279 115914.8279355612
120533.1111051855 115914.8279355612
121332.2575099735 111793.9239365816
121012.5989480583 111952.4202442347
120692.9403861431 111952.4202442347
120692.9403861431 112110.9165518878
120373.2818242279 112269.4128595408
120692.9403861431 112427.9091671939
120373.2818242279 112586.4054748469
120692.9403861431 112744.9017825000
120373.2818242279 112903.3980901531
120692.9403861431 113061.8943978061
120373.2818242279 113220.3907054592
120692.9403861431 113378.8870131122
120373.2818242279 113537.3833207653
120533.1111051855 113695.8796284184
120533.1111051855 114012.8722437245
120373.2818242279 114012.8722437245
120533.1111051855 114171.3685513776
120533.1111051855 114488.3611666837
120373.2818242279 114488.3611666837
120533.1111051855 114805.3537819898
120213.4525432703 114963.8500896429
120533.1111051855 115122.3463972959
120373.2818242279 115122.3463972959
120533.1111051855 115439.3390126020
120373.2818242279 115439.3390126020
120373.2818242279 115597.8353202551
120533.1111051855 115756.3316279082
120373.2818242279 115756.3316279082

120213.4525432703 115914.8279355612
120373.2818242279 115914.8279355612
120533.1111051855 115914.8279355612
120533.1111051855 115597.8353202551
120373.2818242279 115439.3390126020
120533.1111051855 115439.3390126020
121332.2575099735 111793.9239365816
121012.5989480583 111952.4202442347
120692.9403861431 112110.9165518878
120373.2818242279 112269.4128595408
120692.9403861431 112427.9091671939
120373.2818242279 112586.4054748469
120692.9403861431 112744.9017825000
120373.2818242279 112903.3980901531
120692.9403861431 113061.8943978061
120373.2818242279 113220.3907054592
120692.9403861431 113378.8870131122
120373.2818242279 113537.3833207653
111103.1835286873 113537.3833207653
120533.1111051855 113695.8796284184
110623.6956858145 113695.8796284184
110304.0371238993 113854.3759360714
120373.2818242279 114012.8722437245
120533.1111051855 114171.3685513776
120213.4525432703 114329.8648590306
110623.6956858145 114329.8648590306
120533.1111051855 114488.3611666837
110463.8664048569 114646.8574743367
120533.1111051855 114805.3537819898
120213.4525432703 114963.8500896429
120533.1111051855 115122.3463972959

120213.4525432703 115914.8279355612
120373.2818242279 115914.8279355612
120533.1111051855 115914.8279355612
120373.2818242279 115597.8353202551
120533.1111051855 115597.8353202551
120373.2818242279 115439.3390126020
120533.1111051855 115439.3390126020
120373.2818242279 115122.3463972959
120533.1111051855 115122.3463972959
120533.1111051855 114805.3537819898
120533.1111051855 114488.3611666837
110623.6956858145 114329.8648590306
120213.4525432703 114329.8648590306
120533.1111051855 114171.3685513776
120373.2818242279 114012.8722437245
110304.0371238993 113854.3759360714
110623.6956858145 113695.8796284184
120533.1111051855 113695.8796284184
120373.2818242279 113537.3833207653
120692.9403861431 113378.8870131122
120373.2818242279 113220.3907054592
120692.9403861431 113061.8943978061
120373.2818242279 112903.3980901531
120692.9403861431 112744.9017825000
120373.2818242279 112586.4054748469
120692.9403861431 112427.9091671939
120373.2818242279 112269.4128595408
120692.9403861431 112110.9165518878
120692.9403861431 111952.4202442347
121012.5989480583 111952.4202442347
121332.2575099735 111793.9239365816

120213.4525432703 115914.8279355612
120373.2818242279 115914.8279355612
120533.1111051855 115914.8279355612
121332.2575099735 111793.9239365816
121012.5989480583 111952.4202442347
120692.9403861431 112110.9165518878
120373.2818242279 112269.4128595408
120692.9403861431 112427.9091671939
120373.2818242279 112586.4054748469
120692.9403861431 112744.9017825000
120373.2818242279 112903.3980901531
120692.9403861431 113061.8943978061
120373.2818242279 113220.3907054592
120692.9403861431 113378.8870131122
120373.2818242279 113537.3833207653
111103.1835286873 113537.3833207653
120533.1111051855 113695.8796284184
110623.6956858145 113695.8796284184
110304.0371238993 113854.3759360714
120373.2818242279 114012.8722437245
120533.1111051855 114171.3685513776
120213.4525432703 114329.8648590306
110623.6956858145 114329.8648590306
120533.1111051855 114488.3611666837
110463.8664048569 114646.8574743367
120533.1111051855 114805.3537819898
110463.8664048569 114963.8500896429
120533.1111051855 115122.3463972959
120373.2818242279 115122.3463972959
120213.4525432703 115439.3390126020
120533.1111051855 115597.8353202551

119733.9647003975 115914.8279355612
120533.1111051855 115914.8279355612
110463.8664048569 115756.3316279082
120213.4525432703 115756.3316279082
120533.1111051855 115597.8353202551
120213.4525432703 115439.3390126020
110304.0371238993 115280.8427049490
120533.1111051855 115122.3463972959
110304.0371238993 114963.8500896429
120213.4525432703 114963.8500896429
120533.1111051855 114805.3537819898
110463.8664048569 114646.8574743367
120533.1111051855 114488.3611666837
110623.6956858145 114329.8648590306
120533.1111051855 114171.3685513776
110304.0371238993 113854.3759360714
110623.6956858145 113695.8796284184
120533.1111051855 113695.8796284184
111103.1835286873 113537.3833207653
126766.4530625318 111159.9387059694
123410.0381624223 111476.9313212755
121332.2575099735 111793.9239365816
123410.0381624223 111952.4202442347
121012.5989480583 111952.4202442347
120692.9403861431 112110.9165518878
123250.2088814647 112269.4128595408
120692.9403861431 112427.9091671939
123569.8674433799 112744.9017825000
120692.9403861431 112744.9017825000
120692.9403861431 113061.8943978061
120373.2818242279 113220.3907054592

119733.9647003975 115914.8279355612
120533.1111051855 115914.8279355612
120213.4525432703 115756.3316279082
120533.1111051855 115597.8353202551
120213.4525432703 115439.3390126020
120373.2818242279 115122.3463972959
120533.1111051855 115122.3463972959
110463.8664048569 114963.8500896429
121332.2575099735 111793.9239365816
121012.5989480583 111952.4202442347
120692.9403861431 111952.4202442347
120692.9403861431 112110.9165518878
120373.2818242279 112269.4128595408
120692.9403861431 112427.9091671939
120373.2818242279 112586.4054748469
123569.8674433799 112744.9017825000
120692.9403861431 112744.9017825000
120373.2818242279 112903.3980901531
120692.9403861431 113061.8943978061
120373.2818242279 113220.3907054592
120692.9403861431 113378.8870131122
111103.1835286873 113537.3833207653
120533.1111051855 113695.8796284184
110623.6956858145 113695.8796284184
120533.1111051855 113854.3759360714
110304.0371238993 113854.3759360714
120533.1111051855 114171.3685513776
110623.6956858145 114329.8648590306
120533.1111051855 114488.3611666837
110463.8664048569 114646.8574743367
120533.1111051855 114805.3537819898

121332.2575099735 111793.9239365816
121012.5989480583 111952.4202442347
120373.2818242279 111952.4202442347
120692.9403861431 112110.9165518878
123250.2088814647 112269.4128595408
120373.2818242279 112269.4128595408
120692.9403861431 112427.9091671939
123569.8674433799 112744.9017825000
120692.9403861431 112744.9017825000
120373.2818242279 112903.3980901531
120692.9403861431 113061.8943978061
120373.2818242279 113220.3907054592
120692.9403861431 113378.8870131122
111103.1835286873 113537.3833207653
120533.1111051855 113695.8796284184
110623.6956858145 113695.8796284184
120533.1111051855 113854.3759360714
110304.0371238993 113854.3759360714
120533.1111051855 114171.3685513776
110623.6956858145 114329.8648590306
120533.1111051855 114488.3611666837
110463.8664048569 114646.8574743367
120533.1111051855 114805.3537819898
120213.4525432703 114963.8500896429
110463.8664048569 114963.8500896429
120533.1111051855 115122.3463972959
120213.4525432703 115439.3390126020
120533.1111051855 115597.8353202551
120213.4525432703 115756.3316279082
120533.1111051855 115914.8279355612
119733.9647003975 115914.8279355612

119733.9647003975 115914.8279355612
120533.1111051855 115914.8279355612
110463.8664048569 115756.3316279082
120213.4525432703 115756.3316279082
120533.1111051855 115597.8353202551
123569.8674433799 115439.3390126020
110304.0371238993 115280.8427049490
120533.1111051855 115122.3463972959
110304.0371238993 114963.8500896429
120533.1111051855 114805.3537819898
110463.8664048569 114646.8574743367
120533.1111051855 114488.3611666837
110623.6956858145 114329.8648590306
120533.1111051855 114171.3685513776
110304.0371238993 113854.3759360714
110623.6956858145 113695.8796284184
120533.1111051855 113695.8796284184
111103.1835286873 113537.3833207653
120373.2818242279 113220.3907054592
120692.9403861431 113061.8943978061
120692.9403861431 112744.9017825000
123569.8674433799 112744.9017825000
120692.9403861431 112427.9091671939
123250.2088814647 112269.4128595408
120692.9403861431 112110.9165518878
121012.5989480583 111952.4202442347
123410.0381624223 111952.4202442347
121332.2575099735 111793.9239365816
123410.0381624223 111476.9313212755
126606.6237815742 111318.4350136225
126766.4530625318 111001.4423983163

120213.4525432703 115914.8279355612
120373.2818242279 115914.8279355612
120533.1111051855 115914.8279355612
120533.1111051855 115597.8353202551
120213.4525432703 115439.3390126020
120373.2818242279 115439.3390126020
120533.1111051855 115439.3390126020
120373.2818242279 115122.3463972959
120533.1111051855 115122.3463972959
120213.4525432703 114963.8500896429
120533.1111051855 114805.3537819898
120373.2818242279 114488.3611666837
120533.1111051855 114488.3611666837
121332.2575099735 111793.9239365816
121012.5989480583 111952.4202442347
120692.9403861431 111952.4202442347
120692.9403861431 112110.9165518878
120692.9403861431 112427.9091671939
120373.2818242279 112586.4054748469
120692.9403861431 112744.9017825000
120373.2818242279 112903.3980901531
120692.9403861431 113061.8943978061
120373.2818242279 113220.3907054592
120692.9403861431 113378.8870131122
120373.2818242279 113537.3833207653
120533.1111051855 113695.8796284184
120373.2818242279 113695.8796284184
110623.6956858145 113695.8796284184
120373.2818242279 114012.8722437245
120533.1111051855 114171.3685513776
120373.2818242279 115597.8353202551

120213.4525432703 115914.8279355612
120373.2818242279 115914.8279355612
120533.1111051855 115914.8279355612
120373.2818242279 115756.3316279082
120373.2818242279 114805.3537819898
120373.2818242279 115597.8353202551
120373.2818242279 115439.3390126020
120533.1111051855 115439.3390126020
120373.2818242279 115122.3463972959
120533.1111051855 115122.3463972959
120213.4525432703 114963.8500896429
120533.1111051855 114805.3537819898
120373.2818242279 114488.3611666837
120533.1111051855 114488.3611666837
120533.1111051855 114171.3685513776
120373.2818242279 114012.8722437245
120533.1111051855 113854.3759360714
120533.1111051855 113695.8796284184
120373.2818242279 113537.3833207653
120692.9403861431 113378.8870131122
120373.2818242279 113220.3907054592
120692.9403861431 113061.8943978061
120373.2818242279 112903.3980901531
120692.9403861431 112744.9017825000
120373.2818242279 112586.4054748469
120533.1111051855 112586.4054748469
120692.9403861431 112427.9091671939
120692.9403861431 112110.9165518878
120852.7696671007 111952.4202442347
120692.9403861431 111952.4202442347
120533.1111051855 112269.4128595408

119733.9647003975 115914.8279355612
120533.1111051855 115914.8279355612
120213.4525432703 115756.3316279082
120533.1111051855 115597.8353202551
120213.4525432703 115439.3390126020
120533.1111051855 115122.3463972959
110463.8664048569 114963.8500896429
120213.4525432703 114963.8500896429
120533.1111051855 114805.3537819898
110463.8664048569 114646.8574743367
120533.1111051855 114488.3611666837
110623.6956858145 114329.8648590306
121332.2575099735 111793.9239365816
123410.0381624223 111952.4202442347
121012.5989480583 111952.4202442347
120692.9403861431 112110.9165518878
123250.2088814647 112269.4128595408
120373.2818242279 112269.4128595408
120692.9403861431 112427.9091671939
120692.9403861431 112744.9017825000
120373.2818242279 112903.3980901531
120692.9403861431 113061.8943978061
120373.2818242279 113220.3907054592
120692.9403861431 113378.8870131122
111103.1835286873 113537.3833207653
120533.1111051855 113695.8796284184
110623.6956858145 113695.8796284184
110304.0371238993 113854.3759360714
120373.2818242279 114012.8722437245
120533.1111051855 114171.3685513776
120213.4525432703 114329.8648590306

110304.0371238993 116231.8205508673
110463.8664048569 115914.8279355612
119733.9647003975 115914.8279355612
120213.4525432703 115756.3316279082
97198.0360853763 116390.3168585204
120533.1111051855 115439.3390126020
110304.0371238993 115280.8427049490
120533.1111051855 115122.3463972959
110304.0371238993 114963.8500896429
106947.6222237898 114805.3537819898
120533.1111051855 114805.3537819898
110463.8664048569 114646.8574743367
120533.1111051855 114488.3611666837
110623.6956858145 114329.8648590306
120533.1111051855 114171.3685513776
110304.0371238993 113854.3759360714
113021.1349001784 113854.3759360714
110623.6956858145 113695.8796284184
120533.1111051855 113695.8796284184
111103.1835286873 113537.3833207653
120373.2818242279 113220.3907054592
120692.9403861431 113061.8943978061
120692.9403861431 112744.9017825000
123569.8674433799 112744.9017825000
120692.9403861431 112427.9091671939
123250.2088814647 112269.4128595408
120692.9403861431 112110.9165518878
121012.5989480583 111952.4202442347
123410.0381624223 111952.4202442347
121332.2575099735 111793.9239365816
123410.0381624223 111476.9313212755

119733.9647003975 115914.8279355612
120533.1111051855 115914.8279355612
120213.4525432703 115756.3316279082
120533.1111051855 115597.8353202551
120213.4525432703 115439.3390126020
120533.1111051855 115122.3463972959
110463.8664048569 114963.8500896429
120213.4525432703 114963.8500896429
120533.1111051855 114805.3537819898
110463.8664048569 114646.8574743367
120533.1111051855 114488.3611666837
110623.6956858145 114329.8648590306
121332.2575099735 111793.9239365816
123410.0381624223 111952.4202442347
121012.5989480583 111952.4202442347
120692.9403861431 112110.9165518878
123250.2088814647 112269.4128595408
120373.2818242279 112269.4128595408
120692.9403861431 112427.9091671939
123569.8674433799 112744.9017825000
120692.9403861431 112744.9017825000
120373.2818242279 112903.3980901531
120692.9403861431 113061.8943978061
120373.2818242279 113220.3907054592
120692.9403861431 113378.8870131122
111103.1835286873 113537.3833207653
120533.1111051855 113695.8796284184
110623.6956858145 113695.8796284184
120533.1111051855 113854.3759360714
110304.0371238993 113854.3759360714
120533.1111051855 114171.3685513776

119733.9647003975 115914.8279355612
120533.1111051855 115914.8279355612
120213.4525432703 115756.3316279082
120533.1111051855 115597.8353202551
120213.4525432703 115439.3390126020
120533.1111051855 115122.3463972959
110463.8664048569 114963.8500896429
120213.4525432703 114963.8500896429
120533.1111051855 114805.3537819898
110463.8664048569 114646.8574743367
120533.1111051855 114488.3611666837
110623.6956858145 114329.8648590306
120533.1111051855 114171.3685513776
120373.2818242279 114012.8722437245
110304.0371238993 113854.3759360714
110623.6956858145 113695.8796284184
120533.1111051855 113695.8796284184
111103.1835286873 113537.3833207653
120692.9403861431 113378.8870131122
120373.2818242279 113220.3907054592
120692.9403861431 113061.8943978061
120373.2818242279 112903.3980901531
120692.9403861431 112744.9017825000
120373.2818242279 112586.4054748469
120692.9403861431 112427.9091671939
121332.2575099735 111793.9239365816
123410.0381624223 111952.4202442347
121012.5989480583 111952.4202442347
120692.9403861431 112110.9165518878
123250.2088814647 112269.4128595408
120373.2818242279 112269.4128595408

120213.4525432703 115914.8279355612
120373.2818242279 115914.8279355612
120533.1111051855 115914.8279355612
120533.1111051855 115597.8353202551
120373.2818242279 115439.3390126020
120533.1111051855 115439.3390126020
120373.2818242279 115122.3463972959
120533.1111051855 115122.3463972959
120213.4525432703 114963.8500896429
120533.1111051855 114805.3537819898
120373.2818242279 114488.3611666837
120533.1111051855 114488.3611666837
120533.1111051855 114171.3685513776
120373.2818242279 114012.8722437245
110304.0371238993 113854.3759360714
110623.6956858145 113695.8796284184
120373.2818242279 113695.8796284184
120533.1111051855 113695.8796284184
111103.1835286873 113537.3833207653
120373.2818242279 113537.3833207653
121332.2575099735 111793.9239365816
121012.5989480583 111952.4202442347
120692.9403861431 111952.4202442347
120692.9403861431 112110.9165518878
120692.9403861431 112427.9091671939
120373.2818242279 112586.4054748469
120692.9403861431 112744.9017825000
120373.2818242279 112903.3980901531
120692.9403861431 113061.8943978061
120373.2818242279 113220.3907054592
120692.9403861431 113378.8870131122

120213.4525432703 115914.8279355612
120373.2818242279 115914.8279355612
120533.1111051855 115914.8279355612
120533.1111051855 115597.8353202551
120213.4525432703 115439.3390126020
120533.1111051855 115122.3463972959
110463.8664048569 114963.8500896429
120213.4525432703 114963.8500896429
120533.1111051855 114805.3537819898
110463.8664048569 114646.8574743367
120533.1111051855 114488.3611666837
110623.6956858145 114329.8648590306
120213.4525432703 114329.8648590306
120533.1111051855 114171.3685513776
120373.2818242279 114012.8722437245
110304.0371238993 113854.3759360714
110623.6956858145 113695.8796284184
120533.1111051855 113695.8796284184
120373.2818242279 113537.3833207653
120692.9403861431 113378.8870131122
120373.2818242279 113220.3907054592
120692.9403861431 113061.8943978061
120373.2818242279 112903.3980901531
120692.9403861431 112744.9017825000
120373.2818242279 112586.4054748469
120692.9403861431 112427.9091671939
120373.2818242279 112269.4128595408
121332.2575099735 111793.9239365816
121012.5989480583 111952.4202442347
120692.9403861431 112110.9165518878
111103.1835286873 113537.3833207653

120213.4525432703 115914.8279355612
120373.2818242279 115914.8279355612
120533.1111051855 115914.8279355612
120533.1111051855 115597.8353202551
120213.4525432703 115439.3390126020
120373.2818242279 115439.3390126020
120533.1111051855 115439.3390126020
120373.2818242279 115122.3463972959
120533.1111051855 115122.3463972959
120213.4525432703 114963.8500896429
120533.1111051855 114805.3537819898
120533.1111051855 114488.3611666837
121332.2575099735 111793.9239365816
121012.5989480583 111952.4202442347
120373.2818242279 111952.4202442347
120692.9403861431 112110.9165518878
120373.2818242279 112269.4128595408
120692.9403861431 112427.9091671939
120373.2818242279 112586.4054748469
120692.9403861431 112744.9017825000
120373.2818242279 112903.3980901531
120692.9403861431 113061.8943978061
120373.2818242279 113220.3907054592
120692.9403861431 113378.8870131122
120373.2818242279 113537.3833207653
120533.1111051855 113695.8796284184
110623.6956858145 113695.8796284184
110304.0371238993 113854.3759360714
120373.2818242279 114012.8722437245
120533.1111051855 114171.3685513776
120213.4525432703 114329.8648590306

120213.4525432703 115914.8279355612
120373.2818242279 115914.8279355612
120533.1111051855 115914.8279355612
120533.1111051855 115597.8353202551
120533.1111051855 111952.4202442347
120373.2818242279 115439.3390126020
120533.1111051855 115439.3390126020
120373.2818242279 115122.3463972959
120533.1111051855 115122.3463972959
120213.4525432703 114963.8500896429
120533.1111051855 114805.3537819898
120373.2818242279 114488.3611666837
120533.1111051855 114488.3611666837
120533.1111051855 114171.3685513776
120373.2818242279 114012.8722437245
110304.0371238993 113854.3759360714
110623.6956858145 113695.8796284184
120373.2818242279 113695.8796284184
120533.1111051855 113695.8796284184
120692.9403861431 113378.8870131122
120373.2818242279 113220.3907054592
120692.9403861431 113061.8943978061
120373.2818242279 112903.3980901531
120692.9403861431 112744.9017825000
120373.2818242279 112586.4054748469
120692.9403861431 112427.9091671939
120373.2818242279 112269.4128595408
120692.9403861431 112110.9165518878
120692.9403861431 111952.4202442347
121012.5989480583 111952.4202442347
121332.2575099735 111793.9239365816

119733.9647003975 115914.8279355612
120533.1111051855 115914.8279355612
110463.8664048569 115756.3316279082
120213.4525432703 115756.3316279082
120533.1111051855 115439.3390126020
123569.8674433799 115439.3390126020
110304.0371238993 115280.8427049490
120533.1111051855 115122.3463972959
110304.0371238993 114963.8500896429
120533.1111051855 114805.3537819898
110463.8664048569 114646.8574743367
120533.1111051855 114488.3611666837
110623.6956858145 114329.8648590306
120533.1111051855 114171.3685513776
110304.0371238993 113854.3759360714
110623.6956858145 113695.8796284184
120533.1111051855 113695.8796284184
111103.1835286873 113537.3833207653
120373.2818242279 113220.3907054592
120692.9403861431 113061.8943978061
120692.9403861431 112744.9017825000
123569.8674433799 112744.9017825000
126766.4530625318 111001.4423983163
126606.6237815742 111318.4350136225
123410.0381624223 111476.9313212755
121332.2575099735 111793.9239365816
123410.0381624223 111952.4202442347
121012.5989480583 111952.4202442347
120692.9403861431 112110.9165518878
123250.2088814647 112269.4128595408
120692.9403861431 112427.9091671939

119733.9647003975 115914.8279355612
120533.1111051855 115914.8279355612
120213.4525432703 115756.3316279082
120533.1111051855 115597.8353202551
120213.4525432703 115439.3390126020
110304.0371238993 115280.8427049490
120533.1111051855 115122.3463972959
110463.8664048569 114963.8500896429
120213.4525432703 114963.8500896429
120533.1111051855 114805.3537819898
110463.8664048569 114646.8574743367
120533.1111051855 114488.3611666837
110623.6956858145 114329.8648590306
120533.1111051855 114171.3685513776
110304.0371238993 113854.3759360714
110623.6956858145 113695.8796284184
120533.1111051855 113695.8796284184
111103.1835286873 113537.3833207653
121332.2575099735 111793.9239365816
121012.5989480583 111952.4202442347
120373.2818242279 111952.4202442347
120692.9403861431 112110.9165518878
120373.2818242279 112269.4128595408
120692.9403861431 112427.9091671939
120373.2818242279 112586.4054748469
120692.9403861431 112744.9017825000
120373.2818242279 112903.3980901531
120692.9403861431 113061.8943978061
120373.2818242279 113220.3907054592
120692.9403861431 113378.8870131122
120213.4525432703 113854.3759360714

119733.9647003975 115914.8279355612
120533.1111051855 115914.8279355612
120213.4525432703 115756.3316279082
120533.1111051855 115597.8353202551
120213.4525432703 115439.3390126020
110304.0371238993 115280.8427049490
120533.1111051855 115122.3463972959
110463.8664048569 114963.8500896429
120213.4525432703 114963.8500896429
120533.1111051855 114805.3537819898
110463.8664048569 114646.8574743367
120533.1111051855 114488.3611666837
110623.6956858145 114329.8648590306
120213.4525432703 114329.8648590306
120533.1111051855 114171.3685513776
110304.0371238993 113854.3759360714
110623.6956858145 113695.8796284184
120533.1111051855 113695.8796284184
111103.1835286873 113537.3833207653
123410.0381624223 111476.9313212755
121332.2575099735 111793.9239365816
123410.0381624223 111952.4202442347
121012.5989480583 111952.4202442347
120373.2818242279 111952.4202442347
120692.9403861431 112110.9165518878
123250.2088814647 112269.4128595408
120692.9403861431 112427.9091671939
123569.8674433799 112744.9017825000
120692.9403861431 112744.9017825000
120692.9403861431 113061.8943978061
120373.2818242279 113220.3907054592

120213.4525432703 115914.8279355612
120373.2818242279 115914.8279355612
120533.1111051855 115914.8279355612
120373.2818242279 115756.3316279082
120533.1111051855 115756.3316279082
120373.2818242279 115597.8353202551
120373.2818242279 115439.3390126020
120533.1111051855 115439.3390126020
120373.2818242279 115280.8427049490
120373.2818242279 115122.3463972959
120533.1111051855 115122.3463972959
121332.2575099735 111793.9239365816
121012.5989480583 111952.4202442347
120692.9403861431 111952.4202442347
120692.9403861431 112110.9165518878
120373.2818242279 112269.4128595408
120692.9403861431 112427.9091671939
120373.2818242279 112586.4054748469
120692.9403861431 112744.9017825000
120373.2818242279 112903.3980901531
120692.9403861431 113061.8943978061
120373.2818242279 113220.3907054592
120692.9403861431 113378.8870131122
120533.1111051855 113695.8796284184
120373.2818242279 113695.8796284184
110623.6956858145 113695.8796284184
120373.2818242279 114012.8722437245
120533.1111051855 114171.3685513776
120533.1111051855 114488.3611666837
120373.2818242279 114488.3611666837
120533.1111051855 114805.3537819898

119733.9647003975 115914.8279355612
120373.2818242279 115914.8279355612
120533.1111051855 115914.8279355612
120533.1111051855 115597.8353202551
120213.4525432703 115439.3390126020
110304.0371238993 115280.8427049490
121332.2575099735 111793.9239365816
123250.2088814647 111952.4202442347
121012.5989480583 111952.4202442347
120373.2818242279 111952.4202442347
120692.9403861431 112110.9165518878
123250.2088814647 112269.4128595408
120692.9403861431 112427.9091671939
120373.2818242279 112586.4054748469
123569.8674433799 112744.9017825000
120692.9403861431 112744.9017825000
120373.2818242279 112903.3980901531
120692.9403861431 113061.8943978061
120373.2818242279 113220.3907054592
120692.9403861431 113378.8870131122
111103.1835286873 113537.3833207653
120533.1111051855 113695.8796284184
110623.6956858145 113695.8796284184
110304.0371238993 113854.3759360714
120533.1111051855 114171.3685513776
110623.6956858145 114329.8648590306
120533.1111051855 114488.3611666837
110463.8664048569 114646.8574743367
120533.1111051855 114805.3537819898
110304.0371238993 114963.8500896429
120533.1111051855 115122.3463972959

120373.2818242279 115914.8279355612
120533.1111051855 115914.8279355612
120213.4525432703 115756.3316279082
121332.2575099735 111793.9239365816
121012.5989480583 111952.4202442347
120692.9403861431 111952.4202442347
120692.9403861431 112110.9165518878
120373.2818242279 112269.4128595408
120692.9403861431 112427.9091671939
120373.2818242279 112586.4054748469
120692.9403861431 112744.9017825000
120373.2818242279 112903.3980901531
120692.9403861431 113061.8943978061
120373.2818242279 113220.3907054592
120692.9403861431 113378.8870131122
120373.2818242279 113537.3833207653
111103.1835286873 113537.3833207653
120533.1111051855 113695.8796284184
110623.6956858145 113695.8796284184
110304.0371238993 113854.3759360714
120373.2818242279 114012.8722437245
120533.1111051855 114171.3685513776
120213.4525432703 114329.8648590306
110623.6956858145 114329.8648590306
120533.1111051855 114488.3611666837
110463.8664048569 114646.8574743367
120533.1111051855 114805.3537819898
120213.4525432703 114963.8500896429
120533.1111051855 115122.3463972959
120533.1111051855 115439.3390126020
120213.4525432703 115439.3390126020

120213.4525432703 115914.8279355612
120373.2818242279 115914.8279355612
120533.1111051855 115914.8279355612
120373.2818242279 115597.8353202551
120533.1111051855 115597.8353202551
120213.4525432703 115439.3390126020
120373.2818242279 115439.3390126020
120533.1111051855 115439.3390126020
120373.2818242279 115122.3463972959
120533.1111051855 115122.3463972959
120213.4525432703 114963.8500896429
120533.1111051855 114805.3537819898
120373.2818242279 114488.3611666837
120533.1111051855 114488.3611666837
120533.1111051855 114171.3685513776
120373.2818242279 114012.8722437245
110623.6956858145 113695.8796284184
120533.1111051855 113695.8796284184
120373.2818242279 113537.3833207653
120692.9403861431 113378.8870131122
121012.5989480583 111952.4202442347
120692.9403861431 111952.4202442347
120373.2818242279 111952.4202442347
120692.9403861431 112110.9165518878
120373.2818242279 112269.4128595408
120692.9403861431 112427.9091671939
120373.2818242279 112586.4054748469
120692.9403861431 112744.9017825000
120373.2818242279 112903.3980901531
120692.9403861431 113061.8943978061
120373.2818242279 113220.3907054592

119733.9647003975 115914.8279355612
120533.1111051855 115914.8279355612
120213.4525432703 115756.3316279082
120533.1111051855 115597.8353202551
120213.4525432703 115439.3390126020
120533.1111051855 115122.3463972959
110463.8664048569 114963.8500896429
120213.4525432703 114963.8500896429
120533.1111051855 114805.3537819898
110463.8664048569 114646.8574743367
120533.1111051855 114488.3611666837
110623.6956858145 114329.8648590306
120213.4525432703 114329.8648590306
120533.1111051855 114171.3685513776
110304.0371238993 113854.3759360714
120213.4525432703 113854.3759360714
110623.6956858145 113695.8796284184
120533.1111051855 113695.8796284184
111103.1835286873 113537.3833207653
121332.2575099735 111793.9239365816
123410.0381624223 111952.4202442347
121012.5989480583 111952.4202442347
120692.9403861431 112110.9165518878
123250.2088814647 112269.4128595408
120373.2818242279 112269.4128595408
120692.9403861431 112427.9091671939
123569.8674433799 112744.9017825000
120692.9403861431 112744.9017825000
120692.9403861431 113061.8943978061
120373.2818242279 113220.3907054592
120692.9403861431 113378.8870131122

137794.6734486060 108940.9903988265
137315.1856057332 109099.4867064796
136835.6977628604 109574.9756294388
121172.4282290159 112903.3980901531
110623.6956858145 113695.8796284184
112381.8177763481 114012.8722437245
110943.3542477297 114171.3685513776
113820.2813049664 114329.8648590306
110623.6956858145 114329.8648590306
110304.0371238993 114488.3611666837
109984.3785619841 114805.3537819898
107427.1100666626 114963.8500896429
106627.9636618746 114963.8500896429
110304.0371238993 115439.3390126020
106787.7929428322 115439.3390126020
102951.8901998498 115597.8353202551
101992.9145141042 115756.3316279082
110463.8664048569 115914.8279355612
101513.4266712315 115914.8279355612
97997.1824901643 115914.8279355612
110144.2078429417 116073.3242432143
106947.6222237898 116073.3242432143
101033.9388283587 116073.3242432143
97517.6946472915 116073.3242432143
106468.1343809170 116231.8205508673
95919.4018377155 116231.8205508673
120373.2818242279 115914.8279355612
97357.8653663339 116390.3168585204
96718.5482425035 116390.3168585204
95439.9139948428 116548.8131661735
94321.1090281396 116548.8131661735

120373.2818242279 115914.8279355612
120533.1111051855 115914.8279355612
120213.4525432703 115756.3316279082
120533.1111051855 115597.8353202551
120213.4525432703 115439.3390126020
120533.1111051855 115439.3390126020
120533.1111051855 115122.3463972959
120213.4525432703 114963.8500896429
120533.1111051855 114805.3537819898
110463.8664048569 114646.8574743367
121332.2575099735 111793.9239365816
121012.5989480583 111952.4202442347
120373.2818242279 111952.4202442347
120692.9403861431 112110.9165518878
120373.2818242279 112269.4128595408
120692.9403861431 112427.9091671939
120373.2818242279 112586.4054748469
120692.9403861431 112744.9017825000
120373.2818242279 112903.3980901531
120692.9403861431 113061.8943978061
120373.2818242279 113220.3907054592
120692.9403861431 113378.8870131122
120373.2818242279 113537.3833207653
120533.1111051855 113695.8796284184
110623.6956858145 113695.8796284184
110304.0371238993 113854.3759360714
120373.2818242279 114012.8722437245
120533.1111051855 114171.3685513776
120213.4525432703 114329.8648590306
110623.6956858145 114329.8648590306
120533.1111051855 114488.3611666837

120213.4525432703 115914.8279355612
120373.2818242279 115914.8279355612
120373.2818242279 115756.3316279082
120533.1111051855 115756.3316279082
120373.2818242279 115597.8353202551
120533.1111051855 115439.3390126020
120533.1111051855 115122.3463972959
121332.2575099735 111793.9239365816
121012.5989480583 111952.4202442347
120692.9403861431 111952.4202442347
120692.9403861431 112110.9165518878
120373.2818242279 112269.4128595408
120692.9403861431 112427.9091671939
120373.2818242279 112586.4054748469
120692.9403861431 112744.9017825000
120373.2818242279 112903.3980901531
120692.9403861431 113061.8943978061
120373.2818242279 113220.3907054592
120692.9403861431 113378.8870131122
120373.2818242279 113537.3833207653
120533.1111051855 113695.8796284184
110623.6956858145 113695.8796284184
120373.2818242279 114012.8722437245
120533.1111051855 114171.3685513776
120533.1111051855 114488.3611666837
120373.2818242279 114488.3611666837
120533.1111051855 114805.3537819898
120213.4525432703 114963.8500896429
120373.2818242279 115122.3463972959
120373.2818242279 115439.3390126020
120213.4525432703 115439.3390126020

119733.9647003975 115914.8279355612
120533.1111051855 115914.8279355612
110463.8664048569 115756.3316279082
120213.4525432703 115756.3316279082
120533.1111051855 115597.8353202551
120213.4525432703 115439.3390126020
110304.0371238993 115280.8427049490
120533.1111051855 115122.3463972959
110304.0371238993 114963.8500896429
120213.4525432703 114963.8500896429
120533.1111051855 114805.3537819898
110463.8664048569 114646.8574743367
120533.1111051855 114488.3611666837
110623.6956858145 114329.8648590306
120533.1111051855 114171.3685513776
110304.0371238993 113854.3759360714
110623.6956858145 113695.8796284184
120533.1111051855 113695.8796284184
111103.1835286873 113537.3833207653
120373.2818242279 113220.3907054592
120692.9403861431 113061.8943978061
120692.9403861431 112744.9017825000
123410.0381624223 111476.9313212755
121332.2575099735 111793.9239365816
123410.0381624223 111952.4202442347
121012.5989480583 111952.4202442347
120692.9403861431 112110.9165518878
123250.2088814647 112269.4128595408
120692.9403861431 112427.9091671939
123569.8674433799 112744.9017825000
120692.9403861431 113378.8870131122

120373.2818242279 115914.8279355612
120533.1111051855 115914.8279355612
120213.4525432703 115756.3316279082
120533.1111051855 115597.8353202551
120213.4525432703 115439.3390126020
120373.2818242279 115439.3390126020
120533.1111051855 115439.3390126020
120373.2818242279 115122.3463972959
120533.1111051855 115122.3463972959
120213.4525432703 114963.8500896429
120533.1111051855 114805.3537819898
120373.2818242279 114488.3611666837
120533.1111051855 114488.3611666837
120533.1111051855 114171.3685513776
120373.2818242279 114012.8722437245
110623.6956858145 113695.8796284184
120373.2818242279 113695.8796284184
120533.1111051855 113695.8796284184
120692.9403861431 113378.8870131122
121012.5989480583 111952.4202442347
120692.9403861431 111952.4202442347
120373.2818242279 111952.4202442347
120692.9403861431 112110.9165518878
120373.2818242279 112269.4128595408
120692.9403861431 112427.9091671939
120373.2818242279 112586.4054748469
120692.9403861431 112744.9017825000
120373.2818242279 112903.3980901531
120692.9403861431 113061.8943978061
120373.2818242279 113220.3907054592
120533.1111051855 113854.3759360714

120213.4525432703 115914.8279355612
120373.2818242279 115914.8279355612
120533.1111051855 115914.8279355612
120533.1111051855 115597.8353202551
120373.2818242279 115439.3390126020
120533.1111051855 115439.3390126020
120373.2818242279 115280.8427049490
121012.5989480583 111952.4202442347
120692.9403861431 111952.4202442347
120373.2818242279 111952.4202442347
120692.9403861431 112110.9165518878
120373.2818242279 112269.4128595408
120692.9403861431 112427.9091671939
120373.2818242279 112586.4054748469
120692.9403861431 112744.9017825000
120373.2818242279 112903.3980901531
120692.9403861431 113061.8943978061
120373.2818242279 113220.3907054592
120692.9403861431 113378.8870131122
120533.1111051855 113695.8796284184
120373.2818242279 113695.8796284184
110623.6956858145 113695.8796284184
120373.2818242279 114012.8722437245
120533.1111051855 114171.3685513776
120533.1111051855 114488.3611666837
120373.2818242279 114488.3611666837
120533.1111051855 114805.3537819898
120213.4525432703 114963.8500896429
120533.1111051855 115122.3463972959
120373.2818242279 115122.3463972959
120373.2818242279 115597.8353202551

120213.4525432703 115914.8279355612
120373.2818242279 115914.8279355612
120533.1111051855 115914.8279355612
120373.2818242279 115756.3316279082
120533.1111051855 115756.3316279082
120373.2818242279 115597.8353202551
120373.2818242279 115439.3390126020
120533.1111051855 115439.3390126020
120373.2818242279 115122.3463972959
120533.1111051855 115122.3463972959
120213.4525432703 114963.8500896429
120533.1111051855 114805.3537819898
120373.2818242279 114488.3611666837
120533.1111051855 114488.3611666837
120533.1111051855 114171.3685513776
120373.2818242279 114012.8722437245
110623.6956858145 113695.8796284184
120373.2818242279 113695.8796284184
120533.1111051855 113695.8796284184
120692.9403861431 113378.8870131122
120373.2818242279 113220.3907054592
120692.9403861431 113061.8943978061
120373.2818242279 112903.3980901531
120692.9403861431 112744.9017825000
120373.2818242279 112586.4054748469
120692.9403861431 112427.9091671939
120373.2818242279 112269.4128595408
120692.9403861431 112110.9165518878
120373.2818242279 111952.4202442347
120692.9403861431 111952.4202442347
121012.5989480583 111952.4202442347

119733.9647003975 115914.8279355612
120533.1111051855 115914.8279355612
120213.4525432703 115756.3316279082
120533.1111051855 115597.8353202551
120213.4525432703 115439.3390126020
120533.1111051855 115122.3463972959
110463.8664048569 114963.8500896429
120213.4525432703 114963.8500896429
120533.1111051855 114805.3537819898
110463.8664048569 114646.8574743367
120533.1111051855 114488.3611666837
110623.6956858145 114329.8648590306
120213.4525432703 114329.8648590306
120533.1111051855 114171.3685513776
110304.0371238993 113854.3759360714
120213.4525432703 113854.3759360714
110623.6956858145 113695.8796284184
120533.1111051855 113695.8796284184
111103.1835286873 113537.3833207653
120692.9403861431 113378.8870131122
120373.2818242279 113220.3907054592
120692.9403861431 113061.8943978061
121332.2575099735 111793.9239365816
123410.0381624223 111952.4202442347
121012.5989480583 111952.4202442347
120373.2818242279 111952.4202442347
120692.9403861431 112110.9165518878
123250.2088814647 112269.4128595408
120373.2818242279 112269.4128595408
120692.9403861431 112744.9017825000
120373.2818242279 112903.3980901531

119733.9647003975 115914.8279355612
120533.1111051855 115914.8279355612
120213.4525432703 115756.3316279082
120533.1111051855 115597.8353202551
120213.4525432703 115439.3390126020
110304.0371238993 115280.8427049490
120533.1111051855 115122.3463972959
110304.0371238993 114963.8500896429
120213.4525432703 114963.8500896429
120533.1111051855 114805.3537819898
110463.8664048569 114646.8574743367
120533.1111051855 114488.3611666837
121332.2575099735 111793.9239365816
123410.0381624223 111952.4202442347
121012.5989480583 111952.4202442347
120692.9403861431 112110.9165518878
123250.2088814647 112269.4128595408
120692.9403861431 112427.9091671939
120373.2818242279 112586.4054748469
120692.9403861431 112744.9017825000
120373.2818242279 112903.3980901531
120692.9403861431 113061.8943978061
120373.2818242279 113220.3907054592
111103.1835286873 113537.3833207653
120533.1111051855 113695.8796284184
110623.6956858145 113695.8796284184
120213.4525432703 113854.3759360714
110304.0371238993 113854.3759360714
120533.1111051855 114171.3685513776
120213.4525432703 114329.8648590306
110623.6956858145 114329.8648590306

119733.9647003975 115914.8279355612
120533.1111051855 115914.8279355612
120213.4525432703 115756.3316279082
120533.1111051855 115597.8353202551
120213.4525432703 115439.3390126020
120533.1111051855 115122.3463972959
110463.8664048569 114963.8500896429
120213.4525432703 114963.8500896429
120533.1111051855 114805.3537819898
110463.8664048569 114646.8574743367
120533.1111051855 114488.3611666837
110623.6956858145 114329.8648590306
120213.4525432703 114329.8648590306
120533.1111051855 114171.3685513776
110304.0371238993 113854.3759360714
120213.4525432703 113854.3759360714
110623.6956858145 113695.8796284184
120533.1111051855 113695.8796284184
111103.1835286873 113537.3833207653
120692.9403861431 113378.8870131122
120373.2818242279 113220.3907054592
120692.9403861431 113061.8943978061
120373.2818242279 112903.3980901531
121332.2575099735 111793.9239365816
123410.0381624223 111952.4202442347
121012.5989480583 111952.4202442347
120692.9403861431 112110.9165518878
123250.2088814647 112269.4128595408
120692.9403861431 112427.9091671939
123569.8674433799 112744.9017825000
120692.9403861431 112744.9017825000

119733.9647003975 115914.8279355612
120533.1111051855 115914.8279355612
120213.4525432703 115756.3316279082
120533.1111051855 115597.8353202551
120213.4525432703 115439.3390126020
110304.0371238993 115280.8427049490
120533.1111051855 115122.3463972959
110304.0371238993 114963.8500896429
120213.4525432703 114963.8500896429
120533.1111051855 114805.3537819898
110463.8664048569 114646.8574743367
120533.1111051855 114488.3611666837
110623.6956858145 114329.8648590306
120213.4525432703 114329.8648590306
120533.1111051855 114171.3685513776
110304.0371238993 113854.3759360714
120213.4525432703 113854.3759360714
110623.6956858145 113695.8796284184
120533.1111051855 113695.8796284184
111103.1835286873 113537.3833207653
120373.2818242279 113220.3907054592
120692.9403861431 113061.8943978061
120373.2818242279 112903.3980901531
120692.9403861431 112744.9017825000
120373.2818242279 112586.4054748469
120692.9403861431 112427.9091671939
123250.2088814647 112269.4128595408
121332.2575099735 111793.9239365816
121012.5989480583 111952.4202442347
120373.2818242279 111952.4202442347
120692.9403861431 112110.9165518878

110304.0371238993 116231.8205508673
110463.8664048569 115914.8279355612
119733.9647003975 115914.8279355612
120213.4525432703 115756.3316279082
120533.1111051855 115439.3390126020
110304.0371238993 115280.8427049490
120533.1111051855 115122.3463972959
110304.0371238993 114963.8500896429
126606.6237815742 111001.4423983163
120533.1111051855 114805.3537819898
110463.8664048569 114646.8574743367
120533.1111051855 114488.3611666837
110623.6956858145 114329.8648590306
120533.1111051855 114171.3685513776
110304.0371238993 113854.3759360714
110623.6956858145 113695.8796284184
120533.1111051855 113695.8796284184
111103.1835286873 113537.3833207653
120373.2818242279 113220.3907054592
120692.9403861431 113061.8943978061
120692.9403861431 112744.9017825000
123569.8674433799 112744.9017825000
120692.9403861431 112427.9091671939
123250.2088814647 112269.4128595408
131721.1607722173 112269.4128595408
120692.9403861431 112110.9165518878
121012.5989480583 111952.4202442347
123410.0381624223 111952.4202442347
121332.2575099735 111793.9239365816
123410.0381624223 111476.9313212755
126606.6237815742 111318.4350136225

97357.8653663339 116390.3168585204
101833.0852331466 116390.3168585204
107746.7686285777 116231.8205508673
110144.2078429417 116073.3242432143
110463.8664048569 115914.8279355612
119733.9647003975 115914.8279355612
120213.4525432703 115756.3316279082
120533.1111051855 115439.3390126020
110304.0371238993 115280.8427049490
120533.1111051855 115122.3463972959
106947.6222237898 114963.8500896429
110304.0371238993 114963.8500896429
120533.1111051855 114805.3537819898
110463.8664048569 114646.8574743367
120533.1111051855 114488.3611666837
110623.6956858145 114329.8648590306
120533.1111051855 114171.3685513776
110304.0371238993 113854.3759360714
110623.6956858145 113695.8796284184
120533.1111051855 113695.8796284184
111103.1835286873 113537.3833207653
120373.2818242279 113220.3907054592
120692.9403861431 113061.8943978061
120692.9403861431 112744.9017825000
123569.8674433799 112744.9017825000
120692.9403861431 112427.9091671939
123250.2088814647 112269.4128595408
121012.5989480583 111952.4202442347
123410.0381624223 111952.4202442347
121332.2575099735 111793.9239365816
120373.2818242279 111952.4202442347

119733.9647003975 115914.8279355612
120533.1111051855 115914.8279355612
120213.4525432703 115756.3316279082
120533.1111051855 115597.8353202551
120213.4525432703 115439.3390126020
110304.0371238993 115280.8427049490
120533.1111051855 115122.3463972959
110304.0371238993 114963.8500896429
120213.4525432703 114963.8500896429
120533.1111051855 114805.3537819898
110463.8664048569 114646.8574743367
120533.1111051855 114488.3611666837
110623.6956858145 114329.8648590306
120213.4525432703 114329.8648590306
120533.1111051855 114171.3685513776
110304.0371238993 113854.3759360714
120213.4525432703 113854.3759360714
110623.6956858145 113695.8796284184
120533.1111051855 113695.8796284184
111103.1835286873 113537.3833207653
123410.0381624223 111476.9313212755
121332.2575099735 111793.9239365816
123410.0381624223 111952.4202442347
121012.5989480583 111952.4202442347
120692.9403861431 112110.9165518878
123250.2088814647 112269.4128595408
120692.9403861431 112427.9091671939
123569.8674433799 112744.9017825000
120692.9403861431 112744.9017825000
120692.9403861431 113061.8943978061
120373.2818242279 113220.3907054592

119733.9647003975 115914.8279355612
120533.1111051855 115914.8279355612
120213.4525432703 115756.3316279082
120533.1111051855 115597.8353202551
120213.4525432703 115439.3390126020
120533.1111051855 115122.3463972959
110463.8664048569 114963.8500896429
120213.4525432703 114963.8500896429
120533.1111051855 114805.3537819898
110463.8664048569 114646.8574743367
120533.1111051855 114488.3611666837
110623.6956858145 114329.8648590306
120213.4525432703 114329.8648590306
120533.1111051855 114171.3685513776
110304.0371238993 113854.3759360714
120213.4525432703 114646.8574743367
110623.6956858145 113695.8796284184
120533.1111051855 113695.8796284184
111103.1835286873 113537.3833207653
120692.9403861431 113378.8870131122
120373.2818242279 113220.3907054592
120692.9403861431 113061.8943978061
120373.2818242279 112903.3980901531
120692.9403861431 112744.9017825000
120373.2818242279 112586.4054748469
120692.9403861431 112427.9091671939
123250.2088814647 112269.4128595408
120692.9403861431 112110.9165518878
121012.5989480583 111952.4202442347
123410.0381624223 111952.4202442347
121332.2575099735 111793.9239365816

119733.9647003975 115914.8279355612
120533.1111051855 115914.8279355612
120213.4525432703 115756.3316279082
120533.1111051855 115597.8353202551
120213.4525432703 115439.3390126020
120533.1111051855 115122.3463972959
110463.8664048569 114963.8500896429
120213.4525432703 114963.8500896429
120533.1111051855 114805.3537819898
110463.8664048569 114646.8574743367
120533.1111051855 114488.3611666837
110623.6956858145 114329.8648590306
120213.4525432703 114329.8648590306
120533.1111051855 114171.3685513776
110304.0371238993 113854.3759360714
120213.4525432703 113854.3759360714
110623.6956858145 113695.8796284184
120533.1111051855 113695.8796284184
111103.1835286873 113537.3833207653
120373.2818242279 113220.3907054592
120692.9403861431 113061.8943978061
120692.9403861431 112744.9017825000
123569.8674433799 112744.9017825000
120373.2818242279 112586.4054748469
120692.9403861431 112427.9091671939
123250.2088814647 112269.4128595408
120692.9403861431 112110.9165518878
121012.5989480583 111952.4202442347
123410.0381624223 111952.4202442347
121332.2575099735 111793.9239365816
123410.0381624223 111476.9313212755

119733.9647003975 115914.8279355612
120533.1111051855 115914.8279355612
120213.4525432703 115756.3316279082
120533.1111051855 115597.8353202551
120213.4525432703 115439.3390126020
120533.1111051855 115122.3463972959
110463.8664048569 114963.8500896429
120213.4525432703 114963.8500896429
120533.1111051855 114805.3537819898
110463.8664048569 114646.8574743367
120533.1111051855 114488.3611666837
110623.6956858145 114329.8648590306
120213.4525432703 114329.8648590306
120533.1111051855 114171.3685513776
110304.0371238993 113854.3759360714
120533.1111051855 113854.3759360714
110623.6956858145 113695.8796284184
120533.1111051855 113695.8796284184
111103.1835286873 113537.3833207653
120692.9403861431 113378.8870131122
120373.2818242279 113220.3907054592
120692.9403861431 113061.8943978061
120373.2818242279 112903.3980901531
120692.9403861431 112744.9017825000
123569.8674433799 112744.9017825000
120692.9403861431 112427.9091671939
121332.2575099735 111793.9239365816
123410.0381624223 111952.4202442347
121012.5989480583 111952.4202442347
120692.9403861431 112110.9165518878
123250.2088814647 112269.4128595408

119733.9647003975 115914.8279355612
120533.1111051855 115914.8279355612
120213.4525432703 115756.3316279082
120533.1111051855 115597.8353202551
120213.4525432703 115439.3390126020
120533.1111051855 115122.3463972959
110463.8664048569 114963.8500896429
120213.4525432703 114963.8500896429
120533.1111051855 114805.3537819898
110463.8664048569 114646.8574743367
120533.1111051855 114488.3611666837
110623.6956858145 114329.8648590306
120213.4525432703 114329.8648590306
120533.1111051855 114171.3685513776
110304.0371238993 113854.3759360714
120213.4525432703 113854.3759360714
110623.6956858145 113695.8796284184
120533.1111051855 113695.8796284184
111103.1835286873 113537.3833207653
120692.9403861431 113378.8870131122
120373.2818242279 113220.3907054592
120692.9403861431 113061.8943978061
120373.2818242279 112903.3980901531
120692.9403861431 112744.9017825000
120373.2818242279 112586.4054748469
120692.9403861431 112427.9091671939
123250.2088814647 112269.4128595408
120692.9403861431 112110.9165518878
121012.5989480583 111952.4202442347
123410.0381624223 111952.4202442347
121332.2575099735 111793.9239365816

119733.9647003975 115914.8279355612
120533.1111051855 115914.8279355612
120213.4525432703 115756.3316279082
120533.1111051855 115597.8353202551
120213.4525432703 115439.3390126020
120533.1111051855 115122.3463972959
110463.8664048569 114963.8500896429
120213.4525432703 114963.8500896429
120533.1111051855 114805.3537819898
110463.8664048569 114646.8574743367
120533.1111051855 114488.3611666837
110623.6956858145 114329.8648590306
110463.8664048569 115756.3316279082
120533.1111051855 114171.3685513776
123410.0381624223 111476.9313212755
121332.2575099735 111793.9239365816
123410.0381624223 111952.4202442347
121012.5989480583 111952.4202442347
120692.9403861431 112110.9165518878
123250.2088814647 112269.4128595408
120692.9403861431 112427.9091671939
123569.8674433799 112744.9017825000
120692.9403861431 112744.9017825000
120692.9403861431 113061.8943978061
120373.2818242279 113220.3907054592
120692.9403861431 113378.8870131122
111103.1835286873 113537.3833207653
120533.1111051855 113695.8796284184
110623.6956858145 113695.8796284184
120213.4525432703 113854.3759360714
110304.0371238993 113854.3759360714

121332.2575099735 111793.9239365816
123410.0381624223 111952.4202442347
121012.5989480583 111952.4202442347
120692.9403861431 112110.9165518878
123250.2088814647 112269.4128595408
120373.2818242279 112269.4128595408
120692.9403861431 112427.9091671939
120692.9403861431 112744.9017825000
120373.2818242279 112903.3980901531
120692.9403861431 113061.8943978061
120373.2818242279 113220.3907054592
120692.9403861431 113378.8870131122
111103.1835286873 113537.3833207653
120533.1111051855 113695.8796284184
110623.6956858145 113695.8796284184
120213.4525432703 113854.3759360714
110304.0371238993 113854.3759360714
120533.1111051855 114171.3685513776
120213.4525432703 114329.8648590306
110623.6956858145 114329.8648590306
120533.1111051855 114488.3611666837
110463.8664048569 114646.8574743367
120533.1111051855 114805.3537819898
120213.4525432703 114963.8500896429
110463.8664048569 114963.8500896429
120533.1111051855 115122.3463972959
120213.4525432703 115439.3390126020
120533.1111051855 115597.8353202551
120213.4525432703 115756.3316279082
120533.1111051855 115914.8279355612
119733.9647003975 115914.8279355612

119733.9647003975 115914.8279355612
120533.1111051855 115914.8279355612
120213.4525432703 115756.3316279082
120533.1111051855 115597.8353202551
120213.4525432703 115439.3390126020
120533.1111051855 115122.3463972959
110463.8664048569 114963.8500896429
120213.4525432703 114963.8500896429
120533.1111051855 114805.3537819898
110463.8664048569 114646.8574743367
120533.1111051855 114488.3611666837
110623.6956858145 114329.8648590306
120213.4525432703 114329.8648590306
120533.1111051855 114171.3685513776
110304.0371238993 113854.3759360714
120213.4525432703 113854.3759360714
110623.6956858145 113695.8796284184
120533.1111051855 113695.8796284184
111103.1835286873 113537.3833207653
120692.9403861431 113378.8870131122
120373.2818242279 113220.3907054592
120692.9403861431 113061.8943978061
120692.9403861431 112744.9017825000
123569.8674433799 112744.9017825000
120692.9403861431 112427.9091671939
123250.2088814647 112269.4128595408
120692.9403861431 112110.9165518878
121012.5989480583 111952.4202442347
123410.0381624223 111952.4202442347
121332.2575099735 111793.9239365816
123410.0381624223 111476.9313212755

119733.9647003975 115914.8279355612
120533.1111051855 115914.8279355612
120213.4525432703 115756.3316279082
120533.1111051855 115597.8353202551
120213.4525432703 115439.3390126020
120533.1111051855 115122.3463972959
110463.8664048569 114963.8500896429
120213.4525432703 114963.8500896429
120533.1111051855 114805.3537819898
110463.8664048569 114646.8574743367
120533.1111051855 114488.3611666837
110623.6956858145 114329.8648590306
120213.4525432703 114329.8648590306
121332.2575099735 111793.9239365816
121012.5989480583 111952.4202442347
120373.2818242279 111952.4202442347
120692.9403861431 112110.9165518878
120373.2818242279 112269.4128595408
120692.9403861431 112427.9091671939
120373.2818242279 112586.4054748469
120692.9403861431 112744.9017825000
120373.2818242279 112903.3980901531
120692.9403861431 113061.8943978061
120373.2818242279 113220.3907054592
120692.9403861431 113378.8870131122
111103.1835286873 113537.3833207653
120533.1111051855 113695.8796284184
110623.6956858145 113695.8796284184
120533.1111051855 113854.3759360714
110304.0371238993 113854.3759360714
120533.1111051855 114171.3685513776

119733.9647003975 115914.8279355612
120533.1111051855 115914.8279355612
120213.4525432703 115756.3316279082
120533.1111051855 115597.8353202551
120213.4525432703 115439.3390126020
120533.1111051855 115122.3463972959
110463.8664048569 114963.8500896429
120213.4525432703 114963.8500896429
120533.1111051855 114805.3537819898
110463.8664048569 114646.8574743367
120533.1111051855 114488.3611666837
110623.6956858145 114329.8648590306
120213.4525432703 114329.8648590306
120533.1111051855 114171.3685513776
110304.0371238993 113854.3759360714
120213.4525432703 113854.3759360714
110623.6956858145 113695.8796284184
120533.1111051855 113695.8796284184
111103.1835286873 113537.3833207653
120692.9403861431 113378.8870131122
120373.2818242279 113220.3907054592
120692.9403861431 113061.8943978061
120373.2818242279 112903.3980901531
120692.9403861431 112744.9017825000
121332.2575099735 111793.9239365816
121012.5989480583 111952.4202442347
120373.2818242279 111952.4202442347
120692.9403861431 112110.9165518878
120373.2818242279 112269.4128595408
120692.9403861431 112427.9091671939
120373.2818242279 112586.4054748469

119733.9647003975 115914.8279355612
120533.1111051855 115914.8279355612
120213.4525432703 115756.3316279082
120533.1111051855 115597.8353202551
120213.4525432703 115439.3390126020
120533.1111051855 115122.3463972959
110463.8664048569 114963.8500896429
120213.4525432703 114963.8500896429
120533.1111051855 114805.3537819898
110463.8664048569 114646.8574743367
120533.1111051855 114488.3611666837
110623.6956858145 114329.8648590306
120213.4525432703 114329.8648590306
120533.1111051855 114171.3685513776
110304.0371238993 113854.3759360714
120213.4525432703 113854.3759360714
110623.6956858145 113695.8796284184
120533.1111051855 113695.8796284184
111103.1835286873 113537.3833207653
120692.9403861431 113378.8870131122
120373.2818242279 113220.3907054592
120692.9403861431 113061.8943978061
120373.2818242279 112903.3980901531
120692.9403861431 112744.9017825000
120692.9403861431 112427.9091671939
123250.2088814647 112269.4128595408
120692.9403861431 112110.9165518878
121012.5989480583 111952.4202442347
123410.0381624223 111952.4202442347
121332.2575099735 111793.9239365816
123410.0381624223 111476.9313212755

94800.5968710124 116390.3168585204
97357.8653663339 116390.3168585204
96239.0603996307 116231.8205508673
110144.2078429417 116073.3242432143
110463.8664048569 115914.8279355612
119733.9647003975 115914.8279355612
120213.4525432703 115756.3316279082
107267.2807857049 115597.8353202551
120533.1111051855 115439.3390126020
106148.4758190018 115280.8427049490
110304.0371238993 115280.8427049490
120533.1111051855 115122.3463972959
110304.0371238993 114963.8500896429
106627.9636618746 114805.3537819898
120533.1111051855 114805.3537819898
106627.9636618746 114488.3611666837
110304.0371238993 114488.3611666837
120533.1111051855 114488.3611666837
110623.6956858145 114329.8648590306
120533.1111051855 114171.3685513776
112541.6470573056 114012.8722437245
110304.0371238993 113854.3759360714
110623.6956858145 113695.8796284184
120533.1111051855 113695.8796284184
111103.1835286873 113537.3833207653
120373.2818242279 113220.3907054592
120692.9403861431 113061.8943978061
120373.2818242279 112269.4128595408
120692.9403861431 112110.9165518878
121332.2575099735 111793.9239365816
121012.5989480583 111952.4202442347

94800.5968710124 116390.3168585204
97357.8653663339 116390.3168585204
96239.0603996307 116231.8205508673
110144.2078429417 116073.3242432143
101673.2559521891 115914.8279355612
110463.8664048569 115914.8279355612
119733.9647003975 115914.8279355612
120213.4525432703 115756.3316279082
107267.2807857049 115597.8353202551
120533.1111051855 115439.3390126020
106148.4758190018 115280.8427049490
110304.0371238993 115280.8427049490
120533.1111051855 115122.3463972959
110304.0371238993 114963.8500896429
106627.9636618746 114805.3537819898
106627.9636618746 114488.3611666837
110304.0371238993 114488.3611666837
120533.1111051855 114488.3611666837
110623.6956858145 114329.8648590306
120533.1111051855 114171.3685513776
112541.6470573056 114012.8722437245
110304.0371238993 113854.3759360714
110623.6956858145 113695.8796284184
120533.1111051855 113695.8796284184
111103.1835286873 113537.3833207653
120373.2818242279 113220.3907054592
120692.9403861431 113061.8943978061
120373.2818242279 112269.4128595408
120692.9403861431 112110.9165518878
121012.5989480583 111952.4202442347
121332.2575099735 111793.9239365816

94640.7675900548 116548.8131661735
97357.8653663339 116390.3168585204
98157.0117711219 116390.3168585204
102312.5730760194 116390.3168585204
100874.1095474011 116073.3242432143
107267.2807857049 116073.3242432143
110144.2078429417 116073.3242432143
110463.8664048569 115914.8279355612
120213.4525432703 115756.3316279082
101673.2559521891 115597.8353202551
102951.8901998498 115597.8353202551
104230.5244475106 115280.8427049490
106947.6222237898 115280.8427049490
110304.0371238993 115280.8427049490
110304.0371238993 114963.8500896429
120533.1111051855 114805.3537819898
106627.9636618746 114488.3611666837
110304.0371238993 114488.3611666837
120533.1111051855 114488.3611666837
110623.6956858145 114329.8648590306
112541.6470573056 114012.8722437245
110304.0371238993 113854.3759360714
110623.6956858145 113695.8796284184
120533.1111051855 113695.8796284184
111103.1835286873 113537.3833207653
113340.7934620936 113220.3907054592
120692.9403861431 113061.8943978061
120373.2818242279 112269.4128595408
120692.9403861431 112110.9165518878
137794.6734486060 108940.9903988265
137315.1856057332 109099.4867064796

119733.9647003975 115914.8279355612
120533.1111051855 115914.8279355612
120213.4525432703 115756.3316279082
120213.4525432703 115439.3390126020
120533.1111051855 115439.3390126020
120533.1111051855 115122.3463972959
110463.8664048569 114963.8500896429
120213.4525432703 114963.8500896429
120533.1111051855 114805.3537819898
110463.8664048569 114646.8574743367
120533.1111051855 114488.3611666837
110623.6956858145 114329.8648590306
120213.4525432703 114329.8648590306
120533.1111051855 114171.3685513776
110304.0371238993 113854.3759360714
120533.1111051855 113854.3759360714
110623.6956858145 113695.8796284184
121332.2575099735 111793.9239365816
121012.5989480583 111952.4202442347
120373.2818242279 111952.4202442347
120692.9403861431 112110.9165518878
120373.2818242279 112269.4128595408
120692.9403861431 112427.9091671939
120373.2818242279 112586.4054748469
120692.9403861431 112744.9017825000
120373.2818242279 112903.3980901531
120692.9403861431 113061.8943978061
120373.2818242279 113220.3907054592
120692.9403861431 113378.8870131122
120373.2818242279 113537.3833207653
111103.1835286873 113537.3833207653

97357.8653663339 116390.3168585204
110144.2078429417 116073.3242432143
112701.4763382633 113537.3833207653
110463.8664048569 115914.8279355612
119733.9647003975 115914.8279355612
120213.4525432703 115756.3316279082
120533.1111051855 115439.3390126020
110304.0371238993 115280.8427049490
120533.1111051855 115122.3463972959
110304.0371238993 114963.8500896429
106627.9636618746 114805.3537819898
120533.1111051855 114805.3537819898
110463.8664048569 114646.8574743367
120533.1111051855 114488.3611666837
110623.6956858145 114329.8648590306
120533.1111051855 114171.3685513776
110304.0371238993 113854.3759360714
110623.6956858145 113695.8796284184
120533.1111051855 113695.8796284184
111103.1835286873 113537.3833207653
113500.6227430512 113378.8870131122
120373.2818242279 113220.3907054592
120692.9403861431 113061.8943978061
120692.9403861431 112744.9017825000
123569.8674433799 112744.9017825000
120692.9403861431 112427.9091671939
120692.9403861431 112110.9165518878
121012.5989480583 111952.4202442347
123410.0381624223 111952.4202442347
121332.2575099735 111793.9239365816
123410.0381624223 111476.9313212755

119733.9647003975 115914.8279355612
120533.1111051855 115914.8279355612
120213.4525432703 115756.3316279082
120213.4525432703 115439.3390126020
120533.1111051855 115439.3390126020
110304.0371238993 115280.8427049490
120533.1111051855 115122.3463972959
110304.0371238993 114963.8500896429
120533.1111051855 114805.3537819898
110304.0371238993 114488.3611666837
120533.1111051855 114488.3611666837
110623.6956858145 114329.8648590306
120213.4525432703 114329.8648590306
120533.1111051855 114171.3685513776
110304.0371238993 113854.3759360714
120213.4525432703 113854.3759360714
110623.6956858145 113695.8796284184
120533.1111051855 113695.8796284184
111103.1835286873 113537.3833207653
120692.9403861431 113378.8870131122
120373.2818242279 113220.3907054592
120692.9403861431 113061.8943978061
120692.9403861431 112744.9017825000
123569.8674433799 112744.9017825000
121332.2575099735 111793.9239365816
123410.0381624223 111952.4202442347
121012.5989480583 111952.4202442347
120692.9403861431 112110.9165518878
123250.2088814647 112269.4128595408
120373.2818242279 112269.4128595408
120692.9403861431 112427.9091671939

97357.8653663339 116390.3168585204
110144.2078429417 116073.3242432143
110463.8664048569 115914.8279355612
119733.9647003975 115914.8279355612
120213.4525432703 115756.3316279082
106308.3050999594 115439.3390126020
120533.1111051855 115439.3390126020
110304.0371238993 115280.8427049490
120533.1111051855 115122.3463972959
110304.0371238993 114963.8500896429
106627.9636618746 114805.3537819898
120533.1111051855 114805.3537819898
110463.8664048569 114646.8574743367
120533.1111051855 114488.3611666837
110623.6956858145 114329.8648590306
120533.1111051855 114171.3685513776
110304.0371238993 113854.3759360714
110623.6956858145 113695.8796284184
120533.1111051855 113695.8796284184
111103.1835286873 113537.3833207653
120373.2818242279 113220.3907054592
120692.9403861431 113061.8943978061
123410.0381624223 111476.9313212755
121332.2575099735 111793.9239365816
123410.0381624223 111952.4202442347
121012.5989480583 111952.4202442347
120692.9403861431 112110.9165518878
123250.2088814647 112269.4128595408
120692.9403861431 112427.9091671939
123569.8674433799 112744.9017825000
120692.9403861431 112744.9017825000

94480.9383090972 116548.8131661735
97357.8653663339 116390.3168585204
110144.2078429417 116073.3242432143
110463.8664048569 115914.8279355612
120213.4525432703 115756.3316279082
107267.2807857049 115597.8353202551
120533.1111051855 115439.3390126020
106148.4758190018 115280.8427049490
110304.0371238993 115280.8427049490
120533.1111051855 115122.3463972959
110304.0371238993 114963.8500896429
120533.1111051855 114805.3537819898
106627.9636618746 114488.3611666837
110304.0371238993 114488.3611666837
120533.1111051855 114488.3611666837
110623.6956858145 114329.8648590306
120533.1111051855 114171.3685513776
110304.0371238993 113854.3759360714
110623.6956858145 113695.8796284184
120533.1111051855 113695.8796284184
111103.1835286873 113537.3833207653
112701.4763382633 113537.3833207653
112861.3056192208 113220.3907054592
120373.2818242279 113220.3907054592
120692.9403861431 113061.8943978061
120692.9403861431 112744.9017825000
121332.2575099735 111793.9239365816
123410.0381624223 111952.4202442347
121012.5989480583 111952.4202442347
120692.9403861431 112110.9165518878
120373.2818242279 112269.4128595408

97357.8653663339 116390.3168585204
110144.2078429417 116073.3242432143
110463.8664048569 115914.8279355612
119733.9647003975 115914.8279355612
120213.4525432703 115756.3316279082
120533.1111051855 115439.3390126020
110304.0371238993 115280.8427049490
120533.1111051855 115122.3463972959
110304.0371238993 114963.8500896429
106627.9636618746 114805.3537819898
120533.1111051855 114805.3537819898
123410.0381624223 111476.9313212755
121332.2575099735 111793.9239365816
123410.0381624223 111952.4202442347
121012.5989480583 111952.4202442347
120692.9403861431 112110.9165518878
123250.2088814647 112269.4128595408
120692.9403861431 112427.9091671939
123569.8674433799 112744.9017825000
120692.9403861431 112744.9017825000
120692.9403861431 113061.8943978061
120373.2818242279 113220.3907054592
112381.8177763481 113378.8870131122
111103.1835286873 113537.3833207653
120533.1111051855 113695.8796284184
110623.6956858145 113695.8796284184
110304.0371238993 113854.3759360714
120533.1111051855 114171.3685513776
110623.6956858145 114329.8648590306
120533.1111051855 114488.3611666837
110463.8664048569 114646.8574743367

97357.8653663339 116390.3168585204
110144.2078429417 116073.3242432143
106787.7929428322 115914.8279355612
110463.8664048569 115914.8279355612
112701.4763382633 114012.8722437245
120213.4525432703 115756.3316279082
120533.1111051855 115439.3390126020
110304.0371238993 115280.8427049490
120533.1111051855 115122.3463972959
107427.1100666626 114963.8500896429
110304.0371238993 114963.8500896429
120533.1111051855 114805.3537819898
110463.8664048569 114646.8574743367
120533.1111051855 114488.3611666837
110623.6956858145 114329.8648590306
120533.1111051855 114171.3685513776
110304.0371238993 113854.3759360714
110623.6956858145 113695.8796284184
120533.1111051855 113695.8796284184
111103.1835286873 113537.3833207653
112221.9884953905 113378.8870131122
120692.9403861431 113378.8870131122
120692.9403861431 113061.8943978061
120692.9403861431 112744.9017825000
123569.8674433799 112744.9017825000
120692.9403861431 112427.9091671939
123250.2088814647 112269.4128595408
120692.9403861431 112110.9165518878
121012.5989480583 111952.4202442347
123410.0381624223 111952.4202442347
121332.2575099735 111793.9239365816

97357.8653663339 116390.3168585204
110144.2078429417 116073.3242432143
106787.7929428322 115914.8279355612
110463.8664048569 115914.8279355612
119733.9647003975 115914.8279355612
120213.4525432703 115756.3316279082
120533.1111051855 115439.3390126020
110304.0371238993 115280.8427049490
120533.1111051855 115122.3463972959
107427.1100666626 114963.8500896429
110304.0371238993 114963.8500896429
120533.1111051855 114805.3537819898
110463.8664048569 114646.8574743367
120533.1111051855 114488.3611666837
110623.6956858145 114329.8648590306
120533.1111051855 114171.3685513776
110304.0371238993 113854.3759360714
110623.6956858145 113695.8796284184
120533.1111051855 113695.8796284184
111103.1835286873 113537.3833207653
112221.9884953905 113378.8870131122
120692.9403861431 113378.8870131122
120692.9403861431 113061.8943978061
120692.9403861431 112744.9017825000
123410.0381624223 111476.9313212755
121332.2575099735 111793.9239365816
123410.0381624223 111952.4202442347
121012.5989480583 111952.4202442347
120692.9403861431 112110.9165518878
123250.2088814647 112269.4128595408
120692.9403861431 112427.9091671939

97357.8653663339 116390.3168585204
110144.2078429417 116073.3242432143
110463.8664048569 115914.8279355612
119733.9647003975 115914.8279355612
106627.9636618746 114805.3537819898
120213.4525432703 115756.3316279082
120533.1111051855 115439.3390126020
110304.0371238993 115280.8427049490
120533.1111051855 115122.3463972959
110304.0371238993 114963.8500896429
120533.1111051855 114805.3537819898
110463.8664048569 114646.8574743367
120533.1111051855 114488.3611666837
110623.6956858145 114329.8648590306
120533.1111051855 114171.3685513776
110304.0371238993 113854.3759360714
110623.6956858145 113695.8796284184
120533.1111051855 113695.8796284184
111103.1835286873 113537.3833207653
126606.6237815742 111318.4350136225
120373.2818242279 113220.3907054592
120692.9403861431 113061.8943978061
120692.9403861431 112744.9017825000
123569.8674433799 112744.9017825000
120692.9403861431 112427.9091671939
123250.2088814647 112269.4128595408
120692.9403861431 112110.9165518878
121012.5989480583 111952.4202442347
123410.0381624223 111952.4202442347
121332.2575099735 111793.9239365816
123410.0381624223 111476.9313212755

97357.8653663339 116390.3168585204
110144.2078429417 116073.3242432143
110463.8664048569 115914.8279355612
119733.9647003975 115914.8279355612
120213.4525432703 115756.3316279082
120533.1111051855 115439.3390126020
123569.8674433799 115439.3390126020
110304.0371238993 115280.8427049490
120533.1111051855 115122.3463972959
110304.0371238993 114963.8500896429
120533.1111051855 114805.3537819898
110463.8664048569 114646.8574743367
120533.1111051855 114488.3611666837
110623.6956858145 114329.8648590306
120533.1111051855 114171.3685513776
110304.0371238993 113854.3759360714
110623.6956858145 113695.8796284184
120533.1111051855 113695.8796284184
111103.1835286873 113537.3833207653
126606.6237815742 111159.9387059694
123410.0381624223 111476.9313212755
121332.2575099735 111793.9239365816
123410.0381624223 111952.4202442347
121012.5989480583 111952.4202442347
120692.9403861431 112110.9165518878
123250.2088814647 112269.4128595408
120692.9403861431 112427.9091671939
123569.8674433799 112744.9017825000
120692.9403861431 112744.9017825000
120692.9403861431 113061.8943978061
120373.2818242279 113220.3907054592

94640.7675900548 116548.8131661735
97357.8653663339 116390.3168585204
102312.5730760194 116390.3168585204
107267.2807857049 116073.3242432143
110144.2078429417 116073.3242432143
110463.8664048569 115914.8279355612
119733.9647003975 115914.8279355612
120213.4525432703 115756.3316279082
101673.2559521891 115597.8353202551
120533.1111051855 115439.3390126020
106947.6222237898 115280.8427049490
110304.0371238993 115280.8427049490
120533.1111051855 115122.3463972959
110304.0371238993 114963.8500896429
120533.1111051855 114805.3537819898
106627.9636618746 114488.3611666837
110304.0371238993 114488.3611666837
120533.1111051855 114488.3611666837
110623.6956858145 114329.8648590306
120533.1111051855 114171.3685513776
112541.6470573056 114012.8722437245
110304.0371238993 113854.3759360714
110623.6956858145 113695.8796284184
120533.1111051855 113695.8796284184
111103.1835286873 113537.3833207653
113340.7934620936 113220.3907054592
120373.2818242279 113220.3907054592
120692.9403861431 113061.8943978061
137794.6734486060 108940.9903988265
137315.1856057332 109099.4867064796
136835.6977628604 109574.9756294388

94640.7675900548 116548.8131661735
97357.8653663339 116390.3168585204
102312.5730760194 116390.3168585204
107267.2807857049 116073.3242432143
110144.2078429417 116073.3242432143
110463.8664048569 115914.8279355612
119733.9647003975 115914.8279355612
120213.4525432703 115756.3316279082
101673.2559521891 115597.8353202551
120533.1111051855 115439.3390126020
106947.6222237898 115280.8427049490
110304.0371238993 115280.8427049490
120533.1111051855 115122.3463972959
110304.0371238993 114963.8500896429
120533.1111051855 114805.3537819898
106627.9636618746 114488.3611666837
110304.0371238993 114488.3611666837
120533.1111051855 114488.3611666837
110623.6956858145 114329.8648590306
120533.1111051855 114171.3685513776
112541.6470573056 114012.8722437245
110304.0371238993 113854.3759360714
110623.6956858145 113695.8796284184
120533.1111051855 113695.8796284184
111103.1835286873 113537.3833207653
113340.7934620936 113220.3907054592
120373.2818242279 113220.3907054592
120692.9403861431 113061.8943978061
120373.2818242279 112269.4128595408
120692.9403861431 112110.9165518878
121012.5989480583 111952.4202442347

94480.9383090972 116548.8131661735
97357.8653663339 116390.3168585204
110144.2078429417 116073.3242432143
110463.8664048569 115914.8279355612
106468.1343809170 114805.3537819898
120213.4525432703 115756.3316279082
107267.2807857049 115597.8353202551
120533.1111051855 115439.3390126020
110304.0371238993 115280.8427049490
120533.1111051855 115122.3463972959
110304.0371238993 114963.8500896429
120533.1111051855 114805.3537819898
106627.9636618746 114488.3611666837
110304.0371238993 114488.3611666837
120533.1111051855 114488.3611666837
110623.6956858145 114329.8648590306
120533.1111051855 114171.3685513776
123410.0381624223 111952.4202442347
121012.5989480583 111952.4202442347
120692.9403861431 112110.9165518878
123250.2088814647 112269.4128595408
120692.9403861431 112427.9091671939
123410.0381624223 112744.9017825000
120692.9403861431 112744.9017825000
120692.9403861431 113061.8943978061
120373.2818242279 113220.3907054592
112701.4763382633 113537.3833207653
111103.1835286873 113537.3833207653
120533.1111051855 113695.8796284184
110623.6956858145 113695.8796284184
110304.0371238993 113854.3759360714

94480.9383090972 116548.8131661735
97357.8653663339 116390.3168585204
110144.2078429417 116073.3242432143
110463.8664048569 115914.8279355612
119733.9647003975 115914.8279355612
120213.4525432703 115756.3316279082
107267.2807857049 115597.8353202551
120533.1111051855 115439.3390126020
110304.0371238993 115280.8427049490
120533.1111051855 115122.3463972959
110304.0371238993 114963.8500896429
120533.1111051855 114805.3537819898
106627.9636618746 114488.3611666837
110304.0371238993 114488.3611666837
120533.1111051855 114488.3611666837
110623.6956858145 114329.8648590306
120533.1111051855 114171.3685513776
123410.0381624223 111952.4202442347
121012.5989480583 111952.4202442347
120692.9403861431 112110.9165518878
123250.2088814647 112269.4128595408
120692.9403861431 112427.9091671939
123410.0381624223 112744.9017825000
120692.9403861431 112744.9017825000
120692.9403861431 113061.8943978061
120373.2818242279 113220.3907054592
106308.3050999594 114646.8574743367
111103.1835286873 113537.3833207653
120533.1111051855 113695.8796284184
110623.6956858145 113695.8796284184
110304.0371238993 113854.3759360714

119733.9647003975 115914.8279355612
120373.2818242279 115914.8279355612
120533.1111051855 115914.8279355612
121332.2575099735 111793.9239365816
121012.5989480583 111952.4202442347
120373.2818242279 111952.4202442347
120692.9403861431 112110.9165518878
120373.2818242279 112269.4128595408
120692.9403861431 112427.9091671939
120373.2818242279 112586.4054748469
120692.9403861431 112744.9017825000
120373.2818242279 112903.3980901531
120692.9403861431 113061.8943978061
120373.2818242279 113220.3907054592
120692.9403861431 113378.8870131122
120373.2818242279 113537.3833207653
111103.1835286873 113537.3833207653
120533.1111051855 113695.8796284184
110623.6956858145 113695.8796284184
120213.4525432703 113854.3759360714
110304.0371238993 113854.3759360714
120533.1111051855 114171.3685513776
120213.4525432703 114329.8648590306
110623.6956858145 114329.8648590306
120533.1111051855 114488.3611666837
110463.8664048569 114646.8574743367
120533.1111051855 114805.3537819898
120213.4525432703 114963.8500896429
120533.1111051855 115122.3463972959
120533.1111051855 115439.3390126020
120213.4525432703 115439.3390126020

94480.9383090972 116548.8131661735
97357.8653663339 116390.3168585204
110144.2078429417 116073.3242432143
110463.8664048569 115914.8279355612
119733.9647003975 115914.8279355612
120213.4525432703 115756.3316279082
107267.2807857049 115597.8353202551
120533.1111051855 115439.3390126020
110304.0371238993 115280.8427049490
120533.1111051855 115122.3463972959
110304.0371238993 114963.8500896429
120533.1111051855 114805.3537819898
106627.9636618746 114488.3611666837
110304.0371238993 114488.3611666837
120533.1111051855 114488.3611666837
110623.6956858145 114329.8648590306
120533.1111051855 114171.3685513776
110304.0371238993 113854.3759360714
110623.6956858145 113695.8796284184
120533.1111051855 113695.8796284184
111103.1835286873 113537.3833207653
112701.4763382633 113537.3833207653
120373.2818242279 113220.3907054592
120692.9403861431 113061.8943978061
121332.2575099735 111793.9239365816
123410.0381624223 111952.4202442347
121012.5989480583 111952.4202442347
120692.9403861431 112110.9165518878
123250.2088814647 112269.4128595408
120692.9403861431 112427.9091671939
120373.2818242279 112586.4054748469

94321.1090281396 116548.8131661735
95120.2554329276 116548.8131661735
97198.0360853763 116231.8205508673
97997.1824901643 116231.8205508673
107586.9393476201 116231.8205508673
106468.1343809170 116073.3242432143
110144.2078429417 116073.3242432143
110463.8664048569 115914.8279355612
119733.9647003975 115914.8279355612
120533.1111051855 115914.8279355612
120533.1111051855 115439.3390126020
102632.2316379346 115280.8427049490
110304.0371238993 115280.8427049490
107107.4515047474 115122.3463972959
110304.0371238993 114963.8500896429
120213.4525432703 114963.8500896429
120533.1111051855 114805.3537819898
106627.9636618746 114488.3611666837
110304.0371238993 114488.3611666837
110623.6956858145 114329.8648590306
112861.3056192208 114171.3685513776
120533.1111051855 114171.3685513776
110304.0371238993 113854.3759360714
113180.9641811360 113854.3759360714
110623.6956858145 113695.8796284184
120533.1111051855 113695.8796284184
137794.6734486060 108940.9903988265
137315.1856057332 109099.4867064796
120692.9403861431 113061.8943978061
120373.2818242279 113220.3907054592
111103.1835286873 113537.3833207653

112221.9884953905 113378.8870131122
97357.8653663339 116390.3168585204
110144.2078429417 116073.3242432143
110463.8664048569 115914.8279355612
119733.9647003975 115914.8279355612
120213.4525432703 115756.3316279082
120533.1111051855 115439.3390126020
110304.0371238993 115280.8427049490
120533.1111051855 115122.3463972959
110304.0371238993 114963.8500896429
120533.1111051855 114805.3537819898
110463.8664048569 114646.8574743367
120533.1111051855 114488.3611666837
110623.6956858145 114329.8648590306
120533.1111051855 114171.3685513776
110304.0371238993 113854.3759360714
110623.6956858145 113695.8796284184
120533.1111051855 113695.8796284184
111103.1835286873 113537.3833207653
120692.9403861431 113378.8870131122
120373.2818242279 112903.3980901531
120692.9403861431 112744.9017825000
123569.8674433799 112744.9017825000
120692.9403861431 112427.9091671939
123250.2088814647 112269.4128595408
120692.9403861431 112110.9165518878
121012.5989480583 111952.4202442347
123410.0381624223 111952.4202442347
121332.2575099735 111793.9239365816
123410.0381624223 111476.9313212755
126446.7945006166 111159.9387059694

94321.1090281396 116548.8131661735
95120.2554329276 116548.8131661735
97198.0360853763 116231.8205508673
97997.1824901643 116231.8205508673
107586.9393476201 116231.8205508673
106468.1343809170 116073.3242432143
110144.2078429417 116073.3242432143
110463.8664048569 115914.8279355612
119733.9647003975 115914.8279355612
120533.1111051855 115914.8279355612
120533.1111051855 115439.3390126020
102632.2316379346 115280.8427049490
110304.0371238993 115280.8427049490
107107.4515047474 115122.3463972959
110304.0371238993 114963.8500896429
100074.9631426131 115439.3390126020
120533.1111051855 114805.3537819898
106627.9636618746 114488.3611666837
110304.0371238993 114488.3611666837
110623.6956858145 114329.8648590306
112861.3056192208 114171.3685513776
120533.1111051855 114171.3685513776
110304.0371238993 113854.3759360714
120533.1111051855 114488.3611666837
110623.6956858145 113695.8796284184
120533.1111051855 113695.8796284184
111103.1835286873 113537.3833207653
120373.2818242279 113220.3907054592
120692.9403861431 113061.8943978061
137794.6734486060 108940.9903988265
137315.1856057332 109099.4867064796

94321.1090281396 116548.8131661735
95120.2554329276 116548.8131661735
97198.0360853763 116231.8205508673
97997.1824901643 116231.8205508673
107586.9393476201 116231.8205508673
106468.1343809170 116073.3242432143
110144.2078429417 116073.3242432143
110463.8664048569 115914.8279355612
119733.9647003975 115914.8279355612
120533.1111051855 115914.8279355612
120533.1111051855 115439.3390126020
102632.2316379346 115280.8427049490
110304.0371238993 115280.8427049490
107107.4515047474 115122.3463972959
110304.0371238993 114963.8500896429
120213.4525432703 114963.8500896429
120533.1111051855 114805.3537819898
106627.9636618746 114488.3611666837
110304.0371238993 114488.3611666837
110623.6956858145 114329.8648590306
112861.3056192208 114171.3685513776
120533.1111051855 114171.3685513776
110304.0371238993 113854.3759360714
120533.1111051855 114488.3611666837
110623.6956858145 113695.8796284184
120533.1111051855 113695.8796284184
111103.1835286873 113537.3833207653
120373.2818242279 113220.3907054592
120692.9403861431 113061.8943978061
137794.6734486060 108940.9903988265
137315.1856057332 109099.4867064796

119733.9647003975 115914.8279355612
120533.1111051855 115914.8279355612
120213.4525432703 115756.3316279082
121332.2575099735 111793.9239365816
121012.5989480583 111952.4202442347
120373.2818242279 111952.4202442347
120692.9403861431 112110.9165518878
120373.2818242279 112269.4128595408
120692.9403861431 112427.9091671939
120373.2818242279 112586.4054748469
120692.9403861431 112744.9017825000
120373.2818242279 112903.3980901531
120692.9403861431 113061.8943978061
120373.2818242279 113220.3907054592
120692.9403861431 113378.8870131122
120373.2818242279 113537.3833207653
111103.1835286873 113537.3833207653
120533.1111051855 113695.8796284184
110623.6956858145 113695.8796284184
120213.4525432703 113854.3759360714
110304.0371238993 113854.3759360714
120533.1111051855 114171.3685513776
120213.4525432703 114329.8648590306
110623.6956858145 114329.8648590306
120533.1111051855 114488.3611666837
110463.8664048569 114646.8574743367
120533.1111051855 114805.3537819898
120213.4525432703 114963.8500896429
120533.1111051855 115122.3463972959
120533.1111051855 115439.3390126020
120213.4525432703 115439.3390126020

110463.8664048569 115914.8279355612
119733.9647003975 115914.8279355612
120533.1111051855 115914.8279355612
120213.4525432703 115756.3316279082
120533.1111051855 115439.3390126020
110304.0371238993 115280.8427049490
120533.1111051855 115122.3463972959
110304.0371238993 114963.8500896429
120213.4525432703 114963.8500896429
120533.1111051855 114805.3537819898
110463.8664048569 114646.8574743367
120533.1111051855 114488.3611666837
110623.6956858145 114329.8648590306
120533.1111051855 114171.3685513776
123410.0381624223 111476.9313212755
121332.2575099735 111793.9239365816
123410.0381624223 111952.4202442347
121012.5989480583 111952.4202442347
120692.9403861431 112110.9165518878
123250.2088814647 112269.4128595408
120692.9403861431 112427.9091671939
123569.8674433799 112744.9017825000
120692.9403861431 112744.9017825000
120373.2818242279 112903.3980901531
120692.9403861431 113061.8943978061
120373.2818242279 113220.3907054592
111103.1835286873 113537.3833207653
120533.1111051855 113695.8796284184
110623.6956858145 113695.8796284184
110304.0371238993 113854.3759360714
120213.4525432703 115280.8427049490

97357.8653663339 116390.3168585204
110144.2078429417 116073.3242432143
110463.8664048569 115914.8279355612
119733.9647003975 115914.8279355612
120213.4525432703 115756.3316279082
137794.6734486060 108940.9903988265
137315.1856057332 109099.4867064796
136835.6977628604 109574.9756294388
110623.6956858145 113695.8796284184
110943.3542477297 114171.3685513776
113820.2813049664 114329.8648590306
110623.6956858145 114329.8648590306
112861.3056192208 114488.3611666837
110304.0371238993 114488.3611666837
109984.3785619841 114805.3537819898
106627.9636618746 114963.8500896429
107427.1100666626 115122.3463972959
110304.0371238993 115439.3390126020
106787.7929428322 115439.3390126020
102951.8901998498 115597.8353202551
101992.9145141042 115756.3316279082
101513.4266712315 115914.8279355612
97997.1824901643 115914.8279355612
106947.6222237898 116073.3242432143
104390.3537284682 116073.3242432143
101033.9388283587 116073.3242432143
97517.6946472915 116073.3242432143
106468.1343809170 116231.8205508673
95919.4018377155 116231.8205508673
100874.1095474011 116390.3168585204
96718.5482425035 116390.3168585204

94321.1090281396 116548.8131661735
97198.0360853763 116231.8205508673
107586.9393476201 116231.8205508673
106308.3050999594 116073.3242432143
110144.2078429417 116073.3242432143
100554.4509854859 115914.8279355612
110463.8664048569 115914.8279355612
120533.1111051855 115914.8279355612
120533.1111051855 115439.3390126020
102632.2316379346 115280.8427049490
110304.0371238993 115280.8427049490
107107.4515047474 115122.3463972959
110304.0371238993 114963.8500896429
120213.4525432703 114963.8500896429
120533.1111051855 114805.3537819898
106627.9636618746 114488.3611666837
110304.0371238993 114488.3611666837
110623.6956858145 114329.8648590306
112861.3056192208 114171.3685513776
120533.1111051855 114171.3685513776
110304.0371238993 113854.3759360714
113180.9641811360 113854.3759360714
110623.6956858145 113695.8796284184
120533.1111051855 113695.8796284184
111103.1835286873 113537.3833207653
120373.2818242279 113220.3907054592
120692.9403861431 113061.8943978061
120692.9403861431 112427.9091671939
137794.6734486060 108940.9903988265
137315.1856057332 109099.4867064796
136835.6977628604 109574.9756294388

94321.1090281396 116548.8131661735
95439.9139948428 116548.8131661735
96718.5482425035 116390.3168585204
97357.8653663339 116390.3168585204
101353.5973902738 116390.3168585204
95919.4018377155 116231.8205508673
106468.1343809170 116231.8205508673
97517.6946472915 116073.3242432143
106947.6222237898 116073.3242432143
110144.2078429417 116073.3242432143
97997.1824901643 115914.8279355612
101513.4266712315 115914.8279355612
110463.8664048569 115914.8279355612
101992.9145141042 115756.3316279082
106787.7929428322 115439.3390126020
110304.0371238993 115439.3390126020
107427.1100666626 115122.3463972959
106627.9636618746 114963.8500896429
119893.7939813551 114963.8500896429
110304.0371238993 114646.8574743367
109185.2321571961 114329.8648590306
110623.6956858145 114329.8648590306
112861.3056192208 114171.3685513776
110304.0371238993 113854.3759360714
113180.9641811360 113854.3759360714
120213.4525432703 113854.3759360714
110623.6956858145 113695.8796284184
111103.1835286873 113537.3833207653
120692.9403861431 113061.8943978061
137315.1856057332 109099.4867064796
136835.6977628604 109574.9756294388

137794.6734486060 108940.9903988265
137315.1856057332 109099.4867064796
120692.9403861431 113061.8943978061
111103.1835286873 113537.3833207653
120533.1111051855 113695.8796284184
110623.6956858145 113695.8796284184
120213.4525432703 113854.3759360714
113180.9641811360 113854.3759360714
110304.0371238993 113854.3759360714
112861.3056192208 114171.3685513776
110623.6956858145 114329.8648590306
109185.2321571961 114329.8648590306
110304.0371238993 114646.8574743367
106627.9636618746 114963.8500896429
107427.1100666626 115122.3463972959
110304.0371238993 115439.3390126020
106787.7929428322 115439.3390126020
101992.9145141042 115756.3316279082
119893.7939813551 115914.8279355612
110463.8664048569 115914.8279355612
101513.4266712315 115914.8279355612
97997.1824901643 115914.8279355612
110144.2078429417 116073.3242432143
106947.6222237898 116073.3242432143
97517.6946472915 116073.3242432143
106468.1343809170 116231.8205508673
95919.4018377155 116231.8205508673
101353.5973902738 116390.3168585204
97357.8653663339 116390.3168585204
95439.9139948428 116548.8131661735
94321.1090281396 116548.8131661735

119733.9647003975 115914.8279355612
120533.1111051855 115914.8279355612
137794.6734486060 108940.9903988265
137315.1856057332 109099.4867064796
120692.9403861431 113061.8943978061
111103.1835286873 113537.3833207653
120533.1111051855 113695.8796284184
110623.6956858145 113695.8796284184
120213.4525432703 113854.3759360714
113180.9641811360 113854.3759360714
110304.0371238993 113854.3759360714
112861.3056192208 114171.3685513776
110623.6956858145 114329.8648590306
109185.2321571961 114329.8648590306
110304.0371238993 114646.8574743367
106627.9636618746 114963.8500896429
107427.1100666626 115122.3463972959
110304.0371238993 115439.3390126020
106787.7929428322 115439.3390126020
101992.9145141042 115756.3316279082
110463.8664048569 115914.8279355612
101513.4266712315 115914.8279355612
97997.1824901643 115914.8279355612
110144.2078429417 116073.3242432143
106947.6222237898 116073.3242432143
97517.6946472915 116073.3242432143
106468.1343809170 116231.8205508673
95919.4018377155 116231.8205508673
101353.5973902738 116390.3168585204
97357.8653663339 116390.3168585204
96718.5482425035 116390.3168585204

137794.6734486060 108940.9903988265
137315.1856057332 109099.4867064796
120692.9403861431 113061.8943978061
111103.1835286873 113537.3833207653
120533.1111051855 113695.8796284184
110623.6956858145 113695.8796284184
120213.4525432703 113854.3759360714
113180.9641811360 113854.3759360714
110304.0371238993 113854.3759360714
112861.3056192208 114171.3685513776
110623.6956858145 114329.8648590306
109185.2321571961 114329.8648590306
110304.0371238993 114646.8574743367
106627.9636618746 114963.8500896429
107427.1100666626 115122.3463972959
110304.0371238993 115439.3390126020
106787.7929428322 115439.3390126020
101992.9145141042 115756.3316279082
110463.8664048569 115914.8279355612
101513.4266712315 115914.8279355612
97997.1824901643 115914.8279355612
110144.2078429417 116073.3242432143
106947.6222237898 116073.3242432143
97517.6946472915 116073.3242432143
106468.1343809170 116231.8205508673
95919.4018377155 116231.8205508673
101353.5973902738 116390.3168585204
97357.8653663339 116390.3168585204
96718.5482425035 116390.3168585204
95439.9139948428 116548.8131661735
94321.1090281396 116548.8131661735

137794.6734486060 108940.9903988265
137315.1856057332 109099.4867064796
110304.0371238993 114646.8574743367
120692.9403861431 113061.8943978061
111103.1835286873 113537.3833207653
120533.1111051855 113695.8796284184
110623.6956858145 113695.8796284184
113180.9641811360 113854.3759360714
110304.0371238993 113854.3759360714
112861.3056192208 114171.3685513776
110623.6956858145 114329.8648590306
109185.2321571961 114329.8648590306
106627.9636618746 114963.8500896429
107427.1100666626 115122.3463972959
110304.0371238993 115439.3390126020
106787.7929428322 115439.3390126020
102951.8901998498 115597.8353202551
101992.9145141042 115756.3316279082
110463.8664048569 115914.8279355612
101513.4266712315 115914.8279355612
97997.1824901643 115914.8279355612
110144.2078429417 116073.3242432143
106947.6222237898 116073.3242432143
97517.6946472915 116073.3242432143
106468.1343809170 116231.8205508673
95919.4018377155 116231.8205508673
101353.5973902738 116390.3168585204
97357.8653663339 116390.3168585204
96718.5482425035 116390.3168585204
95439.9139948428 116548.8131661735
94321.1090281396 116548.8131661735

95120.2554329276 116548.8131661735
96718.5482425035 116390.3168585204
97357.8653663339 116390.3168585204
106468.1343809170 116231.8205508673
97517.6946472915 116073.3242432143
106947.6222237898 116073.3242432143
110144.2078429417 116073.3242432143
97997.1824901643 115914.8279355612
101513.4266712315 115914.8279355612
110463.8664048569 115914.8279355612
111263.0128096449 115914.8279355612
102152.7437950618 115756.3316279082
104230.5244475106 115756.3316279082
107427.1100666626 115439.3390126020
110304.0371238993 114963.8500896429
120213.4525432703 114963.8500896429
120533.1111051855 114805.3537819898
106627.9636618746 114488.3611666837
110304.0371238993 114488.3611666837
110623.6956858145 114329.8648590306
112861.3056192208 114171.3685513776
110304.0371238993 113854.3759360714
113180.9641811360 113854.3759360714
110623.6956858145 113695.8796284184
120533.1111051855 113695.8796284184
111103.1835286873 113537.3833207653
120692.9403861431 113061.8943978061
120692.9403861431 112427.9091671939
137794.6734486060 108940.9903988265
137315.1856057332 109099.4867064796
136835.6977628604 109574.9756294388

137794.6734486060 108940.9903988265
137315.1856057332 109099.4867064796
120692.9403861431 112110.9165518878
120692.9403861431 112427.9091671939
120692.9403861431 113061.8943978061
111103.1835286873 113537.3833207653
120533.1111051855 113695.8796284184
110623.6956858145 113695.8796284184
113180.9641811360 113854.3759360714
110304.0371238993 113854.3759360714
112861.3056192208 114171.3685513776
110623.6956858145 114329.8648590306
110304.0371238993 114488.3611666837
106627.9636618746 114488.3611666837
120533.1111051855 114805.3537819898
120213.4525432703 114963.8500896429
110304.0371238993 114963.8500896429
107427.1100666626 115439.3390126020
120213.4525432703 115756.3316279082
104230.5244475106 115756.3316279082
102152.7437950618 115756.3316279082
119733.9647003975 115914.8279355612
111263.0128096449 115914.8279355612
110463.8664048569 115914.8279355612
101513.4266712315 115914.8279355612
97997.1824901643 115914.8279355612
110144.2078429417 116073.3242432143
106947.6222237898 116073.3242432143
97517.6946472915 116073.3242432143
106468.1343809170 116231.8205508673
97357.8653663339 116390.3168585204

94321.1090281396 116548.8131661735
97198.0360853763 116231.8205508673
107586.9393476201 116231.8205508673
106308.3050999594 116073.3242432143
110144.2078429417 116073.3242432143
110463.8664048569 115914.8279355612
119733.9647003975 115914.8279355612
120533.1111051855 115914.8279355612
120533.1111051855 115439.3390126020
102632.2316379346 115280.8427049490
110304.0371238993 115280.8427049490
107107.4515047474 115122.3463972959
110304.0371238993 114963.8500896429
120213.4525432703 114963.8500896429
120533.1111051855 114805.3537819898
106627.9636618746 114488.3611666837
110304.0371238993 114488.3611666837
110623.6956858145 114329.8648590306
112861.3056192208 114171.3685513776
120533.1111051855 114171.3685513776
110304.0371238993 113854.3759360714
113180.9641811360 113854.3759360714
110623.6956858145 113695.8796284184
120533.1111051855 113695.8796284184
111103.1835286873 113537.3833207653
120373.2818242279 113220.3907054592
120692.9403861431 113061.8943978061
137794.6734486060 108940.9903988265
137315.1856057332 109099.4867064796
120692.9403861431 112110.9165518878
120692.9403861431 112427.9091671939

97357.8653663339 116390.3168585204
106468.1343809170 116231.8205508673
97517.6946472915 116073.3242432143
106947.6222237898 116073.3242432143
110144.2078429417 116073.3242432143
97997.1824901643 115914.8279355612
101513.4266712315 115914.8279355612
110463.8664048569 115914.8279355612
111263.0128096449 115914.8279355612
119733.9647003975 115914.8279355612
120533.1111051855 115914.8279355612
102152.7437950618 115756.3316279082
104230.5244475106 115756.3316279082
107427.1100666626 115439.3390126020
137794.6734486060 108940.9903988265
137315.1856057332 109099.4867064796
120692.9403861431 112110.9165518878
120692.9403861431 112427.9091671939
120692.9403861431 113061.8943978061
111103.1835286873 113537.3833207653
120533.1111051855 113695.8796284184
110623.6956858145 113695.8796284184
113180.9641811360 113854.3759360714
110304.0371238993 113854.3759360714
112861.3056192208 114171.3685513776
110623.6956858145 114329.8648590306
110304.0371238993 114488.3611666837
106627.9636618746 114488.3611666837
120533.1111051855 114805.3537819898
120213.4525432703 114963.8500896429
110304.0371238993 114963.8500896429

137794.6734486060 108940.9903988265
137315.1856057332 109099.4867064796
120692.9403861431 112110.9165518878
120692.9403861431 112427.9091671939
120692.9403861431 113061.8943978061
111103.1835286873 113537.3833207653
120533.1111051855 113695.8796284184
110623.6956858145 113695.8796284184
113180.9641811360 113854.3759360714
110304.0371238993 113854.3759360714
112861.3056192208 114171.3685513776
110623.6956858145 114329.8648590306
110304.0371238993 114488.3611666837
106627.9636618746 114488.3611666837
120533.1111051855 114805.3537819898
120213.4525432703 114963.8500896429
110304.0371238993 114963.8500896429
104230.5244475106 115756.3316279082
102152.7437950618 115756.3316279082
111263.0128096449 115914.8279355612
110463.8664048569 115914.8279355612
101513.4266712315 115914.8279355612
97997.1824901643 115914.8279355612
110144.2078429417 116073.3242432143
106947.6222237898 116073.3242432143
97517.6946472915 116073.3242432143
106468.1343809170 116231.8205508673
107427.1100666626 115439.3390126020
97357.8653663339 116390.3168585204
96718.5482425035 116390.3168585204
95120.2554329276 116548.8131661735

94321.1090281396 116548.8131661735
97198.0360853763 116231.8205508673
107586.9393476201 116231.8205508673
106308.3050999594 116073.3242432143
110144.2078429417 116073.3242432143
110463.8664048569 115914.8279355612
119733.9647003975 115914.8279355612
120533.1111051855 115914.8279355612
120533.1111051855 115439.3390126020
102632.2316379346 115280.8427049490
110304.0371238993 115280.8427049490
107107.4515047474 115122.3463972959
110304.0371238993 114963.8500896429
120213.4525432703 114963.8500896429
120533.1111051855 114805.3537819898
106627.9636618746 114488.3611666837
110304.0371238993 114488.3611666837
137315.1856057332 109099.4867064796
121012.5989480583 111952.4202442347
120692.9403861431 112110.9165518878
120692.9403861431 112427.9091671939
120692.9403861431 113061.8943978061
120373.2818242279 113220.3907054592
111103.1835286873 113537.3833207653
120533.1111051855 113695.8796284184
110623.6956858145 113695.8796284184
113180.9641811360 113854.3759360714
110304.0371238993 113854.3759360714
120533.1111051855 114171.3685513776
112861.3056192208 114171.3685513776
110623.6956858145 114329.8648590306

96718.5482425035 116548.8131661735
94960.4261519700 116390.3168585204
100874.1095474011 116073.3242432143
107267.2807857049 116073.3242432143
110144.2078429417 116073.3242432143
97198.0360853763 115914.8279355612
110463.8664048569 115914.8279355612
120213.4525432703 115756.3316279082
120533.1111051855 115439.3390126020
110304.0371238993 115280.8427049490
106468.1343809170 115122.3463972959
110304.0371238993 114963.8500896429
120213.4525432703 114963.8500896429
106627.9636618746 114488.3611666837
110304.0371238993 114488.3611666837
120533.1111051855 114488.3611666837
110623.6956858145 114329.8648590306
137794.6734486060 108940.9903988265
137315.1856057332 109099.4867064796
120692.9403861431 112427.9091671939
120692.9403861431 113061.8943978061
103591.2073236802 116073.3242432143
113660.4520240088 113537.3833207653
111103.1835286873 113537.3833207653
120533.1111051855 113695.8796284184
110623.6956858145 113695.8796284184
113180.9641811360 113854.3759360714
110304.0371238993 113854.3759360714
112861.3056192208 114171.3685513776
101513.4266712315 115914.8279355612
97997.1824901643 115914.8279355612

94960.4261519700 116548.8131661735
103271.5487617650 116390.3168585204
97198.0360853763 116231.8205508673
110144.2078429417 116073.3242432143
110463.8664048569 115914.8279355612
119733.9647003975 115914.8279355612
120533.1111051855 115914.8279355612
120533.1111051855 115439.3390126020
102632.2316379346 115280.8427049490
110304.0371238993 115280.8427049490
107107.4515047474 115122.3463972959
110304.0371238993 114963.8500896429
120213.4525432703 114963.8500896429
120533.1111051855 114805.3537819898
106627.9636618746 114488.3611666837
110304.0371238993 114488.3611666837
120533.1111051855 114488.3611666837
110623.6956858145 114329.8648590306
112861.3056192208 114171.3685513776
120533.1111051855 114171.3685513776
110304.0371238993 113854.3759360714
113180.9641811360 113854.3759360714
110623.6956858145 113695.8796284184
120533.1111051855 113695.8796284184
111103.1835286873 113537.3833207653
120373.2818242279 113220.3907054592
120692.9403861431 113061.8943978061
120692.9403861431 112427.9091671939
120692.9403861431 112110.9165518878
137315.1856057332 109099.4867064796
121012.5989480583 111952.4202442347

96718.5482425035 116548.8131661735
94960.4261519700 116390.3168585204
100874.1095474011 116073.3242432143
107267.2807857049 116073.3242432143
110144.2078429417 116073.3242432143
97198.0360853763 115914.8279355612
110463.8664048569 115914.8279355612
120213.4525432703 115756.3316279082
120533.1111051855 115439.3390126020
110304.0371238993 115280.8427049490
106468.1343809170 115122.3463972959
110304.0371238993 114963.8500896429
120213.4525432703 114963.8500896429
137794.6734486060 108940.9903988265
137315.1856057332 109099.4867064796
120692.9403861431 112110.9165518878
120692.9403861431 112427.9091671939
120692.9403861431 113061.8943978061
120373.2818242279 113220.3907054592
111103.1835286873 113537.3833207653
120533.1111051855 113695.8796284184
110623.6956858145 113695.8796284184
113180.9641811360 113854.3759360714
110304.0371238993 113854.3759360714
120533.1111051855 114171.3685513776
112861.3056192208 114171.3685513776
110623.6956858145 114329.8648590306
120533.1111051855 114488.3611666837
110304.0371238993 114488.3611666837
106627.9636618746 114488.3611666837
107107.4515047474 115122.3463972959

96718.5482425035 116548.8131661735
94960.4261519700 116390.3168585204
100874.1095474011 116073.3242432143
107267.2807857049 116073.3242432143
110144.2078429417 116073.3242432143
97198.0360853763 115914.8279355612
110463.8664048569 115914.8279355612
120213.4525432703 115756.3316279082
120533.1111051855 115439.3390126020
110304.0371238993 115280.8427049490
106468.1343809170 115122.3463972959
110304.0371238993 114963.8500896429
120213.4525432703 114963.8500896429
106627.9636618746 114488.3611666837
110304.0371238993 114488.3611666837
120533.1111051855 114488.3611666837
110623.6956858145 114329.8648590306
137794.6734486060 108940.9903988265
137315.1856057332 109099.4867064796
120692.9403861431 112427.9091671939
120692.9403861431 113061.8943978061
120373.2818242279 113220.3907054592
113660.4520240088 113537.3833207653
111103.1835286873 113537.3833207653
120533.1111051855 113695.8796284184
110623.6956858145 113695.8796284184
113180.9641811360 113854.3759360714
110304.0371238993 113854.3759360714
112861.3056192208 114171.3685513776
101513.4266712315 115914.8279355612
97997.1824901643 115914.8279355612

110144.2078429417 116073.3242432143
110463.8664048569 115914.8279355612
119733.9647003975 115914.8279355612
120213.4525432703 115756.3316279082
120533.1111051855 115439.3390126020
107427.1100666626 115280.8427049490
110304.0371238993 115280.8427049490
110304.0371238993 114963.8500896429
120213.4525432703 114963.8500896429
120533.1111051855 114805.3537819898
106627.9636618746 114488.3611666837
110304.0371238993 114488.3611666837
120533.1111051855 114488.3611666837
110623.6956858145 114329.8648590306
120533.1111051855 114171.3685513776
137794.6734486060 108940.9903988265
137315.1856057332 109099.4867064796
120373.2818242279 111952.4202442347
120692.9403861431 112427.9091671939
120692.9403861431 113061.8943978061
120373.2818242279 113220.3907054592
113660.4520240088 113537.3833207653
111103.1835286873 113537.3833207653
120533.1111051855 113695.8796284184
110623.6956858145 113695.8796284184
113180.9641811360 113854.3759360714
110304.0371238993 113854.3759360714
112861.3056192208 114171.3685513776
106468.1343809170 115122.3463972959
97198.0360853763 115914.8279355612
107267.2807857049 116073.3242432143

137794.6734486060 108940.9903988265
137315.1856057332 109099.4867064796
120692.9403861431 112427.9091671939
120692.9403861431 113061.8943978061
120373.2818242279 113220.3907054592
113660.4520240088 113537.3833207653
111103.1835286873 113537.3833207653
120533.1111051855 113695.8796284184
110623.6956858145 113695.8796284184
113180.9641811360 113854.3759360714
110304.0371238993 113854.3759360714
120533.1111051855 114171.3685513776
112861.3056192208 114171.3685513776
110623.6956858145 114329.8648590306
95280.0847138852 116231.8205508673
110304.0371238993 114488.3611666837
106627.9636618746 114488.3611666837
120213.4525432703 114963.8500896429
110304.0371238993 114963.8500896429
106468.1343809170 115122.3463972959
110304.0371238993 115280.8427049490
120533.1111051855 115439.3390126020
120213.4525432703 115756.3316279082
110463.8664048569 115914.8279355612
97198.0360853763 115914.8279355612
110144.2078429417 116073.3242432143
107267.2807857049 116073.3242432143
106627.9636618746 116073.3242432143
100874.1095474011 116073.3242432143
94960.4261519700 116390.3168585204
96718.5482425035 116548.8131661735

94960.4261519700 116390.3168585204
100874.1095474011 116073.3242432143
106627.9636618746 116073.3242432143
107267.2807857049 116073.3242432143
110144.2078429417 116073.3242432143
97198.0360853763 115914.8279355612
110463.8664048569 115914.8279355612
120213.4525432703 115756.3316279082
120533.1111051855 115439.3390126020
110304.0371238993 115280.8427049490
106468.1343809170 115122.3463972959
110304.0371238993 114963.8500896429
120213.4525432703 114963.8500896429
106627.9636618746 114488.3611666837
110304.0371238993 114488.3611666837
120533.1111051855 114488.3611666837
110623.6956858145 114329.8648590306
112861.3056192208 114171.3685513776
120533.1111051855 114171.3685513776
110304.0371238993 113854.3759360714
113180.9641811360 113854.3759360714
110623.6956858145 113695.8796284184
120533.1111051855 113695.8796284184
137794.6734486060 108940.9903988265
137315.1856057332 109099.4867064796
120692.9403861431 112110.9165518878
120692.9403861431 112427.9091671939
120692.9403861431 113061.8943978061
120373.2818242279 113220.3907054592
111103.1835286873 113537.3833207653
120533.1111051855 114805.3537819898

94960.4261519700 116548.8131661735
103271.5487617650 116390.3168585204
97198.0360853763 116231.8205508673
110144.2078429417 116073.3242432143
110463.8664048569 115914.8279355612
119733.9647003975 115914.8279355612
120533.1111051855 115914.8279355612
120533.1111051855 115439.3390126020
102632.2316379346 115280.8427049490
110304.0371238993 115280.8427049490
107107.4515047474 115122.3463972959
110304.0371238993 114963.8500896429
120213.4525432703 114963.8500896429
120533.1111051855 114805.3537819898
106627.9636618746 114488.3611666837
110304.0371238993 114488.3611666837
120533.1111051855 114488.3611666837
110623.6956858145 114329.8648590306
120533.1111051855 114171.3685513776
110304.0371238993 113854.3759360714
113180.9641811360 113854.3759360714
110623.6956858145 113695.8796284184
120533.1111051855 113695.8796284184
111103.1835286873 113537.3833207653
137794.6734486060 108940.9903988265
137315.1856057332 109099.4867064796
120692.9403861431 112110.9165518878
120692.9403861431 112427.9091671939
120692.9403861431 113061.8943978061
120373.2818242279 113220.3907054592
112861.3056192208 114171.3685513776

97357.8653663339 116390.3168585204
110144.2078429417 116073.3242432143
97198.0360853763 115914.8279355612
106627.9636618746 115914.8279355612
110463.8664048569 115914.8279355612
119733.9647003975 115914.8279355612
120213.4525432703 115756.3316279082
120533.1111051855 115439.3390126020
110304.0371238993 115280.8427049490
106148.4758190018 115122.3463972959
110304.0371238993 114963.8500896429
120213.4525432703 114963.8500896429
120533.1111051855 114805.3537819898
106308.3050999594 114646.8574743367
137794.6734486060 108940.9903988265
137315.1856057332 109099.4867064796
120692.9403861431 112110.9165518878
120692.9403861431 112427.9091671939
123410.0381624223 112744.9017825000
120692.9403861431 112744.9017825000
120692.9403861431 113061.8943978061
120373.2818242279 113220.3907054592
111103.1835286873 113537.3833207653
120533.1111051855 113695.8796284184
112861.3056192208 113695.8796284184
110623.6956858145 113695.8796284184
110304.0371238993 113854.3759360714
120533.1111051855 114171.3685513776
110623.6956858145 114329.8648590306
120533.1111051855 114488.3611666837
110304.0371238993 114488.3611666837

106627.9636618746 115914.8279355612
97357.8653663339 116390.3168585204
110144.2078429417 116073.3242432143
97198.0360853763 115914.8279355612
110463.8664048569 115914.8279355612
119733.9647003975 115914.8279355612
120213.4525432703 115756.3316279082
120533.1111051855 115439.3390126020
110304.0371238993 115280.8427049490
110304.0371238993 114963.8500896429
120213.4525432703 114963.8500896429
120533.1111051855 114805.3537819898
106308.3050999594 114646.8574743367
110304.0371238993 114488.3611666837
120533.1111051855 114488.3611666837
110623.6956858145 114329.8648590306
113180.9641811360 114329.8648590306
120533.1111051855 114171.3685513776
110304.0371238993 113854.3759360714
113180.9641811360 113854.3759360714
110623.6956858145 113695.8796284184
120533.1111051855 113695.8796284184
111103.1835286873 113537.3833207653
113021.1349001784 113220.3907054592
120373.2818242279 113220.3907054592
120692.9403861431 113061.8943978061
120692.9403861431 112744.9017825000
120692.9403861431 112427.9091671939
120692.9403861431 112110.9165518878
123410.0381624223 111952.4202442347
121172.4282290159 111793.9239365816

110144.2078429417 116073.3242432143
110463.8664048569 115914.8279355612
137794.6734486060 108940.9903988265
137315.1856057332 109099.4867064796
120692.9403861431 112110.9165518878
120692.9403861431 112427.9091671939
120692.9403861431 112744.9017825000
120692.9403861431 113061.8943978061
120373.2818242279 113220.3907054592
113021.1349001784 113220.3907054592
111103.1835286873 113537.3833207653
120533.1111051855 113695.8796284184
110623.6956858145 113695.8796284184
113180.9641811360 113854.3759360714
110304.0371238993 113854.3759360714
120533.1111051855 114171.3685513776
113180.9641811360 114329.8648590306
110623.6956858145 114329.8648590306
120533.1111051855 114488.3611666837
110304.0371238993 114488.3611666837
106308.3050999594 114646.8574743367
120533.1111051855 114805.3537819898
120213.4525432703 114963.8500896429
110304.0371238993 114963.8500896429
110304.0371238993 115280.8427049490
120533.1111051855 115439.3390126020
120213.4525432703 115756.3316279082
119733.9647003975 115914.8279355612
97357.8653663339 116390.3168585204
97198.0360853763 115914.8279355612
95439.9139948428 116548.8131661735

94640.7675900548 116548.8131661735
97357.8653663339 116390.3168585204
101513.4266712315 116390.3168585204
97517.6946472915 116073.3242432143
106148.4758190018 116073.3242432143
110144.2078429417 116073.3242432143
102792.0609188922 115914.8279355612
106947.6222237898 115914.8279355612
110463.8664048569 115914.8279355612
119733.9647003975 115914.8279355612
106148.4758190018 115756.3316279082
120213.4525432703 115756.3316279082
106787.7929428322 115439.3390126020
110304.0371238993 115439.3390126020
120533.1111051855 115439.3390126020
107427.1100666626 115122.3463972959
120533.1111051855 115122.3463972959
106627.9636618746 114963.8500896429
109984.3785619841 114805.3537819898
120533.1111051855 114805.3537819898
110304.0371238993 114488.3611666837
112861.3056192208 114488.3611666837
110623.6956858145 114329.8648590306
110943.3542477297 114171.3685513776
137794.6734486060 108940.9903988265
137315.1856057332 109099.4867064796
121172.4282290159 111793.9239365816
120692.9403861431 112110.9165518878
110623.6956858145 113695.8796284184
113180.9641811360 113854.3759360714
101992.9145141042 115756.3316279082

94640.7675900548 116548.8131661735
97357.8653663339 116390.3168585204
101513.4266712315 116390.3168585204
97517.6946472915 116073.3242432143
106148.4758190018 116073.3242432143
110144.2078429417 116073.3242432143
102792.0609188922 115914.8279355612
106947.6222237898 115914.8279355612
110463.8664048569 115914.8279355612
119733.9647003975 115914.8279355612
106148.4758190018 115756.3316279082
120213.4525432703 115756.3316279082
106787.7929428322 115439.3390126020
110304.0371238993 115439.3390126020
120533.1111051855 115439.3390126020
107427.1100666626 115122.3463972959
120533.1111051855 115122.3463972959
106627.9636618746 114963.8500896429
109984.3785619841 114805.3537819898
120533.1111051855 114805.3537819898
110304.0371238993 114488.3611666837
112861.3056192208 114488.3611666837
110623.6956858145 114329.8648590306
110943.3542477297 114171.3685513776
113180.9641811360 113854.3759360714
110623.6956858145 113695.8796284184
137794.6734486060 108940.9903988265
137315.1856057332 109099.4867064796
120533.1111051855 112744.9017825000
113180.9641811360 113220.3907054592
120533.1111051855 113695.8796284184

94640.7675900548 116548.8131661735
97357.8653663339 116390.3168585204
101513.4266712315 116390.3168585204
97517.6946472915 116073.3242432143
106148.4758190018 116073.3242432143
110144.2078429417 116073.3242432143
102792.0609188922 115914.8279355612
106947.6222237898 115914.8279355612
110463.8664048569 115914.8279355612
119733.9647003975 115914.8279355612
101992.9145141042 115756.3316279082
106148.4758190018 115756.3316279082
120213.4525432703 115756.3316279082
106787.7929428322 115439.3390126020
110304.0371238993 115439.3390126020
120533.1111051855 115439.3390126020
107427.1100666626 115122.3463972959
120533.1111051855 115122.3463972959
106627.9636618746 114963.8500896429
109984.3785619841 114805.3537819898
120533.1111051855 114805.3537819898
110304.0371238993 114488.3611666837
112861.3056192208 114488.3611666837
110623.6956858145 114329.8648590306
110943.3542477297 114171.3685513776
113180.9641811360 113854.3759360714
110623.6956858145 113695.8796284184
120692.9403861431 112110.9165518878
137794.6734486060 108940.9903988265
137315.1856057332 109099.4867064796
113180.9641811360 113220.3907054592

110144.2078429417 116073.3242432143
110463.8664048569 115914.8279355612
119733.9647003975 115914.8279355612
120213.4525432703 115756.3316279082
120533.1111051855 115439.3390126020
110304.0371238993 115280.8427049490
110304.0371238993 114963.8500896429
120213.4525432703 114963.8500896429
120533.1111051855 114805.3537819898
106308.3050999594 114646.8574743367
110304.0371238993 114488.3611666837
120533.1111051855 114488.3611666837
110623.6956858145 114329.8648590306
120533.1111051855 114171.3685513776
110304.0371238993 113854.3759360714
113180.9641811360 113854.3759360714
110623.6956858145 113695.8796284184
120533.1111051855 113695.8796284184
111103.1835286873 113537.3833207653
113021.1349001784 113220.3907054592
120373.2818242279 113220.3907054592
120692.9403861431 113061.8943978061
120692.9403861431 112744.9017825000
123410.0381624223 112744.9017825000
137794.6734486060 108940.9903988265
137315.1856057332 109099.4867064796
120692.9403861431 112110.9165518878
120692.9403861431 112427.9091671939
113180.9641811360 114329.8648590306
97357.8653663339 116390.3168585204
96398.8896805883 116390.3168585204

137794.6734486060 108940.9903988265
137315.1856057332 109099.4867064796
112062.1592144328 113695.8796284184
110623.6956858145 113695.8796284184
110943.3542477297 114171.3685513776
110623.6956858145 114329.8648590306
112861.3056192208 114488.3611666837
110304.0371238993 114488.3611666837
120533.1111051855 114805.3537819898
109984.3785619841 114805.3537819898
106627.9636618746 114963.8500896429
107427.1100666626 115122.3463972959
110304.0371238993 115439.3390126020
106787.7929428322 115439.3390126020
120213.4525432703 115756.3316279082
117176.6962050760 115756.3316279082
101992.9145141042 115756.3316279082
110463.8664048569 115914.8279355612
101513.4266712315 115914.8279355612
97997.1824901643 115914.8279355612
110144.2078429417 116073.3242432143
106947.6222237898 116073.3242432143
97517.6946472915 116073.3242432143
106468.1343809170 116231.8205508673
95919.4018377155 116231.8205508673
103910.8658855954 116390.3168585204
100874.1095474011 116390.3168585204
97357.8653663339 116390.3168585204
96718.5482425035 116390.3168585204
95439.9139948428 116548.8131661735
94321.1090281396 116548.8131661735

94640.7675900548 116548.8131661735
106148.4758190018 115756.3316279082
97357.8653663339 116390.3168585204
101513.4266712315 116390.3168585204
97517.6946472915 116073.3242432143
106148.4758190018 116073.3242432143
110144.2078429417 116073.3242432143
102792.0609188922 115914.8279355612
106947.6222237898 115914.8279355612
110463.8664048569 115914.8279355612
119733.9647003975 115914.8279355612
101992.9145141042 115756.3316279082
120213.4525432703 115756.3316279082
106787.7929428322 115439.3390126020
110304.0371238993 115439.3390126020
120533.1111051855 115439.3390126020
107427.1100666626 115122.3463972959
120533.1111051855 115122.3463972959
106627.9636618746 114963.8500896429
109984.3785619841 114805.3537819898
120533.1111051855 114805.3537819898
110304.0371238993 114488.3611666837
112861.3056192208 114488.3611666837
110623.6956858145 114329.8648590306
110943.3542477297 114171.3685513776
120053.6232623127 113854.3759360714
110623.6956858145 113695.8796284184
120692.9403861431 112110.9165518878
121172.4282290159 111793.9239365816
137794.6734486060 108940.9903988265
137315.1856057332 109099.4867064796

137794.6734486060 108940.9903988265
137315.1856057332 109099.4867064796
120533.1111051855 113695.8796284184
110623.6956858145 113695.8796284184
110943.3542477297 114171.3685513776
110623.6956858145 114329.8648590306
112861.3056192208 114488.3611666837
110304.0371238993 114488.3611666837
120533.1111051855 114805.3537819898
109984.3785619841 114805.3537819898
106627.9636618746 114963.8500896429
120533.1111051855 115122.3463972959
106468.1343809170 114329.8648590306
110304.0371238993 115439.3390126020
106787.7929428322 115439.3390126020
120213.4525432703 115756.3316279082
101992.9145141042 115756.3316279082
110463.8664048569 115914.8279355612
101513.4266712315 115914.8279355612
97997.1824901643 115914.8279355612
110144.2078429417 116073.3242432143
106947.6222237898 116073.3242432143
97517.6946472915 116073.3242432143
106468.1343809170 116231.8205508673
95919.4018377155 116231.8205508673
100874.1095474011 116390.3168585204
100074.9631426131 116390.3168585204
97357.8653663339 116390.3168585204
96718.5482425035 116390.3168585204
95439.9139948428 116548.8131661735
94321.1090281396 116548.8131661735

94321.1090281396 116548.8131661735
95439.9139948428 116548.8131661735
97357.8653663339 116390.3168585204
102312.5730760194 116231.8205508673
97517.6946472915 116073.3242432143
106148.4758190018 116073.3242432143
110144.2078429417 116073.3242432143
110783.5249667721 115756.3316279082
120213.4525432703 115756.3316279082
102632.2316379346 115439.3390126020
106787.7929428322 115439.3390126020
120533.1111051855 115439.3390126020
120213.4525432703 114963.8500896429
109984.3785619841 114805.3537819898
120533.1111051855 114805.3537819898
106468.1343809170 114488.3611666837
110304.0371238993 114488.3611666837
110623.6956858145 114329.8648590306
113180.9641811360 114329.8648590306
120533.1111051855 114171.3685513776
110304.0371238993 113854.3759360714
113180.9641811360 113854.3759360714
110623.6956858145 113695.8796284184
120533.1111051855 113695.8796284184
111103.1835286873 113537.3833207653
113180.9641811360 113220.3907054592
120373.2818242279 113220.3907054592
120692.9403861431 112744.9017825000
137794.6734486060 108940.9903988265
137315.1856057332 109099.4867064796
102792.0609188922 115122.3463972959

110463.8664048569 115914.8279355612
137794.6734486060 108940.9903988265
137315.1856057332 109099.4867064796
120692.9403861431 112744.9017825000
120373.2818242279 113220.3907054592
113180.9641811360 113220.3907054592
111103.1835286873 113537.3833207653
120533.1111051855 113695.8796284184
110623.6956858145 113695.8796284184
113180.9641811360 113854.3759360714
110304.0371238993 113854.3759360714
120533.1111051855 114171.3685513776
113180.9641811360 114329.8648590306
110623.6956858145 114329.8648590306
110304.0371238993 114488.3611666837
106468.1343809170 114488.3611666837
120533.1111051855 114805.3537819898
109984.3785619841 114805.3537819898
120213.4525432703 114963.8500896429
102792.0609188922 115122.3463972959
106787.7929428322 115439.3390126020
102632.2316379346 115439.3390126020
120213.4525432703 115756.3316279082
110783.5249667721 115756.3316279082
110144.2078429417 116073.3242432143
106787.7929428322 116073.3242432143
106148.4758190018 116073.3242432143
97517.6946472915 116073.3242432143
102312.5730760194 116231.8205508673
97357.8653663339 116390.3168585204
95439.9139948428 116548.8131661735

94321.1090281396 116548.8131661735
95439.9139948428 116548.8131661735
96718.5482425035 116390.3168585204
97357.8653663339 116390.3168585204
100074.9631426131 116390.3168585204
100874.1095474011 116390.3168585204
95919.4018377155 116231.8205508673
106468.1343809170 116231.8205508673
97517.6946472915 116073.3242432143
106947.6222237898 116073.3242432143
110144.2078429417 116073.3242432143
97997.1824901643 115914.8279355612
101513.4266712315 115914.8279355612
110463.8664048569 115914.8279355612
101992.9145141042 115756.3316279082
120213.4525432703 115756.3316279082
106787.7929428322 115439.3390126020
110304.0371238993 115439.3390126020
107427.1100666626 115122.3463972959
120533.1111051855 115122.3463972959
106627.9636618746 114963.8500896429
109984.3785619841 114805.3537819898
120533.1111051855 114805.3537819898
110304.0371238993 114488.3611666837
112861.3056192208 114488.3611666837
110623.6956858145 114329.8648590306
110943.3542477297 114171.3685513776
110623.6956858145 113695.8796284184
120533.1111051855 113695.8796284184
120373.2818242279 111952.4202442347
137794.6734486060 108940.9903988265

94321.1090281396 116548.8131661735
121172.4282290159 112903.3980901531
96718.5482425035 116390.3168585204
97357.8653663339 116390.3168585204
100074.9631426131 116390.3168585204
95919.4018377155 116231.8205508673
106468.1343809170 116231.8205508673
97517.6946472915 116073.3242432143
106947.6222237898 116073.3242432143
110144.2078429417 116073.3242432143
97997.1824901643 115914.8279355612
101513.4266712315 115914.8279355612
110463.8664048569 115914.8279355612
101992.9145141042 115756.3316279082
120213.4525432703 115756.3316279082
106787.7929428322 115439.3390126020
110304.0371238993 115439.3390126020
107427.1100666626 115122.3463972959
120533.1111051855 115122.3463972959
106627.9636618746 114963.8500896429
109984.3785619841 114805.3537819898
120533.1111051855 114805.3537819898
110304.0371238993 114488.3611666837
112861.3056192208 114488.3611666837
110623.6956858145 114329.8648590306
110943.3542477297 114171.3685513776
110623.6956858145 113695.8796284184
120533.1111051855 113695.8796284184
137794.6734486060 108940.9903988265
137315.1856057332 109099.4867064796
100874.1095474011 116390.3168585204

94640.7675900548 116548.8131661735
95439.9139948428 116548.8131661735
97357.8653663339 116390.3168585204
101513.4266712315 116390.3168585204
97517.6946472915 116073.3242432143
106148.4758190018 116073.3242432143
110144.2078429417 116073.3242432143
102792.0609188922 115914.8279355612
106947.6222237898 115914.8279355612
110463.8664048569 115914.8279355612
119733.9647003975 115914.8279355612
101992.9145141042 115756.3316279082
120213.4525432703 115756.3316279082
106787.7929428322 115439.3390126020
110304.0371238993 115439.3390126020
120533.1111051855 115439.3390126020
107427.1100666626 115122.3463972959
120533.1111051855 115122.3463972959
106627.9636618746 114963.8500896429
109984.3785619841 114805.3537819898
120533.1111051855 114805.3537819898
110304.0371238993 114488.3611666837
112861.3056192208 114488.3611666837
110623.6956858145 114329.8648590306
110943.3542477297 114171.3685513776
120053.6232623127 113854.3759360714
110623.6956858145 113695.8796284184
120533.1111051855 113695.8796284184
102312.5730760194 115280.8427049490
137794.6734486060 108940.9903988265
137315.1856057332 109099.4867064796

94321.1090281396 116548.8131661735
95439.9139948428 116548.8131661735
96718.5482425035 116390.3168585204
97357.8653663339 116390.3168585204
100074.9631426131 116390.3168585204
95919.4018377155 116231.8205508673
106468.1343809170 116231.8205508673
97517.6946472915 116073.3242432143
106947.6222237898 116073.3242432143
110144.2078429417 116073.3242432143
97997.1824901643 115914.8279355612
101513.4266712315 115914.8279355612
110463.8664048569 115914.8279355612
101992.9145141042 115756.3316279082
120213.4525432703 115756.3316279082
106787.7929428322 115439.3390126020
110304.0371238993 115439.3390126020
107427.1100666626 115122.3463972959
120533.1111051855 115122.3463972959
106627.9636618746 114963.8500896429
109984.3785619841 114805.3537819898
120533.1111051855 114805.3537819898
110304.0371238993 114488.3611666837
112861.3056192208 114488.3611666837
110623.6956858145 114329.8648590306
110943.3542477297 114171.3685513776
110623.6956858145 113695.8796284184
120533.1111051855 113695.8796284184
137794.6734486060 108940.9903988265
137315.1856057332 109099.4867064796
121012.5989480583 112586.4054748469

137794.6734486060 108940.9903988265
137315.1856057332 109099.4867064796
113180.9641811360 113220.3907054592
120533.1111051855 113695.8796284184
110623.6956858145 113695.8796284184
110943.3542477297 114171.3685513776
110623.6956858145 114329.8648590306
112861.3056192208 114488.3611666837
110304.0371238993 114488.3611666837
120533.1111051855 114805.3537819898
109984.3785619841 114805.3537819898
106627.9636618746 114963.8500896429
120533.1111051855 115122.3463972959
107427.1100666626 115122.3463972959
110304.0371238993 115439.3390126020
106787.7929428322 115439.3390126020
120213.4525432703 115756.3316279082
101992.9145141042 115756.3316279082
110463.8664048569 115914.8279355612
106468.1343809170 116231.8205508673
101513.4266712315 115914.8279355612
97997.1824901643 115914.8279355612
110144.2078429417 116073.3242432143
106947.6222237898 116073.3242432143
97517.6946472915 116073.3242432143
95919.4018377155 116231.8205508673
100074.9631426131 116390.3168585204
97357.8653663339 116390.3168585204
96718.5482425035 116390.3168585204
95439.9139948428 116548.8131661735
94321.1090281396 116548.8131661735

94640.7675900548 116548.8131661735
95439.9139948428 116548.8131661735
97357.8653663339 116390.3168585204
101513.4266712315 116390.3168585204
97517.6946472915 116073.3242432143
106148.4758190018 116073.3242432143
110144.2078429417 116073.3242432143
106947.6222237898 115914.8279355612
110463.8664048569 115914.8279355612
119733.9647003975 115914.8279355612
101992.9145141042 115756.3316279082
120213.4525432703 115756.3316279082
106787.7929428322 115439.3390126020
110304.0371238993 115439.3390126020
120533.1111051855 115439.3390126020
137794.6734486060 108940.9903988265
137315.1856057332 109099.4867064796
113180.9641811360 113220.3907054592
120533.1111051855 113695.8796284184
110623.6956858145 113695.8796284184
110943.3542477297 114171.3685513776
110623.6956858145 114329.8648590306
112861.3056192208 114488.3611666837
110304.0371238993 114488.3611666837
120533.1111051855 114805.3537819898
109984.3785619841 114805.3537819898
106627.9636618746 114963.8500896429
120533.1111051855 115122.3463972959
107427.1100666626 115122.3463972959
102792.0609188922 115914.8279355612
120053.6232623127 113854.3759360714

94640.7675900548 116548.8131661735
95439.9139948428 116548.8131661735
97357.8653663339 116390.3168585204
101513.4266712315 116390.3168585204
97517.6946472915 116073.3242432143
106148.4758190018 116073.3242432143
110144.2078429417 116073.3242432143
106947.6222237898 115914.8279355612
110463.8664048569 115914.8279355612
119733.9647003975 115914.8279355612
101992.9145141042 115756.3316279082
120213.4525432703 115756.3316279082
106787.7929428322 115439.3390126020
110304.0371238993 115439.3390126020
120533.1111051855 115439.3390126020
137794.6734486060 108940.9903988265
137315.1856057332 109099.4867064796
113180.9641811360 113220.3907054592
120533.1111051855 113695.8796284184
110623.6956858145 113695.8796284184
110943.3542477297 114171.3685513776
110623.6956858145 114329.8648590306
112861.3056192208 114488.3611666837
110304.0371238993 114488.3611666837
120533.1111051855 114805.3537819898
109984.3785619841 114805.3537819898
106627.9636618746 114963.8500896429
120533.1111051855 115122.3463972959
107427.1100666626 115122.3463972959
102792.0609188922 115914.8279355612
101513.4266712315 115914.8279355612

94640.7675900548 116548.8131661735
95439.9139948428 116548.8131661735
97357.8653663339 116390.3168585204
101513.4266712315 116390.3168585204
97517.6946472915 116073.3242432143
106148.4758190018 116073.3242432143
110144.2078429417 116073.3242432143
106947.6222237898 115914.8279355612
110463.8664048569 115914.8279355612
119733.9647003975 115914.8279355612
120213.4525432703 115756.3316279082
137794.6734486060 108940.9903988265
137315.1856057332 109099.4867064796
113180.9641811360 113220.3907054592
120533.1111051855 113695.8796284184
110623.6956858145 113695.8796284184
110943.3542477297 114171.3685513776
110623.6956858145 114329.8648590306
112861.3056192208 114488.3611666837
110304.0371238993 114488.3611666837
120533.1111051855 114805.3537819898
109984.3785619841 114805.3537819898
106627.9636618746 114963.8500896429
120533.1111051855 115122.3463972959
107427.1100666626 115122.3463972959
110304.0371238993 115439.3390126020
106787.7929428322 115439.3390126020
101992.9145141042 115756.3316279082
102792.0609188922 115914.8279355612
101513.4266712315 115914.8279355612
97997.1824901643 115914.8279355612

94321.1090281396 116548.8131661735
95439.9139948428 116548.8131661735
97357.8653663339 116390.3168585204
102312.5730760194 116231.8205508673
97517.6946472915 116073.3242432143
106148.4758190018 116073.3242432143
110144.2078429417 116073.3242432143
106947.6222237898 115914.8279355612
110463.8664048569 115914.8279355612
119733.9647003975 115914.8279355612
120213.4525432703 115756.3316279082
106787.7929428322 115439.3390126020
110304.0371238993 115439.3390126020
120533.1111051855 115439.3390126020
107427.1100666626 115122.3463972959
120533.1111051855 115122.3463972959
106627.9636618746 114963.8500896429
110304.0371238993 114963.8500896429
120533.1111051855 114805.3537819898
110304.0371238993 114488.3611666837
112861.3056192208 114488.3611666837
110623.6956858145 114329.8648590306
110943.3542477297 114171.3685513776
120053.6232623127 114171.3685513776
120053.6232623127 113854.3759360714
110623.6956858145 113695.8796284184
120533.1111051855 113695.8796284184
120692.9403861431 112744.9017825000
137794.6734486060 108940.9903988265
137315.1856057332 109099.4867064796
136675.8684819028 109574.9756294388

