111780.3046795935 129021.9514596388
112428.1933897519 129001.0420331412
112365.4944823172 128980.1326066436
112449.0930255635 128980.1326066436
112365.4944823172 128959.2231801459
112386.3941181288 128959.2231801459
112240.0966674479 128938.3137536483
112302.7955748825 128938.3137536483
112135.5984883900 128917.4043271507
112198.2973958247 128917.4043271507
112323.6952106941 128917.4043271507
112260.9963032594 128896.4949006531
112135.5984883900 128875.5854741555
112114.6988525785 128833.7666211602
112135.5984883900 128833.7666211602
112762.5875627369 128833.7666211602
112114.6988525785 128812.8571946626
112678.9890194907 128812.8571946626
112072.8995809554 128791.9477681650
112637.1897478676 128791.9477681650
112532.6915688097 128750.1289151697
112616.2901120560 128750.1289151697
112511.7919329982 128729.2194886721

112219.1970316363 129210.1362981174
111968.4014018975 129063.7703126341
112511.7919329982 129063.7703126341
111404.1112349854 129042.8608861364
111843.0035870282 129001.0420331412
112469.9926613751 129001.0420331412
113076.0820999104 128415.5780912077
112428.1933897519 128645.5817826816
112992.4835566641 128666.4912091792
112511.7919329982 128729.2194886721
112616.2901120560 128750.1289151697
112532.6915688097 128750.1289151697
112637.1897478676 128791.9477681650
112010.2006735207 128791.9477681650
112762.5875627369 128833.7666211602
112135.5984883900 128833.7666211602
112114.6988525785 128833.7666211602
112198.2973958247 128875.5854741555
111696.7061363472 128896.4949006531
111675.8065005357 128917.4043271507
112344.5948465057 128938.3137536483
112386.3941181288 128959.2231801459
112323.6952106941 128959.2231801459

103713.0452563302 135357.5076884188
111947.5017660860 129356.5022836008
111216.0145126813 129293.7740041079
112219.1970316363 129210.1362981174
111968.4014018975 129063.7703126341
112428.1933897519 129021.9514596388
112950.6842850410 129021.9514596388
112365.4944823172 128980.1326066436
110986.1185187541 128854.6760476578
112031.1003093322 128812.8571946626
112678.9890194907 128812.8571946626
113159.6806431566 128771.0383416673
112240.0966674479 128582.8535031887
112720.7882911138 128520.1252236958
113076.0820999104 128415.5780912077
128040.2213409895 124902.7944396069
127705.8271680045 125195.5264105736
127350.5333592079 125320.9829695594
126995.2395504113 125467.3489550427
126660.8453774263 125634.6243670238
125803.9603091522 125655.5337935214
113222.3795505913 128185.5743997339
113222.3795505913 128499.2157971982

112950.6842850410 128645.5817826816
112428.1933897519 128645.5817826816
112511.7919329982 128729.2194886721
112616.2901120560 128750.1289151697
112532.6915688097 128750.1289151697
112637.1897478676 128791.9477681650
112678.9890194907 128812.8571946626
112114.6988525785 128812.8571946626
112762.5875627369 128833.7666211602
112135.5984883900 128833.7666211602
112114.6988525785 128833.7666211602
112198.2973958247 128875.5854741555
111696.7061363472 128896.4949006531
112344.5948465057 128938.3137536483
112240.0966674479 128938.3137536483
112386.3941181288 128959.2231801459
112323.6952106941 128959.2231801459
112365.4944823172 128980.1326066436
112469.9926613751 129001.0420331412
111843.0035870282 129001.0420331412
111404.1112349854 129042.8608861364
111968.4014018975 129063.7703126341
112219.1970316363 129210.1362981174

112093.7992167669 129147.4080186245
112595.3904762444 129105.5891656293
111968.4014018975 129063.7703126341
111404.1112349854 129042.8608861364
110860.7207038847 129021.9514596388
112365.4944823172 128980.1326066436
112260.9963032594 128896.4949006531
127580.4293531351 125216.4358370713
127287.8344517732 125341.8923960570
126995.2395504113 125467.3489550427
126619.0461058032 125655.5337935214
113076.0820999104 128415.5780912077
112720.7882911138 128520.1252236958
112804.3868343601 128561.9440766911
112365.4944823172 128645.5817826816
111362.3119633622 128729.2194886721
112010.2006735207 128750.1289151697
112574.4908404329 128771.0383416673
112616.2901120560 128791.9477681650
112678.9890194907 128812.8571946626
112114.6988525785 128812.8571946626
112156.4981242016 128854.6760476578
111571.3083214778 128854.6760476578

112093.7992167669 129147.4080186245
111968.4014018975 129063.7703126341
111780.3046795935 129021.9514596388
111843.0035870282 129001.0420331412
112469.9926613751 129001.0420331412
112365.4944823172 128980.1326066436
112323.6952106941 128959.2231801459
112386.3941181288 128959.2231801459
112240.0966674479 128938.3137536483
112344.5948465057 128938.3137536483
112260.9963032594 128896.4949006531
112950.6842850410 128645.5817826816
112511.7919329982 128729.2194886721
112616.2901120560 128750.1289151697
112532.6915688097 128750.1289151697
112051.9999451438 128750.1289151697
112031.1003093322 128750.1289151697
112637.1897478676 128791.9477681650
112678.9890194907 128812.8571946626
112114.6988525785 128812.8571946626
112135.5984883900 128833.7666211602
112114.6988525785 128833.7666211602
112198.2973958247 128875.5854741555

112093.7992167669 129147.4080186245
127204.2359085269 125446.4395285451
113076.0820999104 128415.5780912077
112804.3868343601 128561.9440766911
112365.4944823172 128645.5817826816
112428.1933897519 128687.4006356768
111863.9032228397 128708.3100621745
112532.6915688097 128729.2194886721
111362.3119633622 128729.2194886721
112010.2006735207 128750.1289151697
113159.6806431566 128771.0383416673
112574.4908404329 128771.0383416673
112616.2901120560 128791.9477681650
112678.9890194907 128812.8571946626
112156.4981242016 128854.6760476578
112260.9963032594 128896.4949006531
112344.5948465057 128938.3137536483
112365.4944823172 128980.1326066436
112469.9926613751 129001.0420331412
111843.0035870282 129001.0420331412
111404.1112349854 129042.8608861364
112511.7919329982 129063.7703126341
111968.4014018975 129063.7703126341

112093.7992167669 129147.4080186245
111968.4014018975 129063.7703126341
112511.7919329982 129063.7703126341
111404.1112349854 129042.8608861364
111947.5017660860 129042.8608861364
111843.0035870282 129001.0420331412
112365.4944823172 128980.1326066436
112386.3941181288 128959.2231801459
112344.5948465057 128938.3137536483
111675.8065005357 128917.4043271507
111696.7061363472 128896.4949006531
112198.2973958247 128875.5854741555
112114.6988525785 128833.7666211602
112135.5984883900 128833.7666211602
112762.5875627369 128833.7666211602
112010.2006735207 128791.9477681650
112637.1897478676 128791.9477681650
112532.6915688097 128750.1289151697
112616.2901120560 128750.1289151697
112511.7919329982 128729.2194886721
112992.4835566641 128666.4912091792
112428.1933897519 128645.5817826816
113076.0820999104 128415.5780912077

112093.7992167669 129147.4080186245
111968.4014018975 129063.7703126341
112511.7919329982 129063.7703126341
111404.1112349854 129042.8608861364
111843.0035870282 129001.0420331412
112365.4944823172 128980.1326066436
112344.5948465057 128938.3137536483
111696.7061363472 128896.4949006531
112260.9963032594 128896.4949006531
112908.8850134179 128896.4949006531
112156.4981242016 128875.5854741555
112135.5984883900 128854.6760476578
112156.4981242016 128854.6760476578
112135.5984883900 128833.7666211602
112762.5875627369 128833.7666211602
112678.9890194907 128812.8571946626
113076.0820999104 128415.5780912077
112867.0857417948 128582.8535031887
112428.1933897519 128645.5817826816
112992.4835566641 128666.4912091792
112386.3941181288 128666.4912091792
112428.1933897519 128687.4006356768
111863.9032228397 128708.3100621745

113076.0820999104 128415.5780912077
112428.1933897519 128645.5817826816
112992.4835566641 128666.4912091792
112511.7919329982 128729.2194886721
112616.2901120560 128750.1289151697
112532.6915688097 128750.1289151697
112637.1897478676 128791.9477681650
112010.2006735207 128791.9477681650
112762.5875627369 128833.7666211602
112135.5984883900 128833.7666211602
112114.6988525785 128833.7666211602
112198.2973958247 128875.5854741555
111696.7061363472 128896.4949006531
111675.8065005357 128917.4043271507
112344.5948465057 128938.3137536483
112386.3941181288 128959.2231801459
112365.4944823172 128980.1326066436
112469.9926613751 129001.0420331412
111843.0035870282 129001.0420331412
111947.5017660860 129042.8608861364
111404.1112349854 129042.8608861364
112511.7919329982 129063.7703126341
112219.1970316363 129210.1362981174

111780.3046795935 129021.9514596388
112428.1933897519 129001.0420331412
112365.4944823172 128980.1326066436
112449.0930255635 128980.1326066436
112365.4944823172 128959.2231801459
112386.3941181288 128959.2231801459
112240.0966674479 128938.3137536483
112302.7955748825 128938.3137536483
112135.5984883900 128917.4043271507
112198.2973958247 128917.4043271507
112260.9963032594 128896.4949006531
112135.5984883900 128875.5854741555
112051.9999451438 128833.7666211602
112114.6988525785 128833.7666211602
112135.5984883900 128833.7666211602
112762.5875627369 128833.7666211602
112114.6988525785 128812.8571946626
112678.9890194907 128812.8571946626
112637.1897478676 128791.9477681650
112532.6915688097 128750.1289151697
112616.2901120560 128750.1289151697
112511.7919329982 128729.2194886721
112072.8995809554 128791.9477681650

111926.6021302744 129042.8608861364
111780.3046795935 129021.9514596388
112428.1933897519 129001.0420331412
112344.5948465057 128980.1326066436
112323.6952106941 128959.2231801459
112386.3941181288 128959.2231801459
112240.0966674479 128938.3137536483
112302.7955748825 128938.3137536483
112198.2973958247 128917.4043271507
112260.9963032594 128896.4949006531
112260.9963032594 128854.6760476578
112051.9999451438 128833.7666211602
112114.6988525785 128833.7666211602
112135.5984883900 128833.7666211602
112762.5875627369 128833.7666211602
112114.6988525785 128812.8571946626
112135.5984883900 128812.8571946626
112678.9890194907 128812.8571946626
112637.1897478676 128791.9477681650
112532.6915688097 128750.1289151697
112616.2901120560 128750.1289151697
112511.7919329982 128729.2194886721
112950.6842850410 128645.5817826816

112093.7992167669 129147.4080186245
112595.3904762444 129105.5891656293
111968.4014018975 129063.7703126341
111404.1112349854 129042.8608861364
110860.7207038847 129021.9514596388
112365.4944823172 128980.1326066436
112260.9963032594 128896.4949006531
112031.1003093322 128812.8571946626
112678.9890194907 128812.8571946626
113159.6806431566 128771.0383416673
112616.2901120560 128750.1289151697
111362.3119633622 128729.2194886721
111863.9032228397 128708.3100621745
112240.0966674479 128582.8535031887
112720.7882911138 128520.1252236958
113222.3795505913 128499.2157971982
113222.3795505913 128185.5743997339
128040.2213409895 124902.7944396069
127705.8271680045 125195.5264105736
127350.5333592079 125320.9829695594
126995.2395504113 125467.3489550427
126660.8453774263 125634.6243670238
126012.9566672678 125718.2620730142

112093.7992167669 129147.4080186245
112595.3904762444 129105.5891656293
111968.4014018975 129063.7703126341
111404.1112349854 129042.8608861364
110860.7207038847 129021.9514596388
112365.4944823172 128980.1326066436
112260.9963032594 128896.4949006531
112031.1003093322 128812.8571946626
112678.9890194907 128812.8571946626
113159.6806431566 128771.0383416673
112616.2901120560 128750.1289151697
111362.3119633622 128729.2194886721
111863.9032228397 128708.3100621745
112365.4944823172 128645.5817826816
112240.0966674479 128582.8535031887
112720.7882911138 128520.1252236958
113222.3795505913 128499.2157971982
113076.0820999104 128415.5780912077
113222.3795505913 128185.5743997339
126619.0461058032 125655.5337935214
126995.2395504113 125467.3489550427
127287.8344517732 125341.8923960570
127580.4293531351 125216.4358370713

112093.7992167669 129147.4080186245
111968.4014018975 129063.7703126341
111780.3046795935 129021.9514596388
111843.0035870282 129001.0420331412
112449.0930255635 128980.1326066436
112323.6952106941 128959.2231801459
112365.4944823172 128959.2231801459
112386.3941181288 128959.2231801459
112240.0966674479 128938.3137536483
112302.7955748825 128938.3137536483
112260.9963032594 128896.4949006531
112051.9999451438 128833.7666211602
112114.6988525785 128833.7666211602
112135.5984883900 128833.7666211602
112762.5875627369 128833.7666211602
112950.6842850410 128645.5817826816
112428.1933897519 128645.5817826816
112511.7919329982 128729.2194886721
112616.2901120560 128750.1289151697
112532.6915688097 128750.1289151697
112637.1897478676 128791.9477681650
112678.9890194907 128812.8571946626
112114.6988525785 128812.8571946626

112093.7992167669 129147.4080186245
112511.7919329982 129063.7703126341
111404.1112349854 129042.8608861364
111947.5017660860 129042.8608861364
111843.0035870282 129001.0420331412
112365.4944823172 128980.1326066436
112323.6952106941 128959.2231801459
112386.3941181288 128959.2231801459
112344.5948465057 128938.3137536483
111675.8065005357 128917.4043271507
111696.7061363472 128896.4949006531
112198.2973958247 128875.5854741555
112114.6988525785 128833.7666211602
112135.5984883900 128833.7666211602
112762.5875627369 128833.7666211602
112010.2006735207 128791.9477681650
112637.1897478676 128791.9477681650
112532.6915688097 128750.1289151697
112616.2901120560 128750.1289151697
112511.7919329982 128729.2194886721
112992.4835566641 128666.4912091792
112428.1933897519 128645.5817826816
112950.6842850410 128645.5817826816

112093.7992167669 129147.4080186245
111968.4014018975 129063.7703126341
111404.1112349854 129042.8608861364
111843.0035870282 129001.0420331412
112469.9926613751 129001.0420331412
112365.4944823172 128980.1326066436
112260.9963032594 128917.4043271507
113076.0820999104 128415.5780912077
112428.1933897519 128645.5817826816
112992.4835566641 128666.4912091792
112511.7919329982 128729.2194886721
112616.2901120560 128750.1289151697
112532.6915688097 128750.1289151697
112637.1897478676 128791.9477681650
112010.2006735207 128791.9477681650
112762.5875627369 128833.7666211602
112135.5984883900 128833.7666211602
112114.6988525785 128833.7666211602
112198.2973958247 128875.5854741555
111696.7061363472 128896.4949006531
111675.8065005357 128917.4043271507
112344.5948465057 128938.3137536483
112386.3941181288 128959.2231801459

111926.6021302744 129042.8608861364
111780.3046795935 129021.9514596388
112428.1933897519 129001.0420331412
112449.0930255635 128980.1326066436
112323.6952106941 128959.2231801459
112365.4944823172 128959.2231801459
112386.3941181288 128959.2231801459
112240.0966674479 128938.3137536483
112302.7955748825 128938.3137536483
112198.2973958247 128917.4043271507
112260.9963032594 128896.4949006531
112260.9963032594 128854.6760476578
112051.9999451438 128833.7666211602
112114.6988525785 128833.7666211602
112135.5984883900 128833.7666211602
112762.5875627369 128833.7666211602
112114.6988525785 128812.8571946626
112678.9890194907 128812.8571946626
112072.8995809554 128791.9477681650
112637.1897478676 128791.9477681650
112950.6842850410 128645.5817826816
112511.7919329982 128729.2194886721
112616.2901120560 128750.1289151697

112093.7992167669 129147.4080186245
111968.4014018975 129063.7703126341
111780.3046795935 129021.9514596388
112344.5948465057 128980.1326066436
112449.0930255635 128980.1326066436
112323.6952106941 128959.2231801459
112365.4944823172 128959.2231801459
112386.3941181288 128959.2231801459
112240.0966674479 128938.3137536483
112302.7955748825 128938.3137536483
112260.9963032594 128896.4949006531
112135.5984883900 128875.5854741555
112114.6988525785 128833.7666211602
112135.5984883900 128833.7666211602
112762.5875627369 128833.7666211602
112114.6988525785 128812.8571946626
112678.9890194907 128812.8571946626
112637.1897478676 128791.9477681650
112532.6915688097 128750.1289151697
112616.2901120560 128750.1289151697
112511.7919329982 128729.2194886721
112428.1933897519 128645.5817826816
112950.6842850410 128645.5817826816

112219.1970316363 129210.1362981174
112511.7919329982 129063.7703126341
111404.1112349854 129042.8608861364
111947.5017660860 129042.8608861364
111843.0035870282 129001.0420331412
112365.4944823172 128980.1326066436
112323.6952106941 128959.2231801459
112386.3941181288 128959.2231801459
112344.5948465057 128938.3137536483
111675.8065005357 128917.4043271507
111696.7061363472 128896.4949006531
112198.2973958247 128875.5854741555
112114.6988525785 128833.7666211602
112135.5984883900 128833.7666211602
112762.5875627369 128833.7666211602
112010.2006735207 128791.9477681650
112637.1897478676 128791.9477681650
113076.0820999104 128415.5780912077
112867.0857417948 128582.8535031887
112428.1933897519 128645.5817826816
112992.4835566641 128666.4912091792
112616.2901120560 128750.1289151697
112532.6915688097 128750.1289151697

112093.7992167669 129147.4080186245
111968.4014018975 129063.7703126341
111404.1112349854 129042.8608861364
111843.0035870282 129001.0420331412
112469.9926613751 129001.0420331412
112365.4944823172 128980.1326066436
112260.9963032594 128917.4043271507
112260.9963032594 128896.4949006531
112156.4981242016 128854.6760476578
112114.6988525785 128812.8571946626
112678.9890194907 128812.8571946626
112616.2901120560 128791.9477681650
112574.4908404329 128771.0383416673
113159.6806431566 128771.0383416673
112010.2006735207 128750.1289151697
111362.3119633622 128729.2194886721
111863.9032228397 128708.3100621745
112428.1933897519 128687.4006356768
112365.4944823172 128645.5817826816
112804.3868343601 128561.9440766911
113076.0820999104 128415.5780912077
127204.2359085269 125446.4395285451
112532.6915688097 128729.2194886721

112093.7992167669 129147.4080186245
112595.3904762444 129105.5891656293
112511.7919329982 129063.7703126341
111404.1112349854 129042.8608861364
110860.7207038847 129021.9514596388
112344.5948465057 128938.3137536483
112260.9963032594 128896.4949006531
111571.3083214778 128854.6760476578
112156.4981242016 128854.6760476578
112114.6988525785 128812.8571946626
112678.9890194907 128812.8571946626
127580.4293531351 125216.4358370713
127287.8344517732 125341.8923960570
126995.2395504113 125467.3489550427
113076.0820999104 128415.5780912077
112720.7882911138 128520.1252236958
112804.3868343601 128561.9440766911
112365.4944823172 128645.5817826816
112428.1933897519 128687.4006356768
111362.3119633622 128729.2194886721
112010.2006735207 128750.1289151697
112574.4908404329 128771.0383416673
112616.2901120560 128791.9477681650

111780.3046795935 129021.9514596388
112428.1933897519 129001.0420331412
112365.4944823172 128980.1326066436
112449.0930255635 128980.1326066436
112365.4944823172 128959.2231801459
112386.3941181288 128959.2231801459
112240.0966674479 128938.3137536483
112302.7955748825 128938.3137536483
112135.5984883900 128917.4043271507
112198.2973958247 128917.4043271507
112323.6952106941 128917.4043271507
112260.9963032594 128896.4949006531
112135.5984883900 128875.5854741555
112051.9999451438 128833.7666211602
112114.6988525785 128833.7666211602
112135.5984883900 128833.7666211602
112511.7919329982 128729.2194886721
112532.6915688097 128750.1289151697
112469.9926613751 128771.0383416673
112637.1897478676 128791.9477681650
112198.2973958247 128812.8571946626
112114.6988525785 128812.8571946626
112762.5875627369 128833.7666211602

112093.7992167669 129147.4080186245
112595.3904762444 129105.5891656293
111968.4014018975 129063.7703126341
112511.7919329982 129063.7703126341
111404.1112349854 129042.8608861364
110860.7207038847 129021.9514596388
127580.4293531351 125216.4358370713
127287.8344517732 125341.8923960570
126995.2395504113 125467.3489550427
126619.0461058032 125655.5337935214
113076.0820999104 128415.5780912077
112720.7882911138 128520.1252236958
112804.3868343601 128561.9440766911
112365.4944823172 128645.5817826816
111362.3119633622 128729.2194886721
112010.2006735207 128750.1289151697
112574.4908404329 128771.0383416673
112616.2901120560 128791.9477681650
112678.9890194907 128812.8571946626
112114.6988525785 128812.8571946626
112156.4981242016 128854.6760476578
111571.3083214778 128854.6760476578
112260.9963032594 128896.4949006531

126096.5552105141 125655.5337935214
112093.7992167669 129147.4080186245
110359.1294444072 129105.5891656293
112595.3904762444 129105.5891656293
111968.4014018975 129063.7703126341
111404.1112349854 129042.8608861364
110860.7207038847 129021.9514596388
112950.6842850410 129021.9514596388
112365.4944823172 128980.1326066436
112031.1003093322 128812.8571946626
112678.9890194907 128812.8571946626
113159.6806431566 128771.0383416673
111362.3119633622 128729.2194886721
111863.9032228397 128708.3100621745
112365.4944823172 128645.5817826816
112240.0966674479 128582.8535031887
112720.7882911138 128520.1252236958
113222.3795505913 128499.2157971982
113222.3795505913 128185.5743997339
126619.0461058032 125655.5337935214
126995.2395504113 125467.3489550427
127287.8344517732 125341.8923960570
127580.4293531351 125216.4358370713

112093.7992167669 129147.4080186245
112511.7919329982 129063.7703126341
111404.1112349854 129042.8608861364
111947.5017660860 129042.8608861364
112950.6842850410 128645.5817826816
112511.7919329982 128729.2194886721
112616.2901120560 128750.1289151697
112532.6915688097 128750.1289151697
112051.9999451438 128750.1289151697
112637.1897478676 128791.9477681650
112678.9890194907 128812.8571946626
112114.6988525785 128812.8571946626
112762.5875627369 128833.7666211602
112135.5984883900 128833.7666211602
112114.6988525785 128833.7666211602
112198.2973958247 128875.5854741555
111696.7061363472 128896.4949006531
111675.8065005357 128917.4043271507
112344.5948465057 128938.3137536483
112386.3941181288 128959.2231801459
112323.6952106941 128959.2231801459
112365.4944823172 128980.1326066436
112469.9926613751 129001.0420331412

112093.7992167669 129147.4080186245
111968.4014018975 129063.7703126341
111404.1112349854 129042.8608861364
111843.0035870282 129001.0420331412
112469.9926613751 129001.0420331412
112365.4944823172 128980.1326066436
113076.0820999104 128415.5780912077
112867.0857417948 128582.8535031887
112428.1933897519 128645.5817826816
112992.4835566641 128666.4912091792
112616.2901120560 128750.1289151697
112532.6915688097 128750.1289151697
112051.9999451438 128750.1289151697
112678.9890194907 128812.8571946626
112762.5875627369 128833.7666211602
112135.5984883900 128833.7666211602
112156.4981242016 128854.6760476578
112135.5984883900 128854.6760476578
112156.4981242016 128875.5854741555
112908.8850134179 128896.4949006531
112260.9963032594 128896.4949006531
111696.7061363472 128896.4949006531
112344.5948465057 128938.3137536483

112093.7992167669 129147.4080186245
112595.3904762444 129105.5891656293
111968.4014018975 129063.7703126341
112511.7919329982 129063.7703126341
111404.1112349854 129042.8608861364
127580.4293531351 125216.4358370713
127287.8344517732 125341.8923960570
126995.2395504113 125467.3489550427
126619.0461058032 125655.5337935214
113222.3795505913 128185.5743997339
113222.3795505913 128499.2157971982
112720.7882911138 128520.1252236958
112240.0966674479 128582.8535031887
112365.4944823172 128645.5817826816
111863.9032228397 128708.3100621745
111362.3119633622 128729.2194886721
112616.2901120560 128750.1289151697
113159.6806431566 128771.0383416673
112678.9890194907 128812.8571946626
112031.1003093322 128812.8571946626
112365.4944823172 128980.1326066436
112950.6842850410 129021.9514596388
110860.7207038847 129021.9514596388

111780.3046795935 129021.9514596388
112428.1933897519 129001.0420331412
112365.4944823172 128980.1326066436
112449.0930255635 128980.1326066436
112386.3941181288 128959.2231801459
112240.0966674479 128938.3137536483
112302.7955748825 128938.3137536483
112135.5984883900 128917.4043271507
112198.2973958247 128917.4043271507
112260.9963032594 128896.4949006531
112198.2973958247 128875.5854741555
112511.7919329982 128729.2194886721
112532.6915688097 128750.1289151697
112469.9926613751 128771.0383416673
112637.1897478676 128791.9477681650
112198.2973958247 128812.8571946626
112114.6988525785 128812.8571946626
112762.5875627369 128833.7666211602
112135.5984883900 128833.7666211602
112114.6988525785 128833.7666211602
112051.9999451438 128833.7666211602
111947.5017660860 128833.7666211602
112323.6952106941 128917.4043271507

112219.1970316363 129210.1362981174
112093.7992167669 129147.4080186245
112595.3904762444 129105.5891656293
111968.4014018975 129063.7703126341
111404.1112349854 129042.8608861364
110860.7207038847 129021.9514596388
112950.6842850410 129021.9514596388
112365.4944823172 128980.1326066436
128458.2140572207 124840.0661601140
128040.2213409895 124902.7944396069
127705.8271680045 125195.5264105736
127350.5333592079 125320.9829695594
126995.2395504113 125467.3489550427
126660.8453774263 125634.6243670238
126012.9566672678 125718.2620730142
113953.8668039960 127997.3895612552
113076.0820999104 128415.5780912077
112720.7882911138 128520.1252236958
114016.5657114307 128582.8535031887
112240.0966674479 128582.8535031887
111863.9032228397 128708.3100621745
113159.6806431566 128771.0383416673
112678.9890194907 128812.8571946626

112093.7992167669 129147.4080186245
111968.4014018975 129063.7703126341
111404.1112349854 129042.8608861364
111843.0035870282 129001.0420331412
112469.9926613751 129001.0420331412
112365.4944823172 128980.1326066436
111195.1148768697 128959.2231801459
111571.3083214778 128854.6760476578
112156.4981242016 128854.6760476578
112114.6988525785 128812.8571946626
112678.9890194907 128812.8571946626
112616.2901120560 128791.9477681650
112574.4908404329 128771.0383416673
113159.6806431566 128771.0383416673
112010.2006735207 128750.1289151697
111362.3119633622 128729.2194886721
111863.9032228397 128708.3100621745
112428.1933897519 128687.4006356768
112365.4944823172 128645.5817826816
112658.0893836791 128499.2157971982
113076.0820999104 128415.5780912077
127204.2359085269 125446.4395285451
112532.6915688097 128729.2194886721

112093.7992167669 129147.4080186245
111968.4014018975 129063.7703126341
111780.3046795935 129021.9514596388
112344.5948465057 128980.1326066436
112449.0930255635 128980.1326066436
112323.6952106941 128959.2231801459
112365.4944823172 128959.2231801459
112386.3941181288 128959.2231801459
112240.0966674479 128938.3137536483
112302.7955748825 128938.3137536483
112260.9963032594 128896.4949006531
112135.5984883900 128875.5854741555
112051.9999451438 128833.7666211602
112114.6988525785 128833.7666211602
112135.5984883900 128833.7666211602
112762.5875627369 128833.7666211602
112114.6988525785 128812.8571946626
112678.9890194907 128812.8571946626
112637.1897478676 128791.9477681650
112950.6842850410 128645.5817826816
112511.7919329982 128729.2194886721
112532.6915688097 128750.1289151697
112240.0966674479 128917.4043271507

113076.0820999104 128415.5780912077
112428.1933897519 128645.5817826816
112992.4835566641 128666.4912091792
112511.7919329982 128729.2194886721
112616.2901120560 128750.1289151697
112532.6915688097 128750.1289151697
112637.1897478676 128791.9477681650
112010.2006735207 128791.9477681650
112762.5875627369 128833.7666211602
112135.5984883900 128833.7666211602
112114.6988525785 128833.7666211602
112198.2973958247 128875.5854741555
111696.7061363472 128896.4949006531
111675.8065005357 128917.4043271507
112344.5948465057 128938.3137536483
112386.3941181288 128959.2231801459
112323.6952106941 128959.2231801459
112365.4944823172 128980.1326066436
111843.0035870282 129001.0420331412
111947.5017660860 129042.8608861364
111404.1112349854 129042.8608861364
112762.5875627369 129189.2268716198
112219.1970316363 129210.1362981174

112093.7992167669 129147.4080186245
111780.3046795935 129021.9514596388
112365.4944823172 128980.1326066436
112449.0930255635 128980.1326066436
112365.4944823172 128959.2231801459
112386.3941181288 128959.2231801459
112950.6842850410 128645.5817826816
112428.1933897519 128645.5817826816
112511.7919329982 128729.2194886721
112532.6915688097 128750.1289151697
112637.1897478676 128791.9477681650
112678.9890194907 128812.8571946626
112114.6988525785 128812.8571946626
111947.5017660860 128812.8571946626
112762.5875627369 128833.7666211602
112135.5984883900 128833.7666211602
112114.6988525785 128833.7666211602
112051.9999451438 128833.7666211602
112260.9963032594 128896.4949006531
112302.7955748825 128938.3137536483
112240.0966674479 128938.3137536483
112323.6952106941 128959.2231801459
111843.0035870282 129001.0420331412

112093.7992167669 129147.4080186245
111780.3046795935 129021.9514596388
112365.4944823172 128980.1326066436
112449.0930255635 128980.1326066436
112365.4944823172 128959.2231801459
112386.3941181288 128959.2231801459
112240.0966674479 128938.3137536483
112302.7955748825 128938.3137536483
112135.5984883900 128917.4043271507
112198.2973958247 128917.4043271507
112260.9963032594 128896.4949006531
112135.5984883900 128875.5854741555
112950.6842850410 128645.5817826816
112428.1933897519 128645.5817826816
112511.7919329982 128729.2194886721
112532.6915688097 128750.1289151697
112637.1897478676 128791.9477681650
112678.9890194907 128812.8571946626
112114.6988525785 128812.8571946626
112762.5875627369 128833.7666211602
112135.5984883900 128833.7666211602
112114.6988525785 128833.7666211602
112051.9999451438 128833.7666211602

112093.7992167669 129147.4080186245
111968.4014018975 129063.7703126341
111780.3046795935 129021.9514596388
112344.5948465057 128980.1326066436
112449.0930255635 128980.1326066436
112323.6952106941 128959.2231801459
112365.4944823172 128959.2231801459
112386.3941181288 128959.2231801459
112240.0966674479 128938.3137536483
112302.7955748825 128938.3137536483
112260.9963032594 128896.4949006531
112051.9999451438 128833.7666211602
112114.6988525785 128833.7666211602
112135.5984883900 128833.7666211602
112762.5875627369 128833.7666211602
111947.5017660860 128812.8571946626
112114.6988525785 128812.8571946626
112678.9890194907 128812.8571946626
112637.1897478676 128791.9477681650
112532.6915688097 128750.1289151697
112511.7919329982 128729.2194886721
112950.6842850410 128645.5817826816
112135.5984883900 128875.5854741555

112219.1970316363 129210.1362981174
112511.7919329982 129063.7703126341
111404.1112349854 129042.8608861364
111947.5017660860 129042.8608861364
111843.0035870282 129001.0420331412
112469.9926613751 129001.0420331412
112365.4944823172 128980.1326066436
112344.5948465057 128938.3137536483
111675.8065005357 128917.4043271507
111696.7061363472 128896.4949006531
112260.9963032594 128896.4949006531
112908.8850134179 128896.4949006531
112114.6988525785 128833.7666211602
112135.5984883900 128833.7666211602
112762.5875627369 128833.7666211602
112867.0857417948 128582.8535031887
112428.1933897519 128645.5817826816
112992.4835566641 128666.4912091792
112511.7919329982 128729.2194886721
112616.2901120560 128750.1289151697
112532.6915688097 128750.1289151697
112637.1897478676 128791.9477681650
112010.2006735207 128791.9477681650

112219.1970316363 129210.1362981174
112511.7919329982 129063.7703126341
111404.1112349854 129042.8608861364
111947.5017660860 129042.8608861364
111843.0035870282 129001.0420331412
112365.4944823172 128980.1326066436
112323.6952106941 128959.2231801459
112386.3941181288 128959.2231801459
112344.5948465057 128938.3137536483
111675.8065005357 128917.4043271507
111696.7061363472 128896.4949006531
112198.2973958247 128875.5854741555
112867.0857417948 128582.8535031887
112428.1933897519 128645.5817826816
112992.4835566641 128666.4912091792
112511.7919329982 128729.2194886721
112616.2901120560 128750.1289151697
112532.6915688097 128750.1289151697
112637.1897478676 128791.9477681650
112010.2006735207 128791.9477681650
112762.5875627369 128833.7666211602
112135.5984883900 128833.7666211602
112114.6988525785 128833.7666211602

112093.7992167669 129147.4080186245
111780.3046795935 129021.9514596388
112365.4944823172 128980.1326066436
112449.0930255635 128980.1326066436
112365.4944823172 128959.2231801459
112386.3941181288 128959.2231801459
112240.0966674479 128938.3137536483
112302.7955748825 128938.3137536483
112135.5984883900 128917.4043271507
112198.2973958247 128917.4043271507
112323.6952106941 128917.4043271507
112260.9963032594 128896.4949006531
112950.6842850410 128645.5817826816
112511.7919329982 128729.2194886721
112616.2901120560 128750.1289151697
112532.6915688097 128750.1289151697
112637.1897478676 128791.9477681650
112678.9890194907 128812.8571946626
112114.6988525785 128812.8571946626
112762.5875627369 128833.7666211602
112135.5984883900 128833.7666211602
112114.6988525785 128833.7666211602
112051.9999451438 128833.7666211602

112219.1970316363 129210.1362981174
112511.7919329982 129063.7703126341
111404.1112349854 129042.8608861364
111947.5017660860 129042.8608861364
111843.0035870282 129001.0420331412
112365.4944823172 128980.1326066436
112323.6952106941 128959.2231801459
112386.3941181288 128959.2231801459
112344.5948465057 128938.3137536483
111675.8065005357 128917.4043271507
111696.7061363472 128896.4949006531
112198.2973958247 128875.5854741555
112114.6988525785 128833.7666211602
112135.5984883900 128833.7666211602
112762.5875627369 128833.7666211602
112010.2006735207 128791.9477681650
112637.1897478676 128791.9477681650
113076.0820999104 128415.5780912077
112867.0857417948 128582.8535031887
112428.1933897519 128645.5817826816
112992.4835566641 128666.4912091792
112386.3941181288 128666.4912091792
112428.1933897519 128687.4006356768

112950.6842850410 128645.5817826816
112511.7919329982 128729.2194886721
112616.2901120560 128750.1289151697
112637.1897478676 128791.9477681650
112678.9890194907 128812.8571946626
112114.6988525785 128812.8571946626
112762.5875627369 128833.7666211602
112135.5984883900 128833.7666211602
112114.6988525785 128833.7666211602
112051.9999451438 128833.7666211602
112135.5984883900 128875.5854741555
112260.9963032594 128896.4949006531
112323.6952106941 128917.4043271507
112198.2973958247 128917.4043271507
112135.5984883900 128917.4043271507
112302.7955748825 128938.3137536483
112240.0966674479 128938.3137536483
112386.3941181288 128959.2231801459
112365.4944823172 128959.2231801459
112449.0930255635 128980.1326066436
112365.4944823172 128980.1326066436
112428.1933897519 129001.0420331412
111780.3046795935 129021.9514596388

112093.7992167669 129147.4080186245
111780.3046795935 129021.9514596388
112428.1933897519 129001.0420331412
112449.0930255635 128980.1326066436
112323.6952106941 128959.2231801459
112365.4944823172 128959.2231801459
112386.3941181288 128959.2231801459
112240.0966674479 128938.3137536483
112302.7955748825 128938.3137536483
112135.5984883900 128917.4043271507
112198.2973958247 128917.4043271507
112260.9963032594 128896.4949006531
112114.6988525785 128854.6760476578
112260.9963032594 128854.6760476578
112114.6988525785 128833.7666211602
112135.5984883900 128833.7666211602
112762.5875627369 128833.7666211602
111947.5017660860 128812.8571946626
112114.6988525785 128812.8571946626
112950.6842850410 128645.5817826816
112511.7919329982 128729.2194886721
112616.2901120560 128750.1289151697
112637.1897478676 128791.9477681650

112093.7992167669 129147.4080186245
112595.3904762444 129105.5891656293
111968.4014018975 129063.7703126341
112511.7919329982 129063.7703126341
111404.1112349854 129042.8608861364
110860.7207038847 129021.9514596388
112365.4944823172 128980.1326066436
112260.9963032594 128896.4949006531
112031.1003093322 128812.8571946626
112678.9890194907 128812.8571946626
127580.4293531351 125216.4358370713
127287.8344517732 125341.8923960570
126995.2395504113 125467.3489550427
126619.0461058032 125655.5337935214
113222.3795505913 128185.5743997339
113222.3795505913 128499.2157971982
112720.7882911138 128520.1252236958
112240.0966674479 128582.8535031887
112365.4944823172 128645.5817826816
111863.9032228397 128708.3100621745
111362.3119633622 128729.2194886721
113159.6806431566 128771.0383416673
112950.6842850410 129021.9514596388

127580.4293531351 125216.4358370713
127287.8344517732 125341.8923960570
126995.2395504113 125467.3489550427
113076.0820999104 128415.5780912077
112720.7882911138 128520.1252236958
112804.3868343601 128561.9440766911
112365.4944823172 128645.5817826816
112428.1933897519 128687.4006356768
111362.3119633622 128729.2194886721
112010.2006735207 128750.1289151697
112574.4908404329 128771.0383416673
112616.2901120560 128791.9477681650
112678.9890194907 128812.8571946626
112114.6988525785 128812.8571946626
112156.4981242016 128854.6760476578
111571.3083214778 128854.6760476578
112260.9963032594 128896.4949006531
110860.7207038847 129021.9514596388
111404.1112349854 129042.8608861364
112511.7919329982 129063.7703126341
111968.4014018975 129063.7703126341
112595.3904762444 129105.5891656293
112093.7992167669 129147.4080186245

111780.3046795935 129021.9514596388
112428.1933897519 129001.0420331412
112365.4944823172 128980.1326066436
112449.0930255635 128980.1326066436
112365.4944823172 128959.2231801459
112386.3941181288 128959.2231801459
112240.0966674479 128938.3137536483
112302.7955748825 128938.3137536483
112135.5984883900 128917.4043271507
112198.2973958247 128917.4043271507
112260.9963032594 128896.4949006531
112511.7919329982 128729.2194886721
112616.2901120560 128750.1289151697
112532.6915688097 128750.1289151697
112637.1897478676 128791.9477681650
112072.8995809554 128791.9477681650
112678.9890194907 128812.8571946626
112114.6988525785 128812.8571946626
111947.5017660860 128812.8571946626
112762.5875627369 128833.7666211602
112135.5984883900 128833.7666211602
112114.6988525785 128833.7666211602
112051.9999451438 128833.7666211602

112219.1970316363 129210.1362981174
112511.7919329982 129063.7703126341
111404.1112349854 129042.8608861364
111947.5017660860 129042.8608861364
111843.0035870282 129001.0420331412
112469.9926613751 129001.0420331412
112365.4944823172 128980.1326066436
112344.5948465057 128938.3137536483
111675.8065005357 128917.4043271507
111696.7061363472 128896.4949006531
112260.9963032594 128896.4949006531
112908.8850134179 128896.4949006531
112135.5984883900 128833.7666211602
112762.5875627369 128833.7666211602
112678.9890194907 128812.8571946626
112532.6915688097 128750.1289151697
111863.9032228397 128708.3100621745
112428.1933897519 128687.4006356768
112386.3941181288 128666.4912091792
112992.4835566641 128666.4912091792
112428.1933897519 128645.5817826816
112867.0857417948 128582.8535031887
113076.0820999104 128415.5780912077

112093.7992167669 129147.4080186245
111968.4014018975 129063.7703126341
111404.1112349854 129042.8608861364
111843.0035870282 129001.0420331412
112469.9926613751 129001.0420331412
112365.4944823172 128980.1326066436
112260.9963032594 128917.4043271507
112260.9963032594 128896.4949006531
113076.0820999104 128415.5780912077
112867.0857417948 128582.8535031887
112428.1933897519 128645.5817826816
112992.4835566641 128666.4912091792
112386.3941181288 128666.4912091792
112428.1933897519 128687.4006356768
111863.9032228397 128708.3100621745
112532.6915688097 128750.1289151697
112678.9890194907 128812.8571946626
112762.5875627369 128833.7666211602
112135.5984883900 128833.7666211602
112908.8850134179 128896.4949006531
111696.7061363472 128896.4949006531
111675.8065005357 128917.4043271507
112344.5948465057 128938.3137536483

112093.7992167669 129147.4080186245
112595.3904762444 129105.5891656293
111968.4014018975 129063.7703126341
112511.7919329982 129063.7703126341
111404.1112349854 129042.8608861364
110860.7207038847 129021.9514596388
112260.9963032594 128896.4949006531
111571.3083214778 128854.6760476578
112156.4981242016 128854.6760476578
112114.6988525785 128812.8571946626
112678.9890194907 128812.8571946626
112616.2901120560 128791.9477681650
112574.4908404329 128771.0383416673
127747.6264396276 124965.5227190998
111362.3119633622 128729.2194886721
112365.4944823172 128645.5817826816
112720.7882911138 128520.1252236958
112658.0893836791 128499.2157971982
113076.0820999104 128415.5780912077
127580.4293531351 125216.4358370713
127287.8344517732 125341.8923960570
126995.2395504113 125467.3489550427
126619.0461058032 125655.5337935214

112219.1970316363 129210.1362981174
111968.4014018975 129063.7703126341
111404.1112349854 129042.8608861364
111843.0035870282 129001.0420331412
112469.9926613751 129001.0420331412
112365.4944823172 128980.1326066436
112323.6952106941 128959.2231801459
112386.3941181288 128959.2231801459
112240.0966674479 128938.3137536483
112344.5948465057 128938.3137536483
111696.7061363472 128896.4949006531
112198.2973958247 128875.5854741555
112950.6842850410 128645.5817826816
112511.7919329982 128729.2194886721
112616.2901120560 128750.1289151697
112532.6915688097 128750.1289151697
112051.9999451438 128750.1289151697
112637.1897478676 128791.9477681650
112678.9890194907 128812.8571946626
112114.6988525785 128812.8571946626
112762.5875627369 128833.7666211602
112135.5984883900 128833.7666211602
112114.6988525785 128833.7666211602

112093.7992167669 129147.4080186245
111968.4014018975 129063.7703126341
111780.3046795935 129021.9514596388
112344.5948465057 128980.1326066436
112449.0930255635 128980.1326066436
112323.6952106941 128959.2231801459
112365.4944823172 128959.2231801459
112386.3941181288 128959.2231801459
112240.0966674479 128938.3137536483
112302.7955748825 128938.3137536483
112260.9963032594 128896.4949006531
112950.6842850410 128645.5817826816
112511.7919329982 128729.2194886721
112616.2901120560 128750.1289151697
112532.6915688097 128750.1289151697
112637.1897478676 128791.9477681650
112678.9890194907 128812.8571946626
112114.6988525785 128812.8571946626
112762.5875627369 128833.7666211602
112135.5984883900 128833.7666211602
112114.6988525785 128833.7666211602
112135.5984883900 128875.5854741555
112323.6952106941 128917.4043271507

112219.1970316363 129210.1362981174
112093.7992167669 129147.4080186245
112595.3904762444 129105.5891656293
111968.4014018975 129063.7703126341
111404.1112349854 129042.8608861364
110860.7207038847 129021.9514596388
112950.6842850410 129021.9514596388
112365.4944823172 128980.1326066436
112031.1003093322 128812.8571946626
112678.9890194907 128812.8571946626
113159.6806431566 128771.0383416673
112616.2901120560 128750.1289151697
111362.3119633622 128729.2194886721
111863.9032228397 128708.3100621745
112365.4944823172 128645.5817826816
112240.0966674479 128582.8535031887
127580.4293531351 125216.4358370713
127287.8344517732 125341.8923960570
126995.2395504113 125467.3489550427
126619.0461058032 125655.5337935214
113076.0820999104 128415.5780912077
112720.7882911138 128520.1252236958
112428.1933897519 128687.4006356768

112219.1970316363 129210.1362981174
113076.0820999104 128415.5780912077
112428.1933897519 128645.5817826816
112992.4835566641 128666.4912091792
112511.7919329982 128729.2194886721
112616.2901120560 128750.1289151697
112532.6915688097 128750.1289151697
112637.1897478676 128791.9477681650
112010.2006735207 128791.9477681650
112762.5875627369 128833.7666211602
112135.5984883900 128833.7666211602
112114.6988525785 128833.7666211602
112198.2973958247 128875.5854741555
111696.7061363472 128896.4949006531
111675.8065005357 128917.4043271507
112344.5948465057 128938.3137536483
112386.3941181288 128959.2231801459
112323.6952106941 128959.2231801459
112365.4944823172 128980.1326066436
112469.9926613751 129001.0420331412
111843.0035870282 129001.0420331412
111404.1112349854 129042.8608861364
111968.4014018975 129063.7703126341

112093.7992167669 129147.4080186245
111968.4014018975 129063.7703126341
111404.1112349854 129042.8608861364
111843.0035870282 129001.0420331412
112469.9926613751 129001.0420331412
112365.4944823172 128980.1326066436
111195.1148768697 128959.2231801459
112344.5948465057 128938.3137536483
112156.4981242016 128854.6760476578
112114.6988525785 128812.8571946626
112678.9890194907 128812.8571946626
127580.4293531351 125216.4358370713
127287.8344517732 125341.8923960570
126995.2395504113 125467.3489550427
113076.0820999104 128415.5780912077
112720.7882911138 128520.1252236958
112804.3868343601 128561.9440766911
112365.4944823172 128645.5817826816
112428.1933897519 128687.4006356768
111362.3119633622 128729.2194886721
112010.2006735207 128750.1289151697
113159.6806431566 128771.0383416673
112574.4908404329 128771.0383416673

112093.7992167669 129147.4080186245
111968.4014018975 129063.7703126341
111404.1112349854 129042.8608861364
110860.7207038847 129021.9514596388
111843.0035870282 129001.0420331412
112469.9926613751 129001.0420331412
112260.9963032594 128896.4949006531
111571.3083214778 128854.6760476578
112156.4981242016 128854.6760476578
112114.6988525785 128812.8571946626
112678.9890194907 128812.8571946626
112616.2901120560 128791.9477681650
112574.4908404329 128771.0383416673
113159.6806431566 128771.0383416673
127580.4293531351 125216.4358370713
127287.8344517732 125341.8923960570
126995.2395504113 125467.3489550427
126619.0461058032 125655.5337935214
113222.3795505913 128185.5743997339
113222.3795505913 128499.2157971982
112720.7882911138 128520.1252236958
112240.0966674479 128582.8535031887
112365.4944823172 128645.5817826816

127580.4293531351 125216.4358370713
127287.8344517732 125341.8923960570
126995.2395504113 125467.3489550427
126619.0461058032 125655.5337935214
113222.3795505913 128185.5743997339
113222.3795505913 128499.2157971982
112720.7882911138 128520.1252236958
112240.0966674479 128582.8535031887
112365.4944823172 128645.5817826816
111863.9032228397 128708.3100621745
111362.3119633622 128729.2194886721
112616.2901120560 128750.1289151697
113159.6806431566 128771.0383416673
112678.9890194907 128812.8571946626
112031.1003093322 128812.8571946626
112365.4944823172 128980.1326066436
112950.6842850410 129021.9514596388
110860.7207038847 129021.9514596388
111404.1112349854 129042.8608861364
111968.4014018975 129063.7703126341
112595.3904762444 129105.5891656293
112093.7992167669 129147.4080186245
112219.1970316363 129210.1362981174

112093.7992167669 129147.4080186245
111968.4014018975 129063.7703126341
111780.3046795935 129021.9514596388
111843.0035870282 129001.0420331412
112449.0930255635 128980.1326066436
112323.6952106941 128959.2231801459
112365.4944823172 128959.2231801459
112386.3941181288 128959.2231801459
112240.0966674479 128938.3137536483
112302.7955748825 128938.3137536483
112950.6842850410 128645.5817826816
112511.7919329982 128729.2194886721
112616.2901120560 128750.1289151697
112532.6915688097 128750.1289151697
112637.1897478676 128791.9477681650
112678.9890194907 128812.8571946626
112114.6988525785 128812.8571946626
112762.5875627369 128833.7666211602
112135.5984883900 128833.7666211602
112114.6988525785 128833.7666211602
112051.9999451438 128833.7666211602
112135.5984883900 128875.5854741555
112260.9963032594 128896.4949006531

111780.3046795935 129021.9514596388
112428.1933897519 129001.0420331412
112365.4944823172 128980.1326066436
112449.0930255635 128980.1326066436
112386.3941181288 128959.2231801459
112240.0966674479 128938.3137536483
112302.7955748825 128938.3137536483
112135.5984883900 128917.4043271507
112198.2973958247 128917.4043271507
112198.2973958247 128896.4949006531
112260.9963032594 128896.4949006531
112198.2973958247 128875.5854741555
112219.1970316363 128875.5854741555
112260.9963032594 128854.6760476578
112365.4944823172 128854.6760476578
111947.5017660860 128833.7666211602
112135.5984883900 128833.7666211602
112114.6988525785 128812.8571946626
112198.2973958247 128812.8571946626
112386.3941181288 128812.8571946626
112699.8886553022 128812.8571946626
112469.9926613751 128771.0383416673
112511.7919329982 128729.2194886721

112511.7919329982 129021.9514596388
112365.4944823172 128980.1326066436
112449.0930255635 128980.1326066436
112281.8959390710 128959.2231801459
112323.6952106941 128959.2231801459
112365.4944823172 128959.2231801459
112386.3941181288 128959.2231801459
112156.4981242016 128938.3137536483
112240.0966674479 128938.3137536483
112135.5984883900 128917.4043271507
112031.1003093322 128896.4949006531
112198.2973958247 128896.4949006531
112260.9963032594 128896.4949006531
112511.7919329982 128729.2194886721
112532.6915688097 128750.1289151697
112469.9926613751 128771.0383416673
112386.3941181288 128812.8571946626
112198.2973958247 128812.8571946626
112114.6988525785 128812.8571946626
112135.5984883900 128833.7666211602
111947.5017660860 128833.7666211602
112365.4944823172 128854.6760476578
112219.1970316363 128875.5854741555

112950.6842850410 128645.5817826816
112511.7919329982 128729.2194886721
112616.2901120560 128750.1289151697
112532.6915688097 128750.1289151697
112051.9999451438 128750.1289151697
112637.1897478676 128791.9477681650
112678.9890194907 128812.8571946626
112114.6988525785 128812.8571946626
112762.5875627369 128833.7666211602
112135.5984883900 128833.7666211602
112114.6988525785 128833.7666211602
112198.2973958247 128875.5854741555
111696.7061363472 128896.4949006531
111675.8065005357 128917.4043271507
112344.5948465057 128938.3137536483
112386.3941181288 128959.2231801459
112323.6952106941 128959.2231801459
112365.4944823172 128980.1326066436
112469.9926613751 129001.0420331412
111843.0035870282 129001.0420331412
111404.1112349854 129042.8608861364
111968.4014018975 129063.7703126341
112093.7992167669 129147.4080186245

111780.3046795935 129042.8608861364
112365.4944823172 128980.1326066436
112449.0930255635 128980.1326066436
112281.8959390710 128959.2231801459
112323.6952106941 128959.2231801459
112365.4944823172 128959.2231801459
112386.3941181288 128959.2231801459
112156.4981242016 128938.3137536483
112240.0966674479 128938.3137536483
112135.5984883900 128917.4043271507
112031.1003093322 128896.4949006531
112198.2973958247 128896.4949006531
112260.9963032594 128896.4949006531
112219.1970316363 128875.5854741555
111947.5017660860 128833.7666211602
112135.5984883900 128833.7666211602
112114.6988525785 128812.8571946626
112198.2973958247 128812.8571946626
112219.1970316363 128812.8571946626
112637.1897478676 128791.9477681650
112469.9926613751 128771.0383416673
112532.6915688097 128750.1289151697
112699.8886553022 128812.8571946626

112093.7992167669 129147.4080186245
127580.4293531351 125216.4358370713
127287.8344517732 125341.8923960570
126995.2395504113 125467.3489550427
113076.0820999104 128415.5780912077
112720.7882911138 128520.1252236958
112804.3868343601 128561.9440766911
112365.4944823172 128645.5817826816
111362.3119633622 128729.2194886721
112010.2006735207 128750.1289151697
113159.6806431566 128771.0383416673
112574.4908404329 128771.0383416673
112616.2901120560 128791.9477681650
112678.9890194907 128812.8571946626
112156.4981242016 128854.6760476578
112260.9963032594 128896.4949006531
112344.5948465057 128938.3137536483
111195.1148768697 128959.2231801459
112365.4944823172 128980.1326066436
112469.9926613751 129001.0420331412
111843.0035870282 129001.0420331412
111404.1112349854 129042.8608861364
111968.4014018975 129063.7703126341

111780.3046795935 129021.9514596388
112428.1933897519 129001.0420331412
112365.4944823172 128980.1326066436
112449.0930255635 128980.1326066436
112365.4944823172 128959.2231801459
112386.3941181288 128959.2231801459
112240.0966674479 128938.3137536483
112302.7955748825 128938.3137536483
112135.5984883900 128917.4043271507
112198.2973958247 128917.4043271507
112260.9963032594 128896.4949006531
112135.5984883900 128875.5854741555
112114.6988525785 128833.7666211602
112135.5984883900 128833.7666211602
112762.5875627369 128833.7666211602
112950.6842850410 128645.5817826816
112428.1933897519 128645.5817826816
112511.7919329982 128729.2194886721
112532.6915688097 128750.1289151697
112637.1897478676 128791.9477681650
112678.9890194907 128812.8571946626
112114.6988525785 128812.8571946626
112051.9999451438 128833.7666211602

113076.0820999104 128415.5780912077
112720.7882911138 128520.1252236958
112867.0857417948 128582.8535031887
112428.1933897519 128645.5817826816
112365.4944823172 128645.5817826816
112428.1933897519 128687.4006356768
111863.9032228397 128708.3100621745
111362.3119633622 128729.2194886721
112010.2006735207 128750.1289151697
113159.6806431566 128771.0383416673
112574.4908404329 128771.0383416673
112616.2901120560 128791.9477681650
112678.9890194907 128812.8571946626
112114.6988525785 128812.8571946626
112156.4981242016 128854.6760476578
112260.9963032594 128896.4949006531
112260.9963032594 128917.4043271507
112365.4944823172 128980.1326066436
112469.9926613751 129001.0420331412
111843.0035870282 129001.0420331412
111404.1112349854 129042.8608861364
111968.4014018975 129063.7703126341
112093.7992167669 129147.4080186245

111780.3046795935 129042.8608861364
112365.4944823172 128980.1326066436
112449.0930255635 128980.1326066436
112281.8959390710 128959.2231801459
112323.6952106941 128959.2231801459
112365.4944823172 128959.2231801459
112386.3941181288 128959.2231801459
112156.4981242016 128938.3137536483
112240.0966674479 128938.3137536483
112135.5984883900 128917.4043271507
112031.1003093322 128896.4949006531
112198.2973958247 128896.4949006531
112260.9963032594 128896.4949006531
112219.1970316363 128875.5854741555
111947.5017660860 128833.7666211602
112135.5984883900 128833.7666211602
112511.7919329982 128729.2194886721
112532.6915688097 128750.1289151697
112469.9926613751 128771.0383416673
112637.1897478676 128791.9477681650
112198.2973958247 128812.8571946626
112114.6988525785 128812.8571946626
112762.5875627369 128833.7666211602

112093.7992167669 129147.4080186245
111968.4014018975 129063.7703126341
112511.7919329982 129063.7703126341
111404.1112349854 129042.8608861364
111843.0035870282 129001.0420331412
112469.9926613751 129001.0420331412
112365.4944823172 128980.1326066436
112344.5948465057 128938.3137536483
112260.9963032594 128896.4949006531
112156.4981242016 128854.6760476578
112678.9890194907 128812.8571946626
112616.2901120560 128791.9477681650
112574.4908404329 128771.0383416673
113159.6806431566 128771.0383416673
112010.2006735207 128750.1289151697
111362.3119633622 128729.2194886721
112532.6915688097 128729.2194886721
111863.9032228397 128708.3100621745
112428.1933897519 128687.4006356768
112365.4944823172 128645.5817826816
112804.3868343601 128561.9440766911
113076.0820999104 128415.5780912077
112658.0893836791 128499.2157971982

112093.7992167669 129147.4080186245
111968.4014018975 129063.7703126341
111780.3046795935 129021.9514596388
111843.0035870282 129001.0420331412
112469.9926613751 129001.0420331412
112365.4944823172 128980.1326066436
112323.6952106941 128959.2231801459
112386.3941181288 128959.2231801459
112240.0966674479 128938.3137536483
112344.5948465057 128938.3137536483
112260.9963032594 128896.4949006531
112135.5984883900 128875.5854741555
112051.9999451438 128833.7666211602
112114.6988525785 128833.7666211602
112135.5984883900 128833.7666211602
112762.5875627369 128833.7666211602
112114.6988525785 128812.8571946626
112678.9890194907 128812.8571946626
112637.1897478676 128791.9477681650
112950.6842850410 128645.5817826816
112428.1933897519 128645.5817826816
112511.7919329982 128729.2194886721
112532.6915688097 128750.1289151697

111780.3046795935 129042.8608861364
112365.4944823172 128980.1326066436
112449.0930255635 128980.1326066436
112281.8959390710 128959.2231801459
112323.6952106941 128959.2231801459
112365.4944823172 128959.2231801459
112386.3941181288 128959.2231801459
112156.4981242016 128938.3137536483
112240.0966674479 128938.3137536483
112135.5984883900 128917.4043271507
112031.1003093322 128896.4949006531
112198.2973958247 128896.4949006531
112260.9963032594 128896.4949006531
112219.1970316363 128875.5854741555
112511.7919329982 128729.2194886721
112532.6915688097 128750.1289151697
112469.9926613751 128771.0383416673
112637.1897478676 128791.9477681650
112219.1970316363 128812.8571946626
112198.2973958247 128812.8571946626
112114.6988525785 128812.8571946626
112135.5984883900 128833.7666211602
111947.5017660860 128833.7666211602

112093.7992167669 129147.4080186245
111968.4014018975 129063.7703126341
111780.3046795935 129021.9514596388
111843.0035870282 129001.0420331412
112469.9926613751 129001.0420331412
112365.4944823172 128980.1326066436
112323.6952106941 128959.2231801459
112386.3941181288 128959.2231801459
112240.0966674479 128938.3137536483
112344.5948465057 128938.3137536483
112260.9963032594 128896.4949006531
112135.5984883900 128875.5854741555
112114.6988525785 128833.7666211602
112135.5984883900 128833.7666211602
112762.5875627369 128833.7666211602
112114.6988525785 128812.8571946626
112678.9890194907 128812.8571946626
112637.1897478676 128791.9477681650
112532.6915688097 128750.1289151697
112616.2901120560 128750.1289151697
112511.7919329982 128729.2194886721
112428.1933897519 128645.5817826816
112950.6842850410 128645.5817826816

112093.7992167669 129147.4080186245
112595.3904762444 129105.5891656293
111968.4014018975 129063.7703126341
112511.7919329982 129063.7703126341
111404.1112349854 129042.8608861364
110860.7207038847 129021.9514596388
112365.4944823172 128980.1326066436
112260.9963032594 128896.4949006531
112031.1003093322 128812.8571946626
112678.9890194907 128812.8571946626
113159.6806431566 128771.0383416673
112616.2901120560 128750.1289151697
111362.3119633622 128729.2194886721
111863.9032228397 128708.3100621745
112365.4944823172 128645.5817826816
112240.0966674479 128582.8535031887
112720.7882911138 128520.1252236958
113222.3795505913 128499.2157971982
113222.3795505913 128185.5743997339
126660.8453774263 125634.6243670238
126995.2395504113 125467.3489550427
127580.4293531351 125216.4358370713
127287.8344517732 125341.8923960570

112219.1970316363 129210.1362981174
112093.7992167669 129147.4080186245
112595.3904762444 129105.5891656293
111968.4014018975 129063.7703126341
112511.7919329982 129063.7703126341
111404.1112349854 129042.8608861364
110860.7207038847 129021.9514596388
112950.6842850410 129021.9514596388
112365.4944823172 128980.1326066436
112031.1003093322 128812.8571946626
112678.9890194907 128812.8571946626
113159.6806431566 128771.0383416673
111362.3119633622 128729.2194886721
127580.4293531351 125216.4358370713
127287.8344517732 125341.8923960570
126995.2395504113 125467.3489550427
113076.0820999104 128415.5780912077
112720.7882911138 128520.1252236958
112804.3868343601 128561.9440766911
112365.4944823172 128645.5817826816
112010.2006735207 128750.1289151697
112574.4908404329 128771.0383416673
112616.2901120560 128791.9477681650

111780.3046795935 129021.9514596388
112428.1933897519 129001.0420331412
112365.4944823172 128980.1326066436
112449.0930255635 128980.1326066436
112386.3941181288 128959.2231801459
112240.0966674479 128938.3137536483
112302.7955748825 128938.3137536483
112135.5984883900 128917.4043271507
112198.2973958247 128917.4043271507
112198.2973958247 128896.4949006531
112260.9963032594 128896.4949006531
112198.2973958247 128875.5854741555
112219.1970316363 128875.5854741555
112260.9963032594 128854.6760476578
112365.4944823172 128854.6760476578
111947.5017660860 128833.7666211602
112135.5984883900 128833.7666211602
112114.6988525785 128812.8571946626
112198.2973958247 128812.8571946626
112386.3941181288 128812.8571946626
112469.9926613751 128771.0383416673
112532.6915688097 128750.1289151697
112699.8886553022 128812.8571946626

103713.0452563302 135357.5076884188
111947.5017660860 129356.5022836008
111216.0145126813 129293.7740041079
109962.0363639875 129231.0457246150
113828.4689891266 127934.6612817624
112595.3904762444 129105.5891656293
111968.4014018975 129063.7703126341
112950.6842850410 129021.9514596388
128458.2140572207 124840.0661601140
128040.2213409895 124902.7944396069
127705.8271680045 125195.5264105736
127350.5333592079 125320.9829695594
126995.2395504113 125467.3489550427
126660.8453774263 125634.6243670238
126012.9566672678 125718.2620730142
113661.2719026342 128311.0309587196
113076.0820999104 128415.5780912077
112720.7882911138 128520.1252236958
112240.0966674479 128582.8535031887
113159.6806431566 128771.0383416673
112678.9890194907 128812.8571946626
112031.1003093322 128812.8571946626
110986.1185187541 128854.6760476578

127496.8308098888 125070.0698515879
127350.5333592079 125320.9829695594
126995.2395504113 125467.3489550427
126660.8453774263 125634.6243670238
113222.3795505913 128185.5743997339
113222.3795505913 128499.2157971982
112720.7882911138 128520.1252236958
112240.0966674479 128582.8535031887
112365.4944823172 128645.5817826816
111863.9032228397 128708.3100621745
111362.3119633622 128729.2194886721
113159.6806431566 128771.0383416673
112678.9890194907 128812.8571946626
112031.1003093322 128812.8571946626
127893.9238903085 125007.3415720950
112950.6842850410 129021.9514596388
110860.7207038847 129021.9514596388
111404.1112349854 129042.8608861364
111968.4014018975 129063.7703126341
112595.3904762444 129105.5891656293
110359.1294444072 129105.5891656293
112093.7992167669 129147.4080186245
112219.1970316363 129210.1362981174

113076.0820999104 128415.5780912077
112428.1933897519 128645.5817826816
112992.4835566641 128666.4912091792
112511.7919329982 128729.2194886721
112616.2901120560 128750.1289151697
112532.6915688097 128750.1289151697
112637.1897478676 128791.9477681650
112010.2006735207 128791.9477681650
112762.5875627369 128833.7666211602
112135.5984883900 128833.7666211602
112114.6988525785 128833.7666211602
112198.2973958247 128875.5854741555
111696.7061363472 128896.4949006531
111675.8065005357 128917.4043271507
112344.5948465057 128938.3137536483
112386.3941181288 128959.2231801459
112323.6952106941 128959.2231801459
112365.4944823172 128980.1326066436
111843.0035870282 129001.0420331412
111947.5017660860 129042.8608861364
111404.1112349854 129042.8608861364
112511.7919329982 129063.7703126341
112219.1970316363 129210.1362981174

103713.0452563302 135357.5076884188
104068.3390651268 135252.9605559307
111801.2043154050 130297.4264759939
112156.4981242016 129649.2342545675
110860.7207038847 129272.8645776103
112219.1970316363 129210.1362981174
110986.1185187541 128854.6760476578
112031.1003093322 128812.8571946626
112678.9890194907 128812.8571946626
113159.6806431566 128771.0383416673
111863.9032228397 128708.3100621745
112240.0966674479 128582.8535031887
114016.5657114307 128582.8535031887
112720.7882911138 128520.1252236958
113076.0820999104 128415.5780912077
113953.8668039960 127997.3895612552
126012.9566672678 125718.2620730142
126660.8453774263 125634.6243670238
126995.2395504113 125467.3489550427
127350.5333592079 125320.9829695594
127705.8271680045 125195.5264105736
128040.2213409895 124902.7944396069
128458.2140572207 124840.0661601140

112219.1970316363 129210.1362981174
112093.7992167669 129147.4080186245
112595.3904762444 129105.5891656293
111968.4014018975 129063.7703126341
111404.1112349854 129042.8608861364
110860.7207038847 129021.9514596388
112950.6842850410 129021.9514596388
112365.4944823172 128980.1326066436
112031.1003093322 128812.8571946626
112678.9890194907 128812.8571946626
113159.6806431566 128771.0383416673
112616.2901120560 128750.1289151697
111863.9032228397 128708.3100621745
112240.0966674479 128582.8535031887
112867.0857417948 128582.8535031887
113076.0820999104 128415.5780912077
113661.2719026342 128311.0309587196
128040.2213409895 124902.7944396069
127705.8271680045 125195.5264105736
127350.5333592079 125320.9829695594
126995.2395504113 125467.3489550427
126660.8453774263 125634.6243670238
113222.3795505913 128499.2157971982

111926.6021302744 129042.8608861364
111780.3046795935 129021.9514596388
112428.1933897519 129001.0420331412
112950.6842850410 128645.5817826816
112428.1933897519 128645.5817826816
112511.7919329982 128729.2194886721
112532.6915688097 128750.1289151697
112637.1897478676 128791.9477681650
112678.9890194907 128812.8571946626
112114.6988525785 128812.8571946626
111947.5017660860 128812.8571946626
112762.5875627369 128833.7666211602
112135.5984883900 128833.7666211602
112114.6988525785 128833.7666211602
112051.9999451438 128833.7666211602
112260.9963032594 128896.4949006531
112302.7955748825 128938.3137536483
112240.0966674479 128938.3137536483
112386.3941181288 128959.2231801459
112365.4944823172 128959.2231801459
112323.6952106941 128959.2231801459
112449.0930255635 128980.1326066436
111843.0035870282 129001.0420331412

112950.6842850410 128645.5817826816
112511.7919329982 128729.2194886721
112616.2901120560 128750.1289151697
112532.6915688097 128750.1289151697
112637.1897478676 128791.9477681650
112678.9890194907 128812.8571946626
112114.6988525785 128812.8571946626
112762.5875627369 128833.7666211602
112135.5984883900 128833.7666211602
112114.6988525785 128833.7666211602
112051.9999451438 128833.7666211602
112135.5984883900 128875.5854741555
112260.9963032594 128896.4949006531
112344.5948465057 128938.3137536483
112240.0966674479 128938.3137536483
112386.3941181288 128959.2231801459
112323.6952106941 128959.2231801459
112365.4944823172 128980.1326066436
112469.9926613751 129001.0420331412
111843.0035870282 129001.0420331412
111780.3046795935 129021.9514596388
111968.4014018975 129063.7703126341
112093.7992167669 129147.4080186245

112219.1970316363 129210.1362981174
111968.4014018975 129063.7703126341
112511.7919329982 129063.7703126341
111404.1112349854 129042.8608861364
111843.0035870282 129001.0420331412
112469.9926613751 129001.0420331412
112971.5839208526 128980.1326066436
112344.5948465057 128938.3137536483
112260.9963032594 128896.4949006531
112093.7992167669 128833.7666211602
112114.6988525785 128812.8571946626
112678.9890194907 128812.8571946626
112574.4908404329 128771.0383416673
113159.6806431566 128771.0383416673
127580.4293531351 125216.4358370713
127287.8344517732 125341.8923960570
126995.2395504113 125467.3489550427
113076.0820999104 128415.5780912077
112658.0893836791 128499.2157971982
112720.7882911138 128520.1252236958
112365.4944823172 128645.5817826816
112428.1933897519 128687.4006356768
111362.3119633622 128729.2194886721

112950.6842850410 128645.5817826816
112428.1933897519 128645.5817826816
112511.7919329982 128729.2194886721
112532.6915688097 128750.1289151697
112637.1897478676 128791.9477681650
112678.9890194907 128812.8571946626
112114.6988525785 128812.8571946626
111947.5017660860 128812.8571946626
112762.5875627369 128833.7666211602
112135.5984883900 128833.7666211602
112114.6988525785 128833.7666211602
112135.5984883900 128875.5854741555
112260.9963032594 128896.4949006531
112302.7955748825 128938.3137536483
112240.0966674479 128938.3137536483
112386.3941181288 128959.2231801459
112365.4944823172 128959.2231801459
112323.6952106941 128959.2231801459
112449.0930255635 128980.1326066436
112344.5948465057 128980.1326066436
111780.3046795935 129021.9514596388
111968.4014018975 129063.7703126341
112093.7992167669 129147.4080186245

112093.7992167669 129147.4080186245
111968.4014018975 129063.7703126341
111780.3046795935 129021.9514596388
111843.0035870282 129001.0420331412
112469.9926613751 129001.0420331412
112365.4944823172 128980.1326066436
112323.6952106941 128959.2231801459
112386.3941181288 128959.2231801459
112240.0966674479 128938.3137536483
112344.5948465057 128938.3137536483
112950.6842850410 128645.5817826816
112511.7919329982 128729.2194886721
112616.2901120560 128750.1289151697
112532.6915688097 128750.1289151697
112051.9999451438 128750.1289151697
112637.1897478676 128791.9477681650
112678.9890194907 128812.8571946626
112114.6988525785 128812.8571946626
112762.5875627369 128833.7666211602
112135.5984883900 128833.7666211602
112114.6988525785 128833.7666211602
112198.2973958247 128875.5854741555
111696.7061363472 128896.4949006531

111780.3046795935 129021.9514596388
112428.1933897519 129001.0420331412
112365.4944823172 128980.1326066436
112449.0930255635 128980.1326066436
112323.6952106941 128959.2231801459
112365.4944823172 128959.2231801459
112386.3941181288 128959.2231801459
112240.0966674479 128938.3137536483
112302.7955748825 128938.3137536483
112135.5984883900 128917.4043271507
112198.2973958247 128917.4043271507
112260.9963032594 128896.4949006531
111947.5017660860 128833.7666211602
112051.9999451438 128833.7666211602
112114.6988525785 128833.7666211602
112135.5984883900 128833.7666211602
112762.5875627369 128833.7666211602
112114.6988525785 128812.8571946626
112198.2973958247 128812.8571946626
112637.1897478676 128791.9477681650
112511.7919329982 128729.2194886721
112616.2901120560 128750.1289151697
112532.6915688097 128750.1289151697

112219.1970316363 129210.1362981174
127580.4293531351 125216.4358370713
127287.8344517732 125341.8923960570
126995.2395504113 125467.3489550427
113076.0820999104 128415.5780912077
112720.7882911138 128520.1252236958
112804.3868343601 128561.9440766911
112365.4944823172 128645.5817826816
111362.3119633622 128729.2194886721
112010.2006735207 128750.1289151697
113159.6806431566 128771.0383416673
112574.4908404329 128771.0383416673
112616.2901120560 128791.9477681650
112678.9890194907 128812.8571946626
112114.6988525785 128812.8571946626
112156.4981242016 128854.6760476578
111571.3083214778 128854.6760476578
112260.9963032594 128896.4949006531
112469.9926613751 129001.0420331412
111843.0035870282 129001.0420331412
110860.7207038847 129021.9514596388
111404.1112349854 129042.8608861364
111968.4014018975 129063.7703126341

103713.0452563302 135357.5076884188
128040.2213409895 124902.7944396069
127705.8271680045 125195.5264105736
127350.5333592079 125320.9829695594
126995.2395504113 125467.3489550427
126660.8453774263 125634.6243670238
126012.9566672678 125718.2620730142
113974.7664398076 127600.1104578004
113953.8668039960 127997.3895612552
113076.0820999104 128415.5780912077
112720.7882911138 128520.1252236958
114016.5657114307 128582.8535031887
128374.6155139745 124756.4284541236
111863.9032228397 128708.3100621745
113159.6806431566 128771.0383416673
112678.9890194907 128812.8571946626
112031.1003093322 128812.8571946626
110986.1185187541 128854.6760476578
112219.1970316363 129210.1362981174
110860.7207038847 129272.8645776103
111947.5017660860 129356.5022836008
111801.2043154050 130297.4264759939
104068.3390651268 135252.9605559307

112093.7992167669 129147.4080186245
111780.3046795935 129021.9514596388
112950.6842850410 128645.5817826816
112511.7919329982 128729.2194886721
112616.2901120560 128750.1289151697
112532.6915688097 128750.1289151697
112637.1897478676 128791.9477681650
112678.9890194907 128812.8571946626
112114.6988525785 128812.8571946626
112762.5875627369 128833.7666211602
112135.5984883900 128833.7666211602
112114.6988525785 128833.7666211602
112135.5984883900 128875.5854741555
112260.9963032594 128896.4949006531
112323.6952106941 128917.4043271507
112198.2973958247 128917.4043271507
112135.5984883900 128917.4043271507
112302.7955748825 128938.3137536483
112240.0966674479 128938.3137536483
112386.3941181288 128959.2231801459
112365.4944823172 128959.2231801459
112449.0930255635 128980.1326066436
112365.4944823172 128980.1326066436

112219.1970316363 129210.1362981174
112093.7992167669 129147.4080186245
112595.3904762444 129105.5891656293
111968.4014018975 129063.7703126341
112511.7919329982 129063.7703126341
111404.1112349854 129042.8608861364
110860.7207038847 129021.9514596388
112950.6842850410 129021.9514596388
112365.4944823172 128980.1326066436
112031.1003093322 128812.8571946626
112678.9890194907 128812.8571946626
113159.6806431566 128771.0383416673
111362.3119633622 128729.2194886721
111863.9032228397 128708.3100621745
112428.1933897519 128687.4006356768
112365.4944823172 128645.5817826816
112804.3868343601 128561.9440766911
112720.7882911138 128520.1252236958
113076.0820999104 128415.5780912077
126660.8453774263 125634.6243670238
126995.2395504113 125467.3489550427
127580.4293531351 125216.4358370713
127287.8344517732 125341.8923960570

111780.3046795935 129021.9514596388
112428.1933897519 129001.0420331412
112365.4944823172 128980.1326066436
112449.0930255635 128980.1326066436
112365.4944823172 128959.2231801459
112386.3941181288 128959.2231801459
112240.0966674479 128938.3137536483
112302.7955748825 128938.3137536483
112135.5984883900 128917.4043271507
112198.2973958247 128917.4043271507
112260.9963032594 128896.4949006531
112135.5984883900 128875.5854741555
112950.6842850410 128645.5817826816
112616.2901120560 128750.1289151697
112532.6915688097 128750.1289151697
112637.1897478676 128791.9477681650
112678.9890194907 128812.8571946626
112114.6988525785 128812.8571946626
112762.5875627369 128833.7666211602
112135.5984883900 128833.7666211602
112114.6988525785 128833.7666211602
112051.9999451438 128833.7666211602
112323.6952106941 128917.4043271507

112093.7992167669 129147.4080186245
111968.4014018975 129063.7703126341
111780.3046795935 129021.9514596388
112344.5948465057 128980.1326066436
112449.0930255635 128980.1326066436
112323.6952106941 128959.2231801459
112365.4944823172 128959.2231801459
112386.3941181288 128959.2231801459
112240.0966674479 128938.3137536483
112302.7955748825 128938.3137536483
112260.9963032594 128896.4949006531
112135.5984883900 128875.5854741555
112051.9999451438 128833.7666211602
112114.6988525785 128833.7666211602
112135.5984883900 128833.7666211602
112762.5875627369 128833.7666211602
112114.6988525785 128812.8571946626
112678.9890194907 128812.8571946626
112637.1897478676 128791.9477681650
112532.6915688097 128750.1289151697
112616.2901120560 128750.1289151697
112511.7919329982 128729.2194886721
112950.6842850410 128645.5817826816

112219.1970316363 129210.1362981174
111968.4014018975 129063.7703126341
112511.7919329982 129063.7703126341
111404.1112349854 129042.8608861364
111947.5017660860 129042.8608861364
111843.0035870282 129001.0420331412
112365.4944823172 128980.1326066436
112386.3941181288 128959.2231801459
112344.5948465057 128938.3137536483
111675.8065005357 128917.4043271507
111696.7061363472 128896.4949006531
112198.2973958247 128875.5854741555
112114.6988525785 128833.7666211602
112135.5984883900 128833.7666211602
112762.5875627369 128833.7666211602
112114.6988525785 128812.8571946626
112678.9890194907 128812.8571946626
112637.1897478676 128791.9477681650
112950.6842850410 128645.5817826816
112428.1933897519 128645.5817826816
112511.7919329982 128729.2194886721
112616.2901120560 128750.1289151697
112532.6915688097 128750.1289151697

112093.7992167669 129147.4080186245
111968.4014018975 129063.7703126341
111780.3046795935 129021.9514596388
111843.0035870282 129001.0420331412
112449.0930255635 128980.1326066436
112323.6952106941 128959.2231801459
112365.4944823172 128959.2231801459
112386.3941181288 128959.2231801459
112240.0966674479 128938.3137536483
112302.7955748825 128938.3137536483
112260.9963032594 128896.4949006531
112198.2973958247 128875.5854741555
112114.6988525785 128833.7666211602
112135.5984883900 128833.7666211602
112762.5875627369 128833.7666211602
112114.6988525785 128812.8571946626
112678.9890194907 128812.8571946626
112637.1897478676 128791.9477681650
112950.6842850410 128645.5817826816
112428.1933897519 128645.5817826816
112511.7919329982 128729.2194886721
112532.6915688097 128750.1289151697
112051.9999451438 128833.7666211602

112093.7992167669 129147.4080186245
111968.4014018975 129063.7703126341
111780.3046795935 129021.9514596388
111843.0035870282 129001.0420331412
112469.9926613751 129001.0420331412
112365.4944823172 128980.1326066436
112323.6952106941 128959.2231801459
112386.3941181288 128959.2231801459
112240.0966674479 128938.3137536483
112344.5948465057 128938.3137536483
111696.7061363472 128896.4949006531
112198.2973958247 128875.5854741555
112114.6988525785 128833.7666211602
112135.5984883900 128833.7666211602
112114.6988525785 128812.8571946626
112678.9890194907 128812.8571946626
112637.1897478676 128791.9477681650
112031.1003093322 128750.1289151697
112051.9999451438 128750.1289151697
112532.6915688097 128750.1289151697
112616.2901120560 128750.1289151697
112511.7919329982 128729.2194886721
112950.6842850410 128645.5817826816

112093.7992167669 129147.4080186245
112595.3904762444 129105.5891656293
111968.4014018975 129063.7703126341
112511.7919329982 129063.7703126341
111404.1112349854 129042.8608861364
110860.7207038847 129021.9514596388
127580.4293531351 125216.4358370713
127287.8344517732 125341.8923960570
126995.2395504113 125467.3489550427
113076.0820999104 128415.5780912077
112720.7882911138 128520.1252236958
112804.3868343601 128561.9440766911
112365.4944823172 128645.5817826816
111362.3119633622 128729.2194886721
112010.2006735207 128750.1289151697
113159.6806431566 128771.0383416673
112574.4908404329 128771.0383416673
112616.2901120560 128791.9477681650
112678.9890194907 128812.8571946626
112114.6988525785 128812.8571946626
112156.4981242016 128854.6760476578
111571.3083214778 128854.6760476578
112260.9963032594 128896.4949006531

112219.1970316363 129210.1362981174
112093.7992167669 129147.4080186245
112595.3904762444 129105.5891656293
111968.4014018975 129063.7703126341
112511.7919329982 129063.7703126341
111404.1112349854 129042.8608861364
110860.7207038847 129021.9514596388
112950.6842850410 129021.9514596388
112365.4944823172 128980.1326066436
112031.1003093322 128812.8571946626
112678.9890194907 128812.8571946626
113159.6806431566 128771.0383416673
111362.3119633622 128729.2194886721
111863.9032228397 128708.3100621745
112428.1933897519 128687.4006356768
112365.4944823172 128645.5817826816
112804.3868343601 128561.9440766911
112720.7882911138 128520.1252236958
113076.0820999104 128415.5780912077
127580.4293531351 125216.4358370713
127287.8344517732 125341.8923960570
126995.2395504113 125467.3489550427
112010.2006735207 128750.1289151697

112093.7992167669 129147.4080186245
112595.3904762444 129105.5891656293
111968.4014018975 129063.7703126341
112511.7919329982 129063.7703126341
111404.1112349854 129042.8608861364
110860.7207038847 129021.9514596388
127496.8308098888 125070.0698515879
127350.5333592079 125320.9829695594
126995.2395504113 125467.3489550427
126660.8453774263 125634.6243670238
113076.0820999104 128415.5780912077
112720.7882911138 128520.1252236958
112365.4944823172 128645.5817826816
112428.1933897519 128687.4006356768
111362.3119633622 128729.2194886721
112010.2006735207 128750.1289151697
113159.6806431566 128771.0383416673
112574.4908404329 128771.0383416673
112616.2901120560 128791.9477681650
112678.9890194907 128812.8571946626
112114.6988525785 128812.8571946626
112156.4981242016 128854.6760476578
111571.3083214778 128854.6760476578

111780.3046795935 129021.9514596388
112428.1933897519 129001.0420331412
112365.4944823172 128980.1326066436
112449.0930255635 128980.1326066436
112177.3977600132 128959.2231801459
112365.4944823172 128959.2231801459
112386.3941181288 128959.2231801459
112950.6842850410 128645.5817826816
112616.2901120560 128750.1289151697
112532.6915688097 128750.1289151697
112637.1897478676 128791.9477681650
112678.9890194907 128812.8571946626
112114.6988525785 128812.8571946626
112762.5875627369 128833.7666211602
112135.5984883900 128833.7666211602
112114.6988525785 128833.7666211602
112051.9999451438 128833.7666211602
112135.5984883900 128875.5854741555
112260.9963032594 128896.4949006531
112323.6952106941 128917.4043271507
112198.2973958247 128917.4043271507
112135.5984883900 128917.4043271507
112302.7955748825 128938.3137536483

127580.4293531351 125216.4358370713
127287.8344517732 125341.8923960570
126995.2395504113 125467.3489550427
113076.0820999104 128415.5780912077
112720.7882911138 128520.1252236958
112804.3868343601 128561.9440766911
112365.4944823172 128645.5817826816
112428.1933897519 128687.4006356768
111362.3119633622 128729.2194886721
112010.2006735207 128750.1289151697
113159.6806431566 128771.0383416673
112574.4908404329 128771.0383416673
112678.9890194907 128812.8571946626
112031.1003093322 128812.8571946626
112365.4944823172 128980.1326066436
112950.6842850410 129021.9514596388
110860.7207038847 129021.9514596388
111404.1112349854 129042.8608861364
112511.7919329982 129063.7703126341
111968.4014018975 129063.7703126341
112595.3904762444 129105.5891656293
112093.7992167669 129147.4080186245
112219.1970316363 129210.1362981174

112093.7992167669 129147.4080186245
111968.4014018975 129063.7703126341
111404.1112349854 129042.8608861364
111843.0035870282 129001.0420331412
112469.9926613751 129001.0420331412
112365.4944823172 128980.1326066436
112323.6952106941 128959.2231801459
112386.3941181288 128959.2231801459
112240.0966674479 128938.3137536483
112344.5948465057 128938.3137536483
111696.7061363472 128896.4949006531
112198.2973958247 128875.5854741555
112114.6988525785 128833.7666211602
112135.5984883900 128833.7666211602
112762.5875627369 128833.7666211602
112010.2006735207 128791.9477681650
112637.1897478676 128791.9477681650
112532.6915688097 128750.1289151697
112616.2901120560 128750.1289151697
112950.6842850410 128645.5817826816
112511.7919329982 128729.2194886721
112051.9999451438 128750.1289151697
112678.9890194907 128812.8571946626

112219.1970316363 129210.1362981174
112093.7992167669 129147.4080186245
112595.3904762444 129105.5891656293
111968.4014018975 129063.7703126341
112511.7919329982 129063.7703126341
111404.1112349854 129042.8608861364
110860.7207038847 129021.9514596388
112950.6842850410 129021.9514596388
112365.4944823172 128980.1326066436
112031.1003093322 128812.8571946626
112678.9890194907 128812.8571946626
112574.4908404329 128771.0383416673
113159.6806431566 128771.0383416673
112010.2006735207 128750.1289151697
111362.3119633622 128729.2194886721
112428.1933897519 128687.4006356768
112365.4944823172 128645.5817826816
112720.7882911138 128520.1252236958
113076.0820999104 128415.5780912077
127580.4293531351 125216.4358370713
127287.8344517732 125341.8923960570
126995.2395504113 125467.3489550427
112658.0893836791 128499.2157971982

127580.4293531351 125216.4358370713
127287.8344517732 125341.8923960570
126995.2395504113 125467.3489550427
113076.0820999104 128415.5780912077
112720.7882911138 128520.1252236958
112804.3868343601 128561.9440766911
112365.4944823172 128645.5817826816
111362.3119633622 128729.2194886721
112010.2006735207 128750.1289151697
113159.6806431566 128771.0383416673
112574.4908404329 128771.0383416673
112616.2901120560 128791.9477681650
112678.9890194907 128812.8571946626
112114.6988525785 128812.8571946626
112156.4981242016 128854.6760476578
111571.3083214778 128854.6760476578
112260.9963032594 128896.4949006531
112469.9926613751 129001.0420331412
111843.0035870282 129001.0420331412
110860.7207038847 129021.9514596388
111404.1112349854 129042.8608861364
111968.4014018975 129063.7703126341
112093.7992167669 129147.4080186245

112219.1970316363 129210.1362981174
112093.7992167669 129147.4080186245
112595.3904762444 129105.5891656293
111968.4014018975 129063.7703126341
112511.7919329982 129063.7703126341
111404.1112349854 129042.8608861364
110860.7207038847 129021.9514596388
112950.6842850410 129021.9514596388
112365.4944823172 128980.1326066436
112031.1003093322 128812.8571946626
112678.9890194907 128812.8571946626
113159.6806431566 128771.0383416673
111362.3119633622 128729.2194886721
111863.9032228397 128708.3100621745
112428.1933897519 128687.4006356768
112365.4944823172 128645.5817826816
112804.3868343601 128561.9440766911
112720.7882911138 128520.1252236958
113076.0820999104 128415.5780912077
127287.8344517732 125341.8923960570
126995.2395504113 125467.3489550427
112010.2006735207 128750.1289151697
112574.4908404329 128771.0383416673

112950.6842850410 128645.5817826816
112428.1933897519 128645.5817826816
112511.7919329982 128729.2194886721
112616.2901120560 128750.1289151697
112532.6915688097 128750.1289151697
112051.9999451438 128750.1289151697
112637.1897478676 128791.9477681650
112114.6988525785 128812.8571946626
112762.5875627369 128833.7666211602
112135.5984883900 128833.7666211602
112114.6988525785 128833.7666211602
112198.2973958247 128875.5854741555
111696.7061363472 128896.4949006531
111675.8065005357 128917.4043271507
112344.5948465057 128938.3137536483
112386.3941181288 128959.2231801459
112323.6952106941 128959.2231801459
112365.4944823172 128980.1326066436
111843.0035870282 129001.0420331412
111947.5017660860 129042.8608861364
111404.1112349854 129042.8608861364
112511.7919329982 129063.7703126341
112093.7992167669 129147.4080186245

111926.6021302744 129042.8608861364
111780.3046795935 129021.9514596388
112428.1933897519 129001.0420331412
112344.5948465057 128980.1326066436
112323.6952106941 128959.2231801459
112365.4944823172 128959.2231801459
112386.3941181288 128959.2231801459
112240.0966674479 128938.3137536483
112302.7955748825 128938.3137536483
112198.2973958247 128917.4043271507
112260.9963032594 128896.4949006531
112260.9963032594 128854.6760476578
112051.9999451438 128833.7666211602
112114.6988525785 128833.7666211602
112135.5984883900 128833.7666211602
111905.7024944629 128917.4043271507
112114.6988525785 128812.8571946626
112678.9890194907 128812.8571946626
112072.8995809554 128791.9477681650
112637.1897478676 128791.9477681650
112532.6915688097 128750.1289151697
112616.2901120560 128750.1289151697
112511.7919329982 128729.2194886721

112867.0857417948 128582.8535031887
112428.1933897519 128645.5817826816
112992.4835566641 128666.4912091792
112511.7919329982 128729.2194886721
112616.2901120560 128750.1289151697
112532.6915688097 128750.1289151697
112637.1897478676 128791.9477681650
112010.2006735207 128791.9477681650
112762.5875627369 128833.7666211602
112135.5984883900 128833.7666211602
112114.6988525785 128833.7666211602
112198.2973958247 128875.5854741555
111696.7061363472 128896.4949006531
111675.8065005357 128917.4043271507
112344.5948465057 128938.3137536483
112386.3941181288 128959.2231801459
112323.6952106941 128959.2231801459
112365.4944823172 128980.1326066436
112469.9926613751 129001.0420331412
111843.0035870282 129001.0420331412
111404.1112349854 129042.8608861364
111968.4014018975 129063.7703126341
112093.7992167669 129147.4080186245

111780.3046795935 129021.9514596388
112428.1933897519 129001.0420331412
112365.4944823172 128980.1326066436
112449.0930255635 128980.1326066436
112365.4944823172 128959.2231801459
112386.3941181288 128959.2231801459
112240.0966674479 128938.3137536483
112302.7955748825 128938.3137536483
112135.5984883900 128917.4043271507
112198.2973958247 128917.4043271507
112323.6952106941 128917.4043271507
112260.9963032594 128896.4949006531
112135.5984883900 128875.5854741555
112950.6842850410 128645.5817826816
112511.7919329982 128729.2194886721
112616.2901120560 128750.1289151697
112532.6915688097 128750.1289151697
112637.1897478676 128791.9477681650
112678.9890194907 128812.8571946626
112114.6988525785 128812.8571946626
112762.5875627369 128833.7666211602
112135.5984883900 128833.7666211602
112114.6988525785 128833.7666211602

112219.1970316363 129210.1362981174
112093.7992167669 129147.4080186245
112595.3904762444 129105.5891656293
111968.4014018975 129063.7703126341
112511.7919329982 129063.7703126341
111404.1112349854 129042.8608861364
110860.7207038847 129021.9514596388
112950.6842850410 129021.9514596388
112365.4944823172 128980.1326066436
112031.1003093322 128812.8571946626
112678.9890194907 128812.8571946626
112574.4908404329 128771.0383416673
113159.6806431566 128771.0383416673
112010.2006735207 128750.1289151697
111362.3119633622 128729.2194886721
112428.1933897519 128687.4006356768
112365.4944823172 128645.5817826816
112720.7882911138 128520.1252236958
113076.0820999104 128415.5780912077
126660.8453774263 125634.6243670238
127580.4293531351 125216.4358370713
127287.8344517732 125341.8923960570
126995.2395504113 125467.3489550427

111780.3046795935 129042.8608861364
112365.4944823172 128980.1326066436
112449.0930255635 128980.1326066436
112281.8959390710 128959.2231801459
112323.6952106941 128959.2231801459
112365.4944823172 128959.2231801459
112386.3941181288 128959.2231801459
112156.4981242016 128938.3137536483
112240.0966674479 128938.3137536483
112135.5984883900 128917.4043271507
112031.1003093322 128896.4949006531
112198.2973958247 128896.4949006531
112260.9963032594 128896.4949006531
112219.1970316363 128875.5854741555
112365.4944823172 128854.6760476578
111947.5017660860 128833.7666211602
112135.5984883900 128833.7666211602
112114.6988525785 128812.8571946626
112198.2973958247 128812.8571946626
112637.1897478676 128791.9477681650
112511.7919329982 128729.2194886721
112616.2901120560 128750.1289151697
112532.6915688097 128750.1289151697

111926.6021302744 129042.8608861364
111780.3046795935 129021.9514596388
112428.1933897519 129001.0420331412
112344.5948465057 128980.1326066436
112323.6952106941 128959.2231801459
112365.4944823172 128959.2231801459
112386.3941181288 128959.2231801459
112950.6842850410 128645.5817826816
112428.1933897519 128645.5817826816
112511.7919329982 128729.2194886721
112532.6915688097 128750.1289151697
112637.1897478676 128791.9477681650
112678.9890194907 128812.8571946626
112114.6988525785 128812.8571946626
111947.5017660860 128812.8571946626
112762.5875627369 128833.7666211602
112135.5984883900 128833.7666211602
112114.6988525785 128833.7666211602
112051.9999451438 128833.7666211602
112260.9963032594 128896.4949006531
112302.7955748825 128938.3137536483
112240.0966674479 128938.3137536483
112449.0930255635 128980.1326066436

112093.7992167669 129147.4080186245
127287.8344517732 125341.8923960570
126995.2395504113 125467.3489550427
113076.0820999104 128415.5780912077
112720.7882911138 128520.1252236958
112365.4944823172 128645.5817826816
112428.1933897519 128687.4006356768
111863.9032228397 128708.3100621745
111362.3119633622 128729.2194886721
112010.2006735207 128750.1289151697
113159.6806431566 128771.0383416673
112574.4908404329 128771.0383416673
112616.2901120560 128791.9477681650
112678.9890194907 128812.8571946626
112114.6988525785 128812.8571946626
112156.4981242016 128854.6760476578
112260.9963032594 128896.4949006531
112260.9963032594 128917.4043271507
112365.4944823172 128980.1326066436
112469.9926613751 129001.0420331412
111843.0035870282 129001.0420331412
111404.1112349854 129042.8608861364
111968.4014018975 129063.7703126341

127287.8344517732 125341.8923960570
126995.2395504113 125467.3489550427
113076.0820999104 128415.5780912077
112720.7882911138 128520.1252236958
112365.4944823172 128645.5817826816
112428.1933897519 128687.4006356768
111863.9032228397 128708.3100621745
111362.3119633622 128729.2194886721
110986.1185187541 128812.8571946626
113159.6806431566 128771.0383416673
112574.4908404329 128771.0383416673
112678.9890194907 128812.8571946626
112114.6988525785 128812.8571946626
112093.7992167669 128833.7666211602
112260.9963032594 128896.4949006531
112344.5948465057 128938.3137536483
112971.5839208526 128980.1326066436
112469.9926613751 129001.0420331412
111843.0035870282 129001.0420331412
111404.1112349854 129042.8608861364
112511.7919329982 129063.7703126341
111968.4014018975 129063.7703126341
112219.1970316363 129210.1362981174

112950.6842850410 128645.5817826816
112511.7919329982 128729.2194886721
112616.2901120560 128750.1289151697
112532.6915688097 128750.1289151697
112051.9999451438 128750.1289151697
112031.1003093322 128750.1289151697
112637.1897478676 128791.9477681650
112678.9890194907 128812.8571946626
112114.6988525785 128812.8571946626
112135.5984883900 128833.7666211602
112114.6988525785 128833.7666211602
112198.2973958247 128875.5854741555
111696.7061363472 128896.4949006531
112344.5948465057 128938.3137536483
112240.0966674479 128938.3137536483
112386.3941181288 128959.2231801459
112323.6952106941 128959.2231801459
112365.4944823172 128980.1326066436
112469.9926613751 129001.0420331412
111843.0035870282 129001.0420331412
111404.1112349854 129042.8608861364
112511.7919329982 129063.7703126341
111968.4014018975 129063.7703126341

112219.1970316363 129210.1362981174
127287.8344517732 125341.8923960570
126995.2395504113 125467.3489550427
113076.0820999104 128415.5780912077
112720.7882911138 128520.1252236958
112365.4944823172 128645.5817826816
112428.1933897519 128687.4006356768
111863.9032228397 128708.3100621745
111362.3119633622 128729.2194886721
112010.2006735207 128750.1289151697
113159.6806431566 128771.0383416673
112574.4908404329 128771.0383416673
112616.2901120560 128791.9477681650
112678.9890194907 128812.8571946626
112114.6988525785 128812.8571946626
112156.4981242016 128854.6760476578
112260.9963032594 128896.4949006531
112260.9963032594 128917.4043271507
112365.4944823172 128980.1326066436
112469.9926613751 129001.0420331412
111843.0035870282 129001.0420331412
111404.1112349854 129042.8608861364
111968.4014018975 129063.7703126341

128040.2213409895 124902.7944396069
127705.8271680045 125195.5264105736
127350.5333592079 125320.9829695594
126995.2395504113 125467.3489550427
126660.8453774263 125634.6243670238
113222.3795505913 128185.5743997339
113222.3795505913 128499.2157971982
112720.7882911138 128520.1252236958
112240.0966674479 128582.8535031887
111863.9032228397 128708.3100621745
111362.3119633622 128729.2194886721
113159.6806431566 128771.0383416673
112678.9890194907 128812.8571946626
112031.1003093322 128812.8571946626
110986.1185187541 128854.6760476578
112365.4944823172 128980.1326066436
112950.6842850410 129021.9514596388
112428.1933897519 129021.9514596388
111968.4014018975 129063.7703126341
112219.1970316363 129210.1362981174
111216.0145126813 129293.7740041079
111947.5017660860 129356.5022836008
103713.0452563302 135357.5076884188

112093.7992167669 129147.4080186245
111968.4014018975 129063.7703126341
111780.3046795935 129021.9514596388
111843.0035870282 129001.0420331412
112344.5948465057 128980.1326066436
112365.4944823172 128980.1326066436
112449.0930255635 128980.1326066436
112386.3941181288 128959.2231801459
112240.0966674479 128938.3137536483
112302.7955748825 128938.3137536483
111696.7061363472 128896.4949006531
112198.2973958247 128875.5854741555
112114.6988525785 128833.7666211602
112135.5984883900 128833.7666211602
112762.5875627369 128833.7666211602
112114.6988525785 128812.8571946626
112678.9890194907 128812.8571946626
112637.1897478676 128791.9477681650
112532.6915688097 128750.1289151697
112616.2901120560 128750.1289151697
112950.6842850410 128645.5817826816
112428.1933897519 128645.5817826816
112511.7919329982 128729.2194886721

112093.7992167669 129147.4080186245
111968.4014018975 129063.7703126341
111404.1112349854 129042.8608861364
113117.8813715335 129042.8608861364
110860.7207038847 129021.9514596388
111843.0035870282 129001.0420331412
112469.9926613751 129001.0420331412
111571.3083214778 128854.6760476578
112156.4981242016 128854.6760476578
112114.6988525785 128812.8571946626
112678.9890194907 128812.8571946626
112616.2901120560 128791.9477681650
112574.4908404329 128771.0383416673
113159.6806431566 128771.0383416673
112010.2006735207 128750.1289151697
128040.2213409895 124902.7944396069
127705.8271680045 125195.5264105736
127350.5333592079 125320.9829695594
126995.2395504113 125467.3489550427
126660.8453774263 125634.6243670238
113222.3795505913 128185.5743997339
113222.3795505913 128499.2157971982
112720.7882911138 128520.1252236958

113076.0820999104 128415.5780912077
112804.3868343601 128561.9440766911
112867.0857417948 128582.8535031887
112365.4944823172 128645.5817826816
112428.1933897519 128687.4006356768
111863.9032228397 128708.3100621745
112532.6915688097 128729.2194886721
111362.3119633622 128729.2194886721
112010.2006735207 128750.1289151697
113159.6806431566 128771.0383416673
112574.4908404329 128771.0383416673
112616.2901120560 128791.9477681650
112678.9890194907 128812.8571946626
112156.4981242016 128854.6760476578
111571.3083214778 128854.6760476578
112260.9963032594 128896.4949006531
112260.9963032594 128917.4043271507
112365.4944823172 128980.1326066436
112469.9926613751 129001.0420331412
111843.0035870282 129001.0420331412
111404.1112349854 129042.8608861364
111968.4014018975 129063.7703126341
112093.7992167669 129147.4080186245

111780.3046795935 129021.9514596388
112428.1933897519 129001.0420331412
112365.4944823172 128980.1326066436
112449.0930255635 128980.1326066436
112365.4944823172 128959.2231801459
112386.3941181288 128959.2231801459
112240.0966674479 128938.3137536483
112302.7955748825 128938.3137536483
112135.5984883900 128917.4043271507
112198.2973958247 128917.4043271507
112260.9963032594 128896.4949006531
112135.5984883900 128875.5854741555
112114.6988525785 128833.7666211602
112135.5984883900 128833.7666211602
112762.5875627369 128833.7666211602
112511.7919329982 128729.2194886721
112616.2901120560 128750.1289151697
112532.6915688097 128750.1289151697
112637.1897478676 128791.9477681650
112114.6988525785 128812.8571946626
111947.5017660860 128812.8571946626
112260.9963032594 128854.6760476578
112114.6988525785 128854.6760476578

111968.4014018975 129063.7703126341
112511.7919329982 129063.7703126341
111404.1112349854 129042.8608861364
111843.0035870282 129001.0420331412
112469.9926613751 129001.0420331412
112365.4944823172 128980.1326066436
112950.6842850410 128645.5817826816
112428.1933897519 128645.5817826816
112511.7919329982 128729.2194886721
112532.6915688097 128750.1289151697
112637.1897478676 128791.9477681650
112678.9890194907 128812.8571946626
112114.6988525785 128812.8571946626
111947.5017660860 128812.8571946626
112762.5875627369 128833.7666211602
112135.5984883900 128833.7666211602
112114.6988525785 128833.7666211602
112051.9999451438 128833.7666211602
112260.9963032594 128896.4949006531
112302.7955748825 128938.3137536483
112240.0966674479 128938.3137536483
112386.3941181288 128959.2231801459
112365.4944823172 128959.2231801459

112093.7992167669 129147.4080186245
111780.3046795935 129021.9514596388
112365.4944823172 128980.1326066436
112449.0930255635 128980.1326066436
112365.4944823172 128959.2231801459
112386.3941181288 128959.2231801459
112240.0966674479 128938.3137536483
112302.7955748825 128938.3137536483
112135.5984883900 128917.4043271507
112198.2973958247 128917.4043271507
112260.9963032594 128896.4949006531
112135.5984883900 128875.5854741555
112051.9999451438 128833.7666211602
112114.6988525785 128833.7666211602
112135.5984883900 128833.7666211602
112762.5875627369 128833.7666211602
112114.6988525785 128812.8571946626
112678.9890194907 128812.8571946626
112637.1897478676 128791.9477681650
112532.6915688097 128750.1289151697
112240.0966674479 128917.4043271507
112511.7919329982 128729.2194886721
112950.6842850410 128645.5817826816

111780.3046795935 129042.8608861364
112365.4944823172 128980.1326066436
112449.0930255635 128980.1326066436
112281.8959390710 128959.2231801459
112323.6952106941 128959.2231801459
112365.4944823172 128959.2231801459
112386.3941181288 128959.2231801459
112156.4981242016 128938.3137536483
112240.0966674479 128938.3137536483
112135.5984883900 128917.4043271507
112031.1003093322 128896.4949006531
112198.2973958247 128896.4949006531
112260.9963032594 128896.4949006531
112219.1970316363 128875.5854741555
112511.7919329982 128729.2194886721
112532.6915688097 128750.1289151697
112469.9926613751 128771.0383416673
112637.1897478676 128791.9477681650
112198.2973958247 128812.8571946626
112114.6988525785 128812.8571946626
112762.5875627369 128833.7666211602
112135.5984883900 128833.7666211602
112114.6988525785 128833.7666211602

111926.6021302744 129042.8608861364
111780.3046795935 129021.9514596388
112428.1933897519 129001.0420331412
112344.5948465057 128980.1326066436
112323.6952106941 128959.2231801459
112365.4944823172 128959.2231801459
112386.3941181288 128959.2231801459
112240.0966674479 128938.3137536483
112302.7955748825 128938.3137536483
112198.2973958247 128917.4043271507
112260.9963032594 128896.4949006531
112260.9963032594 128854.6760476578
112051.9999451438 128833.7666211602
112114.6988525785 128833.7666211602
112135.5984883900 128833.7666211602
112762.5875627369 128833.7666211602
112114.6988525785 128812.8571946626
112678.9890194907 128812.8571946626
112637.1897478676 128791.9477681650
112511.7919329982 128729.2194886721
112616.2901120560 128750.1289151697
112532.6915688097 128750.1289151697
112072.8995809554 128791.9477681650

112093.7992167669 129147.4080186245
111780.3046795935 129021.9514596388
112428.1933897519 129001.0420331412
112449.0930255635 128980.1326066436
112323.6952106941 128959.2231801459
112365.4944823172 128959.2231801459
112386.3941181288 128959.2231801459
112240.0966674479 128938.3137536483
112302.7955748825 128938.3137536483
112135.5984883900 128917.4043271507
112198.2973958247 128917.4043271507
112260.9963032594 128896.4949006531
112511.7919329982 128729.2194886721
112616.2901120560 128750.1289151697
112532.6915688097 128750.1289151697
112637.1897478676 128791.9477681650
112114.6988525785 128812.8571946626
111947.5017660860 128812.8571946626
112762.5875627369 128833.7666211602
112135.5984883900 128833.7666211602
112114.6988525785 128833.7666211602
112260.9963032594 128854.6760476578
112114.6988525785 128854.6760476578

112867.0857417948 128582.8535031887
112428.1933897519 128645.5817826816
112992.4835566641 128666.4912091792
112511.7919329982 128729.2194886721
112616.2901120560 128750.1289151697
112532.6915688097 128750.1289151697
112637.1897478676 128791.9477681650
112010.2006735207 128791.9477681650
112762.5875627369 128833.7666211602
112135.5984883900 128833.7666211602
112114.6988525785 128833.7666211602
112198.2973958247 128875.5854741555
111696.7061363472 128896.4949006531
111675.8065005357 128917.4043271507
112344.5948465057 128938.3137536483
112386.3941181288 128959.2231801459
112365.4944823172 128980.1326066436
112469.9926613751 129001.0420331412
111843.0035870282 129001.0420331412
111404.1112349854 129042.8608861364
112511.7919329982 129063.7703126341
111968.4014018975 129063.7703126341
112219.1970316363 129210.1362981174

127287.8344517732 125341.8923960570
126995.2395504113 125467.3489550427
113076.0820999104 128415.5780912077
112720.7882911138 128520.1252236958
112365.4944823172 128645.5817826816
112428.1933897519 128687.4006356768
111863.9032228397 128708.3100621745
112532.6915688097 128729.2194886721
111362.3119633622 128729.2194886721
113159.6806431566 128771.0383416673
112574.4908404329 128771.0383416673
112678.9890194907 128812.8571946626
112114.6988525785 128812.8571946626
112093.7992167669 128833.7666211602
111174.2152410581 128938.3137536483
112344.5948465057 128938.3137536483
112971.5839208526 128980.1326066436
112469.9926613751 129001.0420331412
111843.0035870282 129001.0420331412
111404.1112349854 129042.8608861364
112511.7919329982 129063.7703126341
111968.4014018975 129063.7703126341
112219.1970316363 129210.1362981174

112093.7992167669 129147.4080186245
111968.4014018975 129063.7703126341
111780.3046795935 129021.9514596388
111843.0035870282 129001.0420331412
112344.5948465057 128980.1326066436
112365.4944823172 128980.1326066436
112449.0930255635 128980.1326066436
112386.3941181288 128959.2231801459
112240.0966674479 128938.3137536483
112302.7955748825 128938.3137536483
112260.9963032594 128896.4949006531
112950.6842850410 128645.5817826816
112428.1933897519 128645.5817826816
112511.7919329982 128729.2194886721
112616.2901120560 128750.1289151697
112532.6915688097 128750.1289151697
112637.1897478676 128791.9477681650
112678.9890194907 128812.8571946626
112114.6988525785 128812.8571946626
112762.5875627369 128833.7666211602
112135.5984883900 128833.7666211602
112114.6988525785 128833.7666211602
112198.2973958247 128875.5854741555

112950.6842850410 128645.5817826816
112511.7919329982 128729.2194886721
112616.2901120560 128750.1289151697
112532.6915688097 128750.1289151697
112051.9999451438 128750.1289151697
112637.1897478676 128791.9477681650
112678.9890194907 128812.8571946626
112114.6988525785 128812.8571946626
112762.5875627369 128833.7666211602
112135.5984883900 128833.7666211602
112114.6988525785 128833.7666211602
112198.2973958247 128875.5854741555
111696.7061363472 128896.4949006531
111675.8065005357 128917.4043271507
112344.5948465057 128938.3137536483
112386.3941181288 128959.2231801459
112365.4944823172 128980.1326066436
111843.0035870282 129001.0420331412
111947.5017660860 129042.8608861364
111404.1112349854 129042.8608861364
112511.7919329982 129063.7703126341
111968.4014018975 129063.7703126341
112219.1970316363 129210.1362981174

112428.1933897519 129001.0420331412
112365.4944823172 128980.1326066436
112449.0930255635 128980.1326066436
112281.8959390710 128959.2231801459
112323.6952106941 128959.2231801459
112365.4944823172 128959.2231801459
112386.3941181288 128959.2231801459
112156.4981242016 128938.3137536483
112240.0966674479 128938.3137536483
112135.5984883900 128917.4043271507
112031.1003093322 128896.4949006531
112198.2973958247 128896.4949006531
112260.9963032594 128896.4949006531
112219.1970316363 128875.5854741555
112365.4944823172 128854.6760476578
111947.5017660860 128833.7666211602
112135.5984883900 128833.7666211602
112114.6988525785 128812.8571946626
112198.2973958247 128812.8571946626
112386.3941181288 128812.8571946626
112469.9926613751 128771.0383416673
112532.6915688097 128750.1289151697
112511.7919329982 128729.2194886721

111780.3046795935 129021.9514596388
112428.1933897519 129001.0420331412
112365.4944823172 128980.1326066436
112449.0930255635 128980.1326066436
112365.4944823172 128959.2231801459
112386.3941181288 128959.2231801459
112240.0966674479 128938.3137536483
112302.7955748825 128938.3137536483
112135.5984883900 128917.4043271507
112198.2973958247 128917.4043271507
112260.9963032594 128896.4949006531
112135.5984883900 128875.5854741555
112114.6988525785 128833.7666211602
112135.5984883900 128833.7666211602
112762.5875627369 128833.7666211602
111947.5017660860 128812.8571946626
112114.6988525785 128812.8571946626
112678.9890194907 128812.8571946626
112637.1897478676 128791.9477681650
112532.6915688097 128750.1289151697
112616.2901120560 128750.1289151697
112511.7919329982 128729.2194886721
112950.6842850410 128645.5817826816

112511.7919329982 128729.2194886721
112616.2901120560 128750.1289151697
112532.6915688097 128750.1289151697
112323.6952106941 128917.4043271507
112637.1897478676 128791.9477681650
112678.9890194907 128812.8571946626
112114.6988525785 128812.8571946626
112762.5875627369 128833.7666211602
112135.5984883900 128833.7666211602
112114.6988525785 128833.7666211602
112051.9999451438 128833.7666211602
112135.5984883900 128875.5854741555
112260.9963032594 128896.4949006531
112198.2973958247 128917.4043271507
112135.5984883900 128917.4043271507
112302.7955748825 128938.3137536483
112240.0966674479 128938.3137536483
112386.3941181288 128959.2231801459
112365.4944823172 128959.2231801459
112449.0930255635 128980.1326066436
112365.4944823172 128980.1326066436
112428.1933897519 129001.0420331412
111780.3046795935 129021.9514596388

111780.3046795935 129021.9514596388
112428.1933897519 129001.0420331412
112365.4944823172 128980.1326066436
112449.0930255635 128980.1326066436
112365.4944823172 128959.2231801459
112386.3941181288 128959.2231801459
112240.0966674479 128938.3137536483
112302.7955748825 128938.3137536483
112135.5984883900 128917.4043271507
112198.2973958247 128917.4043271507
112260.9963032594 128896.4949006531
112135.5984883900 128875.5854741555
112114.6988525785 128833.7666211602
112135.5984883900 128833.7666211602
112762.5875627369 128833.7666211602
111947.5017660860 128812.8571946626
112114.6988525785 128812.8571946626
112678.9890194907 128812.8571946626
112072.8995809554 128791.9477681650
112637.1897478676 128791.9477681650
112532.6915688097 128750.1289151697
112616.2901120560 128750.1289151697
112511.7919329982 128729.2194886721

112093.7992167669 129147.4080186245
111968.4014018975 129063.7703126341
112511.7919329982 129063.7703126341
111404.1112349854 129042.8608861364
111843.0035870282 129001.0420331412
112365.4944823172 128980.1326066436
112344.5948465057 128938.3137536483
111696.7061363472 128896.4949006531
112260.9963032594 128896.4949006531
112908.8850134179 128896.4949006531
112156.4981242016 128875.5854741555
112135.5984883900 128854.6760476578
112156.4981242016 128854.6760476578
112135.5984883900 128833.7666211602
112762.5875627369 128833.7666211602
112678.9890194907 128812.8571946626
112051.9999451438 128750.1289151697
112616.2901120560 128750.1289151697
113076.0820999104 128415.5780912077
112867.0857417948 128582.8535031887
112428.1933897519 128645.5817826816
112992.4835566641 128666.4912091792
112532.6915688097 128750.1289151697

112428.1933897519 129001.0420331412
112365.4944823172 128980.1326066436
112449.0930255635 128980.1326066436
112281.8959390710 128959.2231801459
112323.6952106941 128959.2231801459
112365.4944823172 128959.2231801459
112386.3941181288 128959.2231801459
112156.4981242016 128938.3137536483
112240.0966674479 128938.3137536483
112135.5984883900 128917.4043271507
112386.3941181288 128917.4043271507
112511.7919329982 128729.2194886721
112616.2901120560 128750.1289151697
112469.9926613751 128771.0383416673
112637.1897478676 128791.9477681650
112198.2973958247 128812.8571946626
112114.6988525785 128812.8571946626
112135.5984883900 128833.7666211602
111947.5017660860 128833.7666211602
112365.4944823172 128854.6760476578
112219.1970316363 128875.5854741555
112260.9963032594 128896.4949006531
112198.2973958247 128896.4949006531

112219.1970316363 129210.1362981174
111968.4014018975 129063.7703126341
112511.7919329982 129063.7703126341
111404.1112349854 129042.8608861364
111843.0035870282 129001.0420331412
112469.9926613751 129001.0420331412
112365.4944823172 128980.1326066436
111696.7061363472 128896.4949006531
112260.9963032594 128896.4949006531
112908.8850134179 128896.4949006531
112156.4981242016 128875.5854741555
112135.5984883900 128854.6760476578
112156.4981242016 128854.6760476578
112135.5984883900 128833.7666211602
112762.5875627369 128833.7666211602
112678.9890194907 128812.8571946626
111863.9032228397 128708.3100621745
112428.1933897519 128687.4006356768
112386.3941181288 128666.4912091792
112992.4835566641 128666.4912091792
112428.1933897519 128645.5817826816
113076.0820999104 128415.5780912077
112511.7919329982 128729.2194886721

113076.0820999104 128415.5780912077
112658.0893836791 128499.2157971982
112804.3868343601 128561.9440766911
112365.4944823172 128645.5817826816
112428.1933897519 128687.4006356768
111863.9032228397 128708.3100621745
112532.6915688097 128729.2194886721
111362.3119633622 128729.2194886721
112010.2006735207 128750.1289151697
113159.6806431566 128771.0383416673
112574.4908404329 128771.0383416673
112678.9890194907 128812.8571946626
112114.6988525785 128812.8571946626
112093.7992167669 128833.7666211602
112260.9963032594 128896.4949006531
112344.5948465057 128938.3137536483
112971.5839208526 128980.1326066436
112469.9926613751 129001.0420331412
111843.0035870282 129001.0420331412
111404.1112349854 129042.8608861364
112511.7919329982 129063.7703126341
111968.4014018975 129063.7703126341
112219.1970316363 129210.1362981174

112219.1970316363 129210.1362981174
112511.7919329982 129063.7703126341
111404.1112349854 129042.8608861364
111947.5017660860 129042.8608861364
111843.0035870282 129001.0420331412
112365.4944823172 128980.1326066436
112323.6952106941 128959.2231801459
112386.3941181288 128959.2231801459
112344.5948465057 128938.3137536483
111675.8065005357 128917.4043271507
111696.7061363472 128896.4949006531
112198.2973958247 128875.5854741555
112114.6988525785 128833.7666211602
112135.5984883900 128833.7666211602
112762.5875627369 128833.7666211602
112950.6842850410 128645.5817826816
112428.1933897519 128645.5817826816
112511.7919329982 128729.2194886721
112616.2901120560 128750.1289151697
112532.6915688097 128750.1289151697
112637.1897478676 128791.9477681650
112678.9890194907 128812.8571946626
112114.6988525785 128812.8571946626

111780.3046795935 129021.9514596388
112428.1933897519 129001.0420331412
112365.4944823172 128980.1326066436
112449.0930255635 128980.1326066436
112177.3977600132 128959.2231801459
112365.4944823172 128959.2231801459
112386.3941181288 128959.2231801459
112240.0966674479 128938.3137536483
112302.7955748825 128938.3137536483
112135.5984883900 128917.4043271507
112260.9963032594 128896.4949006531
112135.5984883900 128875.5854741555
112051.9999451438 128833.7666211602
112114.6988525785 128833.7666211602
112135.5984883900 128833.7666211602
112762.5875627369 128833.7666211602
111947.5017660860 128812.8571946626
112114.6988525785 128812.8571946626
112678.9890194907 128812.8571946626
112637.1897478676 128791.9477681650
112532.6915688097 128750.1289151697
112616.2901120560 128750.1289151697
112511.7919329982 128729.2194886721

111780.3046795935 129021.9514596388
112428.1933897519 129001.0420331412
112365.4944823172 128980.1326066436
112449.0930255635 128980.1326066436
112386.3941181288 128959.2231801459
112240.0966674479 128938.3137536483
112302.7955748825 128938.3137536483
112135.5984883900 128917.4043271507
112198.2973958247 128917.4043271507
112260.9963032594 128896.4949006531
112198.2973958247 128875.5854741555
112260.9963032594 128854.6760476578
112511.7919329982 128729.2194886721
112532.6915688097 128750.1289151697
112469.9926613751 128771.0383416673
112386.3941181288 128812.8571946626
112198.2973958247 128812.8571946626
112114.6988525785 128812.8571946626
112135.5984883900 128833.7666211602
111947.5017660860 128833.7666211602
112365.4944823172 128854.6760476578
112219.1970316363 128875.5854741555
112198.2973958247 128896.4949006531

112219.1970316363 129210.1362981174
112093.7992167669 129147.4080186245
110359.1294444072 129105.5891656293
112595.3904762444 129105.5891656293
111968.4014018975 129063.7703126341
111404.1112349854 129042.8608861364
110860.7207038847 129021.9514596388
112950.6842850410 129021.9514596388
112365.4944823172 128980.1326066436
112031.1003093322 128812.8571946626
112678.9890194907 128812.8571946626
128458.2140572207 124840.0661601140
128040.2213409895 124902.7944396069
127705.8271680045 125195.5264105736
127350.5333592079 125320.9829695594
126995.2395504113 125467.3489550427
126660.8453774263 125634.6243670238
126012.9566672678 125718.2620730142
113661.2719026342 128311.0309587196
113076.0820999104 128415.5780912077
112720.7882911138 128520.1252236958
112240.0966674479 128582.8535031887
113159.6806431566 128771.0383416673

112219.1970316363 129210.1362981174
111968.4014018975 129063.7703126341
112511.7919329982 129063.7703126341
111404.1112349854 129042.8608861364
127496.8308098888 125070.0698515879
127350.5333592079 125320.9829695594
126995.2395504113 125467.3489550427
126660.8453774263 125634.6243670238
113076.0820999104 128415.5780912077
112720.7882911138 128520.1252236958
112365.4944823172 128645.5817826816
112428.1933897519 128687.4006356768
111362.3119633622 128729.2194886721
112010.2006735207 128750.1289151697
113159.6806431566 128771.0383416673
112574.4908404329 128771.0383416673
112616.2901120560 128791.9477681650
112678.9890194907 128812.8571946626
112114.6988525785 128812.8571946626
112156.4981242016 128854.6760476578
111571.3083214778 128854.6760476578
112260.9963032594 128896.4949006531
110860.7207038847 129021.9514596388

128040.2213409895 124902.7944396069
127705.8271680045 125195.5264105736
127350.5333592079 125320.9829695594
126995.2395504113 125467.3489550427
126660.8453774263 125634.6243670238
126012.9566672678 125718.2620730142
113661.2719026342 128311.0309587196
113076.0820999104 128415.5780912077
112867.0857417948 128582.8535031887
112240.0966674479 128582.8535031887
111863.9032228397 128708.3100621745
113159.6806431566 128771.0383416673
112678.9890194907 128812.8571946626
112031.1003093322 128812.8571946626
110986.1185187541 128854.6760476578
128228.3180632935 124672.7907481330
112950.6842850410 129021.9514596388
112428.1933897519 129021.9514596388
111968.4014018975 129063.7703126341
112219.1970316363 129210.1362981174
111216.0145126813 129293.7740041079
111947.5017660860 129356.5022836008
103713.0452563302 135357.5076884188

112093.7992167669 129147.4080186245
111780.3046795935 129021.9514596388
112365.4944823172 128980.1326066436
112449.0930255635 128980.1326066436
112365.4944823172 128959.2231801459
112386.3941181288 128959.2231801459
112240.0966674479 128938.3137536483
112302.7955748825 128938.3137536483
112135.5984883900 128917.4043271507
112198.2973958247 128917.4043271507
112260.9963032594 128896.4949006531
112135.5984883900 128875.5854741555
112114.6988525785 128833.7666211602
112135.5984883900 128833.7666211602
112762.5875627369 128833.7666211602
111947.5017660860 128812.8571946626
112114.6988525785 128812.8571946626
112678.9890194907 128812.8571946626
112072.8995809554 128791.9477681650
112637.1897478676 128791.9477681650
112532.6915688097 128750.1289151697
112616.2901120560 128750.1289151697
112511.7919329982 128729.2194886721

112093.7992167669 129147.4080186245
111780.3046795935 129021.9514596388
112365.4944823172 128980.1326066436
112449.0930255635 128980.1326066436
112365.4944823172 128959.2231801459
112386.3941181288 128959.2231801459
112240.0966674479 128938.3137536483
112302.7955748825 128938.3137536483
112135.5984883900 128917.4043271507
112198.2973958247 128917.4043271507
112260.9963032594 128896.4949006531
112135.5984883900 128875.5854741555
112051.9999451438 128833.7666211602
112114.6988525785 128833.7666211602
112135.5984883900 128833.7666211602
112762.5875627369 128833.7666211602
112114.6988525785 128812.8571946626
112678.9890194907 128812.8571946626
112511.7919329982 128729.2194886721
112616.2901120560 128750.1289151697
112532.6915688097 128750.1289151697
112637.1897478676 128791.9477681650
112072.8995809554 128791.9477681650

112950.6842850410 128645.5817826816
112428.1933897519 128645.5817826816
112511.7919329982 128729.2194886721
112616.2901120560 128750.1289151697
112532.6915688097 128750.1289151697
112637.1897478676 128791.9477681650
112678.9890194907 128812.8571946626
112114.6988525785 128812.8571946626
112762.5875627369 128833.7666211602
112135.5984883900 128833.7666211602
112114.6988525785 128833.7666211602
112198.2973958247 128875.5854741555
111696.7061363472 128896.4949006531
112344.5948465057 128938.3137536483
112240.0966674479 128938.3137536483
112386.3941181288 128959.2231801459
112323.6952106941 128959.2231801459
112365.4944823172 128980.1326066436
112469.9926613751 129001.0420331412
111843.0035870282 129001.0420331412
111404.1112349854 129042.8608861364
111968.4014018975 129063.7703126341
112093.7992167669 129147.4080186245

112950.6842850410 128645.5817826816
112428.1933897519 128645.5817826816
112511.7919329982 128729.2194886721
112616.2901120560 128750.1289151697
112532.6915688097 128750.1289151697
112051.9999451438 128750.1289151697
112637.1897478676 128791.9477681650
112114.6988525785 128812.8571946626
112762.5875627369 128833.7666211602
112135.5984883900 128833.7666211602
112114.6988525785 128833.7666211602
112198.2973958247 128875.5854741555
111696.7061363472 128896.4949006531
111675.8065005357 128917.4043271507
112344.5948465057 128938.3137536483
112386.3941181288 128959.2231801459
112323.6952106941 128959.2231801459
112365.4944823172 128980.1326066436
112469.9926613751 129001.0420331412
111843.0035870282 129001.0420331412
111404.1112349854 129042.8608861364
111968.4014018975 129063.7703126341
112093.7992167669 129147.4080186245

113076.0820999104 128415.5780912077
112804.3868343601 128561.9440766911
112867.0857417948 128582.8535031887
112365.4944823172 128645.5817826816
112428.1933897519 128687.4006356768
111863.9032228397 128708.3100621745
112532.6915688097 128729.2194886721
111362.3119633622 128729.2194886721
112010.2006735207 128750.1289151697
113159.6806431566 128771.0383416673
112574.4908404329 128771.0383416673
112678.9890194907 128812.8571946626
112114.6988525785 128812.8571946626
112093.7992167669 128833.7666211602
112260.9963032594 128896.4949006531
112344.5948465057 128938.3137536483
112971.5839208526 128980.1326066436
112469.9926613751 129001.0420331412
111843.0035870282 129001.0420331412
111404.1112349854 129042.8608861364
112511.7919329982 129063.7703126341
111968.4014018975 129063.7703126341
112219.1970316363 129210.1362981174

112511.7919329982 129021.9514596388
112365.4944823172 128980.1326066436
112449.0930255635 128980.1326066436
112323.6952106941 128959.2231801459
112365.4944823172 128959.2231801459
112386.3941181288 128959.2231801459
112156.4981242016 128938.3137536483
112240.0966674479 128938.3137536483
112135.5984883900 128917.4043271507
112386.3941181288 128917.4043271507
112031.1003093322 128896.4949006531
112260.9963032594 128896.4949006531
112281.8959390710 128896.4949006531
112219.1970316363 128875.5854741555
112365.4944823172 128854.6760476578
111947.5017660860 128833.7666211602
112135.5984883900 128833.7666211602
112114.6988525785 128812.8571946626
112198.2973958247 128812.8571946626
112637.1897478676 128791.9477681650
112469.9926613751 128771.0383416673
112532.6915688097 128750.1289151697
112511.7919329982 128729.2194886721

113076.0820999104 128415.5780912077
112867.0857417948 128582.8535031887
112428.1933897519 128645.5817826816
112992.4835566641 128666.4912091792
112386.3941181288 128666.4912091792
112428.1933897519 128687.4006356768
111863.9032228397 128708.3100621745
112678.9890194907 128812.8571946626
112762.5875627369 128833.7666211602
112135.5984883900 128833.7666211602
112156.4981242016 128854.6760476578
112135.5984883900 128854.6760476578
112156.4981242016 128875.5854741555
112908.8850134179 128896.4949006531
112260.9963032594 128896.4949006531
111696.7061363472 128896.4949006531
112365.4944823172 128980.1326066436
112469.9926613751 129001.0420331412
111843.0035870282 129001.0420331412
111404.1112349854 129042.8608861364
112511.7919329982 129063.7703126341
111968.4014018975 129063.7703126341
112219.1970316363 129210.1362981174

112093.7992167669 129147.4080186245
111968.4014018975 129063.7703126341
111404.1112349854 129042.8608861364
111843.0035870282 129001.0420331412
112469.9926613751 129001.0420331412
112365.4944823172 128980.1326066436
112323.6952106941 128959.2231801459
112386.3941181288 128959.2231801459
112240.0966674479 128938.3137536483
112344.5948465057 128938.3137536483
111696.7061363472 128896.4949006531
112198.2973958247 128875.5854741555
112950.6842850410 128645.5817826816
112428.1933897519 128645.5817826816
112511.7919329982 128729.2194886721
112616.2901120560 128750.1289151697
112532.6915688097 128750.1289151697
112051.9999451438 128750.1289151697
112637.1897478676 128791.9477681650
112114.6988525785 128812.8571946626
112762.5875627369 128833.7666211602
112135.5984883900 128833.7666211602
112114.6988525785 128833.7666211602

112093.7992167669 129147.4080186245
111968.4014018975 129063.7703126341
111613.1075931010 128938.3137536483
111843.0035870282 129001.0420331412
112469.9926613751 129001.0420331412
112365.4944823172 128980.1326066436
112323.6952106941 128959.2231801459
112386.3941181288 128959.2231801459
112240.0966674479 128938.3137536483
112344.5948465057 128938.3137536483
111696.7061363472 128896.4949006531
112198.2973958247 128875.5854741555
112114.6988525785 128833.7666211602
112135.5984883900 128833.7666211602
112762.5875627369 128833.7666211602
112114.6988525785 128812.8571946626
112678.9890194907 128812.8571946626
112637.1897478676 128791.9477681650
112051.9999451438 128750.1289151697
112532.6915688097 128750.1289151697
112616.2901120560 128750.1289151697
112511.7919329982 128729.2194886721
112950.6842850410 128645.5817826816

111780.3046795935 129021.9514596388
112428.1933897519 129001.0420331412
112511.7919329982 128729.2194886721
112616.2901120560 128750.1289151697
112532.6915688097 128750.1289151697
112637.1897478676 128791.9477681650
112678.9890194907 128812.8571946626
112114.6988525785 128812.8571946626
111947.5017660860 128812.8571946626
112762.5875627369 128833.7666211602
112135.5984883900 128833.7666211602
112114.6988525785 128833.7666211602
112051.9999451438 128833.7666211602
112135.5984883900 128875.5854741555
112260.9963032594 128896.4949006531
112198.2973958247 128917.4043271507
112135.5984883900 128917.4043271507
112302.7955748825 128938.3137536483
112240.0966674479 128938.3137536483
112386.3941181288 128959.2231801459
112365.4944823172 128959.2231801459
112449.0930255635 128980.1326066436
112365.4944823172 128980.1326066436

112093.7992167669 129147.4080186245
127204.2359085269 125446.4395285451
113076.0820999104 128415.5780912077
112720.7882911138 128520.1252236958
112804.3868343601 128561.9440766911
112365.4944823172 128645.5817826816
112428.1933897519 128687.4006356768
111863.9032228397 128708.3100621745
111362.3119633622 128729.2194886721
112010.2006735207 128750.1289151697
113159.6806431566 128771.0383416673
112574.4908404329 128771.0383416673
112616.2901120560 128791.9477681650
112678.9890194907 128812.8571946626
112156.4981242016 128854.6760476578
111571.3083214778 128854.6760476578
112260.9963032594 128896.4949006531
112260.9963032594 128917.4043271507
112365.4944823172 128980.1326066436
112469.9926613751 129001.0420331412
111843.0035870282 129001.0420331412
111404.1112349854 129042.8608861364
111968.4014018975 129063.7703126341

112511.7919329982 129021.9514596388
112365.4944823172 128980.1326066436
112449.0930255635 128980.1326066436
112281.8959390710 128959.2231801459
112323.6952106941 128959.2231801459
112365.4944823172 128959.2231801459
112386.3941181288 128959.2231801459
112156.4981242016 128938.3137536483
112240.0966674479 128938.3137536483
112135.5984883900 128917.4043271507
112386.3941181288 128917.4043271507
112031.1003093322 128896.4949006531
112260.9963032594 128896.4949006531
112281.8959390710 128896.4949006531
112511.7919329982 128729.2194886721
112532.6915688097 128750.1289151697
112469.9926613751 128771.0383416673
112637.1897478676 128791.9477681650
112219.1970316363 128812.8571946626
112198.2973958247 128812.8571946626
112114.6988525785 128812.8571946626
112135.5984883900 128833.7666211602
111947.5017660860 128833.7666211602

112093.7992167669 129147.4080186245
111968.4014018975 129063.7703126341
112511.7919329982 129063.7703126341
111404.1112349854 129042.8608861364
111843.0035870282 129001.0420331412
112469.9926613751 129001.0420331412
112365.4944823172 128980.1326066436
127204.2359085269 125446.4395285451
113076.0820999104 128415.5780912077
112658.0893836791 128499.2157971982
112804.3868343601 128561.9440766911
112365.4944823172 128645.5817826816
112428.1933897519 128687.4006356768
111863.9032228397 128708.3100621745
111362.3119633622 128729.2194886721
112010.2006735207 128750.1289151697
113159.6806431566 128771.0383416673
112574.4908404329 128771.0383416673
112616.2901120560 128791.9477681650
112678.9890194907 128812.8571946626
112114.6988525785 128812.8571946626
112156.4981242016 128854.6760476578
112344.5948465057 128938.3137536483

112511.7919329982 128729.2194886721
112532.6915688097 128750.1289151697
112469.9926613751 128771.0383416673
112637.1897478676 128791.9477681650
112198.2973958247 128812.8571946626
112323.6952106941 128854.6760476578
112135.5984883900 128833.7666211602
111947.5017660860 128833.7666211602
112365.4944823172 128854.6760476578
112219.1970316363 128875.5854741555
112260.9963032594 128896.4949006531
112198.2973958247 128896.4949006531
112031.1003093322 128896.4949006531
112135.5984883900 128917.4043271507
112240.0966674479 128938.3137536483
112156.4981242016 128938.3137536483
112386.3941181288 128959.2231801459
112365.4944823172 128959.2231801459
112323.6952106941 128959.2231801459
112281.8959390710 128959.2231801459
112449.0930255635 128980.1326066436
112365.4944823172 128980.1326066436
111780.3046795935 129042.8608861364

112219.1970316363 129210.1362981174
111968.4014018975 129063.7703126341
112511.7919329982 129063.7703126341
111404.1112349854 129042.8608861364
111843.0035870282 129001.0420331412
112469.9926613751 129001.0420331412
112971.5839208526 128980.1326066436
112344.5948465057 128938.3137536483
112260.9963032594 128896.4949006531
127204.2359085269 125446.4395285451
113076.0820999104 128415.5780912077
112658.0893836791 128499.2157971982
112804.3868343601 128561.9440766911
112365.4944823172 128645.5817826816
112428.1933897519 128687.4006356768
111863.9032228397 128708.3100621745
112532.6915688097 128729.2194886721
111362.3119633622 128729.2194886721
113159.6806431566 128771.0383416673
112574.4908404329 128771.0383416673
112678.9890194907 128812.8571946626
112114.6988525785 128812.8571946626
112093.7992167669 128833.7666211602

112219.1970316363 129210.1362981174
112511.7919329982 129063.7703126341
111404.1112349854 129042.8608861364
111947.5017660860 129042.8608861364
111843.0035870282 129001.0420331412
112469.9926613751 129001.0420331412
112365.4944823172 128980.1326066436
112344.5948465057 128938.3137536483
111675.8065005357 128917.4043271507
111696.7061363472 128896.4949006531
112260.9963032594 128896.4949006531
112908.8850134179 128896.4949006531
112867.0857417948 128582.8535031887
112428.1933897519 128645.5817826816
112992.4835566641 128666.4912091792
112511.7919329982 128729.2194886721
112616.2901120560 128750.1289151697
112532.6915688097 128750.1289151697
112637.1897478676 128791.9477681650
112114.6988525785 128812.8571946626
112762.5875627369 128833.7666211602
112135.5984883900 128833.7666211602
112114.6988525785 128833.7666211602

112511.7919329982 128729.2194886721
112616.2901120560 128750.1289151697
112532.6915688097 128750.1289151697
112637.1897478676 128791.9477681650
112072.8995809554 128791.9477681650
112678.9890194907 128812.8571946626
112114.6988525785 128812.8571946626
111947.5017660860 128812.8571946626
112762.5875627369 128833.7666211602
112135.5984883900 128833.7666211602
112114.6988525785 128833.7666211602
112051.9999451438 128833.7666211602
112260.9963032594 128896.4949006531
112198.2973958247 128917.4043271507
112135.5984883900 128917.4043271507
112302.7955748825 128938.3137536483
112240.0966674479 128938.3137536483
112386.3941181288 128959.2231801459
112365.4944823172 128959.2231801459
112449.0930255635 128980.1326066436
112365.4944823172 128980.1326066436
111780.3046795935 129021.9514596388
112093.7992167669 129147.4080186245

111780.3046795935 129021.9514596388
112428.1933897519 129001.0420331412
112344.5948465057 128980.1326066436
112365.4944823172 128980.1326066436
112323.6952106941 128959.2231801459
112365.4944823172 128959.2231801459
112386.3941181288 128959.2231801459
112240.0966674479 128938.3137536483
112302.7955748825 128938.3137536483
112198.2973958247 128917.4043271507
112260.9963032594 128896.4949006531
112260.9963032594 128854.6760476578
112511.7919329982 128729.2194886721
112532.6915688097 128750.1289151697
112469.9926613751 128771.0383416673
112637.1897478676 128791.9477681650
112198.2973958247 128812.8571946626
112114.6988525785 128812.8571946626
112135.5984883900 128833.7666211602
111947.5017660860 128833.7666211602
112365.4944823172 128854.6760476578
112219.1970316363 128875.5854741555
112281.8959390710 128896.4949006531

111780.3046795935 129042.8608861364
112365.4944823172 128980.1326066436
112449.0930255635 128980.1326066436
112281.8959390710 128959.2231801459
112323.6952106941 128959.2231801459
112365.4944823172 128959.2231801459
112386.3941181288 128959.2231801459
112156.4981242016 128938.3137536483
112240.0966674479 128938.3137536483
112135.5984883900 128917.4043271507
112031.1003093322 128896.4949006531
112198.2973958247 128896.4949006531
112260.9963032594 128896.4949006531
112219.1970316363 128875.5854741555
112365.4944823172 128854.6760476578
111947.5017660860 128833.7666211602
112135.5984883900 128833.7666211602
112511.7919329982 128729.2194886721
112532.6915688097 128750.1289151697
112469.9926613751 128771.0383416673
112386.3941181288 128812.8571946626
112198.2973958247 128812.8571946626
112114.6988525785 128812.8571946626

112093.7992167669 129147.4080186245
128040.2213409895 124902.7944396069
127705.8271680045 125195.5264105736
127350.5333592079 125320.9829695594
126995.2395504113 125467.3489550427
126660.8453774263 125634.6243670238
126012.9566672678 125718.2620730142
113661.2719026342 128311.0309587196
113076.0820999104 128415.5780912077
112867.0857417948 128582.8535031887
112240.0966674479 128582.8535031887
111863.9032228397 128708.3100621745
113159.6806431566 128771.0383416673
112678.9890194907 128812.8571946626
112031.1003093322 128812.8571946626
110986.1185187541 128854.6760476578
112365.4944823172 128980.1326066436
112950.6842850410 129021.9514596388
112428.1933897519 129021.9514596388
111968.4014018975 129063.7703126341
112219.1970316363 129210.1362981174
111216.0145126813 129293.7740041079
111947.5017660860 129356.5022836008

112219.1970316363 129210.1362981174
112511.7919329982 129063.7703126341
111404.1112349854 129042.8608861364
111947.5017660860 129042.8608861364
111843.0035870282 129001.0420331412
112365.4944823172 128980.1326066436
112323.6952106941 128959.2231801459
112386.3941181288 128959.2231801459
112344.5948465057 128938.3137536483
111675.8065005357 128917.4043271507
111696.7061363472 128896.4949006531
112198.2973958247 128875.5854741555
112867.0857417948 128582.8535031887
112428.1933897519 128645.5817826816
112992.4835566641 128666.4912091792
112511.7919329982 128729.2194886721
112616.2901120560 128750.1289151697
112532.6915688097 128750.1289151697
112637.1897478676 128791.9477681650
112114.6988525785 128812.8571946626
112762.5875627369 128833.7666211602
112135.5984883900 128833.7666211602
112114.6988525785 128833.7666211602

112093.7992167669 129147.4080186245
111780.3046795935 129021.9514596388
112365.4944823172 128980.1326066436
112449.0930255635 128980.1326066436
112365.4944823172 128959.2231801459
112386.3941181288 128959.2231801459
112240.0966674479 128938.3137536483
112302.7955748825 128938.3137536483
112135.5984883900 128917.4043271507
112198.2973958247 128917.4043271507
112260.9963032594 128896.4949006531
112135.5984883900 128875.5854741555
112051.9999451438 128833.7666211602
112114.6988525785 128833.7666211602
112135.5984883900 128833.7666211602
112762.5875627369 128833.7666211602
112114.6988525785 128812.8571946626
112678.9890194907 128812.8571946626
112637.1897478676 128791.9477681650
112532.6915688097 128750.1289151697
112616.2901120560 128750.1289151697
112511.7919329982 128729.2194886721
112950.6842850410 128645.5817826816

103713.0452563302 135357.5076884188
128040.2213409895 124902.7944396069
127705.8271680045 125195.5264105736
127350.5333592079 125320.9829695594
126995.2395504113 125467.3489550427
126660.8453774263 125634.6243670238
126012.9566672678 125718.2620730142
113661.2719026342 128311.0309587196
113076.0820999104 128415.5780912077
112867.0857417948 128582.8535031887
112240.0966674479 128582.8535031887
111863.9032228397 128708.3100621745
112616.2901120560 128750.1289151697
113159.6806431566 128771.0383416673
112678.9890194907 128812.8571946626
112031.1003093322 128812.8571946626
112365.4944823172 128980.1326066436
112950.6842850410 129021.9514596388
110860.7207038847 129021.9514596388
111404.1112349854 129042.8608861364
111968.4014018975 129063.7703126341
112595.3904762444 129105.5891656293
112093.7992167669 129147.4080186245

111780.3046795935 129042.8608861364
112365.4944823172 128980.1326066436
112449.0930255635 128980.1326066436
112281.8959390710 128959.2231801459
112323.6952106941 128959.2231801459
112365.4944823172 128959.2231801459
112386.3941181288 128959.2231801459
112156.4981242016 128938.3137536483
112240.0966674479 128938.3137536483
112135.5984883900 128917.4043271507
112031.1003093322 128896.4949006531
112198.2973958247 128896.4949006531
112260.9963032594 128896.4949006531
112511.7919329982 128729.2194886721
112532.6915688097 128750.1289151697
112469.9926613751 128771.0383416673
112637.1897478676 128791.9477681650
112198.2973958247 128812.8571946626
112114.6988525785 128812.8571946626
112762.5875627369 128833.7666211602
112135.5984883900 128833.7666211602
112114.6988525785 128833.7666211602
112051.9999451438 128833.7666211602

103713.0452563302 135357.5076884188
104068.3390651268 135252.9605559307
128458.2140572207 124840.0661601140
128040.2213409895 124902.7944396069
127705.8271680045 125195.5264105736
127350.5333592079 125320.9829695594
126995.2395504113 125467.3489550427
126660.8453774263 125634.6243670238
126012.9566672678 125718.2620730142
113661.2719026342 128311.0309587196
113076.0820999104 128415.5780912077
112720.7882911138 128520.1252236958
112240.0966674479 128582.8535031887
111863.9032228397 128708.3100621745
113159.6806431566 128771.0383416673
112031.1003093322 128812.8571946626
110986.1185187541 128854.6760476578
112950.6842850410 129021.9514596388
111968.4014018975 129063.7703126341
112595.3904762444 129105.5891656293
112219.1970316363 129210.1362981174
109962.0363639875 129231.0457246150
111216.0145126813 129293.7740041079

112093.7992167669 129147.4080186245
111968.4014018975 129063.7703126341
111780.3046795935 129021.9514596388
111843.0035870282 129001.0420331412
112428.1933897519 129001.0420331412
112950.6842850410 128645.5817826816
112428.1933897519 128645.5817826816
112511.7919329982 128729.2194886721
112616.2901120560 128750.1289151697
112532.6915688097 128750.1289151697
112637.1897478676 128791.9477681650
112678.9890194907 128812.8571946626
112114.6988525785 128812.8571946626
112762.5875627369 128833.7666211602
112135.5984883900 128833.7666211602
112114.6988525785 128833.7666211602
112051.9999451438 128833.7666211602
112260.9963032594 128896.4949006531
112302.7955748825 128938.3137536483
112240.0966674479 128938.3137536483
112386.3941181288 128959.2231801459
112449.0930255635 128980.1326066436
112365.4944823172 128980.1326066436

112219.1970316363 129210.1362981174
112093.7992167669 129147.4080186245
112595.3904762444 129105.5891656293
111968.4014018975 129063.7703126341
111404.1112349854 129042.8608861364
110860.7207038847 129021.9514596388
112950.6842850410 129021.9514596388
112365.4944823172 128980.1326066436
112031.1003093322 128812.8571946626
112678.9890194907 128812.8571946626
113159.6806431566 128771.0383416673
112616.2901120560 128750.1289151697
111863.9032228397 128708.3100621745
112240.0966674479 128582.8535031887
112867.0857417948 128582.8535031887
113076.0820999104 128415.5780912077
113661.2719026342 128311.0309587196
126012.9566672678 125718.2620730142
126660.8453774263 125634.6243670238
126995.2395504113 125467.3489550427
127350.5333592079 125320.9829695594
127705.8271680045 125195.5264105736
128040.2213409895 124902.7944396069

112219.1970316363 129210.1362981174
127287.8344517732 125341.8923960570
126995.2395504113 125467.3489550427
113076.0820999104 128415.5780912077
112658.0893836791 128499.2157971982
112365.4944823172 128645.5817826816
112428.1933897519 128687.4006356768
111863.9032228397 128708.3100621745
111362.3119633622 128729.2194886721
112010.2006735207 128750.1289151697
113159.6806431566 128771.0383416673
112574.4908404329 128771.0383416673
112616.2901120560 128791.9477681650
112678.9890194907 128812.8571946626
112114.6988525785 128812.8571946626
112156.4981242016 128854.6760476578
111571.3083214778 128854.6760476578
111195.1148768697 128959.2231801459
112365.4944823172 128980.1326066436
112469.9926613751 129001.0420331412
111843.0035870282 129001.0420331412
111404.1112349854 129042.8608861364
111968.4014018975 129063.7703126341

103713.0452563302 135357.5076884188
104068.3390651268 135252.9605559307
128040.2213409895 124902.7944396069
127705.8271680045 125195.5264105736
127350.5333592079 125320.9829695594
126995.2395504113 125467.3489550427
126660.8453774263 125634.6243670238
113222.3795505913 128185.5743997339
113222.3795505913 128499.2157971982
112720.7882911138 128520.1252236958
112240.0966674479 128582.8535031887
112365.4944823172 128645.5817826816
111863.9032228397 128708.3100621745
111362.3119633622 128729.2194886721
113159.6806431566 128771.0383416673
112678.9890194907 128812.8571946626
112031.1003093322 128812.8571946626
112365.4944823172 128980.1326066436
112950.6842850410 129021.9514596388
110860.7207038847 129021.9514596388
111404.1112349854 129042.8608861364
111968.4014018975 129063.7703126341
112595.3904762444 129105.5891656293

111780.3046795935 129021.9514596388
112428.1933897519 129001.0420331412
112365.4944823172 128980.1326066436
112449.0930255635 128980.1326066436
112365.4944823172 128959.2231801459
112386.3941181288 128959.2231801459
112240.0966674479 128938.3137536483
112302.7955748825 128938.3137536483
112135.5984883900 128917.4043271507
112198.2973958247 128917.4043271507
112260.9963032594 128896.4949006531
112950.6842850410 128645.5817826816
112511.7919329982 128729.2194886721
112616.2901120560 128750.1289151697
112532.6915688097 128750.1289151697
112637.1897478676 128791.9477681650
112678.9890194907 128812.8571946626
112114.6988525785 128812.8571946626
112762.5875627369 128833.7666211602
112135.5984883900 128833.7666211602
112114.6988525785 128833.7666211602
112051.9999451438 128833.7666211602
112135.5984883900 128875.5854741555

112093.7992167669 129147.4080186245
112511.7919329982 129063.7703126341
111404.1112349854 129042.8608861364
111947.5017660860 129042.8608861364
111843.0035870282 129001.0420331412
112365.4944823172 128980.1326066436
112323.6952106941 128959.2231801459
112386.3941181288 128959.2231801459
112344.5948465057 128938.3137536483
111675.8065005357 128917.4043271507
111696.7061363472 128896.4949006531
112198.2973958247 128875.5854741555
112260.9963032594 128854.6760476578
112114.6988525785 128833.7666211602
112135.5984883900 128833.7666211602
112762.5875627369 128833.7666211602
112114.6988525785 128812.8571946626
112678.9890194907 128812.8571946626
112637.1897478676 128791.9477681650
112532.6915688097 128750.1289151697
112616.2901120560 128750.1289151697
112511.7919329982 128729.2194886721
112950.6842850410 128645.5817826816

111780.3046795935 129021.9514596388
112428.1933897519 129001.0420331412
112365.4944823172 128980.1326066436
112449.0930255635 128980.1326066436
112386.3941181288 128959.2231801459
112240.0966674479 128938.3137536483
112302.7955748825 128938.3137536483
112135.5984883900 128917.4043271507
112198.2973958247 128917.4043271507
112260.9963032594 128896.4949006531
112198.2973958247 128875.5854741555
112260.9963032594 128854.6760476578
111947.5017660860 128833.7666211602
112114.6988525785 128833.7666211602
112135.5984883900 128833.7666211602
112240.0966674479 128833.7666211602
112762.5875627369 128833.7666211602
112114.6988525785 128812.8571946626
112198.2973958247 128812.8571946626
112637.1897478676 128791.9477681650
112469.9926613751 128771.0383416673
112532.6915688097 128750.1289151697
112511.7919329982 128729.2194886721

103713.0452563302 135357.5076884188
111947.5017660860 129356.5022836008
111216.0145126813 129293.7740041079
109962.0363639875 129231.0457246150
112219.1970316363 129210.1362981174
112595.3904762444 129105.5891656293
111968.4014018975 129063.7703126341
112950.6842850410 129021.9514596388
128458.2140572207 124840.0661601140
128040.2213409895 124902.7944396069
127705.8271680045 125195.5264105736
127350.5333592079 125320.9829695594
126995.2395504113 125467.3489550427
126660.8453774263 125634.6243670238
126012.9566672678 125718.2620730142
113661.2719026342 128311.0309587196
113076.0820999104 128415.5780912077
112720.7882911138 128520.1252236958
112240.0966674479 128582.8535031887
113159.6806431566 128771.0383416673
112678.9890194907 128812.8571946626
112031.1003093322 128812.8571946626
110986.1185187541 128854.6760476578

112219.1970316363 129210.1362981174
112093.7992167669 129147.4080186245
110359.1294444072 129105.5891656293
112595.3904762444 129105.5891656293
111968.4014018975 129063.7703126341
111404.1112349854 129042.8608861364
110860.7207038847 129021.9514596388
112950.6842850410 129021.9514596388
112365.4944823172 128980.1326066436
128040.2213409895 124902.7944396069
127705.8271680045 125195.5264105736
127350.5333592079 125320.9829695594
126995.2395504113 125467.3489550427
126660.8453774263 125634.6243670238
126012.9566672678 125718.2620730142
113661.2719026342 128311.0309587196
113076.0820999104 128415.5780912077
112867.0857417948 128582.8535031887
112240.0966674479 128582.8535031887
111863.9032228397 128708.3100621745
113159.6806431566 128771.0383416673
112678.9890194907 128812.8571946626
112031.1003093322 128812.8571946626

112093.7992167669 129147.4080186245
111780.3046795935 129021.9514596388
112365.4944823172 128980.1326066436
112449.0930255635 128980.1326066436
112365.4944823172 128959.2231801459
112386.3941181288 128959.2231801459
112240.0966674479 128938.3137536483
112302.7955748825 128938.3137536483
112135.5984883900 128917.4043271507
112198.2973958247 128917.4043271507
112260.9963032594 128896.4949006531
112135.5984883900 128875.5854741555
112950.6842850410 128645.5817826816
112511.7919329982 128729.2194886721
112616.2901120560 128750.1289151697
112532.6915688097 128750.1289151697
112198.2973958247 128750.1289151697
112637.1897478676 128791.9477681650
112260.9963032594 128791.9477681650
112678.9890194907 128812.8571946626
112114.6988525785 128812.8571946626
112135.5984883900 128833.7666211602
112114.6988525785 128833.7666211602

111696.7061363472 129523.7776955818
112219.1970316363 129210.1362981174
112595.3904762444 129105.5891656293
111968.4014018975 129063.7703126341
111404.1112349854 129042.8608861364
110860.7207038847 129021.9514596388
112950.6842850410 129021.9514596388
112365.4944823172 128980.1326066436
112031.1003093322 128812.8571946626
112678.9890194907 128812.8571946626
113159.6806431566 128771.0383416673
111362.3119633622 128729.2194886721
125929.3581240216 125592.8055140285
112365.4944823172 128645.5817826816
112240.0966674479 128582.8535031887
112720.7882911138 128520.1252236958
113222.3795505913 128499.2157971982
113222.3795505913 128185.5743997339
126660.8453774263 125634.6243670238
126995.2395504113 125467.3489550427
127350.5333592079 125320.9829695594
127705.8271680045 125195.5264105736
128040.2213409895 124902.7944396069

128458.2140572207 124840.0661601140
128040.2213409895 124902.7944396069
127705.8271680045 125195.5264105736
127350.5333592079 125320.9829695594
126995.2395504113 125467.3489550427
126660.8453774263 125634.6243670238
126012.9566672678 125718.2620730142
113661.2719026342 128311.0309587196
113076.0820999104 128415.5780912077
112720.7882911138 128520.1252236958
112240.0966674479 128582.8535031887
113159.6806431566 128771.0383416673
112678.9890194907 128812.8571946626
112031.1003093322 128812.8571946626
110986.1185187541 128854.6760476578
112365.4944823172 128980.1326066436
112950.6842850410 129021.9514596388
112428.1933897519 129021.9514596388
111968.4014018975 129063.7703126341
112219.1970316363 129210.1362981174
111216.0145126813 129293.7740041079
111947.5017660860 129356.5022836008
103713.0452563302 135357.5076884188

112219.1970316363 129210.1362981174
112093.7992167669 129147.4080186245
112595.3904762444 129105.5891656293
111968.4014018975 129063.7703126341
111404.1112349854 129042.8608861364
110860.7207038847 129021.9514596388
112950.6842850410 129021.9514596388
112365.4944823172 128980.1326066436
128040.2213409895 124902.7944396069
127705.8271680045 125195.5264105736
127350.5333592079 125320.9829695594
126995.2395504113 125467.3489550427
126660.8453774263 125634.6243670238
113222.3795505913 128185.5743997339
113222.3795505913 128499.2157971982
112720.7882911138 128520.1252236958
112240.0966674479 128582.8535031887
111863.9032228397 128708.3100621745
111362.3119633622 128729.2194886721
112616.2901120560 128750.1289151697
113159.6806431566 128771.0383416673
112678.9890194907 128812.8571946626
112031.1003093322 128812.8571946626

111780.3046795935 129042.8608861364
112365.4944823172 128980.1326066436
112449.0930255635 128980.1326066436
112281.8959390710 128959.2231801459
112323.6952106941 128959.2231801459
112365.4944823172 128959.2231801459
112386.3941181288 128959.2231801459
112156.4981242016 128938.3137536483
112240.0966674479 128938.3137536483
112135.5984883900 128917.4043271507
112031.1003093322 128896.4949006531
112260.9963032594 128896.4949006531
112198.2973958247 128896.4949006531
112219.1970316363 128875.5854741555
112365.4944823172 128854.6760476578
111947.5017660860 128833.7666211602
112135.5984883900 128833.7666211602
112114.6988525785 128812.8571946626
112198.2973958247 128812.8571946626
112637.1897478676 128791.9477681650
112469.9926613751 128771.0383416673
112532.6915688097 128750.1289151697
112511.7919329982 128729.2194886721

112219.1970316363 129210.1362981174
111968.4014018975 129063.7703126341
112511.7919329982 129063.7703126341
111404.1112349854 129042.8608861364
111947.5017660860 129042.8608861364
111843.0035870282 129001.0420331412
112867.0857417948 128582.8535031887
112428.1933897519 128645.5817826816
112992.4835566641 128666.4912091792
112511.7919329982 128729.2194886721
112616.2901120560 128750.1289151697
112532.6915688097 128750.1289151697
112637.1897478676 128791.9477681650
112114.6988525785 128812.8571946626
112762.5875627369 128833.7666211602
112135.5984883900 128833.7666211602
112114.6988525785 128833.7666211602
112198.2973958247 128875.5854741555
111696.7061363472 128896.4949006531
111675.8065005357 128917.4043271507
112344.5948465057 128938.3137536483
112386.3941181288 128959.2231801459
112323.6952106941 128959.2231801459

112950.6842850410 128645.5817826816
112511.7919329982 128729.2194886721
112616.2901120560 128750.1289151697
112532.6915688097 128750.1289151697
112051.9999451438 128750.1289151697
112637.1897478676 128791.9477681650
112678.9890194907 128812.8571946626
112114.6988525785 128812.8571946626
112762.5875627369 128833.7666211602
112135.5984883900 128833.7666211602
112114.6988525785 128833.7666211602
112198.2973958247 128875.5854741555
111696.7061363472 128896.4949006531
111675.8065005357 128917.4043271507
112344.5948465057 128938.3137536483
112386.3941181288 128959.2231801459
112323.6952106941 128959.2231801459
112365.4944823172 128980.1326066436
111843.0035870282 129001.0420331412
111947.5017660860 129042.8608861364
111404.1112349854 129042.8608861364
112511.7919329982 129063.7703126341
112219.1970316363 129210.1362981174

103713.0452563302 135357.5076884188
111947.5017660860 129356.5022836008
111216.0145126813 129293.7740041079
112219.1970316363 129210.1362981174
111968.4014018975 129063.7703126341
112950.6842850410 129021.9514596388
112365.4944823172 128980.1326066436
110986.1185187541 128854.6760476578
112031.1003093322 128812.8571946626
110296.4305369725 128833.7666211602
113159.6806431566 128771.0383416673
111863.9032228397 128708.3100621745
112240.0966674479 128582.8535031887
112867.0857417948 128582.8535031887
113076.0820999104 128415.5780912077
113661.2719026342 128311.0309587196
126012.9566672678 125718.2620730142
126660.8453774263 125634.6243670238
126995.2395504113 125467.3489550427
127350.5333592079 125320.9829695594
127705.8271680045 125195.5264105736
128040.2213409895 124902.7944396069
128458.2140572207 124840.0661601140

111780.3046795935 129042.8608861364
112365.4944823172 128980.1326066436
112449.0930255635 128980.1326066436
112281.8959390710 128959.2231801459
112323.6952106941 128959.2231801459
112365.4944823172 128959.2231801459
112386.3941181288 128959.2231801459
112156.4981242016 128938.3137536483
112240.0966674479 128938.3137536483
112135.5984883900 128917.4043271507
112511.7919329982 128729.2194886721
112532.6915688097 128750.1289151697
112469.9926613751 128771.0383416673
112637.1897478676 128791.9477681650
112198.2973958247 128812.8571946626
112114.6988525785 128812.8571946626
112135.5984883900 128833.7666211602
111947.5017660860 128833.7666211602
112365.4944823172 128854.6760476578
112219.1970316363 128875.5854741555
112281.8959390710 128896.4949006531
112260.9963032594 128896.4949006531
112031.1003093322 128896.4949006531

112219.1970316363 129210.1362981174
127287.8344517732 125341.8923960570
126995.2395504113 125467.3489550427
113076.0820999104 128415.5780912077
112658.0893836791 128499.2157971982
112365.4944823172 128645.5817826816
112428.1933897519 128687.4006356768
111863.9032228397 128708.3100621745
111362.3119633622 128729.2194886721
112010.2006735207 128750.1289151697
113159.6806431566 128771.0383416673
112574.4908404329 128771.0383416673
112616.2901120560 128791.9477681650
112678.9890194907 128812.8571946626
112114.6988525785 128812.8571946626
112156.4981242016 128854.6760476578
111571.3083214778 128854.6760476578
112260.9963032594 128896.4949006531
110860.7207038847 129021.9514596388
111404.1112349854 129042.8608861364
112511.7919329982 129063.7703126341
111968.4014018975 129063.7703126341
112595.3904762444 129105.5891656293

112219.1970316363 129210.1362981174
127204.2359085269 125446.4395285451
113076.0820999104 128415.5780912077
112867.0857417948 128582.8535031887
112428.1933897519 128645.5817826816
112992.4835566641 128666.4912091792
112428.1933897519 128687.4006356768
111863.9032228397 128708.3100621745
112616.2901120560 128750.1289151697
112678.9890194907 128812.8571946626
112762.5875627369 128833.7666211602
112135.5984883900 128833.7666211602
112908.8850134179 128896.4949006531
112260.9963032594 128896.4949006531
111696.7061363472 128896.4949006531
111675.8065005357 128917.4043271507
112344.5948465057 128938.3137536483
112365.4944823172 128980.1326066436
112469.9926613751 129001.0420331412
111843.0035870282 129001.0420331412
111404.1112349854 129042.8608861364
112511.7919329982 129063.7703126341
111968.4014018975 129063.7703126341

112093.7992167669 129147.4080186245
111968.4014018975 129063.7703126341
112950.6842850410 128645.5817826816
112511.7919329982 128729.2194886721
112616.2901120560 128750.1289151697
112532.6915688097 128750.1289151697
112051.9999451438 128750.1289151697
112637.1897478676 128791.9477681650
112678.9890194907 128812.8571946626
112114.6988525785 128812.8571946626
112762.5875627369 128833.7666211602
112135.5984883900 128833.7666211602
112114.6988525785 128833.7666211602
112051.9999451438 128833.7666211602
112260.9963032594 128896.4949006531
112344.5948465057 128938.3137536483
112240.0966674479 128938.3137536483
112386.3941181288 128959.2231801459
112323.6952106941 128959.2231801459
112365.4944823172 128980.1326066436
112469.9926613751 129001.0420331412
111843.0035870282 129001.0420331412
111404.1112349854 129042.8608861364

112093.7992167669 129147.4080186245
111968.4014018975 129063.7703126341
111404.1112349854 129042.8608861364
110860.7207038847 129021.9514596388
111843.0035870282 129001.0420331412
112469.9926613751 129001.0420331412
112260.9963032594 128896.4949006531
111571.3083214778 128854.6760476578
112156.4981242016 128854.6760476578
112114.6988525785 128812.8571946626
112678.9890194907 128812.8571946626
112616.2901120560 128791.9477681650
112574.4908404329 128771.0383416673
113159.6806431566 128771.0383416673
112010.2006735207 128750.1289151697
128040.2213409895 124902.7944396069
127705.8271680045 125195.5264105736
127350.5333592079 125320.9829695594
126995.2395504113 125467.3489550427
126660.8453774263 125634.6243670238
113222.3795505913 128185.5743997339
113222.3795505913 128499.2157971982
112720.7882911138 128520.1252236958

112219.1970316363 129210.1362981174
111968.4014018975 129063.7703126341
112511.7919329982 129063.7703126341
111404.1112349854 129042.8608861364
111947.5017660860 129042.8608861364
111843.0035870282 129001.0420331412
112365.4944823172 128980.1326066436
113076.0820999104 128415.5780912077
112428.1933897519 128645.5817826816
112992.4835566641 128666.4912091792
112511.7919329982 128729.2194886721
112616.2901120560 128750.1289151697
112532.6915688097 128750.1289151697
112051.9999451438 128750.1289151697
112678.9890194907 128812.8571946626
112762.5875627369 128833.7666211602
112135.5984883900 128833.7666211602
112156.4981242016 128854.6760476578
112135.5984883900 128854.6760476578
112156.4981242016 128875.5854741555
112908.8850134179 128896.4949006531
112260.9963032594 128896.4949006531
111696.7061363472 128896.4949006531

103713.0452563302 135357.5076884188
111947.5017660860 129356.5022836008
111216.0145126813 129293.7740041079
109962.0363639875 129231.0457246150
112219.1970316363 129210.1362981174
112595.3904762444 129105.5891656293
111968.4014018975 129063.7703126341
112950.6842850410 129021.9514596388
110986.1185187541 128854.6760476578
112031.1003093322 128812.8571946626
113159.6806431566 128771.0383416673
111863.9032228397 128708.3100621745
112240.0966674479 128582.8535031887
112720.7882911138 128520.1252236958
113076.0820999104 128415.5780912077
113661.2719026342 128311.0309587196
126012.9566672678 125718.2620730142
126660.8453774263 125634.6243670238
128458.2140572207 124840.0661601140
128040.2213409895 124902.7944396069
127705.8271680045 125195.5264105736
127350.5333592079 125320.9829695594
126995.2395504113 125467.3489550427

112867.0857417948 128582.8535031887
112428.1933897519 128645.5817826816
112992.4835566641 128666.4912091792
112511.7919329982 128729.2194886721
112616.2901120560 128750.1289151697
112532.6915688097 128750.1289151697
112637.1897478676 128791.9477681650
112114.6988525785 128812.8571946626
112762.5875627369 128833.7666211602
112135.5984883900 128833.7666211602
112114.6988525785 128833.7666211602
112198.2973958247 128875.5854741555
111696.7061363472 128896.4949006531
111675.8065005357 128917.4043271507
112344.5948465057 128938.3137536483
112386.3941181288 128959.2231801459
112323.6952106941 128959.2231801459
112365.4944823172 128980.1326066436
112469.9926613751 129001.0420331412
111843.0035870282 129001.0420331412
111404.1112349854 129042.8608861364
112511.7919329982 129063.7703126341
112219.1970316363 129210.1362981174

103608.5470772724 135482.9642474046
104068.3390651268 135252.9605559307
128458.2140572207 124840.0661601140
128040.2213409895 124902.7944396069
127705.8271680045 125195.5264105736
127350.5333592079 125320.9829695594
126995.2395504113 125467.3489550427
126660.8453774263 125634.6243670238
126012.9566672678 125718.2620730142
113661.2719026342 128311.0309587196
113076.0820999104 128415.5780912077
112867.0857417948 128582.8535031887
112240.0966674479 128582.8535031887
111863.9032228397 128708.3100621745
113159.6806431566 128771.0383416673
112678.9890194907 128812.8571946626
112031.1003093322 128812.8571946626
110986.1185187541 128854.6760476578
112365.4944823172 128980.1326066436
112950.6842850410 129021.9514596388
111968.4014018975 129063.7703126341
112219.1970316363 129210.1362981174
111216.0145126813 129293.7740041079

112219.1970316363 129210.1362981174
112093.7992167669 129147.4080186245
112595.3904762444 129105.5891656293
111968.4014018975 129063.7703126341
112511.7919329982 129063.7703126341
111404.1112349854 129042.8608861364
110860.7207038847 129021.9514596388
112950.6842850410 129021.9514596388
112365.4944823172 128980.1326066436
112031.1003093322 128812.8571946626
112678.9890194907 128812.8571946626
113159.6806431566 128771.0383416673
111362.3119633622 128729.2194886721
111863.9032228397 128708.3100621745
112428.1933897519 128687.4006356768
112365.4944823172 128645.5817826816
112804.3868343601 128561.9440766911
112720.7882911138 128520.1252236958
127287.8344517732 125341.8923960570
126995.2395504113 125467.3489550427
126660.8453774263 125634.6243670238
113076.0820999104 128415.5780912077
112616.2901120560 128750.1289151697

111947.5017660860 129356.5022836008
112386.3941181288 129314.6834306055
111216.0145126813 129293.7740041079
112219.1970316363 129210.1362981174
112093.7992167669 129147.4080186245
112595.3904762444 129105.5891656293
112950.6842850410 129021.9514596388
112365.4944823172 128980.1326066436
110986.1185187541 128854.6760476578
112031.1003093322 128812.8571946626
112678.9890194907 128812.8571946626
113159.6806431566 128771.0383416673
111863.9032228397 128708.3100621745
128040.2213409895 124902.7944396069
127705.8271680045 125195.5264105736
127350.5333592079 125320.9829695594
126995.2395504113 125467.3489550427
126660.8453774263 125634.6243670238
113222.3795505913 128185.5743997339
113222.3795505913 128499.2157971982
112720.7882911138 128520.1252236958
112240.0966674479 128582.8535031887
112365.4944823172 128645.5817826816

112219.1970316363 129210.1362981174
111968.4014018975 129063.7703126341
112511.7919329982 129063.7703126341
111404.1112349854 129042.8608861364
111947.5017660860 129042.8608861364
111843.0035870282 129001.0420331412
112365.4944823172 128980.1326066436
112386.3941181288 128959.2231801459
112344.5948465057 128938.3137536483
111675.8065005357 128917.4043271507
111696.7061363472 128896.4949006531
112198.2973958247 128875.5854741555
112114.6988525785 128833.7666211602
112135.5984883900 128833.7666211602
112762.5875627369 128833.7666211602
112114.6988525785 128812.8571946626
112678.9890194907 128812.8571946626
112637.1897478676 128791.9477681650
113076.0820999104 128415.5780912077
112428.1933897519 128645.5817826816
112992.4835566641 128666.4912091792
112511.7919329982 128729.2194886721
112616.2901120560 128750.1289151697

112093.7992167669 129147.4080186245
112950.6842850410 128645.5817826816
112511.7919329982 128729.2194886721
112616.2901120560 128750.1289151697
112532.6915688097 128750.1289151697
112637.1897478676 128791.9477681650
112678.9890194907 128812.8571946626
112114.6988525785 128812.8571946626
112762.5875627369 128833.7666211602
112135.5984883900 128833.7666211602
112114.6988525785 128833.7666211602
112260.9963032594 128854.6760476578
112198.2973958247 128875.5854741555
111696.7061363472 128896.4949006531
112344.5948465057 128938.3137536483
112240.0966674479 128938.3137536483
112386.3941181288 128959.2231801459
112323.6952106941 128959.2231801459
112365.4944823172 128980.1326066436
112469.9926613751 129001.0420331412
111843.0035870282 129001.0420331412
111404.1112349854 129042.8608861364
111968.4014018975 129063.7703126341

112093.7992167669 129147.4080186245
111968.4014018975 129063.7703126341
112950.6842850410 128645.5817826816
112511.7919329982 128729.2194886721
112616.2901120560 128750.1289151697
112532.6915688097 128750.1289151697
112051.9999451438 128750.1289151697
112637.1897478676 128791.9477681650
112678.9890194907 128812.8571946626
112114.6988525785 128812.8571946626
112762.5875627369 128833.7666211602
112135.5984883900 128833.7666211602
112114.6988525785 128833.7666211602
112198.2973958247 128875.5854741555
111696.7061363472 128896.4949006531
112344.5948465057 128938.3137536483
112240.0966674479 128938.3137536483
112386.3941181288 128959.2231801459
112323.6952106941 128959.2231801459
112365.4944823172 128980.1326066436
112469.9926613751 129001.0420331412
111843.0035870282 129001.0420331412
111404.1112349854 129042.8608861364

112219.1970316363 129210.1362981174
111968.4014018975 129063.7703126341
112511.7919329982 129063.7703126341
111404.1112349854 129042.8608861364
111843.0035870282 129001.0420331412
112469.9926613751 129001.0420331412
112971.5839208526 128980.1326066436
127287.8344517732 125341.8923960570
126995.2395504113 125467.3489550427
113076.0820999104 128415.5780912077
112720.7882911138 128520.1252236958
112365.4944823172 128645.5817826816
112428.1933897519 128687.4006356768
111863.9032228397 128708.3100621745
111362.3119633622 128729.2194886721
112010.2006735207 128750.1289151697
113159.6806431566 128771.0383416673
112574.4908404329 128771.0383416673
112616.2901120560 128791.9477681650
112678.9890194907 128812.8571946626
112156.4981242016 128854.6760476578
111571.3083214778 128854.6760476578
112260.9963032594 128896.4949006531

112093.7992167669 129147.4080186245
112595.3904762444 129105.5891656293
111968.4014018975 129063.7703126341
112511.7919329982 129063.7703126341
111404.1112349854 129042.8608861364
110860.7207038847 129021.9514596388
112260.9963032594 128896.4949006531
111571.3083214778 128854.6760476578
112156.4981242016 128854.6760476578
112114.6988525785 128812.8571946626
112678.9890194907 128812.8571946626
112616.2901120560 128791.9477681650
112574.4908404329 128771.0383416673
113159.6806431566 128771.0383416673
112010.2006735207 128750.1289151697
111362.3119633622 128729.2194886721
112428.1933897519 128687.4006356768
127287.8344517732 125341.8923960570
126995.2395504113 125467.3489550427
126660.8453774263 125634.6243670238
113076.0820999104 128415.5780912077
112720.7882911138 128520.1252236958
112804.3868343601 128561.9440766911

127287.8344517732 125341.8923960570
126995.2395504113 125467.3489550427
113076.0820999104 128415.5780912077
112720.7882911138 128520.1252236958
112365.4944823172 128645.5817826816
112428.1933897519 128687.4006356768
111863.9032228397 128708.3100621745
111362.3119633622 128729.2194886721
112010.2006735207 128750.1289151697
113159.6806431566 128771.0383416673
112574.4908404329 128771.0383416673
112616.2901120560 128791.9477681650
112678.9890194907 128812.8571946626
112114.6988525785 128812.8571946626
112156.4981242016 128854.6760476578
111571.3083214778 128854.6760476578
112260.9963032594 128896.4949006531
112344.5948465057 128938.3137536483
110860.7207038847 129021.9514596388
111404.1112349854 129042.8608861364
112511.7919329982 129063.7703126341
112595.3904762444 129105.5891656293
112093.7992167669 129147.4080186245

112219.1970316363 129210.1362981174
111968.4014018975 129063.7703126341
112511.7919329982 129063.7703126341
111404.1112349854 129042.8608861364
111843.0035870282 129001.0420331412
127350.5333592079 125320.9829695594
126995.2395504113 125467.3489550427
126660.8453774263 125634.6243670238
113076.0820999104 128415.5780912077
112720.7882911138 128520.1252236958
112804.3868343601 128561.9440766911
112365.4944823172 128645.5817826816
111362.3119633622 128729.2194886721
112010.2006735207 128750.1289151697
113159.6806431566 128771.0383416673
112574.4908404329 128771.0383416673
112616.2901120560 128791.9477681650
112678.9890194907 128812.8571946626
112156.4981242016 128854.6760476578
112260.9963032594 128896.4949006531
112344.5948465057 128938.3137536483
111195.1148768697 128959.2231801459
112365.4944823172 128980.1326066436

111696.7061363472 129523.7776955818
112219.1970316363 129210.1362981174
112595.3904762444 129105.5891656293
111968.4014018975 129063.7703126341
111404.1112349854 129042.8608861364
110860.7207038847 129021.9514596388
112950.6842850410 129021.9514596388
112365.4944823172 128980.1326066436
112031.1003093322 128812.8571946626
112678.9890194907 128812.8571946626
113159.6806431566 128771.0383416673
111362.3119633622 128729.2194886721
111863.9032228397 128708.3100621745
112365.4944823172 128645.5817826816
128040.2213409895 124902.7944396069
127705.8271680045 125195.5264105736
127350.5333592079 125320.9829695594
126995.2395504113 125467.3489550427
126660.8453774263 125634.6243670238
126012.9566672678 125718.2620730142
113661.2719026342 128311.0309587196
113076.0820999104 128415.5780912077
112867.0857417948 128582.8535031887

112093.7992167669 129147.4080186245
111968.4014018975 129063.7703126341
111780.3046795935 129021.9514596388
111843.0035870282 129001.0420331412
112344.5948465057 128980.1326066436
112365.4944823172 128980.1326066436
112449.0930255635 128980.1326066436
112950.6842850410 128645.5817826816
112428.1933897519 128645.5817826816
112511.7919329982 128729.2194886721
112616.2901120560 128750.1289151697
112532.6915688097 128750.1289151697
112637.1897478676 128791.9477681650
112678.9890194907 128812.8571946626
112114.6988525785 128812.8571946626
112762.5875627369 128833.7666211602
112135.5984883900 128833.7666211602
112114.6988525785 128833.7666211602
112051.9999451438 128833.7666211602
112260.9963032594 128896.4949006531
112302.7955748825 128938.3137536483
112240.0966674479 128938.3137536483
112386.3941181288 128959.2231801459

103713.0452563302 135357.5076884188
111947.5017660860 129356.5022836008
111216.0145126813 129293.7740041079
112219.1970316363 129210.1362981174
111968.4014018975 129063.7703126341
112950.6842850410 129021.9514596388
112365.4944823172 128980.1326066436
110986.1185187541 128854.6760476578
112031.1003093322 128812.8571946626
112678.9890194907 128812.8571946626
113159.6806431566 128771.0383416673
111863.9032228397 128708.3100621745
112240.0966674479 128582.8535031887
112867.0857417948 128582.8535031887
113076.0820999104 128415.5780912077
113661.2719026342 128311.0309587196
126012.9566672678 125718.2620730142
126660.8453774263 125634.6243670238
126995.2395504113 125467.3489550427
127350.5333592079 125320.9829695594
127705.8271680045 125195.5264105736
128040.2213409895 124902.7944396069
128458.2140572207 124840.0661601140

103713.0452563302 135357.5076884188
128040.2213409895 124902.7944396069
127705.8271680045 125195.5264105736
127350.5333592079 125320.9829695594
126995.2395504113 125467.3489550427
126660.8453774263 125634.6243670238
113222.3795505913 128185.5743997339
113222.3795505913 128499.2157971982
112720.7882911138 128520.1252236958
112240.0966674479 128582.8535031887
112365.4944823172 128645.5817826816
111863.9032228397 128708.3100621745
111362.3119633622 128729.2194886721
113159.6806431566 128771.0383416673
112678.9890194907 128812.8571946626
112031.1003093322 128812.8571946626
112365.4944823172 128980.1326066436
112950.6842850410 129021.9514596388
110860.7207038847 129021.9514596388
111404.1112349854 129042.8608861364
111968.4014018975 129063.7703126341
112595.3904762444 129105.5891656293
112219.1970316363 129210.1362981174

127287.8344517732 125341.8923960570
126995.2395504113 125467.3489550427
113076.0820999104 128415.5780912077
112720.7882911138 128520.1252236958
112365.4944823172 128645.5817826816
112428.1933897519 128687.4006356768
111863.9032228397 128708.3100621745
111362.3119633622 128729.2194886721
112010.2006735207 128750.1289151697
113159.6806431566 128771.0383416673
112574.4908404329 128771.0383416673
112616.2901120560 128791.9477681650
112678.9890194907 128812.8571946626
112114.6988525785 128812.8571946626
112156.4981242016 128854.6760476578
112344.5948465057 128938.3137536483
111195.1148768697 128959.2231801459
112365.4944823172 128980.1326066436
112469.9926613751 129001.0420331412
111843.0035870282 129001.0420331412
111404.1112349854 129042.8608861364
111968.4014018975 129063.7703126341
112093.7992167669 129147.4080186245

112093.7992167669 129147.4080186245
112595.3904762444 129105.5891656293
112511.7919329982 129063.7703126341
111404.1112349854 129042.8608861364
110860.7207038847 129021.9514596388
112260.9963032594 128896.4949006531
111571.3083214778 128854.6760476578
112156.4981242016 128854.6760476578
112114.6988525785 128812.8571946626
112678.9890194907 128812.8571946626
112616.2901120560 128791.9477681650
112574.4908404329 128771.0383416673
113159.6806431566 128771.0383416673
112010.2006735207 128750.1289151697
111362.3119633622 128729.2194886721
111863.9032228397 128708.3100621745
112428.1933897519 128687.4006356768
112365.4944823172 128645.5817826816
112720.7882911138 128520.1252236958
113076.0820999104 128415.5780912077
127287.8344517732 125341.8923960570
126995.2395504113 125467.3489550427
112260.9963032594 128917.4043271507

113076.0820999104 128415.5780912077
112867.0857417948 128582.8535031887
112428.1933897519 128645.5817826816
112992.4835566641 128666.4912091792
112386.3941181288 128666.4912091792
112428.1933897519 128687.4006356768
111863.9032228397 128708.3100621745
112532.6915688097 128750.1289151697
112678.9890194907 128812.8571946626
112762.5875627369 128833.7666211602
112135.5984883900 128833.7666211602
112908.8850134179 128896.4949006531
112260.9963032594 128896.4949006531
111696.7061363472 128896.4949006531
111675.8065005357 128917.4043271507
112344.5948465057 128938.3137536483
112365.4944823172 128980.1326066436
112469.9926613751 129001.0420331412
111843.0035870282 129001.0420331412
111404.1112349854 129042.8608861364
112511.7919329982 129063.7703126341
111968.4014018975 129063.7703126341
112219.1970316363 129210.1362981174

128040.2213409895 124902.7944396069
127705.8271680045 125195.5264105736
127350.5333592079 125320.9829695594
126995.2395504113 125467.3489550427
126660.8453774263 125634.6243670238
126012.9566672678 125718.2620730142
113974.7664398076 127600.1104578004
114079.2646188654 128143.7555467386
113661.2719026342 128311.0309587196
113076.0820999104 128415.5780912077
112720.7882911138 128520.1252236958
112240.0966674479 128582.8535031887
111863.9032228397 128708.3100621745
113159.6806431566 128771.0383416673
112678.9890194907 128812.8571946626
111487.7097782316 129481.9588425866
110986.1185187541 128854.6760476578
112219.1970316363 129210.1362981174
110860.7207038847 129272.8645776103
111947.5017660860 129356.5022836008
111801.2043154050 130297.4264759939
104068.3390651268 135252.9605559307
103608.5470772724 135482.9642474046

112093.7992167669 129147.4080186245
112950.6842850410 128645.5817826816
112511.7919329982 128729.2194886721
112616.2901120560 128750.1289151697
112532.6915688097 128750.1289151697
112637.1897478676 128791.9477681650
112678.9890194907 128812.8571946626
112114.6988525785 128812.8571946626
112762.5875627369 128833.7666211602
112135.5984883900 128833.7666211602
112114.6988525785 128833.7666211602
112260.9963032594 128854.6760476578
112260.9963032594 128896.4949006531
112344.5948465057 128938.3137536483
112240.0966674479 128938.3137536483
112386.3941181288 128959.2231801459
112323.6952106941 128959.2231801459
112449.0930255635 128980.1326066436
112365.4944823172 128980.1326066436
112469.9926613751 129001.0420331412
111843.0035870282 129001.0420331412
111404.1112349854 129042.8608861364
111968.4014018975 129063.7703126341

112093.7992167669 129147.4080186245
111968.4014018975 129063.7703126341
111404.1112349854 129042.8608861364
110860.7207038847 129021.9514596388
111843.0035870282 129001.0420331412
112469.9926613751 129001.0420331412
112260.9963032594 128896.4949006531
111571.3083214778 128854.6760476578
112156.4981242016 128854.6760476578
112114.6988525785 128812.8571946626
112678.9890194907 128812.8571946626
112616.2901120560 128791.9477681650
112574.4908404329 128771.0383416673
113159.6806431566 128771.0383416673
112010.2006735207 128750.1289151697
111362.3119633622 128729.2194886721
112365.4944823172 128645.5817826816
112804.3868343601 128561.9440766911
112720.7882911138 128520.1252236958
113076.0820999104 128415.5780912077
127287.8344517732 125341.8923960570
126995.2395504113 125467.3489550427
112428.1933897519 128687.4006356768

127287.8344517732 125341.8923960570
126995.2395504113 125467.3489550427
113076.0820999104 128415.5780912077
112720.7882911138 128520.1252236958
112804.3868343601 128561.9440766911
112365.4944823172 128645.5817826816
112428.1933897519 128687.4006356768
111362.3119633622 128729.2194886721
112010.2006735207 128750.1289151697
113159.6806431566 128771.0383416673
112574.4908404329 128771.0383416673
112616.2901120560 128791.9477681650
112678.9890194907 128812.8571946626
112156.4981242016 128854.6760476578
112260.9963032594 128896.4949006531
112344.5948465057 128938.3137536483
111195.1148768697 128959.2231801459
112365.4944823172 128980.1326066436
112469.9926613751 129001.0420331412
111843.0035870282 129001.0420331412
111404.1112349854 129042.8608861364
111968.4014018975 129063.7703126341
112093.7992167669 129147.4080186245

128458.2140572207 124840.0661601140
128040.2213409895 124902.7944396069
127705.8271680045 125195.5264105736
127350.5333592079 125320.9829695594
126995.2395504113 125467.3489550427
126660.8453774263 125634.6243670238
126012.9566672678 125718.2620730142
113661.2719026342 128311.0309587196
113076.0820999104 128415.5780912077
112867.0857417948 128582.8535031887
112240.0966674479 128582.8535031887
111863.9032228397 128708.3100621745
113159.6806431566 128771.0383416673
112678.9890194907 128812.8571946626
112031.1003093322 128812.8571946626
110986.1185187541 128854.6760476578
112365.4944823172 128980.1326066436
112950.6842850410 129021.9514596388
103838.4430711996 135190.2322764379
112219.1970316363 129210.1362981174
111216.0145126813 129293.7740041079
111947.5017660860 129356.5022836008
103608.5470772724 135482.9642474046

127287.8344517732 125341.8923960570
126995.2395504113 125467.3489550427
113076.0820999104 128415.5780912077
112720.7882911138 128520.1252236958
112365.4944823172 128645.5817826816
112428.1933897519 128687.4006356768
111863.9032228397 128708.3100621745
112532.6915688097 128729.2194886721
111362.3119633622 128729.2194886721
113159.6806431566 128771.0383416673
112574.4908404329 128771.0383416673
112678.9890194907 128812.8571946626
112114.6988525785 128812.8571946626
112093.7992167669 128833.7666211602
112260.9963032594 128896.4949006531
112344.5948465057 128938.3137536483
112971.5839208526 128980.1326066436
112469.9926613751 129001.0420331412
111843.0035870282 129001.0420331412
111404.1112349854 129042.8608861364
112511.7919329982 129063.7703126341
111968.4014018975 129063.7703126341
112219.1970316363 129210.1362981174

128040.2213409895 124902.7944396069
127705.8271680045 125195.5264105736
127350.5333592079 125320.9829695594
126995.2395504113 125467.3489550427
126660.8453774263 125634.6243670238
113222.3795505913 128185.5743997339
113222.3795505913 128499.2157971982
112720.7882911138 128520.1252236958
112240.0966674479 128582.8535031887
112365.4944823172 128645.5817826816
111863.9032228397 128708.3100621745
111362.3119633622 128729.2194886721
113159.6806431566 128771.0383416673
112678.9890194907 128812.8571946626
112031.1003093322 128812.8571946626
112365.4944823172 128980.1326066436
112950.6842850410 129021.9514596388
110860.7207038847 129021.9514596388
111404.1112349854 129042.8608861364
111968.4014018975 129063.7703126341
112595.3904762444 129105.5891656293
112219.1970316363 129210.1362981174
112031.1003093322 129461.0494160889

103713.0452563302 135357.5076884188
128040.2213409895 124902.7944396069
127705.8271680045 125195.5264105736
127350.5333592079 125320.9829695594
126995.2395504113 125467.3489550427
126660.8453774263 125634.6243670238
126012.9566672678 125718.2620730142
113661.2719026342 128311.0309587196
113076.0820999104 128415.5780912077
112867.0857417948 128582.8535031887
112240.0966674479 128582.8535031887
111863.9032228397 128708.3100621745
113159.6806431566 128771.0383416673
112678.9890194907 128812.8571946626
112031.1003093322 128812.8571946626
110986.1185187541 128854.6760476578
112365.4944823172 128980.1326066436
112950.6842850410 129021.9514596388
111968.4014018975 129063.7703126341
112595.3904762444 129105.5891656293
112219.1970316363 129210.1362981174
111216.0145126813 129293.7740041079
111947.5017660860 129356.5022836008

112093.7992167669 129147.4080186245
111968.4014018975 129063.7703126341
111404.1112349854 129042.8608861364
111843.0035870282 129001.0420331412
112469.9926613751 129001.0420331412
112365.4944823172 128980.1326066436
111195.1148768697 128959.2231801459
112344.5948465057 128938.3137536483
112260.9963032594 128896.4949006531
112156.4981242016 128854.6760476578
127204.2359085269 125446.4395285451
113076.0820999104 128415.5780912077
112658.0893836791 128499.2157971982
112804.3868343601 128561.9440766911
112365.4944823172 128645.5817826816
112428.1933897519 128687.4006356768
111863.9032228397 128708.3100621745
112532.6915688097 128729.2194886721
111362.3119633622 128729.2194886721
113159.6806431566 128771.0383416673
112574.4908404329 128771.0383416673
112678.9890194907 128812.8571946626
112114.6988525785 128812.8571946626

111780.3046795935 129021.9514596388
112428.1933897519 129001.0420331412
112365.4944823172 128980.1326066436
112449.0930255635 128980.1326066436
112365.4944823172 128959.2231801459
112386.3941181288 128959.2231801459
112240.0966674479 128938.3137536483
112302.7955748825 128938.3137536483
112135.5984883900 128917.4043271507
112198.2973958247 128917.4043271507
112260.9963032594 128896.4949006531
111947.5017660860 128833.7666211602
112051.9999451438 128833.7666211602
112114.6988525785 128833.7666211602
112135.5984883900 128833.7666211602
112762.5875627369 128833.7666211602
112114.6988525785 128812.8571946626
112198.2973958247 128812.8571946626
112678.9890194907 128812.8571946626
112950.6842850410 128645.5817826816
112511.7919329982 128729.2194886721
112616.2901120560 128750.1289151697
112532.6915688097 128750.1289151697

112093.7992167669 129147.4080186245
112595.3904762444 129105.5891656293
112511.7919329982 129063.7703126341
111404.1112349854 129042.8608861364
110860.7207038847 129021.9514596388
128040.2213409895 124902.7944396069
127705.8271680045 125195.5264105736
127350.5333592079 125320.9829695594
126995.2395504113 125467.3489550427
126660.8453774263 125634.6243670238
113222.3795505913 128185.5743997339
113222.3795505913 128499.2157971982
112720.7882911138 128520.1252236958
112240.0966674479 128582.8535031887
112365.4944823172 128645.5817826816
111863.9032228397 128708.3100621745
111362.3119633622 128729.2194886721
113159.6806431566 128771.0383416673
112678.9890194907 128812.8571946626
112031.1003093322 128812.8571946626
112365.4944823172 128980.1326066436
112950.6842850410 129021.9514596388
111968.4014018975 129063.7703126341

128040.2213409895 124902.7944396069
127705.8271680045 125195.5264105736
127350.5333592079 125320.9829695594
126995.2395504113 125467.3489550427
126660.8453774263 125634.6243670238
126012.9566672678 125718.2620730142
113661.2719026342 128311.0309587196
113076.0820999104 128415.5780912077
112867.0857417948 128582.8535031887
112240.0966674479 128582.8535031887
111863.9032228397 128708.3100621745
113159.6806431566 128771.0383416673
112678.9890194907 128812.8571946626
128416.4147855976 124777.3378806212
110986.1185187541 128854.6760476578
112365.4944823172 128980.1326066436
112950.6842850410 129021.9514596388
111968.4014018975 129063.7703126341
112595.3904762444 129105.5891656293
112219.1970316363 129210.1362981174
111216.0145126813 129293.7740041079
111947.5017660860 129356.5022836008
103608.5470772724 135482.9642474046

112219.1970316363 128875.5854741555
111780.3046795935 129021.9514596388
112365.4944823172 128980.1326066436
112449.0930255635 128980.1326066436
112323.6952106941 128959.2231801459
112365.4944823172 128959.2231801459
112386.3941181288 128959.2231801459
112240.0966674479 128938.3137536483
112302.7955748825 128938.3137536483
112135.5984883900 128917.4043271507
112198.2973958247 128917.4043271507
112260.9963032594 128896.4949006531
112260.9963032594 128854.6760476578
112114.6988525785 128833.7666211602
112135.5984883900 128833.7666211602
112762.5875627369 128833.7666211602
111947.5017660860 128812.8571946626
112114.6988525785 128812.8571946626
112678.9890194907 128812.8571946626
112637.1897478676 128791.9477681650
112532.6915688097 128750.1289151697
112511.7919329982 128729.2194886721
112950.6842850410 128645.5817826816

112093.7992167669 129147.4080186245
111968.4014018975 129063.7703126341
112511.7919329982 129063.7703126341
111404.1112349854 129042.8608861364
111843.0035870282 129001.0420331412
112365.4944823172 128980.1326066436
112344.5948465057 128938.3137536483
111696.7061363472 128896.4949006531
112260.9963032594 128896.4949006531
112908.8850134179 128896.4949006531
112156.4981242016 128875.5854741555
112135.5984883900 128854.6760476578
112156.4981242016 128854.6760476578
112135.5984883900 128833.7666211602
113076.0820999104 128415.5780912077
112867.0857417948 128582.8535031887
112428.1933897519 128645.5817826816
112992.4835566641 128666.4912091792
112616.2901120560 128750.1289151697
112532.6915688097 128750.1289151697
112051.9999451438 128750.1289151697
112010.2006735207 128750.1289151697
112678.9890194907 128812.8571946626

111947.5017660860 129356.5022836008
111216.0145126813 129293.7740041079
112219.1970316363 129210.1362981174
112093.7992167669 129147.4080186245
112595.3904762444 129105.5891656293
111968.4014018975 129063.7703126341
112950.6842850410 129021.9514596388
112365.4944823172 128980.1326066436
110986.1185187541 128854.6760476578
112031.1003093322 128812.8571946626
112678.9890194907 128812.8571946626
113159.6806431566 128771.0383416673
111863.9032228397 128708.3100621745
112240.0966674479 128582.8535031887
112867.0857417948 128582.8535031887
128040.2213409895 124902.7944396069
127705.8271680045 125195.5264105736
127350.5333592079 125320.9829695594
126995.2395504113 125467.3489550427
126660.8453774263 125634.6243670238
113222.3795505913 128185.5743997339
113222.3795505913 128499.2157971982
112720.7882911138 128520.1252236958

112219.1970316363 129210.1362981174
112093.7992167669 129147.4080186245
112595.3904762444 129105.5891656293
111968.4014018975 129063.7703126341
111404.1112349854 129042.8608861364
110860.7207038847 129021.9514596388
112950.6842850410 129021.9514596388
112365.4944823172 128980.1326066436
112031.1003093322 128812.8571946626
112678.9890194907 128812.8571946626
113159.6806431566 128771.0383416673
111362.3119633622 128729.2194886721
111863.9032228397 128708.3100621745
112365.4944823172 128645.5817826816
112240.0966674479 128582.8535031887
112720.7882911138 128520.1252236958
113222.3795505913 128499.2157971982
113222.3795505913 128185.5743997339
127496.8308098888 125070.0698515879
127350.5333592079 125320.9829695594
126995.2395504113 125467.3489550427
126660.8453774263 125634.6243670238
113076.0820999104 128415.5780912077

112219.1970316363 129210.1362981174
112093.7992167669 129147.4080186245
111968.4014018975 129063.7703126341
112511.7919329982 129063.7703126341
111404.1112349854 129042.8608861364
110860.7207038847 129021.9514596388
112950.6842850410 129021.9514596388
112365.4944823172 128980.1326066436
112031.1003093322 128812.8571946626
112678.9890194907 128812.8571946626
128040.2213409895 124902.7944396069
127705.8271680045 125195.5264105736
127350.5333592079 125320.9829695594
126995.2395504113 125467.3489550427
126660.8453774263 125634.6243670238
113222.3795505913 128185.5743997339
113222.3795505913 128499.2157971982
112720.7882911138 128520.1252236958
112240.0966674479 128582.8535031887
112365.4944823172 128645.5817826816
111863.9032228397 128708.3100621745
111362.3119633622 128729.2194886721
113159.6806431566 128771.0383416673

111947.5017660860 129356.5022836008
111216.0145126813 129293.7740041079
112219.1970316363 129210.1362981174
112093.7992167669 129147.4080186245
112595.3904762444 129105.5891656293
111968.4014018975 129063.7703126341
112950.6842850410 129021.9514596388
112365.4944823172 128980.1326066436
110986.1185187541 128854.6760476578
112031.1003093322 128812.8571946626
112678.9890194907 128812.8571946626
113159.6806431566 128771.0383416673
111863.9032228397 128708.3100621745
128040.2213409895 124902.7944396069
127705.8271680045 125195.5264105736
127350.5333592079 125320.9829695594
126995.2395504113 125467.3489550427
126660.8453774263 125634.6243670238
113222.3795505913 128185.5743997339
113222.3795505913 128499.2157971982
112720.7882911138 128520.1252236958
112240.0966674479 128582.8535031887
112365.4944823172 128645.5817826816

112093.7992167669 129147.4080186245
127204.2359085269 125446.4395285451
113076.0820999104 128415.5780912077
112658.0893836791 128499.2157971982
112804.3868343601 128561.9440766911
112365.4944823172 128645.5817826816
112428.1933897519 128687.4006356768
111863.9032228397 128708.3100621745
112532.6915688097 128729.2194886721
111362.3119633622 128729.2194886721
113159.6806431566 128771.0383416673
112574.4908404329 128771.0383416673
112678.9890194907 128812.8571946626
112114.6988525785 128812.8571946626
112093.7992167669 128833.7666211602
112260.9963032594 128896.4949006531
112344.5948465057 128938.3137536483
112971.5839208526 128980.1326066436
112469.9926613751 129001.0420331412
111843.0035870282 129001.0420331412
111404.1112349854 129042.8608861364
112511.7919329982 129063.7703126341
111968.4014018975 129063.7703126341

112093.7992167669 129147.4080186245
112595.3904762444 129105.5891656293
111968.4014018975 129063.7703126341
112511.7919329982 129063.7703126341
111404.1112349854 129042.8608861364
110860.7207038847 129021.9514596388
112260.9963032594 128896.4949006531
111571.3083214778 128854.6760476578
112156.4981242016 128854.6760476578
112114.6988525785 128812.8571946626
112678.9890194907 128812.8571946626
112616.2901120560 128791.9477681650
112574.4908404329 128771.0383416673
113159.6806431566 128771.0383416673
112010.2006735207 128750.1289151697
127496.8308098888 125070.0698515879
127350.5333592079 125320.9829695594
126995.2395504113 125467.3489550427
126660.8453774263 125634.6243670238
113222.3795505913 128185.5743997339
113222.3795505913 128499.2157971982
112720.7882911138 128520.1252236958
112240.0966674479 128582.8535031887

112093.7992167669 129147.4080186245
111968.4014018975 129063.7703126341
127350.5333592079 125320.9829695594
126995.2395504113 125467.3489550427
113076.0820999104 128415.5780912077
112720.7882911138 128520.1252236958
112365.4944823172 128645.5817826816
112428.1933897519 128687.4006356768
111863.9032228397 128708.3100621745
111362.3119633622 128729.2194886721
112010.2006735207 128750.1289151697
113159.6806431566 128771.0383416673
112574.4908404329 128771.0383416673
112616.2901120560 128791.9477681650
112678.9890194907 128812.8571946626
112114.6988525785 128812.8571946626
112156.4981242016 128854.6760476578
111571.3083214778 128854.6760476578
112260.9963032594 128896.4949006531
112344.5948465057 128938.3137536483
110860.7207038847 129021.9514596388
111404.1112349854 129042.8608861364
112511.7919329982 129063.7703126341

112219.1970316363 129210.1362981174
112093.7992167669 129147.4080186245
112595.3904762444 129105.5891656293
128040.2213409895 124902.7944396069
127705.8271680045 125195.5264105736
127350.5333592079 125320.9829695594
126995.2395504113 125467.3489550427
126660.8453774263 125634.6243670238
113222.3795505913 128185.5743997339
113222.3795505913 128499.2157971982
112720.7882911138 128520.1252236958
112240.0966674479 128582.8535031887
112365.4944823172 128645.5817826816
111863.9032228397 128708.3100621745
111362.3119633622 128729.2194886721
113159.6806431566 128771.0383416673
112678.9890194907 128812.8571946626
112031.1003093322 128812.8571946626
112365.4944823172 128980.1326066436
112950.6842850410 129021.9514596388
110860.7207038847 129021.9514596388
111404.1112349854 129042.8608861364
111968.4014018975 129063.7703126341

112093.7992167669 129147.4080186245
111968.4014018975 129063.7703126341
111404.1112349854 129042.8608861364
111843.0035870282 129001.0420331412
112469.9926613751 129001.0420331412
127350.5333592079 125320.9829695594
126995.2395504113 125467.3489550427
113076.0820999104 128415.5780912077
112720.7882911138 128520.1252236958
112365.4944823172 128645.5817826816
112428.1933897519 128687.4006356768
111863.9032228397 128708.3100621745
111362.3119633622 128729.2194886721
112010.2006735207 128750.1289151697
113159.6806431566 128771.0383416673
112574.4908404329 128771.0383416673
112616.2901120560 128791.9477681650
112678.9890194907 128812.8571946626
112114.6988525785 128812.8571946626
112156.4981242016 128854.6760476578
111571.3083214778 128854.6760476578
112260.9963032594 128896.4949006531
112344.5948465057 128938.3137536483

112428.1933897519 129001.0420331412
112365.4944823172 128980.1326066436
112449.0930255635 128980.1326066436
112281.8959390710 128959.2231801459
112323.6952106941 128959.2231801459
112365.4944823172 128959.2231801459
112386.3941181288 128959.2231801459
112156.4981242016 128938.3137536483
112240.0966674479 128938.3137536483
112135.5984883900 128917.4043271507
112386.3941181288 128917.4043271507
112031.1003093322 128896.4949006531
112260.9963032594 128896.4949006531
112281.8959390710 128896.4949006531
112511.7919329982 128729.2194886721
112532.6915688097 128750.1289151697
112469.9926613751 128771.0383416673
112637.1897478676 128791.9477681650
112219.1970316363 128812.8571946626
112198.2973958247 128812.8571946626
112114.6988525785 128812.8571946626
112135.5984883900 128833.7666211602
111947.5017660860 128833.7666211602

103608.5470772724 135482.9642474046
111947.5017660860 129356.5022836008
111216.0145126813 129293.7740041079
112219.1970316363 129210.1362981174
112595.3904762444 129105.5891656293
111968.4014018975 129063.7703126341
112950.6842850410 129021.9514596388
110986.1185187541 128854.6760476578
112031.1003093322 128812.8571946626
112678.9890194907 128812.8571946626
113159.6806431566 128771.0383416673
111863.9032228397 128708.3100621745
128667.2104153363 124630.9718951378
112720.7882911138 128520.1252236958
113076.0820999104 128415.5780912077
113661.2719026342 128311.0309587196
114079.2646188654 128143.7555467386
126012.9566672678 125718.2620730142
126660.8453774263 125634.6243670238
126995.2395504113 125467.3489550427
127350.5333592079 125320.9829695594
127705.8271680045 125195.5264105736
128040.2213409895 124902.7944396069

127496.8308098888 125070.0698515879
127350.5333592079 125320.9829695594
126995.2395504113 125467.3489550427
126660.8453774263 125634.6243670238
113076.0820999104 128415.5780912077
112720.7882911138 128520.1252236958
112804.3868343601 128561.9440766911
112365.4944823172 128645.5817826816
112428.1933897519 128687.4006356768
111863.9032228397 128708.3100621745
111362.3119633622 128729.2194886721
113159.6806431566 128771.0383416673
112678.9890194907 128812.8571946626
112031.1003093322 128812.8571946626
112365.4944823172 128980.1326066436
112950.6842850410 129021.9514596388
110860.7207038847 129021.9514596388
111404.1112349854 129042.8608861364
113807.5693533151 128520.1252236958
111968.4014018975 129063.7703126341
112595.3904762444 129105.5891656293
112093.7992167669 129147.4080186245
112219.1970316363 129210.1362981174

112219.1970316363 129210.1362981174
127350.5333592079 125320.9829695594
126995.2395504113 125467.3489550427
126660.8453774263 125634.6243670238
113076.0820999104 128415.5780912077
112720.7882911138 128520.1252236958
112804.3868343601 128561.9440766911
112365.4944823172 128645.5817826816
111362.3119633622 128729.2194886721
112010.2006735207 128750.1289151697
113159.6806431566 128771.0383416673
112574.4908404329 128771.0383416673
112616.2901120560 128791.9477681650
112678.9890194907 128812.8571946626
112114.6988525785 128812.8571946626
112156.4981242016 128854.6760476578
111571.3083214778 128854.6760476578
112260.9963032594 128896.4949006531
110860.7207038847 129021.9514596388
111404.1112349854 129042.8608861364
112511.7919329982 129063.7703126341
111968.4014018975 129063.7703126341
112595.3904762444 129105.5891656293

112219.1970316363 129210.1362981174
111968.4014018975 129063.7703126341
112511.7919329982 129063.7703126341
111404.1112349854 129042.8608861364
111843.0035870282 129001.0420331412
112469.9926613751 129001.0420331412
112971.5839208526 128980.1326066436
112344.5948465057 128938.3137536483
112260.9963032594 128896.4949006531
112093.7992167669 128833.7666211602
112114.6988525785 128812.8571946626
112678.9890194907 128812.8571946626
112574.4908404329 128771.0383416673
113159.6806431566 128771.0383416673
111362.3119633622 128729.2194886721
111863.9032228397 128708.3100621745
112428.1933897519 128687.4006356768
112365.4944823172 128645.5817826816
112720.7882911138 128520.1252236958
127350.5333592079 125320.9829695594
126995.2395504113 125467.3489550427
126660.8453774263 125634.6243670238
113076.0820999104 128415.5780912077

112093.7992167669 129147.4080186245
111968.4014018975 129063.7703126341
111404.1112349854 129042.8608861364
127350.5333592079 125320.9829695594
126995.2395504113 125467.3489550427
113076.0820999104 128415.5780912077
112720.7882911138 128520.1252236958
112365.4944823172 128645.5817826816
112428.1933897519 128687.4006356768
111863.9032228397 128708.3100621745
111362.3119633622 128729.2194886721
112010.2006735207 128750.1289151697
113159.6806431566 128771.0383416673
112574.4908404329 128771.0383416673
112616.2901120560 128791.9477681650
112678.9890194907 128812.8571946626
112114.6988525785 128812.8571946626
112156.4981242016 128854.6760476578
111571.3083214778 128854.6760476578
112260.9963032594 128896.4949006531
112260.9963032594 128917.4043271507
110860.7207038847 129021.9514596388
112511.7919329982 129063.7703126341

112511.7919329982 129021.9514596388
112365.4944823172 128980.1326066436
112449.0930255635 128980.1326066436
112281.8959390710 128959.2231801459
112323.6952106941 128959.2231801459
112365.4944823172 128959.2231801459
112386.3941181288 128959.2231801459
112156.4981242016 128938.3137536483
112240.0966674479 128938.3137536483
112135.5984883900 128917.4043271507
112386.3941181288 128917.4043271507
112511.7919329982 128729.2194886721
112532.6915688097 128750.1289151697
112469.9926613751 128771.0383416673
112637.1897478676 128791.9477681650
112302.7955748825 128812.8571946626
112114.6988525785 128812.8571946626
112135.5984883900 128833.7666211602
111947.5017660860 128833.7666211602
112365.4944823172 128854.6760476578
112281.8959390710 128896.4949006531
112260.9963032594 128896.4949006531
112031.1003093322 128896.4949006531

112219.1970316363 129210.1362981174
111968.4014018975 129063.7703126341
112511.7919329982 129063.7703126341
111404.1112349854 129042.8608861364
111843.0035870282 129001.0420331412
127350.5333592079 125320.9829695594
126995.2395504113 125467.3489550427
126660.8453774263 125634.6243670238
113076.0820999104 128415.5780912077
112720.7882911138 128520.1252236958
112804.3868343601 128561.9440766911
112365.4944823172 128645.5817826816
111362.3119633622 128729.2194886721
112010.2006735207 128750.1289151697
113159.6806431566 128771.0383416673
112574.4908404329 128771.0383416673
112616.2901120560 128791.9477681650
112678.9890194907 128812.8571946626
112114.6988525785 128812.8571946626
112156.4981242016 128854.6760476578
111571.3083214778 128854.6760476578
112260.9963032594 128896.4949006531
110860.7207038847 129021.9514596388

112093.7992167669 129147.4080186245
111968.4014018975 129063.7703126341
112511.7919329982 129063.7703126341
111404.1112349854 129042.8608861364
111843.0035870282 129001.0420331412
112365.4944823172 128980.1326066436
112344.5948465057 128938.3137536483
111696.7061363472 128896.4949006531
112260.9963032594 128896.4949006531
112908.8850134179 128896.4949006531
112135.5984883900 128854.6760476578
112156.4981242016 128854.6760476578
113076.0820999104 128415.5780912077
112867.0857417948 128582.8535031887
112428.1933897519 128645.5817826816
112992.4835566641 128666.4912091792
112428.1933897519 128687.4006356768
111863.9032228397 128708.3100621745
112616.2901120560 128750.1289151697
112532.6915688097 128750.1289151697
112678.9890194907 128812.8571946626
112762.5875627369 128833.7666211602
112135.5984883900 128833.7666211602

127350.5333592079 125320.9829695594
126995.2395504113 125467.3489550427
113076.0820999104 128415.5780912077
110860.7207038847 128833.7666211602
112720.7882911138 128520.1252236958
112365.4944823172 128645.5817826816
112428.1933897519 128687.4006356768
111863.9032228397 128708.3100621745
111362.3119633622 128729.2194886721
113159.6806431566 128771.0383416673
112574.4908404329 128771.0383416673
112678.9890194907 128812.8571946626
112114.6988525785 128812.8571946626
112093.7992167669 128833.7666211602
112260.9963032594 128896.4949006531
112344.5948465057 128938.3137536483
112971.5839208526 128980.1326066436
112469.9926613751 129001.0420331412
111843.0035870282 129001.0420331412
111404.1112349854 129042.8608861364
112511.7919329982 129063.7703126341
111968.4014018975 129063.7703126341
112219.1970316363 129210.1362981174

112093.7992167669 129147.4080186245
112595.3904762444 129105.5891656293
111968.4014018975 129063.7703126341
112511.7919329982 129063.7703126341
111404.1112349854 129042.8608861364
110860.7207038847 129021.9514596388
112260.9963032594 128896.4949006531
111571.3083214778 128854.6760476578
112156.4981242016 128854.6760476578
127496.8308098888 125070.0698515879
127350.5333592079 125320.9829695594
126995.2395504113 125467.3489550427
126660.8453774263 125634.6243670238
113076.0820999104 128415.5780912077
112720.7882911138 128520.1252236958
112804.3868343601 128561.9440766911
112365.4944823172 128645.5817826816
112428.1933897519 128687.4006356768
111863.9032228397 128708.3100621745
111362.3119633622 128729.2194886721
113159.6806431566 128771.0383416673
112678.9890194907 128812.8571946626
112031.1003093322 128812.8571946626

112219.1970316363 129210.1362981174
112093.7992167669 129147.4080186245
112595.3904762444 129105.5891656293
111968.4014018975 129063.7703126341
112511.7919329982 129063.7703126341
111404.1112349854 129042.8608861364
110860.7207038847 129021.9514596388
112950.6842850410 129021.9514596388
112365.4944823172 128980.1326066436
112031.1003093322 128812.8571946626
112678.9890194907 128812.8571946626
113159.6806431566 128771.0383416673
111863.9032228397 128708.3100621745
112240.0966674479 128582.8535031887
112720.7882911138 128520.1252236958
128040.2213409895 124902.7944396069
127705.8271680045 125195.5264105736
127350.5333592079 125320.9829695594
126995.2395504113 125467.3489550427
126660.8453774263 125634.6243670238
113222.3795505913 128185.5743997339
113222.3795505913 128499.2157971982
112365.4944823172 128645.5817826816

103608.5470772724 135482.9642474046
104068.3390651268 135252.9605559307
111801.2043154050 130297.4264759939
111947.5017660860 129356.5022836008
112219.1970316363 129210.1362981174
111027.9177903772 129168.3174451222
110986.1185187541 128854.6760476578
112031.1003093322 128812.8571946626
112678.9890194907 128812.8571946626
113159.6806431566 128771.0383416673
111863.9032228397 128708.3100621745
112240.0966674479 128582.8535031887
111675.8065005357 128624.6723561839
113076.0820999104 128415.5780912077
113661.2719026342 128311.0309587196
114079.2646188654 128143.7555467386
126012.9566672678 125718.2620730142
126660.8453774263 125634.6243670238
126995.2395504113 125467.3489550427
127350.5333592079 125320.9829695594
127705.8271680045 125195.5264105736
128040.2213409895 124902.7944396069
128186.5187916704 124651.8813216354

112219.1970316363 129210.1362981174
112093.7992167669 129147.4080186245
128040.2213409895 124902.7944396069
127705.8271680045 125195.5264105736
127350.5333592079 125320.9829695594
126995.2395504113 125467.3489550427
126660.8453774263 125634.6243670238
126012.9566672678 125718.2620730142
113661.2719026342 128311.0309587196
113076.0820999104 128415.5780912077
112867.0857417948 128582.8535031887
112240.0966674479 128582.8535031887
111863.9032228397 128708.3100621745
113159.6806431566 128771.0383416673
112678.9890194907 128812.8571946626
112031.1003093322 128812.8571946626
110986.1185187541 128854.6760476578
112365.4944823172 128980.1326066436
112950.6842850410 129021.9514596388
111968.4014018975 129063.7703126341
112595.3904762444 129105.5891656293
111216.0145126813 129293.7740041079
111947.5017660860 129356.5022836008

103608.5470772724 135482.9642474046
112093.7992167669 129147.4080186245
112595.3904762444 129105.5891656293
128186.5187916704 124651.8813216354
128040.2213409895 124902.7944396069
127705.8271680045 125195.5264105736
127350.5333592079 125320.9829695594
126995.2395504113 125467.3489550427
126660.8453774263 125634.6243670238
126012.9566672678 125718.2620730142
114079.2646188654 128143.7555467386
113661.2719026342 128311.0309587196
113076.0820999104 128415.5780912077
112720.7882911138 128520.1252236958
112240.0966674479 128582.8535031887
111863.9032228397 128708.3100621745
113159.6806431566 128771.0383416673
112678.9890194907 128812.8571946626
112031.1003093322 128812.8571946626
110986.1185187541 128854.6760476578
111027.9177903772 129168.3174451222
112219.1970316363 129210.1362981174
111947.5017660860 129356.5022836008

112093.7992167669 129147.4080186245
112595.3904762444 129105.5891656293
111968.4014018975 129063.7703126341
112511.7919329982 129063.7703126341
111404.1112349854 129042.8608861364
112344.5948465057 128938.3137536483
112260.9963032594 128917.4043271507
112260.9963032594 128896.4949006531
111571.3083214778 128854.6760476578
112156.4981242016 128854.6760476578
127204.2359085269 125446.4395285451
113076.0820999104 128415.5780912077
112867.0857417948 128582.8535031887
112428.1933897519 128645.5817826816
112992.4835566641 128666.4912091792
112428.1933897519 128687.4006356768
111863.9032228397 128708.3100621745
112616.2901120560 128750.1289151697
112678.9890194907 128812.8571946626
112762.5875627369 128833.7666211602
112135.5984883900 128833.7666211602
112908.8850134179 128896.4949006531
111696.7061363472 128896.4949006531

104068.3390651268 135252.9605559307
128186.5187916704 124651.8813216354
128040.2213409895 124902.7944396069
127705.8271680045 125195.5264105736
127350.5333592079 125320.9829695594
126995.2395504113 125467.3489550427
126660.8453774263 125634.6243670238
126012.9566672678 125718.2620730142
114079.2646188654 128143.7555467386
113661.2719026342 128311.0309587196
113076.0820999104 128415.5780912077
112720.7882911138 128520.1252236958
112240.0966674479 128582.8535031887
115375.0420391823 128164.6649732362
113159.6806431566 128771.0383416673
112678.9890194907 128812.8571946626
112031.1003093322 128812.8571946626
110986.1185187541 128854.6760476578
111027.9177903772 129168.3174451222
112219.1970316363 129210.1362981174
111947.5017660860 129356.5022836008
111801.2043154050 130297.4264759939
103608.5470772724 135482.9642474046

127350.5333592079 125320.9829695594
126995.2395504113 125467.3489550427
113076.0820999104 128415.5780912077
112658.0893836791 128499.2157971982
112720.7882911138 128520.1252236958
112365.4944823172 128645.5817826816
112428.1933897519 128687.4006356768
111863.9032228397 128708.3100621745
111362.3119633622 128729.2194886721
113159.6806431566 128771.0383416673
112574.4908404329 128771.0383416673
112678.9890194907 128812.8571946626
112114.6988525785 128812.8571946626
112093.7992167669 128833.7666211602
112260.9963032594 128896.4949006531
112344.5948465057 128938.3137536483
112971.5839208526 128980.1326066436
112469.9926613751 129001.0420331412
111843.0035870282 129001.0420331412
111404.1112349854 129042.8608861364
112511.7919329982 129063.7703126341
111968.4014018975 129063.7703126341
112219.1970316363 129210.1362981174

112219.1970316363 129210.1362981174
111968.4014018975 129063.7703126341
112511.7919329982 129063.7703126341
111404.1112349854 129042.8608861364
111843.0035870282 129001.0420331412
112469.9926613751 129001.0420331412
112971.5839208526 128980.1326066436
112344.5948465057 128938.3137536483
112260.9963032594 128896.4949006531
112156.4981242016 128854.6760476578
112135.5984883900 128812.8571946626
112616.2901120560 128791.9477681650
112574.4908404329 128771.0383416673
113159.6806431566 128771.0383416673
112010.2006735207 128750.1289151697
111362.3119633622 128729.2194886721
112532.6915688097 128729.2194886721
112428.1933897519 128687.4006356768
112365.4944823172 128645.5817826816
127350.5333592079 125320.9829695594
126995.2395504113 125467.3489550427
113076.0820999104 128415.5780912077
112658.0893836791 128499.2157971982

103608.5470772724 135482.9642474046
104068.3390651268 135252.9605559307
111801.2043154050 130297.4264759939
111947.5017660860 129356.5022836008
112219.1970316363 129210.1362981174
111027.9177903772 129168.3174451222
110986.1185187541 128854.6760476578
112031.1003093322 128812.8571946626
112678.9890194907 128812.8571946626
113159.6806431566 128771.0383416673
111863.9032228397 128708.3100621745
112240.0966674479 128582.8535031887
112720.7882911138 128520.1252236958
113076.0820999104 128415.5780912077
113661.2719026342 128311.0309587196
126012.9566672678 125718.2620730142
126660.8453774263 125634.6243670238
126995.2395504113 125467.3489550427
127350.5333592079 125320.9829695594
127705.8271680045 125195.5264105736
128040.2213409895 124902.7944396069
128186.5187916704 124651.8813216354
114079.2646188654 128143.7555467386

112093.7992167669 129147.4080186245
112595.3904762444 129105.5891656293
111968.4014018975 129063.7703126341
112511.7919329982 129063.7703126341
111404.1112349854 129042.8608861364
110860.7207038847 129021.9514596388
112260.9963032594 128896.4949006531
111571.3083214778 128854.6760476578
112156.4981242016 128854.6760476578
112114.6988525785 128812.8571946626
112678.9890194907 128812.8571946626
112616.2901120560 128791.9477681650
112574.4908404329 128771.0383416673
113159.6806431566 128771.0383416673
112010.2006735207 128750.1289151697
111362.3119633622 128729.2194886721
112365.4944823172 128645.5817826816
112804.3868343601 128561.9440766911
112720.7882911138 128520.1252236958
113076.0820999104 128415.5780912077
127350.5333592079 125320.9829695594
126995.2395504113 125467.3489550427
112428.1933897519 128687.4006356768

113076.0820999104 128415.5780912077
112720.7882911138 128520.1252236958
112804.3868343601 128561.9440766911
112365.4944823172 128645.5817826816
112428.1933897519 128687.4006356768
111863.9032228397 128708.3100621745
112532.6915688097 128729.2194886721
111362.3119633622 128729.2194886721
112010.2006735207 128750.1289151697
113159.6806431566 128771.0383416673
112574.4908404329 128771.0383416673
112616.2901120560 128791.9477681650
112678.9890194907 128812.8571946626
112156.4981242016 128854.6760476578
112260.9963032594 128896.4949006531
112344.5948465057 128938.3137536483
112365.4944823172 128980.1326066436
112469.9926613751 129001.0420331412
111843.0035870282 129001.0420331412
111404.1112349854 129042.8608861364
112511.7919329982 129063.7703126341
111968.4014018975 129063.7703126341
112093.7992167669 129147.4080186245

112511.7919329982 129021.9514596388
112365.4944823172 128980.1326066436
112449.0930255635 128980.1326066436
112281.8959390710 128959.2231801459
112323.6952106941 128959.2231801459
112365.4944823172 128959.2231801459
112386.3941181288 128959.2231801459
112156.4981242016 128938.3137536483
112240.0966674479 128938.3137536483
112135.5984883900 128917.4043271507
112386.3941181288 128917.4043271507
112031.1003093322 128896.4949006531
112260.9963032594 128896.4949006531
112281.8959390710 128896.4949006531
112511.7919329982 128729.2194886721
112532.6915688097 128750.1289151697
112469.9926613751 128771.0383416673
112637.1897478676 128791.9477681650
112198.2973958247 128812.8571946626
112114.6988525785 128812.8571946626
112135.5984883900 128833.7666211602
111947.5017660860 128833.7666211602
112365.4944823172 128854.6760476578

112219.1970316363 129210.1362981174
112093.7992167669 129147.4080186245
112595.3904762444 129105.5891656293
128040.2213409895 124902.7944396069
127705.8271680045 125195.5264105736
127350.5333592079 125320.9829695594
126995.2395504113 125467.3489550427
126660.8453774263 125634.6243670238
126012.9566672678 125718.2620730142
113661.2719026342 128311.0309587196
113076.0820999104 128415.5780912077
112867.0857417948 128582.8535031887
112240.0966674479 128582.8535031887
111863.9032228397 128708.3100621745
113159.6806431566 128771.0383416673
112678.9890194907 128812.8571946626
112031.1003093322 128812.8571946626
110986.1185187541 128854.6760476578
112365.4944823172 128980.1326066436
112950.6842850410 129021.9514596388
111404.1112349854 129042.8608861364
111968.4014018975 129063.7703126341
111216.0145126813 129293.7740041079

103608.5470772724 135482.9642474046
111947.5017660860 129356.5022836008
111216.0145126813 129293.7740041079
109962.0363639875 129231.0457246150
128061.1209768010 124610.0624686402
112595.3904762444 129105.5891656293
111968.4014018975 129063.7703126341
112950.6842850410 129021.9514596388
110986.1185187541 128854.6760476578
112031.1003093322 128812.8571946626
113159.6806431566 128771.0383416673
111863.9032228397 128708.3100621745
112240.0966674479 128582.8535031887
112720.7882911138 128520.1252236958
113076.0820999104 128415.5780912077
113661.2719026342 128311.0309587196
114079.2646188654 128143.7555467386
126012.9566672678 125718.2620730142
126660.8453774263 125634.6243670238
126995.2395504113 125467.3489550427
127350.5333592079 125320.9829695594
127705.8271680045 125195.5264105736
128040.2213409895 124902.7944396069

112386.3941181288 129293.7740041079
112595.3904762444 129105.5891656293
111968.4014018975 129063.7703126341
112511.7919329982 129063.7703126341
111404.1112349854 129042.8608861364
110860.7207038847 129021.9514596388
112260.9963032594 128896.4949006531
111571.3083214778 128854.6760476578
112156.4981242016 128854.6760476578
127350.5333592079 125320.9829695594
126995.2395504113 125467.3489550427
126660.8453774263 125634.6243670238
113076.0820999104 128415.5780912077
112720.7882911138 128520.1252236958
112804.3868343601 128561.9440766911
112365.4944823172 128645.5817826816
111362.3119633622 128729.2194886721
112010.2006735207 128750.1289151697
113159.6806431566 128771.0383416673
112574.4908404329 128771.0383416673
112616.2901120560 128791.9477681650
112678.9890194907 128812.8571946626
112114.6988525785 128812.8571946626

112302.7955748825 128771.0383416673
112365.4944823172 128980.1326066436
112449.0930255635 128980.1326066436
112281.8959390710 128959.2231801459
112323.6952106941 128959.2231801459
112365.4944823172 128959.2231801459
112386.3941181288 128959.2231801459
112156.4981242016 128938.3137536483
112240.0966674479 128938.3137536483
112135.5984883900 128917.4043271507
112386.3941181288 128917.4043271507
112031.1003093322 128896.4949006531
112260.9963032594 128896.4949006531
112281.8959390710 128896.4949006531
112365.4944823172 128854.6760476578
111947.5017660860 128833.7666211602
112135.5984883900 128833.7666211602
112114.6988525785 128812.8571946626
112198.2973958247 128812.8571946626
112637.1897478676 128791.9477681650
112469.9926613751 128771.0383416673
112532.6915688097 128750.1289151697
112511.7919329982 128729.2194886721

111968.4014018975 129063.7703126341
112511.7919329982 129063.7703126341
111404.1112349854 129042.8608861364
111843.0035870282 129001.0420331412
112469.9926613751 129001.0420331412
112365.4944823172 128980.1326066436
112323.6952106941 128959.2231801459
112386.3941181288 128959.2231801459
112240.0966674479 128938.3137536483
112344.5948465057 128938.3137536483
111675.8065005357 128917.4043271507
112260.9963032594 128896.4949006531
112867.0857417948 128582.8535031887
112511.7919329982 128729.2194886721
112616.2901120560 128750.1289151697
112532.6915688097 128750.1289151697
112198.2973958247 128750.1289151697
112637.1897478676 128791.9477681650
112114.6988525785 128812.8571946626
112762.5875627369 128833.7666211602
112135.5984883900 128833.7666211602
112260.9963032594 128854.6760476578
112281.8959390710 128896.4949006531

103608.5470772724 135482.9642474046
104068.3390651268 135252.9605559307
111801.2043154050 130297.4264759939
111947.5017660860 129356.5022836008
112219.1970316363 129210.1362981174
111027.9177903772 129168.3174451222
128040.2213409895 124902.7944396069
127705.8271680045 125195.5264105736
127350.5333592079 125320.9829695594
126995.2395504113 125467.3489550427
126660.8453774263 125634.6243670238
126012.9566672678 125718.2620730142
114079.2646188654 128143.7555467386
113661.2719026342 128311.0309587196
113076.0820999104 128415.5780912077
112720.7882911138 128520.1252236958
112240.0966674479 128582.8535031887
111863.9032228397 128708.3100621745
113159.6806431566 128771.0383416673
112031.1003093322 128812.8571946626
110986.1185187541 128854.6760476578
112950.6842850410 129021.9514596388
111968.4014018975 129063.7703126341

128040.2213409895 124902.7944396069
127705.8271680045 125195.5264105736
127350.5333592079 125320.9829695594
126995.2395504113 125467.3489550427
126660.8453774263 125634.6243670238
126012.9566672678 125718.2620730142
114079.2646188654 128143.7555467386
113661.2719026342 128311.0309587196
113076.0820999104 128415.5780912077
112720.7882911138 128520.1252236958
112240.0966674479 128582.8535031887
111863.9032228397 128708.3100621745
113159.6806431566 128771.0383416673
127664.0278963813 124359.1493506687
110986.1185187541 128854.6760476578
112950.6842850410 129021.9514596388
111968.4014018975 129063.7703126341
112595.3904762444 129105.5891656293
112219.1970316363 129210.1362981174
109962.0363639875 129231.0457246150
111216.0145126813 129293.7740041079
111947.5017660860 129356.5022836008
103608.5470772724 135482.9642474046

112219.1970316363 129210.1362981174
112093.7992167669 129147.4080186245
112595.3904762444 129105.5891656293
111968.4014018975 129063.7703126341
127350.5333592079 125320.9829695594
126995.2395504113 125467.3489550427
113076.0820999104 128415.5780912077
112658.0893836791 128499.2157971982
112720.7882911138 128520.1252236958
112365.4944823172 128645.5817826816
112428.1933897519 128687.4006356768
111863.9032228397 128708.3100621745
111362.3119633622 128729.2194886721
112010.2006735207 128750.1289151697
113159.6806431566 128771.0383416673
112574.4908404329 128771.0383416673
112678.9890194907 128812.8571946626
112114.6988525785 128812.8571946626
112156.4981242016 128854.6760476578
111571.3083214778 128854.6760476578
112260.9963032594 128896.4949006531
110860.7207038847 129021.9514596388
111404.1112349854 129042.8608861364

111947.5017660860 129356.5022836008
128040.2213409895 124902.7944396069
127705.8271680045 125195.5264105736
127350.5333592079 125320.9829695594
126995.2395504113 125467.3489550427
126660.8453774263 125634.6243670238
126012.9566672678 125718.2620730142
114079.2646188654 128143.7555467386
113661.2719026342 128311.0309587196
113076.0820999104 128415.5780912077
112720.7882911138 128520.1252236958
112240.0966674479 128582.8535031887
111863.9032228397 128708.3100621745
113159.6806431566 128771.0383416673
112678.9890194907 128812.8571946626
112031.1003093322 128812.8571946626
110986.1185187541 128854.6760476578
112950.6842850410 129021.9514596388
111968.4014018975 129063.7703126341
112595.3904762444 129105.5891656293
112219.1970316363 129210.1362981174
111216.0145126813 129293.7740041079
103608.5470772724 135482.9642474046

112219.1970316363 129210.1362981174
111968.4014018975 129063.7703126341
112511.7919329982 129063.7703126341
111404.1112349854 129042.8608861364
111843.0035870282 129001.0420331412
112469.9926613751 129001.0420331412
127204.2359085269 125446.4395285451
113076.0820999104 128415.5780912077
112720.7882911138 128520.1252236958
112365.4944823172 128645.5817826816
112428.1933897519 128687.4006356768
111863.9032228397 128708.3100621745
112532.6915688097 128729.2194886721
111362.3119633622 128729.2194886721
112010.2006735207 128750.1289151697
113159.6806431566 128771.0383416673
112574.4908404329 128771.0383416673
112616.2901120560 128791.9477681650
112678.9890194907 128812.8571946626
112114.6988525785 128812.8571946626
112156.4981242016 128854.6760476578
111571.3083214778 128854.6760476578
112260.9963032594 128896.4949006531

112219.1970316363 129210.1362981174
112595.3904762444 129105.5891656293
111968.4014018975 129063.7703126341
112511.7919329982 129063.7703126341
111404.1112349854 129042.8608861364
110860.7207038847 129021.9514596388
112260.9963032594 128896.4949006531
111571.3083214778 128854.6760476578
112156.4981242016 128854.6760476578
112114.6988525785 128812.8571946626
112678.9890194907 128812.8571946626
112574.4908404329 128771.0383416673
113159.6806431566 128771.0383416673
112010.2006735207 128750.1289151697
111362.3119633622 128729.2194886721
111863.9032228397 128708.3100621745
112428.1933897519 128687.4006356768
112365.4944823172 128645.5817826816
127350.5333592079 125320.9829695594
126995.2395504113 125467.3489550427
126660.8453774263 125634.6243670238
113076.0820999104 128415.5780912077
112720.7882911138 128520.1252236958

103608.5470772724 135482.9642474046
111947.5017660860 129356.5022836008
111216.0145126813 129293.7740041079
112219.1970316363 129210.1362981174
112595.3904762444 129105.5891656293
111968.4014018975 129063.7703126341
112950.6842850410 129021.9514596388
110986.1185187541 128854.6760476578
112031.1003093322 128812.8571946626
112678.9890194907 128812.8571946626
113159.6806431566 128771.0383416673
111863.9032228397 128708.3100621745
111863.9032228397 128373.7592382125
112720.7882911138 128520.1252236958
113076.0820999104 128415.5780912077
113661.2719026342 128311.0309587196
114079.2646188654 128143.7555467386
128040.2213409895 124902.7944396069
127705.8271680045 125195.5264105736
127350.5333592079 125320.9829695594
126995.2395504113 125467.3489550427
126660.8453774263 125634.6243670238
126012.9566672678 125718.2620730142

112219.1970316363 129210.1362981174
111968.4014018975 129063.7703126341
112511.7919329982 129063.7703126341
111404.1112349854 129042.8608861364
111843.0035870282 129001.0420331412
112469.9926613751 129001.0420331412
112365.4944823172 128980.1326066436
112344.5948465057 128938.3137536483
127204.2359085269 125446.4395285451
113076.0820999104 128415.5780912077
112720.7882911138 128520.1252236958
112365.4944823172 128645.5817826816
112428.1933897519 128687.4006356768
111863.9032228397 128708.3100621745
112532.6915688097 128729.2194886721
111362.3119633622 128729.2194886721
112010.2006735207 128750.1289151697
113159.6806431566 128771.0383416673
112574.4908404329 128771.0383416673
112616.2901120560 128791.9477681650
112678.9890194907 128812.8571946626
112114.6988525785 128812.8571946626
112156.4981242016 128854.6760476578

127350.5333592079 125320.9829695594
126995.2395504113 125467.3489550427
113076.0820999104 128415.5780912077
112720.7882911138 128520.1252236958
112365.4944823172 128645.5817826816
112428.1933897519 128687.4006356768
111863.9032228397 128708.3100621745
111362.3119633622 128729.2194886721
112010.2006735207 128750.1289151697
113159.6806431566 128771.0383416673
112574.4908404329 128771.0383416673
112616.2901120560 128791.9477681650
112678.9890194907 128812.8571946626
112114.6988525785 128812.8571946626
112156.4981242016 128854.6760476578
111571.3083214778 128854.6760476578
112260.9963032594 128896.4949006531
110860.7207038847 129021.9514596388
111404.1112349854 129042.8608861364
112511.7919329982 129063.7703126341
111968.4014018975 129063.7703126341
112595.3904762444 129105.5891656293
112219.1970316363 129210.1362981174

103608.5470772724 135482.9642474046
111947.5017660860 129356.5022836008
111216.0145126813 129293.7740041079
112219.1970316363 129210.1362981174
112595.3904762444 129105.5891656293
111968.4014018975 129063.7703126341
112950.6842850410 129021.9514596388
112365.4944823172 128980.1326066436
110986.1185187541 128854.6760476578
112365.4944823172 129293.7740041079
112678.9890194907 128812.8571946626
113159.6806431566 128771.0383416673
111863.9032228397 128708.3100621745
112240.0966674479 128582.8535031887
112720.7882911138 128520.1252236958
113076.0820999104 128415.5780912077
113661.2719026342 128311.0309587196
126012.9566672678 125718.2620730142
126660.8453774263 125634.6243670238
126995.2395504113 125467.3489550427
127350.5333592079 125320.9829695594
127705.8271680045 125195.5264105736
128040.2213409895 124902.7944396069

111947.5017660860 129356.5022836008
111216.0145126813 129293.7740041079
112219.1970316363 129210.1362981174
112595.3904762444 129105.5891656293
111968.4014018975 129063.7703126341
111404.1112349854 129042.8608861364
128040.2213409895 124902.7944396069
127705.8271680045 125195.5264105736
127350.5333592079 125320.9829695594
126995.2395504113 125467.3489550427
126660.8453774263 125634.6243670238
126012.9566672678 125718.2620730142
114079.2646188654 128143.7555467386
113661.2719026342 128311.0309587196
113076.0820999104 128415.5780912077
112720.7882911138 128520.1252236958
112240.0966674479 128582.8535031887
111863.9032228397 128708.3100621745
113159.6806431566 128771.0383416673
112678.9890194907 128812.8571946626
112031.1003093322 128812.8571946626
110986.1185187541 128854.6760476578
112950.6842850410 129021.9514596388

112093.7992167669 129147.4080186245
111968.4014018975 129063.7703126341
112511.7919329982 129063.7703126341
111404.1112349854 129042.8608861364
111843.0035870282 129001.0420331412
112469.9926613751 129001.0420331412
112365.4944823172 128980.1326066436
112344.5948465057 128938.3137536483
111675.8065005357 128917.4043271507
127204.2359085269 125446.4395285451
113076.0820999104 128415.5780912077
112804.3868343601 128561.9440766911
112365.4944823172 128645.5817826816
112428.1933897519 128687.4006356768
111863.9032228397 128708.3100621745
112532.6915688097 128729.2194886721
111362.3119633622 128729.2194886721
112010.2006735207 128750.1289151697
113159.6806431566 128771.0383416673
112574.4908404329 128771.0383416673
112616.2901120560 128791.9477681650
112678.9890194907 128812.8571946626
112156.4981242016 128854.6760476578

127496.8308098888 125070.0698515879
127350.5333592079 125320.9829695594
126995.2395504113 125467.3489550427
126660.8453774263 125634.6243670238
113076.0820999104 128415.5780912077
112720.7882911138 128520.1252236958
112365.4944823172 128645.5817826816
112428.1933897519 128687.4006356768
111362.3119633622 128729.2194886721
112010.2006735207 128750.1289151697
113159.6806431566 128771.0383416673
112574.4908404329 128771.0383416673
112678.9890194907 128812.8571946626
112114.6988525785 128812.8571946626
112156.4981242016 128854.6760476578
111571.3083214778 128854.6760476578
112260.9963032594 128896.4949006531
110860.7207038847 129021.9514596388
111404.1112349854 129042.8608861364
112511.7919329982 129063.7703126341
112595.3904762444 129105.5891656293
112093.7992167669 129147.4080186245
112219.1970316363 129210.1362981174

103608.5470772724 135482.9642474046
111947.5017660860 129356.5022836008
111216.0145126813 129293.7740041079
112219.1970316363 129210.1362981174
112595.3904762444 129105.5891656293
111968.4014018975 129063.7703126341
112950.6842850410 129021.9514596388
112365.4944823172 128980.1326066436
128040.2213409895 124902.7944396069
127705.8271680045 125195.5264105736
127350.5333592079 125320.9829695594
126995.2395504113 125467.3489550427
126660.8453774263 125634.6243670238
126012.9566672678 125718.2620730142
114079.2646188654 128143.7555467386
113661.2719026342 128311.0309587196
113076.0820999104 128415.5780912077
112720.7882911138 128520.1252236958
112240.0966674479 128582.8535031887
111863.9032228397 128708.3100621745
113159.6806431566 128771.0383416673
112678.9890194907 128812.8571946626
112031.1003093322 128812.8571946626

112219.1970316363 129210.1362981174
112093.7992167669 129147.4080186245
127350.5333592079 125320.9829695594
126995.2395504113 125467.3489550427
113076.0820999104 128415.5780912077
112720.7882911138 128520.1252236958
112365.4944823172 128645.5817826816
112428.1933897519 128687.4006356768
111863.9032228397 128708.3100621745
111362.3119633622 128729.2194886721
112010.2006735207 128750.1289151697
113159.6806431566 128771.0383416673
112574.4908404329 128771.0383416673
112616.2901120560 128791.9477681650
112678.9890194907 128812.8571946626
112114.6988525785 128812.8571946626
112156.4981242016 128854.6760476578
111571.3083214778 128854.6760476578
112260.9963032594 128896.4949006531
110860.7207038847 129021.9514596388
111404.1112349854 129042.8608861364
112511.7919329982 129063.7703126341
111968.4014018975 129063.7703126341

128938.9056808867 124610.0624686402
128040.2213409895 124902.7944396069
127664.0278963813 125111.8887045832
127350.5333592079 125320.9829695594
126995.2395504113 125467.3489550427
126660.8453774263 125634.6243670238
126012.9566672678 125718.2620730142
114079.2646188654 128143.7555467386
113661.2719026342 128311.0309587196
113076.0820999104 128415.5780912077
112720.7882911138 128520.1252236958
112240.0966674479 128582.8535031887
111863.9032228397 128708.3100621745
113159.6806431566 128771.0383416673
113494.0748161416 128561.9440766911
110986.1185187541 128854.6760476578
112950.6842850410 129021.9514596388
111968.4014018975 129063.7703126341
112595.3904762444 129105.5891656293
112219.1970316363 129210.1362981174
111216.0145126813 129293.7740041079
111947.5017660860 129356.5022836008
103608.5470772724 135482.9642474046

112219.1970316363 129210.1362981174
112093.7992167669 129147.4080186245
112595.3904762444 129105.5891656293
111968.4014018975 129063.7703126341
112511.7919329982 129063.7703126341
111404.1112349854 129042.8608861364
110860.7207038847 129021.9514596388
112950.6842850410 129021.9514596388
112365.4944823172 128980.1326066436
112031.1003093322 128812.8571946626
112678.9890194907 128812.8571946626
113159.6806431566 128771.0383416673
111362.3119633622 128729.2194886721
111863.9032228397 128708.3100621745
112428.1933897519 128687.4006356768
112365.4944823172 128645.5817826816
112240.0966674479 128582.8535031887
112720.7882911138 128520.1252236958
113222.3795505913 128499.2157971982
127496.8308098888 125070.0698515879
127350.5333592079 125320.9829695594
126995.2395504113 125467.3489550427
126660.8453774263 125634.6243670238

103608.5470772724 135482.9642474046
111947.5017660860 129356.5022836008
111216.0145126813 129293.7740041079
112219.1970316363 129210.1362981174
112595.3904762444 129105.5891656293
111968.4014018975 129063.7703126341
112950.6842850410 129021.9514596388
110986.1185187541 128854.6760476578
112678.9890194907 128812.8571946626
113159.6806431566 128771.0383416673
111863.9032228397 128708.3100621745
112240.0966674479 128582.8535031887
112720.7882911138 128520.1252236958
113076.0820999104 128415.5780912077
113661.2719026342 128311.0309587196
112177.3977600132 129189.2268716198
128040.2213409895 124902.7944396069
127705.8271680045 125195.5264105736
127350.5333592079 125320.9829695594
126995.2395504113 125467.3489550427
126660.8453774263 125634.6243670238
126012.9566672678 125718.2620730142
112031.1003093322 128812.8571946626

103608.5470772724 135482.9642474046
104068.3390651268 135252.9605559307
128040.2213409895 124902.7944396069
127705.8271680045 125195.5264105736
127350.5333592079 125320.9829695594
126995.2395504113 125467.3489550427
126660.8453774263 125634.6243670238
126012.9566672678 125718.2620730142
114079.2646188654 128143.7555467386
113661.2719026342 128311.0309587196
113076.0820999104 128415.5780912077
112720.7882911138 128520.1252236958
112240.0966674479 128582.8535031887
111863.9032228397 128708.3100621745
113159.6806431566 128771.0383416673
112678.9890194907 128812.8571946626
112031.1003093322 128812.8571946626
110986.1185187541 128854.6760476578
112950.6842850410 129021.9514596388
111968.4014018975 129063.7703126341
112595.3904762444 129105.5891656293
112219.1970316363 129210.1362981174
111216.0145126813 129293.7740041079

128040.2213409895 124902.7944396069
127705.8271680045 125195.5264105736
127350.5333592079 125320.9829695594
126995.2395504113 125467.3489550427
126660.8453774263 125634.6243670238
126012.9566672678 125718.2620730142
114079.2646188654 128143.7555467386
113661.2719026342 128311.0309587196
113076.0820999104 128415.5780912077
112720.7882911138 128520.1252236958
112240.0966674479 128582.8535031887
111863.9032228397 128708.3100621745
113159.6806431566 128771.0383416673
112678.9890194907 128812.8571946626
112031.1003093322 128812.8571946626
110986.1185187541 128854.6760476578
104402.7332381118 135482.9642474046
111968.4014018975 129063.7703126341
112595.3904762444 129105.5891656293
112219.1970316363 129210.1362981174
111216.0145126813 129293.7740041079
111947.5017660860 129356.5022836008
103608.5470772724 135482.9642474046

128040.2213409895 124902.7944396069
127705.8271680045 125195.5264105736
127350.5333592079 125320.9829695594
126995.2395504113 125467.3489550427
126660.8453774263 125634.6243670238
126012.9566672678 125718.2620730142
113661.2719026342 128311.0309587196
113076.0820999104 128415.5780912077
112867.0857417948 128582.8535031887
112240.0966674479 128582.8535031887
111863.9032228397 128708.3100621745
113159.6806431566 128771.0383416673
112678.9890194907 128812.8571946626
112031.1003093322 128812.8571946626
110986.1185187541 128854.6760476578
112365.4944823172 128980.1326066436
112950.6842850410 129021.9514596388
111404.1112349854 129042.8608861364
111968.4014018975 129063.7703126341
112595.3904762444 129105.5891656293
112219.1970316363 129210.1362981174
111216.0145126813 129293.7740041079
111947.5017660860 129356.5022836008

103608.5470772724 135482.9642474046
128040.2213409895 124902.7944396069
127705.8271680045 125195.5264105736
127350.5333592079 125320.9829695594
126995.2395504113 125467.3489550427
126660.8453774263 125634.6243670238
126012.9566672678 125718.2620730142
113661.2719026342 128311.0309587196
113076.0820999104 128415.5780912077
112867.0857417948 128582.8535031887
112240.0966674479 128582.8535031887
111863.9032228397 128708.3100621745
113159.6806431566 128771.0383416673
112678.9890194907 128812.8571946626
112031.1003093322 128812.8571946626
110986.1185187541 128854.6760476578
112365.4944823172 128980.1326066436
112950.6842850410 129021.9514596388
111404.1112349854 129042.8608861364
111968.4014018975 129063.7703126341
112595.3904762444 129105.5891656293
112219.1970316363 129210.1362981174
111216.0145126813 129293.7740041079

110505.4268950881 128938.3137536483
111947.5017660860 129356.5022836008
111216.0145126813 129293.7740041079
112219.1970316363 129210.1362981174
112595.3904762444 129105.5891656293
111968.4014018975 129063.7703126341
112950.6842850410 129021.9514596388
112365.4944823172 128980.1326066436
110986.1185187541 128854.6760476578
112031.1003093322 128812.8571946626
112678.9890194907 128812.8571946626
113159.6806431566 128771.0383416673
111863.9032228397 128708.3100621745
112240.0966674479 128582.8535031887
112720.7882911138 128520.1252236958
113076.0820999104 128415.5780912077
113661.2719026342 128311.0309587196
126012.9566672678 125718.2620730142
126660.8453774263 125634.6243670238
126995.2395504113 125467.3489550427
127350.5333592079 125320.9829695594
127705.8271680045 125195.5264105736
128040.2213409895 124902.7944396069

128040.2213409895 124902.7944396069
127705.8271680045 125195.5264105736
127350.5333592079 125320.9829695594
126995.2395504113 125467.3489550427
126660.8453774263 125634.6243670238
126012.9566672678 125718.2620730142
113661.2719026342 128311.0309587196
113076.0820999104 128415.5780912077
112720.7882911138 128520.1252236958
112240.0966674479 128582.8535031887
111863.9032228397 128708.3100621745
113159.6806431566 128771.0383416673
112678.9890194907 128812.8571946626
112031.1003093322 128812.8571946626
110986.1185187541 128854.6760476578
112365.4944823172 128980.1326066436
112950.6842850410 129021.9514596388
111968.4014018975 129063.7703126341
112595.3904762444 129105.5891656293
112219.1970316363 129210.1362981174
111216.0145126813 129293.7740041079
111947.5017660860 129356.5022836008
103608.5470772724 135482.9642474046

113076.0820999104 128415.5780912077
112720.7882911138 128520.1252236958
112804.3868343601 128561.9440766911
112365.4944823172 128645.5817826816
112428.1933897519 128687.4006356768
111863.9032228397 128708.3100621745
112532.6915688097 128729.2194886721
111362.3119633622 128729.2194886721
112010.2006735207 128750.1289151697
113159.6806431566 128771.0383416673
112574.4908404329 128771.0383416673
112616.2901120560 128791.9477681650
112678.9890194907 128812.8571946626
112156.4981242016 128854.6760476578
112260.9963032594 128896.4949006531
112344.5948465057 128938.3137536483
112365.4944823172 128980.1326066436
112469.9926613751 129001.0420331412
111843.0035870282 129001.0420331412
111404.1112349854 129042.8608861364
112511.7919329982 129063.7703126341
111968.4014018975 129063.7703126341
112219.1970316363 129210.1362981174

127204.2359085269 125446.4395285451
113076.0820999104 128415.5780912077
112720.7882911138 128520.1252236958
112365.4944823172 128645.5817826816
112428.1933897519 128687.4006356768
111863.9032228397 128708.3100621745
112532.6915688097 128729.2194886721
111362.3119633622 128729.2194886721
112010.2006735207 128750.1289151697
113159.6806431566 128771.0383416673
112574.4908404329 128771.0383416673
112616.2901120560 128791.9477681650
112678.9890194907 128812.8571946626
112156.4981242016 128854.6760476578
112260.9963032594 128896.4949006531
112344.5948465057 128938.3137536483
112365.4944823172 128980.1326066436
112469.9926613751 129001.0420331412
111843.0035870282 129001.0420331412
111404.1112349854 129042.8608861364
112511.7919329982 129063.7703126341
111968.4014018975 129063.7703126341
112219.1970316363 129210.1362981174

127350.5333592079 125320.9829695594
126995.2395504113 125467.3489550427
113076.0820999104 128415.5780912077
112720.7882911138 128520.1252236958
112365.4944823172 128645.5817826816
112428.1933897519 128687.4006356768
111863.9032228397 128708.3100621745
111362.3119633622 128729.2194886721
112010.2006735207 128750.1289151697
113159.6806431566 128771.0383416673
112574.4908404329 128771.0383416673
112616.2901120560 128791.9477681650
112678.9890194907 128812.8571946626
112156.4981242016 128854.6760476578
112260.9963032594 128896.4949006531
112344.5948465057 128938.3137536483
112971.5839208526 128980.1326066436
112469.9926613751 129001.0420331412
111843.0035870282 129001.0420331412
111404.1112349854 129042.8608861364
112595.3904762444 129105.5891656293
112093.7992167669 129147.4080186245
112219.1970316363 129210.1362981174

127350.5333592079 125320.9829695594
126995.2395504113 125467.3489550427
113076.0820999104 128415.5780912077
112720.7882911138 128520.1252236958
112365.4944823172 128645.5817826816
112428.1933897519 128687.4006356768
111863.9032228397 128708.3100621745
111362.3119633622 128729.2194886721
112010.2006735207 128750.1289151697
113159.6806431566 128771.0383416673
112574.4908404329 128771.0383416673
112616.2901120560 128791.9477681650
112678.9890194907 128812.8571946626
112156.4981242016 128854.6760476578
112260.9963032594 128896.4949006531
112344.5948465057 128938.3137536483
112365.4944823172 128980.1326066436
112469.9926613751 129001.0420331412
111843.0035870282 129001.0420331412
111404.1112349854 129042.8608861364
112511.7919329982 129063.7703126341
111968.4014018975 129063.7703126341
112219.1970316363 129210.1362981174

128938.9056808867 124610.0624686402
128040.2213409895 124902.7944396069
127664.0278963813 125111.8887045832
127350.5333592079 125320.9829695594
126995.2395504113 125467.3489550427
126660.8453774263 125634.6243670238
126012.9566672678 125718.2620730142
114079.2646188654 128143.7555467386
113661.2719026342 128311.0309587196
113076.0820999104 128415.5780912077
112720.7882911138 128520.1252236958
112240.0966674479 128582.8535031887
111863.9032228397 128708.3100621745
113159.6806431566 128771.0383416673
112678.9890194907 128812.8571946626
111968.4014018975 130841.0715649321
112219.1970316363 129210.1362981174
111278.7134201160 129293.7740041079
111947.5017660860 129356.5022836008
111801.2043154050 130297.4264759939
112950.6842850410 130631.9772999558
104068.3390651268 135252.9605559307
103608.5470772724 135482.9642474046

128938.9056808867 124610.0624686402
128040.2213409895 124902.7944396069
127664.0278963813 125111.8887045832
127350.5333592079 125320.9829695594
126995.2395504113 125467.3489550427
126660.8453774263 125634.6243670238
126012.9566672678 125718.2620730142
114079.2646188654 128143.7555467386
113661.2719026342 128311.0309587196
113076.0820999104 128415.5780912077
112720.7882911138 128520.1252236958
128165.6191558588 123585.5005702566
111863.9032228397 128708.3100621745
113159.6806431566 128771.0383416673
112678.9890194907 128812.8571946626
110986.1185187541 128854.6760476578
112219.1970316363 129210.1362981174
111278.7134201160 129293.7740041079
111947.5017660860 129356.5022836008
111801.2043154050 130297.4264759939
112950.6842850410 130631.9772999558
104068.3390651268 135252.9605559307
103608.5470772724 135482.9642474046

103608.5470772724 135482.9642474046
104068.3390651268 135252.9605559307
112950.6842850410 130631.9772999558
111801.2043154050 130297.4264759939
111947.5017660860 129356.5022836008
111278.7134201160 129293.7740041079
112219.1970316363 129210.1362981174
110986.1185187541 128854.6760476578
112678.9890194907 128812.8571946626
113159.6806431566 128771.0383416673
111863.9032228397 128708.3100621745
112240.0966674479 128582.8535031887
111675.8065005357 130527.4301674677
113076.0820999104 128415.5780912077
113661.2719026342 128311.0309587196
114079.2646188654 128143.7555467386
126012.9566672678 125718.2620730142
126660.8453774263 125634.6243670238
126995.2395504113 125467.3489550427
127350.5333592079 125320.9829695594
127664.0278963813 125111.8887045832
128040.2213409895 124902.7944396069
128938.9056808867 124610.0624686402

112219.1970316363 129210.1362981174
112093.7992167669 129147.4080186245
112595.3904762444 129105.5891656293
111404.1112349854 129042.8608861364
111801.2043154050 128980.1326066436
112365.4944823172 128980.1326066436
112971.5839208526 128980.1326066436
112344.5948465057 128938.3137536483
112260.9963032594 128896.4949006531
112156.4981242016 128854.6760476578
112678.9890194907 128812.8571946626
112616.2901120560 128791.9477681650
112574.4908404329 128771.0383416673
113159.6806431566 128771.0383416673
112010.2006735207 128750.1289151697
111362.3119633622 128729.2194886721
111863.9032228397 128708.3100621745
112428.1933897519 128687.4006356768
112365.4944823172 128645.5817826816
112720.7882911138 128520.1252236958
113076.0820999104 128415.5780912077
127204.2359085269 125446.4395285451
112804.3868343601 128561.9440766911

103608.5470772724 135482.9642474046
104068.3390651268 135252.9605559307
112950.6842850410 130631.9772999558
111801.2043154050 130297.4264759939
111947.5017660860 129356.5022836008
111278.7134201160 129293.7740041079
112219.1970316363 129210.1362981174
110986.1185187541 128854.6760476578
112678.9890194907 128812.8571946626
113159.6806431566 128771.0383416673
111863.9032228397 128708.3100621745
112240.0966674479 128582.8535031887
112720.7882911138 128520.1252236958
113076.0820999104 128415.5780912077
113661.2719026342 128311.0309587196
114079.2646188654 128143.7555467386
126012.9566672678 125718.2620730142
128938.9056808867 124610.0624686402
128040.2213409895 124902.7944396069
127664.0278963813 125111.8887045832
127350.5333592079 125320.9829695594
126995.2395504113 125467.3489550427
126660.8453774263 125634.6243670238

103608.5470772724 135482.9642474046
128938.9056808867 124610.0624686402
128040.2213409895 124902.7944396069
127664.0278963813 125111.8887045832
127350.5333592079 125320.9829695594
126995.2395504113 125467.3489550427
126660.8453774263 125634.6243670238
126012.9566672678 125718.2620730142
114079.2646188654 128143.7555467386
113661.2719026342 128311.0309587196
113076.0820999104 128415.5780912077
112720.7882911138 128520.1252236958
112240.0966674479 128582.8535031887
111863.9032228397 128708.3100621745
113159.6806431566 128771.0383416673
112678.9890194907 128812.8571946626
110986.1185187541 128854.6760476578
112950.6842850410 129021.9514596388
111968.4014018975 129063.7703126341
112595.3904762444 129105.5891656293
112219.1970316363 129210.1362981174
111216.0145126813 129293.7740041079
112553.5912046213 129732.8719605580

103608.5470772724 135482.9642474046
111947.5017660860 129356.5022836008
128040.2213409895 124902.7944396069
127664.0278963813 125111.8887045832
127350.5333592079 125320.9829695594
126995.2395504113 125467.3489550427
126660.8453774263 125634.6243670238
126012.9566672678 125718.2620730142
114810.7518722701 127851.0235757719
114037.4653472423 128081.0272672458
113159.6806431566 128269.2121057243
111341.4123275506 128352.8498117149
112156.4981242016 128520.1252236958
110651.7243457691 128520.1252236958
128228.3180632935 124651.8813216354
114580.8558783429 128771.0383416673
113159.6806431566 128771.0383416673
112678.9890194907 128812.8571946626
112511.7919329982 129063.7703126341
112219.1970316363 129210.1362981174
111278.7134201160 129293.7740041079
111801.2043154050 130297.4264759939
104068.3390651268 135252.9605559307

103608.5470772724 135482.9642474046
104068.3390651268 135252.9605559307
105343.2168496321 133977.4855395757
111801.2043154050 130297.4264759939
111947.5017660860 129356.5022836008
111278.7134201160 129293.7740041079
112219.1970316363 129210.1362981174
112595.3904762444 129105.5891656293
112950.6842850410 129021.9514596388
112720.7882911138 128520.1252236958
113076.0820999104 128415.5780912077
115124.2464094436 128394.6686647101
113661.2719026342 128311.0309587196
116022.9307493407 127892.8424287671
133474.1266519958 121557.2861999871
128040.2213409895 124902.7944396069
127664.0278963813 125111.8887045832
127350.5333592079 125320.9829695594
126995.2395504113 125467.3489550427
126660.8453774263 125634.6243670238
126012.9566672678 125718.2620730142
114810.7518722701 127851.0235757719
114037.4653472423 128081.0272672458

103608.5470772724 135482.9642474046
111947.5017660860 129356.5022836008
111216.0145126813 129293.7740041079
112219.1970316363 129210.1362981174
128040.2213409895 124902.7944396069
127664.0278963813 125111.8887045832
127350.5333592079 125320.9829695594
126995.2395504113 125467.3489550427
126660.8453774263 125634.6243670238
126012.9566672678 125718.2620730142
113661.2719026342 128311.0309587196
113076.0820999104 128415.5780912077
112720.7882911138 128520.1252236958
112240.0966674479 128582.8535031887
111863.9032228397 128708.3100621745
113159.6806431566 128771.0383416673
112678.9890194907 128812.8571946626
112031.1003093322 128812.8571946626
112365.4944823172 128980.1326066436
112950.6842850410 129021.9514596388
111404.1112349854 129042.8608861364
112511.7919329982 129063.7703126341
111968.4014018975 129063.7703126341

112219.1970316363 129210.1362981174
112093.7992167669 129147.4080186245
127496.8308098888 125070.0698515879
127350.5333592079 125320.9829695594
126995.2395504113 125467.3489550427
126660.8453774263 125634.6243670238
113222.3795505913 128185.5743997339
113222.3795505913 128499.2157971982
112867.0857417948 128582.8535031887
112365.4944823172 128645.5817826816
111863.9032228397 128708.3100621745
111362.3119633622 128729.2194886721
112616.2901120560 128750.1289151697
113159.6806431566 128771.0383416673
112678.9890194907 128812.8571946626
112031.1003093322 128812.8571946626
110986.1185187541 128854.6760476578
112365.4944823172 128980.1326066436
112950.6842850410 129021.9514596388
111404.1112349854 129042.8608861364
111968.4014018975 129063.7703126341
112595.3904762444 129105.5891656293
111216.0145126813 129293.7740041079

103608.5470772724 135482.9642474046
128040.2213409895 124902.7944396069
127664.0278963813 125111.8887045832
127350.5333592079 125320.9829695594
126995.2395504113 125467.3489550427
126660.8453774263 125634.6243670238
126012.9566672678 125718.2620730142
113661.2719026342 128311.0309587196
113076.0820999104 128415.5780912077
112720.7882911138 128520.1252236958
112240.0966674479 128582.8535031887
111863.9032228397 128708.3100621745
113159.6806431566 128771.0383416673
112678.9890194907 128812.8571946626
112031.1003093322 128812.8571946626
110986.1185187541 128854.6760476578
112365.4944823172 128980.1326066436
112950.6842850410 129021.9514596388
111404.1112349854 129042.8608861364
111968.4014018975 129063.7703126341
112595.3904762444 129105.5891656293
112219.1970316363 129210.1362981174
111216.0145126813 129293.7740041079

103608.5470772724 135482.9642474046
112093.7992167669 129147.4080186245
111968.4014018975 129063.7703126341
112511.7919329982 129063.7703126341
111404.1112349854 129042.8608861364
112950.6842850410 129021.9514596388
112365.4944823172 128980.1326066436
110338.2298085956 128854.6760476578
110986.1185187541 128854.6760476578
112031.1003093322 128812.8571946626
112678.9890194907 128812.8571946626
128040.2213409895 124902.7944396069
127664.0278963813 125111.8887045832
127350.5333592079 125320.9829695594
126995.2395504113 125467.3489550427
126660.8453774263 125634.6243670238
126012.9566672678 125718.2620730142
113661.2719026342 128311.0309587196
113076.0820999104 128415.5780912077
112720.7882911138 128520.1252236958
112240.0966674479 128582.8535031887
111863.9032228397 128708.3100621745
113159.6806431566 128771.0383416673

103608.5470772724 135482.9642474046
112093.7992167669 129147.4080186245
111968.4014018975 129063.7703126341
112511.7919329982 129063.7703126341
111404.1112349854 129042.8608861364
112950.6842850410 129021.9514596388
112365.4944823172 128980.1326066436
110338.2298085956 128854.6760476578
110986.1185187541 128854.6760476578
112031.1003093322 128812.8571946626
112678.9890194907 128812.8571946626
128040.2213409895 124902.7944396069
127664.0278963813 125111.8887045832
127350.5333592079 125320.9829695594
126995.2395504113 125467.3489550427
126660.8453774263 125634.6243670238
126012.9566672678 125718.2620730142
113661.2719026342 128311.0309587196
113076.0820999104 128415.5780912077
112720.7882911138 128520.1252236958
112846.1861059832 128582.8535031887
112240.0966674479 128582.8535031887
111863.9032228397 128708.3100621745

128040.2213409895 124902.7944396069
127664.0278963813 125111.8887045832
127350.5333592079 125320.9829695594
126995.2395504113 125467.3489550427
126660.8453774263 125634.6243670238
126012.9566672678 125718.2620730142
113661.2719026342 128311.0309587196
113076.0820999104 128415.5780912077
112720.7882911138 128520.1252236958
112846.1861059832 128582.8535031887
112240.0966674479 128582.8535031887
111863.9032228397 128708.3100621745
113159.6806431566 128771.0383416673
112678.9890194907 128812.8571946626
112031.1003093322 128812.8571946626
110986.1185187541 128854.6760476578
112365.4944823172 128980.1326066436
112950.6842850410 129021.9514596388
111968.4014018975 129063.7703126341
112595.3904762444 129105.5891656293
112219.1970316363 129210.1362981174
111216.0145126813 129293.7740041079
111947.5017660860 129356.5022836008

128040.2213409895 124902.7944396069
127664.0278963813 125111.8887045832
127350.5333592079 125320.9829695594
126995.2395504113 125467.3489550427
126660.8453774263 125634.6243670238
126012.9566672678 125718.2620730142
114079.2646188654 128143.7555467386
113661.2719026342 128311.0309587196
113076.0820999104 128415.5780912077
112595.3904762444 128478.3063707006
113410.4762728954 128561.9440766911
113159.6806431566 128771.0383416673
112678.9890194907 128812.8571946626
112031.1003093322 128812.8571946626
128458.2140572207 124777.3378806212
110338.2298085956 128854.6760476578
112950.6842850410 129021.9514596388
111404.1112349854 129042.8608861364
112511.7919329982 129063.7703126341
111968.4014018975 129063.7703126341
112093.7992167669 129147.4080186245
104068.3390651268 135252.9605559307
103608.5470772724 135482.9642474046

