120495.5396106913 135438.8940710075
120816.1445758993 135278.8144176791
120816.1445758993 134958.6551110224
121777.9594715235 126634.5131379478
121938.2619541275 126794.5927912761
121777.9594715235 126794.5927912761
121457.3545063154 126794.5927912761
121938.2619541275 126954.6724446045
121777.9594715235 126954.6724446045
121617.6569889195 126954.6724446045
121938.2619541275 127114.7520979328
121777.9594715235 127114.7520979328
121617.6569889195 127114.7520979328
121457.3545063154 127114.7520979328
121297.0520237114 127114.7520979328
121777.9594715235 127274.8317512612
121617.6569889195 127274.8317512612
121457.3545063154 127274.8317512612
121777.9594715235 127434.9114045895
121617.6569889195 127434.9114045895
121457.3545063154 127434.9114045895
121297.0520237114 127434.9114045895
121136.7495411074 127434.9114045895
121136.7495411074 127755.0707112463
120816.1445758993 127915.1503645746
117449.7924412148 131276.8230844702
117610.0949238188 131436.9027377985
117770.3974064228 131596.9823911269
117610.0949238188 131596.9823911269
117449.7924412148 131596.9823911269
117289.4899586107 131596.9823911269
117770.3974064228 131757.0620444552
117610.0949238188 131757.0620444552
117449.7924412148 131757.0620444552
117610.0949238188 131917.1416977836
117449.7924412148 131917.1416977836
117289.4899586107 131917.1416977836
117610.0949238188 132077.2213511119
117449.7924412148 132077.2213511119
117449.7924412148 132397.3806577687

120495.5396106913 135438.8940710075
120816.1445758993 135278.8144176791
120816.1445758993 134958.6551110224
117449.7924412148 132397.3806577687
117449.7924412148 132077.2213511119
117610.0949238188 132077.2213511119
117289.4899586107 131917.1416977836
117449.7924412148 131917.1416977836
117610.0949238188 131917.1416977836
117449.7924412148 131757.0620444552
117610.0949238188 131757.0620444552
117770.3974064228 131757.0620444552
117289.4899586107 131596.9823911269
117449.7924412148 131596.9823911269
117610.0949238188 131596.9823911269
117770.3974064228 131596.9823911269
129793.0836017248 119270.8490848433
121777.9594715235 126634.5131379478
121938.2619541275 126794.5927912761
121777.9594715235 126794.5927912761
121457.3545063154 126794.5927912761
121938.2619541275 126954.6724446045
121777.9594715235 126954.6724446045
121617.6569889195 126954.6724446045
121938.2619541275 127114.7520979328
121777.9594715235 127114.7520979328
121617.6569889195 127114.7520979328
121457.3545063154 127114.7520979328
121297.0520237114 127114.7520979328
121777.9594715235 127274.8317512612
121617.6569889195 127274.8317512612
121457.3545063154 127274.8317512612
121617.6569889195 127434.9114045895
121457.3545063154 127434.9114045895
121297.0520237114 127434.9114045895
121136.7495411074 127434.9114045895
121136.7495411074 127755.0707112463
120816.1445758993 127915.1503645746
117449.7924412148 131276.8230844702
117610.0949238188 131436.9027377985

120655.8420932953 135438.8940710075
120816.1445758993 135118.7347643508
117449.7924412148 132397.3806577687
117289.4899586107 132237.3010044403
121777.9594715235 126634.5131379478
121777.9594715235 126794.5927912761
121457.3545063154 126794.5927912761
121938.2619541275 126954.6724446045
121777.9594715235 126954.6724446045
121617.6569889195 126954.6724446045
121457.3545063154 126954.6724446045
121938.2619541275 127114.7520979328
121777.9594715235 127114.7520979328
121617.6569889195 127114.7520979328
121457.3545063154 127114.7520979328
121297.0520237114 127114.7520979328
121777.9594715235 127274.8317512612
121617.6569889195 127274.8317512612
121457.3545063154 127274.8317512612
121297.0520237114 127274.8317512612
121617.6569889195 127434.9114045895
121457.3545063154 127434.9114045895
121297.0520237114 127434.9114045895
121136.7495411074 127434.9114045895
121136.7495411074 127755.0707112463
120816.1445758993 127915.1503645746
117449.7924412148 131276.8230844702
117610.0949238188 131436.9027377985
117449.7924412148 131436.9027377985
117610.0949238188 131596.9823911269
117449.7924412148 131596.9823911269
117289.4899586107 131596.9823911269
117770.3974064228 131757.0620444552
117610.0949238188 131757.0620444552
117449.7924412148 131757.0620444552
117610.0949238188 131917.1416977836
117449.7924412148 131917.1416977836
117289.4899586107 131917.1416977836
117610.0949238188 132077.2213511119
117449.7924412148 132077.2213511119

120495.5396106913 135438.8940710075
120816.1445758993 135278.8144176791
120816.1445758993 134958.6551110224
129953.3860843289 118790.6101248582
129632.7811191208 119110.7694315149
129632.7811191208 119430.9287381716
129632.7811191208 119751.0880448284
129312.1761539127 119911.1676981567
128991.5711887047 120391.4066581418
128510.6637408926 120551.4863114702
128991.5711887047 121191.8049247836
130594.5960147450 123272.8404180522
130754.8984973490 124073.2386846940
126426.7314670403 125994.1945246343
121777.9594715235 126634.5131379478
122579.4718845436 126794.5927912761
121297.0520237114 126794.5927912761
121297.0520237114 127114.7520979328
120976.4470585034 127274.8317512612
121777.9594715235 127434.9114045895
120816.1445758993 127594.9910579179
121457.3545063154 127915.1503645746
121297.0520237114 128235.3096712314
120976.4470585034 128555.4689778881
120495.5396106913 128715.5486312164
133480.0407016175 130636.5044711567
133159.4357364094 130956.6637778134
117610.0949238188 130956.6637778134
117610.0949238188 131276.8230844702
125785.5215366242 123592.9997247090
117610.0949238188 131596.9823911269
117289.4899586107 131596.9823911269
117449.7924412148 132077.2213511119
117129.1874760067 132397.3806577687
123220.6818149597 132557.4603110970
117449.7924412148 132557.4603110970
117129.1874760067 132877.6196177537
123380.9842975638 133037.6992710821
123220.6818149597 133357.8585777388
122900.0768497517 133517.9382310671

120655.8420932953 135438.8940710075
120816.1445758993 135118.7347643508
117449.7924412148 132717.5399644254
117449.7924412148 132397.3806577687
117449.7924412148 132077.2213511119
117610.0949238188 132077.2213511119
117289.4899586107 131917.1416977836
117449.7924412148 131917.1416977836
117610.0949238188 131917.1416977836
117449.7924412148 131757.0620444552
117610.0949238188 131757.0620444552
117770.3974064228 131757.0620444552
117289.4899586107 131596.9823911269
117449.7924412148 131596.9823911269
117610.0949238188 131596.9823911269
117610.0949238188 131436.9027377985
117449.7924412148 131276.8230844702
117449.7924412148 130956.6637778134
129953.3860843289 118790.6101248582
129632.7811191208 119110.7694315149
129632.7811191208 119430.9287381716
129632.7811191208 119751.0880448284
129312.1761539127 119911.1676981567
122419.1694019396 126634.5131379478
121777.9594715235 126634.5131379478
121938.2619541275 126954.6724446045
121777.9594715235 126954.6724446045
121617.6569889195 126954.6724446045
121777.9594715235 127114.7520979328
121617.6569889195 127114.7520979328
121297.0520237114 127114.7520979328
121777.9594715235 127274.8317512612
121617.6569889195 127274.8317512612
121617.6569889195 127434.9114045895
121297.0520237114 127434.9114045895
121136.7495411074 127434.9114045895
121136.7495411074 127755.0707112463
120816.1445758993 127915.1503645746
120816.1445758993 128235.3096712314
120495.5396106913 128395.3893245597

120655.8420932953 135438.8940710075
120816.1445758993 135118.7347643508
129793.0836017248 118950.6897781866
129793.0836017248 119270.8490848433
129632.7811191208 119591.0083915000
122419.1694019396 126634.5131379478
121777.9594715235 126634.5131379478
121457.3545063154 126794.5927912761
121938.2619541275 126954.6724446045
121777.9594715235 126954.6724446045
121617.6569889195 126954.6724446045
121938.2619541275 127114.7520979328
121777.9594715235 127114.7520979328
121617.6569889195 127114.7520979328
121297.0520237114 127114.7520979328
121777.9594715235 127274.8317512612
121617.6569889195 127274.8317512612
121457.3545063154 127274.8317512612
121617.6569889195 127434.9114045895
121457.3545063154 127434.9114045895
121297.0520237114 127434.9114045895
121136.7495411074 127755.0707112463
120816.1445758993 127915.1503645746
120816.1445758993 128235.3096712314
117449.7924412148 130956.6637778134
117449.7924412148 131276.8230844702
117610.0949238188 131436.9027377985
117610.0949238188 131596.9823911269
117449.7924412148 131596.9823911269
117289.4899586107 131596.9823911269
117610.0949238188 131757.0620444552
117449.7924412148 131757.0620444552
117770.3974064228 131917.1416977836
117610.0949238188 131917.1416977836
117289.4899586107 131917.1416977836
117610.0949238188 132077.2213511119
117449.7924412148 132077.2213511119
117449.7924412148 132397.3806577687
117449.7924412148 132717.5399644254
123220.6818149597 133357.8585777388

120495.5396106913 135438.8940710075
120816.1445758993 135278.8144176791
120816.1445758993 134958.6551110224
129953.3860843289 118790.6101248582
129632.7811191208 119110.7694315149
129632.7811191208 119430.9287381716
129632.7811191208 119751.0880448284
129312.1761539127 119911.1676981567
129312.1761539127 120231.3270048134
122419.1694019396 126634.5131379478
121777.9594715235 126634.5131379478
121938.2619541275 126954.6724446045
121617.6569889195 126954.6724446045
121777.9594715235 127114.7520979328
121617.6569889195 127114.7520979328
121297.0520237114 127114.7520979328
121777.9594715235 127274.8317512612
121617.6569889195 127274.8317512612
121457.3545063154 127434.9114045895
121297.0520237114 127434.9114045895
121136.7495411074 127755.0707112463
120816.1445758993 127915.1503645746
120816.1445758993 128235.3096712314
120495.5396106913 128395.3893245597
133480.0407016175 130636.5044711567
117449.7924412148 130956.6637778134
117449.7924412148 131276.8230844702
117610.0949238188 131436.9027377985
117610.0949238188 131596.9823911269
117449.7924412148 131596.9823911269
117289.4899586107 131596.9823911269
117610.0949238188 131757.0620444552
117610.0949238188 131917.1416977836
117449.7924412148 131917.1416977836
117289.4899586107 131917.1416977836
117610.0949238188 132077.2213511119
117449.7924412148 132237.3010044403
117449.7924412148 132557.4603110970
123380.9842975638 133037.6992710821
123220.6818149597 133357.8585777388

120655.8420932953 135438.8940710075
121777.9594715235 126634.5131379478
121938.2619541275 126794.5927912761
121777.9594715235 126794.5927912761
121457.3545063154 126794.5927912761
121938.2619541275 126954.6724446045
121777.9594715235 126954.6724446045
121617.6569889195 126954.6724446045
121457.3545063154 126954.6724446045
121938.2619541275 127114.7520979328
121777.9594715235 127114.7520979328
121617.6569889195 127114.7520979328
121457.3545063154 127114.7520979328
121297.0520237114 127114.7520979328
121777.9594715235 127274.8317512612
121617.6569889195 127274.8317512612
121457.3545063154 127274.8317512612
121297.0520237114 127274.8317512612
121617.6569889195 127434.9114045895
121457.3545063154 127434.9114045895
121297.0520237114 127434.9114045895
121136.7495411074 127434.9114045895
121136.7495411074 127755.0707112463
117449.7924412148 131276.8230844702
117610.0949238188 131436.9027377985
117449.7924412148 131436.9027377985
117770.3974064228 131596.9823911269
117610.0949238188 131596.9823911269
117449.7924412148 131596.9823911269
117289.4899586107 131596.9823911269
117770.3974064228 131757.0620444552
117610.0949238188 131757.0620444552
117449.7924412148 131757.0620444552
117289.4899586107 131757.0620444552
117770.3974064228 131917.1416977836
117610.0949238188 131917.1416977836
117449.7924412148 131917.1416977836
117289.4899586107 131917.1416977836
117610.0949238188 132077.2213511119
117449.7924412148 132077.2213511119

120495.5396106913 135438.8940710075
120816.1445758993 135278.8144176791
120816.1445758993 134958.6551110224
123220.6818149597 133357.8585777388
123380.9842975638 133037.6992710821
117449.7924412148 132557.4603110970
117449.7924412148 132237.3010044403
117449.7924412148 131917.1416977836
117610.0949238188 131917.1416977836
117610.0949238188 131757.0620444552
117449.7924412148 131596.9823911269
117610.0949238188 131596.9823911269
117610.0949238188 131436.9027377985
117449.7924412148 131276.8230844702
117610.0949238188 131276.8230844702
117610.0949238188 130956.6637778134
133480.0407016175 130636.5044711567
120495.5396106913 128395.3893245597
120816.1445758993 128235.3096712314
120816.1445758993 127915.1503645746
121136.7495411074 127755.0707112463
121297.0520237114 127434.9114045895
121457.3545063154 127434.9114045895
121617.6569889195 127274.8317512612
121777.9594715235 127274.8317512612
121297.0520237114 127114.7520979328
121617.6569889195 127114.7520979328
121777.9594715235 127114.7520979328
121617.6569889195 126954.6724446045
121938.2619541275 126794.5927912761
121777.9594715235 126634.5131379478
122419.1694019396 126634.5131379478
129953.3860843289 118790.6101248582
129632.7811191208 119110.7694315149
129632.7811191208 119430.9287381716
129632.7811191208 119751.0880448284
129312.1761539127 119911.1676981567
129312.1761539127 120231.3270048134
126266.4289844362 125994.1945246343
121938.2619541275 126954.6724446045

120495.5396106913 135438.8940710075
120816.1445758993 135278.8144176791
120816.1445758993 134958.6551110224
122900.0768497517 133517.9382310671
123220.6818149597 133357.8585777388
129953.3860843289 118790.6101248582
129632.7811191208 119110.7694315149
129632.7811191208 119430.9287381716
129632.7811191208 119751.0880448284
129312.1761539127 119911.1676981567
129312.1761539127 120231.3270048134
126266.4289844362 125994.1945246343
126266.4289844362 126474.4334846194
122419.1694019396 126634.5131379478
132678.5282885973 131596.9823911269
121938.2619541275 126794.5927912761
121617.6569889195 126954.6724446045
121777.9594715235 127114.7520979328
121617.6569889195 127114.7520979328
121297.0520237114 127114.7520979328
121617.6569889195 127434.9114045895
121297.0520237114 127434.9114045895
120976.4470585034 127594.9910579179
120816.1445758993 127915.1503645746
120816.1445758993 128235.3096712314
120495.5396106913 128555.4689778881
133480.0407016175 130636.5044711567
133159.4357364094 130956.6637778134
117610.0949238188 130956.6637778134
117610.0949238188 131276.8230844702
117449.7924412148 131276.8230844702
117770.3974064228 131596.9823911269
117610.0949238188 131596.9823911269
117289.4899586107 131596.9823911269
132999.1332538054 132077.2213511119
117449.7924412148 132077.2213511119
117129.1874760067 132397.3806577687
123220.6818149597 132557.4603110970
117449.7924412148 132557.4603110970
123380.9842975638 133037.6992710821

117449.7924412148 132717.5399644254
120816.1445758993 135118.7347643508
121777.9594715235 126634.5131379478
121938.2619541275 126794.5927912761
121777.9594715235 126794.5927912761
121457.3545063154 126794.5927912761
121938.2619541275 126954.6724446045
121777.9594715235 126954.6724446045
121617.6569889195 126954.6724446045
121457.3545063154 126954.6724446045
121938.2619541275 127114.7520979328
121777.9594715235 127114.7520979328
121617.6569889195 127114.7520979328
121457.3545063154 127114.7520979328
121297.0520237114 127114.7520979328
121777.9594715235 127274.8317512612
121617.6569889195 127274.8317512612
121457.3545063154 127274.8317512612
121297.0520237114 127274.8317512612
121617.6569889195 127434.9114045895
121457.3545063154 127434.9114045895
121297.0520237114 127434.9114045895
121136.7495411074 127434.9114045895
121136.7495411074 127755.0707112463
117449.7924412148 131276.8230844702
117610.0949238188 131436.9027377985
117449.7924412148 131436.9027377985
117770.3974064228 131596.9823911269
117610.0949238188 131596.9823911269
117449.7924412148 131596.9823911269
117289.4899586107 131596.9823911269
117770.3974064228 131757.0620444552
117610.0949238188 131757.0620444552
117449.7924412148 131757.0620444552
117610.0949238188 131917.1416977836
117449.7924412148 131917.1416977836
117289.4899586107 131917.1416977836
117610.0949238188 132077.2213511119
117449.7924412148 132077.2213511119
117449.7924412148 132397.3806577687

120495.5396106913 135438.8940710075
120816.1445758993 135278.8144176791
120816.1445758993 134958.6551110224
117449.7924412148 132717.5399644254
117449.7924412148 132397.3806577687
117449.7924412148 132077.2213511119
117610.0949238188 132077.2213511119
117289.4899586107 131917.1416977836
117449.7924412148 131917.1416977836
117610.0949238188 131917.1416977836
117449.7924412148 131757.0620444552
117610.0949238188 131757.0620444552
117289.4899586107 131596.9823911269
117449.7924412148 131596.9823911269
117610.0949238188 131596.9823911269
117610.0949238188 131436.9027377985
117449.7924412148 131276.8230844702
117449.7924412148 130956.6637778134
120495.5396106913 128395.3893245597
120816.1445758993 128235.3096712314
120816.1445758993 127915.1503645746
121136.7495411074 127755.0707112463
121136.7495411074 127434.9114045895
121297.0520237114 127434.9114045895
121617.6569889195 127434.9114045895
121617.6569889195 127274.8317512612
121777.9594715235 127274.8317512612
121297.0520237114 127114.7520979328
121617.6569889195 127114.7520979328
121777.9594715235 127114.7520979328
129953.3860843289 118790.6101248582
129632.7811191208 119110.7694315149
129632.7811191208 119430.9287381716
129632.7811191208 119751.0880448284
129312.1761539127 119911.1676981567
129312.1761539127 120231.3270048134
122419.1694019396 126634.5131379478
121938.2619541275 126794.5927912761
121938.2619541275 126954.6724446045
121617.6569889195 126954.6724446045

120495.5396106913 135438.8940710075
120816.1445758993 135278.8144176791
120816.1445758993 134958.6551110224
122900.0768497517 133517.9382310671
123220.6818149597 133357.8585777388
123380.9842975638 133037.6992710821
117449.7924412148 132557.4603110970
117449.7924412148 132237.3010044403
117449.7924412148 131917.1416977836
117610.0949238188 131917.1416977836
117610.0949238188 131757.0620444552
117449.7924412148 131596.9823911269
117610.0949238188 131596.9823911269
117610.0949238188 131436.9027377985
129953.3860843289 118790.6101248582
129632.7811191208 119110.7694315149
129632.7811191208 119430.9287381716
129632.7811191208 119751.0880448284
129312.1761539127 119911.1676981567
129312.1761539127 120231.3270048134
126266.4289844362 125994.1945246343
126266.4289844362 126474.4334846194
122419.1694019396 126634.5131379478
121777.9594715235 126634.5131379478
121938.2619541275 126794.5927912761
121617.6569889195 126954.6724446045
121777.9594715235 127114.7520979328
121617.6569889195 127114.7520979328
121297.0520237114 127114.7520979328
121617.6569889195 127434.9114045895
121297.0520237114 127434.9114045895
120976.4470585034 127594.9910579179
120816.1445758993 127915.1503645746
120816.1445758993 128235.3096712314
120495.5396106913 128555.4689778881
133480.0407016175 130636.5044711567
133159.4357364094 130956.6637778134
117610.0949238188 130956.6637778134
117610.0949238188 131276.8230844702
117449.7924412148 131276.8230844702

120655.8420932953 135438.8940710075
120816.1445758993 135118.7347643508
123220.6818149597 133357.8585777388
117449.7924412148 132717.5399644254
117449.7924412148 132397.3806577687
117449.7924412148 132077.2213511119
117610.0949238188 132077.2213511119
117289.4899586107 131917.1416977836
117610.0949238188 131917.1416977836
117770.3974064228 131917.1416977836
129793.0836017248 118950.6897781866
129793.0836017248 119270.8490848433
129632.7811191208 119591.0083915000
121777.9594715235 126634.5131379478
121777.9594715235 126794.5927912761
121457.3545063154 126794.5927912761
121938.2619541275 126954.6724446045
121777.9594715235 126954.6724446045
121617.6569889195 126954.6724446045
121938.2619541275 127114.7520979328
121777.9594715235 127114.7520979328
121617.6569889195 127114.7520979328
121457.3545063154 127114.7520979328
121297.0520237114 127114.7520979328
121777.9594715235 127274.8317512612
121617.6569889195 127274.8317512612
121617.6569889195 127434.9114045895
121457.3545063154 127434.9114045895
121297.0520237114 127434.9114045895
121136.7495411074 127755.0707112463
120816.1445758993 127915.1503645746
120816.1445758993 128235.3096712314
117449.7924412148 130956.6637778134
117449.7924412148 131276.8230844702
117610.0949238188 131436.9027377985
117610.0949238188 131596.9823911269
117449.7924412148 131596.9823911269
117289.4899586107 131596.9823911269
117610.0949238188 131757.0620444552
117449.7924412148 131757.0620444552

120495.5396106913 135438.8940710075
120816.1445758993 135278.8144176791
120816.1445758993 134958.6551110224
122900.0768497517 133517.9382310671
123220.6818149597 133357.8585777388
123380.9842975638 133037.6992710821
117129.1874760067 132877.6196177537
117449.7924412148 132557.4603110970
123220.6818149597 132557.4603110970
117129.1874760067 132397.3806577687
117449.7924412148 132077.2213511119
117289.4899586107 131596.9823911269
117610.0949238188 131596.9823911269
117449.7924412148 131276.8230844702
117610.0949238188 131276.8230844702
129953.3860843289 118790.6101248582
129632.7811191208 119110.7694315149
129632.7811191208 119430.9287381716
129632.7811191208 119751.0880448284
129312.1761539127 119911.1676981567
129312.1761539127 120231.3270048134
126266.4289844362 125994.1945246343
126266.4289844362 126474.4334846194
122419.1694019396 126634.5131379478
121777.9594715235 126634.5131379478
121938.2619541275 126794.5927912761
121617.6569889195 126954.6724446045
121777.9594715235 127114.7520979328
121617.6569889195 127114.7520979328
121297.0520237114 127114.7520979328
121617.6569889195 127434.9114045895
121297.0520237114 127434.9114045895
120976.4470585034 127594.9910579179
120816.1445758993 127915.1503645746
120816.1445758993 128235.3096712314
120495.5396106913 128555.4689778881
133480.0407016175 130636.5044711567
133159.4357364094 130956.6637778134
117610.0949238188 130956.6637778134
117770.3974064228 131596.9823911269

120655.8420932953 135438.8940710075
120816.1445758993 135118.7347643508
117449.7924412148 132717.5399644254
117449.7924412148 132397.3806577687
129793.0836017248 119270.8490848433
121777.9594715235 126634.5131379478
121938.2619541275 126794.5927912761
121777.9594715235 126794.5927912761
121457.3545063154 126794.5927912761
121938.2619541275 126954.6724446045
121777.9594715235 126954.6724446045
121617.6569889195 126954.6724446045
121938.2619541275 127114.7520979328
121777.9594715235 127114.7520979328
121617.6569889195 127114.7520979328
121457.3545063154 127114.7520979328
121297.0520237114 127114.7520979328
121777.9594715235 127274.8317512612
121617.6569889195 127274.8317512612
121457.3545063154 127274.8317512612
121617.6569889195 127434.9114045895
121457.3545063154 127434.9114045895
121297.0520237114 127434.9114045895
121136.7495411074 127434.9114045895
121136.7495411074 127755.0707112463
120816.1445758993 127915.1503645746
117449.7924412148 131276.8230844702
117610.0949238188 131436.9027377985
117770.3974064228 131596.9823911269
117610.0949238188 131596.9823911269
117449.7924412148 131596.9823911269
117289.4899586107 131596.9823911269
117770.3974064228 131757.0620444552
117610.0949238188 131757.0620444552
117449.7924412148 131757.0620444552
117610.0949238188 131917.1416977836
117449.7924412148 131917.1416977836
117289.4899586107 131917.1416977836
117610.0949238188 132077.2213511119
117449.7924412148 132077.2213511119

120495.5396106913 135438.8940710075
120816.1445758993 135278.8144176791
120816.1445758993 134958.6551110224
117449.7924412148 132397.3806577687
117449.7924412148 132077.2213511119
117610.0949238188 132077.2213511119
117289.4899586107 131917.1416977836
117449.7924412148 131917.1416977836
117610.0949238188 131917.1416977836
117449.7924412148 131757.0620444552
117610.0949238188 131757.0620444552
117770.3974064228 131757.0620444552
117289.4899586107 131596.9823911269
117449.7924412148 131596.9823911269
117610.0949238188 131596.9823911269
117770.3974064228 131596.9823911269
117610.0949238188 131436.9027377985
117449.7924412148 131276.8230844702
129793.0836017248 118950.6897781866
129793.0836017248 119270.8490848433
129632.7811191208 119591.0083915000
121777.9594715235 126634.5131379478
121777.9594715235 126794.5927912761
121457.3545063154 126794.5927912761
121938.2619541275 126954.6724446045
121777.9594715235 126954.6724446045
121617.6569889195 126954.6724446045
121938.2619541275 127114.7520979328
121777.9594715235 127114.7520979328
121617.6569889195 127114.7520979328
121457.3545063154 127114.7520979328
121297.0520237114 127114.7520979328
121777.9594715235 127274.8317512612
121617.6569889195 127274.8317512612
121457.3545063154 127274.8317512612
121617.6569889195 127434.9114045895
121457.3545063154 127434.9114045895
121297.0520237114 127434.9114045895
121136.7495411074 127755.0707112463
120816.1445758993 127915.1503645746

120655.8420932953 135438.8940710075
120816.1445758993 135118.7347643508
123220.6818149597 133357.8585777388
117449.7924412148 132717.5399644254
117449.7924412148 132397.3806577687
117449.7924412148 132077.2213511119
117610.0949238188 132077.2213511119
117289.4899586107 131917.1416977836
117610.0949238188 131917.1416977836
117770.3974064228 131917.1416977836
117449.7924412148 131757.0620444552
117610.0949238188 131757.0620444552
117289.4899586107 131596.9823911269
117449.7924412148 131596.9823911269
117610.0949238188 131596.9823911269
129953.3860843289 118790.6101248582
129632.7811191208 119110.7694315149
129632.7811191208 119430.9287381716
129632.7811191208 119751.0880448284
122419.1694019396 126634.5131379478
121777.9594715235 126634.5131379478
121938.2619541275 126954.6724446045
121777.9594715235 126954.6724446045
121617.6569889195 126954.6724446045
121938.2619541275 127114.7520979328
121777.9594715235 127114.7520979328
121617.6569889195 127114.7520979328
121297.0520237114 127114.7520979328
121777.9594715235 127274.8317512612
121617.6569889195 127274.8317512612
121457.3545063154 127274.8317512612
121617.6569889195 127434.9114045895
121457.3545063154 127434.9114045895
121297.0520237114 127434.9114045895
121136.7495411074 127755.0707112463
120816.1445758993 127915.1503645746
120816.1445758993 128235.3096712314
117449.7924412148 130956.6637778134
117449.7924412148 131276.8230844702
117610.0949238188 131436.9027377985

120655.8420932953 135438.8940710075
120816.1445758993 135118.7347643508
123220.6818149597 133357.8585777388
117449.7924412148 132717.5399644254
117449.7924412148 132397.3806577687
117449.7924412148 132077.2213511119
117610.0949238188 132077.2213511119
117289.4899586107 131917.1416977836
117610.0949238188 131917.1416977836
117770.3974064228 131917.1416977836
129953.3860843289 118790.6101248582
129632.7811191208 119110.7694315149
129632.7811191208 119430.9287381716
129632.7811191208 119751.0880448284
129312.1761539127 119911.1676981567
122419.1694019396 126634.5131379478
121777.9594715235 126634.5131379478
121938.2619541275 126954.6724446045
121777.9594715235 126954.6724446045
121617.6569889195 126954.6724446045
121777.9594715235 127114.7520979328
121617.6569889195 127114.7520979328
121297.0520237114 127114.7520979328
121777.9594715235 127274.8317512612
121617.6569889195 127274.8317512612
121457.3545063154 127274.8317512612
121617.6569889195 127434.9114045895
121457.3545063154 127434.9114045895
121297.0520237114 127434.9114045895
121136.7495411074 127755.0707112463
120816.1445758993 127915.1503645746
120816.1445758993 128235.3096712314
117449.7924412148 130956.6637778134
117449.7924412148 131276.8230844702
117610.0949238188 131436.9027377985
117610.0949238188 131596.9823911269
117449.7924412148 131596.9823911269
117289.4899586107 131596.9823911269
117610.0949238188 131757.0620444552
117449.7924412148 131757.0620444552

120655.8420932953 135438.8940710075
120816.1445758993 135118.7347643508
123220.6818149597 133357.8585777388
117449.7924412148 132717.5399644254
129953.3860843289 118790.6101248582
129632.7811191208 119110.7694315149
129632.7811191208 119430.9287381716
129632.7811191208 119751.0880448284
129312.1761539127 119911.1676981567
122419.1694019396 126634.5131379478
121777.9594715235 126634.5131379478
121938.2619541275 126954.6724446045
121777.9594715235 126954.6724446045
121617.6569889195 126954.6724446045
121777.9594715235 127114.7520979328
121617.6569889195 127114.7520979328
121297.0520237114 127114.7520979328
121777.9594715235 127274.8317512612
121617.6569889195 127274.8317512612
121617.6569889195 127434.9114045895
121297.0520237114 127434.9114045895
121136.7495411074 127434.9114045895
121136.7495411074 127755.0707112463
120816.1445758993 127915.1503645746
120816.1445758993 128235.3096712314
120495.5396106913 128395.3893245597
117449.7924412148 130956.6637778134
117449.7924412148 131276.8230844702
117610.0949238188 131436.9027377985
117610.0949238188 131596.9823911269
117449.7924412148 131596.9823911269
117289.4899586107 131596.9823911269
117610.0949238188 131757.0620444552
117449.7924412148 131757.0620444552
117610.0949238188 131917.1416977836
117449.7924412148 131917.1416977836
117289.4899586107 131917.1416977836
117610.0949238188 132077.2213511119
117449.7924412148 132077.2213511119
117449.7924412148 132397.3806577687

120655.8420932953 135438.8940710075
120816.1445758993 135118.7347643508
117449.7924412148 132717.5399644254
129793.0836017248 118950.6897781866
129793.0836017248 119270.8490848433
129632.7811191208 119591.0083915000
121777.9594715235 126634.5131379478
121777.9594715235 126794.5927912761
121457.3545063154 126794.5927912761
121938.2619541275 126954.6724446045
121777.9594715235 126954.6724446045
121617.6569889195 126954.6724446045
121938.2619541275 127114.7520979328
121777.9594715235 127114.7520979328
121617.6569889195 127114.7520979328
121457.3545063154 127114.7520979328
121297.0520237114 127114.7520979328
121777.9594715235 127274.8317512612
121617.6569889195 127274.8317512612
121457.3545063154 127274.8317512612
121617.6569889195 127434.9114045895
121457.3545063154 127434.9114045895
121297.0520237114 127434.9114045895
121136.7495411074 127755.0707112463
120816.1445758993 127915.1503645746
117449.7924412148 131276.8230844702
117610.0949238188 131436.9027377985
117449.7924412148 131436.9027377985
117610.0949238188 131596.9823911269
117449.7924412148 131596.9823911269
117289.4899586107 131596.9823911269
117770.3974064228 131757.0620444552
117610.0949238188 131757.0620444552
117449.7924412148 131757.0620444552
117610.0949238188 131917.1416977836
117449.7924412148 131917.1416977836
117289.4899586107 131917.1416977836
117610.0949238188 132077.2213511119
117449.7924412148 132077.2213511119
117449.7924412148 132397.3806577687

120655.8420932953 135438.8940710075
120816.1445758993 135118.7347643508
117449.7924412148 132717.5399644254
117449.7924412148 132397.3806577687
129793.0836017248 118950.6897781866
129793.0836017248 119270.8490848433
121777.9594715235 126634.5131379478
121777.9594715235 126794.5927912761
121457.3545063154 126794.5927912761
121938.2619541275 126954.6724446045
121777.9594715235 126954.6724446045
121617.6569889195 126954.6724446045
121938.2619541275 127114.7520979328
121777.9594715235 127114.7520979328
121617.6569889195 127114.7520979328
121457.3545063154 127114.7520979328
121297.0520237114 127114.7520979328
121777.9594715235 127274.8317512612
121617.6569889195 127274.8317512612
121457.3545063154 127274.8317512612
121617.6569889195 127434.9114045895
121457.3545063154 127434.9114045895
121297.0520237114 127434.9114045895
121136.7495411074 127434.9114045895
121136.7495411074 127755.0707112463
120816.1445758993 127915.1503645746
117449.7924412148 131276.8230844702
117610.0949238188 131436.9027377985
117770.3974064228 131596.9823911269
117610.0949238188 131596.9823911269
117449.7924412148 131596.9823911269
117289.4899586107 131596.9823911269
117770.3974064228 131757.0620444552
117610.0949238188 131757.0620444552
117449.7924412148 131757.0620444552
117610.0949238188 131917.1416977836
117449.7924412148 131917.1416977836
117289.4899586107 131917.1416977836
117610.0949238188 132077.2213511119
117449.7924412148 132077.2213511119

120495.5396106913 135438.8940710075
120816.1445758993 135278.8144176791
120816.1445758993 134958.6551110224
129953.3860843289 118790.6101248582
129632.7811191208 119110.7694315149
129632.7811191208 119430.9287381716
129632.7811191208 119751.0880448284
129312.1761539127 119911.1676981567
122419.1694019396 126634.5131379478
121777.9594715235 126634.5131379478
121938.2619541275 126954.6724446045
121777.9594715235 126954.6724446045
121617.6569889195 126954.6724446045
121777.9594715235 127114.7520979328
121617.6569889195 127114.7520979328
121297.0520237114 127114.7520979328
121777.9594715235 127274.8317512612
121617.6569889195 127274.8317512612
121617.6569889195 127434.9114045895
121136.7495411074 127434.9114045895
121297.0520237114 127434.9114045895
121136.7495411074 127755.0707112463
120816.1445758993 127915.1503645746
120816.1445758993 128235.3096712314
120495.5396106913 128395.3893245597
117449.7924412148 130956.6637778134
117449.7924412148 131276.8230844702
117610.0949238188 131436.9027377985
117610.0949238188 131596.9823911269
117449.7924412148 131596.9823911269
117289.4899586107 131596.9823911269
117610.0949238188 131757.0620444552
117449.7924412148 131757.0620444552
117610.0949238188 131917.1416977836
117449.7924412148 131917.1416977836
117289.4899586107 131917.1416977836
117610.0949238188 132077.2213511119
117449.7924412148 132077.2213511119
117449.7924412148 132397.3806577687
117449.7924412148 132717.5399644254

129953.3860843289 118790.6101248582
129632.7811191208 119110.7694315149
129632.7811191208 119430.9287381716
129632.7811191208 119751.0880448284
129312.1761539127 119911.1676981567
128991.5711887047 120391.4066581418
128510.6637408926 120551.4863114702
128991.5711887047 121191.8049247836
130594.5960147450 123272.8404180522
130754.8984973490 124073.2386846940
126426.7314670403 125994.1945246343
121777.9594715235 126634.5131379478
122579.4718845436 126794.5927912761
121297.0520237114 126794.5927912761
121297.0520237114 127114.7520979328
120976.4470585034 127274.8317512612
121777.9594715235 127434.9114045895
120816.1445758993 127594.9910579179
121457.3545063154 127915.1503645746
121297.0520237114 128235.3096712314
120976.4470585034 128555.4689778881
120495.5396106913 128715.5486312164
133480.0407016175 130636.5044711567
133159.4357364094 130956.6637778134
117610.0949238188 130956.6637778134
117610.0949238188 131276.8230844702
117449.7924412148 131276.8230844702
117610.0949238188 131596.9823911269
117289.4899586107 131596.9823911269
117449.7924412148 132077.2213511119
117129.1874760067 132397.3806577687
123220.6818149597 132557.4603110970
117449.7924412148 132557.4603110970
117129.1874760067 132877.6196177537
123380.9842975638 133037.6992710821
123220.6818149597 133357.8585777388
122900.0768497517 133517.9382310671
120816.1445758993 134958.6551110224
120816.1445758993 135278.8144176791
120495.5396106913 135438.8940710075

120816.1445758993 135118.7347643508
117449.7924412148 132397.3806577687
121777.9594715235 126794.5927912761
121617.6569889195 126794.5927912761
121457.3545063154 126794.5927912761
121938.2619541275 126954.6724446045
121777.9594715235 126954.6724446045
121617.6569889195 126954.6724446045
121457.3545063154 126954.6724446045
121938.2619541275 127114.7520979328
121777.9594715235 127114.7520979328
121617.6569889195 127114.7520979328
121457.3545063154 127114.7520979328
121297.0520237114 127114.7520979328
121777.9594715235 127274.8317512612
121617.6569889195 127274.8317512612
121457.3545063154 127274.8317512612
121297.0520237114 127274.8317512612
121617.6569889195 127434.9114045895
121457.3545063154 127434.9114045895
121297.0520237114 127434.9114045895
121136.7495411074 127434.9114045895
121297.0520237114 127594.9910579179
117449.7924412148 131276.8230844702
117610.0949238188 131436.9027377985
117449.7924412148 131436.9027377985
117770.3974064228 131596.9823911269
117610.0949238188 131596.9823911269
117449.7924412148 131596.9823911269
117289.4899586107 131596.9823911269
117770.3974064228 131757.0620444552
117610.0949238188 131757.0620444552
117449.7924412148 131757.0620444552
117289.4899586107 131757.0620444552
117770.3974064228 131917.1416977836
117610.0949238188 131917.1416977836
117449.7924412148 131917.1416977836
117289.4899586107 131917.1416977836
117610.0949238188 132077.2213511119
117449.7924412148 132077.2213511119

120655.8420932953 135438.8940710075
120816.1445758993 135118.7347643508
117449.7924412148 132717.5399644254
117449.7924412148 132397.3806577687
117449.7924412148 132077.2213511119
117610.0949238188 132077.2213511119
117289.4899586107 131917.1416977836
128991.5711887047 120391.4066581418
117610.0949238188 131917.1416977836
117449.7924412148 131757.0620444552
117610.0949238188 131757.0620444552
117770.3974064228 131757.0620444552
117289.4899586107 131596.9823911269
117449.7924412148 131596.9823911269
117610.0949238188 131596.9823911269
117610.0949238188 131436.9027377985
117449.7924412148 131276.8230844702
117449.7924412148 130956.6637778134
120495.5396106913 128395.3893245597
120816.1445758993 128235.3096712314
120816.1445758993 127915.1503645746
121136.7495411074 127755.0707112463
121297.0520237114 127434.9114045895
121457.3545063154 127434.9114045895
121617.6569889195 127434.9114045895
121617.6569889195 127274.8317512612
121777.9594715235 127274.8317512612
121297.0520237114 127114.7520979328
121617.6569889195 127114.7520979328
121777.9594715235 127114.7520979328
121617.6569889195 126954.6724446045
121777.9594715235 126954.6724446045
121938.2619541275 126954.6724446045
121777.9594715235 126634.5131379478
122419.1694019396 126634.5131379478
129953.3860843289 118790.6101248582
129632.7811191208 119110.7694315149
129632.7811191208 119430.9287381716
129632.7811191208 119751.0880448284
129312.1761539127 119911.1676981567

120655.8420932953 135438.8940710075
120816.1445758993 135118.7347643508
117449.7924412148 132717.5399644254
117449.7924412148 132397.3806577687
117449.7924412148 132077.2213511119
117610.0949238188 132077.2213511119
117289.4899586107 131917.1416977836
117449.7924412148 131917.1416977836
117610.0949238188 131917.1416977836
117770.3974064228 131917.1416977836
117449.7924412148 131757.0620444552
117610.0949238188 131757.0620444552
117770.3974064228 131757.0620444552
117289.4899586107 131596.9823911269
117449.7924412148 131596.9823911269
117610.0949238188 131596.9823911269
117610.0949238188 131436.9027377985
117449.7924412148 131276.8230844702
120816.1445758993 127915.1503645746
121136.7495411074 127755.0707112463
121297.0520237114 127755.0707112463
121297.0520237114 127434.9114045895
121457.3545063154 127434.9114045895
121617.6569889195 127434.9114045895
121457.3545063154 127274.8317512612
121617.6569889195 127274.8317512612
121777.9594715235 127274.8317512612
121297.0520237114 127114.7520979328
121457.3545063154 127114.7520979328
121617.6569889195 127114.7520979328
121777.9594715235 127114.7520979328
121938.2619541275 127114.7520979328
121617.6569889195 126954.6724446045
121777.9594715235 126954.6724446045
121938.2619541275 126954.6724446045
121457.3545063154 126794.5927912761
121777.9594715235 126634.5131379478
129793.0836017248 118950.6897781866
129793.0836017248 119270.8490848433
121777.9594715235 126794.5927912761

120655.8420932953 135438.8940710075
120816.1445758993 135118.7347643508
129953.3860843289 118790.6101248582
129632.7811191208 119110.7694315149
129632.7811191208 119430.9287381716
129632.7811191208 119751.0880448284
129312.1761539127 119911.1676981567
122419.1694019396 126634.5131379478
121777.9594715235 126634.5131379478
121938.2619541275 126954.6724446045
121777.9594715235 126954.6724446045
121617.6569889195 126954.6724446045
121777.9594715235 127114.7520979328
121617.6569889195 127114.7520979328
121297.0520237114 127114.7520979328
121777.9594715235 127274.8317512612
121617.6569889195 127274.8317512612
121617.6569889195 127434.9114045895
121457.3545063154 127434.9114045895
121297.0520237114 127434.9114045895
121136.7495411074 127755.0707112463
120816.1445758993 127915.1503645746
120816.1445758993 128235.3096712314
120495.5396106913 128395.3893245597
117449.7924412148 130956.6637778134
117449.7924412148 131276.8230844702
117610.0949238188 131436.9027377985
117610.0949238188 131596.9823911269
117449.7924412148 131596.9823911269
117289.4899586107 131596.9823911269
117770.3974064228 131757.0620444552
117610.0949238188 131757.0620444552
117449.7924412148 131757.0620444552
117610.0949238188 131917.1416977836
117449.7924412148 131917.1416977836
117289.4899586107 131917.1416977836
117610.0949238188 132077.2213511119
117449.7924412148 132077.2213511119
117449.7924412148 132397.3806577687
117449.7924412148 132717.5399644254

120495.5396106913 135438.8940710075
120816.1445758993 135278.8144176791
120816.1445758993 134958.6551110224
129953.3860843289 118790.6101248582
129632.7811191208 119110.7694315149
129632.7811191208 119430.9287381716
129632.7811191208 119751.0880448284
129312.1761539127 119911.1676981567
128991.5711887047 120391.4066581418
128510.6637408926 120551.4863114702
128991.5711887047 121191.8049247836
130594.5960147450 123272.8404180522
130754.8984973490 124073.2386846940
126426.7314670403 125994.1945246343
121777.9594715235 126634.5131379478
122579.4718845436 126794.5927912761
121297.0520237114 126794.5927912761
121297.0520237114 127114.7520979328
120976.4470585034 127274.8317512612
121777.9594715235 127434.9114045895
120816.1445758993 127594.9910579179
121457.3545063154 127915.1503645746
121297.0520237114 128235.3096712314
120976.4470585034 128555.4689778881
120495.5396106913 128715.5486312164
133480.0407016175 130636.5044711567
133159.4357364094 130956.6637778134
117610.0949238188 130956.6637778134
117610.0949238188 131276.8230844702
117449.7924412148 131276.8230844702
117610.0949238188 131596.9823911269
117289.4899586107 131596.9823911269
117449.7924412148 132077.2213511119
121457.3545063154 134158.2568443806
123220.6818149597 132557.4603110970
117449.7924412148 132557.4603110970
117129.1874760067 132877.6196177537
123380.9842975638 133037.6992710821
123220.6818149597 133357.8585777388
122900.0768497517 133517.9382310671

120495.5396106913 135438.8940710075
120816.1445758993 135278.8144176791
120816.1445758993 134958.6551110224
117449.7924412148 132397.3806577687
129953.3860843289 118790.6101248582
129632.7811191208 119110.7694315149
129632.7811191208 119430.9287381716
129632.7811191208 119751.0880448284
129312.1761539127 119911.1676981567
129312.1761539127 120231.3270048134
122419.1694019396 126634.5131379478
121777.9594715235 126634.5131379478
121938.2619541275 126794.5927912761
121938.2619541275 126954.6724446045
121617.6569889195 126954.6724446045
121777.9594715235 127114.7520979328
121617.6569889195 127114.7520979328
121297.0520237114 127114.7520979328
121777.9594715235 127274.8317512612
121617.6569889195 127274.8317512612
121457.3545063154 127434.9114045895
121297.0520237114 127434.9114045895
121136.7495411074 127755.0707112463
120816.1445758993 127915.1503645746
120816.1445758993 128235.3096712314
120495.5396106913 128395.3893245597
117449.7924412148 130956.6637778134
117449.7924412148 131276.8230844702
117610.0949238188 131436.9027377985
117610.0949238188 131596.9823911269
117449.7924412148 131596.9823911269
117289.4899586107 131596.9823911269
117610.0949238188 131757.0620444552
117449.7924412148 131757.0620444552
117770.3974064228 131917.1416977836
117610.0949238188 131917.1416977836
117289.4899586107 131917.1416977836
117610.0949238188 132077.2213511119
117449.7924412148 132077.2213511119
117449.7924412148 132717.5399644254

120655.8420932953 135438.8940710075
120816.1445758993 135118.7347643508
117449.7924412148 132397.3806577687
121777.9594715235 126634.5131379478
121938.2619541275 126794.5927912761
121777.9594715235 126794.5927912761
121457.3545063154 126794.5927912761
121938.2619541275 126954.6724446045
121777.9594715235 126954.6724446045
121617.6569889195 126954.6724446045
121457.3545063154 126954.6724446045
121938.2619541275 127114.7520979328
121777.9594715235 127114.7520979328
121617.6569889195 127114.7520979328
121457.3545063154 127114.7520979328
121297.0520237114 127114.7520979328
121777.9594715235 127274.8317512612
121617.6569889195 127274.8317512612
121457.3545063154 127274.8317512612
121617.6569889195 127434.9114045895
121457.3545063154 127434.9114045895
121297.0520237114 127434.9114045895
121136.7495411074 127434.9114045895
121136.7495411074 127755.0707112463
120816.1445758993 127915.1503645746
117449.7924412148 131276.8230844702
117610.0949238188 131436.9027377985
117770.3974064228 131596.9823911269
117610.0949238188 131596.9823911269
117449.7924412148 131596.9823911269
117289.4899586107 131596.9823911269
117770.3974064228 131757.0620444552
117610.0949238188 131757.0620444552
117449.7924412148 131757.0620444552
117610.0949238188 131917.1416977836
117449.7924412148 131917.1416977836
117289.4899586107 131917.1416977836
117610.0949238188 132077.2213511119
117449.7924412148 132077.2213511119
117289.4899586107 132237.3010044403

120655.8420932953 135438.8940710075
120816.1445758993 135118.7347643508
117449.7924412148 132717.5399644254
117449.7924412148 132397.3806577687
117449.7924412148 132077.2213511119
117610.0949238188 132077.2213511119
117289.4899586107 131917.1416977836
117449.7924412148 131917.1416977836
117610.0949238188 131917.1416977836
117449.7924412148 131757.0620444552
117610.0949238188 131757.0620444552
117770.3974064228 131757.0620444552
117289.4899586107 131596.9823911269
117449.7924412148 131596.9823911269
117610.0949238188 131596.9823911269
117770.3974064228 131596.9823911269
117610.0949238188 131436.9027377985
117449.7924412148 131276.8230844702
120816.1445758993 127915.1503645746
121136.7495411074 127755.0707112463
121297.0520237114 127434.9114045895
121457.3545063154 127434.9114045895
121617.6569889195 127434.9114045895
121457.3545063154 127274.8317512612
121617.6569889195 127274.8317512612
121777.9594715235 127274.8317512612
121297.0520237114 127114.7520979328
121457.3545063154 127114.7520979328
121617.6569889195 127114.7520979328
121777.9594715235 127114.7520979328
121938.2619541275 127114.7520979328
121617.6569889195 126954.6724446045
121777.9594715235 126954.6724446045
121938.2619541275 126954.6724446045
121457.3545063154 126794.5927912761
121777.9594715235 126794.5927912761
121777.9594715235 126634.5131379478
129793.0836017248 118950.6897781866
129793.0836017248 119270.8490848433
129632.7811191208 119591.0083915000

117449.7924412148 132397.3806577687
121777.9594715235 126794.5927912761
121617.6569889195 126794.5927912761
121457.3545063154 126794.5927912761
121938.2619541275 126954.6724446045
121777.9594715235 126954.6724446045
121617.6569889195 126954.6724446045
121457.3545063154 126954.6724446045
121938.2619541275 127114.7520979328
121777.9594715235 127114.7520979328
121617.6569889195 127114.7520979328
121457.3545063154 127114.7520979328
121297.0520237114 127114.7520979328
121777.9594715235 127274.8317512612
121617.6569889195 127274.8317512612
121457.3545063154 127274.8317512612
121297.0520237114 127274.8317512612
121617.6569889195 127434.9114045895
121457.3545063154 127434.9114045895
121297.0520237114 127434.9114045895
121136.7495411074 127434.9114045895
121297.0520237114 127594.9910579179
117449.7924412148 131276.8230844702
117610.0949238188 131436.9027377985
117449.7924412148 131436.9027377985
117770.3974064228 131596.9823911269
117610.0949238188 131596.9823911269
117449.7924412148 131596.9823911269
117289.4899586107 131596.9823911269
117770.3974064228 131757.0620444552
117610.0949238188 131757.0620444552
117449.7924412148 131757.0620444552
117289.4899586107 131757.0620444552
117770.3974064228 131917.1416977836
117610.0949238188 131917.1416977836
117449.7924412148 131917.1416977836
117289.4899586107 131917.1416977836
117610.0949238188 132077.2213511119
117449.7924412148 132077.2213511119
120655.8420932953 135438.8940710075

120495.5396106913 135438.8940710075
120816.1445758993 135278.8144176791
120816.1445758993 134958.6551110224
123220.6818149597 133357.8585777388
123380.9842975638 133037.6992710821
117449.7924412148 132557.4603110970
117449.7924412148 132237.3010044403
117610.0949238188 132077.2213511119
117289.4899586107 131917.1416977836
117449.7924412148 131917.1416977836
117610.0949238188 131917.1416977836
117610.0949238188 131757.0620444552
117289.4899586107 131596.9823911269
117449.7924412148 131596.9823911269
117610.0949238188 131596.9823911269
117610.0949238188 131436.9027377985
117449.7924412148 131276.8230844702
117449.7924412148 130956.6637778134
120495.5396106913 128395.3893245597
120816.1445758993 128235.3096712314
120816.1445758993 127915.1503645746
121136.7495411074 127755.0707112463
121297.0520237114 127434.9114045895
121457.3545063154 127434.9114045895
121617.6569889195 127274.8317512612
121777.9594715235 127274.8317512612
129953.3860843289 118790.6101248582
129632.7811191208 119110.7694315149
129632.7811191208 119430.9287381716
129632.7811191208 119751.0880448284
129312.1761539127 119911.1676981567
129312.1761539127 120231.3270048134
122419.1694019396 126634.5131379478
121938.2619541275 126794.5927912761
121938.2619541275 126954.6724446045
121617.6569889195 126954.6724446045
121777.9594715235 127114.7520979328
121617.6569889195 127114.7520979328
121297.0520237114 127114.7520979328
121617.6569889195 127434.9114045895

120495.5396106913 135438.8940710075
120816.1445758993 135118.7347643508
123220.6818149597 133357.8585777388
117449.7924412148 132717.5399644254
117449.7924412148 132397.3806577687
117449.7924412148 132077.2213511119
117610.0949238188 132077.2213511119
117289.4899586107 131917.1416977836
117449.7924412148 131917.1416977836
117610.0949238188 131917.1416977836
117449.7924412148 131757.0620444552
117610.0949238188 131757.0620444552
117289.4899586107 131596.9823911269
117449.7924412148 131596.9823911269
117610.0949238188 131596.9823911269
117610.0949238188 131436.9027377985
117449.7924412148 131276.8230844702
117449.7924412148 130956.6637778134
129953.3860843289 118790.6101248582
129632.7811191208 119110.7694315149
129632.7811191208 119430.9287381716
129632.7811191208 119751.0880448284
129312.1761539127 119911.1676981567
129312.1761539127 120231.3270048134
126266.4289844362 125994.1945246343
122419.1694019396 126634.5131379478
121777.9594715235 126634.5131379478
121938.2619541275 126794.5927912761
121617.6569889195 126954.6724446045
121777.9594715235 127114.7520979328
121617.6569889195 127114.7520979328
121297.0520237114 127114.7520979328
121777.9594715235 127274.8317512612
121617.6569889195 127274.8317512612
121457.3545063154 127434.9114045895
121297.0520237114 127434.9114045895
121136.7495411074 127755.0707112463
120816.1445758993 127915.1503645746
120816.1445758993 128235.3096712314
120495.5396106913 128395.3893245597

120655.8420932953 135438.8940710075
120816.1445758993 135118.7347643508
123220.6818149597 133357.8585777388
117449.7924412148 132717.5399644254
129953.3860843289 118790.6101248582
129632.7811191208 119110.7694315149
129632.7811191208 119430.9287381716
129632.7811191208 119751.0880448284
129312.1761539127 119911.1676981567
129312.1761539127 120231.3270048134
122419.1694019396 126634.5131379478
121938.2619541275 126794.5927912761
121938.2619541275 126954.6724446045
121617.6569889195 126954.6724446045
121136.7495411074 134958.6551110224
121617.6569889195 127114.7520979328
121297.0520237114 127114.7520979328
121777.9594715235 127274.8317512612
121617.6569889195 127274.8317512612
121617.6569889195 127434.9114045895
121457.3545063154 127434.9114045895
121297.0520237114 127434.9114045895
121136.7495411074 127755.0707112463
120816.1445758993 127915.1503645746
120816.1445758993 128235.3096712314
120495.5396106913 128395.3893245597
117449.7924412148 130956.6637778134
117449.7924412148 131276.8230844702
117610.0949238188 131436.9027377985
117610.0949238188 131596.9823911269
117449.7924412148 131596.9823911269
117289.4899586107 131596.9823911269
117610.0949238188 131757.0620444552
117449.7924412148 131757.0620444552
117610.0949238188 131917.1416977836
117449.7924412148 131917.1416977836
117289.4899586107 131917.1416977836
117610.0949238188 132077.2213511119
117449.7924412148 132077.2213511119
117449.7924412148 132397.3806577687

120495.5396106913 135438.8940710075
120816.1445758993 135278.8144176791
120816.1445758993 134958.6551110224
117449.7924412148 132717.5399644254
117449.7924412148 132397.3806577687
117449.7924412148 132077.2213511119
117610.0949238188 132077.2213511119
117289.4899586107 131917.1416977836
117449.7924412148 131917.1416977836
117610.0949238188 131917.1416977836
117610.0949238188 131757.0620444552
117770.3974064228 131757.0620444552
129793.0836017248 118950.6897781866
129793.0836017248 119270.8490848433
129632.7811191208 119591.0083915000
122419.1694019396 126634.5131379478
121777.9594715235 126634.5131379478
121457.3545063154 126794.5927912761
121938.2619541275 126954.6724446045
121777.9594715235 126954.6724446045
121617.6569889195 126954.6724446045
121938.2619541275 127114.7520979328
121777.9594715235 127114.7520979328
121617.6569889195 127114.7520979328
121457.3545063154 127114.7520979328
121297.0520237114 127114.7520979328
121777.9594715235 127274.8317512612
121617.6569889195 127274.8317512612
121457.3545063154 127274.8317512612
121617.6569889195 127434.9114045895
121297.0520237114 127434.9114045895
121136.7495411074 127755.0707112463
120816.1445758993 127915.1503645746
120816.1445758993 128235.3096712314
117449.7924412148 130956.6637778134
117449.7924412148 131276.8230844702
117610.0949238188 131436.9027377985
117610.0949238188 131596.9823911269
117449.7924412148 131596.9823911269
117289.4899586107 131596.9823911269

120495.5396106913 135438.8940710075
120816.1445758993 135278.8144176791
120816.1445758993 134958.6551110224
122900.0768497517 133517.9382310671
123220.6818149597 133357.8585777388
123380.9842975638 133037.6992710821
117449.7924412148 132557.4603110970
117449.7924412148 132237.3010044403
129953.3860843289 118790.6101248582
129632.7811191208 119110.7694315149
129632.7811191208 119430.9287381716
129632.7811191208 119751.0880448284
129312.1761539127 119911.1676981567
128991.5711887047 120391.4066581418
126266.4289844362 125994.1945246343
126266.4289844362 126474.4334846194
122419.1694019396 126634.5131379478
121777.9594715235 126634.5131379478
121938.2619541275 126794.5927912761
121617.6569889195 126954.6724446045
121777.9594715235 127114.7520979328
121617.6569889195 127114.7520979328
121297.0520237114 127114.7520979328
121617.6569889195 127434.9114045895
121297.0520237114 127434.9114045895
120976.4470585034 127594.9910579179
120816.1445758993 127915.1503645746
120816.1445758993 128235.3096712314
120495.5396106913 128555.4689778881
133480.0407016175 130636.5044711567
133159.4357364094 130956.6637778134
117610.0949238188 130956.6637778134
117610.0949238188 131276.8230844702
117449.7924412148 131276.8230844702
117770.3974064228 131596.9823911269
117610.0949238188 131596.9823911269
117289.4899586107 131596.9823911269
132999.1332538054 132077.2213511119
117449.7924412148 132077.2213511119
117129.1874760067 132397.3806577687

120655.8420932953 135438.8940710075
120816.1445758993 135118.7347643508
117449.7924412148 132397.3806577687
117449.7924412148 132077.2213511119
117610.0949238188 132077.2213511119
121777.9594715235 126634.5131379478
121777.9594715235 126794.5927912761
121457.3545063154 126794.5927912761
121938.2619541275 126954.6724446045
121777.9594715235 126954.6724446045
121617.6569889195 126954.6724446045
121457.3545063154 126954.6724446045
121938.2619541275 127114.7520979328
121777.9594715235 127114.7520979328
121617.6569889195 127114.7520979328
121457.3545063154 127114.7520979328
121297.0520237114 127114.7520979328
121777.9594715235 127274.8317512612
121617.6569889195 127274.8317512612
121457.3545063154 127274.8317512612
121297.0520237114 127274.8317512612
121617.6569889195 127434.9114045895
121457.3545063154 127434.9114045895
121297.0520237114 127434.9114045895
121136.7495411074 127434.9114045895
121136.7495411074 127755.0707112463
120816.1445758993 127915.1503645746
117449.7924412148 131276.8230844702
117610.0949238188 131436.9027377985
117770.3974064228 131596.9823911269
117610.0949238188 131596.9823911269
117449.7924412148 131596.9823911269
117289.4899586107 131596.9823911269
117770.3974064228 131757.0620444552
117610.0949238188 131757.0620444552
117449.7924412148 131757.0620444552
117610.0949238188 131917.1416977836
117449.7924412148 131917.1416977836
117289.4899586107 131917.1416977836
117289.4899586107 132237.3010044403

120495.5396106913 135438.8940710075
120816.1445758993 135278.8144176791
120816.1445758993 134958.6551110224
122900.0768497517 133517.9382310671
123220.6818149597 133357.8585777388
123380.9842975638 133037.6992710821
117449.7924412148 132557.4603110970
123220.6818149597 132557.4603110970
117129.1874760067 132397.3806577687
117449.7924412148 132077.2213511119
132999.1332538054 132077.2213511119
117289.4899586107 131596.9823911269
117610.0949238188 131596.9823911269
117770.3974064228 131596.9823911269
117449.7924412148 131276.8230844702
117610.0949238188 131276.8230844702
117610.0949238188 130956.6637778134
133159.4357364094 130956.6637778134
133480.0407016175 130636.5044711567
120495.5396106913 128555.4689778881
120816.1445758993 128235.3096712314
120816.1445758993 127915.1503645746
120976.4470585034 127594.9910579179
121297.0520237114 127434.9114045895
121617.6569889195 127434.9114045895
129953.3860843289 118790.6101248582
129632.7811191208 119110.7694315149
129632.7811191208 119430.9287381716
129632.7811191208 119751.0880448284
129312.1761539127 119911.1676981567
129312.1761539127 120231.3270048134
126266.4289844362 125994.1945246343
122419.1694019396 126634.5131379478
121777.9594715235 126634.5131379478
121938.2619541275 126794.5927912761
121617.6569889195 126954.6724446045
121777.9594715235 127114.7520979328
121617.6569889195 127114.7520979328
121297.0520237114 127114.7520979328
121777.9594715235 127274.8317512612

121938.2619541275 126794.5927912761
121777.9594715235 126794.5927912761
121617.6569889195 126794.5927912761
121457.3545063154 126794.5927912761
121938.2619541275 126954.6724446045
121777.9594715235 126954.6724446045
121617.6569889195 126954.6724446045
121457.3545063154 126954.6724446045
121938.2619541275 127114.7520979328
121777.9594715235 127114.7520979328
121617.6569889195 127114.7520979328
121457.3545063154 127114.7520979328
121297.0520237114 127114.7520979328
121777.9594715235 127274.8317512612
121617.6569889195 127274.8317512612
121457.3545063154 127274.8317512612
121297.0520237114 127274.8317512612
121617.6569889195 127434.9114045895
121457.3545063154 127434.9114045895
121297.0520237114 127434.9114045895
121297.0520237114 127594.9910579179
121136.7495411074 127594.9910579179
117610.0949238188 131436.9027377985
117449.7924412148 131436.9027377985
117289.4899586107 131436.9027377985
117770.3974064228 131596.9823911269
117610.0949238188 131596.9823911269
117449.7924412148 131596.9823911269
117770.3974064228 131757.0620444552
117610.0949238188 131757.0620444552
117449.7924412148 131757.0620444552
117289.4899586107 131757.0620444552
117770.3974064228 131917.1416977836
117610.0949238188 131917.1416977836
117449.7924412148 131917.1416977836
117289.4899586107 131917.1416977836
117610.0949238188 132077.2213511119
117449.7924412148 132077.2213511119
117449.7924412148 132397.3806577687
120816.1445758993 135118.7347643508

120495.5396106913 135438.8940710075
120816.1445758993 135278.8144176791
120816.1445758993 134958.6551110224
117449.7924412148 132717.5399644254
117449.7924412148 132397.3806577687
117449.7924412148 132077.2213511119
117610.0949238188 132077.2213511119
117289.4899586107 131917.1416977836
117449.7924412148 131917.1416977836
117610.0949238188 131917.1416977836
129793.0836017248 118950.6897781866
129793.0836017248 119270.8490848433
129632.7811191208 119591.0083915000
121777.9594715235 126634.5131379478
121457.3545063154 126794.5927912761
121938.2619541275 126954.6724446045
121777.9594715235 126954.6724446045
121617.6569889195 126954.6724446045
121938.2619541275 127114.7520979328
121777.9594715235 127114.7520979328
121617.6569889195 127114.7520979328
121457.3545063154 127114.7520979328
121297.0520237114 127114.7520979328
121777.9594715235 127274.8317512612
121617.6569889195 127274.8317512612
121457.3545063154 127274.8317512612
121617.6569889195 127434.9114045895
121457.3545063154 127434.9114045895
121297.0520237114 127434.9114045895
121297.0520237114 127755.0707112463
120816.1445758993 127915.1503645746
120816.1445758993 128235.3096712314
117449.7924412148 130956.6637778134
117449.7924412148 131276.8230844702
117610.0949238188 131436.9027377985
117610.0949238188 131596.9823911269
117449.7924412148 131596.9823911269
117289.4899586107 131596.9823911269
117770.3974064228 131757.0620444552
117610.0949238188 131757.0620444552

120816.1445758993 135118.7347643508
117449.7924412148 132397.3806577687
117449.7924412148 132077.2213511119
117610.0949238188 132077.2213511119
121938.2619541275 126794.5927912761
121777.9594715235 126794.5927912761
121617.6569889195 126794.5927912761
121457.3545063154 126794.5927912761
121938.2619541275 126954.6724446045
121777.9594715235 126954.6724446045
121617.6569889195 126954.6724446045
121457.3545063154 126954.6724446045
121938.2619541275 127114.7520979328
121777.9594715235 127114.7520979328
121617.6569889195 127114.7520979328
121457.3545063154 127114.7520979328
121297.0520237114 127114.7520979328
121777.9594715235 127274.8317512612
121617.6569889195 127274.8317512612
121457.3545063154 127274.8317512612
121297.0520237114 127274.8317512612
121617.6569889195 127434.9114045895
121457.3545063154 127434.9114045895
121297.0520237114 127434.9114045895
121136.7495411074 127434.9114045895
117449.7924412148 131276.8230844702
117610.0949238188 131436.9027377985
117449.7924412148 131436.9027377985
117770.3974064228 131596.9823911269
117610.0949238188 131596.9823911269
117449.7924412148 131596.9823911269
117289.4899586107 131596.9823911269
117770.3974064228 131757.0620444552
117610.0949238188 131757.0620444552
117449.7924412148 131757.0620444552
117289.4899586107 131757.0620444552
117770.3974064228 131917.1416977836
117610.0949238188 131917.1416977836
117449.7924412148 131917.1416977836
117289.4899586107 131917.1416977836

120655.8420932953 135438.8940710075
120816.1445758993 135118.7347643508
121777.9594715235 126634.5131379478
121777.9594715235 126794.5927912761
121457.3545063154 126794.5927912761
121938.2619541275 126954.6724446045
121777.9594715235 126954.6724446045
121617.6569889195 126954.6724446045
121457.3545063154 126954.6724446045
121938.2619541275 127114.7520979328
121777.9594715235 127114.7520979328
121617.6569889195 127114.7520979328
121457.3545063154 127114.7520979328
121297.0520237114 127114.7520979328
121777.9594715235 127274.8317512612
121617.6569889195 127274.8317512612
121457.3545063154 127274.8317512612
121297.0520237114 127274.8317512612
121617.6569889195 127434.9114045895
121457.3545063154 127434.9114045895
121297.0520237114 127434.9114045895
121136.7495411074 127434.9114045895
121136.7495411074 127755.0707112463
120816.1445758993 127915.1503645746
117449.7924412148 131276.8230844702
117610.0949238188 131436.9027377985
117770.3974064228 131596.9823911269
117610.0949238188 131596.9823911269
117449.7924412148 131596.9823911269
117289.4899586107 131596.9823911269
117770.3974064228 131757.0620444552
117610.0949238188 131757.0620444552
117449.7924412148 131757.0620444552
117610.0949238188 131917.1416977836
117449.7924412148 131917.1416977836
117289.4899586107 131917.1416977836
117610.0949238188 132077.2213511119
117449.7924412148 132077.2213511119
117289.4899586107 132237.3010044403
117449.7924412148 132717.5399644254

120655.8420932953 135438.8940710075
120816.1445758993 135118.7347643508
123220.6818149597 133357.8585777388
129953.3860843289 118790.6101248582
129632.7811191208 119110.7694315149
129632.7811191208 119430.9287381716
129632.7811191208 119751.0880448284
129312.1761539127 119911.1676981567
122419.1694019396 126634.5131379478
121777.9594715235 126634.5131379478
121938.2619541275 126954.6724446045
121777.9594715235 126954.6724446045
121617.6569889195 126954.6724446045
121777.9594715235 127114.7520979328
121617.6569889195 127114.7520979328
121297.0520237114 127114.7520979328
121777.9594715235 127274.8317512612
121617.6569889195 127274.8317512612
121617.6569889195 127434.9114045895
121457.3545063154 127434.9114045895
121297.0520237114 127434.9114045895
121136.7495411074 127755.0707112463
120816.1445758993 127915.1503645746
120816.1445758993 128235.3096712314
120495.5396106913 128395.3893245597
117449.7924412148 130956.6637778134
117449.7924412148 131276.8230844702
117610.0949238188 131436.9027377985
117610.0949238188 131596.9823911269
117449.7924412148 131596.9823911269
117289.4899586107 131596.9823911269
117610.0949238188 131757.0620444552
117449.7924412148 131757.0620444552
117610.0949238188 131917.1416977836
117449.7924412148 131917.1416977836
117289.4899586107 131917.1416977836
117610.0949238188 132077.2213511119
117449.7924412148 132077.2213511119
117449.7924412148 132397.3806577687
117449.7924412148 132717.5399644254

120495.5396106913 135438.8940710075
120816.1445758993 135278.8144176791
120816.1445758993 134958.6551110224
117449.7924412148 132717.5399644254
117449.7924412148 132397.3806577687
117449.7924412148 132077.2213511119
117610.0949238188 132077.2213511119
129793.0836017248 118950.6897781866
129793.0836017248 119270.8490848433
129632.7811191208 119591.0083915000
121777.9594715235 126634.5131379478
121777.9594715235 126794.5927912761
121457.3545063154 126794.5927912761
121938.2619541275 126954.6724446045
121777.9594715235 126954.6724446045
121617.6569889195 126954.6724446045
121938.2619541275 127114.7520979328
121777.9594715235 127114.7520979328
121617.6569889195 127114.7520979328
121457.3545063154 127114.7520979328
121297.0520237114 127114.7520979328
121777.9594715235 127274.8317512612
121617.6569889195 127274.8317512612
121457.3545063154 127274.8317512612
121617.6569889195 127434.9114045895
121457.3545063154 127434.9114045895
121297.0520237114 127434.9114045895
121136.7495411074 127755.0707112463
120816.1445758993 127915.1503645746
120816.1445758993 128235.3096712314
117449.7924412148 131276.8230844702
117610.0949238188 131436.9027377985
117610.0949238188 131596.9823911269
117449.7924412148 131596.9823911269
117289.4899586107 131596.9823911269
117770.3974064228 131757.0620444552
117610.0949238188 131757.0620444552
117610.0949238188 131917.1416977836
117449.7924412148 131917.1416977836
117289.4899586107 131917.1416977836

120495.5396106913 135438.8940710075
120816.1445758993 135278.8144176791
120816.1445758993 134958.6551110224
117449.7924412148 132717.5399644254
117449.7924412148 132397.3806577687
117449.7924412148 132077.2213511119
117610.0949238188 132077.2213511119
117289.4899586107 131917.1416977836
117449.7924412148 131917.1416977836
117610.0949238188 131917.1416977836
117449.7924412148 131757.0620444552
117610.0949238188 131757.0620444552
117289.4899586107 131596.9823911269
117449.7924412148 131596.9823911269
117610.0949238188 131596.9823911269
117610.0949238188 131436.9027377985
117449.7924412148 131276.8230844702
117449.7924412148 130956.6637778134
120816.1445758993 128235.3096712314
120816.1445758993 127915.1503645746
121136.7495411074 127755.0707112463
129793.0836017248 118950.6897781866
129793.0836017248 119270.8490848433
129632.7811191208 119591.0083915000
122419.1694019396 126634.5131379478
121777.9594715235 126634.5131379478
121457.3545063154 126794.5927912761
121938.2619541275 126954.6724446045
121777.9594715235 126954.6724446045
121617.6569889195 126954.6724446045
121938.2619541275 127114.7520979328
121777.9594715235 127114.7520979328
121617.6569889195 127114.7520979328
121457.3545063154 127114.7520979328
121297.0520237114 127114.7520979328
121777.9594715235 127274.8317512612
121617.6569889195 127274.8317512612
121457.3545063154 127274.8317512612
121617.6569889195 127434.9114045895
121297.0520237114 127434.9114045895

120655.8420932953 135438.8940710075
120816.1445758993 135118.7347643508
123220.6818149597 133357.8585777388
117449.7924412148 132717.5399644254
117449.7924412148 132397.3806577687
117449.7924412148 132077.2213511119
117610.0949238188 132077.2213511119
117289.4899586107 131917.1416977836
117449.7924412148 131917.1416977836
117610.0949238188 131917.1416977836
129953.3860843289 118790.6101248582
129632.7811191208 119110.7694315149
129632.7811191208 119430.9287381716
129632.7811191208 119751.0880448284
129312.1761539127 119911.1676981567
129312.1761539127 120231.3270048134
122419.1694019396 126634.5131379478
121777.9594715235 126634.5131379478
121938.2619541275 126794.5927912761
121938.2619541275 126954.6724446045
121617.6569889195 126954.6724446045
121777.9594715235 127114.7520979328
121617.6569889195 127114.7520979328
121297.0520237114 127114.7520979328
121777.9594715235 127274.8317512612
121617.6569889195 127274.8317512612
121457.3545063154 127434.9114045895
121297.0520237114 127434.9114045895
121136.7495411074 127755.0707112463
120816.1445758993 127915.1503645746
120816.1445758993 128235.3096712314
120495.5396106913 128395.3893245597
117449.7924412148 130956.6637778134
117449.7924412148 131276.8230844702
117610.0949238188 131436.9027377985
117610.0949238188 131596.9823911269
117449.7924412148 131596.9823911269
117289.4899586107 131596.9823911269
117610.0949238188 131757.0620444552
117449.7924412148 131757.0620444552

120495.5396106913 135438.8940710075
120816.1445758993 135278.8144176791
120816.1445758993 134958.6551110224
129953.3860843289 118790.6101248582
129632.7811191208 119110.7694315149
129632.7811191208 119430.9287381716
129632.7811191208 119751.0880448284
129312.1761539127 119911.1676981567
128991.5711887047 120391.4066581418
128510.6637408926 120551.4863114702
128991.5711887047 121191.8049247836
130594.5960147450 123272.8404180522
130754.8984973490 124073.2386846940
126426.7314670403 125994.1945246343
121777.9594715235 126634.5131379478
122579.4718845436 126794.5927912761
121297.0520237114 126794.5927912761
121297.0520237114 127114.7520979328
120976.4470585034 127274.8317512612
121777.9594715235 127434.9114045895
120816.1445758993 127594.9910579179
121457.3545063154 127915.1503645746
121297.0520237114 128235.3096712314
120976.4470585034 128555.4689778881
120495.5396106913 128715.5486312164
133480.0407016175 130636.5044711567
133159.4357364094 130956.6637778134
117610.0949238188 130956.6637778134
117610.0949238188 131276.8230844702
117449.7924412148 131276.8230844702
134762.4605624497 115428.9374049627
117289.4899586107 131596.9823911269
117449.7924412148 132077.2213511119
117129.1874760067 132397.3806577687
123220.6818149597 132557.4603110970
117449.7924412148 132557.4603110970
117129.1874760067 132877.6196177537
123380.9842975638 133037.6992710821
123220.6818149597 133357.8585777388
122900.0768497517 133517.9382310671

120495.5396106913 135438.8940710075
120816.1445758993 135278.8144176791
120816.1445758993 134958.6551110224
123220.6818149597 133357.8585777388
123380.9842975638 133037.6992710821
117449.7924412148 132557.4603110970
117449.7924412148 132237.3010044403
129953.3860843289 118790.6101248582
129632.7811191208 119110.7694315149
129632.7811191208 119430.9287381716
129632.7811191208 119751.0880448284
129312.1761539127 119911.1676981567
129312.1761539127 120231.3270048134
122419.1694019396 126634.5131379478
121938.2619541275 126794.5927912761
121938.2619541275 126954.6724446045
121617.6569889195 126954.6724446045
121777.9594715235 127114.7520979328
121617.6569889195 127114.7520979328
121297.0520237114 127114.7520979328
121777.9594715235 127274.8317512612
121617.6569889195 127274.8317512612
121617.6569889195 127434.9114045895
121457.3545063154 127434.9114045895
121297.0520237114 127434.9114045895
121136.7495411074 127755.0707112463
120816.1445758993 127915.1503645746
120816.1445758993 128235.3096712314
120495.5396106913 128395.3893245597
117449.7924412148 130956.6637778134
117449.7924412148 131276.8230844702
117610.0949238188 131436.9027377985
117610.0949238188 131596.9823911269
117449.7924412148 131596.9823911269
117289.4899586107 131596.9823911269
117610.0949238188 131757.0620444552
117449.7924412148 131757.0620444552
117610.0949238188 131917.1416977836
117449.7924412148 131917.1416977836
117289.4899586107 131917.1416977836

120495.5396106913 135438.8940710075
120816.1445758993 135278.8144176791
120816.1445758993 134958.6551110224
122900.0768497517 133517.9382310671
123220.6818149597 133357.8585777388
123380.9842975638 133037.6992710821
117449.7924412148 132557.4603110970
123220.6818149597 132557.4603110970
123861.8917453758 131276.8230844702
117449.7924412148 132077.2213511119
129953.3860843289 118790.6101248582
129632.7811191208 119110.7694315149
129632.7811191208 119430.9287381716
129632.7811191208 119751.0880448284
129312.1761539127 119911.1676981567
128991.5711887047 120391.4066581418
117129.1874760067 132877.6196177537
128510.6637408926 120551.4863114702
128991.5711887047 121191.8049247836
130594.5960147450 123272.8404180522
130754.8984973490 124073.2386846940
126426.7314670403 125994.1945246343
121777.9594715235 126634.5131379478
122579.4718845436 126794.5927912761
121297.0520237114 126794.5927912761
121297.0520237114 127114.7520979328
120976.4470585034 127274.8317512612
121777.9594715235 127434.9114045895
120816.1445758993 127594.9910579179
121457.3545063154 127915.1503645746
121297.0520237114 128235.3096712314
120976.4470585034 128555.4689778881
120495.5396106913 128715.5486312164
133480.0407016175 130636.5044711567
133159.4357364094 130956.6637778134
117610.0949238188 130956.6637778134
117610.0949238188 131276.8230844702
117449.7924412148 131276.8230844702
117610.0949238188 131596.9823911269
117289.4899586107 131596.9823911269

117449.7924412148 132397.3806577687
117449.7924412148 132077.2213511119
117610.0949238188 132077.2213511119
121938.2619541275 126794.5927912761
121777.9594715235 126794.5927912761
121617.6569889195 126794.5927912761
121457.3545063154 126794.5927912761
121938.2619541275 126954.6724446045
121777.9594715235 126954.6724446045
121617.6569889195 126954.6724446045
121457.3545063154 126954.6724446045
121938.2619541275 127114.7520979328
121777.9594715235 127114.7520979328
121617.6569889195 127114.7520979328
121457.3545063154 127114.7520979328
121297.0520237114 127114.7520979328
121777.9594715235 127274.8317512612
121617.6569889195 127274.8317512612
121457.3545063154 127274.8317512612
121297.0520237114 127274.8317512612
121617.6569889195 127434.9114045895
121457.3545063154 127434.9114045895
121297.0520237114 127434.9114045895
121297.0520237114 127594.9910579179
121136.7495411074 127594.9910579179
117449.7924412148 131276.8230844702
117610.0949238188 131436.9027377985
117449.7924412148 131436.9027377985
117770.3974064228 131596.9823911269
117610.0949238188 131596.9823911269
117449.7924412148 131596.9823911269
117289.4899586107 131596.9823911269
117770.3974064228 131757.0620444552
117610.0949238188 131757.0620444552
117449.7924412148 131757.0620444552
117770.3974064228 131917.1416977836
117610.0949238188 131917.1416977836
117449.7924412148 131917.1416977836
117289.4899586107 131917.1416977836
120655.8420932953 135438.8940710075

120655.8420932953 135438.8940710075
120816.1445758993 135118.7347643508
117449.7924412148 132717.5399644254
129793.0836017248 118950.6897781866
129793.0836017248 119270.8490848433
121777.9594715235 126634.5131379478
121777.9594715235 126794.5927912761
121457.3545063154 126794.5927912761
121938.2619541275 126954.6724446045
121777.9594715235 126954.6724446045
121617.6569889195 126954.6724446045
121457.3545063154 126954.6724446045
121938.2619541275 127114.7520979328
121777.9594715235 127114.7520979328
121617.6569889195 127114.7520979328
121457.3545063154 127114.7520979328
121297.0520237114 127114.7520979328
121777.9594715235 127274.8317512612
121617.6569889195 127274.8317512612
121457.3545063154 127274.8317512612
121617.6569889195 127434.9114045895
121457.3545063154 127434.9114045895
121297.0520237114 127434.9114045895
121136.7495411074 127755.0707112463
120816.1445758993 127915.1503645746
120816.1445758993 128235.3096712314
117449.7924412148 131276.8230844702
117610.0949238188 131436.9027377985
117610.0949238188 131596.9823911269
117449.7924412148 131596.9823911269
117289.4899586107 131596.9823911269
117770.3974064228 131757.0620444552
117610.0949238188 131757.0620444552
117449.7924412148 131757.0620444552
117610.0949238188 131917.1416977836
117449.7924412148 131917.1416977836
117289.4899586107 131917.1416977836
117610.0949238188 132077.2213511119
117449.7924412148 132077.2213511119
117449.7924412148 132397.3806577687

120655.8420932953 135438.8940710075
120816.1445758993 135118.7347643508
117449.7924412148 132397.3806577687
121777.9594715235 126634.5131379478
121777.9594715235 126794.5927912761
121457.3545063154 126794.5927912761
121938.2619541275 126954.6724446045
121777.9594715235 126954.6724446045
121617.6569889195 126954.6724446045
121457.3545063154 126954.6724446045
121938.2619541275 127114.7520979328
121777.9594715235 127114.7520979328
121617.6569889195 127114.7520979328
121457.3545063154 127114.7520979328
121297.0520237114 127114.7520979328
121777.9594715235 127274.8317512612
121617.6569889195 127274.8317512612
121457.3545063154 127274.8317512612
121297.0520237114 127274.8317512612
121617.6569889195 127434.9114045895
121457.3545063154 127434.9114045895
121297.0520237114 127434.9114045895
121136.7495411074 127434.9114045895
121297.0520237114 127594.9910579179
121136.7495411074 127755.0707112463
120816.1445758993 127915.1503645746
117449.7924412148 131276.8230844702
117610.0949238188 131436.9027377985
117770.3974064228 131596.9823911269
117610.0949238188 131596.9823911269
117449.7924412148 131596.9823911269
117289.4899586107 131596.9823911269
117770.3974064228 131757.0620444552
117610.0949238188 131757.0620444552
117449.7924412148 131757.0620444552
117610.0949238188 131917.1416977836
117449.7924412148 131917.1416977836
117289.4899586107 131917.1416977836
117610.0949238188 132077.2213511119
117449.7924412148 132077.2213511119

117449.7924412148 132397.3806577687
117449.7924412148 132077.2213511119
117610.0949238188 132077.2213511119
121938.2619541275 126794.5927912761
121777.9594715235 126794.5927912761
121617.6569889195 126794.5927912761
121457.3545063154 126794.5927912761
121938.2619541275 126954.6724446045
121777.9594715235 126954.6724446045
121617.6569889195 126954.6724446045
121457.3545063154 126954.6724446045
121938.2619541275 127114.7520979328
121777.9594715235 127114.7520979328
121617.6569889195 127114.7520979328
121457.3545063154 127114.7520979328
121297.0520237114 127114.7520979328
121777.9594715235 127274.8317512612
121617.6569889195 127274.8317512612
121457.3545063154 127274.8317512612
121297.0520237114 127274.8317512612
121617.6569889195 127434.9114045895
121457.3545063154 127434.9114045895
121297.0520237114 127434.9114045895
121136.7495411074 127434.9114045895
121297.0520237114 127594.9910579179
117449.7924412148 131276.8230844702
117610.0949238188 131436.9027377985
117449.7924412148 131436.9027377985
117770.3974064228 131596.9823911269
117610.0949238188 131596.9823911269
117449.7924412148 131596.9823911269
117289.4899586107 131596.9823911269
117770.3974064228 131757.0620444552
117610.0949238188 131757.0620444552
117449.7924412148 131757.0620444552
117770.3974064228 131917.1416977836
117610.0949238188 131917.1416977836
117449.7924412148 131917.1416977836
117289.4899586107 131917.1416977836
120816.1445758993 135118.7347643508

120655.8420932953 135438.8940710075
120816.1445758993 135118.7347643508
117449.7924412148 132717.5399644254
117449.7924412148 132397.3806577687
117449.7924412148 132077.2213511119
117610.0949238188 132077.2213511119
117289.4899586107 131917.1416977836
117449.7924412148 131917.1416977836
117610.0949238188 131917.1416977836
117449.7924412148 131757.0620444552
117610.0949238188 131757.0620444552
117770.3974064228 131757.0620444552
117289.4899586107 131596.9823911269
117449.7924412148 131596.9823911269
117610.0949238188 131596.9823911269
117610.0949238188 131436.9027377985
117449.7924412148 131276.8230844702
117449.7924412148 130956.6637778134
129953.3860843289 118790.6101248582
129632.7811191208 119110.7694315149
129632.7811191208 119430.9287381716
129632.7811191208 119751.0880448284
129312.1761539127 119911.1676981567
129312.1761539127 120231.3270048134
122419.1694019396 126634.5131379478
121777.9594715235 126634.5131379478
121938.2619541275 126794.5927912761
121938.2619541275 126954.6724446045
121617.6569889195 126954.6724446045
121777.9594715235 127114.7520979328
121617.6569889195 127114.7520979328
121297.0520237114 127114.7520979328
121777.9594715235 127274.8317512612
121617.6569889195 127274.8317512612
121457.3545063154 127434.9114045895
121297.0520237114 127434.9114045895
121136.7495411074 127755.0707112463
120816.1445758993 127915.1503645746
120816.1445758993 128235.3096712314
120495.5396106913 128395.3893245597

120655.8420932953 135438.8940710075
120816.1445758993 135118.7347643508
117449.7924412148 132717.5399644254
117449.7924412148 132397.3806577687
117449.7924412148 132077.2213511119
117610.0949238188 132077.2213511119
117289.4899586107 131917.1416977836
117449.7924412148 131917.1416977836
117610.0949238188 131917.1416977836
117449.7924412148 131757.0620444552
117610.0949238188 131757.0620444552
117770.3974064228 131757.0620444552
117289.4899586107 131596.9823911269
117449.7924412148 131596.9823911269
117610.0949238188 131596.9823911269
129793.0836017248 118950.6897781866
129793.0836017248 119270.8490848433
121777.9594715235 126634.5131379478
121777.9594715235 126794.5927912761
121457.3545063154 126794.5927912761
121938.2619541275 126954.6724446045
121777.9594715235 126954.6724446045
121617.6569889195 126954.6724446045
121457.3545063154 126954.6724446045
121938.2619541275 127114.7520979328
121777.9594715235 127114.7520979328
121617.6569889195 127114.7520979328
121457.3545063154 127114.7520979328
121297.0520237114 127114.7520979328
121777.9594715235 127274.8317512612
121617.6569889195 127274.8317512612
121457.3545063154 127274.8317512612
121617.6569889195 127434.9114045895
121457.3545063154 127434.9114045895
121297.0520237114 127434.9114045895
121136.7495411074 127755.0707112463
120816.1445758993 127915.1503645746
117449.7924412148 131276.8230844702
117610.0949238188 131436.9027377985
117449.7924412148 131436.9027377985

120495.5396106913 135438.8940710075
120816.1445758993 135278.8144176791
120816.1445758993 134958.6551110224
129793.0836017248 118950.6897781866
129793.0836017248 119270.8490848433
121777.9594715235 126634.5131379478
121777.9594715235 126794.5927912761
121457.3545063154 126794.5927912761
121938.2619541275 126954.6724446045
121777.9594715235 126954.6724446045
121617.6569889195 126954.6724446045
121938.2619541275 127114.7520979328
121777.9594715235 127114.7520979328
121617.6569889195 127114.7520979328
121457.3545063154 127114.7520979328
121297.0520237114 127114.7520979328
121777.9594715235 127274.8317512612
121617.6569889195 127274.8317512612
121457.3545063154 127274.8317512612
121617.6569889195 127434.9114045895
121457.3545063154 127434.9114045895
121297.0520237114 127434.9114045895
121136.7495411074 127434.9114045895
121136.7495411074 127755.0707112463
120816.1445758993 127915.1503645746
117449.7924412148 131276.8230844702
117610.0949238188 131436.9027377985
117449.7924412148 131436.9027377985
117610.0949238188 131596.9823911269
117449.7924412148 131596.9823911269
117289.4899586107 131596.9823911269
117770.3974064228 131757.0620444552
117610.0949238188 131757.0620444552
117449.7924412148 131757.0620444552
117610.0949238188 131917.1416977836
117449.7924412148 131917.1416977836
117289.4899586107 131917.1416977836
117610.0949238188 132077.2213511119
117449.7924412148 132077.2213511119
117449.7924412148 132397.3806577687

120495.5396106913 135438.8940710075
120816.1445758993 135278.8144176791
120816.1445758993 134958.6551110224
122900.0768497517 133517.9382310671
123220.6818149597 133357.8585777388
123380.9842975638 133037.6992710821
117449.7924412148 132557.4603110970
117449.7924412148 132237.3010044403
117449.7924412148 131917.1416977836
117610.0949238188 131917.1416977836
117610.0949238188 131757.0620444552
117449.7924412148 131596.9823911269
117610.0949238188 131596.9823911269
117610.0949238188 131436.9027377985
129953.3860843289 118790.6101248582
129632.7811191208 119110.7694315149
129632.7811191208 119430.9287381716
129632.7811191208 119751.0880448284
129312.1761539127 119911.1676981567
129312.1761539127 120231.3270048134
126266.4289844362 125994.1945246343
122419.1694019396 126634.5131379478
121777.9594715235 126634.5131379478
121938.2619541275 126794.5927912761
121617.6569889195 126954.6724446045
121777.9594715235 127114.7520979328
121617.6569889195 127114.7520979328
121297.0520237114 127114.7520979328
121777.9594715235 127274.8317512612
121617.6569889195 127274.8317512612
121457.3545063154 127434.9114045895
121297.0520237114 127434.9114045895
121136.7495411074 127755.0707112463
120816.1445758993 127915.1503645746
120816.1445758993 128235.3096712314
120495.5396106913 128395.3893245597
133480.0407016175 130636.5044711567
133159.4357364094 130956.6637778134
117610.0949238188 130956.6637778134
117610.0949238188 131276.8230844702

120495.5396106913 135438.8940710075
120816.1445758993 135278.8144176791
120816.1445758993 134958.6551110224
122900.0768497517 133517.9382310671
123220.6818149597 133357.8585777388
123380.9842975638 133037.6992710821
117449.7924412148 132557.4603110970
123220.6818149597 132557.4603110970
117129.1874760067 132397.3806577687
117449.7924412148 132077.2213511119
132999.1332538054 132077.2213511119
117289.4899586107 131596.9823911269
117610.0949238188 131596.9823911269
117770.3974064228 131596.9823911269
117449.7924412148 131276.8230844702
117610.0949238188 131276.8230844702
117610.0949238188 130956.6637778134
133159.4357364094 130956.6637778134
133480.0407016175 130636.5044711567
120495.5396106913 128555.4689778881
120816.1445758993 128235.3096712314
120816.1445758993 127915.1503645746
120976.4470585034 127594.9910579179
121297.0520237114 127434.9114045895
121617.6569889195 127434.9114045895
121297.0520237114 127114.7520979328
121617.6569889195 127114.7520979328
121777.9594715235 127114.7520979328
121617.6569889195 126954.6724446045
121938.2619541275 126794.5927912761
121777.9594715235 126634.5131379478
122419.1694019396 126634.5131379478
126266.4289844362 126474.4334846194
126266.4289844362 125994.1945246343
129312.1761539127 120231.3270048134
129953.3860843289 118790.6101248582
129632.7811191208 119110.7694315149
129632.7811191208 119430.9287381716
129632.7811191208 119751.0880448284
129312.1761539127 119911.1676981567

120655.8420932953 135438.8940710075
120816.1445758993 135118.7347643508
123220.6818149597 133357.8585777388
129953.3860843289 118790.6101248582
129632.7811191208 119110.7694315149
129632.7811191208 119430.9287381716
129632.7811191208 119751.0880448284
129312.1761539127 119911.1676981567
129312.1761539127 120231.3270048134
122419.1694019396 126634.5131379478
121777.9594715235 126634.5131379478
121938.2619541275 126794.5927912761
121938.2619541275 126954.6724446045
121617.6569889195 126954.6724446045
121777.9594715235 127114.7520979328
121617.6569889195 127114.7520979328
121297.0520237114 127114.7520979328
121777.9594715235 127274.8317512612
121617.6569889195 127274.8317512612
121457.3545063154 127434.9114045895
121297.0520237114 127434.9114045895
121136.7495411074 127755.0707112463
120816.1445758993 127915.1503645746
120816.1445758993 128235.3096712314
120495.5396106913 128395.3893245597
117449.7924412148 130956.6637778134
117449.7924412148 131276.8230844702
117610.0949238188 131436.9027377985
117610.0949238188 131596.9823911269
117449.7924412148 131596.9823911269
117289.4899586107 131596.9823911269
117610.0949238188 131757.0620444552
117449.7924412148 131757.0620444552
117770.3974064228 131917.1416977836
117610.0949238188 131917.1416977836
117289.4899586107 131917.1416977836
117610.0949238188 132077.2213511119
117449.7924412148 132077.2213511119
117449.7924412148 132397.3806577687
117449.7924412148 132717.5399644254

120655.8420932953 135438.8940710075
120816.1445758993 135118.7347643508
123220.6818149597 133357.8585777388
117449.7924412148 132717.5399644254
117449.7924412148 132397.3806577687
117449.7924412148 132077.2213511119
117610.0949238188 132077.2213511119
117289.4899586107 131917.1416977836
117449.7924412148 131917.1416977836
117610.0949238188 131917.1416977836
117449.7924412148 131757.0620444552
117610.0949238188 131757.0620444552
117289.4899586107 131596.9823911269
117449.7924412148 131596.9823911269
117610.0949238188 131596.9823911269
117610.0949238188 131436.9027377985
117449.7924412148 131276.8230844702
117449.7924412148 130956.6637778134
120816.1445758993 128235.3096712314
129953.3860843289 118790.6101248582
129632.7811191208 119110.7694315149
129632.7811191208 119430.9287381716
129632.7811191208 119751.0880448284
129312.1761539127 119911.1676981567
129312.1761539127 120231.3270048134
126266.4289844362 125994.1945246343
122419.1694019396 126634.5131379478
121777.9594715235 126634.5131379478
121938.2619541275 126794.5927912761
121617.6569889195 126954.6724446045
121777.9594715235 127114.7520979328
121617.6569889195 127114.7520979328
121297.0520237114 127114.7520979328
121777.9594715235 127274.8317512612
121617.6569889195 127274.8317512612
121457.3545063154 127434.9114045895
121297.0520237114 127434.9114045895
121136.7495411074 127755.0707112463
120816.1445758993 127915.1503645746
120495.5396106913 128395.3893245597

120655.8420932953 135438.8940710075
120816.1445758993 135118.7347643508
123220.6818149597 133357.8585777388
117449.7924412148 132717.5399644254
117449.7924412148 132397.3806577687
117449.7924412148 132077.2213511119
117610.0949238188 132077.2213511119
117289.4899586107 131917.1416977836
117610.0949238188 131917.1416977836
117770.3974064228 131917.1416977836
117449.7924412148 131757.0620444552
117610.0949238188 131757.0620444552
117289.4899586107 131596.9823911269
117449.7924412148 131596.9823911269
117610.0949238188 131596.9823911269
117610.0949238188 131436.9027377985
117449.7924412148 131276.8230844702
117449.7924412148 130956.6637778134
120495.5396106913 128395.3893245597
120816.1445758993 128235.3096712314
120816.1445758993 127915.1503645746
121136.7495411074 127755.0707112463
121297.0520237114 127434.9114045895
121457.3545063154 127434.9114045895
121617.6569889195 127274.8317512612
121777.9594715235 127274.8317512612
121297.0520237114 127114.7520979328
121617.6569889195 127114.7520979328
121777.9594715235 127114.7520979328
121617.6569889195 126954.6724446045
121938.2619541275 126954.6724446045
121938.2619541275 126794.5927912761
121777.9594715235 126634.5131379478
122419.1694019396 126634.5131379478
129953.3860843289 118790.6101248582
129632.7811191208 119110.7694315149
129632.7811191208 119430.9287381716
129632.7811191208 119751.0880448284
129312.1761539127 119911.1676981567
121777.9594715235 126954.6724446045

120655.8420932953 135438.8940710075
120816.1445758993 135118.7347643508
123220.6818149597 133357.8585777388
117449.7924412148 132717.5399644254
117449.7924412148 132397.3806577687
117449.7924412148 132077.2213511119
117610.0949238188 132077.2213511119
117289.4899586107 131917.1416977836
117610.0949238188 131917.1416977836
117770.3974064228 131917.1416977836
117449.7924412148 131757.0620444552
117610.0949238188 131757.0620444552
117289.4899586107 131596.9823911269
117449.7924412148 131596.9823911269
117610.0949238188 131596.9823911269
117610.0949238188 131436.9027377985
117449.7924412148 131276.8230844702
117449.7924412148 130956.6637778134
120495.5396106913 128395.3893245597
120816.1445758993 128235.3096712314
120816.1445758993 127915.1503645746
121136.7495411074 127755.0707112463
129953.3860843289 118790.6101248582
129632.7811191208 119110.7694315149
129632.7811191208 119430.9287381716
129632.7811191208 119751.0880448284
129312.1761539127 119911.1676981567
129312.1761539127 120231.3270048134
126266.4289844362 125994.1945246343
122419.1694019396 126634.5131379478
121777.9594715235 126634.5131379478
121938.2619541275 126794.5927912761
121617.6569889195 126954.6724446045
121777.9594715235 127114.7520979328
121617.6569889195 127114.7520979328
121297.0520237114 127114.7520979328
121777.9594715235 127274.8317512612
121617.6569889195 127274.8317512612
121457.3545063154 127434.9114045895
121297.0520237114 127434.9114045895

120655.8420932953 135438.8940710075
117449.7924412148 132397.3806577687
117449.7924412148 132077.2213511119
117610.0949238188 132077.2213511119
117289.4899586107 131917.1416977836
117449.7924412148 131917.1416977836
117610.0949238188 131917.1416977836
117770.3974064228 131917.1416977836
117449.7924412148 131757.0620444552
117610.0949238188 131757.0620444552
117770.3974064228 131757.0620444552
117289.4899586107 131596.9823911269
117449.7924412148 131596.9823911269
117610.0949238188 131596.9823911269
117770.3974064228 131596.9823911269
121777.9594715235 126634.5131379478
121938.2619541275 126794.5927912761
121777.9594715235 126794.5927912761
121457.3545063154 126794.5927912761
121938.2619541275 126954.6724446045
121777.9594715235 126954.6724446045
121617.6569889195 126954.6724446045
121457.3545063154 126954.6724446045
121938.2619541275 127114.7520979328
121777.9594715235 127114.7520979328
121617.6569889195 127114.7520979328
121457.3545063154 127114.7520979328
121297.0520237114 127114.7520979328
121777.9594715235 127274.8317512612
121617.6569889195 127274.8317512612
121457.3545063154 127274.8317512612
121297.0520237114 127274.8317512612
121617.6569889195 127434.9114045895
121457.3545063154 127434.9114045895
121297.0520237114 127434.9114045895
121136.7495411074 127434.9114045895
121136.7495411074 127755.0707112463
117449.7924412148 131276.8230844702
117610.0949238188 131436.9027377985
117449.7924412148 131436.9027377985

120495.5396106913 135438.8940710075
120816.1445758993 135278.8144176791
120816.1445758993 134958.6551110224
122900.0768497517 133517.9382310671
123220.6818149597 133357.8585777388
129953.3860843289 118790.6101248582
129632.7811191208 119110.7694315149
129632.7811191208 119430.9287381716
129632.7811191208 119751.0880448284
129312.1761539127 119911.1676981567
128991.5711887047 120391.4066581418
117610.0949238188 132077.2213511119
128510.6637408926 120551.4863114702
128991.5711887047 121191.8049247836
130594.5960147450 123272.8404180522
130754.8984973490 124073.2386846940
126426.7314670403 125994.1945246343
121777.9594715235 126634.5131379478
122579.4718845436 126794.5927912761
121297.0520237114 126794.5927912761
121297.0520237114 127114.7520979328
120976.4470585034 127274.8317512612
121777.9594715235 127434.9114045895
120816.1445758993 127594.9910579179
121457.3545063154 127915.1503645746
121297.0520237114 128235.3096712314
120976.4470585034 128555.4689778881
120495.5396106913 128715.5486312164
133480.0407016175 130636.5044711567
133159.4357364094 130956.6637778134
117610.0949238188 130956.6637778134
117610.0949238188 131276.8230844702
117449.7924412148 131276.8230844702
117610.0949238188 131596.9823911269
117289.4899586107 131596.9823911269
117449.7924412148 132077.2213511119
117129.1874760067 132397.3806577687
123220.6818149597 132557.4603110970
117449.7924412148 132557.4603110970
123380.9842975638 133037.6992710821

120495.5396106913 135438.8940710075
120816.1445758993 135278.8144176791
120816.1445758993 134958.6551110224
129953.3860843289 118790.6101248582
129632.7811191208 119110.7694315149
129632.7811191208 119430.9287381716
129632.7811191208 119751.0880448284
129312.1761539127 119911.1676981567
129312.1761539127 120231.3270048134
126266.4289844362 125994.1945246343
122419.1694019396 126634.5131379478
121777.9594715235 126634.5131379478
121938.2619541275 126794.5927912761
121617.6569889195 126954.6724446045
121777.9594715235 127114.7520979328
121617.6569889195 127114.7520979328
121297.0520237114 127114.7520979328
121617.6569889195 127434.9114045895
121297.0520237114 127434.9114045895
120976.4470585034 127594.9910579179
120816.1445758993 127915.1503645746
120816.1445758993 128235.3096712314
120495.5396106913 128555.4689778881
133480.0407016175 130636.5044711567
117610.0949238188 131276.8230844702
117610.0949238188 131436.9027377985
117770.3974064228 131596.9823911269
128991.5711887047 120391.4066581418
117289.4899586107 131596.9823911269
132999.1332538054 132077.2213511119
117449.7924412148 132077.2213511119
123541.2867801678 132237.3010044403
123220.6818149597 132557.4603110970
117449.7924412148 132557.4603110970
117610.0949238188 132717.5399644254
123220.6818149597 132877.6196177537
123220.6818149597 133357.8585777388
122739.7743671477 133678.0178843956
116968.8849934027 134158.2568443806
116968.8849934027 134478.4161510373

120655.8420932953 135438.8940710075
120816.1445758993 135118.7347643508
123220.6818149597 133357.8585777388
117449.7924412148 132717.5399644254
129953.3860843289 118790.6101248582
129632.7811191208 119110.7694315149
129632.7811191208 119430.9287381716
129632.7811191208 119751.0880448284
129312.1761539127 119911.1676981567
129312.1761539127 120231.3270048134
122419.1694019396 126634.5131379478
121938.2619541275 126794.5927912761
121938.2619541275 126954.6724446045
121617.6569889195 126954.6724446045
121777.9594715235 127114.7520979328
121617.6569889195 127114.7520979328
121297.0520237114 127114.7520979328
121777.9594715235 127274.8317512612
121617.6569889195 127274.8317512612
121617.6569889195 127434.9114045895
121457.3545063154 127434.9114045895
121297.0520237114 127434.9114045895
121136.7495411074 127755.0707112463
120816.1445758993 127915.1503645746
120816.1445758993 128235.3096712314
120495.5396106913 128395.3893245597
117449.7924412148 130956.6637778134
117449.7924412148 131276.8230844702
117610.0949238188 131436.9027377985
117610.0949238188 131596.9823911269
117449.7924412148 131596.9823911269
117289.4899586107 131596.9823911269
117610.0949238188 131757.0620444552
117449.7924412148 131757.0620444552
117610.0949238188 131917.1416977836
117449.7924412148 131917.1416977836
117289.4899586107 131917.1416977836
117610.0949238188 132077.2213511119
117449.7924412148 132077.2213511119
117449.7924412148 132397.3806577687

120655.8420932953 135438.8940710075
120816.1445758993 135118.7347643508
123220.6818149597 133357.8585777388
117449.7924412148 132717.5399644254
117449.7924412148 132397.3806577687
117449.7924412148 132077.2213511119
117610.0949238188 132077.2213511119
117289.4899586107 131917.1416977836
117610.0949238188 131917.1416977836
117770.3974064228 131917.1416977836
117449.7924412148 131757.0620444552
117610.0949238188 131757.0620444552
117289.4899586107 131596.9823911269
117449.7924412148 131596.9823911269
117610.0949238188 131596.9823911269
117610.0949238188 131436.9027377985
117449.7924412148 131276.8230844702
117449.7924412148 130956.6637778134
120495.5396106913 128395.3893245597
120816.1445758993 128235.3096712314
120816.1445758993 127915.1503645746
121136.7495411074 127755.0707112463
129953.3860843289 118790.6101248582
129632.7811191208 119110.7694315149
129632.7811191208 119430.9287381716
129632.7811191208 119751.0880448284
129312.1761539127 119911.1676981567
129312.1761539127 120231.3270048134
122419.1694019396 126634.5131379478
121938.2619541275 126794.5927912761
121938.2619541275 126954.6724446045
121617.6569889195 126954.6724446045
121777.9594715235 127114.7520979328
121617.6569889195 127114.7520979328
121297.0520237114 127114.7520979328
121777.9594715235 127274.8317512612
121617.6569889195 127274.8317512612
121617.6569889195 127434.9114045895
121457.3545063154 127434.9114045895
121297.0520237114 127434.9114045895

120495.5396106913 135438.8940710075
120816.1445758993 135278.8144176791
120816.1445758993 134958.6551110224
122900.0768497517 133517.9382310671
123220.6818149597 133357.8585777388
123380.9842975638 133037.6992710821
117449.7924412148 132557.4603110970
117449.7924412148 132237.3010044403
117449.7924412148 131917.1416977836
117610.0949238188 131917.1416977836
117610.0949238188 131757.0620444552
117449.7924412148 131596.9823911269
117610.0949238188 131596.9823911269
117610.0949238188 131436.9027377985
117449.7924412148 131276.8230844702
117610.0949238188 131276.8230844702
117610.0949238188 130956.6637778134
133480.0407016175 130636.5044711567
129953.3860843289 118790.6101248582
129632.7811191208 119110.7694315149
129632.7811191208 119430.9287381716
129632.7811191208 119751.0880448284
129312.1761539127 119911.1676981567
129312.1761539127 120231.3270048134
126266.4289844362 125994.1945246343
122419.1694019396 126634.5131379478
121777.9594715235 126634.5131379478
121938.2619541275 126954.6724446045
121617.6569889195 126954.6724446045
121777.9594715235 127114.7520979328
121617.6569889195 127114.7520979328
121297.0520237114 127114.7520979328
121777.9594715235 127274.8317512612
121617.6569889195 127274.8317512612
121457.3545063154 127434.9114045895
121297.0520237114 127434.9114045895
121136.7495411074 127755.0707112463
120816.1445758993 127915.1503645746
120816.1445758993 128235.3096712314
120495.5396106913 128395.3893245597

120655.8420932953 135438.8940710075
120816.1445758993 135118.7347643508
117449.7924412148 132397.3806577687
117449.7924412148 132077.2213511119
117610.0949238188 132077.2213511119
121777.9594715235 126634.5131379478
121777.9594715235 126794.5927912761
121457.3545063154 126794.5927912761
121938.2619541275 126954.6724446045
121777.9594715235 126954.6724446045
121617.6569889195 126954.6724446045
121457.3545063154 126954.6724446045
121938.2619541275 127114.7520979328
121777.9594715235 127114.7520979328
121617.6569889195 127114.7520979328
121457.3545063154 127114.7520979328
121297.0520237114 127114.7520979328
121777.9594715235 127274.8317512612
121617.6569889195 127274.8317512612
121457.3545063154 127274.8317512612
121297.0520237114 127274.8317512612
121617.6569889195 127434.9114045895
121457.3545063154 127434.9114045895
121297.0520237114 127434.9114045895
121136.7495411074 127434.9114045895
121136.7495411074 127755.0707112463
120816.1445758993 127915.1503645746
117449.7924412148 131276.8230844702
117610.0949238188 131436.9027377985
117770.3974064228 131596.9823911269
117610.0949238188 131596.9823911269
117449.7924412148 131596.9823911269
117289.4899586107 131596.9823911269
117770.3974064228 131757.0620444552
117610.0949238188 131757.0620444552
117449.7924412148 131757.0620444552
117610.0949238188 131917.1416977836
117449.7924412148 131917.1416977836
117289.4899586107 131917.1416977836
117449.7924412148 132717.5399644254

120655.8420932953 135438.8940710075
120816.1445758993 135118.7347643508
117449.7924412148 132397.3806577687
121777.9594715235 126634.5131379478
121938.2619541275 126794.5927912761
121777.9594715235 126794.5927912761
121457.3545063154 126794.5927912761
121938.2619541275 126954.6724446045
121777.9594715235 126954.6724446045
121617.6569889195 126954.6724446045
121457.3545063154 126954.6724446045
121938.2619541275 127114.7520979328
121777.9594715235 127114.7520979328
121617.6569889195 127114.7520979328
121457.3545063154 127114.7520979328
121297.0520237114 127114.7520979328
121777.9594715235 127274.8317512612
121617.6569889195 127274.8317512612
121457.3545063154 127274.8317512612
121617.6569889195 127434.9114045895
121457.3545063154 127434.9114045895
121297.0520237114 127434.9114045895
121136.7495411074 127434.9114045895
121297.0520237114 127594.9910579179
121136.7495411074 127755.0707112463
120816.1445758993 127915.1503645746
117449.7924412148 131276.8230844702
117610.0949238188 131436.9027377985
117770.3974064228 131596.9823911269
117610.0949238188 131596.9823911269
117449.7924412148 131596.9823911269
117289.4899586107 131596.9823911269
117770.3974064228 131757.0620444552
117610.0949238188 131757.0620444552
117449.7924412148 131757.0620444552
117610.0949238188 131917.1416977836
117449.7924412148 131917.1416977836
117289.4899586107 131917.1416977836
117610.0949238188 132077.2213511119
117449.7924412148 132077.2213511119

120655.8420932953 135438.8940710075
120816.1445758993 135118.7347643508
117449.7924412148 132717.5399644254
117449.7924412148 132397.3806577687
129793.0836017248 119270.8490848433
121777.9594715235 126634.5131379478
121938.2619541275 126794.5927912761
121777.9594715235 126794.5927912761
121457.3545063154 126794.5927912761
121938.2619541275 126954.6724446045
121777.9594715235 126954.6724446045
121617.6569889195 126954.6724446045
121938.2619541275 127114.7520979328
121777.9594715235 127114.7520979328
121617.6569889195 127114.7520979328
121457.3545063154 127114.7520979328
121297.0520237114 127114.7520979328
121777.9594715235 127274.8317512612
121617.6569889195 127274.8317512612
121457.3545063154 127274.8317512612
121617.6569889195 127434.9114045895
121457.3545063154 127434.9114045895
121297.0520237114 127434.9114045895
121297.0520237114 127755.0707112463
121136.7495411074 127755.0707112463
120816.1445758993 127915.1503645746
117449.7924412148 131276.8230844702
117610.0949238188 131436.9027377985
117770.3974064228 131596.9823911269
117610.0949238188 131596.9823911269
117449.7924412148 131596.9823911269
117289.4899586107 131596.9823911269
117770.3974064228 131757.0620444552
117610.0949238188 131757.0620444552
117449.7924412148 131757.0620444552
117610.0949238188 131917.1416977836
117449.7924412148 131917.1416977836
117289.4899586107 131917.1416977836
117610.0949238188 132077.2213511119
117449.7924412148 132077.2213511119

120174.9346454832 135438.8940710075
124984.0091236040 134638.4958043657
121457.3545063154 134158.2568443806
125625.2190540201 133998.1771910522
118411.6073368389 133517.9382310671
124022.1942279799 132397.3806577687
126266.4289844362 132397.3806577687
117449.7924412148 132237.3010044403
125144.3116062081 132237.3010044403
118732.2123020470 132077.2213511119
127869.4538104765 131917.1416977836
120976.4470585034 131757.0620444552
123220.6818149597 131596.9823911269
129953.3860843289 118790.6101248582
129632.7811191208 119110.7694315149
129632.7811191208 119430.9287381716
129632.7811191208 119751.0880448284
129312.1761539127 119911.1676981567
128991.5711887047 120391.4066581418
129472.4786365168 120551.4863114702
128510.6637408926 120551.4863114702
128991.5711887047 121191.8049247836
130594.5960147450 123272.8404180522
130754.8984973490 124073.2386846940
126426.7314670403 125994.1945246343
121777.9594715235 126634.5131379478
122579.4718845436 126794.5927912761
121297.0520237114 126794.5927912761
121297.0520237114 127114.7520979328
120976.4470585034 127274.8317512612
121777.9594715235 127434.9114045895
120816.1445758993 127594.9910579179
121457.3545063154 127915.1503645746
121297.0520237114 128235.3096712314
120976.4470585034 128555.4689778881
120495.5396106913 128715.5486312164
133480.0407016175 130636.5044711567
133159.4357364094 130956.6637778134
117610.0949238188 130956.6637778134
117610.0949238188 131276.8230844702

120495.5396106913 135438.8940710075
120816.1445758993 135278.8144176791
120816.1445758993 134958.6551110224
117449.7924412148 132717.5399644254
117449.7924412148 132397.3806577687
117449.7924412148 132077.2213511119
117610.0949238188 132077.2213511119
117289.4899586107 131917.1416977836
117449.7924412148 131917.1416977836
117610.0949238188 131917.1416977836
117449.7924412148 131757.0620444552
117610.0949238188 131757.0620444552
117289.4899586107 131596.9823911269
117449.7924412148 131596.9823911269
117610.0949238188 131596.9823911269
117610.0949238188 131436.9027377985
117449.7924412148 131276.8230844702
117449.7924412148 130956.6637778134
120495.5396106913 128395.3893245597
120816.1445758993 128235.3096712314
120816.1445758993 127915.1503645746
129953.3860843289 118790.6101248582
129632.7811191208 119110.7694315149
129632.7811191208 119430.9287381716
129632.7811191208 119751.0880448284
129312.1761539127 119911.1676981567
129312.1761539127 120231.3270048134
126266.4289844362 125994.1945246343
122419.1694019396 126634.5131379478
121777.9594715235 126634.5131379478
121938.2619541275 126794.5927912761
121617.6569889195 126954.6724446045
121777.9594715235 127114.7520979328
121617.6569889195 127114.7520979328
121297.0520237114 127114.7520979328
121777.9594715235 127274.8317512612
121617.6569889195 127274.8317512612
121457.3545063154 127434.9114045895
121297.0520237114 127434.9114045895
121136.7495411074 127755.0707112463

120655.8420932953 135438.8940710075
120816.1445758993 135118.7347643508
123220.6818149597 133357.8585777388
117449.7924412148 132717.5399644254
117449.7924412148 132397.3806577687
117449.7924412148 132077.2213511119
117610.0949238188 132077.2213511119
117289.4899586107 131917.1416977836
117449.7924412148 131917.1416977836
117610.0949238188 131917.1416977836
117449.7924412148 131757.0620444552
117610.0949238188 131757.0620444552
117289.4899586107 131596.9823911269
117449.7924412148 131596.9823911269
117610.0949238188 131596.9823911269
117610.0949238188 131436.9027377985
117449.7924412148 131276.8230844702
117449.7924412148 130956.6637778134
120816.1445758993 128235.3096712314
120816.1445758993 127915.1503645746
121136.7495411074 127755.0707112463
121297.0520237114 127434.9114045895
121457.3545063154 127434.9114045895
121617.6569889195 127434.9114045895
121457.3545063154 127274.8317512612
121617.6569889195 127274.8317512612
121777.9594715235 127274.8317512612
121297.0520237114 127114.7520979328
121617.6569889195 127114.7520979328
121777.9594715235 127114.7520979328
121617.6569889195 126954.6724446045
121777.9594715235 126954.6724446045
121938.2619541275 126954.6724446045
121777.9594715235 126634.5131379478
122419.1694019396 126634.5131379478
129793.0836017248 118950.6897781866
129793.0836017248 119270.8490848433
129632.7811191208 119591.0083915000
121457.3545063154 126794.5927912761
121938.2619541275 127114.7520979328

120655.8420932953 135438.8940710075
120816.1445758993 135118.7347643508
117449.7924412148 132717.5399644254
117449.7924412148 132397.3806577687
117449.7924412148 132077.2213511119
117610.0949238188 132077.2213511119
117289.4899586107 131917.1416977836
117449.7924412148 131917.1416977836
117610.0949238188 131917.1416977836
117449.7924412148 131757.0620444552
117610.0949238188 131757.0620444552
117770.3974064228 131757.0620444552
117289.4899586107 131596.9823911269
117449.7924412148 131596.9823911269
117610.0949238188 131596.9823911269
117610.0949238188 131436.9027377985
117449.7924412148 131276.8230844702
120816.1445758993 128235.3096712314
120816.1445758993 127915.1503645746
121136.7495411074 127755.0707112463
121297.0520237114 127434.9114045895
121457.3545063154 127434.9114045895
121617.6569889195 127434.9114045895
121457.3545063154 127274.8317512612
121617.6569889195 127274.8317512612
121777.9594715235 127274.8317512612
121297.0520237114 127114.7520979328
121457.3545063154 127114.7520979328
121617.6569889195 127114.7520979328
121777.9594715235 127114.7520979328
121938.2619541275 127114.7520979328
121457.3545063154 126954.6724446045
121617.6569889195 126954.6724446045
121777.9594715235 126954.6724446045
121938.2619541275 126954.6724446045
121457.3545063154 126794.5927912761
121777.9594715235 126794.5927912761
121938.2619541275 126794.5927912761
121777.9594715235 126634.5131379478
129793.0836017248 119270.8490848433

120655.8420932953 135438.8940710075
120816.1445758993 135118.7347643508
117449.7924412148 132397.3806577687
121777.9594715235 126634.5131379478
121938.2619541275 126794.5927912761
121777.9594715235 126794.5927912761
121457.3545063154 126794.5927912761
121938.2619541275 126954.6724446045
121777.9594715235 126954.6724446045
121617.6569889195 126954.6724446045
121457.3545063154 126954.6724446045
121938.2619541275 127114.7520979328
121777.9594715235 127114.7520979328
121617.6569889195 127114.7520979328
121457.3545063154 127114.7520979328
121297.0520237114 127114.7520979328
121777.9594715235 127274.8317512612
121617.6569889195 127274.8317512612
121457.3545063154 127274.8317512612
121297.0520237114 127274.8317512612
121617.6569889195 127434.9114045895
121457.3545063154 127434.9114045895
121297.0520237114 127434.9114045895
121136.7495411074 127434.9114045895
121136.7495411074 127755.0707112463
117449.7924412148 131276.8230844702
117610.0949238188 131436.9027377985
117449.7924412148 131436.9027377985
117770.3974064228 131596.9823911269
117610.0949238188 131596.9823911269
117449.7924412148 131596.9823911269
117289.4899586107 131596.9823911269
117770.3974064228 131757.0620444552
117610.0949238188 131757.0620444552
117449.7924412148 131757.0620444552
117610.0949238188 131917.1416977836
117449.7924412148 131917.1416977836
117289.4899586107 131917.1416977836
117610.0949238188 132077.2213511119
117449.7924412148 132077.2213511119

120655.8420932953 135438.8940710075
120816.1445758993 135118.7347643508
117449.7924412148 132717.5399644254
117449.7924412148 132397.3806577687
117449.7924412148 132077.2213511119
117610.0949238188 132077.2213511119
117289.4899586107 131917.1416977836
117449.7924412148 131917.1416977836
117610.0949238188 131917.1416977836
117449.7924412148 131757.0620444552
117610.0949238188 131757.0620444552
117770.3974064228 131757.0620444552
117289.4899586107 131596.9823911269
117449.7924412148 131596.9823911269
117610.0949238188 131596.9823911269
117610.0949238188 131436.9027377985
117449.7924412148 131276.8230844702
117449.7924412148 130956.6637778134
120816.1445758993 128235.3096712314
120816.1445758993 127915.1503645746
129953.3860843289 118790.6101248582
129632.7811191208 119110.7694315149
129632.7811191208 119430.9287381716
129632.7811191208 119751.0880448284
129312.1761539127 119911.1676981567
129312.1761539127 120231.3270048134
122419.1694019396 126634.5131379478
121938.2619541275 126794.5927912761
121938.2619541275 126954.6724446045
121617.6569889195 126954.6724446045
121777.9594715235 127114.7520979328
121617.6569889195 127114.7520979328
121297.0520237114 127114.7520979328
121777.9594715235 127274.8317512612
121617.6569889195 127274.8317512612
121617.6569889195 127434.9114045895
121457.3545063154 127434.9114045895
121297.0520237114 127434.9114045895
121136.7495411074 127755.0707112463
120495.5396106913 128395.3893245597

120655.8420932953 135438.8940710075
120816.1445758993 135118.7347643508
123220.6818149597 133357.8585777388
117449.7924412148 132717.5399644254
117449.7924412148 132397.3806577687
117449.7924412148 132077.2213511119
117610.0949238188 132077.2213511119
117289.4899586107 131917.1416977836
117449.7924412148 131917.1416977836
117610.0949238188 131917.1416977836
117449.7924412148 131757.0620444552
117610.0949238188 131757.0620444552
117289.4899586107 131596.9823911269
117449.7924412148 131596.9823911269
117610.0949238188 131596.9823911269
117610.0949238188 131436.9027377985
117449.7924412148 131276.8230844702
117449.7924412148 130956.6637778134
120816.1445758993 128235.3096712314
129793.0836017248 118950.6897781866
129793.0836017248 119270.8490848433
129632.7811191208 119591.0083915000
122419.1694019396 126634.5131379478
121777.9594715235 126634.5131379478
121457.3545063154 126794.5927912761
121938.2619541275 126954.6724446045
121777.9594715235 126954.6724446045
121617.6569889195 126954.6724446045
121938.2619541275 127114.7520979328
121777.9594715235 127114.7520979328
121617.6569889195 127114.7520979328
121457.3545063154 127114.7520979328
121297.0520237114 127114.7520979328
121777.9594715235 127274.8317512612
121617.6569889195 127274.8317512612
121457.3545063154 127274.8317512612
121617.6569889195 127434.9114045895
121297.0520237114 127434.9114045895
121136.7495411074 127755.0707112463
120816.1445758993 127915.1503645746

120655.8420932953 135438.8940710075
120816.1445758993 135118.7347643508
123220.6818149597 133357.8585777388
117449.7924412148 132717.5399644254
117449.7924412148 132397.3806577687
129953.3860843289 118790.6101248582
129632.7811191208 119110.7694315149
129632.7811191208 119430.9287381716
129632.7811191208 119751.0880448284
129312.1761539127 119911.1676981567
122419.1694019396 126634.5131379478
121777.9594715235 126634.5131379478
121938.2619541275 126954.6724446045
121777.9594715235 126954.6724446045
121617.6569889195 126954.6724446045
121777.9594715235 127114.7520979328
121617.6569889195 127114.7520979328
121297.0520237114 127114.7520979328
121777.9594715235 127274.8317512612
121617.6569889195 127274.8317512612
121457.3545063154 127274.8317512612
121617.6569889195 127434.9114045895
121457.3545063154 127434.9114045895
121297.0520237114 127434.9114045895
121136.7495411074 127755.0707112463
120816.1445758993 127915.1503645746
120816.1445758993 128235.3096712314
117449.7924412148 130956.6637778134
117449.7924412148 131276.8230844702
117610.0949238188 131436.9027377985
117610.0949238188 131596.9823911269
117449.7924412148 131596.9823911269
117289.4899586107 131596.9823911269
117610.0949238188 131757.0620444552
117449.7924412148 131757.0620444552
117610.0949238188 131917.1416977836
117449.7924412148 131917.1416977836
117289.4899586107 131917.1416977836
117610.0949238188 132077.2213511119
117449.7924412148 132077.2213511119

120655.8420932953 135438.8940710075
120816.1445758993 135118.7347643508
123220.6818149597 133357.8585777388
129793.0836017248 118950.6897781866
129793.0836017248 119270.8490848433
129632.7811191208 119591.0083915000
121777.9594715235 126634.5131379478
121777.9594715235 126794.5927912761
121457.3545063154 126794.5927912761
121938.2619541275 126954.6724446045
121777.9594715235 126954.6724446045
121617.6569889195 126954.6724446045
121938.2619541275 127114.7520979328
121777.9594715235 127114.7520979328
121617.6569889195 127114.7520979328
121457.3545063154 127114.7520979328
121297.0520237114 127114.7520979328
121777.9594715235 127274.8317512612
121617.6569889195 127274.8317512612
121617.6569889195 127434.9114045895
121457.3545063154 127434.9114045895
121297.0520237114 127434.9114045895
121136.7495411074 127755.0707112463
120816.1445758993 127915.1503645746
120816.1445758993 128235.3096712314
117449.7924412148 130956.6637778134
117449.7924412148 131276.8230844702
117610.0949238188 131436.9027377985
117610.0949238188 131596.9823911269
117449.7924412148 131596.9823911269
117289.4899586107 131596.9823911269
117610.0949238188 131757.0620444552
117449.7924412148 131757.0620444552
117610.0949238188 131917.1416977836
117449.7924412148 131917.1416977836
117289.4899586107 131917.1416977836
117610.0949238188 132077.2213511119
117449.7924412148 132077.2213511119
117449.7924412148 132397.3806577687
117449.7924412148 132717.5399644254

120495.5396106913 135438.8940710075
120816.1445758993 135278.8144176791
120816.1445758993 134958.6551110224
117449.7924412148 132717.5399644254
117449.7924412148 132397.3806577687
117449.7924412148 132077.2213511119
117610.0949238188 132077.2213511119
117289.4899586107 131917.1416977836
117449.7924412148 131917.1416977836
117610.0949238188 131917.1416977836
117449.7924412148 131757.0620444552
117610.0949238188 131757.0620444552
117289.4899586107 131596.9823911269
117449.7924412148 131596.9823911269
117610.0949238188 131596.9823911269
117610.0949238188 131436.9027377985
117449.7924412148 131276.8230844702
117449.7924412148 130956.6637778134
120495.5396106913 128395.3893245597
120816.1445758993 128235.3096712314
120816.1445758993 127915.1503645746
121136.7495411074 127755.0707112463
121297.0520237114 127434.9114045895
121457.3545063154 127434.9114045895
121617.6569889195 127434.9114045895
121617.6569889195 127274.8317512612
121777.9594715235 127274.8317512612
121297.0520237114 127114.7520979328
121617.6569889195 127114.7520979328
121777.9594715235 127114.7520979328
121617.6569889195 126954.6724446045
121938.2619541275 126954.6724446045
129953.3860843289 118790.6101248582
129632.7811191208 119110.7694315149
129632.7811191208 119430.9287381716
129632.7811191208 119751.0880448284
129312.1761539127 119911.1676981567
122419.1694019396 126634.5131379478
121777.9594715235 126634.5131379478
121777.9594715235 126954.6724446045

120816.1445758993 135118.7347643508
117449.7924412148 132397.3806577687
117449.7924412148 132077.2213511119
117610.0949238188 132077.2213511119
121938.2619541275 126794.5927912761
121777.9594715235 126794.5927912761
121617.6569889195 126794.5927912761
121457.3545063154 126794.5927912761
121938.2619541275 126954.6724446045
121777.9594715235 126954.6724446045
121617.6569889195 126954.6724446045
121457.3545063154 126954.6724446045
121938.2619541275 127114.7520979328
121777.9594715235 127114.7520979328
121617.6569889195 127114.7520979328
121457.3545063154 127114.7520979328
121297.0520237114 127114.7520979328
121777.9594715235 127274.8317512612
121617.6569889195 127274.8317512612
121457.3545063154 127274.8317512612
121297.0520237114 127274.8317512612
121617.6569889195 127434.9114045895
121457.3545063154 127434.9114045895
121297.0520237114 127434.9114045895
121136.7495411074 127434.9114045895
121297.0520237114 127594.9910579179
117610.0949238188 131436.9027377985
117449.7924412148 131436.9027377985
117289.4899586107 131436.9027377985
117770.3974064228 131596.9823911269
117610.0949238188 131596.9823911269
117449.7924412148 131596.9823911269
117770.3974064228 131757.0620444552
117610.0949238188 131757.0620444552
117449.7924412148 131757.0620444552
117289.4899586107 131757.0620444552
117770.3974064228 131917.1416977836
117610.0949238188 131917.1416977836
117449.7924412148 131917.1416977836
117289.4899586107 131917.1416977836

120816.1445758993 135118.7347643508
117449.7924412148 132397.3806577687
117449.7924412148 132077.2213511119
117610.0949238188 132077.2213511119
117289.4899586107 131917.1416977836
117449.7924412148 131917.1416977836
117610.0949238188 131917.1416977836
117770.3974064228 131917.1416977836
117449.7924412148 131757.0620444552
117610.0949238188 131757.0620444552
117770.3974064228 131757.0620444552
117289.4899586107 131596.9823911269
117449.7924412148 131596.9823911269
117610.0949238188 131596.9823911269
117770.3974064228 131596.9823911269
121777.9594715235 126634.5131379478
121938.2619541275 126794.5927912761
121777.9594715235 126794.5927912761
121457.3545063154 126794.5927912761
121938.2619541275 126954.6724446045
121777.9594715235 126954.6724446045
121617.6569889195 126954.6724446045
121457.3545063154 126954.6724446045
121938.2619541275 127114.7520979328
121777.9594715235 127114.7520979328
121617.6569889195 127114.7520979328
121457.3545063154 127114.7520979328
121297.0520237114 127114.7520979328
121777.9594715235 127274.8317512612
121617.6569889195 127274.8317512612
121457.3545063154 127274.8317512612
121297.0520237114 127274.8317512612
121617.6569889195 127434.9114045895
121457.3545063154 127434.9114045895
121297.0520237114 127434.9114045895
121136.7495411074 127434.9114045895
121136.7495411074 127755.0707112463
117449.7924412148 131276.8230844702
117610.0949238188 131436.9027377985
117449.7924412148 131436.9027377985

120655.8420932953 135438.8940710075
120816.1445758993 135118.7347643508
117449.7924412148 132717.5399644254
117449.7924412148 132397.3806577687
129953.3860843289 118790.6101248582
129632.7811191208 119110.7694315149
129632.7811191208 119430.9287381716
129632.7811191208 119751.0880448284
122419.1694019396 126634.5131379478
121777.9594715235 126634.5131379478
121938.2619541275 126954.6724446045
121777.9594715235 126954.6724446045
121617.6569889195 126954.6724446045
121938.2619541275 127114.7520979328
121777.9594715235 127114.7520979328
121617.6569889195 127114.7520979328
121297.0520237114 127114.7520979328
121777.9594715235 127274.8317512612
121617.6569889195 127274.8317512612
121457.3545063154 127274.8317512612
121617.6569889195 127434.9114045895
121457.3545063154 127434.9114045895
121297.0520237114 127434.9114045895
121136.7495411074 127755.0707112463
120816.1445758993 127915.1503645746
120816.1445758993 128235.3096712314
117449.7924412148 130956.6637778134
117449.7924412148 131276.8230844702
117610.0949238188 131436.9027377985
117610.0949238188 131596.9823911269
117449.7924412148 131596.9823911269
117289.4899586107 131596.9823911269
117770.3974064228 131757.0620444552
117610.0949238188 131757.0620444552
117449.7924412148 131757.0620444552
117610.0949238188 131917.1416977836
117449.7924412148 131917.1416977836
117289.4899586107 131917.1416977836
117610.0949238188 132077.2213511119
117449.7924412148 132077.2213511119

120655.8420932953 135438.8940710075
120816.1445758993 135118.7347643508
123220.6818149597 133357.8585777388
117449.7924412148 132717.5399644254
117449.7924412148 132397.3806577687
117449.7924412148 132077.2213511119
117610.0949238188 132077.2213511119
117289.4899586107 131917.1416977836
117610.0949238188 131917.1416977836
117770.3974064228 131917.1416977836
117449.7924412148 131757.0620444552
117610.0949238188 131757.0620444552
117289.4899586107 131596.9823911269
117449.7924412148 131596.9823911269
117610.0949238188 131596.9823911269
117610.0949238188 131436.9027377985
117449.7924412148 131276.8230844702
117449.7924412148 130956.6637778134
120495.5396106913 128395.3893245597
120816.1445758993 128235.3096712314
120816.1445758993 127915.1503645746
121136.7495411074 127755.0707112463
121297.0520237114 127434.9114045895
121457.3545063154 127434.9114045895
121617.6569889195 127274.8317512612
121777.9594715235 127274.8317512612
121297.0520237114 127114.7520979328
121617.6569889195 127114.7520979328
121777.9594715235 127114.7520979328
121617.6569889195 126954.6724446045
121938.2619541275 126954.6724446045
121777.9594715235 126634.5131379478
122419.1694019396 126634.5131379478
129953.3860843289 118790.6101248582
129632.7811191208 119110.7694315149
129632.7811191208 119430.9287381716
129632.7811191208 119751.0880448284
129312.1761539127 119911.1676981567
121777.9594715235 126954.6724446045
121457.3545063154 127274.8317512612

120655.8420932953 135438.8940710075
120816.1445758993 135118.7347643508
117449.7924412148 132397.3806577687
117449.7924412148 132077.2213511119
117610.0949238188 132077.2213511119
117289.4899586107 131917.1416977836
117449.7924412148 131917.1416977836
117610.0949238188 131917.1416977836
117770.3974064228 131917.1416977836
117449.7924412148 131757.0620444552
117610.0949238188 131757.0620444552
117770.3974064228 131757.0620444552
117289.4899586107 131596.9823911269
117449.7924412148 131596.9823911269
117610.0949238188 131596.9823911269
117770.3974064228 131596.9823911269
117610.0949238188 131436.9027377985
121777.9594715235 126634.5131379478
121938.2619541275 126794.5927912761
121777.9594715235 126794.5927912761
121457.3545063154 126794.5927912761
121938.2619541275 126954.6724446045
121777.9594715235 126954.6724446045
121617.6569889195 126954.6724446045
121457.3545063154 126954.6724446045
121938.2619541275 127114.7520979328
121777.9594715235 127114.7520979328
121617.6569889195 127114.7520979328
121457.3545063154 127114.7520979328
121297.0520237114 127114.7520979328
121777.9594715235 127274.8317512612
121617.6569889195 127274.8317512612
121457.3545063154 127274.8317512612
121297.0520237114 127274.8317512612
121617.6569889195 127434.9114045895
121457.3545063154 127434.9114045895
121297.0520237114 127434.9114045895
121136.7495411074 127434.9114045895
121136.7495411074 127755.0707112463
117449.7924412148 131276.8230844702

120655.8420932953 135438.8940710075
117449.7924412148 132397.3806577687
121938.2619541275 126794.5927912761
121777.9594715235 126794.5927912761
121617.6569889195 126794.5927912761
121457.3545063154 126794.5927912761
121938.2619541275 126954.6724446045
121777.9594715235 126954.6724446045
121617.6569889195 126954.6724446045
121457.3545063154 126954.6724446045
121938.2619541275 127114.7520979328
121777.9594715235 127114.7520979328
121617.6569889195 127114.7520979328
121457.3545063154 127114.7520979328
121297.0520237114 127114.7520979328
121777.9594715235 127274.8317512612
121617.6569889195 127274.8317512612
121457.3545063154 127274.8317512612
121297.0520237114 127274.8317512612
121617.6569889195 127434.9114045895
121457.3545063154 127434.9114045895
121297.0520237114 127434.9114045895
121136.7495411074 127434.9114045895
121297.0520237114 127594.9910579179
117449.7924412148 131276.8230844702
117610.0949238188 131436.9027377985
117449.7924412148 131436.9027377985
117770.3974064228 131596.9823911269
117610.0949238188 131596.9823911269
117449.7924412148 131596.9823911269
117289.4899586107 131596.9823911269
117770.3974064228 131757.0620444552
117610.0949238188 131757.0620444552
117449.7924412148 131757.0620444552
117770.3974064228 131917.1416977836
117610.0949238188 131917.1416977836
117449.7924412148 131917.1416977836
117289.4899586107 131917.1416977836
117610.0949238188 132077.2213511119
117449.7924412148 132077.2213511119

120495.5396106913 135438.8940710075
120816.1445758993 135278.8144176791
120816.1445758993 134958.6551110224
117449.7924412148 132397.3806577687
117449.7924412148 132077.2213511119
117610.0949238188 132077.2213511119
117289.4899586107 131917.1416977836
117449.7924412148 131917.1416977836
117610.0949238188 131917.1416977836
117449.7924412148 131757.0620444552
117610.0949238188 131757.0620444552
117770.3974064228 131757.0620444552
117289.4899586107 131596.9823911269
117449.7924412148 131596.9823911269
117610.0949238188 131596.9823911269
117610.0949238188 131436.9027377985
117449.7924412148 131276.8230844702
117449.7924412148 130956.6637778134
120816.1445758993 128235.3096712314
120816.1445758993 127915.1503645746
121136.7495411074 127755.0707112463
121297.0520237114 127434.9114045895
121457.3545063154 127434.9114045895
121617.6569889195 127434.9114045895
121457.3545063154 127274.8317512612
121617.6569889195 127274.8317512612
121777.9594715235 127274.8317512612
121297.0520237114 127114.7520979328
121617.6569889195 127114.7520979328
121777.9594715235 127114.7520979328
121938.2619541275 127114.7520979328
121617.6569889195 126954.6724446045
121777.9594715235 126954.6724446045
121938.2619541275 126954.6724446045
121777.9594715235 126634.5131379478
122419.1694019396 126634.5131379478
129793.0836017248 118950.6897781866
129793.0836017248 119270.8490848433
129632.7811191208 119591.0083915000
129632.7811191208 119911.1676981567

120816.1445758993 135118.7347643508
117449.7924412148 132397.3806577687
117449.7924412148 132077.2213511119
117610.0949238188 132077.2213511119
117289.4899586107 131917.1416977836
117449.7924412148 131917.1416977836
117610.0949238188 131917.1416977836
117770.3974064228 131917.1416977836
117449.7924412148 131757.0620444552
117610.0949238188 131757.0620444552
117770.3974064228 131757.0620444552
117289.4899586107 131596.9823911269
117449.7924412148 131596.9823911269
117610.0949238188 131596.9823911269
117770.3974064228 131596.9823911269
117449.7924412148 131436.9027377985
117610.0949238188 131436.9027377985
117449.7924412148 131276.8230844702
121136.7495411074 127755.0707112463
121297.0520237114 127594.9910579179
121136.7495411074 127434.9114045895
121297.0520237114 127434.9114045895
121457.3545063154 127434.9114045895
121777.9594715235 126634.5131379478
121938.2619541275 126794.5927912761
121777.9594715235 126794.5927912761
121457.3545063154 126794.5927912761
121938.2619541275 126954.6724446045
121777.9594715235 126954.6724446045
121617.6569889195 126954.6724446045
121457.3545063154 126954.6724446045
121938.2619541275 127114.7520979328
121777.9594715235 127114.7520979328
121617.6569889195 127114.7520979328
121457.3545063154 127114.7520979328
121297.0520237114 127114.7520979328
121777.9594715235 127274.8317512612
121617.6569889195 127274.8317512612
121457.3545063154 127274.8317512612
121297.0520237114 127274.8317512612

120655.8420932953 135438.8940710075
120816.1445758993 135118.7347643508
117449.7924412148 132717.5399644254
117449.7924412148 132397.3806577687
117449.7924412148 132077.2213511119
117610.0949238188 132077.2213511119
117289.4899586107 131917.1416977836
117449.7924412148 131917.1416977836
117610.0949238188 131917.1416977836
117449.7924412148 131757.0620444552
117610.0949238188 131757.0620444552
117770.3974064228 131757.0620444552
117289.4899586107 131596.9823911269
117449.7924412148 131596.9823911269
117610.0949238188 131596.9823911269
117610.0949238188 131436.9027377985
117449.7924412148 131276.8230844702
117449.7924412148 130956.6637778134
120816.1445758993 128235.3096712314
120816.1445758993 127915.1503645746
121136.7495411074 127755.0707112463
121297.0520237114 127755.0707112463
121297.0520237114 127434.9114045895
121457.3545063154 127434.9114045895
121617.6569889195 127434.9114045895
121617.6569889195 127274.8317512612
121777.9594715235 127274.8317512612
129793.0836017248 118950.6897781866
129793.0836017248 119270.8490848433
129632.7811191208 119591.0083915000
129632.7811191208 119911.1676981567
121777.9594715235 126634.5131379478
121457.3545063154 126794.5927912761
121938.2619541275 126954.6724446045
121777.9594715235 126954.6724446045
121617.6569889195 126954.6724446045
121938.2619541275 127114.7520979328
121777.9594715235 127114.7520979328
121617.6569889195 127114.7520979328
121457.3545063154 127114.7520979328

120655.8420932953 135438.8940710075
120816.1445758993 135118.7347643508
123220.6818149597 133357.8585777388
117449.7924412148 132717.5399644254
117449.7924412148 132397.3806577687
117449.7924412148 132077.2213511119
117289.4899586107 131917.1416977836
117610.0949238188 131917.1416977836
117770.3974064228 131917.1416977836
117449.7924412148 131757.0620444552
117610.0949238188 131757.0620444552
117770.3974064228 131757.0620444552
117289.4899586107 131596.9823911269
117449.7924412148 131596.9823911269
117610.0949238188 131596.9823911269
117610.0949238188 131436.9027377985
129793.0836017248 118950.6897781866
129793.0836017248 119270.8490848433
129632.7811191208 119591.0083915000
129632.7811191208 119911.1676981567
121777.9594715235 126634.5131379478
121457.3545063154 126794.5927912761
121938.2619541275 126954.6724446045
121777.9594715235 126954.6724446045
121617.6569889195 126954.6724446045
121938.2619541275 127114.7520979328
121777.9594715235 127114.7520979328
121617.6569889195 127114.7520979328
121457.3545063154 127114.7520979328
121297.0520237114 127114.7520979328
121777.9594715235 127274.8317512612
121617.6569889195 127274.8317512612
121457.3545063154 127274.8317512612
121617.6569889195 127434.9114045895
121297.0520237114 127434.9114045895
121136.7495411074 127755.0707112463
120816.1445758993 127915.1503645746
120816.1445758993 128235.3096712314
117449.7924412148 130956.6637778134
117449.7924412148 131276.8230844702

120495.5396106913 135438.8940710075
120816.1445758993 135278.8144176791
120816.1445758993 134958.6551110224
121136.7495411074 134958.6551110224
123220.6818149597 133357.8585777388
123380.9842975638 133037.6992710821
117449.7924412148 132557.4603110970
117449.7924412148 132237.3010044403
117449.7924412148 131917.1416977836
117610.0949238188 131917.1416977836
117610.0949238188 131757.0620444552
117449.7924412148 131596.9823911269
117610.0949238188 131596.9823911269
117610.0949238188 131436.9027377985
117449.7924412148 131276.8230844702
117610.0949238188 131276.8230844702
117610.0949238188 130956.6637778134
133480.0407016175 130636.5044711567
120495.5396106913 128395.3893245597
120816.1445758993 128235.3096712314
120816.1445758993 127915.1503645746
121136.7495411074 127755.0707112463
121297.0520237114 127434.9114045895
121457.3545063154 127434.9114045895
121617.6569889195 127274.8317512612
121777.9594715235 127274.8317512612
121297.0520237114 127114.7520979328
121617.6569889195 127114.7520979328
121777.9594715235 127114.7520979328
121617.6569889195 126954.6724446045
121938.2619541275 126794.5927912761
121777.9594715235 126634.5131379478
122419.1694019396 126634.5131379478
126266.4289844362 125994.1945246343
129953.3860843289 118790.6101248582
129632.7811191208 119110.7694315149
129632.7811191208 119430.9287381716
129632.7811191208 119751.0880448284
129312.1761539127 119911.1676981567
129312.1761539127 120231.3270048134

120655.8420932953 135438.8940710075
120816.1445758993 135118.7347643508
117449.7924412148 132717.5399644254
117449.7924412148 132397.3806577687
129793.0836017248 118950.6897781866
129793.0836017248 119270.8490848433
129632.7811191208 119591.0083915000
121777.9594715235 126634.5131379478
121457.3545063154 126794.5927912761
121938.2619541275 126954.6724446045
121777.9594715235 126954.6724446045
121617.6569889195 126954.6724446045
121938.2619541275 127114.7520979328
121777.9594715235 127114.7520979328
121617.6569889195 127114.7520979328
121457.3545063154 127114.7520979328
121297.0520237114 127114.7520979328
121777.9594715235 127274.8317512612
121617.6569889195 127274.8317512612
121457.3545063154 127274.8317512612
121617.6569889195 127434.9114045895
129632.7811191208 119911.1676981567
121297.0520237114 127434.9114045895
121136.7495411074 127755.0707112463
120816.1445758993 127915.1503645746
120816.1445758993 128235.3096712314
117449.7924412148 130956.6637778134
117449.7924412148 131276.8230844702
117610.0949238188 131436.9027377985
117610.0949238188 131596.9823911269
117449.7924412148 131596.9823911269
117289.4899586107 131596.9823911269
117770.3974064228 131757.0620444552
117610.0949238188 131757.0620444552
117449.7924412148 131757.0620444552
117610.0949238188 131917.1416977836
117449.7924412148 131917.1416977836
117289.4899586107 131917.1416977836
117610.0949238188 132077.2213511119
117449.7924412148 132077.2213511119

120655.8420932953 135438.8940710075
117449.7924412148 132397.3806577687
117449.7924412148 132077.2213511119
117610.0949238188 132077.2213511119
121777.9594715235 126794.5927912761
121617.6569889195 126794.5927912761
121457.3545063154 126794.5927912761
121938.2619541275 126954.6724446045
121777.9594715235 126954.6724446045
121617.6569889195 126954.6724446045
121457.3545063154 126954.6724446045
121938.2619541275 127114.7520979328
121777.9594715235 127114.7520979328
121617.6569889195 127114.7520979328
121457.3545063154 127114.7520979328
121297.0520237114 127114.7520979328
121777.9594715235 127274.8317512612
121617.6569889195 127274.8317512612
121457.3545063154 127274.8317512612
121297.0520237114 127274.8317512612
121617.6569889195 127434.9114045895
121457.3545063154 127434.9114045895
121297.0520237114 127434.9114045895
121297.0520237114 127594.9910579179
121136.7495411074 127594.9910579179
117449.7924412148 131276.8230844702
117610.0949238188 131436.9027377985
117449.7924412148 131436.9027377985
117770.3974064228 131596.9823911269
117610.0949238188 131596.9823911269
117449.7924412148 131596.9823911269
117289.4899586107 131596.9823911269
117770.3974064228 131757.0620444552
117610.0949238188 131757.0620444552
117449.7924412148 131757.0620444552
117289.4899586107 131757.0620444552
117770.3974064228 131917.1416977836
117610.0949238188 131917.1416977836
117449.7924412148 131917.1416977836
117289.4899586107 131917.1416977836

120816.1445758993 135118.7347643508
117449.7924412148 132397.3806577687
117449.7924412148 132077.2213511119
117610.0949238188 132077.2213511119
117289.4899586107 131917.1416977836
117449.7924412148 131917.1416977836
117610.0949238188 131917.1416977836
117770.3974064228 131917.1416977836
117289.4899586107 131757.0620444552
117449.7924412148 131757.0620444552
117610.0949238188 131757.0620444552
117770.3974064228 131757.0620444552
117289.4899586107 131596.9823911269
117449.7924412148 131596.9823911269
117610.0949238188 131596.9823911269
117770.3974064228 131596.9823911269
117449.7924412148 131436.9027377985
117610.0949238188 131436.9027377985
121938.2619541275 126794.5927912761
121777.9594715235 126794.5927912761
121617.6569889195 126794.5927912761
121457.3545063154 126794.5927912761
121938.2619541275 126954.6724446045
121777.9594715235 126954.6724446045
121617.6569889195 126954.6724446045
121457.3545063154 126954.6724446045
121938.2619541275 127114.7520979328
121777.9594715235 127114.7520979328
121617.6569889195 127114.7520979328
121457.3545063154 127114.7520979328
121297.0520237114 127114.7520979328
121777.9594715235 127274.8317512612
121617.6569889195 127274.8317512612
121457.3545063154 127274.8317512612
121297.0520237114 127274.8317512612
121617.6569889195 127434.9114045895
121457.3545063154 127434.9114045895
121297.0520237114 127434.9114045895
121297.0520237114 127594.9910579179
121136.7495411074 127594.9910579179

120816.1445758993 135118.7347643508
121777.9594715235 126794.5927912761
121617.6569889195 126794.5927912761
121457.3545063154 126794.5927912761
121938.2619541275 126954.6724446045
121777.9594715235 126954.6724446045
121617.6569889195 126954.6724446045
121457.3545063154 126954.6724446045
121938.2619541275 127114.7520979328
121777.9594715235 127114.7520979328
121617.6569889195 127114.7520979328
121457.3545063154 127114.7520979328
121297.0520237114 127114.7520979328
121777.9594715235 127274.8317512612
121617.6569889195 127274.8317512612
121457.3545063154 127274.8317512612
121297.0520237114 127274.8317512612
121617.6569889195 127434.9114045895
121457.3545063154 127434.9114045895
121297.0520237114 127434.9114045895
121297.0520237114 127594.9910579179
121136.7495411074 127594.9910579179
117449.7924412148 131276.8230844702
117610.0949238188 131436.9027377985
117449.7924412148 131436.9027377985
117770.3974064228 131596.9823911269
117610.0949238188 131596.9823911269
117449.7924412148 131596.9823911269
117289.4899586107 131596.9823911269
117770.3974064228 131757.0620444552
117610.0949238188 131757.0620444552
117449.7924412148 131757.0620444552
117289.4899586107 131757.0620444552
117770.3974064228 131917.1416977836
117610.0949238188 131917.1416977836
117449.7924412148 131917.1416977836
117289.4899586107 131917.1416977836
117610.0949238188 132077.2213511119
117449.7924412148 132077.2213511119
117449.7924412148 132397.3806577687

120495.5396106913 135438.8940710075
120816.1445758993 135278.8144176791
120816.1445758993 134958.6551110224
117449.7924412148 132717.5399644254
117449.7924412148 132397.3806577687
117449.7924412148 132077.2213511119
117610.0949238188 132077.2213511119
117289.4899586107 131917.1416977836
117449.7924412148 131917.1416977836
117610.0949238188 131917.1416977836
117449.7924412148 131757.0620444552
117610.0949238188 131757.0620444552
117770.3974064228 131757.0620444552
117289.4899586107 131596.9823911269
117449.7924412148 131596.9823911269
117610.0949238188 131596.9823911269
117610.0949238188 131436.9027377985
117449.7924412148 131276.8230844702
129953.3860843289 118790.6101248582
129632.7811191208 119110.7694315149
129632.7811191208 119430.9287381716
129632.7811191208 119751.0880448284
129312.1761539127 119911.1676981567
122419.1694019396 126634.5131379478
121777.9594715235 126634.5131379478
121938.2619541275 126954.6724446045
121777.9594715235 126954.6724446045
121617.6569889195 126954.6724446045
121777.9594715235 127114.7520979328
121617.6569889195 127114.7520979328
121297.0520237114 127114.7520979328
121777.9594715235 127274.8317512612
121617.6569889195 127274.8317512612
121457.3545063154 127274.8317512612
121617.6569889195 127434.9114045895
121457.3545063154 127434.9114045895
121297.0520237114 127434.9114045895
121136.7495411074 127755.0707112463
120816.1445758993 127915.1503645746
120816.1445758993 128235.3096712314

120655.8420932953 135438.8940710075
121938.2619541275 126794.5927912761
121777.9594715235 126794.5927912761
121617.6569889195 126794.5927912761
121457.3545063154 126794.5927912761
121938.2619541275 126954.6724446045
121777.9594715235 126954.6724446045
121617.6569889195 126954.6724446045
121457.3545063154 126954.6724446045
121938.2619541275 127114.7520979328
121777.9594715235 127114.7520979328
121617.6569889195 127114.7520979328
121457.3545063154 127114.7520979328
121297.0520237114 127114.7520979328
121777.9594715235 127274.8317512612
121617.6569889195 127274.8317512612
121457.3545063154 127274.8317512612
121297.0520237114 127274.8317512612
121617.6569889195 127434.9114045895
121457.3545063154 127434.9114045895
121297.0520237114 127434.9114045895
121136.7495411074 127434.9114045895
117449.7924412148 131276.8230844702
117610.0949238188 131436.9027377985
117449.7924412148 131436.9027377985
117770.3974064228 131596.9823911269
117610.0949238188 131596.9823911269
117449.7924412148 131596.9823911269
117289.4899586107 131596.9823911269
117770.3974064228 131757.0620444552
117610.0949238188 131757.0620444552
117449.7924412148 131757.0620444552
117289.4899586107 131757.0620444552
117770.3974064228 131917.1416977836
117610.0949238188 131917.1416977836
117449.7924412148 131917.1416977836
117289.4899586107 131917.1416977836
117610.0949238188 132077.2213511119
117449.7924412148 132077.2213511119
117449.7924412148 132397.3806577687

120495.5396106913 135438.8940710075
120816.1445758993 135278.8144176791
120816.1445758993 134958.6551110224
117449.7924412148 132397.3806577687
121777.9594715235 126634.5131379478
121777.9594715235 126794.5927912761
121457.3545063154 126794.5927912761
121938.2619541275 126954.6724446045
121777.9594715235 126954.6724446045
121617.6569889195 126954.6724446045
121457.3545063154 126954.6724446045
121938.2619541275 127114.7520979328
121777.9594715235 127114.7520979328
121617.6569889195 127114.7520979328
121457.3545063154 127114.7520979328
121297.0520237114 127114.7520979328
121777.9594715235 127274.8317512612
121617.6569889195 127274.8317512612
121457.3545063154 127274.8317512612
121297.0520237114 127274.8317512612
121617.6569889195 127434.9114045895
121457.3545063154 127434.9114045895
121297.0520237114 127434.9114045895
121136.7495411074 127434.9114045895
121136.7495411074 127755.0707112463
120816.1445758993 127915.1503645746
117449.7924412148 131276.8230844702
117610.0949238188 131436.9027377985
117449.7924412148 131436.9027377985
117610.0949238188 131596.9823911269
117449.7924412148 131596.9823911269
117289.4899586107 131596.9823911269
117610.0949238188 131757.0620444552
117449.7924412148 131757.0620444552
117610.0949238188 131917.1416977836
117449.7924412148 131917.1416977836
117289.4899586107 131917.1416977836
117610.0949238188 132077.2213511119
117449.7924412148 132077.2213511119
117449.7924412148 132717.5399644254

120495.5396106913 135438.8940710075
120816.1445758993 135278.8144176791
120816.1445758993 134958.6551110224
117449.7924412148 132717.5399644254
117449.7924412148 132397.3806577687
117449.7924412148 132077.2213511119
117610.0949238188 132077.2213511119
117289.4899586107 131917.1416977836
117449.7924412148 131917.1416977836
117610.0949238188 131917.1416977836
117449.7924412148 131757.0620444552
117610.0949238188 131757.0620444552
117289.4899586107 131596.9823911269
117449.7924412148 131596.9823911269
117610.0949238188 131596.9823911269
117610.0949238188 131436.9027377985
117449.7924412148 131276.8230844702
120816.1445758993 128235.3096712314
120816.1445758993 127915.1503645746
121136.7495411074 127755.0707112463
121297.0520237114 127434.9114045895
121457.3545063154 127434.9114045895
121617.6569889195 127434.9114045895
121457.3545063154 127274.8317512612
121617.6569889195 127274.8317512612
121777.9594715235 127274.8317512612
121297.0520237114 127114.7520979328
121457.3545063154 127114.7520979328
121617.6569889195 127114.7520979328
121777.9594715235 127114.7520979328
121938.2619541275 127114.7520979328
129793.0836017248 118950.6897781866
129793.0836017248 119270.8490848433
129632.7811191208 119591.0083915000
122419.1694019396 126634.5131379478
121777.9594715235 126634.5131379478
121457.3545063154 126794.5927912761
121938.2619541275 126954.6724446045
121777.9594715235 126954.6724446045
121617.6569889195 126954.6724446045

120495.5396106913 135438.8940710075
120816.1445758993 135278.8144176791
120816.1445758993 134958.6551110224
117449.7924412148 132397.3806577687
129953.3860843289 118790.6101248582
129632.7811191208 119110.7694315149
129632.7811191208 119430.9287381716
129632.7811191208 119751.0880448284
129312.1761539127 119911.1676981567
121457.3545063154 126794.5927912761
121777.9594715235 126634.5131379478
121938.2619541275 126954.6724446045
121777.9594715235 126954.6724446045
121617.6569889195 126954.6724446045
121777.9594715235 127114.7520979328
121617.6569889195 127114.7520979328
121297.0520237114 127114.7520979328
121777.9594715235 127274.8317512612
121617.6569889195 127274.8317512612
121457.3545063154 127274.8317512612
121617.6569889195 127434.9114045895
121457.3545063154 127434.9114045895
121297.0520237114 127434.9114045895
121136.7495411074 127755.0707112463
120816.1445758993 127915.1503645746
120816.1445758993 128235.3096712314
117449.7924412148 130956.6637778134
117449.7924412148 131276.8230844702
117610.0949238188 131436.9027377985
117610.0949238188 131596.9823911269
117449.7924412148 131596.9823911269
117289.4899586107 131596.9823911269
117610.0949238188 131757.0620444552
117449.7924412148 131757.0620444552
117610.0949238188 131917.1416977836
117449.7924412148 131917.1416977836
117289.4899586107 131917.1416977836
117610.0949238188 132077.2213511119
117449.7924412148 132077.2213511119
117449.7924412148 132717.5399644254

120495.5396106913 135438.8940710075
120816.1445758993 135278.8144176791
120816.1445758993 134958.6551110224
123220.6818149597 133357.8585777388
123380.9842975638 133037.6992710821
117449.7924412148 132557.4603110970
129953.3860843289 118790.6101248582
129632.7811191208 119110.7694315149
129632.7811191208 119430.9287381716
129632.7811191208 119751.0880448284
129312.1761539127 119911.1676981567
129312.1761539127 120231.3270048134
122419.1694019396 126634.5131379478
121938.2619541275 126794.5927912761
121938.2619541275 126954.6724446045
121617.6569889195 126954.6724446045
121777.9594715235 127114.7520979328
121617.6569889195 127114.7520979328
121297.0520237114 127114.7520979328
121777.9594715235 127274.8317512612
121617.6569889195 127274.8317512612
121617.6569889195 127434.9114045895
121457.3545063154 127434.9114045895
121297.0520237114 127434.9114045895
121136.7495411074 127755.0707112463
120816.1445758993 127915.1503645746
120816.1445758993 128235.3096712314
120495.5396106913 128395.3893245597
117449.7924412148 130956.6637778134
117449.7924412148 131276.8230844702
117610.0949238188 131436.9027377985
117610.0949238188 131596.9823911269
117449.7924412148 131596.9823911269
117289.4899586107 131596.9823911269
117610.0949238188 131757.0620444552
117449.7924412148 131757.0620444552
117610.0949238188 131917.1416977836
117449.7924412148 131917.1416977836
117289.4899586107 131917.1416977836
117610.0949238188 132077.2213511119

120816.1445758993 135118.7347643508
117449.7924412148 132397.3806577687
121777.9594715235 126634.5131379478
121777.9594715235 126794.5927912761
121457.3545063154 126794.5927912761
121938.2619541275 126954.6724446045
121777.9594715235 126954.6724446045
121617.6569889195 126954.6724446045
121457.3545063154 126954.6724446045
121938.2619541275 127114.7520979328
121777.9594715235 127114.7520979328
121617.6569889195 127114.7520979328
121457.3545063154 127114.7520979328
121297.0520237114 127114.7520979328
121777.9594715235 127274.8317512612
121617.6569889195 127274.8317512612
121457.3545063154 127274.8317512612
120816.1445758993 127915.1503645746
121617.6569889195 127434.9114045895
121457.3545063154 127434.9114045895
121297.0520237114 127434.9114045895
121136.7495411074 127434.9114045895
121297.0520237114 127594.9910579179
121136.7495411074 127755.0707112463
117449.7924412148 131276.8230844702
117610.0949238188 131436.9027377985
117449.7924412148 131436.9027377985
117770.3974064228 131596.9823911269
117610.0949238188 131596.9823911269
117449.7924412148 131596.9823911269
117289.4899586107 131596.9823911269
117770.3974064228 131757.0620444552
117610.0949238188 131757.0620444552
117449.7924412148 131757.0620444552
117770.3974064228 131917.1416977836
117610.0949238188 131917.1416977836
117449.7924412148 131917.1416977836
117289.4899586107 131917.1416977836
117610.0949238188 132077.2213511119
117449.7924412148 132077.2213511119

120655.8420932953 135438.8940710075
120816.1445758993 135118.7347643508
117449.7924412148 132397.3806577687
129793.0836017248 119270.8490848433
121777.9594715235 126634.5131379478
121938.2619541275 126794.5927912761
121777.9594715235 126794.5927912761
121457.3545063154 126794.5927912761
121938.2619541275 126954.6724446045
121777.9594715235 126954.6724446045
121617.6569889195 126954.6724446045
121457.3545063154 126954.6724446045
121938.2619541275 127114.7520979328
121777.9594715235 127114.7520979328
121617.6569889195 127114.7520979328
121457.3545063154 127114.7520979328
121297.0520237114 127114.7520979328
121777.9594715235 127274.8317512612
121617.6569889195 127274.8317512612
121457.3545063154 127274.8317512612
121617.6569889195 127434.9114045895
121457.3545063154 127434.9114045895
121297.0520237114 127434.9114045895
121136.7495411074 127755.0707112463
120816.1445758993 127915.1503645746
117449.7924412148 131276.8230844702
117610.0949238188 131436.9027377985
117770.3974064228 131596.9823911269
117610.0949238188 131596.9823911269
117449.7924412148 131596.9823911269
117289.4899586107 131596.9823911269
117770.3974064228 131757.0620444552
117610.0949238188 131757.0620444552
117449.7924412148 131757.0620444552
117610.0949238188 131917.1416977836
117449.7924412148 131917.1416977836
117289.4899586107 131917.1416977836
117610.0949238188 132077.2213511119
117449.7924412148 132077.2213511119
117449.7924412148 132717.5399644254

120495.5396106913 135438.8940710075
120816.1445758993 135278.8144176791
120816.1445758993 134958.6551110224
122900.0768497517 133517.9382310671
123220.6818149597 133357.8585777388
123380.9842975638 133037.6992710821
117449.7924412148 132557.4603110970
123220.6818149597 132557.4603110970
117129.1874760067 132397.3806577687
117449.7924412148 132077.2213511119
117289.4899586107 131596.9823911269
117610.0949238188 131596.9823911269
117610.0949238188 131436.9027377985
117449.7924412148 131276.8230844702
117610.0949238188 131276.8230844702
133319.7382190134 131116.7434311418
117610.0949238188 130956.6637778134
133480.0407016175 130636.5044711567
120495.5396106913 128395.3893245597
120816.1445758993 128235.3096712314
120816.1445758993 127915.1503645746
121136.7495411074 127755.0707112463
121297.0520237114 127434.9114045895
121457.3545063154 127434.9114045895
129953.3860843289 118790.6101248582
129632.7811191208 119110.7694315149
129632.7811191208 119430.9287381716
129632.7811191208 119751.0880448284
129312.1761539127 119911.1676981567
128991.5711887047 120391.4066581418
129472.4786365168 120551.4863114702
128510.6637408926 120551.4863114702
128991.5711887047 121191.8049247836
130754.8984973490 124073.2386846940
126426.7314670403 125994.1945246343
121777.9594715235 125994.1945246343
121777.9594715235 126634.5131379478
122579.4718845436 126794.5927912761
121297.0520237114 126794.5927912761
121297.0520237114 127114.7520979328

120655.8420932953 135438.8940710075
121938.2619541275 126794.5927912761
121777.9594715235 126794.5927912761
121617.6569889195 126794.5927912761
121457.3545063154 126794.5927912761
121938.2619541275 126954.6724446045
121777.9594715235 126954.6724446045
121617.6569889195 126954.6724446045
121457.3545063154 126954.6724446045
121938.2619541275 127114.7520979328
121777.9594715235 127114.7520979328
121617.6569889195 127114.7520979328
121457.3545063154 127114.7520979328
121297.0520237114 127114.7520979328
121777.9594715235 127274.8317512612
121617.6569889195 127274.8317512612
121457.3545063154 127274.8317512612
121297.0520237114 127274.8317512612
121617.6569889195 127434.9114045895
121457.3545063154 127434.9114045895
121297.0520237114 127434.9114045895
121136.7495411074 127434.9114045895
121297.0520237114 127594.9910579179
117610.0949238188 131436.9027377985
117449.7924412148 131436.9027377985
117289.4899586107 131436.9027377985
117770.3974064228 131596.9823911269
117610.0949238188 131596.9823911269
117449.7924412148 131596.9823911269
117770.3974064228 131757.0620444552
117610.0949238188 131757.0620444552
117449.7924412148 131757.0620444552
117289.4899586107 131757.0620444552
117770.3974064228 131917.1416977836
117610.0949238188 131917.1416977836
117449.7924412148 131917.1416977836
117289.4899586107 131917.1416977836
117610.0949238188 132077.2213511119
117449.7924412148 132077.2213511119
117449.7924412148 132397.3806577687

120655.8420932953 135438.8940710075
120816.1445758993 135118.7347643508
117449.7924412148 132717.5399644254
117449.7924412148 132397.3806577687
129793.0836017248 118950.6897781866
129793.0836017248 119270.8490848433
129632.7811191208 119591.0083915000
122419.1694019396 126634.5131379478
121777.9594715235 126634.5131379478
121457.3545063154 126794.5927912761
121938.2619541275 126954.6724446045
121777.9594715235 126954.6724446045
121617.6569889195 126954.6724446045
121938.2619541275 127114.7520979328
121777.9594715235 127114.7520979328
121617.6569889195 127114.7520979328
121297.0520237114 127114.7520979328
121777.9594715235 127274.8317512612
121617.6569889195 127274.8317512612
121457.3545063154 127274.8317512612
121617.6569889195 127434.9114045895
121457.3545063154 127434.9114045895
121297.0520237114 127434.9114045895
121136.7495411074 127755.0707112463
120816.1445758993 127915.1503645746
120816.1445758993 128235.3096712314
117449.7924412148 130956.6637778134
117449.7924412148 131276.8230844702
117610.0949238188 131436.9027377985
117610.0949238188 131596.9823911269
117449.7924412148 131596.9823911269
117289.4899586107 131596.9823911269
117770.3974064228 131757.0620444552
117610.0949238188 131757.0620444552
117449.7924412148 131757.0620444552
117610.0949238188 131917.1416977836
117449.7924412148 131917.1416977836
117289.4899586107 131917.1416977836
117610.0949238188 132077.2213511119
117449.7924412148 132077.2213511119

120655.8420932953 135438.8940710075
120816.1445758993 135118.7347643508
117449.7924412148 132717.5399644254
117449.7924412148 132397.3806577687
129793.0836017248 118950.6897781866
129793.0836017248 119270.8490848433
129632.7811191208 119591.0083915000
121777.9594715235 126634.5131379478
121457.3545063154 126794.5927912761
121938.2619541275 126954.6724446045
121777.9594715235 126954.6724446045
121617.6569889195 126954.6724446045
121938.2619541275 127114.7520979328
121777.9594715235 127114.7520979328
121617.6569889195 127114.7520979328
121457.3545063154 127114.7520979328
121297.0520237114 127114.7520979328
121777.9594715235 127274.8317512612
121617.6569889195 127274.8317512612
121457.3545063154 127274.8317512612
121617.6569889195 127434.9114045895
121457.3545063154 127434.9114045895
121297.0520237114 127434.9114045895
121297.0520237114 127755.0707112463
121136.7495411074 127755.0707112463
120816.1445758993 127915.1503645746
117449.7924412148 131276.8230844702
117610.0949238188 131436.9027377985
117770.3974064228 131596.9823911269
117610.0949238188 131596.9823911269
117449.7924412148 131596.9823911269
117289.4899586107 131596.9823911269
117770.3974064228 131757.0620444552
117610.0949238188 131757.0620444552
117449.7924412148 131757.0620444552
117610.0949238188 131917.1416977836
117449.7924412148 131917.1416977836
117289.4899586107 131917.1416977836
117610.0949238188 132077.2213511119
117449.7924412148 132077.2213511119

121938.2619541275 126794.5927912761
121777.9594715235 126794.5927912761
121617.6569889195 126794.5927912761
121457.3545063154 126794.5927912761
121938.2619541275 126954.6724446045
121777.9594715235 126954.6724446045
121617.6569889195 126954.6724446045
121457.3545063154 126954.6724446045
121938.2619541275 127114.7520979328
121777.9594715235 127114.7520979328
121617.6569889195 127114.7520979328
121457.3545063154 127114.7520979328
121297.0520237114 127114.7520979328
121777.9594715235 127274.8317512612
121617.6569889195 127274.8317512612
121457.3545063154 127274.8317512612
121297.0520237114 127274.8317512612
121617.6569889195 127434.9114045895
121457.3545063154 127434.9114045895
121297.0520237114 127434.9114045895
121297.0520237114 127594.9910579179
121136.7495411074 127594.9910579179
117610.0949238188 131436.9027377985
117449.7924412148 131436.9027377985
117289.4899586107 131436.9027377985
117770.3974064228 131596.9823911269
117610.0949238188 131596.9823911269
117449.7924412148 131596.9823911269
117770.3974064228 131757.0620444552
117610.0949238188 131757.0620444552
117449.7924412148 131757.0620444552
117289.4899586107 131757.0620444552
117770.3974064228 131917.1416977836
117610.0949238188 131917.1416977836
117449.7924412148 131917.1416977836
117289.4899586107 131917.1416977836
117610.0949238188 132077.2213511119
117449.7924412148 132077.2213511119
117449.7924412148 132397.3806577687
120655.8420932953 135438.8940710075

120655.8420932953 135438.8940710075
120816.1445758993 135118.7347643508
117449.7924412148 132717.5399644254
129793.0836017248 118950.6897781866
129793.0836017248 119270.8490848433
129632.7811191208 119591.0083915000
121777.9594715235 126634.5131379478
121457.3545063154 126794.5927912761
121938.2619541275 126954.6724446045
121777.9594715235 126954.6724446045
121617.6569889195 126954.6724446045
121938.2619541275 127114.7520979328
121777.9594715235 127114.7520979328
121617.6569889195 127114.7520979328
121457.3545063154 127114.7520979328
121297.0520237114 127114.7520979328
121777.9594715235 127274.8317512612
121617.6569889195 127274.8317512612
121457.3545063154 127274.8317512612
121617.6569889195 127434.9114045895
121457.3545063154 127434.9114045895
121297.0520237114 127434.9114045895
121136.7495411074 127755.0707112463
120816.1445758993 127915.1503645746
120816.1445758993 128235.3096712314
117449.7924412148 130956.6637778134
117449.7924412148 131276.8230844702
117610.0949238188 131436.9027377985
117610.0949238188 131596.9823911269
117449.7924412148 131596.9823911269
117289.4899586107 131596.9823911269
117770.3974064228 131757.0620444552
117610.0949238188 131757.0620444552
117449.7924412148 131757.0620444552
117610.0949238188 131917.1416977836
117449.7924412148 131917.1416977836
117289.4899586107 131917.1416977836
117610.0949238188 132077.2213511119
117449.7924412148 132077.2213511119
117449.7924412148 132397.3806577687

120655.8420932953 135438.8940710075
120816.1445758993 135118.7347643508
117449.7924412148 132717.5399644254
129793.0836017248 118950.6897781866
129793.0836017248 119270.8490848433
121777.9594715235 126634.5131379478
121777.9594715235 126794.5927912761
121457.3545063154 126794.5927912761
121938.2619541275 126954.6724446045
121777.9594715235 126954.6724446045
121617.6569889195 126954.6724446045
121457.3545063154 126954.6724446045
121938.2619541275 127114.7520979328
121777.9594715235 127114.7520979328
121617.6569889195 127114.7520979328
121457.3545063154 127114.7520979328
121297.0520237114 127114.7520979328
121777.9594715235 127274.8317512612
121617.6569889195 127274.8317512612
121457.3545063154 127274.8317512612
121617.6569889195 127434.9114045895
121457.3545063154 127434.9114045895
121297.0520237114 127434.9114045895
121136.7495411074 127755.0707112463
120816.1445758993 127915.1503645746
117449.7924412148 131276.8230844702
117610.0949238188 131436.9027377985
117770.3974064228 131596.9823911269
117610.0949238188 131596.9823911269
117449.7924412148 131596.9823911269
117289.4899586107 131596.9823911269
117770.3974064228 131757.0620444552
117610.0949238188 131757.0620444552
117449.7924412148 131757.0620444552
117610.0949238188 131917.1416977836
117449.7924412148 131917.1416977836
117289.4899586107 131917.1416977836
117610.0949238188 132077.2213511119
117449.7924412148 132077.2213511119
117449.7924412148 132397.3806577687

120655.8420932953 135438.8940710075
120816.1445758993 135118.7347643508
117449.7924412148 132717.5399644254
129793.0836017248 118950.6897781866
129793.0836017248 119270.8490848433
129632.7811191208 119591.0083915000
121777.9594715235 126634.5131379478
121777.9594715235 126794.5927912761
121457.3545063154 126794.5927912761
121938.2619541275 126954.6724446045
121777.9594715235 126954.6724446045
121617.6569889195 126954.6724446045
121938.2619541275 127114.7520979328
121777.9594715235 127114.7520979328
121617.6569889195 127114.7520979328
121457.3545063154 127114.7520979328
121777.9594715235 127274.8317512612
121617.6569889195 127274.8317512612
121617.6569889195 127434.9114045895
121457.3545063154 127434.9114045895
121297.0520237114 127434.9114045895
121297.0520237114 127755.0707112463
121136.7495411074 127755.0707112463
120816.1445758993 127915.1503645746
120816.1445758993 128235.3096712314
117449.7924412148 130956.6637778134
117449.7924412148 131276.8230844702
117610.0949238188 131436.9027377985
117610.0949238188 131596.9823911269
117449.7924412148 131596.9823911269
117289.4899586107 131596.9823911269
117770.3974064228 131757.0620444552
117610.0949238188 131757.0620444552
117449.7924412148 131757.0620444552
117610.0949238188 131917.1416977836
117449.7924412148 131917.1416977836
117289.4899586107 131917.1416977836
117610.0949238188 132077.2213511119
117449.7924412148 132077.2213511119
117449.7924412148 132397.3806577687

120495.5396106913 135438.8940710075
120816.1445758993 135278.8144176791
120816.1445758993 134958.6551110224
117449.7924412148 132717.5399644254
117449.7924412148 132397.3806577687
129793.0836017248 118950.6897781866
129793.0836017248 119270.8490848433
121777.9594715235 126634.5131379478
121777.9594715235 126794.5927912761
121457.3545063154 126794.5927912761
121938.2619541275 126954.6724446045
121777.9594715235 126954.6724446045
121617.6569889195 126954.6724446045
121457.3545063154 126954.6724446045
121938.2619541275 127114.7520979328
121777.9594715235 127114.7520979328
121617.6569889195 127114.7520979328
121457.3545063154 127114.7520979328
121297.0520237114 127114.7520979328
121777.9594715235 127274.8317512612
121617.6569889195 127274.8317512612
121457.3545063154 127274.8317512612
121617.6569889195 127434.9114045895
121457.3545063154 127434.9114045895
121297.0520237114 127434.9114045895
121136.7495411074 127755.0707112463
120816.1445758993 127915.1503645746
117449.7924412148 131276.8230844702
117610.0949238188 131436.9027377985
117610.0949238188 131596.9823911269
117449.7924412148 131596.9823911269
117289.4899586107 131596.9823911269
117770.3974064228 131757.0620444552
117610.0949238188 131757.0620444552
117449.7924412148 131757.0620444552
117610.0949238188 131917.1416977836
117449.7924412148 131917.1416977836
117289.4899586107 131917.1416977836
117610.0949238188 132077.2213511119
117449.7924412148 132077.2213511119

120655.8420932953 135438.8940710075
120816.1445758993 135118.7347643508
117449.7924412148 132717.5399644254
129793.0836017248 118950.6897781866
129793.0836017248 119270.8490848433
129632.7811191208 119591.0083915000
121777.9594715235 126634.5131379478
121457.3545063154 126794.5927912761
121938.2619541275 126954.6724446045
121777.9594715235 126954.6724446045
121617.6569889195 126954.6724446045
121938.2619541275 127114.7520979328
121777.9594715235 127114.7520979328
121617.6569889195 127114.7520979328
121457.3545063154 127114.7520979328
121297.0520237114 127114.7520979328
121777.9594715235 127274.8317512612
121617.6569889195 127274.8317512612
121457.3545063154 127274.8317512612
121617.6569889195 127434.9114045895
121457.3545063154 127434.9114045895
121297.0520237114 127434.9114045895
121297.0520237114 127755.0707112463
121136.7495411074 127755.0707112463
120816.1445758993 127915.1503645746
120816.1445758993 128235.3096712314
117449.7924412148 131276.8230844702
117610.0949238188 131436.9027377985
117610.0949238188 131596.9823911269
117449.7924412148 131596.9823911269
117289.4899586107 131596.9823911269
117770.3974064228 131757.0620444552
117610.0949238188 131757.0620444552
117449.7924412148 131757.0620444552
117610.0949238188 131917.1416977836
117449.7924412148 131917.1416977836
117289.4899586107 131917.1416977836
117610.0949238188 132077.2213511119
117449.7924412148 132077.2213511119
117449.7924412148 132397.3806577687

120655.8420932953 135438.8940710075
120816.1445758993 135118.7347643508
117449.7924412148 132717.5399644254
117449.7924412148 132397.3806577687
117449.7924412148 132077.2213511119
117610.0949238188 132077.2213511119
117289.4899586107 131917.1416977836
117449.7924412148 131917.1416977836
117610.0949238188 131917.1416977836
117770.3974064228 131917.1416977836
117449.7924412148 131757.0620444552
117610.0949238188 131757.0620444552
117770.3974064228 131757.0620444552
117289.4899586107 131596.9823911269
117449.7924412148 131596.9823911269
117610.0949238188 131596.9823911269
117610.0949238188 131436.9027377985
117449.7924412148 131276.8230844702
120816.1445758993 127915.1503645746
121136.7495411074 127755.0707112463
121297.0520237114 127434.9114045895
121457.3545063154 127434.9114045895
121617.6569889195 127434.9114045895
121457.3545063154 127274.8317512612
121617.6569889195 127274.8317512612
121777.9594715235 127274.8317512612
129793.0836017248 119270.8490848433
121777.9594715235 126634.5131379478
121938.2619541275 126794.5927912761
121777.9594715235 126794.5927912761
121457.3545063154 126794.5927912761
121938.2619541275 126954.6724446045
121777.9594715235 126954.6724446045
121617.6569889195 126954.6724446045
121938.2619541275 127114.7520979328
121777.9594715235 127114.7520979328
121617.6569889195 127114.7520979328
121457.3545063154 127114.7520979328
121297.0520237114 127114.7520979328
120976.4470585034 127594.9910579179

120655.8420932953 135438.8940710075
120816.1445758993 135118.7347643508
117449.7924412148 132717.5399644254
129793.0836017248 119270.8490848433
121777.9594715235 126634.5131379478
121938.2619541275 126794.5927912761
121777.9594715235 126794.5927912761
121457.3545063154 126794.5927912761
121938.2619541275 126954.6724446045
121777.9594715235 126954.6724446045
121617.6569889195 126954.6724446045
121938.2619541275 127114.7520979328
121777.9594715235 127114.7520979328
121617.6569889195 127114.7520979328
121457.3545063154 127114.7520979328
121297.0520237114 127114.7520979328
121777.9594715235 127274.8317512612
121617.6569889195 127274.8317512612
121457.3545063154 127274.8317512612
121617.6569889195 127434.9114045895
121457.3545063154 127434.9114045895
121297.0520237114 127434.9114045895
120976.4470585034 127594.9910579179
121297.0520237114 127755.0707112463
120816.1445758993 127915.1503645746
117449.7924412148 131276.8230844702
117610.0949238188 131436.9027377985
117770.3974064228 131596.9823911269
117610.0949238188 131596.9823911269
117449.7924412148 131596.9823911269
117289.4899586107 131596.9823911269
117770.3974064228 131757.0620444552
117610.0949238188 131757.0620444552
117449.7924412148 131757.0620444552
117610.0949238188 131917.1416977836
117449.7924412148 131917.1416977836
117289.4899586107 131917.1416977836
117610.0949238188 132077.2213511119
117449.7924412148 132077.2213511119
117449.7924412148 132397.3806577687

120655.8420932953 135438.8940710075
120816.1445758993 135118.7347643508
117449.7924412148 132717.5399644254
117449.7924412148 132397.3806577687
117449.7924412148 132077.2213511119
117610.0949238188 132077.2213511119
117289.4899586107 131917.1416977836
117449.7924412148 131917.1416977836
117610.0949238188 131917.1416977836
117770.3974064228 131917.1416977836
117449.7924412148 131757.0620444552
117610.0949238188 131757.0620444552
117770.3974064228 131757.0620444552
117289.4899586107 131596.9823911269
117449.7924412148 131596.9823911269
117610.0949238188 131596.9823911269
117610.0949238188 131436.9027377985
117449.7924412148 131276.8230844702
129793.0836017248 118950.6897781866
129793.0836017248 119270.8490848433
129632.7811191208 119591.0083915000
121777.9594715235 126634.5131379478
121457.3545063154 126794.5927912761
121938.2619541275 126954.6724446045
121777.9594715235 126954.6724446045
121617.6569889195 126954.6724446045
121938.2619541275 127114.7520979328
121777.9594715235 127114.7520979328
121617.6569889195 127114.7520979328
121457.3545063154 127114.7520979328
121297.0520237114 127114.7520979328
121777.9594715235 127274.8317512612
121617.6569889195 127274.8317512612
121457.3545063154 127274.8317512612
121617.6569889195 127434.9114045895
121457.3545063154 127434.9114045895
121297.0520237114 127434.9114045895
120976.4470585034 127594.9910579179
121297.0520237114 127755.0707112463
120816.1445758993 127915.1503645746

120495.5396106913 135438.8940710075
120816.1445758993 135278.8144176791
120816.1445758993 134958.6551110224
122900.0768497517 133517.9382310671
123220.6818149597 133357.8585777388
123380.9842975638 133037.6992710821
117449.7924412148 132557.4603110970
117449.7924412148 132237.3010044403
117449.7924412148 131917.1416977836
117610.0949238188 131917.1416977836
117610.0949238188 131757.0620444552
117449.7924412148 131596.9823911269
117610.0949238188 131596.9823911269
117610.0949238188 131436.9027377985
117449.7924412148 131276.8230844702
117610.0949238188 131276.8230844702
117610.0949238188 130956.6637778134
121297.0520237114 126794.5927912761
120495.5396106913 128395.3893245597
120816.1445758993 128235.3096712314
120816.1445758993 127915.1503645746
121136.7495411074 127755.0707112463
121297.0520237114 127434.9114045895
121457.3545063154 127434.9114045895
121617.6569889195 127274.8317512612
121777.9594715235 127274.8317512612
121297.0520237114 127114.7520979328
121617.6569889195 127114.7520979328
121777.9594715235 127114.7520979328
121617.6569889195 126954.6724446045
121938.2619541275 126794.5927912761
121777.9594715235 126634.5131379478
122419.1694019396 126634.5131379478
126266.4289844362 125994.1945246343
129312.1761539127 120231.3270048134
129953.3860843289 118790.6101248582
129632.7811191208 119110.7694315149
129632.7811191208 119430.9287381716
129632.7811191208 119751.0880448284
129312.1761539127 119911.1676981567

120655.8420932953 135438.8940710075
120816.1445758993 135118.7347643508
117449.7924412148 132717.5399644254
117449.7924412148 132397.3806577687
121777.9594715235 126634.5131379478
121777.9594715235 126794.5927912761
121457.3545063154 126794.5927912761
121938.2619541275 126954.6724446045
121777.9594715235 126954.6724446045
121617.6569889195 126954.6724446045
121457.3545063154 126954.6724446045
121938.2619541275 127114.7520979328
121777.9594715235 127114.7520979328
121617.6569889195 127114.7520979328
121457.3545063154 127114.7520979328
121297.0520237114 127114.7520979328
121777.9594715235 127274.8317512612
121617.6569889195 127274.8317512612
121457.3545063154 127274.8317512612
121297.0520237114 127274.8317512612
121617.6569889195 127434.9114045895
121457.3545063154 127434.9114045895
121297.0520237114 127434.9114045895
121136.7495411074 127434.9114045895
121136.7495411074 127755.0707112463
120816.1445758993 127915.1503645746
117449.7924412148 131276.8230844702
117610.0949238188 131436.9027377985
117449.7924412148 131436.9027377985
117610.0949238188 131596.9823911269
117449.7924412148 131596.9823911269
117289.4899586107 131596.9823911269
117770.3974064228 131757.0620444552
117610.0949238188 131757.0620444552
117449.7924412148 131757.0620444552
117610.0949238188 131917.1416977836
117449.7924412148 131917.1416977836
117289.4899586107 131917.1416977836
117610.0949238188 132077.2213511119
117449.7924412148 132077.2213511119

120655.8420932953 135438.8940710075
120816.1445758993 135118.7347643508
117449.7924412148 132717.5399644254
121777.9594715235 126634.5131379478
121938.2619541275 126794.5927912761
121777.9594715235 126794.5927912761
121457.3545063154 126794.5927912761
121938.2619541275 126954.6724446045
121777.9594715235 126954.6724446045
121617.6569889195 126954.6724446045
121457.3545063154 126954.6724446045
121938.2619541275 127114.7520979328
121777.9594715235 127114.7520979328
121617.6569889195 127114.7520979328
121457.3545063154 127114.7520979328
121297.0520237114 127114.7520979328
121777.9594715235 127274.8317512612
121617.6569889195 127274.8317512612
121457.3545063154 127274.8317512612
121617.6569889195 127434.9114045895
121457.3545063154 127434.9114045895
121297.0520237114 127434.9114045895
121136.7495411074 127434.9114045895
121136.7495411074 127755.0707112463
120816.1445758993 127915.1503645746
117449.7924412148 131276.8230844702
117610.0949238188 131436.9027377985
117770.3974064228 131596.9823911269
117610.0949238188 131596.9823911269
117449.7924412148 131596.9823911269
117289.4899586107 131596.9823911269
117770.3974064228 131757.0620444552
117610.0949238188 131757.0620444552
117449.7924412148 131757.0620444552
117610.0949238188 131917.1416977836
117449.7924412148 131917.1416977836
117289.4899586107 131917.1416977836
117610.0949238188 132077.2213511119
117449.7924412148 132077.2213511119
117449.7924412148 132397.3806577687

120655.8420932953 135438.8940710075
120816.1445758993 135118.7347643508
117449.7924412148 132717.5399644254
117449.7924412148 132397.3806577687
129793.0836017248 119270.8490848433
121777.9594715235 126634.5131379478
121938.2619541275 126794.5927912761
121777.9594715235 126794.5927912761
121457.3545063154 126794.5927912761
121938.2619541275 126954.6724446045
121777.9594715235 126954.6724446045
121617.6569889195 126954.6724446045
121457.3545063154 126954.6724446045
121938.2619541275 127114.7520979328
121777.9594715235 127114.7520979328
121617.6569889195 127114.7520979328
121457.3545063154 127114.7520979328
121297.0520237114 127114.7520979328
121777.9594715235 127274.8317512612
121617.6569889195 127274.8317512612
121457.3545063154 127274.8317512612
121617.6569889195 127434.9114045895
121457.3545063154 127434.9114045895
121297.0520237114 127434.9114045895
121136.7495411074 127755.0707112463
120816.1445758993 127915.1503645746
117449.7924412148 131276.8230844702
117610.0949238188 131436.9027377985
117449.7924412148 131436.9027377985
117610.0949238188 131596.9823911269
117449.7924412148 131596.9823911269
117289.4899586107 131596.9823911269
117770.3974064228 131757.0620444552
117610.0949238188 131757.0620444552
117449.7924412148 131757.0620444552
117610.0949238188 131917.1416977836
117449.7924412148 131917.1416977836
117289.4899586107 131917.1416977836
117610.0949238188 132077.2213511119
117449.7924412148 132077.2213511119

117449.7924412148 132397.3806577687
117449.7924412148 132077.2213511119
117610.0949238188 132077.2213511119
121938.2619541275 126794.5927912761
121777.9594715235 126794.5927912761
121617.6569889195 126794.5927912761
121457.3545063154 126794.5927912761
121938.2619541275 126954.6724446045
121777.9594715235 126954.6724446045
121617.6569889195 126954.6724446045
121457.3545063154 126954.6724446045
121938.2619541275 127114.7520979328
121777.9594715235 127114.7520979328
121617.6569889195 127114.7520979328
121457.3545063154 127114.7520979328
121297.0520237114 127114.7520979328
121777.9594715235 127274.8317512612
121617.6569889195 127274.8317512612
121457.3545063154 127274.8317512612
121297.0520237114 127274.8317512612
121617.6569889195 127434.9114045895
121457.3545063154 127434.9114045895
121297.0520237114 127434.9114045895
121297.0520237114 127594.9910579179
121136.7495411074 127594.9910579179
117610.0949238188 131436.9027377985
117449.7924412148 131436.9027377985
117289.4899586107 131436.9027377985
117770.3974064228 131596.9823911269
117610.0949238188 131596.9823911269
117449.7924412148 131596.9823911269
117289.4899586107 131596.9823911269
117770.3974064228 131757.0620444552
117610.0949238188 131757.0620444552
117449.7924412148 131757.0620444552
117289.4899586107 131757.0620444552
117770.3974064228 131917.1416977836
117610.0949238188 131917.1416977836
117449.7924412148 131917.1416977836
117289.4899586107 131917.1416977836

120495.5396106913 135438.8940710075
120816.1445758993 135278.8144176791
120816.1445758993 134958.6551110224
121777.9594715235 126634.5131379478
121777.9594715235 126794.5927912761
121457.3545063154 126794.5927912761
121938.2619541275 126954.6724446045
121777.9594715235 126954.6724446045
121617.6569889195 126954.6724446045
121457.3545063154 126954.6724446045
121938.2619541275 127114.7520979328
121777.9594715235 127114.7520979328
121617.6569889195 127114.7520979328
121457.3545063154 127114.7520979328
121297.0520237114 127114.7520979328
121777.9594715235 127274.8317512612
121617.6569889195 127274.8317512612
121457.3545063154 127274.8317512612
121297.0520237114 127274.8317512612
121617.6569889195 127434.9114045895
121457.3545063154 127434.9114045895
121297.0520237114 127434.9114045895
121136.7495411074 127434.9114045895
121136.7495411074 127755.0707112463
120816.1445758993 127915.1503645746
117449.7924412148 131276.8230844702
117610.0949238188 131436.9027377985
117449.7924412148 131436.9027377985
117610.0949238188 131596.9823911269
117449.7924412148 131596.9823911269
117289.4899586107 131596.9823911269
117770.3974064228 131757.0620444552
117610.0949238188 131757.0620444552
117449.7924412148 131757.0620444552
117610.0949238188 131917.1416977836
117449.7924412148 131917.1416977836
117289.4899586107 131917.1416977836
117610.0949238188 132077.2213511119
117449.7924412148 132077.2213511119
117449.7924412148 132397.3806577687

117449.7924412148 132397.3806577687
117449.7924412148 132077.2213511119
117610.0949238188 132077.2213511119
121938.2619541275 126794.5927912761
121777.9594715235 126794.5927912761
121617.6569889195 126794.5927912761
121457.3545063154 126794.5927912761
121938.2619541275 126954.6724446045
121777.9594715235 126954.6724446045
121617.6569889195 126954.6724446045
121457.3545063154 126954.6724446045
121938.2619541275 127114.7520979328
121777.9594715235 127114.7520979328
121617.6569889195 127114.7520979328
121457.3545063154 127114.7520979328
121297.0520237114 127114.7520979328
121777.9594715235 127274.8317512612
121617.6569889195 127274.8317512612
121457.3545063154 127274.8317512612
121297.0520237114 127274.8317512612
121617.6569889195 127434.9114045895
121457.3545063154 127434.9114045895
121297.0520237114 127434.9114045895
121297.0520237114 127594.9910579179
121136.7495411074 127594.9910579179
117449.7924412148 131276.8230844702
117610.0949238188 131436.9027377985
117449.7924412148 131436.9027377985
117770.3974064228 131596.9823911269
117610.0949238188 131596.9823911269
117449.7924412148 131596.9823911269
117289.4899586107 131596.9823911269
117770.3974064228 131757.0620444552
117610.0949238188 131757.0620444552
117449.7924412148 131757.0620444552
117289.4899586107 131757.0620444552
117770.3974064228 131917.1416977836
117610.0949238188 131917.1416977836
117449.7924412148 131917.1416977836
117289.4899586107 131917.1416977836

120495.5396106913 135438.8940710075
120816.1445758993 135278.8144176791
120816.1445758993 134958.6551110224
117449.7924412148 132717.5399644254
117449.7924412148 132397.3806577687
117449.7924412148 132077.2213511119
117610.0949238188 132077.2213511119
117289.4899586107 131917.1416977836
117449.7924412148 131917.1416977836
117610.0949238188 131917.1416977836
117449.7924412148 131757.0620444552
117610.0949238188 131757.0620444552
117289.4899586107 131596.9823911269
117449.7924412148 131596.9823911269
117610.0949238188 131596.9823911269
117610.0949238188 131436.9027377985
117449.7924412148 131276.8230844702
117449.7924412148 130956.6637778134
120495.5396106913 128395.3893245597
120816.1445758993 128235.3096712314
120816.1445758993 127915.1503645746
121136.7495411074 127755.0707112463
121297.0520237114 127434.9114045895
121457.3545063154 127434.9114045895
121617.6569889195 127434.9114045895
121617.6569889195 127274.8317512612
121777.9594715235 127274.8317512612
129953.3860843289 118790.6101248582
129632.7811191208 119110.7694315149
129632.7811191208 119430.9287381716
129632.7811191208 119751.0880448284
129312.1761539127 119911.1676981567
129312.1761539127 120231.3270048134
122419.1694019396 126634.5131379478
121777.9594715235 126634.5131379478
121938.2619541275 126954.6724446045
121617.6569889195 126954.6724446045
121777.9594715235 127114.7520979328
121617.6569889195 127114.7520979328
121297.0520237114 127114.7520979328

117610.0949238188 132237.3010044403
117449.7924412148 132077.2213511119
117610.0949238188 132077.2213511119
121938.2619541275 126794.5927912761
121777.9594715235 126794.5927912761
121617.6569889195 126794.5927912761
121457.3545063154 126794.5927912761
121938.2619541275 126954.6724446045
121777.9594715235 126954.6724446045
121617.6569889195 126954.6724446045
121457.3545063154 126954.6724446045
121938.2619541275 127114.7520979328
121777.9594715235 127114.7520979328
121617.6569889195 127114.7520979328
121457.3545063154 127114.7520979328
121297.0520237114 127114.7520979328
121777.9594715235 127274.8317512612
121617.6569889195 127274.8317512612
121457.3545063154 127274.8317512612
121297.0520237114 127274.8317512612
121617.6569889195 127434.9114045895
121457.3545063154 127434.9114045895
121297.0520237114 127434.9114045895
121297.0520237114 127594.9910579179
121136.7495411074 127594.9910579179
117610.0949238188 131436.9027377985
117449.7924412148 131436.9027377985
117289.4899586107 131436.9027377985
117770.3974064228 131596.9823911269
117610.0949238188 131596.9823911269
117449.7924412148 131596.9823911269
117289.4899586107 131596.9823911269
117770.3974064228 131757.0620444552
117610.0949238188 131757.0620444552
117449.7924412148 131757.0620444552
117289.4899586107 131757.0620444552
117770.3974064228 131917.1416977836
117610.0949238188 131917.1416977836
117449.7924412148 131917.1416977836
117289.4899586107 131917.1416977836

120495.5396106913 135438.8940710075
120816.1445758993 135278.8144176791
120816.1445758993 134958.6551110224
117449.7924412148 132397.3806577687
117449.7924412148 132077.2213511119
117610.0949238188 132077.2213511119
117289.4899586107 131917.1416977836
117449.7924412148 131917.1416977836
117610.0949238188 131917.1416977836
117449.7924412148 131757.0620444552
117610.0949238188 131757.0620444552
117770.3974064228 131757.0620444552
117289.4899586107 131596.9823911269
117449.7924412148 131596.9823911269
117610.0949238188 131596.9823911269
117610.0949238188 131436.9027377985
117449.7924412148 131276.8230844702
117449.7924412148 130956.6637778134
120816.1445758993 128235.3096712314
120816.1445758993 127915.1503645746
121136.7495411074 127755.0707112463
121297.0520237114 127434.9114045895
121457.3545063154 127434.9114045895
121617.6569889195 127434.9114045895
121457.3545063154 127274.8317512612
121617.6569889195 127274.8317512612
121777.9594715235 127274.8317512612
121297.0520237114 127114.7520979328
121617.6569889195 127114.7520979328
121777.9594715235 127114.7520979328
121938.2619541275 127114.7520979328
121617.6569889195 126954.6724446045
121777.9594715235 126954.6724446045
121938.2619541275 126954.6724446045
121777.9594715235 126634.5131379478
122419.1694019396 126634.5131379478
129793.0836017248 118950.6897781866
129793.0836017248 119270.8490848433
129632.7811191208 119591.0083915000
121777.9594715235 126794.5927912761

120495.5396106913 135438.8940710075
120816.1445758993 135278.8144176791
120816.1445758993 134958.6551110224
117449.7924412148 132717.5399644254
117449.7924412148 132397.3806577687
117449.7924412148 132077.2213511119
117610.0949238188 132077.2213511119
117289.4899586107 131917.1416977836
117449.7924412148 131917.1416977836
117610.0949238188 131917.1416977836
117449.7924412148 131757.0620444552
117610.0949238188 131757.0620444552
117289.4899586107 131596.9823911269
117449.7924412148 131596.9823911269
117610.0949238188 131596.9823911269
117610.0949238188 131436.9027377985
117449.7924412148 131276.8230844702
117449.7924412148 130956.6637778134
120495.5396106913 128395.3893245597
120816.1445758993 128235.3096712314
120816.1445758993 127915.1503645746
129953.3860843289 118790.6101248582
129632.7811191208 119110.7694315149
129632.7811191208 119430.9287381716
129632.7811191208 119751.0880448284
129312.1761539127 119911.1676981567
129312.1761539127 120231.3270048134
122419.1694019396 126634.5131379478
121777.9594715235 126634.5131379478
121938.2619541275 126794.5927912761
121938.2619541275 126954.6724446045
121617.6569889195 126954.6724446045
121777.9594715235 127114.7520979328
121617.6569889195 127114.7520979328
121297.0520237114 127114.7520979328
121777.9594715235 127274.8317512612
121617.6569889195 127274.8317512612
121457.3545063154 127434.9114045895
121297.0520237114 127434.9114045895
121136.7495411074 127755.0707112463

120495.5396106913 135438.8940710075
120816.1445758993 135278.8144176791
120816.1445758993 134958.6551110224
117449.7924412148 132397.3806577687
129953.3860843289 118790.6101248582
129632.7811191208 119110.7694315149
129632.7811191208 119430.9287381716
129632.7811191208 119751.0880448284
129312.1761539127 119911.1676981567
122419.1694019396 126634.5131379478
121777.9594715235 126634.5131379478
121938.2619541275 126954.6724446045
121777.9594715235 126954.6724446045
121617.6569889195 126954.6724446045
121777.9594715235 127114.7520979328
121617.6569889195 127114.7520979328
121297.0520237114 127114.7520979328
121777.9594715235 127274.8317512612
121617.6569889195 127274.8317512612
121457.3545063154 127274.8317512612
121617.6569889195 127434.9114045895
121457.3545063154 127434.9114045895
121297.0520237114 127434.9114045895
121136.7495411074 127755.0707112463
120816.1445758993 127915.1503645746
120816.1445758993 128235.3096712314
117449.7924412148 130956.6637778134
117449.7924412148 131276.8230844702
117610.0949238188 131436.9027377985
117610.0949238188 131596.9823911269
117449.7924412148 131596.9823911269
117289.4899586107 131596.9823911269
117610.0949238188 131757.0620444552
117449.7924412148 131757.0620444552
117610.0949238188 131917.1416977836
117449.7924412148 131917.1416977836
117289.4899586107 131917.1416977836
117610.0949238188 132077.2213511119
117449.7924412148 132077.2213511119
117449.7924412148 132717.5399644254

120816.1445758993 135118.7347643508
117449.7924412148 132397.3806577687
121777.9594715235 126634.5131379478
121938.2619541275 126794.5927912761
121777.9594715235 126794.5927912761
121457.3545063154 126794.5927912761
121938.2619541275 126954.6724446045
121777.9594715235 126954.6724446045
121617.6569889195 126954.6724446045
121457.3545063154 126954.6724446045
121938.2619541275 127114.7520979328
121777.9594715235 127114.7520979328
121617.6569889195 127114.7520979328
121457.3545063154 127114.7520979328
121297.0520237114 127114.7520979328
121777.9594715235 127274.8317512612
121617.6569889195 127274.8317512612
121457.3545063154 127274.8317512612
121617.6569889195 127434.9114045895
121457.3545063154 127434.9114045895
121297.0520237114 127434.9114045895
121136.7495411074 127434.9114045895
121136.7495411074 127755.0707112463
120816.1445758993 127915.1503645746
117449.7924412148 131276.8230844702
117610.0949238188 131436.9027377985
117449.7924412148 131436.9027377985
117770.3974064228 131596.9823911269
117610.0949238188 131596.9823911269
117449.7924412148 131596.9823911269
117289.4899586107 131596.9823911269
117770.3974064228 131757.0620444552
117610.0949238188 131757.0620444552
117449.7924412148 131757.0620444552
117770.3974064228 131917.1416977836
117610.0949238188 131917.1416977836
117449.7924412148 131917.1416977836
117289.4899586107 131917.1416977836
117610.0949238188 132077.2213511119
117449.7924412148 132077.2213511119

121777.9594715235 126634.5131379478
121777.9594715235 126794.5927912761
121457.3545063154 126794.5927912761
121938.2619541275 126954.6724446045
121777.9594715235 126954.6724446045
121617.6569889195 126954.6724446045
121457.3545063154 126954.6724446045
121938.2619541275 127114.7520979328
121777.9594715235 127114.7520979328
121617.6569889195 127114.7520979328
121457.3545063154 127114.7520979328
121297.0520237114 127114.7520979328
121777.9594715235 127274.8317512612
121617.6569889195 127274.8317512612
121457.3545063154 127274.8317512612
121297.0520237114 127274.8317512612
121617.6569889195 127434.9114045895
121457.3545063154 127434.9114045895
121297.0520237114 127434.9114045895
121136.7495411074 127434.9114045895
121297.0520237114 127594.9910579179
121136.7495411074 127755.0707112463
117449.7924412148 131276.8230844702
117610.0949238188 131436.9027377985
117449.7924412148 131436.9027377985
117770.3974064228 131596.9823911269
117610.0949238188 131596.9823911269
117449.7924412148 131596.9823911269
117289.4899586107 131596.9823911269
117770.3974064228 131757.0620444552
117610.0949238188 131757.0620444552
117449.7924412148 131757.0620444552
117289.4899586107 131757.0620444552
117770.3974064228 131917.1416977836
117610.0949238188 131917.1416977836
117449.7924412148 131917.1416977836
117289.4899586107 131917.1416977836
117610.0949238188 132077.2213511119
117449.7924412148 132077.2213511119
117449.7924412148 132397.3806577687

120495.5396106913 135438.8940710075
120816.1445758993 135278.8144176791
120816.1445758993 134958.6551110224
117449.7924412148 132397.3806577687
117449.7924412148 132077.2213511119
117610.0949238188 132077.2213511119
117289.4899586107 131917.1416977836
117449.7924412148 131917.1416977836
117610.0949238188 131917.1416977836
117449.7924412148 131757.0620444552
117610.0949238188 131757.0620444552
117770.3974064228 131757.0620444552
117289.4899586107 131596.9823911269
117449.7924412148 131596.9823911269
117610.0949238188 131596.9823911269
117610.0949238188 131436.9027377985
117449.7924412148 131276.8230844702
117449.7924412148 130956.6637778134
120816.1445758993 128235.3096712314
120816.1445758993 127915.1503645746
121136.7495411074 127755.0707112463
121297.0520237114 127434.9114045895
121457.3545063154 127434.9114045895
121617.6569889195 127434.9114045895
121457.3545063154 127274.8317512612
121617.6569889195 127274.8317512612
121777.9594715235 127274.8317512612
129793.0836017248 118950.6897781866
129793.0836017248 119270.8490848433
129632.7811191208 119591.0083915000
121777.9594715235 126634.5131379478
121777.9594715235 126794.5927912761
121457.3545063154 126794.5927912761
121938.2619541275 126954.6724446045
121777.9594715235 126954.6724446045
121617.6569889195 126954.6724446045
121938.2619541275 127114.7520979328
121777.9594715235 127114.7520979328
121617.6569889195 127114.7520979328
121457.3545063154 127114.7520979328

120655.8420932953 135438.8940710075
121938.2619541275 126794.5927912761
121777.9594715235 126794.5927912761
121617.6569889195 126794.5927912761
121457.3545063154 126794.5927912761
121938.2619541275 126954.6724446045
121777.9594715235 126954.6724446045
121617.6569889195 126954.6724446045
121457.3545063154 126954.6724446045
121938.2619541275 127114.7520979328
121777.9594715235 127114.7520979328
121617.6569889195 127114.7520979328
121457.3545063154 127114.7520979328
121297.0520237114 127114.7520979328
121777.9594715235 127274.8317512612
121617.6569889195 127274.8317512612
121457.3545063154 127274.8317512612
121297.0520237114 127274.8317512612
121617.6569889195 127434.9114045895
121457.3545063154 127434.9114045895
121297.0520237114 127434.9114045895
121136.7495411074 127434.9114045895
121297.0520237114 127594.9910579179
117449.7924412148 131276.8230844702
117610.0949238188 131436.9027377985
117449.7924412148 131436.9027377985
117770.3974064228 131596.9823911269
117610.0949238188 131596.9823911269
117449.7924412148 131596.9823911269
117289.4899586107 131596.9823911269
117770.3974064228 131757.0620444552
117610.0949238188 131757.0620444552
117449.7924412148 131757.0620444552
117289.4899586107 131757.0620444552
117770.3974064228 131917.1416977836
117610.0949238188 131917.1416977836
117449.7924412148 131917.1416977836
117289.4899586107 131917.1416977836
117610.0949238188 132077.2213511119
117449.7924412148 132077.2213511119

120495.5396106913 135438.8940710075
120816.1445758993 135278.8144176791
120816.1445758993 134958.6551110224
117449.7924412148 132397.3806577687
117449.7924412148 132077.2213511119
117610.0949238188 132077.2213511119
117289.4899586107 131917.1416977836
117449.7924412148 131917.1416977836
117610.0949238188 131917.1416977836
117449.7924412148 131757.0620444552
117610.0949238188 131757.0620444552
117770.3974064228 131757.0620444552
117289.4899586107 131596.9823911269
117449.7924412148 131596.9823911269
117610.0949238188 131596.9823911269
117610.0949238188 131436.9027377985
117449.7924412148 131276.8230844702
117449.7924412148 130956.6637778134
129953.3860843289 118790.6101248582
129632.7811191208 119110.7694315149
129632.7811191208 119430.9287381716
129632.7811191208 119751.0880448284
129312.1761539127 119911.1676981567
129312.1761539127 120231.3270048134
122419.1694019396 126634.5131379478
121938.2619541275 126794.5927912761
121938.2619541275 126954.6724446045
121617.6569889195 126954.6724446045
121777.9594715235 127114.7520979328
121617.6569889195 127114.7520979328
121297.0520237114 127114.7520979328
121777.9594715235 127274.8317512612
121617.6569889195 127274.8317512612
121617.6569889195 127434.9114045895
121457.3545063154 127434.9114045895
121297.0520237114 127434.9114045895
121136.7495411074 127755.0707112463
120816.1445758993 127915.1503645746
120816.1445758993 128235.3096712314
120495.5396106913 128395.3893245597

120495.5396106913 135438.8940710075
120816.1445758993 135278.8144176791
120816.1445758993 134958.6551110224
123220.6818149597 133357.8585777388
129953.3860843289 118790.6101248582
129632.7811191208 119110.7694315149
129632.7811191208 119430.9287381716
129632.7811191208 119751.0880448284
129312.1761539127 119911.1676981567
129312.1761539127 120231.3270048134
122419.1694019396 126634.5131379478
121777.9594715235 126634.5131379478
121938.2619541275 126794.5927912761
121938.2619541275 126954.6724446045
121617.6569889195 126954.6724446045
121777.9594715235 127114.7520979328
121617.6569889195 127114.7520979328
121297.0520237114 127114.7520979328
121777.9594715235 127274.8317512612
121617.6569889195 127274.8317512612
121457.3545063154 127434.9114045895
121297.0520237114 127434.9114045895
121136.7495411074 127755.0707112463
120816.1445758993 127915.1503645746
120816.1445758993 128235.3096712314
120495.5396106913 128395.3893245597
117449.7924412148 130956.6637778134
117449.7924412148 131276.8230844702
117610.0949238188 131436.9027377985
117610.0949238188 131596.9823911269
117449.7924412148 131596.9823911269
117289.4899586107 131596.9823911269
117770.3974064228 131757.0620444552
117610.0949238188 131757.0620444552
117449.7924412148 131757.0620444552
122900.0768497517 132877.6196177537
117610.0949238188 131917.1416977836
117289.4899586107 131917.1416977836
117449.7924412148 132077.2213511119
117449.7924412148 132397.3806577687

120495.5396106913 135438.8940710075
120816.1445758993 135278.8144176791
120816.1445758993 134958.6551110224
123220.6818149597 133357.8585777388
123380.9842975638 133037.6992710821
117449.7924412148 132557.4603110970
117449.7924412148 132237.3010044403
117610.0949238188 132077.2213511119
129953.3860843289 118790.6101248582
129632.7811191208 119110.7694315149
129632.7811191208 119430.9287381716
129632.7811191208 119751.0880448284
129312.1761539127 119911.1676981567
129312.1761539127 120231.3270048134
126266.4289844362 125994.1945246343
122419.1694019396 126634.5131379478
121777.9594715235 126634.5131379478
121938.2619541275 126794.5927912761
121617.6569889195 126954.6724446045
121777.9594715235 127114.7520979328
121617.6569889195 127114.7520979328
121297.0520237114 127114.7520979328
121777.9594715235 127274.8317512612
121617.6569889195 127274.8317512612
121457.3545063154 127434.9114045895
121297.0520237114 127434.9114045895
121136.7495411074 127755.0707112463
120816.1445758993 127915.1503645746
120816.1445758993 128235.3096712314
120495.5396106913 128395.3893245597
133480.0407016175 130636.5044711567
117610.0949238188 130956.6637778134
117610.0949238188 131276.8230844702
117449.7924412148 131276.8230844702
117610.0949238188 131436.9027377985
117610.0949238188 131596.9823911269
117449.7924412148 131596.9823911269
117610.0949238188 131757.0620444552
117610.0949238188 131917.1416977836
117449.7924412148 131917.1416977836

120495.5396106913 135438.8940710075
120816.1445758993 135278.8144176791
120816.1445758993 134958.6551110224
117449.7924412148 132717.5399644254
117449.7924412148 132397.3806577687
129793.0836017248 118950.6897781866
129793.0836017248 119270.8490848433
121777.9594715235 126634.5131379478
121777.9594715235 126794.5927912761
121457.3545063154 126794.5927912761
121938.2619541275 126954.6724446045
121777.9594715235 126954.6724446045
121617.6569889195 126954.6724446045
121457.3545063154 126954.6724446045
121938.2619541275 127114.7520979328
121777.9594715235 127114.7520979328
121617.6569889195 127114.7520979328
121457.3545063154 127114.7520979328
121297.0520237114 127114.7520979328
121777.9594715235 127274.8317512612
121617.6569889195 127274.8317512612
121457.3545063154 127274.8317512612
121617.6569889195 127434.9114045895
121457.3545063154 127434.9114045895
121297.0520237114 127434.9114045895
121136.7495411074 127755.0707112463
120816.1445758993 127915.1503645746
117449.7924412148 131276.8230844702
117610.0949238188 131436.9027377985
117449.7924412148 131436.9027377985
117610.0949238188 131596.9823911269
117449.7924412148 131596.9823911269
117289.4899586107 131596.9823911269
117610.0949238188 131757.0620444552
117449.7924412148 131757.0620444552
117610.0949238188 131917.1416977836
117449.7924412148 131917.1416977836
117289.4899586107 131917.1416977836
117610.0949238188 132077.2213511119
117449.7924412148 132077.2213511119

120495.5396106913 135438.8940710075
120816.1445758993 135278.8144176791
120816.1445758993 134958.6551110224
116968.8849934027 134478.4161510373
116968.8849934027 134158.2568443806
122739.7743671477 133678.0178843956
123220.6818149597 133357.8585777388
123220.6818149597 132877.6196177537
117610.0949238188 132717.5399644254
117449.7924412148 132557.4603110970
123220.6818149597 132557.4603110970
123541.2867801678 132237.3010044403
117449.7924412148 132077.2213511119
129953.3860843289 118790.6101248582
129632.7811191208 119110.7694315149
129632.7811191208 119430.9287381716
129632.7811191208 119751.0880448284
129312.1761539127 119911.1676981567
128991.5711887047 120391.4066581418
123861.8917453758 127114.7520979328
128510.6637408926 120551.4863114702
128991.5711887047 121191.8049247836
130754.8984973490 124073.2386846940
126426.7314670403 125994.1945246343
121777.9594715235 125994.1945246343
121777.9594715235 126634.5131379478
122579.4718845436 126794.5927912761
121297.0520237114 126794.5927912761
121297.0520237114 127114.7520979328
120976.4470585034 127274.8317512612
121777.9594715235 127434.9114045895
120816.1445758993 127594.9910579179
121457.3545063154 127915.1503645746
121297.0520237114 128235.3096712314
120976.4470585034 128555.4689778881
120495.5396106913 128715.5486312164
133480.0407016175 130636.5044711567
133159.4357364094 130956.6637778134
117610.0949238188 130956.6637778134
117610.0949238188 131276.8230844702

120495.5396106913 135438.8940710075
120816.1445758993 135278.8144176791
120816.1445758993 134958.6551110224
117449.7924412148 132397.3806577687
117449.7924412148 132077.2213511119
117610.0949238188 132077.2213511119
129793.0836017248 118950.6897781866
129793.0836017248 119270.8490848433
129632.7811191208 119591.0083915000
121777.9594715235 126634.5131379478
121777.9594715235 126794.5927912761
121457.3545063154 126794.5927912761
121938.2619541275 126954.6724446045
121777.9594715235 126954.6724446045
121617.6569889195 126954.6724446045
121938.2619541275 127114.7520979328
121777.9594715235 127114.7520979328
121617.6569889195 127114.7520979328
121457.3545063154 127114.7520979328
121297.0520237114 127114.7520979328
121777.9594715235 127274.8317512612
121617.6569889195 127274.8317512612
121617.6569889195 127434.9114045895
121457.3545063154 127434.9114045895
121297.0520237114 127434.9114045895
121136.7495411074 127755.0707112463
120816.1445758993 127915.1503645746
120816.1445758993 128235.3096712314
117449.7924412148 130956.6637778134
117449.7924412148 131276.8230844702
117610.0949238188 131436.9027377985
117610.0949238188 131596.9823911269
117449.7924412148 131596.9823911269
117289.4899586107 131596.9823911269
117610.0949238188 131757.0620444552
117449.7924412148 131757.0620444552
117610.0949238188 131917.1416977836
117449.7924412148 131917.1416977836
117289.4899586107 131917.1416977836
117449.7924412148 132717.5399644254

120495.5396106913 135438.8940710075
120816.1445758993 135278.8144176791
120816.1445758993 134958.6551110224
117449.7924412148 132717.5399644254
117449.7924412148 132397.3806577687
117449.7924412148 132077.2213511119
117610.0949238188 132077.2213511119
117289.4899586107 131917.1416977836
117449.7924412148 131917.1416977836
117610.0949238188 131917.1416977836
117449.7924412148 131757.0620444552
117610.0949238188 131757.0620444552
117770.3974064228 131757.0620444552
117289.4899586107 131596.9823911269
117449.7924412148 131596.9823911269
117610.0949238188 131596.9823911269
117610.0949238188 131436.9027377985
117449.7924412148 131276.8230844702
129793.0836017248 119270.8490848433
121777.9594715235 126634.5131379478
121938.2619541275 126794.5927912761
121777.9594715235 126794.5927912761
121457.3545063154 126794.5927912761
121938.2619541275 126954.6724446045
121777.9594715235 126954.6724446045
121617.6569889195 126954.6724446045
121457.3545063154 126954.6724446045
121938.2619541275 127114.7520979328
121777.9594715235 127114.7520979328
121617.6569889195 127114.7520979328
121457.3545063154 127114.7520979328
121297.0520237114 127114.7520979328
121777.9594715235 127274.8317512612
121617.6569889195 127274.8317512612
121457.3545063154 127274.8317512612
121617.6569889195 127434.9114045895
121457.3545063154 127434.9114045895
121297.0520237114 127434.9114045895
121136.7495411074 127755.0707112463
120816.1445758993 127915.1503645746

120816.1445758993 135118.7347643508
117449.7924412148 132397.3806577687
117449.7924412148 132077.2213511119
117610.0949238188 132077.2213511119
117289.4899586107 131917.1416977836
117449.7924412148 131917.1416977836
117610.0949238188 131917.1416977836
117770.3974064228 131917.1416977836
117289.4899586107 131757.0620444552
117449.7924412148 131757.0620444552
117610.0949238188 131757.0620444552
117770.3974064228 131757.0620444552
117449.7924412148 131596.9823911269
117610.0949238188 131596.9823911269
117770.3974064228 131596.9823911269
117289.4899586107 131436.9027377985
117449.7924412148 131436.9027377985
117610.0949238188 131436.9027377985
121136.7495411074 127755.0707112463
121777.9594715235 126634.5131379478
121938.2619541275 126794.5927912761
121777.9594715235 126794.5927912761
121457.3545063154 126794.5927912761
121938.2619541275 126954.6724446045
121777.9594715235 126954.6724446045
121617.6569889195 126954.6724446045
121457.3545063154 126954.6724446045
121938.2619541275 127114.7520979328
121777.9594715235 127114.7520979328
121617.6569889195 127114.7520979328
121457.3545063154 127114.7520979328
121297.0520237114 127114.7520979328
121777.9594715235 127274.8317512612
121617.6569889195 127274.8317512612
121457.3545063154 127274.8317512612
121297.0520237114 127274.8317512612
121617.6569889195 127434.9114045895
121457.3545063154 127434.9114045895
121297.0520237114 127434.9114045895
121136.7495411074 127434.9114045895

120495.5396106913 135438.8940710075
120816.1445758993 135278.8144176791
120816.1445758993 134958.6551110224
129793.0836017248 118950.6897781866
129793.0836017248 119270.8490848433
129632.7811191208 119591.0083915000
121777.9594715235 126634.5131379478
121777.9594715235 126794.5927912761
121457.3545063154 126794.5927912761
121938.2619541275 126954.6724446045
121777.9594715235 126954.6724446045
121617.6569889195 126954.6724446045
121938.2619541275 127114.7520979328
121777.9594715235 127114.7520979328
121617.6569889195 127114.7520979328
121457.3545063154 127114.7520979328
121297.0520237114 127114.7520979328
121777.9594715235 127274.8317512612
121617.6569889195 127274.8317512612
121457.3545063154 127274.8317512612
121617.6569889195 127434.9114045895
121457.3545063154 127434.9114045895
121297.0520237114 127434.9114045895
121136.7495411074 127755.0707112463
120816.1445758993 127915.1503645746
117449.7924412148 131276.8230844702
117610.0949238188 131436.9027377985
117610.0949238188 131596.9823911269
117449.7924412148 131596.9823911269
117289.4899586107 131596.9823911269
117770.3974064228 131757.0620444552
117610.0949238188 131757.0620444552
117449.7924412148 131757.0620444552
117610.0949238188 131917.1416977836
117449.7924412148 131917.1416977836
117289.4899586107 131917.1416977836
117610.0949238188 132077.2213511119
117449.7924412148 132077.2213511119
117449.7924412148 132397.3806577687
117449.7924412148 132717.5399644254

120495.5396106913 135438.8940710075
120816.1445758993 135278.8144176791
120816.1445758993 134958.6551110224
123220.6818149597 133357.8585777388
129953.3860843289 118790.6101248582
129632.7811191208 119110.7694315149
129632.7811191208 119430.9287381716
129632.7811191208 119751.0880448284
129312.1761539127 119911.1676981567
129312.1761539127 120231.3270048134
122419.1694019396 126634.5131379478
121938.2619541275 126794.5927912761
121938.2619541275 126954.6724446045
121617.6569889195 126954.6724446045
121777.9594715235 127114.7520979328
121617.6569889195 127114.7520979328
121297.0520237114 127114.7520979328
121777.9594715235 127274.8317512612
121617.6569889195 127274.8317512612
121617.6569889195 127434.9114045895
121457.3545063154 127434.9114045895
121297.0520237114 127434.9114045895
121136.7495411074 127755.0707112463
120816.1445758993 127915.1503645746
120816.1445758993 128235.3096712314
120495.5396106913 128395.3893245597
117449.7924412148 130956.6637778134
117449.7924412148 131276.8230844702
117610.0949238188 131436.9027377985
117610.0949238188 131596.9823911269
117449.7924412148 131596.9823911269
117289.4899586107 131596.9823911269
117610.0949238188 131757.0620444552
117449.7924412148 131757.0620444552
117610.0949238188 131917.1416977836
117449.7924412148 131917.1416977836
117289.4899586107 131917.1416977836
117610.0949238188 132077.2213511119
117449.7924412148 132077.2213511119
117449.7924412148 132397.3806577687

120495.5396106913 135438.8940710075
120816.1445758993 135278.8144176791
120816.1445758993 134958.6551110224
123220.6818149597 133357.8585777388
129953.3860843289 118790.6101248582
129632.7811191208 119110.7694315149
129632.7811191208 119430.9287381716
129632.7811191208 119751.0880448284
129312.1761539127 119911.1676981567
122419.1694019396 126634.5131379478
121777.9594715235 126634.5131379478
121938.2619541275 126954.6724446045
121777.9594715235 126954.6724446045
121617.6569889195 126954.6724446045
121777.9594715235 127114.7520979328
121617.6569889195 127114.7520979328
121297.0520237114 127114.7520979328
121777.9594715235 127274.8317512612
121617.6569889195 127274.8317512612
121457.3545063154 127274.8317512612
121617.6569889195 127434.9114045895
121457.3545063154 127434.9114045895
121297.0520237114 127434.9114045895
121136.7495411074 127755.0707112463
120816.1445758993 127915.1503645746
120816.1445758993 128235.3096712314
117449.7924412148 130956.6637778134
117449.7924412148 131276.8230844702
117610.0949238188 131436.9027377985
117610.0949238188 131596.9823911269
117449.7924412148 131596.9823911269
117289.4899586107 131596.9823911269
117610.0949238188 131757.0620444552
117449.7924412148 131757.0620444552
117610.0949238188 131917.1416977836
117449.7924412148 131917.1416977836
117289.4899586107 131917.1416977836
117610.0949238188 132077.2213511119
117449.7924412148 132077.2213511119
117449.7924412148 132397.3806577687

120655.8420932953 135438.8940710075
120816.1445758993 135118.7347643508
117449.7924412148 132397.3806577687
117449.7924412148 132077.2213511119
117610.0949238188 132077.2213511119
121777.9594715235 126634.5131379478
121777.9594715235 126794.5927912761
121457.3545063154 126794.5927912761
121938.2619541275 126954.6724446045
121777.9594715235 126954.6724446045
121617.6569889195 126954.6724446045
121457.3545063154 126954.6724446045
121938.2619541275 127114.7520979328
121777.9594715235 127114.7520979328
121617.6569889195 127114.7520979328
121457.3545063154 127114.7520979328
121297.0520237114 127114.7520979328
121777.9594715235 127274.8317512612
121617.6569889195 127274.8317512612
121457.3545063154 127274.8317512612
121297.0520237114 127274.8317512612
121617.6569889195 127434.9114045895
121457.3545063154 127434.9114045895
121297.0520237114 127434.9114045895
121136.7495411074 127434.9114045895
121136.7495411074 127755.0707112463
120816.1445758993 127915.1503645746
117449.7924412148 131276.8230844702
117610.0949238188 131436.9027377985
117770.3974064228 131596.9823911269
117610.0949238188 131596.9823911269
117449.7924412148 131596.9823911269
117289.4899586107 131596.9823911269
117770.3974064228 131757.0620444552
117610.0949238188 131757.0620444552
117449.7924412148 131757.0620444552
117770.3974064228 131917.1416977836
117610.0949238188 131917.1416977836
117449.7924412148 131917.1416977836
117289.4899586107 131917.1416977836

120495.5396106913 135438.8940710075
120816.1445758993 135278.8144176791
120816.1445758993 134958.6551110224
117449.7924412148 132397.3806577687
117449.7924412148 132077.2213511119
117610.0949238188 132077.2213511119
117289.4899586107 131917.1416977836
117449.7924412148 131917.1416977836
117610.0949238188 131917.1416977836
117449.7924412148 131757.0620444552
117610.0949238188 131757.0620444552
117770.3974064228 131757.0620444552
117289.4899586107 131596.9823911269
117449.7924412148 131596.9823911269
117610.0949238188 131596.9823911269
117610.0949238188 131436.9027377985
117449.7924412148 131276.8230844702
120816.1445758993 128235.3096712314
120816.1445758993 127915.1503645746
121136.7495411074 127755.0707112463
121297.0520237114 127434.9114045895
121457.3545063154 127434.9114045895
121617.6569889195 127434.9114045895
121457.3545063154 127274.8317512612
121617.6569889195 127274.8317512612
121777.9594715235 127274.8317512612
129793.0836017248 118950.6897781866
129793.0836017248 119270.8490848433
129632.7811191208 119591.0083915000
121777.9594715235 126634.5131379478
121457.3545063154 126794.5927912761
121938.2619541275 126954.6724446045
121777.9594715235 126954.6724446045
121617.6569889195 126954.6724446045
121938.2619541275 127114.7520979328
121777.9594715235 127114.7520979328
121617.6569889195 127114.7520979328
121457.3545063154 127114.7520979328
121297.0520237114 127114.7520979328
120976.4470585034 127594.9910579179

120495.5396106913 135438.8940710075
120816.1445758993 135278.8144176791
120816.1445758993 134958.6551110224
123220.6818149597 133357.8585777388
123380.9842975638 133037.6992710821
117449.7924412148 132557.4603110970
117449.7924412148 132237.3010044403
117610.0949238188 132077.2213511119
129953.3860843289 118790.6101248582
129632.7811191208 119110.7694315149
129632.7811191208 119430.9287381716
129632.7811191208 119751.0880448284
129312.1761539127 119911.1676981567
129312.1761539127 120231.3270048134
122419.1694019396 126634.5131379478
121938.2619541275 126794.5927912761
121938.2619541275 126954.6724446045
121617.6569889195 126954.6724446045
121777.9594715235 127114.7520979328
121617.6569889195 127114.7520979328
121297.0520237114 127114.7520979328
121777.9594715235 127274.8317512612
121617.6569889195 127274.8317512612
121617.6569889195 127434.9114045895
121457.3545063154 127434.9114045895
121297.0520237114 127434.9114045895
121136.7495411074 127755.0707112463
120816.1445758993 127915.1503645746
120816.1445758993 128235.3096712314
120495.5396106913 128395.3893245597
133480.0407016175 130636.5044711567
117610.0949238188 130956.6637778134
117610.0949238188 131276.8230844702
117449.7924412148 131276.8230844702
117610.0949238188 131436.9027377985
117610.0949238188 131596.9823911269
117449.7924412148 131596.9823911269
117610.0949238188 131757.0620444552
117610.0949238188 131917.1416977836
117449.7924412148 131917.1416977836

121938.2619541275 126794.5927912761
121777.9594715235 126794.5927912761
121617.6569889195 126794.5927912761
121457.3545063154 126794.5927912761
121938.2619541275 126954.6724446045
121777.9594715235 126954.6724446045
121617.6569889195 126954.6724446045
121457.3545063154 126954.6724446045
121938.2619541275 127114.7520979328
121777.9594715235 127114.7520979328
121617.6569889195 127114.7520979328
121457.3545063154 127114.7520979328
121297.0520237114 127114.7520979328
121777.9594715235 127274.8317512612
121617.6569889195 127274.8317512612
121457.3545063154 127274.8317512612
121297.0520237114 127274.8317512612
121617.6569889195 127434.9114045895
121457.3545063154 127434.9114045895
121297.0520237114 127434.9114045895
121136.7495411074 127434.9114045895
121297.0520237114 127594.9910579179
117449.7924412148 131276.8230844702
117610.0949238188 131436.9027377985
117449.7924412148 131436.9027377985
117770.3974064228 131596.9823911269
117610.0949238188 131596.9823911269
117449.7924412148 131596.9823911269
117289.4899586107 131596.9823911269
117770.3974064228 131757.0620444552
117610.0949238188 131757.0620444552
117449.7924412148 131757.0620444552
117289.4899586107 131757.0620444552
117770.3974064228 131917.1416977836
117610.0949238188 131917.1416977836
117449.7924412148 131917.1416977836
117289.4899586107 131917.1416977836
117610.0949238188 132077.2213511119
117449.7924412148 132077.2213511119
117449.7924412148 132397.3806577687

120495.5396106913 135438.8940710075
120816.1445758993 135278.8144176791
120816.1445758993 134958.6551110224
117449.7924412148 132717.5399644254
117449.7924412148 132397.3806577687
117449.7924412148 132077.2213511119
117610.0949238188 132077.2213511119
117289.4899586107 131917.1416977836
117449.7924412148 131917.1416977836
117610.0949238188 131917.1416977836
117449.7924412148 131757.0620444552
117610.0949238188 131757.0620444552
117289.4899586107 131596.9823911269
117449.7924412148 131596.9823911269
117610.0949238188 131596.9823911269
117449.7924412148 131436.9027377985
117610.0949238188 131436.9027377985
117449.7924412148 131276.8230844702
120816.1445758993 127915.1503645746
129793.0836017248 118950.6897781866
129793.0836017248 119270.8490848433
129632.7811191208 119591.0083915000
121777.9594715235 126634.5131379478
121777.9594715235 126794.5927912761
121457.3545063154 126794.5927912761
121938.2619541275 126954.6724446045
121777.9594715235 126954.6724446045
121617.6569889195 126954.6724446045
121938.2619541275 127114.7520979328
121777.9594715235 127114.7520979328
121617.6569889195 127114.7520979328
121457.3545063154 127114.7520979328
121297.0520237114 127114.7520979328
121777.9594715235 127274.8317512612
121617.6569889195 127274.8317512612
121457.3545063154 127274.8317512612
121617.6569889195 127434.9114045895
121457.3545063154 127434.9114045895
121297.0520237114 127434.9114045895
121136.7495411074 127755.0707112463

120816.1445758993 135118.7347643508
117449.7924412148 132397.3806577687
121777.9594715235 126634.5131379478
121777.9594715235 126794.5927912761
121457.3545063154 126794.5927912761
121938.2619541275 126954.6724446045
121777.9594715235 126954.6724446045
121617.6569889195 126954.6724446045
121457.3545063154 126954.6724446045
121938.2619541275 127114.7520979328
121777.9594715235 127114.7520979328
121617.6569889195 127114.7520979328
121457.3545063154 127114.7520979328
121297.0520237114 127114.7520979328
121777.9594715235 127274.8317512612
121617.6569889195 127274.8317512612
121457.3545063154 127274.8317512612
121297.0520237114 127274.8317512612
121617.6569889195 127434.9114045895
121457.3545063154 127434.9114045895
121297.0520237114 127434.9114045895
121136.7495411074 127434.9114045895
121136.7495411074 127755.0707112463
120816.1445758993 127915.1503645746
117449.7924412148 131276.8230844702
117610.0949238188 131436.9027377985
117449.7924412148 131436.9027377985
117770.3974064228 131596.9823911269
117610.0949238188 131596.9823911269
117449.7924412148 131596.9823911269
117289.4899586107 131596.9823911269
117770.3974064228 131757.0620444552
117610.0949238188 131757.0620444552
117449.7924412148 131757.0620444552
117770.3974064228 131917.1416977836
117610.0949238188 131917.1416977836
117449.7924412148 131917.1416977836
117289.4899586107 131917.1416977836
117610.0949238188 132077.2213511119
117449.7924412148 132077.2213511119

120655.8420932953 135438.8940710075
121938.2619541275 126794.5927912761
121777.9594715235 126794.5927912761
121617.6569889195 126794.5927912761
121457.3545063154 126794.5927912761
121938.2619541275 126954.6724446045
121777.9594715235 126954.6724446045
121617.6569889195 126954.6724446045
121457.3545063154 126954.6724446045
121938.2619541275 127114.7520979328
121777.9594715235 127114.7520979328
121617.6569889195 127114.7520979328
121457.3545063154 127114.7520979328
121297.0520237114 127114.7520979328
121777.9594715235 127274.8317512612
121617.6569889195 127274.8317512612
121457.3545063154 127274.8317512612
121297.0520237114 127274.8317512612
121617.6569889195 127434.9114045895
121457.3545063154 127434.9114045895
121297.0520237114 127434.9114045895
121136.7495411074 127434.9114045895
121297.0520237114 127594.9910579179
117610.0949238188 131436.9027377985
117449.7924412148 131436.9027377985
117289.4899586107 131436.9027377985
117770.3974064228 131596.9823911269
117610.0949238188 131596.9823911269
117449.7924412148 131596.9823911269
117289.4899586107 131596.9823911269
117770.3974064228 131757.0620444552
117610.0949238188 131757.0620444552
117449.7924412148 131757.0620444552
117289.4899586107 131757.0620444552
117770.3974064228 131917.1416977836
117610.0949238188 131917.1416977836
117449.7924412148 131917.1416977836
117289.4899586107 131917.1416977836
117610.0949238188 132077.2213511119
117449.7924412148 132077.2213511119

121938.2619541275 126794.5927912761
121777.9594715235 126794.5927912761
121617.6569889195 126794.5927912761
121457.3545063154 126794.5927912761
121938.2619541275 126954.6724446045
121777.9594715235 126954.6724446045
121617.6569889195 126954.6724446045
121457.3545063154 126954.6724446045
121938.2619541275 127114.7520979328
121777.9594715235 127114.7520979328
121617.6569889195 127114.7520979328
121457.3545063154 127114.7520979328
121297.0520237114 127114.7520979328
121777.9594715235 127274.8317512612
121617.6569889195 127274.8317512612
121457.3545063154 127274.8317512612
121297.0520237114 127274.8317512612
121617.6569889195 127434.9114045895
121457.3545063154 127434.9114045895
121297.0520237114 127434.9114045895
121136.7495411074 127434.9114045895
121297.0520237114 127594.9910579179
117610.0949238188 131436.9027377985
117449.7924412148 131436.9027377985
117289.4899586107 131436.9027377985
117770.3974064228 131596.9823911269
117610.0949238188 131596.9823911269
117449.7924412148 131596.9823911269
117289.4899586107 131596.9823911269
117770.3974064228 131757.0620444552
117610.0949238188 131757.0620444552
117449.7924412148 131757.0620444552
117289.4899586107 131757.0620444552
117770.3974064228 131917.1416977836
117610.0949238188 131917.1416977836
117449.7924412148 131917.1416977836
117289.4899586107 131917.1416977836
117610.0949238188 132077.2213511119
117449.7924412148 132077.2213511119
117449.7924412148 132397.3806577687

117610.0949238188 132237.3010044403
121938.2619541275 126794.5927912761
121777.9594715235 126794.5927912761
121617.6569889195 126794.5927912761
121457.3545063154 126794.5927912761
121938.2619541275 126954.6724446045
121777.9594715235 126954.6724446045
121617.6569889195 126954.6724446045
121457.3545063154 126954.6724446045
121938.2619541275 127114.7520979328
121777.9594715235 127114.7520979328
121617.6569889195 127114.7520979328
121457.3545063154 127114.7520979328
121297.0520237114 127114.7520979328
121777.9594715235 127274.8317512612
121617.6569889195 127274.8317512612
121457.3545063154 127274.8317512612
121297.0520237114 127274.8317512612
121617.6569889195 127434.9114045895
121457.3545063154 127434.9114045895
121297.0520237114 127434.9114045895
121136.7495411074 127434.9114045895
121297.0520237114 127594.9910579179
117610.0949238188 131436.9027377985
117449.7924412148 131436.9027377985
117289.4899586107 131436.9027377985
117770.3974064228 131596.9823911269
117610.0949238188 131596.9823911269
117449.7924412148 131596.9823911269
117289.4899586107 131596.9823911269
117770.3974064228 131757.0620444552
117610.0949238188 131757.0620444552
117449.7924412148 131757.0620444552
117289.4899586107 131757.0620444552
117770.3974064228 131917.1416977836
117610.0949238188 131917.1416977836
117449.7924412148 131917.1416977836
117289.4899586107 131917.1416977836
117610.0949238188 132077.2213511119
117449.7924412148 132077.2213511119

120495.5396106913 135438.8940710075
120816.1445758993 135278.8144176791
120816.1445758993 134958.6551110224
117449.7924412148 132397.3806577687
117449.7924412148 132077.2213511119
117610.0949238188 132077.2213511119
129793.0836017248 119270.8490848433
121777.9594715235 126634.5131379478
121938.2619541275 126794.5927912761
121777.9594715235 126794.5927912761
121457.3545063154 126794.5927912761
121938.2619541275 126954.6724446045
121777.9594715235 126954.6724446045
121617.6569889195 126954.6724446045
121457.3545063154 126954.6724446045
121938.2619541275 127114.7520979328
121777.9594715235 127114.7520979328
121617.6569889195 127114.7520979328
121457.3545063154 127114.7520979328
121297.0520237114 127114.7520979328
121777.9594715235 127274.8317512612
121617.6569889195 127274.8317512612
121457.3545063154 127274.8317512612
121617.6569889195 127434.9114045895
121457.3545063154 127434.9114045895
121297.0520237114 127434.9114045895
121136.7495411074 127755.0707112463
120816.1445758993 127915.1503645746
117449.7924412148 131276.8230844702
117610.0949238188 131436.9027377985
117449.7924412148 131436.9027377985
117610.0949238188 131596.9823911269
117449.7924412148 131596.9823911269
117289.4899586107 131596.9823911269
117610.0949238188 131757.0620444552
117449.7924412148 131757.0620444552
117610.0949238188 131917.1416977836
117449.7924412148 131917.1416977836
117289.4899586107 131917.1416977836
117449.7924412148 132717.5399644254

120495.5396106913 135438.8940710075
120816.1445758993 135278.8144176791
120816.1445758993 134958.6551110224
117449.7924412148 132397.3806577687
129953.3860843289 118790.6101248582
129632.7811191208 119110.7694315149
129632.7811191208 119430.9287381716
129632.7811191208 119751.0880448284
122419.1694019396 126634.5131379478
121777.9594715235 126634.5131379478
121938.2619541275 126954.6724446045
121777.9594715235 126954.6724446045
121617.6569889195 126954.6724446045
121938.2619541275 127114.7520979328
121777.9594715235 127114.7520979328
121617.6569889195 127114.7520979328
121297.0520237114 127114.7520979328
121777.9594715235 127274.8317512612
121617.6569889195 127274.8317512612
121457.3545063154 127274.8317512612
121617.6569889195 127434.9114045895
121457.3545063154 127434.9114045895
121297.0520237114 127434.9114045895
121136.7495411074 127755.0707112463
120816.1445758993 127915.1503645746
120816.1445758993 128235.3096712314
117449.7924412148 131276.8230844702
117610.0949238188 131436.9027377985
117610.0949238188 131596.9823911269
117449.7924412148 131596.9823911269
117289.4899586107 131596.9823911269
117770.3974064228 131757.0620444552
117610.0949238188 131757.0620444552
117449.7924412148 131757.0620444552
117610.0949238188 131917.1416977836
117449.7924412148 131917.1416977836
117289.4899586107 131917.1416977836
117610.0949238188 132077.2213511119
117449.7924412148 132077.2213511119
117449.7924412148 132717.5399644254

120495.5396106913 135438.8940710075
120816.1445758993 135278.8144176791
120816.1445758993 134958.6551110224
129953.3860843289 118790.6101248582
129632.7811191208 119110.7694315149
129632.7811191208 119430.9287381716
129632.7811191208 119751.0880448284
129312.1761539127 119911.1676981567
129312.1761539127 120231.3270048134
122419.1694019396 126634.5131379478
121938.2619541275 126794.5927912761
121938.2619541275 126954.6724446045
121617.6569889195 126954.6724446045
121777.9594715235 127114.7520979328
121617.6569889195 127114.7520979328
121297.0520237114 127114.7520979328
121777.9594715235 127274.8317512612
121617.6569889195 127274.8317512612
121617.6569889195 127434.9114045895
121457.3545063154 127434.9114045895
121297.0520237114 127434.9114045895
121136.7495411074 127755.0707112463
120816.1445758993 127915.1503645746
120816.1445758993 128235.3096712314
120495.5396106913 128395.3893245597
117449.7924412148 130956.6637778134
117449.7924412148 131276.8230844702
117610.0949238188 131436.9027377985
117610.0949238188 131596.9823911269
117449.7924412148 131596.9823911269
117289.4899586107 131596.9823911269
117610.0949238188 131757.0620444552
117449.7924412148 131757.0620444552
117610.0949238188 131917.1416977836
117449.7924412148 131917.1416977836
117289.4899586107 131917.1416977836
117610.0949238188 132077.2213511119
117449.7924412148 132077.2213511119
117449.7924412148 132397.3806577687
117449.7924412148 132717.5399644254

120495.5396106913 135438.8940710075
120816.1445758993 135278.8144176791
120816.1445758993 134958.6551110224
117449.7924412148 132717.5399644254
117449.7924412148 132397.3806577687
117449.7924412148 132077.2213511119
117610.0949238188 132077.2213511119
129793.0836017248 118950.6897781866
129793.0836017248 119270.8490848433
121777.9594715235 126634.5131379478
121777.9594715235 126794.5927912761
121457.3545063154 126794.5927912761
121938.2619541275 126954.6724446045
121777.9594715235 126954.6724446045
121617.6569889195 126954.6724446045
121457.3545063154 126954.6724446045
121938.2619541275 127114.7520979328
121777.9594715235 127114.7520979328
121617.6569889195 127114.7520979328
121457.3545063154 127114.7520979328
121297.0520237114 127114.7520979328
121777.9594715235 127274.8317512612
121617.6569889195 127274.8317512612
121457.3545063154 127274.8317512612
121617.6569889195 127434.9114045895
121457.3545063154 127434.9114045895
121297.0520237114 127434.9114045895
121136.7495411074 127755.0707112463
120816.1445758993 127915.1503645746
120816.1445758993 128235.3096712314
117449.7924412148 131276.8230844702
117610.0949238188 131436.9027377985
117610.0949238188 131596.9823911269
117449.7924412148 131596.9823911269
117289.4899586107 131596.9823911269
117610.0949238188 131757.0620444552
117449.7924412148 131757.0620444552
117610.0949238188 131917.1416977836
117449.7924412148 131917.1416977836
117289.4899586107 131917.1416977836

117610.0949238188 132237.3010044403
121938.2619541275 126794.5927912761
121777.9594715235 126794.5927912761
121617.6569889195 126794.5927912761
121938.2619541275 126954.6724446045
121777.9594715235 126954.6724446045
121617.6569889195 126954.6724446045
121457.3545063154 126954.6724446045
121938.2619541275 127114.7520979328
121777.9594715235 127114.7520979328
121617.6569889195 127114.7520979328
121457.3545063154 127114.7520979328
121297.0520237114 127114.7520979328
121777.9594715235 127274.8317512612
121617.6569889195 127274.8317512612
121457.3545063154 127274.8317512612
121297.0520237114 127274.8317512612
121617.6569889195 127434.9114045895
121457.3545063154 127434.9114045895
121297.0520237114 127434.9114045895
121136.7495411074 127434.9114045895
121297.0520237114 127594.9910579179
121136.7495411074 127594.9910579179
117610.0949238188 131436.9027377985
117449.7924412148 131436.9027377985
117289.4899586107 131436.9027377985
117770.3974064228 131596.9823911269
117610.0949238188 131596.9823911269
117449.7924412148 131596.9823911269
117289.4899586107 131596.9823911269
117770.3974064228 131757.0620444552
117610.0949238188 131757.0620444552
117449.7924412148 131757.0620444552
117289.4899586107 131757.0620444552
117770.3974064228 131917.1416977836
117610.0949238188 131917.1416977836
117449.7924412148 131917.1416977836
117289.4899586107 131917.1416977836
117610.0949238188 132077.2213511119
117449.7924412148 132077.2213511119

120655.8420932953 135438.8940710075
120816.1445758993 135118.7347643508
117449.7924412148 132397.3806577687
117449.7924412148 132077.2213511119
117610.0949238188 132077.2213511119
121777.9594715235 126634.5131379478
121777.9594715235 126794.5927912761
121457.3545063154 126794.5927912761
121938.2619541275 126954.6724446045
121777.9594715235 126954.6724446045
121617.6569889195 126954.6724446045
121457.3545063154 126954.6724446045
121938.2619541275 127114.7520979328
121777.9594715235 127114.7520979328
121617.6569889195 127114.7520979328
121457.3545063154 127114.7520979328
121297.0520237114 127114.7520979328
121777.9594715235 127274.8317512612
121617.6569889195 127274.8317512612
121457.3545063154 127274.8317512612
121297.0520237114 127274.8317512612
121617.6569889195 127434.9114045895
121457.3545063154 127434.9114045895
121297.0520237114 127434.9114045895
121136.7495411074 127434.9114045895
121297.0520237114 127594.9910579179
121136.7495411074 127755.0707112463
117449.7924412148 131276.8230844702
117610.0949238188 131436.9027377985
117770.3974064228 131596.9823911269
117610.0949238188 131596.9823911269
117449.7924412148 131596.9823911269
117289.4899586107 131596.9823911269
117770.3974064228 131757.0620444552
117610.0949238188 131757.0620444552
117449.7924412148 131757.0620444552
117770.3974064228 131917.1416977836
117610.0949238188 131917.1416977836
117449.7924412148 131917.1416977836
117289.4899586107 131917.1416977836

120495.5396106913 135438.8940710075
120816.1445758993 135278.8144176791
120816.1445758993 134958.6551110224
122900.0768497517 133517.9382310671
123220.6818149597 133357.8585777388
123380.9842975638 133037.6992710821
117449.7924412148 132557.4603110970
123220.6818149597 132557.4603110970
117129.1874760067 132397.3806577687
117449.7924412148 132077.2213511119
117289.4899586107 131596.9823911269
117610.0949238188 131596.9823911269
117449.7924412148 131276.8230844702
117610.0949238188 131276.8230844702
117610.0949238188 130956.6637778134
133159.4357364094 130956.6637778134
133480.0407016175 130636.5044711567
120495.5396106913 128715.5486312164
129953.3860843289 118790.6101248582
129632.7811191208 119110.7694315149
129632.7811191208 119430.9287381716
129632.7811191208 119751.0880448284
129312.1761539127 119911.1676981567
129312.1761539127 120231.3270048134
126266.4289844362 125994.1945246343
122419.1694019396 126634.5131379478
121777.9594715235 126634.5131379478
121938.2619541275 126794.5927912761
121617.6569889195 126954.6724446045
121777.9594715235 127114.7520979328
121617.6569889195 127114.7520979328
121297.0520237114 127114.7520979328
121777.9594715235 127274.8317512612
121617.6569889195 127274.8317512612
121457.3545063154 127434.9114045895
121297.0520237114 127434.9114045895
121136.7495411074 127755.0707112463
120816.1445758993 127915.1503645746
120816.1445758993 128235.3096712314
120495.5396106913 128395.3893245597

120816.1445758993 135118.7347643508
117449.7924412148 132397.3806577687
121777.9594715235 126634.5131379478
121938.2619541275 126794.5927912761
121777.9594715235 126794.5927912761
121457.3545063154 126794.5927912761
121938.2619541275 126954.6724446045
121777.9594715235 126954.6724446045
121617.6569889195 126954.6724446045
121457.3545063154 126954.6724446045
121938.2619541275 127114.7520979328
121777.9594715235 127114.7520979328
121617.6569889195 127114.7520979328
121457.3545063154 127114.7520979328
121297.0520237114 127114.7520979328
121777.9594715235 127274.8317512612
121617.6569889195 127274.8317512612
121457.3545063154 127274.8317512612
121617.6569889195 127434.9114045895
121457.3545063154 127434.9114045895
121297.0520237114 127434.9114045895
121136.7495411074 127434.9114045895
121297.0520237114 127594.9910579179
121136.7495411074 127755.0707112463
117449.7924412148 131276.8230844702
117610.0949238188 131436.9027377985
117449.7924412148 131436.9027377985
117770.3974064228 131596.9823911269
117610.0949238188 131596.9823911269
117449.7924412148 131596.9823911269
117289.4899586107 131596.9823911269
117770.3974064228 131757.0620444552
117610.0949238188 131757.0620444552
117449.7924412148 131757.0620444552
117770.3974064228 131917.1416977836
117610.0949238188 131917.1416977836
117449.7924412148 131917.1416977836
117289.4899586107 131917.1416977836
117610.0949238188 132077.2213511119
117449.7924412148 132077.2213511119

120655.8420932953 135438.8940710075
121777.9594715235 126634.5131379478
121777.9594715235 126794.5927912761
121457.3545063154 126794.5927912761
121938.2619541275 126954.6724446045
121777.9594715235 126954.6724446045
121617.6569889195 126954.6724446045
121457.3545063154 126954.6724446045
121938.2619541275 127114.7520979328
121777.9594715235 127114.7520979328
121617.6569889195 127114.7520979328
121457.3545063154 127114.7520979328
121297.0520237114 127114.7520979328
121777.9594715235 127274.8317512612
121617.6569889195 127274.8317512612
121457.3545063154 127274.8317512612
121297.0520237114 127274.8317512612
121617.6569889195 127434.9114045895
121457.3545063154 127434.9114045895
121297.0520237114 127434.9114045895
121136.7495411074 127434.9114045895
121297.0520237114 127594.9910579179
121136.7495411074 127755.0707112463
117610.0949238188 131436.9027377985
117449.7924412148 131436.9027377985
117289.4899586107 131436.9027377985
117770.3974064228 131596.9823911269
117610.0949238188 131596.9823911269
117449.7924412148 131596.9823911269
117770.3974064228 131757.0620444552
117610.0949238188 131757.0620444552
117449.7924412148 131757.0620444552
117289.4899586107 131757.0620444552
117770.3974064228 131917.1416977836
117610.0949238188 131917.1416977836
117449.7924412148 131917.1416977836
117289.4899586107 131917.1416977836
117610.0949238188 132077.2213511119
117449.7924412148 132077.2213511119
117449.7924412148 132397.3806577687

120495.5396106913 135438.8940710075
120816.1445758993 135278.8144176791
120816.1445758993 134958.6551110224
129793.0836017248 118950.6897781866
129793.0836017248 119270.8490848433
129632.7811191208 119591.0083915000
121777.9594715235 126634.5131379478
121777.9594715235 126794.5927912761
121457.3545063154 126794.5927912761
121938.2619541275 126954.6724446045
121777.9594715235 126954.6724446045
121617.6569889195 126954.6724446045
121938.2619541275 127114.7520979328
121777.9594715235 127114.7520979328
121617.6569889195 127114.7520979328
121457.3545063154 127114.7520979328
121297.0520237114 127114.7520979328
121777.9594715235 127274.8317512612
121617.6569889195 127274.8317512612
121617.6569889195 127434.9114045895
121457.3545063154 127434.9114045895
121297.0520237114 127434.9114045895
121136.7495411074 127755.0707112463
120816.1445758993 127915.1503645746
120816.1445758993 128235.3096712314
117449.7924412148 131276.8230844702
117610.0949238188 131436.9027377985
117610.0949238188 131596.9823911269
117449.7924412148 131596.9823911269
117289.4899586107 131596.9823911269
117770.3974064228 131757.0620444552
117610.0949238188 131757.0620444552
117449.7924412148 131757.0620444552
117610.0949238188 131917.1416977836
117449.7924412148 131917.1416977836
117289.4899586107 131917.1416977836
117610.0949238188 132077.2213511119
117449.7924412148 132077.2213511119
117449.7924412148 132397.3806577687
117449.7924412148 132717.5399644254

120816.1445758993 135118.7347643508
117449.7924412148 132397.3806577687
121777.9594715235 126634.5131379478
121777.9594715235 126794.5927912761
121457.3545063154 126794.5927912761
121938.2619541275 126954.6724446045
121777.9594715235 126954.6724446045
121617.6569889195 126954.6724446045
121457.3545063154 126954.6724446045
121938.2619541275 127114.7520979328
121777.9594715235 127114.7520979328
121617.6569889195 127114.7520979328
121457.3545063154 127114.7520979328
121297.0520237114 127114.7520979328
121777.9594715235 127274.8317512612
121617.6569889195 127274.8317512612
121457.3545063154 127274.8317512612
121297.0520237114 127274.8317512612
121617.6569889195 127434.9114045895
121457.3545063154 127434.9114045895
121297.0520237114 127434.9114045895
121136.7495411074 127434.9114045895
121297.0520237114 127594.9910579179
121136.7495411074 127755.0707112463
117449.7924412148 131276.8230844702
117610.0949238188 131436.9027377985
117449.7924412148 131436.9027377985
117770.3974064228 131596.9823911269
117610.0949238188 131596.9823911269
117449.7924412148 131596.9823911269
117289.4899586107 131596.9823911269
117770.3974064228 131757.0620444552
117610.0949238188 131757.0620444552
117449.7924412148 131757.0620444552
117770.3974064228 131917.1416977836
117610.0949238188 131917.1416977836
117449.7924412148 131917.1416977836
117289.4899586107 131917.1416977836
117610.0949238188 132077.2213511119
117449.7924412148 132077.2213511119

120816.1445758993 135118.7347643508
121777.9594715235 126634.5131379478
121777.9594715235 126794.5927912761
121457.3545063154 126794.5927912761
121938.2619541275 126954.6724446045
121777.9594715235 126954.6724446045
121617.6569889195 126954.6724446045
121457.3545063154 126954.6724446045
121938.2619541275 127114.7520979328
121777.9594715235 127114.7520979328
121617.6569889195 127114.7520979328
121457.3545063154 127114.7520979328
121297.0520237114 127114.7520979328
121777.9594715235 127274.8317512612
121617.6569889195 127274.8317512612
121457.3545063154 127274.8317512612
121297.0520237114 127274.8317512612
121617.6569889195 127434.9114045895
121457.3545063154 127434.9114045895
121297.0520237114 127434.9114045895
121136.7495411074 127434.9114045895
121297.0520237114 127594.9910579179
121136.7495411074 127755.0707112463
117610.0949238188 131436.9027377985
117449.7924412148 131436.9027377985
117289.4899586107 131436.9027377985
117770.3974064228 131596.9823911269
117610.0949238188 131596.9823911269
117449.7924412148 131596.9823911269
117770.3974064228 131757.0620444552
117610.0949238188 131757.0620444552
117449.7924412148 131757.0620444552
117289.4899586107 131757.0620444552
117770.3974064228 131917.1416977836
117610.0949238188 131917.1416977836
117449.7924412148 131917.1416977836
117289.4899586107 131917.1416977836
117610.0949238188 132077.2213511119
117449.7924412148 132077.2213511119
117449.7924412148 132397.3806577687

120495.5396106913 135438.8940710075
120816.1445758993 135278.8144176791
120816.1445758993 134958.6551110224
129793.0836017248 118950.6897781866
129793.0836017248 119270.8490848433
129632.7811191208 119591.0083915000
121777.9594715235 126634.5131379478
121777.9594715235 126794.5927912761
121457.3545063154 126794.5927912761
121938.2619541275 126954.6724446045
121777.9594715235 126954.6724446045
121617.6569889195 126954.6724446045
121938.2619541275 127114.7520979328
121777.9594715235 127114.7520979328
121617.6569889195 127114.7520979328
121457.3545063154 127114.7520979328
121297.0520237114 127114.7520979328
121777.9594715235 127274.8317512612
121617.6569889195 127274.8317512612
121457.3545063154 127274.8317512612
121617.6569889195 127434.9114045895
121457.3545063154 127434.9114045895
121297.0520237114 127434.9114045895
121136.7495411074 127755.0707112463
120816.1445758993 127915.1503645746
120816.1445758993 128235.3096712314
117449.7924412148 131276.8230844702
117610.0949238188 131436.9027377985
117610.0949238188 131596.9823911269
117449.7924412148 131596.9823911269
117289.4899586107 131596.9823911269
117770.3974064228 131757.0620444552
117610.0949238188 131757.0620444552
117449.7924412148 131757.0620444552
117610.0949238188 131917.1416977836
117449.7924412148 131917.1416977836
117289.4899586107 131917.1416977836
117610.0949238188 132077.2213511119
117449.7924412148 132077.2213511119
117449.7924412148 132397.3806577687

120655.8420932953 135438.8940710075
117449.7924412148 132397.3806577687
121777.9594715235 126634.5131379478
121777.9594715235 126794.5927912761
121457.3545063154 126794.5927912761
121938.2619541275 126954.6724446045
121777.9594715235 126954.6724446045
121617.6569889195 126954.6724446045
121457.3545063154 126954.6724446045
121938.2619541275 127114.7520979328
121777.9594715235 127114.7520979328
121617.6569889195 127114.7520979328
121457.3545063154 127114.7520979328
121297.0520237114 127114.7520979328
121777.9594715235 127274.8317512612
121617.6569889195 127274.8317512612
121457.3545063154 127274.8317512612
121297.0520237114 127274.8317512612
121617.6569889195 127434.9114045895
121457.3545063154 127434.9114045895
121297.0520237114 127434.9114045895
121136.7495411074 127434.9114045895
121297.0520237114 127594.9910579179
121136.7495411074 127755.0707112463
117449.7924412148 131276.8230844702
117610.0949238188 131436.9027377985
117449.7924412148 131436.9027377985
117770.3974064228 131596.9823911269
117610.0949238188 131596.9823911269
117449.7924412148 131596.9823911269
117289.4899586107 131596.9823911269
117770.3974064228 131757.0620444552
117610.0949238188 131757.0620444552
117449.7924412148 131757.0620444552
117770.3974064228 131917.1416977836
117610.0949238188 131917.1416977836
117449.7924412148 131917.1416977836
117289.4899586107 131917.1416977836
117610.0949238188 132077.2213511119
117449.7924412148 132077.2213511119

120495.5396106913 135438.8940710075
120816.1445758993 135278.8144176791
120816.1445758993 134958.6551110224
117449.7924412148 132397.3806577687
121777.9594715235 126634.5131379478
121777.9594715235 126794.5927912761
121457.3545063154 126794.5927912761
121938.2619541275 126954.6724446045
121777.9594715235 126954.6724446045
121617.6569889195 126954.6724446045
121457.3545063154 126954.6724446045
121938.2619541275 127114.7520979328
121777.9594715235 127114.7520979328
121617.6569889195 127114.7520979328
121457.3545063154 127114.7520979328
121297.0520237114 127114.7520979328
121777.9594715235 127274.8317512612
121617.6569889195 127274.8317512612
121457.3545063154 127274.8317512612
121297.0520237114 127274.8317512612
121617.6569889195 127434.9114045895
121457.3545063154 127434.9114045895
121297.0520237114 127434.9114045895
121136.7495411074 127434.9114045895
121136.7495411074 127755.0707112463
120816.1445758993 127915.1503645746
117449.7924412148 131276.8230844702
117610.0949238188 131436.9027377985
117770.3974064228 131596.9823911269
117610.0949238188 131596.9823911269
117449.7924412148 131596.9823911269
117289.4899586107 131596.9823911269
117770.3974064228 131757.0620444552
117610.0949238188 131757.0620444552
117449.7924412148 131757.0620444552
117610.0949238188 131917.1416977836
117449.7924412148 131917.1416977836
117289.4899586107 131917.1416977836
117610.0949238188 132077.2213511119
117449.7924412148 132077.2213511119

120655.8420932953 135438.8940710075
120816.1445758993 135118.7347643508
117449.7924412148 132397.3806577687
121777.9594715235 126634.5131379478
121938.2619541275 126794.5927912761
121777.9594715235 126794.5927912761
121457.3545063154 126794.5927912761
121938.2619541275 126954.6724446045
121777.9594715235 126954.6724446045
121617.6569889195 126954.6724446045
121457.3545063154 126954.6724446045
121938.2619541275 127114.7520979328
121777.9594715235 127114.7520979328
121617.6569889195 127114.7520979328
121457.3545063154 127114.7520979328
121297.0520237114 127114.7520979328
121777.9594715235 127274.8317512612
121617.6569889195 127274.8317512612
121457.3545063154 127274.8317512612
121617.6569889195 127434.9114045895
121457.3545063154 127434.9114045895
121297.0520237114 127434.9114045895
121136.7495411074 127434.9114045895
121297.0520237114 127594.9910579179
121136.7495411074 127755.0707112463
117449.7924412148 131276.8230844702
117610.0949238188 131436.9027377985
117770.3974064228 131596.9823911269
117610.0949238188 131596.9823911269
117449.7924412148 131596.9823911269
117289.4899586107 131596.9823911269
117770.3974064228 131757.0620444552
117610.0949238188 131757.0620444552
117449.7924412148 131757.0620444552
117770.3974064228 131917.1416977836
117610.0949238188 131917.1416977836
117449.7924412148 131917.1416977836
117289.4899586107 131917.1416977836
117610.0949238188 132077.2213511119
117449.7924412148 132077.2213511119

120495.5396106913 135438.8940710075
120816.1445758993 135278.8144176791
120816.1445758993 134958.6551110224
117449.7924412148 132717.5399644254
117449.7924412148 132397.3806577687
117449.7924412148 132077.2213511119
117610.0949238188 132077.2213511119
117289.4899586107 131917.1416977836
117449.7924412148 131917.1416977836
117610.0949238188 131917.1416977836
117449.7924412148 131757.0620444552
117610.0949238188 131757.0620444552
129793.0836017248 118950.6897781866
129793.0836017248 119270.8490848433
129632.7811191208 119591.0083915000
121777.9594715235 126634.5131379478
121457.3545063154 126794.5927912761
121938.2619541275 126954.6724446045
121777.9594715235 126954.6724446045
121617.6569889195 126954.6724446045
121938.2619541275 127114.7520979328
121777.9594715235 127114.7520979328
121617.6569889195 127114.7520979328
121457.3545063154 127114.7520979328
121297.0520237114 127114.7520979328
121777.9594715235 127274.8317512612
121617.6569889195 127274.8317512612
121457.3545063154 127274.8317512612
121617.6569889195 127434.9114045895
121457.3545063154 127434.9114045895
121297.0520237114 127434.9114045895
121297.0520237114 127755.0707112463
121136.7495411074 127755.0707112463
120816.1445758993 127915.1503645746
120816.1445758993 128235.3096712314
117449.7924412148 131276.8230844702
117610.0949238188 131436.9027377985
117610.0949238188 131596.9823911269
117449.7924412148 131596.9823911269
117289.4899586107 131596.9823911269

120655.8420932953 135438.8940710075
120816.1445758993 135118.7347643508
121777.9594715235 126634.5131379478
121777.9594715235 126794.5927912761
121457.3545063154 126794.5927912761
121938.2619541275 126954.6724446045
121777.9594715235 126954.6724446045
121617.6569889195 126954.6724446045
121457.3545063154 126954.6724446045
121938.2619541275 127114.7520979328
121777.9594715235 127114.7520979328
121617.6569889195 127114.7520979328
121457.3545063154 127114.7520979328
121297.0520237114 127114.7520979328
121777.9594715235 127274.8317512612
121617.6569889195 127274.8317512612
121457.3545063154 127274.8317512612
121297.0520237114 127274.8317512612
121617.6569889195 127434.9114045895
121457.3545063154 127434.9114045895
121297.0520237114 127434.9114045895
121136.7495411074 127434.9114045895
121297.0520237114 127594.9910579179
121136.7495411074 127755.0707112463
117449.7924412148 131276.8230844702
117610.0949238188 131436.9027377985
117449.7924412148 131436.9027377985
117770.3974064228 131596.9823911269
117610.0949238188 131596.9823911269
117449.7924412148 131596.9823911269
117289.4899586107 131596.9823911269
117770.3974064228 131757.0620444552
117610.0949238188 131757.0620444552
117449.7924412148 131757.0620444552
117610.0949238188 131917.1416977836
117449.7924412148 131917.1416977836
117289.4899586107 131917.1416977836
117610.0949238188 132077.2213511119
117449.7924412148 132077.2213511119
117449.7924412148 132397.3806577687

120495.5396106913 135438.8940710075
120816.1445758993 135278.8144176791
120816.1445758993 134958.6551110224
129793.0836017248 118950.6897781866
129793.0836017248 119270.8490848433
121777.9594715235 126634.5131379478
121938.2619541275 126794.5927912761
121777.9594715235 126794.5927912761
121457.3545063154 126794.5927912761
121938.2619541275 126954.6724446045
121777.9594715235 126954.6724446045
121617.6569889195 126954.6724446045
121938.2619541275 127114.7520979328
121777.9594715235 127114.7520979328
121617.6569889195 127114.7520979328
121457.3545063154 127114.7520979328
121297.0520237114 127114.7520979328
121777.9594715235 127274.8317512612
121617.6569889195 127274.8317512612
121457.3545063154 127274.8317512612
121617.6569889195 127434.9114045895
121457.3545063154 127434.9114045895
121297.0520237114 127434.9114045895
121136.7495411074 127755.0707112463
120816.1445758993 127915.1503645746
120816.1445758993 128235.3096712314
117449.7924412148 131276.8230844702
117610.0949238188 131436.9027377985
117610.0949238188 131596.9823911269
117449.7924412148 131596.9823911269
117289.4899586107 131596.9823911269
117610.0949238188 131757.0620444552
117449.7924412148 131757.0620444552
117610.0949238188 131917.1416977836
117449.7924412148 131917.1416977836
117289.4899586107 131917.1416977836
117610.0949238188 132077.2213511119
117449.7924412148 132077.2213511119
117449.7924412148 132397.3806577687
117449.7924412148 132717.5399644254

120495.5396106913 135438.8940710075
120816.1445758993 135278.8144176791
120816.1445758993 134958.6551110224
117449.7924412148 132397.3806577687
117449.7924412148 132077.2213511119
117610.0949238188 132077.2213511119
117289.4899586107 131917.1416977836
117610.0949238188 131917.1416977836
117770.3974064228 131917.1416977836
117449.7924412148 131757.0620444552
117610.0949238188 131757.0620444552
117770.3974064228 131757.0620444552
117289.4899586107 131596.9823911269
117449.7924412148 131596.9823911269
117610.0949238188 131596.9823911269
117610.0949238188 131436.9027377985
117449.7924412148 131276.8230844702
129793.0836017248 118950.6897781866
129793.0836017248 119270.8490848433
129632.7811191208 119591.0083915000
121777.9594715235 126634.5131379478
121777.9594715235 126794.5927912761
121457.3545063154 126794.5927912761
121938.2619541275 126954.6724446045
121777.9594715235 126954.6724446045
121617.6569889195 126954.6724446045
121938.2619541275 127114.7520979328
121777.9594715235 127114.7520979328
121617.6569889195 127114.7520979328
121457.3545063154 127114.7520979328
121297.0520237114 127114.7520979328
121777.9594715235 127274.8317512612
121617.6569889195 127274.8317512612
121457.3545063154 127274.8317512612
121617.6569889195 127434.9114045895
121457.3545063154 127434.9114045895
121297.0520237114 127434.9114045895
121136.7495411074 127755.0707112463
120816.1445758993 127915.1503645746
120816.1445758993 128235.3096712314

120655.8420932953 135438.8940710075
120816.1445758993 135118.7347643508
121777.9594715235 126634.5131379478
121777.9594715235 126794.5927912761
121457.3545063154 126794.5927912761
121938.2619541275 126954.6724446045
121777.9594715235 126954.6724446045
121617.6569889195 126954.6724446045
121457.3545063154 126954.6724446045
121938.2619541275 127114.7520979328
121777.9594715235 127114.7520979328
121617.6569889195 127114.7520979328
121457.3545063154 127114.7520979328
121297.0520237114 127114.7520979328
121777.9594715235 127274.8317512612
121617.6569889195 127274.8317512612
121457.3545063154 127274.8317512612
121297.0520237114 127274.8317512612
121617.6569889195 127434.9114045895
121457.3545063154 127434.9114045895
121297.0520237114 127434.9114045895
121136.7495411074 127434.9114045895
121136.7495411074 127755.0707112463
120816.1445758993 127915.1503645746
117449.7924412148 131276.8230844702
117610.0949238188 131436.9027377985
117449.7924412148 131436.9027377985
117770.3974064228 131596.9823911269
117610.0949238188 131596.9823911269
117449.7924412148 131596.9823911269
117289.4899586107 131596.9823911269
117770.3974064228 131757.0620444552
117610.0949238188 131757.0620444552
117449.7924412148 131757.0620444552
117610.0949238188 131917.1416977836
117449.7924412148 131917.1416977836
117289.4899586107 131917.1416977836
117610.0949238188 132077.2213511119
117449.7924412148 132077.2213511119
117449.7924412148 132397.3806577687

120495.5396106913 135438.8940710075
120816.1445758993 135278.8144176791
120816.1445758993 134958.6551110224
117449.7924412148 132717.5399644254
117449.7924412148 132397.3806577687
117449.7924412148 132077.2213511119
117610.0949238188 132077.2213511119
117289.4899586107 131917.1416977836
117449.7924412148 131917.1416977836
117610.0949238188 131917.1416977836
117449.7924412148 131757.0620444552
117610.0949238188 131757.0620444552
117289.4899586107 131596.9823911269
117449.7924412148 131596.9823911269
117610.0949238188 131596.9823911269
117610.0949238188 131436.9027377985
117449.7924412148 131276.8230844702
120816.1445758993 128235.3096712314
120816.1445758993 127915.1503645746
121136.7495411074 127755.0707112463
121297.0520237114 127434.9114045895
121457.3545063154 127434.9114045895
121617.6569889195 127434.9114045895
121457.3545063154 127274.8317512612
121617.6569889195 127274.8317512612
121777.9594715235 127274.8317512612
121297.0520237114 127114.7520979328
121457.3545063154 127114.7520979328
121617.6569889195 127114.7520979328
121777.9594715235 127114.7520979328
121938.2619541275 127114.7520979328
121457.3545063154 126954.6724446045
121617.6569889195 126954.6724446045
121777.9594715235 126954.6724446045
121938.2619541275 126954.6724446045
129793.0836017248 118950.6897781866
129793.0836017248 119270.8490848433
129632.7811191208 119591.0083915000
121777.9594715235 126634.5131379478
121457.3545063154 126794.5927912761

120495.5396106913 135438.8940710075
120816.1445758993 135278.8144176791
120816.1445758993 134958.6551110224
117289.4899586107 132717.5399644254
117449.7924412148 132397.3806577687
117449.7924412148 132077.2213511119
117610.0949238188 132077.2213511119
117289.4899586107 131917.1416977836
117449.7924412148 131917.1416977836
117610.0949238188 131917.1416977836
117449.7924412148 131757.0620444552
117610.0949238188 131757.0620444552
117770.3974064228 131757.0620444552
117289.4899586107 131596.9823911269
117449.7924412148 131596.9823911269
117610.0949238188 131596.9823911269
117610.0949238188 131436.9027377985
117449.7924412148 131276.8230844702
129793.0836017248 118950.6897781866
129793.0836017248 119270.8490848433
129632.7811191208 119591.0083915000
121777.9594715235 126634.5131379478
121777.9594715235 126794.5927912761
121457.3545063154 126794.5927912761
121938.2619541275 126954.6724446045
121777.9594715235 126954.6724446045
121617.6569889195 126954.6724446045
121938.2619541275 127114.7520979328
121777.9594715235 127114.7520979328
121617.6569889195 127114.7520979328
121457.3545063154 127114.7520979328
121297.0520237114 127114.7520979328
121777.9594715235 127274.8317512612
121617.6569889195 127274.8317512612
121457.3545063154 127274.8317512612
121617.6569889195 127434.9114045895
121457.3545063154 127434.9114045895
121297.0520237114 127434.9114045895
121136.7495411074 127755.0707112463
120816.1445758993 127915.1503645746

120495.5396106913 135438.8940710075
120816.1445758993 135278.8144176791
120816.1445758993 134958.6551110224
117289.4899586107 132717.5399644254
117449.7924412148 132397.3806577687
129793.0836017248 118950.6897781866
129793.0836017248 119270.8490848433
129632.7811191208 119591.0083915000
121777.9594715235 126634.5131379478
121777.9594715235 126794.5927912761
121457.3545063154 126794.5927912761
121938.2619541275 126954.6724446045
121777.9594715235 126954.6724446045
121617.6569889195 126954.6724446045
121938.2619541275 127114.7520979328
121777.9594715235 127114.7520979328
121617.6569889195 127114.7520979328
121457.3545063154 127114.7520979328
121297.0520237114 127114.7520979328
121777.9594715235 127274.8317512612
121617.6569889195 127274.8317512612
121457.3545063154 127274.8317512612
121617.6569889195 127434.9114045895
121457.3545063154 127434.9114045895
121297.0520237114 127434.9114045895
121136.7495411074 127755.0707112463
120816.1445758993 127915.1503645746
120816.1445758993 128235.3096712314
117449.7924412148 131276.8230844702
117610.0949238188 131436.9027377985
117610.0949238188 131596.9823911269
117449.7924412148 131596.9823911269
117289.4899586107 131596.9823911269
117610.0949238188 131757.0620444552
117449.7924412148 131757.0620444552
117610.0949238188 131917.1416977836
117449.7924412148 131917.1416977836
117289.4899586107 131917.1416977836
117610.0949238188 132077.2213511119
117449.7924412148 132077.2213511119

120495.5396106913 135438.8940710075
120816.1445758993 135278.8144176791
120816.1445758993 134958.6551110224
117449.7924412148 132717.5399644254
117449.7924412148 132397.3806577687
129793.0836017248 118950.6897781866
129793.0836017248 119270.8490848433
129632.7811191208 119591.0083915000
121777.9594715235 126634.5131379478
121457.3545063154 126794.5927912761
121938.2619541275 126954.6724446045
121777.9594715235 126954.6724446045
121617.6569889195 126954.6724446045
121938.2619541275 127114.7520979328
121777.9594715235 127114.7520979328
121617.6569889195 127114.7520979328
121457.3545063154 127114.7520979328
121297.0520237114 127114.7520979328
121777.9594715235 127274.8317512612
121617.6569889195 127274.8317512612
121457.3545063154 127274.8317512612
121617.6569889195 127434.9114045895
121457.3545063154 127434.9114045895
121297.0520237114 127434.9114045895
121136.7495411074 127755.0707112463
120816.1445758993 127915.1503645746
120816.1445758993 128235.3096712314
117449.7924412148 131276.8230844702
117610.0949238188 131436.9027377985
117610.0949238188 131596.9823911269
117449.7924412148 131596.9823911269
117289.4899586107 131596.9823911269
117770.3974064228 131757.0620444552
117610.0949238188 131757.0620444552
117449.7924412148 131757.0620444552
117610.0949238188 131917.1416977836
117449.7924412148 131917.1416977836
117289.4899586107 131917.1416977836
117610.0949238188 132077.2213511119
117449.7924412148 132077.2213511119

120495.5396106913 135438.8940710075
120816.1445758993 135278.8144176791
120816.1445758993 134958.6551110224
117449.7924412148 132717.5399644254
129953.3860843289 118790.6101248582
129632.7811191208 119110.7694315149
129632.7811191208 119430.9287381716
129632.7811191208 119751.0880448284
129312.1761539127 119911.1676981567
122419.1694019396 126634.5131379478
121777.9594715235 126634.5131379478
121938.2619541275 126954.6724446045
121777.9594715235 126954.6724446045
121617.6569889195 126954.6724446045
121777.9594715235 127114.7520979328
121617.6569889195 127114.7520979328
121297.0520237114 127114.7520979328
121777.9594715235 127274.8317512612
121617.6569889195 127274.8317512612
121457.3545063154 127274.8317512612
121617.6569889195 127434.9114045895
121457.3545063154 127434.9114045895
121297.0520237114 127434.9114045895
121136.7495411074 127755.0707112463
120816.1445758993 127915.1503645746
120816.1445758993 128235.3096712314
117449.7924412148 130956.6637778134
117449.7924412148 131276.8230844702
117610.0949238188 131436.9027377985
117610.0949238188 131596.9823911269
117449.7924412148 131596.9823911269
117289.4899586107 131596.9823911269
117770.3974064228 131757.0620444552
117610.0949238188 131757.0620444552
117449.7924412148 131757.0620444552
117770.3974064228 131917.1416977836
117610.0949238188 131917.1416977836
117289.4899586107 131917.1416977836
117449.7924412148 132077.2213511119
117449.7924412148 132397.3806577687

120495.5396106913 135438.8940710075
120816.1445758993 135278.8144176791
120816.1445758993 134958.6551110224
117449.7924412148 132717.5399644254
117449.7924412148 132397.3806577687
117449.7924412148 132077.2213511119
117610.0949238188 132077.2213511119
117289.4899586107 131917.1416977836
117449.7924412148 131917.1416977836
117610.0949238188 131917.1416977836
117449.7924412148 131757.0620444552
117610.0949238188 131757.0620444552
117770.3974064228 131757.0620444552
117289.4899586107 131596.9823911269
117449.7924412148 131596.9823911269
117610.0949238188 131596.9823911269
117610.0949238188 131436.9027377985
117449.7924412148 131276.8230844702
117449.7924412148 130956.6637778134
120816.1445758993 128235.3096712314
120816.1445758993 127915.1503645746
121136.7495411074 127755.0707112463
121297.0520237114 127434.9114045895
121457.3545063154 127434.9114045895
121617.6569889195 127434.9114045895
129953.3860843289 118790.6101248582
129632.7811191208 119110.7694315149
129632.7811191208 119430.9287381716
129632.7811191208 119751.0880448284
129312.1761539127 119911.1676981567
122419.1694019396 126634.5131379478
121777.9594715235 126634.5131379478
121938.2619541275 126954.6724446045
121777.9594715235 126954.6724446045
121617.6569889195 126954.6724446045
121777.9594715235 127114.7520979328
121617.6569889195 127114.7520979328
121297.0520237114 127114.7520979328
121777.9594715235 127274.8317512612
121617.6569889195 127274.8317512612

120495.5396106913 135438.8940710075
120816.1445758993 135278.8144176791
120816.1445758993 134958.6551110224
122900.0768497517 133517.9382310671
123220.6818149597 133357.8585777388
129953.3860843289 118790.6101248582
129632.7811191208 119110.7694315149
129632.7811191208 119430.9287381716
129632.7811191208 119751.0880448284
129312.1761539127 119911.1676981567
129312.1761539127 120231.3270048134
126266.4289844362 125994.1945246343
122419.1694019396 126634.5131379478
121777.9594715235 126634.5131379478
121938.2619541275 126794.5927912761
121617.6569889195 126954.6724446045
121777.9594715235 127114.7520979328
121617.6569889195 127114.7520979328
121297.0520237114 127114.7520979328
121777.9594715235 127274.8317512612
121617.6569889195 127274.8317512612
121457.3545063154 127434.9114045895
121297.0520237114 127434.9114045895
121136.7495411074 127755.0707112463
120816.1445758993 127915.1503645746
120816.1445758993 128235.3096712314
120495.5396106913 128395.3893245597
133480.0407016175 130636.5044711567
117610.0949238188 130956.6637778134
117610.0949238188 131276.8230844702
117449.7924412148 131276.8230844702
117610.0949238188 131436.9027377985
117610.0949238188 131596.9823911269
117449.7924412148 131596.9823911269
117610.0949238188 131757.0620444552
117610.0949238188 131917.1416977836
117449.7924412148 131917.1416977836
117449.7924412148 132237.3010044403
117449.7924412148 132557.4603110970
123380.9842975638 133037.6992710821

120495.5396106913 135438.8940710075
120816.1445758993 135278.8144176791
120816.1445758993 134958.6551110224
122900.0768497517 133517.9382310671
123220.6818149597 133357.8585777388
123380.9842975638 133037.6992710821
117449.7924412148 132557.4603110970
117449.7924412148 132237.3010044403
117449.7924412148 131917.1416977836
117610.0949238188 131917.1416977836
117610.0949238188 131757.0620444552
117449.7924412148 131596.9823911269
117610.0949238188 131596.9823911269
129953.3860843289 118790.6101248582
129632.7811191208 119110.7694315149
129632.7811191208 119430.9287381716
129632.7811191208 119751.0880448284
129312.1761539127 119911.1676981567
129312.1761539127 120231.3270048134
126266.4289844362 125994.1945246343
122419.1694019396 126634.5131379478
121777.9594715235 126634.5131379478
121938.2619541275 126794.5927912761
121617.6569889195 126954.6724446045
121777.9594715235 127114.7520979328
121617.6569889195 127114.7520979328
121297.0520237114 127114.7520979328
121777.9594715235 127274.8317512612
121617.6569889195 127274.8317512612
121457.3545063154 127434.9114045895
121297.0520237114 127434.9114045895
121136.7495411074 127755.0707112463
120816.1445758993 127915.1503645746
120816.1445758993 128235.3096712314
120495.5396106913 128395.3893245597
133480.0407016175 130636.5044711567
117610.0949238188 130956.6637778134
133319.7382190134 131116.7434311418
117610.0949238188 131276.8230844702
117449.7924412148 131276.8230844702

120495.5396106913 135438.8940710075
120816.1445758993 135278.8144176791
120816.1445758993 134958.6551110224
117449.7924412148 132717.5399644254
117449.7924412148 132397.3806577687
117449.7924412148 132077.2213511119
117610.0949238188 132077.2213511119
117289.4899586107 131917.1416977836
117449.7924412148 131917.1416977836
117610.0949238188 131917.1416977836
117449.7924412148 131757.0620444552
117610.0949238188 131757.0620444552
117770.3974064228 131757.0620444552
117289.4899586107 131596.9823911269
117449.7924412148 131596.9823911269
117610.0949238188 131596.9823911269
117449.7924412148 131276.8230844702
117449.7924412148 130956.6637778134
120816.1445758993 128235.3096712314
120816.1445758993 127915.1503645746
121136.7495411074 127755.0707112463
121297.0520237114 127434.9114045895
121457.3545063154 127434.9114045895
121617.6569889195 127434.9114045895
121457.3545063154 127274.8317512612
121617.6569889195 127274.8317512612
121777.9594715235 127274.8317512612
121297.0520237114 127114.7520979328
121617.6569889195 127114.7520979328
121777.9594715235 127114.7520979328
129953.3860843289 118790.6101248582
129632.7811191208 119110.7694315149
129632.7811191208 119430.9287381716
129632.7811191208 119751.0880448284
129312.1761539127 119911.1676981567
129312.1761539127 120231.3270048134
122419.1694019396 126634.5131379478
121938.2619541275 126794.5927912761
121938.2619541275 126954.6724446045
121617.6569889195 126954.6724446045

120495.5396106913 135438.8940710075
120816.1445758993 135278.8144176791
120816.1445758993 134958.6551110224
122900.0768497517 133517.9382310671
123220.6818149597 133357.8585777388
123380.9842975638 133037.6992710821
117449.7924412148 132557.4603110970
117449.7924412148 132237.3010044403
117449.7924412148 131917.1416977836
117610.0949238188 131917.1416977836
117610.0949238188 131757.0620444552
117449.7924412148 131596.9823911269
117610.0949238188 131596.9823911269
129953.3860843289 118790.6101248582
129632.7811191208 119110.7694315149
129632.7811191208 119430.9287381716
129632.7811191208 119751.0880448284
129312.1761539127 119911.1676981567
128991.5711887047 120391.4066581418
129472.4786365168 120551.4863114702
128510.6637408926 120551.4863114702
128991.5711887047 121191.8049247836
130754.8984973490 124073.2386846940
126426.7314670403 125994.1945246343
121777.9594715235 125994.1945246343
121777.9594715235 126634.5131379478
122579.4718845436 126794.5927912761
121297.0520237114 126794.5927912761
121297.0520237114 127114.7520979328
120976.4470585034 127274.8317512612
121777.9594715235 127434.9114045895
120816.1445758993 127594.9910579179
121457.3545063154 127915.1503645746
121297.0520237114 128235.3096712314
120976.4470585034 128555.4689778881
120495.5396106913 128715.5486312164
133480.0407016175 130636.5044711567
133159.4357364094 130956.6637778134
117610.0949238188 130956.6637778134
117610.0949238188 131276.8230844702

120495.5396106913 135438.8940710075
120816.1445758993 135278.8144176791
120816.1445758993 134958.6551110224
123220.6818149597 133357.8585777388
123380.9842975638 133037.6992710821
117449.7924412148 132557.4603110970
117449.7924412148 132237.3010044403
117610.0949238188 132077.2213511119
117289.4899586107 131917.1416977836
117449.7924412148 131917.1416977836
117610.0949238188 131917.1416977836
117610.0949238188 131757.0620444552
117289.4899586107 131596.9823911269
117449.7924412148 131596.9823911269
117610.0949238188 131596.9823911269
117610.0949238188 131276.8230844702
117610.0949238188 130956.6637778134
133480.0407016175 130636.5044711567
120495.5396106913 128395.3893245597
120816.1445758993 128235.3096712314
129953.3860843289 118790.6101248582
129632.7811191208 119110.7694315149
129632.7811191208 119430.9287381716
129632.7811191208 119751.0880448284
129312.1761539127 119911.1676981567
129312.1761539127 120231.3270048134
122419.1694019396 126634.5131379478
121777.9594715235 126634.5131379478
121938.2619541275 126794.5927912761
121938.2619541275 126954.6724446045
121617.6569889195 126954.6724446045
121777.9594715235 127114.7520979328
121617.6569889195 127114.7520979328
121297.0520237114 127114.7520979328
121777.9594715235 127274.8317512612
121617.6569889195 127274.8317512612
121457.3545063154 127434.9114045895
121297.0520237114 127434.9114045895
121136.7495411074 127755.0707112463
120816.1445758993 127915.1503645746

120495.5396106913 135438.8940710075
120816.1445758993 135278.8144176791
120816.1445758993 134958.6551110224
123220.6818149597 133357.8585777388
129953.3860843289 118790.6101248582
129632.7811191208 119110.7694315149
129632.7811191208 119430.9287381716
129632.7811191208 119751.0880448284
129312.1761539127 119911.1676981567
129312.1761539127 120231.3270048134
122419.1694019396 126634.5131379478
121938.2619541275 126794.5927912761
121938.2619541275 126954.6724446045
121617.6569889195 126954.6724446045
121777.9594715235 127114.7520979328
121617.6569889195 127114.7520979328
121297.0520237114 127114.7520979328
121777.9594715235 127274.8317512612
121617.6569889195 127274.8317512612
121617.6569889195 127434.9114045895
121457.3545063154 127434.9114045895
121297.0520237114 127434.9114045895
121136.7495411074 127755.0707112463
120816.1445758993 127915.1503645746
120816.1445758993 128235.3096712314
120495.5396106913 128395.3893245597
133480.0407016175 130636.5044711567
117610.0949238188 130956.6637778134
117610.0949238188 131276.8230844702
117610.0949238188 131596.9823911269
117449.7924412148 131596.9823911269
117289.4899586107 131596.9823911269
117610.0949238188 131757.0620444552
117610.0949238188 131917.1416977836
117449.7924412148 131917.1416977836
117289.4899586107 131917.1416977836
117610.0949238188 132077.2213511119
117449.7924412148 132237.3010044403
117449.7924412148 132557.4603110970
123380.9842975638 133037.6992710821

120495.5396106913 135438.8940710075
120816.1445758993 135278.8144176791
120816.1445758993 134958.6551110224
117449.7924412148 132397.3806577687
121777.9594715235 126634.5131379478
121938.2619541275 126794.5927912761
121777.9594715235 126794.5927912761
121457.3545063154 126794.5927912761
121938.2619541275 126954.6724446045
121777.9594715235 126954.6724446045
121617.6569889195 126954.6724446045
121457.3545063154 126954.6724446045
121938.2619541275 127114.7520979328
121777.9594715235 127114.7520979328
121617.6569889195 127114.7520979328
121457.3545063154 127114.7520979328
121297.0520237114 127114.7520979328
121777.9594715235 127274.8317512612
121617.6569889195 127274.8317512612
121457.3545063154 127274.8317512612
121617.6569889195 127434.9114045895
121457.3545063154 127434.9114045895
121297.0520237114 127434.9114045895
121136.7495411074 127434.9114045895
121136.7495411074 127755.0707112463
120816.1445758993 127915.1503645746
117449.7924412148 131276.8230844702
117610.0949238188 131436.9027377985
117770.3974064228 131596.9823911269
117610.0949238188 131596.9823911269
117449.7924412148 131596.9823911269
117289.4899586107 131596.9823911269
117770.3974064228 131757.0620444552
117610.0949238188 131757.0620444552
117449.7924412148 131757.0620444552
117610.0949238188 131917.1416977836
117449.7924412148 131917.1416977836
117289.4899586107 131917.1416977836
117610.0949238188 132077.2213511119
117449.7924412148 132077.2213511119

120495.5396106913 135438.8940710075
120816.1445758993 135278.8144176791
120816.1445758993 134958.6551110224
123220.6818149597 133357.8585777388
123380.9842975638 133037.6992710821
129953.3860843289 118790.6101248582
129632.7811191208 119110.7694315149
129632.7811191208 119430.9287381716
129632.7811191208 119751.0880448284
129312.1761539127 119911.1676981567
129312.1761539127 120231.3270048134
122419.1694019396 126634.5131379478
121938.2619541275 126794.5927912761
121938.2619541275 126954.6724446045
121617.6569889195 126954.6724446045
121777.9594715235 127114.7520979328
121617.6569889195 127114.7520979328
121297.0520237114 127114.7520979328
121777.9594715235 127274.8317512612
121617.6569889195 127274.8317512612
121617.6569889195 127434.9114045895
121457.3545063154 127434.9114045895
121297.0520237114 127434.9114045895
121136.7495411074 127755.0707112463
120816.1445758993 127915.1503645746
120816.1445758993 128235.3096712314
120495.5396106913 128395.3893245597
133480.0407016175 130636.5044711567
117610.0949238188 130956.6637778134
117610.0949238188 131276.8230844702
117449.7924412148 131276.8230844702
117610.0949238188 131436.9027377985
117610.0949238188 131596.9823911269
117449.7924412148 131596.9823911269
117610.0949238188 131757.0620444552
117610.0949238188 131917.1416977836
117449.7924412148 131917.1416977836
117449.7924412148 132237.3010044403
117449.7924412148 132557.4603110970
122900.0768497517 133517.9382310671

120495.5396106913 135438.8940710075
120816.1445758993 135278.8144176791
120816.1445758993 134958.6551110224
123220.6818149597 133357.8585777388
117289.4899586107 132717.5399644254
117449.7924412148 132397.3806577687
117610.0949238188 132077.2213511119
117289.4899586107 131917.1416977836
117449.7924412148 131917.1416977836
117610.0949238188 131917.1416977836
117449.7924412148 131757.0620444552
117610.0949238188 131757.0620444552
117289.4899586107 131596.9823911269
117449.7924412148 131596.9823911269
117610.0949238188 131596.9823911269
117610.0949238188 131436.9027377985
117449.7924412148 131276.8230844702
117449.7924412148 130956.6637778134
120816.1445758993 128235.3096712314
120816.1445758993 127915.1503645746
129953.3860843289 118790.6101248582
129632.7811191208 119110.7694315149
129632.7811191208 119430.9287381716
129632.7811191208 119751.0880448284
129312.1761539127 119911.1676981567
129312.1761539127 120231.3270048134
126266.4289844362 125994.1945246343
122419.1694019396 126634.5131379478
121777.9594715235 126634.5131379478
121938.2619541275 126794.5927912761
121617.6569889195 126954.6724446045
121777.9594715235 127114.7520979328
121617.6569889195 127114.7520979328
121297.0520237114 127114.7520979328
121777.9594715235 127274.8317512612
121617.6569889195 127274.8317512612
121457.3545063154 127434.9114045895
121297.0520237114 127434.9114045895
121136.7495411074 127755.0707112463
120495.5396106913 128395.3893245597

120495.5396106913 135438.8940710075
120816.1445758993 135278.8144176791
120816.1445758993 134958.6551110224
123220.6818149597 133357.8585777388
123380.9842975638 133037.6992710821
117449.7924412148 132557.4603110970
117449.7924412148 132237.3010044403
129953.3860843289 118790.6101248582
129632.7811191208 119110.7694315149
129632.7811191208 119430.9287381716
129632.7811191208 119751.0880448284
129312.1761539127 119911.1676981567
122419.1694019396 126634.5131379478
121777.9594715235 126634.5131379478
121938.2619541275 126794.5927912761
121938.2619541275 126954.6724446045
121617.6569889195 126954.6724446045
121777.9594715235 127114.7520979328
121617.6569889195 127114.7520979328
121297.0520237114 127114.7520979328
121777.9594715235 127274.8317512612
121617.6569889195 127274.8317512612
121457.3545063154 127274.8317512612
121617.6569889195 127434.9114045895
121457.3545063154 127434.9114045895
121297.0520237114 127434.9114045895
121136.7495411074 127755.0707112463
120816.1445758993 127915.1503645746
120816.1445758993 128235.3096712314
117449.7924412148 130956.6637778134
117449.7924412148 131276.8230844702
117610.0949238188 131436.9027377985
117610.0949238188 131596.9823911269
117449.7924412148 131596.9823911269
117289.4899586107 131596.9823911269
117610.0949238188 131757.0620444552
117449.7924412148 131757.0620444552
117610.0949238188 131917.1416977836
117449.7924412148 131917.1416977836
117289.4899586107 131917.1416977836

120816.1445758993 135118.7347643508
117449.7924412148 132397.3806577687
117449.7924412148 132077.2213511119
117610.0949238188 132077.2213511119
117289.4899586107 131917.1416977836
117449.7924412148 131917.1416977836
117610.0949238188 131917.1416977836
117770.3974064228 131917.1416977836
117289.4899586107 131757.0620444552
117449.7924412148 131757.0620444552
117610.0949238188 131757.0620444552
117770.3974064228 131757.0620444552
117449.7924412148 131596.9823911269
117610.0949238188 131596.9823911269
117770.3974064228 131596.9823911269
121777.9594715235 126634.5131379478
121777.9594715235 126794.5927912761
121457.3545063154 126794.5927912761
121938.2619541275 126954.6724446045
121777.9594715235 126954.6724446045
121617.6569889195 126954.6724446045
121457.3545063154 126954.6724446045
121938.2619541275 127114.7520979328
121777.9594715235 127114.7520979328
121617.6569889195 127114.7520979328
121457.3545063154 127114.7520979328
121297.0520237114 127114.7520979328
121777.9594715235 127274.8317512612
121617.6569889195 127274.8317512612
121457.3545063154 127274.8317512612
121297.0520237114 127274.8317512612
121617.6569889195 127434.9114045895
121457.3545063154 127434.9114045895
121297.0520237114 127434.9114045895
121136.7495411074 127434.9114045895
121297.0520237114 127594.9910579179
117449.7924412148 131276.8230844702
117610.0949238188 131436.9027377985
117449.7924412148 131436.9027377985
117289.4899586107 131596.9823911269

120495.5396106913 135438.8940710075
120816.1445758993 135278.8144176791
120816.1445758993 134958.6551110224
116968.8849934027 134478.4161510373
116968.8849934027 134158.2568443806
122739.7743671477 133678.0178843956
123220.6818149597 133357.8585777388
123220.6818149597 132877.6196177537
117610.0949238188 132717.5399644254
117449.7924412148 132557.4603110970
123220.6818149597 132557.4603110970
123541.2867801678 132237.3010044403
117449.7924412148 132077.2213511119
129953.3860843289 118790.6101248582
129632.7811191208 119110.7694315149
129632.7811191208 119430.9287381716
129632.7811191208 119751.0880448284
129312.1761539127 119911.1676981567
128991.5711887047 120391.4066581418
129472.4786365168 120551.4863114702
128510.6637408926 120551.4863114702
128991.5711887047 121191.8049247836
130754.8984973490 124073.2386846940
126426.7314670403 125994.1945246343
121777.9594715235 125994.1945246343
121777.9594715235 126634.5131379478
122579.4718845436 126794.5927912761
121297.0520237114 126794.5927912761
121297.0520237114 127114.7520979328
120976.4470585034 127274.8317512612
121777.9594715235 127434.9114045895
120816.1445758993 127594.9910579179
121457.3545063154 127915.1503645746
121297.0520237114 128235.3096712314
120976.4470585034 128555.4689778881
120495.5396106913 128715.5486312164
133480.0407016175 130636.5044711567
133159.4357364094 130956.6637778134
117610.0949238188 130956.6637778134
117610.0949238188 131276.8230844702

120495.5396106913 135438.8940710075
120816.1445758993 135278.8144176791
120816.1445758993 134958.6551110224
123220.6818149597 133357.8585777388
117289.4899586107 132717.5399644254
117449.7924412148 132397.3806577687
117610.0949238188 132077.2213511119
117289.4899586107 131917.1416977836
117449.7924412148 131917.1416977836
117610.0949238188 131917.1416977836
117449.7924412148 131757.0620444552
117610.0949238188 131757.0620444552
117289.4899586107 131596.9823911269
117449.7924412148 131596.9823911269
117610.0949238188 131596.9823911269
117610.0949238188 131436.9027377985
117449.7924412148 131276.8230844702
117449.7924412148 130956.6637778134
120816.1445758993 128235.3096712314
129953.3860843289 118790.6101248582
129632.7811191208 119110.7694315149
129632.7811191208 119430.9287381716
129632.7811191208 119751.0880448284
129312.1761539127 119911.1676981567
129312.1761539127 120231.3270048134
122419.1694019396 126634.5131379478
121938.2619541275 126794.5927912761
121938.2619541275 126954.6724446045
121617.6569889195 126954.6724446045
121777.9594715235 127114.7520979328
121617.6569889195 127114.7520979328
121297.0520237114 127114.7520979328
121777.9594715235 127274.8317512612
121617.6569889195 127274.8317512612
121617.6569889195 127434.9114045895
121457.3545063154 127434.9114045895
121297.0520237114 127434.9114045895
121136.7495411074 127755.0707112463
120816.1445758993 127915.1503645746
120495.5396106913 128395.3893245597

120495.5396106913 135438.8940710075
120816.1445758993 135278.8144176791
120816.1445758993 134958.6551110224
117449.7924412148 132397.3806577687
117449.7924412148 132077.2213511119
117610.0949238188 132077.2213511119
117289.4899586107 131917.1416977836
117449.7924412148 131917.1416977836
117610.0949238188 131917.1416977836
117449.7924412148 131757.0620444552
117610.0949238188 131757.0620444552
117770.3974064228 131757.0620444552
117289.4899586107 131596.9823911269
117449.7924412148 131596.9823911269
117610.0949238188 131596.9823911269
117610.0949238188 131436.9027377985
117449.7924412148 131276.8230844702
117449.7924412148 130956.6637778134
120816.1445758993 128235.3096712314
120816.1445758993 127915.1503645746
129953.3860843289 118790.6101248582
129632.7811191208 119110.7694315149
129632.7811191208 119430.9287381716
129632.7811191208 119751.0880448284
129312.1761539127 119911.1676981567
129312.1761539127 120231.3270048134
122419.1694019396 126634.5131379478
121938.2619541275 126794.5927912761
121938.2619541275 126954.6724446045
121617.6569889195 126954.6724446045
121777.9594715235 127114.7520979328
121617.6569889195 127114.7520979328
121297.0520237114 127114.7520979328
121777.9594715235 127274.8317512612
121617.6569889195 127274.8317512612
121457.3545063154 127274.8317512612
121617.6569889195 127434.9114045895
121457.3545063154 127434.9114045895
121297.0520237114 127434.9114045895
121136.7495411074 127755.0707112463

120495.5396106913 135438.8940710075
120816.1445758993 135278.8144176791
120816.1445758993 134958.6551110224
123220.6818149597 133357.8585777388
117289.4899586107 132717.5399644254
117449.7924412148 132397.3806577687
117610.0949238188 132077.2213511119
117289.4899586107 131917.1416977836
117449.7924412148 131917.1416977836
117610.0949238188 131917.1416977836
117449.7924412148 131757.0620444552
117610.0949238188 131757.0620444552
117289.4899586107 131596.9823911269
117449.7924412148 131596.9823911269
117610.0949238188 131596.9823911269
129953.3860843289 118790.6101248582
129632.7811191208 119110.7694315149
129632.7811191208 119430.9287381716
129632.7811191208 119751.0880448284
129312.1761539127 119911.1676981567
129312.1761539127 120231.3270048134
122419.1694019396 126634.5131379478
121938.2619541275 126794.5927912761
121938.2619541275 126954.6724446045
121617.6569889195 126954.6724446045
121777.9594715235 127114.7520979328
121617.6569889195 127114.7520979328
121297.0520237114 127114.7520979328
121777.9594715235 127274.8317512612
121617.6569889195 127274.8317512612
121617.6569889195 127434.9114045895
121457.3545063154 127434.9114045895
121297.0520237114 127434.9114045895
121136.7495411074 127755.0707112463
120816.1445758993 127915.1503645746
120816.1445758993 128235.3096712314
120495.5396106913 128395.3893245597
133480.0407016175 130636.5044711567
117610.0949238188 130956.6637778134
117610.0949238188 131276.8230844702

120495.5396106913 135438.8940710075
120816.1445758993 135278.8144176791
120816.1445758993 134958.6551110224
122900.0768497517 133517.9382310671
123220.6818149597 133357.8585777388
123380.9842975638 133037.6992710821
117449.7924412148 132557.4603110970
117449.7924412148 132237.3010044403
117449.7924412148 131917.1416977836
117610.0949238188 131917.1416977836
117610.0949238188 131757.0620444552
117449.7924412148 131596.9823911269
117610.0949238188 131596.9823911269
117610.0949238188 131436.9027377985
117449.7924412148 131276.8230844702
117610.0949238188 131276.8230844702
117610.0949238188 130956.6637778134
133480.0407016175 130636.5044711567
120495.5396106913 128395.3893245597
120816.1445758993 128235.3096712314
120816.1445758993 127915.1503645746
121136.7495411074 127755.0707112463
121297.0520237114 127434.9114045895
121457.3545063154 127434.9114045895
121617.6569889195 127274.8317512612
121777.9594715235 127274.8317512612
121297.0520237114 127114.7520979328
121617.6569889195 127114.7520979328
121777.9594715235 127114.7520979328
121617.6569889195 126954.6724446045
129953.3860843289 118790.6101248582
129632.7811191208 119110.7694315149
129632.7811191208 119430.9287381716
129632.7811191208 119751.0880448284
129312.1761539127 119911.1676981567
129312.1761539127 120231.3270048134
122419.1694019396 126634.5131379478
121938.2619541275 126794.5927912761
121938.2619541275 126954.6724446045
121457.3545063154 127274.8317512612

120495.5396106913 135438.8940710075
120816.1445758993 135278.8144176791
120816.1445758993 134958.6551110224
122900.0768497517 133517.9382310671
123220.6818149597 133357.8585777388
123380.9842975638 133037.6992710821
117449.7924412148 132557.4603110970
117449.7924412148 132237.3010044403
117449.7924412148 131917.1416977836
117610.0949238188 131917.1416977836
120495.5396106913 128075.2300179030
117449.7924412148 131596.9823911269
117610.0949238188 131596.9823911269
117610.0949238188 131436.9027377985
117449.7924412148 131276.8230844702
117610.0949238188 131276.8230844702
117610.0949238188 130956.6637778134
133480.0407016175 130636.5044711567
120495.5396106913 128395.3893245597
120816.1445758993 128235.3096712314
120816.1445758993 127915.1503645746
121136.7495411074 127755.0707112463
121297.0520237114 127434.9114045895
121457.3545063154 127434.9114045895
121617.6569889195 127274.8317512612
121777.9594715235 127274.8317512612
121297.0520237114 127114.7520979328
121617.6569889195 127114.7520979328
121777.9594715235 127114.7520979328
121617.6569889195 126954.6724446045
121938.2619541275 126794.5927912761
121777.9594715235 126634.5131379478
122419.1694019396 126634.5131379478
126266.4289844362 125994.1945246343
129151.8736713087 120231.3270048134
129312.1761539127 119911.1676981567
129953.3860843289 118790.6101248582
129632.7811191208 119110.7694315149
129632.7811191208 119430.9287381716
129632.7811191208 119751.0880448284

120495.5396106913 135438.8940710075
120816.1445758993 135278.8144176791
120816.1445758993 134958.6551110224
117449.7924412148 132397.3806577687
129793.0836017248 118950.6897781866
129793.0836017248 119270.8490848433
129632.7811191208 119591.0083915000
121777.9594715235 126634.5131379478
121457.3545063154 126794.5927912761
121938.2619541275 126954.6724446045
121777.9594715235 126954.6724446045
121617.6569889195 126954.6724446045
121938.2619541275 127114.7520979328
121777.9594715235 127114.7520979328
121617.6569889195 127114.7520979328
121457.3545063154 127114.7520979328
121297.0520237114 127114.7520979328
121777.9594715235 127274.8317512612
121617.6569889195 127274.8317512612
121457.3545063154 127274.8317512612
121617.6569889195 127434.9114045895
121457.3545063154 127434.9114045895
121297.0520237114 127434.9114045895
121136.7495411074 127755.0707112463
120816.1445758993 127915.1503645746
120816.1445758993 128235.3096712314
117449.7924412148 130956.6637778134
117449.7924412148 131276.8230844702
117610.0949238188 131436.9027377985
117610.0949238188 131596.9823911269
117449.7924412148 131596.9823911269
117289.4899586107 131596.9823911269
117770.3974064228 131757.0620444552
117610.0949238188 131757.0620444552
117449.7924412148 131757.0620444552
117610.0949238188 131917.1416977836
117449.7924412148 131917.1416977836
117289.4899586107 131917.1416977836
117610.0949238188 132077.2213511119
117449.7924412148 132077.2213511119

120495.5396106913 135438.8940710075
120816.1445758993 135278.8144176791
120816.1445758993 134958.6551110224
117449.7924412148 132397.3806577687
117449.7924412148 132077.2213511119
117610.0949238188 132077.2213511119
117289.4899586107 131917.1416977836
117610.0949238188 131917.1416977836
117770.3974064228 131917.1416977836
129793.0836017248 118950.6897781866
129793.0836017248 119270.8490848433
129632.7811191208 119591.0083915000
121777.9594715235 126634.5131379478
121457.3545063154 126794.5927912761
121938.2619541275 126954.6724446045
121777.9594715235 126954.6724446045
121617.6569889195 126954.6724446045
121938.2619541275 127114.7520979328
121777.9594715235 127114.7520979328
121617.6569889195 127114.7520979328
121457.3545063154 127114.7520979328
121297.0520237114 127114.7520979328
121777.9594715235 127274.8317512612
121617.6569889195 127274.8317512612
121457.3545063154 127274.8317512612
121617.6569889195 127434.9114045895
121457.3545063154 127434.9114045895
121297.0520237114 127434.9114045895
121136.7495411074 127755.0707112463
120816.1445758993 127915.1503645746
120816.1445758993 128235.3096712314
117449.7924412148 130956.6637778134
117449.7924412148 131276.8230844702
117610.0949238188 131436.9027377985
117610.0949238188 131596.9823911269
117449.7924412148 131596.9823911269
117289.4899586107 131596.9823911269
117770.3974064228 131757.0620444552
117610.0949238188 131757.0620444552
117449.7924412148 131757.0620444552

120495.5396106913 135438.8940710075
120816.1445758993 135278.8144176791
120816.1445758993 134958.6551110224
123220.6818149597 133357.8585777388
123380.9842975638 133037.6992710821
129953.3860843289 118790.6101248582
129632.7811191208 119110.7694315149
129632.7811191208 119430.9287381716
129632.7811191208 119751.0880448284
129312.1761539127 119911.1676981567
129312.1761539127 120231.3270048134
122419.1694019396 126634.5131379478
121938.2619541275 126794.5927912761
121938.2619541275 126954.6724446045
121617.6569889195 126954.6724446045
121777.9594715235 127114.7520979328
121617.6569889195 127114.7520979328
121297.0520237114 127114.7520979328
121777.9594715235 127274.8317512612
121617.6569889195 127274.8317512612
121457.3545063154 127274.8317512612
121617.6569889195 127434.9114045895
121457.3545063154 127434.9114045895
121297.0520237114 127434.9114045895
121136.7495411074 127755.0707112463
120816.1445758993 127915.1503645746
120816.1445758993 128235.3096712314
117449.7924412148 130956.6637778134
117449.7924412148 131276.8230844702
117610.0949238188 131436.9027377985
117610.0949238188 131596.9823911269
117449.7924412148 131596.9823911269
117289.4899586107 131596.9823911269
117610.0949238188 131757.0620444552
117449.7924412148 131757.0620444552
117610.0949238188 131917.1416977836
117449.7924412148 131917.1416977836
117289.4899586107 131917.1416977836
117610.0949238188 132077.2213511119
117449.7924412148 132397.3806577687

120495.5396106913 135438.8940710075
120816.1445758993 135278.8144176791
120816.1445758993 134958.6551110224
116968.8849934027 134478.4161510373
116968.8849934027 134158.2568443806
122739.7743671477 133678.0178843956
123220.6818149597 133357.8585777388
123220.6818149597 132877.6196177537
117610.0949238188 132717.5399644254
117449.7924412148 132557.4603110970
123220.6818149597 132557.4603110970
123541.2867801678 132237.3010044403
117449.7924412148 132077.2213511119
132999.1332538054 132077.2213511119
116968.8849934027 131917.1416977836
117289.4899586107 131596.9823911269
117610.0949238188 131596.9823911269
117770.3974064228 131596.9823911269
117610.0949238188 131436.9027377985
117610.0949238188 131276.8230844702
133480.0407016175 130636.5044711567
120495.5396106913 128555.4689778881
120816.1445758993 128235.3096712314
120816.1445758993 127915.1503645746
120976.4470585034 127594.9910579179
121297.0520237114 127434.9114045895
121617.6569889195 127434.9114045895
121297.0520237114 127114.7520979328
121777.9594715235 127114.7520979328
121617.6569889195 126954.6724446045
121938.2619541275 126794.5927912761
121777.9594715235 126634.5131379478
122419.1694019396 126634.5131379478
126266.4289844362 125994.1945246343
129953.3860843289 118790.6101248582
129632.7811191208 119110.7694315149
129632.7811191208 119430.9287381716
129632.7811191208 119751.0880448284
129312.1761539127 119911.1676981567
129312.1761539127 120231.3270048134

120495.5396106913 135438.8940710075
120816.1445758993 135278.8144176791
120816.1445758993 134958.6551110224
129953.3860843289 118790.6101248582
129632.7811191208 119110.7694315149
129632.7811191208 119430.9287381716
129632.7811191208 119751.0880448284
129312.1761539127 119911.1676981567
129151.8736713087 120231.3270048134
126266.4289844362 125994.1945246343
122419.1694019396 126634.5131379478
121777.9594715235 126634.5131379478
121938.2619541275 126794.5927912761
121617.6569889195 126954.6724446045
121777.9594715235 127114.7520979328
121297.0520237114 127114.7520979328
121617.6569889195 127434.9114045895
121297.0520237114 127434.9114045895
120976.4470585034 127594.9910579179
120816.1445758993 127915.1503645746
120816.1445758993 128235.3096712314
120495.5396106913 128555.4689778881
133480.0407016175 130636.5044711567
117610.0949238188 131276.8230844702
133480.0407016175 131276.8230844702
117770.3974064228 131596.9823911269
117610.0949238188 131596.9823911269
117289.4899586107 131596.9823911269
116968.8849934027 131917.1416977836
132999.1332538054 132077.2213511119
117449.7924412148 132077.2213511119
123541.2867801678 132237.3010044403
123220.6818149597 132557.4603110970
117449.7924412148 132557.4603110970
117610.0949238188 132717.5399644254
123220.6818149597 132877.6196177537
123220.6818149597 133357.8585777388
122739.7743671477 133678.0178843956
116968.8849934027 134158.2568443806
116968.8849934027 134478.4161510373

120655.8420932953 135438.8940710075
120816.1445758993 135118.7347643508
117449.7924412148 132397.3806577687
117449.7924412148 132077.2213511119
117610.0949238188 132077.2213511119
117289.4899586107 131917.1416977836
117449.7924412148 131917.1416977836
117610.0949238188 131917.1416977836
117770.3974064228 131917.1416977836
117449.7924412148 131757.0620444552
117610.0949238188 131757.0620444552
117770.3974064228 131757.0620444552
117289.4899586107 131596.9823911269
117449.7924412148 131596.9823911269
117610.0949238188 131596.9823911269
117770.3974064228 131596.9823911269
117610.0949238188 131436.9027377985
117449.7924412148 131276.8230844702
120816.1445758993 127915.1503645746
121136.7495411074 127755.0707112463
121136.7495411074 127434.9114045895
121297.0520237114 127434.9114045895
121457.3545063154 127434.9114045895
121617.6569889195 127434.9114045895
121457.3545063154 127274.8317512612
121617.6569889195 127274.8317512612
121777.9594715235 127274.8317512612
121297.0520237114 127114.7520979328
121457.3545063154 127114.7520979328
121617.6569889195 127114.7520979328
121777.9594715235 127114.7520979328
121938.2619541275 127114.7520979328
129793.0836017248 119270.8490848433
121777.9594715235 126634.5131379478
121938.2619541275 126794.5927912761
121777.9594715235 126794.5927912761
121457.3545063154 126794.5927912761
121938.2619541275 126954.6724446045
121777.9594715235 126954.6724446045
121617.6569889195 126954.6724446045

120495.5396106913 135438.8940710075
120816.1445758993 135278.8144176791
120816.1445758993 134958.6551110224
117449.7924412148 132397.3806577687
117449.7924412148 132077.2213511119
117610.0949238188 132077.2213511119
117289.4899586107 131917.1416977836
117449.7924412148 131917.1416977836
117610.0949238188 131917.1416977836
117449.7924412148 131757.0620444552
117610.0949238188 131757.0620444552
117770.3974064228 131757.0620444552
117289.4899586107 131596.9823911269
117449.7924412148 131596.9823911269
117610.0949238188 131596.9823911269
117449.7924412148 131436.9027377985
129793.0836017248 118950.6897781866
129793.0836017248 119270.8490848433
121777.9594715235 126634.5131379478
121777.9594715235 126794.5927912761
121457.3545063154 126794.5927912761
121938.2619541275 126954.6724446045
121777.9594715235 126954.6724446045
121617.6569889195 126954.6724446045
121457.3545063154 126954.6724446045
121938.2619541275 127114.7520979328
121777.9594715235 127114.7520979328
121617.6569889195 127114.7520979328
121457.3545063154 127114.7520979328
121297.0520237114 127114.7520979328
121777.9594715235 127274.8317512612
121617.6569889195 127274.8317512612
121457.3545063154 127274.8317512612
121617.6569889195 127434.9114045895
121457.3545063154 127434.9114045895
121297.0520237114 127434.9114045895
121136.7495411074 127755.0707112463
120816.1445758993 127915.1503645746
120816.1445758993 128235.3096712314
117449.7924412148 131276.8230844702

120495.5396106913 135438.8940710075
120816.1445758993 135278.8144176791
120816.1445758993 134958.6551110224
123220.6818149597 133357.8585777388
117449.7924412148 132397.3806577687
117449.7924412148 132077.2213511119
117289.4899586107 131917.1416977836
117610.0949238188 131917.1416977836
117770.3974064228 131917.1416977836
129793.0836017248 118950.6897781866
129793.0836017248 119270.8490848433
129632.7811191208 119591.0083915000
121777.9594715235 126634.5131379478
121457.3545063154 126794.5927912761
121938.2619541275 126954.6724446045
121777.9594715235 126954.6724446045
121617.6569889195 126954.6724446045
121938.2619541275 127114.7520979328
121777.9594715235 127114.7520979328
121617.6569889195 127114.7520979328
121457.3545063154 127114.7520979328
121297.0520237114 127114.7520979328
121777.9594715235 127274.8317512612
121617.6569889195 127274.8317512612
121457.3545063154 127274.8317512612
121617.6569889195 127434.9114045895
121457.3545063154 127434.9114045895
121297.0520237114 127434.9114045895
121136.7495411074 127755.0707112463
120816.1445758993 127915.1503645746
120816.1445758993 128235.3096712314
117449.7924412148 130956.6637778134
117449.7924412148 131276.8230844702
117610.0949238188 131436.9027377985
117610.0949238188 131596.9823911269
117449.7924412148 131596.9823911269
117289.4899586107 131596.9823911269
117770.3974064228 131757.0620444552
117610.0949238188 131757.0620444552
117449.7924412148 131757.0620444552

120495.5396106913 135438.8940710075
120816.1445758993 135278.8144176791
120816.1445758993 134958.6551110224
117289.4899586107 132717.5399644254
117449.7924412148 132397.3806577687
129793.0836017248 118950.6897781866
129793.0836017248 119270.8490848433
129632.7811191208 119591.0083915000
121777.9594715235 126634.5131379478
121457.3545063154 126794.5927912761
121938.2619541275 126954.6724446045
121777.9594715235 126954.6724446045
121617.6569889195 126954.6724446045
121938.2619541275 127114.7520979328
121777.9594715235 127114.7520979328
121617.6569889195 127114.7520979328
121457.3545063154 127114.7520979328
121297.0520237114 127114.7520979328
121777.9594715235 127274.8317512612
121617.6569889195 127274.8317512612
121457.3545063154 127274.8317512612
121617.6569889195 127434.9114045895
121457.3545063154 127434.9114045895
121297.0520237114 127434.9114045895
121136.7495411074 127755.0707112463
120816.1445758993 127915.1503645746
120816.1445758993 128235.3096712314
117449.7924412148 131276.8230844702
117610.0949238188 131436.9027377985
117610.0949238188 131596.9823911269
117449.7924412148 131596.9823911269
117289.4899586107 131596.9823911269
117770.3974064228 131757.0620444552
117610.0949238188 131757.0620444552
117449.7924412148 131757.0620444552
117610.0949238188 131917.1416977836
117449.7924412148 131917.1416977836
117289.4899586107 131917.1416977836
117610.0949238188 132077.2213511119
117449.7924412148 132077.2213511119

120495.5396106913 135438.8940710075
120816.1445758993 135278.8144176791
120816.1445758993 134958.6551110224
123060.3793323557 133037.6992710821
117449.7924412148 132397.3806577687
117449.7924412148 132077.2213511119
129953.3860843289 118790.6101248582
129632.7811191208 119110.7694315149
129632.7811191208 119430.9287381716
129632.7811191208 119751.0880448284
129312.1761539127 119911.1676981567
129151.8736713087 120231.3270048134
122419.1694019396 126634.5131379478
121938.2619541275 126794.5927912761
121938.2619541275 126954.6724446045
121617.6569889195 126954.6724446045
121777.9594715235 127114.7520979328
121617.6569889195 127114.7520979328
121297.0520237114 127114.7520979328
121777.9594715235 127274.8317512612
121617.6569889195 127274.8317512612
121457.3545063154 127274.8317512612
121617.6569889195 127434.9114045895
121457.3545063154 127434.9114045895
121297.0520237114 127434.9114045895
121136.7495411074 127755.0707112463
120816.1445758993 127915.1503645746
120816.1445758993 128235.3096712314
117449.7924412148 130956.6637778134
117449.7924412148 131276.8230844702
117610.0949238188 131436.9027377985
117610.0949238188 131596.9823911269
117449.7924412148 131596.9823911269
117289.4899586107 131596.9823911269
117610.0949238188 131757.0620444552
117449.7924412148 131757.0620444552
117610.0949238188 131917.1416977836
117449.7924412148 131917.1416977836
117289.4899586107 131917.1416977836
117610.0949238188 132077.2213511119

120495.5396106913 135438.8940710075
120816.1445758993 135278.8144176791
120816.1445758993 134958.6551110224
117289.4899586107 132717.5399644254
117449.7924412148 132397.3806577687
117449.7924412148 132077.2213511119
117610.0949238188 132077.2213511119
117289.4899586107 131917.1416977836
117449.7924412148 131917.1416977836
117610.0949238188 131917.1416977836
129793.0836017248 118950.6897781866
129793.0836017248 119270.8490848433
129632.7811191208 119591.0083915000
121777.9594715235 126634.5131379478
121457.3545063154 126794.5927912761
121938.2619541275 126954.6724446045
121777.9594715235 126954.6724446045
121617.6569889195 126954.6724446045
121938.2619541275 127114.7520979328
121777.9594715235 127114.7520979328
121617.6569889195 127114.7520979328
121457.3545063154 127114.7520979328
121297.0520237114 127114.7520979328
121777.9594715235 127274.8317512612
121617.6569889195 127274.8317512612
121457.3545063154 127274.8317512612
121617.6569889195 127434.9114045895
121457.3545063154 127434.9114045895
121297.0520237114 127434.9114045895
121136.7495411074 127755.0707112463
120816.1445758993 127915.1503645746
120816.1445758993 128235.3096712314
117449.7924412148 130956.6637778134
117449.7924412148 131276.8230844702
117610.0949238188 131436.9027377985
117610.0949238188 131596.9823911269
117449.7924412148 131596.9823911269
117289.4899586107 131596.9823911269
117770.3974064228 131757.0620444552
117610.0949238188 131757.0620444552

120495.5396106913 135438.8940710075
120816.1445758993 135278.8144176791
120816.1445758993 134958.6551110224
117289.4899586107 132717.5399644254
117449.7924412148 132397.3806577687
117449.7924412148 132077.2213511119
117610.0949238188 132077.2213511119
117289.4899586107 131917.1416977836
117449.7924412148 131917.1416977836
117610.0949238188 131917.1416977836
117449.7924412148 131757.0620444552
117610.0949238188 131757.0620444552
117770.3974064228 131757.0620444552
117289.4899586107 131596.9823911269
117449.7924412148 131596.9823911269
117610.0949238188 131596.9823911269
117610.0949238188 131436.9027377985
117449.7924412148 131276.8230844702
120816.1445758993 128235.3096712314
120816.1445758993 127915.1503645746
121136.7495411074 127755.0707112463
121297.0520237114 127434.9114045895
121457.3545063154 127434.9114045895
121617.6569889195 127434.9114045895
121457.3545063154 127274.8317512612
121617.6569889195 127274.8317512612
121777.9594715235 127274.8317512612
121297.0520237114 127114.7520979328
121617.6569889195 127114.7520979328
129953.3860843289 118790.6101248582
129632.7811191208 119110.7694315149
129632.7811191208 119430.9287381716
129632.7811191208 119751.0880448284
129312.1761539127 119911.1676981567
122419.1694019396 126634.5131379478
121777.9594715235 126634.5131379478
121938.2619541275 126794.5927912761
121938.2619541275 126954.6724446045
121617.6569889195 126954.6724446045
121777.9594715235 127114.7520979328

120495.5396106913 135438.8940710075
120816.1445758993 135278.8144176791
120816.1445758993 134958.6551110224
123220.6818149597 133357.8585777388
129953.3860843289 118790.6101248582
129632.7811191208 119110.7694315149
129632.7811191208 119430.9287381716
129632.7811191208 119751.0880448284
129312.1761539127 119911.1676981567
129151.8736713087 120231.3270048134
126266.4289844362 125994.1945246343
122419.1694019396 126634.5131379478
121777.9594715235 126634.5131379478
121938.2619541275 126794.5927912761
121617.6569889195 126954.6724446045
121777.9594715235 127114.7520979328
117129.1874760067 131436.9027377985
121297.0520237114 127114.7520979328
121777.9594715235 127274.8317512612
121617.6569889195 127274.8317512612
121457.3545063154 127434.9114045895
121297.0520237114 127434.9114045895
121136.7495411074 127755.0707112463
120816.1445758993 127915.1503645746
120816.1445758993 128235.3096712314
120495.5396106913 128395.3893245597
133480.0407016175 130636.5044711567
117610.0949238188 130956.6637778134
117610.0949238188 131276.8230844702
117449.7924412148 131276.8230844702
117610.0949238188 131436.9027377985
117610.0949238188 131596.9823911269
117449.7924412148 131596.9823911269
117610.0949238188 131757.0620444552
117610.0949238188 131917.1416977836
117449.7924412148 131917.1416977836
117449.7924412148 132237.3010044403
117449.7924412148 132557.4603110970
123380.9842975638 133037.6992710821
122900.0768497517 133517.9382310671

120655.8420932953 135438.8940710075
120816.1445758993 135118.7347643508
121777.9594715235 126634.5131379478
121938.2619541275 126794.5927912761
121777.9594715235 126794.5927912761
121457.3545063154 126794.5927912761
121938.2619541275 126954.6724446045
121777.9594715235 126954.6724446045
121617.6569889195 126954.6724446045
121457.3545063154 126954.6724446045
121938.2619541275 127114.7520979328
121777.9594715235 127114.7520979328
121617.6569889195 127114.7520979328
121457.3545063154 127114.7520979328
121297.0520237114 127114.7520979328
121777.9594715235 127274.8317512612
121617.6569889195 127274.8317512612
121457.3545063154 127274.8317512612
121617.6569889195 127434.9114045895
121457.3545063154 127434.9114045895
121297.0520237114 127434.9114045895
121136.7495411074 127434.9114045895
121136.7495411074 127755.0707112463
120816.1445758993 127915.1503645746
117449.7924412148 131276.8230844702
117610.0949238188 131436.9027377985
117770.3974064228 131596.9823911269
117610.0949238188 131596.9823911269
117449.7924412148 131596.9823911269
117289.4899586107 131596.9823911269
117770.3974064228 131757.0620444552
117610.0949238188 131757.0620444552
117449.7924412148 131757.0620444552
117770.3974064228 131917.1416977836
117610.0949238188 131917.1416977836
117449.7924412148 131917.1416977836
117289.4899586107 131917.1416977836
117610.0949238188 132077.2213511119
117449.7924412148 132077.2213511119
117449.7924412148 132397.3806577687

120495.5396106913 135438.8940710075
120816.1445758993 135278.8144176791
120816.1445758993 134958.6551110224
117449.7924412148 132397.3806577687
129793.0836017248 118950.6897781866
129793.0836017248 119270.8490848433
129632.7811191208 119591.0083915000
121777.9594715235 126634.5131379478
121457.3545063154 126794.5927912761
121938.2619541275 126954.6724446045
121777.9594715235 126954.6724446045
121617.6569889195 126954.6724446045
121938.2619541275 127114.7520979328
121777.9594715235 127114.7520979328
121617.6569889195 127114.7520979328
121457.3545063154 127114.7520979328
121297.0520237114 127114.7520979328
121777.9594715235 127274.8317512612
121617.6569889195 127274.8317512612
121457.3545063154 127274.8317512612
121617.6569889195 127434.9114045895
121457.3545063154 127434.9114045895
121297.0520237114 127434.9114045895
121297.0520237114 127755.0707112463
121136.7495411074 127755.0707112463
120816.1445758993 127915.1503645746
120816.1445758993 128235.3096712314
117449.7924412148 131276.8230844702
117610.0949238188 131436.9027377985
117610.0949238188 131596.9823911269
117449.7924412148 131596.9823911269
117289.4899586107 131596.9823911269
117770.3974064228 131757.0620444552
117610.0949238188 131757.0620444552
117449.7924412148 131757.0620444552
117610.0949238188 131917.1416977836
117449.7924412148 131917.1416977836
117289.4899586107 131917.1416977836
117610.0949238188 132077.2213511119
117449.7924412148 132077.2213511119

120495.5396106913 135438.8940710075
120816.1445758993 135278.8144176791
120816.1445758993 134958.6551110224
117289.4899586107 132717.5399644254
129953.3860843289 118790.6101248582
129632.7811191208 119110.7694315149
129632.7811191208 119430.9287381716
129632.7811191208 119751.0880448284
129312.1761539127 119911.1676981567
122419.1694019396 126634.5131379478
121777.9594715235 126634.5131379478
121938.2619541275 126954.6724446045
121777.9594715235 126954.6724446045
121617.6569889195 126954.6724446045
121777.9594715235 127114.7520979328
121617.6569889195 127114.7520979328
121297.0520237114 127114.7520979328
121777.9594715235 127274.8317512612
121617.6569889195 127274.8317512612
121457.3545063154 127274.8317512612
121617.6569889195 127434.9114045895
121457.3545063154 127434.9114045895
121297.0520237114 127434.9114045895
121136.7495411074 127755.0707112463
120816.1445758993 127915.1503645746
120816.1445758993 128235.3096712314
117449.7924412148 130956.6637778134
117449.7924412148 131276.8230844702
117610.0949238188 131436.9027377985
117610.0949238188 131596.9823911269
117449.7924412148 131596.9823911269
117289.4899586107 131596.9823911269
117770.3974064228 131757.0620444552
117610.0949238188 131757.0620444552
117449.7924412148 131757.0620444552
117770.3974064228 131917.1416977836
117610.0949238188 131917.1416977836
117289.4899586107 131917.1416977836
117449.7924412148 132077.2213511119
117449.7924412148 132397.3806577687

120495.5396106913 135438.8940710075
120816.1445758993 135278.8144176791
120816.1445758993 134958.6551110224
117449.7924412148 132397.3806577687
117449.7924412148 132077.2213511119
117610.0949238188 132077.2213511119
117289.4899586107 131917.1416977836
117610.0949238188 131917.1416977836
117770.3974064228 131917.1416977836
117449.7924412148 131757.0620444552
117610.0949238188 131757.0620444552
117770.3974064228 131757.0620444552
117289.4899586107 131596.9823911269
117449.7924412148 131596.9823911269
117610.0949238188 131596.9823911269
117770.3974064228 131596.9823911269
117610.0949238188 131436.9027377985
117449.7924412148 131276.8230844702
120816.1445758993 128235.3096712314
120816.1445758993 127915.1503645746
121136.7495411074 127755.0707112463
121297.0520237114 127434.9114045895
121457.3545063154 127434.9114045895
121617.6569889195 127434.9114045895
129793.0836017248 118950.6897781866
129793.0836017248 119270.8490848433
129632.7811191208 119591.0083915000
121777.9594715235 126634.5131379478
121457.3545063154 126794.5927912761
121938.2619541275 126954.6724446045
121777.9594715235 126954.6724446045
121617.6569889195 126954.6724446045
121938.2619541275 127114.7520979328
121777.9594715235 127114.7520979328
121617.6569889195 127114.7520979328
121457.3545063154 127114.7520979328
121297.0520237114 127114.7520979328
121777.9594715235 127274.8317512612
121617.6569889195 127274.8317512612
121457.3545063154 127274.8317512612

120495.5396106913 135438.8940710075
120816.1445758993 135278.8144176791
120816.1445758993 134958.6551110224
117449.7924412148 132397.3806577687
117449.7924412148 132077.2213511119
117610.0949238188 132077.2213511119
117289.4899586107 131917.1416977836
117449.7924412148 131917.1416977836
117610.0949238188 131917.1416977836
117449.7924412148 131757.0620444552
117610.0949238188 131757.0620444552
117770.3974064228 131757.0620444552
117289.4899586107 131596.9823911269
117449.7924412148 131596.9823911269
117610.0949238188 131596.9823911269
117610.0949238188 131436.9027377985
117449.7924412148 131276.8230844702
120816.1445758993 128235.3096712314
120816.1445758993 127915.1503645746
121136.7495411074 127755.0707112463
121297.0520237114 127434.9114045895
121457.3545063154 127434.9114045895
121617.6569889195 127434.9114045895
121457.3545063154 127274.8317512612
121617.6569889195 127274.8317512612
121777.9594715235 127274.8317512612
121297.0520237114 127114.7520979328
121457.3545063154 127114.7520979328
121617.6569889195 127114.7520979328
121777.9594715235 127114.7520979328
121938.2619541275 127114.7520979328
121457.3545063154 126954.6724446045
121617.6569889195 126954.6724446045
121777.9594715235 126954.6724446045
121938.2619541275 126954.6724446045
129793.0836017248 118950.6897781866
129793.0836017248 119270.8490848433
129632.7811191208 119591.0083915000
121777.9594715235 126634.5131379478
121457.3545063154 126794.5927912761

120495.5396106913 135438.8940710075
120816.1445758993 135278.8144176791
120816.1445758993 134958.6551110224
123220.6818149597 133357.8585777388
123380.9842975638 133037.6992710821
117449.7924412148 132557.4603110970
117449.7924412148 132237.3010044403
117610.0949238188 132077.2213511119
117289.4899586107 131917.1416977836
117449.7924412148 131917.1416977836
117610.0949238188 131917.1416977836
117610.0949238188 131757.0620444552
117289.4899586107 131596.9823911269
117449.7924412148 131596.9823911269
117610.0949238188 131596.9823911269
117610.0949238188 131276.8230844702
117610.0949238188 130956.6637778134
133480.0407016175 130636.5044711567
129953.3860843289 118790.6101248582
129632.7811191208 119110.7694315149
129632.7811191208 119430.9287381716
129632.7811191208 119751.0880448284
129312.1761539127 119911.1676981567
129151.8736713087 120231.3270048134
122419.1694019396 126634.5131379478
121938.2619541275 126794.5927912761
121938.2619541275 126954.6724446045
121617.6569889195 126954.6724446045
121777.9594715235 127114.7520979328
121617.6569889195 127114.7520979328
121297.0520237114 127114.7520979328
121777.9594715235 127274.8317512612
121617.6569889195 127274.8317512612
121617.6569889195 127434.9114045895
126426.7314670403 125834.1148713060
121297.0520237114 127434.9114045895
121136.7495411074 127755.0707112463
120816.1445758993 127915.1503645746
120816.1445758993 128235.3096712314
120495.5396106913 128395.3893245597

120495.5396106913 135438.8940710075
120816.1445758993 135278.8144176791
121136.7495411074 135118.7347643508
120816.1445758993 134958.6551110224
129953.3860843289 118790.6101248582
129632.7811191208 119110.7694315149
129632.7811191208 119430.9287381716
129632.7811191208 119751.0880448284
129312.1761539127 119911.1676981567
129151.8736713087 120231.3270048134
122419.1694019396 126634.5131379478
121938.2619541275 126794.5927912761
121938.2619541275 126954.6724446045
121617.6569889195 126954.6724446045
121777.9594715235 127114.7520979328
121617.6569889195 127114.7520979328
121297.0520237114 127114.7520979328
121777.9594715235 127274.8317512612
121617.6569889195 127274.8317512612
121617.6569889195 127434.9114045895
121457.3545063154 127434.9114045895
121297.0520237114 127434.9114045895
121136.7495411074 127755.0707112463
120816.1445758993 127915.1503645746
120816.1445758993 128235.3096712314
120495.5396106913 128395.3893245597
133480.0407016175 130636.5044711567
117610.0949238188 130956.6637778134
117610.0949238188 131276.8230844702
117449.7924412148 131276.8230844702
117610.0949238188 131436.9027377985
117610.0949238188 131596.9823911269
117449.7924412148 131596.9823911269
117610.0949238188 131757.0620444552
117610.0949238188 131917.1416977836
117449.7924412148 131917.1416977836
117449.7924412148 132237.3010044403
117449.7924412148 132557.4603110970
123380.9842975638 133037.6992710821
123220.6818149597 133357.8585777388

120495.5396106913 135438.8940710075
120816.1445758993 135278.8144176791
120816.1445758993 134958.6551110224
129793.0836017248 118950.6897781866
129793.0836017248 119270.8490848433
121777.9594715235 126634.5131379478
121777.9594715235 126794.5927912761
121457.3545063154 126794.5927912761
121938.2619541275 126954.6724446045
121777.9594715235 126954.6724446045
121617.6569889195 126954.6724446045
121457.3545063154 126954.6724446045
121938.2619541275 127114.7520979328
121777.9594715235 127114.7520979328
121617.6569889195 127114.7520979328
121457.3545063154 127114.7520979328
121297.0520237114 127114.7520979328
121777.9594715235 127274.8317512612
121617.6569889195 127274.8317512612
121457.3545063154 127274.8317512612
121617.6569889195 127434.9114045895
121457.3545063154 127434.9114045895
121297.0520237114 127434.9114045895
121136.7495411074 127755.0707112463
120816.1445758993 127915.1503645746
120816.1445758993 128235.3096712314
117449.7924412148 131276.8230844702
117610.0949238188 131436.9027377985
117610.0949238188 131596.9823911269
117449.7924412148 131596.9823911269
117289.4899586107 131596.9823911269
117770.3974064228 131757.0620444552
117610.0949238188 131757.0620444552
117449.7924412148 131757.0620444552
117610.0949238188 131917.1416977836
117449.7924412148 131917.1416977836
117289.4899586107 131917.1416977836
117610.0949238188 132077.2213511119
117449.7924412148 132077.2213511119
117449.7924412148 132397.3806577687

120495.5396106913 135438.8940710075
120816.1445758993 135278.8144176791
120816.1445758993 134958.6551110224
122900.0768497517 133517.9382310671
123220.6818149597 133357.8585777388
123380.9842975638 133037.6992710821
117449.7924412148 132557.4603110970
117449.7924412148 132237.3010044403
117449.7924412148 131917.1416977836
117610.0949238188 131917.1416977836
117610.0949238188 131757.0620444552
117449.7924412148 131596.9823911269
117610.0949238188 131596.9823911269
117610.0949238188 131436.9027377985
117449.7924412148 131276.8230844702
117610.0949238188 131276.8230844702
117610.0949238188 130956.6637778134
133480.0407016175 130636.5044711567
120495.5396106913 128395.3893245597
120816.1445758993 128235.3096712314
120816.1445758993 127915.1503645746
121136.7495411074 127755.0707112463
121297.0520237114 127434.9114045895
121457.3545063154 127434.9114045895
121617.6569889195 127434.9114045895
121617.6569889195 127274.8317512612
121777.9594715235 127274.8317512612
129953.3860843289 118790.6101248582
129632.7811191208 119110.7694315149
129632.7811191208 119430.9287381716
129632.7811191208 119751.0880448284
129312.1761539127 119911.1676981567
129151.8736713087 120231.3270048134
126266.4289844362 125994.1945246343
122419.1694019396 126634.5131379478
121777.9594715235 126634.5131379478
121938.2619541275 126794.5927912761
121617.6569889195 126954.6724446045
121777.9594715235 127114.7520979328
121297.0520237114 127114.7520979328

120495.5396106913 135438.8940710075
120816.1445758993 135278.8144176791
129953.3860843289 118790.6101248582
129632.7811191208 119110.7694315149
129632.7811191208 119430.9287381716
129632.7811191208 119751.0880448284
129312.1761539127 119911.1676981567
129151.8736713087 120231.3270048134
126266.4289844362 125994.1945246343
122419.1694019396 126634.5131379478
121777.9594715235 126634.5131379478
121938.2619541275 126794.5927912761
121617.6569889195 126954.6724446045
121777.9594715235 127114.7520979328
121617.6569889195 127114.7520979328
121297.0520237114 127114.7520979328
121777.9594715235 127274.8317512612
121617.6569889195 127274.8317512612
121457.3545063154 127434.9114045895
121297.0520237114 127434.9114045895
121136.7495411074 127755.0707112463
120816.1445758993 127915.1503645746
120816.1445758993 128235.3096712314
120495.5396106913 128395.3893245597
133480.0407016175 130636.5044711567
117610.0949238188 130956.6637778134
133319.7382190134 131116.7434311418
117610.0949238188 131276.8230844702
116808.5825107987 133998.1771910522
117610.0949238188 131436.9027377985
117610.0949238188 131596.9823911269
117289.4899586107 131596.9823911269
117449.7924412148 132077.2213511119
117129.1874760067 132397.3806577687
123220.6818149597 132557.4603110970
117449.7924412148 132557.4603110970
123380.9842975638 133037.6992710821
123220.6818149597 133357.8585777388
122900.0768497517 133517.9382310671
120816.1445758993 134958.6551110224

120495.5396106913 135438.8940710075
120816.1445758993 135278.8144176791
120816.1445758993 134958.6551110224
122900.0768497517 133517.9382310671
123220.6818149597 133357.8585777388
123380.9842975638 133037.6992710821
117449.7924412148 132557.4603110970
123220.6818149597 132557.4603110970
117129.1874760067 132397.3806577687
117449.7924412148 132077.2213511119
117289.4899586107 131596.9823911269
123220.6818149597 126474.4334846194
117449.7924412148 131276.8230844702
117610.0949238188 131276.8230844702
133319.7382190134 131116.7434311418
117610.0949238188 130956.6637778134
133480.0407016175 130636.5044711567
120495.5396106913 128715.5486312164
129953.3860843289 118790.6101248582
129632.7811191208 119110.7694315149
129632.7811191208 119430.9287381716
129632.7811191208 119751.0880448284
129312.1761539127 119911.1676981567
129151.8736713087 120231.3270048134
126266.4289844362 125994.1945246343
122419.1694019396 126634.5131379478
121777.9594715235 126634.5131379478
121938.2619541275 126794.5927912761
121617.6569889195 126954.6724446045
121777.9594715235 127114.7520979328
121617.6569889195 127114.7520979328
121297.0520237114 127114.7520979328
121777.9594715235 127274.8317512612
121617.6569889195 127274.8317512612
121457.3545063154 127434.9114045895
121297.0520237114 127434.9114045895
121136.7495411074 127755.0707112463
120816.1445758993 127915.1503645746
120816.1445758993 128235.3096712314
120495.5396106913 128395.3893245597

120495.5396106913 135438.8940710075
120816.1445758993 135278.8144176791
120816.1445758993 134958.6551110224
129793.0836017248 118950.6897781866
129793.0836017248 119270.8490848433
121777.9594715235 126634.5131379478
121938.2619541275 126794.5927912761
121777.9594715235 126794.5927912761
121457.3545063154 126794.5927912761
121938.2619541275 126954.6724446045
121777.9594715235 126954.6724446045
121617.6569889195 126954.6724446045
121457.3545063154 126954.6724446045
121938.2619541275 127114.7520979328
121777.9594715235 127114.7520979328
121617.6569889195 127114.7520979328
121457.3545063154 127114.7520979328
121297.0520237114 127114.7520979328
121777.9594715235 127274.8317512612
121617.6569889195 127274.8317512612
121457.3545063154 127274.8317512612
121617.6569889195 127434.9114045895
121457.3545063154 127434.9114045895
121297.0520237114 127434.9114045895
121136.7495411074 127755.0707112463
120816.1445758993 127915.1503645746
117449.7924412148 131276.8230844702
117610.0949238188 131436.9027377985
117610.0949238188 131596.9823911269
117449.7924412148 131596.9823911269
117289.4899586107 131596.9823911269
117770.3974064228 131757.0620444552
117610.0949238188 131757.0620444552
117449.7924412148 131757.0620444552
117610.0949238188 131917.1416977836
117449.7924412148 131917.1416977836
117289.4899586107 131917.1416977836
117610.0949238188 132077.2213511119
117449.7924412148 132077.2213511119
117449.7924412148 132397.3806577687

120495.5396106913 135438.8940710075
120816.1445758993 135278.8144176791
120816.1445758993 134958.6551110224
122900.0768497517 133517.9382310671
123220.6818149597 133357.8585777388
123380.9842975638 133037.6992710821
117449.7924412148 132557.4603110970
117449.7924412148 132237.3010044403
117449.7924412148 131917.1416977836
117610.0949238188 131917.1416977836
117610.0949238188 131757.0620444552
117449.7924412148 131596.9823911269
117610.0949238188 131596.9823911269
117610.0949238188 131436.9027377985
117449.7924412148 131276.8230844702
117610.0949238188 131276.8230844702
117610.0949238188 130956.6637778134
133480.0407016175 130636.5044711567
129953.3860843289 118790.6101248582
129632.7811191208 119110.7694315149
129632.7811191208 119430.9287381716
129632.7811191208 119751.0880448284
129312.1761539127 119911.1676981567
122419.1694019396 126634.5131379478
121777.9594715235 126634.5131379478
121938.2619541275 126794.5927912761
121938.2619541275 126954.6724446045
121617.6569889195 126954.6724446045
121777.9594715235 127114.7520979328
121617.6569889195 127114.7520979328
121297.0520237114 127114.7520979328
121777.9594715235 127274.8317512612
121617.6569889195 127274.8317512612
121457.3545063154 127274.8317512612
121617.6569889195 127434.9114045895
121457.3545063154 127434.9114045895
121297.0520237114 127434.9114045895
121136.7495411074 127755.0707112463
120816.1445758993 127915.1503645746
120816.1445758993 128235.3096712314

120495.5396106913 135438.8940710075
120816.1445758993 135278.8144176791
120816.1445758993 134958.6551110224
117289.4899586107 132717.5399644254
117449.7924412148 132397.3806577687
117449.7924412148 132077.2213511119
117610.0949238188 132077.2213511119
129953.3860843289 118790.6101248582
129632.7811191208 119110.7694315149
129632.7811191208 119430.9287381716
129632.7811191208 119751.0880448284
129312.1761539127 119911.1676981567
122419.1694019396 126634.5131379478
121777.9594715235 126634.5131379478
121938.2619541275 126794.5927912761
121938.2619541275 126954.6724446045
121617.6569889195 126954.6724446045
121777.9594715235 127114.7520979328
121617.6569889195 127114.7520979328
121297.0520237114 127114.7520979328
121777.9594715235 127274.8317512612
121617.6569889195 127274.8317512612
121457.3545063154 127274.8317512612
121617.6569889195 127434.9114045895
121457.3545063154 127434.9114045895
121297.0520237114 127434.9114045895
121136.7495411074 127755.0707112463
120816.1445758993 127915.1503645746
120816.1445758993 128235.3096712314
117449.7924412148 130956.6637778134
117449.7924412148 131276.8230844702
117610.0949238188 131436.9027377985
117610.0949238188 131596.9823911269
117449.7924412148 131596.9823911269
117289.4899586107 131596.9823911269
117610.0949238188 131757.0620444552
117449.7924412148 131757.0620444552
117610.0949238188 131917.1416977836
117449.7924412148 131917.1416977836
117289.4899586107 131917.1416977836

120495.5396106913 135438.8940710075
120816.1445758993 135278.8144176791
120816.1445758993 134958.6551110224
117449.7924412148 132397.3806577687
117449.7924412148 132077.2213511119
117610.0949238188 132077.2213511119
117289.4899586107 131917.1416977836
117449.7924412148 131917.1416977836
117610.0949238188 131917.1416977836
117449.7924412148 131757.0620444552
117610.0949238188 131757.0620444552
117770.3974064228 131757.0620444552
117289.4899586107 131596.9823911269
117449.7924412148 131596.9823911269
117610.0949238188 131596.9823911269
117610.0949238188 131436.9027377985
117449.7924412148 131276.8230844702
117449.7924412148 130956.6637778134
120816.1445758993 128235.3096712314
129953.3860843289 118790.6101248582
129632.7811191208 119110.7694315149
129632.7811191208 119430.9287381716
129632.7811191208 119751.0880448284
129312.1761539127 119911.1676981567
122419.1694019396 126634.5131379478
121777.9594715235 126634.5131379478
121938.2619541275 126794.5927912761
121938.2619541275 126954.6724446045
121617.6569889195 126954.6724446045
121777.9594715235 127114.7520979328
121617.6569889195 127114.7520979328
121297.0520237114 127114.7520979328
121777.9594715235 127274.8317512612
121617.6569889195 127274.8317512612
121457.3545063154 127274.8317512612
121617.6569889195 127434.9114045895
121457.3545063154 127434.9114045895
121297.0520237114 127434.9114045895
121136.7495411074 127755.0707112463
120816.1445758993 127915.1503645746

120495.5396106913 135438.8940710075
120816.1445758993 135278.8144176791
120816.1445758993 134958.6551110224
122900.0768497517 133517.9382310671
123220.6818149597 133357.8585777388
123380.9842975638 133037.6992710821
117449.7924412148 132557.4603110970
117449.7924412148 132237.3010044403
117449.7924412148 131917.1416977836
117610.0949238188 131917.1416977836
117610.0949238188 131757.0620444552
117449.7924412148 131596.9823911269
117610.0949238188 131596.9823911269
117610.0949238188 131436.9027377985
117449.7924412148 131276.8230844702
117610.0949238188 131276.8230844702
117610.0949238188 130956.6637778134
133480.0407016175 130636.5044711567
120495.5396106913 128395.3893245597
120816.1445758993 128235.3096712314
120816.1445758993 127915.1503645746
121136.7495411074 127755.0707112463
121297.0520237114 127434.9114045895
121457.3545063154 127434.9114045895
121617.6569889195 127434.9114045895
129953.3860843289 118790.6101248582
129632.7811191208 119110.7694315149
129632.7811191208 119430.9287381716
129632.7811191208 119751.0880448284
129312.1761539127 119911.1676981567
129151.8736713087 120231.3270048134
122419.1694019396 126634.5131379478
121777.9594715235 126634.5131379478
121938.2619541275 126794.5927912761
121938.2619541275 126954.6724446045
121617.6569889195 126954.6724446045
121777.9594715235 127114.7520979328
121617.6569889195 127114.7520979328
121297.0520237114 127114.7520979328
121777.9594715235 127274.8317512612

120495.5396106913 135438.8940710075
120816.1445758993 135278.8144176791
120816.1445758993 134958.6551110224
129953.3860843289 118790.6101248582
129632.7811191208 119110.7694315149
129632.7811191208 119430.9287381716
129632.7811191208 119751.0880448284
129312.1761539127 119911.1676981567
129151.8736713087 120231.3270048134
126266.4289844362 125994.1945246343
122419.1694019396 126634.5131379478
121777.9594715235 126634.5131379478
121938.2619541275 126794.5927912761
121617.6569889195 126954.6724446045
121777.9594715235 127114.7520979328
121297.0520237114 127114.7520979328
121617.6569889195 127434.9114045895
121297.0520237114 127434.9114045895
120976.4470585034 127594.9910579179
120816.1445758993 127915.1503645746
120816.1445758993 128235.3096712314
120495.5396106913 128555.4689778881
133480.0407016175 130636.5044711567
117610.0949238188 131276.8230844702
117610.0949238188 131436.9027377985
117770.3974064228 131596.9823911269
117610.0949238188 131596.9823911269
117289.4899586107 131596.9823911269
116968.8849934027 131917.1416977836
132999.1332538054 132077.2213511119
117449.7924412148 132077.2213511119
123541.2867801678 132237.3010044403
123220.6818149597 132557.4603110970
117449.7924412148 132557.4603110970
128991.5711887047 121031.7252714552
123220.6818149597 132877.6196177537
123220.6818149597 133357.8585777388
122739.7743671477 133678.0178843956
116968.8849934027 134158.2568443806
116968.8849934027 134478.4161510373

120495.5396106913 135438.8940710075
120816.1445758993 135278.8144176791
120816.1445758993 134958.6551110224
117449.7924412148 132397.3806577687
117449.7924412148 132077.2213511119
117610.0949238188 132077.2213511119
117289.4899586107 131917.1416977836
117610.0949238188 131917.1416977836
117770.3974064228 131917.1416977836
117449.7924412148 131757.0620444552
117610.0949238188 131757.0620444552
117770.3974064228 131757.0620444552
117289.4899586107 131596.9823911269
117449.7924412148 131596.9823911269
117610.0949238188 131596.9823911269
117610.0949238188 131436.9027377985
117449.7924412148 131276.8230844702
117449.7924412148 130956.6637778134
120816.1445758993 128235.3096712314
120816.1445758993 127915.1503645746
121136.7495411074 127755.0707112463
121297.0520237114 127434.9114045895
121457.3545063154 127434.9114045895
121617.6569889195 127434.9114045895
121457.3545063154 127274.8317512612
121617.6569889195 127274.8317512612
121777.9594715235 127274.8317512612
121297.0520237114 127114.7520979328
121617.6569889195 127114.7520979328
121777.9594715235 127114.7520979328
121617.6569889195 126954.6724446045
121938.2619541275 126954.6724446045
121938.2619541275 126794.5927912761
122419.1694019396 126634.5131379478
129953.3860843289 118790.6101248582
129632.7811191208 119110.7694315149
129632.7811191208 119430.9287381716
129632.7811191208 119751.0880448284
129312.1761539127 119911.1676981567
121777.9594715235 126634.5131379478

120495.5396106913 135438.8940710075
120816.1445758993 135278.8144176791
120816.1445758993 134958.6551110224
123220.6818149597 133357.8585777388
123380.9842975638 133037.6992710821
117449.7924412148 132557.4603110970
117449.7924412148 132237.3010044403
117610.0949238188 132077.2213511119
117289.4899586107 131917.1416977836
117449.7924412148 131917.1416977836
117610.0949238188 131917.1416977836
117449.7924412148 131757.0620444552
117610.0949238188 131757.0620444552
129953.3860843289 118790.6101248582
129632.7811191208 119110.7694315149
129632.7811191208 119430.9287381716
129632.7811191208 119751.0880448284
129312.1761539127 119911.1676981567
129151.8736713087 120231.3270048134
122419.1694019396 126634.5131379478
121938.2619541275 126794.5927912761
121938.2619541275 126954.6724446045
121617.6569889195 126954.6724446045
121777.9594715235 127114.7520979328
121617.6569889195 127114.7520979328
121297.0520237114 127114.7520979328
121777.9594715235 127274.8317512612
121617.6569889195 127274.8317512612
121617.6569889195 127434.9114045895
121457.3545063154 127434.9114045895
121297.0520237114 127434.9114045895
121136.7495411074 127755.0707112463
120816.1445758993 127915.1503645746
120816.1445758993 128235.3096712314
120495.5396106913 128395.3893245597
133480.0407016175 130636.5044711567
117610.0949238188 130956.6637778134
117610.0949238188 131276.8230844702
117610.0949238188 131596.9823911269
117449.7924412148 131596.9823911269

120495.5396106913 135438.8940710075
120816.1445758993 135278.8144176791
120816.1445758993 134958.6551110224
129793.0836017248 119270.8490848433
121777.9594715235 126634.5131379478
121938.2619541275 126794.5927912761
121777.9594715235 126794.5927912761
121457.3545063154 126794.5927912761
121938.2619541275 126954.6724446045
121777.9594715235 126954.6724446045
121617.6569889195 126954.6724446045
121457.3545063154 126954.6724446045
121938.2619541275 127114.7520979328
121777.9594715235 127114.7520979328
121617.6569889195 127114.7520979328
121457.3545063154 127114.7520979328
121297.0520237114 127114.7520979328
121777.9594715235 127274.8317512612
121617.6569889195 127274.8317512612
121457.3545063154 127274.8317512612
121617.6569889195 127434.9114045895
121457.3545063154 127434.9114045895
121297.0520237114 127434.9114045895
121136.7495411074 127755.0707112463
120816.1445758993 127915.1503645746
117449.7924412148 131276.8230844702
117610.0949238188 131436.9027377985
117770.3974064228 131596.9823911269
117610.0949238188 131596.9823911269
117449.7924412148 131596.9823911269
117289.4899586107 131596.9823911269
117770.3974064228 131757.0620444552
117610.0949238188 131757.0620444552
117449.7924412148 131757.0620444552
117610.0949238188 131917.1416977836
117449.7924412148 131917.1416977836
117289.4899586107 131917.1416977836
117610.0949238188 132077.2213511119
117449.7924412148 132077.2213511119
117449.7924412148 132397.3806577687

120495.5396106913 135438.8940710075
120816.1445758993 135278.8144176791
120816.1445758993 134958.6551110224
117289.4899586107 132717.5399644254
117449.7924412148 132397.3806577687
117449.7924412148 132077.2213511119
117610.0949238188 132077.2213511119
117289.4899586107 131917.1416977836
117449.7924412148 131917.1416977836
117610.0949238188 131917.1416977836
129953.3860843289 118790.6101248582
129632.7811191208 119110.7694315149
129632.7811191208 119430.9287381716
129632.7811191208 119751.0880448284
129312.1761539127 119911.1676981567
122419.1694019396 126634.5131379478
121777.9594715235 126634.5131379478
121938.2619541275 126954.6724446045
121777.9594715235 126954.6724446045
121617.6569889195 126954.6724446045
121777.9594715235 127114.7520979328
121617.6569889195 127114.7520979328
121297.0520237114 127114.7520979328
121777.9594715235 127274.8317512612
121617.6569889195 127274.8317512612
121457.3545063154 127274.8317512612
121617.6569889195 127434.9114045895
121457.3545063154 127434.9114045895
121297.0520237114 127434.9114045895
121136.7495411074 127755.0707112463
120816.1445758993 127915.1503645746
120816.1445758993 128235.3096712314
117449.7924412148 130956.6637778134
117449.7924412148 131276.8230844702
117610.0949238188 131436.9027377985
117610.0949238188 131596.9823911269
117449.7924412148 131596.9823911269
117289.4899586107 131596.9823911269
117610.0949238188 131757.0620444552
117449.7924412148 131757.0620444552

120495.5396106913 135438.8940710075
120816.1445758993 135278.8144176791
120816.1445758993 134958.6551110224
117449.7924412148 132397.3806577687
117449.7924412148 132077.2213511119
117610.0949238188 132077.2213511119
117289.4899586107 131917.1416977836
117610.0949238188 131917.1416977836
117770.3974064228 131917.1416977836
129953.3860843289 118790.6101248582
129632.7811191208 119110.7694315149
129632.7811191208 119430.9287381716
129632.7811191208 119751.0880448284
129312.1761539127 119911.1676981567
122419.1694019396 126634.5131379478
121777.9594715235 126634.5131379478
121938.2619541275 126954.6724446045
121777.9594715235 126954.6724446045
121617.6569889195 126954.6724446045
121777.9594715235 127114.7520979328
121617.6569889195 127114.7520979328
121297.0520237114 127114.7520979328
121777.9594715235 127274.8317512612
121617.6569889195 127274.8317512612
121457.3545063154 127274.8317512612
121617.6569889195 127434.9114045895
121457.3545063154 127434.9114045895
121297.0520237114 127434.9114045895
121136.7495411074 127755.0707112463
120816.1445758993 127915.1503645746
120816.1445758993 128235.3096712314
117449.7924412148 130956.6637778134
117449.7924412148 131276.8230844702
117610.0949238188 131436.9027377985
117610.0949238188 131596.9823911269
117449.7924412148 131596.9823911269
117289.4899586107 131596.9823911269
117770.3974064228 131757.0620444552
117610.0949238188 131757.0620444552
117449.7924412148 131757.0620444552

120495.5396106913 135438.8940710075
120816.1445758993 135278.8144176791
120816.1445758993 134958.6551110224
122900.0768497517 133517.9382310671
123220.6818149597 133357.8585777388
123380.9842975638 133037.6992710821
117449.7924412148 132557.4603110970
123220.6818149597 132557.4603110970
117129.1874760067 132397.3806577687
117449.7924412148 132077.2213511119
117289.4899586107 131596.9823911269
117610.0949238188 131596.9823911269
117449.7924412148 131276.8230844702
117610.0949238188 131276.8230844702
133319.7382190134 131116.7434311418
117610.0949238188 130956.6637778134
133480.0407016175 130636.5044711567
120495.5396106913 128715.5486312164
120976.4470585034 128555.4689778881
121297.0520237114 128235.3096712314
121457.3545063154 127915.1503645746
120816.1445758993 127594.9910579179
121777.9594715235 127434.9114045895
120976.4470585034 127274.8317512612
121297.0520237114 127114.7520979328
121297.0520237114 126794.5927912761
122579.4718845436 126794.5927912761
121777.9594715235 126634.5131379478
121777.9594715235 125994.1945246343
126426.7314670403 125994.1945246343
130754.8984973490 124073.2386846940
128991.5711887047 121191.8049247836
128510.6637408926 120551.4863114702
120335.2371280872 129195.7875912015
128991.5711887047 120391.4066581418
129312.1761539127 119911.1676981567
129632.7811191208 119751.0880448284
129632.7811191208 119430.9287381716
129632.7811191208 119110.7694315149
129953.3860843289 118790.6101248582

120495.5396106913 135438.8940710075
120816.1445758993 135278.8144176791
120816.1445758993 134958.6551110224
129953.3860843289 118790.6101248582
129632.7811191208 119110.7694315149
129632.7811191208 119430.9287381716
129632.7811191208 119751.0880448284
129312.1761539127 119911.1676981567
122419.1694019396 126634.5131379478
121777.9594715235 126634.5131379478
121938.2619541275 126954.6724446045
121777.9594715235 126954.6724446045
121617.6569889195 126954.6724446045
121777.9594715235 127114.7520979328
121617.6569889195 127114.7520979328
121297.0520237114 127114.7520979328
121777.9594715235 127274.8317512612
121617.6569889195 127274.8317512612
121457.3545063154 127274.8317512612
121617.6569889195 127434.9114045895
121457.3545063154 127434.9114045895
121297.0520237114 127434.9114045895
121136.7495411074 127755.0707112463
120816.1445758993 127915.1503645746
120816.1445758993 128235.3096712314
117449.7924412148 130956.6637778134
117449.7924412148 131276.8230844702
117610.0949238188 131436.9027377985
117610.0949238188 131596.9823911269
117449.7924412148 131596.9823911269
117289.4899586107 131596.9823911269
117770.3974064228 131757.0620444552
117610.0949238188 131757.0620444552
117449.7924412148 131757.0620444552
117610.0949238188 131917.1416977836
117449.7924412148 131917.1416977836
117289.4899586107 131917.1416977836
117610.0949238188 132077.2213511119
117449.7924412148 132077.2213511119
117449.7924412148 132397.3806577687

120655.8420932953 135438.8940710075
117449.7924412148 132397.3806577687
121777.9594715235 126634.5131379478
121938.2619541275 126794.5927912761
121777.9594715235 126794.5927912761
121457.3545063154 126794.5927912761
121938.2619541275 126954.6724446045
121777.9594715235 126954.6724446045
121617.6569889195 126954.6724446045
121457.3545063154 126954.6724446045
121938.2619541275 127114.7520979328
121777.9594715235 127114.7520979328
121617.6569889195 127114.7520979328
121457.3545063154 127114.7520979328
121297.0520237114 127114.7520979328
121777.9594715235 127274.8317512612
121617.6569889195 127274.8317512612
121457.3545063154 127274.8317512612
121297.0520237114 127274.8317512612
121617.6569889195 127434.9114045895
121457.3545063154 127434.9114045895
121297.0520237114 127434.9114045895
121136.7495411074 127434.9114045895
121297.0520237114 127594.9910579179
117449.7924412148 131276.8230844702
117610.0949238188 131436.9027377985
117449.7924412148 131436.9027377985
117770.3974064228 131596.9823911269
117610.0949238188 131596.9823911269
117449.7924412148 131596.9823911269
117289.4899586107 131596.9823911269
117770.3974064228 131757.0620444552
117610.0949238188 131757.0620444552
117449.7924412148 131757.0620444552
117770.3974064228 131917.1416977836
117610.0949238188 131917.1416977836
117449.7924412148 131917.1416977836
117289.4899586107 131917.1416977836
117610.0949238188 132077.2213511119
117449.7924412148 132077.2213511119

120816.1445758993 135118.7347643508
117449.7924412148 132397.3806577687
121777.9594715235 126634.5131379478
121938.2619541275 126794.5927912761
121777.9594715235 126794.5927912761
121457.3545063154 126794.5927912761
121938.2619541275 126954.6724446045
121777.9594715235 126954.6724446045
121617.6569889195 126954.6724446045
121457.3545063154 126954.6724446045
121938.2619541275 127114.7520979328
121777.9594715235 127114.7520979328
121617.6569889195 127114.7520979328
121457.3545063154 127114.7520979328
121297.0520237114 127114.7520979328
121777.9594715235 127274.8317512612
121617.6569889195 127274.8317512612
121457.3545063154 127274.8317512612
121297.0520237114 127274.8317512612
121617.6569889195 127434.9114045895
121457.3545063154 127434.9114045895
121297.0520237114 127434.9114045895
121136.7495411074 127434.9114045895
121297.0520237114 127594.9910579179
117449.7924412148 131276.8230844702
117610.0949238188 131436.9027377985
117449.7924412148 131436.9027377985
117770.3974064228 131596.9823911269
117610.0949238188 131596.9823911269
117449.7924412148 131596.9823911269
117289.4899586107 131596.9823911269
117770.3974064228 131757.0620444552
117610.0949238188 131757.0620444552
117449.7924412148 131757.0620444552
117770.3974064228 131917.1416977836
117610.0949238188 131917.1416977836
117449.7924412148 131917.1416977836
117289.4899586107 131917.1416977836
117610.0949238188 132077.2213511119
117449.7924412148 132077.2213511119

120495.5396106913 135438.8940710075
120816.1445758993 135278.8144176791
120816.1445758993 134958.6551110224
122900.0768497517 133517.9382310671
123220.6818149597 133357.8585777388
123380.9842975638 133037.6992710821
117449.7924412148 132557.4603110970
123220.6818149597 132557.4603110970
117129.1874760067 132397.3806577687
117449.7924412148 132077.2213511119
117289.4899586107 131596.9823911269
117610.0949238188 131596.9823911269
117610.0949238188 131436.9027377985
117449.7924412148 131276.8230844702
117610.0949238188 131276.8230844702
133319.7382190134 131116.7434311418
117610.0949238188 130956.6637778134
129953.3860843289 118790.6101248582
129632.7811191208 119110.7694315149
129632.7811191208 119430.9287381716
129632.7811191208 119751.0880448284
129312.1761539127 119911.1676981567
129151.8736713087 120231.3270048134
126266.4289844362 125994.1945246343
122419.1694019396 126634.5131379478
121777.9594715235 126634.5131379478
121938.2619541275 126794.5927912761
121617.6569889195 126954.6724446045
121777.9594715235 127114.7520979328
121297.0520237114 127114.7520979328
121617.6569889195 127434.9114045895
121297.0520237114 127434.9114045895
120976.4470585034 127594.9910579179
120816.1445758993 127915.1503645746
120816.1445758993 128235.3096712314
120495.5396106913 128555.4689778881
133480.0407016175 130636.5044711567
117770.3974064228 131596.9823911269
129151.8736713087 121511.9642314403
132999.1332538054 132077.2213511119

120495.5396106913 135438.8940710075
120816.1445758993 135278.8144176791
120816.1445758993 134958.6551110224
122900.0768497517 133517.9382310671
123220.6818149597 133357.8585777388
123380.9842975638 133037.6992710821
117449.7924412148 132557.4603110970
117449.7924412148 132237.3010044403
117449.7924412148 131917.1416977836
117610.0949238188 131917.1416977836
117610.0949238188 131757.0620444552
117449.7924412148 131596.9823911269
117610.0949238188 131596.9823911269
117610.0949238188 131436.9027377985
117449.7924412148 131276.8230844702
117610.0949238188 131276.8230844702
117610.0949238188 130956.6637778134
133480.0407016175 130636.5044711567
120495.5396106913 128395.3893245597
120816.1445758993 128235.3096712314
120816.1445758993 127915.1503645746
121136.7495411074 127755.0707112463
129953.3860843289 118790.6101248582
129632.7811191208 119110.7694315149
129632.7811191208 119430.9287381716
129632.7811191208 119751.0880448284
129312.1761539127 119911.1676981567
128991.5711887047 120391.4066581418
129472.4786365168 120551.4863114702
128510.6637408926 120551.4863114702
128991.5711887047 121191.8049247836
130754.8984973490 124073.2386846940
126426.7314670403 125994.1945246343
121777.9594715235 125994.1945246343
121777.9594715235 126634.5131379478
122579.4718845436 126794.5927912761
121297.0520237114 126794.5927912761
121297.0520237114 127114.7520979328
120976.4470585034 127274.8317512612
121777.9594715235 127434.9114045895

120655.8420932953 135438.8940710075
121777.9594715235 126634.5131379478
121938.2619541275 126794.5927912761
121777.9594715235 126794.5927912761
121457.3545063154 126794.5927912761
121938.2619541275 126954.6724446045
121777.9594715235 126954.6724446045
121617.6569889195 126954.6724446045
121457.3545063154 126954.6724446045
121938.2619541275 127114.7520979328
121777.9594715235 127114.7520979328
121617.6569889195 127114.7520979328
121457.3545063154 127114.7520979328
121297.0520237114 127114.7520979328
121777.9594715235 127274.8317512612
121617.6569889195 127274.8317512612
121457.3545063154 127274.8317512612
121297.0520237114 127274.8317512612
121617.6569889195 127434.9114045895
121457.3545063154 127434.9114045895
121297.0520237114 127434.9114045895
121136.7495411074 127434.9114045895
121297.0520237114 127594.9910579179
117610.0949238188 131436.9027377985
117449.7924412148 131436.9027377985
117289.4899586107 131436.9027377985
117770.3974064228 131596.9823911269
117610.0949238188 131596.9823911269
117449.7924412148 131596.9823911269
117770.3974064228 131757.0620444552
117610.0949238188 131757.0620444552
117449.7924412148 131757.0620444552
117289.4899586107 131757.0620444552
117770.3974064228 131917.1416977836
117610.0949238188 131917.1416977836
117449.7924412148 131917.1416977836
117289.4899586107 131917.1416977836
117610.0949238188 132077.2213511119
117449.7924412148 132077.2213511119
117449.7924412148 132397.3806577687

120816.1445758993 135118.7347643508
121777.9594715235 126634.5131379478
121938.2619541275 126794.5927912761
121777.9594715235 126794.5927912761
121457.3545063154 126794.5927912761
121938.2619541275 126954.6724446045
121777.9594715235 126954.6724446045
121617.6569889195 126954.6724446045
121457.3545063154 126954.6724446045
121938.2619541275 127114.7520979328
121777.9594715235 127114.7520979328
121617.6569889195 127114.7520979328
121457.3545063154 127114.7520979328
121297.0520237114 127114.7520979328
121777.9594715235 127274.8317512612
121617.6569889195 127274.8317512612
121457.3545063154 127274.8317512612
121297.0520237114 127274.8317512612
121617.6569889195 127434.9114045895
121457.3545063154 127434.9114045895
121297.0520237114 127434.9114045895
121136.7495411074 127434.9114045895
121297.0520237114 127594.9910579179
117610.0949238188 131436.9027377985
117449.7924412148 131436.9027377985
117289.4899586107 131436.9027377985
117770.3974064228 131596.9823911269
117610.0949238188 131596.9823911269
117449.7924412148 131596.9823911269
117770.3974064228 131757.0620444552
117610.0949238188 131757.0620444552
117449.7924412148 131757.0620444552
117289.4899586107 131757.0620444552
117770.3974064228 131917.1416977836
117610.0949238188 131917.1416977836
117449.7924412148 131917.1416977836
117289.4899586107 131917.1416977836
117610.0949238188 132077.2213511119
117449.7924412148 132077.2213511119
117449.7924412148 132397.3806577687

120495.5396106913 135438.8940710075
120816.1445758993 135278.8144176791
120816.1445758993 134958.6551110224
123220.6818149597 133357.8585777388
123380.9842975638 133037.6992710821
117449.7924412148 132557.4603110970
117449.7924412148 132237.3010044403
117610.0949238188 132077.2213511119
117289.4899586107 131917.1416977836
117449.7924412148 131917.1416977836
117610.0949238188 131917.1416977836
117449.7924412148 131757.0620444552
117610.0949238188 131757.0620444552
129953.3860843289 118790.6101248582
129632.7811191208 119110.7694315149
129632.7811191208 119430.9287381716
129632.7811191208 119751.0880448284
129312.1761539127 119911.1676981567
129151.8736713087 120231.3270048134
122419.1694019396 126634.5131379478
121777.9594715235 126634.5131379478
121938.2619541275 126794.5927912761
121938.2619541275 126954.6724446045
121617.6569889195 126954.6724446045
121777.9594715235 127114.7520979328
121617.6569889195 127114.7520979328
121297.0520237114 127114.7520979328
121777.9594715235 127274.8317512612
121617.6569889195 127274.8317512612
121457.3545063154 127434.9114045895
121297.0520237114 127434.9114045895
121136.7495411074 127755.0707112463
120816.1445758993 127915.1503645746
120816.1445758993 128235.3096712314
120495.5396106913 128395.3893245597
133480.0407016175 130636.5044711567
117610.0949238188 130956.6637778134
117610.0949238188 131276.8230844702
117610.0949238188 131596.9823911269
117449.7924412148 131596.9823911269

120816.1445758993 135118.7347643508
121777.9594715235 126634.5131379478
121938.2619541275 126794.5927912761
121777.9594715235 126794.5927912761
121457.3545063154 126794.5927912761
121938.2619541275 126954.6724446045
121777.9594715235 126954.6724446045
121617.6569889195 126954.6724446045
121457.3545063154 126954.6724446045
121938.2619541275 127114.7520979328
121777.9594715235 127114.7520979328
121617.6569889195 127114.7520979328
121457.3545063154 127114.7520979328
121297.0520237114 127114.7520979328
121777.9594715235 127274.8317512612
121617.6569889195 127274.8317512612
121457.3545063154 127274.8317512612
121297.0520237114 127274.8317512612
121617.6569889195 127434.9114045895
121457.3545063154 127434.9114045895
121297.0520237114 127434.9114045895
121297.0520237114 127594.9910579179
121136.7495411074 127594.9910579179
117610.0949238188 131436.9027377985
117449.7924412148 131436.9027377985
117289.4899586107 131436.9027377985
117770.3974064228 131596.9823911269
117610.0949238188 131596.9823911269
117449.7924412148 131596.9823911269
117770.3974064228 131757.0620444552
117610.0949238188 131757.0620444552
117449.7924412148 131757.0620444552
117289.4899586107 131757.0620444552
117770.3974064228 131917.1416977836
117610.0949238188 131917.1416977836
117449.7924412148 131917.1416977836
117289.4899586107 131917.1416977836
117610.0949238188 132077.2213511119
117449.7924412148 132077.2213511119
117449.7924412148 132397.3806577687

121777.9594715235 126634.5131379478
121938.2619541275 126794.5927912761
121777.9594715235 126794.5927912761
121457.3545063154 126794.5927912761
121938.2619541275 126954.6724446045
121777.9594715235 126954.6724446045
121617.6569889195 126954.6724446045
121457.3545063154 126954.6724446045
121938.2619541275 127114.7520979328
121777.9594715235 127114.7520979328
121617.6569889195 127114.7520979328
121457.3545063154 127114.7520979328
121297.0520237114 127114.7520979328
121777.9594715235 127274.8317512612
121617.6569889195 127274.8317512612
121457.3545063154 127274.8317512612
121297.0520237114 127274.8317512612
121617.6569889195 127434.9114045895
121457.3545063154 127434.9114045895
121297.0520237114 127434.9114045895
121136.7495411074 127434.9114045895
121297.0520237114 127594.9910579179
117610.0949238188 131436.9027377985
117449.7924412148 131436.9027377985
117289.4899586107 131436.9027377985
117770.3974064228 131596.9823911269
117610.0949238188 131596.9823911269
117449.7924412148 131596.9823911269
117289.4899586107 131596.9823911269
117770.3974064228 131757.0620444552
117610.0949238188 131757.0620444552
117449.7924412148 131757.0620444552
117289.4899586107 131757.0620444552
117770.3974064228 131917.1416977836
117610.0949238188 131917.1416977836
117449.7924412148 131917.1416977836
117289.4899586107 131917.1416977836
117610.0949238188 132077.2213511119
117449.7924412148 132077.2213511119
117449.7924412148 132397.3806577687

120495.5396106913 135438.8940710075
120816.1445758993 135278.8144176791
120816.1445758993 134958.6551110224
123220.6818149597 133357.8585777388
123380.9842975638 133037.6992710821
117449.7924412148 132557.4603110970
117449.7924412148 132237.3010044403
117610.0949238188 132077.2213511119
117289.4899586107 131917.1416977836
117449.7924412148 131917.1416977836
117610.0949238188 131917.1416977836
117610.0949238188 131757.0620444552
117289.4899586107 131596.9823911269
117449.7924412148 131596.9823911269
117610.0949238188 131596.9823911269
117610.0949238188 131276.8230844702
117610.0949238188 130956.6637778134
133480.0407016175 130636.5044711567
120495.5396106913 128395.3893245597
120816.1445758993 128235.3096712314
120816.1445758993 127915.1503645746
121136.7495411074 127755.0707112463
121297.0520237114 127434.9114045895
121457.3545063154 127434.9114045895
121617.6569889195 127274.8317512612
121777.9594715235 127274.8317512612
121297.0520237114 127114.7520979328
121617.6569889195 127114.7520979328
121777.9594715235 127114.7520979328
121617.6569889195 126954.6724446045
121938.2619541275 126954.6724446045
121938.2619541275 126794.5927912761
129953.3860843289 118790.6101248582
129632.7811191208 119110.7694315149
129632.7811191208 119430.9287381716
129632.7811191208 119751.0880448284
129312.1761539127 119911.1676981567
129151.8736713087 120231.3270048134
126266.4289844362 125994.1945246343
122419.1694019396 126634.5131379478

120495.5396106913 135438.8940710075
120816.1445758993 135278.8144176791
120816.1445758993 134958.6551110224
122900.0768497517 133517.9382310671
123220.6818149597 133357.8585777388
123380.9842975638 133037.6992710821
117449.7924412148 132557.4603110970
117449.7924412148 132237.3010044403
117449.7924412148 131917.1416977836
117610.0949238188 131917.1416977836
117610.0949238188 131757.0620444552
117449.7924412148 131596.9823911269
117610.0949238188 131596.9823911269
117610.0949238188 131436.9027377985
117449.7924412148 131276.8230844702
117610.0949238188 131276.8230844702
117610.0949238188 130956.6637778134
133480.0407016175 130636.5044711567
129953.3860843289 118790.6101248582
129632.7811191208 119110.7694315149
129632.7811191208 119430.9287381716
129632.7811191208 119751.0880448284
129312.1761539127 119911.1676981567
122419.1694019396 126634.5131379478
121777.9594715235 126634.5131379478
121938.2619541275 126954.6724446045
121777.9594715235 126954.6724446045
121617.6569889195 126954.6724446045
121777.9594715235 127114.7520979328
121617.6569889195 127114.7520979328
121297.0520237114 127114.7520979328
121777.9594715235 127274.8317512612
121617.6569889195 127274.8317512612
121457.3545063154 127274.8317512612
121617.6569889195 127434.9114045895
121457.3545063154 127434.9114045895
121297.0520237114 127434.9114045895
121136.7495411074 127755.0707112463
120816.1445758993 127915.1503645746
120816.1445758993 128235.3096712314

120495.5396106913 135438.8940710075
120816.1445758993 135278.8144176791
120816.1445758993 134958.6551110224
133319.7382190134 131116.7434311418
116968.8849934027 134158.2568443806
122739.7743671477 133678.0178843956
123220.6818149597 133357.8585777388
123220.6818149597 132877.6196177537
117610.0949238188 132717.5399644254
117449.7924412148 132557.4603110970
123220.6818149597 132557.4603110970
123541.2867801678 132237.3010044403
117449.7924412148 132077.2213511119
132999.1332538054 132077.2213511119
116968.8849934027 131917.1416977836
117289.4899586107 131596.9823911269
117610.0949238188 131596.9823911269
117770.3974064228 131596.9823911269
117610.0949238188 131436.9027377985
117610.0949238188 131276.8230844702
133480.0407016175 130636.5044711567
120495.5396106913 128555.4689778881
120816.1445758993 128235.3096712314
120816.1445758993 127915.1503645746
120976.4470585034 127594.9910579179
121297.0520237114 127434.9114045895
121617.6569889195 127434.9114045895
121297.0520237114 127114.7520979328
121777.9594715235 127114.7520979328
121617.6569889195 126954.6724446045
121938.2619541275 126794.5927912761
121777.9594715235 126634.5131379478
122419.1694019396 126634.5131379478
126266.4289844362 125994.1945246343
129953.3860843289 118790.6101248582
129632.7811191208 119110.7694315149
129632.7811191208 119430.9287381716
129632.7811191208 119751.0880448284
129312.1761539127 119911.1676981567
129151.8736713087 120231.3270048134

120495.5396106913 135438.8940710075
120816.1445758993 135278.8144176791
120816.1445758993 134958.6551110224
129953.3860843289 118790.6101248582
129632.7811191208 119110.7694315149
129632.7811191208 119430.9287381716
129632.7811191208 119751.0880448284
129312.1761539127 119911.1676981567
129151.8736713087 120231.3270048134
126266.4289844362 125994.1945246343
122419.1694019396 126634.5131379478
121777.9594715235 126634.5131379478
121938.2619541275 126794.5927912761
121617.6569889195 126954.6724446045
121777.9594715235 127114.7520979328
121297.0520237114 127114.7520979328
121617.6569889195 127434.9114045895
121297.0520237114 127434.9114045895
120976.4470585034 127594.9910579179
120816.1445758993 127915.1503645746
120816.1445758993 128235.3096712314
120495.5396106913 128555.4689778881
133480.0407016175 130636.5044711567
131075.5034625570 123112.7607647239
117610.0949238188 131436.9027377985
117770.3974064228 131596.9823911269
117610.0949238188 131596.9823911269
117289.4899586107 131596.9823911269
116968.8849934027 131917.1416977836
132999.1332538054 132077.2213511119
117449.7924412148 132077.2213511119
123541.2867801678 132237.3010044403
123220.6818149597 132557.4603110970
117449.7924412148 132557.4603110970
117610.0949238188 132717.5399644254
123220.6818149597 132877.6196177537
123220.6818149597 133357.8585777388
122739.7743671477 133678.0178843956
116968.8849934027 134158.2568443806
116968.8849934027 134478.4161510373

120495.5396106913 135438.8940710075
120816.1445758993 135278.8144176791
120816.1445758993 134958.6551110224
122900.0768497517 133517.9382310671
123220.6818149597 133357.8585777388
123380.9842975638 133037.6992710821
117449.7924412148 132557.4603110970
117449.7924412148 132237.3010044403
117449.7924412148 131917.1416977836
117610.0949238188 131917.1416977836
117610.0949238188 131757.0620444552
117449.7924412148 131596.9823911269
117610.0949238188 131596.9823911269
117610.0949238188 131436.9027377985
117449.7924412148 131276.8230844702
117610.0949238188 131276.8230844702
117610.0949238188 130956.6637778134
133480.0407016175 130636.5044711567
120495.5396106913 128395.3893245597
120816.1445758993 128235.3096712314
120816.1445758993 127915.1503645746
121136.7495411074 127755.0707112463
121297.0520237114 127434.9114045895
121457.3545063154 127434.9114045895
121617.6569889195 127274.8317512612
121777.9594715235 127274.8317512612
121297.0520237114 127114.7520979328
121617.6569889195 127114.7520979328
121777.9594715235 127114.7520979328
121617.6569889195 126954.6724446045
121938.2619541275 126954.6724446045
121938.2619541275 126794.5927912761
129953.3860843289 118790.6101248582
129632.7811191208 119110.7694315149
129632.7811191208 119430.9287381716
129632.7811191208 119751.0880448284
129312.1761539127 119911.1676981567
129151.8736713087 120231.3270048134
126266.4289844362 125994.1945246343
122419.1694019396 126634.5131379478

120495.5396106913 135438.8940710075
120816.1445758993 135278.8144176791
120816.1445758993 134958.6551110224
117449.7924412148 132397.3806577687
129793.0836017248 118950.6897781866
129793.0836017248 119270.8490848433
121777.9594715235 126634.5131379478
121777.9594715235 126794.5927912761
121457.3545063154 126794.5927912761
121938.2619541275 126954.6724446045
121777.9594715235 126954.6724446045
121617.6569889195 126954.6724446045
121457.3545063154 126954.6724446045
121938.2619541275 127114.7520979328
121777.9594715235 127114.7520979328
121617.6569889195 127114.7520979328
121457.3545063154 127114.7520979328
121297.0520237114 127114.7520979328
121777.9594715235 127274.8317512612
121617.6569889195 127274.8317512612
121457.3545063154 127274.8317512612
121617.6569889195 127434.9114045895
121457.3545063154 127434.9114045895
121297.0520237114 127434.9114045895
121136.7495411074 127755.0707112463
120816.1445758993 127915.1503645746
117449.7924412148 131276.8230844702
117610.0949238188 131436.9027377985
117449.7924412148 131436.9027377985
117610.0949238188 131596.9823911269
117449.7924412148 131596.9823911269
117289.4899586107 131596.9823911269
117770.3974064228 131757.0620444552
117610.0949238188 131757.0620444552
117449.7924412148 131757.0620444552
117610.0949238188 131917.1416977836
117449.7924412148 131917.1416977836
117289.4899586107 131917.1416977836
117610.0949238188 132077.2213511119
117449.7924412148 132077.2213511119

120495.5396106913 135438.8940710075
120816.1445758993 135278.8144176791
120816.1445758993 134958.6551110224
123220.6818149597 133357.8585777388
123380.9842975638 133037.6992710821
117449.7924412148 132557.4603110970
117449.7924412148 132237.3010044403
117610.0949238188 132077.2213511119
129953.3860843289 118790.6101248582
129632.7811191208 119110.7694315149
129632.7811191208 119430.9287381716
129632.7811191208 119751.0880448284
129312.1761539127 119911.1676981567
129151.8736713087 120231.3270048134
122419.1694019396 126634.5131379478
121777.9594715235 126634.5131379478
121938.2619541275 126794.5927912761
121938.2619541275 126954.6724446045
121617.6569889195 126954.6724446045
121777.9594715235 127114.7520979328
121617.6569889195 127114.7520979328
121297.0520237114 127114.7520979328
121777.9594715235 127274.8317512612
121617.6569889195 127274.8317512612
121457.3545063154 127434.9114045895
121297.0520237114 127434.9114045895
121136.7495411074 127755.0707112463
120816.1445758993 127915.1503645746
120816.1445758993 128235.3096712314
120495.5396106913 128395.3893245597
133480.0407016175 130636.5044711567
117610.0949238188 130956.6637778134
117610.0949238188 131276.8230844702
117449.7924412148 131276.8230844702
117610.0949238188 131436.9027377985
117610.0949238188 131596.9823911269
117449.7924412148 131596.9823911269
117610.0949238188 131757.0620444552
117610.0949238188 131917.1416977836
117449.7924412148 131917.1416977836

117449.7924412148 132397.3806577687
121777.9594715235 126634.5131379478
121938.2619541275 126794.5927912761
121777.9594715235 126794.5927912761
121457.3545063154 126794.5927912761
121938.2619541275 126954.6724446045
121777.9594715235 126954.6724446045
121617.6569889195 126954.6724446045
121457.3545063154 126954.6724446045
121938.2619541275 127114.7520979328
121777.9594715235 127114.7520979328
121617.6569889195 127114.7520979328
121457.3545063154 127114.7520979328
121297.0520237114 127114.7520979328
121777.9594715235 127274.8317512612
121617.6569889195 127274.8317512612
121457.3545063154 127274.8317512612
121297.0520237114 127274.8317512612
121617.6569889195 127434.9114045895
121457.3545063154 127434.9114045895
121297.0520237114 127434.9114045895
121297.0520237114 127594.9910579179
121136.7495411074 127594.9910579179
117610.0949238188 131436.9027377985
117449.7924412148 131436.9027377985
117289.4899586107 131436.9027377985
117770.3974064228 131596.9823911269
117610.0949238188 131596.9823911269
117449.7924412148 131596.9823911269
117289.4899586107 131596.9823911269
117770.3974064228 131757.0620444552
117610.0949238188 131757.0620444552
117449.7924412148 131757.0620444552
117289.4899586107 131757.0620444552
117770.3974064228 131917.1416977836
117610.0949238188 131917.1416977836
117449.7924412148 131917.1416977836
117289.4899586107 131917.1416977836
117610.0949238188 132077.2213511119
117449.7924412148 132077.2213511119

120495.5396106913 135438.8940710075
120816.1445758993 135278.8144176791
120816.1445758993 134958.6551110224
123220.6818149597 133357.8585777388
123380.9842975638 133037.6992710821
117129.1874760067 132877.6196177537
117449.7924412148 132557.4603110970
117449.7924412148 132237.3010044403
129953.3860843289 118790.6101248582
129632.7811191208 119110.7694315149
129632.7811191208 119430.9287381716
129632.7811191208 119751.0880448284
129312.1761539127 119911.1676981567
129151.8736713087 120231.3270048134
126266.4289844362 125994.1945246343
122419.1694019396 126634.5131379478
121777.9594715235 126634.5131379478
121938.2619541275 126794.5927912761
121617.6569889195 126954.6724446045
121777.9594715235 127114.7520979328
121617.6569889195 127114.7520979328
121297.0520237114 127114.7520979328
121777.9594715235 127274.8317512612
121617.6569889195 127274.8317512612
121457.3545063154 127434.9114045895
121297.0520237114 127434.9114045895
121136.7495411074 127755.0707112463
120816.1445758993 127915.1503645746
120816.1445758993 128235.3096712314
120495.5396106913 128395.3893245597
133480.0407016175 130636.5044711567
117610.0949238188 130956.6637778134
117610.0949238188 131276.8230844702
117449.7924412148 131276.8230844702
117610.0949238188 131436.9027377985
117610.0949238188 131596.9823911269
117449.7924412148 131596.9823911269
117610.0949238188 131757.0620444552
117610.0949238188 131917.1416977836
117449.7924412148 131917.1416977836

120495.5396106913 135438.8940710075
120816.1445758993 135278.8144176791
120816.1445758993 134958.6551110224
117449.7924412148 132397.3806577687
117449.7924412148 132077.2213511119
117610.0949238188 132077.2213511119
117289.4899586107 131917.1416977836
117449.7924412148 131917.1416977836
117610.0949238188 131917.1416977836
129793.0836017248 119270.8490848433
121777.9594715235 126634.5131379478
121938.2619541275 126794.5927912761
121777.9594715235 126794.5927912761
121457.3545063154 126794.5927912761
121938.2619541275 126954.6724446045
121777.9594715235 126954.6724446045
121617.6569889195 126954.6724446045
121457.3545063154 126954.6724446045
121938.2619541275 127114.7520979328
121777.9594715235 127114.7520979328
121617.6569889195 127114.7520979328
121457.3545063154 127114.7520979328
121297.0520237114 127114.7520979328
121777.9594715235 127274.8317512612
121617.6569889195 127274.8317512612
121457.3545063154 127274.8317512612
121617.6569889195 127434.9114045895
121457.3545063154 127434.9114045895
121297.0520237114 127434.9114045895
121136.7495411074 127755.0707112463
120816.1445758993 127915.1503645746
117449.7924412148 131276.8230844702
117610.0949238188 131436.9027377985
117449.7924412148 131436.9027377985
117610.0949238188 131596.9823911269
117449.7924412148 131596.9823911269
117289.4899586107 131596.9823911269
117770.3974064228 131757.0620444552
117610.0949238188 131757.0620444552
117449.7924412148 131757.0620444552

120495.5396106913 135438.8940710075
120816.1445758993 135278.8144176791
120816.1445758993 134958.6551110224
122900.0768497517 133517.9382310671
123220.6818149597 133357.8585777388
123380.9842975638 133037.6992710821
117449.7924412148 132557.4603110970
117449.7924412148 132237.3010044403
117449.7924412148 131917.1416977836
117610.0949238188 131917.1416977836
117610.0949238188 131757.0620444552
117449.7924412148 131596.9823911269
117610.0949238188 131596.9823911269
117610.0949238188 131436.9027377985
117449.7924412148 131276.8230844702
117610.0949238188 131276.8230844702
129953.3860843289 118790.6101248582
129632.7811191208 119110.7694315149
129632.7811191208 119430.9287381716
129632.7811191208 119751.0880448284
129312.1761539127 119911.1676981567
129151.8736713087 120231.3270048134
122419.1694019396 126634.5131379478
121777.9594715235 126634.5131379478
121938.2619541275 126794.5927912761
121938.2619541275 126954.6724446045
121617.6569889195 126954.6724446045
121777.9594715235 127114.7520979328
121617.6569889195 127114.7520979328
121297.0520237114 127114.7520979328
121777.9594715235 127274.8317512612
121617.6569889195 127274.8317512612
121457.3545063154 127274.8317512612
121617.6569889195 127434.9114045895
121457.3545063154 127434.9114045895
121297.0520237114 127434.9114045895
121136.7495411074 127434.9114045895
121136.7495411074 127755.0707112463
120816.1445758993 127915.1503645746
120816.1445758993 128235.3096712314

120655.8420932953 135438.8940710075
117449.7924412148 132397.3806577687
121777.9594715235 126634.5131379478
121938.2619541275 126794.5927912761
121777.9594715235 126794.5927912761
121457.3545063154 126794.5927912761
121938.2619541275 126954.6724446045
121777.9594715235 126954.6724446045
121617.6569889195 126954.6724446045
121457.3545063154 126954.6724446045
121938.2619541275 127114.7520979328
121777.9594715235 127114.7520979328
121617.6569889195 127114.7520979328
121457.3545063154 127114.7520979328
121297.0520237114 127114.7520979328
121777.9594715235 127274.8317512612
121617.6569889195 127274.8317512612
121457.3545063154 127274.8317512612
121297.0520237114 127274.8317512612
121617.6569889195 127434.9114045895
121457.3545063154 127434.9114045895
121297.0520237114 127434.9114045895
121297.0520237114 127594.9910579179
121136.7495411074 127594.9910579179
117449.7924412148 131276.8230844702
117610.0949238188 131436.9027377985
117449.7924412148 131436.9027377985
117770.3974064228 131596.9823911269
117610.0949238188 131596.9823911269
117449.7924412148 131596.9823911269
117289.4899586107 131596.9823911269
117770.3974064228 131757.0620444552
117610.0949238188 131757.0620444552
117449.7924412148 131757.0620444552
117770.3974064228 131917.1416977836
117610.0949238188 131917.1416977836
117449.7924412148 131917.1416977836
117289.4899586107 131917.1416977836
117610.0949238188 132077.2213511119
117449.7924412148 132077.2213511119

120495.5396106913 135438.8940710075
120816.1445758993 135278.8144176791
120816.1445758993 134958.6551110224
116968.8849934027 134478.4161510373
123220.6818149597 133357.8585777388
123380.9842975638 133037.6992710821
117449.7924412148 132557.4603110970
117449.7924412148 132237.3010044403
117449.7924412148 131917.1416977836
117610.0949238188 131917.1416977836
117610.0949238188 131757.0620444552
117449.7924412148 131596.9823911269
117610.0949238188 131596.9823911269
117610.0949238188 131436.9027377985
117449.7924412148 131276.8230844702
117610.0949238188 131276.8230844702
117610.0949238188 130956.6637778134
129953.3860843289 118790.6101248582
129632.7811191208 119110.7694315149
129632.7811191208 119430.9287381716
129632.7811191208 119751.0880448284
129312.1761539127 119911.1676981567
129151.8736713087 120231.3270048134
126266.4289844362 125994.1945246343
122419.1694019396 126634.5131379478
121777.9594715235 126634.5131379478
121938.2619541275 126794.5927912761
125144.3116062081 126954.6724446045
121617.6569889195 126954.6724446045
121777.9594715235 127114.7520979328
121297.0520237114 127114.7520979328
130594.5960147450 123432.9200713806
121297.0520237114 127434.9114045895
120976.4470585034 127594.9910579179
121136.7495411074 127755.0707112463
120816.1445758993 127915.1503645746
120816.1445758993 128235.3096712314
120495.5396106913 128555.4689778881
133480.0407016175 130636.5044711567
133159.4357364094 130956.6637778134

120495.5396106913 135438.8940710075
120816.1445758993 135278.8144176791
120816.1445758993 134958.6551110224
116968.8849934027 134478.4161510373
123220.6818149597 133357.8585777388
123380.9842975638 133037.6992710821
117449.7924412148 132557.4603110970
117449.7924412148 132237.3010044403
117449.7924412148 131917.1416977836
117610.0949238188 131917.1416977836
117610.0949238188 131757.0620444552
117449.7924412148 131596.9823911269
117610.0949238188 131596.9823911269
117610.0949238188 131436.9027377985
117449.7924412148 131276.8230844702
117610.0949238188 131276.8230844702
117610.0949238188 130956.6637778134
129953.3860843289 118790.6101248582
129632.7811191208 119110.7694315149
129632.7811191208 119430.9287381716
129632.7811191208 119751.0880448284
129312.1761539127 119911.1676981567
129151.8736713087 120231.3270048134
122419.1694019396 126634.5131379478
121777.9594715235 126634.5131379478
121938.2619541275 126954.6724446045
121777.9594715235 126954.6724446045
121617.6569889195 126954.6724446045
121777.9594715235 127114.7520979328
121617.6569889195 127114.7520979328
121297.0520237114 127114.7520979328
121777.9594715235 127274.8317512612
121617.6569889195 127274.8317512612
121457.3545063154 127274.8317512612
121617.6569889195 127434.9114045895
121457.3545063154 127434.9114045895
121297.0520237114 127434.9114045895
121136.7495411074 127755.0707112463
120816.1445758993 127915.1503645746
120816.1445758993 128235.3096712314

120495.5396106913 135438.8940710075
120816.1445758993 135278.8144176791
120816.1445758993 134958.6551110224
123220.6818149597 133357.8585777388
117449.7924412148 132557.4603110970
117449.7924412148 132237.3010044403
117610.0949238188 132077.2213511119
129953.3860843289 118790.6101248582
129632.7811191208 119110.7694315149
129632.7811191208 119430.9287381716
129632.7811191208 119751.0880448284
129312.1761539127 119911.1676981567
129151.8736713087 120231.3270048134
126266.4289844362 125994.1945246343
122419.1694019396 126634.5131379478
121777.9594715235 126634.5131379478
121938.2619541275 126794.5927912761
121617.6569889195 126954.6724446045
121777.9594715235 127114.7520979328
121617.6569889195 127114.7520979328
121297.0520237114 127114.7520979328
121777.9594715235 127274.8317512612
121617.6569889195 127274.8317512612
121617.6569889195 127434.9114045895
121457.3545063154 127434.9114045895
121297.0520237114 127434.9114045895
121136.7495411074 127755.0707112463
120816.1445758993 127915.1503645746
120816.1445758993 128235.3096712314
133480.0407016175 130636.5044711567
117610.0949238188 130956.6637778134
117610.0949238188 131276.8230844702
117449.7924412148 131276.8230844702
117610.0949238188 131436.9027377985
117610.0949238188 131596.9823911269
117449.7924412148 131596.9823911269
117610.0949238188 131757.0620444552
117610.0949238188 131917.1416977836
117449.7924412148 131917.1416977836
123380.9842975638 133037.6992710821

120495.5396106913 135438.8940710075
120816.1445758993 135278.8144176791
120816.1445758993 134958.6551110224
129793.0836017248 118950.6897781866
129793.0836017248 119270.8490848433
121777.9594715235 126634.5131379478
121938.2619541275 126794.5927912761
121777.9594715235 126794.5927912761
121457.3545063154 126794.5927912761
121938.2619541275 126954.6724446045
121777.9594715235 126954.6724446045
121617.6569889195 126954.6724446045
121938.2619541275 127114.7520979328
121777.9594715235 127114.7520979328
121617.6569889195 127114.7520979328
121457.3545063154 127114.7520979328
121297.0520237114 127114.7520979328
121777.9594715235 127274.8317512612
121617.6569889195 127274.8317512612
121457.3545063154 127274.8317512612
121617.6569889195 127434.9114045895
121457.3545063154 127434.9114045895
121297.0520237114 127434.9114045895
121136.7495411074 127755.0707112463
120816.1445758993 127915.1503645746
120816.1445758993 128235.3096712314
117449.7924412148 131276.8230844702
117610.0949238188 131436.9027377985
117610.0949238188 131596.9823911269
117449.7924412148 131596.9823911269
117289.4899586107 131596.9823911269
117770.3974064228 131757.0620444552
117610.0949238188 131757.0620444552
117449.7924412148 131757.0620444552
117610.0949238188 131917.1416977836
117449.7924412148 131917.1416977836
117289.4899586107 131917.1416977836
117610.0949238188 132077.2213511119
117449.7924412148 132077.2213511119
117449.7924412148 132397.3806577687

120495.5396106913 135438.8940710075
120816.1445758993 135278.8144176791
120816.1445758993 134958.6551110224
123220.6818149597 133357.8585777388
123380.9842975638 133037.6992710821
117449.7924412148 132557.4603110970
117449.7924412148 132237.3010044403
117610.0949238188 132077.2213511119
117289.4899586107 131917.1416977836
117449.7924412148 131917.1416977836
117610.0949238188 131917.1416977836
117449.7924412148 131757.0620444552
117610.0949238188 131757.0620444552
117449.7924412148 131596.9823911269
117610.0949238188 131596.9823911269
117610.0949238188 131436.9027377985
117449.7924412148 131276.8230844702
117610.0949238188 130956.6637778134
120816.1445758993 128235.3096712314
120816.1445758993 127915.1503645746
129953.3860843289 118790.6101248582
129632.7811191208 119110.7694315149
129632.7811191208 119430.9287381716
129632.7811191208 119751.0880448284
129312.1761539127 119911.1676981567
129151.8736713087 120231.3270048134
126266.4289844362 125994.1945246343
122419.1694019396 126634.5131379478
121777.9594715235 126634.5131379478
121938.2619541275 126794.5927912761
121617.6569889195 126954.6724446045
121777.9594715235 127114.7520979328
121617.6569889195 127114.7520979328
121297.0520237114 127114.7520979328
121777.9594715235 127274.8317512612
121617.6569889195 127274.8317512612
121457.3545063154 127434.9114045895
121297.0520237114 127434.9114045895
121136.7495411074 127755.0707112463
120495.5396106913 128395.3893245597

120495.5396106913 135438.8940710075
120816.1445758993 135278.8144176791
120816.1445758993 134958.6551110224
123220.6818149597 133357.8585777388
123380.9842975638 133037.6992710821
117449.7924412148 132557.4603110970
117449.7924412148 132237.3010044403
117610.0949238188 132077.2213511119
117289.4899586107 131917.1416977836
117449.7924412148 131917.1416977836
117610.0949238188 131917.1416977836
117449.7924412148 131757.0620444552
117610.0949238188 131757.0620444552
117449.7924412148 131596.9823911269
117610.0949238188 131596.9823911269
129953.3860843289 118790.6101248582
129632.7811191208 119110.7694315149
129632.7811191208 119430.9287381716
129632.7811191208 119751.0880448284
129312.1761539127 119911.1676981567
129151.8736713087 120231.3270048134
126266.4289844362 125994.1945246343
122419.1694019396 126634.5131379478
121777.9594715235 126634.5131379478
121938.2619541275 126794.5927912761
121617.6569889195 126954.6724446045
121777.9594715235 127114.7520979328
121617.6569889195 127114.7520979328
121297.0520237114 127114.7520979328
121777.9594715235 127274.8317512612
121617.6569889195 127274.8317512612
121457.3545063154 127434.9114045895
121297.0520237114 127434.9114045895
121136.7495411074 127755.0707112463
120816.1445758993 127915.1503645746
120816.1445758993 128235.3096712314
120495.5396106913 128395.3893245597
133480.0407016175 130636.5044711567
117610.0949238188 130956.6637778134
117610.0949238188 131276.8230844702

120816.1445758993 135118.7347643508
117449.7924412148 132397.3806577687
117449.7924412148 132077.2213511119
117610.0949238188 132077.2213511119
121777.9594715235 126634.5131379478
121777.9594715235 126794.5927912761
121457.3545063154 126794.5927912761
121938.2619541275 126954.6724446045
121777.9594715235 126954.6724446045
121617.6569889195 126954.6724446045
121457.3545063154 126954.6724446045
121938.2619541275 127114.7520979328
121777.9594715235 127114.7520979328
121617.6569889195 127114.7520979328
121457.3545063154 127114.7520979328
121297.0520237114 127114.7520979328
121777.9594715235 127274.8317512612
121617.6569889195 127274.8317512612
121457.3545063154 127274.8317512612
121297.0520237114 127274.8317512612
121617.6569889195 127434.9114045895
121457.3545063154 127434.9114045895
121297.0520237114 127434.9114045895
121297.0520237114 127594.9910579179
121136.7495411074 127594.9910579179
117449.7924412148 131276.8230844702
117610.0949238188 131436.9027377985
117449.7924412148 131436.9027377985
117770.3974064228 131596.9823911269
117610.0949238188 131596.9823911269
117449.7924412148 131596.9823911269
117289.4899586107 131596.9823911269
117770.3974064228 131757.0620444552
117610.0949238188 131757.0620444552
117449.7924412148 131757.0620444552
117289.4899586107 131757.0620444552
117770.3974064228 131917.1416977836
117610.0949238188 131917.1416977836
117449.7924412148 131917.1416977836
117289.4899586107 131917.1416977836

120495.5396106913 135438.8940710075
120816.1445758993 135278.8144176791
120816.1445758993 134958.6551110224
116968.8849934027 134478.4161510373
123220.6818149597 133357.8585777388
123380.9842975638 133037.6992710821
117449.7924412148 132557.4603110970
117449.7924412148 132237.3010044403
117610.0949238188 132077.2213511119
117449.7924412148 131917.1416977836
117610.0949238188 131917.1416977836
117610.0949238188 131757.0620444552
117449.7924412148 131596.9823911269
117610.0949238188 131596.9823911269
129953.3860843289 118790.6101248582
129632.7811191208 119110.7694315149
129632.7811191208 119430.9287381716
129632.7811191208 119751.0880448284
129312.1761539127 119911.1676981567
129151.8736713087 120231.3270048134
122419.1694019396 126634.5131379478
121777.9594715235 126634.5131379478
121938.2619541275 126794.5927912761
121938.2619541275 126954.6724446045
121617.6569889195 126954.6724446045
121777.9594715235 127114.7520979328
121617.6569889195 127114.7520979328
121297.0520237114 127114.7520979328
121777.9594715235 127274.8317512612
121617.6569889195 127274.8317512612
121457.3545063154 127274.8317512612
121617.6569889195 127434.9114045895
121457.3545063154 127434.9114045895
121297.0520237114 127434.9114045895
121136.7495411074 127434.9114045895
121136.7495411074 127755.0707112463
120816.1445758993 127915.1503645746
120816.1445758993 128235.3096712314
117449.7924412148 131276.8230844702
117610.0949238188 131436.9027377985

120495.5396106913 135438.8940710075
120816.1445758993 135278.8144176791
120816.1445758993 134958.6551110224
123220.6818149597 133357.8585777388
129953.3860843289 118790.6101248582
129632.7811191208 119110.7694315149
129632.7811191208 119430.9287381716
129632.7811191208 119751.0880448284
129312.1761539127 119911.1676981567
129151.8736713087 120231.3270048134
126266.4289844362 125994.1945246343
122419.1694019396 126634.5131379478
121777.9594715235 126634.5131379478
121938.2619541275 126794.5927912761
121617.6569889195 126954.6724446045
121777.9594715235 127114.7520979328
121617.6569889195 127114.7520979328
121297.0520237114 127114.7520979328
121617.6569889195 127434.9114045895
121297.0520237114 127434.9114045895
120976.4470585034 127594.9910579179
121136.7495411074 127755.0707112463
120816.1445758993 127915.1503645746
120816.1445758993 128235.3096712314
120495.5396106913 128555.4689778881
133480.0407016175 130636.5044711567
133159.4357364094 130956.6637778134
117610.0949238188 130956.6637778134
117610.0949238188 131276.8230844702
117449.7924412148 131276.8230844702
117610.0949238188 131436.9027377985
117610.0949238188 131596.9823911269
117449.7924412148 131596.9823911269
117610.0949238188 131757.0620444552
128029.7562930805 133037.6992710821
117449.7924412148 131917.1416977836
117610.0949238188 132077.2213511119
117449.7924412148 132237.3010044403
117449.7924412148 132557.4603110970
123380.9842975638 133037.6992710821

120495.5396106913 135438.8940710075
120816.1445758993 135278.8144176791
120816.1445758993 134958.6551110224
116648.2800281946 134318.3364977090
116968.8849934027 134158.2568443806
122739.7743671477 133678.0178843956
123220.6818149597 133357.8585777388
123220.6818149597 132877.6196177537
117610.0949238188 132717.5399644254
117449.7924412148 132557.4603110970
123220.6818149597 132557.4603110970
123541.2867801678 132237.3010044403
117449.7924412148 132077.2213511119
132999.1332538054 132077.2213511119
126426.7314670403 125674.0352179776
117289.4899586107 131596.9823911269
117610.0949238188 131596.9823911269
117770.3974064228 131596.9823911269
117610.0949238188 131436.9027377985
117610.0949238188 131276.8230844702
133480.0407016175 130636.5044711567
120495.5396106913 128555.4689778881
120816.1445758993 128235.3096712314
120816.1445758993 127915.1503645746
120976.4470585034 127594.9910579179
121297.0520237114 127434.9114045895
121617.6569889195 127434.9114045895
121297.0520237114 127114.7520979328
121777.9594715235 127114.7520979328
121617.6569889195 126954.6724446045
121938.2619541275 126794.5927912761
129953.3860843289 118790.6101248582
129632.7811191208 119110.7694315149
129632.7811191208 119430.9287381716
129632.7811191208 119751.0880448284
129312.1761539127 119911.1676981567
129151.8736713087 120231.3270048134
126266.4289844362 125994.1945246343
122419.1694019396 126634.5131379478
121777.9594715235 126634.5131379478

120495.5396106913 135438.8940710075
120816.1445758993 135278.8144176791
120816.1445758993 134958.6551110224
123220.6818149597 133357.8585777388
129953.3860843289 118790.6101248582
129632.7811191208 119110.7694315149
129632.7811191208 119430.9287381716
129632.7811191208 119751.0880448284
129312.1761539127 119911.1676981567
129151.8736713087 120231.3270048134
126266.4289844362 125994.1945246343
122419.1694019396 126634.5131379478
121777.9594715235 126634.5131379478
121938.2619541275 126794.5927912761
121617.6569889195 126954.6724446045
121777.9594715235 127114.7520979328
121617.6569889195 127114.7520979328
121297.0520237114 127114.7520979328
121617.6569889195 127434.9114045895
121297.0520237114 127434.9114045895
120976.4470585034 127594.9910579179
121136.7495411074 127755.0707112463
120816.1445758993 127915.1503645746
120816.1445758993 128235.3096712314
120495.5396106913 128555.4689778881
133480.0407016175 130636.5044711567
133159.4357364094 130956.6637778134
117610.0949238188 130956.6637778134
132518.2258059933 131116.7434311418
117449.7924412148 131276.8230844702
117610.0949238188 131436.9027377985
117610.0949238188 131596.9823911269
117449.7924412148 131596.9823911269
117610.0949238188 131757.0620444552
117610.0949238188 131917.1416977836
117449.7924412148 131917.1416977836
117610.0949238188 132077.2213511119
117449.7924412148 132237.3010044403
117449.7924412148 132557.4603110970
123380.9842975638 133037.6992710821

120495.5396106913 135438.8940710075
120816.1445758993 135278.8144176791
120816.1445758993 134958.6551110224
123220.6818149597 133357.8585777388
129953.3860843289 118790.6101248582
129632.7811191208 119110.7694315149
129632.7811191208 119430.9287381716
129632.7811191208 119751.0880448284
129312.1761539127 119911.1676981567
129151.8736713087 120231.3270048134
126266.4289844362 125994.1945246343
122419.1694019396 126634.5131379478
121777.9594715235 126634.5131379478
121938.2619541275 126794.5927912761
121617.6569889195 126954.6724446045
121777.9594715235 127114.7520979328
125945.8240192282 126314.3538312911
121297.0520237114 127114.7520979328
121617.6569889195 127434.9114045895
121297.0520237114 127434.9114045895
120976.4470585034 127594.9910579179
121136.7495411074 127755.0707112463
120816.1445758993 127915.1503645746
120816.1445758993 128235.3096712314
120495.5396106913 128555.4689778881
133480.0407016175 130636.5044711567
133159.4357364094 130956.6637778134
117610.0949238188 130956.6637778134
117610.0949238188 131276.8230844702
117449.7924412148 131276.8230844702
117610.0949238188 131436.9027377985
117610.0949238188 131596.9823911269
117449.7924412148 131596.9823911269
117610.0949238188 131757.0620444552
117610.0949238188 131917.1416977836
117449.7924412148 131917.1416977836
117610.0949238188 132077.2213511119
117449.7924412148 132237.3010044403
117449.7924412148 132557.4603110970
123380.9842975638 133037.6992710821

120495.5396106913 135438.8940710075
120816.1445758993 135278.8144176791
120816.1445758993 134958.6551110224
123220.6818149597 133357.8585777388
123380.9842975638 133037.6992710821
117449.7924412148 132557.4603110970
117449.7924412148 132237.3010044403
117610.0949238188 132077.2213511119
117449.7924412148 131917.1416977836
117610.0949238188 131917.1416977836
117610.0949238188 131757.0620444552
117449.7924412148 131596.9823911269
117610.0949238188 131596.9823911269
117610.0949238188 131436.9027377985
117449.7924412148 131276.8230844702
117610.0949238188 131276.8230844702
129953.3860843289 118790.6101248582
129632.7811191208 119110.7694315149
129632.7811191208 119430.9287381716
129632.7811191208 119751.0880448284
129312.1761539127 119911.1676981567
129151.8736713087 120231.3270048134
122419.1694019396 126634.5131379478
121777.9594715235 126634.5131379478
121938.2619541275 126794.5927912761
121938.2619541275 126954.6724446045
121617.6569889195 126954.6724446045
121777.9594715235 127114.7520979328
121617.6569889195 127114.7520979328
121297.0520237114 127114.7520979328
121777.9594715235 127274.8317512612
121617.6569889195 127274.8317512612
121457.3545063154 127274.8317512612
121617.6569889195 127434.9114045895
121457.3545063154 127434.9114045895
121297.0520237114 127434.9114045895
121136.7495411074 127434.9114045895
121136.7495411074 127755.0707112463
120816.1445758993 127915.1503645746
120816.1445758993 128235.3096712314

120495.5396106913 135438.8940710075
120816.1445758993 135278.8144176791
120816.1445758993 134958.6551110224
123220.6818149597 133357.8585777388
123380.9842975638 133037.6992710821
117449.7924412148 132557.4603110970
117449.7924412148 132237.3010044403
117610.0949238188 132077.2213511119
117449.7924412148 131917.1416977836
117610.0949238188 131917.1416977836
117610.0949238188 131757.0620444552
117449.7924412148 131596.9823911269
117610.0949238188 131596.9823911269
117610.0949238188 131436.9027377985
117449.7924412148 131276.8230844702
117610.0949238188 131276.8230844702
117610.0949238188 130956.6637778134
133159.4357364094 130956.6637778134
133480.0407016175 130636.5044711567
120495.5396106913 128555.4689778881
120816.1445758993 128235.3096712314
120816.1445758993 127915.1503645746
121136.7495411074 127755.0707112463
120976.4470585034 127594.9910579179
121297.0520237114 127434.9114045895
121617.6569889195 127434.9114045895
121297.0520237114 127114.7520979328
121617.6569889195 127114.7520979328
121777.9594715235 127114.7520979328
121617.6569889195 126954.6724446045
121938.2619541275 126794.5927912761
129953.3860843289 118790.6101248582
129632.7811191208 119110.7694315149
129632.7811191208 119430.9287381716
129632.7811191208 119751.0880448284
129312.1761539127 119911.1676981567
129151.8736713087 120231.3270048134
122419.1694019396 126634.5131379478
121777.9594715235 126634.5131379478
121938.2619541275 126954.6724446045

120495.5396106913 135438.8940710075
120816.1445758993 135278.8144176791
120816.1445758993 134958.6551110224
123220.6818149597 133357.8585777388
123380.9842975638 133037.6992710821
117449.7924412148 132557.4603110970
123220.6818149597 132557.4603110970
117129.1874760067 132397.3806577687
117449.7924412148 132077.2213511119
117289.4899586107 131596.9823911269
117610.0949238188 131596.9823911269
117449.7924412148 131276.8230844702
117610.0949238188 131276.8230844702
133319.7382190134 131116.7434311418
117610.0949238188 130956.6637778134
133480.0407016175 130636.5044711567
129953.3860843289 118790.6101248582
129632.7811191208 119110.7694315149
129632.7811191208 119430.9287381716
129632.7811191208 119751.0880448284
129312.1761539127 119911.1676981567
129151.8736713087 120231.3270048134
128991.5711887047 120551.4863114702
128670.9662234966 120711.5659647985
127067.9413974564 121191.8049247836
128670.9662234966 122632.5218047388
127869.4538104765 122632.5218047388
128029.7562930805 123112.7607647239
128350.3612582886 123592.9997247090
126426.7314670403 123592.9997247090
124663.4041583960 123592.9997247090
126106.1265018322 124073.2386846940
129472.4786365168 124553.4776446791
125785.5215366242 125033.7166046642
126266.4289844362 125674.0352179776
122419.1694019396 126634.5131379478
121777.9594715235 126634.5131379478
123701.5892627718 126794.5927912761
122419.1694019396 127434.9114045895
119373.4222324631 128395.3893245597

120495.5396106913 135438.8940710075
120816.1445758993 135278.8144176791
120816.1445758993 134958.6551110224
123220.6818149597 133357.8585777388
123380.9842975638 133037.6992710821
117449.7924412148 132557.4603110970
117449.7924412148 132237.3010044403
117610.0949238188 132077.2213511119
117449.7924412148 131917.1416977836
117610.0949238188 131917.1416977836
117610.0949238188 131757.0620444552
117449.7924412148 131596.9823911269
117610.0949238188 131596.9823911269
117610.0949238188 131436.9027377985
117449.7924412148 131276.8230844702
117610.0949238188 131276.8230844702
117610.0949238188 130956.6637778134
133159.4357364094 130956.6637778134
129953.3860843289 118790.6101248582
129632.7811191208 119110.7694315149
129632.7811191208 119430.9287381716
129632.7811191208 119751.0880448284
129312.1761539127 119911.1676981567
129151.8736713087 120231.3270048134
122419.1694019396 126634.5131379478
121777.9594715235 126634.5131379478
121938.2619541275 126954.6724446045
121777.9594715235 126954.6724446045
121617.6569889195 126954.6724446045
121777.9594715235 127114.7520979328
121617.6569889195 127114.7520979328
121297.0520237114 127114.7520979328
121777.9594715235 127274.8317512612
121617.6569889195 127274.8317512612
121617.6569889195 127434.9114045895
121457.3545063154 127434.9114045895
121297.0520237114 127434.9114045895
121136.7495411074 127755.0707112463
120816.1445758993 127915.1503645746
120816.1445758993 128235.3096712314

120495.5396106913 135438.8940710075
120816.1445758993 135278.8144176791
120816.1445758993 134958.6551110224
117289.4899586107 132717.5399644254
117449.7924412148 132397.3806577687
117289.4899586107 132237.3010044403
117610.0949238188 132077.2213511119
117289.4899586107 131917.1416977836
117449.7924412148 131917.1416977836
117610.0949238188 131917.1416977836
117449.7924412148 131757.0620444552
117610.0949238188 131757.0620444552
117770.3974064228 131757.0620444552
117289.4899586107 131596.9823911269
117449.7924412148 131596.9823911269
117610.0949238188 131596.9823911269
117610.0949238188 131436.9027377985
117449.7924412148 131276.8230844702
120816.1445758993 128235.3096712314
129953.3860843289 118790.6101248582
129632.7811191208 119110.7694315149
129632.7811191208 119430.9287381716
129632.7811191208 119751.0880448284
129312.1761539127 119911.1676981567
122419.1694019396 126634.5131379478
121777.9594715235 126634.5131379478
121938.2619541275 126954.6724446045
121777.9594715235 126954.6724446045
121617.6569889195 126954.6724446045
121777.9594715235 127114.7520979328
121617.6569889195 127114.7520979328
121297.0520237114 127114.7520979328
121777.9594715235 127274.8317512612
121617.6569889195 127274.8317512612
121457.3545063154 127274.8317512612
121617.6569889195 127434.9114045895
121457.3545063154 127434.9114045895
121297.0520237114 127434.9114045895
121136.7495411074 127755.0707112463
120816.1445758993 127915.1503645746

120495.5396106913 135438.8940710075
120816.1445758993 135278.8144176791
120816.1445758993 134958.6551110224
116648.2800281946 134318.3364977090
116968.8849934027 134158.2568443806
122739.7743671477 133678.0178843956
123220.6818149597 133357.8585777388
123220.6818149597 132877.6196177537
117610.0949238188 132717.5399644254
117449.7924412148 132557.4603110970
123220.6818149597 132557.4603110970
123541.2867801678 132237.3010044403
117449.7924412148 132077.2213511119
132999.1332538054 132077.2213511119
116968.8849934027 131917.1416977836
117289.4899586107 131596.9823911269
117610.0949238188 131596.9823911269
117770.3974064228 131596.9823911269
117610.0949238188 131436.9027377985
117610.0949238188 131276.8230844702
133480.0407016175 130636.5044711567
120495.5396106913 128555.4689778881
120816.1445758993 128235.3096712314
129953.3860843289 118790.6101248582
129632.7811191208 119110.7694315149
129632.7811191208 119430.9287381716
129632.7811191208 119751.0880448284
129312.1761539127 119911.1676981567
129151.8736713087 120231.3270048134
126266.4289844362 125994.1945246343
122419.1694019396 126634.5131379478
128510.6637408926 120711.5659647985
121938.2619541275 126794.5927912761
121617.6569889195 126954.6724446045
121777.9594715235 127114.7520979328
121297.0520237114 127114.7520979328
121617.6569889195 127434.9114045895
121297.0520237114 127434.9114045895
120976.4470585034 127594.9910579179
120816.1445758993 127915.1503645746

120495.5396106913 135438.8940710075
120816.1445758993 135278.8144176791
120816.1445758993 134958.6551110224
117289.4899586107 132717.5399644254
117449.7924412148 132397.3806577687
129953.3860843289 118790.6101248582
129632.7811191208 119110.7694315149
129632.7811191208 119430.9287381716
129632.7811191208 119751.0880448284
129312.1761539127 119911.1676981567
122419.1694019396 126634.5131379478
121777.9594715235 126634.5131379478
121938.2619541275 126954.6724446045
121777.9594715235 126954.6724446045
121617.6569889195 126954.6724446045
121777.9594715235 127114.7520979328
121617.6569889195 127114.7520979328
121297.0520237114 127114.7520979328
121777.9594715235 127274.8317512612
121617.6569889195 127274.8317512612
121457.3545063154 127274.8317512612
121617.6569889195 127434.9114045895
121457.3545063154 127434.9114045895
121297.0520237114 127434.9114045895
121136.7495411074 127755.0707112463
120816.1445758993 127915.1503645746
120816.1445758993 128235.3096712314
117449.7924412148 131276.8230844702
117610.0949238188 131436.9027377985
117610.0949238188 131596.9823911269
117449.7924412148 131596.9823911269
117289.4899586107 131596.9823911269
117770.3974064228 131757.0620444552
117610.0949238188 131757.0620444552
117449.7924412148 131757.0620444552
117610.0949238188 131917.1416977836
117449.7924412148 131917.1416977836
117289.4899586107 131917.1416977836
117610.0949238188 132077.2213511119
117449.7924412148 132077.2213511119

120495.5396106913 135438.8940710075
133319.7382190134 118470.4508182015
129953.3860843289 118790.6101248582
132838.8307712013 118950.6897781866
129632.7811191208 119110.7694315149
129632.7811191208 119430.9287381716
132999.1332538054 119751.0880448284
129632.7811191208 119751.0880448284
129312.1761539127 119911.1676981567
129793.0836017248 120551.4863114702
128991.5711887047 120551.4863114702
127388.5463626644 121031.7252714552
128190.0587756846 122152.2828447537
127869.4538104765 122632.5218047388
128350.3612582886 123592.9997247090
126106.1265018322 124073.2386846940
130113.6885669329 125353.8759113209
126587.0339496443 125513.9555646493
129793.0836017248 125674.0352179776
127388.5463626644 125674.0352179776
126266.4289844362 125674.0352179776
122579.4718845436 126154.2741779627
122258.8669193356 126314.3538312911
126266.4289844362 126794.5927912761
125945.8240192282 126954.6724446045
120976.4470585034 127434.9114045895
119373.4222324631 128395.3893245597
120335.2371280872 128555.4689778881
128350.3612582886 128715.5486312164
125304.6140888121 128715.5486312164
123541.2867801678 129355.8672445299
122900.0768497517 129515.9468978582
121457.3545063154 129996.1858578433
119052.8172672550 130476.4248178283
121777.9594715235 130956.6637778134
117129.1874760067 131276.8230844702
123060.3793323557 132397.3806577687
117449.7924412148 132557.4603110970
131396.1084277651 132877.6196177537
120816.1445758993 133838.0975377239

124663.4041583960 134638.4958043657
120816.1445758993 133838.0975377239
131396.1084277651 132877.6196177537
117449.7924412148 132557.4603110970
123060.3793323557 132397.3806577687
117129.1874760067 131276.8230844702
121777.9594715235 130956.6637778134
119052.8172672550 130636.5044711567
128670.9662234966 132717.5399644254
122900.0768497517 129515.9468978582
123541.2867801678 129355.8672445299
125304.6140888121 128715.5486312164
128350.3612582886 128715.5486312164
120335.2371280872 128555.4689778881
119373.4222324631 128395.3893245597
120976.4470585034 127434.9114045895
125945.8240192282 126954.6724446045
126266.4289844362 126794.5927912761
122258.8669193356 126314.3538312911
122579.4718845436 126154.2741779627
126266.4289844362 125674.0352179776
127388.5463626644 125674.0352179776
129793.0836017248 125674.0352179776
126587.0339496443 125513.9555646493
130113.6885669329 125353.8759113209
126106.1265018322 124073.2386846940
128350.3612582886 123592.9997247090
127869.4538104765 122632.5218047388
128190.0587756846 122152.2828447537
127388.5463626644 121031.7252714552
128991.5711887047 120551.4863114702
129793.0836017248 120551.4863114702
129312.1761539127 119911.1676981567
129632.7811191208 119751.0880448284
132999.1332538054 119751.0880448284
129632.7811191208 119430.9287381716
129632.7811191208 119110.7694315149
132838.8307712013 118950.6897781866
129953.3860843289 118790.6101248582
133319.7382190134 118470.4508182015

120495.5396106913 135438.8940710075
120816.1445758993 135278.8144176791
120816.1445758993 134958.6551110224
133319.7382190134 118470.4508182015
129953.3860843289 118790.6101248582
132838.8307712013 118950.6897781866
129632.7811191208 119110.7694315149
129632.7811191208 119430.9287381716
132999.1332538054 119751.0880448284
129632.7811191208 119751.0880448284
129312.1761539127 119911.1676981567
129793.0836017248 120551.4863114702
128991.5711887047 120551.4863114702
127388.5463626644 121031.7252714552
128190.0587756846 122152.2828447537
127869.4538104765 122632.5218047388
128350.3612582886 123592.9997247090
126106.1265018322 124073.2386846940
130113.6885669329 125353.8759113209
126587.0339496443 125513.9555646493
129793.0836017248 125674.0352179776
127388.5463626644 125674.0352179776
126266.4289844362 125674.0352179776
122579.4718845436 126154.2741779627
122258.8669193356 126314.3538312911
126266.4289844362 126794.5927912761
125945.8240192282 126954.6724446045
120976.4470585034 127434.9114045895
119373.4222324631 128395.3893245597
120335.2371280872 128555.4689778881
128350.3612582886 128715.5486312164
125304.6140888121 128715.5486312164
123541.2867801678 129355.8672445299
122900.0768497517 129515.9468978582
121457.3545063154 129996.1858578433
119052.8172672550 130636.5044711567
117129.1874760067 131276.8230844702
123060.3793323557 132397.3806577687
117449.7924412148 132557.4603110970
131396.1084277651 132877.6196177537

118251.3048542349 134638.4958043657
124663.4041583960 134638.4958043657
120816.1445758993 133838.0975377239
131396.1084277651 132877.6196177537
117449.7924412148 132557.4603110970
123060.3793323557 132397.3806577687
117129.1874760067 131276.8230844702
119052.8172672550 130636.5044711567
121457.3545063154 129996.1858578433
122900.0768497517 129515.9468978582
123541.2867801678 129355.8672445299
125304.6140888121 128715.5486312164
128350.3612582886 128715.5486312164
120335.2371280872 128555.4689778881
119373.4222324631 128395.3893245597
120976.4470585034 127434.9114045895
125945.8240192282 126954.6724446045
126266.4289844362 126794.5927912761
122258.8669193356 126314.3538312911
122579.4718845436 126154.2741779627
126266.4289844362 125674.0352179776
127388.5463626644 125674.0352179776
129793.0836017248 125674.0352179776
126587.0339496443 125513.9555646493
130113.6885669329 125353.8759113209
126106.1265018322 124073.2386846940
128350.3612582886 123592.9997247090
127869.4538104765 122632.5218047388
128190.0587756846 122152.2828447537
127388.5463626644 121031.7252714552
128991.5711887047 120551.4863114702
129793.0836017248 120551.4863114702
132999.1332538054 119751.0880448284
129632.7811191208 119110.7694315149
132838.8307712013 118950.6897781866
133319.7382190134 118470.4508182015
129953.3860843289 118790.6101248582
129632.7811191208 119430.9287381716
129632.7811191208 119751.0880448284
129312.1761539127 119911.1676981567

120495.5396106913 135438.8940710075
120816.1445758993 135278.8144176791
120816.1445758993 134958.6551110224
116648.2800281946 134318.3364977090
116968.8849934027 134158.2568443806
122739.7743671477 133678.0178843956
123220.6818149597 133357.8585777388
123220.6818149597 132877.6196177537
117449.7924412148 132557.4603110970
123220.6818149597 132557.4603110970
117449.7924412148 132077.2213511119
123220.6818149597 132077.2213511119
126907.6389148524 132717.5399644254
117289.4899586107 131596.9823911269
117449.7924412148 131596.9823911269
132357.9233233893 131596.9823911269
117610.0949238188 131276.8230844702
117610.0949238188 130956.6637778134
133480.0407016175 130636.5044711567
120495.5396106913 128555.4689778881
120816.1445758993 128235.3096712314
120816.1445758993 127915.1503645746
120976.4470585034 127594.9910579179
121297.0520237114 127434.9114045895
121617.6569889195 127434.9114045895
121297.0520237114 127114.7520979328
121777.9594715235 127114.7520979328
121617.6569889195 126954.6724446045
121777.9594715235 126954.6724446045
121938.2619541275 126954.6724446045
121938.2619541275 126794.5927912761
121777.9594715235 126634.5131379478
122419.1694019396 126634.5131379478
126266.4289844362 125994.1945246343
129953.3860843289 118790.6101248582
129632.7811191208 119110.7694315149
129632.7811191208 119430.9287381716
129632.7811191208 119751.0880448284
129312.1761539127 119911.1676981567
128991.5711887047 120391.4066581418

120495.5396106913 135438.8940710075
120816.1445758993 135278.8144176791
120816.1445758993 134958.6551110224
116648.2800281946 134318.3364977090
116968.8849934027 134158.2568443806
122739.7743671477 133678.0178843956
123220.6818149597 133357.8585777388
123220.6818149597 132877.6196177537
117449.7924412148 132557.4603110970
123220.6818149597 132557.4603110970
117449.7924412148 132077.2213511119
123220.6818149597 132077.2213511119
116968.8849934027 131917.1416977836
117289.4899586107 131596.9823911269
117449.7924412148 131596.9823911269
132357.9233233893 131596.9823911269
117610.0949238188 131276.8230844702
117610.0949238188 130956.6637778134
133480.0407016175 130636.5044711567
120495.5396106913 128555.4689778881
120816.1445758993 128235.3096712314
120816.1445758993 127915.1503645746
120976.4470585034 127594.9910579179
121297.0520237114 127434.9114045895
121617.6569889195 127434.9114045895
121297.0520237114 127114.7520979328
121777.9594715235 127114.7520979328
120495.5396106913 129195.7875912015
121777.9594715235 126954.6724446045
121938.2619541275 126954.6724446045
121938.2619541275 126794.5927912761
121777.9594715235 126634.5131379478
122419.1694019396 126634.5131379478
129953.3860843289 118790.6101248582
129632.7811191208 119110.7694315149
129632.7811191208 119430.9287381716
129632.7811191208 119751.0880448284
129312.1761539127 119911.1676981567
128991.5711887047 120391.4066581418
126266.4289844362 125994.1945246343

120495.5396106913 135438.8940710075
120816.1445758993 135278.8144176791
120816.1445758993 134958.6551110224
116648.2800281946 134318.3364977090
116968.8849934027 134158.2568443806
122739.7743671477 133678.0178843956
123220.6818149597 133357.8585777388
123220.6818149597 132877.6196177537
117449.7924412148 132557.4603110970
123220.6818149597 132557.4603110970
117449.7924412148 132077.2213511119
123220.6818149597 132077.2213511119
116968.8849934027 131917.1416977836
117289.4899586107 131596.9823911269
117449.7924412148 131596.9823911269
132357.9233233893 131596.9823911269
117610.0949238188 131276.8230844702
117610.0949238188 130956.6637778134
133480.0407016175 130636.5044711567
120495.5396106913 128555.4689778881
129953.3860843289 118790.6101248582
129632.7811191208 119110.7694315149
129632.7811191208 119430.9287381716
129632.7811191208 119751.0880448284
129312.1761539127 119911.1676981567
128991.5711887047 120391.4066581418
126266.4289844362 125994.1945246343
122419.1694019396 126634.5131379478
121777.9594715235 126634.5131379478
121938.2619541275 126794.5927912761
121617.6569889195 126954.6724446045
121777.9594715235 127114.7520979328
121297.0520237114 127114.7520979328
121617.6569889195 127434.9114045895
121297.0520237114 127434.9114045895
120976.4470585034 127594.9910579179
120816.1445758993 127915.1503645746
120816.1445758993 128235.3096712314
132518.2258059933 130796.5841244851
117449.7924412148 131276.8230844702

120495.5396106913 135438.8940710075
120816.1445758993 135278.8144176791
120816.1445758993 134958.6551110224
123220.6818149597 133357.8585777388
117449.7924412148 132557.4603110970
117449.7924412148 132237.3010044403
133640.3431842215 116229.3356716045
132838.8307712013 116389.4153249328
133159.4357364094 118310.3711648731
131396.1084277651 118790.6101248582
132838.8307712013 119110.7694315149
129632.7811191208 119110.7694315149
129793.0836017248 119591.0083915000
129793.0836017248 119911.1676981567
128991.5711887047 120231.3270048134
128510.6637408926 120871.6456181269
130915.2009799530 123272.8404180522
130434.2935321409 123592.9997247090
128350.3612582886 123592.9997247090
124182.4967105839 124233.3183380224
130113.6885669329 125353.8759113209
129472.4786365168 125994.1945246343
125945.8240192282 125994.1945246343
121136.7495411074 126314.3538312911
129632.7811191208 126474.4334846194
126266.4289844362 126794.5927912761
125945.8240192282 126954.6724446045
119373.4222324631 128395.3893245597
120495.5396106913 128555.4689778881
128350.3612582886 128715.5486312164
121777.9594715235 128715.5486312164
118091.0023716309 130316.3451645000
126747.3364322483 130636.5044711567
129151.8736713087 130796.5841244851
134121.2506320336 130956.6637778134
117610.0949238188 130956.6637778134
133480.0407016175 131116.7434311418
117129.1874760067 131276.8230844702
116648.2800281946 131436.9027377985
133159.4357364094 131917.1416977836

120495.5396106913 135438.8940710075
120816.1445758993 135278.8144176791
120816.1445758993 134958.6551110224
116648.2800281946 134318.3364977090
116968.8849934027 134158.2568443806
123220.6818149597 133357.8585777388
123220.6818149597 132877.6196177537
117449.7924412148 132557.4603110970
123220.6818149597 132557.4603110970
117449.7924412148 132077.2213511119
123220.6818149597 132077.2213511119
117289.4899586107 131596.9823911269
117449.7924412148 131596.9823911269
117610.0949238188 131596.9823911269
117449.7924412148 131276.8230844702
117610.0949238188 131276.8230844702
117610.0949238188 130956.6637778134
132838.8307712013 116389.4153249328
133159.4357364094 118310.3711648731
131396.1084277651 118790.6101248582
129953.3860843289 118790.6101248582
132838.8307712013 119110.7694315149
129632.7811191208 119110.7694315149
129793.0836017248 119591.0083915000
129793.0836017248 119911.1676981567
128991.5711887047 120231.3270048134
128510.6637408926 120871.6456181269
130915.2009799530 123272.8404180522
130434.2935321409 123592.9997247090
128350.3612582886 123592.9997247090
124182.4967105839 124233.3183380224
130113.6885669329 125353.8759113209
129472.4786365168 125994.1945246343
125945.8240192282 125994.1945246343
121136.7495411074 126314.3538312911
129632.7811191208 126474.4334846194
126266.4289844362 126794.5927912761
125945.8240192282 126954.6724446045
119373.4222324631 128395.3893245597
120495.5396106913 128555.4689778881

120495.5396106913 135438.8940710075
120816.1445758993 135278.8144176791
120816.1445758993 134958.6551110224
116648.2800281946 134318.3364977090
116968.8849934027 134158.2568443806
123220.6818149597 133357.8585777388
122739.7743671477 133197.7789244105
123220.6818149597 132877.6196177537
117449.7924412148 132557.4603110970
123220.6818149597 132557.4603110970
117449.7924412148 132077.2213511119
123220.6818149597 132077.2213511119
117289.4899586107 131596.9823911269
117610.0949238188 131596.9823911269
117449.7924412148 131276.8230844702
117610.0949238188 131276.8230844702
117610.0949238188 130956.6637778134
132838.8307712013 116389.4153249328
133159.4357364094 118310.3711648731
131396.1084277651 118790.6101248582
129953.3860843289 118790.6101248582
132838.8307712013 119110.7694315149
129632.7811191208 119110.7694315149
129793.0836017248 119591.0083915000
129793.0836017248 119911.1676981567
128991.5711887047 120231.3270048134
128510.6637408926 120871.6456181269
130915.2009799530 123272.8404180522
130434.2935321409 123592.9997247090
128350.3612582886 123592.9997247090
124182.4967105839 124233.3183380224
130113.6885669329 125353.8759113209
129472.4786365168 125994.1945246343
125945.8240192282 125994.1945246343
121136.7495411074 126314.3538312911
129632.7811191208 126474.4334846194
126266.4289844362 126794.5927912761
125945.8240192282 126954.6724446045
119373.4222324631 128395.3893245597
120495.5396106913 128555.4689778881

120495.5396106913 135438.8940710075
133159.4357364094 131917.1416977836
120816.1445758993 134958.6551110224
132838.8307712013 116389.4153249328
133159.4357364094 118310.3711648731
131396.1084277651 118790.6101248582
129953.3860843289 118790.6101248582
132838.8307712013 119110.7694315149
129632.7811191208 119110.7694315149
129793.0836017248 119591.0083915000
129793.0836017248 119911.1676981567
128991.5711887047 120231.3270048134
128510.6637408926 120871.6456181269
130915.2009799530 123272.8404180522
130434.2935321409 123592.9997247090
128350.3612582886 123592.9997247090
130434.2935321409 124073.2386846940
124182.4967105839 124233.3183380224
130113.6885669329 125353.8759113209
129472.4786365168 125994.1945246343
125945.8240192282 125994.1945246343
121136.7495411074 126314.3538312911
129632.7811191208 126474.4334846194
126266.4289844362 126794.5927912761
125945.8240192282 126954.6724446045
119373.4222324631 128395.3893245597
120495.5396106913 128555.4689778881
128350.3612582886 128715.5486312164
121777.9594715235 128715.5486312164
118091.0023716309 130316.3451645000
126747.3364322483 130636.5044711567
129151.8736713087 130796.5841244851
134121.2506320336 130956.6637778134
117610.0949238188 130956.6637778134
133480.0407016175 131116.7434311418
117129.1874760067 131276.8230844702
116648.2800281946 131436.9027377985
116968.8849934027 132237.3010044403
124022.1942279799 132397.3806577687
131235.8059451611 132717.5399644254

120495.5396106913 135438.8940710075
120816.1445758993 135278.8144176791
120816.1445758993 134958.6551110224
132838.8307712013 116389.4153249328
133159.4357364094 118310.3711648731
131396.1084277651 118790.6101248582
129953.3860843289 118790.6101248582
132838.8307712013 119110.7694315149
129632.7811191208 119110.7694315149
129793.0836017248 119591.0083915000
129793.0836017248 119911.1676981567
128991.5711887047 120231.3270048134
128510.6637408926 120871.6456181269
130434.2935321409 123592.9997247090
128350.3612582886 123592.9997247090
124182.4967105839 124233.3183380224
130113.6885669329 125353.8759113209
129472.4786365168 125994.1945246343
125945.8240192282 125994.1945246343
121136.7495411074 126314.3538312911
129632.7811191208 126474.4334846194
126266.4289844362 126794.5927912761
125945.8240192282 126954.6724446045
119373.4222324631 128395.3893245597
120495.5396106913 128555.4689778881
128350.3612582886 128715.5486312164
121777.9594715235 128715.5486312164
118091.0023716309 130316.3451645000
130915.2009799530 123272.8404180522
126747.3364322483 130636.5044711567
129151.8736713087 130796.5841244851
134121.2506320336 130956.6637778134
117610.0949238188 130956.6637778134
133480.0407016175 131116.7434311418
117129.1874760067 131276.8230844702
116648.2800281946 131436.9027377985
116968.8849934027 132237.3010044403
124022.1942279799 132397.3806577687
130434.2935321409 124073.2386846940
131235.8059451611 132717.5399644254

120495.5396106913 135438.8940710075
120816.1445758993 135278.8144176791
120816.1445758993 134958.6551110224
116968.8849934027 134158.2568443806
132838.8307712013 116389.4153249328
131235.8059451611 118150.2915115448
130594.5960147450 118630.5304715299
131396.1084277651 118790.6101248582
129953.3860843289 118790.6101248582
129632.7811191208 119110.7694315149
129793.0836017248 119591.0083915000
128991.5711887047 119751.0880448284
129793.0836017248 119911.1676981567
128991.5711887047 120231.3270048134
129793.0836017248 122472.4421514104
125144.3116062081 128075.2300179030
130113.6885669329 125353.8759113209
126747.3364322483 125674.0352179776
125945.8240192282 125994.1945246343
121136.7495411074 126314.3538312911
129632.7811191208 126474.4334846194
126266.4289844362 126794.5927912761
125945.8240192282 126954.6724446045
120816.1445758993 127915.1503645746
119373.4222324631 128395.3893245597
120495.5396106913 128555.4689778881
128350.3612582886 128715.5486312164
129632.7811191208 130156.2655111716
117289.4899586107 130156.2655111716
129151.8736713087 130476.4248178283
129151.8736713087 130796.5841244851
134121.2506320336 130956.6637778134
117610.0949238188 130956.6637778134
133480.0407016175 131116.7434311418
117129.1874760067 131276.8230844702
117449.7924412148 131757.0620444552
116968.8849934027 132237.3010044403
124022.1942279799 132397.3806577687
123701.5892627718 132557.4603110970
131235.8059451611 132717.5399644254

120495.5396106913 135438.8940710075
120816.1445758993 135278.8144176791
120816.1445758993 134958.6551110224
116968.8849934027 134158.2568443806
132838.8307712013 116389.4153249328
131235.8059451611 118150.2915115448
130594.5960147450 118630.5304715299
131396.1084277651 118790.6101248582
129953.3860843289 118790.6101248582
129632.7811191208 119110.7694315149
129793.0836017248 119591.0083915000
128991.5711887047 119751.0880448284
129793.0836017248 119911.1676981567
128991.5711887047 120231.3270048134
129793.0836017248 122472.4421514104
128350.3612582886 123592.9997247090
130113.6885669329 125353.8759113209
126747.3364322483 125674.0352179776
125945.8240192282 125994.1945246343
121136.7495411074 126314.3538312911
129632.7811191208 126474.4334846194
126266.4289844362 126794.5927912761
125945.8240192282 126954.6724446045
120816.1445758993 127915.1503645746
119373.4222324631 128395.3893245597
120495.5396106913 128555.4689778881
128350.3612582886 128715.5486312164
129632.7811191208 130156.2655111716
117289.4899586107 130156.2655111716
129151.8736713087 130476.4248178283
129151.8736713087 130796.5841244851
134121.2506320336 130956.6637778134
117610.0949238188 130956.6637778134
133480.0407016175 131116.7434311418
117129.1874760067 131276.8230844702
117449.7924412148 131757.0620444552
116968.8849934027 132237.3010044403
124022.1942279799 132397.3806577687
123701.5892627718 132557.4603110970
131235.8059451611 132717.5399644254

120495.5396106913 135438.8940710075
120816.1445758993 135278.8144176791
120976.4470585034 135118.7347643508
120816.1445758993 134798.5754576940
121136.7495411074 134478.4161510373
122739.7743671477 133197.7789244105
117610.0949238188 133037.6992710821
132838.8307712013 116389.4153249328
130594.5960147450 118630.5304715299
131396.1084277651 118790.6101248582
129953.3860843289 118790.6101248582
129632.7811191208 119110.7694315149
129793.0836017248 119591.0083915000
128991.5711887047 119751.0880448284
129793.0836017248 119911.1676981567
128991.5711887047 120231.3270048134
129793.0836017248 122472.4421514104
131396.1084277651 122792.6014580672
128350.3612582886 123592.9997247090
130113.6885669329 125353.8759113209
126747.3364322483 125674.0352179776
125945.8240192282 125994.1945246343
121136.7495411074 126314.3538312911
129632.7811191208 126474.4334846194
125945.8240192282 126954.6724446045
121297.0520237114 128235.3096712314
120495.5396106913 128555.4689778881
128350.3612582886 128715.5486312164
129632.7811191208 130156.2655111716
117289.4899586107 130156.2655111716
131556.4109103691 130476.4248178283
129151.8736713087 130476.4248178283
129151.8736713087 130796.5841244851
134121.2506320336 130956.6637778134
117610.0949238188 130956.6637778134
133480.0407016175 131116.7434311418
117129.1874760067 131276.8230844702
117449.7924412148 131757.0620444552
116968.8849934027 132237.3010044403
124022.1942279799 132397.3806577687

120495.5396106913 135438.8940710075
120816.1445758993 135278.8144176791
120816.1445758993 134958.6551110224
116968.8849934027 134158.2568443806
130915.2009799530 133037.6992710821
131235.8059451611 132717.5399644254
123701.5892627718 132557.4603110970
124022.1942279799 132397.3806577687
116968.8849934027 132237.3010044403
117449.7924412148 131757.0620444552
117129.1874760067 131276.8230844702
133480.0407016175 131116.7434311418
117610.0949238188 130956.6637778134
134121.2506320336 130956.6637778134
129151.8736713087 130796.5841244851
129151.8736713087 130476.4248178283
131556.4109103691 130476.4248178283
117289.4899586107 130156.2655111716
129632.7811191208 130156.2655111716
129953.3860843289 118790.6101248582
129632.7811191208 119110.7694315149
129632.7811191208 119430.9287381716
129793.0836017248 119911.1676981567
128991.5711887047 120231.3270048134
128991.5711887047 121191.8049247836
129472.4786365168 125353.8759113209
126587.0339496443 125674.0352179776
125785.5215366242 125994.1945246343
121777.9594715235 126634.5131379478
122579.4718845436 126794.5927912761
130915.2009799530 118470.4508182015
121457.3545063154 126954.6724446045
121297.0520237114 127114.7520979328
120976.4470585034 127274.8317512612
121777.9594715235 127434.9114045895
120495.5396106913 127434.9114045895
121457.3545063154 127915.1503645746
121297.0520237114 128235.3096712314
120174.9346454832 128395.3893245597
121297.0520237114 128555.4689778881

120495.5396106913 135438.8940710075
120816.1445758993 135278.8144176791
120816.1445758993 134958.6551110224
116968.8849934027 134158.2568443806
130915.2009799530 133037.6992710821
131235.8059451611 132717.5399644254
123701.5892627718 132557.4603110970
124022.1942279799 132397.3806577687
116968.8849934027 132237.3010044403
117449.7924412148 131757.0620444552
117129.1874760067 131276.8230844702
133480.0407016175 131116.7434311418
117610.0949238188 130956.6637778134
134121.2506320336 130956.6637778134
129151.8736713087 130796.5841244851
129151.8736713087 130476.4248178283
131556.4109103691 130476.4248178283
117289.4899586107 130156.2655111716
129632.7811191208 130156.2655111716
128350.3612582886 128715.5486312164
120495.5396106913 128555.4689778881
121297.0520237114 128235.3096712314
125945.8240192282 126954.6724446045
129632.7811191208 126474.4334846194
121136.7495411074 126314.3538312911
129953.3860843289 118790.6101248582
129632.7811191208 119110.7694315149
129793.0836017248 119591.0083915000
129793.0836017248 119911.1676981567
128991.5711887047 120231.3270048134
128991.5711887047 121191.8049247836
129472.4786365168 125353.8759113209
126587.0339496443 125674.0352179776
125785.5215366242 125994.1945246343
121777.9594715235 126634.5131379478
122579.4718845436 126794.5927912761
121297.0520237114 126794.5927912761
121457.3545063154 126954.6724446045
121297.0520237114 127114.7520979328
120976.4470585034 127274.8317512612

120495.5396106913 135438.8940710075
120816.1445758993 135278.8144176791
120816.1445758993 134958.6551110224
116968.8849934027 134158.2568443806
122579.4718845436 133197.7789244105
123060.3793323557 133037.6992710821
132838.8307712013 116389.4153249328
130594.5960147450 118630.5304715299
131396.1084277651 118790.6101248582
129953.3860843289 118790.6101248582
129632.7811191208 119110.7694315149
129793.0836017248 119591.0083915000
128991.5711887047 119751.0880448284
129793.0836017248 119911.1676981567
128991.5711887047 120231.3270048134
129793.0836017248 122472.4421514104
131396.1084277651 122792.6014580672
128350.3612582886 123592.9997247090
130113.6885669329 125353.8759113209
126747.3364322483 125674.0352179776
125945.8240192282 125994.1945246343
121136.7495411074 126314.3538312911
129632.7811191208 126474.4334846194
125945.8240192282 126954.6724446045
121297.0520237114 128235.3096712314
120495.5396106913 128555.4689778881
128350.3612582886 128715.5486312164
129632.7811191208 130156.2655111716
117289.4899586107 130156.2655111716
131556.4109103691 130476.4248178283
129151.8736713087 130476.4248178283
129151.8736713087 130796.5841244851
134121.2506320336 130956.6637778134
117610.0949238188 130956.6637778134
133480.0407016175 131116.7434311418
117129.1874760067 131276.8230844702
117449.7924412148 131757.0620444552
116968.8849934027 132237.3010044403
124022.1942279799 132397.3806577687
123701.5892627718 132557.4603110970

120495.5396106913 135438.8940710075
120816.1445758993 135278.8144176791
120976.4470585034 135118.7347643508
120816.1445758993 134798.5754576940
121136.7495411074 134478.4161510373
132838.8307712013 116389.4153249328
131396.1084277651 118790.6101248582
129953.3860843289 118790.6101248582
129632.7811191208 119110.7694315149
129793.0836017248 119591.0083915000
128991.5711887047 119751.0880448284
129793.0836017248 119911.1676981567
128991.5711887047 120231.3270048134
129793.0836017248 122472.4421514104
131396.1084277651 122792.6014580672
130113.6885669329 125353.8759113209
126747.3364322483 125674.0352179776
125945.8240192282 125994.1945246343
121136.7495411074 126314.3538312911
129632.7811191208 126474.4334846194
125945.8240192282 126954.6724446045
121297.0520237114 128235.3096712314
120495.5396106913 128555.4689778881
128350.3612582886 128715.5486312164
129632.7811191208 130156.2655111716
117289.4899586107 130156.2655111716
131556.4109103691 130476.4248178283
129151.8736713087 130476.4248178283
129151.8736713087 130796.5841244851
134121.2506320336 130956.6637778134
117610.0949238188 130956.6637778134
133480.0407016175 131116.7434311418
117129.1874760067 131276.8230844702
117449.7924412148 131757.0620444552
116968.8849934027 132237.3010044403
124022.1942279799 132397.3806577687
123701.5892627718 132557.4603110970
131235.8059451611 132717.5399644254
123060.3793323557 132877.6196177537
130915.2009799530 133037.6992710821

120495.5396106913 135438.8940710075
120816.1445758993 135278.8144176791
120976.4470585034 135118.7347643508
120816.1445758993 134798.5754576940
121136.7495411074 134478.4161510373
135083.0655276577 115268.8577516343
132838.8307712013 116389.4153249328
131396.1084277651 118790.6101248582
129953.3860843289 118790.6101248582
129632.7811191208 119110.7694315149
129793.0836017248 119591.0083915000
128991.5711887047 119751.0880448284
129793.0836017248 119911.1676981567
128991.5711887047 120231.3270048134
131396.1084277651 122792.6014580672
130915.2009799530 123592.9997247090
130113.6885669329 125353.8759113209
126747.3364322483 125674.0352179776
125945.8240192282 125994.1945246343
129632.7811191208 126474.4334846194
125945.8240192282 126954.6724446045
121297.0520237114 128235.3096712314
120495.5396106913 128555.4689778881
128350.3612582886 128715.5486312164
129632.7811191208 130156.2655111716
117289.4899586107 130156.2655111716
131556.4109103691 130476.4248178283
129151.8736713087 130476.4248178283
129151.8736713087 130796.5841244851
134121.2506320336 130956.6637778134
117610.0949238188 130956.6637778134
133480.0407016175 131116.7434311418
117129.1874760067 131276.8230844702
117449.7924412148 131757.0620444552
116968.8849934027 132237.3010044403
124022.1942279799 132397.3806577687
123701.5892627718 132557.4603110970
123060.3793323557 132877.6196177537
130915.2009799530 133037.6992710821
117610.0949238188 133678.0178843956

121136.7495411074 135278.8144176791
116968.8849934027 134638.4958043657
123060.3793323557 134638.4958043657
131396.1084277651 118790.6101248582
128029.7562930805 133838.0975377239
117610.0949238188 133678.0178843956
129151.8736713087 130476.4248178283
123060.3793323557 132877.6196177537
123701.5892627718 132557.4603110970
135083.0655276577 115268.8577516343
124022.1942279799 132397.3806577687
116968.8849934027 132237.3010044403
117449.7924412148 131757.0620444552
117610.0949238188 131596.9823911269
122900.0768497517 131436.9027377985
117129.1874760067 131276.8230844702
133480.0407016175 131116.7434311418
117610.0949238188 130956.6637778134
124823.7066410000 128715.5486312164
120495.5396106913 128555.4689778881
121297.0520237114 128235.3096712314
125945.8240192282 126954.6724446045
131556.4109103691 130476.4248178283
122258.8669193356 126474.4334846194
129632.7811191208 126474.4334846194
125945.8240192282 125994.1945246343
126747.3364322483 125674.0352179776
130113.6885669329 125353.8759113209
126426.7314670403 125193.7962579926
130273.9910495369 124713.5572980075
130113.6885669329 123753.0793780373
130915.2009799530 123592.9997247090
130915.2009799530 133037.6992710821
131716.7133929731 120071.2473514851
128190.0587756846 121351.8845781119
128991.5711887047 120231.3270048134
129793.0836017248 119911.1676981567
129793.0836017248 119591.0083915000
129632.7811191208 119110.7694315149
129953.3860843289 118790.6101248582

121136.7495411074 135278.8144176791
116968.8849934027 134638.4958043657
123060.3793323557 134638.4958043657
121938.2619541275 134478.4161510373
128029.7562930805 133838.0975377239
117610.0949238188 133678.0178843956
122579.4718845436 133517.9382310671
123060.3793323557 132877.6196177537
123701.5892627718 132557.4603110970
134281.5531146376 116549.4949782612
124022.1942279799 132397.3806577687
116968.8849934027 132237.3010044403
117449.7924412148 131757.0620444552
117610.0949238188 131596.9823911269
122900.0768497517 131436.9027377985
117129.1874760067 131276.8230844702
133480.0407016175 131116.7434311418
117610.0949238188 130956.6637778134
124823.7066410000 128715.5486312164
120495.5396106913 128555.4689778881
121297.0520237114 128235.3096712314
125945.8240192282 126954.6724446045
131556.4109103691 130476.4248178283
122258.8669193356 126474.4334846194
129632.7811191208 126474.4334846194
125945.8240192282 125994.1945246343
126747.3364322483 125674.0352179776
130113.6885669329 125353.8759113209
126426.7314670403 125193.7962579926
130273.9910495369 124713.5572980075
130113.6885669329 123753.0793780373
130915.2009799530 123592.9997247090
130915.2009799530 133037.6992710821
129151.8736713087 123112.7607647239
128190.0587756846 121351.8845781119
128991.5711887047 120231.3270048134
129793.0836017248 119911.1676981567
129793.0836017248 119591.0083915000
129632.7811191208 119110.7694315149
129953.3860843289 118790.6101248582

121136.7495411074 135278.8144176791
116968.8849934027 134638.4958043657
121297.0520237114 134638.4958043657
123060.3793323557 134638.4958043657
121938.2619541275 134478.4161510373
128029.7562930805 133838.0975377239
117610.0949238188 133678.0178843956
122579.4718845436 133517.9382310671
130113.6885669329 123753.0793780373
123060.3793323557 132877.6196177537
123701.5892627718 132557.4603110970
117770.3974064228 132397.3806577687
124022.1942279799 132397.3806577687
116968.8849934027 132237.3010044403
117449.7924412148 131757.0620444552
117610.0949238188 131596.9823911269
117129.1874760067 131276.8230844702
133480.0407016175 131116.7434311418
117610.0949238188 130956.6637778134
120495.5396106913 128555.4689778881
121297.0520237114 128235.3096712314
125945.8240192282 126954.6724446045
121617.6569889195 126634.5131379478
122258.8669193356 126474.4334846194
129632.7811191208 126474.4334846194
125945.8240192282 125994.1945246343
126426.7314670403 125834.1148713060
126747.3364322483 125674.0352179776
130113.6885669329 125353.8759113209
126426.7314670403 125193.7962579926
130273.9910495369 124713.5572980075
130915.2009799530 123592.9997247090
125945.8240192282 123272.8404180522
129151.8736713087 123112.7607647239
128190.0587756846 121351.8845781119
129953.3860843289 118790.6101248582
129632.7811191208 119110.7694315149
129793.0836017248 119591.0083915000
129793.0836017248 119911.1676981567
128991.5711887047 120231.3270048134

121136.7495411074 135278.8144176791
116968.8849934027 134638.4958043657
121297.0520237114 134638.4958043657
123060.3793323557 134638.4958043657
121938.2619541275 134478.4161510373
129151.8736713087 123112.7607647239
128029.7562930805 133838.0975377239
117610.0949238188 133678.0178843956
122579.4718845436 133517.9382310671
117770.3974064228 132877.6196177537
123060.3793323557 132877.6196177537
123701.5892627718 132557.4603110970
117770.3974064228 132397.3806577687
124022.1942279799 132397.3806577687
116968.8849934027 132237.3010044403
117449.7924412148 131757.0620444552
117610.0949238188 131596.9823911269
117129.1874760067 131276.8230844702
133480.0407016175 131116.7434311418
117610.0949238188 130956.6637778134
120495.5396106913 128555.4689778881
121297.0520237114 128235.3096712314
125945.8240192282 126954.6724446045
121617.6569889195 126634.5131379478
122258.8669193356 126474.4334846194
129632.7811191208 126474.4334846194
125945.8240192282 125994.1945246343
126426.7314670403 125834.1148713060
126747.3364322483 125674.0352179776
130113.6885669329 125353.8759113209
126426.7314670403 125193.7962579926
130273.9910495369 124713.5572980075
130915.2009799530 123592.9997247090
125945.8240192282 123272.8404180522
128190.0587756846 121351.8845781119
128991.5711887047 120231.3270048134
129793.0836017248 119911.1676981567
129793.0836017248 119591.0083915000
129632.7811191208 119110.7694315149
129953.3860843289 118790.6101248582

