algorithm,instance,run_id,vector_id,generation,iteration,f_cost,f_power,weight1,weight2,occupied
moead,513_e-05,6,0,0,0,37205899.074827,236183.260254,0.000000,1.000000,14384 34340 36829 55916 65810 68230 91911 99033 117908 120137 122568 123685 152931 155000 169191
moead,513_e-05,6,1,0,0,35816482.195824,230678.846802,0.020408,0.979592,7434 25760 26712 43662 74066 88848 91004 116472 127199 128764 133626 136225 158681 163393 176178
moead,513_e-05,6,2,0,0,35816482.195824,230678.846802,0.040816,0.959184,7434 25760 26712 43662 74066 88848 91004 116472 127199 128764 133626 136225 158681 163393 176178
moead,513_e-05,6,3,0,0,35816482.195824,230678.846802,0.061224,0.938776,7434 25760 26712 43662 74066 88848 91004 116472 127199 128764 133626 136225 158681 163393 176178
moead,513_e-05,6,4,0,0,35816482.195824,230678.846802,0.081633,0.918367,7434 25760 26712 43662 74066 88848 91004 116472 127199 128764 133626 136225 158681 163393 176178
moead,513_e-05,6,5,0,0,35753800.599284,230030.821167,0.102041,0.897959,11397 16559 43548 57625 60161 85560 89143 108154 108526 108980 113707 118191 119814 139863 166581
moead,513_e-05,6,6,0,0,35753800.599284,230030.821167,0.122449,0.877551,11397 16559 43548 57625 60161 85560 89143 108154 108526 108980 113707 118191 119814 139863 166581
moead,513_e-05,6,7,0,0,35753800.599284,230030.821167,0.142857,0.857143,11397 16559 43548 57625 60161 85560 89143 108154 108526 108980 113707 118191 119814 139863 166581
moead,513_e-05,6,8,0,0,35753800.599284,230030.821167,0.163265,0.836735,11397 16559 43548 57625 60161 85560 89143 108154 108526 108980 113707 118191 119814 139863 166581
moead,513_e-05,6,9,0,0,35753800.599284,230030.821167,0.183673,0.816327,11397 16559 43548 57625 60161 85560 89143 108154 108526 108980 113707 118191 119814 139863 166581
moead,513_e-05,6,10,0,0,35753800.599284,230030.821167,0.204082,0.795918,11397 16559 43548 57625 60161 85560 89143 108154 108526 108980 113707 118191 119814 139863 166581
moead,513_e-05,6,11,0,0,35753800.599284,230030.821167,0.224490,0.775510,11397 16559 43548 57625 60161 85560 89143 108154 108526 108980 113707 118191 119814 139863 166581
moead,513_e-05,6,12,0,0,35753800.599284,230030.821167,0.244898,0.755102,11397 16559 43548 57625 60161 85560 89143 108154 108526 108980 113707 118191 119814 139863 166581
moead,513_e-05,6,13,0,0,35753800.599284,230030.821167,0.265306,0.734694,11397 16559 43548 57625 60161 85560 89143 108154 108526 108980 113707 118191 119814 139863 166581
moead,513_e-05,6,14,0,0,35753800.599284,230030.821167,0.285714,0.714286,11397 16559 43548 57625 60161 85560 89143 108154 108526 108980 113707 118191 119814 139863 166581
moead,513_e-05,6,15,0,0,35753800.599284,230030.821167,0.306122,0.693878,11397 16559 43548 57625 60161 85560 89143 108154 108526 108980 113707 118191 119814 139863 166581
moead,513_e-05,6,16,0,0,35753800.599284,230030.821167,0.326531,0.673469,11397 16559 43548 57625 60161 85560 89143 108154 108526 108980 113707 118191 119814 139863 166581
moead,513_e-05,6,17,0,0,35753800.599284,230030.821167,0.346939,0.653061,11397 16559 43548 57625 60161 85560 89143 108154 108526 108980 113707 118191 119814 139863 166581
moead,513_e-05,6,18,0,0,35753800.599284,230030.821167,0.367347,0.632653,11397 16559 43548 57625 60161 85560 89143 108154 108526 108980 113707 118191 119814 139863 166581
moead,513_e-05,6,19,0,0,35753800.599284,230030.821167,0.387755,0.612245,11397 16559 43548 57625 60161 85560 89143 108154 108526 108980 113707 118191 119814 139863 166581
moead,513_e-05,6,20,0,0,35753800.599284,230030.821167,0.408163,0.591837,11397 16559 43548 57625 60161 85560 89143 108154 108526 108980 113707 118191 119814 139863 166581
moead,513_e-05,6,21,0,0,35753800.599284,230030.821167,0.428571,0.571429,11397 16559 43548 57625 60161 85560 89143 108154 108526 108980 113707 118191 119814 139863 166581
moead,513_e-05,6,22,0,0,35753800.599284,230030.821167,0.448980,0.551020,11397 16559 43548 57625 60161 85560 89143 108154 108526 108980 113707 118191 119814 139863 166581
moead,513_e-05,6,23,0,0,35753800.599284,230030.821167,0.469388,0.530612,11397 16559 43548 57625 60161 85560 89143 108154 108526 108980 113707 118191 119814 139863 166581
moead,513_e-05,6,24,0,0,35753800.599284,230030.821167,0.489796,0.510204,11397 16559 43548 57625 60161 85560 89143 108154 108526 108980 113707 118191 119814 139863 166581
moead,513_e-05,6,25,0,0,35753800.599284,230030.821167,0.510204,0.489796,11397 16559 43548 57625 60161 85560 89143 108154 108526 108980 113707 118191 119814 139863 166581
moead,513_e-05,6,26,0,0,35753800.599284,230030.821167,0.530612,0.469388,11397 16559 43548 57625 60161 85560 89143 108154 108526 108980 113707 118191 119814 139863 166581
moead,513_e-05,6,27,0,0,35753800.599284,230030.821167,0.551020,0.448980,11397 16559 43548 57625 60161 85560 89143 108154 108526 108980 113707 118191 119814 139863 166581
moead,513_e-05,6,28,0,0,35753800.599284,230030.821167,0.571429,0.428571,11397 16559 43548 57625 60161 85560 89143 108154 108526 108980 113707 118191 119814 139863 166581
moead,513_e-05,6,29,0,0,35753800.599284,230030.821167,0.591837,0.408163,11397 16559 43548 57625 60161 85560 89143 108154 108526 108980 113707 118191 119814 139863 166581
moead,513_e-05,6,30,0,0,35753800.599284,230030.821167,0.612245,0.387755,11397 16559 43548 57625 60161 85560 89143 108154 108526 108980 113707 118191 119814 139863 166581
moead,513_e-05,6,31,0,0,35753800.599284,230030.821167,0.632653,0.367347,11397 16559 43548 57625 60161 85560 89143 108154 108526 108980 113707 118191 119814 139863 166581
moead,513_e-05,6,32,0,0,35753800.599284,230030.821167,0.653061,0.346939,11397 16559 43548 57625 60161 85560 89143 108154 108526 108980 113707 118191 119814 139863 166581
moead,513_e-05,6,33,0,0,35753800.599284,230030.821167,0.673469,0.326531,11397 16559 43548 57625 60161 85560 89143 108154 108526 108980 113707 118191 119814 139863 166581
moead,513_e-05,6,34,0,0,35753800.599284,230030.821167,0.693878,0.306122,11397 16559 43548 57625 60161 85560 89143 108154 108526 108980 113707 118191 119814 139863 166581
moead,513_e-05,6,35,0,0,35753800.599284,230030.821167,0.714286,0.285714,11397 16559 43548 57625 60161 85560 89143 108154 108526 108980 113707 118191 119814 139863 166581
moead,513_e-05,6,36,0,0,35753800.599284,230030.821167,0.734694,0.265306,11397 16559 43548 57625 60161 85560 89143 108154 108526 108980 113707 118191 119814 139863 166581
moead,513_e-05,6,37,0,0,35753800.599284,230030.821167,0.755102,0.244898,11397 16559 43548 57625 60161 85560 89143 108154 108526 108980 113707 118191 119814 139863 166581
moead,513_e-05,6,38,0,0,35753800.599284,230030.821167,0.775510,0.224490,11397 16559 43548 57625 60161 85560 89143 108154 108526 108980 113707 118191 119814 139863 166581
moead,513_e-05,6,39,0,0,35753800.599284,230030.821167,0.795918,0.204082,11397 16559 43548 57625 60161 85560 89143 108154 108526 108980 113707 118191 119814 139863 166581
moead,513_e-05,6,40,0,0,35753800.599284,230030.821167,0.816327,0.183673,11397 16559 43548 57625 60161 85560 89143 108154 108526 108980 113707 118191 119814 139863 166581
moead,513_e-05,6,41,0,0,35753800.599284,230030.821167,0.836735,0.163265,11397 16559 43548 57625 60161 85560 89143 108154 108526 108980 113707 118191 119814 139863 166581
moead,513_e-05,6,42,0,0,35753800.599284,230030.821167,0.857143,0.142857,11397 16559 43548 57625 60161 85560 89143 108154 108526 108980 113707 118191 119814 139863 166581
moead,513_e-05,6,43,0,0,35753800.599284,230030.821167,0.877551,0.122449,11397 16559 43548 57625 60161 85560 89143 108154 108526 108980 113707 118191 119814 139863 166581
moead,513_e-05,6,44,0,0,35753800.599284,230030.821167,0.897959,0.102041,11397 16559 43548 57625 60161 85560 89143 108154 108526 108980 113707 118191 119814 139863 166581
moead,513_e-05,6,45,0,0,35753800.599284,230030.821167,0.918367,0.081633,11397 16559 43548 57625 60161 85560 89143 108154 108526 108980 113707 118191 119814 139863 166581
moead,513_e-05,6,46,0,0,35753800.599284,230030.821167,0.938776,0.061224,11397 16559 43548 57625 60161 85560 89143 108154 108526 108980 113707 118191 119814 139863 166581
moead,513_e-05,6,47,0,0,35753800.599284,230030.821167,0.959184,0.040816,11397 16559 43548 57625 60161 85560 89143 108154 108526 108980 113707 118191 119814 139863 166581
moead,513_e-05,6,48,0,0,35753800.599284,230030.821167,0.979592,0.020408,11397 16559 43548 57625 60161 85560 89143 108154 108526 108980 113707 118191 119814 139863 166581
moead,513_e-05,6,49,0,0,35753800.599284,230030.821167,1.000000,0.000000,11397 16559 43548 57625 60161 85560 89143 108154 108526 108980 113707 118191 119814 139863 166581
moead,513_e-05,6,0,50,1,37921701.729421,235829.502197,0.000000,1.000000,18 5545 35069 40695 44427 76576 85422 112356 112411 114636 139238 151263 155793 164928 171045
moead,513_e-05,6,1,50,1,30673624.826006,220340.160953,0.020408,0.979592,11110 11397 11967 12262 13237 14011 14342 14512 14705 16596 18017 18288 56263 59571 67919
moead,513_e-05,6,2,50,1,30474842.010682,213474.531937,0.040816,0.959184,10310 11110 11397 11967 12262 12971 13237 14011 14512 14705 14955 16596 18017 18288 20309
moead,513_e-05,6,3,50,1,30308687.119085,209525.735161,0.061224,0.938776,9810 11110 11397 11445 11967 12262 12735 12971 13237 14011 14342 14705 16596 18288 59571
moead,513_e-05,6,4,50,1,30215432.935822,208823.446506,0.081633,0.918367,11110 11397 11445 11967 12262 12735 12971 13237 14011 14342 14512 14705 16596 18288 66483
moead,513_e-05,6,5,50,1,30215432.935822,208823.446506,0.102041,0.897959,11110 11397 11445 11967 12262 12735 12971 13237 14011 14342 14512 14705 16596 18288 66483
moead,513_e-05,6,6,50,1,30141580.369417,205079.981601,0.122449,0.877551,11396 11397 11445 11967 12262 12735 12971 13237 14011 14342 14512 14705 16596 18288 66483
moead,513_e-05,6,7,50,1,30141580.369417,205079.981601,0.142857,0.857143,11396 11397 11445 11967 12262 12735 12971 13237 14011 14342 14512 14705 16596 18288 66483
moead,513_e-05,6,8,50,1,30052475.121697,201649.874316,0.163265,0.836735,11396 11397 11445 11967 12262 12735 12971 13237 14011 14149 14342 14512 14705 18288 66483
moead,513_e-05,6,9,50,1,30052475.121697,201649.874316,0.183673,0.816327,11396 11397 11445 11967 12262 12735 12971 13237 14011 14149 14342 14512 14705 18288 66483
moead,513_e-05,6,10,50,1,30052475.121697,201649.874316,0.204082,0.795918,11396 11397 11445 11967 12262 12735 12971 13237 14011 14149 14342 14512 14705 18288 66483
moead,513_e-05,6,11,50,1,30052475.121697,201649.874316,0.224490,0.775510,11396 11397 11445 11967 12262 12735 12971 13237 14011 14149 14342 14512 14705 18288 66483
moead,513_e-05,6,12,50,1,30052475.121697,201649.874316,0.244898,0.755102,11396 11397 11445 11967 12262 12735 12971 13237 14011 14149 14342 14512 14705 18288 66483
moead,513_e-05,6,13,50,1,30052475.121697,201649.874316,0.265306,0.734694,11396 11397 11445 11967 12262 12735 12971 13237 14011 14149 14342 14512 14705 18288 66483
moead,513_e-05,6,14,50,1,30023142.330664,197866.572511,0.285714,0.714286,11396 11397 11445 11967 12262 12735 12971 13237 14011 14149 14342 14512 14705 18288 19548
moead,513_e-05,6,15,50,1,30023142.330664,197866.572511,0.306122,0.693878,11396 11397 11445 11967 12262 12735 12971 13237 14011 14149 14342 14512 14705 18288 19548
moead,513_e-05,6,16,50,1,30023142.330664,197866.572511,0.326531,0.673469,11396 11397 11445 11967 12262 12735 12971 13237 14011 14149 14342 14512 14705 18288 19548
moead,513_e-05,6,17,50,1,29982431.109527,197174.368761,0.346939,0.653061,10752 11396 11397 11445 12262 12358 12735 12971 13237 14011 14342 14512 14705 18288 19548
moead,513_e-05,6,18,50,1,29982431.109527,197174.368761,0.367347,0.632653,10752 11396 11397 11445 12262 12358 12735 12971 13237 14011 14342 14512 14705 18288 19548
moead,513_e-05,6,19,50,1,29982431.109527,197174.368761,0.387755,0.612245,10752 11396 11397 11445 12262 12358 12735 12971 13237 14011 14342 14512 14705 18288 19548
moead,513_e-05,6,20,50,1,29982431.109527,197174.368761,0.408163,0.591837,10752 11396 11397 11445 12262 12358 12735 12971 13237 14011 14342 14512 14705 18288 19548
moead,513_e-05,6,21,50,1,29982431.109527,197174.368761,0.428571,0.571429,10752 11396 11397 11445 12262 12358 12735 12971 13237 14011 14342 14512 14705 18288 19548
moead,513_e-05,6,22,50,1,29982431.109527,197174.368761,0.448980,0.551020,10752 11396 11397 11445 12262 12358 12735 12971 13237 14011 14342 14512 14705 18288 19548
moead,513_e-05,6,23,50,1,29982431.109527,197174.368761,0.469388,0.530612,10752 11396 11397 11445 12262 12358 12735 12971 13237 14011 14342 14512 14705 18288 19548
moead,513_e-05,6,24,50,1,29982431.109527,197174.368761,0.489796,0.510204,10752 11396 11397 11445 12262 12358 12735 12971 13237 14011 14342 14512 14705 18288 19548
moead,513_e-05,6,25,50,1,29982431.109527,197174.368761,0.510204,0.489796,10752 11396 11397 11445 12262 12358 12735 12971 13237 14011 14342 14512 14705 18288 19548
moead,513_e-05,6,26,50,1,29982431.109527,197174.368761,0.530612,0.469388,10752 11396 11397 11445 12262 12358 12735 12971 13237 14011 14342 14512 14705 18288 19548
moead,513_e-05,6,27,50,1,29947153.976094,192924.568368,0.551020,0.448980,11396 11397 11445 12262 12358 12490 12735 12971 13237 14011 14342 14512 14705 18288 19548
moead,513_e-05,6,28,50,1,29947153.976094,192924.568368,0.571429,0.428571,11396 11397 11445 12262 12358 12490 12735 12971 13237 14011 14342 14512 14705 18288 19548
moead,513_e-05,6,29,50,1,29947153.976094,192924.568368,0.591837,0.408163,11396 11397 11445 12262 12358 12490 12735 12971 13237 14011 14342 14512 14705 18288 19548
moead,513_e-05,6,30,50,1,29947153.976094,192924.568368,0.612245,0.387755,11396 11397 11445 12262 12358 12490 12735 12971 13237 14011 14342 14512 14705 18288 19548
moead,513_e-05,6,31,50,1,29947153.976094,192924.568368,0.632653,0.367347,11396 11397 11445 12262 12358 12490 12735 12971 13237 14011 14342 14512 14705 18288 19548
moead,513_e-05,6,32,50,1,29947153.976094,192924.568368,0.653061,0.346939,11396 11397 11445 12262 12358 12490 12735 12971 13237 14011 14342 14512 14705 18288 19548
moead,513_e-05,6,33,50,1,29947153.976094,192924.568368,0.673469,0.326531,11396 11397 11445 12262 12358 12490 12735 12971 13237 14011 14342 14512 14705 18288 19548
moead,513_e-05,6,34,50,1,29947153.976094,192924.568368,0.693878,0.306122,11396 11397 11445 12262 12358 12490 12735 12971 13237 14011 14342 14512 14705 18288 19548
moead,513_e-05,6,35,50,1,29947153.976094,192924.568368,0.714286,0.285714,11396 11397 11445 12262 12358 12490 12735 12971 13237 14011 14342 14512 14705 18288 19548
moead,513_e-05,6,36,50,1,29947153.976094,192924.568368,0.734694,0.265306,11396 11397 11445 12262 12358 12490 12735 12971 13237 14011 14342 14512 14705 18288 19548
moead,513_e-05,6,37,50,1,29947153.976094,192924.568368,0.755102,0.244898,11396 11397 11445 12262 12358 12490 12735 12971 13237 14011 14342 14512 14705 18288 19548
moead,513_e-05,6,38,50,1,29947153.976094,192924.568368,0.775510,0.224490,11396 11397 11445 12262 12358 12490 12735 12971 13237 14011 14342 14512 14705 18288 19548
moead,513_e-05,6,39,50,1,29947153.976094,192924.568368,0.795918,0.204082,11396 11397 11445 12262 12358 12490 12735 12971 13237 14011 14342 14512 14705 18288 19548
moead,513_e-05,6,40,50,1,29947153.976094,192924.568368,0.816327,0.183673,11396 11397 11445 12262 12358 12490 12735 12971 13237 14011 14342 14512 14705 18288 19548
moead,513_e-05,6,41,50,1,29947153.976094,192924.568368,0.836735,0.163265,11396 11397 11445 12262 12358 12490 12735 12971 13237 14011 14342 14512 14705 18288 19548
moead,513_e-05,6,42,50,1,29947153.976094,192924.568368,0.857143,0.142857,11396 11397 11445 12262 12358 12490 12735 12971 13237 14011 14342 14512 14705 18288 19548
moead,513_e-05,6,43,50,1,29947153.976094,192924.568368,0.877551,0.122449,11396 11397 11445 12262 12358 12490 12735 12971 13237 14011 14342 14512 14705 18288 19548
moead,513_e-05,6,44,50,1,29947153.976094,192924.568368,0.897959,0.102041,11396 11397 11445 12262 12358 12490 12735 12971 13237 14011 14342 14512 14705 18288 19548
moead,513_e-05,6,45,50,1,29947153.976094,192924.568368,0.918367,0.081633,11396 11397 11445 12262 12358 12490 12735 12971 13237 14011 14342 14512 14705 18288 19548
moead,513_e-05,6,46,50,1,29947153.976094,192924.568368,0.938776,0.061224,11396 11397 11445 12262 12358 12490 12735 12971 13237 14011 14342 14512 14705 18288 19548
moead,513_e-05,6,47,50,1,29947153.976094,192924.568368,0.959184,0.040816,11396 11397 11445 12262 12358 12490 12735 12971 13237 14011 14342 14512 14705 18288 19548
moead,513_e-05,6,48,50,1,29947153.976094,192924.568368,0.979592,0.020408,11396 11397 11445 12262 12358 12490 12735 12971 13237 14011 14342 14512 14705 18288 19548
moead,513_e-05,6,49,50,1,29947153.976094,192924.568368,1.000000,0.000000,11396 11397 11445 12262 12358 12490 12735 12971 13237 14011 14342 14512 14705 18288 19548
moead,513_e-05,6,0,100,2,37412907.416627,236183.260254,0.000000,1.000000,433 3290 5757 22867 44427 66483 76576 85422 108661 119674 130520 139238 155793 171045 176541
moead,513_e-05,6,1,100,2,30582864.490342,217228.534116,0.020408,0.979592,11110 11397 11967 12262 12971 14011 14149 14342 14512 14705 16596 18017 18288 66483 159959
moead,513_e-05,6,2,100,2,30240990.005158,212095.538882,0.040816,0.959184,11110 11397 11967 12262 12484 12971 13237 14011 14342 14512 14705 16596 18017 18288 66483
moead,513_e-05,6,3,100,2,30075547.367483,206178.954201,0.061224,0.938776,11110 11397 11445 11967 12262 12459 12735 12971 13237 14011 14149 14342 14512 18288 20849
moead,513_e-05,6,4,100,2,30025154.159641,204393.830168,0.081633,0.918367,11084 11532 11675 11707 11800 11967 12025 12132 12262 12620 12735 13237 14342 14872 20849
moead,513_e-05,6,5,100,2,29907716.826462,200491.573317,0.102041,0.897959,10798 11396 11675 11800 11967 12025 12132 12620 12735 12971 13237 13824 14342 14872 20849
moead,513_e-05,6,6,100,2,29907716.826462,200491.573317,0.122449,0.877551,10798 11396 11675 11800 11967 12025 12132 12620 12735 12971 13237 13824 14342 14872 20849
moead,513_e-05,6,7,100,2,29883232.473091,200339.427310,0.142857,0.857143,10798 11396 11397 11675 11800 11967 12025 12132 12620 12735 12971 13237 14342 14872 20849
moead,513_e-05,6,8,100,2,29803945.935063,196565.649285,0.163265,0.836735,10798 11396 11397 11675 11800 11967 12025 12132 12620 12735 12971 13237 14342 14872 15677
moead,513_e-05,6,9,100,2,29803945.935063,196565.649285,0.183673,0.816327,10798 11396 11397 11675 11800 11967 12025 12132 12620 12735 12971 13237 14342 14872 15677
moead,513_e-05,6,10,100,2,29803945.935063,196565.649285,0.204082,0.795918,10798 11396 11397 11675 11800 11967 12025 12132 12620 12735 12971 13237 14342 14872 15677
moead,513_e-05,6,11,100,2,29803945.935063,196565.649285,0.224490,0.775510,10798 11396 11397 11675 11800 11967 12025 12132 12620 12735 12971 13237 14342 14872 15677
moead,513_e-05,6,12,100,2,29785414.717462,196390.270009,0.244898,0.755102,10798 11396 11397 11675 11694 11800 11967 12025 12132 12620 12735 12971 13237 14872 15677
moead,513_e-05,6,13,100,2,29785414.717462,196390.270009,0.265306,0.734694,10798 11396 11397 11675 11694 11800 11967 12025 12132 12620 12735 12971 13237 14872 15677
moead,513_e-05,6,14,100,2,29785414.717462,196390.270009,0.285714,0.714286,10798 11396 11397 11675 11694 11800 11967 12025 12132 12620 12735 12971 13237 14872 15677
moead,513_e-05,6,15,100,2,29735175.192190,190166.343712,0.306122,0.693878,11397 11675 11771 11800 11967 12025 12132 12319 12620 12735 12971 13207 13237 13253 14872
moead,513_e-05,6,16,100,2,29735175.192190,190166.343712,0.326531,0.673469,11397 11675 11771 11800 11967 12025 12132 12319 12620 12735 12971 13207 13237 13253 14872
moead,513_e-05,6,17,100,2,29735175.192190,190166.343712,0.346939,0.653061,11397 11675 11771 11800 11967 12025 12132 12319 12620 12735 12971 13207 13237 13253 14872
moead,513_e-05,6,18,100,2,29735175.192190,190166.343712,0.367347,0.632653,11397 11675 11771 11800 11967 12025 12132 12319 12620 12735 12971 13207 13237 13253 14872
moead,513_e-05,6,19,100,2,29735175.192190,190166.343712,0.387755,0.612245,11397 11675 11771 11800 11967 12025 12132 12319 12620 12735 12971 13207 13237 13253 14872
moead,513_e-05,6,20,100,2,29735175.192190,190166.343712,0.408163,0.591837,11397 11675 11771 11800 11967 12025 12132 12319 12620 12735 12971 13207 13237 13253 14872
moead,513_e-05,6,21,100,2,29704378.582789,190127.486205,0.428571,0.571429,11396 11397 11675 11771 11800 11967 12025 12132 12620 12735 12971 13207 13237 13253 14872
moead,513_e-05,6,22,100,2,29704378.582789,190127.486205,0.448980,0.551020,11396 11397 11675 11771 11800 11967 12025 12132 12620 12735 12971 13207 13237 13253 14872
moead,513_e-05,6,23,100,2,29704378.582789,190127.486205,0.469388,0.530612,11396 11397 11675 11771 11800 11967 12025 12132 12620 12735 12971 13207 13237 13253 14872
moead,513_e-05,6,24,100,2,29704378.582789,190127.486205,0.489796,0.510204,11396 11397 11675 11771 11800 11967 12025 12132 12620 12735 12971 13207 13237 13253 14872
moead,513_e-05,6,25,100,2,29704378.582789,190127.486205,0.510204,0.489796,11396 11397 11675 11771 11800 11967 12025 12132 12620 12735 12971 13207 13237 13253 14872
moead,513_e-05,6,26,100,2,29704378.582789,190127.486205,0.530612,0.469388,11396 11397 11675 11771 11800 11967 12025 12132 12620 12735 12971 13207 13237 13253 14872
moead,513_e-05,6,27,100,2,29704378.582789,190127.486205,0.551020,0.448980,11396 11397 11675 11771 11800 11967 12025 12132 12620 12735 12971 13207 13237 13253 14872
moead,513_e-05,6,28,100,2,29704378.582789,190127.486205,0.571429,0.428571,11396 11397 11675 11771 11800 11967 12025 12132 12620 12735 12971 13207 13237 13253 14872
moead,513_e-05,6,29,100,2,29704378.582789,190127.486205,0.591837,0.408163,11396 11397 11675 11771 11800 11967 12025 12132 12620 12735 12971 13207 13237 13253 14872
moead,513_e-05,6,30,100,2,29680511.307894,189973.573324,0.612245,0.387755,11396 11397 11675 11771 11800 11967 12025 12132 12326 12620 12735 12971 13237 13253 14872
moead,513_e-05,6,31,100,2,29680511.307894,189973.573324,0.632653,0.367347,11396 11397 11675 11771 11800 11967 12025 12132 12326 12620 12735 12971 13237 13253 14872
moead,513_e-05,6,32,100,2,29680511.307894,189973.573324,0.653061,0.346939,11396 11397 11675 11771 11800 11967 12025 12132 12326 12620 12735 12971 13237 13253 14872
moead,513_e-05,6,33,100,2,29680511.307894,189973.573324,0.673469,0.326531,11396 11397 11675 11771 11800 11967 12025 12132 12326 12620 12735 12971 13237 13253 14872
moead,513_e-05,6,34,100,2,29680511.307894,189973.573324,0.693878,0.306122,11396 11397 11675 11771 11800 11967 12025 12132 12326 12620 12735 12971 13237 13253 14872
moead,513_e-05,6,35,100,2,29680511.307894,189973.573324,0.714286,0.285714,11396 11397 11675 11771 11800 11967 12025 12132 12326 12620 12735 12971 13237 13253 14872
moead,513_e-05,6,36,100,2,29680511.307894,189973.573324,0.734694,0.265306,11396 11397 11675 11771 11800 11967 12025 12132 12326 12620 12735 12971 13237 13253 14872
moead,513_e-05,6,37,100,2,29680511.307894,189973.573324,0.755102,0.244898,11396 11397 11675 11771 11800 11967 12025 12132 12326 12620 12735 12971 13237 13253 14872
moead,513_e-05,6,38,100,2,29680511.307894,189973.573324,0.775510,0.224490,11396 11397 11675 11771 11800 11967 12025 12132 12326 12620 12735 12971 13237 13253 14872
moead,513_e-05,6,39,100,2,29680511.307894,189973.573324,0.795918,0.204082,11396 11397 11675 11771 11800 11967 12025 12132 12326 12620 12735 12971 13237 13253 14872
moead,513_e-05,6,40,100,2,29680511.307894,189973.573324,0.816327,0.183673,11396 11397 11675 11771 11800 11967 12025 12132 12326 12620 12735 12971 13237 13253 14872
moead,513_e-05,6,41,100,2,29680511.307894,189973.573324,0.836735,0.163265,11396 11397 11675 11771 11800 11967 12025 12132 12326 12620 12735 12971 13237 13253 14872
moead,513_e-05,6,42,100,2,29680511.307894,189973.573324,0.857143,0.142857,11396 11397 11675 11771 11800 11967 12025 12132 12326 12620 12735 12971 13237 13253 14872
moead,513_e-05,6,43,100,2,29673597.967651,189545.672587,0.877551,0.122449,11396 11397 11675 11771 11800 11967 12025 12132 12262 12620 12735 12971 13237 13253 14872
moead,513_e-05,6,44,100,2,29673597.967651,189545.672587,0.897959,0.102041,11396 11397 11675 11771 11800 11967 12025 12132 12262 12620 12735 12971 13237 13253 14872
moead,513_e-05,6,45,100,2,29673597.967651,189545.672587,0.918367,0.081633,11396 11397 11675 11771 11800 11967 12025 12132 12262 12620 12735 12971 13237 13253 14872
moead,513_e-05,6,46,100,2,29673597.967651,189545.672587,0.938776,0.061224,11396 11397 11675 11771 11800 11967 12025 12132 12262 12620 12735 12971 13237 13253 14872
moead,513_e-05,6,47,100,2,29673597.967651,189545.672587,0.959184,0.040816,11396 11397 11675 11771 11800 11967 12025 12132 12262 12620 12735 12971 13237 13253 14872
moead,513_e-05,6,48,100,2,29673597.967651,189545.672587,0.979592,0.020408,11396 11397 11675 11771 11800 11967 12025 12132 12262 12620 12735 12971 13237 13253 14872
moead,513_e-05,6,49,100,2,29673597.967651,189545.672587,1.000000,0.000000,11396 11397 11675 11771 11800 11967 12025 12132 12262 12620 12735 12971 13237 13253 14872
moead,513_e-05,6,0,150,3,38369977.779614,236183.260254,0.000000,1.000000,433 3290 5757 44427 54781 66483 76576 85422 108661 119674 130520 139238 152256 155793 171045
moead,513_e-05,6,1,150,3,30475214.869390,218028.331406,0.020408,0.979592,11110 11397 11445 11967 12262 12459 12735 12971 14149 14512 14709 18288 20849 50604 63011
moead,513_e-05,6,2,150,3,30240990.005158,212095.538882,0.040816,0.959184,11110 11397 11967 12262 12484 12971 13237 14011 14342 14512 14705 16596 18017 18288 66483
moead,513_e-05,6,3,150,3,30075547.367483,206178.954201,0.061224,0.938776,11110 11397 11445 11967 12262 12459 12735 12971 13237 14011 14149 14342 14512 18288 20849
moead,513_e-05,6,4,150,3,29904625.757439,202443.985907,0.081633,0.918367,10448 10798 11396 11397 11675 11694 11800 11967 12025 12132 12620 12971 14872 15677 17509
moead,513_e-05,6,5,150,3,29904625.757439,202443.985907,0.102041,0.897959,10448 10798 11396 11397 11675 11694 11800 11967 12025 12132 12620 12971 14872 15677 17509
moead,513_e-05,6,6,150,3,29860488.574334,201609.090030,0.122449,0.877551,10798 11396 11397 11675 11694 11800 11967 12025 12132 12620 12735 12971 14872 15677 17509
moead,513_e-05,6,7,150,3,29740964.555137,196990.495255,0.142857,0.857143,10664 11396 11397 11675 11771 11800 11967 12025 12132 12620 12735 12971 13237 13253 17516
moead,513_e-05,6,8,150,3,29740964.555137,196990.495255,0.163265,0.836735,10664 11396 11397 11675 11771 11800 11967 12025 12132 12620 12735 12971 13237 13253 17516
moead,513_e-05,6,9,150,3,29740964.555137,196990.495255,0.183673,0.816327,10664 11396 11397 11675 11771 11800 11967 12025 12132 12620 12735 12971 13237 13253 17516
moead,513_e-05,6,10,150,3,29740964.555137,196990.495255,0.204082,0.795918,10664 11396 11397 11675 11771 11800 11967 12025 12132 12620 12735 12971 13237 13253 17516
moead,513_e-05,6,11,150,3,29740964.555137,196990.495255,0.224490,0.775510,10664 11396 11397 11675 11771 11800 11967 12025 12132 12620 12735 12971 13237 13253 17516
moead,513_e-05,6,12,150,3,29740964.555137,196990.495255,0.244898,0.755102,10664 11396 11397 11675 11771 11800 11967 12025 12132 12620 12735 12971 13237 13253 17516
moead,513_e-05,6,13,150,3,29701774.163398,193450.409623,0.265306,0.734694,10664 11396 11397 11675 11771 11800 11967 12025 12132 12620 12735 12971 13207 13237 13253
moead,513_e-05,6,14,150,3,29701774.163398,193450.409623,0.285714,0.714286,10664 11396 11397 11675 11771 11800 11967 12025 12132 12620 12735 12971 13207 13237 13253
moead,513_e-05,6,15,150,3,29701774.163398,193450.409623,0.306122,0.693878,10664 11396 11397 11675 11771 11800 11967 12025 12132 12620 12735 12971 13207 13237 13253
moead,513_e-05,6,16,150,3,29701774.163398,193450.409623,0.326531,0.673469,10664 11396 11397 11675 11771 11800 11967 12025 12132 12620 12735 12971 13207 13237 13253
moead,513_e-05,6,17,150,3,29654179.462356,192939.038630,0.346939,0.653061,11396 11397 11675 11771 11772 11800 11967 12025 12132 12620 12735 12971 13207 13237 13253
moead,513_e-05,6,18,150,3,29654179.462356,192939.038630,0.367347,0.632653,11396 11397 11675 11771 11772 11800 11967 12025 12132 12620 12735 12971 13207 13237 13253
moead,513_e-05,6,19,150,3,29654179.462356,192939.038630,0.387755,0.612245,11396 11397 11675 11771 11772 11800 11967 12025 12132 12620 12735 12971 13207 13237 13253
moead,513_e-05,6,20,150,3,29654179.462356,192939.038630,0.408163,0.591837,11396 11397 11675 11771 11772 11800 11967 12025 12132 12620 12735 12971 13207 13237 13253
moead,513_e-05,6,21,150,3,29654179.462356,192939.038630,0.428571,0.571429,11396 11397 11675 11771 11772 11800 11967 12025 12132 12620 12735 12971 13207 13237 13253
moead,513_e-05,6,22,150,3,29654179.462356,192939.038630,0.448980,0.551020,11396 11397 11675 11771 11772 11800 11967 12025 12132 12620 12735 12971 13207 13237 13253
moead,513_e-05,6,23,150,3,29654179.462356,192939.038630,0.469388,0.530612,11396 11397 11675 11771 11772 11800 11967 12025 12132 12620 12735 12971 13207 13237 13253
moead,513_e-05,6,24,150,3,29654179.462356,192939.038630,0.489796,0.510204,11396 11397 11675 11771 11772 11800 11967 12025 12132 12620 12735 12971 13207 13237 13253
moead,513_e-05,6,25,150,3,29654179.462356,192939.038630,0.510204,0.489796,11396 11397 11675 11771 11772 11800 11967 12025 12132 12620 12735 12971 13207 13237 13253
moead,513_e-05,6,26,150,3,29654179.462356,192939.038630,0.530612,0.469388,11396 11397 11675 11771 11772 11800 11967 12025 12132 12620 12735 12971 13207 13237 13253
moead,513_e-05,6,27,150,3,29624594.495534,188447.173860,0.551020,0.448980,11396 11397 11593 11675 11771 11800 11967 12025 12132 12262 12620 12735 12978 13237 13253
moead,513_e-05,6,28,150,3,29624594.495534,188447.173860,0.571429,0.428571,11396 11397 11593 11675 11771 11800 11967 12025 12132 12262 12620 12735 12978 13237 13253
moead,513_e-05,6,29,150,3,29624594.495534,188447.173860,0.591837,0.408163,11396 11397 11593 11675 11771 11800 11967 12025 12132 12262 12620 12735 12978 13237 13253
moead,513_e-05,6,30,150,3,29624594.495534,188447.173860,0.612245,0.387755,11396 11397 11593 11675 11771 11800 11967 12025 12132 12262 12620 12735 12978 13237 13253
moead,513_e-05,6,31,150,3,29624594.495534,188447.173860,0.632653,0.367347,11396 11397 11593 11675 11771 11800 11967 12025 12132 12262 12620 12735 12978 13237 13253
moead,513_e-05,6,32,150,3,29624594.495534,188447.173860,0.653061,0.346939,11396 11397 11593 11675 11771 11800 11967 12025 12132 12262 12620 12735 12978 13237 13253
moead,513_e-05,6,33,150,3,29624594.495534,188447.173860,0.673469,0.326531,11396 11397 11593 11675 11771 11800 11967 12025 12132 12262 12620 12735 12978 13237 13253
moead,513_e-05,6,34,150,3,29624594.495534,188447.173860,0.693878,0.306122,11396 11397 11593 11675 11771 11800 11967 12025 12132 12262 12620 12735 12978 13237 13253
moead,513_e-05,6,35,150,3,29624594.495534,188447.173860,0.714286,0.285714,11396 11397 11593 11675 11771 11800 11967 12025 12132 12262 12620 12735 12978 13237 13253
moead,513_e-05,6,36,150,3,29624594.495534,188447.173860,0.734694,0.265306,11396 11397 11593 11675 11771 11800 11967 12025 12132 12262 12620 12735 12978 13237 13253
moead,513_e-05,6,37,150,3,29624594.495534,188447.173860,0.755102,0.244898,11396 11397 11593 11675 11771 11800 11967 12025 12132 12262 12620 12735 12978 13237 13253
moead,513_e-05,6,38,150,3,29624594.495534,188447.173860,0.775510,0.224490,11396 11397 11593 11675 11771 11800 11967 12025 12132 12262 12620 12735 12978 13237 13253
moead,513_e-05,6,39,150,3,29624594.495534,188447.173860,0.795918,0.204082,11396 11397 11593 11675 11771 11800 11967 12025 12132 12262 12620 12735 12978 13237 13253
moead,513_e-05,6,40,150,3,29622367.325931,188223.059023,0.816327,0.183673,11396 11397 11675 11771 11800 11967 12025 12132 12262 12620 12735 12971 12978 13237 13253
moead,513_e-05,6,41,150,3,29622367.325931,188223.059023,0.836735,0.163265,11396 11397 11675 11771 11800 11967 12025 12132 12262 12620 12735 12971 12978 13237 13253
moead,513_e-05,6,42,150,3,29622367.325931,188223.059023,0.857143,0.142857,11396 11397 11675 11771 11800 11967 12025 12132 12262 12620 12735 12971 12978 13237 13253
moead,513_e-05,6,43,150,3,29622367.325931,188223.059023,0.877551,0.122449,11396 11397 11675 11771 11800 11967 12025 12132 12262 12620 12735 12971 12978 13237 13253
moead,513_e-05,6,44,150,3,29622367.325931,188223.059023,0.897959,0.102041,11396 11397 11675 11771 11800 11967 12025 12132 12262 12620 12735 12971 12978 13237 13253
moead,513_e-05,6,45,150,3,29622367.325931,188223.059023,0.918367,0.081633,11396 11397 11675 11771 11800 11967 12025 12132 12262 12620 12735 12971 12978 13237 13253
moead,513_e-05,6,46,150,3,29622367.325931,188223.059023,0.938776,0.061224,11396 11397 11675 11771 11800 11967 12025 12132 12262 12620 12735 12971 12978 13237 13253
moead,513_e-05,6,47,150,3,29622367.325931,188223.059023,0.959184,0.040816,11396 11397 11675 11771 11800 11967 12025 12132 12262 12620 12735 12971 12978 13237 13253
moead,513_e-05,6,48,150,3,29622367.325931,188223.059023,0.979592,0.020408,11396 11397 11675 11771 11800 11967 12025 12132 12262 12620 12735 12971 12978 13237 13253
moead,513_e-05,6,49,150,3,29622367.325931,188223.059023,1.000000,0.000000,11396 11397 11675 11771 11800 11967 12025 12132 12262 12620 12735 12971 12978 13237 13253
moead,513_e-05,6,0,200,4,37283068.142201,236183.260254,0.000000,1.000000,433 1335 3290 26655 44427 61148 62586 67227 67919 76576 85422 107631 133431 139238 155793
moead,513_e-05,6,1,200,4,30475214.869390,218028.331406,0.020408,0.979592,11110 11397 11445 11967 12262 12459 12735 12971 14149 14512 14709 18288 20849 50604 63011
moead,513_e-05,6,2,200,4,30137568.751279,212609.881412,0.040816,0.959184,10798 11286 11396 11397 11675 11694 11967 12025 12132 12620 12735 12971 17509 61588 65096
moead,513_e-05,6,3,200,4,30020134.452776,209100.576530,0.061224,0.938776,10798 11396 11397 11675 11694 11967 12025 12132 12620 12735 12971 13269 14872 17509 19591
moead,513_e-05,6,4,200,4,29897317.435845,205742.758658,0.081633,0.918367,10798 11286 11396 11397 11675 11694 11967 12025 12132 12620 12735 12971 14872 15677 17509
moead,513_e-05,6,5,200,4,29897317.435845,205742.758658,0.102041,0.897959,10798 11286 11396 11397 11675 11694 11967 12025 12132 12620 12735 12971 14872 15677 17509
moead,513_e-05,6,6,200,4,29860488.574334,201609.090030,0.122449,0.877551,10798 11396 11397 11675 11694 11800 11967 12025 12132 12620 12735 12971 14872 15677 17509
moead,513_e-05,6,7,200,4,29783920.726267,200861.696037,0.142857,0.857143,10664 10733 11396 11397 11675 11771 11967 12025 12132 12620 12735 12971 13253 13862 13986
moead,513_e-05,6,8,200,4,29783920.726267,200861.696037,0.163265,0.836735,10664 10733 11396 11397 11675 11771 11967 12025 12132 12620 12735 12971 13253 13862 13986
moead,513_e-05,6,9,200,4,29693564.469453,200695.535813,0.183673,0.816327,11212 11225 11396 11593 11675 11771 11800 12025 12132 12262 12620 12735 13237 13253 13862
moead,513_e-05,6,10,200,4,29693564.469453,200695.535813,0.204082,0.795918,11212 11225 11396 11593 11675 11771 11800 12025 12132 12262 12620 12735 13237 13253 13862
moead,513_e-05,6,11,200,4,29693564.469453,200695.535813,0.224490,0.775510,11212 11225 11396 11593 11675 11771 11800 12025 12132 12262 12620 12735 13237 13253 13862
moead,513_e-05,6,12,200,4,29693564.469453,200695.535813,0.244898,0.755102,11212 11225 11396 11593 11675 11771 11800 12025 12132 12262 12620 12735 13237 13253 13862
moead,513_e-05,6,13,200,4,29693564.469453,200695.535813,0.265306,0.734694,11212 11225 11396 11593 11675 11771 11800 12025 12132 12262 12620 12735 13237 13253 13862
moead,513_e-05,6,14,200,4,29693564.469453,200695.535813,0.285714,0.714286,11212 11225 11396 11593 11675 11771 11800 12025 12132 12262 12620 12735 13237 13253 13862
moead,513_e-05,6,15,200,4,29693564.469453,200695.535813,0.306122,0.693878,11212 11225 11396 11593 11675 11771 11800 12025 12132 12262 12620 12735 13237 13253 13862
moead,513_e-05,6,16,200,4,29693564.469453,200695.535813,0.326531,0.673469,11212 11225 11396 11593 11675 11771 11800 12025 12132 12262 12620 12735 13237 13253 13862
moead,513_e-05,6,17,200,4,29664044.865307,196575.520322,0.346939,0.653061,11225 11396 11397 11593 11675 11771 11800 12025 12132 12262 12620 12735 13237 13253 13862
moead,513_e-05,6,18,200,4,29664044.865307,196575.520322,0.367347,0.632653,11225 11396 11397 11593 11675 11771 11800 12025 12132 12262 12620 12735 13237 13253 13862
moead,513_e-05,6,19,200,4,29664044.865307,196575.520322,0.387755,0.612245,11225 11396 11397 11593 11675 11771 11800 12025 12132 12262 12620 12735 13237 13253 13862
moead,513_e-05,6,20,200,4,29664044.865307,196575.520322,0.408163,0.591837,11225 11396 11397 11593 11675 11771 11800 12025 12132 12262 12620 12735 13237 13253 13862
moead,513_e-05,6,21,200,4,29664044.865307,196575.520322,0.428571,0.571429,11225 11396 11397 11593 11675 11771 11800 12025 12132 12262 12620 12735 13237 13253 13862
moead,513_e-05,6,22,200,4,29664044.865307,196575.520322,0.448980,0.551020,11225 11396 11397 11593 11675 11771 11800 12025 12132 12262 12620 12735 13237 13253 13862
moead,513_e-05,6,23,200,4,29635435.518944,193483.011549,0.469388,0.530612,11225 11396 11397 11497 11593 11771 11799 11800 11967 12132 12262 12620 12735 13237 13253
moead,513_e-05,6,24,200,4,29635435.518944,193483.011549,0.489796,0.510204,11225 11396 11397 11497 11593 11771 11799 11800 11967 12132 12262 12620 12735 13237 13253
moead,513_e-05,6,25,200,4,29635435.518944,193483.011549,0.510204,0.489796,11225 11396 11397 11497 11593 11771 11799 11800 11967 12132 12262 12620 12735 13237 13253
moead,513_e-05,6,26,200,4,29635435.518944,193483.011549,0.530612,0.469388,11225 11396 11397 11497 11593 11771 11799 11800 11967 12132 12262 12620 12735 13237 13253
moead,513_e-05,6,27,200,4,29635435.518944,193483.011549,0.551020,0.448980,11225 11396 11397 11497 11593 11771 11799 11800 11967 12132 12262 12620 12735 13237 13253
moead,513_e-05,6,28,200,4,29635435.518944,193483.011549,0.571429,0.428571,11225 11396 11397 11497 11593 11771 11799 11800 11967 12132 12262 12620 12735 13237 13253
moead,513_e-05,6,29,200,4,29635435.518944,193483.011549,0.591837,0.408163,11225 11396 11397 11497 11593 11771 11799 11800 11967 12132 12262 12620 12735 13237 13253
moead,513_e-05,6,30,200,4,29635435.518944,193483.011549,0.612245,0.387755,11225 11396 11397 11497 11593 11771 11799 11800 11967 12132 12262 12620 12735 13237 13253
moead,513_e-05,6,31,200,4,29635435.518944,193483.011549,0.632653,0.367347,11225 11396 11397 11497 11593 11771 11799 11800 11967 12132 12262 12620 12735 13237 13253
moead,513_e-05,6,32,200,4,29635435.518944,193483.011549,0.653061,0.346939,11225 11396 11397 11497 11593 11771 11799 11800 11967 12132 12262 12620 12735 13237 13253
moead,513_e-05,6,33,200,4,29628970.911541,193344.406812,0.673469,0.326531,11225 11396 11397 11593 11771 11799 11800 11967 12132 12233 12262 12620 12735 13237 13253
moead,513_e-05,6,34,200,4,29628970.911541,193344.406812,0.693878,0.306122,11225 11396 11397 11593 11771 11799 11800 11967 12132 12233 12262 12620 12735 13237 13253
moead,513_e-05,6,35,200,4,29628970.911541,193344.406812,0.714286,0.285714,11225 11396 11397 11593 11771 11799 11800 11967 12132 12233 12262 12620 12735 13237 13253
moead,513_e-05,6,36,200,4,29623806.936290,192938.658698,0.734694,0.265306,11225 11396 11397 11593 11675 11771 11800 11967 12132 12233 12262 12620 12735 13237 13253
moead,513_e-05,6,37,200,4,29623806.936290,192938.658698,0.755102,0.244898,11225 11396 11397 11593 11675 11771 11800 11967 12132 12233 12262 12620 12735 13237 13253
moead,513_e-05,6,38,200,4,29623806.936290,192938.658698,0.775510,0.224490,11225 11396 11397 11593 11675 11771 11800 11967 12132 12233 12262 12620 12735 13237 13253
moead,513_e-05,6,39,200,4,29623806.936290,192938.658698,0.795918,0.204082,11225 11396 11397 11593 11675 11771 11800 11967 12132 12233 12262 12620 12735 13237 13253
moead,513_e-05,6,40,200,4,29622004.316197,192524.008558,0.816327,0.183673,11225 11396 11397 11499 11593 11675 11771 11800 11967 12132 12233 12262 12620 12735 13253
moead,513_e-05,6,41,200,4,29622004.316197,192524.008558,0.836735,0.163265,11225 11396 11397 11499 11593 11675 11771 11800 11967 12132 12233 12262 12620 12735 13253
moead,513_e-05,6,42,200,4,29619539.841604,188362.605060,0.857143,0.142857,11396 11397 11675 11771 11800 11967 12025 12132 12262 12371 12620 12735 12971 12978 13253
moead,513_e-05,6,43,200,4,29616822.685580,188105.693677,0.877551,0.122449,11396 11397 11675 11771 11800 11967 12025 12132 12262 12371 12620 12735 12971 12978 13112
moead,513_e-05,6,44,200,4,29616822.685580,188105.693677,0.897959,0.102041,11396 11397 11675 11771 11800 11967 12025 12132 12262 12371 12620 12735 12971 12978 13112
moead,513_e-05,6,45,200,4,29616822.685580,188105.693677,0.918367,0.081633,11396 11397 11675 11771 11800 11967 12025 12132 12262 12371 12620 12735 12971 12978 13112
moead,513_e-05,6,46,200,4,29616822.685580,188105.693677,0.938776,0.061224,11396 11397 11675 11771 11800 11967 12025 12132 12262 12371 12620 12735 12971 12978 13112
moead,513_e-05,6,47,200,4,29616822.685580,188105.693677,0.959184,0.040816,11396 11397 11675 11771 11800 11967 12025 12132 12262 12371 12620 12735 12971 12978 13112
moead,513_e-05,6,48,200,4,29616822.685580,188105.693677,0.979592,0.020408,11396 11397 11675 11771 11800 11967 12025 12132 12262 12371 12620 12735 12971 12978 13112
moead,513_e-05,6,49,200,4,29616822.685580,188105.693677,1.000000,0.000000,11396 11397 11675 11771 11800 11967 12025 12132 12262 12371 12620 12735 12971 12978 13112
moead,513_e-05,6,0,250,5,36852492.040434,236183.260254,0.000000,1.000000,433 17509 25804 44427 51355 61148 66483 67860 67919 76576 85422 90850 116944 161699 167278
moead,513_e-05,6,1,250,5,30379696.886595,218077.725334,0.020408,0.979592,10798 11286 11396 11675 11967 12132 12620 12735 12971 13873 14872 15677 17509 51725 60911
moead,513_e-05,6,2,250,5,30105955.837531,213953.194264,0.040816,0.959184,10798 11286 11396 11397 11675 11694 11967 12620 12735 12971 13873 14872 15677 15733 17509
moead,513_e-05,6,3,250,5,29951381.787787,209887.336282,0.061224,0.938776,10798 11286 11396 11675 11694 11967 12132 12620 12735 12971 13106 13873 14872 15677 17509
moead,513_e-05,6,4,250,5,29897317.435845,205742.758658,0.081633,0.918367,10798 11286 11396 11397 11675 11694 11967 12025 12132 12620 12735 12971 14872 15677 17509
moead,513_e-05,6,5,250,5,29817783.938559,205529.914429,0.102041,0.897959,10186 11212 11225 11396 11593 11771 11800 12132 12262 12620 12735 13237 13253 13823 14543
moead,513_e-05,6,6,250,5,29812700.018973,204881.633655,0.122449,0.877551,10798 11286 11396 11397 11675 11694 11967 12025 12132 12620 12735 12971 13253 13823 14543
moead,513_e-05,6,7,250,5,29755905.447152,201689.973534,0.142857,0.857143,11212 11225 11290 11396 11593 11675 11771 12132 12262 12620 12735 13237 13253 13823 14543
moead,513_e-05,6,8,250,5,29726006.819351,201302.377343,0.163265,0.836735,11212 11225 11396 11593 11675 11771 11800 12132 12262 12620 12735 13237 13253 13823 14543
moead,513_e-05,6,9,250,5,29693564.469453,200695.535813,0.183673,0.816327,11212 11225 11396 11593 11675 11771 11800 12025 12132 12262 12620 12735 13237 13253 13862
moead,513_e-05,6,10,250,5,29693564.469453,200695.535813,0.204082,0.795918,11212 11225 11396 11593 11675 11771 11800 12025 12132 12262 12620 12735 13237 13253 13862
moead,513_e-05,6,11,250,5,29685034.237059,200670.798368,0.224490,0.775510,11212 11225 11396 11593 11675 11771 11800 12025 12132 12618 12620 12735 13237 13253 13862
moead,513_e-05,6,12,250,5,29683409.648761,200072.007588,0.244898,0.755102,11212 11225 11396 11593 11771 11800 12025 12132 12245 12618 12620 12735 13237 13253 13862
moead,513_e-05,6,13,250,5,29674462.202832,196578.424168,0.265306,0.734694,10920 11225 11396 11397 11593 11675 11771 11800 12025 12132 12262 12735 13237 13253 13862
moead,513_e-05,6,14,250,5,29664044.865307,196575.520322,0.285714,0.714286,11225 11396 11397 11593 11675 11771 11800 12025 12132 12262 12620 12735 13237 13253 13862
moead,513_e-05,6,15,250,5,29664044.865307,196575.520322,0.306122,0.693878,11225 11396 11397 11593 11675 11771 11800 12025 12132 12262 12620 12735 13237 13253 13862
moead,513_e-05,6,16,250,5,29652057.012171,193649.968702,0.326531,0.673469,11225 11396 11397 11497 11593 11771 11799 11800 12074 12132 12262 12620 12735 13237 13253
moead,513_e-05,6,17,250,5,29635435.518944,193483.011549,0.346939,0.653061,11225 11396 11397 11497 11593 11771 11799 11800 11967 12132 12262 12620 12735 13237 13253
moead,513_e-05,6,18,250,5,29635435.518944,193483.011549,0.367347,0.632653,11225 11396 11397 11497 11593 11771 11799 11800 11967 12132 12262 12620 12735 13237 13253
moead,513_e-05,6,19,250,5,29635435.518944,193483.011549,0.387755,0.612245,11225 11396 11397 11497 11593 11771 11799 11800 11967 12132 12262 12620 12735 13237 13253
moead,513_e-05,6,20,250,5,29628970.911541,193344.406812,0.408163,0.591837,11225 11396 11397 11593 11771 11799 11800 11967 12132 12233 12262 12620 12735 13237 13253
moead,513_e-05,6,21,250,5,29623806.936290,192938.658698,0.428571,0.571429,11225 11396 11397 11593 11675 11771 11800 11967 12132 12233 12262 12620 12735 13237 13253
moead,513_e-05,6,22,250,5,29597798.687501,192145.391572,0.448980,0.551020,11225 11396 11397 11499 11572 11593 11675 11771 11800 11986 12233 12262 12620 12735 13253
moead,513_e-05,6,23,250,5,29597798.687501,192145.391572,0.469388,0.530612,11225 11396 11397 11499 11572 11593 11675 11771 11800 11986 12233 12262 12620 12735 13253
moead,513_e-05,6,24,250,5,29597798.687501,192145.391572,0.489796,0.510204,11225 11396 11397 11499 11572 11593 11675 11771 11800 11986 12233 12262 12620 12735 13253
moead,513_e-05,6,25,250,5,29597798.687501,192145.391572,0.510204,0.489796,11225 11396 11397 11499 11572 11593 11675 11771 11800 11986 12233 12262 12620 12735 13253
moead,513_e-05,6,26,250,5,29597798.687501,192145.391572,0.530612,0.469388,11225 11396 11397 11499 11572 11593 11675 11771 11800 11986 12233 12262 12620 12735 13253
moead,513_e-05,6,27,250,5,29597798.687501,192145.391572,0.551020,0.448980,11225 11396 11397 11499 11572 11593 11675 11771 11800 11986 12233 12262 12620 12735 13253
moead,513_e-05,6,28,250,5,29597798.687501,192145.391572,0.571429,0.428571,11225 11396 11397 11499 11572 11593 11675 11771 11800 11986 12233 12262 12620 12735 13253
moead,513_e-05,6,29,250,5,29597798.687501,192145.391572,0.591837,0.408163,11225 11396 11397 11499 11572 11593 11675 11771 11800 11986 12233 12262 12620 12735 13253
moead,513_e-05,6,30,250,5,29577986.435467,191725.044007,0.612245,0.387755,11225 11396 11397 11499 11580 11675 11771 11800 12132 12233 12620 12735 12853 12971 13253
moead,513_e-05,6,31,250,5,29577986.435467,191725.044007,0.632653,0.367347,11225 11396 11397 11499 11580 11675 11771 11800 12132 12233 12620 12735 12853 12971 13253
moead,513_e-05,6,32,250,5,29577986.435467,191725.044007,0.653061,0.346939,11225 11396 11397 11499 11580 11675 11771 11800 12132 12233 12620 12735 12853 12971 13253
moead,513_e-05,6,33,250,5,29577986.435467,191725.044007,0.673469,0.326531,11225 11396 11397 11499 11580 11675 11771 11800 12132 12233 12620 12735 12853 12971 13253
moead,513_e-05,6,34,250,5,29577986.435467,191725.044007,0.693878,0.306122,11225 11396 11397 11499 11580 11675 11771 11800 12132 12233 12620 12735 12853 12971 13253
moead,513_e-05,6,35,250,5,29577986.435467,191725.044007,0.714286,0.285714,11225 11396 11397 11499 11580 11675 11771 11800 12132 12233 12620 12735 12853 12971 13253
moead,513_e-05,6,36,250,5,29577986.435467,191725.044007,0.734694,0.265306,11225 11396 11397 11499 11580 11675 11771 11800 12132 12233 12620 12735 12853 12971 13253
moead,513_e-05,6,37,250,5,29577986.435467,191725.044007,0.755102,0.244898,11225 11396 11397 11499 11580 11675 11771 11800 12132 12233 12620 12735 12853 12971 13253
moead,513_e-05,6,38,250,5,29577986.435467,191725.044007,0.775510,0.224490,11225 11396 11397 11499 11580 11675 11771 11800 12132 12233 12620 12735 12853 12971 13253
moead,513_e-05,6,39,250,5,29577986.435467,191725.044007,0.795918,0.204082,11225 11396 11397 11499 11580 11675 11771 11800 12132 12233 12620 12735 12853 12971 13253
moead,513_e-05,6,40,250,5,29577986.435467,191725.044007,0.816327,0.183673,11225 11396 11397 11499 11580 11675 11771 11800 12132 12233 12620 12735 12853 12971 13253
moead,513_e-05,6,41,250,5,29567925.977858,187992.225065,0.836735,0.163265,11396 11397 11499 11580 11675 11771 11800 12132 12233 12458 12620 12735 12853 12971 13253
moead,513_e-05,6,42,250,5,29567925.977858,187992.225065,0.857143,0.142857,11396 11397 11499 11580 11675 11771 11800 12132 12233 12458 12620 12735 12853 12971 13253
moead,513_e-05,6,43,250,5,29567925.977858,187992.225065,0.877551,0.122449,11396 11397 11499 11580 11675 11771 11800 12132 12233 12458 12620 12735 12853 12971 13253
moead,513_e-05,6,44,250,5,29567925.977858,187992.225065,0.897959,0.102041,11396 11397 11499 11580 11675 11771 11800 12132 12233 12458 12620 12735 12853 12971 13253
moead,513_e-05,6,45,250,5,29567925.977858,187992.225065,0.918367,0.081633,11396 11397 11499 11580 11675 11771 11800 12132 12233 12458 12620 12735 12853 12971 13253
moead,513_e-05,6,46,250,5,29567925.977858,187992.225065,0.938776,0.061224,11396 11397 11499 11580 11675 11771 11800 12132 12233 12458 12620 12735 12853 12971 13253
moead,513_e-05,6,47,250,5,29567925.977858,187992.225065,0.959184,0.040816,11396 11397 11499 11580 11675 11771 11800 12132 12233 12458 12620 12735 12853 12971 13253
moead,513_e-05,6,48,250,5,29567925.977858,187992.225065,0.979592,0.020408,11396 11397 11499 11580 11675 11771 11800 12132 12233 12458 12620 12735 12853 12971 13253
moead,513_e-05,6,49,250,5,29567925.977858,187992.225065,1.000000,0.000000,11396 11397 11499 11580 11675 11771 11800 12132 12233 12458 12620 12735 12853 12971 13253
moead,513_e-05,6,0,300,6,36000210.560206,236183.260254,0.000000,1.000000,14094 14872 15677 17509 44427 51355 54551 66483 67860 72279 76420 76631 93599 100829 133120
moead,513_e-05,6,1,300,6,30364494.472144,218077.725334,0.020408,0.979592,10798 11286 11396 11675 11967 12132 12620 12735 12971 13148 14872 15677 15709 17509 58897
moead,513_e-05,6,2,300,6,30105955.837531,213953.194264,0.040816,0.959184,10798 11286 11396 11397 11675 11694 11967 12620 12735 12971 13873 14872 15677 15733 17509
moead,513_e-05,6,3,300,6,29951381.787787,209887.336282,0.061224,0.938776,10798 11286 11396 11675 11694 11967 12132 12620 12735 12971 13106 13873 14872 15677 17509
moead,513_e-05,6,4,300,6,29826222.000635,205917.510620,0.081633,0.918367,10424 11212 11225 11290 11396 11593 11771 12132 12262 12620 12735 13237 13253 13823 14543
moead,513_e-05,6,5,300,6,29817783.938559,205529.914429,0.102041,0.897959,10186 11212 11225 11396 11593 11771 11800 12132 12262 12620 12735 13237 13253 13823 14543
moead,513_e-05,6,6,300,6,29766736.826846,204820.750694,0.122449,0.877551,10120 11212 11225 11396 11593 11675 11771 11800 12025 12132 12262 12735 13237 13253 13862
moead,513_e-05,6,7,300,6,29755905.447152,201689.973534,0.142857,0.857143,11212 11225 11290 11396 11593 11675 11771 12132 12262 12620 12735 13237 13253 13823 14543
moead,513_e-05,6,8,300,6,29726006.819351,201302.377343,0.163265,0.836735,11212 11225 11396 11593 11675 11771 11800 12132 12262 12620 12735 13237 13253 13823 14543
moead,513_e-05,6,9,300,6,29693564.469453,200695.535813,0.183673,0.816327,11212 11225 11396 11593 11675 11771 11800 12025 12132 12262 12620 12735 13237 13253 13862
moead,513_e-05,6,10,300,6,29685034.237059,200670.798368,0.204082,0.795918,11212 11225 11396 11593 11675 11771 11800 12025 12132 12618 12620 12735 13237 13253 13862
moead,513_e-05,6,11,300,6,29671974.886333,197608.209367,0.224490,0.775510,11225 11396 11397 11497 11593 11771 11799 11800 11967 12132 12262 12735 13237 13253 13862
moead,513_e-05,6,12,300,6,29662399.823919,197017.518772,0.244898,0.755102,11225 11396 11397 11497 11593 11771 11799 11800 12132 12262 12620 12735 13237 13698 13862
moead,513_e-05,6,13,300,6,29656403.374076,196980.861951,0.265306,0.734694,11225 11396 11397 11497 11593 11771 11799 11800 12132 12262 12620 12735 13237 13253 13862
moead,513_e-05,6,14,300,6,29652057.012171,193649.968702,0.285714,0.714286,11225 11396 11397 11497 11593 11771 11799 11800 12074 12132 12262 12620 12735 13237 13253
moead,513_e-05,6,15,300,6,29635435.518944,193483.011549,0.306122,0.693878,11225 11396 11397 11497 11593 11771 11799 11800 11967 12132 12262 12620 12735 13237 13253
moead,513_e-05,6,16,300,6,29635435.518944,193483.011549,0.326531,0.673469,11225 11396 11397 11497 11593 11771 11799 11800 11967 12132 12262 12620 12735 13237 13253
moead,513_e-05,6,17,300,6,29621800.585971,193207.279670,0.346939,0.653061,11225 11396 11397 11486 11593 11677 11771 11800 11967 12233 12262 12620 12735 13237 13253
moead,513_e-05,6,18,300,6,29621800.585971,193207.279670,0.367347,0.632653,11225 11396 11397 11486 11593 11677 11771 11800 11967 12233 12262 12620 12735 13237 13253
moead,513_e-05,6,19,300,6,29591572.725342,192567.368124,0.387755,0.612245,11225 11396 11397 11499 11572 11593 11675 11771 11800 11986 12233 12262 12735 13237 13253
moead,513_e-05,6,20,300,6,29591572.725342,192567.368124,0.408163,0.591837,11225 11396 11397 11499 11572 11593 11675 11771 11800 11986 12233 12262 12735 13237 13253
moead,513_e-05,6,21,300,6,29591572.725342,192567.368124,0.428571,0.571429,11225 11396 11397 11499 11572 11593 11675 11771 11800 11986 12233 12262 12735 13237 13253
moead,513_e-05,6,22,300,6,29591572.725342,192567.368124,0.448980,0.551020,11225 11396 11397 11499 11572 11593 11675 11771 11800 11986 12233 12262 12735 13237 13253
moead,513_e-05,6,23,300,6,29591572.725342,192567.368124,0.469388,0.530612,11225 11396 11397 11499 11572 11593 11675 11771 11800 11986 12233 12262 12735 13237 13253
moead,513_e-05,6,24,300,6,29591572.725342,192567.368124,0.489796,0.510204,11225 11396 11397 11499 11572 11593 11675 11771 11800 11986 12233 12262 12735 13237 13253
moead,513_e-05,6,25,300,6,29591572.725342,192567.368124,0.510204,0.489796,11225 11396 11397 11499 11572 11593 11675 11771 11800 11986 12233 12262 12735 13237 13253
moead,513_e-05,6,26,300,6,29573839.842291,191743.555700,0.530612,0.469388,11225 11396 11397 11580 11675 11771 11789 11800 12132 12233 12620 12735 12853 12971 13253
moead,513_e-05,6,27,300,6,29573839.842291,191743.555700,0.551020,0.448980,11225 11396 11397 11580 11675 11771 11789 11800 12132 12233 12620 12735 12853 12971 13253
moead,513_e-05,6,28,300,6,29573839.842291,191743.555700,0.571429,0.428571,11225 11396 11397 11580 11675 11771 11789 11800 12132 12233 12620 12735 12853 12971 13253
moead,513_e-05,6,29,300,6,29573839.842291,191743.555700,0.591837,0.408163,11225 11396 11397 11580 11675 11771 11789 11800 12132 12233 12620 12735 12853 12971 13253
moead,513_e-05,6,30,300,6,29573839.842291,191743.555700,0.612245,0.387755,11225 11396 11397 11580 11675 11771 11789 11800 12132 12233 12620 12735 12853 12971 13253
moead,513_e-05,6,31,300,6,29573839.842291,191743.555700,0.632653,0.367347,11225 11396 11397 11580 11675 11771 11789 11800 12132 12233 12620 12735 12853 12971 13253
moead,513_e-05,6,32,300,6,29573839.842291,191743.555700,0.653061,0.346939,11225 11396 11397 11580 11675 11771 11789 11800 12132 12233 12620 12735 12853 12971 13253
moead,513_e-05,6,33,300,6,29549655.460426,188002.270022,0.673469,0.326531,11396 11499 11580 11675 11771 11800 11875 12115 12132 12233 12458 12735 12853 12971 13253
moead,513_e-05,6,34,300,6,29549655.460426,188002.270022,0.693878,0.306122,11396 11499 11580 11675 11771 11800 11875 12115 12132 12233 12458 12735 12853 12971 13253
moead,513_e-05,6,35,300,6,29549655.460426,188002.270022,0.714286,0.285714,11396 11499 11580 11675 11771 11800 11875 12115 12132 12233 12458 12735 12853 12971 13253
moead,513_e-05,6,36,300,6,29549655.460426,188002.270022,0.734694,0.265306,11396 11499 11580 11675 11771 11800 11875 12115 12132 12233 12458 12735 12853 12971 13253
moead,513_e-05,6,37,300,6,29549655.460426,188002.270022,0.755102,0.244898,11396 11499 11580 11675 11771 11800 11875 12115 12132 12233 12458 12735 12853 12971 13253
moead,513_e-05,6,38,300,6,29549655.460426,188002.270022,0.775510,0.224490,11396 11499 11580 11675 11771 11800 11875 12115 12132 12233 12458 12735 12853 12971 13253
moead,513_e-05,6,39,300,6,29549655.460426,188002.270022,0.795918,0.204082,11396 11499 11580 11675 11771 11800 11875 12115 12132 12233 12458 12735 12853 12971 13253
moead,513_e-05,6,40,300,6,29549655.460426,188002.270022,0.816327,0.183673,11396 11499 11580 11675 11771 11800 11875 12115 12132 12233 12458 12735 12853 12971 13253
moead,513_e-05,6,41,300,6,29549655.460426,188002.270022,0.836735,0.163265,11396 11499 11580 11675 11771 11800 11875 12115 12132 12233 12458 12735 12853 12971 13253
moead,513_e-05,6,42,300,6,29549655.460426,188002.270022,0.857143,0.142857,11396 11499 11580 11675 11771 11800 11875 12115 12132 12233 12458 12735 12853 12971 13253
moead,513_e-05,6,43,300,6,29549655.460426,188002.270022,0.877551,0.122449,11396 11499 11580 11675 11771 11800 11875 12115 12132 12233 12458 12735 12853 12971 13253
moead,513_e-05,6,44,300,6,29549655.460426,188002.270022,0.897959,0.102041,11396 11499 11580 11675 11771 11800 11875 12115 12132 12233 12458 12735 12853 12971 13253
moead,513_e-05,6,45,300,6,29549655.460426,188002.270022,0.918367,0.081633,11396 11499 11580 11675 11771 11800 11875 12115 12132 12233 12458 12735 12853 12971 13253
moead,513_e-05,6,46,300,6,29549655.460426,188002.270022,0.938776,0.061224,11396 11499 11580 11675 11771 11800 11875 12115 12132 12233 12458 12735 12853 12971 13253
moead,513_e-05,6,47,300,6,29549655.460426,188002.270022,0.959184,0.040816,11396 11499 11580 11675 11771 11800 11875 12115 12132 12233 12458 12735 12853 12971 13253
moead,513_e-05,6,48,300,6,29549655.460426,188002.270022,0.979592,0.020408,11396 11499 11580 11675 11771 11800 11875 12115 12132 12233 12458 12735 12853 12971 13253
moead,513_e-05,6,49,300,6,29549655.460426,188002.270022,1.000000,0.000000,11396 11499 11580 11675 11771 11800 11875 12115 12132 12233 12458 12735 12853 12971 13253
moead,513_e-05,6,0,350,7,35408513.845750,236183.260254,0.000000,1.000000,14094 14872 15677 15709 17509 44427 64641 66918 67214 76420 100829 107886 108621 149527 151220
moead,513_e-05,6,1,350,7,30387478.630500,218221.809036,0.020408,0.979592,10798 11286 11396 11675 11967 12620 12735 12971 13148 13862 14872 15677 15709 17509 67214
moead,513_e-05,6,2,350,7,30105955.837531,213953.194264,0.040816,0.959184,10798 11286 11396 11397 11675 11694 11967 12620 12735 12971 13873 14872 15677 15733 17509
moead,513_e-05,6,3,350,7,29951381.787787,209887.336282,0.061224,0.938776,10798 11286 11396 11675 11694 11967 12132 12620 12735 12971 13106 13873 14872 15677 17509
moead,513_e-05,6,4,350,7,29826222.000635,205917.510620,0.081633,0.918367,10424 11212 11225 11290 11396 11593 11771 12132 12262 12620 12735 13237 13253 13823 14543
moead,513_e-05,6,5,350,7,29812833.746006,205254.202903,0.102041,0.897959,10120 11212 11225 11396 11593 11675 11771 11800 12025 12132 12735 13237 13253 13862 14543
moead,513_e-05,6,6,350,7,29766736.826846,204820.750694,0.122449,0.877551,10120 11212 11225 11396 11593 11675 11771 11800 12025 12132 12262 12735 13237 13253 13862
moead,513_e-05,6,7,350,7,29726006.819351,201302.377343,0.142857,0.857143,11212 11225 11396 11593 11675 11771 11800 12132 12262 12620 12735 13237 13253 13823 14543
moead,513_e-05,6,8,350,7,29691919.428066,201081.696171,0.163265,0.836735,11212 11225 11396 11497 11593 11771 11799 11800 12132 12262 12620 12735 13237 13698 13862
moead,513_e-05,6,9,350,7,29691919.428066,201081.696171,0.183673,0.816327,11212 11225 11396 11497 11593 11771 11799 11800 12132 12262 12620 12735 13237 13698 13862
moead,513_e-05,6,10,350,7,29685034.237059,200670.798368,0.204082,0.795918,11212 11225 11396 11593 11675 11771 11800 12025 12132 12618 12620 12735 13237 13253 13862
moead,513_e-05,6,11,350,7,29671974.886333,197608.209367,0.224490,0.775510,11225 11396 11397 11497 11593 11771 11799 11800 11967 12132 12262 12735 13237 13253 13862
moead,513_e-05,6,12,350,7,29656403.374076,196980.861951,0.244898,0.755102,11225 11396 11397 11497 11593 11771 11799 11800 12132 12262 12620 12735 13237 13253 13862
moead,513_e-05,6,13,350,7,29656403.374076,196980.861951,0.265306,0.734694,11225 11396 11397 11497 11593 11771 11799 11800 12132 12262 12620 12735 13237 13253 13862
moead,513_e-05,6,14,350,7,29635435.518944,193483.011549,0.285714,0.714286,11225 11396 11397 11497 11593 11771 11799 11800 11967 12132 12262 12620 12735 13237 13253
moead,513_e-05,6,15,350,7,29635435.518944,193483.011549,0.306122,0.693878,11225 11396 11397 11497 11593 11771 11799 11800 11967 12132 12262 12620 12735 13237 13253
moead,513_e-05,6,16,350,7,29626895.850040,193372.467045,0.326531,0.673469,11225 11396 11397 11497 11593 11771 11799 11800 11967 12233 12262 12620 12735 13237 13253
moead,513_e-05,6,17,350,7,29621104.243577,193195.506666,0.346939,0.653061,11225 11396 11397 11497 11593 11677 11771 11800 11967 12233 12262 12620 12735 13237 13253
moead,513_e-05,6,18,350,7,29601414.648083,193156.568202,0.367347,0.632653,11219 11225 11396 11580 11674 11675 11771 11789 11800 11986 12233 12262 12735 13237 13253
moead,513_e-05,6,19,350,7,29601414.648083,193156.568202,0.387755,0.612245,11219 11225 11396 11580 11674 11675 11771 11789 11800 11986 12233 12262 12735 13237 13253
moead,513_e-05,6,20,350,7,29601414.648083,193156.568202,0.408163,0.591837,11219 11225 11396 11580 11674 11675 11771 11789 11800 11986 12233 12262 12735 13237 13253
moead,513_e-05,6,21,350,7,29581877.699379,192669.305995,0.428571,0.571429,11225 11396 11397 11580 11674 11675 11771 11789 11800 11986 12233 12262 12735 13237 13253
moead,513_e-05,6,22,350,7,29581877.699379,192669.305995,0.448980,0.551020,11225 11396 11397 11580 11674 11675 11771 11789 11800 11986 12233 12262 12735 13237 13253
moead,513_e-05,6,23,350,7,29581877.699379,192669.305995,0.469388,0.530612,11225 11396 11397 11580 11674 11675 11771 11789 11800 11986 12233 12262 12735 13237 13253
moead,513_e-05,6,24,350,7,29581877.699379,192669.305995,0.489796,0.510204,11225 11396 11397 11580 11674 11675 11771 11789 11800 11986 12233 12262 12735 13237 13253
moead,513_e-05,6,25,350,7,29581877.699379,192669.305995,0.510204,0.489796,11225 11396 11397 11580 11674 11675 11771 11789 11800 11986 12233 12262 12735 13237 13253
moead,513_e-05,6,26,350,7,29570040.562116,191976.476234,0.530612,0.469388,11225 11405 11482 11580 11675 11771 11789 11800 12132 12233 12620 12735 12853 12971 13253
moead,513_e-05,6,27,350,7,29570040.562116,191976.476234,0.551020,0.448980,11225 11405 11482 11580 11675 11771 11789 11800 12132 12233 12620 12735 12853 12971 13253
moead,513_e-05,6,28,350,7,29570040.562116,191976.476234,0.571429,0.428571,11225 11405 11482 11580 11675 11771 11789 11800 12132 12233 12620 12735 12853 12971 13253
moead,513_e-05,6,29,350,7,29570040.562116,191976.476234,0.591837,0.408163,11225 11405 11482 11580 11675 11771 11789 11800 12132 12233 12620 12735 12853 12971 13253
moead,513_e-05,6,30,350,7,29570040.562116,191976.476234,0.612245,0.387755,11225 11405 11482 11580 11675 11771 11789 11800 12132 12233 12620 12735 12853 12971 13253
moead,513_e-05,6,31,350,7,29566822.761852,188035.101851,0.632653,0.367347,10915 11499 11580 11675 11771 11800 11875 12115 12132 12233 12458 12735 12853 12971 13253
moead,513_e-05,6,32,350,7,29566822.761852,188035.101851,0.653061,0.346939,10915 11499 11580 11675 11771 11800 11875 12115 12132 12233 12458 12735 12853 12971 13253
moead,513_e-05,6,33,350,7,29549655.460426,188002.270022,0.673469,0.326531,11396 11499 11580 11675 11771 11800 11875 12115 12132 12233 12458 12735 12853 12971 13253
moead,513_e-05,6,34,350,7,29549655.460426,188002.270022,0.693878,0.306122,11396 11499 11580 11675 11771 11800 11875 12115 12132 12233 12458 12735 12853 12971 13253
moead,513_e-05,6,35,350,7,29549655.460426,188002.270022,0.714286,0.285714,11396 11499 11580 11675 11771 11800 11875 12115 12132 12233 12458 12735 12853 12971 13253
moead,513_e-05,6,36,350,7,29549655.460426,188002.270022,0.734694,0.265306,11396 11499 11580 11675 11771 11800 11875 12115 12132 12233 12458 12735 12853 12971 13253
moead,513_e-05,6,37,350,7,29549655.460426,188002.270022,0.755102,0.244898,11396 11499 11580 11675 11771 11800 11875 12115 12132 12233 12458 12735 12853 12971 13253
moead,513_e-05,6,38,350,7,29549655.460426,188002.270022,0.775510,0.224490,11396 11499 11580 11675 11771 11800 11875 12115 12132 12233 12458 12735 12853 12971 13253
moead,513_e-05,6,39,350,7,29549655.460426,188002.270022,0.795918,0.204082,11396 11499 11580 11675 11771 11800 11875 12115 12132 12233 12458 12735 12853 12971 13253
moead,513_e-05,6,40,350,7,29549655.460426,188002.270022,0.816327,0.183673,11396 11499 11580 11675 11771 11800 11875 12115 12132 12233 12458 12735 12853 12971 13253
moead,513_e-05,6,41,350,7,29549655.460426,188002.270022,0.836735,0.163265,11396 11499 11580 11675 11771 11800 11875 12115 12132 12233 12458 12735 12853 12971 13253
moead,513_e-05,6,42,350,7,29549655.460426,188002.270022,0.857143,0.142857,11396 11499 11580 11675 11771 11800 11875 12115 12132 12233 12458 12735 12853 12971 13253
moead,513_e-05,6,43,350,7,29542371.620227,184869.720451,0.877551,0.122449,11396 11499 11580 11675 11771 11800 11875 12115 12119 12132 12214 12233 12735 12853 12971
moead,513_e-05,6,44,350,7,29542371.620227,184869.720451,0.897959,0.102041,11396 11499 11580 11675 11771 11800 11875 12115 12119 12132 12214 12233 12735 12853 12971
moead,513_e-05,6,45,350,7,29542371.620227,184869.720451,0.918367,0.081633,11396 11499 11580 11675 11771 11800 11875 12115 12119 12132 12214 12233 12735 12853 12971
moead,513_e-05,6,46,350,7,29542371.620227,184869.720451,0.938776,0.061224,11396 11499 11580 11675 11771 11800 11875 12115 12119 12132 12214 12233 12735 12853 12971
moead,513_e-05,6,47,350,7,29542371.620227,184869.720451,0.959184,0.040816,11396 11499 11580 11675 11771 11800 11875 12115 12119 12132 12214 12233 12735 12853 12971
moead,513_e-05,6,48,350,7,29542371.620227,184869.720451,0.979592,0.020408,11396 11499 11580 11675 11771 11800 11875 12115 12119 12132 12214 12233 12735 12853 12971
moead,513_e-05,6,49,350,7,29541488.810145,184860.961792,1.000000,0.000000,11396 11499 11580 11675 11771 11800 11875 12115 12119 12132 12233 12458 12735 12853 12971
moead,513_e-05,6,0,400,8,35069212.627080,236183.260254,0.000000,1.000000,10424 11225 11290 11396 11593 48647 50268 85340 106525 107886 112195 141620 143972 147752 149527
moead,513_e-05,6,1,400,8,30387478.630500,218221.809036,0.020408,0.979592,10798 11286 11396 11675 11967 12620 12735 12971 13148 13862 14872 15677 15709 17509 67214
moead,513_e-05,6,2,400,8,30105955.837531,213953.194264,0.040816,0.959184,10798 11286 11396 11397 11675 11694 11967 12620 12735 12971 13873 14872 15677 15733 17509
moead,513_e-05,6,3,400,8,29930873.158239,210039.409870,0.061224,0.938776,10424 11212 11225 11290 11396 11593 11771 12132 12620 12735 13237 13253 13823 14050 14543
moead,513_e-05,6,4,400,8,29866300.639844,206158.550358,0.081633,0.918367,10299 10424 11212 11225 11290 11396 11593 11771 12132 12620 12735 13237 13253 13823 14543
moead,513_e-05,6,5,400,8,29794542.246287,205485.019167,0.102041,0.897959,10424 11225 11290 11396 11593 11771 12132 12262 12494 12620 12735 13237 13253 13823 14543
moead,513_e-05,6,6,400,8,29767869.970478,205156.162513,0.122449,0.877551,10120 11212 11225 11396 11591 11593 11771 11800 12025 12132 12262 12735 13237 13253 13862
moead,513_e-05,6,7,400,8,29726006.819351,201302.377343,0.142857,0.857143,11212 11225 11396 11593 11675 11771 11800 12132 12262 12620 12735 13237 13253 13823 14543
moead,513_e-05,6,8,400,8,29691919.428066,201081.696171,0.163265,0.836735,11212 11225 11396 11497 11593 11771 11799 11800 12132 12262 12620 12735 13237 13698 13862
moead,513_e-05,6,9,400,8,29691919.428066,201081.696171,0.183673,0.816327,11212 11225 11396 11497 11593 11771 11799 11800 12132 12262 12620 12735 13237 13698 13862
moead,513_e-05,6,10,400,8,29685034.237059,200670.798368,0.204082,0.795918,11212 11225 11396 11593 11675 11771 11800 12025 12132 12618 12620 12735 13237 13253 13862
moead,513_e-05,6,11,400,8,29671974.886333,197608.209367,0.224490,0.775510,11225 11396 11397 11497 11593 11771 11799 11800 11967 12132 12262 12735 13237 13253 13862
moead,513_e-05,6,12,400,8,29656403.374076,196980.861951,0.244898,0.755102,11225 11396 11397 11497 11593 11771 11799 11800 12132 12262 12620 12735 13237 13253 13862
moead,513_e-05,6,13,400,8,29656403.374076,196980.861951,0.265306,0.734694,11225 11396 11397 11497 11593 11771 11799 11800 12132 12262 12620 12735 13237 13253 13862
moead,513_e-05,6,14,400,8,29635435.518944,193483.011549,0.285714,0.714286,11225 11396 11397 11497 11593 11771 11799 11800 11967 12132 12262 12620 12735 13237 13253
moead,513_e-05,6,15,400,8,29635435.518944,193483.011549,0.306122,0.693878,11225 11396 11397 11497 11593 11771 11799 11800 11967 12132 12262 12620 12735 13237 13253
moead,513_e-05,6,16,400,8,29626895.850040,193372.467045,0.326531,0.673469,11225 11396 11397 11497 11593 11771 11799 11800 11967 12233 12262 12620 12735 13237 13253
moead,513_e-05,6,17,400,8,29621104.243577,193195.506666,0.346939,0.653061,11225 11396 11397 11497 11593 11677 11771 11800 11967 12233 12262 12620 12735 13237 13253
moead,513_e-05,6,18,400,8,29600895.027027,193156.568202,0.367347,0.632653,11219 11225 11397 11580 11674 11675 11771 11789 11800 11986 12233 12262 12735 13237 13253
moead,513_e-05,6,19,400,8,29600895.027027,193156.568202,0.387755,0.612245,11219 11225 11397 11580 11674 11675 11771 11789 11800 11986 12233 12262 12735 13237 13253
moead,513_e-05,6,20,400,8,29600895.027027,193156.568202,0.408163,0.591837,11219 11225 11397 11580 11674 11675 11771 11789 11800 11986 12233 12262 12735 13237 13253
moead,513_e-05,6,21,400,8,29595001.909940,192688.454257,0.428571,0.571429,11225 11396 11580 11674 11675 11771 11789 11800 11986 12143 12233 12262 12735 13237 13253
moead,513_e-05,6,22,400,8,29581877.699379,192669.305995,0.448980,0.551020,11225 11396 11397 11580 11674 11675 11771 11789 11800 11986 12233 12262 12735 13237 13253
moead,513_e-05,6,23,400,8,29581877.699379,192669.305995,0.469388,0.530612,11225 11396 11397 11580 11674 11675 11771 11789 11800 11986 12233 12262 12735 13237 13253
moead,513_e-05,6,24,400,8,29581877.699379,192669.305995,0.489796,0.510204,11225 11396 11397 11580 11674 11675 11771 11789 11800 11986 12233 12262 12735 13237 13253
moead,513_e-05,6,25,400,8,29581877.699379,192669.305995,0.510204,0.489796,11225 11396 11397 11580 11674 11675 11771 11789 11800 11986 12233 12262 12735 13237 13253
moead,513_e-05,6,26,400,8,29573091.713205,192624.019484,0.530612,0.469388,11225 11396 11397 11580 11674 11675 11771 11789 11800 11986 12233 12262 12853 12971 13253
moead,513_e-05,6,27,400,8,29573091.713205,192624.019484,0.551020,0.448980,11225 11396 11397 11580 11674 11675 11771 11789 11800 11986 12233 12262 12853 12971 13253
moead,513_e-05,6,28,400,8,29573091.713205,192624.019484,0.571429,0.428571,11225 11396 11397 11580 11674 11675 11771 11789 11800 11986 12233 12262 12853 12971 13253
moead,513_e-05,6,29,400,8,29568620.174293,192527.328892,0.591837,0.408163,11225 11396 11397 11580 11674 11675 11771 11789 11986 12233 12262 12853 12971 13102 13253
moead,513_e-05,6,30,400,8,29568620.174293,192527.328892,0.612245,0.387755,11225 11396 11397 11580 11674 11675 11771 11789 11986 12233 12262 12853 12971 13102 13253
moead,513_e-05,6,31,400,8,29568620.174293,192527.328892,0.632653,0.367347,11225 11396 11397 11580 11674 11675 11771 11789 11986 12233 12262 12853 12971 13102 13253
moead,513_e-05,6,32,400,8,29566822.761852,188035.101851,0.653061,0.346939,10915 11499 11580 11675 11771 11800 11875 12115 12132 12233 12458 12735 12853 12971 13253
moead,513_e-05,6,33,400,8,29549655.460426,188002.270022,0.673469,0.326531,11396 11499 11580 11675 11771 11800 11875 12115 12132 12233 12458 12735 12853 12971 13253
moead,513_e-05,6,34,400,8,29549655.460426,188002.270022,0.693878,0.306122,11396 11499 11580 11675 11771 11800 11875 12115 12132 12233 12458 12735 12853 12971 13253
moead,513_e-05,6,35,400,8,29549655.460426,188002.270022,0.714286,0.285714,11396 11499 11580 11675 11771 11800 11875 12115 12132 12233 12458 12735 12853 12971 13253
moead,513_e-05,6,36,400,8,29549655.460426,188002.270022,0.734694,0.265306,11396 11499 11580 11675 11771 11800 11875 12115 12132 12233 12458 12735 12853 12971 13253
moead,513_e-05,6,37,400,8,29549655.460426,188002.270022,0.755102,0.244898,11396 11499 11580 11675 11771 11800 11875 12115 12132 12233 12458 12735 12853 12971 13253
moead,513_e-05,6,38,400,8,29549655.460426,188002.270022,0.775510,0.224490,11396 11499 11580 11675 11771 11800 11875 12115 12132 12233 12458 12735 12853 12971 13253
moead,513_e-05,6,39,400,8,29549655.460426,188002.270022,0.795918,0.204082,11396 11499 11580 11675 11771 11800 11875 12115 12132 12233 12458 12735 12853 12971 13253
moead,513_e-05,6,40,400,8,29549655.460426,188002.270022,0.816327,0.183673,11396 11499 11580 11675 11771 11800 11875 12115 12132 12233 12458 12735 12853 12971 13253
moead,513_e-05,6,41,400,8,29549655.460426,188002.270022,0.836735,0.163265,11396 11499 11580 11675 11771 11800 11875 12115 12132 12233 12458 12735 12853 12971 13253
moead,513_e-05,6,42,400,8,29547082.350863,187925.163280,0.857143,0.142857,11396 11499 11580 11675 11771 11800 11875 12115 12119 12132 12214 12233 12735 12853 13253
moead,513_e-05,6,43,400,8,29547082.350863,187925.163280,0.877551,0.122449,11396 11499 11580 11675 11771 11800 11875 12115 12119 12132 12214 12233 12735 12853 13253
moead,513_e-05,6,44,400,8,29547082.350863,187925.163280,0.897959,0.102041,11396 11499 11580 11675 11771 11800 11875 12115 12119 12132 12214 12233 12735 12853 13253
moead,513_e-05,6,45,400,8,29542371.620227,184869.720451,0.918367,0.081633,11396 11499 11580 11675 11771 11800 11875 12115 12119 12132 12214 12233 12735 12853 12971
moead,513_e-05,6,46,400,8,29542371.620227,184869.720451,0.938776,0.061224,11396 11499 11580 11675 11771 11800 11875 12115 12119 12132 12214 12233 12735 12853 12971
moead,513_e-05,6,47,400,8,29542371.620227,184869.720451,0.959184,0.040816,11396 11499 11580 11675 11771 11800 11875 12115 12119 12132 12214 12233 12735 12853 12971
moead,513_e-05,6,48,400,8,29542371.620227,184869.720451,0.979592,0.020408,11396 11499 11580 11675 11771 11800 11875 12115 12119 12132 12214 12233 12735 12853 12971
moead,513_e-05,6,49,400,8,29541488.810145,184860.961792,1.000000,0.000000,11396 11499 11580 11675 11771 11800 11875 12115 12119 12132 12233 12458 12735 12853 12971
moead,513_e-05,6,0,450,9,35952622.138840,236183.260254,0.000000,1.000000,11225 11290 11593 43409 72461 85340 106525 109774 119339 124201 141620 143972 147752 149527 180057
moead,513_e-05,6,1,450,9,30387478.630500,218221.809036,0.020408,0.979592,10798 11286 11396 11675 11967 12620 12735 12971 13148 13862 14872 15677 15709 17509 67214
moead,513_e-05,6,2,450,9,30020406.371907,213258.916063,0.040816,0.959184,10424 11225 11290 11396 11593 11771 12132 12494 12620 12735 13237 13253 14543 16818 67214
moead,513_e-05,6,3,450,9,29893732.213393,209607.330202,0.061224,0.938776,10424 11225 11290 11396 11593 11771 12132 12494 12620 12735 13237 13253 13823 14543 16818
moead,513_e-05,6,4,450,9,29816682.603919,206038.624331,0.081633,0.918367,10424 10603 11225 11290 11396 11593 11771 12132 12494 12620 12735 13237 13253 13823 14543
moead,513_e-05,6,5,450,9,29780272.184061,205485.019167,0.102041,0.897959,10424 11225 11290 11396 11593 11771 11796 12132 12494 12620 12735 13237 13253 13823 14543
moead,513_e-05,6,6,450,9,29759713.052576,204025.891106,0.122449,0.877551,10120 11212 11225 11396 11593 11675 11771 11800 12025 12243 12262 12735 13237 13253 13862
moead,513_e-05,6,7,450,9,29726006.819351,201302.377343,0.142857,0.857143,11212 11225 11396 11593 11675 11771 11800 12132 12262 12620 12735 13237 13253 13823 14543
moead,513_e-05,6,8,450,9,29691919.428066,201081.696171,0.163265,0.836735,11212 11225 11396 11497 11593 11771 11799 11800 12132 12262 12620 12735 13237 13698 13862
moead,513_e-05,6,9,450,9,29685922.978223,201045.039350,0.183673,0.816327,11212 11225 11396 11497 11593 11771 11799 11800 12132 12262 12620 12735 13237 13253 13862
moead,513_e-05,6,10,450,9,29678602.298025,200813.829205,0.204082,0.795918,11212 11225 11396 11593 11675 11771 11800 12025 12132 12218 12233 12262 12735 13253 13862
moead,513_e-05,6,11,450,9,29642560.964556,197211.795748,0.224490,0.775510,11219 11225 11580 11674 11675 11771 11789 11800 11986 12218 12233 12262 12735 13253 13862
moead,513_e-05,6,12,450,9,29642560.964556,197211.795748,0.244898,0.755102,11219 11225 11580 11674 11675 11771 11789 11800 11986 12218 12233 12262 12735 13253 13862
moead,513_e-05,6,13,450,9,29642560.964556,197211.795748,0.265306,0.734694,11219 11225 11580 11674 11675 11771 11789 11800 11986 12218 12233 12262 12735 13253 13862
moead,513_e-05,6,14,450,9,29635435.518944,193483.011549,0.285714,0.714286,11225 11396 11397 11497 11593 11771 11799 11800 11967 12132 12262 12620 12735 13237 13253
moead,513_e-05,6,15,450,9,29626895.850040,193372.467045,0.306122,0.693878,11225 11396 11397 11497 11593 11771 11799 11800 11967 12233 12262 12620 12735 13237 13253
moead,513_e-05,6,16,450,9,29599795.635009,193256.113268,0.326531,0.673469,11219 11225 11580 11674 11675 11771 11789 11800 11986 12218 12233 12262 12735 13237 13253
moead,513_e-05,6,17,450,9,29599795.635009,193256.113268,0.346939,0.653061,11219 11225 11580 11674 11675 11771 11789 11800 11986 12218 12233 12262 12735 13237 13253
moead,513_e-05,6,18,450,9,29599795.635009,193256.113268,0.367347,0.632653,11219 11225 11580 11674 11675 11771 11789 11800 11986 12218 12233 12262 12735 13237 13253
moead,513_e-05,6,19,450,9,29599795.635009,193256.113268,0.387755,0.612245,11219 11225 11580 11674 11675 11771 11789 11800 11986 12218 12233 12262 12735 13237 13253
moead,513_e-05,6,20,450,9,29581877.699379,192669.305995,0.408163,0.591837,11225 11396 11397 11580 11674 11675 11771 11789 11800 11986 12233 12262 12735 13237 13253
moead,513_e-05,6,21,450,9,29581877.699379,192669.305995,0.428571,0.571429,11225 11396 11397 11580 11674 11675 11771 11789 11800 11986 12233 12262 12735 13237 13253
moead,513_e-05,6,22,450,9,29581877.699379,192669.305995,0.448980,0.551020,11225 11396 11397 11580 11674 11675 11771 11789 11800 11986 12233 12262 12735 13237 13253
moead,513_e-05,6,23,450,9,29573091.713205,192624.019484,0.469388,0.530612,11225 11396 11397 11580 11674 11675 11771 11789 11800 11986 12233 12262 12853 12971 13253
moead,513_e-05,6,24,450,9,29573091.713205,192624.019484,0.489796,0.510204,11225 11396 11397 11580 11674 11675 11771 11789 11800 11986 12233 12262 12853 12971 13253
moead,513_e-05,6,25,450,9,29573091.713205,192624.019484,0.510204,0.489796,11225 11396 11397 11580 11674 11675 11771 11789 11800 11986 12233 12262 12853 12971 13253
moead,513_e-05,6,26,450,9,29568620.174293,192527.328892,0.530612,0.469388,11225 11396 11397 11580 11674 11675 11771 11789 11986 12233 12262 12853 12971 13102 13253
moead,513_e-05,6,27,450,9,29568620.174293,192527.328892,0.551020,0.448980,11225 11396 11397 11580 11674 11675 11771 11789 11986 12233 12262 12853 12971 13102 13253
moead,513_e-05,6,28,450,9,29563738.614118,189004.378876,0.571429,0.428571,11225 11396 11580 11674 11675 11771 11789 11800 11986 12233 12262 12599 12853 12971 13253
moead,513_e-05,6,29,450,9,29563738.614118,189004.378876,0.591837,0.408163,11225 11396 11580 11674 11675 11771 11789 11800 11986 12233 12262 12599 12853 12971 13253
moead,513_e-05,6,30,450,9,29549655.460426,188002.270022,0.612245,0.387755,11396 11499 11580 11675 11771 11800 11875 12115 12132 12233 12458 12735 12853 12971 13253
moead,513_e-05,6,31,450,9,29549655.460426,188002.270022,0.632653,0.367347,11396 11499 11580 11675 11771 11800 11875 12115 12132 12233 12458 12735 12853 12971 13253
moead,513_e-05,6,32,450,9,29549655.460426,188002.270022,0.653061,0.346939,11396 11499 11580 11675 11771 11800 11875 12115 12132 12233 12458 12735 12853 12971 13253
moead,513_e-05,6,33,450,9,29549655.460426,188002.270022,0.673469,0.326531,11396 11499 11580 11675 11771 11800 11875 12115 12132 12233 12458 12735 12853 12971 13253
moead,513_e-05,6,34,450,9,29549655.460426,188002.270022,0.693878,0.306122,11396 11499 11580 11675 11771 11800 11875 12115 12132 12233 12458 12735 12853 12971 13253
moead,513_e-05,6,35,450,9,29549655.460426,188002.270022,0.714286,0.285714,11396 11499 11580 11675 11771 11800 11875 12115 12132 12233 12458 12735 12853 12971 13253
moead,513_e-05,6,36,450,9,29547082.350863,187925.163280,0.734694,0.265306,11396 11499 11580 11675 11771 11800 11875 12115 12119 12132 12214 12233 12735 12853 13253
moead,513_e-05,6,37,450,9,29547082.350863,187925.163280,0.755102,0.244898,11396 11499 11580 11675 11771 11800 11875 12115 12119 12132 12214 12233 12735 12853 13253
moead,513_e-05,6,38,450,9,29531726.975544,187530.769951,0.775510,0.224490,11396 11499 11580 11675 11771 11800 11875 11881 12115 12119 12132 12233 12853 12971 13253
moead,513_e-05,6,39,450,9,29531726.975544,187530.769951,0.795918,0.204082,11396 11499 11580 11675 11771 11800 11875 11881 12115 12119 12132 12233 12853 12971 13253
moead,513_e-05,6,40,450,9,29531726.975544,187530.769951,0.816327,0.183673,11396 11499 11580 11675 11771 11800 11875 11881 12115 12119 12132 12233 12853 12971 13253
moead,513_e-05,6,41,450,9,29531726.975544,187530.769951,0.836735,0.163265,11396 11499 11580 11675 11771 11800 11875 11881 12115 12119 12132 12233 12853 12971 13253
moead,513_e-05,6,42,450,9,29531726.975544,187530.769951,0.857143,0.142857,11396 11499 11580 11675 11771 11800 11875 11881 12115 12119 12132 12233 12853 12971 13253
moead,513_e-05,6,43,450,9,29531726.975544,187530.769951,0.877551,0.122449,11396 11499 11580 11675 11771 11800 11875 11881 12115 12119 12132 12233 12853 12971 13253
moead,513_e-05,6,44,450,9,29531726.975544,187530.769951,0.897959,0.102041,11396 11499 11580 11675 11771 11800 11875 11881 12115 12119 12132 12233 12853 12971 13253
moead,513_e-05,6,45,450,9,29531726.975544,187530.769951,0.918367,0.081633,11396 11499 11580 11675 11771 11800 11875 11881 12115 12119 12132 12233 12853 12971 13253
moead,513_e-05,6,46,450,9,29531726.975544,187530.769951,0.938776,0.061224,11396 11499 11580 11675 11771 11800 11875 11881 12115 12119 12132 12233 12853 12971 13253
moead,513_e-05,6,47,450,9,29531726.975544,187530.769951,0.959184,0.040816,11396 11499 11580 11675 11771 11800 11875 11881 12115 12119 12132 12233 12853 12971 13253
moead,513_e-05,6,48,450,9,29531726.975544,187530.769951,0.979592,0.020408,11396 11499 11580 11675 11771 11800 11875 11881 12115 12119 12132 12233 12853 12971 13253
moead,513_e-05,6,49,450,9,29531726.975544,187530.769951,1.000000,0.000000,11396 11499 11580 11675 11771 11800 11875 11881 12115 12119 12132 12233 12853 12971 13253
moead,513_e-05,6,0,500,10,34922560.722385,236183.260254,0.000000,1.000000,10424 11179 11593 27969 31334 41373 67214 106203 109774 119339 141620 147752 149527 164086 164917
moead,513_e-05,6,1,500,10,30387478.630500,218221.809036,0.020408,0.979592,10798 11286 11396 11675 11967 12620 12735 12971 13148 13862 14872 15677 15709 17509 67214
moead,513_e-05,6,2,500,10,30009165.230430,213264.572335,0.040816,0.959184,10424 11225 11290 11396 11593 11771 12132 12494 12620 12718 13237 13253 13409 16818 67214
moead,513_e-05,6,3,500,10,29913494.762453,209675.869699,0.061224,0.938776,10424 11225 11290 11396 11593 11771 12132 12494 12620 12718 13237 13253 13409 14543 16818
moead,513_e-05,6,4,500,10,29816682.603919,206038.624331,0.081633,0.918367,10424 10603 11225 11290 11396 11593 11771 12132 12494 12620 12735 13237 13253 13823 14543
moead,513_e-05,6,5,500,10,29780272.184061,205485.019167,0.102041,0.897959,10424 11225 11290 11396 11593 11771 11796 12132 12494 12620 12735 13237 13253 13823 14543
moead,513_e-05,6,6,500,10,29751669.543862,205167.338501,0.122449,0.877551,10424 11225 11290 11396 11497 11593 11771 11800 12132 12262 12620 12735 13237 13253 13862
moead,513_e-05,6,7,500,10,29710462.446655,201302.377343,0.142857,0.857143,11212 11225 11396 11593 11675 11771 11800 12132 12262 12620 12735 13237 13253 13823 13862
moead,513_e-05,6,8,500,10,29691919.428066,201081.696171,0.163265,0.836735,11212 11225 11396 11497 11593 11771 11799 11800 12132 12262 12620 12735 13237 13698 13862
moead,513_e-05,6,9,500,10,29678602.298025,200813.829205,0.183673,0.816327,11212 11225 11396 11593 11675 11771 11800 12025 12132 12218 12233 12262 12735 13253 13862
moead,513_e-05,6,10,500,10,29660652.867184,197331.161644,0.204082,0.795918,10985 11219 11225 11580 11674 11675 11771 11789 11986 12218 12233 12262 12980 13253 13862
moead,513_e-05,6,11,500,10,29642560.964556,197211.795748,0.224490,0.775510,11219 11225 11580 11674 11675 11771 11789 11800 11986 12218 12233 12262 12735 13253 13862
moead,513_e-05,6,12,500,10,29642560.964556,197211.795748,0.244898,0.755102,11219 11225 11580 11674 11675 11771 11789 11800 11986 12218 12233 12262 12735 13253 13862
moead,513_e-05,6,13,500,10,29637209.950421,196796.457085,0.265306,0.734694,11219 11225 11580 11674 11675 11771 11789 11986 12218 12233 12262 12735 12980 13253 13862
moead,513_e-05,6,14,500,10,29626895.850040,193372.467045,0.285714,0.714286,11225 11396 11397 11497 11593 11771 11799 11800 11967 12233 12262 12620 12735 13237 13253
moead,513_e-05,6,15,500,10,29618013.711988,193317.309665,0.306122,0.693878,11219 11225 11580 11674 11675 11771 11789 11800 11969 11986 12233 12262 12735 13237 13253
moead,513_e-05,6,16,500,10,29599795.635009,193256.113268,0.326531,0.673469,11219 11225 11580 11674 11675 11771 11789 11800 11986 12218 12233 12262 12735 13237 13253
moead,513_e-05,6,17,500,10,29599795.635009,193256.113268,0.346939,0.653061,11219 11225 11580 11674 11675 11771 11789 11800 11986 12218 12233 12262 12735 13237 13253
moead,513_e-05,6,18,500,10,29583199.077400,192758.572379,0.367347,0.632653,11225 11396 11397 11580 11674 11675 11771 11800 11986 12233 12262 12853 12971 13253 13528
moead,513_e-05,6,19,500,10,29583199.077400,192758.572379,0.387755,0.612245,11225 11396 11397 11580 11674 11675 11771 11800 11986 12233 12262 12853 12971 13253 13528
moead,513_e-05,6,20,500,10,29583199.077400,192758.572379,0.408163,0.591837,11225 11396 11397 11580 11674 11675 11771 11800 11986 12233 12262 12853 12971 13253 13528
moead,513_e-05,6,21,500,10,29573091.713205,192624.019484,0.428571,0.571429,11225 11396 11397 11580 11674 11675 11771 11789 11800 11986 12233 12262 12853 12971 13253
moead,513_e-05,6,22,500,10,29573091.713205,192624.019484,0.448980,0.551020,11225 11396 11397 11580 11674 11675 11771 11789 11800 11986 12233 12262 12853 12971 13253
moead,513_e-05,6,23,500,10,29573091.713205,192624.019484,0.469388,0.530612,11225 11396 11397 11580 11674 11675 11771 11789 11800 11986 12233 12262 12853 12971 13253
moead,513_e-05,6,24,500,10,29568946.256175,192529.494170,0.489796,0.510204,11225 11396 11397 11580 11675 11771 11789 11800 11986 12233 12262 12481 12853 12971 13253
moead,513_e-05,6,25,500,10,29559848.346538,192185.150857,0.510204,0.489796,11225 11396 11397 11580 11675 11771 11789 11800 11986 12233 12481 12853 12971 13253 13399
moead,513_e-05,6,26,500,10,29559848.346538,192185.150857,0.530612,0.469388,11225 11396 11397 11580 11675 11771 11789 11800 11986 12233 12481 12853 12971 13253 13399
moead,513_e-05,6,27,500,10,29559848.346538,192185.150857,0.551020,0.448980,11225 11396 11397 11580 11675 11771 11789 11800 11986 12233 12481 12853 12971 13253 13399
moead,513_e-05,6,28,500,10,29559848.346538,192185.150857,0.571429,0.428571,11225 11396 11397 11580 11675 11771 11789 11800 11986 12233 12481 12853 12971 13253 13399
moead,513_e-05,6,29,500,10,29548112.613675,188285.958320,0.591837,0.408163,11396 11476 11499 11580 11675 11772 11781 11800 12115 12132 12233 12853 12971 13253 13399
moead,513_e-05,6,30,500,10,29548112.613675,188285.958320,0.612245,0.387755,11396 11476 11499 11580 11675 11772 11781 11800 12115 12132 12233 12853 12971 13253 13399
moead,513_e-05,6,31,500,10,29548112.613675,188285.958320,0.632653,0.367347,11396 11476 11499 11580 11675 11772 11781 11800 12115 12132 12233 12853 12971 13253 13399
moead,513_e-05,6,32,500,10,29548112.613675,188285.958320,0.653061,0.346939,11396 11476 11499 11580 11675 11772 11781 11800 12115 12132 12233 12853 12971 13253 13399
moead,513_e-05,6,33,500,10,29547082.350863,187925.163280,0.673469,0.326531,11396 11499 11580 11675 11771 11800 11875 12115 12119 12132 12214 12233 12735 12853 13253
moead,513_e-05,6,34,500,10,29533988.980847,187791.727899,0.693878,0.306122,11396 11499 11580 11675 11771 11800 11875 11881 12115 12119 12132 12715 12853 12971 13253
moead,513_e-05,6,35,500,10,29533988.980847,187791.727899,0.714286,0.285714,11396 11499 11580 11675 11771 11800 11875 11881 12115 12119 12132 12715 12853 12971 13253
moead,513_e-05,6,36,500,10,29533988.980847,187791.727899,0.734694,0.265306,11396 11499 11580 11675 11771 11800 11875 11881 12115 12119 12132 12715 12853 12971 13253
moead,513_e-05,6,37,500,10,29533988.980847,187791.727899,0.755102,0.244898,11396 11499 11580 11675 11771 11800 11875 11881 12115 12119 12132 12715 12853 12971 13253
moead,513_e-05,6,38,500,10,29533988.980847,187791.727899,0.775510,0.224490,11396 11499 11580 11675 11771 11800 11875 11881 12115 12119 12132 12715 12853 12971 13253
moead,513_e-05,6,39,500,10,29533988.980847,187791.727899,0.795918,0.204082,11396 11499 11580 11675 11771 11800 11875 11881 12115 12119 12132 12715 12853 12971 13253
moead,513_e-05,6,40,500,10,29533988.980847,187791.727899,0.816327,0.183673,11396 11499 11580 11675 11771 11800 11875 11881 12115 12119 12132 12715 12853 12971 13253
moead,513_e-05,6,41,500,10,29524185.698056,187791.727863,0.836735,0.163265,11396 11499 11580 11675 11771 11875 11881 12002 12115 12119 12132 12715 12853 12971 13253
moead,513_e-05,6,42,500,10,29524185.698056,187791.727863,0.857143,0.142857,11396 11499 11580 11675 11771 11875 11881 12002 12115 12119 12132 12715 12853 12971 13253
moead,513_e-05,6,43,500,10,29524185.698056,187791.727863,0.877551,0.122449,11396 11499 11580 11675 11771 11875 11881 12002 12115 12119 12132 12715 12853 12971 13253
moead,513_e-05,6,44,500,10,29524185.698056,187791.727863,0.897959,0.102041,11396 11499 11580 11675 11771 11875 11881 12002 12115 12119 12132 12715 12853 12971 13253
moead,513_e-05,6,45,500,10,29524185.698056,187791.727863,0.918367,0.081633,11396 11499 11580 11675 11771 11875 11881 12002 12115 12119 12132 12715 12853 12971 13253
moead,513_e-05,6,46,500,10,29524185.698056,187791.727863,0.938776,0.061224,11396 11499 11580 11675 11771 11875 11881 12002 12115 12119 12132 12715 12853 12971 13253
moead,513_e-05,6,47,500,10,29524185.698056,187791.727863,0.959184,0.040816,11396 11499 11580 11675 11771 11875 11881 12002 12115 12119 12132 12715 12853 12971 13253
moead,513_e-05,6,48,500,10,29524185.698056,187791.727863,0.979592,0.020408,11396 11499 11580 11675 11771 11875 11881 12002 12115 12119 12132 12715 12853 12971 13253
moead,513_e-05,6,49,500,10,29524185.698056,187791.727863,1.000000,0.000000,11396 11499 11580 11675 11771 11875 11881 12002 12115 12119 12132 12715 12853 12971 13253
moead,513_e-05,6,0,550,11,36749531.450449,236183.260254,0.000000,1.000000,11593 14543 17757 27969 41373 50186 83511 96025 106203 106958 114693 119339 147752 149527 152148
moead,513_e-05,6,1,550,11,30183159.370271,221481.015377,0.020408,0.979592,10411 10424 11225 11290 11396 11593 11771 12494 12620 13237 13253 14543 16818 17757 67214
moead,513_e-05,6,2,550,11,30028856.829574,217367.465100,0.040816,0.959184,10411 10424 11225 11290 11396 11593 11771 12132 12494 12620 13237 13253 14543 16818 17757
moead,513_e-05,6,3,550,11,29913494.762453,209675.869699,0.061224,0.938776,10424 11225 11290 11396 11593 11771 12132 12494 12620 12718 13237 13253 13409 14543 16818
moead,513_e-05,6,4,550,11,29823242.425353,206113.698031,0.081633,0.918367,10424 11225 11290 11396 11497 11593 11771 11800 12132 12262 12735 13237 13253 13862 17757
moead,513_e-05,6,5,550,11,29780272.184061,205485.019167,0.102041,0.897959,10424 11225 11290 11396 11593 11771 11796 12132 12494 12620 12735 13237 13253 13823 14543
moead,513_e-05,6,6,550,11,29751669.543862,205167.338501,0.122449,0.877551,10424 11225 11290 11396 11497 11593 11771 11800 12132 12262 12620 12735 13237 13253 13862
moead,513_e-05,6,7,550,11,29732190.258112,201805.121410,0.142857,0.857143,11212 11225 11396 11593 11675 11744 11771 11800 12132 12620 12735 13237 13253 13823 13862
moead,513_e-05,6,8,550,11,29691919.428066,201081.696171,0.163265,0.836735,11212 11225 11396 11497 11593 11771 11799 11800 12132 12262 12620 12735 13237 13698 13862
moead,513_e-05,6,9,550,11,29678602.298025,200813.829205,0.183673,0.816327,11212 11225 11396 11593 11675 11771 11800 12025 12132 12218 12233 12262 12735 13253 13862
moead,513_e-05,6,10,550,11,29675013.840246,200447.392849,0.204082,0.795918,11212 11225 11396 11593 11675 11771 11800 12025 12218 12233 12262 12735 12980 13253 13862
moead,513_e-05,6,11,550,11,29642560.964556,197211.795748,0.224490,0.775510,11219 11225 11580 11674 11675 11771 11789 11800 11986 12218 12233 12262 12735 13253 13862
moead,513_e-05,6,12,550,11,29642560.964556,197211.795748,0.244898,0.755102,11219 11225 11580 11674 11675 11771 11789 11800 11986 12218 12233 12262 12735 13253 13862
moead,513_e-05,6,13,550,11,29637209.950421,196796.457085,0.265306,0.734694,11219 11225 11580 11674 11675 11771 11789 11986 12218 12233 12262 12735 12980 13253 13862
moead,513_e-05,6,14,550,11,29623066.657600,193450.729271,0.285714,0.714286,10773 11219 11225 11580 11674 11675 11771 11789 11800 11986 12218 12233 12262 13237 13253
moead,513_e-05,6,15,550,11,29618013.711988,193317.309665,0.306122,0.693878,11219 11225 11580 11674 11675 11771 11789 11800 11969 11986 12233 12262 12735 13237 13253
moead,513_e-05,6,16,550,11,29599795.635009,193256.113268,0.326531,0.673469,11219 11225 11580 11674 11675 11771 11789 11800 11986 12218 12233 12262 12735 13237 13253
moead,513_e-05,6,17,550,11,29599795.635009,193256.113268,0.346939,0.653061,11219 11225 11580 11674 11675 11771 11789 11800 11986 12218 12233 12262 12735 13237 13253
moead,513_e-05,6,18,550,11,29595041.969651,193209.967884,0.367347,0.632653,11219 11225 11580 11674 11675 11771 11789 11800 11986 12233 12262 12853 12971 13253 13528
moead,513_e-05,6,19,550,11,29579812.372391,192923.509309,0.387755,0.612245,11219 11225 11580 11674 11675 11771 11789 11800 11986 12218 12233 12602 12735 13237 13253
moead,513_e-05,6,20,550,11,29579812.372391,192923.509309,0.408163,0.591837,11219 11225 11580 11674 11675 11771 11789 11800 11986 12218 12233 12602 12735 13237 13253
moead,513_e-05,6,21,550,11,29579812.372391,192923.509309,0.428571,0.571429,11219 11225 11580 11674 11675 11771 11789 11800 11986 12218 12233 12602 12735 13237 13253
moead,513_e-05,6,22,550,11,29573091.713205,192624.019484,0.448980,0.551020,11225 11396 11397 11580 11674 11675 11771 11789 11800 11986 12233 12262 12853 12971 13253
moead,513_e-05,6,23,550,11,29573091.713205,192624.019484,0.469388,0.530612,11225 11396 11397 11580 11674 11675 11771 11789 11800 11986 12233 12262 12853 12971 13253
moead,513_e-05,6,24,550,11,29568946.256175,192529.494170,0.489796,0.510204,11225 11396 11397 11580 11675 11771 11789 11800 11986 12233 12262 12481 12853 12971 13253
moead,513_e-05,6,25,550,11,29565294.292625,192483.994122,0.510204,0.489796,11225 11396 11397 11580 11675 11771 11789 11800 11986 12233 12262 12479 12481 12853 13253
moead,513_e-05,6,26,550,11,29559848.346538,192185.150857,0.530612,0.469388,11225 11396 11397 11580 11675 11771 11789 11800 11986 12233 12481 12853 12971 13253 13399
moead,513_e-05,6,27,550,11,29559848.346538,192185.150857,0.551020,0.448980,11225 11396 11397 11580 11675 11771 11789 11800 11986 12233 12481 12853 12971 13253 13399
moead,513_e-05,6,28,550,11,29556545.570704,191866.449690,0.571429,0.428571,11225 11396 11397 11580 11675 11771 11789 11800 11986 12233 12481 12735 12853 12971 13253
moead,513_e-05,6,29,550,11,29556545.570704,191866.449690,0.591837,0.408163,11225 11396 11397 11580 11675 11771 11789 11800 11986 12233 12481 12735 12853 12971 13253
moead,513_e-05,6,30,550,11,29548112.613675,188285.958320,0.612245,0.387755,11396 11476 11499 11580 11675 11772 11781 11800 12115 12132 12233 12853 12971 13253 13399
moead,513_e-05,6,31,550,11,29548112.613675,188285.958320,0.632653,0.367347,11396 11476 11499 11580 11675 11772 11781 11800 12115 12132 12233 12853 12971 13253 13399
moead,513_e-05,6,32,550,11,29548112.613675,188285.958320,0.653061,0.346939,11396 11476 11499 11580 11675 11772 11781 11800 12115 12132 12233 12853 12971 13253 13399
moead,513_e-05,6,33,550,11,29546510.264794,188221.071032,0.673469,0.326531,11396 11476 11499 11580 11675 11772 11781 11800 12115 12132 12233 12715 12853 13253 13399
moead,513_e-05,6,34,550,11,29541799.534158,188010.930104,0.693878,0.306122,11396 11476 11499 11580 11675 11772 11781 11800 12115 12132 12233 12715 12853 12971 13399
moead,513_e-05,6,35,550,11,29541799.534158,188010.930104,0.714286,0.285714,11396 11476 11499 11580 11675 11772 11781 11800 12115 12132 12233 12715 12853 12971 13399
moead,513_e-05,6,36,550,11,29538397.706152,188000.760676,0.734694,0.265306,11396 11476 11499 11580 11675 11772 11781 11800 12115 12132 12233 12715 12853 12971 13253
moead,513_e-05,6,37,550,11,29538397.706152,188000.760676,0.755102,0.244898,11396 11476 11499 11580 11675 11772 11781 11800 12115 12132 12233 12715 12853 12971 13253
moead,513_e-05,6,38,550,11,29536982.374314,187809.123786,0.775510,0.224490,11396 11499 11580 11675 11771 11800 11875 11881 12115 12132 12233 12715 12853 12971 13399
moead,513_e-05,6,39,550,11,29533988.980847,187791.727899,0.795918,0.204082,11396 11499 11580 11675 11771 11800 11875 11881 12115 12119 12132 12715 12853 12971 13253
moead,513_e-05,6,40,550,11,29533988.980847,187791.727899,0.816327,0.183673,11396 11499 11580 11675 11771 11800 11875 11881 12115 12119 12132 12715 12853 12971 13253
moead,513_e-05,6,41,550,11,29524185.698056,187791.727863,0.836735,0.163265,11396 11499 11580 11675 11771 11875 11881 12002 12115 12119 12132 12715 12853 12971 13253
moead,513_e-05,6,42,550,11,29524185.698056,187791.727863,0.857143,0.142857,11396 11499 11580 11675 11771 11875 11881 12002 12115 12119 12132 12715 12853 12971 13253
moead,513_e-05,6,43,550,11,29524185.698056,187791.727863,0.877551,0.122449,11396 11499 11580 11675 11771 11875 11881 12002 12115 12119 12132 12715 12853 12971 13253
moead,513_e-05,6,44,550,11,29524185.698056,187791.727863,0.897959,0.102041,11396 11499 11580 11675 11771 11875 11881 12002 12115 12119 12132 12715 12853 12971 13253
moead,513_e-05,6,45,550,11,29524185.698056,187791.727863,0.918367,0.081633,11396 11499 11580 11675 11771 11875 11881 12002 12115 12119 12132 12715 12853 12971 13253
moead,513_e-05,6,46,550,11,29524185.698056,187791.727863,0.938776,0.061224,11396 11499 11580 11675 11771 11875 11881 12002 12115 12119 12132 12715 12853 12971 13253
moead,513_e-05,6,47,550,11,29524185.698056,187791.727863,0.959184,0.040816,11396 11499 11580 11675 11771 11875 11881 12002 12115 12119 12132 12715 12853 12971 13253
moead,513_e-05,6,48,550,11,29524185.698056,187791.727863,0.979592,0.020408,11396 11499 11580 11675 11771 11875 11881 12002 12115 12119 12132 12715 12853 12971 13253
moead,513_e-05,6,49,550,11,29524185.698056,187791.727863,1.000000,0.000000,11396 11499 11580 11675 11771 11875 11881 12002 12115 12119 12132 12715 12853 12971 13253
moead,513_e-05,6,0,600,12,36133098.620138,236183.260254,0.000000,1.000000,11593 13823 14543 17757 27969 44912 48318 75158 86724 106203 106958 115650 119339 147742 161854
moead,513_e-05,6,1,600,12,30210752.336538,221570.677933,0.020408,0.979592,10411 10424 11225 11290 11396 11593 11771 12494 12620 13237 13823 14543 16818 17757 67214
moead,513_e-05,6,2,600,12,30028856.829574,217367.465100,0.040816,0.959184,10411 10424 11225 11290 11396 11593 11771 12132 12494 12620 13237 13253 14543 16818 17757
moead,513_e-05,6,3,600,12,29913494.762453,209675.869699,0.061224,0.938776,10424 11225 11290 11396 11593 11771 12132 12494 12620 12718 13237 13253 13409 14543 16818
moead,513_e-05,6,4,600,12,29856846.331892,209292.553383,0.081633,0.918367,10424 11225 11290 11396 11497 11593 11771 11800 12132 12262 12735 13237 13253 13862 16818
moead,513_e-05,6,5,600,12,29780272.184061,205485.019167,0.102041,0.897959,10424 11225 11290 11396 11593 11771 11796 12132 12494 12620 12735 13237 13253 13823 14543
moead,513_e-05,6,6,600,12,29751669.543862,205167.338501,0.122449,0.877551,10424 11225 11290 11396 11497 11593 11771 11800 12132 12262 12620 12735 13237 13253 13862
moead,513_e-05,6,7,600,12,29732190.258112,201805.121410,0.142857,0.857143,11212 11225 11396 11593 11675 11744 11771 11800 12132 12620 12735 13237 13253 13823 13862
moead,513_e-05,6,8,600,12,29691919.428066,201081.696171,0.163265,0.836735,11212 11225 11396 11497 11593 11771 11799 11800 12132 12262 12620 12735 13237 13698 13862
moead,513_e-05,6,9,600,12,29678602.298025,200813.829205,0.183673,0.816327,11212 11225 11396 11593 11675 11771 11800 12025 12132 12218 12233 12262 12735 13253 13862
moead,513_e-05,6,10,600,12,29675013.840246,200447.392849,0.204082,0.795918,11212 11225 11396 11593 11675 11771 11800 12025 12218 12233 12262 12735 12980 13253 13862
moead,513_e-05,6,11,600,12,29638008.489334,197221.898027,0.224490,0.775510,11219 11225 11580 11675 11771 11789 11800 11986 12218 12233 12262 12359 12735 13253 13862
moead,513_e-05,6,12,600,12,29638008.489334,197221.898027,0.244898,0.755102,11219 11225 11580 11675 11771 11789 11800 11986 12218 12233 12262 12359 12735 13253 13862
moead,513_e-05,6,13,600,12,29619297.354406,196309.213510,0.265306,0.734694,11219 11580 11674 11675 11771 11789 11986 12012 12218 12233 12262 12735 12980 13253 13862
moead,513_e-05,6,14,600,12,29619297.354406,196309.213510,0.285714,0.714286,11219 11580 11674 11675 11771 11789 11986 12012 12218 12233 12262 12735 12980 13253 13862
moead,513_e-05,6,15,600,12,29619297.354406,196309.213510,0.306122,0.693878,11219 11580 11674 11675 11771 11789 11986 12012 12218 12233 12262 12735 12980 13253 13862
moead,513_e-05,6,16,600,12,29599795.635009,193256.113268,0.326531,0.673469,11219 11225 11580 11674 11675 11771 11789 11800 11986 12218 12233 12262 12735 13237 13253
moead,513_e-05,6,17,600,12,29599795.635009,193256.113268,0.346939,0.653061,11219 11225 11580 11674 11675 11771 11789 11800 11986 12218 12233 12262 12735 13237 13253
moead,513_e-05,6,18,600,12,29595041.969651,193209.967884,0.367347,0.632653,11219 11225 11580 11674 11675 11771 11789 11800 11986 12233 12262 12853 12971 13253 13528
moead,513_e-05,6,19,600,12,29582451.963656,193010.524336,0.387755,0.612245,11219 11225 11580 11674 11675 11771 11789 11800 11986 12233 12262 12481 12853 12971 13253
moead,513_e-05,6,20,600,12,29582451.963656,193010.524336,0.408163,0.591837,11219 11225 11580 11674 11675 11771 11789 11800 11986 12233 12262 12481 12853 12971 13253
moead,513_e-05,6,21,600,12,29579812.372391,192923.509309,0.428571,0.571429,11219 11225 11580 11674 11675 11771 11789 11800 11986 12218 12233 12602 12735 13237 13253
moead,513_e-05,6,22,600,12,29573091.713205,192624.019484,0.448980,0.551020,11225 11396 11397 11580 11674 11675 11771 11789 11800 11986 12233 12262 12853 12971 13253
moead,513_e-05,6,23,600,12,29573091.713205,192624.019484,0.469388,0.530612,11225 11396 11397 11580 11674 11675 11771 11789 11800 11986 12233 12262 12853 12971 13253
moead,513_e-05,6,24,600,12,29564272.810793,192586.242043,0.489796,0.510204,11225 11396 11397 11580 11675 11771 11789 11800 11986 12233 12262 12479 12481 12971 13253
moead,513_e-05,6,25,600,12,29564272.810793,192586.242043,0.510204,0.489796,11225 11396 11397 11580 11675 11771 11789 11800 11986 12233 12262 12479 12481 12971 13253
moead,513_e-05,6,26,600,12,29559848.346538,192185.150857,0.530612,0.469388,11225 11396 11397 11580 11675 11771 11789 11800 11986 12233 12481 12853 12971 13253 13399
moead,513_e-05,6,27,600,12,29559848.346538,192185.150857,0.551020,0.448980,11225 11396 11397 11580 11675 11771 11789 11800 11986 12233 12481 12853 12971 13253 13399
moead,513_e-05,6,28,600,12,29556545.570704,191866.449690,0.571429,0.428571,11225 11396 11397 11580 11675 11771 11789 11800 11986 12233 12481 12735 12853 12971 13253
moead,513_e-05,6,29,600,12,29556545.570704,191866.449690,0.591837,0.408163,11225 11396 11397 11580 11675 11771 11789 11800 11986 12233 12481 12735 12853 12971 13253
moead,513_e-05,6,30,600,12,29551174.090790,188324.350559,0.612245,0.387755,11476 11499 11580 11675 11772 11781 11800 12115 12132 12233 12853 12971 13253 13399 13696
moead,513_e-05,6,31,600,12,29551174.090790,188324.350559,0.632653,0.367347,11476 11499 11580 11675 11772 11781 11800 12115 12132 12233 12853 12971 13253 13399 13696
moead,513_e-05,6,32,600,12,29548112.613675,188285.958320,0.653061,0.346939,11396 11476 11499 11580 11675 11772 11781 11800 12115 12132 12233 12853 12971 13253 13399
moead,513_e-05,6,33,600,12,29542142.178136,188267.207885,0.673469,0.326531,11396 11476 11580 11675 11772 11781 11800 12115 12132 12233 12242 12853 12971 13253 13399
moead,513_e-05,6,34,600,12,29542142.178136,188267.207885,0.693878,0.306122,11396 11476 11580 11675 11772 11781 11800 12115 12132 12233 12242 12853 12971 13253 13399
moead,513_e-05,6,35,600,12,29542142.178136,188267.207885,0.714286,0.285714,11396 11476 11580 11675 11772 11781 11800 12115 12132 12233 12242 12853 12971 13253 13399
moead,513_e-05,6,36,600,12,29538901.079586,188225.379127,0.734694,0.265306,11476 11499 11580 11675 11772 11781 11800 12115 12132 12233 12594 12853 12971 13253 13399
moead,513_e-05,6,37,600,12,29538901.079586,188225.379127,0.755102,0.244898,11476 11499 11580 11675 11772 11781 11800 12115 12132 12233 12594 12853 12971 13253 13399
moead,513_e-05,6,38,600,12,29534422.417349,188223.689137,0.775510,0.224490,11476 11499 11580 11675 11772 11781 11800 12115 12132 12233 12361 12594 12971 13253 13399
moead,513_e-05,6,39,600,12,29534422.417349,188223.689137,0.795918,0.204082,11476 11499 11580 11675 11772 11781 11800 12115 12132 12233 12361 12594 12971 13253 13399
moead,513_e-05,6,40,600,12,29534422.417349,188223.689137,0.816327,0.183673,11476 11499 11580 11675 11772 11781 11800 12115 12132 12233 12361 12594 12971 13253 13399
moead,513_e-05,6,41,600,12,29524185.698056,187791.727863,0.836735,0.163265,11396 11499 11580 11675 11771 11875 11881 12002 12115 12119 12132 12715 12853 12971 13253
moead,513_e-05,6,42,600,12,29524185.698056,187791.727863,0.857143,0.142857,11396 11499 11580 11675 11771 11875 11881 12002 12115 12119 12132 12715 12853 12971 13253
moead,513_e-05,6,43,600,12,29524185.698056,187791.727863,0.877551,0.122449,11396 11499 11580 11675 11771 11875 11881 12002 12115 12119 12132 12715 12853 12971 13253
moead,513_e-05,6,44,600,12,29524185.698056,187791.727863,0.897959,0.102041,11396 11499 11580 11675 11771 11875 11881 12002 12115 12119 12132 12715 12853 12971 13253
moead,513_e-05,6,45,600,12,29524185.698056,187791.727863,0.918367,0.081633,11396 11499 11580 11675 11771 11875 11881 12002 12115 12119 12132 12715 12853 12971 13253
moead,513_e-05,6,46,600,12,29524185.698056,187791.727863,0.938776,0.061224,11396 11499 11580 11675 11771 11875 11881 12002 12115 12119 12132 12715 12853 12971 13253
moead,513_e-05,6,47,600,12,29524185.698056,187791.727863,0.959184,0.040816,11396 11499 11580 11675 11771 11875 11881 12002 12115 12119 12132 12715 12853 12971 13253
moead,513_e-05,6,48,600,12,29524185.698056,187791.727863,0.979592,0.020408,11396 11499 11580 11675 11771 11875 11881 12002 12115 12119 12132 12715 12853 12971 13253
moead,513_e-05,6,49,600,12,29524185.698056,187791.727863,1.000000,0.000000,11396 11499 11580 11675 11771 11875 11881 12002 12115 12119 12132 12715 12853 12971 13253
moead,513_e-05,6,0,650,13,36077729.229463,236183.260254,0.000000,1.000000,11593 14543 17757 48318 48694 72036 86724 91610 106203 106958 110766 119339 128185 143558 147742
moead,513_e-05,6,1,650,13,30210752.336538,221570.677933,0.020408,0.979592,10411 10424 11225 11290 11396 11593 11771 12494 12620 13237 13823 14543 16818 17757 67214
moead,513_e-05,6,2,650,13,30028856.829574,217367.465100,0.040816,0.959184,10411 10424 11225 11290 11396 11593 11771 12132 12494 12620 13237 13253 14543 16818 17757
moead,513_e-05,6,3,650,13,29921232.293761,210140.938601,0.061224,0.938776,10411 10424 11225 11290 11396 11593 11771 12494 12620 12735 13237 13253 13409 13823 14543
moead,513_e-05,6,4,650,13,29836135.743734,209136.605028,0.081633,0.918367,10411 10424 11225 11290 11396 11593 11771 12132 12262 12494 12620 12735 13237 13253 13862
moead,513_e-05,6,5,650,13,29780272.184061,205485.019167,0.102041,0.897959,10424 11225 11290 11396 11593 11771 11796 12132 12494 12620 12735 13237 13253 13823 14543
moead,513_e-05,6,6,650,13,29751669.543862,205167.338501,0.122449,0.877551,10424 11225 11290 11396 11497 11593 11771 11800 12132 12262 12620 12735 13237 13253 13862
moead,513_e-05,6,7,650,13,29732190.258112,201805.121410,0.142857,0.857143,11212 11225 11396 11593 11675 11744 11771 11800 12132 12620 12735 13237 13253 13823 13862
moead,513_e-05,6,8,650,13,29691919.428066,201081.696171,0.163265,0.836735,11212 11225 11396 11497 11593 11771 11799 11800 12132 12262 12620 12735 13237 13698 13862
moead,513_e-05,6,9,650,13,29647991.144776,200856.946856,0.183673,0.816327,11212 11225 11580 11675 11771 11789 11800 11986 12218 12233 12262 12359 12735 13253 13862
moead,513_e-05,6,10,650,13,29647991.144776,200856.946856,0.204082,0.795918,11212 11225 11580 11675 11771 11789 11800 11986 12218 12233 12262 12359 12735 13253 13862
moead,513_e-05,6,11,650,13,29646961.784284,200431.524545,0.224490,0.775510,11212 11225 11674 11675 11771 11789 11986 12012 12218 12233 12262 12735 12980 13253 13862
moead,513_e-05,6,12,650,13,29638008.489334,197221.898027,0.244898,0.755102,11219 11225 11580 11675 11771 11789 11800 11986 12218 12233 12262 12359 12735 13253 13862
moead,513_e-05,6,13,650,13,29609778.290451,196891.162096,0.265306,0.734694,11212 11225 11580 11674 11675 11771 11789 11800 11986 12218 12233 12262 12735 13237 13253
moead,513_e-05,6,14,650,13,29609778.290451,196891.162096,0.285714,0.714286,11212 11225 11580 11674 11675 11771 11789 11800 11986 12218 12233 12262 12735 13237 13253
moead,513_e-05,6,15,650,13,29609778.290451,196891.162096,0.306122,0.693878,11212 11225 11580 11674 11675 11771 11789 11800 11986 12218 12233 12262 12735 13237 13253
moead,513_e-05,6,16,650,13,29609778.290451,196891.162096,0.326531,0.673469,11212 11225 11580 11674 11675 11771 11789 11800 11986 12218 12233 12262 12735 13237 13253
moead,513_e-05,6,17,650,13,29599795.635009,193256.113268,0.346939,0.653061,11219 11225 11580 11674 11675 11771 11789 11800 11986 12218 12233 12262 12735 13237 13253
moead,513_e-05,6,18,650,13,29594797.269707,193253.966628,0.367347,0.632653,11225 11580 11674 11675 11771 11789 11800 11969 11986 12014 12233 12262 12735 13237 13253
moead,513_e-05,6,19,650,13,29589799.584510,193171.519205,0.387755,0.612245,11225 11580 11674 11675 11771 11789 11800 11969 11986 12014 12233 12262 12735 12971 13253
moead,513_e-05,6,20,650,13,29582451.963656,193010.524336,0.408163,0.591837,11219 11225 11580 11674 11675 11771 11789 11800 11986 12233 12262 12481 12853 12971 13253
moead,513_e-05,6,21,650,13,29579812.372391,192923.509309,0.428571,0.571429,11219 11225 11580 11674 11675 11771 11789 11800 11986 12218 12233 12602 12735 13237 13253
moead,513_e-05,6,22,650,13,29573091.713205,192624.019484,0.448980,0.551020,11225 11396 11397 11580 11674 11675 11771 11789 11800 11986 12233 12262 12853 12971 13253
moead,513_e-05,6,23,650,13,29564272.810793,192586.242043,0.469388,0.530612,11225 11396 11397 11580 11675 11771 11789 11800 11986 12233 12262 12479 12481 12971 13253
moead,513_e-05,6,24,650,13,29564272.810793,192586.242043,0.489796,0.510204,11225 11396 11397 11580 11675 11771 11789 11800 11986 12233 12262 12479 12481 12971 13253
moead,513_e-05,6,25,650,13,29564272.810793,192586.242043,0.510204,0.489796,11225 11396 11397 11580 11675 11771 11789 11800 11986 12233 12262 12479 12481 12971 13253
moead,513_e-05,6,26,650,13,29559848.346538,192185.150857,0.530612,0.469388,11225 11396 11397 11580 11675 11771 11789 11800 11986 12233 12481 12853 12971 13253 13399
moead,513_e-05,6,27,650,13,29556545.570704,191866.449690,0.551020,0.448980,11225 11396 11397 11580 11675 11771 11789 11800 11986 12233 12481 12735 12853 12971 13253
moead,513_e-05,6,28,650,13,29556545.570704,191866.449690,0.571429,0.428571,11225 11396 11397 11580 11675 11771 11789 11800 11986 12233 12481 12735 12853 12971 13253
moead,513_e-05,6,29,650,13,29530042.685641,188454.079838,0.591837,0.408163,11476 11499 11580 11675 11772 11780 11781 11800 11986 12115 12132 12233 12594 12971 13253
moead,513_e-05,6,30,650,13,29530042.685641,188454.079838,0.612245,0.387755,11476 11499 11580 11675 11772 11780 11781 11800 11986 12115 12132 12233 12594 12971 13253
moead,513_e-05,6,31,650,13,29530042.685641,188454.079838,0.632653,0.367347,11476 11499 11580 11675 11772 11780 11781 11800 11986 12115 12132 12233 12594 12971 13253
moead,513_e-05,6,32,650,13,29530042.685641,188454.079838,0.653061,0.346939,11476 11499 11580 11675 11772 11780 11781 11800 11986 12115 12132 12233 12594 12971 13253
moead,513_e-05,6,33,650,13,29530042.685641,188454.079838,0.673469,0.326531,11476 11499 11580 11675 11772 11780 11781 11800 11986 12115 12132 12233 12594 12971 13253
moead,513_e-05,6,34,650,13,29530042.685641,188454.079838,0.693878,0.306122,11476 11499 11580 11675 11772 11780 11781 11800 11986 12115 12132 12233 12594 12971 13253
moead,513_e-05,6,35,650,13,29530042.685641,188454.079838,0.714286,0.285714,11476 11499 11580 11675 11772 11780 11781 11800 11986 12115 12132 12233 12594 12971 13253
moead,513_e-05,6,36,650,13,29530042.685641,188454.079838,0.734694,0.265306,11476 11499 11580 11675 11772 11780 11781 11800 11986 12115 12132 12233 12594 12971 13253
moead,513_e-05,6,37,650,13,29530042.685641,188454.079838,0.755102,0.244898,11476 11499 11580 11675 11772 11780 11781 11800 11986 12115 12132 12233 12594 12971 13253
moead,513_e-05,6,38,650,13,29530042.685641,188454.079838,0.775510,0.224490,11476 11499 11580 11675 11772 11780 11781 11800 11986 12115 12132 12233 12594 12971 13253
moead,513_e-05,6,39,650,13,29530042.685641,188454.079838,0.795918,0.204082,11476 11499 11580 11675 11772 11780 11781 11800 11986 12115 12132 12233 12594 12971 13253
moead,513_e-05,6,40,650,13,29530042.685641,188454.079838,0.816327,0.183673,11476 11499 11580 11675 11772 11780 11781 11800 11986 12115 12132 12233 12594 12971 13253
moead,513_e-05,6,41,650,13,29530042.685641,188454.079838,0.836735,0.163265,11476 11499 11580 11675 11772 11780 11781 11800 11986 12115 12132 12233 12594 12971 13253
moead,513_e-05,6,42,650,13,29530042.685641,188454.079838,0.857143,0.142857,11476 11499 11580 11675 11772 11780 11781 11800 11986 12115 12132 12233 12594 12971 13253
moead,513_e-05,6,43,650,13,29530042.685641,188454.079838,0.877551,0.122449,11476 11499 11580 11675 11772 11780 11781 11800 11986 12115 12132 12233 12594 12971 13253
moead,513_e-05,6,44,650,13,29524248.760157,187797.344220,0.897959,0.102041,11396 11499 11580 11675 11771 11875 11881 12002 12119 12132 12359 12715 12853 12971 13253
moead,513_e-05,6,45,650,13,29524248.760157,187797.344220,0.918367,0.081633,11396 11499 11580 11675 11771 11875 11881 12002 12119 12132 12359 12715 12853 12971 13253
moead,513_e-05,6,46,650,13,29524248.760157,187797.344220,0.938776,0.061224,11396 11499 11580 11675 11771 11875 11881 12002 12119 12132 12359 12715 12853 12971 13253
moead,513_e-05,6,47,650,13,29524248.760157,187797.344220,0.959184,0.040816,11396 11499 11580 11675 11771 11875 11881 12002 12119 12132 12359 12715 12853 12971 13253
moead,513_e-05,6,48,650,13,29524248.760157,187797.344220,0.979592,0.020408,11396 11499 11580 11675 11771 11875 11881 12002 12119 12132 12359 12715 12853 12971 13253
moead,513_e-05,6,49,650,13,29524185.698056,187791.727863,1.000000,0.000000,11396 11499 11580 11675 11771 11875 11881 12002 12115 12119 12132 12715 12853 12971 13253
moead,513_e-05,6,0,700,14,36766370.746629,236183.260254,0.000000,1.000000,14543 17757 21899 48318 48694 72036 82774 86724 91610 92114 95959 110766 128185 143558 147742
moead,513_e-05,6,1,700,14,30210752.336538,221570.677933,0.020408,0.979592,10411 10424 11225 11290 11396 11593 11771 12494 12620 13237 13823 14543 16818 17757 67214
moead,513_e-05,6,2,700,14,30028856.829574,217367.465100,0.040816,0.959184,10411 10424 11225 11290 11396 11593 11771 12132 12494 12620 13237 13253 14543 16818 17757
moead,513_e-05,6,3,700,14,29921232.293761,210140.938601,0.061224,0.938776,10411 10424 11225 11290 11396 11593 11771 12494 12620 12735 13237 13253 13409 13823 14543
moead,513_e-05,6,4,700,14,29836135.743734,209136.605028,0.081633,0.918367,10411 10424 11225 11290 11396 11593 11771 12132 12262 12494 12620 12735 13237 13253 13862
moead,513_e-05,6,5,700,14,29780272.184061,205485.019167,0.102041,0.897959,10424 11225 11290 11396 11593 11771 11796 12132 12494 12620 12735 13237 13253 13823 14543
moead,513_e-05,6,6,700,14,29751669.543862,205167.338501,0.122449,0.877551,10424 11225 11290 11396 11497 11593 11771 11800 12132 12262 12620 12735 13237 13253 13862
moead,513_e-05,6,7,700,14,29715926.125103,201525.127546,0.142857,0.857143,11212 11225 11580 11675 11771 11800 11986 12218 12233 12262 12359 12549 12735 13253 13862
moead,513_e-05,6,8,700,14,29691919.428066,201081.696171,0.163265,0.836735,11212 11225 11396 11497 11593 11771 11799 11800 12132 12262 12620 12735 13237 13698 13862
moead,513_e-05,6,9,700,14,29654175.497007,201070.435768,0.183673,0.816327,11212 11225 11580 11675 11771 11789 11800 11986 12218 12233 12262 12359 13237 13698 13862
moead,513_e-05,6,10,700,14,29654175.497007,201070.435768,0.204082,0.795918,11212 11225 11580 11675 11771 11789 11800 11986 12218 12233 12262 12359 13237 13698 13862
moead,513_e-05,6,11,700,14,29641465.743517,200310.937987,0.224490,0.775510,11212 11225 11674 11675 11771 11789 12012 12218 12233 12262 12361 12735 12980 13253 13862
moead,513_e-05,6,12,700,14,29638008.489334,197221.898027,0.244898,0.755102,11219 11225 11580 11675 11771 11789 11800 11986 12218 12233 12262 12359 12735 13253 13862
moead,513_e-05,6,13,700,14,29609778.290451,196891.162096,0.265306,0.734694,11212 11225 11580 11674 11675 11771 11789 11800 11986 12218 12233 12262 12735 13237 13253
moead,513_e-05,6,14,700,14,29609778.290451,196891.162096,0.285714,0.714286,11212 11225 11580 11674 11675 11771 11789 11800 11986 12218 12233 12262 12735 13237 13253
moead,513_e-05,6,15,700,14,29609778.290451,196891.162096,0.306122,0.693878,11212 11225 11580 11674 11675 11771 11789 11800 11986 12218 12233 12262 12735 13237 13253
moead,513_e-05,6,16,700,14,29599795.635009,193256.113268,0.326531,0.673469,11219 11225 11580 11674 11675 11771 11789 11800 11986 12218 12233 12262 12735 13237 13253
moead,513_e-05,6,17,700,14,29594797.269707,193253.966628,0.346939,0.653061,11225 11580 11674 11675 11771 11789 11800 11969 11986 12014 12233 12262 12735 13237 13253
moead,513_e-05,6,18,700,14,29589799.584510,193171.519205,0.367347,0.632653,11225 11580 11674 11675 11771 11789 11800 11969 11986 12014 12233 12262 12735 12971 13253
moead,513_e-05,6,19,700,14,29582451.963656,193010.524336,0.387755,0.612245,11219 11225 11580 11674 11675 11771 11789 11800 11986 12233 12262 12481 12853 12971 13253
moead,513_e-05,6,20,700,14,29573091.713205,192624.019484,0.408163,0.591837,11225 11396 11397 11580 11674 11675 11771 11789 11800 11986 12233 12262 12853 12971 13253
moead,513_e-05,6,21,700,14,29573091.713205,192624.019484,0.428571,0.571429,11225 11396 11397 11580 11674 11675 11771 11789 11800 11986 12233 12262 12853 12971 13253
moead,513_e-05,6,22,700,14,29564272.810793,192586.242043,0.448980,0.551020,11225 11396 11397 11580 11675 11771 11789 11800 11986 12233 12262 12479 12481 12971 13253
moead,513_e-05,6,23,700,14,29564272.810793,192586.242043,0.469388,0.530612,11225 11396 11397 11580 11675 11771 11789 11800 11986 12233 12262 12479 12481 12971 13253
moead,513_e-05,6,24,700,14,29559848.346538,192185.150857,0.489796,0.510204,11225 11396 11397 11580 11675 11771 11789 11800 11986 12233 12481 12853 12971 13253 13399
moead,513_e-05,6,25,700,14,29559848.346538,192185.150857,0.510204,0.489796,11225 11396 11397 11580 11675 11771 11789 11800 11986 12233 12481 12853 12971 13253 13399
moead,513_e-05,6,26,700,14,29556545.570704,191866.449690,0.530612,0.469388,11225 11396 11397 11580 11675 11771 11789 11800 11986 12233 12481 12735 12853 12971 13253
moead,513_e-05,6,27,700,14,29556545.570704,191866.449690,0.551020,0.448980,11225 11396 11397 11580 11675 11771 11789 11800 11986 12233 12481 12735 12853 12971 13253
moead,513_e-05,6,28,700,14,29541864.961650,188650.147385,0.571429,0.428571,11476 11499 11580 11675 11772 11780 11781 11800 11986 12233 12262 12479 12481 12971 13253
moead,513_e-05,6,29,700,14,29541864.961650,188650.147385,0.591837,0.408163,11476 11499 11580 11675 11772 11780 11781 11800 11986 12233 12262 12479 12481 12971 13253
moead,513_e-05,6,30,700,14,29541864.961650,188650.147385,0.612245,0.387755,11476 11499 11580 11675 11772 11780 11781 11800 11986 12233 12262 12479 12481 12971 13253
moead,513_e-05,6,31,700,14,29541864.961650,188650.147385,0.632653,0.367347,11476 11499 11580 11675 11772 11780 11781 11800 11986 12233 12262 12479 12481 12971 13253
moead,513_e-05,6,32,700,14,29541864.961650,188650.147385,0.653061,0.346939,11476 11499 11580 11675 11772 11780 11781 11800 11986 12233 12262 12479 12481 12971 13253
moead,513_e-05,6,33,700,14,29530042.685641,188454.079838,0.673469,0.326531,11476 11499 11580 11675 11772 11780 11781 11800 11986 12115 12132 12233 12594 12971 13253
moead,513_e-05,6,34,700,14,29530042.685641,188454.079838,0.693878,0.306122,11476 11499 11580 11675 11772 11780 11781 11800 11986 12115 12132 12233 12594 12971 13253
moead,513_e-05,6,35,700,14,29530042.685641,188454.079838,0.714286,0.285714,11476 11499 11580 11675 11772 11780 11781 11800 11986 12115 12132 12233 12594 12971 13253
moead,513_e-05,6,36,700,14,29530042.685641,188454.079838,0.734694,0.265306,11476 11499 11580 11675 11772 11780 11781 11800 11986 12115 12132 12233 12594 12971 13253
moead,513_e-05,6,37,700,14,29530042.685641,188454.079838,0.755102,0.244898,11476 11499 11580 11675 11772 11780 11781 11800 11986 12115 12132 12233 12594 12971 13253
moead,513_e-05,6,38,700,14,29530042.685641,188454.079838,0.775510,0.224490,11476 11499 11580 11675 11772 11780 11781 11800 11986 12115 12132 12233 12594 12971 13253
moead,513_e-05,6,39,700,14,29530042.685641,188454.079838,0.795918,0.204082,11476 11499 11580 11675 11772 11780 11781 11800 11986 12115 12132 12233 12594 12971 13253
moead,513_e-05,6,40,700,14,29527179.605874,188284.494756,0.816327,0.183673,11396 11499 11580 11675 11772 11780 11781 11800 11986 12115 12132 12233 12594 12971 13253
moead,513_e-05,6,41,700,14,29527179.605874,188284.494756,0.836735,0.163265,11396 11499 11580 11675 11772 11780 11781 11800 11986 12115 12132 12233 12594 12971 13253
moead,513_e-05,6,42,700,14,29521946.858872,187830.813673,0.857143,0.142857,11396 11499 11580 11675 11771 11875 11881 12002 12115 12119 12132 12359 12853 12971 13253
moead,513_e-05,6,43,700,14,29521946.858872,187830.813673,0.877551,0.122449,11396 11499 11580 11675 11771 11875 11881 12002 12115 12119 12132 12359 12853 12971 13253
moead,513_e-05,6,44,700,14,29521946.858872,187830.813673,0.897959,0.102041,11396 11499 11580 11675 11771 11875 11881 12002 12115 12119 12132 12359 12853 12971 13253
moead,513_e-05,6,45,700,14,29521946.858872,187830.813673,0.918367,0.081633,11396 11499 11580 11675 11771 11875 11881 12002 12115 12119 12132 12359 12853 12971 13253
moead,513_e-05,6,46,700,14,29518354.477749,187747.246860,0.938776,0.061224,11396 11499 11580 11675 11771 11875 11881 12002 12115 12119 12344 12359 12853 12971 13253
moead,513_e-05,6,47,700,14,29518354.477749,187747.246860,0.959184,0.040816,11396 11499 11580 11675 11771 11875 11881 12002 12115 12119 12344 12359 12853 12971 13253
moead,513_e-05,6,48,700,14,29518354.477749,187747.246860,0.979592,0.020408,11396 11499 11580 11675 11771 11875 11881 12002 12115 12119 12344 12359 12853 12971 13253
moead,513_e-05,6,49,700,14,29518354.477749,187747.246860,1.000000,0.000000,11396 11499 11580 11675 11771 11875 11881 12002 12115 12119 12344 12359 12853 12971 13253
moead,513_e-05,6,0,750,15,36887835.900352,236183.260254,0.000000,1.000000,13237 13253 14543 45780 47697 48694 54251 66645 72036 91610 92114 94447 95959 108960 164974
moead,513_e-05,6,1,750,15,30210752.336538,221570.677933,0.020408,0.979592,10411 10424 11225 11290 11396 11593 11771 12494 12620 13237 13823 14543 16818 17757 67214
moead,513_e-05,6,2,750,15,30028856.829574,217367.465100,0.040816,0.959184,10411 10424 11225 11290 11396 11593 11771 12132 12494 12620 13237 13253 14543 16818 17757
moead,513_e-05,6,3,750,15,29921232.293761,210140.938601,0.061224,0.938776,10411 10424 11225 11290 11396 11593 11771 12494 12620 12735 13237 13253 13409 13823 14543
moead,513_e-05,6,4,750,15,29834169.750618,208378.870146,0.081633,0.918367,10411 10424 11225 11290 11396 11771 12011 12132 12262 12494 12620 12735 13237 13253 13862
moead,513_e-05,6,5,750,15,29780272.184061,205485.019167,0.102041,0.897959,10424 11225 11290 11396 11593 11771 11796 12132 12494 12620 12735 13237 13253 13823 14543
moead,513_e-05,6,6,750,15,29751669.543862,205167.338501,0.122449,0.877551,10424 11225 11290 11396 11497 11593 11771 11800 12132 12262 12620 12735 13237 13253 13862
moead,513_e-05,6,7,750,15,29677387.157943,201679.098392,0.142857,0.857143,11212 11225 11580 11675 11771 11789 11800 11986 12233 12262 12359 12687 13237 13698 14022
moead,513_e-05,6,8,750,15,29677387.157943,201679.098392,0.163265,0.836735,11212 11225 11580 11675 11771 11789 11800 11986 12233 12262 12359 12687 13237 13698 14022
moead,513_e-05,6,9,750,15,29652055.864099,201070.435768,0.183673,0.816327,11212 11225 11580 11675 11771 11789 11800 11986 12218 12233 12262 12359 13237 13698 14022
moead,513_e-05,6,10,750,15,29652055.864099,201070.435768,0.204082,0.795918,11212 11225 11580 11675 11771 11789 11800 11986 12218 12233 12262 12359 13237 13698 14022
moead,513_e-05,6,11,750,15,29641465.743517,200310.937987,0.224490,0.775510,11212 11225 11674 11675 11771 11789 12012 12218 12233 12262 12361 12735 12980 13253 13862
moead,513_e-05,6,12,750,15,29638766.150703,197427.826513,0.244898,0.755102,11219 11225 11580 11675 11771 11789 11800 11986 12218 12233 12262 12359 13236 13253 13862
moead,513_e-05,6,13,750,15,29609778.290451,196891.162096,0.265306,0.734694,11212 11225 11580 11674 11675 11771 11789 11800 11986 12218 12233 12262 12735 13237 13253
moead,513_e-05,6,14,750,15,29609778.290451,196891.162096,0.285714,0.714286,11212 11225 11580 11674 11675 11771 11789 11800 11986 12218 12233 12262 12735 13237 13253
moead,513_e-05,6,15,750,15,29609778.290451,196891.162096,0.306122,0.693878,11212 11225 11580 11674 11675 11771 11789 11800 11986 12218 12233 12262 12735 13237 13253
moead,513_e-05,6,16,750,15,29599795.635009,193256.113268,0.326531,0.673469,11219 11225 11580 11674 11675 11771 11789 11800 11986 12218 12233 12262 12735 13237 13253
moead,513_e-05,6,17,750,15,29594797.269707,193253.966628,0.346939,0.653061,11225 11580 11674 11675 11771 11789 11800 11969 11986 12014 12233 12262 12735 13237 13253
moead,513_e-05,6,18,750,15,29589799.584510,193171.519205,0.367347,0.632653,11225 11580 11674 11675 11771 11789 11800 11969 11986 12014 12233 12262 12735 12971 13253
moead,513_e-05,6,19,750,15,29582451.963656,193010.524336,0.387755,0.612245,11219 11225 11580 11674 11675 11771 11789 11800 11986 12233 12262 12481 12853 12971 13253
moead,513_e-05,6,20,750,15,29573091.713205,192624.019484,0.408163,0.591837,11225 11396 11397 11580 11674 11675 11771 11789 11800 11986 12233 12262 12853 12971 13253
moead,513_e-05,6,21,750,15,29573091.713205,192624.019484,0.428571,0.571429,11225 11396 11397 11580 11674 11675 11771 11789 11800 11986 12233 12262 12853 12971 13253
moead,513_e-05,6,22,750,15,29564272.810793,192586.242043,0.448980,0.551020,11225 11396 11397 11580 11675 11771 11789 11800 11986 12233 12262 12479 12481 12971 13253
moead,513_e-05,6,23,750,15,29564272.810793,192586.242043,0.469388,0.530612,11225 11396 11397 11580 11675 11771 11789 11800 11986 12233 12262 12479 12481 12971 13253
moead,513_e-05,6,24,750,15,29561828.291547,192352.942839,0.489796,0.510204,11225 11396 11397 11580 11675 11771 11789 11800 11986 12233 12479 12735 12971 13253 13256
moead,513_e-05,6,25,750,15,29551872.125322,192340.557229,0.510204,0.489796,11225 11396 11397 11580 11675 11771 11789 11800 11986 12233 12479 12481 12735 12971 13253
moead,513_e-05,6,26,750,15,29551872.125322,192340.557229,0.530612,0.469388,11225 11396 11397 11580 11675 11771 11789 11800 11986 12233 12479 12481 12735 12971 13253
moead,513_e-05,6,27,750,15,29551872.125322,192340.557229,0.551020,0.448980,11225 11396 11397 11580 11675 11771 11789 11800 11986 12233 12479 12481 12735 12971 13253
moead,513_e-05,6,28,750,15,29550142.344625,192340.553157,0.571429,0.428571,11225 11396 11397 11580 11675 11771 11800 11892 11986 12233 12479 12481 12735 12971 13253
moead,513_e-05,6,29,750,15,29550142.344625,192340.553157,0.591837,0.408163,11225 11396 11397 11580 11675 11771 11800 11892 11986 12233 12479 12481 12735 12971 13253
moead,513_e-05,6,30,750,15,29541864.961650,188650.147385,0.612245,0.387755,11476 11499 11580 11675 11772 11780 11781 11800 11986 12233 12262 12479 12481 12971 13253
moead,513_e-05,6,31,750,15,29541864.961650,188650.147385,0.632653,0.367347,11476 11499 11580 11675 11772 11780 11781 11800 11986 12233 12262 12479 12481 12971 13253
moead,513_e-05,6,32,750,15,29541864.961650,188650.147385,0.653061,0.346939,11476 11499 11580 11675 11772 11780 11781 11800 11986 12233 12262 12479 12481 12971 13253
moead,513_e-05,6,33,750,15,29530042.685641,188454.079838,0.673469,0.326531,11476 11499 11580 11675 11772 11780 11781 11800 11986 12115 12132 12233 12594 12971 13253
moead,513_e-05,6,34,750,15,29530042.685641,188454.079838,0.693878,0.306122,11476 11499 11580 11675 11772 11780 11781 11800 11986 12115 12132 12233 12594 12971 13253
moead,513_e-05,6,35,750,15,29530042.685641,188454.079838,0.714286,0.285714,11476 11499 11580 11675 11772 11780 11781 11800 11986 12115 12132 12233 12594 12971 13253
moead,513_e-05,6,36,750,15,29530042.685641,188454.079838,0.734694,0.265306,11476 11499 11580 11675 11772 11780 11781 11800 11986 12115 12132 12233 12594 12971 13253
moead,513_e-05,6,37,750,15,29530042.685641,188454.079838,0.755102,0.244898,11476 11499 11580 11675 11772 11780 11781 11800 11986 12115 12132 12233 12594 12971 13253
moead,513_e-05,6,38,750,15,29530042.685641,188454.079838,0.775510,0.224490,11476 11499 11580 11675 11772 11780 11781 11800 11986 12115 12132 12233 12594 12971 13253
moead,513_e-05,6,39,750,15,29530042.685641,188454.079838,0.795918,0.204082,11476 11499 11580 11675 11772 11780 11781 11800 11986 12115 12132 12233 12594 12971 13253
moead,513_e-05,6,40,750,15,29527179.605874,188284.494756,0.816327,0.183673,11396 11499 11580 11675 11772 11780 11781 11800 11986 12115 12132 12233 12594 12971 13253
moead,513_e-05,6,41,750,15,29527179.605874,188284.494756,0.836735,0.163265,11396 11499 11580 11675 11772 11780 11781 11800 11986 12115 12132 12233 12594 12971 13253
moead,513_e-05,6,42,750,15,29518456.371332,188263.708251,0.857143,0.142857,11396 11499 11580 11675 11771 11875 11881 12002 12115 12119 12132 12359 12594 12971 13253
moead,513_e-05,6,43,750,15,29518456.371332,188263.708251,0.877551,0.122449,11396 11499 11580 11675 11771 11875 11881 12002 12115 12119 12132 12359 12594 12971 13253
moead,513_e-05,6,44,750,15,29518456.371332,188263.708251,0.897959,0.102041,11396 11499 11580 11675 11771 11875 11881 12002 12115 12119 12132 12359 12594 12971 13253
moead,513_e-05,6,45,750,15,29518456.371332,188263.708251,0.918367,0.081633,11396 11499 11580 11675 11771 11875 11881 12002 12115 12119 12132 12359 12594 12971 13253
moead,513_e-05,6,46,750,15,29518456.371332,188263.708251,0.938776,0.061224,11396 11499 11580 11675 11771 11875 11881 12002 12115 12119 12132 12359 12594 12971 13253
moead,513_e-05,6,47,750,15,29518456.371332,188263.708251,0.959184,0.040816,11396 11499 11580 11675 11771 11875 11881 12002 12115 12119 12132 12359 12594 12971 13253
moead,513_e-05,6,48,750,15,29518456.371332,188263.708251,0.979592,0.020408,11396 11499 11580 11675 11771 11875 11881 12002 12115 12119 12132 12359 12594 12971 13253
moead,513_e-05,6,49,750,15,29518354.477749,187747.246860,1.000000,0.000000,11396 11499 11580 11675 11771 11875 11881 12002 12115 12119 12344 12359 12853 12971 13253
moead,513_e-05,6,0,800,16,35682337.577146,236183.260254,0.000000,1.000000,13237 13253 13823 14543 24981 39851 58746 66645 90177 91610 91843 92893 94447 101331 108960
moead,513_e-05,6,1,800,16,30210752.336538,221570.677933,0.020408,0.979592,10411 10424 11225 11290 11396 11593 11771 12494 12620 13237 13823 14543 16818 17757 67214
moead,513_e-05,6,2,800,16,30028856.829574,217367.465100,0.040816,0.959184,10411 10424 11225 11290 11396 11593 11771 12132 12494 12620 13237 13253 14543 16818 17757
moead,513_e-05,6,3,800,16,29921232.293761,210140.938601,0.061224,0.938776,10411 10424 11225 11290 11396 11593 11771 12494 12620 12735 13237 13253 13409 13823 14543
moead,513_e-05,6,4,800,16,29834169.750618,208378.870146,0.081633,0.918367,10411 10424 11225 11290 11396 11771 12011 12132 12262 12494 12620 12735 13237 13253 13862
moead,513_e-05,6,5,800,16,29751858.342463,205971.749149,0.102041,0.897959,10424 11212 11225 11580 11675 11771 11789 11800 11986 12233 12262 12687 13237 13698 14022
moead,513_e-05,6,6,800,16,29724276.789568,204937.945643,0.122449,0.877551,10424 11212 11225 11580 11675 11771 11789 11800 11986 12494 12620 12735 13237 13253 13862
moead,513_e-05,6,7,800,16,29724276.789568,204937.945643,0.142857,0.857143,10424 11212 11225 11580 11675 11771 11789 11800 11986 12494 12620 12735 13237 13253 13862
moead,513_e-05,6,8,800,16,29677387.157943,201679.098392,0.163265,0.836735,11212 11225 11580 11675 11771 11789 11800 11986 12233 12262 12359 12687 13237 13698 14022
moead,513_e-05,6,9,800,16,29652055.864099,201070.435768,0.183673,0.816327,11212 11225 11580 11675 11771 11789 11800 11986 12218 12233 12262 12359 13237 13698 14022
moead,513_e-05,6,10,800,16,29652055.864099,201070.435768,0.204082,0.795918,11212 11225 11580 11675 11771 11789 11800 11986 12218 12233 12262 12359 13237 13698 14022
moead,513_e-05,6,11,800,16,29641465.743517,200310.937987,0.224490,0.775510,11212 11225 11674 11675 11771 11789 12012 12218 12233 12262 12361 12735 12980 13253 13862
moead,513_e-05,6,12,800,16,29637854.772133,200183.469334,0.244898,0.755102,11212 11225 11674 11675 11771 11789 12012 12218 12233 12361 12735 12980 13253 13862 14013
moead,513_e-05,6,13,800,16,29609778.290451,196891.162096,0.265306,0.734694,11212 11225 11580 11674 11675 11771 11789 11800 11986 12218 12233 12262 12735 13237 13253
moead,513_e-05,6,14,800,16,29609778.290451,196891.162096,0.285714,0.714286,11212 11225 11580 11674 11675 11771 11789 11800 11986 12218 12233 12262 12735 13237 13253
moead,513_e-05,6,15,800,16,29609778.290451,196891.162096,0.306122,0.693878,11212 11225 11580 11674 11675 11771 11789 11800 11986 12218 12233 12262 12735 13237 13253
moead,513_e-05,6,16,800,16,29599795.635009,193256.113268,0.326531,0.673469,11219 11225 11580 11674 11675 11771 11789 11800 11986 12218 12233 12262 12735 13237 13253
moead,513_e-05,6,17,800,16,29594797.269707,193253.966628,0.346939,0.653061,11225 11580 11674 11675 11771 11789 11800 11969 11986 12014 12233 12262 12735 13237 13253
moead,513_e-05,6,18,800,16,29589799.584510,193171.519205,0.367347,0.632653,11225 11580 11674 11675 11771 11789 11800 11969 11986 12014 12233 12262 12735 12971 13253
moead,513_e-05,6,19,800,16,29582451.963656,193010.524336,0.387755,0.612245,11219 11225 11580 11674 11675 11771 11789 11800 11986 12233 12262 12481 12853 12971 13253
moead,513_e-05,6,20,800,16,29568516.009441,192664.460018,0.408163,0.591837,11225 11396 11580 11674 11675 11771 11789 11800 11986 12233 12262 12853 12966 12971 13253
moead,513_e-05,6,21,800,16,29568516.009441,192664.460018,0.428571,0.571429,11225 11396 11580 11674 11675 11771 11789 11800 11986 12233 12262 12853 12966 12971 13253
moead,513_e-05,6,22,800,16,29568516.009441,192664.460018,0.448980,0.551020,11225 11396 11580 11674 11675 11771 11789 11800 11986 12233 12262 12853 12966 12971 13253
moead,513_e-05,6,23,800,16,29564272.810793,192586.242043,0.469388,0.530612,11225 11396 11397 11580 11675 11771 11789 11800 11986 12233 12262 12479 12481 12971 13253
moead,513_e-05,6,24,800,16,29561828.291547,192352.942839,0.489796,0.510204,11225 11396 11397 11580 11675 11771 11789 11800 11986 12233 12479 12735 12971 13253 13256
moead,513_e-05,6,25,800,16,29551872.125322,192340.557229,0.510204,0.489796,11225 11396 11397 11580 11675 11771 11789 11800 11986 12233 12479 12481 12735 12971 13253
moead,513_e-05,6,26,800,16,29551872.125322,192340.557229,0.530612,0.469388,11225 11396 11397 11580 11675 11771 11789 11800 11986 12233 12479 12481 12735 12971 13253
moead,513_e-05,6,27,800,16,29551872.125322,192340.557229,0.551020,0.448980,11225 11396 11397 11580 11675 11771 11789 11800 11986 12233 12479 12481 12735 12971 13253
moead,513_e-05,6,28,800,16,29550142.344625,192340.553157,0.571429,0.428571,11225 11396 11397 11580 11675 11771 11800 11892 11986 12233 12479 12481 12735 12971 13253
moead,513_e-05,6,29,800,16,29550142.344625,192340.553157,0.591837,0.408163,11225 11396 11397 11580 11675 11771 11800 11892 11986 12233 12479 12481 12735 12971 13253
moead,513_e-05,6,30,800,16,29541864.961650,188650.147385,0.612245,0.387755,11476 11499 11580 11675 11772 11780 11781 11800 11986 12233 12262 12479 12481 12971 13253
moead,513_e-05,6,31,800,16,29541864.961650,188650.147385,0.632653,0.367347,11476 11499 11580 11675 11772 11780 11781 11800 11986 12233 12262 12479 12481 12971 13253
moead,513_e-05,6,32,800,16,29541864.961650,188650.147385,0.653061,0.346939,11476 11499 11580 11675 11772 11780 11781 11800 11986 12233 12262 12479 12481 12971 13253
moead,513_e-05,6,33,800,16,29530042.685641,188454.079838,0.673469,0.326531,11476 11499 11580 11675 11772 11780 11781 11800 11986 12115 12132 12233 12594 12971 13253
moead,513_e-05,6,34,800,16,29530042.685641,188454.079838,0.693878,0.306122,11476 11499 11580 11675 11772 11780 11781 11800 11986 12115 12132 12233 12594 12971 13253
moead,513_e-05,6,35,800,16,29530042.685641,188454.079838,0.714286,0.285714,11476 11499 11580 11675 11772 11780 11781 11800 11986 12115 12132 12233 12594 12971 13253
moead,513_e-05,6,36,800,16,29530042.685641,188454.079838,0.734694,0.265306,11476 11499 11580 11675 11772 11780 11781 11800 11986 12115 12132 12233 12594 12971 13253
moead,513_e-05,6,37,800,16,29530042.685641,188454.079838,0.755102,0.244898,11476 11499 11580 11675 11772 11780 11781 11800 11986 12115 12132 12233 12594 12971 13253
moead,513_e-05,6,38,800,16,29530042.685641,188454.079838,0.775510,0.224490,11476 11499 11580 11675 11772 11780 11781 11800 11986 12115 12132 12233 12594 12971 13253
moead,513_e-05,6,39,800,16,29530042.685641,188454.079838,0.795918,0.204082,11476 11499 11580 11675 11772 11780 11781 11800 11986 12115 12132 12233 12594 12971 13253
moead,513_e-05,6,40,800,16,29527179.605874,188284.494756,0.816327,0.183673,11396 11499 11580 11675 11772 11780 11781 11800 11986 12115 12132 12233 12594 12971 13253
moead,513_e-05,6,41,800,16,29527179.605874,188284.494756,0.836735,0.163265,11396 11499 11580 11675 11772 11780 11781 11800 11986 12115 12132 12233 12594 12971 13253
moead,513_e-05,6,42,800,16,29518456.371332,188263.708251,0.857143,0.142857,11396 11499 11580 11675 11771 11875 11881 12002 12115 12119 12132 12359 12594 12971 13253
moead,513_e-05,6,43,800,16,29518456.371332,188263.708251,0.877551,0.122449,11396 11499 11580 11675 11771 11875 11881 12002 12115 12119 12132 12359 12594 12971 13253
moead,513_e-05,6,44,800,16,29518456.371332,188263.708251,0.897959,0.102041,11396 11499 11580 11675 11771 11875 11881 12002 12115 12119 12132 12359 12594 12971 13253
moead,513_e-05,6,45,800,16,29518456.371332,188263.708251,0.918367,0.081633,11396 11499 11580 11675 11771 11875 11881 12002 12115 12119 12132 12359 12594 12971 13253
moead,513_e-05,6,46,800,16,29518456.371332,188263.708251,0.938776,0.061224,11396 11499 11580 11675 11771 11875 11881 12002 12115 12119 12132 12359 12594 12971 13253
moead,513_e-05,6,47,800,16,29518456.371332,188263.708251,0.959184,0.040816,11396 11499 11580 11675 11771 11875 11881 12002 12115 12119 12132 12359 12594 12971 13253
moead,513_e-05,6,48,800,16,29518456.371332,188263.708251,0.979592,0.020408,11396 11499 11580 11675 11771 11875 11881 12002 12115 12119 12132 12359 12594 12971 13253
moead,513_e-05,6,49,800,16,29518354.477749,187747.246860,1.000000,0.000000,11396 11499 11580 11675 11771 11875 11881 12002 12115 12119 12344 12359 12853 12971 13253
moead,513_e-05,6,0,850,17,35272220.504275,236183.260254,0.000000,1.000000,13237 13253 14543 38256 39851 52812 58746 67214 69770 89562 90177 91610 94447 98457 179595
moead,513_e-05,6,1,850,17,30210752.336538,221570.677933,0.020408,0.979592,10411 10424 11225 11290 11396 11593 11771 12494 12620 13237 13823 14543 16818 17757 67214
moead,513_e-05,6,2,850,17,30028856.829574,217367.465100,0.040816,0.959184,10411 10424 11225 11290 11396 11593 11771 12132 12494 12620 13237 13253 14543 16818 17757
moead,513_e-05,6,3,850,17,29877539.274431,210470.735574,0.061224,0.938776,10424 11212 11225 11580 11675 11771 11789 11849 11986 12262 12687 13237 13698 14022 15505
moead,513_e-05,6,4,850,17,29834169.750618,208378.870146,0.081633,0.918367,10411 10424 11225 11290 11396 11771 12011 12132 12262 12494 12620 12735 13237 13253 13862
moead,513_e-05,6,5,850,17,29753977.975371,205971.749149,0.102041,0.897959,10424 11212 11225 11580 11675 11771 11789 11800 11986 12233 12262 12687 13237 13698 13862
moead,513_e-05,6,6,850,17,29724276.789568,204937.945643,0.122449,0.877551,10424 11212 11225 11580 11675 11771 11789 11800 11986 12494 12620 12735 13237 13253 13862
moead,513_e-05,6,7,850,17,29677387.157943,201679.098392,0.142857,0.857143,11212 11225 11580 11675 11771 11789 11800 11986 12233 12262 12359 12687 13237 13698 14022
moead,513_e-05,6,8,850,17,29677387.157943,201679.098392,0.163265,0.836735,11212 11225 11580 11675 11771 11789 11800 11986 12233 12262 12359 12687 13237 13698 14022
moead,513_e-05,6,9,850,17,29660154.155909,201180.101826,0.183673,0.816327,11212 11225 11580 11668 11675 11771 11789 11800 11986 12218 12233 12262 13237 13698 14022
moead,513_e-05,6,10,850,17,29652055.864099,201070.435768,0.204082,0.795918,11212 11225 11580 11675 11771 11789 11800 11986 12218 12233 12262 12359 13237 13698 14022
moead,513_e-05,6,11,850,17,29631153.117829,200311.527862,0.224490,0.775510,11212 11225 11674 11675 11771 11789 12012 12218 12233 12361 12735 12980 13234 13253 13862
moead,513_e-05,6,12,850,17,29631153.117829,200311.527862,0.244898,0.755102,11212 11225 11674 11675 11771 11789 12012 12218 12233 12361 12735 12980 13234 13253 13862
moead,513_e-05,6,13,850,17,29610477.871377,196918.651728,0.265306,0.734694,11212 11225 11576 11580 11674 11675 11789 11800 11986 12218 12233 12262 12735 13237 13253
moead,513_e-05,6,14,850,17,29610477.871377,196918.651728,0.285714,0.714286,11212 11225 11576 11580 11674 11675 11789 11800 11986 12218 12233 12262 12735 13237 13253
moead,513_e-05,6,15,850,17,29605712.660515,196823.553091,0.306122,0.693878,11212 11225 11576 11580 11674 11675 11789 11800 12218 12233 12262 12595 12735 13237 13253
moead,513_e-05,6,16,850,17,29597034.855096,196650.929845,0.326531,0.673469,11212 11225 11576 11580 11674 11675 11789 11800 12218 12233 12262 12360 12595 12735 13253
moead,513_e-05,6,17,850,17,29597034.855096,196650.929845,0.346939,0.653061,11212 11225 11576 11580 11674 11675 11789 11800 12218 12233 12262 12360 12595 12735 13253
moead,513_e-05,6,18,850,17,29586143.071864,193264.664688,0.367347,0.632653,11225 11396 11579 11674 11675 11771 11789 11800 11986 12233 12262 12853 12950 12966 13253
moead,513_e-05,6,19,850,17,29582451.963656,193010.524336,0.387755,0.612245,11219 11225 11580 11674 11675 11771 11789 11800 11986 12233 12262 12481 12853 12971 13253
moead,513_e-05,6,20,850,17,29568516.009441,192664.460018,0.408163,0.591837,11225 11396 11580 11674 11675 11771 11789 11800 11986 12233 12262 12853 12966 12971 13253
moead,513_e-05,6,21,850,17,29568516.009441,192664.460018,0.428571,0.571429,11225 11396 11580 11674 11675 11771 11789 11800 11986 12233 12262 12853 12966 12971 13253
moead,513_e-05,6,22,850,17,29568516.009441,192664.460018,0.448980,0.551020,11225 11396 11580 11674 11675 11771 11789 11800 11986 12233 12262 12853 12966 12971 13253
moead,513_e-05,6,23,850,17,29564272.810793,192586.242043,0.469388,0.530612,11225 11396 11397 11580 11675 11771 11789 11800 11986 12233 12262 12479 12481 12971 13253
moead,513_e-05,6,24,850,17,29551872.125322,192340.557229,0.489796,0.510204,11225 11396 11397 11580 11675 11771 11789 11800 11986 12233 12479 12481 12735 12971 13253
moead,513_e-05,6,25,850,17,29551872.125322,192340.557229,0.510204,0.489796,11225 11396 11397 11580 11675 11771 11789 11800 11986 12233 12479 12481 12735 12971 13253
moead,513_e-05,6,26,850,17,29551872.125322,192340.557229,0.530612,0.469388,11225 11396 11397 11580 11675 11771 11789 11800 11986 12233 12479 12481 12735 12971 13253
moead,513_e-05,6,27,850,17,29551872.125322,192340.557229,0.551020,0.448980,11225 11396 11397 11580 11675 11771 11789 11800 11986 12233 12479 12481 12735 12971 13253
moead,513_e-05,6,28,850,17,29548900.587305,191965.562233,0.571429,0.428571,11225 11396 11397 11580 11675 11771 11800 11892 12233 12479 12481 12735 12968 12971 13253
moead,513_e-05,6,29,850,17,29548900.587305,191965.562233,0.591837,0.408163,11225 11396 11397 11580 11675 11771 11800 11892 12233 12479 12481 12735 12968 12971 13253
moead,513_e-05,6,30,850,17,29541864.961650,188650.147385,0.612245,0.387755,11476 11499 11580 11675 11772 11780 11781 11800 11986 12233 12262 12479 12481 12971 13253
moead,513_e-05,6,31,850,17,29541864.961650,188650.147385,0.632653,0.367347,11476 11499 11580 11675 11772 11780 11781 11800 11986 12233 12262 12479 12481 12971 13253
moead,513_e-05,6,32,850,17,29530042.685641,188454.079838,0.653061,0.346939,11476 11499 11580 11675 11772 11780 11781 11800 11986 12115 12132 12233 12594 12971 13253
moead,513_e-05,6,33,850,17,29530042.685641,188454.079838,0.673469,0.326531,11476 11499 11580 11675 11772 11780 11781 11800 11986 12115 12132 12233 12594 12971 13253
moead,513_e-05,6,34,850,17,29530042.685641,188454.079838,0.693878,0.306122,11476 11499 11580 11675 11772 11780 11781 11800 11986 12115 12132 12233 12594 12971 13253
moead,513_e-05,6,35,850,17,29530042.685641,188454.079838,0.714286,0.285714,11476 11499 11580 11675 11772 11780 11781 11800 11986 12115 12132 12233 12594 12971 13253
moead,513_e-05,6,36,850,17,29530042.685641,188454.079838,0.734694,0.265306,11476 11499 11580 11675 11772 11780 11781 11800 11986 12115 12132 12233 12594 12971 13253
moead,513_e-05,6,37,850,17,29530042.685641,188454.079838,0.755102,0.244898,11476 11499 11580 11675 11772 11780 11781 11800 11986 12115 12132 12233 12594 12971 13253
moead,513_e-05,6,38,850,17,29530042.685641,188454.079838,0.775510,0.224490,11476 11499 11580 11675 11772 11780 11781 11800 11986 12115 12132 12233 12594 12971 13253
moead,513_e-05,6,39,850,17,29519076.398128,188305.229021,0.795918,0.204082,11396 11499 11580 11675 11771 11786 11789 11875 12002 12115 12119 12132 12359 12971 13253
moead,513_e-05,6,40,850,17,29519076.398128,188305.229021,0.816327,0.183673,11396 11499 11580 11675 11771 11786 11789 11875 12002 12115 12119 12132 12359 12971 13253
moead,513_e-05,6,41,850,17,29519076.398128,188305.229021,0.836735,0.163265,11396 11499 11580 11675 11771 11786 11789 11875 12002 12115 12119 12132 12359 12971 13253
moead,513_e-05,6,42,850,17,29519076.398128,188305.229021,0.857143,0.142857,11396 11499 11580 11675 11771 11786 11789 11875 12002 12115 12119 12132 12359 12971 13253
moead,513_e-05,6,43,850,17,29519076.398128,188305.229021,0.877551,0.122449,11396 11499 11580 11675 11771 11786 11789 11875 12002 12115 12119 12132 12359 12971 13253
moead,513_e-05,6,44,850,17,29519076.398128,188305.229021,0.897959,0.102041,11396 11499 11580 11675 11771 11786 11789 11875 12002 12115 12119 12132 12359 12971 13253
moead,513_e-05,6,45,850,17,29519076.398128,188305.229021,0.918367,0.081633,11396 11499 11580 11675 11771 11786 11789 11875 12002 12115 12119 12132 12359 12971 13253
moead,513_e-05,6,46,850,17,29519076.398128,188305.229021,0.938776,0.061224,11396 11499 11580 11675 11771 11786 11789 11875 12002 12115 12119 12132 12359 12971 13253
moead,513_e-05,6,47,850,17,29518352.873929,188271.291383,0.959184,0.040816,11396 11499 11580 11675 11771 11789 11875 12002 12115 12119 12132 12359 12594 12971 13253
moead,513_e-05,6,48,850,17,29516536.723573,187976.240120,0.979592,0.020408,11396 11499 11580 11675 11771 11875 11881 12002 12107 12115 12119 12132 12359 12594 13253
moead,513_e-05,6,49,850,17,29516338.475969,187968.301280,1.000000,0.000000,11396 11499 11580 11675 11687 11875 11881 12002 12115 12119 12132 12359 12594 12971 13253
moead,513_e-05,6,0,900,18,35434878.925248,236183.260254,0.000000,1.000000,13253 14543 25015 25087 39851 58746 60947 94447 97999 98457 126764 137128 158581 160069 179595
moead,513_e-05,6,1,900,18,30210752.336538,221570.677933,0.020408,0.979592,10411 10424 11225 11290 11396 11593 11771 12494 12620 13237 13823 14543 16818 17757 67214
moead,513_e-05,6,2,900,18,30028856.829574,217367.465100,0.040816,0.959184,10411 10424 11225 11290 11396 11593 11771 12132 12494 12620 13237 13253 14543 16818 17757
moead,513_e-05,6,3,900,18,29913669.498188,210682.636879,0.061224,0.938776,10424 10802 11212 11225 11580 11771 11789 11800 11986 12262 12687 13237 13698 14022 15505
moead,513_e-05,6,4,900,18,29834169.750618,208378.870146,0.081633,0.918367,10411 10424 11225 11290 11396 11771 12011 12132 12262 12494 12620 12735 13237 13253 13862
moead,513_e-05,6,5,900,18,29753977.975371,205971.749149,0.102041,0.897959,10424 11212 11225 11580 11675 11771 11789 11800 11986 12233 12262 12687 13237 13698 13862
moead,513_e-05,6,6,900,18,29739279.844772,205764.995708,0.122449,0.877551,10650 11212 11225 11580 11675 11771 11789 11986 12233 12262 12359 12687 13237 13698 14022
moead,513_e-05,6,7,900,18,29715950.372773,202128.396211,0.142857,0.857143,11212 11225 11291 11580 11675 11771 11789 11800 11986 12262 12359 12687 13237 13698 14022
moead,513_e-05,6,8,900,18,29677387.157943,201679.098392,0.163265,0.836735,11212 11225 11580 11675 11771 11789 11800 11986 12233 12262 12359 12687 13237 13698 14022
moead,513_e-05,6,9,900,18,29660154.155909,201180.101826,0.183673,0.816327,11212 11225 11580 11668 11675 11771 11789 11800 11986 12218 12233 12262 13237 13698 14022
moead,513_e-05,6,10,900,18,29652055.864099,201070.435768,0.204082,0.795918,11212 11225 11580 11675 11771 11789 11800 11986 12218 12233 12262 12359 13237 13698 14022
moead,513_e-05,6,11,900,18,29629033.484920,200311.527862,0.224490,0.775510,11212 11225 11674 11675 11771 11789 12012 12218 12233 12361 12735 12980 13234 13253 14022
moead,513_e-05,6,12,900,18,29629033.484920,200311.527862,0.244898,0.755102,11212 11225 11674 11675 11771 11789 12012 12218 12233 12361 12735 12980 13234 13253 14022
moead,513_e-05,6,13,900,18,29610477.871377,196918.651728,0.265306,0.734694,11212 11225 11576 11580 11674 11675 11789 11800 11986 12218 12233 12262 12735 13237 13253
moead,513_e-05,6,14,900,18,29610477.871377,196918.651728,0.285714,0.714286,11212 11225 11576 11580 11674 11675 11789 11800 11986 12218 12233 12262 12735 13237 13253
moead,513_e-05,6,15,900,18,29581399.618300,196711.238358,0.306122,0.693878,11212 11225 11674 11675 11771 11789 12012 12218 12233 12262 12360 12361 12595 12971 13253
moead,513_e-05,6,16,900,18,29581399.618300,196711.238358,0.326531,0.673469,11212 11225 11674 11675 11771 11789 12012 12218 12233 12262 12360 12361 12595 12971 13253
moead,513_e-05,6,17,900,18,29581399.618300,196711.238358,0.346939,0.653061,11212 11225 11674 11675 11771 11789 12012 12218 12233 12262 12360 12361 12595 12971 13253
moead,513_e-05,6,18,900,18,29581399.618300,196711.238358,0.367347,0.632653,11212 11225 11674 11675 11771 11789 12012 12218 12233 12262 12360 12361 12595 12971 13253
moead,513_e-05,6,19,900,18,29581399.618300,196711.238358,0.387755,0.612245,11212 11225 11674 11675 11771 11789 12012 12218 12233 12262 12360 12361 12595 12971 13253
moead,513_e-05,6,20,900,18,29568172.044754,192667.659628,0.408163,0.591837,11225 11396 11580 11675 11771 11789 11792 11800 11986 12233 12262 12853 12966 12971 13253
moead,513_e-05,6,21,900,18,29568172.044754,192667.659628,0.428571,0.571429,11225 11396 11580 11675 11771 11789 11792 11800 11986 12233 12262 12853 12966 12971 13253
moead,513_e-05,6,22,900,18,29568172.044754,192667.659628,0.448980,0.551020,11225 11396 11580 11675 11771 11789 11792 11800 11986 12233 12262 12853 12966 12971 13253
moead,513_e-05,6,23,900,18,29564272.810793,192586.242043,0.469388,0.530612,11225 11396 11397 11580 11675 11771 11789 11800 11986 12233 12262 12479 12481 12971 13253
moead,513_e-05,6,24,900,18,29558761.190626,192580.010002,0.489796,0.510204,11225 11396 11580 11674 11675 11771 11789 11800 11986 12233 12262 12479 12481 12971 13253
moead,513_e-05,6,25,900,18,29551872.125322,192340.557229,0.510204,0.489796,11225 11396 11397 11580 11675 11771 11789 11800 11986 12233 12479 12481 12735 12971 13253
moead,513_e-05,6,26,900,18,29551872.125322,192340.557229,0.530612,0.469388,11225 11396 11397 11580 11675 11771 11789 11800 11986 12233 12479 12481 12735 12971 13253
moead,513_e-05,6,27,900,18,29541745.580863,192340.553157,0.551020,0.448980,11225 11396 11397 11580 11675 11771 11789 11986 12233 12239 12479 12481 12735 12971 13253
moead,513_e-05,6,28,900,18,29541745.580863,192340.553157,0.571429,0.428571,11225 11396 11397 11580 11675 11771 11789 11986 12233 12239 12479 12481 12735 12971 13253
moead,513_e-05,6,29,900,18,29541745.580863,192340.553157,0.591837,0.408163,11225 11396 11397 11580 11675 11771 11789 11986 12233 12239 12479 12481 12735 12971 13253
moead,513_e-05,6,30,900,18,29541745.580863,192340.553157,0.612245,0.387755,11225 11396 11397 11580 11675 11771 11789 11986 12233 12239 12479 12481 12735 12971 13253
moead,513_e-05,6,31,900,18,29541745.580863,192340.553157,0.632653,0.367347,11225 11396 11397 11580 11675 11771 11789 11986 12233 12239 12479 12481 12735 12971 13253
moead,513_e-05,6,32,900,18,29530042.685641,188454.079838,0.653061,0.346939,11476 11499 11580 11675 11772 11780 11781 11800 11986 12115 12132 12233 12594 12971 13253
moead,513_e-05,6,33,900,18,29530042.685641,188454.079838,0.673469,0.326531,11476 11499 11580 11675 11772 11780 11781 11800 11986 12115 12132 12233 12594 12971 13253
moead,513_e-05,6,34,900,18,29530042.685641,188454.079838,0.693878,0.306122,11476 11499 11580 11675 11772 11780 11781 11800 11986 12115 12132 12233 12594 12971 13253
moead,513_e-05,6,35,900,18,29530042.685641,188454.079838,0.714286,0.285714,11476 11499 11580 11675 11772 11780 11781 11800 11986 12115 12132 12233 12594 12971 13253
moead,513_e-05,6,36,900,18,29530042.685641,188454.079838,0.734694,0.265306,11476 11499 11580 11675 11772 11780 11781 11800 11986 12115 12132 12233 12594 12971 13253
moead,513_e-05,6,37,900,18,29530042.685641,188454.079838,0.755102,0.244898,11476 11499 11580 11675 11772 11780 11781 11800 11986 12115 12132 12233 12594 12971 13253
moead,513_e-05,6,38,900,18,29528947.028925,188369.293207,0.775510,0.224490,11396 11499 11580 11675 11771 11786 11789 11875 12115 12119 12132 12359 12460 12971 13253
moead,513_e-05,6,39,900,18,29524388.182278,188365.122615,0.795918,0.204082,11396 11499 11675 11771 11786 11789 11875 12002 12115 12119 12132 12359 12460 12971 13253
moead,513_e-05,6,40,900,18,29524388.182278,188365.122615,0.816327,0.183673,11396 11499 11675 11771 11786 11789 11875 12002 12115 12119 12132 12359 12460 12971 13253
moead,513_e-05,6,41,900,18,29524388.182278,188365.122615,0.836735,0.163265,11396 11499 11675 11771 11786 11789 11875 12002 12115 12119 12132 12359 12460 12971 13253
moead,513_e-05,6,42,900,18,29519076.398128,188305.229021,0.857143,0.142857,11396 11499 11580 11675 11771 11786 11789 11875 12002 12115 12119 12132 12359 12971 13253
moead,513_e-05,6,43,900,18,29519076.398128,188305.229021,0.877551,0.122449,11396 11499 11580 11675 11771 11786 11789 11875 12002 12115 12119 12132 12359 12971 13253
moead,513_e-05,6,44,900,18,29519076.398128,188305.229021,0.897959,0.102041,11396 11499 11580 11675 11771 11786 11789 11875 12002 12115 12119 12132 12359 12971 13253
moead,513_e-05,6,45,900,18,29519076.398128,188305.229021,0.918367,0.081633,11396 11499 11580 11675 11771 11786 11789 11875 12002 12115 12119 12132 12359 12971 13253
moead,513_e-05,6,46,900,18,29518352.873929,188271.291383,0.938776,0.061224,11396 11499 11580 11675 11771 11789 11875 12002 12115 12119 12132 12359 12594 12971 13253
moead,513_e-05,6,47,900,18,29516536.723573,187976.240120,0.959184,0.040816,11396 11499 11580 11675 11771 11875 11881 12002 12107 12115 12119 12132 12359 12594 13253
moead,513_e-05,6,48,900,18,29515969.553386,184345.791431,0.979592,0.020408,11396 11499 11580 11771 11875 11881 12002 12107 12115 12119 12132 12359 12589 12594 13253
moead,513_e-05,6,49,900,18,29515969.553386,184345.791431,1.000000,0.000000,11396 11499 11580 11771 11875 11881 12002 12107 12115 12119 12132 12359 12589 12594 13253
moead,513_e-05,6,0,950,19,37229822.751712,236183.260254,0.000000,1.000000,19319 20922 25087 43966 58746 68295 69845 82196 95922 98457 126764 137128 138301 144103 152007
moead,513_e-05,6,1,950,19,30210752.336538,221570.677933,0.020408,0.979592,10411 10424 11225 11290 11396 11593 11771 12494 12620 13237 13823 14543 16818 17757 67214
moead,513_e-05,6,2,950,19,30028856.829574,217367.465100,0.040816,0.959184,10411 10424 11225 11290 11396 11593 11771 12132 12494 12620 13237 13253 14543 16818 17757
moead,513_e-05,6,3,950,19,29913669.498188,210682.636879,0.061224,0.938776,10424 10802 11212 11225 11580 11771 11789 11800 11986 12262 12687 13237 13698 14022 15505
moead,513_e-05,6,4,950,19,29834169.750618,208378.870146,0.081633,0.918367,10411 10424 11225 11290 11396 11771 12011 12132 12262 12494 12620 12735 13237 13253 13862
moead,513_e-05,6,5,950,19,29753977.975371,205971.749149,0.102041,0.897959,10424 11212 11225 11580 11675 11771 11789 11800 11986 12233 12262 12687 13237 13698 13862
moead,513_e-05,6,6,950,19,29739279.844772,205764.995708,0.122449,0.877551,10650 11212 11225 11580 11675 11771 11789 11986 12233 12262 12359 12687 13237 13698 14022
moead,513_e-05,6,7,950,19,29715950.372773,202128.396211,0.142857,0.857143,11212 11225 11291 11580 11675 11771 11789 11800 11986 12262 12359 12687 13237 13698 14022
moead,513_e-05,6,8,950,19,29677387.157943,201679.098392,0.163265,0.836735,11212 11225 11580 11675 11771 11789 11800 11986 12233 12262 12359 12687 13237 13698 14022
moead,513_e-05,6,9,950,19,29660154.155909,201180.101826,0.183673,0.816327,11212 11225 11580 11668 11675 11771 11789 11800 11986 12218 12233 12262 13237 13698 14022
moead,513_e-05,6,10,950,19,29652055.864099,201070.435768,0.204082,0.795918,11212 11225 11580 11675 11771 11789 11800 11986 12218 12233 12262 12359 13237 13698 14022
moead,513_e-05,6,11,950,19,29629033.484920,200311.527862,0.224490,0.775510,11212 11225 11674 11675 11771 11789 12012 12218 12233 12361 12735 12980 13234 13253 14022
moead,513_e-05,6,12,950,19,29629033.484920,200311.527862,0.244898,0.755102,11212 11225 11674 11675 11771 11789 12012 12218 12233 12361 12735 12980 13234 13253 14022
moead,513_e-05,6,13,950,19,29610477.871377,196918.651728,0.265306,0.734694,11212 11225 11576 11580 11674 11675 11789 11800 11986 12218 12233 12262 12735 13237 13253
moead,513_e-05,6,14,950,19,29610477.871377,196918.651728,0.285714,0.714286,11212 11225 11576 11580 11674 11675 11789 11800 11986 12218 12233 12262 12735 13237 13253
moead,513_e-05,6,15,950,19,29581399.618300,196711.238358,0.306122,0.693878,11212 11225 11674 11675 11771 11789 12012 12218 12233 12262 12360 12361 12595 12971 13253
moead,513_e-05,6,16,950,19,29581399.618300,196711.238358,0.326531,0.673469,11212 11225 11674 11675 11771 11789 12012 12218 12233 12262 12360 12361 12595 12971 13253
moead,513_e-05,6,17,950,19,29581399.618300,196711.238358,0.346939,0.653061,11212 11225 11674 11675 11771 11789 12012 12218 12233 12262 12360 12361 12595 12971 13253
moead,513_e-05,6,18,950,19,29581399.618300,196711.238358,0.367347,0.632653,11212 11225 11674 11675 11771 11789 12012 12218 12233 12262 12360 12361 12595 12971 13253
moead,513_e-05,6,19,950,19,29581399.618300,196711.238358,0.387755,0.612245,11212 11225 11674 11675 11771 11789 12012 12218 12233 12262 12360 12361 12595 12971 13253
moead,513_e-05,6,20,950,19,29568172.044754,192667.659628,0.408163,0.591837,11225 11396 11580 11675 11771 11789 11792 11800 11986 12233 12262 12853 12966 12971 13253
moead,513_e-05,6,21,950,19,29568172.044754,192667.659628,0.428571,0.571429,11225 11396 11580 11675 11771 11789 11792 11800 11986 12233 12262 12853 12966 12971 13253
moead,513_e-05,6,22,950,19,29568172.044754,192667.659628,0.448980,0.551020,11225 11396 11580 11675 11771 11789 11792 11800 11986 12233 12262 12853 12966 12971 13253
moead,513_e-05,6,23,950,19,29558761.190626,192580.010002,0.469388,0.530612,11225 11396 11580 11674 11675 11771 11789 11800 11986 12233 12262 12479 12481 12971 13253
moead,513_e-05,6,24,950,19,29558761.190626,192580.010002,0.489796,0.510204,11225 11396 11580 11674 11675 11771 11789 11800 11986 12233 12262 12479 12481 12971 13253
moead,513_e-05,6,25,950,19,29555752.344930,192381.516685,0.510204,0.489796,11225 11396 11397 11580 11675 11771 11789 11986 12233 12239 12479 12481 12622 12735 13253
moead,513_e-05,6,26,950,19,29551872.125322,192340.557229,0.530612,0.469388,11225 11396 11397 11580 11675 11771 11789 11800 11986 12233 12479 12481 12735 12971 13253
moead,513_e-05,6,27,950,19,29541745.580863,192340.553157,0.551020,0.448980,11225 11396 11397 11580 11675 11771 11789 11986 12233 12239 12479 12481 12735 12971 13253
moead,513_e-05,6,28,950,19,29541745.580863,192340.553157,0.571429,0.428571,11225 11396 11397 11580 11675 11771 11789 11986 12233 12239 12479 12481 12735 12971 13253
moead,513_e-05,6,29,950,19,29541745.580863,192340.553157,0.591837,0.408163,11225 11396 11397 11580 11675 11771 11789 11986 12233 12239 12479 12481 12735 12971 13253
moead,513_e-05,6,30,950,19,29541745.580863,192340.553157,0.612245,0.387755,11225 11396 11397 11580 11675 11771 11789 11986 12233 12239 12479 12481 12735 12971 13253
moead,513_e-05,6,31,950,19,29541745.580863,192340.553157,0.632653,0.367347,11225 11396 11397 11580 11675 11771 11789 11986 12233 12239 12479 12481 12735 12971 13253
moead,513_e-05,6,32,950,19,29538569.861462,188524.558453,0.653061,0.346939,11476 11580 11675 11772 11780 11781 11800 11986 12115 12132 12233 12334 12594 12971 13253
moead,513_e-05,6,33,950,19,29530042.685641,188454.079838,0.673469,0.326531,11476 11499 11580 11675 11772 11780 11781 11800 11986 12115 12132 12233 12594 12971 13253
moead,513_e-05,6,34,950,19,29530042.685641,188454.079838,0.693878,0.306122,11476 11499 11580 11675 11772 11780 11781 11800 11986 12115 12132 12233 12594 12971 13253
moead,513_e-05,6,35,950,19,29530042.685641,188454.079838,0.714286,0.285714,11476 11499 11580 11675 11772 11780 11781 11800 11986 12115 12132 12233 12594 12971 13253
moead,513_e-05,6,36,950,19,29530042.685641,188454.079838,0.734694,0.265306,11476 11499 11580 11675 11772 11780 11781 11800 11986 12115 12132 12233 12594 12971 13253
moead,513_e-05,6,37,950,19,29530042.685641,188454.079838,0.755102,0.244898,11476 11499 11580 11675 11772 11780 11781 11800 11986 12115 12132 12233 12594 12971 13253
moead,513_e-05,6,38,950,19,29528947.028925,188369.293207,0.775510,0.224490,11396 11499 11580 11675 11771 11786 11789 11875 12115 12119 12132 12359 12460 12971 13253
moead,513_e-05,6,39,950,19,29524388.182278,188365.122615,0.795918,0.204082,11396 11499 11675 11771 11786 11789 11875 12002 12115 12119 12132 12359 12460 12971 13253
moead,513_e-05,6,40,950,19,29524388.182278,188365.122615,0.816327,0.183673,11396 11499 11675 11771 11786 11789 11875 12002 12115 12119 12132 12359 12460 12971 13253
moead,513_e-05,6,41,950,19,29524388.182278,188365.122615,0.836735,0.163265,11396 11499 11675 11771 11786 11789 11875 12002 12115 12119 12132 12359 12460 12971 13253
moead,513_e-05,6,42,950,19,29519076.398128,188305.229021,0.857143,0.142857,11396 11499 11580 11675 11771 11786 11789 11875 12002 12115 12119 12132 12359 12971 13253
moead,513_e-05,6,43,950,19,29519076.398128,188305.229021,0.877551,0.122449,11396 11499 11580 11675 11771 11786 11789 11875 12002 12115 12119 12132 12359 12971 13253
moead,513_e-05,6,44,950,19,29519076.398128,188305.229021,0.897959,0.102041,11396 11499 11580 11675 11771 11786 11789 11875 12002 12115 12119 12132 12359 12971 13253
moead,513_e-05,6,45,950,19,29519076.398128,188305.229021,0.918367,0.081633,11396 11499 11580 11675 11771 11786 11789 11875 12002 12115 12119 12132 12359 12971 13253
moead,513_e-05,6,46,950,19,29518352.873929,188271.291383,0.938776,0.061224,11396 11499 11580 11675 11771 11789 11875 12002 12115 12119 12132 12359 12594 12971 13253
moead,513_e-05,6,47,950,19,29516607.392421,188232.377678,0.959184,0.040816,11396 11499 11580 11675 11771 11786 11789 11875 12002 12115 12119 12132 12359 12594 13253
moead,513_e-05,6,48,950,19,29515969.553386,184345.791431,0.979592,0.020408,11396 11499 11580 11771 11875 11881 12002 12107 12115 12119 12132 12359 12589 12594 13253
moead,513_e-05,6,49,950,19,29515969.553386,184345.791431,1.000000,0.000000,11396 11499 11580 11771 11875 11881 12002 12107 12115 12119 12132 12359 12589 12594 13253
moead,513_e-05,6,0,1000,20,36681696.053684,236183.260254,0.000000,1.000000,19319 25087 42788 42817 43966 68295 71884 80140 94092 95922 96393 98457 126764 137128 152007
moead,513_e-05,6,1,1000,20,30210752.336538,221570.677933,0.020408,0.979592,10411 10424 11225 11290 11396 11593 11771 12494 12620 13237 13823 14543 16818 17757 67214
moead,513_e-05,6,2,1000,20,30001663.244095,217199.453798,0.040816,0.959184,10411 10424 11212 11225 11580 11675 11771 11800 11986 12262 12476 12687 13237 13862 65086
moead,513_e-05,6,3,1000,20,29879660.374056,213482.216616,0.061224,0.938776,10411 10424 11212 11225 11580 11675 11771 11800 11986 12262 12476 12687 13237 13862 14022
moead,513_e-05,6,4,1000,20,29834169.750618,208378.870146,0.081633,0.918367,10411 10424 11225 11290 11396 11771 12011 12132 12262 12494 12620 12735 13237 13253 13862
moead,513_e-05,6,5,1000,20,29753977.975371,205971.749149,0.102041,0.897959,10424 11212 11225 11580 11675 11771 11789 11800 11986 12233 12262 12687 13237 13698 13862
moead,513_e-05,6,6,1000,20,29736189.622945,205473.084003,0.122449,0.877551,10424 11212 11580 11675 11771 11789 11800 11986 12233 12262 12687 12980 13237 13698 13862
moead,513_e-05,6,7,1000,20,29715950.372773,202128.396211,0.142857,0.857143,11212 11225 11291 11580 11675 11771 11789 11800 11986 12262 12359 12687 13237 13698 14022
moead,513_e-05,6,8,1000,20,29677387.157943,201679.098392,0.163265,0.836735,11212 11225 11580 11675 11771 11789 11800 11986 12233 12262 12359 12687 13237 13698 14022
moead,513_e-05,6,9,1000,20,29660154.155909,201180.101826,0.183673,0.816327,11212 11225 11580 11668 11675 11771 11789 11800 11986 12218 12233 12262 13237 13698 14022
moead,513_e-05,6,10,1000,20,29647225.941339,201137.128677,0.204082,0.795918,11212 11225 11580 11675 11771 11800 11986 12218 12233 12262 12359 12608 13236 13253 14022
moead,513_e-05,6,11,1000,20,29629033.484920,200311.527862,0.224490,0.775510,11212 11225 11674 11675 11771 11789 12012 12218 12233 12361 12735 12980 13234 13253 14022
moead,513_e-05,6,12,1000,20,29609832.531855,200073.495316,0.244898,0.755102,11212 11225 11674 11675 11771 11789 12012 12218 12233 12360 12361 12595 12971 13253 14022
moead,513_e-05,6,13,1000,20,29609832.531855,200073.495316,0.265306,0.734694,11212 11225 11674 11675 11771 11789 12012 12218 12233 12360 12361 12595 12971 13253 14022
moead,513_e-05,6,14,1000,20,29609832.531855,200073.495316,0.285714,0.714286,11212 11225 11674 11675 11771 11789 12012 12218 12233 12360 12361 12595 12971 13253 14022
moead,513_e-05,6,15,1000,20,29581399.618300,196711.238358,0.306122,0.693878,11212 11225 11674 11675 11771 11789 12012 12218 12233 12262 12360 12361 12595 12971 13253
moead,513_e-05,6,16,1000,20,29581399.618300,196711.238358,0.326531,0.673469,11212 11225 11674 11675 11771 11789 12012 12218 12233 12262 12360 12361 12595 12971 13253
moead,513_e-05,6,17,1000,20,29581399.618300,196711.238358,0.346939,0.653061,11212 11225 11674 11675 11771 11789 12012 12218 12233 12262 12360 12361 12595 12971 13253
moead,513_e-05,6,18,1000,20,29581399.618300,196711.238358,0.367347,0.632653,11212 11225 11674 11675 11771 11789 12012 12218 12233 12262 12360 12361 12595 12971 13253
moead,513_e-05,6,19,1000,20,29577440.911866,196323.097710,0.387755,0.612245,11212 11225 11673 11674 11675 11771 11789 12012 12233 12262 12360 12361 12595 12971 13253
moead,513_e-05,6,20,1000,20,29577440.911866,196323.097710,0.408163,0.591837,11212 11225 11673 11674 11675 11771 11789 12012 12233 12262 12360 12361 12595 12971 13253
moead,513_e-05,6,21,1000,20,29568172.044754,192667.659628,0.428571,0.571429,11225 11396 11580 11675 11771 11789 11792 11800 11986 12233 12262 12853 12966 12971 13253
moead,513_e-05,6,22,1000,20,29568172.044754,192667.659628,0.448980,0.551020,11225 11396 11580 11675 11771 11789 11792 11800 11986 12233 12262 12853 12966 12971 13253
moead,513_e-05,6,23,1000,20,29558417.225939,192586.242043,0.469388,0.530612,11225 11396 11580 11675 11771 11789 11792 11800 11986 12233 12262 12479 12481 12971 13253
moead,513_e-05,6,24,1000,20,29558417.225939,192586.242043,0.489796,0.510204,11225 11396 11580 11675 11771 11789 11792 11800 11986 12233 12262 12479 12481 12971 13253
moead,513_e-05,6,25,1000,20,29552324.368528,192456.575153,0.510204,0.489796,11225 11396 11580 11675 11771 11789 11986 12233 12239 12479 12481 12735 12971 13253 14002
moead,513_e-05,6,26,1000,20,29552324.368528,192456.575153,0.530612,0.469388,11225 11396 11580 11675 11771 11789 11986 12233 12239 12479 12481 12735 12971 13253 14002
moead,513_e-05,6,27,1000,20,29541745.580863,192340.553157,0.551020,0.448980,11225 11396 11397 11580 11675 11771 11789 11986 12233 12239 12479 12481 12735 12971 13253
moead,513_e-05,6,28,1000,20,29541745.580863,192340.553157,0.571429,0.428571,11225 11396 11397 11580 11675 11771 11789 11986 12233 12239 12479 12481 12735 12971 13253
moead,513_e-05,6,29,1000,20,29541745.580863,192340.553157,0.591837,0.408163,11225 11396 11397 11580 11675 11771 11789 11986 12233 12239 12479 12481 12735 12971 13253
moead,513_e-05,6,30,1000,20,29541745.580863,192340.553157,0.612245,0.387755,11225 11396 11397 11580 11675 11771 11789 11986 12233 12239 12479 12481 12735 12971 13253
moead,513_e-05,6,31,1000,20,29541745.580863,192340.553157,0.632653,0.367347,11225 11396 11397 11580 11675 11771 11789 11986 12233 12239 12479 12481 12735 12971 13253
moead,513_e-05,6,32,1000,20,29538569.861462,188524.558453,0.653061,0.346939,11476 11580 11675 11772 11780 11781 11800 11986 12115 12132 12233 12334 12594 12971 13253
moead,513_e-05,6,33,1000,20,29530042.685641,188454.079838,0.673469,0.326531,11476 11499 11580 11675 11772 11780 11781 11800 11986 12115 12132 12233 12594 12971 13253
moead,513_e-05,6,34,1000,20,29530042.685641,188454.079838,0.693878,0.306122,11476 11499 11580 11675 11772 11780 11781 11800 11986 12115 12132 12233 12594 12971 13253
moead,513_e-05,6,35,1000,20,29530042.685641,188454.079838,0.714286,0.285714,11476 11499 11580 11675 11772 11780 11781 11800 11986 12115 12132 12233 12594 12971 13253
moead,513_e-05,6,36,1000,20,29530042.685641,188454.079838,0.734694,0.265306,11476 11499 11580 11675 11772 11780 11781 11800 11986 12115 12132 12233 12594 12971 13253
moead,513_e-05,6,37,1000,20,29530042.685641,188454.079838,0.755102,0.244898,11476 11499 11580 11675 11772 11780 11781 11800 11986 12115 12132 12233 12594 12971 13253
moead,513_e-05,6,38,1000,20,29528192.085688,188397.014705,0.775510,0.224490,11396 11499 11675 11771 11786 11789 11875 12002 12115 12119 12359 12377 12460 12971 13253
moead,513_e-05,6,39,1000,20,29524388.182278,188365.122615,0.795918,0.204082,11396 11499 11675 11771 11786 11789 11875 12002 12115 12119 12132 12359 12460 12971 13253
moead,513_e-05,6,40,1000,20,29524388.182278,188365.122615,0.816327,0.183673,11396 11499 11675 11771 11786 11789 11875 12002 12115 12119 12132 12359 12460 12971 13253
moead,513_e-05,6,41,1000,20,29524388.182278,188365.122615,0.836735,0.163265,11396 11499 11675 11771 11786 11789 11875 12002 12115 12119 12132 12359 12460 12971 13253
moead,513_e-05,6,42,1000,20,29519076.398128,188305.229021,0.857143,0.142857,11396 11499 11580 11675 11771 11786 11789 11875 12002 12115 12119 12132 12359 12971 13253
moead,513_e-05,6,43,1000,20,29519076.398128,188305.229021,0.877551,0.122449,11396 11499 11580 11675 11771 11786 11789 11875 12002 12115 12119 12132 12359 12971 13253
moead,513_e-05,6,44,1000,20,29519076.398128,188305.229021,0.897959,0.102041,11396 11499 11580 11675 11771 11786 11789 11875 12002 12115 12119 12132 12359 12971 13253
moead,513_e-05,6,45,1000,20,29519076.398128,188305.229021,0.918367,0.081633,11396 11499 11580 11675 11771 11786 11789 11875 12002 12115 12119 12132 12359 12971 13253
moead,513_e-05,6,46,1000,20,29518352.873929,188271.291383,0.938776,0.061224,11396 11499 11580 11675 11771 11789 11875 12002 12115 12119 12132 12359 12594 12971 13253
moead,513_e-05,6,47,1000,20,29516607.392421,188232.377678,0.959184,0.040816,11396 11499 11580 11675 11771 11786 11789 11875 12002 12115 12119 12132 12359 12594 13253
moead,513_e-05,6,48,1000,20,29515969.553386,184345.791431,0.979592,0.020408,11396 11499 11580 11771 11875 11881 12002 12107 12115 12119 12132 12359 12589 12594 13253
moead,513_e-05,6,49,1000,20,29515969.553386,184345.791431,1.000000,0.000000,11396 11499 11580 11771 11875 11881 12002 12107 12115 12119 12132 12359 12589 12594 13253
moead,513_e-05,6,0,1050,21,36326276.051824,236183.260254,0.000000,1.000000,25087 42817 43966 90655 94092 96393 98457 109621 126764 131545 140538 142887 152007 156081 171722
moead,513_e-05,6,1,1050,21,30219420.732994,221570.677933,0.020408,0.979592,10411 10424 11225 11290 11396 11593 11771 12494 12620 13237 13823 14543 16818 17757 65086
moead,513_e-05,6,2,1050,21,29985499.220167,217604.527651,0.040816,0.959184,10411 10424 11212 11225 11675 11771 11800 11986 12262 12476 12687 13237 13862 14022 16362
moead,513_e-05,6,3,1050,21,29879660.374056,213482.216616,0.061224,0.938776,10411 10424 11212 11225 11580 11675 11771 11800 11986 12262 12476 12687 13237 13862 14022
moead,513_e-05,6,4,1050,21,29834169.750618,208378.870146,0.081633,0.918367,10411 10424 11225 11290 11396 11771 12011 12132 12262 12494 12620 12735 13237 13253 13862
moead,513_e-05,6,5,1050,21,29759917.204498,206387.769150,0.102041,0.897959,10424 11212 11225 11483 11580 11675 11771 11800 11986 12262 12476 12687 13237 13698 13862
moead,513_e-05,6,6,1050,21,29736189.622945,205473.084003,0.122449,0.877551,10424 11212 11580 11675 11771 11789 11800 11986 12233 12262 12687 12980 13237 13698 13862
moead,513_e-05,6,7,1050,21,29715950.372773,202128.396211,0.142857,0.857143,11212 11225 11291 11580 11675 11771 11789 11800 11986 12262 12359 12687 13237 13698 14022
moead,513_e-05,6,8,1050,21,29677387.157943,201679.098392,0.163265,0.836735,11212 11225 11580 11675 11771 11789 11800 11986 12233 12262 12359 12687 13237 13698 14022
moead,513_e-05,6,9,1050,21,29660154.155909,201180.101826,0.183673,0.816327,11212 11225 11580 11668 11675 11771 11789 11800 11986 12218 12233 12262 13237 13698 14022
moead,513_e-05,6,10,1050,21,29647225.941339,201137.128677,0.204082,0.795918,11212 11225 11580 11675 11771 11800 11986 12218 12233 12262 12359 12608 13236 13253 14022
moead,513_e-05,6,11,1050,21,29629033.484920,200311.527862,0.224490,0.775510,11212 11225 11674 11675 11771 11789 12012 12218 12233 12361 12735 12980 13234 13253 14022
moead,513_e-05,6,12,1050,21,29614630.810769,200230.211404,0.244898,0.755102,11212 11225 11674 11675 11771 11789 12012 12233 12360 12361 12595 12619 12971 13253 14022
moead,513_e-05,6,13,1050,21,29614630.810769,200230.211404,0.265306,0.734694,11212 11225 11674 11675 11771 11789 12012 12233 12360 12361 12595 12619 12971 13253 14022
moead,513_e-05,6,14,1050,21,29609832.531855,200073.495316,0.285714,0.714286,11212 11225 11674 11675 11771 11789 12012 12218 12233 12360 12361 12595 12971 13253 14022
moead,513_e-05,6,15,1050,21,29581399.618300,196711.238358,0.306122,0.693878,11212 11225 11674 11675 11771 11789 12012 12218 12233 12262 12360 12361 12595 12971 13253
moead,513_e-05,6,16,1050,21,29581399.618300,196711.238358,0.326531,0.673469,11212 11225 11674 11675 11771 11789 12012 12218 12233 12262 12360 12361 12595 12971 13253
moead,513_e-05,6,17,1050,21,29581399.618300,196711.238358,0.346939,0.653061,11212 11225 11674 11675 11771 11789 12012 12218 12233 12262 12360 12361 12595 12971 13253
moead,513_e-05,6,18,1050,21,29581399.618300,196711.238358,0.367347,0.632653,11212 11225 11674 11675 11771 11789 12012 12218 12233 12262 12360 12361 12595 12971 13253
moead,513_e-05,6,19,1050,21,29577440.911866,196323.097710,0.387755,0.612245,11212 11225 11673 11674 11675 11771 11789 12012 12233 12262 12360 12361 12595 12971 13253
moead,513_e-05,6,20,1050,21,29577440.911866,196323.097710,0.408163,0.591837,11212 11225 11673 11674 11675 11771 11789 12012 12233 12262 12360 12361 12595 12971 13253
moead,513_e-05,6,21,1050,21,29568172.044754,192667.659628,0.428571,0.571429,11225 11396 11580 11675 11771 11789 11792 11800 11986 12233 12262 12853 12966 12971 13253
moead,513_e-05,6,22,1050,21,29568172.044754,192667.659628,0.448980,0.551020,11225 11396 11580 11675 11771 11789 11792 11800 11986 12233 12262 12853 12966 12971 13253
moead,513_e-05,6,23,1050,21,29558417.225939,192586.242043,0.469388,0.530612,11225 11396 11580 11675 11771 11789 11792 11800 11986 12233 12262 12479 12481 12971 13253
moead,513_e-05,6,24,1050,21,29558417.225939,192586.242043,0.489796,0.510204,11225 11396 11580 11675 11771 11789 11792 11800 11986 12233 12262 12479 12481 12971 13253
moead,513_e-05,6,25,1050,21,29554463.472083,192478.400201,0.510204,0.489796,11225 11396 11580 11675 11771 11789 11792 11800 11986 12233 12262 12356 12479 12481 13253
moead,513_e-05,6,26,1050,21,29552324.368528,192456.575153,0.530612,0.469388,11225 11396 11580 11675 11771 11789 11986 12233 12239 12479 12481 12735 12971 13253 14002
moead,513_e-05,6,27,1050,21,29541745.580863,192340.553157,0.551020,0.448980,11225 11396 11397 11580 11675 11771 11789 11986 12233 12239 12479 12481 12735 12971 13253
moead,513_e-05,6,28,1050,21,29541745.580863,192340.553157,0.571429,0.428571,11225 11396 11397 11580 11675 11771 11789 11986 12233 12239 12479 12481 12735 12971 13253
moead,513_e-05,6,29,1050,21,29541745.580863,192340.553157,0.591837,0.408163,11225 11396 11397 11580 11675 11771 11789 11986 12233 12239 12479 12481 12735 12971 13253
moead,513_e-05,6,30,1050,21,29541745.580863,192340.553157,0.612245,0.387755,11225 11396 11397 11580 11675 11771 11789 11986 12233 12239 12479 12481 12735 12971 13253
moead,513_e-05,6,31,1050,21,29541745.580863,192340.553157,0.632653,0.367347,11225 11396 11397 11580 11675 11771 11789 11986 12233 12239 12479 12481 12735 12971 13253
moead,513_e-05,6,32,1050,21,29538569.861462,188524.558453,0.653061,0.346939,11476 11580 11675 11772 11780 11781 11800 11986 12115 12132 12233 12334 12594 12971 13253
moead,513_e-05,6,33,1050,21,29530042.685641,188454.079838,0.673469,0.326531,11476 11499 11580 11675 11772 11780 11781 11800 11986 12115 12132 12233 12594 12971 13253
moead,513_e-05,6,34,1050,21,29530042.685641,188454.079838,0.693878,0.306122,11476 11499 11580 11675 11772 11780 11781 11800 11986 12115 12132 12233 12594 12971 13253
moead,513_e-05,6,35,1050,21,29530042.685641,188454.079838,0.714286,0.285714,11476 11499 11580 11675 11772 11780 11781 11800 11986 12115 12132 12233 12594 12971 13253
moead,513_e-05,6,36,1050,21,29530042.685641,188454.079838,0.734694,0.265306,11476 11499 11580 11675 11772 11780 11781 11800 11986 12115 12132 12233 12594 12971 13253
moead,513_e-05,6,37,1050,21,29530042.685641,188454.079838,0.755102,0.244898,11476 11499 11580 11675 11772 11780 11781 11800 11986 12115 12132 12233 12594 12971 13253
moead,513_e-05,6,38,1050,21,29528192.085688,188397.014705,0.775510,0.224490,11396 11499 11675 11771 11786 11789 11875 12002 12115 12119 12359 12377 12460 12971 13253
moead,513_e-05,6,39,1050,21,29524388.182278,188365.122615,0.795918,0.204082,11396 11499 11675 11771 11786 11789 11875 12002 12115 12119 12132 12359 12460 12971 13253
moead,513_e-05,6,40,1050,21,29524388.182278,188365.122615,0.816327,0.183673,11396 11499 11675 11771 11786 11789 11875 12002 12115 12119 12132 12359 12460 12971 13253
moead,513_e-05,6,41,1050,21,29524388.182278,188365.122615,0.836735,0.163265,11396 11499 11675 11771 11786 11789 11875 12002 12115 12119 12132 12359 12460 12971 13253
moead,513_e-05,6,42,1050,21,29519076.398128,188305.229021,0.857143,0.142857,11396 11499 11580 11675 11771 11786 11789 11875 12002 12115 12119 12132 12359 12971 13253
moead,513_e-05,6,43,1050,21,29519076.398128,188305.229021,0.877551,0.122449,11396 11499 11580 11675 11771 11786 11789 11875 12002 12115 12119 12132 12359 12971 13253
moead,513_e-05,6,44,1050,21,29519076.398128,188305.229021,0.897959,0.102041,11396 11499 11580 11675 11771 11786 11789 11875 12002 12115 12119 12132 12359 12971 13253
moead,513_e-05,6,45,1050,21,29519076.398128,188305.229021,0.918367,0.081633,11396 11499 11580 11675 11771 11786 11789 11875 12002 12115 12119 12132 12359 12971 13253
moead,513_e-05,6,46,1050,21,29518352.873929,188271.291383,0.938776,0.061224,11396 11499 11580 11675 11771 11789 11875 12002 12115 12119 12132 12359 12594 12971 13253
moead,513_e-05,6,47,1050,21,29516607.392421,188232.377678,0.959184,0.040816,11396 11499 11580 11675 11771 11786 11789 11875 12002 12115 12119 12132 12359 12594 13253
moead,513_e-05,6,48,1050,21,29515969.553386,184345.791431,0.979592,0.020408,11396 11499 11580 11771 11875 11881 12002 12107 12115 12119 12132 12359 12589 12594 13253
moead,513_e-05,6,49,1050,21,29515969.553386,184345.791431,1.000000,0.000000,11396 11499 11580 11771 11875 11881 12002 12107 12115 12119 12132 12359 12589 12594 13253
moead,513_e-05,6,0,1100,22,37881619.616011,236183.260254,0.000000,1.000000,14040 43966 59163 68168 69609 90655 119639 140538 144234 150446 152007 156081 167206 168589 180742
moead,513_e-05,6,1,1100,22,30140893.048607,221756.349915,0.020408,0.979592,10411 10424 11212 11225 11771 11800 11986 12262 12476 12687 13237 14022 14358 16362 67214
moead,513_e-05,6,2,1100,22,29982228.636161,217634.067690,0.040816,0.959184,10411 10424 11212 11225 11675 11771 11800 11986 12262 12476 12687 13237 14022 14358 16362
moead,513_e-05,6,3,1100,22,29879660.374056,213482.216616,0.061224,0.938776,10411 10424 11212 11225 11580 11675 11771 11800 11986 12262 12476 12687 13237 13862 14022
moead,513_e-05,6,4,1100,22,29791049.267999,209061.843441,0.081633,0.918367,10424 10671 11212 11225 11483 11580 11675 11771 11800 11986 12262 12476 12687 13237 13862
moead,513_e-05,6,5,1100,22,29759917.204498,206387.769150,0.102041,0.897959,10424 11212 11225 11483 11580 11675 11771 11800 11986 12262 12476 12687 13237 13698 13862
moead,513_e-05,6,6,1100,22,29736189.622945,205473.084003,0.122449,0.877551,10424 11212 11580 11675 11771 11789 11800 11986 12233 12262 12687 12980 13237 13698 13862
moead,513_e-05,6,7,1100,22,29716882.321090,204600.880203,0.142857,0.857143,10865 11212 11225 11674 11771 11789 12218 12233 12360 12361 12595 12971 13253 13398 14022
moead,513_e-05,6,8,1100,22,29677387.157943,201679.098392,0.163265,0.836735,11212 11225 11580 11675 11771 11789 11800 11986 12233 12262 12359 12687 13237 13698 14022
moead,513_e-05,6,9,1100,22,29659103.542014,201450.313408,0.183673,0.816327,11212 11225 11580 11675 11771 11789 11800 11986 12218 12233 12262 12980 13237 13698 13862
moead,513_e-05,6,10,1100,22,29647225.941339,201137.128677,0.204082,0.795918,11212 11225 11580 11675 11771 11800 11986 12218 12233 12262 12359 12608 13236 13253 14022
moead,513_e-05,6,11,1100,22,29616979.435774,200478.569168,0.224490,0.775510,11212 11225 11674 11771 11789 12012 12218 12233 12360 12361 12595 12971 13253 13398 14022
moead,513_e-05,6,12,1100,22,29616979.435774,200478.569168,0.244898,0.755102,11212 11225 11674 11771 11789 12012 12218 12233 12360 12361 12595 12971 13253 13398 14022
moead,513_e-05,6,13,1100,22,29609832.531855,200073.495316,0.265306,0.734694,11212 11225 11674 11675 11771 11789 12012 12218 12233 12360 12361 12595 12971 13253 14022
moead,513_e-05,6,14,1100,22,29609832.531855,200073.495316,0.285714,0.714286,11212 11225 11674 11675 11771 11789 12012 12218 12233 12360 12361 12595 12971 13253 14022
moead,513_e-05,6,15,1100,22,29592058.764998,196856.038765,0.306122,0.693878,11212 11225 11403 11576 11674 11675 12012 12233 12262 12360 12361 12578 12595 12971 13253
moead,513_e-05,6,16,1100,22,29592058.764998,196856.038765,0.326531,0.673469,11212 11225 11403 11576 11674 11675 12012 12233 12262 12360 12361 12578 12595 12971 13253
moead,513_e-05,6,17,1100,22,29584244.162232,196774.681082,0.346939,0.653061,11212 11225 11576 11580 11674 11675 12012 12218 12233 12262 12360 12361 12595 12971 13253
moead,513_e-05,6,18,1100,22,29581399.618300,196711.238358,0.367347,0.632653,11212 11225 11674 11675 11771 11789 12012 12218 12233 12262 12360 12361 12595 12971 13253
moead,513_e-05,6,19,1100,22,29577440.911866,196323.097710,0.387755,0.612245,11212 11225 11673 11674 11675 11771 11789 12012 12233 12262 12360 12361 12595 12971 13253
moead,513_e-05,6,20,1100,22,29572688.755061,193021.518626,0.408163,0.591837,11225 11470 11675 11771 11789 11792 11800 11986 12233 12254 12262 12479 12481 12971 13253
moead,513_e-05,6,21,1100,22,29565085.807444,192652.636197,0.428571,0.571429,11225 11396 11580 11771 11789 11792 11800 11986 12233 12262 12602 12853 12966 12971 13253
moead,513_e-05,6,22,1100,22,29565085.807444,192652.636197,0.448980,0.551020,11225 11396 11580 11771 11789 11792 11800 11986 12233 12262 12602 12853 12966 12971 13253
moead,513_e-05,6,23,1100,22,29558417.225939,192586.242043,0.469388,0.530612,11225 11396 11580 11675 11771 11789 11792 11800 11986 12233 12262 12479 12481 12971 13253
moead,513_e-05,6,24,1100,22,29558417.225939,192586.242043,0.489796,0.510204,11225 11396 11580 11675 11771 11789 11792 11800 11986 12233 12262 12479 12481 12971 13253
moead,513_e-05,6,25,1100,22,29554463.472083,192478.400201,0.510204,0.489796,11225 11396 11580 11675 11771 11789 11792 11800 11986 12233 12262 12356 12479 12481 13253
moead,513_e-05,6,26,1100,22,29551872.125322,192340.557229,0.530612,0.469388,11225 11396 11397 11580 11675 11771 11789 11800 11986 12233 12479 12481 12735 12971 13253
moead,513_e-05,6,27,1100,22,29541745.580863,192340.553157,0.551020,0.448980,11225 11396 11397 11580 11675 11771 11789 11986 12233 12239 12479 12481 12735 12971 13253
moead,513_e-05,6,28,1100,22,29541745.580863,192340.553157,0.571429,0.428571,11225 11396 11397 11580 11675 11771 11789 11986 12233 12239 12479 12481 12735 12971 13253
moead,513_e-05,6,29,1100,22,29541745.580863,192340.553157,0.591837,0.408163,11225 11396 11397 11580 11675 11771 11789 11986 12233 12239 12479 12481 12735 12971 13253
moead,513_e-05,6,30,1100,22,29541745.580863,192340.553157,0.612245,0.387755,11225 11396 11397 11580 11675 11771 11789 11986 12233 12239 12479 12481 12735 12971 13253
moead,513_e-05,6,31,1100,22,29538569.861462,188524.558453,0.632653,0.367347,11476 11580 11675 11772 11780 11781 11800 11986 12115 12132 12233 12334 12594 12971 13253
moead,513_e-05,6,32,1100,22,29530042.685641,188454.079838,0.653061,0.346939,11476 11499 11580 11675 11772 11780 11781 11800 11986 12115 12132 12233 12594 12971 13253
moead,513_e-05,6,33,1100,22,29530042.685641,188454.079838,0.673469,0.326531,11476 11499 11580 11675 11772 11780 11781 11800 11986 12115 12132 12233 12594 12971 13253
moead,513_e-05,6,34,1100,22,29530042.685641,188454.079838,0.693878,0.306122,11476 11499 11580 11675 11772 11780 11781 11800 11986 12115 12132 12233 12594 12971 13253
moead,513_e-05,6,35,1100,22,29530042.685641,188454.079838,0.714286,0.285714,11476 11499 11580 11675 11772 11780 11781 11800 11986 12115 12132 12233 12594 12971 13253
moead,513_e-05,6,36,1100,22,29530042.685641,188454.079838,0.734694,0.265306,11476 11499 11580 11675 11772 11780 11781 11800 11986 12115 12132 12233 12594 12971 13253
moead,513_e-05,6,37,1100,22,29523620.424584,188445.225723,0.755102,0.244898,11396 11499 11675 11786 11789 11875 11893 12002 12115 12119 12359 12377 12460 12971 13253
moead,513_e-05,6,38,1100,22,29523620.424584,188445.225723,0.775510,0.224490,11396 11499 11675 11786 11789 11875 11893 12002 12115 12119 12359 12377 12460 12971 13253
moead,513_e-05,6,39,1100,22,29523620.424584,188445.225723,0.795918,0.204082,11396 11499 11675 11786 11789 11875 11893 12002 12115 12119 12359 12377 12460 12971 13253
moead,513_e-05,6,40,1100,22,29523620.424584,188445.225723,0.816327,0.183673,11396 11499 11675 11786 11789 11875 11893 12002 12115 12119 12359 12377 12460 12971 13253
moead,513_e-05,6,41,1100,22,29519076.398128,188305.229021,0.836735,0.163265,11396 11499 11580 11675 11771 11786 11789 11875 12002 12115 12119 12132 12359 12971 13253
moead,513_e-05,6,42,1100,22,29519076.398128,188305.229021,0.857143,0.142857,11396 11499 11580 11675 11771 11786 11789 11875 12002 12115 12119 12132 12359 12971 13253
moead,513_e-05,6,43,1100,22,29519076.398128,188305.229021,0.877551,0.122449,11396 11499 11580 11675 11771 11786 11789 11875 12002 12115 12119 12132 12359 12971 13253
moead,513_e-05,6,44,1100,22,29518352.873929,188271.291383,0.897959,0.102041,11396 11499 11580 11675 11771 11789 11875 12002 12115 12119 12132 12359 12594 12971 13253
moead,513_e-05,6,45,1100,22,29516607.392421,188232.377678,0.918367,0.081633,11396 11499 11580 11675 11771 11786 11789 11875 12002 12115 12119 12132 12359 12594 13253
moead,513_e-05,6,46,1100,22,29515969.553386,184345.791431,0.938776,0.061224,11396 11499 11580 11771 11875 11881 12002 12107 12115 12119 12132 12359 12589 12594 13253
moead,513_e-05,6,47,1100,22,29515969.553386,184345.791431,0.959184,0.040816,11396 11499 11580 11771 11875 11881 12002 12107 12115 12119 12132 12359 12589 12594 13253
moead,513_e-05,6,48,1100,22,29515969.553386,184345.791431,0.979592,0.020408,11396 11499 11580 11771 11875 11881 12002 12107 12115 12119 12132 12359 12589 12594 13253
moead,513_e-05,6,49,1100,22,29515969.553386,184345.791431,1.000000,0.000000,11396 11499 11580 11771 11875 11881 12002 12107 12115 12119 12132 12359 12589 12594 13253
moead,513_e-05,6,0,1150,23,38118906.490461,236183.260254,0.000000,1.000000,14040 59163 64159 68168 69609 79323 83898 89986 90655 134774 139598 163696 166438 168360 168589
moead,513_e-05,6,1,1150,23,30140893.048607,221756.349915,0.020408,0.979592,10411 10424 11212 11225 11771 11800 11986 12262 12476 12687 13237 14022 14358 16362 67214
moead,513_e-05,6,2,1150,23,29965733.066115,217634.067690,0.040816,0.959184,10411 10424 11212 11225 11675 11771 11800 11986 12262 12476 12687 13237 14022 14040 14358
moead,513_e-05,6,3,1150,23,29879660.374056,213482.216616,0.061224,0.938776,10411 10424 11212 11225 11580 11675 11771 11800 11986 12262 12476 12687 13237 13862 14022
moead,513_e-05,6,4,1150,23,29791049.267999,209061.843441,0.081633,0.918367,10424 10671 11212 11225 11483 11580 11675 11771 11800 11986 12262 12476 12687 13237 13862
moead,513_e-05,6,5,1150,23,29759917.204498,206387.769150,0.102041,0.897959,10424 11212 11225 11483 11580 11675 11771 11800 11986 12262 12476 12687 13237 13698 13862
moead,513_e-05,6,6,1150,23,29716882.321090,204600.880203,0.122449,0.877551,10865 11212 11225 11674 11771 11789 12218 12233 12360 12361 12595 12971 13253 13398 14022
moead,513_e-05,6,7,1150,23,29677387.157943,201679.098392,0.142857,0.857143,11212 11225 11580 11675 11771 11789 11800 11986 12233 12262 12359 12687 13237 13698 14022
moead,513_e-05,6,8,1150,23,29677387.157943,201679.098392,0.163265,0.836735,11212 11225 11580 11675 11771 11789 11800 11986 12233 12262 12359 12687 13237 13698 14022
moead,513_e-05,6,9,1150,23,29659103.542014,201450.313408,0.183673,0.816327,11212 11225 11580 11675 11771 11789 11800 11986 12218 12233 12262 12980 13237 13698 13862
moead,513_e-05,6,10,1150,23,29616979.435774,200478.569168,0.204082,0.795918,11212 11225 11674 11771 11789 12012 12218 12233 12360 12361 12595 12971 13253 13398 14022
moead,513_e-05,6,11,1150,23,29616979.435774,200478.569168,0.224490,0.775510,11212 11225 11674 11771 11789 12012 12218 12233 12360 12361 12595 12971 13253 13398 14022
moead,513_e-05,6,12,1150,23,29609832.531855,200073.495316,0.244898,0.755102,11212 11225 11674 11675 11771 11789 12012 12218 12233 12360 12361 12595 12971 13253 14022
moead,513_e-05,6,13,1150,23,29609832.531855,200073.495316,0.265306,0.734694,11212 11225 11674 11675 11771 11789 12012 12218 12233 12360 12361 12595 12971 13253 14022
moead,513_e-05,6,14,1150,23,29592058.764998,196856.038765,0.285714,0.714286,11212 11225 11403 11576 11674 11675 12012 12233 12262 12360 12361 12578 12595 12971 13253
moead,513_e-05,6,15,1150,23,29592058.764998,196856.038765,0.306122,0.693878,11212 11225 11403 11576 11674 11675 12012 12233 12262 12360 12361 12578 12595 12971 13253
moead,513_e-05,6,16,1150,23,29584244.162232,196774.681082,0.326531,0.673469,11212 11225 11576 11580 11674 11675 12012 12218 12233 12262 12360 12361 12595 12971 13253
moead,513_e-05,6,17,1150,23,29577440.911866,196323.097710,0.346939,0.653061,11212 11225 11673 11674 11675 11771 11789 12012 12233 12262 12360 12361 12595 12971 13253
moead,513_e-05,6,18,1150,23,29577440.911866,196323.097710,0.367347,0.632653,11212 11225 11673 11674 11675 11771 11789 12012 12233 12262 12360 12361 12595 12971 13253
moead,513_e-05,6,19,1150,23,29563550.260810,192939.359546,0.387755,0.612245,11225 11470 11675 11771 11789 11792 11800 11986 12233 12262 12360 12361 12595 12971 13253
moead,513_e-05,6,20,1150,23,29563550.260810,192939.359546,0.408163,0.591837,11225 11470 11675 11771 11789 11792 11800 11986 12233 12262 12360 12361 12595 12971 13253
moead,513_e-05,6,21,1150,23,29558417.225939,192586.242043,0.428571,0.571429,11225 11396 11580 11675 11771 11789 11792 11800 11986 12233 12262 12479 12481 12971 13253
moead,513_e-05,6,22,1150,23,29558417.225939,192586.242043,0.448980,0.551020,11225 11396 11580 11675 11771 11789 11792 11800 11986 12233 12262 12479 12481 12971 13253
moead,513_e-05,6,23,1150,23,29554463.472083,192478.400201,0.469388,0.530612,11225 11396 11580 11675 11771 11789 11792 11800 11986 12233 12262 12356 12479 12481 13253
moead,513_e-05,6,24,1150,23,29541745.580863,192340.553157,0.489796,0.510204,11225 11396 11397 11580 11675 11771 11789 11986 12233 12239 12479 12481 12735 12971 13253
moead,513_e-05,6,25,1150,23,29541745.580863,192340.553157,0.510204,0.489796,11225 11396 11397 11580 11675 11771 11789 11986 12233 12239 12479 12481 12735 12971 13253
moead,513_e-05,6,26,1150,23,29541745.580863,192340.553157,0.530612,0.469388,11225 11396 11397 11580 11675 11771 11789 11986 12233 12239 12479 12481 12735 12971 13253
moead,513_e-05,6,27,1150,23,29541745.580863,192340.553157,0.551020,0.448980,11225 11396 11397 11580 11675 11771 11789 11986 12233 12239 12479 12481 12735 12971 13253
moead,513_e-05,6,28,1150,23,29532404.085080,188458.279256,0.571429,0.428571,11476 11488 11499 11580 11772 11780 11781 11800 11986 12115 12132 12233 12594 12971 13253
moead,513_e-05,6,29,1150,23,29532404.085080,188458.279256,0.591837,0.408163,11476 11488 11499 11580 11772 11780 11781 11800 11986 12115 12132 12233 12594 12971 13253
moead,513_e-05,6,30,1150,23,29532404.085080,188458.279256,0.612245,0.387755,11476 11488 11499 11580 11772 11780 11781 11800 11986 12115 12132 12233 12594 12971 13253
moead,513_e-05,6,31,1150,23,29532404.085080,188458.279256,0.632653,0.367347,11476 11488 11499 11580 11772 11780 11781 11800 11986 12115 12132 12233 12594 12971 13253
moead,513_e-05,6,32,1150,23,29530042.685641,188454.079838,0.653061,0.346939,11476 11499 11580 11675 11772 11780 11781 11800 11986 12115 12132 12233 12594 12971 13253
moead,513_e-05,6,33,1150,23,29520913.254385,188448.527500,0.673469,0.326531,11396 11499 11675 11786 11875 11893 12002 12115 12118 12119 12359 12377 12460 12971 13253
moead,513_e-05,6,34,1150,23,29520913.254385,188448.527500,0.693878,0.306122,11396 11499 11675 11786 11875 11893 12002 12115 12118 12119 12359 12377 12460 12971 13253
moead,513_e-05,6,35,1150,23,29520913.254385,188448.527500,0.714286,0.285714,11396 11499 11675 11786 11875 11893 12002 12115 12118 12119 12359 12377 12460 12971 13253
moead,513_e-05,6,36,1150,23,29520913.254385,188448.527500,0.734694,0.265306,11396 11499 11675 11786 11875 11893 12002 12115 12118 12119 12359 12377 12460 12971 13253
moead,513_e-05,6,37,1150,23,29516757.624228,188388.496065,0.755102,0.244898,11499 11675 11771 11786 11789 11875 11893 12002 12115 12119 12132 12359 12971 13253 13530
moead,513_e-05,6,38,1150,23,29516757.624228,188388.496065,0.775510,0.224490,11499 11675 11771 11786 11789 11875 11893 12002 12115 12119 12132 12359 12971 13253 13530
moead,513_e-05,6,39,1150,23,29516757.624228,188388.496065,0.795918,0.204082,11499 11675 11771 11786 11789 11875 11893 12002 12115 12119 12132 12359 12971 13253 13530
moead,513_e-05,6,40,1150,23,29504955.517282,188300.354911,0.816327,0.183673,11499 11675 11771 11786 11789 11875 11893 12002 12115 12119 12132 12239 12359 12971 13253
moead,513_e-05,6,41,1150,23,29504955.517282,188300.354911,0.836735,0.163265,11499 11675 11771 11786 11789 11875 11893 12002 12115 12119 12132 12239 12359 12971 13253
moead,513_e-05,6,42,1150,23,29504955.517282,188300.354911,0.857143,0.142857,11499 11675 11771 11786 11789 11875 11893 12002 12115 12119 12132 12239 12359 12971 13253
moead,513_e-05,6,43,1150,23,29504955.517282,188300.354911,0.877551,0.122449,11499 11675 11771 11786 11789 11875 11893 12002 12115 12119 12132 12239 12359 12971 13253
moead,513_e-05,6,44,1150,23,29504955.517282,188300.354911,0.897959,0.102041,11499 11675 11771 11786 11789 11875 11893 12002 12115 12119 12132 12239 12359 12971 13253
moead,513_e-05,6,45,1150,23,29504955.517282,188300.354911,0.918367,0.081633,11499 11675 11771 11786 11789 11875 11893 12002 12115 12119 12132 12239 12359 12971 13253
moead,513_e-05,6,46,1150,23,29504955.517282,188300.354911,0.938776,0.061224,11499 11675 11771 11786 11789 11875 11893 12002 12115 12119 12132 12239 12359 12971 13253
moead,513_e-05,6,47,1150,23,29504955.517282,188300.354911,0.959184,0.040816,11499 11675 11771 11786 11789 11875 11893 12002 12115 12119 12132 12239 12359 12971 13253
moead,513_e-05,6,48,1150,23,29504955.517282,188300.354911,0.979592,0.020408,11499 11675 11771 11786 11789 11875 11893 12002 12115 12119 12132 12239 12359 12971 13253
moead,513_e-05,6,49,1150,23,29504955.517282,188300.354911,1.000000,0.000000,11499 11675 11771 11786 11789 11875 11893 12002 12115 12119 12132 12239 12359 12971 13253
moead,513_e-05,6,0,1200,24,37155787.159496,236183.260254,0.000000,1.000000,12352 14040 32545 59163 68168 79323 86408 90655 98672 134774 139598 163696 164271 168360 168589
moead,513_e-05,6,1,1200,24,30161281.912644,221756.349915,0.020408,0.979592,10411 10424 11212 11225 11771 11800 11986 12262 12476 12687 13237 14022 14040 14358 168589
moead,513_e-05,6,2,1200,24,29965733.066115,217634.067690,0.040816,0.959184,10411 10424 11212 11225 11675 11771 11800 11986 12262 12476 12687 13237 14022 14040 14358
moead,513_e-05,6,3,1200,24,29838651.591065,213150.436020,0.061224,0.938776,10411 10424 11212 11225 11483 11580 11675 11771 11800 11986 12262 12476 12687 13237 13862
moead,513_e-05,6,4,1200,24,29798216.812041,209131.844845,0.081633,0.918367,10424 10671 11212 11225 11483 11580 11675 11771 11800 11986 12262 12476 12687 13680 13862
moead,513_e-05,6,5,1200,24,29759917.204498,206387.769150,0.102041,0.897959,10424 11212 11225 11483 11580 11675 11771 11800 11986 12262 12476 12687 13237 13698 13862
moead,513_e-05,6,6,1200,24,29701622.296097,204600.880203,0.122449,0.877551,11212 11225 11348 11674 11771 12012 12218 12233 12360 12361 12595 12971 13253 13398 14022
moead,513_e-05,6,7,1200,24,29701622.296097,204600.880203,0.142857,0.857143,11212 11225 11348 11674 11771 12012 12218 12233 12360 12361 12595 12971 13253 13398 14022
moead,513_e-05,6,8,1200,24,29677387.157943,201679.098392,0.163265,0.836735,11212 11225 11580 11675 11771 11789 11800 11986 12233 12262 12359 12687 13237 13698 14022
moead,513_e-05,6,9,1200,24,29649345.574248,201137.128677,0.183673,0.816327,11212 11225 11580 11675 11771 11800 11986 12218 12233 12262 12359 12608 13236 13253 13862
moead,513_e-05,6,10,1200,24,29616979.435774,200478.569168,0.204082,0.795918,11212 11225 11674 11771 11789 12012 12218 12233 12360 12361 12595 12971 13253 13398 14022
moead,513_e-05,6,11,1200,24,29616979.435774,200478.569168,0.224490,0.775510,11212 11225 11674 11771 11789 12012 12218 12233 12360 12361 12595 12971 13253 13398 14022
moead,513_e-05,6,12,1200,24,29612582.148110,200080.884614,0.244898,0.755102,11212 11225 11674 11675 11771 11789 12012 12218 12233 12360 12361 12595 12971 13398 14022
moead,513_e-05,6,13,1200,24,29609832.531855,200073.495316,0.265306,0.734694,11212 11225 11674 11675 11771 11789 12012 12218 12233 12360 12361 12595 12971 13253 14022
moead,513_e-05,6,14,1200,24,29592058.764998,196856.038765,0.285714,0.714286,11212 11225 11403 11576 11674 11675 12012 12233 12262 12360 12361 12578 12595 12971 13253
moead,513_e-05,6,15,1200,24,29592058.764998,196856.038765,0.306122,0.693878,11212 11225 11403 11576 11674 11675 12012 12233 12262 12360 12361 12578 12595 12971 13253
moead,513_e-05,6,16,1200,24,29581399.618300,196711.238358,0.326531,0.673469,11212 11225 11674 11675 11771 11789 12012 12218 12233 12262 12360 12361 12595 12971 13253
moead,513_e-05,6,17,1200,24,29577440.911866,196323.097710,0.346939,0.653061,11212 11225 11673 11674 11675 11771 11789 12012 12233 12262 12360 12361 12595 12971 13253
moead,513_e-05,6,18,1200,24,29563126.070366,193005.971417,0.367347,0.632653,11225 11470 11675 11771 11789 11792 11800 11986 12003 12233 12262 12479 12481 12971 13253
moead,513_e-05,6,19,1200,24,29563126.070366,193005.971417,0.387755,0.612245,11225 11470 11675 11771 11789 11792 11800 11986 12003 12233 12262 12479 12481 12971 13253
moead,513_e-05,6,20,1200,24,29563126.070366,193005.971417,0.408163,0.591837,11225 11470 11675 11771 11789 11792 11800 11986 12003 12233 12262 12479 12481 12971 13253
moead,513_e-05,6,21,1200,24,29558417.225939,192586.242043,0.428571,0.571429,11225 11396 11580 11675 11771 11789 11792 11800 11986 12233 12262 12479 12481 12971 13253
moead,513_e-05,6,22,1200,24,29556167.045863,192586.237971,0.448980,0.551020,11225 11396 11580 11675 11771 11792 11800 11986 12003 12233 12262 12479 12481 12971 13253
moead,513_e-05,6,23,1200,24,29541745.580863,192340.553157,0.469388,0.530612,11225 11396 11397 11580 11675 11771 11789 11986 12233 12239 12479 12481 12735 12971 13253
moead,513_e-05,6,24,1200,24,29541745.580863,192340.553157,0.489796,0.510204,11225 11396 11397 11580 11675 11771 11789 11986 12233 12239 12479 12481 12735 12971 13253
moead,513_e-05,6,25,1200,24,29541745.580863,192340.553157,0.510204,0.489796,11225 11396 11397 11580 11675 11771 11789 11986 12233 12239 12479 12481 12735 12971 13253
moead,513_e-05,6,26,1200,24,29541745.580863,192340.553157,0.530612,0.469388,11225 11396 11397 11580 11675 11771 11789 11986 12233 12239 12479 12481 12735 12971 13253
moead,513_e-05,6,27,1200,24,29532404.085080,188458.279256,0.551020,0.448980,11476 11488 11499 11580 11772 11780 11781 11800 11986 12115 12132 12233 12594 12971 13253
moead,513_e-05,6,28,1200,24,29532404.085080,188458.279256,0.571429,0.428571,11476 11488 11499 11580 11772 11780 11781 11800 11986 12115 12132 12233 12594 12971 13253
moead,513_e-05,6,29,1200,24,29532404.085080,188458.279256,0.591837,0.408163,11476 11488 11499 11580 11772 11780 11781 11800 11986 12115 12132 12233 12594 12971 13253
moead,513_e-05,6,30,1200,24,29532404.085080,188458.279256,0.612245,0.387755,11476 11488 11499 11580 11772 11780 11781 11800 11986 12115 12132 12233 12594 12971 13253
moead,513_e-05,6,31,1200,24,29530042.685641,188454.079838,0.632653,0.367347,11476 11499 11580 11675 11772 11780 11781 11800 11986 12115 12132 12233 12594 12971 13253
moead,513_e-05,6,32,1200,24,29519214.161885,188452.966451,0.653061,0.346939,11499 11675 11771 11789 11875 11893 12002 12115 12119 12132 12239 12359 12576 12971 13253
moead,513_e-05,6,33,1200,24,29519214.161885,188452.966451,0.673469,0.326531,11499 11675 11771 11789 11875 11893 12002 12115 12119 12132 12239 12359 12576 12971 13253
moead,513_e-05,6,34,1200,24,29519214.161885,188452.966451,0.693878,0.306122,11499 11675 11771 11789 11875 11893 12002 12115 12119 12132 12239 12359 12576 12971 13253
moead,513_e-05,6,35,1200,24,29519214.161885,188452.966451,0.714286,0.285714,11499 11675 11771 11789 11875 11893 12002 12115 12119 12132 12239 12359 12576 12971 13253
moead,513_e-05,6,36,1200,24,29519214.161885,188452.966451,0.734694,0.265306,11499 11675 11771 11789 11875 11893 12002 12115 12119 12132 12239 12359 12576 12971 13253
moead,513_e-05,6,37,1200,24,29516757.624228,188388.496065,0.755102,0.244898,11499 11675 11771 11786 11789 11875 11893 12002 12115 12119 12132 12359 12971 13253 13530
moead,513_e-05,6,38,1200,24,29504955.517282,188300.354911,0.775510,0.224490,11499 11675 11771 11786 11789 11875 11893 12002 12115 12119 12132 12239 12359 12971 13253
moead,513_e-05,6,39,1200,24,29504955.517282,188300.354911,0.795918,0.204082,11499 11675 11771 11786 11789 11875 11893 12002 12115 12119 12132 12239 12359 12971 13253
moead,513_e-05,6,40,1200,24,29504955.517282,188300.354911,0.816327,0.183673,11499 11675 11771 11786 11789 11875 11893 12002 12115 12119 12132 12239 12359 12971 13253
moead,513_e-05,6,41,1200,24,29504955.517282,188300.354911,0.836735,0.163265,11499 11675 11771 11786 11789 11875 11893 12002 12115 12119 12132 12239 12359 12971 13253
moead,513_e-05,6,42,1200,24,29504955.517282,188300.354911,0.857143,0.142857,11499 11675 11771 11786 11789 11875 11893 12002 12115 12119 12132 12239 12359 12971 13253
moead,513_e-05,6,43,1200,24,29504955.517282,188300.354911,0.877551,0.122449,11499 11675 11771 11786 11789 11875 11893 12002 12115 12119 12132 12239 12359 12971 13253
moead,513_e-05,6,44,1200,24,29504955.517282,188300.354911,0.897959,0.102041,11499 11675 11771 11786 11789 11875 11893 12002 12115 12119 12132 12239 12359 12971 13253
moead,513_e-05,6,45,1200,24,29504955.517282,188300.354911,0.918367,0.081633,11499 11675 11771 11786 11789 11875 11893 12002 12115 12119 12132 12239 12359 12971 13253
moead,513_e-05,6,46,1200,24,29504955.517282,188300.354911,0.938776,0.061224,11499 11675 11771 11786 11789 11875 11893 12002 12115 12119 12132 12239 12359 12971 13253
moead,513_e-05,6,47,1200,24,29504955.517282,188300.354911,0.959184,0.040816,11499 11675 11771 11786 11789 11875 11893 12002 12115 12119 12132 12239 12359 12971 13253
moead,513_e-05,6,48,1200,24,29504955.517282,188300.354911,0.979592,0.020408,11499 11675 11771 11786 11789 11875 11893 12002 12115 12119 12132 12239 12359 12971 13253
moead,513_e-05,6,49,1200,24,29504955.517282,188300.354911,1.000000,0.000000,11499 11675 11771 11786 11789 11875 11893 12002 12115 12119 12132 12239 12359 12971 13253
moead,513_e-05,6,0,1250,25,38079629.281947,236183.260254,0.000000,1.000000,700 12352 32545 59163 66230 68168 79323 81764 86408 89743 98672 117155 117742 168360 168589
moead,513_e-05,6,1,1250,25,30124397.478560,221756.349915,0.020408,0.979592,10411 10424 11212 11225 11771 11800 11986 12262 12476 12687 13237 14022 14040 14358 67214
moead,513_e-05,6,2,1250,25,29965733.066115,217634.067690,0.040816,0.959184,10411 10424 11212 11225 11675 11771 11800 11986 12262 12476 12687 13237 14022 14040 14358
moead,513_e-05,6,3,1250,25,29838651.591065,213150.436020,0.061224,0.938776,10411 10424 11212 11225 11483 11580 11675 11771 11800 11986 12262 12476 12687 13237 13862
moead,513_e-05,6,4,1250,25,29798216.812041,209131.844845,0.081633,0.918367,10424 10671 11212 11225 11483 11580 11675 11771 11800 11986 12262 12476 12687 13680 13862
moead,513_e-05,6,5,1250,25,29759917.204498,206387.769150,0.102041,0.897959,10424 11212 11225 11483 11580 11675 11771 11800 11986 12262 12476 12687 13237 13698 13862
moead,513_e-05,6,6,1250,25,29701622.296097,204600.880203,0.122449,0.877551,11212 11225 11348 11674 11771 12012 12218 12233 12360 12361 12595 12971 13253 13398 14022
moead,513_e-05,6,7,1250,25,29676939.982905,204195.806351,0.142857,0.857143,11212 11225 11355 11674 11771 11789 12012 12218 12233 12360 12361 12595 12971 13253 14022
moead,513_e-05,6,8,1250,25,29676939.982905,204195.806351,0.163265,0.836735,11212 11225 11355 11674 11771 11789 12012 12218 12233 12360 12361 12595 12971 13253 14022
moead,513_e-05,6,9,1250,25,29649345.574248,201137.128677,0.183673,0.816327,11212 11225 11580 11675 11771 11800 11986 12218 12233 12262 12359 12608 13236 13253 13862
moead,513_e-05,6,10,1250,25,29623823.237858,200509.048989,0.204082,0.795918,11212 11225 11674 11771 11789 12012 12218 12233 12360 12361 12595 13253 13398 13540 14022
moead,513_e-05,6,11,1250,25,29623823.237858,200509.048989,0.224490,0.775510,11212 11225 11674 11771 11789 12012 12218 12233 12360 12361 12595 13253 13398 13540 14022
moead,513_e-05,6,12,1250,25,29612582.148110,200080.884614,0.244898,0.755102,11212 11225 11674 11675 11771 11789 12012 12218 12233 12360 12361 12595 12971 13398 14022
moead,513_e-05,6,13,1250,25,29609832.531855,200073.495316,0.265306,0.734694,11212 11225 11674 11675 11771 11789 12012 12218 12233 12360 12361 12595 12971 13253 14022
moead,513_e-05,6,14,1250,25,29592058.764998,196856.038765,0.285714,0.714286,11212 11225 11403 11576 11674 11675 12012 12233 12262 12360 12361 12578 12595 12971 13253
moead,513_e-05,6,15,1250,25,29592058.764998,196856.038765,0.306122,0.693878,11212 11225 11403 11576 11674 11675 12012 12233 12262 12360 12361 12578 12595 12971 13253
moead,513_e-05,6,16,1250,25,29581399.618300,196711.238358,0.326531,0.673469,11212 11225 11674 11675 11771 11789 12012 12218 12233 12262 12360 12361 12595 12971 13253
moead,513_e-05,6,17,1250,25,29577440.911866,196323.097710,0.346939,0.653061,11212 11225 11673 11674 11675 11771 11789 12012 12233 12262 12360 12361 12595 12971 13253
moead,513_e-05,6,18,1250,25,29563323.141449,193022.690411,0.367347,0.632653,11225 11470 11675 11771 11789 11792 11800 11986 12003 12262 12478 12479 12481 12971 13253
moead,513_e-05,6,19,1250,25,29563323.141449,193022.690411,0.387755,0.612245,11225 11470 11675 11771 11789 11792 11800 11986 12003 12262 12478 12479 12481 12971 13253
moead,513_e-05,6,20,1250,25,29563323.141449,193022.690411,0.408163,0.591837,11225 11470 11675 11771 11789 11792 11800 11986 12003 12262 12478 12479 12481 12971 13253
moead,513_e-05,6,21,1250,25,29560128.618293,192591.844233,0.428571,0.571429,11225 11396 11397 11771 11789 11792 11800 11986 12003 12262 12478 12479 12481 12971 13253
moead,513_e-05,6,22,1250,25,29556167.045863,192586.237971,0.448980,0.551020,11225 11396 11580 11675 11771 11792 11800 11986 12003 12233 12262 12479 12481 12971 13253
moead,513_e-05,6,23,1250,25,29541745.580863,192340.553157,0.469388,0.530612,11225 11396 11397 11580 11675 11771 11789 11986 12233 12239 12479 12481 12735 12971 13253
moead,513_e-05,6,24,1250,25,29541745.580863,192340.553157,0.489796,0.510204,11225 11396 11397 11580 11675 11771 11789 11986 12233 12239 12479 12481 12735 12971 13253
moead,513_e-05,6,25,1250,25,29541745.580863,192340.553157,0.510204,0.489796,11225 11396 11397 11580 11675 11771 11789 11986 12233 12239 12479 12481 12735 12971 13253
moead,513_e-05,6,26,1250,25,29541745.580863,192340.553157,0.530612,0.469388,11225 11396 11397 11580 11675 11771 11789 11986 12233 12239 12479 12481 12735 12971 13253
moead,513_e-05,6,27,1250,25,29532404.085080,188458.279256,0.551020,0.448980,11476 11488 11499 11580 11772 11780 11781 11800 11986 12115 12132 12233 12594 12971 13253
moead,513_e-05,6,28,1250,25,29532404.085080,188458.279256,0.571429,0.428571,11476 11488 11499 11580 11772 11780 11781 11800 11986 12115 12132 12233 12594 12971 13253
moead,513_e-05,6,29,1250,25,29532404.085080,188458.279256,0.591837,0.408163,11476 11488 11499 11580 11772 11780 11781 11800 11986 12115 12132 12233 12594 12971 13253
moead,513_e-05,6,30,1250,25,29532404.085080,188458.279256,0.612245,0.387755,11476 11488 11499 11580 11772 11780 11781 11800 11986 12115 12132 12233 12594 12971 13253
moead,513_e-05,6,31,1250,25,29530042.685641,188454.079838,0.632653,0.367347,11476 11499 11580 11675 11772 11780 11781 11800 11986 12115 12132 12233 12594 12971 13253
moead,513_e-05,6,32,1250,25,29519214.161885,188452.966451,0.653061,0.346939,11499 11675 11771 11789 11875 11893 12002 12115 12119 12132 12239 12359 12576 12971 13253
moead,513_e-05,6,33,1250,25,29519214.161885,188452.966451,0.673469,0.326531,11499 11675 11771 11789 11875 11893 12002 12115 12119 12132 12239 12359 12576 12971 13253
moead,513_e-05,6,34,1250,25,29519214.161885,188452.966451,0.693878,0.306122,11499 11675 11771 11789 11875 11893 12002 12115 12119 12132 12239 12359 12576 12971 13253
moead,513_e-05,6,35,1250,25,29519214.161885,188452.966451,0.714286,0.285714,11499 11675 11771 11789 11875 11893 12002 12115 12119 12132 12239 12359 12576 12971 13253
moead,513_e-05,6,36,1250,25,29519214.161885,188452.966451,0.734694,0.265306,11499 11675 11771 11789 11875 11893 12002 12115 12119 12132 12239 12359 12576 12971 13253
moead,513_e-05,6,37,1250,25,29516757.624228,188388.496065,0.755102,0.244898,11499 11675 11771 11786 11789 11875 11893 12002 12115 12119 12132 12359 12971 13253 13530
moead,513_e-05,6,38,1250,25,29504955.517282,188300.354911,0.775510,0.224490,11499 11675 11771 11786 11789 11875 11893 12002 12115 12119 12132 12239 12359 12971 13253
moead,513_e-05,6,39,1250,25,29504955.517282,188300.354911,0.795918,0.204082,11499 11675 11771 11786 11789 11875 11893 12002 12115 12119 12132 12239 12359 12971 13253
moead,513_e-05,6,40,1250,25,29504955.517282,188300.354911,0.816327,0.183673,11499 11675 11771 11786 11789 11875 11893 12002 12115 12119 12132 12239 12359 12971 13253
moead,513_e-05,6,41,1250,25,29504955.517282,188300.354911,0.836735,0.163265,11499 11675 11771 11786 11789 11875 11893 12002 12115 12119 12132 12239 12359 12971 13253
moead,513_e-05,6,42,1250,25,29504955.517282,188300.354911,0.857143,0.142857,11499 11675 11771 11786 11789 11875 11893 12002 12115 12119 12132 12239 12359 12971 13253
moead,513_e-05,6,43,1250,25,29504955.517282,188300.354911,0.877551,0.122449,11499 11675 11771 11786 11789 11875 11893 12002 12115 12119 12132 12239 12359 12971 13253
moead,513_e-05,6,44,1250,25,29504955.517282,188300.354911,0.897959,0.102041,11499 11675 11771 11786 11789 11875 11893 12002 12115 12119 12132 12239 12359 12971 13253
moead,513_e-05,6,45,1250,25,29504955.517282,188300.354911,0.918367,0.081633,11499 11675 11771 11786 11789 11875 11893 12002 12115 12119 12132 12239 12359 12971 13253
moead,513_e-05,6,46,1250,25,29504955.517282,188300.354911,0.938776,0.061224,11499 11675 11771 11786 11789 11875 11893 12002 12115 12119 12132 12239 12359 12971 13253
moead,513_e-05,6,47,1250,25,29504955.517282,188300.354911,0.959184,0.040816,11499 11675 11771 11786 11789 11875 11893 12002 12115 12119 12132 12239 12359 12971 13253
moead,513_e-05,6,48,1250,25,29504955.517282,188300.354911,0.979592,0.020408,11499 11675 11771 11786 11789 11875 11893 12002 12115 12119 12132 12239 12359 12971 13253
moead,513_e-05,6,49,1250,25,29504955.517282,188300.354911,1.000000,0.000000,11499 11675 11771 11786 11789 11875 11893 12002 12115 12119 12132 12239 12359 12971 13253
moead,513_e-05,6,0,1300,26,37902054.506738,236183.260254,0.000000,1.000000,5240 22042 39604 59163 65086 67214 68168 69046 71466 72628 81764 86408 111434 117155 117742
moead,513_e-05,6,1,1300,26,30124397.478560,221756.349915,0.020408,0.979592,10411 10424 11212 11225 11771 11800 11986 12262 12476 12687 13237 14022 14040 14358 67214
moead,513_e-05,6,2,1300,26,29965733.066115,217634.067690,0.040816,0.959184,10411 10424 11212 11225 11675 11771 11800 11986 12262 12476 12687 13237 14022 14040 14358
moead,513_e-05,6,3,1300,26,29845819.135107,213220.437424,0.061224,0.938776,10411 10424 11212 11225 11483 11580 11675 11771 11800 11986 12262 12476 12687 13680 13862
moead,513_e-05,6,4,1300,26,29798216.812041,209131.844845,0.081633,0.918367,10424 10671 11212 11225 11483 11580 11675 11771 11800 11986 12262 12476 12687 13680 13862
moead,513_e-05,6,5,1300,26,29759917.204498,206387.769150,0.102041,0.897959,10424 11212 11225 11483 11580 11675 11771 11800 11986 12262 12476 12687 13237 13698 13862
moead,513_e-05,6,6,1300,26,29701622.296097,204600.880203,0.122449,0.877551,11212 11225 11348 11674 11771 12012 12218 12233 12360 12361 12595 12971 13253 13398 14022
moead,513_e-05,6,7,1300,26,29676939.982905,204195.806351,0.142857,0.857143,11212 11225 11355 11674 11771 11789 12012 12218 12233 12360 12361 12595 12971 13253 14022
moead,513_e-05,6,8,1300,26,29676939.982905,204195.806351,0.163265,0.836735,11212 11225 11355 11674 11771 11789 12012 12218 12233 12360 12361 12595 12971 13253 14022
moead,513_e-05,6,9,1300,26,29649345.574248,201137.128677,0.183673,0.816327,11212 11225 11580 11675 11771 11800 11986 12218 12233 12262 12359 12608 13236 13253 13862
moead,513_e-05,6,10,1300,26,29623823.237858,200509.048989,0.204082,0.795918,11212 11225 11674 11771 11789 12012 12218 12233 12360 12361 12595 13253 13398 13540 14022
moead,513_e-05,6,11,1300,26,29623823.237858,200509.048989,0.224490,0.775510,11212 11225 11674 11771 11789 12012 12218 12233 12360 12361 12595 13253 13398 13540 14022
moead,513_e-05,6,12,1300,26,29612582.148110,200080.884614,0.244898,0.755102,11212 11225 11674 11675 11771 11789 12012 12218 12233 12360 12361 12595 12971 13398 14022
moead,513_e-05,6,13,1300,26,29609832.531855,200073.495316,0.265306,0.734694,11212 11225 11674 11675 11771 11789 12012 12218 12233 12360 12361 12595 12971 13253 14022
moead,513_e-05,6,14,1300,26,29592058.764998,196856.038765,0.285714,0.714286,11212 11225 11403 11576 11674 11675 12012 12233 12262 12360 12361 12578 12595 12971 13253
moead,513_e-05,6,15,1300,26,29592058.764998,196856.038765,0.306122,0.693878,11212 11225 11403 11576 11674 11675 12012 12233 12262 12360 12361 12578 12595 12971 13253
moead,513_e-05,6,16,1300,26,29581399.618300,196711.238358,0.326531,0.673469,11212 11225 11674 11675 11771 11789 12012 12218 12233 12262 12360 12361 12595 12971 13253
moead,513_e-05,6,17,1300,26,29577440.911866,196323.097710,0.346939,0.653061,11212 11225 11673 11674 11675 11771 11789 12012 12233 12262 12360 12361 12595 12971 13253
moead,513_e-05,6,18,1300,26,29563323.141449,193022.690411,0.367347,0.632653,11225 11470 11675 11771 11789 11792 11800 11986 12003 12262 12478 12479 12481 12971 13253
moead,513_e-05,6,19,1300,26,29563323.141449,193022.690411,0.387755,0.612245,11225 11470 11675 11771 11789 11792 11800 11986 12003 12262 12478 12479 12481 12971 13253
moead,513_e-05,6,20,1300,26,29563323.141449,193022.690411,0.408163,0.591837,11225 11470 11675 11771 11789 11792 11800 11986 12003 12262 12478 12479 12481 12971 13253
moead,513_e-05,6,21,1300,26,29560128.618293,192591.844233,0.428571,0.571429,11225 11396 11397 11771 11789 11792 11800 11986 12003 12262 12478 12479 12481 12971 13253
moead,513_e-05,6,22,1300,26,29556167.045863,192586.237971,0.448980,0.551020,11225 11396 11580 11675 11771 11792 11800 11986 12003 12233 12262 12479 12481 12971 13253
moead,513_e-05,6,23,1300,26,29542323.990324,192370.618643,0.469388,0.530612,11225 11396 11397 11580 11675 11771 11789 11986 12115 12132 12233 12239 12594 12971 13253
moead,513_e-05,6,24,1300,26,29542323.990324,192370.618643,0.489796,0.510204,11225 11396 11397 11580 11675 11771 11789 11986 12115 12132 12233 12239 12594 12971 13253
moead,513_e-05,6,25,1300,26,29542323.990324,192370.618643,0.510204,0.489796,11225 11396 11397 11580 11675 11771 11789 11986 12115 12132 12233 12239 12594 12971 13253
moead,513_e-05,6,26,1300,26,29541745.580863,192340.553157,0.530612,0.469388,11225 11396 11397 11580 11675 11771 11789 11986 12233 12239 12479 12481 12735 12971 13253
moead,513_e-05,6,27,1300,26,29532404.085080,188458.279256,0.551020,0.448980,11476 11488 11499 11580 11772 11780 11781 11800 11986 12115 12132 12233 12594 12971 13253
moead,513_e-05,6,28,1300,26,29532404.085080,188458.279256,0.571429,0.428571,11476 11488 11499 11580 11772 11780 11781 11800 11986 12115 12132 12233 12594 12971 13253
moead,513_e-05,6,29,1300,26,29532404.085080,188458.279256,0.591837,0.408163,11476 11488 11499 11580 11772 11780 11781 11800 11986 12115 12132 12233 12594 12971 13253
moead,513_e-05,6,30,1300,26,29532404.085080,188458.279256,0.612245,0.387755,11476 11488 11499 11580 11772 11780 11781 11800 11986 12115 12132 12233 12594 12971 13253
moead,513_e-05,6,31,1300,26,29530042.685641,188454.079838,0.632653,0.367347,11476 11499 11580 11675 11772 11780 11781 11800 11986 12115 12132 12233 12594 12971 13253
moead,513_e-05,6,32,1300,26,29519214.161885,188452.966451,0.653061,0.346939,11499 11675 11771 11789 11875 11893 12002 12115 12119 12132 12239 12359 12576 12971 13253
moead,513_e-05,6,33,1300,26,29519214.161885,188452.966451,0.673469,0.326531,11499 11675 11771 11789 11875 11893 12002 12115 12119 12132 12239 12359 12576 12971 13253
moead,513_e-05,6,34,1300,26,29519214.161885,188452.966451,0.693878,0.306122,11499 11675 11771 11789 11875 11893 12002 12115 12119 12132 12239 12359 12576 12971 13253
moead,513_e-05,6,35,1300,26,29519214.161885,188452.966451,0.714286,0.285714,11499 11675 11771 11789 11875 11893 12002 12115 12119 12132 12239 12359 12576 12971 13253
moead,513_e-05,6,36,1300,26,29519214.161885,188452.966451,0.734694,0.265306,11499 11675 11771 11789 11875 11893 12002 12115 12119 12132 12239 12359 12576 12971 13253
moead,513_e-05,6,37,1300,26,29513068.950846,188416.836117,0.755102,0.244898,11499 11675 11771 11786 11789 11875 11893 12002 12115 12119 12132 12239 12359 13253 13530
moead,513_e-05,6,38,1300,26,29513068.950846,188416.836117,0.775510,0.224490,11499 11675 11771 11786 11789 11875 11893 12002 12115 12119 12132 12239 12359 13253 13530
moead,513_e-05,6,39,1300,26,29513068.950846,188416.836117,0.795918,0.204082,11499 11675 11771 11786 11789 11875 11893 12002 12115 12119 12132 12239 12359 13253 13530
moead,513_e-05,6,40,1300,26,29513068.950846,188416.836117,0.816327,0.183673,11499 11675 11771 11786 11789 11875 11893 12002 12115 12119 12132 12239 12359 13253 13530
moead,513_e-05,6,41,1300,26,29508880.862893,188389.242003,0.836735,0.163265,11499 11675 11771 11786 11789 11875 11893 12002 12115 12119 12132 12359 12467 12971 13253
moead,513_e-05,6,42,1300,26,29508880.862893,188389.242003,0.857143,0.142857,11499 11675 11771 11786 11789 11875 11893 12002 12115 12119 12132 12359 12467 12971 13253
moead,513_e-05,6,43,1300,26,29508880.862893,188389.242003,0.877551,0.122449,11499 11675 11771 11786 11789 11875 11893 12002 12115 12119 12132 12359 12467 12971 13253
moead,513_e-05,6,44,1300,26,29504955.517282,188300.354911,0.897959,0.102041,11499 11675 11771 11786 11789 11875 11893 12002 12115 12119 12132 12239 12359 12971 13253
moead,513_e-05,6,45,1300,26,29504955.517282,188300.354911,0.918367,0.081633,11499 11675 11771 11786 11789 11875 11893 12002 12115 12119 12132 12239 12359 12971 13253
moead,513_e-05,6,46,1300,26,29504955.517282,188300.354911,0.938776,0.061224,11499 11675 11771 11786 11789 11875 11893 12002 12115 12119 12132 12239 12359 12971 13253
moead,513_e-05,6,47,1300,26,29504955.517282,188300.354911,0.959184,0.040816,11499 11675 11771 11786 11789 11875 11893 12002 12115 12119 12132 12239 12359 12971 13253
moead,513_e-05,6,48,1300,26,29504955.517282,188300.354911,0.979592,0.020408,11499 11675 11771 11786 11789 11875 11893 12002 12115 12119 12132 12239 12359 12971 13253
moead,513_e-05,6,49,1300,26,29504955.517282,188300.354911,1.000000,0.000000,11499 11675 11771 11786 11789 11875 11893 12002 12115 12119 12132 12239 12359 12971 13253
moead,513_e-05,6,0,1350,27,37625715.187189,236183.260254,0.000000,1.000000,10315 44345 54382 65086 68168 69046 81437 81764 111434 117155 117742 140232 143679 149379 168795
moead,513_e-05,6,1,1350,27,30124397.478560,221756.349915,0.020408,0.979592,10411 10424 11212 11225 11771 11800 11986 12262 12476 12687 13237 14022 14040 14358 67214
moead,513_e-05,6,2,1350,27,29965733.066115,217634.067690,0.040816,0.959184,10411 10424 11212 11225 11675 11771 11800 11986 12262 12476 12687 13237 14022 14040 14358
moead,513_e-05,6,3,1350,27,29845819.135107,213220.437424,0.061224,0.938776,10411 10424 11212 11225 11483 11580 11675 11771 11800 11986 12262 12476 12687 13680 13862
moead,513_e-05,6,4,1350,27,29798216.812041,209131.844845,0.081633,0.918367,10424 10671 11212 11225 11483 11580 11675 11771 11800 11986 12262 12476 12687 13680 13862
moead,513_e-05,6,5,1350,27,29759917.204498,206387.769150,0.102041,0.897959,10424 11212 11225 11483 11580 11675 11771 11800 11986 12262 12476 12687 13237 13698 13862
moead,513_e-05,6,6,1350,27,29726364.395956,205049.666559,0.122449,0.877551,9985 11212 11225 11403 11576 11674 11675 12012 12233 12262 12360 12578 12595 13540 14022
moead,513_e-05,6,7,1350,27,29687126.680295,204604.495287,0.142857,0.857143,11212 11225 11355 11674 11771 11789 12012 12218 12233 12360 12361 12971 13253 13398 14022
moead,513_e-05,6,8,1350,27,29639835.218281,204261.250307,0.163265,0.836735,11212 11225 11403 11576 11674 11675 12012 12233 12262 12360 12361 12578 12595 13540 14022
moead,513_e-05,6,9,1350,27,29639835.218281,204261.250307,0.183673,0.816327,11212 11225 11403 11576 11674 11675 12012 12233 12262 12360 12361 12578 12595 13540 14022
moead,513_e-05,6,10,1350,27,29639835.218281,204261.250307,0.204082,0.795918,11212 11225 11403 11576 11674 11675 12012 12233 12262 12360 12361 12578 12595 13540 14022
moead,513_e-05,6,11,1350,27,29623823.237858,200509.048989,0.224490,0.775510,11212 11225 11674 11771 11789 12012 12218 12233 12360 12361 12595 13253 13398 13540 14022
moead,513_e-05,6,12,1350,27,29612582.148110,200080.884614,0.244898,0.755102,11212 11225 11674 11675 11771 11789 12012 12218 12233 12360 12361 12595 12971 13398 14022
moead,513_e-05,6,13,1350,27,29609832.531855,200073.495316,0.265306,0.734694,11212 11225 11674 11675 11771 11789 12012 12218 12233 12360 12361 12595 12971 13253 14022
moead,513_e-05,6,14,1350,27,29592058.764998,196856.038765,0.285714,0.714286,11212 11225 11403 11576 11674 11675 12012 12233 12262 12360 12361 12578 12595 12971 13253
moead,513_e-05,6,15,1350,27,29592058.764998,196856.038765,0.306122,0.693878,11212 11225 11403 11576 11674 11675 12012 12233 12262 12360 12361 12578 12595 12971 13253
moead,513_e-05,6,16,1350,27,29581399.618300,196711.238358,0.326531,0.673469,11212 11225 11674 11675 11771 11789 12012 12218 12233 12262 12360 12361 12595 12971 13253
moead,513_e-05,6,17,1350,27,29577440.911866,196323.097710,0.346939,0.653061,11212 11225 11673 11674 11675 11771 11789 12012 12233 12262 12360 12361 12595 12971 13253
moead,513_e-05,6,18,1350,27,29562618.327071,195951.187832,0.367347,0.632653,11212 11225 11674 11675 11771 11789 12012 12218 12233 12360 12361 12595 12725 12971 13253
moead,513_e-05,6,19,1350,27,29562618.327071,195951.187832,0.387755,0.612245,11212 11225 11674 11675 11771 11789 12012 12218 12233 12360 12361 12595 12725 12971 13253
moead,513_e-05,6,20,1350,27,29562618.327071,195951.187832,0.408163,0.591837,11212 11225 11674 11675 11771 11789 12012 12218 12233 12360 12361 12595 12725 12971 13253
moead,513_e-05,6,21,1350,27,29560128.618293,192591.844233,0.428571,0.571429,11225 11396 11397 11771 11789 11792 11800 11986 12003 12262 12478 12479 12481 12971 13253
moead,513_e-05,6,22,1350,27,29556167.045863,192586.237971,0.448980,0.551020,11225 11396 11580 11675 11771 11792 11800 11986 12003 12233 12262 12479 12481 12971 13253
moead,513_e-05,6,23,1350,27,29542323.990324,192370.618643,0.469388,0.530612,11225 11396 11397 11580 11675 11771 11789 11986 12115 12132 12233 12239 12594 12971 13253
moead,513_e-05,6,24,1350,27,29542323.990324,192370.618643,0.489796,0.510204,11225 11396 11397 11580 11675 11771 11789 11986 12115 12132 12233 12239 12594 12971 13253
moead,513_e-05,6,25,1350,27,29542323.990324,192370.618643,0.510204,0.489796,11225 11396 11397 11580 11675 11771 11789 11986 12115 12132 12233 12239 12594 12971 13253
moead,513_e-05,6,26,1350,27,29540193.441666,192311.868836,0.530612,0.469388,11225 11396 11397 11580 11771 11789 11986 12233 12239 12479 12481 12735 12842 12971 13253
moead,513_e-05,6,27,1350,27,29540193.441666,192311.868836,0.551020,0.448980,11225 11396 11397 11580 11771 11789 11986 12233 12239 12479 12481 12735 12842 12971 13253
moead,513_e-05,6,28,1350,27,29533478.628236,188715.795615,0.571429,0.428571,11499 11675 11771 11789 11875 11893 12002 12115 12119 12132 12239 12359 12814 12971 13253
moead,513_e-05,6,29,1350,27,29533478.628236,188715.795615,0.591837,0.408163,11499 11675 11771 11789 11875 11893 12002 12115 12119 12132 12239 12359 12814 12971 13253
moead,513_e-05,6,30,1350,27,29526269.461011,188535.869665,0.612245,0.387755,11675 11771 11789 11875 12002 12115 12119 12132 12239 12359 12477 12576 12971 13253 13403
moead,513_e-05,6,31,1350,27,29526269.461011,188535.869665,0.632653,0.367347,11675 11771 11789 11875 12002 12115 12119 12132 12239 12359 12477 12576 12971 13253 13403
moead,513_e-05,6,32,1350,27,29526269.461011,188535.869665,0.653061,0.346939,11675 11771 11789 11875 12002 12115 12119 12132 12239 12359 12477 12576 12971 13253 13403
moead,513_e-05,6,33,1350,27,29514152.778718,188512.673853,0.673469,0.326531,11499 11675 11786 11789 11875 11893 11908 12002 12115 12119 12132 12359 12467 12971 13253
moead,513_e-05,6,34,1350,27,29514152.778718,188512.673853,0.693878,0.306122,11499 11675 11786 11789 11875 11893 11908 12002 12115 12119 12132 12359 12467 12971 13253
moead,513_e-05,6,35,1350,27,29514152.778718,188512.673853,0.714286,0.285714,11499 11675 11786 11789 11875 11893 11908 12002 12115 12119 12132 12359 12467 12971 13253
moead,513_e-05,6,36,1350,27,29514152.778718,188512.673853,0.734694,0.265306,11499 11675 11786 11789 11875 11893 11908 12002 12115 12119 12132 12359 12467 12971 13253
moead,513_e-05,6,37,1350,27,29514152.778718,188512.673853,0.755102,0.244898,11499 11675 11786 11789 11875 11893 11908 12002 12115 12119 12132 12359 12467 12971 13253
moead,513_e-05,6,38,1350,27,29514152.778718,188512.673853,0.775510,0.224490,11499 11675 11786 11789 11875 11893 11908 12002 12115 12119 12132 12359 12467 12971 13253
moead,513_e-05,6,39,1350,27,29514152.778718,188512.673853,0.795918,0.204082,11499 11675 11786 11789 11875 11893 11908 12002 12115 12119 12132 12359 12467 12971 13253
moead,513_e-05,6,40,1350,27,29513068.950846,188416.836117,0.816327,0.183673,11499 11675 11771 11786 11789 11875 11893 12002 12115 12119 12132 12239 12359 13253 13530
moead,513_e-05,6,41,1350,27,29508893.692994,188410.603609,0.836735,0.163265,11492 11499 11675 11786 11789 11875 11893 12002 12115 12119 12132 12359 12467 12971 13253
moead,513_e-05,6,42,1350,27,29508893.692994,188410.603609,0.857143,0.142857,11492 11499 11675 11786 11789 11875 11893 12002 12115 12119 12132 12359 12467 12971 13253
moead,513_e-05,6,43,1350,27,29508893.692994,188410.603609,0.877551,0.122449,11492 11499 11675 11786 11789 11875 11893 12002 12115 12119 12132 12359 12467 12971 13253
moead,513_e-05,6,44,1350,27,29504955.517282,188300.354911,0.897959,0.102041,11499 11675 11771 11786 11789 11875 11893 12002 12115 12119 12132 12239 12359 12971 13253
moead,513_e-05,6,45,1350,27,29504955.517282,188300.354911,0.918367,0.081633,11499 11675 11771 11786 11789 11875 11893 12002 12115 12119 12132 12239 12359 12971 13253
moead,513_e-05,6,46,1350,27,29504955.517282,188300.354911,0.938776,0.061224,11499 11675 11771 11786 11789 11875 11893 12002 12115 12119 12132 12239 12359 12971 13253
moead,513_e-05,6,47,1350,27,29504955.517282,188300.354911,0.959184,0.040816,11499 11675 11771 11786 11789 11875 11893 12002 12115 12119 12132 12239 12359 12971 13253
moead,513_e-05,6,48,1350,27,29504955.517282,188300.354911,0.979592,0.020408,11499 11675 11771 11786 11789 11875 11893 12002 12115 12119 12132 12239 12359 12971 13253
moead,513_e-05,6,49,1350,27,29504955.517282,188300.354911,1.000000,0.000000,11499 11675 11771 11786 11789 11875 11893 12002 12115 12119 12132 12239 12359 12971 13253
moead,513_e-05,6,0,1400,28,36839425.992406,236183.260254,0.000000,1.000000,5410 12149 13862 14040 18960 44345 53473 54382 65086 69046 86663 87183 111434 114400 140232
moead,513_e-05,6,1,1400,28,30124397.478560,221756.349915,0.020408,0.979592,10411 10424 11212 11225 11771 11800 11986 12262 12476 12687 13237 14022 14040 14358 67214
moead,513_e-05,6,2,1400,28,29935525.497525,217230.107300,0.040816,0.959184,10411 10424 11212 11225 11675 11771 11800 11986 12262 12476 12687 13237 13680 13862 14040
moead,513_e-05,6,3,1400,28,29845819.135107,213220.437424,0.061224,0.938776,10411 10424 11212 11225 11483 11580 11675 11771 11800 11986 12262 12476 12687 13680 13862
moead,513_e-05,6,4,1400,28,29792429.767623,212505.349045,0.081633,0.918367,10411 10424 11212 11225 11576 11674 11784 12233 12262 12360 12361 12578 12595 13540 14022
moead,513_e-05,6,5,1400,28,29699608.720661,208383.038010,0.102041,0.897959,10730 11212 11225 11403 11576 11674 11784 12233 12262 12360 12361 12578 12595 13540 14022
moead,513_e-05,6,6,1400,28,29699608.720661,208383.038010,0.122449,0.877551,10730 11212 11225 11403 11576 11674 11784 12233 12262 12360 12361 12578 12595 13540 14022
moead,513_e-05,6,7,1400,28,29687126.680295,204604.495287,0.142857,0.857143,11212 11225 11355 11674 11771 11789 12012 12218 12233 12360 12361 12971 13253 13398 14022
moead,513_e-05,6,8,1400,28,29639835.218281,204261.250307,0.163265,0.836735,11212 11225 11403 11576 11674 11675 12012 12233 12262 12360 12361 12578 12595 13540 14022
moead,513_e-05,6,9,1400,28,29639835.218281,204261.250307,0.183673,0.816327,11212 11225 11403 11576 11674 11675 12012 12233 12262 12360 12361 12578 12595 13540 14022
moead,513_e-05,6,10,1400,28,29629042.675903,200572.491713,0.204082,0.795918,11212 11225 11403 11576 11674 11675 12218 12233 12360 12361 12595 13253 13398 13540 14022
moead,513_e-05,6,11,1400,28,29616979.435774,200478.569168,0.224490,0.775510,11212 11225 11674 11771 11789 12012 12218 12233 12360 12361 12595 12971 13253 13398 14022
moead,513_e-05,6,12,1400,28,29609832.531855,200073.495316,0.244898,0.755102,11212 11225 11674 11675 11771 11789 12012 12218 12233 12360 12361 12595 12971 13253 14022
moead,513_e-05,6,13,1400,28,29592058.764998,196856.038765,0.265306,0.734694,11212 11225 11403 11576 11674 11675 12012 12233 12262 12360 12361 12578 12595 12971 13253
moead,513_e-05,6,14,1400,28,29592058.764998,196856.038765,0.285714,0.714286,11212 11225 11403 11576 11674 11675 12012 12233 12262 12360 12361 12578 12595 12971 13253
moead,513_e-05,6,15,1400,28,29584557.042664,196774.681082,0.306122,0.693878,11212 11225 11576 11579 11674 11675 12012 12218 12233 12262 12360 12361 12595 12971 13253
moead,513_e-05,6,16,1400,28,29577440.911866,196323.097710,0.326531,0.673469,11212 11225 11673 11674 11675 11771 11789 12012 12233 12262 12360 12361 12595 12971 13253
moead,513_e-05,6,17,1400,28,29568397.109724,196080.728035,0.346939,0.653061,11212 11225 11674 11675 11771 12012 12218 12233 12360 12361 12377 12479 12595 12725 13253
moead,513_e-05,6,18,1400,28,29558481.547074,195954.873888,0.367347,0.632653,11212 11225 11675 11684 11771 12012 12218 12233 12360 12361 12479 12595 12725 12971 13253
moead,513_e-05,6,19,1400,28,29558481.547074,195954.873888,0.387755,0.612245,11212 11225 11675 11684 11771 12012 12218 12233 12360 12361 12479 12595 12725 12971 13253
moead,513_e-05,6,20,1400,28,29558481.547074,195954.873888,0.408163,0.591837,11212 11225 11675 11684 11771 12012 12218 12233 12360 12361 12479 12595 12725 12971 13253
moead,513_e-05,6,21,1400,28,29541016.971713,192488.312553,0.428571,0.571429,11225 11397 11580 11675 11771 11789 11986 12115 12132 12233 12239 12461 12594 12971 13253
moead,513_e-05,6,22,1400,28,29541016.971713,192488.312553,0.448980,0.551020,11225 11397 11580 11675 11771 11789 11986 12115 12132 12233 12239 12461 12594 12971 13253
moead,513_e-05,6,23,1400,28,29541016.971713,192488.312553,0.469388,0.530612,11225 11397 11580 11675 11771 11789 11986 12115 12132 12233 12239 12461 12594 12971 13253
moead,513_e-05,6,24,1400,28,29541016.971713,192488.312553,0.489796,0.510204,11225 11397 11580 11675 11771 11789 11986 12115 12132 12233 12239 12461 12594 12971 13253
moead,513_e-05,6,25,1400,28,29541016.971713,192488.312553,0.510204,0.489796,11225 11397 11580 11675 11771 11789 11986 12115 12132 12233 12239 12461 12594 12971 13253
moead,513_e-05,6,26,1400,28,29533478.628236,188715.795615,0.530612,0.469388,11499 11675 11771 11789 11875 11893 12002 12115 12119 12132 12239 12359 12814 12971 13253
moead,513_e-05,6,27,1400,28,29533478.628236,188715.795615,0.551020,0.448980,11499 11675 11771 11789 11875 11893 12002 12115 12119 12132 12239 12359 12814 12971 13253
moead,513_e-05,6,28,1400,28,29526384.238699,188610.228455,0.571429,0.428571,11499 11675 11771 11789 12002 12115 12119 12132 12239 12359 12477 12576 12971 13253 13403
moead,513_e-05,6,29,1400,28,29526384.238699,188610.228455,0.591837,0.408163,11499 11675 11771 11789 12002 12115 12119 12132 12239 12359 12477 12576 12971 13253 13403
moead,513_e-05,6,30,1400,28,29525480.337286,188527.891928,0.612245,0.387755,11499 11675 11786 11875 11893 11908 12002 12115 12119 12132 12359 12467 12971 13090 13253
moead,513_e-05,6,31,1400,28,29514152.778718,188512.673853,0.632653,0.367347,11499 11675 11786 11789 11875 11893 11908 12002 12115 12119 12132 12359 12467 12971 13253
moead,513_e-05,6,32,1400,28,29514152.778718,188512.673853,0.653061,0.346939,11499 11675 11786 11789 11875 11893 11908 12002 12115 12119 12132 12359 12467 12971 13253
moead,513_e-05,6,33,1400,28,29514152.778718,188512.673853,0.673469,0.326531,11499 11675 11786 11789 11875 11893 11908 12002 12115 12119 12132 12359 12467 12971 13253
moead,513_e-05,6,34,1400,28,29514152.778718,188512.673853,0.693878,0.306122,11499 11675 11786 11789 11875 11893 11908 12002 12115 12119 12132 12359 12467 12971 13253
moead,513_e-05,6,35,1400,28,29514152.778718,188512.673853,0.714286,0.285714,11499 11675 11786 11789 11875 11893 11908 12002 12115 12119 12132 12359 12467 12971 13253
moead,513_e-05,6,36,1400,28,29508893.692994,188410.603609,0.734694,0.265306,11492 11499 11675 11786 11789 11875 11893 12002 12115 12119 12132 12359 12467 12971 13253
moead,513_e-05,6,37,1400,28,29508893.692994,188410.603609,0.755102,0.244898,11492 11499 11675 11786 11789 11875 11893 12002 12115 12119 12132 12359 12467 12971 13253
moead,513_e-05,6,38,1400,28,29508893.692994,188410.603609,0.775510,0.224490,11492 11499 11675 11786 11789 11875 11893 12002 12115 12119 12132 12359 12467 12971 13253
moead,513_e-05,6,39,1400,28,29506748.395460,188381.988734,0.795918,0.204082,11771 11786 11789 11875 11893 12002 12115 12119 12132 12239 12359 12479 12971 13253 13377
moead,513_e-05,6,40,1400,28,29498108.488628,188329.393120,0.816327,0.183673,11675 11771 11786 11789 11875 11893 12002 12115 12119 12132 12239 12359 12479 12971 13253
moead,513_e-05,6,41,1400,28,29498108.488628,188329.393120,0.836735,0.163265,11675 11771 11786 11789 11875 11893 12002 12115 12119 12132 12239 12359 12479 12971 13253
moead,513_e-05,6,42,1400,28,29498108.488628,188329.393120,0.857143,0.142857,11675 11771 11786 11789 11875 11893 12002 12115 12119 12132 12239 12359 12479 12971 13253
moead,513_e-05,6,43,1400,28,29498108.488628,188329.393120,0.877551,0.122449,11675 11771 11786 11789 11875 11893 12002 12115 12119 12132 12239 12359 12479 12971 13253
moead,513_e-05,6,44,1400,28,29498108.488628,188329.393120,0.897959,0.102041,11675 11771 11786 11789 11875 11893 12002 12115 12119 12132 12239 12359 12479 12971 13253
moead,513_e-05,6,45,1400,28,29498108.488628,188329.393120,0.918367,0.081633,11675 11771 11786 11789 11875 11893 12002 12115 12119 12132 12239 12359 12479 12971 13253
moead,513_e-05,6,46,1400,28,29498108.488628,188329.393120,0.938776,0.061224,11675 11771 11786 11789 11875 11893 12002 12115 12119 12132 12239 12359 12479 12971 13253
moead,513_e-05,6,47,1400,28,29498108.488628,188329.393120,0.959184,0.040816,11675 11771 11786 11789 11875 11893 12002 12115 12119 12132 12239 12359 12479 12971 13253
moead,513_e-05,6,48,1400,28,29498108.488628,188329.393120,0.979592,0.020408,11675 11771 11786 11789 11875 11893 12002 12115 12119 12132 12239 12359 12479 12971 13253
moead,513_e-05,6,49,1400,28,29498108.488628,188329.393120,1.000000,0.000000,11675 11771 11786 11789 11875 11893 12002 12115 12119 12132 12239 12359 12479 12971 13253
moead,513_e-05,6,0,1450,29,36714731.917029,236183.260254,0.000000,1.000000,12149 13862 14040 44345 54382 63258 67214 69123 86663 92310 114400 140232 143176 144775 179503
moead,513_e-05,6,1,1450,29,30115247.873092,221779.375732,0.020408,0.979592,10411 10424 11212 11771 11800 11986 12262 12476 12687 13237 13540 14022 14040 14358 74859
moead,513_e-05,6,2,1450,29,29931846.642839,217251.575796,0.040816,0.959184,10411 10424 11212 11225 11771 11800 11986 12002 12262 12476 12687 13237 13680 13862 14040
moead,513_e-05,6,3,1450,29,29845819.135107,213220.437424,0.061224,0.938776,10411 10424 11212 11225 11483 11580 11675 11771 11800 11986 12262 12476 12687 13680 13862
moead,513_e-05,6,4,1450,29,29792429.767623,212505.349045,0.081633,0.918367,10411 10424 11212 11225 11576 11674 11784 12233 12262 12360 12361 12578 12595 13540 14022
moead,513_e-05,6,5,1450,29,29699608.720661,208383.038010,0.102041,0.897959,10730 11212 11225 11403 11576 11674 11784 12233 12262 12360 12361 12578 12595 13540 14022
moead,513_e-05,6,6,1450,29,29693259.438675,207778.442256,0.122449,0.877551,10730 11212 11225 11403 11674 11784 12233 12262 12360 12361 12480 12578 12595 13540 14022
moead,513_e-05,6,7,1450,29,29659552.412093,204289.345242,0.142857,0.857143,11077 11212 11225 11403 11576 11674 11675 12012 12233 12262 12361 12578 12595 13540 14022
moead,513_e-05,6,8,1450,29,29639835.218281,204261.250307,0.163265,0.836735,11212 11225 11403 11576 11674 11675 12012 12233 12262 12360 12361 12578 12595 13540 14022
moead,513_e-05,6,9,1450,29,29639835.218281,204261.250307,0.183673,0.816327,11212 11225 11403 11576 11674 11675 12012 12233 12262 12360 12361 12578 12595 13540 14022
moead,513_e-05,6,10,1450,29,29629042.675903,200572.491713,0.204082,0.795918,11212 11225 11403 11576 11674 11675 12218 12233 12360 12361 12595 13253 13398 13540 14022
moead,513_e-05,6,11,1450,29,29616979.435774,200478.569168,0.224490,0.775510,11212 11225 11674 11771 11789 12012 12218 12233 12360 12361 12595 12971 13253 13398 14022
moead,513_e-05,6,12,1450,29,29609832.531855,200073.495316,0.244898,0.755102,11212 11225 11674 11675 11771 11789 12012 12218 12233 12360 12361 12595 12971 13253 14022
moead,513_e-05,6,13,1450,29,29592058.764998,196856.038765,0.265306,0.734694,11212 11225 11403 11576 11674 11675 12012 12233 12262 12360 12361 12578 12595 12971 13253
moead,513_e-05,6,14,1450,29,29592058.764998,196856.038765,0.285714,0.714286,11212 11225 11403 11576 11674 11675 12012 12233 12262 12360 12361 12578 12595 12971 13253
moead,513_e-05,6,15,1450,29,29581111.555341,196695.155339,0.306122,0.693878,11212 11225 11576 11579 11674 11675 12012 12218 12233 12240 12262 12360 12361 12595 13253
moead,513_e-05,6,16,1450,29,29562524.261863,196175.205689,0.326531,0.673469,11212 11225 11673 11674 11675 11771 11789 12233 12360 12361 12377 12479 12595 12725 13253
moead,513_e-05,6,17,1450,29,29562524.261863,196175.205689,0.346939,0.653061,11212 11225 11673 11674 11675 11771 11789 12233 12360 12361 12377 12479 12595 12725 13253
moead,513_e-05,6,18,1450,29,29562524.261863,196175.205689,0.367347,0.632653,11212 11225 11673 11674 11675 11771 11789 12233 12360 12361 12377 12479 12595 12725 13253
moead,513_e-05,6,19,1450,29,29558481.547074,195954.873888,0.387755,0.612245,11212 11225 11675 11684 11771 12012 12218 12233 12360 12361 12479 12595 12725 12971 13253
moead,513_e-05,6,20,1450,29,29541016.971713,192488.312553,0.408163,0.591837,11225 11397 11580 11675 11771 11789 11986 12115 12132 12233 12239 12461 12594 12971 13253
moead,513_e-05,6,21,1450,29,29541016.971713,192488.312553,0.428571,0.571429,11225 11397 11580 11675 11771 11789 11986 12115 12132 12233 12239 12461 12594 12971 13253
moead,513_e-05,6,22,1450,29,29541016.971713,192488.312553,0.448980,0.551020,11225 11397 11580 11675 11771 11789 11986 12115 12132 12233 12239 12461 12594 12971 13253
moead,513_e-05,6,23,1450,29,29541016.971713,192488.312553,0.469388,0.530612,11225 11397 11580 11675 11771 11789 11986 12115 12132 12233 12239 12461 12594 12971 13253
moead,513_e-05,6,24,1450,29,29529792.085741,192453.676460,0.489796,0.510204,11499 11786 11875 11893 11908 12002 12091 12115 12119 12132 12343 12359 12467 12971 13253
moead,513_e-05,6,25,1450,29,29529792.085741,192453.676460,0.510204,0.489796,11499 11786 11875 11893 11908 12002 12091 12115 12119 12132 12343 12359 12467 12971 13253
moead,513_e-05,6,26,1450,29,29529792.085741,192453.676460,0.530612,0.469388,11499 11786 11875 11893 11908 12002 12091 12115 12119 12132 12343 12359 12467 12971 13253
moead,513_e-05,6,27,1450,29,29529792.085741,192453.676460,0.551020,0.448980,11499 11786 11875 11893 11908 12002 12091 12115 12119 12132 12343 12359 12467 12971 13253
moead,513_e-05,6,28,1450,29,29527881.368247,192341.665926,0.571429,0.428571,11499 11655 11675 11786 11789 11875 11893 11908 12002 12115 12119 12132 12359 12467 12971
moead,513_e-05,6,29,1450,29,29526384.238699,188610.228455,0.591837,0.408163,11499 11675 11771 11789 12002 12115 12119 12132 12239 12359 12477 12576 12971 13253 13403
moead,513_e-05,6,30,1450,29,29514152.778718,188512.673853,0.612245,0.387755,11499 11675 11786 11789 11875 11893 11908 12002 12115 12119 12132 12359 12467 12971 13253
moead,513_e-05,6,31,1450,29,29514152.778718,188512.673853,0.632653,0.367347,11499 11675 11786 11789 11875 11893 11908 12002 12115 12119 12132 12359 12467 12971 13253
moead,513_e-05,6,32,1450,29,29514152.778718,188512.673853,0.653061,0.346939,11499 11675 11786 11789 11875 11893 11908 12002 12115 12119 12132 12359 12467 12971 13253
moead,513_e-05,6,33,1450,29,29514152.778718,188512.673853,0.673469,0.326531,11499 11675 11786 11789 11875 11893 11908 12002 12115 12119 12132 12359 12467 12971 13253
moead,513_e-05,6,34,1450,29,29514152.778718,188512.673853,0.693878,0.306122,11499 11675 11786 11789 11875 11893 11908 12002 12115 12119 12132 12359 12467 12971 13253
moead,513_e-05,6,35,1450,29,29508893.692994,188410.603609,0.714286,0.285714,11492 11499 11675 11786 11789 11875 11893 12002 12115 12119 12132 12359 12467 12971 13253
moead,513_e-05,6,36,1450,29,29508893.692994,188410.603609,0.734694,0.265306,11492 11499 11675 11786 11789 11875 11893 12002 12115 12119 12132 12359 12467 12971 13253
moead,513_e-05,6,37,1450,29,29508893.692994,188410.603609,0.755102,0.244898,11492 11499 11675 11786 11789 11875 11893 12002 12115 12119 12132 12359 12467 12971 13253
moead,513_e-05,6,38,1450,29,29506748.395460,188381.988734,0.775510,0.224490,11771 11786 11789 11875 11893 12002 12115 12119 12132 12239 12359 12479 12971 13253 13377
moead,513_e-05,6,39,1450,29,29506748.395460,188381.988734,0.795918,0.204082,11771 11786 11789 11875 11893 12002 12115 12119 12132 12239 12359 12479 12971 13253 13377
moead,513_e-05,6,40,1450,29,29498108.488628,188329.393120,0.816327,0.183673,11675 11771 11786 11789 11875 11893 12002 12115 12119 12132 12239 12359 12479 12971 13253
moead,513_e-05,6,41,1450,29,29498108.488628,188329.393120,0.836735,0.163265,11675 11771 11786 11789 11875 11893 12002 12115 12119 12132 12239 12359 12479 12971 13253
moead,513_e-05,6,42,1450,29,29498108.488628,188329.393120,0.857143,0.142857,11675 11771 11786 11789 11875 11893 12002 12115 12119 12132 12239 12359 12479 12971 13253
moead,513_e-05,6,43,1450,29,29498108.488628,188329.393120,0.877551,0.122449,11675 11771 11786 11789 11875 11893 12002 12115 12119 12132 12239 12359 12479 12971 13253
moead,513_e-05,6,44,1450,29,29498108.488628,188329.393120,0.897959,0.102041,11675 11771 11786 11789 11875 11893 12002 12115 12119 12132 12239 12359 12479 12971 13253
moead,513_e-05,6,45,1450,29,29498108.488628,188329.393120,0.918367,0.081633,11675 11771 11786 11789 11875 11893 12002 12115 12119 12132 12239 12359 12479 12971 13253
moead,513_e-05,6,46,1450,29,29498108.488628,188329.393120,0.938776,0.061224,11675 11771 11786 11789 11875 11893 12002 12115 12119 12132 12239 12359 12479 12971 13253
moead,513_e-05,6,47,1450,29,29498108.488628,188329.393120,0.959184,0.040816,11675 11771 11786 11789 11875 11893 12002 12115 12119 12132 12239 12359 12479 12971 13253
moead,513_e-05,6,48,1450,29,29498108.488628,188329.393120,0.979592,0.020408,11675 11771 11786 11789 11875 11893 12002 12115 12119 12132 12239 12359 12479 12971 13253
moead,513_e-05,6,49,1450,29,29498108.488628,188329.393120,1.000000,0.000000,11675 11771 11786 11789 11875 11893 12002 12115 12119 12132 12239 12359 12479 12971 13253
moead,513_e-05,6,0,1500,30,37435120.350738,236183.260254,0.000000,1.000000,12149 13862 18864 44345 48526 69123 92310 101826 114400 118384 118621 126354 126954 134360 140232
moead,513_e-05,6,1,1500,30,30115247.873092,221779.375732,0.020408,0.979592,10411 10424 11212 11771 11800 11986 12262 12476 12687 13237 13540 14022 14040 14358 74859
moead,513_e-05,6,2,1500,30,29931846.642839,217251.575796,0.040816,0.959184,10411 10424 11212 11225 11771 11800 11986 12002 12262 12476 12687 13237 13680 13862 14040
moead,513_e-05,6,3,1500,30,29845819.135107,213220.437424,0.061224,0.938776,10411 10424 11212 11225 11483 11580 11675 11771 11800 11986 12262 12476 12687 13680 13862
moead,513_e-05,6,4,1500,30,29783865.137797,212505.349045,0.081633,0.918367,10730 11212 11225 11403 11576 11674 11784 12233 12262 12360 12578 12595 13540 14022 15109
moead,513_e-05,6,5,1500,30,29699608.720661,208383.038010,0.102041,0.897959,10730 11212 11225 11403 11576 11674 11784 12233 12262 12360 12361 12578 12595 13540 14022
moead,513_e-05,6,6,1500,30,29693259.438675,207778.442256,0.122449,0.877551,10730 11212 11225 11403 11674 11784 12233 12262 12360 12361 12480 12578 12595 13540 14022
moead,513_e-05,6,7,1500,30,29646854.521533,204289.409968,0.142857,0.857143,11212 11225 11403 11576 11674 11675 11694 12012 12233 12262 12360 12578 12595 13540 14022
moead,513_e-05,6,8,1500,30,29646854.521533,204289.409968,0.163265,0.836735,11212 11225 11403 11576 11674 11675 11694 12012 12233 12262 12360 12578 12595 13540 14022
moead,513_e-05,6,9,1500,30,29639835.218281,204261.250307,0.183673,0.816327,11212 11225 11403 11576 11674 11675 12012 12233 12262 12360 12361 12578 12595 13540 14022
moead,513_e-05,6,10,1500,30,29629042.675903,200572.491713,0.204082,0.795918,11212 11225 11403 11576 11674 11675 12218 12233 12360 12361 12595 13253 13398 13540 14022
moead,513_e-05,6,11,1500,30,29616979.435774,200478.569168,0.224490,0.775510,11212 11225 11674 11771 11789 12012 12218 12233 12360 12361 12595 12971 13253 13398 14022
moead,513_e-05,6,12,1500,30,29609832.531855,200073.495316,0.244898,0.755102,11212 11225 11674 11675 11771 11789 12012 12218 12233 12360 12361 12595 12971 13253 14022
moead,513_e-05,6,13,1500,30,29592058.764998,196856.038765,0.265306,0.734694,11212 11225 11403 11576 11674 11675 12012 12233 12262 12360 12361 12578 12595 12971 13253
moead,513_e-05,6,14,1500,30,29592058.764998,196856.038765,0.285714,0.714286,11212 11225 11403 11576 11674 11675 12012 12233 12262 12360 12361 12578 12595 12971 13253
moead,513_e-05,6,15,1500,30,29581111.555341,196695.155339,0.306122,0.693878,11212 11225 11576 11579 11674 11675 12012 12218 12233 12240 12262 12360 12361 12595 13253
moead,513_e-05,6,16,1500,30,29577110.692080,196690.177855,0.326531,0.673469,11212 11225 11576 11579 11675 11997 12012 12218 12233 12240 12262 12360 12361 12595 13253
moead,513_e-05,6,17,1500,30,29562524.261863,196175.205689,0.346939,0.653061,11212 11225 11673 11674 11675 11771 11789 12233 12360 12361 12377 12479 12595 12725 13253
moead,513_e-05,6,18,1500,30,29562524.261863,196175.205689,0.367347,0.632653,11212 11225 11673 11674 11675 11771 11789 12233 12360 12361 12377 12479 12595 12725 13253
moead,513_e-05,6,19,1500,30,29558481.547074,195954.873888,0.387755,0.612245,11212 11225 11675 11684 11771 12012 12218 12233 12360 12361 12479 12595 12725 12971 13253
moead,513_e-05,6,20,1500,30,29547720.817500,192529.741221,0.408163,0.591837,11225 11397 11580 11675 11771 11789 11986 12115 12132 12233 12239 12252 12461 12971 13253
moead,513_e-05,6,21,1500,30,29547720.817500,192529.741221,0.428571,0.571429,11225 11397 11580 11675 11771 11789 11986 12115 12132 12233 12239 12252 12461 12971 13253
moead,513_e-05,6,22,1500,30,29547720.817500,192529.741221,0.448980,0.551020,11225 11397 11580 11675 11771 11789 11986 12115 12132 12233 12239 12252 12461 12971 13253
moead,513_e-05,6,23,1500,30,29541016.971713,192488.312553,0.469388,0.530612,11225 11397 11580 11675 11771 11789 11986 12115 12132 12233 12239 12461 12594 12971 13253
moead,513_e-05,6,24,1500,30,29529792.085741,192453.676460,0.489796,0.510204,11499 11786 11875 11893 11908 12002 12091 12115 12119 12132 12343 12359 12467 12971 13253
moead,513_e-05,6,25,1500,30,29529792.085741,192453.676460,0.510204,0.489796,11499 11786 11875 11893 11908 12002 12091 12115 12119 12132 12343 12359 12467 12971 13253
moead,513_e-05,6,26,1500,30,29529792.085741,192453.676460,0.530612,0.469388,11499 11786 11875 11893 11908 12002 12091 12115 12119 12132 12343 12359 12467 12971 13253
moead,513_e-05,6,27,1500,30,29529792.085741,192453.676460,0.551020,0.448980,11499 11786 11875 11893 11908 12002 12091 12115 12119 12132 12343 12359 12467 12971 13253
moead,513_e-05,6,28,1500,30,29527881.368247,192341.665926,0.571429,0.428571,11499 11655 11675 11786 11789 11875 11893 11908 12002 12115 12119 12132 12359 12467 12971
moead,513_e-05,6,29,1500,30,29526384.238699,188610.228455,0.591837,0.408163,11499 11675 11771 11789 12002 12115 12119 12132 12239 12359 12477 12576 12971 13253 13403
moead,513_e-05,6,30,1500,30,29514152.778718,188512.673853,0.612245,0.387755,11499 11675 11786 11789 11875 11893 11908 12002 12115 12119 12132 12359 12467 12971 13253
moead,513_e-05,6,31,1500,30,29514152.778718,188512.673853,0.632653,0.367347,11499 11675 11786 11789 11875 11893 11908 12002 12115 12119 12132 12359 12467 12971 13253
moead,513_e-05,6,32,1500,30,29514152.778718,188512.673853,0.653061,0.346939,11499 11675 11786 11789 11875 11893 11908 12002 12115 12119 12132 12359 12467 12971 13253
moead,513_e-05,6,33,1500,30,29514152.778718,188512.673853,0.673469,0.326531,11499 11675 11786 11789 11875 11893 11908 12002 12115 12119 12132 12359 12467 12971 13253
moead,513_e-05,6,34,1500,30,29514152.778718,188512.673853,0.693878,0.306122,11499 11675 11786 11789 11875 11893 11908 12002 12115 12119 12132 12359 12467 12971 13253
moead,513_e-05,6,35,1500,30,29508893.692994,188410.603609,0.714286,0.285714,11492 11499 11675 11786 11789 11875 11893 12002 12115 12119 12132 12359 12467 12971 13253
moead,513_e-05,6,36,1500,30,29508893.692994,188410.603609,0.734694,0.265306,11492 11499 11675 11786 11789 11875 11893 12002 12115 12119 12132 12359 12467 12971 13253
moead,513_e-05,6,37,1500,30,29508893.692994,188410.603609,0.755102,0.244898,11492 11499 11675 11786 11789 11875 11893 12002 12115 12119 12132 12359 12467 12971 13253
moead,513_e-05,6,38,1500,30,29506748.395460,188381.988734,0.775510,0.224490,11771 11786 11789 11875 11893 12002 12115 12119 12132 12239 12359 12479 12971 13253 13377
moead,513_e-05,6,39,1500,30,29506748.395460,188381.988734,0.795918,0.204082,11771 11786 11789 11875 11893 12002 12115 12119 12132 12239 12359 12479 12971 13253 13377
moead,513_e-05,6,40,1500,30,29498108.488628,188329.393120,0.816327,0.183673,11675 11771 11786 11789 11875 11893 12002 12115 12119 12132 12239 12359 12479 12971 13253
moead,513_e-05,6,41,1500,30,29498108.488628,188329.393120,0.836735,0.163265,11675 11771 11786 11789 11875 11893 12002 12115 12119 12132 12239 12359 12479 12971 13253
moead,513_e-05,6,42,1500,30,29498108.488628,188329.393120,0.857143,0.142857,11675 11771 11786 11789 11875 11893 12002 12115 12119 12132 12239 12359 12479 12971 13253
moead,513_e-05,6,43,1500,30,29498108.488628,188329.393120,0.877551,0.122449,11675 11771 11786 11789 11875 11893 12002 12115 12119 12132 12239 12359 12479 12971 13253
moead,513_e-05,6,44,1500,30,29498108.488628,188329.393120,0.897959,0.102041,11675 11771 11786 11789 11875 11893 12002 12115 12119 12132 12239 12359 12479 12971 13253
moead,513_e-05,6,45,1500,30,29498108.488628,188329.393120,0.918367,0.081633,11675 11771 11786 11789 11875 11893 12002 12115 12119 12132 12239 12359 12479 12971 13253
moead,513_e-05,6,46,1500,30,29498108.488628,188329.393120,0.938776,0.061224,11675 11771 11786 11789 11875 11893 12002 12115 12119 12132 12239 12359 12479 12971 13253
moead,513_e-05,6,47,1500,30,29498108.488628,188329.393120,0.959184,0.040816,11675 11771 11786 11789 11875 11893 12002 12115 12119 12132 12239 12359 12479 12971 13253
moead,513_e-05,6,48,1500,30,29498108.488628,188329.393120,0.979592,0.020408,11675 11771 11786 11789 11875 11893 12002 12115 12119 12132 12239 12359 12479 12971 13253
moead,513_e-05,6,49,1500,30,29498108.488628,188329.393120,1.000000,0.000000,11675 11771 11786 11789 11875 11893 12002 12115 12119 12132 12239 12359 12479 12971 13253
moead,513_e-05,6,0,1550,31,36790142.489958,236183.260254,0.000000,1.000000,14022 18864 32828 41075 48526 51239 58507 69123 92310 112597 114400 126354 134360 140232 146698
moead,513_e-05,6,1,1550,31,30112366.071276,221779.375732,0.020408,0.979592,10411 10424 11212 11771 11800 11986 12262 12476 12687 13237 13540 14022 14040 14358 67214
moead,513_e-05,6,2,1550,31,29931846.642839,217251.575796,0.040816,0.959184,10411 10424 11212 11225 11771 11800 11986 12002 12262 12476 12687 13237 13680 13862 14040
moead,513_e-05,6,3,1550,31,29845819.135107,213220.437424,0.061224,0.938776,10411 10424 11212 11225 11483 11580 11675 11771 11800 11986 12262 12476 12687 13680 13862
moead,513_e-05,6,4,1550,31,29783865.137797,212505.349045,0.081633,0.918367,10730 11212 11225 11403 11576 11674 11784 12233 12262 12360 12578 12595 13540 14022 15109
moead,513_e-05,6,5,1550,31,29737561.857980,208828.581484,0.102041,0.897959,10730 11212 11225 11576 11580 11674 11784 12233 12262 12360 12578 12595 13540 14022 14882
moead,513_e-05,6,6,1550,31,29693259.438675,207778.442256,0.122449,0.877551,10730 11212 11225 11403 11674 11784 12233 12262 12360 12361 12480 12578 12595 13540 14022
moead,513_e-05,6,7,1550,31,29683411.929588,204706.281914,0.142857,0.857143,11212 11225 11403 11576 11674 11675 11694 12233 12262 12360 12578 12595 13540 14022 14882
moead,513_e-05,6,8,1550,31,29646854.521533,204289.409968,0.163265,0.836735,11212 11225 11403 11576 11674 11675 11694 12012 12233 12262 12360 12578 12595 13540 14022
moead,513_e-05,6,9,1550,31,29639835.218281,204261.250307,0.183673,0.816327,11212 11225 11403 11576 11674 11675 12012 12233 12262 12360 12361 12578 12595 13540 14022
moead,513_e-05,6,10,1550,31,29629042.675903,200572.491713,0.204082,0.795918,11212 11225 11403 11576 11674 11675 12218 12233 12360 12361 12595 13253 13398 13540 14022
moead,513_e-05,6,11,1550,31,29616979.435774,200478.569168,0.224490,0.775510,11212 11225 11674 11771 11789 12012 12218 12233 12360 12361 12595 12971 13253 13398 14022
moead,513_e-05,6,12,1550,31,29609832.531855,200073.495316,0.244898,0.755102,11212 11225 11674 11675 11771 11789 12012 12218 12233 12360 12361 12595 12971 13253 14022
moead,513_e-05,6,13,1550,31,29592058.764998,196856.038765,0.265306,0.734694,11212 11225 11403 11576 11674 11675 12012 12233 12262 12360 12361 12578 12595 12971 13253
moead,513_e-05,6,14,1550,31,29592058.764998,196856.038765,0.285714,0.714286,11212 11225 11403 11576 11674 11675 12012 12233 12262 12360 12361 12578 12595 12971 13253
moead,513_e-05,6,15,1550,31,29581111.555341,196695.155339,0.306122,0.693878,11212 11225 11576 11579 11674 11675 12012 12218 12233 12240 12262 12360 12361 12595 13253
moead,513_e-05,6,16,1550,31,29577110.692080,196690.177855,0.326531,0.673469,11212 11225 11576 11579 11675 11997 12012 12218 12233 12240 12262 12360 12361 12595 13253
moead,513_e-05,6,17,1550,31,29562524.261863,196175.205689,0.346939,0.653061,11212 11225 11673 11674 11675 11771 11789 12233 12360 12361 12377 12479 12595 12725 13253
moead,513_e-05,6,18,1550,31,29562524.261863,196175.205689,0.367347,0.632653,11212 11225 11673 11674 11675 11771 11789 12233 12360 12361 12377 12479 12595 12725 13253
moead,513_e-05,6,19,1550,31,29558481.547074,195954.873888,0.387755,0.612245,11212 11225 11675 11684 11771 12012 12218 12233 12360 12361 12479 12595 12725 12971 13253
moead,513_e-05,6,20,1550,31,29547720.817500,192529.741221,0.408163,0.591837,11225 11397 11580 11675 11771 11789 11986 12115 12132 12233 12239 12252 12461 12971 13253
moead,513_e-05,6,21,1550,31,29547720.817500,192529.741221,0.428571,0.571429,11225 11397 11580 11675 11771 11789 11986 12115 12132 12233 12239 12252 12461 12971 13253
moead,513_e-05,6,22,1550,31,29547720.817500,192529.741221,0.448980,0.551020,11225 11397 11580 11675 11771 11789 11986 12115 12132 12233 12239 12252 12461 12971 13253
moead,513_e-05,6,23,1550,31,29541016.971713,192488.312553,0.469388,0.530612,11225 11397 11580 11675 11771 11789 11986 12115 12132 12233 12239 12461 12594 12971 13253
moead,513_e-05,6,24,1550,31,29529792.085741,192453.676460,0.489796,0.510204,11499 11786 11875 11893 11908 12002 12091 12115 12119 12132 12343 12359 12467 12971 13253
moead,513_e-05,6,25,1550,31,29529792.085741,192453.676460,0.510204,0.489796,11499 11786 11875 11893 11908 12002 12091 12115 12119 12132 12343 12359 12467 12971 13253
moead,513_e-05,6,26,1550,31,29529792.085741,192453.676460,0.530612,0.469388,11499 11786 11875 11893 11908 12002 12091 12115 12119 12132 12343 12359 12467 12971 13253
moead,513_e-05,6,27,1550,31,29529792.085741,192453.676460,0.551020,0.448980,11499 11786 11875 11893 11908 12002 12091 12115 12119 12132 12343 12359 12467 12971 13253
moead,513_e-05,6,28,1550,31,29527881.368247,192341.665926,0.571429,0.428571,11499 11655 11675 11786 11789 11875 11893 11908 12002 12115 12119 12132 12359 12467 12971
moead,513_e-05,6,29,1550,31,29526384.238699,188610.228455,0.591837,0.408163,11499 11675 11771 11789 12002 12115 12119 12132 12239 12359 12477 12576 12971 13253 13403
moead,513_e-05,6,30,1550,31,29514152.778718,188512.673853,0.612245,0.387755,11499 11675 11786 11789 11875 11893 11908 12002 12115 12119 12132 12359 12467 12971 13253
moead,513_e-05,6,31,1550,31,29514152.778718,188512.673853,0.632653,0.367347,11499 11675 11786 11789 11875 11893 11908 12002 12115 12119 12132 12359 12467 12971 13253
moead,513_e-05,6,32,1550,31,29514152.778718,188512.673853,0.653061,0.346939,11499 11675 11786 11789 11875 11893 11908 12002 12115 12119 12132 12359 12467 12971 13253
moead,513_e-05,6,33,1550,31,29514152.778718,188512.673853,0.673469,0.326531,11499 11675 11786 11789 11875 11893 11908 12002 12115 12119 12132 12359 12467 12971 13253
moead,513_e-05,6,34,1550,31,29514152.778718,188512.673853,0.693878,0.306122,11499 11675 11786 11789 11875 11893 11908 12002 12115 12119 12132 12359 12467 12971 13253
moead,513_e-05,6,35,1550,31,29508893.692994,188410.603609,0.714286,0.285714,11492 11499 11675 11786 11789 11875 11893 12002 12115 12119 12132 12359 12467 12971 13253
moead,513_e-05,6,36,1550,31,29508893.692994,188410.603609,0.734694,0.265306,11492 11499 11675 11786 11789 11875 11893 12002 12115 12119 12132 12359 12467 12971 13253
moead,513_e-05,6,37,1550,31,29508893.692994,188410.603609,0.755102,0.244898,11492 11499 11675 11786 11789 11875 11893 12002 12115 12119 12132 12359 12467 12971 13253
moead,513_e-05,6,38,1550,31,29506748.395460,188381.988734,0.775510,0.224490,11771 11786 11789 11875 11893 12002 12115 12119 12132 12239 12359 12479 12971 13253 13377
moead,513_e-05,6,39,1550,31,29506748.395460,188381.988734,0.795918,0.204082,11771 11786 11789 11875 11893 12002 12115 12119 12132 12239 12359 12479 12971 13253 13377
moead,513_e-05,6,40,1550,31,29498108.488628,188329.393120,0.816327,0.183673,11675 11771 11786 11789 11875 11893 12002 12115 12119 12132 12239 12359 12479 12971 13253
moead,513_e-05,6,41,1550,31,29498108.488628,188329.393120,0.836735,0.163265,11675 11771 11786 11789 11875 11893 12002 12115 12119 12132 12239 12359 12479 12971 13253
moead,513_e-05,6,42,1550,31,29498108.488628,188329.393120,0.857143,0.142857,11675 11771 11786 11789 11875 11893 12002 12115 12119 12132 12239 12359 12479 12971 13253
moead,513_e-05,6,43,1550,31,29498108.488628,188329.393120,0.877551,0.122449,11675 11771 11786 11789 11875 11893 12002 12115 12119 12132 12239 12359 12479 12971 13253
moead,513_e-05,6,44,1550,31,29498108.488628,188329.393120,0.897959,0.102041,11675 11771 11786 11789 11875 11893 12002 12115 12119 12132 12239 12359 12479 12971 13253
moead,513_e-05,6,45,1550,31,29498108.488628,188329.393120,0.918367,0.081633,11675 11771 11786 11789 11875 11893 12002 12115 12119 12132 12239 12359 12479 12971 13253
moead,513_e-05,6,46,1550,31,29496033.427127,187733.047295,0.938776,0.061224,11497 11675 11771 11786 11789 11875 11893 12002 12115 12119 12239 12359 12479 12971 13253
moead,513_e-05,6,47,1550,31,29496033.427127,187733.047295,0.959184,0.040816,11497 11675 11771 11786 11789 11875 11893 12002 12115 12119 12239 12359 12479 12971 13253
moead,513_e-05,6,48,1550,31,29496033.427127,187733.047295,0.979592,0.020408,11497 11675 11771 11786 11789 11875 11893 12002 12115 12119 12239 12359 12479 12971 13253
moead,513_e-05,6,49,1550,31,29496033.427127,187733.047295,1.000000,0.000000,11497 11675 11771 11786 11789 11875 11893 12002 12115 12119 12239 12359 12479 12971 13253
moead,513_e-05,6,0,1600,32,36392204.512025,236183.260254,0.000000,1.000000,15109 18864 32828 41075 43237 48526 51239 58507 68015 92310 114400 126354 140232 150146 179261
moead,513_e-05,6,1,1600,32,30176262.190453,221779.375732,0.020408,0.979592,10424 11212 11518 11771 11800 11986 12262 12476 12687 13237 13540 14022 14040 14358 24431
moead,513_e-05,6,2,1600,32,29931846.642839,217251.575796,0.040816,0.959184,10411 10424 11212 11225 11771 11800 11986 12002 12262 12476 12687 13237 13680 13862 14040
moead,513_e-05,6,3,1600,32,29845819.135107,213220.437424,0.061224,0.938776,10411 10424 11212 11225 11483 11580 11675 11771 11800 11986 12262 12476 12687 13680 13862
moead,513_e-05,6,4,1600,32,29780841.073302,212505.349045,0.081633,0.918367,10730 11212 11225 11576 11580 11674 11784 12233 12262 12360 12578 12595 13540 14022 15109
moead,513_e-05,6,5,1600,32,29737561.857980,208828.581484,0.102041,0.897959,10730 11212 11225 11576 11580 11674 11784 12233 12262 12360 12578 12595 13540 14022 14882
moead,513_e-05,6,6,1600,32,29693259.438675,207778.442256,0.122449,0.877551,10730 11212 11225 11403 11674 11784 12233 12262 12360 12361 12480 12578 12595 13540 14022
moead,513_e-05,6,7,1600,32,29683411.929588,204706.281914,0.142857,0.857143,11212 11225 11403 11576 11674 11675 11694 12233 12262 12360 12578 12595 13540 14022 14882
moead,513_e-05,6,8,1600,32,29646854.521533,204289.409968,0.163265,0.836735,11212 11225 11403 11576 11674 11675 11694 12012 12233 12262 12360 12578 12595 13540 14022
moead,513_e-05,6,9,1600,32,29639835.218281,204261.250307,0.183673,0.816327,11212 11225 11403 11576 11674 11675 12012 12233 12262 12360 12361 12578 12595 13540 14022
moead,513_e-05,6,10,1600,32,29629042.675903,200572.491713,0.204082,0.795918,11212 11225 11403 11576 11674 11675 12218 12233 12360 12361 12595 13253 13398 13540 14022
moead,513_e-05,6,11,1600,32,29616979.435774,200478.569168,0.224490,0.775510,11212 11225 11674 11771 11789 12012 12218 12233 12360 12361 12595 12971 13253 13398 14022
moead,513_e-05,6,12,1600,32,29609832.531855,200073.495316,0.244898,0.755102,11212 11225 11674 11675 11771 11789 12012 12218 12233 12360 12361 12595 12971 13253 14022
moead,513_e-05,6,13,1600,32,29592058.764998,196856.038765,0.265306,0.734694,11212 11225 11403 11576 11674 11675 12012 12233 12262 12360 12361 12578 12595 12971 13253
moead,513_e-05,6,14,1600,32,29592058.764998,196856.038765,0.285714,0.714286,11212 11225 11403 11576 11674 11675 12012 12233 12262 12360 12361 12578 12595 12971 13253
moead,513_e-05,6,15,1600,32,29581111.555341,196695.155339,0.306122,0.693878,11212 11225 11576 11579 11674 11675 12012 12218 12233 12240 12262 12360 12361 12595 13253
moead,513_e-05,6,16,1600,32,29570750.956800,196517.022956,0.326531,0.673469,11212 11225 11675 11684 11771 12012 12218 12233 12360 12361 12595 12725 12862 12971 13253
moead,513_e-05,6,17,1600,32,29562524.261863,196175.205689,0.346939,0.653061,11212 11225 11673 11674 11675 11771 11789 12233 12360 12361 12377 12479 12595 12725 13253
moead,513_e-05,6,18,1600,32,29562524.261863,196175.205689,0.367347,0.632653,11212 11225 11673 11674 11675 11771 11789 12233 12360 12361 12377 12479 12595 12725 13253
moead,513_e-05,6,19,1600,32,29558481.547074,195954.873888,0.387755,0.612245,11212 11225 11675 11684 11771 12012 12218 12233 12360 12361 12479 12595 12725 12971 13253
moead,513_e-05,6,20,1600,32,29547720.817500,192529.741221,0.408163,0.591837,11225 11397 11580 11675 11771 11789 11986 12115 12132 12233 12239 12252 12461 12971 13253
moead,513_e-05,6,21,1600,32,29547720.817500,192529.741221,0.428571,0.571429,11225 11397 11580 11675 11771 11789 11986 12115 12132 12233 12239 12252 12461 12971 13253
moead,513_e-05,6,22,1600,32,29547720.817500,192529.741221,0.448980,0.551020,11225 11397 11580 11675 11771 11789 11986 12115 12132 12233 12239 12252 12461 12971 13253
moead,513_e-05,6,23,1600,32,29541016.971713,192488.312553,0.469388,0.530612,11225 11397 11580 11675 11771 11789 11986 12115 12132 12233 12239 12461 12594 12971 13253
moead,513_e-05,6,24,1600,32,29529792.085741,192453.676460,0.489796,0.510204,11499 11786 11875 11893 11908 12002 12091 12115 12119 12132 12343 12359 12467 12971 13253
moead,513_e-05,6,25,1600,32,29529792.085741,192453.676460,0.510204,0.489796,11499 11786 11875 11893 11908 12002 12091 12115 12119 12132 12343 12359 12467 12971 13253
moead,513_e-05,6,26,1600,32,29529792.085741,192453.676460,0.530612,0.469388,11499 11786 11875 11893 11908 12002 12091 12115 12119 12132 12343 12359 12467 12971 13253
moead,513_e-05,6,27,1600,32,29529792.085741,192453.676460,0.551020,0.448980,11499 11786 11875 11893 11908 12002 12091 12115 12119 12132 12343 12359 12467 12971 13253
moead,513_e-05,6,28,1600,32,29527881.368247,192341.665926,0.571429,0.428571,11499 11655 11675 11786 11789 11875 11893 11908 12002 12115 12119 12132 12359 12467 12971
moead,513_e-05,6,29,1600,32,29526384.238699,188610.228455,0.591837,0.408163,11499 11675 11771 11789 12002 12115 12119 12132 12239 12359 12477 12576 12971 13253 13403
moead,513_e-05,6,30,1600,32,29514152.778718,188512.673853,0.612245,0.387755,11499 11675 11786 11789 11875 11893 11908 12002 12115 12119 12132 12359 12467 12971 13253
moead,513_e-05,6,31,1600,32,29514152.778718,188512.673853,0.632653,0.367347,11499 11675 11786 11789 11875 11893 11908 12002 12115 12119 12132 12359 12467 12971 13253
moead,513_e-05,6,32,1600,32,29514152.778718,188512.673853,0.653061,0.346939,11499 11675 11786 11789 11875 11893 11908 12002 12115 12119 12132 12359 12467 12971 13253
moead,513_e-05,6,33,1600,32,29514152.778718,188512.673853,0.673469,0.326531,11499 11675 11786 11789 11875 11893 11908 12002 12115 12119 12132 12359 12467 12971 13253
moead,513_e-05,6,34,1600,32,29514152.778718,188512.673853,0.693878,0.306122,11499 11675 11786 11789 11875 11893 11908 12002 12115 12119 12132 12359 12467 12971 13253
moead,513_e-05,6,35,1600,32,29511246.284809,188500.244637,0.714286,0.285714,11675 11774 11786 11789 11875 11893 11908 12002 12115 12119 12132 12359 12467 12971 13253
moead,513_e-05,6,36,1600,32,29511246.284809,188500.244637,0.734694,0.265306,11675 11774 11786 11789 11875 11893 11908 12002 12115 12119 12132 12359 12467 12971 13253
moead,513_e-05,6,37,1600,32,29508893.692994,188410.603609,0.755102,0.244898,11492 11499 11675 11786 11789 11875 11893 12002 12115 12119 12132 12359 12467 12971 13253
moead,513_e-05,6,38,1600,32,29506748.395460,188381.988734,0.775510,0.224490,11771 11786 11789 11875 11893 12002 12115 12119 12132 12239 12359 12479 12971 13253 13377
moead,513_e-05,6,39,1600,32,29506748.395460,188381.988734,0.795918,0.204082,11771 11786 11789 11875 11893 12002 12115 12119 12132 12239 12359 12479 12971 13253 13377
moead,513_e-05,6,40,1600,32,29498108.488628,188329.393120,0.816327,0.183673,11675 11771 11786 11789 11875 11893 12002 12115 12119 12132 12239 12359 12479 12971 13253
moead,513_e-05,6,41,1600,32,29498108.488628,188329.393120,0.836735,0.163265,11675 11771 11786 11789 11875 11893 12002 12115 12119 12132 12239 12359 12479 12971 13253
moead,513_e-05,6,42,1600,32,29498108.488628,188329.393120,0.857143,0.142857,11675 11771 11786 11789 11875 11893 12002 12115 12119 12132 12239 12359 12479 12971 13253
moead,513_e-05,6,43,1600,32,29498108.488628,188329.393120,0.877551,0.122449,11675 11771 11786 11789 11875 11893 12002 12115 12119 12132 12239 12359 12479 12971 13253
moead,513_e-05,6,44,1600,32,29498108.488628,188329.393120,0.897959,0.102041,11675 11771 11786 11789 11875 11893 12002 12115 12119 12132 12239 12359 12479 12971 13253
moead,513_e-05,6,45,1600,32,29498108.488628,188329.393120,0.918367,0.081633,11675 11771 11786 11789 11875 11893 12002 12115 12119 12132 12239 12359 12479 12971 13253
moead,513_e-05,6,46,1600,32,29496033.427127,187733.047295,0.938776,0.061224,11497 11675 11771 11786 11789 11875 11893 12002 12115 12119 12239 12359 12479 12971 13253
moead,513_e-05,6,47,1600,32,29496033.427127,187733.047295,0.959184,0.040816,11497 11675 11771 11786 11789 11875 11893 12002 12115 12119 12239 12359 12479 12971 13253
moead,513_e-05,6,48,1600,32,29496033.427127,187733.047295,0.979592,0.020408,11497 11675 11771 11786 11789 11875 11893 12002 12115 12119 12239 12359 12479 12971 13253
moead,513_e-05,6,49,1600,32,29496033.427127,187733.047295,1.000000,0.000000,11497 11675 11771 11786 11789 11875 11893 12002 12115 12119 12239 12359 12479 12971 13253
moead,513_e-05,6,0,1650,33,37021136.979272,236183.260254,0.000000,1.000000,14022 32828 43237 51239 57290 58214 68015 74984 95224 114591 126354 149406 150146 150987 151025
moead,513_e-05,6,1,1650,33,30176262.190453,221779.375732,0.020408,0.979592,10424 11212 11518 11771 11800 11986 12262 12476 12687 13237 13540 14022 14040 14358 24431
moead,513_e-05,6,2,1650,33,29931846.642839,217251.575796,0.040816,0.959184,10411 10424 11212 11225 11771 11800 11986 12002 12262 12476 12687 13237 13680 13862 14040
moead,513_e-05,6,3,1650,33,29845819.135107,213220.437424,0.061224,0.938776,10411 10424 11212 11225 11483 11580 11675 11771 11800 11986 12262 12476 12687 13680 13862
moead,513_e-05,6,4,1650,33,29780841.073302,212505.349045,0.081633,0.918367,10730 11212 11225 11576 11580 11674 11784 12233 12262 12360 12578 12595 13540 14022 15109
moead,513_e-05,6,5,1650,33,29698650.735963,208383.561342,0.102041,0.897959,10730 11212 11225 11576 11674 11675 12012 12233 12262 12360 12361 12578 12595 13540 14022
moead,513_e-05,6,6,1650,33,29693259.438675,207778.442256,0.122449,0.877551,10730 11212 11225 11403 11674 11784 12233 12262 12360 12361 12480 12578 12595 13540 14022
moead,513_e-05,6,7,1650,33,29658455.322966,204306.351494,0.142857,0.857143,11152 11212 11225 11576 11674 11675 11694 12012 12233 12262 12360 12578 12595 13540 14022
moead,513_e-05,6,8,1650,33,29639835.218281,204261.250307,0.163265,0.836735,11212 11225 11403 11576 11674 11675 12012 12233 12262 12360 12361 12578 12595 13540 14022
moead,513_e-05,6,9,1650,33,29639835.218281,204261.250307,0.183673,0.816327,11212 11225 11403 11576 11674 11675 12012 12233 12262 12360 12361 12578 12595 13540 14022
moead,513_e-05,6,10,1650,33,29629042.675903,200572.491713,0.204082,0.795918,11212 11225 11403 11576 11674 11675 12218 12233 12360 12361 12595 13253 13398 13540 14022
moead,513_e-05,6,11,1650,33,29609832.531855,200073.495316,0.224490,0.775510,11212 11225 11674 11675 11771 11789 12012 12218 12233 12360 12361 12595 12971 13253 14022
moead,513_e-05,6,12,1650,33,29609832.531855,200073.495316,0.244898,0.755102,11212 11225 11674 11675 11771 11789 12012 12218 12233 12360 12361 12595 12971 13253 14022
moead,513_e-05,6,13,1650,33,29592058.764998,196856.038765,0.265306,0.734694,11212 11225 11403 11576 11674 11675 12012 12233 12262 12360 12361 12578 12595 12971 13253
moead,513_e-05,6,14,1650,33,29584557.042664,196774.681082,0.285714,0.714286,11212 11225 11576 11579 11674 11675 12012 12218 12233 12262 12360 12361 12595 12971 13253
moead,513_e-05,6,15,1650,33,29581111.555341,196695.155339,0.306122,0.693878,11212 11225 11576 11579 11674 11675 12012 12218 12233 12240 12262 12360 12361 12595 13253
moead,513_e-05,6,16,1650,33,29570750.956800,196517.022956,0.326531,0.673469,11212 11225 11675 11684 11771 12012 12218 12233 12360 12361 12595 12725 12862 12971 13253
moead,513_e-05,6,17,1650,33,29562524.261863,196175.205689,0.346939,0.653061,11212 11225 11673 11674 11675 11771 11789 12233 12360 12361 12377 12479 12595 12725 13253
moead,513_e-05,6,18,1650,33,29558481.547074,195954.873888,0.367347,0.632653,11212 11225 11675 11684 11771 12012 12218 12233 12360 12361 12479 12595 12725 12971 13253
moead,513_e-05,6,19,1650,33,29554045.043733,195566.729170,0.387755,0.612245,11212 11225 11673 11674 11675 11771 11789 12233 12360 12361 12479 12595 12725 12971 13253
moead,513_e-05,6,20,1650,33,29552999.409317,195475.170012,0.408163,0.591837,11212 11225 11576 11579 11675 11997 12012 12233 12360 12361 12479 12595 12725 12971 13253
moead,513_e-05,6,21,1650,33,29547720.817500,192529.741221,0.428571,0.571429,11225 11397 11580 11675 11771 11789 11986 12115 12132 12233 12239 12252 12461 12971 13253
moead,513_e-05,6,22,1650,33,29544458.135623,192495.075250,0.448980,0.551020,11225 11397 11483 11675 11771 11789 11986 12115 12132 12233 12239 12461 12594 12971 13253
moead,513_e-05,6,23,1650,33,29541016.971713,192488.312553,0.469388,0.530612,11225 11397 11580 11675 11771 11789 11986 12115 12132 12233 12239 12461 12594 12971 13253
moead,513_e-05,6,24,1650,33,29529792.085741,192453.676460,0.489796,0.510204,11499 11786 11875 11893 11908 12002 12091 12115 12119 12132 12343 12359 12467 12971 13253
moead,513_e-05,6,25,1650,33,29529792.085741,192453.676460,0.510204,0.489796,11499 11786 11875 11893 11908 12002 12091 12115 12119 12132 12343 12359 12467 12971 13253
moead,513_e-05,6,26,1650,33,29529792.085741,192453.676460,0.530612,0.469388,11499 11786 11875 11893 11908 12002 12091 12115 12119 12132 12343 12359 12467 12971 13253
moead,513_e-05,6,27,1650,33,29527464.884673,191954.398528,0.551020,0.448980,11499 11655 11675 11786 11789 11875 11908 12002 12115 12119 12132 12351 12359 12467 12971
moead,513_e-05,6,28,1650,33,29518921.533174,191453.364794,0.571429,0.428571,11499 11655 11675 11786 11789 11875 11908 12002 12115 12119 12351 12355 12359 12467 12971
moead,513_e-05,6,29,1650,33,29518921.533174,191453.364794,0.591837,0.408163,11499 11655 11675 11786 11789 11875 11908 12002 12115 12119 12351 12355 12359 12467 12971
moead,513_e-05,6,30,1650,33,29518921.533174,191453.364794,0.612245,0.387755,11499 11655 11675 11786 11789 11875 11908 12002 12115 12119 12351 12355 12359 12467 12971
moead,513_e-05,6,31,1650,33,29518921.533174,191453.364794,0.632653,0.367347,11499 11655 11675 11786 11789 11875 11908 12002 12115 12119 12351 12355 12359 12467 12971
moead,513_e-05,6,32,1650,33,29514186.394901,188520.636287,0.653061,0.346939,11499 11675 11786 11789 11875 11893 11908 12002 12119 12132 12238 12359 12467 12971 13253
moead,513_e-05,6,33,1650,33,29514186.394901,188520.636287,0.673469,0.326531,11499 11675 11786 11789 11875 11893 11908 12002 12119 12132 12238 12359 12467 12971 13253
moead,513_e-05,6,34,1650,33,29511246.284809,188500.244637,0.693878,0.306122,11675 11774 11786 11789 11875 11893 11908 12002 12115 12119 12132 12359 12467 12971 13253
moead,513_e-05,6,35,1650,33,29508893.692994,188410.603609,0.714286,0.285714,11492 11499 11675 11786 11789 11875 11893 12002 12115 12119 12132 12359 12467 12971 13253
moead,513_e-05,6,36,1650,33,29508893.692994,188410.603609,0.734694,0.265306,11492 11499 11675 11786 11789 11875 11893 12002 12115 12119 12132 12359 12467 12971 13253
moead,513_e-05,6,37,1650,33,29506748.395460,188381.988734,0.755102,0.244898,11771 11786 11789 11875 11893 12002 12115 12119 12132 12239 12359 12479 12971 13253 13377
moead,513_e-05,6,38,1650,33,29498108.488628,188329.393120,0.775510,0.224490,11675 11771 11786 11789 11875 11893 12002 12115 12119 12132 12239 12359 12479 12971 13253
moead,513_e-05,6,39,1650,33,29498108.488628,188329.393120,0.795918,0.204082,11675 11771 11786 11789 11875 11893 12002 12115 12119 12132 12239 12359 12479 12971 13253
moead,513_e-05,6,40,1650,33,29498108.488628,188329.393120,0.816327,0.183673,11675 11771 11786 11789 11875 11893 12002 12115 12119 12132 12239 12359 12479 12971 13253
moead,513_e-05,6,41,1650,33,29498108.488628,188329.393120,0.836735,0.163265,11675 11771 11786 11789 11875 11893 12002 12115 12119 12132 12239 12359 12479 12971 13253
moead,513_e-05,6,42,1650,33,29498108.488628,188329.393120,0.857143,0.142857,11675 11771 11786 11789 11875 11893 12002 12115 12119 12132 12239 12359 12479 12971 13253
moead,513_e-05,6,43,1650,33,29498108.488628,188329.393120,0.877551,0.122449,11675 11771 11786 11789 11875 11893 12002 12115 12119 12132 12239 12359 12479 12971 13253
moead,513_e-05,6,44,1650,33,29492681.527595,187733.047295,0.897959,0.102041,11675 11679 11771 11786 11789 11875 11893 12002 12115 12119 12132 12239 12359 12479 12971
moead,513_e-05,6,45,1650,33,29492681.527595,187733.047295,0.918367,0.081633,11675 11679 11771 11786 11789 11875 11893 12002 12115 12119 12132 12239 12359 12479 12971
moead,513_e-05,6,46,1650,33,29492681.527595,187733.047295,0.938776,0.061224,11675 11679 11771 11786 11789 11875 11893 12002 12115 12119 12132 12239 12359 12479 12971
moead,513_e-05,6,47,1650,33,29492681.527595,187733.047295,0.959184,0.040816,11675 11679 11771 11786 11789 11875 11893 12002 12115 12119 12132 12239 12359 12479 12971
moead,513_e-05,6,48,1650,33,29492681.527595,187733.047295,0.979592,0.020408,11675 11679 11771 11786 11789 11875 11893 12002 12115 12119 12132 12239 12359 12479 12971
moead,513_e-05,6,49,1650,33,29492047.579983,187708.837218,1.000000,0.000000,11675 11679 11771 11786 11789 11875 12002 12115 12119 12132 12239 12359 12479 12599 12971
moead,513_e-05,6,0,1700,34,37283588.275373,236183.260254,0.000000,1.000000,14022 43237 49411 57290 58214 68015 74984 101733 114591 124809 132599 148267 150146 150987 151025
moead,513_e-05,6,1,1700,34,30176262.190453,221779.375732,0.020408,0.979592,10424 11212 11518 11771 11800 11986 12262 12476 12687 13237 13540 14022 14040 14358 24431
moead,513_e-05,6,2,1700,34,29931846.642839,217251.575796,0.040816,0.959184,10411 10424 11212 11225 11771 11800 11986 12002 12262 12476 12687 13237 13680 13862 14040
moead,513_e-05,6,3,1700,34,29845819.135107,213220.437424,0.061224,0.938776,10411 10424 11212 11225 11483 11580 11675 11771 11800 11986 12262 12476 12687 13680 13862
moead,513_e-05,6,4,1700,34,29780841.073302,212505.349045,0.081633,0.918367,10730 11212 11225 11576 11580 11674 11784 12233 12262 12360 12578 12595 13540 14022 15109
moead,513_e-05,6,5,1700,34,29698650.735963,208383.561342,0.102041,0.897959,10730 11212 11225 11576 11674 11675 12012 12233 12262 12360 12361 12578 12595 13540 14022
moead,513_e-05,6,6,1700,34,29693259.438675,207778.442256,0.122449,0.877551,10730 11212 11225 11403 11674 11784 12233 12262 12360 12361 12480 12578 12595 13540 14022
moead,513_e-05,6,7,1700,34,29658455.322966,204306.351494,0.142857,0.857143,11152 11212 11225 11576 11674 11675 11694 12012 12233 12262 12360 12578 12595 13540 14022
moead,513_e-05,6,8,1700,34,29639835.218281,204261.250307,0.163265,0.836735,11212 11225 11403 11576 11674 11675 12012 12233 12262 12360 12361 12578 12595 13540 14022
moead,513_e-05,6,9,1700,34,29639835.218281,204261.250307,0.183673,0.816327,11212 11225 11403 11576 11674 11675 12012 12233 12262 12360 12361 12578 12595 13540 14022
moead,513_e-05,6,10,1700,34,29623823.237858,200509.048989,0.204082,0.795918,11212 11225 11674 11771 11789 12012 12218 12233 12360 12361 12595 13253 13398 13540 14022
moead,513_e-05,6,11,1700,34,29609832.531855,200073.495316,0.224490,0.775510,11212 11225 11674 11675 11771 11789 12012 12218 12233 12360 12361 12595 12971 13253 14022
moead,513_e-05,6,12,1700,34,29593098.973462,196856.038765,0.244898,0.755102,11212 11225 11403 11576 11674 11675 12012 12233 12262 12360 12364 12578 12595 12971 13253
moead,513_e-05,6,13,1700,34,29593098.973462,196856.038765,0.265306,0.734694,11212 11225 11403 11576 11674 11675 12012 12233 12262 12360 12364 12578 12595 12971 13253
moead,513_e-05,6,14,1700,34,29584557.042664,196774.681082,0.285714,0.714286,11212 11225 11576 11579 11674 11675 12012 12218 12233 12262 12360 12361 12595 12971 13253
moead,513_e-05,6,15,1700,34,29570750.956800,196517.022956,0.306122,0.693878,11212 11225 11675 11684 11771 12012 12218 12233 12360 12361 12595 12725 12862 12971 13253
moead,513_e-05,6,16,1700,34,29562524.261863,196175.205689,0.326531,0.673469,11212 11225 11673 11674 11675 11771 11789 12233 12360 12361 12377 12479 12595 12725 13253
moead,513_e-05,6,17,1700,34,29558481.547074,195954.873888,0.346939,0.653061,11212 11225 11675 11684 11771 12012 12218 12233 12360 12361 12479 12595 12725 12971 13253
moead,513_e-05,6,18,1700,34,29554045.043733,195566.729170,0.367347,0.632653,11212 11225 11673 11674 11675 11771 11789 12233 12360 12361 12479 12595 12725 12971 13253
moead,513_e-05,6,19,1700,34,29552999.409317,195475.170012,0.387755,0.612245,11212 11225 11576 11579 11675 11997 12012 12233 12360 12361 12479 12595 12725 12971 13253
moead,513_e-05,6,20,1700,34,29542982.620882,192549.904752,0.408163,0.591837,11499 11662 11786 11875 11893 11908 12002 12091 12115 12132 12343 12359 12467 12971 13253
moead,513_e-05,6,21,1700,34,29542982.620882,192549.904752,0.428571,0.571429,11499 11662 11786 11875 11893 11908 12002 12091 12115 12132 12343 12359 12467 12971 13253
moead,513_e-05,6,22,1700,34,29529792.085741,192453.676460,0.448980,0.551020,11499 11786 11875 11893 11908 12002 12091 12115 12119 12132 12343 12359 12467 12971 13253
moead,513_e-05,6,23,1700,34,29529792.085741,192453.676460,0.469388,0.530612,11499 11786 11875 11893 11908 12002 12091 12115 12119 12132 12343 12359 12467 12971 13253
moead,513_e-05,6,24,1700,34,29529792.085741,192453.676460,0.489796,0.510204,11499 11786 11875 11893 11908 12002 12091 12115 12119 12132 12343 12359 12467 12971 13253
moead,513_e-05,6,25,1700,34,29527464.884673,191954.398528,0.510204,0.489796,11499 11655 11675 11786 11789 11875 11908 12002 12115 12119 12132 12351 12359 12467 12971
moead,513_e-05,6,26,1700,34,29519326.544334,191546.966377,0.530612,0.469388,11499 11786 11789 11875 11893 11908 12002 12091 12115 12119 12132 12351 12359 12467 12971
moead,513_e-05,6,27,1700,34,29519326.544334,191546.966377,0.551020,0.448980,11499 11786 11789 11875 11893 11908 12002 12091 12115 12119 12132 12351 12359 12467 12971
moead,513_e-05,6,28,1700,34,29519326.544334,191546.966377,0.571429,0.428571,11499 11786 11789 11875 11893 11908 12002 12091 12115 12119 12132 12351 12359 12467 12971
moead,513_e-05,6,29,1700,34,29518921.533174,191453.364794,0.591837,0.408163,11499 11655 11675 11786 11789 11875 11908 12002 12115 12119 12351 12355 12359 12467 12971
moead,513_e-05,6,30,1700,34,29514186.394901,188520.636287,0.612245,0.387755,11499 11675 11786 11789 11875 11893 11908 12002 12119 12132 12238 12359 12467 12971 13253
moead,513_e-05,6,31,1700,34,29514186.394901,188520.636287,0.632653,0.367347,11499 11675 11786 11789 11875 11893 11908 12002 12119 12132 12238 12359 12467 12971 13253
moead,513_e-05,6,32,1700,34,29511246.284809,188500.244637,0.653061,0.346939,11675 11774 11786 11789 11875 11893 11908 12002 12115 12119 12132 12359 12467 12971 13253
moead,513_e-05,6,33,1700,34,29508893.692994,188410.603609,0.673469,0.326531,11492 11499 11675 11786 11789 11875 11893 12002 12115 12119 12132 12359 12467 12971 13253
moead,513_e-05,6,34,1700,34,29506748.395460,188381.988734,0.693878,0.306122,11771 11786 11789 11875 11893 12002 12115 12119 12132 12239 12359 12479 12971 13253 13377
moead,513_e-05,6,35,1700,34,29498108.488628,188329.393120,0.714286,0.285714,11675 11771 11786 11789 11875 11893 12002 12115 12119 12132 12239 12359 12479 12971 13253
moead,513_e-05,6,36,1700,34,29498108.488628,188329.393120,0.734694,0.265306,11675 11771 11786 11789 11875 11893 12002 12115 12119 12132 12239 12359 12479 12971 13253
moead,513_e-05,6,37,1700,34,29498108.488628,188329.393120,0.755102,0.244898,11675 11771 11786 11789 11875 11893 12002 12115 12119 12132 12239 12359 12479 12971 13253
moead,513_e-05,6,38,1700,34,29498108.488628,188329.393120,0.775510,0.224490,11675 11771 11786 11789 11875 11893 12002 12115 12119 12132 12239 12359 12479 12971 13253
moead,513_e-05,6,39,1700,34,29498108.488628,188329.393120,0.795918,0.204082,11675 11771 11786 11789 11875 11893 12002 12115 12119 12132 12239 12359 12479 12971 13253
moead,513_e-05,6,40,1700,34,29492681.527595,187733.047295,0.816327,0.183673,11675 11679 11771 11786 11789 11875 11893 12002 12115 12119 12132 12239 12359 12479 12971
moead,513_e-05,6,41,1700,34,29492681.527595,187733.047295,0.836735,0.163265,11675 11679 11771 11786 11789 11875 11893 12002 12115 12119 12132 12239 12359 12479 12971
moead,513_e-05,6,42,1700,34,29492681.527595,187733.047295,0.857143,0.142857,11675 11679 11771 11786 11789 11875 11893 12002 12115 12119 12132 12239 12359 12479 12971
moead,513_e-05,6,43,1700,34,29492681.527595,187733.047295,0.877551,0.122449,11675 11679 11771 11786 11789 11875 11893 12002 12115 12119 12132 12239 12359 12479 12971
moead,513_e-05,6,44,1700,34,29486652.356786,187366.934915,0.897959,0.102041,11675 11679 11786 11789 11875 11893 12002 12115 12119 12132 12239 12356 12359 12479 12971
moead,513_e-05,6,45,1700,34,29486652.356786,187366.934915,0.918367,0.081633,11675 11679 11786 11789 11875 11893 12002 12115 12119 12132 12239 12356 12359 12479 12971
moead,513_e-05,6,46,1700,34,29486652.356786,187366.934915,0.938776,0.061224,11675 11679 11786 11789 11875 11893 12002 12115 12119 12132 12239 12356 12359 12479 12971
moead,513_e-05,6,47,1700,34,29486652.356786,187366.934915,0.959184,0.040816,11675 11679 11786 11789 11875 11893 12002 12115 12119 12132 12239 12356 12359 12479 12971
moead,513_e-05,6,48,1700,34,29486652.356786,187366.934915,0.979592,0.020408,11675 11679 11786 11789 11875 11893 12002 12115 12119 12132 12239 12356 12359 12479 12971
moead,513_e-05,6,49,1700,34,29486652.356786,187366.934915,1.000000,0.000000,11675 11679 11786 11789 11875 11893 12002 12115 12119 12132 12239 12356 12359 12479 12971
moead,513_e-05,6,0,1750,35,36140313.954871,236183.260254,0.000000,1.000000,12595 14022 15109 43237 48664 57290 58214 64389 68015 74984 93627 132599 134051 142694 179693
moead,513_e-05,6,1,1750,35,30147665.622490,221779.375732,0.020408,0.979592,10424 11212 11518 11771 11800 11986 12262 12476 12687 13237 13540 14022 14040 14358 60210
moead,513_e-05,6,2,1750,35,29931846.642839,217251.575796,0.040816,0.959184,10411 10424 11212 11225 11771 11800 11986 12002 12262 12476 12687 13237 13680 13862 14040
moead,513_e-05,6,3,1750,35,29845819.135107,213220.437424,0.061224,0.938776,10411 10424 11212 11225 11483 11580 11675 11771 11800 11986 12262 12476 12687 13680 13862
moead,513_e-05,6,4,1750,35,29780841.073302,212505.349045,0.081633,0.918367,10730 11212 11225 11576 11580 11674 11784 12233 12262 12360 12578 12595 13540 14022 15109
moead,513_e-05,6,5,1750,35,29698650.735963,208383.561342,0.102041,0.897959,10730 11212 11225 11576 11674 11675 12012 12233 12262 12360 12361 12578 12595 13540 14022
moead,513_e-05,6,6,1750,35,29687734.725266,207778.442730,0.122449,0.877551,10730 11212 11225 11674 11778 11784 12233 12262 12360 12361 12480 12578 12595 13540 14022
moead,513_e-05,6,7,1750,35,29658455.322966,204306.351494,0.142857,0.857143,11152 11212 11225 11576 11674 11675 11694 12012 12233 12262 12360 12578 12595 13540 14022
moead,513_e-05,6,8,1750,35,29639835.218281,204261.250307,0.163265,0.836735,11212 11225 11403 11576 11674 11675 12012 12233 12262 12360 12361 12578 12595 13540 14022
moead,513_e-05,6,9,1750,35,29639835.218281,204261.250307,0.183673,0.816327,11212 11225 11403 11576 11674 11675 12012 12233 12262 12360 12361 12578 12595 13540 14022
moead,513_e-05,6,10,1750,35,29623823.237858,200509.048989,0.204082,0.795918,11212 11225 11674 11771 11789 12012 12218 12233 12360 12361 12595 13253 13398 13540 14022
moead,513_e-05,6,11,1750,35,29609832.531855,200073.495316,0.224490,0.775510,11212 11225 11674 11675 11771 11789 12012 12218 12233 12360 12361 12595 12971 13253 14022
moead,513_e-05,6,12,1750,35,29599346.970266,196872.194496,0.244898,0.755102,11212 11225 11576 11579 11674 11675 12233 12262 12360 12364 12578 12595 12619 12971 13253
moead,513_e-05,6,13,1750,35,29590387.789399,196856.038765,0.265306,0.734694,11212 11225 11576 11579 11674 11675 12012 12233 12262 12360 12364 12578 12595 12971 13253
moead,513_e-05,6,14,1750,35,29577110.692080,196690.177855,0.285714,0.714286,11212 11225 11576 11579 11675 11997 12012 12218 12233 12240 12262 12360 12361 12595 13253
moead,513_e-05,6,15,1750,35,29562524.261863,196175.205689,0.306122,0.693878,11212 11225 11673 11674 11675 11771 11789 12233 12360 12361 12377 12479 12595 12725 13253
moead,513_e-05,6,16,1750,35,29562524.261863,196175.205689,0.326531,0.673469,11212 11225 11673 11674 11675 11771 11789 12233 12360 12361 12377 12479 12595 12725 13253
moead,513_e-05,6,17,1750,35,29558481.547074,195954.873888,0.346939,0.653061,11212 11225 11675 11684 11771 12012 12218 12233 12360 12361 12479 12595 12725 12971 13253
moead,513_e-05,6,18,1750,35,29554045.043733,195566.729170,0.367347,0.632653,11212 11225 11673 11674 11675 11771 11789 12233 12360 12361 12479 12595 12725 12971 13253
moead,513_e-05,6,19,1750,35,29552999.409317,195475.170012,0.387755,0.612245,11212 11225 11576 11579 11675 11997 12012 12233 12360 12361 12479 12595 12725 12971 13253
moead,513_e-05,6,20,1750,35,29542982.620882,192549.904752,0.408163,0.591837,11499 11662 11786 11875 11893 11908 12002 12091 12115 12132 12343 12359 12467 12971 13253
moead,513_e-05,6,21,1750,35,29542982.620882,192549.904752,0.428571,0.571429,11499 11662 11786 11875 11893 11908 12002 12091 12115 12132 12343 12359 12467 12971 13253
moead,513_e-05,6,22,1750,35,29529792.085741,192453.676460,0.448980,0.551020,11499 11786 11875 11893 11908 12002 12091 12115 12119 12132 12343 12359 12467 12971 13253
moead,513_e-05,6,23,1750,35,29529792.085741,192453.676460,0.469388,0.530612,11499 11786 11875 11893 11908 12002 12091 12115 12119 12132 12343 12359 12467 12971 13253
moead,513_e-05,6,24,1750,35,29529792.085741,192453.676460,0.489796,0.510204,11499 11786 11875 11893 11908 12002 12091 12115 12119 12132 12343 12359 12467 12971 13253
moead,513_e-05,6,25,1750,35,29527464.884673,191954.398528,0.510204,0.489796,11499 11655 11675 11786 11789 11875 11908 12002 12115 12119 12132 12351 12359 12467 12971
moead,513_e-05,6,26,1750,35,29519326.544334,191546.966377,0.530612,0.469388,11499 11786 11789 11875 11893 11908 12002 12091 12115 12119 12132 12351 12359 12467 12971
moead,513_e-05,6,27,1750,35,29519326.544334,191546.966377,0.551020,0.448980,11499 11786 11789 11875 11893 11908 12002 12091 12115 12119 12132 12351 12359 12467 12971
moead,513_e-05,6,28,1750,35,29518921.533174,191453.364794,0.571429,0.428571,11499 11655 11675 11786 11789 11875 11908 12002 12115 12119 12351 12355 12359 12467 12971
moead,513_e-05,6,29,1750,35,29511246.284809,188500.244637,0.591837,0.408163,11675 11774 11786 11789 11875 11893 11908 12002 12115 12119 12132 12359 12467 12971 13253
moead,513_e-05,6,30,1750,35,29511246.284809,188500.244637,0.612245,0.387755,11675 11774 11786 11789 11875 11893 11908 12002 12115 12119 12132 12359 12467 12971 13253
moead,513_e-05,6,31,1750,35,29511246.284809,188500.244637,0.632653,0.367347,11675 11774 11786 11789 11875 11893 11908 12002 12115 12119 12132 12359 12467 12971 13253
moead,513_e-05,6,32,1750,35,29508893.692994,188410.603609,0.653061,0.346939,11492 11499 11675 11786 11789 11875 11893 12002 12115 12119 12132 12359 12467 12971 13253
moead,513_e-05,6,33,1750,35,29506748.395460,188381.988734,0.673469,0.326531,11771 11786 11789 11875 11893 12002 12115 12119 12132 12239 12359 12479 12971 13253 13377
moead,513_e-05,6,34,1750,35,29506748.395460,188381.988734,0.693878,0.306122,11771 11786 11789 11875 11893 12002 12115 12119 12132 12239 12359 12479 12971 13253 13377
moead,513_e-05,6,35,1750,35,29495316.841278,188348.149521,0.714286,0.285714,11675 11679 11786 11789 11875 11893 12002 12115 12119 12132 12239 12359 12479 12971 13253
moead,513_e-05,6,36,1750,35,29495316.841278,188348.149521,0.734694,0.265306,11675 11679 11786 11789 11875 11893 12002 12115 12119 12132 12239 12359 12479 12971 13253
moead,513_e-05,6,37,1750,35,29495316.841278,188348.149521,0.755102,0.244898,11675 11679 11786 11789 11875 11893 12002 12115 12119 12132 12239 12359 12479 12971 13253
moead,513_e-05,6,38,1750,35,29495316.841278,188348.149521,0.775510,0.224490,11675 11679 11786 11789 11875 11893 12002 12115 12119 12132 12239 12359 12479 12971 13253
moead,513_e-05,6,39,1750,35,29495316.841278,188348.149521,0.795918,0.204082,11675 11679 11786 11789 11875 11893 12002 12115 12119 12132 12239 12359 12479 12971 13253
moead,513_e-05,6,40,1750,35,29495316.841278,188348.149521,0.816327,0.183673,11675 11679 11786 11789 11875 11893 12002 12115 12119 12132 12239 12359 12479 12971 13253
moead,513_e-05,6,41,1750,35,29492681.527595,187733.047295,0.836735,0.163265,11675 11679 11771 11786 11789 11875 11893 12002 12115 12119 12132 12239 12359 12479 12971
moead,513_e-05,6,42,1750,35,29492681.527595,187733.047295,0.857143,0.142857,11675 11679 11771 11786 11789 11875 11893 12002 12115 12119 12132 12239 12359 12479 12971
moead,513_e-05,6,43,1750,35,29489646.468209,187686.376667,0.877551,0.122449,11675 11786 11789 11875 11893 12002 12115 12119 12132 12221 12239 12356 12359 12479 12971
moead,513_e-05,6,44,1750,35,29489646.468209,187686.376667,0.897959,0.102041,11675 11786 11789 11875 11893 12002 12115 12119 12132 12221 12239 12356 12359 12479 12971
moead,513_e-05,6,45,1750,35,29489646.468209,187686.376667,0.918367,0.081633,11675 11786 11789 11875 11893 12002 12115 12119 12132 12221 12239 12356 12359 12479 12971
moead,513_e-05,6,46,1750,35,29486652.356786,187366.934915,0.938776,0.061224,11675 11679 11786 11789 11875 11893 12002 12115 12119 12132 12239 12356 12359 12479 12971
moead,513_e-05,6,47,1750,35,29486652.356786,187366.934915,0.959184,0.040816,11675 11679 11786 11789 11875 11893 12002 12115 12119 12132 12239 12356 12359 12479 12971
moead,513_e-05,6,48,1750,35,29486652.356786,187366.934915,0.979592,0.020408,11675 11679 11786 11789 11875 11893 12002 12115 12119 12132 12239 12356 12359 12479 12971
moead,513_e-05,6,49,1750,35,29486652.356786,187366.934915,1.000000,0.000000,11675 11679 11786 11789 11875 11893 12002 12115 12119 12132 12239 12356 12359 12479 12971
moead,513_e-05,6,0,1800,36,35299743.170487,236183.260254,0.000000,1.000000,12595 14022 15109 30196 48664 51777 60210 64719 65086 67214 68015 69001 83873 92051 111490
moead,513_e-05,6,1,1800,36,30147665.622490,221779.375732,0.020408,0.979592,10424 11212 11518 11771 11800 11986 12262 12476 12687 13237 13540 14022 14040 14358 60210
moead,513_e-05,6,2,1800,36,29931846.642839,217251.575796,0.040816,0.959184,10411 10424 11212 11225 11771 11800 11986 12002 12262 12476 12687 13237 13680 13862 14040
moead,513_e-05,6,3,1800,36,29838378.075043,213367.245163,0.061224,0.938776,10411 10424 11212 11225 11483 11580 11675 11771 11800 11986 12262 12476 12687 13540 14022
moead,513_e-05,6,4,1800,36,29780841.073302,212505.349045,0.081633,0.918367,10730 11212 11225 11576 11580 11674 11784 12233 12262 12360 12578 12595 13540 14022 15109
moead,513_e-05,6,5,1800,36,29698650.735963,208383.561342,0.102041,0.897959,10730 11212 11225 11576 11674 11675 12012 12233 12262 12360 12361 12578 12595 13540 14022
moead,513_e-05,6,6,1800,36,29687734.725266,207778.442730,0.122449,0.877551,10730 11212 11225 11674 11778 11784 12233 12262 12360 12361 12480 12578 12595 13540 14022
moead,513_e-05,6,7,1800,36,29658455.322966,204306.351494,0.142857,0.857143,11152 11212 11225 11576 11674 11675 11694 12012 12233 12262 12360 12578 12595 13540 14022
moead,513_e-05,6,8,1800,36,29639835.218281,204261.250307,0.163265,0.836735,11212 11225 11403 11576 11674 11675 12012 12233 12262 12360 12361 12578 12595 13540 14022
moead,513_e-05,6,9,1800,36,29639835.218281,204261.250307,0.183673,0.816327,11212 11225 11403 11576 11674 11675 12012 12233 12262 12360 12361 12578 12595 13540 14022
moead,513_e-05,6,10,1800,36,29623823.237858,200509.048989,0.204082,0.795918,11212 11225 11674 11771 11789 12012 12218 12233 12360 12361 12595 13253 13398 13540 14022
moead,513_e-05,6,11,1800,36,29609832.531855,200073.495316,0.224490,0.775510,11212 11225 11674 11675 11771 11789 12012 12218 12233 12360 12361 12595 12971 13253 14022
moead,513_e-05,6,12,1800,36,29599346.970266,196872.194496,0.244898,0.755102,11212 11225 11576 11579 11674 11675 12233 12262 12360 12364 12578 12595 12619 12971 13253
moead,513_e-05,6,13,1800,36,29590387.789399,196856.038765,0.265306,0.734694,11212 11225 11576 11579 11674 11675 12012 12233 12262 12360 12364 12578 12595 12971 13253
moead,513_e-05,6,14,1800,36,29577110.692080,196690.177855,0.285714,0.714286,11212 11225 11576 11579 11675 11997 12012 12218 12233 12240 12262 12360 12361 12595 13253
moead,513_e-05,6,15,1800,36,29565422.658017,196514.714406,0.306122,0.693878,11212 11225 11673 11675 11771 11789 11986 12233 12360 12361 12377 12479 12595 12971 13253
moead,513_e-05,6,16,1800,36,29565422.658017,196514.714406,0.326531,0.673469,11212 11225 11673 11675 11771 11789 11986 12233 12360 12361 12377 12479 12595 12971 13253
moead,513_e-05,6,17,1800,36,29558481.547074,195954.873888,0.346939,0.653061,11212 11225 11675 11684 11771 12012 12218 12233 12360 12361 12479 12595 12725 12971 13253
moead,513_e-05,6,18,1800,36,29554045.043733,195566.729170,0.367347,0.632653,11212 11225 11673 11674 11675 11771 11789 12233 12360 12361 12479 12595 12725 12971 13253
moead,513_e-05,6,19,1800,36,29552999.409317,195475.170012,0.387755,0.612245,11212 11225 11576 11579 11675 11997 12012 12233 12360 12361 12479 12595 12725 12971 13253
moead,513_e-05,6,20,1800,36,29538291.268854,192840.816482,0.408163,0.591837,11470 11499 11786 11875 11893 12002 12091 12115 12119 12132 12343 12359 12467 12971 13253
moead,513_e-05,6,21,1800,36,29538291.268854,192840.816482,0.428571,0.571429,11470 11499 11786 11875 11893 12002 12091 12115 12119 12132 12343 12359 12467 12971 13253
moead,513_e-05,6,22,1800,36,29538291.268854,192840.816482,0.448980,0.551020,11470 11499 11786 11875 11893 12002 12091 12115 12119 12132 12343 12359 12467 12971 13253
moead,513_e-05,6,23,1800,36,29529792.085741,192453.676460,0.469388,0.530612,11499 11786 11875 11893 11908 12002 12091 12115 12119 12132 12343 12359 12467 12971 13253
moead,513_e-05,6,24,1800,36,29529792.085741,192453.676460,0.489796,0.510204,11499 11786 11875 11893 11908 12002 12091 12115 12119 12132 12343 12359 12467 12971 13253
moead,513_e-05,6,25,1800,36,29521596.722294,192357.474501,0.510204,0.489796,11499 11786 11875 11881 11893 12002 12091 12115 12119 12132 12343 12359 12467 12971 13253
moead,513_e-05,6,26,1800,36,29521596.722294,192357.474501,0.530612,0.469388,11499 11786 11875 11881 11893 12002 12091 12115 12119 12132 12343 12359 12467 12971 13253
moead,513_e-05,6,27,1800,36,29521596.722294,192357.474501,0.551020,0.448980,11499 11786 11875 11881 11893 12002 12091 12115 12119 12132 12343 12359 12467 12971 13253
moead,513_e-05,6,28,1800,36,29518921.533174,191453.364794,0.571429,0.428571,11499 11655 11675 11786 11789 11875 11908 12002 12115 12119 12351 12355 12359 12467 12971
moead,513_e-05,6,29,1800,36,29511246.284809,188500.244637,0.591837,0.408163,11675 11774 11786 11789 11875 11893 11908 12002 12115 12119 12132 12359 12467 12971 13253
moead,513_e-05,6,30,1800,36,29511246.284809,188500.244637,0.612245,0.387755,11675 11774 11786 11789 11875 11893 11908 12002 12115 12119 12132 12359 12467 12971 13253
moead,513_e-05,6,31,1800,36,29511246.284809,188500.244637,0.632653,0.367347,11675 11774 11786 11789 11875 11893 11908 12002 12115 12119 12132 12359 12467 12971 13253
moead,513_e-05,6,32,1800,36,29508893.692994,188410.603609,0.653061,0.346939,11492 11499 11675 11786 11789 11875 11893 12002 12115 12119 12132 12359 12467 12971 13253
moead,513_e-05,6,33,1800,36,29506748.395460,188381.988734,0.673469,0.326531,11771 11786 11789 11875 11893 12002 12115 12119 12132 12239 12359 12479 12971 13253 13377
moead,513_e-05,6,34,1800,36,29506748.395460,188381.988734,0.693878,0.306122,11771 11786 11789 11875 11893 12002 12115 12119 12132 12239 12359 12479 12971 13253 13377
moead,513_e-05,6,35,1800,36,29495316.841278,188348.149521,0.714286,0.285714,11675 11679 11786 11789 11875 11893 12002 12115 12119 12132 12239 12359 12479 12971 13253
moead,513_e-05,6,36,1800,36,29495316.841278,188348.149521,0.734694,0.265306,11675 11679 11786 11789 11875 11893 12002 12115 12119 12132 12239 12359 12479 12971 13253
moead,513_e-05,6,37,1800,36,29495316.841278,188348.149521,0.755102,0.244898,11675 11679 11786 11789 11875 11893 12002 12115 12119 12132 12239 12359 12479 12971 13253
moead,513_e-05,6,38,1800,36,29495316.841278,188348.149521,0.775510,0.224490,11675 11679 11786 11789 11875 11893 12002 12115 12119 12132 12239 12359 12479 12971 13253
moead,513_e-05,6,39,1800,36,29495316.841278,188348.149521,0.795918,0.204082,11675 11679 11786 11789 11875 11893 12002 12115 12119 12132 12239 12359 12479 12971 13253
moead,513_e-05,6,40,1800,36,29495316.841278,188348.149521,0.816327,0.183673,11675 11679 11786 11789 11875 11893 12002 12115 12119 12132 12239 12359 12479 12971 13253
moead,513_e-05,6,41,1800,36,29492681.527595,187733.047295,0.836735,0.163265,11675 11679 11771 11786 11789 11875 11893 12002 12115 12119 12132 12239 12359 12479 12971
moead,513_e-05,6,42,1800,36,29492681.527595,187733.047295,0.857143,0.142857,11675 11679 11771 11786 11789 11875 11893 12002 12115 12119 12132 12239 12359 12479 12971
moead,513_e-05,6,43,1800,36,29489646.468209,187686.376667,0.877551,0.122449,11675 11786 11789 11875 11893 12002 12115 12119 12132 12221 12239 12356 12359 12479 12971
moead,513_e-05,6,44,1800,36,29489646.468209,187686.376667,0.897959,0.102041,11675 11786 11789 11875 11893 12002 12115 12119 12132 12221 12239 12356 12359 12479 12971
moead,513_e-05,6,45,1800,36,29489646.468209,187686.376667,0.918367,0.081633,11675 11786 11789 11875 11893 12002 12115 12119 12132 12221 12239 12356 12359 12479 12971
moead,513_e-05,6,46,1800,36,29486652.356786,187366.934915,0.938776,0.061224,11675 11679 11786 11789 11875 11893 12002 12115 12119 12132 12239 12356 12359 12479 12971
moead,513_e-05,6,47,1800,36,29486652.356786,187366.934915,0.959184,0.040816,11675 11679 11786 11789 11875 11893 12002 12115 12119 12132 12239 12356 12359 12479 12971
moead,513_e-05,6,48,1800,36,29486652.356786,187366.934915,0.979592,0.020408,11675 11679 11786 11789 11875 11893 12002 12115 12119 12132 12239 12356 12359 12479 12971
moead,513_e-05,6,49,1800,36,29486652.356786,187366.934915,1.000000,0.000000,11675 11679 11786 11789 11875 11893 12002 12115 12119 12132 12239 12356 12359 12479 12971
moead,513_e-05,6,0,1850,37,34801160.372855,236183.260254,0.000000,1.000000,12578 13540 14543 16818 36435 51777 60210 64719 65086 67214 68015 73546 83599 83873 179607
moead,513_e-05,6,1,1850,37,30129023.198140,221779.375732,0.020408,0.979592,10424 11212 11518 11771 11800 11986 12262 12476 12687 13237 13540 14022 14040 14358 67214
moead,513_e-05,6,2,1850,37,29931846.642839,217251.575796,0.040816,0.959184,10411 10424 11212 11225 11771 11800 11986 12002 12262 12476 12687 13237 13680 13862 14040
moead,513_e-05,6,3,1850,37,29838378.075043,213367.245163,0.061224,0.938776,10411 10424 11212 11225 11483 11580 11675 11771 11800 11986 12262 12476 12687 13540 14022
moead,513_e-05,6,4,1850,37,29780841.073302,212505.349045,0.081633,0.918367,10730 11212 11225 11576 11580 11674 11784 12233 12262 12360 12578 12595 13540 14022 15109
moead,513_e-05,6,5,1850,37,29698650.735963,208383.561342,0.102041,0.897959,10730 11212 11225 11576 11674 11675 12012 12233 12262 12360 12361 12578 12595 13540 14022
moead,513_e-05,6,6,1850,37,29687734.725266,207778.442730,0.122449,0.877551,10730 11212 11225 11674 11778 11784 12233 12262 12360 12361 12480 12578 12595 13540 14022
moead,513_e-05,6,7,1850,37,29658455.322966,204306.351494,0.142857,0.857143,11152 11212 11225 11576 11674 11675 11694 12012 12233 12262 12360 12578 12595 13540 14022
moead,513_e-05,6,8,1850,37,29639835.218281,204261.250307,0.163265,0.836735,11212 11225 11403 11576 11674 11675 12012 12233 12262 12360 12361 12578 12595 13540 14022
moead,513_e-05,6,9,1850,37,29639835.218281,204261.250307,0.183673,0.816327,11212 11225 11403 11576 11674 11675 12012 12233 12262 12360 12361 12578 12595 13540 14022
moead,513_e-05,6,10,1850,37,29623823.237858,200509.048989,0.204082,0.795918,11212 11225 11674 11771 11789 12012 12218 12233 12360 12361 12595 13253 13398 13540 14022
moead,513_e-05,6,11,1850,37,29609832.531855,200073.495316,0.224490,0.775510,11212 11225 11674 11675 11771 11789 12012 12218 12233 12360 12361 12595 12971 13253 14022
moead,513_e-05,6,12,1850,37,29591967.240154,196948.530105,0.244898,0.755102,10911 11212 11225 11673 11675 11771 11789 11986 12233 12360 12361 12377 12479 12595 13253
moead,513_e-05,6,13,1850,37,29591967.240154,196948.530105,0.265306,0.734694,10911 11212 11225 11673 11675 11771 11789 11986 12233 12360 12361 12377 12479 12595 13253
moead,513_e-05,6,14,1850,37,29577110.692080,196690.177855,0.285714,0.714286,11212 11225 11576 11579 11675 11997 12012 12218 12233 12240 12262 12360 12361 12595 13253
moead,513_e-05,6,15,1850,37,29565422.658017,196514.714406,0.306122,0.693878,11212 11225 11673 11675 11771 11789 11986 12233 12360 12361 12377 12479 12595 12971 13253
moead,513_e-05,6,16,1850,37,29565422.658017,196514.714406,0.326531,0.673469,11212 11225 11673 11675 11771 11789 11986 12233 12360 12361 12377 12479 12595 12971 13253
moead,513_e-05,6,17,1850,37,29558457.271881,195963.877815,0.346939,0.653061,11212 11225 11673 11675 11771 11789 12218 12233 12360 12361 12479 12595 12725 12971 13253
moead,513_e-05,6,18,1850,37,29554045.043733,195566.729170,0.367347,0.632653,11212 11225 11673 11674 11675 11771 11789 12233 12360 12361 12479 12595 12725 12971 13253
moead,513_e-05,6,19,1850,37,29552999.409317,195475.170012,0.387755,0.612245,11212 11225 11576 11579 11675 11997 12012 12233 12360 12361 12479 12595 12725 12971 13253
moead,513_e-05,6,20,1850,37,29538291.268854,192840.816482,0.408163,0.591837,11470 11499 11786 11875 11893 12002 12091 12115 12119 12132 12343 12359 12467 12971 13253
moead,513_e-05,6,21,1850,37,29538291.268854,192840.816482,0.428571,0.571429,11470 11499 11786 11875 11893 12002 12091 12115 12119 12132 12343 12359 12467 12971 13253
moead,513_e-05,6,22,1850,37,29538291.268854,192840.816482,0.448980,0.551020,11470 11499 11786 11875 11893 12002 12091 12115 12119 12132 12343 12359 12467 12971 13253
moead,513_e-05,6,23,1850,37,29529792.085741,192453.676460,0.469388,0.530612,11499 11786 11875 11893 11908 12002 12091 12115 12119 12132 12343 12359 12467 12971 13253
moead,513_e-05,6,24,1850,37,29529792.085741,192453.676460,0.489796,0.510204,11499 11786 11875 11893 11908 12002 12091 12115 12119 12132 12343 12359 12467 12971 13253
moead,513_e-05,6,25,1850,37,29521596.722294,192357.474501,0.510204,0.489796,11499 11786 11875 11881 11893 12002 12091 12115 12119 12132 12343 12359 12467 12971 13253
moead,513_e-05,6,26,1850,37,29521596.722294,192357.474501,0.530612,0.469388,11499 11786 11875 11881 11893 12002 12091 12115 12119 12132 12343 12359 12467 12971 13253
moead,513_e-05,6,27,1850,37,29521596.722294,192357.474501,0.551020,0.448980,11499 11786 11875 11881 11893 12002 12091 12115 12119 12132 12343 12359 12467 12971 13253
moead,513_e-05,6,28,1850,37,29518921.533174,191453.364794,0.571429,0.428571,11499 11655 11675 11786 11789 11875 11908 12002 12115 12119 12351 12355 12359 12467 12971
moead,513_e-05,6,29,1850,37,29511246.284809,188500.244637,0.591837,0.408163,11675 11774 11786 11789 11875 11893 11908 12002 12115 12119 12132 12359 12467 12971 13253
moead,513_e-05,6,30,1850,37,29511246.284809,188500.244637,0.612245,0.387755,11675 11774 11786 11789 11875 11893 11908 12002 12115 12119 12132 12359 12467 12971 13253
moead,513_e-05,6,31,1850,37,29511246.284809,188500.244637,0.632653,0.367347,11675 11774 11786 11789 11875 11893 11908 12002 12115 12119 12132 12359 12467 12971 13253
moead,513_e-05,6,32,1850,37,29508893.692994,188410.603609,0.653061,0.346939,11492 11499 11675 11786 11789 11875 11893 12002 12115 12119 12132 12359 12467 12971 13253
moead,513_e-05,6,33,1850,37,29506748.395460,188381.988734,0.673469,0.326531,11771 11786 11789 11875 11893 12002 12115 12119 12132 12239 12359 12479 12971 13253 13377
moead,513_e-05,6,34,1850,37,29506748.395460,188381.988734,0.693878,0.306122,11771 11786 11789 11875 11893 12002 12115 12119 12132 12239 12359 12479 12971 13253 13377
moead,513_e-05,6,35,1850,37,29495316.841278,188348.149521,0.714286,0.285714,11675 11679 11786 11789 11875 11893 12002 12115 12119 12132 12239 12359 12479 12971 13253
moead,513_e-05,6,36,1850,37,29495316.841278,188348.149521,0.734694,0.265306,11675 11679 11786 11789 11875 11893 12002 12115 12119 12132 12239 12359 12479 12971 13253
moead,513_e-05,6,37,1850,37,29495316.841278,188348.149521,0.755102,0.244898,11675 11679 11786 11789 11875 11893 12002 12115 12119 12132 12239 12359 12479 12971 13253
moead,513_e-05,6,38,1850,37,29495316.841278,188348.149521,0.775510,0.224490,11675 11679 11786 11789 11875 11893 12002 12115 12119 12132 12239 12359 12479 12971 13253
moead,513_e-05,6,39,1850,37,29495316.841278,188348.149521,0.795918,0.204082,11675 11679 11786 11789 11875 11893 12002 12115 12119 12132 12239 12359 12479 12971 13253
moead,513_e-05,6,40,1850,37,29495316.841278,188348.149521,0.816327,0.183673,11675 11679 11786 11789 11875 11893 12002 12115 12119 12132 12239 12359 12479 12971 13253
moead,513_e-05,6,41,1850,37,29492681.527595,187733.047295,0.836735,0.163265,11675 11679 11771 11786 11789 11875 11893 12002 12115 12119 12132 12239 12359 12479 12971
moead,513_e-05,6,42,1850,37,29492681.527595,187733.047295,0.857143,0.142857,11675 11679 11771 11786 11789 11875 11893 12002 12115 12119 12132 12239 12359 12479 12971
moead,513_e-05,6,43,1850,37,29489646.468209,187686.376667,0.877551,0.122449,11675 11786 11789 11875 11893 12002 12115 12119 12132 12221 12239 12356 12359 12479 12971
moead,513_e-05,6,44,1850,37,29489646.468209,187686.376667,0.897959,0.102041,11675 11786 11789 11875 11893 12002 12115 12119 12132 12221 12239 12356 12359 12479 12971
moead,513_e-05,6,45,1850,37,29489646.468209,187686.376667,0.918367,0.081633,11675 11786 11789 11875 11893 12002 12115 12119 12132 12221 12239 12356 12359 12479 12971
moead,513_e-05,6,46,1850,37,29486652.356786,187366.934915,0.938776,0.061224,11675 11679 11786 11789 11875 11893 12002 12115 12119 12132 12239 12356 12359 12479 12971
moead,513_e-05,6,47,1850,37,29486652.356786,187366.934915,0.959184,0.040816,11675 11679 11786 11789 11875 11893 12002 12115 12119 12132 12239 12356 12359 12479 12971
moead,513_e-05,6,48,1850,37,29486652.356786,187366.934915,0.979592,0.020408,11675 11679 11786 11789 11875 11893 12002 12115 12119 12132 12239 12356 12359 12479 12971
moead,513_e-05,6,49,1850,37,29486652.356786,187366.934915,1.000000,0.000000,11675 11679 11786 11789 11875 11893 12002 12115 12119 12132 12239 12356 12359 12479 12971
moead,513_e-05,6,0,1900,38,35803691.915308,236183.260254,0.000000,1.000000,12687 13540 14022 15109 48218 50217 51777 64719 65086 67214 68015 68477 69859 142559 179628
moead,513_e-05,6,1,1900,38,30129023.198140,221779.375732,0.020408,0.979592,10424 11212 11518 11771 11800 11986 12262 12476 12687 13237 13540 14022 14040 14358 67214
moead,513_e-05,6,2,1900,38,29928496.977810,217425.902873,0.040816,0.959184,10411 10424 11212 11225 11580 11675 11771 11800 11986 12262 12476 12687 13540 14022 15713
moead,513_e-05,6,3,1900,38,29838378.075043,213367.245163,0.061224,0.938776,10411 10424 11212 11225 11483 11580 11675 11771 11800 11986 12262 12476 12687 13540 14022
moead,513_e-05,6,4,1900,38,29780841.073302,212505.349045,0.081633,0.918367,10730 11212 11225 11576 11580 11674 11784 12233 12262 12360 12578 12595 13540 14022 15109
moead,513_e-05,6,5,1900,38,29702675.737281,208409.210020,0.102041,0.897959,10730 11212 11225 11576 11674 11675 12012 12127 12233 12262 12361 12578 12595 13540 14022
moead,513_e-05,6,6,1900,38,29687734.725266,207778.442730,0.122449,0.877551,10730 11212 11225 11674 11778 11784 12233 12262 12360 12361 12480 12578 12595 13540 14022
moead,513_e-05,6,7,1900,38,29658455.322966,204306.351494,0.142857,0.857143,11152 11212 11225 11576 11674 11675 11694 12012 12233 12262 12360 12578 12595 13540 14022
moead,513_e-05,6,8,1900,38,29639835.218281,204261.250307,0.163265,0.836735,11212 11225 11403 11576 11674 11675 12012 12233 12262 12360 12361 12578 12595 13540 14022
moead,513_e-05,6,9,1900,38,29639835.218281,204261.250307,0.183673,0.816327,11212 11225 11403 11576 11674 11675 12012 12233 12262 12360 12361 12578 12595 13540 14022
moead,513_e-05,6,10,1900,38,29623823.237858,200509.048989,0.204082,0.795918,11212 11225 11674 11771 11789 12012 12218 12233 12360 12361 12595 13253 13398 13540 14022
moead,513_e-05,6,11,1900,38,29609832.531855,200073.495316,0.224490,0.775510,11212 11225 11674 11675 11771 11789 12012 12218 12233 12360 12361 12595 12971 13253 14022
moead,513_e-05,6,12,1900,38,29591967.240154,196948.530105,0.244898,0.755102,10911 11212 11225 11673 11675 11771 11789 11986 12233 12360 12361 12377 12479 12595 13253
moead,513_e-05,6,13,1900,38,29591967.240154,196948.530105,0.265306,0.734694,10911 11212 11225 11673 11675 11771 11789 11986 12233 12360 12361 12377 12479 12595 13253
moead,513_e-05,6,14,1900,38,29577110.692080,196690.177855,0.285714,0.714286,11212 11225 11576 11579 11675 11997 12012 12218 12233 12240 12262 12360 12361 12595 13253
moead,513_e-05,6,15,1900,38,29566182.428867,196519.270900,0.306122,0.693878,11212 11225 11673 11675 11771 11789 11986 12124 12360 12361 12377 12479 12595 12725 13253
moead,513_e-05,6,16,1900,38,29566182.428867,196519.270900,0.326531,0.673469,11212 11225 11673 11675 11771 11789 11986 12124 12360 12361 12377 12479 12595 12725 13253
moead,513_e-05,6,17,1900,38,29558457.271881,195963.877815,0.346939,0.653061,11212 11225 11673 11675 11771 11789 12218 12233 12360 12361 12479 12595 12725 12971 13253
moead,513_e-05,6,18,1900,38,29554045.043733,195566.729170,0.367347,0.632653,11212 11225 11673 11674 11675 11771 11789 12233 12360 12361 12479 12595 12725 12971 13253
moead,513_e-05,6,19,1900,38,29552999.409317,195475.170012,0.387755,0.612245,11212 11225 11576 11579 11675 11997 12012 12233 12360 12361 12479 12595 12725 12971 13253
moead,513_e-05,6,20,1900,38,29538291.268854,192840.816482,0.408163,0.591837,11470 11499 11786 11875 11893 12002 12091 12115 12119 12132 12343 12359 12467 12971 13253
moead,513_e-05,6,21,1900,38,29538291.268854,192840.816482,0.428571,0.571429,11470 11499 11786 11875 11893 12002 12091 12115 12119 12132 12343 12359 12467 12971 13253
moead,513_e-05,6,22,1900,38,29538291.268854,192840.816482,0.448980,0.551020,11470 11499 11786 11875 11893 12002 12091 12115 12119 12132 12343 12359 12467 12971 13253
moead,513_e-05,6,23,1900,38,29529792.085741,192453.676460,0.469388,0.530612,11499 11786 11875 11893 11908 12002 12091 12115 12119 12132 12343 12359 12467 12971 13253
moead,513_e-05,6,24,1900,38,29529792.085741,192453.676460,0.489796,0.510204,11499 11786 11875 11893 11908 12002 12091 12115 12119 12132 12343 12359 12467 12971 13253
moead,513_e-05,6,25,1900,38,29521596.722294,192357.474501,0.510204,0.489796,11499 11786 11875 11881 11893 12002 12091 12115 12119 12132 12343 12359 12467 12971 13253
moead,513_e-05,6,26,1900,38,29521596.722294,192357.474501,0.530612,0.469388,11499 11786 11875 11881 11893 12002 12091 12115 12119 12132 12343 12359 12467 12971 13253
moead,513_e-05,6,27,1900,38,29521596.722294,192357.474501,0.551020,0.448980,11499 11786 11875 11881 11893 12002 12091 12115 12119 12132 12343 12359 12467 12971 13253
moead,513_e-05,6,28,1900,38,29518921.533174,191453.364794,0.571429,0.428571,11499 11655 11675 11786 11789 11875 11908 12002 12115 12119 12351 12355 12359 12467 12971
moead,513_e-05,6,29,1900,38,29511246.284809,188500.244637,0.591837,0.408163,11675 11774 11786 11789 11875 11893 11908 12002 12115 12119 12132 12359 12467 12971 13253
moead,513_e-05,6,30,1900,38,29511246.284809,188500.244637,0.612245,0.387755,11675 11774 11786 11789 11875 11893 11908 12002 12115 12119 12132 12359 12467 12971 13253
moead,513_e-05,6,31,1900,38,29511246.284809,188500.244637,0.632653,0.367347,11675 11774 11786 11789 11875 11893 11908 12002 12115 12119 12132 12359 12467 12971 13253
moead,513_e-05,6,32,1900,38,29508893.692994,188410.603609,0.653061,0.346939,11492 11499 11675 11786 11789 11875 11893 12002 12115 12119 12132 12359 12467 12971 13253
moead,513_e-05,6,33,1900,38,29506748.395460,188381.988734,0.673469,0.326531,11771 11786 11789 11875 11893 12002 12115 12119 12132 12239 12359 12479 12971 13253 13377
moead,513_e-05,6,34,1900,38,29506748.395460,188381.988734,0.693878,0.306122,11771 11786 11789 11875 11893 12002 12115 12119 12132 12239 12359 12479 12971 13253 13377
moead,513_e-05,6,35,1900,38,29495316.841278,188348.149521,0.714286,0.285714,11675 11679 11786 11789 11875 11893 12002 12115 12119 12132 12239 12359 12479 12971 13253
moead,513_e-05,6,36,1900,38,29495316.841278,188348.149521,0.734694,0.265306,11675 11679 11786 11789 11875 11893 12002 12115 12119 12132 12239 12359 12479 12971 13253
moead,513_e-05,6,37,1900,38,29495316.841278,188348.149521,0.755102,0.244898,11675 11679 11786 11789 11875 11893 12002 12115 12119 12132 12239 12359 12479 12971 13253
moead,513_e-05,6,38,1900,38,29495316.841278,188348.149521,0.775510,0.224490,11675 11679 11786 11789 11875 11893 12002 12115 12119 12132 12239 12359 12479 12971 13253
moead,513_e-05,6,39,1900,38,29495316.841278,188348.149521,0.795918,0.204082,11675 11679 11786 11789 11875 11893 12002 12115 12119 12132 12239 12359 12479 12971 13253
moead,513_e-05,6,40,1900,38,29495316.841278,188348.149521,0.816327,0.183673,11675 11679 11786 11789 11875 11893 12002 12115 12119 12132 12239 12359 12479 12971 13253
moead,513_e-05,6,41,1900,38,29492681.527595,187733.047295,0.836735,0.163265,11675 11679 11771 11786 11789 11875 11893 12002 12115 12119 12132 12239 12359 12479 12971
moead,513_e-05,6,42,1900,38,29492681.527595,187733.047295,0.857143,0.142857,11675 11679 11771 11786 11789 11875 11893 12002 12115 12119 12132 12239 12359 12479 12971
moead,513_e-05,6,43,1900,38,29489646.468209,187686.376667,0.877551,0.122449,11675 11786 11789 11875 11893 12002 12115 12119 12132 12221 12239 12356 12359 12479 12971
moead,513_e-05,6,44,1900,38,29489646.468209,187686.376667,0.897959,0.102041,11675 11786 11789 11875 11893 12002 12115 12119 12132 12221 12239 12356 12359 12479 12971
moead,513_e-05,6,45,1900,38,29489646.468209,187686.376667,0.918367,0.081633,11675 11786 11789 11875 11893 12002 12115 12119 12132 12221 12239 12356 12359 12479 12971
moead,513_e-05,6,46,1900,38,29486652.356786,187366.934915,0.938776,0.061224,11675 11679 11786 11789 11875 11893 12002 12115 12119 12132 12239 12356 12359 12479 12971
moead,513_e-05,6,47,1900,38,29486652.356786,187366.934915,0.959184,0.040816,11675 11679 11786 11789 11875 11893 12002 12115 12119 12132 12239 12356 12359 12479 12971
moead,513_e-05,6,48,1900,38,29486652.356786,187366.934915,0.979592,0.020408,11675 11679 11786 11789 11875 11893 12002 12115 12119 12132 12239 12356 12359 12479 12971
moead,513_e-05,6,49,1900,38,29486652.356786,187366.934915,1.000000,0.000000,11675 11679 11786 11789 11875 11893 12002 12115 12119 12132 12239 12356 12359 12479 12971
moead,513_e-05,6,0,1950,39,34466280.214935,236183.260254,0.000000,1.000000,9928 12595 13540 14022 15109 48218 51777 53453 65086 67214 68015 69859 96102 105005 183329
moead,513_e-05,6,1,1950,39,30129023.198140,221779.375732,0.020408,0.979592,10424 11212 11518 11771 11800 11986 12262 12476 12687 13237 13540 14022 14040 14358 67214
moead,513_e-05,6,2,1950,39,29928496.977810,217425.902873,0.040816,0.959184,10411 10424 11212 11225 11580 11675 11771 11800 11986 12262 12476 12687 13540 14022 15713
moead,513_e-05,6,3,1950,39,29838378.075043,213367.245163,0.061224,0.938776,10411 10424 11212 11225 11483 11580 11675 11771 11800 11986 12262 12476 12687 13540 14022
moead,513_e-05,6,4,1950,39,29780841.073302,212505.349045,0.081633,0.918367,10730 11212 11225 11576 11580 11674 11784 12233 12262 12360 12578 12595 13540 14022 15109
moead,513_e-05,6,5,1950,39,29702675.737281,208409.210020,0.102041,0.897959,10730 11212 11225 11576 11674 11675 12012 12127 12233 12262 12361 12578 12595 13540 14022
moead,513_e-05,6,6,1950,39,29687734.725266,207778.442730,0.122449,0.877551,10730 11212 11225 11674 11778 11784 12233 12262 12360 12361 12480 12578 12595 13540 14022
moead,513_e-05,6,7,1950,39,29658455.322966,204306.351494,0.142857,0.857143,11152 11212 11225 11576 11674 11675 11694 12012 12233 12262 12360 12578 12595 13540 14022
moead,513_e-05,6,8,1950,39,29639835.218281,204261.250307,0.163265,0.836735,11212 11225 11403 11576 11674 11675 12012 12233 12262 12360 12361 12578 12595 13540 14022
moead,513_e-05,6,9,1950,39,29639835.218281,204261.250307,0.183673,0.816327,11212 11225 11403 11576 11674 11675 12012 12233 12262 12360 12361 12578 12595 13540 14022
moead,513_e-05,6,10,1950,39,29618407.445703,200478.569931,0.204082,0.795918,11212 11225 11674 11771 11789 11894 12012 12218 12233 12361 12595 12971 13253 13398 14022
moead,513_e-05,6,11,1950,39,29608989.092959,200136.937782,0.224490,0.775510,11212 11225 11576 11579 11675 11997 12012 12218 12233 12360 12361 12595 12971 13253 14022
moead,513_e-05,6,12,1950,39,29594260.771388,196972.848048,0.244898,0.755102,10911 11212 11225 11673 11675 11771 11789 11986 12360 12361 12377 12479 12595 12725 13253
moead,513_e-05,6,13,1950,39,29594260.771388,196972.848048,0.265306,0.734694,10911 11212 11225 11673 11675 11771 11789 11986 12360 12361 12377 12479 12595 12725 13253
moead,513_e-05,6,14,1950,39,29577110.692080,196690.177855,0.285714,0.714286,11212 11225 11576 11579 11675 11997 12012 12218 12233 12240 12262 12360 12361 12595 13253
moead,513_e-05,6,15,1950,39,29566182.428867,196519.270900,0.306122,0.693878,11212 11225 11673 11675 11771 11789 11986 12124 12360 12361 12377 12479 12595 12725 13253
moead,513_e-05,6,16,1950,39,29566182.428867,196519.270900,0.326531,0.673469,11212 11225 11673 11675 11771 11789 11986 12124 12360 12361 12377 12479 12595 12725 13253
moead,513_e-05,6,17,1950,39,29558457.271881,195963.877815,0.346939,0.653061,11212 11225 11673 11675 11771 11789 12218 12233 12360 12361 12479 12595 12725 12971 13253
moead,513_e-05,6,18,1950,39,29554045.043733,195566.729170,0.367347,0.632653,11212 11225 11673 11674 11675 11771 11789 12233 12360 12361 12479 12595 12725 12971 13253
moead,513_e-05,6,19,1950,39,29552999.409317,195475.170012,0.387755,0.612245,11212 11225 11576 11579 11675 11997 12012 12233 12360 12361 12479 12595 12725 12971 13253
moead,513_e-05,6,20,1950,39,29538291.268854,192840.816482,0.408163,0.591837,11470 11499 11786 11875 11893 12002 12091 12115 12119 12132 12343 12359 12467 12971 13253
moead,513_e-05,6,21,1950,39,29538291.268854,192840.816482,0.428571,0.571429,11470 11499 11786 11875 11893 12002 12091 12115 12119 12132 12343 12359 12467 12971 13253
moead,513_e-05,6,22,1950,39,29538291.268854,192840.816482,0.448980,0.551020,11470 11499 11786 11875 11893 12002 12091 12115 12119 12132 12343 12359 12467 12971 13253
moead,513_e-05,6,23,1950,39,29529792.085741,192453.676460,0.469388,0.530612,11499 11786 11875 11893 11908 12002 12091 12115 12119 12132 12343 12359 12467 12971 13253
moead,513_e-05,6,24,1950,39,29529792.085741,192453.676460,0.489796,0.510204,11499 11786 11875 11893 11908 12002 12091 12115 12119 12132 12343 12359 12467 12971 13253
moead,513_e-05,6,25,1950,39,29518715.100163,192357.474501,0.510204,0.489796,11675 11786 11875 11881 11893 12002 12091 12115 12119 12132 12343 12359 12467 12971 13253
moead,513_e-05,6,26,1950,39,29518715.100163,192357.474501,0.530612,0.469388,11675 11786 11875 11881 11893 12002 12091 12115 12119 12132 12343 12359 12467 12971 13253
moead,513_e-05,6,27,1950,39,29518715.100163,192357.474501,0.551020,0.448980,11675 11786 11875 11881 11893 12002 12091 12115 12119 12132 12343 12359 12467 12971 13253
moead,513_e-05,6,28,1950,39,29518715.100163,192357.474501,0.571429,0.428571,11675 11786 11875 11881 11893 12002 12091 12115 12119 12132 12343 12359 12467 12971 13253
moead,513_e-05,6,29,1950,39,29511246.284809,188500.244637,0.591837,0.408163,11675 11774 11786 11789 11875 11893 11908 12002 12115 12119 12132 12359 12467 12971 13253
moead,513_e-05,6,30,1950,39,29511246.284809,188500.244637,0.612245,0.387755,11675 11774 11786 11789 11875 11893 11908 12002 12115 12119 12132 12359 12467 12971 13253
moead,513_e-05,6,31,1950,39,29511246.284809,188500.244637,0.632653,0.367347,11675 11774 11786 11789 11875 11893 11908 12002 12115 12119 12132 12359 12467 12971 13253
moead,513_e-05,6,32,1950,39,29508893.692994,188410.603609,0.653061,0.346939,11492 11499 11675 11786 11789 11875 11893 12002 12115 12119 12132 12359 12467 12971 13253
moead,513_e-05,6,33,1950,39,29506748.395460,188381.988734,0.673469,0.326531,11771 11786 11789 11875 11893 12002 12115 12119 12132 12239 12359 12479 12971 13253 13377
moead,513_e-05,6,34,1950,39,29506748.395460,188381.988734,0.693878,0.306122,11771 11786 11789 11875 11893 12002 12115 12119 12132 12239 12359 12479 12971 13253 13377
moead,513_e-05,6,35,1950,39,29495316.841278,188348.149521,0.714286,0.285714,11675 11679 11786 11789 11875 11893 12002 12115 12119 12132 12239 12359 12479 12971 13253
moead,513_e-05,6,36,1950,39,29495316.841278,188348.149521,0.734694,0.265306,11675 11679 11786 11789 11875 11893 12002 12115 12119 12132 12239 12359 12479 12971 13253
moead,513_e-05,6,37,1950,39,29495316.841278,188348.149521,0.755102,0.244898,11675 11679 11786 11789 11875 11893 12002 12115 12119 12132 12239 12359 12479 12971 13253
moead,513_e-05,6,38,1950,39,29495316.841278,188348.149521,0.775510,0.224490,11675 11679 11786 11789 11875 11893 12002 12115 12119 12132 12239 12359 12479 12971 13253
moead,513_e-05,6,39,1950,39,29495316.841278,188348.149521,0.795918,0.204082,11675 11679 11786 11789 11875 11893 12002 12115 12119 12132 12239 12359 12479 12971 13253
moead,513_e-05,6,40,1950,39,29495316.841278,188348.149521,0.816327,0.183673,11675 11679 11786 11789 11875 11893 12002 12115 12119 12132 12239 12359 12479 12971 13253
moead,513_e-05,6,41,1950,39,29492681.527595,187733.047295,0.836735,0.163265,11675 11679 11771 11786 11789 11875 11893 12002 12115 12119 12132 12239 12359 12479 12971
moead,513_e-05,6,42,1950,39,29492681.527595,187733.047295,0.857143,0.142857,11675 11679 11771 11786 11789 11875 11893 12002 12115 12119 12132 12239 12359 12479 12971
moead,513_e-05,6,43,1950,39,29490396.847625,187722.914334,0.877551,0.122449,11675 11679 11774 11786 11789 11875 11893 12002 12115 12132 12239 12356 12359 12479 12971
moead,513_e-05,6,44,1950,39,29490396.847625,187722.914334,0.897959,0.102041,11675 11679 11774 11786 11789 11875 11893 12002 12115 12132 12239 12356 12359 12479 12971
moead,513_e-05,6,45,1950,39,29489646.468209,187686.376667,0.918367,0.081633,11675 11786 11789 11875 11893 12002 12115 12119 12132 12221 12239 12356 12359 12479 12971
moead,513_e-05,6,46,1950,39,29486652.356786,187366.934915,0.938776,0.061224,11675 11679 11786 11789 11875 11893 12002 12115 12119 12132 12239 12356 12359 12479 12971
moead,513_e-05,6,47,1950,39,29486652.356786,187366.934915,0.959184,0.040816,11675 11679 11786 11789 11875 11893 12002 12115 12119 12132 12239 12356 12359 12479 12971
moead,513_e-05,6,48,1950,39,29486652.356786,187366.934915,0.979592,0.020408,11675 11679 11786 11789 11875 11893 12002 12115 12119 12132 12239 12356 12359 12479 12971
moead,513_e-05,6,49,1950,39,29486652.356786,187366.934915,1.000000,0.000000,11675 11679 11786 11789 11875 11893 12002 12115 12119 12132 12239 12356 12359 12479 12971
moead,513_e-05,6,0,2000,40,35829849.406210,236183.260254,0.000000,1.000000,9928 13540 23070 44888 48218 57760 68015 68701 104377 105576 112553 112813 114357 124958 146210
moead,513_e-05,6,1,2000,40,30129023.198140,221779.375732,0.020408,0.979592,10424 11212 11518 11771 11800 11986 12262 12476 12687 13237 13540 14022 14040 14358 67214
moead,513_e-05,6,2,2000,40,29928496.977810,217425.902873,0.040816,0.959184,10411 10424 11212 11225 11580 11675 11771 11800 11986 12262 12476 12687 13540 14022 15713
moead,513_e-05,6,3,2000,40,29838378.075043,213367.245163,0.061224,0.938776,10411 10424 11212 11225 11483 11580 11675 11771 11800 11986 12262 12476 12687 13540 14022
moead,513_e-05,6,4,2000,40,29780841.073302,212505.349045,0.081633,0.918367,10730 11212 11225 11576 11580 11674 11784 12233 12262 12360 12578 12595 13540 14022 15109
moead,513_e-05,6,5,2000,40,29702675.737281,208409.210020,0.102041,0.897959,10730 11212 11225 11576 11674 11675 12012 12127 12233 12262 12361 12578 12595 13540 14022
moead,513_e-05,6,6,2000,40,29687734.725266,207778.442730,0.122449,0.877551,10730 11212 11225 11674 11778 11784 12233 12262 12360 12361 12480 12578 12595 13540 14022
moead,513_e-05,6,7,2000,40,29658455.322966,204306.351494,0.142857,0.857143,11152 11212 11225 11576 11674 11675 11694 12012 12233 12262 12360 12578 12595 13540 14022
moead,513_e-05,6,8,2000,40,29639835.218281,204261.250307,0.163265,0.836735,11212 11225 11403 11576 11674 11675 12012 12233 12262 12360 12361 12578 12595 13540 14022
moead,513_e-05,6,9,2000,40,29639835.218281,204261.250307,0.183673,0.816327,11212 11225 11403 11576 11674 11675 12012 12233 12262 12360 12361 12578 12595 13540 14022
moead,513_e-05,6,10,2000,40,29618407.445703,200478.569931,0.204082,0.795918,11212 11225 11674 11771 11789 11894 12012 12218 12233 12361 12595 12971 13253 13398 14022
moead,513_e-05,6,11,2000,40,29608989.092959,200136.937782,0.224490,0.775510,11212 11225 11576 11579 11675 11997 12012 12218 12233 12360 12361 12595 12971 13253 14022
moead,513_e-05,6,12,2000,40,29594260.771388,196972.848048,0.244898,0.755102,10911 11212 11225 11673 11675 11771 11789 11986 12360 12361 12377 12479 12595 12725 13253
moead,513_e-05,6,13,2000,40,29594260.771388,196972.848048,0.265306,0.734694,10911 11212 11225 11673 11675 11771 11789 11986 12360 12361 12377 12479 12595 12725 13253
moead,513_e-05,6,14,2000,40,29577110.692080,196690.177855,0.285714,0.714286,11212 11225 11576 11579 11675 11997 12012 12218 12233 12240 12262 12360 12361 12595 13253
moead,513_e-05,6,15,2000,40,29568597.019594,196563.844185,0.306122,0.693878,11212 11225 11673 11674 11675 11771 11789 12115 12119 12132 12343 12359 12467 12971 13253
moead,513_e-05,6,16,2000,40,29563851.835067,196494.953010,0.326531,0.673469,11212 11225 11673 11675 11771 11789 11986 12233 12360 12361 12377 12479 12595 12725 13253
moead,513_e-05,6,17,2000,40,29558457.271881,195963.877815,0.346939,0.653061,11212 11225 11673 11675 11771 11789 12218 12233 12360 12361 12479 12595 12725 12971 13253
moead,513_e-05,6,18,2000,40,29554045.043733,195566.729170,0.367347,0.632653,11212 11225 11673 11674 11675 11771 11789 12233 12360 12361 12479 12595 12725 12971 13253
moead,513_e-05,6,19,2000,40,29552999.409317,195475.170012,0.387755,0.612245,11212 11225 11576 11579 11675 11997 12012 12233 12360 12361 12479 12595 12725 12971 13253
moead,513_e-05,6,20,2000,40,29538291.268854,192840.816482,0.408163,0.591837,11470 11499 11786 11875 11893 12002 12091 12115 12119 12132 12343 12359 12467 12971 13253
moead,513_e-05,6,21,2000,40,29538291.268854,192840.816482,0.428571,0.571429,11470 11499 11786 11875 11893 12002 12091 12115 12119 12132 12343 12359 12467 12971 13253
moead,513_e-05,6,22,2000,40,29538291.268854,192840.816482,0.448980,0.551020,11470 11499 11786 11875 11893 12002 12091 12115 12119 12132 12343 12359 12467 12971 13253
moead,513_e-05,6,23,2000,40,29529792.085741,192453.676460,0.469388,0.530612,11499 11786 11875 11893 11908 12002 12091 12115 12119 12132 12343 12359 12467 12971 13253
moead,513_e-05,6,24,2000,40,29529792.085741,192453.676460,0.489796,0.510204,11499 11786 11875 11893 11908 12002 12091 12115 12119 12132 12343 12359 12467 12971 13253
moead,513_e-05,6,25,2000,40,29518715.100163,192357.474501,0.510204,0.489796,11675 11786 11875 11881 11893 12002 12091 12115 12119 12132 12343 12359 12467 12971 13253
moead,513_e-05,6,26,2000,40,29518715.100163,192357.474501,0.530612,0.469388,11675 11786 11875 11881 11893 12002 12091 12115 12119 12132 12343 12359 12467 12971 13253
moead,513_e-05,6,27,2000,40,29518715.100163,192357.474501,0.551020,0.448980,11675 11786 11875 11881 11893 12002 12091 12115 12119 12132 12343 12359 12467 12971 13253
moead,513_e-05,6,28,2000,40,29518715.100163,192357.474501,0.571429,0.428571,11675 11786 11875 11881 11893 12002 12091 12115 12119 12132 12343 12359 12467 12971 13253
moead,513_e-05,6,29,2000,40,29511246.284809,188500.244637,0.591837,0.408163,11675 11774 11786 11789 11875 11893 11908 12002 12115 12119 12132 12359 12467 12971 13253
moead,513_e-05,6,30,2000,40,29511246.284809,188500.244637,0.612245,0.387755,11675 11774 11786 11789 11875 11893 11908 12002 12115 12119 12132 12359 12467 12971 13253
moead,513_e-05,6,31,2000,40,29511246.284809,188500.244637,0.632653,0.367347,11675 11774 11786 11789 11875 11893 11908 12002 12115 12119 12132 12359 12467 12971 13253
moead,513_e-05,6,32,2000,40,29507573.225814,188478.583092,0.653061,0.346939,11675 11774 11786 11789 11875 11893 11908 12002 12119 12132 12239 12359 12479 12971 13253
moead,513_e-05,6,33,2000,40,29507573.225814,188478.583092,0.673469,0.326531,11675 11774 11786 11789 11875 11893 11908 12002 12119 12132 12239 12359 12479 12971 13253
moead,513_e-05,6,34,2000,40,29506748.395460,188381.988734,0.693878,0.306122,11771 11786 11789 11875 11893 12002 12115 12119 12132 12239 12359 12479 12971 13253 13377
moead,513_e-05,6,35,2000,40,29495316.841278,188348.149521,0.714286,0.285714,11675 11679 11786 11789 11875 11893 12002 12115 12119 12132 12239 12359 12479 12971 13253
moead,513_e-05,6,36,2000,40,29495316.841278,188348.149521,0.734694,0.265306,11675 11679 11786 11789 11875 11893 12002 12115 12119 12132 12239 12359 12479 12971 13253
moead,513_e-05,6,37,2000,40,29495316.841278,188348.149521,0.755102,0.244898,11675 11679 11786 11789 11875 11893 12002 12115 12119 12132 12239 12359 12479 12971 13253
moead,513_e-05,6,38,2000,40,29495316.841278,188348.149521,0.775510,0.224490,11675 11679 11786 11789 11875 11893 12002 12115 12119 12132 12239 12359 12479 12971 13253
moead,513_e-05,6,39,2000,40,29495316.841278,188348.149521,0.795918,0.204082,11675 11679 11786 11789 11875 11893 12002 12115 12119 12132 12239 12359 12479 12971 13253
moead,513_e-05,6,40,2000,40,29495316.841278,188348.149521,0.816327,0.183673,11675 11679 11786 11789 11875 11893 12002 12115 12119 12132 12239 12359 12479 12971 13253
moead,513_e-05,6,41,2000,40,29492681.527595,187733.047295,0.836735,0.163265,11675 11679 11771 11786 11789 11875 11893 12002 12115 12119 12132 12239 12359 12479 12971
moead,513_e-05,6,42,2000,40,29492681.527595,187733.047295,0.857143,0.142857,11675 11679 11771 11786 11789 11875 11893 12002 12115 12119 12132 12239 12359 12479 12971
moead,513_e-05,6,43,2000,40,29490396.847625,187722.914334,0.877551,0.122449,11675 11679 11774 11786 11789 11875 11893 12002 12115 12132 12239 12356 12359 12479 12971
moead,513_e-05,6,44,2000,40,29490396.847625,187722.914334,0.897959,0.102041,11675 11679 11774 11786 11789 11875 11893 12002 12115 12132 12239 12356 12359 12479 12971
moead,513_e-05,6,45,2000,40,29489646.468209,187686.376667,0.918367,0.081633,11675 11786 11789 11875 11893 12002 12115 12119 12132 12221 12239 12356 12359 12479 12971
moead,513_e-05,6,46,2000,40,29486652.356786,187366.934915,0.938776,0.061224,11675 11679 11786 11789 11875 11893 12002 12115 12119 12132 12239 12356 12359 12479 12971
moead,513_e-05,6,47,2000,40,29486652.356786,187366.934915,0.959184,0.040816,11675 11679 11786 11789 11875 11893 12002 12115 12119 12132 12239 12356 12359 12479 12971
moead,513_e-05,6,48,2000,40,29486652.356786,187366.934915,0.979592,0.020408,11675 11679 11786 11789 11875 11893 12002 12115 12119 12132 12239 12356 12359 12479 12971
moead,513_e-05,6,49,2000,40,29486652.356786,187366.934915,1.000000,0.000000,11675 11679 11786 11789 11875 11893 12002 12115 12119 12132 12239 12356 12359 12479 12971
moead,513_e-05,6,0,2050,41,37122297.939408,236183.260254,0.000000,1.000000,9928 12595 13540 23569 44888 57761 59823 68701 89500 104377 105868 112030 115654 117340 131186
moead,513_e-05,6,1,2050,41,30129023.198140,221779.375732,0.020408,0.979592,10424 11212 11518 11771 11800 11986 12262 12476 12687 13237 13540 14022 14040 14358 67214
moead,513_e-05,6,2,2050,41,29922655.052711,217448.008392,0.040816,0.959184,10411 10424 11212 11225 11580 11675 11800 11986 12113 12262 12476 12687 13540 14022 15713
moead,513_e-05,6,3,2050,41,29838378.075043,213367.245163,0.061224,0.938776,10411 10424 11212 11225 11483 11580 11675 11771 11800 11986 12262 12476 12687 13540 14022
moead,513_e-05,6,4,2050,41,29780841.073302,212505.349045,0.081633,0.918367,10730 11212 11225 11576 11580 11674 11784 12233 12262 12360 12578 12595 13540 14022 15109
moead,513_e-05,6,5,2050,41,29702675.737281,208409.210020,0.102041,0.897959,10730 11212 11225 11576 11674 11675 12012 12127 12233 12262 12361 12578 12595 13540 14022
moead,513_e-05,6,6,2050,41,29687734.725266,207778.442730,0.122449,0.877551,10730 11212 11225 11674 11778 11784 12233 12262 12360 12361 12480 12578 12595 13540 14022
moead,513_e-05,6,7,2050,41,29658455.322966,204306.351494,0.142857,0.857143,11152 11212 11225 11576 11674 11675 11694 12012 12233 12262 12360 12578 12595 13540 14022
moead,513_e-05,6,8,2050,41,29639835.218281,204261.250307,0.163265,0.836735,11212 11225 11403 11576 11674 11675 12012 12233 12262 12360 12361 12578 12595 13540 14022
moead,513_e-05,6,9,2050,41,29639835.218281,204261.250307,0.183673,0.816327,11212 11225 11403 11576 11674 11675 12012 12233 12262 12360 12361 12578 12595 13540 14022
moead,513_e-05,6,10,2050,41,29618407.445703,200478.569931,0.204082,0.795918,11212 11225 11674 11771 11789 11894 12012 12218 12233 12361 12595 12971 13253 13398 14022
moead,513_e-05,6,11,2050,41,29608989.092959,200136.937782,0.224490,0.775510,11212 11225 11576 11579 11675 11997 12012 12218 12233 12360 12361 12595 12971 13253 14022
moead,513_e-05,6,12,2050,41,29594260.771388,196972.848048,0.244898,0.755102,10911 11212 11225 11673 11675 11771 11789 11986 12360 12361 12377 12479 12595 12725 13253
moead,513_e-05,6,13,2050,41,29594260.771388,196972.848048,0.265306,0.734694,10911 11212 11225 11673 11675 11771 11789 11986 12360 12361 12377 12479 12595 12725 13253
moead,513_e-05,6,14,2050,41,29577110.692080,196690.177855,0.285714,0.714286,11212 11225 11576 11579 11675 11997 12012 12218 12233 12240 12262 12360 12361 12595 13253
moead,513_e-05,6,15,2050,41,29568597.019594,196563.844185,0.306122,0.693878,11212 11225 11673 11674 11675 11771 11789 12115 12119 12132 12343 12359 12467 12971 13253
moead,513_e-05,6,16,2050,41,29563851.835067,196494.953010,0.326531,0.673469,11212 11225 11673 11675 11771 11789 11986 12233 12360 12361 12377 12479 12595 12725 13253
moead,513_e-05,6,17,2050,41,29558457.271881,195963.877815,0.346939,0.653061,11212 11225 11673 11675 11771 11789 12218 12233 12360 12361 12479 12595 12725 12971 13253
moead,513_e-05,6,18,2050,41,29554045.043733,195566.729170,0.367347,0.632653,11212 11225 11673 11674 11675 11771 11789 12233 12360 12361 12479 12595 12725 12971 13253
moead,513_e-05,6,19,2050,41,29552999.409317,195475.170012,0.387755,0.612245,11212 11225 11576 11579 11675 11997 12012 12233 12360 12361 12479 12595 12725 12971 13253
moead,513_e-05,6,20,2050,41,29538291.268854,192840.816482,0.408163,0.591837,11470 11499 11786 11875 11893 12002 12091 12115 12119 12132 12343 12359 12467 12971 13253
moead,513_e-05,6,21,2050,41,29538291.268854,192840.816482,0.428571,0.571429,11470 11499 11786 11875 11893 12002 12091 12115 12119 12132 12343 12359 12467 12971 13253
moead,513_e-05,6,22,2050,41,29538291.268854,192840.816482,0.448980,0.551020,11470 11499 11786 11875 11893 12002 12091 12115 12119 12132 12343 12359 12467 12971 13253
moead,513_e-05,6,23,2050,41,29529792.085741,192453.676460,0.469388,0.530612,11499 11786 11875 11893 11908 12002 12091 12115 12119 12132 12343 12359 12467 12971 13253
moead,513_e-05,6,24,2050,41,29529792.085741,192453.676460,0.489796,0.510204,11499 11786 11875 11893 11908 12002 12091 12115 12119 12132 12343 12359 12467 12971 13253
moead,513_e-05,6,25,2050,41,29518715.100163,192357.474501,0.510204,0.489796,11675 11786 11875 11881 11893 12002 12091 12115 12119 12132 12343 12359 12467 12971 13253
moead,513_e-05,6,26,2050,41,29518715.100163,192357.474501,0.530612,0.469388,11675 11786 11875 11881 11893 12002 12091 12115 12119 12132 12343 12359 12467 12971 13253
moead,513_e-05,6,27,2050,41,29518715.100163,192357.474501,0.551020,0.448980,11675 11786 11875 11881 11893 12002 12091 12115 12119 12132 12343 12359 12467 12971 13253
moead,513_e-05,6,28,2050,41,29518715.100163,192357.474501,0.571429,0.428571,11675 11786 11875 11881 11893 12002 12091 12115 12119 12132 12343 12359 12467 12971 13253
moead,513_e-05,6,29,2050,41,29511246.284809,188500.244637,0.591837,0.408163,11675 11774 11786 11789 11875 11893 11908 12002 12115 12119 12132 12359 12467 12971 13253
moead,513_e-05,6,30,2050,41,29511246.284809,188500.244637,0.612245,0.387755,11675 11774 11786 11789 11875 11893 11908 12002 12115 12119 12132 12359 12467 12971 13253
moead,513_e-05,6,31,2050,41,29511246.284809,188500.244637,0.632653,0.367347,11675 11774 11786 11789 11875 11893 11908 12002 12115 12119 12132 12359 12467 12971 13253
moead,513_e-05,6,32,2050,41,29507573.225814,188478.583092,0.653061,0.346939,11675 11774 11786 11789 11875 11893 11908 12002 12119 12132 12239 12359 12479 12971 13253
moead,513_e-05,6,33,2050,41,29507573.225814,188478.583092,0.673469,0.326531,11675 11774 11786 11789 11875 11893 11908 12002 12119 12132 12239 12359 12479 12971 13253
moead,513_e-05,6,34,2050,41,29506748.395460,188381.988734,0.693878,0.306122,11771 11786 11789 11875 11893 12002 12115 12119 12132 12239 12359 12479 12971 13253 13377
moead,513_e-05,6,35,2050,41,29495316.841278,188348.149521,0.714286,0.285714,11675 11679 11786 11789 11875 11893 12002 12115 12119 12132 12239 12359 12479 12971 13253
moead,513_e-05,6,36,2050,41,29495316.841278,188348.149521,0.734694,0.265306,11675 11679 11786 11789 11875 11893 12002 12115 12119 12132 12239 12359 12479 12971 13253
moead,513_e-05,6,37,2050,41,29495316.841278,188348.149521,0.755102,0.244898,11675 11679 11786 11789 11875 11893 12002 12115 12119 12132 12239 12359 12479 12971 13253
moead,513_e-05,6,38,2050,41,29495316.841278,188348.149521,0.775510,0.224490,11675 11679 11786 11789 11875 11893 12002 12115 12119 12132 12239 12359 12479 12971 13253
moead,513_e-05,6,39,2050,41,29495316.841278,188348.149521,0.795918,0.204082,11675 11679 11786 11789 11875 11893 12002 12115 12119 12132 12239 12359 12479 12971 13253
moead,513_e-05,6,40,2050,41,29495316.841278,188348.149521,0.816327,0.183673,11675 11679 11786 11789 11875 11893 12002 12115 12119 12132 12239 12359 12479 12971 13253
moead,513_e-05,6,41,2050,41,29492681.527595,187733.047295,0.836735,0.163265,11675 11679 11771 11786 11789 11875 11893 12002 12115 12119 12132 12239 12359 12479 12971
moead,513_e-05,6,42,2050,41,29492681.527595,187733.047295,0.857143,0.142857,11675 11679 11771 11786 11789 11875 11893 12002 12115 12119 12132 12239 12359 12479 12971
moead,513_e-05,6,43,2050,41,29490396.847625,187722.914334,0.877551,0.122449,11675 11679 11774 11786 11789 11875 11893 12002 12115 12132 12239 12356 12359 12479 12971
moead,513_e-05,6,44,2050,41,29490396.847625,187722.914334,0.897959,0.102041,11675 11679 11774 11786 11789 11875 11893 12002 12115 12132 12239 12356 12359 12479 12971
moead,513_e-05,6,45,2050,41,29489646.468209,187686.376667,0.918367,0.081633,11675 11786 11789 11875 11893 12002 12115 12119 12132 12221 12239 12356 12359 12479 12971
moead,513_e-05,6,46,2050,41,29486652.356786,187366.934915,0.938776,0.061224,11675 11679 11786 11789 11875 11893 12002 12115 12119 12132 12239 12356 12359 12479 12971
moead,513_e-05,6,47,2050,41,29486652.356786,187366.934915,0.959184,0.040816,11675 11679 11786 11789 11875 11893 12002 12115 12119 12132 12239 12356 12359 12479 12971
moead,513_e-05,6,48,2050,41,29486652.356786,187366.934915,0.979592,0.020408,11675 11679 11786 11789 11875 11893 12002 12115 12119 12132 12239 12356 12359 12479 12971
moead,513_e-05,6,49,2050,41,29486652.356786,187366.934915,1.000000,0.000000,11675 11679 11786 11789 11875 11893 12002 12115 12119 12132 12239 12356 12359 12479 12971
moead,513_e-05,6,0,2100,42,36407439.206877,236183.260254,0.000000,1.000000,12687 13540 15109 59823 65086 67214 70379 74568 95966 109438 115654 117102 117340 118690 150766
moead,513_e-05,6,1,2100,42,30160708.719545,221779.375732,0.020408,0.979592,10424 11212 11518 11771 11800 11986 12262 12476 12687 13237 13540 14022 14040 14358 65101
moead,513_e-05,6,2,2100,42,29908700.787832,217448.008392,0.040816,0.959184,10411 10424 11212 11225 11580 11675 11800 11986 12113 12262 12476 12687 13540 14022 15109
moead,513_e-05,6,3,2100,42,29838378.075043,213367.245163,0.061224,0.938776,10411 10424 11212 11225 11483 11580 11675 11771 11800 11986 12262 12476 12687 13540 14022
moead,513_e-05,6,4,2100,42,29780841.073302,212505.349045,0.081633,0.918367,10730 11212 11225 11576 11580 11674 11784 12233 12262 12360 12578 12595 13540 14022 15109
moead,513_e-05,6,5,2100,42,29702675.737281,208409.210020,0.102041,0.897959,10730 11212 11225 11576 11674 11675 12012 12127 12233 12262 12361 12578 12595 13540 14022
moead,513_e-05,6,6,2100,42,29687734.725266,207778.442730,0.122449,0.877551,10730 11212 11225 11674 11778 11784 12233 12262 12360 12361 12480 12578 12595 13540 14022
moead,513_e-05,6,7,2100,42,29658455.322966,204306.351494,0.142857,0.857143,11152 11212 11225 11576 11674 11675 11694 12012 12233 12262 12360 12578 12595 13540 14022
moead,513_e-05,6,8,2100,42,29639835.218281,204261.250307,0.163265,0.836735,11212 11225 11403 11576 11674 11675 12012 12233 12262 12360 12361 12578 12595 13540 14022
moead,513_e-05,6,9,2100,42,29639835.218281,204261.250307,0.183673,0.816327,11212 11225 11403 11576 11674 11675 12012 12233 12262 12360 12361 12578 12595 13540 14022
moead,513_e-05,6,10,2100,42,29618407.445703,200478.569931,0.204082,0.795918,11212 11225 11674 11771 11789 11894 12012 12218 12233 12361 12595 12971 13253 13398 14022
moead,513_e-05,6,11,2100,42,29608989.092959,200136.937782,0.224490,0.775510,11212 11225 11576 11579 11675 11997 12012 12218 12233 12360 12361 12595 12971 13253 14022
moead,513_e-05,6,12,2100,42,29594260.771388,196972.848048,0.244898,0.755102,10911 11212 11225 11673 11675 11771 11789 11986 12360 12361 12377 12479 12595 12725 13253
moead,513_e-05,6,13,2100,42,29584557.042664,196774.681082,0.265306,0.734694,11212 11225 11576 11579 11674 11675 12012 12218 12233 12262 12360 12361 12595 12971 13253
moead,513_e-05,6,14,2100,42,29577110.692080,196690.177855,0.285714,0.714286,11212 11225 11576 11579 11675 11997 12012 12218 12233 12240 12262 12360 12361 12595 13253
moead,513_e-05,6,15,2100,42,29568597.019594,196563.844185,0.306122,0.693878,11212 11225 11673 11674 11675 11771 11789 12115 12119 12132 12343 12359 12467 12971 13253
moead,513_e-05,6,16,2100,42,29563851.835067,196494.953010,0.326531,0.673469,11212 11225 11673 11675 11771 11789 11986 12233 12360 12361 12377 12479 12595 12725 13253
moead,513_e-05,6,17,2100,42,29558457.271881,195963.877815,0.346939,0.653061,11212 11225 11673 11675 11771 11789 12218 12233 12360 12361 12479 12595 12725 12971 13253
moead,513_e-05,6,18,2100,42,29554045.043733,195566.729170,0.367347,0.632653,11212 11225 11673 11674 11675 11771 11789 12233 12360 12361 12479 12595 12725 12971 13253
moead,513_e-05,6,19,2100,42,29552999.409317,195475.170012,0.387755,0.612245,11212 11225 11576 11579 11675 11997 12012 12233 12360 12361 12479 12595 12725 12971 13253
moead,513_e-05,6,20,2100,42,29538291.268854,192840.816482,0.408163,0.591837,11470 11499 11786 11875 11893 12002 12091 12115 12119 12132 12343 12359 12467 12971 13253
moead,513_e-05,6,21,2100,42,29538291.268854,192840.816482,0.428571,0.571429,11470 11499 11786 11875 11893 12002 12091 12115 12119 12132 12343 12359 12467 12971 13253
moead,513_e-05,6,22,2100,42,29538291.268854,192840.816482,0.448980,0.551020,11470 11499 11786 11875 11893 12002 12091 12115 12119 12132 12343 12359 12467 12971 13253
moead,513_e-05,6,23,2100,42,29529792.085741,192453.676460,0.469388,0.530612,11499 11786 11875 11893 11908 12002 12091 12115 12119 12132 12343 12359 12467 12971 13253
moead,513_e-05,6,24,2100,42,29529792.085741,192453.676460,0.489796,0.510204,11499 11786 11875 11893 11908 12002 12091 12115 12119 12132 12343 12359 12467 12971 13253
moead,513_e-05,6,25,2100,42,29518715.100163,192357.474501,0.510204,0.489796,11675 11786 11875 11881 11893 12002 12091 12115 12119 12132 12343 12359 12467 12971 13253
moead,513_e-05,6,26,2100,42,29518715.100163,192357.474501,0.530612,0.469388,11675 11786 11875 11881 11893 12002 12091 12115 12119 12132 12343 12359 12467 12971 13253
moead,513_e-05,6,27,2100,42,29518715.100163,192357.474501,0.551020,0.448980,11675 11786 11875 11881 11893 12002 12091 12115 12119 12132 12343 12359 12467 12971 13253
moead,513_e-05,6,28,2100,42,29518715.100163,192357.474501,0.571429,0.428571,11675 11786 11875 11881 11893 12002 12091 12115 12119 12132 12343 12359 12467 12971 13253
moead,513_e-05,6,29,2100,42,29511246.284809,188500.244637,0.591837,0.408163,11675 11774 11786 11789 11875 11893 11908 12002 12115 12119 12132 12359 12467 12971 13253
moead,513_e-05,6,30,2100,42,29511246.284809,188500.244637,0.612245,0.387755,11675 11774 11786 11789 11875 11893 11908 12002 12115 12119 12132 12359 12467 12971 13253
moead,513_e-05,6,31,2100,42,29511246.284809,188500.244637,0.632653,0.367347,11675 11774 11786 11789 11875 11893 11908 12002 12115 12119 12132 12359 12467 12971 13253
moead,513_e-05,6,32,2100,42,29507573.225814,188478.583092,0.653061,0.346939,11675 11774 11786 11789 11875 11893 11908 12002 12119 12132 12239 12359 12479 12971 13253
moead,513_e-05,6,33,2100,42,29507573.225814,188478.583092,0.673469,0.326531,11675 11774 11786 11789 11875 11893 11908 12002 12119 12132 12239 12359 12479 12971 13253
moead,513_e-05,6,34,2100,42,29495316.841278,188348.149521,0.693878,0.306122,11675 11679 11786 11789 11875 11893 12002 12115 12119 12132 12239 12359 12479 12971 13253
moead,513_e-05,6,35,2100,42,29495316.841278,188348.149521,0.714286,0.285714,11675 11679 11786 11789 11875 11893 12002 12115 12119 12132 12239 12359 12479 12971 13253
moead,513_e-05,6,36,2100,42,29495316.841278,188348.149521,0.734694,0.265306,11675 11679 11786 11789 11875 11893 12002 12115 12119 12132 12239 12359 12479 12971 13253
moead,513_e-05,6,37,2100,42,29495316.841278,188348.149521,0.755102,0.244898,11675 11679 11786 11789 11875 11893 12002 12115 12119 12132 12239 12359 12479 12971 13253
moead,513_e-05,6,38,2100,42,29495316.841278,188348.149521,0.775510,0.224490,11675 11679 11786 11789 11875 11893 12002 12115 12119 12132 12239 12359 12479 12971 13253
moead,513_e-05,6,39,2100,42,29495316.841278,188348.149521,0.795918,0.204082,11675 11679 11786 11789 11875 11893 12002 12115 12119 12132 12239 12359 12479 12971 13253
moead,513_e-05,6,40,2100,42,29495316.841278,188348.149521,0.816327,0.183673,11675 11679 11786 11789 11875 11893 12002 12115 12119 12132 12239 12359 12479 12971 13253
moead,513_e-05,6,41,2100,42,29492681.527595,187733.047295,0.836735,0.163265,11675 11679 11771 11786 11789 11875 11893 12002 12115 12119 12132 12239 12359 12479 12971
moead,513_e-05,6,42,2100,42,29492681.527595,187733.047295,0.857143,0.142857,11675 11679 11771 11786 11789 11875 11893 12002 12115 12119 12132 12239 12359 12479 12971
moead,513_e-05,6,43,2100,42,29490396.847625,187722.914334,0.877551,0.122449,11675 11679 11774 11786 11789 11875 11893 12002 12115 12132 12239 12356 12359 12479 12971
moead,513_e-05,6,44,2100,42,29490396.847625,187722.914334,0.897959,0.102041,11675 11679 11774 11786 11789 11875 11893 12002 12115 12132 12239 12356 12359 12479 12971
moead,513_e-05,6,45,2100,42,29486652.356786,187366.934915,0.918367,0.081633,11675 11679 11786 11789 11875 11893 12002 12115 12119 12132 12239 12356 12359 12479 12971
moead,513_e-05,6,46,2100,42,29486652.356786,187366.934915,0.938776,0.061224,11675 11679 11786 11789 11875 11893 12002 12115 12119 12132 12239 12356 12359 12479 12971
moead,513_e-05,6,47,2100,42,29486652.356786,187366.934915,0.959184,0.040816,11675 11679 11786 11789 11875 11893 12002 12115 12119 12132 12239 12356 12359 12479 12971
moead,513_e-05,6,48,2100,42,29486652.356786,187366.934915,0.979592,0.020408,11675 11679 11786 11789 11875 11893 12002 12115 12119 12132 12239 12356 12359 12479 12971
moead,513_e-05,6,49,2100,42,29486652.356786,187366.934915,1.000000,0.000000,11675 11679 11786 11789 11875 11893 12002 12115 12119 12132 12239 12356 12359 12479 12971
moead,513_e-05,6,0,2150,43,36261270.798143,236183.260254,0.000000,1.000000,12687 14022 15109 18352 54028 55266 67214 70379 86905 95966 109438 115575 116468 118690 127510
moead,513_e-05,6,1,2150,43,30129165.863692,222082.481689,0.020408,0.979592,10411 10424 11212 11225 11800 11986 12262 12476 12687 13237 13540 14022 14040 14358 67214
moead,513_e-05,6,2,2150,43,29908700.787832,217448.008392,0.040816,0.959184,10411 10424 11212 11225 11580 11675 11800 11986 12113 12262 12476 12687 13540 14022 15109
moead,513_e-05,6,3,2150,43,29829735.744729,213367.245163,0.061224,0.938776,10424 11212 11225 11483 11580 11675 11771 11800 11986 12262 12476 12687 13540 14022 15109
moead,513_e-05,6,4,2150,43,29780841.073302,212505.349045,0.081633,0.918367,10730 11212 11225 11576 11580 11674 11784 12233 12262 12360 12578 12595 13540 14022 15109
moead,513_e-05,6,5,2150,43,29702675.737281,208409.210020,0.102041,0.897959,10730 11212 11225 11576 11674 11675 12012 12127 12233 12262 12361 12578 12595 13540 14022
moead,513_e-05,6,6,2150,43,29687734.725266,207778.442730,0.122449,0.877551,10730 11212 11225 11674 11778 11784 12233 12262 12360 12361 12480 12578 12595 13540 14022
moead,513_e-05,6,7,2150,43,29658455.322966,204306.351494,0.142857,0.857143,11152 11212 11225 11576 11674 11675 11694 12012 12233 12262 12360 12578 12595 13540 14022
moead,513_e-05,6,8,2150,43,29639835.218281,204261.250307,0.163265,0.836735,11212 11225 11403 11576 11674 11675 12012 12233 12262 12360 12361 12578 12595 13540 14022
moead,513_e-05,6,9,2150,43,29639835.218281,204261.250307,0.183673,0.816327,11212 11225 11403 11576 11674 11675 12012 12233 12262 12360 12361 12578 12595 13540 14022
moead,513_e-05,6,10,2150,43,29618407.445703,200478.569931,0.204082,0.795918,11212 11225 11674 11771 11789 11894 12012 12218 12233 12361 12595 12971 13253 13398 14022
moead,513_e-05,6,11,2150,43,29608989.092959,200136.937782,0.224490,0.775510,11212 11225 11576 11579 11675 11997 12012 12218 12233 12360 12361 12595 12971 13253 14022
moead,513_e-05,6,12,2150,43,29594260.771388,196972.848048,0.244898,0.755102,10911 11212 11225 11673 11675 11771 11789 11986 12360 12361 12377 12479 12595 12725 13253
moead,513_e-05,6,13,2150,43,29584557.042664,196774.681082,0.265306,0.734694,11212 11225 11576 11579 11674 11675 12012 12218 12233 12262 12360 12361 12595 12971 13253
moead,513_e-05,6,14,2150,43,29577110.692080,196690.177855,0.285714,0.714286,11212 11225 11576 11579 11675 11997 12012 12218 12233 12240 12262 12360 12361 12595 13253
moead,513_e-05,6,15,2150,43,29568597.019594,196563.844185,0.306122,0.693878,11212 11225 11673 11674 11675 11771 11789 12115 12119 12132 12343 12359 12467 12971 13253
moead,513_e-05,6,16,2150,43,29563851.835067,196494.953010,0.326531,0.673469,11212 11225 11673 11675 11771 11789 11986 12233 12360 12361 12377 12479 12595 12725 13253
moead,513_e-05,6,17,2150,43,29558457.271881,195963.877815,0.346939,0.653061,11212 11225 11673 11675 11771 11789 12218 12233 12360 12361 12479 12595 12725 12971 13253
moead,513_e-05,6,18,2150,43,29554045.043733,195566.729170,0.367347,0.632653,11212 11225 11673 11674 11675 11771 11789 12233 12360 12361 12479 12595 12725 12971 13253
moead,513_e-05,6,19,2150,43,29552999.409317,195475.170012,0.387755,0.612245,11212 11225 11576 11579 11675 11997 12012 12233 12360 12361 12479 12595 12725 12971 13253
moead,513_e-05,6,20,2150,43,29538291.268854,192840.816482,0.408163,0.591837,11470 11499 11786 11875 11893 12002 12091 12115 12119 12132 12343 12359 12467 12971 13253
moead,513_e-05,6,21,2150,43,29538291.268854,192840.816482,0.428571,0.571429,11470 11499 11786 11875 11893 12002 12091 12115 12119 12132 12343 12359 12467 12971 13253
moead,513_e-05,6,22,2150,43,29538291.268854,192840.816482,0.448980,0.551020,11470 11499 11786 11875 11893 12002 12091 12115 12119 12132 12343 12359 12467 12971 13253
moead,513_e-05,6,23,2150,43,29532094.778984,192477.207037,0.469388,0.530612,11675 11786 11875 11881 11893 12002 12021 12091 12115 12132 12343 12359 12467 12971 13253
moead,513_e-05,6,24,2150,43,29529792.085741,192453.676460,0.489796,0.510204,11499 11786 11875 11893 11908 12002 12091 12115 12119 12132 12343 12359 12467 12971 13253
moead,513_e-05,6,25,2150,43,29518715.100163,192357.474501,0.510204,0.489796,11675 11786 11875 11881 11893 12002 12091 12115 12119 12132 12343 12359 12467 12971 13253
moead,513_e-05,6,26,2150,43,29518715.100163,192357.474501,0.530612,0.469388,11675 11786 11875 11881 11893 12002 12091 12115 12119 12132 12343 12359 12467 12971 13253
moead,513_e-05,6,27,2150,43,29518715.100163,192357.474501,0.551020,0.448980,11675 11786 11875 11881 11893 12002 12091 12115 12119 12132 12343 12359 12467 12971 13253
moead,513_e-05,6,28,2150,43,29518715.100163,192357.474501,0.571429,0.428571,11675 11786 11875 11881 11893 12002 12091 12115 12119 12132 12343 12359 12467 12971 13253
moead,513_e-05,6,29,2150,43,29511246.284809,188500.244637,0.591837,0.408163,11675 11774 11786 11789 11875 11893 11908 12002 12115 12119 12132 12359 12467 12971 13253
moead,513_e-05,6,30,2150,43,29511246.284809,188500.244637,0.612245,0.387755,11675 11774 11786 11789 11875 11893 11908 12002 12115 12119 12132 12359 12467 12971 13253
moead,513_e-05,6,31,2150,43,29511246.284809,188500.244637,0.632653,0.367347,11675 11774 11786 11789 11875 11893 11908 12002 12115 12119 12132 12359 12467 12971 13253
moead,513_e-05,6,32,2150,43,29507573.225814,188478.583092,0.653061,0.346939,11675 11774 11786 11789 11875 11893 11908 12002 12119 12132 12239 12359 12479 12971 13253
moead,513_e-05,6,33,2150,43,29507573.225814,188478.583092,0.673469,0.326531,11675 11774 11786 11789 11875 11893 11908 12002 12119 12132 12239 12359 12479 12971 13253
moead,513_e-05,6,34,2150,43,29504326.152379,188401.344238,0.693878,0.306122,11675 11679 11786 11789 11875 11893 12002 12115 12119 12132 12359 12479 12615 12971 13253
moead,513_e-05,6,35,2150,43,29495316.841278,188348.149521,0.714286,0.285714,11675 11679 11786 11789 11875 11893 12002 12115 12119 12132 12239 12359 12479 12971 13253
moead,513_e-05,6,36,2150,43,29495316.841278,188348.149521,0.734694,0.265306,11675 11679 11786 11789 11875 11893 12002 12115 12119 12132 12239 12359 12479 12971 13253
moead,513_e-05,6,37,2150,43,29495316.841278,188348.149521,0.755102,0.244898,11675 11679 11786 11789 11875 11893 12002 12115 12119 12132 12239 12359 12479 12971 13253
moead,513_e-05,6,38,2150,43,29495316.841278,188348.149521,0.775510,0.224490,11675 11679 11786 11789 11875 11893 12002 12115 12119 12132 12239 12359 12479 12971 13253
moead,513_e-05,6,39,2150,43,29495316.841278,188348.149521,0.795918,0.204082,11675 11679 11786 11789 11875 11893 12002 12115 12119 12132 12239 12359 12479 12971 13253
moead,513_e-05,6,40,2150,43,29495316.841278,188348.149521,0.816327,0.183673,11675 11679 11786 11789 11875 11893 12002 12115 12119 12132 12239 12359 12479 12971 13253
moead,513_e-05,6,41,2150,43,29492681.527595,187733.047295,0.836735,0.163265,11675 11679 11771 11786 11789 11875 11893 12002 12115 12119 12132 12239 12359 12479 12971
moead,513_e-05,6,42,2150,43,29492681.527595,187733.047295,0.857143,0.142857,11675 11679 11771 11786 11789 11875 11893 12002 12115 12119 12132 12239 12359 12479 12971
moead,513_e-05,6,43,2150,43,29490396.847625,187722.914334,0.877551,0.122449,11675 11679 11774 11786 11789 11875 11893 12002 12115 12132 12239 12356 12359 12479 12971
moead,513_e-05,6,44,2150,43,29490396.847625,187722.914334,0.897959,0.102041,11675 11679 11774 11786 11789 11875 11893 12002 12115 12132 12239 12356 12359 12479 12971
moead,513_e-05,6,45,2150,43,29486652.356786,187366.934915,0.918367,0.081633,11675 11679 11786 11789 11875 11893 12002 12115 12119 12132 12239 12356 12359 12479 12971
moead,513_e-05,6,46,2150,43,29486652.356786,187366.934915,0.938776,0.061224,11675 11679 11786 11789 11875 11893 12002 12115 12119 12132 12239 12356 12359 12479 12971
moead,513_e-05,6,47,2150,43,29486652.356786,187366.934915,0.959184,0.040816,11675 11679 11786 11789 11875 11893 12002 12115 12119 12132 12239 12356 12359 12479 12971
moead,513_e-05,6,48,2150,43,29486652.356786,187366.934915,0.979592,0.020408,11675 11679 11786 11789 11875 11893 12002 12115 12119 12132 12239 12356 12359 12479 12971
moead,513_e-05,6,49,2150,43,29486652.356786,187366.934915,1.000000,0.000000,11675 11679 11786 11789 11875 11893 12002 12115 12119 12132 12239 12356 12359 12479 12971
moead,513_e-05,6,0,2200,44,36418772.600641,236183.260254,0.000000,1.000000,13540 15109 21295 54028 67214 70379 76385 87780 95929 95966 103134 113487 115575 116468 120720
moead,513_e-05,6,1,2200,44,30164321.718588,222244.136292,0.020408,0.979592,10411 10424 11212 11225 11800 11986 12262 12476 12687 13237 13540 14040 14358 15109 67214
moead,513_e-05,6,2,2200,44,29908700.787832,217448.008392,0.040816,0.959184,10411 10424 11212 11225 11580 11675 11800 11986 12113 12262 12476 12687 13540 14022 15109
moead,513_e-05,6,3,2200,44,29829735.744729,213367.245163,0.061224,0.938776,10424 11212 11225 11483 11580 11675 11771 11800 11986 12262 12476 12687 13540 14022 15109
moead,513_e-05,6,4,2200,44,29780841.073302,212505.349045,0.081633,0.918367,10730 11212 11225 11576 11580 11674 11784 12233 12262 12360 12578 12595 13540 14022 15109
moead,513_e-05,6,5,2200,44,29701004.449925,208411.721003,0.102041,0.897959,10730 11212 11225 11576 11580 11674 11784 12012 12233 12262 12360 12578 12595 13540 14022
moead,513_e-05,6,6,2200,44,29687734.725266,207778.442730,0.122449,0.877551,10730 11212 11225 11674 11778 11784 12233 12262 12360 12361 12480 12578 12595 13540 14022
moead,513_e-05,6,7,2200,44,29658455.322966,204306.351494,0.142857,0.857143,11152 11212 11225 11576 11674 11675 11694 12012 12233 12262 12360 12578 12595 13540 14022
moead,513_e-05,6,8,2200,44,29637124.034218,204261.250307,0.163265,0.836735,11212 11225 11576 11579 11674 11675 12012 12233 12262 12360 12361 12578 12595 13540 14022
moead,513_e-05,6,9,2200,44,29637124.034218,204261.250307,0.183673,0.816327,11212 11225 11576 11579 11674 11675 12012 12233 12262 12360 12361 12578 12595 13540 14022
moead,513_e-05,6,10,2200,44,29618407.445703,200478.569931,0.204082,0.795918,11212 11225 11674 11771 11789 11894 12012 12218 12233 12361 12595 12971 13253 13398 14022
moead,513_e-05,6,11,2200,44,29608989.092959,200136.937782,0.224490,0.775510,11212 11225 11576 11579 11675 11997 12012 12218 12233 12360 12361 12595 12971 13253 14022
moead,513_e-05,6,12,2200,44,29589660.402129,197077.932686,0.244898,0.755102,11212 11225 11673 11675 11771 11789 11986 12205 12233 12360 12361 12377 12479 12725 13253
moead,513_e-05,6,13,2200,44,29589660.402129,197077.932686,0.265306,0.734694,11212 11225 11673 11675 11771 11789 11986 12205 12233 12360 12361 12377 12479 12725 13253
moead,513_e-05,6,14,2200,44,29577110.692080,196690.177855,0.285714,0.714286,11212 11225 11576 11579 11675 11997 12012 12218 12233 12240 12262 12360 12361 12595 13253
moead,513_e-05,6,15,2200,44,29568597.019594,196563.844185,0.306122,0.693878,11212 11225 11673 11674 11675 11771 11789 12115 12119 12132 12343 12359 12467 12971 13253
moead,513_e-05,6,16,2200,44,29563851.835067,196494.953010,0.326531,0.673469,11212 11225 11673 11675 11771 11789 11986 12233 12360 12361 12377 12479 12595 12725 13253
moead,513_e-05,6,17,2200,44,29558457.271881,195963.877815,0.346939,0.653061,11212 11225 11673 11675 11771 11789 12218 12233 12360 12361 12479 12595 12725 12971 13253
moead,513_e-05,6,18,2200,44,29554045.043733,195566.729170,0.367347,0.632653,11212 11225 11673 11674 11675 11771 11789 12233 12360 12361 12479 12595 12725 12971 13253
moead,513_e-05,6,19,2200,44,29552999.409317,195475.170012,0.387755,0.612245,11212 11225 11576 11579 11675 11997 12012 12233 12360 12361 12479 12595 12725 12971 13253
moead,513_e-05,6,20,2200,44,29539931.173734,192843.895460,0.408163,0.591837,11470 11499 11875 11893 11989 12002 12091 12115 12119 12132 12343 12359 12467 12971 13253
moead,513_e-05,6,21,2200,44,29539931.173734,192843.895460,0.428571,0.571429,11470 11499 11875 11893 11989 12002 12091 12115 12119 12132 12343 12359 12467 12971 13253
moead,513_e-05,6,22,2200,44,29538291.268854,192840.816482,0.448980,0.551020,11470 11499 11786 11875 11893 12002 12091 12115 12119 12132 12343 12359 12467 12971 13253
moead,513_e-05,6,23,2200,44,29532094.778984,192477.207037,0.469388,0.530612,11675 11786 11875 11881 11893 12002 12021 12091 12115 12132 12343 12359 12467 12971 13253
moead,513_e-05,6,24,2200,44,29529792.085741,192453.676460,0.489796,0.510204,11499 11786 11875 11893 11908 12002 12091 12115 12119 12132 12343 12359 12467 12971 13253
moead,513_e-05,6,25,2200,44,29522117.885491,192398.606277,0.510204,0.489796,11675 11786 11875 11881 11893 12002 12091 12115 12132 12224 12343 12359 12467 12971 13253
moead,513_e-05,6,26,2200,44,29522117.885491,192398.606277,0.530612,0.469388,11675 11786 11875 11881 11893 12002 12091 12115 12132 12224 12343 12359 12467 12971 13253
moead,513_e-05,6,27,2200,44,29518715.100163,192357.474501,0.551020,0.448980,11675 11786 11875 11881 11893 12002 12091 12115 12119 12132 12343 12359 12467 12971 13253
moead,513_e-05,6,28,2200,44,29518715.100163,192357.474501,0.571429,0.428571,11675 11786 11875 11881 11893 12002 12091 12115 12119 12132 12343 12359 12467 12971 13253
moead,513_e-05,6,29,2200,44,29511246.284809,188500.244637,0.591837,0.408163,11675 11774 11786 11789 11875 11893 11908 12002 12115 12119 12132 12359 12467 12971 13253
moead,513_e-05,6,30,2200,44,29511246.284809,188500.244637,0.612245,0.387755,11675 11774 11786 11789 11875 11893 11908 12002 12115 12119 12132 12359 12467 12971 13253
moead,513_e-05,6,31,2200,44,29511246.284809,188500.244637,0.632653,0.367347,11675 11774 11786 11789 11875 11893 11908 12002 12115 12119 12132 12359 12467 12971 13253
moead,513_e-05,6,32,2200,44,29507573.225814,188478.583092,0.653061,0.346939,11675 11774 11786 11789 11875 11893 11908 12002 12119 12132 12239 12359 12479 12971 13253
moead,513_e-05,6,33,2200,44,29507573.225814,188478.583092,0.673469,0.326531,11675 11774 11786 11789 11875 11893 11908 12002 12119 12132 12239 12359 12479 12971 13253
moead,513_e-05,6,34,2200,44,29504326.152379,188401.344238,0.693878,0.306122,11675 11679 11786 11789 11875 11893 12002 12115 12119 12132 12359 12479 12615 12971 13253
moead,513_e-05,6,35,2200,44,29495316.841278,188348.149521,0.714286,0.285714,11675 11679 11786 11789 11875 11893 12002 12115 12119 12132 12239 12359 12479 12971 13253
moead,513_e-05,6,36,2200,44,29495316.841278,188348.149521,0.734694,0.265306,11675 11679 11786 11789 11875 11893 12002 12115 12119 12132 12239 12359 12479 12971 13253
moead,513_e-05,6,37,2200,44,29495316.841278,188348.149521,0.755102,0.244898,11675 11679 11786 11789 11875 11893 12002 12115 12119 12132 12239 12359 12479 12971 13253
moead,513_e-05,6,38,2200,44,29495316.841278,188348.149521,0.775510,0.224490,11675 11679 11786 11789 11875 11893 12002 12115 12119 12132 12239 12359 12479 12971 13253
moead,513_e-05,6,39,2200,44,29495316.841278,188348.149521,0.795918,0.204082,11675 11679 11786 11789 11875 11893 12002 12115 12119 12132 12239 12359 12479 12971 13253
moead,513_e-05,6,40,2200,44,29495316.841278,188348.149521,0.816327,0.183673,11675 11679 11786 11789 11875 11893 12002 12115 12119 12132 12239 12359 12479 12971 13253
moead,513_e-05,6,41,2200,44,29493698.627139,188341.853561,0.836735,0.163265,11679 11786 11789 11875 11882 11893 12002 12115 12119 12132 12239 12359 12479 12971 13253
moead,513_e-05,6,42,2200,44,29492681.527595,187733.047295,0.857143,0.142857,11675 11679 11771 11786 11789 11875 11893 12002 12115 12119 12132 12239 12359 12479 12971
moead,513_e-05,6,43,2200,44,29490396.847625,187722.914334,0.877551,0.122449,11675 11679 11774 11786 11789 11875 11893 12002 12115 12132 12239 12356 12359 12479 12971
moead,513_e-05,6,44,2200,44,29490396.847625,187722.914334,0.897959,0.102041,11675 11679 11774 11786 11789 11875 11893 12002 12115 12132 12239 12356 12359 12479 12971
moead,513_e-05,6,45,2200,44,29486652.356786,187366.934915,0.918367,0.081633,11675 11679 11786 11789 11875 11893 12002 12115 12119 12132 12239 12356 12359 12479 12971
moead,513_e-05,6,46,2200,44,29486652.356786,187366.934915,0.938776,0.061224,11675 11679 11786 11789 11875 11893 12002 12115 12119 12132 12239 12356 12359 12479 12971
moead,513_e-05,6,47,2200,44,29486652.356786,187366.934915,0.959184,0.040816,11675 11679 11786 11789 11875 11893 12002 12115 12119 12132 12239 12356 12359 12479 12971
moead,513_e-05,6,48,2200,44,29486652.356786,187366.934915,0.979592,0.020408,11675 11679 11786 11789 11875 11893 12002 12115 12119 12132 12239 12356 12359 12479 12971
moead,513_e-05,6,49,2200,44,29486652.356786,187366.934915,1.000000,0.000000,11675 11679 11786 11789 11875 11893 12002 12115 12119 12132 12239 12356 12359 12479 12971
moead,513_e-05,6,0,2250,45,36096596.490562,236183.260254,0.000000,1.000000,13540 14022 15109 36921 54028 67214 71941 76385 85503 87780 116468 120720 141353 157907 182700
moead,513_e-05,6,1,2250,45,30164321.718588,222244.136292,0.020408,0.979592,10411 10424 11212 11225 11800 11986 12262 12476 12687 13237 13540 14040 14358 15109 67214
moead,513_e-05,6,2,2250,45,29908700.787832,217448.008392,0.040816,0.959184,10411 10424 11212 11225 11580 11675 11800 11986 12113 12262 12476 12687 13540 14022 15109
moead,513_e-05,6,3,2250,45,29829735.744729,213367.245163,0.061224,0.938776,10424 11212 11225 11483 11580 11675 11771 11800 11986 12262 12476 12687 13540 14022 15109
moead,513_e-05,6,4,2250,45,29780841.073302,212505.349045,0.081633,0.918367,10730 11212 11225 11576 11580 11674 11784 12233 12262 12360 12578 12595 13540 14022 15109
moead,513_e-05,6,5,2250,45,29701004.449925,208411.721003,0.102041,0.897959,10730 11212 11225 11576 11580 11674 11784 12012 12233 12262 12360 12578 12595 13540 14022
moead,513_e-05,6,6,2250,45,29687734.725266,207778.442730,0.122449,0.877551,10730 11212 11225 11674 11778 11784 12233 12262 12360 12361 12480 12578 12595 13540 14022
moead,513_e-05,6,7,2250,45,29658455.322966,204306.351494,0.142857,0.857143,11152 11212 11225 11576 11674 11675 11694 12012 12233 12262 12360 12578 12595 13540 14022
moead,513_e-05,6,8,2250,45,29637124.034218,204261.250307,0.163265,0.836735,11212 11225 11576 11579 11674 11675 12012 12233 12262 12360 12361 12578 12595 13540 14022
moead,513_e-05,6,9,2250,45,29634353.992543,203843.130962,0.183673,0.816327,11212 11225 11576 11579 11674 12012 12233 12262 12360 12361 12472 12578 12595 13540 14022
moead,513_e-05,6,10,2250,45,29618407.445703,200478.569931,0.204082,0.795918,11212 11225 11674 11771 11789 11894 12012 12218 12233 12361 12595 12971 13253 13398 14022
moead,513_e-05,6,11,2250,45,29608989.092959,200136.937782,0.224490,0.775510,11212 11225 11576 11579 11675 11997 12012 12218 12233 12360 12361 12595 12971 13253 14022
moead,513_e-05,6,12,2250,45,29589660.402129,197077.932686,0.244898,0.755102,11212 11225 11673 11675 11771 11789 11986 12205 12233 12360 12361 12377 12479 12725 13253
moead,513_e-05,6,13,2250,45,29589660.402129,197077.932686,0.265306,0.734694,11212 11225 11673 11675 11771 11789 11986 12205 12233 12360 12361 12377 12479 12725 13253
moead,513_e-05,6,14,2250,45,29577110.692080,196690.177855,0.285714,0.714286,11212 11225 11576 11579 11675 11997 12012 12218 12233 12240 12262 12360 12361 12595 13253
moead,513_e-05,6,15,2250,45,29571002.236807,196564.676365,0.306122,0.693878,11212 11225 11576 11579 11675 11771 11789 12115 12119 12132 12343 12359 12467 12971 13253
moead,513_e-05,6,16,2250,45,29563851.835067,196494.953010,0.326531,0.673469,11212 11225 11673 11675 11771 11789 11986 12233 12360 12361 12377 12479 12595 12725 13253
moead,513_e-05,6,17,2250,45,29558457.271881,195963.877815,0.346939,0.653061,11212 11225 11673 11675 11771 11789 12218 12233 12360 12361 12479 12595 12725 12971 13253
moead,513_e-05,6,18,2250,45,29554045.043733,195566.729170,0.367347,0.632653,11212 11225 11673 11674 11675 11771 11789 12233 12360 12361 12479 12595 12725 12971 13253
moead,513_e-05,6,19,2250,45,29552999.409317,195475.170012,0.387755,0.612245,11212 11225 11576 11579 11675 11997 12012 12233 12360 12361 12479 12595 12725 12971 13253
moead,513_e-05,6,20,2250,45,29539931.173734,192843.895460,0.408163,0.591837,11470 11499 11875 11893 11989 12002 12091 12115 12119 12132 12343 12359 12467 12971 13253
moead,513_e-05,6,21,2250,45,29539931.173734,192843.895460,0.428571,0.571429,11470 11499 11875 11893 11989 12002 12091 12115 12119 12132 12343 12359 12467 12971 13253
moead,513_e-05,6,22,2250,45,29538291.268854,192840.816482,0.448980,0.551020,11470 11499 11786 11875 11893 12002 12091 12115 12119 12132 12343 12359 12467 12971 13253
moead,513_e-05,6,23,2250,45,29532094.778984,192477.207037,0.469388,0.530612,11675 11786 11875 11881 11893 12002 12021 12091 12115 12132 12343 12359 12467 12971 13253
moead,513_e-05,6,24,2250,45,29529792.085741,192453.676460,0.489796,0.510204,11499 11786 11875 11893 11908 12002 12091 12115 12119 12132 12343 12359 12467 12971 13253
moead,513_e-05,6,25,2250,45,29522117.885491,192398.606277,0.510204,0.489796,11675 11786 11875 11881 11893 12002 12091 12115 12132 12224 12343 12359 12467 12971 13253
moead,513_e-05,6,26,2250,45,29522117.885491,192398.606277,0.530612,0.469388,11675 11786 11875 11881 11893 12002 12091 12115 12132 12224 12343 12359 12467 12971 13253
moead,513_e-05,6,27,2250,45,29518715.100163,192357.474501,0.551020,0.448980,11675 11786 11875 11881 11893 12002 12091 12115 12119 12132 12343 12359 12467 12971 13253
moead,513_e-05,6,28,2250,45,29518715.100163,192357.474501,0.571429,0.428571,11675 11786 11875 11881 11893 12002 12091 12115 12119 12132 12343 12359 12467 12971 13253
moead,513_e-05,6,29,2250,45,29511246.284809,188500.244637,0.591837,0.408163,11675 11774 11786 11789 11875 11893 11908 12002 12115 12119 12132 12359 12467 12971 13253
moead,513_e-05,6,30,2250,45,29511246.284809,188500.244637,0.612245,0.387755,11675 11774 11786 11789 11875 11893 11908 12002 12115 12119 12132 12359 12467 12971 13253
moead,513_e-05,6,31,2250,45,29511246.284809,188500.244637,0.632653,0.367347,11675 11774 11786 11789 11875 11893 11908 12002 12115 12119 12132 12359 12467 12971 13253
moead,513_e-05,6,32,2250,45,29507573.225814,188478.583092,0.653061,0.346939,11675 11774 11786 11789 11875 11893 11908 12002 12119 12132 12239 12359 12479 12971 13253
moead,513_e-05,6,33,2250,45,29507573.225814,188478.583092,0.673469,0.326531,11675 11774 11786 11789 11875 11893 11908 12002 12119 12132 12239 12359 12479 12971 13253
moead,513_e-05,6,34,2250,45,29504326.152379,188401.344238,0.693878,0.306122,11675 11679 11786 11789 11875 11893 12002 12115 12119 12132 12359 12479 12615 12971 13253
moead,513_e-05,6,35,2250,45,29495316.841278,188348.149521,0.714286,0.285714,11675 11679 11786 11789 11875 11893 12002 12115 12119 12132 12239 12359 12479 12971 13253
moead,513_e-05,6,36,2250,45,29495316.841278,188348.149521,0.734694,0.265306,11675 11679 11786 11789 11875 11893 12002 12115 12119 12132 12239 12359 12479 12971 13253
moead,513_e-05,6,37,2250,45,29495316.841278,188348.149521,0.755102,0.244898,11675 11679 11786 11789 11875 11893 12002 12115 12119 12132 12239 12359 12479 12971 13253
moead,513_e-05,6,38,2250,45,29495316.841278,188348.149521,0.775510,0.224490,11675 11679 11786 11789 11875 11893 12002 12115 12119 12132 12239 12359 12479 12971 13253
moead,513_e-05,6,39,2250,45,29495316.841278,188348.149521,0.795918,0.204082,11675 11679 11786 11789 11875 11893 12002 12115 12119 12132 12239 12359 12479 12971 13253
moead,513_e-05,6,40,2250,45,29495316.841278,188348.149521,0.816327,0.183673,11675 11679 11786 11789 11875 11893 12002 12115 12119 12132 12239 12359 12479 12971 13253
moead,513_e-05,6,41,2250,45,29493698.627139,188341.853561,0.836735,0.163265,11679 11786 11789 11875 11882 11893 12002 12115 12119 12132 12239 12359 12479 12971 13253
moead,513_e-05,6,42,2250,45,29492681.527595,187733.047295,0.857143,0.142857,11675 11679 11771 11786 11789 11875 11893 12002 12115 12119 12132 12239 12359 12479 12971
moead,513_e-05,6,43,2250,45,29490396.847625,187722.914334,0.877551,0.122449,11675 11679 11774 11786 11789 11875 11893 12002 12115 12132 12239 12356 12359 12479 12971
moead,513_e-05,6,44,2250,45,29490396.847625,187722.914334,0.897959,0.102041,11675 11679 11774 11786 11789 11875 11893 12002 12115 12132 12239 12356 12359 12479 12971
moead,513_e-05,6,45,2250,45,29486652.356786,187366.934915,0.918367,0.081633,11675 11679 11786 11789 11875 11893 12002 12115 12119 12132 12239 12356 12359 12479 12971
moead,513_e-05,6,46,2250,45,29486652.356786,187366.934915,0.938776,0.061224,11675 11679 11786 11789 11875 11893 12002 12115 12119 12132 12239 12356 12359 12479 12971
moead,513_e-05,6,47,2250,45,29486652.356786,187366.934915,0.959184,0.040816,11675 11679 11786 11789 11875 11893 12002 12115 12119 12132 12239 12356 12359 12479 12971
moead,513_e-05,6,48,2250,45,29486652.356786,187366.934915,0.979592,0.020408,11675 11679 11786 11789 11875 11893 12002 12115 12119 12132 12239 12356 12359 12479 12971
moead,513_e-05,6,49,2250,45,29486652.356786,187366.934915,1.000000,0.000000,11675 11679 11786 11789 11875 11893 12002 12115 12119 12132 12239 12356 12359 12479 12971
moead,513_e-05,6,0,2300,46,37185864.346642,236183.260254,0.000000,1.000000,13540 14022 15109 36921 50099 53710 71941 76385 82036 85503 110507 141353 157907 158562 173375
moead,513_e-05,6,1,2300,46,30164321.718588,222244.136292,0.020408,0.979592,10411 10424 11212 11225 11800 11986 12262 12476 12687 13237 13540 14040 14358 15109 67214
moead,513_e-05,6,2,2300,46,29908700.787832,217448.008392,0.040816,0.959184,10411 10424 11212 11225 11580 11675 11800 11986 12113 12262 12476 12687 13540 14022 15109
moead,513_e-05,6,3,2300,46,29829735.744729,213367.245163,0.061224,0.938776,10424 11212 11225 11483 11580 11675 11771 11800 11986 12262 12476 12687 13540 14022 15109
moead,513_e-05,6,4,2300,46,29780841.073302,212505.349045,0.081633,0.918367,10730 11212 11225 11576 11580 11674 11784 12233 12262 12360 12578 12595 13540 14022 15109
moead,513_e-05,6,5,2300,46,29701004.449925,208411.721003,0.102041,0.897959,10730 11212 11225 11576 11580 11674 11784 12012 12233 12262 12360 12578 12595 13540 14022
moead,513_e-05,6,6,2300,46,29687734.725266,207778.442730,0.122449,0.877551,10730 11212 11225 11674 11778 11784 12233 12262 12360 12361 12480 12578 12595 13540 14022
moead,513_e-05,6,7,2300,46,29658455.322966,204306.351494,0.142857,0.857143,11152 11212 11225 11576 11674 11675 11694 12012 12233 12262 12360 12578 12595 13540 14022
moead,513_e-05,6,8,2300,46,29637124.034218,204261.250307,0.163265,0.836735,11212 11225 11576 11579 11674 11675 12012 12233 12262 12360 12361 12578 12595 13540 14022
moead,513_e-05,6,9,2300,46,29634353.992543,203843.130962,0.183673,0.816327,11212 11225 11576 11579 11674 12012 12233 12262 12360 12361 12472 12578 12595 13540 14022
moead,513_e-05,6,10,2300,46,29618407.445703,200478.569931,0.204082,0.795918,11212 11225 11674 11771 11789 11894 12012 12218 12233 12361 12595 12971 13253 13398 14022
moead,513_e-05,6,11,2300,46,29608989.092959,200136.937782,0.224490,0.775510,11212 11225 11576 11579 11675 11997 12012 12218 12233 12360 12361 12595 12971 13253 14022
moead,513_e-05,6,12,2300,46,29589660.402129,197077.932686,0.244898,0.755102,11212 11225 11673 11675 11771 11789 11986 12205 12233 12360 12361 12377 12479 12725 13253
moead,513_e-05,6,13,2300,46,29589660.402129,197077.932686,0.265306,0.734694,11212 11225 11673 11675 11771 11789 11986 12205 12233 12360 12361 12377 12479 12725 13253
moead,513_e-05,6,14,2300,46,29577110.692080,196690.177855,0.285714,0.714286,11212 11225 11576 11579 11675 11997 12012 12218 12233 12240 12262 12360 12361 12595 13253
moead,513_e-05,6,15,2300,46,29571002.236807,196564.676365,0.306122,0.693878,11212 11225 11576 11579 11675 11771 11789 12115 12119 12132 12343 12359 12467 12971 13253
moead,513_e-05,6,16,2300,46,29563851.835067,196494.953010,0.326531,0.673469,11212 11225 11673 11675 11771 11789 11986 12233 12360 12361 12377 12479 12595 12725 13253
moead,513_e-05,6,17,2300,46,29558457.271881,195963.877815,0.346939,0.653061,11212 11225 11673 11675 11771 11789 12218 12233 12360 12361 12479 12595 12725 12971 13253
moead,513_e-05,6,18,2300,46,29554045.043733,195566.729170,0.367347,0.632653,11212 11225 11673 11674 11675 11771 11789 12233 12360 12361 12479 12595 12725 12971 13253
moead,513_e-05,6,19,2300,46,29552999.409317,195475.170012,0.387755,0.612245,11212 11225 11576 11579 11675 11997 12012 12233 12360 12361 12479 12595 12725 12971 13253
moead,513_e-05,6,20,2300,46,29539931.173734,192843.895460,0.408163,0.591837,11470 11499 11875 11893 11989 12002 12091 12115 12119 12132 12343 12359 12467 12971 13253
moead,513_e-05,6,21,2300,46,29539931.173734,192843.895460,0.428571,0.571429,11470 11499 11875 11893 11989 12002 12091 12115 12119 12132 12343 12359 12467 12971 13253
moead,513_e-05,6,22,2300,46,29538291.268854,192840.816482,0.448980,0.551020,11470 11499 11786 11875 11893 12002 12091 12115 12119 12132 12343 12359 12467 12971 13253
moead,513_e-05,6,23,2300,46,29532094.778984,192477.207037,0.469388,0.530612,11675 11786 11875 11881 11893 12002 12021 12091 12115 12132 12343 12359 12467 12971 13253
moead,513_e-05,6,24,2300,46,29529792.085741,192453.676460,0.489796,0.510204,11499 11786 11875 11893 11908 12002 12091 12115 12119 12132 12343 12359 12467 12971 13253
moead,513_e-05,6,25,2300,46,29522117.885491,192398.606277,0.510204,0.489796,11675 11786 11875 11881 11893 12002 12091 12115 12132 12224 12343 12359 12467 12971 13253
moead,513_e-05,6,26,2300,46,29522117.885491,192398.606277,0.530612,0.469388,11675 11786 11875 11881 11893 12002 12091 12115 12132 12224 12343 12359 12467 12971 13253
moead,513_e-05,6,27,2300,46,29518715.100163,192357.474501,0.551020,0.448980,11675 11786 11875 11881 11893 12002 12091 12115 12119 12132 12343 12359 12467 12971 13253
moead,513_e-05,6,28,2300,46,29518715.100163,192357.474501,0.571429,0.428571,11675 11786 11875 11881 11893 12002 12091 12115 12119 12132 12343 12359 12467 12971 13253
moead,513_e-05,6,29,2300,46,29511246.284809,188500.244637,0.591837,0.408163,11675 11774 11786 11789 11875 11893 11908 12002 12115 12119 12132 12359 12467 12971 13253
moead,513_e-05,6,30,2300,46,29511246.284809,188500.244637,0.612245,0.387755,11675 11774 11786 11789 11875 11893 11908 12002 12115 12119 12132 12359 12467 12971 13253
moead,513_e-05,6,31,2300,46,29511246.284809,188500.244637,0.632653,0.367347,11675 11774 11786 11789 11875 11893 11908 12002 12115 12119 12132 12359 12467 12971 13253
moead,513_e-05,6,32,2300,46,29507573.225814,188478.583092,0.653061,0.346939,11675 11774 11786 11789 11875 11893 11908 12002 12119 12132 12239 12359 12479 12971 13253
moead,513_e-05,6,33,2300,46,29507573.225814,188478.583092,0.673469,0.326531,11675 11774 11786 11789 11875 11893 11908 12002 12119 12132 12239 12359 12479 12971 13253
moead,513_e-05,6,34,2300,46,29504326.152379,188401.344238,0.693878,0.306122,11675 11679 11786 11789 11875 11893 12002 12115 12119 12132 12359 12479 12615 12971 13253
moead,513_e-05,6,35,2300,46,29495316.841278,188348.149521,0.714286,0.285714,11675 11679 11786 11789 11875 11893 12002 12115 12119 12132 12239 12359 12479 12971 13253
moead,513_e-05,6,36,2300,46,29495316.841278,188348.149521,0.734694,0.265306,11675 11679 11786 11789 11875 11893 12002 12115 12119 12132 12239 12359 12479 12971 13253
moead,513_e-05,6,37,2300,46,29495316.841278,188348.149521,0.755102,0.244898,11675 11679 11786 11789 11875 11893 12002 12115 12119 12132 12239 12359 12479 12971 13253
moead,513_e-05,6,38,2300,46,29495316.841278,188348.149521,0.775510,0.224490,11675 11679 11786 11789 11875 11893 12002 12115 12119 12132 12239 12359 12479 12971 13253
moead,513_e-05,6,39,2300,46,29495316.841278,188348.149521,0.795918,0.204082,11675 11679 11786 11789 11875 11893 12002 12115 12119 12132 12239 12359 12479 12971 13253
moead,513_e-05,6,40,2300,46,29495316.841278,188348.149521,0.816327,0.183673,11675 11679 11786 11789 11875 11893 12002 12115 12119 12132 12239 12359 12479 12971 13253
moead,513_e-05,6,41,2300,46,29493698.627139,188341.853561,0.836735,0.163265,11679 11786 11789 11875 11882 11893 12002 12115 12119 12132 12239 12359 12479 12971 13253
moead,513_e-05,6,42,2300,46,29492681.527595,187733.047295,0.857143,0.142857,11675 11679 11771 11786 11789 11875 11893 12002 12115 12119 12132 12239 12359 12479 12971
moead,513_e-05,6,43,2300,46,29490396.847625,187722.914334,0.877551,0.122449,11675 11679 11774 11786 11789 11875 11893 12002 12115 12132 12239 12356 12359 12479 12971
moead,513_e-05,6,44,2300,46,29490396.847625,187722.914334,0.897959,0.102041,11675 11679 11774 11786 11789 11875 11893 12002 12115 12132 12239 12356 12359 12479 12971
moead,513_e-05,6,45,2300,46,29486652.356786,187366.934915,0.918367,0.081633,11675 11679 11786 11789 11875 11893 12002 12115 12119 12132 12239 12356 12359 12479 12971
moead,513_e-05,6,46,2300,46,29486652.356786,187366.934915,0.938776,0.061224,11675 11679 11786 11789 11875 11893 12002 12115 12119 12132 12239 12356 12359 12479 12971
moead,513_e-05,6,47,2300,46,29486652.356786,187366.934915,0.959184,0.040816,11675 11679 11786 11789 11875 11893 12002 12115 12119 12132 12239 12356 12359 12479 12971
moead,513_e-05,6,48,2300,46,29486652.356786,187366.934915,0.979592,0.020408,11675 11679 11786 11789 11875 11893 12002 12115 12119 12132 12239 12356 12359 12479 12971
moead,513_e-05,6,49,2300,46,29486652.356786,187366.934915,1.000000,0.000000,11675 11679 11786 11789 11875 11893 12002 12115 12119 12132 12239 12356 12359 12479 12971
moead,513_e-05,6,0,2350,47,35692291.023049,236183.260254,0.000000,1.000000,12595 13540 14022 15109 43616 50099 53710 63263 67214 69652 76385 82036 85503 110507 129782
moead,513_e-05,6,1,2350,47,30164321.718588,222244.136292,0.020408,0.979592,10411 10424 11212 11225 11800 11986 12262 12476 12687 13237 13540 14040 14358 15109 67214
moead,513_e-05,6,2,2350,47,29908700.787832,217448.008392,0.040816,0.959184,10411 10424 11212 11225 11580 11675 11800 11986 12113 12262 12476 12687 13540 14022 15109
moead,513_e-05,6,3,2350,47,29829735.744729,213367.245163,0.061224,0.938776,10424 11212 11225 11483 11580 11675 11771 11800 11986 12262 12476 12687 13540 14022 15109
moead,513_e-05,6,4,2350,47,29780841.073302,212505.349045,0.081633,0.918367,10730 11212 11225 11576 11580 11674 11784 12233 12262 12360 12578 12595 13540 14022 15109
moead,513_e-05,6,5,2350,47,29728390.028885,208793.023068,0.102041,0.897959,10730 11212 11225 11576 11580 11674 11784 12012 12233 12262 12447 12595 13378 13540 14022
moead,513_e-05,6,6,2350,47,29687734.725266,207778.442730,0.122449,0.877551,10730 11212 11225 11674 11778 11784 12233 12262 12360 12361 12480 12578 12595 13540 14022
moead,513_e-05,6,7,2350,47,29658455.322966,204306.351494,0.142857,0.857143,11152 11212 11225 11576 11674 11675 11694 12012 12233 12262 12360 12578 12595 13540 14022
moead,513_e-05,6,8,2350,47,29637124.034218,204261.250307,0.163265,0.836735,11212 11225 11576 11579 11674 11675 12012 12233 12262 12360 12361 12578 12595 13540 14022
moead,513_e-05,6,9,2350,47,29634353.992543,203843.130962,0.183673,0.816327,11212 11225 11576 11579 11674 12012 12233 12262 12360 12361 12472 12578 12595 13540 14022
moead,513_e-05,6,10,2350,47,29618407.445703,200478.569931,0.204082,0.795918,11212 11225 11674 11771 11789 11894 12012 12218 12233 12361 12595 12971 13253 13398 14022
moead,513_e-05,6,11,2350,47,29608989.092959,200136.937782,0.224490,0.775510,11212 11225 11576 11579 11675 11997 12012 12218 12233 12360 12361 12595 12971 13253 14022
moead,513_e-05,6,12,2350,47,29589660.402129,197077.932686,0.244898,0.755102,11212 11225 11673 11675 11771 11789 11986 12205 12233 12360 12361 12377 12479 12725 13253
moead,513_e-05,6,13,2350,47,29589660.402129,197077.932686,0.265306,0.734694,11212 11225 11673 11675 11771 11789 11986 12205 12233 12360 12361 12377 12479 12725 13253
moead,513_e-05,6,14,2350,47,29577110.692080,196690.177855,0.285714,0.714286,11212 11225 11576 11579 11675 11997 12012 12218 12233 12240 12262 12360 12361 12595 13253
moead,513_e-05,6,15,2350,47,29571002.236807,196564.676365,0.306122,0.693878,11212 11225 11576 11579 11675 11771 11789 12115 12119 12132 12343 12359 12467 12971 13253
moead,513_e-05,6,16,2350,47,29563851.835067,196494.953010,0.326531,0.673469,11212 11225 11673 11675 11771 11789 11986 12233 12360 12361 12377 12479 12595 12725 13253
moead,513_e-05,6,17,2350,47,29558457.271881,195963.877815,0.346939,0.653061,11212 11225 11673 11675 11771 11789 12218 12233 12360 12361 12479 12595 12725 12971 13253
moead,513_e-05,6,18,2350,47,29554045.043733,195566.729170,0.367347,0.632653,11212 11225 11673 11674 11675 11771 11789 12233 12360 12361 12479 12595 12725 12971 13253
moead,513_e-05,6,19,2350,47,29552986.035027,195475.170012,0.387755,0.612245,11212 11225 11576 11579 11688 11997 12012 12233 12360 12361 12479 12595 12725 12971 13253
moead,513_e-05,6,20,2350,47,29539931.173734,192843.895460,0.408163,0.591837,11470 11499 11875 11893 11989 12002 12091 12115 12119 12132 12343 12359 12467 12971 13253
moead,513_e-05,6,21,2350,47,29539931.173734,192843.895460,0.428571,0.571429,11470 11499 11875 11893 11989 12002 12091 12115 12119 12132 12343 12359 12467 12971 13253
moead,513_e-05,6,22,2350,47,29538291.268854,192840.816482,0.448980,0.551020,11470 11499 11786 11875 11893 12002 12091 12115 12119 12132 12343 12359 12467 12971 13253
moead,513_e-05,6,23,2350,47,29532094.778984,192477.207037,0.469388,0.530612,11675 11786 11875 11881 11893 12002 12021 12091 12115 12132 12343 12359 12467 12971 13253
moead,513_e-05,6,24,2350,47,29529792.085741,192453.676460,0.489796,0.510204,11499 11786 11875 11893 11908 12002 12091 12115 12119 12132 12343 12359 12467 12971 13253
moead,513_e-05,6,25,2350,47,29522117.885491,192398.606277,0.510204,0.489796,11675 11786 11875 11881 11893 12002 12091 12115 12132 12224 12343 12359 12467 12971 13253
moead,513_e-05,6,26,2350,47,29522117.885491,192398.606277,0.530612,0.469388,11675 11786 11875 11881 11893 12002 12091 12115 12132 12224 12343 12359 12467 12971 13253
moead,513_e-05,6,27,2350,47,29518715.100163,192357.474501,0.551020,0.448980,11675 11786 11875 11881 11893 12002 12091 12115 12119 12132 12343 12359 12467 12971 13253
moead,513_e-05,6,28,2350,47,29518715.100163,192357.474501,0.571429,0.428571,11675 11786 11875 11881 11893 12002 12091 12115 12119 12132 12343 12359 12467 12971 13253
moead,513_e-05,6,29,2350,47,29511246.284809,188500.244637,0.591837,0.408163,11675 11774 11786 11789 11875 11893 11908 12002 12115 12119 12132 12359 12467 12971 13253
moead,513_e-05,6,30,2350,47,29511246.284809,188500.244637,0.612245,0.387755,11675 11774 11786 11789 11875 11893 11908 12002 12115 12119 12132 12359 12467 12971 13253
moead,513_e-05,6,31,2350,47,29511246.284809,188500.244637,0.632653,0.367347,11675 11774 11786 11789 11875 11893 11908 12002 12115 12119 12132 12359 12467 12971 13253
moead,513_e-05,6,32,2350,47,29507573.225814,188478.583092,0.653061,0.346939,11675 11774 11786 11789 11875 11893 11908 12002 12119 12132 12239 12359 12479 12971 13253
moead,513_e-05,6,33,2350,47,29507573.225814,188478.583092,0.673469,0.326531,11675 11774 11786 11789 11875 11893 11908 12002 12119 12132 12239 12359 12479 12971 13253
moead,513_e-05,6,34,2350,47,29505341.812215,188465.465759,0.693878,0.306122,11675 11679 11785 11875 11893 12002 12094 12115 12119 12132 12239 12359 12479 12971 13253
moead,513_e-05,6,35,2350,47,29495168.758480,188348.149521,0.714286,0.285714,11675 11679 11785 11789 11875 11893 12002 12115 12119 12132 12239 12359 12479 12971 13253
moead,513_e-05,6,36,2350,47,29495168.758480,188348.149521,0.734694,0.265306,11675 11679 11785 11789 11875 11893 12002 12115 12119 12132 12239 12359 12479 12971 13253
moead,513_e-05,6,37,2350,47,29495168.758480,188348.149521,0.755102,0.244898,11675 11679 11785 11789 11875 11893 12002 12115 12119 12132 12239 12359 12479 12971 13253
moead,513_e-05,6,38,2350,47,29495168.758480,188348.149521,0.775510,0.224490,11675 11679 11785 11789 11875 11893 12002 12115 12119 12132 12239 12359 12479 12971 13253
moead,513_e-05,6,39,2350,47,29495168.758480,188348.149521,0.795918,0.204082,11675 11679 11785 11789 11875 11893 12002 12115 12119 12132 12239 12359 12479 12971 13253
moead,513_e-05,6,40,2350,47,29495168.758480,188348.149521,0.816327,0.183673,11675 11679 11785 11789 11875 11893 12002 12115 12119 12132 12239 12359 12479 12971 13253
moead,513_e-05,6,41,2350,47,29493698.627139,188341.853561,0.836735,0.163265,11679 11786 11789 11875 11882 11893 12002 12115 12119 12132 12239 12359 12479 12971 13253
moead,513_e-05,6,42,2350,47,29488712.546335,187751.803696,0.857143,0.142857,11675 11679 11785 11786 11789 11875 11893 12002 12115 12119 12132 12239 12359 12479 12971
moead,513_e-05,6,43,2350,47,29488712.546335,187751.803696,0.877551,0.122449,11675 11679 11785 11786 11789 11875 11893 12002 12115 12119 12132 12239 12359 12479 12971
moead,513_e-05,6,44,2350,47,29488712.546335,187751.803696,0.897959,0.102041,11675 11679 11785 11786 11789 11875 11893 12002 12115 12119 12132 12239 12359 12479 12971
moead,513_e-05,6,45,2350,47,29488712.546335,187751.803696,0.918367,0.081633,11675 11679 11785 11786 11789 11875 11893 12002 12115 12119 12132 12239 12359 12479 12971
moead,513_e-05,6,46,2350,47,29487881.941099,187396.351494,0.938776,0.061224,11679 11777 11786 11789 11875 11882 11893 12002 12115 12119 12132 12239 12356 12479 12971
moead,513_e-05,6,47,2350,47,29485034.142647,187392.300035,0.959184,0.040816,11679 11786 11789 11875 11882 11893 12002 12115 12119 12132 12239 12356 12359 12479 12971
moead,513_e-05,6,48,2350,47,29485034.142647,187392.300035,0.979592,0.020408,11679 11786 11789 11875 11882 11893 12002 12115 12119 12132 12239 12356 12359 12479 12971
moead,513_e-05,6,49,2350,47,29485034.142647,187392.300035,1.000000,0.000000,11679 11786 11789 11875 11882 11893 12002 12115 12119 12132 12239 12356 12359 12479 12971
moead,513_e-05,6,0,2400,48,36852403.770654,236183.260254,0.000000,1.000000,12578 15109 17799 53710 63263 63345 66619 67214 69652 85503 91867 100809 110776 119800 150967
moead,513_e-05,6,1,2400,48,30164321.718588,222244.136292,0.020408,0.979592,10411 10424 11212 11225 11800 11986 12262 12476 12687 13237 13540 14040 14358 15109 67214
moead,513_e-05,6,2,2400,48,29908700.787832,217448.008392,0.040816,0.959184,10411 10424 11212 11225 11580 11675 11800 11986 12113 12262 12476 12687 13540 14022 15109
moead,513_e-05,6,3,2400,48,29829735.744729,213367.245163,0.061224,0.938776,10424 11212 11225 11483 11580 11675 11771 11800 11986 12262 12476 12687 13540 14022 15109
moead,513_e-05,6,4,2400,48,29780841.073302,212505.349045,0.081633,0.918367,10730 11212 11225 11576 11580 11674 11784 12233 12262 12360 12578 12595 13540 14022 15109
moead,513_e-05,6,5,2400,48,29728390.028885,208793.023068,0.102041,0.897959,10730 11212 11225 11576 11580 11674 11784 12012 12233 12262 12447 12595 13378 13540 14022
moead,513_e-05,6,6,2400,48,29687734.725266,207778.442730,0.122449,0.877551,10730 11212 11225 11674 11778 11784 12233 12262 12360 12361 12480 12578 12595 13540 14022
moead,513_e-05,6,7,2400,48,29658455.322966,204306.351494,0.142857,0.857143,11152 11212 11225 11576 11674 11675 11694 12012 12233 12262 12360 12578 12595 13540 14022
moead,513_e-05,6,8,2400,48,29644143.337470,204289.409968,0.163265,0.836735,11212 11225 11576 11579 11674 11675 11694 12012 12233 12262 12360 12578 12595 13540 14022
moead,513_e-05,6,9,2400,48,29634353.992543,203843.130962,0.183673,0.816327,11212 11225 11576 11579 11674 12012 12233 12262 12360 12361 12472 12578 12595 13540 14022
moead,513_e-05,6,10,2400,48,29618407.445703,200478.569931,0.204082,0.795918,11212 11225 11674 11771 11789 11894 12012 12218 12233 12361 12595 12971 13253 13398 14022
moead,513_e-05,6,11,2400,48,29608989.092959,200136.937782,0.224490,0.775510,11212 11225 11576 11579 11675 11997 12012 12218 12233 12360 12361 12595 12971 13253 14022
moead,513_e-05,6,12,2400,48,29589660.402129,197077.932686,0.244898,0.755102,11212 11225 11673 11675 11771 11789 11986 12205 12233 12360 12361 12377 12479 12725 13253
moead,513_e-05,6,13,2400,48,29589660.402129,197077.932686,0.265306,0.734694,11212 11225 11673 11675 11771 11789 11986 12205 12233 12360 12361 12377 12479 12725 13253
moead,513_e-05,6,14,2400,48,29577292.445975,196690.369390,0.285714,0.714286,11212 11225 11576 11579 11675 11997 11999 12012 12218 12233 12240 12262 12361 12595 13253
moead,513_e-05,6,15,2400,48,29571002.236807,196564.676365,0.306122,0.693878,11212 11225 11576 11579 11675 11771 11789 12115 12119 12132 12343 12359 12467 12971 13253
moead,513_e-05,6,16,2400,48,29564929.479077,196501.451065,0.326531,0.673469,11212 11225 11576 11579 11675 11771 11789 12233 12360 12361 12377 12479 12595 12725 13253
moead,513_e-05,6,17,2400,48,29558457.271881,195963.877815,0.346939,0.653061,11212 11225 11673 11675 11771 11789 12218 12233 12360 12361 12479 12595 12725 12971 13253
moead,513_e-05,6,18,2400,48,29554045.043733,195566.729170,0.367347,0.632653,11212 11225 11673 11674 11675 11771 11789 12233 12360 12361 12479 12595 12725 12971 13253
moead,513_e-05,6,19,2400,48,29552986.035027,195475.170012,0.387755,0.612245,11212 11225 11576 11579 11688 11997 12012 12233 12360 12361 12479 12595 12725 12971 13253
moead,513_e-05,6,20,2400,48,29540219.950475,192870.609734,0.408163,0.591837,11470 11875 11893 11989 12002 12091 12115 12119 12132 12343 12359 12467 12584 12971 13253
moead,513_e-05,6,21,2400,48,29540219.950475,192870.609734,0.428571,0.571429,11470 11875 11893 11989 12002 12091 12115 12119 12132 12343 12359 12467 12584 12971 13253
moead,513_e-05,6,22,2400,48,29538291.268854,192840.816482,0.448980,0.551020,11470 11499 11786 11875 11893 12002 12091 12115 12119 12132 12343 12359 12467 12971 13253
moead,513_e-05,6,23,2400,48,29532094.778984,192477.207037,0.469388,0.530612,11675 11786 11875 11881 11893 12002 12021 12091 12115 12132 12343 12359 12467 12971 13253
moead,513_e-05,6,24,2400,48,29529792.085741,192453.676460,0.489796,0.510204,11499 11786 11875 11893 11908 12002 12091 12115 12119 12132 12343 12359 12467 12971 13253
moead,513_e-05,6,25,2400,48,29522117.885491,192398.606277,0.510204,0.489796,11675 11786 11875 11881 11893 12002 12091 12115 12132 12224 12343 12359 12467 12971 13253
moead,513_e-05,6,26,2400,48,29522117.885491,192398.606277,0.530612,0.469388,11675 11786 11875 11881 11893 12002 12091 12115 12132 12224 12343 12359 12467 12971 13253
moead,513_e-05,6,27,2400,48,29518715.100163,192357.474501,0.551020,0.448980,11675 11786 11875 11881 11893 12002 12091 12115 12119 12132 12343 12359 12467 12971 13253
moead,513_e-05,6,28,2400,48,29518715.100163,192357.474501,0.571429,0.428571,11675 11786 11875 11881 11893 12002 12091 12115 12119 12132 12343 12359 12467 12971 13253
moead,513_e-05,6,29,2400,48,29510241.483217,188512.673853,0.591837,0.408163,11675 11679 11786 11789 11875 11893 11908 12002 12115 12119 12132 12359 12467 12971 13253
moead,513_e-05,6,30,2400,48,29510241.483217,188512.673853,0.612245,0.387755,11675 11679 11786 11789 11875 11893 11908 12002 12115 12119 12132 12359 12467 12971 13253
moead,513_e-05,6,31,2400,48,29510241.483217,188512.673853,0.632653,0.367347,11675 11679 11786 11789 11875 11893 11908 12002 12115 12119 12132 12359 12467 12971 13253
moead,513_e-05,6,32,2400,48,29507573.225814,188478.583092,0.653061,0.346939,11675 11774 11786 11789 11875 11893 11908 12002 12119 12132 12239 12359 12479 12971 13253
moead,513_e-05,6,33,2400,48,29507573.225814,188478.583092,0.673469,0.326531,11675 11774 11786 11789 11875 11893 11908 12002 12119 12132 12239 12359 12479 12971 13253
moead,513_e-05,6,34,2400,48,29505341.812215,188465.465759,0.693878,0.306122,11675 11679 11785 11875 11893 12002 12094 12115 12119 12132 12239 12359 12479 12971 13253
moead,513_e-05,6,35,2400,48,29495168.758480,188348.149521,0.714286,0.285714,11675 11679 11785 11789 11875 11893 12002 12115 12119 12132 12239 12359 12479 12971 13253
moead,513_e-05,6,36,2400,48,29495168.758480,188348.149521,0.734694,0.265306,11675 11679 11785 11789 11875 11893 12002 12115 12119 12132 12239 12359 12479 12971 13253
moead,513_e-05,6,37,2400,48,29495168.758480,188348.149521,0.755102,0.244898,11675 11679 11785 11789 11875 11893 12002 12115 12119 12132 12239 12359 12479 12971 13253
moead,513_e-05,6,38,2400,48,29495168.758480,188348.149521,0.775510,0.224490,11675 11679 11785 11789 11875 11893 12002 12115 12119 12132 12239 12359 12479 12971 13253
moead,513_e-05,6,39,2400,48,29495168.758480,188348.149521,0.795918,0.204082,11675 11679 11785 11789 11875 11893 12002 12115 12119 12132 12239 12359 12479 12971 13253
moead,513_e-05,6,40,2400,48,29495168.758480,188348.149521,0.816327,0.183673,11675 11679 11785 11789 11875 11893 12002 12115 12119 12132 12239 12359 12479 12971 13253
moead,513_e-05,6,41,2400,48,29493698.627139,188341.853561,0.836735,0.163265,11679 11786 11789 11875 11882 11893 12002 12115 12119 12132 12239 12359 12479 12971 13253
moead,513_e-05,6,42,2400,48,29487405.713751,187769.414413,0.857143,0.142857,11679 11777 11785 11786 11789 11875 11893 12002 12115 12119 12132 12239 12359 12479 12971
moead,513_e-05,6,43,2400,48,29487405.713751,187769.414413,0.877551,0.122449,11679 11777 11785 11786 11789 11875 11893 12002 12115 12119 12132 12239 12359 12479 12971
moead,513_e-05,6,44,2400,48,29487405.713751,187769.414413,0.897959,0.102041,11679 11777 11785 11786 11789 11875 11893 12002 12115 12119 12132 12239 12359 12479 12971
moead,513_e-05,6,45,2400,48,29487405.713751,187769.414413,0.918367,0.081633,11679 11777 11785 11786 11789 11875 11893 12002 12115 12119 12132 12239 12359 12479 12971
moead,513_e-05,6,46,2400,48,29487405.713751,187769.414413,0.938776,0.061224,11679 11777 11785 11786 11789 11875 11893 12002 12115 12119 12132 12239 12359 12479 12971
moead,513_e-05,6,47,2400,48,29485034.142647,187392.300035,0.959184,0.040816,11679 11786 11789 11875 11882 11893 12002 12115 12119 12132 12239 12356 12359 12479 12971
moead,513_e-05,6,48,2400,48,29485034.142647,187392.300035,0.979592,0.020408,11679 11786 11789 11875 11882 11893 12002 12115 12119 12132 12239 12356 12359 12479 12971
moead,513_e-05,6,49,2400,48,29485034.142647,187392.300035,1.000000,0.000000,11679 11786 11789 11875 11882 11893 12002 12115 12119 12132 12239 12356 12359 12479 12971
moead,513_e-05,6,0,2450,49,36001355.498122,236183.260254,0.000000,1.000000,6385 12595 13540 14022 15109 17799 17842 26658 53710 63263 66619 69652 76455 85503 109859
moead,513_e-05,6,1,2450,49,30164321.718588,222244.136292,0.020408,0.979592,10411 10424 11212 11225 11800 11986 12262 12476 12687 13237 13540 14040 14358 15109 67214
moead,513_e-05,6,2,2450,49,29921272.360956,217448.008392,0.040816,0.959184,10253 10424 11212 11225 11580 11675 11800 11986 12113 12262 12476 12687 13540 14022 15109
moead,513_e-05,6,3,2450,49,29829735.744729,213367.245163,0.061224,0.938776,10424 11212 11225 11483 11580 11675 11771 11800 11986 12262 12476 12687 13540 14022 15109
moead,513_e-05,6,4,2450,49,29780841.073302,212505.349045,0.081633,0.918367,10730 11212 11225 11576 11580 11674 11784 12233 12262 12360 12578 12595 13540 14022 15109
moead,513_e-05,6,5,2450,49,29728390.028885,208793.023068,0.102041,0.897959,10730 11212 11225 11576 11580 11674 11784 12012 12233 12262 12447 12595 13378 13540 14022
moead,513_e-05,6,6,2450,49,29687734.725266,207778.442730,0.122449,0.877551,10730 11212 11225 11674 11778 11784 12233 12262 12360 12361 12480 12578 12595 13540 14022
moead,513_e-05,6,7,2450,49,29661853.020525,204461.115965,0.142857,0.857143,11152 11212 11225 11576 11674 11675 11694 12016 12233 12262 12360 12578 12595 13540 14022
moead,513_e-05,6,8,2450,49,29644143.337470,204289.409968,0.163265,0.836735,11212 11225 11576 11579 11674 11675 11694 12012 12233 12262 12360 12578 12595 13540 14022
moead,513_e-05,6,9,2450,49,29634353.992543,203843.130962,0.183673,0.816327,11212 11225 11576 11579 11674 12012 12233 12262 12360 12361 12472 12578 12595 13540 14022
moead,513_e-05,6,10,2450,49,29618407.445703,200478.569931,0.204082,0.795918,11212 11225 11674 11771 11789 11894 12012 12218 12233 12361 12595 12971 13253 13398 14022
moead,513_e-05,6,11,2450,49,29608989.092959,200136.937782,0.224490,0.775510,11212 11225 11576 11579 11675 11997 12012 12218 12233 12360 12361 12595 12971 13253 14022
moead,513_e-05,6,12,2450,49,29589660.402129,197077.932686,0.244898,0.755102,11212 11225 11673 11675 11771 11789 11986 12205 12233 12360 12361 12377 12479 12725 13253
moead,513_e-05,6,13,2450,49,29589660.402129,197077.932686,0.265306,0.734694,11212 11225 11673 11675 11771 11789 11986 12205 12233 12360 12361 12377 12479 12725 13253
moead,513_e-05,6,14,2450,49,29577292.445975,196690.369390,0.285714,0.714286,11212 11225 11576 11579 11675 11997 11999 12012 12218 12233 12240 12262 12361 12595 13253
moead,513_e-05,6,15,2450,49,29571002.236807,196564.676365,0.306122,0.693878,11212 11225 11576 11579 11675 11771 11789 12115 12119 12132 12343 12359 12467 12971 13253
moead,513_e-05,6,16,2450,49,29564929.479077,196501.451065,0.326531,0.673469,11212 11225 11576 11579 11675 11771 11789 12233 12360 12361 12377 12479 12595 12725 13253
moead,513_e-05,6,17,2450,49,29558457.271881,195963.877815,0.346939,0.653061,11212 11225 11673 11675 11771 11789 12218 12233 12360 12361 12479 12595 12725 12971 13253
moead,513_e-05,6,18,2450,49,29554045.043733,195566.729170,0.367347,0.632653,11212 11225 11673 11674 11675 11771 11789 12233 12360 12361 12479 12595 12725 12971 13253
moead,513_e-05,6,19,2450,49,29552986.035027,195475.170012,0.387755,0.612245,11212 11225 11576 11579 11688 11997 12012 12233 12360 12361 12479 12595 12725 12971 13253
moead,513_e-05,6,20,2450,49,29537045.861382,192886.818428,0.408163,0.591837,11470 11875 11881 11893 12002 12091 12115 12132 12224 12343 12359 12467 12719 12971 13253
moead,513_e-05,6,21,2450,49,29537045.861382,192886.818428,0.428571,0.571429,11470 11875 11881 11893 12002 12091 12115 12132 12224 12343 12359 12467 12719 12971 13253
moead,513_e-05,6,22,2450,49,29537045.861382,192886.818428,0.448980,0.551020,11470 11875 11881 11893 12002 12091 12115 12132 12224 12343 12359 12467 12719 12971 13253
moead,513_e-05,6,23,2450,49,29532094.778984,192477.207037,0.469388,0.530612,11675 11786 11875 11881 11893 12002 12021 12091 12115 12132 12343 12359 12467 12971 13253
moead,513_e-05,6,24,2450,49,29529792.085741,192453.676460,0.489796,0.510204,11499 11786 11875 11893 11908 12002 12091 12115 12119 12132 12343 12359 12467 12971 13253
moead,513_e-05,6,25,2450,49,29516687.019540,192401.974301,0.510204,0.489796,11675 11786 11881 11893 12002 12091 12115 12132 12224 12343 12359 12467 12719 12971 13253
moead,513_e-05,6,26,2450,49,29516687.019540,192401.974301,0.530612,0.469388,11675 11786 11881 11893 12002 12091 12115 12132 12224 12343 12359 12467 12719 12971 13253
moead,513_e-05,6,27,2450,49,29516687.019540,192401.974301,0.551020,0.448980,11675 11786 11881 11893 12002 12091 12115 12132 12224 12343 12359 12467 12719 12971 13253
moead,513_e-05,6,28,2450,49,29516687.019540,192401.974301,0.571429,0.428571,11675 11786 11881 11893 12002 12091 12115 12132 12224 12343 12359 12467 12719 12971 13253
moead,513_e-05,6,29,2450,49,29516687.019540,192401.974301,0.591837,0.408163,11675 11786 11881 11893 12002 12091 12115 12132 12224 12343 12359 12467 12719 12971 13253
moead,513_e-05,6,30,2450,49,29510241.483217,188512.673853,0.612245,0.387755,11675 11679 11786 11789 11875 11893 11908 12002 12115 12119 12132 12359 12467 12971 13253
moead,513_e-05,6,31,2450,49,29510241.483217,188512.673853,0.632653,0.367347,11675 11679 11786 11789 11875 11893 11908 12002 12115 12119 12132 12359 12467 12971 13253
moead,513_e-05,6,32,2450,49,29507573.225814,188478.583092,0.653061,0.346939,11675 11774 11786 11789 11875 11893 11908 12002 12119 12132 12239 12359 12479 12971 13253
moead,513_e-05,6,33,2450,49,29507573.225814,188478.583092,0.673469,0.326531,11675 11774 11786 11789 11875 11893 11908 12002 12119 12132 12239 12359 12479 12971 13253
moead,513_e-05,6,34,2450,49,29505341.812215,188465.465759,0.693878,0.306122,11675 11679 11785 11875 11893 12002 12094 12115 12119 12132 12239 12359 12479 12971 13253
moead,513_e-05,6,35,2450,49,29501800.825956,188378.488281,0.714286,0.285714,11675 11679 11785 11875 11893 11982 12002 12115 12119 12132 12239 12359 12479 12971 13253
moead,513_e-05,6,36,2450,49,29501800.825956,188378.488281,0.734694,0.265306,11675 11679 11785 11875 11893 11982 12002 12115 12119 12132 12239 12359 12479 12971 13253
moead,513_e-05,6,37,2450,49,29495168.758480,188348.149521,0.755102,0.244898,11675 11679 11785 11789 11875 11893 12002 12115 12119 12132 12239 12359 12479 12971 13253
moead,513_e-05,6,38,2450,49,29495168.758480,188348.149521,0.775510,0.224490,11675 11679 11785 11789 11875 11893 12002 12115 12119 12132 12239 12359 12479 12971 13253
moead,513_e-05,6,39,2450,49,29495168.758480,188348.149521,0.795918,0.204082,11675 11679 11785 11789 11875 11893 12002 12115 12119 12132 12239 12359 12479 12971 13253
moead,513_e-05,6,40,2450,49,29495168.758480,188348.149521,0.816327,0.183673,11675 11679 11785 11789 11875 11893 12002 12115 12119 12132 12239 12359 12479 12971 13253
moead,513_e-05,6,41,2450,49,29493698.627139,188341.853561,0.836735,0.163265,11679 11786 11789 11875 11882 11893 12002 12115 12119 12132 12239 12359 12479 12971 13253
moead,513_e-05,6,42,2450,49,29487405.713751,187769.414413,0.857143,0.142857,11679 11777 11785 11786 11789 11875 11893 12002 12115 12119 12132 12239 12359 12479 12971
moead,513_e-05,6,43,2450,49,29487405.713751,187769.414413,0.877551,0.122449,11679 11777 11785 11786 11789 11875 11893 12002 12115 12119 12132 12239 12359 12479 12971
moead,513_e-05,6,44,2450,49,29487405.713751,187769.414413,0.897959,0.102041,11679 11777 11785 11786 11789 11875 11893 12002 12115 12119 12132 12239 12359 12479 12971
moead,513_e-05,6,45,2450,49,29487405.713751,187769.414413,0.918367,0.081633,11679 11777 11785 11786 11789 11875 11893 12002 12115 12119 12132 12239 12359 12479 12971
moead,513_e-05,6,46,2450,49,29487405.713751,187769.414413,0.938776,0.061224,11679 11777 11785 11786 11789 11875 11893 12002 12115 12119 12132 12239 12359 12479 12971
moead,513_e-05,6,47,2450,49,29485034.142647,187392.300035,0.959184,0.040816,11679 11786 11789 11875 11882 11893 12002 12115 12119 12132 12239 12356 12359 12479 12971
moead,513_e-05,6,48,2450,49,29485034.142647,187392.300035,0.979592,0.020408,11679 11786 11789 11875 11882 11893 12002 12115 12119 12132 12239 12356 12359 12479 12971
moead,513_e-05,6,49,2450,49,29485034.142647,187392.300035,1.000000,0.000000,11679 11786 11789 11875 11882 11893 12002 12115 12119 12132 12239 12356 12359 12479 12971
moead,513_e-05,6,0,2500,50,36299301.460634,236183.260254,0.000000,1.000000,12595 13540 14022 15109 17842 27778 66619 72254 76455 76693 91624 117732 132194 145697 181320
moead,513_e-05,6,1,2500,50,30164321.718588,222244.136292,0.020408,0.979592,10411 10424 11212 11225 11800 11986 12262 12476 12687 13237 13540 14040 14358 15109 67214
moead,513_e-05,6,2,2500,50,29921272.360956,217448.008392,0.040816,0.959184,10253 10424 11212 11225 11580 11675 11800 11986 12113 12262 12476 12687 13540 14022 15109
moead,513_e-05,6,3,2500,50,29829735.744729,213367.245163,0.061224,0.938776,10424 11212 11225 11483 11580 11675 11771 11800 11986 12262 12476 12687 13540 14022 15109
moead,513_e-05,6,4,2500,50,29780841.073302,212505.349045,0.081633,0.918367,10730 11212 11225 11576 11580 11674 11784 12233 12262 12360 12578 12595 13540 14022 15109
moead,513_e-05,6,5,2500,50,29728390.028885,208793.023068,0.102041,0.897959,10730 11212 11225 11576 11580 11674 11784 12012 12233 12262 12447 12595 13378 13540 14022
moead,513_e-05,6,6,2500,50,29687734.725266,207778.442730,0.122449,0.877551,10730 11212 11225 11674 11778 11784 12233 12262 12360 12361 12480 12578 12595 13540 14022
moead,513_e-05,6,7,2500,50,29661853.020525,204461.115965,0.142857,0.857143,11152 11212 11225 11576 11674 11675 11694 12016 12233 12262 12360 12578 12595 13540 14022
moead,513_e-05,6,8,2500,50,29644143.337470,204289.409968,0.163265,0.836735,11212 11225 11576 11579 11674 11675 11694 12012 12233 12262 12360 12578 12595 13540 14022
moead,513_e-05,6,9,2500,50,29634353.992543,203843.130962,0.183673,0.816327,11212 11225 11576 11579 11674 12012 12233 12262 12360 12361 12472 12578 12595 13540 14022
moead,513_e-05,6,10,2500,50,29618407.445703,200478.569931,0.204082,0.795918,11212 11225 11674 11771 11789 11894 12012 12218 12233 12361 12595 12971 13253 13398 14022
moead,513_e-05,6,11,2500,50,29609386.937145,200136.938040,0.224490,0.775510,11212 11225 11576 11579 11674 11997 12012 12218 12233 12360 12361 12595 12971 13253 14022
moead,513_e-05,6,12,2500,50,29589660.402129,197077.932686,0.244898,0.755102,11212 11225 11673 11675 11771 11789 11986 12205 12233 12360 12361 12377 12479 12725 13253
moead,513_e-05,6,13,2500,50,29589660.402129,197077.932686,0.265306,0.734694,11212 11225 11673 11675 11771 11789 11986 12205 12233 12360 12361 12377 12479 12725 13253
moead,513_e-05,6,14,2500,50,29577292.445975,196690.369390,0.285714,0.714286,11212 11225 11576 11579 11675 11997 11999 12012 12218 12233 12240 12262 12361 12595 13253
moead,513_e-05,6,15,2500,50,29571002.236807,196564.676365,0.306122,0.693878,11212 11225 11576 11579 11675 11771 11789 12115 12119 12132 12343 12359 12467 12971 13253
moead,513_e-05,6,16,2500,50,29565902.415799,196501.451065,0.326531,0.673469,11212 11225 11576 11579 11675 11771 11789 12122 12233 12360 12377 12479 12595 12725 13253
moead,513_e-05,6,17,2500,50,29558457.271881,195963.877815,0.346939,0.653061,11212 11225 11673 11675 11771 11789 12218 12233 12360 12361 12479 12595 12725 12971 13253
moead,513_e-05,6,18,2500,50,29554296.369929,195566.729170,0.367347,0.632653,11212 11225 11673 11675 11771 11789 12012 12233 12360 12361 12479 12595 12725 12971 13253
moead,513_e-05,6,19,2500,50,29552761.905083,195475.170012,0.387755,0.612245,11212 11225 11576 11579 11688 11997 12012 12115 12233 12361 12479 12595 12725 12971 13253
moead,513_e-05,6,20,2500,50,29536046.864254,192888.557617,0.408163,0.591837,11564 11786 11881 11893 12002 12091 12115 12132 12224 12359 12467 12719 12971 13253 13259
moead,513_e-05,6,21,2500,50,29536046.864254,192888.557617,0.428571,0.571429,11564 11786 11881 11893 12002 12091 12115 12132 12224 12359 12467 12719 12971 13253 13259
moead,513_e-05,6,22,2500,50,29536046.864254,192888.557617,0.448980,0.551020,11564 11786 11881 11893 12002 12091 12115 12132 12224 12359 12467 12719 12971 13253 13259
moead,513_e-05,6,23,2500,50,29529018.827939,192869.364987,0.469388,0.530612,11564 11786 11881 11893 12002 12091 12115 12132 12224 12343 12359 12467 12719 12971 13253
moead,513_e-05,6,24,2500,50,29529018.827939,192869.364987,0.489796,0.510204,11564 11786 11881 11893 12002 12091 12115 12132 12224 12343 12359 12467 12719 12971 13253
moead,513_e-05,6,25,2500,50,29516687.019540,192401.974301,0.510204,0.489796,11675 11786 11881 11893 12002 12091 12115 12132 12224 12343 12359 12467 12719 12971 13253
moead,513_e-05,6,26,2500,50,29516687.019540,192401.974301,0.530612,0.469388,11675 11786 11881 11893 12002 12091 12115 12132 12224 12343 12359 12467 12719 12971 13253
moead,513_e-05,6,27,2500,50,29516687.019540,192401.974301,0.551020,0.448980,11675 11786 11881 11893 12002 12091 12115 12132 12224 12343 12359 12467 12719 12971 13253
moead,513_e-05,6,28,2500,50,29516687.019540,192401.974301,0.571429,0.428571,11675 11786 11881 11893 12002 12091 12115 12132 12224 12343 12359 12467 12719 12971 13253
moead,513_e-05,6,29,2500,50,29516687.019540,192401.974301,0.591837,0.408163,11675 11786 11881 11893 12002 12091 12115 12132 12224 12343 12359 12467 12719 12971 13253
moead,513_e-05,6,30,2500,50,29510241.483217,188512.673853,0.612245,0.387755,11675 11679 11786 11789 11875 11893 11908 12002 12115 12119 12132 12359 12467 12971 13253
moead,513_e-05,6,31,2500,50,29510241.483217,188512.673853,0.632653,0.367347,11675 11679 11786 11789 11875 11893 11908 12002 12115 12119 12132 12359 12467 12971 13253
moead,513_e-05,6,32,2500,50,29507573.225814,188478.583092,0.653061,0.346939,11675 11774 11786 11789 11875 11893 11908 12002 12119 12132 12239 12359 12479 12971 13253
moead,513_e-05,6,33,2500,50,29507573.225814,188478.583092,0.673469,0.326531,11675 11774 11786 11789 11875 11893 11908 12002 12119 12132 12239 12359 12479 12971 13253
moead,513_e-05,6,34,2500,50,29505341.812215,188465.465759,0.693878,0.306122,11675 11679 11785 11875 11893 12002 12094 12115 12119 12132 12239 12359 12479 12971 13253
moead,513_e-05,6,35,2500,50,29501800.825956,188378.488281,0.714286,0.285714,11675 11679 11785 11875 11893 11982 12002 12115 12119 12132 12239 12359 12479 12971 13253
moead,513_e-05,6,36,2500,50,29501800.825956,188378.488281,0.734694,0.265306,11675 11679 11785 11875 11893 11982 12002 12115 12119 12132 12239 12359 12479 12971 13253
moead,513_e-05,6,37,2500,50,29495168.758480,188348.149521,0.755102,0.244898,11675 11679 11785 11789 11875 11893 12002 12115 12119 12132 12239 12359 12479 12971 13253
moead,513_e-05,6,38,2500,50,29495168.758480,188348.149521,0.775510,0.224490,11675 11679 11785 11789 11875 11893 12002 12115 12119 12132 12239 12359 12479 12971 13253
moead,513_e-05,6,39,2500,50,29495168.758480,188348.149521,0.795918,0.204082,11675 11679 11785 11789 11875 11893 12002 12115 12119 12132 12239 12359 12479 12971 13253
moead,513_e-05,6,40,2500,50,29495168.758480,188348.149521,0.816327,0.183673,11675 11679 11785 11789 11875 11893 12002 12115 12119 12132 12239 12359 12479 12971 13253
moead,513_e-05,6,41,2500,50,29493698.627139,188341.853561,0.836735,0.163265,11679 11786 11789 11875 11882 11893 12002 12115 12119 12132 12239 12359 12479 12971 13253
moead,513_e-05,6,42,2500,50,29489036.156972,187832.260849,0.857143,0.142857,11679 11777 11785 11786 11789 11893 12002 12115 12119 12132 12239 12359 12479 12971 13253
moead,513_e-05,6,43,2500,50,29489036.156972,187832.260849,0.877551,0.122449,11679 11777 11785 11786 11789 11893 12002 12115 12119 12132 12239 12359 12479 12971 13253
moead,513_e-05,6,44,2500,50,29489036.156972,187832.260849,0.897959,0.102041,11679 11777 11785 11786 11789 11893 12002 12115 12119 12132 12239 12359 12479 12971 13253
moead,513_e-05,6,45,2500,50,29489036.156972,187832.260849,0.918367,0.081633,11679 11777 11785 11786 11789 11893 12002 12115 12119 12132 12239 12359 12479 12971 13253
moead,513_e-05,6,46,2500,50,29487405.713751,187769.414413,0.938776,0.061224,11679 11777 11785 11786 11789 11875 11893 12002 12115 12119 12132 12239 12359 12479 12971
moead,513_e-05,6,47,2500,50,29485034.142647,187392.300035,0.959184,0.040816,11679 11786 11789 11875 11882 11893 12002 12115 12119 12132 12239 12356 12359 12479 12971
moead,513_e-05,6,48,2500,50,29485034.142647,187392.300035,0.979592,0.020408,11679 11786 11789 11875 11882 11893 12002 12115 12119 12132 12239 12356 12359 12479 12971
moead,513_e-05,6,49,2500,50,29485034.142647,187392.300035,1.000000,0.000000,11679 11786 11789 11875 11882 11893 12002 12115 12119 12132 12239 12356 12359 12479 12971
moead,513_e-05,6,0,2550,51,35918164.579216,236183.260254,0.000000,1.000000,12595 13540 14022 17842 27778 76455 76693 79850 89645 100937 116685 117732 132194 145697 151745
moead,513_e-05,6,1,2550,51,30164321.718588,222244.136292,0.020408,0.979592,10411 10424 11212 11225 11800 11986 12262 12476 12687 13237 13540 14040 14358 15109 67214
moead,513_e-05,6,2,2550,51,29921272.360956,217448.008392,0.040816,0.959184,10253 10424 11212 11225 11580 11675 11800 11986 12113 12262 12476 12687 13540 14022 15109
moead,513_e-05,6,3,2550,51,29829735.744729,213367.245163,0.061224,0.938776,10424 11212 11225 11483 11580 11675 11771 11800 11986 12262 12476 12687 13540 14022 15109
moead,513_e-05,6,4,2550,51,29780841.073302,212505.349045,0.081633,0.918367,10730 11212 11225 11576 11580 11674 11784 12233 12262 12360 12578 12595 13540 14022 15109
moead,513_e-05,6,5,2550,51,29728390.028885,208793.023068,0.102041,0.897959,10730 11212 11225 11576 11580 11674 11784 12012 12233 12262 12447 12595 13378 13540 14022
moead,513_e-05,6,6,2550,51,29687734.725266,207778.442730,0.122449,0.877551,10730 11212 11225 11674 11778 11784 12233 12262 12360 12361 12480 12578 12595 13540 14022
moead,513_e-05,6,7,2550,51,29661853.020525,204461.115965,0.142857,0.857143,11152 11212 11225 11576 11674 11675 11694 12016 12233 12262 12360 12578 12595 13540 14022
moead,513_e-05,6,8,2550,51,29644143.337470,204289.409968,0.163265,0.836735,11212 11225 11576 11579 11674 11675 11694 12012 12233 12262 12360 12578 12595 13540 14022
moead,513_e-05,6,9,2550,51,29634353.992543,203843.130962,0.183673,0.816327,11212 11225 11576 11579 11674 12012 12233 12262 12360 12361 12472 12578 12595 13540 14022
moead,513_e-05,6,10,2550,51,29618407.445703,200478.569931,0.204082,0.795918,11212 11225 11674 11771 11789 11894 12012 12218 12233 12361 12595 12971 13253 13398 14022
moead,513_e-05,6,11,2550,51,29609386.937145,200136.938040,0.224490,0.775510,11212 11225 11576 11579 11674 11997 12012 12218 12233 12360 12361 12595 12971 13253 14022
moead,513_e-05,6,12,2550,51,29590087.213823,197098.047471,0.244898,0.755102,11212 11225 11771 11789 11876 11986 12010 12205 12233 12360 12361 12377 12479 12725 13253
moead,513_e-05,6,13,2550,51,29590087.213823,197098.047471,0.265306,0.734694,11212 11225 11771 11789 11876 11986 12010 12205 12233 12360 12361 12377 12479 12725 13253
moead,513_e-05,6,14,2550,51,29577292.445975,196690.369390,0.285714,0.714286,11212 11225 11576 11579 11675 11997 11999 12012 12218 12233 12240 12262 12361 12595 13253
moead,513_e-05,6,15,2550,51,29571002.236807,196564.676365,0.306122,0.693878,11212 11225 11576 11579 11675 11771 11789 12115 12119 12132 12343 12359 12467 12971 13253
moead,513_e-05,6,16,2550,51,29565902.415799,196501.451065,0.326531,0.673469,11212 11225 11576 11579 11675 11771 11789 12122 12233 12360 12377 12479 12595 12725 13253
moead,513_e-05,6,17,2550,51,29558457.271881,195963.877815,0.346939,0.653061,11212 11225 11673 11675 11771 11789 12218 12233 12360 12361 12479 12595 12725 12971 13253
moead,513_e-05,6,18,2550,51,29554296.369929,195566.729170,0.367347,0.632653,11212 11225 11673 11675 11771 11789 12012 12233 12360 12361 12479 12595 12725 12971 13253
moead,513_e-05,6,19,2550,51,29547810.102394,195475.170012,0.387755,0.612245,11212 11225 11576 11688 11997 12012 12115 12233 12240 12361 12479 12595 12725 12971 13253
moead,513_e-05,6,20,2550,51,29536046.864254,192888.557617,0.408163,0.591837,11564 11786 11881 11893 12002 12091 12115 12132 12224 12359 12467 12719 12971 13253 13259
moead,513_e-05,6,21,2550,51,29536046.864254,192888.557617,0.428571,0.571429,11564 11786 11881 11893 12002 12091 12115 12132 12224 12359 12467 12719 12971 13253 13259
moead,513_e-05,6,22,2550,51,29536046.864254,192888.557617,0.448980,0.551020,11564 11786 11881 11893 12002 12091 12115 12132 12224 12359 12467 12719 12971 13253 13259
moead,513_e-05,6,23,2550,51,29529018.827939,192869.364987,0.469388,0.530612,11564 11786 11881 11893 12002 12091 12115 12132 12224 12343 12359 12467 12719 12971 13253
moead,513_e-05,6,24,2550,51,29529018.827939,192869.364987,0.489796,0.510204,11564 11786 11881 11893 12002 12091 12115 12132 12224 12343 12359 12467 12719 12971 13253
moead,513_e-05,6,25,2550,51,29516687.019540,192401.974301,0.510204,0.489796,11675 11786 11881 11893 12002 12091 12115 12132 12224 12343 12359 12467 12719 12971 13253
moead,513_e-05,6,26,2550,51,29516687.019540,192401.974301,0.530612,0.469388,11675 11786 11881 11893 12002 12091 12115 12132 12224 12343 12359 12467 12719 12971 13253
moead,513_e-05,6,27,2550,51,29516687.019540,192401.974301,0.551020,0.448980,11675 11786 11881 11893 12002 12091 12115 12132 12224 12343 12359 12467 12719 12971 13253
moead,513_e-05,6,28,2550,51,29516687.019540,192401.974301,0.571429,0.428571,11675 11786 11881 11893 12002 12091 12115 12132 12224 12343 12359 12467 12719 12971 13253
moead,513_e-05,6,29,2550,51,29516687.019540,192401.974301,0.591837,0.408163,11675 11786 11881 11893 12002 12091 12115 12132 12224 12343 12359 12467 12719 12971 13253
moead,513_e-05,6,30,2550,51,29510241.483217,188512.673853,0.612245,0.387755,11675 11679 11786 11789 11875 11893 11908 12002 12115 12119 12132 12359 12467 12971 13253
moead,513_e-05,6,31,2550,51,29510241.483217,188512.673853,0.632653,0.367347,11675 11679 11786 11789 11875 11893 11908 12002 12115 12119 12132 12359 12467 12971 13253
moead,513_e-05,6,32,2550,51,29507573.225814,188478.583092,0.653061,0.346939,11675 11774 11786 11789 11875 11893 11908 12002 12119 12132 12239 12359 12479 12971 13253
moead,513_e-05,6,33,2550,51,29507573.225814,188478.583092,0.673469,0.326531,11675 11774 11786 11789 11875 11893 11908 12002 12119 12132 12239 12359 12479 12971 13253
moead,513_e-05,6,34,2550,51,29505341.812215,188465.465759,0.693878,0.306122,11675 11679 11785 11875 11893 12002 12094 12115 12119 12132 12239 12359 12479 12971 13253
moead,513_e-05,6,35,2550,51,29500065.690034,188427.705109,0.714286,0.285714,11675 11774 11786 11789 11875 11888 11893 11908 12002 12119 12239 12359 12479 12971 13253
moead,513_e-05,6,36,2550,51,29500065.690034,188427.705109,0.734694,0.265306,11675 11774 11786 11789 11875 11888 11893 11908 12002 12119 12239 12359 12479 12971 13253
moead,513_e-05,6,37,2550,51,29500065.690034,188427.705109,0.755102,0.244898,11675 11774 11786 11789 11875 11888 11893 11908 12002 12119 12239 12359 12479 12971 13253
moead,513_e-05,6,38,2550,51,29495168.758480,188348.149521,0.775510,0.224490,11675 11679 11785 11789 11875 11893 12002 12115 12119 12132 12239 12359 12479 12971 13253
moead,513_e-05,6,39,2550,51,29495168.758480,188348.149521,0.795918,0.204082,11675 11679 11785 11789 11875 11893 12002 12115 12119 12132 12239 12359 12479 12971 13253
moead,513_e-05,6,40,2550,51,29495168.758480,188348.149521,0.816327,0.183673,11675 11679 11785 11789 11875 11893 12002 12115 12119 12132 12239 12359 12479 12971 13253
moead,513_e-05,6,41,2550,51,29493698.627139,188341.853561,0.836735,0.163265,11679 11786 11789 11875 11882 11893 12002 12115 12119 12132 12239 12359 12479 12971 13253
moead,513_e-05,6,42,2550,51,29489036.156972,187832.260849,0.857143,0.142857,11679 11777 11785 11786 11789 11893 12002 12115 12119 12132 12239 12359 12479 12971 13253
moead,513_e-05,6,43,2550,51,29489036.156972,187832.260849,0.877551,0.122449,11679 11777 11785 11786 11789 11893 12002 12115 12119 12132 12239 12359 12479 12971 13253
moead,513_e-05,6,44,2550,51,29489036.156972,187832.260849,0.897959,0.102041,11679 11777 11785 11786 11789 11893 12002 12115 12119 12132 12239 12359 12479 12971 13253
moead,513_e-05,6,45,2550,51,29489036.156972,187832.260849,0.918367,0.081633,11679 11777 11785 11786 11789 11893 12002 12115 12119 12132 12239 12359 12479 12971 13253
moead,513_e-05,6,46,2550,51,29487405.713751,187769.414413,0.938776,0.061224,11679 11777 11785 11786 11789 11875 11893 12002 12115 12119 12132 12239 12359 12479 12971
moead,513_e-05,6,47,2550,51,29485034.142647,187392.300035,0.959184,0.040816,11679 11786 11789 11875 11882 11893 12002 12115 12119 12132 12239 12356 12359 12479 12971
moead,513_e-05,6,48,2550,51,29485034.142647,187392.300035,0.979592,0.020408,11679 11786 11789 11875 11882 11893 12002 12115 12119 12132 12239 12356 12359 12479 12971
moead,513_e-05,6,49,2550,51,29485034.142647,187392.300035,1.000000,0.000000,11679 11786 11789 11875 11882 11893 12002 12115 12119 12132 12239 12356 12359 12479 12971
moead,513_e-05,6,0,2600,52,36899699.569807,236183.260254,0.000000,1.000000,12595 14022 27778 30560 63079 76455 87213 91186 91857 100937 116685 117732 124285 128157 132194
moead,513_e-05,6,1,2600,52,30141483.737582,222244.136292,0.020408,0.979592,10411 10424 11212 11225 11800 11986 12262 12476 12687 13237 13540 14040 14358 14392 15109
moead,513_e-05,6,2,2600,52,29921272.360956,217448.008392,0.040816,0.959184,10253 10424 11212 11225 11580 11675 11800 11986 12113 12262 12476 12687 13540 14022 15109
moead,513_e-05,6,3,2600,52,29829735.744729,213367.245163,0.061224,0.938776,10424 11212 11225 11483 11580 11675 11771 11800 11986 12262 12476 12687 13540 14022 15109
moead,513_e-05,6,4,2600,52,29767428.653396,211889.854417,0.081633,0.918367,10730 11212 11225 11576 11580 11674 11784 11999 12233 12262 12360 12595 13540 14022 15109
moead,513_e-05,6,5,2600,52,29728390.028885,208793.023068,0.102041,0.897959,10730 11212 11225 11576 11580 11674 11784 12012 12233 12262 12447 12595 13378 13540 14022
moead,513_e-05,6,6,2600,52,29687734.725266,207778.442730,0.122449,0.877551,10730 11212 11225 11674 11778 11784 12233 12262 12360 12361 12480 12578 12595 13540 14022
moead,513_e-05,6,7,2600,52,29661853.020525,204461.115965,0.142857,0.857143,11152 11212 11225 11576 11674 11675 11694 12016 12233 12262 12360 12578 12595 13540 14022
moead,513_e-05,6,8,2600,52,29644143.337470,204289.409968,0.163265,0.836735,11212 11225 11576 11579 11674 11675 11694 12012 12233 12262 12360 12578 12595 13540 14022
moead,513_e-05,6,9,2600,52,29634353.992543,203843.130962,0.183673,0.816327,11212 11225 11576 11579 11674 12012 12233 12262 12360 12361 12472 12578 12595 13540 14022
moead,513_e-05,6,10,2600,52,29618407.445703,200478.569931,0.204082,0.795918,11212 11225 11674 11771 11789 11894 12012 12218 12233 12361 12595 12971 13253 13398 14022
moead,513_e-05,6,11,2600,52,29609386.937145,200136.938040,0.224490,0.775510,11212 11225 11576 11579 11674 11997 12012 12218 12233 12360 12361 12595 12971 13253 14022
moead,513_e-05,6,12,2600,52,29590087.213823,197098.047471,0.244898,0.755102,11212 11225 11771 11789 11876 11986 12010 12205 12233 12360 12361 12377 12479 12725 13253
moead,513_e-05,6,13,2600,52,29590087.213823,197098.047471,0.265306,0.734694,11212 11225 11771 11789 11876 11986 12010 12205 12233 12360 12361 12377 12479 12725 13253
moead,513_e-05,6,14,2600,52,29577292.445975,196690.369390,0.285714,0.714286,11212 11225 11576 11579 11675 11997 11999 12012 12218 12233 12240 12262 12361 12595 13253
moead,513_e-05,6,15,2600,52,29571002.236807,196564.676365,0.306122,0.693878,11212 11225 11576 11579 11675 11771 11789 12115 12119 12132 12343 12359 12467 12971 13253
moead,513_e-05,6,16,2600,52,29565902.415799,196501.451065,0.326531,0.673469,11212 11225 11576 11579 11675 11771 11789 12122 12233 12360 12377 12479 12595 12725 13253
moead,513_e-05,6,17,2600,52,29558457.271881,195963.877815,0.346939,0.653061,11212 11225 11673 11675 11771 11789 12218 12233 12360 12361 12479 12595 12725 12971 13253
moead,513_e-05,6,18,2600,52,29554296.369929,195566.729170,0.367347,0.632653,11212 11225 11673 11675 11771 11789 12012 12233 12360 12361 12479 12595 12725 12971 13253
moead,513_e-05,6,19,2600,52,29547810.102394,195475.170012,0.387755,0.612245,11212 11225 11576 11688 11997 12012 12115 12233 12240 12361 12479 12595 12725 12971 13253
moead,513_e-05,6,20,2600,52,29536046.864254,192888.557617,0.408163,0.591837,11564 11786 11881 11893 12002 12091 12115 12132 12224 12359 12467 12719 12971 13253 13259
moead,513_e-05,6,21,2600,52,29536046.864254,192888.557617,0.428571,0.571429,11564 11786 11881 11893 12002 12091 12115 12132 12224 12359 12467 12719 12971 13253 13259
moead,513_e-05,6,22,2600,52,29536046.864254,192888.557617,0.448980,0.551020,11564 11786 11881 11893 12002 12091 12115 12132 12224 12359 12467 12719 12971 13253 13259
moead,513_e-05,6,23,2600,52,29527913.486831,192870.363103,0.469388,0.530612,11564 11786 11881 11893 12002 12091 12115 12119 12132 12224 12343 12359 12467 12971 13253
moead,513_e-05,6,24,2600,52,29527913.486831,192870.363103,0.489796,0.510204,11564 11786 11881 11893 12002 12091 12115 12119 12132 12224 12343 12359 12467 12971 13253
moead,513_e-05,6,25,2600,52,29515581.678432,192402.972417,0.510204,0.489796,11675 11786 11881 11893 12002 12091 12115 12119 12132 12224 12343 12359 12467 12971 13253
moead,513_e-05,6,26,2600,52,29515581.678432,192402.972417,0.530612,0.469388,11675 11786 11881 11893 12002 12091 12115 12119 12132 12224 12343 12359 12467 12971 13253
moead,513_e-05,6,27,2600,52,29515581.678432,192402.972417,0.551020,0.448980,11675 11786 11881 11893 12002 12091 12115 12119 12132 12224 12343 12359 12467 12971 13253
moead,513_e-05,6,28,2600,52,29515581.678432,192402.972417,0.571429,0.428571,11675 11786 11881 11893 12002 12091 12115 12119 12132 12224 12343 12359 12467 12971 13253
moead,513_e-05,6,29,2600,52,29513407.872340,191934.884770,0.591837,0.408163,11786 11881 11893 12002 12091 12115 12119 12132 12224 12244 12343 12359 12467 12971 13253
moead,513_e-05,6,30,2600,52,29513407.872340,191934.884770,0.612245,0.387755,11786 11881 11893 12002 12091 12115 12119 12132 12224 12244 12343 12359 12467 12971 13253
moead,513_e-05,6,31,2600,52,29510241.483217,188512.673853,0.632653,0.367347,11675 11679 11786 11789 11875 11893 11908 12002 12115 12119 12132 12359 12467 12971 13253
moead,513_e-05,6,32,2600,52,29507573.225814,188478.583092,0.653061,0.346939,11675 11774 11786 11789 11875 11893 11908 12002 12119 12132 12239 12359 12479 12971 13253
moead,513_e-05,6,33,2600,52,29507573.225814,188478.583092,0.673469,0.326531,11675 11774 11786 11789 11875 11893 11908 12002 12119 12132 12239 12359 12479 12971 13253
moead,513_e-05,6,34,2600,52,29505537.705806,188467.344527,0.693878,0.306122,11675 11676 11679 11786 11789 11875 11893 11908 12002 12115 12119 12359 12467 12971 13253
moead,513_e-05,6,35,2600,52,29500065.690034,188427.705109,0.714286,0.285714,11675 11774 11786 11789 11875 11888 11893 11908 12002 12119 12239 12359 12479 12971 13253
moead,513_e-05,6,36,2600,52,29500065.690034,188427.705109,0.734694,0.265306,11675 11774 11786 11789 11875 11888 11893 11908 12002 12119 12239 12359 12479 12971 13253
moead,513_e-05,6,37,2600,52,29500065.690034,188427.705109,0.755102,0.244898,11675 11774 11786 11789 11875 11888 11893 11908 12002 12119 12239 12359 12479 12971 13253
moead,513_e-05,6,38,2600,52,29493827.033055,188376.674667,0.775510,0.224490,11679 11777 11786 11789 11893 12002 12100 12115 12119 12132 12239 12359 12479 12971 13253
moead,513_e-05,6,39,2600,52,29493827.033055,188376.674667,0.795918,0.204082,11679 11777 11786 11789 11893 12002 12100 12115 12119 12132 12239 12359 12479 12971 13253
moead,513_e-05,6,40,2600,52,29493827.033055,188376.674667,0.816327,0.183673,11679 11777 11786 11789 11893 12002 12100 12115 12119 12132 12239 12359 12479 12971 13253
moead,513_e-05,6,41,2600,52,29493827.033055,188376.674667,0.836735,0.163265,11679 11777 11786 11789 11893 12002 12100 12115 12119 12132 12239 12359 12479 12971 13253
moead,513_e-05,6,42,2600,52,29489036.156972,187832.260849,0.857143,0.142857,11679 11777 11785 11786 11789 11893 12002 12115 12119 12132 12239 12359 12479 12971 13253
moead,513_e-05,6,43,2600,52,29489036.156972,187832.260849,0.877551,0.122449,11679 11777 11785 11786 11789 11893 12002 12115 12119 12132 12239 12359 12479 12971 13253
moead,513_e-05,6,44,2600,52,29489036.156972,187832.260849,0.897959,0.102041,11679 11777 11785 11786 11789 11893 12002 12115 12119 12132 12239 12359 12479 12971 13253
moead,513_e-05,6,45,2600,52,29489036.156972,187832.260849,0.918367,0.081633,11679 11777 11785 11786 11789 11893 12002 12115 12119 12132 12239 12359 12479 12971 13253
moead,513_e-05,6,46,2600,52,29487405.713751,187769.414413,0.938776,0.061224,11679 11777 11785 11786 11789 11875 11893 12002 12115 12119 12132 12239 12359 12479 12971
moead,513_e-05,6,47,2600,52,29485034.142647,187392.300035,0.959184,0.040816,11679 11786 11789 11875 11882 11893 12002 12115 12119 12132 12239 12356 12359 12479 12971
moead,513_e-05,6,48,2600,52,29485034.142647,187392.300035,0.979592,0.020408,11679 11786 11789 11875 11882 11893 12002 12115 12119 12132 12239 12356 12359 12479 12971
moead,513_e-05,6,49,2600,52,29485034.142647,187392.300035,1.000000,0.000000,11679 11786 11789 11875 11882 11893 12002 12115 12119 12132 12239 12356 12359 12479 12971
moead,513_e-05,6,0,2650,53,36057693.590854,236183.260254,0.000000,1.000000,10964 12595 13540 14022 30560 55072 78197 91186 92405 115442 117732 128157 132194 139305 169003
moead,513_e-05,6,1,2650,53,30141483.737582,222244.136292,0.020408,0.979592,10411 10424 11212 11225 11800 11986 12262 12476 12687 13237 13540 14040 14358 14392 15109
moead,513_e-05,6,2,2650,53,29921272.360956,217448.008392,0.040816,0.959184,10253 10424 11212 11225 11580 11675 11800 11986 12113 12262 12476 12687 13540 14022 15109
moead,513_e-05,6,3,2650,53,29829735.744729,213367.245163,0.061224,0.938776,10424 11212 11225 11483 11580 11675 11771 11800 11986 12262 12476 12687 13540 14022 15109
moead,513_e-05,6,4,2650,53,29767428.653396,211889.854417,0.081633,0.918367,10730 11212 11225 11576 11580 11674 11784 11999 12233 12262 12360 12595 13540 14022 15109
moead,513_e-05,6,5,2650,53,29728390.028885,208793.023068,0.102041,0.897959,10730 11212 11225 11576 11580 11674 11784 12012 12233 12262 12447 12595 13378 13540 14022
moead,513_e-05,6,6,2650,53,29687734.725266,207778.442730,0.122449,0.877551,10730 11212 11225 11674 11778 11784 12233 12262 12360 12361 12480 12578 12595 13540 14022
moead,513_e-05,6,7,2650,53,29661853.020525,204461.115965,0.142857,0.857143,11152 11212 11225 11576 11674 11675 11694 12016 12233 12262 12360 12578 12595 13540 14022
moead,513_e-05,6,8,2650,53,29644143.337470,204289.409968,0.163265,0.836735,11212 11225 11576 11579 11674 11675 11694 12012 12233 12262 12360 12578 12595 13540 14022
moead,513_e-05,6,9,2650,53,29634353.992543,203843.130962,0.183673,0.816327,11212 11225 11576 11579 11674 12012 12233 12262 12360 12361 12472 12578 12595 13540 14022
moead,513_e-05,6,10,2650,53,29618407.445703,200478.569931,0.204082,0.795918,11212 11225 11674 11771 11789 11894 12012 12218 12233 12361 12595 12971 13253 13398 14022
moead,513_e-05,6,11,2650,53,29609386.937145,200136.938040,0.224490,0.775510,11212 11225 11576 11579 11674 11997 12012 12218 12233 12360 12361 12595 12971 13253 14022
moead,513_e-05,6,12,2650,53,29590087.213823,197098.047471,0.244898,0.755102,11212 11225 11771 11789 11876 11986 12010 12205 12233 12360 12361 12377 12479 12725 13253
moead,513_e-05,6,13,2650,53,29590087.213823,197098.047471,0.265306,0.734694,11212 11225 11771 11789 11876 11986 12010 12205 12233 12360 12361 12377 12479 12725 13253
moead,513_e-05,6,14,2650,53,29577292.445975,196690.369390,0.285714,0.714286,11212 11225 11576 11579 11675 11997 11999 12012 12218 12233 12240 12262 12361 12595 13253
moead,513_e-05,6,15,2650,53,29571002.236807,196564.676365,0.306122,0.693878,11212 11225 11576 11579 11675 11771 11789 12115 12119 12132 12343 12359 12467 12971 13253
moead,513_e-05,6,16,2650,53,29565902.415799,196501.451065,0.326531,0.673469,11212 11225 11576 11579 11675 11771 11789 12122 12233 12360 12377 12479 12595 12725 13253
moead,513_e-05,6,17,2650,53,29558457.271881,195963.877815,0.346939,0.653061,11212 11225 11673 11675 11771 11789 12218 12233 12360 12361 12479 12595 12725 12971 13253
moead,513_e-05,6,18,2650,53,29554296.369929,195566.729170,0.367347,0.632653,11212 11225 11673 11675 11771 11789 12012 12233 12360 12361 12479 12595 12725 12971 13253
moead,513_e-05,6,19,2650,53,29547810.102394,195475.170012,0.387755,0.612245,11212 11225 11576 11688 11997 12012 12115 12233 12240 12361 12479 12595 12725 12971 13253
moead,513_e-05,6,20,2650,53,29536046.864254,192888.557617,0.408163,0.591837,11564 11786 11881 11893 12002 12091 12115 12132 12224 12359 12467 12719 12971 13253 13259
moead,513_e-05,6,21,2650,53,29536046.864254,192888.557617,0.428571,0.571429,11564 11786 11881 11893 12002 12091 12115 12132 12224 12359 12467 12719 12971 13253 13259
moead,513_e-05,6,22,2650,53,29536046.864254,192888.557617,0.448980,0.551020,11564 11786 11881 11893 12002 12091 12115 12132 12224 12359 12467 12719 12971 13253 13259
moead,513_e-05,6,23,2650,53,29527913.486831,192870.363103,0.469388,0.530612,11564 11786 11881 11893 12002 12091 12115 12119 12132 12224 12343 12359 12467 12971 13253
moead,513_e-05,6,24,2650,53,29527913.486831,192870.363103,0.489796,0.510204,11564 11786 11881 11893 12002 12091 12115 12119 12132 12224 12343 12359 12467 12971 13253
moead,513_e-05,6,25,2650,53,29515581.678432,192402.972417,0.510204,0.489796,11675 11786 11881 11893 12002 12091 12115 12119 12132 12224 12343 12359 12467 12971 13253
moead,513_e-05,6,26,2650,53,29515581.678432,192402.972417,0.530612,0.469388,11675 11786 11881 11893 12002 12091 12115 12119 12132 12224 12343 12359 12467 12971 13253
moead,513_e-05,6,27,2650,53,29515581.678432,192402.972417,0.551020,0.448980,11675 11786 11881 11893 12002 12091 12115 12119 12132 12224 12343 12359 12467 12971 13253
moead,513_e-05,6,28,2650,53,29515581.678432,192402.972417,0.571429,0.428571,11675 11786 11881 11893 12002 12091 12115 12119 12132 12224 12343 12359 12467 12971 13253
moead,513_e-05,6,29,2650,53,29513407.872340,191934.884770,0.591837,0.408163,11786 11881 11893 12002 12091 12115 12119 12132 12224 12244 12343 12359 12467 12971 13253
moead,513_e-05,6,30,2650,53,29513407.872340,191934.884770,0.612245,0.387755,11786 11881 11893 12002 12091 12115 12119 12132 12224 12244 12343 12359 12467 12971 13253
moead,513_e-05,6,31,2650,53,29510241.483217,188512.673853,0.632653,0.367347,11675 11679 11786 11789 11875 11893 11908 12002 12115 12119 12132 12359 12467 12971 13253
moead,513_e-05,6,32,2650,53,29507573.225814,188478.583092,0.653061,0.346939,11675 11774 11786 11789 11875 11893 11908 12002 12119 12132 12239 12359 12479 12971 13253
moead,513_e-05,6,33,2650,53,29507573.225814,188478.583092,0.673469,0.326531,11675 11774 11786 11789 11875 11893 11908 12002 12119 12132 12239 12359 12479 12971 13253
moead,513_e-05,6,34,2650,53,29505537.705806,188467.344527,0.693878,0.306122,11675 11676 11679 11786 11789 11875 11893 11908 12002 12115 12119 12359 12467 12971 13253
moead,513_e-05,6,35,2650,53,29500065.690034,188427.705109,0.714286,0.285714,11675 11774 11786 11789 11875 11888 11893 11908 12002 12119 12239 12359 12479 12971 13253
moead,513_e-05,6,36,2650,53,29500065.690034,188427.705109,0.734694,0.265306,11675 11774 11786 11789 11875 11888 11893 11908 12002 12119 12239 12359 12479 12971 13253
moead,513_e-05,6,37,2650,53,29500065.690034,188427.705109,0.755102,0.244898,11675 11774 11786 11789 11875 11888 11893 11908 12002 12119 12239 12359 12479 12971 13253
moead,513_e-05,6,38,2650,53,29497754.055858,188416.952499,0.775510,0.224490,11679 11777 11786 11789 11875 11888 11893 11908 12002 12119 12239 12359 12479 12971 13253
moead,513_e-05,6,39,2650,53,29493827.033055,188376.674667,0.795918,0.204082,11679 11777 11786 11789 11893 12002 12100 12115 12119 12132 12239 12359 12479 12971 13253
moead,513_e-05,6,40,2650,53,29493827.033055,188376.674667,0.816327,0.183673,11679 11777 11786 11789 11893 12002 12100 12115 12119 12132 12239 12359 12479 12971 13253
moead,513_e-05,6,41,2650,53,29493827.033055,188376.674667,0.836735,0.163265,11679 11777 11786 11789 11893 12002 12100 12115 12119 12132 12239 12359 12479 12971 13253
moead,513_e-05,6,42,2650,53,29489036.156972,187832.260849,0.857143,0.142857,11679 11777 11785 11786 11789 11893 12002 12115 12119 12132 12239 12359 12479 12971 13253
moead,513_e-05,6,43,2650,53,29489036.156972,187832.260849,0.877551,0.122449,11679 11777 11785 11786 11789 11893 12002 12115 12119 12132 12239 12359 12479 12971 13253
moead,513_e-05,6,44,2650,53,29489036.156972,187832.260849,0.897959,0.102041,11679 11777 11785 11786 11789 11893 12002 12115 12119 12132 12239 12359 12479 12971 13253
moead,513_e-05,6,45,2650,53,29489036.156972,187832.260849,0.918367,0.081633,11679 11777 11785 11786 11789 11893 12002 12115 12119 12132 12239 12359 12479 12971 13253
moead,513_e-05,6,46,2650,53,29487167.426131,187780.328842,0.938776,0.061224,11679 11777 11786 11789 11893 11895 12002 12100 12115 12119 12132 12239 12359 12479 12971
moead,513_e-05,6,47,2650,53,29485034.142647,187392.300035,0.959184,0.040816,11679 11786 11789 11875 11882 11893 12002 12115 12119 12132 12239 12356 12359 12479 12971
moead,513_e-05,6,48,2650,53,29485034.142647,187392.300035,0.979592,0.020408,11679 11786 11789 11875 11882 11893 12002 12115 12119 12132 12239 12356 12359 12479 12971
moead,513_e-05,6,49,2650,53,29485034.142647,187392.300035,1.000000,0.000000,11679 11786 11789 11875 11882 11893 12002 12115 12119 12132 12239 12356 12359 12479 12971
moead,513_e-05,6,0,2700,54,35453238.803091,236183.260254,0.000000,1.000000,10964 12687 13540 14022 30560 44202 55072 78197 91186 120683 121922 123979 128157 163655 165846
moead,513_e-05,6,1,2700,54,30154055.310706,222244.136292,0.020408,0.979592,10253 10424 11212 11225 11800 11986 12262 12476 12687 13237 13540 14040 14358 14392 15109
moead,513_e-05,6,2,2700,54,29916725.208927,217583.576349,0.040816,0.959184,10730 11212 11225 11520 11576 11580 11784 11800 11986 12262 12476 12687 13540 14022 15109
moead,513_e-05,6,3,2700,54,29829735.744729,213367.245163,0.061224,0.938776,10424 11212 11225 11483 11580 11675 11771 11800 11986 12262 12476 12687 13540 14022 15109
moead,513_e-05,6,4,2700,54,29767428.653396,211889.854417,0.081633,0.918367,10730 11212 11225 11576 11580 11674 11784 11999 12233 12262 12360 12595 13540 14022 15109
moead,513_e-05,6,5,2700,54,29723156.308610,208901.240716,0.102041,0.897959,10730 11212 11225 11576 11580 11674 11784 11986 11999 12262 12476 12595 12687 13540 14022
moead,513_e-05,6,6,2700,54,29687734.725266,207778.442730,0.122449,0.877551,10730 11212 11225 11674 11778 11784 12233 12262 12360 12361 12480 12578 12595 13540 14022
moead,513_e-05,6,7,2700,54,29661853.020525,204461.115965,0.142857,0.857143,11152 11212 11225 11576 11674 11675 11694 12016 12233 12262 12360 12578 12595 13540 14022
moead,513_e-05,6,8,2700,54,29644143.337470,204289.409968,0.163265,0.836735,11212 11225 11576 11579 11674 11675 11694 12012 12233 12262 12360 12578 12595 13540 14022
moead,513_e-05,6,9,2700,54,29634353.992543,203843.130962,0.183673,0.816327,11212 11225 11576 11579 11674 12012 12233 12262 12360 12361 12472 12578 12595 13540 14022
moead,513_e-05,6,10,2700,54,29618407.445703,200478.569931,0.204082,0.795918,11212 11225 11674 11771 11789 11894 12012 12218 12233 12361 12595 12971 13253 13398 14022
moead,513_e-05,6,11,2700,54,29608989.092959,200136.937782,0.224490,0.775510,11212 11225 11576 11579 11675 11997 12012 12218 12233 12360 12361 12595 12971 13253 14022
moead,513_e-05,6,12,2700,54,29590087.213823,197098.047471,0.244898,0.755102,11212 11225 11771 11789 11876 11986 12010 12205 12233 12360 12361 12377 12479 12725 13253
moead,513_e-05,6,13,2700,54,29571002.236807,196564.676365,0.265306,0.734694,11212 11225 11576 11579 11675 11771 11789 12115 12119 12132 12343 12359 12467 12971 13253
moead,513_e-05,6,14,2700,54,29571002.236807,196564.676365,0.285714,0.714286,11212 11225 11576 11579 11675 11771 11789 12115 12119 12132 12343 12359 12467 12971 13253
moead,513_e-05,6,15,2700,54,29571002.236807,196564.676365,0.306122,0.693878,11212 11225 11576 11579 11675 11771 11789 12115 12119 12132 12343 12359 12467 12971 13253
moead,513_e-05,6,16,2700,54,29561196.257496,196032.421343,0.326531,0.673469,11212 11225 11576 11579 11675 11997 12012 12218 12233 12360 12361 12593 12595 12971 13253
moead,513_e-05,6,17,2700,54,29554296.369929,195566.729170,0.346939,0.653061,11212 11225 11673 11675 11771 11789 12012 12233 12360 12361 12479 12595 12725 12971 13253
moead,513_e-05,6,18,2700,54,29547810.102394,195475.170012,0.367347,0.632653,11212 11225 11576 11688 11997 12012 12115 12233 12240 12361 12479 12595 12725 12971 13253
moead,513_e-05,6,19,2700,54,29547810.102394,195475.170012,0.387755,0.612245,11212 11225 11576 11688 11997 12012 12115 12233 12240 12361 12479 12595 12725 12971 13253
moead,513_e-05,6,20,2700,54,29536046.864254,192888.557617,0.408163,0.591837,11564 11786 11881 11893 12002 12091 12115 12132 12224 12359 12467 12719 12971 13253 13259
moead,513_e-05,6,21,2700,54,29536046.864254,192888.557617,0.428571,0.571429,11564 11786 11881 11893 12002 12091 12115 12132 12224 12359 12467 12719 12971 13253 13259
moead,513_e-05,6,22,2700,54,29527913.486831,192870.363103,0.448980,0.551020,11564 11786 11881 11893 12002 12091 12115 12119 12132 12224 12343 12359 12467 12971 13253
moead,513_e-05,6,23,2700,54,29527913.486831,192870.363103,0.469388,0.530612,11564 11786 11881 11893 12002 12091 12115 12119 12132 12224 12343 12359 12467 12971 13253
moead,513_e-05,6,24,2700,54,29518841.513518,192404.970189,0.489796,0.510204,11675 11786 11881 11893 11989 12091 12115 12119 12132 12224 12343 12359 12467 12971 13253
moead,513_e-05,6,25,2700,54,29518841.513518,192404.970189,0.510204,0.489796,11675 11786 11881 11893 11989 12091 12115 12119 12132 12224 12343 12359 12467 12971 13253
moead,513_e-05,6,26,2700,54,29518841.513518,192404.970189,0.530612,0.469388,11675 11786 11881 11893 11989 12091 12115 12119 12132 12224 12343 12359 12467 12971 13253
moead,513_e-05,6,27,2700,54,29513407.872340,191934.884770,0.551020,0.448980,11786 11881 11893 12002 12091 12115 12119 12132 12224 12244 12343 12359 12467 12971 13253
moead,513_e-05,6,28,2700,54,29513407.872340,191934.884770,0.571429,0.428571,11786 11881 11893 12002 12091 12115 12119 12132 12224 12244 12343 12359 12467 12971 13253
moead,513_e-05,6,29,2700,54,29510241.483217,188512.673853,0.591837,0.408163,11675 11679 11786 11789 11875 11893 11908 12002 12115 12119 12132 12359 12467 12971 13253
moead,513_e-05,6,30,2700,54,29510241.483217,188512.673853,0.612245,0.387755,11675 11679 11786 11789 11875 11893 11908 12002 12115 12119 12132 12359 12467 12971 13253
moead,513_e-05,6,31,2700,54,29507573.225814,188478.583092,0.632653,0.367347,11675 11774 11786 11789 11875 11893 11908 12002 12119 12132 12239 12359 12479 12971 13253
moead,513_e-05,6,32,2700,54,29500065.690034,188427.705109,0.653061,0.346939,11675 11774 11786 11789 11875 11888 11893 11908 12002 12119 12239 12359 12479 12971 13253
moead,513_e-05,6,33,2700,54,29500065.690034,188427.705109,0.673469,0.326531,11675 11774 11786 11789 11875 11888 11893 11908 12002 12119 12239 12359 12479 12971 13253
moead,513_e-05,6,34,2700,54,29500065.690034,188427.705109,0.693878,0.306122,11675 11774 11786 11789 11875 11888 11893 11908 12002 12119 12239 12359 12479 12971 13253
moead,513_e-05,6,35,2700,54,29496138.667232,188396.115440,0.714286,0.285714,11675 11774 11786 11789 11893 12002 12100 12115 12119 12132 12239 12359 12479 12971 13253
moead,513_e-05,6,36,2700,54,29496138.667232,188396.115440,0.734694,0.265306,11675 11774 11786 11789 11893 12002 12100 12115 12119 12132 12239 12359 12479 12971 13253
moead,513_e-05,6,37,2700,54,29495243.568481,188376.674667,0.755102,0.244898,11679 11777 11786 11789 11893 11895 12100 12115 12119 12132 12239 12359 12479 12971 13253
moead,513_e-05,6,38,2700,54,29493827.033055,188376.674667,0.775510,0.224490,11679 11777 11786 11789 11893 12002 12100 12115 12119 12132 12239 12359 12479 12971 13253
moead,513_e-05,6,39,2700,54,29491878.156767,188248.427773,0.795918,0.204082,11679 11777 11786 11789 11893 11895 12002 12100 12115 12119 12132 12239 12359 12479 13253
moead,513_e-05,6,40,2700,54,29487167.426131,187780.328842,0.816327,0.183673,11679 11777 11786 11789 11893 11895 12002 12100 12115 12119 12132 12239 12359 12479 12971
moead,513_e-05,6,41,2700,54,29487167.426131,187780.328842,0.836735,0.163265,11679 11777 11786 11789 11893 11895 12002 12100 12115 12119 12132 12239 12359 12479 12971
moead,513_e-05,6,42,2700,54,29487167.426131,187780.328842,0.857143,0.142857,11679 11777 11786 11789 11893 11895 12002 12100 12115 12119 12132 12239 12359 12479 12971
moead,513_e-05,6,43,2700,54,29487049.061668,187776.686934,0.877551,0.122449,11679 11777 11786 11789 11893 11895 12002 12100 12115 12132 12239 12359 12479 12480 12971
moead,513_e-05,6,44,2700,54,29485034.142647,187392.300035,0.897959,0.102041,11679 11786 11789 11875 11882 11893 12002 12115 12119 12132 12239 12356 12359 12479 12971
moead,513_e-05,6,45,2700,54,29485034.142647,187392.300035,0.918367,0.081633,11679 11786 11789 11875 11882 11893 12002 12115 12119 12132 12239 12356 12359 12479 12971
moead,513_e-05,6,46,2700,54,29485034.142647,187392.300035,0.938776,0.061224,11679 11786 11789 11875 11882 11893 12002 12115 12119 12132 12239 12356 12359 12479 12971
moead,513_e-05,6,47,2700,54,29485034.142647,187392.300035,0.959184,0.040816,11679 11786 11789 11875 11882 11893 12002 12115 12119 12132 12239 12356 12359 12479 12971
moead,513_e-05,6,48,2700,54,29485034.142647,187392.300035,0.979592,0.020408,11679 11786 11789 11875 11882 11893 12002 12115 12119 12132 12239 12356 12359 12479 12971
moead,513_e-05,6,49,2700,54,29485034.142647,187392.300035,1.000000,0.000000,11679 11786 11789 11875 11882 11893 12002 12115 12119 12132 12239 12356 12359 12479 12971
moead,513_e-05,6,0,2750,55,35877314.486821,236183.260254,0.000000,1.000000,10964 12687 13009 14022 14392 29322 30560 37156 44202 44688 92679 96109 121922 127519 134334
moead,513_e-05,6,1,2750,55,30154055.310706,222244.136292,0.020408,0.979592,10253 10424 11212 11225 11800 11986 12262 12476 12687 13237 13540 14040 14358 14392 15109
moead,513_e-05,6,2,2750,55,29916725.208927,217583.576349,0.040816,0.959184,10730 11212 11225 11520 11576 11580 11784 11800 11986 12262 12476 12687 13540 14022 15109
moead,513_e-05,6,3,2750,55,29829735.744729,213367.245163,0.061224,0.938776,10424 11212 11225 11483 11580 11675 11771 11800 11986 12262 12476 12687 13540 14022 15109
moead,513_e-05,6,4,2750,55,29767428.653396,211889.854417,0.081633,0.918367,10730 11212 11225 11576 11580 11674 11784 11999 12233 12262 12360 12595 13540 14022 15109
moead,513_e-05,6,5,2750,55,29701004.449925,208411.721003,0.102041,0.897959,10730 11212 11225 11576 11580 11674 11784 12012 12233 12262 12360 12578 12595 13540 14022
moead,513_e-05,6,6,2750,55,29687734.725266,207778.442730,0.122449,0.877551,10730 11212 11225 11674 11778 11784 12233 12262 12360 12361 12480 12578 12595 13540 14022
moead,513_e-05,6,7,2750,55,29661853.020525,204461.115965,0.142857,0.857143,11152 11212 11225 11576 11674 11675 11694 12016 12233 12262 12360 12578 12595 13540 14022
moead,513_e-05,6,8,2750,55,29634353.992543,203843.130962,0.163265,0.836735,11212 11225 11576 11579 11674 12012 12233 12262 12360 12361 12472 12578 12595 13540 14022
moead,513_e-05,6,9,2750,55,29634353.992543,203843.130962,0.183673,0.816327,11212 11225 11576 11579 11674 12012 12233 12262 12360 12361 12472 12578 12595 13540 14022
moead,513_e-05,6,10,2750,55,29618407.445703,200478.569931,0.204082,0.795918,11212 11225 11674 11771 11789 11894 12012 12218 12233 12361 12595 12971 13253 13398 14022
moead,513_e-05,6,11,2750,55,29608989.092959,200136.937782,0.224490,0.775510,11212 11225 11576 11579 11675 11997 12012 12218 12233 12360 12361 12595 12971 13253 14022
moead,513_e-05,6,12,2750,55,29591670.095923,197137.378197,0.244898,0.755102,11212 11225 11576 11579 11674 11986 12010 12205 12233 12360 12361 12377 12479 12725 13253
moead,513_e-05,6,13,2750,55,29571002.236807,196564.676365,0.265306,0.734694,11212 11225 11576 11579 11675 11771 11789 12115 12119 12132 12343 12359 12467 12971 13253
moead,513_e-05,6,14,2750,55,29571002.236807,196564.676365,0.285714,0.714286,11212 11225 11576 11579 11675 11771 11789 12115 12119 12132 12343 12359 12467 12971 13253
moead,513_e-05,6,15,2750,55,29561196.257496,196032.421343,0.306122,0.693878,11212 11225 11576 11579 11675 11997 12012 12218 12233 12360 12361 12593 12595 12971 13253
moead,513_e-05,6,16,2750,55,29556728.693684,195942.670823,0.326531,0.673469,11212 11225 11576 11688 11997 12012 12115 12233 12240 12361 12479 12595 12725 13253 13259
moead,513_e-05,6,17,2750,55,29554296.369929,195566.729170,0.346939,0.653061,11212 11225 11673 11675 11771 11789 12012 12233 12360 12361 12479 12595 12725 12971 13253
moead,513_e-05,6,18,2750,55,29547810.102394,195475.170012,0.367347,0.632653,11212 11225 11576 11688 11997 12012 12115 12233 12240 12361 12479 12595 12725 12971 13253
moead,513_e-05,6,19,2750,55,29536046.864254,192888.557617,0.387755,0.612245,11564 11786 11881 11893 12002 12091 12115 12132 12224 12359 12467 12719 12971 13253 13259
moead,513_e-05,6,20,2750,55,29536046.864254,192888.557617,0.408163,0.591837,11564 11786 11881 11893 12002 12091 12115 12132 12224 12359 12467 12719 12971 13253 13259
moead,513_e-05,6,21,2750,55,29527913.486831,192870.363103,0.428571,0.571429,11564 11786 11881 11893 12002 12091 12115 12119 12132 12224 12343 12359 12467 12971 13253
moead,513_e-05,6,22,2750,55,29527913.486831,192870.363103,0.448980,0.551020,11564 11786 11881 11893 12002 12091 12115 12119 12132 12224 12343 12359 12467 12971 13253
moead,513_e-05,6,23,2750,55,29518841.513518,192404.970189,0.469388,0.530612,11675 11786 11881 11893 11989 12091 12115 12119 12132 12224 12343 12359 12467 12971 13253
moead,513_e-05,6,24,2750,55,29518841.513518,192404.970189,0.489796,0.510204,11675 11786 11881 11893 11989 12091 12115 12119 12132 12224 12343 12359 12467 12971 13253
moead,513_e-05,6,25,2750,55,29518841.513518,192404.970189,0.510204,0.489796,11675 11786 11881 11893 11989 12091 12115 12119 12132 12224 12343 12359 12467 12971 13253
moead,513_e-05,6,26,2750,55,29513407.872340,191934.884770,0.530612,0.469388,11786 11881 11893 12002 12091 12115 12119 12132 12224 12244 12343 12359 12467 12971 13253
moead,513_e-05,6,27,2750,55,29513407.872340,191934.884770,0.551020,0.448980,11786 11881 11893 12002 12091 12115 12119 12132 12224 12244 12343 12359 12467 12971 13253
moead,513_e-05,6,28,2750,55,29513407.872340,191934.884770,0.571429,0.428571,11786 11881 11893 12002 12091 12115 12119 12132 12224 12244 12343 12359 12467 12971 13253
moead,513_e-05,6,29,2750,55,29510241.483217,188512.673853,0.591837,0.408163,11675 11679 11786 11789 11875 11893 11908 12002 12115 12119 12132 12359 12467 12971 13253
moead,513_e-05,6,30,2750,55,29507573.225814,188478.583092,0.612245,0.387755,11675 11774 11786 11789 11875 11893 11908 12002 12119 12132 12239 12359 12479 12971 13253
moead,513_e-05,6,31,2750,55,29500065.690034,188427.705109,0.632653,0.367347,11675 11774 11786 11789 11875 11888 11893 11908 12002 12119 12239 12359 12479 12971 13253
moead,513_e-05,6,32,2750,55,29500065.690034,188427.705109,0.653061,0.346939,11675 11774 11786 11789 11875 11888 11893 11908 12002 12119 12239 12359 12479 12971 13253
moead,513_e-05,6,33,2750,55,29500065.690034,188427.705109,0.673469,0.326531,11675 11774 11786 11789 11875 11888 11893 11908 12002 12119 12239 12359 12479 12971 13253
moead,513_e-05,6,34,2750,55,29496138.667232,188396.115440,0.693878,0.306122,11675 11774 11786 11789 11893 12002 12100 12115 12119 12132 12239 12359 12479 12971 13253
moead,513_e-05,6,35,2750,55,29496138.667232,188396.115440,0.714286,0.285714,11675 11774 11786 11789 11893 12002 12100 12115 12119 12132 12239 12359 12479 12971 13253
moead,513_e-05,6,36,2750,55,29491878.156767,188248.427773,0.734694,0.265306,11679 11777 11786 11789 11893 11895 12002 12100 12115 12119 12132 12239 12359 12479 13253
moead,513_e-05,6,37,2750,55,29491878.156767,188248.427773,0.755102,0.244898,11679 11777 11786 11789 11893 11895 12002 12100 12115 12119 12132 12239 12359 12479 13253
moead,513_e-05,6,38,2750,55,29491878.156767,188248.427773,0.775510,0.224490,11679 11777 11786 11789 11893 11895 12002 12100 12115 12119 12132 12239 12359 12479 13253
moead,513_e-05,6,39,2750,55,29487167.426131,187780.328842,0.795918,0.204082,11679 11777 11786 11789 11893 11895 12002 12100 12115 12119 12132 12239 12359 12479 12971
moead,513_e-05,6,40,2750,55,29487167.426131,187780.328842,0.816327,0.183673,11679 11777 11786 11789 11893 11895 12002 12100 12115 12119 12132 12239 12359 12479 12971
moead,513_e-05,6,41,2750,55,29487167.426131,187780.328842,0.836735,0.163265,11679 11777 11786 11789 11893 11895 12002 12100 12115 12119 12132 12239 12359 12479 12971
moead,513_e-05,6,42,2750,55,29485034.142647,187392.300035,0.857143,0.142857,11679 11786 11789 11875 11882 11893 12002 12115 12119 12132 12239 12356 12359 12479 12971
moead,513_e-05,6,43,2750,55,29485034.142647,187392.300035,0.877551,0.122449,11679 11786 11789 11875 11882 11893 12002 12115 12119 12132 12239 12356 12359 12479 12971
moead,513_e-05,6,44,2750,55,29480316.360498,183671.574227,0.897959,0.102041,11679 11777 11786 11789 11893 11895 12002 12115 12119 12132 12239 12356 12359 12479 12971
moead,513_e-05,6,45,2750,55,29480316.360498,183671.574227,0.918367,0.081633,11679 11777 11786 11789 11893 11895 12002 12115 12119 12132 12239 12356 12359 12479 12971
moead,513_e-05,6,46,2750,55,29480316.360498,183671.574227,0.938776,0.061224,11679 11777 11786 11789 11893 11895 12002 12115 12119 12132 12239 12356 12359 12479 12971
moead,513_e-05,6,47,2750,55,29477965.781962,183621.480965,0.959184,0.040816,11679 11777 11786 11789 11893 11895 12002 12115 12119 12132 12239 12356 12359 12479 12719
moead,513_e-05,6,48,2750,55,29477965.781962,183621.480965,0.979592,0.020408,11679 11777 11786 11789 11893 11895 12002 12115 12119 12132 12239 12356 12359 12479 12719
moead,513_e-05,6,49,2750,55,29477965.781962,183621.480965,1.000000,0.000000,11679 11777 11786 11789 11893 11895 12002 12115 12119 12132 12239 12356 12359 12479 12719
moead,513_e-05,6,0,2800,56,35449255.409908,236183.260254,0.000000,1.000000,10964 13540 14358 14392 15109 19622 27307 32690 44688 46024 76024 96109 109167 128942 138380
moead,513_e-05,6,1,2800,56,30154055.310706,222244.136292,0.020408,0.979592,10253 10424 11212 11225 11800 11986 12262 12476 12687 13237 13540 14040 14358 14392 15109
moead,513_e-05,6,2,2800,56,29917221.868549,217583.576349,0.040816,0.959184,10730 11212 11225 11520 11576 11580 11784 11800 11986 12262 12476 12687 13540 14022 15304
moead,513_e-05,6,3,2800,56,29829735.744729,213367.245163,0.061224,0.938776,10424 11212 11225 11483 11580 11675 11771 11800 11986 12262 12476 12687 13540 14022 15109
moead,513_e-05,6,4,2800,56,29767428.653396,211889.854417,0.081633,0.918367,10730 11212 11225 11576 11580 11674 11784 11999 12233 12262 12360 12595 13540 14022 15109
moead,513_e-05,6,5,2800,56,29718118.958445,208901.240716,0.102041,0.897959,10964 11212 11225 11576 11580 11674 11784 11986 11999 12262 12476 12595 12687 13540 14022
moead,513_e-05,6,6,2800,56,29687734.725266,207778.442730,0.122449,0.877551,10730 11212 11225 11674 11778 11784 12233 12262 12360 12361 12480 12578 12595 13540 14022
moead,513_e-05,6,7,2800,56,29661853.020525,204461.115965,0.142857,0.857143,11152 11212 11225 11576 11674 11675 11694 12016 12233 12262 12360 12578 12595 13540 14022
moead,513_e-05,6,8,2800,56,29628271.734242,204258.553528,0.163265,0.836735,11212 11225 11576 11579 11778 11784 12233 12262 12360 12361 12480 12578 12595 13540 14022
moead,513_e-05,6,9,2800,56,29628271.734242,204258.553528,0.183673,0.816327,11212 11225 11576 11579 11778 11784 12233 12262 12360 12361 12480 12578 12595 13540 14022
moead,513_e-05,6,10,2800,56,29618407.445703,200478.569931,0.204082,0.795918,11212 11225 11674 11771 11789 11894 12012 12218 12233 12361 12595 12971 13253 13398 14022
moead,513_e-05,6,11,2800,56,29608989.092959,200136.937782,0.224490,0.775510,11212 11225 11576 11579 11675 11997 12012 12218 12233 12360 12361 12595 12971 13253 14022
moead,513_e-05,6,12,2800,56,29591670.095923,197137.378197,0.244898,0.755102,11212 11225 11576 11579 11674 11986 12010 12205 12233 12360 12361 12377 12479 12725 13253
moead,513_e-05,6,13,2800,56,29586904.885062,196708.431962,0.265306,0.734694,11212 11225 11576 11579 11674 12010 12205 12233 12360 12361 12377 12479 12595 12725 13253
moead,513_e-05,6,14,2800,56,29571002.236807,196564.676365,0.285714,0.714286,11212 11225 11576 11579 11675 11771 11789 12115 12119 12132 12343 12359 12467 12971 13253
moead,513_e-05,6,15,2800,56,29567767.495530,196248.549231,0.306122,0.693878,11212 11225 11576 11579 11771 11789 12115 12119 12132 12343 12359 12467 12596 12971 13253
moead,513_e-05,6,16,2800,56,29556728.693684,195942.670823,0.326531,0.673469,11212 11225 11576 11688 11997 12012 12115 12233 12240 12361 12479 12595 12725 13253 13259
moead,513_e-05,6,17,2800,56,29554296.369929,195566.729170,0.346939,0.653061,11212 11225 11673 11675 11771 11789 12012 12233 12360 12361 12479 12595 12725 12971 13253
moead,513_e-05,6,18,2800,56,29547810.102394,195475.170012,0.367347,0.632653,11212 11225 11576 11688 11997 12012 12115 12233 12240 12361 12479 12595 12725 12971 13253
moead,513_e-05,6,19,2800,56,29536046.864254,192888.557617,0.387755,0.612245,11564 11786 11881 11893 12002 12091 12115 12132 12224 12359 12467 12719 12971 13253 13259
moead,513_e-05,6,20,2800,56,29536046.864254,192888.557617,0.408163,0.591837,11564 11786 11881 11893 12002 12091 12115 12132 12224 12359 12467 12719 12971 13253 13259
moead,513_e-05,6,21,2800,56,29527913.486831,192870.363103,0.428571,0.571429,11564 11786 11881 11893 12002 12091 12115 12119 12132 12224 12343 12359 12467 12971 13253
moead,513_e-05,6,22,2800,56,29527913.486831,192870.363103,0.448980,0.551020,11564 11786 11881 11893 12002 12091 12115 12119 12132 12224 12343 12359 12467 12971 13253
moead,513_e-05,6,23,2800,56,29518841.513518,192404.970189,0.469388,0.530612,11675 11786 11881 11893 11989 12091 12115 12119 12132 12224 12343 12359 12467 12971 13253
moead,513_e-05,6,24,2800,56,29518841.513518,192404.970189,0.489796,0.510204,11675 11786 11881 11893 11989 12091 12115 12119 12132 12224 12343 12359 12467 12971 13253
moead,513_e-05,6,25,2800,56,29518841.513518,192404.970189,0.510204,0.489796,11675 11786 11881 11893 11989 12091 12115 12119 12132 12224 12343 12359 12467 12971 13253
moead,513_e-05,6,26,2800,56,29513407.872340,191934.884770,0.530612,0.469388,11786 11881 11893 12002 12091 12115 12119 12132 12224 12244 12343 12359 12467 12971 13253
moead,513_e-05,6,27,2800,56,29513407.872340,191934.884770,0.551020,0.448980,11786 11881 11893 12002 12091 12115 12119 12132 12224 12244 12343 12359 12467 12971 13253
moead,513_e-05,6,28,2800,56,29513407.872340,191934.884770,0.571429,0.428571,11786 11881 11893 12002 12091 12115 12119 12132 12224 12244 12343 12359 12467 12971 13253
moead,513_e-05,6,29,2800,56,29510241.483217,188512.673853,0.591837,0.408163,11675 11679 11786 11789 11875 11893 11908 12002 12115 12119 12132 12359 12467 12971 13253
moead,513_e-05,6,30,2800,56,29507573.225814,188478.583092,0.612245,0.387755,11675 11774 11786 11789 11875 11893 11908 12002 12119 12132 12239 12359 12479 12971 13253
moead,513_e-05,6,31,2800,56,29500065.690034,188427.705109,0.632653,0.367347,11675 11774 11786 11789 11875 11888 11893 11908 12002 12119 12239 12359 12479 12971 13253
moead,513_e-05,6,32,2800,56,29500065.690034,188427.705109,0.653061,0.346939,11675 11774 11786 11789 11875 11888 11893 11908 12002 12119 12239 12359 12479 12971 13253
moead,513_e-05,6,33,2800,56,29500065.690034,188427.705109,0.673469,0.326531,11675 11774 11786 11789 11875 11888 11893 11908 12002 12119 12239 12359 12479 12971 13253
moead,513_e-05,6,34,2800,56,29496138.667232,188396.115440,0.693878,0.306122,11675 11774 11786 11789 11893 12002 12100 12115 12119 12132 12239 12359 12479 12971 13253
moead,513_e-05,6,35,2800,56,29496138.667232,188396.115440,0.714286,0.285714,11675 11774 11786 11789 11893 12002 12100 12115 12119 12132 12239 12359 12479 12971 13253
moead,513_e-05,6,36,2800,56,29491878.156767,188248.427773,0.734694,0.265306,11679 11777 11786 11789 11893 11895 12002 12100 12115 12119 12132 12239 12359 12479 13253
moead,513_e-05,6,37,2800,56,29491878.156767,188248.427773,0.755102,0.244898,11679 11777 11786 11789 11893 11895 12002 12100 12115 12119 12132 12239 12359 12479 13253
moead,513_e-05,6,38,2800,56,29491878.156767,188248.427773,0.775510,0.224490,11679 11777 11786 11789 11893 11895 12002 12100 12115 12119 12132 12239 12359 12479 13253
moead,513_e-05,6,39,2800,56,29487167.426131,187780.328842,0.795918,0.204082,11679 11777 11786 11789 11893 11895 12002 12100 12115 12119 12132 12239 12359 12479 12971
moead,513_e-05,6,40,2800,56,29487167.426131,187780.328842,0.816327,0.183673,11679 11777 11786 11789 11893 11895 12002 12100 12115 12119 12132 12239 12359 12479 12971
moead,513_e-05,6,41,2800,56,29487167.426131,187780.328842,0.836735,0.163265,11679 11777 11786 11789 11893 11895 12002 12100 12115 12119 12132 12239 12359 12479 12971
moead,513_e-05,6,42,2800,56,29485034.142647,187392.300035,0.857143,0.142857,11679 11786 11789 11875 11882 11893 12002 12115 12119 12132 12239 12356 12359 12479 12971
moead,513_e-05,6,43,2800,56,29485034.142647,187392.300035,0.877551,0.122449,11679 11786 11789 11875 11882 11893 12002 12115 12119 12132 12239 12356 12359 12479 12971
moead,513_e-05,6,44,2800,56,29480316.360498,183671.574227,0.897959,0.102041,11679 11777 11786 11789 11893 11895 12002 12115 12119 12132 12239 12356 12359 12479 12971
moead,513_e-05,6,45,2800,56,29480316.360498,183671.574227,0.918367,0.081633,11679 11777 11786 11789 11893 11895 12002 12115 12119 12132 12239 12356 12359 12479 12971
moead,513_e-05,6,46,2800,56,29480316.360498,183671.574227,0.938776,0.061224,11679 11777 11786 11789 11893 11895 12002 12115 12119 12132 12239 12356 12359 12479 12971
moead,513_e-05,6,47,2800,56,29477965.781962,183621.480965,0.959184,0.040816,11679 11777 11786 11789 11893 11895 12002 12115 12119 12132 12239 12356 12359 12479 12719
moead,513_e-05,6,48,2800,56,29477965.781962,183621.480965,0.979592,0.020408,11679 11777 11786 11789 11893 11895 12002 12115 12119 12132 12239 12356 12359 12479 12719
moead,513_e-05,6,49,2800,56,29477965.781962,183621.480965,1.000000,0.000000,11679 11777 11786 11789 11893 11895 12002 12115 12119 12132 12239 12356 12359 12479 12719
moead,513_e-05,6,0,2850,57,33912286.740226,236183.260254,0.000000,1.000000,10253 10424 11212 11225 12262 14022 15304 46024 52977 85595 93435 96109 111093 142378 145059
moead,513_e-05,6,1,2850,57,30154055.310706,222244.136292,0.020408,0.979592,10253 10424 11212 11225 11800 11986 12262 12476 12687 13237 13540 14040 14358 14392 15109
moead,513_e-05,6,2,2850,57,29917221.868549,217583.576349,0.040816,0.959184,10730 11212 11225 11520 11576 11580 11784 11800 11986 12262 12476 12687 13540 14022 15304
moead,513_e-05,6,3,2850,57,29829735.744729,213367.245163,0.061224,0.938776,10424 11212 11225 11483 11580 11675 11771 11800 11986 12262 12476 12687 13540 14022 15109
moead,513_e-05,6,4,2850,57,29767428.653396,211889.854417,0.081633,0.918367,10730 11212 11225 11576 11580 11674 11784 11999 12233 12262 12360 12595 13540 14022 15109
moead,513_e-05,6,5,2850,57,29701004.449925,208411.721003,0.102041,0.897959,10730 11212 11225 11576 11580 11674 11784 12012 12233 12262 12360 12578 12595 13540 14022
moead,513_e-05,6,6,2850,57,29682697.375100,207778.442730,0.122449,0.877551,10964 11212 11225 11674 11778 11784 12233 12262 12360 12361 12480 12578 12595 13540 14022
moead,513_e-05,6,7,2850,57,29661853.020525,204461.115965,0.142857,0.857143,11152 11212 11225 11576 11674 11675 11694 12016 12233 12262 12360 12578 12595 13540 14022
moead,513_e-05,6,8,2850,57,29628271.734242,204258.553528,0.163265,0.836735,11212 11225 11576 11579 11778 11784 12233 12262 12360 12361 12480 12578 12595 13540 14022
moead,513_e-05,6,9,2850,57,29628271.734242,204258.553528,0.183673,0.816327,11212 11225 11576 11579 11778 11784 12233 12262 12360 12361 12480 12578 12595 13540 14022
moead,513_e-05,6,10,2850,57,29589646.514341,200136.242493,0.204082,0.795918,11225 11576 11579 11778 11784 11889 12233 12262 12360 12361 12480 12578 12595 13540 14022
moead,513_e-05,6,11,2850,57,29589646.514341,200136.242493,0.224490,0.775510,11225 11576 11579 11778 11784 11889 12233 12262 12360 12361 12480 12578 12595 13540 14022
moead,513_e-05,6,12,2850,57,29589646.514341,200136.242493,0.244898,0.755102,11225 11576 11579 11778 11784 11889 12233 12262 12360 12361 12480 12578 12595 13540 14022
moead,513_e-05,6,13,2850,57,29565180.100428,196564.987638,0.265306,0.734694,11212 11225 11674 11675 11771 11789 11894 12115 12119 12132 12343 12359 12467 12971 13253
moead,513_e-05,6,14,2850,57,29565180.100428,196564.987638,0.285714,0.714286,11212 11225 11674 11675 11771 11789 11894 12115 12119 12132 12343 12359 12467 12971 13253
moead,513_e-05,6,15,2850,57,29556728.693684,195942.670823,0.306122,0.693878,11212 11225 11576 11688 11997 12012 12115 12233 12240 12361 12479 12595 12725 13253 13259
moead,513_e-05,6,16,2850,57,29547810.102394,195475.170012,0.326531,0.673469,11212 11225 11576 11688 11997 12012 12115 12233 12240 12361 12479 12595 12725 12971 13253
moead,513_e-05,6,17,2850,57,29547810.102394,195475.170012,0.346939,0.653061,11212 11225 11576 11688 11997 12012 12115 12233 12240 12361 12479 12595 12725 12971 13253
moead,513_e-05,6,18,2850,57,29536046.864254,192888.557617,0.367347,0.632653,11564 11786 11881 11893 12002 12091 12115 12132 12224 12359 12467 12719 12971 13253 13259
moead,513_e-05,6,19,2850,57,29536046.864254,192888.557617,0.387755,0.612245,11564 11786 11881 11893 12002 12091 12115 12132 12224 12359 12467 12719 12971 13253 13259
moead,513_e-05,6,20,2850,57,29527913.486831,192870.363103,0.408163,0.591837,11564 11786 11881 11893 12002 12091 12115 12119 12132 12224 12343 12359 12467 12971 13253
moead,513_e-05,6,21,2850,57,29527913.486831,192870.363103,0.428571,0.571429,11564 11786 11881 11893 12002 12091 12115 12119 12132 12224 12343 12359 12467 12971 13253
moead,513_e-05,6,22,2850,57,29518841.513518,192404.970189,0.448980,0.551020,11675 11786 11881 11893 11989 12091 12115 12119 12132 12224 12343 12359 12467 12971 13253
moead,513_e-05,6,23,2850,57,29518841.513518,192404.970189,0.469388,0.530612,11675 11786 11881 11893 11989 12091 12115 12119 12132 12224 12343 12359 12467 12971 13253
moead,513_e-05,6,24,2850,57,29515162.658832,192400.799597,0.489796,0.510204,11786 11881 11893 11989 12002 12091 12115 12119 12132 12224 12343 12359 12467 12971 13253
moead,513_e-05,6,25,2850,57,29513407.872340,191934.884770,0.510204,0.489796,11786 11881 11893 12002 12091 12115 12119 12132 12224 12244 12343 12359 12467 12971 13253
moead,513_e-05,6,26,2850,57,29510241.483217,188512.673853,0.530612,0.469388,11675 11679 11786 11789 11875 11893 11908 12002 12115 12119 12132 12359 12467 12971 13253
moead,513_e-05,6,27,2850,57,29507573.225814,188478.583092,0.551020,0.448980,11675 11774 11786 11789 11875 11893 11908 12002 12119 12132 12239 12359 12479 12971 13253
moead,513_e-05,6,28,2850,57,29500065.690034,188427.705109,0.571429,0.428571,11675 11774 11786 11789 11875 11888 11893 11908 12002 12119 12239 12359 12479 12971 13253
moead,513_e-05,6,29,2850,57,29500065.690034,188427.705109,0.591837,0.408163,11675 11774 11786 11789 11875 11888 11893 11908 12002 12119 12239 12359 12479 12971 13253
moead,513_e-05,6,30,2850,57,29500065.690034,188427.705109,0.612245,0.387755,11675 11774 11786 11789 11875 11888 11893 11908 12002 12119 12239 12359 12479 12971 13253
moead,513_e-05,6,31,2850,57,29496138.667232,188396.115440,0.632653,0.367347,11675 11774 11786 11789 11893 12002 12100 12115 12119 12132 12239 12359 12479 12971 13253
moead,513_e-05,6,32,2850,57,29496138.667232,188396.115440,0.653061,0.346939,11675 11774 11786 11789 11893 12002 12100 12115 12119 12132 12239 12359 12479 12971 13253
moead,513_e-05,6,33,2850,57,29491878.156767,188248.427773,0.673469,0.326531,11679 11777 11786 11789 11893 11895 12002 12100 12115 12119 12132 12239 12359 12479 13253
moead,513_e-05,6,34,2850,57,29491878.156767,188248.427773,0.693878,0.306122,11679 11777 11786 11789 11893 11895 12002 12100 12115 12119 12132 12239 12359 12479 13253
moead,513_e-05,6,35,2850,57,29487167.426131,187780.328842,0.714286,0.285714,11679 11777 11786 11789 11893 11895 12002 12100 12115 12119 12132 12239 12359 12479 12971
moead,513_e-05,6,36,2850,57,29487167.426131,187780.328842,0.734694,0.265306,11679 11777 11786 11789 11893 11895 12002 12100 12115 12119 12132 12239 12359 12479 12971
moead,513_e-05,6,37,2850,57,29487167.426131,187780.328842,0.755102,0.244898,11679 11777 11786 11789 11893 11895 12002 12100 12115 12119 12132 12239 12359 12479 12971
moead,513_e-05,6,38,2850,57,29487167.426131,187780.328842,0.775510,0.224490,11679 11777 11786 11789 11893 11895 12002 12100 12115 12119 12132 12239 12359 12479 12971
moead,513_e-05,6,39,2850,57,29470833.868537,179145.901849,0.795918,0.204082,11679 11777 11786 11789 11893 11895 12002 12115 12119 12239 12356 12359 12472 12479 12719
moead,513_e-05,6,40,2850,57,29470833.868537,179145.901849,0.816327,0.183673,11679 11777 11786 11789 11893 11895 12002 12115 12119 12239 12356 12359 12472 12479 12719
moead,513_e-05,6,41,2850,57,29470833.868537,179145.901849,0.836735,0.163265,11679 11777 11786 11789 11893 11895 12002 12115 12119 12239 12356 12359 12472 12479 12719
moead,513_e-05,6,42,2850,57,29470833.868537,179145.901849,0.857143,0.142857,11679 11777 11786 11789 11893 11895 12002 12115 12119 12239 12356 12359 12472 12479 12719
moead,513_e-05,6,43,2850,57,29470833.868537,179145.901849,0.877551,0.122449,11679 11777 11786 11789 11893 11895 12002 12115 12119 12239 12356 12359 12472 12479 12719
moead,513_e-05,6,44,2850,57,29470833.868537,179145.901849,0.897959,0.102041,11679 11777 11786 11789 11893 11895 12002 12115 12119 12239 12356 12359 12472 12479 12719
moead,513_e-05,6,45,2850,57,29470833.868537,179145.901849,0.918367,0.081633,11679 11777 11786 11789 11893 11895 12002 12115 12119 12239 12356 12359 12472 12479 12719
moead,513_e-05,6,46,2850,57,29470833.868537,179145.901849,0.938776,0.061224,11679 11777 11786 11789 11893 11895 12002 12115 12119 12239 12356 12359 12472 12479 12719
moead,513_e-05,6,47,2850,57,29470833.868537,179145.901849,0.959184,0.040816,11679 11777 11786 11789 11893 11895 12002 12115 12119 12239 12356 12359 12472 12479 12719
moead,513_e-05,6,48,2850,57,29470833.868537,179145.901849,0.979592,0.020408,11679 11777 11786 11789 11893 11895 12002 12115 12119 12239 12356 12359 12472 12479 12719
moead,513_e-05,6,49,2850,57,29470833.868537,179145.901849,1.000000,0.000000,11679 11777 11786 11789 11893 11895 12002 12115 12119 12239 12356 12359 12472 12479 12719
moead,513_e-05,6,0,2900,58,34187335.593919,236183.260254,0.000000,1.000000,10253 11212 12262 12595 12687 13540 14022 21529 52977 85595 93435 96109 109684 115088 142643
moead,513_e-05,6,1,2900,58,30123881.604502,222159.118408,0.020408,0.979592,10253 10424 11212 11225 11800 11986 12262 12476 12687 13237 13540 14040 14358 14392 15288
moead,513_e-05,6,2,2900,58,29917221.868549,217583.576349,0.040816,0.959184,10730 11212 11225 11520 11576 11580 11784 11800 11986 12262 12476 12687 13540 14022 15304
moead,513_e-05,6,3,2900,58,29829735.744729,213367.245163,0.061224,0.938776,10424 11212 11225 11483 11580 11675 11771 11800 11986 12262 12476 12687 13540 14022 15109
moead,513_e-05,6,4,2900,58,29762391.303230,211889.854417,0.081633,0.918367,10964 11212 11225 11576 11580 11674 11784 11999 12233 12262 12360 12595 13540 14022 15109
moead,513_e-05,6,5,2900,58,29701004.449925,208411.721003,0.102041,0.897959,10730 11212 11225 11576 11580 11674 11784 12012 12233 12262 12360 12578 12595 13540 14022
moead,513_e-05,6,6,2900,58,29682697.375100,207778.442730,0.122449,0.877551,10964 11212 11225 11674 11778 11784 12233 12262 12360 12361 12480 12578 12595 13540 14022
moead,513_e-05,6,7,2900,58,29655104.495986,204784.461387,0.142857,0.857143,11212 11225 11576 11579 11784 12233 12262 12360 12361 12480 12578 12595 13540 14022 14708
moead,513_e-05,6,8,2900,58,29626238.787459,204266.092098,0.163265,0.836735,11212 11225 11576 11579 11784 12233 12262 12360 12361 12475 12480 12578 12595 13540 14022
moead,513_e-05,6,9,2900,58,29626238.787459,204266.092098,0.183673,0.816327,11212 11225 11576 11579 11784 12233 12262 12360 12361 12475 12480 12578 12595 13540 14022
moead,513_e-05,6,10,2900,58,29602823.372007,200167.103431,0.204082,0.795918,11225 11576 11579 11675 11694 11784 11889 12012 12233 12262 12360 12578 12595 13540 14022
moead,513_e-05,6,11,2900,58,29587613.567559,200143.781063,0.224490,0.775510,11225 11576 11579 11784 11889 12233 12262 12360 12361 12475 12480 12578 12595 13540 14022
moead,513_e-05,6,12,2900,58,29587613.567559,200143.781063,0.244898,0.755102,11225 11576 11579 11784 11889 12233 12262 12360 12361 12475 12480 12578 12595 13540 14022
moead,513_e-05,6,13,2900,58,29565180.100428,196564.987638,0.265306,0.734694,11212 11225 11674 11675 11771 11789 11894 12115 12119 12132 12343 12359 12467 12971 13253
moead,513_e-05,6,14,2900,58,29565180.100428,196564.987638,0.285714,0.714286,11212 11225 11674 11675 11771 11789 11894 12115 12119 12132 12343 12359 12467 12971 13253
moead,513_e-05,6,15,2900,58,29556789.033054,196484.476250,0.306122,0.693878,11212 11566 11674 11675 11771 11789 11894 12115 12119 12132 12343 12359 12467 12971 13253
moead,513_e-05,6,16,2900,58,29547810.102394,195475.170012,0.326531,0.673469,11212 11225 11576 11688 11997 12012 12115 12233 12240 12361 12479 12595 12725 12971 13253
moead,513_e-05,6,17,2900,58,29547810.102394,195475.170012,0.346939,0.653061,11212 11225 11576 11688 11997 12012 12115 12233 12240 12361 12479 12595 12725 12971 13253
moead,513_e-05,6,18,2900,58,29536046.864254,192888.557617,0.367347,0.632653,11564 11786 11881 11893 12002 12091 12115 12132 12224 12359 12467 12719 12971 13253 13259
moead,513_e-05,6,19,2900,58,29536046.864254,192888.557617,0.387755,0.612245,11564 11786 11881 11893 12002 12091 12115 12132 12224 12359 12467 12719 12971 13253 13259
moead,513_e-05,6,20,2900,58,29527913.486831,192870.363103,0.408163,0.591837,11564 11786 11881 11893 12002 12091 12115 12119 12132 12224 12343 12359 12467 12971 13253
moead,513_e-05,6,21,2900,58,29527913.486831,192870.363103,0.428571,0.571429,11564 11786 11881 11893 12002 12091 12115 12119 12132 12224 12343 12359 12467 12971 13253
moead,513_e-05,6,22,2900,58,29518841.513518,192404.970189,0.448980,0.551020,11675 11786 11881 11893 11989 12091 12115 12119 12132 12224 12343 12359 12467 12971 13253
moead,513_e-05,6,23,2900,58,29518841.513518,192404.970189,0.469388,0.530612,11675 11786 11881 11893 11989 12091 12115 12119 12132 12224 12343 12359 12467 12971 13253
moead,513_e-05,6,24,2900,58,29515162.658832,192400.799597,0.489796,0.510204,11786 11881 11893 11989 12002 12091 12115 12119 12132 12224 12343 12359 12467 12971 13253
moead,513_e-05,6,25,2900,58,29513407.872340,191934.884770,0.510204,0.489796,11786 11881 11893 12002 12091 12115 12119 12132 12224 12244 12343 12359 12467 12971 13253
moead,513_e-05,6,26,2900,58,29510241.483217,188512.673853,0.530612,0.469388,11675 11679 11786 11789 11875 11893 11908 12002 12115 12119 12132 12359 12467 12971 13253
moead,513_e-05,6,27,2900,58,29507573.225814,188478.583092,0.551020,0.448980,11675 11774 11786 11789 11875 11893 11908 12002 12119 12132 12239 12359 12479 12971 13253
moead,513_e-05,6,28,2900,58,29503954.325814,188449.366653,0.571429,0.428571,11675 11774 11786 11789 11875 11888 11893 11908 12002 12119 12239 12359 12467 12971 13253
moead,513_e-05,6,29,2900,58,29500065.690034,188427.705109,0.591837,0.408163,11675 11774 11786 11789 11875 11888 11893 11908 12002 12119 12239 12359 12479 12971 13253
moead,513_e-05,6,30,2900,58,29500065.690034,188427.705109,0.612245,0.387755,11675 11774 11786 11789 11875 11888 11893 11908 12002 12119 12239 12359 12479 12971 13253
moead,513_e-05,6,31,2900,58,29496138.667232,188396.115440,0.632653,0.367347,11675 11774 11786 11789 11893 12002 12100 12115 12119 12132 12239 12359 12479 12971 13253
moead,513_e-05,6,32,2900,58,29495530.120317,188346.680460,0.653061,0.346939,11679 11777 11786 11789 11893 11895 12002 12100 12115 12119 12132 12239 12359 12971 13253
moead,513_e-05,6,33,2900,58,29491878.156767,188248.427773,0.673469,0.326531,11679 11777 11786 11789 11893 11895 12002 12100 12115 12119 12132 12239 12359 12479 13253
moead,513_e-05,6,34,2900,58,29491878.156767,188248.427773,0.693878,0.306122,11679 11777 11786 11789 11893 11895 12002 12100 12115 12119 12132 12239 12359 12479 13253
moead,513_e-05,6,35,2900,58,29487167.426131,187780.328842,0.714286,0.285714,11679 11777 11786 11789 11893 11895 12002 12100 12115 12119 12132 12239 12359 12479 12971
moead,513_e-05,6,36,2900,58,29487167.426131,187780.328842,0.734694,0.265306,11679 11777 11786 11789 11893 11895 12002 12100 12115 12119 12132 12239 12359 12479 12971
moead,513_e-05,6,37,2900,58,29487167.426131,187780.328842,0.755102,0.244898,11679 11777 11786 11789 11893 11895 12002 12100 12115 12119 12132 12239 12359 12479 12971
moead,513_e-05,6,38,2900,58,29483856.455062,179555.261987,0.775510,0.224490,11679 11777 11786 11789 11893 11895 12002 12115 12119 12356 12359 12472 12479 12719 13091
moead,513_e-05,6,39,2900,58,29483856.455062,179555.261987,0.795918,0.204082,11679 11777 11786 11789 11893 11895 12002 12115 12119 12356 12359 12472 12479 12719 13091
moead,513_e-05,6,40,2900,58,29470833.868537,179145.901849,0.816327,0.183673,11679 11777 11786 11789 11893 11895 12002 12115 12119 12239 12356 12359 12472 12479 12719
moead,513_e-05,6,41,2900,58,29470833.868537,179145.901849,0.836735,0.163265,11679 11777 11786 11789 11893 11895 12002 12115 12119 12239 12356 12359 12472 12479 12719
moead,513_e-05,6,42,2900,58,29470833.868537,179145.901849,0.857143,0.142857,11679 11777 11786 11789 11893 11895 12002 12115 12119 12239 12356 12359 12472 12479 12719
moead,513_e-05,6,43,2900,58,29470833.868537,179145.901849,0.877551,0.122449,11679 11777 11786 11789 11893 11895 12002 12115 12119 12239 12356 12359 12472 12479 12719
moead,513_e-05,6,44,2900,58,29470833.868537,179145.901849,0.897959,0.102041,11679 11777 11786 11789 11893 11895 12002 12115 12119 12239 12356 12359 12472 12479 12719
moead,513_e-05,6,45,2900,58,29470833.868537,179145.901849,0.918367,0.081633,11679 11777 11786 11789 11893 11895 12002 12115 12119 12239 12356 12359 12472 12479 12719
moead,513_e-05,6,46,2900,58,29470833.868537,179145.901849,0.938776,0.061224,11679 11777 11786 11789 11893 11895 12002 12115 12119 12239 12356 12359 12472 12479 12719
moead,513_e-05,6,47,2900,58,29470833.868537,179145.901849,0.959184,0.040816,11679 11777 11786 11789 11893 11895 12002 12115 12119 12239 12356 12359 12472 12479 12719
moead,513_e-05,6,48,2900,58,29470833.868537,179145.901849,0.979592,0.020408,11679 11777 11786 11789 11893 11895 12002 12115 12119 12239 12356 12359 12472 12479 12719
moead,513_e-05,6,49,2900,58,29470833.868537,179145.901849,1.000000,0.000000,11679 11777 11786 11789 11893 11895 12002 12115 12119 12239 12356 12359 12472 12479 12719
moead,513_e-05,6,0,2950,59,33525596.226099,236183.260254,0.000000,1.000000,11212 12595 12687 13540 14022 14392 15109 21529 79437 93435 96109 109684 128773 142295 151708
moead,513_e-05,6,1,2950,59,30123881.604502,222159.118408,0.020408,0.979592,10253 10424 11212 11225 11800 11986 12262 12476 12687 13237 13540 14040 14358 14392 15288
moead,513_e-05,6,2,2950,59,29917221.868549,217583.576349,0.040816,0.959184,10730 11212 11225 11520 11576 11580 11784 11800 11986 12262 12476 12687 13540 14022 15304
moead,513_e-05,6,3,2950,59,29807531.262634,213023.612473,0.061224,0.938776,10964 11212 11225 11483 11580 11675 11771 11800 11986 12262 12476 12595 12687 14022 15109
moead,513_e-05,6,4,2950,59,29762391.303230,211889.854417,0.081633,0.918367,10964 11212 11225 11576 11580 11674 11784 11999 12233 12262 12360 12595 13540 14022 15109
moead,513_e-05,6,5,2950,59,29701004.449925,208411.721003,0.102041,0.897959,10730 11212 11225 11576 11580 11674 11784 12012 12233 12262 12360 12578 12595 13540 14022
moead,513_e-05,6,6,2950,59,29682697.375100,207778.442730,0.122449,0.877551,10964 11212 11225 11674 11778 11784 12233 12262 12360 12361 12480 12578 12595 13540 14022
moead,513_e-05,6,7,2950,59,29655104.495986,204784.461387,0.142857,0.857143,11212 11225 11576 11579 11784 12233 12262 12360 12361 12480 12578 12595 13540 14022 14708
moead,513_e-05,6,8,2950,59,29626238.787459,204266.092098,0.163265,0.836735,11212 11225 11576 11579 11784 12233 12262 12360 12361 12475 12480 12578 12595 13540 14022
moead,513_e-05,6,9,2950,59,29626238.787459,204266.092098,0.183673,0.816327,11212 11225 11576 11579 11784 12233 12262 12360 12361 12475 12480 12578 12595 13540 14022
moead,513_e-05,6,10,2950,59,29602823.372007,200167.103431,0.204082,0.795918,11225 11576 11579 11675 11694 11784 11889 12012 12233 12262 12360 12578 12595 13540 14022
moead,513_e-05,6,11,2950,59,29587613.567559,200143.781063,0.224490,0.775510,11225 11576 11579 11784 11889 12233 12262 12360 12361 12475 12480 12578 12595 13540 14022
moead,513_e-05,6,12,2950,59,29587613.567559,200143.781063,0.244898,0.755102,11225 11576 11579 11784 11889 12233 12262 12360 12361 12475 12480 12578 12595 13540 14022
moead,513_e-05,6,13,2950,59,29565180.100428,196564.987638,0.265306,0.734694,11212 11225 11674 11675 11771 11789 11894 12115 12119 12132 12343 12359 12467 12971 13253
moead,513_e-05,6,14,2950,59,29565180.100428,196564.987638,0.285714,0.714286,11212 11225 11674 11675 11771 11789 11894 12115 12119 12132 12343 12359 12467 12971 13253
moead,513_e-05,6,15,2950,59,29556789.033054,196484.476250,0.306122,0.693878,11212 11566 11674 11675 11771 11789 11894 12115 12119 12132 12343 12359 12467 12971 13253
moead,513_e-05,6,16,2950,59,29547810.102394,195475.170012,0.326531,0.673469,11212 11225 11576 11688 11997 12012 12115 12233 12240 12361 12479 12595 12725 12971 13253
moead,513_e-05,6,17,2950,59,29547810.102394,195475.170012,0.346939,0.653061,11212 11225 11576 11688 11997 12012 12115 12233 12240 12361 12479 12595 12725 12971 13253
moead,513_e-05,6,18,2950,59,29536046.864254,192888.557617,0.367347,0.632653,11564 11786 11881 11893 12002 12091 12115 12132 12224 12359 12467 12719 12971 13253 13259
moead,513_e-05,6,19,2950,59,29536046.864254,192888.557617,0.387755,0.612245,11564 11786 11881 11893 12002 12091 12115 12132 12224 12359 12467 12719 12971 13253 13259
moead,513_e-05,6,20,2950,59,29531173.321917,192872.360875,0.408163,0.591837,11564 11786 11881 11893 11989 12091 12115 12119 12132 12224 12343 12359 12467 12971 13253
moead,513_e-05,6,21,2950,59,29518841.513518,192404.970189,0.428571,0.571429,11675 11786 11881 11893 11989 12091 12115 12119 12132 12224 12343 12359 12467 12971 13253
moead,513_e-05,6,22,2950,59,29518841.513518,192404.970189,0.448980,0.551020,11675 11786 11881 11893 11989 12091 12115 12119 12132 12224 12343 12359 12467 12971 13253
moead,513_e-05,6,23,2950,59,29518841.513518,192404.970189,0.469388,0.530612,11675 11786 11881 11893 11989 12091 12115 12119 12132 12224 12343 12359 12467 12971 13253
moead,513_e-05,6,24,2950,59,29515162.658832,192400.799597,0.489796,0.510204,11786 11881 11893 11989 12002 12091 12115 12119 12132 12224 12343 12359 12467 12971 13253
moead,513_e-05,6,25,2950,59,29513407.872340,191934.884770,0.510204,0.489796,11786 11881 11893 12002 12091 12115 12119 12132 12224 12244 12343 12359 12467 12971 13253
moead,513_e-05,6,26,2950,59,29510241.483217,188512.673853,0.530612,0.469388,11675 11679 11786 11789 11875 11893 11908 12002 12115 12119 12132 12359 12467 12971 13253
moead,513_e-05,6,27,2950,59,29507573.225814,188478.583092,0.551020,0.448980,11675 11774 11786 11789 11875 11893 11908 12002 12119 12132 12239 12359 12479 12971 13253
moead,513_e-05,6,28,2950,59,29503954.325814,188449.366653,0.571429,0.428571,11675 11774 11786 11789 11875 11888 11893 11908 12002 12119 12239 12359 12467 12971 13253
moead,513_e-05,6,29,2950,59,29500065.690034,188427.705109,0.591837,0.408163,11675 11774 11786 11789 11875 11888 11893 11908 12002 12119 12239 12359 12479 12971 13253
moead,513_e-05,6,30,2950,59,29496138.667232,188396.115440,0.612245,0.387755,11675 11774 11786 11789 11893 12002 12100 12115 12119 12132 12239 12359 12479 12971 13253
moead,513_e-05,6,31,2950,59,29496138.667232,188396.115440,0.632653,0.367347,11675 11774 11786 11789 11893 12002 12100 12115 12119 12132 12239 12359 12479 12971 13253
moead,513_e-05,6,32,2950,59,29491878.156767,188248.427773,0.653061,0.346939,11679 11777 11786 11789 11893 11895 12002 12100 12115 12119 12132 12239 12359 12479 13253
moead,513_e-05,6,33,2950,59,29491878.156767,188248.427773,0.673469,0.326531,11679 11777 11786 11789 11893 11895 12002 12100 12115 12119 12132 12239 12359 12479 13253
moead,513_e-05,6,34,2950,59,29487167.426131,187780.328842,0.693878,0.306122,11679 11777 11786 11789 11893 11895 12002 12100 12115 12119 12132 12239 12359 12479 12971
moead,513_e-05,6,35,2950,59,29487167.426131,187780.328842,0.714286,0.285714,11679 11777 11786 11789 11893 11895 12002 12100 12115 12119 12132 12239 12359 12479 12971
moead,513_e-05,6,36,2950,59,29487167.426131,187780.328842,0.734694,0.265306,11679 11777 11786 11789 11893 11895 12002 12100 12115 12119 12132 12239 12359 12479 12971
moead,513_e-05,6,37,2950,59,29482312.236905,183661.539865,0.755102,0.244898,11679 11777 11786 11789 11893 11895 12002 12019 12115 12119 12239 12359 12472 12479 12719
moead,513_e-05,6,38,2950,59,29482312.236905,183661.539865,0.775510,0.224490,11679 11777 11786 11789 11893 11895 12002 12019 12115 12119 12239 12359 12472 12479 12719
moead,513_e-05,6,39,2950,59,29482312.236905,183661.539865,0.795918,0.204082,11679 11777 11786 11789 11893 11895 12002 12019 12115 12119 12239 12359 12472 12479 12719
moead,513_e-05,6,40,2950,59,29469447.320885,179145.901849,0.816327,0.183673,11679 11777 11786 11789 11895 12002 12115 12116 12119 12239 12356 12359 12472 12479 12719
moead,513_e-05,6,41,2950,59,29469447.320885,179145.901849,0.836735,0.163265,11679 11777 11786 11789 11895 12002 12115 12116 12119 12239 12356 12359 12472 12479 12719
moead,513_e-05,6,42,2950,59,29469447.320885,179145.901849,0.857143,0.142857,11679 11777 11786 11789 11895 12002 12115 12116 12119 12239 12356 12359 12472 12479 12719
moead,513_e-05,6,43,2950,59,29469447.320885,179145.901849,0.877551,0.122449,11679 11777 11786 11789 11895 12002 12115 12116 12119 12239 12356 12359 12472 12479 12719
moead,513_e-05,6,44,2950,59,29469447.320885,179145.901849,0.897959,0.102041,11679 11777 11786 11789 11895 12002 12115 12116 12119 12239 12356 12359 12472 12479 12719
moead,513_e-05,6,45,2950,59,29469447.320885,179145.901849,0.918367,0.081633,11679 11777 11786 11789 11895 12002 12115 12116 12119 12239 12356 12359 12472 12479 12719
moead,513_e-05,6,46,2950,59,29469447.320885,179145.901849,0.938776,0.061224,11679 11777 11786 11789 11895 12002 12115 12116 12119 12239 12356 12359 12472 12479 12719
moead,513_e-05,6,47,2950,59,29469447.320885,179145.901849,0.959184,0.040816,11679 11777 11786 11789 11895 12002 12115 12116 12119 12239 12356 12359 12472 12479 12719
moead,513_e-05,6,48,2950,59,29469447.320885,179145.901849,0.979592,0.020408,11679 11777 11786 11789 11895 12002 12115 12116 12119 12239 12356 12359 12472 12479 12719
moead,513_e-05,6,49,2950,59,29469447.320885,179145.901849,1.000000,0.000000,11679 11777 11786 11789 11895 12002 12115 12116 12119 12239 12356 12359 12472 12479 12719
moead,513_e-05,6,0,3000,60,35038922.397852,236183.260254,0.000000,1.000000,1619 11212 12595 12687 14392 17674 21529 56819 81137 93435 96109 96491 109684 109872 128773
moead,513_e-05,6,1,3000,60,30123881.604502,222159.118408,0.020408,0.979592,10253 10424 11212 11225 11800 11986 12262 12476 12687 13237 13540 14040 14358 14392 15288
moead,513_e-05,6,2,3000,60,29917221.868549,217583.576349,0.040816,0.959184,10730 11212 11225 11520 11576 11580 11784 11800 11986 12262 12476 12687 13540 14022 15304
moead,513_e-05,6,3,3000,60,29807531.262634,213023.612473,0.061224,0.938776,10964 11212 11225 11483 11580 11675 11771 11800 11986 12262 12476 12595 12687 14022 15109
moead,513_e-05,6,4,3000,60,29762391.303230,211889.854417,0.081633,0.918367,10964 11212 11225 11576 11580 11674 11784 11999 12233 12262 12360 12595 13540 14022 15109
moead,513_e-05,6,5,3000,60,29701004.449925,208411.721003,0.102041,0.897959,10730 11212 11225 11576 11580 11674 11784 12012 12233 12262 12360 12578 12595 13540 14022
moead,513_e-05,6,6,3000,60,29682697.375100,207778.442730,0.122449,0.877551,10964 11212 11225 11674 11778 11784 12233 12262 12360 12361 12480 12578 12595 13540 14022
moead,513_e-05,6,7,3000,60,29655104.495986,204784.461387,0.142857,0.857143,11212 11225 11576 11579 11784 12233 12262 12360 12361 12480 12578 12595 13540 14022 14708
moead,513_e-05,6,8,3000,60,29626238.787459,204266.092098,0.163265,0.836735,11212 11225 11576 11579 11784 12233 12262 12360 12361 12475 12480 12578 12595 13540 14022
moead,513_e-05,6,9,3000,60,29626238.787459,204266.092098,0.183673,0.816327,11212 11225 11576 11579 11784 12233 12262 12360 12361 12475 12480 12578 12595 13540 14022
moead,513_e-05,6,10,3000,60,29602823.372007,200167.103431,0.204082,0.795918,11225 11576 11579 11675 11694 11784 11889 12012 12233 12262 12360 12578 12595 13540 14022
moead,513_e-05,6,11,3000,60,29587613.567559,200143.781063,0.224490,0.775510,11225 11576 11579 11784 11889 12233 12262 12360 12361 12475 12480 12578 12595 13540 14022
moead,513_e-05,6,12,3000,60,29587613.567559,200143.781063,0.244898,0.755102,11225 11576 11579 11784 11889 12233 12262 12360 12361 12475 12480 12578 12595 13540 14022
moead,513_e-05,6,13,3000,60,29565180.100428,196564.987638,0.265306,0.734694,11212 11225 11674 11675 11771 11789 11894 12115 12119 12132 12343 12359 12467 12971 13253
moead,513_e-05,6,14,3000,60,29565180.100428,196564.987638,0.285714,0.714286,11212 11225 11674 11675 11771 11789 11894 12115 12119 12132 12343 12359 12467 12971 13253
moead,513_e-05,6,15,3000,60,29556789.033054,196484.476250,0.306122,0.693878,11212 11566 11674 11675 11771 11789 11894 12115 12119 12132 12343 12359 12467 12971 13253
moead,513_e-05,6,16,3000,60,29549336.810378,195475.170012,0.326531,0.673469,11212 11225 11576 11902 11997 12012 12115 12233 12240 12361 12479 12595 12725 12971 13253
moead,513_e-05,6,17,3000,60,29547810.102394,195475.170012,0.346939,0.653061,11212 11225 11576 11688 11997 12012 12115 12233 12240 12361 12479 12595 12725 12971 13253
moead,513_e-05,6,18,3000,60,29536046.864254,192888.557617,0.367347,0.632653,11564 11786 11881 11893 12002 12091 12115 12132 12224 12359 12467 12719 12971 13253 13259
moead,513_e-05,6,19,3000,60,29536046.864254,192888.557617,0.387755,0.612245,11564 11786 11881 11893 12002 12091 12115 12132 12224 12359 12467 12719 12971 13253 13259
moead,513_e-05,6,20,3000,60,29531173.321917,192872.360875,0.408163,0.591837,11564 11786 11881 11893 11989 12091 12115 12119 12132 12224 12343 12359 12467 12971 13253
moead,513_e-05,6,21,3000,60,29518841.513518,192404.970189,0.428571,0.571429,11675 11786 11881 11893 11989 12091 12115 12119 12132 12224 12343 12359 12467 12971 13253
moead,513_e-05,6,22,3000,60,29518841.513518,192404.970189,0.448980,0.551020,11675 11786 11881 11893 11989 12091 12115 12119 12132 12224 12343 12359 12467 12971 13253
moead,513_e-05,6,23,3000,60,29518841.513518,192404.970189,0.469388,0.530612,11675 11786 11881 11893 11989 12091 12115 12119 12132 12224 12343 12359 12467 12971 13253
moead,513_e-05,6,24,3000,60,29515162.658832,192400.799597,0.489796,0.510204,11786 11881 11893 11989 12002 12091 12115 12119 12132 12224 12343 12359 12467 12971 13253
moead,513_e-05,6,25,3000,60,29513407.872340,191934.884770,0.510204,0.489796,11786 11881 11893 12002 12091 12115 12119 12132 12224 12244 12343 12359 12467 12971 13253
moead,513_e-05,6,26,3000,60,29510241.483217,188512.673853,0.530612,0.469388,11675 11679 11786 11789 11875 11893 11908 12002 12115 12119 12132 12359 12467 12971 13253
moead,513_e-05,6,27,3000,60,29507573.225814,188478.583092,0.551020,0.448980,11675 11774 11786 11789 11875 11893 11908 12002 12119 12132 12239 12359 12479 12971 13253
moead,513_e-05,6,28,3000,60,29503954.325814,188449.366653,0.571429,0.428571,11675 11774 11786 11789 11875 11888 11893 11908 12002 12119 12239 12359 12467 12971 13253
moead,513_e-05,6,29,3000,60,29500065.690034,188427.705109,0.591837,0.408163,11675 11774 11786 11789 11875 11888 11893 11908 12002 12119 12239 12359 12479 12971 13253
moead,513_e-05,6,30,3000,60,29496138.667232,188396.115440,0.612245,0.387755,11675 11774 11786 11789 11893 12002 12100 12115 12119 12132 12239 12359 12479 12971 13253
moead,513_e-05,6,31,3000,60,29496138.667232,188396.115440,0.632653,0.367347,11675 11774 11786 11789 11893 12002 12100 12115 12119 12132 12239 12359 12479 12971 13253
moead,513_e-05,6,32,3000,60,29494189.790943,188263.324440,0.653061,0.346939,11675 11774 11786 11789 11893 11895 12002 12100 12115 12119 12132 12239 12359 12479 13253
moead,513_e-05,6,33,3000,60,29491878.156767,188248.427773,0.673469,0.326531,11679 11777 11786 11789 11893 11895 12002 12100 12115 12119 12132 12239 12359 12479 13253
moead,513_e-05,6,34,3000,60,29485617.936091,187780.328842,0.693878,0.306122,11679 11777 11786 11789 11893 11999 12002 12100 12115 12119 12132 12239 12359 12479 12971
moead,513_e-05,6,35,3000,60,29485617.936091,187780.328842,0.714286,0.285714,11679 11777 11786 11789 11893 11999 12002 12100 12115 12119 12132 12239 12359 12479 12971
moead,513_e-05,6,36,3000,60,29485617.936091,187780.328842,0.734694,0.265306,11679 11777 11786 11789 11893 11999 12002 12100 12115 12119 12132 12239 12359 12479 12971
moead,513_e-05,6,37,3000,60,29485617.936091,187780.328842,0.755102,0.244898,11679 11777 11786 11789 11893 11999 12002 12100 12115 12119 12132 12239 12359 12479 12971
moead,513_e-05,6,38,3000,60,29482312.236905,183661.539865,0.775510,0.224490,11679 11777 11786 11789 11893 11895 12002 12019 12115 12119 12239 12359 12472 12479 12719
moead,513_e-05,6,39,3000,60,29482312.236905,183661.539865,0.795918,0.204082,11679 11777 11786 11789 11893 11895 12002 12019 12115 12119 12239 12359 12472 12479 12719
moead,513_e-05,6,40,3000,60,29473358.457912,179917.726909,0.816327,0.183673,11679 11777 11786 11789 11895 12002 12115 12116 12119 12239 12359 12472 12479 12719 12976
moead,513_e-05,6,41,3000,60,29473358.457912,179917.726909,0.836735,0.163265,11679 11777 11786 11789 11895 12002 12115 12116 12119 12239 12359 12472 12479 12719 12976
moead,513_e-05,6,42,3000,60,29473358.457912,179917.726909,0.857143,0.142857,11679 11777 11786 11789 11895 12002 12115 12116 12119 12239 12359 12472 12479 12719 12976
moead,513_e-05,6,43,3000,60,29473358.457912,179917.726909,0.877551,0.122449,11679 11777 11786 11789 11895 12002 12115 12116 12119 12239 12359 12472 12479 12719 12976
moead,513_e-05,6,44,3000,60,29473358.457912,179917.726909,0.897959,0.102041,11679 11777 11786 11789 11895 12002 12115 12116 12119 12239 12359 12472 12479 12719 12976
moead,513_e-05,6,45,3000,60,29473358.457912,179917.726909,0.918367,0.081633,11679 11777 11786 11789 11895 12002 12115 12116 12119 12239 12359 12472 12479 12719 12976
moead,513_e-05,6,46,3000,60,29471765.038959,179145.901849,0.938776,0.061224,11679 11777 11786 11789 11895 11896 12002 12116 12119 12239 12356 12359 12472 12479 12719
moead,513_e-05,6,47,3000,60,29471765.038959,179145.901849,0.959184,0.040816,11679 11777 11786 11789 11895 11896 12002 12116 12119 12239 12356 12359 12472 12479 12719
moead,513_e-05,6,48,3000,60,29469447.320885,179145.901849,0.979592,0.020408,11679 11777 11786 11789 11895 12002 12115 12116 12119 12239 12356 12359 12472 12479 12719
moead,513_e-05,6,49,3000,60,29469447.320885,179145.901849,1.000000,0.000000,11679 11777 11786 11789 11895 12002 12115 12116 12119 12239 12356 12359 12472 12479 12719
moead,513_e-05,6,0,3050,61,34488347.899454,236183.260254,0.000000,1.000000,1619 11212 12687 14022 14392 15304 56819 71812 84649 96109 96491 109684 123288 140729 156142
moead,513_e-05,6,1,3050,61,30123881.604502,222159.118408,0.020408,0.979592,10253 10424 11212 11225 11800 11986 12262 12476 12687 13237 13540 14040 14358 14392 15288
moead,513_e-05,6,2,3050,61,29912184.518383,217583.576349,0.040816,0.959184,10964 11212 11225 11520 11576 11580 11784 11800 11986 12262 12476 12687 13540 14022 15304
moead,513_e-05,6,3,3050,61,29807531.262634,213023.612473,0.061224,0.938776,10964 11212 11225 11483 11580 11675 11771 11800 11986 12262 12476 12595 12687 14022 15109
moead,513_e-05,6,4,3050,61,29762391.303230,211889.854417,0.081633,0.918367,10964 11212 11225 11576 11580 11674 11784 11999 12233 12262 12360 12595 13540 14022 15109
moead,513_e-05,6,5,3050,61,29701004.449925,208411.721003,0.102041,0.897959,10730 11212 11225 11576 11580 11674 11784 12012 12233 12262 12360 12578 12595 13540 14022
moead,513_e-05,6,6,3050,61,29682697.375100,207778.442730,0.122449,0.877551,10964 11212 11225 11674 11778 11784 12233 12262 12360 12361 12480 12578 12595 13540 14022
moead,513_e-05,6,7,3050,61,29655104.495986,204784.461387,0.142857,0.857143,11212 11225 11576 11579 11784 12233 12262 12360 12361 12480 12578 12595 13540 14022 14708
moead,513_e-05,6,8,3050,61,29626238.787459,204266.092098,0.163265,0.836735,11212 11225 11576 11579 11784 12233 12262 12360 12361 12475 12480 12578 12595 13540 14022
moead,513_e-05,6,9,3050,61,29626238.787459,204266.092098,0.183673,0.816327,11212 11225 11576 11579 11784 12233 12262 12360 12361 12475 12480 12578 12595 13540 14022
moead,513_e-05,6,10,3050,61,29606120.953388,200677.389462,0.204082,0.795918,11212 11225 11576 11579 11784 12233 12262 12360 12361 12475 12480 12578 12595 13540 14708
moead,513_e-05,6,11,3050,61,29587613.567559,200143.781063,0.224490,0.775510,11225 11576 11579 11784 11889 12233 12262 12360 12361 12475 12480 12578 12595 13540 14022
moead,513_e-05,6,12,3050,61,29587613.567559,200143.781063,0.244898,0.755102,11225 11576 11579 11784 11889 12233 12262 12360 12361 12475 12480 12578 12595 13540 14022
moead,513_e-05,6,13,3050,61,29565180.100428,196564.987638,0.265306,0.734694,11212 11225 11674 11675 11771 11789 11894 12115 12119 12132 12343 12359 12467 12971 13253
moead,513_e-05,6,14,3050,61,29565180.100428,196564.987638,0.285714,0.714286,11212 11225 11674 11675 11771 11789 11894 12115 12119 12132 12343 12359 12467 12971 13253
moead,513_e-05,6,15,3050,61,29556789.033054,196484.476250,0.306122,0.693878,11212 11566 11674 11675 11771 11789 11894 12115 12119 12132 12343 12359 12467 12971 13253
moead,513_e-05,6,16,3050,61,29550498.159223,195534.683548,0.326531,0.673469,11212 11225 11674 11675 11771 11894 12226 12233 12240 12361 12479 12595 12725 12971 13253
moead,513_e-05,6,17,3050,61,29547810.102394,195475.170012,0.346939,0.653061,11212 11225 11576 11688 11997 12012 12115 12233 12240 12361 12479 12595 12725 12971 13253
moead,513_e-05,6,18,3050,61,29536046.864254,192888.557617,0.367347,0.632653,11564 11786 11881 11893 12002 12091 12115 12132 12224 12359 12467 12719 12971 13253 13259
moead,513_e-05,6,19,3050,61,29536046.864254,192888.557617,0.387755,0.612245,11564 11786 11881 11893 12002 12091 12115 12132 12224 12359 12467 12719 12971 13253 13259
moead,513_e-05,6,20,3050,61,29531173.321917,192872.360875,0.408163,0.591837,11564 11786 11881 11893 11989 12091 12115 12119 12132 12224 12343 12359 12467 12971 13253
moead,513_e-05,6,21,3050,61,29518841.513518,192404.970189,0.428571,0.571429,11675 11786 11881 11893 11989 12091 12115 12119 12132 12224 12343 12359 12467 12971 13253
moead,513_e-05,6,22,3050,61,29518841.513518,192404.970189,0.448980,0.551020,11675 11786 11881 11893 11989 12091 12115 12119 12132 12224 12343 12359 12467 12971 13253
moead,513_e-05,6,23,3050,61,29518841.513518,192404.970189,0.469388,0.530612,11675 11786 11881 11893 11989 12091 12115 12119 12132 12224 12343 12359 12467 12971 13253
moead,513_e-05,6,24,3050,61,29515162.658832,192400.799597,0.489796,0.510204,11786 11881 11893 11989 12002 12091 12115 12119 12132 12224 12343 12359 12467 12971 13253
moead,513_e-05,6,25,3050,61,29513407.872340,191934.884770,0.510204,0.489796,11786 11881 11893 12002 12091 12115 12119 12132 12224 12244 12343 12359 12467 12971 13253
moead,513_e-05,6,26,3050,61,29510241.483217,188512.673853,0.530612,0.469388,11675 11679 11786 11789 11875 11893 11908 12002 12115 12119 12132 12359 12467 12971 13253
moead,513_e-05,6,27,3050,61,29507573.225814,188478.583092,0.551020,0.448980,11675 11774 11786 11789 11875 11893 11908 12002 12119 12132 12239 12359 12479 12971 13253
moead,513_e-05,6,28,3050,61,29503954.325814,188449.366653,0.571429,0.428571,11675 11774 11786 11789 11875 11888 11893 11908 12002 12119 12239 12359 12467 12971 13253
moead,513_e-05,6,29,3050,61,29500065.690034,188427.705109,0.591837,0.408163,11675 11774 11786 11789 11875 11888 11893 11908 12002 12119 12239 12359 12479 12971 13253
moead,513_e-05,6,30,3050,61,29499060.888442,188399.341782,0.612245,0.387755,11675 11679 11786 11789 11875 11888 11893 11908 12002 12119 12239 12359 12479 12971 13253
moead,513_e-05,6,31,3050,61,29496138.667232,188396.115440,0.632653,0.367347,11675 11774 11786 11789 11893 12002 12100 12115 12119 12132 12239 12359 12479 12971 13253
moead,513_e-05,6,32,3050,61,29494189.790943,188263.324440,0.653061,0.346939,11675 11774 11786 11789 11893 11895 12002 12100 12115 12119 12132 12239 12359 12479 13253
moead,513_e-05,6,33,3050,61,29491878.156767,188248.427773,0.673469,0.326531,11679 11777 11786 11789 11893 11895 12002 12100 12115 12119 12132 12239 12359 12479 13253
moead,513_e-05,6,34,3050,61,29485617.936091,187780.328842,0.693878,0.306122,11679 11777 11786 11789 11893 11999 12002 12100 12115 12119 12132 12239 12359 12479 12971
moead,513_e-05,6,35,3050,61,29485617.936091,187780.328842,0.714286,0.285714,11679 11777 11786 11789 11893 11999 12002 12100 12115 12119 12132 12239 12359 12479 12971
moead,513_e-05,6,36,3050,61,29485617.936091,187780.328842,0.734694,0.265306,11679 11777 11786 11789 11893 11999 12002 12100 12115 12119 12132 12239 12359 12479 12971
moead,513_e-05,6,37,3050,61,29485617.936091,187780.328842,0.755102,0.244898,11679 11777 11786 11789 11893 11999 12002 12100 12115 12119 12132 12239 12359 12479 12971
moead,513_e-05,6,38,3050,61,29482312.236905,183661.539865,0.775510,0.224490,11679 11777 11786 11789 11893 11895 12002 12019 12115 12119 12239 12359 12472 12479 12719
moead,513_e-05,6,39,3050,61,29482312.236905,183661.539865,0.795918,0.204082,11679 11777 11786 11789 11893 11895 12002 12019 12115 12119 12239 12359 12472 12479 12719
moead,513_e-05,6,40,3050,61,29478281.616516,183545.444957,0.816327,0.183673,11679 11786 11789 11874 11895 12002 12115 12116 12119 12239 12359 12472 12479 12719 12976
moead,513_e-05,6,41,3050,61,29478281.616516,183545.444957,0.836735,0.163265,11679 11786 11789 11874 11895 12002 12115 12116 12119 12239 12359 12472 12479 12719 12976
moead,513_e-05,6,42,3050,61,29478281.616516,183545.444957,0.857143,0.142857,11679 11786 11789 11874 11895 12002 12115 12116 12119 12239 12359 12472 12479 12719 12976
moead,513_e-05,6,43,3050,61,29476234.265382,183162.558587,0.877551,0.122449,11481 11679 11786 11789 11895 12002 12115 12116 12119 12239 12356 12359 12472 12479 12719
moead,513_e-05,6,44,3050,61,29473358.457912,179917.726909,0.897959,0.102041,11679 11777 11786 11789 11895 12002 12115 12116 12119 12239 12359 12472 12479 12719 12976
moead,513_e-05,6,45,3050,61,29473358.457912,179917.726909,0.918367,0.081633,11679 11777 11786 11789 11895 12002 12115 12116 12119 12239 12359 12472 12479 12719 12976
moead,513_e-05,6,46,3050,61,29472968.692704,179147.504685,0.938776,0.061224,11679 11777 11786 11789 11791 11895 12002 12115 12116 12119 12239 12356 12359 12472 12719
moead,513_e-05,6,47,3050,61,29469447.320885,179145.901849,0.959184,0.040816,11679 11777 11786 11789 11895 12002 12115 12116 12119 12239 12356 12359 12472 12479 12719
moead,513_e-05,6,48,3050,61,29469447.320885,179145.901849,0.979592,0.020408,11679 11777 11786 11789 11895 12002 12115 12116 12119 12239 12356 12359 12472 12479 12719
moead,513_e-05,6,49,3050,61,29469447.320885,179145.901849,1.000000,0.000000,11679 11777 11786 11789 11895 12002 12115 12116 12119 12239 12356 12359 12472 12479 12719
moead,513_e-05,6,0,3100,62,35477614.029802,236183.260254,0.000000,1.000000,1619 14022 14392 15304 37137 47874 56819 71812 96109 98456 109684 110121 123288 156142 182109
moead,513_e-05,6,1,3100,62,30144395.163762,222159.118408,0.020408,0.979592,10253 10424 11212 11225 11800 11986 12262 12476 12687 13237 13540 14040 14358 15288 16379
moead,513_e-05,6,2,3100,62,29912184.518383,217583.576349,0.040816,0.959184,10964 11212 11225 11520 11576 11580 11784 11800 11986 12262 12476 12687 13540 14022 15304
moead,513_e-05,6,3,3100,62,29802211.639210,213130.588364,0.061224,0.938776,10964 11212 11483 11580 11675 11771 11800 11986 12262 12476 12595 12687 14012 14022 15109
moead,513_e-05,6,4,3100,62,29762391.303230,211889.854417,0.081633,0.918367,10964 11212 11225 11576 11580 11674 11784 11999 12233 12262 12360 12595 13540 14022 15109
moead,513_e-05,6,5,3100,62,29701004.449925,208411.721003,0.102041,0.897959,10730 11212 11225 11576 11580 11674 11784 12012 12233 12262 12360 12578 12595 13540 14022
moead,513_e-05,6,6,3100,62,29682697.375100,207778.442730,0.122449,0.877551,10964 11212 11225 11674 11778 11784 12233 12262 12360 12361 12480 12578 12595 13540 14022
moead,513_e-05,6,7,3100,62,29655104.495986,204784.461387,0.142857,0.857143,11212 11225 11576 11579 11784 12233 12262 12360 12361 12480 12578 12595 13540 14022 14708
moead,513_e-05,6,8,3100,62,29626238.787459,204266.092098,0.163265,0.836735,11212 11225 11576 11579 11784 12233 12262 12360 12361 12475 12480 12578 12595 13540 14022
moead,513_e-05,6,9,3100,62,29620581.081152,203642.110870,0.183673,0.816327,11212 11225 11579 11784 11889 12233 12262 12360 12361 12475 12480 12578 12595 13540 14022
moead,513_e-05,6,10,3100,62,29606120.953388,200677.389462,0.204082,0.795918,11212 11225 11576 11579 11784 12233 12262 12360 12361 12475 12480 12578 12595 13540 14708
moead,513_e-05,6,11,3100,62,29587613.567559,200143.781063,0.224490,0.775510,11225 11576 11579 11784 11889 12233 12262 12360 12361 12475 12480 12578 12595 13540 14022
moead,513_e-05,6,12,3100,62,29587613.567559,200143.781063,0.244898,0.755102,11225 11576 11579 11784 11889 12233 12262 12360 12361 12475 12480 12578 12595 13540 14022
moead,513_e-05,6,13,3100,62,29565180.100428,196564.987638,0.265306,0.734694,11212 11225 11674 11675 11771 11789 11894 12115 12119 12132 12343 12359 12467 12971 13253
moead,513_e-05,6,14,3100,62,29565180.100428,196564.987638,0.285714,0.714286,11212 11225 11674 11675 11771 11789 11894 12115 12119 12132 12343 12359 12467 12971 13253
moead,513_e-05,6,15,3100,62,29556789.033054,196484.476250,0.306122,0.693878,11212 11566 11674 11675 11771 11789 11894 12115 12119 12132 12343 12359 12467 12971 13253
moead,513_e-05,6,16,3100,62,29550498.159223,195534.683548,0.326531,0.673469,11212 11225 11674 11675 11771 11894 12226 12233 12240 12361 12479 12595 12725 12971 13253
moead,513_e-05,6,17,3100,62,29547810.102394,195475.170012,0.346939,0.653061,11212 11225 11576 11688 11997 12012 12115 12233 12240 12361 12479 12595 12725 12971 13253
moead,513_e-05,6,18,3100,62,29534098.073299,192994.508498,0.367347,0.632653,11229 11675 11786 11881 11893 11989 12091 12115 12119 12132 12343 12359 12467 12971 13253
moead,513_e-05,6,19,3100,62,29534098.073299,192994.508498,0.387755,0.612245,11229 11675 11786 11881 11893 11989 12091 12115 12119 12132 12343 12359 12467 12971 13253
moead,513_e-05,6,20,3100,62,29527913.486831,192870.363103,0.408163,0.591837,11564 11786 11881 11893 12002 12091 12115 12119 12132 12224 12343 12359 12467 12971 13253
moead,513_e-05,6,21,3100,62,29518841.513518,192404.970189,0.428571,0.571429,11675 11786 11881 11893 11989 12091 12115 12119 12132 12224 12343 12359 12467 12971 13253
moead,513_e-05,6,22,3100,62,29518841.513518,192404.970189,0.448980,0.551020,11675 11786 11881 11893 11989 12091 12115 12119 12132 12224 12343 12359 12467 12971 13253
moead,513_e-05,6,23,3100,62,29518841.513518,192404.970189,0.469388,0.530612,11675 11786 11881 11893 11989 12091 12115 12119 12132 12224 12343 12359 12467 12971 13253
moead,513_e-05,6,24,3100,62,29515162.658832,192400.799597,0.489796,0.510204,11786 11881 11893 11989 12002 12091 12115 12119 12132 12224 12343 12359 12467 12971 13253
moead,513_e-05,6,25,3100,62,29513407.872340,191934.884770,0.510204,0.489796,11786 11881 11893 12002 12091 12115 12119 12132 12224 12244 12343 12359 12467 12971 13253
moead,513_e-05,6,26,3100,62,29510241.483217,188512.673853,0.530612,0.469388,11675 11679 11786 11789 11875 11893 11908 12002 12115 12119 12132 12359 12467 12971 13253
moead,513_e-05,6,27,3100,62,29507573.225814,188478.583092,0.551020,0.448980,11675 11774 11786 11789 11875 11893 11908 12002 12119 12132 12239 12359 12479 12971 13253
moead,513_e-05,6,28,3100,62,29503954.325814,188449.366653,0.571429,0.428571,11675 11774 11786 11789 11875 11888 11893 11908 12002 12119 12239 12359 12467 12971 13253
moead,513_e-05,6,29,3100,62,29498765.107814,188427.705109,0.591837,0.408163,11675 11774 11786 11875 11888 11893 11894 11908 12002 12119 12239 12359 12479 12971 13253
moead,513_e-05,6,30,3100,62,29498765.107814,188427.705109,0.612245,0.387755,11675 11774 11786 11875 11888 11893 11894 11908 12002 12119 12239 12359 12479 12971 13253
moead,513_e-05,6,31,3100,62,29496138.667232,188396.115440,0.632653,0.367347,11675 11774 11786 11789 11893 12002 12100 12115 12119 12132 12239 12359 12479 12971 13253
moead,513_e-05,6,32,3100,62,29494189.790943,188263.324440,0.653061,0.346939,11675 11774 11786 11789 11893 11895 12002 12100 12115 12119 12132 12239 12359 12479 13253
moead,513_e-05,6,33,3100,62,29491878.156767,188248.427773,0.673469,0.326531,11679 11777 11786 11789 11893 11895 12002 12100 12115 12119 12132 12239 12359 12479 13253
moead,513_e-05,6,34,3100,62,29485617.936091,187780.328842,0.693878,0.306122,11679 11777 11786 11789 11893 11999 12002 12100 12115 12119 12132 12239 12359 12479 12971
moead,513_e-05,6,35,3100,62,29485617.936091,187780.328842,0.714286,0.285714,11679 11777 11786 11789 11893 11999 12002 12100 12115 12119 12132 12239 12359 12479 12971
moead,513_e-05,6,36,3100,62,29485617.936091,187780.328842,0.734694,0.265306,11679 11777 11786 11789 11893 11999 12002 12100 12115 12119 12132 12239 12359 12479 12971
moead,513_e-05,6,37,3100,62,29484903.971281,187668.229454,0.755102,0.244898,11679 11777 11786 11789 11893 11999 12002 12100 12115 12119 12132 12225 12239 12359 12479
moead,513_e-05,6,38,3100,62,29482312.236905,183661.539865,0.775510,0.224490,11679 11777 11786 11789 11893 11895 12002 12019 12115 12119 12239 12359 12472 12479 12719
moead,513_e-05,6,39,3100,62,29482312.236905,183661.539865,0.795918,0.204082,11679 11777 11786 11789 11893 11895 12002 12019 12115 12119 12239 12359 12472 12479 12719
moead,513_e-05,6,40,3100,62,29478281.616516,183545.444957,0.816327,0.183673,11679 11786 11789 11874 11895 12002 12115 12116 12119 12239 12359 12472 12479 12719 12976
moead,513_e-05,6,41,3100,62,29478281.616516,183545.444957,0.836735,0.163265,11679 11786 11789 11874 11895 12002 12115 12116 12119 12239 12359 12472 12479 12719 12976
moead,513_e-05,6,42,3100,62,29478281.616516,183545.444957,0.857143,0.142857,11679 11786 11789 11874 11895 12002 12115 12116 12119 12239 12359 12472 12479 12719 12976
moead,513_e-05,6,43,3100,62,29476234.265382,183162.558587,0.877551,0.122449,11481 11679 11786 11789 11895 12002 12115 12116 12119 12239 12356 12359 12472 12479 12719
moead,513_e-05,6,44,3100,62,29473358.457912,179917.726909,0.897959,0.102041,11679 11777 11786 11789 11895 12002 12115 12116 12119 12239 12359 12472 12479 12719 12976
moead,513_e-05,6,45,3100,62,29473358.457912,179917.726909,0.918367,0.081633,11679 11777 11786 11789 11895 12002 12115 12116 12119 12239 12359 12472 12479 12719 12976
moead,513_e-05,6,46,3100,62,29472968.692704,179147.504685,0.938776,0.061224,11679 11777 11786 11789 11791 11895 12002 12115 12116 12119 12239 12356 12359 12472 12719
moead,513_e-05,6,47,3100,62,29469447.320885,179145.901849,0.959184,0.040816,11679 11777 11786 11789 11895 12002 12115 12116 12119 12239 12356 12359 12472 12479 12719
moead,513_e-05,6,48,3100,62,29469447.320885,179145.901849,0.979592,0.020408,11679 11777 11786 11789 11895 12002 12115 12116 12119 12239 12356 12359 12472 12479 12719
moead,513_e-05,6,49,3100,62,29469447.320885,179145.901849,1.000000,0.000000,11679 11777 11786 11789 11895 12002 12115 12116 12119 12239 12356 12359 12472 12479 12719
moead,513_e-05,6,0,3150,63,34931494.310699,236183.260254,0.000000,1.000000,12687 13540 14022 14392 15304 30240 34767 37137 63719 85259 104748 105651 109684 123288 128797
moead,513_e-05,6,1,3150,63,30144395.163762,222159.118408,0.020408,0.979592,10253 10424 11212 11225 11800 11986 12262 12476 12687 13237 13540 14040 14358 15288 16379
moead,513_e-05,6,2,3150,63,29912184.518383,217583.576349,0.040816,0.959184,10964 11212 11225 11520 11576 11580 11784 11800 11986 12262 12476 12687 13540 14022 15304
moead,513_e-05,6,3,3150,63,29802211.639210,213130.588364,0.061224,0.938776,10964 11212 11483 11580 11675 11771 11800 11986 12262 12476 12595 12687 14012 14022 15109
moead,513_e-05,6,4,3150,63,29762391.303230,211889.854417,0.081633,0.918367,10964 11212 11225 11576 11580 11674 11784 11999 12233 12262 12360 12595 13540 14022 15109
moead,513_e-05,6,5,3150,63,29701004.449925,208411.721003,0.102041,0.897959,10730 11212 11225 11576 11580 11674 11784 12012 12233 12262 12360 12578 12595 13540 14022
moead,513_e-05,6,6,3150,63,29682697.375100,207778.442730,0.122449,0.877551,10964 11212 11225 11674 11778 11784 12233 12262 12360 12361 12480 12578 12595 13540 14022
moead,513_e-05,6,7,3150,63,29655104.495986,204784.461387,0.142857,0.857143,11212 11225 11576 11579 11784 12233 12262 12360 12361 12480 12578 12595 13540 14022 14708
moead,513_e-05,6,8,3150,63,29626238.787459,204266.092098,0.163265,0.836735,11212 11225 11576 11579 11784 12233 12262 12360 12361 12475 12480 12578 12595 13540 14022
moead,513_e-05,6,9,3150,63,29620581.081152,203642.110870,0.183673,0.816327,11212 11225 11579 11784 11889 12233 12262 12360 12361 12475 12480 12578 12595 13540 14022
moead,513_e-05,6,10,3150,63,29606120.953388,200677.389462,0.204082,0.795918,11212 11225 11576 11579 11784 12233 12262 12360 12361 12475 12480 12578 12595 13540 14708
moead,513_e-05,6,11,3150,63,29587613.567559,200143.781063,0.224490,0.775510,11225 11576 11579 11784 11889 12233 12262 12360 12361 12475 12480 12578 12595 13540 14022
moead,513_e-05,6,12,3150,63,29587613.567559,200143.781063,0.244898,0.755102,11225 11576 11579 11784 11889 12233 12262 12360 12361 12475 12480 12578 12595 13540 14022
moead,513_e-05,6,13,3150,63,29578462.334176,196841.600226,0.265306,0.734694,11212 11225 11576 11579 11784 12233 12262 12360 12361 12475 12480 12578 12595 12971 13253
moead,513_e-05,6,14,3150,63,29565180.100428,196564.987638,0.285714,0.714286,11212 11225 11674 11675 11771 11789 11894 12115 12119 12132 12343 12359 12467 12971 13253
moead,513_e-05,6,15,3150,63,29556789.033054,196484.476250,0.306122,0.693878,11212 11566 11674 11675 11771 11789 11894 12115 12119 12132 12343 12359 12467 12971 13253
moead,513_e-05,6,16,3150,63,29550498.159223,195534.683548,0.326531,0.673469,11212 11225 11674 11675 11771 11894 12226 12233 12240 12361 12479 12595 12725 12971 13253
moead,513_e-05,6,17,3150,63,29547810.102394,195475.170012,0.346939,0.653061,11212 11225 11576 11688 11997 12012 12115 12233 12240 12361 12479 12595 12725 12971 13253
moead,513_e-05,6,18,3150,63,29534098.073299,192994.508498,0.367347,0.632653,11229 11675 11786 11881 11893 11989 12091 12115 12119 12132 12343 12359 12467 12971 13253
moead,513_e-05,6,19,3150,63,29534098.073299,192994.508498,0.387755,0.612245,11229 11675 11786 11881 11893 11989 12091 12115 12119 12132 12343 12359 12467 12971 13253
moead,513_e-05,6,20,3150,63,29527913.486831,192870.363103,0.408163,0.591837,11564 11786 11881 11893 12002 12091 12115 12119 12132 12224 12343 12359 12467 12971 13253
moead,513_e-05,6,21,3150,63,29518841.513518,192404.970189,0.428571,0.571429,11675 11786 11881 11893 11989 12091 12115 12119 12132 12224 12343 12359 12467 12971 13253
moead,513_e-05,6,22,3150,63,29518841.513518,192404.970189,0.448980,0.551020,11675 11786 11881 11893 11989 12091 12115 12119 12132 12224 12343 12359 12467 12971 13253
moead,513_e-05,6,23,3150,63,29518841.513518,192404.970189,0.469388,0.530612,11675 11786 11881 11893 11989 12091 12115 12119 12132 12224 12343 12359 12467 12971 13253
moead,513_e-05,6,24,3150,63,29515162.658832,192400.799597,0.489796,0.510204,11786 11881 11893 11989 12002 12091 12115 12119 12132 12224 12343 12359 12467 12971 13253
moead,513_e-05,6,25,3150,63,29513407.872340,191934.884770,0.510204,0.489796,11786 11881 11893 12002 12091 12115 12119 12132 12224 12244 12343 12359 12467 12971 13253
moead,513_e-05,6,26,3150,63,29510241.483217,188512.673853,0.530612,0.469388,11675 11679 11786 11789 11875 11893 11908 12002 12115 12119 12132 12359 12467 12971 13253
moead,513_e-05,6,27,3150,63,29507573.225814,188478.583092,0.551020,0.448980,11675 11774 11786 11789 11875 11893 11908 12002 12119 12132 12239 12359 12479 12971 13253
moead,513_e-05,6,28,3150,63,29503954.325814,188449.366653,0.571429,0.428571,11675 11774 11786 11789 11875 11888 11893 11908 12002 12119 12239 12359 12467 12971 13253
moead,513_e-05,6,29,3150,63,29498765.107814,188427.705109,0.591837,0.408163,11675 11774 11786 11875 11888 11893 11894 11908 12002 12119 12239 12359 12479 12971 13253
moead,513_e-05,6,30,3150,63,29498765.107814,188427.705109,0.612245,0.387755,11675 11774 11786 11875 11888 11893 11894 11908 12002 12119 12239 12359 12479 12971 13253
moead,513_e-05,6,31,3150,63,29496138.667232,188396.115440,0.632653,0.367347,11675 11774 11786 11789 11893 12002 12100 12115 12119 12132 12239 12359 12479 12971 13253
moead,513_e-05,6,32,3150,63,29494189.790943,188263.324440,0.653061,0.346939,11675 11774 11786 11789 11893 11895 12002 12100 12115 12119 12132 12239 12359 12479 13253
moead,513_e-05,6,33,3150,63,29491878.156767,188248.427773,0.673469,0.326531,11679 11777 11786 11789 11893 11895 12002 12100 12115 12119 12132 12239 12359 12479 13253
moead,513_e-05,6,34,3150,63,29489479.060307,187799.769615,0.693878,0.306122,11675 11774 11786 11789 11893 11895 12002 12100 12115 12119 12132 12239 12359 12479 12971
moead,513_e-05,6,35,3150,63,29485617.936091,187780.328842,0.714286,0.285714,11679 11777 11786 11789 11893 11999 12002 12100 12115 12119 12132 12239 12359 12479 12971
moead,513_e-05,6,36,3150,63,29485617.936091,187780.328842,0.734694,0.265306,11679 11777 11786 11789 11893 11999 12002 12100 12115 12119 12132 12239 12359 12479 12971
moead,513_e-05,6,37,3150,63,29484903.971281,187668.229454,0.755102,0.244898,11679 11777 11786 11789 11893 11999 12002 12100 12115 12119 12132 12225 12239 12359 12479
moead,513_e-05,6,38,3150,63,29482312.236905,183661.539865,0.775510,0.224490,11679 11777 11786 11789 11893 11895 12002 12019 12115 12119 12239 12359 12472 12479 12719
moead,513_e-05,6,39,3150,63,29482312.236905,183661.539865,0.795918,0.204082,11679 11777 11786 11789 11893 11895 12002 12019 12115 12119 12239 12359 12472 12479 12719
moead,513_e-05,6,40,3150,63,29478281.616516,183545.444957,0.816327,0.183673,11679 11786 11789 11874 11895 12002 12115 12116 12119 12239 12359 12472 12479 12719 12976
moead,513_e-05,6,41,3150,63,29478281.616516,183545.444957,0.836735,0.163265,11679 11786 11789 11874 11895 12002 12115 12116 12119 12239 12359 12472 12479 12719 12976
moead,513_e-05,6,42,3150,63,29478281.616516,183545.444957,0.857143,0.142857,11679 11786 11789 11874 11895 12002 12115 12116 12119 12239 12359 12472 12479 12719 12976
moead,513_e-05,6,43,3150,63,29476234.265382,183162.558587,0.877551,0.122449,11481 11679 11786 11789 11895 12002 12115 12116 12119 12239 12356 12359 12472 12479 12719
moead,513_e-05,6,44,3150,63,29473358.457912,179917.726909,0.897959,0.102041,11679 11777 11786 11789 11895 12002 12115 12116 12119 12239 12359 12472 12479 12719 12976
moead,513_e-05,6,45,3150,63,29473358.457912,179917.726909,0.918367,0.081633,11679 11777 11786 11789 11895 12002 12115 12116 12119 12239 12359 12472 12479 12719 12976
moead,513_e-05,6,46,3150,63,29472968.692704,179147.504685,0.938776,0.061224,11679 11777 11786 11789 11791 11895 12002 12115 12116 12119 12239 12356 12359 12472 12719
moead,513_e-05,6,47,3150,63,29469447.320885,179145.901849,0.959184,0.040816,11679 11777 11786 11789 11895 12002 12115 12116 12119 12239 12356 12359 12472 12479 12719
moead,513_e-05,6,48,3150,63,29469447.320885,179145.901849,0.979592,0.020408,11679 11777 11786 11789 11895 12002 12115 12116 12119 12239 12356 12359 12472 12479 12719
moead,513_e-05,6,49,3150,63,29469447.320885,179145.901849,1.000000,0.000000,11679 11777 11786 11789 11895 12002 12115 12116 12119 12239 12356 12359 12472 12479 12719
moead,513_e-05,6,0,3200,64,35171972.594714,236183.260254,0.000000,1.000000,12957 13540 14022 14392 15304 28373 30240 34767 37137 63719 71350 73595 93059 101649 109684
moead,513_e-05,6,1,3200,64,30144395.163762,222159.118408,0.020408,0.979592,10253 10424 11212 11225 11800 11986 12262 12476 12687 13237 13540 14040 14358 15288 16379
moead,513_e-05,6,2,3200,64,29912184.518383,217583.576349,0.040816,0.959184,10964 11212 11225 11520 11576 11580 11784 11800 11986 12262 12476 12687 13540 14022 15304
moead,513_e-05,6,3,3200,64,29802211.639210,213130.588364,0.061224,0.938776,10964 11212 11483 11580 11675 11771 11800 11986 12262 12476 12595 12687 14012 14022 15109
moead,513_e-05,6,4,3200,64,29762391.303230,211889.854417,0.081633,0.918367,10964 11212 11225 11576 11580 11674 11784 11999 12233 12262 12360 12595 13540 14022 15109
moead,513_e-05,6,5,3200,64,29701004.449925,208411.721003,0.102041,0.897959,10730 11212 11225 11576 11580 11674 11784 12012 12233 12262 12360 12578 12595 13540 14022
moead,513_e-05,6,6,3200,64,29682697.375100,207778.442730,0.122449,0.877551,10964 11212 11225 11674 11778 11784 12233 12262 12360 12361 12480 12578 12595 13540 14022
moead,513_e-05,6,7,3200,64,29655104.495986,204784.461387,0.142857,0.857143,11212 11225 11576 11579 11784 12233 12262 12360 12361 12480 12578 12595 13540 14022 14708
moead,513_e-05,6,8,3200,64,29626238.787459,204266.092098,0.163265,0.836735,11212 11225 11576 11579 11784 12233 12262 12360 12361 12475 12480 12578 12595 13540 14022
moead,513_e-05,6,9,3200,64,29620581.081152,203642.110870,0.183673,0.816327,11212 11225 11579 11784 11889 12233 12262 12360 12361 12475 12480 12578 12595 13540 14022
moead,513_e-05,6,10,3200,64,29606120.953388,200677.389462,0.204082,0.795918,11212 11225 11576 11579 11784 12233 12262 12360 12361 12475 12480 12578 12595 13540 14708
moead,513_e-05,6,11,3200,64,29587613.567559,200143.781063,0.224490,0.775510,11225 11576 11579 11784 11889 12233 12262 12360 12361 12475 12480 12578 12595 13540 14022
moead,513_e-05,6,12,3200,64,29587613.567559,200143.781063,0.244898,0.755102,11225 11576 11579 11784 11889 12233 12262 12360 12361 12475 12480 12578 12595 13540 14022
moead,513_e-05,6,13,3200,64,29578462.334176,196841.600226,0.265306,0.734694,11212 11225 11576 11579 11784 12233 12262 12360 12361 12475 12480 12578 12595 12971 13253
moead,513_e-05,6,14,3200,64,29564377.808185,196577.461933,0.285714,0.714286,11212 11225 11576 11579 11784 11789 11894 12115 12119 12132 12343 12359 12467 12971 13253
moead,513_e-05,6,15,3200,64,29556789.033054,196484.476250,0.306122,0.693878,11212 11566 11674 11675 11771 11789 11894 12115 12119 12132 12343 12359 12467 12971 13253
moead,513_e-05,6,16,3200,64,29550498.159223,195534.683548,0.326531,0.673469,11212 11225 11674 11675 11771 11894 12226 12233 12240 12361 12479 12595 12725 12971 13253
moead,513_e-05,6,17,3200,64,29547810.102394,195475.170012,0.346939,0.653061,11212 11225 11576 11688 11997 12012 12115 12233 12240 12361 12479 12595 12725 12971 13253
moead,513_e-05,6,18,3200,64,29534098.073299,192994.508498,0.367347,0.632653,11229 11675 11786 11881 11893 11989 12091 12115 12119 12132 12343 12359 12467 12971 13253
moead,513_e-05,6,19,3200,64,29534098.073299,192994.508498,0.387755,0.612245,11229 11675 11786 11881 11893 11989 12091 12115 12119 12132 12343 12359 12467 12971 13253
moead,513_e-05,6,20,3200,64,29527913.486831,192870.363103,0.408163,0.591837,11564 11786 11881 11893 12002 12091 12115 12119 12132 12224 12343 12359 12467 12971 13253
moead,513_e-05,6,21,3200,64,29518841.513518,192404.970189,0.428571,0.571429,11675 11786 11881 11893 11989 12091 12115 12119 12132 12224 12343 12359 12467 12971 13253
moead,513_e-05,6,22,3200,64,29518841.513518,192404.970189,0.448980,0.551020,11675 11786 11881 11893 11989 12091 12115 12119 12132 12224 12343 12359 12467 12971 13253
moead,513_e-05,6,23,3200,64,29518841.513518,192404.970189,0.469388,0.530612,11675 11786 11881 11893 11989 12091 12115 12119 12132 12224 12343 12359 12467 12971 13253
moead,513_e-05,6,24,3200,64,29515162.658832,192400.799597,0.489796,0.510204,11786 11881 11893 11989 12002 12091 12115 12119 12132 12224 12343 12359 12467 12971 13253
moead,513_e-05,6,25,3200,64,29513407.872340,191934.884770,0.510204,0.489796,11786 11881 11893 12002 12091 12115 12119 12132 12224 12244 12343 12359 12467 12971 13253
moead,513_e-05,6,26,3200,64,29510241.483217,188512.673853,0.530612,0.469388,11675 11679 11786 11789 11875 11893 11908 12002 12115 12119 12132 12359 12467 12971 13253
moead,513_e-05,6,27,3200,64,29506411.752172,188485.433117,0.551020,0.448980,11774 11786 11789 11875 11881 11893 11908 12002 12119 12132 12239 12359 12479 12971 13253
moead,513_e-05,6,28,3200,64,29503954.325814,188449.366653,0.571429,0.428571,11675 11774 11786 11789 11875 11888 11893 11908 12002 12119 12239 12359 12467 12971 13253
moead,513_e-05,6,29,3200,64,29498765.107814,188427.705109,0.591837,0.408163,11675 11774 11786 11875 11888 11893 11894 11908 12002 12119 12239 12359 12479 12971 13253
moead,513_e-05,6,30,3200,64,29498765.107814,188427.705109,0.612245,0.387755,11675 11774 11786 11875 11888 11893 11894 11908 12002 12119 12239 12359 12479 12971 13253
moead,513_e-05,6,31,3200,64,29496138.667232,188396.115440,0.632653,0.367347,11675 11774 11786 11789 11893 12002 12100 12115 12119 12132 12239 12359 12479 12971 13253
moead,513_e-05,6,32,3200,64,29494189.790943,188263.324440,0.653061,0.346939,11675 11774 11786 11789 11893 11895 12002 12100 12115 12119 12132 12239 12359 12479 13253
moead,513_e-05,6,33,3200,64,29491878.156767,188248.427773,0.673469,0.326531,11679 11777 11786 11789 11893 11895 12002 12100 12115 12119 12132 12239 12359 12479 13253
moead,513_e-05,6,34,3200,64,29488274.244046,188134.083740,0.693878,0.306122,11679 11777 11786 11789 11893 11895 11990 12002 12115 12119 12132 12239 12359 12479 13253
moead,513_e-05,6,35,3200,64,29488274.244046,188134.083740,0.714286,0.285714,11679 11777 11786 11789 11893 11895 11990 12002 12115 12119 12132 12239 12359 12479 13253
moead,513_e-05,6,36,3200,64,29485617.936091,187780.328842,0.734694,0.265306,11679 11777 11786 11789 11893 11999 12002 12100 12115 12119 12132 12239 12359 12479 12971
moead,513_e-05,6,37,3200,64,29484903.971281,187668.229454,0.755102,0.244898,11679 11777 11786 11789 11893 11999 12002 12100 12115 12119 12132 12225 12239 12359 12479
moead,513_e-05,6,38,3200,64,29482312.236905,183661.539865,0.775510,0.224490,11679 11777 11786 11789 11893 11895 12002 12019 12115 12119 12239 12359 12472 12479 12719
moead,513_e-05,6,39,3200,64,29482312.236905,183661.539865,0.795918,0.204082,11679 11777 11786 11789 11893 11895 12002 12019 12115 12119 12239 12359 12472 12479 12719
moead,513_e-05,6,40,3200,64,29478281.616516,183545.444957,0.816327,0.183673,11679 11786 11789 11874 11895 12002 12115 12116 12119 12239 12359 12472 12479 12719 12976
moead,513_e-05,6,41,3200,64,29478281.616516,183545.444957,0.836735,0.163265,11679 11786 11789 11874 11895 12002 12115 12116 12119 12239 12359 12472 12479 12719 12976
moead,513_e-05,6,42,3200,64,29478281.616516,183545.444957,0.857143,0.142857,11679 11786 11789 11874 11895 12002 12115 12116 12119 12239 12359 12472 12479 12719 12976
moead,513_e-05,6,43,3200,64,29476234.265382,183162.558587,0.877551,0.122449,11481 11679 11786 11789 11895 12002 12115 12116 12119 12239 12356 12359 12472 12479 12719
moead,513_e-05,6,44,3200,64,29473358.457912,179917.726909,0.897959,0.102041,11679 11777 11786 11789 11895 12002 12115 12116 12119 12239 12359 12472 12479 12719 12976
moead,513_e-05,6,45,3200,64,29473358.457912,179917.726909,0.918367,0.081633,11679 11777 11786 11789 11895 12002 12115 12116 12119 12239 12359 12472 12479 12719 12976
moead,513_e-05,6,46,3200,64,29471587.334979,179196.512000,0.938776,0.061224,11679 11777 11786 11789 11895 12002 12115 12116 12119 12239 12356 12359 12472 12479 12973
moead,513_e-05,6,47,3200,64,29471587.334979,179196.512000,0.959184,0.040816,11679 11777 11786 11789 11895 12002 12115 12116 12119 12239 12356 12359 12472 12479 12973
moead,513_e-05,6,48,3200,64,29469447.320885,179145.901849,0.979592,0.020408,11679 11777 11786 11789 11895 12002 12115 12116 12119 12239 12356 12359 12472 12479 12719
moead,513_e-05,6,49,3200,64,29469447.320885,179145.901849,1.000000,0.000000,11679 11777 11786 11789 11895 12002 12115 12116 12119 12239 12356 12359 12472 12479 12719
moead,513_e-05,6,0,3250,65,36717402.394031,236183.260254,0.000000,1.000000,1544 6142 13540 14392 17562 30240 37137 40205 63719 79548 101649 109684 125276 161685 168679
moead,513_e-05,6,1,3250,65,30144395.163762,222159.118408,0.020408,0.979592,10253 10424 11212 11225 11800 11986 12262 12476 12687 13237 13540 14040 14358 15288 16379
moead,513_e-05,6,2,3250,65,29911687.858762,217583.576349,0.040816,0.959184,10964 11212 11225 11520 11576 11580 11784 11800 11986 12262 12476 12687 13540 14022 15109
moead,513_e-05,6,3,3250,65,29802211.639210,213130.588364,0.061224,0.938776,10964 11212 11483 11580 11675 11771 11800 11986 12262 12476 12595 12687 14012 14022 15109
moead,513_e-05,6,4,3250,65,29762391.303230,211889.854417,0.081633,0.918367,10964 11212 11225 11576 11580 11674 11784 11999 12233 12262 12360 12595 13540 14022 15109
moead,513_e-05,6,5,3250,65,29695967.099759,208411.721003,0.102041,0.897959,10964 11212 11225 11576 11580 11674 11784 12012 12233 12262 12360 12578 12595 13540 14022
moead,513_e-05,6,6,3250,65,29682697.375100,207778.442730,0.122449,0.877551,10964 11212 11225 11674 11778 11784 12233 12262 12360 12361 12480 12578 12595 13540 14022
moead,513_e-05,6,7,3250,65,29655104.495986,204784.461387,0.142857,0.857143,11212 11225 11576 11579 11784 12233 12262 12360 12361 12480 12578 12595 13540 14022 14708
moead,513_e-05,6,8,3250,65,29626238.787459,204266.092098,0.163265,0.836735,11212 11225 11576 11579 11784 12233 12262 12360 12361 12475 12480 12578 12595 13540 14022
moead,513_e-05,6,9,3250,65,29620581.081152,203642.110870,0.183673,0.816327,11212 11225 11579 11784 11889 12233 12262 12360 12361 12475 12480 12578 12595 13540 14022
moead,513_e-05,6,10,3250,65,29606120.953388,200677.389462,0.204082,0.795918,11212 11225 11576 11579 11784 12233 12262 12360 12361 12475 12480 12578 12595 13540 14708
moead,513_e-05,6,11,3250,65,29587613.567559,200143.781063,0.224490,0.775510,11225 11576 11579 11784 11889 12233 12262 12360 12361 12475 12480 12578 12595 13540 14022
moead,513_e-05,6,12,3250,65,29587613.567559,200143.781063,0.244898,0.755102,11225 11576 11579 11784 11889 12233 12262 12360 12361 12475 12480 12578 12595 13540 14022
moead,513_e-05,6,13,3250,65,29578462.334176,196841.600226,0.265306,0.734694,11212 11225 11576 11579 11784 12233 12262 12360 12361 12475 12480 12578 12595 12971 13253
moead,513_e-05,6,14,3250,65,29564377.808185,196577.461933,0.285714,0.714286,11212 11225 11576 11579 11784 11789 11894 12115 12119 12132 12343 12359 12467 12971 13253
moead,513_e-05,6,15,3250,65,29556789.033054,196484.476250,0.306122,0.693878,11212 11566 11674 11675 11771 11789 11894 12115 12119 12132 12343 12359 12467 12971 13253
moead,513_e-05,6,16,3250,65,29550498.159223,195534.683548,0.326531,0.673469,11212 11225 11674 11675 11771 11894 12226 12233 12240 12361 12479 12595 12725 12971 13253
moead,513_e-05,6,17,3250,65,29547810.102394,195475.170012,0.346939,0.653061,11212 11225 11576 11688 11997 12012 12115 12233 12240 12361 12479 12595 12725 12971 13253
moead,513_e-05,6,18,3250,65,29540677.165876,193070.679581,0.367347,0.632653,11229 11488 11675 11786 11881 11893 11989 12091 12119 12132 12343 12359 12467 12971 13253
moead,513_e-05,6,19,3250,65,29534098.073299,192994.508498,0.387755,0.612245,11229 11675 11786 11881 11893 11989 12091 12115 12119 12132 12343 12359 12467 12971 13253
moead,513_e-05,6,20,3250,65,29527913.486831,192870.363103,0.408163,0.591837,11564 11786 11881 11893 12002 12091 12115 12119 12132 12224 12343 12359 12467 12971 13253
moead,513_e-05,6,21,3250,65,29518841.513518,192404.970189,0.428571,0.571429,11675 11786 11881 11893 11989 12091 12115 12119 12132 12224 12343 12359 12467 12971 13253
moead,513_e-05,6,22,3250,65,29518841.513518,192404.970189,0.448980,0.551020,11675 11786 11881 11893 11989 12091 12115 12119 12132 12224 12343 12359 12467 12971 13253
moead,513_e-05,6,23,3250,65,29518841.513518,192404.970189,0.469388,0.530612,11675 11786 11881 11893 11989 12091 12115 12119 12132 12224 12343 12359 12467 12971 13253
moead,513_e-05,6,24,3250,65,29515162.658832,192400.799597,0.489796,0.510204,11786 11881 11893 11989 12002 12091 12115 12119 12132 12224 12343 12359 12467 12971 13253
moead,513_e-05,6,25,3250,65,29513407.872340,191934.884770,0.510204,0.489796,11786 11881 11893 12002 12091 12115 12119 12132 12224 12244 12343 12359 12467 12971 13253
moead,513_e-05,6,26,3250,65,29510241.483217,188512.673853,0.530612,0.469388,11675 11679 11786 11789 11875 11893 11908 12002 12115 12119 12132 12359 12467 12971 13253
moead,513_e-05,6,27,3250,65,29506411.752172,188485.433117,0.551020,0.448980,11774 11786 11789 11875 11881 11893 11908 12002 12119 12132 12239 12359 12479 12971 13253
moead,513_e-05,6,28,3250,65,29503954.325814,188449.366653,0.571429,0.428571,11675 11774 11786 11789 11875 11888 11893 11908 12002 12119 12239 12359 12467 12971 13253
moead,513_e-05,6,29,3250,65,29498765.107814,188427.705109,0.591837,0.408163,11675 11774 11786 11875 11888 11893 11894 11908 12002 12119 12239 12359 12479 12971 13253
moead,513_e-05,6,30,3250,65,29498765.107814,188427.705109,0.612245,0.387755,11675 11774 11786 11875 11888 11893 11894 11908 12002 12119 12239 12359 12479 12971 13253
moead,513_e-05,6,31,3250,65,29496138.667232,188396.115440,0.632653,0.367347,11675 11774 11786 11789 11893 12002 12100 12115 12119 12132 12239 12359 12479 12971 13253
moead,513_e-05,6,32,3250,65,29494189.790943,188263.324440,0.653061,0.346939,11675 11774 11786 11789 11893 11895 12002 12100 12115 12119 12132 12239 12359 12479 13253
moead,513_e-05,6,33,3250,65,29491878.156767,188248.427773,0.673469,0.326531,11679 11777 11786 11789 11893 11895 12002 12100 12115 12119 12132 12239 12359 12479 13253
moead,513_e-05,6,34,3250,65,29488274.244046,188134.083740,0.693878,0.306122,11679 11777 11786 11789 11893 11895 11990 12002 12115 12119 12132 12239 12359 12479 13253
moead,513_e-05,6,35,3250,65,29488274.244046,188134.083740,0.714286,0.285714,11679 11777 11786 11789 11893 11895 11990 12002 12115 12119 12132 12239 12359 12479 13253
moead,513_e-05,6,36,3250,65,29485617.936091,187780.328842,0.734694,0.265306,11679 11777 11786 11789 11893 11999 12002 12100 12115 12119 12132 12239 12359 12479 12971
moead,513_e-05,6,37,3250,65,29484903.971281,187668.229454,0.755102,0.244898,11679 11777 11786 11789 11893 11999 12002 12100 12115 12119 12132 12225 12239 12359 12479
moead,513_e-05,6,38,3250,65,29482312.236905,183661.539865,0.775510,0.224490,11679 11777 11786 11789 11893 11895 12002 12019 12115 12119 12239 12359 12472 12479 12719
moead,513_e-05,6,39,3250,65,29482312.236905,183661.539865,0.795918,0.204082,11679 11777 11786 11789 11893 11895 12002 12019 12115 12119 12239 12359 12472 12479 12719
moead,513_e-05,6,40,3250,65,29478281.616516,183545.444957,0.816327,0.183673,11679 11786 11789 11874 11895 12002 12115 12116 12119 12239 12359 12472 12479 12719 12976
moead,513_e-05,6,41,3250,65,29478281.616516,183545.444957,0.836735,0.163265,11679 11786 11789 11874 11895 12002 12115 12116 12119 12239 12359 12472 12479 12719 12976
moead,513_e-05,6,42,3250,65,29478281.616516,183545.444957,0.857143,0.142857,11679 11786 11789 11874 11895 12002 12115 12116 12119 12239 12359 12472 12479 12719 12976
moead,513_e-05,6,43,3250,65,29473578.214967,183162.558587,0.877551,0.122449,11481 11679 11786 11895 12002 12112 12115 12116 12119 12239 12356 12359 12472 12479 12719
moead,513_e-05,6,44,3250,65,29473578.214967,183162.558587,0.897959,0.102041,11481 11679 11786 11895 12002 12112 12115 12116 12119 12239 12356 12359 12472 12479 12719
moead,513_e-05,6,45,3250,65,29473578.214967,183162.558587,0.918367,0.081633,11481 11679 11786 11895 12002 12112 12115 12116 12119 12239 12356 12359 12472 12479 12719
moead,513_e-05,6,46,3250,65,29471587.334979,179196.512000,0.938776,0.061224,11679 11777 11786 11789 11895 12002 12115 12116 12119 12239 12356 12359 12472 12479 12973
moead,513_e-05,6,47,3250,65,29471587.334979,179196.512000,0.959184,0.040816,11679 11777 11786 11789 11895 12002 12115 12116 12119 12239 12356 12359 12472 12479 12973
moead,513_e-05,6,48,3250,65,29469447.320885,179145.901849,0.979592,0.020408,11679 11777 11786 11789 11895 12002 12115 12116 12119 12239 12356 12359 12472 12479 12719
moead,513_e-05,6,49,3250,65,29469447.320885,179145.901849,1.000000,0.000000,11679 11777 11786 11789 11895 12002 12115 12116 12119 12239 12356 12359 12472 12479 12719
moead,513_e-05,6,0,3300,66,38230578.974919,236183.260254,0.000000,1.000000,1544 6142 30240 37137 40205 79548 101649 109684 117881 125276 129378 132084 155819 161685 168679
moead,513_e-05,6,1,3300,66,30144395.163762,222159.118408,0.020408,0.979592,10253 10424 11212 11225 11800 11986 12262 12476 12687 13237 13540 14040 14358 15288 16379
moead,513_e-05,6,2,3300,66,29911687.858762,217583.576349,0.040816,0.959184,10964 11212 11225 11520 11576 11580 11784 11800 11986 12262 12476 12687 13540 14022 15109
moead,513_e-05,6,3,3300,66,29802211.639210,213130.588364,0.061224,0.938776,10964 11212 11483 11580 11675 11771 11800 11986 12262 12476 12595 12687 14012 14022 15109
moead,513_e-05,6,4,3300,66,29762391.303230,211889.854417,0.081633,0.918367,10964 11212 11225 11576 11580 11674 11784 11999 12233 12262 12360 12595 13540 14022 15109
moead,513_e-05,6,5,3300,66,29695293.353454,208460.692549,0.102041,0.897959,10964 11212 11225 11576 11580 11674 11784 12233 12262 12360 12578 12595 12837 13540 14022
moead,513_e-05,6,6,3300,66,29682697.375100,207778.442730,0.122449,0.877551,10964 11212 11225 11674 11778 11784 12233 12262 12360 12361 12480 12578 12595 13540 14022
moead,513_e-05,6,7,3300,66,29655444.455445,204799.700497,0.142857,0.857143,11212 11225 11576 11579 11784 12233 12262 12361 12475 12480 12578 12595 13540 14022 14708
moead,513_e-05,6,8,3300,66,29626238.787459,204266.092098,0.163265,0.836735,11212 11225 11576 11579 11784 12233 12262 12360 12361 12475 12480 12578 12595 13540 14022
moead,513_e-05,6,9,3300,66,29620581.081152,203642.110870,0.183673,0.816327,11212 11225 11579 11784 11889 12233 12262 12360 12361 12475 12480 12578 12595 13540 14022
moead,513_e-05,6,10,3300,66,29608907.604298,200703.582638,0.204082,0.795918,11225 11576 11753 11784 11889 12233 12262 12360 12361 12475 12480 12578 12595 13540 14022
moead,513_e-05,6,11,3300,66,29587613.567559,200143.781063,0.224490,0.775510,11225 11576 11579 11784 11889 12233 12262 12360 12361 12475 12480 12578 12595 13540 14022
moead,513_e-05,6,12,3300,66,29587613.567559,200143.781063,0.244898,0.755102,11225 11576 11579 11784 11889 12233 12262 12360 12361 12475 12480 12578 12595 13540 14022
moead,513_e-05,6,13,3300,66,29578462.334176,196841.600226,0.265306,0.734694,11212 11225 11576 11579 11784 12233 12262 12360 12361 12475 12480 12578 12595 12971 13253
moead,513_e-05,6,14,3300,66,29564377.808185,196577.461933,0.285714,0.714286,11212 11225 11576 11579 11784 11789 11894 12115 12119 12132 12343 12359 12467 12971 13253
moead,513_e-05,6,15,3300,66,29556789.033054,196484.476250,0.306122,0.693878,11212 11566 11674 11675 11771 11789 11894 12115 12119 12132 12343 12359 12467 12971 13253
moead,513_e-05,6,16,3300,66,29548866.158011,196102.599005,0.326531,0.673469,11294 11675 11786 11881 11893 11989 12091 12115 12119 12132 12224 12343 12359 12467 13253
moead,513_e-05,6,17,3300,66,29547810.102394,195475.170012,0.346939,0.653061,11212 11225 11576 11688 11997 12012 12115 12233 12240 12361 12479 12595 12725 12971 13253
moead,513_e-05,6,18,3300,66,29541280.834517,193087.451551,0.367347,0.632653,11229 11488 11584 11675 11786 11881 11893 12091 12119 12132 12343 12359 12467 12971 13253
moead,513_e-05,6,19,3300,66,29534098.073299,192994.508498,0.387755,0.612245,11229 11675 11786 11881 11893 11989 12091 12115 12119 12132 12343 12359 12467 12971 13253
moead,513_e-05,6,20,3300,66,29527913.486831,192870.363103,0.408163,0.591837,11564 11786 11881 11893 12002 12091 12115 12119 12132 12224 12343 12359 12467 12971 13253
moead,513_e-05,6,21,3300,66,29518841.513518,192404.970189,0.428571,0.571429,11675 11786 11881 11893 11989 12091 12115 12119 12132 12224 12343 12359 12467 12971 13253
moead,513_e-05,6,22,3300,66,29518841.513518,192404.970189,0.448980,0.551020,11675 11786 11881 11893 11989 12091 12115 12119 12132 12224 12343 12359 12467 12971 13253
moead,513_e-05,6,23,3300,66,29515162.658833,192400.799597,0.469388,0.530612,11786 11881 11893 11989 12002 12091 12115 12119 12132 12224 12343 12359 12467 12971 13253
moead,513_e-05,6,24,3300,66,29515162.658833,192400.799597,0.489796,0.510204,11786 11881 11893 11989 12002 12091 12115 12119 12132 12224 12343 12359 12467 12971 13253
moead,513_e-05,6,25,3300,66,29513407.872340,191934.884770,0.510204,0.489796,11786 11881 11893 12002 12091 12115 12119 12132 12224 12244 12343 12359 12467 12971 13253
moead,513_e-05,6,26,3300,66,29510241.483217,188512.673853,0.530612,0.469388,11675 11679 11786 11789 11875 11893 11908 12002 12115 12119 12132 12359 12467 12971 13253
moead,513_e-05,6,27,3300,66,29506411.752172,188485.433117,0.551020,0.448980,11774 11786 11789 11875 11881 11893 11908 12002 12119 12132 12239 12359 12479 12971 13253
moead,513_e-05,6,28,3300,66,29503954.325814,188449.366653,0.571429,0.428571,11675 11774 11786 11789 11875 11888 11893 11908 12002 12119 12239 12359 12467 12971 13253
moead,513_e-05,6,29,3300,66,29498765.107814,188427.705109,0.591837,0.408163,11675 11774 11786 11875 11888 11893 11894 11908 12002 12119 12239 12359 12479 12971 13253
moead,513_e-05,6,30,3300,66,29498765.107814,188427.705109,0.612245,0.387755,11675 11774 11786 11875 11888 11893 11894 11908 12002 12119 12239 12359 12479 12971 13253
moead,513_e-05,6,31,3300,66,29496138.667232,188396.115440,0.632653,0.367347,11675 11774 11786 11789 11893 12002 12100 12115 12119 12132 12239 12359 12479 12971 13253
moead,513_e-05,6,32,3300,66,29494189.790943,188263.324440,0.653061,0.346939,11675 11774 11786 11789 11893 11895 12002 12100 12115 12119 12132 12239 12359 12479 13253
moead,513_e-05,6,33,3300,66,29491878.156767,188248.427773,0.673469,0.326531,11679 11777 11786 11789 11893 11895 12002 12100 12115 12119 12132 12239 12359 12479 13253
moead,513_e-05,6,34,3300,66,29488274.244046,188134.083740,0.693878,0.306122,11679 11777 11786 11789 11893 11895 11990 12002 12115 12119 12132 12239 12359 12479 13253
moead,513_e-05,6,35,3300,66,29488274.244046,188134.083740,0.714286,0.285714,11679 11777 11786 11789 11893 11895 11990 12002 12115 12119 12132 12239 12359 12479 13253
moead,513_e-05,6,36,3300,66,29485617.936091,187780.328842,0.734694,0.265306,11679 11777 11786 11789 11893 11999 12002 12100 12115 12119 12132 12239 12359 12479 12971
moead,513_e-05,6,37,3300,66,29484903.971281,187668.229454,0.755102,0.244898,11679 11777 11786 11789 11893 11999 12002 12100 12115 12119 12132 12225 12239 12359 12479
moead,513_e-05,6,38,3300,66,29482849.548600,187578.605064,0.775510,0.224490,11679 11777 11786 11789 11893 11895 11990 12002 12115 12119 12132 12225 12239 12359 12479
moead,513_e-05,6,39,3300,66,29482312.236905,183661.539865,0.795918,0.204082,11679 11777 11786 11789 11893 11895 12002 12019 12115 12119 12239 12359 12472 12479 12719
moead,513_e-05,6,40,3300,66,29476940.916702,183552.231049,0.816327,0.183673,11679 11786 11789 11874 11997 12002 12115 12116 12119 12239 12359 12472 12479 12719 12976
moead,513_e-05,6,41,3300,66,29476940.916702,183552.231049,0.836735,0.163265,11679 11786 11789 11874 11997 12002 12115 12116 12119 12239 12359 12472 12479 12719 12976
moead,513_e-05,6,42,3300,66,29476940.916702,183552.231049,0.857143,0.142857,11679 11786 11789 11874 11997 12002 12115 12116 12119 12239 12359 12472 12479 12719 12976
moead,513_e-05,6,43,3300,66,29473578.214967,183162.558587,0.877551,0.122449,11481 11679 11786 11895 12002 12112 12115 12116 12119 12239 12356 12359 12472 12479 12719
moead,513_e-05,6,44,3300,66,29473578.214967,183162.558587,0.897959,0.102041,11481 11679 11786 11895 12002 12112 12115 12116 12119 12239 12356 12359 12472 12479 12719
moead,513_e-05,6,45,3300,66,29473578.214967,183162.558587,0.918367,0.081633,11481 11679 11786 11895 12002 12112 12115 12116 12119 12239 12356 12359 12472 12479 12719
moead,513_e-05,6,46,3300,66,29471587.334979,179196.512000,0.938776,0.061224,11679 11777 11786 11789 11895 12002 12115 12116 12119 12239 12356 12359 12472 12479 12973
moead,513_e-05,6,47,3300,66,29471587.334979,179196.512000,0.959184,0.040816,11679 11777 11786 11789 11895 12002 12115 12116 12119 12239 12356 12359 12472 12479 12973
moead,513_e-05,6,48,3300,66,29470393.198130,179181.489708,0.979592,0.020408,11679 11777 11786 11789 11895 12002 12115 12116 12119 12239 12356 12359 12472 12479 12844
moead,513_e-05,6,49,3300,66,29469205.154110,179048.445193,1.000000,0.000000,11679 11777 11786 11789 11895 12112 12115 12116 12119 12239 12356 12359 12472 12479 12719
moead,513_e-05,6,0,3350,67,38424891.878633,236183.260254,0.000000,1.000000,1544 6142 33310 37137 40205 79548 97638 116499 119138 125276 129378 137722 161685 162325 173626
moead,513_e-05,6,1,3350,67,30144395.163762,222159.118408,0.020408,0.979592,10253 10424 11212 11225 11800 11986 12262 12476 12687 13237 13540 14040 14358 15288 16379
moead,513_e-05,6,2,3350,67,29911687.858762,217583.576349,0.040816,0.959184,10964 11212 11225 11520 11576 11580 11784 11800 11986 12262 12476 12687 13540 14022 15109
moead,513_e-05,6,3,3350,67,29802211.639210,213130.588364,0.061224,0.938776,10964 11212 11483 11580 11675 11771 11800 11986 12262 12476 12595 12687 14012 14022 15109
moead,513_e-05,6,4,3350,67,29762391.303230,211889.854417,0.081633,0.918367,10964 11212 11225 11576 11580 11674 11784 11999 12233 12262 12360 12595 13540 14022 15109
moead,513_e-05,6,5,3350,67,29695293.353454,208460.692549,0.102041,0.897959,10964 11212 11225 11576 11580 11674 11784 12233 12262 12360 12578 12595 12837 13540 14022
moead,513_e-05,6,6,3350,67,29682697.375100,207778.442730,0.122449,0.877551,10964 11212 11225 11674 11778 11784 12233 12262 12360 12361 12480 12578 12595 13540 14022
moead,513_e-05,6,7,3350,67,29655444.455445,204799.700497,0.142857,0.857143,11212 11225 11576 11579 11784 12233 12262 12361 12475 12480 12578 12595 13540 14022 14708
moead,513_e-05,6,8,3350,67,29627199.138400,204269.921078,0.163265,0.836735,11212 11225 11483 11579 11889 12233 12262 12360 12361 12475 12480 12578 12595 13540 14022
moead,513_e-05,6,9,3350,67,29620581.081152,203642.110870,0.183673,0.816327,11212 11225 11579 11784 11889 12233 12262 12360 12361 12475 12480 12578 12595 13540 14022
moead,513_e-05,6,10,3350,67,29608907.604298,200703.582638,0.204082,0.795918,11225 11576 11753 11784 11889 12233 12262 12360 12361 12475 12480 12578 12595 13540 14022
moead,513_e-05,6,11,3350,67,29587613.567559,200143.781063,0.224490,0.775510,11225 11576 11579 11784 11889 12233 12262 12360 12361 12475 12480 12578 12595 13540 14022
moead,513_e-05,6,12,3350,67,29587613.567559,200143.781063,0.244898,0.755102,11225 11576 11579 11784 11889 12233 12262 12360 12361 12475 12480 12578 12595 13540 14022
moead,513_e-05,6,13,3350,67,29578462.334176,196841.600226,0.265306,0.734694,11212 11225 11576 11579 11784 12233 12262 12360 12361 12475 12480 12578 12595 12971 13253
moead,513_e-05,6,14,3350,67,29564377.808185,196577.461933,0.285714,0.714286,11212 11225 11576 11579 11784 11789 11894 12115 12119 12132 12343 12359 12467 12971 13253
moead,513_e-05,6,15,3350,67,29556789.033054,196484.476250,0.306122,0.693878,11212 11566 11674 11675 11771 11789 11894 12115 12119 12132 12343 12359 12467 12971 13253
moead,513_e-05,6,16,3350,67,29548866.158011,196102.599005,0.326531,0.673469,11294 11675 11786 11881 11893 11989 12091 12115 12119 12132 12224 12343 12359 12467 13253
moead,513_e-05,6,17,3350,67,29547810.102394,195475.170012,0.346939,0.653061,11212 11225 11576 11688 11997 12012 12115 12233 12240 12361 12479 12595 12725 12971 13253
moead,513_e-05,6,18,3350,67,29541280.834517,193087.451551,0.367347,0.632653,11229 11488 11584 11675 11786 11881 11893 12091 12119 12132 12343 12359 12467 12971 13253
moead,513_e-05,6,19,3350,67,29534098.073299,192994.508498,0.387755,0.612245,11229 11675 11786 11881 11893 11989 12091 12115 12119 12132 12343 12359 12467 12971 13253
moead,513_e-05,6,20,3350,67,29527913.486831,192870.363103,0.408163,0.591837,11564 11786 11881 11893 12002 12091 12115 12119 12132 12224 12343 12359 12467 12971 13253
moead,513_e-05,6,21,3350,67,29518841.513518,192404.970189,0.428571,0.571429,11675 11786 11881 11893 11989 12091 12115 12119 12132 12224 12343 12359 12467 12971 13253
moead,513_e-05,6,22,3350,67,29518841.513518,192404.970189,0.448980,0.551020,11675 11786 11881 11893 11989 12091 12115 12119 12132 12224 12343 12359 12467 12971 13253
moead,513_e-05,6,23,3350,67,29515162.658833,192400.799597,0.469388,0.530612,11786 11881 11893 11989 12002 12091 12115 12119 12132 12224 12343 12359 12467 12971 13253
moead,513_e-05,6,24,3350,67,29515162.658833,192400.799597,0.489796,0.510204,11786 11881 11893 11989 12002 12091 12115 12119 12132 12224 12343 12359 12467 12971 13253
moead,513_e-05,6,25,3350,67,29513407.872340,191934.884770,0.510204,0.489796,11786 11881 11893 12002 12091 12115 12119 12132 12224 12244 12343 12359 12467 12971 13253
moead,513_e-05,6,26,3350,67,29510241.483217,188512.673853,0.530612,0.469388,11675 11679 11786 11789 11875 11893 11908 12002 12115 12119 12132 12359 12467 12971 13253
moead,513_e-05,6,27,3350,67,29506955.754750,188500.331619,0.551020,0.448980,11675 11786 11875 11888 11893 11894 11908 12002 12119 12239 12359 12377 12479 12971 13253
moead,513_e-05,6,28,3350,67,29503954.325814,188449.366653,0.571429,0.428571,11675 11774 11786 11789 11875 11888 11893 11908 12002 12119 12239 12359 12467 12971 13253
moead,513_e-05,6,29,3350,67,29498765.107814,188427.705109,0.591837,0.408163,11675 11774 11786 11875 11888 11893 11894 11908 12002 12119 12239 12359 12479 12971 13253
moead,513_e-05,6,30,3350,67,29498765.107814,188427.705109,0.612245,0.387755,11675 11774 11786 11875 11888 11893 11894 11908 12002 12119 12239 12359 12479 12971 13253
moead,513_e-05,6,31,3350,67,29496138.667232,188396.115440,0.632653,0.367347,11675 11774 11786 11789 11893 12002 12100 12115 12119 12132 12239 12359 12479 12971 13253
moead,513_e-05,6,32,3350,67,29494189.790943,188263.324440,0.653061,0.346939,11675 11774 11786 11789 11893 11895 12002 12100 12115 12119 12132 12239 12359 12479 13253
moead,513_e-05,6,33,3350,67,29491878.156767,188248.427773,0.673469,0.326531,11679 11777 11786 11789 11893 11895 12002 12100 12115 12119 12132 12239 12359 12479 13253
moead,513_e-05,6,34,3350,67,29488274.244046,188134.083740,0.693878,0.306122,11679 11777 11786 11789 11893 11895 11990 12002 12115 12119 12132 12239 12359 12479 13253
moead,513_e-05,6,35,3350,67,29488274.244046,188134.083740,0.714286,0.285714,11679 11777 11786 11789 11893 11895 11990 12002 12115 12119 12132 12239 12359 12479 13253
moead,513_e-05,6,36,3350,67,29485617.936091,187780.328842,0.734694,0.265306,11679 11777 11786 11789 11893 11999 12002 12100 12115 12119 12132 12239 12359 12479 12971
moead,513_e-05,6,37,3350,67,29484903.971281,187668.229454,0.755102,0.244898,11679 11777 11786 11789 11893 11999 12002 12100 12115 12119 12132 12225 12239 12359 12479
moead,513_e-05,6,38,3350,67,29482849.548600,187578.605064,0.775510,0.224490,11679 11777 11786 11789 11893 11895 11990 12002 12115 12119 12132 12225 12239 12359 12479
moead,513_e-05,6,39,3350,67,29482312.236905,183661.539865,0.795918,0.204082,11679 11777 11786 11789 11893 11895 12002 12019 12115 12119 12239 12359 12472 12479 12719
moead,513_e-05,6,40,3350,67,29476940.916702,183552.231049,0.816327,0.183673,11679 11786 11789 11874 11997 12002 12115 12116 12119 12239 12359 12472 12479 12719 12976
moead,513_e-05,6,41,3350,67,29476940.916702,183552.231049,0.836735,0.163265,11679 11786 11789 11874 11997 12002 12115 12116 12119 12239 12359 12472 12479 12719 12976
moead,513_e-05,6,42,3350,67,29476940.916702,183552.231049,0.857143,0.142857,11679 11786 11789 11874 11997 12002 12115 12116 12119 12239 12359 12472 12479 12719 12976
moead,513_e-05,6,43,3350,67,29475676.319551,183170.251012,0.877551,0.122449,11679 11778 11786 11789 11874 11997 12002 12115 12116 12119 12239 12359 12472 12479 12719
moead,513_e-05,6,44,3350,67,29473578.214967,183162.558587,0.897959,0.102041,11481 11679 11786 11895 12002 12112 12115 12116 12119 12239 12356 12359 12472 12479 12719
moead,513_e-05,6,45,3350,67,29473578.214967,183162.558587,0.918367,0.081633,11481 11679 11786 11895 12002 12112 12115 12116 12119 12239 12356 12359 12472 12479 12719
moead,513_e-05,6,46,3350,67,29471587.334979,179196.512000,0.938776,0.061224,11679 11777 11786 11789 11895 12002 12115 12116 12119 12239 12356 12359 12472 12479 12973
moead,513_e-05,6,47,3350,67,29471587.334979,179196.512000,0.959184,0.040816,11679 11777 11786 11789 11895 12002 12115 12116 12119 12239 12356 12359 12472 12479 12973
moead,513_e-05,6,48,3350,67,29470393.198130,179181.489708,0.979592,0.020408,11679 11777 11786 11789 11895 12002 12115 12116 12119 12239 12356 12359 12472 12479 12844
moead,513_e-05,6,49,3350,67,29469205.154110,179048.445193,1.000000,0.000000,11679 11777 11786 11789 11895 12112 12115 12116 12119 12239 12356 12359 12472 12479 12719
moead,513_e-05,6,0,3400,68,38024123.568229,236183.260254,0.000000,1.000000,1544 4299 20898 33310 33654 37137 60431 79548 116499 121629 125276 137722 142684 162325 173626
moead,513_e-05,6,1,3400,68,30144395.163762,222159.118408,0.020408,0.979592,10253 10424 11212 11225 11800 11986 12262 12476 12687 13237 13540 14040 14358 15288 16379
moead,513_e-05,6,2,3400,68,29911687.858762,217583.576349,0.040816,0.959184,10964 11212 11225 11520 11576 11580 11784 11800 11986 12262 12476 12687 13540 14022 15109
moead,513_e-05,6,3,3400,68,29802211.639210,213130.588364,0.061224,0.938776,10964 11212 11483 11580 11675 11771 11800 11986 12262 12476 12595 12687 14012 14022 15109
moead,513_e-05,6,4,3400,68,29762391.303230,211889.854417,0.081633,0.918367,10964 11212 11225 11576 11580 11674 11784 11999 12233 12262 12360 12595 13540 14022 15109
moead,513_e-05,6,5,3400,68,29703409.885885,209034.791924,0.102041,0.897959,10964 11212 11225 11483 11580 11675 11771 11800 11986 12262 12476 12595 12837 13540 14022
moead,513_e-05,6,6,3400,68,29682697.375100,207778.442730,0.122449,0.877551,10964 11212 11225 11674 11778 11784 12233 12262 12360 12361 12480 12578 12595 13540 14022
moead,513_e-05,6,7,3400,68,29656719.888694,204827.371243,0.142857,0.857143,11212 11225 11576 11770 11784 12233 12262 12361 12475 12480 12578 12595 13540 14022 14708
moead,513_e-05,6,8,3400,68,29627199.138400,204269.921078,0.163265,0.836735,11212 11225 11483 11579 11889 12233 12262 12360 12361 12475 12480 12578 12595 13540 14022
moead,513_e-05,6,9,3400,68,29620581.081152,203642.110870,0.183673,0.816327,11212 11225 11579 11784 11889 12233 12262 12360 12361 12475 12480 12578 12595 13540 14022
moead,513_e-05,6,10,3400,68,29608907.604298,200703.582638,0.204082,0.795918,11225 11576 11753 11784 11889 12233 12262 12360 12361 12475 12480 12578 12595 13540 14022
moead,513_e-05,6,11,3400,68,29587613.567559,200143.781063,0.224490,0.775510,11225 11576 11579 11784 11889 12233 12262 12360 12361 12475 12480 12578 12595 13540 14022
moead,513_e-05,6,12,3400,68,29587613.567559,200143.781063,0.244898,0.755102,11225 11576 11579 11784 11889 12233 12262 12360 12361 12475 12480 12578 12595 13540 14022
moead,513_e-05,6,13,3400,68,29578462.334176,196841.600226,0.265306,0.734694,11212 11225 11576 11579 11784 12233 12262 12360 12361 12475 12480 12578 12595 12971 13253
moead,513_e-05,6,14,3400,68,29564377.808185,196577.461933,0.285714,0.714286,11212 11225 11576 11579 11784 11789 11894 12115 12119 12132 12343 12359 12467 12971 13253
moead,513_e-05,6,15,3400,68,29556789.033054,196484.476250,0.306122,0.693878,11212 11566 11674 11675 11771 11789 11894 12115 12119 12132 12343 12359 12467 12971 13253
moead,513_e-05,6,16,3400,68,29548866.158011,196102.599005,0.326531,0.673469,11294 11675 11786 11881 11893 11989 12091 12115 12119 12132 12224 12343 12359 12467 13253
moead,513_e-05,6,17,3400,68,29547810.102394,195475.170012,0.346939,0.653061,11212 11225 11576 11688 11997 12012 12115 12233 12240 12361 12479 12595 12725 12971 13253
moead,513_e-05,6,18,3400,68,29541280.834517,193087.451551,0.367347,0.632653,11229 11488 11584 11675 11786 11881 11893 12091 12119 12132 12343 12359 12467 12971 13253
moead,513_e-05,6,19,3400,68,29535147.924378,193013.702859,0.387755,0.612245,11229 11675 11786 11796 11881 11893 11989 12091 12115 12119 12132 12359 12467 12971 13253
moead,513_e-05,6,20,3400,68,29527913.486831,192870.363103,0.408163,0.591837,11564 11786 11881 11893 12002 12091 12115 12119 12132 12224 12343 12359 12467 12971 13253
moead,513_e-05,6,21,3400,68,29513147.704102,192491.280464,0.428571,0.571429,11786 11881 11893 11908 12002 12091 12115 12119 12132 12224 12239 12359 12479 12971 13253
moead,513_e-05,6,22,3400,68,29513147.704102,192491.280464,0.448980,0.551020,11786 11881 11893 11908 12002 12091 12115 12119 12132 12224 12239 12359 12479 12971 13253
moead,513_e-05,6,23,3400,68,29513147.704102,192491.280464,0.469388,0.530612,11786 11881 11893 11908 12002 12091 12115 12119 12132 12224 12239 12359 12479 12971 13253
moead,513_e-05,6,24,3400,68,29513147.704102,192491.280464,0.489796,0.510204,11786 11881 11893 11908 12002 12091 12115 12119 12132 12224 12239 12359 12479 12971 13253
moead,513_e-05,6,25,3400,68,29513147.704102,192491.280464,0.510204,0.489796,11786 11881 11893 11908 12002 12091 12115 12119 12132 12224 12239 12359 12479 12971 13253
moead,513_e-05,6,26,3400,68,29510241.483217,188512.673853,0.530612,0.469388,11675 11679 11786 11789 11875 11893 11908 12002 12115 12119 12132 12359 12467 12971 13253
moead,513_e-05,6,27,3400,68,29506955.754750,188500.331619,0.551020,0.448980,11675 11786 11875 11888 11893 11894 11908 12002 12119 12239 12359 12377 12479 12971 13253
moead,513_e-05,6,28,3400,68,29503954.325814,188449.366653,0.571429,0.428571,11675 11774 11786 11789 11875 11888 11893 11908 12002 12119 12239 12359 12467 12971 13253
moead,513_e-05,6,29,3400,68,29498765.107814,188427.705109,0.591837,0.408163,11675 11774 11786 11875 11888 11893 11894 11908 12002 12119 12239 12359 12479 12971 13253
moead,513_e-05,6,30,3400,68,29498765.107814,188427.705109,0.612245,0.387755,11675 11774 11786 11875 11888 11893 11894 11908 12002 12119 12239 12359 12479 12971 13253
moead,513_e-05,6,31,3400,68,29496138.667232,188396.115440,0.632653,0.367347,11675 11774 11786 11789 11893 12002 12100 12115 12119 12132 12239 12359 12479 12971 13253
moead,513_e-05,6,32,3400,68,29494189.790943,188263.324440,0.653061,0.346939,11675 11774 11786 11789 11893 11895 12002 12100 12115 12119 12132 12239 12359 12479 13253
moead,513_e-05,6,33,3400,68,29491878.156767,188248.427773,0.673469,0.326531,11679 11777 11786 11789 11893 11895 12002 12100 12115 12119 12132 12239 12359 12479 13253
moead,513_e-05,6,34,3400,68,29488274.244046,188134.083740,0.693878,0.306122,11679 11777 11786 11789 11893 11895 11990 12002 12115 12119 12132 12239 12359 12479 13253
moead,513_e-05,6,35,3400,68,29488274.244046,188134.083740,0.714286,0.285714,11679 11777 11786 11789 11893 11895 11990 12002 12115 12119 12132 12239 12359 12479 13253
moead,513_e-05,6,36,3400,68,29485617.936091,187780.328842,0.734694,0.265306,11679 11777 11786 11789 11893 11999 12002 12100 12115 12119 12132 12239 12359 12479 12971
moead,513_e-05,6,37,3400,68,29484903.971281,187668.229454,0.755102,0.244898,11679 11777 11786 11789 11893 11999 12002 12100 12115 12119 12132 12225 12239 12359 12479
moead,513_e-05,6,38,3400,68,29482849.548600,187578.605064,0.775510,0.224490,11679 11777 11786 11789 11893 11895 11990 12002 12115 12119 12132 12225 12239 12359 12479
moead,513_e-05,6,39,3400,68,29482312.236905,183661.539865,0.795918,0.204082,11679 11777 11786 11789 11893 11895 12002 12019 12115 12119 12239 12359 12472 12479 12719
moead,513_e-05,6,40,3400,68,29476940.916702,183552.231049,0.816327,0.183673,11679 11786 11789 11874 11997 12002 12115 12116 12119 12239 12359 12472 12479 12719 12976
moead,513_e-05,6,41,3400,68,29476940.916702,183552.231049,0.836735,0.163265,11679 11786 11789 11874 11997 12002 12115 12116 12119 12239 12359 12472 12479 12719 12976
moead,513_e-05,6,42,3400,68,29476940.916702,183552.231049,0.857143,0.142857,11679 11786 11789 11874 11997 12002 12115 12116 12119 12239 12359 12472 12479 12719 12976
moead,513_e-05,6,43,3400,68,29475169.793769,183213.168739,0.877551,0.122449,11679 11786 11789 11874 11997 12002 12115 12116 12119 12239 12356 12359 12472 12479 12973
moead,513_e-05,6,44,3400,68,29475169.793769,183213.168739,0.897959,0.102041,11679 11786 11789 11874 11997 12002 12115 12116 12119 12239 12356 12359 12472 12479 12973
moead,513_e-05,6,45,3400,68,29473578.214967,183162.558587,0.918367,0.081633,11481 11679 11786 11895 12002 12112 12115 12116 12119 12239 12356 12359 12472 12479 12719
moead,513_e-05,6,46,3400,68,29471587.334979,179196.512000,0.938776,0.061224,11679 11777 11786 11789 11895 12002 12115 12116 12119 12239 12356 12359 12472 12479 12973
moead,513_e-05,6,47,3400,68,29471587.334979,179196.512000,0.959184,0.040816,11679 11777 11786 11789 11895 12002 12115 12116 12119 12239 12356 12359 12472 12479 12973
moead,513_e-05,6,48,3400,68,29470393.198130,179181.489708,0.979592,0.020408,11679 11777 11786 11789 11895 12002 12115 12116 12119 12239 12356 12359 12472 12479 12844
moead,513_e-05,6,49,3400,68,29469205.154110,179048.445193,1.000000,0.000000,11679 11777 11786 11789 11895 12112 12115 12116 12119 12239 12356 12359 12472 12479 12719
moead,513_e-05,6,0,3450,69,37231401.881132,236183.260254,0.000000,1.000000,13540 14022 23077 27796 33654 60431 70607 79548 94594 101656 116499 119713 125439 137722 180878
moead,513_e-05,6,1,3450,69,30144395.163762,222159.118408,0.020408,0.979592,10253 10424 11212 11225 11800 11986 12262 12476 12687 13237 13540 14040 14358 15288 16379
moead,513_e-05,6,2,3450,69,29911687.858762,217583.576349,0.040816,0.959184,10964 11212 11225 11520 11576 11580 11784 11800 11986 12262 12476 12687 13540 14022 15109
moead,513_e-05,6,3,3450,69,29802211.639210,213130.588364,0.061224,0.938776,10964 11212 11483 11580 11675 11771 11800 11986 12262 12476 12595 12687 14012 14022 15109
moead,513_e-05,6,4,3450,69,29762391.303230,211889.854417,0.081633,0.918367,10964 11212 11225 11576 11580 11674 11784 11999 12233 12262 12360 12595 13540 14022 15109
moead,513_e-05,6,5,3450,69,29703409.885885,209034.791924,0.102041,0.897959,10964 11212 11225 11483 11580 11675 11771 11800 11986 12262 12476 12595 12837 13540 14022
moead,513_e-05,6,6,3450,69,29682697.375100,207778.442730,0.122449,0.877551,10964 11212 11225 11674 11778 11784 12233 12262 12360 12361 12480 12578 12595 13540 14022
moead,513_e-05,6,7,3450,69,29656719.888694,204827.371243,0.142857,0.857143,11212 11225 11576 11770 11784 12233 12262 12361 12475 12480 12578 12595 13540 14022 14708
moead,513_e-05,6,8,3450,69,29627199.138400,204269.921078,0.163265,0.836735,11212 11225 11483 11579 11889 12233 12262 12360 12361 12475 12480 12578 12595 13540 14022
moead,513_e-05,6,9,3450,69,29620581.081152,203642.110870,0.183673,0.816327,11212 11225 11579 11784 11889 12233 12262 12360 12361 12475 12480 12578 12595 13540 14022
moead,513_e-05,6,10,3450,69,29608907.604298,200703.582638,0.204082,0.795918,11225 11576 11753 11784 11889 12233 12262 12360 12361 12475 12480 12578 12595 13540 14022
moead,513_e-05,6,11,3450,69,29587200.423717,200144.942907,0.224490,0.775510,11225 11576 11579 11784 11889 12233 12234 12262 12360 12361 12475 12578 12595 13540 14022
moead,513_e-05,6,12,3450,69,29587200.423717,200144.942907,0.244898,0.755102,11225 11576 11579 11784 11889 12233 12234 12262 12360 12361 12475 12578 12595 13540 14022
moead,513_e-05,6,13,3450,69,29578462.334176,196841.600226,0.265306,0.734694,11212 11225 11576 11579 11784 12233 12262 12360 12361 12475 12480 12578 12595 12971 13253
moead,513_e-05,6,14,3450,69,29561414.785455,196593.514408,0.285714,0.714286,11212 11225 11576 11579 11784 11789 11894 12115 12119 12132 12343 12359 12595 12971 13253
moead,513_e-05,6,15,3450,69,29556789.033054,196484.476250,0.306122,0.693878,11212 11566 11674 11675 11771 11789 11894 12115 12119 12132 12343 12359 12467 12971 13253
moead,513_e-05,6,16,3450,69,29548866.158011,196102.599005,0.326531,0.673469,11294 11675 11786 11881 11893 11989 12091 12115 12119 12132 12224 12343 12359 12467 13253
moead,513_e-05,6,17,3450,69,29547810.102394,195475.170012,0.346939,0.653061,11212 11225 11576 11688 11997 12012 12115 12233 12240 12361 12479 12595 12725 12971 13253
moead,513_e-05,6,18,3450,69,29541280.834517,193087.451551,0.367347,0.632653,11229 11488 11584 11675 11786 11881 11893 12091 12119 12132 12343 12359 12467 12971 13253
moead,513_e-05,6,19,3450,69,29535147.924378,193013.702859,0.387755,0.612245,11229 11675 11786 11796 11881 11893 11989 12091 12115 12119 12132 12359 12467 12971 13253
moead,513_e-05,6,20,3450,69,29527913.486831,192870.363103,0.408163,0.591837,11564 11786 11881 11893 12002 12091 12115 12119 12132 12224 12343 12359 12467 12971 13253
moead,513_e-05,6,21,3450,69,29522615.568238,192505.042661,0.428571,0.571429,11786 11881 11893 11908 12002 12091 12115 12119 12132 12224 12343 12359 12467 12971 13253
moead,513_e-05,6,22,3450,69,29522615.568238,192505.042661,0.448980,0.551020,11786 11881 11893 11908 12002 12091 12115 12119 12132 12224 12343 12359 12467 12971 13253
moead,513_e-05,6,23,3450,69,29513147.704102,192491.280464,0.469388,0.530612,11786 11881 11893 11908 12002 12091 12115 12119 12132 12224 12239 12359 12479 12971 13253
moead,513_e-05,6,24,3450,69,29513147.704102,192491.280464,0.489796,0.510204,11786 11881 11893 11908 12002 12091 12115 12119 12132 12224 12239 12359 12479 12971 13253
moead,513_e-05,6,25,3450,69,29513147.704102,192491.280464,0.510204,0.489796,11786 11881 11893 11908 12002 12091 12115 12119 12132 12224 12239 12359 12479 12971 13253
moead,513_e-05,6,26,3450,69,29510241.483217,188512.673853,0.530612,0.469388,11675 11679 11786 11789 11875 11893 11908 12002 12115 12119 12132 12359 12467 12971 13253
moead,513_e-05,6,27,3450,69,29506955.754750,188500.331619,0.551020,0.448980,11675 11786 11875 11888 11893 11894 11908 12002 12119 12239 12359 12377 12479 12971 13253
moead,513_e-05,6,28,3450,69,29503954.325814,188449.366653,0.571429,0.428571,11675 11774 11786 11789 11875 11888 11893 11908 12002 12119 12239 12359 12467 12971 13253
moead,513_e-05,6,29,3450,69,29498765.107814,188427.705109,0.591837,0.408163,11675 11774 11786 11875 11888 11893 11894 11908 12002 12119 12239 12359 12479 12971 13253
moead,513_e-05,6,30,3450,69,29498765.107814,188427.705109,0.612245,0.387755,11675 11774 11786 11875 11888 11893 11894 11908 12002 12119 12239 12359 12479 12971 13253
moead,513_e-05,6,31,3450,69,29496138.667232,188396.115440,0.632653,0.367347,11675 11774 11786 11789 11893 12002 12100 12115 12119 12132 12239 12359 12479 12971 13253
moead,513_e-05,6,32,3450,69,29494189.790943,188263.324440,0.653061,0.346939,11675 11774 11786 11789 11893 11895 12002 12100 12115 12119 12132 12239 12359 12479 13253
moead,513_e-05,6,33,3450,69,29491878.156767,188248.427773,0.673469,0.326531,11679 11777 11786 11789 11893 11895 12002 12100 12115 12119 12132 12239 12359 12479 13253
moead,513_e-05,6,34,3450,69,29488274.244046,188134.083740,0.693878,0.306122,11679 11777 11786 11789 11893 11895 11990 12002 12115 12119 12132 12239 12359 12479 13253
moead,513_e-05,6,35,3450,69,29488274.244046,188134.083740,0.714286,0.285714,11679 11777 11786 11789 11893 11895 11990 12002 12115 12119 12132 12239 12359 12479 13253
moead,513_e-05,6,36,3450,69,29485617.936091,187780.328842,0.734694,0.265306,11679 11777 11786 11789 11893 11999 12002 12100 12115 12119 12132 12239 12359 12479 12971
moead,513_e-05,6,37,3450,69,29484903.971281,187668.229454,0.755102,0.244898,11679 11777 11786 11789 11893 11999 12002 12100 12115 12119 12132 12225 12239 12359 12479
moead,513_e-05,6,38,3450,69,29482849.548600,187578.605064,0.775510,0.224490,11679 11777 11786 11789 11893 11895 11990 12002 12115 12119 12132 12225 12239 12359 12479
moead,513_e-05,6,39,3450,69,29482312.236905,183661.539865,0.795918,0.204082,11679 11777 11786 11789 11893 11895 12002 12019 12115 12119 12239 12359 12472 12479 12719
moead,513_e-05,6,40,3450,69,29476940.916702,183552.231049,0.816327,0.183673,11679 11786 11789 11874 11997 12002 12115 12116 12119 12239 12359 12472 12479 12719 12976
moead,513_e-05,6,41,3450,69,29476940.916702,183552.231049,0.836735,0.163265,11679 11786 11789 11874 11997 12002 12115 12116 12119 12239 12359 12472 12479 12719 12976
moead,513_e-05,6,42,3450,69,29476940.916702,183552.231049,0.857143,0.142857,11679 11786 11789 11874 11997 12002 12115 12116 12119 12239 12359 12472 12479 12719 12976
moead,513_e-05,6,43,3450,69,29475169.793769,183213.168739,0.877551,0.122449,11679 11786 11789 11874 11997 12002 12115 12116 12119 12239 12356 12359 12472 12479 12973
moead,513_e-05,6,44,3450,69,29475169.793769,183213.168739,0.897959,0.102041,11679 11786 11789 11874 11997 12002 12115 12116 12119 12239 12356 12359 12472 12479 12973
moead,513_e-05,6,45,3450,69,29473578.214967,183162.558587,0.918367,0.081633,11481 11679 11786 11895 12002 12112 12115 12116 12119 12239 12356 12359 12472 12479 12719
moead,513_e-05,6,46,3450,69,29471587.334979,179196.512000,0.938776,0.061224,11679 11777 11786 11789 11895 12002 12115 12116 12119 12239 12356 12359 12472 12479 12973
moead,513_e-05,6,47,3450,69,29471587.334979,179196.512000,0.959184,0.040816,11679 11777 11786 11789 11895 12002 12115 12116 12119 12239 12356 12359 12472 12479 12973
moead,513_e-05,6,48,3450,69,29470393.198130,179181.489708,0.979592,0.020408,11679 11777 11786 11789 11895 12002 12115 12116 12119 12239 12356 12359 12472 12479 12844
moead,513_e-05,6,49,3450,69,29469205.154110,179048.445193,1.000000,0.000000,11679 11777 11786 11789 11895 12112 12115 12116 12119 12239 12356 12359 12472 12479 12719
moead,513_e-05,6,0,3500,70,36977435.235297,236183.260254,0.000000,1.000000,12595 13540 15109 27796 31933 33654 79548 86079 99715 100033 101656 102277 116499 118233 119713
moead,513_e-05,6,1,3500,70,30144395.163762,222159.118408,0.020408,0.979592,10253 10424 11212 11225 11800 11986 12262 12476 12687 13237 13540 14040 14358 15288 16379
moead,513_e-05,6,2,3500,70,29911687.858762,217583.576349,0.040816,0.959184,10964 11212 11225 11520 11576 11580 11784 11800 11986 12262 12476 12687 13540 14022 15109
moead,513_e-05,6,3,3500,70,29820773.405607,213838.791428,0.061224,0.938776,10964 11212 11225 11483 11580 11771 11800 11986 12262 12476 12595 12687 14012 14022 15109
moead,513_e-05,6,4,3500,70,29762391.303230,211889.854417,0.081633,0.918367,10964 11212 11225 11576 11580 11674 11784 11999 12233 12262 12360 12595 13540 14022 15109
moead,513_e-05,6,5,3500,70,29703409.885885,209034.791924,0.102041,0.897959,10964 11212 11225 11483 11580 11675 11771 11800 11986 12262 12476 12595 12837 13540 14022
moead,513_e-05,6,6,3500,70,29682697.375100,207778.442730,0.122449,0.877551,10964 11212 11225 11674 11778 11784 12233 12262 12360 12361 12480 12578 12595 13540 14022
moead,513_e-05,6,7,3500,70,29656719.888694,204827.371243,0.142857,0.857143,11212 11225 11576 11770 11784 12233 12262 12361 12475 12480 12578 12595 13540 14022 14708
moead,513_e-05,6,8,3500,70,29627514.220708,204293.762844,0.163265,0.836735,11212 11225 11576 11770 11784 12233 12262 12360 12361 12475 12480 12578 12595 13540 14022
moead,513_e-05,6,9,3500,70,29620581.081152,203642.110870,0.183673,0.816327,11212 11225 11579 11784 11889 12233 12262 12360 12361 12475 12480 12578 12595 13540 14022
moead,513_e-05,6,10,3500,70,29608907.604298,200703.582638,0.204082,0.795918,11225 11576 11753 11784 11889 12233 12262 12360 12361 12475 12480 12578 12595 13540 14022
moead,513_e-05,6,11,3500,70,29587200.423717,200144.942907,0.224490,0.775510,11225 11576 11579 11784 11889 12233 12234 12262 12360 12361 12475 12578 12595 13540 14022
moead,513_e-05,6,12,3500,70,29587200.423717,200144.942907,0.244898,0.755102,11225 11576 11579 11784 11889 12233 12234 12262 12360 12361 12475 12578 12595 13540 14022
moead,513_e-05,6,13,3500,70,29578462.334176,196841.600226,0.265306,0.734694,11212 11225 11576 11579 11784 12233 12262 12360 12361 12475 12480 12578 12595 12971 13253
moead,513_e-05,6,14,3500,70,29561414.785455,196593.514408,0.285714,0.714286,11212 11225 11576 11579 11784 11789 11894 12115 12119 12132 12343 12359 12595 12971 13253
moead,513_e-05,6,15,3500,70,29556789.033054,196484.476250,0.306122,0.693878,11212 11566 11674 11675 11771 11789 11894 12115 12119 12132 12343 12359 12467 12971 13253
moead,513_e-05,6,16,3500,70,29548866.158011,196102.599005,0.326531,0.673469,11294 11675 11786 11881 11893 11989 12091 12115 12119 12132 12224 12343 12359 12467 13253
moead,513_e-05,6,17,3500,70,29542684.116187,195370.682557,0.346939,0.653061,11294 11675 11786 11881 11893 11989 12091 12115 12119 12132 12479 12595 12725 12971 13253
moead,513_e-05,6,18,3500,70,29542684.116187,195370.682557,0.367347,0.632653,11294 11675 11786 11881 11893 11989 12091 12115 12119 12132 12479 12595 12725 12971 13253
moead,513_e-05,6,19,3500,70,29535147.924378,193013.702859,0.387755,0.612245,11229 11675 11786 11796 11881 11893 11989 12091 12115 12119 12132 12359 12467 12971 13253
moead,513_e-05,6,20,3500,70,29527913.486831,192870.363103,0.408163,0.591837,11564 11786 11881 11893 12002 12091 12115 12119 12132 12224 12343 12359 12467 12971 13253
moead,513_e-05,6,21,3500,70,29517037.294457,192607.086708,0.428571,0.571429,11786 11881 11893 11908 12002 12091 12115 12119 12224 12239 12359 12479 12957 12971 13253
moead,513_e-05,6,22,3500,70,29517037.294457,192607.086708,0.448980,0.551020,11786 11881 11893 11908 12002 12091 12115 12119 12224 12239 12359 12479 12957 12971 13253
moead,513_e-05,6,23,3500,70,29517037.294457,192607.086708,0.469388,0.530612,11786 11881 11893 11908 12002 12091 12115 12119 12224 12239 12359 12479 12957 12971 13253
moead,513_e-05,6,24,3500,70,29513147.704102,192491.280464,0.489796,0.510204,11786 11881 11893 11908 12002 12091 12115 12119 12132 12224 12239 12359 12479 12971 13253
moead,513_e-05,6,25,3500,70,29513147.704102,192491.280464,0.510204,0.489796,11786 11881 11893 11908 12002 12091 12115 12119 12132 12224 12239 12359 12479 12971 13253
moead,513_e-05,6,26,3500,70,29510241.483217,188512.673853,0.530612,0.469388,11675 11679 11786 11789 11875 11893 11908 12002 12115 12119 12132 12359 12467 12971 13253
moead,513_e-05,6,27,3500,70,29506955.754750,188500.331619,0.551020,0.448980,11675 11786 11875 11888 11893 11894 11908 12002 12119 12239 12359 12377 12479 12971 13253
moead,513_e-05,6,28,3500,70,29502613.012888,188450.219765,0.571429,0.428571,11675 11786 11875 11888 11893 11894 11908 12115 12119 12132 12239 12359 12479 12971 13253
moead,513_e-05,6,29,3500,70,29498765.107814,188427.705109,0.591837,0.408163,11675 11774 11786 11875 11888 11893 11894 11908 12002 12119 12239 12359 12479 12971 13253
moead,513_e-05,6,30,3500,70,29498765.107814,188427.705109,0.612245,0.387755,11675 11774 11786 11875 11888 11893 11894 11908 12002 12119 12239 12359 12479 12971 13253
moead,513_e-05,6,31,3500,70,29496138.667232,188396.115440,0.632653,0.367347,11675 11774 11786 11789 11893 12002 12100 12115 12119 12132 12239 12359 12479 12971 13253
moead,513_e-05,6,32,3500,70,29491962.917428,188266.874741,0.653061,0.346939,11679 11777 11786 11789 11893 11895 11990 12002 12115 12119 12132 12359 12479 12971 13253
moead,513_e-05,6,33,3500,70,29491962.917428,188266.874741,0.673469,0.326531,11679 11777 11786 11789 11893 11895 11990 12002 12115 12119 12132 12359 12479 12971 13253
moead,513_e-05,6,34,3500,70,29488274.244046,188134.083740,0.693878,0.306122,11679 11777 11786 11789 11893 11895 11990 12002 12115 12119 12132 12239 12359 12479 13253
moead,513_e-05,6,35,3500,70,29488274.244046,188134.083740,0.714286,0.285714,11679 11777 11786 11789 11893 11895 11990 12002 12115 12119 12132 12239 12359 12479 13253
moead,513_e-05,6,36,3500,70,29485617.936091,187780.328842,0.734694,0.265306,11679 11777 11786 11789 11893 11999 12002 12100 12115 12119 12132 12239 12359 12479 12971
moead,513_e-05,6,37,3500,70,29484903.971281,187668.229454,0.755102,0.244898,11679 11777 11786 11789 11893 11999 12002 12100 12115 12119 12132 12225 12239 12359 12479
moead,513_e-05,6,38,3500,70,29482849.548600,187578.605064,0.775510,0.224490,11679 11777 11786 11789 11893 11895 11990 12002 12115 12119 12132 12225 12239 12359 12479
moead,513_e-05,6,39,3500,70,29480975.476582,184038.344993,0.795918,0.204082,11679 11777 11786 11893 11895 11990 12002 12115 12119 12132 12225 12239 12359 12363 12479
moead,513_e-05,6,40,3500,70,29480975.476582,184038.344993,0.816327,0.183673,11679 11777 11786 11893 11895 11990 12002 12115 12119 12132 12225 12239 12359 12363 12479
moead,513_e-05,6,41,3500,70,29476091.435125,183552.231049,0.836735,0.163265,11679 11786 11789 11875 11997 12002 12115 12116 12119 12239 12359 12472 12479 12719 12976
moead,513_e-05,6,42,3500,70,29476091.435125,183552.231049,0.857143,0.142857,11679 11786 11789 11875 11997 12002 12115 12116 12119 12239 12359 12472 12479 12719 12976
moead,513_e-05,6,43,3500,70,29476091.435125,183552.231049,0.877551,0.122449,11679 11786 11789 11875 11997 12002 12115 12116 12119 12239 12359 12472 12479 12719 12976
moead,513_e-05,6,44,3500,70,29475169.793769,183213.168739,0.897959,0.102041,11679 11786 11789 11874 11997 12002 12115 12116 12119 12239 12356 12359 12472 12479 12973
moead,513_e-05,6,45,3500,70,29473578.214967,183162.558587,0.918367,0.081633,11481 11679 11786 11895 12002 12112 12115 12116 12119 12239 12356 12359 12472 12479 12719
moead,513_e-05,6,46,3500,70,29471587.334979,179196.512000,0.938776,0.061224,11679 11777 11786 11789 11895 12002 12115 12116 12119 12239 12356 12359 12472 12479 12973
moead,513_e-05,6,47,3500,70,29471587.334979,179196.512000,0.959184,0.040816,11679 11777 11786 11789 11895 12002 12115 12116 12119 12239 12356 12359 12472 12479 12973
moead,513_e-05,6,48,3500,70,29470393.198130,179181.489708,0.979592,0.020408,11679 11777 11786 11789 11895 12002 12115 12116 12119 12239 12356 12359 12472 12479 12844
moead,513_e-05,6,49,3500,70,29469205.154110,179048.445193,1.000000,0.000000,11679 11777 11786 11789 11895 12112 12115 12116 12119 12239 12356 12359 12472 12479 12719
moead,513_e-05,6,0,3550,71,34677576.037956,236183.260254,0.000000,1.000000,12595 12794 13540 14022 14392 15109 27796 31933 33654 60200 79548 85148 100033 116499 118233
moead,513_e-05,6,1,3550,71,30144395.163762,222159.118408,0.020408,0.979592,10253 10424 11212 11225 11800 11986 12262 12476 12687 13237 13540 14040 14358 15288 16379
moead,513_e-05,6,2,3550,71,29911687.858762,217583.576349,0.040816,0.959184,10964 11212 11225 11520 11576 11580 11784 11800 11986 12262 12476 12687 13540 14022 15109
moead,513_e-05,6,3,3550,71,29778597.058853,213046.638290,0.061224,0.938776,10964 11212 11225 11483 11580 11675 11771 11800 11986 12262 12476 12595 13540 14022 14372
moead,513_e-05,6,4,3550,71,29762391.303230,211889.854417,0.081633,0.918367,10964 11212 11225 11576 11580 11674 11784 11999 12233 12262 12360 12595 13540 14022 15109
moead,513_e-05,6,5,3550,71,29703409.885885,209034.791924,0.102041,0.897959,10964 11212 11225 11483 11580 11675 11771 11800 11986 12262 12476 12595 12837 13540 14022
moead,513_e-05,6,6,3550,71,29682697.375100,207778.442730,0.122449,0.877551,10964 11212 11225 11674 11778 11784 12233 12262 12360 12361 12480 12578 12595 13540 14022
moead,513_e-05,6,7,3550,71,29627514.220708,204293.762844,0.142857,0.857143,11212 11225 11576 11770 11784 12233 12262 12360 12361 12475 12480 12578 12595 13540 14022
moead,513_e-05,6,8,3550,71,29627514.220708,204293.762844,0.163265,0.836735,11212 11225 11576 11770 11784 12233 12262 12360 12361 12475 12480 12578 12595 13540 14022
moead,513_e-05,6,9,3550,71,29620581.081152,203642.110870,0.183673,0.816327,11212 11225 11579 11784 11889 12233 12262 12360 12361 12475 12480 12578 12595 13540 14022
moead,513_e-05,6,10,3550,71,29587200.423717,200144.942907,0.204082,0.795918,11225 11576 11579 11784 11889 12233 12234 12262 12360 12361 12475 12578 12595 13540 14022
moead,513_e-05,6,11,3550,71,29587200.423717,200144.942907,0.224490,0.775510,11225 11576 11579 11784 11889 12233 12234 12262 12360 12361 12475 12578 12595 13540 14022
moead,513_e-05,6,12,3550,71,29561414.785455,196593.514408,0.244898,0.755102,11212 11225 11576 11579 11784 11789 11894 12115 12119 12132 12343 12359 12595 12971 13253
moead,513_e-05,6,13,3550,71,29561414.785455,196593.514408,0.265306,0.734694,11212 11225 11576 11579 11784 11789 11894 12115 12119 12132 12343 12359 12595 12971 13253
moead,513_e-05,6,14,3550,71,29561414.785455,196593.514408,0.285714,0.714286,11212 11225 11576 11579 11784 11789 11894 12115 12119 12132 12343 12359 12595 12971 13253
moead,513_e-05,6,15,3550,71,29548866.158011,196102.599005,0.306122,0.693878,11294 11675 11786 11881 11893 11989 12091 12115 12119 12132 12224 12343 12359 12467 13253
moead,513_e-05,6,16,3550,71,29548866.158011,196102.599005,0.326531,0.673469,11294 11675 11786 11881 11893 11989 12091 12115 12119 12132 12224 12343 12359 12467 13253
moead,513_e-05,6,17,3550,71,29542684.116187,195370.682557,0.346939,0.653061,11294 11675 11786 11881 11893 11989 12091 12115 12119 12132 12479 12595 12725 12971 13253
moead,513_e-05,6,18,3550,71,29534698.491746,193040.521048,0.367347,0.632653,11229 11675 11685 11786 11796 11881 11893 12091 12115 12119 12132 12359 12467 12971 13253
moead,513_e-05,6,19,3550,71,29527913.486831,192870.363103,0.387755,0.612245,11564 11786 11881 11893 12002 12091 12115 12119 12132 12224 12343 12359 12467 12971 13253
moead,513_e-05,6,20,3550,71,29527913.486831,192870.363103,0.408163,0.591837,11564 11786 11881 11893 12002 12091 12115 12119 12132 12224 12343 12359 12467 12971 13253
moead,513_e-05,6,21,3550,71,29517037.294457,192607.086708,0.428571,0.571429,11786 11881 11893 11908 12002 12091 12115 12119 12224 12239 12359 12479 12957 12971 13253
moead,513_e-05,6,22,3550,71,29517037.294457,192607.086708,0.448980,0.551020,11786 11881 11893 11908 12002 12091 12115 12119 12224 12239 12359 12479 12957 12971 13253
moead,513_e-05,6,23,3550,71,29513147.704102,192491.280464,0.469388,0.530612,11786 11881 11893 11908 12002 12091 12115 12119 12132 12224 12239 12359 12479 12971 13253
moead,513_e-05,6,24,3550,71,29513147.704102,192491.280464,0.489796,0.510204,11786 11881 11893 11908 12002 12091 12115 12119 12132 12224 12239 12359 12479 12971 13253
moead,513_e-05,6,25,3550,71,29506955.754750,188500.331619,0.510204,0.489796,11675 11786 11875 11888 11893 11894 11908 12002 12119 12239 12359 12377 12479 12971 13253
moead,513_e-05,6,26,3550,71,29506955.754750,188500.331619,0.530612,0.469388,11675 11786 11875 11888 11893 11894 11908 12002 12119 12239 12359 12377 12479 12971 13253
moead,513_e-05,6,27,3550,71,29502613.012888,188450.219765,0.551020,0.448980,11675 11786 11875 11888 11893 11894 11908 12115 12119 12132 12239 12359 12479 12971 13253
moead,513_e-05,6,28,3550,71,29498765.107814,188427.705109,0.571429,0.428571,11675 11774 11786 11875 11888 11893 11894 11908 12002 12119 12239 12359 12479 12971 13253
moead,513_e-05,6,29,3550,71,29492992.590797,188324.772793,0.591837,0.408163,11675 11777 11786 11789 11893 11895 11990 12002 12115 12119 12132 12359 12479 12971 13253
moead,513_e-05,6,30,3550,71,29492992.590797,188324.772793,0.612245,0.387755,11675 11777 11786 11789 11893 11895 11990 12002 12115 12119 12132 12359 12479 12971 13253
moead,513_e-05,6,31,3550,71,29488274.244046,188134.083740,0.632653,0.367347,11679 11777 11786 11789 11893 11895 11990 12002 12115 12119 12132 12239 12359 12479 13253
moead,513_e-05,6,32,3550,71,29488274.244046,188134.083740,0.653061,0.346939,11679 11777 11786 11789 11893 11895 11990 12002 12115 12119 12132 12239 12359 12479 13253
moead,513_e-05,6,33,3550,71,29488274.244046,188134.083740,0.673469,0.326531,11679 11777 11786 11789 11893 11895 11990 12002 12115 12119 12132 12239 12359 12479 13253
moead,513_e-05,6,34,3550,71,29485617.936091,187780.328842,0.693878,0.306122,11679 11777 11786 11789 11893 11999 12002 12100 12115 12119 12132 12239 12359 12479 12971
moead,513_e-05,6,35,3550,71,29482849.548600,187578.605064,0.714286,0.285714,11679 11777 11786 11789 11893 11895 11990 12002 12115 12119 12132 12225 12239 12359 12479
moead,513_e-05,6,36,3550,71,29482849.548600,187578.605064,0.734694,0.265306,11679 11777 11786 11789 11893 11895 11990 12002 12115 12119 12132 12225 12239 12359 12479
moead,513_e-05,6,37,3550,71,29479886.079134,183692.713219,0.755102,0.244898,11679 11786 11789 11875 11997 12002 12115 12116 12119 12239 12359 12472 12719 12976 12977
moead,513_e-05,6,38,3550,71,29479886.079134,183692.713219,0.775510,0.224490,11679 11786 11789 11875 11997 12002 12115 12116 12119 12239 12359 12472 12719 12976 12977
moead,513_e-05,6,39,3550,71,29476091.435125,183552.231049,0.795918,0.204082,11679 11786 11789 11875 11997 12002 12115 12116 12119 12239 12359 12472 12479 12719 12976
moead,513_e-05,6,40,3550,71,29476091.435125,183552.231049,0.816327,0.183673,11679 11786 11789 11875 11997 12002 12115 12116 12119 12239 12359 12472 12479 12719 12976
moead,513_e-05,6,41,3550,71,29472910.302094,182878.568018,0.836735,0.163265,11679 11777 11786 11787 11895 12002 12115 12116 12119 12225 12239 12356 12359 12479 12976
moead,513_e-05,6,42,3550,71,29472910.302094,182878.568018,0.857143,0.142857,11679 11777 11786 11787 11895 12002 12115 12116 12119 12225 12239 12356 12359 12479 12976
moead,513_e-05,6,43,3550,71,29471755.282592,182794.103193,0.877551,0.122449,11679 11777 11786 11789 11895 12002 12115 12116 12119 12239 12356 12359 12472 12479 12976
moead,513_e-05,6,44,3550,71,29468825.849749,178984.911903,0.897959,0.102041,11679 11786 11895 11899 12002 12112 12115 12116 12119 12229 12239 12359 12472 12479 12719
moead,513_e-05,6,45,3550,71,29468825.849749,178984.911903,0.918367,0.081633,11679 11786 11895 11899 12002 12112 12115 12116 12119 12229 12239 12359 12472 12479 12719
moead,513_e-05,6,46,3550,71,29465017.147167,178983.115885,0.938776,0.061224,11679 11786 11895 12002 12112 12115 12116 12119 12229 12239 12356 12359 12472 12479 12719
moead,513_e-05,6,47,3550,71,29465017.147167,178983.115885,0.959184,0.040816,11679 11786 11895 12002 12112 12115 12116 12119 12229 12239 12356 12359 12472 12479 12719
moead,513_e-05,6,48,3550,71,29465017.147167,178983.115885,0.979592,0.020408,11679 11786 11895 12002 12112 12115 12116 12119 12229 12239 12356 12359 12472 12479 12719
moead,513_e-05,6,49,3550,71,29465017.147167,178983.115885,1.000000,0.000000,11679 11786 11895 12002 12112 12115 12116 12119 12229 12239 12356 12359 12472 12479 12719
moead,513_e-05,6,0,3600,72,35420565.081697,236183.260254,0.000000,1.000000,12595 12794 13540 14392 27796 31933 48746 60200 85148 100033 100055 116467 118233 124916 137301
moead,513_e-05,6,1,3600,72,30144395.163762,222159.118408,0.020408,0.979592,10253 10424 11212 11225 11800 11986 12262 12476 12687 13237 13540 14040 14358 15288 16379
moead,513_e-05,6,2,3600,72,29906364.662047,217583.576349,0.040816,0.959184,10964 11212 11225 11520 11576 11580 11784 11800 11986 12262 12476 12687 13540 14022 14372
moead,513_e-05,6,3,3600,72,29803066.224037,213495.504955,0.061224,0.938776,10911 10964 11212 11225 11483 11580 11675 11800 11986 12262 12476 12595 13540 14022 14372
moead,513_e-05,6,4,3600,72,29762391.303230,211889.854417,0.081633,0.918367,10964 11212 11225 11576 11580 11674 11784 11999 12233 12262 12360 12595 13540 14022 15109
moead,513_e-05,6,5,3600,72,29703409.885885,209034.791924,0.102041,0.897959,10964 11212 11225 11483 11580 11675 11771 11800 11986 12262 12476 12595 12837 13540 14022
moead,513_e-05,6,6,3600,72,29682697.375100,207778.442730,0.122449,0.877551,10964 11212 11225 11674 11778 11784 12233 12262 12360 12361 12480 12578 12595 13540 14022
moead,513_e-05,6,7,3600,72,29627514.220708,204293.762844,0.142857,0.857143,11212 11225 11576 11770 11784 12233 12262 12360 12361 12475 12480 12578 12595 13540 14022
moead,513_e-05,6,8,3600,72,29627514.220708,204293.762844,0.163265,0.836735,11212 11225 11576 11770 11784 12233 12262 12360 12361 12475 12480 12578 12595 13540 14022
moead,513_e-05,6,9,3600,72,29620581.081152,203642.110870,0.183673,0.816327,11212 11225 11579 11784 11889 12233 12262 12360 12361 12475 12480 12578 12595 13540 14022
moead,513_e-05,6,10,3600,72,29587200.423717,200144.942907,0.204082,0.795918,11225 11576 11579 11784 11889 12233 12234 12262 12360 12361 12475 12578 12595 13540 14022
moead,513_e-05,6,11,3600,72,29587200.423717,200144.942907,0.224490,0.775510,11225 11576 11579 11784 11889 12233 12234 12262 12360 12361 12475 12578 12595 13540 14022
moead,513_e-05,6,12,3600,72,29574555.057479,196690.623937,0.244898,0.755102,11225 11576 11579 11646 11784 11889 12233 12234 12262 12360 12361 12475 12578 12595 13540
moead,513_e-05,6,13,3600,72,29574555.057479,196690.623937,0.265306,0.734694,11225 11576 11579 11646 11784 11889 12233 12234 12262 12360 12361 12475 12578 12595 13540
moead,513_e-05,6,14,3600,72,29561414.785455,196593.514408,0.285714,0.714286,11212 11225 11576 11579 11784 11789 11894 12115 12119 12132 12343 12359 12595 12971 13253
moead,513_e-05,6,15,3600,72,29545956.269598,196181.483180,0.306122,0.693878,11294 11675 11786 11881 11893 11989 12091 12115 12119 12132 12343 12359 12595 12971 13253
moead,513_e-05,6,16,3600,72,29545956.269598,196181.483180,0.326531,0.673469,11294 11675 11786 11881 11893 11989 12091 12115 12119 12132 12343 12359 12595 12971 13253
moead,513_e-05,6,17,3600,72,29542684.116187,195370.682557,0.346939,0.653061,11294 11675 11786 11881 11893 11989 12091 12115 12119 12132 12479 12595 12725 12971 13253
moead,513_e-05,6,18,3600,72,29534698.491746,193040.521048,0.367347,0.632653,11229 11675 11685 11786 11796 11881 11893 12091 12115 12119 12132 12359 12467 12971 13253
moead,513_e-05,6,19,3600,72,29527913.486831,192870.363103,0.387755,0.612245,11564 11786 11881 11893 12002 12091 12115 12119 12132 12224 12343 12359 12467 12971 13253
moead,513_e-05,6,20,3600,72,29527913.486831,192870.363103,0.408163,0.591837,11564 11786 11881 11893 12002 12091 12115 12119 12132 12224 12343 12359 12467 12971 13253
moead,513_e-05,6,21,3600,72,29517037.294457,192607.086708,0.428571,0.571429,11786 11881 11893 11908 12002 12091 12115 12119 12224 12239 12359 12479 12957 12971 13253
moead,513_e-05,6,22,3600,72,29517037.294457,192607.086708,0.448980,0.551020,11786 11881 11893 11908 12002 12091 12115 12119 12224 12239 12359 12479 12957 12971 13253
moead,513_e-05,6,23,3600,72,29513147.704102,192491.280464,0.469388,0.530612,11786 11881 11893 11908 12002 12091 12115 12119 12132 12224 12239 12359 12479 12971 13253
moead,513_e-05,6,24,3600,72,29513147.704102,192491.280464,0.489796,0.510204,11786 11881 11893 11908 12002 12091 12115 12119 12132 12224 12239 12359 12479 12971 13253
moead,513_e-05,6,25,3600,72,29506955.754750,188500.331619,0.510204,0.489796,11675 11786 11875 11888 11893 11894 11908 12002 12119 12239 12359 12377 12479 12971 13253
moead,513_e-05,6,26,3600,72,29506955.754750,188500.331619,0.530612,0.469388,11675 11786 11875 11888 11893 11894 11908 12002 12119 12239 12359 12377 12479 12971 13253
moead,513_e-05,6,27,3600,72,29502613.012888,188450.219765,0.551020,0.448980,11675 11786 11875 11888 11893 11894 11908 12115 12119 12132 12239 12359 12479 12971 13253
moead,513_e-05,6,28,3600,72,29498765.107814,188427.705109,0.571429,0.428571,11675 11774 11786 11875 11888 11893 11894 11908 12002 12119 12239 12359 12479 12971 13253
moead,513_e-05,6,29,3600,72,29492992.590797,188324.772793,0.591837,0.408163,11675 11777 11786 11789 11893 11895 11990 12002 12115 12119 12132 12359 12479 12971 13253
moead,513_e-05,6,30,3600,72,29492992.590797,188324.772793,0.612245,0.387755,11675 11777 11786 11789 11893 11895 11990 12002 12115 12119 12132 12359 12479 12971 13253
moead,513_e-05,6,31,3600,72,29488274.244046,188134.083740,0.632653,0.367347,11679 11777 11786 11789 11893 11895 11990 12002 12115 12119 12132 12239 12359 12479 13253
moead,513_e-05,6,32,3600,72,29488274.244046,188134.083740,0.653061,0.346939,11679 11777 11786 11789 11893 11895 11990 12002 12115 12119 12132 12239 12359 12479 13253
moead,513_e-05,6,33,3600,72,29488274.244046,188134.083740,0.673469,0.326531,11679 11777 11786 11789 11893 11895 11990 12002 12115 12119 12132 12239 12359 12479 13253
moead,513_e-05,6,34,3600,72,29485617.936091,187780.328842,0.693878,0.306122,11679 11777 11786 11789 11893 11999 12002 12100 12115 12119 12132 12239 12359 12479 12971
moead,513_e-05,6,35,3600,72,29482849.548600,187578.605064,0.714286,0.285714,11679 11777 11786 11789 11893 11895 11990 12002 12115 12119 12132 12225 12239 12359 12479
moead,513_e-05,6,36,3600,72,29482849.548600,187578.605064,0.734694,0.265306,11679 11777 11786 11789 11893 11895 11990 12002 12115 12119 12132 12225 12239 12359 12479
moead,513_e-05,6,37,3600,72,29479886.079134,183692.713219,0.755102,0.244898,11679 11786 11789 11875 11997 12002 12115 12116 12119 12239 12359 12472 12719 12976 12977
moead,513_e-05,6,38,3600,72,29479886.079134,183692.713219,0.775510,0.224490,11679 11786 11789 11875 11997 12002 12115 12116 12119 12239 12359 12472 12719 12976 12977
moead,513_e-05,6,39,3600,72,29476091.435125,183552.231049,0.795918,0.204082,11679 11786 11789 11875 11997 12002 12115 12116 12119 12239 12359 12472 12479 12719 12976
moead,513_e-05,6,40,3600,72,29476091.435125,183552.231049,0.816327,0.183673,11679 11786 11789 11875 11997 12002 12115 12116 12119 12239 12359 12472 12479 12719 12976
moead,513_e-05,6,41,3600,72,29472910.302094,182878.568018,0.836735,0.163265,11679 11777 11786 11787 11895 12002 12115 12116 12119 12225 12239 12356 12359 12479 12976
moead,513_e-05,6,42,3600,72,29472910.302094,182878.568018,0.857143,0.142857,11679 11777 11786 11787 11895 12002 12115 12116 12119 12225 12239 12356 12359 12479 12976
moead,513_e-05,6,43,3600,72,29471755.282592,182794.103193,0.877551,0.122449,11679 11777 11786 11789 11895 12002 12115 12116 12119 12239 12356 12359 12472 12479 12976
moead,513_e-05,6,44,3600,72,29468825.849749,178984.911903,0.897959,0.102041,11679 11786 11895 11899 12002 12112 12115 12116 12119 12229 12239 12359 12472 12479 12719
moead,513_e-05,6,45,3600,72,29468825.849749,178984.911903,0.918367,0.081633,11679 11786 11895 11899 12002 12112 12115 12116 12119 12229 12239 12359 12472 12479 12719
moead,513_e-05,6,46,3600,72,29465017.147167,178983.115885,0.938776,0.061224,11679 11786 11895 12002 12112 12115 12116 12119 12229 12239 12356 12359 12472 12479 12719
moead,513_e-05,6,47,3600,72,29465017.147167,178983.115885,0.959184,0.040816,11679 11786 11895 12002 12112 12115 12116 12119 12229 12239 12356 12359 12472 12479 12719
moead,513_e-05,6,48,3600,72,29465017.147167,178983.115885,0.979592,0.020408,11679 11786 11895 12002 12112 12115 12116 12119 12229 12239 12356 12359 12472 12479 12719
moead,513_e-05,6,49,3600,72,29465017.147167,178983.115885,1.000000,0.000000,11679 11786 11895 12002 12112 12115 12116 12119 12229 12239 12356 12359 12472 12479 12719
moead,513_e-05,6,0,3650,73,34086266.984521,236183.260254,0.000000,1.000000,12262 12476 12794 13540 13703 35079 37136 54171 60200 60275 84169 89938 96415 100033 126894
moead,513_e-05,6,1,3650,73,30144395.163762,222159.118408,0.020408,0.979592,10253 10424 11212 11225 11800 11986 12262 12476 12687 13237 13540 14040 14358 15288 16379
moead,513_e-05,6,2,3650,73,29906364.662047,217583.576349,0.040816,0.959184,10964 11212 11225 11520 11576 11580 11784 11800 11986 12262 12476 12687 13540 14022 14372
moead,513_e-05,6,3,3650,73,29803066.224037,213495.504955,0.061224,0.938776,10911 10964 11212 11225 11483 11580 11675 11800 11986 12262 12476 12595 13540 14022 14372
moead,513_e-05,6,4,3650,73,29762391.303230,211889.854417,0.081633,0.918367,10964 11212 11225 11576 11580 11674 11784 11999 12233 12262 12360 12595 13540 14022 15109
moead,513_e-05,6,5,3650,73,29703409.885885,209034.791924,0.102041,0.897959,10964 11212 11225 11483 11580 11675 11771 11800 11986 12262 12476 12595 12837 13540 14022
moead,513_e-05,6,6,3650,73,29682697.375100,207778.442730,0.122449,0.877551,10964 11212 11225 11674 11778 11784 12233 12262 12360 12361 12480 12578 12595 13540 14022
moead,513_e-05,6,7,3650,73,29633688.758035,204293.762844,0.142857,0.857143,11212 11225 11497 11576 11770 11784 12233 12262 12360 12361 12475 12578 12595 13540 14022
moead,513_e-05,6,8,3650,73,29627514.220708,204293.762844,0.163265,0.836735,11212 11225 11576 11770 11784 12233 12262 12360 12361 12475 12480 12578 12595 13540 14022
moead,513_e-05,6,9,3650,73,29620581.081152,203642.110870,0.183673,0.816327,11212 11225 11579 11784 11889 12233 12262 12360 12361 12475 12480 12578 12595 13540 14022
moead,513_e-05,6,10,3650,73,29587200.423717,200144.942907,0.204082,0.795918,11225 11576 11579 11784 11889 12233 12234 12262 12360 12361 12475 12578 12595 13540 14022
moead,513_e-05,6,11,3650,73,29587200.423717,200144.942907,0.224490,0.775510,11225 11576 11579 11784 11889 12233 12234 12262 12360 12361 12475 12578 12595 13540 14022
moead,513_e-05,6,12,3650,73,29574555.057479,196690.623937,0.244898,0.755102,11225 11576 11579 11646 11784 11889 12233 12234 12262 12360 12361 12475 12578 12595 13540
moead,513_e-05,6,13,3650,73,29574555.057479,196690.623937,0.265306,0.734694,11225 11576 11579 11646 11784 11889 12233 12234 12262 12360 12361 12475 12578 12595 13540
moead,513_e-05,6,14,3650,73,29561414.785455,196593.514408,0.285714,0.714286,11212 11225 11576 11579 11784 11789 11894 12115 12119 12132 12343 12359 12595 12971 13253
moead,513_e-05,6,15,3650,73,29545292.879954,196525.283452,0.306122,0.693878,11294 11786 11881 11893 12002 12091 12115 12119 12132 12224 12343 12359 12467 12971 13253
moead,513_e-05,6,16,3650,73,29545292.879954,196525.283452,0.326531,0.673469,11294 11786 11881 11893 12002 12091 12115 12119 12132 12224 12343 12359 12467 12971 13253
moead,513_e-05,6,17,3650,73,29542684.116187,195370.682557,0.346939,0.653061,11294 11675 11786 11881 11893 11989 12091 12115 12119 12132 12479 12595 12725 12971 13253
moead,513_e-05,6,18,3650,73,29534698.491746,193040.521048,0.367347,0.632653,11229 11675 11685 11786 11796 11881 11893 12091 12115 12119 12132 12359 12467 12971 13253
moead,513_e-05,6,19,3650,73,29527913.486831,192870.363103,0.387755,0.612245,11564 11786 11881 11893 12002 12091 12115 12119 12132 12224 12343 12359 12467 12971 13253
moead,513_e-05,6,20,3650,73,29527913.486831,192870.363103,0.408163,0.591837,11564 11786 11881 11893 12002 12091 12115 12119 12132 12224 12343 12359 12467 12971 13253
moead,513_e-05,6,21,3650,73,29517037.294457,192607.086708,0.428571,0.571429,11786 11881 11893 11908 12002 12091 12115 12119 12224 12239 12359 12479 12957 12971 13253
moead,513_e-05,6,22,3650,73,29517037.294457,192607.086708,0.448980,0.551020,11786 11881 11893 11908 12002 12091 12115 12119 12224 12239 12359 12479 12957 12971 13253
moead,513_e-05,6,23,3650,73,29513147.704102,192491.280464,0.469388,0.530612,11786 11881 11893 11908 12002 12091 12115 12119 12132 12224 12239 12359 12479 12971 13253
moead,513_e-05,6,24,3650,73,29513147.704102,192491.280464,0.489796,0.510204,11786 11881 11893 11908 12002 12091 12115 12119 12132 12224 12239 12359 12479 12971 13253
moead,513_e-05,6,25,3650,73,29506955.754750,188500.331619,0.510204,0.489796,11675 11786 11875 11888 11893 11894 11908 12002 12119 12239 12359 12377 12479 12971 13253
moead,513_e-05,6,26,3650,73,29506955.754750,188500.331619,0.530612,0.469388,11675 11786 11875 11888 11893 11894 11908 12002 12119 12239 12359 12377 12479 12971 13253
moead,513_e-05,6,27,3650,73,29502613.012888,188450.219765,0.551020,0.448980,11675 11786 11875 11888 11893 11894 11908 12115 12119 12132 12239 12359 12479 12971 13253
moead,513_e-05,6,28,3650,73,29498765.107814,188427.705109,0.571429,0.428571,11675 11774 11786 11875 11888 11893 11894 11908 12002 12119 12239 12359 12479 12971 13253
moead,513_e-05,6,29,3650,73,29492992.590797,188324.772793,0.591837,0.408163,11675 11777 11786 11789 11893 11895 11990 12002 12115 12119 12132 12359 12479 12971 13253
moead,513_e-05,6,30,3650,73,29492992.590797,188324.772793,0.612245,0.387755,11675 11777 11786 11789 11893 11895 11990 12002 12115 12119 12132 12359 12479 12971 13253
moead,513_e-05,6,31,3650,73,29491962.917428,188266.874741,0.632653,0.367347,11679 11777 11786 11789 11893 11895 11990 12002 12115 12119 12132 12359 12479 12971 13253
moead,513_e-05,6,32,3650,73,29488274.244046,188134.083740,0.653061,0.346939,11679 11777 11786 11789 11893 11895 11990 12002 12115 12119 12132 12239 12359 12479 13253
moead,513_e-05,6,33,3650,73,29488274.244046,188134.083740,0.673469,0.326531,11679 11777 11786 11789 11893 11895 11990 12002 12115 12119 12132 12239 12359 12479 13253
moead,513_e-05,6,34,3650,73,29485617.936091,187780.328842,0.693878,0.306122,11679 11777 11786 11789 11893 11999 12002 12100 12115 12119 12132 12239 12359 12479 12971
moead,513_e-05,6,35,3650,73,29482849.548600,187578.605064,0.714286,0.285714,11679 11777 11786 11789 11893 11895 11990 12002 12115 12119 12132 12225 12239 12359 12479
moead,513_e-05,6,36,3650,73,29482849.548600,187578.605064,0.734694,0.265306,11679 11777 11786 11789 11893 11895 11990 12002 12115 12119 12132 12225 12239 12359 12479
moead,513_e-05,6,37,3650,73,29479886.079134,183692.713219,0.755102,0.244898,11679 11786 11789 11875 11997 12002 12115 12116 12119 12239 12359 12472 12719 12976 12977
moead,513_e-05,6,38,3650,73,29479886.079134,183692.713219,0.775510,0.224490,11679 11786 11789 11875 11997 12002 12115 12116 12119 12239 12359 12472 12719 12976 12977
moead,513_e-05,6,39,3650,73,29476091.435125,183552.231049,0.795918,0.204082,11679 11786 11789 11875 11997 12002 12115 12116 12119 12239 12359 12472 12479 12719 12976
moead,513_e-05,6,40,3650,73,29476091.435125,183552.231049,0.816327,0.183673,11679 11786 11789 11875 11997 12002 12115 12116 12119 12239 12359 12472 12479 12719 12976
moead,513_e-05,6,41,3650,73,29472910.302094,182878.568018,0.836735,0.163265,11679 11777 11786 11787 11895 12002 12115 12116 12119 12225 12239 12356 12359 12479 12976
moead,513_e-05,6,42,3650,73,29472910.302094,182878.568018,0.857143,0.142857,11679 11777 11786 11787 11895 12002 12115 12116 12119 12225 12239 12356 12359 12479 12976
moead,513_e-05,6,43,3650,73,29471755.282592,182794.103193,0.877551,0.122449,11679 11777 11786 11789 11895 12002 12115 12116 12119 12239 12356 12359 12472 12479 12976
moead,513_e-05,6,44,3650,73,29466081.982161,179098.746458,0.897959,0.102041,11679 11786 11895 12002 12112 12115 12116 12119 12229 12239 12356 12359 12479 12719 12845
moead,513_e-05,6,45,3650,73,29466081.982161,179098.746458,0.918367,0.081633,11679 11786 11895 12002 12112 12115 12116 12119 12229 12239 12356 12359 12479 12719 12845
moead,513_e-05,6,46,3650,73,29466081.982161,179098.746458,0.938776,0.061224,11679 11786 11895 12002 12112 12115 12116 12119 12229 12239 12356 12359 12479 12719 12845
moead,513_e-05,6,47,3650,73,29466081.982161,179098.746458,0.959184,0.040816,11679 11786 11895 12002 12112 12115 12116 12119 12229 12239 12356 12359 12479 12719 12845
moead,513_e-05,6,48,3650,73,29466081.982161,179098.746458,0.979592,0.020408,11679 11786 11895 12002 12112 12115 12116 12119 12229 12239 12356 12359 12479 12719 12845
moead,513_e-05,6,49,3650,73,29465017.147167,178983.115885,1.000000,0.000000,11679 11786 11895 12002 12112 12115 12116 12119 12229 12239 12356 12359 12472 12479 12719
moead,513_e-05,6,0,3700,74,34583534.226215,236183.260254,0.000000,1.000000,12262 12476 13540 13703 15109 29460 38959 58988 60275 82324 84169 86017 91468 141830 143418
moead,513_e-05,6,1,3700,74,30144395.163762,222159.118408,0.020408,0.979592,10253 10424 11212 11225 11800 11986 12262 12476 12687 13237 13540 14040 14358 15288 16379
moead,513_e-05,6,2,3700,74,29906364.662047,217583.576349,0.040816,0.959184,10964 11212 11225 11520 11576 11580 11784 11800 11986 12262 12476 12687 13540 14022 14372
moead,513_e-05,6,3,3700,74,29803066.224037,213495.504955,0.061224,0.938776,10911 10964 11212 11225 11483 11580 11675 11800 11986 12262 12476 12595 13540 14022 14372
moead,513_e-05,6,4,3700,74,29755219.117382,211889.854417,0.081633,0.918367,10964 11212 11225 11576 11580 11674 11784 11999 12233 12262 12360 12595 13540 13703 14372
moead,513_e-05,6,5,3700,74,29703409.885885,209034.791924,0.102041,0.897959,10964 11212 11225 11483 11580 11675 11771 11800 11986 12262 12476 12595 12837 13540 14022
moead,513_e-05,6,6,3700,74,29682697.375100,207778.442730,0.122449,0.877551,10964 11212 11225 11674 11778 11784 12233 12262 12360 12361 12480 12578 12595 13540 14022
moead,513_e-05,6,7,3700,74,29653261.189870,204750.090430,0.142857,0.857143,10989 11212 11225 11576 11784 12233 12262 12361 12475 12480 12578 12595 12837 13540 14022
moead,513_e-05,6,8,3700,74,29627514.220708,204293.762844,0.163265,0.836735,11212 11225 11576 11770 11784 12233 12262 12360 12361 12475 12480 12578 12595 13540 14022
moead,513_e-05,6,9,3700,74,29620581.081152,203642.110870,0.183673,0.816327,11212 11225 11579 11784 11889 12233 12262 12360 12361 12475 12480 12578 12595 13540 14022
moead,513_e-05,6,10,3700,74,29577883.410924,200172.613653,0.204082,0.795918,11212 11225 11576 11770 11784 12233 12234 12262 12360 12361 12475 12480 12578 12595 13540
moead,513_e-05,6,11,3700,74,29577883.410924,200172.613653,0.224490,0.775510,11212 11225 11576 11770 11784 12233 12234 12262 12360 12361 12475 12480 12578 12595 13540
moead,513_e-05,6,12,3700,74,29577883.410924,200172.613653,0.244898,0.755102,11212 11225 11576 11770 11784 12233 12234 12262 12360 12361 12475 12480 12578 12595 13540
moead,513_e-05,6,13,3700,74,29574555.057479,196690.623937,0.265306,0.734694,11225 11576 11579 11646 11784 11889 12233 12234 12262 12360 12361 12475 12578 12595 13540
moead,513_e-05,6,14,3700,74,29561414.785455,196593.514408,0.285714,0.714286,11212 11225 11576 11579 11784 11789 11894 12115 12119 12132 12343 12359 12595 12971 13253
moead,513_e-05,6,15,3700,74,29549969.143406,196561.793924,0.306122,0.693878,11294 11675 11786 11796 11881 11893 11989 12091 12115 12119 12132 12359 12467 12971 13253
moead,513_e-05,6,16,3700,74,29545292.879954,196525.283452,0.326531,0.673469,11294 11786 11881 11893 12002 12091 12115 12119 12132 12224 12343 12359 12467 12971 13253
moead,513_e-05,6,17,3700,74,29542684.116187,195370.682557,0.346939,0.653061,11294 11675 11786 11881 11893 11989 12091 12115 12119 12132 12479 12595 12725 12971 13253
moead,513_e-05,6,18,3700,74,29534698.491746,193040.521048,0.367347,0.632653,11229 11675 11685 11786 11796 11881 11893 12091 12115 12119 12132 12359 12467 12971 13253
moead,513_e-05,6,19,3700,74,29527913.486831,192870.363103,0.387755,0.612245,11564 11786 11881 11893 12002 12091 12115 12119 12132 12224 12343 12359 12467 12971 13253
moead,513_e-05,6,20,3700,74,29527913.486831,192870.363103,0.408163,0.591837,11564 11786 11881 11893 12002 12091 12115 12119 12132 12224 12343 12359 12467 12971 13253
moead,513_e-05,6,21,3700,74,29517037.294457,192607.086708,0.428571,0.571429,11786 11881 11893 11908 12002 12091 12115 12119 12224 12239 12359 12479 12957 12971 13253
moead,513_e-05,6,22,3700,74,29517037.294457,192607.086708,0.448980,0.551020,11786 11881 11893 11908 12002 12091 12115 12119 12224 12239 12359 12479 12957 12971 13253
moead,513_e-05,6,23,3700,74,29513147.704102,192491.280464,0.469388,0.530612,11786 11881 11893 11908 12002 12091 12115 12119 12132 12224 12239 12359 12479 12971 13253
moead,513_e-05,6,24,3700,74,29513147.704102,192491.280464,0.489796,0.510204,11786 11881 11893 11908 12002 12091 12115 12119 12132 12224 12239 12359 12479 12971 13253
moead,513_e-05,6,25,3700,74,29506955.754750,188500.331619,0.510204,0.489796,11675 11786 11875 11888 11893 11894 11908 12002 12119 12239 12359 12377 12479 12971 13253
moead,513_e-05,6,26,3700,74,29506955.754750,188500.331619,0.530612,0.469388,11675 11786 11875 11888 11893 11894 11908 12002 12119 12239 12359 12377 12479 12971 13253
moead,513_e-05,6,27,3700,74,29502613.012888,188450.219765,0.551020,0.448980,11675 11786 11875 11888 11893 11894 11908 12115 12119 12132 12239 12359 12479 12971 13253
moead,513_e-05,6,28,3700,74,29498765.107814,188427.705109,0.571429,0.428571,11675 11774 11786 11875 11888 11893 11894 11908 12002 12119 12239 12359 12479 12971 13253
moead,513_e-05,6,29,3700,74,29492992.590797,188324.772793,0.591837,0.408163,11675 11777 11786 11789 11893 11895 11990 12002 12115 12119 12132 12359 12479 12971 13253
moead,513_e-05,6,30,3700,74,29492992.590797,188324.772793,0.612245,0.387755,11675 11777 11786 11789 11893 11895 11990 12002 12115 12119 12132 12359 12479 12971 13253
moead,513_e-05,6,31,3700,74,29491962.917428,188266.874741,0.632653,0.367347,11679 11777 11786 11789 11893 11895 11990 12002 12115 12119 12132 12359 12479 12971 13253
moead,513_e-05,6,32,3700,74,29488274.244046,188134.083740,0.653061,0.346939,11679 11777 11786 11789 11893 11895 11990 12002 12115 12119 12132 12239 12359 12479 13253
moead,513_e-05,6,33,3700,74,29488274.244046,188134.083740,0.673469,0.326531,11679 11777 11786 11789 11893 11895 11990 12002 12115 12119 12132 12239 12359 12479 13253
moead,513_e-05,6,34,3700,74,29485617.936091,187780.328842,0.693878,0.306122,11679 11777 11786 11789 11893 11999 12002 12100 12115 12119 12132 12239 12359 12479 12971
moead,513_e-05,6,35,3700,74,29482849.548600,187578.605064,0.714286,0.285714,11679 11777 11786 11789 11893 11895 11990 12002 12115 12119 12132 12225 12239 12359 12479
moead,513_e-05,6,36,3700,74,29482849.548600,187578.605064,0.734694,0.265306,11679 11777 11786 11789 11893 11895 11990 12002 12115 12119 12132 12225 12239 12359 12479
moead,513_e-05,6,37,3700,74,29479886.079134,183692.713219,0.755102,0.244898,11679 11786 11789 11875 11997 12002 12115 12116 12119 12239 12359 12472 12719 12976 12977
moead,513_e-05,6,38,3700,74,29479886.079134,183692.713219,0.775510,0.224490,11679 11786 11789 11875 11997 12002 12115 12116 12119 12239 12359 12472 12719 12976 12977
moead,513_e-05,6,39,3700,74,29476091.435125,183552.231049,0.795918,0.204082,11679 11786 11789 11875 11997 12002 12115 12116 12119 12239 12359 12472 12479 12719 12976
moead,513_e-05,6,40,3700,74,29476091.435125,183552.231049,0.816327,0.183673,11679 11786 11789 11875 11997 12002 12115 12116 12119 12239 12359 12472 12479 12719 12976
moead,513_e-05,6,41,3700,74,29472910.302094,182878.568018,0.836735,0.163265,11679 11777 11786 11787 11895 12002 12115 12116 12119 12225 12239 12356 12359 12479 12976
moead,513_e-05,6,42,3700,74,29472910.302094,182878.568018,0.857143,0.142857,11679 11777 11786 11787 11895 12002 12115 12116 12119 12225 12239 12356 12359 12479 12976
moead,513_e-05,6,43,3700,74,29471755.282592,182794.103193,0.877551,0.122449,11679 11777 11786 11789 11895 12002 12115 12116 12119 12239 12356 12359 12472 12479 12976
moead,513_e-05,6,44,3700,74,29467310.524408,182686.035616,0.897959,0.102041,11679 11786 11895 12002 12112 12115 12116 12119 12229 12239 12356 12359 12479 12719 12975
moead,513_e-05,6,45,3700,74,29467310.524408,182686.035616,0.918367,0.081633,11679 11786 11895 12002 12112 12115 12116 12119 12229 12239 12356 12359 12479 12719 12975
moead,513_e-05,6,46,3700,74,29467310.524408,182686.035616,0.938776,0.061224,11679 11786 11895 12002 12112 12115 12116 12119 12229 12239 12356 12359 12479 12719 12975
moead,513_e-05,6,47,3700,74,29467310.524408,182686.035616,0.959184,0.040816,11679 11786 11895 12002 12112 12115 12116 12119 12229 12239 12356 12359 12479 12719 12975
moead,513_e-05,6,48,3700,74,29466081.982161,179098.746458,0.979592,0.020408,11679 11786 11895 12002 12112 12115 12116 12119 12229 12239 12356 12359 12479 12719 12845
moead,513_e-05,6,49,3700,74,29465017.147167,178983.115885,1.000000,0.000000,11679 11786 11895 12002 12112 12115 12116 12119 12229 12239 12356 12359 12472 12479 12719
moead,513_e-05,6,0,3750,75,35253143.916295,236183.260254,0.000000,1.000000,12262 13540 13703 14372 14392 25320 38959 56513 57120 60275 62473 70340 73782 91468 116032
moead,513_e-05,6,1,3750,75,30144395.163762,222159.118408,0.020408,0.979592,10253 10424 11212 11225 11800 11986 12262 12476 12687 13237 13540 14040 14358 15288 16379
moead,513_e-05,6,2,3750,75,29906364.662047,217583.576349,0.040816,0.959184,10964 11212 11225 11520 11576 11580 11784 11800 11986 12262 12476 12687 13540 14022 14372
moead,513_e-05,6,3,3750,75,29803066.224037,213495.504955,0.061224,0.938776,10911 10964 11212 11225 11483 11580 11675 11800 11986 12262 12476 12595 13540 14022 14372
moead,513_e-05,6,4,3750,75,29755219.117382,211889.854417,0.081633,0.918367,10964 11212 11225 11576 11580 11674 11784 11999 12233 12262 12360 12595 13540 13703 14372
moead,513_e-05,6,5,3750,75,29703409.885885,209034.791924,0.102041,0.897959,10964 11212 11225 11483 11580 11675 11771 11800 11986 12262 12476 12595 12837 13540 14022
moead,513_e-05,6,6,3750,75,29682697.375100,207778.442730,0.122449,0.877551,10964 11212 11225 11674 11778 11784 12233 12262 12360 12361 12480 12578 12595 13540 14022
moead,513_e-05,6,7,3750,75,29653261.189870,204750.090430,0.142857,0.857143,10989 11212 11225 11576 11784 12233 12262 12361 12475 12480 12578 12595 12837 13540 14022
moead,513_e-05,6,8,3750,75,29627514.220708,204293.762844,0.163265,0.836735,11212 11225 11576 11770 11784 12233 12262 12360 12361 12475 12480 12578 12595 13540 14022
moead,513_e-05,6,9,3750,75,29620581.081152,203642.110870,0.183673,0.816327,11212 11225 11579 11784 11889 12233 12262 12360 12361 12475 12480 12578 12595 13540 14022
moead,513_e-05,6,10,3750,75,29577883.410924,200172.613653,0.204082,0.795918,11212 11225 11576 11770 11784 12233 12234 12262 12360 12361 12475 12480 12578 12595 13540
moead,513_e-05,6,11,3750,75,29577883.410924,200172.613653,0.224490,0.775510,11212 11225 11576 11770 11784 12233 12234 12262 12360 12361 12475 12480 12578 12595 13540
moead,513_e-05,6,12,3750,75,29577883.410924,200172.613653,0.244898,0.755102,11212 11225 11576 11770 11784 12233 12234 12262 12360 12361 12475 12480 12578 12595 13540
moead,513_e-05,6,13,3750,75,29565648.004685,196666.135048,0.265306,0.734694,11294 11786 11881 11893 12002 12091 12115 12119 12132 12224 12359 12467 12971 13253 14531
moead,513_e-05,6,14,3750,75,29561414.785455,196593.514408,0.285714,0.714286,11212 11225 11576 11579 11784 11789 11894 12115 12119 12132 12343 12359 12595 12971 13253
moead,513_e-05,6,15,3750,75,29549969.143406,196561.793924,0.306122,0.693878,11294 11675 11786 11796 11881 11893 11989 12091 12115 12119 12132 12359 12467 12971 13253
moead,513_e-05,6,16,3750,75,29545292.879954,196525.283452,0.326531,0.673469,11294 11786 11881 11893 12002 12091 12115 12119 12132 12224 12343 12359 12467 12971 13253
moead,513_e-05,6,17,3750,75,29542684.116187,195370.682557,0.346939,0.653061,11294 11675 11786 11881 11893 11989 12091 12115 12119 12132 12479 12595 12725 12971 13253
moead,513_e-05,6,18,3750,75,29534698.491746,193040.521048,0.367347,0.632653,11229 11675 11685 11786 11796 11881 11893 12091 12115 12119 12132 12359 12467 12971 13253
moead,513_e-05,6,19,3750,75,29527913.486831,192870.363103,0.387755,0.612245,11564 11786 11881 11893 12002 12091 12115 12119 12132 12224 12343 12359 12467 12971 13253
moead,513_e-05,6,20,3750,75,29527913.486831,192870.363103,0.408163,0.591837,11564 11786 11881 11893 12002 12091 12115 12119 12132 12224 12343 12359 12467 12971 13253
moead,513_e-05,6,21,3750,75,29517037.294457,192607.086708,0.428571,0.571429,11786 11881 11893 11908 12002 12091 12115 12119 12224 12239 12359 12479 12957 12971 13253
moead,513_e-05,6,22,3750,75,29517037.294457,192607.086708,0.448980,0.551020,11786 11881 11893 11908 12002 12091 12115 12119 12224 12239 12359 12479 12957 12971 13253
moead,513_e-05,6,23,3750,75,29513147.704102,192491.280464,0.469388,0.530612,11786 11881 11893 11908 12002 12091 12115 12119 12132 12224 12239 12359 12479 12971 13253
moead,513_e-05,6,24,3750,75,29513147.704102,192491.280464,0.489796,0.510204,11786 11881 11893 11908 12002 12091 12115 12119 12132 12224 12239 12359 12479 12971 13253
moead,513_e-05,6,25,3750,75,29506955.754750,188500.331619,0.510204,0.489796,11675 11786 11875 11888 11893 11894 11908 12002 12119 12239 12359 12377 12479 12971 13253
moead,513_e-05,6,26,3750,75,29506955.754750,188500.331619,0.530612,0.469388,11675 11786 11875 11888 11893 11894 11908 12002 12119 12239 12359 12377 12479 12971 13253
moead,513_e-05,6,27,3750,75,29502613.012888,188450.219765,0.551020,0.448980,11675 11786 11875 11888 11893 11894 11908 12115 12119 12132 12239 12359 12479 12971 13253
moead,513_e-05,6,28,3750,75,29498765.107814,188427.705109,0.571429,0.428571,11675 11774 11786 11875 11888 11893 11894 11908 12002 12119 12239 12359 12479 12971 13253
moead,513_e-05,6,29,3750,75,29492992.590797,188324.772793,0.591837,0.408163,11675 11777 11786 11789 11893 11895 11990 12002 12115 12119 12132 12359 12479 12971 13253
moead,513_e-05,6,30,3750,75,29492992.590797,188324.772793,0.612245,0.387755,11675 11777 11786 11789 11893 11895 11990 12002 12115 12119 12132 12359 12479 12971 13253
moead,513_e-05,6,31,3750,75,29491962.917428,188266.874741,0.632653,0.367347,11679 11777 11786 11789 11893 11895 11990 12002 12115 12119 12132 12359 12479 12971 13253
moead,513_e-05,6,32,3750,75,29488274.244046,188134.083740,0.653061,0.346939,11679 11777 11786 11789 11893 11895 11990 12002 12115 12119 12132 12239 12359 12479 13253
moead,513_e-05,6,33,3750,75,29488274.244046,188134.083740,0.673469,0.326531,11679 11777 11786 11789 11893 11895 11990 12002 12115 12119 12132 12239 12359 12479 13253
moead,513_e-05,6,34,3750,75,29485617.936091,187780.328842,0.693878,0.306122,11679 11777 11786 11789 11893 11999 12002 12100 12115 12119 12132 12239 12359 12479 12971
moead,513_e-05,6,35,3750,75,29482849.548600,187578.605064,0.714286,0.285714,11679 11777 11786 11789 11893 11895 11990 12002 12115 12119 12132 12225 12239 12359 12479
moead,513_e-05,6,36,3750,75,29482849.548600,187578.605064,0.734694,0.265306,11679 11777 11786 11789 11893 11895 11990 12002 12115 12119 12132 12225 12239 12359 12479
moead,513_e-05,6,37,3750,75,29479886.079134,183692.713219,0.755102,0.244898,11679 11786 11789 11875 11997 12002 12115 12116 12119 12239 12359 12472 12719 12976 12977
moead,513_e-05,6,38,3750,75,29479886.079134,183692.713219,0.775510,0.224490,11679 11786 11789 11875 11997 12002 12115 12116 12119 12239 12359 12472 12719 12976 12977
moead,513_e-05,6,39,3750,75,29476632.962117,183554.057926,0.795918,0.204082,11679 11786 11789 11875 11997 12002 12110 12115 12116 12119 12239 12359 12472 12719 12976
moead,513_e-05,6,40,3750,75,29476632.962117,183554.057926,0.816327,0.183673,11679 11786 11789 11875 11997 12002 12110 12115 12116 12119 12239 12359 12472 12719 12976
moead,513_e-05,6,41,3750,75,29472910.302094,182878.568018,0.836735,0.163265,11679 11777 11786 11787 11895 12002 12115 12116 12119 12225 12239 12356 12359 12479 12976
moead,513_e-05,6,42,3750,75,29472910.302094,182878.568018,0.857143,0.142857,11679 11777 11786 11787 11895 12002 12115 12116 12119 12225 12239 12356 12359 12479 12976
moead,513_e-05,6,43,3750,75,29471755.282592,182794.103193,0.877551,0.122449,11679 11777 11786 11789 11895 12002 12115 12116 12119 12239 12356 12359 12472 12479 12976
moead,513_e-05,6,44,3750,75,29467310.524408,182686.035616,0.897959,0.102041,11679 11786 11895 12002 12112 12115 12116 12119 12229 12239 12356 12359 12479 12719 12975
moead,513_e-05,6,45,3750,75,29467310.524408,182686.035616,0.918367,0.081633,11679 11786 11895 12002 12112 12115 12116 12119 12229 12239 12356 12359 12479 12719 12975
moead,513_e-05,6,46,3750,75,29467310.524408,182686.035616,0.938776,0.061224,11679 11786 11895 12002 12112 12115 12116 12119 12229 12239 12356 12359 12479 12719 12975
moead,513_e-05,6,47,3750,75,29467310.524408,182686.035616,0.959184,0.040816,11679 11786 11895 12002 12112 12115 12116 12119 12229 12239 12356 12359 12479 12719 12975
moead,513_e-05,6,48,3750,75,29466081.982161,179098.746458,0.979592,0.020408,11679 11786 11895 12002 12112 12115 12116 12119 12229 12239 12356 12359 12479 12719 12845
moead,513_e-05,6,49,3750,75,29465017.147167,178983.115885,1.000000,0.000000,11679 11786 11895 12002 12112 12115 12116 12119 12229 12239 12356 12359 12472 12479 12719
moead,513_e-05,6,0,3800,76,36051704.390910,236183.260254,0.000000,1.000000,5652 13540 13703 14392 17456 25320 41094 56513 57207 60275 62473 73782 106282 113276 116032
moead,513_e-05,6,1,3800,76,30144395.163762,222159.118408,0.020408,0.979592,10253 10424 11212 11225 11800 11986 12262 12476 12687 13237 13540 14040 14358 15288 16379
moead,513_e-05,6,2,3800,76,29906364.662047,217583.576349,0.040816,0.959184,10964 11212 11225 11520 11576 11580 11784 11800 11986 12262 12476 12687 13540 14022 14372
moead,513_e-05,6,3,3800,76,29803066.224037,213495.504955,0.061224,0.938776,10911 10964 11212 11225 11483 11580 11675 11800 11986 12262 12476 12595 13540 14022 14372
moead,513_e-05,6,4,3800,76,29755219.117382,211889.854417,0.081633,0.918367,10964 11212 11225 11576 11580 11674 11784 11999 12233 12262 12360 12595 13540 13703 14372
moead,513_e-05,6,5,3800,76,29703409.885885,209034.791924,0.102041,0.897959,10964 11212 11225 11483 11580 11675 11771 11800 11986 12262 12476 12595 12837 13540 14022
moead,513_e-05,6,6,3800,76,29682697.375100,207778.442730,0.122449,0.877551,10964 11212 11225 11674 11778 11784 12233 12262 12360 12361 12480 12578 12595 13540 14022
moead,513_e-05,6,7,3800,76,29653261.189870,204750.090430,0.142857,0.857143,10989 11212 11225 11576 11784 12233 12262 12361 12475 12480 12578 12595 12837 13540 14022
moead,513_e-05,6,8,3800,76,29627514.220708,204293.762844,0.163265,0.836735,11212 11225 11576 11770 11784 12233 12262 12360 12361 12475 12480 12578 12595 13540 14022
moead,513_e-05,6,9,3800,76,29620581.081152,203642.110870,0.183673,0.816327,11212 11225 11579 11784 11889 12233 12262 12360 12361 12475 12480 12578 12595 13540 14022
moead,513_e-05,6,10,3800,76,29577883.410924,200172.613653,0.204082,0.795918,11212 11225 11576 11770 11784 12233 12234 12262 12360 12361 12475 12480 12578 12595 13540
moead,513_e-05,6,11,3800,76,29577883.410924,200172.613653,0.224490,0.775510,11212 11225 11576 11770 11784 12233 12234 12262 12360 12361 12475 12480 12578 12595 13540
moead,513_e-05,6,12,3800,76,29576614.728411,200066.276525,0.244898,0.755102,11212 11225 11579 11770 11784 12233 12234 12262 12360 12361 12475 12480 12578 12595 13540
moead,513_e-05,6,13,3800,76,29565648.004685,196666.135048,0.265306,0.734694,11294 11786 11881 11893 12002 12091 12115 12119 12132 12224 12359 12467 12971 13253 14531
moead,513_e-05,6,14,3800,76,29561414.785455,196593.514408,0.285714,0.714286,11212 11225 11576 11579 11784 11789 11894 12115 12119 12132 12343 12359 12595 12971 13253
moead,513_e-05,6,15,3800,76,29549969.143406,196561.793924,0.306122,0.693878,11294 11675 11786 11796 11881 11893 11989 12091 12115 12119 12132 12359 12467 12971 13253
moead,513_e-05,6,16,3800,76,29545292.879954,196525.283452,0.326531,0.673469,11294 11786 11881 11893 12002 12091 12115 12119 12132 12224 12343 12359 12467 12971 13253
moead,513_e-05,6,17,3800,76,29542684.116187,195370.682557,0.346939,0.653061,11294 11675 11786 11881 11893 11989 12091 12115 12119 12132 12479 12595 12725 12971 13253
moead,513_e-05,6,18,3800,76,29534698.491746,193040.521048,0.367347,0.632653,11229 11675 11685 11786 11796 11881 11893 12091 12115 12119 12132 12359 12467 12971 13253
moead,513_e-05,6,19,3800,76,29527913.486831,192870.363103,0.387755,0.612245,11564 11786 11881 11893 12002 12091 12115 12119 12132 12224 12343 12359 12467 12971 13253
moead,513_e-05,6,20,3800,76,29527913.486831,192870.363103,0.408163,0.591837,11564 11786 11881 11893 12002 12091 12115 12119 12132 12224 12343 12359 12467 12971 13253
moead,513_e-05,6,21,3800,76,29517037.294457,192607.086708,0.428571,0.571429,11786 11881 11893 11908 12002 12091 12115 12119 12224 12239 12359 12479 12957 12971 13253
moead,513_e-05,6,22,3800,76,29517037.294457,192607.086708,0.448980,0.551020,11786 11881 11893 11908 12002 12091 12115 12119 12224 12239 12359 12479 12957 12971 13253
moead,513_e-05,6,23,3800,76,29513147.704102,192491.280464,0.469388,0.530612,11786 11881 11893 11908 12002 12091 12115 12119 12132 12224 12239 12359 12479 12971 13253
moead,513_e-05,6,24,3800,76,29506433.055127,191753.538722,0.489796,0.510204,11786 11881 11893 11908 12002 12091 12115 12119 12224 12239 12359 12471 12479 12971 13253
moead,513_e-05,6,25,3800,76,29506433.055127,191753.538722,0.510204,0.489796,11786 11881 11893 11908 12002 12091 12115 12119 12224 12239 12359 12471 12479 12971 13253
moead,513_e-05,6,26,3800,76,29506433.055127,191753.538722,0.530612,0.469388,11786 11881 11893 11908 12002 12091 12115 12119 12224 12239 12359 12471 12479 12971 13253
moead,513_e-05,6,27,3800,76,29502613.012888,188450.219765,0.551020,0.448980,11675 11786 11875 11888 11893 11894 11908 12115 12119 12132 12239 12359 12479 12971 13253
moead,513_e-05,6,28,3800,76,29498765.107814,188427.705109,0.571429,0.428571,11675 11774 11786 11875 11888 11893 11894 11908 12002 12119 12239 12359 12479 12971 13253
moead,513_e-05,6,29,3800,76,29492992.590797,188324.772793,0.591837,0.408163,11675 11777 11786 11789 11893 11895 11990 12002 12115 12119 12132 12359 12479 12971 13253
moead,513_e-05,6,30,3800,76,29492992.590797,188324.772793,0.612245,0.387755,11675 11777 11786 11789 11893 11895 11990 12002 12115 12119 12132 12359 12479 12971 13253
moead,513_e-05,6,31,3800,76,29491962.917428,188266.874741,0.632653,0.367347,11679 11777 11786 11789 11893 11895 11990 12002 12115 12119 12132 12359 12479 12971 13253
moead,513_e-05,6,32,3800,76,29488274.244046,188134.083740,0.653061,0.346939,11679 11777 11786 11789 11893 11895 11990 12002 12115 12119 12132 12239 12359 12479 13253
moead,513_e-05,6,33,3800,76,29488274.244046,188134.083740,0.673469,0.326531,11679 11777 11786 11789 11893 11895 11990 12002 12115 12119 12132 12239 12359 12479 13253
moead,513_e-05,6,34,3800,76,29485617.936091,187780.328842,0.693878,0.306122,11679 11777 11786 11789 11893 11999 12002 12100 12115 12119 12132 12239 12359 12479 12971
moead,513_e-05,6,35,3800,76,29483563.513410,187670.528915,0.714286,0.285714,11679 11777 11786 11789 11893 11895 11990 12002 12115 12119 12132 12239 12359 12479 12971
moead,513_e-05,6,36,3800,76,29482849.548600,187578.605064,0.734694,0.265306,11679 11777 11786 11789 11893 11895 11990 12002 12115 12119 12132 12225 12239 12359 12479
moead,513_e-05,6,37,3800,76,29479886.079134,183692.713219,0.755102,0.244898,11679 11786 11789 11875 11997 12002 12115 12116 12119 12239 12359 12472 12719 12976 12977
moead,513_e-05,6,38,3800,76,29479886.079134,183692.713219,0.775510,0.224490,11679 11786 11789 11875 11997 12002 12115 12116 12119 12239 12359 12472 12719 12976 12977
moead,513_e-05,6,39,3800,76,29475635.886399,183554.057926,0.795918,0.204082,11679 11786 11875 11997 12002 12007 12110 12115 12116 12119 12239 12359 12472 12719 12976
moead,513_e-05,6,40,3800,76,29475635.886399,183554.057926,0.816327,0.183673,11679 11786 11875 11997 12002 12007 12110 12115 12116 12119 12239 12359 12472 12719 12976
moead,513_e-05,6,41,3800,76,29472910.302094,182878.568018,0.836735,0.163265,11679 11777 11786 11787 11895 12002 12115 12116 12119 12225 12239 12356 12359 12479 12976
moead,513_e-05,6,42,3800,76,29472910.302094,182878.568018,0.857143,0.142857,11679 11777 11786 11787 11895 12002 12115 12116 12119 12225 12239 12356 12359 12479 12976
moead,513_e-05,6,43,3800,76,29471755.282592,182794.103193,0.877551,0.122449,11679 11777 11786 11789 11895 12002 12115 12116 12119 12239 12356 12359 12472 12479 12976
moead,513_e-05,6,44,3800,76,29467310.524408,182686.035616,0.897959,0.102041,11679 11786 11895 12002 12112 12115 12116 12119 12229 12239 12356 12359 12479 12719 12975
moead,513_e-05,6,45,3800,76,29467310.524408,182686.035616,0.918367,0.081633,11679 11786 11895 12002 12112 12115 12116 12119 12229 12239 12356 12359 12479 12719 12975
moead,513_e-05,6,46,3800,76,29467310.524408,182686.035616,0.938776,0.061224,11679 11786 11895 12002 12112 12115 12116 12119 12229 12239 12356 12359 12479 12719 12975
moead,513_e-05,6,47,3800,76,29467310.524408,182686.035616,0.959184,0.040816,11679 11786 11895 12002 12112 12115 12116 12119 12229 12239 12356 12359 12479 12719 12975
moead,513_e-05,6,48,3800,76,29466081.982161,179098.746458,0.979592,0.020408,11679 11786 11895 12002 12112 12115 12116 12119 12229 12239 12356 12359 12479 12719 12845
moead,513_e-05,6,49,3800,76,29465017.147167,178983.115885,1.000000,0.000000,11679 11786 11895 12002 12112 12115 12116 12119 12229 12239 12356 12359 12472 12479 12719
moead,513_e-05,6,0,3850,77,37610095.145883,236183.260254,0.000000,1.000000,5652 13703 23468 25320 29714 57207 60605 62473 67489 100575 106282 113276 116032 184066 184615
moead,513_e-05,6,1,3850,77,30144395.163762,222159.118408,0.020408,0.979592,10253 10424 11212 11225 11800 11986 12262 12476 12687 13237 13540 14040 14358 15288 16379
moead,513_e-05,6,2,3850,77,29906364.662047,217583.576349,0.040816,0.959184,10964 11212 11225 11520 11576 11580 11784 11800 11986 12262 12476 12687 13540 14022 14372
moead,513_e-05,6,3,3850,77,29803066.224037,213495.504955,0.061224,0.938776,10911 10964 11212 11225 11483 11580 11675 11800 11986 12262 12476 12595 13540 14022 14372
moead,513_e-05,6,4,3850,77,29755219.117382,211889.854417,0.081633,0.918367,10964 11212 11225 11576 11580 11674 11784 11999 12233 12262 12360 12595 13540 13703 14372
moead,513_e-05,6,5,3850,77,29703409.885885,209034.791924,0.102041,0.897959,10964 11212 11225 11483 11580 11675 11771 11800 11986 12262 12476 12595 12837 13540 14022
moead,513_e-05,6,6,3850,77,29682697.375100,207778.442730,0.122449,0.877551,10964 11212 11225 11674 11778 11784 12233 12262 12360 12361 12480 12578 12595 13540 14022
moead,513_e-05,6,7,3850,77,29638981.676095,204890.616189,0.142857,0.857143,11212 11225 11576 11770 11771 11784 11800 11986 12233 12262 12476 12595 12837 13540 14022
moead,513_e-05,6,8,3850,77,29627514.220708,204293.762844,0.163265,0.836735,11212 11225 11576 11770 11784 12233 12262 12360 12361 12475 12480 12578 12595 13540 14022
moead,513_e-05,6,9,3850,77,29620581.081152,203642.110870,0.183673,0.816327,11212 11225 11579 11784 11889 12233 12262 12360 12361 12475 12480 12578 12595 13540 14022
moead,513_e-05,6,10,3850,77,29577883.410924,200172.613653,0.204082,0.795918,11212 11225 11576 11770 11784 12233 12234 12262 12360 12361 12475 12480 12578 12595 13540
moead,513_e-05,6,11,3850,77,29577883.410924,200172.613653,0.224490,0.775510,11212 11225 11576 11770 11784 12233 12234 12262 12360 12361 12475 12480 12578 12595 13540
moead,513_e-05,6,12,3850,77,29576614.728411,200066.276525,0.244898,0.755102,11212 11225 11579 11770 11784 12233 12234 12262 12360 12361 12475 12480 12578 12595 13540
moead,513_e-05,6,13,3850,77,29565648.004685,196666.135048,0.265306,0.734694,11294 11786 11881 11893 12002 12091 12115 12119 12132 12224 12359 12467 12971 13253 14531
moead,513_e-05,6,14,3850,77,29561414.785455,196593.514408,0.285714,0.714286,11212 11225 11576 11579 11784 11789 11894 12115 12119 12132 12343 12359 12595 12971 13253
moead,513_e-05,6,15,3850,77,29549969.143406,196561.793924,0.306122,0.693878,11294 11675 11786 11796 11881 11893 11989 12091 12115 12119 12132 12359 12467 12971 13253
moead,513_e-05,6,16,3850,77,29545292.879954,196525.283452,0.326531,0.673469,11294 11786 11881 11893 12002 12091 12115 12119 12132 12224 12343 12359 12467 12971 13253
moead,513_e-05,6,17,3850,77,29542684.116187,195370.682557,0.346939,0.653061,11294 11675 11786 11881 11893 11989 12091 12115 12119 12132 12479 12595 12725 12971 13253
moead,513_e-05,6,18,3850,77,29534698.491746,193040.521048,0.367347,0.632653,11229 11675 11685 11786 11796 11881 11893 12091 12115 12119 12132 12359 12467 12971 13253
moead,513_e-05,6,19,3850,77,29527913.486831,192870.363103,0.387755,0.612245,11564 11786 11881 11893 12002 12091 12115 12119 12132 12224 12343 12359 12467 12971 13253
moead,513_e-05,6,20,3850,77,29527913.486831,192870.363103,0.408163,0.591837,11564 11786 11881 11893 12002 12091 12115 12119 12132 12224 12343 12359 12467 12971 13253
moead,513_e-05,6,21,3850,77,29517037.294457,192607.086708,0.428571,0.571429,11786 11881 11893 11908 12002 12091 12115 12119 12224 12239 12359 12479 12957 12971 13253
moead,513_e-05,6,22,3850,77,29517037.294457,192607.086708,0.448980,0.551020,11786 11881 11893 11908 12002 12091 12115 12119 12224 12239 12359 12479 12957 12971 13253
moead,513_e-05,6,23,3850,77,29513147.704102,192491.280464,0.469388,0.530612,11786 11881 11893 11908 12002 12091 12115 12119 12132 12224 12239 12359 12479 12971 13253
moead,513_e-05,6,24,3850,77,29511139.453065,192197.961502,0.489796,0.510204,11594 11786 11881 11893 11908 12002 12091 12115 12119 12132 12224 12239 12359 12479 12971
moead,513_e-05,6,25,3850,77,29506433.055127,191753.538722,0.510204,0.489796,11786 11881 11893 11908 12002 12091 12115 12119 12224 12239 12359 12471 12479 12971 13253
moead,513_e-05,6,26,3850,77,29506433.055127,191753.538722,0.530612,0.469388,11786 11881 11893 11908 12002 12091 12115 12119 12224 12239 12359 12471 12479 12971 13253
moead,513_e-05,6,27,3850,77,29502613.012888,188450.219765,0.551020,0.448980,11675 11786 11875 11888 11893 11894 11908 12115 12119 12132 12239 12359 12479 12971 13253
moead,513_e-05,6,28,3850,77,29498765.107814,188427.705109,0.571429,0.428571,11675 11774 11786 11875 11888 11893 11894 11908 12002 12119 12239 12359 12479 12971 13253
moead,513_e-05,6,29,3850,77,29492992.590797,188324.772793,0.591837,0.408163,11675 11777 11786 11789 11893 11895 11990 12002 12115 12119 12132 12359 12479 12971 13253
moead,513_e-05,6,30,3850,77,29492992.590797,188324.772793,0.612245,0.387755,11675 11777 11786 11789 11893 11895 11990 12002 12115 12119 12132 12359 12479 12971 13253
moead,513_e-05,6,31,3850,77,29491962.917428,188266.874741,0.632653,0.367347,11679 11777 11786 11789 11893 11895 11990 12002 12115 12119 12132 12359 12479 12971 13253
moead,513_e-05,6,32,3850,77,29488274.244046,188134.083740,0.653061,0.346939,11679 11777 11786 11789 11893 11895 11990 12002 12115 12119 12132 12239 12359 12479 13253
moead,513_e-05,6,33,3850,77,29488274.244046,188134.083740,0.673469,0.326531,11679 11777 11786 11789 11893 11895 11990 12002 12115 12119 12132 12239 12359 12479 13253
moead,513_e-05,6,34,3850,77,29485617.936091,187780.328842,0.693878,0.306122,11679 11777 11786 11789 11893 11999 12002 12100 12115 12119 12132 12239 12359 12479 12971
moead,513_e-05,6,35,3850,77,29483563.513410,187670.528915,0.714286,0.285714,11679 11777 11786 11789 11893 11895 11990 12002 12115 12119 12132 12239 12359 12479 12971
moead,513_e-05,6,36,3850,77,29482849.548600,187578.605064,0.734694,0.265306,11679 11777 11786 11789 11893 11895 11990 12002 12115 12119 12132 12225 12239 12359 12479
moead,513_e-05,6,37,3850,77,29479886.079134,183692.713219,0.755102,0.244898,11679 11786 11789 11875 11997 12002 12115 12116 12119 12239 12359 12472 12719 12976 12977
moead,513_e-05,6,38,3850,77,29479886.079134,183692.713219,0.775510,0.224490,11679 11786 11789 11875 11997 12002 12115 12116 12119 12239 12359 12472 12719 12976 12977
moead,513_e-05,6,39,3850,77,29475635.886399,183554.057926,0.795918,0.204082,11679 11786 11875 11997 12002 12007 12110 12115 12116 12119 12239 12359 12472 12719 12976
moead,513_e-05,6,40,3850,77,29475635.886399,183554.057926,0.816327,0.183673,11679 11786 11875 11997 12002 12007 12110 12115 12116 12119 12239 12359 12472 12719 12976
moead,513_e-05,6,41,3850,77,29474211.687108,183156.203404,0.836735,0.163265,11679 11777 11786 11787 11895 12002 12115 12116 12119 12225 12239 12356 12359 12719 12976
moead,513_e-05,6,42,3850,77,29472589.081437,182878.568018,0.857143,0.142857,11679 11777 11786 11895 12002 12115 12116 12119 12225 12239 12244 12356 12359 12479 12976
moead,513_e-05,6,43,3850,77,29471755.282592,182794.103193,0.877551,0.122449,11679 11777 11786 11789 11895 12002 12115 12116 12119 12239 12356 12359 12472 12479 12976
moead,513_e-05,6,44,3850,77,29469141.093717,182692.091483,0.897959,0.102041,11679 11786 11789 11895 12002 12112 12115 12116 12119 12239 12356 12359 12472 12479 12976
moead,513_e-05,6,45,3850,77,29469141.093717,182692.091483,0.918367,0.081633,11679 11786 11789 11895 12002 12112 12115 12116 12119 12239 12356 12359 12472 12479 12976
moead,513_e-05,6,46,3850,77,29467310.524408,182686.035616,0.938776,0.061224,11679 11786 11895 12002 12112 12115 12116 12119 12229 12239 12356 12359 12479 12719 12975
moead,513_e-05,6,47,3850,77,29467310.524408,182686.035616,0.959184,0.040816,11679 11786 11895 12002 12112 12115 12116 12119 12229 12239 12356 12359 12479 12719 12975
moead,513_e-05,6,48,3850,77,29466081.982161,179098.746458,0.979592,0.020408,11679 11786 11895 12002 12112 12115 12116 12119 12229 12239 12356 12359 12479 12719 12845
moead,513_e-05,6,49,3850,77,29465017.147167,178983.115885,1.000000,0.000000,11679 11786 11895 12002 12112 12115 12116 12119 12229 12239 12356 12359 12472 12479 12719
moead,513_e-05,6,0,3900,78,37315222.544132,236183.260254,0.000000,1.000000,5652 13703 14372 26317 29714 60605 67489 97508 100575 106282 113276 116032 147878 159732 184418
moead,513_e-05,6,1,3900,78,30144395.163762,222159.118408,0.020408,0.979592,10253 10424 11212 11225 11800 11986 12262 12476 12687 13237 13540 14040 14358 15288 16379
moead,513_e-05,6,2,3900,78,29906364.662047,217583.576349,0.040816,0.959184,10964 11212 11225 11520 11576 11580 11784 11800 11986 12262 12476 12687 13540 14022 14372
moead,513_e-05,6,3,3900,78,29803066.224037,213495.504955,0.061224,0.938776,10911 10964 11212 11225 11483 11580 11675 11800 11986 12262 12476 12595 13540 14022 14372
moead,513_e-05,6,4,3900,78,29755219.117382,211889.854417,0.081633,0.918367,10964 11212 11225 11576 11580 11674 11784 11999 12233 12262 12360 12595 13540 13703 14372
moead,513_e-05,6,5,3900,78,29703409.885885,209034.791924,0.102041,0.897959,10964 11212 11225 11483 11580 11675 11771 11800 11986 12262 12476 12595 12837 13540 14022
moead,513_e-05,6,6,3900,78,29682697.375100,207778.442730,0.122449,0.877551,10964 11212 11225 11674 11778 11784 12233 12262 12360 12361 12480 12578 12595 13540 14022
moead,513_e-05,6,7,3900,78,29644697.988542,204912.480888,0.142857,0.857143,11212 11225 11483 11580 11675 11679 11771 11800 11986 12262 12476 12595 12837 13540 14022
moead,513_e-05,6,8,3900,78,29627514.220708,204293.762844,0.163265,0.836735,11212 11225 11576 11770 11784 12233 12262 12360 12361 12475 12480 12578 12595 13540 14022
moead,513_e-05,6,9,3900,78,29620581.081152,203642.110870,0.183673,0.816327,11212 11225 11579 11784 11889 12233 12262 12360 12361 12475 12480 12578 12595 13540 14022
moead,513_e-05,6,10,3900,78,29577883.410924,200172.613653,0.204082,0.795918,11212 11225 11576 11770 11784 12233 12234 12262 12360 12361 12475 12480 12578 12595 13540
moead,513_e-05,6,11,3900,78,29577883.410924,200172.613653,0.224490,0.775510,11212 11225 11576 11770 11784 12233 12234 12262 12360 12361 12475 12480 12578 12595 13540
moead,513_e-05,6,12,3900,78,29576614.728411,200066.276525,0.244898,0.755102,11212 11225 11579 11770 11784 12233 12234 12262 12360 12361 12475 12480 12578 12595 13540
moead,513_e-05,6,13,3900,78,29565648.004685,196666.135048,0.265306,0.734694,11294 11786 11881 11893 12002 12091 12115 12119 12132 12224 12359 12467 12971 13253 14531
moead,513_e-05,6,14,3900,78,29561414.785455,196593.514408,0.285714,0.714286,11212 11225 11576 11579 11784 11789 11894 12115 12119 12132 12343 12359 12595 12971 13253
moead,513_e-05,6,15,3900,78,29549969.143406,196561.793924,0.306122,0.693878,11294 11675 11786 11796 11881 11893 11989 12091 12115 12119 12132 12359 12467 12971 13253
moead,513_e-05,6,16,3900,78,29546290.288721,196553.696930,0.326531,0.673469,11294 11786 11796 11881 11893 11989 12002 12091 12115 12119 12132 12359 12467 12971 13253
moead,513_e-05,6,17,3900,78,29542684.116187,195370.682557,0.346939,0.653061,11294 11675 11786 11881 11893 11989 12091 12115 12119 12132 12479 12595 12725 12971 13253
moead,513_e-05,6,18,3900,78,29534698.491746,193040.521048,0.367347,0.632653,11229 11675 11685 11786 11796 11881 11893 12091 12115 12119 12132 12359 12467 12971 13253
moead,513_e-05,6,19,3900,78,29527913.486831,192870.363103,0.387755,0.612245,11564 11786 11881 11893 12002 12091 12115 12119 12132 12224 12343 12359 12467 12971 13253
moead,513_e-05,6,20,3900,78,29527913.486831,192870.363103,0.408163,0.591837,11564 11786 11881 11893 12002 12091 12115 12119 12132 12224 12343 12359 12467 12971 13253
moead,513_e-05,6,21,3900,78,29517037.294457,192607.086708,0.428571,0.571429,11786 11881 11893 11908 12002 12091 12115 12119 12224 12239 12359 12479 12957 12971 13253
moead,513_e-05,6,22,3900,78,29517037.294457,192607.086708,0.448980,0.551020,11786 11881 11893 11908 12002 12091 12115 12119 12224 12239 12359 12479 12957 12971 13253
moead,513_e-05,6,23,3900,78,29513147.704102,192491.280464,0.469388,0.530612,11786 11881 11893 11908 12002 12091 12115 12119 12132 12224 12239 12359 12479 12971 13253
moead,513_e-05,6,24,3900,78,29506220.279088,192440.402481,0.489796,0.510204,11786 11881 11893 11894 11908 12002 12091 12115 12119 12224 12239 12359 12479 12971 13253
moead,513_e-05,6,25,3900,78,29506220.279088,192440.402481,0.510204,0.489796,11786 11881 11893 11894 11908 12002 12091 12115 12119 12224 12239 12359 12479 12971 13253
moead,513_e-05,6,26,3900,78,29503127.877317,192003.645378,0.530612,0.469388,11786 11893 11894 11908 12002 12091 12115 12119 12224 12239 12358 12359 12479 12971 13253
moead,513_e-05,6,27,3900,78,29503127.877317,192003.645378,0.551020,0.448980,11786 11893 11894 11908 12002 12091 12115 12119 12224 12239 12358 12359 12479 12971 13253
moead,513_e-05,6,28,3900,78,29498765.107814,188427.705109,0.571429,0.428571,11675 11774 11786 11875 11888 11893 11894 11908 12002 12119 12239 12359 12479 12971 13253
moead,513_e-05,6,29,3900,78,29492992.590797,188324.772793,0.591837,0.408163,11675 11777 11786 11789 11893 11895 11990 12002 12115 12119 12132 12359 12479 12971 13253
moead,513_e-05,6,30,3900,78,29492992.590797,188324.772793,0.612245,0.387755,11675 11777 11786 11789 11893 11895 11990 12002 12115 12119 12132 12359 12479 12971 13253
moead,513_e-05,6,31,3900,78,29491962.917428,188266.874741,0.632653,0.367347,11679 11777 11786 11789 11893 11895 11990 12002 12115 12119 12132 12359 12479 12971 13253
moead,513_e-05,6,32,3900,78,29488274.244046,188134.083740,0.653061,0.346939,11679 11777 11786 11789 11893 11895 11990 12002 12115 12119 12132 12239 12359 12479 13253
moead,513_e-05,6,33,3900,78,29488274.244046,188134.083740,0.673469,0.326531,11679 11777 11786 11789 11893 11895 11990 12002 12115 12119 12132 12239 12359 12479 13253
moead,513_e-05,6,34,3900,78,29485617.936091,187780.328842,0.693878,0.306122,11679 11777 11786 11789 11893 11999 12002 12100 12115 12119 12132 12239 12359 12479 12971
moead,513_e-05,6,35,3900,78,29483563.513410,187670.528915,0.714286,0.285714,11679 11777 11786 11789 11893 11895 11990 12002 12115 12119 12132 12239 12359 12479 12971
moead,513_e-05,6,36,3900,78,29482849.548600,187578.605064,0.734694,0.265306,11679 11777 11786 11789 11893 11895 11990 12002 12115 12119 12132 12225 12239 12359 12479
moead,513_e-05,6,37,3900,78,29479886.079134,183692.713219,0.755102,0.244898,11679 11786 11789 11875 11997 12002 12115 12116 12119 12239 12359 12472 12719 12976 12977
moead,513_e-05,6,38,3900,78,29479886.079134,183692.713219,0.775510,0.224490,11679 11786 11789 11875 11997 12002 12115 12116 12119 12239 12359 12472 12719 12976 12977
moead,513_e-05,6,39,3900,78,29475635.886399,183554.057926,0.795918,0.204082,11679 11786 11875 11997 12002 12007 12110 12115 12116 12119 12239 12359 12472 12719 12976
moead,513_e-05,6,40,3900,78,29475635.886399,183554.057926,0.816327,0.183673,11679 11786 11875 11997 12002 12007 12110 12115 12116 12119 12239 12359 12472 12719 12976
moead,513_e-05,6,41,3900,78,29473667.746362,183186.511590,0.836735,0.163265,11679 11786 11875 11997 12002 12007 12110 12115 12116 12119 12239 12359 12479 12598 12976
moead,513_e-05,6,42,3900,78,29473667.746362,183186.511590,0.857143,0.142857,11679 11786 11875 11997 12002 12007 12110 12115 12116 12119 12239 12359 12479 12598 12976
moead,513_e-05,6,43,3900,78,29466150.631437,183005.567017,0.877551,0.122449,11679 11786 12002 12112 12115 12116 12119 12229 12239 12356 12359 12472 12479 12598 12976
moead,513_e-05,6,44,3900,78,29466150.631437,183005.567017,0.897959,0.102041,11679 11786 12002 12112 12115 12116 12119 12229 12239 12356 12359 12472 12479 12598 12976
moead,513_e-05,6,45,3900,78,29466150.631437,183005.567017,0.918367,0.081633,11679 11786 12002 12112 12115 12116 12119 12229 12239 12356 12359 12472 12479 12598 12976
moead,513_e-05,6,46,3900,78,29466150.631437,183005.567017,0.938776,0.061224,11679 11786 12002 12112 12115 12116 12119 12229 12239 12356 12359 12472 12479 12598 12976
moead,513_e-05,6,47,3900,78,29466150.631437,183005.567017,0.959184,0.040816,11679 11786 12002 12112 12115 12116 12119 12229 12239 12356 12359 12472 12479 12598 12976
moead,513_e-05,6,48,3900,78,29466150.631437,183005.567017,0.979592,0.020408,11679 11786 12002 12112 12115 12116 12119 12229 12239 12356 12359 12472 12479 12598 12976
moead,513_e-05,6,49,3900,78,29465017.147167,178983.115885,1.000000,0.000000,11679 11786 11895 12002 12112 12115 12116 12119 12229 12239 12356 12359 12472 12479 12719
moead,513_e-05,6,0,3950,79,36782565.140003,236183.260254,0.000000,1.000000,13540 14022 14372 22290 26317 40394 60605 91539 91807 94990 97508 100575 106282 116032 147878
moead,513_e-05,6,1,3950,79,30144395.163762,222159.118408,0.020408,0.979592,10253 10424 11212 11225 11800 11986 12262 12476 12687 13237 13540 14040 14358 15288 16379
moead,513_e-05,6,2,3950,79,29906364.662047,217583.576349,0.040816,0.959184,10964 11212 11225 11520 11576 11580 11784 11800 11986 12262 12476 12687 13540 14022 14372
moead,513_e-05,6,3,3950,79,29803066.224037,213495.504955,0.061224,0.938776,10911 10964 11212 11225 11483 11580 11675 11800 11986 12262 12476 12595 13540 14022 14372
moead,513_e-05,6,4,3950,79,29755219.117382,211889.854417,0.081633,0.918367,10964 11212 11225 11576 11580 11674 11784 11999 12233 12262 12360 12595 13540 13703 14372
moead,513_e-05,6,5,3950,79,29703409.885885,209034.791924,0.102041,0.897959,10964 11212 11225 11483 11580 11675 11771 11800 11986 12262 12476 12595 12837 13540 14022
moead,513_e-05,6,6,3950,79,29682697.375100,207778.442730,0.122449,0.877551,10964 11212 11225 11674 11778 11784 12233 12262 12360 12361 12480 12578 12595 13540 14022
moead,513_e-05,6,7,3950,79,29644697.988542,204912.480888,0.142857,0.857143,11212 11225 11483 11580 11675 11679 11771 11800 11986 12262 12476 12595 12837 13540 14022
moead,513_e-05,6,8,3950,79,29627514.220708,204293.762844,0.163265,0.836735,11212 11225 11576 11770 11784 12233 12262 12360 12361 12475 12480 12578 12595 13540 14022
moead,513_e-05,6,9,3950,79,29620581.081152,203642.110870,0.183673,0.816327,11212 11225 11579 11784 11889 12233 12262 12360 12361 12475 12480 12578 12595 13540 14022
moead,513_e-05,6,10,3950,79,29577883.410924,200172.613653,0.204082,0.795918,11212 11225 11576 11770 11784 12233 12234 12262 12360 12361 12475 12480 12578 12595 13540
moead,513_e-05,6,11,3950,79,29577883.410924,200172.613653,0.224490,0.775510,11212 11225 11576 11770 11784 12233 12234 12262 12360 12361 12475 12480 12578 12595 13540
moead,513_e-05,6,12,3950,79,29576614.728411,200066.276525,0.244898,0.755102,11212 11225 11579 11770 11784 12233 12234 12262 12360 12361 12475 12480 12578 12595 13540
moead,513_e-05,6,13,3950,79,29565648.004685,196666.135048,0.265306,0.734694,11294 11786 11881 11893 12002 12091 12115 12119 12132 12224 12359 12467 12971 13253 14531
moead,513_e-05,6,14,3950,79,29561414.785455,196593.514408,0.285714,0.714286,11212 11225 11576 11579 11784 11789 11894 12115 12119 12132 12343 12359 12595 12971 13253
moead,513_e-05,6,15,3950,79,29549969.143406,196561.793924,0.306122,0.693878,11294 11675 11786 11796 11881 11893 11989 12091 12115 12119 12132 12359 12467 12971 13253
moead,513_e-05,6,16,3950,79,29545292.879954,196525.283452,0.326531,0.673469,11294 11786 11881 11893 12002 12091 12115 12119 12132 12224 12343 12359 12467 12971 13253
moead,513_e-05,6,17,3950,79,29542684.116187,195370.682557,0.346939,0.653061,11294 11675 11786 11881 11893 11989 12091 12115 12119 12132 12479 12595 12725 12971 13253
moead,513_e-05,6,18,3950,79,29534698.491746,193040.521048,0.367347,0.632653,11229 11675 11685 11786 11796 11881 11893 12091 12115 12119 12132 12359 12467 12971 13253
moead,513_e-05,6,19,3950,79,29527913.486831,192870.363103,0.387755,0.612245,11564 11786 11881 11893 12002 12091 12115 12119 12132 12224 12343 12359 12467 12971 13253
moead,513_e-05,6,20,3950,79,29517037.294457,192607.086708,0.408163,0.591837,11786 11881 11893 11908 12002 12091 12115 12119 12224 12239 12359 12479 12957 12971 13253
moead,513_e-05,6,21,3950,79,29517037.294457,192607.086708,0.428571,0.571429,11786 11881 11893 11908 12002 12091 12115 12119 12224 12239 12359 12479 12957 12971 13253
moead,513_e-05,6,22,3950,79,29517037.294457,192607.086708,0.448980,0.551020,11786 11881 11893 11908 12002 12091 12115 12119 12224 12239 12359 12479 12957 12971 13253
moead,513_e-05,6,23,3950,79,29513147.704102,192491.280464,0.469388,0.530612,11786 11881 11893 11908 12002 12091 12115 12119 12132 12224 12239 12359 12479 12971 13253
moead,513_e-05,6,24,3950,79,29506220.279088,192440.402481,0.489796,0.510204,11786 11881 11893 11894 11908 12002 12091 12115 12119 12224 12239 12359 12479 12971 13253
moead,513_e-05,6,25,3950,79,29506220.279088,192440.402481,0.510204,0.489796,11786 11881 11893 11894 11908 12002 12091 12115 12119 12224 12239 12359 12479 12971 13253
moead,513_e-05,6,26,3950,79,29503127.877317,192003.645378,0.530612,0.469388,11786 11893 11894 11908 12002 12091 12115 12119 12224 12239 12358 12359 12479 12971 13253
moead,513_e-05,6,27,3950,79,29498765.107814,188427.705109,0.551020,0.448980,11675 11774 11786 11875 11888 11893 11894 11908 12002 12119 12239 12359 12479 12971 13253
moead,513_e-05,6,28,3950,79,29498765.107814,188427.705109,0.571429,0.428571,11675 11774 11786 11875 11888 11893 11894 11908 12002 12119 12239 12359 12479 12971 13253
moead,513_e-05,6,29,3950,79,29492992.590797,188324.772793,0.591837,0.408163,11675 11777 11786 11789 11893 11895 11990 12002 12115 12119 12132 12359 12479 12971 13253
moead,513_e-05,6,30,3950,79,29492992.590797,188324.772793,0.612245,0.387755,11675 11777 11786 11789 11893 11895 11990 12002 12115 12119 12132 12359 12479 12971 13253
moead,513_e-05,6,31,3950,79,29488274.244046,188134.083740,0.632653,0.367347,11679 11777 11786 11789 11893 11895 11990 12002 12115 12119 12132 12239 12359 12479 13253
moead,513_e-05,6,32,3950,79,29488274.244046,188134.083740,0.653061,0.346939,11679 11777 11786 11789 11893 11895 11990 12002 12115 12119 12132 12239 12359 12479 13253
moead,513_e-05,6,33,3950,79,29485617.936091,187780.328842,0.673469,0.326531,11679 11777 11786 11789 11893 11999 12002 12100 12115 12119 12132 12239 12359 12479 12971
moead,513_e-05,6,34,3950,79,29483563.513410,187670.528915,0.693878,0.306122,11679 11777 11786 11789 11893 11895 11990 12002 12115 12119 12132 12239 12359 12479 12971
moead,513_e-05,6,35,3950,79,29482849.548600,187578.605064,0.714286,0.285714,11679 11777 11786 11789 11893 11895 11990 12002 12115 12119 12132 12225 12239 12359 12479
moead,513_e-05,6,36,3950,79,29479886.079134,183692.713219,0.734694,0.265306,11679 11786 11789 11875 11997 12002 12115 12116 12119 12239 12359 12472 12719 12976 12977
moead,513_e-05,6,37,3950,79,29479886.079134,183692.713219,0.755102,0.244898,11679 11786 11789 11875 11997 12002 12115 12116 12119 12239 12359 12472 12719 12976 12977
moead,513_e-05,6,38,3950,79,29476471.679243,183559.859900,0.775510,0.224490,11679 11786 11875 11881 11997 12002 12007 12110 12115 12116 12119 12239 12359 12598 12976
moead,513_e-05,6,39,3950,79,29476471.679243,183559.859900,0.795918,0.204082,11679 11786 11875 11881 11997 12002 12007 12110 12115 12116 12119 12239 12359 12598 12976
moead,513_e-05,6,40,3950,79,29475635.886399,183554.057926,0.816327,0.183673,11679 11786 11875 11997 12002 12007 12110 12115 12116 12119 12239 12359 12472 12719 12976
moead,513_e-05,6,41,3950,79,29473667.746362,183186.511590,0.836735,0.163265,11679 11786 11875 11997 12002 12007 12110 12115 12116 12119 12239 12359 12479 12598 12976
moead,513_e-05,6,42,3950,79,29467648.631252,183061.938496,0.857143,0.142857,11679 11786 12002 12112 12115 12116 12119 12228 12229 12239 12356 12472 12479 12598 12976
moead,513_e-05,6,43,3950,79,29467648.631252,183061.938496,0.877551,0.122449,11679 11786 12002 12112 12115 12116 12119 12228 12229 12239 12356 12472 12479 12598 12976
moead,513_e-05,6,44,3950,79,29467648.631252,183061.938496,0.897959,0.102041,11679 11786 12002 12112 12115 12116 12119 12228 12229 12239 12356 12472 12479 12598 12976
moead,513_e-05,6,45,3950,79,29467648.631252,183061.938496,0.918367,0.081633,11679 11786 12002 12112 12115 12116 12119 12228 12229 12239 12356 12472 12479 12598 12976
moead,513_e-05,6,46,3950,79,29466150.631437,183005.567017,0.938776,0.061224,11679 11786 12002 12112 12115 12116 12119 12229 12239 12356 12359 12472 12479 12598 12976
moead,513_e-05,6,47,3950,79,29466150.631437,183005.567017,0.959184,0.040816,11679 11786 12002 12112 12115 12116 12119 12229 12239 12356 12359 12472 12479 12598 12976
moead,513_e-05,6,48,3950,79,29465017.147167,178983.115885,0.979592,0.020408,11679 11786 11895 12002 12112 12115 12116 12119 12229 12239 12356 12359 12472 12479 12719
moead,513_e-05,6,49,3950,79,29463842.669729,178983.106074,1.000000,0.000000,11679 11786 12002 12112 12115 12116 12119 12229 12239 12356 12359 12472 12479 12598 12719
moead,513_e-05,6,0,4000,80,37233522.759731,236183.260254,0.000000,1.000000,13540 14022 14372 16379 21261 32130 60605 75449 91807 97508 100575 116285 131353 142430 155904
moead,513_e-05,6,1,4000,80,30144395.163762,222159.118408,0.020408,0.979592,10253 10424 11212 11225 11800 11986 12262 12476 12687 13237 13540 14040 14358 15288 16379
moead,513_e-05,6,2,4000,80,29906364.662047,217583.576349,0.040816,0.959184,10964 11212 11225 11520 11576 11580 11784 11800 11986 12262 12476 12687 13540 14022 14372
moead,513_e-05,6,3,4000,80,29804426.508908,213539.208206,0.061224,0.938776,10911 10964 11212 11225 11483 11580 11672 11800 11986 12262 12476 12595 13540 14022 14372
moead,513_e-05,6,4,4000,80,29755219.117382,211889.854417,0.081633,0.918367,10964 11212 11225 11576 11580 11674 11784 11999 12233 12262 12360 12595 13540 13703 14372
moead,513_e-05,6,5,4000,80,29703409.885885,209034.791924,0.102041,0.897959,10964 11212 11225 11483 11580 11675 11771 11800 11986 12262 12476 12595 12837 13540 14022
moead,513_e-05,6,6,4000,80,29682697.375100,207778.442730,0.122449,0.877551,10964 11212 11225 11674 11778 11784 12233 12262 12360 12361 12480 12578 12595 13540 14022
moead,513_e-05,6,7,4000,80,29644697.988542,204912.480888,0.142857,0.857143,11212 11225 11483 11580 11675 11679 11771 11800 11986 12262 12476 12595 12837 13540 14022
moead,513_e-05,6,8,4000,80,29627514.220708,204293.762844,0.163265,0.836735,11212 11225 11576 11770 11784 12233 12262 12360 12361 12475 12480 12578 12595 13540 14022
moead,513_e-05,6,9,4000,80,29620581.081152,203642.110870,0.183673,0.816327,11212 11225 11579 11784 11889 12233 12262 12360 12361 12475 12480 12578 12595 13540 14022
moead,513_e-05,6,10,4000,80,29577883.410924,200172.613653,0.204082,0.795918,11212 11225 11576 11770 11784 12233 12234 12262 12360 12361 12475 12480 12578 12595 13540
moead,513_e-05,6,11,4000,80,29577883.410924,200172.613653,0.224490,0.775510,11212 11225 11576 11770 11784 12233 12234 12262 12360 12361 12475 12480 12578 12595 13540
moead,513_e-05,6,12,4000,80,29576614.728411,200066.276525,0.244898,0.755102,11212 11225 11579 11770 11784 12233 12234 12262 12360 12361 12475 12480 12578 12595 13540
moead,513_e-05,6,13,4000,80,29565732.477353,199475.339768,0.265306,0.734694,11212 11225 11579 11770 11784 12233 12234 12262 12360 12361 12475 12480 12595 12848 13540
moead,513_e-05,6,14,4000,80,29561414.785455,196593.514408,0.285714,0.714286,11212 11225 11576 11579 11784 11789 11894 12115 12119 12132 12343 12359 12595 12971 13253
moead,513_e-05,6,15,4000,80,29550027.622288,196561.793924,0.306122,0.693878,11294 11659 11675 11786 11796 11881 11893 11989 12115 12119 12132 12359 12467 12971 13253
moead,513_e-05,6,16,4000,80,29545292.879954,196525.283452,0.326531,0.673469,11294 11786 11881 11893 12002 12091 12115 12119 12132 12224 12343 12359 12467 12971 13253
moead,513_e-05,6,17,4000,80,29542684.116187,195370.682557,0.346939,0.653061,11294 11675 11786 11881 11893 11989 12091 12115 12119 12132 12479 12595 12725 12971 13253
moead,513_e-05,6,18,4000,80,29534698.491746,193040.521048,0.367347,0.632653,11229 11675 11685 11786 11796 11881 11893 12091 12115 12119 12132 12359 12467 12971 13253
moead,513_e-05,6,19,4000,80,29527913.486831,192870.363103,0.387755,0.612245,11564 11786 11881 11893 12002 12091 12115 12119 12132 12224 12343 12359 12467 12971 13253
moead,513_e-05,6,20,4000,80,29520751.805160,192630.862099,0.408163,0.591837,11786 11881 11893 11908 12002 12091 12115 12119 12132 12239 12359 12479 12958 12971 13253
moead,513_e-05,6,21,4000,80,29520751.805160,192630.862099,0.428571,0.571429,11786 11881 11893 11908 12002 12091 12115 12119 12132 12239 12359 12479 12958 12971 13253
moead,513_e-05,6,22,4000,80,29517037.294457,192607.086708,0.448980,0.551020,11786 11881 11893 11908 12002 12091 12115 12119 12224 12239 12359 12479 12957 12971 13253
moead,513_e-05,6,23,4000,80,29513147.704102,192491.280464,0.469388,0.530612,11786 11881 11893 11908 12002 12091 12115 12119 12132 12224 12239 12359 12479 12971 13253
moead,513_e-05,6,24,4000,80,29506220.279088,192440.402481,0.489796,0.510204,11786 11881 11893 11894 11908 12002 12091 12115 12119 12224 12239 12359 12479 12971 13253
moead,513_e-05,6,25,4000,80,29506220.279088,192440.402481,0.510204,0.489796,11786 11881 11893 11894 11908 12002 12091 12115 12119 12224 12239 12359 12479 12971 13253
moead,513_e-05,6,26,4000,80,29503127.877317,192003.645378,0.530612,0.469388,11786 11893 11894 11908 12002 12091 12115 12119 12224 12239 12358 12359 12479 12971 13253
moead,513_e-05,6,27,4000,80,29498765.107814,188427.705109,0.551020,0.448980,11675 11774 11786 11875 11888 11893 11894 11908 12002 12119 12239 12359 12479 12971 13253
moead,513_e-05,6,28,4000,80,29498765.107814,188427.705109,0.571429,0.428571,11675 11774 11786 11875 11888 11893 11894 11908 12002 12119 12239 12359 12479 12971 13253
moead,513_e-05,6,29,4000,80,29492992.590797,188324.772793,0.591837,0.408163,11675 11777 11786 11789 11893 11895 11990 12002 12115 12119 12132 12359 12479 12971 13253
moead,513_e-05,6,30,4000,80,29492992.590797,188324.772793,0.612245,0.387755,11675 11777 11786 11789 11893 11895 11990 12002 12115 12119 12132 12359 12479 12971 13253
moead,513_e-05,6,31,4000,80,29489303.917416,188191.981792,0.632653,0.367347,11675 11777 11786 11789 11893 11895 11990 12002 12115 12119 12132 12239 12359 12479 13253
moead,513_e-05,6,32,4000,80,29489303.917416,188191.981792,0.653061,0.346939,11675 11777 11786 11789 11893 11895 11990 12002 12115 12119 12132 12239 12359 12479 13253
moead,513_e-05,6,33,4000,80,29485617.936091,187780.328842,0.673469,0.326531,11679 11777 11786 11789 11893 11999 12002 12100 12115 12119 12132 12239 12359 12479 12971
moead,513_e-05,6,34,4000,80,29483563.513410,187670.528915,0.693878,0.306122,11679 11777 11786 11789 11893 11895 11990 12002 12115 12119 12132 12239 12359 12479 12971
moead,513_e-05,6,35,4000,80,29482849.548600,187578.605064,0.714286,0.285714,11679 11777 11786 11789 11893 11895 11990 12002 12115 12119 12132 12225 12239 12359 12479
moead,513_e-05,6,36,4000,80,29479886.079134,183692.713219,0.734694,0.265306,11679 11786 11789 11875 11997 12002 12115 12116 12119 12239 12359 12472 12719 12976 12977
moead,513_e-05,6,37,4000,80,29479886.079134,183692.713219,0.755102,0.244898,11679 11786 11789 11875 11997 12002 12115 12116 12119 12239 12359 12472 12719 12976 12977
moead,513_e-05,6,38,4000,80,29476471.679243,183559.859900,0.775510,0.224490,11679 11786 11875 11881 11997 12002 12007 12110 12115 12116 12119 12239 12359 12598 12976
moead,513_e-05,6,39,4000,80,29476471.679243,183559.859900,0.795918,0.204082,11679 11786 11875 11881 11997 12002 12007 12110 12115 12116 12119 12239 12359 12598 12976
moead,513_e-05,6,40,4000,80,29475635.886399,183554.057926,0.816327,0.183673,11679 11786 11875 11997 12002 12007 12110 12115 12116 12119 12239 12359 12472 12719 12976
moead,513_e-05,6,41,4000,80,29472803.672139,183276.662120,0.836735,0.163265,11679 11786 11875 11997 12002 12007 12110 12115 12116 12119 12234 12239 12359 12479 12976
moead,513_e-05,6,42,4000,80,29467648.631252,183061.938496,0.857143,0.142857,11679 11786 12002 12112 12115 12116 12119 12228 12229 12239 12356 12472 12479 12598 12976
moead,513_e-05,6,43,4000,80,29467648.631252,183061.938496,0.877551,0.122449,11679 11786 12002 12112 12115 12116 12119 12228 12229 12239 12356 12472 12479 12598 12976
moead,513_e-05,6,44,4000,80,29467648.631252,183061.938496,0.897959,0.102041,11679 11786 12002 12112 12115 12116 12119 12228 12229 12239 12356 12472 12479 12598 12976
moead,513_e-05,6,45,4000,80,29467648.631252,183061.938496,0.918367,0.081633,11679 11786 12002 12112 12115 12116 12119 12228 12229 12239 12356 12472 12479 12598 12976
moead,513_e-05,6,46,4000,80,29466150.631437,183005.567017,0.938776,0.061224,11679 11786 12002 12112 12115 12116 12119 12229 12239 12356 12359 12472 12479 12598 12976
moead,513_e-05,6,47,4000,80,29466150.631437,183005.567017,0.959184,0.040816,11679 11786 12002 12112 12115 12116 12119 12229 12239 12356 12359 12472 12479 12598 12976
moead,513_e-05,6,48,4000,80,29465017.147167,178983.115885,0.979592,0.020408,11679 11786 11895 12002 12112 12115 12116 12119 12229 12239 12356 12359 12472 12479 12719
moead,513_e-05,6,49,4000,80,29463842.669729,178983.106074,1.000000,0.000000,11679 11786 12002 12112 12115 12116 12119 12229 12239 12356 12359 12472 12479 12598 12719
moead,513_e-05,6,0,4050,81,37442988.730609,236183.260254,0.000000,1.000000,12139 13192 14372 32130 56706 60605 62748 97508 98701 116285 130169 131353 138258 142430 159432
moead,513_e-05,6,1,4050,81,30144395.163762,222159.118408,0.020408,0.979592,10253 10424 11212 11225 11800 11986 12262 12476 12687 13237 13540 14040 14358 15288 16379
moead,513_e-05,6,2,4050,81,29906364.662047,217583.576349,0.040816,0.959184,10964 11212 11225 11520 11576 11580 11784 11800 11986 12262 12476 12687 13540 14022 14372
moead,513_e-05,6,3,4050,81,29804426.508908,213539.208206,0.061224,0.938776,10911 10964 11212 11225 11483 11580 11672 11800 11986 12262 12476 12595 13540 14022 14372
moead,513_e-05,6,4,4050,81,29755219.117382,211889.854417,0.081633,0.918367,10964 11212 11225 11576 11580 11674 11784 11999 12233 12262 12360 12595 13540 13703 14372
moead,513_e-05,6,5,4050,81,29703409.885885,209034.791924,0.102041,0.897959,10964 11212 11225 11483 11580 11675 11771 11800 11986 12262 12476 12595 12837 13540 14022
moead,513_e-05,6,6,4050,81,29682697.375100,207778.442730,0.122449,0.877551,10964 11212 11225 11674 11778 11784 12233 12262 12360 12361 12480 12578 12595 13540 14022
moead,513_e-05,6,7,4050,81,29644697.988542,204912.480888,0.142857,0.857143,11212 11225 11483 11580 11675 11679 11771 11800 11986 12262 12476 12595 12837 13540 14022
moead,513_e-05,6,8,4050,81,29627514.220708,204293.762844,0.163265,0.836735,11212 11225 11576 11770 11784 12233 12262 12360 12361 12475 12480 12578 12595 13540 14022
moead,513_e-05,6,9,4050,81,29620581.081152,203642.110870,0.183673,0.816327,11212 11225 11579 11784 11889 12233 12262 12360 12361 12475 12480 12578 12595 13540 14022
moead,513_e-05,6,10,4050,81,29577883.410924,200172.613653,0.204082,0.795918,11212 11225 11576 11770 11784 12233 12234 12262 12360 12361 12475 12480 12578 12595 13540
moead,513_e-05,6,11,4050,81,29577883.410924,200172.613653,0.224490,0.775510,11212 11225 11576 11770 11784 12233 12234 12262 12360 12361 12475 12480 12578 12595 13540
moead,513_e-05,6,12,4050,81,29576614.728411,200066.276525,0.244898,0.755102,11212 11225 11579 11770 11784 12233 12234 12262 12360 12361 12475 12480 12578 12595 13540
moead,513_e-05,6,13,4050,81,29565732.477353,199475.339768,0.265306,0.734694,11212 11225 11579 11770 11784 12233 12234 12262 12360 12361 12475 12480 12595 12848 13540
moead,513_e-05,6,14,4050,81,29559031.047398,196693.699043,0.285714,0.714286,11294 11796 11881 11893 11989 12002 12091 12115 12119 12132 12359 12467 12864 12971 13253
moead,513_e-05,6,15,4050,81,29549969.143406,196561.793924,0.306122,0.693878,11294 11675 11786 11796 11881 11893 11989 12091 12115 12119 12132 12359 12467 12971 13253
moead,513_e-05,6,16,4050,81,29543376.773802,196252.512797,0.326531,0.673469,11294 11675 11786 11881 11893 11989 12091 12115 12119 12132 12359 12467 12479 12971 13253
moead,513_e-05,6,17,4050,81,29542684.116187,195370.682557,0.346939,0.653061,11294 11675 11786 11881 11893 11989 12091 12115 12119 12132 12479 12595 12725 12971 13253
moead,513_e-05,6,18,4050,81,29534698.491746,193040.521048,0.367347,0.632653,11229 11675 11685 11786 11796 11881 11893 12091 12115 12119 12132 12359 12467 12971 13253
moead,513_e-05,6,19,4050,81,29527913.486831,192870.363103,0.387755,0.612245,11564 11786 11881 11893 12002 12091 12115 12119 12132 12224 12343 12359 12467 12971 13253
moead,513_e-05,6,20,4050,81,29520751.805160,192630.862099,0.408163,0.591837,11786 11881 11893 11908 12002 12091 12115 12119 12132 12239 12359 12479 12958 12971 13253
moead,513_e-05,6,21,4050,81,29520751.805160,192630.862099,0.428571,0.571429,11786 11881 11893 11908 12002 12091 12115 12119 12132 12239 12359 12479 12958 12971 13253
moead,513_e-05,6,22,4050,81,29517037.294457,192607.086708,0.448980,0.551020,11786 11881 11893 11908 12002 12091 12115 12119 12224 12239 12359 12479 12957 12971 13253
moead,513_e-05,6,23,4050,81,29513147.704102,192491.280464,0.469388,0.530612,11786 11881 11893 11908 12002 12091 12115 12119 12132 12224 12239 12359 12479 12971 13253
moead,513_e-05,6,24,4050,81,29506220.279088,192440.402481,0.489796,0.510204,11786 11881 11893 11894 11908 12002 12091 12115 12119 12224 12239 12359 12479 12971 13253
moead,513_e-05,6,25,4050,81,29506220.279088,192440.402481,0.510204,0.489796,11786 11881 11893 11894 11908 12002 12091 12115 12119 12224 12239 12359 12479 12971 13253
moead,513_e-05,6,26,4050,81,29503127.877317,192003.645378,0.530612,0.469388,11786 11893 11894 11908 12002 12091 12115 12119 12224 12239 12358 12359 12479 12971 13253
moead,513_e-05,6,27,4050,81,29498765.107814,188427.705109,0.551020,0.448980,11675 11774 11786 11875 11888 11893 11894 11908 12002 12119 12239 12359 12479 12971 13253
moead,513_e-05,6,28,4050,81,29498765.107814,188427.705109,0.571429,0.428571,11675 11774 11786 11875 11888 11893 11894 11908 12002 12119 12239 12359 12479 12971 13253
moead,513_e-05,6,29,4050,81,29492992.590797,188324.772793,0.591837,0.408163,11675 11777 11786 11789 11893 11895 11990 12002 12115 12119 12132 12359 12479 12971 13253
moead,513_e-05,6,30,4050,81,29492992.590797,188324.772793,0.612245,0.387755,11675 11777 11786 11789 11893 11895 11990 12002 12115 12119 12132 12359 12479 12971 13253
moead,513_e-05,6,31,4050,81,29489303.917416,188191.981792,0.632653,0.367347,11675 11777 11786 11789 11893 11895 11990 12002 12115 12119 12132 12239 12359 12479 13253
moead,513_e-05,6,32,4050,81,29489303.917416,188191.981792,0.653061,0.346939,11675 11777 11786 11789 11893 11895 11990 12002 12115 12119 12132 12239 12359 12479 13253
moead,513_e-05,6,33,4050,81,29485617.936091,187780.328842,0.673469,0.326531,11679 11777 11786 11789 11893 11999 12002 12100 12115 12119 12132 12239 12359 12479 12971
moead,513_e-05,6,34,4050,81,29483563.513410,187670.528915,0.693878,0.306122,11679 11777 11786 11789 11893 11895 11990 12002 12115 12119 12132 12239 12359 12479 12971
moead,513_e-05,6,35,4050,81,29482849.548600,187578.605064,0.714286,0.285714,11679 11777 11786 11789 11893 11895 11990 12002 12115 12119 12132 12225 12239 12359 12479
moead,513_e-05,6,36,4050,81,29480844.782590,187292.562047,0.734694,0.265306,11679 11786 11789 11875 11997 12002 12115 12116 12119 12239 12359 12472 12479 12719 13253
moead,513_e-05,6,37,4050,81,29475318.659935,186811.111806,0.755102,0.244898,11679 11786 11789 11875 11997 12002 12115 12116 12119 12239 12359 12472 12479 12598 12976
moead,513_e-05,6,38,4050,81,29475318.659935,186811.111806,0.775510,0.224490,11679 11786 11789 11875 11997 12002 12115 12116 12119 12239 12359 12472 12479 12598 12976
moead,513_e-05,6,39,4050,81,29475318.659935,186811.111806,0.795918,0.204082,11679 11786 11789 11875 11997 12002 12115 12116 12119 12239 12359 12472 12479 12598 12976
moead,513_e-05,6,40,4050,81,29475318.659935,186811.111806,0.816327,0.183673,11679 11786 11789 11875 11997 12002 12115 12116 12119 12239 12359 12472 12479 12598 12976
moead,513_e-05,6,41,4050,81,29472803.672139,183276.662120,0.836735,0.163265,11679 11786 11875 11997 12002 12007 12110 12115 12116 12119 12234 12239 12359 12479 12976
moead,513_e-05,6,42,4050,81,29467648.631252,183061.938496,0.857143,0.142857,11679 11786 12002 12112 12115 12116 12119 12228 12229 12239 12356 12472 12479 12598 12976
moead,513_e-05,6,43,4050,81,29467648.631252,183061.938496,0.877551,0.122449,11679 11786 12002 12112 12115 12116 12119 12228 12229 12239 12356 12472 12479 12598 12976
moead,513_e-05,6,44,4050,81,29467648.631252,183061.938496,0.897959,0.102041,11679 11786 12002 12112 12115 12116 12119 12228 12229 12239 12356 12472 12479 12598 12976
moead,513_e-05,6,45,4050,81,29467648.631252,183061.938496,0.918367,0.081633,11679 11786 12002 12112 12115 12116 12119 12228 12229 12239 12356 12472 12479 12598 12976
moead,513_e-05,6,46,4050,81,29466150.631437,183005.567017,0.938776,0.061224,11679 11786 12002 12112 12115 12116 12119 12229 12239 12356 12359 12472 12479 12598 12976
moead,513_e-05,6,47,4050,81,29466150.631437,183005.567017,0.959184,0.040816,11679 11786 12002 12112 12115 12116 12119 12229 12239 12356 12359 12472 12479 12598 12976
moead,513_e-05,6,48,4050,81,29465017.147167,178983.115885,0.979592,0.020408,11679 11786 11895 12002 12112 12115 12116 12119 12229 12239 12356 12359 12472 12479 12719
moead,513_e-05,6,49,4050,81,29463842.669729,178983.106074,1.000000,0.000000,11679 11786 12002 12112 12115 12116 12119 12229 12239 12356 12359 12472 12479 12598 12719
moead,513_e-05,6,0,4100,82,37166051.710016,236183.260254,0.000000,1.000000,2133 13192 13703 14372 20922 32130 56706 60605 62748 63256 73534 97508 116344 130169 142430
moead,513_e-05,6,1,4100,82,30144395.163762,222159.118408,0.020408,0.979592,10253 10424 11212 11225 11800 11986 12262 12476 12687 13237 13540 14040 14358 15288 16379
moead,513_e-05,6,2,4100,82,29906364.662047,217583.576349,0.040816,0.959184,10964 11212 11225 11520 11576 11580 11784 11800 11986 12262 12476 12687 13540 14022 14372
moead,513_e-05,6,3,4100,82,29804426.508908,213539.208206,0.061224,0.938776,10911 10964 11212 11225 11483 11580 11672 11800 11986 12262 12476 12595 13540 14022 14372
moead,513_e-05,6,4,4100,82,29755219.117382,211889.854417,0.081633,0.918367,10964 11212 11225 11576 11580 11674 11784 11999 12233 12262 12360 12595 13540 13703 14372
moead,513_e-05,6,5,4100,82,29703409.885885,209034.791924,0.102041,0.897959,10964 11212 11225 11483 11580 11675 11771 11800 11986 12262 12476 12595 12837 13540 14022
moead,513_e-05,6,6,4100,82,29682697.375100,207778.442730,0.122449,0.877551,10964 11212 11225 11674 11778 11784 12233 12262 12360 12361 12480 12578 12595 13540 14022
moead,513_e-05,6,7,4100,82,29644697.988542,204912.480888,0.142857,0.857143,11212 11225 11483 11580 11675 11679 11771 11800 11986 12262 12476 12595 12837 13540 14022
moead,513_e-05,6,8,4100,82,29627514.220708,204293.762844,0.163265,0.836735,11212 11225 11576 11770 11784 12233 12262 12360 12361 12475 12480 12578 12595 13540 14022
moead,513_e-05,6,9,4100,82,29620581.081152,203642.110870,0.183673,0.816327,11212 11225 11579 11784 11889 12233 12262 12360 12361 12475 12480 12578 12595 13540 14022
moead,513_e-05,6,10,4100,82,29577883.410924,200172.613653,0.204082,0.795918,11212 11225 11576 11770 11784 12233 12234 12262 12360 12361 12475 12480 12578 12595 13540
moead,513_e-05,6,11,4100,82,29577883.410924,200172.613653,0.224490,0.775510,11212 11225 11576 11770 11784 12233 12234 12262 12360 12361 12475 12480 12578 12595 13540
moead,513_e-05,6,12,4100,82,29576614.728411,200066.276525,0.244898,0.755102,11212 11225 11579 11770 11784 12233 12234 12262 12360 12361 12475 12480 12578 12595 13540
moead,513_e-05,6,13,4100,82,29565732.477353,199475.339768,0.265306,0.734694,11212 11225 11579 11770 11784 12233 12234 12262 12360 12361 12475 12480 12595 12848 13540
moead,513_e-05,6,14,4100,82,29559031.047398,196693.699043,0.285714,0.714286,11294 11796 11881 11893 11989 12002 12091 12115 12119 12132 12359 12467 12864 12971 13253
moead,513_e-05,6,15,4100,82,29549969.143406,196561.793924,0.306122,0.693878,11294 11675 11786 11796 11881 11893 11989 12091 12115 12119 12132 12359 12467 12971 13253
moead,513_e-05,6,16,4100,82,29543376.773802,196252.512797,0.326531,0.673469,11294 11675 11786 11881 11893 11989 12091 12115 12119 12132 12359 12467 12479 12971 13253
moead,513_e-05,6,17,4100,82,29542684.116187,195370.682557,0.346939,0.653061,11294 11675 11786 11881 11893 11989 12091 12115 12119 12132 12479 12595 12725 12971 13253
moead,513_e-05,6,18,4100,82,29534698.491746,193040.521048,0.367347,0.632653,11229 11675 11685 11786 11796 11881 11893 12091 12115 12119 12132 12359 12467 12971 13253
moead,513_e-05,6,19,4100,82,29527913.486831,192870.363103,0.387755,0.612245,11564 11786 11881 11893 12002 12091 12115 12119 12132 12224 12343 12359 12467 12971 13253
moead,513_e-05,6,20,4100,82,29520751.805160,192630.862099,0.408163,0.591837,11786 11881 11893 11908 12002 12091 12115 12119 12132 12239 12359 12479 12958 12971 13253
moead,513_e-05,6,21,4100,82,29520751.805160,192630.862099,0.428571,0.571429,11786 11881 11893 11908 12002 12091 12115 12119 12132 12239 12359 12479 12958 12971 13253
moead,513_e-05,6,22,4100,82,29517037.294457,192607.086708,0.448980,0.551020,11786 11881 11893 11908 12002 12091 12115 12119 12224 12239 12359 12479 12957 12971 13253
moead,513_e-05,6,23,4100,82,29513147.704102,192491.280464,0.469388,0.530612,11786 11881 11893 11908 12002 12091 12115 12119 12132 12224 12239 12359 12479 12971 13253
moead,513_e-05,6,24,4100,82,29506220.279088,192440.402481,0.489796,0.510204,11786 11881 11893 11894 11908 12002 12091 12115 12119 12224 12239 12359 12479 12971 13253
moead,513_e-05,6,25,4100,82,29506220.279088,192440.402481,0.510204,0.489796,11786 11881 11893 11894 11908 12002 12091 12115 12119 12224 12239 12359 12479 12971 13253
moead,513_e-05,6,26,4100,82,29503127.877317,192003.645378,0.530612,0.469388,11786 11893 11894 11908 12002 12091 12115 12119 12224 12239 12358 12359 12479 12971 13253
moead,513_e-05,6,27,4100,82,29498765.107814,188427.705109,0.551020,0.448980,11675 11774 11786 11875 11888 11893 11894 11908 12002 12119 12239 12359 12479 12971 13253
moead,513_e-05,6,28,4100,82,29498765.107814,188427.705109,0.571429,0.428571,11675 11774 11786 11875 11888 11893 11894 11908 12002 12119 12239 12359 12479 12971 13253
moead,513_e-05,6,29,4100,82,29492992.590797,188324.772793,0.591837,0.408163,11675 11777 11786 11789 11893 11895 11990 12002 12115 12119 12132 12359 12479 12971 13253
moead,513_e-05,6,30,4100,82,29492992.590797,188324.772793,0.612245,0.387755,11675 11777 11786 11789 11893 11895 11990 12002 12115 12119 12132 12359 12479 12971 13253
moead,513_e-05,6,31,4100,82,29489303.917416,188191.981792,0.632653,0.367347,11675 11777 11786 11789 11893 11895 11990 12002 12115 12119 12132 12239 12359 12479 13253
moead,513_e-05,6,32,4100,82,29489303.917416,188191.981792,0.653061,0.346939,11675 11777 11786 11789 11893 11895 11990 12002 12115 12119 12132 12239 12359 12479 13253
moead,513_e-05,6,33,4100,82,29485617.936091,187780.328842,0.673469,0.326531,11679 11777 11786 11789 11893 11999 12002 12100 12115 12119 12132 12239 12359 12479 12971
moead,513_e-05,6,34,4100,82,29483563.513410,187670.528915,0.693878,0.306122,11679 11777 11786 11789 11893 11895 11990 12002 12115 12119 12132 12239 12359 12479 12971
moead,513_e-05,6,35,4100,82,29482849.548600,187578.605064,0.714286,0.285714,11679 11777 11786 11789 11893 11895 11990 12002 12115 12119 12132 12225 12239 12359 12479
moead,513_e-05,6,36,4100,82,29480844.782590,187292.562047,0.734694,0.265306,11679 11786 11789 11875 11997 12002 12115 12116 12119 12239 12359 12472 12479 12719 13253
moead,513_e-05,6,37,4100,82,29475318.659935,186811.111806,0.755102,0.244898,11679 11786 11789 11875 11997 12002 12115 12116 12119 12239 12359 12472 12479 12598 12976
moead,513_e-05,6,38,4100,82,29475318.659935,186811.111806,0.775510,0.224490,11679 11786 11789 11875 11997 12002 12115 12116 12119 12239 12359 12472 12479 12598 12976
moead,513_e-05,6,39,4100,82,29475318.659935,186811.111806,0.795918,0.204082,11679 11786 11789 11875 11997 12002 12115 12116 12119 12239 12359 12472 12479 12598 12976
moead,513_e-05,6,40,4100,82,29475318.659935,186811.111806,0.816327,0.183673,11679 11786 11789 11875 11997 12002 12115 12116 12119 12239 12359 12472 12479 12598 12976
moead,513_e-05,6,41,4100,82,29472803.672139,183276.662120,0.836735,0.163265,11679 11786 11875 11997 12002 12007 12110 12115 12116 12119 12234 12239 12359 12479 12976
moead,513_e-05,6,42,4100,82,29466930.796914,183061.938496,0.857143,0.142857,11679 11786 12002 12112 12115 12116 12119 12228 12229 12239 12356 12359 12472 12479 12976
moead,513_e-05,6,43,4100,82,29466930.796914,183061.938496,0.877551,0.122449,11679 11786 12002 12112 12115 12116 12119 12228 12229 12239 12356 12359 12472 12479 12976
moead,513_e-05,6,44,4100,82,29466930.796914,183061.938496,0.897959,0.102041,11679 11786 12002 12112 12115 12116 12119 12228 12229 12239 12356 12359 12472 12479 12976
moead,513_e-05,6,45,4100,82,29466930.796914,183061.938496,0.918367,0.081633,11679 11786 12002 12112 12115 12116 12119 12228 12229 12239 12356 12359 12472 12479 12976
moead,513_e-05,6,46,4100,82,29466930.796914,183061.938496,0.938776,0.061224,11679 11786 12002 12112 12115 12116 12119 12228 12229 12239 12356 12359 12472 12479 12976
moead,513_e-05,6,47,4100,82,29466150.631437,183005.567017,0.959184,0.040816,11679 11786 12002 12112 12115 12116 12119 12229 12239 12356 12359 12472 12479 12598 12976
moead,513_e-05,6,48,4100,82,29465017.147167,178983.115885,0.979592,0.020408,11679 11786 11895 12002 12112 12115 12116 12119 12229 12239 12356 12359 12472 12479 12719
moead,513_e-05,6,49,4100,82,29463842.669729,178983.106074,1.000000,0.000000,11679 11786 12002 12112 12115 12116 12119 12229 12239 12356 12359 12472 12479 12598 12719
moead,513_e-05,6,0,4150,83,37002003.019213,236183.260254,0.000000,1.000000,2133 10235 13192 14372 18684 22275 38946 60605 63256 63456 66671 73534 97508 142430 178611
moead,513_e-05,6,1,4150,83,30144395.163762,222159.118408,0.020408,0.979592,10253 10424 11212 11225 11800 11986 12262 12476 12687 13237 13540 14040 14358 15288 16379
moead,513_e-05,6,2,4150,83,29906364.662047,217583.576349,0.040816,0.959184,10964 11212 11225 11520 11576 11580 11784 11800 11986 12262 12476 12687 13540 14022 14372
moead,513_e-05,6,3,4150,83,29804426.508908,213539.208206,0.061224,0.938776,10911 10964 11212 11225 11483 11580 11672 11800 11986 12262 12476 12595 13540 14022 14372
moead,513_e-05,6,4,4150,83,29755219.117382,211889.854417,0.081633,0.918367,10964 11212 11225 11576 11580 11674 11784 11999 12233 12262 12360 12595 13540 13703 14372
moead,513_e-05,6,5,4150,83,29703409.885885,209034.791924,0.102041,0.897959,10964 11212 11225 11483 11580 11675 11771 11800 11986 12262 12476 12595 12837 13540 14022
moead,513_e-05,6,6,4150,83,29682697.375100,207778.442730,0.122449,0.877551,10964 11212 11225 11674 11778 11784 12233 12262 12360 12361 12480 12578 12595 13540 14022
moead,513_e-05,6,7,4150,83,29644697.988542,204912.480888,0.142857,0.857143,11212 11225 11483 11580 11675 11679 11771 11800 11986 12262 12476 12595 12837 13540 14022
moead,513_e-05,6,8,4150,83,29627514.220708,204293.762844,0.163265,0.836735,11212 11225 11576 11770 11784 12233 12262 12360 12361 12475 12480 12578 12595 13540 14022
moead,513_e-05,6,9,4150,83,29620581.081152,203642.110870,0.183673,0.816327,11212 11225 11579 11784 11889 12233 12262 12360 12361 12475 12480 12578 12595 13540 14022
moead,513_e-05,6,10,4150,83,29577883.410924,200172.613653,0.204082,0.795918,11212 11225 11576 11770 11784 12233 12234 12262 12360 12361 12475 12480 12578 12595 13540
moead,513_e-05,6,11,4150,83,29577883.410924,200172.613653,0.224490,0.775510,11212 11225 11576 11770 11784 12233 12234 12262 12360 12361 12475 12480 12578 12595 13540
moead,513_e-05,6,12,4150,83,29576614.728411,200066.276525,0.244898,0.755102,11212 11225 11579 11770 11784 12233 12234 12262 12360 12361 12475 12480 12578 12595 13540
moead,513_e-05,6,13,4150,83,29565732.477353,199475.339768,0.265306,0.734694,11212 11225 11579 11770 11784 12233 12234 12262 12360 12361 12475 12480 12595 12848 13540
moead,513_e-05,6,14,4150,83,29552576.988506,196693.699043,0.285714,0.714286,11294 11881 11893 11989 12000 12002 12091 12115 12119 12132 12359 12467 12864 12971 13253
moead,513_e-05,6,15,4150,83,29552576.988506,196693.699043,0.306122,0.693878,11294 11881 11893 11989 12000 12002 12091 12115 12119 12132 12359 12467 12864 12971 13253
moead,513_e-05,6,16,4150,83,29543376.773802,196252.512797,0.326531,0.673469,11294 11675 11786 11881 11893 11989 12091 12115 12119 12132 12359 12467 12479 12971 13253
moead,513_e-05,6,17,4150,83,29542684.116187,195370.682557,0.346939,0.653061,11294 11675 11786 11881 11893 11989 12091 12115 12119 12132 12479 12595 12725 12971 13253
moead,513_e-05,6,18,4150,83,29534698.491746,193040.521048,0.367347,0.632653,11229 11675 11685 11786 11796 11881 11893 12091 12115 12119 12132 12359 12467 12971 13253
moead,513_e-05,6,19,4150,83,29527913.486831,192870.363103,0.387755,0.612245,11564 11786 11881 11893 12002 12091 12115 12119 12132 12224 12343 12359 12467 12971 13253
moead,513_e-05,6,20,4150,83,29520751.805160,192630.862099,0.408163,0.591837,11786 11881 11893 11908 12002 12091 12115 12119 12132 12239 12359 12479 12958 12971 13253
moead,513_e-05,6,21,4150,83,29520751.805160,192630.862099,0.428571,0.571429,11786 11881 11893 11908 12002 12091 12115 12119 12132 12239 12359 12479 12958 12971 13253
moead,513_e-05,6,22,4150,83,29517037.294457,192607.086708,0.448980,0.551020,11786 11881 11893 11908 12002 12091 12115 12119 12224 12239 12359 12479 12957 12971 13253
moead,513_e-05,6,23,4150,83,29513147.704102,192491.280464,0.469388,0.530612,11786 11881 11893 11908 12002 12091 12115 12119 12132 12224 12239 12359 12479 12971 13253
moead,513_e-05,6,24,4150,83,29506220.279088,192440.402481,0.489796,0.510204,11786 11881 11893 11894 11908 12002 12091 12115 12119 12224 12239 12359 12479 12971 13253
moead,513_e-05,6,25,4150,83,29506220.279088,192440.402481,0.510204,0.489796,11786 11881 11893 11894 11908 12002 12091 12115 12119 12224 12239 12359 12479 12971 13253
moead,513_e-05,6,26,4150,83,29494932.513869,191790.745629,0.530612,0.469388,11786 11881 11893 11894 12002 12091 12115 12119 12224 12239 12358 12359 12479 12971 13253
moead,513_e-05,6,27,4150,83,29494932.513869,191790.745629,0.551020,0.448980,11786 11881 11893 11894 12002 12091 12115 12119 12224 12239 12358 12359 12479 12971 13253
moead,513_e-05,6,28,4150,83,29494932.513869,191790.745629,0.571429,0.428571,11786 11881 11893 11894 12002 12091 12115 12119 12224 12239 12358 12359 12479 12971 13253
moead,513_e-05,6,29,4150,83,29494932.513869,191790.745629,0.591837,0.408163,11786 11881 11893 11894 12002 12091 12115 12119 12224 12239 12358 12359 12479 12971 13253
moead,513_e-05,6,30,4150,83,29492992.590797,188324.772793,0.612245,0.387755,11675 11777 11786 11789 11893 11895 11990 12002 12115 12119 12132 12359 12479 12971 13253
moead,513_e-05,6,31,4150,83,29489303.917416,188191.981792,0.632653,0.367347,11675 11777 11786 11789 11893 11895 11990 12002 12115 12119 12132 12239 12359 12479 13253
moead,513_e-05,6,32,4150,83,29489303.917416,188191.981792,0.653061,0.346939,11675 11777 11786 11789 11893 11895 11990 12002 12115 12119 12132 12239 12359 12479 13253
moead,513_e-05,6,33,4150,83,29485617.936091,187780.328842,0.673469,0.326531,11679 11777 11786 11789 11893 11999 12002 12100 12115 12119 12132 12239 12359 12479 12971
moead,513_e-05,6,34,4150,83,29483563.513410,187670.528915,0.693878,0.306122,11679 11777 11786 11789 11893 11895 11990 12002 12115 12119 12132 12239 12359 12479 12971
moead,513_e-05,6,35,4150,83,29482849.548600,187578.605064,0.714286,0.285714,11679 11777 11786 11789 11893 11895 11990 12002 12115 12119 12132 12225 12239 12359 12479
moead,513_e-05,6,36,4150,83,29480844.782590,187292.562047,0.734694,0.265306,11679 11786 11789 11875 11997 12002 12115 12116 12119 12239 12359 12472 12479 12719 13253
moead,513_e-05,6,37,4150,83,29472825.431692,186816.041561,0.755102,0.244898,11679 11786 11875 11997 12002 12110 12115 12116 12119 12120 12356 12359 12472 12479 12976
moead,513_e-05,6,38,4150,83,29472825.431692,186816.041561,0.775510,0.224490,11679 11786 11875 11997 12002 12110 12115 12116 12119 12120 12356 12359 12472 12479 12976
moead,513_e-05,6,39,4150,83,29472825.431692,186816.041561,0.795918,0.204082,11679 11786 11875 11997 12002 12110 12115 12116 12119 12120 12356 12359 12472 12479 12976
moead,513_e-05,6,40,4150,83,29472825.431692,186816.041561,0.816327,0.183673,11679 11786 11875 11997 12002 12110 12115 12116 12119 12120 12356 12359 12472 12479 12976
moead,513_e-05,6,41,4150,83,29472825.431692,186816.041561,0.836735,0.163265,11679 11786 11875 11997 12002 12110 12115 12116 12119 12120 12356 12359 12472 12479 12976
moead,513_e-05,6,42,4150,83,29466930.796914,183061.938496,0.857143,0.142857,11679 11786 12002 12112 12115 12116 12119 12228 12229 12239 12356 12359 12472 12479 12976
moead,513_e-05,6,43,4150,83,29466930.796914,183061.938496,0.877551,0.122449,11679 11786 12002 12112 12115 12116 12119 12228 12229 12239 12356 12359 12472 12479 12976
moead,513_e-05,6,44,4150,83,29466930.796914,183061.938496,0.897959,0.102041,11679 11786 12002 12112 12115 12116 12119 12228 12229 12239 12356 12359 12472 12479 12976
moead,513_e-05,6,45,4150,83,29466930.796914,183061.938496,0.918367,0.081633,11679 11786 12002 12112 12115 12116 12119 12228 12229 12239 12356 12359 12472 12479 12976
moead,513_e-05,6,46,4150,83,29466930.796914,183061.938496,0.938776,0.061224,11679 11786 12002 12112 12115 12116 12119 12228 12229 12239 12356 12359 12472 12479 12976
moead,513_e-05,6,47,4150,83,29466150.631437,183005.567017,0.959184,0.040816,11679 11786 12002 12112 12115 12116 12119 12229 12239 12356 12359 12472 12479 12598 12976
moead,513_e-05,6,48,4150,83,29465017.147167,178983.115885,0.979592,0.020408,11679 11786 11895 12002 12112 12115 12116 12119 12229 12239 12356 12359 12472 12479 12719
moead,513_e-05,6,49,4150,83,29463842.669729,178983.106074,1.000000,0.000000,11679 11786 12002 12112 12115 12116 12119 12229 12239 12356 12359 12472 12479 12598 12719
moead,513_e-05,6,0,4200,84,35745307.758152,236183.260254,0.000000,1.000000,2133 9292 10235 13192 14022 14372 22275 24195 27631 38946 45497 63256 63456 66671 95118
moead,513_e-05,6,1,4200,84,30144395.163762,222159.118408,0.020408,0.979592,10253 10424 11212 11225 11800 11986 12262 12476 12687 13237 13540 14040 14358 15288 16379
moead,513_e-05,6,2,4200,84,29906364.662047,217583.576349,0.040816,0.959184,10964 11212 11225 11520 11576 11580 11784 11800 11986 12262 12476 12687 13540 14022 14372
moead,513_e-05,6,3,4200,84,29804426.508908,213539.208206,0.061224,0.938776,10911 10964 11212 11225 11483 11580 11672 11800 11986 12262 12476 12595 13540 14022 14372
moead,513_e-05,6,4,4200,84,29755219.117382,211889.854417,0.081633,0.918367,10964 11212 11225 11576 11580 11674 11784 11999 12233 12262 12360 12595 13540 13703 14372
moead,513_e-05,6,5,4200,84,29703409.885885,209034.791924,0.102041,0.897959,10964 11212 11225 11483 11580 11675 11771 11800 11986 12262 12476 12595 12837 13540 14022
moead,513_e-05,6,6,4200,84,29682697.375100,207778.442730,0.122449,0.877551,10964 11212 11225 11674 11778 11784 12233 12262 12360 12361 12480 12578 12595 13540 14022
moead,513_e-05,6,7,4200,84,29644697.988542,204912.480888,0.142857,0.857143,11212 11225 11483 11580 11675 11679 11771 11800 11986 12262 12476 12595 12837 13540 14022
moead,513_e-05,6,8,4200,84,29627514.220708,204293.762844,0.163265,0.836735,11212 11225 11576 11770 11784 12233 12262 12360 12361 12475 12480 12578 12595 13540 14022
moead,513_e-05,6,9,4200,84,29620581.081152,203642.110870,0.183673,0.816327,11212 11225 11579 11784 11889 12233 12262 12360 12361 12475 12480 12578 12595 13540 14022
moead,513_e-05,6,10,4200,84,29577883.410924,200172.613653,0.204082,0.795918,11212 11225 11576 11770 11784 12233 12234 12262 12360 12361 12475 12480 12578 12595 13540
moead,513_e-05,6,11,4200,84,29577883.410924,200172.613653,0.224490,0.775510,11212 11225 11576 11770 11784 12233 12234 12262 12360 12361 12475 12480 12578 12595 13540
moead,513_e-05,6,12,4200,84,29564098.723363,199955.069799,0.244898,0.755102,11212 11225 11576 11770 11784 12233 12234 12238 12262 12360 12361 12475 12480 12595 13540
moead,513_e-05,6,13,4200,84,29564098.723363,199955.069799,0.265306,0.734694,11212 11225 11576 11770 11784 12233 12234 12238 12262 12360 12361 12475 12480 12595 13540
moead,513_e-05,6,14,4200,84,29552576.988506,196693.699043,0.285714,0.714286,11294 11881 11893 11989 12000 12002 12091 12115 12119 12132 12359 12467 12864 12971 13253
moead,513_e-05,6,15,4200,84,29552576.988506,196693.699043,0.306122,0.693878,11294 11881 11893 11989 12000 12002 12091 12115 12119 12132 12359 12467 12864 12971 13253
moead,513_e-05,6,16,4200,84,29543376.773802,196252.512797,0.326531,0.673469,11294 11675 11786 11881 11893 11989 12091 12115 12119 12132 12359 12467 12479 12971 13253
moead,513_e-05,6,17,4200,84,29542684.116187,195370.682557,0.346939,0.653061,11294 11675 11786 11881 11893 11989 12091 12115 12119 12132 12479 12595 12725 12971 13253
moead,513_e-05,6,18,4200,84,29534698.491746,193040.521048,0.367347,0.632653,11229 11675 11685 11786 11796 11881 11893 12091 12115 12119 12132 12359 12467 12971 13253
moead,513_e-05,6,19,4200,84,29527913.486831,192870.363103,0.387755,0.612245,11564 11786 11881 11893 12002 12091 12115 12119 12132 12224 12343 12359 12467 12971 13253
moead,513_e-05,6,20,4200,84,29520751.805160,192630.862099,0.408163,0.591837,11786 11881 11893 11908 12002 12091 12115 12119 12132 12239 12359 12479 12958 12971 13253
moead,513_e-05,6,21,4200,84,29520751.805160,192630.862099,0.428571,0.571429,11786 11881 11893 11908 12002 12091 12115 12119 12132 12239 12359 12479 12958 12971 13253
moead,513_e-05,6,22,4200,84,29517037.294457,192607.086708,0.448980,0.551020,11786 11881 11893 11908 12002 12091 12115 12119 12224 12239 12359 12479 12957 12971 13253
moead,513_e-05,6,23,4200,84,29513147.704102,192491.280464,0.469388,0.530612,11786 11881 11893 11908 12002 12091 12115 12119 12132 12224 12239 12359 12479 12971 13253
moead,513_e-05,6,24,4200,84,29506220.279088,192440.402481,0.489796,0.510204,11786 11881 11893 11894 11908 12002 12091 12115 12119 12224 12239 12359 12479 12971 13253
moead,513_e-05,6,25,4200,84,29506220.279088,192440.402481,0.510204,0.489796,11786 11881 11893 11894 11908 12002 12091 12115 12119 12224 12239 12359 12479 12971 13253
moead,513_e-05,6,26,4200,84,29494932.513869,191790.745629,0.530612,0.469388,11786 11881 11893 11894 12002 12091 12115 12119 12224 12239 12358 12359 12479 12971 13253
moead,513_e-05,6,27,4200,84,29494932.513869,191790.745629,0.551020,0.448980,11786 11881 11893 11894 12002 12091 12115 12119 12224 12239 12358 12359 12479 12971 13253
moead,513_e-05,6,28,4200,84,29494932.513869,191790.745629,0.571429,0.428571,11786 11881 11893 11894 12002 12091 12115 12119 12224 12239 12358 12359 12479 12971 13253
moead,513_e-05,6,29,4200,84,29494932.513869,191790.745629,0.591837,0.408163,11786 11881 11893 11894 12002 12091 12115 12119 12224 12239 12358 12359 12479 12971 13253
moead,513_e-05,6,30,4200,84,29492992.590797,188324.772793,0.612245,0.387755,11675 11777 11786 11789 11893 11895 11990 12002 12115 12119 12132 12359 12479 12971 13253
moead,513_e-05,6,31,4200,84,29489303.917416,188191.981792,0.632653,0.367347,11675 11777 11786 11789 11893 11895 11990 12002 12115 12119 12132 12239 12359 12479 13253
moead,513_e-05,6,32,4200,84,29489303.917416,188191.981792,0.653061,0.346939,11675 11777 11786 11789 11893 11895 11990 12002 12115 12119 12132 12239 12359 12479 13253
moead,513_e-05,6,33,4200,84,29485617.936091,187780.328842,0.673469,0.326531,11679 11777 11786 11789 11893 11999 12002 12100 12115 12119 12132 12239 12359 12479 12971
moead,513_e-05,6,34,4200,84,29483563.513410,187670.528915,0.693878,0.306122,11679 11777 11786 11789 11893 11895 11990 12002 12115 12119 12132 12239 12359 12479 12971
moead,513_e-05,6,35,4200,84,29482849.548600,187578.605064,0.714286,0.285714,11679 11777 11786 11789 11893 11895 11990 12002 12115 12119 12132 12225 12239 12359 12479
moead,513_e-05,6,36,4200,84,29480844.782590,187292.562047,0.734694,0.265306,11679 11786 11789 11875 11997 12002 12115 12116 12119 12239 12359 12472 12479 12719 13253
moead,513_e-05,6,37,4200,84,29472825.431692,186816.041561,0.755102,0.244898,11679 11786 11875 11997 12002 12110 12115 12116 12119 12120 12356 12359 12472 12479 12976
moead,513_e-05,6,38,4200,84,29472825.431692,186816.041561,0.775510,0.224490,11679 11786 11875 11997 12002 12110 12115 12116 12119 12120 12356 12359 12472 12479 12976
moead,513_e-05,6,39,4200,84,29472825.431692,186816.041561,0.795918,0.204082,11679 11786 11875 11997 12002 12110 12115 12116 12119 12120 12356 12359 12472 12479 12976
moead,513_e-05,6,40,4200,84,29472825.431692,186816.041561,0.816327,0.183673,11679 11786 11875 11997 12002 12110 12115 12116 12119 12120 12356 12359 12472 12479 12976
moead,513_e-05,6,41,4200,84,29472825.431692,186816.041561,0.836735,0.163265,11679 11786 11875 11997 12002 12110 12115 12116 12119 12120 12356 12359 12472 12479 12976
moead,513_e-05,6,42,4200,84,29466930.796914,183061.938496,0.857143,0.142857,11679 11786 12002 12112 12115 12116 12119 12228 12229 12239 12356 12359 12472 12479 12976
moead,513_e-05,6,43,4200,84,29466930.796914,183061.938496,0.877551,0.122449,11679 11786 12002 12112 12115 12116 12119 12228 12229 12239 12356 12359 12472 12479 12976
moead,513_e-05,6,44,4200,84,29466930.796914,183061.938496,0.897959,0.102041,11679 11786 12002 12112 12115 12116 12119 12228 12229 12239 12356 12359 12472 12479 12976
moead,513_e-05,6,45,4200,84,29466930.796914,183061.938496,0.918367,0.081633,11679 11786 12002 12112 12115 12116 12119 12228 12229 12239 12356 12359 12472 12479 12976
moead,513_e-05,6,46,4200,84,29466930.796914,183061.938496,0.938776,0.061224,11679 11786 12002 12112 12115 12116 12119 12228 12229 12239 12356 12359 12472 12479 12976
moead,513_e-05,6,47,4200,84,29466150.631437,183005.567017,0.959184,0.040816,11679 11786 12002 12112 12115 12116 12119 12229 12239 12356 12359 12472 12479 12598 12976
moead,513_e-05,6,48,4200,84,29465017.147167,178983.115885,0.979592,0.020408,11679 11786 11895 12002 12112 12115 12116 12119 12229 12239 12356 12359 12472 12479 12719
moead,513_e-05,6,49,4200,84,29463842.669729,178983.106074,1.000000,0.000000,11679 11786 12002 12112 12115 12116 12119 12229 12239 12356 12359 12472 12479 12598 12719
moead,513_e-05,6,0,4250,85,36479392.190264,236183.260254,0.000000,1.000000,2133 9292 10235 13192 24195 27631 39281 45497 63256 66671 92966 111049 114886 157409 171036
moead,513_e-05,6,1,4250,85,30144395.163762,222159.118408,0.020408,0.979592,10253 10424 11212 11225 11800 11986 12262 12476 12687 13237 13540 14040 14358 15288 16379
moead,513_e-05,6,2,4250,85,29904515.672914,217583.576349,0.040816,0.959184,10964 11212 11225 11520 11576 11580 11784 11800 11986 12262 12476 12687 13540 13703 14372
moead,513_e-05,6,3,4250,85,29804426.508908,213539.208206,0.061224,0.938776,10911 10964 11212 11225 11483 11580 11672 11800 11986 12262 12476 12595 13540 14022 14372
moead,513_e-05,6,4,4250,85,29755219.117382,211889.854417,0.081633,0.918367,10964 11212 11225 11576 11580 11674 11784 11999 12233 12262 12360 12595 13540 13703 14372
moead,513_e-05,6,5,4250,85,29703409.885885,209034.791924,0.102041,0.897959,10964 11212 11225 11483 11580 11675 11771 11800 11986 12262 12476 12595 12837 13540 14022
moead,513_e-05,6,6,4250,85,29682697.375100,207778.442730,0.122449,0.877551,10964 11212 11225 11674 11778 11784 12233 12262 12360 12361 12480 12578 12595 13540 14022
moead,513_e-05,6,7,4250,85,29644697.988542,204912.480888,0.142857,0.857143,11212 11225 11483 11580 11675 11679 11771 11800 11986 12262 12476 12595 12837 13540 14022
moead,513_e-05,6,8,4250,85,29627514.220708,204293.762844,0.163265,0.836735,11212 11225 11576 11770 11784 12233 12262 12360 12361 12475 12480 12578 12595 13540 14022
moead,513_e-05,6,9,4250,85,29620581.081152,203642.110870,0.183673,0.816327,11212 11225 11579 11784 11889 12233 12262 12360 12361 12475 12480 12578 12595 13540 14022
moead,513_e-05,6,10,4250,85,29577883.410924,200172.613653,0.204082,0.795918,11212 11225 11576 11770 11784 12233 12234 12262 12360 12361 12475 12480 12578 12595 13540
moead,513_e-05,6,11,4250,85,29577883.410924,200172.613653,0.224490,0.775510,11212 11225 11576 11770 11784 12233 12234 12262 12360 12361 12475 12480 12578 12595 13540
moead,513_e-05,6,12,4250,85,29564098.723363,199955.069799,0.244898,0.755102,11212 11225 11576 11770 11784 12233 12234 12238 12262 12360 12361 12475 12480 12595 13540
moead,513_e-05,6,13,4250,85,29564098.723363,199955.069799,0.265306,0.734694,11212 11225 11576 11770 11784 12233 12234 12238 12262 12360 12361 12475 12480 12595 13540
moead,513_e-05,6,14,4250,85,29552576.988506,196693.699043,0.285714,0.714286,11294 11881 11893 11989 12000 12002 12091 12115 12119 12132 12359 12467 12864 12971 13253
moead,513_e-05,6,15,4250,85,29552576.988506,196693.699043,0.306122,0.693878,11294 11881 11893 11989 12000 12002 12091 12115 12119 12132 12359 12467 12864 12971 13253
moead,513_e-05,6,16,4250,85,29543376.773802,196252.512797,0.326531,0.673469,11294 11675 11786 11881 11893 11989 12091 12115 12119 12132 12359 12467 12479 12971 13253
moead,513_e-05,6,17,4250,85,29542494.891673,195312.501320,0.346939,0.653061,11294 11675 11786 11881 11893 11989 12091 12115 12119 12132 12359 12595 12725 12971 13253
moead,513_e-05,6,18,4250,85,29534698.491746,193040.521048,0.367347,0.632653,11229 11675 11685 11786 11796 11881 11893 12091 12115 12119 12132 12359 12467 12971 13253
moead,513_e-05,6,19,4250,85,29527913.486831,192870.363103,0.387755,0.612245,11564 11786 11881 11893 12002 12091 12115 12119 12132 12224 12343 12359 12467 12971 13253
moead,513_e-05,6,20,4250,85,29520751.805160,192630.862099,0.408163,0.591837,11786 11881 11893 11908 12002 12091 12115 12119 12132 12239 12359 12479 12958 12971 13253
moead,513_e-05,6,21,4250,85,29520751.805160,192630.862099,0.428571,0.571429,11786 11881 11893 11908 12002 12091 12115 12119 12132 12239 12359 12479 12958 12971 13253
moead,513_e-05,6,22,4250,85,29517037.294457,192607.086708,0.448980,0.551020,11786 11881 11893 11908 12002 12091 12115 12119 12224 12239 12359 12479 12957 12971 13253
moead,513_e-05,6,23,4250,85,29513147.704102,192491.280464,0.469388,0.530612,11786 11881 11893 11908 12002 12091 12115 12119 12132 12224 12239 12359 12479 12971 13253
moead,513_e-05,6,24,4250,85,29506220.279088,192440.402481,0.489796,0.510204,11786 11881 11893 11894 11908 12002 12091 12115 12119 12224 12239 12359 12479 12971 13253
moead,513_e-05,6,25,4250,85,29506220.279088,192440.402481,0.510204,0.489796,11786 11881 11893 11894 11908 12002 12091 12115 12119 12224 12239 12359 12479 12971 13253
moead,513_e-05,6,26,4250,85,29494897.097954,191790.745629,0.530612,0.469388,11786 11881 11893 11894 12002 12091 12115 12119 12132 12224 12239 12358 12359 12479 12971
moead,513_e-05,6,27,4250,85,29494897.097954,191790.745629,0.551020,0.448980,11786 11881 11893 11894 12002 12091 12115 12119 12132 12224 12239 12358 12359 12479 12971
moead,513_e-05,6,28,4250,85,29494897.097954,191790.745629,0.571429,0.428571,11786 11881 11893 11894 12002 12091 12115 12119 12132 12224 12239 12358 12359 12479 12971
moead,513_e-05,6,29,4250,85,29494897.097954,191790.745629,0.591837,0.408163,11786 11881 11893 11894 12002 12091 12115 12119 12132 12224 12239 12358 12359 12479 12971
moead,513_e-05,6,30,4250,85,29492992.590797,188324.772793,0.612245,0.387755,11675 11777 11786 11789 11893 11895 11990 12002 12115 12119 12132 12359 12479 12971 13253
moead,513_e-05,6,31,4250,85,29489303.917416,188191.981792,0.632653,0.367347,11675 11777 11786 11789 11893 11895 11990 12002 12115 12119 12132 12239 12359 12479 13253
moead,513_e-05,6,32,4250,85,29489303.917416,188191.981792,0.653061,0.346939,11675 11777 11786 11789 11893 11895 11990 12002 12115 12119 12132 12239 12359 12479 13253
moead,513_e-05,6,33,4250,85,29486647.609461,187856.276138,0.673469,0.326531,11675 11777 11786 11789 11893 11999 12002 12100 12115 12119 12132 12239 12359 12479 12971
moead,513_e-05,6,34,4250,85,29483563.513410,187670.528915,0.693878,0.306122,11679 11777 11786 11789 11893 11895 11990 12002 12115 12119 12132 12239 12359 12479 12971
moead,513_e-05,6,35,4250,85,29482849.548600,187578.605064,0.714286,0.285714,11679 11777 11786 11789 11893 11895 11990 12002 12115 12119 12132 12225 12239 12359 12479
moead,513_e-05,6,36,4250,85,29480844.782590,187292.562047,0.734694,0.265306,11679 11786 11789 11875 11997 12002 12115 12116 12119 12239 12359 12472 12479 12719 13253
moead,513_e-05,6,37,4250,85,29472825.431692,186816.041561,0.755102,0.244898,11679 11786 11875 11997 12002 12110 12115 12116 12119 12120 12356 12359 12472 12479 12976
moead,513_e-05,6,38,4250,85,29472825.431692,186816.041561,0.775510,0.224490,11679 11786 11875 11997 12002 12110 12115 12116 12119 12120 12356 12359 12472 12479 12976
moead,513_e-05,6,39,4250,85,29472825.431692,186816.041561,0.795918,0.204082,11679 11786 11875 11997 12002 12110 12115 12116 12119 12120 12356 12359 12472 12479 12976
moead,513_e-05,6,40,4250,85,29472825.431692,186816.041561,0.816327,0.183673,11679 11786 11875 11997 12002 12110 12115 12116 12119 12120 12356 12359 12472 12479 12976
moead,513_e-05,6,41,4250,85,29472825.431692,186816.041561,0.836735,0.163265,11679 11786 11875 11997 12002 12110 12115 12116 12119 12120 12356 12359 12472 12479 12976
moead,513_e-05,6,42,4250,85,29466930.796914,183061.938496,0.857143,0.142857,11679 11786 12002 12112 12115 12116 12119 12228 12229 12239 12356 12359 12472 12479 12976
moead,513_e-05,6,43,4250,85,29466930.796914,183061.938496,0.877551,0.122449,11679 11786 12002 12112 12115 12116 12119 12228 12229 12239 12356 12359 12472 12479 12976
moead,513_e-05,6,44,4250,85,29466930.796914,183061.938496,0.897959,0.102041,11679 11786 12002 12112 12115 12116 12119 12228 12229 12239 12356 12359 12472 12479 12976
moead,513_e-05,6,45,4250,85,29466930.796914,183061.938496,0.918367,0.081633,11679 11786 12002 12112 12115 12116 12119 12228 12229 12239 12356 12359 12472 12479 12976
moead,513_e-05,6,46,4250,85,29466930.796914,183061.938496,0.938776,0.061224,11679 11786 12002 12112 12115 12116 12119 12228 12229 12239 12356 12359 12472 12479 12976
moead,513_e-05,6,47,4250,85,29466150.631437,183005.567017,0.959184,0.040816,11679 11786 12002 12112 12115 12116 12119 12229 12239 12356 12359 12472 12479 12598 12976
moead,513_e-05,6,48,4250,85,29465017.147167,178983.115885,0.979592,0.020408,11679 11786 11895 12002 12112 12115 12116 12119 12229 12239 12356 12359 12472 12479 12719
moead,513_e-05,6,49,4250,85,29463842.669729,178983.106074,1.000000,0.000000,11679 11786 12002 12112 12115 12116 12119 12229 12239 12356 12359 12472 12479 12598 12719
moead,513_e-05,6,0,4300,86,34712825.766068,236183.260254,0.000000,1.000000,9292 13192 13540 14022 14372 14961 24195 27631 50610 82893 91467 107679 108056 111049 114886
moead,513_e-05,6,1,4300,86,30144395.163762,222159.118408,0.020408,0.979592,10253 10424 11212 11225 11800 11986 12262 12476 12687 13237 13540 14040 14358 15288 16379
moead,513_e-05,6,2,4300,86,29904515.672914,217583.576349,0.040816,0.959184,10964 11212 11225 11520 11576 11580 11784 11800 11986 12262 12476 12687 13540 13703 14372
moead,513_e-05,6,3,4300,86,29804426.508908,213539.208206,0.061224,0.938776,10911 10964 11212 11225 11483 11580 11672 11800 11986 12262 12476 12595 13540 14022 14372
moead,513_e-05,6,4,4300,86,29755219.117382,211889.854417,0.081633,0.918367,10964 11212 11225 11576 11580 11674 11784 11999 12233 12262 12360 12595 13540 13703 14372
moead,513_e-05,6,5,4300,86,29703722.766317,209034.791924,0.102041,0.897959,10964 11212 11225 11483 11579 11675 11771 11800 11986 12262 12476 12595 12837 13540 14022
moead,513_e-05,6,6,4300,86,29682697.375100,207778.442730,0.122449,0.877551,10964 11212 11225 11674 11778 11784 12233 12262 12360 12361 12480 12578 12595 13540 14022
moead,513_e-05,6,7,4300,86,29644697.988542,204912.480888,0.142857,0.857143,11212 11225 11483 11580 11675 11679 11771 11800 11986 12262 12476 12595 12837 13540 14022
moead,513_e-05,6,8,4300,86,29627514.220708,204293.762844,0.163265,0.836735,11212 11225 11576 11770 11784 12233 12262 12360 12361 12475 12480 12578 12595 13540 14022
moead,513_e-05,6,9,4300,86,29620581.081152,203642.110870,0.183673,0.816327,11212 11225 11579 11784 11889 12233 12262 12360 12361 12475 12480 12578 12595 13540 14022
moead,513_e-05,6,10,4300,86,29577883.410924,200172.613653,0.204082,0.795918,11212 11225 11576 11770 11784 12233 12234 12262 12360 12361 12475 12480 12578 12595 13540
moead,513_e-05,6,11,4300,86,29577883.410924,200172.613653,0.224490,0.775510,11212 11225 11576 11770 11784 12233 12234 12262 12360 12361 12475 12480 12578 12595 13540
moead,513_e-05,6,12,4300,86,29564098.723363,199955.069799,0.244898,0.755102,11212 11225 11576 11770 11784 12233 12234 12238 12262 12360 12361 12475 12480 12595 13540
moead,513_e-05,6,13,4300,86,29564098.723363,199955.069799,0.265306,0.734694,11212 11225 11576 11770 11784 12233 12234 12238 12262 12360 12361 12475 12480 12595 13540
moead,513_e-05,6,14,4300,86,29552576.988506,196693.699043,0.285714,0.714286,11294 11881 11893 11989 12000 12002 12091 12115 12119 12132 12359 12467 12864 12971 13253
moead,513_e-05,6,15,4300,86,29552576.988506,196693.699043,0.306122,0.693878,11294 11881 11893 11989 12000 12002 12091 12115 12119 12132 12359 12467 12864 12971 13253
moead,513_e-05,6,16,4300,86,29543376.773802,196252.512797,0.326531,0.673469,11294 11675 11786 11881 11893 11989 12091 12115 12119 12132 12359 12467 12479 12971 13253
moead,513_e-05,6,17,4300,86,29542494.891673,195312.501320,0.346939,0.653061,11294 11675 11786 11881 11893 11989 12091 12115 12119 12132 12359 12595 12725 12971 13253
moead,513_e-05,6,18,4300,86,29534698.491746,193040.521048,0.367347,0.632653,11229 11675 11685 11786 11796 11881 11893 12091 12115 12119 12132 12359 12467 12971 13253
moead,513_e-05,6,19,4300,86,29527913.486831,192870.363103,0.387755,0.612245,11564 11786 11881 11893 12002 12091 12115 12119 12132 12224 12343 12359 12467 12971 13253
moead,513_e-05,6,20,4300,86,29520751.805160,192630.862099,0.408163,0.591837,11786 11881 11893 11908 12002 12091 12115 12119 12132 12239 12359 12479 12958 12971 13253
moead,513_e-05,6,21,4300,86,29520751.805160,192630.862099,0.428571,0.571429,11786 11881 11893 11908 12002 12091 12115 12119 12132 12239 12359 12479 12958 12971 13253
moead,513_e-05,6,22,4300,86,29517037.294457,192607.086708,0.448980,0.551020,11786 11881 11893 11908 12002 12091 12115 12119 12224 12239 12359 12479 12957 12971 13253
moead,513_e-05,6,23,4300,86,29513147.704102,192491.280464,0.469388,0.530612,11786 11881 11893 11908 12002 12091 12115 12119 12132 12224 12239 12359 12479 12971 13253
moead,513_e-05,6,24,4300,86,29506220.279088,192440.402481,0.489796,0.510204,11786 11881 11893 11894 11908 12002 12091 12115 12119 12224 12239 12359 12479 12971 13253
moead,513_e-05,6,25,4300,86,29506220.279088,192440.402481,0.510204,0.489796,11786 11881 11893 11894 11908 12002 12091 12115 12119 12224 12239 12359 12479 12971 13253
moead,513_e-05,6,26,4300,86,29494897.097954,191790.745629,0.530612,0.469388,11786 11881 11893 11894 12002 12091 12115 12119 12132 12224 12239 12358 12359 12479 12971
moead,513_e-05,6,27,4300,86,29494897.097954,191790.745629,0.551020,0.448980,11786 11881 11893 11894 12002 12091 12115 12119 12132 12224 12239 12358 12359 12479 12971
moead,513_e-05,6,28,4300,86,29494897.097954,191790.745629,0.571429,0.428571,11786 11881 11893 11894 12002 12091 12115 12119 12132 12224 12239 12358 12359 12479 12971
moead,513_e-05,6,29,4300,86,29494897.097954,191790.745629,0.591837,0.408163,11786 11881 11893 11894 12002 12091 12115 12119 12132 12224 12239 12358 12359 12479 12971
moead,513_e-05,6,30,4300,86,29492992.590797,188324.772793,0.612245,0.387755,11675 11777 11786 11789 11893 11895 11990 12002 12115 12119 12132 12359 12479 12971 13253
moead,513_e-05,6,31,4300,86,29489303.917416,188191.981792,0.632653,0.367347,11675 11777 11786 11789 11893 11895 11990 12002 12115 12119 12132 12239 12359 12479 13253
moead,513_e-05,6,32,4300,86,29489303.917416,188191.981792,0.653061,0.346939,11675 11777 11786 11789 11893 11895 11990 12002 12115 12119 12132 12239 12359 12479 13253
moead,513_e-05,6,33,4300,86,29486647.609461,187856.276138,0.673469,0.326531,11675 11777 11786 11789 11893 11999 12002 12100 12115 12119 12132 12239 12359 12479 12971
moead,513_e-05,6,34,4300,86,29483660.981093,187722.537386,0.693878,0.306122,11675 11777 11786 11789 11893 11999 12002 12119 12132 12224 12239 12358 12359 12479 12971
moead,513_e-05,6,35,4300,86,29482849.548600,187578.605064,0.714286,0.285714,11679 11777 11786 11789 11893 11895 11990 12002 12115 12119 12132 12225 12239 12359 12479
moead,513_e-05,6,36,4300,86,29480844.782590,187292.562047,0.734694,0.265306,11679 11786 11789 11875 11997 12002 12115 12116 12119 12239 12359 12472 12479 12719 13253
moead,513_e-05,6,37,4300,86,29472825.431692,186816.041561,0.755102,0.244898,11679 11786 11875 11997 12002 12110 12115 12116 12119 12120 12356 12359 12472 12479 12976
moead,513_e-05,6,38,4300,86,29472825.431692,186816.041561,0.775510,0.224490,11679 11786 11875 11997 12002 12110 12115 12116 12119 12120 12356 12359 12472 12479 12976
moead,513_e-05,6,39,4300,86,29472825.431692,186816.041561,0.795918,0.204082,11679 11786 11875 11997 12002 12110 12115 12116 12119 12120 12356 12359 12472 12479 12976
moead,513_e-05,6,40,4300,86,29472825.431692,186816.041561,0.816327,0.183673,11679 11786 11875 11997 12002 12110 12115 12116 12119 12120 12356 12359 12472 12479 12976
moead,513_e-05,6,41,4300,86,29472825.431692,186816.041561,0.836735,0.163265,11679 11786 11875 11997 12002 12110 12115 12116 12119 12120 12356 12359 12472 12479 12976
moead,513_e-05,6,42,4300,86,29472314.039164,186816.041561,0.857143,0.142857,11679 11786 11875 12002 12110 12115 12116 12117 12119 12120 12356 12359 12472 12479 12976
moead,513_e-05,6,43,4300,86,29466930.796914,183061.938496,0.877551,0.122449,11679 11786 12002 12112 12115 12116 12119 12228 12229 12239 12356 12359 12472 12479 12976
moead,513_e-05,6,44,4300,86,29466930.796914,183061.938496,0.897959,0.102041,11679 11786 12002 12112 12115 12116 12119 12228 12229 12239 12356 12359 12472 12479 12976
moead,513_e-05,6,45,4300,86,29466930.796914,183061.938496,0.918367,0.081633,11679 11786 12002 12112 12115 12116 12119 12228 12229 12239 12356 12359 12472 12479 12976
moead,513_e-05,6,46,4300,86,29466930.796914,183061.938496,0.938776,0.061224,11679 11786 12002 12112 12115 12116 12119 12228 12229 12239 12356 12359 12472 12479 12976
moead,513_e-05,6,47,4300,86,29466150.631437,183005.567017,0.959184,0.040816,11679 11786 12002 12112 12115 12116 12119 12229 12239 12356 12359 12472 12479 12598 12976
moead,513_e-05,6,48,4300,86,29465017.147167,178983.115885,0.979592,0.020408,11679 11786 11895 12002 12112 12115 12116 12119 12229 12239 12356 12359 12472 12479 12719
moead,513_e-05,6,49,4300,86,29463842.669729,178983.106074,1.000000,0.000000,11679 11786 12002 12112 12115 12116 12119 12229 12239 12356 12359 12472 12479 12598 12719
moead,513_e-05,6,0,4350,87,35700949.994086,236183.260254,0.000000,1.000000,13540 14022 14372 14961 22927 24195 27631 63719 74613 82843 88095 91467 105716 108056 165867
moead,513_e-05,6,1,4350,87,30144395.163762,222159.118408,0.020408,0.979592,10253 10424 11212 11225 11800 11986 12262 12476 12687 13237 13540 14040 14358 15288 16379
moead,513_e-05,6,2,4350,87,29904515.672914,217583.576349,0.040816,0.959184,10964 11212 11225 11520 11576 11580 11784 11800 11986 12262 12476 12687 13540 13703 14372
moead,513_e-05,6,3,4350,87,29804426.508908,213539.208206,0.061224,0.938776,10911 10964 11212 11225 11483 11580 11672 11800 11986 12262 12476 12595 13540 14022 14372
moead,513_e-05,6,4,4350,87,29755219.117382,211889.854417,0.081633,0.918367,10964 11212 11225 11576 11580 11674 11784 11999 12233 12262 12360 12595 13540 13703 14372
moead,513_e-05,6,5,4350,87,29703722.766317,209034.791924,0.102041,0.897959,10964 11212 11225 11483 11579 11675 11771 11800 11986 12262 12476 12595 12837 13540 14022
moead,513_e-05,6,6,4350,87,29682697.375100,207778.442730,0.122449,0.877551,10964 11212 11225 11674 11778 11784 12233 12262 12360 12361 12480 12578 12595 13540 14022
moead,513_e-05,6,7,4350,87,29644697.988542,204912.480888,0.142857,0.857143,11212 11225 11483 11580 11675 11679 11771 11800 11986 12262 12476 12595 12837 13540 14022
moead,513_e-05,6,8,4350,87,29627514.220708,204293.762844,0.163265,0.836735,11212 11225 11576 11770 11784 12233 12262 12360 12361 12475 12480 12578 12595 13540 14022
moead,513_e-05,6,9,4350,87,29620581.081152,203642.110870,0.183673,0.816327,11212 11225 11579 11784 11889 12233 12262 12360 12361 12475 12480 12578 12595 13540 14022
moead,513_e-05,6,10,4350,87,29577883.410924,200172.613653,0.204082,0.795918,11212 11225 11576 11770 11784 12233 12234 12262 12360 12361 12475 12480 12578 12595 13540
moead,513_e-05,6,11,4350,87,29577883.410924,200172.613653,0.224490,0.775510,11212 11225 11576 11770 11784 12233 12234 12262 12360 12361 12475 12480 12578 12595 13540
moead,513_e-05,6,12,4350,87,29564098.723363,199955.069799,0.244898,0.755102,11212 11225 11576 11770 11784 12233 12234 12238 12262 12360 12361 12475 12480 12595 13540
moead,513_e-05,6,13,4350,87,29564098.723363,199955.069799,0.265306,0.734694,11212 11225 11576 11770 11784 12233 12234 12238 12262 12360 12361 12475 12480 12595 13540
moead,513_e-05,6,14,4350,87,29552576.988506,196693.699043,0.285714,0.714286,11294 11881 11893 11989 12000 12002 12091 12115 12119 12132 12359 12467 12864 12971 13253
moead,513_e-05,6,15,4350,87,29552576.988506,196693.699043,0.306122,0.693878,11294 11881 11893 11989 12000 12002 12091 12115 12119 12132 12359 12467 12864 12971 13253
moead,513_e-05,6,16,4350,87,29543376.773802,196252.512797,0.326531,0.673469,11294 11675 11786 11881 11893 11989 12091 12115 12119 12132 12359 12467 12479 12971 13253
moead,513_e-05,6,17,4350,87,29537116.037476,195164.517937,0.346939,0.653061,11294 11675 11786 11881 11893 11989 12091 12115 12119 12359 12488 12595 12725 12971 13253
moead,513_e-05,6,18,4350,87,29537116.037476,195164.517937,0.367347,0.632653,11294 11675 11786 11881 11893 11989 12091 12115 12119 12359 12488 12595 12725 12971 13253
moead,513_e-05,6,19,4350,87,29527913.486831,192870.363103,0.387755,0.612245,11564 11786 11881 11893 12002 12091 12115 12119 12132 12224 12343 12359 12467 12971 13253
moead,513_e-05,6,20,4350,87,29520751.805160,192630.862099,0.408163,0.591837,11786 11881 11893 11908 12002 12091 12115 12119 12132 12239 12359 12479 12958 12971 13253
moead,513_e-05,6,21,4350,87,29520751.805160,192630.862099,0.428571,0.571429,11786 11881 11893 11908 12002 12091 12115 12119 12132 12239 12359 12479 12958 12971 13253
moead,513_e-05,6,22,4350,87,29517037.294457,192607.086708,0.448980,0.551020,11786 11881 11893 11908 12002 12091 12115 12119 12224 12239 12359 12479 12957 12971 13253
moead,513_e-05,6,23,4350,87,29513147.704102,192491.280464,0.469388,0.530612,11786 11881 11893 11908 12002 12091 12115 12119 12132 12224 12239 12359 12479 12971 13253
moead,513_e-05,6,24,4350,87,29506220.279088,192440.402481,0.489796,0.510204,11786 11881 11893 11894 11908 12002 12091 12115 12119 12224 12239 12359 12479 12971 13253
moead,513_e-05,6,25,4350,87,29499607.828590,192295.535938,0.510204,0.489796,11786 11881 11893 11894 12002 12091 12115 12119 12132 12224 12239 12358 12359 12479 13253
moead,513_e-05,6,26,4350,87,29499607.828590,192295.535938,0.530612,0.469388,11786 11881 11893 11894 12002 12091 12115 12119 12132 12224 12239 12358 12359 12479 13253
moead,513_e-05,6,27,4350,87,29499607.828590,192295.535938,0.551020,0.448980,11786 11881 11893 11894 12002 12091 12115 12119 12132 12224 12239 12358 12359 12479 13253
moead,513_e-05,6,28,4350,87,29494897.097954,191790.745629,0.571429,0.428571,11786 11881 11893 11894 12002 12091 12115 12119 12132 12224 12239 12358 12359 12479 12971
moead,513_e-05,6,29,4350,87,29494897.097954,191790.745629,0.591837,0.408163,11786 11881 11893 11894 12002 12091 12115 12119 12132 12224 12239 12358 12359 12479 12971
moead,513_e-05,6,30,4350,87,29492992.590797,188324.772793,0.612245,0.387755,11675 11777 11786 11789 11893 11895 11990 12002 12115 12119 12132 12359 12479 12971 13253
moead,513_e-05,6,31,4350,87,29489303.917416,188191.981792,0.632653,0.367347,11675 11777 11786 11789 11893 11895 11990 12002 12115 12119 12132 12239 12359 12479 13253
moead,513_e-05,6,32,4350,87,29489303.917416,188191.981792,0.653061,0.346939,11675 11777 11786 11789 11893 11895 11990 12002 12115 12119 12132 12239 12359 12479 13253
moead,513_e-05,6,33,4350,87,29486647.609461,187856.276138,0.673469,0.326531,11675 11777 11786 11789 11893 11999 12002 12100 12115 12119 12132 12239 12359 12479 12971
moead,513_e-05,6,34,4350,87,29483660.981093,187722.537386,0.693878,0.306122,11675 11777 11786 11789 11893 11999 12002 12119 12132 12224 12239 12358 12359 12479 12971
moead,513_e-05,6,35,4350,87,29482849.548600,187578.605064,0.714286,0.285714,11679 11777 11786 11789 11893 11895 11990 12002 12115 12119 12132 12225 12239 12359 12479
moead,513_e-05,6,36,4350,87,29480844.782590,187292.562047,0.734694,0.265306,11679 11786 11789 11875 11997 12002 12115 12116 12119 12239 12359 12472 12479 12719 13253
moead,513_e-05,6,37,4350,87,29472314.039164,186816.041561,0.755102,0.244898,11679 11786 11875 12002 12110 12115 12116 12117 12119 12120 12356 12359 12472 12479 12976
moead,513_e-05,6,38,4350,87,29472314.039164,186816.041561,0.775510,0.224490,11679 11786 11875 12002 12110 12115 12116 12117 12119 12120 12356 12359 12472 12479 12976
moead,513_e-05,6,39,4350,87,29472314.039164,186816.041561,0.795918,0.204082,11679 11786 11875 12002 12110 12115 12116 12117 12119 12120 12356 12359 12472 12479 12976
moead,513_e-05,6,40,4350,87,29472314.039164,186816.041561,0.816327,0.183673,11679 11786 11875 12002 12110 12115 12116 12117 12119 12120 12356 12359 12472 12479 12976
moead,513_e-05,6,41,4350,87,29472314.039164,186816.041561,0.836735,0.163265,11679 11786 11875 12002 12110 12115 12116 12117 12119 12120 12356 12359 12472 12479 12976
moead,513_e-05,6,42,4350,87,29472314.039164,186816.041561,0.857143,0.142857,11679 11786 11875 12002 12110 12115 12116 12117 12119 12120 12356 12359 12472 12479 12976
moead,513_e-05,6,43,4350,87,29466930.796914,183061.938496,0.877551,0.122449,11679 11786 12002 12112 12115 12116 12119 12228 12229 12239 12356 12359 12472 12479 12976
moead,513_e-05,6,44,4350,87,29466930.796914,183061.938496,0.897959,0.102041,11679 11786 12002 12112 12115 12116 12119 12228 12229 12239 12356 12359 12472 12479 12976
moead,513_e-05,6,45,4350,87,29466930.796914,183061.938496,0.918367,0.081633,11679 11786 12002 12112 12115 12116 12119 12228 12229 12239 12356 12359 12472 12479 12976
moead,513_e-05,6,46,4350,87,29466930.796914,183061.938496,0.938776,0.061224,11679 11786 12002 12112 12115 12116 12119 12228 12229 12239 12356 12359 12472 12479 12976
moead,513_e-05,6,47,4350,87,29466150.631437,183005.567017,0.959184,0.040816,11679 11786 12002 12112 12115 12116 12119 12229 12239 12356 12359 12472 12479 12598 12976
moead,513_e-05,6,48,4350,87,29465017.147167,178983.115885,0.979592,0.020408,11679 11786 11895 12002 12112 12115 12116 12119 12229 12239 12356 12359 12472 12479 12719
moead,513_e-05,6,49,4350,87,29463842.669729,178983.106074,1.000000,0.000000,11679 11786 12002 12112 12115 12116 12119 12229 12239 12356 12359 12472 12479 12598 12719
moead,513_e-05,6,0,4400,88,35959412.112581,236183.260254,0.000000,1.000000,10162 13540 14022 31532 47029 63719 74613 82843 84197 88095 108056 127457 139037 150866 165867
moead,513_e-05,6,1,4400,88,30144395.163762,222159.118408,0.020408,0.979592,10253 10424 11212 11225 11800 11986 12262 12476 12687 13237 13540 14040 14358 15288 16379
moead,513_e-05,6,2,4400,88,29904515.672914,217583.576349,0.040816,0.959184,10964 11212 11225 11520 11576 11580 11784 11800 11986 12262 12476 12687 13540 13703 14372
moead,513_e-05,6,3,4400,88,29809408.657601,213539.208206,0.061224,0.938776,10911 10964 11212 11225 11483 11580 11672 11800 11986 12262 12476 12595 13540 14372 15288
moead,513_e-05,6,4,4400,88,29755219.117382,211889.854417,0.081633,0.918367,10964 11212 11225 11576 11580 11674 11784 11999 12233 12262 12360 12595 13540 13703 14372
moead,513_e-05,6,5,4400,88,29703722.766317,209034.791924,0.102041,0.897959,10964 11212 11225 11483 11579 11675 11771 11800 11986 12262 12476 12595 12837 13540 14022
moead,513_e-05,6,6,4400,88,29682697.375100,207778.442730,0.122449,0.877551,10964 11212 11225 11674 11778 11784 12233 12262 12360 12361 12480 12578 12595 13540 14022
moead,513_e-05,6,7,4400,88,29644697.988542,204912.480888,0.142857,0.857143,11212 11225 11483 11580 11675 11679 11771 11800 11986 12262 12476 12595 12837 13540 14022
moead,513_e-05,6,8,4400,88,29627514.220708,204293.762844,0.163265,0.836735,11212 11225 11576 11770 11784 12233 12262 12360 12361 12475 12480 12578 12595 13540 14022
moead,513_e-05,6,9,4400,88,29620581.081152,203642.110870,0.183673,0.816327,11212 11225 11579 11784 11889 12233 12262 12360 12361 12475 12480 12578 12595 13540 14022
moead,513_e-05,6,10,4400,88,29577883.410924,200172.613653,0.204082,0.795918,11212 11225 11576 11770 11784 12233 12234 12262 12360 12361 12475 12480 12578 12595 13540
moead,513_e-05,6,11,4400,88,29577883.410924,200172.613653,0.224490,0.775510,11212 11225 11576 11770 11784 12233 12234 12262 12360 12361 12475 12480 12578 12595 13540
moead,513_e-05,6,12,4400,88,29564098.723363,199955.069799,0.244898,0.755102,11212 11225 11576 11770 11784 12233 12234 12238 12262 12360 12361 12475 12480 12595 13540
moead,513_e-05,6,13,4400,88,29564098.723363,199955.069799,0.265306,0.734694,11212 11225 11576 11770 11784 12233 12234 12238 12262 12360 12361 12475 12480 12595 13540
moead,513_e-05,6,14,4400,88,29552576.988506,196693.699043,0.285714,0.714286,11294 11881 11893 11989 12000 12002 12091 12115 12119 12132 12359 12467 12864 12971 13253
moead,513_e-05,6,15,4400,88,29552576.988506,196693.699043,0.306122,0.693878,11294 11881 11893 11989 12000 12002 12091 12115 12119 12132 12359 12467 12864 12971 13253
moead,513_e-05,6,16,4400,88,29543376.773802,196252.512797,0.326531,0.673469,11294 11675 11786 11881 11893 11989 12091 12115 12119 12132 12359 12467 12479 12971 13253
moead,513_e-05,6,17,4400,88,29537116.037476,195164.517937,0.346939,0.653061,11294 11675 11786 11881 11893 11989 12091 12115 12119 12359 12488 12595 12725 12971 13253
moead,513_e-05,6,18,4400,88,29537116.037476,195164.517937,0.367347,0.632653,11294 11675 11786 11881 11893 11989 12091 12115 12119 12359 12488 12595 12725 12971 13253
moead,513_e-05,6,19,4400,88,29527913.486831,192870.363103,0.387755,0.612245,11564 11786 11881 11893 12002 12091 12115 12119 12132 12224 12343 12359 12467 12971 13253
moead,513_e-05,6,20,4400,88,29520751.805160,192630.862099,0.408163,0.591837,11786 11881 11893 11908 12002 12091 12115 12119 12132 12239 12359 12479 12958 12971 13253
moead,513_e-05,6,21,4400,88,29520751.805160,192630.862099,0.428571,0.571429,11786 11881 11893 11908 12002 12091 12115 12119 12132 12239 12359 12479 12958 12971 13253
moead,513_e-05,6,22,4400,88,29517037.294457,192607.086708,0.448980,0.551020,11786 11881 11893 11908 12002 12091 12115 12119 12224 12239 12359 12479 12957 12971 13253
moead,513_e-05,6,23,4400,88,29513147.704102,192491.280464,0.469388,0.530612,11786 11881 11893 11908 12002 12091 12115 12119 12132 12224 12239 12359 12479 12971 13253
moead,513_e-05,6,24,4400,88,29506220.279088,192440.402481,0.489796,0.510204,11786 11881 11893 11894 11908 12002 12091 12115 12119 12224 12239 12359 12479 12971 13253
moead,513_e-05,6,25,4400,88,29499607.828590,192295.535938,0.510204,0.489796,11786 11881 11893 11894 12002 12091 12115 12119 12132 12224 12239 12358 12359 12479 13253
moead,513_e-05,6,26,4400,88,29499607.828590,192295.535938,0.530612,0.469388,11786 11881 11893 11894 12002 12091 12115 12119 12132 12224 12239 12358 12359 12479 13253
moead,513_e-05,6,27,4400,88,29499607.828590,192295.535938,0.551020,0.448980,11786 11881 11893 11894 12002 12091 12115 12119 12132 12224 12239 12358 12359 12479 13253
moead,513_e-05,6,28,4400,88,29494897.097954,191790.745629,0.571429,0.428571,11786 11881 11893 11894 12002 12091 12115 12119 12132 12224 12239 12358 12359 12479 12971
moead,513_e-05,6,29,4400,88,29494897.097954,191790.745629,0.591837,0.408163,11786 11881 11893 11894 12002 12091 12115 12119 12132 12224 12239 12358 12359 12479 12971
moead,513_e-05,6,30,4400,88,29492992.590797,188324.772793,0.612245,0.387755,11675 11777 11786 11789 11893 11895 11990 12002 12115 12119 12132 12359 12479 12971 13253
moead,513_e-05,6,31,4400,88,29489303.917416,188191.981792,0.632653,0.367347,11675 11777 11786 11789 11893 11895 11990 12002 12115 12119 12132 12239 12359 12479 13253
moead,513_e-05,6,32,4400,88,29489303.917416,188191.981792,0.653061,0.346939,11675 11777 11786 11789 11893 11895 11990 12002 12115 12119 12132 12239 12359 12479 13253
moead,513_e-05,6,33,4400,88,29486647.609461,187856.276138,0.673469,0.326531,11675 11777 11786 11789 11893 11999 12002 12100 12115 12119 12132 12239 12359 12479 12971
moead,513_e-05,6,34,4400,88,29483660.981093,187722.537386,0.693878,0.306122,11675 11777 11786 11789 11893 11999 12002 12119 12132 12224 12239 12358 12359 12479 12971
moead,513_e-05,6,35,4400,88,29482849.548600,187578.605064,0.714286,0.285714,11679 11777 11786 11789 11893 11895 11990 12002 12115 12119 12132 12225 12239 12359 12479
moead,513_e-05,6,36,4400,88,29480844.782590,187292.562047,0.734694,0.265306,11679 11786 11789 11875 11997 12002 12115 12116 12119 12239 12359 12472 12479 12719 13253
moead,513_e-05,6,37,4400,88,29472314.039164,186816.041561,0.755102,0.244898,11679 11786 11875 12002 12110 12115 12116 12117 12119 12120 12356 12359 12472 12479 12976
moead,513_e-05,6,38,4400,88,29472314.039164,186816.041561,0.775510,0.224490,11679 11786 11875 12002 12110 12115 12116 12117 12119 12120 12356 12359 12472 12479 12976
moead,513_e-05,6,39,4400,88,29472314.039164,186816.041561,0.795918,0.204082,11679 11786 11875 12002 12110 12115 12116 12117 12119 12120 12356 12359 12472 12479 12976
moead,513_e-05,6,40,4400,88,29472314.039164,186816.041561,0.816327,0.183673,11679 11786 11875 12002 12110 12115 12116 12117 12119 12120 12356 12359 12472 12479 12976
moead,513_e-05,6,41,4400,88,29472314.039164,186816.041561,0.836735,0.163265,11679 11786 11875 12002 12110 12115 12116 12117 12119 12120 12356 12359 12472 12479 12976
moead,513_e-05,6,42,4400,88,29472314.039164,186816.041561,0.857143,0.142857,11679 11786 11875 12002 12110 12115 12116 12117 12119 12120 12356 12359 12472 12479 12976
moead,513_e-05,6,43,4400,88,29470956.017070,183104.561638,0.877551,0.122449,11679 11786 12002 12112 12115 12116 12119 12228 12229 12239 12356 12359 12472 12588 12976
moead,513_e-05,6,44,4400,88,29466930.796914,183061.938496,0.897959,0.102041,11679 11786 12002 12112 12115 12116 12119 12228 12229 12239 12356 12359 12472 12479 12976
moead,513_e-05,6,45,4400,88,29466930.796914,183061.938496,0.918367,0.081633,11679 11786 12002 12112 12115 12116 12119 12228 12229 12239 12356 12359 12472 12479 12976
moead,513_e-05,6,46,4400,88,29466930.796914,183061.938496,0.938776,0.061224,11679 11786 12002 12112 12115 12116 12119 12228 12229 12239 12356 12359 12472 12479 12976
moead,513_e-05,6,47,4400,88,29466150.631437,183005.567017,0.959184,0.040816,11679 11786 12002 12112 12115 12116 12119 12229 12239 12356 12359 12472 12479 12598 12976
moead,513_e-05,6,48,4400,88,29465017.147167,178983.115885,0.979592,0.020408,11679 11786 11895 12002 12112 12115 12116 12119 12229 12239 12356 12359 12472 12479 12719
moead,513_e-05,6,49,4400,88,29463842.669729,178983.106074,1.000000,0.000000,11679 11786 12002 12112 12115 12116 12119 12229 12239 12356 12359 12472 12479 12598 12719
moead,513_e-05,6,0,4450,89,36136303.551313,236183.260254,0.000000,1.000000,2059 5485 14022 14392 15109 31532 47029 49509 63719 68413 81174 84197 88095 98132 108056
moead,513_e-05,6,1,4450,89,30144395.163762,222159.118408,0.020408,0.979592,10253 10424 11212 11225 11800 11986 12262 12476 12687 13237 13540 14040 14358 15288 16379
moead,513_e-05,6,2,4450,89,29904515.672914,217583.576349,0.040816,0.959184,10964 11212 11225 11520 11576 11580 11784 11800 11986 12262 12476 12687 13540 13703 14372
moead,513_e-05,6,3,4450,89,29813284.371039,213610.680107,0.061224,0.938776,10795 10911 10964 11212 11225 11483 11771 11800 11986 12262 12476 12595 12837 13540 14022
moead,513_e-05,6,4,4450,89,29755219.117382,211889.854417,0.081633,0.918367,10964 11212 11225 11576 11580 11674 11784 11999 12233 12262 12360 12595 13540 13703 14372
moead,513_e-05,6,5,4450,89,29703722.766317,209034.791924,0.102041,0.897959,10964 11212 11225 11483 11579 11675 11771 11800 11986 12262 12476 12595 12837 13540 14022
moead,513_e-05,6,6,4450,89,29682697.375100,207778.442730,0.122449,0.877551,10964 11212 11225 11674 11778 11784 12233 12262 12360 12361 12480 12578 12595 13540 14022
moead,513_e-05,6,7,4450,89,29644697.988542,204912.480888,0.142857,0.857143,11212 11225 11483 11580 11675 11679 11771 11800 11986 12262 12476 12595 12837 13540 14022
moead,513_e-05,6,8,4450,89,29627514.220708,204293.762844,0.163265,0.836735,11212 11225 11576 11770 11784 12233 12262 12360 12361 12475 12480 12578 12595 13540 14022
moead,513_e-05,6,9,4450,89,29620581.081152,203642.110870,0.183673,0.816327,11212 11225 11579 11784 11889 12233 12262 12360 12361 12475 12480 12578 12595 13540 14022
moead,513_e-05,6,10,4450,89,29577883.410924,200172.613653,0.204082,0.795918,11212 11225 11576 11770 11784 12233 12234 12262 12360 12361 12475 12480 12578 12595 13540
moead,513_e-05,6,11,4450,89,29577883.410924,200172.613653,0.224490,0.775510,11212 11225 11576 11770 11784 12233 12234 12262 12360 12361 12475 12480 12578 12595 13540
moead,513_e-05,6,12,4450,89,29564098.723363,199955.069799,0.244898,0.755102,11212 11225 11576 11770 11784 12233 12234 12238 12262 12360 12361 12475 12480 12595 13540
moead,513_e-05,6,13,4450,89,29564098.723363,199955.069799,0.265306,0.734694,11212 11225 11576 11770 11784 12233 12234 12238 12262 12360 12361 12475 12480 12595 13540
moead,513_e-05,6,14,4450,89,29552576.988506,196693.699043,0.285714,0.714286,11294 11881 11893 11989 12000 12002 12091 12115 12119 12132 12359 12467 12864 12971 13253
moead,513_e-05,6,15,4450,89,29552576.988506,196693.699043,0.306122,0.693878,11294 11881 11893 11989 12000 12002 12091 12115 12119 12132 12359 12467 12864 12971 13253
moead,513_e-05,6,16,4450,89,29543663.325638,196557.623332,0.326531,0.673469,11294 11675 11786 11881 11893 11989 12002 12091 12115 12119 12132 12359 12467 12971 13253
moead,513_e-05,6,17,4450,89,29539122.325382,195401.940041,0.346939,0.653061,11294 11786 11881 11893 11989 12091 12115 12119 12359 12488 12595 12725 12971 13101 13253
moead,513_e-05,6,18,4450,89,29537116.037476,195164.517937,0.367347,0.632653,11294 11675 11786 11881 11893 11989 12091 12115 12119 12359 12488 12595 12725 12971 13253
moead,513_e-05,6,19,4450,89,29527913.486831,192870.363103,0.387755,0.612245,11564 11786 11881 11893 12002 12091 12115 12119 12132 12224 12343 12359 12467 12971 13253
moead,513_e-05,6,20,4450,89,29520751.805160,192630.862099,0.408163,0.591837,11786 11881 11893 11908 12002 12091 12115 12119 12132 12239 12359 12479 12958 12971 13253
moead,513_e-05,6,21,4450,89,29520751.805160,192630.862099,0.428571,0.571429,11786 11881 11893 11908 12002 12091 12115 12119 12132 12239 12359 12479 12958 12971 13253
moead,513_e-05,6,22,4450,89,29517037.294457,192607.086708,0.448980,0.551020,11786 11881 11893 11908 12002 12091 12115 12119 12224 12239 12359 12479 12957 12971 13253
moead,513_e-05,6,23,4450,89,29513147.704102,192491.280464,0.469388,0.530612,11786 11881 11893 11908 12002 12091 12115 12119 12132 12224 12239 12359 12479 12971 13253
moead,513_e-05,6,24,4450,89,29506220.279088,192440.402481,0.489796,0.510204,11786 11881 11893 11894 11908 12002 12091 12115 12119 12224 12239 12359 12479 12971 13253
moead,513_e-05,6,25,4450,89,29499607.828590,192295.535938,0.510204,0.489796,11786 11881 11893 11894 12002 12091 12115 12119 12132 12224 12239 12358 12359 12479 13253
moead,513_e-05,6,26,4450,89,29499607.828590,192295.535938,0.530612,0.469388,11786 11881 11893 11894 12002 12091 12115 12119 12132 12224 12239 12358 12359 12479 13253
moead,513_e-05,6,27,4450,89,29499607.828590,192295.535938,0.551020,0.448980,11786 11881 11893 11894 12002 12091 12115 12119 12132 12224 12239 12358 12359 12479 13253
moead,513_e-05,6,28,4450,89,29494897.097954,191790.745629,0.571429,0.428571,11786 11881 11893 11894 12002 12091 12115 12119 12132 12224 12239 12358 12359 12479 12971
moead,513_e-05,6,29,4450,89,29494897.097954,191790.745629,0.591837,0.408163,11786 11881 11893 11894 12002 12091 12115 12119 12132 12224 12239 12358 12359 12479 12971
moead,513_e-05,6,30,4450,89,29492992.590797,188324.772793,0.612245,0.387755,11675 11777 11786 11789 11893 11895 11990 12002 12115 12119 12132 12359 12479 12971 13253
moead,513_e-05,6,31,4450,89,29487829.166377,188191.981792,0.632653,0.367347,11675 11777 11786 11789 11893 11990 11998 12002 12115 12119 12132 12239 12359 12479 13253
moead,513_e-05,6,32,4450,89,29487829.166377,188191.981792,0.653061,0.346939,11675 11777 11786 11789 11893 11990 11998 12002 12115 12119 12132 12239 12359 12479 13253
moead,513_e-05,6,33,4450,89,29486647.609461,187856.276138,0.673469,0.326531,11675 11777 11786 11789 11893 11999 12002 12100 12115 12119 12132 12239 12359 12479 12971
moead,513_e-05,6,34,4450,89,29483118.435741,187728.426968,0.693878,0.306122,11675 11777 11786 11789 11893 11990 11998 12002 12115 12119 12132 12239 12359 12479 12971
moead,513_e-05,6,35,4450,89,29483118.435741,187728.426968,0.714286,0.285714,11675 11777 11786 11789 11893 11990 11998 12002 12115 12119 12132 12239 12359 12479 12971
moead,513_e-05,6,36,4450,89,29480844.782590,187292.562047,0.734694,0.265306,11679 11786 11789 11875 11997 12002 12115 12116 12119 12239 12359 12472 12479 12719 13253
moead,513_e-05,6,37,4450,89,29472314.039164,186816.041561,0.755102,0.244898,11679 11786 11875 12002 12110 12115 12116 12117 12119 12120 12356 12359 12472 12479 12976
moead,513_e-05,6,38,4450,89,29472314.039164,186816.041561,0.775510,0.224490,11679 11786 11875 12002 12110 12115 12116 12117 12119 12120 12356 12359 12472 12479 12976
moead,513_e-05,6,39,4450,89,29472314.039164,186816.041561,0.795918,0.204082,11679 11786 11875 12002 12110 12115 12116 12117 12119 12120 12356 12359 12472 12479 12976
moead,513_e-05,6,40,4450,89,29472314.039164,186816.041561,0.816327,0.183673,11679 11786 11875 12002 12110 12115 12116 12117 12119 12120 12356 12359 12472 12479 12976
moead,513_e-05,6,41,4450,89,29472314.039164,186816.041561,0.836735,0.163265,11679 11786 11875 12002 12110 12115 12116 12117 12119 12120 12356 12359 12472 12479 12976
moead,513_e-05,6,42,4450,89,29472314.039164,186816.041561,0.857143,0.142857,11679 11786 11875 12002 12110 12115 12116 12117 12119 12120 12356 12359 12472 12479 12976
moead,513_e-05,6,43,4450,89,29470956.017070,183104.561638,0.877551,0.122449,11679 11786 12002 12112 12115 12116 12119 12228 12229 12239 12356 12359 12472 12588 12976
moead,513_e-05,6,44,4450,89,29466930.796914,183061.938496,0.897959,0.102041,11679 11786 12002 12112 12115 12116 12119 12228 12229 12239 12356 12359 12472 12479 12976
moead,513_e-05,6,45,4450,89,29466930.796914,183061.938496,0.918367,0.081633,11679 11786 12002 12112 12115 12116 12119 12228 12229 12239 12356 12359 12472 12479 12976
moead,513_e-05,6,46,4450,89,29466930.796914,183061.938496,0.938776,0.061224,11679 11786 12002 12112 12115 12116 12119 12228 12229 12239 12356 12359 12472 12479 12976
moead,513_e-05,6,47,4450,89,29466150.631437,183005.567017,0.959184,0.040816,11679 11786 12002 12112 12115 12116 12119 12229 12239 12356 12359 12472 12479 12598 12976
moead,513_e-05,6,48,4450,89,29465017.147167,178983.115885,0.979592,0.020408,11679 11786 11895 12002 12112 12115 12116 12119 12229 12239 12356 12359 12472 12479 12719
moead,513_e-05,6,49,4450,89,29463842.669729,178983.106074,1.000000,0.000000,11679 11786 12002 12112 12115 12116 12119 12229 12239 12356 12359 12472 12479 12598 12719
moead,513_e-05,6,0,4500,90,36565565.614137,236183.260254,0.000000,1.000000,2059 14022 14392 30025 31532 49509 63719 80377 81174 84197 88095 103540 111959 115557 118856
moead,513_e-05,6,1,4500,90,30144395.163762,222159.118408,0.020408,0.979592,10253 10424 11212 11225 11800 11986 12262 12476 12687 13237 13540 14040 14358 15288 16379
moead,513_e-05,6,2,4500,90,29904515.672914,217583.576349,0.040816,0.959184,10964 11212 11225 11520 11576 11580 11784 11800 11986 12262 12476 12687 13540 13703 14372
moead,513_e-05,6,3,4500,90,29813284.371039,213610.680107,0.061224,0.938776,10795 10911 10964 11212 11225 11483 11771 11800 11986 12262 12476 12595 12837 13540 14022
moead,513_e-05,6,4,4500,90,29755219.117382,211889.854417,0.081633,0.918367,10964 11212 11225 11576 11580 11674 11784 11999 12233 12262 12360 12595 13540 13703 14372
moead,513_e-05,6,5,4500,90,29703722.766317,209034.791924,0.102041,0.897959,10964 11212 11225 11483 11579 11675 11771 11800 11986 12262 12476 12595 12837 13540 14022
moead,513_e-05,6,6,4500,90,29682697.375100,207778.442730,0.122449,0.877551,10964 11212 11225 11674 11778 11784 12233 12262 12360 12361 12480 12578 12595 13540 14022
moead,513_e-05,6,7,4500,90,29644697.988542,204912.480888,0.142857,0.857143,11212 11225 11483 11580 11675 11679 11771 11800 11986 12262 12476 12595 12837 13540 14022
moead,513_e-05,6,8,4500,90,29627514.220708,204293.762844,0.163265,0.836735,11212 11225 11576 11770 11784 12233 12262 12360 12361 12475 12480 12578 12595 13540 14022
moead,513_e-05,6,9,4500,90,29620581.081152,203642.110870,0.183673,0.816327,11212 11225 11579 11784 11889 12233 12262 12360 12361 12475 12480 12578 12595 13540 14022
moead,513_e-05,6,10,4500,90,29577883.410924,200172.613653,0.204082,0.795918,11212 11225 11576 11770 11784 12233 12234 12262 12360 12361 12475 12480 12578 12595 13540
moead,513_e-05,6,11,4500,90,29577883.410924,200172.613653,0.224490,0.775510,11212 11225 11576 11770 11784 12233 12234 12262 12360 12361 12475 12480 12578 12595 13540
moead,513_e-05,6,12,4500,90,29564098.723363,199955.069799,0.244898,0.755102,11212 11225 11576 11770 11784 12233 12234 12238 12262 12360 12361 12475 12480 12595 13540
moead,513_e-05,6,13,4500,90,29564098.723363,199955.069799,0.265306,0.734694,11212 11225 11576 11770 11784 12233 12234 12238 12262 12360 12361 12475 12480 12595 13540
moead,513_e-05,6,14,4500,90,29552576.988506,196693.699043,0.285714,0.714286,11294 11881 11893 11989 12000 12002 12091 12115 12119 12132 12359 12467 12864 12971 13253
moead,513_e-05,6,15,4500,90,29552576.988506,196693.699043,0.306122,0.693878,11294 11881 11893 11989 12000 12002 12091 12115 12119 12132 12359 12467 12864 12971 13253
moead,513_e-05,6,16,4500,90,29543663.325638,196557.623332,0.326531,0.673469,11294 11675 11786 11881 11893 11989 12002 12091 12115 12119 12132 12359 12467 12971 13253
moead,513_e-05,6,17,4500,90,29539122.325382,195401.940041,0.346939,0.653061,11294 11786 11881 11893 11989 12091 12115 12119 12359 12488 12595 12725 12971 13101 13253
moead,513_e-05,6,18,4500,90,29537116.037476,195164.517937,0.367347,0.632653,11294 11675 11786 11881 11893 11989 12091 12115 12119 12359 12488 12595 12725 12971 13253
moead,513_e-05,6,19,4500,90,29527913.486831,192870.363103,0.387755,0.612245,11564 11786 11881 11893 12002 12091 12115 12119 12132 12224 12343 12359 12467 12971 13253
moead,513_e-05,6,20,4500,90,29520751.805160,192630.862099,0.408163,0.591837,11786 11881 11893 11908 12002 12091 12115 12119 12132 12239 12359 12479 12958 12971 13253
moead,513_e-05,6,21,4500,90,29520751.805160,192630.862099,0.428571,0.571429,11786 11881 11893 11908 12002 12091 12115 12119 12132 12239 12359 12479 12958 12971 13253
moead,513_e-05,6,22,4500,90,29517037.294457,192607.086708,0.448980,0.551020,11786 11881 11893 11908 12002 12091 12115 12119 12224 12239 12359 12479 12957 12971 13253
moead,513_e-05,6,23,4500,90,29506220.279088,192440.402481,0.469388,0.530612,11786 11881 11893 11894 11908 12002 12091 12115 12119 12224 12239 12359 12479 12971 13253
moead,513_e-05,6,24,4500,90,29506220.279088,192440.402481,0.489796,0.510204,11786 11881 11893 11894 11908 12002 12091 12115 12119 12224 12239 12359 12479 12971 13253
moead,513_e-05,6,25,4500,90,29499607.828590,192295.535938,0.510204,0.489796,11786 11881 11893 11894 12002 12091 12115 12119 12132 12224 12239 12358 12359 12479 13253
moead,513_e-05,6,26,4500,90,29499607.828590,192295.535938,0.530612,0.469388,11786 11881 11893 11894 12002 12091 12115 12119 12132 12224 12239 12358 12359 12479 13253
moead,513_e-05,6,27,4500,90,29499607.828590,192295.535938,0.551020,0.448980,11786 11881 11893 11894 12002 12091 12115 12119 12132 12224 12239 12358 12359 12479 13253
moead,513_e-05,6,28,4500,90,29494897.097954,191790.745629,0.571429,0.428571,11786 11881 11893 11894 12002 12091 12115 12119 12132 12224 12239 12358 12359 12479 12971
moead,513_e-05,6,29,4500,90,29494897.097954,191790.745629,0.591837,0.408163,11786 11881 11893 11894 12002 12091 12115 12119 12132 12224 12239 12358 12359 12479 12971
moead,513_e-05,6,30,4500,90,29492992.590797,188324.772793,0.612245,0.387755,11675 11777 11786 11789 11893 11895 11990 12002 12115 12119 12132 12359 12479 12971 13253
moead,513_e-05,6,31,4500,90,29487829.166377,188191.981792,0.632653,0.367347,11675 11777 11786 11789 11893 11990 11998 12002 12115 12119 12132 12239 12359 12479 13253
moead,513_e-05,6,32,4500,90,29487829.166377,188191.981792,0.653061,0.346939,11675 11777 11786 11789 11893 11990 11998 12002 12115 12119 12132 12239 12359 12479 13253
moead,513_e-05,6,33,4500,90,29485617.936091,187780.328842,0.673469,0.326531,11679 11777 11786 11789 11893 11999 12002 12100 12115 12119 12132 12239 12359 12479 12971
moead,513_e-05,6,34,4500,90,29483118.435741,187728.426968,0.693878,0.306122,11675 11777 11786 11789 11893 11990 11998 12002 12115 12119 12132 12239 12359 12479 12971
moead,513_e-05,6,35,4500,90,29480844.782590,187292.562047,0.714286,0.285714,11679 11786 11789 11875 11997 12002 12115 12116 12119 12239 12359 12472 12479 12719 13253
moead,513_e-05,6,36,4500,90,29480844.782590,187292.562047,0.734694,0.265306,11679 11786 11789 11875 11997 12002 12115 12116 12119 12239 12359 12472 12479 12719 13253
moead,513_e-05,6,37,4500,90,29477046.781127,186822.415647,0.755102,0.244898,11679 11773 11786 11875 12002 12110 12116 12117 12119 12120 12356 12359 12472 12479 12976
moead,513_e-05,6,38,4500,90,29477046.781127,186822.415647,0.775510,0.224490,11679 11773 11786 11875 12002 12110 12116 12117 12119 12120 12356 12359 12472 12479 12976
moead,513_e-05,6,39,4500,90,29472314.039164,186816.041561,0.795918,0.204082,11679 11786 11875 12002 12110 12115 12116 12117 12119 12120 12356 12359 12472 12479 12976
moead,513_e-05,6,40,4500,90,29472314.039164,186816.041561,0.816327,0.183673,11679 11786 11875 12002 12110 12115 12116 12117 12119 12120 12356 12359 12472 12479 12976
moead,513_e-05,6,41,4500,90,29472314.039164,186816.041561,0.836735,0.163265,11679 11786 11875 12002 12110 12115 12116 12117 12119 12120 12356 12359 12472 12479 12976
moead,513_e-05,6,42,4500,90,29472314.039164,186816.041561,0.857143,0.142857,11679 11786 11875 12002 12110 12115 12116 12117 12119 12120 12356 12359 12472 12479 12976
moead,513_e-05,6,43,4500,90,29465787.727123,183081.884638,0.877551,0.122449,11786 12002 12112 12115 12116 12119 12227 12228 12229 12239 12356 12359 12472 12479 12976
moead,513_e-05,6,44,4500,90,29465787.727123,183081.884638,0.897959,0.102041,11786 12002 12112 12115 12116 12119 12227 12228 12229 12239 12356 12359 12472 12479 12976
moead,513_e-05,6,45,4500,90,29465787.727123,183081.884638,0.918367,0.081633,11786 12002 12112 12115 12116 12119 12227 12228 12229 12239 12356 12359 12472 12479 12976
moead,513_e-05,6,46,4500,90,29465787.727123,183081.884638,0.938776,0.061224,11786 12002 12112 12115 12116 12119 12227 12228 12229 12239 12356 12359 12472 12479 12976
moead,513_e-05,6,47,4500,90,29465787.727123,183081.884638,0.959184,0.040816,11786 12002 12112 12115 12116 12119 12227 12228 12229 12239 12356 12359 12472 12479 12976
moead,513_e-05,6,48,4500,90,29463842.669729,178983.106074,0.979592,0.020408,11679 11786 12002 12112 12115 12116 12119 12229 12239 12356 12359 12472 12479 12598 12719
moead,513_e-05,6,49,4500,90,29463842.669729,178983.106074,1.000000,0.000000,11679 11786 12002 12112 12115 12116 12119 12229 12239 12356 12359 12472 12479 12598 12719
moead,513_e-05,6,0,4550,91,35678705.372564,236183.260254,0.000000,1.000000,2059 14022 14392 15109 20192 30025 49509 58467 63719 80377 81174 84197 88095 115557 173565
moead,513_e-05,6,1,4550,91,30144395.163762,222159.118408,0.020408,0.979592,10253 10424 11212 11225 11800 11986 12262 12476 12687 13237 13540 14040 14358 15288 16379
moead,513_e-05,6,2,4550,91,29904515.672914,217583.576349,0.040816,0.959184,10964 11212 11225 11520 11576 11580 11784 11800 11986 12262 12476 12687 13540 13703 14372
moead,513_e-05,6,3,4550,91,29813284.371039,213610.680107,0.061224,0.938776,10795 10911 10964 11212 11225 11483 11771 11800 11986 12262 12476 12595 12837 13540 14022
moead,513_e-05,6,4,4550,91,29755219.117382,211889.854417,0.081633,0.918367,10964 11212 11225 11576 11580 11674 11784 11999 12233 12262 12360 12595 13540 13703 14372
moead,513_e-05,6,5,4550,91,29703409.885885,209034.791924,0.102041,0.897959,10964 11212 11225 11483 11580 11675 11771 11800 11986 12262 12476 12595 12837 13540 14022
moead,513_e-05,6,6,4550,91,29682697.375100,207778.442730,0.122449,0.877551,10964 11212 11225 11674 11778 11784 12233 12262 12360 12361 12480 12578 12595 13540 14022
moead,513_e-05,6,7,4550,91,29644697.988542,204912.480888,0.142857,0.857143,11212 11225 11483 11580 11675 11679 11771 11800 11986 12262 12476 12595 12837 13540 14022
moead,513_e-05,6,8,4550,91,29627514.220708,204293.762844,0.163265,0.836735,11212 11225 11576 11770 11784 12233 12262 12360 12361 12475 12480 12578 12595 13540 14022
moead,513_e-05,6,9,4550,91,29597189.502936,200915.378898,0.183673,0.816327,11212 11225 11576 11770 11784 11800 11986 12233 12234 12262 12476 12578 12595 12837 13540
moead,513_e-05,6,10,4550,91,29597189.502936,200915.378898,0.204082,0.795918,11212 11225 11576 11770 11784 11800 11986 12233 12234 12262 12476 12578 12595 12837 13540
moead,513_e-05,6,11,4550,91,29577883.410924,200172.613653,0.224490,0.775510,11212 11225 11576 11770 11784 12233 12234 12262 12360 12361 12475 12480 12578 12595 13540
moead,513_e-05,6,12,4550,91,29564098.723363,199955.069799,0.244898,0.755102,11212 11225 11576 11770 11784 12233 12234 12238 12262 12360 12361 12475 12480 12595 13540
moead,513_e-05,6,13,4550,91,29564098.723363,199955.069799,0.265306,0.734694,11212 11225 11576 11770 11784 12233 12234 12238 12262 12360 12361 12475 12480 12595 13540
moead,513_e-05,6,14,4550,91,29552576.988506,196693.699043,0.285714,0.714286,11294 11881 11893 11989 12000 12002 12091 12115 12119 12132 12359 12467 12864 12971 13253
moead,513_e-05,6,15,4550,91,29552576.988506,196693.699043,0.306122,0.693878,11294 11881 11893 11989 12000 12002 12091 12115 12119 12132 12359 12467 12864 12971 13253
moead,513_e-05,6,16,4550,91,29543663.325638,196557.623332,0.326531,0.673469,11294 11675 11786 11881 11893 11989 12002 12091 12115 12119 12132 12359 12467 12971 13253
moead,513_e-05,6,17,4550,91,29539122.325382,195401.940041,0.346939,0.653061,11294 11786 11881 11893 11989 12091 12115 12119 12359 12488 12595 12725 12971 13101 13253
moead,513_e-05,6,18,4550,91,29537116.037476,195164.517937,0.367347,0.632653,11294 11675 11786 11881 11893 11989 12091 12115 12119 12359 12488 12595 12725 12971 13253
moead,513_e-05,6,19,4550,91,29527913.486831,192870.363103,0.387755,0.612245,11564 11786 11881 11893 12002 12091 12115 12119 12132 12224 12343 12359 12467 12971 13253
moead,513_e-05,6,20,4550,91,29520751.805160,192630.862099,0.408163,0.591837,11786 11881 11893 11908 12002 12091 12115 12119 12132 12239 12359 12479 12958 12971 13253
moead,513_e-05,6,21,4550,91,29520751.805160,192630.862099,0.428571,0.571429,11786 11881 11893 11908 12002 12091 12115 12119 12132 12239 12359 12479 12958 12971 13253
moead,513_e-05,6,22,4550,91,29517037.294457,192607.086708,0.448980,0.551020,11786 11881 11893 11908 12002 12091 12115 12119 12224 12239 12359 12479 12957 12971 13253
moead,513_e-05,6,23,4550,91,29506220.279088,192440.402481,0.469388,0.530612,11786 11881 11893 11894 11908 12002 12091 12115 12119 12224 12239 12359 12479 12971 13253
moead,513_e-05,6,24,4550,91,29506220.279088,192440.402481,0.489796,0.510204,11786 11881 11893 11894 11908 12002 12091 12115 12119 12224 12239 12359 12479 12971 13253
moead,513_e-05,6,25,4550,91,29499607.828590,192295.535938,0.510204,0.489796,11786 11881 11893 11894 12002 12091 12115 12119 12132 12224 12239 12358 12359 12479 13253
moead,513_e-05,6,26,4550,91,29499607.828590,192295.535938,0.530612,0.469388,11786 11881 11893 11894 12002 12091 12115 12119 12132 12224 12239 12358 12359 12479 13253
moead,513_e-05,6,27,4550,91,29499607.828590,192295.535938,0.551020,0.448980,11786 11881 11893 11894 12002 12091 12115 12119 12132 12224 12239 12358 12359 12479 13253
moead,513_e-05,6,28,4550,91,29494897.097954,191790.745629,0.571429,0.428571,11786 11881 11893 11894 12002 12091 12115 12119 12132 12224 12239 12358 12359 12479 12971
moead,513_e-05,6,29,4550,91,29494897.097954,191790.745629,0.591837,0.408163,11786 11881 11893 11894 12002 12091 12115 12119 12132 12224 12239 12358 12359 12479 12971
moead,513_e-05,6,30,4550,91,29492992.590797,188324.772793,0.612245,0.387755,11675 11777 11786 11789 11893 11895 11990 12002 12115 12119 12132 12359 12479 12971 13253
moead,513_e-05,6,31,4550,91,29487829.166377,188191.981792,0.632653,0.367347,11675 11777 11786 11789 11893 11990 11998 12002 12115 12119 12132 12239 12359 12479 13253
moead,513_e-05,6,32,4550,91,29487829.166377,188191.981792,0.653061,0.346939,11675 11777 11786 11789 11893 11990 11998 12002 12115 12119 12132 12239 12359 12479 13253
moead,513_e-05,6,33,4550,91,29486586.891033,188087.066040,0.673469,0.326531,11675 11777 11786 11789 11893 11895 11998 12002 12115 12119 12132 12239 12359 12479 13253
moead,513_e-05,6,34,4550,91,29483118.435741,187728.426968,0.693878,0.306122,11675 11777 11786 11789 11893 11990 11998 12002 12115 12119 12132 12239 12359 12479 12971
moead,513_e-05,6,35,4550,91,29480844.782590,187292.562047,0.714286,0.285714,11679 11786 11789 11875 11997 12002 12115 12116 12119 12239 12359 12472 12479 12719 13253
moead,513_e-05,6,36,4550,91,29480844.782590,187292.562047,0.734694,0.265306,11679 11786 11789 11875 11997 12002 12115 12116 12119 12239 12359 12472 12479 12719 13253
moead,513_e-05,6,37,4550,91,29477046.781127,186822.415647,0.755102,0.244898,11679 11773 11786 11875 12002 12110 12116 12117 12119 12120 12356 12359 12472 12479 12976
moead,513_e-05,6,38,4550,91,29477046.781127,186822.415647,0.775510,0.224490,11679 11773 11786 11875 12002 12110 12116 12117 12119 12120 12356 12359 12472 12479 12976
moead,513_e-05,6,39,4550,91,29475780.809138,186819.299946,0.795918,0.204082,11679 11786 11875 11880 12002 12110 12115 12116 12119 12120 12356 12359 12472 12479 12976
moead,513_e-05,6,40,4550,91,29472314.039164,186816.041561,0.816327,0.183673,11679 11786 11875 12002 12110 12115 12116 12117 12119 12120 12356 12359 12472 12479 12976
moead,513_e-05,6,41,4550,91,29472314.039164,186816.041561,0.836735,0.163265,11679 11786 11875 12002 12110 12115 12116 12117 12119 12120 12356 12359 12472 12479 12976
moead,513_e-05,6,42,4550,91,29472314.039164,186816.041561,0.857143,0.142857,11679 11786 11875 12002 12110 12115 12116 12117 12119 12120 12356 12359 12472 12479 12976
moead,513_e-05,6,43,4550,91,29465787.727123,183081.884638,0.877551,0.122449,11786 12002 12112 12115 12116 12119 12227 12228 12229 12239 12356 12359 12472 12479 12976
moead,513_e-05,6,44,4550,91,29465787.727123,183081.884638,0.897959,0.102041,11786 12002 12112 12115 12116 12119 12227 12228 12229 12239 12356 12359 12472 12479 12976
moead,513_e-05,6,45,4550,91,29465787.727123,183081.884638,0.918367,0.081633,11786 12002 12112 12115 12116 12119 12227 12228 12229 12239 12356 12359 12472 12479 12976
moead,513_e-05,6,46,4550,91,29465787.727123,183081.884638,0.938776,0.061224,11786 12002 12112 12115 12116 12119 12227 12228 12229 12239 12356 12359 12472 12479 12976
moead,513_e-05,6,47,4550,91,29465787.727123,183081.884638,0.959184,0.040816,11786 12002 12112 12115 12116 12119 12227 12228 12229 12239 12356 12359 12472 12479 12976
moead,513_e-05,6,48,4550,91,29463842.669729,178983.106074,0.979592,0.020408,11679 11786 12002 12112 12115 12116 12119 12229 12239 12356 12359 12472 12479 12598 12719
moead,513_e-05,6,49,4550,91,29463842.669729,178983.106074,1.000000,0.000000,11679 11786 12002 12112 12115 12116 12119 12229 12239 12356 12359 12472 12479 12598 12719
moead,513_e-05,6,0,4600,92,36736298.443916,236183.260254,0.000000,1.000000,2059 14022 14392 15109 26592 30025 58467 68799 69058 81174 88095 90141 99485 111348 115557
moead,513_e-05,6,1,4600,92,30144395.163762,222159.118408,0.020408,0.979592,10253 10424 11212 11225 11800 11986 12262 12476 12687 13237 13540 14040 14358 15288 16379
moead,513_e-05,6,2,4600,92,29904515.672914,217583.576349,0.040816,0.959184,10964 11212 11225 11520 11576 11580 11784 11800 11986 12262 12476 12687 13540 13703 14372
moead,513_e-05,6,3,4600,92,29813284.371039,213610.680107,0.061224,0.938776,10795 10911 10964 11212 11225 11483 11771 11800 11986 12262 12476 12595 12837 13540 14022
moead,513_e-05,6,4,4600,92,29755219.117382,211889.854417,0.081633,0.918367,10964 11212 11225 11576 11580 11674 11784 11999 12233 12262 12360 12595 13540 13703 14372
moead,513_e-05,6,5,4600,92,29703409.885885,209034.791924,0.102041,0.897959,10964 11212 11225 11483 11580 11675 11771 11800 11986 12262 12476 12595 12837 13540 14022
moead,513_e-05,6,6,4600,92,29682697.375100,207778.442730,0.122449,0.877551,10964 11212 11225 11674 11778 11784 12233 12262 12360 12361 12480 12578 12595 13540 14022
moead,513_e-05,6,7,4600,92,29644697.988542,204912.480888,0.142857,0.857143,11212 11225 11483 11580 11675 11679 11771 11800 11986 12262 12476 12595 12837 13540 14022
moead,513_e-05,6,8,4600,92,29627514.220708,204293.762844,0.163265,0.836735,11212 11225 11576 11770 11784 12233 12262 12360 12361 12475 12480 12578 12595 13540 14022
moead,513_e-05,6,9,4600,92,29597189.502936,200915.378898,0.183673,0.816327,11212 11225 11576 11770 11784 11800 11986 12233 12234 12262 12476 12578 12595 12837 13540
moead,513_e-05,6,10,4600,92,29597189.502936,200915.378898,0.204082,0.795918,11212 11225 11576 11770 11784 11800 11986 12233 12234 12262 12476 12578 12595 12837 13540
moead,513_e-05,6,11,4600,92,29577883.410924,200172.613653,0.224490,0.775510,11212 11225 11576 11770 11784 12233 12234 12262 12360 12361 12475 12480 12578 12595 13540
moead,513_e-05,6,12,4600,92,29564098.723363,199955.069799,0.244898,0.755102,11212 11225 11576 11770 11784 12233 12234 12238 12262 12360 12361 12475 12480 12595 13540
moead,513_e-05,6,13,4600,92,29564098.723363,199955.069799,0.265306,0.734694,11212 11225 11576 11770 11784 12233 12234 12238 12262 12360 12361 12475 12480 12595 13540
moead,513_e-05,6,14,4600,92,29552576.988506,196693.699043,0.285714,0.714286,11294 11881 11893 11989 12000 12002 12091 12115 12119 12132 12359 12467 12864 12971 13253
moead,513_e-05,6,15,4600,92,29552576.988506,196693.699043,0.306122,0.693878,11294 11881 11893 11989 12000 12002 12091 12115 12119 12132 12359 12467 12864 12971 13253
moead,513_e-05,6,16,4600,92,29543663.325638,196557.623332,0.326531,0.673469,11294 11675 11786 11881 11893 11989 12002 12091 12115 12119 12132 12359 12467 12971 13253
moead,513_e-05,6,17,4600,92,29539122.325382,195401.940041,0.346939,0.653061,11294 11786 11881 11893 11989 12091 12115 12119 12359 12488 12595 12725 12971 13101 13253
moead,513_e-05,6,18,4600,92,29537116.037476,195164.517937,0.367347,0.632653,11294 11675 11786 11881 11893 11989 12091 12115 12119 12359 12488 12595 12725 12971 13253
moead,513_e-05,6,19,4600,92,29527913.486831,192870.363103,0.387755,0.612245,11564 11786 11881 11893 12002 12091 12115 12119 12132 12224 12343 12359 12467 12971 13253
moead,513_e-05,6,20,4600,92,29520751.805160,192630.862099,0.408163,0.591837,11786 11881 11893 11908 12002 12091 12115 12119 12132 12239 12359 12479 12958 12971 13253
moead,513_e-05,6,21,4600,92,29520751.805160,192630.862099,0.428571,0.571429,11786 11881 11893 11908 12002 12091 12115 12119 12132 12239 12359 12479 12958 12971 13253
moead,513_e-05,6,22,4600,92,29517037.294457,192607.086708,0.448980,0.551020,11786 11881 11893 11908 12002 12091 12115 12119 12224 12239 12359 12479 12957 12971 13253
moead,513_e-05,6,23,4600,92,29506220.279088,192440.402481,0.469388,0.530612,11786 11881 11893 11894 11908 12002 12091 12115 12119 12224 12239 12359 12479 12971 13253
moead,513_e-05,6,24,4600,92,29506220.279088,192440.402481,0.489796,0.510204,11786 11881 11893 11894 11908 12002 12091 12115 12119 12224 12239 12359 12479 12971 13253
moead,513_e-05,6,25,4600,92,29503548.261031,192389.210220,0.510204,0.489796,11786 11881 11893 11894 12002 12091 12115 12119 12132 12224 12239 12359 12479 12971 13253
moead,513_e-05,6,26,4600,92,29499607.828590,192295.535938,0.530612,0.469388,11786 11881 11893 11894 12002 12091 12115 12119 12132 12224 12239 12358 12359 12479 13253
moead,513_e-05,6,27,4600,92,29499607.828590,192295.535938,0.551020,0.448980,11786 11881 11893 11894 12002 12091 12115 12119 12132 12224 12239 12358 12359 12479 13253
moead,513_e-05,6,28,4600,92,29494897.097954,191790.745629,0.571429,0.428571,11786 11881 11893 11894 12002 12091 12115 12119 12132 12224 12239 12358 12359 12479 12971
moead,513_e-05,6,29,4600,92,29494897.097954,191790.745629,0.591837,0.408163,11786 11881 11893 11894 12002 12091 12115 12119 12132 12224 12239 12358 12359 12479 12971
moead,513_e-05,6,30,4600,92,29492992.590797,188324.772793,0.612245,0.387755,11675 11777 11786 11789 11893 11895 11990 12002 12115 12119 12132 12359 12479 12971 13253
moead,513_e-05,6,31,4600,92,29487829.166377,188191.981792,0.632653,0.367347,11675 11777 11786 11789 11893 11990 11998 12002 12115 12119 12132 12239 12359 12479 13253
moead,513_e-05,6,32,4600,92,29487829.166377,188191.981792,0.653061,0.346939,11675 11777 11786 11789 11893 11990 11998 12002 12115 12119 12132 12239 12359 12479 13253
moead,513_e-05,6,33,4600,92,29486586.891033,188087.066040,0.673469,0.326531,11675 11777 11786 11789 11893 11895 11998 12002 12115 12119 12132 12239 12359 12479 13253
moead,513_e-05,6,34,4600,92,29483118.435741,187728.426968,0.693878,0.306122,11675 11777 11786 11789 11893 11990 11998 12002 12115 12119 12132 12239 12359 12479 12971
moead,513_e-05,6,35,4600,92,29480844.782590,187292.562047,0.714286,0.285714,11679 11786 11789 11875 11997 12002 12115 12116 12119 12239 12359 12472 12479 12719 13253
moead,513_e-05,6,36,4600,92,29480844.782590,187292.562047,0.734694,0.265306,11679 11786 11789 11875 11997 12002 12115 12116 12119 12239 12359 12472 12479 12719 13253
moead,513_e-05,6,37,4600,92,29477046.781127,186822.415647,0.755102,0.244898,11679 11773 11786 11875 12002 12110 12116 12117 12119 12120 12356 12359 12472 12479 12976
moead,513_e-05,6,38,4600,92,29477046.781127,186822.415647,0.775510,0.224490,11679 11773 11786 11875 12002 12110 12116 12117 12119 12120 12356 12359 12472 12479 12976
moead,513_e-05,6,39,4600,92,29475780.809138,186819.299946,0.795918,0.204082,11679 11786 11875 11880 12002 12110 12115 12116 12119 12120 12356 12359 12472 12479 12976
moead,513_e-05,6,40,4600,92,29472314.039164,186816.041561,0.816327,0.183673,11679 11786 11875 12002 12110 12115 12116 12117 12119 12120 12356 12359 12472 12479 12976
moead,513_e-05,6,41,4600,92,29472314.039164,186816.041561,0.836735,0.163265,11679 11786 11875 12002 12110 12115 12116 12117 12119 12120 12356 12359 12472 12479 12976
moead,513_e-05,6,42,4600,92,29472314.039164,186816.041561,0.857143,0.142857,11679 11786 11875 12002 12110 12115 12116 12117 12119 12120 12356 12359 12472 12479 12976
moead,513_e-05,6,43,4600,92,29465787.727123,183081.884638,0.877551,0.122449,11786 12002 12112 12115 12116 12119 12227 12228 12229 12239 12356 12359 12472 12479 12976
moead,513_e-05,6,44,4600,92,29465787.727123,183081.884638,0.897959,0.102041,11786 12002 12112 12115 12116 12119 12227 12228 12229 12239 12356 12359 12472 12479 12976
moead,513_e-05,6,45,4600,92,29465787.727123,183081.884638,0.918367,0.081633,11786 12002 12112 12115 12116 12119 12227 12228 12229 12239 12356 12359 12472 12479 12976
moead,513_e-05,6,46,4600,92,29465787.727123,183081.884638,0.938776,0.061224,11786 12002 12112 12115 12116 12119 12227 12228 12229 12239 12356 12359 12472 12479 12976
moead,513_e-05,6,47,4600,92,29465787.727123,183081.884638,0.959184,0.040816,11786 12002 12112 12115 12116 12119 12227 12228 12229 12239 12356 12359 12472 12479 12976
moead,513_e-05,6,48,4600,92,29463842.669729,178983.106074,0.979592,0.020408,11679 11786 12002 12112 12115 12116 12119 12229 12239 12356 12359 12472 12479 12598 12719
moead,513_e-05,6,49,4600,92,29463842.669729,178983.106074,1.000000,0.000000,11679 11786 12002 12112 12115 12116 12119 12229 12239 12356 12359 12472 12479 12598 12719
moead,513_e-05,6,0,4650,93,35380612.037722,236183.260254,0.000000,1.000000,2059 10509 14022 14392 15109 30025 33858 58467 62965 69058 81174 88095 99485 159987 163301
moead,513_e-05,6,1,4650,93,30144395.163762,222159.118408,0.020408,0.979592,10253 10424 11212 11225 11800 11986 12262 12476 12687 13237 13540 14040 14358 15288 16379
moead,513_e-05,6,2,4650,93,29904515.672914,217583.576349,0.040816,0.959184,10964 11212 11225 11520 11576 11580 11784 11800 11986 12262 12476 12687 13540 13703 14372
moead,513_e-05,6,3,4650,93,29813284.371039,213610.680107,0.061224,0.938776,10795 10911 10964 11212 11225 11483 11771 11800 11986 12262 12476 12595 12837 13540 14022
moead,513_e-05,6,4,4650,93,29755219.117382,211889.854417,0.081633,0.918367,10964 11212 11225 11576 11580 11674 11784 11999 12233 12262 12360 12595 13540 13703 14372
moead,513_e-05,6,5,4650,93,29703409.885885,209034.791924,0.102041,0.897959,10964 11212 11225 11483 11580 11675 11771 11800 11986 12262 12476 12595 12837 13540 14022
moead,513_e-05,6,6,4650,93,29682697.375100,207778.442730,0.122449,0.877551,10964 11212 11225 11674 11778 11784 12233 12262 12360 12361 12480 12578 12595 13540 14022
moead,513_e-05,6,7,4650,93,29644697.988542,204912.480888,0.142857,0.857143,11212 11225 11483 11580 11675 11679 11771 11800 11986 12262 12476 12595 12837 13540 14022
moead,513_e-05,6,8,4650,93,29627514.220708,204293.762844,0.163265,0.836735,11212 11225 11576 11770 11784 12233 12262 12360 12361 12475 12480 12578 12595 13540 14022
moead,513_e-05,6,9,4650,93,29615417.623549,204140.137900,0.183673,0.816327,11212 11225 11576 11770 12233 12234 12238 12262 12360 12361 12476 12595 12837 13540 14022
moead,513_e-05,6,10,4650,93,29597189.502936,200915.378898,0.204082,0.795918,11212 11225 11576 11770 11784 11800 11986 12233 12234 12262 12476 12578 12595 12837 13540
moead,513_e-05,6,11,4650,93,29577883.410924,200172.613653,0.224490,0.775510,11212 11225 11576 11770 11784 12233 12234 12262 12360 12361 12475 12480 12578 12595 13540
moead,513_e-05,6,12,4650,93,29574313.441385,200125.442827,0.244898,0.755102,11212 11225 11576 11770 12233 12234 12238 12262 12360 12361 12475 12480 12595 13378 13540
moead,513_e-05,6,13,4650,93,29564098.723363,199955.069799,0.265306,0.734694,11212 11225 11576 11770 11784 12233 12234 12238 12262 12360 12361 12475 12480 12595 13540
moead,513_e-05,6,14,4650,93,29558024.014521,196701.796037,0.285714,0.714286,11294 11675 11786 11881 11893 11989 12091 12115 12119 12132 12359 12467 12864 12971 13253
moead,513_e-05,6,15,4650,93,29552576.988506,196693.699043,0.306122,0.693878,11294 11881 11893 11989 12000 12002 12091 12115 12119 12132 12359 12467 12864 12971 13253
moead,513_e-05,6,16,4650,93,29543663.325638,196557.623332,0.326531,0.673469,11294 11675 11786 11881 11893 11989 12002 12091 12115 12119 12132 12359 12467 12971 13253
moead,513_e-05,6,17,4650,93,29539122.325382,195401.940041,0.346939,0.653061,11294 11786 11881 11893 11989 12091 12115 12119 12359 12488 12595 12725 12971 13101 13253
moead,513_e-05,6,18,4650,93,29537116.037476,195164.517937,0.367347,0.632653,11294 11675 11786 11881 11893 11989 12091 12115 12119 12359 12488 12595 12725 12971 13253
moead,513_e-05,6,19,4650,93,29527913.486831,192870.363103,0.387755,0.612245,11564 11786 11881 11893 12002 12091 12115 12119 12132 12224 12343 12359 12467 12971 13253
moead,513_e-05,6,20,4650,93,29520751.805160,192630.862099,0.408163,0.591837,11786 11881 11893 11908 12002 12091 12115 12119 12132 12239 12359 12479 12958 12971 13253
moead,513_e-05,6,21,4650,93,29520751.805160,192630.862099,0.428571,0.571429,11786 11881 11893 11908 12002 12091 12115 12119 12132 12239 12359 12479 12958 12971 13253
moead,513_e-05,6,22,4650,93,29517037.294457,192607.086708,0.448980,0.551020,11786 11881 11893 11908 12002 12091 12115 12119 12224 12239 12359 12479 12957 12971 13253
moead,513_e-05,6,23,4650,93,29507023.706275,192475.343224,0.469388,0.530612,11786 11881 11893 11894 12091 12115 12119 12132 12224 12239 12358 12359 12479 13239 13253
moead,513_e-05,6,24,4650,93,29507023.706275,192475.343224,0.489796,0.510204,11786 11881 11893 11894 12091 12115 12119 12132 12224 12239 12358 12359 12479 13239 13253
moead,513_e-05,6,25,4650,93,29503548.261031,192389.210220,0.510204,0.489796,11786 11881 11893 11894 12002 12091 12115 12119 12132 12224 12239 12359 12479 12971 13253
moead,513_e-05,6,26,4650,93,29499607.828590,192295.535938,0.530612,0.469388,11786 11881 11893 11894 12002 12091 12115 12119 12132 12224 12239 12358 12359 12479 13253
moead,513_e-05,6,27,4650,93,29498606.109971,191850.238873,0.551020,0.448980,11775 11786 11881 11893 11894 12002 12091 12119 12132 12224 12239 12358 12359 12479 12971
moead,513_e-05,6,28,4650,93,29494897.097954,191790.745629,0.571429,0.428571,11786 11881 11893 11894 12002 12091 12115 12119 12132 12224 12239 12358 12359 12479 12971
moead,513_e-05,6,29,4650,93,29494897.097954,191790.745629,0.591837,0.408163,11786 11881 11893 11894 12002 12091 12115 12119 12132 12224 12239 12358 12359 12479 12971
moead,513_e-05,6,30,4650,93,29492992.590797,188324.772793,0.612245,0.387755,11675 11777 11786 11789 11893 11895 11990 12002 12115 12119 12132 12359 12479 12971 13253
moead,513_e-05,6,31,4650,93,29487829.166377,188191.981792,0.632653,0.367347,11675 11777 11786 11789 11893 11990 11998 12002 12115 12119 12132 12239 12359 12479 13253
moead,513_e-05,6,32,4650,93,29487829.166377,188191.981792,0.653061,0.346939,11675 11777 11786 11789 11893 11990 11998 12002 12115 12119 12132 12239 12359 12479 13253
moead,513_e-05,6,33,4650,93,29486586.891033,188087.066040,0.673469,0.326531,11675 11777 11786 11789 11893 11895 11998 12002 12115 12119 12132 12239 12359 12479 13253
moead,513_e-05,6,34,4650,93,29483118.435741,187728.426968,0.693878,0.306122,11675 11777 11786 11789 11893 11990 11998 12002 12115 12119 12132 12239 12359 12479 12971
moead,513_e-05,6,35,4650,93,29480844.782590,187292.562047,0.714286,0.285714,11679 11786 11789 11875 11997 12002 12115 12116 12119 12239 12359 12472 12479 12719 13253
moead,513_e-05,6,36,4650,93,29480844.782590,187292.562047,0.734694,0.265306,11679 11786 11789 11875 11997 12002 12115 12116 12119 12239 12359 12472 12479 12719 13253
moead,513_e-05,6,37,4650,93,29474808.031134,186822.415647,0.755102,0.244898,11773 11786 11875 12002 12110 12116 12117 12119 12120 12356 12359 12472 12479 12601 12976
moead,513_e-05,6,38,4650,93,29474808.031134,186822.415647,0.775510,0.224490,11773 11786 11875 12002 12110 12116 12117 12119 12120 12356 12359 12472 12479 12601 12976
moead,513_e-05,6,39,4650,93,29474808.031134,186822.415647,0.795918,0.204082,11773 11786 11875 12002 12110 12116 12117 12119 12120 12356 12359 12472 12479 12601 12976
moead,513_e-05,6,40,4650,93,29469422.691073,186816.041561,0.816327,0.183673,11786 11875 12002 12110 12112 12115 12116 12117 12119 12120 12356 12359 12472 12479 12976
moead,513_e-05,6,41,4650,93,29469422.691073,186816.041561,0.836735,0.163265,11786 11875 12002 12110 12112 12115 12116 12117 12119 12120 12356 12359 12472 12479 12976
moead,513_e-05,6,42,4650,93,29469422.691073,186816.041561,0.857143,0.142857,11786 11875 12002 12110 12112 12115 12116 12117 12119 12120 12356 12359 12472 12479 12976
moead,513_e-05,6,43,4650,93,29469422.691073,186816.041561,0.877551,0.122449,11786 11875 12002 12110 12112 12115 12116 12117 12119 12120 12356 12359 12472 12479 12976
moead,513_e-05,6,44,4650,93,29469422.691073,186816.041561,0.897959,0.102041,11786 11875 12002 12110 12112 12115 12116 12117 12119 12120 12356 12359 12472 12479 12976
moead,513_e-05,6,45,4650,93,29465787.727123,183081.884638,0.918367,0.081633,11786 12002 12112 12115 12116 12119 12227 12228 12229 12239 12356 12359 12472 12479 12976
moead,513_e-05,6,46,4650,93,29465787.727123,183081.884638,0.938776,0.061224,11786 12002 12112 12115 12116 12119 12227 12228 12229 12239 12356 12359 12472 12479 12976
moead,513_e-05,6,47,4650,93,29465787.727123,183081.884638,0.959184,0.040816,11786 12002 12112 12115 12116 12119 12227 12228 12229 12239 12356 12359 12472 12479 12976
moead,513_e-05,6,48,4650,93,29463842.669729,178983.106074,0.979592,0.020408,11679 11786 12002 12112 12115 12116 12119 12229 12239 12356 12359 12472 12479 12598 12719
moead,513_e-05,6,49,4650,93,29463842.669729,178983.106074,1.000000,0.000000,11679 11786 12002 12112 12115 12116 12119 12229 12239 12356 12359 12472 12479 12598 12719
moead,513_e-05,6,0,4700,94,35487958.509248,236183.260254,0.000000,1.000000,2059 6051 10509 13919 14022 15109 16379 33858 81174 91909 98441 99485 147145 152582 159987
moead,513_e-05,6,1,4700,94,30144395.163762,222159.118408,0.020408,0.979592,10253 10424 11212 11225 11800 11986 12262 12476 12687 13237 13540 14040 14358 15288 16379
moead,513_e-05,6,2,4700,94,29904515.672914,217583.576349,0.040816,0.959184,10964 11212 11225 11520 11576 11580 11784 11800 11986 12262 12476 12687 13540 13703 14372
moead,513_e-05,6,3,4700,94,29813284.371039,213610.680107,0.061224,0.938776,10795 10911 10964 11212 11225 11483 11771 11800 11986 12262 12476 12595 12837 13540 14022
moead,513_e-05,6,4,4700,94,29755219.117382,211889.854417,0.081633,0.918367,10964 11212 11225 11576 11580 11674 11784 11999 12233 12262 12360 12595 13540 13703 14372
moead,513_e-05,6,5,4700,94,29703409.885885,209034.791924,0.102041,0.897959,10964 11212 11225 11483 11580 11675 11771 11800 11986 12262 12476 12595 12837 13540 14022
moead,513_e-05,6,6,4700,94,29682697.375100,207778.442730,0.122449,0.877551,10964 11212 11225 11674 11778 11784 12233 12262 12360 12361 12480 12578 12595 13540 14022
moead,513_e-05,6,7,4700,94,29644697.988542,204912.480888,0.142857,0.857143,11212 11225 11483 11580 11675 11679 11771 11800 11986 12262 12476 12595 12837 13540 14022
moead,513_e-05,6,8,4700,94,29625510.251164,204294.924688,0.163265,0.836735,11212 11225 11576 11770 12233 12234 12262 12360 12361 12475 12480 12578 12595 13540 14022
moead,513_e-05,6,9,4700,94,29615417.623549,204140.137900,0.183673,0.816327,11212 11225 11576 11770 12233 12234 12238 12262 12360 12361 12476 12595 12837 13540 14022
moead,513_e-05,6,10,4700,94,29597189.502936,200915.378898,0.204082,0.795918,11212 11225 11576 11770 11784 11800 11986 12233 12234 12262 12476 12578 12595 12837 13540
moead,513_e-05,6,11,4700,94,29579688.295292,200235.370719,0.224490,0.775510,11212 11225 11576 11770 12233 12234 12238 12262 12360 12361 12476 12578 12595 12837 13540
moead,513_e-05,6,12,4700,94,29574313.441385,200125.442827,0.244898,0.755102,11212 11225 11576 11770 12233 12234 12238 12262 12360 12361 12475 12480 12595 13378 13540
moead,513_e-05,6,13,4700,94,29564098.723363,199955.069799,0.265306,0.734694,11212 11225 11576 11770 11784 12233 12234 12238 12262 12360 12361 12475 12480 12595 13540
moead,513_e-05,6,14,4700,94,29558024.014521,196701.796037,0.285714,0.714286,11294 11675 11786 11881 11893 11989 12091 12115 12119 12132 12359 12467 12864 12971 13253
moead,513_e-05,6,15,4700,94,29552576.988506,196693.699043,0.306122,0.693878,11294 11881 11893 11989 12000 12002 12091 12115 12119 12132 12359 12467 12864 12971 13253
moead,513_e-05,6,16,4700,94,29543663.325638,196557.623332,0.326531,0.673469,11294 11675 11786 11881 11893 11989 12002 12091 12115 12119 12132 12359 12467 12971 13253
moead,513_e-05,6,17,4700,94,29539122.325382,195401.940041,0.346939,0.653061,11294 11786 11881 11893 11989 12091 12115 12119 12359 12488 12595 12725 12971 13101 13253
moead,513_e-05,6,18,4700,94,29537116.037476,195164.517937,0.367347,0.632653,11294 11675 11786 11881 11893 11989 12091 12115 12119 12359 12488 12595 12725 12971 13253
moead,513_e-05,6,19,4700,94,29527913.486831,192870.363103,0.387755,0.612245,11564 11786 11881 11893 12002 12091 12115 12119 12132 12224 12343 12359 12467 12971 13253
moead,513_e-05,6,20,4700,94,29520751.805160,192630.862099,0.408163,0.591837,11786 11881 11893 11908 12002 12091 12115 12119 12132 12239 12359 12479 12958 12971 13253
moead,513_e-05,6,21,4700,94,29520751.805160,192630.862099,0.428571,0.571429,11786 11881 11893 11908 12002 12091 12115 12119 12132 12239 12359 12479 12958 12971 13253
moead,513_e-05,6,22,4700,94,29517037.294457,192607.086708,0.448980,0.551020,11786 11881 11893 11908 12002 12091 12115 12119 12224 12239 12359 12479 12957 12971 13253
moead,513_e-05,6,23,4700,94,29507023.706275,192475.343224,0.469388,0.530612,11786 11881 11893 11894 12091 12115 12119 12132 12224 12239 12358 12359 12479 13239 13253
moead,513_e-05,6,24,4700,94,29507023.706275,192475.343224,0.489796,0.510204,11786 11881 11893 11894 12091 12115 12119 12132 12224 12239 12358 12359 12479 13239 13253
moead,513_e-05,6,25,4700,94,29503548.261031,192389.210220,0.510204,0.489796,11786 11881 11893 11894 12002 12091 12115 12119 12132 12224 12239 12359 12479 12971 13253
moead,513_e-05,6,26,4700,94,29499607.828590,192295.535938,0.530612,0.469388,11786 11881 11893 11894 12002 12091 12115 12119 12132 12224 12239 12358 12359 12479 13253
moead,513_e-05,6,27,4700,94,29498606.109971,191850.238873,0.551020,0.448980,11775 11786 11881 11893 11894 12002 12091 12119 12132 12224 12239 12358 12359 12479 12971
moead,513_e-05,6,28,4700,94,29494897.097954,191790.745629,0.571429,0.428571,11786 11881 11893 11894 12002 12091 12115 12119 12132 12224 12239 12358 12359 12479 12971
moead,513_e-05,6,29,4700,94,29494897.097954,191790.745629,0.591837,0.408163,11786 11881 11893 11894 12002 12091 12115 12119 12132 12224 12239 12358 12359 12479 12971
moead,513_e-05,6,30,4700,94,29492992.590797,188324.772793,0.612245,0.387755,11675 11777 11786 11789 11893 11895 11990 12002 12115 12119 12132 12359 12479 12971 13253
moead,513_e-05,6,31,4700,94,29487829.166377,188191.981792,0.632653,0.367347,11675 11777 11786 11789 11893 11990 11998 12002 12115 12119 12132 12239 12359 12479 13253
moead,513_e-05,6,32,4700,94,29487829.166377,188191.981792,0.653061,0.346939,11675 11777 11786 11789 11893 11990 11998 12002 12115 12119 12132 12239 12359 12479 13253
moead,513_e-05,6,33,4700,94,29486586.891033,188087.066040,0.673469,0.326531,11675 11777 11786 11789 11893 11895 11998 12002 12115 12119 12132 12239 12359 12479 13253
moead,513_e-05,6,34,4700,94,29483118.435741,187728.426968,0.693878,0.306122,11675 11777 11786 11789 11893 11990 11998 12002 12115 12119 12132 12239 12359 12479 12971
moead,513_e-05,6,35,4700,94,29480844.782590,187292.562047,0.714286,0.285714,11679 11786 11789 11875 11997 12002 12115 12116 12119 12239 12359 12472 12479 12719 13253
moead,513_e-05,6,36,4700,94,29480844.782590,187292.562047,0.734694,0.265306,11679 11786 11789 11875 11997 12002 12115 12116 12119 12239 12359 12472 12479 12719 13253
moead,513_e-05,6,37,4700,94,29474808.031134,186822.415647,0.755102,0.244898,11773 11786 11875 12002 12110 12116 12117 12119 12120 12356 12359 12472 12479 12601 12976
moead,513_e-05,6,38,4700,94,29474808.031134,186822.415647,0.775510,0.224490,11773 11786 11875 12002 12110 12116 12117 12119 12120 12356 12359 12472 12479 12601 12976
moead,513_e-05,6,39,4700,94,29474808.031134,186822.415647,0.795918,0.204082,11773 11786 11875 12002 12110 12116 12117 12119 12120 12356 12359 12472 12479 12601 12976
moead,513_e-05,6,40,4700,94,29470421.464538,186820.449836,0.816327,0.183673,11786 11875 12002 12110 12112 12115 12116 12117 12119 12120 12359 12472 12479 12601 12976
moead,513_e-05,6,41,4700,94,29470421.464538,186820.449836,0.836735,0.163265,11786 11875 12002 12110 12112 12115 12116 12117 12119 12120 12359 12472 12479 12601 12976
moead,513_e-05,6,42,4700,94,29470421.464538,186820.449836,0.857143,0.142857,11786 11875 12002 12110 12112 12115 12116 12117 12119 12120 12359 12472 12479 12601 12976
moead,513_e-05,6,43,4700,94,29469422.691073,186816.041561,0.877551,0.122449,11786 11875 12002 12110 12112 12115 12116 12117 12119 12120 12356 12359 12472 12479 12976
moead,513_e-05,6,44,4700,94,29469422.691073,186816.041561,0.897959,0.102041,11786 11875 12002 12110 12112 12115 12116 12117 12119 12120 12356 12359 12472 12479 12976
moead,513_e-05,6,45,4700,94,29465787.727123,183081.884638,0.918367,0.081633,11786 12002 12112 12115 12116 12119 12227 12228 12229 12239 12356 12359 12472 12479 12976
moead,513_e-05,6,46,4700,94,29465787.727123,183081.884638,0.938776,0.061224,11786 12002 12112 12115 12116 12119 12227 12228 12229 12239 12356 12359 12472 12479 12976
moead,513_e-05,6,47,4700,94,29465787.727123,183081.884638,0.959184,0.040816,11786 12002 12112 12115 12116 12119 12227 12228 12229 12239 12356 12359 12472 12479 12976
moead,513_e-05,6,48,4700,94,29463842.669729,178983.106074,0.979592,0.020408,11679 11786 12002 12112 12115 12116 12119 12229 12239 12356 12359 12472 12479 12598 12719
moead,513_e-05,6,49,4700,94,29463479.765416,178959.586266,1.000000,0.000000,11786 12002 12112 12115 12116 12119 12227 12228 12229 12239 12356 12359 12472 12479 12719
moead,513_e-05,6,0,4750,95,37037397.539894,236183.260254,0.000000,1.000000,2059 10509 13919 14372 15576 17372 25248 33858 70445 81174 91909 99485 113121 138275 145624
moead,513_e-05,6,1,4750,95,30144395.163762,222159.118408,0.020408,0.979592,10253 10424 11212 11225 11800 11986 12262 12476 12687 13237 13540 14040 14358 15288 16379
moead,513_e-05,6,2,4750,95,29904515.672914,217583.576349,0.040816,0.959184,10964 11212 11225 11520 11576 11580 11784 11800 11986 12262 12476 12687 13540 13703 14372
moead,513_e-05,6,3,4750,95,29813284.371039,213610.680107,0.061224,0.938776,10795 10911 10964 11212 11225 11483 11771 11800 11986 12262 12476 12595 12837 13540 14022
moead,513_e-05,6,4,4750,95,29755219.117382,211889.854417,0.081633,0.918367,10964 11212 11225 11576 11580 11674 11784 11999 12233 12262 12360 12595 13540 13703 14372
moead,513_e-05,6,5,4750,95,29703409.885885,209034.791924,0.102041,0.897959,10964 11212 11225 11483 11580 11675 11771 11800 11986 12262 12476 12595 12837 13540 14022
moead,513_e-05,6,6,4750,95,29682697.375100,207778.442730,0.122449,0.877551,10964 11212 11225 11674 11778 11784 12233 12262 12360 12361 12480 12578 12595 13540 14022
moead,513_e-05,6,7,4750,95,29644697.988542,204912.480888,0.142857,0.857143,11212 11225 11483 11580 11675 11679 11771 11800 11986 12262 12476 12595 12837 13540 14022
moead,513_e-05,6,8,4750,95,29625510.251164,204294.924688,0.163265,0.836735,11212 11225 11576 11770 12233 12234 12262 12360 12361 12475 12480 12578 12595 13540 14022
moead,513_e-05,6,9,4750,95,29615417.623549,204140.137900,0.183673,0.816327,11212 11225 11576 11770 12233 12234 12238 12262 12360 12361 12476 12595 12837 13540 14022
moead,513_e-05,6,10,4750,95,29597189.502936,200915.378898,0.204082,0.795918,11212 11225 11576 11770 11784 11800 11986 12233 12234 12262 12476 12578 12595 12837 13540
moead,513_e-05,6,11,4750,95,29579688.295292,200235.370719,0.224490,0.775510,11212 11225 11576 11770 12233 12234 12238 12262 12360 12361 12476 12578 12595 12837 13540
moead,513_e-05,6,12,4750,95,29574313.441385,200125.442827,0.244898,0.755102,11212 11225 11576 11770 12233 12234 12238 12262 12360 12361 12475 12480 12595 13378 13540
moead,513_e-05,6,13,4750,95,29564098.723363,199955.069799,0.265306,0.734694,11212 11225 11576 11770 11784 12233 12234 12238 12262 12360 12361 12475 12480 12595 13540
moead,513_e-05,6,14,4750,95,29558024.014521,196701.796037,0.285714,0.714286,11294 11675 11786 11881 11893 11989 12091 12115 12119 12132 12359 12467 12864 12971 13253
moead,513_e-05,6,15,4750,95,29552576.988506,196693.699043,0.306122,0.693878,11294 11881 11893 11989 12000 12002 12091 12115 12119 12132 12359 12467 12864 12971 13253
moead,513_e-05,6,16,4750,95,29543663.325638,196557.623332,0.326531,0.673469,11294 11675 11786 11881 11893 11989 12002 12091 12115 12119 12132 12359 12467 12971 13253
moead,513_e-05,6,17,4750,95,29539711.796245,195608.822426,0.346939,0.653061,11294 11675 11786 11791 11881 11893 11989 12091 12115 12119 12359 12488 12725 12971 13253
moead,513_e-05,6,18,4750,95,29537116.037476,195164.517937,0.367347,0.632653,11294 11675 11786 11881 11893 11989 12091 12115 12119 12359 12488 12595 12725 12971 13253
moead,513_e-05,6,19,4750,95,29527913.486831,192870.363103,0.387755,0.612245,11564 11786 11881 11893 12002 12091 12115 12119 12132 12224 12343 12359 12467 12971 13253
moead,513_e-05,6,20,4750,95,29520751.805160,192630.862099,0.408163,0.591837,11786 11881 11893 11908 12002 12091 12115 12119 12132 12239 12359 12479 12958 12971 13253
moead,513_e-05,6,21,4750,95,29520751.805160,192630.862099,0.428571,0.571429,11786 11881 11893 11908 12002 12091 12115 12119 12132 12239 12359 12479 12958 12971 13253
moead,513_e-05,6,22,4750,95,29517037.294457,192607.086708,0.448980,0.551020,11786 11881 11893 11908 12002 12091 12115 12119 12224 12239 12359 12479 12957 12971 13253
moead,513_e-05,6,23,4750,95,29507023.706275,192475.343224,0.469388,0.530612,11786 11881 11893 11894 12091 12115 12119 12132 12224 12239 12358 12359 12479 13239 13253
moead,513_e-05,6,24,4750,95,29507023.706275,192475.343224,0.489796,0.510204,11786 11881 11893 11894 12091 12115 12119 12132 12224 12239 12358 12359 12479 13239 13253
moead,513_e-05,6,25,4750,95,29503548.261031,192389.210220,0.510204,0.489796,11786 11881 11893 11894 12002 12091 12115 12119 12132 12224 12239 12359 12479 12971 13253
moead,513_e-05,6,26,4750,95,29499607.828590,192295.535938,0.530612,0.469388,11786 11881 11893 11894 12002 12091 12115 12119 12132 12224 12239 12358 12359 12479 13253
moead,513_e-05,6,27,4750,95,29498606.109971,191850.238873,0.551020,0.448980,11775 11786 11881 11893 11894 12002 12091 12119 12132 12224 12239 12358 12359 12479 12971
moead,513_e-05,6,28,4750,95,29494897.097954,191790.745629,0.571429,0.428571,11786 11881 11893 11894 12002 12091 12115 12119 12132 12224 12239 12358 12359 12479 12971
moead,513_e-05,6,29,4750,95,29494897.097954,191790.745629,0.591837,0.408163,11786 11881 11893 11894 12002 12091 12115 12119 12132 12224 12239 12358 12359 12479 12971
moead,513_e-05,6,30,4750,95,29492992.590797,188324.772793,0.612245,0.387755,11675 11777 11786 11789 11893 11895 11990 12002 12115 12119 12132 12359 12479 12971 13253
moead,513_e-05,6,31,4750,95,29487829.166377,188191.981792,0.632653,0.367347,11675 11777 11786 11789 11893 11990 11998 12002 12115 12119 12132 12239 12359 12479 13253
moead,513_e-05,6,32,4750,95,29487829.166377,188191.981792,0.653061,0.346939,11675 11777 11786 11789 11893 11990 11998 12002 12115 12119 12132 12239 12359 12479 13253
moead,513_e-05,6,33,4750,95,29486586.891033,188087.066040,0.673469,0.326531,11675 11777 11786 11789 11893 11895 11998 12002 12115 12119 12132 12239 12359 12479 13253
moead,513_e-05,6,34,4750,95,29483118.435741,187728.426968,0.693878,0.306122,11675 11777 11786 11789 11893 11990 11998 12002 12115 12119 12132 12239 12359 12479 12971
moead,513_e-05,6,35,4750,95,29480844.782590,187292.562047,0.714286,0.285714,11679 11786 11789 11875 11997 12002 12115 12116 12119 12239 12359 12472 12479 12719 13253
moead,513_e-05,6,36,4750,95,29480844.782590,187292.562047,0.734694,0.265306,11679 11786 11789 11875 11997 12002 12115 12116 12119 12239 12359 12472 12479 12719 13253
moead,513_e-05,6,37,4750,95,29474857.534824,186823.977829,0.755102,0.244898,11773 11786 11875 12002 12110 12115 12116 12117 12119 12120 12359 12472 12479 12601 12976
moead,513_e-05,6,38,4750,95,29474857.534824,186823.977829,0.775510,0.224490,11773 11786 11875 12002 12110 12115 12116 12117 12119 12120 12359 12472 12479 12601 12976
moead,513_e-05,6,39,4750,95,29474857.534824,186823.977829,0.795918,0.204082,11773 11786 11875 12002 12110 12115 12116 12117 12119 12120 12359 12472 12479 12601 12976
moead,513_e-05,6,40,4750,95,29470421.464538,186820.449836,0.816327,0.183673,11786 11875 12002 12110 12112 12115 12116 12117 12119 12120 12359 12472 12479 12601 12976
moead,513_e-05,6,41,4750,95,29470421.464538,186820.449836,0.836735,0.163265,11786 11875 12002 12110 12112 12115 12116 12117 12119 12120 12359 12472 12479 12601 12976
moead,513_e-05,6,42,4750,95,29470421.464538,186820.449836,0.857143,0.142857,11786 11875 12002 12110 12112 12115 12116 12117 12119 12120 12359 12472 12479 12601 12976
moead,513_e-05,6,43,4750,95,29469422.691073,186816.041561,0.877551,0.122449,11786 11875 12002 12110 12112 12115 12116 12117 12119 12120 12356 12359 12472 12479 12976
moead,513_e-05,6,44,4750,95,29469422.691073,186816.041561,0.897959,0.102041,11786 11875 12002 12110 12112 12115 12116 12117 12119 12120 12356 12359 12472 12479 12976
moead,513_e-05,6,45,4750,95,29467293.211482,183082.727154,0.918367,0.081633,11683 11786 12002 12112 12115 12116 12119 12227 12229 12239 12356 12359 12472 12479 12976
moead,513_e-05,6,46,4750,95,29465787.727123,183081.884638,0.938776,0.061224,11786 12002 12112 12115 12116 12119 12227 12228 12229 12239 12356 12359 12472 12479 12976
moead,513_e-05,6,47,4750,95,29465787.727123,183081.884638,0.959184,0.040816,11786 12002 12112 12115 12116 12119 12227 12228 12229 12239 12356 12359 12472 12479 12976
moead,513_e-05,6,48,4750,95,29463842.669729,178983.106074,0.979592,0.020408,11679 11786 12002 12112 12115 12116 12119 12229 12239 12356 12359 12472 12479 12598 12719
moead,513_e-05,6,49,4750,95,29463479.765416,178959.586266,1.000000,0.000000,11786 12002 12112 12115 12116 12119 12227 12228 12229 12239 12356 12359 12472 12479 12719
moead,513_e-05,6,0,4800,96,35635764.616333,236183.260254,0.000000,1.000000,10509 14022 15576 16379 29869 57634 64296 70445 80817 85848 87286 89299 99485 103892 175268
moead,513_e-05,6,1,4800,96,30144395.163762,222159.118408,0.020408,0.979592,10253 10424 11212 11225 11800 11986 12262 12476 12687 13237 13540 14040 14358 15288 16379
moead,513_e-05,6,2,4800,96,29904515.672914,217583.576349,0.040816,0.959184,10964 11212 11225 11520 11576 11580 11784 11800 11986 12262 12476 12687 13540 13703 14372
moead,513_e-05,6,3,4800,96,29813284.371039,213610.680107,0.061224,0.938776,10795 10911 10964 11212 11225 11483 11771 11800 11986 12262 12476 12595 12837 13540 14022
moead,513_e-05,6,4,4800,96,29755219.117382,211889.854417,0.081633,0.918367,10964 11212 11225 11576 11580 11674 11784 11999 12233 12262 12360 12595 13540 13703 14372
moead,513_e-05,6,5,4800,96,29703409.885885,209034.791924,0.102041,0.897959,10964 11212 11225 11483 11580 11675 11771 11800 11986 12262 12476 12595 12837 13540 14022
moead,513_e-05,6,6,4800,96,29682697.375100,207778.442730,0.122449,0.877551,10964 11212 11225 11674 11778 11784 12233 12262 12360 12361 12480 12578 12595 13540 14022
moead,513_e-05,6,7,4800,96,29644697.988542,204912.480888,0.142857,0.857143,11212 11225 11483 11580 11675 11679 11771 11800 11986 12262 12476 12595 12837 13540 14022
moead,513_e-05,6,8,4800,96,29625510.251164,204294.924688,0.163265,0.836735,11212 11225 11576 11770 12233 12234 12262 12360 12361 12475 12480 12578 12595 13540 14022
moead,513_e-05,6,9,4800,96,29615417.623549,204140.137900,0.183673,0.816327,11212 11225 11576 11770 12233 12234 12238 12262 12360 12361 12476 12595 12837 13540 14022
moead,513_e-05,6,10,4800,96,29597189.502936,200915.378898,0.204082,0.795918,11212 11225 11576 11770 11784 11800 11986 12233 12234 12262 12476 12578 12595 12837 13540
moead,513_e-05,6,11,4800,96,29579688.295292,200235.370719,0.224490,0.775510,11212 11225 11576 11770 12233 12234 12238 12262 12360 12361 12476 12578 12595 12837 13540
moead,513_e-05,6,12,4800,96,29574313.441385,200125.442827,0.244898,0.755102,11212 11225 11576 11770 12233 12234 12238 12262 12360 12361 12475 12480 12595 13378 13540
moead,513_e-05,6,13,4800,96,29564098.723363,199955.069799,0.265306,0.734694,11212 11225 11576 11770 11784 12233 12234 12238 12262 12360 12361 12475 12480 12595 13540
moead,513_e-05,6,14,4800,96,29554489.224790,196713.537437,0.285714,0.714286,11294 11675 11786 11989 12000 12002 12091 12115 12119 12132 12359 12467 12864 12971 13253
moead,513_e-05,6,15,4800,96,29552576.988506,196693.699043,0.306122,0.693878,11294 11881 11893 11989 12000 12002 12091 12115 12119 12132 12359 12467 12864 12971 13253
moead,513_e-05,6,16,4800,96,29543663.325638,196557.623332,0.326531,0.673469,11294 11675 11786 11881 11893 11989 12002 12091 12115 12119 12132 12359 12467 12971 13253
moead,513_e-05,6,17,4800,96,29539711.796245,195608.822426,0.346939,0.653061,11294 11675 11786 11791 11881 11893 11989 12091 12115 12119 12359 12488 12725 12971 13253
moead,513_e-05,6,18,4800,96,29537116.037476,195164.517937,0.367347,0.632653,11294 11675 11786 11881 11893 11989 12091 12115 12119 12359 12488 12595 12725 12971 13253
moead,513_e-05,6,19,4800,96,29527913.486831,192870.363103,0.387755,0.612245,11564 11786 11881 11893 12002 12091 12115 12119 12132 12224 12343 12359 12467 12971 13253
moead,513_e-05,6,20,4800,96,29520751.805160,192630.862099,0.408163,0.591837,11786 11881 11893 11908 12002 12091 12115 12119 12132 12239 12359 12479 12958 12971 13253
moead,513_e-05,6,21,4800,96,29520751.805160,192630.862099,0.428571,0.571429,11786 11881 11893 11908 12002 12091 12115 12119 12132 12239 12359 12479 12958 12971 13253
moead,513_e-05,6,22,4800,96,29517037.294457,192607.086708,0.448980,0.551020,11786 11881 11893 11908 12002 12091 12115 12119 12224 12239 12359 12479 12957 12971 13253
moead,513_e-05,6,23,4800,96,29507023.706275,192475.343224,0.469388,0.530612,11786 11881 11893 11894 12091 12115 12119 12132 12224 12239 12358 12359 12479 13239 13253
moead,513_e-05,6,24,4800,96,29507023.706275,192475.343224,0.489796,0.510204,11786 11881 11893 11894 12091 12115 12119 12132 12224 12239 12358 12359 12479 13239 13253
moead,513_e-05,6,25,4800,96,29503548.261031,192389.210220,0.510204,0.489796,11786 11881 11893 11894 12002 12091 12115 12119 12132 12224 12239 12359 12479 12971 13253
moead,513_e-05,6,26,4800,96,29499607.828590,192295.535938,0.530612,0.469388,11786 11881 11893 11894 12002 12091 12115 12119 12132 12224 12239 12358 12359 12479 13253
moead,513_e-05,6,27,4800,96,29498606.109971,191850.238873,0.551020,0.448980,11775 11786 11881 11893 11894 12002 12091 12119 12132 12224 12239 12358 12359 12479 12971
moead,513_e-05,6,28,4800,96,29494897.097954,191790.745629,0.571429,0.428571,11786 11881 11893 11894 12002 12091 12115 12119 12132 12224 12239 12358 12359 12479 12971
moead,513_e-05,6,29,4800,96,29494897.097954,191790.745629,0.591837,0.408163,11786 11881 11893 11894 12002 12091 12115 12119 12132 12224 12239 12358 12359 12479 12971
moead,513_e-05,6,30,4800,96,29492992.590797,188324.772793,0.612245,0.387755,11675 11777 11786 11789 11893 11895 11990 12002 12115 12119 12132 12359 12479 12971 13253
moead,513_e-05,6,31,4800,96,29489749.161403,188264.894279,0.632653,0.367347,11675 11777 11786 11789 11895 11998 12002 12115 12119 12132 12223 12239 12359 12479 13253
moead,513_e-05,6,32,4800,96,29487829.166377,188191.981792,0.653061,0.346939,11675 11777 11786 11789 11893 11990 11998 12002 12115 12119 12132 12239 12359 12479 13253
moead,513_e-05,6,33,4800,96,29486586.891033,188087.066040,0.673469,0.326531,11675 11777 11786 11789 11893 11895 11998 12002 12115 12119 12132 12239 12359 12479 13253
moead,513_e-05,6,34,4800,96,29483118.435741,187728.426968,0.693878,0.306122,11675 11777 11786 11789 11893 11990 11998 12002 12115 12119 12132 12239 12359 12479 12971
moead,513_e-05,6,35,4800,96,29480844.782590,187292.562047,0.714286,0.285714,11679 11786 11789 11875 11997 12002 12115 12116 12119 12239 12359 12472 12479 12719 13253
moead,513_e-05,6,36,4800,96,29480844.782590,187292.562047,0.734694,0.265306,11679 11786 11789 11875 11997 12002 12115 12116 12119 12239 12359 12472 12479 12719 13253
moead,513_e-05,6,37,4800,96,29474857.534824,186823.977829,0.755102,0.244898,11773 11786 11875 12002 12110 12115 12116 12117 12119 12120 12359 12472 12479 12601 12976
moead,513_e-05,6,38,4800,96,29474857.534824,186823.977829,0.775510,0.224490,11773 11786 11875 12002 12110 12115 12116 12117 12119 12120 12359 12472 12479 12601 12976
moead,513_e-05,6,39,4800,96,29474857.534824,186823.977829,0.795918,0.204082,11773 11786 11875 12002 12110 12115 12116 12117 12119 12120 12359 12472 12479 12601 12976
moead,513_e-05,6,40,4800,96,29470421.464538,186820.449836,0.816327,0.183673,11786 11875 12002 12110 12112 12115 12116 12117 12119 12120 12359 12472 12479 12601 12976
moead,513_e-05,6,41,4800,96,29470421.464538,186820.449836,0.836735,0.163265,11786 11875 12002 12110 12112 12115 12116 12117 12119 12120 12359 12472 12479 12601 12976
moead,513_e-05,6,42,4800,96,29470421.464538,186820.449836,0.857143,0.142857,11786 11875 12002 12110 12112 12115 12116 12117 12119 12120 12359 12472 12479 12601 12976
moead,513_e-05,6,43,4800,96,29469422.691073,186816.041561,0.877551,0.122449,11786 11875 12002 12110 12112 12115 12116 12117 12119 12120 12356 12359 12472 12479 12976
moead,513_e-05,6,44,4800,96,29469422.691073,186816.041561,0.897959,0.102041,11786 11875 12002 12110 12112 12115 12116 12117 12119 12120 12356 12359 12472 12479 12976
moead,513_e-05,6,45,4800,96,29467293.211482,183082.727154,0.918367,0.081633,11683 11786 12002 12112 12115 12116 12119 12227 12229 12239 12356 12359 12472 12479 12976
moead,513_e-05,6,46,4800,96,29465787.727123,183081.884638,0.938776,0.061224,11786 12002 12112 12115 12116 12119 12227 12228 12229 12239 12356 12359 12472 12479 12976
moead,513_e-05,6,47,4800,96,29465787.727123,183081.884638,0.959184,0.040816,11786 12002 12112 12115 12116 12119 12227 12228 12229 12239 12356 12359 12472 12479 12976
moead,513_e-05,6,48,4800,96,29463842.669729,178983.106074,0.979592,0.020408,11679 11786 12002 12112 12115 12116 12119 12229 12239 12356 12359 12472 12479 12598 12719
moead,513_e-05,6,49,4800,96,29463479.765416,178959.586266,1.000000,0.000000,11786 12002 12112 12115 12116 12119 12227 12228 12229 12239 12356 12359 12472 12479 12719
moead,513_e-05,6,0,4850,97,37317305.588705,236183.260254,0.000000,1.000000,14022 15576 29869 32277 57634 64296 70445 89299 99485 103892 124592 128778 129114 169028 175268
moead,513_e-05,6,1,4850,97,30144395.163762,222159.118408,0.020408,0.979592,10253 10424 11212 11225 11800 11986 12262 12476 12687 13237 13540 14040 14358 15288 16379
moead,513_e-05,6,2,4850,97,29904515.672914,217583.576349,0.040816,0.959184,10964 11212 11225 11520 11576 11580 11784 11800 11986 12262 12476 12687 13540 13703 14372
moead,513_e-05,6,3,4850,97,29813284.371039,213610.680107,0.061224,0.938776,10795 10911 10964 11212 11225 11483 11771 11800 11986 12262 12476 12595 12837 13540 14022
moead,513_e-05,6,4,4850,97,29755219.117382,211889.854417,0.081633,0.918367,10964 11212 11225 11576 11580 11674 11784 11999 12233 12262 12360 12595 13540 13703 14372
moead,513_e-05,6,5,4850,97,29703409.885885,209034.791924,0.102041,0.897959,10964 11212 11225 11483 11580 11675 11771 11800 11986 12262 12476 12595 12837 13540 14022
moead,513_e-05,6,6,4850,97,29682697.375100,207778.442730,0.122449,0.877551,10964 11212 11225 11674 11778 11784 12233 12262 12360 12361 12480 12578 12595 13540 14022
moead,513_e-05,6,7,4850,97,29644697.988542,204912.480888,0.142857,0.857143,11212 11225 11483 11580 11675 11679 11771 11800 11986 12262 12476 12595 12837 13540 14022
moead,513_e-05,6,8,4850,97,29625510.251164,204294.924688,0.163265,0.836735,11212 11225 11576 11770 12233 12234 12262 12360 12361 12475 12480 12578 12595 13540 14022
moead,513_e-05,6,9,4850,97,29615417.623549,204140.137900,0.183673,0.816327,11212 11225 11576 11770 12233 12234 12238 12262 12360 12361 12476 12595 12837 13540 14022
moead,513_e-05,6,10,4850,97,29597189.502936,200915.378898,0.204082,0.795918,11212 11225 11576 11770 11784 11800 11986 12233 12234 12262 12476 12578 12595 12837 13540
moead,513_e-05,6,11,4850,97,29579688.295292,200235.370719,0.224490,0.775510,11212 11225 11576 11770 12233 12234 12238 12262 12360 12361 12476 12578 12595 12837 13540
moead,513_e-05,6,12,4850,97,29574313.441385,200125.442827,0.244898,0.755102,11212 11225 11576 11770 12233 12234 12238 12262 12360 12361 12475 12480 12595 13378 13540
moead,513_e-05,6,13,4850,97,29564098.723363,199955.069799,0.265306,0.734694,11212 11225 11576 11770 11784 12233 12234 12238 12262 12360 12361 12475 12480 12595 13540
moead,513_e-05,6,14,4850,97,29554489.224790,196713.537437,0.285714,0.714286,11294 11675 11786 11989 12000 12002 12091 12115 12119 12132 12359 12467 12864 12971 13253
moead,513_e-05,6,15,4850,97,29552576.988506,196693.699043,0.306122,0.693878,11294 11881 11893 11989 12000 12002 12091 12115 12119 12132 12359 12467 12864 12971 13253
moead,513_e-05,6,16,4850,97,29543663.325638,196557.623332,0.326531,0.673469,11294 11675 11786 11881 11893 11989 12002 12091 12115 12119 12132 12359 12467 12971 13253
moead,513_e-05,6,17,4850,97,29539711.796245,195608.822426,0.346939,0.653061,11294 11675 11786 11791 11881 11893 11989 12091 12115 12119 12359 12488 12725 12971 13253
moead,513_e-05,6,18,4850,97,29537116.037476,195164.517937,0.367347,0.632653,11294 11675 11786 11881 11893 11989 12091 12115 12119 12359 12488 12595 12725 12971 13253
moead,513_e-05,6,19,4850,97,29527913.486831,192870.363103,0.387755,0.612245,11564 11786 11881 11893 12002 12091 12115 12119 12132 12224 12343 12359 12467 12971 13253
moead,513_e-05,6,20,4850,97,29520751.805160,192630.862099,0.408163,0.591837,11786 11881 11893 11908 12002 12091 12115 12119 12132 12239 12359 12479 12958 12971 13253
moead,513_e-05,6,21,4850,97,29520751.805160,192630.862099,0.428571,0.571429,11786 11881 11893 11908 12002 12091 12115 12119 12132 12239 12359 12479 12958 12971 13253
moead,513_e-05,6,22,4850,97,29517037.294457,192607.086708,0.448980,0.551020,11786 11881 11893 11908 12002 12091 12115 12119 12224 12239 12359 12479 12957 12971 13253
moead,513_e-05,6,23,4850,97,29507023.706275,192475.343224,0.469388,0.530612,11786 11881 11893 11894 12091 12115 12119 12132 12224 12239 12358 12359 12479 13239 13253
moead,513_e-05,6,24,4850,97,29507023.706275,192475.343224,0.489796,0.510204,11786 11881 11893 11894 12091 12115 12119 12132 12224 12239 12358 12359 12479 13239 13253
moead,513_e-05,6,25,4850,97,29503548.261031,192389.210220,0.510204,0.489796,11786 11881 11893 11894 12002 12091 12115 12119 12132 12224 12239 12359 12479 12971 13253
moead,513_e-05,6,26,4850,97,29499607.828590,192295.535938,0.530612,0.469388,11786 11881 11893 11894 12002 12091 12115 12119 12132 12224 12239 12358 12359 12479 13253
moead,513_e-05,6,27,4850,97,29498606.109971,191850.238873,0.551020,0.448980,11775 11786 11881 11893 11894 12002 12091 12119 12132 12224 12239 12358 12359 12479 12971
moead,513_e-05,6,28,4850,97,29494897.097954,191790.745629,0.571429,0.428571,11786 11881 11893 11894 12002 12091 12115 12119 12132 12224 12239 12358 12359 12479 12971
moead,513_e-05,6,29,4850,97,29494897.097954,191790.745629,0.591837,0.408163,11786 11881 11893 11894 12002 12091 12115 12119 12132 12224 12239 12358 12359 12479 12971
moead,513_e-05,6,30,4850,97,29492992.590797,188324.772793,0.612245,0.387755,11675 11777 11786 11789 11893 11895 11990 12002 12115 12119 12132 12359 12479 12971 13253
moead,513_e-05,6,31,4850,97,29489749.161403,188264.894279,0.632653,0.367347,11675 11777 11786 11789 11895 11998 12002 12115 12119 12132 12223 12239 12359 12479 13253
moead,513_e-05,6,32,4850,97,29487829.166377,188191.981792,0.653061,0.346939,11675 11777 11786 11789 11893 11990 11998 12002 12115 12119 12132 12239 12359 12479 13253
moead,513_e-05,6,33,4850,97,29486586.891033,188087.066040,0.673469,0.326531,11675 11777 11786 11789 11893 11895 11998 12002 12115 12119 12132 12239 12359 12479 13253
moead,513_e-05,6,34,4850,97,29483118.435741,187728.426968,0.693878,0.306122,11675 11777 11786 11789 11893 11990 11998 12002 12115 12119 12132 12239 12359 12479 12971
moead,513_e-05,6,35,4850,97,29480844.782590,187292.562047,0.714286,0.285714,11679 11786 11789 11875 11997 12002 12115 12116 12119 12239 12359 12472 12479 12719 13253
moead,513_e-05,6,36,4850,97,29480844.782590,187292.562047,0.734694,0.265306,11679 11786 11789 11875 11997 12002 12115 12116 12119 12239 12359 12472 12479 12719 13253
moead,513_e-05,6,37,4850,97,29474857.534824,186823.977829,0.755102,0.244898,11773 11786 11875 12002 12110 12115 12116 12117 12119 12120 12359 12472 12479 12601 12976
moead,513_e-05,6,38,4850,97,29474857.534824,186823.977829,0.775510,0.224490,11773 11786 11875 12002 12110 12115 12116 12117 12119 12120 12359 12472 12479 12601 12976
moead,513_e-05,6,39,4850,97,29474857.534824,186823.977829,0.795918,0.204082,11773 11786 11875 12002 12110 12115 12116 12117 12119 12120 12359 12472 12479 12601 12976
moead,513_e-05,6,40,4850,97,29470421.464538,186820.449836,0.816327,0.183673,11786 11875 12002 12110 12112 12115 12116 12117 12119 12120 12359 12472 12479 12601 12976
moead,513_e-05,6,41,4850,97,29470421.464538,186820.449836,0.836735,0.163265,11786 11875 12002 12110 12112 12115 12116 12117 12119 12120 12359 12472 12479 12601 12976
moead,513_e-05,6,42,4850,97,29470421.464538,186820.449836,0.857143,0.142857,11786 11875 12002 12110 12112 12115 12116 12117 12119 12120 12359 12472 12479 12601 12976
moead,513_e-05,6,43,4850,97,29469422.691073,186816.041561,0.877551,0.122449,11786 11875 12002 12110 12112 12115 12116 12117 12119 12120 12356 12359 12472 12479 12976
moead,513_e-05,6,44,4850,97,29469422.691073,186816.041561,0.897959,0.102041,11786 11875 12002 12110 12112 12115 12116 12117 12119 12120 12356 12359 12472 12479 12976
moead,513_e-05,6,45,4850,97,29467293.211482,183082.727154,0.918367,0.081633,11683 11786 12002 12112 12115 12116 12119 12227 12229 12239 12356 12359 12472 12479 12976
moead,513_e-05,6,46,4850,97,29465787.727123,183081.884638,0.938776,0.061224,11786 12002 12112 12115 12116 12119 12227 12228 12229 12239 12356 12359 12472 12479 12976
moead,513_e-05,6,47,4850,97,29465787.727123,183081.884638,0.959184,0.040816,11786 12002 12112 12115 12116 12119 12227 12228 12229 12239 12356 12359 12472 12479 12976
moead,513_e-05,6,48,4850,97,29463842.669729,178983.106074,0.979592,0.020408,11679 11786 12002 12112 12115 12116 12119 12229 12239 12356 12359 12472 12479 12598 12719
moead,513_e-05,6,49,4850,97,29463479.765416,178959.586266,1.000000,0.000000,11786 12002 12112 12115 12116 12119 12227 12228 12229 12239 12356 12359 12472 12479 12719
moead,513_e-05,6,0,4900,98,37986897.279050,236183.260254,0.000000,1.000000,13540 15789 29869 41063 64296 67409 70445 82156 89299 123005 124122 128778 129114 156662 164606
moead,513_e-05,6,1,4900,98,30144395.163762,222159.118408,0.020408,0.979592,10253 10424 11212 11225 11800 11986 12262 12476 12687 13237 13540 14040 14358 15288 16379
moead,513_e-05,6,2,4900,98,29904515.672914,217583.576349,0.040816,0.959184,10964 11212 11225 11520 11576 11580 11784 11800 11986 12262 12476 12687 13540 13703 14372
moead,513_e-05,6,3,4900,98,29813284.371039,213610.680107,0.061224,0.938776,10795 10911 10964 11212 11225 11483 11771 11800 11986 12262 12476 12595 12837 13540 14022
moead,513_e-05,6,4,4900,98,29755219.117382,211889.854417,0.081633,0.918367,10964 11212 11225 11576 11580 11674 11784 11999 12233 12262 12360 12595 13540 13703 14372
moead,513_e-05,6,5,4900,98,29703409.885885,209034.791924,0.102041,0.897959,10964 11212 11225 11483 11580 11675 11771 11800 11986 12262 12476 12595 12837 13540 14022
moead,513_e-05,6,6,4900,98,29682697.375100,207778.442730,0.122449,0.877551,10964 11212 11225 11674 11778 11784 12233 12262 12360 12361 12480 12578 12595 13540 14022
moead,513_e-05,6,7,4900,98,29644697.988542,204912.480888,0.142857,0.857143,11212 11225 11483 11580 11675 11679 11771 11800 11986 12262 12476 12595 12837 13540 14022
moead,513_e-05,6,8,4900,98,29625510.251164,204294.924688,0.163265,0.836735,11212 11225 11576 11770 12233 12234 12262 12360 12361 12475 12480 12578 12595 13540 14022
moead,513_e-05,6,9,4900,98,29615417.623549,204140.137900,0.183673,0.816327,11212 11225 11576 11770 12233 12234 12238 12262 12360 12361 12476 12595 12837 13540 14022
moead,513_e-05,6,10,4900,98,29597189.502936,200915.378898,0.204082,0.795918,11212 11225 11576 11770 11784 11800 11986 12233 12234 12262 12476 12578 12595 12837 13540
moead,513_e-05,6,11,4900,98,29581665.364968,200235.370719,0.224490,0.775510,11212 11225 11576 11770 11785 12233 12234 12262 12360 12361 12476 12578 12595 12837 13540
moead,513_e-05,6,12,4900,98,29574313.441385,200125.442827,0.244898,0.755102,11212 11225 11576 11770 12233 12234 12238 12262 12360 12361 12475 12480 12595 13378 13540
moead,513_e-05,6,13,4900,98,29564098.723363,199955.069799,0.265306,0.734694,11212 11225 11576 11770 11784 12233 12234 12238 12262 12360 12361 12475 12480 12595 13540
moead,513_e-05,6,14,4900,98,29554489.224790,196713.537437,0.285714,0.714286,11294 11675 11786 11989 12000 12002 12091 12115 12119 12132 12359 12467 12864 12971 13253
moead,513_e-05,6,15,4900,98,29552576.988506,196693.699043,0.306122,0.693878,11294 11881 11893 11989 12000 12002 12091 12115 12119 12132 12359 12467 12864 12971 13253
moead,513_e-05,6,16,4900,98,29540997.703470,196573.535324,0.326531,0.673469,11294 11675 11786 11893 11989 12000 12002 12091 12115 12119 12132 12359 12467 12971 13253
moead,513_e-05,6,17,4900,98,29534939.656049,196001.308434,0.346939,0.653061,10981 11786 11881 11893 11894 12091 12115 12119 12132 12224 12239 12358 12359 12479 13239
moead,513_e-05,6,18,4900,98,29534939.656049,196001.308434,0.367347,0.632653,10981 11786 11881 11893 11894 12091 12115 12119 12132 12224 12239 12358 12359 12479 13239
moead,513_e-05,6,19,4900,98,29528075.317022,192991.993698,0.387755,0.612245,11564 11786 11881 11893 12002 12091 12115 12119 12132 12224 12343 12359 12479 13239 13253
moead,513_e-05,6,20,4900,98,29520751.805160,192630.862099,0.408163,0.591837,11786 11881 11893 11908 12002 12091 12115 12119 12132 12239 12359 12479 12958 12971 13253
moead,513_e-05,6,21,4900,98,29520751.805160,192630.862099,0.428571,0.571429,11786 11881 11893 11908 12002 12091 12115 12119 12132 12239 12359 12479 12958 12971 13253
moead,513_e-05,6,22,4900,98,29517037.294457,192607.086708,0.448980,0.551020,11786 11881 11893 11908 12002 12091 12115 12119 12224 12239 12359 12479 12957 12971 13253
moead,513_e-05,6,23,4900,98,29507023.706275,192475.343224,0.469388,0.530612,11786 11881 11893 11894 12091 12115 12119 12132 12224 12239 12358 12359 12479 13239 13253
moead,513_e-05,6,24,4900,98,29507023.706275,192475.343224,0.489796,0.510204,11786 11881 11893 11894 12091 12115 12119 12132 12224 12239 12358 12359 12479 13239 13253
moead,513_e-05,6,25,4900,98,29503548.261031,192389.210220,0.510204,0.489796,11786 11881 11893 11894 12002 12091 12115 12119 12132 12224 12239 12359 12479 12971 13253
moead,513_e-05,6,26,4900,98,29499607.828590,192295.535938,0.530612,0.469388,11786 11881 11893 11894 12002 12091 12115 12119 12132 12224 12239 12358 12359 12479 13253
moead,513_e-05,6,27,4900,98,29498606.109971,191850.238873,0.551020,0.448980,11775 11786 11881 11893 11894 12002 12091 12119 12132 12224 12239 12358 12359 12479 12971
moead,513_e-05,6,28,4900,98,29494897.097954,191790.745629,0.571429,0.428571,11786 11881 11893 11894 12002 12091 12115 12119 12132 12224 12239 12358 12359 12479 12971
moead,513_e-05,6,29,4900,98,29494897.097954,191790.745629,0.591837,0.408163,11786 11881 11893 11894 12002 12091 12115 12119 12132 12224 12239 12358 12359 12479 12971
moead,513_e-05,6,30,4900,98,29492992.590797,188324.772793,0.612245,0.387755,11675 11777 11786 11789 11893 11895 11990 12002 12115 12119 12132 12359 12479 12971 13253
moead,513_e-05,6,31,4900,98,29489749.161403,188264.894279,0.632653,0.367347,11675 11777 11786 11789 11895 11998 12002 12115 12119 12132 12223 12239 12359 12479 13253
moead,513_e-05,6,32,4900,98,29487829.166377,188191.981792,0.653061,0.346939,11675 11777 11786 11789 11893 11990 11998 12002 12115 12119 12132 12239 12359 12479 13253
moead,513_e-05,6,33,4900,98,29486586.891033,188087.066040,0.673469,0.326531,11675 11777 11786 11789 11893 11895 11998 12002 12115 12119 12132 12239 12359 12479 13253
moead,513_e-05,6,34,4900,98,29483118.435741,187728.426968,0.693878,0.306122,11675 11777 11786 11789 11893 11990 11998 12002 12115 12119 12132 12239 12359 12479 12971
moead,513_e-05,6,35,4900,98,29480844.782590,187292.562047,0.714286,0.285714,11679 11786 11789 11875 11997 12002 12115 12116 12119 12239 12359 12472 12479 12719 13253
moead,513_e-05,6,36,4900,98,29480844.782590,187292.562047,0.734694,0.265306,11679 11786 11789 11875 11997 12002 12115 12116 12119 12239 12359 12472 12479 12719 13253
moead,513_e-05,6,37,4900,98,29473918.259132,186902.432860,0.755102,0.244898,11773 11786 11875 12002 12115 12116 12117 12119 12120 12235 12359 12472 12479 12601 12976
moead,513_e-05,6,38,4900,98,29473918.259132,186902.432860,0.775510,0.224490,11773 11786 11875 12002 12115 12116 12117 12119 12120 12235 12359 12472 12479 12601 12976
moead,513_e-05,6,39,4900,98,29473918.259132,186902.432860,0.795918,0.204082,11773 11786 11875 12002 12115 12116 12117 12119 12120 12235 12359 12472 12479 12601 12976
moead,513_e-05,6,40,4900,98,29473918.259132,186902.432860,0.816327,0.183673,11773 11786 11875 12002 12115 12116 12117 12119 12120 12235 12359 12472 12479 12601 12976
moead,513_e-05,6,41,4900,98,29470421.464538,186820.449836,0.836735,0.163265,11786 11875 12002 12110 12112 12115 12116 12117 12119 12120 12359 12472 12479 12601 12976
moead,513_e-05,6,42,4900,98,29470421.464538,186820.449836,0.857143,0.142857,11786 11875 12002 12110 12112 12115 12116 12117 12119 12120 12359 12472 12479 12601 12976
moead,513_e-05,6,43,4900,98,29469422.691073,186816.041561,0.877551,0.122449,11786 11875 12002 12110 12112 12115 12116 12117 12119 12120 12356 12359 12472 12479 12976
moead,513_e-05,6,44,4900,98,29469422.691073,186816.041561,0.897959,0.102041,11786 11875 12002 12110 12112 12115 12116 12117 12119 12120 12356 12359 12472 12479 12976
moead,513_e-05,6,45,4900,98,29467293.211482,183082.727154,0.918367,0.081633,11683 11786 12002 12112 12115 12116 12119 12227 12229 12239 12356 12359 12472 12479 12976
moead,513_e-05,6,46,4900,98,29465787.727123,183081.884638,0.938776,0.061224,11786 12002 12112 12115 12116 12119 12227 12228 12229 12239 12356 12359 12472 12479 12976
moead,513_e-05,6,47,4900,98,29465787.727123,183081.884638,0.959184,0.040816,11786 12002 12112 12115 12116 12119 12227 12228 12229 12239 12356 12359 12472 12479 12976
moead,513_e-05,6,48,4900,98,29463842.669729,178983.106074,0.979592,0.020408,11679 11786 12002 12112 12115 12116 12119 12229 12239 12356 12359 12472 12479 12598 12719
moead,513_e-05,6,49,4900,98,29463479.765416,178959.586266,1.000000,0.000000,11786 12002 12112 12115 12116 12119 12227 12228 12229 12239 12356 12359 12472 12479 12719
moead,513_e-05,6,0,4950,99,35623764.786895,236183.260254,0.000000,1.000000,12837 13540 14022 15789 33700 50326 62924 64296 70445 84709 89299 124122 128778 138371 166203
moead,513_e-05,6,1,4950,99,30144395.163762,222159.118408,0.020408,0.979592,10253 10424 11212 11225 11800 11986 12262 12476 12687 13237 13540 14040 14358 15288 16379
moead,513_e-05,6,2,4950,99,29904515.672914,217583.576349,0.040816,0.959184,10964 11212 11225 11520 11576 11580 11784 11800 11986 12262 12476 12687 13540 13703 14372
moead,513_e-05,6,3,4950,99,29813284.371039,213610.680107,0.061224,0.938776,10795 10911 10964 11212 11225 11483 11771 11800 11986 12262 12476 12595 12837 13540 14022
moead,513_e-05,6,4,4950,99,29755219.117382,211889.854417,0.081633,0.918367,10964 11212 11225 11576 11580 11674 11784 11999 12233 12262 12360 12595 13540 13703 14372
moead,513_e-05,6,5,4950,99,29703409.885885,209034.791924,0.102041,0.897959,10964 11212 11225 11483 11580 11675 11771 11800 11986 12262 12476 12595 12837 13540 14022
moead,513_e-05,6,6,4950,99,29682697.375100,207778.442730,0.122449,0.877551,10964 11212 11225 11674 11778 11784 12233 12262 12360 12361 12480 12578 12595 13540 14022
moead,513_e-05,6,7,4950,99,29642544.017723,204984.598532,0.142857,0.857143,11212 11225 11576 11770 11784 11800 11986 12233 12234 12262 12476 12578 12595 13540 14022
moead,513_e-05,6,8,4950,99,29625510.251164,204294.924688,0.163265,0.836735,11212 11225 11576 11770 12233 12234 12262 12360 12361 12475 12480 12578 12595 13540 14022
moead,513_e-05,6,9,4950,99,29615417.623549,204140.137900,0.183673,0.816327,11212 11225 11576 11770 12233 12234 12238 12262 12360 12361 12476 12595 12837 13540 14022
moead,513_e-05,6,10,4950,99,29597189.502936,200915.378898,0.204082,0.795918,11212 11225 11576 11770 11784 11800 11986 12233 12234 12262 12476 12578 12595 12837 13540
moead,513_e-05,6,11,4950,99,29581665.364968,200235.370719,0.224490,0.775510,11212 11225 11576 11770 11785 12233 12234 12262 12360 12361 12476 12578 12595 12837 13540
moead,513_e-05,6,12,4950,99,29574313.441385,200125.442827,0.244898,0.755102,11212 11225 11576 11770 12233 12234 12238 12262 12360 12361 12475 12480 12595 13378 13540
moead,513_e-05,6,13,4950,99,29564098.723363,199955.069799,0.265306,0.734694,11212 11225 11576 11770 11784 12233 12234 12238 12262 12360 12361 12475 12480 12595 13540
moead,513_e-05,6,14,4950,99,29554489.224790,196713.537437,0.285714,0.714286,11294 11675 11786 11989 12000 12002 12091 12115 12119 12132 12359 12467 12864 12971 13253
moead,513_e-05,6,15,4950,99,29552576.988506,196693.699043,0.306122,0.693878,11294 11881 11893 11989 12000 12002 12091 12115 12119 12132 12359 12467 12864 12971 13253
moead,513_e-05,6,16,4950,99,29540997.703470,196573.535324,0.326531,0.673469,11294 11675 11786 11893 11989 12000 12002 12091 12115 12119 12132 12359 12467 12971 13253
moead,513_e-05,6,17,4950,99,29534939.656049,196001.308434,0.346939,0.653061,10981 11786 11881 11893 11894 12091 12115 12119 12132 12224 12239 12358 12359 12479 13239
moead,513_e-05,6,18,4950,99,29534939.656049,196001.308434,0.367347,0.632653,10981 11786 11881 11893 11894 12091 12115 12119 12132 12224 12239 12358 12359 12479 13239
moead,513_e-05,6,19,4950,99,29528075.317022,192991.993698,0.387755,0.612245,11564 11786 11881 11893 12002 12091 12115 12119 12132 12224 12343 12359 12479 13239 13253
moead,513_e-05,6,20,4950,99,29524024.851051,192903.725784,0.408163,0.591837,11564 11786 11881 11893 12002 12091 12115 12119 12132 12224 12343 12359 12479 12971 13253
moead,513_e-05,6,21,4950,99,29520751.805160,192630.862099,0.428571,0.571429,11786 11881 11893 11908 12002 12091 12115 12119 12132 12239 12359 12479 12958 12971 13253
moead,513_e-05,6,22,4950,99,29517037.294457,192607.086708,0.448980,0.551020,11786 11881 11893 11908 12002 12091 12115 12119 12224 12239 12359 12479 12957 12971 13253
moead,513_e-05,6,23,4950,99,29507023.706275,192475.343224,0.469388,0.530612,11786 11881 11893 11894 12091 12115 12119 12132 12224 12239 12358 12359 12479 13239 13253
moead,513_e-05,6,24,4950,99,29507023.706275,192475.343224,0.489796,0.510204,11786 11881 11893 11894 12091 12115 12119 12132 12224 12239 12358 12359 12479 13239 13253
moead,513_e-05,6,25,4950,99,29503548.261031,192389.210220,0.510204,0.489796,11786 11881 11893 11894 12002 12091 12115 12119 12132 12224 12239 12359 12479 12971 13253
moead,513_e-05,6,26,4950,99,29499607.828590,192295.535938,0.530612,0.469388,11786 11881 11893 11894 12002 12091 12115 12119 12132 12224 12239 12358 12359 12479 13253
moead,513_e-05,6,27,4950,99,29498606.109971,191850.238873,0.551020,0.448980,11775 11786 11881 11893 11894 12002 12091 12119 12132 12224 12239 12358 12359 12479 12971
moead,513_e-05,6,28,4950,99,29494897.097954,191790.745629,0.571429,0.428571,11786 11881 11893 11894 12002 12091 12115 12119 12132 12224 12239 12358 12359 12479 12971
moead,513_e-05,6,29,4950,99,29494897.097954,191790.745629,0.591837,0.408163,11786 11881 11893 11894 12002 12091 12115 12119 12132 12224 12239 12358 12359 12479 12971
moead,513_e-05,6,30,4950,99,29492992.590797,188324.772793,0.612245,0.387755,11675 11777 11786 11789 11893 11895 11990 12002 12115 12119 12132 12359 12479 12971 13253
moead,513_e-05,6,31,4950,99,29489749.161403,188264.894279,0.632653,0.367347,11675 11777 11786 11789 11895 11998 12002 12115 12119 12132 12223 12239 12359 12479 13253
moead,513_e-05,6,32,4950,99,29487829.166377,188191.981792,0.653061,0.346939,11675 11777 11786 11789 11893 11990 11998 12002 12115 12119 12132 12239 12359 12479 13253
moead,513_e-05,6,33,4950,99,29486586.891033,188087.066040,0.673469,0.326531,11675 11777 11786 11789 11893 11895 11998 12002 12115 12119 12132 12239 12359 12479 13253
moead,513_e-05,6,34,4950,99,29483118.435741,187728.426968,0.693878,0.306122,11675 11777 11786 11789 11893 11990 11998 12002 12115 12119 12132 12239 12359 12479 12971
moead,513_e-05,6,35,4950,99,29478671.606597,187329.244743,0.714286,0.285714,11773 11786 11875 12002 12115 12116 12117 12119 12120 12235 12359 12472 12479 12601 13253
moead,513_e-05,6,36,4950,99,29478671.606597,187329.244743,0.734694,0.265306,11773 11786 11875 12002 12115 12116 12117 12119 12120 12235 12359 12472 12479 12601 13253
moead,513_e-05,6,37,4950,99,29478671.606597,187329.244743,0.755102,0.244898,11773 11786 11875 12002 12115 12116 12117 12119 12120 12235 12359 12472 12479 12601 13253
moead,513_e-05,6,38,4950,99,29473918.259132,186902.432860,0.775510,0.224490,11773 11786 11875 12002 12115 12116 12117 12119 12120 12235 12359 12472 12479 12601 12976
moead,513_e-05,6,39,4950,99,29473918.259132,186902.432860,0.795918,0.204082,11773 11786 11875 12002 12115 12116 12117 12119 12120 12235 12359 12472 12479 12601 12976
moead,513_e-05,6,40,4950,99,29473918.259132,186902.432860,0.816327,0.183673,11773 11786 11875 12002 12115 12116 12117 12119 12120 12235 12359 12472 12479 12601 12976
moead,513_e-05,6,41,4950,99,29470421.464538,186820.449836,0.836735,0.163265,11786 11875 12002 12110 12112 12115 12116 12117 12119 12120 12359 12472 12479 12601 12976
moead,513_e-05,6,42,4950,99,29470421.464538,186820.449836,0.857143,0.142857,11786 11875 12002 12110 12112 12115 12116 12117 12119 12120 12359 12472 12479 12601 12976
moead,513_e-05,6,43,4950,99,29469422.691073,186816.041561,0.877551,0.122449,11786 11875 12002 12110 12112 12115 12116 12117 12119 12120 12356 12359 12472 12479 12976
moead,513_e-05,6,44,4950,99,29469422.691073,186816.041561,0.897959,0.102041,11786 11875 12002 12110 12112 12115 12116 12117 12119 12120 12356 12359 12472 12479 12976
moead,513_e-05,6,45,4950,99,29467293.211482,183082.727154,0.918367,0.081633,11683 11786 12002 12112 12115 12116 12119 12227 12229 12239 12356 12359 12472 12479 12976
moead,513_e-05,6,46,4950,99,29465787.727123,183081.884638,0.938776,0.061224,11786 12002 12112 12115 12116 12119 12227 12228 12229 12239 12356 12359 12472 12479 12976
moead,513_e-05,6,47,4950,99,29465787.727123,183081.884638,0.959184,0.040816,11786 12002 12112 12115 12116 12119 12227 12228 12229 12239 12356 12359 12472 12479 12976
moead,513_e-05,6,48,4950,99,29463842.669729,178983.106074,0.979592,0.020408,11679 11786 12002 12112 12115 12116 12119 12229 12239 12356 12359 12472 12479 12598 12719
moead,513_e-05,6,49,4950,99,29463479.765416,178959.586266,1.000000,0.000000,11786 12002 12112 12115 12116 12119 12227 12228 12229 12239 12356 12359 12472 12479 12719
moead,513_e-05,6,0,5000,100,35898359.132952,236183.260254,0.000000,1.000000,14022 14372 28367 50326 58735 64296 71007 92200 95455 118876 123425 124122 126753 128778 151281
moead,513_e-05,6,1,5000,100,30144395.163762,222159.118408,0.020408,0.979592,10253 10424 11212 11225 11800 11986 12262 12476 12687 13237 13540 14040 14358 15288 16379
moead,513_e-05,6,2,5000,100,29904515.672914,217583.576349,0.040816,0.959184,10964 11212 11225 11520 11576 11580 11784 11800 11986 12262 12476 12687 13540 13703 14372
moead,513_e-05,6,3,5000,100,29813284.371039,213610.680107,0.061224,0.938776,10795 10911 10964 11212 11225 11483 11771 11800 11986 12262 12476 12595 12837 13540 14022
moead,513_e-05,6,4,5000,100,29755219.117382,211889.854417,0.081633,0.918367,10964 11212 11225 11576 11580 11674 11784 11999 12233 12262 12360 12595 13540 13703 14372
moead,513_e-05,6,5,5000,100,29703409.885885,209034.791924,0.102041,0.897959,10964 11212 11225 11483 11580 11675 11771 11800 11986 12262 12476 12595 12837 13540 14022
moead,513_e-05,6,6,5000,100,29682697.375100,207778.442730,0.122449,0.877551,10964 11212 11225 11674 11778 11784 12233 12262 12360 12361 12480 12578 12595 13540 14022
moead,513_e-05,6,7,5000,100,29642544.017723,204984.598532,0.142857,0.857143,11212 11225 11576 11770 11784 11800 11986 12233 12234 12262 12476 12578 12595 13540 14022
moead,513_e-05,6,8,5000,100,29625510.251164,204294.924688,0.163265,0.836735,11212 11225 11576 11770 12233 12234 12262 12360 12361 12475 12480 12578 12595 13540 14022
moead,513_e-05,6,9,5000,100,29615417.623549,204140.137900,0.183673,0.816327,11212 11225 11576 11770 12233 12234 12238 12262 12360 12361 12476 12595 12837 13540 14022
moead,513_e-05,6,10,5000,100,29597189.502936,200915.378898,0.204082,0.795918,11212 11225 11576 11770 11784 11800 11986 12233 12234 12262 12476 12578 12595 12837 13540
moead,513_e-05,6,11,5000,100,29579688.295292,200235.370719,0.224490,0.775510,11212 11225 11576 11770 12233 12234 12238 12262 12360 12361 12476 12578 12595 12837 13540
moead,513_e-05,6,12,5000,100,29574313.441385,200125.442827,0.244898,0.755102,11212 11225 11576 11770 12233 12234 12238 12262 12360 12361 12475 12480 12595 13378 13540
moead,513_e-05,6,13,5000,100,29564098.723363,199955.069799,0.265306,0.734694,11212 11225 11576 11770 11784 12233 12234 12238 12262 12360 12361 12475 12480 12595 13540
moead,513_e-05,6,14,5000,100,29554489.224790,196713.537437,0.285714,0.714286,11294 11675 11786 11989 12000 12002 12091 12115 12119 12132 12359 12467 12864 12971 13253
moead,513_e-05,6,15,5000,100,29552576.988506,196693.699043,0.306122,0.693878,11294 11881 11893 11989 12000 12002 12091 12115 12119 12132 12359 12467 12864 12971 13253
moead,513_e-05,6,16,5000,100,29540997.703470,196573.535324,0.326531,0.673469,11294 11675 11786 11893 11989 12000 12002 12091 12115 12119 12132 12359 12467 12971 13253
moead,513_e-05,6,17,5000,100,29535599.920715,196417.846973,0.346939,0.653061,10981 11786 11881 11893 11894 12091 12115 12119 12132 12224 12239 12358 12359 12479 13253
moead,513_e-05,6,18,5000,100,29534939.656049,196001.308434,0.367347,0.632653,10981 11786 11881 11893 11894 12091 12115 12119 12132 12224 12239 12358 12359 12479 13239
moead,513_e-05,6,19,5000,100,29528075.317022,192991.993698,0.387755,0.612245,11564 11786 11881 11893 12002 12091 12115 12119 12132 12224 12343 12359 12479 13239 13253
moead,513_e-05,6,20,5000,100,29524024.851051,192903.725784,0.408163,0.591837,11564 11786 11881 11893 12002 12091 12115 12119 12132 12224 12343 12359 12479 12971 13253
moead,513_e-05,6,21,5000,100,29520751.805160,192630.862099,0.428571,0.571429,11786 11881 11893 11908 12002 12091 12115 12119 12132 12239 12359 12479 12958 12971 13253
moead,513_e-05,6,22,5000,100,29517037.294457,192607.086708,0.448980,0.551020,11786 11881 11893 11908 12002 12091 12115 12119 12224 12239 12359 12479 12957 12971 13253
moead,513_e-05,6,23,5000,100,29507023.706275,192475.343224,0.469388,0.530612,11786 11881 11893 11894 12091 12115 12119 12132 12224 12239 12358 12359 12479 13239 13253
moead,513_e-05,6,24,5000,100,29507023.706275,192475.343224,0.489796,0.510204,11786 11881 11893 11894 12091 12115 12119 12132 12224 12239 12358 12359 12479 13239 13253
moead,513_e-05,6,25,5000,100,29503548.261031,192389.210220,0.510204,0.489796,11786 11881 11893 11894 12002 12091 12115 12119 12132 12224 12239 12359 12479 12971 13253
moead,513_e-05,6,26,5000,100,29499607.828590,192295.535938,0.530612,0.469388,11786 11881 11893 11894 12002 12091 12115 12119 12132 12224 12239 12358 12359 12479 13253
moead,513_e-05,6,27,5000,100,29498606.109971,191850.238873,0.551020,0.448980,11775 11786 11881 11893 11894 12002 12091 12119 12132 12224 12239 12358 12359 12479 12971
moead,513_e-05,6,28,5000,100,29494897.097954,191790.745629,0.571429,0.428571,11786 11881 11893 11894 12002 12091 12115 12119 12132 12224 12239 12358 12359 12479 12971
moead,513_e-05,6,29,5000,100,29494529.391673,191613.031250,0.591837,0.408163,11675 11777 11786 11789 11866 11893 11895 11998 12002 12115 12119 12132 12239 12359 12479
moead,513_e-05,6,30,5000,100,29492992.590797,188324.772793,0.612245,0.387755,11675 11777 11786 11789 11893 11895 11990 12002 12115 12119 12132 12359 12479 12971 13253
moead,513_e-05,6,31,5000,100,29489749.161403,188264.894279,0.632653,0.367347,11675 11777 11786 11789 11895 11998 12002 12115 12119 12132 12223 12239 12359 12479 13253
moead,513_e-05,6,32,5000,100,29487829.166377,188191.981792,0.653061,0.346939,11675 11777 11786 11789 11893 11990 11998 12002 12115 12119 12132 12239 12359 12479 13253
moead,513_e-05,6,33,5000,100,29486586.891033,188087.066040,0.673469,0.326531,11675 11777 11786 11789 11893 11895 11998 12002 12115 12119 12132 12239 12359 12479 13253
moead,513_e-05,6,34,5000,100,29483118.435741,187728.426968,0.693878,0.306122,11675 11777 11786 11789 11893 11990 11998 12002 12115 12119 12132 12239 12359 12479 12971
moead,513_e-05,6,35,5000,100,29478671.606597,187329.244743,0.714286,0.285714,11773 11786 11875 12002 12115 12116 12117 12119 12120 12235 12359 12472 12479 12601 13253
moead,513_e-05,6,36,5000,100,29478671.606597,187329.244743,0.734694,0.265306,11773 11786 11875 12002 12115 12116 12117 12119 12120 12235 12359 12472 12479 12601 13253
moead,513_e-05,6,37,5000,100,29478671.606597,187329.244743,0.755102,0.244898,11773 11786 11875 12002 12115 12116 12117 12119 12120 12235 12359 12472 12479 12601 13253
moead,513_e-05,6,38,5000,100,29473918.259132,186902.432860,0.775510,0.224490,11773 11786 11875 12002 12115 12116 12117 12119 12120 12235 12359 12472 12479 12601 12976
moead,513_e-05,6,39,5000,100,29473918.259132,186902.432860,0.795918,0.204082,11773 11786 11875 12002 12115 12116 12117 12119 12120 12235 12359 12472 12479 12601 12976
moead,513_e-05,6,40,5000,100,29473918.259132,186902.432860,0.816327,0.183673,11773 11786 11875 12002 12115 12116 12117 12119 12120 12235 12359 12472 12479 12601 12976
moead,513_e-05,6,41,5000,100,29470421.464538,186820.449836,0.836735,0.163265,11786 11875 12002 12110 12112 12115 12116 12117 12119 12120 12359 12472 12479 12601 12976
moead,513_e-05,6,42,5000,100,29470421.464538,186820.449836,0.857143,0.142857,11786 11875 12002 12110 12112 12115 12116 12117 12119 12120 12359 12472 12479 12601 12976
moead,513_e-05,6,43,5000,100,29469422.691073,186816.041561,0.877551,0.122449,11786 11875 12002 12110 12112 12115 12116 12117 12119 12120 12356 12359 12472 12479 12976
moead,513_e-05,6,44,5000,100,29469422.691073,186816.041561,0.897959,0.102041,11786 11875 12002 12110 12112 12115 12116 12117 12119 12120 12356 12359 12472 12479 12976
moead,513_e-05,6,45,5000,100,29467293.211482,183082.727154,0.918367,0.081633,11683 11786 12002 12112 12115 12116 12119 12227 12229 12239 12356 12359 12472 12479 12976
moead,513_e-05,6,46,5000,100,29465787.727123,183081.884638,0.938776,0.061224,11786 12002 12112 12115 12116 12119 12227 12228 12229 12239 12356 12359 12472 12479 12976
moead,513_e-05,6,47,5000,100,29465787.727123,183081.884638,0.959184,0.040816,11786 12002 12112 12115 12116 12119 12227 12228 12229 12239 12356 12359 12472 12479 12976
moead,513_e-05,6,48,5000,100,29463842.669729,178983.106074,0.979592,0.020408,11679 11786 12002 12112 12115 12116 12119 12229 12239 12356 12359 12472 12479 12598 12719
moead,513_e-05,6,49,5000,100,29463479.765416,178959.586266,1.000000,0.000000,11786 12002 12112 12115 12116 12119 12227 12228 12229 12239 12356 12359 12472 12479 12719
