139810.5716567989 124858.2246622556
140130.0543278563 124697.8568613444
140449.5369989138 124537.4890604333
140609.2783344425 124537.4890604333
140928.7610055000 124537.4890604333
140130.0543278563 124377.1212595222
140609.2783344425 124377.1212595222
140769.0196699713 124377.1212595222
140449.5369989138 124216.7534586111
141088.5023410287 124216.7534586111
141248.2436765575 124216.7534586111
140769.0196699713 124056.3856577000
141088.5023410287 124056.3856577000
141248.2436765575 124056.3856577000
141088.5023410287 123896.0178567889
141407.9850120862 123896.0178567889
141407.9850120862 123735.6500558778
141567.7263476150 123575.2822549667
141567.7263476150 123414.9144540556
141887.2090186724 123254.5466531444
142206.6916897299 123094.1788522333

140769.0196699713 125018.5924631667
139810.5716567989 124858.2246622556
140130.0543278563 124697.8568613444
140449.5369989138 124537.4890604333
140609.2783344425 124537.4890604333
140928.7610055000 124537.4890604333
142206.6916897299 122933.8110513222
141887.2090186724 123254.5466531444
141567.7263476150 123414.9144540556
141567.7263476150 123575.2822549667
141407.9850120862 123735.6500558778
141407.9850120862 123896.0178567889
141088.5023410287 123896.0178567889
141407.9850120862 124056.3856577000
141248.2436765575 124056.3856577000
141088.5023410287 124056.3856577000
140769.0196699713 124056.3856577000
141248.2436765575 124216.7534586111
141088.5023410287 124216.7534586111
140449.5369989138 124216.7534586111
140769.0196699713 124377.1212595222

119203.9393735919 143300.5217670333
119523.4220446494 143140.1539661222
143165.1397029023 122292.3398476778
143005.3983673736 122613.0754495000
142685.9156963161 122773.4432504111
142366.4330252586 122933.8110513222
142046.9503542012 123094.1788522333
141567.7263476150 123414.9144540556
142366.4330252586 123575.2822549667
141567.7263476150 123735.6500558778
141248.2436765575 123896.0178567889
140769.0196699713 124056.3856577000
140449.5369989138 124216.7534586111
140130.0543278563 124377.1212595222
141248.2436765575 125018.5924631667
140609.2783344425 125018.5924631667
139491.0889857414 125339.3280649889
140609.2783344425 125339.3280649889
140289.7956633850 125499.6958659000
139970.3129923276 125980.7992686333
139810.5716567989 126301.5348704555

139491.0889857414 125660.0636668111
139810.5716567989 125499.6958659000
140289.7956633850 125178.9602640778
139491.0889857414 125018.5924631667
140609.2783344425 125018.5924631667
141248.2436765575 125018.5924631667
140130.0543278563 124697.8568613444
141248.2436765575 124697.8568613444
140130.0543278563 124377.1212595222
140449.5369989138 124216.7534586111
141088.5023410287 124216.7534586111
143165.1397029023 122292.3398476778
143005.3983673736 122613.0754495000
142685.9156963161 122773.4432504111
142366.4330252586 122933.8110513222
142046.9503542012 123094.1788522333
141567.7263476150 123414.9144540556
142366.4330252586 123575.2822549667
141567.7263476150 123735.6500558778
141088.5023410287 123896.0178567889
140769.0196699713 124056.3856577000

140609.2783344425 125339.3280649889
139810.5716567989 125178.9602640778
140130.0543278563 124697.8568613444
142206.6916897299 122933.8110513222
141887.2090186724 123254.5466531444
141567.7263476150 123414.9144540556
141567.7263476150 123575.2822549667
141407.9850120862 123735.6500558778
141407.9850120862 123896.0178567889
141088.5023410287 123896.0178567889
141727.4676831437 124056.3856577000
141407.9850120862 124056.3856577000
141248.2436765575 124056.3856577000
141088.5023410287 124056.3856577000
140769.0196699713 124056.3856577000
141088.5023410287 124216.7534586111
140449.5369989138 124216.7534586111
141248.2436765575 124377.1212595222
140130.0543278563 124377.1212595222
140928.7610055000 124537.4890604333
140928.7610055000 124858.2246622556

142206.6916897299 123094.1788522333
141887.2090186724 123254.5466531444
141567.7263476150 123414.9144540556
141567.7263476150 123575.2822549667
141407.9850120862 123735.6500558778
141567.7263476150 123896.0178567889
141088.5023410287 123896.0178567889
141407.9850120862 124056.3856577000
141248.2436765575 124056.3856577000
140769.0196699713 124056.3856577000
141248.2436765575 124216.7534586111
141088.5023410287 124216.7534586111
140449.5369989138 124216.7534586111
140769.0196699713 124377.1212595222
140130.0543278563 124377.1212595222
141407.9850120862 124216.7534586111
140130.0543278563 124697.8568613444
140928.7610055000 124858.2246622556
140609.2783344425 125018.5924631667
139810.5716567989 125178.9602640778
140609.2783344425 125339.3280649889

140609.2783344425 125339.3280649889
139491.0889857414 125018.5924631667
140928.7610055000 124858.2246622556
140130.0543278563 124697.8568613444
140928.7610055000 124537.4890604333
140130.0543278563 124377.1212595222
142206.6916897299 122933.8110513222
141887.2090186724 123254.5466531444
141567.7263476150 123414.9144540556
141567.7263476150 123575.2822549667
141407.9850120862 123735.6500558778
141407.9850120862 123896.0178567889
141088.5023410287 123896.0178567889
141248.2436765575 124056.3856577000
141088.5023410287 124056.3856577000
140769.0196699713 124056.3856577000
141248.2436765575 124216.7534586111
141088.5023410287 124216.7534586111
140928.7610055000 124216.7534586111
140449.5369989138 124216.7534586111
141088.5023410287 124377.1212595222

141567.7263476150 123414.9144540556
141567.7263476150 123575.2822549667
141407.9850120862 123575.2822549667
141567.7263476150 123735.6500558778
141407.9850120862 123735.6500558778
141088.5023410287 123735.6500558778
141727.4676831437 123896.0178567889
141088.5023410287 123896.0178567889
141248.2436765575 124216.7534586111
141248.2436765575 124056.3856577000
141088.5023410287 124056.3856577000
140928.7610055000 124056.3856577000
140769.0196699713 124056.3856577000
140609.2783344425 124056.3856577000
141088.5023410287 124216.7534586111
140609.2783344425 124216.7534586111
140449.5369989138 124216.7534586111
140928.7610055000 124377.1212595222
140449.5369989138 124377.1212595222
140449.5369989138 124537.4890604333
140130.0543278563 124537.4890604333

139970.3129923276 125980.7992686333
139810.5716567989 125499.6958659000
140289.7956633850 125178.9602640778
139491.0889857414 125018.5924631667
141248.2436765575 125018.5924631667
140130.0543278563 124697.8568613444
141248.2436765575 124697.8568613444
140130.0543278563 124377.1212595222
143005.3983673736 122613.0754495000
142685.9156963161 122773.4432504111
142366.4330252586 122933.8110513222
142046.9503542012 123094.1788522333
141567.7263476150 123414.9144540556
142366.4330252586 123575.2822549667
141567.7263476150 123735.6500558778
142366.4330252586 123896.0178567889
141088.5023410287 123896.0178567889
140769.0196699713 124056.3856577000
140449.5369989138 124216.7534586111
141407.9850120862 124377.1212595222
140609.2783344425 125018.5924631667

141567.7263476150 123414.9144540556
141567.7263476150 123575.2822549667
141407.9850120862 123575.2822549667
141567.7263476150 123735.6500558778
141407.9850120862 123735.6500558778
141088.5023410287 123735.6500558778
141088.5023410287 123896.0178567889
140449.5369989138 124216.7534586111
141407.9850120862 124056.3856577000
141248.2436765575 124056.3856577000
141088.5023410287 124056.3856577000
140928.7610055000 124056.3856577000
140769.0196699713 124056.3856577000
140609.2783344425 124056.3856577000
141088.5023410287 124216.7534586111
140769.0196699713 124216.7534586111
140928.7610055000 124377.1212595222
140449.5369989138 124377.1212595222
140130.0543278563 124537.4890604333
140928.7610055000 124697.8568613444
141727.4676831437 123735.6500558778

141567.7263476150 123414.9144540556
141567.7263476150 123575.2822549667
141407.9850120862 123575.2822549667
141567.7263476150 123735.6500558778
141407.9850120862 123735.6500558778
141088.5023410287 123735.6500558778
141088.5023410287 123896.0178567889
141407.9850120862 124056.3856577000
141248.2436765575 124056.3856577000
141088.5023410287 124056.3856577000
140928.7610055000 124056.3856577000
140769.0196699713 124056.3856577000
140609.2783344425 124056.3856577000
141887.2090186724 123254.5466531444
140769.0196699713 124216.7534586111
140449.5369989138 124216.7534586111
140928.7610055000 124377.1212595222
140449.5369989138 124377.1212595222
140130.0543278563 124537.4890604333
140928.7610055000 124697.8568613444
140130.0543278563 124858.2246622556

143005.3983673736 122613.0754495000
142685.9156963161 122773.4432504111
142366.4330252586 122933.8110513222
142046.9503542012 123094.1788522333
141567.7263476150 123414.9144540556
142366.4330252586 123575.2822549667
141567.7263476150 123735.6500558778
141248.2436765575 123896.0178567889
141088.5023410287 123896.0178567889
140769.0196699713 124056.3856577000
141088.5023410287 124216.7534586111
140449.5369989138 124216.7534586111
140130.0543278563 124377.1212595222
141248.2436765575 124697.8568613444
140130.0543278563 124697.8568613444
141248.2436765575 125018.5924631667
140609.2783344425 125018.5924631667
139491.0889857414 125018.5924631667
140289.7956633850 125178.9602640778
139810.5716567989 125499.6958659000
139491.0889857414 125660.0636668111

142206.6916897299 122933.8110513222
141887.2090186724 123254.5466531444
141567.7263476150 123414.9144540556
141567.7263476150 123575.2822549667
141407.9850120862 123735.6500558778
141407.9850120862 123896.0178567889
141088.5023410287 123896.0178567889
141248.2436765575 124056.3856577000
141088.5023410287 124056.3856577000
140769.0196699713 124056.3856577000
141248.2436765575 124216.7534586111
141088.5023410287 124216.7534586111
140928.7610055000 124216.7534586111
140449.5369989138 124216.7534586111
140769.0196699713 124377.1212595222
141088.5023410287 124377.1212595222
140928.7610055000 124537.4890604333
140609.2783344425 124537.4890604333
140449.5369989138 124537.4890604333
140130.0543278563 124697.8568613444
139810.5716567989 124858.2246622556

142206.6916897299 122933.8110513222
141887.2090186724 123254.5466531444
141567.7263476150 123414.9144540556
141567.7263476150 123575.2822549667
141407.9850120862 123735.6500558778
141407.9850120862 123896.0178567889
141088.5023410287 123896.0178567889
141248.2436765575 124056.3856577000
141088.5023410287 124056.3856577000
140769.0196699713 124056.3856577000
141248.2436765575 124216.7534586111
141088.5023410287 124216.7534586111
140449.5369989138 124216.7534586111
140769.0196699713 124377.1212595222
140928.7610055000 124216.7534586111
140130.0543278563 124377.1212595222
140928.7610055000 124537.4890604333
140609.2783344425 124537.4890604333
140449.5369989138 124537.4890604333
140130.0543278563 124697.8568613444
139810.5716567989 124858.2246622556

141567.7263476150 123414.9144540556
141567.7263476150 123575.2822549667
141407.9850120862 123575.2822549667
141567.7263476150 123735.6500558778
141088.5023410287 123735.6500558778
141088.5023410287 123896.0178567889
140928.7610055000 123896.0178567889
141407.9850120862 124056.3856577000
141248.2436765575 124056.3856577000
141088.5023410287 124056.3856577000
140769.0196699713 124056.3856577000
140609.2783344425 124056.3856577000
140928.7610055000 124216.7534586111
140769.0196699713 124216.7534586111
140769.0196699713 124377.1212595222
140289.7956633850 124377.1212595222
140130.0543278563 124377.1212595222
140928.7610055000 124537.4890604333
140769.0196699713 124537.4890604333
140449.5369989138 124537.4890604333
140609.2783344425 124216.7534586111

140130.0543278563 124858.2246622556
140130.0543278563 124537.4890604333
140769.0196699713 124537.4890604333
140449.5369989138 124377.1212595222
140928.7610055000 124377.1212595222
140769.0196699713 124216.7534586111
141088.5023410287 124216.7534586111
140609.2783344425 124056.3856577000
140769.0196699713 124056.3856577000
140928.7610055000 124056.3856577000
141088.5023410287 124056.3856577000
141248.2436765575 124056.3856577000
142206.6916897299 122933.8110513222
141887.2090186724 123254.5466531444
141567.7263476150 123414.9144540556
141567.7263476150 123575.2822549667
141248.2436765575 123735.6500558778
141088.5023410287 123735.6500558778
141407.9850120862 123896.0178567889
141088.5023410287 123896.0178567889
141407.9850120862 124056.3856577000

140130.0543278563 124858.2246622556
140130.0543278563 124537.4890604333
141088.5023410287 124537.4890604333
140449.5369989138 124377.1212595222
140928.7610055000 124377.1212595222
140769.0196699713 124216.7534586111
141088.5023410287 124216.7534586111
140609.2783344425 124056.3856577000
140769.0196699713 124056.3856577000
140928.7610055000 124056.3856577000
141088.5023410287 124056.3856577000
141567.7263476150 123414.9144540556
141567.7263476150 123575.2822549667
141407.9850120862 123575.2822549667
141567.7263476150 123735.6500558778
141088.5023410287 123735.6500558778
141088.5023410287 123896.0178567889
140928.7610055000 123896.0178567889
141407.9850120862 124056.3856577000
141248.2436765575 124056.3856577000
140769.0196699713 124377.1212595222

139970.3129923276 125980.7992686333
139810.5716567989 125499.6958659000
140609.2783344425 125339.3280649889
139491.0889857414 125018.5924631667
141248.2436765575 125018.5924631667
140130.0543278563 124697.8568613444
140130.0543278563 124377.1212595222
142685.9156963161 122773.4432504111
142366.4330252586 122933.8110513222
142046.9503542012 123094.1788522333
141567.7263476150 123414.9144540556
142366.4330252586 123575.2822549667
141567.7263476150 123735.6500558778
141248.2436765575 123896.0178567889
141088.5023410287 123896.0178567889
142046.9503542012 124056.3856577000
141407.9850120862 124056.3856577000
140769.0196699713 124056.3856577000
141088.5023410287 124216.7534586111
140449.5369989138 124216.7534586111
140769.0196699713 124377.1212595222

139970.3129923276 125980.7992686333
139810.5716567989 125499.6958659000
139491.0889857414 125018.5924631667
140130.0543278563 125018.5924631667
140130.0543278563 124697.8568613444
140449.5369989138 124537.4890604333
140130.0543278563 124377.1212595222
140769.0196699713 124377.1212595222
140449.5369989138 124216.7534586111
141088.5023410287 124216.7534586111
140769.0196699713 124056.3856577000
141407.9850120862 124056.3856577000
141088.5023410287 123896.0178567889
141248.2436765575 123896.0178567889
141567.7263476150 123735.6500558778
142366.4330252586 123575.2822549667
141567.7263476150 123414.9144540556
142685.9156963161 122773.4432504111
142366.4330252586 122933.8110513222
142046.9503542012 123094.1788522333
141567.7263476150 123896.0178567889

140609.2783344425 125339.3280649889
139810.5716567989 125178.9602640778
140928.7610055000 124858.2246622556
140130.0543278563 124697.8568613444
140928.7610055000 124537.4890604333
140130.0543278563 124377.1212595222
140609.2783344425 124377.1212595222
140769.0196699713 124377.1212595222
140449.5369989138 124216.7534586111
141088.5023410287 124216.7534586111
141248.2436765575 124216.7534586111
140769.0196699713 124056.3856577000
141088.5023410287 124056.3856577000
141248.2436765575 124056.3856577000
141088.5023410287 123896.0178567889
141407.9850120862 123896.0178567889
141407.9850120862 123735.6500558778
142366.4330252586 122933.8110513222
142046.9503542012 123094.1788522333
141567.7263476150 123414.9144540556
142366.4330252586 123575.2822549667

142206.6916897299 123094.1788522333
141887.2090186724 123254.5466531444
141567.7263476150 123414.9144540556
141567.7263476150 123575.2822549667
141407.9850120862 123735.6500558778
141407.9850120862 123896.0178567889
141088.5023410287 123896.0178567889
141248.2436765575 124056.3856577000
141088.5023410287 124056.3856577000
140769.0196699713 124056.3856577000
141248.2436765575 124216.7534586111
141088.5023410287 124216.7534586111
140449.5369989138 124216.7534586111
140769.0196699713 124377.1212595222
140609.2783344425 124377.1212595222
140130.0543278563 124377.1212595222
140928.7610055000 124537.4890604333
140130.0543278563 124697.8568613444
140928.7610055000 124858.2246622556
139810.5716567989 125178.9602640778
140609.2783344425 125339.3280649889

140130.0543278563 125660.0636668111
140609.2783344425 125339.3280649889
139810.5716567989 125178.9602640778
140609.2783344425 125018.5924631667
141248.2436765575 125018.5924631667
140130.0543278563 124697.8568613444
140130.0543278563 124377.1212595222
140769.0196699713 124377.1212595222
140449.5369989138 124216.7534586111
142685.9156963161 122773.4432504111
142366.4330252586 122933.8110513222
142046.9503542012 123094.1788522333
141567.7263476150 123414.9144540556
142366.4330252586 123575.2822549667
141567.7263476150 123735.6500558778
141248.2436765575 123896.0178567889
141088.5023410287 123896.0178567889
142046.9503542012 124056.3856577000
140769.0196699713 124056.3856577000
141248.2436765575 124216.7534586111
141088.5023410287 124216.7534586111

140130.0543278563 125660.0636668111
140609.2783344425 125339.3280649889
139810.5716567989 125178.9602640778
140928.7610055000 124858.2246622556
140130.0543278563 124697.8568613444
142206.6916897299 122933.8110513222
141887.2090186724 123254.5466531444
141567.7263476150 123414.9144540556
141567.7263476150 123575.2822549667
141407.9850120862 123735.6500558778
141407.9850120862 123896.0178567889
141088.5023410287 123896.0178567889
141248.2436765575 124056.3856577000
141088.5023410287 124056.3856577000
140769.0196699713 124056.3856577000
141248.2436765575 124216.7534586111
141088.5023410287 124216.7534586111
140449.5369989138 124216.7534586111
140769.0196699713 124377.1212595222
140609.2783344425 124377.1212595222
140130.0543278563 124377.1212595222

139970.3129923276 125980.7992686333
139810.5716567989 125499.6958659000
139491.0889857414 125018.5924631667
140130.0543278563 125018.5924631667
140130.0543278563 124697.8568613444
140449.5369989138 124537.4890604333
140130.0543278563 124377.1212595222
140769.0196699713 124377.1212595222
140449.5369989138 124216.7534586111
141088.5023410287 124216.7534586111
140769.0196699713 124056.3856577000
141407.9850120862 124056.3856577000
142685.9156963161 122773.4432504111
142366.4330252586 122933.8110513222
142046.9503542012 123094.1788522333
141567.7263476150 123414.9144540556
142366.4330252586 123575.2822549667
141567.7263476150 123735.6500558778
141248.2436765575 123896.0178567889
141088.5023410287 123896.0178567889
140609.2783344425 124377.1212595222

141567.7263476150 123414.9144540556
141567.7263476150 123575.2822549667
141407.9850120862 123575.2822549667
141567.7263476150 123735.6500558778
141407.9850120862 123735.6500558778
141248.2436765575 123735.6500558778
141088.5023410287 123735.6500558778
141088.5023410287 123896.0178567889
141407.9850120862 124056.3856577000
141248.2436765575 124056.3856577000
141088.5023410287 124056.3856577000
140928.7610055000 124056.3856577000
140769.0196699713 124056.3856577000
140609.2783344425 124056.3856577000
141088.5023410287 124216.7534586111
140609.2783344425 124216.7534586111
140449.5369989138 124216.7534586111
140928.7610055000 124377.1212595222
140449.5369989138 124537.4890604333
140130.0543278563 124537.4890604333
140928.7610055000 124697.8568613444

140130.0543278563 125660.0636668111
140609.2783344425 125339.3280649889
139810.5716567989 125178.9602640778
140928.7610055000 124858.2246622556
140130.0543278563 124697.8568613444
140928.7610055000 124537.4890604333
140130.0543278563 124377.1212595222
141248.2436765575 124377.1212595222
140449.5369989138 124216.7534586111
141088.5023410287 124216.7534586111
142685.9156963161 122773.4432504111
142366.4330252586 122933.8110513222
142046.9503542012 123094.1788522333
141567.7263476150 123414.9144540556
142366.4330252586 123575.2822549667
141567.7263476150 123735.6500558778
141248.2436765575 123896.0178567889
141088.5023410287 123896.0178567889
142046.9503542012 124056.3856577000
141407.9850120862 124056.3856577000
140769.0196699713 124056.3856577000

142206.6916897299 123094.1788522333
141887.2090186724 123254.5466531444
141567.7263476150 123414.9144540556
141567.7263476150 123575.2822549667
141248.2436765575 123735.6500558778
141088.5023410287 123735.6500558778
141407.9850120862 123896.0178567889
141088.5023410287 123896.0178567889
141407.9850120862 124056.3856577000
141248.2436765575 124056.3856577000
141088.5023410287 124056.3856577000
140769.0196699713 124056.3856577000
140769.0196699713 124377.1212595222
141088.5023410287 124216.7534586111
140449.5369989138 124216.7534586111
141248.2436765575 124377.1212595222
140609.2783344425 124377.1212595222
140130.0543278563 124377.1212595222
141088.5023410287 124537.4890604333
140449.5369989138 124537.4890604333
140130.0543278563 124697.8568613444

139970.3129923276 125980.7992686333
139810.5716567989 125499.6958659000
139491.0889857414 125018.5924631667
140130.0543278563 125018.5924631667
143005.3983673736 122613.0754495000
142685.9156963161 122773.4432504111
142366.4330252586 122933.8110513222
142046.9503542012 123094.1788522333
141567.7263476150 123414.9144540556
142366.4330252586 123575.2822549667
141567.7263476150 123735.6500558778
141248.2436765575 123896.0178567889
141088.5023410287 123896.0178567889
141407.9850120862 124056.3856577000
140769.0196699713 124056.3856577000
141088.5023410287 124216.7534586111
140449.5369989138 124216.7534586111
140769.0196699713 124377.1212595222
140130.0543278563 124377.1212595222
140130.0543278563 124697.8568613444
141248.2436765575 125018.5924631667

139970.3129923276 125980.7992686333
139810.5716567989 125499.6958659000
139491.0889857414 125018.5924631667
140130.0543278563 125018.5924631667
140130.0543278563 124697.8568613444
140449.5369989138 124537.4890604333
140130.0543278563 124377.1212595222
140769.0196699713 124377.1212595222
143005.3983673736 122613.0754495000
142685.9156963161 122773.4432504111
142366.4330252586 122933.8110513222
142046.9503542012 123094.1788522333
141567.7263476150 123414.9144540556
142366.4330252586 123575.2822549667
141567.7263476150 123735.6500558778
141248.2436765575 123896.0178567889
141088.5023410287 123896.0178567889
140769.0196699713 124056.3856577000
141248.2436765575 124216.7534586111
141088.5023410287 124216.7534586111
140449.5369989138 124216.7534586111

140130.0543278563 125660.0636668111
140609.2783344425 125339.3280649889
139810.5716567989 125178.9602640778
140130.0543278563 124697.8568613444
140928.7610055000 124537.4890604333
140130.0543278563 124377.1212595222
140609.2783344425 124377.1212595222
140769.0196699713 124377.1212595222
140449.5369989138 124216.7534586111
141088.5023410287 124216.7534586111
141248.2436765575 124216.7534586111
140769.0196699713 124056.3856577000
141088.5023410287 124056.3856577000
141248.2436765575 124056.3856577000
141088.5023410287 123896.0178567889
141407.9850120862 123896.0178567889
141407.9850120862 123735.6500558778
142366.4330252586 122933.8110513222
142046.9503542012 123094.1788522333
141567.7263476150 123414.9144540556
142366.4330252586 123575.2822549667

140609.2783344425 125339.3280649889
139810.5716567989 125178.9602640778
140130.0543278563 124697.8568613444
140449.5369989138 124537.4890604333
140928.7610055000 124537.4890604333
140130.0543278563 124377.1212595222
140609.2783344425 124377.1212595222
140769.0196699713 124377.1212595222
142685.9156963161 122773.4432504111
142366.4330252586 122933.8110513222
142046.9503542012 123094.1788522333
141567.7263476150 123414.9144540556
142366.4330252586 123575.2822549667
141567.7263476150 123735.6500558778
141567.7263476150 123896.0178567889
141248.2436765575 123896.0178567889
141088.5023410287 123896.0178567889
141407.9850120862 124056.3856577000
140769.0196699713 124056.3856577000
141088.5023410287 124216.7534586111
140449.5369989138 124216.7534586111

140130.0543278563 125660.0636668111
140609.2783344425 125339.3280649889
139810.5716567989 125178.9602640778
140130.0543278563 124697.8568613444
140928.7610055000 124537.4890604333
142366.4330252586 122933.8110513222
142046.9503542012 123094.1788522333
141567.7263476150 123414.9144540556
142366.4330252586 123575.2822549667
141567.7263476150 123735.6500558778
141248.2436765575 123896.0178567889
141088.5023410287 123896.0178567889
141407.9850120862 124056.3856577000
141248.2436765575 124056.3856577000
140769.0196699713 124056.3856577000
141407.9850120862 124216.7534586111
141088.5023410287 124216.7534586111
140928.7610055000 124216.7534586111
140449.5369989138 124216.7534586111
141248.2436765575 124377.1212595222
140130.0543278563 124377.1212595222

143165.1397029023 122292.3398476778
143005.3983673736 122613.0754495000
142685.9156963161 122773.4432504111
142366.4330252586 122933.8110513222
142046.9503542012 123094.1788522333
141567.7263476150 123414.9144540556
142366.4330252586 123575.2822549667
141567.7263476150 123735.6500558778
141248.2436765575 123896.0178567889
140769.0196699713 124056.3856577000
140449.5369989138 124216.7534586111
141407.9850120862 124377.1212595222
140130.0543278563 124377.1212595222
141248.2436765575 124697.8568613444
119842.9047157069 142819.4183643000
140609.2783344425 125018.5924631667
139491.0889857414 125018.5924631667
140289.7956633850 125178.9602640778
139810.5716567989 125499.6958659000
139171.6063146839 125820.4314677222
139970.3129923276 125980.7992686333

139650.8303212701 126141.1670695444
143165.1397029023 122292.3398476778
143005.3983673736 122613.0754495000
142685.9156963161 122773.4432504111
142366.4330252586 122933.8110513222
142046.9503542012 123094.1788522333
141567.7263476150 123414.9144540556
142366.4330252586 123575.2822549667
141567.7263476150 123735.6500558778
141088.5023410287 123896.0178567889
140769.0196699713 124056.3856577000
141088.5023410287 124216.7534586111
140449.5369989138 124216.7534586111
140769.0196699713 124377.1212595222
140130.0543278563 124377.1212595222
141248.2436765575 125018.5924631667
140609.2783344425 125018.5924631667
139810.5716567989 125178.9602640778
140609.2783344425 125339.3280649889
139810.5716567989 125499.6958659000
139650.8303212701 125820.4314677222

139810.5716567989 124858.2246622556
142366.4330252586 122933.8110513222
142046.9503542012 123094.1788522333
141567.7263476150 123414.9144540556
142366.4330252586 123575.2822549667
141567.7263476150 123735.6500558778
141248.2436765575 123896.0178567889
141088.5023410287 123896.0178567889
141407.9850120862 124056.3856577000
141248.2436765575 124056.3856577000
140769.0196699713 124056.3856577000
141407.9850120862 124216.7534586111
141088.5023410287 124216.7534586111
140928.7610055000 124216.7534586111
140449.5369989138 124216.7534586111
141248.2436765575 124377.1212595222
140130.0543278563 124377.1212595222
140928.7610055000 124537.4890604333
140130.0543278563 124697.8568613444
140928.7610055000 124858.2246622556
139810.5716567989 125178.9602640778

140130.0543278563 124858.2246622556
140130.0543278563 124537.4890604333
140449.5369989138 124377.1212595222
140928.7610055000 124377.1212595222
142206.6916897299 123094.1788522333
141887.2090186724 123414.9144540556
141567.7263476150 123575.2822549667
141407.9850120862 123575.2822549667
141567.7263476150 123735.6500558778
141407.9850120862 123735.6500558778
141088.5023410287 123735.6500558778
140928.7610055000 125018.5924631667
141088.5023410287 123896.0178567889
141248.2436765575 124056.3856577000
141088.5023410287 124056.3856577000
140928.7610055000 124056.3856577000
140769.0196699713 124056.3856577000
140609.2783344425 124056.3856577000
141088.5023410287 124216.7534586111
140769.0196699713 124216.7534586111
140769.0196699713 124537.4890604333

139970.3129923276 125980.7992686333
139810.5716567989 125499.6958659000
140289.7956633850 125178.9602640778
139491.0889857414 125018.5924631667
141248.2436765575 125018.5924631667
140130.0543278563 124697.8568613444
143005.3983673736 122613.0754495000
142685.9156963161 122773.4432504111
142366.4330252586 122933.8110513222
142046.9503542012 123094.1788522333
141567.7263476150 123414.9144540556
142366.4330252586 123575.2822549667
141567.7263476150 123735.6500558778
141248.2436765575 123896.0178567889
141088.5023410287 123896.0178567889
140769.0196699713 124056.3856577000
140928.7610055000 125178.9602640778
141088.5023410287 124216.7534586111
140449.5369989138 124216.7534586111
140769.0196699713 124377.1212595222
140130.0543278563 124377.1212595222

139970.3129923276 125980.7992686333
139810.5716567989 125499.6958659000
140289.7956633850 125178.9602640778
139491.0889857414 125018.5924631667
141248.2436765575 125018.5924631667
140130.0543278563 124697.8568613444
141248.2436765575 124697.8568613444
140130.0543278563 124377.1212595222
142685.9156963161 122773.4432504111
142366.4330252586 122933.8110513222
142046.9503542012 123094.1788522333
141567.7263476150 123414.9144540556
142366.4330252586 123575.2822549667
141567.7263476150 123735.6500558778
141248.2436765575 123896.0178567889
141088.5023410287 123896.0178567889
141248.2436765575 124056.3856577000
140769.0196699713 124056.3856577000
141248.2436765575 124216.7534586111
141088.5023410287 124216.7534586111
140449.5369989138 124216.7534586111

142206.6916897299 123094.1788522333
141887.2090186724 123414.9144540556
141567.7263476150 123575.2822549667
141407.9850120862 123575.2822549667
141567.7263476150 123735.6500558778
141407.9850120862 123735.6500558778
141088.5023410287 123735.6500558778
141567.7263476150 123896.0178567889
141088.5023410287 123896.0178567889
141248.2436765575 124056.3856577000
141088.5023410287 124056.3856577000
140928.7610055000 124056.3856577000
140769.0196699713 124056.3856577000
140609.2783344425 124056.3856577000
141088.5023410287 124216.7534586111
140928.7610055000 124216.7534586111
140928.7610055000 124377.1212595222
140449.5369989138 124377.1212595222
140769.0196699713 124537.4890604333
140130.0543278563 124537.4890604333
139970.3129923276 124537.4890604333

139970.3129923276 125980.7992686333
139171.6063146839 125820.4314677222
139810.5716567989 125499.6958659000
140289.7956633850 125178.9602640778
139491.0889857414 125018.5924631667
143165.1397029023 122292.3398476778
143005.3983673736 122613.0754495000
142685.9156963161 122773.4432504111
142366.4330252586 122933.8110513222
142046.9503542012 123094.1788522333
141567.7263476150 123414.9144540556
142366.4330252586 123575.2822549667
141567.7263476150 123735.6500558778
141248.2436765575 123896.0178567889
140769.0196699713 124056.3856577000
140449.5369989138 124216.7534586111
141407.9850120862 124377.1212595222
140130.0543278563 124377.1212595222
141248.2436765575 124697.8568613444
141248.2436765575 125018.5924631667
140609.2783344425 125018.5924631667

140609.2783344425 125339.3280649889
139491.0889857414 125018.5924631667
140928.7610055000 124858.2246622556
140130.0543278563 124697.8568613444
140928.7610055000 124537.4890604333
140130.0543278563 124377.1212595222
141248.2436765575 124377.1212595222
140449.5369989138 124216.7534586111
142685.9156963161 122773.4432504111
142366.4330252586 122933.8110513222
142046.9503542012 123094.1788522333
141567.7263476150 123414.9144540556
142366.4330252586 123575.2822549667
141567.7263476150 123735.6500558778
141248.2436765575 123896.0178567889
141088.5023410287 123896.0178567889
141248.2436765575 124056.3856577000
140769.0196699713 124056.3856577000
141248.2436765575 124216.7534586111
141088.5023410287 124216.7534586111
140769.0196699713 124377.1212595222

140130.0543278563 125660.0636668111
140609.2783344425 125339.3280649889
139810.5716567989 125178.9602640778
140928.7610055000 124858.2246622556
140130.0543278563 124697.8568613444
140928.7610055000 124537.4890604333
140130.0543278563 124377.1212595222
141248.2436765575 124377.1212595222
140449.5369989138 124216.7534586111
140928.7610055000 125178.9602640778
142366.4330252586 122933.8110513222
142046.9503542012 123094.1788522333
141567.7263476150 123414.9144540556
142366.4330252586 123575.2822549667
141567.7263476150 123735.6500558778
141567.7263476150 123896.0178567889
141248.2436765575 123896.0178567889
141088.5023410287 123896.0178567889
141407.9850120862 124056.3856577000
140769.0196699713 124056.3856577000
141088.5023410287 124216.7534586111

140130.0543278563 124697.8568613444
140449.5369989138 124537.4890604333
142206.6916897299 122933.8110513222
141887.2090186724 123254.5466531444
141567.7263476150 123414.9144540556
141567.7263476150 123575.2822549667
141407.9850120862 123735.6500558778
141407.9850120862 123896.0178567889
141088.5023410287 123896.0178567889
141248.2436765575 124056.3856577000
141088.5023410287 124056.3856577000
140769.0196699713 124056.3856577000
141248.2436765575 124216.7534586111
141088.5023410287 124216.7534586111
140449.5369989138 124216.7534586111
140769.0196699713 124377.1212595222
140609.2783344425 124377.1212595222
140130.0543278563 124377.1212595222
140928.7610055000 124537.4890604333
139810.5716567989 125178.9602640778
140609.2783344425 125339.3280649889

140609.2783344425 125339.3280649889
139810.5716567989 125178.9602640778
140609.2783344425 125018.5924631667
140928.7610055000 124858.2246622556
140130.0543278563 124697.8568613444
140928.7610055000 124537.4890604333
140130.0543278563 124377.1212595222
140769.0196699713 124377.1212595222
140449.5369989138 124216.7534586111
141088.5023410287 124216.7534586111
141248.2436765575 124216.7534586111
140769.0196699713 124056.3856577000
142685.9156963161 122773.4432504111
142366.4330252586 122933.8110513222
142046.9503542012 123094.1788522333
141567.7263476150 123414.9144540556
142366.4330252586 123575.2822549667
141567.7263476150 123735.6500558778
141248.2436765575 123896.0178567889
141088.5023410287 123896.0178567889
141248.2436765575 124056.3856577000

140609.2783344425 125339.3280649889
143005.3983673736 122613.0754495000
142685.9156963161 122773.4432504111
142366.4330252586 122933.8110513222
142046.9503542012 123094.1788522333
141567.7263476150 123414.9144540556
142366.4330252586 123575.2822549667
141567.7263476150 123735.6500558778
141248.2436765575 123896.0178567889
141407.9850120862 124056.3856577000
140769.0196699713 124056.3856577000
141088.5023410287 124216.7534586111
140449.5369989138 124216.7534586111
140130.0543278563 124377.1212595222
141248.2436765575 124697.8568613444
140130.0543278563 124697.8568613444
139810.5716567989 124858.2246622556
141248.2436765575 125018.5924631667
139491.0889857414 125018.5924631667
139810.5716567989 125499.6958659000
139970.3129923276 125980.7992686333

142206.6916897299 122933.8110513222
141887.2090186724 123254.5466531444
141567.7263476150 123414.9144540556
141567.7263476150 123575.2822549667
141407.9850120862 123735.6500558778
141407.9850120862 123896.0178567889
141088.5023410287 123896.0178567889
141248.2436765575 124056.3856577000
141088.5023410287 124056.3856577000
140769.0196699713 124056.3856577000
141248.2436765575 124216.7534586111
141088.5023410287 124216.7534586111
140449.5369989138 124216.7534586111
140769.0196699713 124377.1212595222
140609.2783344425 124377.1212595222
140130.0543278563 124377.1212595222
141727.4676831437 123735.6500558778
140609.2783344425 124537.4890604333
140449.5369989138 124537.4890604333
140130.0543278563 124697.8568613444
139810.5716567989 124858.2246622556

142206.6916897299 123094.1788522333
141887.2090186724 123254.5466531444
141567.7263476150 123414.9144540556
141567.7263476150 123575.2822549667
141407.9850120862 123735.6500558778
141567.7263476150 123896.0178567889
141088.5023410287 123896.0178567889
141407.9850120862 124056.3856577000
141248.2436765575 124056.3856577000
140769.0196699713 124056.3856577000
141248.2436765575 124216.7534586111
141088.5023410287 124216.7534586111
140449.5369989138 124216.7534586111
140769.0196699713 124377.1212595222
140130.0543278563 124377.1212595222
140928.7610055000 124537.4890604333
140130.0543278563 124697.8568613444
140928.7610055000 124858.2246622556
140609.2783344425 125018.5924631667
139810.5716567989 125178.9602640778
140609.2783344425 125339.3280649889

140130.0543278563 124697.8568613444
140769.0196699713 124697.8568613444
140449.5369989138 124537.4890604333
141088.5023410287 124537.4890604333
140130.0543278563 124377.1212595222
140609.2783344425 124377.1212595222
141248.2436765575 124377.1212595222
140449.5369989138 124216.7534586111
141088.5023410287 124216.7534586111
141248.2436765575 124216.7534586111
140769.0196699713 124056.3856577000
141088.5023410287 124056.3856577000
141248.2436765575 124056.3856577000
141407.9850120862 124056.3856577000
141088.5023410287 123896.0178567889
142206.6916897299 122933.8110513222
141887.2090186724 123254.5466531444
141567.7263476150 123414.9144540556
141567.7263476150 123575.2822549667
141407.9850120862 123735.6500558778
141407.9850120862 123896.0178567889

140130.0543278563 125660.0636668111
140609.2783344425 125339.3280649889
139810.5716567989 125178.9602640778
140928.7610055000 124858.2246622556
140130.0543278563 124697.8568613444
140928.7610055000 124537.4890604333
140130.0543278563 124377.1212595222
140609.2783344425 124377.1212595222
140769.0196699713 124377.1212595222
140449.5369989138 124216.7534586111
141088.5023410287 124216.7534586111
140769.0196699713 124056.3856577000
141248.2436765575 124056.3856577000
142685.9156963161 122773.4432504111
142366.4330252586 122933.8110513222
142046.9503542012 123094.1788522333
141567.7263476150 123414.9144540556
142366.4330252586 123575.2822549667
141567.7263476150 123735.6500558778
141248.2436765575 123896.0178567889
141088.5023410287 123896.0178567889

142206.6916897299 122933.8110513222
141887.2090186724 123254.5466531444
141567.7263476150 123414.9144540556
141567.7263476150 123575.2822549667
141407.9850120862 123735.6500558778
141407.9850120862 123896.0178567889
141088.5023410287 123896.0178567889
141248.2436765575 124056.3856577000
141088.5023410287 124056.3856577000
140769.0196699713 124056.3856577000
141248.2436765575 124216.7534586111
140769.0196699713 124216.7534586111
140449.5369989138 124216.7534586111
140769.0196699713 124377.1212595222
140609.2783344425 124377.1212595222
140130.0543278563 124377.1212595222
140928.7610055000 124537.4890604333
140130.0543278563 124697.8568613444
140928.7610055000 124858.2246622556
139810.5716567989 125178.9602640778
140609.2783344425 125339.3280649889

140130.0543278563 125660.0636668111
140609.2783344425 125339.3280649889
139810.5716567989 125178.9602640778
140609.2783344425 125018.5924631667
141248.2436765575 125018.5924631667
140130.0543278563 124697.8568613444
140130.0543278563 124377.1212595222
140769.0196699713 124377.1212595222
140449.5369989138 124216.7534586111
141088.5023410287 124216.7534586111
141248.2436765575 124216.7534586111
142366.4330252586 122933.8110513222
142046.9503542012 123094.1788522333
141567.7263476150 123414.9144540556
142366.4330252586 123575.2822549667
141567.7263476150 123735.6500558778
141248.2436765575 123896.0178567889
141088.5023410287 123896.0178567889
141407.9850120862 124056.3856577000
141248.2436765575 124056.3856577000
140769.0196699713 124056.3856577000

139810.5716567989 124858.2246622556
140130.0543278563 124697.8568613444
140449.5369989138 124537.4890604333
140609.2783344425 124537.4890604333
140928.7610055000 124537.4890604333
140130.0543278563 124377.1212595222
142206.6916897299 122933.8110513222
141887.2090186724 123254.5466531444
141567.7263476150 123414.9144540556
141567.7263476150 123575.2822549667
141248.2436765575 123735.6500558778
141088.5023410287 123735.6500558778
141407.9850120862 123896.0178567889
141088.5023410287 123896.0178567889
141407.9850120862 124056.3856577000
141248.2436765575 124056.3856577000
141088.5023410287 124056.3856577000
140769.0196699713 124056.3856577000
141248.2436765575 124216.7534586111
141088.5023410287 124216.7534586111
140449.5369989138 124216.7534586111

139970.3129923276 125980.7992686333
139810.5716567989 125499.6958659000
140289.7956633850 125178.9602640778
139491.0889857414 125018.5924631667
140609.2783344425 125018.5924631667
141248.2436765575 125018.5924631667
141248.2436765575 124697.8568613444
140130.0543278563 124377.1212595222
141407.9850120862 124377.1212595222
140449.5369989138 124216.7534586111
143005.3983673736 122613.0754495000
142685.9156963161 122773.4432504111
142366.4330252586 122933.8110513222
142046.9503542012 123094.1788522333
141567.7263476150 123414.9144540556
142366.4330252586 123575.2822549667
141567.7263476150 123735.6500558778
141248.2436765575 123896.0178567889
141088.5023410287 123896.0178567889
140769.0196699713 124056.3856577000
141088.5023410287 124216.7534586111

142206.6916897299 123094.1788522333
141887.2090186724 123414.9144540556
141567.7263476150 123575.2822549667
141407.9850120862 123575.2822549667
141567.7263476150 123735.6500558778
141407.9850120862 123735.6500558778
141088.5023410287 123735.6500558778
141567.7263476150 123896.0178567889
141088.5023410287 123896.0178567889
141248.2436765575 124056.3856577000
141088.5023410287 124056.3856577000
140928.7610055000 124056.3856577000
140769.0196699713 124056.3856577000
140609.2783344425 124056.3856577000
141088.5023410287 124216.7534586111
140769.0196699713 124216.7534586111
140928.7610055000 124377.1212595222
140449.5369989138 124377.1212595222
140769.0196699713 124537.4890604333
140130.0543278563 124537.4890604333
139970.3129923276 124537.4890604333

140609.2783344425 125339.3280649889
139810.5716567989 125178.9602640778
140130.0543278563 124697.8568613444
140928.7610055000 124537.4890604333
140130.0543278563 124377.1212595222
140609.2783344425 124377.1212595222
140769.0196699713 124377.1212595222
140449.5369989138 124216.7534586111
141088.5023410287 124216.7534586111
141248.2436765575 124216.7534586111
140769.0196699713 124056.3856577000
141248.2436765575 124056.3856577000
141407.9850120862 124056.3856577000
141088.5023410287 123896.0178567889
141248.2436765575 123896.0178567889
142685.9156963161 122773.4432504111
142366.4330252586 122933.8110513222
142046.9503542012 123094.1788522333
141567.7263476150 123414.9144540556
142366.4330252586 123575.2822549667
141567.7263476150 123735.6500558778

139810.5716567989 125499.6958659000
140609.2783344425 125339.3280649889
139491.0889857414 125018.5924631667
142685.9156963161 122773.4432504111
142366.4330252586 122933.8110513222
142046.9503542012 123094.1788522333
141567.7263476150 123414.9144540556
142366.4330252586 123575.2822549667
141567.7263476150 123735.6500558778
141727.4676831437 123896.0178567889
141248.2436765575 123896.0178567889
141088.5023410287 123896.0178567889
141407.9850120862 124056.3856577000
140769.0196699713 124056.3856577000
141088.5023410287 124216.7534586111
140449.5369989138 124216.7534586111
141248.2436765575 124377.1212595222
140130.0543278563 124377.1212595222
140928.7610055000 124537.4890604333
140130.0543278563 124697.8568613444
140928.7610055000 124858.2246622556

139650.8303212701 126141.1670695444
139970.3129923276 125980.7992686333
143005.3983673736 122613.0754495000
142685.9156963161 122773.4432504111
142366.4330252586 122933.8110513222
142046.9503542012 123094.1788522333
141567.7263476150 123414.9144540556
142366.4330252586 123575.2822549667
141567.7263476150 123735.6500558778
142366.4330252586 123896.0178567889
141088.5023410287 123896.0178567889
140769.0196699713 124056.3856577000
140449.5369989138 124216.7534586111
141407.9850120862 124377.1212595222
140130.0543278563 124377.1212595222
141248.2436765575 124697.8568613444
141248.2436765575 125018.5924631667
140609.2783344425 125018.5924631667
139491.0889857414 125018.5924631667
140289.7956633850 125178.9602640778
139810.5716567989 125499.6958659000

119523.4220446494 143140.1539661222
143165.1397029023 122292.3398476778
143005.3983673736 122613.0754495000
142685.9156963161 122773.4432504111
142366.4330252586 122933.8110513222
142046.9503542012 123094.1788522333
141567.7263476150 123414.9144540556
142366.4330252586 123575.2822549667
141567.7263476150 123735.6500558778
141407.9850120862 124056.3856577000
140769.0196699713 124056.3856577000
141088.5023410287 124216.7534586111
140449.5369989138 124216.7534586111
140130.0543278563 124377.1212595222
141248.2436765575 124697.8568613444
140130.0543278563 124697.8568613444
139491.0889857414 125018.5924631667
140289.7956633850 125178.9602640778
139810.5716567989 125499.6958659000
139970.3129923276 125980.7992686333
139650.8303212701 126141.1670695444

142206.6916897299 122933.8110513222
141887.2090186724 123254.5466531444
141567.7263476150 123414.9144540556
141567.7263476150 123575.2822549667
141248.2436765575 123735.6500558778
141088.5023410287 123735.6500558778
141407.9850120862 123896.0178567889
141088.5023410287 123896.0178567889
141407.9850120862 124056.3856577000
141248.2436765575 124056.3856577000
141088.5023410287 124056.3856577000
140769.0196699713 124056.3856577000
141248.2436765575 124216.7534586111
141088.5023410287 124216.7534586111
140449.5369989138 124216.7534586111
140609.2783344425 124377.1212595222
140130.0543278563 124377.1212595222
141407.9850120862 124216.7534586111
140449.5369989138 124537.4890604333
140130.0543278563 124697.8568613444
140609.2783344425 125339.3280649889

140130.0543278563 124858.2246622556
140130.0543278563 124537.4890604333
140449.5369989138 124377.1212595222
140928.7610055000 124377.1212595222
142206.6916897299 123094.1788522333
141887.2090186724 123414.9144540556
141567.7263476150 123575.2822549667
141407.9850120862 123575.2822549667
141567.7263476150 123735.6500558778
141407.9850120862 123735.6500558778
141088.5023410287 123735.6500558778
139650.8303212701 125018.5924631667
141088.5023410287 123896.0178567889
141248.2436765575 124056.3856577000
141088.5023410287 124056.3856577000
140928.7610055000 124056.3856577000
140769.0196699713 124056.3856577000
140609.2783344425 124056.3856577000
141088.5023410287 124216.7534586111
140769.0196699713 124216.7534586111
140769.0196699713 124537.4890604333

140130.0543278563 125660.0636668111
140609.2783344425 125339.3280649889
139810.5716567989 125178.9602640778
140130.0543278563 124697.8568613444
140928.7610055000 124537.4890604333
142685.9156963161 122773.4432504111
142366.4330252586 122933.8110513222
142046.9503542012 123094.1788522333
141567.7263476150 123414.9144540556
142366.4330252586 123575.2822549667
141567.7263476150 123735.6500558778
141248.2436765575 123896.0178567889
141088.5023410287 123896.0178567889
141248.2436765575 124056.3856577000
140769.0196699713 124056.3856577000
141248.2436765575 124216.7534586111
141088.5023410287 124216.7534586111
140449.5369989138 124216.7534586111
140769.0196699713 124377.1212595222
140130.0543278563 124377.1212595222
141248.2436765575 125018.5924631667

140130.0543278563 124697.8568613444
140449.5369989138 124537.4890604333
141088.5023410287 124537.4890604333
140130.0543278563 124377.1212595222
140609.2783344425 124377.1212595222
141248.2436765575 124377.1212595222
140449.5369989138 124216.7534586111
141088.5023410287 124216.7534586111
141248.2436765575 124216.7534586111
140769.0196699713 124056.3856577000
141088.5023410287 124056.3856577000
141248.2436765575 124056.3856577000
141407.9850120862 124056.3856577000
141088.5023410287 123896.0178567889
141407.9850120862 123896.0178567889
141088.5023410287 123735.6500558778
142206.6916897299 122933.8110513222
141887.2090186724 123254.5466531444
141567.7263476150 123414.9144540556
141567.7263476150 123575.2822549667
141407.9850120862 123735.6500558778

142366.4330252586 122933.8110513222
142046.9503542012 123094.1788522333
141567.7263476150 123414.9144540556
142366.4330252586 123575.2822549667
141567.7263476150 123735.6500558778
141567.7263476150 123896.0178567889
141248.2436765575 123896.0178567889
141088.5023410287 123896.0178567889
141407.9850120862 124056.3856577000
141248.2436765575 124056.3856577000
140769.0196699713 124056.3856577000
141088.5023410287 124216.7534586111
140449.5369989138 124216.7534586111
141248.2436765575 124377.1212595222
140130.0543278563 124377.1212595222
140928.7610055000 124537.4890604333
140130.0543278563 124697.8568613444
140928.7610055000 124858.2246622556
139810.5716567989 125178.9602640778
140609.2783344425 125339.3280649889
140130.0543278563 125660.0636668111

140130.0543278563 125660.0636668111
140609.2783344425 125339.3280649889
139810.5716567989 125178.9602640778
140130.0543278563 124697.8568613444
140928.7610055000 124537.4890604333
142685.9156963161 122773.4432504111
142366.4330252586 122933.8110513222
142046.9503542012 123094.1788522333
141567.7263476150 123414.9144540556
142366.4330252586 123575.2822549667
141567.7263476150 123735.6500558778
141248.2436765575 123896.0178567889
141088.5023410287 123896.0178567889
141248.2436765575 124056.3856577000
140769.0196699713 124056.3856577000
141248.2436765575 124216.7534586111
141088.5023410287 124216.7534586111
140449.5369989138 124216.7534586111
140769.0196699713 124377.1212595222
140130.0543278563 124377.1212595222
140928.7610055000 124858.2246622556

140609.2783344425 125339.3280649889
139491.0889857414 125018.5924631667
140609.2783344425 125018.5924631667
140928.7610055000 124858.2246622556
140130.0543278563 124697.8568613444
140130.0543278563 124377.1212595222
140609.2783344425 124377.1212595222
140769.0196699713 124377.1212595222
140449.5369989138 124216.7534586111
141088.5023410287 124216.7534586111
141248.2436765575 124216.7534586111
140769.0196699713 124056.3856577000
141088.5023410287 124056.3856577000
141248.2436765575 124056.3856577000
141088.5023410287 123896.0178567889
141407.9850120862 123896.0178567889
141407.9850120862 123735.6500558778
141567.7263476150 123575.2822549667
141567.7263476150 123414.9144540556
141887.2090186724 123254.5466531444
142206.6916897299 122933.8110513222

139970.3129923276 125980.7992686333
139171.6063146839 125820.4314677222
139810.5716567989 125499.6958659000
140289.7956633850 125178.9602640778
139491.0889857414 125018.5924631667
140609.2783344425 125018.5924631667
141248.2436765575 125018.5924631667
141248.2436765575 124697.8568613444
140130.0543278563 124377.1212595222
141407.9850120862 124377.1212595222
140449.5369989138 124216.7534586111
140769.0196699713 124056.3856577000
143005.3983673736 122613.0754495000
142685.9156963161 122773.4432504111
142366.4330252586 122933.8110513222
142046.9503542012 123094.1788522333
141567.7263476150 123414.9144540556
142366.4330252586 123575.2822549667
141567.7263476150 123735.6500558778
141248.2436765575 123896.0178567889
141088.5023410287 123896.0178567889

142206.6916897299 122933.8110513222
141887.2090186724 123254.5466531444
141567.7263476150 123414.9144540556
141567.7263476150 123575.2822549667
141407.9850120862 123735.6500558778
141407.9850120862 123896.0178567889
141088.5023410287 123896.0178567889
141407.9850120862 124056.3856577000
141248.2436765575 124056.3856577000
141088.5023410287 124056.3856577000
140769.0196699713 124056.3856577000
141248.2436765575 124216.7534586111
141088.5023410287 124216.7534586111
140449.5369989138 124216.7534586111
140769.0196699713 124377.1212595222
140609.2783344425 124377.1212595222
140130.0543278563 124377.1212595222
140928.7610055000 124537.4890604333
140130.0543278563 125178.9602640778
140449.5369989138 124537.4890604333
140130.0543278563 124697.8568613444

139970.3129923276 125980.7992686333
139810.5716567989 125499.6958659000
139491.0889857414 125018.5924631667
140130.0543278563 125018.5924631667
140130.0543278563 124697.8568613444
140449.5369989138 124537.4890604333
140130.0543278563 124377.1212595222
143005.3983673736 122613.0754495000
142685.9156963161 122773.4432504111
142366.4330252586 122933.8110513222
142046.9503542012 123094.1788522333
141567.7263476150 123414.9144540556
142366.4330252586 123575.2822549667
141567.7263476150 123735.6500558778
141248.2436765575 123896.0178567889
141088.5023410287 123896.0178567889
141407.9850120862 124056.3856577000
140769.0196699713 124056.3856577000
141088.5023410287 124216.7534586111
140449.5369989138 124216.7534586111
140769.0196699713 124377.1212595222

139970.3129923276 125980.7992686333
139810.5716567989 125499.6958659000
139491.0889857414 125018.5924631667
140130.0543278563 125018.5924631667
142685.9156963161 122773.4432504111
142366.4330252586 122933.8110513222
142046.9503542012 123094.1788522333
141567.7263476150 123414.9144540556
142366.4330252586 123575.2822549667
141567.7263476150 123735.6500558778
141248.2436765575 123896.0178567889
141088.5023410287 123896.0178567889
142046.9503542012 124056.3856577000
141407.9850120862 124056.3856577000
140769.0196699713 124056.3856577000
141088.5023410287 124216.7534586111
140449.5369989138 124216.7534586111
140130.0543278563 124377.1212595222
141248.2436765575 124697.8568613444
140130.0543278563 124697.8568613444
141248.2436765575 125018.5924631667

119523.4220446494 143140.1539661222
139810.5716567989 126301.5348704555
139970.3129923276 125980.7992686333
139810.5716567989 125499.6958659000
139491.0889857414 125018.5924631667
140609.2783344425 125018.5924631667
139810.5716567989 124858.2246622556
143165.1397029023 122292.3398476778
143005.3983673736 122613.0754495000
142685.9156963161 122773.4432504111
142366.4330252586 122933.8110513222
142046.9503542012 123094.1788522333
141567.7263476150 123414.9144540556
142366.4330252586 123575.2822549667
141567.7263476150 123735.6500558778
141248.2436765575 123896.0178567889
141088.5023410287 123896.0178567889
140769.0196699713 124056.3856577000
141088.5023410287 124216.7534586111
140449.5369989138 124216.7534586111
140130.0543278563 124377.1212595222

142366.4330252586 122933.8110513222
142046.9503542012 123094.1788522333
141567.7263476150 123414.9144540556
142366.4330252586 123575.2822549667
141567.7263476150 123735.6500558778
141248.2436765575 123896.0178567889
141088.5023410287 123896.0178567889
141407.9850120862 124056.3856577000
141248.2436765575 124056.3856577000
140769.0196699713 124056.3856577000
141407.9850120862 124216.7534586111
141088.5023410287 124216.7534586111
141088.5023410287 124537.4890604333
140449.5369989138 124216.7534586111
141248.2436765575 124377.1212595222
140130.0543278563 124377.1212595222
140928.7610055000 124537.4890604333
140130.0543278563 124697.8568613444
140928.7610055000 124858.2246622556
139810.5716567989 125178.9602640778
140609.2783344425 125339.3280649889

139970.3129923276 125980.7992686333
139810.5716567989 125499.6958659000
142685.9156963161 122773.4432504111
142366.4330252586 122933.8110513222
142046.9503542012 123094.1788522333
141567.7263476150 123414.9144540556
142366.4330252586 123575.2822549667
141567.7263476150 123735.6500558778
141248.2436765575 123896.0178567889
141088.5023410287 123896.0178567889
142046.9503542012 124056.3856577000
141407.9850120862 124377.1212595222
140769.0196699713 124056.3856577000
141088.5023410287 124216.7534586111
140449.5369989138 124216.7534586111
140769.0196699713 124377.1212595222
140130.0543278563 124377.1212595222
140449.5369989138 124537.4890604333
140130.0543278563 124697.8568613444
140130.0543278563 125018.5924631667
139491.0889857414 125018.5924631667

119523.4220446494 143140.1539661222
143165.1397029023 122292.3398476778
143005.3983673736 122613.0754495000
142685.9156963161 122773.4432504111
142366.4330252586 122933.8110513222
142046.9503542012 123094.1788522333
141567.7263476150 123414.9144540556
142366.4330252586 123575.2822549667
141567.7263476150 123735.6500558778
141088.5023410287 123896.0178567889
140769.0196699713 124056.3856577000
140928.7610055000 124216.7534586111
140449.5369989138 124216.7534586111
140130.0543278563 124377.1212595222
139810.5716567989 124858.2246622556
140609.2783344425 125018.5924631667
139491.0889857414 125018.5924631667
139810.5716567989 125499.6958659000
139970.3129923276 125980.7992686333
139810.5716567989 126301.5348704555
119203.9393735919 143300.5217670333

140130.0543278563 125660.0636668111
140609.2783344425 125339.3280649889
139810.5716567989 125178.9602640778
142685.9156963161 122773.4432504111
142366.4330252586 122933.8110513222
142046.9503542012 123094.1788522333
141567.7263476150 123414.9144540556
142366.4330252586 123575.2822549667
141567.7263476150 123735.6500558778
141248.2436765575 123896.0178567889
141088.5023410287 123896.0178567889
141248.2436765575 124056.3856577000
140769.0196699713 124056.3856577000
141248.2436765575 124216.7534586111
141088.5023410287 124216.7534586111
140449.5369989138 124216.7534586111
140769.0196699713 124377.1212595222
140130.0543278563 124377.1212595222
140130.0543278563 124697.8568613444
141248.2436765575 125018.5924631667
140609.2783344425 125018.5924631667

139650.8303212701 125820.4314677222
139810.5716567989 125499.6958659000
140609.2783344425 125339.3280649889
139810.5716567989 125178.9602640778
140130.0543278563 124697.8568613444
140130.0543278563 124377.1212595222
140769.0196699713 124377.1212595222
143165.1397029023 122292.3398476778
143005.3983673736 122613.0754495000
142685.9156963161 122773.4432504111
142366.4330252586 122933.8110513222
142046.9503542012 123094.1788522333
141567.7263476150 123414.9144540556
142366.4330252586 123575.2822549667
141567.7263476150 123735.6500558778
141248.2436765575 123896.0178567889
141088.5023410287 123896.0178567889
140769.0196699713 124056.3856577000
141088.5023410287 124216.7534586111
140449.5369989138 124216.7534586111
141248.2436765575 125018.5924631667

139810.5716567989 125178.9602640778
140928.7610055000 124858.2246622556
140130.0543278563 124697.8568613444
140928.7610055000 124537.4890604333
140130.0543278563 124377.1212595222
140609.2783344425 124377.1212595222
140769.0196699713 124377.1212595222
141248.2436765575 124377.1212595222
140449.5369989138 124216.7534586111
141088.5023410287 124216.7534586111
141248.2436765575 124216.7534586111
140769.0196699713 124056.3856577000
141088.5023410287 124056.3856577000
141248.2436765575 124056.3856577000
141088.5023410287 123896.0178567889
141407.9850120862 123896.0178567889
141407.9850120862 123735.6500558778
142206.6916897299 123094.1788522333
141887.2090186724 123254.5466531444
141567.7263476150 123414.9144540556
141567.7263476150 123575.2822549667

140130.0543278563 124697.8568613444
140449.5369989138 124537.4890604333
141088.5023410287 124537.4890604333
140130.0543278563 124377.1212595222
140609.2783344425 124377.1212595222
141248.2436765575 124377.1212595222
140449.5369989138 124216.7534586111
141088.5023410287 123735.6500558778
141088.5023410287 124216.7534586111
141248.2436765575 124216.7534586111
140769.0196699713 124056.3856577000
141088.5023410287 124056.3856577000
141248.2436765575 124056.3856577000
141407.9850120862 124056.3856577000
141088.5023410287 123896.0178567889
141407.9850120862 123896.0178567889
141248.2436765575 123735.6500558778
141567.7263476150 123575.2822549667
141567.7263476150 123414.9144540556
141887.2090186724 123254.5466531444
142206.6916897299 123094.1788522333

140609.2783344425 125339.3280649889
139491.0889857414 125018.5924631667
140609.2783344425 125018.5924631667
140928.7610055000 124858.2246622556
140130.0543278563 124697.8568613444
140928.7610055000 124537.4890604333
140130.0543278563 124377.1212595222
140769.0196699713 124377.1212595222
140449.5369989138 124216.7534586111
142206.6916897299 122933.8110513222
141887.2090186724 123254.5466531444
141567.7263476150 123414.9144540556
141567.7263476150 123575.2822549667
141407.9850120862 123735.6500558778
141407.9850120862 123896.0178567889
141088.5023410287 123896.0178567889
141248.2436765575 124056.3856577000
141088.5023410287 124056.3856577000
140769.0196699713 124056.3856577000
141248.2436765575 124216.7534586111
141088.5023410287 124216.7534586111

143005.3983673736 122613.0754495000
142685.9156963161 122773.4432504111
142366.4330252586 122933.8110513222
142046.9503542012 123094.1788522333
141567.7263476150 123414.9144540556
142366.4330252586 123575.2822549667
141567.7263476150 123735.6500558778
141248.2436765575 123896.0178567889
141407.9850120862 124056.3856577000
140769.0196699713 124056.3856577000
141088.5023410287 124216.7534586111
140449.5369989138 124216.7534586111
140130.0543278563 124377.1212595222
141248.2436765575 124697.8568613444
140130.0543278563 124697.8568613444
139810.5716567989 124858.2246622556
141248.2436765575 125018.5924631667
139491.0889857414 125018.5924631667
139810.5716567989 125499.6958659000
139970.3129923276 125980.7992686333
139650.8303212701 126141.1670695444

143005.3983673736 122613.0754495000
142685.9156963161 122773.4432504111
142366.4330252586 122933.8110513222
142046.9503542012 123094.1788522333
141567.7263476150 123414.9144540556
142366.4330252586 123575.2822549667
141567.7263476150 123735.6500558778
141567.7263476150 124056.3856577000
141088.5023410287 123896.0178567889
140769.0196699713 124056.3856577000
141248.2436765575 124216.7534586111
141088.5023410287 124216.7534586111
140449.5369989138 124216.7534586111
140769.0196699713 124377.1212595222
140130.0543278563 124377.1212595222
140130.0543278563 124697.8568613444
141248.2436765575 125018.5924631667
140609.2783344425 125018.5924631667
139810.5716567989 125178.9602640778
140609.2783344425 125339.3280649889
140130.0543278563 125660.0636668111

140609.2783344425 125339.3280649889
139810.5716567989 125178.9602640778
140130.0543278563 124697.8568613444
140928.7610055000 124537.4890604333
140130.0543278563 124377.1212595222
140609.2783344425 124377.1212595222
140769.0196699713 124377.1212595222
140449.5369989138 124216.7534586111
142206.6916897299 122933.8110513222
141887.2090186724 123254.5466531444
141567.7263476150 123414.9144540556
141567.7263476150 123575.2822549667
141407.9850120862 123735.6500558778
141407.9850120862 123896.0178567889
141088.5023410287 123896.0178567889
141248.2436765575 124056.3856577000
141088.5023410287 124056.3856577000
140769.0196699713 124056.3856577000
141248.2436765575 124216.7534586111
141088.5023410287 124216.7534586111
140609.2783344425 124537.4890604333

140130.0543278563 125660.0636668111
140609.2783344425 125339.3280649889
139810.5716567989 125178.9602640778
140928.7610055000 124858.2246622556
140130.0543278563 124697.8568613444
142366.4330252586 122933.8110513222
142046.9503542012 123094.1788522333
141567.7263476150 123414.9144540556
142366.4330252586 123575.2822549667
141567.7263476150 123735.6500558778
141248.2436765575 123896.0178567889
141088.5023410287 123896.0178567889
141407.9850120862 124056.3856577000
141248.2436765575 124056.3856577000
140769.0196699713 124056.3856577000
141248.2436765575 124216.7534586111
141088.5023410287 124216.7534586111
140449.5369989138 124216.7534586111
140769.0196699713 124377.1212595222
140130.0543278563 124377.1212595222
140928.7610055000 124537.4890604333

140130.0543278563 125660.0636668111
140609.2783344425 125339.3280649889
139810.5716567989 125178.9602640778
140609.2783344425 125018.5924631667
141248.2436765575 125018.5924631667
140130.0543278563 124697.8568613444
140130.0543278563 124377.1212595222
140769.0196699713 124377.1212595222
143005.3983673736 122613.0754495000
142685.9156963161 122773.4432504111
142366.4330252586 122933.8110513222
142046.9503542012 123094.1788522333
141567.7263476150 123414.9144540556
142366.4330252586 123575.2822549667
141567.7263476150 123735.6500558778
141248.2436765575 123896.0178567889
141088.5023410287 123896.0178567889
140769.0196699713 124056.3856577000
141248.2436765575 124216.7534586111
141088.5023410287 124216.7534586111
140449.5369989138 124216.7534586111

142206.6916897299 122933.8110513222
141887.2090186724 123254.5466531444
141567.7263476150 123414.9144540556
141567.7263476150 123575.2822549667
141407.9850120862 123735.6500558778
141407.9850120862 123896.0178567889
141088.5023410287 123896.0178567889
141248.2436765575 124056.3856577000
141088.5023410287 124056.3856577000
140769.0196699713 124056.3856577000
141248.2436765575 124216.7534586111
141088.5023410287 124216.7534586111
140449.5369989138 124216.7534586111
140769.0196699713 124377.1212595222
140609.2783344425 124377.1212595222
140130.0543278563 124377.1212595222
140928.7610055000 124537.4890604333
140609.2783344425 124537.4890604333
140449.5369989138 124537.4890604333
140130.0543278563 124697.8568613444
141407.9850120862 124056.3856577000

140130.0543278563 125660.0636668111
140609.2783344425 125339.3280649889
139810.5716567989 125178.9602640778
140928.7610055000 124858.2246622556
140130.0543278563 124697.8568613444
140928.7610055000 124537.4890604333
140130.0543278563 124377.1212595222
141248.2436765575 124377.1212595222
140449.5369989138 124216.7534586111
141407.9850120862 124216.7534586111
142366.4330252586 122933.8110513222
142046.9503542012 123094.1788522333
141567.7263476150 123414.9144540556
142366.4330252586 123575.2822549667
141567.7263476150 123735.6500558778
141567.7263476150 123896.0178567889
141248.2436765575 123896.0178567889
141088.5023410287 123896.0178567889
141407.9850120862 124056.3856577000
140769.0196699713 124056.3856577000
141088.5023410287 124216.7534586111

140609.2783344425 125339.3280649889
140130.0543278563 124697.8568613444
140449.5369989138 124537.4890604333
141088.5023410287 124537.4890604333
140130.0543278563 124377.1212595222
140609.2783344425 124377.1212595222
140449.5369989138 124216.7534586111
141088.5023410287 124216.7534586111
141248.2436765575 124216.7534586111
140769.0196699713 124056.3856577000
141088.5023410287 124056.3856577000
141248.2436765575 124056.3856577000
142206.6916897299 122933.8110513222
141887.2090186724 123254.5466531444
141567.7263476150 123414.9144540556
141567.7263476150 123575.2822549667
141407.9850120862 123735.6500558778
141407.9850120862 123896.0178567889
141088.5023410287 123896.0178567889
141407.9850120862 124056.3856577000
141248.2436765575 124377.1212595222

139650.8303212701 125820.4314677222
140130.0543278563 125660.0636668111
140609.2783344425 125339.3280649889
139810.5716567989 125178.9602640778
140928.7610055000 124858.2246622556
140130.0543278563 124697.8568613444
142685.9156963161 122773.4432504111
142366.4330252586 122933.8110513222
142046.9503542012 123094.1788522333
141567.7263476150 123414.9144540556
142366.4330252586 123575.2822549667
141567.7263476150 123735.6500558778
141248.2436765575 123896.0178567889
141088.5023410287 123896.0178567889
142046.9503542012 124056.3856577000
141407.9850120862 124056.3856577000
140769.0196699713 124056.3856577000
141088.5023410287 124216.7534586111
140449.5369989138 124216.7534586111
140769.0196699713 124377.1212595222
140130.0543278563 124377.1212595222

139970.3129923276 125980.7992686333
139810.5716567989 125499.6958659000
142685.9156963161 122773.4432504111
142366.4330252586 122933.8110513222
142046.9503542012 123094.1788522333
141567.7263476150 123414.9144540556
142366.4330252586 123575.2822549667
141567.7263476150 123735.6500558778
141248.2436765575 123896.0178567889
141088.5023410287 123896.0178567889
141248.2436765575 124056.3856577000
140769.0196699713 124056.3856577000
141248.2436765575 124216.7534586111
141088.5023410287 124216.7534586111
140449.5369989138 124216.7534586111
140769.0196699713 124377.1212595222
140130.0543278563 124377.1212595222
140130.0543278563 124697.8568613444
140928.7610055000 124858.2246622556
139810.5716567989 125178.9602640778
140609.2783344425 125339.3280649889

139650.8303212701 126141.1670695444
139970.3129923276 125980.7992686333
139810.5716567989 125499.6958659000
140609.2783344425 125339.3280649889
139491.0889857414 125018.5924631667
140609.2783344425 125018.5924631667
140130.0543278563 124377.1212595222
140769.0196699713 124377.1212595222
140449.5369989138 124216.7534586111
141088.5023410287 124216.7534586111
140769.0196699713 124056.3856577000
140289.7956633850 124537.4890604333
141248.2436765575 123896.0178567889
141567.7263476150 123735.6500558778
142366.4330252586 123575.2822549667
141567.7263476150 123414.9144540556
142046.9503542012 123094.1788522333
142366.4330252586 122933.8110513222
142685.9156963161 122773.4432504111
143005.3983673736 122613.0754495000
143165.1397029023 122292.3398476778

140130.0543278563 124858.2246622556
140130.0543278563 124537.4890604333
140769.0196699713 124537.4890604333
140449.5369989138 124377.1212595222
140928.7610055000 124377.1212595222
140769.0196699713 124216.7534586111
141088.5023410287 124216.7534586111
140609.2783344425 124056.3856577000
140769.0196699713 124056.3856577000
140928.7610055000 124056.3856577000
141088.5023410287 124056.3856577000
141248.2436765575 124056.3856577000
141088.5023410287 123896.0178567889
141567.7263476150 123414.9144540556
141567.7263476150 123575.2822549667
141407.9850120862 123575.2822549667
141567.7263476150 123735.6500558778
141407.9850120862 123735.6500558778
141088.5023410287 123735.6500558778
141407.9850120862 124056.3856577000
140449.5369989138 124216.7534586111

140130.0543278563 125660.0636668111
140609.2783344425 125339.3280649889
139810.5716567989 125178.9602640778
140609.2783344425 125018.5924631667
141248.2436765575 125018.5924631667
140130.0543278563 124697.8568613444
140130.0543278563 124377.1212595222
140769.0196699713 124377.1212595222
140449.5369989138 124216.7534586111
141088.5023410287 124216.7534586111
141248.2436765575 124216.7534586111
140769.0196699713 124056.3856577000
142685.9156963161 122773.4432504111
142366.4330252586 122933.8110513222
142046.9503542012 123094.1788522333
141567.7263476150 123414.9144540556
142366.4330252586 123575.2822549667
141567.7263476150 123735.6500558778
141248.2436765575 123896.0178567889
141088.5023410287 123896.0178567889
141407.9850120862 124056.3856577000

140130.0543278563 125660.0636668111
140609.2783344425 125339.3280649889
139810.5716567989 125178.9602640778
140928.7610055000 124858.2246622556
140130.0543278563 124697.8568613444
142685.9156963161 122773.4432504111
142366.4330252586 122933.8110513222
142046.9503542012 123094.1788522333
141567.7263476150 123414.9144540556
142366.4330252586 123575.2822549667
141567.7263476150 123735.6500558778
141248.2436765575 123896.0178567889
141088.5023410287 123896.0178567889
142046.9503542012 124056.3856577000
141407.9850120862 124056.3856577000
140769.0196699713 124056.3856577000
141088.5023410287 124216.7534586111
140449.5369989138 124216.7534586111
141248.2436765575 124377.1212595222
140130.0543278563 124377.1212595222
141248.2436765575 124697.8568613444

139970.3129923276 125980.7992686333
139810.5716567989 125499.6958659000
140609.2783344425 125339.3280649889
139491.0889857414 125018.5924631667
140130.0543278563 124697.8568613444
140449.5369989138 124537.4890604333
140130.0543278563 124377.1212595222
140769.0196699713 124377.1212595222
143165.1397029023 122292.3398476778
143005.3983673736 122613.0754495000
142685.9156963161 122773.4432504111
142366.4330252586 122933.8110513222
142046.9503542012 123094.1788522333
141567.7263476150 123414.9144540556
142366.4330252586 123575.2822549667
141567.7263476150 123735.6500558778
141248.2436765575 123896.0178567889
141088.5023410287 123896.0178567889
140769.0196699713 124056.3856577000
141088.5023410287 124216.7534586111
140449.5369989138 124216.7534586111

139970.3129923276 125980.7992686333
139810.5716567989 125499.6958659000
140289.7956633850 125178.9602640778
139491.0889857414 125018.5924631667
141248.2436765575 125018.5924631667
140130.0543278563 124697.8568613444
140130.0543278563 124377.1212595222
140769.0196699713 124377.1212595222
142685.9156963161 122773.4432504111
142366.4330252586 122933.8110513222
142046.9503542012 123094.1788522333
141567.7263476150 123414.9144540556
142366.4330252586 123575.2822549667
141567.7263476150 123735.6500558778
141727.4676831437 123896.0178567889
141248.2436765575 123896.0178567889
141088.5023410287 123896.0178567889
141407.9850120862 124056.3856577000
140769.0196699713 124056.3856577000
141088.5023410287 124216.7534586111
140449.5369989138 124216.7534586111

139650.8303212701 126141.1670695444
139970.3129923276 125980.7992686333
139810.5716567989 125499.6958659000
140289.7956633850 125178.9602640778
139491.0889857414 125018.5924631667
141248.2436765575 125018.5924631667
140130.0543278563 124697.8568613444
141248.2436765575 124697.8568613444
140130.0543278563 124377.1212595222
140449.5369989138 124216.7534586111
141088.5023410287 124216.7534586111
140769.0196699713 124056.3856577000
143165.1397029023 122292.3398476778
143005.3983673736 122613.0754495000
142685.9156963161 122773.4432504111
142366.4330252586 122933.8110513222
142046.9503542012 123094.1788522333
141567.7263476150 123414.9144540556
142366.4330252586 123575.2822549667
141567.7263476150 123735.6500558778
141248.2436765575 123896.0178567889

140130.0543278563 125660.0636668111
140609.2783344425 125339.3280649889
139810.5716567989 125178.9602640778
141248.2436765575 125018.5924631667
140130.0543278563 124697.8568613444
141248.2436765575 124697.8568613444
140130.0543278563 124377.1212595222
143005.3983673736 122613.0754495000
142685.9156963161 122773.4432504111
142366.4330252586 122933.8110513222
142046.9503542012 123094.1788522333
141567.7263476150 123414.9144540556
142366.4330252586 123575.2822549667
141567.7263476150 123735.6500558778
141248.2436765575 123896.0178567889
141088.5023410287 123896.0178567889
140769.0196699713 124056.3856577000
141248.2436765575 124216.7534586111
141088.5023410287 124216.7534586111
140449.5369989138 124216.7534586111
140769.0196699713 124377.1212595222

141567.7263476150 123414.9144540556
141567.7263476150 123575.2822549667
141407.9850120862 123575.2822549667
141567.7263476150 123735.6500558778
141407.9850120862 123735.6500558778
141088.5023410287 123735.6500558778
141088.5023410287 123896.0178567889
141407.9850120862 124056.3856577000
141248.2436765575 124056.3856577000
141088.5023410287 124056.3856577000
140928.7610055000 124056.3856577000
140769.0196699713 124056.3856577000
140609.2783344425 124056.3856577000
141088.5023410287 124216.7534586111
140609.2783344425 124216.7534586111
140449.5369989138 124216.7534586111
140928.7610055000 124377.1212595222
140449.5369989138 124377.1212595222
140449.5369989138 124537.4890604333
140130.0543278563 124537.4890604333
140928.7610055000 124697.8568613444

140609.2783344425 125339.3280649889
139491.0889857414 125018.5924631667
140609.2783344425 125018.5924631667
140928.7610055000 124858.2246622556
140130.0543278563 124697.8568613444
140928.7610055000 124537.4890604333
140130.0543278563 124377.1212595222
141248.2436765575 124377.1212595222
140449.5369989138 124216.7534586111
141088.5023410287 124216.7534586111
140769.0196699713 124056.3856577000
141407.9850120862 124056.3856577000
141088.5023410287 123896.0178567889
141248.2436765575 123896.0178567889
141567.7263476150 123896.0178567889
141567.7263476150 123735.6500558778
142366.4330252586 123575.2822549667
142366.4330252586 122933.8110513222
142046.9503542012 123094.1788522333
141567.7263476150 123414.9144540556
141248.2436765575 124056.3856577000

139650.8303212701 126141.1670695444
139970.3129923276 125980.7992686333
143165.1397029023 122292.3398476778
143005.3983673736 122613.0754495000
142685.9156963161 122773.4432504111
142366.4330252586 122933.8110513222
142046.9503542012 123094.1788522333
141567.7263476150 123414.9144540556
142366.4330252586 123575.2822549667
141567.7263476150 123735.6500558778
141248.2436765575 123896.0178567889
141088.5023410287 123896.0178567889
140769.0196699713 124056.3856577000
141088.5023410287 124216.7534586111
140449.5369989138 124216.7534586111
140769.0196699713 124377.1212595222
140130.0543278563 124377.1212595222
140609.2783344425 125018.5924631667
139491.0889857414 125018.5924631667
140609.2783344425 125339.3280649889
139810.5716567989 125499.6958659000

142206.6916897299 123094.1788522333
141887.2090186724 123414.9144540556
141567.7263476150 123575.2822549667
141407.9850120862 123575.2822549667
141567.7263476150 123735.6500558778
141407.9850120862 123735.6500558778
141088.5023410287 123735.6500558778
141567.7263476150 123896.0178567889
141088.5023410287 123896.0178567889
141248.2436765575 124056.3856577000
141088.5023410287 124056.3856577000
140928.7610055000 124056.3856577000
140769.0196699713 124056.3856577000
140609.2783344425 124056.3856577000
141088.5023410287 124216.7534586111
140769.0196699713 124216.7534586111
140928.7610055000 124377.1212595222
140449.5369989138 124377.1212595222
140769.0196699713 124537.4890604333
140130.0543278563 124537.4890604333
141407.9850120862 124216.7534586111

139970.3129923276 125980.7992686333
139810.5716567989 125499.6958659000
140289.7956633850 125178.9602640778
139491.0889857414 125018.5924631667
141248.2436765575 125018.5924631667
140130.0543278563 124697.8568613444
141248.2436765575 124697.8568613444
140130.0543278563 124377.1212595222
140449.5369989138 124216.7534586111
143005.3983673736 122613.0754495000
142685.9156963161 122773.4432504111
142366.4330252586 122933.8110513222
142046.9503542012 123094.1788522333
141567.7263476150 123414.9144540556
142366.4330252586 123575.2822549667
141567.7263476150 123735.6500558778
141727.4676831437 123896.0178567889
141248.2436765575 123896.0178567889
141088.5023410287 123896.0178567889
140769.0196699713 124056.3856577000
141088.5023410287 124216.7534586111

119523.4220446494 143140.1539661222
143165.1397029023 122292.3398476778
143005.3983673736 122613.0754495000
142685.9156963161 122773.4432504111
142366.4330252586 122933.8110513222
142046.9503542012 123094.1788522333
141567.7263476150 123414.9144540556
142366.4330252586 123575.2822549667
141567.7263476150 123735.6500558778
141088.5023410287 123896.0178567889
140769.0196699713 124056.3856577000
140449.5369989138 124216.7534586111
140769.0196699713 124377.1212595222
140130.0543278563 124377.1212595222
141248.2436765575 125018.5924631667
140609.2783344425 125018.5924631667
139810.5716567989 125178.9602640778
140609.2783344425 125339.3280649889
139810.5716567989 125499.6958659000
139650.8303212701 125820.4314677222
139491.0889857414 126141.1670695444

142685.9156963161 122773.4432504111
142366.4330252586 122933.8110513222
142046.9503542012 123094.1788522333
141567.7263476150 123414.9144540556
142366.4330252586 123575.2822549667
141567.7263476150 123735.6500558778
141088.5023410287 123896.0178567889
142046.9503542012 124056.3856577000
141407.9850120862 124056.3856577000
140769.0196699713 124056.3856577000
141088.5023410287 124216.7534586111
140449.5369989138 124216.7534586111
140769.0196699713 124377.1212595222
140130.0543278563 124377.1212595222
141567.7263476150 124537.4890604333
141248.2436765575 124697.8568613444
140130.0543278563 124697.8568613444
141248.2436765575 125018.5924631667
139491.0889857414 125018.5924631667
140289.7956633850 125178.9602640778
139810.5716567989 125499.6958659000

140609.2783344425 125339.3280649889
139491.0889857414 125018.5924631667
140130.0543278563 124697.8568613444
140449.5369989138 124537.4890604333
140769.0196699713 124377.1212595222
141248.2436765575 124377.1212595222
140449.5369989138 124216.7534586111
140928.7610055000 124216.7534586111
141088.5023410287 124216.7534586111
141407.9850120862 124216.7534586111
140769.0196699713 124056.3856577000
141248.2436765575 124056.3856577000
141407.9850120862 124056.3856577000
141088.5023410287 123896.0178567889
141248.2436765575 123896.0178567889
141567.7263476150 123735.6500558778
142366.4330252586 122933.8110513222
142046.9503542012 123094.1788522333
141567.7263476150 123414.9144540556
142366.4330252586 123575.2822549667
141088.5023410287 124056.3856577000

142685.9156963161 122773.4432504111
142366.4330252586 122933.8110513222
142046.9503542012 123094.1788522333
141567.7263476150 123414.9144540556
142366.4330252586 123575.2822549667
141567.7263476150 123735.6500558778
141248.2436765575 123896.0178567889
141088.5023410287 123896.0178567889
142046.9503542012 124056.3856577000
141407.9850120862 124056.3856577000
140769.0196699713 124056.3856577000
141088.5023410287 124216.7534586111
140449.5369989138 124216.7534586111
140130.0543278563 124377.1212595222
141248.2436765575 124697.8568613444
140130.0543278563 124697.8568613444
141248.2436765575 124377.1212595222
141248.2436765575 125018.5924631667
139810.5716567989 125178.9602640778
140609.2783344425 125339.3280649889
140130.0543278563 125660.0636668111

140609.2783344425 125339.3280649889
139491.0889857414 125018.5924631667
140928.7610055000 124858.2246622556
140130.0543278563 124697.8568613444
140928.7610055000 124537.4890604333
140130.0543278563 124377.1212595222
141248.2436765575 124377.1212595222
140449.5369989138 124216.7534586111
142366.4330252586 122933.8110513222
142046.9503542012 123094.1788522333
141567.7263476150 123414.9144540556
142366.4330252586 123575.2822549667
141567.7263476150 123735.6500558778
141248.2436765575 123896.0178567889
141088.5023410287 123896.0178567889
141407.9850120862 124056.3856577000
141248.2436765575 124056.3856577000
140769.0196699713 124056.3856577000
141248.2436765575 124216.7534586111
141088.5023410287 124216.7534586111
140769.0196699713 124377.1212595222

140609.2783344425 125339.3280649889
139810.5716567989 125178.9602640778
142366.4330252586 122933.8110513222
142046.9503542012 123094.1788522333
141567.7263476150 123414.9144540556
142366.4330252586 123575.2822549667
141727.4676831437 123575.2822549667
141567.7263476150 123735.6500558778
141248.2436765575 123896.0178567889
141088.5023410287 123896.0178567889
141407.9850120862 124056.3856577000
141248.2436765575 124056.3856577000
140769.0196699713 124056.3856577000
141407.9850120862 124216.7534586111
141088.5023410287 124216.7534586111
140928.7610055000 124216.7534586111
140449.5369989138 124216.7534586111
140769.0196699713 124377.1212595222
140609.2783344425 124377.1212595222
140449.5369989138 124537.4890604333
140130.0543278563 124697.8568613444

140130.0543278563 125660.0636668111
140609.2783344425 125339.3280649889
139810.5716567989 125178.9602640778
140928.7610055000 124858.2246622556
140130.0543278563 124697.8568613444
140928.7610055000 124537.4890604333
140130.0543278563 124377.1212595222
141248.2436765575 124377.1212595222
140449.5369989138 124216.7534586111
141088.5023410287 124216.7534586111
140769.0196699713 124056.3856577000
141407.9850120862 124056.3856577000
142685.9156963161 122773.4432504111
142366.4330252586 122933.8110513222
142046.9503542012 123094.1788522333
141567.7263476150 123414.9144540556
142366.4330252586 123575.2822549667
141567.7263476150 123735.6500558778
141248.2436765575 123896.0178567889
141088.5023410287 123896.0178567889
141248.2436765575 124056.3856577000

139970.3129923276 125980.7992686333
139810.5716567989 125499.6958659000
140289.7956633850 125178.9602640778
139491.0889857414 125018.5924631667
141248.2436765575 125018.5924631667
140130.0543278563 124697.8568613444
141248.2436765575 124697.8568613444
140130.0543278563 124377.1212595222
140449.5369989138 124216.7534586111
141088.5023410287 124216.7534586111
143165.1397029023 122292.3398476778
143005.3983673736 122613.0754495000
142685.9156963161 122773.4432504111
142366.4330252586 122933.8110513222
142046.9503542012 123094.1788522333
141567.7263476150 123414.9144540556
142366.4330252586 123575.2822549667
141567.7263476150 123735.6500558778
141248.2436765575 123896.0178567889
141088.5023410287 123896.0178567889
140769.0196699713 124056.3856577000

140130.0543278563 125660.0636668111
140609.2783344425 125339.3280649889
139810.5716567989 125178.9602640778
140130.0543278563 124697.8568613444
140928.7610055000 124537.4890604333
140130.0543278563 124377.1212595222
140609.2783344425 124377.1212595222
140769.0196699713 124377.1212595222
142366.4330252586 122933.8110513222
142046.9503542012 123094.1788522333
141567.7263476150 123414.9144540556
142366.4330252586 123575.2822549667
141567.7263476150 123735.6500558778
141248.2436765575 123896.0178567889
141088.5023410287 123896.0178567889
141407.9850120862 124056.3856577000
141248.2436765575 124056.3856577000
140769.0196699713 124056.3856577000
141088.5023410287 124216.7534586111
140449.5369989138 124216.7534586111
140928.7610055000 124858.2246622556

140130.0543278563 124858.2246622556
140130.0543278563 124537.4890604333
140769.0196699713 124537.4890604333
140449.5369989138 124377.1212595222
140928.7610055000 124377.1212595222
140769.0196699713 124216.7534586111
141088.5023410287 124216.7534586111
140609.2783344425 124056.3856577000
140769.0196699713 124056.3856577000
140928.7610055000 124056.3856577000
141088.5023410287 124056.3856577000
141248.2436765575 124056.3856577000
141088.5023410287 123896.0178567889
141567.7263476150 123896.0178567889
141088.5023410287 123735.6500558778
141407.9850120862 123735.6500558778
141567.7263476150 123735.6500558778
141407.9850120862 123575.2822549667
141567.7263476150 123575.2822549667
141887.2090186724 123414.9144540556
141567.7263476150 123414.9144540556

142366.4330252586 122933.8110513222
142046.9503542012 123094.1788522333
141567.7263476150 123414.9144540556
142366.4330252586 123575.2822549667
141727.4676831437 123575.2822549667
141567.7263476150 123735.6500558778
141567.7263476150 123896.0178567889
141248.2436765575 123896.0178567889
141088.5023410287 123896.0178567889
141407.9850120862 124056.3856577000
140769.0196699713 124056.3856577000
141088.5023410287 124216.7534586111
140449.5369989138 124216.7534586111
141248.2436765575 124377.1212595222
140130.0543278563 124377.1212595222
140928.7610055000 124537.4890604333
140130.0543278563 124697.8568613444
140928.7610055000 124858.2246622556
139810.5716567989 125178.9602640778
140609.2783344425 125339.3280649889
140130.0543278563 125660.0636668111

139970.3129923276 125980.7992686333
139810.5716567989 125499.6958659000
140289.7956633850 125178.9602640778
139491.0889857414 125018.5924631667
141248.2436765575 125018.5924631667
140130.0543278563 124697.8568613444
141248.2436765575 124697.8568613444
140130.0543278563 124377.1212595222
140449.5369989138 124216.7534586111
141088.5023410287 124216.7534586111
140769.0196699713 124056.3856577000
141407.9850120862 124056.3856577000
141088.5023410287 123896.0178567889
141248.2436765575 123896.0178567889
141567.7263476150 123735.6500558778
142366.4330252586 123575.2822549667
141567.7263476150 123414.9144540556
142046.9503542012 123094.1788522333
142366.4330252586 122933.8110513222
142685.9156963161 122773.4432504111
141248.2436765575 124056.3856577000

140449.5369989138 124537.4890604333
141567.7263476150 123414.9144540556
141567.7263476150 123575.2822549667
141407.9850120862 123575.2822549667
141567.7263476150 123735.6500558778
141407.9850120862 123735.6500558778
141088.5023410287 123735.6500558778
141088.5023410287 123896.0178567889
141407.9850120862 124056.3856577000
141248.2436765575 124056.3856577000
141088.5023410287 124056.3856577000
140928.7610055000 124056.3856577000
140769.0196699713 124056.3856577000
140609.2783344425 124056.3856577000
141088.5023410287 124216.7534586111
140769.0196699713 124216.7534586111
140449.5369989138 124216.7534586111
140928.7610055000 124377.1212595222
140449.5369989138 124377.1212595222
140130.0543278563 124537.4890604333
140928.7610055000 124697.8568613444

140609.2783344425 125339.3280649889
139810.5716567989 125178.9602640778
140609.2783344425 125018.5924631667
140928.7610055000 124858.2246622556
140130.0543278563 124697.8568613444
140928.7610055000 124537.4890604333
140130.0543278563 124377.1212595222
140769.0196699713 124377.1212595222
140449.5369989138 124216.7534586111
142366.4330252586 122933.8110513222
142046.9503542012 123094.1788522333
141567.7263476150 123414.9144540556
142366.4330252586 123575.2822549667
141567.7263476150 123735.6500558778
141248.2436765575 123896.0178567889
141088.5023410287 123896.0178567889
141407.9850120862 124056.3856577000
141248.2436765575 124056.3856577000
140769.0196699713 124056.3856577000
141407.9850120862 124216.7534586111
141088.5023410287 124216.7534586111

142366.4330252586 122933.8110513222
142046.9503542012 123094.1788522333
141567.7263476150 123414.9144540556
142366.4330252586 123575.2822549667
141567.7263476150 123735.6500558778
141248.2436765575 123896.0178567889
141088.5023410287 123896.0178567889
141407.9850120862 124056.3856577000
141248.2436765575 124056.3856577000
140769.0196699713 124056.3856577000
141248.2436765575 124216.7534586111
141088.5023410287 124216.7534586111
140449.5369989138 124216.7534586111
140769.0196699713 124377.1212595222
140130.0543278563 124377.1212595222
140928.7610055000 124537.4890604333
140130.0543278563 124697.8568613444
140928.7610055000 124858.2246622556
140609.2783344425 125018.5924631667
139810.5716567989 125178.9602640778
140609.2783344425 125339.3280649889

140130.0543278563 125660.0636668111
140609.2783344425 125339.3280649889
139810.5716567989 125178.9602640778
142366.4330252586 122933.8110513222
142046.9503542012 123094.1788522333
141567.7263476150 123414.9144540556
142366.4330252586 123575.2822549667
141567.7263476150 123735.6500558778
141248.2436765575 123896.0178567889
141088.5023410287 123896.0178567889
141248.2436765575 124056.3856577000
141088.5023410287 124056.3856577000
140769.0196699713 124056.3856577000
141407.9850120862 124216.7534586111
141088.5023410287 124216.7534586111
140928.7610055000 124216.7534586111
140449.5369989138 124216.7534586111
141248.2436765575 124377.1212595222
140130.0543278563 124377.1212595222
140928.7610055000 124537.4890604333
140130.0543278563 124697.8568613444

140609.2783344425 125339.3280649889
139491.0889857414 125018.5924631667
140609.2783344425 125018.5924631667
140928.7610055000 124858.2246622556
140130.0543278563 124697.8568613444
140928.7610055000 124537.4890604333
140130.0543278563 124377.1212595222
141248.2436765575 124377.1212595222
140449.5369989138 124216.7534586111
141088.5023410287 124216.7534586111
142685.9156963161 122773.4432504111
142366.4330252586 122933.8110513222
142046.9503542012 123094.1788522333
141567.7263476150 123414.9144540556
142366.4330252586 123575.2822549667
141567.7263476150 123735.6500558778
141567.7263476150 123896.0178567889
141248.2436765575 123896.0178567889
141088.5023410287 123896.0178567889
141407.9850120862 124056.3856577000
140769.0196699713 124056.3856577000

139970.3129923276 125980.7992686333
139810.5716567989 125499.6958659000
140289.7956633850 125178.9602640778
139491.0889857414 125018.5924631667
141248.2436765575 125018.5924631667
143005.3983673736 122613.0754495000
142685.9156963161 122773.4432504111
142366.4330252586 122933.8110513222
142046.9503542012 123094.1788522333
141567.7263476150 123414.9144540556
142366.4330252586 123575.2822549667
141567.7263476150 123735.6500558778
142366.4330252586 123896.0178567889
141248.2436765575 123896.0178567889
141088.5023410287 123896.0178567889
140769.0196699713 124056.3856577000
140449.5369989138 124216.7534586111
141407.9850120862 124377.1212595222
140130.0543278563 124377.1212595222
141248.2436765575 124697.8568613444
140609.2783344425 125018.5924631667

140130.0543278563 125660.0636668111
140609.2783344425 125339.3280649889
139810.5716567989 125178.9602640778
140928.7610055000 124858.2246622556
140130.0543278563 124697.8568613444
140928.7610055000 124537.4890604333
140130.0543278563 124377.1212595222
141248.2436765575 124377.1212595222
140449.5369989138 124216.7534586111
141088.5023410287 124216.7534586111
143005.3983673736 122613.0754495000
142685.9156963161 122773.4432504111
142366.4330252586 122933.8110513222
142046.9503542012 123094.1788522333
141567.7263476150 123414.9144540556
142366.4330252586 123575.2822549667
141567.7263476150 123735.6500558778
141248.2436765575 123896.0178567889
141088.5023410287 123896.0178567889
141407.9850120862 124056.3856577000
140769.0196699713 124056.3856577000

142206.6916897299 122933.8110513222
141887.2090186724 123254.5466531444
141567.7263476150 123414.9144540556
141567.7263476150 123575.2822549667
141407.9850120862 123735.6500558778
141407.9850120862 123896.0178567889
141088.5023410287 123896.0178567889
141248.2436765575 124216.7534586111
141248.2436765575 124056.3856577000
141088.5023410287 124056.3856577000
140769.0196699713 124056.3856577000
141088.5023410287 124216.7534586111
140449.5369989138 124216.7534586111
140769.0196699713 124377.1212595222
141727.4676831437 123575.2822549667
140130.0543278563 124377.1212595222
140928.7610055000 124537.4890604333
140609.2783344425 124537.4890604333
140449.5369989138 124537.4890604333
140130.0543278563 124697.8568613444
139810.5716567989 124858.2246622556

142206.6916897299 122933.8110513222
141887.2090186724 123254.5466531444
141567.7263476150 123414.9144540556
141567.7263476150 123575.2822549667
141407.9850120862 123735.6500558778
141407.9850120862 123896.0178567889
141088.5023410287 123896.0178567889
141407.9850120862 124056.3856577000
141088.5023410287 124056.3856577000
140769.0196699713 124056.3856577000
141088.5023410287 124216.7534586111
140449.5369989138 124216.7534586111
141248.2436765575 124377.1212595222
140769.0196699713 124377.1212595222
140609.2783344425 124377.1212595222
140130.0543278563 124377.1212595222
140928.7610055000 124537.4890604333
140609.2783344425 124537.4890604333
140449.5369989138 124537.4890604333
140130.0543278563 124697.8568613444
140130.0543278563 125018.5924631667

142206.6916897299 122933.8110513222
141887.2090186724 123254.5466531444
141567.7263476150 123414.9144540556
141567.7263476150 123575.2822549667
141407.9850120862 123735.6500558778
141407.9850120862 123896.0178567889
141088.5023410287 123896.0178567889
141407.9850120862 124056.3856577000
141248.2436765575 124056.3856577000
140769.0196699713 124056.3856577000
141088.5023410287 124216.7534586111
140449.5369989138 124216.7534586111
140769.0196699713 124377.1212595222
140609.2783344425 124377.1212595222
140130.0543278563 124377.1212595222
140928.7610055000 124537.4890604333
140609.2783344425 124537.4890604333
140449.5369989138 124537.4890604333
140928.7610055000 124697.8568613444
140130.0543278563 124697.8568613444
139810.5716567989 124858.2246622556

140769.0196699713 124537.4890604333
141567.7263476150 123414.9144540556
141567.7263476150 123575.2822549667
141407.9850120862 123575.2822549667
141567.7263476150 123735.6500558778
141088.5023410287 123735.6500558778
141088.5023410287 123896.0178567889
140928.7610055000 123896.0178567889
141407.9850120862 124056.3856577000
141248.2436765575 124056.3856577000
141088.5023410287 124056.3856577000
140928.7610055000 124056.3856577000
140769.0196699713 124056.3856577000
140609.2783344425 124056.3856577000
141088.5023410287 124216.7534586111
140769.0196699713 124216.7534586111
140769.0196699713 124377.1212595222
140289.7956633850 124377.1212595222
140130.0543278563 124377.1212595222
140928.7610055000 124537.4890604333
140449.5369989138 124537.4890604333

143165.1397029023 122292.3398476778
143005.3983673736 122613.0754495000
142685.9156963161 122773.4432504111
142366.4330252586 122933.8110513222
142046.9503542012 123094.1788522333
141567.7263476150 123414.9144540556
142366.4330252586 123575.2822549667
141567.7263476150 123735.6500558778
141088.5023410287 123896.0178567889
140769.0196699713 124056.3856577000
141088.5023410287 124216.7534586111
140449.5369989138 124216.7534586111
140130.0543278563 124377.1212595222
140449.5369989138 124537.4890604333
139810.5716567989 124858.2246622556
140609.2783344425 125018.5924631667
139491.0889857414 125018.5924631667
139810.5716567989 125499.6958659000
139970.3129923276 125980.7992686333
139810.5716567989 126301.5348704555
119523.4220446494 143140.1539661222

139810.5716567989 125499.6958659000
140289.7956633850 125178.9602640778
139491.0889857414 125018.5924631667
140609.2783344425 125018.5924631667
141248.2436765575 125018.5924631667
140130.0543278563 124697.8568613444
141088.5023410287 124537.4890604333
140130.0543278563 124377.1212595222
140449.5369989138 124216.7534586111
141088.5023410287 124216.7534586111
143005.3983673736 122613.0754495000
142685.9156963161 122773.4432504111
142366.4330252586 122933.8110513222
142046.9503542012 123094.1788522333
141567.7263476150 123414.9144540556
142366.4330252586 123575.2822549667
141567.7263476150 123735.6500558778
141248.2436765575 123896.0178567889
141088.5023410287 123896.0178567889
142046.9503542012 124056.3856577000
140769.0196699713 124056.3856577000

140130.0543278563 125660.0636668111
140609.2783344425 125339.3280649889
139810.5716567989 125178.9602640778
140928.7610055000 124858.2246622556
140130.0543278563 124697.8568613444
140928.7610055000 124537.4890604333
140130.0543278563 124377.1212595222
141248.2436765575 124377.1212595222
140449.5369989138 124216.7534586111
142685.9156963161 122773.4432504111
142366.4330252586 122933.8110513222
142046.9503542012 123094.1788522333
141567.7263476150 123414.9144540556
142366.4330252586 123575.2822549667
141567.7263476150 123735.6500558778
141567.7263476150 123896.0178567889
141248.2436765575 123896.0178567889
141088.5023410287 123896.0178567889
141407.9850120862 124056.3856577000
140769.0196699713 124056.3856577000
141088.5023410287 124216.7534586111

142366.4330252586 122933.8110513222
142046.9503542012 123094.1788522333
141567.7263476150 123414.9144540556
142366.4330252586 123575.2822549667
141567.7263476150 123735.6500558778
141248.2436765575 123896.0178567889
141088.5023410287 123896.0178567889
141248.2436765575 124056.3856577000
141088.5023410287 124056.3856577000
140769.0196699713 124056.3856577000
141407.9850120862 124216.7534586111
141088.5023410287 124216.7534586111
140928.7610055000 124216.7534586111
140449.5369989138 124216.7534586111
141248.2436765575 124377.1212595222
140130.0543278563 124377.1212595222
140928.7610055000 124537.4890604333
140130.0543278563 124697.8568613444
140928.7610055000 124858.2246622556
139810.5716567989 125178.9602640778
140609.2783344425 125339.3280649889

140130.0543278563 124858.2246622556
141567.7263476150 123896.0178567889
140130.0543278563 124537.4890604333
140449.5369989138 124377.1212595222
141088.5023410287 124377.1212595222
141567.7263476150 123414.9144540556
141567.7263476150 123575.2822549667
141407.9850120862 123575.2822549667
141567.7263476150 123735.6500558778
141407.9850120862 123735.6500558778
141088.5023410287 123735.6500558778
141088.5023410287 123896.0178567889
140769.0196699713 124537.4890604333
142206.6916897299 123094.1788522333
141248.2436765575 124056.3856577000
141088.5023410287 124056.3856577000
140928.7610055000 124056.3856577000
140769.0196699713 124056.3856577000
140609.2783344425 124056.3856577000
141088.5023410287 124216.7534586111
140769.0196699713 124216.7534586111

142206.6916897299 122933.8110513222
141887.2090186724 123254.5466531444
141567.7263476150 123414.9144540556
141567.7263476150 123575.2822549667
141088.5023410287 123735.6500558778
141248.2436765575 123735.6500558778
141407.9850120862 123896.0178567889
141088.5023410287 123896.0178567889
141407.9850120862 124056.3856577000
141248.2436765575 124056.3856577000
141088.5023410287 124056.3856577000
140769.0196699713 124056.3856577000
141088.5023410287 124216.7534586111
140449.5369989138 124216.7534586111
140609.2783344425 124377.1212595222
140130.0543278563 124377.1212595222
141088.5023410287 124537.4890604333
141248.2436765575 124216.7534586111
140449.5369989138 124537.4890604333
140130.0543278563 124697.8568613444
140609.2783344425 125339.3280649889

142206.6916897299 122933.8110513222
141887.2090186724 123254.5466531444
141567.7263476150 123414.9144540556
141567.7263476150 123575.2822549667
141407.9850120862 123735.6500558778
141407.9850120862 123896.0178567889
141088.5023410287 123896.0178567889
141407.9850120862 124056.3856577000
141248.2436765575 124056.3856577000
141088.5023410287 124056.3856577000
140769.0196699713 124056.3856577000
141088.5023410287 124216.7534586111
140449.5369989138 124216.7534586111
139810.5716567989 124858.2246622556
140769.0196699713 124377.1212595222
140609.2783344425 124377.1212595222
140130.0543278563 124377.1212595222
140928.7610055000 124537.4890604333
140609.2783344425 124537.4890604333
140449.5369989138 124537.4890604333
140130.0543278563 124697.8568613444

140609.2783344425 125339.3280649889
140609.2783344425 125018.5924631667
142685.9156963161 122773.4432504111
142366.4330252586 122933.8110513222
142046.9503542012 123094.1788522333
141567.7263476150 123414.9144540556
142366.4330252586 123575.2822549667
141567.7263476150 123735.6500558778
141248.2436765575 123896.0178567889
141088.5023410287 123896.0178567889
141407.9850120862 124056.3856577000
140769.0196699713 124056.3856577000
141407.9850120862 124216.7534586111
141088.5023410287 124216.7534586111
140449.5369989138 124216.7534586111
141248.2436765575 124377.1212595222
140130.0543278563 124377.1212595222
140928.7610055000 124537.4890604333
140130.0543278563 124697.8568613444
140928.7610055000 124858.2246622556
139810.5716567989 125178.9602640778

140130.0543278563 125660.0636668111
140609.2783344425 125339.3280649889
139810.5716567989 125178.9602640778
140928.7610055000 124858.2246622556
140130.0543278563 124697.8568613444
140928.7610055000 124537.4890604333
140130.0543278563 124377.1212595222
143005.3983673736 122613.0754495000
142685.9156963161 122773.4432504111
142366.4330252586 122933.8110513222
142046.9503542012 123094.1788522333
141567.7263476150 123414.9144540556
142366.4330252586 123575.2822549667
141567.7263476150 123735.6500558778
141248.2436765575 123896.0178567889
141088.5023410287 123896.0178567889
140769.0196699713 124056.3856577000
141248.2436765575 124216.7534586111
141088.5023410287 124216.7534586111
140449.5369989138 124216.7534586111
140769.0196699713 124377.1212595222

139970.3129923276 125980.7992686333
139810.5716567989 125499.6958659000
140289.7956633850 125178.9602640778
139491.0889857414 125018.5924631667
141248.2436765575 125018.5924631667
140130.0543278563 124697.8568613444
141248.2436765575 124697.8568613444
140130.0543278563 124377.1212595222
143005.3983673736 122613.0754495000
142685.9156963161 122773.4432504111
142366.4330252586 122933.8110513222
142046.9503542012 123094.1788522333
141567.7263476150 123414.9144540556
142366.4330252586 123575.2822549667
141567.7263476150 123735.6500558778
141248.2436765575 123896.0178567889
141088.5023410287 123896.0178567889
140769.0196699713 124056.3856577000
141248.2436765575 124216.7534586111
141088.5023410287 124216.7534586111
140449.5369989138 124216.7534586111

140130.0543278563 125660.0636668111
140609.2783344425 125339.3280649889
139810.5716567989 125178.9602640778
140928.7610055000 124858.2246622556
140130.0543278563 124697.8568613444
140928.7610055000 124537.4890604333
140130.0543278563 124377.1212595222
141248.2436765575 124377.1212595222
140449.5369989138 124216.7534586111
141088.5023410287 124216.7534586111
141407.9850120862 124216.7534586111
140769.0196699713 124056.3856577000
141407.9850120862 124056.3856577000
141088.5023410287 123896.0178567889
141248.2436765575 123896.0178567889
141567.7263476150 123735.6500558778
142366.4330252586 122933.8110513222
142046.9503542012 123094.1788522333
141567.7263476150 123414.9144540556
142366.4330252586 123575.2822549667
141567.7263476150 124056.3856577000

143005.3983673736 122613.0754495000
142685.9156963161 122773.4432504111
142366.4330252586 122933.8110513222
142046.9503542012 123094.1788522333
141567.7263476150 123414.9144540556
142366.4330252586 123575.2822549667
141567.7263476150 123735.6500558778
139491.0889857414 126141.1670695444
141088.5023410287 123896.0178567889
141407.9850120862 124056.3856577000
140769.0196699713 124056.3856577000
141088.5023410287 124216.7534586111
140449.5369989138 124216.7534586111
140130.0543278563 124377.1212595222
141248.2436765575 124697.8568613444
140130.0543278563 124697.8568613444
141248.2436765575 125018.5924631667
139491.0889857414 125018.5924631667
140289.7956633850 125178.9602640778
139810.5716567989 125499.6958659000
139970.3129923276 125980.7992686333

143005.3983673736 122613.0754495000
142685.9156963161 122773.4432504111
142366.4330252586 122933.8110513222
142046.9503542012 123094.1788522333
141567.7263476150 123414.9144540556
142366.4330252586 123575.2822549667
141567.7263476150 123735.6500558778
141248.2436765575 123896.0178567889
141088.5023410287 123896.0178567889
142046.9503542012 124056.3856577000
140769.0196699713 124056.3856577000
141407.9850120862 124377.1212595222
140449.5369989138 124216.7534586111
140130.0543278563 124377.1212595222
141248.2436765575 124697.8568613444
140130.0543278563 124697.8568613444
141248.2436765575 125018.5924631667
139491.0889857414 125018.5924631667
140289.7956633850 125178.9602640778
139810.5716567989 125499.6958659000
139970.3129923276 125980.7992686333

142366.4330252586 122933.8110513222
142046.9503542012 123094.1788522333
141567.7263476150 123414.9144540556
142366.4330252586 123575.2822549667
141567.7263476150 123735.6500558778
141248.2436765575 123896.0178567889
141088.5023410287 123896.0178567889
141407.9850120862 124056.3856577000
141248.2436765575 124056.3856577000
140769.0196699713 124056.3856577000
141088.5023410287 124216.7534586111
140449.5369989138 124216.7534586111
140769.0196699713 124377.1212595222
140609.2783344425 124377.1212595222
140130.0543278563 124377.1212595222
140928.7610055000 124537.4890604333
140130.0543278563 124697.8568613444
140928.7610055000 124858.2246622556
140609.2783344425 125018.5924631667
139810.5716567989 125178.9602640778
140609.2783344425 125339.3280649889

140609.2783344425 125339.3280649889
139491.0889857414 125018.5924631667
140609.2783344425 125018.5924631667
140928.7610055000 124858.2246622556
140130.0543278563 124697.8568613444
140928.7610055000 124537.4890604333
140130.0543278563 124377.1212595222
141248.2436765575 124377.1212595222
140449.5369989138 124216.7534586111
141088.5023410287 124216.7534586111
142366.4330252586 122933.8110513222
142046.9503542012 123094.1788522333
141567.7263476150 123414.9144540556
142366.4330252586 123575.2822549667
141567.7263476150 123735.6500558778
141248.2436765575 123896.0178567889
141088.5023410287 123896.0178567889
141407.9850120862 124056.3856577000
140769.0196699713 124056.3856577000
141248.2436765575 124216.7534586111
140769.0196699713 124377.1212595222

141887.2090186724 123254.5466531444
141567.7263476150 123414.9144540556
141567.7263476150 123575.2822549667
141407.9850120862 123735.6500558778
141088.5023410287 123735.6500558778
141088.5023410287 123896.0178567889
140928.7610055000 123896.0178567889
141248.2436765575 124056.3856577000
141088.5023410287 124056.3856577000
140769.0196699713 124056.3856577000
141407.9850120862 124216.7534586111
141088.5023410287 124216.7534586111
140928.7610055000 124216.7534586111
140769.0196699713 124216.7534586111
140449.5369989138 124216.7534586111
141088.5023410287 124377.1212595222
140928.7610055000 124377.1212595222
140449.5369989138 124377.1212595222
140130.0543278563 124537.4890604333
140928.7610055000 124697.8568613444
140130.0543278563 124858.2246622556

141727.4676831437 123414.9144540556
141088.5023410287 124377.1212595222
141567.7263476150 123575.2822549667
141407.9850120862 123575.2822549667
141567.7263476150 123735.6500558778
141088.5023410287 123735.6500558778
141088.5023410287 123896.0178567889
140928.7610055000 123896.0178567889
141567.7263476150 124056.3856577000
141407.9850120862 124056.3856577000
141248.2436765575 124056.3856577000
141088.5023410287 124056.3856577000
140928.7610055000 124056.3856577000
140769.0196699713 124056.3856577000
140609.2783344425 124056.3856577000
141088.5023410287 124216.7534586111
140769.0196699713 124216.7534586111
140769.0196699713 124377.1212595222
140289.7956633850 124377.1212595222
140130.0543278563 124377.1212595222
140449.5369989138 124537.4890604333

119203.9393735919 143300.5217670333
119523.4220446494 143140.1539661222
139810.5716567989 126301.5348704555
139970.3129923276 125980.7992686333
139810.5716567989 125499.6958659000
139491.0889857414 125018.5924631667
140609.2783344425 125018.5924631667
139810.5716567989 124858.2246622556
140130.0543278563 124377.1212595222
140449.5369989138 124216.7534586111
143165.1397029023 122292.3398476778
143005.3983673736 122613.0754495000
142685.9156963161 122773.4432504111
142366.4330252586 122933.8110513222
142046.9503542012 123094.1788522333
141567.7263476150 123414.9144540556
142366.4330252586 123575.2822549667
141567.7263476150 123735.6500558778
141088.5023410287 123896.0178567889
140769.0196699713 124056.3856577000
140928.7610055000 124858.2246622556

140609.2783344425 125339.3280649889
140130.0543278563 124697.8568613444
140449.5369989138 124537.4890604333
141088.5023410287 124537.4890604333
140130.0543278563 124377.1212595222
140609.2783344425 124377.1212595222
140449.5369989138 124216.7534586111
141088.5023410287 124216.7534586111
141248.2436765575 124216.7534586111
140769.0196699713 124056.3856577000
141088.5023410287 124056.3856577000
141248.2436765575 124056.3856577000
141407.9850120862 124056.3856577000
141088.5023410287 123896.0178567889
141407.9850120862 123896.0178567889
141407.9850120862 123735.6500558778
142206.6916897299 122933.8110513222
141887.2090186724 123254.5466531444
141567.7263476150 123414.9144540556
141567.7263476150 123575.2822549667
141727.4676831437 123735.6500558778

142685.9156963161 122773.4432504111
142366.4330252586 122933.8110513222
142046.9503542012 123094.1788522333
141567.7263476150 123414.9144540556
142366.4330252586 123575.2822549667
141567.7263476150 123735.6500558778
141248.2436765575 123896.0178567889
141088.5023410287 123896.0178567889
141407.9850120862 124056.3856577000
140769.0196699713 124056.3856577000
141407.9850120862 124216.7534586111
141088.5023410287 124216.7534586111
140449.5369989138 124216.7534586111
143005.3983673736 122613.0754495000
140130.0543278563 124377.1212595222
140928.7610055000 124537.4890604333
140130.0543278563 124697.8568613444
140928.7610055000 124858.2246622556
139810.5716567989 125178.9602640778
140609.2783344425 125339.3280649889
140130.0543278563 125660.0636668111

140609.2783344425 125339.3280649889
139491.0889857414 125018.5924631667
140609.2783344425 125018.5924631667
140928.7610055000 124858.2246622556
140130.0543278563 124697.8568613444
140928.7610055000 124537.4890604333
140130.0543278563 124377.1212595222
142685.9156963161 122773.4432504111
142366.4330252586 122933.8110513222
142046.9503542012 123094.1788522333
141567.7263476150 123414.9144540556
142366.4330252586 123575.2822549667
141567.7263476150 123735.6500558778
141567.7263476150 123896.0178567889
141248.2436765575 123896.0178567889
141088.5023410287 123896.0178567889
141407.9850120862 124056.3856577000
140769.0196699713 124056.3856577000
141088.5023410287 124216.7534586111
140449.5369989138 124216.7534586111
140769.0196699713 124377.1212595222

140130.0543278563 124858.2246622556
141088.5023410287 124697.8568613444
140130.0543278563 124537.4890604333
140449.5369989138 124377.1212595222
140928.7610055000 124377.1212595222
141567.7263476150 123414.9144540556
141567.7263476150 123575.2822549667
141407.9850120862 123575.2822549667
141567.7263476150 123735.6500558778
141407.9850120862 123735.6500558778
141088.5023410287 123735.6500558778
141088.5023410287 123896.0178567889
140769.0196699713 124537.4890604333
142206.6916897299 123094.1788522333
141248.2436765575 124056.3856577000
141088.5023410287 124056.3856577000
140928.7610055000 124056.3856577000
140769.0196699713 124056.3856577000
140609.2783344425 124056.3856577000
141088.5023410287 124216.7534586111
140769.0196699713 124216.7534586111

140130.0543278563 124858.2246622556
141567.7263476150 123896.0178567889
140130.0543278563 124537.4890604333
140449.5369989138 124377.1212595222
140928.7610055000 124377.1212595222
141567.7263476150 123414.9144540556
141567.7263476150 123575.2822549667
141407.9850120862 123575.2822549667
141567.7263476150 123735.6500558778
141407.9850120862 123735.6500558778
141088.5023410287 123735.6500558778
141088.5023410287 123896.0178567889
140769.0196699713 124537.4890604333
142206.6916897299 123094.1788522333
141248.2436765575 124056.3856577000
141088.5023410287 124056.3856577000
140928.7610055000 124056.3856577000
140769.0196699713 124056.3856577000
140609.2783344425 124056.3856577000
141088.5023410287 124216.7534586111
140769.0196699713 124216.7534586111

140130.0543278563 125660.0636668111
140609.2783344425 125339.3280649889
139810.5716567989 125178.9602640778
143005.3983673736 122613.0754495000
142685.9156963161 122773.4432504111
142366.4330252586 122933.8110513222
142046.9503542012 123094.1788522333
141567.7263476150 123414.9144540556
142366.4330252586 123575.2822549667
141567.7263476150 123735.6500558778
141248.2436765575 123896.0178567889
141088.5023410287 123896.0178567889
142046.9503542012 124056.3856577000
140769.0196699713 124056.3856577000
141088.5023410287 124216.7534586111
140449.5369989138 124216.7534586111
140130.0543278563 124377.1212595222
141248.2436765575 124697.8568613444
140130.0543278563 124697.8568613444
141248.2436765575 125018.5924631667
140609.2783344425 125018.5924631667

140609.2783344425 125339.3280649889
142685.9156963161 122773.4432504111
142366.4330252586 122933.8110513222
142046.9503542012 123094.1788522333
141567.7263476150 123414.9144540556
142366.4330252586 123575.2822549667
141567.7263476150 123735.6500558778
141248.2436765575 123896.0178567889
141088.5023410287 123896.0178567889
141407.9850120862 124056.3856577000
140769.0196699713 124056.3856577000
141088.5023410287 124216.7534586111
140449.5369989138 124216.7534586111
140769.0196699713 124377.1212595222
140609.2783344425 124377.1212595222
140449.5369989138 124377.1212595222
140130.0543278563 124377.1212595222
140769.0196699713 124537.4890604333
140130.0543278563 124697.8568613444
139491.0889857414 125018.5924631667
139810.5716567989 125499.6958659000

141567.7263476150 123414.9144540556
141567.7263476150 123575.2822549667
141407.9850120862 123575.2822549667
141567.7263476150 123735.6500558778
141407.9850120862 123735.6500558778
141088.5023410287 123735.6500558778
140928.7610055000 123896.0178567889
141088.5023410287 123896.0178567889
141567.7263476150 124056.3856577000
141407.9850120862 124056.3856577000
141248.2436765575 124056.3856577000
141088.5023410287 124056.3856577000
140928.7610055000 124056.3856577000
140769.0196699713 124056.3856577000
140609.2783344425 124056.3856577000
141088.5023410287 124216.7534586111
140769.0196699713 124216.7534586111
140928.7610055000 124377.1212595222
140449.5369989138 124377.1212595222
140130.0543278563 124537.4890604333
140130.0543278563 124858.2246622556

140609.2783344425 125339.3280649889
139491.0889857414 125018.5924631667
140130.0543278563 124697.8568613444
140449.5369989138 124537.4890604333
140609.2783344425 124377.1212595222
140769.0196699713 124377.1212595222
140449.5369989138 124216.7534586111
140928.7610055000 124216.7534586111
141088.5023410287 124216.7534586111
141407.9850120862 124216.7534586111
140769.0196699713 124056.3856577000
141248.2436765575 124056.3856577000
141407.9850120862 124056.3856577000
141088.5023410287 123896.0178567889
142366.4330252586 122933.8110513222
142046.9503542012 123094.1788522333
141567.7263476150 123414.9144540556
142366.4330252586 123575.2822549667
141567.7263476150 123735.6500558778
141248.2436765575 123896.0178567889
141088.5023410287 124056.3856577000

140609.2783344425 125339.3280649889
140130.0543278563 124697.8568613444
140449.5369989138 124537.4890604333
141088.5023410287 124537.4890604333
140130.0543278563 124377.1212595222
140609.2783344425 124377.1212595222
140449.5369989138 124216.7534586111
141088.5023410287 124216.7534586111
141248.2436765575 124216.7534586111
140769.0196699713 124056.3856577000
141088.5023410287 124056.3856577000
141248.2436765575 124056.3856577000
141407.9850120862 124056.3856577000
141088.5023410287 123896.0178567889
141407.9850120862 123896.0178567889
141407.9850120862 123735.6500558778
141567.7263476150 123575.2822549667
141887.2090186724 123575.2822549667
141567.7263476150 123414.9144540556
141887.2090186724 123254.5466531444
142206.6916897299 122933.8110513222

139810.5716567989 126301.5348704555
139650.8303212701 125820.4314677222
143165.1397029023 122292.3398476778
143005.3983673736 122613.0754495000
142685.9156963161 122773.4432504111
142366.4330252586 122933.8110513222
142046.9503542012 123094.1788522333
141567.7263476150 123414.9144540556
142366.4330252586 123575.2822549667
141567.7263476150 123735.6500558778
141088.5023410287 123896.0178567889
140769.0196699713 124056.3856577000
140449.5369989138 124216.7534586111
140130.0543278563 124377.1212595222
141248.2436765575 124697.8568613444
139810.5716567989 124858.2246622556
141248.2436765575 125018.5924631667
140609.2783344425 125018.5924631667
139491.0889857414 125018.5924631667
139171.6063146839 125178.9602640778
140609.2783344425 125339.3280649889

140609.2783344425 125339.3280649889
140609.2783344425 125018.5924631667
140130.0543278563 124697.8568613444
142206.6916897299 122933.8110513222
141887.2090186724 123254.5466531444
141567.7263476150 123414.9144540556
141567.7263476150 123575.2822549667
141407.9850120862 123735.6500558778
141407.9850120862 123896.0178567889
141088.5023410287 123896.0178567889
141407.9850120862 124056.3856577000
141088.5023410287 124056.3856577000
140769.0196699713 124056.3856577000
141088.5023410287 124216.7534586111
140449.5369989138 124216.7534586111
141248.2436765575 124377.1212595222
140769.0196699713 124377.1212595222
140609.2783344425 124377.1212595222
140130.0543278563 124377.1212595222
140928.7610055000 124537.4890604333
140928.7610055000 124858.2246622556

140609.2783344425 125339.3280649889
139491.0889857414 125018.5924631667
140928.7610055000 124858.2246622556
140130.0543278563 124697.8568613444
140928.7610055000 124537.4890604333
140130.0543278563 124377.1212595222
140609.2783344425 124377.1212595222
142366.4330252586 122933.8110513222
142046.9503542012 123094.1788522333
141567.7263476150 123414.9144540556
142366.4330252586 123575.2822549667
141407.9850120862 123735.6500558778
141407.9850120862 123896.0178567889
141088.5023410287 123896.0178567889
141407.9850120862 124056.3856577000
141248.2436765575 124056.3856577000
141088.5023410287 124056.3856577000
140769.0196699713 124056.3856577000
141088.5023410287 124216.7534586111
140449.5369989138 124216.7534586111
140769.0196699713 124377.1212595222

139970.3129923276 125980.7992686333
139810.5716567989 125499.6958659000
140289.7956633850 125178.9602640778
139491.0889857414 125018.5924631667
141248.2436765575 125018.5924631667
140130.0543278563 124697.8568613444
141248.2436765575 124697.8568613444
140130.0543278563 124377.1212595222
140449.5369989138 124216.7534586111
141088.5023410287 124216.7534586111
140769.0196699713 124056.3856577000
141407.9850120862 124056.3856577000
143005.3983673736 122613.0754495000
142685.9156963161 122773.4432504111
142366.4330252586 122933.8110513222
142046.9503542012 123094.1788522333
141567.7263476150 123414.9144540556
142366.4330252586 123575.2822549667
141567.7263476150 123735.6500558778
141248.2436765575 123896.0178567889
141088.5023410287 123896.0178567889

139970.3129923276 125980.7992686333
139810.5716567989 125499.6958659000
140289.7956633850 125178.9602640778
139491.0889857414 125018.5924631667
141248.2436765575 125018.5924631667
140130.0543278563 124697.8568613444
141248.2436765575 124697.8568613444
140130.0543278563 124377.1212595222
140449.5369989138 124216.7534586111
141088.5023410287 124216.7534586111
140769.0196699713 124056.3856577000
142685.9156963161 122773.4432504111
142366.4330252586 122933.8110513222
142046.9503542012 123094.1788522333
141567.7263476150 123414.9144540556
142366.4330252586 123575.2822549667
141567.7263476150 123735.6500558778
141248.2436765575 123896.0178567889
141088.5023410287 123896.0178567889
141407.9850120862 124056.3856577000
140769.0196699713 124377.1212595222

141567.7263476150 123414.9144540556
141567.7263476150 123575.2822549667
141407.9850120862 123575.2822549667
141567.7263476150 123735.6500558778
141407.9850120862 123735.6500558778
141088.5023410287 123735.6500558778
141088.5023410287 123896.0178567889
141407.9850120862 124056.3856577000
141248.2436765575 124056.3856577000
141088.5023410287 124056.3856577000
140928.7610055000 124056.3856577000
140769.0196699713 124056.3856577000
141248.2436765575 123896.0178567889
141088.5023410287 124216.7534586111
140769.0196699713 124216.7534586111
140449.5369989138 124216.7534586111
140928.7610055000 124377.1212595222
140449.5369989138 124377.1212595222
140130.0543278563 124537.4890604333
140928.7610055000 124697.8568613444
140130.0543278563 124858.2246622556

139810.5716567989 125499.6958659000
140289.7956633850 125178.9602640778
139491.0889857414 125018.5924631667
140609.2783344425 125018.5924631667
141248.2436765575 125018.5924631667
140130.0543278563 124697.8568613444
141248.2436765575 124697.8568613444
140130.0543278563 124377.1212595222
140449.5369989138 124216.7534586111
141088.5023410287 124216.7534586111
142685.9156963161 122773.4432504111
142366.4330252586 122933.8110513222
142046.9503542012 123094.1788522333
141567.7263476150 123414.9144540556
142366.4330252586 123575.2822549667
141567.7263476150 123735.6500558778
141248.2436765575 123896.0178567889
141088.5023410287 123896.0178567889
142046.9503542012 124056.3856577000
141407.9850120862 124056.3856577000
140769.0196699713 124056.3856577000

119203.9393735919 143300.5217670333
119523.4220446494 143140.1539661222
143165.1397029023 122292.3398476778
143005.3983673736 122613.0754495000
142685.9156963161 122773.4432504111
142366.4330252586 122933.8110513222
142046.9503542012 123094.1788522333
141567.7263476150 123414.9144540556
142366.4330252586 123575.2822549667
141567.7263476150 123735.6500558778
141088.5023410287 123896.0178567889
140769.0196699713 124056.3856577000
141088.5023410287 124216.7534586111
140449.5369989138 124216.7534586111
140130.0543278563 124377.1212595222
140609.2783344425 125018.5924631667
139491.0889857414 125018.5924631667
139810.5716567989 124858.2246622556
139810.5716567989 125499.6958659000
139970.3129923276 125980.7992686333
139810.5716567989 126301.5348704555

119523.4220446494 143140.1539661222
139970.3129923276 125980.7992686333
139171.6063146839 125820.4314677222
143165.1397029023 122292.3398476778
143005.3983673736 122613.0754495000
142685.9156963161 122773.4432504111
142366.4330252586 122933.8110513222
142046.9503542012 123094.1788522333
141567.7263476150 123414.9144540556
142366.4330252586 123575.2822549667
141567.7263476150 123735.6500558778
141088.5023410287 123896.0178567889
140769.0196699713 124056.3856577000
140449.5369989138 124216.7534586111
140130.0543278563 124377.1212595222
141248.2436765575 124697.8568613444
139810.5716567989 124858.2246622556
141248.2436765575 125018.5924631667
140609.2783344425 125018.5924631667
139491.0889857414 125018.5924631667
139171.6063146839 125178.9602640778

139970.3129923276 125980.7992686333
139810.5716567989 125499.6958659000
140609.2783344425 125339.3280649889
139491.0889857414 125018.5924631667
140609.2783344425 125018.5924631667
140928.7610055000 124858.2246622556
140130.0543278563 124697.8568613444
140928.7610055000 124537.4890604333
140130.0543278563 124377.1212595222
140449.5369989138 124216.7534586111
141088.5023410287 124216.7534586111
140769.0196699713 124056.3856577000
142685.9156963161 122773.4432504111
142366.4330252586 122933.8110513222
142046.9503542012 123094.1788522333
141567.7263476150 123414.9144540556
142366.4330252586 123575.2822549667
141567.7263476150 123735.6500558778
141248.2436765575 123896.0178567889
141088.5023410287 123896.0178567889
141407.9850120862 124056.3856577000

140609.2783344425 125339.3280649889
139491.0889857414 125018.5924631667
140609.2783344425 125018.5924631667
140928.7610055000 124858.2246622556
140130.0543278563 124697.8568613444
140928.7610055000 124537.4890604333
140130.0543278563 124377.1212595222
141248.2436765575 124377.1212595222
142685.9156963161 122773.4432504111
142366.4330252586 122933.8110513222
142046.9503542012 123094.1788522333
141567.7263476150 123414.9144540556
142366.4330252586 123575.2822549667
141567.7263476150 123735.6500558778
141248.2436765575 123896.0178567889
141088.5023410287 123896.0178567889
141407.9850120862 124056.3856577000
140769.0196699713 124056.3856577000
141088.5023410287 124216.7534586111
140449.5369989138 124216.7534586111
141248.2436765575 124697.8568613444

139970.3129923276 125980.7992686333
139810.5716567989 125499.6958659000
140289.7956633850 125178.9602640778
139491.0889857414 125018.5924631667
141248.2436765575 125018.5924631667
140130.0543278563 124697.8568613444
141248.2436765575 124697.8568613444
140130.0543278563 124377.1212595222
143005.3983673736 122613.0754495000
142685.9156963161 122773.4432504111
142366.4330252586 122933.8110513222
142046.9503542012 123094.1788522333
141567.7263476150 123414.9144540556
142366.4330252586 123575.2822549667
141567.7263476150 123735.6500558778
141248.2436765575 123896.0178567889
141088.5023410287 123896.0178567889
140769.0196699713 124056.3856577000
141088.5023410287 124216.7534586111
140449.5369989138 124216.7534586111
140769.0196699713 124377.1212595222

142366.4330252586 122933.8110513222
142046.9503542012 123094.1788522333
141567.7263476150 123414.9144540556
142366.4330252586 123575.2822549667
141407.9850120862 123735.6500558778
141407.9850120862 123896.0178567889
141088.5023410287 123896.0178567889
141407.9850120862 124056.3856577000
141248.2436765575 124056.3856577000
141088.5023410287 124056.3856577000
140769.0196699713 124056.3856577000
141088.5023410287 124216.7534586111
140449.5369989138 124216.7534586111
140769.0196699713 124377.1212595222
140609.2783344425 124377.1212595222
140130.0543278563 124377.1212595222
140449.5369989138 124537.4890604333
140769.0196699713 124697.8568613444
140130.0543278563 124697.8568613444
139491.0889857414 125018.5924631667
140609.2783344425 125339.3280649889

142206.6916897299 122933.8110513222
141887.2090186724 123254.5466531444
141567.7263476150 123414.9144540556
141567.7263476150 123575.2822549667
141407.9850120862 123735.6500558778
141407.9850120862 123896.0178567889
141088.5023410287 123896.0178567889
141407.9850120862 124056.3856577000
141248.2436765575 124056.3856577000
141088.5023410287 124056.3856577000
140769.0196699713 124056.3856577000
141088.5023410287 124216.7534586111
140449.5369989138 124216.7534586111
141248.2436765575 124377.1212595222
140130.0543278563 124377.1212595222
140928.7610055000 124537.4890604333
140130.0543278563 124697.8568613444
140928.7610055000 124858.2246622556
140609.2783344425 125018.5924631667
139491.0889857414 125018.5924631667
140609.2783344425 125339.3280649889

139810.5716567989 125499.6958659000
140609.2783344425 125339.3280649889
139491.0889857414 125018.5924631667
140130.0543278563 124697.8568613444
140449.5369989138 124537.4890604333
142685.9156963161 122773.4432504111
142366.4330252586 122933.8110513222
142046.9503542012 123094.1788522333
141567.7263476150 123414.9144540556
142366.4330252586 123575.2822549667
141567.7263476150 123735.6500558778
141248.2436765575 123896.0178567889
141088.5023410287 123896.0178567889
141407.9850120862 124056.3856577000
140769.0196699713 124056.3856577000
141088.5023410287 124216.7534586111
140449.5369989138 124216.7534586111
140769.0196699713 124377.1212595222
140609.2783344425 124377.1212595222
140449.5369989138 124377.1212595222
140130.0543278563 124377.1212595222

139810.5716567989 125499.6958659000
140289.7956633850 125178.9602640778
139491.0889857414 125018.5924631667
140609.2783344425 125018.5924631667
141248.2436765575 125018.5924631667
140130.0543278563 124697.8568613444
141248.2436765575 124697.8568613444
140130.0543278563 124377.1212595222
140449.5369989138 124216.7534586111
141088.5023410287 124216.7534586111
143005.3983673736 122613.0754495000
142685.9156963161 122773.4432504111
142366.4330252586 122933.8110513222
142046.9503542012 123094.1788522333
141567.7263476150 123414.9144540556
142366.4330252586 123575.2822549667
141567.7263476150 123735.6500558778
141248.2436765575 123896.0178567889
141088.5023410287 123896.0178567889
140769.0196699713 124056.3856577000
141407.9850120862 124377.1212595222

139970.3129923276 125980.7992686333
139810.5716567989 125499.6958659000
140609.2783344425 125339.3280649889
139491.0889857414 125018.5924631667
140609.2783344425 125018.5924631667
140928.7610055000 124858.2246622556
140130.0543278563 124697.8568613444
140928.7610055000 124537.4890604333
140130.0543278563 124377.1212595222
140449.5369989138 124216.7534586111
141088.5023410287 124216.7534586111
140769.0196699713 124056.3856577000
141088.5023410287 123896.0178567889
141567.7263476150 123735.6500558778
143005.3983673736 122613.0754495000
142685.9156963161 122773.4432504111
142366.4330252586 122933.8110513222
142046.9503542012 123094.1788522333
141567.7263476150 123414.9144540556
142366.4330252586 123575.2822549667
141248.2436765575 123896.0178567889

142206.6916897299 122933.8110513222
141887.2090186724 123254.5466531444
141567.7263476150 123414.9144540556
141567.7263476150 123575.2822549667
141407.9850120862 123735.6500558778
141407.9850120862 123896.0178567889
141088.5023410287 123896.0178567889
141407.9850120862 124056.3856577000
141248.2436765575 124056.3856577000
141088.5023410287 124056.3856577000
140769.0196699713 124056.3856577000
141088.5023410287 124216.7534586111
140449.5369989138 124216.7534586111
141248.2436765575 124377.1212595222
140769.0196699713 124377.1212595222
140449.5369989138 124858.2246622556
140130.0543278563 124377.1212595222
140928.7610055000 124537.4890604333
140449.5369989138 124537.4890604333
140130.0543278563 124697.8568613444
140609.2783344425 125339.3280649889

139810.5716567989 125499.6958659000
142685.9156963161 122773.4432504111
142366.4330252586 122933.8110513222
142046.9503542012 123094.1788522333
141567.7263476150 123414.9144540556
142366.4330252586 123575.2822549667
141567.7263476150 123735.6500558778
141248.2436765575 123896.0178567889
141088.5023410287 123896.0178567889
141407.9850120862 124056.3856577000
140769.0196699713 124056.3856577000
141248.2436765575 124216.7534586111
141088.5023410287 124216.7534586111
140449.5369989138 124216.7534586111
140769.0196699713 124377.1212595222
140609.2783344425 124377.1212595222
140449.5369989138 124377.1212595222
140130.0543278563 124377.1212595222
140130.0543278563 124697.8568613444
139491.0889857414 125018.5924631667
140609.2783344425 125339.3280649889

142206.6916897299 122933.8110513222
141887.2090186724 123254.5466531444
141567.7263476150 123414.9144540556
141567.7263476150 123575.2822549667
141407.9850120862 123735.6500558778
141407.9850120862 123896.0178567889
141088.5023410287 123896.0178567889
141407.9850120862 124056.3856577000
141248.2436765575 124056.3856577000
141088.5023410287 124056.3856577000
140769.0196699713 124056.3856577000
141407.9850120862 124216.7534586111
141088.5023410287 124216.7534586111
140449.5369989138 124216.7534586111
140769.0196699713 124377.1212595222
141727.4676831437 123735.6500558778
140130.0543278563 124377.1212595222
140449.5369989138 124537.4890604333
140130.0543278563 124697.8568613444
140609.2783344425 125018.5924631667
140609.2783344425 125339.3280649889

140130.0543278563 124858.2246622556
140928.7610055000 124697.8568613444
140130.0543278563 124537.4890604333
140449.5369989138 124377.1212595222
140928.7610055000 124377.1212595222
141088.5023410287 124377.1212595222
140449.5369989138 124216.7534586111
140769.0196699713 124216.7534586111
140928.7610055000 124216.7534586111
141088.5023410287 124216.7534586111
141407.9850120862 124216.7534586111
140769.0196699713 124056.3856577000
142206.6916897299 122933.8110513222
141887.2090186724 123254.5466531444
141567.7263476150 123414.9144540556
141567.7263476150 123575.2822549667
141407.9850120862 123735.6500558778
141088.5023410287 123896.0178567889
141407.9850120862 124056.3856577000
141248.2436765575 124056.3856577000
141088.5023410287 124056.3856577000

140130.0543278563 124697.8568613444
140449.5369989138 124537.4890604333
140609.2783344425 124537.4890604333
140928.7610055000 124537.4890604333
140130.0543278563 124377.1212595222
140609.2783344425 124377.1212595222
140769.0196699713 124377.1212595222
141248.2436765575 124377.1212595222
142206.6916897299 122933.8110513222
141887.2090186724 123254.5466531444
141567.7263476150 123414.9144540556
141567.7263476150 123575.2822549667
141407.9850120862 123735.6500558778
141407.9850120862 123896.0178567889
141088.5023410287 123896.0178567889
141407.9850120862 124056.3856577000
141248.2436765575 124056.3856577000
141088.5023410287 124056.3856577000
140769.0196699713 124056.3856577000
141088.5023410287 124216.7534586111
140449.5369989138 124216.7534586111

140130.0543278563 124858.2246622556
141567.7263476150 123896.0178567889
140130.0543278563 124537.4890604333
140449.5369989138 124377.1212595222
140928.7610055000 124377.1212595222
141567.7263476150 123414.9144540556
141567.7263476150 123575.2822549667
141407.9850120862 123575.2822549667
141567.7263476150 123735.6500558778
141407.9850120862 123735.6500558778
141088.5023410287 123735.6500558778
141088.5023410287 123896.0178567889
141567.7263476150 124056.3856577000
141407.9850120862 124056.3856577000
141248.2436765575 124056.3856577000
141088.5023410287 124056.3856577000
140928.7610055000 124056.3856577000
140769.0196699713 124056.3856577000
140609.2783344425 124056.3856577000
141088.5023410287 124216.7534586111
140769.0196699713 124216.7534586111

141567.7263476150 123414.9144540556
141567.7263476150 123575.2822549667
141407.9850120862 123575.2822549667
141567.7263476150 123735.6500558778
141407.9850120862 123735.6500558778
141088.5023410287 123735.6500558778
141088.5023410287 123896.0178567889
140449.5369989138 124216.7534586111
141407.9850120862 124056.3856577000
141248.2436765575 124056.3856577000
141088.5023410287 124056.3856577000
140928.7610055000 124056.3856577000
140769.0196699713 124056.3856577000
140609.2783344425 124056.3856577000
141088.5023410287 124216.7534586111
140769.0196699713 124216.7534586111
140928.7610055000 124377.1212595222
140449.5369989138 124377.1212595222
140130.0543278563 124537.4890604333
140928.7610055000 124697.8568613444
140130.0543278563 124858.2246622556

140130.0543278563 124858.2246622556
140928.7610055000 124697.8568613444
140130.0543278563 124537.4890604333
140449.5369989138 124377.1212595222
140928.7610055000 124377.1212595222
141567.7263476150 123414.9144540556
141567.7263476150 123575.2822549667
141407.9850120862 123575.2822549667
141567.7263476150 123735.6500558778
141407.9850120862 123735.6500558778
141088.5023410287 123735.6500558778
141088.5023410287 123896.0178567889
141567.7263476150 124056.3856577000
141407.9850120862 124056.3856577000
141248.2436765575 124056.3856577000
141088.5023410287 124056.3856577000
140928.7610055000 124056.3856577000
140769.0196699713 124056.3856577000
140609.2783344425 124056.3856577000
141088.5023410287 124216.7534586111
140769.0196699713 124216.7534586111

142206.6916897299 122933.8110513222
141887.2090186724 123254.5466531444
141567.7263476150 123414.9144540556
141567.7263476150 123575.2822549667
141407.9850120862 123735.6500558778
141088.5023410287 123896.0178567889
141407.9850120862 124056.3856577000
141248.2436765575 124056.3856577000
141088.5023410287 124056.3856577000
140769.0196699713 124056.3856577000
141407.9850120862 124216.7534586111
141088.5023410287 124216.7534586111
140449.5369989138 124216.7534586111
140769.0196699713 124377.1212595222
140609.2783344425 124377.1212595222
140130.0543278563 124377.1212595222
140449.5369989138 124537.4890604333
140130.0543278563 124697.8568613444
140609.2783344425 125018.5924631667
141407.9850120862 123896.0178567889
140609.2783344425 125339.3280649889

140609.2783344425 125339.3280649889
139491.0889857414 125018.5924631667
140130.0543278563 124697.8568613444
140449.5369989138 124537.4890604333
140130.0543278563 124377.1212595222
140609.2783344425 124377.1212595222
140769.0196699713 124377.1212595222
142206.6916897299 122933.8110513222
141887.2090186724 123254.5466531444
141567.7263476150 123414.9144540556
141567.7263476150 123575.2822549667
141407.9850120862 123735.6500558778
141407.9850120862 123896.0178567889
141088.5023410287 123896.0178567889
141407.9850120862 124056.3856577000
141248.2436765575 124056.3856577000
141088.5023410287 124056.3856577000
140769.0196699713 124056.3856577000
141088.5023410287 124216.7534586111
140449.5369989138 124216.7534586111
141248.2436765575 124377.1212595222

140609.2783344425 125339.3280649889
140130.0543278563 124697.8568613444
140449.5369989138 124537.4890604333
140928.7610055000 124537.4890604333
142366.4330252586 122933.8110513222
142046.9503542012 123094.1788522333
141567.7263476150 123414.9144540556
142366.4330252586 123575.2822549667
141567.7263476150 123735.6500558778
141567.7263476150 123896.0178567889
141248.2436765575 123896.0178567889
141088.5023410287 123896.0178567889
141407.9850120862 124056.3856577000
141248.2436765575 124056.3856577000
140769.0196699713 124056.3856577000
141407.9850120862 124216.7534586111
141088.5023410287 124216.7534586111
140449.5369989138 124216.7534586111
141407.9850120862 124377.1212595222
140769.0196699713 124377.1212595222
140130.0543278563 124377.1212595222

142206.6916897299 122933.8110513222
141887.2090186724 123254.5466531444
141567.7263476150 123414.9144540556
141567.7263476150 123575.2822549667
141407.9850120862 123735.6500558778
141407.9850120862 123896.0178567889
141088.5023410287 123896.0178567889
141407.9850120862 124056.3856577000
141248.2436765575 124056.3856577000
141088.5023410287 124056.3856577000
140769.0196699713 124056.3856577000
141088.5023410287 124216.7534586111
140449.5369989138 124216.7534586111
141248.2436765575 124377.1212595222
140769.0196699713 124377.1212595222
140609.2783344425 124377.1212595222
140130.0543278563 124377.1212595222
140928.7610055000 124537.4890604333
141567.7263476150 124216.7534586111
140449.5369989138 124537.4890604333
140130.0543278563 124697.8568613444

139810.5716567989 125499.6958659000
140609.2783344425 125339.3280649889
139491.0889857414 125018.5924631667
140130.0543278563 124697.8568613444
142685.9156963161 122773.4432504111
142366.4330252586 122933.8110513222
142046.9503542012 123094.1788522333
141567.7263476150 123414.9144540556
142366.4330252586 123575.2822549667
141567.7263476150 123735.6500558778
141567.7263476150 123896.0178567889
141248.2436765575 123896.0178567889
141088.5023410287 123896.0178567889
141407.9850120862 124056.3856577000
140769.0196699713 124056.3856577000
141088.5023410287 124216.7534586111
140449.5369989138 124216.7534586111
140769.0196699713 124377.1212595222
140609.2783344425 124377.1212595222
140130.0543278563 124377.1212595222
140449.5369989138 124537.4890604333

119203.9393735919 143300.5217670333
119523.4220446494 143140.1539661222
139810.5716567989 126301.5348704555
139970.3129923276 125980.7992686333
143005.3983673736 122613.0754495000
142685.9156963161 122773.4432504111
142366.4330252586 122933.8110513222
142046.9503542012 123094.1788522333
141567.7263476150 123414.9144540556
142366.4330252586 123575.2822549667
141567.7263476150 123735.6500558778
141248.2436765575 123896.0178567889
140769.0196699713 124056.3856577000
140769.0196699713 124377.1212595222
140130.0543278563 124377.1212595222
141727.4676831437 124537.4890604333
140130.0543278563 124697.8568613444
141248.2436765575 125018.5924631667
139491.0889857414 125018.5924631667
140609.2783344425 125339.3280649889
139810.5716567989 125499.6958659000

140609.2783344425 125339.3280649889
139491.0889857414 125018.5924631667
140609.2783344425 125018.5924631667
140928.7610055000 124858.2246622556
143165.1397029023 122292.3398476778
143005.3983673736 122613.0754495000
142685.9156963161 122773.4432504111
142366.4330252586 122933.8110513222
142046.9503542012 123094.1788522333
141567.7263476150 123414.9144540556
142366.4330252586 123575.2822549667
141567.7263476150 123735.6500558778
141248.2436765575 123896.0178567889
141088.5023410287 123896.0178567889
140769.0196699713 124056.3856577000
141088.5023410287 124216.7534586111
140449.5369989138 124216.7534586111
140130.0543278563 124377.1212595222
139810.5716567989 125499.6958659000
139970.3129923276 125980.7992686333
139810.5716567989 126301.5348704555

139650.8303212701 125820.4314677222
139810.5716567989 125499.6958659000
140289.7956633850 125178.9602640778
139491.0889857414 125018.5924631667
140609.2783344425 125018.5924631667
141248.2436765575 125018.5924631667
140130.0543278563 124697.8568613444
141248.2436765575 124697.8568613444
140130.0543278563 124377.1212595222
141407.9850120862 124377.1212595222
140449.5369989138 124216.7534586111
141727.4676831437 124216.7534586111
140769.0196699713 124056.3856577000
141088.5023410287 123896.0178567889
143005.3983673736 122613.0754495000
142685.9156963161 122773.4432504111
142366.4330252586 122933.8110513222
142046.9503542012 123094.1788522333
141567.7263476150 123414.9144540556
142366.4330252586 123575.2822549667
141567.7263476150 123735.6500558778

119523.4220446494 143140.1539661222
143165.1397029023 122292.3398476778
143005.3983673736 122613.0754495000
142685.9156963161 122773.4432504111
142366.4330252586 122933.8110513222
142046.9503542012 123094.1788522333
141567.7263476150 123414.9144540556
142366.4330252586 123575.2822549667
141567.7263476150 123735.6500558778
141088.5023410287 123896.0178567889
140769.0196699713 124056.3856577000
140449.5369989138 124216.7534586111
140130.0543278563 124377.1212595222
141248.2436765575 124697.8568613444
140928.7610055000 124858.2246622556
140609.2783344425 125018.5924631667
139810.5716567989 125178.9602640778
140609.2783344425 125339.3280649889
139810.5716567989 125499.6958659000
139650.8303212701 125820.4314677222
139810.5716567989 126301.5348704555

119203.9393735919 143300.5217670333
119523.4220446494 143140.1539661222
143165.1397029023 122292.3398476778
143005.3983673736 122613.0754495000
142685.9156963161 122773.4432504111
142366.4330252586 122933.8110513222
142046.9503542012 123094.1788522333
141567.7263476150 123414.9144540556
142366.4330252586 123575.2822549667
141567.7263476150 123735.6500558778
141088.5023410287 123896.0178567889
140769.0196699713 124056.3856577000
140449.5369989138 124216.7534586111
140130.0543278563 124377.1212595222
140928.7610055000 124537.4890604333
140609.2783344425 125018.5924631667
139491.0889857414 125018.5924631667
140609.2783344425 125339.3280649889
139810.5716567989 125499.6958659000
139970.3129923276 125980.7992686333
139810.5716567989 126301.5348704555

142206.6916897299 122933.8110513222
141887.2090186724 123254.5466531444
141567.7263476150 123414.9144540556
141567.7263476150 123575.2822549667
141407.9850120862 123735.6500558778
141407.9850120862 123896.0178567889
141088.5023410287 123896.0178567889
141407.9850120862 124056.3856577000
141248.2436765575 124056.3856577000
141088.5023410287 124056.3856577000
140769.0196699713 124056.3856577000
141088.5023410287 124216.7534586111
140449.5369989138 124216.7534586111
141248.2436765575 124377.1212595222
140769.0196699713 124377.1212595222
141567.7263476150 124056.3856577000
140130.0543278563 124377.1212595222
140928.7610055000 124537.4890604333
140609.2783344425 124537.4890604333
140449.5369989138 124537.4890604333
140130.0543278563 124697.8568613444

142206.6916897299 122933.8110513222
141887.2090186724 123254.5466531444
141567.7263476150 123414.9144540556
141567.7263476150 123575.2822549667
141407.9850120862 123735.6500558778
141407.9850120862 123896.0178567889
141088.5023410287 123896.0178567889
141407.9850120862 124056.3856577000
141248.2436765575 124056.3856577000
140769.0196699713 124056.3856577000
141088.5023410287 124216.7534586111
140449.5369989138 124216.7534586111
141248.2436765575 124377.1212595222
140769.0196699713 124377.1212595222
140609.2783344425 124377.1212595222
140130.0543278563 124377.1212595222
140928.7610055000 124537.4890604333
140609.2783344425 124537.4890604333
140449.5369989138 124537.4890604333
140130.0543278563 124697.8568613444
141407.9850120862 124377.1212595222

142685.9156963161 122773.4432504111
142366.4330252586 122933.8110513222
142046.9503542012 123094.1788522333
141567.7263476150 123414.9144540556
142366.4330252586 123575.2822549667
141567.7263476150 123735.6500558778
141248.2436765575 123896.0178567889
141088.5023410287 123896.0178567889
141407.9850120862 124056.3856577000
140769.0196699713 124056.3856577000
141248.2436765575 124216.7534586111
141088.5023410287 124216.7534586111
140449.5369989138 124216.7534586111
140769.0196699713 124377.1212595222
140609.2783344425 124377.1212595222
140130.0543278563 124377.1212595222
140449.5369989138 124537.4890604333
140130.0543278563 124697.8568613444
139491.0889857414 125018.5924631667
140609.2783344425 125339.3280649889
139810.5716567989 125499.6958659000

142206.6916897299 122933.8110513222
141887.2090186724 123254.5466531444
141567.7263476150 123414.9144540556
141567.7263476150 123575.2822549667
141407.9850120862 123735.6500558778
141407.9850120862 123896.0178567889
141088.5023410287 123896.0178567889
141407.9850120862 124056.3856577000
141248.2436765575 124056.3856577000
141088.5023410287 124056.3856577000
140769.0196699713 124056.3856577000
141088.5023410287 124216.7534586111
140449.5369989138 124216.7534586111
141248.2436765575 124377.1212595222
140769.0196699713 124377.1212595222
140609.2783344425 124377.1212595222
140130.0543278563 124377.1212595222
140928.7610055000 124537.4890604333
140449.5369989138 124537.4890604333
140130.0543278563 124697.8568613444
140609.2783344425 125339.3280649889

139810.5716567989 126301.5348704555
139810.5716567989 125499.6958659000
139011.8649791552 125339.3280649889
140609.2783344425 125339.3280649889
139810.5716567989 125178.9602640778
143005.3983673736 122613.0754495000
142685.9156963161 122773.4432504111
142366.4330252586 122933.8110513222
142046.9503542012 123094.1788522333
141567.7263476150 123414.9144540556
142366.4330252586 123575.2822549667
141567.7263476150 123735.6500558778
141248.2436765575 123896.0178567889
141088.5023410287 123896.0178567889
140769.0196699713 124056.3856577000
141088.5023410287 124216.7534586111
140449.5369989138 124216.7534586111
140769.0196699713 124377.1212595222
140130.0543278563 124377.1212595222
140769.0196699713 124697.8568613444
140130.0543278563 124697.8568613444

140609.2783344425 125339.3280649889
139491.0889857414 125018.5924631667
140130.0543278563 124697.8568613444
140449.5369989138 124537.4890604333
140609.2783344425 124377.1212595222
140769.0196699713 124377.1212595222
141248.2436765575 124377.1212595222
140449.5369989138 124216.7534586111
140928.7610055000 124216.7534586111
142206.6916897299 122933.8110513222
141887.2090186724 123254.5466531444
141567.7263476150 123414.9144540556
141567.7263476150 123575.2822549667
141407.9850120862 123735.6500558778
141407.9850120862 123896.0178567889
141088.5023410287 123896.0178567889
141407.9850120862 124056.3856577000
141248.2436765575 124056.3856577000
141088.5023410287 124056.3856577000
140769.0196699713 124056.3856577000
141088.5023410287 124216.7534586111

139810.5716567989 125499.6958659000
140609.2783344425 125339.3280649889
139491.0889857414 125018.5924631667
140130.0543278563 124697.8568613444
140449.5369989138 124537.4890604333
140130.0543278563 124377.1212595222
140769.0196699713 124377.1212595222
140449.5369989138 124216.7534586111
141088.5023410287 124216.7534586111
141407.9850120862 124216.7534586111
142685.9156963161 122773.4432504111
142366.4330252586 122933.8110513222
142046.9503542012 123094.1788522333
141567.7263476150 123414.9144540556
142366.4330252586 123575.2822549667
141567.7263476150 123735.6500558778
141248.2436765575 123896.0178567889
141088.5023410287 123896.0178567889
141407.9850120862 124056.3856577000
140769.0196699713 124056.3856577000
140928.7610055000 124216.7534586111

141567.7263476150 123414.9144540556
141567.7263476150 123575.2822549667
141407.9850120862 123575.2822549667
141567.7263476150 123735.6500558778
141088.5023410287 123735.6500558778
141407.9850120862 123896.0178567889
141088.5023410287 123896.0178567889
140928.7610055000 123896.0178567889
141567.7263476150 124056.3856577000
141407.9850120862 124056.3856577000
141248.2436765575 124056.3856577000
141088.5023410287 124056.3856577000
140928.7610055000 124056.3856577000
140769.0196699713 124056.3856577000
140609.2783344425 124056.3856577000
141088.5023410287 124216.7534586111
140769.0196699713 124216.7534586111
141248.2436765575 124377.1212595222
140289.7956633850 124377.1212595222
140130.0543278563 124377.1212595222
140130.0543278563 124697.8568613444

141567.7263476150 123414.9144540556
141567.7263476150 123575.2822549667
141407.9850120862 123575.2822549667
141567.7263476150 123735.6500558778
141088.5023410287 123735.6500558778
141088.5023410287 123896.0178567889
140928.7610055000 123896.0178567889
141567.7263476150 124056.3856577000
141407.9850120862 124056.3856577000
141248.2436765575 124056.3856577000
141088.5023410287 124056.3856577000
140928.7610055000 124056.3856577000
140769.0196699713 124056.3856577000
140609.2783344425 124056.3856577000
141088.5023410287 124216.7534586111
140769.0196699713 124216.7534586111
140449.5369989138 124537.4890604333
140769.0196699713 124377.1212595222
140289.7956633850 124377.1212595222
140130.0543278563 124377.1212595222
140130.0543278563 124697.8568613444

139650.8303212701 125820.4314677222
139810.5716567989 125499.6958659000
140289.7956633850 125178.9602640778
139491.0889857414 125018.5924631667
140609.2783344425 125018.5924631667
141248.2436765575 125018.5924631667
140130.0543278563 124697.8568613444
141248.2436765575 124697.8568613444
140130.0543278563 124377.1212595222
140449.5369989138 124216.7534586111
141088.5023410287 124216.7534586111
143005.3983673736 122613.0754495000
142685.9156963161 122773.4432504111
142366.4330252586 122933.8110513222
142046.9503542012 123094.1788522333
141567.7263476150 123414.9144540556
142366.4330252586 123575.2822549667
141567.7263476150 123735.6500558778
141088.5023410287 123896.0178567889
141407.9850120862 124056.3856577000
140769.0196699713 124056.3856577000

139810.5716567989 125499.6958659000
140609.2783344425 125339.3280649889
139491.0889857414 125018.5924631667
140130.0543278563 124697.8568613444
140449.5369989138 124537.4890604333
140130.0543278563 124377.1212595222
140769.0196699713 124377.1212595222
141088.5023410287 124377.1212595222
142685.9156963161 122773.4432504111
142366.4330252586 122933.8110513222
142046.9503542012 123094.1788522333
141567.7263476150 123414.9144540556
142366.4330252586 123575.2822549667
141567.7263476150 123735.6500558778
141567.7263476150 123896.0178567889
141248.2436765575 123896.0178567889
141088.5023410287 123896.0178567889
141407.9850120862 124056.3856577000
140769.0196699713 124056.3856577000
141088.5023410287 124216.7534586111
140449.5369989138 124216.7534586111

139650.8303212701 125820.4314677222
139810.5716567989 125499.6958659000
140289.7956633850 125178.9602640778
139491.0889857414 125018.5924631667
140609.2783344425 125018.5924631667
141248.2436765575 125018.5924631667
140130.0543278563 124697.8568613444
141248.2436765575 124697.8568613444
140130.0543278563 124377.1212595222
142685.9156963161 122773.4432504111
142366.4330252586 122933.8110513222
142046.9503542012 123094.1788522333
141567.7263476150 123414.9144540556
142366.4330252586 123575.2822549667
141567.7263476150 123735.6500558778
141248.2436765575 123896.0178567889
141088.5023410287 123896.0178567889
141407.9850120862 124056.3856577000
140769.0196699713 124056.3856577000
140449.5369989138 124216.7534586111
141407.9850120862 124377.1212595222

141567.7263476150 123414.9144540556
141567.7263476150 123575.2822549667
141407.9850120862 123575.2822549667
141567.7263476150 123735.6500558778
140928.7610055000 123896.0178567889
141088.5023410287 123735.6500558778
141088.5023410287 123896.0178567889
141567.7263476150 124056.3856577000
141407.9850120862 124056.3856577000
141248.2436765575 124056.3856577000
141088.5023410287 124056.3856577000
140928.7610055000 124056.3856577000
140769.0196699713 124056.3856577000
140609.2783344425 124056.3856577000
141088.5023410287 124216.7534586111
140769.0196699713 124216.7534586111
141248.2436765575 124377.1212595222
140769.0196699713 124377.1212595222
140289.7956633850 124377.1212595222
140130.0543278563 124377.1212595222
140130.0543278563 124697.8568613444

139810.5716567989 125499.6958659000
140609.2783344425 125339.3280649889
139491.0889857414 125018.5924631667
143165.1397029023 122292.3398476778
143005.3983673736 122613.0754495000
142685.9156963161 122773.4432504111
142366.4330252586 122933.8110513222
142046.9503542012 123094.1788522333
141567.7263476150 123414.9144540556
142366.4330252586 123575.2822549667
141567.7263476150 123735.6500558778
141088.5023410287 123896.0178567889
140769.0196699713 124056.3856577000
140449.5369989138 124216.7534586111
140130.0543278563 124377.1212595222
140609.2783344425 125018.5924631667
139970.3129923276 125980.7992686333
139810.5716567989 126301.5348704555
120481.8700578218 142819.4183643000
119523.4220446494 143140.1539661222
119203.9393735919 143300.5217670333

140609.2783344425 125339.3280649889
139491.0889857414 125018.5924631667
140130.0543278563 124697.8568613444
140449.5369989138 124537.4890604333
140130.0543278563 124377.1212595222
140609.2783344425 124377.1212595222
140769.0196699713 124377.1212595222
141248.2436765575 124377.1212595222
140449.5369989138 124216.7534586111
142685.9156963161 122773.4432504111
142366.4330252586 122933.8110513222
142046.9503542012 123094.1788522333
141567.7263476150 123414.9144540556
142366.4330252586 123575.2822549667
141567.7263476150 123735.6500558778
141248.2436765575 123896.0178567889
141088.5023410287 123896.0178567889
141407.9850120862 124056.3856577000
140769.0196699713 124056.3856577000
141407.9850120862 124216.7534586111
141088.5023410287 124216.7534586111

143165.1397029023 122292.3398476778
143005.3983673736 122613.0754495000
142685.9156963161 122773.4432504111
142366.4330252586 122933.8110513222
142046.9503542012 123094.1788522333
141567.7263476150 123414.9144540556
142366.4330252586 123575.2822549667
141567.7263476150 123735.6500558778
141088.5023410287 123896.0178567889
140769.0196699713 124056.3856577000
140449.5369989138 124216.7534586111
141407.9850120862 124377.1212595222
140130.0543278563 124377.1212595222
141248.2436765575 124697.8568613444
140130.0543278563 124697.8568613444
141248.2436765575 125018.5924631667
140609.2783344425 125018.5924631667
139491.0889857414 125018.5924631667
140289.7956633850 125178.9602640778
139810.5716567989 125499.6958659000
139650.8303212701 125820.4314677222

139810.5716567989 125018.5924631667
140928.7610055000 125018.5924631667
140130.0543278563 124858.2246622556
140928.7610055000 124697.8568613444
140130.0543278563 124537.4890604333
141088.5023410287 124537.4890604333
140449.5369989138 124377.1212595222
140928.7610055000 124377.1212595222
140928.7610055000 124216.7534586111
141088.5023410287 124216.7534586111
140609.2783344425 124056.3856577000
140769.0196699713 124056.3856577000
141088.5023410287 124056.3856577000
141407.9850120862 124056.3856577000
142206.6916897299 122933.8110513222
141887.2090186724 123254.5466531444
141567.7263476150 123414.9144540556
141567.7263476150 123575.2822549667
141407.9850120862 123735.6500558778
141088.5023410287 123896.0178567889
141248.2436765575 124056.3856577000

141887.2090186724 123254.5466531444
141567.7263476150 123414.9144540556
141567.7263476150 123575.2822549667
141407.9850120862 123735.6500558778
141088.5023410287 123896.0178567889
141407.9850120862 124056.3856577000
141088.5023410287 124056.3856577000
140769.0196699713 124056.3856577000
140609.2783344425 124056.3856577000
141407.9850120862 124216.7534586111
141088.5023410287 124216.7534586111
140928.7610055000 124216.7534586111
142206.6916897299 123094.1788522333
140928.7610055000 124377.1212595222
140449.5369989138 124377.1212595222
141088.5023410287 124537.4890604333
140130.0543278563 124537.4890604333
140928.7610055000 124697.8568613444
140130.0543278563 124858.2246622556
140928.7610055000 125018.5924631667
139810.5716567989 125018.5924631667

