120858.4784244306 122251.6899955562
121717.2835451637 121996.1625779689
122042.2368340897 121996.1625779689
121253.0645609837 122205.2304650858
120765.6346275946 121880.0137517929
122483.2448690607 121880.0137517929
122204.7134785527 121856.7839865577
122506.4558182697 121856.7839865577
121763.7054435817 121833.5542213225
121461.9631038647 121810.3244560873
121856.5492404177 121810.3244560873
120487.1032370866 121763.8649256169
122924.2529040317 121763.8649256169
123249.2061929578 121740.6351603817
121183.4317133566 121694.1756299112

121485.1740530737 122251.6899955562
120579.9470339226 122228.4602303210
120324.6265926236 122158.7709346154
120022.8842529066 122065.8518736745
122042.2368340897 121996.1625779689
121369.1193070286 121926.4732822633
122506.4558182697 121880.0137517929
119860.4076084436 121833.5542213225
122924.2529040317 121763.8649256169
123249.2061929578 121740.6351603817
121183.4317133566 121694.1756299112
122251.1353769707 121670.9458646760
123667.0032787198 121601.2565689704
121972.6039864627 121578.0268037352
121647.6506975367 121415.4184470888

120579.9470339226 122228.4602303210
120324.6265926236 122158.7709346154
120022.8842529066 122065.8518736745
121020.9550688936 121996.1625779689
122042.2368340897 121996.1625779689
121369.1193070286 121926.4732822633
122506.4558182697 121880.0137517929
121717.2835451637 121856.7839865577
119860.4076084436 121833.5542213225
122924.2529040317 121763.8649256169
123249.2061929578 121740.6351603817
122251.1353769707 121670.9458646760
123667.0032787198 121601.2565689704
121810.1273419997 121694.1756299112
121856.5492404177 121810.3244560873

121485.1740530737 122251.6899955562
120579.9470339226 122228.4602303210
120324.6265926236 122158.7709346154
120022.8842529066 122065.8518736745
121020.9550688936 121996.1625779689
122042.2368340897 121996.1625779689
121369.1193070286 121926.4732822633
122506.4558182697 121880.0137517929
119860.4076084436 121833.5542213225
122924.2529040317 121763.8649256169
123249.2061929578 121740.6351603817
123667.0032787198 121601.2565689704
121972.6039864627 121578.0268037352
121299.4864594016 115700.8961992280
121601.2287991187 121531.5672732648

121740.4944943727 121880.0137517929
122042.2368340897 121996.1625779689
121763.7054435817 121926.4732822633
121438.7521546556 121903.2435170281
121485.1740530737 121903.2435170281
122506.4558182697 121880.0137517929
121717.2835451637 121856.7839865577
121183.4317133566 121810.3244560873
121856.5492404177 121810.3244560873
122251.1353769707 121810.3244560873
120858.4784244306 121787.0946908521
122204.7134785527 121787.0946908521
122924.2529040317 121763.8649256169
121786.9163927907 121740.6351603817
122204.7134785527 121694.1756299112

120579.9470339226 122228.4602303210
120324.6265926236 122158.7709346154
120022.8842529066 122065.8518736745
121949.3930372537 121996.1625779689
122042.2368340897 121996.1625779689
121369.1193070286 121926.4732822633
121090.5879165206 121880.0137517929
122483.2448690607 121880.0137517929
122506.4558182697 121880.0137517929
121717.2835451637 121856.7839865577
122204.7134785527 121856.7839865577
121856.5492404177 121810.3244560873
122924.2529040317 121763.8649256169
123249.2061929578 121740.6351603817
122251.1353769707 121670.9458646760

120579.9470339226 122228.4602303210
120324.6265926236 122158.7709346154
120022.8842529066 122065.8518736745
121020.9550688936 121996.1625779689
122042.2368340897 121996.1625779689
121369.1193070286 121926.4732822633
122506.4558182697 121880.0137517929
121717.2835451637 121856.7839865577
119860.4076084436 121833.5542213225
122924.2529040317 121763.8649256169
123249.2061929578 121740.6351603817
123667.0032787198 121601.2565689704
124293.6989073629 118325.8596708063
122251.1353769707 121670.9458646760
121879.7601896267 121717.4053951465

121717.2835451637 121996.1625779689
122042.2368340897 121996.1625779689
121461.9631038647 121926.4732822633
121763.7054435817 121926.4732822633
122413.6120214337 121926.4732822633
121438.7521546556 121903.2435170281
122111.8696817167 121903.2435170281
122506.4558182697 121880.0137517929
122390.4010722247 121949.7030474985
121856.5492404177 121810.3244560873
121879.7601896267 121810.3244560873
122251.1353769707 121810.3244560873
122204.7134785527 121787.0946908521
122065.4477832987 121717.4053951465
122204.7134785527 121694.1756299112

120974.5331704756 115631.2069035224
123759.8470755558 118163.2513141599
123667.0032787198 121601.2565689704
122251.1353769707 121670.9458646760
123249.2061929578 121740.6351603817
122924.2529040317 121763.8649256169
119860.4076084436 121833.5542213225
121717.2835451637 121856.7839865577
122506.4558182697 121880.0137517929
121369.1193070286 121926.4732822633
122042.2368340897 121996.1625779689
121020.9550688936 121996.1625779689
120022.8842529066 122065.8518736745
120324.6265926236 122158.7709346154
120579.9470339226 122228.4602303210

121717.2835451637 121996.1625779689
122042.2368340897 121996.1625779689
121740.4944943727 121926.4732822633
122227.9244277617 121949.7030474985
121647.6506975367 121880.0137517929
121717.2835451637 121856.7839865577
121786.9163927907 121856.7839865577
121856.5492404177 121856.7839865577
121856.5492404177 121810.3244560873
121879.7601896267 121810.3244560873
122251.1353769707 121810.3244560873
122204.7134785527 121787.0946908521
121786.9163927907 121740.6351603817
122065.4477832987 121717.4053951465
122204.7134785527 121694.1756299112

120974.5331704756 115631.2069035224
121299.4864594016 115700.8961992280
124293.6989073629 118325.8596708063
123667.0032787198 121601.2565689704
123249.2061929578 121740.6351603817
122924.2529040317 121763.8649256169
119860.4076084436 121833.5542213225
121717.2835451637 121856.7839865577
122506.4558182697 121880.0137517929
121369.1193070286 121926.4732822633
122042.2368340897 121996.1625779689
121020.9550688936 121996.1625779689
120022.8842529066 122065.8518736745
120324.6265926236 122158.7709346154
120579.9470339226 122228.4602303210

120858.4784244306 122251.6899955562
121717.2835451637 121996.1625779689
122042.2368340897 121996.1625779689
121369.1193070286 121926.4732822633
120765.6346275946 121880.0137517929
122483.2448690607 121880.0137517929
122204.7134785527 121856.7839865577
122506.4558182697 121856.7839865577
121763.7054435817 121833.5542213225
121461.9631038647 121810.3244560873
121856.5492404177 121810.3244560873
122924.2529040317 121763.8649256169
121856.5492404177 121717.4053951465
121183.4317133566 121694.1756299112
120394.2594402506 122019.3923432041

121717.2835451637 121996.1625779689
122042.2368340897 121996.1625779689
122204.7134785527 121972.9328127337
121740.4944943727 121926.4732822633
121392.3302562376 121880.0137517929
121647.6506975367 121880.0137517929
121717.2835451637 121856.7839865577
121856.5492404177 121856.7839865577
122483.2448690607 121856.7839865577
121856.5492404177 121810.3244560873
121879.7601896267 121810.3244560873
122251.1353769707 121810.3244560873
122204.7134785527 121787.0946908521
122320.7682245977 121856.7839865577
122065.4477832987 121717.4053951465

122251.1353769707 121670.9458646760
121183.4317133566 121694.1756299112
121856.5492404177 121717.4053951465
123249.2061929578 121740.6351603817
122924.2529040317 121763.8649256169
121461.9631038647 121810.3244560873
121717.2835451637 121856.7839865577
122506.4558182697 121880.0137517929
122483.2448690607 121880.0137517929
121369.1193070286 121926.4732822633
120138.9389989516 121926.4732822633
120394.2594402506 121972.9328127337
122042.2368340897 121996.1625779689
121717.2835451637 121996.1625779689
120579.9470339226 122228.4602303210

121717.2835451637 121996.1625779689
122042.2368340897 121996.1625779689
121461.9631038647 121926.4732822633
121763.7054435817 121926.4732822633
121438.7521546556 121903.2435170281
122506.4558182697 121880.0137517929
121717.2835451637 121856.7839865577
121183.4317133566 121810.3244560873
121856.5492404177 121810.3244560873
122251.1353769707 121810.3244560873
122204.7134785527 121787.0946908521
122924.2529040317 121763.8649256169
121786.9163927907 121740.6351603817
122065.4477832987 121717.4053951465
122251.1353769707 121670.9458646760

120579.9470339226 122228.4602303210
120324.6265926236 122158.7709346154
120022.8842529066 122065.8518736745
121020.9550688936 121996.1625779689
122042.2368340897 121996.1625779689
121369.1193070286 121926.4732822633
122506.4558182697 121880.0137517929
121717.2835451637 121856.7839865577
119860.4076084436 121833.5542213225
122924.2529040317 121763.8649256169
123249.2061929578 121740.6351603817
123667.0032787198 121601.2565689704
121972.6039864627 121578.0268037352
121601.2287991187 121531.5672732648
120974.5331704756 115631.2069035224

121717.2835451637 121996.1625779689
122042.2368340897 121996.1625779689
121369.1193070286 121926.4732822633
120765.6346275946 121880.0137517929
122483.2448690607 121880.0137517929
122204.7134785527 121856.7839865577
122506.4558182697 121856.7839865577
121763.7054435817 121833.5542213225
121461.9631038647 121810.3244560873
121856.5492404177 121810.3244560873
122924.2529040317 121763.8649256169
121856.5492404177 121717.4053951465
121183.4317133566 121694.1756299112
122251.1353769707 121670.9458646760
122204.7134785527 121694.1756299112

121485.1740530737 122251.6899955562
120579.9470339226 122228.4602303210
120324.6265926236 122158.7709346154
120022.8842529066 122065.8518736745
121020.9550688936 121996.1625779689
122042.2368340897 121996.1625779689
121369.1193070286 121926.4732822633
122506.4558182697 121880.0137517929
119860.4076084436 121833.5542213225
122924.2529040317 121763.8649256169
123249.2061929578 121740.6351603817
123667.0032787198 121601.2565689704
121972.6039864627 121578.0268037352
120974.5331704756 115631.2069035224
122251.1353769707 121670.9458646760

120579.9470339226 122228.4602303210
120324.6265926236 122158.7709346154
120022.8842529066 122065.8518736745
121020.9550688936 121996.1625779689
122042.2368340897 121996.1625779689
121369.1193070286 121926.4732822633
122506.4558182697 121880.0137517929
121717.2835451637 121903.2435170281
119860.4076084436 121833.5542213225
122924.2529040317 121763.8649256169
123249.2061929578 121740.6351603817
122204.7134785527 121694.1756299112
123667.0032787198 121601.2565689704
121972.6039864627 121578.0268037352
120974.5331704756 115631.2069035224

121183.4317133566 121694.1756299112
123249.2061929578 121740.6351603817
122924.2529040317 121763.8649256169
121856.5492404177 121810.3244560873
121461.9631038647 121810.3244560873
122204.7134785527 121856.7839865577
121717.2835451637 121856.7839865577
122506.4558182697 121880.0137517929
122483.2448690607 121880.0137517929
121369.1193070286 121926.4732822633
120138.9389989516 121926.4732822633
120394.2594402506 121972.9328127337
122042.2368340897 121996.1625779689
121717.2835451637 121996.1625779689
120649.5798815496 122065.8518736745

121183.4317133566 121694.1756299112
123249.2061929578 121740.6351603817
122924.2529040317 121763.8649256169
122436.8229706427 121810.3244560873
121856.5492404177 121810.3244560873
121461.9631038647 121810.3244560873
122204.7134785527 121856.7839865577
121717.2835451637 121856.7839865577
122506.4558182697 121880.0137517929
122483.2448690607 121880.0137517929
121090.5879165206 121880.0137517929
121369.1193070286 121926.4732822633
122042.2368340897 121996.1625779689
121717.2835451637 121996.1625779689
120649.5798815496 122065.8518736745

122251.1353769707 121670.9458646760
121183.4317133566 121694.1756299112
121856.5492404177 121717.4053951465
122924.2529040317 121763.8649256169
121461.9631038647 121810.3244560873
121763.7054435817 121833.5542213225
122506.4558182697 121856.7839865577
122204.7134785527 121856.7839865577
122111.8696817167 121856.7839865577
122483.2448690607 121880.0137517929
122204.7134785527 121810.3244560873
122042.2368340897 121996.1625779689
121717.2835451637 121996.1625779689
121322.6974086106 122019.3923432041
121647.6506975367 122042.6221084393

120858.4784244306 122251.6899955562
122251.1353769707 121670.9458646760
121183.4317133566 121694.1756299112
121856.5492404177 121717.4053951465
122924.2529040317 121763.8649256169
121856.5492404177 121810.3244560873
121461.9631038647 121810.3244560873
122181.5025293437 121833.5542213225
121763.7054435817 121833.5542213225
122204.7134785527 121856.7839865577
122483.2448690607 121880.0137517929
120765.6346275946 121880.0137517929
121369.1193070286 121926.4732822633
122042.2368340897 121996.1625779689
121717.2835451637 121996.1625779689

123667.0032787198 121601.2565689704
122251.1353769707 121670.9458646760
121879.7601896267 121717.4053951465
123249.2061929578 121740.6351603817
122924.2529040317 121763.8649256169
121856.5492404177 121810.3244560873
119860.4076084436 121833.5542213225
121717.2835451637 121856.7839865577
122506.4558182697 121880.0137517929
121369.1193070286 121926.4732822633
122042.2368340897 121996.1625779689
121020.9550688936 121996.1625779689
120022.8842529066 122065.8518736745
120324.6265926236 122158.7709346154
120579.9470339226 122228.4602303210

120579.9470339226 122228.4602303210
120324.6265926236 122158.7709346154
120022.8842529066 122065.8518736745
121020.9550688936 121996.1625779689
122042.2368340897 121996.1625779689
121369.1193070286 121926.4732822633
122506.4558182697 121880.0137517929
121717.2835451637 121856.7839865577
119860.4076084436 121833.5542213225
122924.2529040317 121763.8649256169
123249.2061929578 121740.6351603817
121879.7601896267 121717.4053951465
122251.1353769707 121670.9458646760
123667.0032787198 121601.2565689704
120974.5331704756 115631.2069035224

121717.2835451637 121996.1625779689
122042.2368340897 121996.1625779689
121461.9631038647 121926.4732822633
121763.7054435817 121926.4732822633
122413.6120214337 121926.4732822633
121438.7521546556 121903.2435170281
122111.8696817167 121903.2435170281
122506.4558182697 121880.0137517929
121833.3382912087 121856.7839865577
122204.7134785527 121694.1756299112
122065.4477832987 121717.4053951465
122204.7134785527 121787.0946908521
122251.1353769707 121810.3244560873
121879.7601896267 121810.3244560873
121856.5492404177 121810.3244560873

120579.9470339226 122228.4602303210
120324.6265926236 122158.7709346154
120022.8842529066 122065.8518736745
121020.9550688936 121996.1625779689
122042.2368340897 121996.1625779689
121369.1193070286 121926.4732822633
122506.4558182697 121880.0137517929
121601.2287991187 122135.5411693802
119860.4076084436 121833.5542213225
122924.2529040317 121763.8649256169
123249.2061929578 121740.6351603817
123667.0032787198 121601.2565689704
121972.6039864627 121578.0268037352
122622.5105643147 121136.6612642663
120974.5331704756 115631.2069035224

120579.9470339226 122228.4602303210
120324.6265926236 122158.7709346154
120022.8842529066 122065.8518736745
121020.9550688936 121996.1625779689
122042.2368340897 121996.1625779689
121369.1193070286 121926.4732822633
122506.4558182697 121880.0137517929
121717.2835451637 121856.7839865577
119860.4076084436 121833.5542213225
122924.2529040317 121763.8649256169
123249.2061929578 121740.6351603817
122204.7134785527 121694.1756299112
123667.0032787198 121601.2565689704
121972.6039864627 121578.0268037352
121601.2287991187 121531.5672732648

120649.5798815496 122065.8518736745
121322.6974086106 122019.3923432041
121717.2835451637 121996.1625779689
122042.2368340897 121996.1625779689
121369.1193070286 121926.4732822633
121090.5879165206 121880.0137517929
122483.2448690607 121880.0137517929
122506.4558182697 121880.0137517929
121717.2835451637 121856.7839865577
122204.7134785527 121856.7839865577
121461.9631038647 121810.3244560873
121856.5492404177 121810.3244560873
122924.2529040317 121763.8649256169
122251.1353769707 121670.9458646760
121183.4317133566 121694.1756299112

120579.9470339226 122228.4602303210
121717.2835451637 121996.1625779689
122042.2368340897 121996.1625779689
121601.2287991187 121531.5672732648
121972.6039864627 121578.0268037352
123667.0032787198 121601.2565689704
122251.1353769707 121670.9458646760
123249.2061929578 121740.6351603817
122924.2529040317 121763.8649256169
119860.4076084436 121833.5542213225
122506.4558182697 121880.0137517929
121369.1193070286 121926.4732822633
121020.9550688936 121996.1625779689
120022.8842529066 122065.8518736745
120324.6265926236 122158.7709346154

120579.9470339226 122228.4602303210
120324.6265926236 122158.7709346154
120022.8842529066 122065.8518736745
121020.9550688936 121996.1625779689
122042.2368340897 121996.1625779689
121369.1193070286 121926.4732822633
122506.4558182697 121880.0137517929
121717.2835451637 121856.7839865577
119860.4076084436 121833.5542213225
122924.2529040317 121763.8649256169
123249.2061929578 121740.6351603817
121879.7601896267 121717.4053951465
122251.1353769707 121670.9458646760
123667.0032787198 121601.2565689704
123759.8470755558 118163.2513141599

120579.9470339226 122228.4602303210
121717.2835451637 121996.1625779689
122042.2368340897 121996.1625779689
120394.2594402506 121972.9328127337
120138.9389989516 121926.4732822633
121369.1193070286 121926.4732822633
122622.5105643147 121136.6612642663
121624.4397483277 121461.8779775592
121972.6039864627 121578.0268037352
123667.0032787198 121601.2565689704
123249.2061929578 121740.6351603817
122924.2529040317 121763.8649256169
119860.4076084436 121833.5542213225
122506.4558182697 121880.0137517929
121020.9550688936 121996.1625779689

120579.9470339226 122228.4602303210
120324.6265926236 122158.7709346154
120022.8842529066 122065.8518736745
121020.9550688936 121996.1625779689
122042.2368340897 121996.1625779689
121369.1193070286 121926.4732822633
122506.4558182697 121880.0137517929
121717.2835451637 121856.7839865577
119860.4076084436 121833.5542213225
122924.2529040317 121763.8649256169
123249.2061929578 121740.6351603817
123667.0032787198 121601.2565689704
122251.1353769707 121670.9458646760
121879.7601896267 121717.4053951465
122204.7134785527 121787.0946908521

122251.1353769707 121670.9458646760
121879.7601896267 121717.4053951465
122204.7134785527 121787.0946908521
122251.1353769707 121810.3244560873
121856.5492404177 121810.3244560873
121183.4317133566 121810.3244560873
121833.3382912087 121856.7839865577
122506.4558182697 121880.0137517929
122111.8696817167 121903.2435170281
121438.7521546556 121903.2435170281
122413.6120214337 121926.4732822633
121763.7054435817 121926.4732822633
121461.9631038647 121926.4732822633
122042.2368340897 121996.1625779689
121717.2835451637 121996.1625779689

120858.4784244306 122251.6899955562
121717.2835451637 121996.1625779689
122042.2368340897 121996.1625779689
121369.1193070286 121926.4732822633
120765.6346275946 121880.0137517929
122483.2448690607 121880.0137517929
122204.7134785527 121856.7839865577
122506.4558182697 121856.7839865577
121763.7054435817 121833.5542213225
121461.9631038647 121810.3244560873
121856.5492404177 121810.3244560873
120487.1032370866 121763.8649256169
122924.2529040317 121763.8649256169
123249.2061929578 121740.6351603817
122251.1353769707 121670.9458646760

122251.1353769707 121670.9458646760
121183.4317133566 121694.1756299112
123249.2061929578 121740.6351603817
122924.2529040317 121763.8649256169
121856.5492404177 121810.3244560873
121461.9631038647 121810.3244560873
121763.7054435817 121833.5542213225
122506.4558182697 121880.0137517929
122483.2448690607 121880.0137517929
121369.1193070286 121926.4732822633
120138.9389989516 121926.4732822633
120394.2594402506 121972.9328127337
122042.2368340897 121996.1625779689
121717.2835451637 121996.1625779689
120579.9470339226 122228.4602303210

120579.9470339226 122228.4602303210
120324.6265926236 122158.7709346154
120022.8842529066 122065.8518736745
121020.9550688936 121996.1625779689
122042.2368340897 121996.1625779689
121369.1193070286 121926.4732822633
122506.4558182697 121880.0137517929
121717.2835451637 121856.7839865577
119860.4076084436 121833.5542213225
121856.5492404177 121810.3244560873
122924.2529040317 121763.8649256169
123249.2061929578 121740.6351603817
123667.0032787198 121601.2565689704
121601.2287991187 121531.5672732648
122251.1353769707 121670.9458646760

121485.1740530737 122251.6899955562
120579.9470339226 122228.4602303210
120324.6265926236 122158.7709346154
120022.8842529066 122065.8518736745
121020.9550688936 121996.1625779689
122042.2368340897 121996.1625779689
121369.1193070286 121926.4732822633
122506.4558182697 121880.0137517929
119860.4076084436 121833.5542213225
122924.2529040317 121763.8649256169
123249.2061929578 121740.6351603817
123667.0032787198 121601.2565689704
121972.6039864627 121578.0268037352
121601.2287991187 121531.5672732648
122251.1353769707 121670.9458646760

120579.9470339226 122228.4602303210
120324.6265926236 122158.7709346154
120022.8842529066 122065.8518736745
121020.9550688936 121996.1625779689
122042.2368340897 121996.1625779689
121369.1193070286 121926.4732822633
122506.4558182697 121880.0137517929
121717.2835451637 121856.7839865577
119860.4076084436 121833.5542213225
122924.2529040317 121763.8649256169
123249.2061929578 121740.6351603817
123667.0032787198 121601.2565689704
121972.6039864627 121578.0268037352
121601.2287991187 121531.5672732648
122251.1353769707 121670.9458646760

121717.2835451637 121996.1625779689
122042.2368340897 121996.1625779689
121461.9631038647 121926.4732822633
121763.7054435817 121926.4732822633
121090.5879165206 122019.3923432041
121438.7521546556 121903.2435170281
121763.7054435817 121903.2435170281
122506.4558182697 121880.0137517929
121717.2835451637 121856.7839865577
121856.5492404177 121810.3244560873
121879.7601896267 121810.3244560873
122251.1353769707 121810.3244560873
122204.7134785527 121787.0946908521
122065.4477832987 121717.4053951465
122204.7134785527 121694.1756299112

120579.9470339226 122228.4602303210
120324.6265926236 122158.7709346154
120022.8842529066 122065.8518736745
121020.9550688936 121996.1625779689
122042.2368340897 121996.1625779689
121369.1193070286 121926.4732822633
122506.4558182697 121880.0137517929
121717.2835451637 121856.7839865577
119860.4076084436 121833.5542213225
122924.2529040317 121763.8649256169
123249.2061929578 121740.6351603817
123667.0032787198 121601.2565689704
121972.6039864627 121578.0268037352
122622.5105643147 121136.6612642663
121601.2287991187 121531.5672732648

120579.9470339226 122228.4602303210
120324.6265926236 122158.7709346154
123667.0032787198 121601.2565689704
122204.7134785527 121694.1756299112
123249.2061929578 121740.6351603817
121786.9163927907 121740.6351603817
122924.2529040317 121763.8649256169
119860.4076084436 121833.5542213225
121763.7054435817 121856.7839865577
121717.2835451637 121856.7839865577
122506.4558182697 121880.0137517929
121369.1193070286 121926.4732822633
122042.2368340897 121996.1625779689
121020.9550688936 121996.1625779689
120022.8842529066 122065.8518736745

121485.1740530737 122251.6899955562
120579.9470339226 122228.4602303210
120324.6265926236 122158.7709346154
120022.8842529066 122065.8518736745
121020.9550688936 121996.1625779689
122042.2368340897 121996.1625779689
121369.1193070286 121926.4732822633
122506.4558182697 121880.0137517929
119860.4076084436 121833.5542213225
122924.2529040317 121763.8649256169
123249.2061929578 121740.6351603817
122204.7134785527 121694.1756299112
123667.0032787198 121601.2565689704
121972.6039864627 121578.0268037352
121601.2287991187 121531.5672732648

121601.2287991187 121531.5672732648
121717.2835451637 121996.1625779689
122042.2368340897 121996.1625779689
121369.1193070286 121926.4732822633
120765.6346275946 121880.0137517929
122483.2448690607 121880.0137517929
122204.7134785527 121856.7839865577
122506.4558182697 121856.7839865577
121763.7054435817 121833.5542213225
121461.9631038647 121810.3244560873
121856.5492404177 121810.3244560873
122924.2529040317 121763.8649256169
121856.5492404177 121717.4053951465
121183.4317133566 121694.1756299112
122251.1353769707 121670.9458646760

122251.1353769707 121670.9458646760
121786.9163927907 121740.6351603817
122924.2529040317 121763.8649256169
122204.7134785527 121787.0946908521
120858.4784244306 121787.0946908521
122251.1353769707 121810.3244560873
121183.4317133566 121810.3244560873
121717.2835451637 121856.7839865577
122506.4558182697 121880.0137517929
121438.7521546556 121903.2435170281
122413.6120214337 121926.4732822633
121763.7054435817 121926.4732822633
121461.9631038647 121926.4732822633
122042.2368340897 121996.1625779689
121717.2835451637 121996.1625779689

121717.2835451637 121996.1625779689
122042.2368340897 121996.1625779689
122204.7134785527 121694.1756299112
122065.4477832987 121717.4053951465
121786.9163927907 121740.6351603817
122924.2529040317 121763.8649256169
122204.7134785527 121787.0946908521
122251.1353769707 121810.3244560873
121856.5492404177 121810.3244560873
121183.4317133566 121810.3244560873
121717.2835451637 121856.7839865577
122506.4558182697 121880.0137517929
121438.7521546556 121903.2435170281
121763.7054435817 121926.4732822633
121461.9631038647 121926.4732822633

120579.9470339226 122228.4602303210
121717.2835451637 121996.1625779689
122042.2368340897 121996.1625779689
120394.2594402506 121972.9328127337
121369.1193070286 121926.4732822633
122483.2448690607 121880.0137517929
122506.4558182697 121880.0137517929
121717.2835451637 121856.7839865577
122204.7134785527 121856.7839865577
121461.9631038647 121810.3244560873
121856.5492404177 121810.3244560873
122251.1353769707 121670.9458646760
123249.2061929578 121740.6351603817
122924.2529040317 121763.8649256169
121090.5879165206 121880.0137517929

120858.4784244306 122251.6899955562
121717.2835451637 121996.1625779689
122042.2368340897 121996.1625779689
121369.1193070286 121926.4732822633
120765.6346275946 121880.0137517929
122483.2448690607 121880.0137517929
122204.7134785527 121856.7839865577
122506.4558182697 121856.7839865577
121763.7054435817 121833.5542213225
121461.9631038647 121810.3244560873
121856.5492404177 121810.3244560873
122924.2529040317 121763.8649256169
121856.5492404177 121717.4053951465
121183.4317133566 121694.1756299112
121810.1273419997 121787.0946908521

121485.1740530737 122251.6899955562
120579.9470339226 122228.4602303210
120324.6265926236 122158.7709346154
120022.8842529066 122065.8518736745
121020.9550688936 121996.1625779689
122042.2368340897 121996.1625779689
121369.1193070286 121926.4732822633
122506.4558182697 121880.0137517929
119860.4076084436 121833.5542213225
122924.2529040317 121763.8649256169
123249.2061929578 121740.6351603817
122204.7134785527 121694.1756299112
123667.0032787198 121601.2565689704
121972.6039864627 121578.0268037352
121554.8069007007 121624.4863342056

121322.6974086106 122019.3923432041
121717.2835451637 121996.1625779689
122042.2368340897 121996.1625779689
121369.1193070286 121926.4732822633
120765.6346275946 121880.0137517929
122251.1353769707 121670.9458646760
121183.4317133566 121694.1756299112
121856.5492404177 121717.4053951465
123249.2061929578 121740.6351603817
122924.2529040317 121763.8649256169
121856.5492404177 121810.3244560873
121461.9631038647 121810.3244560873
121717.2835451637 121856.7839865577
122506.4558182697 121880.0137517929
122065.4477832987 121949.7030474985

121717.2835451637 121996.1625779689
122042.2368340897 121996.1625779689
121461.9631038647 121926.4732822633
121763.7054435817 121926.4732822633
122413.6120214337 121926.4732822633
121438.7521546556 121903.2435170281
121763.7054435817 121903.2435170281
121717.2835451637 121856.7839865577
122320.7682245977 121856.7839865577
121856.5492404177 121810.3244560873
121879.7601896267 121810.3244560873
122251.1353769707 121810.3244560873
122204.7134785527 121787.0946908521
122065.4477832987 121717.4053951465
121531.5959514916 121856.7839865577

121485.1740530737 122251.6899955562
120579.9470339226 122228.4602303210
120324.6265926236 122158.7709346154
120022.8842529066 122065.8518736745
121020.9550688936 121996.1625779689
122042.2368340897 121996.1625779689
121369.1193070286 121926.4732822633
122506.4558182697 121880.0137517929
119860.4076084436 121833.5542213225
122924.2529040317 121763.8649256169
123249.2061929578 121740.6351603817
123667.0032787198 121601.2565689704
121972.6039864627 121578.0268037352
121624.4397483277 121461.8779775592
120974.5331704756 115631.2069035224

120579.9470339226 122228.4602303210
120324.6265926236 122158.7709346154
120022.8842529066 122065.8518736745
121020.9550688936 121996.1625779689
122042.2368340897 121996.1625779689
121369.1193070286 121926.4732822633
122506.4558182697 121880.0137517929
121717.2835451637 121856.7839865577
119860.4076084436 121833.5542213225
122924.2529040317 121763.8649256169
123249.2061929578 121740.6351603817
122204.7134785527 121694.1756299112
123667.0032787198 121601.2565689704
121972.6039864627 121578.0268037352
121554.8069007007 121624.4863342056

121717.2835451637 121996.1625779689
122042.2368340897 121996.1625779689
121461.9631038647 121926.4732822633
121763.7054435817 121926.4732822633
122413.6120214337 121926.4732822633
121438.7521546556 121903.2435170281
121763.7054435817 121903.2435170281
122320.7682245977 121856.7839865577
121717.2835451637 121856.7839865577
121856.5492404177 121810.3244560873
121879.7601896267 121810.3244560873
122251.1353769707 121810.3244560873
122204.7134785527 121787.0946908521
122065.4477832987 121717.4053951465
122204.7134785527 121694.1756299112

120974.5331704756 115631.2069035224
121299.4864594016 115700.8961992280
122738.5653103597 120881.1338466790
123667.0032787198 121601.2565689704
123249.2061929578 121740.6351603817
122924.2529040317 121763.8649256169
119860.4076084436 121833.5542213225
121717.2835451637 121856.7839865577
122506.4558182697 121880.0137517929
121369.1193070286 121926.4732822633
122042.2368340897 121996.1625779689
121020.9550688936 121996.1625779689
120022.8842529066 122065.8518736745
120324.6265926236 122158.7709346154
120579.9470339226 122228.4602303210

120858.4784244306 122251.6899955562
121717.2835451637 121996.1625779689
122042.2368340897 121996.1625779689
121369.1193070286 121926.4732822633
120765.6346275946 121880.0137517929
122483.2448690607 121880.0137517929
122204.7134785527 121856.7839865577
122506.4558182697 121856.7839865577
121763.7054435817 121833.5542213225
121461.9631038647 121810.3244560873
121856.5492404177 121810.3244560873
122251.1353769707 121670.9458646760
121183.4317133566 121694.1756299112
121856.5492404177 121717.4053951465
122924.2529040317 121763.8649256169

120649.5798815496 122065.8518736745
121322.6974086106 122019.3923432041
121717.2835451637 121996.1625779689
122042.2368340897 121996.1625779689
122251.1353769707 121740.6351603817
121090.5879165206 121880.0137517929
122483.2448690607 121880.0137517929
122506.4558182697 121880.0137517929
121717.2835451637 121856.7839865577
122204.7134785527 121856.7839865577
121461.9631038647 121810.3244560873
122924.2529040317 121763.8649256169
121856.5492404177 121717.4053951465
121183.4317133566 121694.1756299112
122251.1353769707 121670.9458646760

121717.2835451637 121996.1625779689
122042.2368340897 121996.1625779689
121763.7054435817 121926.4732822633
121438.7521546556 121903.2435170281
122506.4558182697 121880.0137517929
121717.2835451637 121856.7839865577
121183.4317133566 121810.3244560873
121856.5492404177 121810.3244560873
122251.1353769707 121810.3244560873
120858.4784244306 121787.0946908521
122204.7134785527 121787.0946908521
122924.2529040317 121763.8649256169
121786.9163927907 121740.6351603817
121485.1740530737 121903.2435170281
122204.7134785527 121694.1756299112

121322.6974086106 122019.3923432041
121717.2835451637 121996.1625779689
122042.2368340897 121996.1625779689
121369.1193070286 121926.4732822633
120765.6346275946 121880.0137517929
122483.2448690607 121880.0137517929
122251.1353769707 121670.9458646760
121183.4317133566 121694.1756299112
121856.5492404177 121717.4053951465
122924.2529040317 121763.8649256169
121856.5492404177 121810.3244560873
121461.9631038647 121810.3244560873
122506.4558182697 121856.7839865577
122204.7134785527 121856.7839865577
121647.6506975367 122042.6221084393

121717.2835451637 121996.1625779689
122042.2368340897 121996.1625779689
121461.9631038647 121926.4732822633
121763.7054435817 121926.4732822633
122413.6120214337 121926.4732822633
121438.7521546556 121903.2435170281
122506.4558182697 121880.0137517929
122019.0258848807 122042.6221084393
121183.4317133566 121810.3244560873
121856.5492404177 121810.3244560873
122251.1353769707 121810.3244560873
122204.7134785527 121787.0946908521
122924.2529040317 121763.8649256169
121786.9163927907 121740.6351603817
122251.1353769707 121670.9458646760

120649.5798815496 122065.8518736745
121322.6974086106 122019.3923432041
121717.2835451637 121996.1625779689
122042.2368340897 121996.1625779689
121369.1193070286 121926.4732822633
121090.5879165206 121880.0137517929
120394.2594402506 121949.7030474985
122506.4558182697 121880.0137517929
121717.2835451637 121856.7839865577
122204.7134785527 121856.7839865577
121461.9631038647 121810.3244560873
121856.5492404177 121810.3244560873
122924.2529040317 121763.8649256169
123249.2061929578 121740.6351603817
122251.1353769707 121670.9458646760

120649.5798815496 122065.8518736745
121322.6974086106 122019.3923432041
121717.2835451637 121996.1625779689
122042.2368340897 121996.1625779689
121369.1193070286 121926.4732822633
121090.5879165206 121880.0137517929
122483.2448690607 121880.0137517929
122506.4558182697 121880.0137517929
121717.2835451637 121856.7839865577
122204.7134785527 121856.7839865577
121461.9631038647 121810.3244560873
121856.5492404177 121810.3244560873
122924.2529040317 121763.8649256169
123249.2061929578 121740.6351603817
122251.1353769707 121670.9458646760

121485.1740530737 122251.6899955562
120579.9470339226 122228.4602303210
120324.6265926236 122158.7709346154
120022.8842529066 122065.8518736745
121020.9550688936 121996.1625779689
122042.2368340897 121996.1625779689
121369.1193070286 121926.4732822633
122506.4558182697 121880.0137517929
119860.4076084436 121833.5542213225
122924.2529040317 121763.8649256169
123249.2061929578 121740.6351603817
122204.7134785527 121694.1756299112
123667.0032787198 121601.2565689704
121972.6039864627 121578.0268037352
121624.4397483277 121461.8779775592

120579.9470339226 122228.4602303210
120324.6265926236 122158.7709346154
120022.8842529066 122065.8518736745
122042.2368340897 121996.1625779689
121369.1193070286 121926.4732822633
121090.5879165206 121880.0137517929
122483.2448690607 121880.0137517929
122506.4558182697 121880.0137517929
121717.2835451637 121856.7839865577
122204.7134785527 121856.7839865577
121461.9631038647 121810.3244560873
121856.5492404177 121810.3244560873
122924.2529040317 121763.8649256169
123249.2061929578 121740.6351603817
121972.6039864627 121578.0268037352

121485.1740530737 122251.6899955562
120579.9470339226 122228.4602303210
120324.6265926236 122158.7709346154
120022.8842529066 122065.8518736745
121020.9550688936 121996.1625779689
122042.2368340897 121996.1625779689
121369.1193070286 121926.4732822633
122506.4558182697 121880.0137517929
119860.4076084436 121833.5542213225
122924.2529040317 121763.8649256169
123249.2061929578 121740.6351603817
123667.0032787198 121601.2565689704
121972.6039864627 121578.0268037352
122622.5105643147 121136.6612642663
121554.8069007007 121624.4863342056

120579.9470339226 122228.4602303210
120324.6265926236 122158.7709346154
120022.8842529066 122065.8518736745
121020.9550688936 121996.1625779689
122042.2368340897 121996.1625779689
121369.1193070286 121926.4732822633
122506.4558182697 121880.0137517929
121717.2835451637 121856.7839865577
119860.4076084436 121833.5542213225
122924.2529040317 121763.8649256169
123249.2061929578 121740.6351603817
123667.0032787198 121601.2565689704
122251.1353769707 121670.9458646760
121856.5492404177 121810.3244560873
122204.7134785527 121856.7839865577

121485.1740530737 122251.6899955562
120579.9470339226 122228.4602303210
120324.6265926236 122158.7709346154
120022.8842529066 122065.8518736745
121020.9550688936 121996.1625779689
122042.2368340897 121996.1625779689
121369.1193070286 121926.4732822633
122506.4558182697 121880.0137517929
119860.4076084436 121833.5542213225
122924.2529040317 121763.8649256169
123249.2061929578 121740.6351603817
123667.0032787198 121601.2565689704
121972.6039864627 121578.0268037352
120974.5331704756 115631.2069035224
122622.5105643147 121136.6612642663

121485.1740530737 122251.6899955562
120579.9470339226 122228.4602303210
120324.6265926236 122158.7709346154
120022.8842529066 122065.8518736745
121020.9550688936 121996.1625779689
122042.2368340897 121996.1625779689
121369.1193070286 121926.4732822633
122506.4558182697 121880.0137517929
119860.4076084436 121833.5542213225
122924.2529040317 121763.8649256169
123249.2061929578 121740.6351603817
123667.0032787198 121601.2565689704
121972.6039864627 121578.0268037352
121624.4397483277 121461.8779775592
122251.1353769707 121670.9458646760

122251.1353769707 121670.9458646760
121786.9163927907 121740.6351603817
122924.2529040317 121763.8649256169
122204.7134785527 121787.0946908521
122251.1353769707 121810.3244560873
121856.5492404177 121810.3244560873
121183.4317133566 121810.3244560873
121717.2835451637 121856.7839865577
122506.4558182697 121880.0137517929
121438.7521546556 121903.2435170281
122413.6120214337 121926.4732822633
121763.7054435817 121926.4732822633
121461.9631038647 121926.4732822633
122042.2368340897 121996.1625779689
121717.2835451637 121996.1625779689

121485.1740530737 122251.6899955562
120579.9470339226 122228.4602303210
120324.6265926236 122158.7709346154
120022.8842529066 122065.8518736745
121020.9550688936 121996.1625779689
122042.2368340897 121996.1625779689
121369.1193070286 121926.4732822633
122506.4558182697 121880.0137517929
119860.4076084436 121833.5542213225
122924.2529040317 121763.8649256169
123249.2061929578 121740.6351603817
122204.7134785527 121694.1756299112
123667.0032787198 121601.2565689704
121972.6039864627 121578.0268037352
120974.5331704756 115631.2069035224

120579.9470339226 122228.4602303210
120324.6265926236 122158.7709346154
120022.8842529066 122065.8518736745
121020.9550688936 121996.1625779689
122065.4477832987 121949.7030474985
121369.1193070286 121926.4732822633
122506.4558182697 121880.0137517929
121717.2835451637 121856.7839865577
121461.9631038647 121810.3244560873
121856.5492404177 121810.3244560873
122924.2529040317 121763.8649256169
123249.2061929578 121740.6351603817
121856.5492404177 121717.4053951465
121183.4317133566 121694.1756299112
122251.1353769707 121670.9458646760

120858.4784244306 122251.6899955562
121717.2835451637 121996.1625779689
122042.2368340897 121996.1625779689
121369.1193070286 121926.4732822633
120765.6346275946 121880.0137517929
122483.2448690607 121880.0137517929
122204.7134785527 121856.7839865577
122506.4558182697 121856.7839865577
121763.7054435817 121833.5542213225
121856.5492404177 121810.3244560873
122924.2529040317 121763.8649256169
123249.2061929578 121740.6351603817
121183.4317133566 121694.1756299112
121461.9631038647 121810.3244560873
121902.9711388357 121833.5542213225

120579.9470339226 122228.4602303210
120324.6265926236 122158.7709346154
120022.8842529066 122065.8518736745
121020.9550688936 121996.1625779689
122042.2368340897 121996.1625779689
121369.1193070286 121926.4732822633
122506.4558182697 121880.0137517929
122251.1353769707 121670.9458646760
121183.4317133566 121694.1756299112
123249.2061929578 121740.6351603817
122924.2529040317 121763.8649256169
121856.5492404177 121810.3244560873
121810.1273419997 121810.3244560873
121461.9631038647 121810.3244560873
122390.4010722247 121926.4732822633

120579.9470339226 122228.4602303210
120324.6265926236 122158.7709346154
120022.8842529066 122065.8518736745
121020.9550688936 121996.1625779689
122042.2368340897 121996.1625779689
121369.1193070286 121926.4732822633
122506.4558182697 121880.0137517929
121717.2835451637 121856.7839865577
119860.4076084436 121833.5542213225
122924.2529040317 121763.8649256169
123249.2061929578 121740.6351603817
123667.0032787198 121601.2565689704
122251.1353769707 121670.9458646760
121856.5492404177 121810.3244560873
121461.9631038647 121810.3244560873

120579.9470339226 122228.4602303210
120324.6265926236 122158.7709346154
120022.8842529066 122065.8518736745
121020.9550688936 121996.1625779689
122042.2368340897 121996.1625779689
121369.1193070286 121926.4732822633
122506.4558182697 121880.0137517929
121717.2835451637 121856.7839865577
119860.4076084436 121833.5542213225
122924.2529040317 121763.8649256169
123249.2061929578 121740.6351603817
122251.1353769707 121670.9458646760
123667.0032787198 121601.2565689704
120974.5331704756 115631.2069035224
123991.9565676458 118488.4680274528

121485.1740530737 122251.6899955562
120579.9470339226 122228.4602303210
120324.6265926236 122158.7709346154
120022.8842529066 122065.8518736745
121020.9550688936 121996.1625779689
122042.2368340897 121996.1625779689
121369.1193070286 121926.4732822633
122506.4558182697 121880.0137517929
119860.4076084436 121833.5542213225
122924.2529040317 121763.8649256169
123249.2061929578 121740.6351603817
120974.5331704756 115631.2069035224
121299.4864594016 115700.8961992280
121972.6039864627 121578.0268037352
123667.0032787198 121601.2565689704

120579.9470339226 122228.4602303210
120324.6265926236 122158.7709346154
120022.8842529066 122065.8518736745
121020.9550688936 121996.1625779689
122042.2368340897 121996.1625779689
121369.1193070286 121926.4732822633
122506.4558182697 121880.0137517929
121717.2835451637 121856.7839865577
119860.4076084436 121833.5542213225
123620.5813803018 118558.1573231584
122924.2529040317 121763.8649256169
123249.2061929578 121740.6351603817
122251.1353769707 121670.9458646760
123667.0032787198 121601.2565689704
120974.5331704756 115631.2069035224

120579.9470339226 122228.4602303210
120324.6265926236 122158.7709346154
120022.8842529066 122065.8518736745
122042.2368340897 121996.1625779689
121369.1193070286 121926.4732822633
121090.5879165206 121880.0137517929
122483.2448690607 121880.0137517929
122506.4558182697 121880.0137517929
121717.2835451637 121856.7839865577
122204.7134785527 121856.7839865577
121461.9631038647 121810.3244560873
121856.5492404177 121810.3244560873
122924.2529040317 121763.8649256169
123249.2061929578 121740.6351603817
122251.1353769707 121670.9458646760

121717.2835451637 121996.1625779689
122042.2368340897 121996.1625779689
121763.7054435817 121926.4732822633
121438.7521546556 121903.2435170281
122506.4558182697 121880.0137517929
121717.2835451637 121856.7839865577
121183.4317133566 121810.3244560873
121856.5492404177 121810.3244560873
122251.1353769707 121810.3244560873
120858.4784244306 121787.0946908521
122204.7134785527 121787.0946908521
122924.2529040317 121763.8649256169
122088.6587325077 121880.0137517929
121763.7054435817 121717.4053951465
122204.7134785527 121694.1756299112

121322.6974086106 122019.3923432041
121717.2835451637 121996.1625779689
122042.2368340897 121996.1625779689
121369.1193070286 121926.4732822633
120765.6346275946 121880.0137517929
121183.4317133566 121694.1756299112
123249.2061929578 121740.6351603817
122924.2529040317 121763.8649256169
121856.5492404177 121810.3244560873
121461.9631038647 121810.3244560873
122204.7134785527 121856.7839865577
121717.2835451637 121856.7839865577
122506.4558182697 121880.0137517929
122483.2448690607 121880.0137517929
121090.5879165206 121880.0137517929

121601.2287991187 122182.0006998506
121717.2835451637 121996.1625779689
122042.2368340897 121996.1625779689
121461.9631038647 121926.4732822633
121763.7054435817 121926.4732822633
122413.6120214337 121926.4732822633
121438.7521546556 121903.2435170281
122506.4558182697 121880.0137517929
121717.2835451637 121856.7839865577
121183.4317133566 121810.3244560873
121856.5492404177 121810.3244560873
122251.1353769707 121810.3244560873
122204.7134785527 121787.0946908521
121276.2755101926 121763.8649256169
122204.7134785527 121694.1756299112

121717.2835451637 121996.1625779689
122042.2368340897 121996.1625779689
121461.9631038647 121926.4732822633
121763.7054435817 121926.4732822633
122413.6120214337 121926.4732822633
121438.7521546556 121903.2435170281
122506.4558182697 121880.0137517929
121717.2835451637 121856.7839865577
121833.3382912087 121856.7839865577
121183.4317133566 121810.3244560873
121856.5492404177 121810.3244560873
122251.1353769707 121810.3244560873
122204.7134785527 121787.0946908521
122204.7134785527 121694.1756299112
121786.9163927907 121740.6351603817

120231.7827957876 122228.4602303210
121183.4317133566 121694.1756299112
123249.2061929578 121740.6351603817
122924.2529040317 121763.8649256169
121856.5492404177 121810.3244560873
121461.9631038647 121810.3244560873
121902.9711388357 121833.5542213225
121763.7054435817 121833.5542213225
122506.4558182697 121856.7839865577
122204.7134785527 121856.7839865577
121717.2835451637 121856.7839865577
120765.6346275946 121880.0137517929
121369.1193070286 121926.4732822633
122042.2368340897 121996.1625779689
121717.2835451637 121996.1625779689

122251.1353769707 121670.9458646760
121183.4317133566 121694.1756299112
121856.5492404177 121717.4053951465
122924.2529040317 121763.8649256169
121461.9631038647 121810.3244560873
122204.7134785527 121856.7839865577
121717.2835451637 121856.7839865577
122506.4558182697 121880.0137517929
122483.2448690607 121880.0137517929
121090.5879165206 121880.0137517929
121369.1193070286 121926.4732822633
122042.2368340897 121996.1625779689
121717.2835451637 121996.1625779689
121322.6974086106 122019.3923432041
120649.5798815496 122065.8518736745

121972.6039864627 121578.0268037352
123667.0032787198 121601.2565689704
121554.8069007007 121624.4863342056
122297.5572753887 121670.9458646760
123249.2061929578 121740.6351603817
122924.2529040317 121763.8649256169
119860.4076084436 121833.5542213225
121717.2835451637 121856.7839865577
122506.4558182697 121880.0137517929
121369.1193070286 121926.4732822633
122042.2368340897 121996.1625779689
121020.9550688936 121996.1625779689
120022.8842529066 122065.8518736745
120324.6265926236 122158.7709346154
120579.9470339226 122228.4602303210

120231.7827957876 122228.4602303210
121717.2835451637 121996.1625779689
122042.2368340897 121996.1625779689
121369.1193070286 121926.4732822633
120765.6346275946 121880.0137517929
122343.9791738067 121740.6351603817
121717.2835451637 121856.7839865577
122204.7134785527 121856.7839865577
122506.4558182697 121856.7839865577
121763.7054435817 121833.5542213225
121461.9631038647 121810.3244560873
121856.5492404177 121810.3244560873
122924.2529040317 121763.8649256169
123249.2061929578 121740.6351603817
121183.4317133566 121694.1756299112

121717.2835451637 121996.1625779689
122042.2368340897 121996.1625779689
121624.4397483277 121461.8779775592
121972.6039864627 121578.0268037352
123667.0032787198 121601.2565689704
122297.5572753887 121670.9458646760
123249.2061929578 121740.6351603817
122924.2529040317 121763.8649256169
119860.4076084436 121833.5542213225
122506.4558182697 121880.0137517929
121369.1193070286 121926.4732822633
121020.9550688936 121996.1625779689
120022.8842529066 122065.8518736745
120324.6265926236 122158.7709346154
120579.9470339226 122228.4602303210

120579.9470339226 122228.4602303210
120324.6265926236 122158.7709346154
120022.8842529066 122065.8518736745
121020.9550688936 121996.1625779689
122042.2368340897 121996.1625779689
121369.1193070286 121926.4732822633
122506.4558182697 121880.0137517929
121717.2835451637 121856.7839865577
119860.4076084436 121833.5542213225
121856.5492404177 121810.3244560873
122924.2529040317 121763.8649256169
123249.2061929578 121740.6351603817
122251.1353769707 121670.9458646760
123667.0032787198 121601.2565689704
121578.0178499097 121554.7970385000

120579.9470339226 122228.4602303210
120324.6265926236 122158.7709346154
120022.8842529066 122065.8518736745
121020.9550688936 121996.1625779689
122042.2368340897 121996.1625779689
121369.1193070286 121926.4732822633
122506.4558182697 121880.0137517929
121485.1740530737 122251.6899955562
119860.4076084436 121833.5542213225
122924.2529040317 121763.8649256169
123249.2061929578 121740.6351603817
122297.5572753887 121670.9458646760
123667.0032787198 121601.2565689704
121972.6039864627 121578.0268037352
121624.4397483277 121461.8779775592

121717.2835451637 121996.1625779689
122042.2368340897 121996.1625779689
122204.7134785527 121972.9328127337
121740.4944943727 121926.4732822633
121438.7521546556 121856.7839865577
121647.6506975367 121880.0137517929
121717.2835451637 121856.7839865577
121856.5492404177 121856.7839865577
122483.2448690607 121856.7839865577
121856.5492404177 121810.3244560873
121879.7601896267 121810.3244560873
122251.1353769707 121810.3244560873
122204.7134785527 121787.0946908521
121786.9163927907 121740.6351603817
122065.4477832987 121717.4053951465

123991.9565676458 118488.4680274528
123667.0032787198 121601.2565689704
121554.8069007007 121624.4863342056
123249.2061929578 121740.6351603817
122924.2529040317 121763.8649256169
121856.5492404177 121810.3244560873
119860.4076084436 121833.5542213225
121717.2835451637 121856.7839865577
122506.4558182697 121880.0137517929
121369.1193070286 121926.4732822633
122042.2368340897 121996.1625779689
121020.9550688936 121996.1625779689
120022.8842529066 122065.8518736745
120324.6265926236 122158.7709346154
120579.9470339226 122228.4602303210

120579.9470339226 122228.4602303210
120324.6265926236 122158.7709346154
120022.8842529066 122065.8518736745
122042.2368340897 121996.1625779689
121369.1193070286 121926.4732822633
121090.5879165206 121880.0137517929
122483.2448690607 121880.0137517929
122506.4558182697 121880.0137517929
121717.2835451637 121856.7839865577
122204.7134785527 121856.7839865577
121461.9631038647 121810.3244560873
121856.5492404177 121810.3244560873
122924.2529040317 121763.8649256169
123249.2061929578 121740.6351603817
121183.4317133566 121694.1756299112

123667.0032787198 121601.2565689704
122251.1353769707 121670.9458646760
121183.4317133566 121694.1756299112
123249.2061929578 121740.6351603817
122924.2529040317 121763.8649256169
121461.9631038647 121810.3244560873
121717.2835451637 121856.7839865577
122506.4558182697 121880.0137517929
122483.2448690607 121880.0137517929
121369.1193070286 121926.4732822633
120138.9389989516 121926.4732822633
120394.2594402506 121972.9328127337
122042.2368340897 121996.1625779689
121717.2835451637 121996.1625779689
120579.9470339226 122228.4602303210

120579.9470339226 122228.4602303210
120324.6265926236 122158.7709346154
121183.4317133566 121694.1756299112
123249.2061929578 121740.6351603817
122924.2529040317 121763.8649256169
121856.5492404177 121810.3244560873
121461.9631038647 121810.3244560873
122204.7134785527 121856.7839865577
121717.2835451637 121856.7839865577
122506.4558182697 121880.0137517929
122483.2448690607 121880.0137517929
121090.5879165206 121880.0137517929
121369.1193070286 121926.4732822633
122042.2368340897 121996.1625779689
121717.2835451637 121996.1625779689

120579.9470339226 122228.4602303210
121717.2835451637 121996.1625779689
122042.2368340897 121996.1625779689
120394.2594402506 121972.9328127337
120138.9389989516 121926.4732822633
121369.1193070286 121926.4732822633
122483.2448690607 121880.0137517929
122506.4558182697 121880.0137517929
121717.2835451637 121856.7839865577
121461.9631038647 121810.3244560873
122924.2529040317 121763.8649256169
123249.2061929578 121740.6351603817
121183.4317133566 121694.1756299112
122251.1353769707 121670.9458646760
121972.6039864627 121578.0268037352

120579.9470339226 122228.4602303210
120324.6265926236 122158.7709346154
120022.8842529066 122065.8518736745
121020.9550688936 121996.1625779689
122042.2368340897 121996.1625779689
121369.1193070286 121926.4732822633
121856.5492404177 121880.0137517929
122506.4558182697 121880.0137517929
121717.2835451637 121856.7839865577
119860.4076084436 121833.5542213225
121856.5492404177 121810.3244560873
122924.2529040317 121763.8649256169
123249.2061929578 121740.6351603817
123667.0032787198 121601.2565689704
122297.5572753887 121670.9458646760

123667.0032787198 121601.2565689704
121554.8069007007 121624.4863342056
122251.1353769707 121670.9458646760
123249.2061929578 121740.6351603817
122924.2529040317 121763.8649256169
121856.5492404177 121810.3244560873
119860.4076084436 121833.5542213225
121717.2835451637 121856.7839865577
122506.4558182697 121880.0137517929
121369.1193070286 121926.4732822633
122042.2368340897 121996.1625779689
121020.9550688936 121996.1625779689
120022.8842529066 122065.8518736745
120324.6265926236 122158.7709346154
120579.9470339226 122228.4602303210

122204.7134785527 121694.1756299112
122065.4477832987 121717.4053951465
121786.9163927907 121740.6351603817
122204.7134785527 121787.0946908521
122251.1353769707 121810.3244560873
122135.0806309257 121926.4732822633
121856.5492404177 121810.3244560873
121856.5492404177 121856.7839865577
121786.9163927907 121856.7839865577
121717.2835451637 121856.7839865577
121647.6506975367 121880.0137517929
121392.3302562376 121880.0137517929
121740.4944943727 121926.4732822633
122042.2368340897 121996.1625779689
121717.2835451637 121996.1625779689

120579.9470339226 122228.4602303210
120324.6265926236 122158.7709346154
120022.8842529066 122065.8518736745
121020.9550688936 121996.1625779689
122042.2368340897 121996.1625779689
121369.1193070286 121926.4732822633
122506.4558182697 121880.0137517929
121717.2835451637 121856.7839865577
119860.4076084436 121833.5542213225
122924.2529040317 121763.8649256169
123249.2061929578 121740.6351603817
123667.0032787198 121601.2565689704
121972.6039864627 121578.0268037352
121554.8069007007 121624.4863342056
122251.1353769707 121670.9458646760

120858.4784244306 122251.6899955562
120231.7827957876 122228.4602303210
121554.8069007007 122135.5411693802
122042.2368340897 121996.1625779689
121369.1193070286 121926.4732822633
120022.8842529066 121903.2435170281
122506.4558182697 121880.0137517929
120765.6346275946 121810.3244560873
122924.2529040317 121763.8649256169
123249.2061929578 121740.6351603817
121183.4317133566 121694.1756299112
122251.1353769707 121670.9458646760
123667.0032787198 121601.2565689704
121972.6039864627 121578.0268037352
121554.8069007007 121624.4863342056

120858.4784244306 122251.6899955562
121717.2835451637 121996.1625779689
122042.2368340897 121996.1625779689
121369.1193070286 121926.4732822633
120765.6346275946 121880.0137517929
122483.2448690607 121880.0137517929
122204.7134785527 121856.7839865577
122506.4558182697 121856.7839865577
121763.7054435817 121833.5542213225
121461.9631038647 121810.3244560873
121856.5492404177 121810.3244560873
121183.4317133566 121694.1756299112
123249.2061929578 121740.6351603817
122924.2529040317 121763.8649256169
121879.7601896267 121763.8649256169

120579.9470339226 122228.4602303210
120324.6265926236 122158.7709346154
120022.8842529066 122065.8518736745
121020.9550688936 121996.1625779689
122042.2368340897 121996.1625779689
121369.1193070286 121926.4732822633
122506.4558182697 121880.0137517929
121717.2835451637 121856.7839865577
119860.4076084436 121833.5542213225
122924.2529040317 121763.8649256169
123249.2061929578 121740.6351603817
123667.0032787198 121601.2565689704
121972.6039864627 121578.0268037352
121554.8069007007 121624.4863342056
122204.7134785527 121670.9458646760

120579.9470339226 122228.4602303210
120324.6265926236 122158.7709346154
120022.8842529066 122065.8518736745
121020.9550688936 121996.1625779689
122042.2368340897 121996.1625779689
121369.1193070286 121926.4732822633
122506.4558182697 121880.0137517929
121717.2835451637 121856.7839865577
119860.4076084436 121833.5542213225
122924.2529040317 121763.8649256169
123249.2061929578 121740.6351603817
123667.0032787198 121601.2565689704
121554.8069007007 121624.4863342056
121786.9163927907 121740.6351603817
122204.7134785527 121787.0946908521

121717.2835451637 121996.1625779689
122042.2368340897 121996.1625779689
121461.9631038647 121926.4732822633
121763.7054435817 121926.4732822633
121786.9163927907 121880.0137517929
121438.7521546556 121903.2435170281
122506.4558182697 121880.0137517929
121717.2835451637 121856.7839865577
121833.3382912087 121856.7839865577
121183.4317133566 121810.3244560873
121856.5492404177 121810.3244560873
122251.1353769707 121810.3244560873
122204.7134785527 121787.0946908521
122204.7134785527 121694.1756299112
122251.1353769707 121670.9458646760

120974.5331704756 115631.2069035224
123667.0032787198 121601.2565689704
122251.1353769707 121670.9458646760
123249.2061929578 121740.6351603817
122924.2529040317 121763.8649256169
121856.5492404177 121810.3244560873
119860.4076084436 121833.5542213225
122019.0258848807 120974.0529076199
122506.4558182697 121880.0137517929
121369.1193070286 121926.4732822633
122042.2368340897 121996.1625779689
121020.9550688936 121996.1625779689
120022.8842529066 122065.8518736745
120324.6265926236 122158.7709346154
120579.9470339226 122228.4602303210

121717.2835451637 121996.1625779689
122042.2368340897 121996.1625779689
122204.7134785527 121972.9328127337
121740.4944943727 121926.4732822633
121902.9711388357 121903.2435170281
121647.6506975367 121880.0137517929
122158.2915801347 121926.4732822633
121856.5492404177 121856.7839865577
122483.2448690607 121856.7839865577
121856.5492404177 121810.3244560873
121879.7601896267 121810.3244560873
122251.1353769707 121810.3244560873
122204.7134785527 121787.0946908521
121786.9163927907 121740.6351603817
122065.4477832987 121717.4053951465

121717.2835451637 121996.1625779689
122042.2368340897 121996.1625779689
122204.7134785527 121972.9328127337
121740.4944943727 121926.4732822633
121902.9711388357 121903.2435170281
121647.6506975367 121880.0137517929
121717.2835451637 121856.7839865577
121856.5492404177 121856.7839865577
122483.2448690607 121856.7839865577
121856.5492404177 121810.3244560873
121879.7601896267 121810.3244560873
122251.1353769707 121810.3244560873
122204.7134785527 121787.0946908521
121786.9163927907 121740.6351603817
122065.4477832987 121717.4053951465

121554.8069007007 121624.4863342056
121786.9163927907 121740.6351603817
122924.2529040317 121763.8649256169
122204.7134785527 121787.0946908521
120858.4784244306 121787.0946908521
122251.1353769707 121810.3244560873
121183.4317133566 121810.3244560873
121717.2835451637 121856.7839865577
122506.4558182697 121880.0137517929
121438.7521546556 121903.2435170281
122413.6120214337 121926.4732822633
121763.7054435817 121926.4732822633
121461.9631038647 121926.4732822633
122042.2368340897 121996.1625779689
121717.2835451637 121996.1625779689

120579.9470339226 122228.4602303210
120324.6265926236 122158.7709346154
120022.8842529066 122065.8518736745
121020.9550688936 121996.1625779689
122042.2368340897 121996.1625779689
121369.1193070286 121926.4732822633
122506.4558182697 121880.0137517929
121717.2835451637 121856.7839865577
119860.4076084436 121833.5542213225
121856.5492404177 121810.3244560873
122924.2529040317 121763.8649256169
123249.2061929578 121740.6351603817
123667.0032787198 121601.2565689704
123991.9565676458 118488.4680274528
122297.5572753887 121670.9458646760

120858.4784244306 122251.6899955562
120231.7827957876 122228.4602303210
121624.4397483277 121972.9328127337
122042.2368340897 121996.1625779689
121369.1193070286 121926.4732822633
120022.8842529066 121903.2435170281
122506.4558182697 121880.0137517929
120765.6346275946 121810.3244560873
122924.2529040317 121763.8649256169
123249.2061929578 121740.6351603817
121183.4317133566 121694.1756299112
122251.1353769707 121670.9458646760
123667.0032787198 121601.2565689704
121972.6039864627 121578.0268037352
121624.4397483277 121461.8779775592

120858.4784244306 122251.6899955562
120231.7827957876 122228.4602303210
121554.8069007007 122135.5411693802
122042.2368340897 121996.1625779689
121369.1193070286 121926.4732822633
120022.8842529066 121903.2435170281
122506.4558182697 121880.0137517929
120765.6346275946 121810.3244560873
122924.2529040317 121763.8649256169
121461.9631038647 121740.6351603817
123249.2061929578 121740.6351603817
121183.4317133566 121694.1756299112
122251.1353769707 121670.9458646760
123667.0032787198 121601.2565689704
121856.5492404177 121717.4053951465

123667.0032787198 121601.2565689704
121415.5412054466 121833.5542213225
123249.2061929578 121740.6351603817
121786.9163927907 121740.6351603817
122924.2529040317 121763.8649256169
122204.7134785527 121787.0946908521
119860.4076084436 121833.5542213225
121717.2835451637 121856.7839865577
122506.4558182697 121880.0137517929
121369.1193070286 121926.4732822633
122042.2368340897 121996.1625779689
121020.9550688936 121996.1625779689
120022.8842529066 122065.8518736745
120324.6265926236 122158.7709346154
120579.9470339226 122228.4602303210

121183.4317133566 121694.1756299112
123249.2061929578 121740.6351603817
122924.2529040317 121763.8649256169
121856.5492404177 121810.3244560873
121461.9631038647 121810.3244560873
121902.9711388357 121833.5542213225
121763.7054435817 121833.5542213225
122506.4558182697 121856.7839865577
122204.7134785527 121856.7839865577
121717.2835451637 121856.7839865577
120765.6346275946 121880.0137517929
122019.0258848807 122019.3923432041
122042.2368340897 121996.1625779689
121717.2835451637 121996.1625779689
121322.6974086106 122019.3923432041

122251.1353769707 121670.9458646760
121183.4317133566 121694.1756299112
123249.2061929578 121740.6351603817
122924.2529040317 121763.8649256169
121856.5492404177 121810.3244560873
121810.1273419997 121810.3244560873
121461.9631038647 121810.3244560873
122506.4558182697 121880.0137517929
122390.4010722247 121926.4732822633
121369.1193070286 121926.4732822633
121717.2835451637 121996.1625779689
120579.9470339226 122228.4602303210
120231.7827957876 122228.4602303210
121902.9711388357 122251.6899955562
120835.2674752216 122274.9197607914

120579.9470339226 122228.4602303210
120324.6265926236 122158.7709346154
120022.8842529066 122065.8518736745
121020.9550688936 121996.1625779689
122042.2368340897 121996.1625779689
121369.1193070286 121926.4732822633
122506.4558182697 121880.0137517929
120974.5331704756 115631.2069035224
123991.9565676458 118488.4680274528
123667.0032787198 121601.2565689704
123249.2061929578 121740.6351603817
122924.2529040317 121763.8649256169
121856.5492404177 121810.3244560873
119860.4076084436 121833.5542213225
121717.2835451637 121856.7839865577

123667.0032787198 121601.2565689704
122251.1353769707 121670.9458646760
121183.4317133566 121694.1756299112
123249.2061929578 121740.6351603817
122924.2529040317 121763.8649256169
121856.5492404177 121810.3244560873
121810.1273419997 121810.3244560873
121485.1740530737 121833.5542213225
122506.4558182697 121880.0137517929
121369.1193070286 121926.4732822633
122042.2368340897 121996.1625779689
121020.9550688936 121996.1625779689
120022.8842529066 122065.8518736745
120579.9470339226 122228.4602303210
120231.7827957876 122228.4602303210

121717.2835451637 121996.1625779689
122042.2368340897 121996.1625779689
121461.9631038647 121926.4732822633
121763.7054435817 121926.4732822633
121438.7521546556 121903.2435170281
122506.4558182697 121880.0137517929
121717.2835451637 121810.3244560873
121183.4317133566 121810.3244560873
121856.5492404177 121810.3244560873
122251.1353769707 121810.3244560873
122204.7134785527 121787.0946908521
122924.2529040317 121763.8649256169
121786.9163927907 121740.6351603817
122065.4477832987 121717.4053951465
122204.7134785527 121694.1756299112

120579.9470339226 122228.4602303210
120324.6265926236 122158.7709346154
120022.8842529066 122065.8518736745
121020.9550688936 121996.1625779689
122042.2368340897 121996.1625779689
121369.1193070286 121926.4732822633
122506.4558182697 121880.0137517929
121717.2835451637 121856.7839865577
119860.4076084436 121833.5542213225
122924.2529040317 121763.8649256169
123249.2061929578 121740.6351603817
123667.0032787198 121601.2565689704
122251.1353769707 121670.9458646760
124525.8083994529 118395.5489665120
121856.5492404177 121810.3244560873

122251.1353769707 121670.9458646760
121183.4317133566 121694.1756299112
121856.5492404177 121717.4053951465
122924.2529040317 121763.8649256169
121461.9631038647 121810.3244560873
121763.7054435817 121833.5542213225
122506.4558182697 121856.7839865577
122204.7134785527 121856.7839865577
122111.8696817167 121856.7839865577
122483.2448690607 121880.0137517929
121810.1273419997 121903.2435170281
122042.2368340897 121996.1625779689
121717.2835451637 121996.1625779689
121322.6974086106 122019.3923432041
121647.6506975367 122042.6221084393

120858.4784244306 122251.6899955562
122251.1353769707 121670.9458646760
121183.4317133566 121694.1756299112
123249.2061929578 121740.6351603817
122924.2529040317 121763.8649256169
121856.5492404177 121810.3244560873
121810.1273419997 121810.3244560873
121461.9631038647 121810.3244560873
122506.4558182697 121880.0137517929
122390.4010722247 121926.4732822633
121369.1193070286 121926.4732822633
122042.2368340897 121996.1625779689
121717.2835451637 121996.1625779689
120579.9470339226 122228.4602303210
120231.7827957876 122228.4602303210

123991.9565676458 118488.4680274528
123667.0032787198 121601.2565689704
122251.1353769707 121670.9458646760
123249.2061929578 121740.6351603817
122924.2529040317 121763.8649256169
121856.5492404177 121810.3244560873
119860.4076084436 121833.5542213225
121717.2835451637 121856.7839865577
122506.4558182697 121880.0137517929
121369.1193070286 121926.4732822633
122042.2368340897 121996.1625779689
121020.9550688936 121996.1625779689
120022.8842529066 122065.8518736745
120324.6265926236 122158.7709346154
120579.9470339226 122228.4602303210

121322.6974086106 122019.3923432041
121183.4317133566 121694.1756299112
123249.2061929578 121740.6351603817
122924.2529040317 121763.8649256169
121856.5492404177 121810.3244560873
121461.9631038647 121810.3244560873
121902.9711388357 121833.5542213225
121763.7054435817 121833.5542213225
122506.4558182697 121856.7839865577
122204.7134785527 121856.7839865577
121717.2835451637 121856.7839865577
120765.6346275946 121880.0137517929
121369.1193070286 121926.4732822633
122042.2368340897 121996.1625779689
121717.2835451637 121996.1625779689

120858.4784244306 122251.6899955562
122251.1353769707 121670.9458646760
121183.4317133566 121694.1756299112
123249.2061929578 121740.6351603817
122924.2529040317 121763.8649256169
121856.5492404177 121810.3244560873
121461.9631038647 121810.3244560873
122506.4558182697 121880.0137517929
122390.4010722247 121926.4732822633
121369.1193070286 121926.4732822633
122042.2368340897 121996.1625779689
121717.2835451637 121996.1625779689
120579.9470339226 122228.4602303210
120231.7827957876 122228.4602303210
121902.9711388357 122251.6899955562

121322.6974086106 122019.3923432041
121694.0725959547 121972.9328127337
122042.2368340897 121996.1625779689
121369.1193070286 121926.4732822633
120765.6346275946 121880.0137517929
121717.2835451637 121856.7839865577
122204.7134785527 121856.7839865577
122506.4558182697 121856.7839865577
121763.7054435817 121833.5542213225
121461.9631038647 121810.3244560873
121856.5492404177 121810.3244560873
122924.2529040317 121763.8649256169
123249.2061929578 121740.6351603817
121183.4317133566 121694.1756299112
122251.1353769707 121670.9458646760

120579.9470339226 122228.4602303210
120324.6265926236 122158.7709346154
120022.8842529066 122065.8518736745
121020.9550688936 121996.1625779689
122042.2368340897 121996.1625779689
121369.1193070286 121926.4732822633
121902.9711388357 121880.0137517929
122506.4558182697 121880.0137517929
121717.2835451637 121856.7839865577
119860.4076084436 121833.5542213225
122924.2529040317 121763.8649256169
123249.2061929578 121740.6351603817
123667.0032787198 121601.2565689704
121299.4864594016 115700.8961992280
120974.5331704756 115631.2069035224

120579.9470339226 122228.4602303210
120324.6265926236 122158.7709346154
120022.8842529066 122065.8518736745
121020.9550688936 121996.1625779689
122042.2368340897 121996.1625779689
121369.1193070286 121926.4732822633
122506.4558182697 121880.0137517929
121717.2835451637 121856.7839865577
119860.4076084436 121833.5542213225
122924.2529040317 121763.8649256169
123249.2061929578 121740.6351603817
122204.7134785527 121694.1756299112
123667.0032787198 121601.2565689704
120974.5331704756 115631.2069035224
121299.4864594016 115700.8961992280

120579.9470339226 122228.4602303210
120324.6265926236 122158.7709346154
120022.8842529066 122065.8518736745
121020.9550688936 121996.1625779689
122042.2368340897 121996.1625779689
121369.1193070286 121926.4732822633
122506.4558182697 121880.0137517929
121717.2835451637 121856.7839865577
119860.4076084436 121833.5542213225
122924.2529040317 121763.8649256169
123249.2061929578 121740.6351603817
122204.7134785527 121694.1756299112
123667.0032787198 121601.2565689704
123991.9565676458 118488.4680274528
120974.5331704756 115631.2069035224

120858.4784244306 122251.6899955562
121717.2835451637 121996.1625779689
122042.2368340897 121996.1625779689
121369.1193070286 121926.4732822633
120765.6346275946 121880.0137517929
122483.2448690607 121880.0137517929
122204.7134785527 121856.7839865577
122506.4558182697 121856.7839865577
121461.9631038647 121810.3244560873
121810.1273419997 121810.3244560873
121856.5492404177 121810.3244560873
122924.2529040317 121763.8649256169
123249.2061929578 121740.6351603817
121183.4317133566 121694.1756299112
122251.1353769707 121670.9458646760

120231.7827957876 122228.4602303210
122251.1353769707 121670.9458646760
121183.4317133566 121694.1756299112
123249.2061929578 121740.6351603817
122924.2529040317 121763.8649256169
121856.5492404177 121810.3244560873
121461.9631038647 121810.3244560873
121763.7054435817 121833.5542213225
122506.4558182697 121856.7839865577
122204.7134785527 121856.7839865577
121717.2835451637 121856.7839865577
120765.6346275946 121880.0137517929
121369.1193070286 121926.4732822633
122042.2368340897 121996.1625779689
121717.2835451637 121996.1625779689

122251.1353769707 121670.9458646760
121183.4317133566 121694.1756299112
123249.2061929578 121740.6351603817
122924.2529040317 121763.8649256169
121856.5492404177 121810.3244560873
121461.9631038647 121810.3244560873
122506.4558182697 121880.0137517929
122390.4010722247 121926.4732822633
121369.1193070286 121926.4732822633
121717.2835451637 121996.1625779689
121624.4397483277 122089.0816389098
120579.9470339226 122228.4602303210
120231.7827957876 122228.4602303210
121902.9711388357 122251.6899955562
120835.2674752216 122274.9197607914

120579.9470339226 122228.4602303210
120324.6265926236 122158.7709346154
120022.8842529066 122065.8518736745
121020.9550688936 121996.1625779689
122042.2368340897 121996.1625779689
121369.1193070286 121926.4732822633
122506.4558182697 121880.0137517929
119860.4076084436 121833.5542213225
122924.2529040317 121763.8649256169
123249.2061929578 121740.6351603817
122297.5572753887 121670.9458646760
123667.0032787198 121601.2565689704
121972.6039864627 121578.0268037352
120974.5331704756 115631.2069035224
121299.4864594016 115700.8961992280

121717.2835451637 121996.1625779689
122042.2368340897 121996.1625779689
121740.4944943727 121926.4732822633
122204.7134785527 121972.9328127337
121392.3302562376 121880.0137517929
121647.6506975367 121880.0137517929
121717.2835451637 121856.7839865577
121856.5492404177 121856.7839865577
122483.2448690607 121856.7839865577
121856.5492404177 121810.3244560873
121879.7601896267 121810.3244560873
122251.1353769707 121810.3244560873
122204.7134785527 121787.0946908521
121786.9163927907 121740.6351603817
122065.4477832987 121717.4053951465

120974.5331704756 115631.2069035224
121299.4864594016 115700.8961992280
123667.0032787198 121601.2565689704
123249.2061929578 121740.6351603817
122924.2529040317 121763.8649256169
121856.5492404177 121810.3244560873
119860.4076084436 121833.5542213225
121717.2835451637 121856.7839865577
122506.4558182697 121880.0137517929
121369.1193070286 121926.4732822633
122042.2368340897 121996.1625779689
121020.9550688936 121996.1625779689
120022.8842529066 122065.8518736745
120324.6265926236 122158.7709346154
120579.9470339226 122228.4602303210

120858.4784244306 122251.6899955562
121717.2835451637 121996.1625779689
122042.2368340897 121996.1625779689
121369.1193070286 121926.4732822633
120765.6346275946 121880.0137517929
122483.2448690607 121880.0137517929
122204.7134785527 121856.7839865577
122506.4558182697 121856.7839865577
121183.4317133566 121694.1756299112
123249.2061929578 121740.6351603817
122924.2529040317 121763.8649256169
121879.7601896267 121763.8649256169
121856.5492404177 121810.3244560873
121833.3382912087 121810.3244560873
121461.9631038647 121810.3244560873

121902.9711388357 122251.6899955562
120231.7827957876 122228.4602303210
120579.9470339226 122228.4602303210
121717.2835451637 121996.1625779689
122042.2368340897 121996.1625779689
121369.1193070286 121926.4732822633
122390.4010722247 121926.4732822633
122506.4558182697 121880.0137517929
121020.9550688936 121996.1625779689
121461.9631038647 121810.3244560873
121856.5492404177 121810.3244560873
122924.2529040317 121763.8649256169
123249.2061929578 121740.6351603817
121183.4317133566 121694.1756299112
122251.1353769707 121670.9458646760

120579.9470339226 122228.4602303210
120324.6265926236 122158.7709346154
120022.8842529066 122065.8518736745
121020.9550688936 121996.1625779689
122042.2368340897 121996.1625779689
121369.1193070286 121926.4732822633
122506.4558182697 121880.0137517929
121717.2835451637 121856.7839865577
119860.4076084436 121833.5542213225
121856.5492404177 121810.3244560873
122924.2529040317 121763.8649256169
123249.2061929578 121740.6351603817
123667.0032787198 121601.2565689704
123759.8470755558 118163.2513141599
122251.1353769707 121670.9458646760

120579.9470339226 122228.4602303210
120324.6265926236 122158.7709346154
120022.8842529066 122065.8518736745
121020.9550688936 121996.1625779689
122042.2368340897 121996.1625779689
122251.1353769707 121670.9458646760
121183.4317133566 121694.1756299112
123249.2061929578 121740.6351603817
122924.2529040317 121763.8649256169
121856.5492404177 121810.3244560873
121461.9631038647 121810.3244560873
122506.4558182697 121880.0137517929
122390.4010722247 121926.4732822633
121369.1193070286 121926.4732822633
121717.2835451637 121996.1625779689

120579.9470339226 122228.4602303210
120324.6265926236 122158.7709346154
120022.8842529066 122065.8518736745
121020.9550688936 121996.1625779689
122042.2368340897 121996.1625779689
121369.1193070286 121926.4732822633
122506.4558182697 121880.0137517929
121717.2835451637 121856.7839865577
119860.4076084436 121833.5542213225
122924.2529040317 121763.8649256169
123249.2061929578 121740.6351603817
123667.0032787198 121601.2565689704
120974.5331704756 115631.2069035224
121299.4864594016 115700.8961992280
122251.1353769707 121670.9458646760

121717.2835451637 121996.1625779689
122042.2368340897 121996.1625779689
121461.9631038647 121926.4732822633
121763.7054435817 121926.4732822633
121438.7521546556 121903.2435170281
122506.4558182697 121880.0137517929
121717.2835451637 121856.7839865577
121183.4317133566 121810.3244560873
121856.5492404177 121810.3244560873
121438.7521546556 121787.0946908521
122204.7134785527 121787.0946908521
122924.2529040317 121763.8649256169
121786.9163927907 121740.6351603817
122204.7134785527 121694.1756299112
122088.6587325077 121926.4732822633

120858.4784244306 122251.6899955562
120231.7827957876 122228.4602303210
121554.8069007007 122135.5411693802
122042.2368340897 121996.1625779689
121369.1193070286 121926.4732822633
120022.8842529066 121903.2435170281
122506.4558182697 121880.0137517929
120765.6346275946 121810.3244560873
121856.5492404177 121810.3244560873
122924.2529040317 121763.8649256169
121461.9631038647 121740.6351603817
123249.2061929578 121740.6351603817
121183.4317133566 121694.1756299112
122251.1353769707 121670.9458646760
122738.5653103597 121461.8779775592

121717.2835451637 121996.1625779689
122042.2368340897 121996.1625779689
121461.9631038647 121926.4732822633
121763.7054435817 121926.4732822633
122413.6120214337 121926.4732822633
120765.6346275946 122019.3923432041
121717.2835451637 121856.7839865577
121833.3382912087 121856.7839865577
121183.4317133566 121810.3244560873
121856.5492404177 121810.3244560873
122251.1353769707 121810.3244560873
122204.7134785527 121787.0946908521
122088.6587325077 121717.4053951465
122204.7134785527 121694.1756299112
122251.1353769707 121670.9458646760

120858.4784244306 122251.6899955562
121717.2835451637 121996.1625779689
122042.2368340897 121996.1625779689
121369.1193070286 121926.4732822633
120765.6346275946 121880.0137517929
122483.2448690607 121880.0137517929
122204.7134785527 121856.7839865577
122506.4558182697 121856.7839865577
121763.7054435817 121833.5542213225
121461.9631038647 121810.3244560873
121856.5492404177 121810.3244560873
122924.2529040317 121763.8649256169
123249.2061929578 121740.6351603817
121183.4317133566 121694.1756299112
120487.1032370866 121763.8649256169

120579.9470339226 122228.4602303210
120324.6265926236 122158.7709346154
122251.1353769707 121670.9458646760
121183.4317133566 121694.1756299112
121856.5492404177 121717.4053951465
122924.2529040317 121763.8649256169
121856.5492404177 121810.3244560873
121461.9631038647 121810.3244560873
122506.4558182697 121856.7839865577
122204.7134785527 121856.7839865577
122483.2448690607 121880.0137517929
121369.1193070286 121926.4732822633
122042.2368340897 121996.1625779689
121717.2835451637 121996.1625779689
121322.6974086106 122019.3923432041

121508.3850022827 122251.6899955562
120579.9470339226 122228.4602303210
120324.6265926236 122158.7709346154
120022.8842529066 122065.8518736745
121020.9550688936 121996.1625779689
122042.2368340897 121996.1625779689
121369.1193070286 121926.4732822633
122506.4558182697 121880.0137517929
121717.2835451637 121856.7839865577
119860.4076084436 121833.5542213225
122924.2529040317 121763.8649256169
123249.2061929578 121740.6351603817
123667.0032787198 121601.2565689704
122622.5105643147 121136.6612642663
120974.5331704756 115631.2069035224

121717.2835451637 121996.1625779689
122042.2368340897 121996.1625779689
121740.4944943727 121926.4732822633
121508.3850022827 121810.3244560873
121647.6506975367 121880.0137517929
121717.2835451637 121856.7839865577
121786.9163927907 121856.7839865577
121856.5492404177 121856.7839865577
121856.5492404177 121810.3244560873
121879.7601896267 121810.3244560873
122251.1353769707 121810.3244560873
122204.7134785527 121787.0946908521
121786.9163927907 121740.6351603817
122065.4477832987 121717.4053951465
122204.7134785527 121694.1756299112

121717.2835451637 121996.1625779689
122042.2368340897 121996.1625779689
121763.7054435817 121926.4732822633
121438.7521546556 121903.2435170281
122506.4558182697 121880.0137517929
121717.2835451637 121856.7839865577
121949.3930372537 121856.7839865577
121183.4317133566 121810.3244560873
121856.5492404177 121810.3244560873
122251.1353769707 121810.3244560873
120858.4784244306 121787.0946908521
122204.7134785527 121787.0946908521
122924.2529040317 121763.8649256169
121786.9163927907 121740.6351603817
121763.7054435817 121717.4053951465

120579.9470339226 122228.4602303210
120324.6265926236 122158.7709346154
120022.8842529066 122065.8518736745
121020.9550688936 121996.1625779689
122042.2368340897 121996.1625779689
121369.1193070286 121926.4732822633
122506.4558182697 121880.0137517929
121717.2835451637 121856.7839865577
119860.4076084436 121833.5542213225
122924.2529040317 121763.8649256169
123249.2061929578 121740.6351603817
123667.0032787198 121601.2565689704
120974.5331704756 115631.2069035224
122622.5105643147 121136.6612642663
121972.6039864627 121578.0268037352

120579.9470339226 122228.4602303210
120324.6265926236 122158.7709346154
120022.8842529066 122065.8518736745
121020.9550688936 121996.1625779689
122042.2368340897 121996.1625779689
121369.1193070286 121926.4732822633
122506.4558182697 121880.0137517929
121717.2835451637 121856.7839865577
119860.4076084436 121833.5542213225
122924.2529040317 121763.8649256169
123249.2061929578 121740.6351603817
123667.0032787198 121601.2565689704
120974.5331704756 115631.2069035224
120394.2594402506 115654.4366687576
121299.4864594016 115700.8961992280

121717.2835451637 121996.1625779689
122042.2368340897 121996.1625779689
121461.9631038647 121926.4732822633
121763.7054435817 121926.4732822633
122413.6120214337 121926.4732822633
120254.9937449966 122042.6221084393
122506.4558182697 121880.0137517929
121717.2835451637 121856.7839865577
121183.4317133566 121810.3244560873
122251.1353769707 121810.3244560873
120858.4784244306 121787.0946908521
122204.7134785527 121787.0946908521
122924.2529040317 121763.8649256169
121485.1740530737 121833.5542213225
122204.7134785527 121694.1756299112

120974.5331704756 115631.2069035224
121972.6039864627 121578.0268037352
123667.0032787198 121601.2565689704
122297.5572753887 121670.9458646760
123249.2061929578 121740.6351603817
122924.2529040317 121763.8649256169
119860.4076084436 121833.5542213225
121717.2835451637 121856.7839865577
122506.4558182697 121880.0137517929
121369.1193070286 121926.4732822633
122042.2368340897 121996.1625779689
121020.9550688936 121996.1625779689
120022.8842529066 122065.8518736745
120324.6265926236 122158.7709346154
120579.9470339226 122228.4602303210

120579.9470339226 122228.4602303210
120324.6265926236 122158.7709346154
120022.8842529066 122065.8518736745
121020.9550688936 121996.1625779689
122042.2368340897 121996.1625779689
121369.1193070286 121926.4732822633
122506.4558182697 121880.0137517929
121717.2835451637 121856.7839865577
119860.4076084436 121833.5542213225
122924.2529040317 121763.8649256169
123249.2061929578 121740.6351603817
123667.0032787198 121601.2565689704
121972.6039864627 121578.0268037352
120974.5331704756 115631.2069035224
122251.1353769707 121670.9458646760

120579.9470339226 122228.4602303210
120324.6265926236 122158.7709346154
120022.8842529066 122065.8518736745
121020.9550688936 121996.1625779689
122042.2368340897 121996.1625779689
121369.1193070286 121926.4732822633
122506.4558182697 121880.0137517929
121717.2835451637 121856.7839865577
119860.4076084436 121833.5542213225
122924.2529040317 121763.8649256169
123249.2061929578 121740.6351603817
123667.0032787198 121601.2565689704
120974.5331704756 115631.2069035224
121299.4864594016 115700.8961992280
122622.5105643147 121136.6612642663

121717.2835451637 121996.1625779689
122042.2368340897 121996.1625779689
121740.4944943727 121926.4732822633
121392.3302562376 121880.0137517929
121647.6506975367 121880.0137517929
121717.2835451637 121856.7839865577
121856.5492404177 121856.7839865577
121786.9163927907 121856.7839865577
121856.5492404177 121810.3244560873
121879.7601896267 121810.3244560873
122251.1353769707 121810.3244560873
122204.7134785527 121787.0946908521
121786.9163927907 121740.6351603817
122065.4477832987 121717.4053951465
122204.7134785527 121694.1756299112

121322.6974086106 122019.3923432041
121717.2835451637 121996.1625779689
122042.2368340897 121996.1625779689
121369.1193070286 121926.4732822633
120765.6346275946 121880.0137517929
122204.7134785527 121856.7839865577
122506.4558182697 121856.7839865577
121763.7054435817 121833.5542213225
122251.1353769707 121670.9458646760
121183.4317133566 121694.1756299112
123249.2061929578 121740.6351603817
122924.2529040317 121763.8649256169
121856.5492404177 121810.3244560873
121461.9631038647 121810.3244560873
121717.2835451637 121856.7839865577

123667.0032787198 121601.2565689704
122251.1353769707 121670.9458646760
123249.2061929578 121740.6351603817
121879.7601896267 121740.6351603817
122924.2529040317 121763.8649256169
121856.5492404177 121810.3244560873
119860.4076084436 121833.5542213225
121717.2835451637 121856.7839865577
122506.4558182697 121880.0137517929
121369.1193070286 121926.4732822633
122042.2368340897 121996.1625779689
121020.9550688936 121996.1625779689
120022.8842529066 122065.8518736745
120324.6265926236 122158.7709346154
120579.9470339226 122228.4602303210

120579.9470339226 122228.4602303210
120324.6265926236 122158.7709346154
120022.8842529066 122065.8518736745
121020.9550688936 121996.1625779689
122042.2368340897 121996.1625779689
121369.1193070286 121926.4732822633
121183.4317133566 121694.1756299112
123249.2061929578 121740.6351603817
122924.2529040317 121763.8649256169
121856.5492404177 121810.3244560873
121461.9631038647 121810.3244560873
122204.7134785527 121856.7839865577
121717.2835451637 121856.7839865577
122506.4558182697 121880.0137517929
122483.2448690607 121880.0137517929

121717.2835451637 121996.1625779689
122042.2368340897 121996.1625779689
121461.9631038647 121926.4732822633
121763.7054435817 121926.4732822633
122413.6120214337 121926.4732822633
121461.9631038647 121949.7030474985
122506.4558182697 121880.0137517929
121717.2835451637 121856.7839865577
121183.4317133566 121810.3244560873
122251.1353769707 121810.3244560873
120858.4784244306 121787.0946908521
122204.7134785527 121787.0946908521
122924.2529040317 121763.8649256169
121786.9163927907 121740.6351603817
122204.7134785527 121694.1756299112

120231.7827957876 122228.4602303210
120579.9470339226 122228.4602303210
120022.8842529066 122065.8518736745
121020.9550688936 121996.1625779689
122042.2368340897 121996.1625779689
121369.1193070286 121926.4732822633
122506.4558182697 121880.0137517929
121717.2835451637 121856.7839865577
122924.2529040317 121763.8649256169
123249.2061929578 121740.6351603817
122251.1353769707 121670.9458646760
123667.0032787198 121601.2565689704
121183.4317133566 121694.1756299112
121856.5492404177 121717.4053951465
121461.9631038647 121810.3244560873

123667.0032787198 121601.2565689704
121531.5959514916 121647.7160994408
122251.1353769707 121670.9458646760
123249.2061929578 121740.6351603817
122924.2529040317 121763.8649256169
121856.5492404177 121810.3244560873
119860.4076084436 121833.5542213225
121717.2835451637 121856.7839865577
122506.4558182697 121880.0137517929
121369.1193070286 121926.4732822633
122042.2368340897 121996.1625779689
121020.9550688936 121996.1625779689
120022.8842529066 122065.8518736745
120324.6265926236 122158.7709346154
120579.9470339226 122228.4602303210

120579.9470339226 122228.4602303210
120324.6265926236 122158.7709346154
120022.8842529066 122065.8518736745
121020.9550688936 121996.1625779689
122042.2368340897 121996.1625779689
121369.1193070286 121926.4732822633
122506.4558182697 121880.0137517929
121717.2835451637 121856.7839865577
119860.4076084436 121833.5542213225
122924.2529040317 121763.8649256169
123249.2061929578 121740.6351603817
123667.0032787198 121601.2565689704
120974.5331704756 115631.2069035224
122251.1353769707 121670.9458646760
121856.5492404177 121810.3244560873

120579.9470339226 122228.4602303210
120324.6265926236 122158.7709346154
120022.8842529066 122065.8518736745
121020.9550688936 121996.1625779689
122042.2368340897 121996.1625779689
121369.1193070286 121926.4732822633
122506.4558182697 121880.0137517929
121717.2835451637 121856.7839865577
119860.4076084436 121833.5542213225
122924.2529040317 121763.8649256169
123249.2061929578 121740.6351603817
123667.0032787198 121601.2565689704
120974.5331704756 115631.2069035224
121299.4864594016 115700.8961992280
123759.8470755558 118163.2513141599

120974.5331704756 115631.2069035224
121299.4864594016 115700.8961992280
123991.9565676458 118488.4680274528
123667.0032787198 121601.2565689704
123249.2061929578 121740.6351603817
122924.2529040317 121763.8649256169
119860.4076084436 121833.5542213225
121717.2835451637 121856.7839865577
122506.4558182697 121880.0137517929
121369.1193070286 121926.4732822633
122042.2368340897 121996.1625779689
121020.9550688936 121996.1625779689
120022.8842529066 122065.8518736745
120579.9470339226 122228.4602303210
120324.6265926236 122158.7709346154

120858.4784244306 122251.6899955562
120231.7827957876 122228.4602303210
121554.8069007007 122135.5411693802
122042.2368340897 121996.1625779689
121369.1193070286 121926.4732822633
120022.8842529066 121903.2435170281
122506.4558182697 121880.0137517929
120765.6346275946 121810.3244560873
122924.2529040317 121763.8649256169
123249.2061929578 121740.6351603817
121183.4317133566 121694.1756299112
123667.0032787198 121601.2565689704
121972.6039864627 121578.0268037352
121531.5959514916 121647.7160994408
122251.1353769707 121670.9458646760

122204.7134785527 121694.1756299112
121786.9163927907 121740.6351603817
122924.2529040317 121763.8649256169
122204.7134785527 121787.0946908521
120858.4784244306 121787.0946908521
122251.1353769707 121810.3244560873
121183.4317133566 121810.3244560873
121717.2835451637 121856.7839865577
122506.4558182697 121880.0137517929
121438.7521546556 121903.2435170281
122413.6120214337 121926.4732822633
121763.7054435817 121926.4732822633
121461.9631038647 121926.4732822633
122042.2368340897 121996.1625779689
121717.2835451637 121996.1625779689

121647.6506975367 122042.6221084393
121322.6974086106 122019.3923432041
121717.2835451637 121996.1625779689
122042.2368340897 121996.1625779689
121369.1193070286 121926.4732822633
122483.2448690607 121880.0137517929
122204.7134785527 121856.7839865577
122506.4558182697 121856.7839865577
121763.7054435817 121833.5542213225
121461.9631038647 121810.3244560873
122111.8696817167 121856.7839865577
122924.2529040317 121763.8649256169
121856.5492404177 121717.4053951465
121183.4317133566 121694.1756299112
122251.1353769707 121670.9458646760

121322.6974086106 122019.3923432041
121717.2835451637 121996.1625779689
122042.2368340897 121996.1625779689
121369.1193070286 121926.4732822633
122483.2448690607 121880.0137517929
122204.7134785527 121856.7839865577
122506.4558182697 121856.7839865577
121763.7054435817 121833.5542213225
122274.3463261797 121694.1756299112
121856.5492404177 121810.3244560873
122924.2529040317 121763.8649256169
121647.6506975367 122042.6221084393
121856.5492404177 121717.4053951465
121183.4317133566 121694.1756299112
122251.1353769707 121670.9458646760

121322.6974086106 122019.3923432041
121717.2835451637 121996.1625779689
122042.2368340897 121996.1625779689
121369.1193070286 121926.4732822633
120765.6346275946 121880.0137517929
122483.2448690607 121880.0137517929
122204.7134785527 121856.7839865577
122506.4558182697 121856.7839865577
121763.7054435817 121833.5542213225
122251.1353769707 121670.9458646760
121183.4317133566 121694.1756299112
121856.5492404177 121717.4053951465
122924.2529040317 121763.8649256169
121856.5492404177 121810.3244560873
121461.9631038647 121810.3244560873

120231.7827957876 122228.4602303210
120579.9470339226 122228.4602303210
120022.8842529066 122065.8518736745
121020.9550688936 121996.1625779689
122042.2368340897 121996.1625779689
121369.1193070286 121926.4732822633
122506.4558182697 121880.0137517929
121717.2835451637 121856.7839865577
122924.2529040317 121763.8649256169
123249.2061929578 121740.6351603817
122251.1353769707 121670.9458646760
123667.0032787198 121601.2565689704
121972.6039864627 121578.0268037352
121183.4317133566 121694.1756299112
121461.9631038647 121740.6351603817

120231.7827957876 122228.4602303210
120579.9470339226 122228.4602303210
120022.8842529066 122065.8518736745
121020.9550688936 121996.1625779689
122042.2368340897 121996.1625779689
121369.1193070286 121926.4732822633
122506.4558182697 121880.0137517929
121717.2835451637 121856.7839865577
122924.2529040317 121763.8649256169
123249.2061929578 121740.6351603817
122251.1353769707 121670.9458646760
123667.0032787198 121601.2565689704
121856.5492404177 121810.3244560873
121461.9631038647 121810.3244560873
121763.7054435817 121833.5542213225

120231.7827957876 122228.4602303210
120579.9470339226 122228.4602303210
120022.8842529066 122065.8518736745
121020.9550688936 121996.1625779689
122042.2368340897 121996.1625779689
121369.1193070286 121926.4732822633
122506.4558182697 121880.0137517929
121717.2835451637 121856.7839865577
122924.2529040317 121763.8649256169
123249.2061929578 121740.6351603817
122251.1353769707 121670.9458646760
123667.0032787198 121601.2565689704
121183.4317133566 121694.1756299112
121856.5492404177 121810.3244560873
121461.9631038647 121810.3244560873

120672.7908307586 122158.7709346154
121717.2835451637 121996.1625779689
122042.2368340897 121996.1625779689
121461.9631038647 121926.4732822633
121763.7054435817 121926.4732822633
121438.7521546556 121903.2435170281
122506.4558182697 121880.0137517929
121717.2835451637 121856.7839865577
121183.4317133566 121810.3244560873
121856.5492404177 121810.3244560873
122251.1353769707 121810.3244560873
122204.7134785527 121787.0946908521
122924.2529040317 121763.8649256169
121786.9163927907 121740.6351603817
122251.1353769707 121670.9458646760

120858.4784244306 122251.6899955562
121717.2835451637 121996.1625779689
122042.2368340897 121996.1625779689
121369.1193070286 121926.4732822633
120765.6346275946 121880.0137517929
122483.2448690607 121880.0137517929
122204.7134785527 121856.7839865577
122506.4558182697 121856.7839865577
121647.6506975367 122182.0006998506
121461.9631038647 121810.3244560873
121856.5492404177 121810.3244560873
122924.2529040317 121763.8649256169
123249.2061929578 121740.6351603817
121183.4317133566 121694.1756299112
122251.1353769707 121670.9458646760

121902.9711388357 122251.6899955562
120231.7827957876 122228.4602303210
120579.9470339226 122228.4602303210
121717.2835451637 121996.1625779689
122042.2368340897 121996.1625779689
121369.1193070286 121926.4732822633
122390.4010722247 121926.4732822633
122506.4558182697 121880.0137517929
120835.2674752216 122274.9197607914
121461.9631038647 121810.3244560873
121856.5492404177 121810.3244560873
122924.2529040317 121763.8649256169
123249.2061929578 121740.6351603817
121183.4317133566 121694.1756299112
122251.1353769707 121670.9458646760

120858.4784244306 122251.6899955562
121717.2835451637 121996.1625779689
122042.2368340897 121996.1625779689
121369.1193070286 121926.4732822633
120765.6346275946 121880.0137517929
122483.2448690607 121880.0137517929
122204.7134785527 121856.7839865577
122506.4558182697 121856.7839865577
121763.7054435817 121833.5542213225
121461.9631038647 121810.3244560873
121856.5492404177 121810.3244560873
122924.2529040317 121763.8649256169
123249.2061929578 121740.6351603817
121183.4317133566 121694.1756299112
122251.1353769707 121670.9458646760

120858.4784244306 122251.6899955562
120231.7827957876 122228.4602303210
122042.2368340897 121996.1625779689
121369.1193070286 121926.4732822633
120765.6346275946 121880.0137517929
122483.2448690607 121880.0137517929
122204.7134785527 121856.7839865577
122506.4558182697 121856.7839865577
121763.7054435817 121833.5542213225
121461.9631038647 121810.3244560873
121856.5492404177 121810.3244560873
122924.2529040317 121763.8649256169
123249.2061929578 121740.6351603817
121183.4317133566 121694.1756299112
121879.7601896267 121763.8649256169

120858.4784244306 122251.6899955562
120579.9470339226 122228.4602303210
120394.2594402506 122019.3923432041
121717.2835451637 121996.1625779689
122042.2368340897 121996.1625779689
121369.1193070286 121926.4732822633
120022.8842529066 121903.2435170281
122506.4558182697 121880.0137517929
121461.9631038647 121810.3244560873
121856.5492404177 121810.3244560873
123643.7923295108 121554.7970385000
122251.1353769707 121670.9458646760
121183.4317133566 121694.1756299112
123249.2061929578 121740.6351603817
122924.2529040317 121763.8649256169

121322.6974086106 122019.3923432041
121717.2835451637 121996.1625779689
122042.2368340897 121996.1625779689
121369.1193070286 121926.4732822633
122483.2448690607 121880.0137517929
122204.7134785527 121856.7839865577
122506.4558182697 121856.7839865577
121763.7054435817 121833.5542213225
121461.9631038647 121810.3244560873
121856.5492404177 121810.3244560873
122924.2529040317 121763.8649256169
121647.6506975367 122042.6221084393
121856.5492404177 121717.4053951465
121183.4317133566 121694.1756299112
122251.1353769707 121670.9458646760

120579.9470339226 122228.4602303210
120394.2594402506 122065.8518736745
121717.2835451637 121996.1625779689
122042.2368340897 121996.1625779689
121369.1193070286 121926.4732822633
121763.7054435817 121926.4732822633
122506.4558182697 121880.0137517929
121113.7988657296 121856.7839865577
121717.2835451637 121856.7839865577
121461.9631038647 121810.3244560873
121856.5492404177 121810.3244560873
121879.7601896267 121763.8649256169
122924.2529040317 121763.8649256169
123249.2061929578 121740.6351603817
122204.7134785527 121694.1756299112

120858.4784244306 122251.6899955562
120579.9470339226 122228.4602303210
120394.2594402506 122019.3923432041
123643.7923295108 121554.7970385000
122251.1353769707 121670.9458646760
121183.4317133566 121694.1756299112
123249.2061929578 121740.6351603817
122924.2529040317 121763.8649256169
121856.5492404177 121810.3244560873
121461.9631038647 121810.3244560873
121717.2835451637 121856.7839865577
120138.9389989516 121856.7839865577
122506.4558182697 121880.0137517929
121369.1193070286 121926.4732822633
122042.2368340897 121996.1625779689

121322.6974086106 122019.3923432041
121717.2835451637 121996.1625779689
122042.2368340897 121996.1625779689
121369.1193070286 121926.4732822633
120765.6346275946 121880.0137517929
122483.2448690607 121880.0137517929
122204.7134785527 121856.7839865577
122506.4558182697 121856.7839865577
121763.7054435817 121833.5542213225
121461.9631038647 121810.3244560873
121856.5492404177 121810.3244560873
122924.2529040317 121763.8649256169
123249.2061929578 121740.6351603817
121183.4317133566 121694.1756299112
121879.7601896267 121763.8649256169

120487.1032370866 122042.6221084393
121717.2835451637 121996.1625779689
122042.2368340897 121996.1625779689
121461.9631038647 121926.4732822633
121763.7054435817 121926.4732822633
122413.6120214337 121926.4732822633
121438.7521546556 121903.2435170281
122506.4558182697 121880.0137517929
121717.2835451637 121856.7839865577
121183.4317133566 121810.3244560873
121856.5492404177 121810.3244560873
122251.1353769707 121810.3244560873
122204.7134785527 121787.0946908521
122924.2529040317 121763.8649256169
122251.1353769707 121670.9458646760

121624.4397483277 121461.8779775592
122297.5572753887 121670.9458646760
119999.6733036975 121972.9328127337
121183.4317133566 121694.1756299112
123249.2061929578 121740.6351603817
122924.2529040317 121763.8649256169
121763.7054435817 121763.8649256169
121856.5492404177 121810.3244560873
122506.4558182697 121880.0137517929
122483.2448690607 121880.0137517929
121369.1193070286 121926.4732822633
122042.2368340897 121996.1625779689
120394.2594402506 122019.3923432041
120579.9470339226 122228.4602303210
120858.4784244306 122251.6899955562

122135.0806309257 121856.7839865577
121183.4317133566 121694.1756299112
123249.2061929578 121740.6351603817
122924.2529040317 121763.8649256169
121856.5492404177 121810.3244560873
121461.9631038647 121810.3244560873
122204.7134785527 121856.7839865577
121717.2835451637 121856.7839865577
122506.4558182697 121880.0137517929
122483.2448690607 121880.0137517929
121369.1193070286 121926.4732822633
122042.2368340897 121996.1625779689
121717.2835451637 121996.1625779689
120579.9470339226 122228.4602303210
120858.4784244306 122251.6899955562

120858.4784244306 122251.6899955562
120231.7827957876 122228.4602303210
122251.1353769707 121670.9458646760
121183.4317133566 121694.1756299112
123249.2061929578 121740.6351603817
122924.2529040317 121763.8649256169
121856.5492404177 121810.3244560873
121461.9631038647 121810.3244560873
121763.7054435817 121833.5542213225
122506.4558182697 121856.7839865577
122204.7134785527 121856.7839865577
122483.2448690607 121880.0137517929
120765.6346275946 121880.0137517929
121369.1193070286 121926.4732822633
122042.2368340897 121996.1625779689

121322.6974086106 122019.3923432041
121717.2835451637 121996.1625779689
122042.2368340897 121996.1625779689
121369.1193070286 121926.4732822633
122483.2448690607 121880.0137517929
122204.7134785527 121856.7839865577
122506.4558182697 121856.7839865577
121763.7054435817 121833.5542213225
121461.9631038647 121810.3244560873
121856.5492404177 121810.3244560873
122924.2529040317 121763.8649256169
123249.2061929578 121740.6351603817
120765.6346275946 121880.0137517929
121183.4317133566 121694.1756299112
122251.1353769707 121670.9458646760

120579.9470339226 122228.4602303210
121972.6039864627 122089.0816389098
120394.2594402506 122019.3923432041
121717.2835451637 121996.1625779689
122042.2368340897 121996.1625779689
121369.1193070286 121926.4732822633
122506.4558182697 121880.0137517929
121183.4317133566 121694.1756299112
123249.2061929578 121740.6351603817
122924.2529040317 121763.8649256169
121856.5492404177 121810.3244560873
121461.9631038647 121810.3244560873
122204.7134785527 121856.7839865577
121717.2835451637 121856.7839865577
122483.2448690607 121880.0137517929

120579.9470339226 122228.4602303210
120394.2594402506 122019.3923432041
121717.2835451637 121996.1625779689
122042.2368340897 121996.1625779689
121369.1193070286 121926.4732822633
123643.7923295108 121554.7970385000
122251.1353769707 121670.9458646760
121183.4317133566 121694.1756299112
123249.2061929578 121740.6351603817
122924.2529040317 121763.8649256169
121856.5492404177 121810.3244560873
121461.9631038647 121810.3244560873
121717.2835451637 121856.7839865577
120138.9389989516 121856.7839865577
122506.4558182697 121880.0137517929

120858.4784244306 122251.6899955562
120231.7827957876 122228.4602303210
121554.8069007007 122135.5411693802
122042.2368340897 121996.1625779689
121369.1193070286 121926.4732822633
120022.8842529066 121903.2435170281
122506.4558182697 121880.0137517929
120765.6346275946 121810.3244560873
121856.5492404177 121810.3244560873
122924.2529040317 121763.8649256169
123249.2061929578 121740.6351603817
121183.4317133566 121694.1756299112
122251.1353769707 121670.9458646760
121949.3930372537 121647.7160994408
121624.4397483277 121461.8779775592

120858.4784244306 122251.6899955562
120579.9470339226 122228.4602303210
120394.2594402506 122019.3923432041
121717.2835451637 121996.1625779689
122042.2368340897 121996.1625779689
121369.1193070286 121926.4732822633
120022.8842529066 121903.2435170281
122506.4558182697 121880.0137517929
121972.6039864627 121578.0268037352
123667.0032787198 121601.2565689704
122251.1353769707 121670.9458646760
121183.4317133566 121694.1756299112
123249.2061929578 121740.6351603817
122924.2529040317 121763.8649256169
121485.1740530737 121763.8649256169

120858.4784244306 122251.6899955562
120579.9470339226 122228.4602303210
121717.2835451637 121996.1625779689
122042.2368340897 121996.1625779689
121369.1193070286 121926.4732822633
122390.4010722247 121926.4732822633
122506.4558182697 121880.0137517929
121717.2835451637 121856.7839865577
121461.9631038647 121810.3244560873
121856.5492404177 121810.3244560873
122924.2529040317 121763.8649256169
123249.2061929578 121740.6351603817
122204.7134785527 121717.4053951465
121183.4317133566 121694.1756299112
122251.1353769707 121670.9458646760

120858.4784244306 122251.6899955562
120579.9470339226 122228.4602303210
120394.2594402506 122019.3923432041
121717.2835451637 121996.1625779689
122042.2368340897 121996.1625779689
122251.1353769707 121670.9458646760
121183.4317133566 121694.1756299112
123249.2061929578 121740.6351603817
122924.2529040317 121763.8649256169
121856.5492404177 121810.3244560873
121461.9631038647 121810.3244560873
120138.9389989516 121856.7839865577
122506.4558182697 121880.0137517929
122390.4010722247 121926.4732822633
121369.1193070286 121926.4732822633

120579.9470339226 122228.4602303210
121322.6974086106 122019.3923432041
121717.2835451637 121996.1625779689
122042.2368340897 121996.1625779689
121369.1193070286 121926.4732822633
121090.5879165206 121880.0137517929
122483.2448690607 121880.0137517929
122506.4558182697 121880.0137517929
121717.2835451637 121856.7839865577
122204.7134785527 121856.7839865577
121461.9631038647 121810.3244560873
121856.5492404177 121810.3244560873
122924.2529040317 121763.8649256169
121763.7054435817 121856.7839865577
121879.7601896267 121787.0946908521

120231.7827957876 122228.4602303210
120579.9470339226 122228.4602303210
121020.9550688936 121996.1625779689
122042.2368340897 121996.1625779689
121369.1193070286 121926.4732822633
122506.4558182697 121880.0137517929
121624.4397483277 121461.8779775592
121972.6039864627 121578.0268037352
122251.1353769707 121670.9458646760
121183.4317133566 121694.1756299112
123249.2061929578 121740.6351603817
122924.2529040317 121763.8649256169
121856.5492404177 121810.3244560873
122483.2448690607 121856.7839865577
121554.8069007007 122135.5411693802

120231.7827957876 122228.4602303210
120579.9470339226 122228.4602303210
121717.2835451637 121996.1625779689
122042.2368340897 121996.1625779689
121369.1193070286 121926.4732822633
121090.5879165206 121880.0137517929
122483.2448690607 121880.0137517929
122506.4558182697 121880.0137517929
122251.1353769707 121670.9458646760
121183.4317133566 121694.1756299112
123249.2061929578 121740.6351603817
122924.2529040317 121763.8649256169
121856.5492404177 121810.3244560873
121461.9631038647 121810.3244560873
122204.7134785527 121856.7839865577

120858.4784244306 122251.6899955562
120231.7827957876 122228.4602303210
120579.9470339226 122228.4602303210
121554.8069007007 122135.5411693802
122042.2368340897 121996.1625779689
121369.1193070286 121926.4732822633
122506.4558182697 121880.0137517929
122483.2448690607 121856.7839865577
121856.5492404177 121810.3244560873
122924.2529040317 121763.8649256169
123249.2061929578 121740.6351603817
121183.4317133566 121694.1756299112
122251.1353769707 121670.9458646760
121624.4397483277 121461.8779775592
121717.2835451637 121856.7839865577

120858.4784244306 122251.6899955562
120231.7827957876 122228.4602303210
121601.2287991187 122019.3923432041
122042.2368340897 121996.1625779689
121369.1193070286 121926.4732822633
120022.8842529066 121903.2435170281
122506.4558182697 121880.0137517929
120765.6346275946 121810.3244560873
122924.2529040317 121763.8649256169
121461.9631038647 121740.6351603817
123249.2061929578 121740.6351603817
121183.4317133566 121694.1756299112
122251.1353769707 121670.9458646760
123667.0032787198 121601.2565689704
121972.6039864627 121578.0268037352

120858.4784244306 122251.6899955562
120231.7827957876 122228.4602303210
121601.2287991187 122019.3923432041
122042.2368340897 121996.1625779689
121369.1193070286 121926.4732822633
120022.8842529066 121903.2435170281
122506.4558182697 121880.0137517929
120765.6346275946 121810.3244560873
122924.2529040317 121763.8649256169
123249.2061929578 121740.6351603817
123667.0032787198 121601.2565689704
121972.6039864627 121578.0268037352
121624.4397483277 121461.8779775592
122251.1353769707 121670.9458646760
121183.4317133566 121694.1756299112

120231.7827957876 122228.4602303210
120579.9470339226 122228.4602303210
121717.2835451637 121996.1625779689
122042.2368340897 121996.1625779689
121369.1193070286 121926.4732822633
122390.4010722247 121926.4732822633
122506.4558182697 121880.0137517929
120138.9389989516 121856.7839865577
121717.2835451637 121856.7839865577
121461.9631038647 121810.3244560873
121856.5492404177 121810.3244560873
122924.2529040317 121763.8649256169
123249.2061929578 121740.6351603817
121183.4317133566 121694.1756299112
122251.1353769707 121670.9458646760

120858.4784244306 122251.6899955562
120231.7827957876 122228.4602303210
121554.8069007007 122135.5411693802
122042.2368340897 121996.1625779689
120696.0017799676 121972.9328127337
121369.1193070286 121926.4732822633
120022.8842529066 121903.2435170281
122506.4558182697 121880.0137517929
122924.2529040317 121763.8649256169
123249.2061929578 121740.6351603817
121183.4317133566 121694.1756299112
122297.5572753887 121670.9458646760
123667.0032787198 121601.2565689704
121972.6039864627 121578.0268037352
121624.4397483277 121461.8779775592

120858.4784244306 122251.6899955562
120231.7827957876 122228.4602303210
121508.3850022827 122182.0006998506
122042.2368340897 121996.1625779689
120696.0017799676 121972.9328127337
121369.1193070286 121926.4732822633
120022.8842529066 121903.2435170281
122506.4558182697 121880.0137517929
122924.2529040317 121763.8649256169
123249.2061929578 121740.6351603817
121183.4317133566 121694.1756299112
122297.5572753887 121670.9458646760
123667.0032787198 121601.2565689704
121972.6039864627 121578.0268037352
120974.5331704756 115631.2069035224

120858.4784244306 122251.6899955562
120579.9470339226 122228.4602303210
120394.2594402506 122019.3923432041
121717.2835451637 121996.1625779689
122042.2368340897 121996.1625779689
121369.1193070286 121926.4732822633
122251.1353769707 121670.9458646760
121183.4317133566 121694.1756299112
123249.2061929578 121740.6351603817
122924.2529040317 121763.8649256169
121856.5492404177 121810.3244560873
121461.9631038647 121810.3244560873
122204.7134785527 121856.7839865577
121717.2835451637 121856.7839865577
122506.4558182697 121880.0137517929

120858.4784244306 122251.6899955562
120231.7827957876 122228.4602303210
121508.3850022827 122182.0006998506
122042.2368340897 121996.1625779689
120696.0017799676 121972.9328127337
121369.1193070286 121926.4732822633
120022.8842529066 121903.2435170281
122506.4558182697 121880.0137517929
122924.2529040317 121763.8649256169
123249.2061929578 121740.6351603817
121624.4397483277 121461.8779775592
121972.6039864627 121578.0268037352
123667.0032787198 121601.2565689704
122251.1353769707 121670.9458646760
121183.4317133566 121694.1756299112

120858.4784244306 122251.6899955562
120231.7827957876 122228.4602303210
121554.8069007007 122135.5411693802
122042.2368340897 121996.1625779689
121369.1193070286 121926.4732822633
120022.8842529066 121903.2435170281
122506.4558182697 121880.0137517929
120765.6346275946 121810.3244560873
122924.2529040317 121763.8649256169
121461.9631038647 121740.6351603817
123249.2061929578 121740.6351603817
121183.4317133566 121694.1756299112
122251.1353769707 121670.9458646760
121972.6039864627 121578.0268037352
121856.5492404177 121810.3244560873

120858.4784244306 122251.6899955562
120231.7827957876 122228.4602303210
121508.3850022827 122182.0006998506
122042.2368340897 121996.1625779689
120696.0017799676 121972.9328127337
121369.1193070286 121926.4732822633
121763.7054435817 121763.8649256169
122506.4558182697 121880.0137517929
122924.2529040317 121763.8649256169
123249.2061929578 121740.6351603817
121183.4317133566 121694.1756299112
122297.5572753887 121670.9458646760
123667.0032787198 121601.2565689704
121972.6039864627 121578.0268037352
121624.4397483277 121461.8779775592

120231.7827957876 122228.4602303210
120579.9470339226 122228.4602303210
121717.2835451637 121996.1625779689
122042.2368340897 121996.1625779689
121369.1193070286 121926.4732822633
122506.4558182697 121880.0137517929
120138.9389989516 121856.7839865577
121717.2835451637 121856.7839865577
121856.5492404177 121810.3244560873
121879.7601896267 121810.3244560873
122924.2529040317 121763.8649256169
123249.2061929578 121740.6351603817
121020.9550688936 121996.1625779689
122251.1353769707 121670.9458646760
123667.0032787198 121601.2565689704

120858.4784244306 122251.6899955562
120579.9470339226 122228.4602303210
120394.2594402506 122019.3923432041
122042.2368340897 121996.1625779689
121369.1193070286 121926.4732822633
122483.2448690607 121880.0137517929
122506.4558182697 121880.0137517929
121856.5492404177 121810.3244560873
121624.4397483277 121461.8779775592
121972.6039864627 121578.0268037352
122251.1353769707 121670.9458646760
121183.4317133566 121694.1756299112
123249.2061929578 121740.6351603817
122924.2529040317 121763.8649256169
120022.8842529066 121903.2435170281

120858.4784244306 122251.6899955562
120231.7827957876 122228.4602303210
120579.9470339226 122228.4602303210
121508.3850022827 122182.0006998506
122042.2368340897 121996.1625779689
121369.1193070286 121926.4732822633
120022.8842529066 121903.2435170281
122506.4558182697 121880.0137517929
122924.2529040317 121763.8649256169
123249.2061929578 121740.6351603817
123667.0032787198 121601.2565689704
121972.6039864627 121578.0268037352
120974.5331704756 115631.2069035224
121299.4864594016 115700.8961992280
121183.4317133566 121694.1756299112

120858.4784244306 122251.6899955562
120231.7827957876 122228.4602303210
121554.8069007007 122135.5411693802
122042.2368340897 121996.1625779689
121369.1193070286 121926.4732822633
120022.8842529066 121903.2435170281
122506.4558182697 121880.0137517929
120765.6346275946 121810.3244560873
122924.2529040317 121763.8649256169
123249.2061929578 121740.6351603817
121183.4317133566 121694.1756299112
122251.1353769707 121670.9458646760
123667.0032787198 121601.2565689704
121972.6039864627 121578.0268037352
121485.1740530737 121763.8649256169

120858.4784244306 122251.6899955562
120231.7827957876 122228.4602303210
120696.0017799676 121972.9328127337
121508.3850022827 122182.0006998506
122042.2368340897 121996.1625779689
121369.1193070286 121926.4732822633
120022.8842529066 121903.2435170281
122506.4558182697 121880.0137517929
122924.2529040317 121763.8649256169
123249.2061929578 121740.6351603817
121183.4317133566 121694.1756299112
122297.5572753887 121670.9458646760
123667.0032787198 121601.2565689704
121972.6039864627 121578.0268037352
121624.4397483277 121461.8779775592

120858.4784244306 122251.6899955562
120231.7827957876 122228.4602303210
121554.8069007007 122135.5411693802
122042.2368340897 121996.1625779689
121369.1193070286 121926.4732822633
120022.8842529066 121903.2435170281
122506.4558182697 121880.0137517929
120765.6346275946 121810.3244560873
122924.2529040317 121763.8649256169
121461.9631038647 121740.6351603817
123249.2061929578 121740.6351603817
121183.4317133566 121694.1756299112
122251.1353769707 121670.9458646760
123667.0032787198 121601.2565689704
121972.6039864627 121578.0268037352

120231.7827957876 122228.4602303210
120579.9470339226 122228.4602303210
122042.2368340897 121996.1625779689
121369.1193070286 121926.4732822633
122506.4558182697 121880.0137517929
120138.9389989516 121856.7839865577
121972.6039864627 121578.0268037352
123667.0032787198 121601.2565689704
122251.1353769707 121670.9458646760
121183.4317133566 121694.1756299112
123249.2061929578 121740.6351603817
122924.2529040317 121763.8649256169
121856.5492404177 121810.3244560873
121508.3850022827 121856.7839865577
120858.4784244306 122251.6899955562

120858.4784244306 122251.6899955562
120231.7827957876 122228.4602303210
120579.9470339226 122228.4602303210
121554.8069007007 122135.5411693802
122042.2368340897 121996.1625779689
121369.1193070286 121926.4732822633
123667.0032787198 121601.2565689704
122251.1353769707 121670.9458646760
121183.4317133566 121694.1756299112
123249.2061929578 121740.6351603817
121461.9631038647 121740.6351603817
122924.2529040317 121763.8649256169
121786.9163927907 121763.8649256169
122506.4558182697 121880.0137517929
122413.6120214337 121880.0137517929

120858.4784244306 122251.6899955562
120231.7827957876 122228.4602303210
121554.8069007007 122135.5411693802
122042.2368340897 121996.1625779689
121369.1193070286 121926.4732822633
120022.8842529066 121903.2435170281
122506.4558182697 121880.0137517929
120765.6346275946 121810.3244560873
122924.2529040317 121763.8649256169
123249.2061929578 121740.6351603817
123667.0032787198 121601.2565689704
121972.6039864627 121578.0268037352
121485.1740530737 121206.3505599719
120974.5331704756 115631.2069035224
122297.5572753887 121670.9458646760

120858.4784244306 122251.6899955562
120231.7827957876 122228.4602303210
120579.9470339226 122228.4602303210
121554.8069007007 122089.0816389098
122042.2368340897 122042.6221084393
121369.1193070286 121926.4732822633
122506.4558182697 121880.0137517929
120138.9389989516 121856.7839865577
121717.2835451637 121856.7839865577
121856.5492404177 121810.3244560873
122924.2529040317 121763.8649256169
123249.2061929578 121740.6351603817
121183.4317133566 121694.1756299112
122251.1353769707 121670.9458646760
121624.4397483277 121461.8779775592

120231.7827957876 122228.4602303210
120579.9470339226 122228.4602303210
121554.8069007007 122135.5411693802
122042.2368340897 121996.1625779689
121369.1193070286 121926.4732822633
120022.8842529066 121903.2435170281
122506.4558182697 121880.0137517929
121786.9163927907 121763.8649256169
122924.2529040317 121763.8649256169
121461.9631038647 121740.6351603817
123249.2061929578 121740.6351603817
121183.4317133566 121694.1756299112
122251.1353769707 121670.9458646760
123667.0032787198 121601.2565689704
122413.6120214337 121880.0137517929

120858.4784244306 122251.6899955562
120231.7827957876 122228.4602303210
120579.9470339226 122228.4602303210
121508.3850022827 122182.0006998506
122042.2368340897 121996.1625779689
121369.1193070286 121926.4732822633
120022.8842529066 121903.2435170281
122506.4558182697 121880.0137517929
122924.2529040317 121763.8649256169
123249.2061929578 121740.6351603817
123667.0032787198 121601.2565689704
121972.6039864627 121578.0268037352
120974.5331704756 115631.2069035224
121624.4397483277 121461.8779775592
121183.4317133566 121694.1756299112

121972.6039864627 121578.0268037352
123667.0032787198 121601.2565689704
122251.1353769707 121670.9458646760
121183.4317133566 121694.1756299112
123249.2061929578 121740.6351603817
121461.9631038647 121740.6351603817
122924.2529040317 121763.8649256169
122506.4558182697 121880.0137517929
120022.8842529066 121903.2435170281
121369.1193070286 121926.4732822633
122042.2368340897 122042.6221084393
121554.8069007007 122089.0816389098
120579.9470339226 122228.4602303210
120231.7827957876 122228.4602303210
120858.4784244306 122251.6899955562

120858.4784244306 122251.6899955562
120231.7827957876 122228.4602303210
120579.9470339226 122228.4602303210
122042.2368340897 121996.1625779689
121369.1193070286 121926.4732822633
122506.4558182697 121880.0137517929
120138.9389989516 121856.7839865577
121717.2835451637 121856.7839865577
119860.4076084436 121833.5542213225
122924.2529040317 121763.8649256169
123249.2061929578 121740.6351603817
123667.0032787198 121601.2565689704
120974.5331704756 115631.2069035224
121299.4864594016 115700.8961992280
124061.5894152728 118488.4680274528

120858.4784244306 122251.6899955562
120231.7827957876 122228.4602303210
120579.9470339226 122228.4602303210
124061.5894152728 118488.4680274528
121369.1193070286 121926.4732822633
122506.4558182697 121880.0137517929
120138.9389989516 121856.7839865577
121717.2835451637 121856.7839865577
119860.4076084436 121833.5542213225
122111.8696817167 121810.3244560873
122924.2529040317 121763.8649256169
123249.2061929578 121740.6351603817
123667.0032787198 121601.2565689704
121299.4864594016 115700.8961992280
120974.5331704756 115631.2069035224

120858.4784244306 122251.6899955562
120231.7827957876 122228.4602303210
120579.9470339226 122228.4602303210
121485.1740530737 121206.3505599719
121369.1193070286 121926.4732822633
122506.4558182697 121880.0137517929
120138.9389989516 121856.7839865577
121717.2835451637 121856.7839865577
119860.4076084436 121833.5542213225
122111.8696817167 121810.3244560873
122924.2529040317 121763.8649256169
123249.2061929578 121740.6351603817
123667.0032787198 121601.2565689704
121299.4864594016 115700.8961992280
120974.5331704756 115631.2069035224

120231.7827957876 122228.4602303210
120579.9470339226 122228.4602303210
120974.5331704756 115631.2069035224
121624.4397483277 121461.8779775592
121972.6039864627 121578.0268037352
123667.0032787198 121601.2565689704
121183.4317133566 121694.1756299112
123249.2061929578 121740.6351603817
122924.2529040317 121763.8649256169
122506.4558182697 121880.0137517929
120022.8842529066 121903.2435170281
121369.1193070286 121926.4732822633
122042.2368340897 121996.1625779689
121554.8069007007 122135.5411693802
120858.4784244306 122251.6899955562

120208.5718465786 122251.6899955562
120858.4784244306 122251.6899955562
120579.9470339226 122228.4602303210
121554.8069007007 122135.5411693802
122042.2368340897 121996.1625779689
121369.1193070286 121926.4732822633
122506.4558182697 121880.0137517929
120138.9389989516 121856.7839865577
121624.4397483277 121461.8779775592
121972.6039864627 121578.0268037352
122251.1353769707 121670.9458646760
121183.4317133566 121694.1756299112
123249.2061929578 121740.6351603817
122924.2529040317 121763.8649256169
121856.5492404177 121810.3244560873

120463.8922878776 121903.2435170281
120858.4784244306 122251.6899955562
120579.9470339226 122228.4602303210
121554.8069007007 122135.5411693802
122042.2368340897 121996.1625779689
121369.1193070286 121926.4732822633
120022.8842529066 121903.2435170281
122506.4558182697 121880.0137517929
122924.2529040317 121763.8649256169
123249.2061929578 121740.6351603817
121183.4317133566 121694.1756299112
122251.1353769707 121670.9458646760
123667.0032787198 121601.2565689704
121972.6039864627 121578.0268037352
121624.4397483277 121461.8779775592

