algorithm,instance,run_id,vector_id,generation,iteration,f_cost,f_power,weight1,weight2,occupied
moead,ns465,7,0,0,0,195113844.092529,217.851480,0.000000,1.000000,242 583 939 970 1147 1153 1174 1191 1192 1516 1556 1700 1744 1919 2171 2273 2474 2630 2734 2783 2910 2939 3956 4039 4368 4412 4596 4618 4872 4956 5523 5536 5694 5793 6149 6427 6478 6554 6561 6636 6645 6933 7061 7190 7266 7410 7459 7558 7647 8566 9044 9070 9100 9263 9625 9831 9860 9957 9992 10019 10826 10854 11401 11469 11785 11892 11917 11932 11990 11996 12276 12418 12572 12659 12707 13989 14452 14476 14600
moead,ns465,7,1,0,0,190384961.835101,192.374238,0.111111,0.888889,554 578 727 728 946 1145 1239 1354 1440 1554 1617 1786 1806 2116 2151 2356 2468 2561 2807 3175 3234 3291 3414 3755 3792 3799 3886 3927 3992 4184 4936 5473 5540 5984 5989 6095 6146 6378 6632 6747 7223 7282 7418 8058 8076 8285 8314 8372 8451 8467 8609 8872 8878 9082 9219 9406 9855 9931 10036 10310 10347 10455 10522 10647 10742 11530 11747 11846 11969 12520 12576 12672 13273 13592 13712 13785 13885 14271 14582
moead,ns465,7,2,0,0,190384961.835101,192.374238,0.222222,0.777778,554 578 727 728 946 1145 1239 1354 1440 1554 1617 1786 1806 2116 2151 2356 2468 2561 2807 3175 3234 3291 3414 3755 3792 3799 3886 3927 3992 4184 4936 5473 5540 5984 5989 6095 6146 6378 6632 6747 7223 7282 7418 8058 8076 8285 8314 8372 8451 8467 8609 8872 8878 9082 9219 9406 9855 9931 10036 10310 10347 10455 10522 10647 10742 11530 11747 11846 11969 12520 12576 12672 13273 13592 13712 13785 13885 14271 14582
moead,ns465,7,3,0,0,190384961.835101,192.374238,0.333333,0.666667,554 578 727 728 946 1145 1239 1354 1440 1554 1617 1786 1806 2116 2151 2356 2468 2561 2807 3175 3234 3291 3414 3755 3792 3799 3886 3927 3992 4184 4936 5473 5540 5984 5989 6095 6146 6378 6632 6747 7223 7282 7418 8058 8076 8285 8314 8372 8451 8467 8609 8872 8878 9082 9219 9406 9855 9931 10036 10310 10347 10455 10522 10647 10742 11530 11747 11846 11969 12520 12576 12672 13273 13592 13712 13785 13885 14271 14582
moead,ns465,7,4,0,0,190384961.835101,192.374238,0.444444,0.555556,554 578 727 728 946 1145 1239 1354 1440 1554 1617 1786 1806 2116 2151 2356 2468 2561 2807 3175 3234 3291 3414 3755 3792 3799 3886 3927 3992 4184 4936 5473 5540 5984 5989 6095 6146 6378 6632 6747 7223 7282 7418 8058 8076 8285 8314 8372 8451 8467 8609 8872 8878 9082 9219 9406 9855 9931 10036 10310 10347 10455 10522 10647 10742 11530 11747 11846 11969 12520 12576 12672 13273 13592 13712 13785 13885 14271 14582
moead,ns465,7,5,0,0,190384961.835101,192.374238,0.555556,0.444444,554 578 727 728 946 1145 1239 1354 1440 1554 1617 1786 1806 2116 2151 2356 2468 2561 2807 3175 3234 3291 3414 3755 3792 3799 3886 3927 3992 4184 4936 5473 5540 5984 5989 6095 6146 6378 6632 6747 7223 7282 7418 8058 8076 8285 8314 8372 8451 8467 8609 8872 8878 9082 9219 9406 9855 9931 10036 10310 10347 10455 10522 10647 10742 11530 11747 11846 11969 12520 12576 12672 13273 13592 13712 13785 13885 14271 14582
moead,ns465,7,6,0,0,190384961.835101,192.374238,0.666667,0.333333,554 578 727 728 946 1145 1239 1354 1440 1554 1617 1786 1806 2116 2151 2356 2468 2561 2807 3175 3234 3291 3414 3755 3792 3799 3886 3927 3992 4184 4936 5473 5540 5984 5989 6095 6146 6378 6632 6747 7223 7282 7418 8058 8076 8285 8314 8372 8451 8467 8609 8872 8878 9082 9219 9406 9855 9931 10036 10310 10347 10455 10522 10647 10742 11530 11747 11846 11969 12520 12576 12672 13273 13592 13712 13785 13885 14271 14582
moead,ns465,7,7,0,0,190384961.835101,192.374238,0.777778,0.222222,554 578 727 728 946 1145 1239 1354 1440 1554 1617 1786 1806 2116 2151 2356 2468 2561 2807 3175 3234 3291 3414 3755 3792 3799 3886 3927 3992 4184 4936 5473 5540 5984 5989 6095 6146 6378 6632 6747 7223 7282 7418 8058 8076 8285 8314 8372 8451 8467 8609 8872 8878 9082 9219 9406 9855 9931 10036 10310 10347 10455 10522 10647 10742 11530 11747 11846 11969 12520 12576 12672 13273 13592 13712 13785 13885 14271 14582
moead,ns465,7,8,0,0,190384961.835101,192.374238,0.888889,0.111111,554 578 727 728 946 1145 1239 1354 1440 1554 1617 1786 1806 2116 2151 2356 2468 2561 2807 3175 3234 3291 3414 3755 3792 3799 3886 3927 3992 4184 4936 5473 5540 5984 5989 6095 6146 6378 6632 6747 7223 7282 7418 8058 8076 8285 8314 8372 8451 8467 8609 8872 8878 9082 9219 9406 9855 9931 10036 10310 10347 10455 10522 10647 10742 11530 11747 11846 11969 12520 12576 12672 13273 13592 13712 13785 13885 14271 14582
moead,ns465,7,9,0,0,190384961.835101,192.374238,1.000000,0.000000,554 578 727 728 946 1145 1239 1354 1440 1554 1617 1786 1806 2116 2151 2356 2468 2561 2807 3175 3234 3291 3414 3755 3792 3799 3886 3927 3992 4184 4936 5473 5540 5984 5989 6095 6146 6378 6632 6747 7223 7282 7418 8058 8076 8285 8314 8372 8451 8467 8609 8872 8878 9082 9219 9406 9855 9931 10036 10310 10347 10455 10522 10647 10742 11530 11747 11846 11969 12520 12576 12672 13273 13592 13712 13785 13885 14271 14582
moead,ns465,7,0,50,1,193437040.955519,213.892018,0.000000,1.000000,7 533 661 1076 1097 1115 1267 1474 1528 1657 1801 1903 2506 2655 3113 3306 3615 3620 3746 4404 4770 4838 4865 5263 5605 5649 5808 5835 5850 6060 6213 6310 6459 6470 7145 7260 7475 7629 7666 7728 7769 7819 8090 8202 8231 8697 8891 9236 9387 9487 9881 10159 10496 10509 10823 10831 11083 11268 11434 11591 11726 11765 12100 12557 12746 12763 12842 12948 13006 13013 13248 13698 13775 13798 14028 14291 14303 14446 14491
moead,ns465,7,1,50,1,164605946.636485,135.823736,0.111111,0.888889,2383 2698 2818 2945 3185 3192 5851 5857 5984 6075 6271 6307 6310 6322 6365 6367 6558 6632 6637 6777 6891 7666 7672 7728 7729 7737 7738 7797 7844 7916 7937 7941 7943 7987 8007 8014 8049 8057 8076 8085 8090 8150 8160 8188 8201 8202 8204 8205 8223 8226 8228 8231 8235 8262 8263 8302 8375 8378 8439 8482 8488 8612 8697 9128 9136 9487 13100 13103 13326 13519 13698 13746 13748 13846 13924 14263 14349 14499 14506
moead,ns465,7,2,50,1,164605946.636485,135.823736,0.222222,0.777778,2383 2698 2818 2945 3185 3192 5851 5857 5984 6075 6271 6307 6310 6322 6365 6367 6558 6632 6637 6777 6891 7666 7672 7728 7729 7737 7738 7797 7844 7916 7937 7941 7943 7987 8007 8014 8049 8057 8076 8085 8090 8150 8160 8188 8201 8202 8204 8205 8223 8226 8228 8231 8235 8262 8263 8302 8375 8378 8439 8482 8488 8612 8697 9128 9136 9487 13100 13103 13326 13519 13698 13746 13748 13846 13924 14263 14349 14499 14506
moead,ns465,7,3,50,1,164605946.636485,135.823736,0.333333,0.666667,2383 2698 2818 2945 3185 3192 5851 5857 5984 6075 6271 6307 6310 6322 6365 6367 6558 6632 6637 6777 6891 7666 7672 7728 7729 7737 7738 7797 7844 7916 7937 7941 7943 7987 8007 8014 8049 8057 8076 8085 8090 8150 8160 8188 8201 8202 8204 8205 8223 8226 8228 8231 8235 8262 8263 8302 8375 8378 8439 8482 8488 8612 8697 9128 9136 9487 13100 13103 13326 13519 13698 13746 13748 13846 13924 14263 14349 14499 14506
moead,ns465,7,4,50,1,164605946.636485,135.823736,0.444444,0.555556,2383 2698 2818 2945 3185 3192 5851 5857 5984 6075 6271 6307 6310 6322 6365 6367 6558 6632 6637 6777 6891 7666 7672 7728 7729 7737 7738 7797 7844 7916 7937 7941 7943 7987 8007 8014 8049 8057 8076 8085 8090 8150 8160 8188 8201 8202 8204 8205 8223 8226 8228 8231 8235 8262 8263 8302 8375 8378 8439 8482 8488 8612 8697 9128 9136 9487 13100 13103 13326 13519 13698 13746 13748 13846 13924 14263 14349 14499 14506
moead,ns465,7,5,50,1,164605946.636485,135.823736,0.555556,0.444444,2383 2698 2818 2945 3185 3192 5851 5857 5984 6075 6271 6307 6310 6322 6365 6367 6558 6632 6637 6777 6891 7666 7672 7728 7729 7737 7738 7797 7844 7916 7937 7941 7943 7987 8007 8014 8049 8057 8076 8085 8090 8150 8160 8188 8201 8202 8204 8205 8223 8226 8228 8231 8235 8262 8263 8302 8375 8378 8439 8482 8488 8612 8697 9128 9136 9487 13100 13103 13326 13519 13698 13746 13748 13846 13924 14263 14349 14499 14506
moead,ns465,7,6,50,1,164605946.636485,135.823736,0.666667,0.333333,2383 2698 2818 2945 3185 3192 5851 5857 5984 6075 6271 6307 6310 6322 6365 6367 6558 6632 6637 6777 6891 7666 7672 7728 7729 7737 7738 7797 7844 7916 7937 7941 7943 7987 8007 8014 8049 8057 8076 8085 8090 8150 8160 8188 8201 8202 8204 8205 8223 8226 8228 8231 8235 8262 8263 8302 8375 8378 8439 8482 8488 8612 8697 9128 9136 9487 13100 13103 13326 13519 13698 13746 13748 13846 13924 14263 14349 14499 14506
moead,ns465,7,7,50,1,164605946.636485,135.823736,0.777778,0.222222,2383 2698 2818 2945 3185 3192 5851 5857 5984 6075 6271 6307 6310 6322 6365 6367 6558 6632 6637 6777 6891 7666 7672 7728 7729 7737 7738 7797 7844 7916 7937 7941 7943 7987 8007 8014 8049 8057 8076 8085 8090 8150 8160 8188 8201 8202 8204 8205 8223 8226 8228 8231 8235 8262 8263 8302 8375 8378 8439 8482 8488 8612 8697 9128 9136 9487 13100 13103 13326 13519 13698 13746 13748 13846 13924 14263 14349 14499 14506
moead,ns465,7,8,50,1,164605946.636485,135.823736,0.888889,0.111111,2383 2698 2818 2945 3185 3192 5851 5857 5984 6075 6271 6307 6310 6322 6365 6367 6558 6632 6637 6777 6891 7666 7672 7728 7729 7737 7738 7797 7844 7916 7937 7941 7943 7987 8007 8014 8049 8057 8076 8085 8090 8150 8160 8188 8201 8202 8204 8205 8223 8226 8228 8231 8235 8262 8263 8302 8375 8378 8439 8482 8488 8612 8697 9128 9136 9487 13100 13103 13326 13519 13698 13746 13748 13846 13924 14263 14349 14499 14506
moead,ns465,7,9,50,1,164605946.636485,135.823736,1.000000,0.000000,2383 2698 2818 2945 3185 3192 5851 5857 5984 6075 6271 6307 6310 6322 6365 6367 6558 6632 6637 6777 6891 7666 7672 7728 7729 7737 7738 7797 7844 7916 7937 7941 7943 7987 8007 8014 8049 8057 8076 8085 8090 8150 8160 8188 8201 8202 8204 8205 8223 8226 8228 8231 8235 8262 8263 8302 8375 8378 8439 8482 8488 8612 8697 9128 9136 9487 13100 13103 13326 13519 13698 13746 13748 13846 13924 14263 14349 14499 14506
moead,ns465,7,0,100,2,195097483.110702,220.479133,0.000000,1.000000,7 533 1076 1097 1115 1267 1474 1528 1657 1801 1903 2463 2506 2650 2655 3113 3306 3615 3620 4094 4404 4770 4865 5263 5355 5649 5808 5835 5850 6060 6208 6213 6459 6470 7260 7475 7629 7666 7728 7769 7819 8090 8231 8697 8891 9236 9387 9487 10061 10159 10458 10496 10509 10763 10823 10831 11083 11268 11297 11434 11591 11726 11765 12100 12557 12746 12842 12948 13013 13248 13698 13775 13798 14028 14291 14303 14446 14491 14666
moead,ns465,7,1,100,2,159815478.925871,88.911646,0.111111,0.888889,3185 6310 6367 6368 6496 6498 6632 6637 6774 6777 7340 7401 7664 7666 7669 7672 7737 7804 7849 7872 7876 7941 7943 7987 8007 8014 8049 8057 8079 8085 8150 8153 8154 8156 8160 8201 8202 8204 8223 8226 8228 8231 8262 8263 8271 8297 8301 8302 8369 8375 8378 8448 8453 8488 8529 8531 8569 8612 8613 8694 8697 8776 8862 8864 9128 9214 12666 13100 13103 13212 13219 13326 13438 13548 13698 13744 13746 13748 14042
moead,ns465,7,2,100,2,159815478.925871,88.911646,0.222222,0.777778,3185 6310 6367 6368 6496 6498 6632 6637 6774 6777 7340 7401 7664 7666 7669 7672 7737 7804 7849 7872 7876 7941 7943 7987 8007 8014 8049 8057 8079 8085 8150 8153 8154 8156 8160 8201 8202 8204 8223 8226 8228 8231 8262 8263 8271 8297 8301 8302 8369 8375 8378 8448 8453 8488 8529 8531 8569 8612 8613 8694 8697 8776 8862 8864 9128 9214 12666 13100 13103 13212 13219 13326 13438 13548 13698 13744 13746 13748 14042
moead,ns465,7,3,100,2,159815478.925871,88.911646,0.333333,0.666667,3185 6310 6367 6368 6496 6498 6632 6637 6774 6777 7340 7401 7664 7666 7669 7672 7737 7804 7849 7872 7876 7941 7943 7987 8007 8014 8049 8057 8079 8085 8150 8153 8154 8156 8160 8201 8202 8204 8223 8226 8228 8231 8262 8263 8271 8297 8301 8302 8369 8375 8378 8448 8453 8488 8529 8531 8569 8612 8613 8694 8697 8776 8862 8864 9128 9214 12666 13100 13103 13212 13219 13326 13438 13548 13698 13744 13746 13748 14042
moead,ns465,7,4,100,2,159815478.925871,88.911646,0.444444,0.555556,3185 6310 6367 6368 6496 6498 6632 6637 6774 6777 7340 7401 7664 7666 7669 7672 7737 7804 7849 7872 7876 7941 7943 7987 8007 8014 8049 8057 8079 8085 8150 8153 8154 8156 8160 8201 8202 8204 8223 8226 8228 8231 8262 8263 8271 8297 8301 8302 8369 8375 8378 8448 8453 8488 8529 8531 8569 8612 8613 8694 8697 8776 8862 8864 9128 9214 12666 13100 13103 13212 13219 13326 13438 13548 13698 13744 13746 13748 14042
moead,ns465,7,5,100,2,159815478.925871,88.911646,0.555556,0.444444,3185 6310 6367 6368 6496 6498 6632 6637 6774 6777 7340 7401 7664 7666 7669 7672 7737 7804 7849 7872 7876 7941 7943 7987 8007 8014 8049 8057 8079 8085 8150 8153 8154 8156 8160 8201 8202 8204 8223 8226 8228 8231 8262 8263 8271 8297 8301 8302 8369 8375 8378 8448 8453 8488 8529 8531 8569 8612 8613 8694 8697 8776 8862 8864 9128 9214 12666 13100 13103 13212 13219 13326 13438 13548 13698 13744 13746 13748 14042
moead,ns465,7,6,100,2,159815478.925871,88.911646,0.666667,0.333333,3185 6310 6367 6368 6496 6498 6632 6637 6774 6777 7340 7401 7664 7666 7669 7672 7737 7804 7849 7872 7876 7941 7943 7987 8007 8014 8049 8057 8079 8085 8150 8153 8154 8156 8160 8201 8202 8204 8223 8226 8228 8231 8262 8263 8271 8297 8301 8302 8369 8375 8378 8448 8453 8488 8529 8531 8569 8612 8613 8694 8697 8776 8862 8864 9128 9214 12666 13100 13103 13212 13219 13326 13438 13548 13698 13744 13746 13748 14042
moead,ns465,7,7,100,2,159815478.925871,88.911646,0.777778,0.222222,3185 6310 6367 6368 6496 6498 6632 6637 6774 6777 7340 7401 7664 7666 7669 7672 7737 7804 7849 7872 7876 7941 7943 7987 8007 8014 8049 8057 8079 8085 8150 8153 8154 8156 8160 8201 8202 8204 8223 8226 8228 8231 8262 8263 8271 8297 8301 8302 8369 8375 8378 8448 8453 8488 8529 8531 8569 8612 8613 8694 8697 8776 8862 8864 9128 9214 12666 13100 13103 13212 13219 13326 13438 13548 13698 13744 13746 13748 14042
moead,ns465,7,8,100,2,159815478.925871,88.911646,0.888889,0.111111,3185 6310 6367 6368 6496 6498 6632 6637 6774 6777 7340 7401 7664 7666 7669 7672 7737 7804 7849 7872 7876 7941 7943 7987 8007 8014 8049 8057 8079 8085 8150 8153 8154 8156 8160 8201 8202 8204 8223 8226 8228 8231 8262 8263 8271 8297 8301 8302 8369 8375 8378 8448 8453 8488 8529 8531 8569 8612 8613 8694 8697 8776 8862 8864 9128 9214 12666 13100 13103 13212 13219 13326 13438 13548 13698 13744 13746 13748 14042
moead,ns465,7,9,100,2,159815478.925871,88.911646,1.000000,0.000000,3185 6310 6367 6368 6496 6498 6632 6637 6774 6777 7340 7401 7664 7666 7669 7672 7737 7804 7849 7872 7876 7941 7943 7987 8007 8014 8049 8057 8079 8085 8150 8153 8154 8156 8160 8201 8202 8204 8223 8226 8228 8231 8262 8263 8271 8297 8301 8302 8369 8375 8378 8448 8453 8488 8529 8531 8569 8612 8613 8694 8697 8776 8862 8864 9128 9214 12666 13100 13103 13212 13219 13326 13438 13548 13698 13744 13746 13748 14042
moead,ns465,7,0,150,3,195383465.783788,222.866898,0.000000,1.000000,7 533 1076 1097 1115 1267 1324 1474 1528 1657 1801 1903 2463 2506 2650 2655 3113 3306 3615 3620 4189 4404 4561 4770 4865 5263 5355 5808 5835 5850 6060 6208 6213 6459 6470 7260 7475 7629 7666 7728 7769 7819 8090 8231 8697 8891 9236 9387 9487 10061 10159 10458 10496 10509 10763 10823 10831 11083 11268 11297 11434 11591 11726 12100 12557 12746 12842 12892 13013 13248 13698 13775 13798 14028 14291 14303 14446 14491 14666
moead,ns465,7,1,150,3,158132090.170611,78.011663,0.111111,0.888889,6309 6310 6367 6428 6432 6496 6497 6498 6632 6699 6774 7399 7401 7536 7599 7664 7666 7669 7737 7804 7872 7876 7941 7942 7943 7987 8007 8014 8055 8057 8079 8080 8150 8153 8154 8155 8156 8159 8223 8225 8226 8228 8231 8262 8263 8297 8300 8301 8302 8368 8369 8374 8375 8378 8448 8453 8488 8524 8529 8531 8612 8613 8694 8695 8697 8698 8776 8864 13103 13212 13219 13323 13437 13438 13548 13629 13698 13744 13748
moead,ns465,7,2,150,3,158132090.170611,78.011663,0.222222,0.777778,6309 6310 6367 6428 6432 6496 6497 6498 6632 6699 6774 7399 7401 7536 7599 7664 7666 7669 7737 7804 7872 7876 7941 7942 7943 7987 8007 8014 8055 8057 8079 8080 8150 8153 8154 8155 8156 8159 8223 8225 8226 8228 8231 8262 8263 8297 8300 8301 8302 8368 8369 8374 8375 8378 8448 8453 8488 8524 8529 8531 8612 8613 8694 8695 8697 8698 8776 8864 13103 13212 13219 13323 13437 13438 13548 13629 13698 13744 13748
moead,ns465,7,3,150,3,158132090.170611,78.011663,0.333333,0.666667,6309 6310 6367 6428 6432 6496 6497 6498 6632 6699 6774 7399 7401 7536 7599 7664 7666 7669 7737 7804 7872 7876 7941 7942 7943 7987 8007 8014 8055 8057 8079 8080 8150 8153 8154 8155 8156 8159 8223 8225 8226 8228 8231 8262 8263 8297 8300 8301 8302 8368 8369 8374 8375 8378 8448 8453 8488 8524 8529 8531 8612 8613 8694 8695 8697 8698 8776 8864 13103 13212 13219 13323 13437 13438 13548 13629 13698 13744 13748
moead,ns465,7,4,150,3,158132090.170611,78.011663,0.444444,0.555556,6309 6310 6367 6428 6432 6496 6497 6498 6632 6699 6774 7399 7401 7536 7599 7664 7666 7669 7737 7804 7872 7876 7941 7942 7943 7987 8007 8014 8055 8057 8079 8080 8150 8153 8154 8155 8156 8159 8223 8225 8226 8228 8231 8262 8263 8297 8300 8301 8302 8368 8369 8374 8375 8378 8448 8453 8488 8524 8529 8531 8612 8613 8694 8695 8697 8698 8776 8864 13103 13212 13219 13323 13437 13438 13548 13629 13698 13744 13748
moead,ns465,7,5,150,3,158132090.170611,78.011663,0.555556,0.444444,6309 6310 6367 6428 6432 6496 6497 6498 6632 6699 6774 7399 7401 7536 7599 7664 7666 7669 7737 7804 7872 7876 7941 7942 7943 7987 8007 8014 8055 8057 8079 8080 8150 8153 8154 8155 8156 8159 8223 8225 8226 8228 8231 8262 8263 8297 8300 8301 8302 8368 8369 8374 8375 8378 8448 8453 8488 8524 8529 8531 8612 8613 8694 8695 8697 8698 8776 8864 13103 13212 13219 13323 13437 13438 13548 13629 13698 13744 13748
moead,ns465,7,6,150,3,158132090.170611,78.011663,0.666667,0.333333,6309 6310 6367 6428 6432 6496 6497 6498 6632 6699 6774 7399 7401 7536 7599 7664 7666 7669 7737 7804 7872 7876 7941 7942 7943 7987 8007 8014 8055 8057 8079 8080 8150 8153 8154 8155 8156 8159 8223 8225 8226 8228 8231 8262 8263 8297 8300 8301 8302 8368 8369 8374 8375 8378 8448 8453 8488 8524 8529 8531 8612 8613 8694 8695 8697 8698 8776 8864 13103 13212 13219 13323 13437 13438 13548 13629 13698 13744 13748
moead,ns465,7,7,150,3,158132090.170611,78.011663,0.777778,0.222222,6309 6310 6367 6428 6432 6496 6497 6498 6632 6699 6774 7399 7401 7536 7599 7664 7666 7669 7737 7804 7872 7876 7941 7942 7943 7987 8007 8014 8055 8057 8079 8080 8150 8153 8154 8155 8156 8159 8223 8225 8226 8228 8231 8262 8263 8297 8300 8301 8302 8368 8369 8374 8375 8378 8448 8453 8488 8524 8529 8531 8612 8613 8694 8695 8697 8698 8776 8864 13103 13212 13219 13323 13437 13438 13548 13629 13698 13744 13748
moead,ns465,7,8,150,3,158132090.170611,78.011663,0.888889,0.111111,6309 6310 6367 6428 6432 6496 6497 6498 6632 6699 6774 7399 7401 7536 7599 7664 7666 7669 7737 7804 7872 7876 7941 7942 7943 7987 8007 8014 8055 8057 8079 8080 8150 8153 8154 8155 8156 8159 8223 8225 8226 8228 8231 8262 8263 8297 8300 8301 8302 8368 8369 8374 8375 8378 8448 8453 8488 8524 8529 8531 8612 8613 8694 8695 8697 8698 8776 8864 13103 13212 13219 13323 13437 13438 13548 13629 13698 13744 13748
moead,ns465,7,9,150,3,158132090.170611,78.011663,1.000000,0.000000,6309 6310 6367 6428 6432 6496 6497 6498 6632 6699 6774 7399 7401 7536 7599 7664 7666 7669 7737 7804 7872 7876 7941 7942 7943 7987 8007 8014 8055 8057 8079 8080 8150 8153 8154 8155 8156 8159 8223 8225 8226 8228 8231 8262 8263 8297 8300 8301 8302 8368 8369 8374 8375 8378 8448 8453 8488 8524 8529 8531 8612 8613 8694 8695 8697 8698 8776 8864 13103 13212 13219 13323 13437 13438 13548 13629 13698 13744 13748
moead,ns465,7,0,200,4,195025445.783973,225.133995,0.000000,1.000000,7 97 154 533 1076 1097 1267 1324 1474 1528 1657 1801 1903 2463 2506 2650 2655 3113 3306 3615 3620 4189 4404 4561 4865 5263 5334 5355 5808 5835 5850 6060 6208 6213 6459 6470 7260 7475 7629 7666 7728 7769 7819 8090 8231 8697 8891 9236 9245 9487 10061 10159 10458 10496 10763 10823 10831 11083 11268 11297 11434 11591 11726 12100 12315 12557 12746 12842 12892 13013 13248 13698 13775 13798 14028 14303 14446 14491 14666
moead,ns465,7,1,200,4,157328657.442135,67.153370,0.111111,0.888889,6257 6309 6310 6432 6433 6496 6497 6567 6632 6774 7399 7401 7532 7599 7600 7664 7666 7669 7736 7737 7804 7805 7871 7872 7876 7942 7943 8007 8014 8016 8087 8150 8153 8154 8155 8156 8159 8225 8226 8228 8231 8263 8297 8300 8301 8302 8303 8368 8369 8371 8374 8375 8447 8448 8453 8488 8524 8527 8529 8531 8605 8694 8695 8697 8698 8775 8776 8864 8868 13212 13219 13323 13437 13438 13548 13629 13698 13700 13744
moead,ns465,7,2,200,4,157328657.442135,67.153370,0.222222,0.777778,6257 6309 6310 6432 6433 6496 6497 6567 6632 6774 7399 7401 7532 7599 7600 7664 7666 7669 7736 7737 7804 7805 7871 7872 7876 7942 7943 8007 8014 8016 8087 8150 8153 8154 8155 8156 8159 8225 8226 8228 8231 8263 8297 8300 8301 8302 8303 8368 8369 8371 8374 8375 8447 8448 8453 8488 8524 8527 8529 8531 8605 8694 8695 8697 8698 8775 8776 8864 8868 13212 13219 13323 13437 13438 13548 13629 13698 13700 13744
moead,ns465,7,3,200,4,157328657.442135,67.153370,0.333333,0.666667,6257 6309 6310 6432 6433 6496 6497 6567 6632 6774 7399 7401 7532 7599 7600 7664 7666 7669 7736 7737 7804 7805 7871 7872 7876 7942 7943 8007 8014 8016 8087 8150 8153 8154 8155 8156 8159 8225 8226 8228 8231 8263 8297 8300 8301 8302 8303 8368 8369 8371 8374 8375 8447 8448 8453 8488 8524 8527 8529 8531 8605 8694 8695 8697 8698 8775 8776 8864 8868 13212 13219 13323 13437 13438 13548 13629 13698 13700 13744
moead,ns465,7,4,200,4,157328657.442135,67.153370,0.444444,0.555556,6257 6309 6310 6432 6433 6496 6497 6567 6632 6774 7399 7401 7532 7599 7600 7664 7666 7669 7736 7737 7804 7805 7871 7872 7876 7942 7943 8007 8014 8016 8087 8150 8153 8154 8155 8156 8159 8225 8226 8228 8231 8263 8297 8300 8301 8302 8303 8368 8369 8371 8374 8375 8447 8448 8453 8488 8524 8527 8529 8531 8605 8694 8695 8697 8698 8775 8776 8864 8868 13212 13219 13323 13437 13438 13548 13629 13698 13700 13744
moead,ns465,7,5,200,4,157328657.442135,67.153370,0.555556,0.444444,6257 6309 6310 6432 6433 6496 6497 6567 6632 6774 7399 7401 7532 7599 7600 7664 7666 7669 7736 7737 7804 7805 7871 7872 7876 7942 7943 8007 8014 8016 8087 8150 8153 8154 8155 8156 8159 8225 8226 8228 8231 8263 8297 8300 8301 8302 8303 8368 8369 8371 8374 8375 8447 8448 8453 8488 8524 8527 8529 8531 8605 8694 8695 8697 8698 8775 8776 8864 8868 13212 13219 13323 13437 13438 13548 13629 13698 13700 13744
moead,ns465,7,6,200,4,157328657.442135,67.153370,0.666667,0.333333,6257 6309 6310 6432 6433 6496 6497 6567 6632 6774 7399 7401 7532 7599 7600 7664 7666 7669 7736 7737 7804 7805 7871 7872 7876 7942 7943 8007 8014 8016 8087 8150 8153 8154 8155 8156 8159 8225 8226 8228 8231 8263 8297 8300 8301 8302 8303 8368 8369 8371 8374 8375 8447 8448 8453 8488 8524 8527 8529 8531 8605 8694 8695 8697 8698 8775 8776 8864 8868 13212 13219 13323 13437 13438 13548 13629 13698 13700 13744
moead,ns465,7,7,200,4,157328657.442135,67.153370,0.777778,0.222222,6257 6309 6310 6432 6433 6496 6497 6567 6632 6774 7399 7401 7532 7599 7600 7664 7666 7669 7736 7737 7804 7805 7871 7872 7876 7942 7943 8007 8014 8016 8087 8150 8153 8154 8155 8156 8159 8225 8226 8228 8231 8263 8297 8300 8301 8302 8303 8368 8369 8371 8374 8375 8447 8448 8453 8488 8524 8527 8529 8531 8605 8694 8695 8697 8698 8775 8776 8864 8868 13212 13219 13323 13437 13438 13548 13629 13698 13700 13744
moead,ns465,7,8,200,4,157328657.442135,67.153370,0.888889,0.111111,6257 6309 6310 6432 6433 6496 6497 6567 6632 6774 7399 7401 7532 7599 7600 7664 7666 7669 7736 7737 7804 7805 7871 7872 7876 7942 7943 8007 8014 8016 8087 8150 8153 8154 8155 8156 8159 8225 8226 8228 8231 8263 8297 8300 8301 8302 8303 8368 8369 8371 8374 8375 8447 8448 8453 8488 8524 8527 8529 8531 8605 8694 8695 8697 8698 8775 8776 8864 8868 13212 13219 13323 13437 13438 13548 13629 13698 13700 13744
moead,ns465,7,9,200,4,157328657.442135,67.153370,1.000000,0.000000,6257 6309 6310 6432 6433 6496 6497 6567 6632 6774 7399 7401 7532 7599 7600 7664 7666 7669 7736 7737 7804 7805 7871 7872 7876 7942 7943 8007 8014 8016 8087 8150 8153 8154 8155 8156 8159 8225 8226 8228 8231 8263 8297 8300 8301 8302 8303 8368 8369 8371 8374 8375 8447 8448 8453 8488 8524 8527 8529 8531 8605 8694 8695 8697 8698 8775 8776 8864 8868 13212 13219 13323 13437 13438 13548 13629 13698 13700 13744
moead,ns465,7,0,250,5,195156757.784777,229.474928,0.000000,1.000000,7 97 154 533 1062 1076 1097 1267 1304 1324 1474 1657 1801 1897 2463 2506 2650 2655 3113 3615 3620 4189 4404 4865 5263 5334 5808 5835 5850 6060 6208 6213 6459 6470 6478 7260 7460 7475 7629 7666 7728 7769 7819 8090 8231 8697 9236 9245 9487 10061 10159 10458 10496 10763 10823 10831 11083 11268 11297 11434 11591 11726 12100 12315 12557 12746 12754 12842 12892 13248 13698 13775 13798 14028 14303 14446 14491 14652 14666
moead,ns465,7,1,250,5,156374863.239747,57.437755,0.111111,0.888889,6257 6310 6431 6432 6433 6496 6497 6567 6774 7599 7600 7664 7666 7668 7669 7736 7737 7804 7805 7871 7872 7873 7876 7942 7943 7947 8014 8015 8016 8085 8087 8150 8153 8154 8155 8156 8157 8159 8225 8226 8227 8228 8231 8297 8299 8300 8301 8302 8368 8369 8371 8374 8375 8447 8448 8453 8524 8525 8527 8529 8605 8608 8609 8611 8694 8695 8697 8698 8776 8864 8868 13324 13327 13437 13438 13629 13632 13698 13741
moead,ns465,7,2,250,5,156374863.239747,57.437755,0.222222,0.777778,6257 6310 6431 6432 6433 6496 6497 6567 6774 7599 7600 7664 7666 7668 7669 7736 7737 7804 7805 7871 7872 7873 7876 7942 7943 7947 8014 8015 8016 8085 8087 8150 8153 8154 8155 8156 8157 8159 8225 8226 8227 8228 8231 8297 8299 8300 8301 8302 8368 8369 8371 8374 8375 8447 8448 8453 8524 8525 8527 8529 8605 8608 8609 8611 8694 8695 8697 8698 8776 8864 8868 13324 13327 13437 13438 13629 13632 13698 13741
moead,ns465,7,3,250,5,156374863.239747,57.437755,0.333333,0.666667,6257 6310 6431 6432 6433 6496 6497 6567 6774 7599 7600 7664 7666 7668 7669 7736 7737 7804 7805 7871 7872 7873 7876 7942 7943 7947 8014 8015 8016 8085 8087 8150 8153 8154 8155 8156 8157 8159 8225 8226 8227 8228 8231 8297 8299 8300 8301 8302 8368 8369 8371 8374 8375 8447 8448 8453 8524 8525 8527 8529 8605 8608 8609 8611 8694 8695 8697 8698 8776 8864 8868 13324 13327 13437 13438 13629 13632 13698 13741
moead,ns465,7,4,250,5,156374863.239747,57.437755,0.444444,0.555556,6257 6310 6431 6432 6433 6496 6497 6567 6774 7599 7600 7664 7666 7668 7669 7736 7737 7804 7805 7871 7872 7873 7876 7942 7943 7947 8014 8015 8016 8085 8087 8150 8153 8154 8155 8156 8157 8159 8225 8226 8227 8228 8231 8297 8299 8300 8301 8302 8368 8369 8371 8374 8375 8447 8448 8453 8524 8525 8527 8529 8605 8608 8609 8611 8694 8695 8697 8698 8776 8864 8868 13324 13327 13437 13438 13629 13632 13698 13741
moead,ns465,7,5,250,5,156374863.239747,57.437755,0.555556,0.444444,6257 6310 6431 6432 6433 6496 6497 6567 6774 7599 7600 7664 7666 7668 7669 7736 7737 7804 7805 7871 7872 7873 7876 7942 7943 7947 8014 8015 8016 8085 8087 8150 8153 8154 8155 8156 8157 8159 8225 8226 8227 8228 8231 8297 8299 8300 8301 8302 8368 8369 8371 8374 8375 8447 8448 8453 8524 8525 8527 8529 8605 8608 8609 8611 8694 8695 8697 8698 8776 8864 8868 13324 13327 13437 13438 13629 13632 13698 13741
moead,ns465,7,6,250,5,156374863.239747,57.437755,0.666667,0.333333,6257 6310 6431 6432 6433 6496 6497 6567 6774 7599 7600 7664 7666 7668 7669 7736 7737 7804 7805 7871 7872 7873 7876 7942 7943 7947 8014 8015 8016 8085 8087 8150 8153 8154 8155 8156 8157 8159 8225 8226 8227 8228 8231 8297 8299 8300 8301 8302 8368 8369 8371 8374 8375 8447 8448 8453 8524 8525 8527 8529 8605 8608 8609 8611 8694 8695 8697 8698 8776 8864 8868 13324 13327 13437 13438 13629 13632 13698 13741
moead,ns465,7,7,250,5,156374863.239747,57.437755,0.777778,0.222222,6257 6310 6431 6432 6433 6496 6497 6567 6774 7599 7600 7664 7666 7668 7669 7736 7737 7804 7805 7871 7872 7873 7876 7942 7943 7947 8014 8015 8016 8085 8087 8150 8153 8154 8155 8156 8157 8159 8225 8226 8227 8228 8231 8297 8299 8300 8301 8302 8368 8369 8371 8374 8375 8447 8448 8453 8524 8525 8527 8529 8605 8608 8609 8611 8694 8695 8697 8698 8776 8864 8868 13324 13327 13437 13438 13629 13632 13698 13741
moead,ns465,7,8,250,5,156374863.239747,57.437755,0.888889,0.111111,6257 6310 6431 6432 6433 6496 6497 6567 6774 7599 7600 7664 7666 7668 7669 7736 7737 7804 7805 7871 7872 7873 7876 7942 7943 7947 8014 8015 8016 8085 8087 8150 8153 8154 8155 8156 8157 8159 8225 8226 8227 8228 8231 8297 8299 8300 8301 8302 8368 8369 8371 8374 8375 8447 8448 8453 8524 8525 8527 8529 8605 8608 8609 8611 8694 8695 8697 8698 8776 8864 8868 13324 13327 13437 13438 13629 13632 13698 13741
moead,ns465,7,9,250,5,156374863.239747,57.437755,1.000000,0.000000,6257 6310 6431 6432 6433 6496 6497 6567 6774 7599 7600 7664 7666 7668 7669 7736 7737 7804 7805 7871 7872 7873 7876 7942 7943 7947 8014 8015 8016 8085 8087 8150 8153 8154 8155 8156 8157 8159 8225 8226 8227 8228 8231 8297 8299 8300 8301 8302 8368 8369 8371 8374 8375 8447 8448 8453 8524 8525 8527 8529 8605 8608 8609 8611 8694 8695 8697 8698 8776 8864 8868 13324 13327 13437 13438 13629 13632 13698 13741
moead,ns465,7,0,300,6,196506772.299972,236.851248,0.000000,1.000000,97 154 533 1062 1076 1097 1267 1304 1324 1474 1657 1801 1897 2416 2463 2506 2650 2655 3334 3615 3620 3734 4189 4404 4865 5263 5334 5835 6060 6208 6213 6429 6459 6470 6478 7260 7460 7475 7629 7657 7666 7728 7745 7769 7819 8697 9236 9245 10061 10159 10458 10496 10620 10763 10823 10831 11041 11083 11268 11297 11591 11726 12100 12315 12557 12746 12754 12842 12892 13213 13248 13698 13775 13798 14028 14303 14446 14652 14666
moead,ns465,7,1,300,6,156051713.374266,48.165501,0.111111,0.888889,6257 6310 6431 6432 6433 6496 7599 7600 7664 7666 7668 7669 7736 7737 7738 7804 7805 7871 7872 7873 7876 7942 7943 8012 8014 8015 8016 8081 8083 8085 8087 8150 8153 8154 8155 8156 8157 8225 8226 8227 8228 8229 8231 8296 8297 8299 8300 8301 8302 8368 8369 8371 8372 8374 8375 8447 8451 8452 8453 8525 8527 8529 8605 8608 8609 8692 8694 8695 8698 8776 8864 8868 13327 13437 13438 13629 13632 13698 13741
moead,ns465,7,2,300,6,156051713.374266,48.165501,0.222222,0.777778,6257 6310 6431 6432 6433 6496 7599 7600 7664 7666 7668 7669 7736 7737 7738 7804 7805 7871 7872 7873 7876 7942 7943 8012 8014 8015 8016 8081 8083 8085 8087 8150 8153 8154 8155 8156 8157 8225 8226 8227 8228 8229 8231 8296 8297 8299 8300 8301 8302 8368 8369 8371 8372 8374 8375 8447 8451 8452 8453 8525 8527 8529 8605 8608 8609 8692 8694 8695 8698 8776 8864 8868 13327 13437 13438 13629 13632 13698 13741
moead,ns465,7,3,300,6,156051713.374266,48.165501,0.333333,0.666667,6257 6310 6431 6432 6433 6496 7599 7600 7664 7666 7668 7669 7736 7737 7738 7804 7805 7871 7872 7873 7876 7942 7943 8012 8014 8015 8016 8081 8083 8085 8087 8150 8153 8154 8155 8156 8157 8225 8226 8227 8228 8229 8231 8296 8297 8299 8300 8301 8302 8368 8369 8371 8372 8374 8375 8447 8451 8452 8453 8525 8527 8529 8605 8608 8609 8692 8694 8695 8698 8776 8864 8868 13327 13437 13438 13629 13632 13698 13741
moead,ns465,7,4,300,6,156051713.374266,48.165501,0.444444,0.555556,6257 6310 6431 6432 6433 6496 7599 7600 7664 7666 7668 7669 7736 7737 7738 7804 7805 7871 7872 7873 7876 7942 7943 8012 8014 8015 8016 8081 8083 8085 8087 8150 8153 8154 8155 8156 8157 8225 8226 8227 8228 8229 8231 8296 8297 8299 8300 8301 8302 8368 8369 8371 8372 8374 8375 8447 8451 8452 8453 8525 8527 8529 8605 8608 8609 8692 8694 8695 8698 8776 8864 8868 13327 13437 13438 13629 13632 13698 13741
moead,ns465,7,5,300,6,156051713.374266,48.165501,0.555556,0.444444,6257 6310 6431 6432 6433 6496 7599 7600 7664 7666 7668 7669 7736 7737 7738 7804 7805 7871 7872 7873 7876 7942 7943 8012 8014 8015 8016 8081 8083 8085 8087 8150 8153 8154 8155 8156 8157 8225 8226 8227 8228 8229 8231 8296 8297 8299 8300 8301 8302 8368 8369 8371 8372 8374 8375 8447 8451 8452 8453 8525 8527 8529 8605 8608 8609 8692 8694 8695 8698 8776 8864 8868 13327 13437 13438 13629 13632 13698 13741
moead,ns465,7,6,300,6,156051713.374266,48.165501,0.666667,0.333333,6257 6310 6431 6432 6433 6496 7599 7600 7664 7666 7668 7669 7736 7737 7738 7804 7805 7871 7872 7873 7876 7942 7943 8012 8014 8015 8016 8081 8083 8085 8087 8150 8153 8154 8155 8156 8157 8225 8226 8227 8228 8229 8231 8296 8297 8299 8300 8301 8302 8368 8369 8371 8372 8374 8375 8447 8451 8452 8453 8525 8527 8529 8605 8608 8609 8692 8694 8695 8698 8776 8864 8868 13327 13437 13438 13629 13632 13698 13741
moead,ns465,7,7,300,6,156051713.374266,48.165501,0.777778,0.222222,6257 6310 6431 6432 6433 6496 7599 7600 7664 7666 7668 7669 7736 7737 7738 7804 7805 7871 7872 7873 7876 7942 7943 8012 8014 8015 8016 8081 8083 8085 8087 8150 8153 8154 8155 8156 8157 8225 8226 8227 8228 8229 8231 8296 8297 8299 8300 8301 8302 8368 8369 8371 8372 8374 8375 8447 8451 8452 8453 8525 8527 8529 8605 8608 8609 8692 8694 8695 8698 8776 8864 8868 13327 13437 13438 13629 13632 13698 13741
moead,ns465,7,8,300,6,156051713.374266,48.165501,0.888889,0.111111,6257 6310 6431 6432 6433 6496 7599 7600 7664 7666 7668 7669 7736 7737 7738 7804 7805 7871 7872 7873 7876 7942 7943 8012 8014 8015 8016 8081 8083 8085 8087 8150 8153 8154 8155 8156 8157 8225 8226 8227 8228 8229 8231 8296 8297 8299 8300 8301 8302 8368 8369 8371 8372 8374 8375 8447 8451 8452 8453 8525 8527 8529 8605 8608 8609 8692 8694 8695 8698 8776 8864 8868 13327 13437 13438 13629 13632 13698 13741
moead,ns465,7,9,300,6,156051713.374266,48.165501,1.000000,0.000000,6257 6310 6431 6432 6433 6496 7599 7600 7664 7666 7668 7669 7736 7737 7738 7804 7805 7871 7872 7873 7876 7942 7943 8012 8014 8015 8016 8081 8083 8085 8087 8150 8153 8154 8155 8156 8157 8225 8226 8227 8228 8229 8231 8296 8297 8299 8300 8301 8302 8368 8369 8371 8372 8374 8375 8447 8451 8452 8453 8525 8527 8529 8605 8608 8609 8692 8694 8695 8698 8776 8864 8868 13327 13437 13438 13629 13632 13698 13741
moead,ns465,7,0,350,7,196320719.634632,237.180269,0.000000,1.000000,97 533 1062 1076 1097 1267 1304 1324 1474 1657 1801 1897 2416 2463 2506 2650 2655 3334 3615 3620 3734 4189 4404 4865 5263 5334 5835 6060 6213 6429 6459 6470 6478 7045 7260 7460 7475 7629 7657 7666 7728 7745 7769 8129 8235 8697 9245 10061 10159 10458 10496 10574 10620 10763 10823 10831 11041 11083 11268 11297 11591 11726 12100 12315 12557 12746 12754 12842 12892 13213 13248 13698 13775 13798 14028 14303 14446 14652 14666
moead,ns465,7,1,350,7,155854372.127701,48.628800,0.111111,0.888889,6257 6310 6431 6432 6433 6496 6771 7269 7599 7600 7666 7668 7669 7735 7736 7737 7738 7804 7805 7871 7872 7873 7875 7942 7943 7946 8012 8014 8015 8016 8081 8083 8085 8087 8153 8154 8155 8156 8157 8225 8226 8227 8228 8229 8231 8296 8297 8299 8300 8301 8302 8369 8371 8372 8374 8375 8447 8451 8452 8453 8525 8527 8529 8530 8531 8605 8608 8609 8692 8694 8695 8776 8868 13327 13437 13438 13629 13632 13741
moead,ns465,7,2,350,7,155854372.127701,48.628800,0.222222,0.777778,6257 6310 6431 6432 6433 6496 6771 7269 7599 7600 7666 7668 7669 7735 7736 7737 7738 7804 7805 7871 7872 7873 7875 7942 7943 7946 8012 8014 8015 8016 8081 8083 8085 8087 8153 8154 8155 8156 8157 8225 8226 8227 8228 8229 8231 8296 8297 8299 8300 8301 8302 8369 8371 8372 8374 8375 8447 8451 8452 8453 8525 8527 8529 8530 8531 8605 8608 8609 8692 8694 8695 8776 8868 13327 13437 13438 13629 13632 13741
moead,ns465,7,3,350,7,155854372.127701,48.628800,0.333333,0.666667,6257 6310 6431 6432 6433 6496 6771 7269 7599 7600 7666 7668 7669 7735 7736 7737 7738 7804 7805 7871 7872 7873 7875 7942 7943 7946 8012 8014 8015 8016 8081 8083 8085 8087 8153 8154 8155 8156 8157 8225 8226 8227 8228 8229 8231 8296 8297 8299 8300 8301 8302 8369 8371 8372 8374 8375 8447 8451 8452 8453 8525 8527 8529 8530 8531 8605 8608 8609 8692 8694 8695 8776 8868 13327 13437 13438 13629 13632 13741
moead,ns465,7,4,350,7,155854372.127701,48.628800,0.444444,0.555556,6257 6310 6431 6432 6433 6496 6771 7269 7599 7600 7666 7668 7669 7735 7736 7737 7738 7804 7805 7871 7872 7873 7875 7942 7943 7946 8012 8014 8015 8016 8081 8083 8085 8087 8153 8154 8155 8156 8157 8225 8226 8227 8228 8229 8231 8296 8297 8299 8300 8301 8302 8369 8371 8372 8374 8375 8447 8451 8452 8453 8525 8527 8529 8530 8531 8605 8608 8609 8692 8694 8695 8776 8868 13327 13437 13438 13629 13632 13741
moead,ns465,7,5,350,7,155854372.127701,48.628800,0.555556,0.444444,6257 6310 6431 6432 6433 6496 6771 7269 7599 7600 7666 7668 7669 7735 7736 7737 7738 7804 7805 7871 7872 7873 7875 7942 7943 7946 8012 8014 8015 8016 8081 8083 8085 8087 8153 8154 8155 8156 8157 8225 8226 8227 8228 8229 8231 8296 8297 8299 8300 8301 8302 8369 8371 8372 8374 8375 8447 8451 8452 8453 8525 8527 8529 8530 8531 8605 8608 8609 8692 8694 8695 8776 8868 13327 13437 13438 13629 13632 13741
moead,ns465,7,6,350,7,155854372.127701,48.628800,0.666667,0.333333,6257 6310 6431 6432 6433 6496 6771 7269 7599 7600 7666 7668 7669 7735 7736 7737 7738 7804 7805 7871 7872 7873 7875 7942 7943 7946 8012 8014 8015 8016 8081 8083 8085 8087 8153 8154 8155 8156 8157 8225 8226 8227 8228 8229 8231 8296 8297 8299 8300 8301 8302 8369 8371 8372 8374 8375 8447 8451 8452 8453 8525 8527 8529 8530 8531 8605 8608 8609 8692 8694 8695 8776 8868 13327 13437 13438 13629 13632 13741
moead,ns465,7,7,350,7,155854372.127701,48.628800,0.777778,0.222222,6257 6310 6431 6432 6433 6496 6771 7269 7599 7600 7666 7668 7669 7735 7736 7737 7738 7804 7805 7871 7872 7873 7875 7942 7943 7946 8012 8014 8015 8016 8081 8083 8085 8087 8153 8154 8155 8156 8157 8225 8226 8227 8228 8229 8231 8296 8297 8299 8300 8301 8302 8369 8371 8372 8374 8375 8447 8451 8452 8453 8525 8527 8529 8530 8531 8605 8608 8609 8692 8694 8695 8776 8868 13327 13437 13438 13629 13632 13741
moead,ns465,7,8,350,7,155854372.127701,48.628800,0.888889,0.111111,6257 6310 6431 6432 6433 6496 6771 7269 7599 7600 7666 7668 7669 7735 7736 7737 7738 7804 7805 7871 7872 7873 7875 7942 7943 7946 8012 8014 8015 8016 8081 8083 8085 8087 8153 8154 8155 8156 8157 8225 8226 8227 8228 8229 8231 8296 8297 8299 8300 8301 8302 8369 8371 8372 8374 8375 8447 8451 8452 8453 8525 8527 8529 8530 8531 8605 8608 8609 8692 8694 8695 8776 8868 13327 13437 13438 13629 13632 13741
moead,ns465,7,9,350,7,155854372.127701,48.628800,1.000000,0.000000,6257 6310 6431 6432 6433 6496 6771 7269 7599 7600 7666 7668 7669 7735 7736 7737 7738 7804 7805 7871 7872 7873 7875 7942 7943 7946 8012 8014 8015 8016 8081 8083 8085 8087 8153 8154 8155 8156 8157 8225 8226 8227 8228 8229 8231 8296 8297 8299 8300 8301 8302 8369 8371 8372 8374 8375 8447 8451 8452 8453 8525 8527 8529 8530 8531 8605 8608 8609 8692 8694 8695 8776 8868 13327 13437 13438 13629 13632 13741
moead,ns465,7,0,400,8,196391638.112450,240.951911,0.000000,1.000000,92 97 533 1062 1076 1097 1267 1304 1324 1474 1657 1897 2416 2463 2506 2650 2655 3615 3620 3734 4143 4189 4404 5263 5334 5445 5835 6213 6429 6459 6470 6478 6943 7045 7236 7260 7460 7475 7629 7657 7666 7728 7745 7769 8129 8235 8697 9245 10061 10159 10458 10496 10574 10620 10763 10823 11041 11083 11268 11297 11591 11726 12100 12315 12557 12746 12754 12842 12892 13213 13248 13698 13775 13798 14028 14303 14446 14652 14666
moead,ns465,7,1,400,8,155743908.270511,45.351300,0.111111,0.888889,6310 6431 6432 6433 6496 6702 7467 7600 7668 7669 7735 7736 7737 7802 7804 7805 7871 7872 7873 7875 7942 7943 7946 8012 8013 8014 8015 8016 8081 8083 8085 8087 8153 8154 8155 8156 8157 8225 8226 8227 8228 8229 8230 8231 8296 8297 8299 8300 8301 8302 8369 8371 8372 8374 8375 8447 8451 8452 8453 8525 8527 8529 8530 8531 8605 8608 8609 8692 8694 8695 8776 8868 13327 13437 13438 13543 13629 13632 13741
moead,ns465,7,2,400,8,155743908.270511,45.351300,0.222222,0.777778,6310 6431 6432 6433 6496 6702 7467 7600 7668 7669 7735 7736 7737 7802 7804 7805 7871 7872 7873 7875 7942 7943 7946 8012 8013 8014 8015 8016 8081 8083 8085 8087 8153 8154 8155 8156 8157 8225 8226 8227 8228 8229 8230 8231 8296 8297 8299 8300 8301 8302 8369 8371 8372 8374 8375 8447 8451 8452 8453 8525 8527 8529 8530 8531 8605 8608 8609 8692 8694 8695 8776 8868 13327 13437 13438 13543 13629 13632 13741
moead,ns465,7,3,400,8,155743908.270511,45.351300,0.333333,0.666667,6310 6431 6432 6433 6496 6702 7467 7600 7668 7669 7735 7736 7737 7802 7804 7805 7871 7872 7873 7875 7942 7943 7946 8012 8013 8014 8015 8016 8081 8083 8085 8087 8153 8154 8155 8156 8157 8225 8226 8227 8228 8229 8230 8231 8296 8297 8299 8300 8301 8302 8369 8371 8372 8374 8375 8447 8451 8452 8453 8525 8527 8529 8530 8531 8605 8608 8609 8692 8694 8695 8776 8868 13327 13437 13438 13543 13629 13632 13741
moead,ns465,7,4,400,8,155743908.270511,45.351300,0.444444,0.555556,6310 6431 6432 6433 6496 6702 7467 7600 7668 7669 7735 7736 7737 7802 7804 7805 7871 7872 7873 7875 7942 7943 7946 8012 8013 8014 8015 8016 8081 8083 8085 8087 8153 8154 8155 8156 8157 8225 8226 8227 8228 8229 8230 8231 8296 8297 8299 8300 8301 8302 8369 8371 8372 8374 8375 8447 8451 8452 8453 8525 8527 8529 8530 8531 8605 8608 8609 8692 8694 8695 8776 8868 13327 13437 13438 13543 13629 13632 13741
moead,ns465,7,5,400,8,155743908.270511,45.351300,0.555556,0.444444,6310 6431 6432 6433 6496 6702 7467 7600 7668 7669 7735 7736 7737 7802 7804 7805 7871 7872 7873 7875 7942 7943 7946 8012 8013 8014 8015 8016 8081 8083 8085 8087 8153 8154 8155 8156 8157 8225 8226 8227 8228 8229 8230 8231 8296 8297 8299 8300 8301 8302 8369 8371 8372 8374 8375 8447 8451 8452 8453 8525 8527 8529 8530 8531 8605 8608 8609 8692 8694 8695 8776 8868 13327 13437 13438 13543 13629 13632 13741
moead,ns465,7,6,400,8,155743908.270511,45.351300,0.666667,0.333333,6310 6431 6432 6433 6496 6702 7467 7600 7668 7669 7735 7736 7737 7802 7804 7805 7871 7872 7873 7875 7942 7943 7946 8012 8013 8014 8015 8016 8081 8083 8085 8087 8153 8154 8155 8156 8157 8225 8226 8227 8228 8229 8230 8231 8296 8297 8299 8300 8301 8302 8369 8371 8372 8374 8375 8447 8451 8452 8453 8525 8527 8529 8530 8531 8605 8608 8609 8692 8694 8695 8776 8868 13327 13437 13438 13543 13629 13632 13741
moead,ns465,7,7,400,8,155743908.270511,45.351300,0.777778,0.222222,6310 6431 6432 6433 6496 6702 7467 7600 7668 7669 7735 7736 7737 7802 7804 7805 7871 7872 7873 7875 7942 7943 7946 8012 8013 8014 8015 8016 8081 8083 8085 8087 8153 8154 8155 8156 8157 8225 8226 8227 8228 8229 8230 8231 8296 8297 8299 8300 8301 8302 8369 8371 8372 8374 8375 8447 8451 8452 8453 8525 8527 8529 8530 8531 8605 8608 8609 8692 8694 8695 8776 8868 13327 13437 13438 13543 13629 13632 13741
moead,ns465,7,8,400,8,155743908.270511,45.351300,0.888889,0.111111,6310 6431 6432 6433 6496 6702 7467 7600 7668 7669 7735 7736 7737 7802 7804 7805 7871 7872 7873 7875 7942 7943 7946 8012 8013 8014 8015 8016 8081 8083 8085 8087 8153 8154 8155 8156 8157 8225 8226 8227 8228 8229 8230 8231 8296 8297 8299 8300 8301 8302 8369 8371 8372 8374 8375 8447 8451 8452 8453 8525 8527 8529 8530 8531 8605 8608 8609 8692 8694 8695 8776 8868 13327 13437 13438 13543 13629 13632 13741
moead,ns465,7,9,400,8,155743908.270511,45.351300,1.000000,0.000000,6310 6431 6432 6433 6496 6702 7467 7600 7668 7669 7735 7736 7737 7802 7804 7805 7871 7872 7873 7875 7942 7943 7946 8012 8013 8014 8015 8016 8081 8083 8085 8087 8153 8154 8155 8156 8157 8225 8226 8227 8228 8229 8230 8231 8296 8297 8299 8300 8301 8302 8369 8371 8372 8374 8375 8447 8451 8452 8453 8525 8527 8529 8530 8531 8605 8608 8609 8692 8694 8695 8776 8868 13327 13437 13438 13543 13629 13632 13741
moead,ns465,7,0,450,9,196536169.872511,241.847864,0.000000,1.000000,92 97 533 1062 1076 1097 1267 1304 1474 1657 1897 2416 2463 2506 2650 2655 3615 3734 4143 4189 4404 5263 5334 5445 5680 5835 6213 6429 6459 6470 6478 6913 6943 7045 7236 7260 7460 7475 7629 7657 7666 7728 7745 7769 8129 8235 8697 9245 10061 10159 10458 10496 10574 10620 10763 10823 11041 11083 11268 11297 11591 11726 12100 12315 12557 12746 12754 12842 12892 13213 13248 13698 13775 13798 14028 14303 14446 14652 14666
moead,ns465,7,1,450,9,155645634.648380,44.357353,0.111111,0.888889,6431 6432 6433 6496 6633 7467 7600 7665 7668 7669 7735 7736 7737 7802 7804 7805 7871 7872 7873 7874 7875 7942 7943 7946 8012 8013 8014 8016 8081 8083 8085 8087 8153 8154 8155 8156 8157 8225 8226 8227 8228 8229 8230 8231 8296 8297 8299 8300 8301 8302 8368 8369 8371 8372 8374 8375 8447 8448 8451 8452 8453 8525 8527 8529 8530 8531 8608 8609 8692 8694 8695 8776 8868 13437 13438 13543 13629 13632 13741
moead,ns465,7,2,450,9,155645634.648380,44.357353,0.222222,0.777778,6431 6432 6433 6496 6633 7467 7600 7665 7668 7669 7735 7736 7737 7802 7804 7805 7871 7872 7873 7874 7875 7942 7943 7946 8012 8013 8014 8016 8081 8083 8085 8087 8153 8154 8155 8156 8157 8225 8226 8227 8228 8229 8230 8231 8296 8297 8299 8300 8301 8302 8368 8369 8371 8372 8374 8375 8447 8448 8451 8452 8453 8525 8527 8529 8530 8531 8608 8609 8692 8694 8695 8776 8868 13437 13438 13543 13629 13632 13741
moead,ns465,7,3,450,9,155645634.648380,44.357353,0.333333,0.666667,6431 6432 6433 6496 6633 7467 7600 7665 7668 7669 7735 7736 7737 7802 7804 7805 7871 7872 7873 7874 7875 7942 7943 7946 8012 8013 8014 8016 8081 8083 8085 8087 8153 8154 8155 8156 8157 8225 8226 8227 8228 8229 8230 8231 8296 8297 8299 8300 8301 8302 8368 8369 8371 8372 8374 8375 8447 8448 8451 8452 8453 8525 8527 8529 8530 8531 8608 8609 8692 8694 8695 8776 8868 13437 13438 13543 13629 13632 13741
moead,ns465,7,4,450,9,155645634.648380,44.357353,0.444444,0.555556,6431 6432 6433 6496 6633 7467 7600 7665 7668 7669 7735 7736 7737 7802 7804 7805 7871 7872 7873 7874 7875 7942 7943 7946 8012 8013 8014 8016 8081 8083 8085 8087 8153 8154 8155 8156 8157 8225 8226 8227 8228 8229 8230 8231 8296 8297 8299 8300 8301 8302 8368 8369 8371 8372 8374 8375 8447 8448 8451 8452 8453 8525 8527 8529 8530 8531 8608 8609 8692 8694 8695 8776 8868 13437 13438 13543 13629 13632 13741
moead,ns465,7,5,450,9,155645634.648380,44.357353,0.555556,0.444444,6431 6432 6433 6496 6633 7467 7600 7665 7668 7669 7735 7736 7737 7802 7804 7805 7871 7872 7873 7874 7875 7942 7943 7946 8012 8013 8014 8016 8081 8083 8085 8087 8153 8154 8155 8156 8157 8225 8226 8227 8228 8229 8230 8231 8296 8297 8299 8300 8301 8302 8368 8369 8371 8372 8374 8375 8447 8448 8451 8452 8453 8525 8527 8529 8530 8531 8608 8609 8692 8694 8695 8776 8868 13437 13438 13543 13629 13632 13741
moead,ns465,7,6,450,9,155645634.648380,44.357353,0.666667,0.333333,6431 6432 6433 6496 6633 7467 7600 7665 7668 7669 7735 7736 7737 7802 7804 7805 7871 7872 7873 7874 7875 7942 7943 7946 8012 8013 8014 8016 8081 8083 8085 8087 8153 8154 8155 8156 8157 8225 8226 8227 8228 8229 8230 8231 8296 8297 8299 8300 8301 8302 8368 8369 8371 8372 8374 8375 8447 8448 8451 8452 8453 8525 8527 8529 8530 8531 8608 8609 8692 8694 8695 8776 8868 13437 13438 13543 13629 13632 13741
moead,ns465,7,7,450,9,155645634.648380,44.357353,0.777778,0.222222,6431 6432 6433 6496 6633 7467 7600 7665 7668 7669 7735 7736 7737 7802 7804 7805 7871 7872 7873 7874 7875 7942 7943 7946 8012 8013 8014 8016 8081 8083 8085 8087 8153 8154 8155 8156 8157 8225 8226 8227 8228 8229 8230 8231 8296 8297 8299 8300 8301 8302 8368 8369 8371 8372 8374 8375 8447 8448 8451 8452 8453 8525 8527 8529 8530 8531 8608 8609 8692 8694 8695 8776 8868 13437 13438 13543 13629 13632 13741
moead,ns465,7,8,450,9,155645634.648380,44.357353,0.888889,0.111111,6431 6432 6433 6496 6633 7467 7600 7665 7668 7669 7735 7736 7737 7802 7804 7805 7871 7872 7873 7874 7875 7942 7943 7946 8012 8013 8014 8016 8081 8083 8085 8087 8153 8154 8155 8156 8157 8225 8226 8227 8228 8229 8230 8231 8296 8297 8299 8300 8301 8302 8368 8369 8371 8372 8374 8375 8447 8448 8451 8452 8453 8525 8527 8529 8530 8531 8608 8609 8692 8694 8695 8776 8868 13437 13438 13543 13629 13632 13741
moead,ns465,7,9,450,9,155645634.648380,44.357353,1.000000,0.000000,6431 6432 6433 6496 6633 7467 7600 7665 7668 7669 7735 7736 7737 7802 7804 7805 7871 7872 7873 7874 7875 7942 7943 7946 8012 8013 8014 8016 8081 8083 8085 8087 8153 8154 8155 8156 8157 8225 8226 8227 8228 8229 8230 8231 8296 8297 8299 8300 8301 8302 8368 8369 8371 8372 8374 8375 8447 8448 8451 8452 8453 8525 8527 8529 8530 8531 8608 8609 8692 8694 8695 8776 8868 13437 13438 13543 13629 13632 13741
moead,ns465,7,0,500,10,195508984.951243,242.690857,0.000000,1.000000,92 97 533 869 1062 1076 1097 1267 1474 1657 1897 2416 2463 2506 2650 2655 3734 4143 4189 4404 5334 5445 5680 5835 6213 6429 6459 6470 6478 6913 6943 7045 7236 7260 7460 7475 7629 7657 7666 7728 7745 7769 8129 8235 8480 8697 9245 9450 10061 10159 10458 10496 10620 10763 10823 10952 11041 11268 11297 11591 11726 12100 12315 12557 12746 12754 12842 12892 13213 13248 13698 13775 13798 14028 14286 14303 14446 14652 14666
moead,ns465,7,1,500,10,155494052.553768,46.909163,0.111111,0.888889,6431 6432 6433 6496 6633 7600 7665 7668 7669 7735 7736 7737 7804 7805 7871 7872 7873 7874 7942 7946 8011 8012 8013 8014 8016 8081 8082 8083 8084 8085 8087 8153 8154 8155 8156 8157 8225 8226 8227 8228 8229 8230 8231 8297 8299 8300 8301 8302 8368 8369 8371 8372 8374 8375 8447 8448 8451 8452 8525 8527 8528 8529 8530 8531 8608 8609 8611 8692 8694 8695 8776 8780 8868 13324 13437 13438 13543 13629 13741
moead,ns465,7,2,500,10,155494052.553768,46.909163,0.222222,0.777778,6431 6432 6433 6496 6633 7600 7665 7668 7669 7735 7736 7737 7804 7805 7871 7872 7873 7874 7942 7946 8011 8012 8013 8014 8016 8081 8082 8083 8084 8085 8087 8153 8154 8155 8156 8157 8225 8226 8227 8228 8229 8230 8231 8297 8299 8300 8301 8302 8368 8369 8371 8372 8374 8375 8447 8448 8451 8452 8525 8527 8528 8529 8530 8531 8608 8609 8611 8692 8694 8695 8776 8780 8868 13324 13437 13438 13543 13629 13741
moead,ns465,7,3,500,10,155494052.553768,46.909163,0.333333,0.666667,6431 6432 6433 6496 6633 7600 7665 7668 7669 7735 7736 7737 7804 7805 7871 7872 7873 7874 7942 7946 8011 8012 8013 8014 8016 8081 8082 8083 8084 8085 8087 8153 8154 8155 8156 8157 8225 8226 8227 8228 8229 8230 8231 8297 8299 8300 8301 8302 8368 8369 8371 8372 8374 8375 8447 8448 8451 8452 8525 8527 8528 8529 8530 8531 8608 8609 8611 8692 8694 8695 8776 8780 8868 13324 13437 13438 13543 13629 13741
moead,ns465,7,4,500,10,155494052.553768,46.909163,0.444444,0.555556,6431 6432 6433 6496 6633 7600 7665 7668 7669 7735 7736 7737 7804 7805 7871 7872 7873 7874 7942 7946 8011 8012 8013 8014 8016 8081 8082 8083 8084 8085 8087 8153 8154 8155 8156 8157 8225 8226 8227 8228 8229 8230 8231 8297 8299 8300 8301 8302 8368 8369 8371 8372 8374 8375 8447 8448 8451 8452 8525 8527 8528 8529 8530 8531 8608 8609 8611 8692 8694 8695 8776 8780 8868 13324 13437 13438 13543 13629 13741
moead,ns465,7,5,500,10,155494052.553768,46.909163,0.555556,0.444444,6431 6432 6433 6496 6633 7600 7665 7668 7669 7735 7736 7737 7804 7805 7871 7872 7873 7874 7942 7946 8011 8012 8013 8014 8016 8081 8082 8083 8084 8085 8087 8153 8154 8155 8156 8157 8225 8226 8227 8228 8229 8230 8231 8297 8299 8300 8301 8302 8368 8369 8371 8372 8374 8375 8447 8448 8451 8452 8525 8527 8528 8529 8530 8531 8608 8609 8611 8692 8694 8695 8776 8780 8868 13324 13437 13438 13543 13629 13741
moead,ns465,7,6,500,10,155494052.553768,46.909163,0.666667,0.333333,6431 6432 6433 6496 6633 7600 7665 7668 7669 7735 7736 7737 7804 7805 7871 7872 7873 7874 7942 7946 8011 8012 8013 8014 8016 8081 8082 8083 8084 8085 8087 8153 8154 8155 8156 8157 8225 8226 8227 8228 8229 8230 8231 8297 8299 8300 8301 8302 8368 8369 8371 8372 8374 8375 8447 8448 8451 8452 8525 8527 8528 8529 8530 8531 8608 8609 8611 8692 8694 8695 8776 8780 8868 13324 13437 13438 13543 13629 13741
moead,ns465,7,7,500,10,155494052.553768,46.909163,0.777778,0.222222,6431 6432 6433 6496 6633 7600 7665 7668 7669 7735 7736 7737 7804 7805 7871 7872 7873 7874 7942 7946 8011 8012 8013 8014 8016 8081 8082 8083 8084 8085 8087 8153 8154 8155 8156 8157 8225 8226 8227 8228 8229 8230 8231 8297 8299 8300 8301 8302 8368 8369 8371 8372 8374 8375 8447 8448 8451 8452 8525 8527 8528 8529 8530 8531 8608 8609 8611 8692 8694 8695 8776 8780 8868 13324 13437 13438 13543 13629 13741
moead,ns465,7,8,500,10,155494052.553768,46.909163,0.888889,0.111111,6431 6432 6433 6496 6633 7600 7665 7668 7669 7735 7736 7737 7804 7805 7871 7872 7873 7874 7942 7946 8011 8012 8013 8014 8016 8081 8082 8083 8084 8085 8087 8153 8154 8155 8156 8157 8225 8226 8227 8228 8229 8230 8231 8297 8299 8300 8301 8302 8368 8369 8371 8372 8374 8375 8447 8448 8451 8452 8525 8527 8528 8529 8530 8531 8608 8609 8611 8692 8694 8695 8776 8780 8868 13324 13437 13438 13543 13629 13741
moead,ns465,7,9,500,10,155494052.553768,46.909163,1.000000,0.000000,6431 6432 6433 6496 6633 7600 7665 7668 7669 7735 7736 7737 7804 7805 7871 7872 7873 7874 7942 7946 8011 8012 8013 8014 8016 8081 8082 8083 8084 8085 8087 8153 8154 8155 8156 8157 8225 8226 8227 8228 8229 8230 8231 8297 8299 8300 8301 8302 8368 8369 8371 8372 8374 8375 8447 8448 8451 8452 8525 8527 8528 8529 8530 8531 8608 8609 8611 8692 8694 8695 8776 8780 8868 13324 13437 13438 13543 13629 13741
moead,ns465,7,0,550,11,195630761.684789,243.047190,0.000000,1.000000,92 97 533 869 1062 1076 1097 1267 1474 1657 1897 2416 2463 2506 2650 2655 3734 4143 4189 4404 4964 5334 5445 5680 5835 6213 6429 6459 6470 6478 6913 6943 7045 7236 7260 7460 7629 7657 7666 7728 7745 7769 8129 8235 8480 8697 9245 9450 10061 10159 10458 10620 10763 10823 10952 11041 11268 11297 11591 11726 12100 12315 12557 12746 12754 12842 12892 13213 13248 13354 13698 13775 13798 14028 14286 14303 14446 14652 14666
moead,ns465,7,1,550,11,155372846.190835,44.309358,0.111111,0.888889,6431 6432 6433 6496 6567 6633 7600 7665 7668 7669 7735 7736 7737 7804 7805 7871 7872 7873 7874 7941 7942 7944 7946 8011 8012 8013 8014 8015 8016 8081 8082 8083 8084 8087 8151 8153 8154 8155 8156 8157 8225 8226 8227 8228 8229 8230 8231 8297 8299 8300 8301 8302 8369 8371 8372 8373 8374 8375 8447 8448 8451 8452 8527 8528 8529 8530 8531 8608 8609 8692 8694 8695 8776 8780 8781 13436 13437 13438 13741
moead,ns465,7,2,550,11,155372846.190835,44.309358,0.222222,0.777778,6431 6432 6433 6496 6567 6633 7600 7665 7668 7669 7735 7736 7737 7804 7805 7871 7872 7873 7874 7941 7942 7944 7946 8011 8012 8013 8014 8015 8016 8081 8082 8083 8084 8087 8151 8153 8154 8155 8156 8157 8225 8226 8227 8228 8229 8230 8231 8297 8299 8300 8301 8302 8369 8371 8372 8373 8374 8375 8447 8448 8451 8452 8527 8528 8529 8530 8531 8608 8609 8692 8694 8695 8776 8780 8781 13436 13437 13438 13741
moead,ns465,7,3,550,11,155372846.190835,44.309358,0.333333,0.666667,6431 6432 6433 6496 6567 6633 7600 7665 7668 7669 7735 7736 7737 7804 7805 7871 7872 7873 7874 7941 7942 7944 7946 8011 8012 8013 8014 8015 8016 8081 8082 8083 8084 8087 8151 8153 8154 8155 8156 8157 8225 8226 8227 8228 8229 8230 8231 8297 8299 8300 8301 8302 8369 8371 8372 8373 8374 8375 8447 8448 8451 8452 8527 8528 8529 8530 8531 8608 8609 8692 8694 8695 8776 8780 8781 13436 13437 13438 13741
moead,ns465,7,4,550,11,155372846.190835,44.309358,0.444444,0.555556,6431 6432 6433 6496 6567 6633 7600 7665 7668 7669 7735 7736 7737 7804 7805 7871 7872 7873 7874 7941 7942 7944 7946 8011 8012 8013 8014 8015 8016 8081 8082 8083 8084 8087 8151 8153 8154 8155 8156 8157 8225 8226 8227 8228 8229 8230 8231 8297 8299 8300 8301 8302 8369 8371 8372 8373 8374 8375 8447 8448 8451 8452 8527 8528 8529 8530 8531 8608 8609 8692 8694 8695 8776 8780 8781 13436 13437 13438 13741
moead,ns465,7,5,550,11,155372846.190835,44.309358,0.555556,0.444444,6431 6432 6433 6496 6567 6633 7600 7665 7668 7669 7735 7736 7737 7804 7805 7871 7872 7873 7874 7941 7942 7944 7946 8011 8012 8013 8014 8015 8016 8081 8082 8083 8084 8087 8151 8153 8154 8155 8156 8157 8225 8226 8227 8228 8229 8230 8231 8297 8299 8300 8301 8302 8369 8371 8372 8373 8374 8375 8447 8448 8451 8452 8527 8528 8529 8530 8531 8608 8609 8692 8694 8695 8776 8780 8781 13436 13437 13438 13741
moead,ns465,7,6,550,11,155372846.190835,44.309358,0.666667,0.333333,6431 6432 6433 6496 6567 6633 7600 7665 7668 7669 7735 7736 7737 7804 7805 7871 7872 7873 7874 7941 7942 7944 7946 8011 8012 8013 8014 8015 8016 8081 8082 8083 8084 8087 8151 8153 8154 8155 8156 8157 8225 8226 8227 8228 8229 8230 8231 8297 8299 8300 8301 8302 8369 8371 8372 8373 8374 8375 8447 8448 8451 8452 8527 8528 8529 8530 8531 8608 8609 8692 8694 8695 8776 8780 8781 13436 13437 13438 13741
moead,ns465,7,7,550,11,155372846.190835,44.309358,0.777778,0.222222,6431 6432 6433 6496 6567 6633 7600 7665 7668 7669 7735 7736 7737 7804 7805 7871 7872 7873 7874 7941 7942 7944 7946 8011 8012 8013 8014 8015 8016 8081 8082 8083 8084 8087 8151 8153 8154 8155 8156 8157 8225 8226 8227 8228 8229 8230 8231 8297 8299 8300 8301 8302 8369 8371 8372 8373 8374 8375 8447 8448 8451 8452 8527 8528 8529 8530 8531 8608 8609 8692 8694 8695 8776 8780 8781 13436 13437 13438 13741
moead,ns465,7,8,550,11,155372846.190835,44.309358,0.888889,0.111111,6431 6432 6433 6496 6567 6633 7600 7665 7668 7669 7735 7736 7737 7804 7805 7871 7872 7873 7874 7941 7942 7944 7946 8011 8012 8013 8014 8015 8016 8081 8082 8083 8084 8087 8151 8153 8154 8155 8156 8157 8225 8226 8227 8228 8229 8230 8231 8297 8299 8300 8301 8302 8369 8371 8372 8373 8374 8375 8447 8448 8451 8452 8527 8528 8529 8530 8531 8608 8609 8692 8694 8695 8776 8780 8781 13436 13437 13438 13741
moead,ns465,7,9,550,11,155372846.190835,44.309358,1.000000,0.000000,6431 6432 6433 6496 6567 6633 7600 7665 7668 7669 7735 7736 7737 7804 7805 7871 7872 7873 7874 7941 7942 7944 7946 8011 8012 8013 8014 8015 8016 8081 8082 8083 8084 8087 8151 8153 8154 8155 8156 8157 8225 8226 8227 8228 8229 8230 8231 8297 8299 8300 8301 8302 8369 8371 8372 8373 8374 8375 8447 8448 8451 8452 8527 8528 8529 8530 8531 8608 8609 8692 8694 8695 8776 8780 8781 13436 13437 13438 13741
moead,ns465,7,0,600,12,195997894.700119,244.582993,0.000000,1.000000,92 97 182 533 1076 1097 1267 1474 1657 1897 2416 2463 2506 2650 2655 3386 3734 4143 4189 4404 4964 5334 5445 5680 5835 6213 6429 6459 6470 6478 6913 6943 7045 7236 7260 7460 7629 7657 7666 7728 7745 7769 8129 8235 8480 8697 9245 9450 10061 10137 10159 10458 10620 10763 10823 10952 11041 11268 11591 11726 12100 12315 12557 12746 12754 12842 12892 13213 13248 13354 13698 13775 13798 14028 14286 14303 14446 14652 14666
moead,ns465,7,1,600,12,155271028.618466,38.303657,0.111111,0.888889,6431 6432 6433 6496 6567 6633 7600 7665 7668 7669 7733 7735 7736 7737 7804 7805 7871 7872 7873 7874 7941 7942 7944 7946 8011 8012 8013 8014 8015 8016 8081 8082 8083 8084 8085 8087 8153 8154 8155 8156 8157 8225 8226 8227 8228 8229 8230 8231 8297 8299 8300 8301 8302 8368 8369 8370 8371 8372 8373 8374 8375 8447 8448 8451 8452 8527 8528 8529 8530 8531 8608 8609 8692 8694 8695 8780 13436 13437 13438
moead,ns465,7,2,600,12,155271028.618466,38.303657,0.222222,0.777778,6431 6432 6433 6496 6567 6633 7600 7665 7668 7669 7733 7735 7736 7737 7804 7805 7871 7872 7873 7874 7941 7942 7944 7946 8011 8012 8013 8014 8015 8016 8081 8082 8083 8084 8085 8087 8153 8154 8155 8156 8157 8225 8226 8227 8228 8229 8230 8231 8297 8299 8300 8301 8302 8368 8369 8370 8371 8372 8373 8374 8375 8447 8448 8451 8452 8527 8528 8529 8530 8531 8608 8609 8692 8694 8695 8780 13436 13437 13438
moead,ns465,7,3,600,12,155271028.618466,38.303657,0.333333,0.666667,6431 6432 6433 6496 6567 6633 7600 7665 7668 7669 7733 7735 7736 7737 7804 7805 7871 7872 7873 7874 7941 7942 7944 7946 8011 8012 8013 8014 8015 8016 8081 8082 8083 8084 8085 8087 8153 8154 8155 8156 8157 8225 8226 8227 8228 8229 8230 8231 8297 8299 8300 8301 8302 8368 8369 8370 8371 8372 8373 8374 8375 8447 8448 8451 8452 8527 8528 8529 8530 8531 8608 8609 8692 8694 8695 8780 13436 13437 13438
moead,ns465,7,4,600,12,155271028.618466,38.303657,0.444444,0.555556,6431 6432 6433 6496 6567 6633 7600 7665 7668 7669 7733 7735 7736 7737 7804 7805 7871 7872 7873 7874 7941 7942 7944 7946 8011 8012 8013 8014 8015 8016 8081 8082 8083 8084 8085 8087 8153 8154 8155 8156 8157 8225 8226 8227 8228 8229 8230 8231 8297 8299 8300 8301 8302 8368 8369 8370 8371 8372 8373 8374 8375 8447 8448 8451 8452 8527 8528 8529 8530 8531 8608 8609 8692 8694 8695 8780 13436 13437 13438
moead,ns465,7,5,600,12,155271028.618466,38.303657,0.555556,0.444444,6431 6432 6433 6496 6567 6633 7600 7665 7668 7669 7733 7735 7736 7737 7804 7805 7871 7872 7873 7874 7941 7942 7944 7946 8011 8012 8013 8014 8015 8016 8081 8082 8083 8084 8085 8087 8153 8154 8155 8156 8157 8225 8226 8227 8228 8229 8230 8231 8297 8299 8300 8301 8302 8368 8369 8370 8371 8372 8373 8374 8375 8447 8448 8451 8452 8527 8528 8529 8530 8531 8608 8609 8692 8694 8695 8780 13436 13437 13438
moead,ns465,7,6,600,12,155271028.618466,38.303657,0.666667,0.333333,6431 6432 6433 6496 6567 6633 7600 7665 7668 7669 7733 7735 7736 7737 7804 7805 7871 7872 7873 7874 7941 7942 7944 7946 8011 8012 8013 8014 8015 8016 8081 8082 8083 8084 8085 8087 8153 8154 8155 8156 8157 8225 8226 8227 8228 8229 8230 8231 8297 8299 8300 8301 8302 8368 8369 8370 8371 8372 8373 8374 8375 8447 8448 8451 8452 8527 8528 8529 8530 8531 8608 8609 8692 8694 8695 8780 13436 13437 13438
moead,ns465,7,7,600,12,155271028.618466,38.303657,0.777778,0.222222,6431 6432 6433 6496 6567 6633 7600 7665 7668 7669 7733 7735 7736 7737 7804 7805 7871 7872 7873 7874 7941 7942 7944 7946 8011 8012 8013 8014 8015 8016 8081 8082 8083 8084 8085 8087 8153 8154 8155 8156 8157 8225 8226 8227 8228 8229 8230 8231 8297 8299 8300 8301 8302 8368 8369 8370 8371 8372 8373 8374 8375 8447 8448 8451 8452 8527 8528 8529 8530 8531 8608 8609 8692 8694 8695 8780 13436 13437 13438
moead,ns465,7,8,600,12,155271028.618466,38.303657,0.888889,0.111111,6431 6432 6433 6496 6567 6633 7600 7665 7668 7669 7733 7735 7736 7737 7804 7805 7871 7872 7873 7874 7941 7942 7944 7946 8011 8012 8013 8014 8015 8016 8081 8082 8083 8084 8085 8087 8153 8154 8155 8156 8157 8225 8226 8227 8228 8229 8230 8231 8297 8299 8300 8301 8302 8368 8369 8370 8371 8372 8373 8374 8375 8447 8448 8451 8452 8527 8528 8529 8530 8531 8608 8609 8692 8694 8695 8780 13436 13437 13438
moead,ns465,7,9,600,12,155271028.618466,38.303657,1.000000,0.000000,6431 6432 6433 6496 6567 6633 7600 7665 7668 7669 7733 7735 7736 7737 7804 7805 7871 7872 7873 7874 7941 7942 7944 7946 8011 8012 8013 8014 8015 8016 8081 8082 8083 8084 8085 8087 8153 8154 8155 8156 8157 8225 8226 8227 8228 8229 8230 8231 8297 8299 8300 8301 8302 8368 8369 8370 8371 8372 8373 8374 8375 8447 8448 8451 8452 8527 8528 8529 8530 8531 8608 8609 8692 8694 8695 8780 13436 13437 13438
moead,ns465,7,0,650,13,196339031.874301,245.066489,0.000000,1.000000,92 97 182 533 1076 1097 1267 1474 1841 1897 2416 2463 2506 2650 2655 3386 3390 3734 4143 4189 4404 4964 5334 5445 5680 5835 6213 6429 6470 6478 6619 6913 6943 7045 7236 7260 7320 7460 7629 7657 7666 7728 7745 7769 8129 8235 8480 8697 9450 9759 10061 10137 10159 10458 10620 10763 10823 10952 11041 11268 11591 12100 12315 12557 12746 12754 12842 13213 13248 13354 13698 13775 13798 14028 14286 14303 14446 14652 14666
moead,ns465,7,1,650,13,155215620.128023,35.636076,0.111111,0.888889,6431 6432 6433 6496 6567 6633 7600 7665 7668 7669 7733 7735 7736 7737 7803 7804 7805 7871 7872 7873 7874 7941 7942 7944 7946 8011 8012 8013 8014 8015 8016 8081 8082 8083 8084 8085 8087 8153 8154 8155 8156 8157 8225 8226 8227 8228 8229 8231 8297 8298 8299 8300 8301 8302 8368 8369 8370 8371 8372 8373 8374 8375 8447 8448 8451 8527 8528 8529 8530 8608 8609 8692 8693 8694 8695 8780 13436 13437 13438
moead,ns465,7,2,650,13,155215620.128023,35.636076,0.222222,0.777778,6431 6432 6433 6496 6567 6633 7600 7665 7668 7669 7733 7735 7736 7737 7803 7804 7805 7871 7872 7873 7874 7941 7942 7944 7946 8011 8012 8013 8014 8015 8016 8081 8082 8083 8084 8085 8087 8153 8154 8155 8156 8157 8225 8226 8227 8228 8229 8231 8297 8298 8299 8300 8301 8302 8368 8369 8370 8371 8372 8373 8374 8375 8447 8448 8451 8527 8528 8529 8530 8608 8609 8692 8693 8694 8695 8780 13436 13437 13438
moead,ns465,7,3,650,13,155215620.128023,35.636076,0.333333,0.666667,6431 6432 6433 6496 6567 6633 7600 7665 7668 7669 7733 7735 7736 7737 7803 7804 7805 7871 7872 7873 7874 7941 7942 7944 7946 8011 8012 8013 8014 8015 8016 8081 8082 8083 8084 8085 8087 8153 8154 8155 8156 8157 8225 8226 8227 8228 8229 8231 8297 8298 8299 8300 8301 8302 8368 8369 8370 8371 8372 8373 8374 8375 8447 8448 8451 8527 8528 8529 8530 8608 8609 8692 8693 8694 8695 8780 13436 13437 13438
moead,ns465,7,4,650,13,155215620.128023,35.636076,0.444444,0.555556,6431 6432 6433 6496 6567 6633 7600 7665 7668 7669 7733 7735 7736 7737 7803 7804 7805 7871 7872 7873 7874 7941 7942 7944 7946 8011 8012 8013 8014 8015 8016 8081 8082 8083 8084 8085 8087 8153 8154 8155 8156 8157 8225 8226 8227 8228 8229 8231 8297 8298 8299 8300 8301 8302 8368 8369 8370 8371 8372 8373 8374 8375 8447 8448 8451 8527 8528 8529 8530 8608 8609 8692 8693 8694 8695 8780 13436 13437 13438
moead,ns465,7,5,650,13,155215620.128023,35.636076,0.555556,0.444444,6431 6432 6433 6496 6567 6633 7600 7665 7668 7669 7733 7735 7736 7737 7803 7804 7805 7871 7872 7873 7874 7941 7942 7944 7946 8011 8012 8013 8014 8015 8016 8081 8082 8083 8084 8085 8087 8153 8154 8155 8156 8157 8225 8226 8227 8228 8229 8231 8297 8298 8299 8300 8301 8302 8368 8369 8370 8371 8372 8373 8374 8375 8447 8448 8451 8527 8528 8529 8530 8608 8609 8692 8693 8694 8695 8780 13436 13437 13438
moead,ns465,7,6,650,13,155215620.128023,35.636076,0.666667,0.333333,6431 6432 6433 6496 6567 6633 7600 7665 7668 7669 7733 7735 7736 7737 7803 7804 7805 7871 7872 7873 7874 7941 7942 7944 7946 8011 8012 8013 8014 8015 8016 8081 8082 8083 8084 8085 8087 8153 8154 8155 8156 8157 8225 8226 8227 8228 8229 8231 8297 8298 8299 8300 8301 8302 8368 8369 8370 8371 8372 8373 8374 8375 8447 8448 8451 8527 8528 8529 8530 8608 8609 8692 8693 8694 8695 8780 13436 13437 13438
moead,ns465,7,7,650,13,155215620.128023,35.636076,0.777778,0.222222,6431 6432 6433 6496 6567 6633 7600 7665 7668 7669 7733 7735 7736 7737 7803 7804 7805 7871 7872 7873 7874 7941 7942 7944 7946 8011 8012 8013 8014 8015 8016 8081 8082 8083 8084 8085 8087 8153 8154 8155 8156 8157 8225 8226 8227 8228 8229 8231 8297 8298 8299 8300 8301 8302 8368 8369 8370 8371 8372 8373 8374 8375 8447 8448 8451 8527 8528 8529 8530 8608 8609 8692 8693 8694 8695 8780 13436 13437 13438
moead,ns465,7,8,650,13,155215620.128023,35.636076,0.888889,0.111111,6431 6432 6433 6496 6567 6633 7600 7665 7668 7669 7733 7735 7736 7737 7803 7804 7805 7871 7872 7873 7874 7941 7942 7944 7946 8011 8012 8013 8014 8015 8016 8081 8082 8083 8084 8085 8087 8153 8154 8155 8156 8157 8225 8226 8227 8228 8229 8231 8297 8298 8299 8300 8301 8302 8368 8369 8370 8371 8372 8373 8374 8375 8447 8448 8451 8527 8528 8529 8530 8608 8609 8692 8693 8694 8695 8780 13436 13437 13438
moead,ns465,7,9,650,13,155215620.128023,35.636076,1.000000,0.000000,6431 6432 6433 6496 6567 6633 7600 7665 7668 7669 7733 7735 7736 7737 7803 7804 7805 7871 7872 7873 7874 7941 7942 7944 7946 8011 8012 8013 8014 8015 8016 8081 8082 8083 8084 8085 8087 8153 8154 8155 8156 8157 8225 8226 8227 8228 8229 8231 8297 8298 8299 8300 8301 8302 8368 8369 8370 8371 8372 8373 8374 8375 8447 8448 8451 8527 8528 8529 8530 8608 8609 8692 8693 8694 8695 8780 13436 13437 13438
moead,ns465,7,0,700,14,196139982.158047,245.240513,0.000000,1.000000,92 97 182 533 1076 1097 1267 1474 1841 1897 2416 2463 2506 2650 2655 3386 3390 3734 4143 4189 4404 4964 5334 5445 5680 5835 6213 6429 6470 6478 6619 6913 6943 7045 7236 7260 7320 7460 7629 7657 7666 7728 7745 7769 8129 8221 8235 8480 8697 9450 9759 10061 10137 10159 10458 10620 10763 10823 10952 11041 11268 11591 12100 12315 12557 12754 12842 13213 13248 13354 13698 13775 13798 14028 14286 14303 14446 14652 14666
moead,ns465,7,1,700,14,155150157.573561,35.479683,0.111111,0.888889,6431 6432 6433 6499 6567 6633 7599 7600 7668 7735 7736 7737 7803 7804 7805 7871 7872 7873 7874 7941 7942 7944 7946 8011 8012 8013 8014 8015 8016 8081 8082 8083 8084 8085 8087 8153 8154 8155 8156 8157 8224 8225 8226 8227 8228 8229 8231 8297 8298 8299 8300 8301 8302 8368 8369 8370 8371 8372 8373 8374 8375 8447 8448 8451 8527 8528 8529 8530 8607 8608 8609 8692 8693 8694 8695 8780 13436 13437 13438
moead,ns465,7,2,700,14,155150157.573561,35.479683,0.222222,0.777778,6431 6432 6433 6499 6567 6633 7599 7600 7668 7735 7736 7737 7803 7804 7805 7871 7872 7873 7874 7941 7942 7944 7946 8011 8012 8013 8014 8015 8016 8081 8082 8083 8084 8085 8087 8153 8154 8155 8156 8157 8224 8225 8226 8227 8228 8229 8231 8297 8298 8299 8300 8301 8302 8368 8369 8370 8371 8372 8373 8374 8375 8447 8448 8451 8527 8528 8529 8530 8607 8608 8609 8692 8693 8694 8695 8780 13436 13437 13438
moead,ns465,7,3,700,14,155150157.573561,35.479683,0.333333,0.666667,6431 6432 6433 6499 6567 6633 7599 7600 7668 7735 7736 7737 7803 7804 7805 7871 7872 7873 7874 7941 7942 7944 7946 8011 8012 8013 8014 8015 8016 8081 8082 8083 8084 8085 8087 8153 8154 8155 8156 8157 8224 8225 8226 8227 8228 8229 8231 8297 8298 8299 8300 8301 8302 8368 8369 8370 8371 8372 8373 8374 8375 8447 8448 8451 8527 8528 8529 8530 8607 8608 8609 8692 8693 8694 8695 8780 13436 13437 13438
moead,ns465,7,4,700,14,155150157.573561,35.479683,0.444444,0.555556,6431 6432 6433 6499 6567 6633 7599 7600 7668 7735 7736 7737 7803 7804 7805 7871 7872 7873 7874 7941 7942 7944 7946 8011 8012 8013 8014 8015 8016 8081 8082 8083 8084 8085 8087 8153 8154 8155 8156 8157 8224 8225 8226 8227 8228 8229 8231 8297 8298 8299 8300 8301 8302 8368 8369 8370 8371 8372 8373 8374 8375 8447 8448 8451 8527 8528 8529 8530 8607 8608 8609 8692 8693 8694 8695 8780 13436 13437 13438
moead,ns465,7,5,700,14,155150157.573561,35.479683,0.555556,0.444444,6431 6432 6433 6499 6567 6633 7599 7600 7668 7735 7736 7737 7803 7804 7805 7871 7872 7873 7874 7941 7942 7944 7946 8011 8012 8013 8014 8015 8016 8081 8082 8083 8084 8085 8087 8153 8154 8155 8156 8157 8224 8225 8226 8227 8228 8229 8231 8297 8298 8299 8300 8301 8302 8368 8369 8370 8371 8372 8373 8374 8375 8447 8448 8451 8527 8528 8529 8530 8607 8608 8609 8692 8693 8694 8695 8780 13436 13437 13438
moead,ns465,7,6,700,14,155150157.573561,35.479683,0.666667,0.333333,6431 6432 6433 6499 6567 6633 7599 7600 7668 7735 7736 7737 7803 7804 7805 7871 7872 7873 7874 7941 7942 7944 7946 8011 8012 8013 8014 8015 8016 8081 8082 8083 8084 8085 8087 8153 8154 8155 8156 8157 8224 8225 8226 8227 8228 8229 8231 8297 8298 8299 8300 8301 8302 8368 8369 8370 8371 8372 8373 8374 8375 8447 8448 8451 8527 8528 8529 8530 8607 8608 8609 8692 8693 8694 8695 8780 13436 13437 13438
moead,ns465,7,7,700,14,155150157.573561,35.479683,0.777778,0.222222,6431 6432 6433 6499 6567 6633 7599 7600 7668 7735 7736 7737 7803 7804 7805 7871 7872 7873 7874 7941 7942 7944 7946 8011 8012 8013 8014 8015 8016 8081 8082 8083 8084 8085 8087 8153 8154 8155 8156 8157 8224 8225 8226 8227 8228 8229 8231 8297 8298 8299 8300 8301 8302 8368 8369 8370 8371 8372 8373 8374 8375 8447 8448 8451 8527 8528 8529 8530 8607 8608 8609 8692 8693 8694 8695 8780 13436 13437 13438
moead,ns465,7,8,700,14,155150157.573561,35.479683,0.888889,0.111111,6431 6432 6433 6499 6567 6633 7599 7600 7668 7735 7736 7737 7803 7804 7805 7871 7872 7873 7874 7941 7942 7944 7946 8011 8012 8013 8014 8015 8016 8081 8082 8083 8084 8085 8087 8153 8154 8155 8156 8157 8224 8225 8226 8227 8228 8229 8231 8297 8298 8299 8300 8301 8302 8368 8369 8370 8371 8372 8373 8374 8375 8447 8448 8451 8527 8528 8529 8530 8607 8608 8609 8692 8693 8694 8695 8780 13436 13437 13438
moead,ns465,7,9,700,14,155150157.573561,35.479683,1.000000,0.000000,6431 6432 6433 6499 6567 6633 7599 7600 7668 7735 7736 7737 7803 7804 7805 7871 7872 7873 7874 7941 7942 7944 7946 8011 8012 8013 8014 8015 8016 8081 8082 8083 8084 8085 8087 8153 8154 8155 8156 8157 8224 8225 8226 8227 8228 8229 8231 8297 8298 8299 8300 8301 8302 8368 8369 8370 8371 8372 8373 8374 8375 8447 8448 8451 8527 8528 8529 8530 8607 8608 8609 8692 8693 8694 8695 8780 13436 13437 13438
moead,ns465,7,0,750,15,196338373.375976,245.797433,0.000000,1.000000,92 97 182 533 1076 1097 1267 1474 1841 1897 2416 2463 2506 2650 2655 3386 3390 3503 4143 4189 4404 4964 5334 5445 5680 5835 6213 6429 6470 6478 6619 6913 6943 7045 7236 7260 7320 7460 7629 7657 7666 7728 7745 7952 8129 8221 8235 8480 8697 9450 9571 9759 10061 10137 10159 10458 10620 10763 10823 10952 11041 11268 11591 12315 12557 12754 12842 13213 13248 13354 13698 13775 13798 14028 14286 14303 14446 14652 14666
moead,ns465,7,1,750,15,155119005.544159,35.385714,0.111111,0.888889,6431 6432 6433 6499 6567 6633 7599 7600 7668 7735 7736 7737 7803 7804 7805 7871 7872 7873 7874 7941 7942 7944 7946 8011 8012 8013 8014 8015 8016 8081 8082 8083 8084 8085 8087 8153 8154 8155 8156 8157 8224 8225 8226 8227 8228 8229 8231 8297 8298 8299 8300 8301 8302 8368 8369 8370 8371 8372 8373 8374 8375 8447 8448 8451 8527 8528 8529 8530 8607 8608 8609 8610 8692 8693 8694 8695 8780 13437 13438
moead,ns465,7,2,750,15,155119005.544159,35.385714,0.222222,0.777778,6431 6432 6433 6499 6567 6633 7599 7600 7668 7735 7736 7737 7803 7804 7805 7871 7872 7873 7874 7941 7942 7944 7946 8011 8012 8013 8014 8015 8016 8081 8082 8083 8084 8085 8087 8153 8154 8155 8156 8157 8224 8225 8226 8227 8228 8229 8231 8297 8298 8299 8300 8301 8302 8368 8369 8370 8371 8372 8373 8374 8375 8447 8448 8451 8527 8528 8529 8530 8607 8608 8609 8610 8692 8693 8694 8695 8780 13437 13438
moead,ns465,7,3,750,15,155119005.544159,35.385714,0.333333,0.666667,6431 6432 6433 6499 6567 6633 7599 7600 7668 7735 7736 7737 7803 7804 7805 7871 7872 7873 7874 7941 7942 7944 7946 8011 8012 8013 8014 8015 8016 8081 8082 8083 8084 8085 8087 8153 8154 8155 8156 8157 8224 8225 8226 8227 8228 8229 8231 8297 8298 8299 8300 8301 8302 8368 8369 8370 8371 8372 8373 8374 8375 8447 8448 8451 8527 8528 8529 8530 8607 8608 8609 8610 8692 8693 8694 8695 8780 13437 13438
moead,ns465,7,4,750,15,155119005.544159,35.385714,0.444444,0.555556,6431 6432 6433 6499 6567 6633 7599 7600 7668 7735 7736 7737 7803 7804 7805 7871 7872 7873 7874 7941 7942 7944 7946 8011 8012 8013 8014 8015 8016 8081 8082 8083 8084 8085 8087 8153 8154 8155 8156 8157 8224 8225 8226 8227 8228 8229 8231 8297 8298 8299 8300 8301 8302 8368 8369 8370 8371 8372 8373 8374 8375 8447 8448 8451 8527 8528 8529 8530 8607 8608 8609 8610 8692 8693 8694 8695 8780 13437 13438
moead,ns465,7,5,750,15,155119005.544159,35.385714,0.555556,0.444444,6431 6432 6433 6499 6567 6633 7599 7600 7668 7735 7736 7737 7803 7804 7805 7871 7872 7873 7874 7941 7942 7944 7946 8011 8012 8013 8014 8015 8016 8081 8082 8083 8084 8085 8087 8153 8154 8155 8156 8157 8224 8225 8226 8227 8228 8229 8231 8297 8298 8299 8300 8301 8302 8368 8369 8370 8371 8372 8373 8374 8375 8447 8448 8451 8527 8528 8529 8530 8607 8608 8609 8610 8692 8693 8694 8695 8780 13437 13438
moead,ns465,7,6,750,15,155119005.544159,35.385714,0.666667,0.333333,6431 6432 6433 6499 6567 6633 7599 7600 7668 7735 7736 7737 7803 7804 7805 7871 7872 7873 7874 7941 7942 7944 7946 8011 8012 8013 8014 8015 8016 8081 8082 8083 8084 8085 8087 8153 8154 8155 8156 8157 8224 8225 8226 8227 8228 8229 8231 8297 8298 8299 8300 8301 8302 8368 8369 8370 8371 8372 8373 8374 8375 8447 8448 8451 8527 8528 8529 8530 8607 8608 8609 8610 8692 8693 8694 8695 8780 13437 13438
moead,ns465,7,7,750,15,155119005.544159,35.385714,0.777778,0.222222,6431 6432 6433 6499 6567 6633 7599 7600 7668 7735 7736 7737 7803 7804 7805 7871 7872 7873 7874 7941 7942 7944 7946 8011 8012 8013 8014 8015 8016 8081 8082 8083 8084 8085 8087 8153 8154 8155 8156 8157 8224 8225 8226 8227 8228 8229 8231 8297 8298 8299 8300 8301 8302 8368 8369 8370 8371 8372 8373 8374 8375 8447 8448 8451 8527 8528 8529 8530 8607 8608 8609 8610 8692 8693 8694 8695 8780 13437 13438
moead,ns465,7,8,750,15,155119005.544159,35.385714,0.888889,0.111111,6431 6432 6433 6499 6567 6633 7599 7600 7668 7735 7736 7737 7803 7804 7805 7871 7872 7873 7874 7941 7942 7944 7946 8011 8012 8013 8014 8015 8016 8081 8082 8083 8084 8085 8087 8153 8154 8155 8156 8157 8224 8225 8226 8227 8228 8229 8231 8297 8298 8299 8300 8301 8302 8368 8369 8370 8371 8372 8373 8374 8375 8447 8448 8451 8527 8528 8529 8530 8607 8608 8609 8610 8692 8693 8694 8695 8780 13437 13438
moead,ns465,7,9,750,15,155119005.544159,35.385714,1.000000,0.000000,6431 6432 6433 6499 6567 6633 7599 7600 7668 7735 7736 7737 7803 7804 7805 7871 7872 7873 7874 7941 7942 7944 7946 8011 8012 8013 8014 8015 8016 8081 8082 8083 8084 8085 8087 8153 8154 8155 8156 8157 8224 8225 8226 8227 8228 8229 8231 8297 8298 8299 8300 8301 8302 8368 8369 8370 8371 8372 8373 8374 8375 8447 8448 8451 8527 8528 8529 8530 8607 8608 8609 8610 8692 8693 8694 8695 8780 13437 13438
moead,ns465,7,0,800,16,195697623.381777,246.316602,0.000000,1.000000,92 97 182 533 1076 1097 1267 1474 1841 1897 2416 2463 2506 2650 2655 3386 3390 3503 4143 4404 4964 5334 5445 5680 5835 6213 6429 6470 6478 6619 6913 6943 7045 7236 7260 7320 7460 7629 7657 7666 7728 7745 7952 8129 8221 8235 8480 8697 9326 9450 9571 9759 10061 10137 10159 10458 10696 10763 10823 10952 11041 11268 11591 12283 12315 12557 12754 12842 13213 13354 13698 13775 13798 14028 14286 14303 14446 14652 14666
moead,ns465,7,1,800,16,155084245.850246,37.832232,0.111111,0.888889,6431 6432 6433 6499 6567 6633 7599 7600 7668 7736 7737 7803 7804 7805 7871 7872 7873 7874 7941 7942 7943 7944 7946 8011 8012 8013 8014 8015 8016 8081 8082 8083 8084 8085 8087 8153 8154 8155 8156 8157 8224 8225 8226 8227 8228 8229 8231 8297 8298 8299 8300 8301 8302 8303 8369 8370 8371 8372 8373 8374 8375 8447 8448 8451 8527 8528 8529 8530 8607 8608 8609 8610 8692 8693 8694 8695 8780 13437 13438
moead,ns465,7,2,800,16,155084245.850246,37.832232,0.222222,0.777778,6431 6432 6433 6499 6567 6633 7599 7600 7668 7736 7737 7803 7804 7805 7871 7872 7873 7874 7941 7942 7943 7944 7946 8011 8012 8013 8014 8015 8016 8081 8082 8083 8084 8085 8087 8153 8154 8155 8156 8157 8224 8225 8226 8227 8228 8229 8231 8297 8298 8299 8300 8301 8302 8303 8369 8370 8371 8372 8373 8374 8375 8447 8448 8451 8527 8528 8529 8530 8607 8608 8609 8610 8692 8693 8694 8695 8780 13437 13438
moead,ns465,7,3,800,16,155084245.850246,37.832232,0.333333,0.666667,6431 6432 6433 6499 6567 6633 7599 7600 7668 7736 7737 7803 7804 7805 7871 7872 7873 7874 7941 7942 7943 7944 7946 8011 8012 8013 8014 8015 8016 8081 8082 8083 8084 8085 8087 8153 8154 8155 8156 8157 8224 8225 8226 8227 8228 8229 8231 8297 8298 8299 8300 8301 8302 8303 8369 8370 8371 8372 8373 8374 8375 8447 8448 8451 8527 8528 8529 8530 8607 8608 8609 8610 8692 8693 8694 8695 8780 13437 13438
moead,ns465,7,4,800,16,155084245.850246,37.832232,0.444444,0.555556,6431 6432 6433 6499 6567 6633 7599 7600 7668 7736 7737 7803 7804 7805 7871 7872 7873 7874 7941 7942 7943 7944 7946 8011 8012 8013 8014 8015 8016 8081 8082 8083 8084 8085 8087 8153 8154 8155 8156 8157 8224 8225 8226 8227 8228 8229 8231 8297 8298 8299 8300 8301 8302 8303 8369 8370 8371 8372 8373 8374 8375 8447 8448 8451 8527 8528 8529 8530 8607 8608 8609 8610 8692 8693 8694 8695 8780 13437 13438
moead,ns465,7,5,800,16,155084245.850246,37.832232,0.555556,0.444444,6431 6432 6433 6499 6567 6633 7599 7600 7668 7736 7737 7803 7804 7805 7871 7872 7873 7874 7941 7942 7943 7944 7946 8011 8012 8013 8014 8015 8016 8081 8082 8083 8084 8085 8087 8153 8154 8155 8156 8157 8224 8225 8226 8227 8228 8229 8231 8297 8298 8299 8300 8301 8302 8303 8369 8370 8371 8372 8373 8374 8375 8447 8448 8451 8527 8528 8529 8530 8607 8608 8609 8610 8692 8693 8694 8695 8780 13437 13438
moead,ns465,7,6,800,16,155084245.850246,37.832232,0.666667,0.333333,6431 6432 6433 6499 6567 6633 7599 7600 7668 7736 7737 7803 7804 7805 7871 7872 7873 7874 7941 7942 7943 7944 7946 8011 8012 8013 8014 8015 8016 8081 8082 8083 8084 8085 8087 8153 8154 8155 8156 8157 8224 8225 8226 8227 8228 8229 8231 8297 8298 8299 8300 8301 8302 8303 8369 8370 8371 8372 8373 8374 8375 8447 8448 8451 8527 8528 8529 8530 8607 8608 8609 8610 8692 8693 8694 8695 8780 13437 13438
moead,ns465,7,7,800,16,155084245.850246,37.832232,0.777778,0.222222,6431 6432 6433 6499 6567 6633 7599 7600 7668 7736 7737 7803 7804 7805 7871 7872 7873 7874 7941 7942 7943 7944 7946 8011 8012 8013 8014 8015 8016 8081 8082 8083 8084 8085 8087 8153 8154 8155 8156 8157 8224 8225 8226 8227 8228 8229 8231 8297 8298 8299 8300 8301 8302 8303 8369 8370 8371 8372 8373 8374 8375 8447 8448 8451 8527 8528 8529 8530 8607 8608 8609 8610 8692 8693 8694 8695 8780 13437 13438
moead,ns465,7,8,800,16,155084245.850246,37.832232,0.888889,0.111111,6431 6432 6433 6499 6567 6633 7599 7600 7668 7736 7737 7803 7804 7805 7871 7872 7873 7874 7941 7942 7943 7944 7946 8011 8012 8013 8014 8015 8016 8081 8082 8083 8084 8085 8087 8153 8154 8155 8156 8157 8224 8225 8226 8227 8228 8229 8231 8297 8298 8299 8300 8301 8302 8303 8369 8370 8371 8372 8373 8374 8375 8447 8448 8451 8527 8528 8529 8530 8607 8608 8609 8610 8692 8693 8694 8695 8780 13437 13438
moead,ns465,7,9,800,16,155084245.850246,37.832232,1.000000,0.000000,6431 6432 6433 6499 6567 6633 7599 7600 7668 7736 7737 7803 7804 7805 7871 7872 7873 7874 7941 7942 7943 7944 7946 8011 8012 8013 8014 8015 8016 8081 8082 8083 8084 8085 8087 8153 8154 8155 8156 8157 8224 8225 8226 8227 8228 8229 8231 8297 8298 8299 8300 8301 8302 8303 8369 8370 8371 8372 8373 8374 8375 8447 8448 8451 8527 8528 8529 8530 8607 8608 8609 8610 8692 8693 8694 8695 8780 13437 13438
moead,ns465,7,0,850,17,195370961.831681,246.384786,0.000000,1.000000,92 97 182 533 1076 1097 1267 1474 1897 2215 2416 2463 2506 2518 2650 2655 3386 3390 3503 4143 4404 4964 5334 5445 5680 5835 6213 6429 6470 6478 6619 6913 6943 7045 7236 7260 7320 7460 7629 7657 7666 7728 7745 7952 8129 8221 8235 8480 8697 9326 9450 9571 10061 10137 10159 10458 10696 10763 10823 10952 11041 11268 11591 12283 12315 12557 12754 12842 13213 13354 13698 13775 13798 14028 14286 14303 14446 14652 14666
moead,ns465,7,1,850,17,155037703.432509,40.569363,0.111111,0.888889,6431 6432 6433 6499 6565 6567 7399 7599 7600 7665 7667 7668 7737 7803 7804 7805 7871 7872 7873 7874 7941 7942 7943 7944 7945 7946 8011 8012 8013 8014 8015 8016 8081 8082 8083 8084 8085 8153 8154 8155 8156 8157 8224 8225 8226 8227 8228 8229 8231 8297 8298 8299 8300 8301 8302 8370 8371 8372 8373 8374 8375 8447 8448 8450 8451 8527 8528 8529 8530 8607 8608 8609 8610 8692 8693 8694 8695 13437 13438
moead,ns465,7,2,850,17,155037703.432509,40.569363,0.222222,0.777778,6431 6432 6433 6499 6565 6567 7399 7599 7600 7665 7667 7668 7737 7803 7804 7805 7871 7872 7873 7874 7941 7942 7943 7944 7945 7946 8011 8012 8013 8014 8015 8016 8081 8082 8083 8084 8085 8153 8154 8155 8156 8157 8224 8225 8226 8227 8228 8229 8231 8297 8298 8299 8300 8301 8302 8370 8371 8372 8373 8374 8375 8447 8448 8450 8451 8527 8528 8529 8530 8607 8608 8609 8610 8692 8693 8694 8695 13437 13438
moead,ns465,7,3,850,17,155037703.432509,40.569363,0.333333,0.666667,6431 6432 6433 6499 6565 6567 7399 7599 7600 7665 7667 7668 7737 7803 7804 7805 7871 7872 7873 7874 7941 7942 7943 7944 7945 7946 8011 8012 8013 8014 8015 8016 8081 8082 8083 8084 8085 8153 8154 8155 8156 8157 8224 8225 8226 8227 8228 8229 8231 8297 8298 8299 8300 8301 8302 8370 8371 8372 8373 8374 8375 8447 8448 8450 8451 8527 8528 8529 8530 8607 8608 8609 8610 8692 8693 8694 8695 13437 13438
moead,ns465,7,4,850,17,155037703.432509,40.569363,0.444444,0.555556,6431 6432 6433 6499 6565 6567 7399 7599 7600 7665 7667 7668 7737 7803 7804 7805 7871 7872 7873 7874 7941 7942 7943 7944 7945 7946 8011 8012 8013 8014 8015 8016 8081 8082 8083 8084 8085 8153 8154 8155 8156 8157 8224 8225 8226 8227 8228 8229 8231 8297 8298 8299 8300 8301 8302 8370 8371 8372 8373 8374 8375 8447 8448 8450 8451 8527 8528 8529 8530 8607 8608 8609 8610 8692 8693 8694 8695 13437 13438
moead,ns465,7,5,850,17,155037703.432509,40.569363,0.555556,0.444444,6431 6432 6433 6499 6565 6567 7399 7599 7600 7665 7667 7668 7737 7803 7804 7805 7871 7872 7873 7874 7941 7942 7943 7944 7945 7946 8011 8012 8013 8014 8015 8016 8081 8082 8083 8084 8085 8153 8154 8155 8156 8157 8224 8225 8226 8227 8228 8229 8231 8297 8298 8299 8300 8301 8302 8370 8371 8372 8373 8374 8375 8447 8448 8450 8451 8527 8528 8529 8530 8607 8608 8609 8610 8692 8693 8694 8695 13437 13438
moead,ns465,7,6,850,17,155037703.432509,40.569363,0.666667,0.333333,6431 6432 6433 6499 6565 6567 7399 7599 7600 7665 7667 7668 7737 7803 7804 7805 7871 7872 7873 7874 7941 7942 7943 7944 7945 7946 8011 8012 8013 8014 8015 8016 8081 8082 8083 8084 8085 8153 8154 8155 8156 8157 8224 8225 8226 8227 8228 8229 8231 8297 8298 8299 8300 8301 8302 8370 8371 8372 8373 8374 8375 8447 8448 8450 8451 8527 8528 8529 8530 8607 8608 8609 8610 8692 8693 8694 8695 13437 13438
moead,ns465,7,7,850,17,155037703.432509,40.569363,0.777778,0.222222,6431 6432 6433 6499 6565 6567 7399 7599 7600 7665 7667 7668 7737 7803 7804 7805 7871 7872 7873 7874 7941 7942 7943 7944 7945 7946 8011 8012 8013 8014 8015 8016 8081 8082 8083 8084 8085 8153 8154 8155 8156 8157 8224 8225 8226 8227 8228 8229 8231 8297 8298 8299 8300 8301 8302 8370 8371 8372 8373 8374 8375 8447 8448 8450 8451 8527 8528 8529 8530 8607 8608 8609 8610 8692 8693 8694 8695 13437 13438
moead,ns465,7,8,850,17,155037703.432509,40.569363,0.888889,0.111111,6431 6432 6433 6499 6565 6567 7399 7599 7600 7665 7667 7668 7737 7803 7804 7805 7871 7872 7873 7874 7941 7942 7943 7944 7945 7946 8011 8012 8013 8014 8015 8016 8081 8082 8083 8084 8085 8153 8154 8155 8156 8157 8224 8225 8226 8227 8228 8229 8231 8297 8298 8299 8300 8301 8302 8370 8371 8372 8373 8374 8375 8447 8448 8450 8451 8527 8528 8529 8530 8607 8608 8609 8610 8692 8693 8694 8695 13437 13438
moead,ns465,7,9,850,17,155037703.432509,40.569363,1.000000,0.000000,6431 6432 6433 6499 6565 6567 7399 7599 7600 7665 7667 7668 7737 7803 7804 7805 7871 7872 7873 7874 7941 7942 7943 7944 7945 7946 8011 8012 8013 8014 8015 8016 8081 8082 8083 8084 8085 8153 8154 8155 8156 8157 8224 8225 8226 8227 8228 8229 8231 8297 8298 8299 8300 8301 8302 8370 8371 8372 8373 8374 8375 8447 8448 8450 8451 8527 8528 8529 8530 8607 8608 8609 8610 8692 8693 8694 8695 13437 13438
moead,ns465,7,0,900,18,195804693.715772,247.231068,0.000000,1.000000,92 97 182 435 533 1076 1097 1267 1474 1897 2215 2416 2463 2506 2518 2650 2655 3386 3390 3503 4143 4404 4964 5334 5445 5680 5835 6213 6429 6470 6478 6619 6913 7045 7236 7260 7320 7460 7629 7657 7666 7728 7745 7952 8129 8221 8235 8480 8697 9326 9450 9571 9760 10061 10137 10159 10458 10696 10763 10952 11041 11268 11591 11776 12283 12315 12557 13213 13354 13698 13775 13798 14028 14286 14303 14446 14652 14666 14701
moead,ns465,7,1,900,18,155022695.112886,38.265903,0.111111,0.888889,6431 6432 6433 6499 6565 6567 7399 7599 7600 7665 7667 7668 7737 7803 7804 7805 7871 7872 7873 7874 7941 7942 7943 7944 7945 7946 8011 8012 8013 8014 8015 8016 8081 8082 8083 8084 8085 8153 8154 8155 8156 8157 8224 8225 8226 8227 8228 8229 8231 8297 8298 8299 8300 8301 8302 8370 8371 8372 8373 8374 8375 8447 8448 8450 8451 8526 8527 8528 8529 8530 8607 8608 8609 8610 8693 8694 8695 13437 13438
moead,ns465,7,2,900,18,155022695.112886,38.265903,0.222222,0.777778,6431 6432 6433 6499 6565 6567 7399 7599 7600 7665 7667 7668 7737 7803 7804 7805 7871 7872 7873 7874 7941 7942 7943 7944 7945 7946 8011 8012 8013 8014 8015 8016 8081 8082 8083 8084 8085 8153 8154 8155 8156 8157 8224 8225 8226 8227 8228 8229 8231 8297 8298 8299 8300 8301 8302 8370 8371 8372 8373 8374 8375 8447 8448 8450 8451 8526 8527 8528 8529 8530 8607 8608 8609 8610 8693 8694 8695 13437 13438
moead,ns465,7,3,900,18,155022695.112886,38.265903,0.333333,0.666667,6431 6432 6433 6499 6565 6567 7399 7599 7600 7665 7667 7668 7737 7803 7804 7805 7871 7872 7873 7874 7941 7942 7943 7944 7945 7946 8011 8012 8013 8014 8015 8016 8081 8082 8083 8084 8085 8153 8154 8155 8156 8157 8224 8225 8226 8227 8228 8229 8231 8297 8298 8299 8300 8301 8302 8370 8371 8372 8373 8374 8375 8447 8448 8450 8451 8526 8527 8528 8529 8530 8607 8608 8609 8610 8693 8694 8695 13437 13438
moead,ns465,7,4,900,18,155022695.112886,38.265903,0.444444,0.555556,6431 6432 6433 6499 6565 6567 7399 7599 7600 7665 7667 7668 7737 7803 7804 7805 7871 7872 7873 7874 7941 7942 7943 7944 7945 7946 8011 8012 8013 8014 8015 8016 8081 8082 8083 8084 8085 8153 8154 8155 8156 8157 8224 8225 8226 8227 8228 8229 8231 8297 8298 8299 8300 8301 8302 8370 8371 8372 8373 8374 8375 8447 8448 8450 8451 8526 8527 8528 8529 8530 8607 8608 8609 8610 8693 8694 8695 13437 13438
moead,ns465,7,5,900,18,155022695.112886,38.265903,0.555556,0.444444,6431 6432 6433 6499 6565 6567 7399 7599 7600 7665 7667 7668 7737 7803 7804 7805 7871 7872 7873 7874 7941 7942 7943 7944 7945 7946 8011 8012 8013 8014 8015 8016 8081 8082 8083 8084 8085 8153 8154 8155 8156 8157 8224 8225 8226 8227 8228 8229 8231 8297 8298 8299 8300 8301 8302 8370 8371 8372 8373 8374 8375 8447 8448 8450 8451 8526 8527 8528 8529 8530 8607 8608 8609 8610 8693 8694 8695 13437 13438
moead,ns465,7,6,900,18,155022695.112886,38.265903,0.666667,0.333333,6431 6432 6433 6499 6565 6567 7399 7599 7600 7665 7667 7668 7737 7803 7804 7805 7871 7872 7873 7874 7941 7942 7943 7944 7945 7946 8011 8012 8013 8014 8015 8016 8081 8082 8083 8084 8085 8153 8154 8155 8156 8157 8224 8225 8226 8227 8228 8229 8231 8297 8298 8299 8300 8301 8302 8370 8371 8372 8373 8374 8375 8447 8448 8450 8451 8526 8527 8528 8529 8530 8607 8608 8609 8610 8693 8694 8695 13437 13438
moead,ns465,7,7,900,18,155022695.112886,38.265903,0.777778,0.222222,6431 6432 6433 6499 6565 6567 7399 7599 7600 7665 7667 7668 7737 7803 7804 7805 7871 7872 7873 7874 7941 7942 7943 7944 7945 7946 8011 8012 8013 8014 8015 8016 8081 8082 8083 8084 8085 8153 8154 8155 8156 8157 8224 8225 8226 8227 8228 8229 8231 8297 8298 8299 8300 8301 8302 8370 8371 8372 8373 8374 8375 8447 8448 8450 8451 8526 8527 8528 8529 8530 8607 8608 8609 8610 8693 8694 8695 13437 13438
moead,ns465,7,8,900,18,155022695.112886,38.265903,0.888889,0.111111,6431 6432 6433 6499 6565 6567 7399 7599 7600 7665 7667 7668 7737 7803 7804 7805 7871 7872 7873 7874 7941 7942 7943 7944 7945 7946 8011 8012 8013 8014 8015 8016 8081 8082 8083 8084 8085 8153 8154 8155 8156 8157 8224 8225 8226 8227 8228 8229 8231 8297 8298 8299 8300 8301 8302 8370 8371 8372 8373 8374 8375 8447 8448 8450 8451 8526 8527 8528 8529 8530 8607 8608 8609 8610 8693 8694 8695 13437 13438
moead,ns465,7,9,900,18,155022695.112886,38.265903,1.000000,0.000000,6431 6432 6433 6499 6565 6567 7399 7599 7600 7665 7667 7668 7737 7803 7804 7805 7871 7872 7873 7874 7941 7942 7943 7944 7945 7946 8011 8012 8013 8014 8015 8016 8081 8082 8083 8084 8085 8153 8154 8155 8156 8157 8224 8225 8226 8227 8228 8229 8231 8297 8298 8299 8300 8301 8302 8370 8371 8372 8373 8374 8375 8447 8448 8450 8451 8526 8527 8528 8529 8530 8607 8608 8609 8610 8693 8694 8695 13437 13438
moead,ns465,7,0,950,19,195804693.715772,247.231068,0.000000,1.000000,92 97 182 435 533 1076 1097 1267 1474 1897 2215 2416 2463 2506 2518 2650 2655 3386 3390 3503 4143 4404 4964 5334 5445 5680 5835 6213 6429 6470 6478 6619 6913 7045 7236 7260 7320 7460 7629 7657 7666 7728 7745 7952 8129 8221 8235 8480 8697 9326 9450 9571 9760 10061 10137 10159 10458 10696 10763 10952 11041 11268 11591 11776 12283 12315 12557 13213 13354 13698 13775 13798 14028 14286 14303 14446 14652 14666 14701
moead,ns465,7,1,950,19,154986242.807080,34.922155,0.111111,0.888889,6431 6432 6433 6499 6565 6567 7600 7665 7667 7668 7737 7803 7804 7805 7871 7872 7873 7874 7941 7942 7943 7944 7945 7946 8011 8012 8013 8014 8015 8016 8081 8082 8083 8084 8085 8153 8154 8155 8156 8157 8224 8225 8226 8227 8228 8229 8231 8296 8297 8298 8299 8300 8301 8302 8369 8370 8371 8372 8373 8374 8375 8447 8448 8450 8451 8526 8527 8528 8529 8530 8607 8608 8609 8610 8693 8694 8695 13437 13438
moead,ns465,7,2,950,19,154986242.807080,34.922155,0.222222,0.777778,6431 6432 6433 6499 6565 6567 7600 7665 7667 7668 7737 7803 7804 7805 7871 7872 7873 7874 7941 7942 7943 7944 7945 7946 8011 8012 8013 8014 8015 8016 8081 8082 8083 8084 8085 8153 8154 8155 8156 8157 8224 8225 8226 8227 8228 8229 8231 8296 8297 8298 8299 8300 8301 8302 8369 8370 8371 8372 8373 8374 8375 8447 8448 8450 8451 8526 8527 8528 8529 8530 8607 8608 8609 8610 8693 8694 8695 13437 13438
moead,ns465,7,3,950,19,154986242.807080,34.922155,0.333333,0.666667,6431 6432 6433 6499 6565 6567 7600 7665 7667 7668 7737 7803 7804 7805 7871 7872 7873 7874 7941 7942 7943 7944 7945 7946 8011 8012 8013 8014 8015 8016 8081 8082 8083 8084 8085 8153 8154 8155 8156 8157 8224 8225 8226 8227 8228 8229 8231 8296 8297 8298 8299 8300 8301 8302 8369 8370 8371 8372 8373 8374 8375 8447 8448 8450 8451 8526 8527 8528 8529 8530 8607 8608 8609 8610 8693 8694 8695 13437 13438
moead,ns465,7,4,950,19,154986242.807080,34.922155,0.444444,0.555556,6431 6432 6433 6499 6565 6567 7600 7665 7667 7668 7737 7803 7804 7805 7871 7872 7873 7874 7941 7942 7943 7944 7945 7946 8011 8012 8013 8014 8015 8016 8081 8082 8083 8084 8085 8153 8154 8155 8156 8157 8224 8225 8226 8227 8228 8229 8231 8296 8297 8298 8299 8300 8301 8302 8369 8370 8371 8372 8373 8374 8375 8447 8448 8450 8451 8526 8527 8528 8529 8530 8607 8608 8609 8610 8693 8694 8695 13437 13438
moead,ns465,7,5,950,19,154986242.807080,34.922155,0.555556,0.444444,6431 6432 6433 6499 6565 6567 7600 7665 7667 7668 7737 7803 7804 7805 7871 7872 7873 7874 7941 7942 7943 7944 7945 7946 8011 8012 8013 8014 8015 8016 8081 8082 8083 8084 8085 8153 8154 8155 8156 8157 8224 8225 8226 8227 8228 8229 8231 8296 8297 8298 8299 8300 8301 8302 8369 8370 8371 8372 8373 8374 8375 8447 8448 8450 8451 8526 8527 8528 8529 8530 8607 8608 8609 8610 8693 8694 8695 13437 13438
moead,ns465,7,6,950,19,154986242.807080,34.922155,0.666667,0.333333,6431 6432 6433 6499 6565 6567 7600 7665 7667 7668 7737 7803 7804 7805 7871 7872 7873 7874 7941 7942 7943 7944 7945 7946 8011 8012 8013 8014 8015 8016 8081 8082 8083 8084 8085 8153 8154 8155 8156 8157 8224 8225 8226 8227 8228 8229 8231 8296 8297 8298 8299 8300 8301 8302 8369 8370 8371 8372 8373 8374 8375 8447 8448 8450 8451 8526 8527 8528 8529 8530 8607 8608 8609 8610 8693 8694 8695 13437 13438
moead,ns465,7,7,950,19,154986242.807080,34.922155,0.777778,0.222222,6431 6432 6433 6499 6565 6567 7600 7665 7667 7668 7737 7803 7804 7805 7871 7872 7873 7874 7941 7942 7943 7944 7945 7946 8011 8012 8013 8014 8015 8016 8081 8082 8083 8084 8085 8153 8154 8155 8156 8157 8224 8225 8226 8227 8228 8229 8231 8296 8297 8298 8299 8300 8301 8302 8369 8370 8371 8372 8373 8374 8375 8447 8448 8450 8451 8526 8527 8528 8529 8530 8607 8608 8609 8610 8693 8694 8695 13437 13438
moead,ns465,7,8,950,19,154986242.807080,34.922155,0.888889,0.111111,6431 6432 6433 6499 6565 6567 7600 7665 7667 7668 7737 7803 7804 7805 7871 7872 7873 7874 7941 7942 7943 7944 7945 7946 8011 8012 8013 8014 8015 8016 8081 8082 8083 8084 8085 8153 8154 8155 8156 8157 8224 8225 8226 8227 8228 8229 8231 8296 8297 8298 8299 8300 8301 8302 8369 8370 8371 8372 8373 8374 8375 8447 8448 8450 8451 8526 8527 8528 8529 8530 8607 8608 8609 8610 8693 8694 8695 13437 13438
moead,ns465,7,9,950,19,154986242.807080,34.922155,1.000000,0.000000,6431 6432 6433 6499 6565 6567 7600 7665 7667 7668 7737 7803 7804 7805 7871 7872 7873 7874 7941 7942 7943 7944 7945 7946 8011 8012 8013 8014 8015 8016 8081 8082 8083 8084 8085 8153 8154 8155 8156 8157 8224 8225 8226 8227 8228 8229 8231 8296 8297 8298 8299 8300 8301 8302 8369 8370 8371 8372 8373 8374 8375 8447 8448 8450 8451 8526 8527 8528 8529 8530 8607 8608 8609 8610 8693 8694 8695 13437 13438
moead,ns465,7,0,1000,20,195804693.715772,247.231068,0.000000,1.000000,92 97 182 435 533 1076 1097 1267 1474 1897 2215 2416 2463 2506 2518 2650 2655 3386 3390 3503 4143 4404 4964 5334 5445 5680 5835 6213 6429 6470 6478 6619 6913 7045 7236 7260 7320 7460 7629 7657 7666 7728 7745 7952 8129 8221 8235 8480 8697 9326 9450 9571 9760 10061 10137 10159 10458 10696 10763 10952 11041 11268 11591 11776 12283 12315 12557 13213 13354 13698 13775 13798 14028 14286 14303 14446 14652 14666 14701
moead,ns465,7,1,1000,20,154961750.170064,37.303115,0.111111,0.888889,6431 6432 6433 6499 6565 6567 7600 7665 7667 7668 7737 7803 7804 7805 7871 7872 7873 7874 7941 7942 7943 7944 7945 7946 8011 8012 8013 8014 8015 8016 8081 8082 8083 8084 8085 8153 8154 8155 8156 8157 8224 8225 8226 8227 8228 8229 8231 8296 8297 8298 8299 8300 8301 8302 8369 8370 8371 8372 8373 8374 8375 8447 8448 8449 8450 8451 8526 8527 8528 8529 8530 8608 8609 8610 8693 8694 8695 13437 13438
moead,ns465,7,2,1000,20,154961750.170064,37.303115,0.222222,0.777778,6431 6432 6433 6499 6565 6567 7600 7665 7667 7668 7737 7803 7804 7805 7871 7872 7873 7874 7941 7942 7943 7944 7945 7946 8011 8012 8013 8014 8015 8016 8081 8082 8083 8084 8085 8153 8154 8155 8156 8157 8224 8225 8226 8227 8228 8229 8231 8296 8297 8298 8299 8300 8301 8302 8369 8370 8371 8372 8373 8374 8375 8447 8448 8449 8450 8451 8526 8527 8528 8529 8530 8608 8609 8610 8693 8694 8695 13437 13438
moead,ns465,7,3,1000,20,154961750.170064,37.303115,0.333333,0.666667,6431 6432 6433 6499 6565 6567 7600 7665 7667 7668 7737 7803 7804 7805 7871 7872 7873 7874 7941 7942 7943 7944 7945 7946 8011 8012 8013 8014 8015 8016 8081 8082 8083 8084 8085 8153 8154 8155 8156 8157 8224 8225 8226 8227 8228 8229 8231 8296 8297 8298 8299 8300 8301 8302 8369 8370 8371 8372 8373 8374 8375 8447 8448 8449 8450 8451 8526 8527 8528 8529 8530 8608 8609 8610 8693 8694 8695 13437 13438
moead,ns465,7,4,1000,20,154961750.170064,37.303115,0.444444,0.555556,6431 6432 6433 6499 6565 6567 7600 7665 7667 7668 7737 7803 7804 7805 7871 7872 7873 7874 7941 7942 7943 7944 7945 7946 8011 8012 8013 8014 8015 8016 8081 8082 8083 8084 8085 8153 8154 8155 8156 8157 8224 8225 8226 8227 8228 8229 8231 8296 8297 8298 8299 8300 8301 8302 8369 8370 8371 8372 8373 8374 8375 8447 8448 8449 8450 8451 8526 8527 8528 8529 8530 8608 8609 8610 8693 8694 8695 13437 13438
moead,ns465,7,5,1000,20,154961750.170064,37.303115,0.555556,0.444444,6431 6432 6433 6499 6565 6567 7600 7665 7667 7668 7737 7803 7804 7805 7871 7872 7873 7874 7941 7942 7943 7944 7945 7946 8011 8012 8013 8014 8015 8016 8081 8082 8083 8084 8085 8153 8154 8155 8156 8157 8224 8225 8226 8227 8228 8229 8231 8296 8297 8298 8299 8300 8301 8302 8369 8370 8371 8372 8373 8374 8375 8447 8448 8449 8450 8451 8526 8527 8528 8529 8530 8608 8609 8610 8693 8694 8695 13437 13438
moead,ns465,7,6,1000,20,154961750.170064,37.303115,0.666667,0.333333,6431 6432 6433 6499 6565 6567 7600 7665 7667 7668 7737 7803 7804 7805 7871 7872 7873 7874 7941 7942 7943 7944 7945 7946 8011 8012 8013 8014 8015 8016 8081 8082 8083 8084 8085 8153 8154 8155 8156 8157 8224 8225 8226 8227 8228 8229 8231 8296 8297 8298 8299 8300 8301 8302 8369 8370 8371 8372 8373 8374 8375 8447 8448 8449 8450 8451 8526 8527 8528 8529 8530 8608 8609 8610 8693 8694 8695 13437 13438
moead,ns465,7,7,1000,20,154961750.170064,37.303115,0.777778,0.222222,6431 6432 6433 6499 6565 6567 7600 7665 7667 7668 7737 7803 7804 7805 7871 7872 7873 7874 7941 7942 7943 7944 7945 7946 8011 8012 8013 8014 8015 8016 8081 8082 8083 8084 8085 8153 8154 8155 8156 8157 8224 8225 8226 8227 8228 8229 8231 8296 8297 8298 8299 8300 8301 8302 8369 8370 8371 8372 8373 8374 8375 8447 8448 8449 8450 8451 8526 8527 8528 8529 8530 8608 8609 8610 8693 8694 8695 13437 13438
moead,ns465,7,8,1000,20,154961750.170064,37.303115,0.888889,0.111111,6431 6432 6433 6499 6565 6567 7600 7665 7667 7668 7737 7803 7804 7805 7871 7872 7873 7874 7941 7942 7943 7944 7945 7946 8011 8012 8013 8014 8015 8016 8081 8082 8083 8084 8085 8153 8154 8155 8156 8157 8224 8225 8226 8227 8228 8229 8231 8296 8297 8298 8299 8300 8301 8302 8369 8370 8371 8372 8373 8374 8375 8447 8448 8449 8450 8451 8526 8527 8528 8529 8530 8608 8609 8610 8693 8694 8695 13437 13438
moead,ns465,7,9,1000,20,154961750.170064,37.303115,1.000000,0.000000,6431 6432 6433 6499 6565 6567 7600 7665 7667 7668 7737 7803 7804 7805 7871 7872 7873 7874 7941 7942 7943 7944 7945 7946 8011 8012 8013 8014 8015 8016 8081 8082 8083 8084 8085 8153 8154 8155 8156 8157 8224 8225 8226 8227 8228 8229 8231 8296 8297 8298 8299 8300 8301 8302 8369 8370 8371 8372 8373 8374 8375 8447 8448 8449 8450 8451 8526 8527 8528 8529 8530 8608 8609 8610 8693 8694 8695 13437 13438
moead,ns465,7,0,1050,21,195804693.715772,247.231068,0.000000,1.000000,92 97 182 435 533 1076 1097 1267 1474 1897 2215 2416 2463 2506 2518 2650 2655 3386 3390 3503 4143 4404 4964 5334 5445 5680 5835 6213 6429 6470 6478 6619 6913 7045 7236 7260 7320 7460 7629 7657 7666 7728 7745 7952 8129 8221 8235 8480 8697 9326 9450 9571 9760 10061 10137 10159 10458 10696 10763 10952 11041 11268 11591 11776 12283 12315 12557 13213 13354 13698 13775 13798 14028 14286 14303 14446 14652 14666 14701
moead,ns465,7,1,1050,21,154944592.000130,35.000145,0.111111,0.888889,6432 6433 6499 6565 6567 7600 7665 7667 7668 7737 7803 7804 7805 7871 7872 7873 7874 7941 7942 7943 7944 7945 7946 8011 8012 8013 8014 8015 8016 8081 8082 8083 8084 8085 8153 8154 8155 8156 8157 8225 8226 8227 8228 8229 8231 8296 8297 8298 8299 8300 8301 8302 8369 8370 8371 8372 8373 8374 8375 8447 8448 8449 8450 8451 8525 8526 8527 8528 8529 8530 8607 8608 8609 8610 8693 8694 8781 13437 13438
moead,ns465,7,2,1050,21,154944592.000130,35.000145,0.222222,0.777778,6432 6433 6499 6565 6567 7600 7665 7667 7668 7737 7803 7804 7805 7871 7872 7873 7874 7941 7942 7943 7944 7945 7946 8011 8012 8013 8014 8015 8016 8081 8082 8083 8084 8085 8153 8154 8155 8156 8157 8225 8226 8227 8228 8229 8231 8296 8297 8298 8299 8300 8301 8302 8369 8370 8371 8372 8373 8374 8375 8447 8448 8449 8450 8451 8525 8526 8527 8528 8529 8530 8607 8608 8609 8610 8693 8694 8781 13437 13438
moead,ns465,7,3,1050,21,154944592.000130,35.000145,0.333333,0.666667,6432 6433 6499 6565 6567 7600 7665 7667 7668 7737 7803 7804 7805 7871 7872 7873 7874 7941 7942 7943 7944 7945 7946 8011 8012 8013 8014 8015 8016 8081 8082 8083 8084 8085 8153 8154 8155 8156 8157 8225 8226 8227 8228 8229 8231 8296 8297 8298 8299 8300 8301 8302 8369 8370 8371 8372 8373 8374 8375 8447 8448 8449 8450 8451 8525 8526 8527 8528 8529 8530 8607 8608 8609 8610 8693 8694 8781 13437 13438
moead,ns465,7,4,1050,21,154944592.000130,35.000145,0.444444,0.555556,6432 6433 6499 6565 6567 7600 7665 7667 7668 7737 7803 7804 7805 7871 7872 7873 7874 7941 7942 7943 7944 7945 7946 8011 8012 8013 8014 8015 8016 8081 8082 8083 8084 8085 8153 8154 8155 8156 8157 8225 8226 8227 8228 8229 8231 8296 8297 8298 8299 8300 8301 8302 8369 8370 8371 8372 8373 8374 8375 8447 8448 8449 8450 8451 8525 8526 8527 8528 8529 8530 8607 8608 8609 8610 8693 8694 8781 13437 13438
moead,ns465,7,5,1050,21,154944592.000130,35.000145,0.555556,0.444444,6432 6433 6499 6565 6567 7600 7665 7667 7668 7737 7803 7804 7805 7871 7872 7873 7874 7941 7942 7943 7944 7945 7946 8011 8012 8013 8014 8015 8016 8081 8082 8083 8084 8085 8153 8154 8155 8156 8157 8225 8226 8227 8228 8229 8231 8296 8297 8298 8299 8300 8301 8302 8369 8370 8371 8372 8373 8374 8375 8447 8448 8449 8450 8451 8525 8526 8527 8528 8529 8530 8607 8608 8609 8610 8693 8694 8781 13437 13438
moead,ns465,7,6,1050,21,154944592.000130,35.000145,0.666667,0.333333,6432 6433 6499 6565 6567 7600 7665 7667 7668 7737 7803 7804 7805 7871 7872 7873 7874 7941 7942 7943 7944 7945 7946 8011 8012 8013 8014 8015 8016 8081 8082 8083 8084 8085 8153 8154 8155 8156 8157 8225 8226 8227 8228 8229 8231 8296 8297 8298 8299 8300 8301 8302 8369 8370 8371 8372 8373 8374 8375 8447 8448 8449 8450 8451 8525 8526 8527 8528 8529 8530 8607 8608 8609 8610 8693 8694 8781 13437 13438
moead,ns465,7,7,1050,21,154944592.000130,35.000145,0.777778,0.222222,6432 6433 6499 6565 6567 7600 7665 7667 7668 7737 7803 7804 7805 7871 7872 7873 7874 7941 7942 7943 7944 7945 7946 8011 8012 8013 8014 8015 8016 8081 8082 8083 8084 8085 8153 8154 8155 8156 8157 8225 8226 8227 8228 8229 8231 8296 8297 8298 8299 8300 8301 8302 8369 8370 8371 8372 8373 8374 8375 8447 8448 8449 8450 8451 8525 8526 8527 8528 8529 8530 8607 8608 8609 8610 8693 8694 8781 13437 13438
moead,ns465,7,8,1050,21,154944592.000130,35.000145,0.888889,0.111111,6432 6433 6499 6565 6567 7600 7665 7667 7668 7737 7803 7804 7805 7871 7872 7873 7874 7941 7942 7943 7944 7945 7946 8011 8012 8013 8014 8015 8016 8081 8082 8083 8084 8085 8153 8154 8155 8156 8157 8225 8226 8227 8228 8229 8231 8296 8297 8298 8299 8300 8301 8302 8369 8370 8371 8372 8373 8374 8375 8447 8448 8449 8450 8451 8525 8526 8527 8528 8529 8530 8607 8608 8609 8610 8693 8694 8781 13437 13438
moead,ns465,7,9,1050,21,154944592.000130,35.000145,1.000000,0.000000,6432 6433 6499 6565 6567 7600 7665 7667 7668 7737 7803 7804 7805 7871 7872 7873 7874 7941 7942 7943 7944 7945 7946 8011 8012 8013 8014 8015 8016 8081 8082 8083 8084 8085 8153 8154 8155 8156 8157 8225 8226 8227 8228 8229 8231 8296 8297 8298 8299 8300 8301 8302 8369 8370 8371 8372 8373 8374 8375 8447 8448 8449 8450 8451 8525 8526 8527 8528 8529 8530 8607 8608 8609 8610 8693 8694 8781 13437 13438
moead,ns465,7,0,1100,22,196156255.801351,247.372235,0.000000,1.000000,92 97 182 435 533 1076 1097 1267 1474 1897 2215 2416 2463 2506 2518 2650 2655 3386 3390 3503 4143 4404 4964 5334 5445 5680 5835 6213 6429 6470 6478 6619 6913 7045 7236 7260 7320 7460 7657 7666 7728 7745 7952 8129 8221 8235 8480 8697 9326 9450 9571 9760 10061 10137 10159 10458 10696 10763 10952 11041 11268 11591 11776 12283 12315 12557 13213 13354 13698 13775 13798 14028 14286 14303 14446 14594 14652 14666 14701
moead,ns465,7,1,1100,22,154944592.000131,35.000145,0.111111,0.888889,6432 6433 6499 6565 6567 7600 7665 7667 7668 7737 7803 7804 7805 7871 7872 7873 7874 7941 7942 7943 7944 7945 7946 8011 8012 8013 8014 8015 8016 8081 8082 8083 8084 8085 8153 8154 8155 8156 8157 8225 8226 8227 8228 8229 8231 8296 8297 8298 8299 8300 8301 8302 8369 8370 8371 8372 8373 8374 8375 8447 8448 8449 8450 8451 8525 8526 8527 8528 8529 8530 8607 8608 8609 8610 8693 8694 8781 13437 13438
moead,ns465,7,2,1100,22,154944592.000131,35.000145,0.222222,0.777778,6432 6433 6499 6565 6567 7600 7665 7667 7668 7737 7803 7804 7805 7871 7872 7873 7874 7941 7942 7943 7944 7945 7946 8011 8012 8013 8014 8015 8016 8081 8082 8083 8084 8085 8153 8154 8155 8156 8157 8225 8226 8227 8228 8229 8231 8296 8297 8298 8299 8300 8301 8302 8369 8370 8371 8372 8373 8374 8375 8447 8448 8449 8450 8451 8525 8526 8527 8528 8529 8530 8607 8608 8609 8610 8693 8694 8781 13437 13438
moead,ns465,7,3,1100,22,154944592.000131,35.000145,0.333333,0.666667,6432 6433 6499 6565 6567 7600 7665 7667 7668 7737 7803 7804 7805 7871 7872 7873 7874 7941 7942 7943 7944 7945 7946 8011 8012 8013 8014 8015 8016 8081 8082 8083 8084 8085 8153 8154 8155 8156 8157 8225 8226 8227 8228 8229 8231 8296 8297 8298 8299 8300 8301 8302 8369 8370 8371 8372 8373 8374 8375 8447 8448 8449 8450 8451 8525 8526 8527 8528 8529 8530 8607 8608 8609 8610 8693 8694 8781 13437 13438
moead,ns465,7,4,1100,22,154944592.000131,35.000145,0.444444,0.555556,6432 6433 6499 6565 6567 7600 7665 7667 7668 7737 7803 7804 7805 7871 7872 7873 7874 7941 7942 7943 7944 7945 7946 8011 8012 8013 8014 8015 8016 8081 8082 8083 8084 8085 8153 8154 8155 8156 8157 8225 8226 8227 8228 8229 8231 8296 8297 8298 8299 8300 8301 8302 8369 8370 8371 8372 8373 8374 8375 8447 8448 8449 8450 8451 8525 8526 8527 8528 8529 8530 8607 8608 8609 8610 8693 8694 8781 13437 13438
moead,ns465,7,5,1100,22,154944592.000131,35.000145,0.555556,0.444444,6432 6433 6499 6565 6567 7600 7665 7667 7668 7737 7803 7804 7805 7871 7872 7873 7874 7941 7942 7943 7944 7945 7946 8011 8012 8013 8014 8015 8016 8081 8082 8083 8084 8085 8153 8154 8155 8156 8157 8225 8226 8227 8228 8229 8231 8296 8297 8298 8299 8300 8301 8302 8369 8370 8371 8372 8373 8374 8375 8447 8448 8449 8450 8451 8525 8526 8527 8528 8529 8530 8607 8608 8609 8610 8693 8694 8781 13437 13438
moead,ns465,7,6,1100,22,154944592.000131,35.000145,0.666667,0.333333,6432 6433 6499 6565 6567 7600 7665 7667 7668 7737 7803 7804 7805 7871 7872 7873 7874 7941 7942 7943 7944 7945 7946 8011 8012 8013 8014 8015 8016 8081 8082 8083 8084 8085 8153 8154 8155 8156 8157 8225 8226 8227 8228 8229 8231 8296 8297 8298 8299 8300 8301 8302 8369 8370 8371 8372 8373 8374 8375 8447 8448 8449 8450 8451 8525 8526 8527 8528 8529 8530 8607 8608 8609 8610 8693 8694 8781 13437 13438
moead,ns465,7,7,1100,22,154944592.000131,35.000145,0.777778,0.222222,6432 6433 6499 6565 6567 7600 7665 7667 7668 7737 7803 7804 7805 7871 7872 7873 7874 7941 7942 7943 7944 7945 7946 8011 8012 8013 8014 8015 8016 8081 8082 8083 8084 8085 8153 8154 8155 8156 8157 8225 8226 8227 8228 8229 8231 8296 8297 8298 8299 8300 8301 8302 8369 8370 8371 8372 8373 8374 8375 8447 8448 8449 8450 8451 8525 8526 8527 8528 8529 8530 8607 8608 8609 8610 8693 8694 8781 13437 13438
moead,ns465,7,8,1100,22,154944592.000131,35.000145,0.888889,0.111111,6432 6433 6499 6565 6567 7600 7665 7667 7668 7737 7803 7804 7805 7871 7872 7873 7874 7941 7942 7943 7944 7945 7946 8011 8012 8013 8014 8015 8016 8081 8082 8083 8084 8085 8153 8154 8155 8156 8157 8225 8226 8227 8228 8229 8231 8296 8297 8298 8299 8300 8301 8302 8369 8370 8371 8372 8373 8374 8375 8447 8448 8449 8450 8451 8525 8526 8527 8528 8529 8530 8607 8608 8609 8610 8693 8694 8781 13437 13438
moead,ns465,7,9,1100,22,154944592.000130,35.000145,1.000000,0.000000,6432 6433 6499 6565 6567 7600 7665 7667 7668 7737 7803 7804 7805 7871 7872 7873 7874 7941 7942 7943 7944 7945 7946 8011 8012 8013 8014 8015 8016 8081 8082 8083 8084 8085 8153 8154 8155 8156 8157 8225 8226 8227 8228 8229 8231 8296 8297 8298 8299 8300 8301 8302 8369 8370 8371 8372 8373 8374 8375 8447 8448 8449 8450 8451 8525 8526 8527 8528 8529 8530 8607 8608 8609 8610 8693 8694 8781 13437 13438
moead,ns465,7,0,1150,23,195793318.923271,247.511222,0.000000,1.000000,92 97 182 435 533 1076 1097 1267 1474 1897 2215 2416 2463 2506 2518 2650 2655 3386 3390 3503 4143 4404 4964 5334 5445 5680 5835 6213 6240 6429 6470 6478 6619 6913 7045 7236 7260 7320 7460 7657 7666 7728 7745 7952 8129 8221 8235 8480 8697 9326 9450 9571 9760 10061 10137 10159 10458 10696 10763 10952 11041 11268 11591 11776 12283 12315 12557 13213 13354 13698 13775 13798 14028 14286 14446 14594 14652 14666 14701
moead,ns465,7,1,1150,23,154944592.000130,35.000145,0.111111,0.888889,6432 6433 6499 6565 6567 7600 7665 7667 7668 7737 7803 7804 7805 7871 7872 7873 7874 7941 7942 7943 7944 7945 7946 8011 8012 8013 8014 8015 8016 8081 8082 8083 8084 8085 8153 8154 8155 8156 8157 8225 8226 8227 8228 8229 8231 8296 8297 8298 8299 8300 8301 8302 8369 8370 8371 8372 8373 8374 8375 8447 8448 8449 8450 8451 8525 8526 8527 8528 8529 8530 8607 8608 8609 8610 8693 8694 8781 13437 13438
moead,ns465,7,2,1150,23,154944592.000130,35.000145,0.222222,0.777778,6432 6433 6499 6565 6567 7600 7665 7667 7668 7737 7803 7804 7805 7871 7872 7873 7874 7941 7942 7943 7944 7945 7946 8011 8012 8013 8014 8015 8016 8081 8082 8083 8084 8085 8153 8154 8155 8156 8157 8225 8226 8227 8228 8229 8231 8296 8297 8298 8299 8300 8301 8302 8369 8370 8371 8372 8373 8374 8375 8447 8448 8449 8450 8451 8525 8526 8527 8528 8529 8530 8607 8608 8609 8610 8693 8694 8781 13437 13438
moead,ns465,7,3,1150,23,154944592.000130,35.000145,0.333333,0.666667,6432 6433 6499 6565 6567 7600 7665 7667 7668 7737 7803 7804 7805 7871 7872 7873 7874 7941 7942 7943 7944 7945 7946 8011 8012 8013 8014 8015 8016 8081 8082 8083 8084 8085 8153 8154 8155 8156 8157 8225 8226 8227 8228 8229 8231 8296 8297 8298 8299 8300 8301 8302 8369 8370 8371 8372 8373 8374 8375 8447 8448 8449 8450 8451 8525 8526 8527 8528 8529 8530 8607 8608 8609 8610 8693 8694 8781 13437 13438
moead,ns465,7,4,1150,23,154944592.000130,35.000145,0.444444,0.555556,6432 6433 6499 6565 6567 7600 7665 7667 7668 7737 7803 7804 7805 7871 7872 7873 7874 7941 7942 7943 7944 7945 7946 8011 8012 8013 8014 8015 8016 8081 8082 8083 8084 8085 8153 8154 8155 8156 8157 8225 8226 8227 8228 8229 8231 8296 8297 8298 8299 8300 8301 8302 8369 8370 8371 8372 8373 8374 8375 8447 8448 8449 8450 8451 8525 8526 8527 8528 8529 8530 8607 8608 8609 8610 8693 8694 8781 13437 13438
moead,ns465,7,5,1150,23,154944592.000130,35.000145,0.555556,0.444444,6432 6433 6499 6565 6567 7600 7665 7667 7668 7737 7803 7804 7805 7871 7872 7873 7874 7941 7942 7943 7944 7945 7946 8011 8012 8013 8014 8015 8016 8081 8082 8083 8084 8085 8153 8154 8155 8156 8157 8225 8226 8227 8228 8229 8231 8296 8297 8298 8299 8300 8301 8302 8369 8370 8371 8372 8373 8374 8375 8447 8448 8449 8450 8451 8525 8526 8527 8528 8529 8530 8607 8608 8609 8610 8693 8694 8781 13437 13438
moead,ns465,7,6,1150,23,154944592.000130,35.000145,0.666667,0.333333,6432 6433 6499 6565 6567 7600 7665 7667 7668 7737 7803 7804 7805 7871 7872 7873 7874 7941 7942 7943 7944 7945 7946 8011 8012 8013 8014 8015 8016 8081 8082 8083 8084 8085 8153 8154 8155 8156 8157 8225 8226 8227 8228 8229 8231 8296 8297 8298 8299 8300 8301 8302 8369 8370 8371 8372 8373 8374 8375 8447 8448 8449 8450 8451 8525 8526 8527 8528 8529 8530 8607 8608 8609 8610 8693 8694 8781 13437 13438
moead,ns465,7,7,1150,23,154944592.000130,35.000145,0.777778,0.222222,6432 6433 6499 6565 6567 7600 7665 7667 7668 7737 7803 7804 7805 7871 7872 7873 7874 7941 7942 7943 7944 7945 7946 8011 8012 8013 8014 8015 8016 8081 8082 8083 8084 8085 8153 8154 8155 8156 8157 8225 8226 8227 8228 8229 8231 8296 8297 8298 8299 8300 8301 8302 8369 8370 8371 8372 8373 8374 8375 8447 8448 8449 8450 8451 8525 8526 8527 8528 8529 8530 8607 8608 8609 8610 8693 8694 8781 13437 13438
moead,ns465,7,8,1150,23,154944592.000130,35.000145,0.888889,0.111111,6432 6433 6499 6565 6567 7600 7665 7667 7668 7737 7803 7804 7805 7871 7872 7873 7874 7941 7942 7943 7944 7945 7946 8011 8012 8013 8014 8015 8016 8081 8082 8083 8084 8085 8153 8154 8155 8156 8157 8225 8226 8227 8228 8229 8231 8296 8297 8298 8299 8300 8301 8302 8369 8370 8371 8372 8373 8374 8375 8447 8448 8449 8450 8451 8525 8526 8527 8528 8529 8530 8607 8608 8609 8610 8693 8694 8781 13437 13438
moead,ns465,7,9,1150,23,154944592.000130,35.000145,1.000000,0.000000,6432 6433 6499 6565 6567 7600 7665 7667 7668 7737 7803 7804 7805 7871 7872 7873 7874 7941 7942 7943 7944 7945 7946 8011 8012 8013 8014 8015 8016 8081 8082 8083 8084 8085 8153 8154 8155 8156 8157 8225 8226 8227 8228 8229 8231 8296 8297 8298 8299 8300 8301 8302 8369 8370 8371 8372 8373 8374 8375 8447 8448 8449 8450 8451 8525 8526 8527 8528 8529 8530 8607 8608 8609 8610 8693 8694 8781 13437 13438
moead,ns465,7,0,1200,24,196003989.196436,248.326668,0.000000,1.000000,92 97 182 435 533 1076 1097 1267 1474 1897 2215 2416 2463 2506 2518 2650 2655 3386 3390 3503 4143 4404 4964 5334 5445 5680 6050 6213 6240 6429 6470 6478 6619 6913 7045 7236 7260 7320 7460 7657 7666 7728 7745 7952 8129 8235 8480 8697 9326 9450 9571 9760 10061 10137 10159 10458 10696 10763 10952 11041 11268 11591 11776 12283 12315 12557 13213 13354 13698 13775 13798 13902 14028 14165 14286 14594 14652 14666 14701
moead,ns465,7,1,1200,24,154934822.728527,34.791598,0.111111,0.888889,6433 6499 6565 7600 7665 7667 7668 7735 7801 7803 7804 7805 7871 7872 7873 7874 7941 7942 7943 7944 7945 7946 8011 8012 8013 8014 8015 8016 8081 8082 8083 8084 8085 8086 8153 8154 8155 8156 8157 8225 8226 8227 8228 8229 8231 8296 8297 8298 8299 8300 8301 8302 8369 8370 8371 8372 8373 8374 8375 8447 8448 8449 8450 8451 8525 8526 8527 8528 8529 8530 8607 8608 8609 8610 8693 8694 8781 13437 13438
moead,ns465,7,2,1200,24,154934822.728527,34.791598,0.222222,0.777778,6433 6499 6565 7600 7665 7667 7668 7735 7801 7803 7804 7805 7871 7872 7873 7874 7941 7942 7943 7944 7945 7946 8011 8012 8013 8014 8015 8016 8081 8082 8083 8084 8085 8086 8153 8154 8155 8156 8157 8225 8226 8227 8228 8229 8231 8296 8297 8298 8299 8300 8301 8302 8369 8370 8371 8372 8373 8374 8375 8447 8448 8449 8450 8451 8525 8526 8527 8528 8529 8530 8607 8608 8609 8610 8693 8694 8781 13437 13438
moead,ns465,7,3,1200,24,154934822.728527,34.791598,0.333333,0.666667,6433 6499 6565 7600 7665 7667 7668 7735 7801 7803 7804 7805 7871 7872 7873 7874 7941 7942 7943 7944 7945 7946 8011 8012 8013 8014 8015 8016 8081 8082 8083 8084 8085 8086 8153 8154 8155 8156 8157 8225 8226 8227 8228 8229 8231 8296 8297 8298 8299 8300 8301 8302 8369 8370 8371 8372 8373 8374 8375 8447 8448 8449 8450 8451 8525 8526 8527 8528 8529 8530 8607 8608 8609 8610 8693 8694 8781 13437 13438
moead,ns465,7,4,1200,24,154934822.728527,34.791598,0.444444,0.555556,6433 6499 6565 7600 7665 7667 7668 7735 7801 7803 7804 7805 7871 7872 7873 7874 7941 7942 7943 7944 7945 7946 8011 8012 8013 8014 8015 8016 8081 8082 8083 8084 8085 8086 8153 8154 8155 8156 8157 8225 8226 8227 8228 8229 8231 8296 8297 8298 8299 8300 8301 8302 8369 8370 8371 8372 8373 8374 8375 8447 8448 8449 8450 8451 8525 8526 8527 8528 8529 8530 8607 8608 8609 8610 8693 8694 8781 13437 13438
moead,ns465,7,5,1200,24,154934822.728527,34.791598,0.555556,0.444444,6433 6499 6565 7600 7665 7667 7668 7735 7801 7803 7804 7805 7871 7872 7873 7874 7941 7942 7943 7944 7945 7946 8011 8012 8013 8014 8015 8016 8081 8082 8083 8084 8085 8086 8153 8154 8155 8156 8157 8225 8226 8227 8228 8229 8231 8296 8297 8298 8299 8300 8301 8302 8369 8370 8371 8372 8373 8374 8375 8447 8448 8449 8450 8451 8525 8526 8527 8528 8529 8530 8607 8608 8609 8610 8693 8694 8781 13437 13438
moead,ns465,7,6,1200,24,154934822.728527,34.791598,0.666667,0.333333,6433 6499 6565 7600 7665 7667 7668 7735 7801 7803 7804 7805 7871 7872 7873 7874 7941 7942 7943 7944 7945 7946 8011 8012 8013 8014 8015 8016 8081 8082 8083 8084 8085 8086 8153 8154 8155 8156 8157 8225 8226 8227 8228 8229 8231 8296 8297 8298 8299 8300 8301 8302 8369 8370 8371 8372 8373 8374 8375 8447 8448 8449 8450 8451 8525 8526 8527 8528 8529 8530 8607 8608 8609 8610 8693 8694 8781 13437 13438
moead,ns465,7,7,1200,24,154934822.728527,34.791598,0.777778,0.222222,6433 6499 6565 7600 7665 7667 7668 7735 7801 7803 7804 7805 7871 7872 7873 7874 7941 7942 7943 7944 7945 7946 8011 8012 8013 8014 8015 8016 8081 8082 8083 8084 8085 8086 8153 8154 8155 8156 8157 8225 8226 8227 8228 8229 8231 8296 8297 8298 8299 8300 8301 8302 8369 8370 8371 8372 8373 8374 8375 8447 8448 8449 8450 8451 8525 8526 8527 8528 8529 8530 8607 8608 8609 8610 8693 8694 8781 13437 13438
moead,ns465,7,8,1200,24,154934822.728527,34.791598,0.888889,0.111111,6433 6499 6565 7600 7665 7667 7668 7735 7801 7803 7804 7805 7871 7872 7873 7874 7941 7942 7943 7944 7945 7946 8011 8012 8013 8014 8015 8016 8081 8082 8083 8084 8085 8086 8153 8154 8155 8156 8157 8225 8226 8227 8228 8229 8231 8296 8297 8298 8299 8300 8301 8302 8369 8370 8371 8372 8373 8374 8375 8447 8448 8449 8450 8451 8525 8526 8527 8528 8529 8530 8607 8608 8609 8610 8693 8694 8781 13437 13438
moead,ns465,7,9,1200,24,154934822.728527,34.791598,1.000000,0.000000,6433 6499 6565 7600 7665 7667 7668 7735 7801 7803 7804 7805 7871 7872 7873 7874 7941 7942 7943 7944 7945 7946 8011 8012 8013 8014 8015 8016 8081 8082 8083 8084 8085 8086 8153 8154 8155 8156 8157 8225 8226 8227 8228 8229 8231 8296 8297 8298 8299 8300 8301 8302 8369 8370 8371 8372 8373 8374 8375 8447 8448 8449 8450 8451 8525 8526 8527 8528 8529 8530 8607 8608 8609 8610 8693 8694 8781 13437 13438
moead,ns465,7,0,1250,25,196003989.196436,248.326668,0.000000,1.000000,92 97 182 435 533 1076 1097 1267 1474 1897 2215 2416 2463 2506 2518 2650 2655 3386 3390 3503 4143 4404 4964 5334 5445 5680 6050 6213 6240 6429 6470 6478 6619 6913 7045 7236 7260 7320 7460 7657 7666 7728 7745 7952 8129 8235 8480 8697 9326 9450 9571 9760 10061 10137 10159 10458 10696 10763 10952 11041 11268 11591 11776 12283 12315 12557 13213 13354 13698 13775 13798 13902 14028 14165 14286 14594 14652 14666 14701
moead,ns465,7,1,1250,25,154888743.929386,31.420564,0.111111,0.888889,6499 6565 7600 7665 7667 7735 7801 7803 7804 7805 7871 7872 7873 7874 7941 7942 7943 7944 7945 7946 8011 8012 8013 8014 8015 8016 8081 8082 8083 8084 8085 8086 8152 8153 8154 8155 8156 8157 8225 8226 8227 8228 8229 8230 8231 8296 8297 8298 8299 8300 8301 8302 8369 8370 8371 8372 8373 8374 8375 8447 8448 8449 8450 8451 8525 8526 8527 8528 8529 8530 8607 8608 8609 8610 8611 8693 8694 8781 13437
moead,ns465,7,2,1250,25,154888743.929386,31.420564,0.222222,0.777778,6499 6565 7600 7665 7667 7735 7801 7803 7804 7805 7871 7872 7873 7874 7941 7942 7943 7944 7945 7946 8011 8012 8013 8014 8015 8016 8081 8082 8083 8084 8085 8086 8152 8153 8154 8155 8156 8157 8225 8226 8227 8228 8229 8230 8231 8296 8297 8298 8299 8300 8301 8302 8369 8370 8371 8372 8373 8374 8375 8447 8448 8449 8450 8451 8525 8526 8527 8528 8529 8530 8607 8608 8609 8610 8611 8693 8694 8781 13437
moead,ns465,7,3,1250,25,154888743.929386,31.420564,0.333333,0.666667,6499 6565 7600 7665 7667 7735 7801 7803 7804 7805 7871 7872 7873 7874 7941 7942 7943 7944 7945 7946 8011 8012 8013 8014 8015 8016 8081 8082 8083 8084 8085 8086 8152 8153 8154 8155 8156 8157 8225 8226 8227 8228 8229 8230 8231 8296 8297 8298 8299 8300 8301 8302 8369 8370 8371 8372 8373 8374 8375 8447 8448 8449 8450 8451 8525 8526 8527 8528 8529 8530 8607 8608 8609 8610 8611 8693 8694 8781 13437
moead,ns465,7,4,1250,25,154888743.929386,31.420564,0.444444,0.555556,6499 6565 7600 7665 7667 7735 7801 7803 7804 7805 7871 7872 7873 7874 7941 7942 7943 7944 7945 7946 8011 8012 8013 8014 8015 8016 8081 8082 8083 8084 8085 8086 8152 8153 8154 8155 8156 8157 8225 8226 8227 8228 8229 8230 8231 8296 8297 8298 8299 8300 8301 8302 8369 8370 8371 8372 8373 8374 8375 8447 8448 8449 8450 8451 8525 8526 8527 8528 8529 8530 8607 8608 8609 8610 8611 8693 8694 8781 13437
moead,ns465,7,5,1250,25,154888743.929386,31.420564,0.555556,0.444444,6499 6565 7600 7665 7667 7735 7801 7803 7804 7805 7871 7872 7873 7874 7941 7942 7943 7944 7945 7946 8011 8012 8013 8014 8015 8016 8081 8082 8083 8084 8085 8086 8152 8153 8154 8155 8156 8157 8225 8226 8227 8228 8229 8230 8231 8296 8297 8298 8299 8300 8301 8302 8369 8370 8371 8372 8373 8374 8375 8447 8448 8449 8450 8451 8525 8526 8527 8528 8529 8530 8607 8608 8609 8610 8611 8693 8694 8781 13437
moead,ns465,7,6,1250,25,154888743.929386,31.420564,0.666667,0.333333,6499 6565 7600 7665 7667 7735 7801 7803 7804 7805 7871 7872 7873 7874 7941 7942 7943 7944 7945 7946 8011 8012 8013 8014 8015 8016 8081 8082 8083 8084 8085 8086 8152 8153 8154 8155 8156 8157 8225 8226 8227 8228 8229 8230 8231 8296 8297 8298 8299 8300 8301 8302 8369 8370 8371 8372 8373 8374 8375 8447 8448 8449 8450 8451 8525 8526 8527 8528 8529 8530 8607 8608 8609 8610 8611 8693 8694 8781 13437
moead,ns465,7,7,1250,25,154888743.929386,31.420564,0.777778,0.222222,6499 6565 7600 7665 7667 7735 7801 7803 7804 7805 7871 7872 7873 7874 7941 7942 7943 7944 7945 7946 8011 8012 8013 8014 8015 8016 8081 8082 8083 8084 8085 8086 8152 8153 8154 8155 8156 8157 8225 8226 8227 8228 8229 8230 8231 8296 8297 8298 8299 8300 8301 8302 8369 8370 8371 8372 8373 8374 8375 8447 8448 8449 8450 8451 8525 8526 8527 8528 8529 8530 8607 8608 8609 8610 8611 8693 8694 8781 13437
moead,ns465,7,8,1250,25,154888743.929386,31.420564,0.888889,0.111111,6499 6565 7600 7665 7667 7735 7801 7803 7804 7805 7871 7872 7873 7874 7941 7942 7943 7944 7945 7946 8011 8012 8013 8014 8015 8016 8081 8082 8083 8084 8085 8086 8152 8153 8154 8155 8156 8157 8225 8226 8227 8228 8229 8230 8231 8296 8297 8298 8299 8300 8301 8302 8369 8370 8371 8372 8373 8374 8375 8447 8448 8449 8450 8451 8525 8526 8527 8528 8529 8530 8607 8608 8609 8610 8611 8693 8694 8781 13437
moead,ns465,7,9,1250,25,154888743.929386,31.420564,1.000000,0.000000,6499 6565 7600 7665 7667 7735 7801 7803 7804 7805 7871 7872 7873 7874 7941 7942 7943 7944 7945 7946 8011 8012 8013 8014 8015 8016 8081 8082 8083 8084 8085 8086 8152 8153 8154 8155 8156 8157 8225 8226 8227 8228 8229 8230 8231 8296 8297 8298 8299 8300 8301 8302 8369 8370 8371 8372 8373 8374 8375 8447 8448 8449 8450 8451 8525 8526 8527 8528 8529 8530 8607 8608 8609 8610 8611 8693 8694 8781 13437
moead,ns465,7,0,1300,26,196265086.977872,249.330842,0.000000,1.000000,92 97 182 435 533 1076 1097 1267 1474 1897 2215 2416 2463 2506 2518 2650 2655 3386 3390 3503 4143 4404 4964 5334 5445 5680 6050 6105 6213 6240 6429 6470 6478 6619 6913 7045 7236 7260 7320 7460 7657 7666 7728 7745 7952 8129 8235 8480 8697 9326 9450 9571 9760 10061 10137 10159 10458 10696 10763 10952 11268 11278 11591 11776 12315 12557 13213 13354 13698 13775 13798 13902 14028 14165 14286 14594 14652 14666 14701
moead,ns465,7,1,1300,26,154888743.929386,31.420564,0.111111,0.888889,6499 6565 7600 7665 7667 7735 7801 7803 7804 7805 7871 7872 7873 7874 7941 7942 7943 7944 7945 7946 8011 8012 8013 8014 8015 8016 8081 8082 8083 8084 8085 8086 8152 8153 8154 8155 8156 8157 8225 8226 8227 8228 8229 8230 8231 8296 8297 8298 8299 8300 8301 8302 8369 8370 8371 8372 8373 8374 8375 8447 8448 8449 8450 8451 8525 8526 8527 8528 8529 8530 8607 8608 8609 8610 8611 8693 8694 8781 13437
moead,ns465,7,2,1300,26,154888743.929386,31.420564,0.222222,0.777778,6499 6565 7600 7665 7667 7735 7801 7803 7804 7805 7871 7872 7873 7874 7941 7942 7943 7944 7945 7946 8011 8012 8013 8014 8015 8016 8081 8082 8083 8084 8085 8086 8152 8153 8154 8155 8156 8157 8225 8226 8227 8228 8229 8230 8231 8296 8297 8298 8299 8300 8301 8302 8369 8370 8371 8372 8373 8374 8375 8447 8448 8449 8450 8451 8525 8526 8527 8528 8529 8530 8607 8608 8609 8610 8611 8693 8694 8781 13437
moead,ns465,7,3,1300,26,154888743.929386,31.420564,0.333333,0.666667,6499 6565 7600 7665 7667 7735 7801 7803 7804 7805 7871 7872 7873 7874 7941 7942 7943 7944 7945 7946 8011 8012 8013 8014 8015 8016 8081 8082 8083 8084 8085 8086 8152 8153 8154 8155 8156 8157 8225 8226 8227 8228 8229 8230 8231 8296 8297 8298 8299 8300 8301 8302 8369 8370 8371 8372 8373 8374 8375 8447 8448 8449 8450 8451 8525 8526 8527 8528 8529 8530 8607 8608 8609 8610 8611 8693 8694 8781 13437
moead,ns465,7,4,1300,26,154888743.929386,31.420564,0.444444,0.555556,6499 6565 7600 7665 7667 7735 7801 7803 7804 7805 7871 7872 7873 7874 7941 7942 7943 7944 7945 7946 8011 8012 8013 8014 8015 8016 8081 8082 8083 8084 8085 8086 8152 8153 8154 8155 8156 8157 8225 8226 8227 8228 8229 8230 8231 8296 8297 8298 8299 8300 8301 8302 8369 8370 8371 8372 8373 8374 8375 8447 8448 8449 8450 8451 8525 8526 8527 8528 8529 8530 8607 8608 8609 8610 8611 8693 8694 8781 13437
moead,ns465,7,5,1300,26,154888743.929386,31.420564,0.555556,0.444444,6499 6565 7600 7665 7667 7735 7801 7803 7804 7805 7871 7872 7873 7874 7941 7942 7943 7944 7945 7946 8011 8012 8013 8014 8015 8016 8081 8082 8083 8084 8085 8086 8152 8153 8154 8155 8156 8157 8225 8226 8227 8228 8229 8230 8231 8296 8297 8298 8299 8300 8301 8302 8369 8370 8371 8372 8373 8374 8375 8447 8448 8449 8450 8451 8525 8526 8527 8528 8529 8530 8607 8608 8609 8610 8611 8693 8694 8781 13437
moead,ns465,7,6,1300,26,154888743.929386,31.420564,0.666667,0.333333,6499 6565 7600 7665 7667 7735 7801 7803 7804 7805 7871 7872 7873 7874 7941 7942 7943 7944 7945 7946 8011 8012 8013 8014 8015 8016 8081 8082 8083 8084 8085 8086 8152 8153 8154 8155 8156 8157 8225 8226 8227 8228 8229 8230 8231 8296 8297 8298 8299 8300 8301 8302 8369 8370 8371 8372 8373 8374 8375 8447 8448 8449 8450 8451 8525 8526 8527 8528 8529 8530 8607 8608 8609 8610 8611 8693 8694 8781 13437
moead,ns465,7,7,1300,26,154888743.929386,31.420564,0.777778,0.222222,6499 6565 7600 7665 7667 7735 7801 7803 7804 7805 7871 7872 7873 7874 7941 7942 7943 7944 7945 7946 8011 8012 8013 8014 8015 8016 8081 8082 8083 8084 8085 8086 8152 8153 8154 8155 8156 8157 8225 8226 8227 8228 8229 8230 8231 8296 8297 8298 8299 8300 8301 8302 8369 8370 8371 8372 8373 8374 8375 8447 8448 8449 8450 8451 8525 8526 8527 8528 8529 8530 8607 8608 8609 8610 8611 8693 8694 8781 13437
moead,ns465,7,8,1300,26,154888743.929386,31.420564,0.888889,0.111111,6499 6565 7600 7665 7667 7735 7801 7803 7804 7805 7871 7872 7873 7874 7941 7942 7943 7944 7945 7946 8011 8012 8013 8014 8015 8016 8081 8082 8083 8084 8085 8086 8152 8153 8154 8155 8156 8157 8225 8226 8227 8228 8229 8230 8231 8296 8297 8298 8299 8300 8301 8302 8369 8370 8371 8372 8373 8374 8375 8447 8448 8449 8450 8451 8525 8526 8527 8528 8529 8530 8607 8608 8609 8610 8611 8693 8694 8781 13437
moead,ns465,7,9,1300,26,154888743.929386,31.420564,1.000000,0.000000,6499 6565 7600 7665 7667 7735 7801 7803 7804 7805 7871 7872 7873 7874 7941 7942 7943 7944 7945 7946 8011 8012 8013 8014 8015 8016 8081 8082 8083 8084 8085 8086 8152 8153 8154 8155 8156 8157 8225 8226 8227 8228 8229 8230 8231 8296 8297 8298 8299 8300 8301 8302 8369 8370 8371 8372 8373 8374 8375 8447 8448 8449 8450 8451 8525 8526 8527 8528 8529 8530 8607 8608 8609 8610 8611 8693 8694 8781 13437
moead,ns465,7,0,1350,27,196309275.681707,249.592570,0.000000,1.000000,92 97 182 435 533 1076 1267 1474 1897 2215 2416 2463 2506 2518 2650 2655 3386 3390 3503 4143 4404 4964 5021 5334 5445 6050 6105 6213 6240 6429 6470 6478 6619 6659 6913 7045 7236 7260 7320 7460 7657 7666 7728 7745 7952 8129 8235 8480 8697 9326 9450 9571 9760 10061 10137 10159 10458 10696 10763 10952 11268 11278 11591 11776 12315 12557 13213 13354 13698 13775 13798 13902 14028 14165 14286 14594 14652 14666 14701
moead,ns465,7,1,1350,27,154888743.929386,31.420564,0.111111,0.888889,6499 6565 7600 7665 7667 7735 7801 7803 7804 7805 7871 7872 7873 7874 7941 7942 7943 7944 7945 7946 8011 8012 8013 8014 8015 8016 8081 8082 8083 8084 8085 8086 8152 8153 8154 8155 8156 8157 8225 8226 8227 8228 8229 8230 8231 8296 8297 8298 8299 8300 8301 8302 8369 8370 8371 8372 8373 8374 8375 8447 8448 8449 8450 8451 8525 8526 8527 8528 8529 8530 8607 8608 8609 8610 8611 8693 8694 8781 13437
moead,ns465,7,2,1350,27,154888743.929386,31.420564,0.222222,0.777778,6499 6565 7600 7665 7667 7735 7801 7803 7804 7805 7871 7872 7873 7874 7941 7942 7943 7944 7945 7946 8011 8012 8013 8014 8015 8016 8081 8082 8083 8084 8085 8086 8152 8153 8154 8155 8156 8157 8225 8226 8227 8228 8229 8230 8231 8296 8297 8298 8299 8300 8301 8302 8369 8370 8371 8372 8373 8374 8375 8447 8448 8449 8450 8451 8525 8526 8527 8528 8529 8530 8607 8608 8609 8610 8611 8693 8694 8781 13437
moead,ns465,7,3,1350,27,154888743.929386,31.420564,0.333333,0.666667,6499 6565 7600 7665 7667 7735 7801 7803 7804 7805 7871 7872 7873 7874 7941 7942 7943 7944 7945 7946 8011 8012 8013 8014 8015 8016 8081 8082 8083 8084 8085 8086 8152 8153 8154 8155 8156 8157 8225 8226 8227 8228 8229 8230 8231 8296 8297 8298 8299 8300 8301 8302 8369 8370 8371 8372 8373 8374 8375 8447 8448 8449 8450 8451 8525 8526 8527 8528 8529 8530 8607 8608 8609 8610 8611 8693 8694 8781 13437
moead,ns465,7,4,1350,27,154888743.929386,31.420564,0.444444,0.555556,6499 6565 7600 7665 7667 7735 7801 7803 7804 7805 7871 7872 7873 7874 7941 7942 7943 7944 7945 7946 8011 8012 8013 8014 8015 8016 8081 8082 8083 8084 8085 8086 8152 8153 8154 8155 8156 8157 8225 8226 8227 8228 8229 8230 8231 8296 8297 8298 8299 8300 8301 8302 8369 8370 8371 8372 8373 8374 8375 8447 8448 8449 8450 8451 8525 8526 8527 8528 8529 8530 8607 8608 8609 8610 8611 8693 8694 8781 13437
moead,ns465,7,5,1350,27,154888743.929386,31.420564,0.555556,0.444444,6499 6565 7600 7665 7667 7735 7801 7803 7804 7805 7871 7872 7873 7874 7941 7942 7943 7944 7945 7946 8011 8012 8013 8014 8015 8016 8081 8082 8083 8084 8085 8086 8152 8153 8154 8155 8156 8157 8225 8226 8227 8228 8229 8230 8231 8296 8297 8298 8299 8300 8301 8302 8369 8370 8371 8372 8373 8374 8375 8447 8448 8449 8450 8451 8525 8526 8527 8528 8529 8530 8607 8608 8609 8610 8611 8693 8694 8781 13437
moead,ns465,7,6,1350,27,154888743.929386,31.420564,0.666667,0.333333,6499 6565 7600 7665 7667 7735 7801 7803 7804 7805 7871 7872 7873 7874 7941 7942 7943 7944 7945 7946 8011 8012 8013 8014 8015 8016 8081 8082 8083 8084 8085 8086 8152 8153 8154 8155 8156 8157 8225 8226 8227 8228 8229 8230 8231 8296 8297 8298 8299 8300 8301 8302 8369 8370 8371 8372 8373 8374 8375 8447 8448 8449 8450 8451 8525 8526 8527 8528 8529 8530 8607 8608 8609 8610 8611 8693 8694 8781 13437
moead,ns465,7,7,1350,27,154888743.929386,31.420564,0.777778,0.222222,6499 6565 7600 7665 7667 7735 7801 7803 7804 7805 7871 7872 7873 7874 7941 7942 7943 7944 7945 7946 8011 8012 8013 8014 8015 8016 8081 8082 8083 8084 8085 8086 8152 8153 8154 8155 8156 8157 8225 8226 8227 8228 8229 8230 8231 8296 8297 8298 8299 8300 8301 8302 8369 8370 8371 8372 8373 8374 8375 8447 8448 8449 8450 8451 8525 8526 8527 8528 8529 8530 8607 8608 8609 8610 8611 8693 8694 8781 13437
moead,ns465,7,8,1350,27,154888743.929386,31.420564,0.888889,0.111111,6499 6565 7600 7665 7667 7735 7801 7803 7804 7805 7871 7872 7873 7874 7941 7942 7943 7944 7945 7946 8011 8012 8013 8014 8015 8016 8081 8082 8083 8084 8085 8086 8152 8153 8154 8155 8156 8157 8225 8226 8227 8228 8229 8230 8231 8296 8297 8298 8299 8300 8301 8302 8369 8370 8371 8372 8373 8374 8375 8447 8448 8449 8450 8451 8525 8526 8527 8528 8529 8530 8607 8608 8609 8610 8611 8693 8694 8781 13437
moead,ns465,7,9,1350,27,154888743.929386,31.420564,1.000000,0.000000,6499 6565 7600 7665 7667 7735 7801 7803 7804 7805 7871 7872 7873 7874 7941 7942 7943 7944 7945 7946 8011 8012 8013 8014 8015 8016 8081 8082 8083 8084 8085 8086 8152 8153 8154 8155 8156 8157 8225 8226 8227 8228 8229 8230 8231 8296 8297 8298 8299 8300 8301 8302 8369 8370 8371 8372 8373 8374 8375 8447 8448 8449 8450 8451 8525 8526 8527 8528 8529 8530 8607 8608 8609 8610 8611 8693 8694 8781 13437
moead,ns465,7,0,1400,28,196309275.681707,249.592570,0.000000,1.000000,92 97 182 435 533 1076 1267 1474 1897 2215 2416 2463 2506 2518 2650 2655 3386 3390 3503 4143 4404 4964 5021 5334 5445 6050 6105 6213 6240 6429 6470 6478 6619 6659 6913 7045 7236 7260 7320 7460 7657 7666 7728 7745 7952 8129 8235 8480 8697 9326 9450 9571 9760 10061 10137 10159 10458 10696 10763 10952 11268 11278 11591 11776 12315 12557 13213 13354 13698 13775 13798 13902 14028 14165 14286 14594 14652 14666 14701
moead,ns465,7,1,1400,28,154867042.551398,28.340621,0.111111,0.888889,6499 6565 7600 7665 7667 7735 7736 7801 7803 7804 7805 7871 7872 7873 7874 7941 7942 7943 7944 7945 7946 8011 8012 8013 8014 8015 8016 8081 8082 8083 8084 8085 8086 8152 8153 8154 8155 8156 8157 8225 8226 8227 8228 8229 8230 8231 8296 8297 8298 8299 8300 8301 8302 8369 8370 8371 8372 8373 8374 8375 8447 8448 8449 8450 8451 8525 8526 8527 8528 8529 8530 8607 8608 8609 8610 8611 8693 8694 8781
moead,ns465,7,2,1400,28,154867042.551398,28.340621,0.222222,0.777778,6499 6565 7600 7665 7667 7735 7736 7801 7803 7804 7805 7871 7872 7873 7874 7941 7942 7943 7944 7945 7946 8011 8012 8013 8014 8015 8016 8081 8082 8083 8084 8085 8086 8152 8153 8154 8155 8156 8157 8225 8226 8227 8228 8229 8230 8231 8296 8297 8298 8299 8300 8301 8302 8369 8370 8371 8372 8373 8374 8375 8447 8448 8449 8450 8451 8525 8526 8527 8528 8529 8530 8607 8608 8609 8610 8611 8693 8694 8781
moead,ns465,7,3,1400,28,154867042.551398,28.340621,0.333333,0.666667,6499 6565 7600 7665 7667 7735 7736 7801 7803 7804 7805 7871 7872 7873 7874 7941 7942 7943 7944 7945 7946 8011 8012 8013 8014 8015 8016 8081 8082 8083 8084 8085 8086 8152 8153 8154 8155 8156 8157 8225 8226 8227 8228 8229 8230 8231 8296 8297 8298 8299 8300 8301 8302 8369 8370 8371 8372 8373 8374 8375 8447 8448 8449 8450 8451 8525 8526 8527 8528 8529 8530 8607 8608 8609 8610 8611 8693 8694 8781
moead,ns465,7,4,1400,28,154867042.551398,28.340621,0.444444,0.555556,6499 6565 7600 7665 7667 7735 7736 7801 7803 7804 7805 7871 7872 7873 7874 7941 7942 7943 7944 7945 7946 8011 8012 8013 8014 8015 8016 8081 8082 8083 8084 8085 8086 8152 8153 8154 8155 8156 8157 8225 8226 8227 8228 8229 8230 8231 8296 8297 8298 8299 8300 8301 8302 8369 8370 8371 8372 8373 8374 8375 8447 8448 8449 8450 8451 8525 8526 8527 8528 8529 8530 8607 8608 8609 8610 8611 8693 8694 8781
moead,ns465,7,5,1400,28,154867042.551398,28.340621,0.555556,0.444444,6499 6565 7600 7665 7667 7735 7736 7801 7803 7804 7805 7871 7872 7873 7874 7941 7942 7943 7944 7945 7946 8011 8012 8013 8014 8015 8016 8081 8082 8083 8084 8085 8086 8152 8153 8154 8155 8156 8157 8225 8226 8227 8228 8229 8230 8231 8296 8297 8298 8299 8300 8301 8302 8369 8370 8371 8372 8373 8374 8375 8447 8448 8449 8450 8451 8525 8526 8527 8528 8529 8530 8607 8608 8609 8610 8611 8693 8694 8781
moead,ns465,7,6,1400,28,154867042.551398,28.340621,0.666667,0.333333,6499 6565 7600 7665 7667 7735 7736 7801 7803 7804 7805 7871 7872 7873 7874 7941 7942 7943 7944 7945 7946 8011 8012 8013 8014 8015 8016 8081 8082 8083 8084 8085 8086 8152 8153 8154 8155 8156 8157 8225 8226 8227 8228 8229 8230 8231 8296 8297 8298 8299 8300 8301 8302 8369 8370 8371 8372 8373 8374 8375 8447 8448 8449 8450 8451 8525 8526 8527 8528 8529 8530 8607 8608 8609 8610 8611 8693 8694 8781
moead,ns465,7,7,1400,28,154867042.551398,28.340621,0.777778,0.222222,6499 6565 7600 7665 7667 7735 7736 7801 7803 7804 7805 7871 7872 7873 7874 7941 7942 7943 7944 7945 7946 8011 8012 8013 8014 8015 8016 8081 8082 8083 8084 8085 8086 8152 8153 8154 8155 8156 8157 8225 8226 8227 8228 8229 8230 8231 8296 8297 8298 8299 8300 8301 8302 8369 8370 8371 8372 8373 8374 8375 8447 8448 8449 8450 8451 8525 8526 8527 8528 8529 8530 8607 8608 8609 8610 8611 8693 8694 8781
moead,ns465,7,8,1400,28,154867042.551398,28.340621,0.888889,0.111111,6499 6565 7600 7665 7667 7735 7736 7801 7803 7804 7805 7871 7872 7873 7874 7941 7942 7943 7944 7945 7946 8011 8012 8013 8014 8015 8016 8081 8082 8083 8084 8085 8086 8152 8153 8154 8155 8156 8157 8225 8226 8227 8228 8229 8230 8231 8296 8297 8298 8299 8300 8301 8302 8369 8370 8371 8372 8373 8374 8375 8447 8448 8449 8450 8451 8525 8526 8527 8528 8529 8530 8607 8608 8609 8610 8611 8693 8694 8781
moead,ns465,7,9,1400,28,154867042.551398,28.340621,1.000000,0.000000,6499 6565 7600 7665 7667 7735 7736 7801 7803 7804 7805 7871 7872 7873 7874 7941 7942 7943 7944 7945 7946 8011 8012 8013 8014 8015 8016 8081 8082 8083 8084 8085 8086 8152 8153 8154 8155 8156 8157 8225 8226 8227 8228 8229 8230 8231 8296 8297 8298 8299 8300 8301 8302 8369 8370 8371 8372 8373 8374 8375 8447 8448 8449 8450 8451 8525 8526 8527 8528 8529 8530 8607 8608 8609 8610 8611 8693 8694 8781
moead,ns465,7,0,1450,29,196309275.681707,249.592570,0.000000,1.000000,92 97 182 435 533 1076 1267 1474 1897 2215 2416 2463 2506 2518 2650 2655 3386 3390 3503 4143 4404 4964 5021 5334 5445 6050 6105 6213 6240 6429 6470 6478 6619 6659 6913 7045 7236 7260 7320 7460 7657 7666 7728 7745 7952 8129 8235 8480 8697 9326 9450 9571 9760 10061 10137 10159 10458 10696 10763 10952 11268 11278 11591 11776 12315 12557 13213 13354 13698 13775 13798 13902 14028 14165 14286 14594 14652 14666 14701
moead,ns465,7,1,1450,29,154867042.551398,28.340621,0.111111,0.888889,6499 6565 7600 7665 7667 7735 7736 7801 7803 7804 7805 7871 7872 7873 7874 7941 7942 7943 7944 7945 7946 8011 8012 8013 8014 8015 8016 8081 8082 8083 8084 8085 8086 8152 8153 8154 8155 8156 8157 8225 8226 8227 8228 8229 8230 8231 8296 8297 8298 8299 8300 8301 8302 8369 8370 8371 8372 8373 8374 8375 8447 8448 8449 8450 8451 8525 8526 8527 8528 8529 8530 8607 8608 8609 8610 8611 8693 8694 8781
moead,ns465,7,2,1450,29,154867042.551398,28.340621,0.222222,0.777778,6499 6565 7600 7665 7667 7735 7736 7801 7803 7804 7805 7871 7872 7873 7874 7941 7942 7943 7944 7945 7946 8011 8012 8013 8014 8015 8016 8081 8082 8083 8084 8085 8086 8152 8153 8154 8155 8156 8157 8225 8226 8227 8228 8229 8230 8231 8296 8297 8298 8299 8300 8301 8302 8369 8370 8371 8372 8373 8374 8375 8447 8448 8449 8450 8451 8525 8526 8527 8528 8529 8530 8607 8608 8609 8610 8611 8693 8694 8781
moead,ns465,7,3,1450,29,154867042.551398,28.340621,0.333333,0.666667,6499 6565 7600 7665 7667 7735 7736 7801 7803 7804 7805 7871 7872 7873 7874 7941 7942 7943 7944 7945 7946 8011 8012 8013 8014 8015 8016 8081 8082 8083 8084 8085 8086 8152 8153 8154 8155 8156 8157 8225 8226 8227 8228 8229 8230 8231 8296 8297 8298 8299 8300 8301 8302 8369 8370 8371 8372 8373 8374 8375 8447 8448 8449 8450 8451 8525 8526 8527 8528 8529 8530 8607 8608 8609 8610 8611 8693 8694 8781
moead,ns465,7,4,1450,29,154867042.551398,28.340621,0.444444,0.555556,6499 6565 7600 7665 7667 7735 7736 7801 7803 7804 7805 7871 7872 7873 7874 7941 7942 7943 7944 7945 7946 8011 8012 8013 8014 8015 8016 8081 8082 8083 8084 8085 8086 8152 8153 8154 8155 8156 8157 8225 8226 8227 8228 8229 8230 8231 8296 8297 8298 8299 8300 8301 8302 8369 8370 8371 8372 8373 8374 8375 8447 8448 8449 8450 8451 8525 8526 8527 8528 8529 8530 8607 8608 8609 8610 8611 8693 8694 8781
moead,ns465,7,5,1450,29,154867042.551398,28.340621,0.555556,0.444444,6499 6565 7600 7665 7667 7735 7736 7801 7803 7804 7805 7871 7872 7873 7874 7941 7942 7943 7944 7945 7946 8011 8012 8013 8014 8015 8016 8081 8082 8083 8084 8085 8086 8152 8153 8154 8155 8156 8157 8225 8226 8227 8228 8229 8230 8231 8296 8297 8298 8299 8300 8301 8302 8369 8370 8371 8372 8373 8374 8375 8447 8448 8449 8450 8451 8525 8526 8527 8528 8529 8530 8607 8608 8609 8610 8611 8693 8694 8781
moead,ns465,7,6,1450,29,154867042.551398,28.340621,0.666667,0.333333,6499 6565 7600 7665 7667 7735 7736 7801 7803 7804 7805 7871 7872 7873 7874 7941 7942 7943 7944 7945 7946 8011 8012 8013 8014 8015 8016 8081 8082 8083 8084 8085 8086 8152 8153 8154 8155 8156 8157 8225 8226 8227 8228 8229 8230 8231 8296 8297 8298 8299 8300 8301 8302 8369 8370 8371 8372 8373 8374 8375 8447 8448 8449 8450 8451 8525 8526 8527 8528 8529 8530 8607 8608 8609 8610 8611 8693 8694 8781
moead,ns465,7,7,1450,29,154867042.551398,28.340621,0.777778,0.222222,6499 6565 7600 7665 7667 7735 7736 7801 7803 7804 7805 7871 7872 7873 7874 7941 7942 7943 7944 7945 7946 8011 8012 8013 8014 8015 8016 8081 8082 8083 8084 8085 8086 8152 8153 8154 8155 8156 8157 8225 8226 8227 8228 8229 8230 8231 8296 8297 8298 8299 8300 8301 8302 8369 8370 8371 8372 8373 8374 8375 8447 8448 8449 8450 8451 8525 8526 8527 8528 8529 8530 8607 8608 8609 8610 8611 8693 8694 8781
moead,ns465,7,8,1450,29,154867042.551398,28.340621,0.888889,0.111111,6499 6565 7600 7665 7667 7735 7736 7801 7803 7804 7805 7871 7872 7873 7874 7941 7942 7943 7944 7945 7946 8011 8012 8013 8014 8015 8016 8081 8082 8083 8084 8085 8086 8152 8153 8154 8155 8156 8157 8225 8226 8227 8228 8229 8230 8231 8296 8297 8298 8299 8300 8301 8302 8369 8370 8371 8372 8373 8374 8375 8447 8448 8449 8450 8451 8525 8526 8527 8528 8529 8530 8607 8608 8609 8610 8611 8693 8694 8781
moead,ns465,7,9,1450,29,154867042.551398,28.340621,1.000000,0.000000,6499 6565 7600 7665 7667 7735 7736 7801 7803 7804 7805 7871 7872 7873 7874 7941 7942 7943 7944 7945 7946 8011 8012 8013 8014 8015 8016 8081 8082 8083 8084 8085 8086 8152 8153 8154 8155 8156 8157 8225 8226 8227 8228 8229 8230 8231 8296 8297 8298 8299 8300 8301 8302 8369 8370 8371 8372 8373 8374 8375 8447 8448 8449 8450 8451 8525 8526 8527 8528 8529 8530 8607 8608 8609 8610 8611 8693 8694 8781
moead,ns465,7,0,1500,30,196631903.603347,249.703345,0.000000,1.000000,92 97 182 435 533 1076 1267 1474 1897 2215 2416 2463 2506 2518 2650 2655 3386 3390 3503 4143 4404 4964 5021 5334 5445 5711 6050 6105 6213 6240 6429 6470 6478 6619 6659 6913 7045 7184 7260 7320 7460 7657 7666 7728 7745 7952 8129 8235 8480 8697 9450 9571 10061 10137 10159 10458 10696 10763 10952 11268 11278 11591 11637 11776 12315 12557 13213 13354 13698 13775 13798 13902 14028 14165 14286 14594 14652 14666 14701
moead,ns465,7,1,1500,30,154852732.656258,25.521005,0.111111,0.888889,6499 6565 7600 7667 7735 7736 7801 7803 7804 7805 7870 7871 7872 7873 7874 7941 7942 7943 7944 7945 7946 8011 8012 8013 8014 8015 8016 8081 8082 8083 8084 8085 8086 8152 8153 8154 8155 8156 8157 8225 8226 8227 8228 8229 8230 8296 8297 8298 8299 8300 8301 8302 8369 8370 8371 8372 8373 8374 8375 8447 8448 8449 8450 8451 8525 8526 8527 8528 8529 8530 8607 8608 8609 8610 8611 8693 8694 8780 8781
moead,ns465,7,2,1500,30,154852732.656258,25.521005,0.222222,0.777778,6499 6565 7600 7667 7735 7736 7801 7803 7804 7805 7870 7871 7872 7873 7874 7941 7942 7943 7944 7945 7946 8011 8012 8013 8014 8015 8016 8081 8082 8083 8084 8085 8086 8152 8153 8154 8155 8156 8157 8225 8226 8227 8228 8229 8230 8296 8297 8298 8299 8300 8301 8302 8369 8370 8371 8372 8373 8374 8375 8447 8448 8449 8450 8451 8525 8526 8527 8528 8529 8530 8607 8608 8609 8610 8611 8693 8694 8780 8781
moead,ns465,7,3,1500,30,154852732.656258,25.521005,0.333333,0.666667,6499 6565 7600 7667 7735 7736 7801 7803 7804 7805 7870 7871 7872 7873 7874 7941 7942 7943 7944 7945 7946 8011 8012 8013 8014 8015 8016 8081 8082 8083 8084 8085 8086 8152 8153 8154 8155 8156 8157 8225 8226 8227 8228 8229 8230 8296 8297 8298 8299 8300 8301 8302 8369 8370 8371 8372 8373 8374 8375 8447 8448 8449 8450 8451 8525 8526 8527 8528 8529 8530 8607 8608 8609 8610 8611 8693 8694 8780 8781
moead,ns465,7,4,1500,30,154852732.656258,25.521005,0.444444,0.555556,6499 6565 7600 7667 7735 7736 7801 7803 7804 7805 7870 7871 7872 7873 7874 7941 7942 7943 7944 7945 7946 8011 8012 8013 8014 8015 8016 8081 8082 8083 8084 8085 8086 8152 8153 8154 8155 8156 8157 8225 8226 8227 8228 8229 8230 8296 8297 8298 8299 8300 8301 8302 8369 8370 8371 8372 8373 8374 8375 8447 8448 8449 8450 8451 8525 8526 8527 8528 8529 8530 8607 8608 8609 8610 8611 8693 8694 8780 8781
moead,ns465,7,5,1500,30,154852732.656258,25.521005,0.555556,0.444444,6499 6565 7600 7667 7735 7736 7801 7803 7804 7805 7870 7871 7872 7873 7874 7941 7942 7943 7944 7945 7946 8011 8012 8013 8014 8015 8016 8081 8082 8083 8084 8085 8086 8152 8153 8154 8155 8156 8157 8225 8226 8227 8228 8229 8230 8296 8297 8298 8299 8300 8301 8302 8369 8370 8371 8372 8373 8374 8375 8447 8448 8449 8450 8451 8525 8526 8527 8528 8529 8530 8607 8608 8609 8610 8611 8693 8694 8780 8781
moead,ns465,7,6,1500,30,154852732.656258,25.521005,0.666667,0.333333,6499 6565 7600 7667 7735 7736 7801 7803 7804 7805 7870 7871 7872 7873 7874 7941 7942 7943 7944 7945 7946 8011 8012 8013 8014 8015 8016 8081 8082 8083 8084 8085 8086 8152 8153 8154 8155 8156 8157 8225 8226 8227 8228 8229 8230 8296 8297 8298 8299 8300 8301 8302 8369 8370 8371 8372 8373 8374 8375 8447 8448 8449 8450 8451 8525 8526 8527 8528 8529 8530 8607 8608 8609 8610 8611 8693 8694 8780 8781
moead,ns465,7,7,1500,30,154852732.656258,25.521005,0.777778,0.222222,6499 6565 7600 7667 7735 7736 7801 7803 7804 7805 7870 7871 7872 7873 7874 7941 7942 7943 7944 7945 7946 8011 8012 8013 8014 8015 8016 8081 8082 8083 8084 8085 8086 8152 8153 8154 8155 8156 8157 8225 8226 8227 8228 8229 8230 8296 8297 8298 8299 8300 8301 8302 8369 8370 8371 8372 8373 8374 8375 8447 8448 8449 8450 8451 8525 8526 8527 8528 8529 8530 8607 8608 8609 8610 8611 8693 8694 8780 8781
moead,ns465,7,8,1500,30,154852732.656258,25.521005,0.888889,0.111111,6499 6565 7600 7667 7735 7736 7801 7803 7804 7805 7870 7871 7872 7873 7874 7941 7942 7943 7944 7945 7946 8011 8012 8013 8014 8015 8016 8081 8082 8083 8084 8085 8086 8152 8153 8154 8155 8156 8157 8225 8226 8227 8228 8229 8230 8296 8297 8298 8299 8300 8301 8302 8369 8370 8371 8372 8373 8374 8375 8447 8448 8449 8450 8451 8525 8526 8527 8528 8529 8530 8607 8608 8609 8610 8611 8693 8694 8780 8781
moead,ns465,7,9,1500,30,154852732.656258,25.521005,1.000000,0.000000,6499 6565 7600 7667 7735 7736 7801 7803 7804 7805 7870 7871 7872 7873 7874 7941 7942 7943 7944 7945 7946 8011 8012 8013 8014 8015 8016 8081 8082 8083 8084 8085 8086 8152 8153 8154 8155 8156 8157 8225 8226 8227 8228 8229 8230 8296 8297 8298 8299 8300 8301 8302 8369 8370 8371 8372 8373 8374 8375 8447 8448 8449 8450 8451 8525 8526 8527 8528 8529 8530 8607 8608 8609 8610 8611 8693 8694 8780 8781
moead,ns465,7,0,1550,31,196631903.603347,249.703345,0.000000,1.000000,92 97 182 435 533 1076 1267 1474 1897 2215 2416 2463 2506 2518 2650 2655 3386 3390 3503 4143 4404 4964 5021 5334 5445 5711 6050 6105 6213 6240 6429 6470 6478 6619 6659 6913 7045 7184 7260 7320 7460 7657 7666 7728 7745 7952 8129 8235 8480 8697 9450 9571 10061 10137 10159 10458 10696 10763 10952 11268 11278 11591 11637 11776 12315 12557 13213 13354 13698 13775 13798 13902 14028 14165 14286 14594 14652 14666 14701
moead,ns465,7,1,1550,31,154850731.118035,28.324683,0.111111,0.888889,6312 6499 6565 7600 7667 7735 7736 7803 7804 7805 7870 7871 7872 7873 7874 7941 7942 7943 7944 7945 7946 8011 8012 8013 8014 8015 8016 8081 8082 8083 8084 8085 8086 8152 8153 8154 8155 8156 8157 8225 8226 8227 8228 8229 8230 8296 8297 8298 8299 8300 8301 8302 8369 8370 8371 8372 8373 8374 8375 8447 8448 8449 8450 8451 8525 8526 8527 8528 8529 8530 8607 8608 8609 8610 8611 8693 8694 8780 8781
moead,ns465,7,2,1550,31,154850731.118035,28.324683,0.222222,0.777778,6312 6499 6565 7600 7667 7735 7736 7803 7804 7805 7870 7871 7872 7873 7874 7941 7942 7943 7944 7945 7946 8011 8012 8013 8014 8015 8016 8081 8082 8083 8084 8085 8086 8152 8153 8154 8155 8156 8157 8225 8226 8227 8228 8229 8230 8296 8297 8298 8299 8300 8301 8302 8369 8370 8371 8372 8373 8374 8375 8447 8448 8449 8450 8451 8525 8526 8527 8528 8529 8530 8607 8608 8609 8610 8611 8693 8694 8780 8781
moead,ns465,7,3,1550,31,154850731.118035,28.324683,0.333333,0.666667,6312 6499 6565 7600 7667 7735 7736 7803 7804 7805 7870 7871 7872 7873 7874 7941 7942 7943 7944 7945 7946 8011 8012 8013 8014 8015 8016 8081 8082 8083 8084 8085 8086 8152 8153 8154 8155 8156 8157 8225 8226 8227 8228 8229 8230 8296 8297 8298 8299 8300 8301 8302 8369 8370 8371 8372 8373 8374 8375 8447 8448 8449 8450 8451 8525 8526 8527 8528 8529 8530 8607 8608 8609 8610 8611 8693 8694 8780 8781
moead,ns465,7,4,1550,31,154850731.118035,28.324683,0.444444,0.555556,6312 6499 6565 7600 7667 7735 7736 7803 7804 7805 7870 7871 7872 7873 7874 7941 7942 7943 7944 7945 7946 8011 8012 8013 8014 8015 8016 8081 8082 8083 8084 8085 8086 8152 8153 8154 8155 8156 8157 8225 8226 8227 8228 8229 8230 8296 8297 8298 8299 8300 8301 8302 8369 8370 8371 8372 8373 8374 8375 8447 8448 8449 8450 8451 8525 8526 8527 8528 8529 8530 8607 8608 8609 8610 8611 8693 8694 8780 8781
moead,ns465,7,5,1550,31,154850731.118035,28.324683,0.555556,0.444444,6312 6499 6565 7600 7667 7735 7736 7803 7804 7805 7870 7871 7872 7873 7874 7941 7942 7943 7944 7945 7946 8011 8012 8013 8014 8015 8016 8081 8082 8083 8084 8085 8086 8152 8153 8154 8155 8156 8157 8225 8226 8227 8228 8229 8230 8296 8297 8298 8299 8300 8301 8302 8369 8370 8371 8372 8373 8374 8375 8447 8448 8449 8450 8451 8525 8526 8527 8528 8529 8530 8607 8608 8609 8610 8611 8693 8694 8780 8781
moead,ns465,7,6,1550,31,154850731.118035,28.324683,0.666667,0.333333,6312 6499 6565 7600 7667 7735 7736 7803 7804 7805 7870 7871 7872 7873 7874 7941 7942 7943 7944 7945 7946 8011 8012 8013 8014 8015 8016 8081 8082 8083 8084 8085 8086 8152 8153 8154 8155 8156 8157 8225 8226 8227 8228 8229 8230 8296 8297 8298 8299 8300 8301 8302 8369 8370 8371 8372 8373 8374 8375 8447 8448 8449 8450 8451 8525 8526 8527 8528 8529 8530 8607 8608 8609 8610 8611 8693 8694 8780 8781
moead,ns465,7,7,1550,31,154850731.118035,28.324683,0.777778,0.222222,6312 6499 6565 7600 7667 7735 7736 7803 7804 7805 7870 7871 7872 7873 7874 7941 7942 7943 7944 7945 7946 8011 8012 8013 8014 8015 8016 8081 8082 8083 8084 8085 8086 8152 8153 8154 8155 8156 8157 8225 8226 8227 8228 8229 8230 8296 8297 8298 8299 8300 8301 8302 8369 8370 8371 8372 8373 8374 8375 8447 8448 8449 8450 8451 8525 8526 8527 8528 8529 8530 8607 8608 8609 8610 8611 8693 8694 8780 8781
moead,ns465,7,8,1550,31,154850731.118035,28.324683,0.888889,0.111111,6312 6499 6565 7600 7667 7735 7736 7803 7804 7805 7870 7871 7872 7873 7874 7941 7942 7943 7944 7945 7946 8011 8012 8013 8014 8015 8016 8081 8082 8083 8084 8085 8086 8152 8153 8154 8155 8156 8157 8225 8226 8227 8228 8229 8230 8296 8297 8298 8299 8300 8301 8302 8369 8370 8371 8372 8373 8374 8375 8447 8448 8449 8450 8451 8525 8526 8527 8528 8529 8530 8607 8608 8609 8610 8611 8693 8694 8780 8781
moead,ns465,7,9,1550,31,154850731.118035,28.324683,1.000000,0.000000,6312 6499 6565 7600 7667 7735 7736 7803 7804 7805 7870 7871 7872 7873 7874 7941 7942 7943 7944 7945 7946 8011 8012 8013 8014 8015 8016 8081 8082 8083 8084 8085 8086 8152 8153 8154 8155 8156 8157 8225 8226 8227 8228 8229 8230 8296 8297 8298 8299 8300 8301 8302 8369 8370 8371 8372 8373 8374 8375 8447 8448 8449 8450 8451 8525 8526 8527 8528 8529 8530 8607 8608 8609 8610 8611 8693 8694 8780 8781
moead,ns465,7,0,1600,32,196732604.184495,249.703345,0.000000,1.000000,92 97 182 435 533 1076 1267 1474 1897 2215 2416 2463 2506 2518 2650 2655 3386 3390 3503 4143 4404 4964 5021 5334 5445 5711 6050 6105 6213 6240 6429 6470 6478 6619 6659 6913 7045 7184 7260 7320 7460 7657 7666 7728 7745 7952 8129 8235 8480 8697 9450 9571 10061 10137 10159 10458 10696 10763 10952 11268 11278 11416 11591 11637 12315 12557 13213 13354 13698 13775 13798 13902 14028 14165 14286 14594 14652 14666 14701
moead,ns465,7,1,1600,32,154845181.790265,30.990762,0.111111,0.888889,6312 6433 6565 7600 7667 7735 7736 7803 7804 7805 7870 7871 7872 7873 7874 7941 7942 7943 7944 7945 7946 8011 8012 8013 8014 8015 8016 8081 8082 8083 8084 8085 8086 8152 8153 8154 8155 8156 8157 8225 8226 8227 8228 8229 8230 8296 8297 8298 8299 8300 8301 8302 8369 8370 8371 8372 8373 8374 8375 8447 8448 8449 8450 8451 8525 8526 8527 8528 8529 8530 8607 8608 8609 8610 8611 8693 8694 8780 8781
moead,ns465,7,2,1600,32,154845181.790265,30.990762,0.222222,0.777778,6312 6433 6565 7600 7667 7735 7736 7803 7804 7805 7870 7871 7872 7873 7874 7941 7942 7943 7944 7945 7946 8011 8012 8013 8014 8015 8016 8081 8082 8083 8084 8085 8086 8152 8153 8154 8155 8156 8157 8225 8226 8227 8228 8229 8230 8296 8297 8298 8299 8300 8301 8302 8369 8370 8371 8372 8373 8374 8375 8447 8448 8449 8450 8451 8525 8526 8527 8528 8529 8530 8607 8608 8609 8610 8611 8693 8694 8780 8781
moead,ns465,7,3,1600,32,154845181.790265,30.990762,0.333333,0.666667,6312 6433 6565 7600 7667 7735 7736 7803 7804 7805 7870 7871 7872 7873 7874 7941 7942 7943 7944 7945 7946 8011 8012 8013 8014 8015 8016 8081 8082 8083 8084 8085 8086 8152 8153 8154 8155 8156 8157 8225 8226 8227 8228 8229 8230 8296 8297 8298 8299 8300 8301 8302 8369 8370 8371 8372 8373 8374 8375 8447 8448 8449 8450 8451 8525 8526 8527 8528 8529 8530 8607 8608 8609 8610 8611 8693 8694 8780 8781
moead,ns465,7,4,1600,32,154845181.790265,30.990762,0.444444,0.555556,6312 6433 6565 7600 7667 7735 7736 7803 7804 7805 7870 7871 7872 7873 7874 7941 7942 7943 7944 7945 7946 8011 8012 8013 8014 8015 8016 8081 8082 8083 8084 8085 8086 8152 8153 8154 8155 8156 8157 8225 8226 8227 8228 8229 8230 8296 8297 8298 8299 8300 8301 8302 8369 8370 8371 8372 8373 8374 8375 8447 8448 8449 8450 8451 8525 8526 8527 8528 8529 8530 8607 8608 8609 8610 8611 8693 8694 8780 8781
moead,ns465,7,5,1600,32,154845181.790265,30.990762,0.555556,0.444444,6312 6433 6565 7600 7667 7735 7736 7803 7804 7805 7870 7871 7872 7873 7874 7941 7942 7943 7944 7945 7946 8011 8012 8013 8014 8015 8016 8081 8082 8083 8084 8085 8086 8152 8153 8154 8155 8156 8157 8225 8226 8227 8228 8229 8230 8296 8297 8298 8299 8300 8301 8302 8369 8370 8371 8372 8373 8374 8375 8447 8448 8449 8450 8451 8525 8526 8527 8528 8529 8530 8607 8608 8609 8610 8611 8693 8694 8780 8781
moead,ns465,7,6,1600,32,154845181.790265,30.990762,0.666667,0.333333,6312 6433 6565 7600 7667 7735 7736 7803 7804 7805 7870 7871 7872 7873 7874 7941 7942 7943 7944 7945 7946 8011 8012 8013 8014 8015 8016 8081 8082 8083 8084 8085 8086 8152 8153 8154 8155 8156 8157 8225 8226 8227 8228 8229 8230 8296 8297 8298 8299 8300 8301 8302 8369 8370 8371 8372 8373 8374 8375 8447 8448 8449 8450 8451 8525 8526 8527 8528 8529 8530 8607 8608 8609 8610 8611 8693 8694 8780 8781
moead,ns465,7,7,1600,32,154845181.790265,30.990762,0.777778,0.222222,6312 6433 6565 7600 7667 7735 7736 7803 7804 7805 7870 7871 7872 7873 7874 7941 7942 7943 7944 7945 7946 8011 8012 8013 8014 8015 8016 8081 8082 8083 8084 8085 8086 8152 8153 8154 8155 8156 8157 8225 8226 8227 8228 8229 8230 8296 8297 8298 8299 8300 8301 8302 8369 8370 8371 8372 8373 8374 8375 8447 8448 8449 8450 8451 8525 8526 8527 8528 8529 8530 8607 8608 8609 8610 8611 8693 8694 8780 8781
moead,ns465,7,8,1600,32,154845181.790265,30.990762,0.888889,0.111111,6312 6433 6565 7600 7667 7735 7736 7803 7804 7805 7870 7871 7872 7873 7874 7941 7942 7943 7944 7945 7946 8011 8012 8013 8014 8015 8016 8081 8082 8083 8084 8085 8086 8152 8153 8154 8155 8156 8157 8225 8226 8227 8228 8229 8230 8296 8297 8298 8299 8300 8301 8302 8369 8370 8371 8372 8373 8374 8375 8447 8448 8449 8450 8451 8525 8526 8527 8528 8529 8530 8607 8608 8609 8610 8611 8693 8694 8780 8781
moead,ns465,7,9,1600,32,154845181.790265,30.990762,1.000000,0.000000,6312 6433 6565 7600 7667 7735 7736 7803 7804 7805 7870 7871 7872 7873 7874 7941 7942 7943 7944 7945 7946 8011 8012 8013 8014 8015 8016 8081 8082 8083 8084 8085 8086 8152 8153 8154 8155 8156 8157 8225 8226 8227 8228 8229 8230 8296 8297 8298 8299 8300 8301 8302 8369 8370 8371 8372 8373 8374 8375 8447 8448 8449 8450 8451 8525 8526 8527 8528 8529 8530 8607 8608 8609 8610 8611 8693 8694 8780 8781
moead,ns465,7,0,1650,33,197557122.881680,250.295197,0.000000,1.000000,92 97 182 435 533 1076 1267 1474 1897 2215 2416 2463 2506 2518 2650 2655 3386 3390 3503 4143 4404 4964 5021 5334 5445 5711 6050 6105 6213 6240 6429 6470 6478 6619 6659 6913 7045 7184 7260 7320 7460 7657 7666 7728 7745 7952 8129 8235 8480 8697 9450 9571 10061 10137 10159 10458 10696 10763 10952 11268 11278 11416 11539 11591 11637 11674 12315 12557 13213 13354 13775 13902 14028 14165 14286 14594 14652 14666 14701
moead,ns465,7,1,1650,33,154837926.074790,30.729388,0.111111,0.888889,6312 6433 6565 7600 7667 7735 7736 7737 7803 7804 7805 7871 7872 7873 7874 7941 7942 7943 7944 7945 7946 8011 8012 8013 8014 8015 8016 8081 8082 8083 8084 8085 8086 8152 8153 8154 8155 8156 8157 8225 8226 8227 8228 8229 8230 8296 8297 8298 8299 8300 8301 8302 8369 8370 8371 8372 8373 8374 8375 8447 8448 8449 8450 8451 8525 8526 8527 8528 8529 8530 8607 8608 8609 8610 8611 8693 8694 8780 8781
moead,ns465,7,2,1650,33,154837926.074790,30.729388,0.222222,0.777778,6312 6433 6565 7600 7667 7735 7736 7737 7803 7804 7805 7871 7872 7873 7874 7941 7942 7943 7944 7945 7946 8011 8012 8013 8014 8015 8016 8081 8082 8083 8084 8085 8086 8152 8153 8154 8155 8156 8157 8225 8226 8227 8228 8229 8230 8296 8297 8298 8299 8300 8301 8302 8369 8370 8371 8372 8373 8374 8375 8447 8448 8449 8450 8451 8525 8526 8527 8528 8529 8530 8607 8608 8609 8610 8611 8693 8694 8780 8781
moead,ns465,7,3,1650,33,154837926.074790,30.729388,0.333333,0.666667,6312 6433 6565 7600 7667 7735 7736 7737 7803 7804 7805 7871 7872 7873 7874 7941 7942 7943 7944 7945 7946 8011 8012 8013 8014 8015 8016 8081 8082 8083 8084 8085 8086 8152 8153 8154 8155 8156 8157 8225 8226 8227 8228 8229 8230 8296 8297 8298 8299 8300 8301 8302 8369 8370 8371 8372 8373 8374 8375 8447 8448 8449 8450 8451 8525 8526 8527 8528 8529 8530 8607 8608 8609 8610 8611 8693 8694 8780 8781
moead,ns465,7,4,1650,33,154837926.074790,30.729388,0.444444,0.555556,6312 6433 6565 7600 7667 7735 7736 7737 7803 7804 7805 7871 7872 7873 7874 7941 7942 7943 7944 7945 7946 8011 8012 8013 8014 8015 8016 8081 8082 8083 8084 8085 8086 8152 8153 8154 8155 8156 8157 8225 8226 8227 8228 8229 8230 8296 8297 8298 8299 8300 8301 8302 8369 8370 8371 8372 8373 8374 8375 8447 8448 8449 8450 8451 8525 8526 8527 8528 8529 8530 8607 8608 8609 8610 8611 8693 8694 8780 8781
moead,ns465,7,5,1650,33,154837926.074790,30.729388,0.555556,0.444444,6312 6433 6565 7600 7667 7735 7736 7737 7803 7804 7805 7871 7872 7873 7874 7941 7942 7943 7944 7945 7946 8011 8012 8013 8014 8015 8016 8081 8082 8083 8084 8085 8086 8152 8153 8154 8155 8156 8157 8225 8226 8227 8228 8229 8230 8296 8297 8298 8299 8300 8301 8302 8369 8370 8371 8372 8373 8374 8375 8447 8448 8449 8450 8451 8525 8526 8527 8528 8529 8530 8607 8608 8609 8610 8611 8693 8694 8780 8781
moead,ns465,7,6,1650,33,154837926.074790,30.729388,0.666667,0.333333,6312 6433 6565 7600 7667 7735 7736 7737 7803 7804 7805 7871 7872 7873 7874 7941 7942 7943 7944 7945 7946 8011 8012 8013 8014 8015 8016 8081 8082 8083 8084 8085 8086 8152 8153 8154 8155 8156 8157 8225 8226 8227 8228 8229 8230 8296 8297 8298 8299 8300 8301 8302 8369 8370 8371 8372 8373 8374 8375 8447 8448 8449 8450 8451 8525 8526 8527 8528 8529 8530 8607 8608 8609 8610 8611 8693 8694 8780 8781
moead,ns465,7,7,1650,33,154837926.074790,30.729388,0.777778,0.222222,6312 6433 6565 7600 7667 7735 7736 7737 7803 7804 7805 7871 7872 7873 7874 7941 7942 7943 7944 7945 7946 8011 8012 8013 8014 8015 8016 8081 8082 8083 8084 8085 8086 8152 8153 8154 8155 8156 8157 8225 8226 8227 8228 8229 8230 8296 8297 8298 8299 8300 8301 8302 8369 8370 8371 8372 8373 8374 8375 8447 8448 8449 8450 8451 8525 8526 8527 8528 8529 8530 8607 8608 8609 8610 8611 8693 8694 8780 8781
moead,ns465,7,8,1650,33,154837926.074790,30.729388,0.888889,0.111111,6312 6433 6565 7600 7667 7735 7736 7737 7803 7804 7805 7871 7872 7873 7874 7941 7942 7943 7944 7945 7946 8011 8012 8013 8014 8015 8016 8081 8082 8083 8084 8085 8086 8152 8153 8154 8155 8156 8157 8225 8226 8227 8228 8229 8230 8296 8297 8298 8299 8300 8301 8302 8369 8370 8371 8372 8373 8374 8375 8447 8448 8449 8450 8451 8525 8526 8527 8528 8529 8530 8607 8608 8609 8610 8611 8693 8694 8780 8781
moead,ns465,7,9,1650,33,154837926.074790,30.729388,1.000000,0.000000,6312 6433 6565 7600 7667 7735 7736 7737 7803 7804 7805 7871 7872 7873 7874 7941 7942 7943 7944 7945 7946 8011 8012 8013 8014 8015 8016 8081 8082 8083 8084 8085 8086 8152 8153 8154 8155 8156 8157 8225 8226 8227 8228 8229 8230 8296 8297 8298 8299 8300 8301 8302 8369 8370 8371 8372 8373 8374 8375 8447 8448 8449 8450 8451 8525 8526 8527 8528 8529 8530 8607 8608 8609 8610 8611 8693 8694 8780 8781
moead,ns465,7,0,1700,34,197307793.555965,250.422303,0.000000,1.000000,92 97 182 435 533 1076 1267 1474 1897 1996 2416 2463 2506 2518 2650 2655 3386 3390 3503 4143 4404 4964 5021 5334 5445 5711 6050 6105 6213 6240 6429 6470 6478 6619 6659 6913 7045 7184 7260 7320 7460 7657 7666 7728 7745 7952 8129 8235 8480 8697 9450 9571 10061 10137 10159 10458 10696 10763 10952 11268 11278 11416 11539 11591 11637 11674 12315 12557 13213 13354 13775 13902 14028 14165 14286 14594 14652 14666 14701
moead,ns465,7,1,1700,34,154837926.074790,30.729388,0.111111,0.888889,6312 6433 6565 7600 7667 7735 7736 7737 7803 7804 7805 7871 7872 7873 7874 7941 7942 7943 7944 7945 7946 8011 8012 8013 8014 8015 8016 8081 8082 8083 8084 8085 8086 8152 8153 8154 8155 8156 8157 8225 8226 8227 8228 8229 8230 8296 8297 8298 8299 8300 8301 8302 8369 8370 8371 8372 8373 8374 8375 8447 8448 8449 8450 8451 8525 8526 8527 8528 8529 8530 8607 8608 8609 8610 8611 8693 8694 8780 8781
moead,ns465,7,2,1700,34,154837926.074790,30.729388,0.222222,0.777778,6312 6433 6565 7600 7667 7735 7736 7737 7803 7804 7805 7871 7872 7873 7874 7941 7942 7943 7944 7945 7946 8011 8012 8013 8014 8015 8016 8081 8082 8083 8084 8085 8086 8152 8153 8154 8155 8156 8157 8225 8226 8227 8228 8229 8230 8296 8297 8298 8299 8300 8301 8302 8369 8370 8371 8372 8373 8374 8375 8447 8448 8449 8450 8451 8525 8526 8527 8528 8529 8530 8607 8608 8609 8610 8611 8693 8694 8780 8781
moead,ns465,7,3,1700,34,154837926.074790,30.729388,0.333333,0.666667,6312 6433 6565 7600 7667 7735 7736 7737 7803 7804 7805 7871 7872 7873 7874 7941 7942 7943 7944 7945 7946 8011 8012 8013 8014 8015 8016 8081 8082 8083 8084 8085 8086 8152 8153 8154 8155 8156 8157 8225 8226 8227 8228 8229 8230 8296 8297 8298 8299 8300 8301 8302 8369 8370 8371 8372 8373 8374 8375 8447 8448 8449 8450 8451 8525 8526 8527 8528 8529 8530 8607 8608 8609 8610 8611 8693 8694 8780 8781
moead,ns465,7,4,1700,34,154837926.074790,30.729388,0.444444,0.555556,6312 6433 6565 7600 7667 7735 7736 7737 7803 7804 7805 7871 7872 7873 7874 7941 7942 7943 7944 7945 7946 8011 8012 8013 8014 8015 8016 8081 8082 8083 8084 8085 8086 8152 8153 8154 8155 8156 8157 8225 8226 8227 8228 8229 8230 8296 8297 8298 8299 8300 8301 8302 8369 8370 8371 8372 8373 8374 8375 8447 8448 8449 8450 8451 8525 8526 8527 8528 8529 8530 8607 8608 8609 8610 8611 8693 8694 8780 8781
moead,ns465,7,5,1700,34,154837926.074790,30.729388,0.555556,0.444444,6312 6433 6565 7600 7667 7735 7736 7737 7803 7804 7805 7871 7872 7873 7874 7941 7942 7943 7944 7945 7946 8011 8012 8013 8014 8015 8016 8081 8082 8083 8084 8085 8086 8152 8153 8154 8155 8156 8157 8225 8226 8227 8228 8229 8230 8296 8297 8298 8299 8300 8301 8302 8369 8370 8371 8372 8373 8374 8375 8447 8448 8449 8450 8451 8525 8526 8527 8528 8529 8530 8607 8608 8609 8610 8611 8693 8694 8780 8781
moead,ns465,7,6,1700,34,154837926.074790,30.729388,0.666667,0.333333,6312 6433 6565 7600 7667 7735 7736 7737 7803 7804 7805 7871 7872 7873 7874 7941 7942 7943 7944 7945 7946 8011 8012 8013 8014 8015 8016 8081 8082 8083 8084 8085 8086 8152 8153 8154 8155 8156 8157 8225 8226 8227 8228 8229 8230 8296 8297 8298 8299 8300 8301 8302 8369 8370 8371 8372 8373 8374 8375 8447 8448 8449 8450 8451 8525 8526 8527 8528 8529 8530 8607 8608 8609 8610 8611 8693 8694 8780 8781
moead,ns465,7,7,1700,34,154837926.074790,30.729388,0.777778,0.222222,6312 6433 6565 7600 7667 7735 7736 7737 7803 7804 7805 7871 7872 7873 7874 7941 7942 7943 7944 7945 7946 8011 8012 8013 8014 8015 8016 8081 8082 8083 8084 8085 8086 8152 8153 8154 8155 8156 8157 8225 8226 8227 8228 8229 8230 8296 8297 8298 8299 8300 8301 8302 8369 8370 8371 8372 8373 8374 8375 8447 8448 8449 8450 8451 8525 8526 8527 8528 8529 8530 8607 8608 8609 8610 8611 8693 8694 8780 8781
moead,ns465,7,8,1700,34,154837926.074790,30.729388,0.888889,0.111111,6312 6433 6565 7600 7667 7735 7736 7737 7803 7804 7805 7871 7872 7873 7874 7941 7942 7943 7944 7945 7946 8011 8012 8013 8014 8015 8016 8081 8082 8083 8084 8085 8086 8152 8153 8154 8155 8156 8157 8225 8226 8227 8228 8229 8230 8296 8297 8298 8299 8300 8301 8302 8369 8370 8371 8372 8373 8374 8375 8447 8448 8449 8450 8451 8525 8526 8527 8528 8529 8530 8607 8608 8609 8610 8611 8693 8694 8780 8781
moead,ns465,7,9,1700,34,154837926.074790,30.729388,1.000000,0.000000,6312 6433 6565 7600 7667 7735 7736 7737 7803 7804 7805 7871 7872 7873 7874 7941 7942 7943 7944 7945 7946 8011 8012 8013 8014 8015 8016 8081 8082 8083 8084 8085 8086 8152 8153 8154 8155 8156 8157 8225 8226 8227 8228 8229 8230 8296 8297 8298 8299 8300 8301 8302 8369 8370 8371 8372 8373 8374 8375 8447 8448 8449 8450 8451 8525 8526 8527 8528 8529 8530 8607 8608 8609 8610 8611 8693 8694 8780 8781
moead,ns465,7,0,1750,35,198878102.676455,251.221709,0.000000,1.000000,92 97 182 435 533 661 1076 1267 1897 1996 2416 2463 2506 2518 2650 2655 3386 3390 3503 4143 4404 4964 5021 5334 5445 5711 6050 6105 6213 6240 6429 6470 6478 6619 6659 6913 7045 7184 7260 7320 7460 7657 7666 7728 7745 7952 8129 8235 8480 8697 9450 9571 10061 10137 10159 10458 10696 10763 10952 11231 11268 11278 11416 11539 11591 11637 11674 12315 12557 12580 13354 13775 13902 14028 14286 14594 14652 14666 14701
moead,ns465,7,1,1750,35,154831174.897930,27.606937,0.111111,0.888889,6433 6565 7600 7667 7735 7736 7737 7803 7804 7805 7871 7872 7873 7874 7941 7942 7943 7944 7945 7946 8011 8012 8013 8014 8015 8016 8081 8082 8083 8084 8085 8086 8152 8153 8154 8155 8156 8157 8225 8226 8227 8228 8229 8230 8296 8297 8298 8299 8300 8301 8302 8369 8370 8371 8372 8373 8374 8375 8447 8448 8449 8450 8451 8525 8526 8527 8528 8529 8530 8606 8607 8608 8609 8610 8611 8693 8694 8780 8781
moead,ns465,7,2,1750,35,154831174.897930,27.606937,0.222222,0.777778,6433 6565 7600 7667 7735 7736 7737 7803 7804 7805 7871 7872 7873 7874 7941 7942 7943 7944 7945 7946 8011 8012 8013 8014 8015 8016 8081 8082 8083 8084 8085 8086 8152 8153 8154 8155 8156 8157 8225 8226 8227 8228 8229 8230 8296 8297 8298 8299 8300 8301 8302 8369 8370 8371 8372 8373 8374 8375 8447 8448 8449 8450 8451 8525 8526 8527 8528 8529 8530 8606 8607 8608 8609 8610 8611 8693 8694 8780 8781
moead,ns465,7,3,1750,35,154831174.897930,27.606937,0.333333,0.666667,6433 6565 7600 7667 7735 7736 7737 7803 7804 7805 7871 7872 7873 7874 7941 7942 7943 7944 7945 7946 8011 8012 8013 8014 8015 8016 8081 8082 8083 8084 8085 8086 8152 8153 8154 8155 8156 8157 8225 8226 8227 8228 8229 8230 8296 8297 8298 8299 8300 8301 8302 8369 8370 8371 8372 8373 8374 8375 8447 8448 8449 8450 8451 8525 8526 8527 8528 8529 8530 8606 8607 8608 8609 8610 8611 8693 8694 8780 8781
moead,ns465,7,4,1750,35,154831174.897930,27.606937,0.444444,0.555556,6433 6565 7600 7667 7735 7736 7737 7803 7804 7805 7871 7872 7873 7874 7941 7942 7943 7944 7945 7946 8011 8012 8013 8014 8015 8016 8081 8082 8083 8084 8085 8086 8152 8153 8154 8155 8156 8157 8225 8226 8227 8228 8229 8230 8296 8297 8298 8299 8300 8301 8302 8369 8370 8371 8372 8373 8374 8375 8447 8448 8449 8450 8451 8525 8526 8527 8528 8529 8530 8606 8607 8608 8609 8610 8611 8693 8694 8780 8781
moead,ns465,7,5,1750,35,154831174.897930,27.606937,0.555556,0.444444,6433 6565 7600 7667 7735 7736 7737 7803 7804 7805 7871 7872 7873 7874 7941 7942 7943 7944 7945 7946 8011 8012 8013 8014 8015 8016 8081 8082 8083 8084 8085 8086 8152 8153 8154 8155 8156 8157 8225 8226 8227 8228 8229 8230 8296 8297 8298 8299 8300 8301 8302 8369 8370 8371 8372 8373 8374 8375 8447 8448 8449 8450 8451 8525 8526 8527 8528 8529 8530 8606 8607 8608 8609 8610 8611 8693 8694 8780 8781
moead,ns465,7,6,1750,35,154831174.897930,27.606937,0.666667,0.333333,6433 6565 7600 7667 7735 7736 7737 7803 7804 7805 7871 7872 7873 7874 7941 7942 7943 7944 7945 7946 8011 8012 8013 8014 8015 8016 8081 8082 8083 8084 8085 8086 8152 8153 8154 8155 8156 8157 8225 8226 8227 8228 8229 8230 8296 8297 8298 8299 8300 8301 8302 8369 8370 8371 8372 8373 8374 8375 8447 8448 8449 8450 8451 8525 8526 8527 8528 8529 8530 8606 8607 8608 8609 8610 8611 8693 8694 8780 8781
moead,ns465,7,7,1750,35,154831174.897930,27.606937,0.777778,0.222222,6433 6565 7600 7667 7735 7736 7737 7803 7804 7805 7871 7872 7873 7874 7941 7942 7943 7944 7945 7946 8011 8012 8013 8014 8015 8016 8081 8082 8083 8084 8085 8086 8152 8153 8154 8155 8156 8157 8225 8226 8227 8228 8229 8230 8296 8297 8298 8299 8300 8301 8302 8369 8370 8371 8372 8373 8374 8375 8447 8448 8449 8450 8451 8525 8526 8527 8528 8529 8530 8606 8607 8608 8609 8610 8611 8693 8694 8780 8781
moead,ns465,7,8,1750,35,154831174.897930,27.606937,0.888889,0.111111,6433 6565 7600 7667 7735 7736 7737 7803 7804 7805 7871 7872 7873 7874 7941 7942 7943 7944 7945 7946 8011 8012 8013 8014 8015 8016 8081 8082 8083 8084 8085 8086 8152 8153 8154 8155 8156 8157 8225 8226 8227 8228 8229 8230 8296 8297 8298 8299 8300 8301 8302 8369 8370 8371 8372 8373 8374 8375 8447 8448 8449 8450 8451 8525 8526 8527 8528 8529 8530 8606 8607 8608 8609 8610 8611 8693 8694 8780 8781
moead,ns465,7,9,1750,35,154831174.897930,27.606937,1.000000,0.000000,6433 6565 7600 7667 7735 7736 7737 7803 7804 7805 7871 7872 7873 7874 7941 7942 7943 7944 7945 7946 8011 8012 8013 8014 8015 8016 8081 8082 8083 8084 8085 8086 8152 8153 8154 8155 8156 8157 8225 8226 8227 8228 8229 8230 8296 8297 8298 8299 8300 8301 8302 8369 8370 8371 8372 8373 8374 8375 8447 8448 8449 8450 8451 8525 8526 8527 8528 8529 8530 8606 8607 8608 8609 8610 8611 8693 8694 8780 8781
moead,ns465,7,0,1800,36,199000360.067499,251.223559,0.000000,1.000000,92 97 182 435 533 661 1076 1267 1897 1996 2416 2463 2506 2518 2650 2655 3386 3390 3503 4143 4395 4404 4964 5021 5334 5445 5711 6050 6105 6213 6240 6429 6470 6478 6619 6659 6913 7184 7260 7320 7460 7657 7666 7728 7745 7952 8129 8235 8480 8697 9450 9571 10061 10137 10159 10458 10696 10763 10952 11231 11268 11278 11416 11539 11591 11637 11674 12315 12557 12580 13354 13775 13902 14028 14286 14594 14652 14666 14701
moead,ns465,7,1,1800,36,154831174.897930,27.606937,0.111111,0.888889,6433 6565 7600 7667 7735 7736 7737 7803 7804 7805 7871 7872 7873 7874 7941 7942 7943 7944 7945 7946 8011 8012 8013 8014 8015 8016 8081 8082 8083 8084 8085 8086 8152 8153 8154 8155 8156 8157 8225 8226 8227 8228 8229 8230 8296 8297 8298 8299 8300 8301 8302 8369 8370 8371 8372 8373 8374 8375 8447 8448 8449 8450 8451 8525 8526 8527 8528 8529 8530 8606 8607 8608 8609 8610 8611 8693 8694 8780 8781
moead,ns465,7,2,1800,36,154831174.897930,27.606937,0.222222,0.777778,6433 6565 7600 7667 7735 7736 7737 7803 7804 7805 7871 7872 7873 7874 7941 7942 7943 7944 7945 7946 8011 8012 8013 8014 8015 8016 8081 8082 8083 8084 8085 8086 8152 8153 8154 8155 8156 8157 8225 8226 8227 8228 8229 8230 8296 8297 8298 8299 8300 8301 8302 8369 8370 8371 8372 8373 8374 8375 8447 8448 8449 8450 8451 8525 8526 8527 8528 8529 8530 8606 8607 8608 8609 8610 8611 8693 8694 8780 8781
moead,ns465,7,3,1800,36,154831174.897930,27.606937,0.333333,0.666667,6433 6565 7600 7667 7735 7736 7737 7803 7804 7805 7871 7872 7873 7874 7941 7942 7943 7944 7945 7946 8011 8012 8013 8014 8015 8016 8081 8082 8083 8084 8085 8086 8152 8153 8154 8155 8156 8157 8225 8226 8227 8228 8229 8230 8296 8297 8298 8299 8300 8301 8302 8369 8370 8371 8372 8373 8374 8375 8447 8448 8449 8450 8451 8525 8526 8527 8528 8529 8530 8606 8607 8608 8609 8610 8611 8693 8694 8780 8781
moead,ns465,7,4,1800,36,154831174.897930,27.606937,0.444444,0.555556,6433 6565 7600 7667 7735 7736 7737 7803 7804 7805 7871 7872 7873 7874 7941 7942 7943 7944 7945 7946 8011 8012 8013 8014 8015 8016 8081 8082 8083 8084 8085 8086 8152 8153 8154 8155 8156 8157 8225 8226 8227 8228 8229 8230 8296 8297 8298 8299 8300 8301 8302 8369 8370 8371 8372 8373 8374 8375 8447 8448 8449 8450 8451 8525 8526 8527 8528 8529 8530 8606 8607 8608 8609 8610 8611 8693 8694 8780 8781
moead,ns465,7,5,1800,36,154831174.897930,27.606937,0.555556,0.444444,6433 6565 7600 7667 7735 7736 7737 7803 7804 7805 7871 7872 7873 7874 7941 7942 7943 7944 7945 7946 8011 8012 8013 8014 8015 8016 8081 8082 8083 8084 8085 8086 8152 8153 8154 8155 8156 8157 8225 8226 8227 8228 8229 8230 8296 8297 8298 8299 8300 8301 8302 8369 8370 8371 8372 8373 8374 8375 8447 8448 8449 8450 8451 8525 8526 8527 8528 8529 8530 8606 8607 8608 8609 8610 8611 8693 8694 8780 8781
moead,ns465,7,6,1800,36,154831174.897930,27.606937,0.666667,0.333333,6433 6565 7600 7667 7735 7736 7737 7803 7804 7805 7871 7872 7873 7874 7941 7942 7943 7944 7945 7946 8011 8012 8013 8014 8015 8016 8081 8082 8083 8084 8085 8086 8152 8153 8154 8155 8156 8157 8225 8226 8227 8228 8229 8230 8296 8297 8298 8299 8300 8301 8302 8369 8370 8371 8372 8373 8374 8375 8447 8448 8449 8450 8451 8525 8526 8527 8528 8529 8530 8606 8607 8608 8609 8610 8611 8693 8694 8780 8781
moead,ns465,7,7,1800,36,154831174.897930,27.606937,0.777778,0.222222,6433 6565 7600 7667 7735 7736 7737 7803 7804 7805 7871 7872 7873 7874 7941 7942 7943 7944 7945 7946 8011 8012 8013 8014 8015 8016 8081 8082 8083 8084 8085 8086 8152 8153 8154 8155 8156 8157 8225 8226 8227 8228 8229 8230 8296 8297 8298 8299 8300 8301 8302 8369 8370 8371 8372 8373 8374 8375 8447 8448 8449 8450 8451 8525 8526 8527 8528 8529 8530 8606 8607 8608 8609 8610 8611 8693 8694 8780 8781
moead,ns465,7,8,1800,36,154831174.897930,27.606937,0.888889,0.111111,6433 6565 7600 7667 7735 7736 7737 7803 7804 7805 7871 7872 7873 7874 7941 7942 7943 7944 7945 7946 8011 8012 8013 8014 8015 8016 8081 8082 8083 8084 8085 8086 8152 8153 8154 8155 8156 8157 8225 8226 8227 8228 8229 8230 8296 8297 8298 8299 8300 8301 8302 8369 8370 8371 8372 8373 8374 8375 8447 8448 8449 8450 8451 8525 8526 8527 8528 8529 8530 8606 8607 8608 8609 8610 8611 8693 8694 8780 8781
moead,ns465,7,9,1800,36,154831174.897930,27.606937,1.000000,0.000000,6433 6565 7600 7667 7735 7736 7737 7803 7804 7805 7871 7872 7873 7874 7941 7942 7943 7944 7945 7946 8011 8012 8013 8014 8015 8016 8081 8082 8083 8084 8085 8086 8152 8153 8154 8155 8156 8157 8225 8226 8227 8228 8229 8230 8296 8297 8298 8299 8300 8301 8302 8369 8370 8371 8372 8373 8374 8375 8447 8448 8449 8450 8451 8525 8526 8527 8528 8529 8530 8606 8607 8608 8609 8610 8611 8693 8694 8780 8781
moead,ns465,7,0,1850,37,199000360.067499,251.223559,0.000000,1.000000,92 97 182 435 533 661 1076 1267 1897 1996 2416 2463 2506 2518 2650 2655 3386 3390 3503 4143 4395 4404 4964 5021 5334 5445 5711 6050 6105 6213 6240 6429 6470 6478 6619 6659 6913 7184 7260 7320 7460 7657 7666 7728 7745 7952 8129 8235 8480 8697 9450 9571 10061 10137 10159 10458 10696 10763 10952 11231 11268 11278 11416 11539 11591 11637 11674 12315 12557 12580 13354 13775 13902 14028 14286 14594 14652 14666 14701
moead,ns465,7,1,1850,37,154829517.699103,27.913658,0.111111,0.888889,6433 6565 7600 7667 7735 7736 7737 7803 7804 7805 7870 7871 7872 7873 7874 7941 7942 7943 7944 7945 7946 8011 8012 8013 8014 8015 8016 8081 8082 8083 8084 8085 8086 8152 8153 8154 8155 8156 8157 8225 8226 8227 8228 8229 8230 8296 8297 8298 8299 8300 8301 8302 8369 8370 8371 8372 8373 8374 8375 8447 8448 8449 8450 8451 8525 8526 8527 8528 8529 8530 8607 8608 8609 8610 8611 8693 8694 8780 8781
moead,ns465,7,2,1850,37,154829517.699103,27.913658,0.222222,0.777778,6433 6565 7600 7667 7735 7736 7737 7803 7804 7805 7870 7871 7872 7873 7874 7941 7942 7943 7944 7945 7946 8011 8012 8013 8014 8015 8016 8081 8082 8083 8084 8085 8086 8152 8153 8154 8155 8156 8157 8225 8226 8227 8228 8229 8230 8296 8297 8298 8299 8300 8301 8302 8369 8370 8371 8372 8373 8374 8375 8447 8448 8449 8450 8451 8525 8526 8527 8528 8529 8530 8607 8608 8609 8610 8611 8693 8694 8780 8781
moead,ns465,7,3,1850,37,154829517.699103,27.913658,0.333333,0.666667,6433 6565 7600 7667 7735 7736 7737 7803 7804 7805 7870 7871 7872 7873 7874 7941 7942 7943 7944 7945 7946 8011 8012 8013 8014 8015 8016 8081 8082 8083 8084 8085 8086 8152 8153 8154 8155 8156 8157 8225 8226 8227 8228 8229 8230 8296 8297 8298 8299 8300 8301 8302 8369 8370 8371 8372 8373 8374 8375 8447 8448 8449 8450 8451 8525 8526 8527 8528 8529 8530 8607 8608 8609 8610 8611 8693 8694 8780 8781
moead,ns465,7,4,1850,37,154829517.699103,27.913658,0.444444,0.555556,6433 6565 7600 7667 7735 7736 7737 7803 7804 7805 7870 7871 7872 7873 7874 7941 7942 7943 7944 7945 7946 8011 8012 8013 8014 8015 8016 8081 8082 8083 8084 8085 8086 8152 8153 8154 8155 8156 8157 8225 8226 8227 8228 8229 8230 8296 8297 8298 8299 8300 8301 8302 8369 8370 8371 8372 8373 8374 8375 8447 8448 8449 8450 8451 8525 8526 8527 8528 8529 8530 8607 8608 8609 8610 8611 8693 8694 8780 8781
moead,ns465,7,5,1850,37,154829517.699103,27.913658,0.555556,0.444444,6433 6565 7600 7667 7735 7736 7737 7803 7804 7805 7870 7871 7872 7873 7874 7941 7942 7943 7944 7945 7946 8011 8012 8013 8014 8015 8016 8081 8082 8083 8084 8085 8086 8152 8153 8154 8155 8156 8157 8225 8226 8227 8228 8229 8230 8296 8297 8298 8299 8300 8301 8302 8369 8370 8371 8372 8373 8374 8375 8447 8448 8449 8450 8451 8525 8526 8527 8528 8529 8530 8607 8608 8609 8610 8611 8693 8694 8780 8781
moead,ns465,7,6,1850,37,154829517.699103,27.913658,0.666667,0.333333,6433 6565 7600 7667 7735 7736 7737 7803 7804 7805 7870 7871 7872 7873 7874 7941 7942 7943 7944 7945 7946 8011 8012 8013 8014 8015 8016 8081 8082 8083 8084 8085 8086 8152 8153 8154 8155 8156 8157 8225 8226 8227 8228 8229 8230 8296 8297 8298 8299 8300 8301 8302 8369 8370 8371 8372 8373 8374 8375 8447 8448 8449 8450 8451 8525 8526 8527 8528 8529 8530 8607 8608 8609 8610 8611 8693 8694 8780 8781
moead,ns465,7,7,1850,37,154829517.699103,27.913658,0.777778,0.222222,6433 6565 7600 7667 7735 7736 7737 7803 7804 7805 7870 7871 7872 7873 7874 7941 7942 7943 7944 7945 7946 8011 8012 8013 8014 8015 8016 8081 8082 8083 8084 8085 8086 8152 8153 8154 8155 8156 8157 8225 8226 8227 8228 8229 8230 8296 8297 8298 8299 8300 8301 8302 8369 8370 8371 8372 8373 8374 8375 8447 8448 8449 8450 8451 8525 8526 8527 8528 8529 8530 8607 8608 8609 8610 8611 8693 8694 8780 8781
moead,ns465,7,8,1850,37,154829517.699103,27.913658,0.888889,0.111111,6433 6565 7600 7667 7735 7736 7737 7803 7804 7805 7870 7871 7872 7873 7874 7941 7942 7943 7944 7945 7946 8011 8012 8013 8014 8015 8016 8081 8082 8083 8084 8085 8086 8152 8153 8154 8155 8156 8157 8225 8226 8227 8228 8229 8230 8296 8297 8298 8299 8300 8301 8302 8369 8370 8371 8372 8373 8374 8375 8447 8448 8449 8450 8451 8525 8526 8527 8528 8529 8530 8607 8608 8609 8610 8611 8693 8694 8780 8781
moead,ns465,7,9,1850,37,154829517.699103,27.913658,1.000000,0.000000,6433 6565 7600 7667 7735 7736 7737 7803 7804 7805 7870 7871 7872 7873 7874 7941 7942 7943 7944 7945 7946 8011 8012 8013 8014 8015 8016 8081 8082 8083 8084 8085 8086 8152 8153 8154 8155 8156 8157 8225 8226 8227 8228 8229 8230 8296 8297 8298 8299 8300 8301 8302 8369 8370 8371 8372 8373 8374 8375 8447 8448 8449 8450 8451 8525 8526 8527 8528 8529 8530 8607 8608 8609 8610 8611 8693 8694 8780 8781
moead,ns465,7,0,1900,38,199000360.067499,251.223559,0.000000,1.000000,92 97 182 435 533 661 1076 1267 1897 1996 2416 2463 2506 2518 2650 2655 3386 3390 3503 4143 4395 4404 4964 5021 5334 5445 5711 6050 6105 6213 6240 6429 6470 6478 6619 6659 6913 7184 7260 7320 7460 7657 7666 7728 7745 7952 8129 8235 8480 8697 9450 9571 10061 10137 10159 10458 10696 10763 10952 11231 11268 11278 11416 11539 11591 11637 11674 12315 12557 12580 13354 13775 13902 14028 14286 14594 14652 14666 14701
moead,ns465,7,1,1900,38,154823790.502679,30.050444,0.111111,0.888889,6433 6565 7600 7667 7735 7736 7737 7803 7804 7805 7871 7872 7873 7874 7941 7942 7943 7944 7945 7946 8011 8012 8013 8014 8015 8016 8081 8082 8083 8084 8085 8086 8152 8153 8154 8155 8156 8157 8225 8226 8227 8228 8229 8230 8296 8297 8298 8299 8300 8301 8302 8369 8370 8371 8372 8373 8374 8375 8447 8448 8449 8450 8451 8525 8526 8527 8528 8529 8530 8607 8608 8609 8610 8611 8692 8693 8694 8780 8781
moead,ns465,7,2,1900,38,154823790.502679,30.050444,0.222222,0.777778,6433 6565 7600 7667 7735 7736 7737 7803 7804 7805 7871 7872 7873 7874 7941 7942 7943 7944 7945 7946 8011 8012 8013 8014 8015 8016 8081 8082 8083 8084 8085 8086 8152 8153 8154 8155 8156 8157 8225 8226 8227 8228 8229 8230 8296 8297 8298 8299 8300 8301 8302 8369 8370 8371 8372 8373 8374 8375 8447 8448 8449 8450 8451 8525 8526 8527 8528 8529 8530 8607 8608 8609 8610 8611 8692 8693 8694 8780 8781
moead,ns465,7,3,1900,38,154823790.502679,30.050444,0.333333,0.666667,6433 6565 7600 7667 7735 7736 7737 7803 7804 7805 7871 7872 7873 7874 7941 7942 7943 7944 7945 7946 8011 8012 8013 8014 8015 8016 8081 8082 8083 8084 8085 8086 8152 8153 8154 8155 8156 8157 8225 8226 8227 8228 8229 8230 8296 8297 8298 8299 8300 8301 8302 8369 8370 8371 8372 8373 8374 8375 8447 8448 8449 8450 8451 8525 8526 8527 8528 8529 8530 8607 8608 8609 8610 8611 8692 8693 8694 8780 8781
moead,ns465,7,4,1900,38,154823790.502679,30.050444,0.444444,0.555556,6433 6565 7600 7667 7735 7736 7737 7803 7804 7805 7871 7872 7873 7874 7941 7942 7943 7944 7945 7946 8011 8012 8013 8014 8015 8016 8081 8082 8083 8084 8085 8086 8152 8153 8154 8155 8156 8157 8225 8226 8227 8228 8229 8230 8296 8297 8298 8299 8300 8301 8302 8369 8370 8371 8372 8373 8374 8375 8447 8448 8449 8450 8451 8525 8526 8527 8528 8529 8530 8607 8608 8609 8610 8611 8692 8693 8694 8780 8781
moead,ns465,7,5,1900,38,154823790.502679,30.050444,0.555556,0.444444,6433 6565 7600 7667 7735 7736 7737 7803 7804 7805 7871 7872 7873 7874 7941 7942 7943 7944 7945 7946 8011 8012 8013 8014 8015 8016 8081 8082 8083 8084 8085 8086 8152 8153 8154 8155 8156 8157 8225 8226 8227 8228 8229 8230 8296 8297 8298 8299 8300 8301 8302 8369 8370 8371 8372 8373 8374 8375 8447 8448 8449 8450 8451 8525 8526 8527 8528 8529 8530 8607 8608 8609 8610 8611 8692 8693 8694 8780 8781
moead,ns465,7,6,1900,38,154823790.502679,30.050444,0.666667,0.333333,6433 6565 7600 7667 7735 7736 7737 7803 7804 7805 7871 7872 7873 7874 7941 7942 7943 7944 7945 7946 8011 8012 8013 8014 8015 8016 8081 8082 8083 8084 8085 8086 8152 8153 8154 8155 8156 8157 8225 8226 8227 8228 8229 8230 8296 8297 8298 8299 8300 8301 8302 8369 8370 8371 8372 8373 8374 8375 8447 8448 8449 8450 8451 8525 8526 8527 8528 8529 8530 8607 8608 8609 8610 8611 8692 8693 8694 8780 8781
moead,ns465,7,7,1900,38,154823790.502679,30.050444,0.777778,0.222222,6433 6565 7600 7667 7735 7736 7737 7803 7804 7805 7871 7872 7873 7874 7941 7942 7943 7944 7945 7946 8011 8012 8013 8014 8015 8016 8081 8082 8083 8084 8085 8086 8152 8153 8154 8155 8156 8157 8225 8226 8227 8228 8229 8230 8296 8297 8298 8299 8300 8301 8302 8369 8370 8371 8372 8373 8374 8375 8447 8448 8449 8450 8451 8525 8526 8527 8528 8529 8530 8607 8608 8609 8610 8611 8692 8693 8694 8780 8781
moead,ns465,7,8,1900,38,154823790.502679,30.050444,0.888889,0.111111,6433 6565 7600 7667 7735 7736 7737 7803 7804 7805 7871 7872 7873 7874 7941 7942 7943 7944 7945 7946 8011 8012 8013 8014 8015 8016 8081 8082 8083 8084 8085 8086 8152 8153 8154 8155 8156 8157 8225 8226 8227 8228 8229 8230 8296 8297 8298 8299 8300 8301 8302 8369 8370 8371 8372 8373 8374 8375 8447 8448 8449 8450 8451 8525 8526 8527 8528 8529 8530 8607 8608 8609 8610 8611 8692 8693 8694 8780 8781
moead,ns465,7,9,1900,38,154823790.502679,30.050444,1.000000,0.000000,6433 6565 7600 7667 7735 7736 7737 7803 7804 7805 7871 7872 7873 7874 7941 7942 7943 7944 7945 7946 8011 8012 8013 8014 8015 8016 8081 8082 8083 8084 8085 8086 8152 8153 8154 8155 8156 8157 8225 8226 8227 8228 8229 8230 8296 8297 8298 8299 8300 8301 8302 8369 8370 8371 8372 8373 8374 8375 8447 8448 8449 8450 8451 8525 8526 8527 8528 8529 8530 8607 8608 8609 8610 8611 8692 8693 8694 8780 8781
moead,ns465,7,0,1950,39,199000360.067499,251.223559,0.000000,1.000000,92 97 182 435 533 661 1076 1267 1897 1996 2416 2463 2506 2518 2650 2655 3386 3390 3503 4143 4395 4404 4964 5021 5334 5445 5711 6050 6105 6213 6240 6429 6470 6478 6619 6659 6913 7184 7260 7320 7460 7657 7666 7728 7745 7952 8129 8235 8480 8697 9450 9571 10061 10137 10159 10458 10696 10763 10952 11231 11268 11278 11416 11539 11591 11637 11674 12315 12557 12580 13354 13775 13902 14028 14286 14594 14652 14666 14701
moead,ns465,7,1,1950,39,154810349.896810,24.810109,0.111111,0.888889,6433 6498 7667 7735 7736 7737 7803 7804 7805 7871 7872 7873 7874 7941 7942 7943 7944 7945 7946 8011 8012 8013 8014 8015 8016 8081 8082 8083 8084 8085 8086 8152 8153 8154 8155 8156 8157 8225 8226 8227 8228 8229 8230 8296 8297 8298 8299 8300 8301 8302 8369 8370 8371 8372 8373 8374 8375 8446 8447 8448 8449 8450 8451 8525 8526 8527 8528 8529 8530 8607 8608 8609 8610 8611 8692 8693 8694 8780 8781
moead,ns465,7,2,1950,39,154810349.896810,24.810109,0.222222,0.777778,6433 6498 7667 7735 7736 7737 7803 7804 7805 7871 7872 7873 7874 7941 7942 7943 7944 7945 7946 8011 8012 8013 8014 8015 8016 8081 8082 8083 8084 8085 8086 8152 8153 8154 8155 8156 8157 8225 8226 8227 8228 8229 8230 8296 8297 8298 8299 8300 8301 8302 8369 8370 8371 8372 8373 8374 8375 8446 8447 8448 8449 8450 8451 8525 8526 8527 8528 8529 8530 8607 8608 8609 8610 8611 8692 8693 8694 8780 8781
moead,ns465,7,3,1950,39,154810349.896810,24.810109,0.333333,0.666667,6433 6498 7667 7735 7736 7737 7803 7804 7805 7871 7872 7873 7874 7941 7942 7943 7944 7945 7946 8011 8012 8013 8014 8015 8016 8081 8082 8083 8084 8085 8086 8152 8153 8154 8155 8156 8157 8225 8226 8227 8228 8229 8230 8296 8297 8298 8299 8300 8301 8302 8369 8370 8371 8372 8373 8374 8375 8446 8447 8448 8449 8450 8451 8525 8526 8527 8528 8529 8530 8607 8608 8609 8610 8611 8692 8693 8694 8780 8781
moead,ns465,7,4,1950,39,154810349.896810,24.810109,0.444444,0.555556,6433 6498 7667 7735 7736 7737 7803 7804 7805 7871 7872 7873 7874 7941 7942 7943 7944 7945 7946 8011 8012 8013 8014 8015 8016 8081 8082 8083 8084 8085 8086 8152 8153 8154 8155 8156 8157 8225 8226 8227 8228 8229 8230 8296 8297 8298 8299 8300 8301 8302 8369 8370 8371 8372 8373 8374 8375 8446 8447 8448 8449 8450 8451 8525 8526 8527 8528 8529 8530 8607 8608 8609 8610 8611 8692 8693 8694 8780 8781
moead,ns465,7,5,1950,39,154810349.896810,24.810109,0.555556,0.444444,6433 6498 7667 7735 7736 7737 7803 7804 7805 7871 7872 7873 7874 7941 7942 7943 7944 7945 7946 8011 8012 8013 8014 8015 8016 8081 8082 8083 8084 8085 8086 8152 8153 8154 8155 8156 8157 8225 8226 8227 8228 8229 8230 8296 8297 8298 8299 8300 8301 8302 8369 8370 8371 8372 8373 8374 8375 8446 8447 8448 8449 8450 8451 8525 8526 8527 8528 8529 8530 8607 8608 8609 8610 8611 8692 8693 8694 8780 8781
moead,ns465,7,6,1950,39,154810349.896810,24.810109,0.666667,0.333333,6433 6498 7667 7735 7736 7737 7803 7804 7805 7871 7872 7873 7874 7941 7942 7943 7944 7945 7946 8011 8012 8013 8014 8015 8016 8081 8082 8083 8084 8085 8086 8152 8153 8154 8155 8156 8157 8225 8226 8227 8228 8229 8230 8296 8297 8298 8299 8300 8301 8302 8369 8370 8371 8372 8373 8374 8375 8446 8447 8448 8449 8450 8451 8525 8526 8527 8528 8529 8530 8607 8608 8609 8610 8611 8692 8693 8694 8780 8781
moead,ns465,7,7,1950,39,154810349.896810,24.810109,0.777778,0.222222,6433 6498 7667 7735 7736 7737 7803 7804 7805 7871 7872 7873 7874 7941 7942 7943 7944 7945 7946 8011 8012 8013 8014 8015 8016 8081 8082 8083 8084 8085 8086 8152 8153 8154 8155 8156 8157 8225 8226 8227 8228 8229 8230 8296 8297 8298 8299 8300 8301 8302 8369 8370 8371 8372 8373 8374 8375 8446 8447 8448 8449 8450 8451 8525 8526 8527 8528 8529 8530 8607 8608 8609 8610 8611 8692 8693 8694 8780 8781
moead,ns465,7,8,1950,39,154810349.896810,24.810109,0.888889,0.111111,6433 6498 7667 7735 7736 7737 7803 7804 7805 7871 7872 7873 7874 7941 7942 7943 7944 7945 7946 8011 8012 8013 8014 8015 8016 8081 8082 8083 8084 8085 8086 8152 8153 8154 8155 8156 8157 8225 8226 8227 8228 8229 8230 8296 8297 8298 8299 8300 8301 8302 8369 8370 8371 8372 8373 8374 8375 8446 8447 8448 8449 8450 8451 8525 8526 8527 8528 8529 8530 8607 8608 8609 8610 8611 8692 8693 8694 8780 8781
moead,ns465,7,9,1950,39,154810349.896810,24.810109,1.000000,0.000000,6433 6498 7667 7735 7736 7737 7803 7804 7805 7871 7872 7873 7874 7941 7942 7943 7944 7945 7946 8011 8012 8013 8014 8015 8016 8081 8082 8083 8084 8085 8086 8152 8153 8154 8155 8156 8157 8225 8226 8227 8228 8229 8230 8296 8297 8298 8299 8300 8301 8302 8369 8370 8371 8372 8373 8374 8375 8446 8447 8448 8449 8450 8451 8525 8526 8527 8528 8529 8530 8607 8608 8609 8610 8611 8692 8693 8694 8780 8781
moead,ns465,7,0,2000,40,198354236.384431,251.749311,0.000000,1.000000,92 97 182 435 533 661 1076 1267 1897 1996 2416 2463 2506 2518 2650 2655 3386 3390 3503 4143 4404 4964 5021 5334 5445 5711 6050 6105 6213 6429 6470 6478 6619 6659 6913 7184 7260 7320 7460 7539 7657 7666 7728 7745 7952 8129 8235 8480 8640 8697 9450 9571 10137 10159 10280 10458 10696 10763 10952 11231 11268 11278 11416 11539 11591 11637 11674 12315 12557 12580 13354 13775 13902 14028 14286 14594 14652 14666 14701
moead,ns465,7,1,2000,40,154810349.896810,24.810109,0.111111,0.888889,6433 6498 7667 7735 7736 7737 7803 7804 7805 7871 7872 7873 7874 7941 7942 7943 7944 7945 7946 8011 8012 8013 8014 8015 8016 8081 8082 8083 8084 8085 8086 8152 8153 8154 8155 8156 8157 8225 8226 8227 8228 8229 8230 8296 8297 8298 8299 8300 8301 8302 8369 8370 8371 8372 8373 8374 8375 8446 8447 8448 8449 8450 8451 8525 8526 8527 8528 8529 8530 8607 8608 8609 8610 8611 8692 8693 8694 8780 8781
moead,ns465,7,2,2000,40,154810349.896810,24.810109,0.222222,0.777778,6433 6498 7667 7735 7736 7737 7803 7804 7805 7871 7872 7873 7874 7941 7942 7943 7944 7945 7946 8011 8012 8013 8014 8015 8016 8081 8082 8083 8084 8085 8086 8152 8153 8154 8155 8156 8157 8225 8226 8227 8228 8229 8230 8296 8297 8298 8299 8300 8301 8302 8369 8370 8371 8372 8373 8374 8375 8446 8447 8448 8449 8450 8451 8525 8526 8527 8528 8529 8530 8607 8608 8609 8610 8611 8692 8693 8694 8780 8781
moead,ns465,7,3,2000,40,154810349.896810,24.810109,0.333333,0.666667,6433 6498 7667 7735 7736 7737 7803 7804 7805 7871 7872 7873 7874 7941 7942 7943 7944 7945 7946 8011 8012 8013 8014 8015 8016 8081 8082 8083 8084 8085 8086 8152 8153 8154 8155 8156 8157 8225 8226 8227 8228 8229 8230 8296 8297 8298 8299 8300 8301 8302 8369 8370 8371 8372 8373 8374 8375 8446 8447 8448 8449 8450 8451 8525 8526 8527 8528 8529 8530 8607 8608 8609 8610 8611 8692 8693 8694 8780 8781
moead,ns465,7,4,2000,40,154810349.896810,24.810109,0.444444,0.555556,6433 6498 7667 7735 7736 7737 7803 7804 7805 7871 7872 7873 7874 7941 7942 7943 7944 7945 7946 8011 8012 8013 8014 8015 8016 8081 8082 8083 8084 8085 8086 8152 8153 8154 8155 8156 8157 8225 8226 8227 8228 8229 8230 8296 8297 8298 8299 8300 8301 8302 8369 8370 8371 8372 8373 8374 8375 8446 8447 8448 8449 8450 8451 8525 8526 8527 8528 8529 8530 8607 8608 8609 8610 8611 8692 8693 8694 8780 8781
moead,ns465,7,5,2000,40,154810349.896810,24.810109,0.555556,0.444444,6433 6498 7667 7735 7736 7737 7803 7804 7805 7871 7872 7873 7874 7941 7942 7943 7944 7945 7946 8011 8012 8013 8014 8015 8016 8081 8082 8083 8084 8085 8086 8152 8153 8154 8155 8156 8157 8225 8226 8227 8228 8229 8230 8296 8297 8298 8299 8300 8301 8302 8369 8370 8371 8372 8373 8374 8375 8446 8447 8448 8449 8450 8451 8525 8526 8527 8528 8529 8530 8607 8608 8609 8610 8611 8692 8693 8694 8780 8781
moead,ns465,7,6,2000,40,154810349.896810,24.810109,0.666667,0.333333,6433 6498 7667 7735 7736 7737 7803 7804 7805 7871 7872 7873 7874 7941 7942 7943 7944 7945 7946 8011 8012 8013 8014 8015 8016 8081 8082 8083 8084 8085 8086 8152 8153 8154 8155 8156 8157 8225 8226 8227 8228 8229 8230 8296 8297 8298 8299 8300 8301 8302 8369 8370 8371 8372 8373 8374 8375 8446 8447 8448 8449 8450 8451 8525 8526 8527 8528 8529 8530 8607 8608 8609 8610 8611 8692 8693 8694 8780 8781
moead,ns465,7,7,2000,40,154810349.896810,24.810109,0.777778,0.222222,6433 6498 7667 7735 7736 7737 7803 7804 7805 7871 7872 7873 7874 7941 7942 7943 7944 7945 7946 8011 8012 8013 8014 8015 8016 8081 8082 8083 8084 8085 8086 8152 8153 8154 8155 8156 8157 8225 8226 8227 8228 8229 8230 8296 8297 8298 8299 8300 8301 8302 8369 8370 8371 8372 8373 8374 8375 8446 8447 8448 8449 8450 8451 8525 8526 8527 8528 8529 8530 8607 8608 8609 8610 8611 8692 8693 8694 8780 8781
moead,ns465,7,8,2000,40,154810349.896810,24.810109,0.888889,0.111111,6433 6498 7667 7735 7736 7737 7803 7804 7805 7871 7872 7873 7874 7941 7942 7943 7944 7945 7946 8011 8012 8013 8014 8015 8016 8081 8082 8083 8084 8085 8086 8152 8153 8154 8155 8156 8157 8225 8226 8227 8228 8229 8230 8296 8297 8298 8299 8300 8301 8302 8369 8370 8371 8372 8373 8374 8375 8446 8447 8448 8449 8450 8451 8525 8526 8527 8528 8529 8530 8607 8608 8609 8610 8611 8692 8693 8694 8780 8781
moead,ns465,7,9,2000,40,154810349.896810,24.810109,1.000000,0.000000,6433 6498 7667 7735 7736 7737 7803 7804 7805 7871 7872 7873 7874 7941 7942 7943 7944 7945 7946 8011 8012 8013 8014 8015 8016 8081 8082 8083 8084 8085 8086 8152 8153 8154 8155 8156 8157 8225 8226 8227 8228 8229 8230 8296 8297 8298 8299 8300 8301 8302 8369 8370 8371 8372 8373 8374 8375 8446 8447 8448 8449 8450 8451 8525 8526 8527 8528 8529 8530 8607 8608 8609 8610 8611 8692 8693 8694 8780 8781
moead,ns465,7,0,2050,41,198655260.081719,251.839635,0.000000,1.000000,92 97 435 533 661 1076 1267 1897 1996 2416 2463 2506 2518 2650 2655 3386 3390 3503 4143 4404 4964 5021 5334 5445 5711 6050 6105 6213 6429 6470 6478 6619 6659 6913 7184 7260 7320 7460 7539 7657 7666 7728 7745 7952 8129 8235 8480 8640 8697 9450 9571 10137 10159 10280 10286 10458 10696 10763 10952 11231 11268 11278 11416 11539 11591 11637 11674 12315 12557 12580 13354 13775 13902 14028 14286 14594 14652 14666 14701
moead,ns465,7,1,2050,41,154800923.434652,24.446802,0.111111,0.888889,6433 7667 7735 7736 7737 7802 7803 7804 7805 7871 7872 7873 7874 7941 7942 7943 7944 7945 7946 8011 8012 8013 8014 8015 8016 8081 8082 8083 8084 8085 8086 8152 8153 8154 8155 8156 8157 8225 8226 8227 8228 8229 8230 8296 8297 8298 8299 8300 8301 8302 8369 8370 8371 8372 8373 8374 8375 8446 8447 8448 8449 8450 8451 8525 8526 8527 8528 8529 8530 8607 8608 8609 8610 8611 8692 8693 8694 8780 8781
moead,ns465,7,2,2050,41,154800923.434652,24.446802,0.222222,0.777778,6433 7667 7735 7736 7737 7802 7803 7804 7805 7871 7872 7873 7874 7941 7942 7943 7944 7945 7946 8011 8012 8013 8014 8015 8016 8081 8082 8083 8084 8085 8086 8152 8153 8154 8155 8156 8157 8225 8226 8227 8228 8229 8230 8296 8297 8298 8299 8300 8301 8302 8369 8370 8371 8372 8373 8374 8375 8446 8447 8448 8449 8450 8451 8525 8526 8527 8528 8529 8530 8607 8608 8609 8610 8611 8692 8693 8694 8780 8781
moead,ns465,7,3,2050,41,154800923.434652,24.446802,0.333333,0.666667,6433 7667 7735 7736 7737 7802 7803 7804 7805 7871 7872 7873 7874 7941 7942 7943 7944 7945 7946 8011 8012 8013 8014 8015 8016 8081 8082 8083 8084 8085 8086 8152 8153 8154 8155 8156 8157 8225 8226 8227 8228 8229 8230 8296 8297 8298 8299 8300 8301 8302 8369 8370 8371 8372 8373 8374 8375 8446 8447 8448 8449 8450 8451 8525 8526 8527 8528 8529 8530 8607 8608 8609 8610 8611 8692 8693 8694 8780 8781
moead,ns465,7,4,2050,41,154800923.434652,24.446802,0.444444,0.555556,6433 7667 7735 7736 7737 7802 7803 7804 7805 7871 7872 7873 7874 7941 7942 7943 7944 7945 7946 8011 8012 8013 8014 8015 8016 8081 8082 8083 8084 8085 8086 8152 8153 8154 8155 8156 8157 8225 8226 8227 8228 8229 8230 8296 8297 8298 8299 8300 8301 8302 8369 8370 8371 8372 8373 8374 8375 8446 8447 8448 8449 8450 8451 8525 8526 8527 8528 8529 8530 8607 8608 8609 8610 8611 8692 8693 8694 8780 8781
moead,ns465,7,5,2050,41,154800923.434652,24.446802,0.555556,0.444444,6433 7667 7735 7736 7737 7802 7803 7804 7805 7871 7872 7873 7874 7941 7942 7943 7944 7945 7946 8011 8012 8013 8014 8015 8016 8081 8082 8083 8084 8085 8086 8152 8153 8154 8155 8156 8157 8225 8226 8227 8228 8229 8230 8296 8297 8298 8299 8300 8301 8302 8369 8370 8371 8372 8373 8374 8375 8446 8447 8448 8449 8450 8451 8525 8526 8527 8528 8529 8530 8607 8608 8609 8610 8611 8692 8693 8694 8780 8781
moead,ns465,7,6,2050,41,154800923.434652,24.446802,0.666667,0.333333,6433 7667 7735 7736 7737 7802 7803 7804 7805 7871 7872 7873 7874 7941 7942 7943 7944 7945 7946 8011 8012 8013 8014 8015 8016 8081 8082 8083 8084 8085 8086 8152 8153 8154 8155 8156 8157 8225 8226 8227 8228 8229 8230 8296 8297 8298 8299 8300 8301 8302 8369 8370 8371 8372 8373 8374 8375 8446 8447 8448 8449 8450 8451 8525 8526 8527 8528 8529 8530 8607 8608 8609 8610 8611 8692 8693 8694 8780 8781
moead,ns465,7,7,2050,41,154800923.434652,24.446802,0.777778,0.222222,6433 7667 7735 7736 7737 7802 7803 7804 7805 7871 7872 7873 7874 7941 7942 7943 7944 7945 7946 8011 8012 8013 8014 8015 8016 8081 8082 8083 8084 8085 8086 8152 8153 8154 8155 8156 8157 8225 8226 8227 8228 8229 8230 8296 8297 8298 8299 8300 8301 8302 8369 8370 8371 8372 8373 8374 8375 8446 8447 8448 8449 8450 8451 8525 8526 8527 8528 8529 8530 8607 8608 8609 8610 8611 8692 8693 8694 8780 8781
moead,ns465,7,8,2050,41,154800923.434652,24.446802,0.888889,0.111111,6433 7667 7735 7736 7737 7802 7803 7804 7805 7871 7872 7873 7874 7941 7942 7943 7944 7945 7946 8011 8012 8013 8014 8015 8016 8081 8082 8083 8084 8085 8086 8152 8153 8154 8155 8156 8157 8225 8226 8227 8228 8229 8230 8296 8297 8298 8299 8300 8301 8302 8369 8370 8371 8372 8373 8374 8375 8446 8447 8448 8449 8450 8451 8525 8526 8527 8528 8529 8530 8607 8608 8609 8610 8611 8692 8693 8694 8780 8781
moead,ns465,7,9,2050,41,154800923.434652,24.446802,1.000000,0.000000,6433 7667 7735 7736 7737 7802 7803 7804 7805 7871 7872 7873 7874 7941 7942 7943 7944 7945 7946 8011 8012 8013 8014 8015 8016 8081 8082 8083 8084 8085 8086 8152 8153 8154 8155 8156 8157 8225 8226 8227 8228 8229 8230 8296 8297 8298 8299 8300 8301 8302 8369 8370 8371 8372 8373 8374 8375 8446 8447 8448 8449 8450 8451 8525 8526 8527 8528 8529 8530 8607 8608 8609 8610 8611 8692 8693 8694 8780 8781
moead,ns465,7,0,2100,42,198384932.917223,251.839635,0.000000,1.000000,92 97 435 533 661 1076 1267 1897 1996 2416 2463 2506 2518 2650 2655 3390 3503 4143 4404 4964 5021 5334 5445 5711 6050 6105 6213 6429 6470 6478 6619 6659 6913 7184 7260 7320 7460 7539 7657 7666 7728 7745 7952 8129 8181 8235 8480 8640 8697 9450 9571 10137 10159 10280 10286 10458 10696 10763 10952 11231 11268 11278 11416 11539 11591 11637 11674 12315 12557 12580 13354 13775 13902 14028 14286 14594 14652 14666 14701
moead,ns465,7,1,2100,42,154801552.480970,24.546250,0.111111,0.888889,6433 7666 7667 7735 7736 7737 7802 7803 7804 7805 7871 7872 7873 7874 7941 7942 7943 7944 7945 7946 8011 8012 8013 8014 8015 8016 8081 8082 8083 8084 8085 8086 8152 8153 8154 8155 8156 8157 8225 8226 8227 8228 8229 8230 8297 8298 8299 8300 8301 8302 8369 8370 8371 8372 8373 8374 8375 8446 8447 8448 8449 8450 8451 8525 8526 8527 8528 8529 8530 8607 8608 8609 8610 8611 8692 8693 8694 8780 8781
moead,ns465,7,2,2100,42,154801552.480970,24.546250,0.222222,0.777778,6433 7666 7667 7735 7736 7737 7802 7803 7804 7805 7871 7872 7873 7874 7941 7942 7943 7944 7945 7946 8011 8012 8013 8014 8015 8016 8081 8082 8083 8084 8085 8086 8152 8153 8154 8155 8156 8157 8225 8226 8227 8228 8229 8230 8297 8298 8299 8300 8301 8302 8369 8370 8371 8372 8373 8374 8375 8446 8447 8448 8449 8450 8451 8525 8526 8527 8528 8529 8530 8607 8608 8609 8610 8611 8692 8693 8694 8780 8781
moead,ns465,7,3,2100,42,154800923.434652,24.446802,0.333333,0.666667,6433 7667 7735 7736 7737 7802 7803 7804 7805 7871 7872 7873 7874 7941 7942 7943 7944 7945 7946 8011 8012 8013 8014 8015 8016 8081 8082 8083 8084 8085 8086 8152 8153 8154 8155 8156 8157 8225 8226 8227 8228 8229 8230 8296 8297 8298 8299 8300 8301 8302 8369 8370 8371 8372 8373 8374 8375 8446 8447 8448 8449 8450 8451 8525 8526 8527 8528 8529 8530 8607 8608 8609 8610 8611 8692 8693 8694 8780 8781
moead,ns465,7,4,2100,42,154800923.434652,24.446802,0.444444,0.555556,6433 7667 7735 7736 7737 7802 7803 7804 7805 7871 7872 7873 7874 7941 7942 7943 7944 7945 7946 8011 8012 8013 8014 8015 8016 8081 8082 8083 8084 8085 8086 8152 8153 8154 8155 8156 8157 8225 8226 8227 8228 8229 8230 8296 8297 8298 8299 8300 8301 8302 8369 8370 8371 8372 8373 8374 8375 8446 8447 8448 8449 8450 8451 8525 8526 8527 8528 8529 8530 8607 8608 8609 8610 8611 8692 8693 8694 8780 8781
moead,ns465,7,5,2100,42,154800923.434652,24.446802,0.555556,0.444444,6433 7667 7735 7736 7737 7802 7803 7804 7805 7871 7872 7873 7874 7941 7942 7943 7944 7945 7946 8011 8012 8013 8014 8015 8016 8081 8082 8083 8084 8085 8086 8152 8153 8154 8155 8156 8157 8225 8226 8227 8228 8229 8230 8296 8297 8298 8299 8300 8301 8302 8369 8370 8371 8372 8373 8374 8375 8446 8447 8448 8449 8450 8451 8525 8526 8527 8528 8529 8530 8607 8608 8609 8610 8611 8692 8693 8694 8780 8781
moead,ns465,7,6,2100,42,154800923.434652,24.446802,0.666667,0.333333,6433 7667 7735 7736 7737 7802 7803 7804 7805 7871 7872 7873 7874 7941 7942 7943 7944 7945 7946 8011 8012 8013 8014 8015 8016 8081 8082 8083 8084 8085 8086 8152 8153 8154 8155 8156 8157 8225 8226 8227 8228 8229 8230 8296 8297 8298 8299 8300 8301 8302 8369 8370 8371 8372 8373 8374 8375 8446 8447 8448 8449 8450 8451 8525 8526 8527 8528 8529 8530 8607 8608 8609 8610 8611 8692 8693 8694 8780 8781
moead,ns465,7,7,2100,42,154800923.434652,24.446802,0.777778,0.222222,6433 7667 7735 7736 7737 7802 7803 7804 7805 7871 7872 7873 7874 7941 7942 7943 7944 7945 7946 8011 8012 8013 8014 8015 8016 8081 8082 8083 8084 8085 8086 8152 8153 8154 8155 8156 8157 8225 8226 8227 8228 8229 8230 8296 8297 8298 8299 8300 8301 8302 8369 8370 8371 8372 8373 8374 8375 8446 8447 8448 8449 8450 8451 8525 8526 8527 8528 8529 8530 8607 8608 8609 8610 8611 8692 8693 8694 8780 8781
moead,ns465,7,8,2100,42,154800923.434652,24.446802,0.888889,0.111111,6433 7667 7735 7736 7737 7802 7803 7804 7805 7871 7872 7873 7874 7941 7942 7943 7944 7945 7946 8011 8012 8013 8014 8015 8016 8081 8082 8083 8084 8085 8086 8152 8153 8154 8155 8156 8157 8225 8226 8227 8228 8229 8230 8296 8297 8298 8299 8300 8301 8302 8369 8370 8371 8372 8373 8374 8375 8446 8447 8448 8449 8450 8451 8525 8526 8527 8528 8529 8530 8607 8608 8609 8610 8611 8692 8693 8694 8780 8781
moead,ns465,7,9,2100,42,154800923.434652,24.446802,1.000000,0.000000,6433 7667 7735 7736 7737 7802 7803 7804 7805 7871 7872 7873 7874 7941 7942 7943 7944 7945 7946 8011 8012 8013 8014 8015 8016 8081 8082 8083 8084 8085 8086 8152 8153 8154 8155 8156 8157 8225 8226 8227 8228 8229 8230 8296 8297 8298 8299 8300 8301 8302 8369 8370 8371 8372 8373 8374 8375 8446 8447 8448 8449 8450 8451 8525 8526 8527 8528 8529 8530 8607 8608 8609 8610 8611 8692 8693 8694 8780 8781
moead,ns465,7,0,2150,43,198384932.917223,251.839635,0.000000,1.000000,92 97 435 533 661 1076 1267 1897 1996 2416 2463 2506 2518 2650 2655 3390 3503 4143 4404 4964 5021 5334 5445 5711 6050 6105 6213 6429 6470 6478 6619 6659 6913 7184 7260 7320 7460 7539 7657 7666 7728 7745 7952 8129 8181 8235 8480 8640 8697 9450 9571 10137 10159 10280 10286 10458 10696 10763 10952 11231 11268 11278 11416 11539 11591 11637 11674 12315 12557 12580 13354 13775 13902 14028 14286 14594 14652 14666 14701
moead,ns465,7,1,2150,43,154801552.480970,24.546250,0.111111,0.888889,6433 7666 7667 7735 7736 7737 7802 7803 7804 7805 7871 7872 7873 7874 7941 7942 7943 7944 7945 7946 8011 8012 8013 8014 8015 8016 8081 8082 8083 8084 8085 8086 8152 8153 8154 8155 8156 8157 8225 8226 8227 8228 8229 8230 8297 8298 8299 8300 8301 8302 8369 8370 8371 8372 8373 8374 8375 8446 8447 8448 8449 8450 8451 8525 8526 8527 8528 8529 8530 8607 8608 8609 8610 8611 8692 8693 8694 8780 8781
moead,ns465,7,2,2150,43,154801552.480970,24.546250,0.222222,0.777778,6433 7666 7667 7735 7736 7737 7802 7803 7804 7805 7871 7872 7873 7874 7941 7942 7943 7944 7945 7946 8011 8012 8013 8014 8015 8016 8081 8082 8083 8084 8085 8086 8152 8153 8154 8155 8156 8157 8225 8226 8227 8228 8229 8230 8297 8298 8299 8300 8301 8302 8369 8370 8371 8372 8373 8374 8375 8446 8447 8448 8449 8450 8451 8525 8526 8527 8528 8529 8530 8607 8608 8609 8610 8611 8692 8693 8694 8780 8781
moead,ns465,7,3,2150,43,154800923.434652,24.446802,0.333333,0.666667,6433 7667 7735 7736 7737 7802 7803 7804 7805 7871 7872 7873 7874 7941 7942 7943 7944 7945 7946 8011 8012 8013 8014 8015 8016 8081 8082 8083 8084 8085 8086 8152 8153 8154 8155 8156 8157 8225 8226 8227 8228 8229 8230 8296 8297 8298 8299 8300 8301 8302 8369 8370 8371 8372 8373 8374 8375 8446 8447 8448 8449 8450 8451 8525 8526 8527 8528 8529 8530 8607 8608 8609 8610 8611 8692 8693 8694 8780 8781
moead,ns465,7,4,2150,43,154800923.434652,24.446802,0.444444,0.555556,6433 7667 7735 7736 7737 7802 7803 7804 7805 7871 7872 7873 7874 7941 7942 7943 7944 7945 7946 8011 8012 8013 8014 8015 8016 8081 8082 8083 8084 8085 8086 8152 8153 8154 8155 8156 8157 8225 8226 8227 8228 8229 8230 8296 8297 8298 8299 8300 8301 8302 8369 8370 8371 8372 8373 8374 8375 8446 8447 8448 8449 8450 8451 8525 8526 8527 8528 8529 8530 8607 8608 8609 8610 8611 8692 8693 8694 8780 8781
moead,ns465,7,5,2150,43,154800923.434652,24.446802,0.555556,0.444444,6433 7667 7735 7736 7737 7802 7803 7804 7805 7871 7872 7873 7874 7941 7942 7943 7944 7945 7946 8011 8012 8013 8014 8015 8016 8081 8082 8083 8084 8085 8086 8152 8153 8154 8155 8156 8157 8225 8226 8227 8228 8229 8230 8296 8297 8298 8299 8300 8301 8302 8369 8370 8371 8372 8373 8374 8375 8446 8447 8448 8449 8450 8451 8525 8526 8527 8528 8529 8530 8607 8608 8609 8610 8611 8692 8693 8694 8780 8781
moead,ns465,7,6,2150,43,154800923.434652,24.446802,0.666667,0.333333,6433 7667 7735 7736 7737 7802 7803 7804 7805 7871 7872 7873 7874 7941 7942 7943 7944 7945 7946 8011 8012 8013 8014 8015 8016 8081 8082 8083 8084 8085 8086 8152 8153 8154 8155 8156 8157 8225 8226 8227 8228 8229 8230 8296 8297 8298 8299 8300 8301 8302 8369 8370 8371 8372 8373 8374 8375 8446 8447 8448 8449 8450 8451 8525 8526 8527 8528 8529 8530 8607 8608 8609 8610 8611 8692 8693 8694 8780 8781
moead,ns465,7,7,2150,43,154800923.434652,24.446802,0.777778,0.222222,6433 7667 7735 7736 7737 7802 7803 7804 7805 7871 7872 7873 7874 7941 7942 7943 7944 7945 7946 8011 8012 8013 8014 8015 8016 8081 8082 8083 8084 8085 8086 8152 8153 8154 8155 8156 8157 8225 8226 8227 8228 8229 8230 8296 8297 8298 8299 8300 8301 8302 8369 8370 8371 8372 8373 8374 8375 8446 8447 8448 8449 8450 8451 8525 8526 8527 8528 8529 8530 8607 8608 8609 8610 8611 8692 8693 8694 8780 8781
moead,ns465,7,8,2150,43,154800923.434652,24.446802,0.888889,0.111111,6433 7667 7735 7736 7737 7802 7803 7804 7805 7871 7872 7873 7874 7941 7942 7943 7944 7945 7946 8011 8012 8013 8014 8015 8016 8081 8082 8083 8084 8085 8086 8152 8153 8154 8155 8156 8157 8225 8226 8227 8228 8229 8230 8296 8297 8298 8299 8300 8301 8302 8369 8370 8371 8372 8373 8374 8375 8446 8447 8448 8449 8450 8451 8525 8526 8527 8528 8529 8530 8607 8608 8609 8610 8611 8692 8693 8694 8780 8781
moead,ns465,7,9,2150,43,154800923.434652,24.446802,1.000000,0.000000,6433 7667 7735 7736 7737 7802 7803 7804 7805 7871 7872 7873 7874 7941 7942 7943 7944 7945 7946 8011 8012 8013 8014 8015 8016 8081 8082 8083 8084 8085 8086 8152 8153 8154 8155 8156 8157 8225 8226 8227 8228 8229 8230 8296 8297 8298 8299 8300 8301 8302 8369 8370 8371 8372 8373 8374 8375 8446 8447 8448 8449 8450 8451 8525 8526 8527 8528 8529 8530 8607 8608 8609 8610 8611 8692 8693 8694 8780 8781
moead,ns465,7,0,2200,44,198853478.621251,251.839635,0.000000,1.000000,92 97 435 533 661 1076 1267 1897 1996 2416 2463 2506 2518 2650 2655 3390 3503 4143 4404 4964 5021 5334 5445 5711 6050 6105 6213 6429 6470 6478 6619 6659 6913 7184 7260 7320 7460 7539 7657 7666 7745 7952 8129 8181 8235 8480 8640 8697 9450 9571 10137 10159 10280 10286 10458 10696 10763 10952 11231 11268 11278 11416 11539 11591 11637 11674 12315 12557 12580 13354 13775 13902 14028 14286 14594 14652 14666 14673 14701
moead,ns465,7,1,2200,44,154801552.480970,24.546250,0.111111,0.888889,6433 7666 7667 7735 7736 7737 7802 7803 7804 7805 7871 7872 7873 7874 7941 7942 7943 7944 7945 7946 8011 8012 8013 8014 8015 8016 8081 8082 8083 8084 8085 8086 8152 8153 8154 8155 8156 8157 8225 8226 8227 8228 8229 8230 8297 8298 8299 8300 8301 8302 8369 8370 8371 8372 8373 8374 8375 8446 8447 8448 8449 8450 8451 8525 8526 8527 8528 8529 8530 8607 8608 8609 8610 8611 8692 8693 8694 8780 8781
moead,ns465,7,2,2200,44,154801552.480970,24.546250,0.222222,0.777778,6433 7666 7667 7735 7736 7737 7802 7803 7804 7805 7871 7872 7873 7874 7941 7942 7943 7944 7945 7946 8011 8012 8013 8014 8015 8016 8081 8082 8083 8084 8085 8086 8152 8153 8154 8155 8156 8157 8225 8226 8227 8228 8229 8230 8297 8298 8299 8300 8301 8302 8369 8370 8371 8372 8373 8374 8375 8446 8447 8448 8449 8450 8451 8525 8526 8527 8528 8529 8530 8607 8608 8609 8610 8611 8692 8693 8694 8780 8781
moead,ns465,7,3,2200,44,154800923.434652,24.446802,0.333333,0.666667,6433 7667 7735 7736 7737 7802 7803 7804 7805 7871 7872 7873 7874 7941 7942 7943 7944 7945 7946 8011 8012 8013 8014 8015 8016 8081 8082 8083 8084 8085 8086 8152 8153 8154 8155 8156 8157 8225 8226 8227 8228 8229 8230 8296 8297 8298 8299 8300 8301 8302 8369 8370 8371 8372 8373 8374 8375 8446 8447 8448 8449 8450 8451 8525 8526 8527 8528 8529 8530 8607 8608 8609 8610 8611 8692 8693 8694 8780 8781
moead,ns465,7,4,2200,44,154800923.434652,24.446802,0.444444,0.555556,6433 7667 7735 7736 7737 7802 7803 7804 7805 7871 7872 7873 7874 7941 7942 7943 7944 7945 7946 8011 8012 8013 8014 8015 8016 8081 8082 8083 8084 8085 8086 8152 8153 8154 8155 8156 8157 8225 8226 8227 8228 8229 8230 8296 8297 8298 8299 8300 8301 8302 8369 8370 8371 8372 8373 8374 8375 8446 8447 8448 8449 8450 8451 8525 8526 8527 8528 8529 8530 8607 8608 8609 8610 8611 8692 8693 8694 8780 8781
moead,ns465,7,5,2200,44,154800923.434652,24.446802,0.555556,0.444444,6433 7667 7735 7736 7737 7802 7803 7804 7805 7871 7872 7873 7874 7941 7942 7943 7944 7945 7946 8011 8012 8013 8014 8015 8016 8081 8082 8083 8084 8085 8086 8152 8153 8154 8155 8156 8157 8225 8226 8227 8228 8229 8230 8296 8297 8298 8299 8300 8301 8302 8369 8370 8371 8372 8373 8374 8375 8446 8447 8448 8449 8450 8451 8525 8526 8527 8528 8529 8530 8607 8608 8609 8610 8611 8692 8693 8694 8780 8781
moead,ns465,7,6,2200,44,154800923.434652,24.446802,0.666667,0.333333,6433 7667 7735 7736 7737 7802 7803 7804 7805 7871 7872 7873 7874 7941 7942 7943 7944 7945 7946 8011 8012 8013 8014 8015 8016 8081 8082 8083 8084 8085 8086 8152 8153 8154 8155 8156 8157 8225 8226 8227 8228 8229 8230 8296 8297 8298 8299 8300 8301 8302 8369 8370 8371 8372 8373 8374 8375 8446 8447 8448 8449 8450 8451 8525 8526 8527 8528 8529 8530 8607 8608 8609 8610 8611 8692 8693 8694 8780 8781
moead,ns465,7,7,2200,44,154800923.434652,24.446802,0.777778,0.222222,6433 7667 7735 7736 7737 7802 7803 7804 7805 7871 7872 7873 7874 7941 7942 7943 7944 7945 7946 8011 8012 8013 8014 8015 8016 8081 8082 8083 8084 8085 8086 8152 8153 8154 8155 8156 8157 8225 8226 8227 8228 8229 8230 8296 8297 8298 8299 8300 8301 8302 8369 8370 8371 8372 8373 8374 8375 8446 8447 8448 8449 8450 8451 8525 8526 8527 8528 8529 8530 8607 8608 8609 8610 8611 8692 8693 8694 8780 8781
moead,ns465,7,8,2200,44,154800923.434652,24.446802,0.888889,0.111111,6433 7667 7735 7736 7737 7802 7803 7804 7805 7871 7872 7873 7874 7941 7942 7943 7944 7945 7946 8011 8012 8013 8014 8015 8016 8081 8082 8083 8084 8085 8086 8152 8153 8154 8155 8156 8157 8225 8226 8227 8228 8229 8230 8296 8297 8298 8299 8300 8301 8302 8369 8370 8371 8372 8373 8374 8375 8446 8447 8448 8449 8450 8451 8525 8526 8527 8528 8529 8530 8607 8608 8609 8610 8611 8692 8693 8694 8780 8781
moead,ns465,7,9,2200,44,154800923.434652,24.446802,1.000000,0.000000,6433 7667 7735 7736 7737 7802 7803 7804 7805 7871 7872 7873 7874 7941 7942 7943 7944 7945 7946 8011 8012 8013 8014 8015 8016 8081 8082 8083 8084 8085 8086 8152 8153 8154 8155 8156 8157 8225 8226 8227 8228 8229 8230 8296 8297 8298 8299 8300 8301 8302 8369 8370 8371 8372 8373 8374 8375 8446 8447 8448 8449 8450 8451 8525 8526 8527 8528 8529 8530 8607 8608 8609 8610 8611 8692 8693 8694 8780 8781
moead,ns465,7,0,2250,45,198853478.621251,251.839635,0.000000,1.000000,92 97 435 533 661 1076 1267 1897 1996 2416 2463 2506 2518 2650 2655 3390 3503 4143 4404 4964 5021 5334 5445 5711 6050 6105 6213 6429 6470 6478 6619 6659 6913 7184 7260 7320 7460 7539 7657 7666 7745 7952 8129 8181 8235 8480 8640 8697 9450 9571 10137 10159 10280 10286 10458 10696 10763 10952 11231 11268 11278 11416 11539 11591 11637 11674 12315 12557 12580 13354 13775 13902 14028 14286 14594 14652 14666 14673 14701
moead,ns465,7,1,2250,45,154801552.480970,24.546250,0.111111,0.888889,6433 7666 7667 7735 7736 7737 7802 7803 7804 7805 7871 7872 7873 7874 7941 7942 7943 7944 7945 7946 8011 8012 8013 8014 8015 8016 8081 8082 8083 8084 8085 8086 8152 8153 8154 8155 8156 8157 8225 8226 8227 8228 8229 8230 8297 8298 8299 8300 8301 8302 8369 8370 8371 8372 8373 8374 8375 8446 8447 8448 8449 8450 8451 8525 8526 8527 8528 8529 8530 8607 8608 8609 8610 8611 8692 8693 8694 8780 8781
moead,ns465,7,2,2250,45,154801552.480970,24.546250,0.222222,0.777778,6433 7666 7667 7735 7736 7737 7802 7803 7804 7805 7871 7872 7873 7874 7941 7942 7943 7944 7945 7946 8011 8012 8013 8014 8015 8016 8081 8082 8083 8084 8085 8086 8152 8153 8154 8155 8156 8157 8225 8226 8227 8228 8229 8230 8297 8298 8299 8300 8301 8302 8369 8370 8371 8372 8373 8374 8375 8446 8447 8448 8449 8450 8451 8525 8526 8527 8528 8529 8530 8607 8608 8609 8610 8611 8692 8693 8694 8780 8781
moead,ns465,7,3,2250,45,154800923.434652,24.446802,0.333333,0.666667,6433 7667 7735 7736 7737 7802 7803 7804 7805 7871 7872 7873 7874 7941 7942 7943 7944 7945 7946 8011 8012 8013 8014 8015 8016 8081 8082 8083 8084 8085 8086 8152 8153 8154 8155 8156 8157 8225 8226 8227 8228 8229 8230 8296 8297 8298 8299 8300 8301 8302 8369 8370 8371 8372 8373 8374 8375 8446 8447 8448 8449 8450 8451 8525 8526 8527 8528 8529 8530 8607 8608 8609 8610 8611 8692 8693 8694 8780 8781
moead,ns465,7,4,2250,45,154800923.434652,24.446802,0.444444,0.555556,6433 7667 7735 7736 7737 7802 7803 7804 7805 7871 7872 7873 7874 7941 7942 7943 7944 7945 7946 8011 8012 8013 8014 8015 8016 8081 8082 8083 8084 8085 8086 8152 8153 8154 8155 8156 8157 8225 8226 8227 8228 8229 8230 8296 8297 8298 8299 8300 8301 8302 8369 8370 8371 8372 8373 8374 8375 8446 8447 8448 8449 8450 8451 8525 8526 8527 8528 8529 8530 8607 8608 8609 8610 8611 8692 8693 8694 8780 8781
moead,ns465,7,5,2250,45,154800923.434652,24.446802,0.555556,0.444444,6433 7667 7735 7736 7737 7802 7803 7804 7805 7871 7872 7873 7874 7941 7942 7943 7944 7945 7946 8011 8012 8013 8014 8015 8016 8081 8082 8083 8084 8085 8086 8152 8153 8154 8155 8156 8157 8225 8226 8227 8228 8229 8230 8296 8297 8298 8299 8300 8301 8302 8369 8370 8371 8372 8373 8374 8375 8446 8447 8448 8449 8450 8451 8525 8526 8527 8528 8529 8530 8607 8608 8609 8610 8611 8692 8693 8694 8780 8781
moead,ns465,7,6,2250,45,154800923.434652,24.446802,0.666667,0.333333,6433 7667 7735 7736 7737 7802 7803 7804 7805 7871 7872 7873 7874 7941 7942 7943 7944 7945 7946 8011 8012 8013 8014 8015 8016 8081 8082 8083 8084 8085 8086 8152 8153 8154 8155 8156 8157 8225 8226 8227 8228 8229 8230 8296 8297 8298 8299 8300 8301 8302 8369 8370 8371 8372 8373 8374 8375 8446 8447 8448 8449 8450 8451 8525 8526 8527 8528 8529 8530 8607 8608 8609 8610 8611 8692 8693 8694 8780 8781
moead,ns465,7,7,2250,45,154800923.434652,24.446802,0.777778,0.222222,6433 7667 7735 7736 7737 7802 7803 7804 7805 7871 7872 7873 7874 7941 7942 7943 7944 7945 7946 8011 8012 8013 8014 8015 8016 8081 8082 8083 8084 8085 8086 8152 8153 8154 8155 8156 8157 8225 8226 8227 8228 8229 8230 8296 8297 8298 8299 8300 8301 8302 8369 8370 8371 8372 8373 8374 8375 8446 8447 8448 8449 8450 8451 8525 8526 8527 8528 8529 8530 8607 8608 8609 8610 8611 8692 8693 8694 8780 8781
moead,ns465,7,8,2250,45,154800923.434652,24.446802,0.888889,0.111111,6433 7667 7735 7736 7737 7802 7803 7804 7805 7871 7872 7873 7874 7941 7942 7943 7944 7945 7946 8011 8012 8013 8014 8015 8016 8081 8082 8083 8084 8085 8086 8152 8153 8154 8155 8156 8157 8225 8226 8227 8228 8229 8230 8296 8297 8298 8299 8300 8301 8302 8369 8370 8371 8372 8373 8374 8375 8446 8447 8448 8449 8450 8451 8525 8526 8527 8528 8529 8530 8607 8608 8609 8610 8611 8692 8693 8694 8780 8781
moead,ns465,7,9,2250,45,154800923.434652,24.446802,1.000000,0.000000,6433 7667 7735 7736 7737 7802 7803 7804 7805 7871 7872 7873 7874 7941 7942 7943 7944 7945 7946 8011 8012 8013 8014 8015 8016 8081 8082 8083 8084 8085 8086 8152 8153 8154 8155 8156 8157 8225 8226 8227 8228 8229 8230 8296 8297 8298 8299 8300 8301 8302 8369 8370 8371 8372 8373 8374 8375 8446 8447 8448 8449 8450 8451 8525 8526 8527 8528 8529 8530 8607 8608 8609 8610 8611 8692 8693 8694 8780 8781
moead,ns465,7,0,2300,46,198980339.382458,252.018521,0.000000,1.000000,92 97 302 435 533 661 1076 1267 1897 1996 2416 2463 2506 2518 2650 2655 3390 3503 4143 4404 4964 5021 5334 5445 5711 6050 6105 6429 6470 6478 6619 6659 6913 7184 7260 7320 7460 7539 7657 7666 7745 7952 8129 8181 8235 8480 8640 8697 9450 9571 10137 10159 10280 10286 10458 10696 10763 10897 10952 11231 11268 11278 11416 11539 11591 11637 11674 12315 12557 12580 13354 13902 14028 14286 14594 14652 14666 14673 14701
moead,ns465,7,1,2300,46,154801552.480970,24.546250,0.111111,0.888889,6433 7666 7667 7735 7736 7737 7802 7803 7804 7805 7871 7872 7873 7874 7941 7942 7943 7944 7945 7946 8011 8012 8013 8014 8015 8016 8081 8082 8083 8084 8085 8086 8152 8153 8154 8155 8156 8157 8225 8226 8227 8228 8229 8230 8297 8298 8299 8300 8301 8302 8369 8370 8371 8372 8373 8374 8375 8446 8447 8448 8449 8450 8451 8525 8526 8527 8528 8529 8530 8607 8608 8609 8610 8611 8692 8693 8694 8780 8781
moead,ns465,7,2,2300,46,154801552.480970,24.546250,0.222222,0.777778,6433 7666 7667 7735 7736 7737 7802 7803 7804 7805 7871 7872 7873 7874 7941 7942 7943 7944 7945 7946 8011 8012 8013 8014 8015 8016 8081 8082 8083 8084 8085 8086 8152 8153 8154 8155 8156 8157 8225 8226 8227 8228 8229 8230 8297 8298 8299 8300 8301 8302 8369 8370 8371 8372 8373 8374 8375 8446 8447 8448 8449 8450 8451 8525 8526 8527 8528 8529 8530 8607 8608 8609 8610 8611 8692 8693 8694 8780 8781
moead,ns465,7,3,2300,46,154800923.434652,24.446802,0.333333,0.666667,6433 7667 7735 7736 7737 7802 7803 7804 7805 7871 7872 7873 7874 7941 7942 7943 7944 7945 7946 8011 8012 8013 8014 8015 8016 8081 8082 8083 8084 8085 8086 8152 8153 8154 8155 8156 8157 8225 8226 8227 8228 8229 8230 8296 8297 8298 8299 8300 8301 8302 8369 8370 8371 8372 8373 8374 8375 8446 8447 8448 8449 8450 8451 8525 8526 8527 8528 8529 8530 8607 8608 8609 8610 8611 8692 8693 8694 8780 8781
moead,ns465,7,4,2300,46,154800923.434652,24.446802,0.444444,0.555556,6433 7667 7735 7736 7737 7802 7803 7804 7805 7871 7872 7873 7874 7941 7942 7943 7944 7945 7946 8011 8012 8013 8014 8015 8016 8081 8082 8083 8084 8085 8086 8152 8153 8154 8155 8156 8157 8225 8226 8227 8228 8229 8230 8296 8297 8298 8299 8300 8301 8302 8369 8370 8371 8372 8373 8374 8375 8446 8447 8448 8449 8450 8451 8525 8526 8527 8528 8529 8530 8607 8608 8609 8610 8611 8692 8693 8694 8780 8781
moead,ns465,7,5,2300,46,154800923.434652,24.446802,0.555556,0.444444,6433 7667 7735 7736 7737 7802 7803 7804 7805 7871 7872 7873 7874 7941 7942 7943 7944 7945 7946 8011 8012 8013 8014 8015 8016 8081 8082 8083 8084 8085 8086 8152 8153 8154 8155 8156 8157 8225 8226 8227 8228 8229 8230 8296 8297 8298 8299 8300 8301 8302 8369 8370 8371 8372 8373 8374 8375 8446 8447 8448 8449 8450 8451 8525 8526 8527 8528 8529 8530 8607 8608 8609 8610 8611 8692 8693 8694 8780 8781
moead,ns465,7,6,2300,46,154800923.434652,24.446802,0.666667,0.333333,6433 7667 7735 7736 7737 7802 7803 7804 7805 7871 7872 7873 7874 7941 7942 7943 7944 7945 7946 8011 8012 8013 8014 8015 8016 8081 8082 8083 8084 8085 8086 8152 8153 8154 8155 8156 8157 8225 8226 8227 8228 8229 8230 8296 8297 8298 8299 8300 8301 8302 8369 8370 8371 8372 8373 8374 8375 8446 8447 8448 8449 8450 8451 8525 8526 8527 8528 8529 8530 8607 8608 8609 8610 8611 8692 8693 8694 8780 8781
moead,ns465,7,7,2300,46,154800923.434652,24.446802,0.777778,0.222222,6433 7667 7735 7736 7737 7802 7803 7804 7805 7871 7872 7873 7874 7941 7942 7943 7944 7945 7946 8011 8012 8013 8014 8015 8016 8081 8082 8083 8084 8085 8086 8152 8153 8154 8155 8156 8157 8225 8226 8227 8228 8229 8230 8296 8297 8298 8299 8300 8301 8302 8369 8370 8371 8372 8373 8374 8375 8446 8447 8448 8449 8450 8451 8525 8526 8527 8528 8529 8530 8607 8608 8609 8610 8611 8692 8693 8694 8780 8781
moead,ns465,7,8,2300,46,154800923.434652,24.446802,0.888889,0.111111,6433 7667 7735 7736 7737 7802 7803 7804 7805 7871 7872 7873 7874 7941 7942 7943 7944 7945 7946 8011 8012 8013 8014 8015 8016 8081 8082 8083 8084 8085 8086 8152 8153 8154 8155 8156 8157 8225 8226 8227 8228 8229 8230 8296 8297 8298 8299 8300 8301 8302 8369 8370 8371 8372 8373 8374 8375 8446 8447 8448 8449 8450 8451 8525 8526 8527 8528 8529 8530 8607 8608 8609 8610 8611 8692 8693 8694 8780 8781
moead,ns465,7,9,2300,46,154800923.434652,24.446802,1.000000,0.000000,6433 7667 7735 7736 7737 7802 7803 7804 7805 7871 7872 7873 7874 7941 7942 7943 7944 7945 7946 8011 8012 8013 8014 8015 8016 8081 8082 8083 8084 8085 8086 8152 8153 8154 8155 8156 8157 8225 8226 8227 8228 8229 8230 8296 8297 8298 8299 8300 8301 8302 8369 8370 8371 8372 8373 8374 8375 8446 8447 8448 8449 8450 8451 8525 8526 8527 8528 8529 8530 8607 8608 8609 8610 8611 8692 8693 8694 8780 8781
moead,ns465,7,0,2350,47,198428117.644217,252.244339,0.000000,1.000000,92 97 302 435 533 661 1076 1267 1897 1996 2254 2416 2463 2506 2518 2650 2655 3390 3503 4107 4143 4404 4964 5021 5334 5445 5711 6050 6105 6429 6470 6478 6659 6913 6917 7184 7209 7260 7320 7460 7539 7657 7666 7745 7952 8129 8181 8235 8480 8640 8697 9450 9571 10137 10159 10280 10286 10458 10696 10763 10897 10952 11231 11268 11278 11416 11591 11674 12315 12557 13139 13354 13902 14286 14594 14652 14666 14673 14701
moead,ns465,7,1,2350,47,154801552.480970,24.546250,0.111111,0.888889,6433 7666 7667 7735 7736 7737 7802 7803 7804 7805 7871 7872 7873 7874 7941 7942 7943 7944 7945 7946 8011 8012 8013 8014 8015 8016 8081 8082 8083 8084 8085 8086 8152 8153 8154 8155 8156 8157 8225 8226 8227 8228 8229 8230 8297 8298 8299 8300 8301 8302 8369 8370 8371 8372 8373 8374 8375 8446 8447 8448 8449 8450 8451 8525 8526 8527 8528 8529 8530 8607 8608 8609 8610 8611 8692 8693 8694 8780 8781
moead,ns465,7,2,2350,47,154801552.480970,24.546250,0.222222,0.777778,6433 7666 7667 7735 7736 7737 7802 7803 7804 7805 7871 7872 7873 7874 7941 7942 7943 7944 7945 7946 8011 8012 8013 8014 8015 8016 8081 8082 8083 8084 8085 8086 8152 8153 8154 8155 8156 8157 8225 8226 8227 8228 8229 8230 8297 8298 8299 8300 8301 8302 8369 8370 8371 8372 8373 8374 8375 8446 8447 8448 8449 8450 8451 8525 8526 8527 8528 8529 8530 8607 8608 8609 8610 8611 8692 8693 8694 8780 8781
moead,ns465,7,3,2350,47,154800923.434652,24.446802,0.333333,0.666667,6433 7667 7735 7736 7737 7802 7803 7804 7805 7871 7872 7873 7874 7941 7942 7943 7944 7945 7946 8011 8012 8013 8014 8015 8016 8081 8082 8083 8084 8085 8086 8152 8153 8154 8155 8156 8157 8225 8226 8227 8228 8229 8230 8296 8297 8298 8299 8300 8301 8302 8369 8370 8371 8372 8373 8374 8375 8446 8447 8448 8449 8450 8451 8525 8526 8527 8528 8529 8530 8607 8608 8609 8610 8611 8692 8693 8694 8780 8781
moead,ns465,7,4,2350,47,154800923.434652,24.446802,0.444444,0.555556,6433 7667 7735 7736 7737 7802 7803 7804 7805 7871 7872 7873 7874 7941 7942 7943 7944 7945 7946 8011 8012 8013 8014 8015 8016 8081 8082 8083 8084 8085 8086 8152 8153 8154 8155 8156 8157 8225 8226 8227 8228 8229 8230 8296 8297 8298 8299 8300 8301 8302 8369 8370 8371 8372 8373 8374 8375 8446 8447 8448 8449 8450 8451 8525 8526 8527 8528 8529 8530 8607 8608 8609 8610 8611 8692 8693 8694 8780 8781
moead,ns465,7,5,2350,47,154800923.434652,24.446802,0.555556,0.444444,6433 7667 7735 7736 7737 7802 7803 7804 7805 7871 7872 7873 7874 7941 7942 7943 7944 7945 7946 8011 8012 8013 8014 8015 8016 8081 8082 8083 8084 8085 8086 8152 8153 8154 8155 8156 8157 8225 8226 8227 8228 8229 8230 8296 8297 8298 8299 8300 8301 8302 8369 8370 8371 8372 8373 8374 8375 8446 8447 8448 8449 8450 8451 8525 8526 8527 8528 8529 8530 8607 8608 8609 8610 8611 8692 8693 8694 8780 8781
moead,ns465,7,6,2350,47,154800923.434652,24.446802,0.666667,0.333333,6433 7667 7735 7736 7737 7802 7803 7804 7805 7871 7872 7873 7874 7941 7942 7943 7944 7945 7946 8011 8012 8013 8014 8015 8016 8081 8082 8083 8084 8085 8086 8152 8153 8154 8155 8156 8157 8225 8226 8227 8228 8229 8230 8296 8297 8298 8299 8300 8301 8302 8369 8370 8371 8372 8373 8374 8375 8446 8447 8448 8449 8450 8451 8525 8526 8527 8528 8529 8530 8607 8608 8609 8610 8611 8692 8693 8694 8780 8781
moead,ns465,7,7,2350,47,154800923.434652,24.446802,0.777778,0.222222,6433 7667 7735 7736 7737 7802 7803 7804 7805 7871 7872 7873 7874 7941 7942 7943 7944 7945 7946 8011 8012 8013 8014 8015 8016 8081 8082 8083 8084 8085 8086 8152 8153 8154 8155 8156 8157 8225 8226 8227 8228 8229 8230 8296 8297 8298 8299 8300 8301 8302 8369 8370 8371 8372 8373 8374 8375 8446 8447 8448 8449 8450 8451 8525 8526 8527 8528 8529 8530 8607 8608 8609 8610 8611 8692 8693 8694 8780 8781
moead,ns465,7,8,2350,47,154800923.434652,24.446802,0.888889,0.111111,6433 7667 7735 7736 7737 7802 7803 7804 7805 7871 7872 7873 7874 7941 7942 7943 7944 7945 7946 8011 8012 8013 8014 8015 8016 8081 8082 8083 8084 8085 8086 8152 8153 8154 8155 8156 8157 8225 8226 8227 8228 8229 8230 8296 8297 8298 8299 8300 8301 8302 8369 8370 8371 8372 8373 8374 8375 8446 8447 8448 8449 8450 8451 8525 8526 8527 8528 8529 8530 8607 8608 8609 8610 8611 8692 8693 8694 8780 8781
moead,ns465,7,9,2350,47,154800923.434652,24.446802,1.000000,0.000000,6433 7667 7735 7736 7737 7802 7803 7804 7805 7871 7872 7873 7874 7941 7942 7943 7944 7945 7946 8011 8012 8013 8014 8015 8016 8081 8082 8083 8084 8085 8086 8152 8153 8154 8155 8156 8157 8225 8226 8227 8228 8229 8230 8296 8297 8298 8299 8300 8301 8302 8369 8370 8371 8372 8373 8374 8375 8446 8447 8448 8449 8450 8451 8525 8526 8527 8528 8529 8530 8607 8608 8609 8610 8611 8692 8693 8694 8780 8781
moead,ns465,7,0,2400,48,198782015.488048,252.494718,0.000000,1.000000,92 97 302 435 458 533 661 1076 1267 1897 1996 2254 2416 2463 2506 2518 2650 2655 3390 3503 4107 4143 4404 4964 5021 5334 5445 5711 6105 6429 6470 6659 6913 6917 7184 7209 7260 7320 7460 7539 7657 7666 7745 7952 8129 8181 8235 8480 8640 8697 9450 9571 10137 10159 10280 10286 10458 10696 10763 10897 10952 11231 11268 11278 11362 11416 11591 11674 12315 12557 13139 13354 13902 14286 14594 14652 14666 14673 14701
moead,ns465,7,1,2400,48,154801552.480970,24.546250,0.111111,0.888889,6433 7666 7667 7735 7736 7737 7802 7803 7804 7805 7871 7872 7873 7874 7941 7942 7943 7944 7945 7946 8011 8012 8013 8014 8015 8016 8081 8082 8083 8084 8085 8086 8152 8153 8154 8155 8156 8157 8225 8226 8227 8228 8229 8230 8297 8298 8299 8300 8301 8302 8369 8370 8371 8372 8373 8374 8375 8446 8447 8448 8449 8450 8451 8525 8526 8527 8528 8529 8530 8607 8608 8609 8610 8611 8692 8693 8694 8780 8781
moead,ns465,7,2,2400,48,154801552.480970,24.546250,0.222222,0.777778,6433 7666 7667 7735 7736 7737 7802 7803 7804 7805 7871 7872 7873 7874 7941 7942 7943 7944 7945 7946 8011 8012 8013 8014 8015 8016 8081 8082 8083 8084 8085 8086 8152 8153 8154 8155 8156 8157 8225 8226 8227 8228 8229 8230 8297 8298 8299 8300 8301 8302 8369 8370 8371 8372 8373 8374 8375 8446 8447 8448 8449 8450 8451 8525 8526 8527 8528 8529 8530 8607 8608 8609 8610 8611 8692 8693 8694 8780 8781
moead,ns465,7,3,2400,48,154800923.434652,24.446802,0.333333,0.666667,6433 7667 7735 7736 7737 7802 7803 7804 7805 7871 7872 7873 7874 7941 7942 7943 7944 7945 7946 8011 8012 8013 8014 8015 8016 8081 8082 8083 8084 8085 8086 8152 8153 8154 8155 8156 8157 8225 8226 8227 8228 8229 8230 8296 8297 8298 8299 8300 8301 8302 8369 8370 8371 8372 8373 8374 8375 8446 8447 8448 8449 8450 8451 8525 8526 8527 8528 8529 8530 8607 8608 8609 8610 8611 8692 8693 8694 8780 8781
moead,ns465,7,4,2400,48,154800923.434652,24.446802,0.444444,0.555556,6433 7667 7735 7736 7737 7802 7803 7804 7805 7871 7872 7873 7874 7941 7942 7943 7944 7945 7946 8011 8012 8013 8014 8015 8016 8081 8082 8083 8084 8085 8086 8152 8153 8154 8155 8156 8157 8225 8226 8227 8228 8229 8230 8296 8297 8298 8299 8300 8301 8302 8369 8370 8371 8372 8373 8374 8375 8446 8447 8448 8449 8450 8451 8525 8526 8527 8528 8529 8530 8607 8608 8609 8610 8611 8692 8693 8694 8780 8781
moead,ns465,7,5,2400,48,154800923.434652,24.446802,0.555556,0.444444,6433 7667 7735 7736 7737 7802 7803 7804 7805 7871 7872 7873 7874 7941 7942 7943 7944 7945 7946 8011 8012 8013 8014 8015 8016 8081 8082 8083 8084 8085 8086 8152 8153 8154 8155 8156 8157 8225 8226 8227 8228 8229 8230 8296 8297 8298 8299 8300 8301 8302 8369 8370 8371 8372 8373 8374 8375 8446 8447 8448 8449 8450 8451 8525 8526 8527 8528 8529 8530 8607 8608 8609 8610 8611 8692 8693 8694 8780 8781
moead,ns465,7,6,2400,48,154800923.434652,24.446802,0.666667,0.333333,6433 7667 7735 7736 7737 7802 7803 7804 7805 7871 7872 7873 7874 7941 7942 7943 7944 7945 7946 8011 8012 8013 8014 8015 8016 8081 8082 8083 8084 8085 8086 8152 8153 8154 8155 8156 8157 8225 8226 8227 8228 8229 8230 8296 8297 8298 8299 8300 8301 8302 8369 8370 8371 8372 8373 8374 8375 8446 8447 8448 8449 8450 8451 8525 8526 8527 8528 8529 8530 8607 8608 8609 8610 8611 8692 8693 8694 8780 8781
moead,ns465,7,7,2400,48,154800923.434652,24.446802,0.777778,0.222222,6433 7667 7735 7736 7737 7802 7803 7804 7805 7871 7872 7873 7874 7941 7942 7943 7944 7945 7946 8011 8012 8013 8014 8015 8016 8081 8082 8083 8084 8085 8086 8152 8153 8154 8155 8156 8157 8225 8226 8227 8228 8229 8230 8296 8297 8298 8299 8300 8301 8302 8369 8370 8371 8372 8373 8374 8375 8446 8447 8448 8449 8450 8451 8525 8526 8527 8528 8529 8530 8607 8608 8609 8610 8611 8692 8693 8694 8780 8781
moead,ns465,7,8,2400,48,154800923.434652,24.446802,0.888889,0.111111,6433 7667 7735 7736 7737 7802 7803 7804 7805 7871 7872 7873 7874 7941 7942 7943 7944 7945 7946 8011 8012 8013 8014 8015 8016 8081 8082 8083 8084 8085 8086 8152 8153 8154 8155 8156 8157 8225 8226 8227 8228 8229 8230 8296 8297 8298 8299 8300 8301 8302 8369 8370 8371 8372 8373 8374 8375 8446 8447 8448 8449 8450 8451 8525 8526 8527 8528 8529 8530 8607 8608 8609 8610 8611 8692 8693 8694 8780 8781
moead,ns465,7,9,2400,48,154800923.434652,24.446802,1.000000,0.000000,6433 7667 7735 7736 7737 7802 7803 7804 7805 7871 7872 7873 7874 7941 7942 7943 7944 7945 7946 8011 8012 8013 8014 8015 8016 8081 8082 8083 8084 8085 8086 8152 8153 8154 8155 8156 8157 8225 8226 8227 8228 8229 8230 8296 8297 8298 8299 8300 8301 8302 8369 8370 8371 8372 8373 8374 8375 8446 8447 8448 8449 8450 8451 8525 8526 8527 8528 8529 8530 8607 8608 8609 8610 8611 8692 8693 8694 8780 8781
moead,ns465,7,0,2450,49,198674900.924835,252.494718,0.000000,1.000000,92 97 302 435 458 533 661 1076 1267 1897 1996 2254 2416 2463 2506 2518 2650 2655 3503 4107 4143 4404 4964 5021 5334 5445 5711 6105 6429 6470 6659 6818 6913 6917 7184 7209 7260 7320 7460 7539 7657 7666 7745 7952 8129 8181 8235 8480 8640 8697 9450 9571 10137 10159 10280 10286 10458 10696 10763 10897 10952 11231 11268 11278 11362 11416 11591 11674 12315 12557 13139 13354 13902 14286 14594 14652 14666 14673 14701
moead,ns465,7,1,2450,49,154801552.480970,24.546250,0.111111,0.888889,6433 7666 7667 7735 7736 7737 7802 7803 7804 7805 7871 7872 7873 7874 7941 7942 7943 7944 7945 7946 8011 8012 8013 8014 8015 8016 8081 8082 8083 8084 8085 8086 8152 8153 8154 8155 8156 8157 8225 8226 8227 8228 8229 8230 8297 8298 8299 8300 8301 8302 8369 8370 8371 8372 8373 8374 8375 8446 8447 8448 8449 8450 8451 8525 8526 8527 8528 8529 8530 8607 8608 8609 8610 8611 8692 8693 8694 8780 8781
moead,ns465,7,2,2450,49,154801552.480970,24.546250,0.222222,0.777778,6433 7666 7667 7735 7736 7737 7802 7803 7804 7805 7871 7872 7873 7874 7941 7942 7943 7944 7945 7946 8011 8012 8013 8014 8015 8016 8081 8082 8083 8084 8085 8086 8152 8153 8154 8155 8156 8157 8225 8226 8227 8228 8229 8230 8297 8298 8299 8300 8301 8302 8369 8370 8371 8372 8373 8374 8375 8446 8447 8448 8449 8450 8451 8525 8526 8527 8528 8529 8530 8607 8608 8609 8610 8611 8692 8693 8694 8780 8781
moead,ns465,7,3,2450,49,154800923.434652,24.446802,0.333333,0.666667,6433 7667 7735 7736 7737 7802 7803 7804 7805 7871 7872 7873 7874 7941 7942 7943 7944 7945 7946 8011 8012 8013 8014 8015 8016 8081 8082 8083 8084 8085 8086 8152 8153 8154 8155 8156 8157 8225 8226 8227 8228 8229 8230 8296 8297 8298 8299 8300 8301 8302 8369 8370 8371 8372 8373 8374 8375 8446 8447 8448 8449 8450 8451 8525 8526 8527 8528 8529 8530 8607 8608 8609 8610 8611 8692 8693 8694 8780 8781
moead,ns465,7,4,2450,49,154800923.434652,24.446802,0.444444,0.555556,6433 7667 7735 7736 7737 7802 7803 7804 7805 7871 7872 7873 7874 7941 7942 7943 7944 7945 7946 8011 8012 8013 8014 8015 8016 8081 8082 8083 8084 8085 8086 8152 8153 8154 8155 8156 8157 8225 8226 8227 8228 8229 8230 8296 8297 8298 8299 8300 8301 8302 8369 8370 8371 8372 8373 8374 8375 8446 8447 8448 8449 8450 8451 8525 8526 8527 8528 8529 8530 8607 8608 8609 8610 8611 8692 8693 8694 8780 8781
moead,ns465,7,5,2450,49,154800923.434652,24.446802,0.555556,0.444444,6433 7667 7735 7736 7737 7802 7803 7804 7805 7871 7872 7873 7874 7941 7942 7943 7944 7945 7946 8011 8012 8013 8014 8015 8016 8081 8082 8083 8084 8085 8086 8152 8153 8154 8155 8156 8157 8225 8226 8227 8228 8229 8230 8296 8297 8298 8299 8300 8301 8302 8369 8370 8371 8372 8373 8374 8375 8446 8447 8448 8449 8450 8451 8525 8526 8527 8528 8529 8530 8607 8608 8609 8610 8611 8692 8693 8694 8780 8781
moead,ns465,7,6,2450,49,154800923.434652,24.446802,0.666667,0.333333,6433 7667 7735 7736 7737 7802 7803 7804 7805 7871 7872 7873 7874 7941 7942 7943 7944 7945 7946 8011 8012 8013 8014 8015 8016 8081 8082 8083 8084 8085 8086 8152 8153 8154 8155 8156 8157 8225 8226 8227 8228 8229 8230 8296 8297 8298 8299 8300 8301 8302 8369 8370 8371 8372 8373 8374 8375 8446 8447 8448 8449 8450 8451 8525 8526 8527 8528 8529 8530 8607 8608 8609 8610 8611 8692 8693 8694 8780 8781
moead,ns465,7,7,2450,49,154800923.434652,24.446802,0.777778,0.222222,6433 7667 7735 7736 7737 7802 7803 7804 7805 7871 7872 7873 7874 7941 7942 7943 7944 7945 7946 8011 8012 8013 8014 8015 8016 8081 8082 8083 8084 8085 8086 8152 8153 8154 8155 8156 8157 8225 8226 8227 8228 8229 8230 8296 8297 8298 8299 8300 8301 8302 8369 8370 8371 8372 8373 8374 8375 8446 8447 8448 8449 8450 8451 8525 8526 8527 8528 8529 8530 8607 8608 8609 8610 8611 8692 8693 8694 8780 8781
moead,ns465,7,8,2450,49,154800923.434652,24.446802,0.888889,0.111111,6433 7667 7735 7736 7737 7802 7803 7804 7805 7871 7872 7873 7874 7941 7942 7943 7944 7945 7946 8011 8012 8013 8014 8015 8016 8081 8082 8083 8084 8085 8086 8152 8153 8154 8155 8156 8157 8225 8226 8227 8228 8229 8230 8296 8297 8298 8299 8300 8301 8302 8369 8370 8371 8372 8373 8374 8375 8446 8447 8448 8449 8450 8451 8525 8526 8527 8528 8529 8530 8607 8608 8609 8610 8611 8692 8693 8694 8780 8781
moead,ns465,7,9,2450,49,154800923.434652,24.446802,1.000000,0.000000,6433 7667 7735 7736 7737 7802 7803 7804 7805 7871 7872 7873 7874 7941 7942 7943 7944 7945 7946 8011 8012 8013 8014 8015 8016 8081 8082 8083 8084 8085 8086 8152 8153 8154 8155 8156 8157 8225 8226 8227 8228 8229 8230 8296 8297 8298 8299 8300 8301 8302 8369 8370 8371 8372 8373 8374 8375 8446 8447 8448 8449 8450 8451 8525 8526 8527 8528 8529 8530 8607 8608 8609 8610 8611 8692 8693 8694 8780 8781
moead,ns465,7,0,2500,50,198128163.688153,252.627130,0.000000,1.000000,92 97 302 435 458 533 661 1076 1267 1897 1996 2254 2416 2463 2506 2518 2650 2655 3503 4107 4143 4404 4964 5021 5334 5445 5711 6105 6317 6429 6470 6659 6818 6913 6917 7184 7209 7260 7320 7460 7539 7657 7666 7745 7952 8129 8181 8235 8480 8640 8697 9450 9571 10137 10159 10280 10286 10458 10696 10763 10897 10952 11231 11268 11278 11362 11416 11591 11674 12315 12557 13354 13902 14286 14594 14652 14666 14673 14701
moead,ns465,7,1,2500,50,154801552.480970,24.546250,0.111111,0.888889,6433 7666 7667 7735 7736 7737 7802 7803 7804 7805 7871 7872 7873 7874 7941 7942 7943 7944 7945 7946 8011 8012 8013 8014 8015 8016 8081 8082 8083 8084 8085 8086 8152 8153 8154 8155 8156 8157 8225 8226 8227 8228 8229 8230 8297 8298 8299 8300 8301 8302 8369 8370 8371 8372 8373 8374 8375 8446 8447 8448 8449 8450 8451 8525 8526 8527 8528 8529 8530 8607 8608 8609 8610 8611 8692 8693 8694 8780 8781
moead,ns465,7,2,2500,50,154801552.480970,24.546250,0.222222,0.777778,6433 7666 7667 7735 7736 7737 7802 7803 7804 7805 7871 7872 7873 7874 7941 7942 7943 7944 7945 7946 8011 8012 8013 8014 8015 8016 8081 8082 8083 8084 8085 8086 8152 8153 8154 8155 8156 8157 8225 8226 8227 8228 8229 8230 8297 8298 8299 8300 8301 8302 8369 8370 8371 8372 8373 8374 8375 8446 8447 8448 8449 8450 8451 8525 8526 8527 8528 8529 8530 8607 8608 8609 8610 8611 8692 8693 8694 8780 8781
moead,ns465,7,3,2500,50,154800923.434652,24.446802,0.333333,0.666667,6433 7667 7735 7736 7737 7802 7803 7804 7805 7871 7872 7873 7874 7941 7942 7943 7944 7945 7946 8011 8012 8013 8014 8015 8016 8081 8082 8083 8084 8085 8086 8152 8153 8154 8155 8156 8157 8225 8226 8227 8228 8229 8230 8296 8297 8298 8299 8300 8301 8302 8369 8370 8371 8372 8373 8374 8375 8446 8447 8448 8449 8450 8451 8525 8526 8527 8528 8529 8530 8607 8608 8609 8610 8611 8692 8693 8694 8780 8781
moead,ns465,7,4,2500,50,154800923.434652,24.446802,0.444444,0.555556,6433 7667 7735 7736 7737 7802 7803 7804 7805 7871 7872 7873 7874 7941 7942 7943 7944 7945 7946 8011 8012 8013 8014 8015 8016 8081 8082 8083 8084 8085 8086 8152 8153 8154 8155 8156 8157 8225 8226 8227 8228 8229 8230 8296 8297 8298 8299 8300 8301 8302 8369 8370 8371 8372 8373 8374 8375 8446 8447 8448 8449 8450 8451 8525 8526 8527 8528 8529 8530 8607 8608 8609 8610 8611 8692 8693 8694 8780 8781
moead,ns465,7,5,2500,50,154800923.434652,24.446802,0.555556,0.444444,6433 7667 7735 7736 7737 7802 7803 7804 7805 7871 7872 7873 7874 7941 7942 7943 7944 7945 7946 8011 8012 8013 8014 8015 8016 8081 8082 8083 8084 8085 8086 8152 8153 8154 8155 8156 8157 8225 8226 8227 8228 8229 8230 8296 8297 8298 8299 8300 8301 8302 8369 8370 8371 8372 8373 8374 8375 8446 8447 8448 8449 8450 8451 8525 8526 8527 8528 8529 8530 8607 8608 8609 8610 8611 8692 8693 8694 8780 8781
moead,ns465,7,6,2500,50,154800923.434652,24.446802,0.666667,0.333333,6433 7667 7735 7736 7737 7802 7803 7804 7805 7871 7872 7873 7874 7941 7942 7943 7944 7945 7946 8011 8012 8013 8014 8015 8016 8081 8082 8083 8084 8085 8086 8152 8153 8154 8155 8156 8157 8225 8226 8227 8228 8229 8230 8296 8297 8298 8299 8300 8301 8302 8369 8370 8371 8372 8373 8374 8375 8446 8447 8448 8449 8450 8451 8525 8526 8527 8528 8529 8530 8607 8608 8609 8610 8611 8692 8693 8694 8780 8781
moead,ns465,7,7,2500,50,154800923.434652,24.446802,0.777778,0.222222,6433 7667 7735 7736 7737 7802 7803 7804 7805 7871 7872 7873 7874 7941 7942 7943 7944 7945 7946 8011 8012 8013 8014 8015 8016 8081 8082 8083 8084 8085 8086 8152 8153 8154 8155 8156 8157 8225 8226 8227 8228 8229 8230 8296 8297 8298 8299 8300 8301 8302 8369 8370 8371 8372 8373 8374 8375 8446 8447 8448 8449 8450 8451 8525 8526 8527 8528 8529 8530 8607 8608 8609 8610 8611 8692 8693 8694 8780 8781
moead,ns465,7,8,2500,50,154800923.434652,24.446802,0.888889,0.111111,6433 7667 7735 7736 7737 7802 7803 7804 7805 7871 7872 7873 7874 7941 7942 7943 7944 7945 7946 8011 8012 8013 8014 8015 8016 8081 8082 8083 8084 8085 8086 8152 8153 8154 8155 8156 8157 8225 8226 8227 8228 8229 8230 8296 8297 8298 8299 8300 8301 8302 8369 8370 8371 8372 8373 8374 8375 8446 8447 8448 8449 8450 8451 8525 8526 8527 8528 8529 8530 8607 8608 8609 8610 8611 8692 8693 8694 8780 8781
moead,ns465,7,9,2500,50,154800923.434652,24.446802,1.000000,0.000000,6433 7667 7735 7736 7737 7802 7803 7804 7805 7871 7872 7873 7874 7941 7942 7943 7944 7945 7946 8011 8012 8013 8014 8015 8016 8081 8082 8083 8084 8085 8086 8152 8153 8154 8155 8156 8157 8225 8226 8227 8228 8229 8230 8296 8297 8298 8299 8300 8301 8302 8369 8370 8371 8372 8373 8374 8375 8446 8447 8448 8449 8450 8451 8525 8526 8527 8528 8529 8530 8607 8608 8609 8610 8611 8692 8693 8694 8780 8781
moead,ns465,7,0,2550,51,198322821.536911,252.723024,0.000000,1.000000,92 97 302 435 458 533 661 1076 1267 1897 1996 2254 2416 2463 2506 2518 2650 2655 3503 4107 4143 4404 4964 5021 5186 5334 5445 5711 6105 6317 6429 6470 6659 6818 6913 6917 7184 7209 7260 7320 7460 7539 7657 7666 7745 7952 8129 8181 8235 8480 8640 8697 9450 9571 10137 10159 10280 10286 10458 10696 10763 10897 10952 11231 11268 11278 11362 11416 11591 11674 12557 13354 13902 14286 14594 14652 14666 14673 14701
moead,ns465,7,1,2550,51,154801552.480970,24.546250,0.111111,0.888889,6433 7666 7667 7735 7736 7737 7802 7803 7804 7805 7871 7872 7873 7874 7941 7942 7943 7944 7945 7946 8011 8012 8013 8014 8015 8016 8081 8082 8083 8084 8085 8086 8152 8153 8154 8155 8156 8157 8225 8226 8227 8228 8229 8230 8297 8298 8299 8300 8301 8302 8369 8370 8371 8372 8373 8374 8375 8446 8447 8448 8449 8450 8451 8525 8526 8527 8528 8529 8530 8607 8608 8609 8610 8611 8692 8693 8694 8780 8781
moead,ns465,7,2,2550,51,154801552.480970,24.546250,0.222222,0.777778,6433 7666 7667 7735 7736 7737 7802 7803 7804 7805 7871 7872 7873 7874 7941 7942 7943 7944 7945 7946 8011 8012 8013 8014 8015 8016 8081 8082 8083 8084 8085 8086 8152 8153 8154 8155 8156 8157 8225 8226 8227 8228 8229 8230 8297 8298 8299 8300 8301 8302 8369 8370 8371 8372 8373 8374 8375 8446 8447 8448 8449 8450 8451 8525 8526 8527 8528 8529 8530 8607 8608 8609 8610 8611 8692 8693 8694 8780 8781
moead,ns465,7,3,2550,51,154800923.434652,24.446802,0.333333,0.666667,6433 7667 7735 7736 7737 7802 7803 7804 7805 7871 7872 7873 7874 7941 7942 7943 7944 7945 7946 8011 8012 8013 8014 8015 8016 8081 8082 8083 8084 8085 8086 8152 8153 8154 8155 8156 8157 8225 8226 8227 8228 8229 8230 8296 8297 8298 8299 8300 8301 8302 8369 8370 8371 8372 8373 8374 8375 8446 8447 8448 8449 8450 8451 8525 8526 8527 8528 8529 8530 8607 8608 8609 8610 8611 8692 8693 8694 8780 8781
moead,ns465,7,4,2550,51,154800923.434652,24.446802,0.444444,0.555556,6433 7667 7735 7736 7737 7802 7803 7804 7805 7871 7872 7873 7874 7941 7942 7943 7944 7945 7946 8011 8012 8013 8014 8015 8016 8081 8082 8083 8084 8085 8086 8152 8153 8154 8155 8156 8157 8225 8226 8227 8228 8229 8230 8296 8297 8298 8299 8300 8301 8302 8369 8370 8371 8372 8373 8374 8375 8446 8447 8448 8449 8450 8451 8525 8526 8527 8528 8529 8530 8607 8608 8609 8610 8611 8692 8693 8694 8780 8781
moead,ns465,7,5,2550,51,154800923.434652,24.446802,0.555556,0.444444,6433 7667 7735 7736 7737 7802 7803 7804 7805 7871 7872 7873 7874 7941 7942 7943 7944 7945 7946 8011 8012 8013 8014 8015 8016 8081 8082 8083 8084 8085 8086 8152 8153 8154 8155 8156 8157 8225 8226 8227 8228 8229 8230 8296 8297 8298 8299 8300 8301 8302 8369 8370 8371 8372 8373 8374 8375 8446 8447 8448 8449 8450 8451 8525 8526 8527 8528 8529 8530 8607 8608 8609 8610 8611 8692 8693 8694 8780 8781
moead,ns465,7,6,2550,51,154800923.434652,24.446802,0.666667,0.333333,6433 7667 7735 7736 7737 7802 7803 7804 7805 7871 7872 7873 7874 7941 7942 7943 7944 7945 7946 8011 8012 8013 8014 8015 8016 8081 8082 8083 8084 8085 8086 8152 8153 8154 8155 8156 8157 8225 8226 8227 8228 8229 8230 8296 8297 8298 8299 8300 8301 8302 8369 8370 8371 8372 8373 8374 8375 8446 8447 8448 8449 8450 8451 8525 8526 8527 8528 8529 8530 8607 8608 8609 8610 8611 8692 8693 8694 8780 8781
moead,ns465,7,7,2550,51,154800923.434652,24.446802,0.777778,0.222222,6433 7667 7735 7736 7737 7802 7803 7804 7805 7871 7872 7873 7874 7941 7942 7943 7944 7945 7946 8011 8012 8013 8014 8015 8016 8081 8082 8083 8084 8085 8086 8152 8153 8154 8155 8156 8157 8225 8226 8227 8228 8229 8230 8296 8297 8298 8299 8300 8301 8302 8369 8370 8371 8372 8373 8374 8375 8446 8447 8448 8449 8450 8451 8525 8526 8527 8528 8529 8530 8607 8608 8609 8610 8611 8692 8693 8694 8780 8781
moead,ns465,7,8,2550,51,154800923.434652,24.446802,0.888889,0.111111,6433 7667 7735 7736 7737 7802 7803 7804 7805 7871 7872 7873 7874 7941 7942 7943 7944 7945 7946 8011 8012 8013 8014 8015 8016 8081 8082 8083 8084 8085 8086 8152 8153 8154 8155 8156 8157 8225 8226 8227 8228 8229 8230 8296 8297 8298 8299 8300 8301 8302 8369 8370 8371 8372 8373 8374 8375 8446 8447 8448 8449 8450 8451 8525 8526 8527 8528 8529 8530 8607 8608 8609 8610 8611 8692 8693 8694 8780 8781
moead,ns465,7,9,2550,51,154800923.434652,24.446802,1.000000,0.000000,6433 7667 7735 7736 7737 7802 7803 7804 7805 7871 7872 7873 7874 7941 7942 7943 7944 7945 7946 8011 8012 8013 8014 8015 8016 8081 8082 8083 8084 8085 8086 8152 8153 8154 8155 8156 8157 8225 8226 8227 8228 8229 8230 8296 8297 8298 8299 8300 8301 8302 8369 8370 8371 8372 8373 8374 8375 8446 8447 8448 8449 8450 8451 8525 8526 8527 8528 8529 8530 8607 8608 8609 8610 8611 8692 8693 8694 8780 8781
moead,ns465,7,0,2600,52,198950517.544978,252.723024,0.000000,1.000000,92 97 302 435 458 533 661 1076 1267 1897 1996 2254 2416 2463 2506 2518 2650 2655 3503 4107 4143 4404 4964 5021 5186 5334 5445 5711 6105 6317 6429 6470 6659 6818 6913 6917 7184 7209 7260 7320 7460 7539 7657 7666 7745 7952 8181 8235 8480 8640 8697 9450 9571 10137 10159 10280 10286 10458 10696 10763 10897 10952 11231 11268 11278 11362 11416 11591 11674 11744 12557 13354 13902 14286 14594 14652 14666 14673 14701
moead,ns465,7,1,2600,52,154801552.480970,24.546250,0.111111,0.888889,6433 7666 7667 7735 7736 7737 7802 7803 7804 7805 7871 7872 7873 7874 7941 7942 7943 7944 7945 7946 8011 8012 8013 8014 8015 8016 8081 8082 8083 8084 8085 8086 8152 8153 8154 8155 8156 8157 8225 8226 8227 8228 8229 8230 8297 8298 8299 8300 8301 8302 8369 8370 8371 8372 8373 8374 8375 8446 8447 8448 8449 8450 8451 8525 8526 8527 8528 8529 8530 8607 8608 8609 8610 8611 8692 8693 8694 8780 8781
moead,ns465,7,2,2600,52,154801552.480970,24.546250,0.222222,0.777778,6433 7666 7667 7735 7736 7737 7802 7803 7804 7805 7871 7872 7873 7874 7941 7942 7943 7944 7945 7946 8011 8012 8013 8014 8015 8016 8081 8082 8083 8084 8085 8086 8152 8153 8154 8155 8156 8157 8225 8226 8227 8228 8229 8230 8297 8298 8299 8300 8301 8302 8369 8370 8371 8372 8373 8374 8375 8446 8447 8448 8449 8450 8451 8525 8526 8527 8528 8529 8530 8607 8608 8609 8610 8611 8692 8693 8694 8780 8781
moead,ns465,7,3,2600,52,154800923.434652,24.446802,0.333333,0.666667,6433 7667 7735 7736 7737 7802 7803 7804 7805 7871 7872 7873 7874 7941 7942 7943 7944 7945 7946 8011 8012 8013 8014 8015 8016 8081 8082 8083 8084 8085 8086 8152 8153 8154 8155 8156 8157 8225 8226 8227 8228 8229 8230 8296 8297 8298 8299 8300 8301 8302 8369 8370 8371 8372 8373 8374 8375 8446 8447 8448 8449 8450 8451 8525 8526 8527 8528 8529 8530 8607 8608 8609 8610 8611 8692 8693 8694 8780 8781
moead,ns465,7,4,2600,52,154800923.434652,24.446802,0.444444,0.555556,6433 7667 7735 7736 7737 7802 7803 7804 7805 7871 7872 7873 7874 7941 7942 7943 7944 7945 7946 8011 8012 8013 8014 8015 8016 8081 8082 8083 8084 8085 8086 8152 8153 8154 8155 8156 8157 8225 8226 8227 8228 8229 8230 8296 8297 8298 8299 8300 8301 8302 8369 8370 8371 8372 8373 8374 8375 8446 8447 8448 8449 8450 8451 8525 8526 8527 8528 8529 8530 8607 8608 8609 8610 8611 8692 8693 8694 8780 8781
moead,ns465,7,5,2600,52,154800923.434652,24.446802,0.555556,0.444444,6433 7667 7735 7736 7737 7802 7803 7804 7805 7871 7872 7873 7874 7941 7942 7943 7944 7945 7946 8011 8012 8013 8014 8015 8016 8081 8082 8083 8084 8085 8086 8152 8153 8154 8155 8156 8157 8225 8226 8227 8228 8229 8230 8296 8297 8298 8299 8300 8301 8302 8369 8370 8371 8372 8373 8374 8375 8446 8447 8448 8449 8450 8451 8525 8526 8527 8528 8529 8530 8607 8608 8609 8610 8611 8692 8693 8694 8780 8781
moead,ns465,7,6,2600,52,154800923.434652,24.446802,0.666667,0.333333,6433 7667 7735 7736 7737 7802 7803 7804 7805 7871 7872 7873 7874 7941 7942 7943 7944 7945 7946 8011 8012 8013 8014 8015 8016 8081 8082 8083 8084 8085 8086 8152 8153 8154 8155 8156 8157 8225 8226 8227 8228 8229 8230 8296 8297 8298 8299 8300 8301 8302 8369 8370 8371 8372 8373 8374 8375 8446 8447 8448 8449 8450 8451 8525 8526 8527 8528 8529 8530 8607 8608 8609 8610 8611 8692 8693 8694 8780 8781
moead,ns465,7,7,2600,52,154800923.434652,24.446802,0.777778,0.222222,6433 7667 7735 7736 7737 7802 7803 7804 7805 7871 7872 7873 7874 7941 7942 7943 7944 7945 7946 8011 8012 8013 8014 8015 8016 8081 8082 8083 8084 8085 8086 8152 8153 8154 8155 8156 8157 8225 8226 8227 8228 8229 8230 8296 8297 8298 8299 8300 8301 8302 8369 8370 8371 8372 8373 8374 8375 8446 8447 8448 8449 8450 8451 8525 8526 8527 8528 8529 8530 8607 8608 8609 8610 8611 8692 8693 8694 8780 8781
moead,ns465,7,8,2600,52,154800923.434652,24.446802,0.888889,0.111111,6433 7667 7735 7736 7737 7802 7803 7804 7805 7871 7872 7873 7874 7941 7942 7943 7944 7945 7946 8011 8012 8013 8014 8015 8016 8081 8082 8083 8084 8085 8086 8152 8153 8154 8155 8156 8157 8225 8226 8227 8228 8229 8230 8296 8297 8298 8299 8300 8301 8302 8369 8370 8371 8372 8373 8374 8375 8446 8447 8448 8449 8450 8451 8525 8526 8527 8528 8529 8530 8607 8608 8609 8610 8611 8692 8693 8694 8780 8781
moead,ns465,7,9,2600,52,154800923.434652,24.446802,1.000000,0.000000,6433 7667 7735 7736 7737 7802 7803 7804 7805 7871 7872 7873 7874 7941 7942 7943 7944 7945 7946 8011 8012 8013 8014 8015 8016 8081 8082 8083 8084 8085 8086 8152 8153 8154 8155 8156 8157 8225 8226 8227 8228 8229 8230 8296 8297 8298 8299 8300 8301 8302 8369 8370 8371 8372 8373 8374 8375 8446 8447 8448 8449 8450 8451 8525 8526 8527 8528 8529 8530 8607 8608 8609 8610 8611 8692 8693 8694 8780 8781
moead,ns465,7,0,2650,53,198950517.544978,252.723024,0.000000,1.000000,92 97 302 435 458 533 661 1076 1267 1897 1996 2254 2416 2463 2506 2518 2650 2655 3503 4107 4143 4404 4964 5021 5186 5334 5445 5711 6105 6317 6429 6470 6659 6818 6913 6917 7184 7209 7260 7320 7460 7539 7657 7666 7745 7952 8181 8235 8480 8640 8697 9450 9571 10137 10159 10280 10286 10458 10696 10763 10897 10952 11231 11268 11278 11362 11416 11591 11674 11744 12557 13354 13902 14286 14594 14652 14666 14673 14701
moead,ns465,7,1,2650,53,154801552.480970,24.546250,0.111111,0.888889,6433 7666 7667 7735 7736 7737 7802 7803 7804 7805 7871 7872 7873 7874 7941 7942 7943 7944 7945 7946 8011 8012 8013 8014 8015 8016 8081 8082 8083 8084 8085 8086 8152 8153 8154 8155 8156 8157 8225 8226 8227 8228 8229 8230 8297 8298 8299 8300 8301 8302 8369 8370 8371 8372 8373 8374 8375 8446 8447 8448 8449 8450 8451 8525 8526 8527 8528 8529 8530 8607 8608 8609 8610 8611 8692 8693 8694 8780 8781
moead,ns465,7,2,2650,53,154801552.480970,24.546250,0.222222,0.777778,6433 7666 7667 7735 7736 7737 7802 7803 7804 7805 7871 7872 7873 7874 7941 7942 7943 7944 7945 7946 8011 8012 8013 8014 8015 8016 8081 8082 8083 8084 8085 8086 8152 8153 8154 8155 8156 8157 8225 8226 8227 8228 8229 8230 8297 8298 8299 8300 8301 8302 8369 8370 8371 8372 8373 8374 8375 8446 8447 8448 8449 8450 8451 8525 8526 8527 8528 8529 8530 8607 8608 8609 8610 8611 8692 8693 8694 8780 8781
moead,ns465,7,3,2650,53,154800923.434652,24.446802,0.333333,0.666667,6433 7667 7735 7736 7737 7802 7803 7804 7805 7871 7872 7873 7874 7941 7942 7943 7944 7945 7946 8011 8012 8013 8014 8015 8016 8081 8082 8083 8084 8085 8086 8152 8153 8154 8155 8156 8157 8225 8226 8227 8228 8229 8230 8296 8297 8298 8299 8300 8301 8302 8369 8370 8371 8372 8373 8374 8375 8446 8447 8448 8449 8450 8451 8525 8526 8527 8528 8529 8530 8607 8608 8609 8610 8611 8692 8693 8694 8780 8781
moead,ns465,7,4,2650,53,154800923.434652,24.446802,0.444444,0.555556,6433 7667 7735 7736 7737 7802 7803 7804 7805 7871 7872 7873 7874 7941 7942 7943 7944 7945 7946 8011 8012 8013 8014 8015 8016 8081 8082 8083 8084 8085 8086 8152 8153 8154 8155 8156 8157 8225 8226 8227 8228 8229 8230 8296 8297 8298 8299 8300 8301 8302 8369 8370 8371 8372 8373 8374 8375 8446 8447 8448 8449 8450 8451 8525 8526 8527 8528 8529 8530 8607 8608 8609 8610 8611 8692 8693 8694 8780 8781
moead,ns465,7,5,2650,53,154800923.434652,24.446802,0.555556,0.444444,6433 7667 7735 7736 7737 7802 7803 7804 7805 7871 7872 7873 7874 7941 7942 7943 7944 7945 7946 8011 8012 8013 8014 8015 8016 8081 8082 8083 8084 8085 8086 8152 8153 8154 8155 8156 8157 8225 8226 8227 8228 8229 8230 8296 8297 8298 8299 8300 8301 8302 8369 8370 8371 8372 8373 8374 8375 8446 8447 8448 8449 8450 8451 8525 8526 8527 8528 8529 8530 8607 8608 8609 8610 8611 8692 8693 8694 8780 8781
moead,ns465,7,6,2650,53,154800923.434652,24.446802,0.666667,0.333333,6433 7667 7735 7736 7737 7802 7803 7804 7805 7871 7872 7873 7874 7941 7942 7943 7944 7945 7946 8011 8012 8013 8014 8015 8016 8081 8082 8083 8084 8085 8086 8152 8153 8154 8155 8156 8157 8225 8226 8227 8228 8229 8230 8296 8297 8298 8299 8300 8301 8302 8369 8370 8371 8372 8373 8374 8375 8446 8447 8448 8449 8450 8451 8525 8526 8527 8528 8529 8530 8607 8608 8609 8610 8611 8692 8693 8694 8780 8781
moead,ns465,7,7,2650,53,154800923.434652,24.446802,0.777778,0.222222,6433 7667 7735 7736 7737 7802 7803 7804 7805 7871 7872 7873 7874 7941 7942 7943 7944 7945 7946 8011 8012 8013 8014 8015 8016 8081 8082 8083 8084 8085 8086 8152 8153 8154 8155 8156 8157 8225 8226 8227 8228 8229 8230 8296 8297 8298 8299 8300 8301 8302 8369 8370 8371 8372 8373 8374 8375 8446 8447 8448 8449 8450 8451 8525 8526 8527 8528 8529 8530 8607 8608 8609 8610 8611 8692 8693 8694 8780 8781
moead,ns465,7,8,2650,53,154800923.434652,24.446802,0.888889,0.111111,6433 7667 7735 7736 7737 7802 7803 7804 7805 7871 7872 7873 7874 7941 7942 7943 7944 7945 7946 8011 8012 8013 8014 8015 8016 8081 8082 8083 8084 8085 8086 8152 8153 8154 8155 8156 8157 8225 8226 8227 8228 8229 8230 8296 8297 8298 8299 8300 8301 8302 8369 8370 8371 8372 8373 8374 8375 8446 8447 8448 8449 8450 8451 8525 8526 8527 8528 8529 8530 8607 8608 8609 8610 8611 8692 8693 8694 8780 8781
moead,ns465,7,9,2650,53,154800923.434652,24.446802,1.000000,0.000000,6433 7667 7735 7736 7737 7802 7803 7804 7805 7871 7872 7873 7874 7941 7942 7943 7944 7945 7946 8011 8012 8013 8014 8015 8016 8081 8082 8083 8084 8085 8086 8152 8153 8154 8155 8156 8157 8225 8226 8227 8228 8229 8230 8296 8297 8298 8299 8300 8301 8302 8369 8370 8371 8372 8373 8374 8375 8446 8447 8448 8449 8450 8451 8525 8526 8527 8528 8529 8530 8607 8608 8609 8610 8611 8692 8693 8694 8780 8781
moead,ns465,7,0,2700,54,198375154.328082,253.158168,0.000000,1.000000,92 97 302 435 458 533 661 1076 1267 1897 1996 2254 2416 2463 2506 2518 2650 2655 3503 4107 4143 4404 4964 5021 5186 5334 5445 5711 6105 6167 6317 6429 6470 6659 6818 6913 6917 7184 7209 7260 7320 7460 7539 7657 7666 7745 7952 8181 8235 8480 8640 8697 9450 9571 10137 10159 10280 10286 10458 10696 10763 10897 10952 11231 11268 11278 11416 11591 11674 11744 12557 13354 13902 14286 14594 14652 14666 14673 14701
moead,ns465,7,1,2700,54,154801552.480970,24.546250,0.111111,0.888889,6433 7666 7667 7735 7736 7737 7802 7803 7804 7805 7871 7872 7873 7874 7941 7942 7943 7944 7945 7946 8011 8012 8013 8014 8015 8016 8081 8082 8083 8084 8085 8086 8152 8153 8154 8155 8156 8157 8225 8226 8227 8228 8229 8230 8297 8298 8299 8300 8301 8302 8369 8370 8371 8372 8373 8374 8375 8446 8447 8448 8449 8450 8451 8525 8526 8527 8528 8529 8530 8607 8608 8609 8610 8611 8692 8693 8694 8780 8781
moead,ns465,7,2,2700,54,154801552.480970,24.546250,0.222222,0.777778,6433 7666 7667 7735 7736 7737 7802 7803 7804 7805 7871 7872 7873 7874 7941 7942 7943 7944 7945 7946 8011 8012 8013 8014 8015 8016 8081 8082 8083 8084 8085 8086 8152 8153 8154 8155 8156 8157 8225 8226 8227 8228 8229 8230 8297 8298 8299 8300 8301 8302 8369 8370 8371 8372 8373 8374 8375 8446 8447 8448 8449 8450 8451 8525 8526 8527 8528 8529 8530 8607 8608 8609 8610 8611 8692 8693 8694 8780 8781
moead,ns465,7,3,2700,54,154800923.434652,24.446802,0.333333,0.666667,6433 7667 7735 7736 7737 7802 7803 7804 7805 7871 7872 7873 7874 7941 7942 7943 7944 7945 7946 8011 8012 8013 8014 8015 8016 8081 8082 8083 8084 8085 8086 8152 8153 8154 8155 8156 8157 8225 8226 8227 8228 8229 8230 8296 8297 8298 8299 8300 8301 8302 8369 8370 8371 8372 8373 8374 8375 8446 8447 8448 8449 8450 8451 8525 8526 8527 8528 8529 8530 8607 8608 8609 8610 8611 8692 8693 8694 8780 8781
moead,ns465,7,4,2700,54,154800923.434652,24.446802,0.444444,0.555556,6433 7667 7735 7736 7737 7802 7803 7804 7805 7871 7872 7873 7874 7941 7942 7943 7944 7945 7946 8011 8012 8013 8014 8015 8016 8081 8082 8083 8084 8085 8086 8152 8153 8154 8155 8156 8157 8225 8226 8227 8228 8229 8230 8296 8297 8298 8299 8300 8301 8302 8369 8370 8371 8372 8373 8374 8375 8446 8447 8448 8449 8450 8451 8525 8526 8527 8528 8529 8530 8607 8608 8609 8610 8611 8692 8693 8694 8780 8781
moead,ns465,7,5,2700,54,154800923.434652,24.446802,0.555556,0.444444,6433 7667 7735 7736 7737 7802 7803 7804 7805 7871 7872 7873 7874 7941 7942 7943 7944 7945 7946 8011 8012 8013 8014 8015 8016 8081 8082 8083 8084 8085 8086 8152 8153 8154 8155 8156 8157 8225 8226 8227 8228 8229 8230 8296 8297 8298 8299 8300 8301 8302 8369 8370 8371 8372 8373 8374 8375 8446 8447 8448 8449 8450 8451 8525 8526 8527 8528 8529 8530 8607 8608 8609 8610 8611 8692 8693 8694 8780 8781
moead,ns465,7,6,2700,54,154800923.434652,24.446802,0.666667,0.333333,6433 7667 7735 7736 7737 7802 7803 7804 7805 7871 7872 7873 7874 7941 7942 7943 7944 7945 7946 8011 8012 8013 8014 8015 8016 8081 8082 8083 8084 8085 8086 8152 8153 8154 8155 8156 8157 8225 8226 8227 8228 8229 8230 8296 8297 8298 8299 8300 8301 8302 8369 8370 8371 8372 8373 8374 8375 8446 8447 8448 8449 8450 8451 8525 8526 8527 8528 8529 8530 8607 8608 8609 8610 8611 8692 8693 8694 8780 8781
moead,ns465,7,7,2700,54,154800923.434652,24.446802,0.777778,0.222222,6433 7667 7735 7736 7737 7802 7803 7804 7805 7871 7872 7873 7874 7941 7942 7943 7944 7945 7946 8011 8012 8013 8014 8015 8016 8081 8082 8083 8084 8085 8086 8152 8153 8154 8155 8156 8157 8225 8226 8227 8228 8229 8230 8296 8297 8298 8299 8300 8301 8302 8369 8370 8371 8372 8373 8374 8375 8446 8447 8448 8449 8450 8451 8525 8526 8527 8528 8529 8530 8607 8608 8609 8610 8611 8692 8693 8694 8780 8781
moead,ns465,7,8,2700,54,154800923.434652,24.446802,0.888889,0.111111,6433 7667 7735 7736 7737 7802 7803 7804 7805 7871 7872 7873 7874 7941 7942 7943 7944 7945 7946 8011 8012 8013 8014 8015 8016 8081 8082 8083 8084 8085 8086 8152 8153 8154 8155 8156 8157 8225 8226 8227 8228 8229 8230 8296 8297 8298 8299 8300 8301 8302 8369 8370 8371 8372 8373 8374 8375 8446 8447 8448 8449 8450 8451 8525 8526 8527 8528 8529 8530 8607 8608 8609 8610 8611 8692 8693 8694 8780 8781
moead,ns465,7,9,2700,54,154800923.434652,24.446802,1.000000,0.000000,6433 7667 7735 7736 7737 7802 7803 7804 7805 7871 7872 7873 7874 7941 7942 7943 7944 7945 7946 8011 8012 8013 8014 8015 8016 8081 8082 8083 8084 8085 8086 8152 8153 8154 8155 8156 8157 8225 8226 8227 8228 8229 8230 8296 8297 8298 8299 8300 8301 8302 8369 8370 8371 8372 8373 8374 8375 8446 8447 8448 8449 8450 8451 8525 8526 8527 8528 8529 8530 8607 8608 8609 8610 8611 8692 8693 8694 8780 8781
moead,ns465,7,0,2750,55,198375154.328082,253.158168,0.000000,1.000000,92 97 302 435 458 533 661 1076 1267 1897 1996 2254 2416 2463 2506 2518 2650 2655 3503 4107 4143 4404 4964 5021 5186 5334 5445 5711 6105 6167 6317 6429 6470 6659 6818 6913 6917 7184 7209 7260 7320 7460 7539 7657 7666 7745 7952 8181 8235 8480 8640 8697 9450 9571 10137 10159 10280 10286 10458 10696 10763 10897 10952 11231 11268 11278 11416 11591 11674 11744 12557 13354 13902 14286 14594 14652 14666 14673 14701
moead,ns465,7,1,2750,55,154801552.480970,24.546250,0.111111,0.888889,6433 7666 7667 7735 7736 7737 7802 7803 7804 7805 7871 7872 7873 7874 7941 7942 7943 7944 7945 7946 8011 8012 8013 8014 8015 8016 8081 8082 8083 8084 8085 8086 8152 8153 8154 8155 8156 8157 8225 8226 8227 8228 8229 8230 8297 8298 8299 8300 8301 8302 8369 8370 8371 8372 8373 8374 8375 8446 8447 8448 8449 8450 8451 8525 8526 8527 8528 8529 8530 8607 8608 8609 8610 8611 8692 8693 8694 8780 8781
moead,ns465,7,2,2750,55,154801552.480970,24.546250,0.222222,0.777778,6433 7666 7667 7735 7736 7737 7802 7803 7804 7805 7871 7872 7873 7874 7941 7942 7943 7944 7945 7946 8011 8012 8013 8014 8015 8016 8081 8082 8083 8084 8085 8086 8152 8153 8154 8155 8156 8157 8225 8226 8227 8228 8229 8230 8297 8298 8299 8300 8301 8302 8369 8370 8371 8372 8373 8374 8375 8446 8447 8448 8449 8450 8451 8525 8526 8527 8528 8529 8530 8607 8608 8609 8610 8611 8692 8693 8694 8780 8781
moead,ns465,7,3,2750,55,154800923.434652,24.446802,0.333333,0.666667,6433 7667 7735 7736 7737 7802 7803 7804 7805 7871 7872 7873 7874 7941 7942 7943 7944 7945 7946 8011 8012 8013 8014 8015 8016 8081 8082 8083 8084 8085 8086 8152 8153 8154 8155 8156 8157 8225 8226 8227 8228 8229 8230 8296 8297 8298 8299 8300 8301 8302 8369 8370 8371 8372 8373 8374 8375 8446 8447 8448 8449 8450 8451 8525 8526 8527 8528 8529 8530 8607 8608 8609 8610 8611 8692 8693 8694 8780 8781
moead,ns465,7,4,2750,55,154800923.434652,24.446802,0.444444,0.555556,6433 7667 7735 7736 7737 7802 7803 7804 7805 7871 7872 7873 7874 7941 7942 7943 7944 7945 7946 8011 8012 8013 8014 8015 8016 8081 8082 8083 8084 8085 8086 8152 8153 8154 8155 8156 8157 8225 8226 8227 8228 8229 8230 8296 8297 8298 8299 8300 8301 8302 8369 8370 8371 8372 8373 8374 8375 8446 8447 8448 8449 8450 8451 8525 8526 8527 8528 8529 8530 8607 8608 8609 8610 8611 8692 8693 8694 8780 8781
moead,ns465,7,5,2750,55,154800923.434652,24.446802,0.555556,0.444444,6433 7667 7735 7736 7737 7802 7803 7804 7805 7871 7872 7873 7874 7941 7942 7943 7944 7945 7946 8011 8012 8013 8014 8015 8016 8081 8082 8083 8084 8085 8086 8152 8153 8154 8155 8156 8157 8225 8226 8227 8228 8229 8230 8296 8297 8298 8299 8300 8301 8302 8369 8370 8371 8372 8373 8374 8375 8446 8447 8448 8449 8450 8451 8525 8526 8527 8528 8529 8530 8607 8608 8609 8610 8611 8692 8693 8694 8780 8781
moead,ns465,7,6,2750,55,154800923.434652,24.446802,0.666667,0.333333,6433 7667 7735 7736 7737 7802 7803 7804 7805 7871 7872 7873 7874 7941 7942 7943 7944 7945 7946 8011 8012 8013 8014 8015 8016 8081 8082 8083 8084 8085 8086 8152 8153 8154 8155 8156 8157 8225 8226 8227 8228 8229 8230 8296 8297 8298 8299 8300 8301 8302 8369 8370 8371 8372 8373 8374 8375 8446 8447 8448 8449 8450 8451 8525 8526 8527 8528 8529 8530 8607 8608 8609 8610 8611 8692 8693 8694 8780 8781
moead,ns465,7,7,2750,55,154800923.434652,24.446802,0.777778,0.222222,6433 7667 7735 7736 7737 7802 7803 7804 7805 7871 7872 7873 7874 7941 7942 7943 7944 7945 7946 8011 8012 8013 8014 8015 8016 8081 8082 8083 8084 8085 8086 8152 8153 8154 8155 8156 8157 8225 8226 8227 8228 8229 8230 8296 8297 8298 8299 8300 8301 8302 8369 8370 8371 8372 8373 8374 8375 8446 8447 8448 8449 8450 8451 8525 8526 8527 8528 8529 8530 8607 8608 8609 8610 8611 8692 8693 8694 8780 8781
moead,ns465,7,8,2750,55,154800923.434652,24.446802,0.888889,0.111111,6433 7667 7735 7736 7737 7802 7803 7804 7805 7871 7872 7873 7874 7941 7942 7943 7944 7945 7946 8011 8012 8013 8014 8015 8016 8081 8082 8083 8084 8085 8086 8152 8153 8154 8155 8156 8157 8225 8226 8227 8228 8229 8230 8296 8297 8298 8299 8300 8301 8302 8369 8370 8371 8372 8373 8374 8375 8446 8447 8448 8449 8450 8451 8525 8526 8527 8528 8529 8530 8607 8608 8609 8610 8611 8692 8693 8694 8780 8781
moead,ns465,7,9,2750,55,154800923.434652,24.446802,1.000000,0.000000,6433 7667 7735 7736 7737 7802 7803 7804 7805 7871 7872 7873 7874 7941 7942 7943 7944 7945 7946 8011 8012 8013 8014 8015 8016 8081 8082 8083 8084 8085 8086 8152 8153 8154 8155 8156 8157 8225 8226 8227 8228 8229 8230 8296 8297 8298 8299 8300 8301 8302 8369 8370 8371 8372 8373 8374 8375 8446 8447 8448 8449 8450 8451 8525 8526 8527 8528 8529 8530 8607 8608 8609 8610 8611 8692 8693 8694 8780 8781
moead,ns465,7,0,2800,56,198375154.328082,253.158168,0.000000,1.000000,92 97 302 435 458 533 661 1076 1267 1897 1996 2254 2416 2463 2506 2518 2650 2655 3503 4107 4143 4404 4964 5021 5186 5334 5445 5711 6105 6167 6317 6429 6470 6659 6818 6913 6917 7184 7209 7260 7320 7460 7539 7657 7666 7745 7952 8181 8235 8480 8640 8697 9450 9571 10137 10159 10280 10286 10458 10696 10763 10897 10952 11231 11268 11278 11416 11591 11674 11744 12557 13354 13902 14286 14594 14652 14666 14673 14701
moead,ns465,7,1,2800,56,154801552.480970,24.546250,0.111111,0.888889,6433 7666 7667 7735 7736 7737 7802 7803 7804 7805 7871 7872 7873 7874 7941 7942 7943 7944 7945 7946 8011 8012 8013 8014 8015 8016 8081 8082 8083 8084 8085 8086 8152 8153 8154 8155 8156 8157 8225 8226 8227 8228 8229 8230 8297 8298 8299 8300 8301 8302 8369 8370 8371 8372 8373 8374 8375 8446 8447 8448 8449 8450 8451 8525 8526 8527 8528 8529 8530 8607 8608 8609 8610 8611 8692 8693 8694 8780 8781
moead,ns465,7,2,2800,56,154801552.480970,24.546250,0.222222,0.777778,6433 7666 7667 7735 7736 7737 7802 7803 7804 7805 7871 7872 7873 7874 7941 7942 7943 7944 7945 7946 8011 8012 8013 8014 8015 8016 8081 8082 8083 8084 8085 8086 8152 8153 8154 8155 8156 8157 8225 8226 8227 8228 8229 8230 8297 8298 8299 8300 8301 8302 8369 8370 8371 8372 8373 8374 8375 8446 8447 8448 8449 8450 8451 8525 8526 8527 8528 8529 8530 8607 8608 8609 8610 8611 8692 8693 8694 8780 8781
moead,ns465,7,3,2800,56,154800923.434652,24.446802,0.333333,0.666667,6433 7667 7735 7736 7737 7802 7803 7804 7805 7871 7872 7873 7874 7941 7942 7943 7944 7945 7946 8011 8012 8013 8014 8015 8016 8081 8082 8083 8084 8085 8086 8152 8153 8154 8155 8156 8157 8225 8226 8227 8228 8229 8230 8296 8297 8298 8299 8300 8301 8302 8369 8370 8371 8372 8373 8374 8375 8446 8447 8448 8449 8450 8451 8525 8526 8527 8528 8529 8530 8607 8608 8609 8610 8611 8692 8693 8694 8780 8781
moead,ns465,7,4,2800,56,154800923.434652,24.446802,0.444444,0.555556,6433 7667 7735 7736 7737 7802 7803 7804 7805 7871 7872 7873 7874 7941 7942 7943 7944 7945 7946 8011 8012 8013 8014 8015 8016 8081 8082 8083 8084 8085 8086 8152 8153 8154 8155 8156 8157 8225 8226 8227 8228 8229 8230 8296 8297 8298 8299 8300 8301 8302 8369 8370 8371 8372 8373 8374 8375 8446 8447 8448 8449 8450 8451 8525 8526 8527 8528 8529 8530 8607 8608 8609 8610 8611 8692 8693 8694 8780 8781
moead,ns465,7,5,2800,56,154800923.434652,24.446802,0.555556,0.444444,6433 7667 7735 7736 7737 7802 7803 7804 7805 7871 7872 7873 7874 7941 7942 7943 7944 7945 7946 8011 8012 8013 8014 8015 8016 8081 8082 8083 8084 8085 8086 8152 8153 8154 8155 8156 8157 8225 8226 8227 8228 8229 8230 8296 8297 8298 8299 8300 8301 8302 8369 8370 8371 8372 8373 8374 8375 8446 8447 8448 8449 8450 8451 8525 8526 8527 8528 8529 8530 8607 8608 8609 8610 8611 8692 8693 8694 8780 8781
moead,ns465,7,6,2800,56,154800923.434652,24.446802,0.666667,0.333333,6433 7667 7735 7736 7737 7802 7803 7804 7805 7871 7872 7873 7874 7941 7942 7943 7944 7945 7946 8011 8012 8013 8014 8015 8016 8081 8082 8083 8084 8085 8086 8152 8153 8154 8155 8156 8157 8225 8226 8227 8228 8229 8230 8296 8297 8298 8299 8300 8301 8302 8369 8370 8371 8372 8373 8374 8375 8446 8447 8448 8449 8450 8451 8525 8526 8527 8528 8529 8530 8607 8608 8609 8610 8611 8692 8693 8694 8780 8781
moead,ns465,7,7,2800,56,154800923.434652,24.446802,0.777778,0.222222,6433 7667 7735 7736 7737 7802 7803 7804 7805 7871 7872 7873 7874 7941 7942 7943 7944 7945 7946 8011 8012 8013 8014 8015 8016 8081 8082 8083 8084 8085 8086 8152 8153 8154 8155 8156 8157 8225 8226 8227 8228 8229 8230 8296 8297 8298 8299 8300 8301 8302 8369 8370 8371 8372 8373 8374 8375 8446 8447 8448 8449 8450 8451 8525 8526 8527 8528 8529 8530 8607 8608 8609 8610 8611 8692 8693 8694 8780 8781
moead,ns465,7,8,2800,56,154800923.434652,24.446802,0.888889,0.111111,6433 7667 7735 7736 7737 7802 7803 7804 7805 7871 7872 7873 7874 7941 7942 7943 7944 7945 7946 8011 8012 8013 8014 8015 8016 8081 8082 8083 8084 8085 8086 8152 8153 8154 8155 8156 8157 8225 8226 8227 8228 8229 8230 8296 8297 8298 8299 8300 8301 8302 8369 8370 8371 8372 8373 8374 8375 8446 8447 8448 8449 8450 8451 8525 8526 8527 8528 8529 8530 8607 8608 8609 8610 8611 8692 8693 8694 8780 8781
moead,ns465,7,9,2800,56,154800923.434652,24.446802,1.000000,0.000000,6433 7667 7735 7736 7737 7802 7803 7804 7805 7871 7872 7873 7874 7941 7942 7943 7944 7945 7946 8011 8012 8013 8014 8015 8016 8081 8082 8083 8084 8085 8086 8152 8153 8154 8155 8156 8157 8225 8226 8227 8228 8229 8230 8296 8297 8298 8299 8300 8301 8302 8369 8370 8371 8372 8373 8374 8375 8446 8447 8448 8449 8450 8451 8525 8526 8527 8528 8529 8530 8607 8608 8609 8610 8611 8692 8693 8694 8780 8781
moead,ns465,7,0,2850,57,198375154.328082,253.158168,0.000000,1.000000,92 97 302 435 458 533 661 1076 1267 1897 1996 2254 2416 2463 2506 2518 2650 2655 3503 4107 4143 4404 4964 5021 5186 5334 5445 5711 6105 6167 6317 6429 6470 6659 6818 6913 6917 7184 7209 7260 7320 7460 7539 7657 7666 7745 7952 8181 8235 8480 8640 8697 9450 9571 10137 10159 10280 10286 10458 10696 10763 10897 10952 11231 11268 11278 11416 11591 11674 11744 12557 13354 13902 14286 14594 14652 14666 14673 14701
moead,ns465,7,1,2850,57,154801552.480970,24.546250,0.111111,0.888889,6433 7666 7667 7735 7736 7737 7802 7803 7804 7805 7871 7872 7873 7874 7941 7942 7943 7944 7945 7946 8011 8012 8013 8014 8015 8016 8081 8082 8083 8084 8085 8086 8152 8153 8154 8155 8156 8157 8225 8226 8227 8228 8229 8230 8297 8298 8299 8300 8301 8302 8369 8370 8371 8372 8373 8374 8375 8446 8447 8448 8449 8450 8451 8525 8526 8527 8528 8529 8530 8607 8608 8609 8610 8611 8692 8693 8694 8780 8781
moead,ns465,7,2,2850,57,154801552.480970,24.546250,0.222222,0.777778,6433 7666 7667 7735 7736 7737 7802 7803 7804 7805 7871 7872 7873 7874 7941 7942 7943 7944 7945 7946 8011 8012 8013 8014 8015 8016 8081 8082 8083 8084 8085 8086 8152 8153 8154 8155 8156 8157 8225 8226 8227 8228 8229 8230 8297 8298 8299 8300 8301 8302 8369 8370 8371 8372 8373 8374 8375 8446 8447 8448 8449 8450 8451 8525 8526 8527 8528 8529 8530 8607 8608 8609 8610 8611 8692 8693 8694 8780 8781
moead,ns465,7,3,2850,57,154800923.434652,24.446802,0.333333,0.666667,6433 7667 7735 7736 7737 7802 7803 7804 7805 7871 7872 7873 7874 7941 7942 7943 7944 7945 7946 8011 8012 8013 8014 8015 8016 8081 8082 8083 8084 8085 8086 8152 8153 8154 8155 8156 8157 8225 8226 8227 8228 8229 8230 8296 8297 8298 8299 8300 8301 8302 8369 8370 8371 8372 8373 8374 8375 8446 8447 8448 8449 8450 8451 8525 8526 8527 8528 8529 8530 8607 8608 8609 8610 8611 8692 8693 8694 8780 8781
moead,ns465,7,4,2850,57,154800923.434652,24.446802,0.444444,0.555556,6433 7667 7735 7736 7737 7802 7803 7804 7805 7871 7872 7873 7874 7941 7942 7943 7944 7945 7946 8011 8012 8013 8014 8015 8016 8081 8082 8083 8084 8085 8086 8152 8153 8154 8155 8156 8157 8225 8226 8227 8228 8229 8230 8296 8297 8298 8299 8300 8301 8302 8369 8370 8371 8372 8373 8374 8375 8446 8447 8448 8449 8450 8451 8525 8526 8527 8528 8529 8530 8607 8608 8609 8610 8611 8692 8693 8694 8780 8781
moead,ns465,7,5,2850,57,154800923.434652,24.446802,0.555556,0.444444,6433 7667 7735 7736 7737 7802 7803 7804 7805 7871 7872 7873 7874 7941 7942 7943 7944 7945 7946 8011 8012 8013 8014 8015 8016 8081 8082 8083 8084 8085 8086 8152 8153 8154 8155 8156 8157 8225 8226 8227 8228 8229 8230 8296 8297 8298 8299 8300 8301 8302 8369 8370 8371 8372 8373 8374 8375 8446 8447 8448 8449 8450 8451 8525 8526 8527 8528 8529 8530 8607 8608 8609 8610 8611 8692 8693 8694 8780 8781
moead,ns465,7,6,2850,57,154800923.434652,24.446802,0.666667,0.333333,6433 7667 7735 7736 7737 7802 7803 7804 7805 7871 7872 7873 7874 7941 7942 7943 7944 7945 7946 8011 8012 8013 8014 8015 8016 8081 8082 8083 8084 8085 8086 8152 8153 8154 8155 8156 8157 8225 8226 8227 8228 8229 8230 8296 8297 8298 8299 8300 8301 8302 8369 8370 8371 8372 8373 8374 8375 8446 8447 8448 8449 8450 8451 8525 8526 8527 8528 8529 8530 8607 8608 8609 8610 8611 8692 8693 8694 8780 8781
moead,ns465,7,7,2850,57,154800923.434652,24.446802,0.777778,0.222222,6433 7667 7735 7736 7737 7802 7803 7804 7805 7871 7872 7873 7874 7941 7942 7943 7944 7945 7946 8011 8012 8013 8014 8015 8016 8081 8082 8083 8084 8085 8086 8152 8153 8154 8155 8156 8157 8225 8226 8227 8228 8229 8230 8296 8297 8298 8299 8300 8301 8302 8369 8370 8371 8372 8373 8374 8375 8446 8447 8448 8449 8450 8451 8525 8526 8527 8528 8529 8530 8607 8608 8609 8610 8611 8692 8693 8694 8780 8781
moead,ns465,7,8,2850,57,154800923.434652,24.446802,0.888889,0.111111,6433 7667 7735 7736 7737 7802 7803 7804 7805 7871 7872 7873 7874 7941 7942 7943 7944 7945 7946 8011 8012 8013 8014 8015 8016 8081 8082 8083 8084 8085 8086 8152 8153 8154 8155 8156 8157 8225 8226 8227 8228 8229 8230 8296 8297 8298 8299 8300 8301 8302 8369 8370 8371 8372 8373 8374 8375 8446 8447 8448 8449 8450 8451 8525 8526 8527 8528 8529 8530 8607 8608 8609 8610 8611 8692 8693 8694 8780 8781
moead,ns465,7,9,2850,57,154800923.434652,24.446802,1.000000,0.000000,6433 7667 7735 7736 7737 7802 7803 7804 7805 7871 7872 7873 7874 7941 7942 7943 7944 7945 7946 8011 8012 8013 8014 8015 8016 8081 8082 8083 8084 8085 8086 8152 8153 8154 8155 8156 8157 8225 8226 8227 8228 8229 8230 8296 8297 8298 8299 8300 8301 8302 8369 8370 8371 8372 8373 8374 8375 8446 8447 8448 8449 8450 8451 8525 8526 8527 8528 8529 8530 8607 8608 8609 8610 8611 8692 8693 8694 8780 8781
moead,ns465,7,0,2900,58,198375154.328082,253.158168,0.000000,1.000000,92 97 302 435 458 533 661 1076 1267 1897 1996 2254 2416 2463 2506 2518 2650 2655 3503 4107 4143 4404 4964 5021 5186 5334 5445 5711 6105 6167 6317 6429 6470 6659 6818 6913 6917 7184 7209 7260 7320 7460 7539 7657 7666 7745 7952 8181 8235 8480 8640 8697 9450 9571 10137 10159 10280 10286 10458 10696 10763 10897 10952 11231 11268 11278 11416 11591 11674 11744 12557 13354 13902 14286 14594 14652 14666 14673 14701
moead,ns465,7,1,2900,58,154801552.480970,24.546250,0.111111,0.888889,6433 7666 7667 7735 7736 7737 7802 7803 7804 7805 7871 7872 7873 7874 7941 7942 7943 7944 7945 7946 8011 8012 8013 8014 8015 8016 8081 8082 8083 8084 8085 8086 8152 8153 8154 8155 8156 8157 8225 8226 8227 8228 8229 8230 8297 8298 8299 8300 8301 8302 8369 8370 8371 8372 8373 8374 8375 8446 8447 8448 8449 8450 8451 8525 8526 8527 8528 8529 8530 8607 8608 8609 8610 8611 8692 8693 8694 8780 8781
moead,ns465,7,2,2900,58,154801552.480970,24.546250,0.222222,0.777778,6433 7666 7667 7735 7736 7737 7802 7803 7804 7805 7871 7872 7873 7874 7941 7942 7943 7944 7945 7946 8011 8012 8013 8014 8015 8016 8081 8082 8083 8084 8085 8086 8152 8153 8154 8155 8156 8157 8225 8226 8227 8228 8229 8230 8297 8298 8299 8300 8301 8302 8369 8370 8371 8372 8373 8374 8375 8446 8447 8448 8449 8450 8451 8525 8526 8527 8528 8529 8530 8607 8608 8609 8610 8611 8692 8693 8694 8780 8781
moead,ns465,7,3,2900,58,154800923.434652,24.446802,0.333333,0.666667,6433 7667 7735 7736 7737 7802 7803 7804 7805 7871 7872 7873 7874 7941 7942 7943 7944 7945 7946 8011 8012 8013 8014 8015 8016 8081 8082 8083 8084 8085 8086 8152 8153 8154 8155 8156 8157 8225 8226 8227 8228 8229 8230 8296 8297 8298 8299 8300 8301 8302 8369 8370 8371 8372 8373 8374 8375 8446 8447 8448 8449 8450 8451 8525 8526 8527 8528 8529 8530 8607 8608 8609 8610 8611 8692 8693 8694 8780 8781
moead,ns465,7,4,2900,58,154800923.434652,24.446802,0.444444,0.555556,6433 7667 7735 7736 7737 7802 7803 7804 7805 7871 7872 7873 7874 7941 7942 7943 7944 7945 7946 8011 8012 8013 8014 8015 8016 8081 8082 8083 8084 8085 8086 8152 8153 8154 8155 8156 8157 8225 8226 8227 8228 8229 8230 8296 8297 8298 8299 8300 8301 8302 8369 8370 8371 8372 8373 8374 8375 8446 8447 8448 8449 8450 8451 8525 8526 8527 8528 8529 8530 8607 8608 8609 8610 8611 8692 8693 8694 8780 8781
moead,ns465,7,5,2900,58,154800923.434652,24.446802,0.555556,0.444444,6433 7667 7735 7736 7737 7802 7803 7804 7805 7871 7872 7873 7874 7941 7942 7943 7944 7945 7946 8011 8012 8013 8014 8015 8016 8081 8082 8083 8084 8085 8086 8152 8153 8154 8155 8156 8157 8225 8226 8227 8228 8229 8230 8296 8297 8298 8299 8300 8301 8302 8369 8370 8371 8372 8373 8374 8375 8446 8447 8448 8449 8450 8451 8525 8526 8527 8528 8529 8530 8607 8608 8609 8610 8611 8692 8693 8694 8780 8781
moead,ns465,7,6,2900,58,154800923.434652,24.446802,0.666667,0.333333,6433 7667 7735 7736 7737 7802 7803 7804 7805 7871 7872 7873 7874 7941 7942 7943 7944 7945 7946 8011 8012 8013 8014 8015 8016 8081 8082 8083 8084 8085 8086 8152 8153 8154 8155 8156 8157 8225 8226 8227 8228 8229 8230 8296 8297 8298 8299 8300 8301 8302 8369 8370 8371 8372 8373 8374 8375 8446 8447 8448 8449 8450 8451 8525 8526 8527 8528 8529 8530 8607 8608 8609 8610 8611 8692 8693 8694 8780 8781
moead,ns465,7,7,2900,58,154800923.434652,24.446802,0.777778,0.222222,6433 7667 7735 7736 7737 7802 7803 7804 7805 7871 7872 7873 7874 7941 7942 7943 7944 7945 7946 8011 8012 8013 8014 8015 8016 8081 8082 8083 8084 8085 8086 8152 8153 8154 8155 8156 8157 8225 8226 8227 8228 8229 8230 8296 8297 8298 8299 8300 8301 8302 8369 8370 8371 8372 8373 8374 8375 8446 8447 8448 8449 8450 8451 8525 8526 8527 8528 8529 8530 8607 8608 8609 8610 8611 8692 8693 8694 8780 8781
moead,ns465,7,8,2900,58,154800923.434652,24.446802,0.888889,0.111111,6433 7667 7735 7736 7737 7802 7803 7804 7805 7871 7872 7873 7874 7941 7942 7943 7944 7945 7946 8011 8012 8013 8014 8015 8016 8081 8082 8083 8084 8085 8086 8152 8153 8154 8155 8156 8157 8225 8226 8227 8228 8229 8230 8296 8297 8298 8299 8300 8301 8302 8369 8370 8371 8372 8373 8374 8375 8446 8447 8448 8449 8450 8451 8525 8526 8527 8528 8529 8530 8607 8608 8609 8610 8611 8692 8693 8694 8780 8781
moead,ns465,7,9,2900,58,154800923.434652,24.446802,1.000000,0.000000,6433 7667 7735 7736 7737 7802 7803 7804 7805 7871 7872 7873 7874 7941 7942 7943 7944 7945 7946 8011 8012 8013 8014 8015 8016 8081 8082 8083 8084 8085 8086 8152 8153 8154 8155 8156 8157 8225 8226 8227 8228 8229 8230 8296 8297 8298 8299 8300 8301 8302 8369 8370 8371 8372 8373 8374 8375 8446 8447 8448 8449 8450 8451 8525 8526 8527 8528 8529 8530 8607 8608 8609 8610 8611 8692 8693 8694 8780 8781
moead,ns465,7,0,2950,59,198465946.710981,253.158168,0.000000,1.000000,92 97 302 435 458 533 661 1076 1267 1897 1996 2254 2416 2463 2506 2518 2650 2655 2930 3503 4107 4143 4404 4964 5021 5186 5334 5445 5711 6105 6167 6317 6429 6470 6659 6818 6913 6917 7184 7209 7260 7320 7460 7539 7657 7666 7745 7952 8181 8235 8480 8640 8697 9450 9571 10137 10159 10280 10286 10458 10696 10763 10897 11231 11268 11278 11416 11591 11674 11744 12557 13354 13902 14286 14594 14652 14666 14673 14701
moead,ns465,7,1,2950,59,154797014.437021,24.446802,0.111111,0.888889,6433 7667 7735 7736 7737 7802 7803 7804 7805 7871 7872 7873 7874 7941 7942 7943 7944 7945 7946 8011 8012 8013 8014 8015 8016 8080 8081 8082 8083 8084 8085 8086 8152 8153 8154 8155 8156 8157 8225 8226 8227 8228 8229 8230 8297 8298 8299 8300 8301 8302 8369 8370 8371 8372 8373 8374 8375 8446 8447 8448 8449 8450 8451 8525 8526 8527 8528 8529 8530 8607 8608 8609 8610 8611 8692 8693 8694 8780 8781
moead,ns465,7,2,2950,59,154797014.437021,24.446802,0.222222,0.777778,6433 7667 7735 7736 7737 7802 7803 7804 7805 7871 7872 7873 7874 7941 7942 7943 7944 7945 7946 8011 8012 8013 8014 8015 8016 8080 8081 8082 8083 8084 8085 8086 8152 8153 8154 8155 8156 8157 8225 8226 8227 8228 8229 8230 8297 8298 8299 8300 8301 8302 8369 8370 8371 8372 8373 8374 8375 8446 8447 8448 8449 8450 8451 8525 8526 8527 8528 8529 8530 8607 8608 8609 8610 8611 8692 8693 8694 8780 8781
moead,ns465,7,3,2950,59,154797014.437021,24.446802,0.333333,0.666667,6433 7667 7735 7736 7737 7802 7803 7804 7805 7871 7872 7873 7874 7941 7942 7943 7944 7945 7946 8011 8012 8013 8014 8015 8016 8080 8081 8082 8083 8084 8085 8086 8152 8153 8154 8155 8156 8157 8225 8226 8227 8228 8229 8230 8297 8298 8299 8300 8301 8302 8369 8370 8371 8372 8373 8374 8375 8446 8447 8448 8449 8450 8451 8525 8526 8527 8528 8529 8530 8607 8608 8609 8610 8611 8692 8693 8694 8780 8781
moead,ns465,7,4,2950,59,154797014.437021,24.446802,0.444444,0.555556,6433 7667 7735 7736 7737 7802 7803 7804 7805 7871 7872 7873 7874 7941 7942 7943 7944 7945 7946 8011 8012 8013 8014 8015 8016 8080 8081 8082 8083 8084 8085 8086 8152 8153 8154 8155 8156 8157 8225 8226 8227 8228 8229 8230 8297 8298 8299 8300 8301 8302 8369 8370 8371 8372 8373 8374 8375 8446 8447 8448 8449 8450 8451 8525 8526 8527 8528 8529 8530 8607 8608 8609 8610 8611 8692 8693 8694 8780 8781
moead,ns465,7,5,2950,59,154797014.437021,24.446802,0.555556,0.444444,6433 7667 7735 7736 7737 7802 7803 7804 7805 7871 7872 7873 7874 7941 7942 7943 7944 7945 7946 8011 8012 8013 8014 8015 8016 8080 8081 8082 8083 8084 8085 8086 8152 8153 8154 8155 8156 8157 8225 8226 8227 8228 8229 8230 8297 8298 8299 8300 8301 8302 8369 8370 8371 8372 8373 8374 8375 8446 8447 8448 8449 8450 8451 8525 8526 8527 8528 8529 8530 8607 8608 8609 8610 8611 8692 8693 8694 8780 8781
moead,ns465,7,6,2950,59,154797014.437021,24.446802,0.666667,0.333333,6433 7667 7735 7736 7737 7802 7803 7804 7805 7871 7872 7873 7874 7941 7942 7943 7944 7945 7946 8011 8012 8013 8014 8015 8016 8080 8081 8082 8083 8084 8085 8086 8152 8153 8154 8155 8156 8157 8225 8226 8227 8228 8229 8230 8297 8298 8299 8300 8301 8302 8369 8370 8371 8372 8373 8374 8375 8446 8447 8448 8449 8450 8451 8525 8526 8527 8528 8529 8530 8607 8608 8609 8610 8611 8692 8693 8694 8780 8781
moead,ns465,7,7,2950,59,154797014.437021,24.446802,0.777778,0.222222,6433 7667 7735 7736 7737 7802 7803 7804 7805 7871 7872 7873 7874 7941 7942 7943 7944 7945 7946 8011 8012 8013 8014 8015 8016 8080 8081 8082 8083 8084 8085 8086 8152 8153 8154 8155 8156 8157 8225 8226 8227 8228 8229 8230 8297 8298 8299 8300 8301 8302 8369 8370 8371 8372 8373 8374 8375 8446 8447 8448 8449 8450 8451 8525 8526 8527 8528 8529 8530 8607 8608 8609 8610 8611 8692 8693 8694 8780 8781
moead,ns465,7,8,2950,59,154797014.437021,24.446802,0.888889,0.111111,6433 7667 7735 7736 7737 7802 7803 7804 7805 7871 7872 7873 7874 7941 7942 7943 7944 7945 7946 8011 8012 8013 8014 8015 8016 8080 8081 8082 8083 8084 8085 8086 8152 8153 8154 8155 8156 8157 8225 8226 8227 8228 8229 8230 8297 8298 8299 8300 8301 8302 8369 8370 8371 8372 8373 8374 8375 8446 8447 8448 8449 8450 8451 8525 8526 8527 8528 8529 8530 8607 8608 8609 8610 8611 8692 8693 8694 8780 8781
moead,ns465,7,9,2950,59,154797014.437021,24.446802,1.000000,0.000000,6433 7667 7735 7736 7737 7802 7803 7804 7805 7871 7872 7873 7874 7941 7942 7943 7944 7945 7946 8011 8012 8013 8014 8015 8016 8080 8081 8082 8083 8084 8085 8086 8152 8153 8154 8155 8156 8157 8225 8226 8227 8228 8229 8230 8297 8298 8299 8300 8301 8302 8369 8370 8371 8372 8373 8374 8375 8446 8447 8448 8449 8450 8451 8525 8526 8527 8528 8529 8530 8607 8608 8609 8610 8611 8692 8693 8694 8780 8781
moead,ns465,7,0,3000,60,198465946.710981,253.158168,0.000000,1.000000,92 97 302 435 458 533 661 1076 1267 1897 1996 2254 2416 2463 2506 2518 2650 2655 2930 3503 4107 4143 4404 4964 5021 5186 5334 5445 5711 6105 6167 6317 6429 6470 6659 6818 6913 6917 7184 7209 7260 7320 7460 7539 7657 7666 7745 7952 8181 8235 8480 8640 8697 9450 9571 10137 10159 10280 10286 10458 10696 10763 10897 11231 11268 11278 11416 11591 11674 11744 12557 13354 13902 14286 14594 14652 14666 14673 14701
moead,ns465,7,1,3000,60,154797014.437021,24.446802,0.111111,0.888889,6433 7667 7735 7736 7737 7802 7803 7804 7805 7871 7872 7873 7874 7941 7942 7943 7944 7945 7946 8011 8012 8013 8014 8015 8016 8080 8081 8082 8083 8084 8085 8086 8152 8153 8154 8155 8156 8157 8225 8226 8227 8228 8229 8230 8297 8298 8299 8300 8301 8302 8369 8370 8371 8372 8373 8374 8375 8446 8447 8448 8449 8450 8451 8525 8526 8527 8528 8529 8530 8607 8608 8609 8610 8611 8692 8693 8694 8780 8781
moead,ns465,7,2,3000,60,154797014.437021,24.446802,0.222222,0.777778,6433 7667 7735 7736 7737 7802 7803 7804 7805 7871 7872 7873 7874 7941 7942 7943 7944 7945 7946 8011 8012 8013 8014 8015 8016 8080 8081 8082 8083 8084 8085 8086 8152 8153 8154 8155 8156 8157 8225 8226 8227 8228 8229 8230 8297 8298 8299 8300 8301 8302 8369 8370 8371 8372 8373 8374 8375 8446 8447 8448 8449 8450 8451 8525 8526 8527 8528 8529 8530 8607 8608 8609 8610 8611 8692 8693 8694 8780 8781
moead,ns465,7,3,3000,60,154797014.437021,24.446802,0.333333,0.666667,6433 7667 7735 7736 7737 7802 7803 7804 7805 7871 7872 7873 7874 7941 7942 7943 7944 7945 7946 8011 8012 8013 8014 8015 8016 8080 8081 8082 8083 8084 8085 8086 8152 8153 8154 8155 8156 8157 8225 8226 8227 8228 8229 8230 8297 8298 8299 8300 8301 8302 8369 8370 8371 8372 8373 8374 8375 8446 8447 8448 8449 8450 8451 8525 8526 8527 8528 8529 8530 8607 8608 8609 8610 8611 8692 8693 8694 8780 8781
moead,ns465,7,4,3000,60,154797014.437021,24.446802,0.444444,0.555556,6433 7667 7735 7736 7737 7802 7803 7804 7805 7871 7872 7873 7874 7941 7942 7943 7944 7945 7946 8011 8012 8013 8014 8015 8016 8080 8081 8082 8083 8084 8085 8086 8152 8153 8154 8155 8156 8157 8225 8226 8227 8228 8229 8230 8297 8298 8299 8300 8301 8302 8369 8370 8371 8372 8373 8374 8375 8446 8447 8448 8449 8450 8451 8525 8526 8527 8528 8529 8530 8607 8608 8609 8610 8611 8692 8693 8694 8780 8781
moead,ns465,7,5,3000,60,154797014.437021,24.446802,0.555556,0.444444,6433 7667 7735 7736 7737 7802 7803 7804 7805 7871 7872 7873 7874 7941 7942 7943 7944 7945 7946 8011 8012 8013 8014 8015 8016 8080 8081 8082 8083 8084 8085 8086 8152 8153 8154 8155 8156 8157 8225 8226 8227 8228 8229 8230 8297 8298 8299 8300 8301 8302 8369 8370 8371 8372 8373 8374 8375 8446 8447 8448 8449 8450 8451 8525 8526 8527 8528 8529 8530 8607 8608 8609 8610 8611 8692 8693 8694 8780 8781
moead,ns465,7,6,3000,60,154797014.437021,24.446802,0.666667,0.333333,6433 7667 7735 7736 7737 7802 7803 7804 7805 7871 7872 7873 7874 7941 7942 7943 7944 7945 7946 8011 8012 8013 8014 8015 8016 8080 8081 8082 8083 8084 8085 8086 8152 8153 8154 8155 8156 8157 8225 8226 8227 8228 8229 8230 8297 8298 8299 8300 8301 8302 8369 8370 8371 8372 8373 8374 8375 8446 8447 8448 8449 8450 8451 8525 8526 8527 8528 8529 8530 8607 8608 8609 8610 8611 8692 8693 8694 8780 8781
moead,ns465,7,7,3000,60,154797014.437021,24.446802,0.777778,0.222222,6433 7667 7735 7736 7737 7802 7803 7804 7805 7871 7872 7873 7874 7941 7942 7943 7944 7945 7946 8011 8012 8013 8014 8015 8016 8080 8081 8082 8083 8084 8085 8086 8152 8153 8154 8155 8156 8157 8225 8226 8227 8228 8229 8230 8297 8298 8299 8300 8301 8302 8369 8370 8371 8372 8373 8374 8375 8446 8447 8448 8449 8450 8451 8525 8526 8527 8528 8529 8530 8607 8608 8609 8610 8611 8692 8693 8694 8780 8781
moead,ns465,7,8,3000,60,154797014.437021,24.446802,0.888889,0.111111,6433 7667 7735 7736 7737 7802 7803 7804 7805 7871 7872 7873 7874 7941 7942 7943 7944 7945 7946 8011 8012 8013 8014 8015 8016 8080 8081 8082 8083 8084 8085 8086 8152 8153 8154 8155 8156 8157 8225 8226 8227 8228 8229 8230 8297 8298 8299 8300 8301 8302 8369 8370 8371 8372 8373 8374 8375 8446 8447 8448 8449 8450 8451 8525 8526 8527 8528 8529 8530 8607 8608 8609 8610 8611 8692 8693 8694 8780 8781
moead,ns465,7,9,3000,60,154797014.437021,24.446802,1.000000,0.000000,6433 7667 7735 7736 7737 7802 7803 7804 7805 7871 7872 7873 7874 7941 7942 7943 7944 7945 7946 8011 8012 8013 8014 8015 8016 8080 8081 8082 8083 8084 8085 8086 8152 8153 8154 8155 8156 8157 8225 8226 8227 8228 8229 8230 8297 8298 8299 8300 8301 8302 8369 8370 8371 8372 8373 8374 8375 8446 8447 8448 8449 8450 8451 8525 8526 8527 8528 8529 8530 8607 8608 8609 8610 8611 8692 8693 8694 8780 8781
moead,ns465,7,0,3050,61,199217090.168007,253.158168,0.000000,1.000000,92 97 302 435 458 533 661 1076 1267 1897 1996 2254 2416 2463 2506 2518 2650 2655 2930 3503 4107 4143 4404 4964 5021 5186 5334 5445 5711 6105 6167 6317 6429 6470 6659 6818 6913 6917 7184 7209 7260 7320 7460 7539 7657 7666 7745 7952 8181 8235 8480 8640 8697 9450 10137 10159 10280 10286 10458 10696 10763 10897 11231 11268 11278 11416 11591 11628 11674 11744 12557 13354 13902 14286 14594 14652 14666 14673 14701
moead,ns465,7,1,3050,61,154797014.437021,24.446802,0.111111,0.888889,6433 7667 7735 7736 7737 7802 7803 7804 7805 7871 7872 7873 7874 7941 7942 7943 7944 7945 7946 8011 8012 8013 8014 8015 8016 8080 8081 8082 8083 8084 8085 8086 8152 8153 8154 8155 8156 8157 8225 8226 8227 8228 8229 8230 8297 8298 8299 8300 8301 8302 8369 8370 8371 8372 8373 8374 8375 8446 8447 8448 8449 8450 8451 8525 8526 8527 8528 8529 8530 8607 8608 8609 8610 8611 8692 8693 8694 8780 8781
moead,ns465,7,2,3050,61,154797014.437021,24.446802,0.222222,0.777778,6433 7667 7735 7736 7737 7802 7803 7804 7805 7871 7872 7873 7874 7941 7942 7943 7944 7945 7946 8011 8012 8013 8014 8015 8016 8080 8081 8082 8083 8084 8085 8086 8152 8153 8154 8155 8156 8157 8225 8226 8227 8228 8229 8230 8297 8298 8299 8300 8301 8302 8369 8370 8371 8372 8373 8374 8375 8446 8447 8448 8449 8450 8451 8525 8526 8527 8528 8529 8530 8607 8608 8609 8610 8611 8692 8693 8694 8780 8781
moead,ns465,7,3,3050,61,154797014.437021,24.446802,0.333333,0.666667,6433 7667 7735 7736 7737 7802 7803 7804 7805 7871 7872 7873 7874 7941 7942 7943 7944 7945 7946 8011 8012 8013 8014 8015 8016 8080 8081 8082 8083 8084 8085 8086 8152 8153 8154 8155 8156 8157 8225 8226 8227 8228 8229 8230 8297 8298 8299 8300 8301 8302 8369 8370 8371 8372 8373 8374 8375 8446 8447 8448 8449 8450 8451 8525 8526 8527 8528 8529 8530 8607 8608 8609 8610 8611 8692 8693 8694 8780 8781
moead,ns465,7,4,3050,61,154797014.437021,24.446802,0.444444,0.555556,6433 7667 7735 7736 7737 7802 7803 7804 7805 7871 7872 7873 7874 7941 7942 7943 7944 7945 7946 8011 8012 8013 8014 8015 8016 8080 8081 8082 8083 8084 8085 8086 8152 8153 8154 8155 8156 8157 8225 8226 8227 8228 8229 8230 8297 8298 8299 8300 8301 8302 8369 8370 8371 8372 8373 8374 8375 8446 8447 8448 8449 8450 8451 8525 8526 8527 8528 8529 8530 8607 8608 8609 8610 8611 8692 8693 8694 8780 8781
moead,ns465,7,5,3050,61,154797014.437021,24.446802,0.555556,0.444444,6433 7667 7735 7736 7737 7802 7803 7804 7805 7871 7872 7873 7874 7941 7942 7943 7944 7945 7946 8011 8012 8013 8014 8015 8016 8080 8081 8082 8083 8084 8085 8086 8152 8153 8154 8155 8156 8157 8225 8226 8227 8228 8229 8230 8297 8298 8299 8300 8301 8302 8369 8370 8371 8372 8373 8374 8375 8446 8447 8448 8449 8450 8451 8525 8526 8527 8528 8529 8530 8607 8608 8609 8610 8611 8692 8693 8694 8780 8781
moead,ns465,7,6,3050,61,154797014.437021,24.446802,0.666667,0.333333,6433 7667 7735 7736 7737 7802 7803 7804 7805 7871 7872 7873 7874 7941 7942 7943 7944 7945 7946 8011 8012 8013 8014 8015 8016 8080 8081 8082 8083 8084 8085 8086 8152 8153 8154 8155 8156 8157 8225 8226 8227 8228 8229 8230 8297 8298 8299 8300 8301 8302 8369 8370 8371 8372 8373 8374 8375 8446 8447 8448 8449 8450 8451 8525 8526 8527 8528 8529 8530 8607 8608 8609 8610 8611 8692 8693 8694 8780 8781
moead,ns465,7,7,3050,61,154797014.437021,24.446802,0.777778,0.222222,6433 7667 7735 7736 7737 7802 7803 7804 7805 7871 7872 7873 7874 7941 7942 7943 7944 7945 7946 8011 8012 8013 8014 8015 8016 8080 8081 8082 8083 8084 8085 8086 8152 8153 8154 8155 8156 8157 8225 8226 8227 8228 8229 8230 8297 8298 8299 8300 8301 8302 8369 8370 8371 8372 8373 8374 8375 8446 8447 8448 8449 8450 8451 8525 8526 8527 8528 8529 8530 8607 8608 8609 8610 8611 8692 8693 8694 8780 8781
moead,ns465,7,8,3050,61,154797014.437021,24.446802,0.888889,0.111111,6433 7667 7735 7736 7737 7802 7803 7804 7805 7871 7872 7873 7874 7941 7942 7943 7944 7945 7946 8011 8012 8013 8014 8015 8016 8080 8081 8082 8083 8084 8085 8086 8152 8153 8154 8155 8156 8157 8225 8226 8227 8228 8229 8230 8297 8298 8299 8300 8301 8302 8369 8370 8371 8372 8373 8374 8375 8446 8447 8448 8449 8450 8451 8525 8526 8527 8528 8529 8530 8607 8608 8609 8610 8611 8692 8693 8694 8780 8781
moead,ns465,7,9,3050,61,154797014.437021,24.446802,1.000000,0.000000,6433 7667 7735 7736 7737 7802 7803 7804 7805 7871 7872 7873 7874 7941 7942 7943 7944 7945 7946 8011 8012 8013 8014 8015 8016 8080 8081 8082 8083 8084 8085 8086 8152 8153 8154 8155 8156 8157 8225 8226 8227 8228 8229 8230 8297 8298 8299 8300 8301 8302 8369 8370 8371 8372 8373 8374 8375 8446 8447 8448 8449 8450 8451 8525 8526 8527 8528 8529 8530 8607 8608 8609 8610 8611 8692 8693 8694 8780 8781
moead,ns465,7,0,3100,62,199407834.812075,253.158168,0.000000,1.000000,92 97 302 435 458 533 661 1076 1267 1897 1996 2254 2416 2463 2506 2518 2650 2655 2930 3503 4107 4143 4404 4964 5021 5186 5334 5445 5711 6105 6167 6317 6429 6470 6659 6818 6913 6917 7184 7209 7260 7265 7320 7460 7539 7657 7666 7745 7952 8181 8235 8697 9450 9807 10137 10159 10280 10286 10420 10458 10696 10897 11231 11268 11278 11416 11591 11628 11674 11744 12557 13354 13902 14286 14594 14652 14666 14673 14701
moead,ns465,7,1,3100,62,154788936.739338,24.375207,0.111111,0.888889,6433 7667 7735 7736 7737 7802 7803 7804 7805 7871 7872 7873 7874 7941 7942 7943 7944 7945 7946 8011 8012 8013 8014 8015 8016 8080 8081 8082 8083 8084 8085 8086 8152 8153 8154 8155 8156 8157 8225 8226 8227 8228 8229 8230 8297 8298 8299 8300 8301 8302 8369 8370 8371 8372 8373 8374 8375 8446 8447 8448 8449 8450 8451 8525 8526 8527 8528 8529 8530 8607 8608 8609 8610 8611 8692 8693 8694 8779 8780
moead,ns465,7,2,3100,62,154788936.739338,24.375207,0.222222,0.777778,6433 7667 7735 7736 7737 7802 7803 7804 7805 7871 7872 7873 7874 7941 7942 7943 7944 7945 7946 8011 8012 8013 8014 8015 8016 8080 8081 8082 8083 8084 8085 8086 8152 8153 8154 8155 8156 8157 8225 8226 8227 8228 8229 8230 8297 8298 8299 8300 8301 8302 8369 8370 8371 8372 8373 8374 8375 8446 8447 8448 8449 8450 8451 8525 8526 8527 8528 8529 8530 8607 8608 8609 8610 8611 8692 8693 8694 8779 8780
moead,ns465,7,3,3100,62,154788936.739338,24.375207,0.333333,0.666667,6433 7667 7735 7736 7737 7802 7803 7804 7805 7871 7872 7873 7874 7941 7942 7943 7944 7945 7946 8011 8012 8013 8014 8015 8016 8080 8081 8082 8083 8084 8085 8086 8152 8153 8154 8155 8156 8157 8225 8226 8227 8228 8229 8230 8297 8298 8299 8300 8301 8302 8369 8370 8371 8372 8373 8374 8375 8446 8447 8448 8449 8450 8451 8525 8526 8527 8528 8529 8530 8607 8608 8609 8610 8611 8692 8693 8694 8779 8780
moead,ns465,7,4,3100,62,154788936.739338,24.375207,0.444444,0.555556,6433 7667 7735 7736 7737 7802 7803 7804 7805 7871 7872 7873 7874 7941 7942 7943 7944 7945 7946 8011 8012 8013 8014 8015 8016 8080 8081 8082 8083 8084 8085 8086 8152 8153 8154 8155 8156 8157 8225 8226 8227 8228 8229 8230 8297 8298 8299 8300 8301 8302 8369 8370 8371 8372 8373 8374 8375 8446 8447 8448 8449 8450 8451 8525 8526 8527 8528 8529 8530 8607 8608 8609 8610 8611 8692 8693 8694 8779 8780
moead,ns465,7,5,3100,62,154788936.739338,24.375207,0.555556,0.444444,6433 7667 7735 7736 7737 7802 7803 7804 7805 7871 7872 7873 7874 7941 7942 7943 7944 7945 7946 8011 8012 8013 8014 8015 8016 8080 8081 8082 8083 8084 8085 8086 8152 8153 8154 8155 8156 8157 8225 8226 8227 8228 8229 8230 8297 8298 8299 8300 8301 8302 8369 8370 8371 8372 8373 8374 8375 8446 8447 8448 8449 8450 8451 8525 8526 8527 8528 8529 8530 8607 8608 8609 8610 8611 8692 8693 8694 8779 8780
moead,ns465,7,6,3100,62,154788936.739338,24.375207,0.666667,0.333333,6433 7667 7735 7736 7737 7802 7803 7804 7805 7871 7872 7873 7874 7941 7942 7943 7944 7945 7946 8011 8012 8013 8014 8015 8016 8080 8081 8082 8083 8084 8085 8086 8152 8153 8154 8155 8156 8157 8225 8226 8227 8228 8229 8230 8297 8298 8299 8300 8301 8302 8369 8370 8371 8372 8373 8374 8375 8446 8447 8448 8449 8450 8451 8525 8526 8527 8528 8529 8530 8607 8608 8609 8610 8611 8692 8693 8694 8779 8780
moead,ns465,7,7,3100,62,154788936.739338,24.375207,0.777778,0.222222,6433 7667 7735 7736 7737 7802 7803 7804 7805 7871 7872 7873 7874 7941 7942 7943 7944 7945 7946 8011 8012 8013 8014 8015 8016 8080 8081 8082 8083 8084 8085 8086 8152 8153 8154 8155 8156 8157 8225 8226 8227 8228 8229 8230 8297 8298 8299 8300 8301 8302 8369 8370 8371 8372 8373 8374 8375 8446 8447 8448 8449 8450 8451 8525 8526 8527 8528 8529 8530 8607 8608 8609 8610 8611 8692 8693 8694 8779 8780
moead,ns465,7,8,3100,62,154788936.739338,24.375207,0.888889,0.111111,6433 7667 7735 7736 7737 7802 7803 7804 7805 7871 7872 7873 7874 7941 7942 7943 7944 7945 7946 8011 8012 8013 8014 8015 8016 8080 8081 8082 8083 8084 8085 8086 8152 8153 8154 8155 8156 8157 8225 8226 8227 8228 8229 8230 8297 8298 8299 8300 8301 8302 8369 8370 8371 8372 8373 8374 8375 8446 8447 8448 8449 8450 8451 8525 8526 8527 8528 8529 8530 8607 8608 8609 8610 8611 8692 8693 8694 8779 8780
moead,ns465,7,9,3100,62,154788936.739338,24.375207,1.000000,0.000000,6433 7667 7735 7736 7737 7802 7803 7804 7805 7871 7872 7873 7874 7941 7942 7943 7944 7945 7946 8011 8012 8013 8014 8015 8016 8080 8081 8082 8083 8084 8085 8086 8152 8153 8154 8155 8156 8157 8225 8226 8227 8228 8229 8230 8297 8298 8299 8300 8301 8302 8369 8370 8371 8372 8373 8374 8375 8446 8447 8448 8449 8450 8451 8525 8526 8527 8528 8529 8530 8607 8608 8609 8610 8611 8692 8693 8694 8779 8780
moead,ns465,7,0,3150,63,199352185.034976,253.594602,0.000000,1.000000,92 97 302 435 458 533 661 1076 1267 1897 1996 2254 2416 2463 2506 2518 2650 2655 2930 3503 4107 4143 4404 4964 5021 5186 5334 5445 5711 6105 6167 6317 6429 6470 6659 6818 6913 6917 7184 7209 7260 7265 7320 7460 7539 7657 7666 7745 7952 8181 8235 8697 9450 9807 10137 10159 10280 10286 10420 10458 10696 10897 11231 11253 11268 11278 11416 11591 11628 11674 11744 12557 13354 13902 14594 14652 14666 14673 14701
moead,ns465,7,1,3150,63,154788936.739338,24.375207,0.111111,0.888889,6433 7667 7735 7736 7737 7802 7803 7804 7805 7871 7872 7873 7874 7941 7942 7943 7944 7945 7946 8011 8012 8013 8014 8015 8016 8080 8081 8082 8083 8084 8085 8086 8152 8153 8154 8155 8156 8157 8225 8226 8227 8228 8229 8230 8297 8298 8299 8300 8301 8302 8369 8370 8371 8372 8373 8374 8375 8446 8447 8448 8449 8450 8451 8525 8526 8527 8528 8529 8530 8607 8608 8609 8610 8611 8692 8693 8694 8779 8780
moead,ns465,7,2,3150,63,154788936.739338,24.375207,0.222222,0.777778,6433 7667 7735 7736 7737 7802 7803 7804 7805 7871 7872 7873 7874 7941 7942 7943 7944 7945 7946 8011 8012 8013 8014 8015 8016 8080 8081 8082 8083 8084 8085 8086 8152 8153 8154 8155 8156 8157 8225 8226 8227 8228 8229 8230 8297 8298 8299 8300 8301 8302 8369 8370 8371 8372 8373 8374 8375 8446 8447 8448 8449 8450 8451 8525 8526 8527 8528 8529 8530 8607 8608 8609 8610 8611 8692 8693 8694 8779 8780
moead,ns465,7,3,3150,63,154788936.739338,24.375207,0.333333,0.666667,6433 7667 7735 7736 7737 7802 7803 7804 7805 7871 7872 7873 7874 7941 7942 7943 7944 7945 7946 8011 8012 8013 8014 8015 8016 8080 8081 8082 8083 8084 8085 8086 8152 8153 8154 8155 8156 8157 8225 8226 8227 8228 8229 8230 8297 8298 8299 8300 8301 8302 8369 8370 8371 8372 8373 8374 8375 8446 8447 8448 8449 8450 8451 8525 8526 8527 8528 8529 8530 8607 8608 8609 8610 8611 8692 8693 8694 8779 8780
moead,ns465,7,4,3150,63,154788936.739338,24.375207,0.444444,0.555556,6433 7667 7735 7736 7737 7802 7803 7804 7805 7871 7872 7873 7874 7941 7942 7943 7944 7945 7946 8011 8012 8013 8014 8015 8016 8080 8081 8082 8083 8084 8085 8086 8152 8153 8154 8155 8156 8157 8225 8226 8227 8228 8229 8230 8297 8298 8299 8300 8301 8302 8369 8370 8371 8372 8373 8374 8375 8446 8447 8448 8449 8450 8451 8525 8526 8527 8528 8529 8530 8607 8608 8609 8610 8611 8692 8693 8694 8779 8780
moead,ns465,7,5,3150,63,154788936.739338,24.375207,0.555556,0.444444,6433 7667 7735 7736 7737 7802 7803 7804 7805 7871 7872 7873 7874 7941 7942 7943 7944 7945 7946 8011 8012 8013 8014 8015 8016 8080 8081 8082 8083 8084 8085 8086 8152 8153 8154 8155 8156 8157 8225 8226 8227 8228 8229 8230 8297 8298 8299 8300 8301 8302 8369 8370 8371 8372 8373 8374 8375 8446 8447 8448 8449 8450 8451 8525 8526 8527 8528 8529 8530 8607 8608 8609 8610 8611 8692 8693 8694 8779 8780
moead,ns465,7,6,3150,63,154788936.739338,24.375207,0.666667,0.333333,6433 7667 7735 7736 7737 7802 7803 7804 7805 7871 7872 7873 7874 7941 7942 7943 7944 7945 7946 8011 8012 8013 8014 8015 8016 8080 8081 8082 8083 8084 8085 8086 8152 8153 8154 8155 8156 8157 8225 8226 8227 8228 8229 8230 8297 8298 8299 8300 8301 8302 8369 8370 8371 8372 8373 8374 8375 8446 8447 8448 8449 8450 8451 8525 8526 8527 8528 8529 8530 8607 8608 8609 8610 8611 8692 8693 8694 8779 8780
moead,ns465,7,7,3150,63,154788936.739338,24.375207,0.777778,0.222222,6433 7667 7735 7736 7737 7802 7803 7804 7805 7871 7872 7873 7874 7941 7942 7943 7944 7945 7946 8011 8012 8013 8014 8015 8016 8080 8081 8082 8083 8084 8085 8086 8152 8153 8154 8155 8156 8157 8225 8226 8227 8228 8229 8230 8297 8298 8299 8300 8301 8302 8369 8370 8371 8372 8373 8374 8375 8446 8447 8448 8449 8450 8451 8525 8526 8527 8528 8529 8530 8607 8608 8609 8610 8611 8692 8693 8694 8779 8780
moead,ns465,7,8,3150,63,154788936.739338,24.375207,0.888889,0.111111,6433 7667 7735 7736 7737 7802 7803 7804 7805 7871 7872 7873 7874 7941 7942 7943 7944 7945 7946 8011 8012 8013 8014 8015 8016 8080 8081 8082 8083 8084 8085 8086 8152 8153 8154 8155 8156 8157 8225 8226 8227 8228 8229 8230 8297 8298 8299 8300 8301 8302 8369 8370 8371 8372 8373 8374 8375 8446 8447 8448 8449 8450 8451 8525 8526 8527 8528 8529 8530 8607 8608 8609 8610 8611 8692 8693 8694 8779 8780
moead,ns465,7,9,3150,63,154788936.739338,24.375207,1.000000,0.000000,6433 7667 7735 7736 7737 7802 7803 7804 7805 7871 7872 7873 7874 7941 7942 7943 7944 7945 7946 8011 8012 8013 8014 8015 8016 8080 8081 8082 8083 8084 8085 8086 8152 8153 8154 8155 8156 8157 8225 8226 8227 8228 8229 8230 8297 8298 8299 8300 8301 8302 8369 8370 8371 8372 8373 8374 8375 8446 8447 8448 8449 8450 8451 8525 8526 8527 8528 8529 8530 8607 8608 8609 8610 8611 8692 8693 8694 8779 8780
moead,ns465,7,0,3200,64,199352185.034976,253.594602,0.000000,1.000000,92 97 302 435 458 533 661 1076 1267 1897 1996 2254 2416 2463 2506 2518 2650 2655 2930 3503 4107 4143 4404 4964 5021 5186 5334 5445 5711 6105 6167 6317 6429 6470 6659 6818 6913 6917 7184 7209 7260 7265 7320 7460 7539 7657 7666 7745 7952 8181 8235 8697 9450 9807 10137 10159 10280 10286 10420 10458 10696 10897 11231 11253 11268 11278 11416 11591 11628 11674 11744 12557 13354 13902 14594 14652 14666 14673 14701
moead,ns465,7,1,3200,64,154788936.739338,24.375207,0.111111,0.888889,6433 7667 7735 7736 7737 7802 7803 7804 7805 7871 7872 7873 7874 7941 7942 7943 7944 7945 7946 8011 8012 8013 8014 8015 8016 8080 8081 8082 8083 8084 8085 8086 8152 8153 8154 8155 8156 8157 8225 8226 8227 8228 8229 8230 8297 8298 8299 8300 8301 8302 8369 8370 8371 8372 8373 8374 8375 8446 8447 8448 8449 8450 8451 8525 8526 8527 8528 8529 8530 8607 8608 8609 8610 8611 8692 8693 8694 8779 8780
moead,ns465,7,2,3200,64,154788936.739338,24.375207,0.222222,0.777778,6433 7667 7735 7736 7737 7802 7803 7804 7805 7871 7872 7873 7874 7941 7942 7943 7944 7945 7946 8011 8012 8013 8014 8015 8016 8080 8081 8082 8083 8084 8085 8086 8152 8153 8154 8155 8156 8157 8225 8226 8227 8228 8229 8230 8297 8298 8299 8300 8301 8302 8369 8370 8371 8372 8373 8374 8375 8446 8447 8448 8449 8450 8451 8525 8526 8527 8528 8529 8530 8607 8608 8609 8610 8611 8692 8693 8694 8779 8780
moead,ns465,7,3,3200,64,154788936.739338,24.375207,0.333333,0.666667,6433 7667 7735 7736 7737 7802 7803 7804 7805 7871 7872 7873 7874 7941 7942 7943 7944 7945 7946 8011 8012 8013 8014 8015 8016 8080 8081 8082 8083 8084 8085 8086 8152 8153 8154 8155 8156 8157 8225 8226 8227 8228 8229 8230 8297 8298 8299 8300 8301 8302 8369 8370 8371 8372 8373 8374 8375 8446 8447 8448 8449 8450 8451 8525 8526 8527 8528 8529 8530 8607 8608 8609 8610 8611 8692 8693 8694 8779 8780
moead,ns465,7,4,3200,64,154788936.739338,24.375207,0.444444,0.555556,6433 7667 7735 7736 7737 7802 7803 7804 7805 7871 7872 7873 7874 7941 7942 7943 7944 7945 7946 8011 8012 8013 8014 8015 8016 8080 8081 8082 8083 8084 8085 8086 8152 8153 8154 8155 8156 8157 8225 8226 8227 8228 8229 8230 8297 8298 8299 8300 8301 8302 8369 8370 8371 8372 8373 8374 8375 8446 8447 8448 8449 8450 8451 8525 8526 8527 8528 8529 8530 8607 8608 8609 8610 8611 8692 8693 8694 8779 8780
moead,ns465,7,5,3200,64,154788936.739338,24.375207,0.555556,0.444444,6433 7667 7735 7736 7737 7802 7803 7804 7805 7871 7872 7873 7874 7941 7942 7943 7944 7945 7946 8011 8012 8013 8014 8015 8016 8080 8081 8082 8083 8084 8085 8086 8152 8153 8154 8155 8156 8157 8225 8226 8227 8228 8229 8230 8297 8298 8299 8300 8301 8302 8369 8370 8371 8372 8373 8374 8375 8446 8447 8448 8449 8450 8451 8525 8526 8527 8528 8529 8530 8607 8608 8609 8610 8611 8692 8693 8694 8779 8780
moead,ns465,7,6,3200,64,154788936.739338,24.375207,0.666667,0.333333,6433 7667 7735 7736 7737 7802 7803 7804 7805 7871 7872 7873 7874 7941 7942 7943 7944 7945 7946 8011 8012 8013 8014 8015 8016 8080 8081 8082 8083 8084 8085 8086 8152 8153 8154 8155 8156 8157 8225 8226 8227 8228 8229 8230 8297 8298 8299 8300 8301 8302 8369 8370 8371 8372 8373 8374 8375 8446 8447 8448 8449 8450 8451 8525 8526 8527 8528 8529 8530 8607 8608 8609 8610 8611 8692 8693 8694 8779 8780
moead,ns465,7,7,3200,64,154788936.739338,24.375207,0.777778,0.222222,6433 7667 7735 7736 7737 7802 7803 7804 7805 7871 7872 7873 7874 7941 7942 7943 7944 7945 7946 8011 8012 8013 8014 8015 8016 8080 8081 8082 8083 8084 8085 8086 8152 8153 8154 8155 8156 8157 8225 8226 8227 8228 8229 8230 8297 8298 8299 8300 8301 8302 8369 8370 8371 8372 8373 8374 8375 8446 8447 8448 8449 8450 8451 8525 8526 8527 8528 8529 8530 8607 8608 8609 8610 8611 8692 8693 8694 8779 8780
moead,ns465,7,8,3200,64,154788936.739338,24.375207,0.888889,0.111111,6433 7667 7735 7736 7737 7802 7803 7804 7805 7871 7872 7873 7874 7941 7942 7943 7944 7945 7946 8011 8012 8013 8014 8015 8016 8080 8081 8082 8083 8084 8085 8086 8152 8153 8154 8155 8156 8157 8225 8226 8227 8228 8229 8230 8297 8298 8299 8300 8301 8302 8369 8370 8371 8372 8373 8374 8375 8446 8447 8448 8449 8450 8451 8525 8526 8527 8528 8529 8530 8607 8608 8609 8610 8611 8692 8693 8694 8779 8780
moead,ns465,7,9,3200,64,154788936.739338,24.375207,1.000000,0.000000,6433 7667 7735 7736 7737 7802 7803 7804 7805 7871 7872 7873 7874 7941 7942 7943 7944 7945 7946 8011 8012 8013 8014 8015 8016 8080 8081 8082 8083 8084 8085 8086 8152 8153 8154 8155 8156 8157 8225 8226 8227 8228 8229 8230 8297 8298 8299 8300 8301 8302 8369 8370 8371 8372 8373 8374 8375 8446 8447 8448 8449 8450 8451 8525 8526 8527 8528 8529 8530 8607 8608 8609 8610 8611 8692 8693 8694 8779 8780
moead,ns465,7,0,3250,65,199352185.034976,253.594602,0.000000,1.000000,92 97 302 435 458 533 661 1076 1267 1897 1996 2254 2416 2463 2506 2518 2650 2655 2930 3503 4107 4143 4404 4964 5021 5186 5334 5445 5711 6105 6167 6317 6429 6470 6659 6818 6913 6917 7184 7209 7260 7265 7320 7460 7539 7657 7666 7745 7952 8181 8235 8697 9450 9807 10137 10159 10280 10286 10420 10458 10696 10897 11231 11253 11268 11278 11416 11591 11628 11674 11744 12557 13354 13902 14594 14652 14666 14673 14701
moead,ns465,7,1,3250,65,154788936.739338,24.375207,0.111111,0.888889,6433 7667 7735 7736 7737 7802 7803 7804 7805 7871 7872 7873 7874 7941 7942 7943 7944 7945 7946 8011 8012 8013 8014 8015 8016 8080 8081 8082 8083 8084 8085 8086 8152 8153 8154 8155 8156 8157 8225 8226 8227 8228 8229 8230 8297 8298 8299 8300 8301 8302 8369 8370 8371 8372 8373 8374 8375 8446 8447 8448 8449 8450 8451 8525 8526 8527 8528 8529 8530 8607 8608 8609 8610 8611 8692 8693 8694 8779 8780
moead,ns465,7,2,3250,65,154788936.739338,24.375207,0.222222,0.777778,6433 7667 7735 7736 7737 7802 7803 7804 7805 7871 7872 7873 7874 7941 7942 7943 7944 7945 7946 8011 8012 8013 8014 8015 8016 8080 8081 8082 8083 8084 8085 8086 8152 8153 8154 8155 8156 8157 8225 8226 8227 8228 8229 8230 8297 8298 8299 8300 8301 8302 8369 8370 8371 8372 8373 8374 8375 8446 8447 8448 8449 8450 8451 8525 8526 8527 8528 8529 8530 8607 8608 8609 8610 8611 8692 8693 8694 8779 8780
moead,ns465,7,3,3250,65,154788158.131403,21.298103,0.333333,0.666667,7667 7735 7736 7737 7802 7803 7804 7805 7871 7872 7873 7874 7941 7942 7943 7944 7945 7946 8011 8012 8013 8014 8015 8016 8080 8081 8082 8083 8084 8085 8086 8152 8153 8154 8155 8156 8157 8225 8226 8227 8228 8229 8230 8296 8297 8298 8299 8300 8301 8302 8369 8370 8371 8372 8373 8374 8375 8446 8447 8448 8449 8450 8451 8525 8526 8527 8528 8529 8530 8607 8608 8609 8610 8611 8692 8693 8694 8779 8780
moead,ns465,7,4,3250,65,154788158.131403,21.298103,0.444444,0.555556,7667 7735 7736 7737 7802 7803 7804 7805 7871 7872 7873 7874 7941 7942 7943 7944 7945 7946 8011 8012 8013 8014 8015 8016 8080 8081 8082 8083 8084 8085 8086 8152 8153 8154 8155 8156 8157 8225 8226 8227 8228 8229 8230 8296 8297 8298 8299 8300 8301 8302 8369 8370 8371 8372 8373 8374 8375 8446 8447 8448 8449 8450 8451 8525 8526 8527 8528 8529 8530 8607 8608 8609 8610 8611 8692 8693 8694 8779 8780
moead,ns465,7,5,3250,65,154788158.131403,21.298103,0.555556,0.444444,7667 7735 7736 7737 7802 7803 7804 7805 7871 7872 7873 7874 7941 7942 7943 7944 7945 7946 8011 8012 8013 8014 8015 8016 8080 8081 8082 8083 8084 8085 8086 8152 8153 8154 8155 8156 8157 8225 8226 8227 8228 8229 8230 8296 8297 8298 8299 8300 8301 8302 8369 8370 8371 8372 8373 8374 8375 8446 8447 8448 8449 8450 8451 8525 8526 8527 8528 8529 8530 8607 8608 8609 8610 8611 8692 8693 8694 8779 8780
moead,ns465,7,6,3250,65,154788158.131403,21.298103,0.666667,0.333333,7667 7735 7736 7737 7802 7803 7804 7805 7871 7872 7873 7874 7941 7942 7943 7944 7945 7946 8011 8012 8013 8014 8015 8016 8080 8081 8082 8083 8084 8085 8086 8152 8153 8154 8155 8156 8157 8225 8226 8227 8228 8229 8230 8296 8297 8298 8299 8300 8301 8302 8369 8370 8371 8372 8373 8374 8375 8446 8447 8448 8449 8450 8451 8525 8526 8527 8528 8529 8530 8607 8608 8609 8610 8611 8692 8693 8694 8779 8780
moead,ns465,7,7,3250,65,154788158.131403,21.298103,0.777778,0.222222,7667 7735 7736 7737 7802 7803 7804 7805 7871 7872 7873 7874 7941 7942 7943 7944 7945 7946 8011 8012 8013 8014 8015 8016 8080 8081 8082 8083 8084 8085 8086 8152 8153 8154 8155 8156 8157 8225 8226 8227 8228 8229 8230 8296 8297 8298 8299 8300 8301 8302 8369 8370 8371 8372 8373 8374 8375 8446 8447 8448 8449 8450 8451 8525 8526 8527 8528 8529 8530 8607 8608 8609 8610 8611 8692 8693 8694 8779 8780
moead,ns465,7,8,3250,65,154788158.131403,21.298103,0.888889,0.111111,7667 7735 7736 7737 7802 7803 7804 7805 7871 7872 7873 7874 7941 7942 7943 7944 7945 7946 8011 8012 8013 8014 8015 8016 8080 8081 8082 8083 8084 8085 8086 8152 8153 8154 8155 8156 8157 8225 8226 8227 8228 8229 8230 8296 8297 8298 8299 8300 8301 8302 8369 8370 8371 8372 8373 8374 8375 8446 8447 8448 8449 8450 8451 8525 8526 8527 8528 8529 8530 8607 8608 8609 8610 8611 8692 8693 8694 8779 8780
moead,ns465,7,9,3250,65,154788158.131403,21.298103,1.000000,0.000000,7667 7735 7736 7737 7802 7803 7804 7805 7871 7872 7873 7874 7941 7942 7943 7944 7945 7946 8011 8012 8013 8014 8015 8016 8080 8081 8082 8083 8084 8085 8086 8152 8153 8154 8155 8156 8157 8225 8226 8227 8228 8229 8230 8296 8297 8298 8299 8300 8301 8302 8369 8370 8371 8372 8373 8374 8375 8446 8447 8448 8449 8450 8451 8525 8526 8527 8528 8529 8530 8607 8608 8609 8610 8611 8692 8693 8694 8779 8780
moead,ns465,7,0,3300,66,199352185.034976,253.594602,0.000000,1.000000,92 97 302 435 458 533 661 1076 1267 1897 1996 2254 2416 2463 2506 2518 2650 2655 2930 3503 4107 4143 4404 4964 5021 5186 5334 5445 5711 6105 6167 6317 6429 6470 6659 6818 6913 6917 7184 7209 7260 7265 7320 7460 7539 7657 7666 7745 7952 8181 8235 8697 9450 9807 10137 10159 10280 10286 10420 10458 10696 10897 11231 11253 11268 11278 11416 11591 11628 11674 11744 12557 13354 13902 14594 14652 14666 14673 14701
moead,ns465,7,1,3300,66,154788936.739338,24.375207,0.111111,0.888889,6433 7667 7735 7736 7737 7802 7803 7804 7805 7871 7872 7873 7874 7941 7942 7943 7944 7945 7946 8011 8012 8013 8014 8015 8016 8080 8081 8082 8083 8084 8085 8086 8152 8153 8154 8155 8156 8157 8225 8226 8227 8228 8229 8230 8297 8298 8299 8300 8301 8302 8369 8370 8371 8372 8373 8374 8375 8446 8447 8448 8449 8450 8451 8525 8526 8527 8528 8529 8530 8607 8608 8609 8610 8611 8692 8693 8694 8779 8780
moead,ns465,7,2,3300,66,154788936.739338,24.375207,0.222222,0.777778,6433 7667 7735 7736 7737 7802 7803 7804 7805 7871 7872 7873 7874 7941 7942 7943 7944 7945 7946 8011 8012 8013 8014 8015 8016 8080 8081 8082 8083 8084 8085 8086 8152 8153 8154 8155 8156 8157 8225 8226 8227 8228 8229 8230 8297 8298 8299 8300 8301 8302 8369 8370 8371 8372 8373 8374 8375 8446 8447 8448 8449 8450 8451 8525 8526 8527 8528 8529 8530 8607 8608 8609 8610 8611 8692 8693 8694 8779 8780
moead,ns465,7,3,3300,66,154788158.131403,21.298103,0.333333,0.666667,7667 7735 7736 7737 7802 7803 7804 7805 7871 7872 7873 7874 7941 7942 7943 7944 7945 7946 8011 8012 8013 8014 8015 8016 8080 8081 8082 8083 8084 8085 8086 8152 8153 8154 8155 8156 8157 8225 8226 8227 8228 8229 8230 8296 8297 8298 8299 8300 8301 8302 8369 8370 8371 8372 8373 8374 8375 8446 8447 8448 8449 8450 8451 8525 8526 8527 8528 8529 8530 8607 8608 8609 8610 8611 8692 8693 8694 8779 8780
moead,ns465,7,4,3300,66,154788158.131403,21.298103,0.444444,0.555556,7667 7735 7736 7737 7802 7803 7804 7805 7871 7872 7873 7874 7941 7942 7943 7944 7945 7946 8011 8012 8013 8014 8015 8016 8080 8081 8082 8083 8084 8085 8086 8152 8153 8154 8155 8156 8157 8225 8226 8227 8228 8229 8230 8296 8297 8298 8299 8300 8301 8302 8369 8370 8371 8372 8373 8374 8375 8446 8447 8448 8449 8450 8451 8525 8526 8527 8528 8529 8530 8607 8608 8609 8610 8611 8692 8693 8694 8779 8780
moead,ns465,7,5,3300,66,154788158.131403,21.298103,0.555556,0.444444,7667 7735 7736 7737 7802 7803 7804 7805 7871 7872 7873 7874 7941 7942 7943 7944 7945 7946 8011 8012 8013 8014 8015 8016 8080 8081 8082 8083 8084 8085 8086 8152 8153 8154 8155 8156 8157 8225 8226 8227 8228 8229 8230 8296 8297 8298 8299 8300 8301 8302 8369 8370 8371 8372 8373 8374 8375 8446 8447 8448 8449 8450 8451 8525 8526 8527 8528 8529 8530 8607 8608 8609 8610 8611 8692 8693 8694 8779 8780
moead,ns465,7,6,3300,66,154788158.131403,21.298103,0.666667,0.333333,7667 7735 7736 7737 7802 7803 7804 7805 7871 7872 7873 7874 7941 7942 7943 7944 7945 7946 8011 8012 8013 8014 8015 8016 8080 8081 8082 8083 8084 8085 8086 8152 8153 8154 8155 8156 8157 8225 8226 8227 8228 8229 8230 8296 8297 8298 8299 8300 8301 8302 8369 8370 8371 8372 8373 8374 8375 8446 8447 8448 8449 8450 8451 8525 8526 8527 8528 8529 8530 8607 8608 8609 8610 8611 8692 8693 8694 8779 8780
moead,ns465,7,7,3300,66,154788158.131403,21.298103,0.777778,0.222222,7667 7735 7736 7737 7802 7803 7804 7805 7871 7872 7873 7874 7941 7942 7943 7944 7945 7946 8011 8012 8013 8014 8015 8016 8080 8081 8082 8083 8084 8085 8086 8152 8153 8154 8155 8156 8157 8225 8226 8227 8228 8229 8230 8296 8297 8298 8299 8300 8301 8302 8369 8370 8371 8372 8373 8374 8375 8446 8447 8448 8449 8450 8451 8525 8526 8527 8528 8529 8530 8607 8608 8609 8610 8611 8692 8693 8694 8779 8780
moead,ns465,7,8,3300,66,154788158.131403,21.298103,0.888889,0.111111,7667 7735 7736 7737 7802 7803 7804 7805 7871 7872 7873 7874 7941 7942 7943 7944 7945 7946 8011 8012 8013 8014 8015 8016 8080 8081 8082 8083 8084 8085 8086 8152 8153 8154 8155 8156 8157 8225 8226 8227 8228 8229 8230 8296 8297 8298 8299 8300 8301 8302 8369 8370 8371 8372 8373 8374 8375 8446 8447 8448 8449 8450 8451 8525 8526 8527 8528 8529 8530 8607 8608 8609 8610 8611 8692 8693 8694 8779 8780
moead,ns465,7,9,3300,66,154788158.131403,21.298103,1.000000,0.000000,7667 7735 7736 7737 7802 7803 7804 7805 7871 7872 7873 7874 7941 7942 7943 7944 7945 7946 8011 8012 8013 8014 8015 8016 8080 8081 8082 8083 8084 8085 8086 8152 8153 8154 8155 8156 8157 8225 8226 8227 8228 8229 8230 8296 8297 8298 8299 8300 8301 8302 8369 8370 8371 8372 8373 8374 8375 8446 8447 8448 8449 8450 8451 8525 8526 8527 8528 8529 8530 8607 8608 8609 8610 8611 8692 8693 8694 8779 8780
moead,ns465,7,0,3350,67,199352185.034976,253.594602,0.000000,1.000000,92 97 302 435 458 533 661 1076 1267 1897 1996 2254 2416 2463 2506 2518 2650 2655 2930 3503 4107 4143 4404 4964 5021 5186 5334 5445 5711 6105 6167 6317 6429 6470 6659 6818 6913 6917 7184 7209 7260 7265 7320 7460 7539 7657 7666 7745 7952 8181 8235 8697 9450 9807 10137 10159 10280 10286 10420 10458 10696 10897 11231 11253 11268 11278 11416 11591 11628 11674 11744 12557 13354 13902 14594 14652 14666 14673 14701
moead,ns465,7,1,3350,67,154788936.739338,24.375207,0.111111,0.888889,6433 7667 7735 7736 7737 7802 7803 7804 7805 7871 7872 7873 7874 7941 7942 7943 7944 7945 7946 8011 8012 8013 8014 8015 8016 8080 8081 8082 8083 8084 8085 8086 8152 8153 8154 8155 8156 8157 8225 8226 8227 8228 8229 8230 8297 8298 8299 8300 8301 8302 8369 8370 8371 8372 8373 8374 8375 8446 8447 8448 8449 8450 8451 8525 8526 8527 8528 8529 8530 8607 8608 8609 8610 8611 8692 8693 8694 8779 8780
moead,ns465,7,2,3350,67,154788936.739338,24.375207,0.222222,0.777778,6433 7667 7735 7736 7737 7802 7803 7804 7805 7871 7872 7873 7874 7941 7942 7943 7944 7945 7946 8011 8012 8013 8014 8015 8016 8080 8081 8082 8083 8084 8085 8086 8152 8153 8154 8155 8156 8157 8225 8226 8227 8228 8229 8230 8297 8298 8299 8300 8301 8302 8369 8370 8371 8372 8373 8374 8375 8446 8447 8448 8449 8450 8451 8525 8526 8527 8528 8529 8530 8607 8608 8609 8610 8611 8692 8693 8694 8779 8780
moead,ns465,7,3,3350,67,154788158.131403,21.298103,0.333333,0.666667,7667 7735 7736 7737 7802 7803 7804 7805 7871 7872 7873 7874 7941 7942 7943 7944 7945 7946 8011 8012 8013 8014 8015 8016 8080 8081 8082 8083 8084 8085 8086 8152 8153 8154 8155 8156 8157 8225 8226 8227 8228 8229 8230 8296 8297 8298 8299 8300 8301 8302 8369 8370 8371 8372 8373 8374 8375 8446 8447 8448 8449 8450 8451 8525 8526 8527 8528 8529 8530 8607 8608 8609 8610 8611 8692 8693 8694 8779 8780
moead,ns465,7,4,3350,67,154788158.131403,21.298103,0.444444,0.555556,7667 7735 7736 7737 7802 7803 7804 7805 7871 7872 7873 7874 7941 7942 7943 7944 7945 7946 8011 8012 8013 8014 8015 8016 8080 8081 8082 8083 8084 8085 8086 8152 8153 8154 8155 8156 8157 8225 8226 8227 8228 8229 8230 8296 8297 8298 8299 8300 8301 8302 8369 8370 8371 8372 8373 8374 8375 8446 8447 8448 8449 8450 8451 8525 8526 8527 8528 8529 8530 8607 8608 8609 8610 8611 8692 8693 8694 8779 8780
moead,ns465,7,5,3350,67,154788158.131403,21.298103,0.555556,0.444444,7667 7735 7736 7737 7802 7803 7804 7805 7871 7872 7873 7874 7941 7942 7943 7944 7945 7946 8011 8012 8013 8014 8015 8016 8080 8081 8082 8083 8084 8085 8086 8152 8153 8154 8155 8156 8157 8225 8226 8227 8228 8229 8230 8296 8297 8298 8299 8300 8301 8302 8369 8370 8371 8372 8373 8374 8375 8446 8447 8448 8449 8450 8451 8525 8526 8527 8528 8529 8530 8607 8608 8609 8610 8611 8692 8693 8694 8779 8780
moead,ns465,7,6,3350,67,154788158.131403,21.298103,0.666667,0.333333,7667 7735 7736 7737 7802 7803 7804 7805 7871 7872 7873 7874 7941 7942 7943 7944 7945 7946 8011 8012 8013 8014 8015 8016 8080 8081 8082 8083 8084 8085 8086 8152 8153 8154 8155 8156 8157 8225 8226 8227 8228 8229 8230 8296 8297 8298 8299 8300 8301 8302 8369 8370 8371 8372 8373 8374 8375 8446 8447 8448 8449 8450 8451 8525 8526 8527 8528 8529 8530 8607 8608 8609 8610 8611 8692 8693 8694 8779 8780
moead,ns465,7,7,3350,67,154788158.131403,21.298103,0.777778,0.222222,7667 7735 7736 7737 7802 7803 7804 7805 7871 7872 7873 7874 7941 7942 7943 7944 7945 7946 8011 8012 8013 8014 8015 8016 8080 8081 8082 8083 8084 8085 8086 8152 8153 8154 8155 8156 8157 8225 8226 8227 8228 8229 8230 8296 8297 8298 8299 8300 8301 8302 8369 8370 8371 8372 8373 8374 8375 8446 8447 8448 8449 8450 8451 8525 8526 8527 8528 8529 8530 8607 8608 8609 8610 8611 8692 8693 8694 8779 8780
moead,ns465,7,8,3350,67,154788158.131403,21.298103,0.888889,0.111111,7667 7735 7736 7737 7802 7803 7804 7805 7871 7872 7873 7874 7941 7942 7943 7944 7945 7946 8011 8012 8013 8014 8015 8016 8080 8081 8082 8083 8084 8085 8086 8152 8153 8154 8155 8156 8157 8225 8226 8227 8228 8229 8230 8296 8297 8298 8299 8300 8301 8302 8369 8370 8371 8372 8373 8374 8375 8446 8447 8448 8449 8450 8451 8525 8526 8527 8528 8529 8530 8607 8608 8609 8610 8611 8692 8693 8694 8779 8780
moead,ns465,7,9,3350,67,154788158.131403,21.298103,1.000000,0.000000,7667 7735 7736 7737 7802 7803 7804 7805 7871 7872 7873 7874 7941 7942 7943 7944 7945 7946 8011 8012 8013 8014 8015 8016 8080 8081 8082 8083 8084 8085 8086 8152 8153 8154 8155 8156 8157 8225 8226 8227 8228 8229 8230 8296 8297 8298 8299 8300 8301 8302 8369 8370 8371 8372 8373 8374 8375 8446 8447 8448 8449 8450 8451 8525 8526 8527 8528 8529 8530 8607 8608 8609 8610 8611 8692 8693 8694 8779 8780
moead,ns465,7,0,3400,68,199482069.431759,253.594602,0.000000,1.000000,92 97 302 435 458 533 661 1076 1267 1897 1996 2254 2416 2463 2506 2650 2655 2930 3503 4107 4143 4404 4964 5021 5186 5445 5711 6105 6167 6317 6429 6470 6659 6818 6913 6917 7184 7209 7260 7265 7320 7460 7539 7657 7666 7745 7952 8181 8235 8697 9450 9807 10137 10159 10280 10286 10420 10458 10696 10897 11231 11253 11268 11278 11416 11591 11628 11674 11744 12467 12557 13354 13704 13902 14594 14652 14666 14673 14701
moead,ns465,7,1,3400,68,154788936.739338,24.375207,0.111111,0.888889,6433 7667 7735 7736 7737 7802 7803 7804 7805 7871 7872 7873 7874 7941 7942 7943 7944 7945 7946 8011 8012 8013 8014 8015 8016 8080 8081 8082 8083 8084 8085 8086 8152 8153 8154 8155 8156 8157 8225 8226 8227 8228 8229 8230 8297 8298 8299 8300 8301 8302 8369 8370 8371 8372 8373 8374 8375 8446 8447 8448 8449 8450 8451 8525 8526 8527 8528 8529 8530 8607 8608 8609 8610 8611 8692 8693 8694 8779 8780
moead,ns465,7,2,3400,68,154788936.739338,24.375207,0.222222,0.777778,6433 7667 7735 7736 7737 7802 7803 7804 7805 7871 7872 7873 7874 7941 7942 7943 7944 7945 7946 8011 8012 8013 8014 8015 8016 8080 8081 8082 8083 8084 8085 8086 8152 8153 8154 8155 8156 8157 8225 8226 8227 8228 8229 8230 8297 8298 8299 8300 8301 8302 8369 8370 8371 8372 8373 8374 8375 8446 8447 8448 8449 8450 8451 8525 8526 8527 8528 8529 8530 8607 8608 8609 8610 8611 8692 8693 8694 8779 8780
moead,ns465,7,3,3400,68,154788158.131403,21.298103,0.333333,0.666667,7667 7735 7736 7737 7802 7803 7804 7805 7871 7872 7873 7874 7941 7942 7943 7944 7945 7946 8011 8012 8013 8014 8015 8016 8080 8081 8082 8083 8084 8085 8086 8152 8153 8154 8155 8156 8157 8225 8226 8227 8228 8229 8230 8296 8297 8298 8299 8300 8301 8302 8369 8370 8371 8372 8373 8374 8375 8446 8447 8448 8449 8450 8451 8525 8526 8527 8528 8529 8530 8607 8608 8609 8610 8611 8692 8693 8694 8779 8780
moead,ns465,7,4,3400,68,154788158.131403,21.298103,0.444444,0.555556,7667 7735 7736 7737 7802 7803 7804 7805 7871 7872 7873 7874 7941 7942 7943 7944 7945 7946 8011 8012 8013 8014 8015 8016 8080 8081 8082 8083 8084 8085 8086 8152 8153 8154 8155 8156 8157 8225 8226 8227 8228 8229 8230 8296 8297 8298 8299 8300 8301 8302 8369 8370 8371 8372 8373 8374 8375 8446 8447 8448 8449 8450 8451 8525 8526 8527 8528 8529 8530 8607 8608 8609 8610 8611 8692 8693 8694 8779 8780
moead,ns465,7,5,3400,68,154788158.131403,21.298103,0.555556,0.444444,7667 7735 7736 7737 7802 7803 7804 7805 7871 7872 7873 7874 7941 7942 7943 7944 7945 7946 8011 8012 8013 8014 8015 8016 8080 8081 8082 8083 8084 8085 8086 8152 8153 8154 8155 8156 8157 8225 8226 8227 8228 8229 8230 8296 8297 8298 8299 8300 8301 8302 8369 8370 8371 8372 8373 8374 8375 8446 8447 8448 8449 8450 8451 8525 8526 8527 8528 8529 8530 8607 8608 8609 8610 8611 8692 8693 8694 8779 8780
moead,ns465,7,6,3400,68,154788158.131403,21.298103,0.666667,0.333333,7667 7735 7736 7737 7802 7803 7804 7805 7871 7872 7873 7874 7941 7942 7943 7944 7945 7946 8011 8012 8013 8014 8015 8016 8080 8081 8082 8083 8084 8085 8086 8152 8153 8154 8155 8156 8157 8225 8226 8227 8228 8229 8230 8296 8297 8298 8299 8300 8301 8302 8369 8370 8371 8372 8373 8374 8375 8446 8447 8448 8449 8450 8451 8525 8526 8527 8528 8529 8530 8607 8608 8609 8610 8611 8692 8693 8694 8779 8780
moead,ns465,7,7,3400,68,154788158.131403,21.298103,0.777778,0.222222,7667 7735 7736 7737 7802 7803 7804 7805 7871 7872 7873 7874 7941 7942 7943 7944 7945 7946 8011 8012 8013 8014 8015 8016 8080 8081 8082 8083 8084 8085 8086 8152 8153 8154 8155 8156 8157 8225 8226 8227 8228 8229 8230 8296 8297 8298 8299 8300 8301 8302 8369 8370 8371 8372 8373 8374 8375 8446 8447 8448 8449 8450 8451 8525 8526 8527 8528 8529 8530 8607 8608 8609 8610 8611 8692 8693 8694 8779 8780
moead,ns465,7,8,3400,68,154788158.131403,21.298103,0.888889,0.111111,7667 7735 7736 7737 7802 7803 7804 7805 7871 7872 7873 7874 7941 7942 7943 7944 7945 7946 8011 8012 8013 8014 8015 8016 8080 8081 8082 8083 8084 8085 8086 8152 8153 8154 8155 8156 8157 8225 8226 8227 8228 8229 8230 8296 8297 8298 8299 8300 8301 8302 8369 8370 8371 8372 8373 8374 8375 8446 8447 8448 8449 8450 8451 8525 8526 8527 8528 8529 8530 8607 8608 8609 8610 8611 8692 8693 8694 8779 8780
moead,ns465,7,9,3400,68,154788158.131403,21.298103,1.000000,0.000000,7667 7735 7736 7737 7802 7803 7804 7805 7871 7872 7873 7874 7941 7942 7943 7944 7945 7946 8011 8012 8013 8014 8015 8016 8080 8081 8082 8083 8084 8085 8086 8152 8153 8154 8155 8156 8157 8225 8226 8227 8228 8229 8230 8296 8297 8298 8299 8300 8301 8302 8369 8370 8371 8372 8373 8374 8375 8446 8447 8448 8449 8450 8451 8525 8526 8527 8528 8529 8530 8607 8608 8609 8610 8611 8692 8693 8694 8779 8780
moead,ns465,7,0,3450,69,199482069.431759,253.594602,0.000000,1.000000,92 97 302 435 458 533 661 1076 1267 1897 1996 2254 2416 2463 2506 2650 2655 2930 3503 4107 4143 4404 4964 5021 5186 5445 5711 6105 6167 6317 6429 6470 6659 6818 6913 6917 7184 7209 7260 7265 7320 7460 7539 7657 7666 7745 7952 8181 8235 8697 9450 9807 10137 10159 10280 10286 10420 10458 10696 10897 11231 11253 11268 11278 11416 11591 11628 11674 11744 12467 12557 13354 13704 13902 14594 14652 14666 14673 14701
moead,ns465,7,1,3450,69,154788936.739338,24.375207,0.111111,0.888889,6433 7667 7735 7736 7737 7802 7803 7804 7805 7871 7872 7873 7874 7941 7942 7943 7944 7945 7946 8011 8012 8013 8014 8015 8016 8080 8081 8082 8083 8084 8085 8086 8152 8153 8154 8155 8156 8157 8225 8226 8227 8228 8229 8230 8297 8298 8299 8300 8301 8302 8369 8370 8371 8372 8373 8374 8375 8446 8447 8448 8449 8450 8451 8525 8526 8527 8528 8529 8530 8607 8608 8609 8610 8611 8692 8693 8694 8779 8780
moead,ns465,7,2,3450,69,154788936.739338,24.375207,0.222222,0.777778,6433 7667 7735 7736 7737 7802 7803 7804 7805 7871 7872 7873 7874 7941 7942 7943 7944 7945 7946 8011 8012 8013 8014 8015 8016 8080 8081 8082 8083 8084 8085 8086 8152 8153 8154 8155 8156 8157 8225 8226 8227 8228 8229 8230 8297 8298 8299 8300 8301 8302 8369 8370 8371 8372 8373 8374 8375 8446 8447 8448 8449 8450 8451 8525 8526 8527 8528 8529 8530 8607 8608 8609 8610 8611 8692 8693 8694 8779 8780
moead,ns465,7,3,3450,69,154788158.131403,21.298103,0.333333,0.666667,7667 7735 7736 7737 7802 7803 7804 7805 7871 7872 7873 7874 7941 7942 7943 7944 7945 7946 8011 8012 8013 8014 8015 8016 8080 8081 8082 8083 8084 8085 8086 8152 8153 8154 8155 8156 8157 8225 8226 8227 8228 8229 8230 8296 8297 8298 8299 8300 8301 8302 8369 8370 8371 8372 8373 8374 8375 8446 8447 8448 8449 8450 8451 8525 8526 8527 8528 8529 8530 8607 8608 8609 8610 8611 8692 8693 8694 8779 8780
moead,ns465,7,4,3450,69,154788158.131403,21.298103,0.444444,0.555556,7667 7735 7736 7737 7802 7803 7804 7805 7871 7872 7873 7874 7941 7942 7943 7944 7945 7946 8011 8012 8013 8014 8015 8016 8080 8081 8082 8083 8084 8085 8086 8152 8153 8154 8155 8156 8157 8225 8226 8227 8228 8229 8230 8296 8297 8298 8299 8300 8301 8302 8369 8370 8371 8372 8373 8374 8375 8446 8447 8448 8449 8450 8451 8525 8526 8527 8528 8529 8530 8607 8608 8609 8610 8611 8692 8693 8694 8779 8780
moead,ns465,7,5,3450,69,154788158.131403,21.298103,0.555556,0.444444,7667 7735 7736 7737 7802 7803 7804 7805 7871 7872 7873 7874 7941 7942 7943 7944 7945 7946 8011 8012 8013 8014 8015 8016 8080 8081 8082 8083 8084 8085 8086 8152 8153 8154 8155 8156 8157 8225 8226 8227 8228 8229 8230 8296 8297 8298 8299 8300 8301 8302 8369 8370 8371 8372 8373 8374 8375 8446 8447 8448 8449 8450 8451 8525 8526 8527 8528 8529 8530 8607 8608 8609 8610 8611 8692 8693 8694 8779 8780
moead,ns465,7,6,3450,69,154788158.131403,21.298103,0.666667,0.333333,7667 7735 7736 7737 7802 7803 7804 7805 7871 7872 7873 7874 7941 7942 7943 7944 7945 7946 8011 8012 8013 8014 8015 8016 8080 8081 8082 8083 8084 8085 8086 8152 8153 8154 8155 8156 8157 8225 8226 8227 8228 8229 8230 8296 8297 8298 8299 8300 8301 8302 8369 8370 8371 8372 8373 8374 8375 8446 8447 8448 8449 8450 8451 8525 8526 8527 8528 8529 8530 8607 8608 8609 8610 8611 8692 8693 8694 8779 8780
moead,ns465,7,7,3450,69,154788158.131403,21.298103,0.777778,0.222222,7667 7735 7736 7737 7802 7803 7804 7805 7871 7872 7873 7874 7941 7942 7943 7944 7945 7946 8011 8012 8013 8014 8015 8016 8080 8081 8082 8083 8084 8085 8086 8152 8153 8154 8155 8156 8157 8225 8226 8227 8228 8229 8230 8296 8297 8298 8299 8300 8301 8302 8369 8370 8371 8372 8373 8374 8375 8446 8447 8448 8449 8450 8451 8525 8526 8527 8528 8529 8530 8607 8608 8609 8610 8611 8692 8693 8694 8779 8780
moead,ns465,7,8,3450,69,154788158.131403,21.298103,0.888889,0.111111,7667 7735 7736 7737 7802 7803 7804 7805 7871 7872 7873 7874 7941 7942 7943 7944 7945 7946 8011 8012 8013 8014 8015 8016 8080 8081 8082 8083 8084 8085 8086 8152 8153 8154 8155 8156 8157 8225 8226 8227 8228 8229 8230 8296 8297 8298 8299 8300 8301 8302 8369 8370 8371 8372 8373 8374 8375 8446 8447 8448 8449 8450 8451 8525 8526 8527 8528 8529 8530 8607 8608 8609 8610 8611 8692 8693 8694 8779 8780
moead,ns465,7,9,3450,69,154788158.131403,21.298103,1.000000,0.000000,7667 7735 7736 7737 7802 7803 7804 7805 7871 7872 7873 7874 7941 7942 7943 7944 7945 7946 8011 8012 8013 8014 8015 8016 8080 8081 8082 8083 8084 8085 8086 8152 8153 8154 8155 8156 8157 8225 8226 8227 8228 8229 8230 8296 8297 8298 8299 8300 8301 8302 8369 8370 8371 8372 8373 8374 8375 8446 8447 8448 8449 8450 8451 8525 8526 8527 8528 8529 8530 8607 8608 8609 8610 8611 8692 8693 8694 8779 8780
moead,ns465,7,0,3500,70,199745255.800321,253.835474,0.000000,1.000000,92 97 302 435 458 533 661 1076 1267 1897 1996 2254 2416 2463 2506 2650 2655 2930 3503 4107 4143 4404 4964 5021 5186 5711 6105 6167 6317 6429 6470 6659 6818 6913 6917 7184 7209 7260 7265 7320 7460 7539 7657 7666 7745 7952 8181 8235 8697 9450 9807 10137 10159 10280 10286 10420 10458 10696 10897 11231 11253 11268 11286 11344 11349 11416 11591 11628 11674 11744 12467 12557 13354 13902 14594 14652 14666 14673 14701
moead,ns465,7,1,3500,70,154788936.739338,24.375207,0.111111,0.888889,6433 7667 7735 7736 7737 7802 7803 7804 7805 7871 7872 7873 7874 7941 7942 7943 7944 7945 7946 8011 8012 8013 8014 8015 8016 8080 8081 8082 8083 8084 8085 8086 8152 8153 8154 8155 8156 8157 8225 8226 8227 8228 8229 8230 8297 8298 8299 8300 8301 8302 8369 8370 8371 8372 8373 8374 8375 8446 8447 8448 8449 8450 8451 8525 8526 8527 8528 8529 8530 8607 8608 8609 8610 8611 8692 8693 8694 8779 8780
moead,ns465,7,2,3500,70,154788936.739338,24.375207,0.222222,0.777778,6433 7667 7735 7736 7737 7802 7803 7804 7805 7871 7872 7873 7874 7941 7942 7943 7944 7945 7946 8011 8012 8013 8014 8015 8016 8080 8081 8082 8083 8084 8085 8086 8152 8153 8154 8155 8156 8157 8225 8226 8227 8228 8229 8230 8297 8298 8299 8300 8301 8302 8369 8370 8371 8372 8373 8374 8375 8446 8447 8448 8449 8450 8451 8525 8526 8527 8528 8529 8530 8607 8608 8609 8610 8611 8692 8693 8694 8779 8780
moead,ns465,7,3,3500,70,154788158.131403,21.298103,0.333333,0.666667,7667 7735 7736 7737 7802 7803 7804 7805 7871 7872 7873 7874 7941 7942 7943 7944 7945 7946 8011 8012 8013 8014 8015 8016 8080 8081 8082 8083 8084 8085 8086 8152 8153 8154 8155 8156 8157 8225 8226 8227 8228 8229 8230 8296 8297 8298 8299 8300 8301 8302 8369 8370 8371 8372 8373 8374 8375 8446 8447 8448 8449 8450 8451 8525 8526 8527 8528 8529 8530 8607 8608 8609 8610 8611 8692 8693 8694 8779 8780
moead,ns465,7,4,3500,70,154788158.131403,21.298103,0.444444,0.555556,7667 7735 7736 7737 7802 7803 7804 7805 7871 7872 7873 7874 7941 7942 7943 7944 7945 7946 8011 8012 8013 8014 8015 8016 8080 8081 8082 8083 8084 8085 8086 8152 8153 8154 8155 8156 8157 8225 8226 8227 8228 8229 8230 8296 8297 8298 8299 8300 8301 8302 8369 8370 8371 8372 8373 8374 8375 8446 8447 8448 8449 8450 8451 8525 8526 8527 8528 8529 8530 8607 8608 8609 8610 8611 8692 8693 8694 8779 8780
moead,ns465,7,5,3500,70,154788158.131403,21.298103,0.555556,0.444444,7667 7735 7736 7737 7802 7803 7804 7805 7871 7872 7873 7874 7941 7942 7943 7944 7945 7946 8011 8012 8013 8014 8015 8016 8080 8081 8082 8083 8084 8085 8086 8152 8153 8154 8155 8156 8157 8225 8226 8227 8228 8229 8230 8296 8297 8298 8299 8300 8301 8302 8369 8370 8371 8372 8373 8374 8375 8446 8447 8448 8449 8450 8451 8525 8526 8527 8528 8529 8530 8607 8608 8609 8610 8611 8692 8693 8694 8779 8780
moead,ns465,7,6,3500,70,154788158.131403,21.298103,0.666667,0.333333,7667 7735 7736 7737 7802 7803 7804 7805 7871 7872 7873 7874 7941 7942 7943 7944 7945 7946 8011 8012 8013 8014 8015 8016 8080 8081 8082 8083 8084 8085 8086 8152 8153 8154 8155 8156 8157 8225 8226 8227 8228 8229 8230 8296 8297 8298 8299 8300 8301 8302 8369 8370 8371 8372 8373 8374 8375 8446 8447 8448 8449 8450 8451 8525 8526 8527 8528 8529 8530 8607 8608 8609 8610 8611 8692 8693 8694 8779 8780
moead,ns465,7,7,3500,70,154788158.131403,21.298103,0.777778,0.222222,7667 7735 7736 7737 7802 7803 7804 7805 7871 7872 7873 7874 7941 7942 7943 7944 7945 7946 8011 8012 8013 8014 8015 8016 8080 8081 8082 8083 8084 8085 8086 8152 8153 8154 8155 8156 8157 8225 8226 8227 8228 8229 8230 8296 8297 8298 8299 8300 8301 8302 8369 8370 8371 8372 8373 8374 8375 8446 8447 8448 8449 8450 8451 8525 8526 8527 8528 8529 8530 8607 8608 8609 8610 8611 8692 8693 8694 8779 8780
moead,ns465,7,8,3500,70,154788158.131403,21.298103,0.888889,0.111111,7667 7735 7736 7737 7802 7803 7804 7805 7871 7872 7873 7874 7941 7942 7943 7944 7945 7946 8011 8012 8013 8014 8015 8016 8080 8081 8082 8083 8084 8085 8086 8152 8153 8154 8155 8156 8157 8225 8226 8227 8228 8229 8230 8296 8297 8298 8299 8300 8301 8302 8369 8370 8371 8372 8373 8374 8375 8446 8447 8448 8449 8450 8451 8525 8526 8527 8528 8529 8530 8607 8608 8609 8610 8611 8692 8693 8694 8779 8780
moead,ns465,7,9,3500,70,154788158.131403,21.298103,1.000000,0.000000,7667 7735 7736 7737 7802 7803 7804 7805 7871 7872 7873 7874 7941 7942 7943 7944 7945 7946 8011 8012 8013 8014 8015 8016 8080 8081 8082 8083 8084 8085 8086 8152 8153 8154 8155 8156 8157 8225 8226 8227 8228 8229 8230 8296 8297 8298 8299 8300 8301 8302 8369 8370 8371 8372 8373 8374 8375 8446 8447 8448 8449 8450 8451 8525 8526 8527 8528 8529 8530 8607 8608 8609 8610 8611 8692 8693 8694 8779 8780
moead,ns465,7,0,3550,71,199745255.800321,253.835474,0.000000,1.000000,92 97 302 435 458 533 661 1076 1267 1897 1996 2254 2416 2463 2506 2650 2655 2930 3503 4107 4143 4404 4964 5021 5186 5711 6105 6167 6317 6429 6470 6659 6818 6913 6917 7184 7209 7260 7265 7320 7460 7539 7657 7666 7745 7952 8181 8235 8697 9450 9807 10137 10159 10280 10286 10420 10458 10696 10897 11231 11253 11268 11286 11344 11349 11416 11591 11628 11674 11744 12467 12557 13354 13902 14594 14652 14666 14673 14701
moead,ns465,7,1,3550,71,154786908.059986,21.298103,0.111111,0.888889,7667 7735 7736 7737 7802 7803 7804 7805 7871 7872 7873 7874 7941 7942 7943 7944 7945 7946 8011 8012 8013 8014 8015 8080 8081 8082 8083 8084 8085 8086 8152 8153 8154 8155 8156 8157 8225 8226 8227 8228 8229 8230 8296 8297 8298 8299 8300 8301 8302 8369 8370 8371 8372 8373 8374 8375 8446 8447 8448 8449 8450 8451 8525 8526 8527 8528 8529 8530 8607 8608 8609 8610 8611 8692 8693 8694 8695 8779 8780
moead,ns465,7,2,3550,71,154786908.059986,21.298103,0.222222,0.777778,7667 7735 7736 7737 7802 7803 7804 7805 7871 7872 7873 7874 7941 7942 7943 7944 7945 7946 8011 8012 8013 8014 8015 8080 8081 8082 8083 8084 8085 8086 8152 8153 8154 8155 8156 8157 8225 8226 8227 8228 8229 8230 8296 8297 8298 8299 8300 8301 8302 8369 8370 8371 8372 8373 8374 8375 8446 8447 8448 8449 8450 8451 8525 8526 8527 8528 8529 8530 8607 8608 8609 8610 8611 8692 8693 8694 8695 8779 8780
moead,ns465,7,3,3550,71,154786908.059986,21.298103,0.333333,0.666667,7667 7735 7736 7737 7802 7803 7804 7805 7871 7872 7873 7874 7941 7942 7943 7944 7945 7946 8011 8012 8013 8014 8015 8080 8081 8082 8083 8084 8085 8086 8152 8153 8154 8155 8156 8157 8225 8226 8227 8228 8229 8230 8296 8297 8298 8299 8300 8301 8302 8369 8370 8371 8372 8373 8374 8375 8446 8447 8448 8449 8450 8451 8525 8526 8527 8528 8529 8530 8607 8608 8609 8610 8611 8692 8693 8694 8695 8779 8780
moead,ns465,7,4,3550,71,154786908.059986,21.298103,0.444444,0.555556,7667 7735 7736 7737 7802 7803 7804 7805 7871 7872 7873 7874 7941 7942 7943 7944 7945 7946 8011 8012 8013 8014 8015 8080 8081 8082 8083 8084 8085 8086 8152 8153 8154 8155 8156 8157 8225 8226 8227 8228 8229 8230 8296 8297 8298 8299 8300 8301 8302 8369 8370 8371 8372 8373 8374 8375 8446 8447 8448 8449 8450 8451 8525 8526 8527 8528 8529 8530 8607 8608 8609 8610 8611 8692 8693 8694 8695 8779 8780
moead,ns465,7,5,3550,71,154786908.059986,21.298103,0.555556,0.444444,7667 7735 7736 7737 7802 7803 7804 7805 7871 7872 7873 7874 7941 7942 7943 7944 7945 7946 8011 8012 8013 8014 8015 8080 8081 8082 8083 8084 8085 8086 8152 8153 8154 8155 8156 8157 8225 8226 8227 8228 8229 8230 8296 8297 8298 8299 8300 8301 8302 8369 8370 8371 8372 8373 8374 8375 8446 8447 8448 8449 8450 8451 8525 8526 8527 8528 8529 8530 8607 8608 8609 8610 8611 8692 8693 8694 8695 8779 8780
moead,ns465,7,6,3550,71,154786908.059986,21.298103,0.666667,0.333333,7667 7735 7736 7737 7802 7803 7804 7805 7871 7872 7873 7874 7941 7942 7943 7944 7945 7946 8011 8012 8013 8014 8015 8080 8081 8082 8083 8084 8085 8086 8152 8153 8154 8155 8156 8157 8225 8226 8227 8228 8229 8230 8296 8297 8298 8299 8300 8301 8302 8369 8370 8371 8372 8373 8374 8375 8446 8447 8448 8449 8450 8451 8525 8526 8527 8528 8529 8530 8607 8608 8609 8610 8611 8692 8693 8694 8695 8779 8780
moead,ns465,7,7,3550,71,154786908.059986,21.298103,0.777778,0.222222,7667 7735 7736 7737 7802 7803 7804 7805 7871 7872 7873 7874 7941 7942 7943 7944 7945 7946 8011 8012 8013 8014 8015 8080 8081 8082 8083 8084 8085 8086 8152 8153 8154 8155 8156 8157 8225 8226 8227 8228 8229 8230 8296 8297 8298 8299 8300 8301 8302 8369 8370 8371 8372 8373 8374 8375 8446 8447 8448 8449 8450 8451 8525 8526 8527 8528 8529 8530 8607 8608 8609 8610 8611 8692 8693 8694 8695 8779 8780
moead,ns465,7,8,3550,71,154786908.059986,21.298103,0.888889,0.111111,7667 7735 7736 7737 7802 7803 7804 7805 7871 7872 7873 7874 7941 7942 7943 7944 7945 7946 8011 8012 8013 8014 8015 8080 8081 8082 8083 8084 8085 8086 8152 8153 8154 8155 8156 8157 8225 8226 8227 8228 8229 8230 8296 8297 8298 8299 8300 8301 8302 8369 8370 8371 8372 8373 8374 8375 8446 8447 8448 8449 8450 8451 8525 8526 8527 8528 8529 8530 8607 8608 8609 8610 8611 8692 8693 8694 8695 8779 8780
moead,ns465,7,9,3550,71,154786908.059986,21.298103,1.000000,0.000000,7667 7735 7736 7737 7802 7803 7804 7805 7871 7872 7873 7874 7941 7942 7943 7944 7945 7946 8011 8012 8013 8014 8015 8080 8081 8082 8083 8084 8085 8086 8152 8153 8154 8155 8156 8157 8225 8226 8227 8228 8229 8230 8296 8297 8298 8299 8300 8301 8302 8369 8370 8371 8372 8373 8374 8375 8446 8447 8448 8449 8450 8451 8525 8526 8527 8528 8529 8530 8607 8608 8609 8610 8611 8692 8693 8694 8695 8779 8780
moead,ns465,7,0,3600,72,199654721.068388,253.835474,0.000000,1.000000,92 97 302 435 458 533 661 1076 1897 1996 2254 2416 2463 2506 2650 2655 2930 3503 4107 4143 4404 4964 5021 5186 5711 6105 6167 6317 6429 6470 6659 6818 6913 6917 7184 7209 7260 7265 7320 7460 7539 7657 7666 7745 7952 8181 8235 8697 9450 9807 10137 10159 10280 10286 10420 10458 10696 10897 11067 11231 11253 11268 11286 11344 11349 11416 11591 11628 11674 11744 12467 12557 13354 13902 14594 14652 14666 14673 14701
moead,ns465,7,1,3600,72,154786908.059986,21.298103,0.111111,0.888889,7667 7735 7736 7737 7802 7803 7804 7805 7871 7872 7873 7874 7941 7942 7943 7944 7945 7946 8011 8012 8013 8014 8015 8080 8081 8082 8083 8084 8085 8086 8152 8153 8154 8155 8156 8157 8225 8226 8227 8228 8229 8230 8296 8297 8298 8299 8300 8301 8302 8369 8370 8371 8372 8373 8374 8375 8446 8447 8448 8449 8450 8451 8525 8526 8527 8528 8529 8530 8607 8608 8609 8610 8611 8692 8693 8694 8695 8779 8780
moead,ns465,7,2,3600,72,154786908.059986,21.298103,0.222222,0.777778,7667 7735 7736 7737 7802 7803 7804 7805 7871 7872 7873 7874 7941 7942 7943 7944 7945 7946 8011 8012 8013 8014 8015 8080 8081 8082 8083 8084 8085 8086 8152 8153 8154 8155 8156 8157 8225 8226 8227 8228 8229 8230 8296 8297 8298 8299 8300 8301 8302 8369 8370 8371 8372 8373 8374 8375 8446 8447 8448 8449 8450 8451 8525 8526 8527 8528 8529 8530 8607 8608 8609 8610 8611 8692 8693 8694 8695 8779 8780
moead,ns465,7,3,3600,72,154786908.059986,21.298103,0.333333,0.666667,7667 7735 7736 7737 7802 7803 7804 7805 7871 7872 7873 7874 7941 7942 7943 7944 7945 7946 8011 8012 8013 8014 8015 8080 8081 8082 8083 8084 8085 8086 8152 8153 8154 8155 8156 8157 8225 8226 8227 8228 8229 8230 8296 8297 8298 8299 8300 8301 8302 8369 8370 8371 8372 8373 8374 8375 8446 8447 8448 8449 8450 8451 8525 8526 8527 8528 8529 8530 8607 8608 8609 8610 8611 8692 8693 8694 8695 8779 8780
moead,ns465,7,4,3600,72,154786908.059986,21.298103,0.444444,0.555556,7667 7735 7736 7737 7802 7803 7804 7805 7871 7872 7873 7874 7941 7942 7943 7944 7945 7946 8011 8012 8013 8014 8015 8080 8081 8082 8083 8084 8085 8086 8152 8153 8154 8155 8156 8157 8225 8226 8227 8228 8229 8230 8296 8297 8298 8299 8300 8301 8302 8369 8370 8371 8372 8373 8374 8375 8446 8447 8448 8449 8450 8451 8525 8526 8527 8528 8529 8530 8607 8608 8609 8610 8611 8692 8693 8694 8695 8779 8780
moead,ns465,7,5,3600,72,154786908.059986,21.298103,0.555556,0.444444,7667 7735 7736 7737 7802 7803 7804 7805 7871 7872 7873 7874 7941 7942 7943 7944 7945 7946 8011 8012 8013 8014 8015 8080 8081 8082 8083 8084 8085 8086 8152 8153 8154 8155 8156 8157 8225 8226 8227 8228 8229 8230 8296 8297 8298 8299 8300 8301 8302 8369 8370 8371 8372 8373 8374 8375 8446 8447 8448 8449 8450 8451 8525 8526 8527 8528 8529 8530 8607 8608 8609 8610 8611 8692 8693 8694 8695 8779 8780
moead,ns465,7,6,3600,72,154786908.059986,21.298103,0.666667,0.333333,7667 7735 7736 7737 7802 7803 7804 7805 7871 7872 7873 7874 7941 7942 7943 7944 7945 7946 8011 8012 8013 8014 8015 8080 8081 8082 8083 8084 8085 8086 8152 8153 8154 8155 8156 8157 8225 8226 8227 8228 8229 8230 8296 8297 8298 8299 8300 8301 8302 8369 8370 8371 8372 8373 8374 8375 8446 8447 8448 8449 8450 8451 8525 8526 8527 8528 8529 8530 8607 8608 8609 8610 8611 8692 8693 8694 8695 8779 8780
moead,ns465,7,7,3600,72,154786908.059986,21.298103,0.777778,0.222222,7667 7735 7736 7737 7802 7803 7804 7805 7871 7872 7873 7874 7941 7942 7943 7944 7945 7946 8011 8012 8013 8014 8015 8080 8081 8082 8083 8084 8085 8086 8152 8153 8154 8155 8156 8157 8225 8226 8227 8228 8229 8230 8296 8297 8298 8299 8300 8301 8302 8369 8370 8371 8372 8373 8374 8375 8446 8447 8448 8449 8450 8451 8525 8526 8527 8528 8529 8530 8607 8608 8609 8610 8611 8692 8693 8694 8695 8779 8780
moead,ns465,7,8,3600,72,154786908.059986,21.298103,0.888889,0.111111,7667 7735 7736 7737 7802 7803 7804 7805 7871 7872 7873 7874 7941 7942 7943 7944 7945 7946 8011 8012 8013 8014 8015 8080 8081 8082 8083 8084 8085 8086 8152 8153 8154 8155 8156 8157 8225 8226 8227 8228 8229 8230 8296 8297 8298 8299 8300 8301 8302 8369 8370 8371 8372 8373 8374 8375 8446 8447 8448 8449 8450 8451 8525 8526 8527 8528 8529 8530 8607 8608 8609 8610 8611 8692 8693 8694 8695 8779 8780
moead,ns465,7,9,3600,72,154786908.059986,21.298103,1.000000,0.000000,7667 7735 7736 7737 7802 7803 7804 7805 7871 7872 7873 7874 7941 7942 7943 7944 7945 7946 8011 8012 8013 8014 8015 8080 8081 8082 8083 8084 8085 8086 8152 8153 8154 8155 8156 8157 8225 8226 8227 8228 8229 8230 8296 8297 8298 8299 8300 8301 8302 8369 8370 8371 8372 8373 8374 8375 8446 8447 8448 8449 8450 8451 8525 8526 8527 8528 8529 8530 8607 8608 8609 8610 8611 8692 8693 8694 8695 8779 8780
moead,ns465,7,0,3650,73,199654721.068388,253.835474,0.000000,1.000000,92 97 302 435 458 533 661 1076 1897 1996 2254 2416 2463 2506 2650 2655 2930 3503 4107 4143 4404 4964 5021 5186 5711 6105 6167 6317 6429 6470 6659 6818 6913 6917 7184 7209 7260 7265 7320 7460 7539 7657 7666 7745 7952 8181 8235 8697 9450 9807 10137 10159 10280 10286 10420 10458 10696 10897 11067 11231 11253 11268 11286 11344 11349 11416 11591 11628 11674 11744 12467 12557 13354 13902 14594 14652 14666 14673 14701
moead,ns465,7,1,3650,73,154788357.111891,26.870453,0.111111,0.888889,6433 7667 7735 7736 7737 7802 7803 7804 7805 7871 7872 7873 7874 7941 7942 7943 7944 7945 7946 8011 8012 8013 8014 8015 8016 8080 8081 8082 8083 8084 8085 8086 8152 8153 8154 8155 8156 8157 8225 8226 8227 8228 8229 8230 8297 8298 8299 8300 8301 8302 8369 8370 8371 8372 8373 8374 8375 8447 8448 8449 8450 8451 8525 8526 8527 8528 8529 8530 8607 8608 8609 8610 8611 8692 8693 8694 8695 8779 8780
moead,ns465,7,2,3650,73,154787578.503957,23.724576,0.222222,0.777778,7667 7735 7736 7737 7802 7803 7804 7805 7871 7872 7873 7874 7941 7942 7943 7944 7945 7946 8011 8012 8013 8014 8015 8016 8080 8081 8082 8083 8084 8085 8086 8152 8153 8154 8155 8156 8157 8225 8226 8227 8228 8229 8230 8296 8297 8298 8299 8300 8301 8302 8369 8370 8371 8372 8373 8374 8375 8447 8448 8449 8450 8451 8525 8526 8527 8528 8529 8530 8607 8608 8609 8610 8611 8692 8693 8694 8695 8779 8780
moead,ns465,7,3,3650,73,154786908.059986,21.298103,0.333333,0.666667,7667 7735 7736 7737 7802 7803 7804 7805 7871 7872 7873 7874 7941 7942 7943 7944 7945 7946 8011 8012 8013 8014 8015 8080 8081 8082 8083 8084 8085 8086 8152 8153 8154 8155 8156 8157 8225 8226 8227 8228 8229 8230 8296 8297 8298 8299 8300 8301 8302 8369 8370 8371 8372 8373 8374 8375 8446 8447 8448 8449 8450 8451 8525 8526 8527 8528 8529 8530 8607 8608 8609 8610 8611 8692 8693 8694 8695 8779 8780
moead,ns465,7,4,3650,73,154786908.059986,21.298103,0.444444,0.555556,7667 7735 7736 7737 7802 7803 7804 7805 7871 7872 7873 7874 7941 7942 7943 7944 7945 7946 8011 8012 8013 8014 8015 8080 8081 8082 8083 8084 8085 8086 8152 8153 8154 8155 8156 8157 8225 8226 8227 8228 8229 8230 8296 8297 8298 8299 8300 8301 8302 8369 8370 8371 8372 8373 8374 8375 8446 8447 8448 8449 8450 8451 8525 8526 8527 8528 8529 8530 8607 8608 8609 8610 8611 8692 8693 8694 8695 8779 8780
moead,ns465,7,5,3650,73,154786908.059986,21.298103,0.555556,0.444444,7667 7735 7736 7737 7802 7803 7804 7805 7871 7872 7873 7874 7941 7942 7943 7944 7945 7946 8011 8012 8013 8014 8015 8080 8081 8082 8083 8084 8085 8086 8152 8153 8154 8155 8156 8157 8225 8226 8227 8228 8229 8230 8296 8297 8298 8299 8300 8301 8302 8369 8370 8371 8372 8373 8374 8375 8446 8447 8448 8449 8450 8451 8525 8526 8527 8528 8529 8530 8607 8608 8609 8610 8611 8692 8693 8694 8695 8779 8780
moead,ns465,7,6,3650,73,154786908.059986,21.298103,0.666667,0.333333,7667 7735 7736 7737 7802 7803 7804 7805 7871 7872 7873 7874 7941 7942 7943 7944 7945 7946 8011 8012 8013 8014 8015 8080 8081 8082 8083 8084 8085 8086 8152 8153 8154 8155 8156 8157 8225 8226 8227 8228 8229 8230 8296 8297 8298 8299 8300 8301 8302 8369 8370 8371 8372 8373 8374 8375 8446 8447 8448 8449 8450 8451 8525 8526 8527 8528 8529 8530 8607 8608 8609 8610 8611 8692 8693 8694 8695 8779 8780
moead,ns465,7,7,3650,73,154786908.059986,21.298103,0.777778,0.222222,7667 7735 7736 7737 7802 7803 7804 7805 7871 7872 7873 7874 7941 7942 7943 7944 7945 7946 8011 8012 8013 8014 8015 8080 8081 8082 8083 8084 8085 8086 8152 8153 8154 8155 8156 8157 8225 8226 8227 8228 8229 8230 8296 8297 8298 8299 8300 8301 8302 8369 8370 8371 8372 8373 8374 8375 8446 8447 8448 8449 8450 8451 8525 8526 8527 8528 8529 8530 8607 8608 8609 8610 8611 8692 8693 8694 8695 8779 8780
moead,ns465,7,8,3650,73,154786908.059986,21.298103,0.888889,0.111111,7667 7735 7736 7737 7802 7803 7804 7805 7871 7872 7873 7874 7941 7942 7943 7944 7945 7946 8011 8012 8013 8014 8015 8080 8081 8082 8083 8084 8085 8086 8152 8153 8154 8155 8156 8157 8225 8226 8227 8228 8229 8230 8296 8297 8298 8299 8300 8301 8302 8369 8370 8371 8372 8373 8374 8375 8446 8447 8448 8449 8450 8451 8525 8526 8527 8528 8529 8530 8607 8608 8609 8610 8611 8692 8693 8694 8695 8779 8780
moead,ns465,7,9,3650,73,154786908.059986,21.298103,1.000000,0.000000,7667 7735 7736 7737 7802 7803 7804 7805 7871 7872 7873 7874 7941 7942 7943 7944 7945 7946 8011 8012 8013 8014 8015 8080 8081 8082 8083 8084 8085 8086 8152 8153 8154 8155 8156 8157 8225 8226 8227 8228 8229 8230 8296 8297 8298 8299 8300 8301 8302 8369 8370 8371 8372 8373 8374 8375 8446 8447 8448 8449 8450 8451 8525 8526 8527 8528 8529 8530 8607 8608 8609 8610 8611 8692 8693 8694 8695 8779 8780
moead,ns465,7,0,3700,74,199971437.378164,254.159377,0.000000,1.000000,92 97 302 435 458 533 661 1076 1897 1996 2254 2416 2506 2650 2655 2930 3503 4107 4143 4404 4964 5021 5186 5711 6105 6167 6317 6429 6470 6659 6818 6913 6917 6921 7184 7209 7260 7265 7320 7460 7539 7657 7666 7745 7952 8181 8235 8697 9807 10137 10159 10280 10286 10420 10458 10696 10897 11067 11231 11253 11268 11286 11344 11349 11416 11591 11628 11674 11744 12467 12557 13354 13902 14219 14594 14652 14666 14673 14701
moead,ns465,7,1,3700,74,154788357.111891,26.870453,0.111111,0.888889,6433 7667 7735 7736 7737 7802 7803 7804 7805 7871 7872 7873 7874 7941 7942 7943 7944 7945 7946 8011 8012 8013 8014 8015 8016 8080 8081 8082 8083 8084 8085 8086 8152 8153 8154 8155 8156 8157 8225 8226 8227 8228 8229 8230 8297 8298 8299 8300 8301 8302 8369 8370 8371 8372 8373 8374 8375 8447 8448 8449 8450 8451 8525 8526 8527 8528 8529 8530 8607 8608 8609 8610 8611 8692 8693 8694 8695 8779 8780
moead,ns465,7,2,3700,74,154787578.503956,23.724576,0.222222,0.777778,7667 7735 7736 7737 7802 7803 7804 7805 7871 7872 7873 7874 7941 7942 7943 7944 7945 7946 8011 8012 8013 8014 8015 8016 8080 8081 8082 8083 8084 8085 8086 8152 8153 8154 8155 8156 8157 8225 8226 8227 8228 8229 8230 8296 8297 8298 8299 8300 8301 8302 8369 8370 8371 8372 8373 8374 8375 8447 8448 8449 8450 8451 8525 8526 8527 8528 8529 8530 8607 8608 8609 8610 8611 8692 8693 8694 8695 8779 8780
moead,ns465,7,3,3700,74,154786908.059986,21.298103,0.333333,0.666667,7667 7735 7736 7737 7802 7803 7804 7805 7871 7872 7873 7874 7941 7942 7943 7944 7945 7946 8011 8012 8013 8014 8015 8080 8081 8082 8083 8084 8085 8086 8152 8153 8154 8155 8156 8157 8225 8226 8227 8228 8229 8230 8296 8297 8298 8299 8300 8301 8302 8369 8370 8371 8372 8373 8374 8375 8446 8447 8448 8449 8450 8451 8525 8526 8527 8528 8529 8530 8607 8608 8609 8610 8611 8692 8693 8694 8695 8779 8780
moead,ns465,7,4,3700,74,154786908.059986,21.298103,0.444444,0.555556,7667 7735 7736 7737 7802 7803 7804 7805 7871 7872 7873 7874 7941 7942 7943 7944 7945 7946 8011 8012 8013 8014 8015 8080 8081 8082 8083 8084 8085 8086 8152 8153 8154 8155 8156 8157 8225 8226 8227 8228 8229 8230 8296 8297 8298 8299 8300 8301 8302 8369 8370 8371 8372 8373 8374 8375 8446 8447 8448 8449 8450 8451 8525 8526 8527 8528 8529 8530 8607 8608 8609 8610 8611 8692 8693 8694 8695 8779 8780
moead,ns465,7,5,3700,74,154786908.059986,21.298103,0.555556,0.444444,7667 7735 7736 7737 7802 7803 7804 7805 7871 7872 7873 7874 7941 7942 7943 7944 7945 7946 8011 8012 8013 8014 8015 8080 8081 8082 8083 8084 8085 8086 8152 8153 8154 8155 8156 8157 8225 8226 8227 8228 8229 8230 8296 8297 8298 8299 8300 8301 8302 8369 8370 8371 8372 8373 8374 8375 8446 8447 8448 8449 8450 8451 8525 8526 8527 8528 8529 8530 8607 8608 8609 8610 8611 8692 8693 8694 8695 8779 8780
moead,ns465,7,6,3700,74,154786908.059986,21.298103,0.666667,0.333333,7667 7735 7736 7737 7802 7803 7804 7805 7871 7872 7873 7874 7941 7942 7943 7944 7945 7946 8011 8012 8013 8014 8015 8080 8081 8082 8083 8084 8085 8086 8152 8153 8154 8155 8156 8157 8225 8226 8227 8228 8229 8230 8296 8297 8298 8299 8300 8301 8302 8369 8370 8371 8372 8373 8374 8375 8446 8447 8448 8449 8450 8451 8525 8526 8527 8528 8529 8530 8607 8608 8609 8610 8611 8692 8693 8694 8695 8779 8780
moead,ns465,7,7,3700,74,154786908.059986,21.298103,0.777778,0.222222,7667 7735 7736 7737 7802 7803 7804 7805 7871 7872 7873 7874 7941 7942 7943 7944 7945 7946 8011 8012 8013 8014 8015 8080 8081 8082 8083 8084 8085 8086 8152 8153 8154 8155 8156 8157 8225 8226 8227 8228 8229 8230 8296 8297 8298 8299 8300 8301 8302 8369 8370 8371 8372 8373 8374 8375 8446 8447 8448 8449 8450 8451 8525 8526 8527 8528 8529 8530 8607 8608 8609 8610 8611 8692 8693 8694 8695 8779 8780
moead,ns465,7,8,3700,74,154786908.059986,21.298103,0.888889,0.111111,7667 7735 7736 7737 7802 7803 7804 7805 7871 7872 7873 7874 7941 7942 7943 7944 7945 7946 8011 8012 8013 8014 8015 8080 8081 8082 8083 8084 8085 8086 8152 8153 8154 8155 8156 8157 8225 8226 8227 8228 8229 8230 8296 8297 8298 8299 8300 8301 8302 8369 8370 8371 8372 8373 8374 8375 8446 8447 8448 8449 8450 8451 8525 8526 8527 8528 8529 8530 8607 8608 8609 8610 8611 8692 8693 8694 8695 8779 8780
moead,ns465,7,9,3700,74,154786908.059986,21.298103,1.000000,0.000000,7667 7735 7736 7737 7802 7803 7804 7805 7871 7872 7873 7874 7941 7942 7943 7944 7945 7946 8011 8012 8013 8014 8015 8080 8081 8082 8083 8084 8085 8086 8152 8153 8154 8155 8156 8157 8225 8226 8227 8228 8229 8230 8296 8297 8298 8299 8300 8301 8302 8369 8370 8371 8372 8373 8374 8375 8446 8447 8448 8449 8450 8451 8525 8526 8527 8528 8529 8530 8607 8608 8609 8610 8611 8692 8693 8694 8695 8779 8780
moead,ns465,7,0,3750,75,199366322.098774,254.159377,0.000000,1.000000,92 97 302 435 458 533 661 1076 1897 1996 2254 2506 2650 2655 2930 3156 3355 3503 4107 4143 4404 4964 5021 5186 5711 6105 6167 6317 6429 6470 6659 6818 6913 6917 6921 7184 7209 7260 7265 7320 7460 7539 7657 7666 7745 7952 8181 8235 8697 9807 10159 10280 10286 10420 10458 10696 10897 11067 11231 11253 11268 11286 11344 11349 11416 11591 11628 11674 11744 12467 12557 13354 13902 14219 14594 14652 14666 14673 14701
moead,ns465,7,1,3750,75,154784321.148990,21.298103,0.111111,0.888889,7667 7735 7736 7737 7802 7803 7804 7805 7871 7872 7873 7874 7941 7942 7943 7944 7945 7946 8011 8012 8013 8014 8015 8016 8080 8081 8082 8083 8084 8085 8086 8152 8153 8154 8155 8156 8157 8225 8226 8227 8228 8229 8230 8297 8298 8299 8300 8301 8302 8369 8370 8371 8372 8373 8374 8375 8446 8447 8448 8449 8450 8451 8525 8526 8527 8528 8529 8530 8607 8608 8609 8610 8611 8692 8693 8694 8695 8779 8780
moead,ns465,7,2,3750,75,154784321.148990,21.298103,0.222222,0.777778,7667 7735 7736 7737 7802 7803 7804 7805 7871 7872 7873 7874 7941 7942 7943 7944 7945 7946 8011 8012 8013 8014 8015 8016 8080 8081 8082 8083 8084 8085 8086 8152 8153 8154 8155 8156 8157 8225 8226 8227 8228 8229 8230 8297 8298 8299 8300 8301 8302 8369 8370 8371 8372 8373 8374 8375 8446 8447 8448 8449 8450 8451 8525 8526 8527 8528 8529 8530 8607 8608 8609 8610 8611 8692 8693 8694 8695 8779 8780
moead,ns465,7,3,3750,75,154784321.148990,21.298103,0.333333,0.666667,7667 7735 7736 7737 7802 7803 7804 7805 7871 7872 7873 7874 7941 7942 7943 7944 7945 7946 8011 8012 8013 8014 8015 8016 8080 8081 8082 8083 8084 8085 8086 8152 8153 8154 8155 8156 8157 8225 8226 8227 8228 8229 8230 8297 8298 8299 8300 8301 8302 8369 8370 8371 8372 8373 8374 8375 8446 8447 8448 8449 8450 8451 8525 8526 8527 8528 8529 8530 8607 8608 8609 8610 8611 8692 8693 8694 8695 8779 8780
moead,ns465,7,4,3750,75,154784321.148990,21.298103,0.444444,0.555556,7667 7735 7736 7737 7802 7803 7804 7805 7871 7872 7873 7874 7941 7942 7943 7944 7945 7946 8011 8012 8013 8014 8015 8016 8080 8081 8082 8083 8084 8085 8086 8152 8153 8154 8155 8156 8157 8225 8226 8227 8228 8229 8230 8297 8298 8299 8300 8301 8302 8369 8370 8371 8372 8373 8374 8375 8446 8447 8448 8449 8450 8451 8525 8526 8527 8528 8529 8530 8607 8608 8609 8610 8611 8692 8693 8694 8695 8779 8780
moead,ns465,7,5,3750,75,154784321.148990,21.298103,0.555556,0.444444,7667 7735 7736 7737 7802 7803 7804 7805 7871 7872 7873 7874 7941 7942 7943 7944 7945 7946 8011 8012 8013 8014 8015 8016 8080 8081 8082 8083 8084 8085 8086 8152 8153 8154 8155 8156 8157 8225 8226 8227 8228 8229 8230 8297 8298 8299 8300 8301 8302 8369 8370 8371 8372 8373 8374 8375 8446 8447 8448 8449 8450 8451 8525 8526 8527 8528 8529 8530 8607 8608 8609 8610 8611 8692 8693 8694 8695 8779 8780
moead,ns465,7,6,3750,75,154784321.148990,21.298103,0.666667,0.333333,7667 7735 7736 7737 7802 7803 7804 7805 7871 7872 7873 7874 7941 7942 7943 7944 7945 7946 8011 8012 8013 8014 8015 8016 8080 8081 8082 8083 8084 8085 8086 8152 8153 8154 8155 8156 8157 8225 8226 8227 8228 8229 8230 8297 8298 8299 8300 8301 8302 8369 8370 8371 8372 8373 8374 8375 8446 8447 8448 8449 8450 8451 8525 8526 8527 8528 8529 8530 8607 8608 8609 8610 8611 8692 8693 8694 8695 8779 8780
moead,ns465,7,7,3750,75,154784321.148990,21.298103,0.777778,0.222222,7667 7735 7736 7737 7802 7803 7804 7805 7871 7872 7873 7874 7941 7942 7943 7944 7945 7946 8011 8012 8013 8014 8015 8016 8080 8081 8082 8083 8084 8085 8086 8152 8153 8154 8155 8156 8157 8225 8226 8227 8228 8229 8230 8297 8298 8299 8300 8301 8302 8369 8370 8371 8372 8373 8374 8375 8446 8447 8448 8449 8450 8451 8525 8526 8527 8528 8529 8530 8607 8608 8609 8610 8611 8692 8693 8694 8695 8779 8780
moead,ns465,7,8,3750,75,154784321.148990,21.298103,0.888889,0.111111,7667 7735 7736 7737 7802 7803 7804 7805 7871 7872 7873 7874 7941 7942 7943 7944 7945 7946 8011 8012 8013 8014 8015 8016 8080 8081 8082 8083 8084 8085 8086 8152 8153 8154 8155 8156 8157 8225 8226 8227 8228 8229 8230 8297 8298 8299 8300 8301 8302 8369 8370 8371 8372 8373 8374 8375 8446 8447 8448 8449 8450 8451 8525 8526 8527 8528 8529 8530 8607 8608 8609 8610 8611 8692 8693 8694 8695 8779 8780
moead,ns465,7,9,3750,75,154784321.148990,21.298103,1.000000,0.000000,7667 7735 7736 7737 7802 7803 7804 7805 7871 7872 7873 7874 7941 7942 7943 7944 7945 7946 8011 8012 8013 8014 8015 8016 8080 8081 8082 8083 8084 8085 8086 8152 8153 8154 8155 8156 8157 8225 8226 8227 8228 8229 8230 8297 8298 8299 8300 8301 8302 8369 8370 8371 8372 8373 8374 8375 8446 8447 8448 8449 8450 8451 8525 8526 8527 8528 8529 8530 8607 8608 8609 8610 8611 8692 8693 8694 8695 8779 8780
moead,ns465,7,0,3800,76,198555969.570828,254.159377,0.000000,1.000000,92 97 302 435 458 533 661 1076 1996 2254 2506 2650 2655 2930 3156 3355 3503 4107 4143 4404 4964 5021 5186 5711 6105 6167 6317 6429 6470 6659 6818 6913 6917 6921 7184 7209 7260 7265 7320 7460 7539 7608 7657 7666 7745 7952 8181 8235 8697 8896 9807 10159 10280 10286 10420 10458 10696 10897 11067 11231 11253 11268 11286 11344 11349 11416 11591 11628 11674 11744 12467 12557 13354 14219 14594 14652 14666 14673 14701
moead,ns465,7,1,3800,76,154784321.148990,21.298103,0.111111,0.888889,7667 7735 7736 7737 7802 7803 7804 7805 7871 7872 7873 7874 7941 7942 7943 7944 7945 7946 8011 8012 8013 8014 8015 8016 8080 8081 8082 8083 8084 8085 8086 8152 8153 8154 8155 8156 8157 8225 8226 8227 8228 8229 8230 8297 8298 8299 8300 8301 8302 8369 8370 8371 8372 8373 8374 8375 8446 8447 8448 8449 8450 8451 8525 8526 8527 8528 8529 8530 8607 8608 8609 8610 8611 8692 8693 8694 8695 8779 8780
moead,ns465,7,2,3800,76,154784321.148990,21.298103,0.222222,0.777778,7667 7735 7736 7737 7802 7803 7804 7805 7871 7872 7873 7874 7941 7942 7943 7944 7945 7946 8011 8012 8013 8014 8015 8016 8080 8081 8082 8083 8084 8085 8086 8152 8153 8154 8155 8156 8157 8225 8226 8227 8228 8229 8230 8297 8298 8299 8300 8301 8302 8369 8370 8371 8372 8373 8374 8375 8446 8447 8448 8449 8450 8451 8525 8526 8527 8528 8529 8530 8607 8608 8609 8610 8611 8692 8693 8694 8695 8779 8780
moead,ns465,7,3,3800,76,154784321.148990,21.298103,0.333333,0.666667,7667 7735 7736 7737 7802 7803 7804 7805 7871 7872 7873 7874 7941 7942 7943 7944 7945 7946 8011 8012 8013 8014 8015 8016 8080 8081 8082 8083 8084 8085 8086 8152 8153 8154 8155 8156 8157 8225 8226 8227 8228 8229 8230 8297 8298 8299 8300 8301 8302 8369 8370 8371 8372 8373 8374 8375 8446 8447 8448 8449 8450 8451 8525 8526 8527 8528 8529 8530 8607 8608 8609 8610 8611 8692 8693 8694 8695 8779 8780
moead,ns465,7,4,3800,76,154784321.148990,21.298103,0.444444,0.555556,7667 7735 7736 7737 7802 7803 7804 7805 7871 7872 7873 7874 7941 7942 7943 7944 7945 7946 8011 8012 8013 8014 8015 8016 8080 8081 8082 8083 8084 8085 8086 8152 8153 8154 8155 8156 8157 8225 8226 8227 8228 8229 8230 8297 8298 8299 8300 8301 8302 8369 8370 8371 8372 8373 8374 8375 8446 8447 8448 8449 8450 8451 8525 8526 8527 8528 8529 8530 8607 8608 8609 8610 8611 8692 8693 8694 8695 8779 8780
moead,ns465,7,5,3800,76,154784321.148990,21.298103,0.555556,0.444444,7667 7735 7736 7737 7802 7803 7804 7805 7871 7872 7873 7874 7941 7942 7943 7944 7945 7946 8011 8012 8013 8014 8015 8016 8080 8081 8082 8083 8084 8085 8086 8152 8153 8154 8155 8156 8157 8225 8226 8227 8228 8229 8230 8297 8298 8299 8300 8301 8302 8369 8370 8371 8372 8373 8374 8375 8446 8447 8448 8449 8450 8451 8525 8526 8527 8528 8529 8530 8607 8608 8609 8610 8611 8692 8693 8694 8695 8779 8780
moead,ns465,7,6,3800,76,154784321.148990,21.298103,0.666667,0.333333,7667 7735 7736 7737 7802 7803 7804 7805 7871 7872 7873 7874 7941 7942 7943 7944 7945 7946 8011 8012 8013 8014 8015 8016 8080 8081 8082 8083 8084 8085 8086 8152 8153 8154 8155 8156 8157 8225 8226 8227 8228 8229 8230 8297 8298 8299 8300 8301 8302 8369 8370 8371 8372 8373 8374 8375 8446 8447 8448 8449 8450 8451 8525 8526 8527 8528 8529 8530 8607 8608 8609 8610 8611 8692 8693 8694 8695 8779 8780
moead,ns465,7,7,3800,76,154784321.148990,21.298103,0.777778,0.222222,7667 7735 7736 7737 7802 7803 7804 7805 7871 7872 7873 7874 7941 7942 7943 7944 7945 7946 8011 8012 8013 8014 8015 8016 8080 8081 8082 8083 8084 8085 8086 8152 8153 8154 8155 8156 8157 8225 8226 8227 8228 8229 8230 8297 8298 8299 8300 8301 8302 8369 8370 8371 8372 8373 8374 8375 8446 8447 8448 8449 8450 8451 8525 8526 8527 8528 8529 8530 8607 8608 8609 8610 8611 8692 8693 8694 8695 8779 8780
moead,ns465,7,8,3800,76,154784321.148990,21.298103,0.888889,0.111111,7667 7735 7736 7737 7802 7803 7804 7805 7871 7872 7873 7874 7941 7942 7943 7944 7945 7946 8011 8012 8013 8014 8015 8016 8080 8081 8082 8083 8084 8085 8086 8152 8153 8154 8155 8156 8157 8225 8226 8227 8228 8229 8230 8297 8298 8299 8300 8301 8302 8369 8370 8371 8372 8373 8374 8375 8446 8447 8448 8449 8450 8451 8525 8526 8527 8528 8529 8530 8607 8608 8609 8610 8611 8692 8693 8694 8695 8779 8780
moead,ns465,7,9,3800,76,154784321.148990,21.298103,1.000000,0.000000,7667 7735 7736 7737 7802 7803 7804 7805 7871 7872 7873 7874 7941 7942 7943 7944 7945 7946 8011 8012 8013 8014 8015 8016 8080 8081 8082 8083 8084 8085 8086 8152 8153 8154 8155 8156 8157 8225 8226 8227 8228 8229 8230 8297 8298 8299 8300 8301 8302 8369 8370 8371 8372 8373 8374 8375 8446 8447 8448 8449 8450 8451 8525 8526 8527 8528 8529 8530 8607 8608 8609 8610 8611 8692 8693 8694 8695 8779 8780
moead,ns465,7,0,3850,77,198634316.004500,254.159377,0.000000,1.000000,92 97 302 435 458 533 661 1076 1267 1996 2254 2506 2650 2655 2930 3156 3355 3503 4107 4143 4404 4964 5021 5186 5711 6105 6167 6317 6429 6470 6659 6818 6913 6917 6921 7184 7209 7260 7265 7320 7460 7539 7608 7657 7666 7745 7952 8181 8235 8697 8896 9807 10159 10280 10286 10420 10458 10696 10897 11067 11231 11253 11268 11286 11344 11349 11416 11591 11628 11674 11744 12467 12557 14219 14594 14652 14666 14673 14701
moead,ns465,7,1,3850,77,154784321.148990,21.298103,0.111111,0.888889,7667 7735 7736 7737 7802 7803 7804 7805 7871 7872 7873 7874 7941 7942 7943 7944 7945 7946 8011 8012 8013 8014 8015 8016 8080 8081 8082 8083 8084 8085 8086 8152 8153 8154 8155 8156 8157 8225 8226 8227 8228 8229 8230 8297 8298 8299 8300 8301 8302 8369 8370 8371 8372 8373 8374 8375 8446 8447 8448 8449 8450 8451 8525 8526 8527 8528 8529 8530 8607 8608 8609 8610 8611 8692 8693 8694 8695 8779 8780
moead,ns465,7,2,3850,77,154784321.148990,21.298103,0.222222,0.777778,7667 7735 7736 7737 7802 7803 7804 7805 7871 7872 7873 7874 7941 7942 7943 7944 7945 7946 8011 8012 8013 8014 8015 8016 8080 8081 8082 8083 8084 8085 8086 8152 8153 8154 8155 8156 8157 8225 8226 8227 8228 8229 8230 8297 8298 8299 8300 8301 8302 8369 8370 8371 8372 8373 8374 8375 8446 8447 8448 8449 8450 8451 8525 8526 8527 8528 8529 8530 8607 8608 8609 8610 8611 8692 8693 8694 8695 8779 8780
moead,ns465,7,3,3850,77,154784321.148990,21.298103,0.333333,0.666667,7667 7735 7736 7737 7802 7803 7804 7805 7871 7872 7873 7874 7941 7942 7943 7944 7945 7946 8011 8012 8013 8014 8015 8016 8080 8081 8082 8083 8084 8085 8086 8152 8153 8154 8155 8156 8157 8225 8226 8227 8228 8229 8230 8297 8298 8299 8300 8301 8302 8369 8370 8371 8372 8373 8374 8375 8446 8447 8448 8449 8450 8451 8525 8526 8527 8528 8529 8530 8607 8608 8609 8610 8611 8692 8693 8694 8695 8779 8780
moead,ns465,7,4,3850,77,154784321.148990,21.298103,0.444444,0.555556,7667 7735 7736 7737 7802 7803 7804 7805 7871 7872 7873 7874 7941 7942 7943 7944 7945 7946 8011 8012 8013 8014 8015 8016 8080 8081 8082 8083 8084 8085 8086 8152 8153 8154 8155 8156 8157 8225 8226 8227 8228 8229 8230 8297 8298 8299 8300 8301 8302 8369 8370 8371 8372 8373 8374 8375 8446 8447 8448 8449 8450 8451 8525 8526 8527 8528 8529 8530 8607 8608 8609 8610 8611 8692 8693 8694 8695 8779 8780
moead,ns465,7,5,3850,77,154784321.148990,21.298103,0.555556,0.444444,7667 7735 7736 7737 7802 7803 7804 7805 7871 7872 7873 7874 7941 7942 7943 7944 7945 7946 8011 8012 8013 8014 8015 8016 8080 8081 8082 8083 8084 8085 8086 8152 8153 8154 8155 8156 8157 8225 8226 8227 8228 8229 8230 8297 8298 8299 8300 8301 8302 8369 8370 8371 8372 8373 8374 8375 8446 8447 8448 8449 8450 8451 8525 8526 8527 8528 8529 8530 8607 8608 8609 8610 8611 8692 8693 8694 8695 8779 8780
moead,ns465,7,6,3850,77,154784321.148990,21.298103,0.666667,0.333333,7667 7735 7736 7737 7802 7803 7804 7805 7871 7872 7873 7874 7941 7942 7943 7944 7945 7946 8011 8012 8013 8014 8015 8016 8080 8081 8082 8083 8084 8085 8086 8152 8153 8154 8155 8156 8157 8225 8226 8227 8228 8229 8230 8297 8298 8299 8300 8301 8302 8369 8370 8371 8372 8373 8374 8375 8446 8447 8448 8449 8450 8451 8525 8526 8527 8528 8529 8530 8607 8608 8609 8610 8611 8692 8693 8694 8695 8779 8780
moead,ns465,7,7,3850,77,154784321.148990,21.298103,0.777778,0.222222,7667 7735 7736 7737 7802 7803 7804 7805 7871 7872 7873 7874 7941 7942 7943 7944 7945 7946 8011 8012 8013 8014 8015 8016 8080 8081 8082 8083 8084 8085 8086 8152 8153 8154 8155 8156 8157 8225 8226 8227 8228 8229 8230 8297 8298 8299 8300 8301 8302 8369 8370 8371 8372 8373 8374 8375 8446 8447 8448 8449 8450 8451 8525 8526 8527 8528 8529 8530 8607 8608 8609 8610 8611 8692 8693 8694 8695 8779 8780
moead,ns465,7,8,3850,77,154784321.148990,21.298103,0.888889,0.111111,7667 7735 7736 7737 7802 7803 7804 7805 7871 7872 7873 7874 7941 7942 7943 7944 7945 7946 8011 8012 8013 8014 8015 8016 8080 8081 8082 8083 8084 8085 8086 8152 8153 8154 8155 8156 8157 8225 8226 8227 8228 8229 8230 8297 8298 8299 8300 8301 8302 8369 8370 8371 8372 8373 8374 8375 8446 8447 8448 8449 8450 8451 8525 8526 8527 8528 8529 8530 8607 8608 8609 8610 8611 8692 8693 8694 8695 8779 8780
moead,ns465,7,9,3850,77,154784321.148990,21.298103,1.000000,0.000000,7667 7735 7736 7737 7802 7803 7804 7805 7871 7872 7873 7874 7941 7942 7943 7944 7945 7946 8011 8012 8013 8014 8015 8016 8080 8081 8082 8083 8084 8085 8086 8152 8153 8154 8155 8156 8157 8225 8226 8227 8228 8229 8230 8297 8298 8299 8300 8301 8302 8369 8370 8371 8372 8373 8374 8375 8446 8447 8448 8449 8450 8451 8525 8526 8527 8528 8529 8530 8607 8608 8609 8610 8611 8692 8693 8694 8695 8779 8780
moead,ns465,7,0,3900,78,198634316.004500,254.159377,0.000000,1.000000,92 97 302 435 458 533 661 1076 1267 1996 2254 2506 2650 2655 2930 3156 3355 3503 4107 4143 4404 4964 5021 5186 5711 6105 6167 6317 6429 6470 6659 6818 6913 6917 6921 7184 7209 7260 7265 7320 7460 7539 7608 7657 7666 7745 7952 8181 8235 8697 8896 9807 10159 10280 10286 10420 10458 10696 10897 11067 11231 11253 11268 11286 11344 11349 11416 11591 11628 11674 11744 12467 12557 14219 14594 14652 14666 14673 14701
moead,ns465,7,1,3900,78,154784321.148990,21.298103,0.111111,0.888889,7667 7735 7736 7737 7802 7803 7804 7805 7871 7872 7873 7874 7941 7942 7943 7944 7945 7946 8011 8012 8013 8014 8015 8016 8080 8081 8082 8083 8084 8085 8086 8152 8153 8154 8155 8156 8157 8225 8226 8227 8228 8229 8230 8297 8298 8299 8300 8301 8302 8369 8370 8371 8372 8373 8374 8375 8446 8447 8448 8449 8450 8451 8525 8526 8527 8528 8529 8530 8607 8608 8609 8610 8611 8692 8693 8694 8695 8779 8780
moead,ns465,7,2,3900,78,154784321.148990,21.298103,0.222222,0.777778,7667 7735 7736 7737 7802 7803 7804 7805 7871 7872 7873 7874 7941 7942 7943 7944 7945 7946 8011 8012 8013 8014 8015 8016 8080 8081 8082 8083 8084 8085 8086 8152 8153 8154 8155 8156 8157 8225 8226 8227 8228 8229 8230 8297 8298 8299 8300 8301 8302 8369 8370 8371 8372 8373 8374 8375 8446 8447 8448 8449 8450 8451 8525 8526 8527 8528 8529 8530 8607 8608 8609 8610 8611 8692 8693 8694 8695 8779 8780
moead,ns465,7,3,3900,78,154784321.148990,21.298103,0.333333,0.666667,7667 7735 7736 7737 7802 7803 7804 7805 7871 7872 7873 7874 7941 7942 7943 7944 7945 7946 8011 8012 8013 8014 8015 8016 8080 8081 8082 8083 8084 8085 8086 8152 8153 8154 8155 8156 8157 8225 8226 8227 8228 8229 8230 8297 8298 8299 8300 8301 8302 8369 8370 8371 8372 8373 8374 8375 8446 8447 8448 8449 8450 8451 8525 8526 8527 8528 8529 8530 8607 8608 8609 8610 8611 8692 8693 8694 8695 8779 8780
moead,ns465,7,4,3900,78,154784321.148990,21.298103,0.444444,0.555556,7667 7735 7736 7737 7802 7803 7804 7805 7871 7872 7873 7874 7941 7942 7943 7944 7945 7946 8011 8012 8013 8014 8015 8016 8080 8081 8082 8083 8084 8085 8086 8152 8153 8154 8155 8156 8157 8225 8226 8227 8228 8229 8230 8297 8298 8299 8300 8301 8302 8369 8370 8371 8372 8373 8374 8375 8446 8447 8448 8449 8450 8451 8525 8526 8527 8528 8529 8530 8607 8608 8609 8610 8611 8692 8693 8694 8695 8779 8780
moead,ns465,7,5,3900,78,154784321.148990,21.298103,0.555556,0.444444,7667 7735 7736 7737 7802 7803 7804 7805 7871 7872 7873 7874 7941 7942 7943 7944 7945 7946 8011 8012 8013 8014 8015 8016 8080 8081 8082 8083 8084 8085 8086 8152 8153 8154 8155 8156 8157 8225 8226 8227 8228 8229 8230 8297 8298 8299 8300 8301 8302 8369 8370 8371 8372 8373 8374 8375 8446 8447 8448 8449 8450 8451 8525 8526 8527 8528 8529 8530 8607 8608 8609 8610 8611 8692 8693 8694 8695 8779 8780
moead,ns465,7,6,3900,78,154784321.148990,21.298103,0.666667,0.333333,7667 7735 7736 7737 7802 7803 7804 7805 7871 7872 7873 7874 7941 7942 7943 7944 7945 7946 8011 8012 8013 8014 8015 8016 8080 8081 8082 8083 8084 8085 8086 8152 8153 8154 8155 8156 8157 8225 8226 8227 8228 8229 8230 8297 8298 8299 8300 8301 8302 8369 8370 8371 8372 8373 8374 8375 8446 8447 8448 8449 8450 8451 8525 8526 8527 8528 8529 8530 8607 8608 8609 8610 8611 8692 8693 8694 8695 8779 8780
moead,ns465,7,7,3900,78,154784321.148990,21.298103,0.777778,0.222222,7667 7735 7736 7737 7802 7803 7804 7805 7871 7872 7873 7874 7941 7942 7943 7944 7945 7946 8011 8012 8013 8014 8015 8016 8080 8081 8082 8083 8084 8085 8086 8152 8153 8154 8155 8156 8157 8225 8226 8227 8228 8229 8230 8297 8298 8299 8300 8301 8302 8369 8370 8371 8372 8373 8374 8375 8446 8447 8448 8449 8450 8451 8525 8526 8527 8528 8529 8530 8607 8608 8609 8610 8611 8692 8693 8694 8695 8779 8780
moead,ns465,7,8,3900,78,154784321.148990,21.298103,0.888889,0.111111,7667 7735 7736 7737 7802 7803 7804 7805 7871 7872 7873 7874 7941 7942 7943 7944 7945 7946 8011 8012 8013 8014 8015 8016 8080 8081 8082 8083 8084 8085 8086 8152 8153 8154 8155 8156 8157 8225 8226 8227 8228 8229 8230 8297 8298 8299 8300 8301 8302 8369 8370 8371 8372 8373 8374 8375 8446 8447 8448 8449 8450 8451 8525 8526 8527 8528 8529 8530 8607 8608 8609 8610 8611 8692 8693 8694 8695 8779 8780
moead,ns465,7,9,3900,78,154784321.148990,21.298103,1.000000,0.000000,7667 7735 7736 7737 7802 7803 7804 7805 7871 7872 7873 7874 7941 7942 7943 7944 7945 7946 8011 8012 8013 8014 8015 8016 8080 8081 8082 8083 8084 8085 8086 8152 8153 8154 8155 8156 8157 8225 8226 8227 8228 8229 8230 8297 8298 8299 8300 8301 8302 8369 8370 8371 8372 8373 8374 8375 8446 8447 8448 8449 8450 8451 8525 8526 8527 8528 8529 8530 8607 8608 8609 8610 8611 8692 8693 8694 8695 8779 8780
moead,ns465,7,0,3950,79,198634316.004500,254.159377,0.000000,1.000000,92 97 302 435 458 533 661 1076 1267 1996 2254 2506 2650 2655 2930 3156 3355 3503 4107 4143 4404 4964 5021 5186 5711 6105 6167 6317 6429 6470 6659 6818 6913 6917 6921 7184 7209 7260 7265 7320 7460 7539 7608 7657 7666 7745 7952 8181 8235 8697 8896 9807 10159 10280 10286 10420 10458 10696 10897 11067 11231 11253 11268 11286 11344 11349 11416 11591 11628 11674 11744 12467 12557 14219 14594 14652 14666 14673 14701
moead,ns465,7,1,3950,79,154784321.148990,21.298103,0.111111,0.888889,7667 7735 7736 7737 7802 7803 7804 7805 7871 7872 7873 7874 7941 7942 7943 7944 7945 7946 8011 8012 8013 8014 8015 8016 8080 8081 8082 8083 8084 8085 8086 8152 8153 8154 8155 8156 8157 8225 8226 8227 8228 8229 8230 8297 8298 8299 8300 8301 8302 8369 8370 8371 8372 8373 8374 8375 8446 8447 8448 8449 8450 8451 8525 8526 8527 8528 8529 8530 8607 8608 8609 8610 8611 8692 8693 8694 8695 8779 8780
moead,ns465,7,2,3950,79,154784321.148990,21.298103,0.222222,0.777778,7667 7735 7736 7737 7802 7803 7804 7805 7871 7872 7873 7874 7941 7942 7943 7944 7945 7946 8011 8012 8013 8014 8015 8016 8080 8081 8082 8083 8084 8085 8086 8152 8153 8154 8155 8156 8157 8225 8226 8227 8228 8229 8230 8297 8298 8299 8300 8301 8302 8369 8370 8371 8372 8373 8374 8375 8446 8447 8448 8449 8450 8451 8525 8526 8527 8528 8529 8530 8607 8608 8609 8610 8611 8692 8693 8694 8695 8779 8780
moead,ns465,7,3,3950,79,154784321.148990,21.298103,0.333333,0.666667,7667 7735 7736 7737 7802 7803 7804 7805 7871 7872 7873 7874 7941 7942 7943 7944 7945 7946 8011 8012 8013 8014 8015 8016 8080 8081 8082 8083 8084 8085 8086 8152 8153 8154 8155 8156 8157 8225 8226 8227 8228 8229 8230 8297 8298 8299 8300 8301 8302 8369 8370 8371 8372 8373 8374 8375 8446 8447 8448 8449 8450 8451 8525 8526 8527 8528 8529 8530 8607 8608 8609 8610 8611 8692 8693 8694 8695 8779 8780
moead,ns465,7,4,3950,79,154784321.148990,21.298103,0.444444,0.555556,7667 7735 7736 7737 7802 7803 7804 7805 7871 7872 7873 7874 7941 7942 7943 7944 7945 7946 8011 8012 8013 8014 8015 8016 8080 8081 8082 8083 8084 8085 8086 8152 8153 8154 8155 8156 8157 8225 8226 8227 8228 8229 8230 8297 8298 8299 8300 8301 8302 8369 8370 8371 8372 8373 8374 8375 8446 8447 8448 8449 8450 8451 8525 8526 8527 8528 8529 8530 8607 8608 8609 8610 8611 8692 8693 8694 8695 8779 8780
moead,ns465,7,5,3950,79,154784321.148990,21.298103,0.555556,0.444444,7667 7735 7736 7737 7802 7803 7804 7805 7871 7872 7873 7874 7941 7942 7943 7944 7945 7946 8011 8012 8013 8014 8015 8016 8080 8081 8082 8083 8084 8085 8086 8152 8153 8154 8155 8156 8157 8225 8226 8227 8228 8229 8230 8297 8298 8299 8300 8301 8302 8369 8370 8371 8372 8373 8374 8375 8446 8447 8448 8449 8450 8451 8525 8526 8527 8528 8529 8530 8607 8608 8609 8610 8611 8692 8693 8694 8695 8779 8780
moead,ns465,7,6,3950,79,154784321.148990,21.298103,0.666667,0.333333,7667 7735 7736 7737 7802 7803 7804 7805 7871 7872 7873 7874 7941 7942 7943 7944 7945 7946 8011 8012 8013 8014 8015 8016 8080 8081 8082 8083 8084 8085 8086 8152 8153 8154 8155 8156 8157 8225 8226 8227 8228 8229 8230 8297 8298 8299 8300 8301 8302 8369 8370 8371 8372 8373 8374 8375 8446 8447 8448 8449 8450 8451 8525 8526 8527 8528 8529 8530 8607 8608 8609 8610 8611 8692 8693 8694 8695 8779 8780
moead,ns465,7,7,3950,79,154784321.148990,21.298103,0.777778,0.222222,7667 7735 7736 7737 7802 7803 7804 7805 7871 7872 7873 7874 7941 7942 7943 7944 7945 7946 8011 8012 8013 8014 8015 8016 8080 8081 8082 8083 8084 8085 8086 8152 8153 8154 8155 8156 8157 8225 8226 8227 8228 8229 8230 8297 8298 8299 8300 8301 8302 8369 8370 8371 8372 8373 8374 8375 8446 8447 8448 8449 8450 8451 8525 8526 8527 8528 8529 8530 8607 8608 8609 8610 8611 8692 8693 8694 8695 8779 8780
moead,ns465,7,8,3950,79,154784321.148990,21.298103,0.888889,0.111111,7667 7735 7736 7737 7802 7803 7804 7805 7871 7872 7873 7874 7941 7942 7943 7944 7945 7946 8011 8012 8013 8014 8015 8016 8080 8081 8082 8083 8084 8085 8086 8152 8153 8154 8155 8156 8157 8225 8226 8227 8228 8229 8230 8297 8298 8299 8300 8301 8302 8369 8370 8371 8372 8373 8374 8375 8446 8447 8448 8449 8450 8451 8525 8526 8527 8528 8529 8530 8607 8608 8609 8610 8611 8692 8693 8694 8695 8779 8780
moead,ns465,7,9,3950,79,154784321.148990,21.298103,1.000000,0.000000,7667 7735 7736 7737 7802 7803 7804 7805 7871 7872 7873 7874 7941 7942 7943 7944 7945 7946 8011 8012 8013 8014 8015 8016 8080 8081 8082 8083 8084 8085 8086 8152 8153 8154 8155 8156 8157 8225 8226 8227 8228 8229 8230 8297 8298 8299 8300 8301 8302 8369 8370 8371 8372 8373 8374 8375 8446 8447 8448 8449 8450 8451 8525 8526 8527 8528 8529 8530 8607 8608 8609 8610 8611 8692 8693 8694 8695 8779 8780
moead,ns465,7,0,4000,80,198634316.004500,254.159377,0.000000,1.000000,92 97 302 435 458 533 661 1076 1267 1996 2254 2506 2650 2655 2930 3156 3355 3503 4107 4143 4404 4964 5021 5186 5711 6105 6167 6317 6429 6470 6659 6818 6913 6917 6921 7184 7209 7260 7265 7320 7460 7539 7608 7657 7666 7745 7952 8181 8235 8697 8896 9807 10159 10280 10286 10420 10458 10696 10897 11067 11231 11253 11268 11286 11344 11349 11416 11591 11628 11674 11744 12467 12557 14219 14594 14652 14666 14673 14701
moead,ns465,7,1,4000,80,154784321.148990,21.298103,0.111111,0.888889,7667 7735 7736 7737 7802 7803 7804 7805 7871 7872 7873 7874 7941 7942 7943 7944 7945 7946 8011 8012 8013 8014 8015 8016 8080 8081 8082 8083 8084 8085 8086 8152 8153 8154 8155 8156 8157 8225 8226 8227 8228 8229 8230 8297 8298 8299 8300 8301 8302 8369 8370 8371 8372 8373 8374 8375 8446 8447 8448 8449 8450 8451 8525 8526 8527 8528 8529 8530 8607 8608 8609 8610 8611 8692 8693 8694 8695 8779 8780
moead,ns465,7,2,4000,80,154784321.148990,21.298103,0.222222,0.777778,7667 7735 7736 7737 7802 7803 7804 7805 7871 7872 7873 7874 7941 7942 7943 7944 7945 7946 8011 8012 8013 8014 8015 8016 8080 8081 8082 8083 8084 8085 8086 8152 8153 8154 8155 8156 8157 8225 8226 8227 8228 8229 8230 8297 8298 8299 8300 8301 8302 8369 8370 8371 8372 8373 8374 8375 8446 8447 8448 8449 8450 8451 8525 8526 8527 8528 8529 8530 8607 8608 8609 8610 8611 8692 8693 8694 8695 8779 8780
moead,ns465,7,3,4000,80,154784321.148990,21.298103,0.333333,0.666667,7667 7735 7736 7737 7802 7803 7804 7805 7871 7872 7873 7874 7941 7942 7943 7944 7945 7946 8011 8012 8013 8014 8015 8016 8080 8081 8082 8083 8084 8085 8086 8152 8153 8154 8155 8156 8157 8225 8226 8227 8228 8229 8230 8297 8298 8299 8300 8301 8302 8369 8370 8371 8372 8373 8374 8375 8446 8447 8448 8449 8450 8451 8525 8526 8527 8528 8529 8530 8607 8608 8609 8610 8611 8692 8693 8694 8695 8779 8780
moead,ns465,7,4,4000,80,154784321.148990,21.298103,0.444444,0.555556,7667 7735 7736 7737 7802 7803 7804 7805 7871 7872 7873 7874 7941 7942 7943 7944 7945 7946 8011 8012 8013 8014 8015 8016 8080 8081 8082 8083 8084 8085 8086 8152 8153 8154 8155 8156 8157 8225 8226 8227 8228 8229 8230 8297 8298 8299 8300 8301 8302 8369 8370 8371 8372 8373 8374 8375 8446 8447 8448 8449 8450 8451 8525 8526 8527 8528 8529 8530 8607 8608 8609 8610 8611 8692 8693 8694 8695 8779 8780
moead,ns465,7,5,4000,80,154784321.148990,21.298103,0.555556,0.444444,7667 7735 7736 7737 7802 7803 7804 7805 7871 7872 7873 7874 7941 7942 7943 7944 7945 7946 8011 8012 8013 8014 8015 8016 8080 8081 8082 8083 8084 8085 8086 8152 8153 8154 8155 8156 8157 8225 8226 8227 8228 8229 8230 8297 8298 8299 8300 8301 8302 8369 8370 8371 8372 8373 8374 8375 8446 8447 8448 8449 8450 8451 8525 8526 8527 8528 8529 8530 8607 8608 8609 8610 8611 8692 8693 8694 8695 8779 8780
moead,ns465,7,6,4000,80,154784321.148990,21.298103,0.666667,0.333333,7667 7735 7736 7737 7802 7803 7804 7805 7871 7872 7873 7874 7941 7942 7943 7944 7945 7946 8011 8012 8013 8014 8015 8016 8080 8081 8082 8083 8084 8085 8086 8152 8153 8154 8155 8156 8157 8225 8226 8227 8228 8229 8230 8297 8298 8299 8300 8301 8302 8369 8370 8371 8372 8373 8374 8375 8446 8447 8448 8449 8450 8451 8525 8526 8527 8528 8529 8530 8607 8608 8609 8610 8611 8692 8693 8694 8695 8779 8780
moead,ns465,7,7,4000,80,154784321.148990,21.298103,0.777778,0.222222,7667 7735 7736 7737 7802 7803 7804 7805 7871 7872 7873 7874 7941 7942 7943 7944 7945 7946 8011 8012 8013 8014 8015 8016 8080 8081 8082 8083 8084 8085 8086 8152 8153 8154 8155 8156 8157 8225 8226 8227 8228 8229 8230 8297 8298 8299 8300 8301 8302 8369 8370 8371 8372 8373 8374 8375 8446 8447 8448 8449 8450 8451 8525 8526 8527 8528 8529 8530 8607 8608 8609 8610 8611 8692 8693 8694 8695 8779 8780
moead,ns465,7,8,4000,80,154784321.148990,21.298103,0.888889,0.111111,7667 7735 7736 7737 7802 7803 7804 7805 7871 7872 7873 7874 7941 7942 7943 7944 7945 7946 8011 8012 8013 8014 8015 8016 8080 8081 8082 8083 8084 8085 8086 8152 8153 8154 8155 8156 8157 8225 8226 8227 8228 8229 8230 8297 8298 8299 8300 8301 8302 8369 8370 8371 8372 8373 8374 8375 8446 8447 8448 8449 8450 8451 8525 8526 8527 8528 8529 8530 8607 8608 8609 8610 8611 8692 8693 8694 8695 8779 8780
moead,ns465,7,9,4000,80,154784321.148990,21.298103,1.000000,0.000000,7667 7735 7736 7737 7802 7803 7804 7805 7871 7872 7873 7874 7941 7942 7943 7944 7945 7946 8011 8012 8013 8014 8015 8016 8080 8081 8082 8083 8084 8085 8086 8152 8153 8154 8155 8156 8157 8225 8226 8227 8228 8229 8230 8297 8298 8299 8300 8301 8302 8369 8370 8371 8372 8373 8374 8375 8446 8447 8448 8449 8450 8451 8525 8526 8527 8528 8529 8530 8607 8608 8609 8610 8611 8692 8693 8694 8695 8779 8780
moead,ns465,7,0,4050,81,198728241.444788,254.233555,0.000000,1.000000,92 97 302 435 458 533 661 1076 1267 1996 2254 2506 2650 2655 2930 3156 3355 3503 4107 4143 4404 4964 5021 5186 5524 5711 6105 6317 6429 6470 6659 6818 6913 6917 6921 7184 7209 7260 7265 7320 7460 7539 7608 7657 7666 7745 7952 8181 8235 8697 8896 9807 10159 10280 10286 10420 10458 10696 10897 11067 11231 11253 11268 11286 11344 11349 11416 11591 11628 11674 11744 12467 12557 14219 14594 14652 14666 14673 14701
moead,ns465,7,1,4050,81,154784321.148990,21.298103,0.111111,0.888889,7667 7735 7736 7737 7802 7803 7804 7805 7871 7872 7873 7874 7941 7942 7943 7944 7945 7946 8011 8012 8013 8014 8015 8016 8080 8081 8082 8083 8084 8085 8086 8152 8153 8154 8155 8156 8157 8225 8226 8227 8228 8229 8230 8297 8298 8299 8300 8301 8302 8369 8370 8371 8372 8373 8374 8375 8446 8447 8448 8449 8450 8451 8525 8526 8527 8528 8529 8530 8607 8608 8609 8610 8611 8692 8693 8694 8695 8779 8780
moead,ns465,7,2,4050,81,154784321.148990,21.298103,0.222222,0.777778,7667 7735 7736 7737 7802 7803 7804 7805 7871 7872 7873 7874 7941 7942 7943 7944 7945 7946 8011 8012 8013 8014 8015 8016 8080 8081 8082 8083 8084 8085 8086 8152 8153 8154 8155 8156 8157 8225 8226 8227 8228 8229 8230 8297 8298 8299 8300 8301 8302 8369 8370 8371 8372 8373 8374 8375 8446 8447 8448 8449 8450 8451 8525 8526 8527 8528 8529 8530 8607 8608 8609 8610 8611 8692 8693 8694 8695 8779 8780
moead,ns465,7,3,4050,81,154784321.148990,21.298103,0.333333,0.666667,7667 7735 7736 7737 7802 7803 7804 7805 7871 7872 7873 7874 7941 7942 7943 7944 7945 7946 8011 8012 8013 8014 8015 8016 8080 8081 8082 8083 8084 8085 8086 8152 8153 8154 8155 8156 8157 8225 8226 8227 8228 8229 8230 8297 8298 8299 8300 8301 8302 8369 8370 8371 8372 8373 8374 8375 8446 8447 8448 8449 8450 8451 8525 8526 8527 8528 8529 8530 8607 8608 8609 8610 8611 8692 8693 8694 8695 8779 8780
moead,ns465,7,4,4050,81,154784321.148990,21.298103,0.444444,0.555556,7667 7735 7736 7737 7802 7803 7804 7805 7871 7872 7873 7874 7941 7942 7943 7944 7945 7946 8011 8012 8013 8014 8015 8016 8080 8081 8082 8083 8084 8085 8086 8152 8153 8154 8155 8156 8157 8225 8226 8227 8228 8229 8230 8297 8298 8299 8300 8301 8302 8369 8370 8371 8372 8373 8374 8375 8446 8447 8448 8449 8450 8451 8525 8526 8527 8528 8529 8530 8607 8608 8609 8610 8611 8692 8693 8694 8695 8779 8780
moead,ns465,7,5,4050,81,154784321.148990,21.298103,0.555556,0.444444,7667 7735 7736 7737 7802 7803 7804 7805 7871 7872 7873 7874 7941 7942 7943 7944 7945 7946 8011 8012 8013 8014 8015 8016 8080 8081 8082 8083 8084 8085 8086 8152 8153 8154 8155 8156 8157 8225 8226 8227 8228 8229 8230 8297 8298 8299 8300 8301 8302 8369 8370 8371 8372 8373 8374 8375 8446 8447 8448 8449 8450 8451 8525 8526 8527 8528 8529 8530 8607 8608 8609 8610 8611 8692 8693 8694 8695 8779 8780
moead,ns465,7,6,4050,81,154784321.148990,21.298103,0.666667,0.333333,7667 7735 7736 7737 7802 7803 7804 7805 7871 7872 7873 7874 7941 7942 7943 7944 7945 7946 8011 8012 8013 8014 8015 8016 8080 8081 8082 8083 8084 8085 8086 8152 8153 8154 8155 8156 8157 8225 8226 8227 8228 8229 8230 8297 8298 8299 8300 8301 8302 8369 8370 8371 8372 8373 8374 8375 8446 8447 8448 8449 8450 8451 8525 8526 8527 8528 8529 8530 8607 8608 8609 8610 8611 8692 8693 8694 8695 8779 8780
moead,ns465,7,7,4050,81,154784321.148990,21.298103,0.777778,0.222222,7667 7735 7736 7737 7802 7803 7804 7805 7871 7872 7873 7874 7941 7942 7943 7944 7945 7946 8011 8012 8013 8014 8015 8016 8080 8081 8082 8083 8084 8085 8086 8152 8153 8154 8155 8156 8157 8225 8226 8227 8228 8229 8230 8297 8298 8299 8300 8301 8302 8369 8370 8371 8372 8373 8374 8375 8446 8447 8448 8449 8450 8451 8525 8526 8527 8528 8529 8530 8607 8608 8609 8610 8611 8692 8693 8694 8695 8779 8780
moead,ns465,7,8,4050,81,154784321.148990,21.298103,0.888889,0.111111,7667 7735 7736 7737 7802 7803 7804 7805 7871 7872 7873 7874 7941 7942 7943 7944 7945 7946 8011 8012 8013 8014 8015 8016 8080 8081 8082 8083 8084 8085 8086 8152 8153 8154 8155 8156 8157 8225 8226 8227 8228 8229 8230 8297 8298 8299 8300 8301 8302 8369 8370 8371 8372 8373 8374 8375 8446 8447 8448 8449 8450 8451 8525 8526 8527 8528 8529 8530 8607 8608 8609 8610 8611 8692 8693 8694 8695 8779 8780
moead,ns465,7,9,4050,81,154784321.148990,21.298103,1.000000,0.000000,7667 7735 7736 7737 7802 7803 7804 7805 7871 7872 7873 7874 7941 7942 7943 7944 7945 7946 8011 8012 8013 8014 8015 8016 8080 8081 8082 8083 8084 8085 8086 8152 8153 8154 8155 8156 8157 8225 8226 8227 8228 8229 8230 8297 8298 8299 8300 8301 8302 8369 8370 8371 8372 8373 8374 8375 8446 8447 8448 8449 8450 8451 8525 8526 8527 8528 8529 8530 8607 8608 8609 8610 8611 8692 8693 8694 8695 8779 8780
moead,ns465,7,0,4100,82,199127497.370246,254.396487,0.000000,1.000000,92 97 302 435 458 533 661 705 1076 1267 1996 2254 2506 2650 2655 2930 3156 3355 3503 4107 4143 4404 4964 5021 5186 5524 5711 6105 6317 6429 6470 6659 6818 6913 6917 6921 7184 7209 7260 7265 7320 7539 7608 7657 7666 7745 7952 8181 8235 8697 8896 9807 10159 10280 10286 10420 10458 10696 10897 11059 11067 11231 11253 11268 11286 11344 11349 11416 11591 11628 11744 12467 12557 14219 14594 14652 14666 14673 14701
moead,ns465,7,1,4100,82,154784321.148990,21.298103,0.111111,0.888889,7667 7735 7736 7737 7802 7803 7804 7805 7871 7872 7873 7874 7941 7942 7943 7944 7945 7946 8011 8012 8013 8014 8015 8016 8080 8081 8082 8083 8084 8085 8086 8152 8153 8154 8155 8156 8157 8225 8226 8227 8228 8229 8230 8297 8298 8299 8300 8301 8302 8369 8370 8371 8372 8373 8374 8375 8446 8447 8448 8449 8450 8451 8525 8526 8527 8528 8529 8530 8607 8608 8609 8610 8611 8692 8693 8694 8695 8779 8780
moead,ns465,7,2,4100,82,154784321.148990,21.298103,0.222222,0.777778,7667 7735 7736 7737 7802 7803 7804 7805 7871 7872 7873 7874 7941 7942 7943 7944 7945 7946 8011 8012 8013 8014 8015 8016 8080 8081 8082 8083 8084 8085 8086 8152 8153 8154 8155 8156 8157 8225 8226 8227 8228 8229 8230 8297 8298 8299 8300 8301 8302 8369 8370 8371 8372 8373 8374 8375 8446 8447 8448 8449 8450 8451 8525 8526 8527 8528 8529 8530 8607 8608 8609 8610 8611 8692 8693 8694 8695 8779 8780
moead,ns465,7,3,4100,82,154784321.148990,21.298103,0.333333,0.666667,7667 7735 7736 7737 7802 7803 7804 7805 7871 7872 7873 7874 7941 7942 7943 7944 7945 7946 8011 8012 8013 8014 8015 8016 8080 8081 8082 8083 8084 8085 8086 8152 8153 8154 8155 8156 8157 8225 8226 8227 8228 8229 8230 8297 8298 8299 8300 8301 8302 8369 8370 8371 8372 8373 8374 8375 8446 8447 8448 8449 8450 8451 8525 8526 8527 8528 8529 8530 8607 8608 8609 8610 8611 8692 8693 8694 8695 8779 8780
moead,ns465,7,4,4100,82,154784321.148990,21.298103,0.444444,0.555556,7667 7735 7736 7737 7802 7803 7804 7805 7871 7872 7873 7874 7941 7942 7943 7944 7945 7946 8011 8012 8013 8014 8015 8016 8080 8081 8082 8083 8084 8085 8086 8152 8153 8154 8155 8156 8157 8225 8226 8227 8228 8229 8230 8297 8298 8299 8300 8301 8302 8369 8370 8371 8372 8373 8374 8375 8446 8447 8448 8449 8450 8451 8525 8526 8527 8528 8529 8530 8607 8608 8609 8610 8611 8692 8693 8694 8695 8779 8780
moead,ns465,7,5,4100,82,154784321.148990,21.298103,0.555556,0.444444,7667 7735 7736 7737 7802 7803 7804 7805 7871 7872 7873 7874 7941 7942 7943 7944 7945 7946 8011 8012 8013 8014 8015 8016 8080 8081 8082 8083 8084 8085 8086 8152 8153 8154 8155 8156 8157 8225 8226 8227 8228 8229 8230 8297 8298 8299 8300 8301 8302 8369 8370 8371 8372 8373 8374 8375 8446 8447 8448 8449 8450 8451 8525 8526 8527 8528 8529 8530 8607 8608 8609 8610 8611 8692 8693 8694 8695 8779 8780
moead,ns465,7,6,4100,82,154784321.148990,21.298103,0.666667,0.333333,7667 7735 7736 7737 7802 7803 7804 7805 7871 7872 7873 7874 7941 7942 7943 7944 7945 7946 8011 8012 8013 8014 8015 8016 8080 8081 8082 8083 8084 8085 8086 8152 8153 8154 8155 8156 8157 8225 8226 8227 8228 8229 8230 8297 8298 8299 8300 8301 8302 8369 8370 8371 8372 8373 8374 8375 8446 8447 8448 8449 8450 8451 8525 8526 8527 8528 8529 8530 8607 8608 8609 8610 8611 8692 8693 8694 8695 8779 8780
moead,ns465,7,7,4100,82,154784321.148990,21.298103,0.777778,0.222222,7667 7735 7736 7737 7802 7803 7804 7805 7871 7872 7873 7874 7941 7942 7943 7944 7945 7946 8011 8012 8013 8014 8015 8016 8080 8081 8082 8083 8084 8085 8086 8152 8153 8154 8155 8156 8157 8225 8226 8227 8228 8229 8230 8297 8298 8299 8300 8301 8302 8369 8370 8371 8372 8373 8374 8375 8446 8447 8448 8449 8450 8451 8525 8526 8527 8528 8529 8530 8607 8608 8609 8610 8611 8692 8693 8694 8695 8779 8780
moead,ns465,7,8,4100,82,154784321.148990,21.298103,0.888889,0.111111,7667 7735 7736 7737 7802 7803 7804 7805 7871 7872 7873 7874 7941 7942 7943 7944 7945 7946 8011 8012 8013 8014 8015 8016 8080 8081 8082 8083 8084 8085 8086 8152 8153 8154 8155 8156 8157 8225 8226 8227 8228 8229 8230 8297 8298 8299 8300 8301 8302 8369 8370 8371 8372 8373 8374 8375 8446 8447 8448 8449 8450 8451 8525 8526 8527 8528 8529 8530 8607 8608 8609 8610 8611 8692 8693 8694 8695 8779 8780
moead,ns465,7,9,4100,82,154784321.148990,21.298103,1.000000,0.000000,7667 7735 7736 7737 7802 7803 7804 7805 7871 7872 7873 7874 7941 7942 7943 7944 7945 7946 8011 8012 8013 8014 8015 8016 8080 8081 8082 8083 8084 8085 8086 8152 8153 8154 8155 8156 8157 8225 8226 8227 8228 8229 8230 8297 8298 8299 8300 8301 8302 8369 8370 8371 8372 8373 8374 8375 8446 8447 8448 8449 8450 8451 8525 8526 8527 8528 8529 8530 8607 8608 8609 8610 8611 8692 8693 8694 8695 8779 8780
moead,ns465,7,0,4150,83,199074012.853149,254.396487,0.000000,1.000000,92 97 302 435 458 533 661 705 1076 1267 1996 2254 2506 2650 2655 2930 3156 3355 3503 4107 4143 4404 4964 5021 5186 5524 5711 6105 6317 6429 6470 6659 6818 6913 6917 6921 7184 7209 7260 7265 7320 7539 7608 7657 7666 7745 7952 8181 8235 8697 8896 9807 10159 10280 10286 10420 10458 10696 10897 11059 11067 11231 11253 11268 11286 11344 11349 11416 11591 11628 11744 12467 12881 14219 14594 14652 14666 14673 14701
moead,ns465,7,1,4150,83,154784321.148990,21.298103,0.111111,0.888889,7667 7735 7736 7737 7802 7803 7804 7805 7871 7872 7873 7874 7941 7942 7943 7944 7945 7946 8011 8012 8013 8014 8015 8016 8080 8081 8082 8083 8084 8085 8086 8152 8153 8154 8155 8156 8157 8225 8226 8227 8228 8229 8230 8297 8298 8299 8300 8301 8302 8369 8370 8371 8372 8373 8374 8375 8446 8447 8448 8449 8450 8451 8525 8526 8527 8528 8529 8530 8607 8608 8609 8610 8611 8692 8693 8694 8695 8779 8780
moead,ns465,7,2,4150,83,154784321.148990,21.298103,0.222222,0.777778,7667 7735 7736 7737 7802 7803 7804 7805 7871 7872 7873 7874 7941 7942 7943 7944 7945 7946 8011 8012 8013 8014 8015 8016 8080 8081 8082 8083 8084 8085 8086 8152 8153 8154 8155 8156 8157 8225 8226 8227 8228 8229 8230 8297 8298 8299 8300 8301 8302 8369 8370 8371 8372 8373 8374 8375 8446 8447 8448 8449 8450 8451 8525 8526 8527 8528 8529 8530 8607 8608 8609 8610 8611 8692 8693 8694 8695 8779 8780
moead,ns465,7,3,4150,83,154784321.148990,21.298103,0.333333,0.666667,7667 7735 7736 7737 7802 7803 7804 7805 7871 7872 7873 7874 7941 7942 7943 7944 7945 7946 8011 8012 8013 8014 8015 8016 8080 8081 8082 8083 8084 8085 8086 8152 8153 8154 8155 8156 8157 8225 8226 8227 8228 8229 8230 8297 8298 8299 8300 8301 8302 8369 8370 8371 8372 8373 8374 8375 8446 8447 8448 8449 8450 8451 8525 8526 8527 8528 8529 8530 8607 8608 8609 8610 8611 8692 8693 8694 8695 8779 8780
moead,ns465,7,4,4150,83,154784321.148990,21.298103,0.444444,0.555556,7667 7735 7736 7737 7802 7803 7804 7805 7871 7872 7873 7874 7941 7942 7943 7944 7945 7946 8011 8012 8013 8014 8015 8016 8080 8081 8082 8083 8084 8085 8086 8152 8153 8154 8155 8156 8157 8225 8226 8227 8228 8229 8230 8297 8298 8299 8300 8301 8302 8369 8370 8371 8372 8373 8374 8375 8446 8447 8448 8449 8450 8451 8525 8526 8527 8528 8529 8530 8607 8608 8609 8610 8611 8692 8693 8694 8695 8779 8780
moead,ns465,7,5,4150,83,154784321.148990,21.298103,0.555556,0.444444,7667 7735 7736 7737 7802 7803 7804 7805 7871 7872 7873 7874 7941 7942 7943 7944 7945 7946 8011 8012 8013 8014 8015 8016 8080 8081 8082 8083 8084 8085 8086 8152 8153 8154 8155 8156 8157 8225 8226 8227 8228 8229 8230 8297 8298 8299 8300 8301 8302 8369 8370 8371 8372 8373 8374 8375 8446 8447 8448 8449 8450 8451 8525 8526 8527 8528 8529 8530 8607 8608 8609 8610 8611 8692 8693 8694 8695 8779 8780
moead,ns465,7,6,4150,83,154784321.148990,21.298103,0.666667,0.333333,7667 7735 7736 7737 7802 7803 7804 7805 7871 7872 7873 7874 7941 7942 7943 7944 7945 7946 8011 8012 8013 8014 8015 8016 8080 8081 8082 8083 8084 8085 8086 8152 8153 8154 8155 8156 8157 8225 8226 8227 8228 8229 8230 8297 8298 8299 8300 8301 8302 8369 8370 8371 8372 8373 8374 8375 8446 8447 8448 8449 8450 8451 8525 8526 8527 8528 8529 8530 8607 8608 8609 8610 8611 8692 8693 8694 8695 8779 8780
moead,ns465,7,7,4150,83,154784321.148990,21.298103,0.777778,0.222222,7667 7735 7736 7737 7802 7803 7804 7805 7871 7872 7873 7874 7941 7942 7943 7944 7945 7946 8011 8012 8013 8014 8015 8016 8080 8081 8082 8083 8084 8085 8086 8152 8153 8154 8155 8156 8157 8225 8226 8227 8228 8229 8230 8297 8298 8299 8300 8301 8302 8369 8370 8371 8372 8373 8374 8375 8446 8447 8448 8449 8450 8451 8525 8526 8527 8528 8529 8530 8607 8608 8609 8610 8611 8692 8693 8694 8695 8779 8780
moead,ns465,7,8,4150,83,154784321.148990,21.298103,0.888889,0.111111,7667 7735 7736 7737 7802 7803 7804 7805 7871 7872 7873 7874 7941 7942 7943 7944 7945 7946 8011 8012 8013 8014 8015 8016 8080 8081 8082 8083 8084 8085 8086 8152 8153 8154 8155 8156 8157 8225 8226 8227 8228 8229 8230 8297 8298 8299 8300 8301 8302 8369 8370 8371 8372 8373 8374 8375 8446 8447 8448 8449 8450 8451 8525 8526 8527 8528 8529 8530 8607 8608 8609 8610 8611 8692 8693 8694 8695 8779 8780
moead,ns465,7,9,4150,83,154784321.148990,21.298103,1.000000,0.000000,7667 7735 7736 7737 7802 7803 7804 7805 7871 7872 7873 7874 7941 7942 7943 7944 7945 7946 8011 8012 8013 8014 8015 8016 8080 8081 8082 8083 8084 8085 8086 8152 8153 8154 8155 8156 8157 8225 8226 8227 8228 8229 8230 8297 8298 8299 8300 8301 8302 8369 8370 8371 8372 8373 8374 8375 8446 8447 8448 8449 8450 8451 8525 8526 8527 8528 8529 8530 8607 8608 8609 8610 8611 8692 8693 8694 8695 8779 8780
moead,ns465,7,0,4200,84,198865082.714260,254.396487,0.000000,1.000000,92 97 302 435 458 533 661 705 1076 1267 1996 2254 2506 2650 2655 3156 3204 3355 3503 4107 4143 4404 4964 5021 5186 5524 5711 6105 6317 6429 6470 6659 6818 6913 6917 6921 7184 7209 7260 7265 7320 7539 7608 7657 7666 7745 7952 8181 8235 8697 8896 9807 10159 10280 10286 10420 10458 10696 10897 11059 11067 11231 11253 11268 11286 11344 11349 11416 11591 11628 11744 12467 12881 14219 14594 14652 14666 14673 14701
moead,ns465,7,1,4200,84,154784321.148990,21.298103,0.111111,0.888889,7667 7735 7736 7737 7802 7803 7804 7805 7871 7872 7873 7874 7941 7942 7943 7944 7945 7946 8011 8012 8013 8014 8015 8016 8080 8081 8082 8083 8084 8085 8086 8152 8153 8154 8155 8156 8157 8225 8226 8227 8228 8229 8230 8297 8298 8299 8300 8301 8302 8369 8370 8371 8372 8373 8374 8375 8446 8447 8448 8449 8450 8451 8525 8526 8527 8528 8529 8530 8607 8608 8609 8610 8611 8692 8693 8694 8695 8779 8780
moead,ns465,7,2,4200,84,154784321.148990,21.298103,0.222222,0.777778,7667 7735 7736 7737 7802 7803 7804 7805 7871 7872 7873 7874 7941 7942 7943 7944 7945 7946 8011 8012 8013 8014 8015 8016 8080 8081 8082 8083 8084 8085 8086 8152 8153 8154 8155 8156 8157 8225 8226 8227 8228 8229 8230 8297 8298 8299 8300 8301 8302 8369 8370 8371 8372 8373 8374 8375 8446 8447 8448 8449 8450 8451 8525 8526 8527 8528 8529 8530 8607 8608 8609 8610 8611 8692 8693 8694 8695 8779 8780
moead,ns465,7,3,4200,84,154784321.148990,21.298103,0.333333,0.666667,7667 7735 7736 7737 7802 7803 7804 7805 7871 7872 7873 7874 7941 7942 7943 7944 7945 7946 8011 8012 8013 8014 8015 8016 8080 8081 8082 8083 8084 8085 8086 8152 8153 8154 8155 8156 8157 8225 8226 8227 8228 8229 8230 8297 8298 8299 8300 8301 8302 8369 8370 8371 8372 8373 8374 8375 8446 8447 8448 8449 8450 8451 8525 8526 8527 8528 8529 8530 8607 8608 8609 8610 8611 8692 8693 8694 8695 8779 8780
moead,ns465,7,4,4200,84,154784321.148990,21.298103,0.444444,0.555556,7667 7735 7736 7737 7802 7803 7804 7805 7871 7872 7873 7874 7941 7942 7943 7944 7945 7946 8011 8012 8013 8014 8015 8016 8080 8081 8082 8083 8084 8085 8086 8152 8153 8154 8155 8156 8157 8225 8226 8227 8228 8229 8230 8297 8298 8299 8300 8301 8302 8369 8370 8371 8372 8373 8374 8375 8446 8447 8448 8449 8450 8451 8525 8526 8527 8528 8529 8530 8607 8608 8609 8610 8611 8692 8693 8694 8695 8779 8780
moead,ns465,7,5,4200,84,154784321.148990,21.298103,0.555556,0.444444,7667 7735 7736 7737 7802 7803 7804 7805 7871 7872 7873 7874 7941 7942 7943 7944 7945 7946 8011 8012 8013 8014 8015 8016 8080 8081 8082 8083 8084 8085 8086 8152 8153 8154 8155 8156 8157 8225 8226 8227 8228 8229 8230 8297 8298 8299 8300 8301 8302 8369 8370 8371 8372 8373 8374 8375 8446 8447 8448 8449 8450 8451 8525 8526 8527 8528 8529 8530 8607 8608 8609 8610 8611 8692 8693 8694 8695 8779 8780
moead,ns465,7,6,4200,84,154784321.148990,21.298103,0.666667,0.333333,7667 7735 7736 7737 7802 7803 7804 7805 7871 7872 7873 7874 7941 7942 7943 7944 7945 7946 8011 8012 8013 8014 8015 8016 8080 8081 8082 8083 8084 8085 8086 8152 8153 8154 8155 8156 8157 8225 8226 8227 8228 8229 8230 8297 8298 8299 8300 8301 8302 8369 8370 8371 8372 8373 8374 8375 8446 8447 8448 8449 8450 8451 8525 8526 8527 8528 8529 8530 8607 8608 8609 8610 8611 8692 8693 8694 8695 8779 8780
moead,ns465,7,7,4200,84,154784321.148990,21.298103,0.777778,0.222222,7667 7735 7736 7737 7802 7803 7804 7805 7871 7872 7873 7874 7941 7942 7943 7944 7945 7946 8011 8012 8013 8014 8015 8016 8080 8081 8082 8083 8084 8085 8086 8152 8153 8154 8155 8156 8157 8225 8226 8227 8228 8229 8230 8297 8298 8299 8300 8301 8302 8369 8370 8371 8372 8373 8374 8375 8446 8447 8448 8449 8450 8451 8525 8526 8527 8528 8529 8530 8607 8608 8609 8610 8611 8692 8693 8694 8695 8779 8780
moead,ns465,7,8,4200,84,154784321.148990,21.298103,0.888889,0.111111,7667 7735 7736 7737 7802 7803 7804 7805 7871 7872 7873 7874 7941 7942 7943 7944 7945 7946 8011 8012 8013 8014 8015 8016 8080 8081 8082 8083 8084 8085 8086 8152 8153 8154 8155 8156 8157 8225 8226 8227 8228 8229 8230 8297 8298 8299 8300 8301 8302 8369 8370 8371 8372 8373 8374 8375 8446 8447 8448 8449 8450 8451 8525 8526 8527 8528 8529 8530 8607 8608 8609 8610 8611 8692 8693 8694 8695 8779 8780
moead,ns465,7,9,4200,84,154784321.148990,21.298103,1.000000,0.000000,7667 7735 7736 7737 7802 7803 7804 7805 7871 7872 7873 7874 7941 7942 7943 7944 7945 7946 8011 8012 8013 8014 8015 8016 8080 8081 8082 8083 8084 8085 8086 8152 8153 8154 8155 8156 8157 8225 8226 8227 8228 8229 8230 8297 8298 8299 8300 8301 8302 8369 8370 8371 8372 8373 8374 8375 8446 8447 8448 8449 8450 8451 8525 8526 8527 8528 8529 8530 8607 8608 8609 8610 8611 8692 8693 8694 8695 8779 8780
moead,ns465,7,0,4250,85,198594551.478351,254.396487,0.000000,1.000000,92 97 302 435 458 533 661 705 1076 1267 1996 2254 2294 2506 2650 2655 3156 3204 3355 3503 4107 4143 4404 4964 5021 5186 5524 5711 6105 6317 6429 6470 6659 6818 6913 6917 6921 7184 7209 7260 7265 7320 7539 7608 7657 7666 7745 7952 8181 8235 8697 8896 9807 10159 10280 10286 10420 10458 10696 10897 11059 11067 11231 11253 11268 11286 11344 11349 11416 11591 11628 11744 12467 12881 14594 14652 14666 14673 14701
moead,ns465,7,1,4250,85,154784321.148990,21.298103,0.111111,0.888889,7667 7735 7736 7737 7802 7803 7804 7805 7871 7872 7873 7874 7941 7942 7943 7944 7945 7946 8011 8012 8013 8014 8015 8016 8080 8081 8082 8083 8084 8085 8086 8152 8153 8154 8155 8156 8157 8225 8226 8227 8228 8229 8230 8297 8298 8299 8300 8301 8302 8369 8370 8371 8372 8373 8374 8375 8446 8447 8448 8449 8450 8451 8525 8526 8527 8528 8529 8530 8607 8608 8609 8610 8611 8692 8693 8694 8695 8779 8780
moead,ns465,7,2,4250,85,154784321.148990,21.298103,0.222222,0.777778,7667 7735 7736 7737 7802 7803 7804 7805 7871 7872 7873 7874 7941 7942 7943 7944 7945 7946 8011 8012 8013 8014 8015 8016 8080 8081 8082 8083 8084 8085 8086 8152 8153 8154 8155 8156 8157 8225 8226 8227 8228 8229 8230 8297 8298 8299 8300 8301 8302 8369 8370 8371 8372 8373 8374 8375 8446 8447 8448 8449 8450 8451 8525 8526 8527 8528 8529 8530 8607 8608 8609 8610 8611 8692 8693 8694 8695 8779 8780
moead,ns465,7,3,4250,85,154784321.148990,21.298103,0.333333,0.666667,7667 7735 7736 7737 7802 7803 7804 7805 7871 7872 7873 7874 7941 7942 7943 7944 7945 7946 8011 8012 8013 8014 8015 8016 8080 8081 8082 8083 8084 8085 8086 8152 8153 8154 8155 8156 8157 8225 8226 8227 8228 8229 8230 8297 8298 8299 8300 8301 8302 8369 8370 8371 8372 8373 8374 8375 8446 8447 8448 8449 8450 8451 8525 8526 8527 8528 8529 8530 8607 8608 8609 8610 8611 8692 8693 8694 8695 8779 8780
moead,ns465,7,4,4250,85,154784321.148990,21.298103,0.444444,0.555556,7667 7735 7736 7737 7802 7803 7804 7805 7871 7872 7873 7874 7941 7942 7943 7944 7945 7946 8011 8012 8013 8014 8015 8016 8080 8081 8082 8083 8084 8085 8086 8152 8153 8154 8155 8156 8157 8225 8226 8227 8228 8229 8230 8297 8298 8299 8300 8301 8302 8369 8370 8371 8372 8373 8374 8375 8446 8447 8448 8449 8450 8451 8525 8526 8527 8528 8529 8530 8607 8608 8609 8610 8611 8692 8693 8694 8695 8779 8780
moead,ns465,7,5,4250,85,154784321.148990,21.298103,0.555556,0.444444,7667 7735 7736 7737 7802 7803 7804 7805 7871 7872 7873 7874 7941 7942 7943 7944 7945 7946 8011 8012 8013 8014 8015 8016 8080 8081 8082 8083 8084 8085 8086 8152 8153 8154 8155 8156 8157 8225 8226 8227 8228 8229 8230 8297 8298 8299 8300 8301 8302 8369 8370 8371 8372 8373 8374 8375 8446 8447 8448 8449 8450 8451 8525 8526 8527 8528 8529 8530 8607 8608 8609 8610 8611 8692 8693 8694 8695 8779 8780
moead,ns465,7,6,4250,85,154784321.148990,21.298103,0.666667,0.333333,7667 7735 7736 7737 7802 7803 7804 7805 7871 7872 7873 7874 7941 7942 7943 7944 7945 7946 8011 8012 8013 8014 8015 8016 8080 8081 8082 8083 8084 8085 8086 8152 8153 8154 8155 8156 8157 8225 8226 8227 8228 8229 8230 8297 8298 8299 8300 8301 8302 8369 8370 8371 8372 8373 8374 8375 8446 8447 8448 8449 8450 8451 8525 8526 8527 8528 8529 8530 8607 8608 8609 8610 8611 8692 8693 8694 8695 8779 8780
moead,ns465,7,7,4250,85,154784321.148990,21.298103,0.777778,0.222222,7667 7735 7736 7737 7802 7803 7804 7805 7871 7872 7873 7874 7941 7942 7943 7944 7945 7946 8011 8012 8013 8014 8015 8016 8080 8081 8082 8083 8084 8085 8086 8152 8153 8154 8155 8156 8157 8225 8226 8227 8228 8229 8230 8297 8298 8299 8300 8301 8302 8369 8370 8371 8372 8373 8374 8375 8446 8447 8448 8449 8450 8451 8525 8526 8527 8528 8529 8530 8607 8608 8609 8610 8611 8692 8693 8694 8695 8779 8780
moead,ns465,7,8,4250,85,154784321.148990,21.298103,0.888889,0.111111,7667 7735 7736 7737 7802 7803 7804 7805 7871 7872 7873 7874 7941 7942 7943 7944 7945 7946 8011 8012 8013 8014 8015 8016 8080 8081 8082 8083 8084 8085 8086 8152 8153 8154 8155 8156 8157 8225 8226 8227 8228 8229 8230 8297 8298 8299 8300 8301 8302 8369 8370 8371 8372 8373 8374 8375 8446 8447 8448 8449 8450 8451 8525 8526 8527 8528 8529 8530 8607 8608 8609 8610 8611 8692 8693 8694 8695 8779 8780
moead,ns465,7,9,4250,85,154784321.148990,21.298103,1.000000,0.000000,7667 7735 7736 7737 7802 7803 7804 7805 7871 7872 7873 7874 7941 7942 7943 7944 7945 7946 8011 8012 8013 8014 8015 8016 8080 8081 8082 8083 8084 8085 8086 8152 8153 8154 8155 8156 8157 8225 8226 8227 8228 8229 8230 8297 8298 8299 8300 8301 8302 8369 8370 8371 8372 8373 8374 8375 8446 8447 8448 8449 8450 8451 8525 8526 8527 8528 8529 8530 8607 8608 8609 8610 8611 8692 8693 8694 8695 8779 8780
moead,ns465,7,0,4300,86,198168889.147155,254.548349,0.000000,1.000000,92 97 302 435 458 533 705 1076 1267 1996 2254 2294 2506 2650 2655 2915 3156 3204 3355 3503 4107 4143 4404 4964 5021 5186 5524 6105 6317 6429 6470 6659 6818 6913 6917 6921 7184 7209 7260 7265 7320 7539 7608 7657 7666 7745 7952 8181 8235 8697 8896 8915 9807 10159 10280 10286 10420 10458 10696 10897 11059 11067 11231 11253 11268 11286 11344 11349 11416 11591 11628 11744 12467 12881 14594 14652 14666 14673 14701
moead,ns465,7,1,4300,86,154784321.148990,21.298103,0.111111,0.888889,7667 7735 7736 7737 7802 7803 7804 7805 7871 7872 7873 7874 7941 7942 7943 7944 7945 7946 8011 8012 8013 8014 8015 8016 8080 8081 8082 8083 8084 8085 8086 8152 8153 8154 8155 8156 8157 8225 8226 8227 8228 8229 8230 8297 8298 8299 8300 8301 8302 8369 8370 8371 8372 8373 8374 8375 8446 8447 8448 8449 8450 8451 8525 8526 8527 8528 8529 8530 8607 8608 8609 8610 8611 8692 8693 8694 8695 8779 8780
moead,ns465,7,2,4300,86,154784321.148990,21.298103,0.222222,0.777778,7667 7735 7736 7737 7802 7803 7804 7805 7871 7872 7873 7874 7941 7942 7943 7944 7945 7946 8011 8012 8013 8014 8015 8016 8080 8081 8082 8083 8084 8085 8086 8152 8153 8154 8155 8156 8157 8225 8226 8227 8228 8229 8230 8297 8298 8299 8300 8301 8302 8369 8370 8371 8372 8373 8374 8375 8446 8447 8448 8449 8450 8451 8525 8526 8527 8528 8529 8530 8607 8608 8609 8610 8611 8692 8693 8694 8695 8779 8780
moead,ns465,7,3,4300,86,154784321.148990,21.298103,0.333333,0.666667,7667 7735 7736 7737 7802 7803 7804 7805 7871 7872 7873 7874 7941 7942 7943 7944 7945 7946 8011 8012 8013 8014 8015 8016 8080 8081 8082 8083 8084 8085 8086 8152 8153 8154 8155 8156 8157 8225 8226 8227 8228 8229 8230 8297 8298 8299 8300 8301 8302 8369 8370 8371 8372 8373 8374 8375 8446 8447 8448 8449 8450 8451 8525 8526 8527 8528 8529 8530 8607 8608 8609 8610 8611 8692 8693 8694 8695 8779 8780
moead,ns465,7,4,4300,86,154784321.148990,21.298103,0.444444,0.555556,7667 7735 7736 7737 7802 7803 7804 7805 7871 7872 7873 7874 7941 7942 7943 7944 7945 7946 8011 8012 8013 8014 8015 8016 8080 8081 8082 8083 8084 8085 8086 8152 8153 8154 8155 8156 8157 8225 8226 8227 8228 8229 8230 8297 8298 8299 8300 8301 8302 8369 8370 8371 8372 8373 8374 8375 8446 8447 8448 8449 8450 8451 8525 8526 8527 8528 8529 8530 8607 8608 8609 8610 8611 8692 8693 8694 8695 8779 8780
moead,ns465,7,5,4300,86,154784321.148990,21.298103,0.555556,0.444444,7667 7735 7736 7737 7802 7803 7804 7805 7871 7872 7873 7874 7941 7942 7943 7944 7945 7946 8011 8012 8013 8014 8015 8016 8080 8081 8082 8083 8084 8085 8086 8152 8153 8154 8155 8156 8157 8225 8226 8227 8228 8229 8230 8297 8298 8299 8300 8301 8302 8369 8370 8371 8372 8373 8374 8375 8446 8447 8448 8449 8450 8451 8525 8526 8527 8528 8529 8530 8607 8608 8609 8610 8611 8692 8693 8694 8695 8779 8780
moead,ns465,7,6,4300,86,154784321.148990,21.298103,0.666667,0.333333,7667 7735 7736 7737 7802 7803 7804 7805 7871 7872 7873 7874 7941 7942 7943 7944 7945 7946 8011 8012 8013 8014 8015 8016 8080 8081 8082 8083 8084 8085 8086 8152 8153 8154 8155 8156 8157 8225 8226 8227 8228 8229 8230 8297 8298 8299 8300 8301 8302 8369 8370 8371 8372 8373 8374 8375 8446 8447 8448 8449 8450 8451 8525 8526 8527 8528 8529 8530 8607 8608 8609 8610 8611 8692 8693 8694 8695 8779 8780
moead,ns465,7,7,4300,86,154784321.148990,21.298103,0.777778,0.222222,7667 7735 7736 7737 7802 7803 7804 7805 7871 7872 7873 7874 7941 7942 7943 7944 7945 7946 8011 8012 8013 8014 8015 8016 8080 8081 8082 8083 8084 8085 8086 8152 8153 8154 8155 8156 8157 8225 8226 8227 8228 8229 8230 8297 8298 8299 8300 8301 8302 8369 8370 8371 8372 8373 8374 8375 8446 8447 8448 8449 8450 8451 8525 8526 8527 8528 8529 8530 8607 8608 8609 8610 8611 8692 8693 8694 8695 8779 8780
moead,ns465,7,8,4300,86,154784321.148990,21.298103,0.888889,0.111111,7667 7735 7736 7737 7802 7803 7804 7805 7871 7872 7873 7874 7941 7942 7943 7944 7945 7946 8011 8012 8013 8014 8015 8016 8080 8081 8082 8083 8084 8085 8086 8152 8153 8154 8155 8156 8157 8225 8226 8227 8228 8229 8230 8297 8298 8299 8300 8301 8302 8369 8370 8371 8372 8373 8374 8375 8446 8447 8448 8449 8450 8451 8525 8526 8527 8528 8529 8530 8607 8608 8609 8610 8611 8692 8693 8694 8695 8779 8780
moead,ns465,7,9,4300,86,154784321.148990,21.298103,1.000000,0.000000,7667 7735 7736 7737 7802 7803 7804 7805 7871 7872 7873 7874 7941 7942 7943 7944 7945 7946 8011 8012 8013 8014 8015 8016 8080 8081 8082 8083 8084 8085 8086 8152 8153 8154 8155 8156 8157 8225 8226 8227 8228 8229 8230 8297 8298 8299 8300 8301 8302 8369 8370 8371 8372 8373 8374 8375 8446 8447 8448 8449 8450 8451 8525 8526 8527 8528 8529 8530 8607 8608 8609 8610 8611 8692 8693 8694 8695 8779 8780
moead,ns465,7,0,4350,87,198117520.309920,254.584440,0.000000,1.000000,92 97 302 435 458 533 705 1076 1267 1996 2254 2294 2506 2650 2655 2915 3156 3204 3355 3503 4107 4143 4404 4964 5021 5186 5524 6014 6317 6429 6470 6659 6818 6913 6917 6921 7184 7209 7260 7265 7320 7539 7608 7657 7666 7745 7952 8181 8235 8697 8896 8915 9807 10159 10280 10286 10420 10458 10696 10897 11059 11067 11231 11253 11268 11286 11344 11349 11416 11591 11628 11744 12467 12881 14594 14652 14666 14673 14701
moead,ns465,7,1,4350,87,154784321.148990,21.298103,0.111111,0.888889,7667 7735 7736 7737 7802 7803 7804 7805 7871 7872 7873 7874 7941 7942 7943 7944 7945 7946 8011 8012 8013 8014 8015 8016 8080 8081 8082 8083 8084 8085 8086 8152 8153 8154 8155 8156 8157 8225 8226 8227 8228 8229 8230 8297 8298 8299 8300 8301 8302 8369 8370 8371 8372 8373 8374 8375 8446 8447 8448 8449 8450 8451 8525 8526 8527 8528 8529 8530 8607 8608 8609 8610 8611 8692 8693 8694 8695 8779 8780
moead,ns465,7,2,4350,87,154784321.148990,21.298103,0.222222,0.777778,7667 7735 7736 7737 7802 7803 7804 7805 7871 7872 7873 7874 7941 7942 7943 7944 7945 7946 8011 8012 8013 8014 8015 8016 8080 8081 8082 8083 8084 8085 8086 8152 8153 8154 8155 8156 8157 8225 8226 8227 8228 8229 8230 8297 8298 8299 8300 8301 8302 8369 8370 8371 8372 8373 8374 8375 8446 8447 8448 8449 8450 8451 8525 8526 8527 8528 8529 8530 8607 8608 8609 8610 8611 8692 8693 8694 8695 8779 8780
moead,ns465,7,3,4350,87,154784321.148990,21.298103,0.333333,0.666667,7667 7735 7736 7737 7802 7803 7804 7805 7871 7872 7873 7874 7941 7942 7943 7944 7945 7946 8011 8012 8013 8014 8015 8016 8080 8081 8082 8083 8084 8085 8086 8152 8153 8154 8155 8156 8157 8225 8226 8227 8228 8229 8230 8297 8298 8299 8300 8301 8302 8369 8370 8371 8372 8373 8374 8375 8446 8447 8448 8449 8450 8451 8525 8526 8527 8528 8529 8530 8607 8608 8609 8610 8611 8692 8693 8694 8695 8779 8780
moead,ns465,7,4,4350,87,154784321.148990,21.298103,0.444444,0.555556,7667 7735 7736 7737 7802 7803 7804 7805 7871 7872 7873 7874 7941 7942 7943 7944 7945 7946 8011 8012 8013 8014 8015 8016 8080 8081 8082 8083 8084 8085 8086 8152 8153 8154 8155 8156 8157 8225 8226 8227 8228 8229 8230 8297 8298 8299 8300 8301 8302 8369 8370 8371 8372 8373 8374 8375 8446 8447 8448 8449 8450 8451 8525 8526 8527 8528 8529 8530 8607 8608 8609 8610 8611 8692 8693 8694 8695 8779 8780
moead,ns465,7,5,4350,87,154784321.148990,21.298103,0.555556,0.444444,7667 7735 7736 7737 7802 7803 7804 7805 7871 7872 7873 7874 7941 7942 7943 7944 7945 7946 8011 8012 8013 8014 8015 8016 8080 8081 8082 8083 8084 8085 8086 8152 8153 8154 8155 8156 8157 8225 8226 8227 8228 8229 8230 8297 8298 8299 8300 8301 8302 8369 8370 8371 8372 8373 8374 8375 8446 8447 8448 8449 8450 8451 8525 8526 8527 8528 8529 8530 8607 8608 8609 8610 8611 8692 8693 8694 8695 8779 8780
moead,ns465,7,6,4350,87,154784321.148990,21.298103,0.666667,0.333333,7667 7735 7736 7737 7802 7803 7804 7805 7871 7872 7873 7874 7941 7942 7943 7944 7945 7946 8011 8012 8013 8014 8015 8016 8080 8081 8082 8083 8084 8085 8086 8152 8153 8154 8155 8156 8157 8225 8226 8227 8228 8229 8230 8297 8298 8299 8300 8301 8302 8369 8370 8371 8372 8373 8374 8375 8446 8447 8448 8449 8450 8451 8525 8526 8527 8528 8529 8530 8607 8608 8609 8610 8611 8692 8693 8694 8695 8779 8780
moead,ns465,7,7,4350,87,154784321.148990,21.298103,0.777778,0.222222,7667 7735 7736 7737 7802 7803 7804 7805 7871 7872 7873 7874 7941 7942 7943 7944 7945 7946 8011 8012 8013 8014 8015 8016 8080 8081 8082 8083 8084 8085 8086 8152 8153 8154 8155 8156 8157 8225 8226 8227 8228 8229 8230 8297 8298 8299 8300 8301 8302 8369 8370 8371 8372 8373 8374 8375 8446 8447 8448 8449 8450 8451 8525 8526 8527 8528 8529 8530 8607 8608 8609 8610 8611 8692 8693 8694 8695 8779 8780
moead,ns465,7,8,4350,87,154784321.148990,21.298103,0.888889,0.111111,7667 7735 7736 7737 7802 7803 7804 7805 7871 7872 7873 7874 7941 7942 7943 7944 7945 7946 8011 8012 8013 8014 8015 8016 8080 8081 8082 8083 8084 8085 8086 8152 8153 8154 8155 8156 8157 8225 8226 8227 8228 8229 8230 8297 8298 8299 8300 8301 8302 8369 8370 8371 8372 8373 8374 8375 8446 8447 8448 8449 8450 8451 8525 8526 8527 8528 8529 8530 8607 8608 8609 8610 8611 8692 8693 8694 8695 8779 8780
moead,ns465,7,9,4350,87,154784321.148990,21.298103,1.000000,0.000000,7667 7735 7736 7737 7802 7803 7804 7805 7871 7872 7873 7874 7941 7942 7943 7944 7945 7946 8011 8012 8013 8014 8015 8016 8080 8081 8082 8083 8084 8085 8086 8152 8153 8154 8155 8156 8157 8225 8226 8227 8228 8229 8230 8297 8298 8299 8300 8301 8302 8369 8370 8371 8372 8373 8374 8375 8446 8447 8448 8449 8450 8451 8525 8526 8527 8528 8529 8530 8607 8608 8609 8610 8611 8692 8693 8694 8695 8779 8780
moead,ns465,7,0,4400,88,197746592.448207,254.653619,0.000000,1.000000,92 302 435 458 533 705 1076 1267 1996 2254 2294 2506 2650 2655 2915 3156 3204 3355 3503 4107 4143 4404 4964 5021 5186 5524 6014 6317 6429 6470 6659 6818 6913 6917 6921 7184 7209 7260 7265 7320 7539 7608 7657 7666 7745 7952 8181 8235 8697 8896 8915 9807 10159 10280 10286 10420 10458 10696 10897 11059 11067 11231 11253 11268 11286 11344 11349 11416 11591 11628 11744 12467 12881 13595 14594 14652 14666 14673 14701
moead,ns465,7,1,4400,88,154784321.148990,21.298103,0.111111,0.888889,7667 7735 7736 7737 7802 7803 7804 7805 7871 7872 7873 7874 7941 7942 7943 7944 7945 7946 8011 8012 8013 8014 8015 8016 8080 8081 8082 8083 8084 8085 8086 8152 8153 8154 8155 8156 8157 8225 8226 8227 8228 8229 8230 8297 8298 8299 8300 8301 8302 8369 8370 8371 8372 8373 8374 8375 8446 8447 8448 8449 8450 8451 8525 8526 8527 8528 8529 8530 8607 8608 8609 8610 8611 8692 8693 8694 8695 8779 8780
moead,ns465,7,2,4400,88,154784321.148990,21.298103,0.222222,0.777778,7667 7735 7736 7737 7802 7803 7804 7805 7871 7872 7873 7874 7941 7942 7943 7944 7945 7946 8011 8012 8013 8014 8015 8016 8080 8081 8082 8083 8084 8085 8086 8152 8153 8154 8155 8156 8157 8225 8226 8227 8228 8229 8230 8297 8298 8299 8300 8301 8302 8369 8370 8371 8372 8373 8374 8375 8446 8447 8448 8449 8450 8451 8525 8526 8527 8528 8529 8530 8607 8608 8609 8610 8611 8692 8693 8694 8695 8779 8780
moead,ns465,7,3,4400,88,154784321.148990,21.298103,0.333333,0.666667,7667 7735 7736 7737 7802 7803 7804 7805 7871 7872 7873 7874 7941 7942 7943 7944 7945 7946 8011 8012 8013 8014 8015 8016 8080 8081 8082 8083 8084 8085 8086 8152 8153 8154 8155 8156 8157 8225 8226 8227 8228 8229 8230 8297 8298 8299 8300 8301 8302 8369 8370 8371 8372 8373 8374 8375 8446 8447 8448 8449 8450 8451 8525 8526 8527 8528 8529 8530 8607 8608 8609 8610 8611 8692 8693 8694 8695 8779 8780
moead,ns465,7,4,4400,88,154784321.148990,21.298103,0.444444,0.555556,7667 7735 7736 7737 7802 7803 7804 7805 7871 7872 7873 7874 7941 7942 7943 7944 7945 7946 8011 8012 8013 8014 8015 8016 8080 8081 8082 8083 8084 8085 8086 8152 8153 8154 8155 8156 8157 8225 8226 8227 8228 8229 8230 8297 8298 8299 8300 8301 8302 8369 8370 8371 8372 8373 8374 8375 8446 8447 8448 8449 8450 8451 8525 8526 8527 8528 8529 8530 8607 8608 8609 8610 8611 8692 8693 8694 8695 8779 8780
moead,ns465,7,5,4400,88,154784321.148990,21.298103,0.555556,0.444444,7667 7735 7736 7737 7802 7803 7804 7805 7871 7872 7873 7874 7941 7942 7943 7944 7945 7946 8011 8012 8013 8014 8015 8016 8080 8081 8082 8083 8084 8085 8086 8152 8153 8154 8155 8156 8157 8225 8226 8227 8228 8229 8230 8297 8298 8299 8300 8301 8302 8369 8370 8371 8372 8373 8374 8375 8446 8447 8448 8449 8450 8451 8525 8526 8527 8528 8529 8530 8607 8608 8609 8610 8611 8692 8693 8694 8695 8779 8780
moead,ns465,7,6,4400,88,154784321.148990,21.298103,0.666667,0.333333,7667 7735 7736 7737 7802 7803 7804 7805 7871 7872 7873 7874 7941 7942 7943 7944 7945 7946 8011 8012 8013 8014 8015 8016 8080 8081 8082 8083 8084 8085 8086 8152 8153 8154 8155 8156 8157 8225 8226 8227 8228 8229 8230 8297 8298 8299 8300 8301 8302 8369 8370 8371 8372 8373 8374 8375 8446 8447 8448 8449 8450 8451 8525 8526 8527 8528 8529 8530 8607 8608 8609 8610 8611 8692 8693 8694 8695 8779 8780
moead,ns465,7,7,4400,88,154784321.148990,21.298103,0.777778,0.222222,7667 7735 7736 7737 7802 7803 7804 7805 7871 7872 7873 7874 7941 7942 7943 7944 7945 7946 8011 8012 8013 8014 8015 8016 8080 8081 8082 8083 8084 8085 8086 8152 8153 8154 8155 8156 8157 8225 8226 8227 8228 8229 8230 8297 8298 8299 8300 8301 8302 8369 8370 8371 8372 8373 8374 8375 8446 8447 8448 8449 8450 8451 8525 8526 8527 8528 8529 8530 8607 8608 8609 8610 8611 8692 8693 8694 8695 8779 8780
moead,ns465,7,8,4400,88,154784321.148990,21.298103,0.888889,0.111111,7667 7735 7736 7737 7802 7803 7804 7805 7871 7872 7873 7874 7941 7942 7943 7944 7945 7946 8011 8012 8013 8014 8015 8016 8080 8081 8082 8083 8084 8085 8086 8152 8153 8154 8155 8156 8157 8225 8226 8227 8228 8229 8230 8297 8298 8299 8300 8301 8302 8369 8370 8371 8372 8373 8374 8375 8446 8447 8448 8449 8450 8451 8525 8526 8527 8528 8529 8530 8607 8608 8609 8610 8611 8692 8693 8694 8695 8779 8780
moead,ns465,7,9,4400,88,154784321.148990,21.298103,1.000000,0.000000,7667 7735 7736 7737 7802 7803 7804 7805 7871 7872 7873 7874 7941 7942 7943 7944 7945 7946 8011 8012 8013 8014 8015 8016 8080 8081 8082 8083 8084 8085 8086 8152 8153 8154 8155 8156 8157 8225 8226 8227 8228 8229 8230 8297 8298 8299 8300 8301 8302 8369 8370 8371 8372 8373 8374 8375 8446 8447 8448 8449 8450 8451 8525 8526 8527 8528 8529 8530 8607 8608 8609 8610 8611 8692 8693 8694 8695 8779 8780
moead,ns465,7,0,4450,89,197557482.570111,254.653619,0.000000,1.000000,92 302 435 458 533 705 1076 1267 1996 2294 2506 2650 2655 2915 3156 3204 3355 3503 4107 4143 4404 4964 5021 5186 5524 6014 6311 6317 6429 6470 6659 6818 6913 6917 6921 7184 7209 7260 7265 7320 7539 7608 7657 7666 7745 7952 8181 8235 8697 8896 8915 9807 10159 10280 10286 10420 10458 10696 10897 11059 11067 11231 11253 11268 11286 11344 11349 11416 11591 11628 11744 12467 12881 13595 14594 14652 14666 14673 14701
moead,ns465,7,1,4450,89,154784321.148990,21.298103,0.111111,0.888889,7667 7735 7736 7737 7802 7803 7804 7805 7871 7872 7873 7874 7941 7942 7943 7944 7945 7946 8011 8012 8013 8014 8015 8016 8080 8081 8082 8083 8084 8085 8086 8152 8153 8154 8155 8156 8157 8225 8226 8227 8228 8229 8230 8297 8298 8299 8300 8301 8302 8369 8370 8371 8372 8373 8374 8375 8446 8447 8448 8449 8450 8451 8525 8526 8527 8528 8529 8530 8607 8608 8609 8610 8611 8692 8693 8694 8695 8779 8780
moead,ns465,7,2,4450,89,154784321.148990,21.298103,0.222222,0.777778,7667 7735 7736 7737 7802 7803 7804 7805 7871 7872 7873 7874 7941 7942 7943 7944 7945 7946 8011 8012 8013 8014 8015 8016 8080 8081 8082 8083 8084 8085 8086 8152 8153 8154 8155 8156 8157 8225 8226 8227 8228 8229 8230 8297 8298 8299 8300 8301 8302 8369 8370 8371 8372 8373 8374 8375 8446 8447 8448 8449 8450 8451 8525 8526 8527 8528 8529 8530 8607 8608 8609 8610 8611 8692 8693 8694 8695 8779 8780
moead,ns465,7,3,4450,89,154784321.148990,21.298103,0.333333,0.666667,7667 7735 7736 7737 7802 7803 7804 7805 7871 7872 7873 7874 7941 7942 7943 7944 7945 7946 8011 8012 8013 8014 8015 8016 8080 8081 8082 8083 8084 8085 8086 8152 8153 8154 8155 8156 8157 8225 8226 8227 8228 8229 8230 8297 8298 8299 8300 8301 8302 8369 8370 8371 8372 8373 8374 8375 8446 8447 8448 8449 8450 8451 8525 8526 8527 8528 8529 8530 8607 8608 8609 8610 8611 8692 8693 8694 8695 8779 8780
moead,ns465,7,4,4450,89,154784321.148990,21.298103,0.444444,0.555556,7667 7735 7736 7737 7802 7803 7804 7805 7871 7872 7873 7874 7941 7942 7943 7944 7945 7946 8011 8012 8013 8014 8015 8016 8080 8081 8082 8083 8084 8085 8086 8152 8153 8154 8155 8156 8157 8225 8226 8227 8228 8229 8230 8297 8298 8299 8300 8301 8302 8369 8370 8371 8372 8373 8374 8375 8446 8447 8448 8449 8450 8451 8525 8526 8527 8528 8529 8530 8607 8608 8609 8610 8611 8692 8693 8694 8695 8779 8780
moead,ns465,7,5,4450,89,154784321.148990,21.298103,0.555556,0.444444,7667 7735 7736 7737 7802 7803 7804 7805 7871 7872 7873 7874 7941 7942 7943 7944 7945 7946 8011 8012 8013 8014 8015 8016 8080 8081 8082 8083 8084 8085 8086 8152 8153 8154 8155 8156 8157 8225 8226 8227 8228 8229 8230 8297 8298 8299 8300 8301 8302 8369 8370 8371 8372 8373 8374 8375 8446 8447 8448 8449 8450 8451 8525 8526 8527 8528 8529 8530 8607 8608 8609 8610 8611 8692 8693 8694 8695 8779 8780
moead,ns465,7,6,4450,89,154784321.148990,21.298103,0.666667,0.333333,7667 7735 7736 7737 7802 7803 7804 7805 7871 7872 7873 7874 7941 7942 7943 7944 7945 7946 8011 8012 8013 8014 8015 8016 8080 8081 8082 8083 8084 8085 8086 8152 8153 8154 8155 8156 8157 8225 8226 8227 8228 8229 8230 8297 8298 8299 8300 8301 8302 8369 8370 8371 8372 8373 8374 8375 8446 8447 8448 8449 8450 8451 8525 8526 8527 8528 8529 8530 8607 8608 8609 8610 8611 8692 8693 8694 8695 8779 8780
moead,ns465,7,7,4450,89,154784321.148990,21.298103,0.777778,0.222222,7667 7735 7736 7737 7802 7803 7804 7805 7871 7872 7873 7874 7941 7942 7943 7944 7945 7946 8011 8012 8013 8014 8015 8016 8080 8081 8082 8083 8084 8085 8086 8152 8153 8154 8155 8156 8157 8225 8226 8227 8228 8229 8230 8297 8298 8299 8300 8301 8302 8369 8370 8371 8372 8373 8374 8375 8446 8447 8448 8449 8450 8451 8525 8526 8527 8528 8529 8530 8607 8608 8609 8610 8611 8692 8693 8694 8695 8779 8780
moead,ns465,7,8,4450,89,154784321.148990,21.298103,0.888889,0.111111,7667 7735 7736 7737 7802 7803 7804 7805 7871 7872 7873 7874 7941 7942 7943 7944 7945 7946 8011 8012 8013 8014 8015 8016 8080 8081 8082 8083 8084 8085 8086 8152 8153 8154 8155 8156 8157 8225 8226 8227 8228 8229 8230 8297 8298 8299 8300 8301 8302 8369 8370 8371 8372 8373 8374 8375 8446 8447 8448 8449 8450 8451 8525 8526 8527 8528 8529 8530 8607 8608 8609 8610 8611 8692 8693 8694 8695 8779 8780
moead,ns465,7,9,4450,89,154784321.148990,21.298103,1.000000,0.000000,7667 7735 7736 7737 7802 7803 7804 7805 7871 7872 7873 7874 7941 7942 7943 7944 7945 7946 8011 8012 8013 8014 8015 8016 8080 8081 8082 8083 8084 8085 8086 8152 8153 8154 8155 8156 8157 8225 8226 8227 8228 8229 8230 8297 8298 8299 8300 8301 8302 8369 8370 8371 8372 8373 8374 8375 8446 8447 8448 8449 8450 8451 8525 8526 8527 8528 8529 8530 8607 8608 8609 8610 8611 8692 8693 8694 8695 8779 8780
moead,ns465,7,0,4500,90,197564882.634232,254.723583,0.000000,1.000000,92 302 435 458 533 705 1076 1267 1996 2294 2506 2650 2655 2915 3156 3204 3355 3503 4107 4143 4404 4964 5021 5186 5524 6014 6311 6317 6429 6470 6796 6818 6913 6917 6921 7184 7209 7260 7265 7320 7539 7608 7657 7666 7745 7952 8181 8235 8697 8896 8915 9807 10159 10280 10286 10420 10458 10696 10897 11059 11067 11231 11253 11268 11286 11344 11349 11416 11591 11628 11744 12467 12881 13595 14594 14652 14666 14673 14701
moead,ns465,7,1,4500,90,154784321.148990,21.298103,0.111111,0.888889,7667 7735 7736 7737 7802 7803 7804 7805 7871 7872 7873 7874 7941 7942 7943 7944 7945 7946 8011 8012 8013 8014 8015 8016 8080 8081 8082 8083 8084 8085 8086 8152 8153 8154 8155 8156 8157 8225 8226 8227 8228 8229 8230 8297 8298 8299 8300 8301 8302 8369 8370 8371 8372 8373 8374 8375 8446 8447 8448 8449 8450 8451 8525 8526 8527 8528 8529 8530 8607 8608 8609 8610 8611 8692 8693 8694 8695 8779 8780
moead,ns465,7,2,4500,90,154784321.148990,21.298103,0.222222,0.777778,7667 7735 7736 7737 7802 7803 7804 7805 7871 7872 7873 7874 7941 7942 7943 7944 7945 7946 8011 8012 8013 8014 8015 8016 8080 8081 8082 8083 8084 8085 8086 8152 8153 8154 8155 8156 8157 8225 8226 8227 8228 8229 8230 8297 8298 8299 8300 8301 8302 8369 8370 8371 8372 8373 8374 8375 8446 8447 8448 8449 8450 8451 8525 8526 8527 8528 8529 8530 8607 8608 8609 8610 8611 8692 8693 8694 8695 8779 8780
moead,ns465,7,3,4500,90,154784321.148990,21.298103,0.333333,0.666667,7667 7735 7736 7737 7802 7803 7804 7805 7871 7872 7873 7874 7941 7942 7943 7944 7945 7946 8011 8012 8013 8014 8015 8016 8080 8081 8082 8083 8084 8085 8086 8152 8153 8154 8155 8156 8157 8225 8226 8227 8228 8229 8230 8297 8298 8299 8300 8301 8302 8369 8370 8371 8372 8373 8374 8375 8446 8447 8448 8449 8450 8451 8525 8526 8527 8528 8529 8530 8607 8608 8609 8610 8611 8692 8693 8694 8695 8779 8780
moead,ns465,7,4,4500,90,154784321.148990,21.298103,0.444444,0.555556,7667 7735 7736 7737 7802 7803 7804 7805 7871 7872 7873 7874 7941 7942 7943 7944 7945 7946 8011 8012 8013 8014 8015 8016 8080 8081 8082 8083 8084 8085 8086 8152 8153 8154 8155 8156 8157 8225 8226 8227 8228 8229 8230 8297 8298 8299 8300 8301 8302 8369 8370 8371 8372 8373 8374 8375 8446 8447 8448 8449 8450 8451 8525 8526 8527 8528 8529 8530 8607 8608 8609 8610 8611 8692 8693 8694 8695 8779 8780
moead,ns465,7,5,4500,90,154784321.148990,21.298103,0.555556,0.444444,7667 7735 7736 7737 7802 7803 7804 7805 7871 7872 7873 7874 7941 7942 7943 7944 7945 7946 8011 8012 8013 8014 8015 8016 8080 8081 8082 8083 8084 8085 8086 8152 8153 8154 8155 8156 8157 8225 8226 8227 8228 8229 8230 8297 8298 8299 8300 8301 8302 8369 8370 8371 8372 8373 8374 8375 8446 8447 8448 8449 8450 8451 8525 8526 8527 8528 8529 8530 8607 8608 8609 8610 8611 8692 8693 8694 8695 8779 8780
moead,ns465,7,6,4500,90,154784321.148990,21.298103,0.666667,0.333333,7667 7735 7736 7737 7802 7803 7804 7805 7871 7872 7873 7874 7941 7942 7943 7944 7945 7946 8011 8012 8013 8014 8015 8016 8080 8081 8082 8083 8084 8085 8086 8152 8153 8154 8155 8156 8157 8225 8226 8227 8228 8229 8230 8297 8298 8299 8300 8301 8302 8369 8370 8371 8372 8373 8374 8375 8446 8447 8448 8449 8450 8451 8525 8526 8527 8528 8529 8530 8607 8608 8609 8610 8611 8692 8693 8694 8695 8779 8780
moead,ns465,7,7,4500,90,154784321.148990,21.298103,0.777778,0.222222,7667 7735 7736 7737 7802 7803 7804 7805 7871 7872 7873 7874 7941 7942 7943 7944 7945 7946 8011 8012 8013 8014 8015 8016 8080 8081 8082 8083 8084 8085 8086 8152 8153 8154 8155 8156 8157 8225 8226 8227 8228 8229 8230 8297 8298 8299 8300 8301 8302 8369 8370 8371 8372 8373 8374 8375 8446 8447 8448 8449 8450 8451 8525 8526 8527 8528 8529 8530 8607 8608 8609 8610 8611 8692 8693 8694 8695 8779 8780
moead,ns465,7,8,4500,90,154784321.148990,21.298103,0.888889,0.111111,7667 7735 7736 7737 7802 7803 7804 7805 7871 7872 7873 7874 7941 7942 7943 7944 7945 7946 8011 8012 8013 8014 8015 8016 8080 8081 8082 8083 8084 8085 8086 8152 8153 8154 8155 8156 8157 8225 8226 8227 8228 8229 8230 8297 8298 8299 8300 8301 8302 8369 8370 8371 8372 8373 8374 8375 8446 8447 8448 8449 8450 8451 8525 8526 8527 8528 8529 8530 8607 8608 8609 8610 8611 8692 8693 8694 8695 8779 8780
moead,ns465,7,9,4500,90,154784321.148990,21.298103,1.000000,0.000000,7667 7735 7736 7737 7802 7803 7804 7805 7871 7872 7873 7874 7941 7942 7943 7944 7945 7946 8011 8012 8013 8014 8015 8016 8080 8081 8082 8083 8084 8085 8086 8152 8153 8154 8155 8156 8157 8225 8226 8227 8228 8229 8230 8297 8298 8299 8300 8301 8302 8369 8370 8371 8372 8373 8374 8375 8446 8447 8448 8449 8450 8451 8525 8526 8527 8528 8529 8530 8607 8608 8609 8610 8611 8692 8693 8694 8695 8779 8780
moead,ns465,7,0,4550,91,197374922.161488,254.770717,0.000000,1.000000,92 302 435 458 485 533 705 1267 1996 2294 2506 2650 2655 2915 3156 3204 3355 3503 4107 4143 4404 4964 5021 5186 5524 6014 6311 6317 6429 6470 6796 6818 6913 6917 6921 7184 7209 7260 7265 7320 7539 7608 7657 7666 7745 7952 8181 8235 8697 8896 8915 9807 10159 10280 10286 10420 10458 10696 10897 11059 11067 11231 11253 11268 11286 11344 11349 11416 11591 11628 11744 12467 12881 13595 14594 14652 14666 14673 14701
moead,ns465,7,1,4550,91,154784321.148990,21.298103,0.111111,0.888889,7667 7735 7736 7737 7802 7803 7804 7805 7871 7872 7873 7874 7941 7942 7943 7944 7945 7946 8011 8012 8013 8014 8015 8016 8080 8081 8082 8083 8084 8085 8086 8152 8153 8154 8155 8156 8157 8225 8226 8227 8228 8229 8230 8297 8298 8299 8300 8301 8302 8369 8370 8371 8372 8373 8374 8375 8446 8447 8448 8449 8450 8451 8525 8526 8527 8528 8529 8530 8607 8608 8609 8610 8611 8692 8693 8694 8695 8779 8780
moead,ns465,7,2,4550,91,154784321.148990,21.298103,0.222222,0.777778,7667 7735 7736 7737 7802 7803 7804 7805 7871 7872 7873 7874 7941 7942 7943 7944 7945 7946 8011 8012 8013 8014 8015 8016 8080 8081 8082 8083 8084 8085 8086 8152 8153 8154 8155 8156 8157 8225 8226 8227 8228 8229 8230 8297 8298 8299 8300 8301 8302 8369 8370 8371 8372 8373 8374 8375 8446 8447 8448 8449 8450 8451 8525 8526 8527 8528 8529 8530 8607 8608 8609 8610 8611 8692 8693 8694 8695 8779 8780
moead,ns465,7,3,4550,91,154784321.148990,21.298103,0.333333,0.666667,7667 7735 7736 7737 7802 7803 7804 7805 7871 7872 7873 7874 7941 7942 7943 7944 7945 7946 8011 8012 8013 8014 8015 8016 8080 8081 8082 8083 8084 8085 8086 8152 8153 8154 8155 8156 8157 8225 8226 8227 8228 8229 8230 8297 8298 8299 8300 8301 8302 8369 8370 8371 8372 8373 8374 8375 8446 8447 8448 8449 8450 8451 8525 8526 8527 8528 8529 8530 8607 8608 8609 8610 8611 8692 8693 8694 8695 8779 8780
moead,ns465,7,4,4550,91,154784321.148990,21.298103,0.444444,0.555556,7667 7735 7736 7737 7802 7803 7804 7805 7871 7872 7873 7874 7941 7942 7943 7944 7945 7946 8011 8012 8013 8014 8015 8016 8080 8081 8082 8083 8084 8085 8086 8152 8153 8154 8155 8156 8157 8225 8226 8227 8228 8229 8230 8297 8298 8299 8300 8301 8302 8369 8370 8371 8372 8373 8374 8375 8446 8447 8448 8449 8450 8451 8525 8526 8527 8528 8529 8530 8607 8608 8609 8610 8611 8692 8693 8694 8695 8779 8780
moead,ns465,7,5,4550,91,154784321.148990,21.298103,0.555556,0.444444,7667 7735 7736 7737 7802 7803 7804 7805 7871 7872 7873 7874 7941 7942 7943 7944 7945 7946 8011 8012 8013 8014 8015 8016 8080 8081 8082 8083 8084 8085 8086 8152 8153 8154 8155 8156 8157 8225 8226 8227 8228 8229 8230 8297 8298 8299 8300 8301 8302 8369 8370 8371 8372 8373 8374 8375 8446 8447 8448 8449 8450 8451 8525 8526 8527 8528 8529 8530 8607 8608 8609 8610 8611 8692 8693 8694 8695 8779 8780
moead,ns465,7,6,4550,91,154784321.148990,21.298103,0.666667,0.333333,7667 7735 7736 7737 7802 7803 7804 7805 7871 7872 7873 7874 7941 7942 7943 7944 7945 7946 8011 8012 8013 8014 8015 8016 8080 8081 8082 8083 8084 8085 8086 8152 8153 8154 8155 8156 8157 8225 8226 8227 8228 8229 8230 8297 8298 8299 8300 8301 8302 8369 8370 8371 8372 8373 8374 8375 8446 8447 8448 8449 8450 8451 8525 8526 8527 8528 8529 8530 8607 8608 8609 8610 8611 8692 8693 8694 8695 8779 8780
moead,ns465,7,7,4550,91,154784321.148990,21.298103,0.777778,0.222222,7667 7735 7736 7737 7802 7803 7804 7805 7871 7872 7873 7874 7941 7942 7943 7944 7945 7946 8011 8012 8013 8014 8015 8016 8080 8081 8082 8083 8084 8085 8086 8152 8153 8154 8155 8156 8157 8225 8226 8227 8228 8229 8230 8297 8298 8299 8300 8301 8302 8369 8370 8371 8372 8373 8374 8375 8446 8447 8448 8449 8450 8451 8525 8526 8527 8528 8529 8530 8607 8608 8609 8610 8611 8692 8693 8694 8695 8779 8780
moead,ns465,7,8,4550,91,154784321.148990,21.298103,0.888889,0.111111,7667 7735 7736 7737 7802 7803 7804 7805 7871 7872 7873 7874 7941 7942 7943 7944 7945 7946 8011 8012 8013 8014 8015 8016 8080 8081 8082 8083 8084 8085 8086 8152 8153 8154 8155 8156 8157 8225 8226 8227 8228 8229 8230 8297 8298 8299 8300 8301 8302 8369 8370 8371 8372 8373 8374 8375 8446 8447 8448 8449 8450 8451 8525 8526 8527 8528 8529 8530 8607 8608 8609 8610 8611 8692 8693 8694 8695 8779 8780
moead,ns465,7,9,4550,91,154784321.148990,21.298103,1.000000,0.000000,7667 7735 7736 7737 7802 7803 7804 7805 7871 7872 7873 7874 7941 7942 7943 7944 7945 7946 8011 8012 8013 8014 8015 8016 8080 8081 8082 8083 8084 8085 8086 8152 8153 8154 8155 8156 8157 8225 8226 8227 8228 8229 8230 8297 8298 8299 8300 8301 8302 8369 8370 8371 8372 8373 8374 8375 8446 8447 8448 8449 8450 8451 8525 8526 8527 8528 8529 8530 8607 8608 8609 8610 8611 8692 8693 8694 8695 8779 8780
moead,ns465,7,0,4600,92,197374922.161488,254.770717,0.000000,1.000000,92 302 435 458 485 533 705 1267 1996 2294 2506 2650 2655 2915 3156 3204 3355 3503 4107 4143 4404 4964 5021 5186 5524 6014 6311 6317 6429 6470 6796 6818 6913 6917 6921 7184 7209 7260 7265 7320 7539 7608 7657 7666 7745 7952 8181 8235 8697 8896 8915 9807 10159 10280 10286 10420 10458 10696 10897 11059 11067 11231 11253 11268 11286 11344 11349 11416 11591 11628 11744 12467 12881 13595 14594 14652 14666 14673 14701
moead,ns465,7,1,4600,92,154784321.148990,21.298103,0.111111,0.888889,7667 7735 7736 7737 7802 7803 7804 7805 7871 7872 7873 7874 7941 7942 7943 7944 7945 7946 8011 8012 8013 8014 8015 8016 8080 8081 8082 8083 8084 8085 8086 8152 8153 8154 8155 8156 8157 8225 8226 8227 8228 8229 8230 8297 8298 8299 8300 8301 8302 8369 8370 8371 8372 8373 8374 8375 8446 8447 8448 8449 8450 8451 8525 8526 8527 8528 8529 8530 8607 8608 8609 8610 8611 8692 8693 8694 8695 8779 8780
moead,ns465,7,2,4600,92,154784321.148990,21.298103,0.222222,0.777778,7667 7735 7736 7737 7802 7803 7804 7805 7871 7872 7873 7874 7941 7942 7943 7944 7945 7946 8011 8012 8013 8014 8015 8016 8080 8081 8082 8083 8084 8085 8086 8152 8153 8154 8155 8156 8157 8225 8226 8227 8228 8229 8230 8297 8298 8299 8300 8301 8302 8369 8370 8371 8372 8373 8374 8375 8446 8447 8448 8449 8450 8451 8525 8526 8527 8528 8529 8530 8607 8608 8609 8610 8611 8692 8693 8694 8695 8779 8780
moead,ns465,7,3,4600,92,154784321.148990,21.298103,0.333333,0.666667,7667 7735 7736 7737 7802 7803 7804 7805 7871 7872 7873 7874 7941 7942 7943 7944 7945 7946 8011 8012 8013 8014 8015 8016 8080 8081 8082 8083 8084 8085 8086 8152 8153 8154 8155 8156 8157 8225 8226 8227 8228 8229 8230 8297 8298 8299 8300 8301 8302 8369 8370 8371 8372 8373 8374 8375 8446 8447 8448 8449 8450 8451 8525 8526 8527 8528 8529 8530 8607 8608 8609 8610 8611 8692 8693 8694 8695 8779 8780
moead,ns465,7,4,4600,92,154784321.148990,21.298103,0.444444,0.555556,7667 7735 7736 7737 7802 7803 7804 7805 7871 7872 7873 7874 7941 7942 7943 7944 7945 7946 8011 8012 8013 8014 8015 8016 8080 8081 8082 8083 8084 8085 8086 8152 8153 8154 8155 8156 8157 8225 8226 8227 8228 8229 8230 8297 8298 8299 8300 8301 8302 8369 8370 8371 8372 8373 8374 8375 8446 8447 8448 8449 8450 8451 8525 8526 8527 8528 8529 8530 8607 8608 8609 8610 8611 8692 8693 8694 8695 8779 8780
moead,ns465,7,5,4600,92,154784321.148990,21.298103,0.555556,0.444444,7667 7735 7736 7737 7802 7803 7804 7805 7871 7872 7873 7874 7941 7942 7943 7944 7945 7946 8011 8012 8013 8014 8015 8016 8080 8081 8082 8083 8084 8085 8086 8152 8153 8154 8155 8156 8157 8225 8226 8227 8228 8229 8230 8297 8298 8299 8300 8301 8302 8369 8370 8371 8372 8373 8374 8375 8446 8447 8448 8449 8450 8451 8525 8526 8527 8528 8529 8530 8607 8608 8609 8610 8611 8692 8693 8694 8695 8779 8780
moead,ns465,7,6,4600,92,154784321.148990,21.298103,0.666667,0.333333,7667 7735 7736 7737 7802 7803 7804 7805 7871 7872 7873 7874 7941 7942 7943 7944 7945 7946 8011 8012 8013 8014 8015 8016 8080 8081 8082 8083 8084 8085 8086 8152 8153 8154 8155 8156 8157 8225 8226 8227 8228 8229 8230 8297 8298 8299 8300 8301 8302 8369 8370 8371 8372 8373 8374 8375 8446 8447 8448 8449 8450 8451 8525 8526 8527 8528 8529 8530 8607 8608 8609 8610 8611 8692 8693 8694 8695 8779 8780
moead,ns465,7,7,4600,92,154784321.148990,21.298103,0.777778,0.222222,7667 7735 7736 7737 7802 7803 7804 7805 7871 7872 7873 7874 7941 7942 7943 7944 7945 7946 8011 8012 8013 8014 8015 8016 8080 8081 8082 8083 8084 8085 8086 8152 8153 8154 8155 8156 8157 8225 8226 8227 8228 8229 8230 8297 8298 8299 8300 8301 8302 8369 8370 8371 8372 8373 8374 8375 8446 8447 8448 8449 8450 8451 8525 8526 8527 8528 8529 8530 8607 8608 8609 8610 8611 8692 8693 8694 8695 8779 8780
moead,ns465,7,8,4600,92,154784321.148990,21.298103,0.888889,0.111111,7667 7735 7736 7737 7802 7803 7804 7805 7871 7872 7873 7874 7941 7942 7943 7944 7945 7946 8011 8012 8013 8014 8015 8016 8080 8081 8082 8083 8084 8085 8086 8152 8153 8154 8155 8156 8157 8225 8226 8227 8228 8229 8230 8297 8298 8299 8300 8301 8302 8369 8370 8371 8372 8373 8374 8375 8446 8447 8448 8449 8450 8451 8525 8526 8527 8528 8529 8530 8607 8608 8609 8610 8611 8692 8693 8694 8695 8779 8780
moead,ns465,7,9,4600,92,154784321.148990,21.298103,1.000000,0.000000,7667 7735 7736 7737 7802 7803 7804 7805 7871 7872 7873 7874 7941 7942 7943 7944 7945 7946 8011 8012 8013 8014 8015 8016 8080 8081 8082 8083 8084 8085 8086 8152 8153 8154 8155 8156 8157 8225 8226 8227 8228 8229 8230 8297 8298 8299 8300 8301 8302 8369 8370 8371 8372 8373 8374 8375 8446 8447 8448 8449 8450 8451 8525 8526 8527 8528 8529 8530 8607 8608 8609 8610 8611 8692 8693 8694 8695 8779 8780
moead,ns465,7,0,4650,93,197374922.161488,254.770717,0.000000,1.000000,92 302 435 458 485 533 705 1267 1996 2294 2506 2650 2655 2915 3156 3204 3355 3503 4107 4143 4404 4964 5021 5186 5524 6014 6311 6317 6429 6470 6796 6818 6913 6917 6921 7184 7209 7260 7265 7320 7539 7608 7657 7666 7745 7952 8181 8235 8697 8896 8915 9807 10159 10280 10286 10420 10458 10696 10897 11059 11067 11231 11253 11268 11286 11344 11349 11416 11591 11628 11744 12467 12881 13595 14594 14652 14666 14673 14701
moead,ns465,7,1,4650,93,154784321.148990,21.298103,0.111111,0.888889,7667 7735 7736 7737 7802 7803 7804 7805 7871 7872 7873 7874 7941 7942 7943 7944 7945 7946 8011 8012 8013 8014 8015 8016 8080 8081 8082 8083 8084 8085 8086 8152 8153 8154 8155 8156 8157 8225 8226 8227 8228 8229 8230 8297 8298 8299 8300 8301 8302 8369 8370 8371 8372 8373 8374 8375 8446 8447 8448 8449 8450 8451 8525 8526 8527 8528 8529 8530 8607 8608 8609 8610 8611 8692 8693 8694 8695 8779 8780
moead,ns465,7,2,4650,93,154784321.148990,21.298103,0.222222,0.777778,7667 7735 7736 7737 7802 7803 7804 7805 7871 7872 7873 7874 7941 7942 7943 7944 7945 7946 8011 8012 8013 8014 8015 8016 8080 8081 8082 8083 8084 8085 8086 8152 8153 8154 8155 8156 8157 8225 8226 8227 8228 8229 8230 8297 8298 8299 8300 8301 8302 8369 8370 8371 8372 8373 8374 8375 8446 8447 8448 8449 8450 8451 8525 8526 8527 8528 8529 8530 8607 8608 8609 8610 8611 8692 8693 8694 8695 8779 8780
moead,ns465,7,3,4650,93,154784321.148990,21.298103,0.333333,0.666667,7667 7735 7736 7737 7802 7803 7804 7805 7871 7872 7873 7874 7941 7942 7943 7944 7945 7946 8011 8012 8013 8014 8015 8016 8080 8081 8082 8083 8084 8085 8086 8152 8153 8154 8155 8156 8157 8225 8226 8227 8228 8229 8230 8297 8298 8299 8300 8301 8302 8369 8370 8371 8372 8373 8374 8375 8446 8447 8448 8449 8450 8451 8525 8526 8527 8528 8529 8530 8607 8608 8609 8610 8611 8692 8693 8694 8695 8779 8780
moead,ns465,7,4,4650,93,154784321.148990,21.298103,0.444444,0.555556,7667 7735 7736 7737 7802 7803 7804 7805 7871 7872 7873 7874 7941 7942 7943 7944 7945 7946 8011 8012 8013 8014 8015 8016 8080 8081 8082 8083 8084 8085 8086 8152 8153 8154 8155 8156 8157 8225 8226 8227 8228 8229 8230 8297 8298 8299 8300 8301 8302 8369 8370 8371 8372 8373 8374 8375 8446 8447 8448 8449 8450 8451 8525 8526 8527 8528 8529 8530 8607 8608 8609 8610 8611 8692 8693 8694 8695 8779 8780
moead,ns465,7,5,4650,93,154784321.148990,21.298103,0.555556,0.444444,7667 7735 7736 7737 7802 7803 7804 7805 7871 7872 7873 7874 7941 7942 7943 7944 7945 7946 8011 8012 8013 8014 8015 8016 8080 8081 8082 8083 8084 8085 8086 8152 8153 8154 8155 8156 8157 8225 8226 8227 8228 8229 8230 8297 8298 8299 8300 8301 8302 8369 8370 8371 8372 8373 8374 8375 8446 8447 8448 8449 8450 8451 8525 8526 8527 8528 8529 8530 8607 8608 8609 8610 8611 8692 8693 8694 8695 8779 8780
moead,ns465,7,6,4650,93,154784321.148990,21.298103,0.666667,0.333333,7667 7735 7736 7737 7802 7803 7804 7805 7871 7872 7873 7874 7941 7942 7943 7944 7945 7946 8011 8012 8013 8014 8015 8016 8080 8081 8082 8083 8084 8085 8086 8152 8153 8154 8155 8156 8157 8225 8226 8227 8228 8229 8230 8297 8298 8299 8300 8301 8302 8369 8370 8371 8372 8373 8374 8375 8446 8447 8448 8449 8450 8451 8525 8526 8527 8528 8529 8530 8607 8608 8609 8610 8611 8692 8693 8694 8695 8779 8780
moead,ns465,7,7,4650,93,154784321.148990,21.298103,0.777778,0.222222,7667 7735 7736 7737 7802 7803 7804 7805 7871 7872 7873 7874 7941 7942 7943 7944 7945 7946 8011 8012 8013 8014 8015 8016 8080 8081 8082 8083 8084 8085 8086 8152 8153 8154 8155 8156 8157 8225 8226 8227 8228 8229 8230 8297 8298 8299 8300 8301 8302 8369 8370 8371 8372 8373 8374 8375 8446 8447 8448 8449 8450 8451 8525 8526 8527 8528 8529 8530 8607 8608 8609 8610 8611 8692 8693 8694 8695 8779 8780
moead,ns465,7,8,4650,93,154784321.148990,21.298103,0.888889,0.111111,7667 7735 7736 7737 7802 7803 7804 7805 7871 7872 7873 7874 7941 7942 7943 7944 7945 7946 8011 8012 8013 8014 8015 8016 8080 8081 8082 8083 8084 8085 8086 8152 8153 8154 8155 8156 8157 8225 8226 8227 8228 8229 8230 8297 8298 8299 8300 8301 8302 8369 8370 8371 8372 8373 8374 8375 8446 8447 8448 8449 8450 8451 8525 8526 8527 8528 8529 8530 8607 8608 8609 8610 8611 8692 8693 8694 8695 8779 8780
moead,ns465,7,9,4650,93,154784321.148990,21.298103,1.000000,0.000000,7667 7735 7736 7737 7802 7803 7804 7805 7871 7872 7873 7874 7941 7942 7943 7944 7945 7946 8011 8012 8013 8014 8015 8016 8080 8081 8082 8083 8084 8085 8086 8152 8153 8154 8155 8156 8157 8225 8226 8227 8228 8229 8230 8297 8298 8299 8300 8301 8302 8369 8370 8371 8372 8373 8374 8375 8446 8447 8448 8449 8450 8451 8525 8526 8527 8528 8529 8530 8607 8608 8609 8610 8611 8692 8693 8694 8695 8779 8780
moead,ns465,7,0,4700,94,196761713.139928,254.843689,0.000000,1.000000,302 435 458 485 533 705 1267 1996 2294 2506 2650 2655 2915 3156 3204 3355 3503 4107 4143 4404 4864 4964 5021 5186 5524 6014 6311 6317 6429 6470 6796 6818 6913 6917 6921 7184 7209 7260 7265 7320 7539 7608 7657 7666 7745 7952 8181 8235 8499 8697 8896 8915 9807 10280 10286 10420 10458 10696 10897 11059 11067 11231 11268 11286 11344 11349 11416 11591 11628 11744 12467 12881 13595 14216 14594 14652 14666 14673 14701
moead,ns465,7,1,4700,94,154784321.148990,21.298103,0.111111,0.888889,7667 7735 7736 7737 7802 7803 7804 7805 7871 7872 7873 7874 7941 7942 7943 7944 7945 7946 8011 8012 8013 8014 8015 8016 8080 8081 8082 8083 8084 8085 8086 8152 8153 8154 8155 8156 8157 8225 8226 8227 8228 8229 8230 8297 8298 8299 8300 8301 8302 8369 8370 8371 8372 8373 8374 8375 8446 8447 8448 8449 8450 8451 8525 8526 8527 8528 8529 8530 8607 8608 8609 8610 8611 8692 8693 8694 8695 8779 8780
moead,ns465,7,2,4700,94,154784321.148990,21.298103,0.222222,0.777778,7667 7735 7736 7737 7802 7803 7804 7805 7871 7872 7873 7874 7941 7942 7943 7944 7945 7946 8011 8012 8013 8014 8015 8016 8080 8081 8082 8083 8084 8085 8086 8152 8153 8154 8155 8156 8157 8225 8226 8227 8228 8229 8230 8297 8298 8299 8300 8301 8302 8369 8370 8371 8372 8373 8374 8375 8446 8447 8448 8449 8450 8451 8525 8526 8527 8528 8529 8530 8607 8608 8609 8610 8611 8692 8693 8694 8695 8779 8780
moead,ns465,7,3,4700,94,154784321.148990,21.298103,0.333333,0.666667,7667 7735 7736 7737 7802 7803 7804 7805 7871 7872 7873 7874 7941 7942 7943 7944 7945 7946 8011 8012 8013 8014 8015 8016 8080 8081 8082 8083 8084 8085 8086 8152 8153 8154 8155 8156 8157 8225 8226 8227 8228 8229 8230 8297 8298 8299 8300 8301 8302 8369 8370 8371 8372 8373 8374 8375 8446 8447 8448 8449 8450 8451 8525 8526 8527 8528 8529 8530 8607 8608 8609 8610 8611 8692 8693 8694 8695 8779 8780
moead,ns465,7,4,4700,94,154784321.148990,21.298103,0.444444,0.555556,7667 7735 7736 7737 7802 7803 7804 7805 7871 7872 7873 7874 7941 7942 7943 7944 7945 7946 8011 8012 8013 8014 8015 8016 8080 8081 8082 8083 8084 8085 8086 8152 8153 8154 8155 8156 8157 8225 8226 8227 8228 8229 8230 8297 8298 8299 8300 8301 8302 8369 8370 8371 8372 8373 8374 8375 8446 8447 8448 8449 8450 8451 8525 8526 8527 8528 8529 8530 8607 8608 8609 8610 8611 8692 8693 8694 8695 8779 8780
moead,ns465,7,5,4700,94,154784321.148990,21.298103,0.555556,0.444444,7667 7735 7736 7737 7802 7803 7804 7805 7871 7872 7873 7874 7941 7942 7943 7944 7945 7946 8011 8012 8013 8014 8015 8016 8080 8081 8082 8083 8084 8085 8086 8152 8153 8154 8155 8156 8157 8225 8226 8227 8228 8229 8230 8297 8298 8299 8300 8301 8302 8369 8370 8371 8372 8373 8374 8375 8446 8447 8448 8449 8450 8451 8525 8526 8527 8528 8529 8530 8607 8608 8609 8610 8611 8692 8693 8694 8695 8779 8780
moead,ns465,7,6,4700,94,154784321.148990,21.298103,0.666667,0.333333,7667 7735 7736 7737 7802 7803 7804 7805 7871 7872 7873 7874 7941 7942 7943 7944 7945 7946 8011 8012 8013 8014 8015 8016 8080 8081 8082 8083 8084 8085 8086 8152 8153 8154 8155 8156 8157 8225 8226 8227 8228 8229 8230 8297 8298 8299 8300 8301 8302 8369 8370 8371 8372 8373 8374 8375 8446 8447 8448 8449 8450 8451 8525 8526 8527 8528 8529 8530 8607 8608 8609 8610 8611 8692 8693 8694 8695 8779 8780
moead,ns465,7,7,4700,94,154784321.148990,21.298103,0.777778,0.222222,7667 7735 7736 7737 7802 7803 7804 7805 7871 7872 7873 7874 7941 7942 7943 7944 7945 7946 8011 8012 8013 8014 8015 8016 8080 8081 8082 8083 8084 8085 8086 8152 8153 8154 8155 8156 8157 8225 8226 8227 8228 8229 8230 8297 8298 8299 8300 8301 8302 8369 8370 8371 8372 8373 8374 8375 8446 8447 8448 8449 8450 8451 8525 8526 8527 8528 8529 8530 8607 8608 8609 8610 8611 8692 8693 8694 8695 8779 8780
moead,ns465,7,8,4700,94,154784321.148990,21.298103,0.888889,0.111111,7667 7735 7736 7737 7802 7803 7804 7805 7871 7872 7873 7874 7941 7942 7943 7944 7945 7946 8011 8012 8013 8014 8015 8016 8080 8081 8082 8083 8084 8085 8086 8152 8153 8154 8155 8156 8157 8225 8226 8227 8228 8229 8230 8297 8298 8299 8300 8301 8302 8369 8370 8371 8372 8373 8374 8375 8446 8447 8448 8449 8450 8451 8525 8526 8527 8528 8529 8530 8607 8608 8609 8610 8611 8692 8693 8694 8695 8779 8780
moead,ns465,7,9,4700,94,154784321.148990,21.298103,1.000000,0.000000,7667 7735 7736 7737 7802 7803 7804 7805 7871 7872 7873 7874 7941 7942 7943 7944 7945 7946 8011 8012 8013 8014 8015 8016 8080 8081 8082 8083 8084 8085 8086 8152 8153 8154 8155 8156 8157 8225 8226 8227 8228 8229 8230 8297 8298 8299 8300 8301 8302 8369 8370 8371 8372 8373 8374 8375 8446 8447 8448 8449 8450 8451 8525 8526 8527 8528 8529 8530 8607 8608 8609 8610 8611 8692 8693 8694 8695 8779 8780
moead,ns465,7,0,4750,95,197493146.409145,254.843689,0.000000,1.000000,302 435 458 485 533 705 1267 1996 2294 2506 2650 2655 2915 3156 3204 3355 3503 4107 4143 4404 4864 4964 5021 5186 5524 6014 6311 6317 6429 6470 6796 6818 6913 6917 6921 7184 7209 7260 7265 7320 7539 7608 7657 7666 7952 8181 8235 8499 8697 8896 8915 9807 10084 10280 10286 10420 10458 10696 10897 11059 11067 11231 11268 11286 11344 11349 11416 11591 11628 11744 12467 12881 13595 14216 14594 14652 14666 14673 14701
moead,ns465,7,1,4750,95,154784321.148990,21.298103,0.111111,0.888889,7667 7735 7736 7737 7802 7803 7804 7805 7871 7872 7873 7874 7941 7942 7943 7944 7945 7946 8011 8012 8013 8014 8015 8016 8080 8081 8082 8083 8084 8085 8086 8152 8153 8154 8155 8156 8157 8225 8226 8227 8228 8229 8230 8297 8298 8299 8300 8301 8302 8369 8370 8371 8372 8373 8374 8375 8446 8447 8448 8449 8450 8451 8525 8526 8527 8528 8529 8530 8607 8608 8609 8610 8611 8692 8693 8694 8695 8779 8780
moead,ns465,7,2,4750,95,154784321.148990,21.298103,0.222222,0.777778,7667 7735 7736 7737 7802 7803 7804 7805 7871 7872 7873 7874 7941 7942 7943 7944 7945 7946 8011 8012 8013 8014 8015 8016 8080 8081 8082 8083 8084 8085 8086 8152 8153 8154 8155 8156 8157 8225 8226 8227 8228 8229 8230 8297 8298 8299 8300 8301 8302 8369 8370 8371 8372 8373 8374 8375 8446 8447 8448 8449 8450 8451 8525 8526 8527 8528 8529 8530 8607 8608 8609 8610 8611 8692 8693 8694 8695 8779 8780
moead,ns465,7,3,4750,95,154784321.148990,21.298103,0.333333,0.666667,7667 7735 7736 7737 7802 7803 7804 7805 7871 7872 7873 7874 7941 7942 7943 7944 7945 7946 8011 8012 8013 8014 8015 8016 8080 8081 8082 8083 8084 8085 8086 8152 8153 8154 8155 8156 8157 8225 8226 8227 8228 8229 8230 8297 8298 8299 8300 8301 8302 8369 8370 8371 8372 8373 8374 8375 8446 8447 8448 8449 8450 8451 8525 8526 8527 8528 8529 8530 8607 8608 8609 8610 8611 8692 8693 8694 8695 8779 8780
moead,ns465,7,4,4750,95,154784321.148990,21.298103,0.444444,0.555556,7667 7735 7736 7737 7802 7803 7804 7805 7871 7872 7873 7874 7941 7942 7943 7944 7945 7946 8011 8012 8013 8014 8015 8016 8080 8081 8082 8083 8084 8085 8086 8152 8153 8154 8155 8156 8157 8225 8226 8227 8228 8229 8230 8297 8298 8299 8300 8301 8302 8369 8370 8371 8372 8373 8374 8375 8446 8447 8448 8449 8450 8451 8525 8526 8527 8528 8529 8530 8607 8608 8609 8610 8611 8692 8693 8694 8695 8779 8780
moead,ns465,7,5,4750,95,154784321.148990,21.298103,0.555556,0.444444,7667 7735 7736 7737 7802 7803 7804 7805 7871 7872 7873 7874 7941 7942 7943 7944 7945 7946 8011 8012 8013 8014 8015 8016 8080 8081 8082 8083 8084 8085 8086 8152 8153 8154 8155 8156 8157 8225 8226 8227 8228 8229 8230 8297 8298 8299 8300 8301 8302 8369 8370 8371 8372 8373 8374 8375 8446 8447 8448 8449 8450 8451 8525 8526 8527 8528 8529 8530 8607 8608 8609 8610 8611 8692 8693 8694 8695 8779 8780
moead,ns465,7,6,4750,95,154784321.148990,21.298103,0.666667,0.333333,7667 7735 7736 7737 7802 7803 7804 7805 7871 7872 7873 7874 7941 7942 7943 7944 7945 7946 8011 8012 8013 8014 8015 8016 8080 8081 8082 8083 8084 8085 8086 8152 8153 8154 8155 8156 8157 8225 8226 8227 8228 8229 8230 8297 8298 8299 8300 8301 8302 8369 8370 8371 8372 8373 8374 8375 8446 8447 8448 8449 8450 8451 8525 8526 8527 8528 8529 8530 8607 8608 8609 8610 8611 8692 8693 8694 8695 8779 8780
moead,ns465,7,7,4750,95,154784321.148990,21.298103,0.777778,0.222222,7667 7735 7736 7737 7802 7803 7804 7805 7871 7872 7873 7874 7941 7942 7943 7944 7945 7946 8011 8012 8013 8014 8015 8016 8080 8081 8082 8083 8084 8085 8086 8152 8153 8154 8155 8156 8157 8225 8226 8227 8228 8229 8230 8297 8298 8299 8300 8301 8302 8369 8370 8371 8372 8373 8374 8375 8446 8447 8448 8449 8450 8451 8525 8526 8527 8528 8529 8530 8607 8608 8609 8610 8611 8692 8693 8694 8695 8779 8780
moead,ns465,7,8,4750,95,154784321.148990,21.298103,0.888889,0.111111,7667 7735 7736 7737 7802 7803 7804 7805 7871 7872 7873 7874 7941 7942 7943 7944 7945 7946 8011 8012 8013 8014 8015 8016 8080 8081 8082 8083 8084 8085 8086 8152 8153 8154 8155 8156 8157 8225 8226 8227 8228 8229 8230 8297 8298 8299 8300 8301 8302 8369 8370 8371 8372 8373 8374 8375 8446 8447 8448 8449 8450 8451 8525 8526 8527 8528 8529 8530 8607 8608 8609 8610 8611 8692 8693 8694 8695 8779 8780
moead,ns465,7,9,4750,95,154784321.148990,21.298103,1.000000,0.000000,7667 7735 7736 7737 7802 7803 7804 7805 7871 7872 7873 7874 7941 7942 7943 7944 7945 7946 8011 8012 8013 8014 8015 8016 8080 8081 8082 8083 8084 8085 8086 8152 8153 8154 8155 8156 8157 8225 8226 8227 8228 8229 8230 8297 8298 8299 8300 8301 8302 8369 8370 8371 8372 8373 8374 8375 8446 8447 8448 8449 8450 8451 8525 8526 8527 8528 8529 8530 8607 8608 8609 8610 8611 8692 8693 8694 8695 8779 8780
moead,ns465,7,0,4800,96,197493146.409145,254.843689,0.000000,1.000000,302 435 458 485 533 705 1267 1996 2294 2506 2650 2655 2915 3156 3204 3355 3503 4107 4143 4404 4864 4964 5021 5186 5524 6014 6311 6317 6429 6470 6796 6818 6913 6917 6921 7184 7209 7260 7265 7320 7539 7608 7657 7666 7952 8181 8235 8499 8697 8896 8915 9807 10084 10280 10286 10420 10458 10696 10897 11059 11067 11231 11268 11286 11344 11349 11416 11591 11628 11744 12467 12881 13595 14216 14594 14652 14666 14673 14701
moead,ns465,7,1,4800,96,154784321.148990,21.298103,0.111111,0.888889,7667 7735 7736 7737 7802 7803 7804 7805 7871 7872 7873 7874 7941 7942 7943 7944 7945 7946 8011 8012 8013 8014 8015 8016 8080 8081 8082 8083 8084 8085 8086 8152 8153 8154 8155 8156 8157 8225 8226 8227 8228 8229 8230 8297 8298 8299 8300 8301 8302 8369 8370 8371 8372 8373 8374 8375 8446 8447 8448 8449 8450 8451 8525 8526 8527 8528 8529 8530 8607 8608 8609 8610 8611 8692 8693 8694 8695 8779 8780
moead,ns465,7,2,4800,96,154784321.148990,21.298103,0.222222,0.777778,7667 7735 7736 7737 7802 7803 7804 7805 7871 7872 7873 7874 7941 7942 7943 7944 7945 7946 8011 8012 8013 8014 8015 8016 8080 8081 8082 8083 8084 8085 8086 8152 8153 8154 8155 8156 8157 8225 8226 8227 8228 8229 8230 8297 8298 8299 8300 8301 8302 8369 8370 8371 8372 8373 8374 8375 8446 8447 8448 8449 8450 8451 8525 8526 8527 8528 8529 8530 8607 8608 8609 8610 8611 8692 8693 8694 8695 8779 8780
moead,ns465,7,3,4800,96,154784321.148990,21.298103,0.333333,0.666667,7667 7735 7736 7737 7802 7803 7804 7805 7871 7872 7873 7874 7941 7942 7943 7944 7945 7946 8011 8012 8013 8014 8015 8016 8080 8081 8082 8083 8084 8085 8086 8152 8153 8154 8155 8156 8157 8225 8226 8227 8228 8229 8230 8297 8298 8299 8300 8301 8302 8369 8370 8371 8372 8373 8374 8375 8446 8447 8448 8449 8450 8451 8525 8526 8527 8528 8529 8530 8607 8608 8609 8610 8611 8692 8693 8694 8695 8779 8780
moead,ns465,7,4,4800,96,154784321.148990,21.298103,0.444444,0.555556,7667 7735 7736 7737 7802 7803 7804 7805 7871 7872 7873 7874 7941 7942 7943 7944 7945 7946 8011 8012 8013 8014 8015 8016 8080 8081 8082 8083 8084 8085 8086 8152 8153 8154 8155 8156 8157 8225 8226 8227 8228 8229 8230 8297 8298 8299 8300 8301 8302 8369 8370 8371 8372 8373 8374 8375 8446 8447 8448 8449 8450 8451 8525 8526 8527 8528 8529 8530 8607 8608 8609 8610 8611 8692 8693 8694 8695 8779 8780
moead,ns465,7,5,4800,96,154784321.148990,21.298103,0.555556,0.444444,7667 7735 7736 7737 7802 7803 7804 7805 7871 7872 7873 7874 7941 7942 7943 7944 7945 7946 8011 8012 8013 8014 8015 8016 8080 8081 8082 8083 8084 8085 8086 8152 8153 8154 8155 8156 8157 8225 8226 8227 8228 8229 8230 8297 8298 8299 8300 8301 8302 8369 8370 8371 8372 8373 8374 8375 8446 8447 8448 8449 8450 8451 8525 8526 8527 8528 8529 8530 8607 8608 8609 8610 8611 8692 8693 8694 8695 8779 8780
moead,ns465,7,6,4800,96,154784321.148990,21.298103,0.666667,0.333333,7667 7735 7736 7737 7802 7803 7804 7805 7871 7872 7873 7874 7941 7942 7943 7944 7945 7946 8011 8012 8013 8014 8015 8016 8080 8081 8082 8083 8084 8085 8086 8152 8153 8154 8155 8156 8157 8225 8226 8227 8228 8229 8230 8297 8298 8299 8300 8301 8302 8369 8370 8371 8372 8373 8374 8375 8446 8447 8448 8449 8450 8451 8525 8526 8527 8528 8529 8530 8607 8608 8609 8610 8611 8692 8693 8694 8695 8779 8780
moead,ns465,7,7,4800,96,154784321.148990,21.298103,0.777778,0.222222,7667 7735 7736 7737 7802 7803 7804 7805 7871 7872 7873 7874 7941 7942 7943 7944 7945 7946 8011 8012 8013 8014 8015 8016 8080 8081 8082 8083 8084 8085 8086 8152 8153 8154 8155 8156 8157 8225 8226 8227 8228 8229 8230 8297 8298 8299 8300 8301 8302 8369 8370 8371 8372 8373 8374 8375 8446 8447 8448 8449 8450 8451 8525 8526 8527 8528 8529 8530 8607 8608 8609 8610 8611 8692 8693 8694 8695 8779 8780
moead,ns465,7,8,4800,96,154784321.148990,21.298103,0.888889,0.111111,7667 7735 7736 7737 7802 7803 7804 7805 7871 7872 7873 7874 7941 7942 7943 7944 7945 7946 8011 8012 8013 8014 8015 8016 8080 8081 8082 8083 8084 8085 8086 8152 8153 8154 8155 8156 8157 8225 8226 8227 8228 8229 8230 8297 8298 8299 8300 8301 8302 8369 8370 8371 8372 8373 8374 8375 8446 8447 8448 8449 8450 8451 8525 8526 8527 8528 8529 8530 8607 8608 8609 8610 8611 8692 8693 8694 8695 8779 8780
moead,ns465,7,9,4800,96,154784321.148990,21.298103,1.000000,0.000000,7667 7735 7736 7737 7802 7803 7804 7805 7871 7872 7873 7874 7941 7942 7943 7944 7945 7946 8011 8012 8013 8014 8015 8016 8080 8081 8082 8083 8084 8085 8086 8152 8153 8154 8155 8156 8157 8225 8226 8227 8228 8229 8230 8297 8298 8299 8300 8301 8302 8369 8370 8371 8372 8373 8374 8375 8446 8447 8448 8449 8450 8451 8525 8526 8527 8528 8529 8530 8607 8608 8609 8610 8611 8692 8693 8694 8695 8779 8780
moead,ns465,7,0,4850,97,197493146.409145,254.843689,0.000000,1.000000,302 435 458 485 533 705 1267 1996 2294 2506 2650 2655 2915 3156 3204 3355 3503 4107 4143 4404 4864 4964 5021 5186 5524 6014 6311 6317 6429 6470 6796 6818 6913 6917 6921 7184 7209 7260 7265 7320 7539 7608 7657 7666 7952 8181 8235 8499 8697 8896 8915 9807 10084 10280 10286 10420 10458 10696 10897 11059 11067 11231 11268 11286 11344 11349 11416 11591 11628 11744 12467 12881 13595 14216 14594 14652 14666 14673 14701
moead,ns465,7,1,4850,97,154784321.148990,21.298103,0.111111,0.888889,7667 7735 7736 7737 7802 7803 7804 7805 7871 7872 7873 7874 7941 7942 7943 7944 7945 7946 8011 8012 8013 8014 8015 8016 8080 8081 8082 8083 8084 8085 8086 8152 8153 8154 8155 8156 8157 8225 8226 8227 8228 8229 8230 8297 8298 8299 8300 8301 8302 8369 8370 8371 8372 8373 8374 8375 8446 8447 8448 8449 8450 8451 8525 8526 8527 8528 8529 8530 8607 8608 8609 8610 8611 8692 8693 8694 8695 8779 8780
moead,ns465,7,2,4850,97,154784321.148990,21.298103,0.222222,0.777778,7667 7735 7736 7737 7802 7803 7804 7805 7871 7872 7873 7874 7941 7942 7943 7944 7945 7946 8011 8012 8013 8014 8015 8016 8080 8081 8082 8083 8084 8085 8086 8152 8153 8154 8155 8156 8157 8225 8226 8227 8228 8229 8230 8297 8298 8299 8300 8301 8302 8369 8370 8371 8372 8373 8374 8375 8446 8447 8448 8449 8450 8451 8525 8526 8527 8528 8529 8530 8607 8608 8609 8610 8611 8692 8693 8694 8695 8779 8780
moead,ns465,7,3,4850,97,154784321.148990,21.298103,0.333333,0.666667,7667 7735 7736 7737 7802 7803 7804 7805 7871 7872 7873 7874 7941 7942 7943 7944 7945 7946 8011 8012 8013 8014 8015 8016 8080 8081 8082 8083 8084 8085 8086 8152 8153 8154 8155 8156 8157 8225 8226 8227 8228 8229 8230 8297 8298 8299 8300 8301 8302 8369 8370 8371 8372 8373 8374 8375 8446 8447 8448 8449 8450 8451 8525 8526 8527 8528 8529 8530 8607 8608 8609 8610 8611 8692 8693 8694 8695 8779 8780
moead,ns465,7,4,4850,97,154784321.148990,21.298103,0.444444,0.555556,7667 7735 7736 7737 7802 7803 7804 7805 7871 7872 7873 7874 7941 7942 7943 7944 7945 7946 8011 8012 8013 8014 8015 8016 8080 8081 8082 8083 8084 8085 8086 8152 8153 8154 8155 8156 8157 8225 8226 8227 8228 8229 8230 8297 8298 8299 8300 8301 8302 8369 8370 8371 8372 8373 8374 8375 8446 8447 8448 8449 8450 8451 8525 8526 8527 8528 8529 8530 8607 8608 8609 8610 8611 8692 8693 8694 8695 8779 8780
moead,ns465,7,5,4850,97,154784321.148990,21.298103,0.555556,0.444444,7667 7735 7736 7737 7802 7803 7804 7805 7871 7872 7873 7874 7941 7942 7943 7944 7945 7946 8011 8012 8013 8014 8015 8016 8080 8081 8082 8083 8084 8085 8086 8152 8153 8154 8155 8156 8157 8225 8226 8227 8228 8229 8230 8297 8298 8299 8300 8301 8302 8369 8370 8371 8372 8373 8374 8375 8446 8447 8448 8449 8450 8451 8525 8526 8527 8528 8529 8530 8607 8608 8609 8610 8611 8692 8693 8694 8695 8779 8780
moead,ns465,7,6,4850,97,154784321.148990,21.298103,0.666667,0.333333,7667 7735 7736 7737 7802 7803 7804 7805 7871 7872 7873 7874 7941 7942 7943 7944 7945 7946 8011 8012 8013 8014 8015 8016 8080 8081 8082 8083 8084 8085 8086 8152 8153 8154 8155 8156 8157 8225 8226 8227 8228 8229 8230 8297 8298 8299 8300 8301 8302 8369 8370 8371 8372 8373 8374 8375 8446 8447 8448 8449 8450 8451 8525 8526 8527 8528 8529 8530 8607 8608 8609 8610 8611 8692 8693 8694 8695 8779 8780
moead,ns465,7,7,4850,97,154784321.148990,21.298103,0.777778,0.222222,7667 7735 7736 7737 7802 7803 7804 7805 7871 7872 7873 7874 7941 7942 7943 7944 7945 7946 8011 8012 8013 8014 8015 8016 8080 8081 8082 8083 8084 8085 8086 8152 8153 8154 8155 8156 8157 8225 8226 8227 8228 8229 8230 8297 8298 8299 8300 8301 8302 8369 8370 8371 8372 8373 8374 8375 8446 8447 8448 8449 8450 8451 8525 8526 8527 8528 8529 8530 8607 8608 8609 8610 8611 8692 8693 8694 8695 8779 8780
moead,ns465,7,8,4850,97,154784321.148990,21.298103,0.888889,0.111111,7667 7735 7736 7737 7802 7803 7804 7805 7871 7872 7873 7874 7941 7942 7943 7944 7945 7946 8011 8012 8013 8014 8015 8016 8080 8081 8082 8083 8084 8085 8086 8152 8153 8154 8155 8156 8157 8225 8226 8227 8228 8229 8230 8297 8298 8299 8300 8301 8302 8369 8370 8371 8372 8373 8374 8375 8446 8447 8448 8449 8450 8451 8525 8526 8527 8528 8529 8530 8607 8608 8609 8610 8611 8692 8693 8694 8695 8779 8780
moead,ns465,7,9,4850,97,154784321.148990,21.298103,1.000000,0.000000,7667 7735 7736 7737 7802 7803 7804 7805 7871 7872 7873 7874 7941 7942 7943 7944 7945 7946 8011 8012 8013 8014 8015 8016 8080 8081 8082 8083 8084 8085 8086 8152 8153 8154 8155 8156 8157 8225 8226 8227 8228 8229 8230 8297 8298 8299 8300 8301 8302 8369 8370 8371 8372 8373 8374 8375 8446 8447 8448 8449 8450 8451 8525 8526 8527 8528 8529 8530 8607 8608 8609 8610 8611 8692 8693 8694 8695 8779 8780
moead,ns465,7,0,4900,98,197493146.409145,254.843689,0.000000,1.000000,302 435 458 485 533 705 1267 1996 2294 2506 2650 2655 2915 3156 3204 3355 3503 4107 4143 4404 4864 4964 5021 5186 5524 6014 6311 6317 6429 6470 6796 6818 6913 6917 6921 7184 7209 7260 7265 7320 7539 7608 7657 7666 7952 8181 8235 8499 8697 8896 8915 9807 10084 10280 10286 10420 10458 10696 10897 11059 11067 11231 11268 11286 11344 11349 11416 11591 11628 11744 12467 12881 13595 14216 14594 14652 14666 14673 14701
moead,ns465,7,1,4900,98,154784321.148990,21.298103,0.111111,0.888889,7667 7735 7736 7737 7802 7803 7804 7805 7871 7872 7873 7874 7941 7942 7943 7944 7945 7946 8011 8012 8013 8014 8015 8016 8080 8081 8082 8083 8084 8085 8086 8152 8153 8154 8155 8156 8157 8225 8226 8227 8228 8229 8230 8297 8298 8299 8300 8301 8302 8369 8370 8371 8372 8373 8374 8375 8446 8447 8448 8449 8450 8451 8525 8526 8527 8528 8529 8530 8607 8608 8609 8610 8611 8692 8693 8694 8695 8779 8780
moead,ns465,7,2,4900,98,154784321.148990,21.298103,0.222222,0.777778,7667 7735 7736 7737 7802 7803 7804 7805 7871 7872 7873 7874 7941 7942 7943 7944 7945 7946 8011 8012 8013 8014 8015 8016 8080 8081 8082 8083 8084 8085 8086 8152 8153 8154 8155 8156 8157 8225 8226 8227 8228 8229 8230 8297 8298 8299 8300 8301 8302 8369 8370 8371 8372 8373 8374 8375 8446 8447 8448 8449 8450 8451 8525 8526 8527 8528 8529 8530 8607 8608 8609 8610 8611 8692 8693 8694 8695 8779 8780
moead,ns465,7,3,4900,98,154784321.148990,21.298103,0.333333,0.666667,7667 7735 7736 7737 7802 7803 7804 7805 7871 7872 7873 7874 7941 7942 7943 7944 7945 7946 8011 8012 8013 8014 8015 8016 8080 8081 8082 8083 8084 8085 8086 8152 8153 8154 8155 8156 8157 8225 8226 8227 8228 8229 8230 8297 8298 8299 8300 8301 8302 8369 8370 8371 8372 8373 8374 8375 8446 8447 8448 8449 8450 8451 8525 8526 8527 8528 8529 8530 8607 8608 8609 8610 8611 8692 8693 8694 8695 8779 8780
moead,ns465,7,4,4900,98,154784321.148990,21.298103,0.444444,0.555556,7667 7735 7736 7737 7802 7803 7804 7805 7871 7872 7873 7874 7941 7942 7943 7944 7945 7946 8011 8012 8013 8014 8015 8016 8080 8081 8082 8083 8084 8085 8086 8152 8153 8154 8155 8156 8157 8225 8226 8227 8228 8229 8230 8297 8298 8299 8300 8301 8302 8369 8370 8371 8372 8373 8374 8375 8446 8447 8448 8449 8450 8451 8525 8526 8527 8528 8529 8530 8607 8608 8609 8610 8611 8692 8693 8694 8695 8779 8780
moead,ns465,7,5,4900,98,154784321.148990,21.298103,0.555556,0.444444,7667 7735 7736 7737 7802 7803 7804 7805 7871 7872 7873 7874 7941 7942 7943 7944 7945 7946 8011 8012 8013 8014 8015 8016 8080 8081 8082 8083 8084 8085 8086 8152 8153 8154 8155 8156 8157 8225 8226 8227 8228 8229 8230 8297 8298 8299 8300 8301 8302 8369 8370 8371 8372 8373 8374 8375 8446 8447 8448 8449 8450 8451 8525 8526 8527 8528 8529 8530 8607 8608 8609 8610 8611 8692 8693 8694 8695 8779 8780
moead,ns465,7,6,4900,98,154784321.148990,21.298103,0.666667,0.333333,7667 7735 7736 7737 7802 7803 7804 7805 7871 7872 7873 7874 7941 7942 7943 7944 7945 7946 8011 8012 8013 8014 8015 8016 8080 8081 8082 8083 8084 8085 8086 8152 8153 8154 8155 8156 8157 8225 8226 8227 8228 8229 8230 8297 8298 8299 8300 8301 8302 8369 8370 8371 8372 8373 8374 8375 8446 8447 8448 8449 8450 8451 8525 8526 8527 8528 8529 8530 8607 8608 8609 8610 8611 8692 8693 8694 8695 8779 8780
moead,ns465,7,7,4900,98,154784321.148990,21.298103,0.777778,0.222222,7667 7735 7736 7737 7802 7803 7804 7805 7871 7872 7873 7874 7941 7942 7943 7944 7945 7946 8011 8012 8013 8014 8015 8016 8080 8081 8082 8083 8084 8085 8086 8152 8153 8154 8155 8156 8157 8225 8226 8227 8228 8229 8230 8297 8298 8299 8300 8301 8302 8369 8370 8371 8372 8373 8374 8375 8446 8447 8448 8449 8450 8451 8525 8526 8527 8528 8529 8530 8607 8608 8609 8610 8611 8692 8693 8694 8695 8779 8780
moead,ns465,7,8,4900,98,154784321.148990,21.298103,0.888889,0.111111,7667 7735 7736 7737 7802 7803 7804 7805 7871 7872 7873 7874 7941 7942 7943 7944 7945 7946 8011 8012 8013 8014 8015 8016 8080 8081 8082 8083 8084 8085 8086 8152 8153 8154 8155 8156 8157 8225 8226 8227 8228 8229 8230 8297 8298 8299 8300 8301 8302 8369 8370 8371 8372 8373 8374 8375 8446 8447 8448 8449 8450 8451 8525 8526 8527 8528 8529 8530 8607 8608 8609 8610 8611 8692 8693 8694 8695 8779 8780
moead,ns465,7,9,4900,98,154784321.148990,21.298103,1.000000,0.000000,7667 7735 7736 7737 7802 7803 7804 7805 7871 7872 7873 7874 7941 7942 7943 7944 7945 7946 8011 8012 8013 8014 8015 8016 8080 8081 8082 8083 8084 8085 8086 8152 8153 8154 8155 8156 8157 8225 8226 8227 8228 8229 8230 8297 8298 8299 8300 8301 8302 8369 8370 8371 8372 8373 8374 8375 8446 8447 8448 8449 8450 8451 8525 8526 8527 8528 8529 8530 8607 8608 8609 8610 8611 8692 8693 8694 8695 8779 8780
moead,ns465,7,0,4950,99,197493146.409145,254.843689,0.000000,1.000000,302 435 458 485 533 705 1267 1996 2294 2506 2650 2655 2915 3156 3204 3355 3503 4107 4143 4404 4864 4964 5021 5186 5524 6014 6311 6317 6429 6470 6796 6818 6913 6917 6921 7184 7209 7260 7265 7320 7539 7608 7657 7666 7952 8181 8235 8499 8697 8896 8915 9807 10084 10280 10286 10420 10458 10696 10897 11059 11067 11231 11268 11286 11344 11349 11416 11591 11628 11744 12467 12881 13595 14216 14594 14652 14666 14673 14701
moead,ns465,7,1,4950,99,154784321.148990,21.298103,0.111111,0.888889,7667 7735 7736 7737 7802 7803 7804 7805 7871 7872 7873 7874 7941 7942 7943 7944 7945 7946 8011 8012 8013 8014 8015 8016 8080 8081 8082 8083 8084 8085 8086 8152 8153 8154 8155 8156 8157 8225 8226 8227 8228 8229 8230 8297 8298 8299 8300 8301 8302 8369 8370 8371 8372 8373 8374 8375 8446 8447 8448 8449 8450 8451 8525 8526 8527 8528 8529 8530 8607 8608 8609 8610 8611 8692 8693 8694 8695 8779 8780
moead,ns465,7,2,4950,99,154784321.148990,21.298103,0.222222,0.777778,7667 7735 7736 7737 7802 7803 7804 7805 7871 7872 7873 7874 7941 7942 7943 7944 7945 7946 8011 8012 8013 8014 8015 8016 8080 8081 8082 8083 8084 8085 8086 8152 8153 8154 8155 8156 8157 8225 8226 8227 8228 8229 8230 8297 8298 8299 8300 8301 8302 8369 8370 8371 8372 8373 8374 8375 8446 8447 8448 8449 8450 8451 8525 8526 8527 8528 8529 8530 8607 8608 8609 8610 8611 8692 8693 8694 8695 8779 8780
moead,ns465,7,3,4950,99,154784321.148990,21.298103,0.333333,0.666667,7667 7735 7736 7737 7802 7803 7804 7805 7871 7872 7873 7874 7941 7942 7943 7944 7945 7946 8011 8012 8013 8014 8015 8016 8080 8081 8082 8083 8084 8085 8086 8152 8153 8154 8155 8156 8157 8225 8226 8227 8228 8229 8230 8297 8298 8299 8300 8301 8302 8369 8370 8371 8372 8373 8374 8375 8446 8447 8448 8449 8450 8451 8525 8526 8527 8528 8529 8530 8607 8608 8609 8610 8611 8692 8693 8694 8695 8779 8780
moead,ns465,7,4,4950,99,154784321.148990,21.298103,0.444444,0.555556,7667 7735 7736 7737 7802 7803 7804 7805 7871 7872 7873 7874 7941 7942 7943 7944 7945 7946 8011 8012 8013 8014 8015 8016 8080 8081 8082 8083 8084 8085 8086 8152 8153 8154 8155 8156 8157 8225 8226 8227 8228 8229 8230 8297 8298 8299 8300 8301 8302 8369 8370 8371 8372 8373 8374 8375 8446 8447 8448 8449 8450 8451 8525 8526 8527 8528 8529 8530 8607 8608 8609 8610 8611 8692 8693 8694 8695 8779 8780
moead,ns465,7,5,4950,99,154784321.148990,21.298103,0.555556,0.444444,7667 7735 7736 7737 7802 7803 7804 7805 7871 7872 7873 7874 7941 7942 7943 7944 7945 7946 8011 8012 8013 8014 8015 8016 8080 8081 8082 8083 8084 8085 8086 8152 8153 8154 8155 8156 8157 8225 8226 8227 8228 8229 8230 8297 8298 8299 8300 8301 8302 8369 8370 8371 8372 8373 8374 8375 8446 8447 8448 8449 8450 8451 8525 8526 8527 8528 8529 8530 8607 8608 8609 8610 8611 8692 8693 8694 8695 8779 8780
moead,ns465,7,6,4950,99,154784321.148990,21.298103,0.666667,0.333333,7667 7735 7736 7737 7802 7803 7804 7805 7871 7872 7873 7874 7941 7942 7943 7944 7945 7946 8011 8012 8013 8014 8015 8016 8080 8081 8082 8083 8084 8085 8086 8152 8153 8154 8155 8156 8157 8225 8226 8227 8228 8229 8230 8297 8298 8299 8300 8301 8302 8369 8370 8371 8372 8373 8374 8375 8446 8447 8448 8449 8450 8451 8525 8526 8527 8528 8529 8530 8607 8608 8609 8610 8611 8692 8693 8694 8695 8779 8780
moead,ns465,7,7,4950,99,154784321.148990,21.298103,0.777778,0.222222,7667 7735 7736 7737 7802 7803 7804 7805 7871 7872 7873 7874 7941 7942 7943 7944 7945 7946 8011 8012 8013 8014 8015 8016 8080 8081 8082 8083 8084 8085 8086 8152 8153 8154 8155 8156 8157 8225 8226 8227 8228 8229 8230 8297 8298 8299 8300 8301 8302 8369 8370 8371 8372 8373 8374 8375 8446 8447 8448 8449 8450 8451 8525 8526 8527 8528 8529 8530 8607 8608 8609 8610 8611 8692 8693 8694 8695 8779 8780
moead,ns465,7,8,4950,99,154784321.148990,21.298103,0.888889,0.111111,7667 7735 7736 7737 7802 7803 7804 7805 7871 7872 7873 7874 7941 7942 7943 7944 7945 7946 8011 8012 8013 8014 8015 8016 8080 8081 8082 8083 8084 8085 8086 8152 8153 8154 8155 8156 8157 8225 8226 8227 8228 8229 8230 8297 8298 8299 8300 8301 8302 8369 8370 8371 8372 8373 8374 8375 8446 8447 8448 8449 8450 8451 8525 8526 8527 8528 8529 8530 8607 8608 8609 8610 8611 8692 8693 8694 8695 8779 8780
moead,ns465,7,9,4950,99,154784321.148990,21.298103,1.000000,0.000000,7667 7735 7736 7737 7802 7803 7804 7805 7871 7872 7873 7874 7941 7942 7943 7944 7945 7946 8011 8012 8013 8014 8015 8016 8080 8081 8082 8083 8084 8085 8086 8152 8153 8154 8155 8156 8157 8225 8226 8227 8228 8229 8230 8297 8298 8299 8300 8301 8302 8369 8370 8371 8372 8373 8374 8375 8446 8447 8448 8449 8450 8451 8525 8526 8527 8528 8529 8530 8607 8608 8609 8610 8611 8692 8693 8694 8695 8779 8780
moead,ns465,7,0,5000,100,197739062.695733,255.057664,0.000000,1.000000,302 435 458 485 533 1267 1996 2289 2294 2506 2650 2655 2915 3156 3204 3355 3503 4107 4143 4404 4864 4964 5021 5186 5524 6014 6311 6317 6429 6470 6796 6818 6913 6917 6921 7184 7209 7260 7265 7320 7539 7608 7657 7666 7952 8181 8235 8499 8697 8896 8915 9807 10084 10280 10286 10420 10458 10696 10897 11059 11067 11231 11268 11286 11344 11349 11416 11591 11628 11744 12467 12881 13595 14216 14594 14652 14666 14673 14701
moead,ns465,7,1,5000,100,154784321.148990,21.298103,0.111111,0.888889,7667 7735 7736 7737 7802 7803 7804 7805 7871 7872 7873 7874 7941 7942 7943 7944 7945 7946 8011 8012 8013 8014 8015 8016 8080 8081 8082 8083 8084 8085 8086 8152 8153 8154 8155 8156 8157 8225 8226 8227 8228 8229 8230 8297 8298 8299 8300 8301 8302 8369 8370 8371 8372 8373 8374 8375 8446 8447 8448 8449 8450 8451 8525 8526 8527 8528 8529 8530 8607 8608 8609 8610 8611 8692 8693 8694 8695 8779 8780
moead,ns465,7,2,5000,100,154784321.148990,21.298103,0.222222,0.777778,7667 7735 7736 7737 7802 7803 7804 7805 7871 7872 7873 7874 7941 7942 7943 7944 7945 7946 8011 8012 8013 8014 8015 8016 8080 8081 8082 8083 8084 8085 8086 8152 8153 8154 8155 8156 8157 8225 8226 8227 8228 8229 8230 8297 8298 8299 8300 8301 8302 8369 8370 8371 8372 8373 8374 8375 8446 8447 8448 8449 8450 8451 8525 8526 8527 8528 8529 8530 8607 8608 8609 8610 8611 8692 8693 8694 8695 8779 8780
moead,ns465,7,3,5000,100,154784321.148990,21.298103,0.333333,0.666667,7667 7735 7736 7737 7802 7803 7804 7805 7871 7872 7873 7874 7941 7942 7943 7944 7945 7946 8011 8012 8013 8014 8015 8016 8080 8081 8082 8083 8084 8085 8086 8152 8153 8154 8155 8156 8157 8225 8226 8227 8228 8229 8230 8297 8298 8299 8300 8301 8302 8369 8370 8371 8372 8373 8374 8375 8446 8447 8448 8449 8450 8451 8525 8526 8527 8528 8529 8530 8607 8608 8609 8610 8611 8692 8693 8694 8695 8779 8780
moead,ns465,7,4,5000,100,154784321.148990,21.298103,0.444444,0.555556,7667 7735 7736 7737 7802 7803 7804 7805 7871 7872 7873 7874 7941 7942 7943 7944 7945 7946 8011 8012 8013 8014 8015 8016 8080 8081 8082 8083 8084 8085 8086 8152 8153 8154 8155 8156 8157 8225 8226 8227 8228 8229 8230 8297 8298 8299 8300 8301 8302 8369 8370 8371 8372 8373 8374 8375 8446 8447 8448 8449 8450 8451 8525 8526 8527 8528 8529 8530 8607 8608 8609 8610 8611 8692 8693 8694 8695 8779 8780
moead,ns465,7,5,5000,100,154784321.148990,21.298103,0.555556,0.444444,7667 7735 7736 7737 7802 7803 7804 7805 7871 7872 7873 7874 7941 7942 7943 7944 7945 7946 8011 8012 8013 8014 8015 8016 8080 8081 8082 8083 8084 8085 8086 8152 8153 8154 8155 8156 8157 8225 8226 8227 8228 8229 8230 8297 8298 8299 8300 8301 8302 8369 8370 8371 8372 8373 8374 8375 8446 8447 8448 8449 8450 8451 8525 8526 8527 8528 8529 8530 8607 8608 8609 8610 8611 8692 8693 8694 8695 8779 8780
moead,ns465,7,6,5000,100,154784321.148990,21.298103,0.666667,0.333333,7667 7735 7736 7737 7802 7803 7804 7805 7871 7872 7873 7874 7941 7942 7943 7944 7945 7946 8011 8012 8013 8014 8015 8016 8080 8081 8082 8083 8084 8085 8086 8152 8153 8154 8155 8156 8157 8225 8226 8227 8228 8229 8230 8297 8298 8299 8300 8301 8302 8369 8370 8371 8372 8373 8374 8375 8446 8447 8448 8449 8450 8451 8525 8526 8527 8528 8529 8530 8607 8608 8609 8610 8611 8692 8693 8694 8695 8779 8780
moead,ns465,7,7,5000,100,154784321.148990,21.298103,0.777778,0.222222,7667 7735 7736 7737 7802 7803 7804 7805 7871 7872 7873 7874 7941 7942 7943 7944 7945 7946 8011 8012 8013 8014 8015 8016 8080 8081 8082 8083 8084 8085 8086 8152 8153 8154 8155 8156 8157 8225 8226 8227 8228 8229 8230 8297 8298 8299 8300 8301 8302 8369 8370 8371 8372 8373 8374 8375 8446 8447 8448 8449 8450 8451 8525 8526 8527 8528 8529 8530 8607 8608 8609 8610 8611 8692 8693 8694 8695 8779 8780
moead,ns465,7,8,5000,100,154784321.148990,21.298103,0.888889,0.111111,7667 7735 7736 7737 7802 7803 7804 7805 7871 7872 7873 7874 7941 7942 7943 7944 7945 7946 8011 8012 8013 8014 8015 8016 8080 8081 8082 8083 8084 8085 8086 8152 8153 8154 8155 8156 8157 8225 8226 8227 8228 8229 8230 8297 8298 8299 8300 8301 8302 8369 8370 8371 8372 8373 8374 8375 8446 8447 8448 8449 8450 8451 8525 8526 8527 8528 8529 8530 8607 8608 8609 8610 8611 8692 8693 8694 8695 8779 8780
moead,ns465,7,9,5000,100,154784321.148990,21.298103,1.000000,0.000000,7667 7735 7736 7737 7802 7803 7804 7805 7871 7872 7873 7874 7941 7942 7943 7944 7945 7946 8011 8012 8013 8014 8015 8016 8080 8081 8082 8083 8084 8085 8086 8152 8153 8154 8155 8156 8157 8225 8226 8227 8228 8229 8230 8297 8298 8299 8300 8301 8302 8369 8370 8371 8372 8373 8374 8375 8446 8447 8448 8449 8450 8451 8525 8526 8527 8528 8529 8530 8607 8608 8609 8610 8611 8692 8693 8694 8695 8779 8780
