120816.1445758993 135118.7347643508
121777.9594715235 126634.5131379478
121938.2619541275 126794.5927912761
121777.9594715235 126794.5927912761
121938.2619541275 126954.6724446045
121777.9594715235 126954.6724446045
121617.6569889195 126954.6724446045
121457.3545063154 126954.6724446045
121938.2619541275 127114.7520979328
121777.9594715235 127114.7520979328
121617.6569889195 127114.7520979328
121457.3545063154 127114.7520979328
121777.9594715235 127274.8317512612
121617.6569889195 127274.8317512612
121457.3545063154 127274.8317512612
121297.0520237114 127274.8317512612
121617.6569889195 127434.9114045895
121457.3545063154 127434.9114045895
121297.0520237114 127434.9114045895
121297.0520237114 127594.9910579179
121136.7495411074 127594.9910579179
117449.7924412148 131276.8230844702
117610.0949238188 131436.9027377985
117449.7924412148 131436.9027377985
117770.3974064228 131596.9823911269
117610.0949238188 131596.9823911269
117449.7924412148 131596.9823911269
117289.4899586107 131596.9823911269
117770.3974064228 131757.0620444552
117610.0949238188 131757.0620444552
117449.7924412148 131757.0620444552
117289.4899586107 131757.0620444552
117770.3974064228 131917.1416977836
117610.0949238188 131917.1416977836
117449.7924412148 131917.1416977836
117610.0949238188 132077.2213511119
117449.7924412148 132077.2213511119
117289.4899586107 132077.2213511119
117449.7924412148 132237.3010044403
117289.4899586107 132397.3806577687

120655.8420932953 135438.8940710075
120816.1445758993 135118.7347643508
123060.3793323557 133357.8585777388
123380.9842975638 133197.7789244105
117610.0949238188 132877.6196177537
117289.4899586107 132397.3806577687
117289.4899586107 132077.2213511119
117449.7924412148 132077.2213511119
117610.0949238188 132077.2213511119
129953.3860843289 118790.6101248582
129793.0836017248 119110.7694315149
129632.7811191208 119430.9287381716
129632.7811191208 119751.0880448284
129312.1761539127 119911.1676981567
129312.1761539127 120391.4066581418
122419.1694019396 126634.5131379478
121777.9594715235 126634.5131379478
121777.9594715235 126954.6724446045
121617.6569889195 126954.6724446045
121457.3545063154 126954.6724446045
121938.2619541275 127114.7520979328
121777.9594715235 127114.7520979328
121617.6569889195 127114.7520979328
121617.6569889195 127274.8317512612
121457.3545063154 127274.8317512612
121297.0520237114 127274.8317512612
121617.6569889195 127434.9114045895
121457.3545063154 127434.9114045895
121297.0520237114 127594.9910579179
120976.4470585034 127755.0707112463
120816.1445758993 128075.2300179030
120655.8420932953 128395.3893245597
117449.7924412148 131116.7434311418
117610.0949238188 131436.9027377985
117449.7924412148 131436.9027377985
117610.0949238188 131596.9823911269
117610.0949238188 131757.0620444552
117449.7924412148 131757.0620444552
117289.4899586107 131757.0620444552
117610.0949238188 131917.1416977836

120655.8420932953 135438.8940710075
120816.1445758993 135118.7347643508
121136.7495411074 134958.6551110224
117129.1874760067 133838.0975377239
123060.3793323557 133357.8585777388
123380.9842975638 133197.7789244105
117449.7924412148 132877.6196177537
117129.1874760067 132397.3806577687
117289.4899586107 132077.2213511119
117449.7924412148 132077.2213511119
117610.0949238188 131917.1416977836
117289.4899586107 131757.0620444552
117449.7924412148 131757.0620444552
117610.0949238188 131596.9823911269
117449.7924412148 131436.9027377985
117449.7924412148 131116.7434311418
117770.3974064228 130956.6637778134
133319.7382190134 130956.6637778134
129953.3860843289 118790.6101248582
129793.0836017248 119110.7694315149
129632.7811191208 119430.9287381716
129632.7811191208 119751.0880448284
129312.1761539127 119911.1676981567
129312.1761539127 120391.4066581418
122419.1694019396 126634.5131379478
121777.9594715235 126634.5131379478
121777.9594715235 126954.6724446045
121617.6569889195 126954.6724446045
121457.3545063154 126954.6724446045
121938.2619541275 127114.7520979328
121777.9594715235 127114.7520979328
121777.9594715235 127274.8317512612
121617.6569889195 127274.8317512612
121457.3545063154 127274.8317512612
121297.0520237114 127274.8317512612
121617.6569889195 127434.9114045895
121297.0520237114 127594.9910579179
120976.4470585034 127755.0707112463
120816.1445758993 128075.2300179030
120816.1445758993 128395.3893245597

120655.8420932953 135438.8940710075
120816.1445758993 135118.7347643508
117610.0949238188 132877.6196177537
117289.4899586107 132397.3806577687
117289.4899586107 132077.2213511119
117449.7924412148 132077.2213511119
117610.0949238188 132077.2213511119
129953.3860843289 118790.6101248582
129793.0836017248 119110.7694315149
129632.7811191208 119430.9287381716
129632.7811191208 119751.0880448284
129312.1761539127 119911.1676981567
129312.1761539127 120391.4066581418
122419.1694019396 126634.5131379478
121777.9594715235 126634.5131379478
121777.9594715235 126954.6724446045
121617.6569889195 126954.6724446045
121457.3545063154 126954.6724446045
121938.2619541275 127114.7520979328
121777.9594715235 127114.7520979328
121777.9594715235 127274.8317512612
121617.6569889195 127274.8317512612
121457.3545063154 127274.8317512612
121297.0520237114 127274.8317512612
121617.6569889195 127434.9114045895
121297.0520237114 127594.9910579179
120976.4470585034 127755.0707112463
120816.1445758993 128075.2300179030
120816.1445758993 128395.3893245597
117770.3974064228 130956.6637778134
117449.7924412148 131116.7434311418
117610.0949238188 131436.9027377985
117449.7924412148 131436.9027377985
117610.0949238188 131596.9823911269
117610.0949238188 131757.0620444552
117449.7924412148 131757.0620444552
117289.4899586107 131757.0620444552
117610.0949238188 131917.1416977836
117449.7924412148 131917.1416977836
123380.9842975638 133197.7789244105

120655.8420932953 135438.8940710075
120816.1445758993 135118.7347643508
123060.3793323557 133357.8585777388
123380.9842975638 133197.7789244105
117610.0949238188 132877.6196177537
117289.4899586107 132397.3806577687
117289.4899586107 132077.2213511119
117449.7924412148 132077.2213511119
117610.0949238188 132077.2213511119
117449.7924412148 131917.1416977836
117610.0949238188 131917.1416977836
129953.3860843289 118790.6101248582
129793.0836017248 119110.7694315149
129632.7811191208 119430.9287381716
129632.7811191208 119751.0880448284
129312.1761539127 119911.1676981567
129312.1761539127 120391.4066581418
122419.1694019396 126634.5131379478
121777.9594715235 126634.5131379478
121777.9594715235 126954.6724446045
121617.6569889195 126954.6724446045
121457.3545063154 126954.6724446045
121938.2619541275 127114.7520979328
121777.9594715235 127114.7520979328
121617.6569889195 127114.7520979328
121617.6569889195 127274.8317512612
121457.3545063154 127274.8317512612
121297.0520237114 127274.8317512612
121617.6569889195 127434.9114045895
121457.3545063154 127434.9114045895
121297.0520237114 127594.9910579179
120976.4470585034 127755.0707112463
120816.1445758993 128075.2300179030
120655.8420932953 128395.3893245597
117449.7924412148 131116.7434311418
117610.0949238188 131436.9027377985
117449.7924412148 131436.9027377985
117610.0949238188 131596.9823911269
117610.0949238188 131757.0620444552
117449.7924412148 131757.0620444552

120655.8420932953 135438.8940710075
120816.1445758993 135118.7347643508
121136.7495411074 134958.6551110224
117129.1874760067 133838.0975377239
123060.3793323557 133357.8585777388
123380.9842975638 133197.7789244105
117449.7924412148 132877.6196177537
117129.1874760067 132397.3806577687
117289.4899586107 132077.2213511119
117449.7924412148 132077.2213511119
117610.0949238188 131917.1416977836
117289.4899586107 131757.0620444552
117449.7924412148 131757.0620444552
117610.0949238188 131596.9823911269
117449.7924412148 131436.9027377985
117449.7924412148 131116.7434311418
117770.3974064228 130956.6637778134
133319.7382190134 130956.6637778134
129953.3860843289 118790.6101248582
129793.0836017248 119110.7694315149
129632.7811191208 119430.9287381716
129632.7811191208 119751.0880448284
129312.1761539127 119911.1676981567
129312.1761539127 120391.4066581418
128991.5711887047 120711.5659647985
122419.1694019396 126634.5131379478
121777.9594715235 126634.5131379478
121777.9594715235 126954.6724446045
121617.6569889195 126954.6724446045
121938.2619541275 127114.7520979328
121777.9594715235 127114.7520979328
121777.9594715235 127274.8317512612
121617.6569889195 127274.8317512612
121457.3545063154 127274.8317512612
121297.0520237114 127274.8317512612
121617.6569889195 127434.9114045895
121297.0520237114 127594.9910579179
120976.4470585034 127755.0707112463
120816.1445758993 128075.2300179030
120816.1445758993 128395.3893245597

120655.8420932953 135438.8940710075
120816.1445758993 135118.7347643508
117610.0949238188 132877.6196177537
117289.4899586107 132397.3806577687
117289.4899586107 132077.2213511119
117449.7924412148 132077.2213511119
117610.0949238188 132077.2213511119
117449.7924412148 131917.1416977836
117610.0949238188 131917.1416977836
117289.4899586107 131757.0620444552
117449.7924412148 131757.0620444552
117610.0949238188 131757.0620444552
117449.7924412148 131596.9823911269
117610.0949238188 131596.9823911269
117770.3974064228 131596.9823911269
117289.4899586107 131436.9027377985
117449.7924412148 131436.9027377985
117610.0949238188 131436.9027377985
117449.7924412148 131116.7434311418
129793.0836017248 119110.7694315149
129632.7811191208 119430.9287381716
121777.9594715235 126634.5131379478
121938.2619541275 126794.5927912761
121938.2619541275 126954.6724446045
121777.9594715235 126954.6724446045
121617.6569889195 126954.6724446045
121457.3545063154 126954.6724446045
121938.2619541275 127114.7520979328
121777.9594715235 127114.7520979328
121617.6569889195 127114.7520979328
121457.3545063154 127114.7520979328
121777.9594715235 127274.8317512612
121617.6569889195 127274.8317512612
121457.3545063154 127274.8317512612
121297.0520237114 127274.8317512612
121617.6569889195 127434.9114045895
121457.3545063154 127434.9114045895
121297.0520237114 127594.9910579179
120976.4470585034 127755.0707112463
120816.1445758993 128075.2300179030

120655.8420932953 135438.8940710075
120816.1445758993 135118.7347643508
123060.3793323557 133357.8585777388
123380.9842975638 133197.7789244105
117610.0949238188 132877.6196177537
117289.4899586107 132397.3806577687
117289.4899586107 132077.2213511119
117449.7924412148 132077.2213511119
123380.9842975638 132557.4603110970
117449.7924412148 131917.1416977836
117610.0949238188 131917.1416977836
117289.4899586107 131757.0620444552
117449.7924412148 131757.0620444552
117610.0949238188 131596.9823911269
117770.3974064228 131596.9823911269
117449.7924412148 131436.9027377985
117449.7924412148 131116.7434311418
117770.3974064228 130956.6637778134
120655.8420932953 128395.3893245597
120816.1445758993 128075.2300179030
120976.4470585034 127755.0707112463
121297.0520237114 127594.9910579179
121617.6569889195 127434.9114045895
121297.0520237114 127274.8317512612
121457.3545063154 127274.8317512612
121617.6569889195 127274.8317512612
121777.9594715235 127274.8317512612
121938.2619541275 127114.7520979328
121617.6569889195 126954.6724446045
121777.9594715235 126954.6724446045
121777.9594715235 126634.5131379478
122419.1694019396 126634.5131379478
126426.7314670403 126154.2741779627
128991.5711887047 120711.5659647985
129312.1761539127 120391.4066581418
129312.1761539127 119911.1676981567
129632.7811191208 119751.0880448284
129632.7811191208 119430.9287381716
129793.0836017248 119110.7694315149
129953.3860843289 118790.6101248582

120655.8420932953 135438.8940710075
120816.1445758993 135118.7347643508
121136.7495411074 134958.6551110224
123060.3793323557 133357.8585777388
123380.9842975638 133197.7789244105
117289.4899586107 132397.3806577687
117289.4899586107 132077.2213511119
117449.7924412148 132077.2213511119
117610.0949238188 132077.2213511119
117449.7924412148 131917.1416977836
117610.0949238188 131917.1416977836
117289.4899586107 131757.0620444552
117449.7924412148 131757.0620444552
117610.0949238188 131596.9823911269
117449.7924412148 131436.9027377985
117610.0949238188 131436.9027377985
129953.3860843289 118790.6101248582
129793.0836017248 119110.7694315149
129632.7811191208 119430.9287381716
129632.7811191208 119751.0880448284
129312.1761539127 119911.1676981567
129312.1761539127 120391.4066581418
128991.5711887047 120711.5659647985
126426.7314670403 126154.2741779627
122419.1694019396 126634.5131379478
121777.9594715235 126634.5131379478
121777.9594715235 126954.6724446045
121617.6569889195 126954.6724446045
121938.2619541275 127114.7520979328
121777.9594715235 127274.8317512612
121617.6569889195 127274.8317512612
121457.3545063154 127274.8317512612
121297.0520237114 127274.8317512612
121617.6569889195 127434.9114045895
121297.0520237114 127594.9910579179
120976.4470585034 127755.0707112463
120816.1445758993 128075.2300179030
120655.8420932953 128395.3893245597
117770.3974064228 130956.6637778134
117449.7924412148 131116.7434311418

120655.8420932953 135438.8940710075
120816.1445758993 135118.7347643508
121136.7495411074 134958.6551110224
123060.3793323557 133357.8585777388
129953.3860843289 118790.6101248582
129793.0836017248 119110.7694315149
129632.7811191208 119430.9287381716
129632.7811191208 119751.0880448284
129312.1761539127 119911.1676981567
129312.1761539127 120391.4066581418
128991.5711887047 120711.5659647985
128190.0587756846 120871.6456181269
126587.0339496443 125834.1148713060
126426.7314670403 126154.2741779627
122419.1694019396 126634.5131379478
121777.9594715235 126634.5131379478
121457.3545063154 126794.5927912761
121777.9594715235 126954.6724446045
122098.5644367315 127114.7520979328
121457.3545063154 127114.7520979328
121777.9594715235 127274.8317512612
121457.3545063154 127434.9114045895
121457.3545063154 127755.0707112463
120816.1445758993 127755.0707112463
120816.1445758993 128075.2300179030
120816.1445758993 128395.3893245597
133319.7382190134 130956.6637778134
117770.3974064228 130956.6637778134
117449.7924412148 131116.7434311418
117449.7924412148 131436.9027377985
117610.0949238188 131596.9823911269
117449.7924412148 131757.0620444552
129312.1761539127 125193.7962579926
117610.0949238188 131917.1416977836
117449.7924412148 132077.2213511119
117289.4899586107 132077.2213511119
117129.1874760067 132397.3806577687
117449.7924412148 132877.6196177537
123380.9842975638 133197.7789244105
117129.1874760067 133838.0975377239

120655.8420932953 135438.8940710075
120816.1445758993 135118.7347643508
117610.0949238188 132877.6196177537
117289.4899586107 132397.3806577687
117289.4899586107 132077.2213511119
117449.7924412148 132077.2213511119
117610.0949238188 132077.2213511119
117449.7924412148 131917.1416977836
117610.0949238188 131917.1416977836
117289.4899586107 131757.0620444552
117449.7924412148 131757.0620444552
117610.0949238188 131757.0620444552
117449.7924412148 131596.9823911269
117610.0949238188 131596.9823911269
117289.4899586107 131436.9027377985
117449.7924412148 131436.9027377985
117610.0949238188 131436.9027377985
117449.7924412148 131116.7434311418
120655.8420932953 128395.3893245597
120816.1445758993 128075.2300179030
121136.7495411074 127915.1503645746
121136.7495411074 127594.9910579179
121297.0520237114 127594.9910579179
121457.3545063154 127434.9114045895
121617.6569889195 127434.9114045895
121297.0520237114 127274.8317512612
121457.3545063154 127274.8317512612
121617.6569889195 127274.8317512612
121777.9594715235 127274.8317512612
121617.6569889195 127114.7520979328
121777.9594715235 127114.7520979328
121938.2619541275 127114.7520979328
121457.3545063154 126954.6724446045
121617.6569889195 126954.6724446045
121777.9594715235 126954.6724446045
121938.2619541275 126954.6724446045
121777.9594715235 126794.5927912761
121777.9594715235 126634.5131379478
129632.7811191208 119430.9287381716
129793.0836017248 119110.7694315149

120655.8420932953 135438.8940710075
120816.1445758993 135118.7347643508
121136.7495411074 134958.6551110224
129953.3860843289 118790.6101248582
129793.0836017248 119110.7694315149
129632.7811191208 119430.9287381716
129632.7811191208 119751.0880448284
129312.1761539127 119911.1676981567
129312.1761539127 120391.4066581418
122419.1694019396 126634.5131379478
121777.9594715235 126634.5131379478
121777.9594715235 126954.6724446045
121617.6569889195 126954.6724446045
121457.3545063154 126954.6724446045
121136.7495411074 134638.4958043657
121777.9594715235 127114.7520979328
121617.6569889195 127114.7520979328
121617.6569889195 127274.8317512612
121457.3545063154 127274.8317512612
121297.0520237114 127274.8317512612
121617.6569889195 127434.9114045895
121297.0520237114 127594.9910579179
120976.4470585034 127755.0707112463
120816.1445758993 128075.2300179030
120655.8420932953 128395.3893245597
117770.3974064228 130956.6637778134
117449.7924412148 131116.7434311418
117449.7924412148 131436.9027377985
117770.3974064228 131596.9823911269
117610.0949238188 131596.9823911269
117449.7924412148 131757.0620444552
117289.4899586107 131757.0620444552
117610.0949238188 131917.1416977836
117449.7924412148 131917.1416977836
117610.0949238188 132077.2213511119
117449.7924412148 132077.2213511119
117289.4899586107 132077.2213511119
117289.4899586107 132397.3806577687
123380.9842975638 133197.7789244105
123060.3793323557 133357.8585777388

120655.8420932953 135438.8940710075
120816.1445758993 135118.7347643508
123060.3793323557 133357.8585777388
123380.9842975638 133197.7789244105
129953.3860843289 118790.6101248582
129793.0836017248 119110.7694315149
129632.7811191208 119430.9287381716
129632.7811191208 119751.0880448284
129312.1761539127 119911.1676981567
129312.1761539127 120391.4066581418
122419.1694019396 126634.5131379478
121777.9594715235 126634.5131379478
121777.9594715235 126954.6724446045
121617.6569889195 126954.6724446045
121457.3545063154 126954.6724446045
121938.2619541275 127114.7520979328
121777.9594715235 127114.7520979328
121617.6569889195 127114.7520979328
121617.6569889195 127274.8317512612
121457.3545063154 127274.8317512612
121297.0520237114 127274.8317512612
121617.6569889195 127434.9114045895
121297.0520237114 127594.9910579179
120976.4470585034 127755.0707112463
120816.1445758993 128075.2300179030
120655.8420932953 128395.3893245597
117770.3974064228 130956.6637778134
117449.7924412148 131116.7434311418
117449.7924412148 131436.9027377985
116968.8849934027 134478.4161510373
117610.0949238188 131596.9823911269
117449.7924412148 131757.0620444552
117289.4899586107 131757.0620444552
117610.0949238188 131917.1416977836
117449.7924412148 131917.1416977836
117610.0949238188 132077.2213511119
117449.7924412148 132077.2213511119
117289.4899586107 132077.2213511119
117289.4899586107 132397.3806577687
121136.7495411074 134958.6551110224

120655.8420932953 135438.8940710075
120816.1445758993 135118.7347643508
121136.7495411074 134958.6551110224
123060.3793323557 133357.8585777388
123380.9842975638 133197.7789244105
117289.4899586107 132397.3806577687
117289.4899586107 132077.2213511119
117449.7924412148 132077.2213511119
117610.0949238188 132077.2213511119
117449.7924412148 131917.1416977836
117610.0949238188 131917.1416977836
117289.4899586107 131757.0620444552
117449.7924412148 131757.0620444552
117610.0949238188 131596.9823911269
117770.3974064228 131596.9823911269
117449.7924412148 131436.9027377985
117449.7924412148 131116.7434311418
117770.3974064228 130956.6637778134
120655.8420932953 128395.3893245597
129953.3860843289 118790.6101248582
129793.0836017248 119110.7694315149
129632.7811191208 119430.9287381716
129632.7811191208 119751.0880448284
129312.1761539127 119911.1676981567
129312.1761539127 120391.4066581418
128991.5711887047 120711.5659647985
128190.0587756846 120871.6456181269
126587.0339496443 125834.1148713060
126426.7314670403 126154.2741779627
122419.1694019396 126634.5131379478
121777.9594715235 126634.5131379478
121457.3545063154 126794.5927912761
121777.9594715235 126954.6724446045
122098.5644367315 127114.7520979328
121457.3545063154 127114.7520979328
121777.9594715235 127274.8317512612
121457.3545063154 127434.9114045895
121457.3545063154 127755.0707112463
120816.1445758993 127755.0707112463
120816.1445758993 128075.2300179030

120655.8420932953 135438.8940710075
120816.1445758993 135118.7347643508
117449.7924412148 132237.3010044403
117289.4899586107 132077.2213511119
117449.7924412148 132077.2213511119
117610.0949238188 132077.2213511119
117449.7924412148 131917.1416977836
117610.0949238188 131917.1416977836
117770.3974064228 131917.1416977836
117289.4899586107 131757.0620444552
117449.7924412148 131757.0620444552
117610.0949238188 131757.0620444552
117770.3974064228 131757.0620444552
117289.4899586107 131596.9823911269
117449.7924412148 131596.9823911269
117610.0949238188 131596.9823911269
117770.3974064228 131596.9823911269
117449.7924412148 131436.9027377985
117610.0949238188 131436.9027377985
117449.7924412148 131276.8230844702
121136.7495411074 127594.9910579179
121297.0520237114 127594.9910579179
121297.0520237114 127434.9114045895
121457.3545063154 127434.9114045895
121617.6569889195 127434.9114045895
121297.0520237114 127274.8317512612
121457.3545063154 127274.8317512612
121617.6569889195 127274.8317512612
121777.9594715235 127274.8317512612
121457.3545063154 127114.7520979328
121617.6569889195 127114.7520979328
121777.9594715235 127114.7520979328
121938.2619541275 127114.7520979328
121457.3545063154 126954.6724446045
121617.6569889195 126954.6724446045
121777.9594715235 126954.6724446045
121938.2619541275 126954.6724446045
121777.9594715235 126794.5927912761
121938.2619541275 126794.5927912761
121777.9594715235 126634.5131379478

120655.8420932953 135438.8940710075
120816.1445758993 135118.7347643508
117610.0949238188 132877.6196177537
117289.4899586107 132397.3806577687
117289.4899586107 132077.2213511119
117449.7924412148 132077.2213511119
117610.0949238188 132077.2213511119
117449.7924412148 131917.1416977836
117610.0949238188 131917.1416977836
117289.4899586107 131757.0620444552
117449.7924412148 131757.0620444552
117610.0949238188 131757.0620444552
117449.7924412148 131596.9823911269
117610.0949238188 131596.9823911269
117289.4899586107 131436.9027377985
117449.7924412148 131436.9027377985
117610.0949238188 131436.9027377985
117449.7924412148 131116.7434311418
120655.8420932953 128395.3893245597
120816.1445758993 128075.2300179030
121136.7495411074 127915.1503645746
121136.7495411074 127594.9910579179
121297.0520237114 127594.9910579179
121457.3545063154 127434.9114045895
121617.6569889195 127434.9114045895
121297.0520237114 127274.8317512612
121457.3545063154 127274.8317512612
121617.6569889195 127274.8317512612
121777.9594715235 127274.8317512612
121617.6569889195 127114.7520979328
121777.9594715235 127114.7520979328
121938.2619541275 127114.7520979328
129953.3860843289 118790.6101248582
129793.0836017248 119110.7694315149
129632.7811191208 119430.9287381716
129632.7811191208 119751.0880448284
122419.1694019396 126634.5131379478
121777.9594715235 126634.5131379478
121777.9594715235 126954.6724446045
121617.6569889195 126954.6724446045

120655.8420932953 135438.8940710075
120816.1445758993 135118.7347643508
121136.7495411074 134958.6551110224
129953.3860843289 118790.6101248582
129793.0836017248 119110.7694315149
129632.7811191208 119430.9287381716
129632.7811191208 119751.0880448284
129312.1761539127 119911.1676981567
129312.1761539127 120391.4066581418
128991.5711887047 120711.5659647985
126426.7314670403 126154.2741779627
122419.1694019396 126634.5131379478
121777.9594715235 126634.5131379478
121777.9594715235 126954.6724446045
121617.6569889195 126954.6724446045
121938.2619541275 127114.7520979328
121777.9594715235 127274.8317512612
121617.6569889195 127274.8317512612
121457.3545063154 127274.8317512612
121297.0520237114 127274.8317512612
121617.6569889195 127434.9114045895
121297.0520237114 127594.9910579179
120976.4470585034 127755.0707112463
120816.1445758993 128075.2300179030
120655.8420932953 128395.3893245597
117770.3974064228 130956.6637778134
117449.7924412148 131116.7434311418
117449.7924412148 131436.9027377985
117770.3974064228 131596.9823911269
117610.0949238188 131596.9823911269
117449.7924412148 131757.0620444552
117289.4899586107 131757.0620444552
117610.0949238188 131917.1416977836
117449.7924412148 131917.1416977836
121938.2619541275 126954.6724446045
117449.7924412148 132077.2213511119
117289.4899586107 132077.2213511119
117289.4899586107 132397.3806577687
117610.0949238188 132877.6196177537
123380.9842975638 133197.7789244105

120655.8420932953 135438.8940710075
120816.1445758993 135118.7347643508
121136.7495411074 134958.6551110224
117129.1874760067 133838.0975377239
123060.3793323557 133357.8585777388
123380.9842975638 133197.7789244105
117449.7924412148 132877.6196177537
117129.1874760067 132397.3806577687
117289.4899586107 132077.2213511119
117449.7924412148 132077.2213511119
117610.0949238188 131917.1416977836
117289.4899586107 131757.0620444552
117449.7924412148 131757.0620444552
117610.0949238188 131596.9823911269
117449.7924412148 131436.9027377985
117449.7924412148 131116.7434311418
117770.3974064228 130956.6637778134
133319.7382190134 130956.6637778134
120816.1445758993 128395.3893245597
120816.1445758993 128075.2300179030
120816.1445758993 127755.0707112463
121457.3545063154 127755.0707112463
121457.3545063154 127434.9114045895
121777.9594715235 127274.8317512612
121457.3545063154 127114.7520979328
122098.5644367315 127114.7520979328
121777.9594715235 126954.6724446045
121457.3545063154 126794.5927912761
121777.9594715235 126634.5131379478
122419.1694019396 126634.5131379478
129953.3860843289 118790.6101248582
129793.0836017248 119110.7694315149
129632.7811191208 119430.9287381716
129632.7811191208 119751.0880448284
129312.1761539127 119911.1676981567
129312.1761539127 120391.4066581418
128991.5711887047 120711.5659647985
121617.6569889195 126954.6724446045
121938.2619541275 127114.7520979328
121777.9594715235 127114.7520979328

120655.8420932953 135438.8940710075
120816.1445758993 135118.7347643508
121136.7495411074 134958.6551110224
123060.3793323557 133357.8585777388
123380.9842975638 133197.7789244105
117289.4899586107 132397.3806577687
129953.3860843289 118790.6101248582
129793.0836017248 119110.7694315149
129632.7811191208 119430.9287381716
129632.7811191208 119751.0880448284
129312.1761539127 119911.1676981567
129312.1761539127 120391.4066581418
128991.5711887047 120711.5659647985
126426.7314670403 126154.2741779627
122419.1694019396 126634.5131379478
121777.9594715235 126634.5131379478
121777.9594715235 126954.6724446045
121617.6569889195 126954.6724446045
121938.2619541275 127114.7520979328
121777.9594715235 127274.8317512612
121617.6569889195 127274.8317512612
121457.3545063154 127274.8317512612
121297.0520237114 127274.8317512612
121617.6569889195 127434.9114045895
121297.0520237114 127594.9910579179
120976.4470585034 127755.0707112463
120816.1445758993 128075.2300179030
120655.8420932953 128395.3893245597
117770.3974064228 130956.6637778134
117449.7924412148 131116.7434311418
117449.7924412148 131436.9027377985
117770.3974064228 131596.9823911269
117610.0949238188 131596.9823911269
117449.7924412148 131757.0620444552
117289.4899586107 131757.0620444552
117610.0949238188 131917.1416977836
117449.7924412148 131917.1416977836
117610.0949238188 132077.2213511119
117449.7924412148 132077.2213511119
117289.4899586107 132077.2213511119

120816.1445758993 135118.7347643508
117289.4899586107 132077.2213511119
117449.7924412148 132077.2213511119
117610.0949238188 132077.2213511119
121777.9594715235 126634.5131379478
121938.2619541275 126794.5927912761
121777.9594715235 126794.5927912761
121938.2619541275 126954.6724446045
121777.9594715235 126954.6724446045
121617.6569889195 126954.6724446045
121457.3545063154 126954.6724446045
121938.2619541275 127114.7520979328
121777.9594715235 127114.7520979328
121617.6569889195 127114.7520979328
121457.3545063154 127114.7520979328
121938.2619541275 127274.8317512612
121777.9594715235 127274.8317512612
121617.6569889195 127274.8317512612
121457.3545063154 127274.8317512612
121297.0520237114 127274.8317512612
121617.6569889195 127434.9114045895
121457.3545063154 127434.9114045895
121297.0520237114 127434.9114045895
121297.0520237114 127594.9910579179
121136.7495411074 127594.9910579179
117449.7924412148 131276.8230844702
117610.0949238188 131436.9027377985
117449.7924412148 131436.9027377985
117770.3974064228 131596.9823911269
117610.0949238188 131596.9823911269
117449.7924412148 131596.9823911269
117289.4899586107 131596.9823911269
117770.3974064228 131757.0620444552
117610.0949238188 131757.0620444552
117449.7924412148 131757.0620444552
117289.4899586107 131757.0620444552
117770.3974064228 131917.1416977836
117610.0949238188 131917.1416977836
117449.7924412148 131917.1416977836
117289.4899586107 131917.1416977836

120655.8420932953 135438.8940710075
120816.1445758993 135118.7347643508
121136.7495411074 134958.6551110224
129953.3860843289 118790.6101248582
129793.0836017248 119110.7694315149
129632.7811191208 119430.9287381716
129632.7811191208 119751.0880448284
129312.1761539127 119911.1676981567
129312.1761539127 120391.4066581418
122419.1694019396 126634.5131379478
121777.9594715235 126634.5131379478
121777.9594715235 126954.6724446045
128991.5711887047 120551.4863114702
121457.3545063154 126954.6724446045
121938.2619541275 127114.7520979328
121777.9594715235 127114.7520979328
121617.6569889195 127114.7520979328
121617.6569889195 127274.8317512612
121457.3545063154 127274.8317512612
121297.0520237114 127274.8317512612
121617.6569889195 127434.9114045895
121457.3545063154 127434.9114045895
121297.0520237114 127594.9910579179
120976.4470585034 127755.0707112463
120816.1445758993 128075.2300179030
120655.8420932953 128395.3893245597
117449.7924412148 131116.7434311418
117610.0949238188 131436.9027377985
117449.7924412148 131436.9027377985
117610.0949238188 131596.9823911269
117610.0949238188 131757.0620444552
117449.7924412148 131757.0620444552
117289.4899586107 131757.0620444552
117610.0949238188 131917.1416977836
117449.7924412148 131917.1416977836
117610.0949238188 132077.2213511119
117449.7924412148 132077.2213511119
117289.4899586107 132077.2213511119
117289.4899586107 132397.3806577687
117289.4899586107 132877.6196177537

120655.8420932953 135438.8940710075
120816.1445758993 135118.7347643508
121136.7495411074 134958.6551110224
117129.1874760067 133838.0975377239
123060.3793323557 133357.8585777388
123380.9842975638 133197.7789244105
117449.7924412148 133037.6992710821
123701.5892627718 132717.5399644254
129953.3860843289 118790.6101248582
129793.0836017248 119110.7694315149
129632.7811191208 119430.9287381716
129632.7811191208 119751.0880448284
129312.1761539127 119911.1676981567
129312.1761539127 120391.4066581418
128991.5711887047 120711.5659647985
128190.0587756846 120871.6456181269
126587.0339496443 125834.1148713060
126426.7314670403 126154.2741779627
122419.1694019396 126634.5131379478
121777.9594715235 126634.5131379478
121457.3545063154 126794.5927912761
121777.9594715235 126954.6724446045
122098.5644367315 127114.7520979328
121457.3545063154 127114.7520979328
121777.9594715235 127274.8317512612
121457.3545063154 127434.9114045895
121457.3545063154 127755.0707112463
120816.1445758993 127755.0707112463
120816.1445758993 128075.2300179030
120816.1445758993 128395.3893245597
133319.7382190134 130956.6637778134
117770.3974064228 130956.6637778134
117449.7924412148 131116.7434311418
117449.7924412148 131436.9027377985
117610.0949238188 131596.9823911269
117449.7924412148 131757.0620444552
117289.4899586107 131757.0620444552
117610.0949238188 131917.1416977836
117449.7924412148 132077.2213511119
117289.4899586107 132077.2213511119

120655.8420932953 135438.8940710075
120816.1445758993 135118.7347643508
121136.7495411074 134958.6551110224
117129.1874760067 133838.0975377239
123060.3793323557 133357.8585777388
123380.9842975638 133197.7789244105
117449.7924412148 133037.6992710821
123701.5892627718 132717.5399644254
116968.8849934027 132397.3806577687
117610.0949238188 132397.3806577687
117770.3974064228 132077.2213511119
117449.7924412148 131757.0620444552
132678.5282885973 131757.0620444552
117610.0949238188 131596.9823911269
117449.7924412148 131436.9027377985
133159.4357364094 131436.9027377985
117449.7924412148 131116.7434311418
129953.3860843289 118790.6101248582
129793.0836017248 119110.7694315149
129632.7811191208 119430.9287381716
129632.7811191208 119751.0880448284
129312.1761539127 119911.1676981567
129312.1761539127 120391.4066581418
128991.5711887047 120711.5659647985
128190.0587756846 120871.6456181269
126587.0339496443 125834.1148713060
126426.7314670403 126154.2741779627
122419.1694019396 126634.5131379478
121777.9594715235 126634.5131379478
121457.3545063154 126794.5927912761
121777.9594715235 126954.6724446045
122098.5644367315 127114.7520979328
121457.3545063154 127114.7520979328
121777.9594715235 127274.8317512612
121457.3545063154 127434.9114045895
121457.3545063154 127755.0707112463
120816.1445758993 127755.0707112463
120816.1445758993 128075.2300179030
120816.1445758993 128395.3893245597
133319.7382190134 130956.6637778134

120655.8420932953 135438.8940710075
120816.1445758993 135118.7347643508
121136.7495411074 134958.6551110224
117129.1874760067 133838.0975377239
123060.3793323557 133357.8585777388
123380.9842975638 133197.7789244105
117449.7924412148 132877.6196177537
117129.1874760067 132397.3806577687
117289.4899586107 132077.2213511119
117449.7924412148 132077.2213511119
117610.0949238188 131917.1416977836
117289.4899586107 131757.0620444552
117449.7924412148 131757.0620444552
117610.0949238188 131596.9823911269
117449.7924412148 131436.9027377985
117449.7924412148 131116.7434311418
117770.3974064228 130956.6637778134
133319.7382190134 130956.6637778134
129953.3860843289 118790.6101248582
129793.0836017248 119110.7694315149
129632.7811191208 119430.9287381716
129632.7811191208 119751.0880448284
129312.1761539127 119911.1676981567
129312.1761539127 120391.4066581418
128991.5711887047 120711.5659647985
128190.0587756846 120871.6456181269
126587.0339496443 125834.1148713060
126426.7314670403 126154.2741779627
122419.1694019396 126634.5131379478
121777.9594715235 126634.5131379478
121457.3545063154 126794.5927912761
121777.9594715235 126954.6724446045
122098.5644367315 127114.7520979328
121457.3545063154 127114.7520979328
121457.3545063154 127434.9114045895
121457.3545063154 127755.0707112463
120816.1445758993 127755.0707112463
120816.1445758993 128075.2300179030
120816.1445758993 128395.3893245597
133159.4357364094 131436.9027377985

120816.1445758993 135118.7347643508
117449.7924412148 132237.3010044403
121938.2619541275 126794.5927912761
121777.9594715235 126794.5927912761
121617.6569889195 126794.5927912761
121938.2619541275 126954.6724446045
121777.9594715235 126954.6724446045
121617.6569889195 126954.6724446045
121457.3545063154 126954.6724446045
121938.2619541275 127114.7520979328
121777.9594715235 127114.7520979328
121617.6569889195 127114.7520979328
121457.3545063154 127114.7520979328
121777.9594715235 127274.8317512612
121617.6569889195 127274.8317512612
121457.3545063154 127274.8317512612
121297.0520237114 127274.8317512612
121617.6569889195 127434.9114045895
121457.3545063154 127434.9114045895
121297.0520237114 127434.9114045895
121297.0520237114 127594.9910579179
121136.7495411074 127594.9910579179
117449.7924412148 131276.8230844702
117610.0949238188 131436.9027377985
117449.7924412148 131436.9027377985
117770.3974064228 131596.9823911269
117610.0949238188 131596.9823911269
117449.7924412148 131596.9823911269
117289.4899586107 131596.9823911269
117770.3974064228 131757.0620444552
117610.0949238188 131757.0620444552
117449.7924412148 131757.0620444552
117289.4899586107 131757.0620444552
117770.3974064228 131917.1416977836
117610.0949238188 131917.1416977836
117449.7924412148 131917.1416977836
117289.4899586107 131917.1416977836
117610.0949238188 132077.2213511119
117449.7924412148 132077.2213511119
117289.4899586107 132077.2213511119

120655.8420932953 135438.8940710075
120816.1445758993 135118.7347643508
121136.7495411074 134958.6551110224
117129.1874760067 133838.0975377239
129953.3860843289 118790.6101248582
129793.0836017248 119110.7694315149
129632.7811191208 119430.9287381716
129632.7811191208 119751.0880448284
129312.1761539127 119911.1676981567
129312.1761539127 120391.4066581418
128991.5711887047 120711.5659647985
128190.0587756846 120871.6456181269
126587.0339496443 125834.1148713060
126426.7314670403 126154.2741779627
122419.1694019396 126634.5131379478
121777.9594715235 126634.5131379478
121457.3545063154 126794.5927912761
121777.9594715235 126954.6724446045
122098.5644367315 127114.7520979328
121457.3545063154 127114.7520979328
121457.3545063154 127434.9114045895
121457.3545063154 127755.0707112463
120816.1445758993 127755.0707112463
120816.1445758993 128075.2300179030
120816.1445758993 128395.3893245597
133319.7382190134 130956.6637778134
117770.3974064228 130956.6637778134
117449.7924412148 131116.7434311418
133159.4357364094 131436.9027377985
117449.7924412148 131436.9027377985
130594.5960147450 124393.3979913508
132678.5282885973 131757.0620444552
117449.7924412148 131757.0620444552
117770.3974064228 132077.2213511119
117610.0949238188 132397.3806577687
116968.8849934027 132397.3806577687
123701.5892627718 132717.5399644254
117449.7924412148 133037.6992710821
123380.9842975638 133197.7789244105
123060.3793323557 133357.8585777388

120655.8420932953 135438.8940710075
120816.1445758993 135118.7347643508
121136.7495411074 134958.6551110224
117129.1874760067 133838.0975377239
123060.3793323557 133357.8585777388
123380.9842975638 133197.7789244105
117449.7924412148 132877.6196177537
117129.1874760067 132397.3806577687
117289.4899586107 132077.2213511119
117449.7924412148 132077.2213511119
117610.0949238188 131917.1416977836
117289.4899586107 131757.0620444552
117449.7924412148 131757.0620444552
117610.0949238188 131596.9823911269
117449.7924412148 131436.9027377985
117449.7924412148 131116.7434311418
117770.3974064228 130956.6637778134
133319.7382190134 130956.6637778134
129953.3860843289 118790.6101248582
129793.0836017248 119110.7694315149
129632.7811191208 119430.9287381716
129632.7811191208 119751.0880448284
129312.1761539127 119911.1676981567
129312.1761539127 120391.4066581418
122419.1694019396 126634.5131379478
121777.9594715235 126634.5131379478
121777.9594715235 126954.6724446045
121617.6569889195 126954.6724446045
121457.3545063154 126954.6724446045
121938.2619541275 127114.7520979328
121777.9594715235 127114.7520979328
121617.6569889195 127114.7520979328
121617.6569889195 127274.8317512612
121457.3545063154 127274.8317512612
121297.0520237114 127274.8317512612
121617.6569889195 127434.9114045895
121297.0520237114 127594.9910579179
120976.4470585034 127755.0707112463
120816.1445758993 128075.2300179030
120655.8420932953 128395.3893245597

120655.8420932953 135438.8940710075
120816.1445758993 135118.7347643508
123060.3793323557 133357.8585777388
123380.9842975638 133197.7789244105
117610.0949238188 132877.6196177537
117289.4899586107 132397.3806577687
117289.4899586107 132077.2213511119
117449.7924412148 132077.2213511119
117610.0949238188 132077.2213511119
117449.7924412148 131917.1416977836
117610.0949238188 131917.1416977836
117289.4899586107 131757.0620444552
117449.7924412148 131757.0620444552
117610.0949238188 131596.9823911269
117770.3974064228 131596.9823911269
117449.7924412148 131436.9027377985
117449.7924412148 131116.7434311418
117770.3974064228 130956.6637778134
120655.8420932953 128395.3893245597
129953.3860843289 118790.6101248582
129793.0836017248 119110.7694315149
129632.7811191208 119430.9287381716
129632.7811191208 119751.0880448284
129312.1761539127 119911.1676981567
129312.1761539127 120391.4066581418
128991.5711887047 120711.5659647985
122419.1694019396 126634.5131379478
121777.9594715235 126634.5131379478
121777.9594715235 126954.6724446045
121617.6569889195 126954.6724446045
121938.2619541275 127114.7520979328
121777.9594715235 127114.7520979328
121777.9594715235 127274.8317512612
121617.6569889195 127274.8317512612
121457.3545063154 127274.8317512612
121297.0520237114 127274.8317512612
121617.6569889195 127434.9114045895
121297.0520237114 127594.9910579179
120976.4470585034 127755.0707112463
120816.1445758993 128075.2300179030

120655.8420932953 135438.8940710075
120816.1445758993 135118.7347643508
121136.7495411074 134958.6551110224
117129.1874760067 133838.0975377239
123060.3793323557 133357.8585777388
123380.9842975638 133197.7789244105
117449.7924412148 132877.6196177537
117129.1874760067 132397.3806577687
117289.4899586107 132077.2213511119
117449.7924412148 132077.2213511119
117610.0949238188 131917.1416977836
117289.4899586107 131757.0620444552
117449.7924412148 131757.0620444552
117610.0949238188 131596.9823911269
117449.7924412148 131436.9027377985
117449.7924412148 131116.7434311418
117770.3974064228 130956.6637778134
133319.7382190134 130956.6637778134
120816.1445758993 128395.3893245597
120816.1445758993 128075.2300179030
120816.1445758993 127755.0707112463
121457.3545063154 127755.0707112463
121457.3545063154 127434.9114045895
121777.9594715235 127274.8317512612
121457.3545063154 127114.7520979328
122098.5644367315 127114.7520979328
121777.9594715235 126954.6724446045
121457.3545063154 126794.5927912761
129953.3860843289 118790.6101248582
129793.0836017248 119110.7694315149
129632.7811191208 119430.9287381716
129632.7811191208 119751.0880448284
129312.1761539127 119911.1676981567
129312.1761539127 120391.4066581418
128991.5711887047 120711.5659647985
126426.7314670403 126154.2741779627
122419.1694019396 126634.5131379478
121777.9594715235 126634.5131379478
121617.6569889195 126954.6724446045
121938.2619541275 127114.7520979328

120655.8420932953 135438.8940710075
120816.1445758993 135118.7347643508
123060.3793323557 133357.8585777388
123380.9842975638 133197.7789244105
117610.0949238188 132877.6196177537
117289.4899586107 132397.3806577687
117289.4899586107 132077.2213511119
117449.7924412148 132077.2213511119
117610.0949238188 132077.2213511119
117449.7924412148 131917.1416977836
117610.0949238188 131917.1416977836
117289.4899586107 131757.0620444552
117449.7924412148 131757.0620444552
117610.0949238188 131596.9823911269
117770.3974064228 131596.9823911269
117449.7924412148 131436.9027377985
117449.7924412148 131116.7434311418
117770.3974064228 130956.6637778134
120655.8420932953 128395.3893245597
129953.3860843289 118790.6101248582
129793.0836017248 119110.7694315149
129632.7811191208 119430.9287381716
129632.7811191208 119751.0880448284
129312.1761539127 119911.1676981567
129312.1761539127 120391.4066581418
122419.1694019396 126634.5131379478
121777.9594715235 126634.5131379478
121777.9594715235 126954.6724446045
121617.6569889195 126954.6724446045
121457.3545063154 126954.6724446045
121938.2619541275 127114.7520979328
121777.9594715235 127114.7520979328
121777.9594715235 127274.8317512612
121617.6569889195 127274.8317512612
121457.3545063154 127274.8317512612
121297.0520237114 127274.8317512612
121297.0520237114 127594.9910579179
121136.7495411074 127594.9910579179
120816.1445758993 127755.0707112463
120816.1445758993 128075.2300179030

120816.1445758993 135118.7347643508
129793.0836017248 119110.7694315149
121777.9594715235 126634.5131379478
121938.2619541275 126794.5927912761
121777.9594715235 126794.5927912761
121938.2619541275 126954.6724446045
121777.9594715235 126954.6724446045
121617.6569889195 126954.6724446045
121457.3545063154 126954.6724446045
121938.2619541275 127114.7520979328
121777.9594715235 127114.7520979328
121617.6569889195 127114.7520979328
121457.3545063154 127114.7520979328
121777.9594715235 127274.8317512612
121617.6569889195 127274.8317512612
121457.3545063154 127274.8317512612
121297.0520237114 127274.8317512612
121617.6569889195 127434.9114045895
121457.3545063154 127434.9114045895
121297.0520237114 127594.9910579179
120976.4470585034 127755.0707112463
120816.1445758993 128075.2300179030
117449.7924412148 131116.7434311418
117610.0949238188 131436.9027377985
117449.7924412148 131436.9027377985
117289.4899586107 131436.9027377985
117770.3974064228 131596.9823911269
117610.0949238188 131596.9823911269
117449.7924412148 131596.9823911269
117770.3974064228 131757.0620444552
117610.0949238188 131757.0620444552
117449.7924412148 131757.0620444552
117289.4899586107 131757.0620444552
117610.0949238188 131917.1416977836
117449.7924412148 131917.1416977836
117610.0949238188 132077.2213511119
117449.7924412148 132077.2213511119
117289.4899586107 132077.2213511119
117449.7924412148 132237.3010044403
117289.4899586107 132397.3806577687

120655.8420932953 135438.8940710075
120816.1445758993 135118.7347643508
117610.0949238188 132877.6196177537
129793.0836017248 119110.7694315149
129632.7811191208 119430.9287381716
129472.4786365168 119751.0880448284
122419.1694019396 126634.5131379478
121777.9594715235 126634.5131379478
121777.9594715235 126794.5927912761
121777.9594715235 126954.6724446045
121617.6569889195 126954.6724446045
121457.3545063154 126954.6724446045
121938.2619541275 127114.7520979328
121777.9594715235 127114.7520979328
121617.6569889195 127114.7520979328
121777.9594715235 127274.8317512612
121617.6569889195 127274.8317512612
121457.3545063154 127274.8317512612
121297.0520237114 127274.8317512612
121617.6569889195 127434.9114045895
121457.3545063154 127434.9114045895
121297.0520237114 127594.9910579179
120976.4470585034 127755.0707112463
120816.1445758993 128075.2300179030
120655.8420932953 128395.3893245597
117449.7924412148 131116.7434311418
117610.0949238188 131436.9027377985
117449.7924412148 131436.9027377985
117289.4899586107 131436.9027377985
117610.0949238188 131596.9823911269
117449.7924412148 131596.9823911269
117610.0949238188 131757.0620444552
117449.7924412148 131757.0620444552
117289.4899586107 131757.0620444552
117610.0949238188 131917.1416977836
117449.7924412148 131917.1416977836
117610.0949238188 132077.2213511119
117449.7924412148 132077.2213511119
117289.4899586107 132077.2213511119
117289.4899586107 132397.3806577687

120655.8420932953 135438.8940710075
120816.1445758993 135118.7347643508
121136.7495411074 134958.6551110224
123060.3793323557 133357.8585777388
123380.9842975638 133197.7789244105
117289.4899586107 132397.3806577687
117289.4899586107 132077.2213511119
117449.7924412148 132077.2213511119
117610.0949238188 132077.2213511119
117449.7924412148 131917.1416977836
117610.0949238188 131917.1416977836
117289.4899586107 131757.0620444552
117449.7924412148 131757.0620444552
129953.3860843289 118790.6101248582
129793.0836017248 119110.7694315149
129632.7811191208 119430.9287381716
129632.7811191208 119751.0880448284
129312.1761539127 119911.1676981567
129312.1761539127 120391.4066581418
128991.5711887047 120711.5659647985
128190.0587756846 120871.6456181269
126587.0339496443 125834.1148713060
126426.7314670403 126154.2741779627
122419.1694019396 126634.5131379478
121777.9594715235 126634.5131379478
121457.3545063154 126794.5927912761
121777.9594715235 126954.6724446045
122098.5644367315 127114.7520979328
121457.3545063154 127114.7520979328
121777.9594715235 127274.8317512612
121457.3545063154 127434.9114045895
121457.3545063154 127755.0707112463
120816.1445758993 127755.0707112463
120816.1445758993 128075.2300179030
120816.1445758993 128395.3893245597
133319.7382190134 130956.6637778134
117770.3974064228 130956.6637778134
117449.7924412148 131116.7434311418
117449.7924412148 131436.9027377985
117610.0949238188 131596.9823911269

120655.8420932953 135438.8940710075
120816.1445758993 135118.7347643508
121136.7495411074 134958.6551110224
117129.1874760067 133838.0975377239
123060.3793323557 133357.8585777388
123380.9842975638 133197.7789244105
117449.7924412148 132877.6196177537
117129.1874760067 132397.3806577687
117289.4899586107 132077.2213511119
117449.7924412148 132077.2213511119
117610.0949238188 131917.1416977836
117289.4899586107 131757.0620444552
117449.7924412148 131757.0620444552
117610.0949238188 131596.9823911269
117449.7924412148 131436.9027377985
117449.7924412148 131116.7434311418
117770.3974064228 130956.6637778134
133319.7382190134 130956.6637778134
120816.1445758993 128395.3893245597
120816.1445758993 128075.2300179030
120816.1445758993 127755.0707112463
121457.3545063154 127755.0707112463
121457.3545063154 127434.9114045895
121777.9594715235 127274.8317512612
121457.3545063154 127114.7520979328
122098.5644367315 127114.7520979328
121777.9594715235 126954.6724446045
121457.3545063154 126794.5927912761
121777.9594715235 126634.5131379478
122419.1694019396 126634.5131379478
126426.7314670403 126154.2741779627
126587.0339496443 125834.1148713060
129953.3860843289 118790.6101248582
129793.0836017248 119110.7694315149
129632.7811191208 119430.9287381716
129632.7811191208 119751.0880448284
129312.1761539127 119911.1676981567
129312.1761539127 120391.4066581418
128991.5711887047 120711.5659647985
121617.6569889195 126954.6724446045

120655.8420932953 135438.8940710075
120816.1445758993 135118.7347643508
121136.7495411074 134958.6551110224
123380.9842975638 133197.7789244105
129953.3860843289 118790.6101248582
129793.0836017248 119110.7694315149
129632.7811191208 119430.9287381716
129632.7811191208 119751.0880448284
129312.1761539127 119911.1676981567
129312.1761539127 120391.4066581418
128991.5711887047 120711.5659647985
128190.0587756846 120871.6456181269
126587.0339496443 125834.1148713060
126426.7314670403 126154.2741779627
122419.1694019396 126634.5131379478
121777.9594715235 126634.5131379478
121457.3545063154 126794.5927912761
121777.9594715235 126954.6724446045
122098.5644367315 127114.7520979328
121457.3545063154 127114.7520979328
121777.9594715235 127274.8317512612
121457.3545063154 127434.9114045895
121457.3545063154 127755.0707112463
120816.1445758993 127755.0707112463
120816.1445758993 128075.2300179030
120816.1445758993 128395.3893245597
133319.7382190134 130956.6637778134
117770.3974064228 130956.6637778134
117449.7924412148 131116.7434311418
117449.7924412148 131436.9027377985
117610.0949238188 131596.9823911269
117449.7924412148 131757.0620444552
117289.4899586107 131757.0620444552
117610.0949238188 131917.1416977836
117449.7924412148 132077.2213511119
117289.4899586107 132077.2213511119
117129.1874760067 132397.3806577687
117449.7924412148 132877.6196177537
123060.3793323557 133357.8585777388
117129.1874760067 133838.0975377239

120655.8420932953 135438.8940710075
120816.1445758993 135118.7347643508
121136.7495411074 134958.6551110224
117129.1874760067 133838.0975377239
123060.3793323557 133357.8585777388
123380.9842975638 133197.7789244105
117449.7924412148 132877.6196177537
117129.1874760067 132397.3806577687
117289.4899586107 132077.2213511119
117449.7924412148 132077.2213511119
117610.0949238188 131917.1416977836
117289.4899586107 131757.0620444552
117449.7924412148 131757.0620444552
117610.0949238188 131596.9823911269
117449.7924412148 131436.9027377985
117449.7924412148 131116.7434311418
117770.3974064228 130956.6637778134
133319.7382190134 130956.6637778134
129953.3860843289 118790.6101248582
129793.0836017248 119110.7694315149
129632.7811191208 119430.9287381716
129632.7811191208 119751.0880448284
129312.1761539127 119911.1676981567
129312.1761539127 120391.4066581418
128991.5711887047 120711.5659647985
126426.7314670403 126154.2741779627
122419.1694019396 126634.5131379478
121777.9594715235 126634.5131379478
121777.9594715235 126954.6724446045
121617.6569889195 126954.6724446045
121938.2619541275 127114.7520979328
121777.9594715235 127274.8317512612
121617.6569889195 127274.8317512612
121457.3545063154 127274.8317512612
121297.0520237114 127274.8317512612
121617.6569889195 127434.9114045895
121297.0520237114 127594.9910579179
120976.4470585034 127755.0707112463
120816.1445758993 128075.2300179030
120655.8420932953 128395.3893245597

120655.8420932953 135438.8940710075
120816.1445758993 135118.7347643508
121136.7495411074 134958.6551110224
123060.3793323557 133357.8585777388
123380.9842975638 133197.7789244105
117289.4899586107 132397.3806577687
117289.4899586107 132077.2213511119
117449.7924412148 132077.2213511119
117610.0949238188 132077.2213511119
117449.7924412148 131917.1416977836
117610.0949238188 131917.1416977836
117289.4899586107 131757.0620444552
117449.7924412148 131757.0620444552
117610.0949238188 131596.9823911269
117449.7924412148 131436.9027377985
117610.0949238188 131436.9027377985
117449.7924412148 131116.7434311418
117770.3974064228 130956.6637778134
129953.3860843289 118790.6101248582
129793.0836017248 119110.7694315149
129632.7811191208 119430.9287381716
129632.7811191208 119751.0880448284
129312.1761539127 119911.1676981567
129312.1761539127 120391.4066581418
128991.5711887047 120711.5659647985
128190.0587756846 120871.6456181269
126587.0339496443 125834.1148713060
126426.7314670403 126154.2741779627
122419.1694019396 126634.5131379478
121777.9594715235 126634.5131379478
121457.3545063154 126794.5927912761
121777.9594715235 126954.6724446045
122098.5644367315 127114.7520979328
121457.3545063154 127114.7520979328
121777.9594715235 127274.8317512612
121457.3545063154 127434.9114045895
121457.3545063154 127755.0707112463
120816.1445758993 127755.0707112463
120816.1445758993 128075.2300179030
120816.1445758993 128395.3893245597

120655.8420932953 135438.8940710075
120816.1445758993 135118.7347643508
123060.3793323557 133357.8585777388
123380.9842975638 133197.7789244105
117610.0949238188 132877.6196177537
117289.4899586107 132397.3806577687
117289.4899586107 132077.2213511119
117449.7924412148 132077.2213511119
117610.0949238188 132077.2213511119
117449.7924412148 131917.1416977836
117610.0949238188 131917.1416977836
117289.4899586107 131757.0620444552
117449.7924412148 131757.0620444552
117610.0949238188 131596.9823911269
117770.3974064228 131596.9823911269
117449.7924412148 131436.9027377985
117449.7924412148 131116.7434311418
117770.3974064228 130956.6637778134
120655.8420932953 128395.3893245597
120816.1445758993 128075.2300179030
120976.4470585034 127755.0707112463
121297.0520237114 127594.9910579179
121617.6569889195 127434.9114045895
121297.0520237114 127274.8317512612
121457.3545063154 127274.8317512612
121617.6569889195 127274.8317512612
121777.9594715235 127274.8317512612
121938.2619541275 127114.7520979328
121617.6569889195 126954.6724446045
121777.9594715235 126954.6724446045
121777.9594715235 126634.5131379478
122419.1694019396 126634.5131379478
126426.7314670403 126154.2741779627
128991.5711887047 120711.5659647985
129312.1761539127 120391.4066581418
129312.1761539127 119911.1676981567
129632.7811191208 119751.0880448284
129632.7811191208 119430.9287381716
129793.0836017248 119110.7694315149
129953.3860843289 118790.6101248582

120655.8420932953 135438.8940710075
120816.1445758993 135118.7347643508
117289.4899586107 132397.3806577687
117289.4899586107 132077.2213511119
117449.7924412148 132077.2213511119
117610.0949238188 132077.2213511119
117449.7924412148 131917.1416977836
117610.0949238188 131917.1416977836
117289.4899586107 131757.0620444552
117449.7924412148 131757.0620444552
117610.0949238188 131757.0620444552
117770.3974064228 131757.0620444552
117449.7924412148 131596.9823911269
117610.0949238188 131596.9823911269
117770.3974064228 131596.9823911269
117289.4899586107 131436.9027377985
117449.7924412148 131436.9027377985
117610.0949238188 131436.9027377985
117449.7924412148 131116.7434311418
120816.1445758993 128075.2300179030
121136.7495411074 127915.1503645746
121136.7495411074 127594.9910579179
129793.0836017248 119110.7694315149
121777.9594715235 126634.5131379478
121938.2619541275 126794.5927912761
121777.9594715235 126794.5927912761
121938.2619541275 126954.6724446045
121777.9594715235 126954.6724446045
121617.6569889195 126954.6724446045
121457.3545063154 126954.6724446045
121938.2619541275 127114.7520979328
121777.9594715235 127114.7520979328
121617.6569889195 127114.7520979328
121938.2619541275 127274.8317512612
121777.9594715235 127274.8317512612
121617.6569889195 127274.8317512612
121457.3545063154 127274.8317512612
121297.0520237114 127274.8317512612
121617.6569889195 127434.9114045895
121457.3545063154 127434.9114045895

120655.8420932953 135438.8940710075
120816.1445758993 135118.7347643508
121136.7495411074 134958.6551110224
117129.1874760067 133838.0975377239
129953.3860843289 118790.6101248582
129793.0836017248 119110.7694315149
129632.7811191208 119430.9287381716
129632.7811191208 119751.0880448284
129312.1761539127 119911.1676981567
129312.1761539127 120391.4066581418
128991.5711887047 120711.5659647985
128190.0587756846 120871.6456181269
126587.0339496443 125834.1148713060
126426.7314670403 126154.2741779627
122419.1694019396 126634.5131379478
121777.9594715235 126634.5131379478
121457.3545063154 126794.5927912761
122739.7743671477 131757.0620444552
122098.5644367315 127114.7520979328
121457.3545063154 127114.7520979328
121457.3545063154 127434.9114045895
121457.3545063154 127755.0707112463
120816.1445758993 127755.0707112463
120816.1445758993 128075.2300179030
120816.1445758993 128395.3893245597
133319.7382190134 130956.6637778134
117770.3974064228 130956.6637778134
117449.7924412148 131116.7434311418
133159.4357364094 131436.9027377985
117449.7924412148 131436.9027377985
117610.0949238188 131596.9823911269
132678.5282885973 131757.0620444552
117449.7924412148 131757.0620444552
117770.3974064228 132077.2213511119
117610.0949238188 132397.3806577687
116968.8849934027 132397.3806577687
123701.5892627718 132717.5399644254
117449.7924412148 133037.6992710821
123380.9842975638 133197.7789244105
123060.3793323557 133357.8585777388

120655.8420932953 135438.8940710075
117449.7924412148 132237.3010044403
117289.4899586107 132077.2213511119
117449.7924412148 132077.2213511119
117610.0949238188 132077.2213511119
121938.2619541275 126794.5927912761
121777.9594715235 126794.5927912761
121617.6569889195 126794.5927912761
121938.2619541275 126954.6724446045
121777.9594715235 126954.6724446045
121617.6569889195 126954.6724446045
121457.3545063154 126954.6724446045
121938.2619541275 127114.7520979328
121777.9594715235 127114.7520979328
121617.6569889195 127114.7520979328
121457.3545063154 127114.7520979328
121777.9594715235 127274.8317512612
121617.6569889195 127274.8317512612
121457.3545063154 127274.8317512612
121297.0520237114 127274.8317512612
121617.6569889195 127434.9114045895
121457.3545063154 127434.9114045895
121297.0520237114 127434.9114045895
121297.0520237114 127594.9910579179
121136.7495411074 127594.9910579179
117449.7924412148 131276.8230844702
117610.0949238188 131436.9027377985
117449.7924412148 131436.9027377985
117770.3974064228 131596.9823911269
117610.0949238188 131596.9823911269
117449.7924412148 131596.9823911269
117289.4899586107 131596.9823911269
117770.3974064228 131757.0620444552
117610.0949238188 131757.0620444552
117449.7924412148 131757.0620444552
117289.4899586107 131757.0620444552
117770.3974064228 131917.1416977836
117610.0949238188 131917.1416977836
117449.7924412148 131917.1416977836
117289.4899586107 131917.1416977836

120655.8420932953 135438.8940710075
120816.1445758993 135118.7347643508
121136.7495411074 134958.6551110224
123060.3793323557 133357.8585777388
123380.9842975638 133197.7789244105
117289.4899586107 132397.3806577687
117289.4899586107 132077.2213511119
117449.7924412148 132077.2213511119
117610.0949238188 132077.2213511119
129953.3860843289 118790.6101248582
129793.0836017248 119110.7694315149
129632.7811191208 119430.9287381716
129632.7811191208 119751.0880448284
129312.1761539127 119911.1676981567
129312.1761539127 120391.4066581418
122419.1694019396 126634.5131379478
121777.9594715235 126634.5131379478
121777.9594715235 126954.6724446045
121617.6569889195 126954.6724446045
121457.3545063154 126954.6724446045
121938.2619541275 127114.7520979328
121777.9594715235 127114.7520979328
121617.6569889195 127114.7520979328
121617.6569889195 127274.8317512612
121457.3545063154 127274.8317512612
121297.0520237114 127274.8317512612
121617.6569889195 127434.9114045895
121457.3545063154 127434.9114045895
121297.0520237114 127594.9910579179
120976.4470585034 127755.0707112463
120816.1445758993 128075.2300179030
120655.8420932953 128395.3893245597
117449.7924412148 131116.7434311418
117610.0949238188 131436.9027377985
117449.7924412148 131436.9027377985
117610.0949238188 131596.9823911269
117610.0949238188 131757.0620444552
117449.7924412148 131757.0620444552
117289.4899586107 131757.0620444552
117610.0949238188 131917.1416977836

117449.7924412148 132237.3010044403
121938.2619541275 126794.5927912761
121777.9594715235 126794.5927912761
121617.6569889195 126794.5927912761
121938.2619541275 126954.6724446045
121777.9594715235 126954.6724446045
121617.6569889195 126954.6724446045
121457.3545063154 126954.6724446045
121938.2619541275 127114.7520979328
121777.9594715235 127114.7520979328
121617.6569889195 127114.7520979328
121457.3545063154 127114.7520979328
121938.2619541275 127274.8317512612
121777.9594715235 127274.8317512612
121617.6569889195 127274.8317512612
121457.3545063154 127274.8317512612
121297.0520237114 127274.8317512612
121617.6569889195 127434.9114045895
121457.3545063154 127434.9114045895
121297.0520237114 127434.9114045895
121136.7495411074 127434.9114045895
121297.0520237114 127594.9910579179
117449.7924412148 131276.8230844702
117610.0949238188 131436.9027377985
117449.7924412148 131436.9027377985
117770.3974064228 131596.9823911269
117610.0949238188 131596.9823911269
117449.7924412148 131596.9823911269
117289.4899586107 131596.9823911269
117770.3974064228 131757.0620444552
117610.0949238188 131757.0620444552
117449.7924412148 131757.0620444552
117289.4899586107 131757.0620444552
117770.3974064228 131917.1416977836
117610.0949238188 131917.1416977836
117449.7924412148 131917.1416977836
117289.4899586107 131917.1416977836
117610.0949238188 132077.2213511119
117449.7924412148 132077.2213511119
117289.4899586107 132077.2213511119

120655.8420932953 135438.8940710075
120816.1445758993 135118.7347643508
117289.4899586107 132397.3806577687
117289.4899586107 132077.2213511119
117449.7924412148 132077.2213511119
117610.0949238188 132077.2213511119
117449.7924412148 131917.1416977836
117610.0949238188 131917.1416977836
117289.4899586107 131757.0620444552
117449.7924412148 131757.0620444552
117610.0949238188 131757.0620444552
117770.3974064228 131757.0620444552
117449.7924412148 131596.9823911269
117610.0949238188 131596.9823911269
117770.3974064228 131596.9823911269
117289.4899586107 131436.9027377985
117449.7924412148 131436.9027377985
117610.0949238188 131436.9027377985
117449.7924412148 131116.7434311418
120816.1445758993 128075.2300179030
121136.7495411074 127915.1503645746
121136.7495411074 127594.9910579179
121457.3545063154 127434.9114045895
121617.6569889195 127434.9114045895
121297.0520237114 127274.8317512612
121457.3545063154 127274.8317512612
121617.6569889195 127274.8317512612
121777.9594715235 127274.8317512612
121457.3545063154 127114.7520979328
121617.6569889195 127114.7520979328
121777.9594715235 127114.7520979328
121938.2619541275 127114.7520979328
121457.3545063154 126954.6724446045
121617.6569889195 126954.6724446045
121777.9594715235 126954.6724446045
121938.2619541275 126954.6724446045
129793.0836017248 119110.7694315149
129632.7811191208 119430.9287381716
121777.9594715235 126634.5131379478
121777.9594715235 126794.5927912761

120655.8420932953 135438.8940710075
120816.1445758993 135118.7347643508
121136.7495411074 134958.6551110224
123060.3793323557 133357.8585777388
123380.9842975638 133197.7789244105
117289.4899586107 132397.3806577687
129953.3860843289 118790.6101248582
129793.0836017248 119110.7694315149
129632.7811191208 119430.9287381716
129632.7811191208 119751.0880448284
129312.1761539127 119911.1676981567
129312.1761539127 120391.4066581418
122419.1694019396 126634.5131379478
121777.9594715235 126634.5131379478
121777.9594715235 126954.6724446045
121617.6569889195 126954.6724446045
121457.3545063154 126954.6724446045
121938.2619541275 127114.7520979328
121777.9594715235 127114.7520979328
121617.6569889195 127114.7520979328
121617.6569889195 127274.8317512612
121457.3545063154 127274.8317512612
121297.0520237114 127274.8317512612
121617.6569889195 127434.9114045895
121297.0520237114 127594.9910579179
120976.4470585034 127755.0707112463
120816.1445758993 128075.2300179030
120655.8420932953 128395.3893245597
117770.3974064228 130956.6637778134
117449.7924412148 131116.7434311418
117449.7924412148 131436.9027377985
117770.3974064228 131596.9823911269
117610.0949238188 131596.9823911269
117449.7924412148 131757.0620444552
117289.4899586107 131757.0620444552
117610.0949238188 131917.1416977836
117449.7924412148 131917.1416977836
117610.0949238188 132077.2213511119
117449.7924412148 132077.2213511119
117289.4899586107 132077.2213511119

120816.1445758993 135118.7347643508
117449.7924412148 132237.3010044403
117289.4899586107 132077.2213511119
117449.7924412148 132077.2213511119
117610.0949238188 132077.2213511119
117289.4899586107 131917.1416977836
117449.7924412148 131917.1416977836
117610.0949238188 131917.1416977836
117770.3974064228 131917.1416977836
117289.4899586107 131757.0620444552
117449.7924412148 131757.0620444552
117610.0949238188 131757.0620444552
117770.3974064228 131757.0620444552
117289.4899586107 131596.9823911269
117449.7924412148 131596.9823911269
117610.0949238188 131596.9823911269
117770.3974064228 131596.9823911269
117449.7924412148 131436.9027377985
117610.0949238188 131436.9027377985
121938.2619541275 126794.5927912761
121777.9594715235 126794.5927912761
121617.6569889195 126794.5927912761
121938.2619541275 126954.6724446045
121777.9594715235 126954.6724446045
121617.6569889195 126954.6724446045
121457.3545063154 126954.6724446045
121938.2619541275 127114.7520979328
121777.9594715235 127114.7520979328
121617.6569889195 127114.7520979328
121457.3545063154 127114.7520979328
121938.2619541275 127274.8317512612
121777.9594715235 127274.8317512612
121617.6569889195 127274.8317512612
121457.3545063154 127274.8317512612
121297.0520237114 127274.8317512612
121617.6569889195 127434.9114045895
121457.3545063154 127434.9114045895
121297.0520237114 127434.9114045895
121297.0520237114 127594.9910579179
121136.7495411074 127594.9910579179

120655.8420932953 135438.8940710075
120816.1445758993 135118.7347643508
121136.7495411074 134958.6551110224
117289.4899586107 132877.6196177537
117289.4899586107 132397.3806577687
117289.4899586107 132077.2213511119
117449.7924412148 132077.2213511119
117610.0949238188 132077.2213511119
117449.7924412148 131917.1416977836
117610.0949238188 131917.1416977836
129953.3860843289 118790.6101248582
129793.0836017248 119110.7694315149
129632.7811191208 119430.9287381716
129632.7811191208 119751.0880448284
129312.1761539127 119911.1676981567
129312.1761539127 120391.4066581418
122419.1694019396 126634.5131379478
121777.9594715235 126634.5131379478
121777.9594715235 126954.6724446045
121617.6569889195 126954.6724446045
121457.3545063154 126954.6724446045
121938.2619541275 127114.7520979328
121777.9594715235 127114.7520979328
121617.6569889195 127114.7520979328
121617.6569889195 127274.8317512612
121457.3545063154 127274.8317512612
121297.0520237114 127274.8317512612
121617.6569889195 127434.9114045895
121297.0520237114 127594.9910579179
120976.4470585034 127755.0707112463
120816.1445758993 128075.2300179030
120655.8420932953 128395.3893245597
117770.3974064228 130956.6637778134
117449.7924412148 131116.7434311418
117449.7924412148 131436.9027377985
117770.3974064228 131596.9823911269
117610.0949238188 131596.9823911269
117449.7924412148 131757.0620444552
117289.4899586107 131757.0620444552
123380.9842975638 133197.7789244105

117449.7924412148 132237.3010044403
117289.4899586107 132077.2213511119
117449.7924412148 132077.2213511119
117610.0949238188 132077.2213511119
117289.4899586107 131917.1416977836
117449.7924412148 131917.1416977836
117610.0949238188 131917.1416977836
117770.3974064228 131917.1416977836
117289.4899586107 131757.0620444552
117449.7924412148 131757.0620444552
117610.0949238188 131757.0620444552
117770.3974064228 131757.0620444552
117289.4899586107 131596.9823911269
117449.7924412148 131596.9823911269
117610.0949238188 131596.9823911269
117770.3974064228 131596.9823911269
117289.4899586107 131436.9027377985
117449.7924412148 131436.9027377985
117610.0949238188 131436.9027377985
121938.2619541275 126794.5927912761
121777.9594715235 126794.5927912761
121617.6569889195 126794.5927912761
121938.2619541275 126954.6724446045
121777.9594715235 126954.6724446045
121617.6569889195 126954.6724446045
121457.3545063154 126954.6724446045
121938.2619541275 127114.7520979328
121777.9594715235 127114.7520979328
121617.6569889195 127114.7520979328
121457.3545063154 127114.7520979328
121777.9594715235 127274.8317512612
121617.6569889195 127274.8317512612
121457.3545063154 127274.8317512612
121297.0520237114 127274.8317512612
121617.6569889195 127434.9114045895
121457.3545063154 127434.9114045895
121297.0520237114 127434.9114045895
121297.0520237114 127594.9910579179
121136.7495411074 127594.9910579179
117449.7924412148 131276.8230844702

120655.8420932953 135438.8940710075
120816.1445758993 135118.7347643508
121136.7495411074 134958.6551110224
123060.3793323557 133357.8585777388
123380.9842975638 133197.7789244105
117289.4899586107 132397.3806577687
117289.4899586107 132077.2213511119
117449.7924412148 132077.2213511119
117610.0949238188 132077.2213511119
117449.7924412148 131917.1416977836
117610.0949238188 131917.1416977836
117289.4899586107 131757.0620444552
117449.7924412148 131757.0620444552
117610.0949238188 131596.9823911269
117449.7924412148 131436.9027377985
117610.0949238188 131436.9027377985
117449.7924412148 131116.7434311418
117770.3974064228 130956.6637778134
129953.3860843289 118790.6101248582
129793.0836017248 119110.7694315149
129632.7811191208 119430.9287381716
129632.7811191208 119751.0880448284
129312.1761539127 119911.1676981567
129312.1761539127 120391.4066581418
122419.1694019396 126634.5131379478
121777.9594715235 126634.5131379478
121777.9594715235 126954.6724446045
121617.6569889195 126954.6724446045
121457.3545063154 126954.6724446045
121938.2619541275 127114.7520979328
121777.9594715235 127114.7520979328
121617.6569889195 127114.7520979328
121617.6569889195 127274.8317512612
121457.3545063154 127274.8317512612
121297.0520237114 127274.8317512612
121617.6569889195 127434.9114045895
121297.0520237114 127594.9910579179
120976.4470585034 127755.0707112463
120816.1445758993 128075.2300179030
120655.8420932953 128395.3893245597

120655.8420932953 135438.8940710075
120816.1445758993 135118.7347643508
121136.7495411074 134958.6551110224
117289.4899586107 132397.3806577687
117289.4899586107 132077.2213511119
117449.7924412148 132077.2213511119
117610.0949238188 132077.2213511119
117449.7924412148 131917.1416977836
117610.0949238188 131917.1416977836
117289.4899586107 131757.0620444552
117449.7924412148 131757.0620444552
117610.0949238188 131757.0620444552
117449.7924412148 131596.9823911269
117610.0949238188 131596.9823911269
117770.3974064228 131596.9823911269
117449.7924412148 131436.9027377985
117610.0949238188 131436.9027377985
117449.7924412148 131116.7434311418
129953.3860843289 118790.6101248582
129793.0836017248 119110.7694315149
129632.7811191208 119430.9287381716
129632.7811191208 119751.0880448284
122419.1694019396 126634.5131379478
121777.9594715235 126634.5131379478
121777.9594715235 126954.6724446045
121617.6569889195 126954.6724446045
121457.3545063154 126954.6724446045
121938.2619541275 127114.7520979328
121777.9594715235 127114.7520979328
121617.6569889195 127114.7520979328
121777.9594715235 127274.8317512612
121617.6569889195 127274.8317512612
121457.3545063154 127274.8317512612
121297.0520237114 127274.8317512612
121617.6569889195 127434.9114045895
121457.3545063154 127434.9114045895
121297.0520237114 127594.9910579179
120976.4470585034 127755.0707112463
120816.1445758993 128075.2300179030
120655.8420932953 128395.3893245597

120655.8420932953 135438.8940710075
120816.1445758993 135118.7347643508
133159.4357364094 119591.0083915000
117129.1874760067 133838.0975377239
129953.3860843289 118790.6101248582
129793.0836017248 119110.7694315149
129632.7811191208 119430.9287381716
129632.7811191208 119751.0880448284
129312.1761539127 119911.1676981567
129312.1761539127 120391.4066581418
128991.5711887047 120711.5659647985
128190.0587756846 120871.6456181269
126587.0339496443 125834.1148713060
126426.7314670403 126154.2741779627
122419.1694019396 126634.5131379478
121777.9594715235 126634.5131379478
121457.3545063154 126794.5927912761
121777.9594715235 126954.6724446045
122098.5644367315 127114.7520979328
121457.3545063154 127114.7520979328
121457.3545063154 127434.9114045895
121457.3545063154 127755.0707112463
120816.1445758993 127755.0707112463
120816.1445758993 128075.2300179030
120816.1445758993 128395.3893245597
133319.7382190134 130956.6637778134
117770.3974064228 130956.6637778134
117449.7924412148 131116.7434311418
133159.4357364094 131436.9027377985
117449.7924412148 131436.9027377985
117610.0949238188 131596.9823911269
132678.5282885973 131757.0620444552
117449.7924412148 131757.0620444552
117770.3974064228 132077.2213511119
117610.0949238188 132397.3806577687
116968.8849934027 132397.3806577687
123701.5892627718 132717.5399644254
117449.7924412148 133037.6992710821
123380.9842975638 133197.7789244105
123060.3793323557 133357.8585777388

120655.8420932953 135438.8940710075
120816.1445758993 135118.7347643508
117610.0949238188 132877.6196177537
117289.4899586107 132397.3806577687
117289.4899586107 132077.2213511119
117449.7924412148 132077.2213511119
117610.0949238188 132077.2213511119
129953.3860843289 118790.6101248582
129793.0836017248 119110.7694315149
129632.7811191208 119430.9287381716
129632.7811191208 119751.0880448284
129312.1761539127 119911.1676981567
129312.1761539127 120391.4066581418
122419.1694019396 126634.5131379478
121777.9594715235 126634.5131379478
121777.9594715235 126954.6724446045
121617.6569889195 126954.6724446045
121457.3545063154 126954.6724446045
121938.2619541275 127114.7520979328
121777.9594715235 127114.7520979328
121617.6569889195 127114.7520979328
121617.6569889195 127274.8317512612
121457.3545063154 127274.8317512612
121297.0520237114 127274.8317512612
121617.6569889195 127434.9114045895
121297.0520237114 127594.9910579179
120976.4470585034 127755.0707112463
120816.1445758993 128075.2300179030
120655.8420932953 128395.3893245597
117770.3974064228 130956.6637778134
117449.7924412148 131116.7434311418
117449.7924412148 131436.9027377985
117770.3974064228 131596.9823911269
117610.0949238188 131596.9823911269
117449.7924412148 131757.0620444552
117289.4899586107 131757.0620444552
117610.0949238188 131917.1416977836
117449.7924412148 131917.1416977836
123380.9842975638 133197.7789244105
123060.3793323557 133357.8585777388

120655.8420932953 135438.8940710075
120816.1445758993 135118.7347643508
121136.7495411074 134958.6551110224
117289.4899586107 132877.6196177537
117289.4899586107 132397.3806577687
117289.4899586107 132077.2213511119
117449.7924412148 132077.2213511119
117610.0949238188 132077.2213511119
117449.7924412148 131917.1416977836
117610.0949238188 131917.1416977836
117289.4899586107 131757.0620444552
117449.7924412148 131757.0620444552
117610.0949238188 131757.0620444552
117610.0949238188 131596.9823911269
117449.7924412148 131436.9027377985
117610.0949238188 131436.9027377985
129953.3860843289 118790.6101248582
129793.0836017248 119110.7694315149
129632.7811191208 119430.9287381716
129632.7811191208 119751.0880448284
129312.1761539127 119911.1676981567
129312.1761539127 120391.4066581418
122419.1694019396 126634.5131379478
121777.9594715235 126634.5131379478
121777.9594715235 126954.6724446045
121617.6569889195 126954.6724446045
121457.3545063154 126954.6724446045
121938.2619541275 127114.7520979328
121777.9594715235 127114.7520979328
121617.6569889195 127114.7520979328
121617.6569889195 127274.8317512612
121457.3545063154 127274.8317512612
121297.0520237114 127274.8317512612
121617.6569889195 127434.9114045895
121297.0520237114 127594.9910579179
120976.4470585034 127755.0707112463
120816.1445758993 128075.2300179030
120655.8420932953 128395.3893245597
117770.3974064228 130956.6637778134
117449.7924412148 131116.7434311418

120655.8420932953 135438.8940710075
120816.1445758993 135118.7347643508
117610.0949238188 132877.6196177537
117289.4899586107 132397.3806577687
117289.4899586107 132077.2213511119
117449.7924412148 132077.2213511119
117610.0949238188 132077.2213511119
129953.3860843289 118790.6101248582
129793.0836017248 119110.7694315149
129632.7811191208 119430.9287381716
129632.7811191208 119751.0880448284
129312.1761539127 119911.1676981567
129312.1761539127 120391.4066581418
128991.5711887047 120711.5659647985
126426.7314670403 126154.2741779627
122419.1694019396 126634.5131379478
121777.9594715235 126634.5131379478
121457.3545063154 126794.5927912761
121777.9594715235 126954.6724446045
121617.6569889195 126954.6724446045
122098.5644367315 127114.7520979328
121938.2619541275 127114.7520979328
121457.3545063154 127114.7520979328
121457.3545063154 127434.9114045895
121457.3545063154 127755.0707112463
120816.1445758993 127755.0707112463
120816.1445758993 128075.2300179030
120816.1445758993 128395.3893245597
133319.7382190134 130956.6637778134
117770.3974064228 130956.6637778134
117449.7924412148 131116.7434311418
117610.0949238188 131436.9027377985
117449.7924412148 131436.9027377985
117610.0949238188 131596.9823911269
117449.7924412148 131757.0620444552
117289.4899586107 131757.0620444552
117610.0949238188 131917.1416977836
117449.7924412148 131917.1416977836
123380.9842975638 133197.7789244105
123060.3793323557 133357.8585777388

120655.8420932953 135438.8940710075
120816.1445758993 135118.7347643508
117289.4899586107 132397.3806577687
129793.0836017248 119110.7694315149
121777.9594715235 126634.5131379478
121938.2619541275 126794.5927912761
121777.9594715235 126794.5927912761
121938.2619541275 126954.6724446045
121777.9594715235 126954.6724446045
121617.6569889195 126954.6724446045
121457.3545063154 126954.6724446045
121938.2619541275 127114.7520979328
121777.9594715235 127114.7520979328
121617.6569889195 127114.7520979328
121457.3545063154 127114.7520979328
121777.9594715235 127274.8317512612
121617.6569889195 127274.8317512612
121457.3545063154 127274.8317512612
121297.0520237114 127274.8317512612
121617.6569889195 127434.9114045895
121457.3545063154 127434.9114045895
121136.7495411074 127594.9910579179
121136.7495411074 127915.1503645746
120816.1445758993 128075.2300179030
117449.7924412148 131116.7434311418
117610.0949238188 131436.9027377985
117449.7924412148 131436.9027377985
117289.4899586107 131436.9027377985
117770.3974064228 131596.9823911269
117610.0949238188 131596.9823911269
117449.7924412148 131596.9823911269
117770.3974064228 131757.0620444552
117610.0949238188 131757.0620444552
117449.7924412148 131757.0620444552
117289.4899586107 131757.0620444552
117610.0949238188 131917.1416977836
117449.7924412148 131917.1416977836
117610.0949238188 132077.2213511119
117449.7924412148 132077.2213511119
117289.4899586107 132077.2213511119

117449.7924412148 132237.3010044403
117289.4899586107 132077.2213511119
117449.7924412148 132077.2213511119
117610.0949238188 132077.2213511119
121938.2619541275 126794.5927912761
121777.9594715235 126794.5927912761
121617.6569889195 126794.5927912761
121938.2619541275 126954.6724446045
121777.9594715235 126954.6724446045
121617.6569889195 126954.6724446045
121457.3545063154 126954.6724446045
121938.2619541275 127114.7520979328
121777.9594715235 127114.7520979328
121617.6569889195 127114.7520979328
121457.3545063154 127114.7520979328
121938.2619541275 127274.8317512612
121777.9594715235 127274.8317512612
121617.6569889195 127274.8317512612
121457.3545063154 127274.8317512612
121297.0520237114 127274.8317512612
121617.6569889195 127434.9114045895
121457.3545063154 127434.9114045895
121297.0520237114 127434.9114045895
121297.0520237114 127594.9910579179
121136.7495411074 127594.9910579179
117449.7924412148 131276.8230844702
117610.0949238188 131436.9027377985
117449.7924412148 131436.9027377985
117770.3974064228 131596.9823911269
117610.0949238188 131596.9823911269
117449.7924412148 131596.9823911269
117289.4899586107 131596.9823911269
117770.3974064228 131757.0620444552
117610.0949238188 131757.0620444552
117449.7924412148 131757.0620444552
117289.4899586107 131757.0620444552
117770.3974064228 131917.1416977836
117610.0949238188 131917.1416977836
117449.7924412148 131917.1416977836
117289.4899586107 131917.1416977836

120655.8420932953 135438.8940710075
120816.1445758993 135118.7347643508
121136.7495411074 134958.6551110224
117129.1874760067 133838.0975377239
123060.3793323557 133357.8585777388
123380.9842975638 133197.7789244105
117449.7924412148 133037.6992710821
123701.5892627718 132717.5399644254
116968.8849934027 132397.3806577687
117610.0949238188 132397.3806577687
117770.3974064228 132077.2213511119
117449.7924412148 131757.0620444552
132678.5282885973 131757.0620444552
124503.1016757919 127594.9910579179
117449.7924412148 131436.9027377985
133159.4357364094 131436.9027377985
117449.7924412148 131116.7434311418
117770.3974064228 130956.6637778134
133319.7382190134 130956.6637778134
120816.1445758993 128395.3893245597
120816.1445758993 128075.2300179030
120816.1445758993 127755.0707112463
121457.3545063154 127755.0707112463
121457.3545063154 127434.9114045895
121457.3545063154 127114.7520979328
122098.5644367315 127114.7520979328
121777.9594715235 126954.6724446045
135243.3680102617 114788.6187916493
134441.8555972416 115428.9374049627
134602.1580798457 115909.1763649478
132518.2258059933 116869.6542849179
132357.9233233893 117349.8932449030
129953.3860843289 119110.7694315149
132037.3183581812 119751.0880448284
130594.5960147450 120871.6456181269
130754.8984973490 121511.9642314403
130273.9910495369 121992.2031914254
131235.8059451611 122952.6811113955
126266.4289844362 122952.6811113955
129312.1761539127 123272.8404180522

120655.8420932953 135438.8940710075
120816.1445758993 135118.7347643508
121136.7495411074 134958.6551110224
129953.3860843289 118790.6101248582
129793.0836017248 119110.7694315149
129632.7811191208 119430.9287381716
129632.7811191208 119751.0880448284
129312.1761539127 119911.1676981567
129312.1761539127 120391.4066581418
128991.5711887047 120711.5659647985
126426.7314670403 126154.2741779627
122419.1694019396 126634.5131379478
121777.9594715235 126634.5131379478
121457.3545063154 126794.5927912761
121777.9594715235 126954.6724446045
121617.6569889195 126954.6724446045
122098.5644367315 127114.7520979328
121938.2619541275 127114.7520979328
121457.3545063154 127114.7520979328
121457.3545063154 127434.9114045895
121457.3545063154 127755.0707112463
120816.1445758993 127755.0707112463
120816.1445758993 128075.2300179030
120816.1445758993 128395.3893245597
133319.7382190134 130956.6637778134
117770.3974064228 130956.6637778134
117449.7924412148 131116.7434311418
117610.0949238188 131436.9027377985
117449.7924412148 131436.9027377985
117610.0949238188 131596.9823911269
117449.7924412148 131757.0620444552
117289.4899586107 131757.0620444552
117610.0949238188 131917.1416977836
117449.7924412148 131917.1416977836
117610.0949238188 132077.2213511119
117449.7924412148 132077.2213511119
117289.4899586107 132077.2213511119
117289.4899586107 132397.3806577687
123380.9842975638 133197.7789244105
123060.3793323557 133357.8585777388

120655.8420932953 135438.8940710075
120816.1445758993 135118.7347643508
121136.7495411074 134958.6551110224
117289.4899586107 132397.3806577687
117289.4899586107 132077.2213511119
117449.7924412148 132077.2213511119
117610.0949238188 132077.2213511119
117449.7924412148 131917.1416977836
117610.0949238188 131917.1416977836
117289.4899586107 131757.0620444552
117449.7924412148 131757.0620444552
117610.0949238188 131757.0620444552
117449.7924412148 131596.9823911269
117610.0949238188 131596.9823911269
117289.4899586107 131436.9027377985
117449.7924412148 131436.9027377985
117610.0949238188 131436.9027377985
117449.7924412148 131116.7434311418
120655.8420932953 128395.3893245597
120816.1445758993 128075.2300179030
120976.4470585034 127755.0707112463
121297.0520237114 127594.9910579179
121457.3545063154 127434.9114045895
121617.6569889195 127434.9114045895
121297.0520237114 127274.8317512612
121457.3545063154 127274.8317512612
121617.6569889195 127274.8317512612
121617.6569889195 127114.7520979328
121777.9594715235 127114.7520979328
121938.2619541275 127114.7520979328
121457.3545063154 126954.6724446045
121617.6569889195 126954.6724446045
121777.9594715235 126954.6724446045
121777.9594715235 126634.5131379478
122419.1694019396 126634.5131379478
129312.1761539127 119911.1676981567
129632.7811191208 119751.0880448284
129632.7811191208 119430.9287381716
129793.0836017248 119110.7694315149
121777.9594715235 126794.5927912761

120816.1445758993 135118.7347643508
121938.2619541275 126794.5927912761
121777.9594715235 126794.5927912761
121617.6569889195 126794.5927912761
121938.2619541275 126954.6724446045
121777.9594715235 126954.6724446045
121617.6569889195 126954.6724446045
121457.3545063154 126954.6724446045
121938.2619541275 127114.7520979328
121777.9594715235 127114.7520979328
121617.6569889195 127114.7520979328
121457.3545063154 127114.7520979328
121938.2619541275 127274.8317512612
121777.9594715235 127274.8317512612
121617.6569889195 127274.8317512612
121457.3545063154 127274.8317512612
121297.0520237114 127274.8317512612
121617.6569889195 127434.9114045895
121457.3545063154 127434.9114045895
121297.0520237114 127434.9114045895
121297.0520237114 127594.9910579179
121136.7495411074 127594.9910579179
117449.7924412148 131276.8230844702
117610.0949238188 131436.9027377985
117449.7924412148 131436.9027377985
117770.3974064228 131596.9823911269
117610.0949238188 131596.9823911269
117449.7924412148 131596.9823911269
117289.4899586107 131596.9823911269
117770.3974064228 131757.0620444552
117610.0949238188 131757.0620444552
117449.7924412148 131757.0620444552
117289.4899586107 131757.0620444552
117770.3974064228 131917.1416977836
117610.0949238188 131917.1416977836
117449.7924412148 131917.1416977836
117289.4899586107 131917.1416977836
117610.0949238188 132077.2213511119
117449.7924412148 132077.2213511119
117289.4899586107 132077.2213511119

120655.8420932953 135438.8940710075
121938.2619541275 126794.5927912761
121777.9594715235 126794.5927912761
121617.6569889195 126794.5927912761
121938.2619541275 126954.6724446045
121777.9594715235 126954.6724446045
121617.6569889195 126954.6724446045
121457.3545063154 126954.6724446045
121938.2619541275 127114.7520979328
121777.9594715235 127114.7520979328
121617.6569889195 127114.7520979328
121457.3545063154 127114.7520979328
121938.2619541275 127274.8317512612
121777.9594715235 127274.8317512612
121617.6569889195 127274.8317512612
121457.3545063154 127274.8317512612
121297.0520237114 127274.8317512612
121617.6569889195 127434.9114045895
121457.3545063154 127434.9114045895
121297.0520237114 127434.9114045895
121297.0520237114 127594.9910579179
121136.7495411074 127594.9910579179
117449.7924412148 131276.8230844702
117610.0949238188 131436.9027377985
117449.7924412148 131436.9027377985
117770.3974064228 131596.9823911269
117610.0949238188 131596.9823911269
117449.7924412148 131596.9823911269
117289.4899586107 131596.9823911269
117770.3974064228 131757.0620444552
117610.0949238188 131757.0620444552
117449.7924412148 131757.0620444552
117289.4899586107 131757.0620444552
117770.3974064228 131917.1416977836
117610.0949238188 131917.1416977836
117449.7924412148 131917.1416977836
117289.4899586107 131917.1416977836
117610.0949238188 132077.2213511119
117449.7924412148 132077.2213511119
117289.4899586107 132077.2213511119

120816.1445758993 135118.7347643508
117289.4899586107 132077.2213511119
117449.7924412148 132077.2213511119
117610.0949238188 132077.2213511119
121777.9594715235 126634.5131379478
121938.2619541275 126794.5927912761
121777.9594715235 126794.5927912761
121938.2619541275 126954.6724446045
121777.9594715235 126954.6724446045
121617.6569889195 126954.6724446045
121457.3545063154 126954.6724446045
121938.2619541275 127114.7520979328
121777.9594715235 127114.7520979328
121617.6569889195 127114.7520979328
121457.3545063154 127114.7520979328
121938.2619541275 127274.8317512612
121777.9594715235 127274.8317512612
121617.6569889195 127274.8317512612
121457.3545063154 127274.8317512612
121297.0520237114 127274.8317512612
121617.6569889195 127434.9114045895
121457.3545063154 127434.9114045895
121297.0520237114 127434.9114045895
121297.0520237114 127594.9910579179
121136.7495411074 127594.9910579179
117449.7924412148 131276.8230844702
117610.0949238188 131436.9027377985
117449.7924412148 131436.9027377985
117770.3974064228 131596.9823911269
117610.0949238188 131596.9823911269
117449.7924412148 131596.9823911269
117289.4899586107 131596.9823911269
117770.3974064228 131757.0620444552
117610.0949238188 131757.0620444552
117449.7924412148 131757.0620444552
117289.4899586107 131757.0620444552
117770.3974064228 131917.1416977836
117610.0949238188 131917.1416977836
117449.7924412148 131917.1416977836
117449.7924412148 132237.3010044403

120655.8420932953 135438.8940710075
120816.1445758993 135118.7347643508
117610.0949238188 132877.6196177537
117289.4899586107 132397.3806577687
117289.4899586107 132077.2213511119
117449.7924412148 132077.2213511119
117610.0949238188 132077.2213511119
129953.3860843289 118790.6101248582
129793.0836017248 119110.7694315149
129632.7811191208 119430.9287381716
129632.7811191208 119751.0880448284
129312.1761539127 119911.1676981567
129312.1761539127 120391.4066581418
122419.1694019396 126634.5131379478
121777.9594715235 126634.5131379478
121777.9594715235 126954.6724446045
121617.6569889195 126954.6724446045
121457.3545063154 126954.6724446045
121938.2619541275 127114.7520979328
121777.9594715235 127114.7520979328
121777.9594715235 127274.8317512612
121617.6569889195 127274.8317512612
121457.3545063154 127274.8317512612
121297.0520237114 127274.8317512612
121297.0520237114 127594.9910579179
121136.7495411074 127594.9910579179
120816.1445758993 127755.0707112463
120816.1445758993 128075.2300179030
120655.8420932953 128395.3893245597
117449.7924412148 131116.7434311418
117610.0949238188 131436.9027377985
117449.7924412148 131436.9027377985
117770.3974064228 131596.9823911269
117610.0949238188 131596.9823911269
117610.0949238188 131757.0620444552
117449.7924412148 131757.0620444552
117289.4899586107 131757.0620444552
117610.0949238188 131917.1416977836
117449.7924412148 131917.1416977836
123380.9842975638 133197.7789244105

120655.8420932953 135438.8940710075
120816.1445758993 135118.7347643508
121136.7495411074 134958.6551110224
123060.3793323557 133357.8585777388
123380.9842975638 133197.7789244105
117289.4899586107 132397.3806577687
129953.3860843289 118790.6101248582
129793.0836017248 119110.7694315149
129632.7811191208 119430.9287381716
129632.7811191208 119751.0880448284
129312.1761539127 119911.1676981567
129312.1761539127 120391.4066581418
128991.5711887047 120711.5659647985
122419.1694019396 126634.5131379478
121777.9594715235 126634.5131379478
121777.9594715235 126954.6724446045
121617.6569889195 126954.6724446045
121938.2619541275 127114.7520979328
121777.9594715235 127114.7520979328
121777.9594715235 127274.8317512612
121617.6569889195 127274.8317512612
121457.3545063154 127274.8317512612
121297.0520237114 127274.8317512612
121617.6569889195 127434.9114045895
121297.0520237114 127594.9910579179
120976.4470585034 127755.0707112463
120816.1445758993 128075.2300179030
120816.1445758993 128395.3893245597
117770.3974064228 130956.6637778134
117449.7924412148 131116.7434311418
117610.0949238188 131436.9027377985
117449.7924412148 131436.9027377985
117610.0949238188 131596.9823911269
117449.7924412148 131757.0620444552
117289.4899586107 131757.0620444552
117610.0949238188 131917.1416977836
117449.7924412148 131917.1416977836
117610.0949238188 132077.2213511119
117449.7924412148 132077.2213511119
117289.4899586107 132077.2213511119

120655.8420932953 135438.8940710075
120816.1445758993 135118.7347643508
121136.7495411074 134958.6551110224
123060.3793323557 133357.8585777388
123380.9842975638 133197.7789244105
117289.4899586107 132397.3806577687
117289.4899586107 132077.2213511119
117449.7924412148 132077.2213511119
117610.0949238188 132077.2213511119
129953.3860843289 118790.6101248582
129793.0836017248 119110.7694315149
129632.7811191208 119430.9287381716
129632.7811191208 119751.0880448284
129312.1761539127 119911.1676981567
129312.1761539127 120391.4066581418
122419.1694019396 126634.5131379478
121777.9594715235 126634.5131379478
121777.9594715235 126954.6724446045
121617.6569889195 126954.6724446045
121457.3545063154 126954.6724446045
121938.2619541275 127114.7520979328
121777.9594715235 127114.7520979328
121777.9594715235 127274.8317512612
121617.6569889195 127274.8317512612
121457.3545063154 127274.8317512612
121297.0520237114 127274.8317512612
121617.6569889195 127434.9114045895
121297.0520237114 127594.9910579179
120976.4470585034 127755.0707112463
120816.1445758993 128075.2300179030
120816.1445758993 128395.3893245597
117770.3974064228 130956.6637778134
117449.7924412148 131116.7434311418
117610.0949238188 131436.9027377985
117449.7924412148 131436.9027377985
117610.0949238188 131596.9823911269
117610.0949238188 131757.0620444552
117449.7924412148 131757.0620444552
117289.4899586107 131757.0620444552
117610.0949238188 131917.1416977836

120655.8420932953 135438.8940710075
120816.1445758993 135118.7347643508
117610.0949238188 132877.6196177537
117289.4899586107 132397.3806577687
129953.3860843289 118790.6101248582
129793.0836017248 119110.7694315149
129632.7811191208 119430.9287381716
129632.7811191208 119751.0880448284
129312.1761539127 119911.1676981567
129312.1761539127 120391.4066581418
128991.5711887047 120711.5659647985
122419.1694019396 126634.5131379478
121777.9594715235 126634.5131379478
121777.9594715235 126954.6724446045
121617.6569889195 126954.6724446045
121938.2619541275 127114.7520979328
121777.9594715235 127114.7520979328
121777.9594715235 127274.8317512612
121617.6569889195 127274.8317512612
121457.3545063154 127274.8317512612
121297.0520237114 127274.8317512612
121617.6569889195 127434.9114045895
121297.0520237114 127594.9910579179
120976.4470585034 127755.0707112463
120816.1445758993 128075.2300179030
120816.1445758993 128395.3893245597
117770.3974064228 130956.6637778134
117449.7924412148 131116.7434311418
117610.0949238188 131436.9027377985
117449.7924412148 131436.9027377985
117610.0949238188 131596.9823911269
117449.7924412148 131757.0620444552
117289.4899586107 131757.0620444552
117610.0949238188 131917.1416977836
117449.7924412148 131917.1416977836
117610.0949238188 132077.2213511119
117449.7924412148 132077.2213511119
117289.4899586107 132077.2213511119
123380.9842975638 133197.7789244105
123060.3793323557 133357.8585777388

120655.8420932953 135438.8940710075
120816.1445758993 135118.7347643508
121136.7495411074 134958.6551110224
117289.4899586107 132877.6196177537
117289.4899586107 132397.3806577687
117289.4899586107 132077.2213511119
117449.7924412148 132077.2213511119
117610.0949238188 132077.2213511119
117449.7924412148 131917.1416977836
117610.0949238188 131917.1416977836
117289.4899586107 131757.0620444552
117449.7924412148 131757.0620444552
117610.0949238188 131757.0620444552
117610.0949238188 131596.9823911269
117449.7924412148 131436.9027377985
117610.0949238188 131436.9027377985
117449.7924412148 131116.7434311418
120655.8420932953 128395.3893245597
120816.1445758993 128075.2300179030
120976.4470585034 127755.0707112463
121297.0520237114 127594.9910579179
121457.3545063154 127434.9114045895
121617.6569889195 127434.9114045895
121297.0520237114 127274.8317512612
121457.3545063154 127274.8317512612
121617.6569889195 127274.8317512612
121617.6569889195 127114.7520979328
121777.9594715235 127114.7520979328
121938.2619541275 127114.7520979328
121457.3545063154 126954.6724446045
121617.6569889195 126954.6724446045
121777.9594715235 126954.6724446045
121777.9594715235 126634.5131379478
122419.1694019396 126634.5131379478
129793.0836017248 119110.7694315149
129632.7811191208 119430.9287381716
129472.4786365168 119751.0880448284
121777.9594715235 126794.5927912761
121938.2619541275 126954.6724446045
121777.9594715235 127274.8317512612

120655.8420932953 135438.8940710075
120816.1445758993 135118.7347643508
121136.7495411074 134958.6551110224
117129.1874760067 133838.0975377239
123060.3793323557 133357.8585777388
123380.9842975638 133197.7789244105
117449.7924412148 132877.6196177537
117129.1874760067 132397.3806577687
117289.4899586107 132077.2213511119
117449.7924412148 132077.2213511119
117610.0949238188 132077.2213511119
117610.0949238188 131917.1416977836
132518.2258059933 131596.9823911269
117449.7924412148 131757.0620444552
117610.0949238188 131596.9823911269
117449.7924412148 131436.9027377985
117449.7924412148 131116.7434311418
117770.3974064228 130956.6637778134
133319.7382190134 130956.6637778134
120816.1445758993 128395.3893245597
120816.1445758993 128075.2300179030
120816.1445758993 127755.0707112463
121457.3545063154 127755.0707112463
121457.3545063154 127434.9114045895
121457.3545063154 127114.7520979328
122098.5644367315 127114.7520979328
121777.9594715235 126954.6724446045
121457.3545063154 126794.5927912761
121777.9594715235 126634.5131379478
122419.1694019396 126634.5131379478
126426.7314670403 126154.2741779627
126587.0339496443 125834.1148713060
129953.3860843289 118790.6101248582
129793.0836017248 119110.7694315149
129632.7811191208 119430.9287381716
129632.7811191208 119751.0880448284
129312.1761539127 119911.1676981567
129312.1761539127 120391.4066581418
128991.5711887047 120711.5659647985
121617.6569889195 126954.6724446045

117449.7924412148 132237.3010044403
121938.2619541275 126794.5927912761
121777.9594715235 126794.5927912761
121617.6569889195 126794.5927912761
121938.2619541275 126954.6724446045
121777.9594715235 126954.6724446045
121617.6569889195 126954.6724446045
121457.3545063154 126954.6724446045
121938.2619541275 127114.7520979328
121777.9594715235 127114.7520979328
121617.6569889195 127114.7520979328
121457.3545063154 127114.7520979328
121297.0520237114 127114.7520979328
121938.2619541275 127274.8317512612
121777.9594715235 127274.8317512612
121617.6569889195 127274.8317512612
121457.3545063154 127274.8317512612
121297.0520237114 127274.8317512612
121617.6569889195 127434.9114045895
121457.3545063154 127434.9114045895
121297.0520237114 127434.9114045895
121297.0520237114 127594.9910579179
117610.0949238188 131436.9027377985
117449.7924412148 131436.9027377985
117289.4899586107 131436.9027377985
117770.3974064228 131596.9823911269
117610.0949238188 131596.9823911269
117449.7924412148 131596.9823911269
117289.4899586107 131596.9823911269
117770.3974064228 131757.0620444552
117610.0949238188 131757.0620444552
117449.7924412148 131757.0620444552
117289.4899586107 131757.0620444552
117770.3974064228 131917.1416977836
117610.0949238188 131917.1416977836
117449.7924412148 131917.1416977836
117289.4899586107 131917.1416977836
117610.0949238188 132077.2213511119
117449.7924412148 132077.2213511119
117289.4899586107 132077.2213511119

117449.7924412148 132237.3010044403
117289.4899586107 132077.2213511119
117449.7924412148 132077.2213511119
117610.0949238188 132077.2213511119
121938.2619541275 126794.5927912761
121777.9594715235 126794.5927912761
121617.6569889195 126794.5927912761
121938.2619541275 126954.6724446045
121777.9594715235 126954.6724446045
121617.6569889195 126954.6724446045
121457.3545063154 126954.6724446045
121938.2619541275 127114.7520979328
121777.9594715235 127114.7520979328
121617.6569889195 127114.7520979328
121457.3545063154 127114.7520979328
121938.2619541275 127274.8317512612
121777.9594715235 127274.8317512612
121617.6569889195 127274.8317512612
121457.3545063154 127274.8317512612
121297.0520237114 127274.8317512612
121617.6569889195 127434.9114045895
121457.3545063154 127434.9114045895
121297.0520237114 127434.9114045895
121297.0520237114 127594.9910579179
121136.7495411074 127434.9114045895
117610.0949238188 131436.9027377985
117449.7924412148 131436.9027377985
117289.4899586107 131436.9027377985
117770.3974064228 131596.9823911269
117610.0949238188 131596.9823911269
117449.7924412148 131596.9823911269
117289.4899586107 131596.9823911269
117770.3974064228 131757.0620444552
117610.0949238188 131757.0620444552
117449.7924412148 131757.0620444552
117289.4899586107 131757.0620444552
117770.3974064228 131917.1416977836
117610.0949238188 131917.1416977836
117449.7924412148 131917.1416977836
117289.4899586107 131917.1416977836

120655.8420932953 135438.8940710075
120816.1445758993 135118.7347643508
121136.7495411074 134958.6551110224
117129.1874760067 133838.0975377239
123060.3793323557 133357.8585777388
123380.9842975638 133197.7789244105
117449.7924412148 132877.6196177537
117129.1874760067 132397.3806577687
117289.4899586107 132077.2213511119
117449.7924412148 132077.2213511119
117610.0949238188 132077.2213511119
117610.0949238188 131917.1416977836
117289.4899586107 131757.0620444552
117449.7924412148 131757.0620444552
117610.0949238188 131596.9823911269
117449.7924412148 131436.9027377985
117449.7924412148 131116.7434311418
117770.3974064228 130956.6637778134
133319.7382190134 130956.6637778134
120816.1445758993 128395.3893245597
120816.1445758993 128075.2300179030
120816.1445758993 127755.0707112463
121457.3545063154 127755.0707112463
121457.3545063154 127434.9114045895
121457.3545063154 127114.7520979328
122098.5644367315 127114.7520979328
121777.9594715235 126954.6724446045
121457.3545063154 126794.5927912761
121777.9594715235 126634.5131379478
122419.1694019396 126634.5131379478
129953.3860843289 118790.6101248582
129793.0836017248 119110.7694315149
129632.7811191208 119430.9287381716
129632.7811191208 119751.0880448284
129312.1761539127 119911.1676981567
129312.1761539127 120391.4066581418
128991.5711887047 120711.5659647985
126587.0339496443 125834.1148713060
126426.7314670403 126154.2741779627
122098.5644367315 127274.8317512612

120655.8420932953 135438.8940710075
120816.1445758993 135118.7347643508
121136.7495411074 134958.6551110224
117289.4899586107 132877.6196177537
117289.4899586107 132397.3806577687
117289.4899586107 132077.2213511119
117449.7924412148 132077.2213511119
117610.0949238188 132077.2213511119
117449.7924412148 131917.1416977836
117610.0949238188 131917.1416977836
117289.4899586107 131757.0620444552
117449.7924412148 131757.0620444552
117610.0949238188 131757.0620444552
117610.0949238188 131596.9823911269
117449.7924412148 131436.9027377985
117610.0949238188 131436.9027377985
117449.7924412148 131116.7434311418
120655.8420932953 128395.3893245597
120816.1445758993 128075.2300179030
120976.4470585034 127755.0707112463
121297.0520237114 127594.9910579179
121457.3545063154 127434.9114045895
121617.6569889195 127434.9114045895
121297.0520237114 127274.8317512612
121457.3545063154 127274.8317512612
121617.6569889195 127274.8317512612
121617.6569889195 127114.7520979328
121777.9594715235 127114.7520979328
121938.2619541275 127114.7520979328
121457.3545063154 126954.6724446045
121617.6569889195 126954.6724446045
121777.9594715235 126954.6724446045
129953.3860843289 118790.6101248582
129793.0836017248 119110.7694315149
129632.7811191208 119430.9287381716
129632.7811191208 119751.0880448284
129312.1761539127 119911.1676981567
122419.1694019396 126634.5131379478
121777.9594715235 126634.5131379478
117770.3974064228 131596.9823911269

120816.1445758993 135118.7347643508
121938.2619541275 126794.5927912761
121777.9594715235 126794.5927912761
121617.6569889195 126794.5927912761
121938.2619541275 126954.6724446045
121777.9594715235 126954.6724446045
121617.6569889195 126954.6724446045
121457.3545063154 126954.6724446045
121938.2619541275 127114.7520979328
121777.9594715235 127114.7520979328
121617.6569889195 127114.7520979328
121457.3545063154 127114.7520979328
121938.2619541275 127274.8317512612
121777.9594715235 127274.8317512612
121617.6569889195 127274.8317512612
121457.3545063154 127274.8317512612
121297.0520237114 127274.8317512612
121617.6569889195 127434.9114045895
121457.3545063154 127434.9114045895
121297.0520237114 127434.9114045895
121297.0520237114 127594.9910579179
121136.7495411074 127594.9910579179
117610.0949238188 131436.9027377985
117449.7924412148 131436.9027377985
117289.4899586107 131436.9027377985
117770.3974064228 131596.9823911269
117610.0949238188 131596.9823911269
117449.7924412148 131596.9823911269
117289.4899586107 131596.9823911269
117770.3974064228 131757.0620444552
117610.0949238188 131757.0620444552
117449.7924412148 131757.0620444552
117289.4899586107 131757.0620444552
117770.3974064228 131917.1416977836
117610.0949238188 131917.1416977836
117449.7924412148 131917.1416977836
117289.4899586107 131917.1416977836
117610.0949238188 132077.2213511119
117449.7924412148 132077.2213511119
117289.4899586107 132077.2213511119

117449.7924412148 132237.3010044403
117289.4899586107 132077.2213511119
117449.7924412148 132077.2213511119
117610.0949238188 132077.2213511119
121938.2619541275 126794.5927912761
121777.9594715235 126794.5927912761
121617.6569889195 126794.5927912761
121938.2619541275 126954.6724446045
121777.9594715235 126954.6724446045
121617.6569889195 126954.6724446045
121457.3545063154 126954.6724446045
121938.2619541275 127114.7520979328
121777.9594715235 127114.7520979328
121617.6569889195 127114.7520979328
121457.3545063154 127114.7520979328
121938.2619541275 127274.8317512612
121777.9594715235 127274.8317512612
121617.6569889195 127274.8317512612
121457.3545063154 127274.8317512612
121297.0520237114 127274.8317512612
121617.6569889195 127434.9114045895
121457.3545063154 127434.9114045895
121297.0520237114 127434.9114045895
121297.0520237114 127594.9910579179
121136.7495411074 127594.9910579179
117610.0949238188 131436.9027377985
117449.7924412148 131436.9027377985
117289.4899586107 131436.9027377985
117770.3974064228 131596.9823911269
117610.0949238188 131596.9823911269
117449.7924412148 131596.9823911269
117289.4899586107 131596.9823911269
117770.3974064228 131757.0620444552
117610.0949238188 131757.0620444552
117449.7924412148 131757.0620444552
117289.4899586107 131757.0620444552
117770.3974064228 131917.1416977836
117610.0949238188 131917.1416977836
117449.7924412148 131917.1416977836
117289.4899586107 131917.1416977836

120655.8420932953 135438.8940710075
121938.2619541275 126794.5927912761
121777.9594715235 126794.5927912761
121617.6569889195 126794.5927912761
121938.2619541275 126954.6724446045
121777.9594715235 126954.6724446045
121617.6569889195 126954.6724446045
121457.3545063154 126954.6724446045
121938.2619541275 127114.7520979328
121777.9594715235 127114.7520979328
121617.6569889195 127114.7520979328
121457.3545063154 127114.7520979328
121938.2619541275 127274.8317512612
121777.9594715235 127274.8317512612
121617.6569889195 127274.8317512612
121457.3545063154 127274.8317512612
121297.0520237114 127274.8317512612
121617.6569889195 127434.9114045895
121457.3545063154 127434.9114045895
121297.0520237114 127434.9114045895
121297.0520237114 127594.9910579179
121136.7495411074 127594.9910579179
117610.0949238188 131436.9027377985
117449.7924412148 131436.9027377985
117289.4899586107 131436.9027377985
117770.3974064228 131596.9823911269
117610.0949238188 131596.9823911269
117449.7924412148 131596.9823911269
117289.4899586107 131596.9823911269
117770.3974064228 131757.0620444552
117610.0949238188 131757.0620444552
117449.7924412148 131757.0620444552
117289.4899586107 131757.0620444552
117770.3974064228 131917.1416977836
117610.0949238188 131917.1416977836
117449.7924412148 131917.1416977836
117289.4899586107 131917.1416977836
117610.0949238188 132077.2213511119
117449.7924412148 132077.2213511119
117289.4899586107 132077.2213511119

120655.8420932953 135438.8940710075
120816.1445758993 135118.7347643508
117610.0949238188 132877.6196177537
117289.4899586107 132397.3806577687
129953.3860843289 118790.6101248582
129793.0836017248 119110.7694315149
129632.7811191208 119430.9287381716
129632.7811191208 119751.0880448284
129312.1761539127 119911.1676981567
122419.1694019396 126634.5131379478
121777.9594715235 126634.5131379478
121777.9594715235 126954.6724446045
121617.6569889195 126954.6724446045
121457.3545063154 126954.6724446045
121938.2619541275 127114.7520979328
121777.9594715235 127114.7520979328
121617.6569889195 127114.7520979328
121617.6569889195 127274.8317512612
121457.3545063154 127274.8317512612
121297.0520237114 127274.8317512612
121617.6569889195 127434.9114045895
121457.3545063154 127434.9114045895
121297.0520237114 127594.9910579179
120976.4470585034 127755.0707112463
120816.1445758993 128075.2300179030
120655.8420932953 128395.3893245597
117449.7924412148 131116.7434311418
117610.0949238188 131436.9027377985
117449.7924412148 131436.9027377985
117770.3974064228 131596.9823911269
117610.0949238188 131596.9823911269
117610.0949238188 131757.0620444552
117449.7924412148 131757.0620444552
117289.4899586107 131757.0620444552
117610.0949238188 131917.1416977836
117449.7924412148 131917.1416977836
117610.0949238188 132077.2213511119
117449.7924412148 132077.2213511119
117289.4899586107 132077.2213511119
123380.9842975638 133197.7789244105

120655.8420932953 135438.8940710075
120816.1445758993 135118.7347643508
129793.0836017248 119110.7694315149
121777.9594715235 126634.5131379478
121938.2619541275 126794.5927912761
121777.9594715235 126794.5927912761
121938.2619541275 126954.6724446045
121777.9594715235 126954.6724446045
121617.6569889195 126954.6724446045
121457.3545063154 126954.6724446045
121938.2619541275 127114.7520979328
121777.9594715235 127114.7520979328
121617.6569889195 127114.7520979328
121938.2619541275 127274.8317512612
121777.9594715235 127274.8317512612
121617.6569889195 127274.8317512612
121457.3545063154 127274.8317512612
121297.0520237114 127274.8317512612
121617.6569889195 127434.9114045895
121457.3545063154 127434.9114045895
121297.0520237114 127594.9910579179
120976.4470585034 127755.0707112463
120816.1445758993 128075.2300179030
117449.7924412148 131116.7434311418
117610.0949238188 131436.9027377985
117449.7924412148 131436.9027377985
117289.4899586107 131436.9027377985
117770.3974064228 131596.9823911269
117610.0949238188 131596.9823911269
117449.7924412148 131596.9823911269
117610.0949238188 131757.0620444552
117449.7924412148 131757.0620444552
117289.4899586107 131757.0620444552
117610.0949238188 131917.1416977836
117449.7924412148 131917.1416977836
117610.0949238188 132077.2213511119
117449.7924412148 132077.2213511119
117289.4899586107 132077.2213511119
117449.7924412148 132237.3010044403
117289.4899586107 132397.3806577687

120655.8420932953 135438.8940710075
121938.2619541275 126794.5927912761
121777.9594715235 126794.5927912761
121617.6569889195 126794.5927912761
121938.2619541275 126954.6724446045
121777.9594715235 126954.6724446045
121617.6569889195 126954.6724446045
121457.3545063154 126954.6724446045
121938.2619541275 127114.7520979328
121777.9594715235 127114.7520979328
121617.6569889195 127114.7520979328
121457.3545063154 127114.7520979328
121297.0520237114 127114.7520979328
121938.2619541275 127274.8317512612
121777.9594715235 127274.8317512612
121617.6569889195 127274.8317512612
121457.3545063154 127274.8317512612
121297.0520237114 127274.8317512612
121617.6569889195 127434.9114045895
121457.3545063154 127434.9114045895
121297.0520237114 127434.9114045895
121297.0520237114 127594.9910579179
117610.0949238188 131436.9027377985
117449.7924412148 131436.9027377985
117289.4899586107 131436.9027377985
117770.3974064228 131596.9823911269
117610.0949238188 131596.9823911269
117449.7924412148 131596.9823911269
117289.4899586107 131596.9823911269
117770.3974064228 131757.0620444552
117610.0949238188 131757.0620444552
117449.7924412148 131757.0620444552
117289.4899586107 131757.0620444552
117770.3974064228 131917.1416977836
117610.0949238188 131917.1416977836
117449.7924412148 131917.1416977836
117289.4899586107 131917.1416977836
117610.0949238188 132077.2213511119
117449.7924412148 132077.2213511119
117289.4899586107 132077.2213511119

120655.8420932953 135438.8940710075
120816.1445758993 135118.7347643508
121136.7495411074 134958.6551110224
117289.4899586107 132877.6196177537
117289.4899586107 132397.3806577687
117289.4899586107 132077.2213511119
117449.7924412148 132077.2213511119
117610.0949238188 132077.2213511119
117449.7924412148 131917.1416977836
117610.0949238188 131917.1416977836
117289.4899586107 131757.0620444552
117449.7924412148 131757.0620444552
117610.0949238188 131757.0620444552
117610.0949238188 131596.9823911269
117449.7924412148 131436.9027377985
117610.0949238188 131436.9027377985
117449.7924412148 131116.7434311418
120655.8420932953 128395.3893245597
120816.1445758993 128075.2300179030
120976.4470585034 127755.0707112463
121297.0520237114 127594.9910579179
121457.3545063154 127434.9114045895
121617.6569889195 127434.9114045895
121297.0520237114 127274.8317512612
121457.3545063154 127274.8317512612
121617.6569889195 127274.8317512612
121617.6569889195 127114.7520979328
121777.9594715235 127114.7520979328
121938.2619541275 127114.7520979328
121457.3545063154 126954.6724446045
121617.6569889195 126954.6724446045
121777.9594715235 126954.6724446045
121777.9594715235 126634.5131379478
122419.1694019396 126634.5131379478
129953.3860843289 118790.6101248582
129793.0836017248 119110.7694315149
129632.7811191208 119430.9287381716
129632.7811191208 119751.0880448284
129312.1761539127 119911.1676981567
121777.9594715235 127274.8317512612

120655.8420932953 135438.8940710075
120816.1445758993 135118.7347643508
121136.7495411074 134958.6551110224
123060.3793323557 133357.8585777388
123380.9842975638 133197.7789244105
117289.4899586107 132397.3806577687
117289.4899586107 132077.2213511119
117449.7924412148 132077.2213511119
117610.0949238188 132077.2213511119
117610.0949238188 131917.1416977836
117289.4899586107 131757.0620444552
117449.7924412148 131757.0620444552
117610.0949238188 131757.0620444552
117610.0949238188 131596.9823911269
117770.3974064228 131596.9823911269
129953.3860843289 118790.6101248582
129793.0836017248 119110.7694315149
129632.7811191208 119430.9287381716
129632.7811191208 119751.0880448284
129312.1761539127 119911.1676981567
129312.1761539127 120391.4066581418
128991.5711887047 120711.5659647985
126426.7314670403 126154.2741779627
122419.1694019396 126634.5131379478
121777.9594715235 126634.5131379478
121457.3545063154 126794.5927912761
121777.9594715235 126954.6724446045
121617.6569889195 126954.6724446045
122098.5644367315 127114.7520979328
121938.2619541275 127114.7520979328
121457.3545063154 127114.7520979328
121457.3545063154 127434.9114045895
121457.3545063154 127755.0707112463
120816.1445758993 127755.0707112463
120816.1445758993 128075.2300179030
120816.1445758993 128395.3893245597
133319.7382190134 130956.6637778134
117770.3974064228 130956.6637778134
117449.7924412148 131116.7434311418
117449.7924412148 131436.9027377985

120655.8420932953 135438.8940710075
120816.1445758993 135118.7347643508
121136.7495411074 134958.6551110224
123380.9842975638 133197.7789244105
117289.4899586107 132397.3806577687
117289.4899586107 132077.2213511119
117449.7924412148 132077.2213511119
117610.0949238188 132077.2213511119
117449.7924412148 131917.1416977836
117610.0949238188 131917.1416977836
117289.4899586107 131757.0620444552
117449.7924412148 131757.0620444552
117610.0949238188 131757.0620444552
117610.0949238188 131596.9823911269
117289.4899586107 131436.9027377985
117449.7924412148 131436.9027377985
117610.0949238188 131436.9027377985
117449.7924412148 131116.7434311418
120816.1445758993 128075.2300179030
120976.4470585034 127755.0707112463
121297.0520237114 127594.9910579179
121457.3545063154 127434.9114045895
121617.6569889195 127434.9114045895
121297.0520237114 127274.8317512612
121457.3545063154 127274.8317512612
121617.6569889195 127274.8317512612
121617.6569889195 127114.7520979328
121777.9594715235 127114.7520979328
121938.2619541275 127114.7520979328
121457.3545063154 126954.6724446045
121617.6569889195 126954.6724446045
121777.9594715235 126954.6724446045
121777.9594715235 126634.5131379478
122419.1694019396 126634.5131379478
129953.3860843289 118790.6101248582
129793.0836017248 119110.7694315149
129632.7811191208 119430.9287381716
129632.7811191208 119751.0880448284
129312.1761539127 119911.1676981567
121777.9594715235 127274.8317512612

120655.8420932953 135438.8940710075
120816.1445758993 135118.7347643508
117289.4899586107 132397.3806577687
117289.4899586107 132077.2213511119
117449.7924412148 132077.2213511119
117610.0949238188 132077.2213511119
117449.7924412148 131917.1416977836
117610.0949238188 131917.1416977836
117770.3974064228 131917.1416977836
117289.4899586107 131757.0620444552
117449.7924412148 131757.0620444552
117610.0949238188 131757.0620444552
117770.3974064228 131757.0620444552
117449.7924412148 131596.9823911269
117610.0949238188 131596.9823911269
117770.3974064228 131596.9823911269
117289.4899586107 131436.9027377985
117449.7924412148 131436.9027377985
117610.0949238188 131436.9027377985
117449.7924412148 131116.7434311418
121777.9594715235 126634.5131379478
121938.2619541275 126794.5927912761
121777.9594715235 126794.5927912761
121938.2619541275 126954.6724446045
121777.9594715235 126954.6724446045
121617.6569889195 126954.6724446045
121457.3545063154 126954.6724446045
121938.2619541275 127114.7520979328
121777.9594715235 127114.7520979328
121617.6569889195 127114.7520979328
121457.3545063154 127114.7520979328
121777.9594715235 127274.8317512612
121617.6569889195 127274.8317512612
121457.3545063154 127274.8317512612
121297.0520237114 127274.8317512612
121617.6569889195 127434.9114045895
121457.3545063154 127434.9114045895
121297.0520237114 127594.9910579179
120976.4470585034 127755.0707112463
120816.1445758993 128075.2300179030

120655.8420932953 135438.8940710075
120816.1445758993 135118.7347643508
129953.3860843289 118790.6101248582
129793.0836017248 119110.7694315149
129632.7811191208 119430.9287381716
129632.7811191208 119751.0880448284
129312.1761539127 119911.1676981567
129312.1761539127 120391.4066581418
128991.5711887047 120711.5659647985
122419.1694019396 126634.5131379478
121777.9594715235 126634.5131379478
121777.9594715235 126954.6724446045
121617.6569889195 126954.6724446045
121938.2619541275 127114.7520979328
121777.9594715235 127114.7520979328
121777.9594715235 127274.8317512612
121617.6569889195 127274.8317512612
121457.3545063154 127274.8317512612
121297.0520237114 127274.8317512612
121617.6569889195 127434.9114045895
121297.0520237114 127594.9910579179
120976.4470585034 127755.0707112463
120816.1445758993 128075.2300179030
120816.1445758993 128395.3893245597
117770.3974064228 130956.6637778134
117449.7924412148 131116.7434311418
117449.7924412148 131436.9027377985
117770.3974064228 131596.9823911269
117610.0949238188 131596.9823911269
117449.7924412148 131757.0620444552
117289.4899586107 131757.0620444552
117610.0949238188 131917.1416977836
117449.7924412148 131917.1416977836
117289.4899586107 132717.5399644254
117449.7924412148 132077.2213511119
117289.4899586107 132077.2213511119
117289.4899586107 132397.3806577687
123380.9842975638 133197.7789244105
123060.3793323557 133357.8585777388
121136.7495411074 134958.6551110224

120655.8420932953 135438.8940710075
120816.1445758993 135118.7347643508
121136.7495411074 134958.6551110224
123060.3793323557 133357.8585777388
123380.9842975638 133197.7789244105
117289.4899586107 132397.3806577687
117289.4899586107 132077.2213511119
117449.7924412148 132077.2213511119
117610.0949238188 132077.2213511119
117449.7924412148 131917.1416977836
126106.1265018322 125994.1945246343
117289.4899586107 131757.0620444552
117449.7924412148 131757.0620444552
117610.0949238188 131596.9823911269
117770.3974064228 131596.9823911269
117449.7924412148 131436.9027377985
117449.7924412148 131116.7434311418
117770.3974064228 130956.6637778134
120816.1445758993 128395.3893245597
120816.1445758993 128075.2300179030
120976.4470585034 127755.0707112463
121297.0520237114 127594.9910579179
129953.3860843289 118790.6101248582
129793.0836017248 119110.7694315149
129632.7811191208 119430.9287381716
129632.7811191208 119751.0880448284
129312.1761539127 119911.1676981567
129312.1761539127 120391.4066581418
128991.5711887047 120711.5659647985
122419.1694019396 126634.5131379478
121777.9594715235 126634.5131379478
121777.9594715235 126954.6724446045
121617.6569889195 126954.6724446045
121938.2619541275 127114.7520979328
121777.9594715235 127114.7520979328
121777.9594715235 127274.8317512612
121617.6569889195 127274.8317512612
121457.3545063154 127274.8317512612
121297.0520237114 127274.8317512612
121617.6569889195 127434.9114045895

120655.8420932953 135438.8940710075
120816.1445758993 135118.7347643508
121136.7495411074 134958.6551110224
117129.1874760067 133838.0975377239
123060.3793323557 133357.8585777388
123380.9842975638 133197.7789244105
117449.7924412148 132877.6196177537
117129.1874760067 132397.3806577687
117289.4899586107 132077.2213511119
117449.7924412148 132077.2213511119
117610.0949238188 132077.2213511119
117610.0949238188 131917.1416977836
117289.4899586107 131757.0620444552
117449.7924412148 131757.0620444552
117610.0949238188 131596.9823911269
117449.7924412148 131436.9027377985
117449.7924412148 131116.7434311418
129953.3860843289 118790.6101248582
129793.0836017248 119110.7694315149
129632.7811191208 119430.9287381716
129632.7811191208 119751.0880448284
129312.1761539127 119911.1676981567
129312.1761539127 120391.4066581418
128991.5711887047 120711.5659647985
122419.1694019396 126634.5131379478
121777.9594715235 126634.5131379478
121777.9594715235 126954.6724446045
121617.6569889195 126954.6724446045
121938.2619541275 127114.7520979328
121777.9594715235 127114.7520979328
121777.9594715235 127274.8317512612
121617.6569889195 127274.8317512612
121457.3545063154 127274.8317512612
121297.0520237114 127274.8317512612
121617.6569889195 127434.9114045895
121297.0520237114 127594.9910579179
120976.4470585034 127755.0707112463
120816.1445758993 128075.2300179030
120816.1445758993 128395.3893245597
117770.3974064228 130956.6637778134

120655.8420932953 135438.8940710075
120816.1445758993 135118.7347643508
121136.7495411074 134958.6551110224
117289.4899586107 132877.6196177537
117289.4899586107 132397.3806577687
129953.3860843289 118790.6101248582
129793.0836017248 119110.7694315149
129632.7811191208 119430.9287381716
129632.7811191208 119751.0880448284
129312.1761539127 119911.1676981567
129312.1761539127 120391.4066581418
128991.5711887047 120711.5659647985
126426.7314670403 126154.2741779627
122419.1694019396 126634.5131379478
121777.9594715235 126634.5131379478
121457.3545063154 126794.5927912761
121777.9594715235 126954.6724446045
121617.6569889195 126954.6724446045
122098.5644367315 127114.7520979328
121938.2619541275 127114.7520979328
121457.3545063154 127114.7520979328
121457.3545063154 127434.9114045895
121457.3545063154 127755.0707112463
120816.1445758993 127755.0707112463
120816.1445758993 128075.2300179030
120816.1445758993 128395.3893245597
133319.7382190134 130956.6637778134
117770.3974064228 130956.6637778134
117449.7924412148 131116.7434311418
117449.7924412148 131436.9027377985
117770.3974064228 131596.9823911269
117610.0949238188 131596.9823911269
117449.7924412148 131757.0620444552
117289.4899586107 131757.0620444552
117610.0949238188 131917.1416977836
117449.7924412148 131917.1416977836
117610.0949238188 132077.2213511119
117449.7924412148 132077.2213511119
117289.4899586107 132077.2213511119
123380.9842975638 133197.7789244105

120655.8420932953 135438.8940710075
120816.1445758993 135118.7347643508
121136.7495411074 134958.6551110224
117129.1874760067 133838.0975377239
123060.3793323557 133357.8585777388
123380.9842975638 133197.7789244105
117449.7924412148 132877.6196177537
117129.1874760067 132397.3806577687
117289.4899586107 132077.2213511119
121136.7495411074 135278.8144176791
117610.0949238188 132077.2213511119
117610.0949238188 131917.1416977836
117289.4899586107 131757.0620444552
117449.7924412148 131757.0620444552
117610.0949238188 131596.9823911269
117449.7924412148 131436.9027377985
117449.7924412148 131116.7434311418
117770.3974064228 130956.6637778134
133319.7382190134 130956.6637778134
120816.1445758993 128395.3893245597
120816.1445758993 128075.2300179030
120816.1445758993 127755.0707112463
121457.3545063154 127755.0707112463
121457.3545063154 127434.9114045895
121457.3545063154 127114.7520979328
121938.2619541275 127114.7520979328
122098.5644367315 127114.7520979328
121617.6569889195 126954.6724446045
121777.9594715235 126954.6724446045
121457.3545063154 126794.5927912761
121777.9594715235 126634.5131379478
122419.1694019396 126634.5131379478
126426.7314670403 126154.2741779627
128991.5711887047 120711.5659647985
129312.1761539127 120391.4066581418
129312.1761539127 119911.1676981567
129632.7811191208 119751.0880448284
129632.7811191208 119430.9287381716
129793.0836017248 119110.7694315149
129953.3860843289 118790.6101248582

120655.8420932953 135438.8940710075
120816.1445758993 135118.7347643508
121136.7495411074 134958.6551110224
117129.1874760067 133838.0975377239
123060.3793323557 133357.8585777388
123380.9842975638 133197.7789244105
117449.7924412148 133037.6992710821
123701.5892627718 132717.5399644254
116968.8849934027 132397.3806577687
117610.0949238188 132397.3806577687
117770.3974064228 132077.2213511119
130434.2935321409 124073.2386846940
132678.5282885973 131757.0620444552
117610.0949238188 131596.9823911269
117449.7924412148 131436.9027377985
133159.4357364094 131436.9027377985
117449.7924412148 131116.7434311418
117770.3974064228 130956.6637778134
133319.7382190134 130956.6637778134
120816.1445758993 128395.3893245597
120816.1445758993 128075.2300179030
120816.1445758993 127755.0707112463
121457.3545063154 127755.0707112463
121457.3545063154 127434.9114045895
121457.3545063154 127114.7520979328
122098.5644367315 127114.7520979328
121777.9594715235 126954.6724446045
121457.3545063154 126794.5927912761
121777.9594715235 126634.5131379478
122419.1694019396 126634.5131379478
126426.7314670403 126154.2741779627
126587.0339496443 125834.1148713060
128190.0587756846 120871.6456181269
128991.5711887047 120711.5659647985
129312.1761539127 120391.4066581418
129953.3860843289 118790.6101248582
129793.0836017248 119110.7694315149
129632.7811191208 119430.9287381716
129632.7811191208 119751.0880448284
129312.1761539127 119911.1676981567

120655.8420932953 135438.8940710075
120816.1445758993 135118.7347643508
121136.7495411074 134958.6551110224
117289.4899586107 132397.3806577687
117289.4899586107 132077.2213511119
117449.7924412148 132077.2213511119
117610.0949238188 132077.2213511119
117449.7924412148 131917.1416977836
117610.0949238188 131917.1416977836
117289.4899586107 131757.0620444552
117449.7924412148 131757.0620444552
117610.0949238188 131757.0620444552
117449.7924412148 131596.9823911269
117610.0949238188 131596.9823911269
117289.4899586107 131436.9027377985
117449.7924412148 131436.9027377985
117610.0949238188 131436.9027377985
117449.7924412148 131116.7434311418
120655.8420932953 128395.3893245597
120816.1445758993 128075.2300179030
120976.4470585034 127755.0707112463
121297.0520237114 127594.9910579179
121457.3545063154 127434.9114045895
121617.6569889195 127434.9114045895
121297.0520237114 127274.8317512612
121457.3545063154 127274.8317512612
121617.6569889195 127274.8317512612
121617.6569889195 127114.7520979328
121777.9594715235 127114.7520979328
121938.2619541275 127114.7520979328
121457.3545063154 126954.6724446045
121617.6569889195 126954.6724446045
121777.9594715235 126954.6724446045
121777.9594715235 126634.5131379478
122419.1694019396 126634.5131379478
129793.0836017248 119110.7694315149
129632.7811191208 119430.9287381716
129472.4786365168 119751.0880448284
121777.9594715235 126794.5927912761
121457.3545063154 127114.7520979328

120655.8420932953 135438.8940710075
120816.1445758993 135118.7347643508
121136.7495411074 134958.6551110224
117289.4899586107 132877.6196177537
117289.4899586107 132397.3806577687
117289.4899586107 132077.2213511119
117449.7924412148 132077.2213511119
117610.0949238188 132077.2213511119
117449.7924412148 131917.1416977836
117610.0949238188 131917.1416977836
117289.4899586107 131757.0620444552
117449.7924412148 131757.0620444552
117610.0949238188 131757.0620444552
117610.0949238188 131596.9823911269
117449.7924412148 131436.9027377985
117610.0949238188 131436.9027377985
117449.7924412148 131116.7434311418
120655.8420932953 128395.3893245597
120816.1445758993 128075.2300179030
120976.4470585034 127755.0707112463
121297.0520237114 127594.9910579179
121457.3545063154 127434.9114045895
121617.6569889195 127434.9114045895
121297.0520237114 127274.8317512612
121457.3545063154 127274.8317512612
121617.6569889195 127274.8317512612
121617.6569889195 127114.7520979328
121777.9594715235 127114.7520979328
121938.2619541275 127114.7520979328
121457.3545063154 126954.6724446045
121617.6569889195 126954.6724446045
121777.9594715235 126954.6724446045
121777.9594715235 126634.5131379478
122419.1694019396 126634.5131379478
129793.0836017248 119110.7694315149
129632.7811191208 119430.9287381716
129472.4786365168 119751.0880448284
121777.9594715235 126794.5927912761
121938.2619541275 126954.6724446045
121457.3545063154 127114.7520979328

120655.8420932953 135438.8940710075
120816.1445758993 135118.7347643508
121136.7495411074 134958.6551110224
123060.3793323557 133357.8585777388
123380.9842975638 133197.7789244105
117289.4899586107 132397.3806577687
117289.4899586107 132077.2213511119
117449.7924412148 132077.2213511119
117610.0949238188 132077.2213511119
117449.7924412148 131917.1416977836
117610.0949238188 131917.1416977836
129953.3860843289 118790.6101248582
129793.0836017248 119110.7694315149
129632.7811191208 119430.9287381716
129632.7811191208 119751.0880448284
129312.1761539127 119911.1676981567
129312.1761539127 120391.4066581418
128991.5711887047 120711.5659647985
128190.0587756846 120871.6456181269
126587.0339496443 125834.1148713060
126426.7314670403 126154.2741779627
122419.1694019396 126634.5131379478
121777.9594715235 126634.5131379478
121457.3545063154 126794.5927912761
121777.9594715235 126954.6724446045
122098.5644367315 127114.7520979328
121457.3545063154 127114.7520979328
121457.3545063154 127434.9114045895
121457.3545063154 127755.0707112463
120816.1445758993 127755.0707112463
120816.1445758993 128075.2300179030
120816.1445758993 128395.3893245597
133319.7382190134 130956.6637778134
117770.3974064228 130956.6637778134
117449.7924412148 131116.7434311418
133159.4357364094 131436.9027377985
117449.7924412148 131436.9027377985
117610.0949238188 131596.9823911269
132678.5282885973 131757.0620444552
117449.7924412148 131757.0620444552

120655.8420932953 135438.8940710075
120816.1445758993 135118.7347643508
121136.7495411074 134958.6551110224
129953.3860843289 118790.6101248582
129793.0836017248 119110.7694315149
129632.7811191208 119430.9287381716
129632.7811191208 119751.0880448284
129312.1761539127 119911.1676981567
128991.5711887047 120231.3270048134
122419.1694019396 126634.5131379478
121777.9594715235 126634.5131379478
121777.9594715235 126954.6724446045
121617.6569889195 126954.6724446045
121457.3545063154 126954.6724446045
121938.2619541275 127114.7520979328
121777.9594715235 127114.7520979328
121617.6569889195 127114.7520979328
121617.6569889195 127274.8317512612
121457.3545063154 127274.8317512612
121297.0520237114 127274.8317512612
121617.6569889195 127434.9114045895
121457.3545063154 127434.9114045895
121297.0520237114 127594.9910579179
120976.4470585034 127755.0707112463
120816.1445758993 128075.2300179030
120655.8420932953 128395.3893245597
117449.7924412148 131116.7434311418
117610.0949238188 131436.9027377985
117449.7924412148 131436.9027377985
117610.0949238188 131596.9823911269
117610.0949238188 131757.0620444552
117449.7924412148 131757.0620444552
117289.4899586107 131757.0620444552
117610.0949238188 131917.1416977836
117449.7924412148 131917.1416977836
117610.0949238188 132077.2213511119
117449.7924412148 132077.2213511119
117289.4899586107 132077.2213511119
117289.4899586107 132397.3806577687
117289.4899586107 132877.6196177537

120655.8420932953 135438.8940710075
120816.1445758993 135118.7347643508
117610.0949238188 132877.6196177537
117289.4899586107 132397.3806577687
117289.4899586107 132077.2213511119
117449.7924412148 132077.2213511119
117610.0949238188 132077.2213511119
117449.7924412148 131917.1416977836
117610.0949238188 131917.1416977836
117289.4899586107 131757.0620444552
117449.7924412148 131757.0620444552
117610.0949238188 131757.0620444552
117449.7924412148 131596.9823911269
117610.0949238188 131596.9823911269
117289.4899586107 131436.9027377985
117449.7924412148 131436.9027377985
117610.0949238188 131436.9027377985
117449.7924412148 131116.7434311418
120655.8420932953 128395.3893245597
120816.1445758993 128075.2300179030
120976.4470585034 127755.0707112463
121297.0520237114 127594.9910579179
121457.3545063154 127434.9114045895
121617.6569889195 127434.9114045895
121297.0520237114 127274.8317512612
121457.3545063154 127274.8317512612
121617.6569889195 127274.8317512612
121457.3545063154 127114.7520979328
121617.6569889195 127114.7520979328
121777.9594715235 127114.7520979328
121938.2619541275 127114.7520979328
121457.3545063154 126954.6724446045
121617.6569889195 126954.6724446045
121777.9594715235 126954.6724446045
121777.9594715235 126794.5927912761
121777.9594715235 126634.5131379478
129953.3860843289 118790.6101248582
129793.0836017248 119110.7694315149
129632.7811191208 119430.9287381716
129632.7811191208 119751.0880448284

120655.8420932953 135438.8940710075
120816.1445758993 135118.7347643508
123380.9842975638 133197.7789244105
117610.0949238188 132877.6196177537
117289.4899586107 132397.3806577687
117289.4899586107 132077.2213511119
117449.7924412148 132077.2213511119
117610.0949238188 132077.2213511119
117449.7924412148 131917.1416977836
117610.0949238188 131917.1416977836
117289.4899586107 131757.0620444552
117449.7924412148 131757.0620444552
117610.0949238188 131757.0620444552
117610.0949238188 131596.9823911269
117770.3974064228 131596.9823911269
117449.7924412148 131436.9027377985
117610.0949238188 131436.9027377985
117449.7924412148 131116.7434311418
120655.8420932953 128395.3893245597
120816.1445758993 128075.2300179030
120816.1445758993 127755.0707112463
121136.7495411074 127594.9910579179
121297.0520237114 127594.9910579179
129953.3860843289 118790.6101248582
129793.0836017248 119110.7694315149
129632.7811191208 119430.9287381716
129632.7811191208 119751.0880448284
129312.1761539127 119911.1676981567
129312.1761539127 120391.4066581418
128991.5711887047 120711.5659647985
122419.1694019396 126634.5131379478
121777.9594715235 126634.5131379478
121777.9594715235 126954.6724446045
121617.6569889195 126954.6724446045
121938.2619541275 127114.7520979328
121777.9594715235 127114.7520979328
121777.9594715235 127274.8317512612
121617.6569889195 127274.8317512612
121457.3545063154 127274.8317512612
121297.0520237114 127274.8317512612

120655.8420932953 135438.8940710075
120816.1445758993 135118.7347643508
121136.7495411074 134958.6551110224
117129.1874760067 133838.0975377239
129953.3860843289 118790.6101248582
129793.0836017248 119110.7694315149
129632.7811191208 119430.9287381716
129632.7811191208 119751.0880448284
129312.1761539127 119911.1676981567
129312.1761539127 120391.4066581418
128991.5711887047 120711.5659647985
128190.0587756846 120871.6456181269
126587.0339496443 125834.1148713060
126426.7314670403 126154.2741779627
122419.1694019396 126634.5131379478
121777.9594715235 126634.5131379478
121457.3545063154 126794.5927912761
121777.9594715235 126954.6724446045
122098.5644367315 127114.7520979328
121457.3545063154 127114.7520979328
121457.3545063154 127434.9114045895
121457.3545063154 127755.0707112463
120816.1445758993 127755.0707112463
120816.1445758993 128075.2300179030
120816.1445758993 128395.3893245597
133319.7382190134 130956.6637778134
117770.3974064228 130956.6637778134
117449.7924412148 131116.7434311418
133159.4357364094 131436.9027377985
117449.7924412148 131436.9027377985
117610.0949238188 131596.9823911269
132678.5282885973 131757.0620444552
117449.7924412148 131757.0620444552
117770.3974064228 132077.2213511119
117610.0949238188 132397.3806577687
116968.8849934027 132397.3806577687
123701.5892627718 132717.5399644254
117449.7924412148 133037.6992710821
123380.9842975638 133197.7789244105
123060.3793323557 133357.8585777388

120655.8420932953 135438.8940710075
120816.1445758993 135118.7347643508
121136.7495411074 134958.6551110224
117129.1874760067 133838.0975377239
123060.3793323557 133357.8585777388
123380.9842975638 133197.7789244105
117449.7924412148 132877.6196177537
117129.1874760067 132397.3806577687
117289.4899586107 132077.2213511119
117449.7924412148 132077.2213511119
117610.0949238188 132077.2213511119
117610.0949238188 131917.1416977836
117289.4899586107 131757.0620444552
132678.5282885973 131596.9823911269
117610.0949238188 131596.9823911269
117449.7924412148 131436.9027377985
117449.7924412148 131116.7434311418
117770.3974064228 130956.6637778134
133319.7382190134 130956.6637778134
120816.1445758993 128395.3893245597
120816.1445758993 128075.2300179030
120816.1445758993 127755.0707112463
121457.3545063154 127755.0707112463
121457.3545063154 127434.9114045895
121457.3545063154 127114.7520979328
122098.5644367315 127114.7520979328
121777.9594715235 126954.6724446045
121457.3545063154 126794.5927912761
121777.9594715235 126634.5131379478
122419.1694019396 126634.5131379478
126426.7314670403 126154.2741779627
126587.0339496443 125834.1148713060
128190.0587756846 120871.6456181269
128991.5711887047 120711.5659647985
129312.1761539127 120391.4066581418
129312.1761539127 119911.1676981567
129632.7811191208 119751.0880448284
129632.7811191208 119430.9287381716
129793.0836017248 119110.7694315149
129953.3860843289 118790.6101248582

120655.8420932953 135438.8940710075
120816.1445758993 135118.7347643508
121136.7495411074 134958.6551110224
123060.3793323557 133357.8585777388
123380.9842975638 133197.7789244105
117289.4899586107 132397.3806577687
117289.4899586107 132077.2213511119
117449.7924412148 132077.2213511119
117610.0949238188 132077.2213511119
117449.7924412148 131917.1416977836
117610.0949238188 131917.1416977836
117289.4899586107 131757.0620444552
117449.7924412148 131757.0620444552
117610.0949238188 131596.9823911269
117770.3974064228 131596.9823911269
117449.7924412148 131436.9027377985
117449.7924412148 131116.7434311418
117770.3974064228 130956.6637778134
120816.1445758993 128395.3893245597
120816.1445758993 128075.2300179030
120976.4470585034 127755.0707112463
121297.0520237114 127594.9910579179
121617.6569889195 127434.9114045895
121297.0520237114 127274.8317512612
121457.3545063154 127274.8317512612
121617.6569889195 127274.8317512612
121777.9594715235 127274.8317512612
121777.9594715235 127114.7520979328
123541.2867801678 132717.5399644254
121617.6569889195 126954.6724446045
121777.9594715235 126954.6724446045
121777.9594715235 126634.5131379478
122419.1694019396 126634.5131379478
129953.3860843289 118790.6101248582
129793.0836017248 119110.7694315149
129632.7811191208 119430.9287381716
129632.7811191208 119751.0880448284
129312.1761539127 119911.1676981567
129312.1761539127 120391.4066581418
121457.3545063154 126954.6724446045

120655.8420932953 135438.8940710075
120816.1445758993 135118.7347643508
123380.9842975638 133197.7789244105
117610.0949238188 132877.6196177537
117289.4899586107 132397.3806577687
117289.4899586107 132077.2213511119
117449.7924412148 132077.2213511119
117610.0949238188 132077.2213511119
117449.7924412148 131917.1416977836
117610.0949238188 131917.1416977836
117289.4899586107 131757.0620444552
117449.7924412148 131757.0620444552
117610.0949238188 131757.0620444552
117610.0949238188 131596.9823911269
117770.3974064228 131596.9823911269
117449.7924412148 131436.9027377985
117610.0949238188 131436.9027377985
117449.7924412148 131116.7434311418
129793.0836017248 119110.7694315149
129632.7811191208 119430.9287381716
129472.4786365168 119751.0880448284
122419.1694019396 126634.5131379478
121777.9594715235 126634.5131379478
121777.9594715235 126794.5927912761
121777.9594715235 126954.6724446045
121617.6569889195 126954.6724446045
121457.3545063154 126954.6724446045
121938.2619541275 127114.7520979328
121777.9594715235 127114.7520979328
121617.6569889195 127114.7520979328
121777.9594715235 127274.8317512612
121617.6569889195 127274.8317512612
121457.3545063154 127274.8317512612
121297.0520237114 127274.8317512612
121617.6569889195 127434.9114045895
121297.0520237114 127594.9910579179
121136.7495411074 127594.9910579179
121136.7495411074 127915.1503645746
120816.1445758993 128075.2300179030
120655.8420932953 128395.3893245597

120655.8420932953 135438.8940710075
120816.1445758993 135118.7347643508
121136.7495411074 134958.6551110224
117129.1874760067 133838.0975377239
123060.3793323557 133357.8585777388
123380.9842975638 133197.7789244105
117449.7924412148 132877.6196177537
117129.1874760067 132397.3806577687
117289.4899586107 132077.2213511119
117449.7924412148 132077.2213511119
117610.0949238188 132077.2213511119
117610.0949238188 131917.1416977836
117289.4899586107 131757.0620444552
117449.7924412148 131757.0620444552
129953.3860843289 118790.6101248582
129793.0836017248 119110.7694315149
129632.7811191208 119430.9287381716
129632.7811191208 119751.0880448284
129312.1761539127 119911.1676981567
129312.1761539127 120391.4066581418
128991.5711887047 120711.5659647985
126426.7314670403 126154.2741779627
122419.1694019396 126634.5131379478
121777.9594715235 126634.5131379478
121457.3545063154 126794.5927912761
121777.9594715235 126954.6724446045
121617.6569889195 126954.6724446045
122098.5644367315 127114.7520979328
121938.2619541275 127114.7520979328
121457.3545063154 127114.7520979328
121457.3545063154 127434.9114045895
121457.3545063154 127755.0707112463
120816.1445758993 127755.0707112463
120816.1445758993 128075.2300179030
120816.1445758993 128395.3893245597
133319.7382190134 130956.6637778134
117770.3974064228 130956.6637778134
117449.7924412148 131116.7434311418
117449.7924412148 131436.9027377985
117770.3974064228 131596.9823911269

120655.8420932953 135438.8940710075
120816.1445758993 135118.7347643508
121136.7495411074 134958.6551110224
123380.9842975638 133197.7789244105
117289.4899586107 132397.3806577687
117289.4899586107 132077.2213511119
117449.7924412148 132077.2213511119
117610.0949238188 132077.2213511119
117449.7924412148 131917.1416977836
117610.0949238188 131917.1416977836
117289.4899586107 131757.0620444552
117449.7924412148 131757.0620444552
117610.0949238188 131757.0620444552
117610.0949238188 131596.9823911269
117449.7924412148 131436.9027377985
117610.0949238188 131436.9027377985
117449.7924412148 131116.7434311418
120655.8420932953 128395.3893245597
120816.1445758993 128075.2300179030
120976.4470585034 127755.0707112463
121297.0520237114 127594.9910579179
121457.3545063154 127434.9114045895
121617.6569889195 127434.9114045895
121297.0520237114 127274.8317512612
121457.3545063154 127274.8317512612
121617.6569889195 127274.8317512612
121617.6569889195 127114.7520979328
121777.9594715235 127114.7520979328
121938.2619541275 127114.7520979328
121457.3545063154 126954.6724446045
121617.6569889195 126954.6724446045
121777.9594715235 126954.6724446045
121777.9594715235 126634.5131379478
122419.1694019396 126634.5131379478
129793.0836017248 119110.7694315149
129632.7811191208 119430.9287381716
129472.4786365168 119751.0880448284
121777.9594715235 126794.5927912761
121938.2619541275 126954.6724446045
121777.9594715235 127274.8317512612

120655.8420932953 135438.8940710075
120816.1445758993 135118.7347643508
121136.7495411074 134958.6551110224
123060.3793323557 133357.8585777388
123380.9842975638 133197.7789244105
117289.4899586107 132397.3806577687
117289.4899586107 132077.2213511119
117449.7924412148 132077.2213511119
117610.0949238188 132077.2213511119
117610.0949238188 131917.1416977836
117289.4899586107 131757.0620444552
117449.7924412148 131757.0620444552
117610.0949238188 131757.0620444552
117610.0949238188 131596.9823911269
117770.3974064228 131596.9823911269
117449.7924412148 131436.9027377985
117610.0949238188 131436.9027377985
117449.7924412148 131116.7434311418
129953.3860843289 118790.6101248582
129793.0836017248 119110.7694315149
129632.7811191208 119430.9287381716
129632.7811191208 119751.0880448284
129312.1761539127 119911.1676981567
129312.1761539127 120391.4066581418
128991.5711887047 120711.5659647985
126426.7314670403 126154.2741779627
122419.1694019396 126634.5131379478
121777.9594715235 126634.5131379478
121457.3545063154 126794.5927912761
121777.9594715235 126954.6724446045
121617.6569889195 126954.6724446045
122098.5644367315 127114.7520979328
121938.2619541275 127114.7520979328
121457.3545063154 127114.7520979328
121457.3545063154 127434.9114045895
121457.3545063154 127755.0707112463
120816.1445758993 127755.0707112463
120816.1445758993 128075.2300179030
120816.1445758993 128395.3893245597
133319.7382190134 130956.6637778134

120655.8420932953 135438.8940710075
120816.1445758993 135118.7347643508
121136.7495411074 134958.6551110224
117289.4899586107 132397.3806577687
117289.4899586107 132077.2213511119
117449.7924412148 132077.2213511119
117610.0949238188 132077.2213511119
117449.7924412148 131917.1416977836
117610.0949238188 131917.1416977836
117289.4899586107 131757.0620444552
117449.7924412148 131757.0620444552
117610.0949238188 131757.0620444552
117449.7924412148 131596.9823911269
117610.0949238188 131596.9823911269
117770.3974064228 131596.9823911269
129793.0836017248 119110.7694315149
129632.7811191208 119430.9287381716
129472.4786365168 119751.0880448284
121777.9594715235 126634.5131379478
121938.2619541275 126954.6724446045
121777.9594715235 126954.6724446045
121617.6569889195 126954.6724446045
121457.3545063154 126954.6724446045
121938.2619541275 127114.7520979328
121777.9594715235 127114.7520979328
121617.6569889195 127114.7520979328
121457.3545063154 127114.7520979328
121777.9594715235 127274.8317512612
121617.6569889195 127274.8317512612
121457.3545063154 127274.8317512612
121297.0520237114 127274.8317512612
121617.6569889195 127434.9114045895
121457.3545063154 127434.9114045895
121297.0520237114 127594.9910579179
120976.4470585034 127755.0707112463
120816.1445758993 128075.2300179030
120655.8420932953 128395.3893245597
117449.7924412148 131116.7434311418
117610.0949238188 131436.9027377985
117449.7924412148 131436.9027377985

120655.8420932953 135438.8940710075
120816.1445758993 135118.7347643508
121136.7495411074 134958.6551110224
117129.1874760067 133838.0975377239
123060.3793323557 133357.8585777388
123380.9842975638 133197.7789244105
117449.7924412148 132877.6196177537
117129.1874760067 132397.3806577687
117289.4899586107 132077.2213511119
117449.7924412148 132077.2213511119
117610.0949238188 132077.2213511119
129953.3860843289 118790.6101248582
129793.0836017248 119110.7694315149
129632.7811191208 119430.9287381716
129632.7811191208 119751.0880448284
129312.1761539127 119911.1676981567
129312.1761539127 120391.4066581418
128991.5711887047 120711.5659647985
128190.0587756846 120871.6456181269
126587.0339496443 125834.1148713060
126426.7314670403 126154.2741779627
122419.1694019396 126634.5131379478
121777.9594715235 126634.5131379478
121457.3545063154 126794.5927912761
121777.9594715235 126954.6724446045
122098.5644367315 127114.7520979328
121457.3545063154 127114.7520979328
121457.3545063154 127434.9114045895
121457.3545063154 127755.0707112463
120816.1445758993 127755.0707112463
120816.1445758993 128075.2300179030
120816.1445758993 128395.3893245597
133319.7382190134 130956.6637778134
117770.3974064228 130956.6637778134
117449.7924412148 131116.7434311418
133159.4357364094 131436.9027377985
117449.7924412148 131436.9027377985
117610.0949238188 131596.9823911269
132678.5282885973 131757.0620444552
117449.7924412148 131757.0620444552

120655.8420932953 135438.8940710075
120816.1445758993 135118.7347643508
121136.7495411074 134958.6551110224
123060.3793323557 133357.8585777388
123380.9842975638 133197.7789244105
117289.4899586107 132397.3806577687
117289.4899586107 132077.2213511119
117449.7924412148 132077.2213511119
117610.0949238188 132077.2213511119
117449.7924412148 131917.1416977836
117610.0949238188 131917.1416977836
117289.4899586107 131757.0620444552
117449.7924412148 131757.0620444552
117610.0949238188 131596.9823911269
117770.3974064228 131596.9823911269
117449.7924412148 131436.9027377985
129953.3860843289 118790.6101248582
129793.0836017248 119110.7694315149
129632.7811191208 119430.9287381716
129632.7811191208 119751.0880448284
129312.1761539127 119911.1676981567
128991.5711887047 120231.3270048134
122419.1694019396 126634.5131379478
121777.9594715235 126634.5131379478
121777.9594715235 126954.6724446045
121617.6569889195 126954.6724446045
121457.3545063154 126954.6724446045
121938.2619541275 127114.7520979328
121777.9594715235 127114.7520979328
121617.6569889195 127114.7520979328
121617.6569889195 127274.8317512612
121457.3545063154 127274.8317512612
121297.0520237114 127274.8317512612
121617.6569889195 127434.9114045895
121457.3545063154 127434.9114045895
121297.0520237114 127594.9910579179
120976.4470585034 127755.0707112463
120816.1445758993 128075.2300179030
120655.8420932953 128395.3893245597
117449.7924412148 131116.7434311418

120655.8420932953 135438.8940710075
120816.1445758993 135118.7347643508
123380.9842975638 133197.7789244105
117610.0949238188 132877.6196177537
129953.3860843289 118790.6101248582
129793.0836017248 119110.7694315149
129632.7811191208 119430.9287381716
129632.7811191208 119751.0880448284
129312.1761539127 119911.1676981567
129312.1761539127 120391.4066581418
128991.5711887047 120711.5659647985
126426.7314670403 126154.2741779627
122419.1694019396 126634.5131379478
121777.9594715235 126634.5131379478
121457.3545063154 126794.5927912761
121777.9594715235 126954.6724446045
121617.6569889195 126954.6724446045
122098.5644367315 127114.7520979328
121938.2619541275 127114.7520979328
121457.3545063154 127114.7520979328
121457.3545063154 127434.9114045895
121457.3545063154 127755.0707112463
120816.1445758993 127755.0707112463
120816.1445758993 128075.2300179030
120816.1445758993 128395.3893245597
133319.7382190134 130956.6637778134
117770.3974064228 130956.6637778134
117449.7924412148 131116.7434311418
117449.7924412148 131436.9027377985
117770.3974064228 131596.9823911269
117610.0949238188 131596.9823911269
116808.5825107987 134478.4161510373
117289.4899586107 131757.0620444552
117610.0949238188 131917.1416977836
117449.7924412148 131917.1416977836
117610.0949238188 132077.2213511119
117449.7924412148 132077.2213511119
117289.4899586107 132077.2213511119
117289.4899586107 132397.3806577687
123060.3793323557 133357.8585777388

120655.8420932953 135438.8940710075
120816.1445758993 135118.7347643508
117610.0949238188 132877.6196177537
129953.3860843289 118790.6101248582
129793.0836017248 119110.7694315149
129632.7811191208 119430.9287381716
129632.7811191208 119751.0880448284
129312.1761539127 119911.1676981567
128991.5711887047 120231.3270048134
122419.1694019396 126634.5131379478
121777.9594715235 126634.5131379478
121777.9594715235 126954.6724446045
121617.6569889195 126954.6724446045
121457.3545063154 126954.6724446045
121938.2619541275 127114.7520979328
121777.9594715235 127114.7520979328
121617.6569889195 127114.7520979328
121617.6569889195 127274.8317512612
121457.3545063154 127274.8317512612
121297.0520237114 127274.8317512612
121617.6569889195 127434.9114045895
121457.3545063154 127434.9114045895
121297.0520237114 127594.9910579179
120976.4470585034 127755.0707112463
120816.1445758993 128075.2300179030
120655.8420932953 128395.3893245597
117449.7924412148 131116.7434311418
117610.0949238188 131436.9027377985
117449.7924412148 131436.9027377985
117610.0949238188 131596.9823911269
117610.0949238188 131757.0620444552
117449.7924412148 131757.0620444552
117289.4899586107 131757.0620444552
117610.0949238188 131917.1416977836
117449.7924412148 131917.1416977836
117610.0949238188 132077.2213511119
117449.7924412148 132077.2213511119
117289.4899586107 132077.2213511119
117289.4899586107 132397.3806577687
123380.9842975638 133197.7789244105

120655.8420932953 135438.8940710075
120816.1445758993 135118.7347643508
121136.7495411074 134958.6551110224
123380.9842975638 133197.7789244105
117289.4899586107 132397.3806577687
129953.3860843289 118790.6101248582
129793.0836017248 119110.7694315149
129632.7811191208 119430.9287381716
129632.7811191208 119751.0880448284
129312.1761539127 119911.1676981567
128991.5711887047 120231.3270048134
122419.1694019396 126634.5131379478
121777.9594715235 126634.5131379478
121777.9594715235 126954.6724446045
121617.6569889195 126954.6724446045
121457.3545063154 126954.6724446045
121938.2619541275 127114.7520979328
121777.9594715235 127114.7520979328
121617.6569889195 127114.7520979328
121617.6569889195 127274.8317512612
121457.3545063154 127274.8317512612
121297.0520237114 127274.8317512612
121617.6569889195 127434.9114045895
121457.3545063154 127434.9114045895
121297.0520237114 127594.9910579179
120976.4470585034 127755.0707112463
120816.1445758993 128075.2300179030
120655.8420932953 128395.3893245597
117449.7924412148 131116.7434311418
117610.0949238188 131436.9027377985
117449.7924412148 131436.9027377985
117610.0949238188 131596.9823911269
117610.0949238188 131757.0620444552
117449.7924412148 131757.0620444552
117289.4899586107 131757.0620444552
117610.0949238188 131917.1416977836
117449.7924412148 131917.1416977836
117610.0949238188 132077.2213511119
117449.7924412148 132077.2213511119
117289.4899586107 132077.2213511119

120655.8420932953 135438.8940710075
120816.1445758993 135118.7347643508
123380.9842975638 133197.7789244105
117610.0949238188 132877.6196177537
117289.4899586107 132397.3806577687
117289.4899586107 132077.2213511119
117449.7924412148 132077.2213511119
117610.0949238188 132077.2213511119
117449.7924412148 131917.1416977836
117610.0949238188 131917.1416977836
117289.4899586107 131757.0620444552
117449.7924412148 131757.0620444552
117610.0949238188 131757.0620444552
117610.0949238188 131596.9823911269
117770.3974064228 131596.9823911269
117449.7924412148 131436.9027377985
117610.0949238188 131436.9027377985
117449.7924412148 131116.7434311418
120655.8420932953 128395.3893245597
120816.1445758993 128075.2300179030
120816.1445758993 127755.0707112463
121136.7495411074 127594.9910579179
121297.0520237114 127594.9910579179
121297.0520237114 127274.8317512612
121457.3545063154 127274.8317512612
121617.6569889195 127274.8317512612
121617.6569889195 127114.7520979328
121777.9594715235 127114.7520979328
121938.2619541275 127114.7520979328
121457.3545063154 126954.6724446045
121617.6569889195 126954.6724446045
121777.9594715235 126954.6724446045
121777.9594715235 126634.5131379478
122419.1694019396 126634.5131379478
129953.3860843289 118790.6101248582
129793.0836017248 119110.7694315149
129632.7811191208 119430.9287381716
129632.7811191208 119751.0880448284
129312.1761539127 119911.1676981567
121617.6569889195 127434.9114045895

120655.8420932953 135438.8940710075
120816.1445758993 135118.7347643508
123380.9842975638 133197.7789244105
117610.0949238188 132877.6196177537
117289.4899586107 132397.3806577687
117289.4899586107 132077.2213511119
117449.7924412148 132077.2213511119
117610.0949238188 132077.2213511119
117449.7924412148 131917.1416977836
117610.0949238188 131917.1416977836
117289.4899586107 131757.0620444552
117449.7924412148 131757.0620444552
117610.0949238188 131757.0620444552
129953.3860843289 118790.6101248582
129793.0836017248 119110.7694315149
129632.7811191208 119430.9287381716
129632.7811191208 119751.0880448284
122419.1694019396 126634.5131379478
121777.9594715235 126634.5131379478
121777.9594715235 126954.6724446045
121617.6569889195 126954.6724446045
121457.3545063154 126954.6724446045
121938.2619541275 127114.7520979328
121777.9594715235 127114.7520979328
121617.6569889195 127114.7520979328
121777.9594715235 127274.8317512612
121617.6569889195 127274.8317512612
121457.3545063154 127274.8317512612
121297.0520237114 127274.8317512612
121617.6569889195 127434.9114045895
121457.3545063154 127434.9114045895
121297.0520237114 127594.9910579179
120976.4470585034 127755.0707112463
120816.1445758993 128075.2300179030
120655.8420932953 128395.3893245597
117449.7924412148 131116.7434311418
117610.0949238188 131436.9027377985
117449.7924412148 131436.9027377985
117289.4899586107 131436.9027377985
117610.0949238188 131596.9823911269

120655.8420932953 135438.8940710075
120816.1445758993 135118.7347643508
117610.0949238188 132877.6196177537
129953.3860843289 118790.6101248582
129793.0836017248 119110.7694315149
129632.7811191208 119430.9287381716
129632.7811191208 119751.0880448284
129312.1761539127 119911.1676981567
128991.5711887047 120231.3270048134
122419.1694019396 126634.5131379478
121777.9594715235 126634.5131379478
121777.9594715235 126954.6724446045
121617.6569889195 126954.6724446045
121457.3545063154 126954.6724446045
121938.2619541275 127114.7520979328
121777.9594715235 127114.7520979328
121617.6569889195 127114.7520979328
121617.6569889195 127274.8317512612
121457.3545063154 127274.8317512612
121297.0520237114 127274.8317512612
121297.0520237114 127594.9910579179
121136.7495411074 127594.9910579179
120816.1445758993 127755.0707112463
120816.1445758993 128075.2300179030
120655.8420932953 128395.3893245597
117449.7924412148 131116.7434311418
117610.0949238188 131436.9027377985
117449.7924412148 131436.9027377985
117770.3974064228 131596.9823911269
117610.0949238188 131596.9823911269
117610.0949238188 131757.0620444552
117449.7924412148 131757.0620444552
117289.4899586107 131757.0620444552
117610.0949238188 131917.1416977836
117610.0949238188 132077.2213511119
117449.7924412148 132077.2213511119
117289.4899586107 132077.2213511119
117289.4899586107 132397.3806577687
123380.9842975638 133197.7789244105
123060.3793323557 133357.8585777388

120655.8420932953 135438.8940710075
120816.1445758993 135118.7347643508
121136.7495411074 134958.6551110224
123060.3793323557 133357.8585777388
123380.9842975638 133197.7789244105
129953.3860843289 118790.6101248582
129793.0836017248 119110.7694315149
129632.7811191208 119430.9287381716
129632.7811191208 119751.0880448284
129312.1761539127 119911.1676981567
129312.1761539127 120391.4066581418
128991.5711887047 120711.5659647985
122419.1694019396 126634.5131379478
121777.9594715235 126634.5131379478
121777.9594715235 126954.6724446045
121617.6569889195 126954.6724446045
121938.2619541275 127114.7520979328
121777.9594715235 127114.7520979328
121777.9594715235 127274.8317512612
121617.6569889195 127274.8317512612
121457.3545063154 127274.8317512612
121297.0520237114 127274.8317512612
121617.6569889195 127434.9114045895
121297.0520237114 127594.9910579179
120976.4470585034 127755.0707112463
120816.1445758993 128075.2300179030
120816.1445758993 128395.3893245597
117770.3974064228 130956.6637778134
117449.7924412148 131116.7434311418
117449.7924412148 131436.9027377985
117770.3974064228 131596.9823911269
117610.0949238188 131596.9823911269
117449.7924412148 131757.0620444552
117289.4899586107 131757.0620444552
117610.0949238188 131917.1416977836
117449.7924412148 131917.1416977836
117610.0949238188 132077.2213511119
117449.7924412148 132077.2213511119
117289.4899586107 132077.2213511119
117289.4899586107 132397.3806577687

120655.8420932953 135438.8940710075
120816.1445758993 135118.7347643508
117610.0949238188 132877.6196177537
129953.3860843289 118790.6101248582
129793.0836017248 119110.7694315149
129632.7811191208 119430.9287381716
129632.7811191208 119751.0880448284
129312.1761539127 119911.1676981567
128991.5711887047 120231.3270048134
122419.1694019396 126634.5131379478
121777.9594715235 126634.5131379478
121777.9594715235 126954.6724446045
121617.6569889195 126954.6724446045
121457.3545063154 126954.6724446045
121938.2619541275 127114.7520979328
121777.9594715235 127114.7520979328
121617.6569889195 127114.7520979328
121617.6569889195 127274.8317512612
121457.3545063154 127274.8317512612
121297.0520237114 127274.8317512612
121617.6569889195 127434.9114045895
121457.3545063154 127434.9114045895
121297.0520237114 127594.9910579179
120976.4470585034 127755.0707112463
120816.1445758993 128075.2300179030
120655.8420932953 128395.3893245597
117449.7924412148 131116.7434311418
117449.7924412148 131436.9027377985
117289.4899586107 131436.9027377985
117610.0949238188 131596.9823911269
117610.0949238188 131757.0620444552
117449.7924412148 131757.0620444552
117289.4899586107 131757.0620444552
117610.0949238188 131917.1416977836
117449.7924412148 131917.1416977836
117610.0949238188 132077.2213511119
117449.7924412148 132077.2213511119
117289.4899586107 132077.2213511119
117289.4899586107 132397.3806577687
123380.9842975638 133197.7789244105

120655.8420932953 135438.8940710075
120816.1445758993 135118.7347643508
121136.7495411074 134958.6551110224
123380.9842975638 133197.7789244105
117289.4899586107 132397.3806577687
117289.4899586107 132077.2213511119
117449.7924412148 132077.2213511119
117610.0949238188 132077.2213511119
117449.7924412148 131917.1416977836
117610.0949238188 131917.1416977836
117289.4899586107 131757.0620444552
117449.7924412148 131757.0620444552
117610.0949238188 131757.0620444552
117610.0949238188 131596.9823911269
117289.4899586107 131436.9027377985
117449.7924412148 131436.9027377985
117449.7924412148 131116.7434311418
120655.8420932953 128395.3893245597
120816.1445758993 128075.2300179030
120976.4470585034 127755.0707112463
121297.0520237114 127594.9910579179
121457.3545063154 127434.9114045895
121617.6569889195 127434.9114045895
121297.0520237114 127274.8317512612
121457.3545063154 127274.8317512612
121617.6569889195 127274.8317512612
121617.6569889195 127114.7520979328
121777.9594715235 127114.7520979328
121938.2619541275 127114.7520979328
121457.3545063154 126954.6724446045
121617.6569889195 126954.6724446045
121777.9594715235 126954.6724446045
129953.3860843289 118790.6101248582
129793.0836017248 119110.7694315149
129632.7811191208 119430.9287381716
129632.7811191208 119751.0880448284
129312.1761539127 119911.1676981567
122419.1694019396 126634.5131379478
121777.9594715235 126634.5131379478
121777.9594715235 127274.8317512612

120655.8420932953 135438.8940710075
120816.1445758993 135118.7347643508
123380.9842975638 133197.7789244105
117610.0949238188 132877.6196177537
117289.4899586107 132397.3806577687
117289.4899586107 132077.2213511119
117449.7924412148 132077.2213511119
117610.0949238188 132077.2213511119
117449.7924412148 131917.1416977836
117610.0949238188 131917.1416977836
117289.4899586107 131757.0620444552
117449.7924412148 131757.0620444552
117610.0949238188 131757.0620444552
117610.0949238188 131596.9823911269
117770.3974064228 131596.9823911269
117449.7924412148 131436.9027377985
117610.0949238188 131436.9027377985
117449.7924412148 131116.7434311418
120655.8420932953 128395.3893245597
120816.1445758993 128075.2300179030
120816.1445758993 127755.0707112463
121136.7495411074 127594.9910579179
121297.0520237114 127594.9910579179
121297.0520237114 127274.8317512612
121457.3545063154 127274.8317512612
121617.6569889195 127274.8317512612
121617.6569889195 127114.7520979328
121777.9594715235 127114.7520979328
121938.2619541275 127114.7520979328
121457.3545063154 126954.6724446045
121617.6569889195 126954.6724446045
121777.9594715235 126954.6724446045
121777.9594715235 126634.5131379478
122419.1694019396 126634.5131379478
129953.3860843289 118790.6101248582
129793.0836017248 119110.7694315149
129632.7811191208 119430.9287381716
129632.7811191208 119751.0880448284
129312.1761539127 119911.1676981567
128991.5711887047 120231.3270048134

120655.8420932953 135438.8940710075
120816.1445758993 135118.7347643508
123380.9842975638 133197.7789244105
117610.0949238188 132877.6196177537
117289.4899586107 132397.3806577687
117289.4899586107 132077.2213511119
117449.7924412148 132077.2213511119
117610.0949238188 132077.2213511119
117449.7924412148 131917.1416977836
117610.0949238188 131917.1416977836
117289.4899586107 131757.0620444552
117449.7924412148 131757.0620444552
117610.0949238188 131757.0620444552
117610.0949238188 131596.9823911269
117770.3974064228 131596.9823911269
117449.7924412148 131436.9027377985
117610.0949238188 131436.9027377985
129953.3860843289 118790.6101248582
129793.0836017248 119110.7694315149
129632.7811191208 119430.9287381716
129632.7811191208 119751.0880448284
122419.1694019396 126634.5131379478
121777.9594715235 126634.5131379478
121777.9594715235 126954.6724446045
121617.6569889195 126954.6724446045
121457.3545063154 126954.6724446045
121938.2619541275 127114.7520979328
121777.9594715235 127114.7520979328
121617.6569889195 127114.7520979328
121777.9594715235 127274.8317512612
121617.6569889195 127274.8317512612
121457.3545063154 127274.8317512612
121297.0520237114 127274.8317512612
121617.6569889195 127434.9114045895
121457.3545063154 127434.9114045895
121297.0520237114 127594.9910579179
120976.4470585034 127755.0707112463
120816.1445758993 128075.2300179030
120655.8420932953 128395.3893245597
117449.7924412148 131116.7434311418

120655.8420932953 135438.8940710075
120816.1445758993 135118.7347643508
121136.7495411074 134958.6551110224
123060.3793323557 133357.8585777388
123380.9842975638 133197.7789244105
117289.4899586107 132397.3806577687
117289.4899586107 132077.2213511119
117449.7924412148 132077.2213511119
117610.0949238188 132077.2213511119
117449.7924412148 131917.1416977836
117610.0949238188 131917.1416977836
117289.4899586107 131757.0620444552
117449.7924412148 131757.0620444552
117610.0949238188 131596.9823911269
117770.3974064228 131596.9823911269
117449.7924412148 131436.9027377985
117449.7924412148 131116.7434311418
117770.3974064228 130956.6637778134
133319.7382190134 130956.6637778134
120816.1445758993 128395.3893245597
120816.1445758993 128075.2300179030
120816.1445758993 127755.0707112463
121457.3545063154 127755.0707112463
121457.3545063154 127434.9114045895
129953.3860843289 118790.6101248582
129793.0836017248 119110.7694315149
129632.7811191208 119430.9287381716
129632.7811191208 119751.0880448284
129312.1761539127 119911.1676981567
129312.1761539127 120391.4066581418
128991.5711887047 120711.5659647985
126587.0339496443 125834.1148713060
126426.7314670403 126154.2741779627
122419.1694019396 126634.5131379478
121777.9594715235 126634.5131379478
121457.3545063154 126794.5927912761
121777.9594715235 126954.6724446045
122098.5644367315 127114.7520979328
121457.3545063154 127114.7520979328
122098.5644367315 127274.8317512612

120655.8420932953 135438.8940710075
120816.1445758993 135118.7347643508
121136.7495411074 134958.6551110224
123380.9842975638 133197.7789244105
117289.4899586107 132397.3806577687
117289.4899586107 132077.2213511119
117449.7924412148 132077.2213511119
117610.0949238188 132077.2213511119
117449.7924412148 131917.1416977836
117610.0949238188 131917.1416977836
117289.4899586107 131757.0620444552
117449.7924412148 131757.0620444552
117610.0949238188 131757.0620444552
117610.0949238188 131596.9823911269
117289.4899586107 131436.9027377985
117449.7924412148 131436.9027377985
128991.5711887047 120231.3270048134
117449.7924412148 131116.7434311418
120655.8420932953 128395.3893245597
120816.1445758993 128075.2300179030
120976.4470585034 127755.0707112463
121297.0520237114 127594.9910579179
121457.3545063154 127434.9114045895
121617.6569889195 127434.9114045895
121297.0520237114 127274.8317512612
121457.3545063154 127274.8317512612
121617.6569889195 127274.8317512612
121617.6569889195 127114.7520979328
121777.9594715235 127114.7520979328
121938.2619541275 127114.7520979328
121457.3545063154 126954.6724446045
121617.6569889195 126954.6724446045
121777.9594715235 126954.6724446045
121777.9594715235 126634.5131379478
122419.1694019396 126634.5131379478
129312.1761539127 119911.1676981567
129632.7811191208 119751.0880448284
129632.7811191208 119430.9287381716
129953.3860843289 118790.6101248582
129793.0836017248 119110.7694315149

120655.8420932953 135438.8940710075
120816.1445758993 135118.7347643508
123380.9842975638 133197.7789244105
117610.0949238188 132877.6196177537
117289.4899586107 132397.3806577687
117289.4899586107 132077.2213511119
117449.7924412148 132077.2213511119
117610.0949238188 132077.2213511119
117449.7924412148 131917.1416977836
117610.0949238188 131917.1416977836
117289.4899586107 131757.0620444552
117449.7924412148 131757.0620444552
117610.0949238188 131757.0620444552
117610.0949238188 131596.9823911269
117770.3974064228 131596.9823911269
117449.7924412148 131436.9027377985
117610.0949238188 131436.9027377985
117449.7924412148 131116.7434311418
120655.8420932953 128395.3893245597
120816.1445758993 128075.2300179030
120816.1445758993 127755.0707112463
121136.7495411074 127594.9910579179
121297.0520237114 127594.9910579179
121297.0520237114 127274.8317512612
121457.3545063154 127274.8317512612
121617.6569889195 127274.8317512612
121617.6569889195 127114.7520979328
121777.9594715235 127114.7520979328
121938.2619541275 127114.7520979328
121457.3545063154 126954.6724446045
121617.6569889195 126954.6724446045
121777.9594715235 126954.6724446045
121777.9594715235 126634.5131379478
122419.1694019396 126634.5131379478
129953.3860843289 118790.6101248582
129793.0836017248 119110.7694315149
129632.7811191208 119430.9287381716
129632.7811191208 119751.0880448284
129312.1761539127 119911.1676981567
121777.9594715235 127274.8317512612

120655.8420932953 135438.8940710075
120816.1445758993 135118.7347643508
123380.9842975638 133197.7789244105
117610.0949238188 132877.6196177537
117289.4899586107 132397.3806577687
117289.4899586107 132077.2213511119
117449.7924412148 132077.2213511119
117610.0949238188 132077.2213511119
117449.7924412148 131917.1416977836
117610.0949238188 131917.1416977836
117289.4899586107 131757.0620444552
117449.7924412148 131757.0620444552
117610.0949238188 131757.0620444552
117610.0949238188 131596.9823911269
117770.3974064228 131596.9823911269
117449.7924412148 131436.9027377985
117610.0949238188 131436.9027377985
117449.7924412148 131116.7434311418
129953.3860843289 118790.6101248582
129793.0836017248 119110.7694315149
129632.7811191208 119430.9287381716
129632.7811191208 119751.0880448284
129312.1761539127 119911.1676981567
129312.1761539127 120391.4066581418
122419.1694019396 126634.5131379478
121777.9594715235 126634.5131379478
121777.9594715235 126954.6724446045
121617.6569889195 126954.6724446045
121457.3545063154 126954.6724446045
121938.2619541275 127114.7520979328
121777.9594715235 127114.7520979328
121777.9594715235 127274.8317512612
121617.6569889195 127274.8317512612
121457.3545063154 127274.8317512612
121297.0520237114 127274.8317512612
121617.6569889195 127434.9114045895
121297.0520237114 127594.9910579179
120976.4470585034 127755.0707112463
120816.1445758993 128075.2300179030
120655.8420932953 128395.3893245597

120655.8420932953 135438.8940710075
120816.1445758993 135118.7347643508
123380.9842975638 133197.7789244105
117610.0949238188 132877.6196177537
117289.4899586107 132397.3806577687
117289.4899586107 132077.2213511119
117449.7924412148 132077.2213511119
117610.0949238188 132077.2213511119
117449.7924412148 131917.1416977836
117610.0949238188 131917.1416977836
117289.4899586107 131757.0620444552
117449.7924412148 131757.0620444552
117610.0949238188 131757.0620444552
117610.0949238188 131596.9823911269
117770.3974064228 131596.9823911269
117449.7924412148 131436.9027377985
117610.0949238188 131436.9027377985
117449.7924412148 131116.7434311418
129953.3860843289 118790.6101248582
129793.0836017248 119110.7694315149
129632.7811191208 119430.9287381716
129632.7811191208 119751.0880448284
129312.1761539127 119911.1676981567
122419.1694019396 126634.5131379478
121777.9594715235 126634.5131379478
121777.9594715235 126954.6724446045
121617.6569889195 126954.6724446045
121457.3545063154 126954.6724446045
121938.2619541275 127114.7520979328
121777.9594715235 127114.7520979328
121777.9594715235 127274.8317512612
121617.6569889195 127274.8317512612
121457.3545063154 127274.8317512612
121297.0520237114 127274.8317512612
121617.6569889195 127434.9114045895
121297.0520237114 127594.9910579179
121136.7495411074 127594.9910579179
121136.7495411074 127915.1503645746
120816.1445758993 128075.2300179030
120655.8420932953 128395.3893245597

120655.8420932953 135438.8940710075
120816.1445758993 135118.7347643508
117289.4899586107 132397.3806577687
117289.4899586107 132077.2213511119
117449.7924412148 132077.2213511119
117610.0949238188 132077.2213511119
117449.7924412148 131917.1416977836
117610.0949238188 131917.1416977836
117289.4899586107 131757.0620444552
117449.7924412148 131757.0620444552
117610.0949238188 131757.0620444552
117770.3974064228 131757.0620444552
117449.7924412148 131596.9823911269
117610.0949238188 131596.9823911269
129953.3860843289 118790.6101248582
117289.4899586107 131436.9027377985
117449.7924412148 131436.9027377985
117610.0949238188 131436.9027377985
117449.7924412148 131116.7434311418
120816.1445758993 128075.2300179030
120976.4470585034 127755.0707112463
121297.0520237114 127594.9910579179
121457.3545063154 127434.9114045895
121617.6569889195 127434.9114045895
121297.0520237114 127274.8317512612
121457.3545063154 127274.8317512612
121617.6569889195 127274.8317512612
121777.9594715235 127274.8317512612
121617.6569889195 127114.7520979328
121777.9594715235 127114.7520979328
121938.2619541275 127114.7520979328
121457.3545063154 126954.6724446045
121617.6569889195 126954.6724446045
121777.9594715235 126954.6724446045
121938.2619541275 126954.6724446045
121777.9594715235 126794.5927912761
121777.9594715235 126634.5131379478
129472.4786365168 119751.0880448284
129632.7811191208 119430.9287381716
129793.0836017248 119110.7694315149

120655.8420932953 135438.8940710075
120816.1445758993 135118.7347643508
123380.9842975638 133197.7789244105
117610.0949238188 132877.6196177537
117289.4899586107 132397.3806577687
117289.4899586107 132077.2213511119
117449.7924412148 132077.2213511119
117610.0949238188 132077.2213511119
117449.7924412148 131917.1416977836
117610.0949238188 131917.1416977836
117289.4899586107 131757.0620444552
117449.7924412148 131757.0620444552
117610.0949238188 131757.0620444552
117770.3974064228 131596.9823911269
117289.4899586107 131436.9027377985
117449.7924412148 131436.9027377985
117610.0949238188 131436.9027377985
117449.7924412148 131116.7434311418
120655.8420932953 128395.3893245597
120816.1445758993 128075.2300179030
121136.7495411074 127915.1503645746
121136.7495411074 127594.9910579179
121297.0520237114 127594.9910579179
129953.3860843289 118790.6101248582
129793.0836017248 119110.7694315149
129632.7811191208 119430.9287381716
129632.7811191208 119751.0880448284
129312.1761539127 119911.1676981567
129312.1761539127 120391.4066581418
122419.1694019396 126634.5131379478
121777.9594715235 126634.5131379478
121777.9594715235 126954.6724446045
121617.6569889195 126954.6724446045
121457.3545063154 126954.6724446045
121938.2619541275 127114.7520979328
121777.9594715235 127114.7520979328
121777.9594715235 127274.8317512612
121617.6569889195 127274.8317512612
121457.3545063154 127274.8317512612
121297.0520237114 127274.8317512612

120655.8420932953 135438.8940710075
120816.1445758993 135118.7347643508
121136.7495411074 134958.6551110224
117129.1874760067 133838.0975377239
123060.3793323557 133357.8585777388
123380.9842975638 133197.7789244105
117449.7924412148 133037.6992710821
123701.5892627718 132717.5399644254
116968.8849934027 132397.3806577687
117610.0949238188 132397.3806577687
117770.3974064228 132077.2213511119
117449.7924412148 131757.0620444552
132678.5282885973 131757.0620444552
117610.0949238188 131596.9823911269
117449.7924412148 131436.9027377985
133159.4357364094 131436.9027377985
117449.7924412148 131116.7434311418
117770.3974064228 130956.6637778134
133319.7382190134 130956.6637778134
120816.1445758993 128395.3893245597
120816.1445758993 128075.2300179030
120816.1445758993 127755.0707112463
121457.3545063154 127755.0707112463
121457.3545063154 127434.9114045895
121457.3545063154 127114.7520979328
122098.5644367315 127114.7520979328
121777.9594715235 126954.6724446045
121457.3545063154 126794.5927912761
129953.3860843289 118790.6101248582
129793.0836017248 119110.7694315149
129632.7811191208 119430.9287381716
129632.7811191208 119751.0880448284
129312.1761539127 119911.1676981567
129312.1761539127 120391.4066581418
128991.5711887047 120711.5659647985
126587.0339496443 125834.1148713060
126426.7314670403 126154.2741779627
122419.1694019396 126634.5131379478
121777.9594715235 126634.5131379478
122098.5644367315 127274.8317512612

120655.8420932953 135438.8940710075
120816.1445758993 135118.7347643508
123380.9842975638 133197.7789244105
117610.0949238188 132877.6196177537
117289.4899586107 132397.3806577687
117289.4899586107 132077.2213511119
117449.7924412148 132077.2213511119
117610.0949238188 132077.2213511119
117449.7924412148 131917.1416977836
117610.0949238188 131917.1416977836
117289.4899586107 131757.0620444552
117449.7924412148 131757.0620444552
117610.0949238188 131757.0620444552
117770.3974064228 131596.9823911269
117289.4899586107 131436.9027377985
117449.7924412148 131436.9027377985
117610.0949238188 131436.9027377985
117449.7924412148 131116.7434311418
120655.8420932953 128395.3893245597
120816.1445758993 128075.2300179030
120976.4470585034 127755.0707112463
121297.0520237114 127594.9910579179
121617.6569889195 127434.9114045895
121297.0520237114 127274.8317512612
121457.3545063154 127274.8317512612
121617.6569889195 127274.8317512612
121777.9594715235 127274.8317512612
121777.9594715235 127114.7520979328
121938.2619541275 127114.7520979328
121457.3545063154 126954.6724446045
121617.6569889195 126954.6724446045
121777.9594715235 126954.6724446045
121777.9594715235 126634.5131379478
122419.1694019396 126634.5131379478
129953.3860843289 118790.6101248582
129793.0836017248 119110.7694315149
129632.7811191208 119430.9287381716
129632.7811191208 119751.0880448284
129312.1761539127 119911.1676981567
121617.6569889195 127114.7520979328

120655.8420932953 135438.8940710075
120816.1445758993 135118.7347643508
117610.0949238188 132877.6196177537
117289.4899586107 132397.3806577687
117289.4899586107 132077.2213511119
117449.7924412148 132077.2213511119
117610.0949238188 132077.2213511119
117449.7924412148 131917.1416977836
117610.0949238188 131917.1416977836
117289.4899586107 131757.0620444552
117449.7924412148 131757.0620444552
117610.0949238188 131757.0620444552
117449.7924412148 131596.9823911269
117610.0949238188 131596.9823911269
117289.4899586107 131436.9027377985
117449.7924412148 131436.9027377985
117610.0949238188 131436.9027377985
117449.7924412148 131116.7434311418
120655.8420932953 128395.3893245597
120816.1445758993 128075.2300179030
121136.7495411074 127915.1503645746
121136.7495411074 127594.9910579179
121297.0520237114 127594.9910579179
121617.6569889195 127434.9114045895
121297.0520237114 127274.8317512612
121457.3545063154 127274.8317512612
121617.6569889195 127274.8317512612
121777.9594715235 127274.8317512612
129953.3860843289 118790.6101248582
129793.0836017248 119110.7694315149
129632.7811191208 119430.9287381716
129632.7811191208 119751.0880448284
129312.1761539127 119911.1676981567
122419.1694019396 126634.5131379478
121777.9594715235 126634.5131379478
121777.9594715235 126954.6724446045
121617.6569889195 126954.6724446045
121457.3545063154 126954.6724446045
121938.2619541275 127114.7520979328
121777.9594715235 127114.7520979328

120655.8420932953 135438.8940710075
120816.1445758993 135118.7347643508
117610.0949238188 132877.6196177537
117289.4899586107 132397.3806577687
117289.4899586107 132077.2213511119
117449.7924412148 132077.2213511119
117610.0949238188 132077.2213511119
129632.7811191208 119751.0880448284
117610.0949238188 131917.1416977836
117289.4899586107 131757.0620444552
117449.7924412148 131757.0620444552
117610.0949238188 131757.0620444552
117449.7924412148 131596.9823911269
117610.0949238188 131596.9823911269
117289.4899586107 131436.9027377985
117449.7924412148 131436.9027377985
117610.0949238188 131436.9027377985
117449.7924412148 131116.7434311418
120655.8420932953 128395.3893245597
120816.1445758993 128075.2300179030
121136.7495411074 127915.1503645746
121136.7495411074 127594.9910579179
121297.0520237114 127594.9910579179
121617.6569889195 127434.9114045895
121297.0520237114 127274.8317512612
121457.3545063154 127274.8317512612
121617.6569889195 127274.8317512612
121777.9594715235 127274.8317512612
121617.6569889195 127114.7520979328
121777.9594715235 127114.7520979328
121938.2619541275 127114.7520979328
121457.3545063154 126954.6724446045
121617.6569889195 126954.6724446045
121777.9594715235 126954.6724446045
121777.9594715235 126634.5131379478
122419.1694019396 126634.5131379478
129953.3860843289 118790.6101248582
129793.0836017248 119110.7694315149
129632.7811191208 119430.9287381716
121777.9594715235 126794.5927912761

120655.8420932953 135438.8940710075
120816.1445758993 135118.7347643508
123380.9842975638 133197.7789244105
117610.0949238188 132877.6196177537
117289.4899586107 132397.3806577687
129953.3860843289 118790.6101248582
129793.0836017248 119110.7694315149
129632.7811191208 119430.9287381716
129632.7811191208 119751.0880448284
129312.1761539127 119911.1676981567
129312.1761539127 120391.4066581418
122419.1694019396 126634.5131379478
121777.9594715235 126634.5131379478
121777.9594715235 126954.6724446045
121617.6569889195 126954.6724446045
121457.3545063154 126954.6724446045
121938.2619541275 127114.7520979328
121777.9594715235 127114.7520979328
121777.9594715235 127274.8317512612
121617.6569889195 127274.8317512612
121457.3545063154 127274.8317512612
121297.0520237114 127274.8317512612
121617.6569889195 127434.9114045895
121297.0520237114 127594.9910579179
120976.4470585034 127755.0707112463
120816.1445758993 128075.2300179030
120655.8420932953 128395.3893245597
117770.3974064228 130956.6637778134
117449.7924412148 131116.7434311418
117449.7924412148 131436.9027377985
117770.3974064228 131596.9823911269
117610.0949238188 131596.9823911269
117449.7924412148 131757.0620444552
117289.4899586107 131757.0620444552
117610.0949238188 131917.1416977836
117449.7924412148 131917.1416977836
117610.0949238188 132077.2213511119
117449.7924412148 132077.2213511119
117289.4899586107 132077.2213511119
123060.3793323557 133357.8585777388

120655.8420932953 135438.8940710075
120816.1445758993 135118.7347643508
117610.0949238188 132877.6196177537
117289.4899586107 132397.3806577687
117289.4899586107 132077.2213511119
117449.7924412148 132077.2213511119
117610.0949238188 132077.2213511119
129793.0836017248 119110.7694315149
129632.7811191208 119430.9287381716
129472.4786365168 119751.0880448284
121777.9594715235 126634.5131379478
121777.9594715235 126794.5927912761
121938.2619541275 126954.6724446045
121777.9594715235 126954.6724446045
121617.6569889195 126954.6724446045
121457.3545063154 126954.6724446045
121938.2619541275 127114.7520979328
121777.9594715235 127114.7520979328
121617.6569889195 127114.7520979328
121777.9594715235 127274.8317512612
121617.6569889195 127274.8317512612
121457.3545063154 127274.8317512612
121297.0520237114 127274.8317512612
121617.6569889195 127434.9114045895
121457.3545063154 127434.9114045895
121297.0520237114 127594.9910579179
120976.4470585034 127755.0707112463
120816.1445758993 128075.2300179030
117449.7924412148 131116.7434311418
117610.0949238188 131436.9027377985
117449.7924412148 131436.9027377985
117289.4899586107 131436.9027377985
117770.3974064228 131596.9823911269
117610.0949238188 131596.9823911269
117449.7924412148 131596.9823911269
117770.3974064228 131757.0620444552
117610.0949238188 131757.0620444552
117449.7924412148 131757.0620444552
117289.4899586107 131757.0620444552
117610.0949238188 131917.1416977836

120655.8420932953 135438.8940710075
120816.1445758993 135118.7347643508
123380.9842975638 133197.7789244105
117610.0949238188 132877.6196177537
117289.4899586107 132397.3806577687
117289.4899586107 132077.2213511119
117449.7924412148 132077.2213511119
117610.0949238188 132077.2213511119
129953.3860843289 118790.6101248582
129793.0836017248 119110.7694315149
129632.7811191208 119430.9287381716
129632.7811191208 119751.0880448284
122419.1694019396 126634.5131379478
121777.9594715235 126634.5131379478
121777.9594715235 126954.6724446045
121617.6569889195 126954.6724446045
121457.3545063154 126954.6724446045
121938.2619541275 127114.7520979328
121777.9594715235 127114.7520979328
121617.6569889195 127114.7520979328
121777.9594715235 127274.8317512612
121617.6569889195 127274.8317512612
121457.3545063154 127274.8317512612
121297.0520237114 127274.8317512612
121617.6569889195 127434.9114045895
121457.3545063154 127434.9114045895
121297.0520237114 127594.9910579179
120976.4470585034 127755.0707112463
120816.1445758993 128075.2300179030
120655.8420932953 128395.3893245597
117449.7924412148 131116.7434311418
117610.0949238188 131436.9027377985
117449.7924412148 131436.9027377985
117289.4899586107 131436.9027377985
117610.0949238188 131596.9823911269
117449.7924412148 131596.9823911269
117610.0949238188 131757.0620444552
117449.7924412148 131757.0620444552
117289.4899586107 131757.0620444552
117610.0949238188 131917.1416977836

120655.8420932953 135438.8940710075
120816.1445758993 135118.7347643508
121136.7495411074 134958.6551110224
123060.3793323557 133357.8585777388
123380.9842975638 133197.7789244105
117289.4899586107 132397.3806577687
117289.4899586107 132077.2213511119
117449.7924412148 132077.2213511119
117610.0949238188 132077.2213511119
117449.7924412148 131917.1416977836
117610.0949238188 131917.1416977836
117289.4899586107 131757.0620444552
117449.7924412148 131757.0620444552
117610.0949238188 131596.9823911269
117770.3974064228 131596.9823911269
117449.7924412148 131436.9027377985
117449.7924412148 131116.7434311418
117770.3974064228 130956.6637778134
120655.8420932953 128395.3893245597
120816.1445758993 128075.2300179030
120976.4470585034 127755.0707112463
121297.0520237114 127594.9910579179
121617.6569889195 127434.9114045895
121297.0520237114 127274.8317512612
121457.3545063154 127274.8317512612
121617.6569889195 127274.8317512612
121777.9594715235 127274.8317512612
129953.3860843289 118790.6101248582
129793.0836017248 119110.7694315149
129632.7811191208 119430.9287381716
129632.7811191208 119751.0880448284
129312.1761539127 119911.1676981567
129312.1761539127 120391.4066581418
122419.1694019396 126634.5131379478
121777.9594715235 126634.5131379478
121777.9594715235 126954.6724446045
121617.6569889195 126954.6724446045
121457.3545063154 126954.6724446045
121938.2619541275 127114.7520979328
121777.9594715235 127114.7520979328

120655.8420932953 135438.8940710075
120816.1445758993 135118.7347643508
121136.7495411074 134958.6551110224
117289.4899586107 132397.3806577687
117289.4899586107 132077.2213511119
117449.7924412148 132077.2213511119
117610.0949238188 132077.2213511119
117449.7924412148 131917.1416977836
117610.0949238188 131917.1416977836
117289.4899586107 131757.0620444552
117449.7924412148 131757.0620444552
117610.0949238188 131757.0620444552
117449.7924412148 131596.9823911269
117610.0949238188 131596.9823911269
117289.4899586107 131436.9027377985
117449.7924412148 131436.9027377985
117610.0949238188 131436.9027377985
117449.7924412148 131116.7434311418
120655.8420932953 128395.3893245597
120816.1445758993 128075.2300179030
120976.4470585034 127755.0707112463
121297.0520237114 127594.9910579179
121457.3545063154 127434.9114045895
121617.6569889195 127434.9114045895
121297.0520237114 127274.8317512612
121457.3545063154 127274.8317512612
121617.6569889195 127274.8317512612
121617.6569889195 127114.7520979328
121777.9594715235 127114.7520979328
121938.2619541275 127114.7520979328
121457.3545063154 126954.6724446045
121617.6569889195 126954.6724446045
121777.9594715235 126954.6724446045
121777.9594715235 126634.5131379478
122419.1694019396 126634.5131379478
129793.0836017248 119110.7694315149
129632.7811191208 119430.9287381716
129472.4786365168 119751.0880448284
121938.2619541275 126954.6724446045
121457.3545063154 127114.7520979328

120655.8420932953 135438.8940710075
120816.1445758993 135118.7347643508
121136.7495411074 134958.6551110224
123060.3793323557 133357.8585777388
123380.9842975638 133197.7789244105
117289.4899586107 132397.3806577687
117289.4899586107 132077.2213511119
117449.7924412148 132077.2213511119
117610.0949238188 132077.2213511119
117449.7924412148 131917.1416977836
117610.0949238188 131917.1416977836
117289.4899586107 131757.0620444552
117449.7924412148 131757.0620444552
129953.3860843289 118790.6101248582
129793.0836017248 119110.7694315149
129632.7811191208 119430.9287381716
129632.7811191208 119751.0880448284
129312.1761539127 119911.1676981567
129312.1761539127 120391.4066581418
128991.5711887047 120711.5659647985
128190.0587756846 120871.6456181269
126587.0339496443 125834.1148713060
126426.7314670403 126154.2741779627
122419.1694019396 126634.5131379478
121777.9594715235 126634.5131379478
121457.3545063154 126794.5927912761
121777.9594715235 126954.6724446045
122098.5644367315 127114.7520979328
121457.3545063154 127114.7520979328
121457.3545063154 127434.9114045895
121457.3545063154 127755.0707112463
120816.1445758993 127755.0707112463
120816.1445758993 128075.2300179030
120816.1445758993 128395.3893245597
133319.7382190134 130956.6637778134
117770.3974064228 130956.6637778134
117449.7924412148 131116.7434311418
133159.4357364094 131436.9027377985
117449.7924412148 131436.9027377985
117610.0949238188 131596.9823911269

120655.8420932953 135438.8940710075
120816.1445758993 135118.7347643508
117610.0949238188 132877.6196177537
117289.4899586107 132397.3806577687
117289.4899586107 132077.2213511119
117449.7924412148 132077.2213511119
117610.0949238188 132077.2213511119
117449.7924412148 131917.1416977836
117610.0949238188 131917.1416977836
117289.4899586107 131757.0620444552
117449.7924412148 131757.0620444552
117610.0949238188 131757.0620444552
117449.7924412148 131596.9823911269
117610.0949238188 131596.9823911269
117770.3974064228 131596.9823911269
129953.3860843289 118790.6101248582
129793.0836017248 119110.7694315149
129632.7811191208 119430.9287381716
129632.7811191208 119751.0880448284
122419.1694019396 126634.5131379478
121777.9594715235 126634.5131379478
121777.9594715235 126954.6724446045
121617.6569889195 126954.6724446045
121457.3545063154 126954.6724446045
121938.2619541275 127114.7520979328
121777.9594715235 127114.7520979328
121617.6569889195 127114.7520979328
121777.9594715235 127274.8317512612
121617.6569889195 127274.8317512612
121457.3545063154 127274.8317512612
121297.0520237114 127274.8317512612
121617.6569889195 127434.9114045895
121297.0520237114 127594.9910579179
121136.7495411074 127594.9910579179
121136.7495411074 127915.1503645746
120816.1445758993 128075.2300179030
120655.8420932953 128395.3893245597
117449.7924412148 131116.7434311418
117610.0949238188 131436.9027377985
117449.7924412148 131436.9027377985

120655.8420932953 135438.8940710075
120816.1445758993 135118.7347643508
117610.0949238188 132877.6196177537
117289.4899586107 132397.3806577687
117289.4899586107 132077.2213511119
117449.7924412148 132077.2213511119
117610.0949238188 132077.2213511119
117449.7924412148 131917.1416977836
117610.0949238188 131917.1416977836
117289.4899586107 131757.0620444552
117449.7924412148 131757.0620444552
117610.0949238188 131757.0620444552
117449.7924412148 131596.9823911269
117610.0949238188 131596.9823911269
117770.3974064228 131596.9823911269
117289.4899586107 131436.9027377985
117449.7924412148 131436.9027377985
117610.0949238188 131436.9027377985
117449.7924412148 131116.7434311418
129793.0836017248 119110.7694315149
129632.7811191208 119430.9287381716
129472.4786365168 119751.0880448284
121777.9594715235 126634.5131379478
121777.9594715235 126794.5927912761
121938.2619541275 126954.6724446045
121777.9594715235 126954.6724446045
121617.6569889195 126954.6724446045
121457.3545063154 126954.6724446045
121938.2619541275 127114.7520979328
121777.9594715235 127114.7520979328
121617.6569889195 127114.7520979328
121777.9594715235 127274.8317512612
121617.6569889195 127274.8317512612
121457.3545063154 127274.8317512612
121297.0520237114 127274.8317512612
121617.6569889195 127434.9114045895
121297.0520237114 127594.9910579179
121136.7495411074 127594.9910579179
121136.7495411074 127915.1503645746
120816.1445758993 128075.2300179030

120655.8420932953 135438.8940710075
120816.1445758993 135118.7347643508
117610.0949238188 132877.6196177537
117289.4899586107 132397.3806577687
117289.4899586107 132077.2213511119
117449.7924412148 132077.2213511119
117610.0949238188 132077.2213511119
117449.7924412148 131917.1416977836
117610.0949238188 131917.1416977836
117289.4899586107 131757.0620444552
117449.7924412148 131757.0620444552
117610.0949238188 131757.0620444552
117610.0949238188 131596.9823911269
117770.3974064228 131596.9823911269
117289.4899586107 131436.9027377985
117449.7924412148 131436.9027377985
117610.0949238188 131436.9027377985
129953.3860843289 118790.6101248582
129793.0836017248 119110.7694315149
129632.7811191208 119430.9287381716
129632.7811191208 119751.0880448284
129312.1761539127 119911.1676981567
122419.1694019396 126634.5131379478
121777.9594715235 126634.5131379478
121777.9594715235 126954.6724446045
121617.6569889195 126954.6724446045
121457.3545063154 126954.6724446045
121938.2619541275 127114.7520979328
121777.9594715235 127114.7520979328
121617.6569889195 127114.7520979328
121617.6569889195 127274.8317512612
121457.3545063154 127274.8317512612
121297.0520237114 127274.8317512612
121617.6569889195 127434.9114045895
121297.0520237114 127594.9910579179
121136.7495411074 127594.9910579179
121136.7495411074 127915.1503645746
120816.1445758993 128075.2300179030
120655.8420932953 128395.3893245597
117449.7924412148 131116.7434311418

120655.8420932953 135438.8940710075
120816.1445758993 135118.7347643508
123380.9842975638 133197.7789244105
117610.0949238188 132877.6196177537
117289.4899586107 132397.3806577687
117289.4899586107 132077.2213511119
117449.7924412148 132077.2213511119
117610.0949238188 132077.2213511119
117449.7924412148 131917.1416977836
117610.0949238188 131917.1416977836
117289.4899586107 131757.0620444552
117449.7924412148 131757.0620444552
117610.0949238188 131757.0620444552
117770.3974064228 131596.9823911269
129953.3860843289 118790.6101248582
129793.0836017248 119110.7694315149
129632.7811191208 119430.9287381716
129632.7811191208 119751.0880448284
129312.1761539127 119911.1676981567
129312.1761539127 120391.4066581418
128991.5711887047 120711.5659647985
126587.0339496443 125834.1148713060
126426.7314670403 126154.2741779627
122419.1694019396 126634.5131379478
121777.9594715235 126634.5131379478
121457.3545063154 126794.5927912761
121777.9594715235 126954.6724446045
122098.5644367315 127114.7520979328
121457.3545063154 127114.7520979328
122098.5644367315 127274.8317512612
121617.6569889195 127274.8317512612
121136.7495411074 127274.8317512612
121457.3545063154 127434.9114045895
121457.3545063154 127755.0707112463
120816.1445758993 127755.0707112463
120816.1445758993 128075.2300179030
120816.1445758993 128395.3893245597
117449.7924412148 131116.7434311418
117610.0949238188 131436.9027377985
117449.7924412148 131436.9027377985

120655.8420932953 135438.8940710075
120816.1445758993 135118.7347643508
121136.7495411074 134958.6551110224
123060.3793323557 133357.8585777388
123380.9842975638 133197.7789244105
117289.4899586107 132397.3806577687
117289.4899586107 132077.2213511119
117449.7924412148 132077.2213511119
117610.0949238188 132077.2213511119
117449.7924412148 131917.1416977836
117610.0949238188 131917.1416977836
117289.4899586107 131757.0620444552
117449.7924412148 131757.0620444552
117610.0949238188 131596.9823911269
123220.6818149597 132397.3806577687
117449.7924412148 131436.9027377985
117449.7924412148 131116.7434311418
117770.3974064228 130956.6637778134
120655.8420932953 128395.3893245597
120816.1445758993 128075.2300179030
120816.1445758993 127755.0707112463
121136.7495411074 127594.9910579179
121297.0520237114 127594.9910579179
121297.0520237114 127274.8317512612
121457.3545063154 127274.8317512612
121617.6569889195 127274.8317512612
121617.6569889195 127114.7520979328
121777.9594715235 127114.7520979328
121457.3545063154 126954.6724446045
121617.6569889195 126954.6724446045
121777.9594715235 126954.6724446045
121777.9594715235 126634.5131379478
122419.1694019396 126634.5131379478
129953.3860843289 118790.6101248582
129793.0836017248 119110.7694315149
129632.7811191208 119430.9287381716
129632.7811191208 119751.0880448284
129312.1761539127 119911.1676981567
129312.1761539127 120391.4066581418
128991.5711887047 120711.5659647985

120655.8420932953 135438.8940710075
120816.1445758993 135118.7347643508
121136.7495411074 134958.6551110224
117289.4899586107 132397.3806577687
117289.4899586107 132077.2213511119
117449.7924412148 132077.2213511119
117610.0949238188 132077.2213511119
117449.7924412148 131917.1416977836
117610.0949238188 131917.1416977836
117289.4899586107 131757.0620444552
117449.7924412148 131757.0620444552
117610.0949238188 131757.0620444552
117449.7924412148 131596.9823911269
117610.0949238188 131596.9823911269
117289.4899586107 131436.9027377985
117449.7924412148 131436.9027377985
117610.0949238188 131436.9027377985
117449.7924412148 131116.7434311418
120655.8420932953 128395.3893245597
120816.1445758993 128075.2300179030
120976.4470585034 127755.0707112463
121297.0520237114 127594.9910579179
121457.3545063154 127434.9114045895
121617.6569889195 127434.9114045895
121297.0520237114 127274.8317512612
121457.3545063154 127274.8317512612
121617.6569889195 127274.8317512612
121777.9594715235 127274.8317512612
129953.3860843289 118790.6101248582
129793.0836017248 119110.7694315149
129632.7811191208 119430.9287381716
129632.7811191208 119751.0880448284
129312.1761539127 119911.1676981567
122419.1694019396 126634.5131379478
121777.9594715235 126634.5131379478
121777.9594715235 126954.6724446045
121617.6569889195 126954.6724446045
121457.3545063154 126954.6724446045
121938.2619541275 127114.7520979328
121777.9594715235 127114.7520979328

120655.8420932953 134478.4161510373
117610.0949238188 133197.7789244105
120335.2371280872 132237.3010044403
113923.1378239262 132077.2213511119
120816.1445758993 132077.2213511119
121457.3545063154 131276.8230844702
116808.5825107987 131116.7434311418
115526.1626499664 130956.6637778134
119373.4222324631 130476.4248178283
123220.6818149597 130476.4248178283
126747.3364322483 130156.2655111716
120816.1445758993 129996.1858578433
120495.5396106913 129355.8672445299
122900.0768497517 129035.7079378731
120335.2371280872 128395.3893245597
127548.8488452685 128235.3096712314
120655.8420932953 128075.2300179030
120816.1445758993 127274.8317512612
124823.7066410000 127114.7520979328
126747.3364322483 126154.2741779627
125464.9165714161 125994.1945246343
124022.1942279799 125513.9555646493
127709.1513278725 125513.9555646493
125945.8240192282 125033.7166046642
129953.3860843289 125033.7166046642
126747.3364322483 124073.2386846940
129312.1761539127 123272.8404180522
130434.2935321409 122952.6811113955
130915.2009799530 122792.6014580672
126426.7314670403 122312.3624980821
129793.0836017248 121191.8049247836
129953.3860843289 118790.6101248582
129793.0836017248 119110.7694315149
129632.7811191208 119430.9287381716
129632.7811191208 119751.0880448284
129312.1761539127 119911.1676981567
129312.1761539127 120391.4066581418
122419.1694019396 126634.5131379478
121777.9594715235 126634.5131379478
121777.9594715235 126954.6724446045

120655.8420932953 135438.8940710075
120816.1445758993 135118.7347643508
121136.7495411074 134958.6551110224
117289.4899586107 132397.3806577687
117289.4899586107 132077.2213511119
117449.7924412148 132077.2213511119
117610.0949238188 132077.2213511119
117449.7924412148 131917.1416977836
117610.0949238188 131917.1416977836
117289.4899586107 131757.0620444552
117449.7924412148 131757.0620444552
117610.0949238188 131757.0620444552
117449.7924412148 131596.9823911269
117610.0949238188 131596.9823911269
117289.4899586107 131436.9027377985
117449.7924412148 131436.9027377985
117610.0949238188 131436.9027377985
117449.7924412148 131116.7434311418
120655.8420932953 128395.3893245597
120816.1445758993 128075.2300179030
120976.4470585034 127755.0707112463
121297.0520237114 127594.9910579179
121457.3545063154 127434.9114045895
121617.6569889195 127434.9114045895
121297.0520237114 127274.8317512612
121457.3545063154 127274.8317512612
121617.6569889195 127274.8317512612
121777.9594715235 127274.8317512612
121617.6569889195 127114.7520979328
121777.9594715235 127114.7520979328
121938.2619541275 127114.7520979328
121457.3545063154 126954.6724446045
121617.6569889195 126954.6724446045
121777.9594715235 126954.6724446045
121777.9594715235 126634.5131379478
122419.1694019396 126634.5131379478
129793.0836017248 119110.7694315149
129632.7811191208 119430.9287381716
129472.4786365168 119751.0880448284
121777.9594715235 126794.5927912761

120655.8420932953 135438.8940710075
120816.1445758993 135118.7347643508
117610.0949238188 132877.6196177537
129953.3860843289 118790.6101248582
129793.0836017248 119110.7694315149
129632.7811191208 119430.9287381716
129632.7811191208 119751.0880448284
122419.1694019396 126634.5131379478
121777.9594715235 126634.5131379478
121777.9594715235 126954.6724446045
121617.6569889195 126954.6724446045
121457.3545063154 126954.6724446045
121938.2619541275 127114.7520979328
121777.9594715235 127114.7520979328
121617.6569889195 127114.7520979328
121777.9594715235 127274.8317512612
121617.6569889195 127274.8317512612
121457.3545063154 127274.8317512612
121297.0520237114 127274.8317512612
121617.6569889195 127434.9114045895
121457.3545063154 127434.9114045895
121297.0520237114 127594.9910579179
120976.4470585034 127755.0707112463
120816.1445758993 128075.2300179030
120655.8420932953 128395.3893245597
117449.7924412148 131116.7434311418
117610.0949238188 131436.9027377985
117449.7924412148 131436.9027377985
117289.4899586107 131436.9027377985
117610.0949238188 131596.9823911269
117449.7924412148 131596.9823911269
117610.0949238188 131757.0620444552
117449.7924412148 131757.0620444552
117289.4899586107 131757.0620444552
117610.0949238188 131917.1416977836
117449.7924412148 131917.1416977836
117610.0949238188 132077.2213511119
117449.7924412148 132077.2213511119
117289.4899586107 132077.2213511119
117289.4899586107 132397.3806577687

120655.8420932953 134478.4161510373
117610.0949238188 133197.7789244105
120335.2371280872 132237.3010044403
113923.1378239262 132077.2213511119
120816.1445758993 132077.2213511119
121457.3545063154 131276.8230844702
116808.5825107987 131116.7434311418
115526.1626499664 130956.6637778134
119373.4222324631 130476.4248178283
123220.6818149597 130476.4248178283
126747.3364322483 130156.2655111716
120816.1445758993 129996.1858578433
120495.5396106913 129355.8672445299
122900.0768497517 129035.7079378731
120335.2371280872 128395.3893245597
127548.8488452685 128235.3096712314
120655.8420932953 128075.2300179030
120816.1445758993 127274.8317512612
124823.7066410000 127114.7520979328
126747.3364322483 126154.2741779627
125464.9165714161 125994.1945246343
124022.1942279799 125513.9555646493
127709.1513278725 125513.9555646493
125945.8240192282 125033.7166046642
129953.3860843289 125033.7166046642
126747.3364322483 124073.2386846940
129312.1761539127 123272.8404180522
130434.2935321409 122952.6811113955
130915.2009799530 122792.6014580672
126426.7314670403 122312.3624980821
129793.0836017248 121191.8049247836
128670.9662234966 120871.6456181269
129953.3860843289 118790.6101248582
129793.0836017248 119110.7694315149
129632.7811191208 119430.9287381716
129632.7811191208 119751.0880448284
129312.1761539127 119911.1676981567
129312.1761539127 120391.4066581418
122419.1694019396 126634.5131379478
121777.9594715235 126634.5131379478

120655.8420932953 135438.8940710075
120816.1445758993 135118.7347643508
117610.0949238188 132877.6196177537
117289.4899586107 132397.3806577687
117289.4899586107 132077.2213511119
117449.7924412148 132077.2213511119
117610.0949238188 132077.2213511119
117449.7924412148 131917.1416977836
117610.0949238188 131917.1416977836
117289.4899586107 131757.0620444552
117449.7924412148 131757.0620444552
117610.0949238188 131757.0620444552
117610.0949238188 131596.9823911269
117770.3974064228 131596.9823911269
117289.4899586107 131436.9027377985
117449.7924412148 131436.9027377985
117610.0949238188 131436.9027377985
117449.7924412148 131116.7434311418
120655.8420932953 128395.3893245597
120816.1445758993 128075.2300179030
120976.4470585034 127755.0707112463
121297.0520237114 127594.9910579179
121457.3545063154 127434.9114045895
121617.6569889195 127434.9114045895
121297.0520237114 127274.8317512612
121457.3545063154 127274.8317512612
121617.6569889195 127274.8317512612
121777.9594715235 127274.8317512612
129953.3860843289 118790.6101248582
129793.0836017248 119110.7694315149
129632.7811191208 119430.9287381716
129632.7811191208 119751.0880448284
122419.1694019396 126634.5131379478
121777.9594715235 126634.5131379478
121777.9594715235 126954.6724446045
121617.6569889195 126954.6724446045
121457.3545063154 126954.6724446045
121938.2619541275 127114.7520979328
121777.9594715235 127114.7520979328
121617.6569889195 127114.7520979328

120655.8420932953 135438.8940710075
120816.1445758993 135118.7347643508
121136.7495411074 134958.6551110224
123060.3793323557 133357.8585777388
123380.9842975638 133197.7789244105
117289.4899586107 132397.3806577687
129953.3860843289 118790.6101248582
129793.0836017248 119110.7694315149
129632.7811191208 119430.9287381716
129632.7811191208 119751.0880448284
129312.1761539127 119911.1676981567
129312.1761539127 120391.4066581418
128991.5711887047 120711.5659647985
122419.1694019396 126634.5131379478
121777.9594715235 126634.5131379478
121777.9594715235 126954.6724446045
121617.6569889195 126954.6724446045
121457.3545063154 126954.6724446045
121777.9594715235 127114.7520979328
121617.6569889195 127114.7520979328
121617.6569889195 127274.8317512612
121457.3545063154 127274.8317512612
121297.0520237114 127274.8317512612
121297.0520237114 127594.9910579179
121136.7495411074 127594.9910579179
120816.1445758993 127755.0707112463
120816.1445758993 128075.2300179030
120655.8420932953 128395.3893245597
117770.3974064228 130956.6637778134
117449.7924412148 131116.7434311418
117449.7924412148 131436.9027377985
117770.3974064228 131596.9823911269
117610.0949238188 131596.9823911269
117449.7924412148 131757.0620444552
117289.4899586107 131757.0620444552
117610.0949238188 131917.1416977836
117449.7924412148 131917.1416977836
117610.0949238188 132077.2213511119
117449.7924412148 132077.2213511119
117289.4899586107 132077.2213511119

120655.8420932953 135438.8940710075
120816.1445758993 135118.7347643508
117610.0949238188 132877.6196177537
117289.4899586107 132397.3806577687
129953.3860843289 118790.6101248582
129793.0836017248 119110.7694315149
129632.7811191208 119430.9287381716
129632.7811191208 119751.0880448284
129312.1761539127 119911.1676981567
122419.1694019396 126634.5131379478
121777.9594715235 126634.5131379478
121777.9594715235 126954.6724446045
121617.6569889195 126954.6724446045
121457.3545063154 126954.6724446045
121938.2619541275 127114.7520979328
121777.9594715235 127114.7520979328
121617.6569889195 127114.7520979328
117770.3974064228 131757.0620444552
121457.3545063154 127274.8317512612
121297.0520237114 127274.8317512612
121617.6569889195 127434.9114045895
121457.3545063154 127434.9114045895
121297.0520237114 127594.9910579179
120976.4470585034 127755.0707112463
120816.1445758993 128075.2300179030
120655.8420932953 128395.3893245597
117449.7924412148 131116.7434311418
117610.0949238188 131436.9027377985
117449.7924412148 131436.9027377985
117289.4899586107 131436.9027377985
117610.0949238188 131596.9823911269
117610.0949238188 131757.0620444552
117449.7924412148 131757.0620444552
117289.4899586107 131757.0620444552
117610.0949238188 131917.1416977836
117449.7924412148 131917.1416977836
117610.0949238188 132077.2213511119
117449.7924412148 132077.2213511119
117289.4899586107 132077.2213511119
123380.9842975638 133197.7789244105

120655.8420932953 135438.8940710075
120816.1445758993 135118.7347643508
123380.9842975638 133197.7789244105
117610.0949238188 132877.6196177537
117289.4899586107 132397.3806577687
129953.3860843289 118790.6101248582
129793.0836017248 119110.7694315149
129632.7811191208 119430.9287381716
129632.7811191208 119751.0880448284
129312.1761539127 119911.1676981567
129312.1761539127 120391.4066581418
128991.5711887047 120711.5659647985
122419.1694019396 126634.5131379478
121777.9594715235 126634.5131379478
121777.9594715235 126954.6724446045
121617.6569889195 126954.6724446045
121457.3545063154 126954.6724446045
121777.9594715235 127114.7520979328
121617.6569889195 127114.7520979328
121617.6569889195 127274.8317512612
121457.3545063154 127274.8317512612
121297.0520237114 127274.8317512612
121297.0520237114 127594.9910579179
121136.7495411074 127594.9910579179
120816.1445758993 127755.0707112463
120816.1445758993 128075.2300179030
120655.8420932953 128395.3893245597
117770.3974064228 130956.6637778134
117449.7924412148 131116.7434311418
117449.7924412148 131436.9027377985
122419.1694019396 126314.3538312911
117610.0949238188 131596.9823911269
117449.7924412148 131757.0620444552
117289.4899586107 131757.0620444552
117610.0949238188 131917.1416977836
117449.7924412148 131917.1416977836
117610.0949238188 132077.2213511119
117449.7924412148 132077.2213511119
117289.4899586107 132077.2213511119
123060.3793323557 133357.8585777388

120655.8420932953 135438.8940710075
120816.1445758993 135118.7347643508
117610.0949238188 132877.6196177537
117289.4899586107 132397.3806577687
117289.4899586107 132077.2213511119
117449.7924412148 132077.2213511119
117610.0949238188 132077.2213511119
117449.7924412148 131917.1416977836
117610.0949238188 131917.1416977836
117289.4899586107 131757.0620444552
117449.7924412148 131757.0620444552
117610.0949238188 131757.0620444552
117449.7924412148 131596.9823911269
117610.0949238188 131596.9823911269
117289.4899586107 131436.9027377985
117449.7924412148 131436.9027377985
117610.0949238188 131436.9027377985
117449.7924412148 131116.7434311418
120655.8420932953 128395.3893245597
120816.1445758993 128075.2300179030
121136.7495411074 127915.1503645746
121136.7495411074 127594.9910579179
121297.0520237114 127594.9910579179
121617.6569889195 127434.9114045895
121297.0520237114 127274.8317512612
121457.3545063154 127274.8317512612
121617.6569889195 127274.8317512612
121777.9594715235 127274.8317512612
121617.6569889195 127114.7520979328
121777.9594715235 127114.7520979328
121938.2619541275 127114.7520979328
121457.3545063154 126954.6724446045
121617.6569889195 126954.6724446045
121777.9594715235 126954.6724446045
121777.9594715235 126634.5131379478
122419.1694019396 126634.5131379478
129793.0836017248 119110.7694315149
129632.7811191208 119430.9287381716
129472.4786365168 119751.0880448284
121777.9594715235 126794.5927912761

120655.8420932953 135438.8940710075
120816.1445758993 135118.7347643508
117610.0949238188 132877.6196177537
117289.4899586107 132397.3806577687
117289.4899586107 132077.2213511119
117449.7924412148 132077.2213511119
117610.0949238188 132077.2213511119
117449.7924412148 131917.1416977836
117610.0949238188 131917.1416977836
117289.4899586107 131757.0620444552
117449.7924412148 131757.0620444552
117610.0949238188 131757.0620444552
117449.7924412148 131596.9823911269
117610.0949238188 131596.9823911269
117289.4899586107 131436.9027377985
117449.7924412148 131436.9027377985
117610.0949238188 131436.9027377985
117449.7924412148 131116.7434311418
120655.8420932953 128395.3893245597
120816.1445758993 128075.2300179030
121136.7495411074 127915.1503645746
121136.7495411074 127594.9910579179
121297.0520237114 127594.9910579179
121617.6569889195 127434.9114045895
121297.0520237114 127274.8317512612
121457.3545063154 127274.8317512612
121617.6569889195 127274.8317512612
121777.9594715235 127274.8317512612
121617.6569889195 127114.7520979328
121777.9594715235 127114.7520979328
121938.2619541275 127114.7520979328
121457.3545063154 126954.6724446045
121617.6569889195 126954.6724446045
121777.9594715235 126954.6724446045
121777.9594715235 126634.5131379478
122419.1694019396 126634.5131379478
129793.0836017248 119110.7694315149
129632.7811191208 119430.9287381716
129472.4786365168 119751.0880448284
121938.2619541275 126954.6724446045

120655.8420932953 135438.8940710075
120816.1445758993 135118.7347643508
121136.7495411074 134958.6551110224
123060.3793323557 133357.8585777388
123380.9842975638 133197.7789244105
117289.4899586107 132397.3806577687
129953.3860843289 118790.6101248582
129793.0836017248 119110.7694315149
129632.7811191208 119430.9287381716
129632.7811191208 119751.0880448284
129312.1761539127 119911.1676981567
129312.1761539127 120391.4066581418
128991.5711887047 120711.5659647985
126426.7314670403 126154.2741779627
122419.1694019396 126634.5131379478
121777.9594715235 126634.5131379478
121457.3545063154 126794.5927912761
121777.9594715235 126954.6724446045
121617.6569889195 126954.6724446045
122098.5644367315 127114.7520979328
126266.4289844362 125674.0352179776
121457.3545063154 127114.7520979328
121457.3545063154 127434.9114045895
121457.3545063154 127755.0707112463
120816.1445758993 127755.0707112463
120816.1445758993 128075.2300179030
120816.1445758993 128395.3893245597
133319.7382190134 130956.6637778134
117770.3974064228 130956.6637778134
117449.7924412148 131116.7434311418
117449.7924412148 131436.9027377985
117770.3974064228 131596.9823911269
117610.0949238188 131596.9823911269
117449.7924412148 131757.0620444552
117289.4899586107 131757.0620444552
117610.0949238188 131917.1416977836
117449.7924412148 131917.1416977836
117610.0949238188 132077.2213511119
117449.7924412148 132077.2213511119
117289.4899586107 132077.2213511119

120655.8420932953 135438.8940710075
120816.1445758993 135118.7347643508
117610.0949238188 132877.6196177537
129953.3860843289 118790.6101248582
129793.0836017248 119110.7694315149
129632.7811191208 119430.9287381716
129632.7811191208 119751.0880448284
129312.1761539127 119911.1676981567
129312.1761539127 120391.4066581418
128991.5711887047 120711.5659647985
122419.1694019396 126634.5131379478
121777.9594715235 126634.5131379478
121777.9594715235 126954.6724446045
121617.6569889195 126954.6724446045
121457.3545063154 126954.6724446045
121777.9594715235 127114.7520979328
121617.6569889195 127114.7520979328
121617.6569889195 127274.8317512612
121457.3545063154 127274.8317512612
121297.0520237114 127274.8317512612
121297.0520237114 127594.9910579179
121136.7495411074 127594.9910579179
120816.1445758993 127755.0707112463
120816.1445758993 128075.2300179030
120655.8420932953 128395.3893245597
117770.3974064228 130956.6637778134
117449.7924412148 131116.7434311418
117449.7924412148 131436.9027377985
117770.3974064228 131596.9823911269
117610.0949238188 131596.9823911269
117449.7924412148 131757.0620444552
117289.4899586107 131757.0620444552
117610.0949238188 131917.1416977836
117449.7924412148 131917.1416977836
117610.0949238188 132077.2213511119
117449.7924412148 132077.2213511119
117289.4899586107 132077.2213511119
117289.4899586107 132397.3806577687
123380.9842975638 133197.7789244105
123060.3793323557 133357.8585777388

120655.8420932953 135438.8940710075
120816.1445758993 135118.7347643508
117610.0949238188 132877.6196177537
129953.3860843289 118790.6101248582
129793.0836017248 119110.7694315149
129632.7811191208 119430.9287381716
129632.7811191208 119751.0880448284
129312.1761539127 119911.1676981567
122419.1694019396 126634.5131379478
121777.9594715235 126634.5131379478
121777.9594715235 126954.6724446045
121617.6569889195 126954.6724446045
121457.3545063154 126954.6724446045
121938.2619541275 127114.7520979328
121777.9594715235 127114.7520979328
121617.6569889195 127114.7520979328
121617.6569889195 127274.8317512612
121457.3545063154 127274.8317512612
121297.0520237114 127274.8317512612
121617.6569889195 127434.9114045895
121457.3545063154 127434.9114045895
121297.0520237114 127594.9910579179
120976.4470585034 127755.0707112463
120816.1445758993 128075.2300179030
120655.8420932953 128395.3893245597
117449.7924412148 131116.7434311418
117610.0949238188 131436.9027377985
117449.7924412148 131436.9027377985
117289.4899586107 131436.9027377985
117610.0949238188 131596.9823911269
117610.0949238188 131757.0620444552
117449.7924412148 131757.0620444552
117289.4899586107 131757.0620444552
117610.0949238188 131917.1416977836
117449.7924412148 131917.1416977836
117610.0949238188 132077.2213511119
117449.7924412148 132077.2213511119
117289.4899586107 132077.2213511119
117289.4899586107 132397.3806577687
123380.9842975638 133197.7789244105

120655.8420932953 135438.8940710075
120816.1445758993 135118.7347643508
121136.7495411074 134958.6551110224
123380.9842975638 133197.7789244105
117289.4899586107 132397.3806577687
117289.4899586107 132077.2213511119
117449.7924412148 132077.2213511119
117610.0949238188 132077.2213511119
117449.7924412148 131917.1416977836
117610.0949238188 131917.1416977836
117289.4899586107 131757.0620444552
117449.7924412148 131757.0620444552
117610.0949238188 131757.0620444552
117610.0949238188 131596.9823911269
117289.4899586107 131436.9027377985
117449.7924412148 131436.9027377985
117610.0949238188 131436.9027377985
117449.7924412148 131116.7434311418
120655.8420932953 128395.3893245597
120816.1445758993 128075.2300179030
120976.4470585034 127755.0707112463
121297.0520237114 127594.9910579179
121457.3545063154 127434.9114045895
121617.6569889195 127434.9114045895
121297.0520237114 127274.8317512612
121457.3545063154 127274.8317512612
121617.6569889195 127274.8317512612
121617.6569889195 127114.7520979328
121777.9594715235 127114.7520979328
121938.2619541275 127114.7520979328
121457.3545063154 126954.6724446045
121617.6569889195 126954.6724446045
121777.9594715235 126954.6724446045
121777.9594715235 126634.5131379478
122419.1694019396 126634.5131379478
129312.1761539127 119911.1676981567
129632.7811191208 119751.0880448284
129632.7811191208 119430.9287381716
129793.0836017248 119110.7694315149
129953.3860843289 118790.6101248582

120655.8420932953 135438.8940710075
120816.1445758993 135118.7347643508
123380.9842975638 133197.7789244105
117610.0949238188 132877.6196177537
117289.4899586107 132397.3806577687
117289.4899586107 132077.2213511119
117449.7924412148 132077.2213511119
117610.0949238188 132077.2213511119
129953.3860843289 118790.6101248582
129793.0836017248 119110.7694315149
129632.7811191208 119430.9287381716
129632.7811191208 119751.0880448284
129312.1761539127 119911.1676981567
122419.1694019396 126634.5131379478
121777.9594715235 126634.5131379478
121777.9594715235 126954.6724446045
121617.6569889195 126954.6724446045
121457.3545063154 126954.6724446045
121938.2619541275 127114.7520979328
121777.9594715235 127114.7520979328
121617.6569889195 127114.7520979328
121617.6569889195 127274.8317512612
121457.3545063154 127274.8317512612
121297.0520237114 127274.8317512612
121617.6569889195 127434.9114045895
121457.3545063154 127434.9114045895
121297.0520237114 127594.9910579179
120976.4470585034 127755.0707112463
120816.1445758993 128075.2300179030
120655.8420932953 128395.3893245597
117449.7924412148 131116.7434311418
117610.0949238188 131436.9027377985
117449.7924412148 131436.9027377985
117289.4899586107 131436.9027377985
117610.0949238188 131596.9823911269
117449.7924412148 131596.9823911269
117610.0949238188 131757.0620444552
117449.7924412148 131757.0620444552
117289.4899586107 131757.0620444552
117610.0949238188 131917.1416977836

120655.8420932953 135438.8940710075
120816.1445758993 135118.7347643508
121136.7495411074 134958.6551110224
117289.4899586107 132397.3806577687
117289.4899586107 132077.2213511119
117449.7924412148 132077.2213511119
117610.0949238188 132077.2213511119
117449.7924412148 131917.1416977836
117610.0949238188 131917.1416977836
117289.4899586107 131757.0620444552
117449.7924412148 131757.0620444552
117610.0949238188 131757.0620444552
117449.7924412148 131596.9823911269
117610.0949238188 131596.9823911269
117289.4899586107 131436.9027377985
117449.7924412148 131436.9027377985
117610.0949238188 131436.9027377985
117449.7924412148 131116.7434311418
120655.8420932953 128395.3893245597
120816.1445758993 128075.2300179030
120976.4470585034 127755.0707112463
121297.0520237114 127594.9910579179
121457.3545063154 127434.9114045895
121617.6569889195 127434.9114045895
121297.0520237114 127274.8317512612
121457.3545063154 127274.8317512612
121617.6569889195 127274.8317512612
121617.6569889195 127114.7520979328
121777.9594715235 127114.7520979328
121938.2619541275 127114.7520979328
121457.3545063154 126954.6724446045
121617.6569889195 126954.6724446045
121777.9594715235 126954.6724446045
121777.9594715235 126634.5131379478
122419.1694019396 126634.5131379478
129312.1761539127 119911.1676981567
129632.7811191208 119751.0880448284
129632.7811191208 119430.9287381716
129793.0836017248 119110.7694315149
129953.3860843289 118790.6101248582

120655.8420932953 135438.8940710075
120816.1445758993 135118.7347643508
121457.3545063154 127114.7520979328
117289.4899586107 132397.3806577687
117289.4899586107 132077.2213511119
117449.7924412148 132077.2213511119
117610.0949238188 132077.2213511119
117449.7924412148 131917.1416977836
117610.0949238188 131917.1416977836
117289.4899586107 131757.0620444552
117449.7924412148 131757.0620444552
117610.0949238188 131757.0620444552
117449.7924412148 131596.9823911269
117610.0949238188 131596.9823911269
117770.3974064228 131596.9823911269
117289.4899586107 131436.9027377985
117449.7924412148 131436.9027377985
117610.0949238188 131436.9027377985
117449.7924412148 131116.7434311418
120816.1445758993 128075.2300179030
120976.4470585034 127755.0707112463
121297.0520237114 127594.9910579179
121457.3545063154 127434.9114045895
121617.6569889195 127434.9114045895
121297.0520237114 127274.8317512612
121457.3545063154 127274.8317512612
121617.6569889195 127274.8317512612
121777.9594715235 127274.8317512612
121617.6569889195 127114.7520979328
121777.9594715235 127114.7520979328
121938.2619541275 127114.7520979328
121457.3545063154 126954.6724446045
121617.6569889195 126954.6724446045
121777.9594715235 126954.6724446045
121938.2619541275 126954.6724446045
121777.9594715235 126794.5927912761
121938.2619541275 126794.5927912761
121777.9594715235 126634.5131379478
129793.0836017248 119110.7694315149
129632.7811191208 119430.9287381716

120655.8420932953 135438.8940710075
120816.1445758993 135118.7347643508
117610.0949238188 132877.6196177537
129953.3860843289 118790.6101248582
129793.0836017248 119110.7694315149
129632.7811191208 119430.9287381716
129632.7811191208 119751.0880448284
129312.1761539127 119911.1676981567
122419.1694019396 126634.5131379478
121777.9594715235 126634.5131379478
121777.9594715235 126954.6724446045
121617.6569889195 126954.6724446045
121457.3545063154 126954.6724446045
121938.2619541275 127114.7520979328
121777.9594715235 127114.7520979328
121617.6569889195 127114.7520979328
121617.6569889195 127274.8317512612
121457.3545063154 127274.8317512612
121297.0520237114 127274.8317512612
121617.6569889195 127434.9114045895
121457.3545063154 127434.9114045895
121297.0520237114 127594.9910579179
120976.4470585034 127755.0707112463
120816.1445758993 128075.2300179030
120655.8420932953 128395.3893245597
117449.7924412148 131116.7434311418
117610.0949238188 131436.9027377985
117449.7924412148 131436.9027377985
117289.4899586107 131436.9027377985
117610.0949238188 131596.9823911269
117449.7924412148 131596.9823911269
117610.0949238188 131757.0620444552
117449.7924412148 131757.0620444552
117289.4899586107 131757.0620444552
117610.0949238188 131917.1416977836
117449.7924412148 131917.1416977836
117610.0949238188 132077.2213511119
117449.7924412148 132077.2213511119
117289.4899586107 132077.2213511119
117289.4899586107 132397.3806577687

120655.8420932953 135438.8940710075
120816.1445758993 135118.7347643508
117610.0949238188 132877.6196177537
117289.4899586107 132397.3806577687
117289.4899586107 132077.2213511119
117449.7924412148 132077.2213511119
117610.0949238188 132077.2213511119
117449.7924412148 131917.1416977836
117610.0949238188 131917.1416977836
117289.4899586107 131757.0620444552
117449.7924412148 131757.0620444552
117610.0949238188 131757.0620444552
117449.7924412148 131596.9823911269
117610.0949238188 131596.9823911269
117289.4899586107 131436.9027377985
117449.7924412148 131436.9027377985
117610.0949238188 131436.9027377985
117449.7924412148 131116.7434311418
120655.8420932953 128395.3893245597
120816.1445758993 128075.2300179030
121136.7495411074 127915.1503645746
121136.7495411074 127594.9910579179
121297.0520237114 127594.9910579179
121617.6569889195 127434.9114045895
121297.0520237114 127274.8317512612
121457.3545063154 127274.8317512612
121617.6569889195 127274.8317512612
121777.9594715235 127274.8317512612
121617.6569889195 127114.7520979328
121777.9594715235 127114.7520979328
121938.2619541275 127114.7520979328
121457.3545063154 126954.6724446045
121617.6569889195 126954.6724446045
121777.9594715235 126954.6724446045
121777.9594715235 126634.5131379478
122419.1694019396 126634.5131379478
129632.7811191208 119751.0880448284
129632.7811191208 119430.9287381716
129793.0836017248 119110.7694315149
129953.3860843289 118790.6101248582

120655.8420932953 135438.8940710075
120816.1445758993 135118.7347643508
121136.7495411074 134958.6551110224
117129.1874760067 133838.0975377239
123060.3793323557 133357.8585777388
123380.9842975638 133197.7789244105
117449.7924412148 133037.6992710821
123701.5892627718 132717.5399644254
116968.8849934027 132397.3806577687
117610.0949238188 132397.3806577687
117770.3974064228 132077.2213511119
117449.7924412148 131757.0620444552
132678.5282885973 131757.0620444552
117610.0949238188 131596.9823911269
129953.3860843289 118790.6101248582
129793.0836017248 119110.7694315149
129632.7811191208 119430.9287381716
129632.7811191208 119751.0880448284
129312.1761539127 119911.1676981567
129312.1761539127 120391.4066581418
128991.5711887047 120711.5659647985
128190.0587756846 120871.6456181269
126587.0339496443 125834.1148713060
126426.7314670403 126154.2741779627
122419.1694019396 126634.5131379478
121777.9594715235 126634.5131379478
121457.3545063154 126794.5927912761
121777.9594715235 126954.6724446045
122098.5644367315 127114.7520979328
121457.3545063154 127114.7520979328
121457.3545063154 127434.9114045895
121457.3545063154 127755.0707112463
120816.1445758993 127755.0707112463
120816.1445758993 128075.2300179030
120816.1445758993 128395.3893245597
133319.7382190134 130956.6637778134
117770.3974064228 130956.6637778134
117449.7924412148 131116.7434311418
117449.7924412148 131436.9027377985
117289.4899586107 131757.0620444552

120655.8420932953 135438.8940710075
120816.1445758993 135118.7347643508
117610.0949238188 132877.6196177537
117289.4899586107 132397.3806577687
117289.4899586107 132077.2213511119
117449.7924412148 132077.2213511119
117610.0949238188 132077.2213511119
117449.7924412148 131917.1416977836
117610.0949238188 131917.1416977836
117289.4899586107 131757.0620444552
117449.7924412148 131757.0620444552
117610.0949238188 131757.0620444552
117449.7924412148 131596.9823911269
117610.0949238188 131596.9823911269
117289.4899586107 131436.9027377985
117449.7924412148 131436.9027377985
117610.0949238188 131436.9027377985
117449.7924412148 131116.7434311418
120655.8420932953 128395.3893245597
120816.1445758993 128075.2300179030
121136.7495411074 127915.1503645746
129953.3860843289 118790.6101248582
129793.0836017248 119110.7694315149
129632.7811191208 119430.9287381716
129632.7811191208 119751.0880448284
129312.1761539127 119911.1676981567
129312.1761539127 120391.4066581418
122419.1694019396 126634.5131379478
121777.9594715235 126634.5131379478
121777.9594715235 126954.6724446045
121617.6569889195 126954.6724446045
121457.3545063154 126954.6724446045
121938.2619541275 127114.7520979328
121777.9594715235 127114.7520979328
121617.6569889195 127114.7520979328
121617.6569889195 127274.8317512612
121457.3545063154 127274.8317512612
121297.0520237114 127274.8317512612
121297.0520237114 127594.9910579179
121136.7495411074 127594.9910579179

120655.8420932953 135438.8940710075
120816.1445758993 135118.7347643508
121136.7495411074 134958.6551110224
129953.3860843289 118790.6101248582
129793.0836017248 119110.7694315149
129632.7811191208 119430.9287381716
129632.7811191208 119751.0880448284
129312.1761539127 119911.1676981567
129312.1761539127 120391.4066581418
128991.5711887047 120711.5659647985
128190.0587756846 120871.6456181269
126587.0339496443 125834.1148713060
126426.7314670403 126154.2741779627
122419.1694019396 126634.5131379478
121777.9594715235 126634.5131379478
121457.3545063154 126794.5927912761
121777.9594715235 126954.6724446045
122098.5644367315 127114.7520979328
121457.3545063154 127114.7520979328
121457.3545063154 127434.9114045895
121457.3545063154 127755.0707112463
120816.1445758993 127755.0707112463
120816.1445758993 128075.2300179030
120816.1445758993 128395.3893245597
133319.7382190134 130956.6637778134
117770.3974064228 130956.6637778134
117449.7924412148 131116.7434311418
117449.7924412148 131436.9027377985
117610.0949238188 131596.9823911269
117449.7924412148 131757.0620444552
117289.4899586107 131757.0620444552
117289.4899586107 133357.8585777388
117610.0949238188 132077.2213511119
117449.7924412148 132077.2213511119
117289.4899586107 132077.2213511119
117129.1874760067 132397.3806577687
117449.7924412148 132877.6196177537
123380.9842975638 133197.7789244105
123060.3793323557 133357.8585777388
117129.1874760067 133838.0975377239

120655.8420932953 135438.8940710075
120816.1445758993 135118.7347643508
121136.7495411074 134958.6551110224
117129.1874760067 133838.0975377239
123060.3793323557 133357.8585777388
123380.9842975638 133197.7789244105
117449.7924412148 132877.6196177537
117129.1874760067 132397.3806577687
117289.4899586107 132077.2213511119
117449.7924412148 132077.2213511119
117610.0949238188 132077.2213511119
117610.0949238188 131917.1416977836
117289.4899586107 131757.0620444552
117449.7924412148 131757.0620444552
117610.0949238188 131596.9823911269
117449.7924412148 131436.9027377985
117449.7924412148 131116.7434311418
117770.3974064228 130956.6637778134
133319.7382190134 130956.6637778134
120816.1445758993 128395.3893245597
120816.1445758993 128075.2300179030
120816.1445758993 127755.0707112463
121457.3545063154 127755.0707112463
121457.3545063154 127434.9114045895
121457.3545063154 127114.7520979328
121938.2619541275 127114.7520979328
122098.5644367315 127114.7520979328
121617.6569889195 126954.6724446045
121777.9594715235 126954.6724446045
121457.3545063154 126794.5927912761
121777.9594715235 126634.5131379478
122419.1694019396 126634.5131379478
129953.3860843289 118790.6101248582
129793.0836017248 119110.7694315149
129632.7811191208 119430.9287381716
129632.7811191208 119751.0880448284
129312.1761539127 119911.1676981567
129312.1761539127 120391.4066581418
121777.9594715235 127114.7520979328
121777.9594715235 127274.8317512612

120655.8420932953 135438.8940710075
120816.1445758993 135118.7347643508
123380.9842975638 133197.7789244105
117610.0949238188 132877.6196177537
129953.3860843289 118790.6101248582
129793.0836017248 119110.7694315149
129632.7811191208 119430.9287381716
129632.7811191208 119751.0880448284
129312.1761539127 119911.1676981567
129312.1761539127 120391.4066581418
128991.5711887047 120711.5659647985
126426.7314670403 126154.2741779627
122419.1694019396 126634.5131379478
121777.9594715235 126634.5131379478
121457.3545063154 126794.5927912761
121777.9594715235 126954.6724446045
121617.6569889195 126954.6724446045
122098.5644367315 127114.7520979328
121938.2619541275 127114.7520979328
121457.3545063154 127114.7520979328
121457.3545063154 127434.9114045895
121457.3545063154 127755.0707112463
120816.1445758993 127755.0707112463
120816.1445758993 128075.2300179030
120816.1445758993 128395.3893245597
133319.7382190134 130956.6637778134
117770.3974064228 130956.6637778134
117449.7924412148 131116.7434311418
117449.7924412148 131436.9027377985
117770.3974064228 131596.9823911269
117610.0949238188 131596.9823911269
117449.7924412148 131757.0620444552
117289.4899586107 131757.0620444552
117610.0949238188 131917.1416977836
117449.7924412148 131917.1416977836
117610.0949238188 132077.2213511119
117449.7924412148 132077.2213511119
117289.4899586107 132077.2213511119
117289.4899586107 132397.3806577687
123060.3793323557 133357.8585777388

120655.8420932953 135438.8940710075
120816.1445758993 135118.7347643508
117610.0949238188 132877.6196177537
117289.4899586107 132397.3806577687
117289.4899586107 132077.2213511119
117449.7924412148 132077.2213511119
117610.0949238188 132077.2213511119
117449.7924412148 131917.1416977836
117610.0949238188 131917.1416977836
117289.4899586107 131757.0620444552
117449.7924412148 131757.0620444552
117610.0949238188 131757.0620444552
117449.7924412148 131596.9823911269
117610.0949238188 131596.9823911269
117770.3974064228 131596.9823911269
129793.0836017248 119110.7694315149
129632.7811191208 119430.9287381716
121777.9594715235 126634.5131379478
121777.9594715235 126794.5927912761
121938.2619541275 126954.6724446045
121777.9594715235 126954.6724446045
121617.6569889195 126954.6724446045
121457.3545063154 126954.6724446045
121938.2619541275 127114.7520979328
121777.9594715235 127114.7520979328
121617.6569889195 127114.7520979328
121777.9594715235 127274.8317512612
121617.6569889195 127274.8317512612
121457.3545063154 127274.8317512612
121297.0520237114 127274.8317512612
121617.6569889195 127434.9114045895
121457.3545063154 127434.9114045895
121297.0520237114 127594.9910579179
121136.7495411074 127594.9910579179
121136.7495411074 127915.1503645746
120816.1445758993 128075.2300179030
117449.7924412148 131116.7434311418
117610.0949238188 131436.9027377985
117449.7924412148 131436.9027377985
117289.4899586107 131436.9027377985

120655.8420932953 135438.8940710075
120816.1445758993 135118.7347643508
117289.4899586107 132397.3806577687
117289.4899586107 132077.2213511119
117449.7924412148 132077.2213511119
129793.0836017248 119110.7694315149
129632.7811191208 119430.9287381716
129472.4786365168 119751.0880448284
121777.9594715235 126634.5131379478
121777.9594715235 126794.5927912761
121938.2619541275 126954.6724446045
121777.9594715235 126954.6724446045
121617.6569889195 126954.6724446045
121457.3545063154 126954.6724446045
121938.2619541275 127114.7520979328
121777.9594715235 127114.7520979328
121617.6569889195 127114.7520979328
121777.9594715235 127274.8317512612
121617.6569889195 127274.8317512612
121457.3545063154 127274.8317512612
121297.0520237114 127274.8317512612
121617.6569889195 127434.9114045895
121457.3545063154 127434.9114045895
121297.0520237114 127594.9910579179
120976.4470585034 127755.0707112463
120816.1445758993 128075.2300179030
120655.8420932953 128395.3893245597
117449.7924412148 131116.7434311418
117610.0949238188 131436.9027377985
117449.7924412148 131436.9027377985
117289.4899586107 131436.9027377985
117770.3974064228 131596.9823911269
117610.0949238188 131596.9823911269
117610.0949238188 131757.0620444552
117449.7924412148 131757.0620444552
117289.4899586107 131757.0620444552
117610.0949238188 131917.1416977836
117449.7924412148 131917.1416977836
117610.0949238188 132077.2213511119
117610.0949238188 132877.6196177537

120655.8420932953 135438.8940710075
120816.1445758993 135118.7347643508
123380.9842975638 133197.7789244105
117610.0949238188 132877.6196177537
129953.3860843289 118790.6101248582
129793.0836017248 119110.7694315149
129632.7811191208 119430.9287381716
129632.7811191208 119751.0880448284
129312.1761539127 119911.1676981567
129312.1761539127 120391.4066581418
128991.5711887047 120711.5659647985
126587.0339496443 125834.1148713060
126426.7314670403 126154.2741779627
122419.1694019396 126634.5131379478
121777.9594715235 126634.5131379478
121457.3545063154 126794.5927912761
121777.9594715235 126954.6724446045
122098.5644367315 127114.7520979328
121457.3545063154 127114.7520979328
122098.5644367315 127274.8317512612
121617.6569889195 127274.8317512612
121136.7495411074 127274.8317512612
121457.3545063154 127434.9114045895
121457.3545063154 127755.0707112463
120816.1445758993 127755.0707112463
120816.1445758993 128075.2300179030
120816.1445758993 128395.3893245597
117449.7924412148 131116.7434311418
117610.0949238188 131436.9027377985
117449.7924412148 131436.9027377985
117610.0949238188 131596.9823911269
117610.0949238188 131757.0620444552
117449.7924412148 131757.0620444552
117289.4899586107 131757.0620444552
117610.0949238188 131917.1416977836
117449.7924412148 131917.1416977836
117610.0949238188 132077.2213511119
117449.7924412148 132077.2213511119
117289.4899586107 132077.2213511119
117289.4899586107 132397.3806577687

120655.8420932953 135438.8940710075
120816.1445758993 135118.7347643508
123380.9842975638 133197.7789244105
117610.0949238188 132877.6196177537
129953.3860843289 118790.6101248582
129793.0836017248 119110.7694315149
129632.7811191208 119430.9287381716
129632.7811191208 119751.0880448284
129312.1761539127 119911.1676981567
129312.1761539127 120391.4066581418
122419.1694019396 126634.5131379478
121777.9594715235 126634.5131379478
121777.9594715235 126954.6724446045
121617.6569889195 126954.6724446045
121938.2619541275 127114.7520979328
121777.9594715235 127114.7520979328
121777.9594715235 127274.8317512612
121617.6569889195 127274.8317512612
121457.3545063154 127274.8317512612
121297.0520237114 127274.8317512612
121617.6569889195 127434.9114045895
121457.3545063154 127434.9114045895
121297.0520237114 127594.9910579179
120976.4470585034 127755.0707112463
120816.1445758993 128075.2300179030
120655.8420932953 128395.3893245597
117449.7924412148 131116.7434311418
117610.0949238188 131436.9027377985
117449.7924412148 131436.9027377985
117289.4899586107 131436.9027377985
117610.0949238188 131596.9823911269
117610.0949238188 131757.0620444552
117449.7924412148 131757.0620444552
117289.4899586107 131757.0620444552
117610.0949238188 131917.1416977836
117449.7924412148 131917.1416977836
117610.0949238188 132077.2213511119
117449.7924412148 132077.2213511119
117289.4899586107 132077.2213511119
117289.4899586107 132397.3806577687

120655.8420932953 135438.8940710075
120816.1445758993 135118.7347643508
117610.0949238188 132877.6196177537
117289.4899586107 132397.3806577687
117289.4899586107 132077.2213511119
117449.7924412148 132077.2213511119
117610.0949238188 132077.2213511119
117449.7924412148 131917.1416977836
117610.0949238188 131917.1416977836
117289.4899586107 131757.0620444552
117449.7924412148 131757.0620444552
117610.0949238188 131757.0620444552
117449.7924412148 131596.9823911269
117610.0949238188 131596.9823911269
117770.3974064228 131596.9823911269
129793.0836017248 119110.7694315149
129632.7811191208 119430.9287381716
129472.4786365168 119751.0880448284
121777.9594715235 126634.5131379478
121777.9594715235 126794.5927912761
121938.2619541275 126954.6724446045
121777.9594715235 126954.6724446045
121617.6569889195 126954.6724446045
121457.3545063154 126954.6724446045
121938.2619541275 127114.7520979328
121777.9594715235 127114.7520979328
121617.6569889195 127114.7520979328
121777.9594715235 127274.8317512612
121617.6569889195 127274.8317512612
121457.3545063154 127274.8317512612
121297.0520237114 127274.8317512612
121617.6569889195 127434.9114045895
121457.3545063154 127434.9114045895
121297.0520237114 127594.9910579179
120976.4470585034 127755.0707112463
120816.1445758993 128075.2300179030
120655.8420932953 128395.3893245597
117449.7924412148 131116.7434311418
117610.0949238188 131436.9027377985
117449.7924412148 131436.9027377985

120655.8420932953 135438.8940710075
120816.1445758993 135118.7347643508
117610.0949238188 132877.6196177537
129793.0836017248 119110.7694315149
129632.7811191208 119430.9287381716
129472.4786365168 119751.0880448284
121777.9594715235 126634.5131379478
121938.2619541275 126954.6724446045
121777.9594715235 126954.6724446045
121617.6569889195 126954.6724446045
121457.3545063154 126954.6724446045
121938.2619541275 127114.7520979328
121777.9594715235 127114.7520979328
121617.6569889195 127114.7520979328
121457.3545063154 127114.7520979328
121777.9594715235 127274.8317512612
121617.6569889195 127274.8317512612
121457.3545063154 127274.8317512612
121297.0520237114 127274.8317512612
121617.6569889195 127434.9114045895
121457.3545063154 127434.9114045895
121297.0520237114 127594.9910579179
120976.4470585034 127755.0707112463
120816.1445758993 128075.2300179030
120655.8420932953 128395.3893245597
117449.7924412148 131116.7434311418
117610.0949238188 131436.9027377985
117449.7924412148 131436.9027377985
117289.4899586107 131436.9027377985
117610.0949238188 131596.9823911269
117449.7924412148 131596.9823911269
117610.0949238188 131757.0620444552
117449.7924412148 131757.0620444552
117289.4899586107 131757.0620444552
117610.0949238188 131917.1416977836
117449.7924412148 131917.1416977836
117610.0949238188 132077.2213511119
117449.7924412148 132077.2213511119
117289.4899586107 132077.2213511119
117289.4899586107 132397.3806577687

120655.8420932953 135438.8940710075
120816.1445758993 135118.7347643508
117610.0949238188 132877.6196177537
117289.4899586107 132397.3806577687
129953.3860843289 118790.6101248582
129793.0836017248 119110.7694315149
129632.7811191208 119430.9287381716
129632.7811191208 119751.0880448284
129312.1761539127 119911.1676981567
122419.1694019396 126634.5131379478
121777.9594715235 126634.5131379478
121777.9594715235 126954.6724446045
121617.6569889195 126954.6724446045
121457.3545063154 126954.6724446045
121938.2619541275 127114.7520979328
121777.9594715235 127114.7520979328
121617.6569889195 127114.7520979328
121617.6569889195 127274.8317512612
121457.3545063154 127274.8317512612
121297.0520237114 127274.8317512612
121617.6569889195 127434.9114045895
121297.0520237114 127594.9910579179
121136.7495411074 127594.9910579179
121136.7495411074 127915.1503645746
120816.1445758993 128075.2300179030
120655.8420932953 128395.3893245597
117449.7924412148 131116.7434311418
117610.0949238188 131436.9027377985
117449.7924412148 131436.9027377985
117289.4899586107 131436.9027377985
117610.0949238188 131596.9823911269
117449.7924412148 131596.9823911269
117610.0949238188 131757.0620444552
117449.7924412148 131757.0620444552
117289.4899586107 131757.0620444552
117610.0949238188 131917.1416977836
117449.7924412148 131917.1416977836
117610.0949238188 132077.2213511119
117449.7924412148 132077.2213511119
117289.4899586107 132077.2213511119

120655.8420932953 135438.8940710075
120816.1445758993 135118.7347643508
117610.0949238188 132877.6196177537
129793.0836017248 119110.7694315149
129632.7811191208 119430.9287381716
129472.4786365168 119751.0880448284
121777.9594715235 126634.5131379478
121938.2619541275 126954.6724446045
121777.9594715235 126954.6724446045
121617.6569889195 126954.6724446045
121457.3545063154 126954.6724446045
121938.2619541275 127114.7520979328
121777.9594715235 127114.7520979328
121617.6569889195 127114.7520979328
121457.3545063154 127114.7520979328
121777.9594715235 127274.8317512612
121617.6569889195 127274.8317512612
121457.3545063154 127274.8317512612
121297.0520237114 127274.8317512612
121617.6569889195 127434.9114045895
121457.3545063154 127434.9114045895
121297.0520237114 127594.9910579179
120976.4470585034 127755.0707112463
120816.1445758993 128075.2300179030
117449.7924412148 131116.7434311418
117610.0949238188 131436.9027377985
117449.7924412148 131436.9027377985
117289.4899586107 131436.9027377985
117770.3974064228 131596.9823911269
117610.0949238188 131596.9823911269
117449.7924412148 131596.9823911269
117610.0949238188 131757.0620444552
117449.7924412148 131757.0620444552
117289.4899586107 131757.0620444552
117610.0949238188 131917.1416977836
117449.7924412148 131917.1416977836
117610.0949238188 132077.2213511119
117449.7924412148 132077.2213511119
117289.4899586107 132077.2213511119
117289.4899586107 132397.3806577687

120655.8420932953 135438.8940710075
120816.1445758993 135118.7347643508
129793.0836017248 119110.7694315149
129632.7811191208 119430.9287381716
121777.9594715235 126634.5131379478
121938.2619541275 126794.5927912761
121777.9594715235 126794.5927912761
121938.2619541275 126954.6724446045
121777.9594715235 126954.6724446045
121617.6569889195 126954.6724446045
121457.3545063154 126954.6724446045
121938.2619541275 127114.7520979328
121777.9594715235 127114.7520979328
121617.6569889195 127114.7520979328
121777.9594715235 127274.8317512612
121617.6569889195 127274.8317512612
121457.3545063154 127274.8317512612
121297.0520237114 127274.8317512612
121617.6569889195 127434.9114045895
121457.3545063154 127434.9114045895
121297.0520237114 127594.9910579179
120976.4470585034 127755.0707112463
120816.1445758993 128075.2300179030
117449.7924412148 131116.7434311418
117610.0949238188 131436.9027377985
117449.7924412148 131436.9027377985
117289.4899586107 131436.9027377985
117770.3974064228 131596.9823911269
117610.0949238188 131596.9823911269
117449.7924412148 131596.9823911269
117610.0949238188 131757.0620444552
117449.7924412148 131757.0620444552
117289.4899586107 131757.0620444552
117610.0949238188 131917.1416977836
117449.7924412148 131917.1416977836
117610.0949238188 132077.2213511119
117449.7924412148 132077.2213511119
117289.4899586107 132077.2213511119
117289.4899586107 132397.3806577687
117610.0949238188 132877.6196177537

120655.8420932953 135438.8940710075
120816.1445758993 135118.7347643508
117610.0949238188 132877.6196177537
117289.4899586107 132397.3806577687
117289.4899586107 132077.2213511119
117449.7924412148 132077.2213511119
117610.0949238188 132077.2213511119
117449.7924412148 131917.1416977836
117610.0949238188 131917.1416977836
117289.4899586107 131757.0620444552
117449.7924412148 131757.0620444552
117610.0949238188 131757.0620444552
117449.7924412148 131596.9823911269
117610.0949238188 131596.9823911269
117289.4899586107 131436.9027377985
117449.7924412148 131436.9027377985
117610.0949238188 131436.9027377985
117449.7924412148 131116.7434311418
120655.8420932953 128395.3893245597
120816.1445758993 128075.2300179030
120976.4470585034 127755.0707112463
121297.0520237114 127594.9910579179
121457.3545063154 127434.9114045895
121617.6569889195 127434.9114045895
121297.0520237114 127274.8317512612
121457.3545063154 127274.8317512612
121617.6569889195 127274.8317512612
121777.9594715235 127274.8317512612
121617.6569889195 127114.7520979328
121777.9594715235 127114.7520979328
121938.2619541275 127114.7520979328
121457.3545063154 126954.6724446045
121617.6569889195 126954.6724446045
121777.9594715235 126954.6724446045
121938.2619541275 126954.6724446045
121777.9594715235 126794.5927912761
121777.9594715235 126634.5131379478
129472.4786365168 119751.0880448284
129632.7811191208 119430.9287381716
129793.0836017248 119110.7694315149

120655.8420932953 135438.8940710075
120816.1445758993 135118.7347643508
121136.7495411074 134958.6551110224
117289.4899586107 132397.3806577687
129793.0836017248 119110.7694315149
129632.7811191208 119430.9287381716
129472.4786365168 119751.0880448284
121777.9594715235 126634.5131379478
121938.2619541275 126954.6724446045
121777.9594715235 126954.6724446045
121617.6569889195 126954.6724446045
121457.3545063154 126954.6724446045
121938.2619541275 127114.7520979328
121777.9594715235 127114.7520979328
121617.6569889195 127114.7520979328
121457.3545063154 127114.7520979328
121777.9594715235 127274.8317512612
121617.6569889195 127274.8317512612
121457.3545063154 127274.8317512612
121297.0520237114 127274.8317512612
121617.6569889195 127434.9114045895
121457.3545063154 127434.9114045895
121297.0520237114 127594.9910579179
120976.4470585034 127755.0707112463
120816.1445758993 128075.2300179030
120655.8420932953 128395.3893245597
117449.7924412148 131116.7434311418
117610.0949238188 131436.9027377985
117449.7924412148 131436.9027377985
117289.4899586107 131436.9027377985
117610.0949238188 131596.9823911269
117449.7924412148 131596.9823911269
117610.0949238188 131757.0620444552
117449.7924412148 131757.0620444552
117289.4899586107 131757.0620444552
117610.0949238188 131917.1416977836
117449.7924412148 131917.1416977836
117610.0949238188 132077.2213511119
117449.7924412148 132077.2213511119
117289.4899586107 132077.2213511119

120655.8420932953 135438.8940710075
120816.1445758993 135118.7347643508
121136.7495411074 134958.6551110224
123060.3793323557 133357.8585777388
123380.9842975638 133197.7789244105
117289.4899586107 132397.3806577687
129953.3860843289 118790.6101248582
129793.0836017248 119110.7694315149
129632.7811191208 119430.9287381716
129632.7811191208 119751.0880448284
129312.1761539127 119911.1676981567
129312.1761539127 120391.4066581418
128991.5711887047 120711.5659647985
126426.7314670403 126154.2741779627
122419.1694019396 126634.5131379478
121777.9594715235 126634.5131379478
121457.3545063154 126794.5927912761
121777.9594715235 126954.6724446045
121617.6569889195 126954.6724446045
122098.5644367315 127114.7520979328
121938.2619541275 127114.7520979328
121457.3545063154 127114.7520979328
121457.3545063154 127434.9114045895
121457.3545063154 127755.0707112463
120816.1445758993 127755.0707112463
120816.1445758993 128075.2300179030
120816.1445758993 128395.3893245597
133319.7382190134 130956.6637778134
117770.3974064228 130956.6637778134
117449.7924412148 131116.7434311418
117449.7924412148 131436.9027377985
117770.3974064228 131596.9823911269
121136.7495411074 134638.4958043657
117449.7924412148 131757.0620444552
117289.4899586107 131757.0620444552
117610.0949238188 131917.1416977836
117449.7924412148 131917.1416977836
117610.0949238188 132077.2213511119
117449.7924412148 132077.2213511119
117289.4899586107 132077.2213511119

120655.8420932953 135438.8940710075
120816.1445758993 135118.7347643508
117610.0949238188 132877.6196177537
117289.4899586107 132397.3806577687
117289.4899586107 132077.2213511119
117449.7924412148 132077.2213511119
117610.0949238188 132077.2213511119
129793.0836017248 119110.7694315149
129632.7811191208 119430.9287381716
129472.4786365168 119751.0880448284
121777.9594715235 126634.5131379478
121777.9594715235 126794.5927912761
121938.2619541275 126954.6724446045
121777.9594715235 126954.6724446045
121617.6569889195 126954.6724446045
121457.3545063154 126954.6724446045
121938.2619541275 127114.7520979328
121777.9594715235 127114.7520979328
121617.6569889195 127114.7520979328
121777.9594715235 127274.8317512612
121617.6569889195 127274.8317512612
121457.3545063154 127274.8317512612
121297.0520237114 127274.8317512612
121617.6569889195 127434.9114045895
121457.3545063154 127434.9114045895
121297.0520237114 127594.9910579179
120976.4470585034 127755.0707112463
120816.1445758993 128075.2300179030
120655.8420932953 128395.3893245597
117449.7924412148 131116.7434311418
117610.0949238188 131436.9027377985
117449.7924412148 131436.9027377985
117289.4899586107 131436.9027377985
117610.0949238188 131596.9823911269
117610.0949238188 131757.0620444552
117449.7924412148 131757.0620444552
117289.4899586107 131757.0620444552
117610.0949238188 131917.1416977836
117449.7924412148 131917.1416977836
123380.9842975638 133197.7789244105

120655.8420932953 135438.8940710075
120816.1445758993 135118.7347643508
117610.0949238188 132877.6196177537
129793.0836017248 119110.7694315149
129632.7811191208 119430.9287381716
129472.4786365168 119751.0880448284
121777.9594715235 126634.5131379478
121777.9594715235 126794.5927912761
121938.2619541275 126954.6724446045
121777.9594715235 126954.6724446045
121617.6569889195 126954.6724446045
121457.3545063154 126954.6724446045
121938.2619541275 127114.7520979328
121777.9594715235 127114.7520979328
121617.6569889195 127114.7520979328
121777.9594715235 127274.8317512612
121617.6569889195 127274.8317512612
121457.3545063154 127274.8317512612
121297.0520237114 127274.8317512612
121617.6569889195 127434.9114045895
121297.0520237114 127594.9910579179
121136.7495411074 127594.9910579179
121136.7495411074 127915.1503645746
120816.1445758993 128075.2300179030
120655.8420932953 128395.3893245597
117449.7924412148 131116.7434311418
117610.0949238188 131436.9027377985
117449.7924412148 131436.9027377985
117289.4899586107 131436.9027377985
117610.0949238188 131596.9823911269
117449.7924412148 131596.9823911269
117610.0949238188 131757.0620444552
117449.7924412148 131757.0620444552
117289.4899586107 131757.0620444552
117610.0949238188 131917.1416977836
117449.7924412148 131917.1416977836
117610.0949238188 132077.2213511119
117449.7924412148 132077.2213511119
117289.4899586107 132077.2213511119
117289.4899586107 132397.3806577687

120655.8420932953 135438.8940710075
120816.1445758993 135118.7347643508
121136.7495411074 134958.6551110224
117289.4899586107 132397.3806577687
117289.4899586107 132077.2213511119
117449.7924412148 132077.2213511119
117610.0949238188 132077.2213511119
117449.7924412148 131917.1416977836
117610.0949238188 131917.1416977836
129793.0836017248 119110.7694315149
129632.7811191208 119430.9287381716
121777.9594715235 126634.5131379478
121938.2619541275 126794.5927912761
121938.2619541275 126954.6724446045
121777.9594715235 126954.6724446045
121617.6569889195 126954.6724446045
121457.3545063154 126954.6724446045
121938.2619541275 127114.7520979328
121777.9594715235 127114.7520979328
121617.6569889195 127114.7520979328
121457.3545063154 127114.7520979328
121777.9594715235 127274.8317512612
121617.6569889195 127274.8317512612
121457.3545063154 127274.8317512612
121297.0520237114 127274.8317512612
121617.6569889195 127434.9114045895
121457.3545063154 127434.9114045895
121297.0520237114 127594.9910579179
120976.4470585034 127755.0707112463
120816.1445758993 128075.2300179030
117449.7924412148 131116.7434311418
117610.0949238188 131436.9027377985
117449.7924412148 131436.9027377985
117289.4899586107 131436.9027377985
117770.3974064228 131596.9823911269
117610.0949238188 131596.9823911269
117449.7924412148 131596.9823911269
117610.0949238188 131757.0620444552
117449.7924412148 131757.0620444552
117289.4899586107 131757.0620444552

120655.8420932953 135438.8940710075
120816.1445758993 135118.7347643508
121136.7495411074 134958.6551110224
123060.3793323557 133357.8585777388
123380.9842975638 133197.7789244105
117289.4899586107 132397.3806577687
117289.4899586107 132077.2213511119
117449.7924412148 132077.2213511119
117610.0949238188 132077.2213511119
117449.7924412148 131917.1416977836
117610.0949238188 131917.1416977836
117289.4899586107 131757.0620444552
117449.7924412148 131757.0620444552
117610.0949238188 131596.9823911269
117770.3974064228 131596.9823911269
117449.7924412148 131436.9027377985
117449.7924412148 131116.7434311418
117770.3974064228 130956.6637778134
133319.7382190134 130956.6637778134
120816.1445758993 128395.3893245597
120816.1445758993 128075.2300179030
120816.1445758993 127755.0707112463
121457.3545063154 127755.0707112463
121457.3545063154 127434.9114045895
121457.3545063154 127114.7520979328
121938.2619541275 127114.7520979328
122098.5644367315 127114.7520979328
121617.6569889195 126954.6724446045
121777.9594715235 126954.6724446045
121457.3545063154 126794.5927912761
121777.9594715235 126634.5131379478
122419.1694019396 126634.5131379478
129953.3860843289 118790.6101248582
129793.0836017248 119110.7694315149
129632.7811191208 119430.9287381716
129632.7811191208 119751.0880448284
129312.1761539127 119911.1676981567
129312.1761539127 120391.4066581418
121777.9594715235 127114.7520979328
121777.9594715235 127274.8317512612

120655.8420932953 135438.8940710075
120816.1445758993 135118.7347643508
129793.0836017248 119110.7694315149
129632.7811191208 119430.9287381716
121777.9594715235 126634.5131379478
121938.2619541275 126794.5927912761
121777.9594715235 126794.5927912761
121938.2619541275 126954.6724446045
121777.9594715235 126954.6724446045
121617.6569889195 126954.6724446045
121457.3545063154 126954.6724446045
121938.2619541275 127114.7520979328
121777.9594715235 127114.7520979328
121617.6569889195 127114.7520979328
121777.9594715235 127274.8317512612
121617.6569889195 127274.8317512612
121457.3545063154 127274.8317512612
121297.0520237114 127274.8317512612
121617.6569889195 127434.9114045895
121457.3545063154 127434.9114045895
121297.0520237114 127594.9910579179
120976.4470585034 127755.0707112463
120816.1445758993 128075.2300179030
117449.7924412148 131116.7434311418
117610.0949238188 131436.9027377985
117449.7924412148 131436.9027377985
117289.4899586107 131436.9027377985
117770.3974064228 131596.9823911269
117610.0949238188 131596.9823911269
117449.7924412148 131596.9823911269
117610.0949238188 131757.0620444552
117449.7924412148 131757.0620444552
117289.4899586107 131757.0620444552
117610.0949238188 131917.1416977836
117449.7924412148 131917.1416977836
117610.0949238188 132077.2213511119
117449.7924412148 132077.2213511119
117289.4899586107 132077.2213511119
117449.7924412148 132237.3010044403
117289.4899586107 132397.3806577687

120655.8420932953 135438.8940710075
120816.1445758993 135118.7347643508
129793.0836017248 119110.7694315149
129632.7811191208 119430.9287381716
121777.9594715235 126634.5131379478
121938.2619541275 126794.5927912761
121777.9594715235 126794.5927912761
121938.2619541275 126954.6724446045
121777.9594715235 126954.6724446045
121617.6569889195 126954.6724446045
121457.3545063154 126954.6724446045
121938.2619541275 127114.7520979328
121777.9594715235 127114.7520979328
121617.6569889195 127114.7520979328
121777.9594715235 127274.8317512612
121617.6569889195 127274.8317512612
121457.3545063154 127274.8317512612
121297.0520237114 127274.8317512612
121617.6569889195 127434.9114045895
121457.3545063154 127434.9114045895
121297.0520237114 127594.9910579179
120976.4470585034 127755.0707112463
120816.1445758993 128075.2300179030
117449.7924412148 131116.7434311418
117610.0949238188 131436.9027377985
117449.7924412148 131436.9027377985
117289.4899586107 131436.9027377985
117770.3974064228 131596.9823911269
117610.0949238188 131596.9823911269
117449.7924412148 131596.9823911269
117770.3974064228 131757.0620444552
117610.0949238188 131757.0620444552
117449.7924412148 131757.0620444552
117289.4899586107 131757.0620444552
117610.0949238188 131917.1416977836
117449.7924412148 131917.1416977836
117610.0949238188 132077.2213511119
117449.7924412148 132077.2213511119
117289.4899586107 132077.2213511119
117289.4899586107 132397.3806577687

120655.8420932953 135438.8940710075
120816.1445758993 135118.7347643508
117289.4899586107 132397.3806577687
117289.4899586107 132077.2213511119
117449.7924412148 132077.2213511119
117610.0949238188 132077.2213511119
117449.7924412148 131917.1416977836
117610.0949238188 131917.1416977836
117289.4899586107 131757.0620444552
117449.7924412148 131757.0620444552
117610.0949238188 131757.0620444552
117770.3974064228 131757.0620444552
117449.7924412148 131596.9823911269
117610.0949238188 131596.9823911269
117770.3974064228 131596.9823911269
117289.4899586107 131436.9027377985
117449.7924412148 131436.9027377985
117610.0949238188 131436.9027377985
117449.7924412148 131116.7434311418
120816.1445758993 128075.2300179030
120976.4470585034 127755.0707112463
121297.0520237114 127594.9910579179
121457.3545063154 127434.9114045895
121617.6569889195 127434.9114045895
121297.0520237114 127274.8317512612
121457.3545063154 127274.8317512612
121617.6569889195 127274.8317512612
121777.9594715235 127274.8317512612
121938.2619541275 127274.8317512612
121617.6569889195 127114.7520979328
121777.9594715235 127114.7520979328
121938.2619541275 127114.7520979328
129793.0836017248 119110.7694315149
129632.7811191208 119430.9287381716
121777.9594715235 126634.5131379478
121938.2619541275 126794.5927912761
121938.2619541275 126954.6724446045
121777.9594715235 126954.6724446045
121617.6569889195 126954.6724446045
121457.3545063154 126954.6724446045

120655.8420932953 135438.8940710075
120816.1445758993 135118.7347643508
129793.0836017248 119110.7694315149
129632.7811191208 119430.9287381716
121777.9594715235 126634.5131379478
121938.2619541275 126794.5927912761
121938.2619541275 126954.6724446045
121777.9594715235 126954.6724446045
121617.6569889195 126954.6724446045
121457.3545063154 126954.6724446045
121938.2619541275 127114.7520979328
121777.9594715235 127114.7520979328
121617.6569889195 127114.7520979328
121457.3545063154 127114.7520979328
121777.9594715235 127274.8317512612
121617.6569889195 127274.8317512612
121457.3545063154 127274.8317512612
121297.0520237114 127274.8317512612
121617.6569889195 127434.9114045895
121457.3545063154 127434.9114045895
121297.0520237114 127594.9910579179
120976.4470585034 127755.0707112463
120816.1445758993 128075.2300179030
117449.7924412148 131116.7434311418
117610.0949238188 131436.9027377985
117449.7924412148 131436.9027377985
117289.4899586107 131436.9027377985
117770.3974064228 131596.9823911269
117610.0949238188 131596.9823911269
117449.7924412148 131596.9823911269
117770.3974064228 131757.0620444552
117610.0949238188 131757.0620444552
117449.7924412148 131757.0620444552
117289.4899586107 131757.0620444552
117610.0949238188 131917.1416977836
117449.7924412148 131917.1416977836
117610.0949238188 132077.2213511119
117449.7924412148 132077.2213511119
117289.4899586107 132077.2213511119
117289.4899586107 132397.3806577687

120655.8420932953 135438.8940710075
120816.1445758993 135118.7347643508
121136.7495411074 134958.6551110224
123060.3793323557 133357.8585777388
123380.9842975638 133197.7789244105
129953.3860843289 118790.6101248582
129793.0836017248 119110.7694315149
129632.7811191208 119430.9287381716
129632.7811191208 119751.0880448284
129312.1761539127 119911.1676981567
129312.1761539127 120391.4066581418
128991.5711887047 120711.5659647985
128190.0587756846 120871.6456181269
126587.0339496443 125834.1148713060
126426.7314670403 126154.2741779627
122098.5644367315 126154.2741779627
122419.1694019396 126634.5131379478
121777.9594715235 126634.5131379478
121457.3545063154 126794.5927912761
121777.9594715235 126954.6724446045
123380.9842975638 132077.2213511119
121457.3545063154 127114.7520979328
121457.3545063154 127434.9114045895
121457.3545063154 127755.0707112463
120816.1445758993 127755.0707112463
120816.1445758993 128075.2300179030
120816.1445758993 128395.3893245597
133319.7382190134 130956.6637778134
117449.7924412148 131116.7434311418
133159.4357364094 131436.9027377985
117449.7924412148 131436.9027377985
117610.0949238188 131596.9823911269
132678.5282885973 131757.0620444552
117449.7924412148 131757.0620444552
117770.3974064228 132077.2213511119
117610.0949238188 132397.3806577687
116968.8849934027 132397.3806577687
123701.5892627718 132717.5399644254
117449.7924412148 133037.6992710821
117129.1874760067 133838.0975377239

120655.8420932953 135438.8940710075
120816.1445758993 135118.7347643508
121136.7495411074 134958.6551110224
123060.3793323557 133357.8585777388
123380.9842975638 133197.7789244105
117289.4899586107 132397.3806577687
129953.3860843289 118790.6101248582
129793.0836017248 119110.7694315149
129632.7811191208 119430.9287381716
129632.7811191208 119751.0880448284
129312.1761539127 119911.1676981567
129312.1761539127 120391.4066581418
128991.5711887047 120711.5659647985
126426.7314670403 126154.2741779627
122419.1694019396 126634.5131379478
121777.9594715235 126634.5131379478
121457.3545063154 126794.5927912761
121777.9594715235 126954.6724446045
121617.6569889195 126954.6724446045
122098.5644367315 127114.7520979328
121938.2619541275 127114.7520979328
121457.3545063154 127114.7520979328
121457.3545063154 127434.9114045895
121457.3545063154 127755.0707112463
120816.1445758993 127755.0707112463
120816.1445758993 128075.2300179030
120816.1445758993 128395.3893245597
133319.7382190134 130956.6637778134
117770.3974064228 130956.6637778134
117449.7924412148 131116.7434311418
117449.7924412148 131436.9027377985
117770.3974064228 131596.9823911269
117610.0949238188 131596.9823911269
117449.7924412148 131757.0620444552
117289.4899586107 131757.0620444552
117610.0949238188 131917.1416977836
117449.7924412148 131917.1416977836
117610.0949238188 132077.2213511119
117449.7924412148 132077.2213511119
117289.4899586107 132077.2213511119

120655.8420932953 135438.8940710075
120816.1445758993 135118.7347643508
121136.7495411074 134958.6551110224
123060.3793323557 133357.8585777388
123380.9842975638 133197.7789244105
129953.3860843289 118790.6101248582
129793.0836017248 119110.7694315149
129632.7811191208 119430.9287381716
129632.7811191208 119751.0880448284
129312.1761539127 119911.1676981567
129312.1761539127 120391.4066581418
128991.5711887047 120711.5659647985
122419.1694019396 126634.5131379478
121777.9594715235 126634.5131379478
121777.9594715235 126954.6724446045
121617.6569889195 126954.6724446045
121457.3545063154 126954.6724446045
123060.3793323557 132717.5399644254
121617.6569889195 127114.7520979328
121617.6569889195 127274.8317512612
121457.3545063154 127274.8317512612
121297.0520237114 127274.8317512612
121297.0520237114 127594.9910579179
121136.7495411074 127594.9910579179
120816.1445758993 127755.0707112463
120816.1445758993 128075.2300179030
120655.8420932953 128395.3893245597
117770.3974064228 130956.6637778134
117449.7924412148 131116.7434311418
117449.7924412148 131436.9027377985
117770.3974064228 131596.9823911269
117610.0949238188 131596.9823911269
117449.7924412148 131757.0620444552
117289.4899586107 131757.0620444552
117610.0949238188 131917.1416977836
117449.7924412148 131917.1416977836
117610.0949238188 132077.2213511119
117449.7924412148 132077.2213511119
117289.4899586107 132077.2213511119
117289.4899586107 132397.3806577687

120655.8420932953 135438.8940710075
120816.1445758993 135118.7347643508
121136.7495411074 134958.6551110224
123060.3793323557 133357.8585777388
123380.9842975638 133197.7789244105
117289.4899586107 132397.3806577687
117289.4899586107 132077.2213511119
117449.7924412148 132077.2213511119
117610.0949238188 132077.2213511119
117449.7924412148 131917.1416977836
117610.0949238188 131917.1416977836
117289.4899586107 131757.0620444552
117449.7924412148 131757.0620444552
117610.0949238188 131596.9823911269
117770.3974064228 131596.9823911269
117449.7924412148 131436.9027377985
117449.7924412148 131116.7434311418
117770.3974064228 130956.6637778134
133319.7382190134 130956.6637778134
120816.1445758993 128395.3893245597
120816.1445758993 128075.2300179030
120816.1445758993 127755.0707112463
121457.3545063154 127755.0707112463
121457.3545063154 127434.9114045895
121457.3545063154 127114.7520979328
121938.2619541275 127114.7520979328
122098.5644367315 127114.7520979328
121617.6569889195 126954.6724446045
121777.9594715235 126954.6724446045
121457.3545063154 126794.5927912761
121777.9594715235 126634.5131379478
122419.1694019396 126634.5131379478
126426.7314670403 126154.2741779627
129953.3860843289 118790.6101248582
129793.0836017248 119110.7694315149
129632.7811191208 119430.9287381716
129632.7811191208 119751.0880448284
129312.1761539127 119911.1676981567
129312.1761539127 120391.4066581418
121777.9594715235 127114.7520979328

120655.8420932953 135438.8940710075
120816.1445758993 135118.7347643508
121136.7495411074 134958.6551110224
117289.4899586107 132397.3806577687
117289.4899586107 132077.2213511119
117449.7924412148 132077.2213511119
117610.0949238188 132077.2213511119
117449.7924412148 131917.1416977836
117610.0949238188 131917.1416977836
117289.4899586107 131757.0620444552
117449.7924412148 131757.0620444552
117610.0949238188 131757.0620444552
117449.7924412148 131596.9823911269
117610.0949238188 131596.9823911269
117289.4899586107 131436.9027377985
117449.7924412148 131436.9027377985
117610.0949238188 131436.9027377985
117449.7924412148 131116.7434311418
120655.8420932953 128395.3893245597
120816.1445758993 128075.2300179030
120976.4470585034 127755.0707112463
121297.0520237114 127594.9910579179
121457.3545063154 127434.9114045895
121617.6569889195 127434.9114045895
121297.0520237114 127274.8317512612
121457.3545063154 127274.8317512612
121617.6569889195 127274.8317512612
121777.9594715235 127274.8317512612
129953.3860843289 118790.6101248582
129793.0836017248 119110.7694315149
129632.7811191208 119430.9287381716
129632.7811191208 119751.0880448284
122419.1694019396 126634.5131379478
121777.9594715235 126634.5131379478
121777.9594715235 126954.6724446045
121617.6569889195 126954.6724446045
121457.3545063154 126954.6724446045
121938.2619541275 127114.7520979328
121777.9594715235 127114.7520979328
121617.6569889195 127114.7520979328

120655.8420932953 135438.8940710075
120816.1445758993 135118.7347643508
117449.7924412148 132557.4603110970
117289.4899586107 132397.3806577687
117289.4899586107 132077.2213511119
117449.7924412148 132077.2213511119
117610.0949238188 132077.2213511119
129793.0836017248 119110.7694315149
129632.7811191208 119430.9287381716
129472.4786365168 119751.0880448284
121777.9594715235 126634.5131379478
121777.9594715235 126794.5927912761
121938.2619541275 126954.6724446045
121777.9594715235 126954.6724446045
121617.6569889195 126954.6724446045
121457.3545063154 126954.6724446045
121938.2619541275 127114.7520979328
121777.9594715235 127114.7520979328
121617.6569889195 127114.7520979328
121777.9594715235 127274.8317512612
121617.6569889195 127274.8317512612
121457.3545063154 127274.8317512612
121297.0520237114 127274.8317512612
121617.6569889195 127434.9114045895
121457.3545063154 127434.9114045895
121297.0520237114 127594.9910579179
120976.4470585034 127755.0707112463
120816.1445758993 128075.2300179030
120655.8420932953 128395.3893245597
117449.7924412148 131116.7434311418
117610.0949238188 131436.9027377985
117449.7924412148 131436.9027377985
117289.4899586107 131436.9027377985
117610.0949238188 131596.9823911269
117449.7924412148 131596.9823911269
117610.0949238188 131757.0620444552
117449.7924412148 131757.0620444552
117289.4899586107 131757.0620444552
117610.0949238188 131917.1416977836
117449.7924412148 131917.1416977836

120655.8420932953 135438.8940710075
129793.0836017248 119110.7694315149
121777.9594715235 126634.5131379478
121938.2619541275 126794.5927912761
121777.9594715235 126794.5927912761
121938.2619541275 126954.6724446045
121777.9594715235 126954.6724446045
121617.6569889195 126954.6724446045
121457.3545063154 126954.6724446045
121938.2619541275 127114.7520979328
121777.9594715235 127114.7520979328
121617.6569889195 127114.7520979328
121938.2619541275 127274.8317512612
121777.9594715235 127274.8317512612
121617.6569889195 127274.8317512612
121457.3545063154 127274.8317512612
121297.0520237114 127274.8317512612
121617.6569889195 127434.9114045895
121457.3545063154 127434.9114045895
121297.0520237114 127594.9910579179
120976.4470585034 127755.0707112463
120816.1445758993 128075.2300179030
117449.7924412148 131116.7434311418
117610.0949238188 131436.9027377985
117449.7924412148 131436.9027377985
117289.4899586107 131436.9027377985
117770.3974064228 131596.9823911269
117610.0949238188 131596.9823911269
117449.7924412148 131596.9823911269
117770.3974064228 131757.0620444552
117610.0949238188 131757.0620444552
117449.7924412148 131757.0620444552
117289.4899586107 131757.0620444552
117610.0949238188 131917.1416977836
117449.7924412148 131917.1416977836
117610.0949238188 132077.2213511119
117449.7924412148 132077.2213511119
117289.4899586107 132077.2213511119
117289.4899586107 132397.3806577687
120816.1445758993 135118.7347643508

120816.1445758993 135118.7347643508
117289.4899586107 132397.3806577687
117449.7924412148 132237.3010044403
117289.4899586107 132077.2213511119
117449.7924412148 132077.2213511119
117610.0949238188 132077.2213511119
121777.9594715235 126634.5131379478
121938.2619541275 126794.5927912761
121777.9594715235 126794.5927912761
121457.3545063154 126794.5927912761
121938.2619541275 126954.6724446045
121777.9594715235 126954.6724446045
121617.6569889195 126954.6724446045
121457.3545063154 126954.6724446045
121938.2619541275 127114.7520979328
121777.9594715235 127114.7520979328
121617.6569889195 127114.7520979328
121457.3545063154 127114.7520979328
121777.9594715235 127274.8317512612
121617.6569889195 127274.8317512612
121457.3545063154 127274.8317512612
121297.0520237114 127274.8317512612
121617.6569889195 127434.9114045895
121457.3545063154 127434.9114045895
121297.0520237114 127594.9910579179
120976.4470585034 127755.0707112463
120816.1445758993 128075.2300179030
117449.7924412148 131116.7434311418
117610.0949238188 131436.9027377985
117449.7924412148 131436.9027377985
117289.4899586107 131436.9027377985
117770.3974064228 131596.9823911269
117610.0949238188 131596.9823911269
117449.7924412148 131596.9823911269
117770.3974064228 131757.0620444552
117610.0949238188 131757.0620444552
117449.7924412148 131757.0620444552
117289.4899586107 131757.0620444552
117610.0949238188 131917.1416977836
117449.7924412148 131917.1416977836

120655.8420932953 135438.8940710075
120655.8420932953 135118.7347643508
121136.7495411074 134958.6551110224
123060.3793323557 133357.8585777388
123380.9842975638 133197.7789244105
117449.7924412148 132877.6196177537
117129.1874760067 132397.3806577687
117289.4899586107 132077.2213511119
117449.7924412148 132077.2213511119
117610.0949238188 132077.2213511119
129953.3860843289 118790.6101248582
129793.0836017248 119110.7694315149
129632.7811191208 119430.9287381716
129632.7811191208 119751.0880448284
129312.1761539127 119911.1676981567
129312.1761539127 120391.4066581418
128991.5711887047 120711.5659647985
122419.1694019396 126634.5131379478
121777.9594715235 126634.5131379478
121777.9594715235 126954.6724446045
121617.6569889195 126954.6724446045
121457.3545063154 126954.6724446045
121777.9594715235 127114.7520979328
121617.6569889195 127114.7520979328
121617.6569889195 127274.8317512612
121457.3545063154 127274.8317512612
121297.0520237114 127274.8317512612
121297.0520237114 127594.9910579179
121136.7495411074 127594.9910579179
120816.1445758993 127755.0707112463
120816.1445758993 128075.2300179030
120655.8420932953 128395.3893245597
117770.3974064228 130956.6637778134
117449.7924412148 131116.7434311418
117449.7924412148 131436.9027377985
117770.3974064228 131596.9823911269
117610.0949238188 131596.9823911269
117449.7924412148 131757.0620444552
117289.4899586107 131757.0620444552
117610.0949238188 131917.1416977836

120655.8420932953 135438.8940710075
120816.1445758993 135118.7347643508
117289.4899586107 132397.3806577687
121777.9594715235 126634.5131379478
121938.2619541275 126794.5927912761
121777.9594715235 126794.5927912761
121457.3545063154 126794.5927912761
121938.2619541275 126954.6724446045
121777.9594715235 126954.6724446045
121617.6569889195 126954.6724446045
121457.3545063154 126954.6724446045
121938.2619541275 127114.7520979328
121777.9594715235 127114.7520979328
121617.6569889195 127114.7520979328
121457.3545063154 127114.7520979328
121777.9594715235 127274.8317512612
121617.6569889195 127274.8317512612
121457.3545063154 127274.8317512612
121297.0520237114 127274.8317512612
121617.6569889195 127434.9114045895
121457.3545063154 127434.9114045895
121297.0520237114 127594.9910579179
120976.4470585034 127755.0707112463
120816.1445758993 128075.2300179030
117610.0949238188 131436.9027377985
117449.7924412148 131436.9027377985
117289.4899586107 131436.9027377985
117770.3974064228 131596.9823911269
117610.0949238188 131596.9823911269
117449.7924412148 131596.9823911269
117770.3974064228 131757.0620444552
117610.0949238188 131757.0620444552
117449.7924412148 131757.0620444552
117289.4899586107 131757.0620444552
117770.3974064228 131917.1416977836
117610.0949238188 131917.1416977836
117449.7924412148 131917.1416977836
117610.0949238188 132077.2213511119
117449.7924412148 132077.2213511119
117289.4899586107 132077.2213511119

120655.8420932953 135438.8940710075
120655.8420932953 135118.7347643508
121136.7495411074 134958.6551110224
123060.3793323557 133357.8585777388
123380.9842975638 133197.7789244105
117449.7924412148 132877.6196177537
117129.1874760067 132397.3806577687
129953.3860843289 118790.6101248582
129793.0836017248 119110.7694315149
129632.7811191208 119430.9287381716
129632.7811191208 119751.0880448284
129312.1761539127 119911.1676981567
129312.1761539127 120391.4066581418
126587.0339496443 125834.1148713060
126426.7314670403 126154.2741779627
122419.1694019396 126634.5131379478
121777.9594715235 126634.5131379478
121457.3545063154 126794.5927912761
121777.9594715235 126954.6724446045
121617.6569889195 126954.6724446045
122098.5644367315 127114.7520979328
121938.2619541275 127114.7520979328
121457.3545063154 127114.7520979328
121457.3545063154 127434.9114045895
121457.3545063154 127755.0707112463
120816.1445758993 127755.0707112463
120816.1445758993 128075.2300179030
120816.1445758993 128395.3893245597
133319.7382190134 130956.6637778134
117449.7924412148 131116.7434311418
132678.5282885973 131436.9027377985
117449.7924412148 131436.9027377985
117610.0949238188 131596.9823911269
117449.7924412148 131757.0620444552
123380.9842975638 132717.5399644254
117610.0949238188 131917.1416977836
117610.0949238188 132077.2213511119
117449.7924412148 132077.2213511119
117289.4899586107 132077.2213511119
117129.1874760067 133838.0975377239

120655.8420932953 135438.8940710075
120816.1445758993 135118.7347643508
121136.7495411074 134958.6551110224
117289.4899586107 132397.3806577687
129793.0836017248 119110.7694315149
129632.7811191208 119430.9287381716
129472.4786365168 119751.0880448284
121777.9594715235 126634.5131379478
121938.2619541275 126954.6724446045
121777.9594715235 126954.6724446045
121617.6569889195 126954.6724446045
121457.3545063154 126954.6724446045
121938.2619541275 127114.7520979328
121777.9594715235 127114.7520979328
121617.6569889195 127114.7520979328
121457.3545063154 127114.7520979328
121777.9594715235 127274.8317512612
121617.6569889195 127274.8317512612
121457.3545063154 127274.8317512612
121297.0520237114 127274.8317512612
121617.6569889195 127434.9114045895
121457.3545063154 127434.9114045895
121297.0520237114 127594.9910579179
120976.4470585034 127755.0707112463
120816.1445758993 128075.2300179030
117449.7924412148 131116.7434311418
117610.0949238188 131436.9027377985
117449.7924412148 131436.9027377985
117289.4899586107 131436.9027377985
117770.3974064228 131596.9823911269
117610.0949238188 131596.9823911269
117449.7924412148 131596.9823911269
117610.0949238188 131757.0620444552
117449.7924412148 131757.0620444552
117289.4899586107 131757.0620444552
117610.0949238188 131917.1416977836
117449.7924412148 131917.1416977836
117610.0949238188 132077.2213511119
117449.7924412148 132077.2213511119
117289.4899586107 132077.2213511119

120816.1445758993 135118.7347643508
121777.9594715235 126634.5131379478
121938.2619541275 126794.5927912761
121777.9594715235 126794.5927912761
121938.2619541275 126954.6724446045
121777.9594715235 126954.6724446045
121617.6569889195 126954.6724446045
121457.3545063154 126954.6724446045
121938.2619541275 127114.7520979328
121777.9594715235 127114.7520979328
121617.6569889195 127114.7520979328
121457.3545063154 127114.7520979328
121777.9594715235 127274.8317512612
121617.6569889195 127274.8317512612
121457.3545063154 127274.8317512612
121297.0520237114 127274.8317512612
121617.6569889195 127434.9114045895
121457.3545063154 127434.9114045895
121297.0520237114 127594.9910579179
121136.7495411074 127594.9910579179
120976.4470585034 127915.1503645746
117449.7924412148 131276.8230844702
117610.0949238188 131436.9027377985
117449.7924412148 131436.9027377985
117770.3974064228 131596.9823911269
117610.0949238188 131596.9823911269
117449.7924412148 131596.9823911269
117289.4899586107 131596.9823911269
117770.3974064228 131757.0620444552
117610.0949238188 131757.0620444552
117449.7924412148 131757.0620444552
117289.4899586107 131757.0620444552
117610.0949238188 131917.1416977836
117449.7924412148 131917.1416977836
117610.0949238188 132077.2213511119
117449.7924412148 132077.2213511119
117289.4899586107 132077.2213511119
117449.7924412148 132237.3010044403
117289.4899586107 132397.3806577687
120655.8420932953 135438.8940710075

120655.8420932953 135438.8940710075
120816.1445758993 135118.7347643508
117289.4899586107 132397.3806577687
117289.4899586107 132077.2213511119
117449.7924412148 132077.2213511119
117610.0949238188 132077.2213511119
117449.7924412148 131917.1416977836
117610.0949238188 131917.1416977836
117289.4899586107 131757.0620444552
117449.7924412148 131757.0620444552
117610.0949238188 131757.0620444552
117770.3974064228 131757.0620444552
117449.7924412148 131596.9823911269
117610.0949238188 131596.9823911269
117770.3974064228 131596.9823911269
117289.4899586107 131436.9027377985
117449.7924412148 131436.9027377985
117610.0949238188 131436.9027377985
117449.7924412148 131116.7434311418
120816.1445758993 128075.2300179030
121136.7495411074 127915.1503645746
121136.7495411074 127594.9910579179
121297.0520237114 127594.9910579179
121457.3545063154 127434.9114045895
121617.6569889195 127434.9114045895
121297.0520237114 127274.8317512612
121457.3545063154 127274.8317512612
121617.6569889195 127274.8317512612
121777.9594715235 127274.8317512612
121617.6569889195 127114.7520979328
121777.9594715235 127114.7520979328
121938.2619541275 127114.7520979328
129793.0836017248 119110.7694315149
129632.7811191208 119430.9287381716
129472.4786365168 119751.0880448284
121777.9594715235 126634.5131379478
121938.2619541275 126954.6724446045
121777.9594715235 126954.6724446045
121617.6569889195 126954.6724446045
121457.3545063154 126954.6724446045

120655.8420932953 135438.8940710075
120816.1445758993 135118.7347643508
129793.0836017248 119110.7694315149
129632.7811191208 119430.9287381716
129472.4786365168 119751.0880448284
121777.9594715235 126634.5131379478
121777.9594715235 126794.5927912761
121938.2619541275 126954.6724446045
121777.9594715235 126954.6724446045
121617.6569889195 126954.6724446045
121457.3545063154 126954.6724446045
121938.2619541275 127114.7520979328
121777.9594715235 127114.7520979328
121617.6569889195 127114.7520979328
121777.9594715235 127274.8317512612
121617.6569889195 127274.8317512612
121457.3545063154 127274.8317512612
121297.0520237114 127274.8317512612
121617.6569889195 127434.9114045895
121457.3545063154 127434.9114045895
121297.0520237114 127594.9910579179
120976.4470585034 127755.0707112463
120816.1445758993 128075.2300179030
120655.8420932953 128395.3893245597
117449.7924412148 131116.7434311418
117610.0949238188 131436.9027377985
117449.7924412148 131436.9027377985
117289.4899586107 131436.9027377985
117770.3974064228 131596.9823911269
117610.0949238188 131596.9823911269
117770.3974064228 131757.0620444552
117610.0949238188 131757.0620444552
117449.7924412148 131757.0620444552
117289.4899586107 131757.0620444552
117610.0949238188 131917.1416977836
117449.7924412148 131917.1416977836
117610.0949238188 132077.2213511119
117449.7924412148 132077.2213511119
117289.4899586107 132077.2213511119
117289.4899586107 132397.3806577687

120655.8420932953 135438.8940710075
120816.1445758993 135118.7347643508
117289.4899586107 132397.3806577687
117449.7924412148 132237.3010044403
121777.9594715235 126634.5131379478
121938.2619541275 126794.5927912761
121777.9594715235 126794.5927912761
121457.3545063154 126794.5927912761
121938.2619541275 126954.6724446045
121777.9594715235 126954.6724446045
121617.6569889195 126954.6724446045
121457.3545063154 126954.6724446045
121938.2619541275 127114.7520979328
121777.9594715235 127114.7520979328
121617.6569889195 127114.7520979328
121457.3545063154 127114.7520979328
121777.9594715235 127274.8317512612
121617.6569889195 127274.8317512612
121457.3545063154 127274.8317512612
121297.0520237114 127274.8317512612
121617.6569889195 127434.9114045895
121457.3545063154 127434.9114045895
121297.0520237114 127594.9910579179
120976.4470585034 127755.0707112463
117449.7924412148 131276.8230844702
117610.0949238188 131436.9027377985
117449.7924412148 131436.9027377985
117770.3974064228 131596.9823911269
117610.0949238188 131596.9823911269
117449.7924412148 131596.9823911269
117289.4899586107 131596.9823911269
117770.3974064228 131757.0620444552
117610.0949238188 131757.0620444552
117449.7924412148 131757.0620444552
117289.4899586107 131757.0620444552
117610.0949238188 131917.1416977836
117449.7924412148 131917.1416977836
117610.0949238188 132077.2213511119
117449.7924412148 132077.2213511119
117289.4899586107 132077.2213511119

120655.8420932953 135438.8940710075
120816.1445758993 135118.7347643508
117289.4899586107 132397.3806577687
117449.7924412148 132237.3010044403
129793.0836017248 119110.7694315149
129632.7811191208 119430.9287381716
129472.4786365168 119751.0880448284
121777.9594715235 126634.5131379478
121777.9594715235 126794.5927912761
121938.2619541275 126954.6724446045
121777.9594715235 126954.6724446045
121617.6569889195 126954.6724446045
121457.3545063154 126954.6724446045
121938.2619541275 127114.7520979328
121777.9594715235 127114.7520979328
121617.6569889195 127114.7520979328
121777.9594715235 127274.8317512612
121617.6569889195 127274.8317512612
121457.3545063154 127274.8317512612
121297.0520237114 127274.8317512612
121617.6569889195 127434.9114045895
121457.3545063154 127434.9114045895
121297.0520237114 127594.9910579179
120976.4470585034 127755.0707112463
120816.1445758993 128075.2300179030
120655.8420932953 128395.3893245597
117449.7924412148 131116.7434311418
117610.0949238188 131436.9027377985
117449.7924412148 131436.9027377985
117289.4899586107 131436.9027377985
117610.0949238188 131596.9823911269
117449.7924412148 131596.9823911269
117610.0949238188 131757.0620444552
117449.7924412148 131757.0620444552
117289.4899586107 131757.0620444552
117610.0949238188 131917.1416977836
117449.7924412148 131917.1416977836
117610.0949238188 132077.2213511119
117449.7924412148 132077.2213511119
117289.4899586107 132077.2213511119

120655.8420932953 135438.8940710075
120816.1445758993 135118.7347643508
129793.0836017248 119110.7694315149
129632.7811191208 119430.9287381716
129472.4786365168 119751.0880448284
121777.9594715235 126634.5131379478
121938.2619541275 126954.6724446045
121777.9594715235 126954.6724446045
121617.6569889195 126954.6724446045
121457.3545063154 126954.6724446045
121938.2619541275 127114.7520979328
121777.9594715235 127114.7520979328
121617.6569889195 127114.7520979328
121457.3545063154 127114.7520979328
121777.9594715235 127274.8317512612
121617.6569889195 127274.8317512612
121457.3545063154 127274.8317512612
121297.0520237114 127274.8317512612
121617.6569889195 127434.9114045895
121457.3545063154 127434.9114045895
121297.0520237114 127594.9910579179
120976.4470585034 127755.0707112463
120816.1445758993 128075.2300179030
117449.7924412148 131116.7434311418
117610.0949238188 131436.9027377985
117449.7924412148 131436.9027377985
117289.4899586107 131436.9027377985
117770.3974064228 131596.9823911269
117610.0949238188 131596.9823911269
117449.7924412148 131596.9823911269
117770.3974064228 131757.0620444552
117610.0949238188 131757.0620444552
117449.7924412148 131757.0620444552
117289.4899586107 131757.0620444552
117610.0949238188 131917.1416977836
117449.7924412148 131917.1416977836
117610.0949238188 132077.2213511119
117449.7924412148 132077.2213511119
117289.4899586107 132077.2213511119
117289.4899586107 132397.3806577687

120816.1445758993 135118.7347643508
117289.4899586107 132397.3806577687
117449.7924412148 132237.3010044403
121777.9594715235 126634.5131379478
121938.2619541275 126794.5927912761
121777.9594715235 126794.5927912761
121457.3545063154 126794.5927912761
121938.2619541275 126954.6724446045
121777.9594715235 126954.6724446045
121617.6569889195 126954.6724446045
121457.3545063154 126954.6724446045
121938.2619541275 127114.7520979328
121777.9594715235 127114.7520979328
121617.6569889195 127114.7520979328
121457.3545063154 127114.7520979328
121777.9594715235 127274.8317512612
121617.6569889195 127274.8317512612
121457.3545063154 127274.8317512612
121297.0520237114 127274.8317512612
121617.6569889195 127434.9114045895
121457.3545063154 127434.9114045895
121297.0520237114 127594.9910579179
120976.4470585034 127755.0707112463
117449.7924412148 131116.7434311418
117610.0949238188 131436.9027377985
117449.7924412148 131436.9027377985
117289.4899586107 131436.9027377985
117770.3974064228 131596.9823911269
117610.0949238188 131596.9823911269
117449.7924412148 131596.9823911269
117770.3974064228 131757.0620444552
117610.0949238188 131757.0620444552
117449.7924412148 131757.0620444552
117289.4899586107 131757.0620444552
117770.3974064228 131917.1416977836
117610.0949238188 131917.1416977836
117449.7924412148 131917.1416977836
117610.0949238188 132077.2213511119
117449.7924412148 132077.2213511119
117289.4899586107 132077.2213511119

120655.8420932953 135438.8940710075
120816.1445758993 135118.7347643508
117289.4899586107 132397.3806577687
117449.7924412148 132237.3010044403
121777.9594715235 126634.5131379478
121938.2619541275 126794.5927912761
121777.9594715235 126794.5927912761
121457.3545063154 126794.5927912761
121938.2619541275 126954.6724446045
121777.9594715235 126954.6724446045
121617.6569889195 126954.6724446045
121457.3545063154 126954.6724446045
121938.2619541275 127114.7520979328
121777.9594715235 127114.7520979328
121617.6569889195 127114.7520979328
121457.3545063154 127114.7520979328
121777.9594715235 127274.8317512612
121617.6569889195 127274.8317512612
121457.3545063154 127274.8317512612
121297.0520237114 127274.8317512612
121617.6569889195 127434.9114045895
121457.3545063154 127434.9114045895
121297.0520237114 127594.9910579179
120976.4470585034 127755.0707112463
120816.1445758993 128075.2300179030
117449.7924412148 131116.7434311418
117610.0949238188 131436.9027377985
117449.7924412148 131436.9027377985
117289.4899586107 131436.9027377985
117770.3974064228 131596.9823911269
117610.0949238188 131596.9823911269
117449.7924412148 131596.9823911269
117610.0949238188 131757.0620444552
117449.7924412148 131757.0620444552
117289.4899586107 131757.0620444552
117610.0949238188 131917.1416977836
117449.7924412148 131917.1416977836
117610.0949238188 132077.2213511119
117449.7924412148 132077.2213511119
117289.4899586107 132077.2213511119

120655.8420932953 135438.8940710075
120816.1445758993 135118.7347643508
121136.7495411074 134958.6551110224
129953.3860843289 118790.6101248582
129793.0836017248 119110.7694315149
129632.7811191208 119430.9287381716
129632.7811191208 119751.0880448284
129312.1761539127 119911.1676981567
129312.1761539127 120391.4066581418
128991.5711887047 120711.5659647985
126587.0339496443 125834.1148713060
126426.7314670403 126154.2741779627
122419.1694019396 126634.5131379478
121777.9594715235 126634.5131379478
121457.3545063154 126794.5927912761
121777.9594715235 126954.6724446045
122098.5644367315 127114.7520979328
121457.3545063154 127114.7520979328
123220.6818149597 133517.9382310671
121617.6569889195 127274.8317512612
121136.7495411074 127274.8317512612
121457.3545063154 127434.9114045895
121457.3545063154 127755.0707112463
120816.1445758993 127755.0707112463
120816.1445758993 128075.2300179030
120816.1445758993 128395.3893245597
117449.7924412148 131116.7434311418
117610.0949238188 131436.9027377985
117449.7924412148 131436.9027377985
117610.0949238188 131596.9823911269
117610.0949238188 131757.0620444552
117449.7924412148 131757.0620444552
117289.4899586107 131757.0620444552
117610.0949238188 131917.1416977836
117449.7924412148 131917.1416977836
117610.0949238188 132077.2213511119
117449.7924412148 132077.2213511119
117289.4899586107 132077.2213511119
117289.4899586107 132397.3806577687
123380.9842975638 133197.7789244105

120655.8420932953 135438.8940710075
120816.1445758993 135118.7347643508
117289.4899586107 132397.3806577687
121938.2619541275 126794.5927912761
121777.9594715235 126794.5927912761
121617.6569889195 126794.5927912761
121938.2619541275 126954.6724446045
121777.9594715235 126954.6724446045
121617.6569889195 126954.6724446045
121457.3545063154 126954.6724446045
121938.2619541275 127114.7520979328
121777.9594715235 127114.7520979328
121617.6569889195 127114.7520979328
121457.3545063154 127114.7520979328
121938.2619541275 127274.8317512612
121777.9594715235 127274.8317512612
121617.6569889195 127274.8317512612
121457.3545063154 127274.8317512612
121297.0520237114 127274.8317512612
121617.6569889195 127434.9114045895
121457.3545063154 127434.9114045895
121297.0520237114 127594.9910579179
120976.4470585034 127755.0707112463
117449.7924412148 131276.8230844702
117610.0949238188 131436.9027377985
117449.7924412148 131436.9027377985
117770.3974064228 131596.9823911269
117610.0949238188 131596.9823911269
117449.7924412148 131596.9823911269
117289.4899586107 131596.9823911269
117770.3974064228 131757.0620444552
117610.0949238188 131757.0620444552
117449.7924412148 131757.0620444552
117289.4899586107 131757.0620444552
117770.3974064228 131917.1416977836
117610.0949238188 131917.1416977836
117449.7924412148 131917.1416977836
117610.0949238188 132077.2213511119
117449.7924412148 132077.2213511119
117289.4899586107 132077.2213511119

120655.8420932953 135438.8940710075
120816.1445758993 135118.7347643508
121938.2619541275 126794.5927912761
121777.9594715235 126794.5927912761
121617.6569889195 126794.5927912761
121938.2619541275 126954.6724446045
121777.9594715235 126954.6724446045
121617.6569889195 126954.6724446045
121457.3545063154 126954.6724446045
121938.2619541275 127114.7520979328
121777.9594715235 127114.7520979328
121617.6569889195 127114.7520979328
121457.3545063154 127114.7520979328
121938.2619541275 127274.8317512612
121777.9594715235 127274.8317512612
121617.6569889195 127274.8317512612
121457.3545063154 127274.8317512612
121297.0520237114 127274.8317512612
121617.6569889195 127434.9114045895
121457.3545063154 127434.9114045895
121297.0520237114 127594.9910579179
120976.4470585034 127755.0707112463
117449.7924412148 131276.8230844702
117610.0949238188 131436.9027377985
117449.7924412148 131436.9027377985
117770.3974064228 131596.9823911269
117610.0949238188 131596.9823911269
117449.7924412148 131596.9823911269
117289.4899586107 131596.9823911269
117770.3974064228 131757.0620444552
117610.0949238188 131757.0620444552
117449.7924412148 131757.0620444552
117289.4899586107 131757.0620444552
117770.3974064228 131917.1416977836
117610.0949238188 131917.1416977836
117449.7924412148 131917.1416977836
117610.0949238188 132077.2213511119
117449.7924412148 132077.2213511119
117289.4899586107 132077.2213511119
117449.7924412148 132237.3010044403

120655.8420932953 135438.8940710075
120816.1445758993 135118.7347643508
121777.9594715235 126634.5131379478
121938.2619541275 126794.5927912761
121777.9594715235 126794.5927912761
121938.2619541275 126954.6724446045
121777.9594715235 126954.6724446045
121617.6569889195 126954.6724446045
121457.3545063154 126954.6724446045
121938.2619541275 127114.7520979328
121777.9594715235 127114.7520979328
121617.6569889195 127114.7520979328
121457.3545063154 127114.7520979328
121777.9594715235 127274.8317512612
121617.6569889195 127274.8317512612
121457.3545063154 127274.8317512612
121297.0520237114 127274.8317512612
121617.6569889195 127434.9114045895
121457.3545063154 127434.9114045895
121297.0520237114 127594.9910579179
121136.7495411074 127594.9910579179
121136.7495411074 127915.1503645746
120816.1445758993 128075.2300179030
117449.7924412148 131116.7434311418
117610.0949238188 131436.9027377985
117449.7924412148 131436.9027377985
117289.4899586107 131436.9027377985
117770.3974064228 131596.9823911269
117610.0949238188 131596.9823911269
117449.7924412148 131596.9823911269
117610.0949238188 131757.0620444552
117449.7924412148 131757.0620444552
117289.4899586107 131757.0620444552
117610.0949238188 131917.1416977836
117449.7924412148 131917.1416977836
117610.0949238188 132077.2213511119
117449.7924412148 132077.2213511119
117289.4899586107 132077.2213511119
117449.7924412148 132237.3010044403
117289.4899586107 132397.3806577687

120816.1445758993 135118.7347643508
117289.4899586107 132397.3806577687
121938.2619541275 126794.5927912761
121777.9594715235 126794.5927912761
121617.6569889195 126794.5927912761
121938.2619541275 126954.6724446045
121777.9594715235 126954.6724446045
121617.6569889195 126954.6724446045
121457.3545063154 126954.6724446045
121938.2619541275 127114.7520979328
121777.9594715235 127114.7520979328
121617.6569889195 127114.7520979328
121457.3545063154 127114.7520979328
121938.2619541275 127274.8317512612
121777.9594715235 127274.8317512612
121617.6569889195 127274.8317512612
121457.3545063154 127274.8317512612
121297.0520237114 127274.8317512612
121617.6569889195 127434.9114045895
121457.3545063154 127434.9114045895
121297.0520237114 127594.9910579179
120976.4470585034 127755.0707112463
117449.7924412148 131276.8230844702
117610.0949238188 131436.9027377985
117449.7924412148 131436.9027377985
117770.3974064228 131596.9823911269
117610.0949238188 131596.9823911269
117449.7924412148 131596.9823911269
117289.4899586107 131596.9823911269
117770.3974064228 131757.0620444552
117610.0949238188 131757.0620444552
117449.7924412148 131757.0620444552
117289.4899586107 131757.0620444552
117770.3974064228 131917.1416977836
117610.0949238188 131917.1416977836
117449.7924412148 131917.1416977836
117610.0949238188 132077.2213511119
117449.7924412148 132077.2213511119
117289.4899586107 132077.2213511119
117449.7924412148 132237.3010044403

120655.8420932953 135438.8940710075
120816.1445758993 135118.7347643508
117289.4899586107 132397.3806577687
117449.7924412148 132237.3010044403
117289.4899586107 132077.2213511119
117449.7924412148 132077.2213511119
117610.0949238188 132077.2213511119
117449.7924412148 131917.1416977836
117610.0949238188 131917.1416977836
121777.9594715235 126634.5131379478
121938.2619541275 126794.5927912761
121777.9594715235 126794.5927912761
121938.2619541275 126954.6724446045
121777.9594715235 126954.6724446045
121617.6569889195 126954.6724446045
121457.3545063154 126954.6724446045
121938.2619541275 127114.7520979328
121777.9594715235 127114.7520979328
121617.6569889195 127114.7520979328
121457.3545063154 127114.7520979328
121777.9594715235 127274.8317512612
121617.6569889195 127274.8317512612
121457.3545063154 127274.8317512612
121297.0520237114 127274.8317512612
121617.6569889195 127434.9114045895
121457.3545063154 127434.9114045895
121297.0520237114 127434.9114045895
121297.0520237114 127594.9910579179
121136.7495411074 127594.9910579179
117449.7924412148 131276.8230844702
117610.0949238188 131436.9027377985
117449.7924412148 131436.9027377985
117770.3974064228 131596.9823911269
117610.0949238188 131596.9823911269
117449.7924412148 131596.9823911269
117289.4899586107 131596.9823911269
117770.3974064228 131757.0620444552
117610.0949238188 131757.0620444552
117449.7924412148 131757.0620444552
117289.4899586107 131757.0620444552

120655.8420932953 135438.8940710075
120816.1445758993 135118.7347643508
121777.9594715235 126634.5131379478
121938.2619541275 126794.5927912761
121777.9594715235 126794.5927912761
121938.2619541275 126954.6724446045
121777.9594715235 126954.6724446045
121617.6569889195 126954.6724446045
121457.3545063154 126954.6724446045
121938.2619541275 127114.7520979328
121777.9594715235 127114.7520979328
121617.6569889195 127114.7520979328
121457.3545063154 127114.7520979328
121938.2619541275 127274.8317512612
121777.9594715235 127274.8317512612
121617.6569889195 127274.8317512612
121457.3545063154 127274.8317512612
121297.0520237114 127274.8317512612
121617.6569889195 127434.9114045895
121457.3545063154 127434.9114045895
121297.0520237114 127594.9910579179
120976.4470585034 127755.0707112463
117449.7924412148 131276.8230844702
117610.0949238188 131436.9027377985
117449.7924412148 131436.9027377985
117770.3974064228 131596.9823911269
117610.0949238188 131596.9823911269
117449.7924412148 131596.9823911269
117289.4899586107 131596.9823911269
117770.3974064228 131757.0620444552
117610.0949238188 131757.0620444552
117449.7924412148 131757.0620444552
117289.4899586107 131757.0620444552
117610.0949238188 131917.1416977836
117449.7924412148 131917.1416977836
117610.0949238188 132077.2213511119
117449.7924412148 132077.2213511119
117289.4899586107 132077.2213511119
117449.7924412148 132237.3010044403
117289.4899586107 132397.3806577687

120816.1445758993 135118.7347643508
121777.9594715235 126634.5131379478
121938.2619541275 126794.5927912761
121777.9594715235 126794.5927912761
121938.2619541275 126954.6724446045
121777.9594715235 126954.6724446045
121617.6569889195 126954.6724446045
121457.3545063154 126954.6724446045
121938.2619541275 127114.7520979328
121777.9594715235 127114.7520979328
121617.6569889195 127114.7520979328
121457.3545063154 127114.7520979328
121938.2619541275 127274.8317512612
121777.9594715235 127274.8317512612
121617.6569889195 127274.8317512612
121457.3545063154 127274.8317512612
121297.0520237114 127274.8317512612
121617.6569889195 127434.9114045895
121457.3545063154 127434.9114045895
121297.0520237114 127594.9910579179
121136.7495411074 127594.9910579179
117449.7924412148 131276.8230844702
117610.0949238188 131436.9027377985
117449.7924412148 131436.9027377985
117770.3974064228 131596.9823911269
117610.0949238188 131596.9823911269
117449.7924412148 131596.9823911269
117289.4899586107 131596.9823911269
117770.3974064228 131757.0620444552
117610.0949238188 131757.0620444552
117449.7924412148 131757.0620444552
117289.4899586107 131757.0620444552
117770.3974064228 131917.1416977836
117610.0949238188 131917.1416977836
117449.7924412148 131917.1416977836
117610.0949238188 132077.2213511119
117449.7924412148 132077.2213511119
117289.4899586107 132077.2213511119
117449.7924412148 132237.3010044403
120655.8420932953 135438.8940710075

120655.8420932953 135438.8940710075
120816.1445758993 135118.7347643508
117449.7924412148 132237.3010044403
117289.4899586107 132077.2213511119
117449.7924412148 132077.2213511119
117610.0949238188 132077.2213511119
117449.7924412148 131917.1416977836
117610.0949238188 131917.1416977836
117770.3974064228 131917.1416977836
117289.4899586107 131757.0620444552
117449.7924412148 131757.0620444552
117610.0949238188 131757.0620444552
117770.3974064228 131757.0620444552
121777.9594715235 126634.5131379478
121938.2619541275 126794.5927912761
121777.9594715235 126794.5927912761
121938.2619541275 126954.6724446045
121777.9594715235 126954.6724446045
121617.6569889195 126954.6724446045
121457.3545063154 126954.6724446045
121938.2619541275 127114.7520979328
121777.9594715235 127114.7520979328
121617.6569889195 127114.7520979328
121457.3545063154 127114.7520979328
121938.2619541275 127274.8317512612
121777.9594715235 127274.8317512612
121617.6569889195 127274.8317512612
121457.3545063154 127274.8317512612
121297.0520237114 127274.8317512612
121617.6569889195 127434.9114045895
121457.3545063154 127434.9114045895
121297.0520237114 127434.9114045895
121297.0520237114 127594.9910579179
121136.7495411074 127594.9910579179
117610.0949238188 131436.9027377985
117449.7924412148 131436.9027377985
117289.4899586107 131436.9027377985
117770.3974064228 131596.9823911269
117610.0949238188 131596.9823911269
117449.7924412148 131596.9823911269

120655.8420932953 135438.8940710075
120655.8420932953 135118.7347643508
121136.7495411074 134958.6551110224
129953.3860843289 118790.6101248582
129793.0836017248 119110.7694315149
129632.7811191208 119430.9287381716
129632.7811191208 119751.0880448284
129312.1761539127 119911.1676981567
129312.1761539127 120391.4066581418
126587.0339496443 125834.1148713060
126426.7314670403 126154.2741779627
122419.1694019396 126634.5131379478
121777.9594715235 126634.5131379478
121457.3545063154 126794.5927912761
121777.9594715235 126954.6724446045
121617.6569889195 126954.6724446045
122098.5644367315 127114.7520979328
121938.2619541275 127114.7520979328
121457.3545063154 127114.7520979328
121457.3545063154 127434.9114045895
121457.3545063154 127755.0707112463
120816.1445758993 127755.0707112463
120816.1445758993 128075.2300179030
120816.1445758993 128395.3893245597
133319.7382190134 130956.6637778134
117449.7924412148 131116.7434311418
132678.5282885973 131436.9027377985
117449.7924412148 131436.9027377985
117610.0949238188 131596.9823911269
117449.7924412148 131757.0620444552
117289.4899586107 131757.0620444552
117610.0949238188 131917.1416977836
117610.0949238188 132077.2213511119
117449.7924412148 132077.2213511119
117289.4899586107 132077.2213511119
117129.1874760067 132397.3806577687
117449.7924412148 132877.6196177537
123380.9842975638 133197.7789244105
123060.3793323557 133357.8585777388
117129.1874760067 133838.0975377239

120655.8420932953 135438.8940710075
120816.1445758993 135118.7347643508
121136.7495411074 134958.6551110224
117289.4899586107 132397.3806577687
129793.0836017248 119110.7694315149
129632.7811191208 119430.9287381716
129472.4786365168 119751.0880448284
122419.1694019396 126634.5131379478
121777.9594715235 126634.5131379478
121938.2619541275 126954.6724446045
121777.9594715235 126954.6724446045
121617.6569889195 126954.6724446045
121457.3545063154 126954.6724446045
121938.2619541275 127114.7520979328
121777.9594715235 127114.7520979328
121617.6569889195 127114.7520979328
121777.9594715235 127274.8317512612
121617.6569889195 127274.8317512612
121457.3545063154 127274.8317512612
121297.0520237114 127274.8317512612
121617.6569889195 127434.9114045895
121457.3545063154 127434.9114045895
121297.0520237114 127594.9910579179
120976.4470585034 127755.0707112463
120816.1445758993 128075.2300179030
120655.8420932953 128395.3893245597
117449.7924412148 131116.7434311418
117610.0949238188 131436.9027377985
117449.7924412148 131436.9027377985
117289.4899586107 131436.9027377985
117610.0949238188 131596.9823911269
117449.7924412148 131596.9823911269
117610.0949238188 131757.0620444552
117449.7924412148 131757.0620444552
117289.4899586107 131757.0620444552
117610.0949238188 131917.1416977836
117449.7924412148 131917.1416977836
117610.0949238188 132077.2213511119
117449.7924412148 132077.2213511119
117289.4899586107 132077.2213511119

120655.8420932953 135438.8940710075
120816.1445758993 135118.7347643508
121136.7495411074 134958.6551110224
129793.0836017248 119110.7694315149
129632.7811191208 119430.9287381716
121777.9594715235 126634.5131379478
121777.9594715235 126794.5927912761
121938.2619541275 126954.6724446045
121777.9594715235 126954.6724446045
121617.6569889195 126954.6724446045
121457.3545063154 126954.6724446045
121938.2619541275 127114.7520979328
121777.9594715235 127114.7520979328
121617.6569889195 127114.7520979328
121457.3545063154 127114.7520979328
121777.9594715235 127274.8317512612
121617.6569889195 127274.8317512612
121457.3545063154 127274.8317512612
121297.0520237114 127274.8317512612
121617.6569889195 127434.9114045895
121457.3545063154 127434.9114045895
121297.0520237114 127594.9910579179
120976.4470585034 127755.0707112463
120816.1445758993 128075.2300179030
117449.7924412148 131116.7434311418
117610.0949238188 131436.9027377985
117449.7924412148 131436.9027377985
117289.4899586107 131436.9027377985
117770.3974064228 131596.9823911269
117610.0949238188 131596.9823911269
117449.7924412148 131596.9823911269
117770.3974064228 131757.0620444552
117610.0949238188 131757.0620444552
117449.7924412148 131757.0620444552
117289.4899586107 131757.0620444552
117610.0949238188 131917.1416977836
117610.0949238188 132077.2213511119
117449.7924412148 132077.2213511119
117289.4899586107 132077.2213511119
117289.4899586107 132397.3806577687

120816.1445758993 135118.7347643508
117289.4899586107 132397.3806577687
117449.7924412148 132237.3010044403
117289.4899586107 132077.2213511119
117449.7924412148 132077.2213511119
117610.0949238188 132077.2213511119
121777.9594715235 126634.5131379478
121938.2619541275 126794.5927912761
121777.9594715235 126794.5927912761
121457.3545063154 126794.5927912761
121938.2619541275 126954.6724446045
121777.9594715235 126954.6724446045
121617.6569889195 126954.6724446045
121457.3545063154 126954.6724446045
121938.2619541275 127114.7520979328
121777.9594715235 127114.7520979328
121617.6569889195 127114.7520979328
121457.3545063154 127114.7520979328
121777.9594715235 127274.8317512612
121617.6569889195 127274.8317512612
121457.3545063154 127274.8317512612
121297.0520237114 127274.8317512612
121617.6569889195 127434.9114045895
121457.3545063154 127434.9114045895
121297.0520237114 127594.9910579179
120976.4470585034 127755.0707112463
117449.7924412148 131276.8230844702
117610.0949238188 131436.9027377985
117449.7924412148 131436.9027377985
117770.3974064228 131596.9823911269
117610.0949238188 131596.9823911269
117449.7924412148 131596.9823911269
117289.4899586107 131596.9823911269
117770.3974064228 131757.0620444552
117610.0949238188 131757.0620444552
117449.7924412148 131757.0620444552
117289.4899586107 131757.0620444552
117770.3974064228 131917.1416977836
117610.0949238188 131917.1416977836
117449.7924412148 131917.1416977836

120655.8420932953 135438.8940710075
120816.1445758993 135118.7347643508
121136.7495411074 134958.6551110224
117289.4899586107 132397.3806577687
117289.4899586107 132077.2213511119
117449.7924412148 132077.2213511119
117610.0949238188 132077.2213511119
117449.7924412148 131917.1416977836
117610.0949238188 131917.1416977836
117289.4899586107 131757.0620444552
117449.7924412148 131757.0620444552
117610.0949238188 131757.0620444552
117449.7924412148 131596.9823911269
117610.0949238188 131596.9823911269
117770.3974064228 131596.9823911269
129793.0836017248 119110.7694315149
129632.7811191208 119430.9287381716
129472.4786365168 119751.0880448284
121777.9594715235 126634.5131379478
121777.9594715235 126794.5927912761
121938.2619541275 126954.6724446045
121777.9594715235 126954.6724446045
121617.6569889195 126954.6724446045
121457.3545063154 126954.6724446045
121938.2619541275 127114.7520979328
121777.9594715235 127114.7520979328
121617.6569889195 127114.7520979328
121777.9594715235 127274.8317512612
121617.6569889195 127274.8317512612
121457.3545063154 127274.8317512612
121297.0520237114 127274.8317512612
121617.6569889195 127434.9114045895
121457.3545063154 127434.9114045895
121297.0520237114 127594.9910579179
120976.4470585034 127755.0707112463
120816.1445758993 128075.2300179030
120655.8420932953 128395.3893245597
117449.7924412148 131116.7434311418
117610.0949238188 131436.9027377985
117449.7924412148 131436.9027377985

120655.8420932953 135438.8940710075
120816.1445758993 135118.7347643508
121777.9594715235 126634.5131379478
121938.2619541275 126794.5927912761
121777.9594715235 126794.5927912761
121938.2619541275 126954.6724446045
121777.9594715235 126954.6724446045
121617.6569889195 126954.6724446045
121457.3545063154 126954.6724446045
121938.2619541275 127114.7520979328
121777.9594715235 127114.7520979328
121617.6569889195 127114.7520979328
121457.3545063154 127114.7520979328
121938.2619541275 127274.8317512612
121777.9594715235 127274.8317512612
121617.6569889195 127274.8317512612
121457.3545063154 127274.8317512612
121297.0520237114 127274.8317512612
121617.6569889195 127434.9114045895
121457.3545063154 127434.9114045895
121297.0520237114 127594.9910579179
120976.4470585034 127755.0707112463
117449.7924412148 131276.8230844702
117610.0949238188 131436.9027377985
117449.7924412148 131436.9027377985
117770.3974064228 131596.9823911269
117610.0949238188 131596.9823911269
117449.7924412148 131596.9823911269
117289.4899586107 131596.9823911269
117770.3974064228 131757.0620444552
117610.0949238188 131757.0620444552
117449.7924412148 131757.0620444552
117289.4899586107 131757.0620444552
117770.3974064228 131917.1416977836
117610.0949238188 131917.1416977836
117449.7924412148 131917.1416977836
117610.0949238188 132077.2213511119
117449.7924412148 132077.2213511119
117289.4899586107 132077.2213511119
117449.7924412148 132237.3010044403

120655.8420932953 135438.8940710075
120816.1445758993 135118.7347643508
121136.7495411074 134958.6551110224
117129.1874760067 133838.0975377239
123060.3793323557 133357.8585777388
123380.9842975638 133197.7789244105
117449.7924412148 133037.6992710821
123701.5892627718 132717.5399644254
116968.8849934027 132397.3806577687
117610.0949238188 132397.3806577687
117770.3974064228 132077.2213511119
117449.7924412148 131757.0620444552
132678.5282885973 131757.0620444552
117610.0949238188 131596.9823911269
117449.7924412148 131436.9027377985
133159.4357364094 131436.9027377985
117449.7924412148 131116.7434311418
133319.7382190134 130956.6637778134
120816.1445758993 128395.3893245597
120816.1445758993 128075.2300179030
120816.1445758993 127755.0707112463
121457.3545063154 127755.0707112463
121457.3545063154 127434.9114045895
121457.3545063154 127114.7520979328
122098.5644367315 127114.7520979328
121777.9594715235 126954.6724446045
121457.3545063154 126794.5927912761
129953.3860843289 118790.6101248582
129793.0836017248 119110.7694315149
129632.7811191208 119430.9287381716
129632.7811191208 119751.0880448284
129312.1761539127 119911.1676981567
129312.1761539127 120391.4066581418
128991.5711887047 120711.5659647985
126587.0339496443 125834.1148713060
126426.7314670403 126154.2741779627
122419.1694019396 126634.5131379478
121777.9594715235 126634.5131379478
122098.5644367315 127274.8317512612
121617.6569889195 127274.8317512612

120816.1445758993 135118.7347643508
117289.4899586107 132397.3806577687
121777.9594715235 126634.5131379478
121938.2619541275 126794.5927912761
121777.9594715235 126794.5927912761
121938.2619541275 126954.6724446045
121777.9594715235 126954.6724446045
121617.6569889195 126954.6724446045
121457.3545063154 126954.6724446045
121938.2619541275 127114.7520979328
121777.9594715235 127114.7520979328
121617.6569889195 127114.7520979328
121457.3545063154 127114.7520979328
121938.2619541275 127274.8317512612
121777.9594715235 127274.8317512612
121617.6569889195 127274.8317512612
121457.3545063154 127274.8317512612
121297.0520237114 127274.8317512612
121617.6569889195 127434.9114045895
121457.3545063154 127434.9114045895
121297.0520237114 127594.9910579179
120976.4470585034 127755.0707112463
117449.7924412148 131276.8230844702
117610.0949238188 131436.9027377985
117449.7924412148 131436.9027377985
117770.3974064228 131596.9823911269
117610.0949238188 131596.9823911269
117449.7924412148 131596.9823911269
117289.4899586107 131596.9823911269
117770.3974064228 131757.0620444552
117610.0949238188 131757.0620444552
117449.7924412148 131757.0620444552
117289.4899586107 131757.0620444552
117770.3974064228 131917.1416977836
117610.0949238188 131917.1416977836
117449.7924412148 131917.1416977836
117610.0949238188 132077.2213511119
117449.7924412148 132077.2213511119
117289.4899586107 132077.2213511119
117449.7924412148 132237.3010044403

120655.8420932953 135438.8940710075
120816.1445758993 135118.7347643508
121136.7495411074 134958.6551110224
129793.0836017248 119110.7694315149
129632.7811191208 119430.9287381716
129472.4786365168 119751.0880448284
121777.9594715235 126634.5131379478
121777.9594715235 126794.5927912761
121938.2619541275 126954.6724446045
121777.9594715235 126954.6724446045
121617.6569889195 126954.6724446045
121457.3545063154 126954.6724446045
121938.2619541275 127114.7520979328
121777.9594715235 127114.7520979328
121617.6569889195 127114.7520979328
121777.9594715235 127274.8317512612
121617.6569889195 127274.8317512612
121457.3545063154 127274.8317512612
121297.0520237114 127274.8317512612
121617.6569889195 127434.9114045895
121457.3545063154 127434.9114045895
121297.0520237114 127594.9910579179
120976.4470585034 127755.0707112463
120816.1445758993 128075.2300179030
120655.8420932953 128395.3893245597
117449.7924412148 131116.7434311418
117610.0949238188 131436.9027377985
117449.7924412148 131436.9027377985
117289.4899586107 131436.9027377985
117610.0949238188 131596.9823911269
117449.7924412148 131596.9823911269
117610.0949238188 131757.0620444552
117449.7924412148 131757.0620444552
117289.4899586107 131757.0620444552
117610.0949238188 131917.1416977836
117449.7924412148 131917.1416977836
117610.0949238188 132077.2213511119
117449.7924412148 132077.2213511119
117289.4899586107 132077.2213511119
117289.4899586107 132397.3806577687

120655.8420932953 135438.8940710075
120816.1445758993 135118.7347643508
121777.9594715235 126634.5131379478
121938.2619541275 126794.5927912761
121777.9594715235 126794.5927912761
121938.2619541275 126954.6724446045
121777.9594715235 126954.6724446045
121617.6569889195 126954.6724446045
121457.3545063154 126954.6724446045
121938.2619541275 127114.7520979328
121777.9594715235 127114.7520979328
121617.6569889195 127114.7520979328
121457.3545063154 127114.7520979328
121777.9594715235 127274.8317512612
121617.6569889195 127274.8317512612
121457.3545063154 127274.8317512612
121297.0520237114 127274.8317512612
121617.6569889195 127434.9114045895
121457.3545063154 127434.9114045895
121297.0520237114 127594.9910579179
121136.7495411074 127594.9910579179
120976.4470585034 127915.1503645746
117449.7924412148 131276.8230844702
117610.0949238188 131436.9027377985
117449.7924412148 131436.9027377985
117770.3974064228 131596.9823911269
117610.0949238188 131596.9823911269
117449.7924412148 131596.9823911269
117289.4899586107 131596.9823911269
117770.3974064228 131757.0620444552
117610.0949238188 131757.0620444552
117449.7924412148 131757.0620444552
117289.4899586107 131757.0620444552
117770.3974064228 131917.1416977836
117610.0949238188 131917.1416977836
117449.7924412148 131917.1416977836
117610.0949238188 132077.2213511119
117449.7924412148 132077.2213511119
117289.4899586107 132077.2213511119
117289.4899586107 132397.3806577687

120655.8420932953 135438.8940710075
120816.1445758993 135118.7347643508
121938.2619541275 126794.5927912761
121777.9594715235 126794.5927912761
121617.6569889195 126794.5927912761
121938.2619541275 126954.6724446045
121777.9594715235 126954.6724446045
121617.6569889195 126954.6724446045
121457.3545063154 126954.6724446045
121938.2619541275 127114.7520979328
121777.9594715235 127114.7520979328
121617.6569889195 127114.7520979328
121457.3545063154 127114.7520979328
121777.9594715235 127274.8317512612
121617.6569889195 127274.8317512612
121457.3545063154 127274.8317512612
121297.0520237114 127274.8317512612
121617.6569889195 127434.9114045895
121457.3545063154 127434.9114045895
121297.0520237114 127434.9114045895
121297.0520237114 127594.9910579179
121136.7495411074 127594.9910579179
117449.7924412148 131276.8230844702
117610.0949238188 131436.9027377985
117449.7924412148 131436.9027377985
117770.3974064228 131596.9823911269
117610.0949238188 131596.9823911269
117449.7924412148 131596.9823911269
117289.4899586107 131596.9823911269
117770.3974064228 131757.0620444552
117610.0949238188 131757.0620444552
117449.7924412148 131757.0620444552
117289.4899586107 131757.0620444552
117770.3974064228 131917.1416977836
117610.0949238188 131917.1416977836
117449.7924412148 131917.1416977836
117610.0949238188 132077.2213511119
117449.7924412148 132077.2213511119
117289.4899586107 132077.2213511119
117289.4899586107 132397.3806577687

120816.1445758993 135118.7347643508
121777.9594715235 126634.5131379478
121938.2619541275 126794.5927912761
121777.9594715235 126794.5927912761
121938.2619541275 126954.6724446045
121777.9594715235 126954.6724446045
121617.6569889195 126954.6724446045
121457.3545063154 126954.6724446045
121938.2619541275 127114.7520979328
121777.9594715235 127114.7520979328
121617.6569889195 127114.7520979328
121457.3545063154 127114.7520979328
121938.2619541275 127274.8317512612
121777.9594715235 127274.8317512612
121617.6569889195 127274.8317512612
121457.3545063154 127274.8317512612
121297.0520237114 127274.8317512612
121617.6569889195 127434.9114045895
121457.3545063154 127434.9114045895
121297.0520237114 127594.9910579179
121136.7495411074 127594.9910579179
117449.7924412148 131276.8230844702
117610.0949238188 131436.9027377985
117449.7924412148 131436.9027377985
117770.3974064228 131596.9823911269
117610.0949238188 131596.9823911269
117449.7924412148 131596.9823911269
117289.4899586107 131596.9823911269
117770.3974064228 131757.0620444552
117610.0949238188 131757.0620444552
117449.7924412148 131757.0620444552
117289.4899586107 131757.0620444552
117770.3974064228 131917.1416977836
117610.0949238188 131917.1416977836
117449.7924412148 131917.1416977836
117610.0949238188 132077.2213511119
117449.7924412148 132077.2213511119
117289.4899586107 132077.2213511119
117289.4899586107 132397.3806577687
120655.8420932953 135438.8940710075

120655.8420932953 135438.8940710075
120816.1445758993 135118.7347643508
121777.9594715235 126634.5131379478
121938.2619541275 126794.5927912761
121777.9594715235 126794.5927912761
121457.3545063154 126794.5927912761
121938.2619541275 126954.6724446045
121777.9594715235 126954.6724446045
121617.6569889195 126954.6724446045
121457.3545063154 126954.6724446045
121938.2619541275 127114.7520979328
121777.9594715235 127114.7520979328
121617.6569889195 127114.7520979328
121457.3545063154 127114.7520979328
121777.9594715235 127274.8317512612
121617.6569889195 127274.8317512612
121457.3545063154 127274.8317512612
121297.0520237114 127274.8317512612
121617.6569889195 127434.9114045895
121457.3545063154 127434.9114045895
121297.0520237114 127594.9910579179
120976.4470585034 127755.0707112463
117449.7924412148 131276.8230844702
117610.0949238188 131436.9027377985
117449.7924412148 131436.9027377985
117770.3974064228 131596.9823911269
117610.0949238188 131596.9823911269
117449.7924412148 131596.9823911269
117289.4899586107 131596.9823911269
117770.3974064228 131757.0620444552
117610.0949238188 131757.0620444552
117449.7924412148 131757.0620444552
117289.4899586107 131757.0620444552
117770.3974064228 131917.1416977836
117610.0949238188 131917.1416977836
117449.7924412148 131917.1416977836
117610.0949238188 132077.2213511119
117449.7924412148 132077.2213511119
117289.4899586107 132077.2213511119
117289.4899586107 132397.3806577687

120655.8420932953 135438.8940710075
120816.1445758993 135118.7347643508
121777.9594715235 126634.5131379478
121938.2619541275 126794.5927912761
121777.9594715235 126794.5927912761
121938.2619541275 126954.6724446045
121777.9594715235 126954.6724446045
121617.6569889195 126954.6724446045
121457.3545063154 126954.6724446045
121938.2619541275 127114.7520979328
121777.9594715235 127114.7520979328
121617.6569889195 127114.7520979328
121457.3545063154 127114.7520979328
121938.2619541275 127274.8317512612
121777.9594715235 127274.8317512612
121617.6569889195 127274.8317512612
121457.3545063154 127274.8317512612
121297.0520237114 127274.8317512612
121617.6569889195 127434.9114045895
121457.3545063154 127434.9114045895
121297.0520237114 127594.9910579179
120976.4470585034 127755.0707112463
117449.7924412148 131276.8230844702
117610.0949238188 131436.9027377985
117449.7924412148 131436.9027377985
117770.3974064228 131596.9823911269
117610.0949238188 131596.9823911269
117449.7924412148 131596.9823911269
117289.4899586107 131596.9823911269
117770.3974064228 131757.0620444552
117610.0949238188 131757.0620444552
117449.7924412148 131757.0620444552
117289.4899586107 131757.0620444552
117770.3974064228 131917.1416977836
117610.0949238188 131917.1416977836
117449.7924412148 131917.1416977836
117610.0949238188 132077.2213511119
117449.7924412148 132077.2213511119
117289.4899586107 132077.2213511119
117289.4899586107 132397.3806577687

120655.8420932953 135438.8940710075
120816.1445758993 135118.7347643508
117449.7924412148 132237.3010044403
117289.4899586107 132077.2213511119
117449.7924412148 132077.2213511119
117610.0949238188 132077.2213511119
117449.7924412148 131917.1416977836
117610.0949238188 131917.1416977836
117770.3974064228 131917.1416977836
117289.4899586107 131757.0620444552
117449.7924412148 131757.0620444552
117610.0949238188 131757.0620444552
117770.3974064228 131757.0620444552
121938.2619541275 126794.5927912761
121777.9594715235 126794.5927912761
121617.6569889195 126794.5927912761
121938.2619541275 126954.6724446045
121777.9594715235 126954.6724446045
121617.6569889195 126954.6724446045
121457.3545063154 126954.6724446045
121938.2619541275 127114.7520979328
121777.9594715235 127114.7520979328
121617.6569889195 127114.7520979328
121457.3545063154 127114.7520979328
121938.2619541275 127274.8317512612
121777.9594715235 127274.8317512612
121617.6569889195 127274.8317512612
121457.3545063154 127274.8317512612
121297.0520237114 127274.8317512612
121617.6569889195 127434.9114045895
121457.3545063154 127434.9114045895
121297.0520237114 127434.9114045895
121297.0520237114 127594.9910579179
121136.7495411074 127594.9910579179
117610.0949238188 131436.9027377985
117449.7924412148 131436.9027377985
117289.4899586107 131436.9027377985
117770.3974064228 131596.9823911269
117610.0949238188 131596.9823911269
117449.7924412148 131596.9823911269

120816.1445758993 135118.7347643508
117449.7924412148 132237.3010044403
121938.2619541275 126794.5927912761
121777.9594715235 126794.5927912761
121617.6569889195 126794.5927912761
121938.2619541275 126954.6724446045
121777.9594715235 126954.6724446045
121617.6569889195 126954.6724446045
121457.3545063154 126954.6724446045
121938.2619541275 127114.7520979328
121777.9594715235 127114.7520979328
121617.6569889195 127114.7520979328
121457.3545063154 127114.7520979328
121777.9594715235 127274.8317512612
121617.6569889195 127274.8317512612
121457.3545063154 127274.8317512612
121297.0520237114 127274.8317512612
121617.6569889195 127434.9114045895
121457.3545063154 127434.9114045895
121297.0520237114 127434.9114045895
121297.0520237114 127594.9910579179
121136.7495411074 127594.9910579179
117449.7924412148 131276.8230844702
117610.0949238188 131436.9027377985
117449.7924412148 131436.9027377985
117770.3974064228 131596.9823911269
117610.0949238188 131596.9823911269
117449.7924412148 131596.9823911269
117289.4899586107 131596.9823911269
117770.3974064228 131757.0620444552
117610.0949238188 131757.0620444552
117449.7924412148 131757.0620444552
117289.4899586107 131757.0620444552
117770.3974064228 131917.1416977836
117610.0949238188 131917.1416977836
117449.7924412148 131917.1416977836
117610.0949238188 132077.2213511119
117449.7924412148 132077.2213511119
117289.4899586107 132077.2213511119
117289.4899586107 132397.3806577687

120655.8420932953 135438.8940710075
120816.1445758993 135118.7347643508
121938.2619541275 126794.5927912761
121777.9594715235 126794.5927912761
121617.6569889195 126794.5927912761
121938.2619541275 126954.6724446045
121777.9594715235 126954.6724446045
121617.6569889195 126954.6724446045
121457.3545063154 126954.6724446045
121938.2619541275 127114.7520979328
121777.9594715235 127114.7520979328
121617.6569889195 127114.7520979328
121457.3545063154 127114.7520979328
121777.9594715235 127274.8317512612
121617.6569889195 127274.8317512612
121457.3545063154 127274.8317512612
121297.0520237114 127274.8317512612
121617.6569889195 127434.9114045895
121457.3545063154 127434.9114045895
121297.0520237114 127434.9114045895
121297.0520237114 127594.9910579179
121136.7495411074 127594.9910579179
117449.7924412148 131276.8230844702
117610.0949238188 131436.9027377985
117449.7924412148 131436.9027377985
117770.3974064228 131596.9823911269
117610.0949238188 131596.9823911269
117449.7924412148 131596.9823911269
117289.4899586107 131596.9823911269
117770.3974064228 131757.0620444552
117610.0949238188 131757.0620444552
117449.7924412148 131757.0620444552
117289.4899586107 131757.0620444552
117770.3974064228 131917.1416977836
117610.0949238188 131917.1416977836
117449.7924412148 131917.1416977836
117610.0949238188 132077.2213511119
117449.7924412148 132077.2213511119
117289.4899586107 132077.2213511119
117449.7924412148 132237.3010044403

120655.8420932953 135438.8940710075
120816.1445758993 135118.7347643508
121777.9594715235 126634.5131379478
121938.2619541275 126794.5927912761
121777.9594715235 126794.5927912761
121457.3545063154 126794.5927912761
121938.2619541275 126954.6724446045
121777.9594715235 126954.6724446045
121617.6569889195 126954.6724446045
121457.3545063154 126954.6724446045
121938.2619541275 127114.7520979328
121777.9594715235 127114.7520979328
121617.6569889195 127114.7520979328
121457.3545063154 127114.7520979328
121777.9594715235 127274.8317512612
121617.6569889195 127274.8317512612
121457.3545063154 127274.8317512612
121297.0520237114 127274.8317512612
121617.6569889195 127434.9114045895
121457.3545063154 127434.9114045895
121297.0520237114 127594.9910579179
120976.4470585034 127755.0707112463
117449.7924412148 131116.7434311418
117610.0949238188 131436.9027377985
117449.7924412148 131436.9027377985
117289.4899586107 131436.9027377985
117770.3974064228 131596.9823911269
117610.0949238188 131596.9823911269
117449.7924412148 131596.9823911269
117770.3974064228 131757.0620444552
117610.0949238188 131757.0620444552
117449.7924412148 131757.0620444552
117289.4899586107 131757.0620444552
117770.3974064228 131917.1416977836
117610.0949238188 131917.1416977836
117449.7924412148 131917.1416977836
117610.0949238188 132077.2213511119
117449.7924412148 132077.2213511119
117289.4899586107 132077.2213511119
117289.4899586107 132397.3806577687

120655.8420932953 135438.8940710075
120816.1445758993 135118.7347643508
121777.9594715235 126634.5131379478
121938.2619541275 126794.5927912761
121777.9594715235 126794.5927912761
121457.3545063154 126794.5927912761
121938.2619541275 126954.6724446045
121777.9594715235 126954.6724446045
121617.6569889195 126954.6724446045
121457.3545063154 126954.6724446045
121938.2619541275 127114.7520979328
121777.9594715235 127114.7520979328
121617.6569889195 127114.7520979328
121457.3545063154 127114.7520979328
121777.9594715235 127274.8317512612
121617.6569889195 127274.8317512612
121457.3545063154 127274.8317512612
121297.0520237114 127274.8317512612
121617.6569889195 127434.9114045895
121457.3545063154 127434.9114045895
121297.0520237114 127594.9910579179
120976.4470585034 127755.0707112463
120816.1445758993 128075.2300179030
117449.7924412148 131116.7434311418
117610.0949238188 131436.9027377985
117449.7924412148 131436.9027377985
117289.4899586107 131436.9027377985
117770.3974064228 131596.9823911269
117610.0949238188 131596.9823911269
117449.7924412148 131596.9823911269
117770.3974064228 131757.0620444552
117610.0949238188 131757.0620444552
117449.7924412148 131757.0620444552
117289.4899586107 131757.0620444552
117610.0949238188 131917.1416977836
117449.7924412148 131917.1416977836
117610.0949238188 132077.2213511119
117449.7924412148 132077.2213511119
117289.4899586107 132077.2213511119
117289.4899586107 132397.3806577687

120655.8420932953 134478.4161510373
125464.9165714161 134318.3364977090
122739.7743671477 133998.1771910522
117610.0949238188 133197.7789244105
128190.0587756846 133037.6992710821
132037.3183581812 132237.3010044403
113923.1378239262 132077.2213511119
120816.1445758993 132077.2213511119
123380.9842975638 131276.8230844702
116327.6750629866 131116.7434311418
115526.1626499664 130956.6637778134
128510.6637408926 130796.5841244851
120976.4470585034 130636.5044711567
122900.0768497517 130636.5044711567
129953.3860843289 118790.6101248582
129793.0836017248 119110.7694315149
129632.7811191208 119430.9287381716
129632.7811191208 119751.0880448284
129312.1761539127 119911.1676981567
129312.1761539127 120391.4066581418
128991.5711887047 120711.5659647985
128190.0587756846 120871.6456181269
126587.0339496443 125834.1148713060
126426.7314670403 126154.2741779627
122098.5644367315 126154.2741779627
122419.1694019396 126634.5131379478
121777.9594715235 126634.5131379478
121457.3545063154 126794.5927912761
121777.9594715235 126954.6724446045
122098.5644367315 127114.7520979328
121457.3545063154 127114.7520979328
121457.3545063154 127434.9114045895
121457.3545063154 127755.0707112463
120816.1445758993 127755.0707112463
120816.1445758993 128075.2300179030
120816.1445758993 128395.3893245597
133319.7382190134 130956.6637778134
117449.7924412148 131116.7434311418
133159.4357364094 131436.9027377985
117449.7924412148 131436.9027377985

120655.8420932953 135438.8940710075
120816.1445758993 135118.7347643508
117289.4899586107 132397.3806577687
117289.4899586107 132077.2213511119
117449.7924412148 132077.2213511119
117610.0949238188 132077.2213511119
117449.7924412148 131917.1416977836
117610.0949238188 131917.1416977836
117289.4899586107 131757.0620444552
117449.7924412148 131757.0620444552
117610.0949238188 131757.0620444552
117770.3974064228 131757.0620444552
117449.7924412148 131596.9823911269
117610.0949238188 131596.9823911269
117770.3974064228 131596.9823911269
117289.4899586107 131436.9027377985
117449.7924412148 131436.9027377985
117610.0949238188 131436.9027377985
121777.9594715235 126634.5131379478
121938.2619541275 126794.5927912761
121777.9594715235 126794.5927912761
121457.3545063154 126794.5927912761
121938.2619541275 126954.6724446045
121777.9594715235 126954.6724446045
121617.6569889195 126954.6724446045
121457.3545063154 126954.6724446045
121938.2619541275 127114.7520979328
121777.9594715235 127114.7520979328
121617.6569889195 127114.7520979328
121457.3545063154 127114.7520979328
121777.9594715235 127274.8317512612
121617.6569889195 127274.8317512612
121457.3545063154 127274.8317512612
121297.0520237114 127274.8317512612
121617.6569889195 127434.9114045895
121457.3545063154 127434.9114045895
121297.0520237114 127594.9910579179
121136.7495411074 127594.9910579179
120816.1445758993 127755.0707112463
120816.1445758993 128075.2300179030

120655.8420932953 134478.4161510373
125464.9165714161 134318.3364977090
122739.7743671477 133998.1771910522
117610.0949238188 133197.7789244105
128190.0587756846 133037.6992710821
132037.3183581812 132237.3010044403
113923.1378239262 132077.2213511119
120816.1445758993 132077.2213511119
123380.9842975638 131276.8230844702
116327.6750629866 131116.7434311418
115526.1626499664 130956.6637778134
128510.6637408926 130796.5841244851
120976.4470585034 130636.5044711567
122900.0768497517 130636.5044711567
126747.3364322483 130156.2655111716
120976.4470585034 127594.9910579179
124503.1016757919 127274.8317512612
124663.4041583960 126314.3538312911
125464.9165714161 125994.1945246343
127709.1513278725 125513.9555646493
126266.4289844362 125033.7166046642
124182.4967105839 124393.3979913508
126587.0339496443 124393.3979913508
127548.8488452685 124073.2386846940
129793.0836017248 123753.0793780373
130113.6885669329 123112.7607647239
130434.2935321409 122952.6811113955
128350.3612582886 121351.8845781119
128670.9662234966 120871.6456181269
127869.4538104765 120711.5659647985
129953.3860843289 118790.6101248582
129793.0836017248 119110.7694315149
129632.7811191208 119430.9287381716
129632.7811191208 119751.0880448284
129312.1761539127 119911.1676981567
129312.1761539127 120391.4066581418
126426.7314670403 126154.2741779627
122419.1694019396 126634.5131379478
121777.9594715235 126634.5131379478
121777.9594715235 126954.6724446045

120655.8420932953 135438.8940710075
120816.1445758993 135118.7347643508
121938.2619541275 126794.5927912761
121777.9594715235 126794.5927912761
121617.6569889195 126794.5927912761
121938.2619541275 126954.6724446045
121777.9594715235 126954.6724446045
121617.6569889195 126954.6724446045
121457.3545063154 126954.6724446045
121938.2619541275 127114.7520979328
121777.9594715235 127114.7520979328
121617.6569889195 127114.7520979328
121457.3545063154 127114.7520979328
121938.2619541275 127274.8317512612
121777.9594715235 127274.8317512612
121617.6569889195 127274.8317512612
121457.3545063154 127274.8317512612
121297.0520237114 127274.8317512612
121617.6569889195 127434.9114045895
121457.3545063154 127434.9114045895
121297.0520237114 127434.9114045895
121297.0520237114 127594.9910579179
121136.7495411074 127594.9910579179
117610.0949238188 131436.9027377985
117449.7924412148 131436.9027377985
117289.4899586107 131436.9027377985
117770.3974064228 131596.9823911269
117610.0949238188 131596.9823911269
117449.7924412148 131596.9823911269
117770.3974064228 131757.0620444552
117610.0949238188 131757.0620444552
117449.7924412148 131757.0620444552
117289.4899586107 131757.0620444552
117770.3974064228 131917.1416977836
117610.0949238188 131917.1416977836
117449.7924412148 131917.1416977836
117610.0949238188 132077.2213511119
117449.7924412148 132077.2213511119
117289.4899586107 132077.2213511119
117289.4899586107 132397.3806577687

120655.8420932953 135438.8940710075
120816.1445758993 135118.7347643508
121777.9594715235 126634.5131379478
121938.2619541275 126794.5927912761
121777.9594715235 126794.5927912761
121938.2619541275 126954.6724446045
121777.9594715235 126954.6724446045
121617.6569889195 126954.6724446045
121457.3545063154 126954.6724446045
121938.2619541275 127114.7520979328
121777.9594715235 127114.7520979328
121617.6569889195 127114.7520979328
121457.3545063154 127114.7520979328
121938.2619541275 127274.8317512612
121777.9594715235 127274.8317512612
121617.6569889195 127274.8317512612
121457.3545063154 127274.8317512612
121297.0520237114 127274.8317512612
121617.6569889195 127434.9114045895
121457.3545063154 127434.9114045895
121297.0520237114 127594.9910579179
120976.4470585034 127755.0707112463
120816.1445758993 128075.2300179030
117610.0949238188 131436.9027377985
117449.7924412148 131436.9027377985
117289.4899586107 131436.9027377985
117770.3974064228 131596.9823911269
117610.0949238188 131596.9823911269
117449.7924412148 131596.9823911269
117770.3974064228 131757.0620444552
117610.0949238188 131757.0620444552
117449.7924412148 131757.0620444552
117289.4899586107 131757.0620444552
117770.3974064228 131917.1416977836
117610.0949238188 131917.1416977836
117449.7924412148 131917.1416977836
117610.0949238188 132077.2213511119
117449.7924412148 132077.2213511119
117289.4899586107 132077.2213511119
117289.4899586107 132397.3806577687

120655.8420932953 135438.8940710075
120816.1445758993 135118.7347643508
117289.4899586107 132397.3806577687
117449.7924412148 132237.3010044403
117289.4899586107 132077.2213511119
117449.7924412148 132077.2213511119
117610.0949238188 132077.2213511119
117449.7924412148 131917.1416977836
117610.0949238188 131917.1416977836
117289.4899586107 131757.0620444552
117449.7924412148 131757.0620444552
117610.0949238188 131757.0620444552
117449.7924412148 131596.9823911269
117610.0949238188 131596.9823911269
117770.3974064228 131596.9823911269
117289.4899586107 131436.9027377985
117449.7924412148 131436.9027377985
117610.0949238188 131436.9027377985
117449.7924412148 131116.7434311418
129793.0836017248 119110.7694315149
129632.7811191208 119430.9287381716
129472.4786365168 119751.0880448284
121777.9594715235 126634.5131379478
121777.9594715235 126794.5927912761
121938.2619541275 126954.6724446045
121777.9594715235 126954.6724446045
121617.6569889195 126954.6724446045
121457.3545063154 126954.6724446045
121938.2619541275 127114.7520979328
121777.9594715235 127114.7520979328
121617.6569889195 127114.7520979328
121777.9594715235 127274.8317512612
121617.6569889195 127274.8317512612
121457.3545063154 127274.8317512612
121297.0520237114 127274.8317512612
121617.6569889195 127434.9114045895
121297.0520237114 127594.9910579179
121136.7495411074 127594.9910579179
121136.7495411074 127915.1503645746
120816.1445758993 128075.2300179030

120655.8420932953 135438.8940710075
120816.1445758993 135118.7347643508
121777.9594715235 126634.5131379478
121938.2619541275 126794.5927912761
121777.9594715235 126794.5927912761
121938.2619541275 126954.6724446045
121777.9594715235 126954.6724446045
121617.6569889195 126954.6724446045
121457.3545063154 126954.6724446045
121938.2619541275 127114.7520979328
121777.9594715235 127114.7520979328
121617.6569889195 127114.7520979328
121457.3545063154 127114.7520979328
121938.2619541275 127274.8317512612
121777.9594715235 127274.8317512612
121617.6569889195 127274.8317512612
121457.3545063154 127274.8317512612
121297.0520237114 127274.8317512612
121617.6569889195 127434.9114045895
121457.3545063154 127434.9114045895
121297.0520237114 127594.9910579179
120976.4470585034 127755.0707112463
117449.7924412148 131116.7434311418
117610.0949238188 131436.9027377985
117449.7924412148 131436.9027377985
117289.4899586107 131436.9027377985
117770.3974064228 131596.9823911269
117610.0949238188 131596.9823911269
117449.7924412148 131596.9823911269
117770.3974064228 131757.0620444552
117610.0949238188 131757.0620444552
117449.7924412148 131757.0620444552
117289.4899586107 131757.0620444552
117770.3974064228 131917.1416977836
117610.0949238188 131917.1416977836
117449.7924412148 131917.1416977836
117610.0949238188 132077.2213511119
117449.7924412148 132077.2213511119
117289.4899586107 132077.2213511119
117289.4899586107 132397.3806577687

120655.8420932953 135438.8940710075
120816.1445758993 135118.7347643508
117289.4899586107 132397.3806577687
117289.4899586107 132077.2213511119
117449.7924412148 132077.2213511119
117610.0949238188 132077.2213511119
117449.7924412148 131917.1416977836
117610.0949238188 131917.1416977836
117289.4899586107 131757.0620444552
117449.7924412148 131757.0620444552
117610.0949238188 131757.0620444552
117770.3974064228 131757.0620444552
117449.7924412148 131596.9823911269
117610.0949238188 131596.9823911269
117770.3974064228 131596.9823911269
117289.4899586107 131436.9027377985
117449.7924412148 131436.9027377985
117610.0949238188 131436.9027377985
117449.7924412148 131116.7434311418
120816.1445758993 128075.2300179030
120976.4470585034 127755.0707112463
121297.0520237114 127594.9910579179
121457.3545063154 127434.9114045895
121617.6569889195 127434.9114045895
121297.0520237114 127274.8317512612
121457.3545063154 127274.8317512612
121617.6569889195 127274.8317512612
121777.9594715235 127274.8317512612
121938.2619541275 127274.8317512612
121457.3545063154 127114.7520979328
121617.6569889195 127114.7520979328
121777.9594715235 127114.7520979328
121938.2619541275 127114.7520979328
129793.0836017248 119110.7694315149
121777.9594715235 126634.5131379478
121938.2619541275 126794.5927912761
121938.2619541275 126954.6724446045
121777.9594715235 126954.6724446045
121617.6569889195 126954.6724446045
121457.3545063154 126954.6724446045

120655.8420932953 135438.8940710075
120816.1445758993 135118.7347643508
117289.4899586107 132397.3806577687
117449.7924412148 132237.3010044403
117289.4899586107 132077.2213511119
117449.7924412148 132077.2213511119
117610.0949238188 132077.2213511119
117449.7924412148 131917.1416977836
117610.0949238188 131917.1416977836
117289.4899586107 131757.0620444552
117449.7924412148 131757.0620444552
117610.0949238188 131757.0620444552
117449.7924412148 131596.9823911269
117610.0949238188 131596.9823911269
117770.3974064228 131596.9823911269
117289.4899586107 131436.9027377985
117449.7924412148 131436.9027377985
117610.0949238188 131436.9027377985
117449.7924412148 131116.7434311418
120816.1445758993 128075.2300179030
120976.4470585034 127755.0707112463
121297.0520237114 127594.9910579179
121457.3545063154 127434.9114045895
121617.6569889195 127434.9114045895
121297.0520237114 127274.8317512612
121457.3545063154 127274.8317512612
121617.6569889195 127274.8317512612
121777.9594715235 127274.8317512612
121617.6569889195 127114.7520979328
121777.9594715235 127114.7520979328
121938.2619541275 127114.7520979328
121457.3545063154 126954.6724446045
121617.6569889195 126954.6724446045
121777.9594715235 126954.6724446045
121938.2619541275 126954.6724446045
121777.9594715235 126794.5927912761
129793.0836017248 119110.7694315149
129632.7811191208 119430.9287381716
129472.4786365168 119751.0880448284
121777.9594715235 126634.5131379478

120655.8420932953 135438.8940710075
120816.1445758993 135118.7347643508
129793.0836017248 119110.7694315149
121777.9594715235 126634.5131379478
121938.2619541275 126794.5927912761
121777.9594715235 126794.5927912761
121938.2619541275 126954.6724446045
121777.9594715235 126954.6724446045
121617.6569889195 126954.6724446045
121457.3545063154 126954.6724446045
121938.2619541275 127114.7520979328
121777.9594715235 127114.7520979328
121617.6569889195 127114.7520979328
121457.3545063154 127114.7520979328
121777.9594715235 127274.8317512612
121617.6569889195 127274.8317512612
121457.3545063154 127274.8317512612
121297.0520237114 127274.8317512612
121617.6569889195 127434.9114045895
121457.3545063154 127434.9114045895
121297.0520237114 127594.9910579179
120976.4470585034 127755.0707112463
120816.1445758993 128075.2300179030
117449.7924412148 131116.7434311418
117610.0949238188 131436.9027377985
117449.7924412148 131436.9027377985
117289.4899586107 131436.9027377985
117770.3974064228 131596.9823911269
117610.0949238188 131596.9823911269
117449.7924412148 131596.9823911269
117770.3974064228 131757.0620444552
117610.0949238188 131757.0620444552
117449.7924412148 131757.0620444552
117289.4899586107 131757.0620444552
117610.0949238188 131917.1416977836
117449.7924412148 131917.1416977836
117610.0949238188 132077.2213511119
117449.7924412148 132077.2213511119
117289.4899586107 132077.2213511119
117289.4899586107 132397.3806577687

120655.8420932953 135438.8940710075
120816.1445758993 135118.7347643508
129793.0836017248 119110.7694315149
121777.9594715235 126634.5131379478
121938.2619541275 126794.5927912761
121777.9594715235 126794.5927912761
121938.2619541275 126954.6724446045
121777.9594715235 126954.6724446045
121617.6569889195 126954.6724446045
121457.3545063154 126954.6724446045
121938.2619541275 127114.7520979328
121777.9594715235 127114.7520979328
121617.6569889195 127114.7520979328
121777.9594715235 127274.8317512612
121617.6569889195 127274.8317512612
121457.3545063154 127274.8317512612
121297.0520237114 127274.8317512612
121617.6569889195 127434.9114045895
121457.3545063154 127434.9114045895
121297.0520237114 127594.9910579179
121136.7495411074 127594.9910579179
121136.7495411074 127915.1503645746
120816.1445758993 128075.2300179030
117449.7924412148 131116.7434311418
117610.0949238188 131436.9027377985
117449.7924412148 131436.9027377985
117289.4899586107 131436.9027377985
117770.3974064228 131596.9823911269
117610.0949238188 131596.9823911269
117449.7924412148 131596.9823911269
117610.0949238188 131757.0620444552
117449.7924412148 131757.0620444552
117289.4899586107 131757.0620444552
117610.0949238188 131917.1416977836
117449.7924412148 131917.1416977836
117610.0949238188 132077.2213511119
117449.7924412148 132077.2213511119
117289.4899586107 132077.2213511119
117449.7924412148 132237.3010044403
117289.4899586107 132397.3806577687

120816.1445758993 135118.7347643508
117289.4899586107 132397.3806577687
117289.4899586107 132077.2213511119
117449.7924412148 132077.2213511119
121777.9594715235 126634.5131379478
121938.2619541275 126794.5927912761
121777.9594715235 126794.5927912761
121938.2619541275 126954.6724446045
121777.9594715235 126954.6724446045
121617.6569889195 126954.6724446045
121457.3545063154 126954.6724446045
121938.2619541275 127114.7520979328
121777.9594715235 127114.7520979328
121617.6569889195 127114.7520979328
121457.3545063154 127114.7520979328
121938.2619541275 127274.8317512612
121777.9594715235 127274.8317512612
121617.6569889195 127274.8317512612
121457.3545063154 127274.8317512612
121297.0520237114 127274.8317512612
121617.6569889195 127434.9114045895
121457.3545063154 127434.9114045895
121297.0520237114 127434.9114045895
121297.0520237114 127594.9910579179
121136.7495411074 127594.9910579179
117449.7924412148 131276.8230844702
117610.0949238188 131436.9027377985
117449.7924412148 131436.9027377985
117770.3974064228 131596.9823911269
117610.0949238188 131596.9823911269
117449.7924412148 131596.9823911269
117289.4899586107 131596.9823911269
117770.3974064228 131757.0620444552
117610.0949238188 131757.0620444552
117449.7924412148 131757.0620444552
117289.4899586107 131757.0620444552
117770.3974064228 131917.1416977836
117610.0949238188 131917.1416977836
117449.7924412148 131917.1416977836
117610.0949238188 132077.2213511119

120655.8420932953 135438.8940710075
120816.1445758993 135118.7347643508
129793.0836017248 119110.7694315149
121777.9594715235 126634.5131379478
121938.2619541275 126794.5927912761
121777.9594715235 126794.5927912761
121938.2619541275 126954.6724446045
121777.9594715235 126954.6724446045
121617.6569889195 126954.6724446045
121457.3545063154 126954.6724446045
121938.2619541275 127114.7520979328
121777.9594715235 127114.7520979328
121617.6569889195 127114.7520979328
121457.3545063154 127114.7520979328
121777.9594715235 127274.8317512612
121617.6569889195 127274.8317512612
121457.3545063154 127274.8317512612
121297.0520237114 127274.8317512612
121617.6569889195 127434.9114045895
121457.3545063154 127434.9114045895
121297.0520237114 127594.9910579179
120976.4470585034 127755.0707112463
120816.1445758993 128075.2300179030
117449.7924412148 131116.7434311418
117610.0949238188 131436.9027377985
117449.7924412148 131436.9027377985
117289.4899586107 131436.9027377985
117770.3974064228 131596.9823911269
117610.0949238188 131596.9823911269
117449.7924412148 131596.9823911269
117610.0949238188 131757.0620444552
117449.7924412148 131757.0620444552
117289.4899586107 131757.0620444552
117610.0949238188 131917.1416977836
117449.7924412148 131917.1416977836
117610.0949238188 132077.2213511119
117449.7924412148 132077.2213511119
117289.4899586107 132077.2213511119
117289.4899586107 132397.3806577687
121136.7495411074 134958.6551110224

120655.8420932953 135438.8940710075
120816.1445758993 135118.7347643508
129793.0836017248 119110.7694315149
121777.9594715235 126634.5131379478
121938.2619541275 126794.5927912761
121777.9594715235 126794.5927912761
121938.2619541275 126954.6724446045
121777.9594715235 126954.6724446045
121617.6569889195 126954.6724446045
121457.3545063154 126954.6724446045
121938.2619541275 127114.7520979328
121777.9594715235 127114.7520979328
121617.6569889195 127114.7520979328
121457.3545063154 127114.7520979328
121777.9594715235 127274.8317512612
121617.6569889195 127274.8317512612
121457.3545063154 127274.8317512612
121297.0520237114 127274.8317512612
121617.6569889195 127434.9114045895
121457.3545063154 127434.9114045895
121297.0520237114 127594.9910579179
121136.7495411074 127594.9910579179
120816.1445758993 127755.0707112463
120816.1445758993 128075.2300179030
117449.7924412148 131116.7434311418
117610.0949238188 131436.9027377985
117449.7924412148 131436.9027377985
117289.4899586107 131436.9027377985
117610.0949238188 131596.9823911269
117449.7924412148 131596.9823911269
117770.3974064228 131757.0620444552
117610.0949238188 131757.0620444552
117449.7924412148 131757.0620444552
117289.4899586107 131757.0620444552
117610.0949238188 131917.1416977836
117449.7924412148 131917.1416977836
117610.0949238188 132077.2213511119
117449.7924412148 132077.2213511119
117289.4899586107 132077.2213511119
117289.4899586107 132397.3806577687

120655.8420932953 135438.8940710075
120816.1445758993 135118.7347643508
117289.4899586107 132397.3806577687
117449.7924412148 132237.3010044403
117289.4899586107 132077.2213511119
117449.7924412148 132077.2213511119
117610.0949238188 132077.2213511119
117449.7924412148 131917.1416977836
117610.0949238188 131917.1416977836
129793.0836017248 119110.7694315149
121777.9594715235 126634.5131379478
121938.2619541275 126794.5927912761
121777.9594715235 126794.5927912761
121938.2619541275 126954.6724446045
121777.9594715235 126954.6724446045
121617.6569889195 126954.6724446045
121457.3545063154 126954.6724446045
121938.2619541275 127114.7520979328
121777.9594715235 127114.7520979328
121617.6569889195 127114.7520979328
121457.3545063154 127114.7520979328
121777.9594715235 127274.8317512612
121617.6569889195 127274.8317512612
121457.3545063154 127274.8317512612
121297.0520237114 127274.8317512612
121617.6569889195 127434.9114045895
121457.3545063154 127434.9114045895
121297.0520237114 127594.9910579179
120976.4470585034 127755.0707112463
120816.1445758993 128075.2300179030
117449.7924412148 131116.7434311418
117610.0949238188 131436.9027377985
117449.7924412148 131436.9027377985
117289.4899586107 131436.9027377985
117770.3974064228 131596.9823911269
117610.0949238188 131596.9823911269
117449.7924412148 131596.9823911269
117610.0949238188 131757.0620444552
117449.7924412148 131757.0620444552
117289.4899586107 131757.0620444552

120655.8420932953 135438.8940710075
120816.1445758993 135118.7347643508
117289.4899586107 132397.3806577687
117289.4899586107 132077.2213511119
117449.7924412148 132077.2213511119
117610.0949238188 132077.2213511119
117449.7924412148 131917.1416977836
117610.0949238188 131917.1416977836
117289.4899586107 131757.0620444552
117449.7924412148 131757.0620444552
117610.0949238188 131757.0620444552
117770.3974064228 131757.0620444552
117449.7924412148 131596.9823911269
117610.0949238188 131596.9823911269
117770.3974064228 131596.9823911269
129793.0836017248 119110.7694315149
129632.7811191208 119430.9287381716
121777.9594715235 126634.5131379478
121777.9594715235 126794.5927912761
121938.2619541275 126954.6724446045
121777.9594715235 126954.6724446045
121617.6569889195 126954.6724446045
121457.3545063154 126954.6724446045
121938.2619541275 127114.7520979328
121777.9594715235 127114.7520979328
121617.6569889195 127114.7520979328
121457.3545063154 127114.7520979328
121777.9594715235 127274.8317512612
121617.6569889195 127274.8317512612
121457.3545063154 127274.8317512612
121297.0520237114 127274.8317512612
121617.6569889195 127434.9114045895
121457.3545063154 127434.9114045895
121297.0520237114 127594.9910579179
120976.4470585034 127755.0707112463
120816.1445758993 128075.2300179030
117449.7924412148 131116.7434311418
117610.0949238188 131436.9027377985
117449.7924412148 131436.9027377985
117289.4899586107 131436.9027377985

120655.8420932953 135438.8940710075
120816.1445758993 135118.7347643508
121136.7495411074 134958.6551110224
117289.4899586107 132397.3806577687
129793.0836017248 119110.7694315149
129632.7811191208 119430.9287381716
121777.9594715235 126634.5131379478
121777.9594715235 126794.5927912761
121938.2619541275 126954.6724446045
121777.9594715235 126954.6724446045
121617.6569889195 126954.6724446045
121457.3545063154 126954.6724446045
121938.2619541275 127114.7520979328
121777.9594715235 127114.7520979328
121617.6569889195 127114.7520979328
121457.3545063154 127114.7520979328
121777.9594715235 127274.8317512612
121617.6569889195 127274.8317512612
121457.3545063154 127274.8317512612
121297.0520237114 127274.8317512612
121617.6569889195 127434.9114045895
121457.3545063154 127434.9114045895
121297.0520237114 127594.9910579179
120976.4470585034 127755.0707112463
120816.1445758993 128075.2300179030
117449.7924412148 131116.7434311418
117610.0949238188 131436.9027377985
117449.7924412148 131436.9027377985
117289.4899586107 131436.9027377985
117770.3974064228 131596.9823911269
117610.0949238188 131596.9823911269
117449.7924412148 131596.9823911269
117610.0949238188 131757.0620444552
117449.7924412148 131757.0620444552
117289.4899586107 131757.0620444552
117610.0949238188 131917.1416977836
117449.7924412148 131917.1416977836
117610.0949238188 132077.2213511119
117449.7924412148 132077.2213511119
117289.4899586107 132077.2213511119

120655.8420932953 134478.4161510373
123060.3793323557 134478.4161510373
122739.7743671477 133998.1771910522
122900.0768497517 133678.0178843956
117610.0949238188 133197.7789244105
128190.0587756846 133037.6992710821
113923.1378239262 132077.2213511119
120816.1445758993 132077.2213511119
123380.9842975638 131276.8230844702
116327.6750629866 131116.7434311418
128510.6637408926 130796.5841244851
120976.4470585034 130636.5044711567
122900.0768497517 130636.5044711567
119533.7247150671 130476.4248178283
126747.3364322483 130156.2655111716
120976.4470585034 127594.9910579179
124503.1016757919 127274.8317512612
124663.4041583960 126314.3538312911
125464.9165714161 125994.1945246343
127709.1513278725 125513.9555646493
123060.3793323557 125033.7166046642
126266.4289844362 125033.7166046642
124182.4967105839 124393.3979913508
126587.0339496443 124393.3979913508
127548.8488452685 124073.2386846940
129793.0836017248 123753.0793780373
130113.6885669329 123112.7607647239
130434.2935321409 122952.6811113955
128350.3612582886 121351.8845781119
128670.9662234966 120871.6456181269
127869.4538104765 120711.5659647985
129953.3860843289 118790.6101248582
129793.0836017248 119110.7694315149
129632.7811191208 119430.9287381716
129632.7811191208 119751.0880448284
129312.1761539127 119911.1676981567
129312.1761539127 120391.4066581418
122419.1694019396 126634.5131379478
121777.9594715235 126634.5131379478
121777.9594715235 126954.6724446045

120816.1445758993 135118.7347643508
121777.9594715235 126634.5131379478
121938.2619541275 126794.5927912761
121777.9594715235 126794.5927912761
121457.3545063154 126794.5927912761
121938.2619541275 126954.6724446045
121777.9594715235 126954.6724446045
121617.6569889195 126954.6724446045
121457.3545063154 126954.6724446045
121938.2619541275 127114.7520979328
121777.9594715235 127114.7520979328
121617.6569889195 127114.7520979328
121457.3545063154 127114.7520979328
121777.9594715235 127274.8317512612
121617.6569889195 127274.8317512612
121457.3545063154 127274.8317512612
121297.0520237114 127274.8317512612
121617.6569889195 127434.9114045895
121457.3545063154 127434.9114045895
121297.0520237114 127434.9114045895
121297.0520237114 127594.9910579179
121136.7495411074 127594.9910579179
117449.7924412148 131276.8230844702
117610.0949238188 131436.9027377985
117449.7924412148 131436.9027377985
117770.3974064228 131596.9823911269
117610.0949238188 131596.9823911269
117449.7924412148 131596.9823911269
117289.4899586107 131596.9823911269
117770.3974064228 131757.0620444552
117610.0949238188 131757.0620444552
117449.7924412148 131757.0620444552
117289.4899586107 131757.0620444552
117770.3974064228 131917.1416977836
117610.0949238188 131917.1416977836
117449.7924412148 131917.1416977836
117610.0949238188 132077.2213511119
117449.7924412148 132077.2213511119
117289.4899586107 132077.2213511119
117289.4899586107 132397.3806577687

120816.1445758993 135118.7347643508
117289.4899586107 132397.3806577687
121938.2619541275 126794.5927912761
121777.9594715235 126794.5927912761
121617.6569889195 126794.5927912761
121938.2619541275 126954.6724446045
121777.9594715235 126954.6724446045
121617.6569889195 126954.6724446045
121457.3545063154 126954.6724446045
121938.2619541275 127114.7520979328
121777.9594715235 127114.7520979328
121617.6569889195 127114.7520979328
121457.3545063154 127114.7520979328
121938.2619541275 127274.8317512612
121777.9594715235 127274.8317512612
121617.6569889195 127274.8317512612
121457.3545063154 127274.8317512612
121297.0520237114 127274.8317512612
121617.6569889195 127434.9114045895
121457.3545063154 127434.9114045895
121297.0520237114 127434.9114045895
121297.0520237114 127594.9910579179
121136.7495411074 127594.9910579179
117449.7924412148 131276.8230844702
117610.0949238188 131436.9027377985
117449.7924412148 131436.9027377985
117770.3974064228 131596.9823911269
117610.0949238188 131596.9823911269
117449.7924412148 131596.9823911269
117289.4899586107 131596.9823911269
117770.3974064228 131757.0620444552
117610.0949238188 131757.0620444552
117449.7924412148 131757.0620444552
117289.4899586107 131757.0620444552
117770.3974064228 131917.1416977836
117610.0949238188 131917.1416977836
117449.7924412148 131917.1416977836
117610.0949238188 132077.2213511119
117449.7924412148 132077.2213511119
117289.4899586107 132077.2213511119

120655.8420932953 134478.4161510373
123060.3793323557 134478.4161510373
122739.7743671477 133998.1771910522
122900.0768497517 133678.0178843956
117610.0949238188 133197.7789244105
128190.0587756846 133037.6992710821
113923.1378239262 132077.2213511119
120816.1445758993 132077.2213511119
123380.9842975638 131276.8230844702
116327.6750629866 131116.7434311418
128510.6637408926 130796.5841244851
120976.4470585034 130636.5044711567
122900.0768497517 130636.5044711567
119533.7247150671 130476.4248178283
126747.3364322483 130156.2655111716
120976.4470585034 127594.9910579179
124503.1016757919 127274.8317512612
124663.4041583960 126314.3538312911
125464.9165714161 125994.1945246343
127709.1513278725 125513.9555646493
123060.3793323557 125033.7166046642
126266.4289844362 125033.7166046642
129953.3860843289 118790.6101248582
129793.0836017248 119110.7694315149
129632.7811191208 119430.9287381716
129632.7811191208 119751.0880448284
129312.1761539127 119911.1676981567
129312.1761539127 120391.4066581418
128991.5711887047 120711.5659647985
128190.0587756846 120871.6456181269
126587.0339496443 125834.1148713060
126426.7314670403 126154.2741779627
122419.1694019396 126634.5131379478
121777.9594715235 126634.5131379478
121457.3545063154 126794.5927912761
121777.9594715235 126954.6724446045
121457.3545063154 128715.5486312164
121457.3545063154 127114.7520979328
121457.3545063154 127434.9114045895
121457.3545063154 127755.0707112463

120655.8420932953 135438.8940710075
120816.1445758993 135118.7347643508
121777.9594715235 126634.5131379478
121938.2619541275 126794.5927912761
121777.9594715235 126794.5927912761
121938.2619541275 126954.6724446045
121777.9594715235 126954.6724446045
121617.6569889195 126954.6724446045
121457.3545063154 126954.6724446045
121938.2619541275 127114.7520979328
121777.9594715235 127114.7520979328
121617.6569889195 127114.7520979328
121457.3545063154 127114.7520979328
121938.2619541275 127274.8317512612
121777.9594715235 127274.8317512612
121617.6569889195 127274.8317512612
121457.3545063154 127274.8317512612
121297.0520237114 127274.8317512612
121617.6569889195 127434.9114045895
121457.3545063154 127434.9114045895
121297.0520237114 127434.9114045895
121297.0520237114 127594.9910579179
121136.7495411074 127594.9910579179
117449.7924412148 131276.8230844702
117610.0949238188 131436.9027377985
117449.7924412148 131436.9027377985
117770.3974064228 131596.9823911269
117610.0949238188 131596.9823911269
117449.7924412148 131596.9823911269
117289.4899586107 131596.9823911269
117770.3974064228 131757.0620444552
117610.0949238188 131757.0620444552
117449.7924412148 131757.0620444552
117289.4899586107 131757.0620444552
117770.3974064228 131917.1416977836
117610.0949238188 131917.1416977836
117449.7924412148 131917.1416977836
117610.0949238188 132077.2213511119
117449.7924412148 132077.2213511119
117289.4899586107 132077.2213511119

120655.8420932953 135438.8940710075
120816.1445758993 135118.7347643508
121938.2619541275 126794.5927912761
121777.9594715235 126794.5927912761
121617.6569889195 126794.5927912761
121938.2619541275 126954.6724446045
121777.9594715235 126954.6724446045
121617.6569889195 126954.6724446045
121457.3545063154 126954.6724446045
121938.2619541275 127114.7520979328
121777.9594715235 127114.7520979328
121617.6569889195 127114.7520979328
121457.3545063154 127114.7520979328
121938.2619541275 127274.8317512612
121777.9594715235 127274.8317512612
121617.6569889195 127274.8317512612
121457.3545063154 127274.8317512612
121297.0520237114 127274.8317512612
121617.6569889195 127434.9114045895
121457.3545063154 127434.9114045895
121297.0520237114 127434.9114045895
121297.0520237114 127594.9910579179
121136.7495411074 127594.9910579179
117449.7924412148 131276.8230844702
117610.0949238188 131436.9027377985
117449.7924412148 131436.9027377985
117770.3974064228 131596.9823911269
117610.0949238188 131596.9823911269
117449.7924412148 131596.9823911269
117289.4899586107 131596.9823911269
117770.3974064228 131757.0620444552
117610.0949238188 131757.0620444552
117449.7924412148 131757.0620444552
117289.4899586107 131757.0620444552
117770.3974064228 131917.1416977836
117610.0949238188 131917.1416977836
117449.7924412148 131917.1416977836
117610.0949238188 132077.2213511119
117449.7924412148 132077.2213511119
117289.4899586107 132077.2213511119

120655.8420932953 135438.8940710075
120816.1445758993 135118.7347643508
117289.4899586107 132397.3806577687
117289.4899586107 132077.2213511119
117449.7924412148 132077.2213511119
117610.0949238188 132077.2213511119
117449.7924412148 131917.1416977836
117610.0949238188 131917.1416977836
117289.4899586107 131757.0620444552
117449.7924412148 131757.0620444552
117610.0949238188 131757.0620444552
117770.3974064228 131757.0620444552
117449.7924412148 131596.9823911269
117610.0949238188 131596.9823911269
117770.3974064228 131596.9823911269
117289.4899586107 131436.9027377985
117449.7924412148 131436.9027377985
117610.0949238188 131436.9027377985
117449.7924412148 131116.7434311418
120816.1445758993 128075.2300179030
120976.4470585034 127755.0707112463
121297.0520237114 127594.9910579179
121457.3545063154 127434.9114045895
121617.6569889195 127434.9114045895
121297.0520237114 127274.8317512612
121457.3545063154 127274.8317512612
121617.6569889195 127274.8317512612
121777.9594715235 127274.8317512612
121617.6569889195 127114.7520979328
121777.9594715235 127114.7520979328
121938.2619541275 127114.7520979328
121457.3545063154 126954.6724446045
121617.6569889195 126954.6724446045
121777.9594715235 126954.6724446045
121938.2619541275 126954.6724446045
121777.9594715235 126794.5927912761
121777.9594715235 126634.5131379478
129793.0836017248 119110.7694315149
129632.7811191208 119430.9287381716
129472.4786365168 119751.0880448284

120655.8420932953 135438.8940710075
121938.2619541275 126794.5927912761
121777.9594715235 126794.5927912761
121617.6569889195 126794.5927912761
121938.2619541275 126954.6724446045
121777.9594715235 126954.6724446045
121617.6569889195 126954.6724446045
121457.3545063154 126954.6724446045
121938.2619541275 127114.7520979328
121777.9594715235 127114.7520979328
121617.6569889195 127114.7520979328
121457.3545063154 127114.7520979328
121938.2619541275 127274.8317512612
121777.9594715235 127274.8317512612
121617.6569889195 127274.8317512612
121457.3545063154 127274.8317512612
121297.0520237114 127274.8317512612
121617.6569889195 127434.9114045895
121457.3545063154 127434.9114045895
121297.0520237114 127434.9114045895
121297.0520237114 127594.9910579179
121136.7495411074 127594.9910579179
117449.7924412148 131276.8230844702
117610.0949238188 131436.9027377985
117449.7924412148 131436.9027377985
117770.3974064228 131596.9823911269
117610.0949238188 131596.9823911269
117449.7924412148 131596.9823911269
117289.4899586107 131596.9823911269
117770.3974064228 131757.0620444552
117610.0949238188 131757.0620444552
117449.7924412148 131757.0620444552
117289.4899586107 131757.0620444552
117770.3974064228 131917.1416977836
117610.0949238188 131917.1416977836
117449.7924412148 131917.1416977836
117610.0949238188 132077.2213511119
117449.7924412148 132077.2213511119
117289.4899586107 132077.2213511119
117449.7924412148 132237.3010044403

120816.1445758993 135118.7347643508
121938.2619541275 126794.5927912761
121777.9594715235 126794.5927912761
121617.6569889195 126794.5927912761
121938.2619541275 126954.6724446045
121777.9594715235 126954.6724446045
121617.6569889195 126954.6724446045
121457.3545063154 126954.6724446045
121938.2619541275 127114.7520979328
121777.9594715235 127114.7520979328
121617.6569889195 127114.7520979328
121457.3545063154 127114.7520979328
121938.2619541275 127274.8317512612
121777.9594715235 127274.8317512612
121617.6569889195 127274.8317512612
121457.3545063154 127274.8317512612
121297.0520237114 127274.8317512612
121617.6569889195 127434.9114045895
121457.3545063154 127434.9114045895
121297.0520237114 127434.9114045895
121297.0520237114 127594.9910579179
121136.7495411074 127594.9910579179
117449.7924412148 131276.8230844702
117610.0949238188 131436.9027377985
117449.7924412148 131436.9027377985
117770.3974064228 131596.9823911269
117610.0949238188 131596.9823911269
117449.7924412148 131596.9823911269
117289.4899586107 131596.9823911269
117770.3974064228 131757.0620444552
117610.0949238188 131757.0620444552
117449.7924412148 131757.0620444552
117289.4899586107 131757.0620444552
117770.3974064228 131917.1416977836
117610.0949238188 131917.1416977836
117449.7924412148 131917.1416977836
117610.0949238188 132077.2213511119
117449.7924412148 132077.2213511119
117289.4899586107 132077.2213511119
117449.7924412148 132237.3010044403

120655.8420932953 135438.8940710075
120816.1445758993 135118.7347643508
121136.7495411074 134958.6551110224
117289.4899586107 132397.3806577687
117289.4899586107 132077.2213511119
117449.7924412148 132077.2213511119
117610.0949238188 132077.2213511119
117449.7924412148 131917.1416977836
117610.0949238188 131917.1416977836
117289.4899586107 131757.0620444552
117449.7924412148 131757.0620444552
117610.0949238188 131757.0620444552
117449.7924412148 131596.9823911269
117610.0949238188 131596.9823911269
117770.3974064228 131596.9823911269
117289.4899586107 131436.9027377985
117449.7924412148 131436.9027377985
117610.0949238188 131436.9027377985
117449.7924412148 131116.7434311418
120816.1445758993 128075.2300179030
120976.4470585034 127755.0707112463
121297.0520237114 127594.9910579179
121457.3545063154 127434.9114045895
121617.6569889195 127434.9114045895
121297.0520237114 127274.8317512612
121457.3545063154 127274.8317512612
121617.6569889195 127274.8317512612
121777.9594715235 127274.8317512612
121617.6569889195 127114.7520979328
121777.9594715235 127114.7520979328
121938.2619541275 127114.7520979328
129793.0836017248 119110.7694315149
129632.7811191208 119430.9287381716
129472.4786365168 119751.0880448284
121777.9594715235 126634.5131379478
121777.9594715235 126794.5927912761
121938.2619541275 126954.6724446045
121777.9594715235 126954.6724446045
121617.6569889195 126954.6724446045
121457.3545063154 126954.6724446045

120655.8420932953 135438.8940710075
120816.1445758993 135118.7347643508
121938.2619541275 126794.5927912761
121777.9594715235 126794.5927912761
121617.6569889195 126794.5927912761
121938.2619541275 126954.6724446045
121777.9594715235 126954.6724446045
121617.6569889195 126954.6724446045
121457.3545063154 126954.6724446045
121938.2619541275 127114.7520979328
121777.9594715235 127114.7520979328
121617.6569889195 127114.7520979328
121457.3545063154 127114.7520979328
121938.2619541275 127274.8317512612
121777.9594715235 127274.8317512612
121617.6569889195 127274.8317512612
121457.3545063154 127274.8317512612
121297.0520237114 127274.8317512612
121617.6569889195 127434.9114045895
121457.3545063154 127434.9114045895
121297.0520237114 127434.9114045895
121297.0520237114 127594.9910579179
121136.7495411074 127594.9910579179
117610.0949238188 131436.9027377985
117449.7924412148 131436.9027377985
117289.4899586107 131436.9027377985
117770.3974064228 131596.9823911269
117610.0949238188 131596.9823911269
117449.7924412148 131596.9823911269
117289.4899586107 131596.9823911269
117770.3974064228 131757.0620444552
117610.0949238188 131757.0620444552
117449.7924412148 131757.0620444552
117289.4899586107 131757.0620444552
117770.3974064228 131917.1416977836
117610.0949238188 131917.1416977836
117449.7924412148 131917.1416977836
117610.0949238188 132077.2213511119
117449.7924412148 132077.2213511119
117289.4899586107 132077.2213511119

120655.8420932953 135438.8940710075
120816.1445758993 135118.7347643508
117289.4899586107 132397.3806577687
117289.4899586107 132077.2213511119
117449.7924412148 132077.2213511119
117610.0949238188 132077.2213511119
117449.7924412148 131917.1416977836
117610.0949238188 131917.1416977836
117289.4899586107 131757.0620444552
117449.7924412148 131757.0620444552
117610.0949238188 131757.0620444552
117770.3974064228 131757.0620444552
117449.7924412148 131596.9823911269
117610.0949238188 131596.9823911269
117770.3974064228 131596.9823911269
117289.4899586107 131436.9027377985
117449.7924412148 131436.9027377985
117610.0949238188 131436.9027377985
117449.7924412148 131116.7434311418
120816.1445758993 128075.2300179030
121136.7495411074 127915.1503645746
121136.7495411074 127594.9910579179
121297.0520237114 127594.9910579179
121617.6569889195 127434.9114045895
121297.0520237114 127274.8317512612
121457.3545063154 127274.8317512612
121617.6569889195 127274.8317512612
121777.9594715235 127274.8317512612
121617.6569889195 127114.7520979328
121777.9594715235 127114.7520979328
121938.2619541275 127114.7520979328
121457.3545063154 126954.6724446045
121617.6569889195 126954.6724446045
121777.9594715235 126954.6724446045
121938.2619541275 126954.6724446045
121777.9594715235 126794.5927912761
121777.9594715235 126634.5131379478
129793.0836017248 119110.7694315149
129632.7811191208 119430.9287381716
129472.4786365168 119751.0880448284

120655.8420932953 135438.8940710075
120655.8420932953 135118.7347643508
121136.7495411074 134958.6551110224
123060.3793323557 133357.8585777388
123380.9842975638 133197.7789244105
117449.7924412148 132877.6196177537
117129.1874760067 132397.3806577687
117289.4899586107 132077.2213511119
117449.7924412148 132077.2213511119
129953.3860843289 118790.6101248582
129793.0836017248 119110.7694315149
129632.7811191208 119430.9287381716
129632.7811191208 119751.0880448284
129312.1761539127 119911.1676981567
129312.1761539127 120391.4066581418
128991.5711887047 120711.5659647985
128190.0587756846 120871.6456181269
126587.0339496443 125834.1148713060
126426.7314670403 126154.2741779627
122098.5644367315 126154.2741779627
122419.1694019396 126634.5131379478
121777.9594715235 126634.5131379478
121457.3545063154 126794.5927912761
121777.9594715235 126954.6724446045
122098.5644367315 127114.7520979328
121457.3545063154 127114.7520979328
121457.3545063154 127434.9114045895
121457.3545063154 127755.0707112463
120816.1445758993 127755.0707112463
120816.1445758993 128075.2300179030
120816.1445758993 128395.3893245597
133319.7382190134 130956.6637778134
117449.7924412148 131116.7434311418
133159.4357364094 131436.9027377985
117449.7924412148 131436.9027377985
117610.0949238188 131596.9823911269
132678.5282885973 131757.0620444552
117449.7924412148 131757.0620444552
117770.3974064228 132077.2213511119
117610.0949238188 132397.3806577687

120655.8420932953 135438.8940710075
120816.1445758993 135118.7347643508
121136.7495411074 134958.6551110224
117129.1874760067 133838.0975377239
123060.3793323557 133357.8585777388
123380.9842975638 133197.7789244105
129953.3860843289 118790.6101248582
129793.0836017248 119110.7694315149
129632.7811191208 119430.9287381716
129632.7811191208 119751.0880448284
129312.1761539127 119911.1676981567
129312.1761539127 120391.4066581418
128991.5711887047 120711.5659647985
128190.0587756846 120871.6456181269
126587.0339496443 125834.1148713060
126426.7314670403 126154.2741779627
122098.5644367315 126154.2741779627
122419.1694019396 126634.5131379478
121777.9594715235 126634.5131379478
121457.3545063154 126794.5927912761
121777.9594715235 126954.6724446045
122098.5644367315 127114.7520979328
121457.3545063154 127114.7520979328
121457.3545063154 127434.9114045895
121457.3545063154 127755.0707112463
120816.1445758993 127755.0707112463
120816.1445758993 128075.2300179030
120816.1445758993 128395.3893245597
133319.7382190134 130956.6637778134
117449.7924412148 131116.7434311418
133159.4357364094 131436.9027377985
117449.7924412148 131436.9027377985
117610.0949238188 131596.9823911269
132678.5282885973 131757.0620444552
117449.7924412148 131757.0620444552
117770.3974064228 132077.2213511119
117610.0949238188 132397.3806577687
116968.8849934027 132397.3806577687
123701.5892627718 132717.5399644254
125945.8240192282 126314.3538312911

120655.8420932953 135438.8940710075
121938.2619541275 126794.5927912761
121777.9594715235 126794.5927912761
121617.6569889195 126794.5927912761
121938.2619541275 126954.6724446045
121777.9594715235 126954.6724446045
121617.6569889195 126954.6724446045
121457.3545063154 126954.6724446045
121938.2619541275 127114.7520979328
121777.9594715235 127114.7520979328
121617.6569889195 127114.7520979328
121457.3545063154 127114.7520979328
121938.2619541275 127274.8317512612
121777.9594715235 127274.8317512612
121617.6569889195 127274.8317512612
121457.3545063154 127274.8317512612
121297.0520237114 127274.8317512612
121617.6569889195 127434.9114045895
121457.3545063154 127434.9114045895
121297.0520237114 127434.9114045895
121297.0520237114 127594.9910579179
121136.7495411074 127594.9910579179
117610.0949238188 131436.9027377985
117449.7924412148 131436.9027377985
117289.4899586107 131436.9027377985
117770.3974064228 131596.9823911269
117610.0949238188 131596.9823911269
117449.7924412148 131596.9823911269
117289.4899586107 131596.9823911269
117770.3974064228 131757.0620444552
117610.0949238188 131757.0620444552
117449.7924412148 131757.0620444552
117289.4899586107 131757.0620444552
117770.3974064228 131917.1416977836
117610.0949238188 131917.1416977836
117449.7924412148 131917.1416977836
117610.0949238188 132077.2213511119
117449.7924412148 132077.2213511119
117289.4899586107 132077.2213511119
117449.7924412148 132237.3010044403

120816.1445758993 135118.7347643508
121938.2619541275 126794.5927912761
121777.9594715235 126794.5927912761
121617.6569889195 126794.5927912761
121938.2619541275 126954.6724446045
121777.9594715235 126954.6724446045
121617.6569889195 126954.6724446045
121457.3545063154 126954.6724446045
121938.2619541275 127114.7520979328
121777.9594715235 127114.7520979328
121617.6569889195 127114.7520979328
121457.3545063154 127114.7520979328
121938.2619541275 127274.8317512612
121777.9594715235 127274.8317512612
121617.6569889195 127274.8317512612
121457.3545063154 127274.8317512612
121297.0520237114 127274.8317512612
121617.6569889195 127434.9114045895
121457.3545063154 127434.9114045895
121297.0520237114 127434.9114045895
121297.0520237114 127594.9910579179
121136.7495411074 127594.9910579179
117610.0949238188 131436.9027377985
117449.7924412148 131436.9027377985
117289.4899586107 131436.9027377985
117770.3974064228 131596.9823911269
117610.0949238188 131596.9823911269
117449.7924412148 131596.9823911269
117289.4899586107 131596.9823911269
117770.3974064228 131757.0620444552
117610.0949238188 131757.0620444552
117449.7924412148 131757.0620444552
117289.4899586107 131757.0620444552
117770.3974064228 131917.1416977836
117610.0949238188 131917.1416977836
117449.7924412148 131917.1416977836
117610.0949238188 132077.2213511119
117449.7924412148 132077.2213511119
117289.4899586107 132077.2213511119
117449.7924412148 132237.3010044403

120655.8420932953 135438.8940710075
120816.1445758993 135118.7347643508
117289.4899586107 132397.3806577687
117449.7924412148 132237.3010044403
117289.4899586107 132077.2213511119
117449.7924412148 132077.2213511119
117610.0949238188 132077.2213511119
117449.7924412148 131917.1416977836
117610.0949238188 131917.1416977836
117289.4899586107 131757.0620444552
117449.7924412148 131757.0620444552
117610.0949238188 131757.0620444552
117770.3974064228 131757.0620444552
117449.7924412148 131596.9823911269
117610.0949238188 131596.9823911269
117770.3974064228 131596.9823911269
117289.4899586107 131436.9027377985
117449.7924412148 131436.9027377985
117610.0949238188 131436.9027377985
117449.7924412148 131116.7434311418
120976.4470585034 127915.1503645746
121136.7495411074 127594.9910579179
121297.0520237114 127594.9910579179
121457.3545063154 127434.9114045895
121617.6569889195 127434.9114045895
121297.0520237114 127274.8317512612
121457.3545063154 127274.8317512612
121617.6569889195 127274.8317512612
121777.9594715235 127274.8317512612
129793.0836017248 119110.7694315149
121777.9594715235 126634.5131379478
121938.2619541275 126794.5927912761
121777.9594715235 126794.5927912761
121938.2619541275 126954.6724446045
121777.9594715235 126954.6724446045
121617.6569889195 126954.6724446045
121457.3545063154 126954.6724446045
121938.2619541275 127114.7520979328
121777.9594715235 127114.7520979328
121617.6569889195 127114.7520979328

120655.8420932953 135438.8940710075
120655.8420932953 135118.7347643508
121136.7495411074 134958.6551110224
123060.3793323557 133357.8585777388
123380.9842975638 133197.7789244105
117449.7924412148 132877.6196177537
117129.1874760067 132397.3806577687
117289.4899586107 132077.2213511119
117449.7924412148 132077.2213511119
117610.0949238188 132077.2213511119
129953.3860843289 118790.6101248582
129793.0836017248 119110.7694315149
129632.7811191208 119430.9287381716
129632.7811191208 119751.0880448284
129312.1761539127 119911.1676981567
129312.1761539127 120391.4066581418
128991.5711887047 120711.5659647985
128190.0587756846 120871.6456181269
126587.0339496443 125834.1148713060
126426.7314670403 126154.2741779627
122098.5644367315 126154.2741779627
122419.1694019396 126634.5131379478
121777.9594715235 126634.5131379478
121457.3545063154 126794.5927912761
121777.9594715235 126954.6724446045
122098.5644367315 127114.7520979328
121457.3545063154 127114.7520979328
121457.3545063154 127434.9114045895
121457.3545063154 127755.0707112463
120816.1445758993 127755.0707112463
120816.1445758993 128075.2300179030
120816.1445758993 128395.3893245597
133319.7382190134 130956.6637778134
117449.7924412148 131116.7434311418
133159.4357364094 131436.9027377985
117449.7924412148 131436.9027377985
117610.0949238188 131596.9823911269
132678.5282885973 131757.0620444552
117449.7924412148 131757.0620444552
117770.3974064228 132077.2213511119

120655.8420932953 135438.8940710075
120816.1445758993 135118.7347643508
129953.3860843289 118790.6101248582
129793.0836017248 119110.7694315149
129632.7811191208 119430.9287381716
129632.7811191208 119751.0880448284
129312.1761539127 119911.1676981567
129312.1761539127 120391.4066581418
128991.5711887047 120711.5659647985
121457.3545063154 134638.4958043657
126587.0339496443 125834.1148713060
126426.7314670403 126154.2741779627
122098.5644367315 126154.2741779627
122419.1694019396 126634.5131379478
121777.9594715235 126634.5131379478
121457.3545063154 126794.5927912761
121777.9594715235 126954.6724446045
122098.5644367315 127114.7520979328
121457.3545063154 127114.7520979328
121457.3545063154 127434.9114045895
121457.3545063154 127755.0707112463
120816.1445758993 127755.0707112463
120816.1445758993 128075.2300179030
120816.1445758993 128395.3893245597
133319.7382190134 130956.6637778134
117449.7924412148 131116.7434311418
133159.4357364094 131436.9027377985
117449.7924412148 131436.9027377985
117610.0949238188 131596.9823911269
132678.5282885973 131757.0620444552
117449.7924412148 131757.0620444552
117770.3974064228 132077.2213511119
117610.0949238188 132397.3806577687
116968.8849934027 132397.3806577687
123701.5892627718 132717.5399644254
117449.7924412148 133037.6992710821
123380.9842975638 133197.7789244105
123060.3793323557 133357.8585777388
117129.1874760067 133838.0975377239
121136.7495411074 134958.6551110224

120655.8420932953 135438.8940710075
120816.1445758993 135118.7347643508
117289.4899586107 132397.3806577687
117289.4899586107 132077.2213511119
117449.7924412148 132077.2213511119
117610.0949238188 132077.2213511119
117449.7924412148 131917.1416977836
117610.0949238188 131917.1416977836
117770.3974064228 131917.1416977836
117289.4899586107 131757.0620444552
117449.7924412148 131757.0620444552
117610.0949238188 131757.0620444552
117770.3974064228 131757.0620444552
117449.7924412148 131596.9823911269
117610.0949238188 131596.9823911269
117770.3974064228 131596.9823911269
129793.0836017248 119110.7694315149
121777.9594715235 126634.5131379478
121938.2619541275 126794.5927912761
121777.9594715235 126794.5927912761
121938.2619541275 126954.6724446045
121777.9594715235 126954.6724446045
121617.6569889195 126954.6724446045
121457.3545063154 126954.6724446045
121938.2619541275 127114.7520979328
121777.9594715235 127114.7520979328
121617.6569889195 127114.7520979328
121777.9594715235 127274.8317512612
121617.6569889195 127274.8317512612
121457.3545063154 127274.8317512612
121297.0520237114 127274.8317512612
121617.6569889195 127434.9114045895
121457.3545063154 127434.9114045895
121297.0520237114 127594.9910579179
121136.7495411074 127594.9910579179
121136.7495411074 127915.1503645746
120816.1445758993 128075.2300179030
117610.0949238188 131436.9027377985
117449.7924412148 131436.9027377985
117289.4899586107 131436.9027377985

120655.8420932953 135438.8940710075
120655.8420932953 135118.7347643508
121136.7495411074 134958.6551110224
129953.3860843289 118790.6101248582
129793.0836017248 119110.7694315149
129632.7811191208 119430.9287381716
129632.7811191208 119751.0880448284
129312.1761539127 119911.1676981567
129312.1761539127 120391.4066581418
128991.5711887047 120711.5659647985
128190.0587756846 120871.6456181269
126587.0339496443 125834.1148713060
126426.7314670403 126154.2741779627
122419.1694019396 126634.5131379478
121777.9594715235 126634.5131379478
121457.3545063154 126794.5927912761
121777.9594715235 126954.6724446045
122098.5644367315 127114.7520979328
121457.3545063154 127114.7520979328
121457.3545063154 127434.9114045895
121457.3545063154 127755.0707112463
120816.1445758993 127755.0707112463
120816.1445758993 128075.2300179030
120816.1445758993 128395.3893245597
133319.7382190134 130956.6637778134
117449.7924412148 131116.7434311418
132678.5282885973 131436.9027377985
117449.7924412148 131436.9027377985
117610.0949238188 131596.9823911269
117449.7924412148 131757.0620444552
117289.4899586107 131757.0620444552
117610.0949238188 131917.1416977836
117610.0949238188 132077.2213511119
117449.7924412148 132077.2213511119
117289.4899586107 132077.2213511119
117129.1874760067 132397.3806577687
117449.7924412148 132877.6196177537
123380.9842975638 133197.7789244105
123060.3793323557 133357.8585777388
117129.1874760067 133838.0975377239

120655.8420932953 135438.8940710075
120816.1445758993 135118.7347643508
121136.7495411074 134958.6551110224
117129.1874760067 133838.0975377239
123060.3793323557 133357.8585777388
123380.9842975638 133197.7789244105
117449.7924412148 133037.6992710821
123701.5892627718 132717.5399644254
116968.8849934027 132397.3806577687
117610.0949238188 132397.3806577687
117770.3974064228 132077.2213511119
117449.7924412148 131757.0620444552
132678.5282885973 131757.0620444552
117610.0949238188 131596.9823911269
117449.7924412148 131436.9027377985
133159.4357364094 131436.9027377985
117449.7924412148 131116.7434311418
133319.7382190134 130956.6637778134
120816.1445758993 128395.3893245597
120816.1445758993 128075.2300179030
120816.1445758993 127755.0707112463
121457.3545063154 127755.0707112463
121457.3545063154 127434.9114045895
121457.3545063154 127114.7520979328
122098.5644367315 127114.7520979328
135083.0655276577 115108.7780983060
134922.7630450537 115909.1763649478
132838.8307712013 116869.6542849179
132999.1332538054 117349.8932449030
131556.4109103691 118790.6101248582
132999.1332538054 119110.7694315149
131075.5034625570 119110.7694315149
129953.3860843289 119110.7694315149
129793.0836017248 120071.2473514851
131877.0158755772 120711.5659647985
128670.9662234966 120871.6456181269
130434.2935321409 122952.6811113955
124984.0091236040 122952.6811113955
130113.6885669329 123112.7607647239
129793.0836017248 123753.0793780373

120655.8420932953 134478.4161510373
122739.7743671477 133998.1771910522
117610.0949238188 133197.7789244105
123380.9842975638 133037.6992710821
128190.0587756846 133037.6992710821
129312.1761539127 132717.5399644254
120816.1445758993 132397.3806577687
118091.0023716309 132237.3010044403
113923.1378239262 132077.2213511119
120816.1445758993 132077.2213511119
127388.5463626644 132077.2213511119
123380.9842975638 131276.8230844702
129953.3860843289 118790.6101248582
129793.0836017248 119110.7694315149
129632.7811191208 119430.9287381716
129632.7811191208 119751.0880448284
129312.1761539127 119911.1676981567
129312.1761539127 120391.4066581418
128991.5711887047 120711.5659647985
128190.0587756846 120871.6456181269
126587.0339496443 125834.1148713060
126426.7314670403 126154.2741779627
122098.5644367315 126154.2741779627
122419.1694019396 126634.5131379478
121777.9594715235 126634.5131379478
121457.3545063154 126794.5927912761
121777.9594715235 126954.6724446045
122098.5644367315 127114.7520979328
121457.3545063154 127114.7520979328
121457.3545063154 127434.9114045895
121457.3545063154 127755.0707112463
120816.1445758993 127755.0707112463
120816.1445758993 128075.2300179030
120816.1445758993 128395.3893245597
133319.7382190134 130956.6637778134
117449.7924412148 131116.7434311418
133159.4357364094 131436.9027377985
117449.7924412148 131436.9027377985
117610.0949238188 131596.9823911269
132678.5282885973 131757.0620444552

120655.8420932953 135438.8940710075
120816.1445758993 135118.7347643508
117289.4899586107 132397.3806577687
117289.4899586107 132077.2213511119
117449.7924412148 132077.2213511119
117610.0949238188 132077.2213511119
117449.7924412148 131917.1416977836
117610.0949238188 131917.1416977836
117289.4899586107 131757.0620444552
117449.7924412148 131757.0620444552
117610.0949238188 131757.0620444552
117770.3974064228 131757.0620444552
117449.7924412148 131596.9823911269
117610.0949238188 131596.9823911269
117289.4899586107 131436.9027377985
117449.7924412148 131436.9027377985
117610.0949238188 131436.9027377985
117449.7924412148 131116.7434311418
120816.1445758993 128075.2300179030
120816.1445758993 127755.0707112463
121297.0520237114 127594.9910579179
121457.3545063154 127434.9114045895
121617.6569889195 127434.9114045895
121297.0520237114 127274.8317512612
121457.3545063154 127274.8317512612
121617.6569889195 127274.8317512612
121777.9594715235 127274.8317512612
121457.3545063154 127114.7520979328
121617.6569889195 127114.7520979328
121777.9594715235 127114.7520979328
121938.2619541275 127114.7520979328
121457.3545063154 126954.6724446045
121617.6569889195 126954.6724446045
121777.9594715235 126954.6724446045
121938.2619541275 126954.6724446045
121777.9594715235 126794.5927912761
121938.2619541275 126794.5927912761
121777.9594715235 126634.5131379478
121457.3545063154 126794.5927912761
121136.7495411074 127594.9910579179

120655.8420932953 135438.8940710075
120816.1445758993 135118.7347643508
120495.5396106913 128715.5486312164
117129.1874760067 133838.0975377239
129953.3860843289 118790.6101248582
129793.0836017248 119110.7694315149
129632.7811191208 119430.9287381716
129632.7811191208 119751.0880448284
129312.1761539127 119911.1676981567
129312.1761539127 120391.4066581418
128991.5711887047 120711.5659647985
128190.0587756846 120871.6456181269
126587.0339496443 125834.1148713060
126426.7314670403 126154.2741779627
122098.5644367315 126154.2741779627
122419.1694019396 126634.5131379478
121777.9594715235 126634.5131379478
121457.3545063154 126794.5927912761
121777.9594715235 126954.6724446045
122098.5644367315 127114.7520979328
121457.3545063154 127114.7520979328
121457.3545063154 127434.9114045895
121457.3545063154 127755.0707112463
120816.1445758993 127755.0707112463
120816.1445758993 128075.2300179030
120816.1445758993 128395.3893245597
133319.7382190134 130956.6637778134
117449.7924412148 131116.7434311418
133159.4357364094 131436.9027377985
117449.7924412148 131436.9027377985
117610.0949238188 131596.9823911269
132678.5282885973 131757.0620444552
117449.7924412148 131757.0620444552
117770.3974064228 132077.2213511119
117610.0949238188 132397.3806577687
116968.8849934027 132397.3806577687
123701.5892627718 132717.5399644254
117449.7924412148 133037.6992710821
123380.9842975638 133197.7789244105
123060.3793323557 133357.8585777388

120655.8420932953 135438.8940710075
120655.8420932953 135118.7347643508
121136.7495411074 134958.6551110224
123060.3793323557 133357.8585777388
123380.9842975638 133197.7789244105
117449.7924412148 132877.6196177537
117129.1874760067 132397.3806577687
129953.3860843289 118790.6101248582
129793.0836017248 119110.7694315149
129632.7811191208 119430.9287381716
129632.7811191208 119751.0880448284
129312.1761539127 119911.1676981567
129312.1761539127 120391.4066581418
128991.5711887047 120711.5659647985
128190.0587756846 120871.6456181269
126587.0339496443 125834.1148713060
126426.7314670403 126154.2741779627
122419.1694019396 126634.5131379478
121777.9594715235 126634.5131379478
129632.7811191208 125674.0352179776
121777.9594715235 126954.6724446045
122098.5644367315 127114.7520979328
121457.3545063154 127114.7520979328
121457.3545063154 127434.9114045895
121457.3545063154 127755.0707112463
120816.1445758993 127755.0707112463
120816.1445758993 128075.2300179030
120816.1445758993 128395.3893245597
133319.7382190134 130956.6637778134
117449.7924412148 131116.7434311418
117449.7924412148 131436.9027377985
117610.0949238188 131596.9823911269
132678.5282885973 131757.0620444552
117449.7924412148 131757.0620444552
117289.4899586107 131757.0620444552
117610.0949238188 131917.1416977836
117610.0949238188 132077.2213511119
117449.7924412148 132077.2213511119
117289.4899586107 132077.2213511119
117129.1874760067 133838.0975377239

120655.8420932953 135438.8940710075
120655.8420932953 135118.7347643508
120816.1445758993 135118.7347643508
121136.7495411074 134958.6551110224
117129.1874760067 133838.0975377239
123060.3793323557 133357.8585777388
123380.9842975638 133197.7789244105
117449.7924412148 132877.6196177537
117129.1874760067 132397.3806577687
117289.4899586107 132077.2213511119
117449.7924412148 132077.2213511119
117610.0949238188 132077.2213511119
117610.0949238188 131917.1416977836
129953.3860843289 118790.6101248582
129793.0836017248 119110.7694315149
129632.7811191208 119430.9287381716
129632.7811191208 119751.0880448284
129312.1761539127 119911.1676981567
129312.1761539127 120391.4066581418
128991.5711887047 120711.5659647985
128190.0587756846 120871.6456181269
126587.0339496443 125834.1148713060
126426.7314670403 126154.2741779627
122419.1694019396 126634.5131379478
121777.9594715235 126634.5131379478
121457.3545063154 126794.5927912761
121777.9594715235 126954.6724446045
122098.5644367315 127114.7520979328
121457.3545063154 127114.7520979328
121457.3545063154 127434.9114045895
121457.3545063154 127755.0707112463
120816.1445758993 127755.0707112463
120816.1445758993 128075.2300179030
120816.1445758993 128395.3893245597
133319.7382190134 130956.6637778134
117449.7924412148 131116.7434311418
117449.7924412148 131436.9027377985
117610.0949238188 131596.9823911269
132678.5282885973 131757.0620444552
117449.7924412148 131757.0620444552

120655.8420932953 135438.8940710075
120816.1445758993 135118.7347643508
121136.7495411074 134958.6551110224
117129.1874760067 133838.0975377239
123060.3793323557 133357.8585777388
123380.9842975638 133197.7789244105
117129.1874760067 132397.3806577687
117289.4899586107 132077.2213511119
117449.7924412148 132077.2213511119
117610.0949238188 132077.2213511119
117610.0949238188 131917.1416977836
117289.4899586107 131757.0620444552
117449.7924412148 131757.0620444552
117770.3974064228 131596.9823911269
117449.7924412148 131436.9027377985
117610.0949238188 131436.9027377985
117449.7924412148 131116.7434311418
129953.3860843289 118790.6101248582
129793.0836017248 119110.7694315149
129632.7811191208 119430.9287381716
129632.7811191208 119751.0880448284
129312.1761539127 119911.1676981567
129312.1761539127 120391.4066581418
128991.5711887047 120711.5659647985
128190.0587756846 120871.6456181269
126587.0339496443 125834.1148713060
126426.7314670403 126154.2741779627
122419.1694019396 126634.5131379478
121777.9594715235 126634.5131379478
121457.3545063154 126794.5927912761
121777.9594715235 126954.6724446045
122098.5644367315 127114.7520979328
121457.3545063154 127114.7520979328
121457.3545063154 127434.9114045895
121457.3545063154 127755.0707112463
120816.1445758993 127755.0707112463
120816.1445758993 128075.2300179030
120816.1445758993 128395.3893245597
133319.7382190134 130956.6637778134
133159.4357364094 131436.9027377985

120655.8420932953 135438.8940710075
120816.1445758993 135118.7347643508
117289.4899586107 132397.3806577687
121777.9594715235 126634.5131379478
121938.2619541275 126794.5927912761
121777.9594715235 126794.5927912761
121938.2619541275 126954.6724446045
121777.9594715235 126954.6724446045
121617.6569889195 126954.6724446045
121457.3545063154 126954.6724446045
121938.2619541275 127114.7520979328
121777.9594715235 127114.7520979328
121617.6569889195 127114.7520979328
121457.3545063154 127114.7520979328
121777.9594715235 127274.8317512612
121617.6569889195 127274.8317512612
121457.3545063154 127274.8317512612
121297.0520237114 127274.8317512612
121617.6569889195 127434.9114045895
121457.3545063154 127434.9114045895
121297.0520237114 127594.9910579179
121136.7495411074 127594.9910579179
120976.4470585034 127915.1503645746
117449.7924412148 131116.7434311418
117610.0949238188 131436.9027377985
117449.7924412148 131436.9027377985
117289.4899586107 131436.9027377985
117770.3974064228 131596.9823911269
117610.0949238188 131596.9823911269
117449.7924412148 131596.9823911269
117770.3974064228 131757.0620444552
117610.0949238188 131757.0620444552
117449.7924412148 131757.0620444552
117289.4899586107 131757.0620444552
117770.3974064228 131917.1416977836
117610.0949238188 131917.1416977836
117449.7924412148 131917.1416977836
117610.0949238188 132077.2213511119
117449.7924412148 132077.2213511119
117289.4899586107 132077.2213511119

120655.8420932953 135438.8940710075
120816.1445758993 135118.7347643508
117289.4899586107 132397.3806577687
117289.4899586107 132077.2213511119
117449.7924412148 132077.2213511119
117610.0949238188 132077.2213511119
117449.7924412148 131917.1416977836
117610.0949238188 131917.1416977836
117289.4899586107 131757.0620444552
117449.7924412148 131757.0620444552
117610.0949238188 131757.0620444552
117770.3974064228 131757.0620444552
117449.7924412148 131596.9823911269
117610.0949238188 131596.9823911269
117770.3974064228 131596.9823911269
129793.0836017248 119110.7694315149
129632.7811191208 119430.9287381716
129472.4786365168 119751.0880448284
121777.9594715235 126634.5131379478
121777.9594715235 126794.5927912761
121938.2619541275 126954.6724446045
121777.9594715235 126954.6724446045
121617.6569889195 126954.6724446045
121457.3545063154 126954.6724446045
121938.2619541275 127114.7520979328
121777.9594715235 127114.7520979328
121617.6569889195 127114.7520979328
121777.9594715235 127274.8317512612
121617.6569889195 127274.8317512612
121457.3545063154 127274.8317512612
121297.0520237114 127274.8317512612
121617.6569889195 127434.9114045895
121457.3545063154 127434.9114045895
121297.0520237114 127594.9910579179
121136.7495411074 127594.9910579179
120816.1445758993 127755.0707112463
120816.1445758993 128075.2300179030
117449.7924412148 131116.7434311418
117610.0949238188 131436.9027377985
117449.7924412148 131436.9027377985

120655.8420932953 135438.8940710075
120816.1445758993 135118.7347643508
117289.4899586107 132397.3806577687
129793.0836017248 119110.7694315149
129632.7811191208 119430.9287381716
121777.9594715235 126634.5131379478
121938.2619541275 126794.5927912761
121938.2619541275 126954.6724446045
121777.9594715235 126954.6724446045
121617.6569889195 126954.6724446045
121457.3545063154 126954.6724446045
121938.2619541275 127114.7520979328
121777.9594715235 127114.7520979328
121617.6569889195 127114.7520979328
121777.9594715235 127274.8317512612
121617.6569889195 127274.8317512612
121457.3545063154 127274.8317512612
121297.0520237114 127274.8317512612
121617.6569889195 127434.9114045895
121457.3545063154 127434.9114045895
121297.0520237114 127594.9910579179
121136.7495411074 127594.9910579179
121136.7495411074 127915.1503645746
120816.1445758993 128075.2300179030
117449.7924412148 131116.7434311418
117610.0949238188 131436.9027377985
117449.7924412148 131436.9027377985
117289.4899586107 131436.9027377985
117770.3974064228 131596.9823911269
117610.0949238188 131596.9823911269
117449.7924412148 131596.9823911269
117770.3974064228 131757.0620444552
117610.0949238188 131757.0620444552
117449.7924412148 131757.0620444552
117289.4899586107 131757.0620444552
117610.0949238188 131917.1416977836
117449.7924412148 131917.1416977836
117610.0949238188 132077.2213511119
117449.7924412148 132077.2213511119
117289.4899586107 132077.2213511119

120655.8420932953 135438.8940710075
120816.1445758993 135118.7347643508
117289.4899586107 132397.3806577687
117289.4899586107 132077.2213511119
117449.7924412148 132077.2213511119
117610.0949238188 132077.2213511119
117449.7924412148 131917.1416977836
117610.0949238188 131917.1416977836
117770.3974064228 131917.1416977836
117289.4899586107 131757.0620444552
117449.7924412148 131757.0620444552
117610.0949238188 131757.0620444552
117770.3974064228 131757.0620444552
117449.7924412148 131596.9823911269
117610.0949238188 131596.9823911269
117770.3974064228 131596.9823911269
117289.4899586107 131436.9027377985
117449.7924412148 131436.9027377985
117610.0949238188 131436.9027377985
121136.7495411074 127594.9910579179
121297.0520237114 127594.9910579179
121297.0520237114 127434.9114045895
121457.3545063154 127434.9114045895
121617.6569889195 127434.9114045895
121297.0520237114 127274.8317512612
121457.3545063154 127274.8317512612
121617.6569889195 127274.8317512612
121777.9594715235 127274.8317512612
121457.3545063154 127114.7520979328
121617.6569889195 127114.7520979328
121777.9594715235 127114.7520979328
121938.2619541275 127114.7520979328
121457.3545063154 126954.6724446045
121617.6569889195 126954.6724446045
121777.9594715235 126954.6724446045
121938.2619541275 126954.6724446045
121777.9594715235 126634.5131379478
121938.2619541275 126794.5927912761
121777.9594715235 126794.5927912761
120976.4470585034 127915.1503645746

120655.8420932953 135438.8940710075
120816.1445758993 135118.7347643508
121777.9594715235 126634.5131379478
121938.2619541275 126794.5927912761
121777.9594715235 126794.5927912761
121938.2619541275 126954.6724446045
121777.9594715235 126954.6724446045
121617.6569889195 126954.6724446045
121457.3545063154 126954.6724446045
121938.2619541275 127114.7520979328
121777.9594715235 127114.7520979328
121617.6569889195 127114.7520979328
121457.3545063154 127114.7520979328
121777.9594715235 127274.8317512612
121617.6569889195 127274.8317512612
121457.3545063154 127274.8317512612
121297.0520237114 127274.8317512612
121617.6569889195 127434.9114045895
121457.3545063154 127434.9114045895
121297.0520237114 127594.9910579179
121136.7495411074 127594.9910579179
120976.4470585034 127915.1503645746
117449.7924412148 131116.7434311418
117610.0949238188 131436.9027377985
117449.7924412148 131436.9027377985
117289.4899586107 131436.9027377985
117770.3974064228 131596.9823911269
117610.0949238188 131596.9823911269
117449.7924412148 131596.9823911269
117770.3974064228 131757.0620444552
117610.0949238188 131757.0620444552
117449.7924412148 131757.0620444552
117289.4899586107 131757.0620444552
117610.0949238188 131917.1416977836
117449.7924412148 131917.1416977836
117610.0949238188 132077.2213511119
117449.7924412148 132077.2213511119
117289.4899586107 132077.2213511119
117449.7924412148 132237.3010044403
117289.4899586107 132397.3806577687

120816.1445758993 135118.7347643508
117449.7924412148 132237.3010044403
117289.4899586107 132077.2213511119
117449.7924412148 132077.2213511119
117610.0949238188 132077.2213511119
117449.7924412148 131917.1416977836
117610.0949238188 131917.1416977836
117289.4899586107 131757.0620444552
117449.7924412148 131757.0620444552
117610.0949238188 131757.0620444552
117770.3974064228 131757.0620444552
117289.4899586107 131596.9823911269
117449.7924412148 131596.9823911269
117610.0949238188 131596.9823911269
117770.3974064228 131596.9823911269
121777.9594715235 126634.5131379478
121938.2619541275 126794.5927912761
121777.9594715235 126794.5927912761
121938.2619541275 126954.6724446045
121777.9594715235 126954.6724446045
121617.6569889195 126954.6724446045
121457.3545063154 126954.6724446045
121938.2619541275 127114.7520979328
121777.9594715235 127114.7520979328
121617.6569889195 127114.7520979328
121457.3545063154 127114.7520979328
121938.2619541275 127274.8317512612
121777.9594715235 127274.8317512612
121617.6569889195 127274.8317512612
121457.3545063154 127274.8317512612
121297.0520237114 127274.8317512612
121617.6569889195 127434.9114045895
121457.3545063154 127434.9114045895
121297.0520237114 127434.9114045895
121297.0520237114 127594.9910579179
121136.7495411074 127594.9910579179
117610.0949238188 131436.9027377985
117449.7924412148 131436.9027377985
117289.4899586107 131436.9027377985
117770.3974064228 131917.1416977836

120655.8420932953 135438.8940710075
120816.1445758993 135118.7347643508
117289.4899586107 132397.3806577687
117289.4899586107 132077.2213511119
117449.7924412148 132077.2213511119
117610.0949238188 132077.2213511119
117449.7924412148 131917.1416977836
117610.0949238188 131917.1416977836
117289.4899586107 131757.0620444552
117449.7924412148 131757.0620444552
117610.0949238188 131757.0620444552
117449.7924412148 131596.9823911269
117610.0949238188 131596.9823911269
117770.3974064228 131596.9823911269
117289.4899586107 131436.9027377985
117449.7924412148 131436.9027377985
117610.0949238188 131436.9027377985
117449.7924412148 131116.7434311418
120816.1445758993 128075.2300179030
120816.1445758993 127755.0707112463
121136.7495411074 127594.9910579179
121297.0520237114 127594.9910579179
121457.3545063154 127434.9114045895
121617.6569889195 127434.9114045895
121297.0520237114 127274.8317512612
121457.3545063154 127274.8317512612
121617.6569889195 127274.8317512612
121777.9594715235 127274.8317512612
121617.6569889195 127114.7520979328
121777.9594715235 127114.7520979328
121938.2619541275 127114.7520979328
121457.3545063154 126954.6724446045
121617.6569889195 126954.6724446045
121777.9594715235 126954.6724446045
121938.2619541275 126954.6724446045
121777.9594715235 126794.5927912761
121777.9594715235 126634.5131379478
129793.0836017248 119110.7694315149
129632.7811191208 119430.9287381716
121938.2619541275 126794.5927912761

120655.8420932953 135438.8940710075
120816.1445758993 135118.7347643508
117289.4899586107 132397.3806577687
121777.9594715235 126634.5131379478
121938.2619541275 126794.5927912761
121777.9594715235 126794.5927912761
121457.3545063154 126794.5927912761
121938.2619541275 126954.6724446045
121777.9594715235 126954.6724446045
121617.6569889195 126954.6724446045
121938.2619541275 127114.7520979328
121777.9594715235 127114.7520979328
121617.6569889195 127114.7520979328
121457.3545063154 127114.7520979328
121777.9594715235 127274.8317512612
121617.6569889195 127274.8317512612
121457.3545063154 127274.8317512612
121297.0520237114 127274.8317512612
121617.6569889195 127434.9114045895
121457.3545063154 127434.9114045895
121297.0520237114 127594.9910579179
121136.7495411074 127594.9910579179
121136.7495411074 127915.1503645746
120816.1445758993 128075.2300179030
117449.7924412148 131116.7434311418
117610.0949238188 131436.9027377985
117449.7924412148 131436.9027377985
117289.4899586107 131436.9027377985
117770.3974064228 131596.9823911269
117610.0949238188 131596.9823911269
117449.7924412148 131596.9823911269
117770.3974064228 131757.0620444552
117610.0949238188 131757.0620444552
117449.7924412148 131757.0620444552
117289.4899586107 131757.0620444552
117610.0949238188 131917.1416977836
117449.7924412148 131917.1416977836
117610.0949238188 132077.2213511119
117449.7924412148 132077.2213511119
117289.4899586107 132077.2213511119

120655.8420932953 135438.8940710075
120816.1445758993 135118.7347643508
121777.9594715235 126634.5131379478
121938.2619541275 126794.5927912761
121777.9594715235 126794.5927912761
121938.2619541275 126954.6724446045
121777.9594715235 126954.6724446045
121617.6569889195 126954.6724446045
121457.3545063154 126954.6724446045
121938.2619541275 127114.7520979328
121777.9594715235 127114.7520979328
121617.6569889195 127114.7520979328
121457.3545063154 127114.7520979328
121777.9594715235 127274.8317512612
121617.6569889195 127274.8317512612
121457.3545063154 127274.8317512612
121297.0520237114 127274.8317512612
121617.6569889195 127434.9114045895
121457.3545063154 127434.9114045895
121297.0520237114 127594.9910579179
121136.7495411074 127594.9910579179
121136.7495411074 127915.1503645746
120816.1445758993 128075.2300179030
117610.0949238188 131436.9027377985
117449.7924412148 131436.9027377985
117289.4899586107 131436.9027377985
117770.3974064228 131596.9823911269
117610.0949238188 131596.9823911269
117449.7924412148 131596.9823911269
117770.3974064228 131757.0620444552
117610.0949238188 131757.0620444552
117449.7924412148 131757.0620444552
117289.4899586107 131757.0620444552
117610.0949238188 131917.1416977836
117449.7924412148 131917.1416977836
117610.0949238188 132077.2213511119
117449.7924412148 132077.2213511119
117289.4899586107 132077.2213511119
117449.7924412148 132237.3010044403
117289.4899586107 132397.3806577687

120655.8420932953 135438.8940710075
120816.1445758993 135118.7347643508
129793.0836017248 119110.7694315149
121777.9594715235 126634.5131379478
121938.2619541275 126794.5927912761
121777.9594715235 126794.5927912761
121938.2619541275 126954.6724446045
121777.9594715235 126954.6724446045
121617.6569889195 126954.6724446045
121457.3545063154 126954.6724446045
121938.2619541275 127114.7520979328
121777.9594715235 127114.7520979328
121617.6569889195 127114.7520979328
121777.9594715235 127274.8317512612
121617.6569889195 127274.8317512612
121457.3545063154 127274.8317512612
121297.0520237114 127274.8317512612
121617.6569889195 127434.9114045895
121457.3545063154 127434.9114045895
121297.0520237114 127594.9910579179
121136.7495411074 127594.9910579179
121136.7495411074 127915.1503645746
120816.1445758993 128075.2300179030
117449.7924412148 131116.7434311418
117610.0949238188 131436.9027377985
117449.7924412148 131436.9027377985
117289.4899586107 131436.9027377985
117770.3974064228 131596.9823911269
117610.0949238188 131596.9823911269
117449.7924412148 131596.9823911269
117770.3974064228 131757.0620444552
117610.0949238188 131757.0620444552
117449.7924412148 131757.0620444552
117289.4899586107 131757.0620444552
117610.0949238188 131917.1416977836
117449.7924412148 131917.1416977836
117610.0949238188 132077.2213511119
117449.7924412148 132077.2213511119
117289.4899586107 132077.2213511119
117289.4899586107 132397.3806577687

120655.8420932953 135438.8940710075
120816.1445758993 135118.7347643508
117289.4899586107 132397.3806577687
117289.4899586107 132077.2213511119
117449.7924412148 132077.2213511119
117610.0949238188 132077.2213511119
117449.7924412148 131917.1416977836
117610.0949238188 131917.1416977836
117289.4899586107 131757.0620444552
117449.7924412148 131757.0620444552
117610.0949238188 131757.0620444552
117770.3974064228 131757.0620444552
117449.7924412148 131596.9823911269
117610.0949238188 131596.9823911269
117770.3974064228 131596.9823911269
117289.4899586107 131436.9027377985
117449.7924412148 131436.9027377985
117610.0949238188 131436.9027377985
117449.7924412148 131116.7434311418
120816.1445758993 128075.2300179030
121136.7495411074 127915.1503645746
121136.7495411074 127594.9910579179
121297.0520237114 127594.9910579179
121457.3545063154 127434.9114045895
121617.6569889195 127434.9114045895
121297.0520237114 127274.8317512612
121457.3545063154 127274.8317512612
121617.6569889195 127274.8317512612
121777.9594715235 127274.8317512612
121617.6569889195 127114.7520979328
121777.9594715235 127114.7520979328
121938.2619541275 127114.7520979328
121457.3545063154 126954.6724446045
121617.6569889195 126954.6724446045
121777.9594715235 126954.6724446045
121938.2619541275 126954.6724446045
121777.9594715235 126794.5927912761
121777.9594715235 126634.5131379478
129632.7811191208 119430.9287381716
129793.0836017248 119110.7694315149

120655.8420932953 135438.8940710075
120816.1445758993 135118.7347643508
121777.9594715235 126634.5131379478
121938.2619541275 126794.5927912761
121777.9594715235 126794.5927912761
121938.2619541275 126954.6724446045
121777.9594715235 126954.6724446045
121617.6569889195 126954.6724446045
121457.3545063154 126954.6724446045
121938.2619541275 127114.7520979328
121777.9594715235 127114.7520979328
121617.6569889195 127114.7520979328
121457.3545063154 127114.7520979328
121938.2619541275 127274.8317512612
121777.9594715235 127274.8317512612
121617.6569889195 127274.8317512612
121457.3545063154 127274.8317512612
121297.0520237114 127274.8317512612
121617.6569889195 127434.9114045895
121457.3545063154 127434.9114045895
121297.0520237114 127434.9114045895
121297.0520237114 127594.9910579179
121136.7495411074 127594.9910579179
117610.0949238188 131436.9027377985
117449.7924412148 131436.9027377985
117289.4899586107 131436.9027377985
117770.3974064228 131596.9823911269
117610.0949238188 131596.9823911269
117449.7924412148 131596.9823911269
117770.3974064228 131757.0620444552
117610.0949238188 131757.0620444552
117449.7924412148 131757.0620444552
117289.4899586107 131757.0620444552
117770.3974064228 131917.1416977836
117610.0949238188 131917.1416977836
117449.7924412148 131917.1416977836
117610.0949238188 132077.2213511119
117449.7924412148 132077.2213511119
117289.4899586107 132077.2213511119
117289.4899586107 132397.3806577687

120655.8420932953 135438.8940710075
120816.1445758993 135118.7347643508
117289.4899586107 132397.3806577687
129793.0836017248 119110.7694315149
121777.9594715235 126634.5131379478
121777.9594715235 126794.5927912761
121938.2619541275 126954.6724446045
121777.9594715235 126954.6724446045
121617.6569889195 126954.6724446045
121457.3545063154 126954.6724446045
121938.2619541275 127114.7520979328
121777.9594715235 127114.7520979328
121617.6569889195 127114.7520979328
121457.3545063154 127114.7520979328
121777.9594715235 127274.8317512612
121617.6569889195 127274.8317512612
121457.3545063154 127274.8317512612
121297.0520237114 127274.8317512612
121617.6569889195 127434.9114045895
121457.3545063154 127434.9114045895
121297.0520237114 127594.9910579179
121136.7495411074 127594.9910579179
121136.7495411074 127915.1503645746
120816.1445758993 128075.2300179030
117449.7924412148 131116.7434311418
117610.0949238188 131436.9027377985
117449.7924412148 131436.9027377985
117289.4899586107 131436.9027377985
117770.3974064228 131596.9823911269
117610.0949238188 131596.9823911269
117449.7924412148 131596.9823911269
117770.3974064228 131757.0620444552
117610.0949238188 131757.0620444552
117449.7924412148 131757.0620444552
117289.4899586107 131757.0620444552
117610.0949238188 131917.1416977836
117449.7924412148 131917.1416977836
117610.0949238188 132077.2213511119
117449.7924412148 132077.2213511119
117289.4899586107 132077.2213511119

120655.8420932953 135438.8940710075
120655.8420932953 135118.7347643508
120816.1445758993 135118.7347643508
121136.7495411074 134958.6551110224
117129.1874760067 133838.0975377239
123060.3793323557 133357.8585777388
123380.9842975638 133197.7789244105
117449.7924412148 132877.6196177537
117129.1874760067 132397.3806577687
117289.4899586107 132077.2213511119
117449.7924412148 132077.2213511119
117610.0949238188 132077.2213511119
129953.3860843289 118790.6101248582
129793.0836017248 119110.7694315149
129632.7811191208 119430.9287381716
129632.7811191208 119751.0880448284
129312.1761539127 119911.1676981567
129312.1761539127 120391.4066581418
128991.5711887047 120711.5659647985
128190.0587756846 120871.6456181269
126587.0339496443 125834.1148713060
126426.7314670403 126154.2741779627
122419.1694019396 126634.5131379478
121777.9594715235 126634.5131379478
121457.3545063154 126794.5927912761
121777.9594715235 126954.6724446045
122098.5644367315 127114.7520979328
121457.3545063154 127114.7520979328
121457.3545063154 127434.9114045895
121457.3545063154 127755.0707112463
120816.1445758993 127755.0707112463
120816.1445758993 128075.2300179030
120816.1445758993 128395.3893245597
133319.7382190134 130956.6637778134
117449.7924412148 131116.7434311418
117449.7924412148 131436.9027377985
117610.0949238188 131596.9823911269
132678.5282885973 131757.0620444552
117449.7924412148 131757.0620444552
117289.4899586107 131757.0620444552

120655.8420932953 135438.8940710075
120655.8420932953 135118.7347643508
120816.1445758993 135118.7347643508
121136.7495411074 134958.6551110224
129953.3860843289 118790.6101248582
129793.0836017248 119110.7694315149
129632.7811191208 119430.9287381716
129632.7811191208 119751.0880448284
129312.1761539127 119911.1676981567
129312.1761539127 120391.4066581418
128991.5711887047 120711.5659647985
126587.0339496443 125834.1148713060
126426.7314670403 126154.2741779627
122419.1694019396 126634.5131379478
121777.9594715235 126634.5131379478
121457.3545063154 126794.5927912761
121777.9594715235 126954.6724446045
122098.5644367315 127114.7520979328
121457.3545063154 127114.7520979328
121457.3545063154 127434.9114045895
121457.3545063154 127755.0707112463
120816.1445758993 127755.0707112463
120816.1445758993 128075.2300179030
120816.1445758993 128395.3893245597
133319.7382190134 130956.6637778134
117449.7924412148 131116.7434311418
117449.7924412148 131436.9027377985
117610.0949238188 131596.9823911269
132678.5282885973 131757.0620444552
117449.7924412148 131757.0620444552
117289.4899586107 131757.0620444552
117610.0949238188 131917.1416977836
117610.0949238188 132077.2213511119
117449.7924412148 132077.2213511119
117289.4899586107 132077.2213511119
117129.1874760067 132397.3806577687
117449.7924412148 132877.6196177537
123380.9842975638 133197.7789244105
123060.3793323557 133357.8585777388
117129.1874760067 133838.0975377239

120655.8420932953 135438.8940710075
120655.8420932953 135118.7347643508
121136.7495411074 134958.6551110224
123060.3793323557 133357.8585777388
123380.9842975638 133197.7789244105
117449.7924412148 132877.6196177537
117129.1874760067 132397.3806577687
117289.4899586107 132077.2213511119
117449.7924412148 132077.2213511119
117610.0949238188 132077.2213511119
117610.0949238188 131917.1416977836
117289.4899586107 131757.0620444552
117449.7924412148 131757.0620444552
117610.0949238188 131596.9823911269
117770.3974064228 131596.9823911269
117449.7924412148 131436.9027377985
117610.0949238188 131436.9027377985
117449.7924412148 131116.7434311418
129953.3860843289 118790.6101248582
129793.0836017248 119110.7694315149
129632.7811191208 119430.9287381716
129632.7811191208 119751.0880448284
129312.1761539127 119911.1676981567
129312.1761539127 120391.4066581418
128991.5711887047 120711.5659647985
126587.0339496443 125834.1148713060
126426.7314670403 126154.2741779627
122419.1694019396 126634.5131379478
121777.9594715235 126634.5131379478
121457.3545063154 126794.5927912761
121777.9594715235 126954.6724446045
122098.5644367315 127114.7520979328
121457.3545063154 127114.7520979328
121457.3545063154 127434.9114045895
121457.3545063154 127755.0707112463
120816.1445758993 127755.0707112463
120816.1445758993 128075.2300179030
120816.1445758993 128395.3893245597
133319.7382190134 130956.6637778134
132678.5282885973 131757.0620444552

120655.8420932953 135438.8940710075
120816.1445758993 135118.7347643508
121777.9594715235 126634.5131379478
121938.2619541275 126794.5927912761
121777.9594715235 126794.5927912761
121938.2619541275 126954.6724446045
121777.9594715235 126954.6724446045
121617.6569889195 126954.6724446045
121457.3545063154 126954.6724446045
121938.2619541275 127114.7520979328
121777.9594715235 127114.7520979328
121617.6569889195 127114.7520979328
121457.3545063154 127114.7520979328
121777.9594715235 127274.8317512612
121617.6569889195 127274.8317512612
121457.3545063154 127274.8317512612
121297.0520237114 127274.8317512612
121617.6569889195 127434.9114045895
121457.3545063154 127434.9114045895
121297.0520237114 127594.9910579179
121136.7495411074 127594.9910579179
121136.7495411074 127915.1503645746
120816.1445758993 128075.2300179030
117449.7924412148 131116.7434311418
117610.0949238188 131436.9027377985
117449.7924412148 131436.9027377985
117289.4899586107 131436.9027377985
117770.3974064228 131596.9823911269
117610.0949238188 131596.9823911269
117449.7924412148 131596.9823911269
117770.3974064228 131757.0620444552
117610.0949238188 131757.0620444552
117449.7924412148 131757.0620444552
117289.4899586107 131757.0620444552
117610.0949238188 131917.1416977836
117449.7924412148 131917.1416977836
117610.0949238188 132077.2213511119
117449.7924412148 132077.2213511119
117289.4899586107 132077.2213511119
117289.4899586107 132397.3806577687

120655.8420932953 135438.8940710075
120816.1445758993 135118.7347643508
121777.9594715235 126634.5131379478
121938.2619541275 126794.5927912761
121777.9594715235 126794.5927912761
121938.2619541275 126954.6724446045
121777.9594715235 126954.6724446045
121617.6569889195 126954.6724446045
121457.3545063154 126954.6724446045
121938.2619541275 127114.7520979328
121777.9594715235 127114.7520979328
121617.6569889195 127114.7520979328
121457.3545063154 127114.7520979328
121777.9594715235 127274.8317512612
121617.6569889195 127274.8317512612
121457.3545063154 127274.8317512612
121297.0520237114 127274.8317512612
121617.6569889195 127434.9114045895
121457.3545063154 127434.9114045895
121297.0520237114 127594.9910579179
121136.7495411074 127594.9910579179
121136.7495411074 127915.1503645746
120816.1445758993 128075.2300179030
117610.0949238188 131436.9027377985
117449.7924412148 131436.9027377985
117289.4899586107 131436.9027377985
117770.3974064228 131596.9823911269
117610.0949238188 131596.9823911269
117449.7924412148 131596.9823911269
117770.3974064228 131757.0620444552
117610.0949238188 131757.0620444552
117449.7924412148 131757.0620444552
117289.4899586107 131757.0620444552
117770.3974064228 131917.1416977836
117610.0949238188 131917.1416977836
117449.7924412148 131917.1416977836
117610.0949238188 132077.2213511119
117449.7924412148 132077.2213511119
117289.4899586107 132077.2213511119
117289.4899586107 132397.3806577687

120655.8420932953 135438.8940710075
120816.1445758993 135118.7347643508
117289.4899586107 132397.3806577687
121777.9594715235 126634.5131379478
121938.2619541275 126794.5927912761
121777.9594715235 126794.5927912761
121457.3545063154 126794.5927912761
121938.2619541275 126954.6724446045
121777.9594715235 126954.6724446045
121617.6569889195 126954.6724446045
121457.3545063154 126954.6724446045
121938.2619541275 127114.7520979328
121777.9594715235 127114.7520979328
121617.6569889195 127114.7520979328
121457.3545063154 127114.7520979328
121777.9594715235 127274.8317512612
121617.6569889195 127274.8317512612
121457.3545063154 127274.8317512612
121297.0520237114 127274.8317512612
121617.6569889195 127434.9114045895
121457.3545063154 127434.9114045895
121297.0520237114 127594.9910579179
121136.7495411074 127594.9910579179
120816.1445758993 127755.0707112463
117449.7924412148 131116.7434311418
117610.0949238188 131436.9027377985
117449.7924412148 131436.9027377985
117289.4899586107 131436.9027377985
117770.3974064228 131596.9823911269
117610.0949238188 131596.9823911269
117449.7924412148 131596.9823911269
117770.3974064228 131757.0620444552
117610.0949238188 131757.0620444552
117449.7924412148 131757.0620444552
117289.4899586107 131757.0620444552
117610.0949238188 131917.1416977836
117449.7924412148 131917.1416977836
117610.0949238188 132077.2213511119
117449.7924412148 132077.2213511119
117289.4899586107 132077.2213511119

120655.8420932953 135438.8940710075
120816.1445758993 135118.7347643508
117289.4899586107 132397.3806577687
121777.9594715235 126634.5131379478
121938.2619541275 126794.5927912761
121777.9594715235 126794.5927912761
121457.3545063154 126794.5927912761
121938.2619541275 126954.6724446045
121777.9594715235 126954.6724446045
121617.6569889195 126954.6724446045
121457.3545063154 126954.6724446045
121938.2619541275 127114.7520979328
121777.9594715235 127114.7520979328
121617.6569889195 127114.7520979328
121457.3545063154 127114.7520979328
121777.9594715235 127274.8317512612
121617.6569889195 127274.8317512612
121457.3545063154 127274.8317512612
121297.0520237114 127274.8317512612
121617.6569889195 127434.9114045895
121457.3545063154 127434.9114045895
121297.0520237114 127594.9910579179
121136.7495411074 127594.9910579179
120816.1445758993 127755.0707112463
117610.0949238188 131436.9027377985
117449.7924412148 131436.9027377985
117289.4899586107 131436.9027377985
117770.3974064228 131596.9823911269
117610.0949238188 131596.9823911269
117449.7924412148 131596.9823911269
117770.3974064228 131757.0620444552
117610.0949238188 131757.0620444552
117449.7924412148 131757.0620444552
117289.4899586107 131757.0620444552
117770.3974064228 131917.1416977836
117610.0949238188 131917.1416977836
117449.7924412148 131917.1416977836
117610.0949238188 132077.2213511119
117449.7924412148 132077.2213511119
117289.4899586107 132077.2213511119

120655.8420932953 135438.8940710075
120816.1445758993 135118.7347643508
121136.7495411074 134958.6551110224
117129.1874760067 133838.0975377239
123060.3793323557 133357.8585777388
123380.9842975638 133197.7789244105
117449.7924412148 133037.6992710821
123701.5892627718 132717.5399644254
116968.8849934027 132397.3806577687
117610.0949238188 132397.3806577687
132838.8307712013 132397.3806577687
117770.3974064228 132077.2213511119
117610.0949238188 131596.9823911269
133159.4357364094 131436.9027377985
117770.3974064228 131116.7434311418
133319.7382190134 131116.7434311418
135403.6704928658 115749.0967116194
134922.7630450537 115909.1763649478
132197.6208407852 117189.8135915746
132999.1332538054 117349.8932449030
133640.3431842215 118470.4508182015
131556.4109103691 118790.6101248582
129953.3860843289 118790.6101248582
132838.8307712013 118950.6897781866
131075.5034625570 119110.7694315149
130754.8984973490 119751.0880448284
129793.0836017248 120071.2473514851
128350.3612582886 120071.2473514851
128670.9662234966 120871.6456181269
129793.0836017248 121992.2031914254
130434.2935321409 122952.6811113955
130113.6885669329 123112.7607647239
128510.6637408926 123753.0793780373
125144.3116062081 123913.1590313657
126587.0339496443 124393.3979913508
125144.3116062081 124713.5572980075
126266.4289844362 125033.7166046642
131235.8059451611 122472.4421514104
124663.4041583960 125513.9555646493
126587.0339496443 129035.7079378731

120816.1445758993 130636.5044711567
120816.1445758993 135118.7347643508
121136.7495411074 134958.6551110224
117129.1874760067 133838.0975377239
123060.3793323557 133357.8585777388
123380.9842975638 133197.7789244105
117449.7924412148 133037.6992710821
123701.5892627718 132717.5399644254
116968.8849934027 132397.3806577687
117610.0949238188 132397.3806577687
132838.8307712013 132397.3806577687
117770.3974064228 132077.2213511119
117610.0949238188 131596.9823911269
133159.4357364094 131436.9027377985
117770.3974064228 131116.7434311418
133319.7382190134 131116.7434311418
135403.6704928658 115749.0967116194
134922.7630450537 115909.1763649478
133159.4357364094 116229.3356716045
132999.1332538054 117349.8932449030
131556.4109103691 118790.6101248582
129953.3860843289 118790.6101248582
132838.8307712013 118950.6897781866
131075.5034625570 119110.7694315149
130754.8984973490 119751.0880448284
129793.0836017248 120071.2473514851
128350.3612582886 120071.2473514851
128670.9662234966 120871.6456181269
131877.0158755772 121672.0438847687
130434.2935321409 122952.6811113955
126106.1265018322 122952.6811113955
125144.3116062081 122952.6811113955
130113.6885669329 123112.7607647239
128510.6637408926 123753.0793780373
126587.0339496443 124393.3979913508
123861.8917453758 124553.4776446791
125144.3116062081 124713.5572980075
124663.4041583960 125513.9555646493
129151.8736713087 126474.4334846194
119694.0271976711 128395.3893245597

120655.8420932953 135438.8940710075
120816.1445758993 135118.7347643508
121136.7495411074 134958.6551110224
117129.1874760067 133838.0975377239
123060.3793323557 133357.8585777388
123380.9842975638 133197.7789244105
117449.7924412148 133037.6992710821
123701.5892627718 132717.5399644254
116968.8849934027 132397.3806577687
117610.0949238188 132397.3806577687
132838.8307712013 132397.3806577687
117770.3974064228 132077.2213511119
117610.0949238188 131596.9823911269
133159.4357364094 131436.9027377985
117770.3974064228 131116.7434311418
133319.7382190134 131116.7434311418
135403.6704928658 115749.0967116194
134922.7630450537 115909.1763649478
133159.4357364094 116229.3356716045
132999.1332538054 117349.8932449030
131556.4109103691 118790.6101248582
129953.3860843289 118790.6101248582
132838.8307712013 118950.6897781866
131075.5034625570 119110.7694315149
130754.8984973490 119751.0880448284
129793.0836017248 120071.2473514851
128350.3612582886 120071.2473514851
128670.9662234966 120871.6456181269
131877.0158755772 121672.0438847687
130434.2935321409 122952.6811113955
126106.1265018322 122952.6811113955
125144.3116062081 122952.6811113955
130113.6885669329 123112.7607647239
128510.6637408926 123753.0793780373
126587.0339496443 124393.3979913508
123861.8917453758 124553.4776446791
125144.3116062081 124713.5572980075
124663.4041583960 125513.9555646493
129151.8736713087 126474.4334846194
119694.0271976711 128395.3893245597

120816.1445758993 135118.7347643508
117449.7924412148 133998.1771910522
121297.0520237114 133357.8585777388
123220.6818149597 133357.8585777388
123380.9842975638 133037.6992710821
117610.0949238188 132557.4603110970
117610.0949238188 132237.3010044403
129151.8736713087 132237.3010044403
127388.5463626644 132077.2213511119
130273.9910495369 132077.2213511119
134441.8555972416 131917.1416977836
124182.4967105839 131757.0620444552
116487.9775455906 131116.7434311418
127709.1513278725 130956.6637778134
119694.0271976711 130476.4248178283
121297.0520237114 129676.0265511866
118892.5147846510 129355.8672445299
127228.2438800604 128875.6282845448
129953.3860843289 118790.6101248582
129793.0836017248 119110.7694315149
129632.7811191208 119430.9287381716
129632.7811191208 119751.0880448284
129312.1761539127 119911.1676981567
129312.1761539127 120391.4066581418
128991.5711887047 120711.5659647985
131396.1084277651 122952.6811113955
126426.7314670403 126154.2741779627
126106.1265018322 126314.3538312911
122419.1694019396 126634.5131379478
121777.9594715235 126634.5131379478
121457.3545063154 126794.5927912761
121136.7495411074 127114.7520979328
122098.5644367315 127274.8317512612
122098.5644367315 127594.9910579179
121136.7495411074 127594.9910579179
121297.0520237114 128075.2300179030
120976.4470585034 128235.3096712314
120816.1445758993 128875.6282845448
118091.0023716309 130796.5841244851
134281.5531146376 130956.6637778134

119854.3296802752 135598.9737243358
120816.1445758993 135118.7347643508
122900.0768497517 134318.3364977090
123220.6818149597 133357.8585777388
130273.9910495369 133037.6992710821
125304.6140888121 132717.5399644254
131716.7133929731 132717.5399644254
117610.0949238188 132557.4603110970
132037.3183581812 132397.3806577687
127388.5463626644 132077.2213511119
134441.8555972416 131917.1416977836
129472.4786365168 131757.0620444552
118411.6073368389 131276.8230844702
116487.9775455906 131116.7434311418
122419.1694019396 130316.3451645000
130434.2935321409 129996.1858578433
118251.3048542349 129515.9468978582
127228.2438800604 128875.6282845448
120335.2371280872 128715.5486312164
126426.7314670403 128075.2300179030
128670.9662234966 127915.1503645746
123861.8917453758 124553.4776446791
125945.8240192282 124233.3183380224
130594.5960147450 124073.2386846940
128670.9662234966 123913.1590313657
124022.1942279799 123753.0793780373
131075.5034625570 123753.0793780373
126106.1265018322 122952.6811113955
131716.7133929731 122472.4421514104
128350.3612582886 121672.0438847687
128190.0587756846 121031.7252714552
129953.3860843289 118790.6101248582
129793.0836017248 119110.7694315149
129632.7811191208 119430.9287381716
129632.7811191208 119751.0880448284
129151.8736713087 119911.1676981567
129151.8736713087 120231.3270048134
122419.1694019396 126634.5131379478
121777.9594715235 126634.5131379478
121457.3545063154 126794.5927912761

