algorithm,instance,run_id,vector_id,generation,iteration,f_cost,f_power,weight1,weight2,occupied
moead,512_e-04,1,0,0,0,37416402.064100,3012672.400391,0.000000,1.000000,1872 3231 4084 4471 4819 5041 5536 8451 9335 9900 11504 11984 14540 15753 17659
moead,512_e-04,1,1,0,0,35439495.032227,3000466.580078,0.111111,0.888889,1599 2040 2055 2131 2259 3401 3792 5878 8292 8674 8693 10754 13716 14397 15242
moead,512_e-04,1,2,0,0,35439495.032227,3000466.580078,0.222222,0.777778,1599 2040 2055 2131 2259 3401 3792 5878 8292 8674 8693 10754 13716 14397 15242
moead,512_e-04,1,3,0,0,35439495.032227,3000466.580078,0.333333,0.666667,1599 2040 2055 2131 2259 3401 3792 5878 8292 8674 8693 10754 13716 14397 15242
moead,512_e-04,1,4,0,0,35439495.032227,3000466.580078,0.444444,0.555556,1599 2040 2055 2131 2259 3401 3792 5878 8292 8674 8693 10754 13716 14397 15242
moead,512_e-04,1,5,0,0,35439495.032227,3000466.580078,0.555556,0.444444,1599 2040 2055 2131 2259 3401 3792 5878 8292 8674 8693 10754 13716 14397 15242
moead,512_e-04,1,6,0,0,35439495.032227,3000466.580078,0.666667,0.333333,1599 2040 2055 2131 2259 3401 3792 5878 8292 8674 8693 10754 13716 14397 15242
moead,512_e-04,1,7,0,0,35439495.032227,3000466.580078,0.777778,0.222222,1599 2040 2055 2131 2259 3401 3792 5878 8292 8674 8693 10754 13716 14397 15242
moead,512_e-04,1,8,0,0,35439495.032227,3000466.580078,0.888889,0.111111,1599 2040 2055 2131 2259 3401 3792 5878 8292 8674 8693 10754 13716 14397 15242
moead,512_e-04,1,9,0,0,35439495.032227,3000466.580078,1.000000,0.000000,1599 2040 2055 2131 2259 3401 3792 5878 8292 8674 8693 10754 13716 14397 15242
moead,512_e-04,1,0,50,1,36238947.163468,3012672.400391,0.000000,1.000000,466 1061 1561 3844 4228 5601 10606 11196 13108 15897 16625 16952 17561 18330 18392
moead,512_e-04,1,1,50,1,30440973.207906,2948903.619141,0.111111,0.888889,1133 1155 1166 1262 1273 1305 1309 1404 1444 1541 1542 1550 1652 1827 17424
moead,512_e-04,1,2,50,1,30257505.026683,2933853.751953,0.222222,0.777778,1133 1155 1166 1262 1273 1305 1309 1404 1444 1483 1541 1542 1550 1652 1827
moead,512_e-04,1,3,50,1,30103992.887065,2916725.189453,0.333333,0.666667,1133 1155 1166 1262 1273 1305 1309 1385 1404 1444 1483 1541 1542 1550 1827
moead,512_e-04,1,4,50,1,30041376.653060,2912650.142578,0.444444,0.555556,1133 1155 1166 1262 1273 1305 1309 1385 1391 1404 1437 1483 1541 1550 1899
moead,512_e-04,1,5,50,1,29955041.942345,2911538.962891,0.555556,0.444444,1133 1155 1166 1262 1273 1305 1309 1385 1391 1404 1437 1444 1483 1541 1550
moead,512_e-04,1,6,50,1,29955041.942345,2911538.962891,0.666667,0.333333,1133 1155 1166 1262 1273 1305 1309 1385 1391 1404 1437 1444 1483 1541 1550
moead,512_e-04,1,7,50,1,29955041.942345,2911538.962891,0.777778,0.222222,1133 1155 1166 1262 1273 1305 1309 1385 1391 1404 1437 1444 1483 1541 1550
moead,512_e-04,1,8,50,1,29955041.942345,2911538.962891,0.888889,0.111111,1133 1155 1166 1262 1273 1305 1309 1385 1391 1404 1437 1444 1483 1541 1550
moead,512_e-04,1,9,50,1,29955041.942345,2911538.962891,1.000000,0.000000,1133 1155 1166 1262 1273 1305 1309 1385 1391 1404 1437 1444 1483 1541 1550
moead,512_e-04,1,0,100,2,36715555.799289,3012672.400391,0.000000,1.000000,389 466 1061 3844 5601 7901 10606 11196 13108 14119 15897 16625 17561 17791 18330
moead,512_e-04,1,1,100,2,30211576.824113,2952459.806641,0.111111,0.888889,1133 1160 1166 1262 1273 1305 1309 1392 1396 1404 1444 1446 1541 1550 7120
moead,512_e-04,1,2,100,2,30051063.042382,2939566.814453,0.222222,0.777778,1133 1160 1166 1238 1262 1273 1305 1309 1392 1396 1404 1446 1541 1542 1550
moead,512_e-04,1,3,100,2,29948986.125580,2923730.689453,0.333333,0.666667,1133 1155 1166 1262 1273 1305 1309 1391 1392 1396 1404 1444 1446 1496 1550
moead,512_e-04,1,4,100,2,29914737.363445,2909001.150391,0.444444,0.555556,1133 1155 1166 1262 1273 1305 1309 1347 1385 1391 1396 1404 1444 1541 1550
moead,512_e-04,1,5,100,2,29833997.093919,2888469.501953,0.555556,0.444444,1155 1191 1262 1273 1305 1309 1385 1391 1392 1396 1397 1444 1486 1541 1550
moead,512_e-04,1,6,100,2,29833997.093919,2888469.501953,0.666667,0.333333,1155 1191 1262 1273 1305 1309 1385 1391 1392 1396 1397 1444 1486 1541 1550
moead,512_e-04,1,7,100,2,29814922.800144,2880309.681641,0.777778,0.222222,1155 1262 1273 1305 1309 1391 1392 1396 1397 1431 1444 1486 1541 1550 1552
moead,512_e-04,1,8,100,2,29787658.926837,2872820.166016,0.888889,0.111111,1155 1262 1273 1305 1309 1391 1392 1396 1397 1399 1444 1486 1541 1550 1552
moead,512_e-04,1,9,100,2,29787658.926837,2872820.166016,1.000000,0.000000,1155 1262 1273 1305 1309 1391 1392 1396 1397 1399 1444 1486 1541 1550 1552
moead,512_e-04,1,0,150,3,34930707.059687,3012672.400391,0.000000,1.000000,163 389 466 1061 1542 1550 1560 2236 3844 5601 7901 11463 17576 17695 18031
moead,512_e-04,1,1,150,3,30163675.451414,2954297.619141,0.111111,0.888889,1133 1160 1166 1198 1262 1305 1309 1392 1396 1404 1444 1446 1542 1550 1979
moead,512_e-04,1,2,150,3,29970050.667128,2928547.306641,0.222222,0.777778,1133 1160 1166 1238 1245 1262 1305 1309 1313 1392 1396 1399 1404 1542 1550
moead,512_e-04,1,3,150,3,29869869.615354,2907688.712891,0.333333,0.666667,1133 1155 1166 1245 1262 1270 1273 1309 1385 1391 1396 1404 1443 1444 1550
moead,512_e-04,1,4,150,3,29789365.182734,2886545.158203,0.444444,0.555556,1155 1179 1193 1262 1273 1305 1309 1359 1391 1392 1396 1397 1444 1541 1550
moead,512_e-04,1,5,150,3,29724733.918644,2866783.791016,0.555556,0.444444,1155 1179 1262 1273 1305 1309 1359 1391 1392 1396 1397 1399 1444 1541 1550
moead,512_e-04,1,6,150,3,29724733.918644,2866783.791016,0.666667,0.333333,1155 1179 1262 1273 1305 1309 1359 1391 1392 1396 1397 1399 1444 1541 1550
moead,512_e-04,1,7,150,3,29709875.396130,2849977.681641,0.777778,0.222222,1155 1179 1262 1272 1273 1309 1359 1391 1392 1396 1397 1399 1444 1541 1550
moead,512_e-04,1,8,150,3,29684815.174556,2845164.814453,0.888889,0.111111,1155 1179 1273 1274 1305 1309 1359 1391 1392 1396 1397 1399 1444 1541 1550
moead,512_e-04,1,9,150,3,29667497.657388,2829654.509766,1.000000,0.000000,1155 1179 1273 1274 1305 1309 1388 1391 1392 1396 1397 1399 1444 1486 1541
moead,512_e-04,1,0,200,4,35751149.373825,3012672.400391,0.000000,1.000000,163 396 570 1444 1550 1560 1809 5601 7956 8271 11463 12000 13746 15888 17695
moead,512_e-04,1,1,200,4,30047861.789054,2948469.400391,0.111111,0.888889,1160 1166 1180 1245 1262 1305 1309 1392 1396 1404 1444 1446 1541 1542 1550
moead,512_e-04,1,2,200,4,29909129.960122,2921305.751953,0.222222,0.777778,1155 1166 1245 1262 1270 1273 1305 1309 1392 1396 1399 1404 1427 1446 1542
moead,512_e-04,1,3,200,4,29810330.356240,2888156.705078,0.333333,0.666667,1155 1179 1193 1262 1273 1305 1309 1359 1392 1396 1397 1444 1486 1541 1550
moead,512_e-04,1,4,200,4,29753686.882354,2876214.916016,0.444444,0.555556,1155 1179 1262 1273 1300 1305 1309 1359 1391 1392 1396 1397 1399 1541 1550
moead,512_e-04,1,5,200,4,29644590.199786,2862473.654297,0.555556,0.444444,1224 1232 1240 1274 1305 1308 1309 1318 1359 1391 1392 1396 1397 1399 1444
moead,512_e-04,1,6,200,4,29644590.199786,2862473.654297,0.666667,0.333333,1224 1232 1240 1274 1305 1308 1309 1318 1359 1391 1392 1396 1397 1399 1444
moead,512_e-04,1,7,200,4,29635088.459652,2852023.458984,0.777778,0.222222,1179 1232 1273 1274 1305 1309 1318 1359 1391 1392 1396 1397 1399 1444 1541
moead,512_e-04,1,8,200,4,29610031.976530,2846864.154297,0.888889,0.111111,1175 1232 1240 1274 1305 1308 1309 1318 1359 1391 1392 1396 1397 1399 1444
moead,512_e-04,1,9,200,4,29593523.489959,2842399.119141,1.000000,0.000000,1179 1232 1240 1273 1274 1305 1309 1318 1359 1391 1392 1396 1397 1399 1444
moead,512_e-04,1,0,250,5,35468680.017061,3012672.400391,0.000000,1.000000,163 1444 1542 1550 1560 4290 4888 5601 7155 8271 10980 12000 15888 17695 18322
moead,512_e-04,1,1,250,5,30047861.789054,2948469.400391,0.111111,0.888889,1160 1166 1180 1245 1262 1305 1309 1392 1396 1404 1444 1446 1541 1542 1550
moead,512_e-04,1,2,250,5,29886113.658980,2927414.955078,0.222222,0.777778,1133 1166 1180 1238 1245 1262 1305 1313 1346 1392 1396 1399 1404 1446 1542
moead,512_e-04,1,3,250,5,29736286.163479,2911319.416016,0.333333,0.666667,1199 1224 1240 1265 1269 1274 1302 1308 1318 1359 1391 1392 1396 1399 1445
moead,512_e-04,1,4,250,5,29716450.525959,2904295.720703,0.444444,0.555556,1199 1224 1240 1269 1274 1302 1308 1309 1318 1359 1391 1392 1396 1399 1445
moead,512_e-04,1,5,250,5,29692697.903131,2892053.353516,0.555556,0.444444,1199 1224 1240 1269 1274 1308 1309 1318 1359 1391 1392 1396 1397 1399 1445
moead,512_e-04,1,6,250,5,29658059.500486,2872234.384766,0.666667,0.333333,1199 1224 1240 1269 1274 1305 1308 1309 1318 1359 1391 1392 1396 1397 1399
moead,512_e-04,1,7,250,5,29610031.976530,2846864.154297,0.777778,0.222222,1175 1232 1240 1274 1305 1308 1309 1318 1359 1391 1392 1396 1397 1399 1444
moead,512_e-04,1,8,250,5,29598960.875049,2846804.638672,0.888889,0.111111,1179 1232 1240 1274 1305 1308 1309 1318 1359 1391 1392 1396 1397 1399 1444
moead,512_e-04,1,9,250,5,29593523.489959,2842399.119141,1.000000,0.000000,1179 1232 1240 1273 1274 1305 1309 1318 1359 1391 1392 1396 1397 1399 1444
moead,512_e-04,1,0,300,6,37223978.581365,3012672.400391,0.000000,1.000000,1542 1550 1560 3505 4290 4706 4888 6294 7155 8271 10980 11685 14212 17695 18322
moead,512_e-04,1,1,300,6,30047861.789054,2948469.400391,0.111111,0.888889,1160 1166 1180 1245 1262 1305 1309 1392 1396 1404 1444 1446 1541 1542 1550
moead,512_e-04,1,2,300,6,29886113.658980,2927414.955078,0.222222,0.777778,1133 1166 1180 1238 1245 1262 1305 1313 1346 1392 1396 1399 1404 1446 1542
moead,512_e-04,1,3,300,6,29736286.163479,2911319.416016,0.333333,0.666667,1199 1224 1240 1265 1269 1274 1302 1308 1318 1359 1391 1392 1396 1399 1445
moead,512_e-04,1,4,300,6,29718368.704364,2906621.306641,0.444444,0.555556,1199 1224 1240 1269 1274 1302 1308 1309 1318 1348 1359 1391 1396 1399 1445
moead,512_e-04,1,5,300,6,29685599.151673,2888970.126953,0.555556,0.444444,1199 1224 1240 1269 1274 1308 1309 1311 1318 1359 1391 1392 1396 1399 1445
moead,512_e-04,1,6,300,6,29637689.843257,2863027.869141,0.666667,0.333333,1224 1232 1240 1269 1274 1305 1308 1309 1318 1359 1391 1392 1396 1397 1399
moead,512_e-04,1,7,300,6,29610031.976530,2846864.154297,0.777778,0.222222,1175 1232 1240 1274 1305 1308 1309 1318 1359 1391 1392 1396 1397 1399 1444
moead,512_e-04,1,8,300,6,29598960.875049,2846804.638672,0.888889,0.111111,1179 1232 1240 1274 1305 1308 1309 1318 1359 1391 1392 1396 1397 1399 1444
moead,512_e-04,1,9,300,6,29583109.390894,2833550.935547,1.000000,0.000000,1179 1232 1240 1273 1274 1308 1309 1318 1359 1391 1392 1396 1397 1399 1444
moead,512_e-04,1,0,350,7,36896434.623154,3012672.400391,0.000000,1.000000,1160 1180 1245 3505 4134 4290 4888 6294 6500 6709 7155 7230 9441 17695 18322
moead,512_e-04,1,1,350,7,30047861.789054,2948469.400391,0.111111,0.888889,1160 1166 1180 1245 1262 1305 1309 1392 1396 1404 1444 1446 1541 1542 1550
moead,512_e-04,1,2,350,7,29886113.658980,2927414.955078,0.222222,0.777778,1133 1166 1180 1238 1245 1262 1305 1313 1346 1392 1396 1399 1404 1446 1542
moead,512_e-04,1,3,350,7,29736286.163479,2911319.416016,0.333333,0.666667,1199 1224 1240 1265 1269 1274 1302 1308 1318 1359 1391 1392 1396 1399 1445
moead,512_e-04,1,4,350,7,29718368.704364,2906621.306641,0.444444,0.555556,1199 1224 1240 1269 1274 1302 1308 1309 1318 1348 1359 1391 1396 1399 1445
moead,512_e-04,1,5,350,7,29679001.334541,2888044.517578,0.555556,0.444444,1209 1224 1240 1265 1269 1274 1309 1318 1359 1391 1392 1396 1397 1399 1445
moead,512_e-04,1,6,350,7,29652449.720149,2869981.314453,0.666667,0.333333,1224 1235 1240 1269 1274 1305 1318 1321 1359 1389 1391 1392 1396 1397 1399
moead,512_e-04,1,7,350,7,29610530.142794,2851502.478516,0.777778,0.222222,1175 1232 1240 1274 1281 1305 1308 1309 1318 1391 1392 1396 1397 1399 1444
moead,512_e-04,1,8,350,7,29598960.875049,2846804.638672,0.888889,0.111111,1179 1232 1240 1274 1305 1308 1309 1318 1359 1391 1392 1396 1397 1399 1444
moead,512_e-04,1,9,350,7,29583109.390894,2833550.935547,1.000000,0.000000,1179 1232 1240 1273 1274 1308 1309 1318 1359 1391 1392 1396 1397 1399 1444
moead,512_e-04,1,0,400,8,37322006.335295,3012672.400391,0.000000,1.000000,1180 1245 3505 4888 6294 6500 6709 7230 9441 12176 16651 17344 17695 18116 18322
moead,512_e-04,1,1,400,8,30047861.789054,2948469.400391,0.111111,0.888889,1160 1166 1180 1245 1262 1305 1309 1392 1396 1404 1444 1446 1541 1542 1550
moead,512_e-04,1,2,400,8,29886113.658980,2927414.955078,0.222222,0.777778,1133 1166 1180 1238 1245 1262 1305 1313 1346 1392 1396 1399 1404 1446 1542
moead,512_e-04,1,3,400,8,29768361.987256,2912054.478516,0.333333,0.666667,1199 1224 1240 1265 1269 1274 1302 1308 1318 1359 1391 1392 1396 1445 1541
moead,512_e-04,1,4,400,8,29716635.615963,2905575.830078,0.444444,0.555556,1199 1224 1240 1269 1274 1302 1308 1309 1318 1348 1359 1392 1396 1399 1445
moead,512_e-04,1,5,400,8,29679001.334541,2888044.517578,0.555556,0.444444,1209 1224 1240 1265 1269 1274 1309 1318 1359 1391 1392 1396 1397 1399 1445
moead,512_e-04,1,6,400,8,29652449.720149,2869981.314453,0.666667,0.333333,1224 1235 1240 1269 1274 1305 1318 1321 1359 1389 1391 1392 1396 1397 1399
moead,512_e-04,1,7,400,8,29616743.587404,2851863.869141,0.777778,0.222222,1175 1232 1240 1281 1305 1308 1309 1318 1349 1391 1392 1396 1397 1399 1444
moead,512_e-04,1,8,400,8,29599459.041314,2851442.962891,0.888889,0.111111,1179 1232 1240 1274 1281 1305 1308 1309 1318 1391 1392 1396 1397 1399 1444
moead,512_e-04,1,9,400,8,29583109.390894,2833550.935547,1.000000,0.000000,1179 1232 1240 1273 1274 1308 1309 1318 1359 1391 1392 1396 1397 1399 1444
moead,512_e-04,1,0,450,9,37680764.058837,3012672.400391,0.000000,1.000000,1245 3505 4888 5544 6294 6500 6709 7230 8944 9251 9441 10585 12176 15888 17695
moead,512_e-04,1,1,450,9,30073470.495322,2951815.978516,0.111111,0.888889,1160 1166 1180 1245 1262 1305 1392 1396 1404 1444 1446 1541 1542 1546 1550
moead,512_e-04,1,2,450,9,29886113.658980,2927414.955078,0.222222,0.777778,1133 1166 1180 1238 1245 1262 1305 1313 1346 1392 1396 1399 1404 1446 1542
moead,512_e-04,1,3,450,9,29768361.987256,2912054.478516,0.333333,0.666667,1199 1224 1240 1265 1269 1274 1302 1308 1318 1359 1391 1392 1396 1445 1541
moead,512_e-04,1,4,450,9,29716635.615963,2905575.830078,0.444444,0.555556,1199 1224 1240 1269 1274 1302 1308 1309 1318 1348 1359 1392 1396 1399 1445
moead,512_e-04,1,5,450,9,29679001.334541,2888044.517578,0.555556,0.444444,1209 1224 1240 1265 1269 1274 1309 1318 1359 1391 1392 1396 1397 1399 1445
moead,512_e-04,1,6,450,9,29652449.720149,2869981.314453,0.666667,0.333333,1224 1235 1240 1269 1274 1305 1318 1321 1359 1389 1391 1392 1396 1397 1399
moead,512_e-04,1,7,450,9,29599131.522948,2853959.455078,0.777778,0.222222,1179 1232 1240 1281 1305 1308 1309 1313 1318 1391 1392 1396 1397 1399 1444
moead,512_e-04,1,8,450,9,29599131.522948,2853959.455078,0.888889,0.111111,1179 1232 1240 1281 1305 1308 1309 1313 1318 1391 1392 1396 1397 1399 1444
moead,512_e-04,1,9,450,9,29583109.390894,2833550.935547,1.000000,0.000000,1179 1232 1240 1273 1274 1308 1309 1318 1359 1391 1392 1396 1397 1399 1444
moead,512_e-04,1,0,500,10,36933292.504286,3012672.400391,0.000000,1.000000,1245 4888 5735 6500 6709 6792 7230 7248 8131 8944 9251 9441 12176 13215 13483
moead,512_e-04,1,1,500,10,30073470.495322,2951815.978516,0.111111,0.888889,1160 1166 1180 1245 1262 1305 1392 1396 1404 1444 1446 1541 1542 1546 1550
moead,512_e-04,1,2,500,10,29844071.662011,2927840.134766,0.222222,0.777778,1199 1224 1240 1265 1269 1274 1308 1318 1359 1391 1392 1396 1404 1445 1667
moead,512_e-04,1,3,500,10,29774321.774344,2915085.572266,0.333333,0.666667,1144 1224 1240 1265 1269 1302 1308 1318 1344 1359 1391 1392 1396 1399 1445
moead,512_e-04,1,4,500,10,29712425.019023,2906684.197266,0.444444,0.555556,1199 1224 1240 1274 1302 1308 1309 1318 1348 1354 1359 1391 1396 1399 1445
moead,512_e-04,1,5,500,10,29679001.334541,2888044.517578,0.555556,0.444444,1209 1224 1240 1265 1269 1274 1309 1318 1359 1391 1392 1396 1397 1399 1445
moead,512_e-04,1,6,500,10,29646751.621928,2869643.080078,0.666667,0.333333,1224 1235 1240 1269 1274 1305 1306 1309 1318 1321 1359 1391 1392 1396 1399
moead,512_e-04,1,7,500,10,29599131.522948,2853959.455078,0.777778,0.222222,1179 1232 1240 1281 1305 1308 1309 1313 1318 1391 1392 1396 1397 1399 1444
moead,512_e-04,1,8,500,10,29599131.522948,2853959.455078,0.888889,0.111111,1179 1232 1240 1281 1305 1308 1309 1313 1318 1391 1392 1396 1397 1399 1444
moead,512_e-04,1,9,500,10,29583109.390894,2833550.935547,1.000000,0.000000,1179 1232 1240 1273 1274 1308 1309 1318 1359 1391 1392 1396 1397 1399 1444
moead,512_e-04,1,0,550,11,35644133.703169,3012672.400391,0.000000,1.000000,691 1550 1594 2198 3006 6709 6792 8131 8944 9251 9420 10660 11429 12176 13483
moead,512_e-04,1,1,550,11,30073470.495322,2951815.978516,0.111111,0.888889,1160 1166 1180 1245 1262 1305 1392 1396 1404 1444 1446 1541 1542 1546 1550
moead,512_e-04,1,2,550,11,29857382.074516,2929193.720703,0.222222,0.777778,1177 1194 1199 1224 1240 1269 1274 1302 1309 1318 1359 1361 1391 1399 1445
moead,512_e-04,1,3,550,11,29754541.557980,2917049.212891,0.333333,0.666667,1199 1224 1240 1269 1274 1280 1308 1309 1318 1359 1361 1391 1396 1399 1445
moead,512_e-04,1,4,550,11,29712425.019023,2906684.197266,0.444444,0.555556,1199 1224 1240 1274 1302 1308 1309 1318 1348 1354 1359 1391 1396 1399 1445
moead,512_e-04,1,5,550,11,29675155.787502,2895137.095703,0.555556,0.444444,1209 1224 1240 1265 1269 1274 1309 1318 1348 1354 1359 1391 1396 1399 1445
moead,512_e-04,1,6,550,11,29646751.621928,2869643.080078,0.666667,0.333333,1224 1235 1240 1269 1274 1305 1306 1309 1318 1321 1359 1391 1392 1396 1399
moead,512_e-04,1,7,550,11,29601752.719636,2855925.009766,0.777778,0.222222,1179 1232 1240 1281 1305 1308 1312 1313 1318 1320 1359 1391 1396 1397 1399
moead,512_e-04,1,8,550,11,29596333.424530,2855105.689453,0.888889,0.111111,1179 1232 1240 1281 1305 1308 1312 1313 1318 1320 1391 1392 1396 1397 1399
moead,512_e-04,1,9,550,11,29577870.495066,2839310.931641,1.000000,0.000000,1179 1240 1281 1305 1308 1309 1312 1313 1318 1391 1392 1394 1396 1399 1444
moead,512_e-04,1,0,600,12,37023055.261806,3012672.400391,0.000000,1.000000,238 691 1550 3006 3684 6709 6985 8944 9251 9420 13276 13483 14687 18573 18888
moead,512_e-04,1,1,600,12,30073470.495322,2951815.978516,0.111111,0.888889,1160 1166 1180 1245 1262 1305 1392 1396 1404 1444 1446 1541 1542 1546 1550
moead,512_e-04,1,2,600,12,29857382.074516,2929193.720703,0.222222,0.777778,1177 1194 1199 1224 1240 1269 1274 1302 1309 1318 1359 1361 1391 1399 1445
moead,512_e-04,1,3,600,12,29754541.557980,2917049.212891,0.333333,0.666667,1199 1224 1240 1269 1274 1280 1308 1309 1318 1359 1361 1391 1396 1399 1445
moead,512_e-04,1,4,600,12,29712425.019023,2906684.197266,0.444444,0.555556,1199 1224 1240 1274 1302 1308 1309 1318 1348 1354 1359 1391 1396 1399 1445
moead,512_e-04,1,5,600,12,29675155.787502,2895137.095703,0.555556,0.444444,1209 1224 1240 1265 1269 1274 1309 1318 1348 1354 1359 1391 1396 1399 1445
moead,512_e-04,1,6,600,12,29646751.621928,2869643.080078,0.666667,0.333333,1224 1235 1240 1269 1274 1305 1306 1309 1318 1321 1359 1391 1392 1396 1399
moead,512_e-04,1,7,600,12,29602998.219311,2856189.806641,0.777778,0.222222,1179 1232 1240 1280 1281 1305 1308 1312 1313 1320 1359 1391 1396 1397 1399
moead,512_e-04,1,8,600,12,29596333.424530,2855105.689453,0.888889,0.111111,1179 1232 1240 1281 1305 1308 1312 1313 1318 1320 1391 1392 1396 1397 1399
moead,512_e-04,1,9,600,12,29577870.495066,2839310.931641,1.000000,0.000000,1179 1240 1281 1305 1308 1309 1312 1313 1318 1391 1392 1394 1396 1399 1444
moead,512_e-04,1,0,650,13,37510837.749897,3012672.400391,0.000000,1.000000,238 691 1550 2298 3006 3039 3684 5520 9251 10433 13276 14687 16822 18573 18888
moead,512_e-04,1,1,650,13,30073470.495322,2951815.978516,0.111111,0.888889,1160 1166 1180 1245 1262 1305 1392 1396 1404 1444 1446 1541 1542 1546 1550
moead,512_e-04,1,2,650,13,29857382.074516,2929193.720703,0.222222,0.777778,1177 1194 1199 1224 1240 1269 1274 1302 1309 1318 1359 1361 1391 1399 1445
moead,512_e-04,1,3,650,13,29758619.077594,2921953.236328,0.333333,0.666667,1183 1224 1240 1264 1269 1280 1308 1309 1318 1359 1361 1391 1396 1399 1445
moead,512_e-04,1,4,650,13,29705137.222350,2903011.462891,0.444444,0.555556,1209 1224 1240 1265 1269 1274 1302 1308 1318 1359 1391 1392 1396 1399 1445
moead,512_e-04,1,5,650,13,29666898.619966,2892201.228516,0.555556,0.444444,1209 1224 1240 1265 1269 1273 1274 1309 1318 1348 1354 1359 1396 1399 1445
moead,512_e-04,1,6,650,13,29637412.185283,2874570.783203,0.666667,0.333333,1129 1209 1240 1265 1269 1273 1274 1309 1312 1318 1348 1359 1396 1399 1445
moead,512_e-04,1,7,650,13,29602998.219311,2856189.806641,0.777778,0.222222,1179 1232 1240 1280 1281 1305 1308 1312 1313 1320 1359 1391 1396 1397 1399
moead,512_e-04,1,8,650,13,29585978.563857,2853891.611328,0.888889,0.111111,1179 1232 1240 1244 1281 1305 1308 1309 1312 1313 1318 1392 1396 1397 1437
moead,512_e-04,1,9,650,13,29577870.495066,2839310.931641,1.000000,0.000000,1179 1240 1281 1305 1308 1309 1312 1313 1318 1391 1392 1394 1396 1399 1444
moead,512_e-04,1,0,700,14,35918062.061090,3012672.400391,0.000000,1.000000,238 691 1550 1594 2298 3684 5520 8133 8817 9129 9251 10903 11060 17695 18322
moead,512_e-04,1,1,700,14,30073470.495322,2951815.978516,0.111111,0.888889,1160 1166 1180 1245 1262 1305 1392 1396 1404 1444 1446 1541 1542 1546 1550
moead,512_e-04,1,2,700,14,29857382.074516,2929193.720703,0.222222,0.777778,1177 1194 1199 1224 1240 1269 1274 1302 1309 1318 1359 1361 1391 1399 1445
moead,512_e-04,1,3,700,14,29738973.863151,2918541.400391,0.333333,0.666667,1224 1240 1244 1264 1269 1274 1280 1308 1309 1318 1359 1361 1391 1396 1445
moead,512_e-04,1,4,700,14,29699936.437525,2904270.439453,0.444444,0.555556,1209 1224 1240 1265 1269 1274 1302 1308 1318 1354 1359 1391 1396 1399 1445
moead,512_e-04,1,5,700,14,29661622.190322,2890467.767578,0.555556,0.444444,1209 1224 1240 1265 1269 1273 1274 1307 1309 1312 1318 1348 1359 1396 1445
moead,512_e-04,1,6,700,14,29637412.185283,2874570.783203,0.666667,0.333333,1129 1209 1240 1265 1269 1273 1274 1309 1312 1318 1348 1359 1396 1399 1445
moead,512_e-04,1,7,700,14,29598722.646501,2856217.638672,0.777778,0.222222,1179 1232 1240 1280 1281 1305 1308 1312 1313 1318 1320 1391 1396 1397 1399
moead,512_e-04,1,8,700,14,29588043.587072,2854453.345703,0.888889,0.111111,1179 1232 1240 1280 1281 1305 1308 1309 1312 1313 1318 1392 1396 1397 1437
moead,512_e-04,1,9,700,14,29564554.645786,2817242.123047,1.000000,0.000000,1179 1240 1281 1308 1309 1312 1313 1316 1318 1391 1392 1394 1396 1399 1444
moead,512_e-04,1,0,750,15,37178376.190999,3012672.400391,0.000000,1.000000,238 665 691 1550 1594 1932 2298 3684 5712 8351 8616 9129 9251 10903 11060
moead,512_e-04,1,1,750,15,30048048.773612,2956614.892578,0.111111,0.888889,1125 1161 1166 1245 1262 1305 1309 1392 1396 1404 1444 1446 1542 1546 1550
moead,512_e-04,1,2,750,15,29857382.074516,2929193.720703,0.222222,0.777778,1177 1194 1199 1224 1240 1269 1274 1302 1309 1318 1359 1361 1391 1399 1445
moead,512_e-04,1,3,750,15,29746539.208575,2921809.267578,0.333333,0.666667,1183 1224 1240 1264 1269 1274 1280 1308 1309 1318 1359 1361 1391 1396 1445
moead,512_e-04,1,4,750,15,29699936.437525,2904270.439453,0.444444,0.555556,1209 1224 1240 1265 1269 1274 1302 1308 1318 1354 1359 1391 1396 1399 1445
moead,512_e-04,1,5,750,15,29661622.190322,2890467.767578,0.555556,0.444444,1209 1224 1240 1265 1269 1273 1274 1307 1309 1312 1318 1348 1359 1396 1445
moead,512_e-04,1,6,750,15,29637273.854561,2870712.408203,0.666667,0.333333,1173 1209 1236 1240 1265 1273 1274 1309 1312 1318 1348 1359 1396 1399 1445
moead,512_e-04,1,7,750,15,29593875.753539,2856745.353516,0.777778,0.222222,1179 1232 1240 1280 1281 1305 1308 1312 1313 1318 1320 1355 1391 1396 1399
moead,512_e-04,1,8,750,15,29587680.313376,2832075.255859,0.888889,0.111111,1175 1179 1182 1240 1281 1308 1309 1312 1313 1316 1318 1391 1394 1396 1399
moead,512_e-04,1,9,750,15,29564554.645786,2817242.123047,1.000000,0.000000,1179 1240 1281 1308 1309 1312 1313 1316 1318 1391 1392 1394 1396 1399 1444
moead,512_e-04,1,0,800,16,36822485.140872,3012672.400391,0.000000,1.000000,691 1546 1550 1594 1932 3987 5559 6244 6968 7208 7478 8616 9129 10753 12179
moead,512_e-04,1,1,800,16,30048048.773612,2956614.892578,0.111111,0.888889,1125 1161 1166 1245 1262 1305 1309 1392 1396 1404 1444 1446 1542 1546 1550
moead,512_e-04,1,2,800,16,29837910.820204,2930830.103516,0.222222,0.777778,1199 1224 1240 1265 1269 1274 1302 1308 1318 1359 1361 1396 1399 1445 1672
moead,512_e-04,1,3,800,16,29740227.680640,2925161.431641,0.333333,0.666667,1183 1224 1240 1264 1269 1280 1308 1309 1313 1314 1318 1359 1361 1391 1445
moead,512_e-04,1,4,800,16,29699936.437525,2904270.439453,0.444444,0.555556,1209 1224 1240 1265 1269 1274 1302 1308 1318 1354 1359 1391 1396 1399 1445
moead,512_e-04,1,5,800,16,29661622.190322,2890467.767578,0.555556,0.444444,1209 1224 1240 1265 1269 1273 1274 1307 1309 1312 1318 1348 1359 1396 1445
moead,512_e-04,1,6,800,16,29637273.854561,2870712.408203,0.666667,0.333333,1173 1209 1236 1240 1265 1273 1274 1309 1312 1318 1348 1359 1396 1399 1445
moead,512_e-04,1,7,800,16,29586484.885777,2859196.251953,0.777778,0.222222,1179 1232 1240 1245 1271 1280 1281 1305 1308 1312 1313 1320 1355 1391 1396
moead,512_e-04,1,8,800,16,29586484.885777,2859196.251953,0.888889,0.111111,1179 1232 1240 1245 1271 1280 1281 1305 1308 1312 1313 1320 1355 1391 1396
moead,512_e-04,1,9,800,16,29564554.645786,2817242.123047,1.000000,0.000000,1179 1240 1281 1308 1309 1312 1313 1316 1318 1391 1392 1394 1396 1399 1444
moead,512_e-04,1,0,850,17,35845400.248994,3012672.400391,0.000000,1.000000,1156 1161 1166 1245 1262 9304 9452 10010 10689 10753 12443 13334 16003 16026 16520
moead,512_e-04,1,1,850,17,30032785.375425,2958768.212891,0.111111,0.888889,1125 1156 1161 1166 1245 1262 1305 1309 1392 1396 1404 1444 1446 1546 1550
moead,512_e-04,1,2,850,17,29811494.769180,2933248.986328,0.222222,0.777778,1183 1224 1240 1264 1269 1298 1309 1313 1314 1318 1359 1361 1391 1433 1445
moead,512_e-04,1,3,850,17,29740227.680640,2925161.431641,0.333333,0.666667,1183 1224 1240 1264 1269 1280 1308 1309 1313 1314 1318 1359 1361 1391 1445
moead,512_e-04,1,4,850,17,29694701.781983,2903858.111328,0.444444,0.555556,1204 1209 1224 1240 1269 1274 1302 1308 1318 1348 1354 1359 1396 1399 1445
moead,512_e-04,1,5,850,17,29661622.190322,2890467.767578,0.555556,0.444444,1209 1224 1240 1265 1269 1273 1274 1307 1309 1312 1318 1348 1359 1396 1445
moead,512_e-04,1,6,850,17,29619806.980382,2875304.189453,0.666667,0.333333,1179 1211 1232 1245 1280 1281 1305 1308 1312 1313 1320 1355 1385 1391 1396
moead,512_e-04,1,7,850,17,29595509.774832,2870463.767578,0.777778,0.222222,1179 1211 1232 1245 1280 1281 1305 1308 1312 1313 1319 1320 1350 1355 1396
moead,512_e-04,1,8,850,17,29571998.417676,2821891.185547,0.888889,0.111111,1179 1182 1240 1281 1308 1309 1312 1313 1316 1318 1389 1391 1394 1396 1399
moead,512_e-04,1,9,850,17,29555783.134393,2803831.810547,1.000000,0.000000,1179 1238 1240 1308 1309 1312 1313 1316 1318 1391 1392 1394 1396 1399 1437
moead,512_e-04,1,0,900,18,36483316.385981,3012672.400391,0.000000,1.000000,1166 1262 2257 3432 3952 6082 8382 9116 9304 10010 10689 10737 11327 16003 16686
moead,512_e-04,1,1,900,18,30014959.742169,2952937.470703,0.111111,0.888889,1189 1240 1264 1269 1280 1298 1309 1314 1318 1344 1359 1361 1391 1445 8133
moead,512_e-04,1,2,900,18,29811494.769180,2933248.986328,0.222222,0.777778,1183 1224 1240 1264 1269 1298 1309 1313 1314 1318 1359 1361 1391 1433 1445
moead,512_e-04,1,3,900,18,29723317.854242,2917946.814453,0.333333,0.666667,1224 1240 1244 1264 1269 1274 1308 1309 1313 1314 1318 1359 1361 1391 1445
moead,512_e-04,1,4,900,18,29674217.643829,2901570.060547,0.444444,0.555556,1224 1240 1245 1302 1308 1309 1313 1314 1318 1348 1354 1359 1396 1399 1445
moead,512_e-04,1,5,900,18,29644972.014081,2878680.134766,0.555556,0.444444,1173 1209 1236 1240 1265 1269 1273 1309 1312 1318 1348 1359 1396 1399 1445
moead,512_e-04,1,6,900,18,29595509.774832,2870463.767578,0.666667,0.333333,1179 1211 1232 1245 1280 1281 1305 1308 1312 1313 1319 1320 1350 1355 1396
moead,512_e-04,1,7,900,18,29585441.455014,2860304.916016,0.777778,0.222222,1206 1211 1232 1245 1271 1280 1281 1305 1308 1312 1313 1320 1355 1391 1396
moead,512_e-04,1,8,900,18,29559515.892636,2808695.412109,0.888889,0.111111,1179 1238 1308 1309 1312 1313 1316 1318 1357 1391 1392 1394 1396 1399 1437
moead,512_e-04,1,9,900,18,29538928.267100,2798533.306641,1.000000,0.000000,1179 1238 1274 1308 1309 1312 1313 1314 1316 1318 1357 1392 1394 1396 1437
moead,512_e-04,1,0,950,19,36689977.992976,3012672.400391,0.000000,1.000000,1166 1546 1550 3432 3952 6082 6530 9116 9839 10010 10616 13617 14501 15131 17581
moead,512_e-04,1,1,950,19,30014959.742169,2952937.470703,0.111111,0.888889,1189 1240 1264 1269 1280 1298 1309 1314 1318 1344 1359 1361 1391 1445 8133
moead,512_e-04,1,2,950,19,29811494.769180,2933248.986328,0.222222,0.777778,1183 1224 1240 1264 1269 1298 1309 1313 1314 1318 1359 1361 1391 1433 1445
moead,512_e-04,1,3,950,19,29723317.854242,2917946.814453,0.333333,0.666667,1224 1240 1244 1264 1269 1274 1308 1309 1313 1314 1318 1359 1361 1391 1445
moead,512_e-04,1,4,950,19,29674217.643829,2901570.060547,0.444444,0.555556,1224 1240 1245 1302 1308 1309 1313 1314 1318 1348 1354 1359 1396 1399 1445
moead,512_e-04,1,5,950,19,29633609.872776,2887838.642578,0.555556,0.444444,1179 1211 1245 1302 1308 1309 1313 1314 1318 1348 1354 1359 1396 1399 1445
moead,512_e-04,1,6,950,19,29595509.774832,2870463.767578,0.666667,0.333333,1179 1211 1232 1245 1280 1281 1305 1308 1312 1313 1319 1320 1350 1355 1396
moead,512_e-04,1,7,950,19,29574190.508438,2854703.041016,0.777778,0.222222,1206 1210 1211 1245 1271 1280 1281 1305 1308 1312 1313 1320 1355 1391 1396
moead,512_e-04,1,8,950,19,29560991.188429,2809197.341797,0.888889,0.111111,1177 1235 1238 1308 1309 1312 1313 1316 1318 1357 1391 1392 1394 1396 1437
moead,512_e-04,1,9,950,19,29538928.267100,2798533.306641,1.000000,0.000000,1179 1238 1274 1308 1309 1312 1313 1314 1316 1318 1357 1392 1394 1396 1437
moead,512_e-04,1,0,1000,20,35291813.052491,3012672.400391,0.000000,1.000000,1166 1446 1546 1550 3432 3952 6530 6871 9116 9839 10616 13593 14597 16971 17581
moead,512_e-04,1,1,1000,20,30014959.742169,2952937.470703,0.111111,0.888889,1189 1240 1264 1269 1280 1298 1309 1314 1318 1344 1359 1361 1391 1445 8133
moead,512_e-04,1,2,1000,20,29811494.769180,2933248.986328,0.222222,0.777778,1183 1224 1240 1264 1269 1298 1309 1313 1314 1318 1359 1361 1391 1433 1445
moead,512_e-04,1,3,1000,20,29723317.854242,2917946.814453,0.333333,0.666667,1224 1240 1244 1264 1269 1274 1308 1309 1313 1314 1318 1359 1361 1391 1445
moead,512_e-04,1,4,1000,20,29674217.643829,2901570.060547,0.444444,0.555556,1224 1240 1245 1302 1308 1309 1313 1314 1318 1348 1354 1359 1396 1399 1445
moead,512_e-04,1,5,1000,20,29633609.872776,2887838.642578,0.555556,0.444444,1179 1211 1245 1302 1308 1309 1313 1314 1318 1348 1354 1359 1396 1399 1445
moead,512_e-04,1,6,1000,20,29595509.774832,2870463.767578,0.666667,0.333333,1179 1211 1232 1245 1280 1281 1305 1308 1312 1313 1319 1320 1350 1355 1396
moead,512_e-04,1,7,1000,20,29576434.833693,2866320.150391,0.777778,0.222222,1211 1232 1245 1271 1280 1281 1305 1308 1309 1312 1313 1320 1355 1391 1396
moead,512_e-04,1,8,1000,20,29552483.431912,2809722.974609,0.888889,0.111111,1177 1235 1238 1308 1309 1312 1313 1314 1316 1318 1357 1392 1394 1396 1437
moead,512_e-04,1,9,1000,20,29538928.267100,2798533.306641,1.000000,0.000000,1179 1238 1274 1308 1309 1312 1313 1314 1316 1318 1357 1392 1394 1396 1437
moead,512_e-04,1,0,1050,21,36438858.662157,3012672.400391,0.000000,1.000000,1166 1446 1550 5234 6530 6871 9116 9504 9920 10840 11737 12512 12824 14894 15373
moead,512_e-04,1,1,1050,21,30014959.742169,2952937.470703,0.111111,0.888889,1189 1240 1264 1269 1280 1298 1309 1314 1318 1344 1359 1361 1391 1445 8133
moead,512_e-04,1,2,1050,21,29811494.769180,2933248.986328,0.222222,0.777778,1183 1224 1240 1264 1269 1298 1309 1313 1314 1318 1359 1361 1391 1433 1445
moead,512_e-04,1,3,1050,21,29723317.854242,2917946.814453,0.333333,0.666667,1224 1240 1244 1264 1269 1274 1308 1309 1313 1314 1318 1359 1361 1391 1445
moead,512_e-04,1,4,1050,21,29666332.862599,2897565.619141,0.444444,0.555556,1224 1240 1245 1302 1308 1309 1313 1314 1318 1348 1354 1356 1359 1396 1445
moead,512_e-04,1,5,1050,21,29633609.872776,2887838.642578,0.555556,0.444444,1179 1211 1245 1302 1308 1309 1313 1314 1318 1348 1354 1359 1396 1399 1445
moead,512_e-04,1,6,1050,21,29595509.774832,2870463.767578,0.666667,0.333333,1179 1211 1232 1245 1280 1281 1305 1308 1312 1313 1319 1320 1350 1355 1396
moead,512_e-04,1,7,1050,21,29574190.508438,2854703.041016,0.777778,0.222222,1206 1210 1211 1245 1271 1280 1281 1305 1308 1312 1313 1320 1355 1391 1396
moead,512_e-04,1,8,1050,21,29545701.463225,2821429.396484,0.888889,0.111111,1177 1235 1276 1280 1308 1309 1312 1313 1314 1316 1318 1357 1391 1394 1396
moead,512_e-04,1,9,1050,21,29530107.570724,2800639.857422,1.000000,0.000000,1235 1238 1276 1308 1309 1312 1313 1314 1316 1318 1357 1392 1394 1396 1437
moead,512_e-04,1,0,1100,22,35396648.680020,3012672.400391,0.000000,1.000000,1166 1404 1444 1446 1507 1546 4877 6530 6871 9116 9320 9504 9694 10840 17363
moead,512_e-04,1,1,1100,22,30014775.817748,2952863.423828,0.111111,0.888889,1189 1240 1264 1269 1280 1298 1309 1314 1318 1344 1359 1361 1391 1445 7870
moead,512_e-04,1,2,1100,22,29811494.769180,2933248.986328,0.222222,0.777778,1183 1224 1240 1264 1269 1298 1309 1313 1314 1318 1359 1361 1391 1433 1445
moead,512_e-04,1,3,1100,22,29723317.854242,2917946.814453,0.333333,0.666667,1224 1240 1244 1264 1269 1274 1308 1309 1313 1314 1318 1359 1361 1391 1445
moead,512_e-04,1,4,1100,22,29666332.862599,2897565.619141,0.444444,0.555556,1224 1240 1245 1302 1308 1309 1313 1314 1318 1348 1354 1356 1359 1396 1445
moead,512_e-04,1,5,1100,22,29633609.872776,2887838.642578,0.555556,0.444444,1179 1211 1245 1302 1308 1309 1313 1314 1318 1348 1354 1359 1396 1399 1445
moead,512_e-04,1,6,1100,22,29595509.774832,2870463.767578,0.666667,0.333333,1179 1211 1232 1245 1280 1281 1305 1308 1312 1313 1319 1320 1350 1355 1396
moead,512_e-04,1,7,1100,22,29574190.508438,2854703.041016,0.777778,0.222222,1206 1210 1211 1245 1271 1280 1281 1305 1308 1312 1313 1320 1355 1391 1396
moead,512_e-04,1,8,1100,22,29553134.985212,2825614.470703,0.888889,0.111111,1177 1235 1276 1280 1308 1309 1312 1313 1314 1316 1320 1357 1391 1394 1396
moead,512_e-04,1,9,1100,22,29529977.904842,2803986.353516,1.000000,0.000000,1182 1235 1238 1276 1308 1309 1312 1313 1314 1316 1318 1357 1392 1394 1396
moead,512_e-04,1,0,1150,23,35666998.306911,3012672.400391,0.000000,1.000000,1166 1404 1444 1446 1507 1546 3280 4772 4877 6530 9116 9320 9504 10840 17768
moead,512_e-04,1,1,1150,23,30014775.817748,2952863.423828,0.111111,0.888889,1189 1240 1264 1269 1280 1298 1309 1314 1318 1344 1359 1361 1391 1445 7870
moead,512_e-04,1,2,1150,23,29804474.905608,2935372.361328,0.222222,0.777778,1183 1224 1240 1264 1269 1280 1298 1309 1313 1314 1318 1344 1361 1391 1445
moead,512_e-04,1,3,1150,23,29723317.854242,2917946.814453,0.333333,0.666667,1224 1240 1244 1264 1269 1274 1308 1309 1313 1314 1318 1359 1361 1391 1445
moead,512_e-04,1,4,1150,23,29666332.862599,2897565.619141,0.444444,0.555556,1224 1240 1245 1302 1308 1309 1313 1314 1318 1348 1354 1356 1359 1396 1445
moead,512_e-04,1,5,1150,23,29633609.872776,2887838.642578,0.555556,0.444444,1179 1211 1245 1302 1308 1309 1313 1314 1318 1348 1354 1359 1396 1399 1445
moead,512_e-04,1,6,1150,23,29595509.774832,2870463.767578,0.666667,0.333333,1179 1211 1232 1245 1280 1281 1305 1308 1312 1313 1319 1320 1350 1355 1396
moead,512_e-04,1,7,1150,23,29574190.508438,2854703.041016,0.777778,0.222222,1206 1210 1211 1245 1271 1280 1281 1305 1308 1312 1313 1320 1355 1391 1396
moead,512_e-04,1,8,1150,23,29553134.985212,2825614.470703,0.888889,0.111111,1177 1235 1276 1280 1308 1309 1312 1313 1314 1316 1320 1357 1391 1394 1396
moead,512_e-04,1,9,1150,23,29529977.904842,2803986.353516,1.000000,0.000000,1182 1235 1238 1276 1308 1309 1312 1313 1314 1316 1318 1357 1392 1394 1396
moead,512_e-04,1,0,1200,24,36901451.524053,3012672.400391,0.000000,1.000000,1166 1444 1546 1550 1921 3280 4877 6530 6631 8893 9116 11672 13714 18166 18647
moead,512_e-04,1,1,1200,24,30014775.817748,2952863.423828,0.111111,0.888889,1189 1240 1264 1269 1280 1298 1309 1314 1318 1344 1359 1361 1391 1445 7870
moead,512_e-04,1,2,1200,24,29804474.905608,2935372.361328,0.222222,0.777778,1183 1224 1240 1264 1269 1280 1298 1309 1313 1314 1318 1344 1361 1391 1445
moead,512_e-04,1,3,1200,24,29723317.854242,2917946.814453,0.333333,0.666667,1224 1240 1244 1264 1269 1274 1308 1309 1313 1314 1318 1359 1361 1391 1445
moead,512_e-04,1,4,1200,24,29663386.976657,2901903.134766,0.444444,0.555556,1224 1240 1244 1269 1274 1302 1308 1312 1313 1318 1348 1354 1359 1396 1445
moead,512_e-04,1,5,1200,24,29633609.872776,2887838.642578,0.555556,0.444444,1179 1211 1245 1302 1308 1309 1313 1314 1318 1348 1354 1359 1396 1399 1445
moead,512_e-04,1,6,1200,24,29595509.774832,2870463.767578,0.666667,0.333333,1179 1211 1232 1245 1280 1281 1305 1308 1312 1313 1319 1320 1350 1355 1396
moead,512_e-04,1,7,1200,24,29570270.233237,2860499.369141,0.777778,0.222222,1211 1232 1245 1271 1274 1280 1281 1305 1308 1309 1312 1313 1320 1355 1391
moead,512_e-04,1,8,1200,24,29553134.985212,2825614.470703,0.888889,0.111111,1177 1235 1276 1280 1308 1309 1312 1313 1314 1316 1320 1357 1391 1394 1396
moead,512_e-04,1,9,1200,24,29529977.904842,2803986.353516,1.000000,0.000000,1182 1235 1238 1276 1308 1309 1312 1313 1314 1316 1318 1357 1392 1394 1396
moead,512_e-04,1,0,1250,25,35226043.633451,3012672.400391,0.000000,1.000000,81 344 552 1396 1404 1507 1546 1550 1921 3280 14245 17179 17581 17695 18487
moead,512_e-04,1,1,1250,25,29993248.758155,2954133.462891,0.111111,0.888889,1156 1161 1166 1183 1245 1262 1305 1309 1359 1361 1391 1392 1396 1404 1445
moead,512_e-04,1,2,1250,25,29789926.918992,2933729.642578,0.222222,0.777778,1183 1224 1240 1264 1269 1280 1309 1314 1318 1359 1361 1391 1396 1445 1482
moead,512_e-04,1,3,1250,25,29716389.746000,2914728.158203,0.333333,0.666667,1183 1205 1240 1264 1269 1280 1302 1308 1309 1314 1318 1361 1391 1396 1445
moead,512_e-04,1,4,1250,25,29663386.976657,2901903.134766,0.444444,0.555556,1224 1240 1244 1269 1274 1302 1308 1312 1313 1318 1348 1354 1359 1396 1445
moead,512_e-04,1,5,1250,25,29628467.866886,2885055.025391,0.555556,0.444444,1179 1211 1245 1302 1308 1309 1313 1314 1318 1348 1354 1359 1384 1396 1435
moead,512_e-04,1,6,1250,25,29595509.774832,2870463.767578,0.666667,0.333333,1179 1211 1232 1245 1280 1281 1305 1308 1312 1313 1319 1320 1350 1355 1396
moead,512_e-04,1,7,1250,25,29570270.233237,2860499.369141,0.777778,0.222222,1211 1232 1245 1271 1274 1280 1281 1305 1308 1309 1312 1313 1320 1355 1391
moead,512_e-04,1,8,1250,25,29546434.154887,2824330.123047,0.888889,0.111111,1177 1235 1276 1280 1308 1309 1312 1313 1314 1318 1357 1392 1394 1395 1396
moead,512_e-04,1,9,1250,25,29526945.931925,2794708.884766,1.000000,0.000000,1182 1235 1238 1270 1276 1308 1309 1312 1313 1314 1316 1357 1392 1394 1396
moead,512_e-04,1,0,1300,26,33625578.614144,3012672.400391,0.000000,1.000000,81 221 344 966 1396 1404 1446 1507 1546 1550 1594 1921 3280 13476 17581
moead,512_e-04,1,1,1300,26,29993248.758155,2954133.462891,0.111111,0.888889,1156 1161 1166 1183 1245 1262 1305 1309 1359 1361 1391 1392 1396 1404 1445
moead,512_e-04,1,2,1300,26,29789926.918992,2933729.642578,0.222222,0.777778,1183 1224 1240 1264 1269 1280 1309 1314 1318 1359 1361 1391 1396 1445 1482
moead,512_e-04,1,3,1300,26,29716389.746000,2914728.158203,0.333333,0.666667,1183 1205 1240 1264 1269 1280 1302 1308 1309 1314 1318 1361 1391 1396 1445
moead,512_e-04,1,4,1300,26,29663386.976657,2901903.134766,0.444444,0.555556,1224 1240 1244 1269 1274 1302 1308 1312 1313 1318 1348 1354 1359 1396 1445
moead,512_e-04,1,5,1300,26,29628467.866886,2885055.025391,0.555556,0.444444,1179 1211 1245 1302 1308 1309 1313 1314 1318 1348 1354 1359 1384 1396 1435
moead,512_e-04,1,6,1300,26,29595509.774832,2870463.767578,0.666667,0.333333,1179 1211 1232 1245 1280 1281 1305 1308 1312 1313 1319 1320 1350 1355 1396
moead,512_e-04,1,7,1300,26,29567746.486289,2863028.236328,0.777778,0.222222,1211 1232 1245 1271 1274 1280 1281 1305 1308 1309 1312 1313 1320 1355 1396
moead,512_e-04,1,8,1300,26,29547612.327952,2839774.587891,0.888889,0.111111,1208 1211 1232 1245 1271 1274 1275 1280 1281 1308 1309 1312 1313 1355 1391
moead,512_e-04,1,9,1300,26,29526945.931925,2794708.884766,1.000000,0.000000,1182 1235 1238 1270 1276 1308 1309 1312 1313 1314 1316 1357 1392 1394 1396
moead,512_e-04,1,0,1350,27,34276126.293925,3012672.400391,0.000000,1.000000,81 1404 1446 1507 1550 1594 1921 3280 5532 5564 6480 8658 16118 17581 17695
moead,512_e-04,1,1,1350,27,29993248.758155,2954133.462891,0.111111,0.888889,1156 1161 1166 1183 1245 1262 1305 1309 1359 1361 1391 1392 1396 1404 1445
moead,512_e-04,1,2,1350,27,29789926.918992,2933729.642578,0.222222,0.777778,1183 1224 1240 1264 1269 1280 1309 1314 1318 1359 1361 1391 1396 1445 1482
moead,512_e-04,1,3,1350,27,29716389.746000,2914728.158203,0.333333,0.666667,1183 1205 1240 1264 1269 1280 1302 1308 1309 1314 1318 1361 1391 1396 1445
moead,512_e-04,1,4,1350,27,29663386.976657,2901903.134766,0.444444,0.555556,1224 1240 1244 1269 1274 1302 1308 1312 1313 1318 1348 1354 1359 1396 1445
moead,512_e-04,1,5,1350,27,29628467.866886,2885055.025391,0.555556,0.444444,1179 1211 1245 1302 1308 1309 1313 1314 1318 1348 1354 1359 1384 1396 1435
moead,512_e-04,1,6,1350,27,29583745.092326,2871167.892578,0.666667,0.333333,1211 1245 1271 1280 1281 1305 1308 1309 1312 1313 1320 1355 1386 1391 1396
moead,512_e-04,1,7,1350,27,29567746.486289,2863028.236328,0.777778,0.222222,1211 1232 1245 1271 1274 1280 1281 1305 1308 1309 1312 1313 1320 1355 1396
moead,512_e-04,1,8,1350,27,29547612.327952,2839774.587891,0.888889,0.111111,1208 1211 1232 1245 1271 1274 1275 1280 1281 1308 1309 1312 1313 1355 1391
moead,512_e-04,1,9,1350,27,29526945.931925,2794708.884766,1.000000,0.000000,1182 1235 1238 1270 1276 1308 1309 1312 1313 1314 1316 1357 1392 1394 1396
moead,512_e-04,1,0,1400,28,33937220.090949,3012672.400391,0.000000,1.000000,437 1444 1446 1507 1546 1550 1594 1787 1921 4389 6480 8658 10634 11140 17408
moead,512_e-04,1,1,1400,28,29993248.758155,2954133.462891,0.111111,0.888889,1156 1161 1166 1183 1245 1262 1305 1309 1359 1361 1391 1392 1396 1404 1445
moead,512_e-04,1,2,1400,28,29789926.918992,2933729.642578,0.222222,0.777778,1183 1224 1240 1264 1269 1280 1309 1314 1318 1359 1361 1391 1396 1445 1482
moead,512_e-04,1,3,1400,28,29716389.746000,2914728.158203,0.333333,0.666667,1183 1205 1240 1264 1269 1280 1302 1308 1309 1314 1318 1361 1391 1396 1445
moead,512_e-04,1,4,1400,28,29663386.976657,2901903.134766,0.444444,0.555556,1224 1240 1244 1269 1274 1302 1308 1312 1313 1318 1348 1354 1359 1396 1445
moead,512_e-04,1,5,1400,28,29628467.866886,2885055.025391,0.555556,0.444444,1179 1211 1245 1302 1308 1309 1313 1314 1318 1348 1354 1359 1384 1396 1435
moead,512_e-04,1,6,1400,28,29592683.205689,2872463.158203,0.666667,0.333333,1211 1245 1271 1280 1281 1305 1308 1309 1312 1313 1320 1386 1391 1396 1442
moead,512_e-04,1,7,1400,28,29567746.486289,2863028.236328,0.777778,0.222222,1211 1232 1245 1271 1274 1280 1281 1305 1308 1309 1312 1313 1320 1355 1396
moead,512_e-04,1,8,1400,28,29547612.327952,2839774.587891,0.888889,0.111111,1208 1211 1232 1245 1271 1274 1275 1280 1281 1308 1309 1312 1313 1355 1391
moead,512_e-04,1,9,1400,28,29526945.931925,2794708.884766,1.000000,0.000000,1182 1235 1238 1270 1276 1308 1309 1312 1313 1314 1316 1357 1392 1394 1396
moead,512_e-04,1,0,1450,29,34087410.084165,3012672.400391,0.000000,1.000000,437 1396 1404 1446 1507 1546 1550 1594 1787 1921 4253 4389 8658 10301 14053
moead,512_e-04,1,1,1450,29,29993248.758155,2954133.462891,0.111111,0.888889,1156 1161 1166 1183 1245 1262 1305 1309 1359 1361 1391 1392 1396 1404 1445
moead,512_e-04,1,2,1450,29,29789926.918992,2933729.642578,0.222222,0.777778,1183 1224 1240 1264 1269 1280 1309 1314 1318 1359 1361 1391 1396 1445 1482
moead,512_e-04,1,3,1450,29,29716389.746000,2914728.158203,0.333333,0.666667,1183 1205 1240 1264 1269 1280 1302 1308 1309 1314 1318 1361 1391 1396 1445
moead,512_e-04,1,4,1450,29,29663386.976657,2901903.134766,0.444444,0.555556,1224 1240 1244 1269 1274 1302 1308 1312 1313 1318 1348 1354 1359 1396 1445
moead,512_e-04,1,5,1450,29,29625065.342210,2881871.955078,0.555556,0.444444,1179 1211 1232 1245 1305 1308 1309 1313 1314 1318 1348 1354 1396 1399 1445
moead,512_e-04,1,6,1450,29,29592683.205689,2872463.158203,0.666667,0.333333,1211 1245 1271 1280 1281 1305 1308 1309 1312 1313 1320 1386 1391 1396 1442
moead,512_e-04,1,7,1450,29,29567746.486289,2863028.236328,0.777778,0.222222,1211 1232 1245 1271 1274 1280 1281 1305 1308 1309 1312 1313 1320 1355 1396
moead,512_e-04,1,8,1450,29,29540678.454727,2837976.642578,0.888889,0.111111,1208 1211 1232 1245 1271 1274 1275 1280 1281 1308 1309 1312 1313 1354 1355
moead,512_e-04,1,9,1450,29,29523716.638796,2817053.806641,1.000000,0.000000,1182 1235 1238 1271 1274 1275 1276 1280 1281 1308 1309 1312 1313 1354 1355
moead,512_e-04,1,0,1500,30,34736893.142570,3012672.400391,0.000000,1.000000,437 1396 1404 1446 1507 1546 1550 1594 1787 3776 4253 4389 5689 5736 17700
moead,512_e-04,1,1,1500,30,29959137.473439,2953965.345703,0.111111,0.888889,1125 1156 1161 1166 1245 1262 1305 1309 1318 1359 1391 1392 1396 1404 1445
moead,512_e-04,1,2,1500,30,29789926.918992,2933729.642578,0.222222,0.777778,1183 1224 1240 1264 1269 1280 1309 1314 1318 1359 1361 1391 1396 1445 1482
moead,512_e-04,1,3,1500,30,29707312.272609,2916412.783203,0.333333,0.666667,1183 1240 1264 1269 1280 1302 1308 1309 1313 1314 1318 1359 1361 1391 1445
moead,512_e-04,1,4,1500,30,29658457.966612,2900183.423828,0.444444,0.555556,1179 1211 1245 1302 1308 1309 1313 1314 1318 1348 1354 1359 1384 1396 1445
moead,512_e-04,1,5,1500,30,29604866.332285,2877100.056641,0.555556,0.444444,1211 1245 1271 1280 1281 1304 1305 1308 1309 1312 1320 1355 1386 1391 1396
moead,512_e-04,1,6,1500,30,29583745.092326,2871167.892578,0.666667,0.333333,1211 1245 1271 1280 1281 1305 1308 1309 1312 1313 1320 1355 1386 1391 1396
moead,512_e-04,1,7,1500,30,29550337.777920,2855978.224609,0.777778,0.222222,1211 1232 1245 1266 1271 1274 1275 1280 1281 1308 1309 1312 1313 1354 1355
moead,512_e-04,1,8,1500,30,29533371.948813,2829027.181641,0.888889,0.111111,1235 1238 1271 1272 1274 1275 1276 1280 1281 1308 1309 1312 1313 1344 1355
moead,512_e-04,1,9,1500,30,29514499.471166,2808264.197266,1.000000,0.000000,1235 1238 1271 1272 1274 1275 1276 1280 1281 1308 1309 1312 1313 1355 1396
moead,512_e-04,1,0,1550,31,35963172.383324,3012672.400391,0.000000,1.000000,437 443 1396 1404 1446 1546 1550 1787 3152 3776 4253 6397 8767 17639 18330
moead,512_e-04,1,1,1550,31,29951322.371208,2955216.923828,0.111111,0.888889,1125 1156 1161 1166 1245 1262 1305 1309 1314 1318 1344 1359 1361 1391 1445
moead,512_e-04,1,2,1550,31,29789926.918992,2933729.642578,0.222222,0.777778,1183 1224 1240 1264 1269 1280 1309 1314 1318 1359 1361 1391 1396 1445 1482
moead,512_e-04,1,3,1550,31,29707312.272609,2916412.783203,0.333333,0.666667,1183 1240 1264 1269 1280 1302 1308 1309 1313 1314 1318 1359 1361 1391 1445
moead,512_e-04,1,4,1550,31,29658457.966612,2900183.423828,0.444444,0.555556,1179 1211 1245 1302 1308 1309 1313 1314 1318 1348 1354 1359 1384 1396 1445
moead,512_e-04,1,5,1550,31,29604866.332285,2877100.056641,0.555556,0.444444,1211 1245 1271 1280 1281 1304 1305 1308 1309 1312 1320 1355 1386 1391 1396
moead,512_e-04,1,6,1550,31,29576434.833693,2866320.150391,0.666667,0.333333,1211 1232 1245 1271 1280 1281 1305 1308 1309 1312 1313 1320 1355 1391 1396
moead,512_e-04,1,7,1550,31,29550337.777920,2855978.224609,0.777778,0.222222,1211 1232 1245 1266 1271 1274 1275 1280 1281 1308 1309 1312 1313 1354 1355
moead,512_e-04,1,8,1550,31,29529717.629282,2828275.533203,0.888889,0.111111,1238 1271 1272 1274 1275 1276 1280 1281 1308 1309 1312 1313 1317 1344 1355
moead,512_e-04,1,9,1550,31,29510089.344888,2806225.513672,1.000000,0.000000,1235 1238 1271 1272 1274 1275 1276 1280 1281 1308 1309 1312 1313 1354 1355
moead,512_e-04,1,0,1600,32,35368370.348044,3012672.400391,0.000000,1.000000,437 443 1546 1550 1594 1787 3152 4253 10232 12098 14344 17581 17695 17700 17929
moead,512_e-04,1,1,1600,32,29951322.371208,2955216.923828,0.111111,0.888889,1125 1156 1161 1166 1245 1262 1305 1309 1314 1318 1344 1359 1361 1391 1445
moead,512_e-04,1,2,1600,32,29789926.918992,2933729.642578,0.222222,0.777778,1183 1224 1240 1264 1269 1280 1309 1314 1318 1359 1361 1391 1396 1445 1482
moead,512_e-04,1,3,1600,32,29704788.525662,2915109.689453,0.333333,0.666667,1183 1240 1264 1269 1280 1302 1308 1309 1313 1314 1318 1359 1361 1396 1445
moead,512_e-04,1,4,1600,32,29651308.931583,2894796.830078,0.444444,0.555556,1239 1240 1244 1269 1274 1300 1302 1308 1312 1318 1348 1354 1359 1442 1445
moead,512_e-04,1,5,1600,32,29604866.332285,2877100.056641,0.555556,0.444444,1211 1245 1271 1280 1281 1304 1305 1308 1309 1312 1320 1355 1386 1391 1396
moead,512_e-04,1,6,1600,32,29576434.833693,2866320.150391,0.666667,0.333333,1211 1232 1245 1271 1280 1281 1305 1308 1309 1312 1313 1320 1355 1391 1396
moead,512_e-04,1,7,1600,32,29553831.071717,2857721.658203,0.777778,0.222222,1211 1232 1245 1266 1271 1274 1275 1280 1281 1308 1309 1312 1313 1354 1396
moead,512_e-04,1,8,1600,32,29532798.504224,2843789.470703,0.888889,0.111111,1211 1245 1266 1271 1274 1275 1280 1281 1308 1309 1312 1313 1315 1354 1355
moead,512_e-04,1,9,1600,32,29510089.344888,2806225.513672,1.000000,0.000000,1235 1238 1271 1272 1274 1275 1276 1280 1281 1308 1309 1312 1313 1354 1355
moead,512_e-04,1,0,1650,33,36174802.126217,3012672.400391,0.000000,1.000000,437 443 1546 1594 3152 4253 5032 5305 9437 12015 12098 17581 17595 17695 17700
moead,512_e-04,1,1,1650,33,29951322.371208,2955216.923828,0.111111,0.888889,1125 1156 1161 1166 1245 1262 1305 1309 1314 1318 1344 1359 1361 1391 1445
moead,512_e-04,1,2,1650,33,29789926.918992,2933729.642578,0.222222,0.777778,1183 1224 1240 1264 1269 1280 1309 1314 1318 1359 1361 1391 1396 1445 1482
moead,512_e-04,1,3,1650,33,29704788.525662,2915109.689453,0.333333,0.666667,1183 1240 1264 1269 1280 1302 1308 1309 1313 1314 1318 1359 1361 1396 1445
moead,512_e-04,1,4,1650,33,29651308.931583,2894796.830078,0.444444,0.555556,1239 1240 1244 1269 1274 1300 1302 1308 1312 1318 1348 1354 1359 1442 1445
moead,512_e-04,1,5,1650,33,29604866.332285,2877100.056641,0.555556,0.444444,1211 1245 1271 1280 1281 1304 1305 1308 1309 1312 1320 1355 1386 1391 1396
moead,512_e-04,1,6,1650,33,29576434.833693,2866320.150391,0.666667,0.333333,1211 1232 1245 1271 1280 1281 1305 1308 1309 1312 1313 1320 1355 1391 1396
moead,512_e-04,1,7,1650,33,29553831.071717,2857721.658203,0.777778,0.222222,1211 1232 1245 1266 1271 1274 1275 1280 1281 1308 1309 1312 1313 1354 1396
moead,512_e-04,1,8,1650,33,29532798.504224,2843789.470703,0.888889,0.111111,1211 1245 1266 1271 1274 1275 1280 1281 1308 1309 1312 1313 1315 1354 1355
moead,512_e-04,1,9,1650,33,29510089.344888,2806225.513672,1.000000,0.000000,1235 1238 1271 1272 1274 1275 1276 1280 1281 1308 1309 1312 1313 1354 1355
moead,512_e-04,1,0,1700,34,33325263.134317,3012672.400391,0.000000,1.000000,475 1156 1161 1245 1262 1305 1309 5305 8938 12098 13252 14961 17581 17595 17695
moead,512_e-04,1,1,1700,34,29951322.371208,2955216.923828,0.111111,0.888889,1125 1156 1161 1166 1245 1262 1305 1309 1314 1318 1344 1359 1361 1391 1445
moead,512_e-04,1,2,1700,34,29765888.312607,2932913.533203,0.222222,0.777778,1183 1224 1240 1264 1269 1280 1309 1314 1318 1344 1359 1361 1391 1396 1445
moead,512_e-04,1,3,1700,34,29704788.525662,2915109.689453,0.333333,0.666667,1183 1240 1264 1269 1280 1302 1308 1309 1313 1314 1318 1359 1361 1396 1445
moead,512_e-04,1,4,1700,34,29644531.128205,2897507.205078,0.444444,0.555556,1183 1240 1264 1269 1280 1302 1308 1312 1313 1318 1348 1354 1359 1396 1445
moead,512_e-04,1,5,1700,34,29617624.463949,2883080.759766,0.555556,0.444444,1211 1232 1245 1261 1271 1281 1309 1312 1313 1320 1345 1349 1355 1391 1396
moead,512_e-04,1,6,1700,34,29567927.077176,2866607.236328,0.666667,0.333333,1211 1232 1245 1271 1280 1281 1305 1308 1309 1312 1313 1314 1320 1355 1396
moead,512_e-04,1,7,1700,34,29553831.071717,2857721.658203,0.777778,0.222222,1211 1232 1245 1266 1271 1274 1275 1280 1281 1308 1309 1312 1313 1354 1396
moead,512_e-04,1,8,1700,34,29529717.629282,2828275.533203,0.888889,0.111111,1238 1271 1272 1274 1275 1276 1280 1281 1308 1309 1312 1313 1317 1344 1355
moead,512_e-04,1,9,1700,34,29510089.344888,2806225.513672,1.000000,0.000000,1235 1238 1271 1272 1274 1275 1276 1280 1281 1308 1309 1312 1313 1354 1355
moead,512_e-04,1,0,1750,35,33868982.761866,3012672.400391,0.000000,1.000000,475 1156 1161 1245 1262 1305 5305 8938 11592 12098 14961 15661 17581 17595 17695
moead,512_e-04,1,1,1750,35,29951322.371208,2955216.923828,0.111111,0.888889,1125 1156 1161 1166 1245 1262 1305 1309 1314 1318 1344 1359 1361 1391 1445
moead,512_e-04,1,2,1750,35,29765888.312607,2932913.533203,0.222222,0.777778,1183 1224 1240 1264 1269 1280 1309 1314 1318 1344 1359 1361 1391 1396 1445
moead,512_e-04,1,3,1750,35,29704788.525662,2915109.689453,0.333333,0.666667,1183 1240 1264 1269 1280 1302 1308 1309 1313 1314 1318 1359 1361 1396 1445
moead,512_e-04,1,4,1750,35,29644531.128205,2897507.205078,0.444444,0.555556,1183 1240 1264 1269 1280 1302 1308 1312 1313 1318 1348 1354 1359 1396 1445
moead,512_e-04,1,5,1750,35,29617363.187723,2880266.134766,0.555556,0.444444,1179 1211 1245 1261 1271 1281 1309 1312 1313 1320 1345 1349 1355 1391 1396
moead,512_e-04,1,6,1750,35,29580381.679793,2870454.939453,0.666667,0.333333,1211 1245 1271 1280 1281 1305 1308 1309 1312 1313 1314 1320 1355 1385 1396
moead,512_e-04,1,7,1750,35,29553831.071717,2857721.658203,0.777778,0.222222,1211 1232 1245 1266 1271 1274 1275 1280 1281 1308 1309 1312 1313 1354 1396
moead,512_e-04,1,8,1750,35,29529717.629282,2828275.533203,0.888889,0.111111,1238 1271 1272 1274 1275 1276 1280 1281 1308 1309 1312 1313 1317 1344 1355
moead,512_e-04,1,9,1750,35,29510089.344888,2806225.513672,1.000000,0.000000,1235 1238 1271 1272 1274 1275 1276 1280 1281 1308 1309 1312 1313 1354 1355
moead,512_e-04,1,0,1800,36,35922969.097328,3012672.400391,0.000000,1.000000,1161 1262 1434 1917 3903 4493 5305 9152 9384 10068 10750 10913 11592 17581 17595
moead,512_e-04,1,1,1800,36,29951322.371208,2955216.923828,0.111111,0.888889,1125 1156 1161 1166 1245 1262 1305 1309 1314 1318 1344 1359 1361 1391 1445
moead,512_e-04,1,2,1800,36,29765888.312607,2932913.533203,0.222222,0.777778,1183 1224 1240 1264 1269 1280 1309 1314 1318 1344 1359 1361 1391 1396 1445
moead,512_e-04,1,3,1800,36,29704788.525662,2915109.689453,0.333333,0.666667,1183 1240 1264 1269 1280 1302 1308 1309 1313 1314 1318 1359 1361 1396 1445
moead,512_e-04,1,4,1800,36,29644531.128205,2897507.205078,0.444444,0.555556,1183 1240 1264 1269 1280 1302 1308 1312 1313 1318 1348 1354 1359 1396 1445
moead,512_e-04,1,5,1800,36,29617363.187723,2880266.134766,0.555556,0.444444,1179 1211 1245 1261 1271 1281 1309 1312 1313 1320 1345 1349 1355 1391 1396
moead,512_e-04,1,6,1800,36,29580381.679793,2870454.939453,0.666667,0.333333,1211 1245 1271 1280 1281 1305 1308 1309 1312 1313 1314 1320 1355 1385 1396
moead,512_e-04,1,7,1800,36,29553831.071717,2857721.658203,0.777778,0.222222,1211 1232 1245 1266 1271 1274 1275 1280 1281 1308 1309 1312 1313 1354 1396
moead,512_e-04,1,8,1800,36,29532555.138063,2828480.583984,0.888889,0.111111,1238 1240 1271 1272 1274 1275 1276 1280 1281 1308 1309 1313 1317 1344 1355
moead,512_e-04,1,9,1800,36,29510089.344888,2806225.513672,1.000000,0.000000,1235 1238 1271 1272 1274 1275 1276 1280 1281 1308 1309 1312 1313 1354 1355
moead,512_e-04,1,0,1850,37,35484699.436630,3012672.400391,0.000000,1.000000,1161 1262 1434 1594 1917 2273 2606 4493 5502 6786 9152 10068 10083 10750 13676
moead,512_e-04,1,1,1850,37,29951322.371208,2955216.923828,0.111111,0.888889,1125 1156 1161 1166 1245 1262 1305 1309 1314 1318 1344 1359 1361 1391 1445
moead,512_e-04,1,2,1850,37,29765888.312607,2932913.533203,0.222222,0.777778,1183 1224 1240 1264 1269 1280 1309 1314 1318 1344 1359 1361 1391 1396 1445
moead,512_e-04,1,3,1850,37,29701102.318957,2913353.306641,0.333333,0.666667,1183 1240 1264 1269 1280 1302 1308 1309 1313 1314 1318 1361 1391 1396 1445
moead,512_e-04,1,4,1850,37,29644531.128205,2897507.205078,0.444444,0.555556,1183 1240 1264 1269 1280 1302 1308 1312 1313 1318 1348 1354 1359 1396 1445
moead,512_e-04,1,5,1850,37,29604866.332285,2877100.056641,0.555556,0.444444,1211 1245 1271 1280 1281 1304 1305 1308 1309 1312 1320 1355 1386 1391 1396
moead,512_e-04,1,6,1850,37,29567927.077176,2866607.236328,0.666667,0.333333,1211 1232 1245 1271 1280 1281 1305 1308 1309 1312 1313 1314 1320 1355 1396
moead,512_e-04,1,7,1850,37,29539604.332225,2852099.666016,0.777778,0.222222,1211 1245 1266 1270 1271 1274 1275 1280 1281 1308 1309 1312 1313 1315 1396
moead,512_e-04,1,8,1850,37,29526610.618560,2820777.912109,0.888889,0.111111,1235 1238 1272 1274 1275 1276 1280 1281 1308 1309 1312 1313 1348 1355 1359
moead,512_e-04,1,9,1850,37,29510089.344888,2806225.513672,1.000000,0.000000,1235 1238 1271 1272 1274 1275 1276 1280 1281 1308 1309 1312 1313 1354 1355
moead,512_e-04,1,0,1900,38,37485176.240132,3012672.400391,0.000000,1.000000,2606 3562 4493 5502 8056 10068 10409 10673 10750 13676 14163 14833 15098 16507 18714
moead,512_e-04,1,1,1900,38,29946380.609985,2955216.923828,0.111111,0.888889,1125 1156 1166 1245 1262 1292 1305 1309 1314 1318 1344 1359 1361 1391 1445
moead,512_e-04,1,2,1900,38,29765888.312607,2932913.533203,0.222222,0.777778,1183 1224 1240 1264 1269 1280 1309 1314 1318 1344 1359 1361 1391 1396 1445
moead,512_e-04,1,3,1900,38,29701102.318957,2913353.306641,0.333333,0.666667,1183 1240 1264 1269 1280 1302 1308 1309 1313 1314 1318 1361 1391 1396 1445
moead,512_e-04,1,4,1900,38,29644531.128205,2897507.205078,0.444444,0.555556,1183 1240 1264 1269 1280 1302 1308 1312 1313 1318 1348 1354 1359 1396 1445
moead,512_e-04,1,5,1900,38,29594524.089772,2880518.720703,0.555556,0.444444,1239 1240 1244 1269 1273 1274 1279 1302 1308 1312 1313 1348 1354 1359 1445
moead,512_e-04,1,6,1900,38,29567927.077176,2866607.236328,0.666667,0.333333,1211 1232 1245 1271 1280 1281 1305 1308 1309 1312 1313 1314 1320 1355 1396
moead,512_e-04,1,7,1900,38,29539604.332225,2852099.666016,0.777778,0.222222,1211 1245 1266 1270 1271 1274 1275 1280 1281 1308 1309 1312 1313 1315 1396
moead,512_e-04,1,8,1900,38,29526610.618560,2820777.912109,0.888889,0.111111,1235 1238 1272 1274 1275 1276 1280 1281 1308 1309 1312 1313 1348 1355 1359
moead,512_e-04,1,9,1900,38,29510089.344888,2806225.513672,1.000000,0.000000,1235 1238 1271 1272 1274 1275 1276 1280 1281 1308 1309 1312 1313 1354 1355
moead,512_e-04,1,0,1950,39,37987346.262695,3012672.400391,0.000000,1.000000,945 3246 3562 3833 3986 5502 6050 6579 8056 10068 10312 10673 11317 14163 14833
moead,512_e-04,1,1,1950,39,29946380.609985,2955216.923828,0.111111,0.888889,1125 1156 1166 1245 1262 1292 1305 1309 1314 1318 1344 1359 1361 1391 1445
moead,512_e-04,1,2,1950,39,29765888.312607,2932913.533203,0.222222,0.777778,1183 1224 1240 1264 1269 1280 1309 1314 1318 1344 1359 1361 1391 1396 1445
moead,512_e-04,1,3,1950,39,29701102.318957,2913353.306641,0.333333,0.666667,1183 1240 1264 1269 1280 1302 1308 1309 1313 1314 1318 1361 1391 1396 1445
moead,512_e-04,1,4,1950,39,29644531.128205,2897507.205078,0.444444,0.555556,1183 1240 1264 1269 1280 1302 1308 1312 1313 1318 1348 1354 1359 1396 1445
moead,512_e-04,1,5,1950,39,29594524.089772,2880518.720703,0.555556,0.444444,1239 1240 1244 1269 1273 1274 1279 1302 1308 1312 1313 1348 1354 1359 1445
moead,512_e-04,1,6,1950,39,29567927.077176,2866607.236328,0.666667,0.333333,1211 1232 1245 1271 1280 1281 1305 1308 1309 1312 1313 1314 1320 1355 1396
moead,512_e-04,1,7,1950,39,29539604.332225,2852099.666016,0.777778,0.222222,1211 1245 1266 1270 1271 1274 1275 1280 1281 1308 1309 1312 1313 1315 1396
moead,512_e-04,1,8,1950,39,29526610.618560,2820777.912109,0.888889,0.111111,1235 1238 1272 1274 1275 1276 1280 1281 1308 1309 1312 1313 1348 1355 1359
moead,512_e-04,1,9,1950,39,29504401.370816,2800683.767578,1.000000,0.000000,1235 1238 1271 1272 1274 1275 1276 1280 1281 1309 1312 1313 1314 1354 1355
moead,512_e-04,1,0,2000,40,38078563.823657,3012672.400391,0.000000,1.000000,1550 2779 3170 3177 3246 3562 3986 6050 6579 8056 8756 10312 12722 14833 16490
moead,512_e-04,1,1,2000,40,29946380.609985,2955216.923828,0.111111,0.888889,1125 1156 1166 1245 1262 1292 1305 1309 1314 1318 1344 1359 1361 1391 1445
moead,512_e-04,1,2,2000,40,29765888.312607,2932913.533203,0.222222,0.777778,1183 1224 1240 1264 1269 1280 1309 1314 1318 1344 1359 1361 1391 1396 1445
moead,512_e-04,1,3,2000,40,29701102.318957,2913353.306641,0.333333,0.666667,1183 1240 1264 1269 1280 1302 1308 1309 1313 1314 1318 1361 1391 1396 1445
moead,512_e-04,1,4,2000,40,29644531.128205,2897507.205078,0.444444,0.555556,1183 1240 1264 1269 1280 1302 1308 1312 1313 1318 1348 1354 1359 1396 1445
moead,512_e-04,1,5,2000,40,29606368.834001,2884262.900391,0.555556,0.444444,1239 1240 1244 1269 1280 1302 1308 1309 1313 1314 1318 1354 1359 1396 1445
moead,512_e-04,1,6,2000,40,29576880.175621,2870927.275391,0.666667,0.333333,1211 1230 1245 1271 1280 1281 1305 1308 1309 1312 1313 1314 1320 1355 1396
moead,512_e-04,1,7,2000,40,29547441.513160,2855103.228516,0.777778,0.222222,1211 1245 1266 1271 1275 1280 1281 1308 1309 1312 1313 1348 1351 1355 1396
moead,512_e-04,1,8,2000,40,29526610.618560,2820777.912109,0.888889,0.111111,1235 1238 1272 1274 1275 1276 1280 1281 1308 1309 1312 1313 1348 1355 1359
moead,512_e-04,1,9,2000,40,29504401.370816,2800683.767578,1.000000,0.000000,1235 1238 1271 1272 1274 1275 1276 1280 1281 1309 1312 1313 1314 1354 1355
moead,512_e-04,1,0,2050,41,38106873.098930,3012672.400391,0.000000,1.000000,1550 1594 3562 4748 5703 6050 7554 8050 8056 8756 10312 11131 12722 14833 15606
moead,512_e-04,1,1,2050,41,29946380.609985,2955216.923828,0.111111,0.888889,1125 1156 1166 1245 1262 1292 1305 1309 1314 1318 1344 1359 1361 1391 1445
moead,512_e-04,1,2,2050,41,29765888.312607,2932913.533203,0.222222,0.777778,1183 1224 1240 1264 1269 1280 1309 1314 1318 1344 1359 1361 1391 1396 1445
moead,512_e-04,1,3,2050,41,29701102.318957,2913353.306641,0.333333,0.666667,1183 1240 1264 1269 1280 1302 1308 1309 1313 1314 1318 1361 1391 1396 1445
moead,512_e-04,1,4,2050,41,29644531.128205,2897507.205078,0.444444,0.555556,1183 1240 1264 1269 1280 1302 1308 1312 1313 1318 1348 1354 1359 1396 1445
moead,512_e-04,1,5,2050,41,29606368.834001,2884262.900391,0.555556,0.444444,1239 1240 1244 1269 1280 1302 1308 1309 1313 1314 1318 1354 1359 1396 1445
moead,512_e-04,1,6,2050,41,29573117.916265,2869174.361328,0.666667,0.333333,1211 1232 1240 1245 1266 1271 1275 1280 1281 1308 1309 1313 1320 1355 1396
moead,512_e-04,1,7,2050,41,29547441.513160,2855103.228516,0.777778,0.222222,1211 1245 1266 1271 1275 1280 1281 1308 1309 1312 1313 1348 1351 1355 1396
moead,512_e-04,1,8,2050,41,29526610.618560,2820777.912109,0.888889,0.111111,1235 1238 1272 1274 1275 1276 1280 1281 1308 1309 1312 1313 1348 1355 1359
moead,512_e-04,1,9,2050,41,29504401.370816,2800683.767578,1.000000,0.000000,1235 1238 1271 1272 1274 1275 1276 1280 1281 1309 1312 1313 1314 1354 1355
moead,512_e-04,1,0,2100,42,38241341.351949,3012672.400391,0.000000,1.000000,1550 1594 3562 5703 7037 7554 8050 8056 8756 10312 11131 12777 13083 14833 15606
moead,512_e-04,1,1,2100,42,29946380.609985,2955216.923828,0.111111,0.888889,1125 1156 1166 1245 1262 1292 1305 1309 1314 1318 1344 1359 1361 1391 1445
moead,512_e-04,1,2,2100,42,29774039.180926,2933059.580078,0.222222,0.777778,1183 1240 1245 1264 1269 1280 1298 1309 1313 1314 1318 1361 1391 1445 1540
moead,512_e-04,1,3,2100,42,29701102.318957,2913353.306641,0.333333,0.666667,1183 1240 1264 1269 1280 1302 1308 1309 1313 1314 1318 1361 1391 1396 1445
moead,512_e-04,1,4,2100,42,29644531.128205,2897507.205078,0.444444,0.555556,1183 1240 1264 1269 1280 1302 1308 1312 1313 1318 1348 1354 1359 1396 1445
moead,512_e-04,1,5,2100,42,29606368.834001,2884262.900391,0.555556,0.444444,1239 1240 1244 1269 1280 1302 1308 1309 1313 1314 1318 1354 1359 1396 1445
moead,512_e-04,1,6,2100,42,29573117.916265,2869174.361328,0.666667,0.333333,1211 1232 1240 1245 1266 1271 1275 1280 1281 1308 1309 1313 1320 1355 1396
moead,512_e-04,1,7,2100,42,29546757.124218,2856043.505859,0.777778,0.222222,1211 1245 1266 1271 1275 1280 1281 1308 1309 1312 1313 1314 1315 1320 1355
moead,512_e-04,1,8,2100,42,29526610.618560,2820777.912109,0.888889,0.111111,1235 1238 1272 1274 1275 1276 1280 1281 1308 1309 1312 1313 1348 1355 1359
moead,512_e-04,1,9,2100,42,29504401.370816,2800683.767578,1.000000,0.000000,1235 1238 1271 1272 1274 1275 1276 1280 1281 1309 1312 1313 1314 1354 1355
moead,512_e-04,1,0,2150,43,36645015.140577,3012672.400391,0.000000,1.000000,1396 1446 1594 6627 7037 7360 7554 8056 8756 10312 11958 13406 14127 16106 17273
moead,512_e-04,1,1,2150,43,29946380.609985,2955216.923828,0.111111,0.888889,1125 1156 1166 1245 1262 1292 1305 1309 1314 1318 1344 1359 1361 1391 1445
moead,512_e-04,1,2,2150,43,29774039.180926,2933059.580078,0.222222,0.777778,1183 1240 1245 1264 1269 1280 1298 1309 1313 1314 1318 1361 1391 1445 1540
moead,512_e-04,1,3,2150,43,29699029.210358,2914822.416016,0.333333,0.666667,1211 1240 1264 1265 1269 1309 1314 1318 1319 1354 1359 1361 1390 1396 1445
moead,512_e-04,1,4,2150,43,29644531.128205,2897507.205078,0.444444,0.555556,1183 1240 1264 1269 1280 1302 1308 1312 1313 1318 1348 1354 1359 1396 1445
moead,512_e-04,1,5,2150,43,29606368.834001,2884262.900391,0.555556,0.444444,1239 1240 1244 1269 1280 1302 1308 1309 1313 1314 1318 1354 1359 1396 1445
moead,512_e-04,1,6,2150,43,29573117.916265,2869174.361328,0.666667,0.333333,1211 1232 1240 1245 1266 1271 1275 1280 1281 1308 1309 1313 1320 1355 1396
moead,512_e-04,1,7,2150,43,29546757.124218,2856043.505859,0.777778,0.222222,1211 1245 1266 1271 1275 1280 1281 1308 1309 1312 1313 1314 1315 1320 1355
moead,512_e-04,1,8,2150,43,29528351.074687,2821706.095703,0.888889,0.111111,1238 1271 1274 1275 1279 1280 1281 1308 1309 1312 1313 1320 1354 1355 1397
moead,512_e-04,1,9,2150,43,29504401.370816,2800683.767578,1.000000,0.000000,1235 1238 1271 1272 1274 1275 1276 1280 1281 1309 1312 1313 1314 1354 1355
moead,512_e-04,1,0,2200,44,37805774.236679,3012672.400391,0.000000,1.000000,1392 1396 1404 3181 3273 3622 5891 7037 10312 10958 11603 11670 12651 13406 14512
moead,512_e-04,1,1,2200,44,29958261.480673,2958608.189453,0.111111,0.888889,1125 1156 1166 1189 1245 1262 1305 1309 1314 1318 1344 1392 1396 1404 1445
moead,512_e-04,1,2,2200,44,29774039.180926,2933059.580078,0.222222,0.777778,1183 1240 1245 1264 1269 1280 1298 1309 1313 1314 1318 1361 1391 1445 1540
moead,512_e-04,1,3,2200,44,29699029.210358,2914822.416016,0.333333,0.666667,1211 1240 1264 1265 1269 1309 1314 1318 1319 1354 1359 1361 1390 1396 1445
moead,512_e-04,1,4,2200,44,29644531.128205,2897507.205078,0.444444,0.555556,1183 1240 1264 1269 1280 1302 1308 1312 1313 1318 1348 1354 1359 1396 1445
moead,512_e-04,1,5,2200,44,29606368.834001,2884262.900391,0.555556,0.444444,1239 1240 1244 1269 1280 1302 1308 1309 1313 1314 1318 1354 1359 1396 1445
moead,512_e-04,1,6,2200,44,29573117.916265,2869174.361328,0.666667,0.333333,1211 1232 1240 1245 1266 1271 1275 1280 1281 1308 1309 1313 1320 1355 1396
moead,512_e-04,1,7,2200,44,29546757.124218,2856043.505859,0.777778,0.222222,1211 1245 1266 1271 1275 1280 1281 1308 1309 1312 1313 1314 1315 1320 1355
moead,512_e-04,1,8,2200,44,29526727.963346,2830029.423828,0.888889,0.111111,1211 1245 1271 1274 1275 1279 1280 1281 1308 1309 1312 1313 1354 1355 1397
moead,512_e-04,1,9,2200,44,29504401.370816,2800683.767578,1.000000,0.000000,1235 1238 1271 1272 1274 1275 1276 1280 1281 1309 1312 1313 1314 1354 1355
moead,512_e-04,1,0,2250,45,35969100.083573,3012672.400391,0.000000,1.000000,99 1392 1396 1404 1445 3181 3273 4610 5847 5891 9610 10312 10958 11603 11754
moead,512_e-04,1,1,2250,45,29958261.480673,2958608.189453,0.111111,0.888889,1125 1156 1166 1189 1245 1262 1305 1309 1314 1318 1344 1392 1396 1404 1445
moead,512_e-04,1,2,2250,45,29774039.180926,2933059.580078,0.222222,0.777778,1183 1240 1245 1264 1269 1280 1298 1309 1313 1314 1318 1361 1391 1445 1540
moead,512_e-04,1,3,2250,45,29699029.210358,2914822.416016,0.333333,0.666667,1211 1240 1264 1265 1269 1309 1314 1318 1319 1354 1359 1361 1390 1396 1445
moead,512_e-04,1,4,2250,45,29644531.128205,2897507.205078,0.444444,0.555556,1183 1240 1264 1269 1280 1302 1308 1312 1313 1318 1348 1354 1359 1396 1445
moead,512_e-04,1,5,2250,45,29602869.856749,2885969.181641,0.555556,0.444444,1239 1240 1244 1269 1273 1274 1279 1302 1308 1313 1318 1348 1354 1359 1445
moead,512_e-04,1,6,2250,45,29571990.524780,2869597.775391,0.666667,0.333333,1211 1232 1240 1266 1271 1275 1280 1281 1308 1309 1313 1320 1355 1391 1396
moead,512_e-04,1,7,2250,45,29546757.124218,2856043.505859,0.777778,0.222222,1211 1245 1266 1271 1275 1280 1281 1308 1309 1312 1313 1314 1315 1320 1355
moead,512_e-04,1,8,2250,45,29526727.963346,2830029.423828,0.888889,0.111111,1211 1245 1271 1274 1275 1279 1280 1281 1308 1309 1312 1313 1354 1355 1397
moead,512_e-04,1,9,2250,45,29504401.370816,2800683.767578,1.000000,0.000000,1235 1238 1271 1272 1274 1275 1276 1280 1281 1309 1312 1313 1314 1354 1355
moead,512_e-04,1,0,2300,46,37157376.060706,3012672.400391,0.000000,1.000000,99 411 1392 1396 1445 2354 3181 3273 4610 5891 9610 10312 11603 12650 16026
moead,512_e-04,1,1,2300,46,29958261.480673,2958608.189453,0.111111,0.888889,1125 1156 1166 1189 1245 1262 1305 1309 1314 1318 1344 1392 1396 1404 1445
moead,512_e-04,1,2,2300,46,29774039.180926,2933059.580078,0.222222,0.777778,1183 1240 1245 1264 1269 1280 1298 1309 1313 1314 1318 1361 1391 1445 1540
moead,512_e-04,1,3,2300,46,29686186.175917,2913435.041016,0.333333,0.666667,1211 1240 1264 1265 1280 1308 1309 1313 1314 1318 1354 1359 1361 1391 1445
moead,512_e-04,1,4,2300,46,29638640.167470,2897512.931641,0.444444,0.555556,1239 1240 1244 1269 1274 1279 1302 1308 1313 1318 1342 1348 1354 1359 1445
moead,512_e-04,1,5,2300,46,29602869.856749,2885969.181641,0.555556,0.444444,1239 1240 1244 1269 1273 1274 1279 1302 1308 1313 1318 1348 1354 1359 1445
moead,512_e-04,1,6,2300,46,29571990.524780,2869597.775391,0.666667,0.333333,1211 1232 1240 1266 1271 1275 1280 1281 1308 1309 1313 1320 1355 1391 1396
moead,512_e-04,1,7,2300,46,29539604.332225,2852099.666016,0.777778,0.222222,1211 1245 1266 1270 1271 1274 1275 1280 1281 1308 1309 1312 1313 1315 1396
moead,512_e-04,1,8,2300,46,29516643.319500,2817771.865234,0.888889,0.111111,1238 1267 1271 1272 1274 1275 1276 1279 1280 1281 1309 1313 1314 1354 1355
moead,512_e-04,1,9,2300,46,29504401.370816,2800683.767578,1.000000,0.000000,1235 1238 1271 1272 1274 1275 1276 1280 1281 1309 1312 1313 1314 1354 1355
moead,512_e-04,1,0,2350,47,35397237.015003,3012672.400391,0.000000,1.000000,99 1325 1392 1396 1445 3181 3273 4657 6279 8020 9610 11978 17720 18030 19077
moead,512_e-04,1,1,2350,47,29958261.480673,2958608.189453,0.111111,0.888889,1125 1156 1166 1189 1245 1262 1305 1309 1314 1318 1344 1392 1396 1404 1445
moead,512_e-04,1,2,2350,47,29774039.180926,2933059.580078,0.222222,0.777778,1183 1240 1245 1264 1269 1280 1298 1309 1313 1314 1318 1361 1391 1445 1540
moead,512_e-04,1,3,2350,47,29686186.175917,2913435.041016,0.333333,0.666667,1211 1240 1264 1265 1280 1308 1309 1313 1314 1318 1354 1359 1361 1391 1445
moead,512_e-04,1,4,2350,47,29638640.167470,2897512.931641,0.444444,0.555556,1239 1240 1244 1269 1274 1279 1302 1308 1313 1318 1342 1348 1354 1359 1445
moead,512_e-04,1,5,2350,47,29601660.145299,2883549.865234,0.555556,0.444444,1210 1239 1240 1244 1269 1274 1279 1302 1308 1312 1313 1348 1354 1359 1445
moead,512_e-04,1,6,2350,47,29571990.524780,2869597.775391,0.666667,0.333333,1211 1232 1240 1266 1271 1275 1280 1281 1308 1309 1313 1320 1355 1391 1396
moead,512_e-04,1,7,2350,47,29539604.332225,2852099.666016,0.777778,0.222222,1211 1245 1266 1270 1271 1274 1275 1280 1281 1308 1309 1312 1313 1315 1396
moead,512_e-04,1,8,2350,47,29516643.319500,2817771.865234,0.888889,0.111111,1238 1267 1271 1272 1274 1275 1276 1279 1280 1281 1309 1313 1314 1354 1355
moead,512_e-04,1,9,2350,47,29501876.726182,2792790.830078,1.000000,0.000000,1238 1271 1272 1274 1275 1276 1279 1280 1281 1309 1312 1313 1314 1354 1355
moead,512_e-04,1,0,2400,48,35616454.937664,3012672.400391,0.000000,1.000000,106 1125 1156 1166 1245 3810 4657 5324 6808 8020 8562 9610 15600 16940 18030
moead,512_e-04,1,1,2400,48,29958261.480673,2958608.189453,0.111111,0.888889,1125 1156 1166 1189 1245 1262 1305 1309 1314 1318 1344 1392 1396 1404 1445
moead,512_e-04,1,2,2400,48,29774039.180926,2933059.580078,0.222222,0.777778,1183 1240 1245 1264 1269 1280 1298 1309 1313 1314 1318 1361 1391 1445 1540
moead,512_e-04,1,3,2400,48,29686186.175917,2913435.041016,0.333333,0.666667,1211 1240 1264 1265 1280 1308 1309 1313 1314 1318 1354 1359 1361 1391 1445
moead,512_e-04,1,4,2400,48,29638640.167470,2897512.931641,0.444444,0.555556,1239 1240 1244 1269 1274 1279 1302 1308 1313 1318 1342 1348 1354 1359 1445
moead,512_e-04,1,5,2400,48,29601660.145299,2883549.865234,0.555556,0.444444,1210 1239 1240 1244 1269 1274 1279 1302 1308 1312 1313 1348 1354 1359 1445
moead,512_e-04,1,6,2400,48,29562988.081698,2868104.423828,0.666667,0.333333,1211 1240 1245 1266 1271 1275 1280 1281 1308 1309 1313 1320 1355 1391 1396
moead,512_e-04,1,7,2400,48,29544984.475836,2856176.447266,0.777778,0.222222,1211 1245 1266 1270 1271 1275 1280 1281 1308 1309 1312 1313 1315 1348 1355
moead,512_e-04,1,8,2400,48,29523140.717144,2819190.919922,0.888889,0.111111,1238 1267 1271 1272 1274 1275 1276 1280 1281 1309 1312 1314 1354 1355 1443
moead,512_e-04,1,9,2400,48,29501876.726182,2792790.830078,1.000000,0.000000,1238 1271 1272 1274 1275 1276 1279 1280 1281 1309 1312 1313 1314 1354 1355
moead,512_e-04,1,0,2450,49,36588523.886448,3012672.400391,0.000000,1.000000,1097 1156 3810 4657 5799 6616 7958 8020 8443 8562 9610 12088 16940 17961 18030
moead,512_e-04,1,1,2450,49,29958261.480673,2958608.189453,0.111111,0.888889,1125 1156 1166 1189 1245 1262 1305 1309 1314 1318 1344 1392 1396 1404 1445
moead,512_e-04,1,2,2450,49,29774039.180926,2933059.580078,0.222222,0.777778,1183 1240 1245 1264 1269 1280 1298 1309 1313 1314 1318 1361 1391 1445 1540
moead,512_e-04,1,3,2450,49,29686186.175917,2913435.041016,0.333333,0.666667,1211 1240 1264 1265 1280 1308 1309 1313 1314 1318 1354 1359 1361 1391 1445
moead,512_e-04,1,4,2450,49,29638640.167470,2897512.931641,0.444444,0.555556,1239 1240 1244 1269 1274 1279 1302 1308 1313 1318 1342 1348 1354 1359 1445
moead,512_e-04,1,5,2450,49,29599838.703355,2884875.228516,0.555556,0.444444,1240 1244 1269 1273 1274 1279 1302 1308 1312 1313 1318 1348 1354 1359 1445
moead,512_e-04,1,6,2450,49,29562988.081698,2868104.423828,0.666667,0.333333,1211 1240 1245 1266 1271 1275 1280 1281 1308 1309 1313 1320 1355 1391 1396
moead,512_e-04,1,7,2450,49,29544984.475836,2856176.447266,0.777778,0.222222,1211 1245 1266 1270 1271 1275 1280 1281 1308 1309 1312 1313 1315 1348 1355
moead,512_e-04,1,8,2450,49,29518881.086433,2827529.505859,0.888889,0.111111,1267 1271 1272 1274 1275 1276 1280 1281 1309 1312 1313 1314 1354 1355 1359
moead,512_e-04,1,9,2450,49,29501876.726182,2792790.830078,1.000000,0.000000,1238 1271 1272 1274 1275 1276 1279 1280 1281 1309 1312 1313 1314 1354 1355
moead,512_e-04,1,0,2500,50,37117390.696598,3012672.400391,0.000000,1.000000,79 1097 2285 3810 5799 8020 9610 10710 13463 15608 16679 16940 17961 18030 18903
moead,512_e-04,1,1,2500,50,29958261.480673,2958608.189453,0.111111,0.888889,1125 1156 1166 1189 1245 1262 1305 1309 1314 1318 1344 1392 1396 1404 1445
moead,512_e-04,1,2,2500,50,29774039.180926,2933059.580078,0.222222,0.777778,1183 1240 1245 1264 1269 1280 1298 1309 1313 1314 1318 1361 1391 1445 1540
moead,512_e-04,1,3,2500,50,29686186.175917,2913435.041016,0.333333,0.666667,1211 1240 1264 1265 1280 1308 1309 1313 1314 1318 1354 1359 1361 1391 1445
moead,512_e-04,1,4,2500,50,29638640.167470,2897512.931641,0.444444,0.555556,1239 1240 1244 1269 1274 1279 1302 1308 1313 1318 1342 1348 1354 1359 1445
moead,512_e-04,1,5,2500,50,29599838.703355,2884875.228516,0.555556,0.444444,1240 1244 1269 1273 1274 1279 1302 1308 1312 1313 1318 1348 1354 1359 1445
moead,512_e-04,1,6,2500,50,29562988.081698,2868104.423828,0.666667,0.333333,1211 1240 1245 1266 1271 1275 1280 1281 1308 1309 1313 1320 1355 1391 1396
moead,512_e-04,1,7,2500,50,29544984.475836,2856176.447266,0.777778,0.222222,1211 1245 1266 1270 1271 1275 1280 1281 1308 1309 1312 1313 1315 1348 1355
moead,512_e-04,1,8,2500,50,29518881.086433,2827529.505859,0.888889,0.111111,1267 1271 1272 1274 1275 1276 1280 1281 1309 1312 1313 1314 1354 1355 1359
moead,512_e-04,1,9,2500,50,29501401.160279,2789516.623047,1.000000,0.000000,1238 1271 1272 1274 1275 1276 1279 1280 1281 1309 1312 1313 1314 1315 1355
moead,512_e-04,1,0,2550,51,37424243.201916,3012672.400391,0.000000,1.000000,79 496 843 2285 3810 4463 4635 5799 6630 10006 10710 15608 16679 18030 18903
moead,512_e-04,1,1,2550,51,29958261.480673,2958608.189453,0.111111,0.888889,1125 1156 1166 1189 1245 1262 1305 1309 1314 1318 1344 1392 1396 1404 1445
moead,512_e-04,1,2,2550,51,29774039.180926,2933059.580078,0.222222,0.777778,1183 1240 1245 1264 1269 1280 1298 1309 1313 1314 1318 1361 1391 1445 1540
moead,512_e-04,1,3,2550,51,29686186.175917,2913435.041016,0.333333,0.666667,1211 1240 1264 1265 1280 1308 1309 1313 1314 1318 1354 1359 1361 1391 1445
moead,512_e-04,1,4,2550,51,29638640.167470,2897512.931641,0.444444,0.555556,1239 1240 1244 1269 1274 1279 1302 1308 1313 1318 1342 1348 1354 1359 1445
moead,512_e-04,1,5,2550,51,29599838.703355,2884875.228516,0.555556,0.444444,1240 1244 1269 1273 1274 1279 1302 1308 1312 1313 1318 1348 1354 1359 1445
moead,512_e-04,1,6,2550,51,29562988.081698,2868104.423828,0.666667,0.333333,1211 1240 1245 1266 1271 1275 1280 1281 1308 1309 1313 1320 1355 1391 1396
moead,512_e-04,1,7,2550,51,29539426.978131,2858184.455078,0.777778,0.222222,1211 1245 1266 1270 1271 1275 1280 1308 1309 1312 1313 1314 1320 1354 1355
moead,512_e-04,1,8,2550,51,29518881.086433,2827529.505859,0.888889,0.111111,1267 1271 1272 1274 1275 1276 1280 1281 1309 1312 1313 1314 1354 1355 1359
moead,512_e-04,1,9,2550,51,29501401.160279,2789516.623047,1.000000,0.000000,1238 1271 1272 1274 1275 1276 1279 1280 1281 1309 1312 1313 1314 1315 1355
moead,512_e-04,1,0,2600,52,38066506.906784,3012672.400391,0.000000,1.000000,79 496 843 2285 3810 4036 4463 6630 7606 10006 10710 15608 16679 18752 18903
moead,512_e-04,1,1,2600,52,29958261.480673,2958608.189453,0.111111,0.888889,1125 1156 1166 1189 1245 1262 1305 1309 1314 1318 1344 1392 1396 1404 1445
moead,512_e-04,1,2,2600,52,29774039.180926,2933059.580078,0.222222,0.777778,1183 1240 1245 1264 1269 1280 1298 1309 1313 1314 1318 1361 1391 1445 1540
moead,512_e-04,1,3,2600,52,29686186.175917,2913435.041016,0.333333,0.666667,1211 1240 1264 1265 1280 1308 1309 1313 1314 1318 1354 1359 1361 1391 1445
moead,512_e-04,1,4,2600,52,29638640.167470,2897512.931641,0.444444,0.555556,1239 1240 1244 1269 1274 1279 1302 1308 1313 1318 1342 1348 1354 1359 1445
moead,512_e-04,1,5,2600,52,29599838.703355,2884875.228516,0.555556,0.444444,1240 1244 1269 1273 1274 1279 1302 1308 1312 1313 1318 1348 1354 1359 1445
moead,512_e-04,1,6,2600,52,29568196.198541,2870174.955078,0.666667,0.333333,1211 1245 1266 1267 1271 1275 1280 1308 1312 1313 1314 1320 1359 1391 1396
moead,512_e-04,1,7,2600,52,29539426.978131,2858184.455078,0.777778,0.222222,1211 1245 1266 1270 1271 1275 1280 1308 1309 1312 1313 1314 1320 1354 1355
moead,512_e-04,1,8,2600,52,29518881.086433,2827529.505859,0.888889,0.111111,1267 1271 1272 1274 1275 1276 1280 1281 1309 1312 1313 1314 1354 1355 1359
moead,512_e-04,1,9,2600,52,29501401.160279,2789516.623047,1.000000,0.000000,1238 1271 1272 1274 1275 1276 1279 1280 1281 1309 1312 1313 1314 1315 1355
moead,512_e-04,1,0,2650,53,36763362.236811,3012672.400391,0.000000,1.000000,1445 2285 3810 4036 4463 6474 6630 7406 10006 10609 13233 13843 14374 15608 16754
moead,512_e-04,1,1,2650,53,29958261.480673,2958608.189453,0.111111,0.888889,1125 1156 1166 1189 1245 1262 1305 1309 1314 1318 1344 1392 1396 1404 1445
moead,512_e-04,1,2,2650,53,29774039.180926,2933059.580078,0.222222,0.777778,1183 1240 1245 1264 1269 1280 1298 1309 1313 1314 1318 1361 1391 1445 1540
moead,512_e-04,1,3,2650,53,29697839.777336,2914864.283203,0.333333,0.666667,1236 1240 1264 1280 1309 1314 1318 1319 1354 1359 1361 1387 1390 1396 1445
moead,512_e-04,1,4,2650,53,29638640.167470,2897512.931641,0.444444,0.555556,1239 1240 1244 1269 1274 1279 1302 1308 1313 1318 1342 1348 1354 1359 1445
moead,512_e-04,1,5,2650,53,29599838.703355,2884875.228516,0.555556,0.444444,1240 1244 1269 1273 1274 1279 1302 1308 1312 1313 1318 1348 1354 1359 1445
moead,512_e-04,1,6,2650,53,29568196.198541,2870174.955078,0.666667,0.333333,1211 1245 1266 1267 1271 1275 1280 1308 1312 1313 1314 1320 1359 1391 1396
moead,512_e-04,1,7,2650,53,29539426.978131,2858184.455078,0.777778,0.222222,1211 1245 1266 1270 1271 1275 1280 1308 1309 1312 1313 1314 1320 1354 1355
moead,512_e-04,1,8,2650,53,29518881.086433,2827529.505859,0.888889,0.111111,1267 1271 1272 1274 1275 1276 1280 1281 1309 1312 1313 1314 1354 1355 1359
moead,512_e-04,1,9,2650,53,29501401.160279,2789516.623047,1.000000,0.000000,1238 1271 1272 1274 1275 1276 1279 1280 1281 1309 1312 1313 1314 1315 1355
moead,512_e-04,1,0,2700,54,37863802.756803,3012672.400391,0.000000,1.000000,1404 2846 4463 5735 6749 7406 7474 7714 9973 10006 10609 12041 12070 13233 13843
moead,512_e-04,1,1,2700,54,29958261.480673,2958608.189453,0.111111,0.888889,1125 1156 1166 1189 1245 1262 1305 1309 1314 1318 1344 1392 1396 1404 1445
moead,512_e-04,1,2,2700,54,29774039.180926,2933059.580078,0.222222,0.777778,1183 1240 1245 1264 1269 1280 1298 1309 1313 1314 1318 1361 1391 1445 1540
moead,512_e-04,1,3,2700,54,29697839.777336,2914864.283203,0.333333,0.666667,1236 1240 1264 1280 1309 1314 1318 1319 1354 1359 1361 1387 1390 1396 1445
moead,512_e-04,1,4,2700,54,29638640.167470,2897512.931641,0.444444,0.555556,1239 1240 1244 1269 1274 1279 1302 1308 1313 1318 1342 1348 1354 1359 1445
moead,512_e-04,1,5,2700,54,29599838.703355,2884875.228516,0.555556,0.444444,1240 1244 1269 1273 1274 1279 1302 1308 1312 1313 1318 1348 1354 1359 1445
moead,512_e-04,1,6,2700,54,29568196.198541,2870174.955078,0.666667,0.333333,1211 1245 1266 1267 1271 1275 1280 1308 1312 1313 1314 1320 1359 1391 1396
moead,512_e-04,1,7,2700,54,29539426.978131,2858184.455078,0.777778,0.222222,1211 1245 1266 1270 1271 1275 1280 1308 1309 1312 1313 1314 1320 1354 1355
moead,512_e-04,1,8,2700,54,29518881.086433,2827529.505859,0.888889,0.111111,1267 1271 1272 1274 1275 1276 1280 1281 1309 1312 1313 1314 1354 1355 1359
moead,512_e-04,1,9,2700,54,29501401.160279,2789516.623047,1.000000,0.000000,1238 1271 1272 1274 1275 1276 1279 1280 1281 1309 1312 1313 1314 1315 1355
moead,512_e-04,1,0,2750,55,36124575.657190,3012672.400391,0.000000,1.000000,1396 1404 1445 2677 2846 3049 4463 7714 7765 8280 8435 8892 8952 9993 10811
moead,512_e-04,1,1,2750,55,29958261.480673,2958608.189453,0.111111,0.888889,1125 1156 1166 1189 1245 1262 1305 1309 1314 1318 1344 1392 1396 1404 1445
moead,512_e-04,1,2,2750,55,29774039.180926,2933059.580078,0.222222,0.777778,1183 1240 1245 1264 1269 1280 1298 1309 1313 1314 1318 1361 1391 1445 1540
moead,512_e-04,1,3,2750,55,29686186.175917,2913435.041016,0.333333,0.666667,1211 1240 1264 1265 1280 1308 1309 1313 1314 1318 1354 1359 1361 1391 1445
moead,512_e-04,1,4,2750,55,29638640.167470,2897512.931641,0.444444,0.555556,1239 1240 1244 1269 1274 1279 1302 1308 1313 1318 1342 1348 1354 1359 1445
moead,512_e-04,1,5,2750,55,29599838.703355,2884875.228516,0.555556,0.444444,1240 1244 1269 1273 1274 1279 1302 1308 1312 1313 1318 1348 1354 1359 1445
moead,512_e-04,1,6,2750,55,29568196.198541,2870174.955078,0.666667,0.333333,1211 1245 1266 1267 1271 1275 1280 1308 1312 1313 1314 1320 1359 1391 1396
moead,512_e-04,1,7,2750,55,29539426.978131,2858184.455078,0.777778,0.222222,1211 1245 1266 1270 1271 1275 1280 1308 1309 1312 1313 1314 1320 1354 1355
moead,512_e-04,1,8,2750,55,29518881.086433,2827529.505859,0.888889,0.111111,1267 1271 1272 1274 1275 1276 1280 1281 1309 1312 1313 1314 1354 1355 1359
moead,512_e-04,1,9,2750,55,29501401.160279,2789516.623047,1.000000,0.000000,1238 1271 1272 1274 1275 1276 1279 1280 1281 1309 1312 1313 1314 1315 1355
moead,512_e-04,1,0,2800,56,37574776.305336,3012672.400391,0.000000,1.000000,1445 2219 2677 2846 3049 6304 7765 8280 8952 9993 10271 12011 13948 14239 14603
moead,512_e-04,1,1,2800,56,29958261.480673,2958608.189453,0.111111,0.888889,1125 1156 1166 1189 1245 1262 1305 1309 1314 1318 1344 1392 1396 1404 1445
moead,512_e-04,1,2,2800,56,29774039.180926,2933059.580078,0.222222,0.777778,1183 1240 1245 1264 1269 1280 1298 1309 1313 1314 1318 1361 1391 1445 1540
moead,512_e-04,1,3,2800,56,29693418.702315,2914571.830078,0.333333,0.666667,1183 1240 1264 1265 1280 1308 1309 1313 1314 1318 1354 1359 1361 1391 1445
moead,512_e-04,1,4,2800,56,29639685.472834,2899905.048828,0.444444,0.555556,1205 1240 1264 1269 1280 1302 1308 1309 1313 1314 1318 1354 1359 1396 1445
moead,512_e-04,1,5,2800,56,29599838.703355,2884875.228516,0.555556,0.444444,1240 1244 1269 1273 1274 1279 1302 1308 1312 1313 1318 1348 1354 1359 1445
moead,512_e-04,1,6,2800,56,29568196.198541,2870174.955078,0.666667,0.333333,1211 1245 1266 1267 1271 1275 1280 1308 1312 1313 1314 1320 1359 1391 1396
moead,512_e-04,1,7,2800,56,29539426.978131,2858184.455078,0.777778,0.222222,1211 1245 1266 1270 1271 1275 1280 1308 1309 1312 1313 1314 1320 1354 1355
moead,512_e-04,1,8,2800,56,29518881.086433,2827529.505859,0.888889,0.111111,1267 1271 1272 1274 1275 1276 1280 1281 1309 1312 1313 1314 1354 1355 1359
moead,512_e-04,1,9,2800,56,29501401.160279,2789516.623047,1.000000,0.000000,1238 1271 1272 1274 1275 1276 1279 1280 1281 1309 1312 1313 1314 1315 1355
moead,512_e-04,1,0,2850,57,35750040.866140,3012672.400391,0.000000,1.000000,1404 1550 1769 2219 2677 2846 3049 6304 6502 8280 8952 10292 14321 17720 17821
moead,512_e-04,1,1,2850,57,29943802.819953,2957510.861328,0.111111,0.888889,1156 1166 1189 1202 1245 1262 1305 1309 1314 1318 1344 1392 1396 1404 1445
moead,512_e-04,1,2,2850,57,29774039.180926,2933059.580078,0.222222,0.777778,1183 1240 1245 1264 1269 1280 1298 1309 1313 1314 1318 1361 1391 1445 1540
moead,512_e-04,1,3,2850,57,29693418.702315,2914571.830078,0.333333,0.666667,1183 1240 1264 1265 1280 1308 1309 1313 1314 1318 1354 1359 1361 1391 1445
moead,512_e-04,1,4,2850,57,29639685.472834,2899905.048828,0.444444,0.555556,1205 1240 1264 1269 1280 1302 1308 1309 1313 1314 1318 1354 1359 1396 1445
moead,512_e-04,1,5,2850,57,29599838.703355,2884875.228516,0.555556,0.444444,1240 1244 1269 1273 1274 1279 1302 1308 1312 1313 1318 1348 1354 1359 1445
moead,512_e-04,1,6,2850,57,29568196.198541,2870174.955078,0.666667,0.333333,1211 1245 1266 1267 1271 1275 1280 1308 1312 1313 1314 1320 1359 1391 1396
moead,512_e-04,1,7,2850,57,29539426.978131,2858184.455078,0.777778,0.222222,1211 1245 1266 1270 1271 1275 1280 1308 1309 1312 1313 1314 1320 1354 1355
moead,512_e-04,1,8,2850,57,29518881.086433,2827529.505859,0.888889,0.111111,1267 1271 1272 1274 1275 1276 1280 1281 1309 1312 1313 1314 1354 1355 1359
moead,512_e-04,1,9,2850,57,29501401.160279,2789516.623047,1.000000,0.000000,1238 1271 1272 1274 1275 1276 1279 1280 1281 1309 1312 1313 1314 1315 1355
moead,512_e-04,1,0,2900,58,36086098.945400,3012672.400391,0.000000,1.000000,1318 1392 1396 1404 2219 2846 3049 6304 6502 8952 10924 12964 15034 15786 17720
moead,512_e-04,1,1,2900,58,29943802.819953,2957510.861328,0.111111,0.888889,1156 1166 1189 1202 1245 1262 1305 1309 1314 1318 1344 1392 1396 1404 1445
moead,512_e-04,1,2,2900,58,29774039.180926,2933059.580078,0.222222,0.777778,1183 1240 1245 1264 1269 1280 1298 1309 1313 1314 1318 1361 1391 1445 1540
moead,512_e-04,1,3,2900,58,29693418.702315,2914571.830078,0.333333,0.666667,1183 1240 1264 1265 1280 1308 1309 1313 1314 1318 1354 1359 1361 1391 1445
moead,512_e-04,1,4,2900,58,29639685.472834,2899905.048828,0.444444,0.555556,1205 1240 1264 1269 1280 1302 1308 1309 1313 1314 1318 1354 1359 1396 1445
moead,512_e-04,1,5,2900,58,29599838.703355,2884875.228516,0.555556,0.444444,1240 1244 1269 1273 1274 1279 1302 1308 1312 1313 1318 1348 1354 1359 1445
moead,512_e-04,1,6,2900,58,29568196.198541,2870174.955078,0.666667,0.333333,1211 1245 1266 1267 1271 1275 1280 1308 1312 1313 1314 1320 1359 1391 1396
moead,512_e-04,1,7,2900,58,29539426.978131,2858184.455078,0.777778,0.222222,1211 1245 1266 1270 1271 1275 1280 1308 1309 1312 1313 1314 1320 1354 1355
moead,512_e-04,1,8,2900,58,29518881.086433,2827529.505859,0.888889,0.111111,1267 1271 1272 1274 1275 1276 1280 1281 1309 1312 1313 1314 1354 1355 1359
moead,512_e-04,1,9,2900,58,29501401.160279,2789516.623047,1.000000,0.000000,1238 1271 1272 1274 1275 1276 1279 1280 1281 1309 1312 1313 1314 1315 1355
moead,512_e-04,1,0,2950,59,36887988.502059,3012672.400391,0.000000,1.000000,81 647 1392 1404 1496 2219 2846 3049 6304 9789 10765 10924 11385 14309 14513
moead,512_e-04,1,1,2950,59,29943802.819953,2957510.861328,0.111111,0.888889,1156 1166 1189 1202 1245 1262 1305 1309 1314 1318 1344 1392 1396 1404 1445
moead,512_e-04,1,2,2950,59,29774039.180926,2933059.580078,0.222222,0.777778,1183 1240 1245 1264 1269 1280 1298 1309 1313 1314 1318 1361 1391 1445 1540
moead,512_e-04,1,3,2950,59,29693418.702315,2914571.830078,0.333333,0.666667,1183 1240 1264 1265 1280 1308 1309 1313 1314 1318 1354 1359 1361 1391 1445
moead,512_e-04,1,4,2950,59,29639685.472834,2899905.048828,0.444444,0.555556,1205 1240 1264 1269 1280 1302 1308 1309 1313 1314 1318 1354 1359 1396 1445
moead,512_e-04,1,5,2950,59,29599838.703355,2884875.228516,0.555556,0.444444,1240 1244 1269 1273 1274 1279 1302 1308 1312 1313 1318 1348 1354 1359 1445
moead,512_e-04,1,6,2950,59,29568196.198541,2870174.955078,0.666667,0.333333,1211 1245 1266 1267 1271 1275 1280 1308 1312 1313 1314 1320 1359 1391 1396
moead,512_e-04,1,7,2950,59,29539426.978131,2858184.455078,0.777778,0.222222,1211 1245 1266 1270 1271 1275 1280 1308 1309 1312 1313 1314 1320 1354 1355
moead,512_e-04,1,8,2950,59,29518881.086433,2827529.505859,0.888889,0.111111,1267 1271 1272 1274 1275 1276 1280 1281 1309 1312 1313 1314 1354 1355 1359
moead,512_e-04,1,9,2950,59,29501165.092029,2781390.962891,1.000000,0.000000,1209 1238 1268 1271 1272 1274 1275 1276 1311 1312 1313 1318 1350 1354 1355
moead,512_e-04,1,0,3000,60,37937964.877405,3012672.400391,0.000000,1.000000,81 647 1392 2219 3049 4363 6326 9573 9789 10924 11465 11601 12259 13714 18632
moead,512_e-04,1,1,3000,60,29943802.819953,2957510.861328,0.111111,0.888889,1156 1166 1189 1202 1245 1262 1305 1309 1314 1318 1344 1392 1396 1404 1445
moead,512_e-04,1,2,3000,60,29774039.180926,2933059.580078,0.222222,0.777778,1183 1240 1245 1264 1269 1280 1298 1309 1313 1314 1318 1361 1391 1445 1540
moead,512_e-04,1,3,3000,60,29693418.702315,2914571.830078,0.333333,0.666667,1183 1240 1264 1265 1280 1308 1309 1313 1314 1318 1354 1359 1361 1391 1445
moead,512_e-04,1,4,3000,60,29639685.472834,2899905.048828,0.444444,0.555556,1205 1240 1264 1269 1280 1302 1308 1309 1313 1314 1318 1354 1359 1396 1445
moead,512_e-04,1,5,3000,60,29599838.703355,2884875.228516,0.555556,0.444444,1240 1244 1269 1273 1274 1279 1302 1308 1312 1313 1318 1348 1354 1359 1445
moead,512_e-04,1,6,3000,60,29568196.198541,2870174.955078,0.666667,0.333333,1211 1245 1266 1267 1271 1275 1280 1308 1312 1313 1314 1320 1359 1391 1396
moead,512_e-04,1,7,3000,60,29539426.978131,2858184.455078,0.777778,0.222222,1211 1245 1266 1270 1271 1275 1280 1308 1309 1312 1313 1314 1320 1354 1355
moead,512_e-04,1,8,3000,60,29518881.086433,2827529.505859,0.888889,0.111111,1267 1271 1272 1274 1275 1276 1280 1281 1309 1312 1313 1314 1354 1355 1359
moead,512_e-04,1,9,3000,60,29501165.092029,2781390.962891,1.000000,0.000000,1209 1238 1268 1271 1272 1274 1275 1276 1311 1312 1313 1318 1350 1354 1355
moead,512_e-04,1,0,3050,61,37160924.406590,3012672.400391,0.000000,1.000000,647 1392 1404 2219 3049 4363 6326 8060 9789 9884 10924 12259 13714 15840 17588
moead,512_e-04,1,1,3050,61,29943802.819953,2957510.861328,0.111111,0.888889,1156 1166 1189 1202 1245 1262 1305 1309 1314 1318 1344 1392 1396 1404 1445
moead,512_e-04,1,2,3050,61,29774039.180926,2933059.580078,0.222222,0.777778,1183 1240 1245 1264 1269 1280 1298 1309 1313 1314 1318 1361 1391 1445 1540
moead,512_e-04,1,3,3050,61,29693418.702315,2914571.830078,0.333333,0.666667,1183 1240 1264 1265 1280 1308 1309 1313 1314 1318 1354 1359 1361 1391 1445
moead,512_e-04,1,4,3050,61,29633822.328806,2900027.189453,0.444444,0.555556,1211 1236 1240 1264 1265 1269 1280 1308 1309 1314 1318 1354 1359 1391 1445
moead,512_e-04,1,5,3050,61,29599838.703355,2884875.228516,0.555556,0.444444,1240 1244 1269 1273 1274 1279 1302 1308 1312 1313 1318 1348 1354 1359 1445
moead,512_e-04,1,6,3050,61,29568196.198541,2870174.955078,0.666667,0.333333,1211 1245 1266 1267 1271 1275 1280 1308 1312 1313 1314 1320 1359 1391 1396
moead,512_e-04,1,7,3050,61,29539426.978131,2858184.455078,0.777778,0.222222,1211 1245 1266 1270 1271 1275 1280 1308 1309 1312 1313 1314 1320 1354 1355
moead,512_e-04,1,8,3050,61,29518881.086433,2827529.505859,0.888889,0.111111,1267 1271 1272 1274 1275 1276 1280 1281 1309 1312 1313 1314 1354 1355 1359
moead,512_e-04,1,9,3050,61,29501165.092029,2781390.962891,1.000000,0.000000,1209 1238 1268 1271 1272 1274 1275 1276 1311 1312 1313 1318 1350 1354 1355
moead,512_e-04,1,0,3100,62,34298222.544183,3012672.400391,0.000000,1.000000,1262 1305 1309 1359 1396 1445 1594 3049 4240 4363 6326 7281 9004 9329 17720
moead,512_e-04,1,1,3100,62,29943802.819953,2957510.861328,0.111111,0.888889,1156 1166 1189 1202 1245 1262 1305 1309 1314 1318 1344 1392 1396 1404 1445
moead,512_e-04,1,2,3100,62,29774039.180926,2933059.580078,0.222222,0.777778,1183 1240 1245 1264 1269 1280 1298 1309 1313 1314 1318 1361 1391 1445 1540
moead,512_e-04,1,3,3100,62,29693418.702315,2914571.830078,0.333333,0.666667,1183 1240 1264 1265 1280 1308 1309 1313 1314 1318 1354 1359 1361 1391 1445
moead,512_e-04,1,4,3100,62,29633822.328806,2900027.189453,0.444444,0.555556,1211 1236 1240 1264 1265 1269 1280 1308 1309 1314 1318 1354 1359 1391 1445
moead,512_e-04,1,5,3100,62,29599838.703355,2884875.228516,0.555556,0.444444,1240 1244 1269 1273 1274 1279 1302 1308 1312 1313 1318 1348 1354 1359 1445
moead,512_e-04,1,6,3100,62,29568196.198541,2870174.955078,0.666667,0.333333,1211 1245 1266 1267 1271 1275 1280 1308 1312 1313 1314 1320 1359 1391 1396
moead,512_e-04,1,7,3100,62,29539426.978131,2858184.455078,0.777778,0.222222,1211 1245 1266 1270 1271 1275 1280 1308 1309 1312 1313 1314 1320 1354 1355
moead,512_e-04,1,8,3100,62,29518881.086433,2827529.505859,0.888889,0.111111,1267 1271 1272 1274 1275 1276 1280 1281 1309 1312 1313 1314 1354 1355 1359
moead,512_e-04,1,9,3100,62,29497448.105275,2781960.115234,1.000000,0.000000,1238 1271 1272 1274 1275 1276 1280 1311 1312 1313 1318 1350 1354 1355 1393
moead,512_e-04,1,0,3150,63,35051183.306127,3012672.400391,0.000000,1.000000,884 1262 1305 1445 3049 4816 6326 8945 9004 9329 14076 14233 16903 17692 17720
moead,512_e-04,1,1,3150,63,29943802.819953,2957510.861328,0.111111,0.888889,1156 1166 1189 1202 1245 1262 1305 1309 1314 1318 1344 1392 1396 1404 1445
moead,512_e-04,1,2,3150,63,29774039.180926,2933059.580078,0.222222,0.777778,1183 1240 1245 1264 1269 1280 1298 1309 1313 1314 1318 1361 1391 1445 1540
moead,512_e-04,1,3,3150,63,29693418.702315,2914571.830078,0.333333,0.666667,1183 1240 1264 1265 1280 1308 1309 1313 1314 1318 1354 1359 1361 1391 1445
moead,512_e-04,1,4,3150,63,29633822.328806,2900027.189453,0.444444,0.555556,1211 1236 1240 1264 1265 1269 1280 1308 1309 1314 1318 1354 1359 1391 1445
moead,512_e-04,1,5,3150,63,29599838.703355,2884875.228516,0.555556,0.444444,1240 1244 1269 1273 1274 1279 1302 1308 1312 1313 1318 1348 1354 1359 1445
moead,512_e-04,1,6,3150,63,29568196.198541,2870174.955078,0.666667,0.333333,1211 1245 1266 1267 1271 1275 1280 1308 1312 1313 1314 1320 1359 1391 1396
moead,512_e-04,1,7,3150,63,29539426.978131,2858184.455078,0.777778,0.222222,1211 1245 1266 1270 1271 1275 1280 1308 1309 1312 1313 1314 1320 1354 1355
moead,512_e-04,1,8,3150,63,29518881.086433,2827529.505859,0.888889,0.111111,1267 1271 1272 1274 1275 1276 1280 1281 1309 1312 1313 1314 1354 1355 1359
moead,512_e-04,1,9,3150,63,29497448.105275,2781960.115234,1.000000,0.000000,1238 1271 1272 1274 1275 1276 1280 1311 1312 1313 1318 1350 1354 1355 1393
moead,512_e-04,1,0,3200,64,34665473.903452,3012672.400391,0.000000,1.000000,279 884 1305 1404 1445 1546 1594 4816 5890 6326 8813 8945 9004 16482 17720
moead,512_e-04,1,1,3200,64,29943802.819953,2957510.861328,0.111111,0.888889,1156 1166 1189 1202 1245 1262 1305 1309 1314 1318 1344 1392 1396 1404 1445
moead,512_e-04,1,2,3200,64,29774039.180926,2933059.580078,0.222222,0.777778,1183 1240 1245 1264 1269 1280 1298 1309 1313 1314 1318 1361 1391 1445 1540
moead,512_e-04,1,3,3200,64,29679447.746144,2914571.830078,0.333333,0.666667,1183 1240 1260 1264 1265 1280 1308 1309 1313 1314 1318 1354 1359 1391 1445
moead,512_e-04,1,4,3200,64,29633822.328806,2900027.189453,0.444444,0.555556,1211 1236 1240 1264 1265 1269 1280 1308 1309 1314 1318 1354 1359 1391 1445
moead,512_e-04,1,5,3200,64,29599838.703355,2884875.228516,0.555556,0.444444,1240 1244 1269 1273 1274 1279 1302 1308 1312 1313 1318 1348 1354 1359 1445
moead,512_e-04,1,6,3200,64,29568196.198541,2870174.955078,0.666667,0.333333,1211 1245 1266 1267 1271 1275 1280 1308 1312 1313 1314 1320 1359 1391 1396
moead,512_e-04,1,7,3200,64,29539426.978131,2858184.455078,0.777778,0.222222,1211 1245 1266 1270 1271 1275 1280 1308 1309 1312 1313 1314 1320 1354 1355
moead,512_e-04,1,8,3200,64,29518881.086433,2827529.505859,0.888889,0.111111,1267 1271 1272 1274 1275 1276 1280 1281 1309 1312 1313 1314 1354 1355 1359
moead,512_e-04,1,9,3200,64,29497448.105275,2781960.115234,1.000000,0.000000,1238 1271 1272 1274 1275 1276 1280 1311 1312 1313 1318 1350 1354 1355 1393
moead,512_e-04,1,0,3250,65,36596789.696397,3012672.400391,0.000000,1.000000,1396 1404 2215 3138 4816 5508 6143 6326 6852 7956 8945 9004 11002 11118 17720
moead,512_e-04,1,1,3250,65,29943802.819953,2957510.861328,0.111111,0.888889,1156 1166 1189 1202 1245 1262 1305 1309 1314 1318 1344 1392 1396 1404 1445
moead,512_e-04,1,2,3250,65,29774039.180926,2933059.580078,0.222222,0.777778,1183 1240 1245 1264 1269 1280 1298 1309 1313 1314 1318 1361 1391 1445 1540
moead,512_e-04,1,3,3250,65,29679447.746144,2914571.830078,0.333333,0.666667,1183 1240 1260 1264 1265 1280 1308 1309 1313 1314 1318 1354 1359 1391 1445
moead,512_e-04,1,4,3250,65,29633822.328806,2900027.189453,0.444444,0.555556,1211 1236 1240 1264 1265 1269 1280 1308 1309 1314 1318 1354 1359 1391 1445
moead,512_e-04,1,5,3250,65,29599838.703355,2884875.228516,0.555556,0.444444,1240 1244 1269 1273 1274 1279 1302 1308 1312 1313 1318 1348 1354 1359 1445
moead,512_e-04,1,6,3250,65,29568196.198541,2870174.955078,0.666667,0.333333,1211 1245 1266 1267 1271 1275 1280 1308 1312 1313 1314 1320 1359 1391 1396
moead,512_e-04,1,7,3250,65,29539426.978131,2858184.455078,0.777778,0.222222,1211 1245 1266 1270 1271 1275 1280 1308 1309 1312 1313 1314 1320 1354 1355
moead,512_e-04,1,8,3250,65,29518881.086433,2827529.505859,0.888889,0.111111,1267 1271 1272 1274 1275 1276 1280 1281 1309 1312 1313 1314 1354 1355 1359
moead,512_e-04,1,9,3250,65,29497448.105275,2781960.115234,1.000000,0.000000,1238 1271 1272 1274 1275 1276 1280 1311 1312 1313 1318 1350 1354 1355 1393
moead,512_e-04,1,0,3300,66,34757242.219967,3012672.400391,0.000000,1.000000,1359 1392 1396 1404 1445 4672 4816 5508 6326 6852 8945 9004 11768 15466 18390
moead,512_e-04,1,1,3300,66,29943802.819953,2957510.861328,0.111111,0.888889,1156 1166 1189 1202 1245 1262 1305 1309 1314 1318 1344 1392 1396 1404 1445
moead,512_e-04,1,2,3300,66,29774039.180926,2933059.580078,0.222222,0.777778,1183 1240 1245 1264 1269 1280 1298 1309 1313 1314 1318 1361 1391 1445 1540
moead,512_e-04,1,3,3300,66,29684949.677082,2915369.580078,0.333333,0.666667,1183 1240 1260 1264 1265 1269 1280 1308 1309 1314 1318 1354 1359 1396 1445
moead,512_e-04,1,4,3300,66,29633822.328806,2900027.189453,0.444444,0.555556,1211 1236 1240 1264 1265 1269 1280 1308 1309 1314 1318 1354 1359 1391 1445
moead,512_e-04,1,5,3300,66,29599838.703355,2884875.228516,0.555556,0.444444,1240 1244 1269 1273 1274 1279 1302 1308 1312 1313 1318 1348 1354 1359 1445
moead,512_e-04,1,6,3300,66,29568196.198541,2870174.955078,0.666667,0.333333,1211 1245 1266 1267 1271 1275 1280 1308 1312 1313 1314 1320 1359 1391 1396
moead,512_e-04,1,7,3300,66,29539426.978131,2858184.455078,0.777778,0.222222,1211 1245 1266 1270 1271 1275 1280 1308 1309 1312 1313 1314 1320 1354 1355
moead,512_e-04,1,8,3300,66,29518881.086433,2827529.505859,0.888889,0.111111,1267 1271 1272 1274 1275 1276 1280 1281 1309 1312 1313 1314 1354 1355 1359
moead,512_e-04,1,9,3300,66,29497448.105275,2781960.115234,1.000000,0.000000,1238 1271 1272 1274 1275 1276 1280 1311 1312 1313 1318 1350 1354 1355 1393
moead,512_e-04,1,0,3350,67,34780258.070322,3012672.400391,0.000000,1.000000,1392 1396 1404 1550 1594 4672 4816 6600 6852 8128 9004 11768 13075 14945 15650
moead,512_e-04,1,1,3350,67,29943802.819953,2957510.861328,0.111111,0.888889,1156 1166 1189 1202 1245 1262 1305 1309 1314 1318 1344 1392 1396 1404 1445
moead,512_e-04,1,2,3350,67,29774039.180926,2933059.580078,0.222222,0.777778,1183 1240 1245 1264 1269 1280 1298 1309 1313 1314 1318 1361 1391 1445 1540
moead,512_e-04,1,3,3350,67,29684949.677082,2915369.580078,0.333333,0.666667,1183 1240 1260 1264 1265 1269 1280 1308 1309 1314 1318 1354 1359 1396 1445
moead,512_e-04,1,4,3350,67,29633822.328806,2900027.189453,0.444444,0.555556,1211 1236 1240 1264 1265 1269 1280 1308 1309 1314 1318 1354 1359 1391 1445
moead,512_e-04,1,5,3350,67,29599838.703355,2884875.228516,0.555556,0.444444,1240 1244 1269 1273 1274 1279 1302 1308 1312 1313 1318 1348 1354 1359 1445
moead,512_e-04,1,6,3350,67,29562973.651206,2873832.736328,0.666667,0.333333,1211 1245 1266 1270 1271 1275 1280 1281 1308 1309 1313 1314 1320 1391 1396
moead,512_e-04,1,7,3350,67,29539426.978131,2858184.455078,0.777778,0.222222,1211 1245 1266 1270 1271 1275 1280 1308 1309 1312 1313 1314 1320 1354 1355
moead,512_e-04,1,8,3350,67,29518881.086433,2827529.505859,0.888889,0.111111,1267 1271 1272 1274 1275 1276 1280 1281 1309 1312 1313 1314 1354 1355 1359
moead,512_e-04,1,9,3350,67,29497448.105275,2781960.115234,1.000000,0.000000,1238 1271 1272 1274 1275 1276 1280 1311 1312 1313 1318 1350 1354 1355 1393
moead,512_e-04,1,0,3400,68,34458054.364038,3012672.400391,0.000000,1.000000,523 1392 1396 1404 1550 1594 4816 6852 7337 8128 11768 13075 14945 15391 17565
moead,512_e-04,1,1,3400,68,29943802.819953,2957510.861328,0.111111,0.888889,1156 1166 1189 1202 1245 1262 1305 1309 1314 1318 1344 1392 1396 1404 1445
moead,512_e-04,1,2,3400,68,29774039.180926,2933059.580078,0.222222,0.777778,1183 1240 1245 1264 1269 1280 1298 1309 1313 1314 1318 1361 1391 1445 1540
moead,512_e-04,1,3,3400,68,29684949.677082,2915369.580078,0.333333,0.666667,1183 1240 1260 1264 1265 1269 1280 1308 1309 1314 1318 1354 1359 1396 1445
moead,512_e-04,1,4,3400,68,29633822.328806,2900027.189453,0.444444,0.555556,1211 1236 1240 1264 1265 1269 1280 1308 1309 1314 1318 1354 1359 1391 1445
moead,512_e-04,1,5,3400,68,29599838.703355,2884875.228516,0.555556,0.444444,1240 1244 1269 1273 1274 1279 1302 1308 1312 1313 1318 1348 1354 1359 1445
moead,512_e-04,1,6,3400,68,29562973.651206,2873832.736328,0.666667,0.333333,1211 1245 1266 1270 1271 1275 1280 1281 1308 1309 1313 1314 1320 1391 1396
moead,512_e-04,1,7,3400,68,29539426.978131,2858184.455078,0.777778,0.222222,1211 1245 1266 1270 1271 1275 1280 1308 1309 1312 1313 1314 1320 1354 1355
moead,512_e-04,1,8,3400,68,29518881.086433,2827529.505859,0.888889,0.111111,1267 1271 1272 1274 1275 1276 1280 1281 1309 1312 1313 1314 1354 1355 1359
moead,512_e-04,1,9,3400,68,29497448.105275,2781960.115234,1.000000,0.000000,1238 1271 1272 1274 1275 1276 1280 1311 1312 1313 1318 1350 1354 1355 1393
moead,512_e-04,1,0,3450,69,33803889.092628,3012672.400391,0.000000,1.000000,523 1325 1392 1396 1404 1446 1507 1594 3022 6852 7984 8128 9223 17544 17587
moead,512_e-04,1,1,3450,69,29943802.819953,2957510.861328,0.111111,0.888889,1156 1166 1189 1202 1245 1262 1305 1309 1314 1318 1344 1392 1396 1404 1445
moead,512_e-04,1,2,3450,69,29774039.180926,2933059.580078,0.222222,0.777778,1183 1240 1245 1264 1269 1280 1298 1309 1313 1314 1318 1361 1391 1445 1540
moead,512_e-04,1,3,3450,69,29684949.677082,2915369.580078,0.333333,0.666667,1183 1240 1260 1264 1265 1269 1280 1308 1309 1314 1318 1354 1359 1396 1445
moead,512_e-04,1,4,3450,69,29633822.328806,2900027.189453,0.444444,0.555556,1211 1236 1240 1264 1265 1269 1280 1308 1309 1314 1318 1354 1359 1391 1445
moead,512_e-04,1,5,3450,69,29599838.703355,2884875.228516,0.555556,0.444444,1240 1244 1269 1273 1274 1279 1302 1308 1312 1313 1318 1348 1354 1359 1445
moead,512_e-04,1,6,3450,69,29566777.225100,2874536.478516,0.666667,0.333333,1206 1211 1245 1266 1270 1271 1275 1280 1281 1308 1309 1313 1314 1320 1396
moead,512_e-04,1,7,3450,69,29539426.978131,2858184.455078,0.777778,0.222222,1211 1245 1266 1270 1271 1275 1280 1308 1309 1312 1313 1314 1320 1354 1355
moead,512_e-04,1,8,3450,69,29518881.086433,2827529.505859,0.888889,0.111111,1267 1271 1272 1274 1275 1276 1280 1281 1309 1312 1313 1314 1354 1355 1359
moead,512_e-04,1,9,3450,69,29497448.105275,2781960.115234,1.000000,0.000000,1238 1271 1272 1274 1275 1276 1280 1311 1312 1313 1318 1350 1354 1355 1393
moead,512_e-04,1,0,3500,70,33276102.957273,3012672.400391,0.000000,1.000000,523 1359 1392 1396 1404 1446 1507 1594 1792 6852 7984 8128 9223 17544 17587
moead,512_e-04,1,1,3500,70,29931140.295958,2959486.087891,0.111111,0.888889,1156 1166 1189 1202 1245 1262 1305 1309 1314 1318 1359 1392 1396 1404 1445
moead,512_e-04,1,2,3500,70,29756596.532839,2932960.869141,0.222222,0.777778,1183 1240 1245 1264 1269 1280 1298 1309 1314 1318 1344 1361 1391 1396 1445
moead,512_e-04,1,3,3500,70,29684949.677082,2915369.580078,0.333333,0.666667,1183 1240 1260 1264 1265 1269 1280 1308 1309 1314 1318 1354 1359 1396 1445
moead,512_e-04,1,4,3500,70,29633822.328806,2900027.189453,0.444444,0.555556,1211 1236 1240 1264 1265 1269 1280 1308 1309 1314 1318 1354 1359 1391 1445
moead,512_e-04,1,5,3500,70,29595392.228299,2881119.462891,0.555556,0.444444,1211 1230 1234 1245 1271 1275 1280 1281 1303 1308 1309 1312 1313 1320 1396
moead,512_e-04,1,6,3500,70,29562973.651206,2873832.736328,0.666667,0.333333,1211 1245 1266 1270 1271 1275 1280 1281 1308 1309 1313 1314 1320 1391 1396
moead,512_e-04,1,7,3500,70,29537111.131668,2851429.439453,0.777778,0.222222,1211 1245 1266 1270 1271 1275 1280 1308 1309 1312 1313 1314 1354 1355 1438
moead,512_e-04,1,8,3500,70,29515410.501875,2823962.576172,0.888889,0.111111,1238 1268 1271 1272 1274 1275 1276 1280 1281 1307 1309 1313 1314 1354 1355
moead,512_e-04,1,9,3500,70,29491151.057505,2784143.423828,1.000000,0.000000,1238 1271 1272 1274 1275 1276 1280 1309 1311 1312 1313 1314 1318 1354 1355
moead,512_e-04,1,0,3550,71,35654318.193623,3012672.400391,0.000000,1.000000,523 1359 1392 1507 1594 8282 9223 14228 14525 15192 15377 17378 17544 17587 17650
moead,512_e-04,1,1,3550,71,29931140.295958,2959486.087891,0.111111,0.888889,1156 1166 1189 1202 1245 1262 1305 1309 1314 1318 1359 1392 1396 1404 1445
moead,512_e-04,1,2,3550,71,29756596.532839,2932960.869141,0.222222,0.777778,1183 1240 1245 1264 1269 1280 1298 1309 1314 1318 1344 1361 1391 1396 1445
moead,512_e-04,1,3,3550,71,29684949.677082,2915369.580078,0.333333,0.666667,1183 1240 1260 1264 1265 1269 1280 1308 1309 1314 1318 1354 1359 1396 1445
moead,512_e-04,1,4,3550,71,29633822.328806,2900027.189453,0.444444,0.555556,1211 1236 1240 1264 1265 1269 1280 1308 1309 1314 1318 1354 1359 1391 1445
moead,512_e-04,1,5,3550,71,29589065.862595,2884785.837891,0.555556,0.444444,1211 1236 1240 1264 1265 1269 1280 1308 1309 1314 1318 1354 1359 1391 1396
moead,512_e-04,1,6,3550,71,29553042.848473,2870581.931641,0.666667,0.333333,1211 1241 1245 1266 1270 1271 1275 1280 1308 1309 1313 1314 1320 1391 1396
moead,512_e-04,1,7,3550,71,29537111.131668,2851429.439453,0.777778,0.222222,1211 1245 1266 1270 1271 1275 1280 1308 1309 1312 1313 1314 1354 1355 1438
moead,512_e-04,1,8,3550,71,29515410.501875,2823962.576172,0.888889,0.111111,1238 1268 1271 1272 1274 1275 1276 1280 1281 1307 1309 1313 1314 1354 1355
moead,512_e-04,1,9,3550,71,29491151.057505,2784143.423828,1.000000,0.000000,1238 1271 1272 1274 1275 1276 1280 1309 1311 1312 1313 1314 1318 1354 1355
moead,512_e-04,1,0,3600,72,35179461.329766,3012672.400391,0.000000,1.000000,523 626 1392 1396 1404 1446 1507 1550 3626 9223 9382 12870 14228 15146 15192
moead,512_e-04,1,1,3600,72,29931140.295958,2959486.087891,0.111111,0.888889,1156 1166 1189 1202 1245 1262 1305 1309 1314 1318 1359 1392 1396 1404 1445
moead,512_e-04,1,2,3600,72,29756596.532839,2932960.869141,0.222222,0.777778,1183 1240 1245 1264 1269 1280 1298 1309 1314 1318 1344 1361 1391 1396 1445
moead,512_e-04,1,3,3600,72,29684949.677082,2915369.580078,0.333333,0.666667,1183 1240 1260 1264 1265 1269 1280 1308 1309 1314 1318 1354 1359 1396 1445
moead,512_e-04,1,4,3600,72,29633822.328806,2900027.189453,0.444444,0.555556,1211 1236 1240 1264 1265 1269 1280 1308 1309 1314 1318 1354 1359 1391 1445
moead,512_e-04,1,5,3600,72,29589065.862595,2884785.837891,0.555556,0.444444,1211 1236 1240 1264 1265 1269 1280 1308 1309 1314 1318 1354 1359 1391 1396
moead,512_e-04,1,6,3600,72,29553042.848473,2870581.931641,0.666667,0.333333,1211 1241 1245 1266 1270 1271 1275 1280 1308 1309 1313 1314 1320 1391 1396
moead,512_e-04,1,7,3600,72,29535269.570288,2852316.087891,0.777778,0.222222,1211 1245 1266 1270 1271 1275 1280 1307 1308 1309 1312 1313 1314 1317 1354
moead,512_e-04,1,8,3600,72,29515410.501875,2823962.576172,0.888889,0.111111,1238 1268 1271 1272 1274 1275 1276 1280 1281 1307 1309 1313 1314 1354 1355
moead,512_e-04,1,9,3600,72,29491151.057505,2784143.423828,1.000000,0.000000,1238 1271 1272 1274 1275 1276 1280 1309 1311 1312 1313 1314 1318 1354 1355
moead,512_e-04,1,0,3650,73,36383637.788082,3012672.400391,0.000000,1.000000,523 626 1392 1396 1404 1507 2613 3575 3626 7721 9223 9479 9712 13407 13746
moead,512_e-04,1,1,3650,73,29931140.295958,2959486.087891,0.111111,0.888889,1156 1166 1189 1202 1245 1262 1305 1309 1314 1318 1359 1392 1396 1404 1445
moead,512_e-04,1,2,3650,73,29756596.532839,2932960.869141,0.222222,0.777778,1183 1240 1245 1264 1269 1280 1298 1309 1314 1318 1344 1361 1391 1396 1445
moead,512_e-04,1,3,3650,73,29684949.677082,2915369.580078,0.333333,0.666667,1183 1240 1260 1264 1265 1269 1280 1308 1309 1314 1318 1354 1359 1396 1445
moead,512_e-04,1,4,3650,73,29633822.328806,2900027.189453,0.444444,0.555556,1211 1236 1240 1264 1265 1269 1280 1308 1309 1314 1318 1354 1359 1391 1445
moead,512_e-04,1,5,3650,73,29589065.862595,2884785.837891,0.555556,0.444444,1211 1236 1240 1264 1265 1269 1280 1308 1309 1314 1318 1354 1359 1391 1396
moead,512_e-04,1,6,3650,73,29553042.848473,2870581.931641,0.666667,0.333333,1211 1241 1245 1266 1270 1271 1275 1280 1308 1309 1313 1314 1320 1391 1396
moead,512_e-04,1,7,3650,73,29535269.570288,2852316.087891,0.777778,0.222222,1211 1245 1266 1270 1271 1275 1280 1307 1308 1309 1312 1313 1314 1317 1354
moead,512_e-04,1,8,3650,73,29515410.501875,2823962.576172,0.888889,0.111111,1238 1268 1271 1272 1274 1275 1276 1280 1281 1307 1309 1313 1314 1354 1355
moead,512_e-04,1,9,3650,73,29491151.057505,2784143.423828,1.000000,0.000000,1238 1271 1272 1274 1275 1276 1280 1309 1311 1312 1313 1314 1318 1354 1355
moead,512_e-04,1,0,3700,74,37383251.191351,3012672.400391,0.000000,1.000000,523 1392 1404 1594 2156 3626 3741 5380 6124 7437 7721 12793 13407 13508 13746
moead,512_e-04,1,1,3700,74,29931140.295958,2959486.087891,0.111111,0.888889,1156 1166 1189 1202 1245 1262 1305 1309 1314 1318 1359 1392 1396 1404 1445
moead,512_e-04,1,2,3700,74,29762412.759168,2933364.220703,0.222222,0.777778,1178 1240 1245 1264 1269 1280 1298 1309 1314 1318 1344 1361 1391 1396 1445
moead,512_e-04,1,3,3700,74,29684949.677082,2915369.580078,0.333333,0.666667,1183 1240 1260 1264 1265 1269 1280 1308 1309 1314 1318 1354 1359 1396 1445
moead,512_e-04,1,4,3700,74,29633822.328806,2900027.189453,0.444444,0.555556,1211 1236 1240 1264 1265 1269 1280 1308 1309 1314 1318 1354 1359 1391 1445
moead,512_e-04,1,5,3700,74,29589065.862595,2884785.837891,0.555556,0.444444,1211 1236 1240 1264 1265 1269 1280 1308 1309 1314 1318 1354 1359 1391 1396
moead,512_e-04,1,6,3700,74,29553042.848473,2870581.931641,0.666667,0.333333,1211 1241 1245 1266 1270 1271 1275 1280 1308 1309 1313 1314 1320 1391 1396
moead,512_e-04,1,7,3700,74,29535269.570288,2852316.087891,0.777778,0.222222,1211 1245 1266 1270 1271 1275 1280 1307 1308 1309 1312 1313 1314 1317 1354
moead,512_e-04,1,8,3700,74,29515410.501875,2823962.576172,0.888889,0.111111,1238 1268 1271 1272 1274 1275 1276 1280 1281 1307 1309 1313 1314 1354 1355
moead,512_e-04,1,9,3700,74,29491151.057505,2784143.423828,1.000000,0.000000,1238 1271 1272 1274 1275 1276 1280 1309 1311 1312 1313 1314 1318 1354 1355
moead,512_e-04,1,0,3750,75,36178550.337392,3012672.400391,0.000000,1.000000,1318 1392 1404 1445 1773 2448 2515 3626 3741 6124 7437 8034 9443 11955 17313
moead,512_e-04,1,1,3750,75,29931140.295958,2959486.087891,0.111111,0.888889,1156 1166 1189 1202 1245 1262 1305 1309 1314 1318 1359 1392 1396 1404 1445
moead,512_e-04,1,2,3750,75,29762412.759168,2933364.220703,0.222222,0.777778,1178 1240 1245 1264 1269 1280 1298 1309 1314 1318 1344 1361 1391 1396 1445
moead,512_e-04,1,3,3750,75,29677094.864260,2916399.619141,0.333333,0.666667,1206 1240 1260 1264 1265 1280 1308 1309 1313 1314 1318 1354 1359 1391 1445
moead,512_e-04,1,4,3750,75,29633822.328806,2900027.189453,0.444444,0.555556,1211 1236 1240 1264 1265 1269 1280 1308 1309 1314 1318 1354 1359 1391 1445
moead,512_e-04,1,5,3750,75,29589065.862595,2884785.837891,0.555556,0.444444,1211 1236 1240 1264 1265 1269 1280 1308 1309 1314 1318 1354 1359 1391 1396
moead,512_e-04,1,6,3750,75,29560047.003888,2874692.783203,0.666667,0.333333,1211 1241 1245 1266 1270 1271 1275 1280 1281 1309 1313 1314 1320 1391 1396
moead,512_e-04,1,7,3750,75,29535269.570288,2852316.087891,0.777778,0.222222,1211 1245 1266 1270 1271 1275 1280 1307 1308 1309 1312 1313 1314 1317 1354
moead,512_e-04,1,8,3750,75,29512802.006817,2821990.287109,0.888889,0.111111,1211 1245 1270 1271 1272 1275 1280 1308 1309 1312 1313 1314 1354 1355 1396
moead,512_e-04,1,9,3750,75,29491151.057505,2784143.423828,1.000000,0.000000,1238 1271 1272 1274 1275 1276 1280 1309 1311 1312 1313 1314 1318 1354 1355
moead,512_e-04,1,0,3800,76,35637655.649343,3012672.400391,0.000000,1.000000,1318 1404 1445 1594 2515 2661 3626 7711 9112 9778 10812 11076 12501 12755 16792
moead,512_e-04,1,1,3800,76,29931140.295958,2959486.087891,0.111111,0.888889,1156 1166 1189 1202 1245 1262 1305 1309 1314 1318 1359 1392 1396 1404 1445
moead,512_e-04,1,2,3800,76,29762412.759168,2933364.220703,0.222222,0.777778,1178 1240 1245 1264 1269 1280 1298 1309 1314 1318 1344 1361 1391 1396 1445
moead,512_e-04,1,3,3800,76,29677094.864260,2916399.619141,0.333333,0.666667,1206 1240 1260 1264 1265 1280 1308 1309 1313 1314 1318 1354 1359 1391 1445
moead,512_e-04,1,4,3800,76,29633822.328806,2900027.189453,0.444444,0.555556,1211 1236 1240 1264 1265 1269 1280 1308 1309 1314 1318 1354 1359 1391 1445
moead,512_e-04,1,5,3800,76,29589065.862595,2884785.837891,0.555556,0.444444,1211 1236 1240 1264 1265 1269 1280 1308 1309 1314 1318 1354 1359 1391 1396
moead,512_e-04,1,6,3800,76,29560047.003888,2874692.783203,0.666667,0.333333,1211 1241 1245 1266 1270 1271 1275 1280 1281 1309 1313 1314 1320 1391 1396
moead,512_e-04,1,7,3800,76,29535269.570288,2852316.087891,0.777778,0.222222,1211 1245 1266 1270 1271 1275 1280 1307 1308 1309 1312 1313 1314 1317 1354
moead,512_e-04,1,8,3800,76,29512802.006817,2821990.287109,0.888889,0.111111,1211 1245 1270 1271 1272 1275 1280 1308 1309 1312 1313 1314 1354 1355 1396
moead,512_e-04,1,9,3800,76,29491151.057505,2784143.423828,1.000000,0.000000,1238 1271 1272 1274 1275 1276 1280 1309 1311 1312 1313 1314 1318 1354 1355
moead,512_e-04,1,0,3850,77,36641981.907986,3012672.400391,0.000000,1.000000,1318 1594 2515 2661 3505 5392 7711 8435 8514 10812 11076 12501 12755 15349 17556
moead,512_e-04,1,1,3850,77,29931140.295958,2959486.087891,0.111111,0.888889,1156 1166 1189 1202 1245 1262 1305 1309 1314 1318 1359 1392 1396 1404 1445
moead,512_e-04,1,2,3850,77,29762412.759168,2933364.220703,0.222222,0.777778,1178 1240 1245 1264 1269 1280 1298 1309 1314 1318 1344 1361 1391 1396 1445
moead,512_e-04,1,3,3850,77,29677094.864260,2916399.619141,0.333333,0.666667,1206 1240 1260 1264 1265 1280 1308 1309 1313 1314 1318 1354 1359 1391 1445
moead,512_e-04,1,4,3850,77,29633822.328806,2900027.189453,0.444444,0.555556,1211 1236 1240 1264 1265 1269 1280 1308 1309 1314 1318 1354 1359 1391 1445
moead,512_e-04,1,5,3850,77,29589065.862595,2884785.837891,0.555556,0.444444,1211 1236 1240 1264 1265 1269 1280 1308 1309 1314 1318 1354 1359 1391 1396
moead,512_e-04,1,6,3850,77,29560047.003888,2874692.783203,0.666667,0.333333,1211 1241 1245 1266 1270 1271 1275 1280 1281 1309 1313 1314 1320 1391 1396
moead,512_e-04,1,7,3850,77,29535269.570288,2852316.087891,0.777778,0.222222,1211 1245 1266 1270 1271 1275 1280 1307 1308 1309 1312 1313 1314 1317 1354
moead,512_e-04,1,8,3850,77,29512802.006817,2821990.287109,0.888889,0.111111,1211 1245 1270 1271 1272 1275 1280 1308 1309 1312 1313 1314 1354 1355 1396
moead,512_e-04,1,9,3850,77,29491151.057505,2784143.423828,1.000000,0.000000,1238 1271 1272 1274 1275 1276 1280 1309 1311 1312 1313 1314 1318 1354 1355
moead,512_e-04,1,0,3900,78,36939092.728178,3012672.400391,0.000000,1.000000,1318 1445 1594 2515 2661 3505 4554 4907 5335 5392 7711 8435 10812 11683 12755
moead,512_e-04,1,1,3900,78,29931140.295958,2959486.087891,0.111111,0.888889,1156 1166 1189 1202 1245 1262 1305 1309 1314 1318 1359 1392 1396 1404 1445
moead,512_e-04,1,2,3900,78,29762412.759168,2933364.220703,0.222222,0.777778,1178 1240 1245 1264 1269 1280 1298 1309 1314 1318 1344 1361 1391 1396 1445
moead,512_e-04,1,3,3900,78,29677094.864260,2916399.619141,0.333333,0.666667,1206 1240 1260 1264 1265 1280 1308 1309 1313 1314 1318 1354 1359 1391 1445
moead,512_e-04,1,4,3900,78,29633822.328806,2900027.189453,0.444444,0.555556,1211 1236 1240 1264 1265 1269 1280 1308 1309 1314 1318 1354 1359 1391 1445
moead,512_e-04,1,5,3900,78,29589065.862595,2884785.837891,0.555556,0.444444,1211 1236 1240 1264 1265 1269 1280 1308 1309 1314 1318 1354 1359 1391 1396
moead,512_e-04,1,6,3900,78,29560047.003888,2874692.783203,0.666667,0.333333,1211 1241 1245 1266 1270 1271 1275 1280 1281 1309 1313 1314 1320 1391 1396
moead,512_e-04,1,7,3900,78,29535269.570288,2852316.087891,0.777778,0.222222,1211 1245 1266 1270 1271 1275 1280 1307 1308 1309 1312 1313 1314 1317 1354
moead,512_e-04,1,8,3900,78,29512802.006817,2821990.287109,0.888889,0.111111,1211 1245 1270 1271 1272 1275 1280 1308 1309 1312 1313 1314 1354 1355 1396
moead,512_e-04,1,9,3900,78,29491151.057505,2784143.423828,1.000000,0.000000,1238 1271 1272 1274 1275 1276 1280 1309 1311 1312 1313 1314 1318 1354 1355
moead,512_e-04,1,0,3950,79,36655556.195944,3012672.400391,0.000000,1.000000,1392 1396 1404 1445 2515 3372 4907 5335 7194 10906 12071 13664 16783 18271 18472
moead,512_e-04,1,1,3950,79,29931140.295958,2959486.087891,0.111111,0.888889,1156 1166 1189 1202 1245 1262 1305 1309 1314 1318 1359 1392 1396 1404 1445
moead,512_e-04,1,2,3950,79,29762412.759168,2933364.220703,0.222222,0.777778,1178 1240 1245 1264 1269 1280 1298 1309 1314 1318 1344 1361 1391 1396 1445
moead,512_e-04,1,3,3950,79,29677094.864260,2916399.619141,0.333333,0.666667,1206 1240 1260 1264 1265 1280 1308 1309 1313 1314 1318 1354 1359 1391 1445
moead,512_e-04,1,4,3950,79,29633822.328806,2900027.189453,0.444444,0.555556,1211 1236 1240 1264 1265 1269 1280 1308 1309 1314 1318 1354 1359 1391 1445
moead,512_e-04,1,5,3950,79,29589065.862595,2884785.837891,0.555556,0.444444,1211 1236 1240 1264 1265 1269 1280 1308 1309 1314 1318 1354 1359 1391 1396
moead,512_e-04,1,6,3950,79,29560047.003888,2874692.783203,0.666667,0.333333,1211 1241 1245 1266 1270 1271 1275 1280 1281 1309 1313 1314 1320 1391 1396
moead,512_e-04,1,7,3950,79,29535269.570288,2852316.087891,0.777778,0.222222,1211 1245 1266 1270 1271 1275 1280 1307 1308 1309 1312 1313 1314 1317 1354
moead,512_e-04,1,8,3950,79,29512802.006817,2821990.287109,0.888889,0.111111,1211 1245 1270 1271 1272 1275 1280 1308 1309 1312 1313 1314 1354 1355 1396
moead,512_e-04,1,9,3950,79,29491151.057505,2784143.423828,1.000000,0.000000,1238 1271 1272 1274 1275 1276 1280 1309 1311 1312 1313 1314 1318 1354 1355
moead,512_e-04,1,0,4000,80,37770650.355160,3012672.400391,0.000000,1.000000,1396 1404 1445 2515 3372 4035 4907 5335 6637 7194 9992 10906 12056 15798 16512
moead,512_e-04,1,1,4000,80,29931140.295958,2959486.087891,0.111111,0.888889,1156 1166 1189 1202 1245 1262 1305 1309 1314 1318 1359 1392 1396 1404 1445
moead,512_e-04,1,2,4000,80,29762412.759168,2933364.220703,0.222222,0.777778,1178 1240 1245 1264 1269 1280 1298 1309 1314 1318 1344 1361 1391 1396 1445
moead,512_e-04,1,3,4000,80,29677094.864260,2916399.619141,0.333333,0.666667,1206 1240 1260 1264 1265 1280 1308 1309 1313 1314 1318 1354 1359 1391 1445
moead,512_e-04,1,4,4000,80,29633822.328806,2900027.189453,0.444444,0.555556,1211 1236 1240 1264 1265 1269 1280 1308 1309 1314 1318 1354 1359 1391 1445
moead,512_e-04,1,5,4000,80,29589065.862595,2884785.837891,0.555556,0.444444,1211 1236 1240 1264 1265 1269 1280 1308 1309 1314 1318 1354 1359 1391 1396
moead,512_e-04,1,6,4000,80,29560047.003888,2874692.783203,0.666667,0.333333,1211 1241 1245 1266 1270 1271 1275 1280 1281 1309 1313 1314 1320 1391 1396
moead,512_e-04,1,7,4000,80,29535269.570288,2852316.087891,0.777778,0.222222,1211 1245 1266 1270 1271 1275 1280 1307 1308 1309 1312 1313 1314 1317 1354
moead,512_e-04,1,8,4000,80,29512802.006817,2821990.287109,0.888889,0.111111,1211 1245 1270 1271 1272 1275 1280 1308 1309 1312 1313 1314 1354 1355 1396
moead,512_e-04,1,9,4000,80,29491151.057505,2784143.423828,1.000000,0.000000,1238 1271 1272 1274 1275 1276 1280 1309 1311 1312 1313 1314 1318 1354 1355
moead,512_e-04,1,0,4050,81,35315906.594218,3012672.400391,0.000000,1.000000,160 1318 1396 1404 1445 1607 3372 4315 5335 5478 5719 10579 13058 16703 17091
moead,512_e-04,1,1,4050,81,29931140.295958,2959486.087891,0.111111,0.888889,1156 1166 1189 1202 1245 1262 1305 1309 1314 1318 1359 1392 1396 1404 1445
moead,512_e-04,1,2,4050,81,29762412.759168,2933364.220703,0.222222,0.777778,1178 1240 1245 1264 1269 1280 1298 1309 1314 1318 1344 1361 1391 1396 1445
moead,512_e-04,1,3,4050,81,29677094.864260,2916399.619141,0.333333,0.666667,1206 1240 1260 1264 1265 1280 1308 1309 1313 1314 1318 1354 1359 1391 1445
moead,512_e-04,1,4,4050,81,29633822.328806,2900027.189453,0.444444,0.555556,1211 1236 1240 1264 1265 1269 1280 1308 1309 1314 1318 1354 1359 1391 1445
moead,512_e-04,1,5,4050,81,29589065.862595,2884785.837891,0.555556,0.444444,1211 1236 1240 1264 1265 1269 1280 1308 1309 1314 1318 1354 1359 1391 1396
moead,512_e-04,1,6,4050,81,29560047.003888,2874692.783203,0.666667,0.333333,1211 1241 1245 1266 1270 1271 1275 1280 1281 1309 1313 1314 1320 1391 1396
moead,512_e-04,1,7,4050,81,29535269.570288,2852316.087891,0.777778,0.222222,1211 1245 1266 1270 1271 1275 1280 1307 1308 1309 1312 1313 1314 1317 1354
moead,512_e-04,1,8,4050,81,29512802.006817,2821990.287109,0.888889,0.111111,1211 1245 1270 1271 1272 1275 1280 1308 1309 1312 1313 1314 1354 1355 1396
moead,512_e-04,1,9,4050,81,29491151.057505,2784143.423828,1.000000,0.000000,1238 1271 1272 1274 1275 1276 1280 1309 1311 1312 1313 1314 1318 1354 1355
moead,512_e-04,1,0,4100,82,35737601.698335,3012672.400391,0.000000,1.000000,130 1396 1404 1550 3390 4315 5713 5719 8112 8713 10579 11432 13058 17705 17720
moead,512_e-04,1,1,4100,82,29931140.295958,2959486.087891,0.111111,0.888889,1156 1166 1189 1202 1245 1262 1305 1309 1314 1318 1359 1392 1396 1404 1445
moead,512_e-04,1,2,4100,82,29762412.759168,2933364.220703,0.222222,0.777778,1178 1240 1245 1264 1269 1280 1298 1309 1314 1318 1344 1361 1391 1396 1445
moead,512_e-04,1,3,4100,82,29677094.864260,2916399.619141,0.333333,0.666667,1206 1240 1260 1264 1265 1280 1308 1309 1313 1314 1318 1354 1359 1391 1445
moead,512_e-04,1,4,4100,82,29633822.328806,2900027.189453,0.444444,0.555556,1211 1236 1240 1264 1265 1269 1280 1308 1309 1314 1318 1354 1359 1391 1445
moead,512_e-04,1,5,4100,82,29589065.862595,2884785.837891,0.555556,0.444444,1211 1236 1240 1264 1265 1269 1280 1308 1309 1314 1318 1354 1359 1391 1396
moead,512_e-04,1,6,4100,82,29560047.003888,2874692.783203,0.666667,0.333333,1211 1241 1245 1266 1270 1271 1275 1280 1281 1309 1313 1314 1320 1391 1396
moead,512_e-04,1,7,4100,82,29535269.570288,2852316.087891,0.777778,0.222222,1211 1245 1266 1270 1271 1275 1280 1307 1308 1309 1312 1313 1314 1317 1354
moead,512_e-04,1,8,4100,82,29512802.006817,2821990.287109,0.888889,0.111111,1211 1245 1270 1271 1272 1275 1280 1308 1309 1312 1313 1314 1354 1355 1396
moead,512_e-04,1,9,4100,82,29491151.057505,2784143.423828,1.000000,0.000000,1238 1271 1272 1274 1275 1276 1280 1309 1311 1312 1313 1314 1318 1354 1355
moead,512_e-04,1,0,4150,83,35774152.017610,3012672.400391,0.000000,1.000000,130 371 1396 1404 1446 1507 1550 2057 2112 5543 6571 7793 8381 10579 17720
moead,512_e-04,1,1,4150,83,29931140.295958,2959486.087891,0.111111,0.888889,1156 1166 1189 1202 1245 1262 1305 1309 1314 1318 1359 1392 1396 1404 1445
moead,512_e-04,1,2,4150,83,29762412.759168,2933364.220703,0.222222,0.777778,1178 1240 1245 1264 1269 1280 1298 1309 1314 1318 1344 1361 1391 1396 1445
moead,512_e-04,1,3,4150,83,29677094.864260,2916399.619141,0.333333,0.666667,1206 1240 1260 1264 1265 1280 1308 1309 1313 1314 1318 1354 1359 1391 1445
moead,512_e-04,1,4,4150,83,29633822.328806,2900027.189453,0.444444,0.555556,1211 1236 1240 1264 1265 1269 1280 1308 1309 1314 1318 1354 1359 1391 1445
moead,512_e-04,1,5,4150,83,29589065.862595,2884785.837891,0.555556,0.444444,1211 1236 1240 1264 1265 1269 1280 1308 1309 1314 1318 1354 1359 1391 1396
moead,512_e-04,1,6,4150,83,29560047.003888,2874692.783203,0.666667,0.333333,1211 1241 1245 1266 1270 1271 1275 1280 1281 1309 1313 1314 1320 1391 1396
moead,512_e-04,1,7,4150,83,29536186.402769,2852438.666016,0.777778,0.222222,1211 1245 1266 1270 1271 1275 1280 1307 1308 1309 1312 1313 1314 1317 1355
moead,512_e-04,1,8,4150,83,29512802.006817,2821990.287109,0.888889,0.111111,1211 1245 1270 1271 1272 1275 1280 1308 1309 1312 1313 1314 1354 1355 1396
moead,512_e-04,1,9,4150,83,29491151.057505,2784143.423828,1.000000,0.000000,1238 1271 1272 1274 1275 1276 1280 1309 1311 1312 1313 1314 1318 1354 1355
moead,512_e-04,1,0,4200,84,35908886.646102,3012672.400391,0.000000,1.000000,130 1404 1446 1469 2057 6571 6705 8634 9226 9943 10025 10051 10811 14880 17720
moead,512_e-04,1,1,4200,84,29931140.295958,2959486.087891,0.111111,0.888889,1156 1166 1189 1202 1245 1262 1305 1309 1314 1318 1359 1392 1396 1404 1445
moead,512_e-04,1,2,4200,84,29762412.759168,2933364.220703,0.222222,0.777778,1178 1240 1245 1264 1269 1280 1298 1309 1314 1318 1344 1361 1391 1396 1445
moead,512_e-04,1,3,4200,84,29677094.864260,2916399.619141,0.333333,0.666667,1206 1240 1260 1264 1265 1280 1308 1309 1313 1314 1318 1354 1359 1391 1445
moead,512_e-04,1,4,4200,84,29633822.328806,2900027.189453,0.444444,0.555556,1211 1236 1240 1264 1265 1269 1280 1308 1309 1314 1318 1354 1359 1391 1445
moead,512_e-04,1,5,4200,84,29589065.862595,2884785.837891,0.555556,0.444444,1211 1236 1240 1264 1265 1269 1280 1308 1309 1314 1318 1354 1359 1391 1396
moead,512_e-04,1,6,4200,84,29560047.003888,2874692.783203,0.666667,0.333333,1211 1241 1245 1266 1270 1271 1275 1280 1281 1309 1313 1314 1320 1391 1396
moead,512_e-04,1,7,4200,84,29536186.402769,2852438.666016,0.777778,0.222222,1211 1245 1266 1270 1271 1275 1280 1307 1308 1309 1312 1313 1314 1317 1355
moead,512_e-04,1,8,4200,84,29512802.006817,2821990.287109,0.888889,0.111111,1211 1245 1270 1271 1272 1275 1280 1308 1309 1312 1313 1314 1354 1355 1396
moead,512_e-04,1,9,4200,84,29491151.057505,2784143.423828,1.000000,0.000000,1238 1271 1272 1274 1275 1276 1280 1309 1311 1312 1313 1314 1318 1354 1355
moead,512_e-04,1,0,4250,85,35749121.041750,3012672.400391,0.000000,1.000000,1156 1161 1166 1202 4256 4732 6327 6705 8428 9226 10025 14321 17720 17865 18290
moead,512_e-04,1,1,4250,85,29931140.295958,2959486.087891,0.111111,0.888889,1156 1166 1189 1202 1245 1262 1305 1309 1314 1318 1359 1392 1396 1404 1445
moead,512_e-04,1,2,4250,85,29762412.759168,2933364.220703,0.222222,0.777778,1178 1240 1245 1264 1269 1280 1298 1309 1314 1318 1344 1361 1391 1396 1445
moead,512_e-04,1,3,4250,85,29677094.864260,2916399.619141,0.333333,0.666667,1206 1240 1260 1264 1265 1280 1308 1309 1313 1314 1318 1354 1359 1391 1445
moead,512_e-04,1,4,4250,85,29633822.328806,2900027.189453,0.444444,0.555556,1211 1236 1240 1264 1265 1269 1280 1308 1309 1314 1318 1354 1359 1391 1445
moead,512_e-04,1,5,4250,85,29589065.862595,2884785.837891,0.555556,0.444444,1211 1236 1240 1264 1265 1269 1280 1308 1309 1314 1318 1354 1359 1391 1396
moead,512_e-04,1,6,4250,85,29560047.003888,2874692.783203,0.666667,0.333333,1211 1241 1245 1266 1270 1271 1275 1280 1281 1309 1313 1314 1320 1391 1396
moead,512_e-04,1,7,4250,85,29536186.402769,2852438.666016,0.777778,0.222222,1211 1245 1266 1270 1271 1275 1280 1307 1308 1309 1312 1313 1314 1317 1355
moead,512_e-04,1,8,4250,85,29512802.006817,2821990.287109,0.888889,0.111111,1211 1245 1270 1271 1272 1275 1280 1308 1309 1312 1313 1314 1354 1355 1396
moead,512_e-04,1,9,4250,85,29491151.057505,2784143.423828,1.000000,0.000000,1238 1271 1272 1274 1275 1276 1280 1309 1311 1312 1313 1314 1318 1354 1355
moead,512_e-04,1,0,4300,86,34952871.191933,3012672.400391,0.000000,1.000000,1161 1166 1359 1392 1396 1404 1445 4732 5047 5512 6327 6705 8539 9537 10966
moead,512_e-04,1,1,4300,86,29931140.295958,2959486.087891,0.111111,0.888889,1156 1166 1189 1202 1245 1262 1305 1309 1314 1318 1359 1392 1396 1404 1445
moead,512_e-04,1,2,4300,86,29762412.759168,2933364.220703,0.222222,0.777778,1178 1240 1245 1264 1269 1280 1298 1309 1314 1318 1344 1361 1391 1396 1445
moead,512_e-04,1,3,4300,86,29677094.864260,2916399.619141,0.333333,0.666667,1206 1240 1260 1264 1265 1280 1308 1309 1313 1314 1318 1354 1359 1391 1445
moead,512_e-04,1,4,4300,86,29633822.328806,2900027.189453,0.444444,0.555556,1211 1236 1240 1264 1265 1269 1280 1308 1309 1314 1318 1354 1359 1391 1445
moead,512_e-04,1,5,4300,86,29589065.862595,2884785.837891,0.555556,0.444444,1211 1236 1240 1264 1265 1269 1280 1308 1309 1314 1318 1354 1359 1391 1396
moead,512_e-04,1,6,4300,86,29560047.003888,2874692.783203,0.666667,0.333333,1211 1241 1245 1266 1270 1271 1275 1280 1281 1309 1313 1314 1320 1391 1396
moead,512_e-04,1,7,4300,86,29536186.402769,2852438.666016,0.777778,0.222222,1211 1245 1266 1270 1271 1275 1280 1307 1308 1309 1312 1313 1314 1317 1355
moead,512_e-04,1,8,4300,86,29512802.006817,2821990.287109,0.888889,0.111111,1211 1245 1270 1271 1272 1275 1280 1308 1309 1312 1313 1314 1354 1355 1396
moead,512_e-04,1,9,4300,86,29491151.057505,2784143.423828,1.000000,0.000000,1238 1271 1272 1274 1275 1276 1280 1309 1311 1312 1313 1314 1318 1354 1355
moead,512_e-04,1,0,4350,87,37342732.731463,3012672.400391,0.000000,1.000000,1156 1166 1359 1404 4229 4732 5047 5063 5237 5903 6327 9037 13511 14885 18974
moead,512_e-04,1,1,4350,87,29931140.295958,2959486.087891,0.111111,0.888889,1156 1166 1189 1202 1245 1262 1305 1309 1314 1318 1359 1392 1396 1404 1445
moead,512_e-04,1,2,4350,87,29762412.759168,2933364.220703,0.222222,0.777778,1178 1240 1245 1264 1269 1280 1298 1309 1314 1318 1344 1361 1391 1396 1445
moead,512_e-04,1,3,4350,87,29677094.864260,2916399.619141,0.333333,0.666667,1206 1240 1260 1264 1265 1280 1308 1309 1313 1314 1318 1354 1359 1391 1445
moead,512_e-04,1,4,4350,87,29633822.328806,2900027.189453,0.444444,0.555556,1211 1236 1240 1264 1265 1269 1280 1308 1309 1314 1318 1354 1359 1391 1445
moead,512_e-04,1,5,4350,87,29589065.862595,2884785.837891,0.555556,0.444444,1211 1236 1240 1264 1265 1269 1280 1308 1309 1314 1318 1354 1359 1391 1396
moead,512_e-04,1,6,4350,87,29560047.003888,2874692.783203,0.666667,0.333333,1211 1241 1245 1266 1270 1271 1275 1280 1281 1309 1313 1314 1320 1391 1396
moead,512_e-04,1,7,4350,87,29536186.402769,2852438.666016,0.777778,0.222222,1211 1245 1266 1270 1271 1275 1280 1307 1308 1309 1312 1313 1314 1317 1355
moead,512_e-04,1,8,4350,87,29512802.006817,2821990.287109,0.888889,0.111111,1211 1245 1270 1271 1272 1275 1280 1308 1309 1312 1313 1314 1354 1355 1396
moead,512_e-04,1,9,4350,87,29491151.057505,2784143.423828,1.000000,0.000000,1238 1271 1272 1274 1275 1276 1280 1309 1311 1312 1313 1314 1318 1354 1355
moead,512_e-04,1,0,4400,88,35813644.112522,3012672.400391,0.000000,1.000000,729 1156 1213 1359 1404 1445 1607 4732 5063 5903 9037 11646 12331 13092 13511
moead,512_e-04,1,1,4400,88,29931140.295958,2959486.087891,0.111111,0.888889,1156 1166 1189 1202 1245 1262 1305 1309 1314 1318 1359 1392 1396 1404 1445
moead,512_e-04,1,2,4400,88,29762412.759168,2933364.220703,0.222222,0.777778,1178 1240 1245 1264 1269 1280 1298 1309 1314 1318 1344 1361 1391 1396 1445
moead,512_e-04,1,3,4400,88,29677094.864260,2916399.619141,0.333333,0.666667,1206 1240 1260 1264 1265 1280 1308 1309 1313 1314 1318 1354 1359 1391 1445
moead,512_e-04,1,4,4400,88,29633822.328806,2900027.189453,0.444444,0.555556,1211 1236 1240 1264 1265 1269 1280 1308 1309 1314 1318 1354 1359 1391 1445
moead,512_e-04,1,5,4400,88,29589065.862595,2884785.837891,0.555556,0.444444,1211 1236 1240 1264 1265 1269 1280 1308 1309 1314 1318 1354 1359 1391 1396
moead,512_e-04,1,6,4400,88,29560047.003888,2874692.783203,0.666667,0.333333,1211 1241 1245 1266 1270 1271 1275 1280 1281 1309 1313 1314 1320 1391 1396
moead,512_e-04,1,7,4400,88,29536186.402769,2852438.666016,0.777778,0.222222,1211 1245 1266 1270 1271 1275 1280 1307 1308 1309 1312 1313 1314 1317 1355
moead,512_e-04,1,8,4400,88,29512802.006817,2821990.287109,0.888889,0.111111,1211 1245 1270 1271 1272 1275 1280 1308 1309 1312 1313 1314 1354 1355 1396
moead,512_e-04,1,9,4400,88,29491151.057505,2784143.423828,1.000000,0.000000,1238 1271 1272 1274 1275 1276 1280 1309 1311 1312 1313 1314 1318 1354 1355
moead,512_e-04,1,0,4450,89,37732773.708984,3012672.400391,0.000000,1.000000,1404 1907 2883 4732 5063 5182 5903 9116 10251 11623 11646 12585 13218 13491 13511
moead,512_e-04,1,1,4450,89,29931140.295958,2959486.087891,0.111111,0.888889,1156 1166 1189 1202 1245 1262 1305 1309 1314 1318 1359 1392 1396 1404 1445
moead,512_e-04,1,2,4450,89,29762412.759168,2933364.220703,0.222222,0.777778,1178 1240 1245 1264 1269 1280 1298 1309 1314 1318 1344 1361 1391 1396 1445
moead,512_e-04,1,3,4450,89,29680218.227717,2917609.548828,0.333333,0.666667,1206 1226 1240 1265 1280 1308 1309 1313 1314 1318 1354 1359 1391 1432 1445
moead,512_e-04,1,4,4450,89,29633822.328806,2900027.189453,0.444444,0.555556,1211 1236 1240 1264 1265 1269 1280 1308 1309 1314 1318 1354 1359 1391 1445
moead,512_e-04,1,5,4450,89,29589065.862595,2884785.837891,0.555556,0.444444,1211 1236 1240 1264 1265 1269 1280 1308 1309 1314 1318 1354 1359 1391 1396
moead,512_e-04,1,6,4450,89,29560047.003888,2874692.783203,0.666667,0.333333,1211 1241 1245 1266 1270 1271 1275 1280 1281 1309 1313 1314 1320 1391 1396
moead,512_e-04,1,7,4450,89,29536186.402769,2852438.666016,0.777778,0.222222,1211 1245 1266 1270 1271 1275 1280 1307 1308 1309 1312 1313 1314 1317 1355
moead,512_e-04,1,8,4450,89,29514704.783943,2822947.724609,0.888889,0.111111,1238 1268 1271 1272 1274 1275 1276 1280 1281 1309 1313 1314 1318 1354 1355
moead,512_e-04,1,9,4450,89,29491120.731479,2779596.541016,1.000000,0.000000,1238 1241 1272 1274 1275 1276 1280 1309 1311 1312 1313 1314 1318 1354 1355
moead,512_e-04,1,0,4500,90,36029854.774314,3012672.400391,0.000000,1.000000,1156 1166 1189 1404 1445 5182 9048 10251 11623 11646 12585 13491 13541 15061 17991
moead,512_e-04,1,1,4500,90,29931140.295958,2959486.087891,0.111111,0.888889,1156 1166 1189 1202 1245 1262 1305 1309 1314 1318 1359 1392 1396 1404 1445
moead,512_e-04,1,2,4500,90,29762412.759168,2933364.220703,0.222222,0.777778,1178 1240 1245 1264 1269 1280 1298 1309 1314 1318 1344 1361 1391 1396 1445
moead,512_e-04,1,3,4500,90,29680218.227717,2917609.548828,0.333333,0.666667,1206 1226 1240 1265 1280 1308 1309 1313 1314 1318 1354 1359 1391 1432 1445
moead,512_e-04,1,4,4500,90,29633822.328806,2900027.189453,0.444444,0.555556,1211 1236 1240 1264 1265 1269 1280 1308 1309 1314 1318 1354 1359 1391 1445
moead,512_e-04,1,5,4500,90,29589065.862595,2884785.837891,0.555556,0.444444,1211 1236 1240 1264 1265 1269 1280 1308 1309 1314 1318 1354 1359 1391 1396
moead,512_e-04,1,6,4500,90,29560047.003888,2874692.783203,0.666667,0.333333,1211 1241 1245 1266 1270 1271 1275 1280 1281 1309 1313 1314 1320 1391 1396
moead,512_e-04,1,7,4500,90,29536186.402769,2852438.666016,0.777778,0.222222,1211 1245 1266 1270 1271 1275 1280 1307 1308 1309 1312 1313 1314 1317 1355
moead,512_e-04,1,8,4500,90,29514704.783943,2822947.724609,0.888889,0.111111,1238 1268 1271 1272 1274 1275 1276 1280 1281 1309 1313 1314 1318 1354 1355
moead,512_e-04,1,9,4500,90,29491120.731479,2779596.541016,1.000000,0.000000,1238 1241 1272 1274 1275 1276 1280 1309 1311 1312 1313 1314 1318 1354 1355
moead,512_e-04,1,0,4550,91,35928639.652474,3012672.400391,0.000000,1.000000,1156 1189 1404 1445 1594 5182 7014 7781 8074 9048 9445 11623 11997 12585 17823
moead,512_e-04,1,1,4550,91,29931140.295958,2959486.087891,0.111111,0.888889,1156 1166 1189 1202 1245 1262 1305 1309 1314 1318 1359 1392 1396 1404 1445
moead,512_e-04,1,2,4550,91,29762412.759168,2933364.220703,0.222222,0.777778,1178 1240 1245 1264 1269 1280 1298 1309 1314 1318 1344 1361 1391 1396 1445
moead,512_e-04,1,3,4550,91,29680218.227717,2917609.548828,0.333333,0.666667,1206 1226 1240 1265 1280 1308 1309 1313 1314 1318 1354 1359 1391 1432 1445
moead,512_e-04,1,4,4550,91,29633822.328806,2900027.189453,0.444444,0.555556,1211 1236 1240 1264 1265 1269 1280 1308 1309 1314 1318 1354 1359 1391 1445
moead,512_e-04,1,5,4550,91,29589065.862595,2884785.837891,0.555556,0.444444,1211 1236 1240 1264 1265 1269 1280 1308 1309 1314 1318 1354 1359 1391 1396
moead,512_e-04,1,6,4550,91,29559548.837624,2875332.400391,0.666667,0.333333,1211 1241 1245 1266 1270 1271 1275 1280 1309 1313 1314 1320 1359 1391 1396
moead,512_e-04,1,7,4550,91,29536186.402769,2852438.666016,0.777778,0.222222,1211 1245 1266 1270 1271 1275 1280 1307 1308 1309 1312 1313 1314 1317 1355
moead,512_e-04,1,8,4550,91,29514704.783943,2822947.724609,0.888889,0.111111,1238 1268 1271 1272 1274 1275 1276 1280 1281 1309 1313 1314 1318 1354 1355
moead,512_e-04,1,9,4550,91,29491120.731479,2779596.541016,1.000000,0.000000,1238 1241 1272 1274 1275 1276 1280 1309 1311 1312 1313 1314 1318 1354 1355
moead,512_e-04,1,0,4600,92,35853411.354507,3012672.400391,0.000000,1.000000,1189 1359 1392 1396 1445 1594 5182 6609 7014 7176 7571 8026 11623 12060 13579
moead,512_e-04,1,1,4600,92,29931140.295958,2959486.087891,0.111111,0.888889,1156 1166 1189 1202 1245 1262 1305 1309 1314 1318 1359 1392 1396 1404 1445
moead,512_e-04,1,2,4600,92,29762412.759168,2933364.220703,0.222222,0.777778,1178 1240 1245 1264 1269 1280 1298 1309 1314 1318 1344 1361 1391 1396 1445
moead,512_e-04,1,3,4600,92,29680218.227717,2917609.548828,0.333333,0.666667,1206 1226 1240 1265 1280 1308 1309 1313 1314 1318 1354 1359 1391 1432 1445
moead,512_e-04,1,4,4600,92,29633822.328806,2900027.189453,0.444444,0.555556,1211 1236 1240 1264 1265 1269 1280 1308 1309 1314 1318 1354 1359 1391 1445
moead,512_e-04,1,5,4600,92,29589065.862595,2884785.837891,0.555556,0.444444,1211 1236 1240 1264 1265 1269 1280 1308 1309 1314 1318 1354 1359 1391 1396
moead,512_e-04,1,6,4600,92,29559548.837624,2875332.400391,0.666667,0.333333,1211 1241 1245 1266 1270 1271 1275 1280 1309 1313 1314 1320 1359 1391 1396
moead,512_e-04,1,7,4600,92,29536186.402769,2852438.666016,0.777778,0.222222,1211 1245 1266 1270 1271 1275 1280 1307 1308 1309 1312 1313 1314 1317 1355
moead,512_e-04,1,8,4600,92,29514704.783943,2822947.724609,0.888889,0.111111,1238 1268 1271 1272 1274 1275 1276 1280 1281 1309 1313 1314 1318 1354 1355
moead,512_e-04,1,9,4600,92,29491120.731479,2779596.541016,1.000000,0.000000,1238 1241 1272 1274 1275 1276 1280 1309 1311 1312 1313 1314 1318 1354 1355
moead,512_e-04,1,0,4650,93,36980355.449276,3012672.400391,0.000000,1.000000,1189 1404 1445 1594 2237 3009 5005 5182 6609 7039 7571 11009 11623 13579 14807
moead,512_e-04,1,1,4650,93,29931140.295958,2959486.087891,0.111111,0.888889,1156 1166 1189 1202 1245 1262 1305 1309 1314 1318 1359 1392 1396 1404 1445
moead,512_e-04,1,2,4650,93,29762412.759168,2933364.220703,0.222222,0.777778,1178 1240 1245 1264 1269 1280 1298 1309 1314 1318 1344 1361 1391 1396 1445
moead,512_e-04,1,3,4650,93,29680218.227717,2917609.548828,0.333333,0.666667,1206 1226 1240 1265 1280 1308 1309 1313 1314 1318 1354 1359 1391 1432 1445
moead,512_e-04,1,4,4650,93,29633822.328806,2900027.189453,0.444444,0.555556,1211 1236 1240 1264 1265 1269 1280 1308 1309 1314 1318 1354 1359 1391 1445
moead,512_e-04,1,5,4650,93,29589065.862595,2884785.837891,0.555556,0.444444,1211 1236 1240 1264 1265 1269 1280 1308 1309 1314 1318 1354 1359 1391 1396
moead,512_e-04,1,6,4650,93,29559548.837624,2875332.400391,0.666667,0.333333,1211 1241 1245 1266 1270 1271 1275 1280 1309 1313 1314 1320 1359 1391 1396
moead,512_e-04,1,7,4650,93,29536186.402769,2852438.666016,0.777778,0.222222,1211 1245 1266 1270 1271 1275 1280 1307 1308 1309 1312 1313 1314 1317 1355
moead,512_e-04,1,8,4650,93,29514704.783942,2822947.724609,0.888889,0.111111,1238 1268 1271 1272 1274 1275 1276 1280 1281 1309 1313 1314 1318 1354 1355
moead,512_e-04,1,9,4650,93,29491120.731479,2779596.541016,1.000000,0.000000,1238 1241 1272 1274 1275 1276 1280 1309 1311 1312 1313 1314 1318 1354 1355
moead,512_e-04,1,0,4700,94,35754402.447616,3012672.400391,0.000000,1.000000,826 1166 1189 1202 1214 1445 1607 5005 6609 7571 10392 10630 11009 11623 12648
moead,512_e-04,1,1,4700,94,29931140.295958,2959486.087891,0.111111,0.888889,1156 1166 1189 1202 1245 1262 1305 1309 1314 1318 1359 1392 1396 1404 1445
moead,512_e-04,1,2,4700,94,29762412.759168,2933364.220703,0.222222,0.777778,1178 1240 1245 1264 1269 1280 1298 1309 1314 1318 1344 1361 1391 1396 1445
moead,512_e-04,1,3,4700,94,29680218.227717,2917609.548828,0.333333,0.666667,1206 1226 1240 1265 1280 1308 1309 1313 1314 1318 1354 1359 1391 1432 1445
moead,512_e-04,1,4,4700,94,29633822.328806,2900027.189453,0.444444,0.555556,1211 1236 1240 1264 1265 1269 1280 1308 1309 1314 1318 1354 1359 1391 1445
moead,512_e-04,1,5,4700,94,29589065.862595,2884785.837891,0.555556,0.444444,1211 1236 1240 1264 1265 1269 1280 1308 1309 1314 1318 1354 1359 1391 1396
moead,512_e-04,1,6,4700,94,29559548.837624,2875332.400391,0.666667,0.333333,1211 1241 1245 1266 1270 1271 1275 1280 1309 1313 1314 1320 1359 1391 1396
moead,512_e-04,1,7,4700,94,29536186.402769,2852438.666016,0.777778,0.222222,1211 1245 1266 1270 1271 1275 1280 1307 1308 1309 1312 1313 1314 1317 1355
moead,512_e-04,1,8,4700,94,29514704.783943,2822947.724609,0.888889,0.111111,1238 1268 1271 1272 1274 1275 1276 1280 1281 1309 1313 1314 1318 1354 1355
moead,512_e-04,1,9,4700,94,29491120.731479,2779596.541016,1.000000,0.000000,1238 1241 1272 1274 1275 1276 1280 1309 1311 1312 1313 1314 1318 1354 1355
moead,512_e-04,1,0,4750,95,35852695.673663,3012672.400391,0.000000,1.000000,831 1166 1214 1445 1607 3207 6609 7426 7728 10230 10630 11009 11750 15132 16530
moead,512_e-04,1,1,4750,95,29931140.295958,2959486.087891,0.111111,0.888889,1156 1166 1189 1202 1245 1262 1305 1309 1314 1318 1359 1392 1396 1404 1445
moead,512_e-04,1,2,4750,95,29762412.759168,2933364.220703,0.222222,0.777778,1178 1240 1245 1264 1269 1280 1298 1309 1314 1318 1344 1361 1391 1396 1445
moead,512_e-04,1,3,4750,95,29680218.227717,2917609.548828,0.333333,0.666667,1206 1226 1240 1265 1280 1308 1309 1313 1314 1318 1354 1359 1391 1432 1445
moead,512_e-04,1,4,4750,95,29633822.328806,2900027.189453,0.444444,0.555556,1211 1236 1240 1264 1265 1269 1280 1308 1309 1314 1318 1354 1359 1391 1445
moead,512_e-04,1,5,4750,95,29589065.862595,2884785.837891,0.555556,0.444444,1211 1236 1240 1264 1265 1269 1280 1308 1309 1314 1318 1354 1359 1391 1396
moead,512_e-04,1,6,4750,95,29559548.837624,2875332.400391,0.666667,0.333333,1211 1241 1245 1266 1270 1271 1275 1280 1309 1313 1314 1320 1359 1391 1396
moead,512_e-04,1,7,4750,95,29536186.402769,2852438.666016,0.777778,0.222222,1211 1245 1266 1270 1271 1275 1280 1307 1308 1309 1312 1313 1314 1317 1355
moead,512_e-04,1,8,4750,95,29514704.783943,2822947.724609,0.888889,0.111111,1238 1268 1271 1272 1274 1275 1276 1280 1281 1309 1313 1314 1318 1354 1355
moead,512_e-04,1,9,4750,95,29491120.731479,2779596.541016,1.000000,0.000000,1238 1241 1272 1274 1275 1276 1280 1309 1311 1312 1313 1314 1318 1354 1355
moead,512_e-04,1,0,4800,96,38950338.473048,3012672.400391,0.000000,1.000000,831 3207 5044 5062 6605 6609 7426 10230 11750 12891 13183 15849 16530 18639 19138
moead,512_e-04,1,1,4800,96,29931140.295958,2959486.087891,0.111111,0.888889,1156 1166 1189 1202 1245 1262 1305 1309 1314 1318 1359 1392 1396 1404 1445
moead,512_e-04,1,2,4800,96,29762412.759168,2933364.220703,0.222222,0.777778,1178 1240 1245 1264 1269 1280 1298 1309 1314 1318 1344 1361 1391 1396 1445
moead,512_e-04,1,3,4800,96,29680218.227717,2917609.548828,0.333333,0.666667,1206 1226 1240 1265 1280 1308 1309 1313 1314 1318 1354 1359 1391 1432 1445
moead,512_e-04,1,4,4800,96,29633822.328806,2900027.189453,0.444444,0.555556,1211 1236 1240 1264 1265 1269 1280 1308 1309 1314 1318 1354 1359 1391 1445
moead,512_e-04,1,5,4800,96,29589065.862595,2884785.837891,0.555556,0.444444,1211 1236 1240 1264 1265 1269 1280 1308 1309 1314 1318 1354 1359 1391 1396
moead,512_e-04,1,6,4800,96,29559548.837624,2875332.400391,0.666667,0.333333,1211 1241 1245 1266 1270 1271 1275 1280 1309 1313 1314 1320 1359 1391 1396
moead,512_e-04,1,7,4800,96,29536186.402769,2852438.666016,0.777778,0.222222,1211 1245 1266 1270 1271 1275 1280 1307 1308 1309 1312 1313 1314 1317 1355
moead,512_e-04,1,8,4800,96,29514704.783943,2822947.724609,0.888889,0.111111,1238 1268 1271 1272 1274 1275 1276 1280 1281 1309 1313 1314 1318 1354 1355
moead,512_e-04,1,9,4800,96,29491120.731479,2779596.541016,1.000000,0.000000,1238 1241 1272 1274 1275 1276 1280 1309 1311 1312 1313 1314 1318 1354 1355
moead,512_e-04,1,0,4850,97,38178957.385641,3012672.400391,0.000000,1.000000,1074 1294 1404 5044 5062 5499 5970 6605 6767 10230 11750 13183 13592 15350 17629
moead,512_e-04,1,1,4850,97,29931140.295958,2959486.087891,0.111111,0.888889,1156 1166 1189 1202 1245 1262 1305 1309 1314 1318 1359 1392 1396 1404 1445
moead,512_e-04,1,2,4850,97,29762412.759168,2933364.220703,0.222222,0.777778,1178 1240 1245 1264 1269 1280 1298 1309 1314 1318 1344 1361 1391 1396 1445
moead,512_e-04,1,3,4850,97,29680218.227717,2917609.548828,0.333333,0.666667,1206 1226 1240 1265 1280 1308 1309 1313 1314 1318 1354 1359 1391 1432 1445
moead,512_e-04,1,4,4850,97,29633822.328806,2900027.189453,0.444444,0.555556,1211 1236 1240 1264 1265 1269 1280 1308 1309 1314 1318 1354 1359 1391 1445
moead,512_e-04,1,5,4850,97,29589065.862595,2884785.837891,0.555556,0.444444,1211 1236 1240 1264 1265 1269 1280 1308 1309 1314 1318 1354 1359 1391 1396
moead,512_e-04,1,6,4850,97,29559548.837624,2875332.400391,0.666667,0.333333,1211 1241 1245 1266 1270 1271 1275 1280 1309 1313 1314 1320 1359 1391 1396
moead,512_e-04,1,7,4850,97,29536186.402769,2852438.666016,0.777778,0.222222,1211 1245 1266 1270 1271 1275 1280 1307 1308 1309 1312 1313 1314 1317 1355
moead,512_e-04,1,8,4850,97,29514704.783943,2822947.724609,0.888889,0.111111,1238 1268 1271 1272 1274 1275 1276 1280 1281 1309 1313 1314 1318 1354 1355
moead,512_e-04,1,9,4850,97,29491120.731479,2779596.541016,1.000000,0.000000,1238 1241 1272 1274 1275 1276 1280 1309 1311 1312 1313 1314 1318 1354 1355
moead,512_e-04,1,0,4900,98,37383163.035086,3012672.400391,0.000000,1.000000,1214 1392 1445 4897 5970 6767 8077 9095 9337 9429 10230 11750 12585 13183 13342
moead,512_e-04,1,1,4900,98,29925348.849353,2959933.337891,0.111111,0.888889,1156 1166 1189 1202 1236 1245 1262 1305 1309 1314 1318 1392 1396 1404 1445
moead,512_e-04,1,2,4900,98,29762412.759168,2933364.220703,0.222222,0.777778,1178 1240 1245 1264 1269 1280 1298 1309 1314 1318 1344 1361 1391 1396 1445
moead,512_e-04,1,3,4900,98,29680218.227717,2917609.548828,0.333333,0.666667,1206 1226 1240 1265 1280 1308 1309 1313 1314 1318 1354 1359 1391 1432 1445
moead,512_e-04,1,4,4900,98,29633822.328806,2900027.189453,0.444444,0.555556,1211 1236 1240 1264 1265 1269 1280 1308 1309 1314 1318 1354 1359 1391 1445
moead,512_e-04,1,5,4900,98,29589065.862595,2884785.837891,0.555556,0.444444,1211 1236 1240 1264 1265 1269 1280 1308 1309 1314 1318 1354 1359 1391 1396
moead,512_e-04,1,6,4900,98,29559548.837624,2875332.400391,0.666667,0.333333,1211 1241 1245 1266 1270 1271 1275 1280 1309 1313 1314 1320 1359 1391 1396
moead,512_e-04,1,7,4900,98,29536186.402769,2852438.666016,0.777778,0.222222,1211 1245 1266 1270 1271 1275 1280 1307 1308 1309 1312 1313 1314 1317 1355
moead,512_e-04,1,8,4900,98,29511879.109232,2823138.216797,0.888889,0.111111,1211 1245 1270 1271 1272 1275 1280 1308 1309 1312 1313 1314 1317 1354 1355
moead,512_e-04,1,9,4900,98,29491120.731479,2779596.541016,1.000000,0.000000,1238 1241 1272 1274 1275 1276 1280 1309 1311 1312 1313 1314 1318 1354 1355
moead,512_e-04,1,0,4950,99,36225988.163971,3012672.400391,0.000000,1.000000,1326 1396 1445 1607 3150 3582 5970 7114 9429 9665 10230 11750 11768 13751 18820
moead,512_e-04,1,1,4950,99,29925348.849353,2959933.337891,0.111111,0.888889,1156 1166 1189 1202 1236 1245 1262 1305 1309 1314 1318 1392 1396 1404 1445
moead,512_e-04,1,2,4950,99,29762412.759168,2933364.220703,0.222222,0.777778,1178 1240 1245 1264 1269 1280 1298 1309 1314 1318 1344 1361 1391 1396 1445
moead,512_e-04,1,3,4950,99,29680218.227717,2917609.548828,0.333333,0.666667,1206 1226 1240 1265 1280 1308 1309 1313 1314 1318 1354 1359 1391 1432 1445
moead,512_e-04,1,4,4950,99,29633822.328806,2900027.189453,0.444444,0.555556,1211 1236 1240 1264 1265 1269 1280 1308 1309 1314 1318 1354 1359 1391 1445
moead,512_e-04,1,5,4950,99,29589065.862595,2884785.837891,0.555556,0.444444,1211 1236 1240 1264 1265 1269 1280 1308 1309 1314 1318 1354 1359 1391 1396
moead,512_e-04,1,6,4950,99,29559548.837624,2875332.400391,0.666667,0.333333,1211 1241 1245 1266 1270 1271 1275 1280 1309 1313 1314 1320 1359 1391 1396
moead,512_e-04,1,7,4950,99,29536186.402769,2852438.666016,0.777778,0.222222,1211 1245 1266 1270 1271 1275 1280 1307 1308 1309 1312 1313 1314 1317 1355
moead,512_e-04,1,8,4950,99,29511879.109232,2823138.216797,0.888889,0.111111,1211 1245 1270 1271 1272 1275 1280 1308 1309 1312 1313 1314 1317 1354 1355
moead,512_e-04,1,9,4950,99,29491120.731479,2779596.541016,1.000000,0.000000,1238 1241 1272 1274 1275 1276 1280 1309 1311 1312 1313 1314 1318 1354 1355
