algorithm,instance,run_id,vector_id,generation,iteration,f_cost,f_power,weight1,weight2,occupied
moead,ns202,3,0,0,0,115362350.417361,1971582.033203,0.000000,1.000000,15 53 608 639 953 997 1054 1187 1370 1388 1533 1548 1625 1813 1882 1975 2690 2908 2923 2936 2974 3413 3968 4338 4443 4588 4828 5674 5760 6214 6309 6335 6358 6555 6600 6945 7187 7444 7709 7937 8094 8180 8469 8577 8641 8647 8749
moead,ns202,3,1,0,0,110274294.500150,1932989.234375,0.111111,0.888889,145 215 571 1253 1345 1376 1396 1468 1569 1668 2040 2085 2429 2721 2770 2784 2827 2912 3211 3223 3347 3350 3399 3596 3773 4376 4679 4696 4959 5205 5367 5499 5967 6012 6154 6429 6831 7193 7227 7366 7819 7867 8002 8311 8339 8413 8491
moead,ns202,3,2,0,0,110274294.500150,1932989.234375,0.222222,0.777778,145 215 571 1253 1345 1376 1396 1468 1569 1668 2040 2085 2429 2721 2770 2784 2827 2912 3211 3223 3347 3350 3399 3596 3773 4376 4679 4696 4959 5205 5367 5499 5967 6012 6154 6429 6831 7193 7227 7366 7819 7867 8002 8311 8339 8413 8491
moead,ns202,3,3,0,0,110274294.500150,1932989.234375,0.333333,0.666667,145 215 571 1253 1345 1376 1396 1468 1569 1668 2040 2085 2429 2721 2770 2784 2827 2912 3211 3223 3347 3350 3399 3596 3773 4376 4679 4696 4959 5205 5367 5499 5967 6012 6154 6429 6831 7193 7227 7366 7819 7867 8002 8311 8339 8413 8491
moead,ns202,3,4,0,0,110274294.500150,1932989.234375,0.444444,0.555556,145 215 571 1253 1345 1376 1396 1468 1569 1668 2040 2085 2429 2721 2770 2784 2827 2912 3211 3223 3347 3350 3399 3596 3773 4376 4679 4696 4959 5205 5367 5499 5967 6012 6154 6429 6831 7193 7227 7366 7819 7867 8002 8311 8339 8413 8491
moead,ns202,3,5,0,0,110274294.500150,1932989.234375,0.555556,0.444444,145 215 571 1253 1345 1376 1396 1468 1569 1668 2040 2085 2429 2721 2770 2784 2827 2912 3211 3223 3347 3350 3399 3596 3773 4376 4679 4696 4959 5205 5367 5499 5967 6012 6154 6429 6831 7193 7227 7366 7819 7867 8002 8311 8339 8413 8491
moead,ns202,3,6,0,0,110274294.500150,1932989.234375,0.666667,0.333333,145 215 571 1253 1345 1376 1396 1468 1569 1668 2040 2085 2429 2721 2770 2784 2827 2912 3211 3223 3347 3350 3399 3596 3773 4376 4679 4696 4959 5205 5367 5499 5967 6012 6154 6429 6831 7193 7227 7366 7819 7867 8002 8311 8339 8413 8491
moead,ns202,3,7,0,0,110274294.500150,1932989.234375,0.777778,0.222222,145 215 571 1253 1345 1376 1396 1468 1569 1668 2040 2085 2429 2721 2770 2784 2827 2912 3211 3223 3347 3350 3399 3596 3773 4376 4679 4696 4959 5205 5367 5499 5967 6012 6154 6429 6831 7193 7227 7366 7819 7867 8002 8311 8339 8413 8491
moead,ns202,3,8,0,0,110274294.500150,1932989.234375,0.888889,0.111111,145 215 571 1253 1345 1376 1396 1468 1569 1668 2040 2085 2429 2721 2770 2784 2827 2912 3211 3223 3347 3350 3399 3596 3773 4376 4679 4696 4959 5205 5367 5499 5967 6012 6154 6429 6831 7193 7227 7366 7819 7867 8002 8311 8339 8413 8491
moead,ns202,3,9,0,0,110274294.500150,1932989.234375,1.000000,0.000000,145 215 571 1253 1345 1376 1396 1468 1569 1668 2040 2085 2429 2721 2770 2784 2827 2912 3211 3223 3347 3350 3399 3596 3773 4376 4679 4696 4959 5205 5367 5499 5967 6012 6154 6429 6831 7193 7227 7366 7819 7867 8002 8311 8339 8413 8491
moead,ns202,3,0,50,1,111212562.930536,1982042.687500,0.000000,1.000000,560 956 1316 1383 1514 2177 2307 2343 2387 2443 2508 2513 2519 2794 2801 3159 3175 3263 3677 3876 3891 4100 4251 4708 4860 5715 5783 5852 5856 6256 6282 6337 6856 7369 7423 7645 7734 7788 7932 8112 8192 8341 8386 8486 8498 8607 8701
moead,ns202,3,1,50,1,93508916.152736,1789954.638672,0.111111,0.888889,2309 2456 2499 2688 2816 2817 2823 2875 2909 2918 3084 3087 3088 3090 3138 3159 3167 3173 3175 3179 3250 3261 3339 3342 3346 3422 3424 3428 3592 3597 3677 3762 4923 5072 5199 5208 5273 6302 6399 7301 7392 7431 7716 8241 8340 8341 8366
moead,ns202,3,2,50,1,92922780.490791,1744135.341797,0.222222,0.777778,2309 2460 2499 2688 2816 2817 2823 2875 2909 2912 2918 2964 3002 3083 3084 3087 3088 3090 3138 3159 3161 3167 3175 3250 3261 3339 3342 3422 3424 3428 3509 3592 3597 3601 3677 3762 5208 5273 6302 6399 7301 7392 7431 8241 8340 8341 8366
moead,ns202,3,3,50,1,92473008.351476,1733088.359375,0.333333,0.666667,2309 2460 2499 2688 2816 2817 2823 2875 2909 2912 2918 3002 3084 3087 3088 3090 3138 3159 3161 3167 3171 3173 3175 3249 3250 3261 3339 3342 3422 3424 3428 3509 3592 3597 3599 3601 3762 4860 5072 5208 7301 7392 7431 8241 8340 8341 8366
moead,ns202,3,4,50,1,92292466.955746,1708671.509766,0.444444,0.555556,2309 2407 2456 2499 2640 2688 2810 2816 2817 2820 2822 2823 2875 2909 2918 3003 3084 3087 3088 3090 3138 3167 3173 3175 3250 3260 3261 3339 3342 3424 3428 3509 3592 3597 3599 3677 3762 4860 5072 5208 6918 7301 7431 8241 8340 8341 8366
moead,ns202,3,5,50,1,92292466.955746,1708671.509766,0.555556,0.444444,2309 2407 2456 2499 2640 2688 2810 2816 2817 2820 2822 2823 2875 2909 2918 3003 3084 3087 3088 3090 3138 3167 3173 3175 3250 3260 3261 3339 3342 3424 3428 3509 3592 3597 3599 3677 3762 4860 5072 5208 6918 7301 7431 8241 8340 8341 8366
moead,ns202,3,6,50,1,92204541.587490,1707141.808594,0.666667,0.333333,2309 2407 2456 2499 2640 2688 2810 2816 2817 2820 2822 2823 2875 2909 2918 3003 3084 3087 3088 3090 3138 3167 3173 3175 3250 3251 3260 3261 3339 3342 3424 3428 3509 3592 3597 3599 3677 3762 4860 5072 5208 6918 7301 7431 8241 8341 8366
moead,ns202,3,7,50,1,92187348.440518,1702759.134766,0.777778,0.222222,2309 2407 2456 2499 2640 2688 2810 2816 2817 2820 2822 2823 2875 2909 2918 3003 3084 3087 3088 3090 3138 3167 3173 3175 3250 3251 3260 3261 3339 3342 3424 3428 3509 3592 3597 3599 3677 3762 4860 5072 5208 6398 6918 7301 8241 8341 8366
moead,ns202,3,8,50,1,92187348.440518,1702759.134766,0.888889,0.111111,2309 2407 2456 2499 2640 2688 2810 2816 2817 2820 2822 2823 2875 2909 2918 3003 3084 3087 3088 3090 3138 3167 3173 3175 3250 3251 3260 3261 3339 3342 3424 3428 3509 3592 3597 3599 3677 3762 4860 5072 5208 6398 6918 7301 8241 8341 8366
moead,ns202,3,9,50,1,92187348.440518,1702759.134766,1.000000,0.000000,2309 2407 2456 2499 2640 2688 2810 2816 2817 2820 2822 2823 2875 2909 2918 3003 3084 3087 3088 3090 3138 3167 3173 3175 3250 3251 3260 3261 3339 3342 3424 3428 3509 3592 3597 3599 3677 3762 4860 5072 5208 6398 6918 7301 8241 8341 8366
moead,ns202,3,0,100,2,111388079.315169,1989687.863281,0.000000,1.000000,956 1316 1383 1514 2177 2307 2343 2387 2508 2513 2519 2794 2801 3159 3175 3263 3677 3891 4100 4251 4708 4860 5650 5783 5852 5856 6256 6282 6337 6569 7250 7369 7423 7645 7734 7788 7932 8112 8192 8341 8349 8386 8486 8498 8607 8614 8701
moead,ns202,3,1,100,2,91787196.693597,1732980.576172,0.111111,0.888889,2309 2499 2688 2816 2817 2823 2875 2909 2918 3084 3088 3090 3138 3159 3161 3167 3171 3173 3175 3179 3249 3250 3260 3261 3334 3339 3341 3342 3346 3422 3424 3428 3509 3513 3592 3597 3599 3601 3677 3762 5072 5208 7301 7392 8266 8340 8366
moead,ns202,3,2,100,2,90951312.566017,1685409.144531,0.222222,0.777778,2309 2499 2688 2816 2817 2820 2822 2823 2869 2875 2909 2915 2918 2987 2993 2994 2997 3002 3003 3084 3087 3088 3090 3138 3167 3173 3175 3250 3251 3260 3339 3341 3342 3424 3428 3431 3509 3597 3599 3677 3762 5208 7301 7392 8266 8340 8366
moead,ns202,3,3,100,2,90497127.987470,1665500.732422,0.333333,0.666667,2309 2499 2688 2816 2817 2820 2822 2823 2869 2875 2909 2912 2915 2918 2987 2993 2994 2997 3002 3003 3084 3087 3088 3090 3138 3167 3173 3175 3250 3251 3260 3339 3341 3342 3424 3428 3431 3509 3511 3597 3599 3677 5208 8214 8241 8339 8341
moead,ns202,3,4,100,2,90190169.219067,1629352.898438,0.444444,0.555556,2407 2644 2731 2816 2817 2818 2820 2822 2823 2875 2896 2909 2912 2918 2956 2993 2994 3002 3003 3075 3084 3087 3088 3090 3167 3173 3175 3250 3251 3258 3260 3261 3339 3341 3342 3424 3428 3431 3511 3592 3597 3599 3677 8214 8241 8339 8341
moead,ns202,3,5,100,2,90163454.693812,1621303.128906,0.555556,0.444444,2407 2644 2731 2816 2817 2818 2820 2822 2823 2875 2896 2909 2912 2918 2956 2993 2994 3002 3003 3075 3084 3087 3088 3090 3167 3173 3175 3250 3251 3258 3260 3261 3339 3341 3342 3424 3428 3431 3511 3592 3597 3599 3677 8214 8241 8339 8340
moead,ns202,3,6,100,2,90054594.900245,1595743.755859,0.666667,0.333333,2407 2731 2816 2817 2818 2820 2822 2823 2875 2896 2909 2912 2956 2993 2994 3002 3003 3084 3087 3088 3090 3167 3173 3175 3251 3258 3260 3261 3262 3339 3341 3342 3424 3428 3431 3511 3513 3592 3597 3599 3677 5068 5208 8214 8241 8339 8340
moead,ns202,3,7,100,2,89989924.608380,1593401.285156,0.777778,0.222222,2407 2731 2816 2817 2818 2820 2822 2823 2875 2896 2909 2912 2956 2993 2994 3002 3003 3084 3087 3088 3090 3167 3173 3175 3251 3258 3260 3261 3339 3341 3342 3345 3424 3428 3431 3511 3513 3592 3597 3599 3677 5068 5208 8214 8241 8339 8340
moead,ns202,3,8,100,2,89989924.608380,1593401.285156,0.888889,0.111111,2407 2731 2816 2817 2818 2820 2822 2823 2875 2896 2909 2912 2956 2993 2994 3002 3003 3084 3087 3088 3090 3167 3173 3175 3251 3258 3260 3261 3339 3341 3342 3345 3424 3428 3431 3511 3513 3592 3597 3599 3677 5068 5208 8214 8241 8339 8340
moead,ns202,3,9,100,2,89989924.608380,1593401.285156,1.000000,0.000000,2407 2731 2816 2817 2818 2820 2822 2823 2875 2896 2909 2912 2956 2993 2994 3002 3003 3084 3087 3088 3090 3167 3173 3175 3251 3258 3260 3261 3339 3341 3342 3345 3424 3428 3431 3511 3513 3592 3597 3599 3677 5068 5208 8214 8241 8339 8340
moead,ns202,3,0,150,3,112249471.040710,1991003.316406,0.000000,1.000000,866 956 1316 1383 1514 1814 2177 2307 2343 2387 2508 2513 2519 2561 2794 2801 3159 3175 3263 3858 3891 4251 4708 4869 5650 5783 5852 5856 6256 6282 6375 7250 7369 7423 7645 7734 7788 7922 7932 8112 8192 8341 8349 8486 8498 8607 8701
moead,ns202,3,1,150,3,91425061.872846,1732260.207031,0.111111,0.888889,2309 2499 2688 2817 2820 2822 2823 2875 2909 2912 2915 2918 2987 2993 2994 2997 3002 3003 3068 3084 3087 3088 3090 3134 3138 3167 3173 3175 3250 3251 3260 3339 3341 3342 3428 3509 3597 3599 3677 5072 5208 7301 7392 8215 8241 8339 8341
moead,ns202,3,2,150,3,90454525.773712,1665827.783203,0.222222,0.777778,2407 2644 2724 2731 2816 2818 2820 2822 2823 2872 2875 2896 2909 2918 2956 2993 2994 3002 3003 3075 3084 3087 3088 3090 3167 3173 3175 3250 3251 3258 3260 3261 3339 3341 3342 3424 3427 3428 3431 3511 3592 3597 7300 8215 8241 8339 8341
moead,ns202,3,3,150,3,90029947.238217,1636402.513672,0.333333,0.666667,2407 2545 2644 2731 2816 2818 2820 2822 2823 2872 2875 2896 2909 2956 2993 2994 3002 3003 3075 3084 3087 3088 3090 3167 3171 3173 3175 3250 3251 3258 3260 3261 3339 3341 3342 3424 3427 3428 3431 3511 3592 3597 3677 8215 8241 8339 8341
moead,ns202,3,4,150,3,89800695.171640,1597333.980469,0.444444,0.555556,2407 2644 2731 2816 2817 2818 2820 2823 2875 2896 2909 2912 2918 2956 2993 2994 3002 3003 3075 3084 3087 3088 3090 3167 3173 3175 3250 3251 3255 3258 3260 3261 3339 3341 3342 3424 3427 3428 3431 3511 3513 3592 3597 3599 3677 8339 8341
moead,ns202,3,5,150,3,89483342.624147,1588106.140625,0.555556,0.444444,2407 2644 2731 2817 2818 2820 2822 2823 2875 2896 2903 2909 2912 2956 2993 2994 3002 3003 3075 3084 3086 3087 3088 3090 3167 3173 3175 3250 3251 3255 3258 3260 3261 3339 3341 3342 3424 3427 3428 3431 3511 3513 3592 3597 3677 8339 8341
moead,ns202,3,6,150,3,89483342.624147,1588106.140625,0.666667,0.333333,2407 2644 2731 2817 2818 2820 2822 2823 2875 2896 2903 2909 2912 2956 2993 2994 3002 3003 3075 3084 3086 3087 3088 3090 3167 3173 3175 3250 3251 3255 3258 3260 3261 3339 3341 3342 3424 3427 3428 3431 3511 3513 3592 3597 3677 8339 8341
moead,ns202,3,7,150,3,89434413.217200,1561926.318359,0.777778,0.222222,2407 2731 2816 2817 2818 2820 2822 2823 2875 2896 2909 2912 2956 2993 2994 3003 3004 3084 3087 3088 3090 3167 3173 3175 3176 3251 3255 3258 3260 3261 3339 3341 3342 3345 3424 3427 3428 3431 3511 3513 3592 3597 3599 3677 8214 8339 8341
moead,ns202,3,8,150,3,89320717.142823,1548201.236328,0.888889,0.111111,2407 2731 2816 2817 2818 2820 2822 2823 2875 2896 2909 2912 2956 2992 2993 2994 3003 3004 3084 3087 3088 3090 3167 3173 3175 3176 3251 3255 3258 3260 3261 3339 3341 3342 3345 3424 3427 3428 3431 3511 3513 3592 3597 3599 3677 8339 8341
moead,ns202,3,9,150,3,89320717.142823,1548201.236328,1.000000,0.000000,2407 2731 2816 2817 2818 2820 2822 2823 2875 2896 2909 2912 2956 2992 2993 2994 3003 3004 3084 3087 3088 3090 3167 3173 3175 3176 3251 3255 3258 3260 3261 3339 3341 3342 3345 3424 3427 3428 3431 3511 3513 3592 3597 3599 3677 8339 8341
moead,ns202,3,0,200,4,112629500.994173,1997772.597656,0.000000,1.000000,866 1002 1316 1383 1514 2177 2307 2343 2387 2508 2513 2519 2561 2648 2801 3159 3175 3263 3734 3891 4251 4708 4869 4911 5650 5783 5852 5856 6256 6282 6375 7250 7369 7423 7645 7734 7788 7922 7932 8112 8192 8341 8349 8486 8498 8607 8701
moead,ns202,3,1,200,4,90834642.658571,1703082.248047,0.111111,0.888889,2309 2499 2688 2817 2820 2822 2869 2909 2912 2915 2918 2987 2993 2994 2997 3002 3003 3075 3084 3087 3088 3090 3138 3167 3173 3250 3251 3258 3260 3261 3339 3341 3342 3424 3427 3428 3597 3677 3764 5072 5208 8126 8215 8241 8315 8339 8341
moead,ns202,3,2,200,4,89721865.318508,1620984.982422,0.222222,0.777778,2407 2731 2817 2818 2820 2822 2823 2873 2875 2896 2909 2912 2956 2994 3002 3003 3004 3075 3077 3084 3086 3087 3088 3090 3167 3173 3175 3250 3251 3255 3258 3260 3339 3341 3342 3345 3424 3427 3428 3511 3513 3592 3597 3677 8241 8339 8341
moead,ns202,3,3,200,4,89354495.591406,1576978.828125,0.333333,0.666667,2407 2644 2731 2817 2818 2820 2822 2823 2875 2912 2956 2993 2994 2996 3003 3004 3075 3084 3086 3087 3088 3090 3167 3173 3175 3250 3251 3255 3258 3260 3261 3339 3341 3342 3345 3424 3427 3428 3431 3511 3513 3592 3597 3677 8314 8339 8341
moead,ns202,3,4,200,4,88991557.938633,1542541.582031,0.444444,0.555556,2407 2731 2804 2816 2817 2818 2820 2822 2823 2909 2912 2956 2993 2994 2996 3003 3004 3084 3086 3087 3088 3090 3167 3173 3175 3176 3250 3251 3255 3256 3258 3260 3261 3339 3341 3342 3345 3424 3427 3428 3431 3513 3592 3597 8184 8339 8341
moead,ns202,3,5,200,4,88869726.684348,1521780.605469,0.555556,0.444444,2407 2731 2804 2816 2817 2818 2820 2822 2823 2909 2912 2956 2993 2994 2996 3004 3084 3086 3087 3088 3090 3162 3167 3173 3175 3176 3250 3251 3255 3256 3258 3260 3261 3339 3341 3342 3345 3424 3427 3428 3431 3511 3513 3592 3597 3677 8341
moead,ns202,3,6,200,4,88609656.330736,1515676.660156,0.666667,0.333333,2407 2728 2731 2817 2818 2820 2822 2823 2909 2912 2956 2993 2994 2996 3003 3004 3076 3080 3084 3086 3087 3088 3090 3167 3173 3175 3176 3251 3255 3256 3258 3260 3261 3339 3341 3342 3345 3424 3427 3428 3431 3511 3513 3597 3677 8339 8341
moead,ns202,3,7,200,4,88609656.330736,1515676.660156,0.777778,0.222222,2407 2728 2731 2817 2818 2820 2822 2823 2909 2912 2956 2993 2994 2996 3003 3004 3076 3080 3084 3086 3087 3088 3090 3167 3173 3175 3176 3251 3255 3256 3258 3260 3261 3339 3341 3342 3345 3424 3427 3428 3431 3511 3513 3597 3677 8339 8341
moead,ns202,3,8,200,4,88541308.875212,1503039.042969,0.888889,0.111111,2407 2728 2731 2817 2818 2820 2822 2823 2909 2912 2956 2993 2994 2996 3003 3004 3076 3080 3084 3086 3087 3088 3090 3167 3173 3175 3176 3251 3255 3256 3258 3260 3261 3339 3341 3342 3345 3424 3427 3428 3431 3511 3513 3592 3597 3677 8339
moead,ns202,3,9,200,4,88509180.726547,1494373.261719,1.000000,0.000000,2407 2731 2816 2817 2818 2820 2822 2823 2909 2912 2956 2993 2994 2996 3003 3004 3080 3084 3086 3087 3088 3090 3167 3173 3175 3176 3250 3251 3255 3256 3258 3260 3261 3339 3341 3342 3345 3424 3427 3428 3431 3511 3513 3592 3597 3677 8339
moead,ns202,3,0,250,5,112635261.786436,1997982.136719,0.000000,1.000000,866 1002 1316 1383 1514 2177 2307 2343 2387 2508 2513 2519 2561 2648 2801 3159 3175 3263 3734 3891 4251 4708 4869 5456 5650 5783 5852 5856 6256 6282 6375 7250 7369 7423 7645 7734 7788 7922 7932 8112 8192 8341 8349 8486 8498 8607 8701
moead,ns202,3,1,250,5,90650159.924447,1690819.470703,0.111111,0.888889,2407 2688 2731 2817 2820 2822 2869 2873 2875 2896 2909 2912 2956 2994 3002 3003 3006 3075 3077 3084 3086 3087 3088 3090 3138 3167 3173 3175 3250 3251 3255 3258 3341 3342 3422 3424 3427 3428 3431 3511 3513 3592 4164 8215 8241 8339 8341
moead,ns202,3,2,250,5,89463173.998592,1611407.166016,0.222222,0.777778,2407 2731 2818 2820 2822 2823 2827 2871 2909 2912 2956 2993 2994 2996 3003 3004 3076 3080 3084 3086 3088 3090 3167 3173 3175 3176 3251 3255 3256 3258 3260 3261 3339 3340 3341 3342 3345 3427 3428 3431 3513 5269 8184 8215 8314 8339 8341
moead,ns202,3,3,250,5,89001493.082792,1579946.494141,0.333333,0.666667,2407 2731 2818 2820 2822 2823 2827 2871 2909 2912 2956 2993 2994 2996 3003 3004 3076 3080 3084 3086 3088 3090 3167 3173 3175 3176 3251 3255 3256 3258 3260 3261 3339 3340 3341 3342 3345 3424 3427 3428 3431 3511 3513 8215 8314 8339 8341
moead,ns202,3,4,250,5,88691041.072691,1550526.712891,0.444444,0.555556,2407 2731 2817 2818 2820 2822 2823 2871 2909 2912 2956 2993 2994 2996 3003 3004 3076 3080 3084 3086 3087 3088 3090 3167 3173 3175 3176 3251 3255 3256 3258 3260 3261 3339 3340 3341 3342 3345 3424 3427 3428 3431 3511 3513 8215 8339 8341
moead,ns202,3,5,250,5,88505099.524611,1520850.000000,0.555556,0.444444,2407 2731 2817 2818 2820 2822 2871 2907 2909 2912 2956 2993 2994 2996 3000 3003 3076 3080 3084 3086 3087 3088 3090 3167 3173 3175 3176 3251 3255 3256 3258 3260 3261 3339 3340 3341 3342 3345 3424 3427 3428 3431 3511 3597 3677 8339 8366
moead,ns202,3,6,250,5,88419451.112830,1497569.308594,0.666667,0.333333,2407 2500 2726 2728 2731 2817 2818 2820 2822 2823 2907 2909 2912 2994 2996 3003 3004 3076 3080 3084 3086 3087 3088 3090 3167 3173 3175 3176 3251 3255 3256 3258 3260 3261 3339 3340 3341 3342 3345 3424 3427 3428 3431 3511 3597 3677 8339
moead,ns202,3,7,250,5,88287426.601689,1486747.791016,0.777778,0.222222,2407 2726 2728 2731 2817 2818 2820 2822 2823 2907 2909 2912 2994 2996 3003 3004 3076 3080 3084 3086 3087 3088 3090 3167 3173 3175 3176 3251 3255 3256 3258 3260 3261 3339 3340 3341 3342 3345 3424 3427 3428 3431 3511 3513 3597 3677 8339
moead,ns202,3,8,250,5,88210471.495058,1483811.994141,0.888889,0.111111,2407 2726 2728 2731 2817 2818 2820 2823 2907 2909 2912 2994 2996 3003 3004 3076 3080 3084 3086 3087 3088 3090 3167 3173 3175 3176 3251 3255 3256 3257 3258 3260 3261 3339 3340 3341 3342 3345 3424 3427 3428 3431 3432 3511 3513 3677 8339
moead,ns202,3,9,250,5,88168444.438746,1483070.916016,1.000000,0.000000,2407 2726 2728 2731 2817 2818 2820 2822 2823 2907 2909 2912 2994 2996 3003 3004 3076 3080 3084 3086 3087 3088 3090 3167 3173 3175 3176 3251 3255 3256 3257 3258 3260 3261 3339 3340 3341 3342 3345 3424 3427 3428 3431 3511 3513 3677 8339
moead,ns202,3,0,300,6,112676526.083600,1998179.464844,0.000000,1.000000,866 1002 1196 1383 1514 1572 1776 2177 2343 2387 2508 2513 2561 2648 2801 3159 3175 3263 3502 3734 3891 4251 4708 4718 4869 5456 5650 5783 5852 5856 6256 6282 7250 7369 7423 7645 7734 7788 7922 7932 8192 8341 8349 8486 8607 8701 8705
moead,ns202,3,1,300,6,90359572.816614,1700959.589844,0.111111,0.888889,2309 2642 2731 2776 2817 2820 2822 2869 2873 2896 2909 2912 2956 2994 3002 3003 3075 3077 3084 3086 3087 3088 3090 3093 3167 3173 3175 3250 3251 3255 3258 3260 3339 3341 3342 3424 3427 3428 3431 3513 4998 5208 8184 8215 8314 8339 8341
moead,ns202,3,2,300,6,89264812.262574,1605536.197266,0.222222,0.777778,2407 2731 2782 2818 2820 2822 2823 2827 2871 2909 2912 2956 2993 2994 2996 3003 3004 3076 3080 3084 3086 3088 3090 3167 3173 3175 3176 3251 3255 3256 3258 3260 3339 3340 3341 3342 3345 3424 3427 3428 3431 3511 3513 8215 8241 8339 8341
moead,ns202,3,3,300,6,88734738.662228,1559673.062500,0.333333,0.666667,2407 2731 2817 2818 2820 2822 2871 2907 2909 2912 2956 2993 2994 2996 3000 3003 3004 3076 3080 3084 3086 3087 3088 3090 3167 3173 3175 3176 3251 3255 3256 3258 3261 3339 3341 3342 3345 3424 3427 3428 3431 3511 3513 8215 8314 8339 8341
moead,ns202,3,4,300,6,88423683.790734,1538158.472656,0.444444,0.555556,2726 2731 2817 2820 2822 2824 2867 2907 2909 2912 2990 2994 2996 3004 3076 3082 3084 3086 3087 3088 3090 3167 3173 3174 3175 3176 3251 3253 3255 3257 3258 3260 3261 3339 3340 3341 3342 3345 3424 3427 3428 3431 3511 3597 5002 8339 8341
moead,ns202,3,5,300,6,88206176.269629,1524554.160156,0.555556,0.444444,2726 2731 2817 2820 2822 2824 2867 2907 2909 2912 2990 2994 2996 3004 3076 3080 3082 3084 3086 3087 3088 3090 3167 3173 3174 3175 3176 3251 3253 3255 3257 3258 3260 3261 3339 3340 3341 3342 3345 3424 3427 3428 3431 3511 3597 8339 8341
moead,ns202,3,6,300,6,88141009.734808,1516905.394531,0.666667,0.333333,2726 2731 2817 2820 2822 2823 2867 2907 2909 2912 2990 2994 2996 3004 3076 3080 3082 3084 3086 3087 3088 3090 3167 3173 3174 3175 3176 3251 3253 3255 3257 3258 3260 3261 3339 3340 3341 3342 3345 3424 3427 3428 3431 3511 3513 8339 8341
moead,ns202,3,7,300,6,87973167.937111,1492873.478516,0.777778,0.222222,2726 2731 2817 2820 2822 2823 2867 2907 2909 2912 2990 2994 2996 3004 3076 3080 3082 3084 3086 3087 3088 3090 3167 3173 3174 3175 3176 3251 3253 3255 3256 3257 3258 3260 3261 3339 3340 3341 3342 3345 3424 3427 3428 3431 3511 3513 8341
moead,ns202,3,8,300,6,87973167.937111,1492873.478516,0.888889,0.111111,2726 2731 2817 2820 2822 2823 2867 2907 2909 2912 2990 2994 2996 3004 3076 3080 3082 3084 3086 3087 3088 3090 3167 3173 3174 3175 3176 3251 3253 3255 3256 3257 3258 3260 3261 3339 3340 3341 3342 3345 3424 3427 3428 3431 3511 3513 8341
moead,ns202,3,9,300,6,87920354.141714,1492570.474609,1.000000,0.000000,2726 2731 2817 2820 2822 2823 2867 2907 2909 2912 2990 2994 2996 3004 3076 3080 3082 3084 3086 3087 3088 3090 3167 3173 3174 3175 3176 3251 3253 3255 3256 3257 3258 3260 3261 3339 3340 3341 3342 3345 3424 3427 3428 3431 3511 3513 8339
moead,ns202,3,0,350,7,111758179.126735,2002237.761719,0.000000,1.000000,866 1002 1196 1383 1572 1614 1776 2177 2343 2387 2508 2513 2561 2648 2754 2801 3159 3175 3263 3395 3502 3734 3891 4251 4708 4718 5430 5456 5650 5767 5783 5856 6256 6282 7369 7423 7645 7734 7788 7922 7932 8192 8341 8349 8486 8607 8705
moead,ns202,3,1,350,7,90275808.558054,1692164.896484,0.111111,0.888889,2309 2642 2731 2776 2817 2820 2822 2869 2873 2896 2909 2912 2956 2994 3002 3003 3075 3077 3084 3086 3087 3088 3090 3093 3167 3173 3175 3250 3251 3255 3258 3260 3339 3341 3342 3424 3427 3428 3431 3511 3513 4998 5208 8215 8241 8339 8341
moead,ns202,3,2,350,7,89052781.131538,1628937.755859,0.222222,0.777778,2687 2726 2731 2820 2822 2824 2867 2907 2909 2912 2990 2994 2996 3004 3049 3076 3080 3082 3084 3086 3088 3090 3163 3167 3173 3174 3175 3176 3251 3253 3255 3257 3258 3339 3340 3341 3342 3345 3424 3427 3428 3431 8184 8215 8241 8339 8341
moead,ns202,3,3,350,7,88606381.506193,1592435.843750,0.333333,0.666667,2687 2731 2817 2820 2822 2824 2867 2907 2909 2912 2990 2994 2996 3004 3049 3076 3080 3082 3084 3086 3087 3088 3090 3167 3171 3173 3174 3175 3176 3251 3253 3255 3257 3258 3260 3340 3341 3342 3345 3424 3427 3428 3431 8215 8241 8339 8341
moead,ns202,3,4,350,7,88350776.325328,1556637.298828,0.444444,0.555556,2687 2731 2817 2820 2822 2824 2867 2907 2909 2912 2990 2994 2996 3004 3049 3076 3080 3082 3084 3086 3087 3088 3090 3167 3171 3173 3174 3175 3176 3251 3253 3255 3257 3258 3260 3340 3341 3342 3345 3424 3427 3428 3431 3511 3597 8339 8341
moead,ns202,3,5,350,7,88099014.655728,1518854.865234,0.555556,0.444444,2726 2731 2817 2820 2822 2824 2867 2907 2909 2912 2990 2994 2996 3004 3076 3080 3082 3084 3086 3087 3088 3090 3167 3171 3173 3174 3175 3176 3251 3253 3255 3257 3258 3260 3261 3340 3341 3342 3345 3424 3427 3428 3431 3511 3513 8339 8341
moead,ns202,3,6,350,7,87979788.456664,1503747.787109,0.666667,0.333333,2726 2731 2820 2822 2823 2824 2867 2907 2909 2912 2990 2994 2996 3004 3076 3080 3082 3084 3086 3087 3088 3090 3167 3171 3173 3174 3175 3176 3251 3253 3255 3257 3258 3260 3261 3339 3340 3341 3342 3345 3424 3427 3428 3431 3511 3513 8339
moead,ns202,3,7,350,7,87852478.386700,1490429.693359,0.777778,0.222222,2726 2731 2817 2820 2822 2824 2867 2907 2909 2912 2990 2994 2996 3076 3080 3082 3084 3086 3087 3088 3090 3167 3171 3173 3174 3175 3176 3251 3252 3253 3255 3257 3258 3260 3261 3339 3340 3341 3342 3345 3424 3427 3428 3431 3511 3513 8339
moead,ns202,3,8,350,7,87782584.168417,1473199.857422,0.888889,0.111111,2726 2731 2817 2820 2822 2824 2867 2907 2909 2912 2913 2990 2994 2996 3080 3082 3084 3086 3087 3088 3090 3167 3171 3173 3174 3175 3176 3251 3252 3253 3255 3257 3258 3260 3261 3339 3340 3341 3342 3345 3424 3427 3428 3431 3511 3513 8339
moead,ns202,3,9,350,7,87782584.168417,1473199.857422,1.000000,0.000000,2726 2731 2817 2820 2822 2824 2867 2907 2909 2912 2913 2990 2994 2996 3080 3082 3084 3086 3087 3088 3090 3167 3171 3173 3174 3175 3176 3251 3252 3253 3255 3257 3258 3260 3261 3339 3340 3341 3342 3345 3424 3427 3428 3431 3511 3513 8339
moead,ns202,3,0,400,8,111252359.718213,2002237.761719,0.000000,1.000000,866 1002 1196 1383 1572 1614 1776 2177 2387 2508 2513 2648 2754 2801 2889 3159 3175 3263 3395 3502 3734 3891 4251 4708 4718 5430 5456 5650 5767 5783 5856 6256 6282 7369 7423 7645 7788 7922 7932 8192 8341 8349 8450 8486 8607 8671 8705
moead,ns202,3,1,400,8,90159382.270091,1701504.003906,0.111111,0.888889,2309 2726 2731 2820 2822 2824 2867 2907 2909 2912 2962 2964 2990 2994 2996 3004 3049 3076 3080 3082 3084 3086 3088 3090 3163 3167 3173 3174 3251 3253 3255 3257 3258 3341 3342 3424 3427 3428 3513 4998 5072 5208 8184 8215 8241 8339 8341
moead,ns202,3,2,400,8,89052781.131538,1628937.755859,0.222222,0.777778,2687 2726 2731 2820 2822 2824 2867 2907 2909 2912 2990 2994 2996 3004 3049 3076 3080 3082 3084 3086 3088 3090 3163 3167 3173 3174 3175 3176 3251 3253 3255 3257 3258 3339 3340 3341 3342 3345 3424 3427 3428 3431 8184 8215 8241 8339 8341
moead,ns202,3,3,400,8,88584288.960753,1591525.349609,0.333333,0.666667,2687 2731 2817 2820 2822 2824 2867 2907 2909 2912 2990 2994 2996 3004 3049 3076 3080 3082 3084 3086 3087 3088 3090 3167 3171 3173 3174 3175 3176 3251 3253 3255 3257 3258 3260 3339 3340 3341 3342 3345 3427 3428 3431 8215 8241 8339 8341
moead,ns202,3,4,400,8,88298769.647502,1543913.363281,0.444444,0.555556,2687 2731 2817 2820 2822 2824 2867 2907 2909 2912 2990 2994 2996 3004 3049 3076 3080 3082 3084 3086 3087 3088 3090 3167 3171 3173 3174 3175 3176 3251 3253 3255 3257 3258 3260 3261 3339 3340 3341 3345 3424 3427 3428 3431 3511 3597 8341
moead,ns202,3,5,400,8,88103124.765859,1521306.945312,0.555556,0.444444,2687 2731 2817 2820 2822 2824 2867 2907 2909 2912 2990 2994 2996 3004 3076 3080 3082 3084 3086 3087 3088 3090 3167 3171 3173 3174 3175 3176 3251 3253 3255 3257 3258 3260 3261 3339 3340 3341 3342 3345 3424 3427 3428 3431 3511 3597 8341
moead,ns202,3,6,400,8,87979788.456664,1503747.787109,0.666667,0.333333,2726 2731 2820 2822 2823 2824 2867 2907 2909 2912 2990 2994 2996 3004 3076 3080 3082 3084 3086 3087 3088 3090 3167 3171 3173 3174 3175 3176 3251 3253 3255 3257 3258 3260 3261 3339 3340 3341 3342 3345 3424 3427 3428 3431 3511 3513 8339
moead,ns202,3,7,400,8,87852478.386700,1490429.693359,0.777778,0.222222,2726 2731 2817 2820 2822 2824 2867 2907 2909 2912 2990 2994 2996 3076 3080 3082 3084 3086 3087 3088 3090 3167 3171 3173 3174 3175 3176 3251 3252 3253 3255 3257 3258 3260 3261 3339 3340 3341 3342 3345 3424 3427 3428 3431 3511 3513 8339
moead,ns202,3,8,400,8,87803135.768886,1479685.257812,0.888889,0.111111,2726 2731 2817 2820 2822 2824 2867 2907 2909 2912 2913 2990 2994 2996 3080 3082 3084 3086 3087 3088 3090 3167 3171 3173 3174 3175 3176 3251 3253 3255 3257 3258 3260 3261 3339 3340 3341 3345 3424 3426 3427 3428 3430 3431 3511 3513 8339
moead,ns202,3,9,400,8,87751171.561128,1475038.886719,1.000000,0.000000,2726 2731 2817 2820 2822 2824 2867 2907 2909 2912 2913 2990 2994 2996 3080 3082 3084 3086 3087 3088 3090 3167 3171 3173 3174 3175 3176 3251 3253 3255 3257 3258 3260 3261 3339 3340 3341 3342 3345 3424 3426 3427 3428 3431 3511 3513 8339
moead,ns202,3,0,450,9,111839950.237109,2003751.210938,0.000000,1.000000,866 1002 1196 1572 1614 2177 2375 2387 2508 2513 2648 2754 2801 2889 3159 3175 3263 3395 3502 3734 3891 4251 4708 4718 5430 5456 5767 5783 5856 6256 6282 6589 6679 6945 7369 7645 7788 7922 7932 8192 8341 8349 8450 8458 8486 8607 8671
moead,ns202,3,1,450,9,89932076.642744,1691911.234375,0.111111,0.888889,2687 2726 2731 2820 2822 2824 2867 2907 2909 2912 2962 2964 2981 2990 2994 2996 3004 3049 3076 3080 3082 3084 3086 3088 3090 3163 3167 3173 3251 3253 3255 3257 3258 3339 3340 3341 3345 3424 3427 3428 3431 4928 8184 8215 8241 8339 8341
moead,ns202,3,2,450,9,88947401.233532,1622637.417969,0.222222,0.777778,2687 2731 2774 2817 2820 2822 2824 2867 2907 2909 2912 2990 2994 2996 3004 3049 3076 3080 3082 3084 3086 3087 3088 3090 3167 3171 3173 3174 3175 3176 3251 3253 3255 3257 3260 3335 3339 3340 3341 3342 3427 3428 3431 8184 8215 8339 8341
moead,ns202,3,3,450,9,88463894.051134,1576967.123047,0.333333,0.666667,2687 2731 2817 2820 2822 2824 2867 2907 2909 2912 2990 2994 2996 3004 3049 3076 3080 3082 3084 3086 3087 3088 3090 3167 3171 3173 3174 3175 3176 3251 3253 3255 3257 3258 3260 3339 3340 3341 3342 3345 3424 3427 3428 3431 8241 8339 8341
moead,ns202,3,4,450,9,88154506.201536,1537971.746094,0.444444,0.555556,2687 2731 2817 2820 2822 2824 2867 2907 2909 2912 2990 2994 2996 3004 3076 3080 3082 3084 3086 3087 3088 3090 3167 3171 3173 3174 3175 3176 3251 3253 3255 3257 3258 3260 3261 3339 3340 3341 3342 3345 3424 3427 3428 3431 3511 8339 8341
moead,ns202,3,5,450,9,88004267.545669,1509884.201172,0.555556,0.444444,2726 2731 2817 2820 2822 2824 2867 2907 2909 2912 2990 2994 2996 3003 3076 3080 3082 3084 3086 3087 3088 3090 3167 3169 3171 3173 3174 3175 3176 3251 3253 3255 3257 3261 3339 3340 3341 3342 3345 3424 3426 3427 3428 3431 3511 3597 8341
moead,ns202,3,6,450,9,87798372.827061,1485822.005859,0.666667,0.333333,2726 2731 2817 2820 2822 2824 2867 2907 2909 2912 2913 2990 2994 2996 3002 3080 3082 3084 3085 3086 3087 3088 3090 3167 3169 3171 3173 3174 3175 3251 3253 3255 3257 3258 3260 3339 3340 3341 3342 3345 3427 3428 3431 3511 3513 8185 8339
moead,ns202,3,7,450,9,87726844.165662,1476853.818359,0.777778,0.222222,2726 2731 2817 2820 2822 2824 2867 2907 2909 2912 2913 2990 2994 2996 3002 3080 3082 3084 3086 3087 3088 3090 3167 3169 3171 3173 3174 3175 3251 3253 3255 3257 3258 3260 3261 3339 3340 3341 3342 3345 3424 3427 3428 3431 3511 3513 8339
moead,ns202,3,8,450,9,87713912.079823,1475800.898438,0.888889,0.111111,2726 2731 2817 2820 2822 2824 2867 2907 2909 2912 2913 2990 2994 2996 3080 3082 3084 3086 3087 3088 3090 3167 3169 3171 3173 3174 3175 3176 3251 3253 3255 3257 3258 3260 3261 3339 3340 3341 3342 3345 3424 3427 3428 3431 3511 3513 8339
moead,ns202,3,9,450,9,87713912.079823,1475800.898438,1.000000,0.000000,2726 2731 2817 2820 2822 2824 2867 2907 2909 2912 2913 2990 2994 2996 3080 3082 3084 3086 3087 3088 3090 3167 3169 3171 3173 3174 3175 3176 3251 3253 3255 3257 3258 3260 3261 3339 3340 3341 3342 3345 3424 3427 3428 3431 3511 3513 8339
moead,ns202,3,0,500,10,112423940.031575,2003751.210938,0.000000,1.000000,866 1002 1086 1196 1572 1614 2177 2375 2387 2513 2648 2754 2801 2889 3159 3175 3263 3395 3502 3734 3891 4251 4708 5430 5456 5767 5783 5856 6256 6282 6589 6679 6945 7369 7645 7788 7922 7932 8192 8238 8341 8349 8450 8458 8486 8607 8671
moead,ns202,3,1,500,10,90004153.554993,1695112.833984,0.111111,0.888889,2687 2726 2731 2820 2822 2824 2867 2907 2909 2912 2962 2964 2990 2994 2996 3004 3049 3076 3080 3082 3084 3086 3088 3090 3167 3173 3174 3251 3253 3255 3257 3258 3339 3340 3341 3345 3427 3428 3431 4928 5202 7165 8184 8215 8241 8339 8341
moead,ns202,3,2,500,10,88864429.398395,1619781.427734,0.222222,0.777778,2687 2778 2820 2822 2824 2867 2907 2909 2912 2990 2994 2996 2999 3004 3049 3076 3080 3082 3084 3086 3088 3090 3161 3167 3171 3173 3174 3175 3176 3251 3253 3255 3257 3258 3260 3339 3341 3342 3345 3424 3427 3428 3431 7259 8215 8339 8341
moead,ns202,3,3,500,10,88403092.827616,1562927.421875,0.333333,0.666667,2687 2726 2731 2820 2822 2824 2867 2907 2909 2912 2990 2994 2996 3004 3049 3076 3080 3082 3084 3086 3087 3088 3090 3167 3171 3173 3174 3175 3176 3251 3253 3255 3257 3258 3260 3261 3339 3340 3341 3345 3424 3427 3428 3431 3513 8339 8341
moead,ns202,3,4,500,10,88097245.124419,1531807.546875,0.444444,0.555556,2726 2731 2817 2820 2822 2824 2826 2867 2907 2909 2912 2990 2994 2996 3003 3076 3080 3082 3084 3086 3087 3088 3090 3165 3167 3169 3171 3173 3174 3175 3176 3251 3253 3255 3257 3260 3261 3339 3340 3341 3342 3345 3424 3427 3428 3511 8341
moead,ns202,3,5,500,10,87914996.764533,1508476.992188,0.555556,0.444444,2726 2731 2817 2820 2822 2824 2867 2907 2909 2912 2990 2994 2996 3003 3076 3080 3082 3084 3086 3087 3088 3090 3167 3169 3171 3173 3174 3175 3176 3251 3253 3255 3257 3261 3339 3340 3341 3342 3345 3424 3426 3427 3428 3431 3511 3513 8339
moead,ns202,3,6,500,10,87790488.011610,1486299.212891,0.666667,0.333333,2726 2731 2817 2820 2822 2824 2867 2907 2909 2912 2913 2990 2994 2996 3002 3080 3082 3084 3085 3086 3087 3088 3090 3167 3169 3171 3173 3174 3175 3251 3253 3255 3257 3258 3260 3339 3340 3341 3342 3345 3427 3428 3431 3511 3513 8339 8341
moead,ns202,3,7,500,10,87697901.012904,1478571.669922,0.777778,0.222222,2726 2731 2817 2820 2822 2824 2867 2907 2909 2912 2990 2994 2996 2997 3002 3080 3082 3084 3085 3086 3087 3088 3090 3167 3169 3171 3173 3174 3175 3251 3253 3255 3257 3258 3260 3339 3340 3341 3342 3345 3427 3428 3431 3511 3513 8216 8339
moead,ns202,3,8,500,10,87596839.250765,1466297.207031,0.888889,0.111111,2726 2731 2817 2820 2824 2867 2907 2909 2912 2990 2994 2996 2997 3002 3080 3082 3084 3085 3086 3087 3088 3090 3167 3169 3171 3173 3174 3175 3177 3251 3253 3255 3257 3258 3260 3339 3340 3341 3342 3345 3424 3427 3428 3431 3511 3513 8339
moead,ns202,3,9,500,10,87552790.949698,1455072.179688,1.000000,0.000000,2726 2731 2817 2820 2822 2824 2907 2909 2912 2990 2994 2996 2997 3002 3080 3082 3084 3085 3086 3087 3088 3090 3167 3169 3171 3173 3174 3175 3251 3253 3255 3257 3258 3260 3339 3340 3341 3342 3345 3421 3424 3427 3428 3431 3511 3513 8339
moead,ns202,3,0,550,11,112461358.047715,2003751.210938,0.000000,1.000000,866 1002 1086 1572 1614 2177 2375 2387 2513 2648 2682 2754 2801 2889 3159 3263 3395 3502 3734 4251 4659 4708 4770 5430 5456 5767 5783 5856 6256 6282 6589 6679 6945 7369 7645 7788 7922 7932 8192 8238 8341 8349 8458 8486 8518 8607 8671
moead,ns202,3,1,550,11,89889320.207348,1700409.773438,0.111111,0.888889,2687 2778 2817 2820 2822 2824 2827 2867 2907 2909 2912 2963 2990 2994 2996 3004 3049 3080 3082 3084 3086 3090 3163 3167 3173 3174 3176 3251 3253 3255 3257 3258 3339 3341 3342 3345 3422 3424 3427 3428 4996 5003 8184 8215 8241 8339 8341
moead,ns202,3,2,550,11,88749131.814036,1619130.117188,0.222222,0.777778,2683 2687 2778 2820 2822 2824 2867 2907 2909 2912 2990 2994 2996 2999 3004 3049 3076 3080 3082 3084 3086 3088 3090 3161 3167 3171 3173 3174 3175 3176 3251 3253 3255 3257 3258 3259 3260 3339 3341 3342 3345 3424 3427 3428 8215 8339 8341
moead,ns202,3,3,550,11,88304696.187960,1563639.335938,0.333333,0.666667,2687 2731 2817 2820 2822 2824 2867 2897 2907 2909 2912 2990 2994 2996 3004 3049 3076 3080 3082 3084 3086 3087 3088 3165 3167 3169 3171 3173 3174 3175 3176 3251 3253 3255 3257 3260 3261 3339 3340 3341 3342 3345 3424 3427 3428 3511 8339
moead,ns202,3,4,550,11,88016715.127863,1523789.027344,0.444444,0.555556,2726 2731 2817 2820 2822 2824 2826 2867 2907 2909 2912 2990 2994 2996 3003 3076 3080 3082 3084 3086 3088 3090 3165 3167 3169 3171 3173 3174 3175 3176 3253 3255 3257 3258 3260 3261 3339 3340 3341 3342 3345 3424 3427 3428 3431 3511 8339
moead,ns202,3,5,550,11,87824455.912374,1499885.113281,0.555556,0.444444,2726 2731 2817 2820 2822 2824 2867 2869 2907 2909 2912 2990 2994 2996 2997 3002 3080 3082 3084 3085 3086 3087 3088 3089 3090 3167 3169 3171 3173 3174 3175 3251 3253 3255 3257 3258 3260 3339 3340 3341 3342 3345 3427 3431 3511 8339 8341
moead,ns202,3,6,550,11,87655201.592922,1486977.210938,0.666667,0.333333,2726 2731 2817 2820 2822 2824 2867 2907 2909 2912 2990 2992 2994 2996 2997 2998 3002 3049 3080 3082 3084 3086 3087 3088 3090 3167 3169 3171 3172 3173 3174 3175 3251 3253 3255 3257 3258 3260 3339 3340 3341 3342 3345 3424 3427 3511 8339
moead,ns202,3,7,550,11,87588067.601282,1479559.171875,0.777778,0.222222,2726 2731 2817 2820 2822 2824 2867 2905 2907 2909 2912 2990 2992 2994 2996 2998 3002 3080 3082 3084 3086 3087 3088 3090 3167 3169 3171 3172 3173 3174 3175 3176 3251 3253 3255 3257 3258 3260 3339 3340 3341 3342 3345 3424 3427 3511 8339
moead,ns202,3,8,550,11,87495382.053665,1467597.623047,0.888889,0.111111,2726 2731 2817 2820 2822 2824 2867 2907 2909 2912 2990 2992 2994 2996 2997 2998 3002 3080 3082 3084 3086 3087 3088 3090 3167 3169 3171 3172 3173 3174 3175 3251 3253 3255 3257 3258 3260 3339 3340 3341 3342 3345 3424 3427 3428 3513 8339
moead,ns202,3,9,550,11,87438088.024087,1450276.603516,1.000000,0.000000,2726 2731 2817 2820 2822 2824 2867 2907 2909 2912 2990 2994 2996 2997 2998 3001 3002 3080 3082 3084 3086 3087 3088 3090 3167 3169 3171 3172 3173 3174 3175 3253 3255 3257 3258 3260 3339 3340 3341 3342 3345 3424 3427 3428 3511 3513 8339
moead,ns202,3,0,600,12,112864175.302310,2004198.359375,0.000000,1.000000,761 866 1002 1086 1572 1614 2177 2375 2387 2513 2648 2682 2754 2801 2889 3159 3263 3395 3502 3734 4251 4659 4708 4770 5430 5456 5767 5783 5856 6256 6282 6589 6679 6945 7369 7645 7922 7932 8238 8341 8349 8458 8486 8518 8568 8607 8671
moead,ns202,3,1,600,12,89808075.506227,1695625.394531,0.111111,0.888889,2687 2731 2774 2817 2820 2822 2824 2867 2907 2909 2912 2963 2990 2994 2996 3004 3049 3080 3082 3084 3086 3090 3163 3167 3173 3174 3176 3251 3253 3255 3257 3258 3339 3341 3342 3345 3422 3424 3427 3428 4996 5003 8184 8215 8241 8339 8341
moead,ns202,3,2,600,12,88676166.209675,1609021.666016,0.222222,0.777778,2683 2687 2778 2820 2822 2824 2867 2907 2909 2912 2990 2994 2996 2999 3004 3049 3076 3080 3082 3084 3086 3090 3161 3167 3171 3173 3174 3175 3176 3251 3253 3255 3257 3258 3259 3260 3337 3339 3341 3342 3345 3424 3427 3428 3511 8215 8339
moead,ns202,3,3,600,12,88183699.804515,1554682.839844,0.333333,0.666667,2687 2817 2820 2822 2824 2867 2907 2909 2912 2990 2994 2996 3004 3049 3076 3080 3082 3084 3086 3087 3090 3165 3167 3169 3171 3173 3174 3175 3176 3251 3253 3255 3257 3259 3260 3261 3263 3339 3340 3341 3342 3345 3424 3427 3428 3513 8339
moead,ns202,3,4,600,12,87880400.022874,1511188.621094,0.444444,0.555556,2731 2817 2820 2822 2824 2867 2869 2907 2909 2912 2990 2994 2996 2997 3002 3080 3082 3084 3085 3086 3087 3088 3089 3090 3093 3167 3169 3171 3173 3174 3175 3251 3253 3255 3257 3258 3339 3340 3341 3342 3345 3424 3427 3428 3511 8315 8339
moead,ns202,3,5,600,12,87631070.498578,1492473.656250,0.555556,0.444444,2726 2731 2820 2822 2824 2867 2905 2907 2909 2912 2990 2992 2994 2996 2997 2998 2999 3002 3049 3080 3082 3084 3086 3087 3088 3090 3167 3169 3171 3172 3173 3175 3251 3253 3255 3257 3258 3259 3260 3339 3341 3342 3345 3424 3427 3512 8339
moead,ns202,3,6,600,12,87544858.635382,1477145.070312,0.666667,0.333333,2726 2731 2817 2820 2822 2824 2867 2905 2907 2909 2912 2990 2992 2994 2996 2998 3002 3080 3082 3084 3086 3087 3088 3090 3167 3169 3171 3172 3173 3174 3175 3251 3253 3255 3257 3258 3260 3339 3340 3341 3342 3345 3424 3427 3428 3511 8339
moead,ns202,3,7,600,12,87404124.936991,1459887.312500,0.777778,0.222222,2726 2731 2817 2820 2822 2824 2867 2907 2909 2910 2912 2990 2994 2996 2997 2998 3001 3080 3082 3084 3086 3087 3088 3090 3167 3169 3171 3172 3173 3174 3175 3251 3253 3255 3257 3258 3260 3339 3340 3341 3342 3345 3424 3427 3428 3511 8339
moead,ns202,3,8,600,12,87340077.989037,1443167.414062,0.888889,0.111111,2726 2731 2817 2820 2822 2824 2867 2907 2909 2910 2912 2990 2994 2996 2997 2998 3001 3080 3082 3084 3086 3087 3088 3090 3167 3169 3171 3172 3173 3174 3175 3253 3255 3256 3257 3258 3260 3339 3340 3341 3342 3345 3424 3427 3511 3513 8339
moead,ns202,3,9,600,12,87294125.316312,1436591.197266,1.000000,0.000000,2726 2731 2817 2820 2822 2824 2867 2907 2909 2910 2912 2990 2994 2996 2997 2998 3001 3080 3082 3084 3086 3087 3088 3090 3167 3169 3171 3172 3173 3174 3175 3253 3255 3256 3257 3258 3260 3339 3340 3341 3342 3345 3427 3428 3511 3513 8339
moead,ns202,3,0,650,13,112864175.302310,2004198.359375,0.000000,1.000000,761 866 1002 1086 1572 1614 2177 2375 2387 2513 2648 2682 2754 2801 2889 3159 3263 3395 3502 3734 4251 4659 4708 4770 5430 5456 5767 5783 5856 6256 6282 6589 6679 6945 7369 7645 7922 7932 8238 8341 8349 8458 8486 8518 8568 8607 8671
moead,ns202,3,1,650,13,89671219.723495,1696630.548828,0.111111,0.888889,2683 2687 2778 2820 2822 2824 2867 2907 2909 2912 2914 2964 2990 2994 2996 3004 3049 3076 3080 3082 3084 3086 3161 3167 3171 3173 3174 3176 3251 3253 3255 3257 3258 3259 3260 3339 3341 3345 3424 3427 3428 5003 8184 8215 8241 8339 8341
moead,ns202,3,2,650,13,88611871.482849,1609911.763672,0.222222,0.777778,2683 2687 2817 2820 2822 2824 2867 2907 2909 2912 2990 2994 2996 2999 3004 3049 3076 3080 3082 3084 3086 3165 3167 3169 3171 3173 3174 3175 3176 3251 3253 3255 3257 3259 3260 3261 3263 3339 3341 3342 3345 3424 3427 3428 8215 8339 8341
moead,ns202,3,3,650,13,88154797.211558,1556078.287109,0.333333,0.666667,2687 2817 2820 2822 2824 2867 2907 2909 2912 2990 2994 2996 2999 3004 3049 3076 3080 3082 3084 3086 3087 3090 3165 3167 3169 3171 3173 3174 3175 3176 3251 3253 3255 3257 3259 3260 3261 3263 3339 3341 3342 3345 3424 3427 3428 3512 8339
moead,ns202,3,4,650,13,87800205.867617,1521749.449219,0.444444,0.555556,2731 2820 2822 2824 2867 2869 2905 2907 2909 2912 2990 2992 2994 2996 2997 2998 2999 3002 3049 3076 3080 3082 3084 3086 3087 3088 3090 3167 3169 3171 3172 3173 3175 3251 3253 3255 3257 3258 3259 3260 3341 3342 3345 3424 3427 3512 8339
moead,ns202,3,5,650,13,87631070.498578,1492473.656250,0.555556,0.444444,2726 2731 2820 2822 2824 2867 2905 2907 2909 2912 2990 2992 2994 2996 2997 2998 2999 3002 3049 3080 3082 3084 3086 3087 3088 3090 3167 3169 3171 3172 3173 3175 3251 3253 3255 3257 3258 3259 3260 3339 3341 3342 3345 3424 3427 3512 8339
moead,ns202,3,6,650,13,87530265.674631,1473271.247070,0.666667,0.333333,2726 2731 2817 2820 2822 2824 2867 2905 2907 2909 2912 2990 2992 2994 2996 2998 3002 3080 3082 3084 3086 3087 3088 3090 3167 3169 3171 3172 3173 3174 3175 3251 3253 3255 3257 3258 3260 3339 3340 3341 3342 3345 3427 3428 3511 3512 8339
moead,ns202,3,7,650,13,87416705.717213,1461456.847656,0.777778,0.222222,2726 2731 2817 2820 2822 2824 2867 2907 2909 2912 2990 2992 2994 2996 2997 2998 3002 3080 3082 3084 3086 3087 3088 3090 3167 3169 3171 3172 3173 3174 3175 3251 3253 3255 3257 3258 3259 3260 3339 3340 3341 3342 3345 3427 3428 3511 8339
moead,ns202,3,8,650,13,87315234.967540,1451743.216797,0.888889,0.111111,2731 2817 2820 2822 2824 2867 2907 2909 2910 2912 2990 2994 2996 2997 2998 3001 3078 3080 3082 3084 3086 3087 3088 3090 3167 3169 3171 3172 3173 3174 3175 3253 3255 3256 3257 3258 3260 3339 3340 3341 3342 3345 3424 3427 3428 3513 8339
moead,ns202,3,9,650,13,87294125.316312,1436591.197266,1.000000,0.000000,2726 2731 2817 2820 2822 2824 2867 2907 2909 2910 2912 2990 2994 2996 2997 2998 3001 3080 3082 3084 3086 3087 3088 3090 3167 3169 3171 3172 3173 3174 3175 3253 3255 3256 3257 3258 3260 3339 3340 3341 3342 3345 3427 3428 3511 3513 8339
moead,ns202,3,0,700,14,112511158.005326,2004603.707031,0.000000,1.000000,761 866 1002 1086 1572 1614 2177 2375 2387 2513 2648 2682 2686 2754 2801 2889 3159 3263 3395 3502 3734 4251 4659 4708 4770 5430 5456 5767 5783 5856 6256 6282 6589 6679 6945 7369 7922 7932 8238 8341 8349 8458 8486 8518 8568 8607 8671
moead,ns202,3,1,700,14,89663399.313840,1695974.816406,0.111111,0.888889,2683 2687 2778 2820 2822 2824 2867 2907 2909 2912 2914 2915 2964 2990 2994 2996 2999 3049 3076 3080 3082 3084 3086 3161 3167 3171 3173 3176 3251 3253 3255 3257 3258 3259 3260 3339 3341 3345 3424 3427 3428 8124 8184 8215 8241 8339 8341
moead,ns202,3,2,700,14,88556282.341047,1607385.724609,0.222222,0.777778,2683 2687 2817 2820 2822 2824 2867 2907 2909 2912 2990 2994 2996 3004 3049 3076 3080 3082 3084 3086 3087 3090 3165 3167 3169 3171 3173 3174 3175 3176 3251 3253 3255 3257 3259 3260 3261 3339 3341 3342 3345 3424 3427 3428 8265 8339 8341
moead,ns202,3,3,700,14,88077444.921253,1544823.431641,0.333333,0.666667,2687 2820 2822 2824 2867 2907 2909 2912 2959 2990 2994 2996 2997 2999 3049 3076 3080 3082 3084 3086 3087 3090 3165 3167 3169 3171 3173 3174 3175 3176 3251 3253 3255 3257 3258 3259 3260 3261 3263 3339 3341 3342 3345 3424 3427 3512 8339
moead,ns202,3,4,700,14,87800205.867617,1521749.449219,0.444444,0.555556,2731 2820 2822 2824 2867 2869 2905 2907 2909 2912 2990 2992 2994 2996 2997 2998 2999 3002 3049 3076 3080 3082 3084 3086 3087 3088 3090 3167 3169 3171 3172 3173 3175 3251 3253 3255 3257 3258 3259 3260 3341 3342 3345 3424 3427 3512 8339
moead,ns202,3,5,700,14,87602338.365816,1503514.644531,0.555556,0.444444,2820 2822 2824 2867 2869 2905 2907 2909 2912 2914 2990 2992 2994 2996 2997 2998 2999 3076 3080 3082 3084 3086 3087 3088 3090 3167 3169 3171 3172 3173 3174 3175 3251 3253 3255 3257 3258 3259 3260 3339 3341 3342 3345 3424 3427 3512 8339
moead,ns202,3,6,700,14,87422391.051882,1468339.328125,0.666667,0.333333,2731 2817 2820 2822 2824 2867 2905 2907 2909 2912 2990 2992 2994 2996 2997 2998 3002 3080 3082 3084 3086 3087 3088 3090 3167 3169 3171 3172 3173 3174 3175 3251 3253 3255 3257 3258 3259 3260 3339 3340 3341 3342 3345 3424 3427 3512 8339
moead,ns202,3,7,700,14,87347598.637950,1458474.095703,0.777778,0.222222,2731 2817 2820 2822 2824 2867 2907 2909 2910 2912 2994 2996 2997 2998 3001 3002 3078 3080 3082 3084 3086 3087 3088 3090 3167 3169 3171 3172 3173 3174 3175 3251 3253 3255 3257 3258 3259 3260 3339 3340 3341 3342 3345 3424 3427 3512 8339
moead,ns202,3,8,700,14,87236766.996381,1434483.310547,0.888889,0.111111,2726 2731 2817 2820 2822 2824 2907 2909 2910 2912 2990 2994 2996 2997 2998 3001 3078 3080 3082 3084 3086 3087 3088 3090 3167 3169 3171 3172 3173 3174 3175 3253 3255 3256 3257 3258 3260 3339 3340 3341 3342 3345 3424 3427 3428 3513 8339
moead,ns202,3,9,700,14,87192598.233172,1433462.843750,1.000000,0.000000,2726 2731 2817 2820 2822 2824 2907 2909 2910 2912 2994 2996 2997 2998 3001 3078 3080 3082 3084 3086 3087 3088 3090 3165 3167 3169 3171 3172 3173 3174 3175 3253 3255 3256 3257 3258 3260 3339 3340 3341 3342 3345 3424 3427 3428 3511 8339
moead,ns202,3,0,750,15,112408044.735460,2004603.707031,0.000000,1.000000,761 866 1002 1086 1281 1572 1614 2375 2387 2513 2648 2682 2686 2754 2801 2889 3159 3263 3395 3502 3512 3734 4251 4659 4708 4770 5430 5456 5783 5856 6256 6282 6589 6679 6787 6945 7369 7922 7932 8238 8341 8349 8458 8486 8518 8607 8671
moead,ns202,3,1,750,15,89512642.691874,1691017.279297,0.111111,0.888889,2687 2731 2774 2817 2820 2824 2827 2867 2907 2909 2912 2963 2990 2994 2996 3004 3049 3076 3080 3082 3084 3086 3090 3161 3167 3171 3173 3175 3176 3251 3253 3255 3257 3258 3259 3260 3339 3341 3345 3424 3427 3428 8184 8215 8241 8339 8341
moead,ns202,3,2,750,15,88482250.652119,1587419.457031,0.222222,0.777778,2687 2731 2774 2817 2820 2824 2867 2907 2909 2912 2990 2994 2996 3004 3078 3080 3082 3084 3086 3088 3090 3161 3163 3167 3171 3173 3174 3175 3176 3251 3253 3255 3257 3258 3259 3260 3261 3339 3341 3342 3345 3424 3427 3428 3512 8339 8341
moead,ns202,3,3,750,15,87962917.441150,1534680.595703,0.333333,0.666667,2683 2687 2817 2820 2822 2824 2867 2907 2909 2990 2992 2994 2996 2997 2998 2999 3004 3049 3076 3080 3082 3084 3086 3087 3088 3090 3167 3169 3171 3172 3173 3175 3251 3253 3255 3257 3258 3259 3260 3340 3341 3342 3345 3424 3427 3512 8339
moead,ns202,3,4,750,15,87653274.918630,1508801.486328,0.444444,0.555556,2731 2822 2824 2867 2869 2905 2907 2909 2912 2914 2990 2992 2994 2996 2997 2998 2999 3076 3080 3082 3084 3086 3087 3088 3090 3167 3169 3171 3172 3173 3174 3175 3251 3253 3255 3257 3258 3259 3260 3339 3341 3342 3345 3424 3427 3512 8339
moead,ns202,3,5,750,15,87449768.195536,1477694.134766,0.555556,0.444444,2820 2822 2824 2867 2869 2905 2907 2912 2914 2990 2992 2994 2996 2997 2998 2999 3076 3080 3082 3083 3084 3086 3087 3088 3090 3167 3169 3171 3172 3173 3174 3175 3251 3253 3255 3257 3258 3259 3260 3339 3340 3341 3342 3345 3424 3427 3512
moead,ns202,3,6,750,15,87226612.743487,1433982.705078,0.666667,0.333333,2724 2731 2817 2820 2822 2824 2867 2907 2909 2910 2912 2994 2996 2997 2998 3001 3078 3080 3082 3084 3086 3087 3088 3165 3167 3169 3171 3172 3173 3174 3175 3253 3255 3256 3257 3258 3259 3260 3339 3340 3342 3345 3424 3427 3428 3510 3512
moead,ns202,3,7,750,15,87173943.339704,1432327.902344,0.777778,0.222222,2724 2731 2817 2820 2822 2824 2867 2907 2909 2910 2912 2994 2996 2997 2998 3001 3078 3080 3082 3084 3086 3087 3088 3165 3167 3169 3171 3172 3173 3174 3175 3253 3255 3256 3257 3258 3259 3260 3339 3340 3341 3342 3345 3424 3427 3428 3512
moead,ns202,3,8,750,15,87043353.991788,1413127.076172,0.888889,0.111111,2726 2731 2817 2820 2822 2824 2907 2909 2910 2912 2994 2996 2997 2998 3001 3078 3080 3082 3084 3086 3087 3088 3090 3165 3167 3169 3171 3172 3173 3174 3175 3253 3255 3256 3257 3258 3259 3260 3339 3340 3341 3342 3345 3424 3427 3428 3512
moead,ns202,3,9,750,15,87043353.991788,1413127.076172,1.000000,0.000000,2726 2731 2817 2820 2822 2824 2907 2909 2910 2912 2994 2996 2997 2998 3001 3078 3080 3082 3084 3086 3087 3088 3090 3165 3167 3169 3171 3172 3173 3174 3175 3253 3255 3256 3257 3258 3259 3260 3339 3340 3341 3342 3345 3424 3427 3428 3512
moead,ns202,3,0,800,16,112620741.874098,2005085.570312,0.000000,1.000000,761 866 1002 1086 1281 1572 1614 1862 2147 2375 2387 2513 2648 2686 2754 2801 2889 3159 3263 3395 3502 3512 3734 4251 4659 4708 4770 5430 5456 5783 5856 6256 6282 6589 6679 6787 6945 7369 7922 8238 8341 8349 8458 8486 8518 8607 8671
moead,ns202,3,1,800,16,89512642.691874,1691017.279297,0.111111,0.888889,2687 2731 2774 2817 2820 2824 2827 2867 2907 2909 2912 2963 2990 2994 2996 3004 3049 3076 3080 3082 3084 3086 3090 3161 3167 3171 3173 3175 3176 3251 3253 3255 3257 3258 3259 3260 3339 3341 3345 3424 3427 3428 8184 8215 8241 8339 8341
moead,ns202,3,2,800,16,88384932.834802,1586611.677734,0.222222,0.777778,2683 2687 2817 2820 2822 2824 2867 2907 2909 2912 2990 2994 2996 2999 3004 3049 3076 3080 3082 3084 3086 3087 3090 3165 3167 3169 3171 3173 3174 3175 3176 3251 3253 3255 3257 3259 3260 3261 3339 3341 3342 3345 3424 3427 3428 8339 8341
moead,ns202,3,3,800,16,87852389.097291,1533385.078125,0.333333,0.666667,2731 2822 2824 2867 2869 2905 2907 2909 2912 2914 2990 2992 2994 2996 2997 2998 2999 3049 3076 3078 3080 3082 3084 3086 3087 3088 3167 3169 3171 3172 3173 3175 3251 3253 3255 3257 3258 3259 3260 3339 3341 3342 3345 3424 3427 3512 8339
moead,ns202,3,4,800,16,87578229.434687,1499485.750000,0.444444,0.555556,2820 2822 2824 2867 2869 2905 2907 2912 2914 2990 2992 2994 2996 2997 2998 2999 3076 3080 3082 3083 3084 3086 3087 3088 3090 3167 3169 3171 3172 3173 3174 3175 3251 3253 3255 3257 3258 3259 3260 3339 3341 3342 3345 3424 3427 3512 8339
moead,ns202,3,5,800,16,87340034.056896,1469613.337891,0.555556,0.444444,2820 2822 2824 2867 2869 2905 2907 2909 2910 2912 2994 2996 2997 2998 3001 3076 3078 3080 3082 3084 3086 3087 3088 3090 3165 3167 3169 3171 3172 3173 3174 3175 3253 3255 3256 3257 3258 3259 3260 3339 3340 3341 3345 3424 3427 3428 3512
moead,ns202,3,6,800,16,87216681.556045,1440580.193359,0.666667,0.333333,2731 2820 2822 2824 2867 2907 2909 2910 2912 2994 2996 2997 2998 3000 3001 3078 3080 3082 3084 3086 3087 3088 3090 3091 3165 3167 3169 3171 3172 3173 3174 3175 3253 3255 3256 3257 3258 3259 3260 3339 3340 3341 3345 3424 3427 3428 3512
moead,ns202,3,7,800,16,87045147.817355,1413823.955078,0.777778,0.222222,2726 2731 2817 2820 2822 2824 2907 2909 2910 2912 2994 2996 2997 2998 3001 3078 3080 3082 3084 3086 3087 3088 3090 3167 3169 3171 3172 3173 3174 3175 3251 3253 3255 3256 3257 3258 3259 3260 3339 3340 3341 3342 3345 3424 3427 3428 3512
moead,ns202,3,8,800,16,86942084.841501,1393161.920898,0.888889,0.111111,2726 2731 2817 2820 2822 2824 2907 2909 2910 2912 2994 2996 2997 2998 3001 3078 3080 3082 3083 3084 3086 3087 3088 3090 3167 3169 3171 3172 3173 3174 3175 3253 3255 3256 3257 3258 3259 3260 3339 3340 3341 3342 3345 3424 3427 3428 3512
moead,ns202,3,9,800,16,86942084.841501,1393161.920898,1.000000,0.000000,2726 2731 2817 2820 2822 2824 2907 2909 2910 2912 2994 2996 2997 2998 3001 3078 3080 3082 3083 3084 3086 3087 3088 3090 3167 3169 3171 3172 3173 3174 3175 3253 3255 3256 3257 3258 3259 3260 3339 3340 3341 3342 3345 3424 3427 3428 3512
moead,ns202,3,0,850,17,111870093.539911,2005085.570312,0.000000,1.000000,761 866 1086 1281 1572 1614 1862 2147 2375 2387 2513 2648 2686 2754 2801 2889 3159 3263 3341 3395 3502 3512 3734 4251 4659 4708 4770 5456 5783 5856 6256 6282 6589 6679 6787 6945 7369 7922 8238 8341 8349 8458 8486 8518 8607 8671 8725
moead,ns202,3,1,850,17,89366470.783157,1682224.388672,0.111111,0.888889,2683 2687 2778 2820 2822 2824 2827 2867 2907 2909 2912 2963 2990 2994 2996 3004 3049 3076 3080 3082 3084 3086 3090 3161 3167 3169 3171 3173 3175 3176 3251 3253 3255 3257 3258 3259 3260 3339 3341 3345 3424 3427 3428 8215 8241 8339 8341
moead,ns202,3,2,850,17,88365623.294307,1586211.363281,0.222222,0.777778,2683 2687 2817 2820 2822 2824 2867 2907 2909 2912 2990 2994 2996 2999 3004 3049 3076 3080 3082 3084 3086 3087 3090 3165 3167 3169 3171 3173 3175 3176 3251 3253 3255 3257 3258 3259 3260 3339 3341 3342 3345 3424 3427 3428 3512 8339 8341
moead,ns202,3,3,850,17,87795409.881780,1530006.037109,0.333333,0.666667,2820 2822 2824 2867 2869 2905 2907 2909 2912 2914 2994 2996 2997 2998 3001 3076 3078 3080 3082 3084 3086 3087 3088 3090 3165 3167 3169 3171 3172 3173 3174 3175 3251 3253 3255 3257 3258 3259 3260 3339 3341 3342 3345 3424 3427 8339 8341
moead,ns202,3,4,850,17,87493526.186897,1492298.595703,0.444444,0.555556,2820 2822 2824 2867 2869 2905 2907 2909 2912 2914 2994 2996 2997 2998 3001 3076 3078 3080 3082 3084 3086 3087 3088 3090 3165 3167 3169 3171 3172 3173 3174 3175 3253 3255 3256 3257 3258 3259 3260 3339 3340 3341 3342 3345 3427 3512 8339
moead,ns202,3,5,850,17,87302377.269682,1454342.357422,0.555556,0.444444,2731 2817 2820 2822 2824 2867 2907 2909 2912 2994 2996 2997 2998 3001 3076 3078 3080 3082 3084 3086 3087 3088 3090 3165 3167 3169 3171 3172 3173 3174 3175 3253 3255 3256 3257 3258 3259 3260 3339 3340 3341 3345 3346 3424 3427 3428 3512
moead,ns202,3,6,850,17,87123615.788513,1431055.824219,0.666667,0.333333,2731 2817 2820 2822 2824 2867 2907 2909 2910 2912 2994 2996 2997 2998 3001 3078 3080 3082 3084 3086 3087 3088 3090 3167 3169 3171 3172 3173 3174 3175 3251 3253 3255 3256 3257 3258 3259 3260 3339 3340 3341 3342 3345 3424 3427 3428 3512
moead,ns202,3,7,850,17,86994102.197502,1400007.697266,0.777778,0.222222,2726 2731 2817 2820 2822 2824 2907 2909 2910 2911 2912 2994 2996 2998 2999 3001 3080 3082 3084 3086 3087 3088 3090 3167 3169 3171 3172 3173 3174 3175 3251 3253 3255 3256 3257 3258 3259 3260 3339 3340 3341 3342 3345 3424 3427 3428 3512
moead,ns202,3,8,850,17,86904131.197299,1385368.734375,0.888889,0.111111,2726 2731 2820 2822 2824 2907 2909 2910 2912 2994 2995 2996 2997 2998 2999 3001 3080 3082 3084 3086 3087 3088 3090 3167 3169 3171 3172 3173 3174 3175 3251 3253 3255 3256 3257 3258 3259 3260 3339 3340 3341 3342 3345 3424 3427 3428 3512
moead,ns202,3,9,850,17,86863137.270386,1383181.667969,1.000000,0.000000,2731 2817 2820 2822 2824 2907 2909 2910 2912 2994 2995 2996 2997 2998 2999 3001 3080 3082 3084 3086 3087 3088 3090 3167 3169 3171 3172 3173 3174 3175 3251 3253 3255 3256 3257 3258 3259 3260 3339 3340 3341 3342 3345 3424 3427 3428 3512
moead,ns202,3,0,900,18,111849157.969234,2005085.570312,0.000000,1.000000,761 866 1086 1281 1572 1614 1862 2147 2375 2387 2513 2648 2686 2754 2801 2889 3159 3263 3341 3395 3502 3512 3734 4251 4659 4708 4770 5456 5783 5856 6190 6256 6282 6589 6679 6787 6945 7922 8238 8341 8349 8458 8486 8518 8607 8671 8725
moead,ns202,3,1,900,18,89366470.783157,1682224.388672,0.111111,0.888889,2683 2687 2778 2820 2822 2824 2827 2867 2907 2909 2912 2963 2990 2994 2996 3004 3049 3076 3080 3082 3084 3086 3090 3161 3167 3169 3171 3173 3175 3176 3251 3253 3255 3257 3258 3259 3260 3339 3341 3345 3424 3427 3428 8215 8241 8339 8341
moead,ns202,3,2,900,18,88275004.617688,1578817.765625,0.222222,0.777778,2683 2687 2817 2820 2822 2824 2867 2907 2909 2912 2990 2994 2996 2998 2999 3004 3049 3076 3080 3082 3084 3086 3087 3088 3090 3167 3169 3171 3172 3173 3175 3251 3253 3255 3257 3258 3259 3260 3339 3341 3342 3345 3427 3428 8215 8339 8341
moead,ns202,3,3,900,18,87697936.859050,1515681.009766,0.333333,0.666667,2820 2822 2824 2867 2869 2905 2907 2909 2912 2914 2990 2992 2994 2996 2997 2998 2999 3076 3080 3082 3084 3086 3087 3088 3090 3167 3169 3171 3172 3173 3175 3251 3253 3255 3257 3258 3259 3260 3337 3339 3341 3342 3345 3424 3427 3512 8339
moead,ns202,3,4,900,18,87410319.482180,1479557.859375,0.444444,0.555556,2820 2822 2824 2867 2869 2905 2907 2909 2912 2914 2994 2996 2997 2998 3001 3076 3078 3080 3082 3084 3086 3087 3088 3090 3165 3167 3169 3171 3172 3173 3174 3175 3253 3255 3256 3257 3258 3259 3260 3339 3340 3341 3342 3345 3424 3428 3512
moead,ns202,3,5,900,18,87190450.833483,1441630.935547,0.555556,0.444444,2731 2817 2820 2822 2824 2867 2907 2909 2910 2912 2994 2996 2997 2998 3001 3078 3080 3082 3084 3086 3087 3088 3090 3165 3167 3169 3171 3172 3173 3174 3175 3251 3253 3255 3256 3257 3258 3259 3260 3339 3340 3341 3342 3345 3424 3428 3512
moead,ns202,3,6,900,18,87051824.237445,1417986.636719,0.666667,0.333333,2731 2817 2820 2822 2824 2867 2907 2909 2910 2912 2992 2994 2996 2997 2998 2999 3001 3080 3082 3084 3086 3087 3088 3090 3167 3169 3171 3172 3173 3174 3175 3251 3253 3255 3256 3257 3258 3259 3260 3340 3341 3342 3345 3424 3427 3428 3512
moead,ns202,3,7,900,18,86897791.388986,1393719.918945,0.777778,0.222222,2726 2731 2817 2820 2822 2824 2907 2909 2910 2912 2992 2994 2996 2997 2998 2999 3080 3082 3084 3086 3087 3088 3090 3167 3169 3170 3171 3172 3173 3174 3175 3251 3253 3255 3256 3257 3258 3259 3260 3339 3340 3341 3342 3345 3424 3427 3428
moead,ns202,3,8,900,18,86789812.047198,1377087.741211,0.888889,0.111111,2731 2817 2820 2822 2824 2907 2909 2910 2912 2994 2995 2996 2997 2998 2999 3001 3080 3082 3084 3086 3087 3088 3090 3167 3169 3170 3171 3172 3173 3174 3175 3251 3253 3255 3256 3257 3258 3259 3260 3339 3340 3341 3342 3345 3424 3427 3428
moead,ns202,3,9,900,18,86789812.047198,1377087.741211,1.000000,0.000000,2731 2817 2820 2822 2824 2907 2909 2910 2912 2994 2995 2996 2997 2998 2999 3001 3080 3082 3084 3086 3087 3088 3090 3167 3169 3170 3171 3172 3173 3174 3175 3251 3253 3255 3256 3257 3258 3259 3260 3339 3340 3341 3342 3345 3424 3427 3428
moead,ns202,3,0,950,19,111172814.957346,2005085.570312,0.000000,1.000000,761 866 1086 1281 1572 1614 1862 2147 2331 2375 2387 2648 2686 2754 2801 2889 3159 3263 3341 3395 3502 3512 3588 3734 4251 4659 4708 4770 5783 5856 6190 6256 6282 6589 6679 6787 6945 7922 8238 8341 8349 8458 8486 8518 8607 8671 8725
moead,ns202,3,1,950,19,89366470.783157,1682224.388672,0.111111,0.888889,2683 2687 2778 2820 2822 2824 2827 2867 2907 2909 2912 2963 2990 2994 2996 3004 3049 3076 3080 3082 3084 3086 3090 3161 3167 3169 3171 3173 3175 3176 3251 3253 3255 3257 3258 3259 3260 3339 3341 3345 3424 3427 3428 8215 8241 8339 8341
moead,ns202,3,2,950,19,88263776.913783,1575520.476562,0.222222,0.777778,2683 2687 2820 2822 2824 2867 2905 2907 2909 2912 2990 2994 2996 2999 3004 3049 3076 3080 3082 3084 3086 3087 3090 3165 3167 3169 3171 3173 3175 3176 3251 3253 3255 3257 3258 3259 3260 3337 3339 3341 3342 3345 3424 3427 3428 3512 8339
moead,ns202,3,3,950,19,87717513.699891,1519633.810547,0.333333,0.666667,2731 2822 2824 2867 2869 2905 2907 2909 2912 2914 2990 2992 2994 2996 2997 2998 2999 3076 3080 3082 3084 3086 3087 3088 3090 3167 3169 3171 3172 3173 3175 3251 3253 3255 3257 3258 3259 3260 3337 3339 3341 3342 3345 3424 3427 3428 8339
moead,ns202,3,4,950,19,87368651.320382,1479780.013672,0.444444,0.555556,2820 2822 2824 2867 2869 2905 2907 2909 2910 2912 2994 2996 2997 2998 3001 3076 3078 3080 3082 3084 3086 3087 3088 3090 3165 3167 3169 3171 3172 3173 3174 3175 3253 3255 3256 3257 3258 3259 3260 3339 3340 3341 3342 3345 3427 3428 8339
moead,ns202,3,5,950,19,87190450.833483,1441630.935547,0.555556,0.444444,2731 2817 2820 2822 2824 2867 2907 2909 2910 2912 2994 2996 2997 2998 3001 3078 3080 3082 3084 3086 3087 3088 3090 3165 3167 3169 3171 3172 3173 3174 3175 3251 3253 3255 3256 3257 3258 3259 3260 3339 3340 3341 3342 3345 3424 3428 3512
moead,ns202,3,6,950,19,87022840.425545,1418295.959961,0.666667,0.333333,2731 2817 2820 2822 2824 2867 2905 2907 2909 2910 2912 2992 2994 2996 2997 2998 3080 3082 3084 3086 3087 3088 3090 3167 3169 3170 3171 3172 3173 3174 3175 3251 3253 3255 3256 3257 3258 3259 3260 3339 3340 3341 3342 3345 3424 3427 3428
moead,ns202,3,7,950,19,86922372.906764,1394373.387695,0.777778,0.222222,2726 2731 2817 2820 2822 2824 2907 2909 2910 2992 2994 2996 2997 2998 2999 3002 3080 3082 3084 3086 3087 3088 3090 3167 3169 3170 3171 3172 3173 3174 3175 3251 3253 3255 3256 3257 3258 3259 3260 3339 3340 3341 3342 3345 3424 3427 3428
moead,ns202,3,8,950,19,86836599.467428,1379431.646484,0.888889,0.111111,2729 2731 2817 2820 2822 2824 2907 2909 2910 2912 2994 2995 2996 2997 2998 2999 3001 3080 3082 3084 3086 3087 3090 3167 3169 3170 3171 3172 3173 3174 3175 3251 3253 3255 3256 3257 3258 3259 3260 3339 3340 3341 3342 3345 3424 3427 3428
moead,ns202,3,9,950,19,86789812.047198,1377087.741211,1.000000,0.000000,2731 2817 2820 2822 2824 2907 2909 2910 2912 2994 2995 2996 2997 2998 2999 3001 3080 3082 3084 3086 3087 3088 3090 3167 3169 3170 3171 3172 3173 3174 3175 3251 3253 3255 3256 3257 3258 3259 3260 3339 3340 3341 3342 3345 3424 3427 3428
moead,ns202,3,0,1000,20,110962638.144992,2005085.570312,0.000000,1.000000,761 866 1086 1281 1572 1614 1862 2147 2232 2331 2375 2387 2648 2686 2754 2801 2889 3159 3263 3341 3395 3502 3512 3588 3734 4251 4659 4708 5192 5783 5856 6190 6256 6282 6589 6679 6945 7922 8238 8341 8349 8458 8486 8518 8607 8671 8725
moead,ns202,3,1,1000,20,89360606.850323,1681510.001953,0.111111,0.888889,2683 2778 2820 2822 2824 2827 2867 2905 2907 2909 2912 2963 2990 2994 2996 3004 3049 3076 3080 3082 3086 3088 3090 3161 3167 3169 3171 3173 3175 3176 3251 3253 3255 3257 3259 3260 3261 3339 3341 3345 3424 3427 3428 8215 8241 8339 8341
moead,ns202,3,2,1000,20,88263776.913783,1575520.476562,0.222222,0.777778,2683 2687 2820 2822 2824 2867 2905 2907 2909 2912 2990 2994 2996 2999 3004 3049 3076 3080 3082 3084 3086 3087 3090 3165 3167 3169 3171 3173 3175 3176 3251 3253 3255 3257 3258 3259 3260 3337 3339 3341 3342 3345 3424 3427 3428 3512 8339
moead,ns202,3,3,1000,20,87717513.699891,1519633.810547,0.333333,0.666667,2731 2822 2824 2867 2869 2905 2907 2909 2912 2914 2990 2992 2994 2996 2997 2998 2999 3076 3080 3082 3084 3086 3087 3088 3090 3167 3169 3171 3172 3173 3175 3251 3253 3255 3257 3258 3259 3260 3337 3339 3341 3342 3345 3424 3427 3428 8339
moead,ns202,3,4,1000,20,87368651.320382,1479780.013672,0.444444,0.555556,2820 2822 2824 2867 2869 2905 2907 2909 2910 2912 2994 2996 2997 2998 3001 3076 3078 3080 3082 3084 3086 3087 3088 3090 3165 3167 3169 3171 3172 3173 3174 3175 3253 3255 3256 3257 3258 3259 3260 3339 3340 3341 3342 3345 3427 3428 8339
moead,ns202,3,5,1000,20,87207471.602133,1452401.917969,0.555556,0.444444,2820 2822 2824 2867 2869 2905 2907 2909 2910 2912 2992 2994 2996 2997 2998 2999 3001 3080 3082 3084 3086 3087 3088 3090 3165 3167 3169 3171 3172 3173 3174 3175 3251 3253 3255 3256 3257 3258 3259 3339 3340 3341 3342 3345 3424 3428 3512
moead,ns202,3,6,1000,20,87056916.466933,1427004.201172,0.666667,0.333333,2820 2822 2824 2867 2869 2905 2907 2909 2910 2912 2992 2994 2996 2997 2998 2999 3001 3080 3082 3084 3086 3087 3088 3090 3169 3170 3171 3172 3173 3174 3175 3251 3253 3255 3256 3257 3258 3259 3260 3339 3340 3341 3342 3345 3424 3427 3428
moead,ns202,3,7,1000,20,86922372.906764,1394373.387695,0.777778,0.222222,2726 2731 2817 2820 2822 2824 2907 2909 2910 2992 2994 2996 2997 2998 2999 3002 3080 3082 3084 3086 3087 3088 3090 3167 3169 3170 3171 3172 3173 3174 3175 3251 3253 3255 3256 3257 3258 3259 3260 3339 3340 3341 3342 3345 3424 3427 3428
moead,ns202,3,8,1000,20,86836599.467428,1379431.646484,0.888889,0.111111,2729 2731 2817 2820 2822 2824 2907 2909 2910 2912 2994 2995 2996 2997 2998 2999 3001 3080 3082 3084 3086 3087 3090 3167 3169 3170 3171 3172 3173 3174 3175 3251 3253 3255 3256 3257 3258 3259 3260 3339 3340 3341 3342 3345 3424 3427 3428
moead,ns202,3,9,1000,20,86767126.359145,1370379.829102,1.000000,0.000000,2731 2817 2820 2822 2824 2907 2909 2910 2912 2994 2995 2996 2997 2998 2999 3001 3080 3082 3084 3086 3087 3088 3090 3167 3169 3170 3171 3172 3173 3174 3175 3251 3254 3255 3256 3257 3258 3259 3260 3339 3340 3341 3342 3345 3424 3427 3428
moead,ns202,3,0,1050,21,110962638.144992,2005085.570312,0.000000,1.000000,761 866 1086 1281 1572 1614 1862 2147 2232 2331 2375 2387 2648 2686 2754 2801 2889 3159 3263 3341 3395 3502 3512 3588 3734 4251 4659 4708 5192 5783 5856 6190 6256 6282 6589 6679 6945 7922 8238 8341 8349 8458 8486 8518 8607 8671 8725
moead,ns202,3,1,1050,21,89360606.850323,1681510.001953,0.111111,0.888889,2683 2778 2820 2822 2824 2827 2867 2905 2907 2909 2912 2963 2990 2994 2996 3004 3049 3076 3080 3082 3086 3088 3090 3161 3167 3169 3171 3173 3175 3176 3251 3253 3255 3257 3259 3260 3261 3339 3341 3345 3424 3427 3428 8215 8241 8339 8341
moead,ns202,3,2,1050,21,88256745.387901,1576395.369141,0.222222,0.777778,2683 2687 2817 2820 2822 2824 2867 2907 2909 2912 2990 2994 2996 2998 2999 3004 3076 3080 3082 3084 3086 3088 3090 3161 3167 3169 3171 3173 3175 3176 3251 3253 3255 3257 3259 3260 3261 3337 3339 3341 3342 3345 3424 3427 3428 3512 8339
moead,ns202,3,3,1050,21,87699891.159308,1520111.173828,0.333333,0.666667,2820 2822 2824 2867 2869 2905 2907 2909 2912 2914 2994 2996 2997 2998 3001 3076 3078 3080 3082 3084 3086 3087 3088 3090 3165 3167 3169 3171 3173 3174 3175 3176 3251 3253 3255 3257 3258 3259 3260 3339 3341 3342 3345 3424 3427 3428 8339
moead,ns202,3,4,1050,21,87375999.869798,1481125.857422,0.444444,0.555556,2820 2822 2824 2867 2869 2905 2907 2909 2910 2912 2994 2996 2997 2998 3001 3076 3078 3080 3082 3084 3086 3087 3088 3090 3165 3167 3169 3171 3172 3173 3174 3175 3253 3255 3256 3257 3258 3259 3260 3339 3340 3341 3342 3426 3427 3428 8339
moead,ns202,3,5,1050,21,87188599.200130,1452262.931641,0.555556,0.444444,2820 2822 2824 2867 2869 2905 2907 2909 2910 2912 2992 2994 2996 2997 2998 2999 3001 3078 3080 3082 3084 3086 3087 3088 3165 3167 3169 3171 3172 3173 3174 3175 3251 3253 3255 3256 3257 3258 3259 3339 3340 3341 3342 3345 3424 3427 3428
moead,ns202,3,6,1050,21,87022840.425545,1418295.959961,0.666667,0.333333,2731 2817 2820 2822 2824 2867 2905 2907 2909 2910 2912 2992 2994 2996 2997 2998 3080 3082 3084 3086 3087 3088 3090 3167 3169 3170 3171 3172 3173 3174 3175 3251 3253 3255 3256 3257 3258 3259 3260 3339 3340 3341 3342 3345 3424 3427 3428
moead,ns202,3,7,1050,21,86925587.251722,1397317.584961,0.777778,0.222222,2726 2731 2817 2820 2822 2824 2907 2909 2910 2912 2992 2994 2996 2997 2998 2999 3080 3082 3084 3086 3088 3090 3167 3169 3170 3171 3172 3173 3174 3175 3251 3253 3255 3256 3257 3258 3259 3260 3339 3340 3341 3342 3345 3424 3426 3427 3428
moead,ns202,3,8,1050,21,86826784.419385,1378899.742188,0.888889,0.111111,2731 2817 2820 2822 2824 2909 2910 2912 2994 2995 2996 2997 2998 2999 3001 3002 3080 3082 3084 3085 3086 3088 3090 3167 3169 3170 3171 3172 3173 3174 3175 3251 3253 3255 3256 3257 3258 3259 3260 3339 3340 3341 3342 3345 3424 3427 3428
moead,ns202,3,9,1050,21,86754119.493353,1373292.932617,1.000000,0.000000,2817 2820 2822 2824 2907 2909 2910 2912 2994 2995 2996 2997 2998 2999 3001 3002 3080 3082 3084 3085 3086 3088 3090 3167 3169 3170 3171 3172 3173 3174 3175 3251 3253 3255 3256 3257 3258 3259 3260 3339 3340 3341 3342 3345 3424 3427 3428
moead,ns202,3,0,1100,22,110820031.495972,2005750.027344,0.000000,1.000000,761 866 1086 1281 1572 1614 1862 2147 2232 2331 2375 2387 2648 2686 2754 2801 2889 3159 3263 3341 3395 3502 3512 3588 3734 4659 4708 5192 5856 6190 6256 6280 6282 6589 6679 6740 6945 7922 8238 8267 8341 8349 8486 8518 8607 8671 8725
moead,ns202,3,1,1100,22,89360606.850323,1681510.001953,0.111111,0.888889,2683 2778 2820 2822 2824 2827 2867 2905 2907 2909 2912 2963 2990 2994 2996 3004 3049 3076 3080 3082 3086 3088 3090 3161 3167 3169 3171 3173 3175 3176 3251 3253 3255 3257 3259 3260 3261 3339 3341 3345 3424 3427 3428 8215 8241 8339 8341
moead,ns202,3,2,1100,22,88256745.387900,1576395.369141,0.222222,0.777778,2683 2687 2817 2820 2822 2824 2867 2907 2909 2912 2990 2994 2996 2998 2999 3004 3076 3080 3082 3084 3086 3088 3090 3161 3167 3169 3171 3173 3175 3176 3251 3253 3255 3257 3259 3260 3261 3337 3339 3341 3342 3345 3424 3427 3428 3512 8339
moead,ns202,3,3,1100,22,87705841.211063,1522303.503906,0.333333,0.666667,2780 2820 2822 2824 2867 2869 2905 2907 2909 2910 2912 2994 2996 2997 2998 3001 3076 3078 3080 3082 3084 3086 3087 3088 3090 3165 3167 3169 3171 3172 3173 3174 3175 3251 3253 3255 3257 3258 3259 3260 3339 3341 3345 3424 3427 3428 8339
moead,ns202,3,4,1100,22,87375999.869798,1481125.857422,0.444444,0.555556,2820 2822 2824 2867 2869 2905 2907 2909 2910 2912 2994 2996 2997 2998 3001 3076 3078 3080 3082 3084 3086 3087 3088 3090 3165 3167 3169 3171 3172 3173 3174 3175 3253 3255 3256 3257 3258 3259 3260 3339 3340 3341 3342 3426 3427 3428 8339
moead,ns202,3,5,1100,22,87188599.200130,1452262.931641,0.555556,0.444444,2820 2822 2824 2867 2869 2905 2907 2909 2910 2912 2992 2994 2996 2997 2998 2999 3001 3078 3080 3082 3084 3086 3087 3088 3165 3167 3169 3171 3172 3173 3174 3175 3251 3253 3255 3256 3257 3258 3259 3339 3340 3341 3342 3345 3424 3427 3428
moead,ns202,3,6,1100,22,87021046.599978,1418295.959961,0.666667,0.333333,2731 2817 2820 2822 2824 2867 2905 2907 2909 2910 2912 2992 2994 2996 2997 2998 3080 3082 3084 3086 3087 3088 3090 3165 3167 3169 3170 3171 3172 3173 3174 3175 3253 3255 3256 3257 3258 3259 3260 3339 3340 3341 3342 3345 3424 3427 3428
moead,ns202,3,7,1100,22,86897791.388986,1393719.918945,0.777778,0.222222,2726 2731 2817 2820 2822 2824 2907 2909 2910 2912 2992 2994 2996 2997 2998 2999 3080 3082 3084 3086 3087 3088 3090 3167 3169 3170 3171 3172 3173 3174 3175 3251 3253 3255 3256 3257 3258 3259 3260 3339 3340 3341 3342 3345 3424 3427 3428
moead,ns202,3,8,1100,22,86789812.047198,1377087.741211,0.888889,0.111111,2731 2817 2820 2822 2824 2907 2909 2910 2912 2994 2995 2996 2997 2998 2999 3001 3080 3082 3084 3086 3087 3088 3090 3167 3169 3170 3171 3172 3173 3174 3175 3251 3253 3255 3256 3257 3258 3259 3260 3339 3340 3341 3342 3345 3424 3427 3428
moead,ns202,3,9,1100,22,86746192.879012,1366989.122070,1.000000,0.000000,2817 2822 2824 2906 2907 2909 2910 2912 2994 2995 2996 2997 2998 2999 3001 3002 3080 3082 3084 3085 3086 3088 3090 3167 3169 3170 3171 3172 3173 3174 3175 3251 3253 3255 3256 3257 3258 3259 3260 3339 3340 3341 3342 3345 3424 3427 3428
moead,ns202,3,0,1150,23,111480439.790822,2006333.480469,0.000000,1.000000,866 1086 1281 1572 1614 2147 2232 2331 2375 2387 2648 2686 2754 2801 2889 3159 3263 3341 3395 3502 3512 3588 3734 4105 4659 4708 5804 5856 6190 6256 6280 6282 6589 6679 6740 6945 6950 7922 8238 8267 8341 8349 8486 8518 8607 8671 8725
moead,ns202,3,1,1150,23,89326407.627200,1674544.291016,0.111111,0.888889,2683 2687 2820 2822 2824 2867 2905 2907 2909 2912 2916 2963 2990 2994 2996 3004 3049 3076 3080 3082 3084 3086 3088 3161 3167 3169 3171 3173 3175 3176 3255 3257 3258 3259 3260 3261 3339 3341 3345 3424 3427 3428 4999 8215 8241 8339 8341
moead,ns202,3,2,1150,23,88232765.237406,1576421.501953,0.222222,0.777778,2683 2687 2817 2820 2822 2824 2867 2907 2909 2912 2990 2994 2996 2998 2999 3004 3076 3080 3082 3084 3086 3088 3090 3161 3167 3169 3171 3173 3175 3176 3251 3253 3255 3257 3259 3260 3261 3337 3339 3341 3342 3345 3424 3426 3427 3428 8339
moead,ns202,3,3,1150,23,87664061.754886,1518768.666016,0.333333,0.666667,2820 2822 2824 2867 2869 2905 2907 2909 2912 2914 2994 2996 2997 2998 3001 3076 3078 3080 3082 3084 3086 3087 3088 3090 3165 3167 3169 3171 3173 3174 3175 3251 3253 3255 3257 3258 3259 3260 3339 3341 3342 3345 3424 3426 3427 3428 8339
moead,ns202,3,4,1150,23,87375999.869798,1481125.857422,0.444444,0.555556,2820 2822 2824 2867 2869 2905 2907 2909 2910 2912 2994 2996 2997 2998 3001 3076 3078 3080 3082 3084 3086 3087 3088 3090 3165 3167 3169 3171 3172 3173 3174 3175 3253 3255 3256 3257 3258 3259 3260 3339 3340 3341 3342 3426 3427 3428 8339
moead,ns202,3,5,1150,23,87120350.543901,1439402.683594,0.555556,0.444444,2822 2824 2867 2869 2905 2907 2909 2910 2912 2992 2994 2996 2997 2998 2999 3001 3080 3082 3084 3086 3087 3088 3089 3090 3165 3167 3169 3171 3172 3173 3174 3175 3253 3255 3256 3257 3258 3259 3260 3339 3340 3341 3342 3345 3424 3427 3428
moead,ns202,3,6,1150,23,86958665.310423,1409827.915039,0.666667,0.333333,2731 2817 2820 2822 2824 2867 2905 2907 2909 2910 2912 2994 2996 2997 2998 2999 3080 3082 3084 3086 3087 3088 3090 3165 3167 3169 3170 3171 3172 3173 3174 3175 3253 3255 3256 3257 3258 3259 3260 3339 3340 3341 3342 3345 3424 3427 3428
moead,ns202,3,7,1150,23,86837293.399108,1392360.888672,0.777778,0.222222,2731 2817 2820 2822 2824 2907 2909 2910 2912 2994 2996 2997 2998 2999 3001 3080 3082 3084 3086 3087 3088 3089 3090 3167 3169 3170 3171 3172 3173 3174 3175 3251 3253 3255 3256 3257 3258 3259 3260 3339 3340 3341 3342 3345 3424 3427 3428
moead,ns202,3,8,1150,23,86703600.989472,1355756.825195,0.888889,0.111111,2817 2822 2824 2906 2907 2909 2910 2912 2993 2994 2995 2996 2997 2998 2999 3001 3002 3080 3082 3084 3085 3086 3088 3167 3169 3170 3171 3172 3173 3174 3175 3251 3253 3255 3256 3257 3258 3259 3260 3339 3340 3341 3342 3345 3424 3427 3428
moead,ns202,3,9,1150,23,86703600.989472,1355756.825195,1.000000,0.000000,2817 2822 2824 2906 2907 2909 2910 2912 2993 2994 2995 2996 2997 2998 2999 3001 3002 3080 3082 3084 3085 3086 3088 3167 3169 3170 3171 3172 3173 3174 3175 3251 3253 3255 3256 3257 3258 3259 3260 3339 3340 3341 3342 3345 3424 3427 3428
moead,ns202,3,0,1200,24,111757782.452540,2006821.410156,0.000000,1.000000,1086 1281 1572 2136 2147 2232 2331 2387 2648 2686 2754 2801 3159 3166 3263 3341 3395 3502 3512 3588 3615 3734 4028 4105 4659 4708 5804 5856 6190 6256 6280 6282 6589 6679 6740 6945 6950 7922 8238 8267 8341 8349 8486 8518 8607 8671 8725
moead,ns202,3,1,1200,24,89318020.948425,1676912.685547,0.111111,0.888889,2683 2685 2687 2820 2822 2824 2867 2905 2907 2909 2912 2916 2963 2990 2994 2996 3049 3076 3080 3082 3084 3086 3088 3161 3167 3169 3171 3173 3175 3176 3255 3257 3258 3259 3260 3261 3339 3341 3345 3424 3427 3428 8184 8215 8241 8339 8341
moead,ns202,3,2,1200,24,88151994.438981,1566985.070312,0.222222,0.777778,2683 2687 2817 2820 2822 2824 2867 2907 2909 2912 2990 2994 2996 2998 2999 3004 3076 3080 3082 3084 3086 3088 3090 3161 3167 3169 3171 3173 3175 3176 3251 3253 3255 3257 3258 3259 3260 3261 3337 3339 3341 3342 3345 3426 3427 3428 8339
moead,ns202,3,3,1200,24,87632832.079541,1512896.443359,0.333333,0.666667,2820 2822 2824 2867 2869 2905 2907 2909 2910 2912 2914 2994 2996 2997 2998 3001 3076 3078 3080 3082 3084 3086 3087 3088 3090 3165 3167 3169 3171 3172 3173 3174 3175 3251 3253 3255 3257 3258 3259 3260 3339 3341 3345 3424 3427 3428 8339
moead,ns202,3,4,1200,24,87316804.327638,1468015.382812,0.444444,0.555556,2820 2822 2824 2867 2869 2905 2907 2909 2910 2912 2994 2996 2997 2998 3001 3076 3078 3080 3082 3084 3086 3087 3088 3090 3165 3167 3169 3171 3172 3173 3174 3175 3253 3255 3256 3257 3258 3259 3260 3339 3340 3341 3342 3345 3424 3428 3512
moead,ns202,3,5,1200,24,87095502.826306,1435585.631836,0.555556,0.444444,2817 2822 2824 2867 2869 2905 2907 2909 2910 2912 2992 2994 2996 2997 2998 3001 3080 3082 3084 3086 3087 3088 3090 3165 3167 3169 3170 3171 3172 3173 3174 3175 3253 3255 3256 3257 3258 3259 3260 3339 3340 3341 3342 3345 3424 3427 3428
moead,ns202,3,6,1200,24,86920092.199177,1404808.178711,0.666667,0.333333,2731 2817 2820 2822 2824 2867 2905 2907 2909 2910 2912 2994 2996 2997 2998 2999 3080 3082 3084 3086 3087 3088 3090 3165 3167 3169 3170 3171 3172 3173 3174 3175 3253 3255 3256 3257 3258 3259 3260 3339 3340 3341 3342 3345 3426 3427 3428
moead,ns202,3,7,1200,24,86789812.047198,1377087.741211,0.777778,0.222222,2731 2817 2820 2822 2824 2907 2909 2910 2912 2994 2995 2996 2997 2998 2999 3001 3080 3082 3084 3086 3087 3088 3090 3167 3169 3170 3171 3172 3173 3174 3175 3251 3253 3255 3256 3257 3258 3259 3260 3339 3340 3341 3342 3345 3424 3427 3428
moead,ns202,3,8,1200,24,86706417.942873,1356096.764648,0.888889,0.111111,2731 2822 2824 2906 2907 2909 2910 2912 2993 2994 2995 2996 2997 2998 2999 3001 3002 3080 3082 3083 3084 3085 3086 3088 3167 3169 3170 3171 3172 3173 3174 3175 3251 3253 3255 3256 3257 3258 3259 3339 3340 3341 3342 3345 3424 3427 3428
moead,ns202,3,9,1200,24,86695516.564378,1351930.235352,1.000000,0.000000,2731 2822 2824 2906 2907 2909 2910 2912 2993 2994 2995 2996 2997 2998 2999 3001 3002 3080 3082 3083 3084 3085 3086 3088 3167 3169 3170 3171 3172 3173 3174 3175 3251 3255 3256 3257 3258 3259 3260 3339 3340 3341 3342 3345 3424 3427 3428
moead,ns202,3,0,1250,25,111395780.972101,2006821.410156,0.000000,1.000000,1086 1281 1572 2136 2147 2232 2331 2387 2648 2686 2754 2801 3159 3166 3263 3341 3395 3502 3512 3588 3615 3734 4028 4659 4708 5296 5804 5856 6190 6256 6280 6282 6589 6679 6740 6945 6950 7922 8238 8267 8341 8349 8486 8518 8607 8671 8725
moead,ns202,3,1,1250,25,89300452.599380,1674002.537109,0.111111,0.888889,2683 2687 2820 2822 2824 2867 2905 2907 2909 2912 2916 2963 2990 2994 2996 3004 3049 3076 3080 3082 3084 3086 3088 3161 3167 3169 3171 3173 3175 3176 3255 3257 3258 3259 3260 3261 3339 3341 3345 3424 3427 3428 8184 8215 8241 8339 8341
moead,ns202,3,2,1250,25,88179211.759742,1569212.865234,0.222222,0.777778,2683 2778 2822 2824 2827 2867 2905 2907 2909 2912 2994 2996 2997 2998 2999 3004 3074 3076 3078 3080 3082 3084 3086 3087 3088 3090 3167 3169 3171 3173 3175 3251 3253 3255 3257 3258 3259 3260 3337 3339 3341 3342 3345 3426 3427 3428 8339
moead,ns202,3,3,1250,25,87632832.079541,1512896.443359,0.333333,0.666667,2820 2822 2824 2867 2869 2905 2907 2909 2910 2912 2914 2994 2996 2997 2998 3001 3076 3078 3080 3082 3084 3086 3087 3088 3090 3165 3167 3169 3171 3172 3173 3174 3175 3251 3253 3255 3257 3258 3259 3260 3339 3341 3345 3424 3427 3428 8339
moead,ns202,3,4,1250,25,87316804.327638,1468015.382812,0.444444,0.555556,2820 2822 2824 2867 2869 2905 2907 2909 2910 2912 2994 2996 2997 2998 3001 3076 3078 3080 3082 3084 3086 3087 3088 3090 3165 3167 3169 3171 3172 3173 3174 3175 3253 3255 3256 3257 3258 3259 3260 3339 3340 3341 3342 3345 3424 3428 3512
moead,ns202,3,5,1250,25,87095502.826306,1435585.631836,0.555556,0.444444,2817 2822 2824 2867 2869 2905 2907 2909 2910 2912 2992 2994 2996 2997 2998 3001 3080 3082 3084 3086 3087 3088 3090 3165 3167 3169 3170 3171 3172 3173 3174 3175 3253 3255 3256 3257 3258 3259 3260 3339 3340 3341 3342 3345 3424 3427 3428
moead,ns202,3,6,1250,25,86906381.158506,1404808.178711,0.666667,0.333333,2731 2817 2820 2822 2824 2869 2905 2907 2909 2910 2912 2994 2996 2997 2998 2999 3080 3082 3084 3086 3087 3088 3090 3165 3167 3169 3170 3171 3172 3173 3174 3175 3253 3255 3256 3257 3258 3259 3260 3339 3340 3341 3342 3345 3426 3427 3428
moead,ns202,3,7,1250,25,86796314.273286,1388537.886719,0.777778,0.222222,2731 2820 2822 2824 2905 2907 2909 2910 2912 2994 2996 2997 2998 2999 3001 3080 3082 3084 3086 3087 3088 3089 3090 3165 3167 3169 3170 3171 3172 3173 3174 3175 3253 3255 3256 3257 3258 3259 3260 3339 3340 3341 3342 3345 3426 3427 3428
moead,ns202,3,8,1250,25,86723899.712807,1367593.881836,0.888889,0.111111,2731 2817 2820 2822 2824 2907 2909 2910 2912 2994 2995 2996 2997 2998 2999 3001 3002 3080 3082 3083 3084 3085 3086 3088 3167 3169 3170 3171 3172 3173 3174 3175 3251 3253 3255 3256 3257 3258 3259 3339 3340 3341 3342 3345 3424 3427 3428
moead,ns202,3,9,1250,25,86695516.564378,1351930.235352,1.000000,0.000000,2731 2822 2824 2906 2907 2909 2910 2912 2993 2994 2995 2996 2997 2998 2999 3001 3002 3080 3082 3083 3084 3085 3086 3088 3167 3169 3170 3171 3172 3173 3174 3175 3251 3255 3256 3257 3258 3259 3260 3339 3340 3341 3342 3345 3424 3427 3428
moead,ns202,3,0,1300,26,112016986.112624,2006821.410156,0.000000,1.000000,1086 1572 2136 2147 2232 2331 2387 2648 2686 2754 2801 3166 3263 3341 3395 3449 3502 3512 3588 3615 3734 4028 4659 4708 5296 5804 5856 6190 6256 6280 6282 6357 6589 6679 6740 6945 6950 7922 8238 8267 8341 8349 8486 8518 8607 8671 8725
moead,ns202,3,1,1300,26,89300452.599380,1674002.537109,0.111111,0.888889,2683 2687 2820 2822 2824 2867 2905 2907 2909 2912 2916 2963 2990 2994 2996 3004 3049 3076 3080 3082 3084 3086 3088 3161 3167 3169 3171 3173 3175 3176 3255 3257 3258 3259 3260 3261 3339 3341 3345 3424 3427 3428 8184 8215 8241 8339 8341
moead,ns202,3,2,1300,26,88078428.175836,1557015.804688,0.222222,0.777778,2820 2822 2824 2827 2867 2869 2905 2907 2909 2912 2914 2990 2994 2996 2998 2999 3004 3049 3076 3080 3082 3084 3086 3087 3088 3090 3167 3169 3171 3172 3173 3175 3251 3253 3255 3257 3258 3259 3339 3341 3342 3345 3424 3426 3427 3428 8339
moead,ns202,3,3,1300,26,87542767.305312,1502082.414062,0.333333,0.666667,2820 2822 2824 2867 2869 2905 2907 2909 2910 2912 2914 2994 2996 2997 2998 3001 3076 3078 3080 3082 3084 3086 3087 3088 3090 3167 3169 3171 3172 3173 3174 3175 3251 3253 3255 3257 3258 3259 3260 3339 3341 3342 3345 3424 3427 3428 8339
moead,ns202,3,4,1300,26,87150026.088884,1448590.929688,0.444444,0.555556,2820 2822 2824 2867 2869 2905 2907 2909 2910 2912 2992 2994 2996 2997 2998 2999 3001 3078 3080 3082 3084 3086 3087 3088 3165 3167 3169 3171 3172 3173 3174 3175 3251 3253 3255 3256 3257 3258 3259 3339 3340 3341 3342 3345 3426 3427 3428
moead,ns202,3,5,1300,26,86986800.391437,1418047.295898,0.555556,0.444444,2817 2820 2822 2824 2867 2869 2905 2907 2909 2910 2912 2994 2996 2997 2998 2999 3080 3082 3084 3086 3087 3088 3090 3165 3167 3169 3170 3171 3172 3173 3174 3175 3253 3255 3256 3257 3258 3259 3260 3339 3340 3341 3342 3345 3426 3427 3428
moead,ns202,3,6,1300,26,86830586.250802,1389143.414062,0.666667,0.333333,2731 2818 2820 2822 2824 2905 2907 2909 2910 2912 2994 2996 2997 2998 2999 3001 3080 3082 3084 3086 3087 3088 3089 3090 3165 3167 3169 3170 3171 3172 3173 3174 3175 3253 3255 3256 3257 3258 3259 3260 3339 3340 3342 3345 3426 3427 3428
moead,ns202,3,7,1300,26,86723899.712807,1367593.881836,0.777778,0.222222,2731 2817 2820 2822 2824 2907 2909 2910 2912 2994 2995 2996 2997 2998 2999 3001 3002 3080 3082 3083 3084 3085 3086 3088 3167 3169 3170 3171 3172 3173 3174 3175 3251 3253 3255 3256 3257 3258 3259 3339 3340 3341 3342 3345 3424 3427 3428
moead,ns202,3,8,1300,26,86618489.337446,1341329.624023,0.888889,0.111111,2731 2817 2820 2822 2824 2907 2909 2910 2912 2994 2995 2996 2997 2998 2999 3001 3002 3080 3082 3083 3084 3085 3086 3088 3167 3169 3170 3171 3172 3173 3174 3175 3253 3255 3256 3257 3258 3259 3260 3339 3340 3341 3342 3345 3426 3427 3428
moead,ns202,3,9,1300,26,86618489.337446,1341329.624023,1.000000,0.000000,2731 2817 2820 2822 2824 2907 2909 2910 2912 2994 2995 2996 2997 2998 2999 3001 3002 3080 3082 3083 3084 3085 3086 3088 3167 3169 3170 3171 3172 3173 3174 3175 3253 3255 3256 3257 3258 3259 3260 3339 3340 3341 3342 3345 3426 3427 3428
moead,ns202,3,0,1350,27,111901791.065073,2006821.410156,0.000000,1.000000,1086 1214 1572 2136 2147 2232 2331 2387 2648 2686 2754 2801 3166 3263 3341 3395 3449 3502 3512 3588 3734 4028 4659 4708 5296 5804 5856 6190 6256 6282 6357 6589 6716 6740 6945 6950 7922 7950 8238 8267 8341 8349 8518 8525 8607 8671 8725
moead,ns202,3,1,1350,27,89176352.854463,1664752.603516,0.111111,0.888889,2683 2685 2687 2820 2822 2824 2905 2907 2909 2912 2916 2963 2990 2994 2996 3004 3049 3076 3080 3082 3084 3088 3161 3167 3169 3171 3173 3175 3176 3253 3255 3257 3258 3259 3260 3337 3339 3341 3342 3345 3424 3427 3428 8215 8241 8339 8341
moead,ns202,3,2,1350,27,88085793.168166,1562315.056641,0.222222,0.777778,2820 2822 2824 2827 2867 2869 2905 2907 2909 2912 2914 2992 2994 2996 2997 2998 3074 3076 3078 3080 3082 3084 3086 3087 3088 3090 3167 3169 3171 3173 3175 3251 3253 3255 3257 3258 3259 3337 3339 3341 3342 3345 3424 3426 3427 3428 8339
moead,ns202,3,3,1350,27,87542767.305312,1502082.414062,0.333333,0.666667,2820 2822 2824 2867 2869 2905 2907 2909 2910 2912 2914 2994 2996 2997 2998 3001 3076 3078 3080 3082 3084 3086 3087 3088 3090 3167 3169 3171 3172 3173 3174 3175 3251 3253 3255 3257 3258 3259 3260 3339 3341 3342 3345 3424 3427 3428 8339
moead,ns202,3,4,1350,27,87177566.835574,1452581.552734,0.444444,0.555556,2820 2822 2824 2867 2869 2905 2907 2909 2910 2912 2992 2994 2996 2997 2998 2999 3001 3080 3082 3084 3086 3087 3088 3090 3165 3167 3169 3170 3171 3172 3173 3174 3175 3251 3253 3255 3257 3258 3259 3339 3341 3342 3345 3424 3426 3427 3428
moead,ns202,3,5,1350,27,86986800.391437,1418047.295898,0.555556,0.444444,2817 2820 2822 2824 2867 2869 2905 2907 2909 2910 2912 2994 2996 2997 2998 2999 3080 3082 3084 3086 3087 3088 3090 3165 3167 3169 3170 3171 3172 3173 3174 3175 3253 3255 3256 3257 3258 3259 3260 3339 3340 3341 3342 3345 3426 3427 3428
moead,ns202,3,6,1350,27,86830586.250802,1389143.414062,0.666667,0.333333,2731 2818 2820 2822 2824 2905 2907 2909 2910 2912 2994 2996 2997 2998 2999 3001 3080 3082 3084 3086 3087 3088 3089 3090 3165 3167 3169 3170 3171 3172 3173 3174 3175 3253 3255 3256 3257 3258 3259 3260 3339 3340 3342 3345 3426 3427 3428
moead,ns202,3,7,1350,27,86723287.523797,1375064.943359,0.777778,0.222222,2731 2820 2822 2824 2905 2907 2909 2910 2912 2994 2995 2996 2997 2998 2999 3001 3002 3080 3082 3083 3084 3085 3086 3088 3167 3169 3170 3171 3172 3173 3174 3175 3251 3253 3255 3256 3257 3258 3259 3339 3340 3341 3342 3345 3424 3427 3428
moead,ns202,3,8,1350,27,86617877.148436,1348453.248047,0.888889,0.111111,2731 2820 2822 2824 2905 2907 2909 2910 2912 2994 2995 2996 2997 2998 2999 3001 3002 3080 3082 3083 3084 3085 3086 3088 3167 3169 3170 3171 3172 3173 3174 3175 3253 3255 3256 3257 3258 3259 3260 3339 3340 3341 3342 3345 3426 3427 3428
moead,ns202,3,9,1350,27,86617877.148436,1348453.248047,1.000000,0.000000,2731 2820 2822 2824 2905 2907 2909 2910 2912 2994 2995 2996 2997 2998 2999 3001 3002 3080 3082 3083 3084 3085 3086 3088 3167 3169 3170 3171 3172 3173 3174 3175 3253 3255 3256 3257 3258 3259 3260 3339 3340 3341 3342 3345 3426 3427 3428
moead,ns202,3,0,1400,28,111943659.042172,2006842.132812,0.000000,1.000000,1086 1214 1572 1790 2136 2147 2232 2331 2387 2648 2686 2754 2801 3166 3263 3341 3395 3449 3502 3512 3588 3734 4028 4659 4708 5296 5659 5804 5856 6190 6256 6282 6357 6740 6945 6950 7922 7950 8238 8267 8341 8349 8518 8525 8607 8671 8725
moead,ns202,3,1,1400,28,89251768.005562,1670749.187500,0.111111,0.888889,2683 2687 2778 2822 2824 2867 2905 2907 2909 2912 2916 2963 2990 2994 2996 3004 3049 3076 3080 3082 3084 3086 3088 3161 3167 3169 3171 3173 3175 3176 3255 3257 3258 3259 3260 3337 3339 3341 3342 3345 3424 3427 3428 8215 8241 8339 8341
moead,ns202,3,2,1400,28,88093105.064823,1562897.767578,0.222222,0.777778,2820 2822 2824 2827 2867 2869 2905 2907 2909 2912 2914 2992 2994 2996 2997 2998 3074 3076 3078 3082 3084 3086 3087 3088 3090 3167 3169 3171 3173 3175 3251 3253 3255 3257 3258 3259 3261 3337 3339 3341 3342 3345 3424 3426 3427 3428 8339
moead,ns202,3,3,1400,28,87542767.305312,1502082.414062,0.333333,0.666667,2820 2822 2824 2867 2869 2905 2907 2909 2910 2912 2914 2994 2996 2997 2998 3001 3076 3078 3080 3082 3084 3086 3087 3088 3090 3167 3169 3171 3172 3173 3174 3175 3251 3253 3255 3257 3258 3259 3260 3339 3341 3342 3345 3424 3427 3428 8339
moead,ns202,3,4,1400,28,87208840.238811,1457485.361328,0.444444,0.555556,2817 2822 2824 2867 2869 2905 2907 2909 2910 2912 2992 2994 2996 2997 2998 2999 3001 3076 3080 3082 3084 3086 3087 3088 3090 3165 3167 3169 3171 3172 3173 3174 3175 3253 3255 3256 3257 3258 3259 3260 3339 3341 3342 3345 3426 3427 3428
moead,ns202,3,5,1400,28,87008479.905567,1422177.347656,0.555556,0.444444,2731 2820 2822 2824 2869 2905 2907 2909 2910 2912 2994 2996 2997 2998 2999 3000 3001 3080 3082 3084 3086 3087 3088 3090 3165 3167 3169 3170 3171 3172 3173 3174 3175 3251 3253 3255 3257 3258 3259 3339 3340 3341 3342 3345 3426 3427 3428
moead,ns202,3,6,1400,28,86842395.739040,1397344.189453,0.666667,0.333333,2731 2820 2822 2824 2905 2907 2909 2910 2912 2992 2994 2996 2997 2998 2999 3001 3080 3082 3084 3086 3087 3088 3089 3090 3165 3167 3169 3170 3171 3172 3173 3174 3175 3253 3255 3256 3257 3258 3259 3260 3339 3340 3341 3342 3345 3426 3428
moead,ns202,3,7,1400,28,86723287.523797,1375064.943359,0.777778,0.222222,2731 2820 2822 2824 2905 2907 2909 2910 2912 2994 2995 2996 2997 2998 2999 3001 3002 3080 3082 3083 3084 3085 3086 3088 3167 3169 3170 3171 3172 3173 3174 3175 3251 3253 3255 3256 3257 3258 3259 3339 3340 3341 3342 3345 3424 3427 3428
moead,ns202,3,8,1400,28,86617877.148436,1348453.248047,0.888889,0.111111,2731 2820 2822 2824 2905 2907 2909 2910 2912 2994 2995 2996 2997 2998 2999 3001 3002 3080 3082 3083 3084 3085 3086 3088 3167 3169 3170 3171 3172 3173 3174 3175 3253 3255 3256 3257 3258 3259 3260 3339 3340 3341 3342 3345 3426 3427 3428
moead,ns202,3,9,1400,28,86617877.148436,1348453.248047,1.000000,0.000000,2731 2820 2822 2824 2905 2907 2909 2910 2912 2994 2995 2996 2997 2998 2999 3001 3002 3080 3082 3083 3084 3085 3086 3088 3167 3169 3170 3171 3172 3173 3174 3175 3253 3255 3256 3257 3258 3259 3260 3339 3340 3341 3342 3345 3426 3427 3428
moead,ns202,3,0,1450,29,111354941.163636,2006842.132812,0.000000,1.000000,1086 1214 1572 1790 2136 2147 2232 2331 2387 2648 2686 2735 2754 2801 3166 3263 3341 3395 3449 3502 3512 3588 3734 4028 4180 4659 4708 4857 5296 5659 5804 5856 6190 6282 6357 6945 6950 7922 7950 8238 8267 8349 8518 8525 8607 8671 8725
moead,ns202,3,1,1450,29,89251768.005562,1670749.187500,0.111111,0.888889,2683 2687 2778 2822 2824 2867 2905 2907 2909 2912 2916 2963 2990 2994 2996 3004 3049 3076 3080 3082 3084 3086 3088 3161 3167 3169 3171 3173 3175 3176 3255 3257 3258 3259 3260 3337 3339 3341 3342 3345 3424 3427 3428 8215 8241 8339 8341
moead,ns202,3,2,1450,29,88093105.064823,1562897.767578,0.222222,0.777778,2820 2822 2824 2827 2867 2869 2905 2907 2909 2912 2914 2992 2994 2996 2997 2998 3074 3076 3078 3082 3084 3086 3087 3088 3090 3167 3169 3171 3173 3175 3251 3253 3255 3257 3258 3259 3261 3337 3339 3341 3342 3345 3424 3426 3427 3428 8339
moead,ns202,3,3,1450,29,87542767.305312,1502082.414062,0.333333,0.666667,2820 2822 2824 2867 2869 2905 2907 2909 2910 2912 2914 2994 2996 2997 2998 3001 3076 3078 3080 3082 3084 3086 3087 3088 3090 3167 3169 3171 3172 3173 3174 3175 3251 3253 3255 3257 3258 3259 3260 3339 3341 3342 3345 3424 3427 3428 8339
moead,ns202,3,4,1450,29,87227930.155513,1459365.044922,0.444444,0.555556,2820 2822 2824 2867 2869 2905 2907 2909 2910 2912 2994 2996 2997 2998 2999 3001 3076 3078 3080 3082 3084 3086 3087 3088 3090 3165 3167 3169 3171 3172 3173 3174 3175 3253 3255 3256 3257 3258 3259 3260 3339 3341 3342 3345 3426 3427 3428
moead,ns202,3,5,1450,29,87011756.362017,1424688.883789,0.555556,0.444444,2817 2820 2822 2824 2867 2869 2905 2907 2909 2910 2912 2994 2996 2997 2998 2999 3001 3080 3082 3084 3086 3087 3088 3090 3165 3167 3169 3170 3171 3172 3173 3174 3175 3253 3255 3256 3257 3258 3259 3339 3340 3341 3342 3345 3426 3427 3428
moead,ns202,3,6,1450,29,86842395.739040,1397344.189453,0.666667,0.333333,2731 2820 2822 2824 2905 2907 2909 2910 2912 2992 2994 2996 2997 2998 2999 3001 3080 3082 3084 3086 3087 3088 3089 3090 3165 3167 3169 3170 3171 3172 3173 3174 3175 3253 3255 3256 3257 3258 3259 3260 3339 3340 3341 3342 3345 3426 3428
moead,ns202,3,7,1450,29,86723287.523797,1375064.943359,0.777778,0.222222,2731 2820 2822 2824 2905 2907 2909 2910 2912 2994 2995 2996 2997 2998 2999 3001 3002 3080 3082 3083 3084 3085 3086 3088 3167 3169 3170 3171 3172 3173 3174 3175 3251 3253 3255 3256 3257 3258 3259 3339 3340 3341 3342 3345 3424 3427 3428
moead,ns202,3,8,1450,29,86617877.148436,1348453.248047,0.888889,0.111111,2731 2820 2822 2824 2905 2907 2909 2910 2912 2994 2995 2996 2997 2998 2999 3001 3002 3080 3082 3083 3084 3085 3086 3088 3167 3169 3170 3171 3172 3173 3174 3175 3253 3255 3256 3257 3258 3259 3260 3339 3340 3341 3342 3345 3426 3427 3428
moead,ns202,3,9,1450,29,86583523.993247,1331785.829102,1.000000,0.000000,2731 2820 2822 2824 2905 2907 2909 2910 2912 2994 2995 2996 2997 2998 2999 3001 3002 3082 3083 3084 3085 3086 3088 3167 3168 3169 3170 3171 3172 3173 3174 3175 3253 3255 3256 3257 3258 3259 3260 3339 3340 3341 3342 3345 3426 3427 3428
moead,ns202,3,0,1500,30,111853459.967704,2007162.855469,0.000000,1.000000,1086 1214 1572 1790 2136 2147 2232 2331 2387 2648 2686 2735 2801 3166 3263 3341 3395 3449 3502 3512 3588 3624 3734 4028 4180 4659 4708 4857 5296 5659 5804 5856 6190 6282 6357 6945 6950 7922 7950 8238 8349 8518 8525 8607 8671 8701 8725
moead,ns202,3,1,1500,30,89251768.005562,1670749.187500,0.111111,0.888889,2683 2687 2778 2822 2824 2867 2905 2907 2909 2912 2916 2963 2990 2994 2996 3004 3049 3076 3080 3082 3084 3086 3088 3161 3167 3169 3171 3173 3175 3176 3255 3257 3258 3259 3260 3337 3339 3341 3342 3345 3424 3427 3428 8215 8241 8339 8341
moead,ns202,3,2,1500,30,88092494.908824,1568292.250000,0.222222,0.777778,2683 2685 2687 2820 2822 2824 2905 2907 2909 2912 2916 2992 2994 2996 2997 2998 3074 3076 3078 3082 3084 3086 3087 3088 3090 3167 3169 3171 3173 3175 3251 3253 3255 3257 3258 3259 3337 3339 3341 3342 3343 3345 3424 3426 3427 3428 8339
moead,ns202,3,3,1500,30,87548655.497266,1502976.078125,0.333333,0.666667,2822 2824 2867 2869 2905 2907 2909 2910 2912 2914 2992 2994 2996 2997 2999 3001 3076 3078 3080 3082 3084 3086 3087 3088 3090 3165 3167 3169 3171 3172 3173 3174 3175 3251 3253 3255 3257 3258 3259 3260 3339 3341 3345 3424 3426 3427 3428
moead,ns202,3,4,1500,30,87227930.155513,1459365.044922,0.444444,0.555556,2820 2822 2824 2867 2869 2905 2907 2909 2910 2912 2994 2996 2997 2998 2999 3001 3076 3078 3080 3082 3084 3086 3087 3088 3090 3165 3167 3169 3171 3172 3173 3174 3175 3253 3255 3256 3257 3258 3259 3260 3339 3341 3342 3345 3426 3427 3428
moead,ns202,3,5,1500,30,87011756.362017,1424688.883789,0.555556,0.444444,2817 2820 2822 2824 2867 2869 2905 2907 2909 2910 2912 2994 2996 2997 2998 2999 3001 3080 3082 3084 3086 3087 3088 3090 3165 3167 3169 3170 3171 3172 3173 3174 3175 3253 3255 3256 3257 3258 3259 3339 3340 3341 3342 3345 3426 3427 3428
moead,ns202,3,6,1500,30,86842395.739040,1397344.189453,0.666667,0.333333,2731 2820 2822 2824 2905 2907 2909 2910 2912 2992 2994 2996 2997 2998 2999 3001 3080 3082 3084 3086 3087 3088 3089 3090 3165 3167 3169 3170 3171 3172 3173 3174 3175 3253 3255 3256 3257 3258 3259 3260 3339 3340 3341 3342 3345 3426 3428
moead,ns202,3,7,1500,30,86723287.523797,1375064.943359,0.777778,0.222222,2731 2820 2822 2824 2905 2907 2909 2910 2912 2994 2995 2996 2997 2998 2999 3001 3002 3080 3082 3083 3084 3085 3086 3088 3167 3169 3170 3171 3172 3173 3174 3175 3251 3253 3255 3256 3257 3258 3259 3339 3340 3341 3342 3345 3424 3427 3428
moead,ns202,3,8,1500,30,86617877.148436,1348453.248047,0.888889,0.111111,2731 2820 2822 2824 2905 2907 2909 2910 2912 2994 2995 2996 2997 2998 2999 3001 3002 3080 3082 3083 3084 3085 3086 3088 3167 3169 3170 3171 3172 3173 3174 3175 3253 3255 3256 3257 3258 3259 3260 3339 3340 3341 3342 3345 3426 3427 3428
moead,ns202,3,9,1500,30,86583523.993247,1331785.829102,1.000000,0.000000,2731 2820 2822 2824 2905 2907 2909 2910 2912 2994 2995 2996 2997 2998 2999 3001 3002 3082 3083 3084 3085 3086 3088 3167 3168 3169 3170 3171 3172 3173 3174 3175 3253 3255 3256 3257 3258 3259 3260 3339 3340 3341 3342 3345 3426 3427 3428
moead,ns202,3,0,1550,31,112951035.516810,2008084.964844,0.000000,1.000000,1086 1214 1572 1711 1790 2136 2147 2232 2331 2387 2648 2735 2801 3166 3263 3341 3395 3449 3502 3554 3588 3624 3734 4028 4180 4659 4708 4857 5296 5804 5856 6190 6282 6357 6945 6950 7922 7950 8112 8238 8349 8518 8525 8607 8671 8701 8725
moead,ns202,3,1,1550,31,89227178.111511,1670424.626953,0.111111,0.888889,2683 2685 2687 2820 2822 2824 2905 2907 2909 2912 2916 2963 2990 2994 2996 3004 3049 3076 3080 3082 3084 3086 3088 3161 3167 3171 3173 3176 3251 3253 3255 3257 3258 3259 3260 3337 3339 3341 3342 3345 3424 3427 3428 8215 8241 8339 8341
moead,ns202,3,2,1550,31,88092494.908824,1568292.250000,0.222222,0.777778,2683 2685 2687 2820 2822 2824 2905 2907 2909 2912 2916 2992 2994 2996 2997 2998 3074 3076 3078 3082 3084 3086 3087 3088 3090 3167 3169 3171 3173 3175 3251 3253 3255 3257 3258 3259 3337 3339 3341 3342 3343 3345 3424 3426 3427 3428 8339
moead,ns202,3,3,1550,31,87548655.497266,1502976.078125,0.333333,0.666667,2822 2824 2867 2869 2905 2907 2909 2910 2912 2914 2992 2994 2996 2997 2999 3001 3076 3078 3080 3082 3084 3086 3087 3088 3090 3165 3167 3169 3171 3172 3173 3174 3175 3251 3253 3255 3257 3258 3259 3260 3339 3341 3345 3424 3426 3427 3428
moead,ns202,3,4,1550,31,87227930.155513,1459365.044922,0.444444,0.555556,2820 2822 2824 2867 2869 2905 2907 2909 2910 2912 2994 2996 2997 2998 2999 3001 3076 3078 3080 3082 3084 3086 3087 3088 3090 3165 3167 3169 3171 3172 3173 3174 3175 3253 3255 3256 3257 3258 3259 3260 3339 3341 3342 3345 3426 3427 3428
moead,ns202,3,5,1550,31,87011756.362017,1424688.883789,0.555556,0.444444,2817 2820 2822 2824 2867 2869 2905 2907 2909 2910 2912 2994 2996 2997 2998 2999 3001 3080 3082 3084 3086 3087 3088 3090 3165 3167 3169 3170 3171 3172 3173 3174 3175 3253 3255 3256 3257 3258 3259 3339 3340 3341 3342 3345 3426 3427 3428
moead,ns202,3,6,1550,31,86842395.739040,1397344.189453,0.666667,0.333333,2731 2820 2822 2824 2905 2907 2909 2910 2912 2992 2994 2996 2997 2998 2999 3001 3080 3082 3084 3086 3087 3088 3089 3090 3165 3167 3169 3170 3171 3172 3173 3174 3175 3253 3255 3256 3257 3258 3259 3260 3339 3340 3341 3342 3345 3426 3428
moead,ns202,3,7,1550,31,86710494.789675,1376809.412109,0.777778,0.222222,2731 2820 2822 2824 2905 2907 2909 2910 2912 2994 2995 2996 2997 2998 2999 3080 3082 3084 3085 3086 3087 3088 3089 3090 3165 3167 3169 3170 3171 3172 3173 3174 3175 3253 3255 3256 3257 3258 3259 3260 3339 3340 3341 3342 3345 3426 3428
moead,ns202,3,8,1550,31,86617877.148436,1348453.248047,0.888889,0.111111,2731 2820 2822 2824 2905 2907 2909 2910 2912 2994 2995 2996 2997 2998 2999 3001 3002 3080 3082 3083 3084 3085 3086 3088 3167 3169 3170 3171 3172 3173 3174 3175 3253 3255 3256 3257 3258 3259 3260 3339 3340 3341 3342 3345 3426 3427 3428
moead,ns202,3,9,1550,31,86554918.744492,1341771.886719,1.000000,0.000000,2817 2820 2822 2824 2905 2907 2909 2910 2912 2994 2995 2996 2997 2998 2999 3001 3002 3080 3082 3083 3084 3085 3086 3088 3167 3169 3170 3171 3172 3173 3174 3175 3253 3255 3256 3257 3258 3259 3260 3339 3340 3341 3342 3344 3345 3427 3428
moead,ns202,3,0,1600,32,112550831.266993,2008084.964844,0.000000,1.000000,1086 1214 1572 1711 1790 2136 2147 2232 2331 2387 2648 2730 2735 2801 3166 3263 3341 3395 3449 3502 3554 3588 3624 3734 4028 4180 4659 4708 4857 5804 5856 6190 6282 6357 6945 6950 7922 7950 8112 8238 8349 8518 8525 8607 8671 8701 8725
moead,ns202,3,1,1600,32,89215679.632291,1676405.417969,0.111111,0.888889,2683 2685 2687 2820 2822 2824 2905 2907 2909 2912 2916 2963 2990 2994 2996 3004 3049 3076 3080 3082 3084 3086 3088 3161 3167 3169 3171 3173 3175 3176 3251 3253 3255 3257 3258 3259 3261 3337 3339 3341 3345 3427 3428 8215 8241 8339 8341
moead,ns202,3,2,1600,32,88024223.024562,1557803.628906,0.222222,0.777778,2820 2822 2824 2867 2869 2905 2907 2909 2912 2914 2992 2994 2996 2997 2998 3001 3074 3076 3078 3080 3082 3084 3086 3087 3088 3090 3167 3169 3171 3173 3175 3253 3255 3257 3258 3259 3337 3339 3341 3342 3345 3424 3426 3427 3428 8339 8341
moead,ns202,3,3,1600,32,87482722.238839,1495814.835938,0.333333,0.666667,2822 2824 2867 2869 2905 2907 2909 2910 2912 2992 2994 2996 2997 2999 3001 3078 3080 3082 3084 3086 3087 3088 3089 3090 3163 3165 3167 3169 3171 3172 3173 3174 3175 3251 3253 3255 3257 3258 3259 3260 3339 3341 3345 3424 3426 3427 3428
moead,ns202,3,4,1600,32,87121702.948164,1443183.488281,0.444444,0.555556,2817 2820 2822 2824 2867 2869 2905 2907 2909 2910 2912 2994 2996 2997 2998 2999 3001 3080 3082 3084 3086 3087 3088 3090 3165 3167 3169 3171 3172 3173 3174 3175 3251 3253 3255 3256 3257 3258 3259 3339 3340 3341 3342 3345 3426 3427 3428
moead,ns202,3,5,1600,32,86902235.304899,1405681.923828,0.555556,0.444444,2731 2820 2822 2824 2869 2905 2907 2909 2910 2912 2994 2996 2997 2998 2999 3001 3080 3082 3084 3086 3087 3088 3090 3165 3167 3169 3170 3171 3172 3173 3174 3175 3253 3255 3256 3257 3258 3259 3260 3339 3340 3341 3342 3345 3426 3427 3428
moead,ns202,3,6,1600,32,86712288.615241,1376809.412109,0.666667,0.333333,2731 2820 2822 2824 2905 2907 2909 2910 2912 2994 2995 2996 2997 2998 2999 3080 3082 3084 3085 3086 3087 3088 3089 3090 3167 3169 3170 3171 3172 3173 3174 3175 3251 3253 3255 3256 3257 3258 3259 3260 3339 3340 3341 3342 3345 3426 3428
moead,ns202,3,7,1600,32,86617877.148436,1348453.248047,0.777778,0.222222,2731 2820 2822 2824 2905 2907 2909 2910 2912 2994 2995 2996 2997 2998 2999 3001 3002 3080 3082 3083 3084 3085 3086 3088 3167 3169 3170 3171 3172 3173 3174 3175 3253 3255 3256 3257 3258 3259 3260 3339 3340 3341 3342 3345 3426 3427 3428
moead,ns202,3,8,1600,32,86531159.165693,1333823.427734,0.888889,0.111111,2817 2820 2822 2824 2905 2907 2909 2910 2994 2995 2996 2997 2998 2999 3001 3002 3080 3083 3084 3085 3086 3087 3088 3167 3169 3170 3171 3172 3173 3174 3175 3253 3255 3256 3257 3258 3259 3260 3339 3340 3341 3342 3344 3345 3426 3427 3428
moead,ns202,3,9,1600,32,86459780.981798,1312426.046875,1.000000,0.000000,2730 2817 2820 2822 2905 2907 2909 2910 2994 2995 2996 2997 2998 2999 3001 3002 3080 3082 3083 3084 3085 3086 3087 3088 3167 3169 3170 3171 3172 3173 3174 3175 3253 3255 3256 3257 3258 3259 3260 3339 3340 3341 3342 3344 3345 3427 3428
moead,ns202,3,0,1650,33,112938588.072415,2008084.964844,0.000000,1.000000,1086 1214 1572 1711 1790 2136 2147 2232 2261 2331 2387 2648 2730 2735 2801 3166 3263 3395 3449 3502 3554 3588 3624 3734 4028 4180 4659 4708 4857 5804 5856 6190 6282 6357 6945 6950 7922 7950 8112 8238 8349 8518 8525 8607 8671 8701 8725
moead,ns202,3,1,1650,33,89194363.465546,1666406.371094,0.111111,0.888889,2683 2685 2687 2820 2824 2905 2907 2909 2912 2963 2990 2994 2996 3049 3076 3080 3082 3084 3086 3088 3161 3167 3169 3171 3173 3175 3176 3251 3253 3255 3257 3258 3259 3260 3261 3331 3337 3339 3341 3345 3424 3427 3428 8215 8241 8339 8341
moead,ns202,3,2,1650,33,88024223.024562,1557803.628906,0.222222,0.777778,2820 2822 2824 2867 2869 2905 2907 2909 2912 2914 2992 2994 2996 2997 2998 3001 3074 3076 3078 3080 3082 3084 3086 3087 3088 3090 3167 3169 3171 3173 3175 3253 3255 3257 3258 3259 3337 3339 3341 3342 3345 3424 3426 3427 3428 8339 8341
moead,ns202,3,3,1650,33,87459508.113485,1492832.652344,0.333333,0.666667,2822 2824 2867 2869 2905 2907 2909 2910 2912 2992 2994 2996 2999 3001 3080 3082 3084 3086 3087 3088 3089 3090 3163 3165 3167 3169 3171 3172 3173 3174 3175 3253 3255 3257 3258 3259 3260 3339 3341 3342 3344 3345 3424 3426 3427 3428 8339
moead,ns202,3,4,1650,33,87110643.248229,1447987.494141,0.444444,0.555556,2822 2824 2869 2905 2907 2909 2910 2912 2992 2994 2996 2998 2999 3001 3080 3082 3084 3086 3087 3088 3089 3090 3163 3165 3167 3169 3170 3171 3172 3173 3174 3175 3251 3253 3255 3256 3257 3258 3259 3339 3340 3341 3342 3345 3426 3427 3428
moead,ns202,3,5,1650,33,86902235.304899,1405681.923828,0.555556,0.444444,2731 2820 2822 2824 2869 2905 2907 2909 2910 2912 2994 2996 2997 2998 2999 3001 3080 3082 3084 3086 3087 3088 3090 3165 3167 3169 3170 3171 3172 3173 3174 3175 3253 3255 3256 3257 3258 3259 3260 3339 3340 3341 3342 3345 3426 3427 3428
moead,ns202,3,6,1650,33,86754000.462192,1385917.111328,0.666667,0.333333,2731 2820 2822 2824 2905 2907 2909 2910 2912 2994 2996 2997 2998 2999 3001 3080 3082 3084 3085 3086 3087 3088 3089 3090 3165 3167 3169 3170 3171 3172 3173 3174 3175 3253 3255 3256 3257 3258 3259 3260 3339 3340 3341 3342 3345 3426 3428
moead,ns202,3,7,1650,33,86628302.922588,1359268.607422,0.777778,0.222222,2817 2820 2822 2824 2905 2907 2909 2910 2912 2994 2995 2996 2997 2998 2999 3001 3080 3082 3083 3084 3085 3086 3088 3090 3165 3167 3169 3170 3171 3172 3173 3174 3175 3253 3255 3256 3257 3258 3259 3260 3340 3341 3342 3345 3426 3427 3428
moead,ns202,3,8,1650,33,86502942.909272,1333409.107422,0.888889,0.111111,2817 2820 2822 2824 2905 2907 2909 2910 2994 2995 2996 2997 2998 2999 3001 3002 3080 3082 3083 3084 3085 3086 3087 3088 3167 3169 3170 3171 3172 3173 3174 3175 3253 3255 3256 3257 3258 3259 3260 3339 3340 3341 3342 3344 3345 3427 3428
moead,ns202,3,9,1650,33,86459780.981798,1312426.046875,1.000000,0.000000,2730 2817 2820 2822 2905 2907 2909 2910 2994 2995 2996 2997 2998 2999 3001 3002 3080 3082 3083 3084 3085 3086 3087 3088 3167 3169 3170 3171 3172 3173 3174 3175 3253 3255 3256 3257 3258 3259 3260 3339 3340 3341 3342 3344 3345 3427 3428
moead,ns202,3,0,1700,34,112914961.925397,2008084.964844,0.000000,1.000000,1086 1214 1572 1711 1790 2147 2232 2261 2331 2387 2648 2730 2735 3166 3263 3395 3449 3502 3554 3588 3624 3734 4028 4180 4520 4659 4708 4857 5804 5856 6190 6282 6357 6945 6950 7922 8112 8238 8288 8349 8518 8525 8607 8671 8701 8725 8773
moead,ns202,3,1,1700,34,89176655.924071,1665894.171875,0.111111,0.888889,2683 2685 2687 2724 2820 2822 2824 2905 2907 2909 2912 2916 2990 2994 2996 3049 3076 3080 3082 3084 3086 3088 3161 3167 3169 3171 3173 3175 3176 3251 3253 3255 3257 3259 3260 3339 3341 3342 3345 3424 3427 3428 4999 8215 8241 8339 8341
moead,ns202,3,2,1700,34,88023568.322020,1562569.283203,0.222222,0.777778,2820 2822 2824 2867 2869 2905 2907 2909 2912 2914 2992 2994 2996 2997 2998 3001 3074 3076 3078 3080 3082 3084 3086 3087 3088 3090 3167 3169 3171 3173 3175 3253 3255 3257 3258 3259 3337 3339 3341 3343 3345 3424 3426 3427 3428 8339 8341
moead,ns202,3,3,1700,34,87459508.113485,1492832.652344,0.333333,0.666667,2822 2824 2867 2869 2905 2907 2909 2910 2912 2992 2994 2996 2999 3001 3080 3082 3084 3086 3087 3088 3089 3090 3163 3165 3167 3169 3171 3172 3173 3174 3175 3253 3255 3257 3258 3259 3260 3339 3341 3342 3344 3345 3424 3426 3427 3428 8339
moead,ns202,3,4,1700,34,87110643.248229,1447987.494141,0.444444,0.555556,2822 2824 2869 2905 2907 2909 2910 2912 2992 2994 2996 2998 2999 3001 3080 3082 3084 3086 3087 3088 3089 3090 3163 3165 3167 3169 3170 3171 3172 3173 3174 3175 3251 3253 3255 3256 3257 3258 3259 3339 3340 3341 3342 3345 3426 3427 3428
moead,ns202,3,5,1700,34,86902235.304899,1405681.923828,0.555556,0.444444,2731 2820 2822 2824 2869 2905 2907 2909 2910 2912 2994 2996 2997 2998 2999 3001 3080 3082 3084 3086 3087 3088 3090 3165 3167 3169 3170 3171 3172 3173 3174 3175 3253 3255 3256 3257 3258 3259 3260 3339 3340 3341 3342 3345 3426 3427 3428
moead,ns202,3,6,1700,34,86754000.462192,1385917.111328,0.666667,0.333333,2731 2820 2822 2824 2905 2907 2909 2910 2912 2994 2996 2997 2998 2999 3001 3080 3082 3084 3085 3086 3087 3088 3089 3090 3165 3167 3169 3170 3171 3172 3173 3174 3175 3253 3255 3256 3257 3258 3259 3260 3339 3340 3341 3342 3345 3426 3428
moead,ns202,3,7,1700,34,86628302.922588,1359268.607422,0.777778,0.222222,2817 2820 2822 2824 2905 2907 2909 2910 2912 2994 2995 2996 2997 2998 2999 3001 3080 3082 3083 3084 3085 3086 3088 3090 3165 3167 3169 3170 3171 3172 3173 3174 3175 3253 3255 3256 3257 3258 3259 3260 3340 3341 3342 3345 3426 3427 3428
moead,ns202,3,8,1700,34,86502942.909272,1333409.107422,0.888889,0.111111,2817 2820 2822 2824 2905 2907 2909 2910 2994 2995 2996 2997 2998 2999 3001 3002 3080 3082 3083 3084 3085 3086 3087 3088 3167 3169 3170 3171 3172 3173 3174 3175 3253 3255 3256 3257 3258 3259 3260 3339 3340 3341 3342 3344 3345 3427 3428
moead,ns202,3,9,1700,34,86459780.981798,1312426.046875,1.000000,0.000000,2730 2817 2820 2822 2905 2907 2909 2910 2994 2995 2996 2997 2998 2999 3001 3002 3080 3082 3083 3084 3085 3086 3087 3088 3167 3169 3170 3171 3172 3173 3174 3175 3253 3255 3256 3257 3258 3259 3260 3339 3340 3341 3342 3344 3345 3427 3428
moead,ns202,3,0,1750,35,112914961.925397,2008084.964844,0.000000,1.000000,1086 1214 1572 1711 1790 2147 2232 2261 2331 2387 2648 2730 2735 3166 3263 3395 3449 3502 3554 3588 3624 3734 4028 4180 4520 4659 4708 4857 5804 5856 6190 6282 6357 6945 6950 7922 8112 8238 8288 8349 8518 8525 8607 8671 8701 8725 8773
moead,ns202,3,1,1750,35,89133353.540913,1665900.429688,0.111111,0.888889,2683 2685 2687 2724 2820 2822 2824 2905 2907 2909 2912 2916 2990 2994 2996 3049 3076 3080 3082 3084 3086 3088 3161 3167 3169 3171 3173 3175 3176 3251 3253 3255 3257 3259 3260 3339 3341 3342 3345 3424 3427 3428 4999 8215 8265 8339 8341
moead,ns202,3,2,1750,35,88019662.155792,1562857.134766,0.222222,0.777778,2820 2822 2824 2867 2869 2872 2905 2907 2909 2912 2914 2992 2994 2996 2997 2998 3074 3076 3078 3080 3082 3084 3086 3087 3088 3090 3167 3169 3171 3173 3175 3253 3255 3257 3258 3259 3261 3337 3339 3341 3343 3345 3424 3426 3427 3428 8339
moead,ns202,3,3,1750,35,87459508.113485,1492832.652344,0.333333,0.666667,2822 2824 2867 2869 2905 2907 2909 2910 2912 2992 2994 2996 2999 3001 3080 3082 3084 3086 3087 3088 3089 3090 3163 3165 3167 3169 3171 3172 3173 3174 3175 3253 3255 3257 3258 3259 3260 3339 3341 3342 3344 3345 3424 3426 3427 3428 8339
moead,ns202,3,4,1750,35,87110643.248229,1447987.494141,0.444444,0.555556,2822 2824 2869 2905 2907 2909 2910 2912 2992 2994 2996 2998 2999 3001 3080 3082 3084 3086 3087 3088 3089 3090 3163 3165 3167 3169 3170 3171 3172 3173 3174 3175 3251 3253 3255 3256 3257 3258 3259 3339 3340 3341 3342 3345 3426 3427 3428
moead,ns202,3,5,1750,35,86924931.204211,1408405.193359,0.555556,0.444444,2731 2820 2822 2824 2869 2905 2907 2909 2910 2912 2994 2996 2997 2998 2999 3001 3080 3082 3084 3086 3087 3088 3089 3090 3165 3167 3169 3170 3171 3172 3173 3174 3175 3253 3255 3256 3257 3258 3259 3260 3339 3340 3341 3342 3345 3427 3428
moead,ns202,3,6,1750,35,86751739.301875,1387819.473633,0.666667,0.333333,2817 2820 2822 2824 2905 2907 2909 2910 2912 2994 2996 2997 2998 2999 3001 3080 3082 3084 3085 3086 3087 3088 3089 3090 3165 3167 3169 3170 3171 3172 3173 3174 3175 3253 3255 3256 3257 3258 3259 3339 3340 3341 3342 3345 3424 3427 3428
moead,ns202,3,7,1750,35,86612414.540867,1359613.290039,0.777778,0.222222,2817 2820 2822 2824 2905 2907 2909 2910 2912 2994 2995 2996 2997 2998 2999 3001 3080 3082 3083 3084 3085 3086 3088 3090 3165 3167 3169 3170 3171 3172 3173 3174 3175 3253 3255 3256 3257 3258 3259 3260 3340 3341 3342 3344 3345 3426 3428
moead,ns202,3,8,1750,35,86521372.288566,1335089.826172,0.888889,0.111111,2817 2820 2822 2824 2905 2907 2909 2910 2994 2995 2996 2997 2998 2999 3001 3002 3080 3082 3083 3084 3086 3087 3088 3167 3169 3170 3171 3172 3173 3174 3175 3253 3255 3256 3257 3258 3259 3260 3339 3340 3341 3342 3343 3344 3345 3427 3428
moead,ns202,3,9,1750,35,86443300.415992,1305703.304688,1.000000,0.000000,2730 2817 2820 2822 2905 2907 2909 2910 2994 2995 2996 2997 2998 2999 3001 3002 3080 3082 3083 3084 3085 3086 3087 3088 3167 3169 3170 3171 3172 3173 3174 3175 3253 3255 3256 3257 3258 3259 3260 3340 3341 3342 3344 3345 3426 3427 3428
moead,ns202,3,0,1800,36,112819279.054425,2008084.964844,0.000000,1.000000,1086 1214 1572 1711 1790 2147 2261 2331 2387 2648 2730 2735 3166 3263 3395 3449 3502 3554 3584 3588 3624 3734 4028 4180 4520 4653 4659 4708 4857 5804 5856 6190 6282 6357 6945 6950 7922 8080 8238 8288 8349 8518 8525 8671 8701 8725 8773
moead,ns202,3,1,1800,36,89133353.540913,1665900.429688,0.111111,0.888889,2683 2685 2687 2724 2820 2822 2824 2905 2907 2909 2912 2916 2990 2994 2996 3049 3076 3080 3082 3084 3086 3088 3161 3167 3169 3171 3173 3175 3176 3251 3253 3255 3257 3259 3260 3339 3341 3342 3345 3424 3427 3428 4999 8215 8265 8339 8341
moead,ns202,3,2,1800,36,87989153.404544,1561484.056641,0.222222,0.777778,2820 2822 2867 2869 2872 2905 2907 2909 2912 2914 2992 2994 2996 2997 2998 3074 3076 3078 3080 3082 3084 3086 3087 3088 3090 3167 3169 3171 3173 3175 3251 3253 3255 3257 3258 3259 3261 3337 3339 3341 3343 3345 3424 3426 3427 3428 8339
moead,ns202,3,3,1800,36,87454680.140559,1493791.863281,0.333333,0.666667,2822 2824 2867 2869 2905 2907 2909 2910 2912 2914 2994 2996 2999 3001 3080 3082 3084 3086 3087 3088 3089 3090 3163 3165 3167 3169 3171 3172 3173 3174 3175 3253 3255 3257 3258 3259 3260 3337 3339 3341 3343 3344 3345 3424 3426 3427 3428
moead,ns202,3,4,1800,36,87111797.750084,1452735.337891,0.444444,0.555556,2731 2824 2869 2905 2907 2909 2910 2912 2992 2994 2996 2997 2998 2999 3001 3080 3082 3084 3086 3087 3088 3089 3163 3165 3167 3169 3171 3172 3173 3174 3251 3253 3255 3257 3258 3259 3260 3339 3341 3342 3343 3344 3345 3424 3426 3427 3428
moead,ns202,3,5,1800,36,86909103.931300,1412549.330078,0.555556,0.444444,2820 2822 2824 2869 2905 2907 2909 2910 2912 2992 2994 2996 2997 2998 2999 3001 3080 3082 3084 3086 3087 3088 3089 3090 3165 3167 3169 3170 3171 3172 3173 3174 3175 3253 3255 3256 3257 3258 3259 3260 3339 3340 3341 3342 3345 3426 3428
moead,ns202,3,6,1800,36,86751739.301875,1387819.473633,0.666667,0.333333,2817 2820 2822 2824 2905 2907 2909 2910 2912 2994 2996 2997 2998 2999 3001 3080 3082 3084 3085 3086 3087 3088 3089 3090 3165 3167 3169 3170 3171 3172 3173 3174 3175 3253 3255 3256 3257 3258 3259 3339 3340 3341 3342 3345 3424 3427 3428
moead,ns202,3,7,1800,36,86612414.540867,1359613.290039,0.777778,0.222222,2817 2820 2822 2824 2905 2907 2909 2910 2912 2994 2995 2996 2997 2998 2999 3001 3080 3082 3083 3084 3085 3086 3088 3090 3165 3167 3169 3170 3171 3172 3173 3174 3175 3253 3255 3256 3257 3258 3259 3260 3340 3341 3342 3344 3345 3426 3428
moead,ns202,3,8,1800,36,86519391.870053,1341773.919922,0.888889,0.111111,2817 2820 2822 2824 2905 2907 2909 2910 2994 2995 2996 2997 2998 2999 3001 3002 3080 3082 3083 3084 3085 3086 3087 3088 3165 3167 3169 3170 3171 3172 3173 3174 3175 3253 3255 3256 3257 3258 3259 3260 3341 3342 3343 3344 3345 3427 3428
moead,ns202,3,9,1800,36,86443300.415992,1305703.304688,1.000000,0.000000,2730 2817 2820 2822 2905 2907 2909 2910 2994 2995 2996 2997 2998 2999 3001 3002 3080 3082 3083 3084 3085 3086 3087 3088 3167 3169 3170 3171 3172 3173 3174 3175 3253 3255 3256 3257 3258 3259 3260 3340 3341 3342 3344 3345 3426 3427 3428
moead,ns202,3,0,1850,37,113113958.787342,2008084.964844,0.000000,1.000000,1086 1214 1572 1711 1790 2147 2261 2331 2387 2648 2730 2735 3167 3263 3395 3449 3502 3554 3584 3588 3624 3734 4028 4180 4520 4653 4659 4708 4857 5804 5856 6190 6282 6357 6945 6950 7922 7948 8080 8238 8288 8349 8525 8671 8701 8725 8773
moead,ns202,3,1,1850,37,89133353.540913,1665900.429688,0.111111,0.888889,2683 2685 2687 2724 2820 2822 2824 2905 2907 2909 2912 2916 2990 2994 2996 3049 3076 3080 3082 3084 3086 3088 3161 3167 3169 3171 3173 3175 3176 3251 3253 3255 3257 3259 3260 3339 3341 3342 3345 3424 3427 3428 4999 8215 8265 8339 8341
moead,ns202,3,2,1850,37,87989153.404544,1561484.056641,0.222222,0.777778,2820 2822 2867 2869 2872 2905 2907 2909 2912 2914 2992 2994 2996 2997 2998 3074 3076 3078 3080 3082 3084 3086 3087 3088 3090 3167 3169 3171 3173 3175 3251 3253 3255 3257 3258 3259 3261 3337 3339 3341 3343 3345 3424 3426 3427 3428 8339
moead,ns202,3,3,1850,37,87454680.140559,1493791.863281,0.333333,0.666667,2822 2824 2867 2869 2905 2907 2909 2910 2912 2914 2994 2996 2999 3001 3080 3082 3084 3086 3087 3088 3089 3090 3163 3165 3167 3169 3171 3172 3173 3174 3175 3253 3255 3257 3258 3259 3260 3337 3339 3341 3343 3344 3345 3424 3426 3427 3428
moead,ns202,3,4,1850,37,87111797.750084,1452735.337891,0.444444,0.555556,2731 2824 2869 2905 2907 2909 2910 2912 2992 2994 2996 2997 2998 2999 3001 3080 3082 3084 3086 3087 3088 3089 3163 3165 3167 3169 3171 3172 3173 3174 3251 3253 3255 3257 3258 3259 3260 3339 3341 3342 3343 3344 3345 3424 3426 3427 3428
moead,ns202,3,5,1850,37,86880172.883009,1406567.175781,0.555556,0.444444,2820 2822 2824 2869 2905 2907 2909 2910 2912 2992 2994 2996 2997 2998 2999 3001 3082 3084 3085 3086 3087 3088 3089 3090 3165 3167 3169 3170 3171 3172 3173 3174 3175 3253 3255 3256 3257 3258 3259 3339 3340 3341 3342 3345 3424 3427 3428
moead,ns202,3,6,1850,37,86714957.797052,1384150.056641,0.666667,0.333333,2817 2820 2822 2824 2905 2907 2909 2910 2912 2994 2996 2997 2998 2999 3001 3080 3082 3084 3085 3086 3087 3088 3089 3090 3165 3167 3169 3170 3171 3172 3173 3174 3175 3253 3255 3256 3257 3258 3259 3260 3339 3340 3341 3342 3345 3426 3428
moead,ns202,3,7,1850,37,86602262.813519,1363342.612305,0.777778,0.222222,2817 2820 2822 2824 2905 2907 2909 2910 2912 2994 2996 2997 2998 2999 3001 3002 3080 3082 3083 3084 3085 3086 3087 3088 3165 3167 3169 3170 3171 3172 3173 3174 3175 3253 3255 3256 3257 3258 3259 3260 3340 3341 3342 3344 3345 3426 3428
moead,ns202,3,8,1850,37,86502942.909272,1333409.107422,0.888889,0.111111,2817 2820 2822 2824 2905 2907 2909 2910 2994 2995 2996 2997 2998 2999 3001 3002 3080 3082 3083 3084 3085 3086 3087 3088 3167 3169 3170 3171 3172 3173 3174 3175 3253 3255 3256 3257 3258 3259 3260 3339 3340 3341 3342 3344 3345 3427 3428
moead,ns202,3,9,1850,37,86423203.565081,1301838.515625,1.000000,0.000000,2730 2817 2820 2822 2905 2907 2909 2910 2994 2995 2996 2997 2998 2999 3001 3002 3080 3082 3083 3084 3085 3086 3087 3088 3167 3169 3170 3171 3172 3173 3174 3175 3255 3256 3257 3258 3259 3260 3339 3340 3341 3342 3343 3344 3345 3427 3428
moead,ns202,3,0,1900,38,113440336.527771,2008084.964844,0.000000,1.000000,1086 1214 1572 1711 1790 2147 2261 2331 2387 2648 2730 2735 3167 3263 3449 3502 3554 3584 3588 3624 3734 4028 4133 4180 4520 4653 4659 4708 4857 5804 5856 6190 6282 6357 6945 6950 7922 7948 8080 8238 8288 8349 8525 8671 8701 8725 8773
moead,ns202,3,1,1900,38,89133353.540913,1665900.429688,0.111111,0.888889,2683 2685 2687 2724 2820 2822 2824 2905 2907 2909 2912 2916 2990 2994 2996 3049 3076 3080 3082 3084 3086 3088 3161 3167 3169 3171 3173 3175 3176 3251 3253 3255 3257 3259 3260 3339 3341 3342 3345 3424 3427 3428 4999 8215 8265 8339 8341
moead,ns202,3,2,1900,38,87989153.404544,1561484.056641,0.222222,0.777778,2820 2822 2867 2869 2872 2905 2907 2909 2912 2914 2992 2994 2996 2997 2998 3074 3076 3078 3080 3082 3084 3086 3087 3088 3090 3167 3169 3171 3173 3175 3251 3253 3255 3257 3258 3259 3261 3337 3339 3341 3343 3345 3424 3426 3427 3428 8339
moead,ns202,3,3,1900,38,87435425.088658,1498931.601562,0.333333,0.666667,2822 2824 2867 2869 2905 2907 2909 2910 2912 2992 2994 2996 2998 2999 3001 3080 3082 3084 3086 3087 3088 3089 3091 3163 3165 3167 3169 3171 3172 3173 3174 3175 3253 3255 3257 3258 3259 3260 3337 3339 3341 3343 3345 3424 3426 3427 3428
moead,ns202,3,4,1900,38,87088714.650601,1451289.847656,0.444444,0.555556,2822 2824 2869 2905 2907 2909 2910 2912 2992 2994 2996 2997 2998 2999 3001 3080 3082 3084 3086 3087 3088 3089 3163 3165 3167 3169 3171 3172 3173 3174 3251 3253 3255 3257 3258 3259 3260 3339 3341 3342 3343 3344 3345 3424 3426 3427 3428
moead,ns202,3,5,1900,38,86880172.883009,1406567.175781,0.555556,0.444444,2820 2822 2824 2869 2905 2907 2909 2910 2912 2992 2994 2996 2997 2998 2999 3001 3082 3084 3085 3086 3087 3088 3089 3090 3165 3167 3169 3170 3171 3172 3173 3174 3175 3253 3255 3256 3257 3258 3259 3339 3340 3341 3342 3345 3424 3427 3428
moead,ns202,3,6,1900,38,86714957.797052,1384150.056641,0.666667,0.333333,2817 2820 2822 2824 2905 2907 2909 2910 2912 2994 2996 2997 2998 2999 3001 3080 3082 3084 3085 3086 3087 3088 3089 3090 3165 3167 3169 3170 3171 3172 3173 3174 3175 3253 3255 3256 3257 3258 3259 3260 3339 3340 3341 3342 3345 3426 3428
moead,ns202,3,7,1900,38,86576384.652218,1359561.855469,0.777778,0.222222,2817 2820 2822 2824 2905 2907 2909 2910 2912 2994 2996 2997 2998 2999 3001 3002 3080 3082 3083 3084 3085 3086 3087 3088 3165 3167 3169 3170 3171 3172 3173 3174 3175 3253 3255 3256 3257 3258 3259 3260 3341 3342 3343 3344 3345 3426 3428
moead,ns202,3,8,1900,38,86486462.343466,1326686.365234,0.888889,0.111111,2817 2820 2822 2824 2905 2907 2909 2910 2994 2995 2996 2997 2998 2999 3001 3002 3080 3082 3083 3084 3085 3086 3087 3088 3167 3169 3170 3171 3172 3173 3174 3175 3253 3255 3256 3257 3258 3259 3260 3340 3341 3342 3344 3345 3426 3427 3428
moead,ns202,3,9,1900,38,86411388.627108,1302392.076172,1.000000,0.000000,2730 2817 2820 2822 2905 2907 2909 2910 2994 2995 2996 2997 2998 2999 3001 3002 3080 3082 3083 3084 3085 3086 3087 3088 3167 3169 3170 3171 3172 3173 3174 3175 3253 3255 3256 3257 3258 3259 3260 3340 3341 3342 3343 3344 3345 3427 3428
moead,ns202,3,0,1950,39,112902762.952640,2008084.964844,0.000000,1.000000,1086 1214 1572 1711 1790 2147 2261 2387 2433 2648 2730 2735 3167 3263 3449 3502 3554 3584 3588 3624 3734 4028 4133 4520 4580 4653 4659 4708 4857 5365 5804 5856 6190 6282 6357 6945 6950 7922 7948 8080 8238 8288 8349 8671 8701 8725 8773
moead,ns202,3,1,1950,39,89118549.957773,1670936.746094,0.111111,0.888889,2683 2685 2687 2820 2822 2824 2905 2907 2909 2912 2916 2963 2990 2994 2996 3049 3076 3080 3082 3084 3086 3088 3161 3167 3169 3171 3173 3175 3176 3253 3255 3257 3258 3259 3260 3337 3339 3341 3342 3345 3427 3428 8184 8215 8265 8339 8341
moead,ns202,3,2,1950,39,87989153.404544,1561484.056641,0.222222,0.777778,2820 2822 2867 2869 2872 2905 2907 2909 2912 2914 2992 2994 2996 2997 2998 3074 3076 3078 3080 3082 3084 3086 3087 3088 3090 3167 3169 3171 3173 3175 3251 3253 3255 3257 3258 3259 3261 3337 3339 3341 3343 3345 3424 3426 3427 3428 8339
moead,ns202,3,3,1950,39,87435425.088658,1498931.601562,0.333333,0.666667,2822 2824 2867 2869 2905 2907 2909 2910 2912 2992 2994 2996 2998 2999 3001 3080 3082 3084 3086 3087 3088 3089 3091 3163 3165 3167 3169 3171 3172 3173 3174 3175 3253 3255 3257 3258 3259 3260 3337 3339 3341 3343 3345 3424 3426 3427 3428
moead,ns202,3,4,1950,39,87088714.650601,1451289.847656,0.444444,0.555556,2822 2824 2869 2905 2907 2909 2910 2912 2992 2994 2996 2997 2998 2999 3001 3080 3082 3084 3086 3087 3088 3089 3163 3165 3167 3169 3171 3172 3173 3174 3251 3253 3255 3257 3258 3259 3260 3339 3341 3342 3343 3344 3345 3424 3426 3427 3428
moead,ns202,3,5,1950,39,86880172.883009,1406567.175781,0.555556,0.444444,2820 2822 2824 2869 2905 2907 2909 2910 2912 2992 2994 2996 2997 2998 2999 3001 3082 3084 3085 3086 3087 3088 3089 3090 3165 3167 3169 3170 3171 3172 3173 3174 3175 3253 3255 3256 3257 3258 3259 3339 3340 3341 3342 3345 3424 3427 3428
moead,ns202,3,6,1950,39,86714957.797052,1384150.056641,0.666667,0.333333,2817 2820 2822 2824 2905 2907 2909 2910 2912 2994 2996 2997 2998 2999 3001 3080 3082 3084 3085 3086 3087 3088 3089 3090 3165 3167 3169 3170 3171 3172 3173 3174 3175 3253 3255 3256 3257 3258 3259 3260 3339 3340 3341 3342 3345 3426 3428
moead,ns202,3,7,1950,39,86576384.652218,1359561.855469,0.777778,0.222222,2817 2820 2822 2824 2905 2907 2909 2910 2912 2994 2996 2997 2998 2999 3001 3002 3080 3082 3083 3084 3085 3086 3087 3088 3165 3167 3169 3170 3171 3172 3173 3174 3175 3253 3255 3256 3257 3258 3259 3260 3341 3342 3343 3344 3345 3426 3428
moead,ns202,3,8,1950,39,86486462.343466,1326686.365234,0.888889,0.111111,2817 2820 2822 2824 2905 2907 2909 2910 2994 2995 2996 2997 2998 2999 3001 3002 3080 3082 3083 3084 3085 3086 3087 3088 3167 3169 3170 3171 3172 3173 3174 3175 3253 3255 3256 3257 3258 3259 3260 3340 3341 3342 3344 3345 3426 3427 3428
moead,ns202,3,9,1950,39,86411388.627108,1302392.076172,1.000000,0.000000,2730 2817 2820 2822 2905 2907 2909 2910 2994 2995 2996 2997 2998 2999 3001 3002 3080 3082 3083 3084 3085 3086 3087 3088 3167 3169 3170 3171 3172 3173 3174 3175 3253 3255 3256 3257 3258 3259 3260 3340 3341 3342 3343 3344 3345 3427 3428
moead,ns202,3,0,2000,40,112736482.494501,2008084.964844,0.000000,1.000000,1086 1214 1572 1711 1790 2147 2261 2387 2433 2648 2730 2735 3167 3263 3449 3502 3554 3584 3588 3624 3734 4028 4133 4580 4653 4659 4708 4857 5365 5804 5856 6190 6282 6357 6945 6950 7922 7948 8080 8238 8288 8330 8349 8671 8701 8725 8773
moead,ns202,3,1,2000,40,89118549.957773,1670936.746094,0.111111,0.888889,2683 2685 2687 2820 2822 2824 2905 2907 2909 2912 2916 2963 2990 2994 2996 3049 3076 3080 3082 3084 3086 3088 3161 3167 3169 3171 3173 3175 3176 3253 3255 3257 3258 3259 3260 3337 3339 3341 3342 3345 3427 3428 8184 8215 8265 8339 8341
moead,ns202,3,2,2000,40,87989153.404544,1561484.056641,0.222222,0.777778,2820 2822 2867 2869 2872 2905 2907 2909 2912 2914 2992 2994 2996 2997 2998 3074 3076 3078 3080 3082 3084 3086 3087 3088 3090 3167 3169 3171 3173 3175 3251 3253 3255 3257 3258 3259 3261 3337 3339 3341 3343 3345 3424 3426 3427 3428 8339
moead,ns202,3,3,2000,40,87435425.088658,1498931.601562,0.333333,0.666667,2822 2824 2867 2869 2905 2907 2909 2910 2912 2992 2994 2996 2998 2999 3001 3080 3082 3084 3086 3087 3088 3089 3091 3163 3165 3167 3169 3171 3172 3173 3174 3175 3253 3255 3257 3258 3259 3260 3337 3339 3341 3343 3345 3424 3426 3427 3428
moead,ns202,3,4,2000,40,87088714.650601,1451289.847656,0.444444,0.555556,2822 2824 2869 2905 2907 2909 2910 2912 2992 2994 2996 2997 2998 2999 3001 3080 3082 3084 3086 3087 3088 3089 3163 3165 3167 3169 3171 3172 3173 3174 3251 3253 3255 3257 3258 3259 3260 3339 3341 3342 3343 3344 3345 3424 3426 3427 3428
moead,ns202,3,5,2000,40,86873888.302506,1418848.416016,0.555556,0.444444,2817 2820 2822 2824 2905 2907 2909 2910 2912 2994 2996 2997 2998 2999 3001 3080 3082 3084 3086 3087 3088 3089 3163 3165 3167 3169 3171 3172 3173 3174 3251 3253 3255 3256 3257 3258 3259 3260 3339 3340 3341 3342 3343 3344 3345 3426 3428
moead,ns202,3,6,2000,40,86714957.797052,1384150.056641,0.666667,0.333333,2817 2820 2822 2824 2905 2907 2909 2910 2912 2994 2996 2997 2998 2999 3001 3080 3082 3084 3085 3086 3087 3088 3089 3090 3165 3167 3169 3170 3171 3172 3173 3174 3175 3253 3255 3256 3257 3258 3259 3260 3339 3340 3341 3342 3345 3426 3428
moead,ns202,3,7,2000,40,86576384.652218,1359561.855469,0.777778,0.222222,2817 2820 2822 2824 2905 2907 2909 2910 2912 2994 2996 2997 2998 2999 3001 3002 3080 3082 3083 3084 3085 3086 3087 3088 3165 3167 3169 3170 3171 3172 3173 3174 3175 3253 3255 3256 3257 3258 3259 3260 3341 3342 3343 3344 3345 3426 3428
moead,ns202,3,8,2000,40,86486462.343466,1326686.365234,0.888889,0.111111,2817 2820 2822 2824 2905 2907 2909 2910 2994 2995 2996 2997 2998 2999 3001 3002 3080 3082 3083 3084 3085 3086 3087 3088 3167 3169 3170 3171 3172 3173 3174 3175 3253 3255 3256 3257 3258 3259 3260 3340 3341 3342 3344 3345 3426 3427 3428
moead,ns202,3,9,2000,40,86411388.627108,1302392.076172,1.000000,0.000000,2730 2817 2820 2822 2905 2907 2909 2910 2994 2995 2996 2997 2998 2999 3001 3002 3080 3082 3083 3084 3085 3086 3087 3088 3167 3169 3170 3171 3172 3173 3174 3175 3253 3255 3256 3257 3258 3259 3260 3340 3341 3342 3343 3344 3345 3427 3428
moead,ns202,3,0,2050,41,112552317.833074,2008084.964844,0.000000,1.000000,1086 1214 1572 1711 1790 2147 2261 2387 2433 2648 2730 2735 3167 3263 3399 3449 3502 3554 3584 3588 3624 4028 4133 4580 4653 4659 4708 4857 5365 5804 5856 6190 6282 6357 6945 6950 7922 7948 8080 8238 8288 8330 8349 8671 8701 8725 8773
moead,ns202,3,1,2050,41,89118549.957773,1670936.746094,0.111111,0.888889,2683 2685 2687 2820 2822 2824 2905 2907 2909 2912 2916 2963 2990 2994 2996 3049 3076 3080 3082 3084 3086 3088 3161 3167 3169 3171 3173 3175 3176 3253 3255 3257 3258 3259 3260 3337 3339 3341 3342 3345 3427 3428 8184 8215 8265 8339 8341
moead,ns202,3,2,2050,41,87989153.404544,1561484.056641,0.222222,0.777778,2820 2822 2867 2869 2872 2905 2907 2909 2912 2914 2992 2994 2996 2997 2998 3074 3076 3078 3080 3082 3084 3086 3087 3088 3090 3167 3169 3171 3173 3175 3251 3253 3255 3257 3258 3259 3261 3337 3339 3341 3343 3345 3424 3426 3427 3428 8339
moead,ns202,3,3,2050,41,87435425.088658,1498931.601562,0.333333,0.666667,2822 2824 2867 2869 2905 2907 2909 2910 2912 2992 2994 2996 2998 2999 3001 3080 3082 3084 3086 3087 3088 3089 3091 3163 3165 3167 3169 3171 3172 3173 3174 3175 3253 3255 3257 3258 3259 3260 3337 3339 3341 3343 3345 3424 3426 3427 3428
moead,ns202,3,4,2050,41,87088714.650601,1451289.847656,0.444444,0.555556,2822 2824 2869 2905 2907 2909 2910 2912 2992 2994 2996 2997 2998 2999 3001 3080 3082 3084 3086 3087 3088 3089 3163 3165 3167 3169 3171 3172 3173 3174 3251 3253 3255 3257 3258 3259 3260 3339 3341 3342 3343 3344 3345 3424 3426 3427 3428
moead,ns202,3,5,2050,41,86873888.302506,1418848.416016,0.555556,0.444444,2817 2820 2822 2824 2905 2907 2909 2910 2912 2994 2996 2997 2998 2999 3001 3080 3082 3084 3086 3087 3088 3089 3163 3165 3167 3169 3171 3172 3173 3174 3251 3253 3255 3256 3257 3258 3259 3260 3339 3340 3341 3342 3343 3344 3345 3426 3428
moead,ns202,3,6,2050,41,86714957.797052,1384150.056641,0.666667,0.333333,2817 2820 2822 2824 2905 2907 2909 2910 2912 2994 2996 2997 2998 2999 3001 3080 3082 3084 3085 3086 3087 3088 3089 3090 3165 3167 3169 3170 3171 3172 3173 3174 3175 3253 3255 3256 3257 3258 3259 3260 3339 3340 3341 3342 3345 3426 3428
moead,ns202,3,7,2050,41,86588707.223291,1366817.031250,0.777778,0.222222,2817 2820 2822 2824 2905 2907 2909 2910 2912 2994 2996 2997 2998 2999 3001 3002 3080 3082 3083 3084 3085 3086 3087 3088 3165 3167 3169 3170 3171 3172 3173 3174 3253 3255 3256 3257 3258 3259 3260 3339 3341 3342 3343 3344 3345 3426 3428
moead,ns202,3,8,2050,41,86481602.113721,1327066.188477,0.888889,0.111111,2817 2819 2820 2822 2824 2905 2907 2909 2994 2995 2996 2997 2998 2999 3001 3002 3080 3082 3083 3084 3085 3086 3087 3088 3167 3169 3170 3171 3172 3173 3174 3175 3253 3255 3256 3257 3258 3259 3260 3340 3341 3342 3343 3344 3345 3426 3428
moead,ns202,3,9,2050,41,86411388.627108,1302392.076172,1.000000,0.000000,2730 2817 2820 2822 2905 2907 2909 2910 2994 2995 2996 2997 2998 2999 3001 3002 3080 3082 3083 3084 3085 3086 3087 3088 3167 3169 3170 3171 3172 3173 3174 3175 3253 3255 3256 3257 3258 3259 3260 3340 3341 3342 3343 3344 3345 3427 3428
moead,ns202,3,0,2100,42,113016217.655963,2008084.964844,0.000000,1.000000,829 1086 1154 1214 1296 1572 1711 1790 2147 2261 2387 2433 2648 2730 2735 3167 3263 3399 3449 3502 3554 3584 3588 3624 4580 4653 4659 4708 4857 5365 5804 5856 6190 6282 6357 6945 6950 7922 7948 8080 8238 8288 8330 8349 8671 8725 8773
moead,ns202,3,1,2100,42,89118549.957773,1670936.746094,0.111111,0.888889,2683 2685 2687 2820 2822 2824 2905 2907 2909 2912 2916 2963 2990 2994 2996 3049 3076 3080 3082 3084 3086 3088 3161 3167 3169 3171 3173 3175 3176 3253 3255 3257 3258 3259 3260 3337 3339 3341 3342 3345 3427 3428 8184 8215 8265 8339 8341
moead,ns202,3,2,2100,42,87989153.404544,1561484.056641,0.222222,0.777778,2820 2822 2867 2869 2872 2905 2907 2909 2912 2914 2992 2994 2996 2997 2998 3074 3076 3078 3080 3082 3084 3086 3087 3088 3090 3167 3169 3171 3173 3175 3251 3253 3255 3257 3258 3259 3261 3337 3339 3341 3343 3345 3424 3426 3427 3428 8339
moead,ns202,3,3,2100,42,87424410.454924,1498402.593750,0.333333,0.666667,2822 2824 2867 2869 2905 2907 2909 2910 2912 2992 2994 2996 2998 2999 3001 3078 3080 3082 3084 3086 3087 3088 3089 3091 3163 3165 3167 3169 3171 3172 3173 3174 3251 3253 3255 3257 3258 3259 3260 3339 3341 3343 3344 3345 3426 3427 3428
moead,ns202,3,4,2100,42,87088714.650601,1451289.847656,0.444444,0.555556,2822 2824 2869 2905 2907 2909 2910 2912 2992 2994 2996 2997 2998 2999 3001 3080 3082 3084 3086 3087 3088 3089 3163 3165 3167 3169 3171 3172 3173 3174 3251 3253 3255 3257 3258 3259 3260 3339 3341 3342 3343 3344 3345 3424 3426 3427 3428
moead,ns202,3,5,2100,42,86873888.302506,1418848.416016,0.555556,0.444444,2817 2820 2822 2824 2905 2907 2909 2910 2912 2994 2996 2997 2998 2999 3001 3080 3082 3084 3086 3087 3088 3089 3163 3165 3167 3169 3171 3172 3173 3174 3251 3253 3255 3256 3257 3258 3259 3260 3339 3340 3341 3342 3343 3344 3345 3426 3428
moead,ns202,3,6,2100,42,86714957.797052,1384150.056641,0.666667,0.333333,2817 2820 2822 2824 2905 2907 2909 2910 2912 2994 2996 2997 2998 2999 3001 3080 3082 3084 3085 3086 3087 3088 3089 3090 3165 3167 3169 3170 3171 3172 3173 3174 3175 3253 3255 3256 3257 3258 3259 3260 3339 3340 3341 3342 3345 3426 3428
moead,ns202,3,7,2100,42,86588707.223291,1366817.031250,0.777778,0.222222,2817 2820 2822 2824 2905 2907 2909 2910 2912 2994 2996 2997 2998 2999 3001 3002 3080 3082 3083 3084 3085 3086 3087 3088 3165 3167 3169 3170 3171 3172 3173 3174 3253 3255 3256 3257 3258 3259 3260 3339 3341 3342 3343 3344 3345 3426 3428
moead,ns202,3,8,2100,42,86481602.113721,1327066.188477,0.888889,0.111111,2817 2819 2820 2822 2824 2905 2907 2909 2994 2995 2996 2997 2998 2999 3001 3002 3080 3082 3083 3084 3085 3086 3087 3088 3167 3169 3170 3171 3172 3173 3174 3175 3253 3255 3256 3257 3258 3259 3260 3340 3341 3342 3343 3344 3345 3426 3428
moead,ns202,3,9,2100,42,86411388.627108,1302392.076172,1.000000,0.000000,2730 2817 2820 2822 2905 2907 2909 2910 2994 2995 2996 2997 2998 2999 3001 3002 3080 3082 3083 3084 3085 3086 3087 3088 3167 3169 3170 3171 3172 3173 3174 3175 3253 3255 3256 3257 3258 3259 3260 3340 3341 3342 3343 3344 3345 3427 3428
moead,ns202,3,0,2150,43,112869197.601337,2008084.964844,0.000000,1.000000,1086 1154 1214 1296 1711 1790 1867 2147 2261 2387 2433 2648 2730 2735 3167 3263 3399 3449 3502 3554 3584 3588 3624 4580 4653 4659 4708 4857 5365 5804 5856 6190 6282 6357 6945 6950 7922 7948 8080 8238 8288 8330 8349 8671 8723 8725 8773
moead,ns202,3,1,2150,43,89118549.957773,1670936.746094,0.111111,0.888889,2683 2685 2687 2820 2822 2824 2905 2907 2909 2912 2916 2963 2990 2994 2996 3049 3076 3080 3082 3084 3086 3088 3161 3167 3169 3171 3173 3175 3176 3253 3255 3257 3258 3259 3260 3337 3339 3341 3342 3345 3427 3428 8184 8215 8265 8339 8341
moead,ns202,3,2,2150,43,87989153.404544,1561484.056641,0.222222,0.777778,2820 2822 2867 2869 2872 2905 2907 2909 2912 2914 2992 2994 2996 2997 2998 3074 3076 3078 3080 3082 3084 3086 3087 3088 3090 3167 3169 3171 3173 3175 3251 3253 3255 3257 3258 3259 3261 3337 3339 3341 3343 3345 3424 3426 3427 3428 8339
moead,ns202,3,3,2150,43,87424410.454924,1498402.593750,0.333333,0.666667,2822 2824 2867 2869 2905 2907 2909 2910 2912 2992 2994 2996 2998 2999 3001 3078 3080 3082 3084 3086 3087 3088 3089 3091 3163 3165 3167 3169 3171 3172 3173 3174 3251 3253 3255 3257 3258 3259 3260 3339 3341 3343 3344 3345 3426 3427 3428
moead,ns202,3,4,2150,43,87088714.650601,1451289.847656,0.444444,0.555556,2822 2824 2869 2905 2907 2909 2910 2912 2992 2994 2996 2997 2998 2999 3001 3080 3082 3084 3086 3087 3088 3089 3163 3165 3167 3169 3171 3172 3173 3174 3251 3253 3255 3257 3258 3259 3260 3339 3341 3342 3343 3344 3345 3424 3426 3427 3428
moead,ns202,3,5,2150,43,86873888.302506,1418848.416016,0.555556,0.444444,2817 2820 2822 2824 2905 2907 2909 2910 2912 2994 2996 2997 2998 2999 3001 3080 3082 3084 3086 3087 3088 3089 3163 3165 3167 3169 3171 3172 3173 3174 3251 3253 3255 3256 3257 3258 3259 3260 3339 3340 3341 3342 3343 3344 3345 3426 3428
moead,ns202,3,6,2150,43,86714957.797052,1384150.056641,0.666667,0.333333,2817 2820 2822 2824 2905 2907 2909 2910 2912 2994 2996 2997 2998 2999 3001 3080 3082 3084 3085 3086 3087 3088 3089 3090 3165 3167 3169 3170 3171 3172 3173 3174 3175 3253 3255 3256 3257 3258 3259 3260 3339 3340 3341 3342 3345 3426 3428
moead,ns202,3,7,2150,43,86588707.223291,1366817.031250,0.777778,0.222222,2817 2820 2822 2824 2905 2907 2909 2910 2912 2994 2996 2997 2998 2999 3001 3002 3080 3082 3083 3084 3085 3086 3087 3088 3165 3167 3169 3170 3171 3172 3173 3174 3253 3255 3256 3257 3258 3259 3260 3339 3341 3342 3343 3344 3345 3426 3428
moead,ns202,3,8,2150,43,86481602.113721,1327066.188477,0.888889,0.111111,2817 2819 2820 2822 2824 2905 2907 2909 2994 2995 2996 2997 2998 2999 3001 3002 3080 3082 3083 3084 3085 3086 3087 3088 3167 3169 3170 3171 3172 3173 3174 3175 3253 3255 3256 3257 3258 3259 3260 3340 3341 3342 3343 3344 3345 3426 3428
moead,ns202,3,9,2150,43,86407782.763356,1304460.937500,1.000000,0.000000,2730 2817 2820 2822 2905 2907 2909 2910 2994 2995 2996 2997 2998 2999 3001 3002 3080 3082 3083 3084 3085 3086 3087 3088 3167 3168 3169 3170 3171 3172 3173 3174 3175 3253 3255 3256 3257 3258 3259 3260 3340 3341 3342 3343 3344 3426 3428
moead,ns202,3,0,2200,44,112763825.330267,2008084.964844,0.000000,1.000000,1086 1154 1214 1711 1790 1867 2147 2261 2387 2433 2648 2730 2735 2752 3167 3263 3399 3449 3502 3554 3584 3588 3624 4580 4653 4659 4708 4857 5365 5804 5856 6190 6282 6357 6945 6950 7922 7948 8080 8238 8288 8330 8349 8671 8723 8725 8773
moead,ns202,3,1,2200,44,89118549.957773,1670936.746094,0.111111,0.888889,2683 2685 2687 2820 2822 2824 2905 2907 2909 2912 2916 2963 2990 2994 2996 3049 3076 3080 3082 3084 3086 3088 3161 3167 3169 3171 3173 3175 3176 3253 3255 3257 3258 3259 3260 3337 3339 3341 3342 3345 3427 3428 8184 8215 8265 8339 8341
moead,ns202,3,2,2200,44,87989153.404544,1561484.056641,0.222222,0.777778,2820 2822 2867 2869 2872 2905 2907 2909 2912 2914 2992 2994 2996 2997 2998 3074 3076 3078 3080 3082 3084 3086 3087 3088 3090 3167 3169 3171 3173 3175 3251 3253 3255 3257 3258 3259 3261 3337 3339 3341 3343 3345 3424 3426 3427 3428 8339
moead,ns202,3,3,2200,44,87424410.454924,1498402.593750,0.333333,0.666667,2822 2824 2867 2869 2905 2907 2909 2910 2912 2992 2994 2996 2998 2999 3001 3078 3080 3082 3084 3086 3087 3088 3089 3091 3163 3165 3167 3169 3171 3172 3173 3174 3251 3253 3255 3257 3258 3259 3260 3339 3341 3343 3344 3345 3426 3427 3428
moead,ns202,3,4,2200,44,87088714.650601,1451289.847656,0.444444,0.555556,2822 2824 2869 2905 2907 2909 2910 2912 2992 2994 2996 2997 2998 2999 3001 3080 3082 3084 3086 3087 3088 3089 3163 3165 3167 3169 3171 3172 3173 3174 3251 3253 3255 3257 3258 3259 3260 3339 3341 3342 3343 3344 3345 3424 3426 3427 3428
moead,ns202,3,5,2200,44,86873888.302506,1418848.416016,0.555556,0.444444,2817 2820 2822 2824 2905 2907 2909 2910 2912 2994 2996 2997 2998 2999 3001 3080 3082 3084 3086 3087 3088 3089 3163 3165 3167 3169 3171 3172 3173 3174 3251 3253 3255 3256 3257 3258 3259 3260 3339 3340 3341 3342 3343 3344 3345 3426 3428
moead,ns202,3,6,2200,44,86714957.797052,1384150.056641,0.666667,0.333333,2817 2820 2822 2824 2905 2907 2909 2910 2912 2994 2996 2997 2998 2999 3001 3080 3082 3084 3085 3086 3087 3088 3089 3090 3165 3167 3169 3170 3171 3172 3173 3174 3175 3253 3255 3256 3257 3258 3259 3260 3339 3340 3341 3342 3345 3426 3428
moead,ns202,3,7,2200,44,86588707.223291,1366817.031250,0.777778,0.222222,2817 2820 2822 2824 2905 2907 2909 2910 2912 2994 2996 2997 2998 2999 3001 3002 3080 3082 3083 3084 3085 3086 3087 3088 3165 3167 3169 3170 3171 3172 3173 3174 3253 3255 3256 3257 3258 3259 3260 3339 3341 3342 3343 3344 3345 3426 3428
moead,ns202,3,8,2200,44,86481602.113721,1327066.188477,0.888889,0.111111,2817 2819 2820 2822 2824 2905 2907 2909 2994 2995 2996 2997 2998 2999 3001 3002 3080 3082 3083 3084 3085 3086 3087 3088 3167 3169 3170 3171 3172 3173 3174 3175 3253 3255 3256 3257 3258 3259 3260 3340 3341 3342 3343 3344 3345 3426 3428
moead,ns202,3,9,2200,44,86407782.763356,1304460.937500,1.000000,0.000000,2730 2817 2820 2822 2905 2907 2909 2910 2994 2995 2996 2997 2998 2999 3001 3002 3080 3082 3083 3084 3085 3086 3087 3088 3167 3168 3169 3170 3171 3172 3173 3174 3175 3253 3255 3256 3257 3258 3259 3260 3340 3341 3342 3343 3344 3426 3428
moead,ns202,3,0,2250,45,112763825.330267,2008084.964844,0.000000,1.000000,1086 1154 1214 1711 1790 1867 2147 2261 2387 2433 2648 2730 2735 2752 3167 3263 3399 3449 3502 3554 3584 3588 3624 4580 4653 4659 4708 4857 5365 5804 5856 6190 6282 6357 6945 6950 7922 7948 8080 8238 8288 8330 8349 8671 8723 8725 8773
moead,ns202,3,1,2250,45,89055268.772997,1673128.468750,0.111111,0.888889,2683 2685 2687 2820 2822 2824 2905 2907 2909 2912 2916 2990 2994 2996 3049 3076 3080 3082 3084 3086 3088 3161 3165 3167 3169 3171 3173 3175 3176 3251 3253 3255 3257 3258 3259 3260 3339 3341 3345 3424 3426 3428 8184 8215 8265 8339 8341
moead,ns202,3,2,2250,45,87890912.067967,1553909.804688,0.222222,0.777778,2822 2824 2867 2869 2905 2907 2909 2910 2912 2992 2994 2996 2998 3001 3050 3080 3082 3084 3086 3087 3088 3089 3091 3163 3165 3167 3169 3171 3172 3173 3174 3253 3255 3257 3258 3259 3260 3337 3339 3341 3343 3345 3426 3427 3428 8339 8341
moead,ns202,3,3,2250,45,87424410.454924,1498402.593750,0.333333,0.666667,2822 2824 2867 2869 2905 2907 2909 2910 2912 2992 2994 2996 2998 2999 3001 3078 3080 3082 3084 3086 3087 3088 3089 3091 3163 3165 3167 3169 3171 3172 3173 3174 3251 3253 3255 3257 3258 3259 3260 3339 3341 3343 3344 3345 3426 3427 3428
moead,ns202,3,4,2250,45,87088714.650601,1451289.847656,0.444444,0.555556,2822 2824 2869 2905 2907 2909 2910 2912 2992 2994 2996 2997 2998 2999 3001 3080 3082 3084 3086 3087 3088 3089 3163 3165 3167 3169 3171 3172 3173 3174 3251 3253 3255 3257 3258 3259 3260 3339 3341 3342 3343 3344 3345 3424 3426 3427 3428
moead,ns202,3,5,2250,45,86873888.302506,1418848.416016,0.555556,0.444444,2817 2820 2822 2824 2905 2907 2909 2910 2912 2994 2996 2997 2998 2999 3001 3080 3082 3084 3086 3087 3088 3089 3163 3165 3167 3169 3171 3172 3173 3174 3251 3253 3255 3256 3257 3258 3259 3260 3339 3340 3341 3342 3343 3344 3345 3426 3428
moead,ns202,3,6,2250,45,86694160.737887,1379318.054688,0.666667,0.333333,2817 2820 2824 2905 2907 2909 2910 2912 2994 2996 2997 2998 2999 3001 3080 3082 3084 3085 3086 3087 3088 3089 3090 3165 3167 3169 3170 3171 3172 3173 3174 3177 3253 3255 3256 3257 3258 3259 3260 3339 3341 3342 3343 3344 3345 3426 3428
moead,ns202,3,7,2250,45,86565619.959509,1354632.379883,0.777778,0.222222,2817 2820 2822 2824 2905 2907 2909 2910 2994 2995 2996 2997 2998 2999 3001 3002 3080 3082 3083 3084 3085 3086 3087 3088 3165 3167 3169 3170 3171 3172 3173 3174 3253 3255 3256 3257 3258 3259 3260 3339 3340 3341 3342 3344 3345 3426 3428
moead,ns202,3,8,2250,45,86462577.911665,1326621.318359,0.888889,0.111111,2817 2820 2822 2824 2905 2907 2909 2910 2994 2995 2996 2997 2998 2999 3001 3002 3080 3082 3083 3084 3085 3086 3087 3088 3167 3169 3170 3171 3172 3173 3174 3175 3253 3255 3256 3257 3258 3259 3260 3340 3341 3342 3343 3344 3345 3426 3428
moead,ns202,3,9,2250,45,86395768.586106,1295742.222656,1.000000,0.000000,2730 2817 2820 2822 2905 2907 2909 2910 2994 2995 2996 2997 2998 2999 3001 3002 3080 3082 3083 3084 3085 3086 3087 3088 3167 3168 3169 3170 3171 3172 3173 3174 3175 3255 3256 3257 3258 3259 3260 3340 3341 3342 3343 3344 3345 3426 3428
moead,ns202,3,0,2300,46,112763825.330267,2008084.964844,0.000000,1.000000,1086 1154 1214 1711 1790 1867 2147 2261 2387 2433 2648 2730 2735 2752 3167 3263 3399 3449 3502 3554 3584 3588 3624 4580 4653 4659 4708 4857 5365 5804 5856 6190 6282 6357 6945 6950 7922 7948 8080 8238 8288 8330 8349 8671 8723 8725 8773
moead,ns202,3,1,2300,46,89055268.772997,1673128.468750,0.111111,0.888889,2683 2685 2687 2820 2822 2824 2905 2907 2909 2912 2916 2990 2994 2996 3049 3076 3080 3082 3084 3086 3088 3161 3165 3167 3169 3171 3173 3175 3176 3251 3253 3255 3257 3258 3259 3260 3339 3341 3345 3424 3426 3428 8184 8215 8265 8339 8341
moead,ns202,3,2,2300,46,87932793.361502,1557192.462891,0.222222,0.777778,2822 2824 2867 2869 2905 2907 2909 2910 2912 2992 2994 2996 2998 3050 3080 3082 3084 3086 3087 3088 3089 3091 3163 3165 3167 3169 3171 3172 3173 3174 3251 3253 3255 3257 3258 3259 3260 3337 3339 3341 3343 3345 3426 3427 3428 8339 8341
moead,ns202,3,3,2300,46,87402382.052716,1494830.644531,0.333333,0.666667,2822 2824 2867 2869 2905 2907 2909 2910 2912 2992 2994 2996 2998 2999 3001 3078 3080 3082 3084 3086 3087 3088 3089 3091 3163 3165 3167 3169 3171 3172 3173 3174 3253 3255 3257 3258 3259 3260 3339 3341 3343 3344 3345 3424 3426 3427 3428
moead,ns202,3,4,2300,46,87088714.650601,1451289.847656,0.444444,0.555556,2822 2824 2869 2905 2907 2909 2910 2912 2992 2994 2996 2997 2998 2999 3001 3080 3082 3084 3086 3087 3088 3089 3163 3165 3167 3169 3171 3172 3173 3174 3251 3253 3255 3257 3258 3259 3260 3339 3341 3342 3343 3344 3345 3424 3426 3427 3428
moead,ns202,3,5,2300,46,86873888.302506,1418848.416016,0.555556,0.444444,2817 2820 2822 2824 2905 2907 2909 2910 2912 2994 2996 2997 2998 2999 3001 3080 3082 3084 3086 3087 3088 3089 3163 3165 3167 3169 3171 3172 3173 3174 3251 3253 3255 3256 3257 3258 3259 3260 3339 3340 3341 3342 3343 3344 3345 3426 3428
moead,ns202,3,6,2300,46,86694160.737887,1379318.054688,0.666667,0.333333,2817 2820 2824 2905 2907 2909 2910 2912 2994 2996 2997 2998 2999 3001 3080 3082 3084 3085 3086 3087 3088 3089 3090 3165 3167 3169 3170 3171 3172 3173 3174 3177 3253 3255 3256 3257 3258 3259 3260 3339 3341 3342 3343 3344 3345 3426 3428
moead,ns202,3,7,2300,46,86579718.800630,1366628.248047,0.777778,0.222222,2817 2820 2824 2905 2907 2909 2910 2912 2994 2996 2997 2998 2999 3001 3080 3082 3083 3084 3085 3086 3087 3088 3089 3090 3165 3167 3169 3170 3171 3172 3173 3174 3253 3255 3256 3257 3258 3259 3260 3339 3341 3342 3343 3344 3345 3426 3428
moead,ns202,3,8,2300,46,86462577.911665,1326621.318359,0.888889,0.111111,2817 2820 2822 2824 2905 2907 2909 2910 2994 2995 2996 2997 2998 2999 3001 3002 3080 3082 3083 3084 3085 3086 3087 3088 3167 3169 3170 3171 3172 3173 3174 3175 3253 3255 3256 3257 3258 3259 3260 3340 3341 3342 3343 3344 3345 3426 3428
moead,ns202,3,9,2300,46,86395768.586106,1295742.222656,1.000000,0.000000,2730 2817 2820 2822 2905 2907 2909 2910 2994 2995 2996 2997 2998 2999 3001 3002 3080 3082 3083 3084 3085 3086 3087 3088 3167 3168 3169 3170 3171 3172 3173 3174 3175 3255 3256 3257 3258 3259 3260 3340 3341 3342 3343 3344 3345 3426 3428
moead,ns202,3,0,2350,47,112577668.107196,2008084.964844,0.000000,1.000000,1086 1154 1214 1790 1867 2147 2261 2387 2433 2648 2730 2735 2752 3144 3167 3263 3399 3449 3502 3554 3584 3588 3624 3812 4580 4653 4659 4708 4857 5365 5804 5856 6190 6282 6357 6484 6945 6950 7922 7948 8080 8238 8288 8349 8671 8725 8773
moead,ns202,3,1,2350,47,89055268.772997,1673128.468750,0.111111,0.888889,2683 2685 2687 2820 2822 2824 2905 2907 2909 2912 2916 2990 2994 2996 3049 3076 3080 3082 3084 3086 3088 3161 3165 3167 3169 3171 3173 3175 3176 3251 3253 3255 3257 3258 3259 3260 3339 3341 3345 3424 3426 3428 8184 8215 8265 8339 8341
moead,ns202,3,2,2350,47,87956607.597060,1558573.123047,0.222222,0.777778,2822 2824 2867 2869 2905 2907 2909 2910 2912 2992 2994 2996 2998 2999 3001 3074 3076 3078 3080 3082 3084 3086 3087 3088 3090 3167 3169 3171 3173 3175 3253 3255 3257 3258 3259 3261 3337 3339 3341 3343 3345 3424 3426 3427 3428 8339 8341
moead,ns202,3,3,2350,47,87402382.052716,1494830.644531,0.333333,0.666667,2822 2824 2867 2869 2905 2907 2909 2910 2912 2992 2994 2996 2998 2999 3001 3078 3080 3082 3084 3086 3087 3088 3089 3091 3163 3165 3167 3169 3171 3172 3173 3174 3253 3255 3257 3258 3259 3260 3339 3341 3343 3344 3345 3424 3426 3427 3428
moead,ns202,3,4,2350,47,87088714.650601,1451289.847656,0.444444,0.555556,2822 2824 2869 2905 2907 2909 2910 2912 2992 2994 2996 2997 2998 2999 3001 3080 3082 3084 3086 3087 3088 3089 3163 3165 3167 3169 3171 3172 3173 3174 3251 3253 3255 3257 3258 3259 3260 3339 3341 3342 3343 3344 3345 3424 3426 3427 3428
moead,ns202,3,5,2350,47,86873888.302506,1418848.416016,0.555556,0.444444,2817 2820 2822 2824 2905 2907 2909 2910 2912 2994 2996 2997 2998 2999 3001 3080 3082 3084 3086 3087 3088 3089 3163 3165 3167 3169 3171 3172 3173 3174 3251 3253 3255 3256 3257 3258 3259 3260 3339 3340 3341 3342 3343 3344 3345 3426 3428
moead,ns202,3,6,2350,47,86694160.737887,1379318.054688,0.666667,0.333333,2817 2820 2824 2905 2907 2909 2910 2912 2994 2996 2997 2998 2999 3001 3080 3082 3084 3085 3086 3087 3088 3089 3090 3165 3167 3169 3170 3171 3172 3173 3174 3177 3253 3255 3256 3257 3258 3259 3260 3339 3341 3342 3343 3344 3345 3426 3428
moead,ns202,3,7,2350,47,86579718.800630,1366628.248047,0.777778,0.222222,2817 2820 2824 2905 2907 2909 2910 2912 2994 2996 2997 2998 2999 3001 3080 3082 3083 3084 3085 3086 3087 3088 3089 3090 3165 3167 3169 3170 3171 3172 3173 3174 3253 3255 3256 3257 3258 3259 3260 3339 3341 3342 3343 3344 3345 3426 3428
moead,ns202,3,8,2350,47,86462577.911665,1326621.318359,0.888889,0.111111,2817 2820 2822 2824 2905 2907 2909 2910 2994 2995 2996 2997 2998 2999 3001 3002 3080 3082 3083 3084 3085 3086 3087 3088 3167 3169 3170 3171 3172 3173 3174 3175 3253 3255 3256 3257 3258 3259 3260 3340 3341 3342 3343 3344 3345 3426 3428
moead,ns202,3,9,2350,47,86395768.586106,1295742.222656,1.000000,0.000000,2730 2817 2820 2822 2905 2907 2909 2910 2994 2995 2996 2997 2998 2999 3001 3002 3080 3082 3083 3084 3085 3086 3087 3088 3167 3168 3169 3170 3171 3172 3173 3174 3175 3255 3256 3257 3258 3259 3260 3340 3341 3342 3343 3344 3345 3426 3428
moead,ns202,3,0,2400,48,112577668.107196,2008084.964844,0.000000,1.000000,1086 1154 1214 1790 1867 2147 2261 2387 2433 2648 2730 2735 2752 3144 3167 3263 3399 3449 3502 3554 3584 3588 3624 3812 4580 4653 4659 4708 4857 5365 5804 5856 6190 6282 6357 6484 6945 6950 7922 7948 8080 8238 8288 8349 8671 8725 8773
moead,ns202,3,1,2400,48,89055268.772997,1673128.468750,0.111111,0.888889,2683 2685 2687 2820 2822 2824 2905 2907 2909 2912 2916 2990 2994 2996 3049 3076 3080 3082 3084 3086 3088 3161 3165 3167 3169 3171 3173 3175 3176 3251 3253 3255 3257 3258 3259 3260 3339 3341 3345 3424 3426 3428 8184 8215 8265 8339 8341
moead,ns202,3,2,2400,48,87956607.597060,1558573.123047,0.222222,0.777778,2822 2824 2867 2869 2905 2907 2909 2910 2912 2992 2994 2996 2998 2999 3001 3074 3076 3078 3080 3082 3084 3086 3087 3088 3090 3167 3169 3171 3173 3175 3253 3255 3257 3258 3259 3261 3337 3339 3341 3343 3345 3424 3426 3427 3428 8339 8341
moead,ns202,3,3,2400,48,87377150.736727,1492865.693359,0.333333,0.666667,2731 2824 2867 2869 2905 2907 2909 2910 2912 2992 2994 2996 2998 2999 3001 3080 3082 3084 3086 3087 3088 3089 3163 3165 3167 3169 3171 3172 3173 3174 3251 3253 3255 3257 3258 3259 3260 3339 3341 3342 3343 3344 3345 3426 3427 3428 8339
moead,ns202,3,4,2400,48,87044107.911772,1443729.025391,0.444444,0.555556,2822 2824 2869 2905 2907 2909 2910 2912 2992 2994 2996 2997 2998 2999 3001 3080 3082 3084 3086 3087 3088 3089 3163 3165 3167 3169 3171 3172 3173 3174 3251 3253 3255 3257 3258 3259 3260 3339 3340 3341 3342 3343 3344 3345 3426 3427 3428
moead,ns202,3,5,2400,48,86804089.375501,1403643.278320,0.555556,0.444444,2817 2820 2822 2824 2905 2907 2909 2910 2912 2994 2996 2998 2999 3001 3080 3082 3084 3085 3086 3087 3088 3089 3090 3165 3167 3169 3171 3172 3173 3174 3251 3253 3255 3256 3257 3258 3259 3260 3339 3340 3341 3342 3343 3344 3345 3426 3428
moead,ns202,3,6,2400,48,86633642.319754,1374854.523438,0.666667,0.333333,2820 2822 2824 2905 2907 2909 2910 2912 2994 2996 2997 2998 2999 3001 3002 3080 3082 3083 3084 3085 3086 3087 3088 3089 3167 3169 3171 3172 3173 3174 3251 3253 3255 3256 3257 3258 3259 3260 3339 3340 3341 3342 3343 3344 3345 3426 3428
moead,ns202,3,7,2400,48,86557204.607240,1359459.599609,0.777778,0.222222,2817 2820 2824 2905 2907 2909 2910 2912 2994 2996 2997 2998 2999 3001 3080 3082 3083 3084 3085 3086 3087 3088 3089 3090 3165 3167 3169 3170 3171 3172 3173 3174 3253 3255 3256 3257 3258 3259 3260 3340 3341 3342 3343 3344 3345 3426 3428
moead,ns202,3,8,2400,48,86447522.120058,1322903.131836,0.888889,0.111111,2819 2820 2822 2824 2905 2907 2909 2910 2994 2995 2996 2997 2998 2999 3001 3002 3080 3082 3083 3084 3085 3086 3087 3088 3167 3169 3170 3171 3172 3173 3174 3175 3253 3255 3256 3257 3258 3259 3260 3340 3341 3342 3343 3344 3345 3426 3428
moead,ns202,3,9,2400,48,86395768.586106,1295742.222656,1.000000,0.000000,2730 2817 2820 2822 2905 2907 2909 2910 2994 2995 2996 2997 2998 2999 3001 3002 3080 3082 3083 3084 3085 3086 3087 3088 3167 3168 3169 3170 3171 3172 3173 3174 3175 3255 3256 3257 3258 3259 3260 3340 3341 3342 3343 3344 3345 3426 3428
moead,ns202,3,0,2450,49,112873867.837906,2008084.964844,0.000000,1.000000,249 1086 1154 1214 1790 1867 2147 2261 2387 2433 2648 2730 2735 2752 3144 3167 3263 3399 3449 3554 3584 3588 3624 3812 4318 4580 4653 4659 4708 4857 5365 5804 6190 6282 6357 6634 6945 6950 7922 7948 8080 8238 8288 8349 8671 8725 8773
moead,ns202,3,1,2450,49,89055268.772997,1673128.468750,0.111111,0.888889,2683 2685 2687 2820 2822 2824 2905 2907 2909 2912 2916 2990 2994 2996 3049 3076 3080 3082 3084 3086 3088 3161 3165 3167 3169 3171 3173 3175 3176 3251 3253 3255 3257 3258 3259 3260 3339 3341 3345 3424 3426 3428 8184 8215 8265 8339 8341
moead,ns202,3,2,2450,49,87956607.597060,1558573.123047,0.222222,0.777778,2822 2824 2867 2869 2905 2907 2909 2910 2912 2992 2994 2996 2998 2999 3001 3074 3076 3078 3080 3082 3084 3086 3087 3088 3090 3167 3169 3171 3173 3175 3253 3255 3257 3258 3259 3261 3337 3339 3341 3343 3345 3424 3426 3427 3428 8339 8341
moead,ns202,3,3,2450,49,87377150.736727,1492865.693359,0.333333,0.666667,2731 2824 2867 2869 2905 2907 2909 2910 2912 2992 2994 2996 2998 2999 3001 3080 3082 3084 3086 3087 3088 3089 3163 3165 3167 3169 3171 3172 3173 3174 3251 3253 3255 3257 3258 3259 3260 3339 3341 3342 3343 3344 3345 3426 3427 3428 8339
moead,ns202,3,4,2450,49,87061678.098614,1443772.015625,0.444444,0.555556,2731 2824 2869 2905 2907 2909 2910 2912 2992 2994 2996 2997 2998 2999 3001 3080 3082 3084 3086 3087 3088 3089 3091 3163 3165 3167 3169 3171 3172 3173 3174 3253 3255 3256 3257 3258 3259 3260 3339 3340 3341 3342 3343 3344 3345 3426 3428
moead,ns202,3,5,2450,49,86845015.379404,1412805.048828,0.555556,0.444444,2820 2822 2824 2905 2907 2909 2910 2912 2994 2996 2997 2998 2999 3000 3001 3080 3082 3084 3086 3087 3088 3089 3163 3165 3167 3169 3171 3172 3173 3174 3251 3253 3255 3256 3257 3258 3259 3260 3339 3340 3341 3342 3343 3344 3345 3426 3428
moead,ns202,3,6,2450,49,86667537.312044,1376410.535156,0.666667,0.333333,2820 2822 2824 2905 2907 2909 2910 2912 2992 2994 2996 2997 2998 2999 3001 3002 3080 3082 3083 3084 3085 3086 3087 3088 3089 3169 3171 3172 3173 3174 3251 3253 3255 3256 3257 3258 3259 3260 3339 3340 3341 3342 3343 3344 3345 3426 3428
moead,ns202,3,7,2450,49,86557204.607240,1359459.599609,0.777778,0.222222,2817 2820 2824 2905 2907 2909 2910 2912 2994 2996 2997 2998 2999 3001 3080 3082 3083 3084 3085 3086 3087 3088 3089 3090 3165 3167 3169 3170 3171 3172 3173 3174 3253 3255 3256 3257 3258 3259 3260 3340 3341 3342 3343 3344 3345 3426 3428
moead,ns202,3,8,2450,49,86447522.120058,1322903.131836,0.888889,0.111111,2819 2820 2822 2824 2905 2907 2909 2910 2994 2995 2996 2997 2998 2999 3001 3002 3080 3082 3083 3084 3085 3086 3087 3088 3167 3169 3170 3171 3172 3173 3174 3175 3253 3255 3256 3257 3258 3259 3260 3340 3341 3342 3343 3344 3345 3426 3428
moead,ns202,3,9,2450,49,86395768.586106,1295742.222656,1.000000,0.000000,2730 2817 2820 2822 2905 2907 2909 2910 2994 2995 2996 2997 2998 2999 3001 3002 3080 3082 3083 3084 3085 3086 3087 3088 3167 3168 3169 3170 3171 3172 3173 3174 3175 3255 3256 3257 3258 3259 3260 3340 3341 3342 3343 3344 3345 3426 3428
moead,ns202,3,0,2500,50,112873867.837906,2008084.964844,0.000000,1.000000,249 1086 1154 1214 1790 1867 2147 2261 2387 2433 2648 2730 2735 2752 3144 3167 3263 3399 3449 3554 3584 3588 3624 3812 4318 4580 4653 4659 4708 4857 5365 5804 6190 6282 6357 6634 6945 6950 7922 7948 8080 8238 8288 8349 8671 8725 8773
moead,ns202,3,1,2500,50,89055268.772997,1673128.468750,0.111111,0.888889,2683 2685 2687 2820 2822 2824 2905 2907 2909 2912 2916 2990 2994 2996 3049 3076 3080 3082 3084 3086 3088 3161 3165 3167 3169 3171 3173 3175 3176 3251 3253 3255 3257 3258 3259 3260 3339 3341 3345 3424 3426 3428 8184 8215 8265 8339 8341
moead,ns202,3,2,2500,50,87956607.597060,1558573.123047,0.222222,0.777778,2822 2824 2867 2869 2905 2907 2909 2910 2912 2992 2994 2996 2998 2999 3001 3074 3076 3078 3080 3082 3084 3086 3087 3088 3090 3167 3169 3171 3173 3175 3253 3255 3257 3258 3259 3261 3337 3339 3341 3343 3345 3424 3426 3427 3428 8339 8341
moead,ns202,3,3,2500,50,87404886.253960,1495418.652344,0.333333,0.666667,2822 2824 2867 2869 2905 2907 2909 2910 2912 2992 2994 2996 2998 2999 3001 3080 3082 3084 3086 3087 3088 3089 3091 3163 3165 3167 3169 3171 3172 3173 3174 3251 3253 3255 3257 3259 3260 3339 3341 3342 3343 3344 3345 3424 3426 3427 3428
moead,ns202,3,4,2500,50,87061678.098614,1443772.015625,0.444444,0.555556,2731 2824 2869 2905 2907 2909 2910 2912 2992 2994 2996 2997 2998 2999 3001 3080 3082 3084 3086 3087 3088 3089 3091 3163 3165 3167 3169 3171 3172 3173 3174 3253 3255 3256 3257 3258 3259 3260 3339 3340 3341 3342 3343 3344 3345 3426 3428
moead,ns202,3,5,2500,50,86845015.379404,1412805.048828,0.555556,0.444444,2820 2822 2824 2905 2907 2909 2910 2912 2994 2996 2997 2998 2999 3000 3001 3080 3082 3084 3086 3087 3088 3089 3163 3165 3167 3169 3171 3172 3173 3174 3251 3253 3255 3256 3257 3258 3259 3260 3339 3340 3341 3342 3343 3344 3345 3426 3428
moead,ns202,3,6,2500,50,86687310.903864,1384840.361328,0.666667,0.333333,2820 2822 2824 2905 2907 2909 2910 2912 2992 2994 2996 2997 2999 3001 3002 3080 3082 3083 3084 3085 3086 3087 3088 3089 3165 3167 3169 3170 3171 3172 3173 3174 3253 3255 3256 3257 3258 3259 3260 3339 3340 3341 3343 3344 3345 3426 3428
moead,ns202,3,7,2500,50,86557204.607240,1359459.599609,0.777778,0.222222,2817 2820 2824 2905 2907 2909 2910 2912 2994 2996 2997 2998 2999 3001 3080 3082 3083 3084 3085 3086 3087 3088 3089 3090 3165 3167 3169 3170 3171 3172 3173 3174 3253 3255 3256 3257 3258 3259 3260 3340 3341 3342 3343 3344 3345 3426 3428
moead,ns202,3,8,2500,50,86447932.244967,1325477.396484,0.888889,0.111111,2817 2820 2824 2905 2907 2909 2910 2912 2994 2995 2996 2997 2998 2999 3001 3002 3080 3082 3083 3084 3085 3086 3087 3088 3167 3169 3170 3171 3172 3173 3174 3175 3253 3255 3256 3257 3258 3259 3260 3340 3341 3342 3343 3344 3345 3426 3428
moead,ns202,3,9,2500,50,86395768.586106,1295742.222656,1.000000,0.000000,2730 2817 2820 2822 2905 2907 2909 2910 2994 2995 2996 2997 2998 2999 3001 3002 3080 3082 3083 3084 3085 3086 3087 3088 3167 3168 3169 3170 3171 3172 3173 3174 3175 3255 3256 3257 3258 3259 3260 3340 3341 3342 3343 3344 3345 3426 3428
moead,ns202,3,0,2550,51,112570513.732170,2008084.964844,0.000000,1.000000,249 1086 1154 1214 1790 1867 2147 2261 2387 2433 2648 2730 2735 2752 3070 3144 3167 3263 3399 3449 3554 3584 3588 3624 4318 4580 4653 4659 4708 4857 5365 5804 6190 6282 6357 6634 6945 6950 7922 7948 8080 8238 8288 8349 8671 8725 8773
moead,ns202,3,1,2550,51,89055268.772997,1673128.468750,0.111111,0.888889,2683 2685 2687 2820 2822 2824 2905 2907 2909 2912 2916 2990 2994 2996 3049 3076 3080 3082 3084 3086 3088 3161 3165 3167 3169 3171 3173 3175 3176 3251 3253 3255 3257 3258 3259 3260 3339 3341 3345 3424 3426 3428 8184 8215 8265 8339 8341
moead,ns202,3,2,2550,51,87942628.282129,1550690.304688,0.222222,0.777778,2689 2822 2824 2867 2869 2905 2907 2909 2910 2912 2992 2994 2996 2998 2999 3001 3074 3076 3078 3080 3082 3084 3086 3087 3088 3090 3167 3169 3171 3172 3173 3174 3253 3255 3257 3259 3260 3337 3339 3341 3343 3345 3424 3426 3427 3428 8341
moead,ns202,3,3,2550,51,87360864.202142,1488271.417969,0.333333,0.666667,2731 2824 2869 2905 2907 2909 2910 2912 2992 2994 2996 2997 2998 2999 3001 3080 3082 3084 3086 3087 3088 3089 3091 3163 3165 3167 3169 3171 3172 3173 3174 3175 3253 3255 3257 3258 3259 3260 3337 3339 3341 3343 3345 3426 3427 3428 8339
moead,ns202,3,4,2550,51,87044107.911772,1443729.025391,0.444444,0.555556,2822 2824 2869 2905 2907 2909 2910 2912 2992 2994 2996 2997 2998 2999 3001 3080 3082 3084 3086 3087 3088 3089 3163 3165 3167 3169 3171 3172 3173 3174 3251 3253 3255 3257 3258 3259 3260 3339 3340 3341 3342 3343 3344 3345 3426 3427 3428
moead,ns202,3,5,2550,51,86775216.452399,1398067.044922,0.555556,0.444444,2820 2822 2824 2905 2907 2909 2910 2912 2994 2996 2998 2999 3000 3001 3080 3082 3084 3085 3086 3087 3088 3089 3090 3165 3167 3169 3171 3172 3173 3174 3251 3253 3255 3256 3257 3258 3259 3260 3339 3340 3341 3342 3343 3344 3345 3426 3428
moead,ns202,3,6,2550,51,86633642.319753,1374854.523438,0.666667,0.333333,2820 2822 2824 2905 2907 2909 2910 2912 2994 2996 2997 2998 2999 3001 3002 3080 3082 3083 3084 3085 3086 3087 3088 3089 3167 3169 3171 3172 3173 3174 3251 3253 3255 3256 3257 3258 3259 3260 3339 3340 3341 3342 3343 3344 3345 3426 3428
moead,ns202,3,7,2550,51,86525096.131510,1351331.382812,0.777778,0.222222,2817 2820 2824 2905 2907 2909 2910 2912 2994 2995 2996 2997 2998 2999 3001 3002 3080 3082 3083 3084 3085 3086 3087 3088 3165 3167 3169 3170 3171 3172 3173 3174 3253 3255 3256 3257 3258 3259 3260 3339 3341 3342 3343 3344 3345 3426 3428
moead,ns202,3,8,2550,51,86421599.593015,1317005.968750,0.888889,0.111111,2820 2822 2824 2905 2907 2908 2909 2910 2994 2995 2996 2997 2998 2999 3001 3002 3080 3082 3083 3084 3085 3086 3087 3088 3167 3169 3170 3171 3172 3173 3174 3175 3253 3255 3256 3257 3258 3259 3260 3340 3341 3342 3343 3344 3345 3426 3428
moead,ns202,3,9,2550,51,86350815.130688,1307055.009766,1.000000,0.000000,2817 2820 2905 2907 2909 2910 2912 2994 2995 2996 2997 2998 2999 3000 3001 3002 3080 3082 3083 3084 3085 3086 3087 3088 3167 3169 3170 3171 3172 3173 3174 3175 3253 3255 3256 3257 3258 3259 3260 3340 3341 3342 3343 3344 3345 3426 3428
moead,ns202,3,0,2600,52,112643283.826295,2008084.964844,0.000000,1.000000,249 1154 1214 1790 1867 2147 2261 2387 2433 2648 2730 2735 2752 2978 3070 3144 3167 3399 3449 3554 3584 3588 3624 4318 4580 4659 4708 4857 5365 5548 5804 6190 6282 6357 6634 6945 7000 7922 7948 8080 8238 8288 8349 8671 8725 8773 8791
moead,ns202,3,1,2600,52,89055268.772997,1673128.468750,0.111111,0.888889,2683 2685 2687 2820 2822 2824 2905 2907 2909 2912 2916 2990 2994 2996 3049 3076 3080 3082 3084 3086 3088 3161 3165 3167 3169 3171 3173 3175 3176 3251 3253 3255 3257 3258 3259 3260 3339 3341 3345 3424 3426 3428 8184 8215 8265 8339 8341
moead,ns202,3,2,2600,52,87947837.710484,1558802.648438,0.222222,0.777778,2822 2824 2867 2869 2905 2907 2910 2912 2992 2994 2996 2998 3001 3050 3080 3082 3084 3086 3087 3088 3089 3091 3163 3165 3167 3169 3171 3172 3173 3174 3253 3255 3257 3258 3259 3260 3337 3339 3341 3343 3345 3424 3426 3427 3428 8339 8341
moead,ns202,3,3,2600,52,87373970.786891,1491052.380859,0.333333,0.666667,2822 2824 2869 2905 2907 2909 2910 2912 2992 2994 2996 2997 2998 2999 3001 3080 3082 3084 3086 3087 3088 3089 3091 3163 3165 3167 3169 3171 3172 3173 3174 3251 3253 3255 3257 3260 3339 3341 3342 3343 3344 3345 3424 3426 3427 3428 8339
moead,ns202,3,4,2600,52,87044107.911772,1443729.025391,0.444444,0.555556,2822 2824 2869 2905 2907 2909 2910 2912 2992 2994 2996 2997 2998 2999 3001 3080 3082 3084 3086 3087 3088 3089 3163 3165 3167 3169 3171 3172 3173 3174 3251 3253 3255 3257 3258 3259 3260 3339 3340 3341 3342 3343 3344 3345 3426 3427 3428
moead,ns202,3,5,2600,52,86812603.281445,1400762.900391,0.555556,0.444444,2820 2822 2824 2905 2907 2909 2910 2912 2994 2996 2998 2999 3000 3001 3080 3082 3084 3085 3086 3087 3088 3089 3090 3165 3167 3169 3171 3172 3173 3174 3251 3253 3255 3257 3258 3259 3260 3339 3340 3341 3342 3343 3344 3345 3426 3427 3428
moead,ns202,3,6,2600,52,86633642.319754,1374854.523438,0.666667,0.333333,2820 2822 2824 2905 2907 2909 2910 2912 2994 2996 2997 2998 2999 3001 3002 3080 3082 3083 3084 3085 3086 3087 3088 3089 3167 3169 3171 3172 3173 3174 3251 3253 3255 3256 3257 3258 3259 3260 3339 3340 3341 3342 3343 3344 3345 3426 3428
moead,ns202,3,7,2600,52,86487550.089355,1336286.498047,0.777778,0.222222,2820 2822 2824 2905 2907 2908 2909 2910 2994 2995 2996 2997 2998 2999 3001 3002 3082 3083 3084 3085 3086 3087 3088 3165 3167 3169 3170 3171 3172 3173 3174 3175 3253 3255 3256 3257 3258 3259 3260 3339 3341 3342 3343 3344 3345 3426 3428
moead,ns202,3,8,2600,52,86421599.593015,1317005.968750,0.888889,0.111111,2820 2822 2824 2905 2907 2908 2909 2910 2994 2995 2996 2997 2998 2999 3001 3002 3080 3082 3083 3084 3085 3086 3087 3088 3167 3169 3170 3171 3172 3173 3174 3175 3253 3255 3256 3257 3258 3259 3260 3340 3341 3342 3343 3344 3345 3426 3428
moead,ns202,3,9,2600,52,86350815.130688,1307055.009766,1.000000,0.000000,2817 2820 2905 2907 2909 2910 2912 2994 2995 2996 2997 2998 2999 3000 3001 3002 3080 3082 3083 3084 3085 3086 3087 3088 3167 3169 3170 3171 3172 3173 3174 3175 3253 3255 3256 3257 3258 3259 3260 3340 3341 3342 3343 3344 3345 3426 3428
moead,ns202,3,0,2650,53,112599130.673779,2008084.964844,0.000000,1.000000,249 1154 1214 1790 1867 2147 2261 2387 2433 2648 2730 2735 2752 2978 3070 3144 3167 3399 3449 3554 3584 3588 3624 4318 4580 4659 4708 4857 5365 5548 5804 6190 6282 6357 6634 6945 7000 7922 7948 8080 8288 8349 8378 8671 8725 8773 8791
moead,ns202,3,1,2650,53,89055268.772997,1673128.468750,0.111111,0.888889,2683 2685 2687 2820 2822 2824 2905 2907 2909 2912 2916 2990 2994 2996 3049 3076 3080 3082 3084 3086 3088 3161 3165 3167 3169 3171 3173 3175 3176 3251 3253 3255 3257 3258 3259 3260 3339 3341 3345 3424 3426 3428 8184 8215 8265 8339 8341
moead,ns202,3,2,2650,53,87931947.880832,1554755.238281,0.222222,0.777778,2822 2824 2867 2869 2905 2907 2910 2912 2992 2994 2996 2998 3001 3050 3080 3082 3084 3086 3087 3088 3089 3091 3163 3165 3167 3169 3171 3172 3173 3174 3253 3255 3257 3258 3259 3260 3261 3337 3339 3341 3343 3345 3426 3427 3428 8339 8341
moead,ns202,3,3,2650,53,87373970.786891,1491052.380859,0.333333,0.666667,2822 2824 2869 2905 2907 2909 2910 2912 2992 2994 2996 2997 2998 2999 3001 3080 3082 3084 3086 3087 3088 3089 3091 3163 3165 3167 3169 3171 3172 3173 3174 3251 3253 3255 3257 3260 3339 3341 3342 3343 3344 3345 3424 3426 3427 3428 8339
moead,ns202,3,4,2650,53,87044107.911772,1443729.025391,0.444444,0.555556,2822 2824 2869 2905 2907 2909 2910 2912 2992 2994 2996 2997 2998 2999 3001 3080 3082 3084 3086 3087 3088 3089 3163 3165 3167 3169 3171 3172 3173 3174 3251 3253 3255 3257 3258 3259 3260 3339 3340 3341 3342 3343 3344 3345 3426 3427 3428
moead,ns202,3,5,2650,53,86815260.028954,1403751.755859,0.555556,0.444444,2817 2820 2822 2824 2905 2907 2909 2910 2912 2994 2996 2997 2998 2999 3001 3080 3082 3084 3086 3087 3088 3089 3090 3165 3167 3169 3171 3172 3173 3174 3251 3253 3255 3256 3257 3258 3259 3260 3339 3340 3341 3342 3343 3344 3345 3426 3428
moead,ns202,3,6,2650,53,86654065.490193,1377454.523438,0.666667,0.333333,2820 2822 2824 2905 2907 2909 2910 2912 2994 2996 2998 2999 3000 3001 3080 3082 3083 3084 3085 3086 3087 3088 3089 3090 3165 3167 3169 3170 3171 3172 3173 3174 3253 3255 3256 3257 3258 3259 3260 3339 3340 3341 3343 3344 3345 3426 3428
moead,ns202,3,7,2650,53,86524588.498410,1345629.060547,0.777778,0.222222,2817 2820 2824 2905 2907 2909 2910 2912 2994 2995 2996 2997 2998 2999 3001 3002 3080 3082 3083 3084 3085 3086 3087 3088 3165 3167 3169 3170 3171 3172 3173 3174 3175 3255 3256 3257 3258 3259 3260 3339 3341 3342 3343 3344 3345 3426 3428
moead,ns202,3,8,2650,53,86421599.593015,1317005.968750,0.888889,0.111111,2820 2822 2824 2905 2907 2908 2909 2910 2994 2995 2996 2997 2998 2999 3001 3002 3080 3082 3083 3084 3085 3086 3087 3088 3167 3169 3170 3171 3172 3173 3174 3175 3253 3255 3256 3257 3258 3259 3260 3340 3341 3342 3343 3344 3345 3426 3428
moead,ns202,3,9,2650,53,86350815.130688,1307055.009766,1.000000,0.000000,2817 2820 2905 2907 2909 2910 2912 2994 2995 2996 2997 2998 2999 3000 3001 3002 3080 3082 3083 3084 3085 3086 3087 3088 3167 3169 3170 3171 3172 3173 3174 3175 3253 3255 3256 3257 3258 3259 3260 3340 3341 3342 3343 3344 3345 3426 3428
moead,ns202,3,0,2700,54,112599130.673779,2008084.964844,0.000000,1.000000,249 1154 1214 1790 1867 2147 2261 2387 2433 2648 2730 2735 2752 2978 3070 3144 3167 3399 3449 3554 3584 3588 3624 4318 4580 4659 4708 4857 5365 5548 5804 6190 6282 6357 6634 6945 7000 7922 7948 8080 8288 8349 8378 8671 8725 8773 8791
moead,ns202,3,1,2700,54,89055268.772997,1673128.468750,0.111111,0.888889,2683 2685 2687 2820 2822 2824 2905 2907 2909 2912 2916 2990 2994 2996 3049 3076 3080 3082 3084 3086 3088 3161 3165 3167 3169 3171 3173 3175 3176 3251 3253 3255 3257 3258 3259 3260 3339 3341 3345 3424 3426 3428 8184 8215 8265 8339 8341
moead,ns202,3,2,2700,54,87881336.150172,1553834.964844,0.222222,0.777778,2822 2824 2867 2869 2905 2907 2909 2910 2912 2992 2994 2996 2998 2999 3050 3080 3082 3084 3086 3087 3088 3089 3091 3163 3165 3167 3169 3171 3172 3173 3174 3247 3251 3253 3255 3257 3258 3259 3260 3339 3341 3343 3345 3424 3426 3428 8339
moead,ns202,3,3,2700,54,87373970.786891,1491052.380859,0.333333,0.666667,2822 2824 2869 2905 2907 2909 2910 2912 2992 2994 2996 2997 2998 2999 3001 3080 3082 3084 3086 3087 3088 3089 3091 3163 3165 3167 3169 3171 3172 3173 3174 3251 3253 3255 3257 3260 3339 3341 3342 3343 3344 3345 3424 3426 3427 3428 8339
moead,ns202,3,4,2700,54,87044107.911772,1443729.025391,0.444444,0.555556,2822 2824 2869 2905 2907 2909 2910 2912 2992 2994 2996 2997 2998 2999 3001 3080 3082 3084 3086 3087 3088 3089 3163 3165 3167 3169 3171 3172 3173 3174 3251 3253 3255 3257 3258 3259 3260 3339 3340 3341 3342 3343 3344 3345 3426 3427 3428
moead,ns202,3,5,2700,54,86815260.028954,1403751.755859,0.555556,0.444444,2817 2820 2822 2824 2905 2907 2909 2910 2912 2994 2996 2997 2998 2999 3001 3080 3082 3084 3086 3087 3088 3089 3090 3165 3167 3169 3171 3172 3173 3174 3251 3253 3255 3256 3257 3258 3259 3260 3339 3340 3341 3342 3343 3344 3345 3426 3428
moead,ns202,3,6,2700,54,86654065.490193,1377454.523438,0.666667,0.333333,2820 2822 2824 2905 2907 2909 2910 2912 2994 2996 2998 2999 3000 3001 3080 3082 3083 3084 3085 3086 3087 3088 3089 3090 3165 3167 3169 3170 3171 3172 3173 3174 3253 3255 3256 3257 3258 3259 3260 3339 3340 3341 3343 3344 3345 3426 3428
moead,ns202,3,7,2700,54,86510301.035770,1346358.527344,0.777778,0.222222,2820 2822 2824 2905 2907 2908 2909 2910 2994 2995 2996 2997 2998 2999 3001 3002 3080 3082 3083 3084 3085 3086 3087 3088 3165 3167 3169 3170 3171 3172 3173 3174 3175 3253 3255 3256 3257 3258 3259 3260 3339 3341 3342 3343 3344 3345 3426
moead,ns202,3,8,2700,54,86421599.593015,1317005.968750,0.888889,0.111111,2820 2822 2824 2905 2907 2908 2909 2910 2994 2995 2996 2997 2998 2999 3001 3002 3080 3082 3083 3084 3085 3086 3087 3088 3167 3169 3170 3171 3172 3173 3174 3175 3253 3255 3256 3257 3258 3259 3260 3340 3341 3342 3343 3344 3345 3426 3428
moead,ns202,3,9,2700,54,86338556.338435,1298472.931641,1.000000,0.000000,2817 2818 2820 2905 2907 2909 2910 2994 2995 2996 2997 2998 2999 3000 3001 3002 3080 3082 3083 3084 3085 3086 3087 3088 3167 3169 3170 3171 3172 3173 3174 3175 3253 3255 3256 3257 3258 3259 3260 3340 3341 3342 3343 3344 3345 3426 3428
moead,ns202,3,0,2750,55,111667820.569825,2008084.964844,0.000000,1.000000,249 1214 1790 1867 2147 2261 2433 2648 2730 2735 2752 2978 3070 3144 3167 3399 3449 3554 3584 3588 3624 3763 3776 4318 4580 4659 4708 4857 5365 5548 5804 6190 6282 6357 6634 6945 7000 7922 7948 8080 8288 8349 8378 8671 8725 8773 8791
moead,ns202,3,1,2750,55,89055268.772997,1673128.468750,0.111111,0.888889,2683 2685 2687 2820 2822 2824 2905 2907 2909 2912 2916 2990 2994 2996 3049 3076 3080 3082 3084 3086 3088 3161 3165 3167 3169 3171 3173 3175 3176 3251 3253 3255 3257 3258 3259 3260 3339 3341 3345 3424 3426 3428 8184 8215 8265 8339 8341
moead,ns202,3,2,2750,55,87895521.424088,1553834.964844,0.222222,0.777778,2822 2824 2869 2905 2907 2909 2910 2912 2992 2994 2996 2998 2999 3005 3050 3080 3082 3084 3086 3087 3088 3089 3091 3163 3165 3167 3169 3171 3172 3173 3174 3247 3251 3253 3255 3257 3258 3259 3260 3339 3341 3343 3345 3424 3426 3428 8339
moead,ns202,3,3,2750,55,87373970.786891,1491052.380859,0.333333,0.666667,2822 2824 2869 2905 2907 2909 2910 2912 2992 2994 2996 2997 2998 2999 3001 3080 3082 3084 3086 3087 3088 3089 3091 3163 3165 3167 3169 3171 3172 3173 3174 3251 3253 3255 3257 3260 3339 3341 3342 3343 3344 3345 3424 3426 3427 3428 8339
moead,ns202,3,4,2750,55,87044107.911772,1443729.025391,0.444444,0.555556,2822 2824 2869 2905 2907 2909 2910 2912 2992 2994 2996 2997 2998 2999 3001 3080 3082 3084 3086 3087 3088 3089 3163 3165 3167 3169 3171 3172 3173 3174 3251 3253 3255 3257 3258 3259 3260 3339 3340 3341 3342 3343 3344 3345 3426 3427 3428
moead,ns202,3,5,2750,55,86815260.028954,1403751.755859,0.555556,0.444444,2817 2820 2822 2824 2905 2907 2909 2910 2912 2994 2996 2997 2998 2999 3001 3080 3082 3084 3086 3087 3088 3089 3090 3165 3167 3169 3171 3172 3173 3174 3251 3253 3255 3256 3257 3258 3259 3260 3339 3340 3341 3342 3343 3344 3345 3426 3428
moead,ns202,3,6,2750,55,86654065.490193,1377454.523438,0.666667,0.333333,2820 2822 2824 2905 2907 2909 2910 2912 2994 2996 2998 2999 3000 3001 3080 3082 3083 3084 3085 3086 3087 3088 3089 3090 3165 3167 3169 3170 3171 3172 3173 3174 3253 3255 3256 3257 3258 3259 3260 3339 3340 3341 3343 3344 3345 3426 3428
moead,ns202,3,7,2750,55,86512094.861337,1346358.527344,0.777778,0.222222,2820 2822 2824 2905 2907 2908 2909 2910 2994 2995 2996 2997 2998 2999 3001 3002 3080 3082 3083 3084 3085 3086 3087 3088 3167 3169 3170 3171 3172 3173 3174 3175 3251 3253 3255 3256 3257 3258 3259 3260 3339 3341 3342 3343 3344 3345 3426
moead,ns202,3,8,2750,55,86421599.593015,1317005.968750,0.888889,0.111111,2820 2822 2824 2905 2907 2908 2909 2910 2994 2995 2996 2997 2998 2999 3001 3002 3080 3082 3083 3084 3085 3086 3087 3088 3167 3169 3170 3171 3172 3173 3174 3175 3253 3255 3256 3257 3258 3259 3260 3340 3341 3342 3343 3344 3345 3426 3428
moead,ns202,3,9,2750,55,86338556.338435,1298472.931641,1.000000,0.000000,2817 2818 2820 2905 2907 2909 2910 2994 2995 2996 2997 2998 2999 3000 3001 3002 3080 3082 3083 3084 3085 3086 3087 3088 3167 3169 3170 3171 3172 3173 3174 3175 3253 3255 3256 3257 3258 3259 3260 3340 3341 3342 3343 3344 3345 3426 3428
moead,ns202,3,0,2800,56,111648990.643049,2008084.964844,0.000000,1.000000,249 562 1076 1790 1867 2147 2261 2433 2648 2730 2735 2938 2978 3070 3144 3167 3399 3449 3554 3584 3588 3763 3776 4258 4318 4580 4659 4708 4857 5365 5548 5804 6190 6282 6357 6945 7000 7811 7922 7948 8080 8288 8349 8378 8671 8725 8773
moead,ns202,3,1,2800,56,89055268.772997,1673128.468750,0.111111,0.888889,2683 2685 2687 2820 2822 2824 2905 2907 2909 2912 2916 2990 2994 2996 3049 3076 3080 3082 3084 3086 3088 3161 3165 3167 3169 3171 3173 3175 3176 3251 3253 3255 3257 3258 3259 3260 3339 3341 3345 3424 3426 3428 8184 8215 8265 8339 8341
moead,ns202,3,2,2800,56,87923665.073015,1554775.935547,0.222222,0.777778,2822 2824 2867 2869 2905 2907 2909 2910 2912 2992 2994 2996 2998 2999 3001 3050 3080 3082 3084 3086 3088 3089 3091 3163 3165 3167 3169 3171 3172 3173 3174 3251 3253 3255 3257 3258 3259 3260 3339 3341 3343 3345 3424 3426 3428 8266 8339
moead,ns202,3,3,2800,56,87373970.786891,1491052.380859,0.333333,0.666667,2822 2824 2869 2905 2907 2909 2910 2912 2992 2994 2996 2997 2998 2999 3001 3080 3082 3084 3086 3087 3088 3089 3091 3163 3165 3167 3169 3171 3172 3173 3174 3251 3253 3255 3257 3260 3339 3341 3342 3343 3344 3345 3424 3426 3427 3428 8339
moead,ns202,3,4,2800,56,87044107.911772,1443729.025391,0.444444,0.555556,2822 2824 2869 2905 2907 2909 2910 2912 2992 2994 2996 2997 2998 2999 3001 3080 3082 3084 3086 3087 3088 3089 3163 3165 3167 3169 3171 3172 3173 3174 3251 3253 3255 3257 3258 3259 3260 3339 3340 3341 3342 3343 3344 3345 3426 3427 3428
moead,ns202,3,5,2800,56,86815260.028954,1403751.755859,0.555556,0.444444,2817 2820 2822 2824 2905 2907 2909 2910 2912 2994 2996 2997 2998 2999 3001 3080 3082 3084 3086 3087 3088 3089 3090 3165 3167 3169 3171 3172 3173 3174 3251 3253 3255 3256 3257 3258 3259 3260 3339 3340 3341 3342 3343 3344 3345 3426 3428
moead,ns202,3,6,2800,56,86654065.490193,1377454.523438,0.666667,0.333333,2820 2822 2824 2905 2907 2909 2910 2912 2994 2996 2998 2999 3000 3001 3080 3082 3083 3084 3085 3086 3087 3088 3089 3090 3165 3167 3169 3170 3171 3172 3173 3174 3253 3255 3256 3257 3258 3259 3260 3339 3340 3341 3343 3344 3345 3426 3428
moead,ns202,3,7,2800,56,86512094.861337,1346358.527344,0.777778,0.222222,2820 2822 2824 2905 2907 2908 2909 2910 2994 2995 2996 2997 2998 2999 3001 3002 3080 3082 3083 3084 3085 3086 3087 3088 3167 3169 3170 3171 3172 3173 3174 3175 3251 3253 3255 3256 3257 3258 3259 3260 3339 3341 3342 3343 3344 3345 3426
moead,ns202,3,8,2800,56,86415656.446159,1326335.539062,0.888889,0.111111,2817 2820 2905 2907 2909 2910 2912 2994 2995 2996 2997 2998 2999 3000 3001 3002 3080 3082 3083 3084 3085 3086 3087 3088 3165 3167 3169 3170 3171 3172 3173 3174 3175 3253 3255 3256 3257 3258 3259 3260 3341 3342 3343 3344 3345 3426 3428
moead,ns202,3,9,2800,56,86338556.338435,1298472.931641,1.000000,0.000000,2817 2818 2820 2905 2907 2909 2910 2994 2995 2996 2997 2998 2999 3000 3001 3002 3080 3082 3083 3084 3085 3086 3087 3088 3167 3169 3170 3171 3172 3173 3174 3175 3253 3255 3256 3257 3258 3259 3260 3340 3341 3342 3343 3344 3345 3426 3428
moead,ns202,3,0,2850,57,111648990.643049,2008084.964844,0.000000,1.000000,249 562 1076 1790 1867 2147 2261 2433 2648 2730 2735 2938 2978 3070 3144 3167 3399 3449 3554 3584 3588 3763 3776 4258 4318 4580 4659 4708 4857 5365 5548 5804 6190 6282 6357 6945 7000 7811 7922 7948 8080 8288 8349 8378 8671 8725 8773
moead,ns202,3,1,2850,57,89055268.772997,1673128.468750,0.111111,0.888889,2683 2685 2687 2820 2822 2824 2905 2907 2909 2912 2916 2990 2994 2996 3049 3076 3080 3082 3084 3086 3088 3161 3165 3167 3169 3171 3173 3175 3176 3251 3253 3255 3257 3258 3259 3260 3339 3341 3345 3424 3426 3428 8184 8215 8265 8339 8341
moead,ns202,3,2,2850,57,87901901.424440,1553839.419922,0.222222,0.777778,2813 2822 2824 2867 2869 2905 2907 2909 2910 2912 2994 2996 2998 2999 3001 3050 3080 3082 3084 3086 3088 3089 3091 3163 3165 3167 3169 3171 3172 3173 3174 3251 3253 3255 3257 3258 3259 3260 3337 3339 3341 3343 3345 3424 3426 3428 8339
moead,ns202,3,3,2850,57,87360279.515131,1487857.830078,0.333333,0.666667,2822 2824 2867 2869 2905 2907 2909 2910 2912 2992 2994 2996 2998 2999 3001 3080 3082 3084 3086 3087 3088 3089 3091 3163 3165 3167 3169 3171 3172 3173 3174 3251 3253 3255 3257 3259 3260 3339 3340 3341 3342 3343 3344 3345 3426 3427 3428
moead,ns202,3,4,2850,57,87006721.082726,1441017.173828,0.444444,0.555556,2822 2824 2869 2905 2907 2909 2910 2912 2992 2994 2996 2997 2998 2999 3001 3080 3082 3084 3086 3087 3088 3089 3163 3165 3167 3169 3171 3172 3173 3174 3251 3253 3255 3256 3257 3258 3259 3260 3339 3340 3341 3342 3343 3344 3345 3426 3428
moead,ns202,3,5,2850,57,86815260.028954,1403751.755859,0.555556,0.444444,2817 2820 2822 2824 2905 2907 2909 2910 2912 2994 2996 2997 2998 2999 3001 3080 3082 3084 3086 3087 3088 3089 3090 3165 3167 3169 3171 3172 3173 3174 3251 3253 3255 3256 3257 3258 3259 3260 3339 3340 3341 3342 3343 3344 3345 3426 3428
moead,ns202,3,6,2850,57,86632106.201104,1376322.492188,0.666667,0.333333,2820 2822 2824 2905 2907 2909 2910 2912 2994 2996 2997 2998 2999 3001 3080 3082 3084 3085 3086 3087 3088 3089 3090 3165 3167 3169 3170 3171 3172 3173 3174 3253 3255 3256 3257 3258 3259 3260 3339 3340 3341 3342 3343 3344 3345 3426 3428
moead,ns202,3,7,2850,57,86510301.035770,1346358.527344,0.777778,0.222222,2820 2822 2824 2905 2907 2908 2909 2910 2994 2995 2996 2997 2998 2999 3001 3002 3080 3082 3083 3084 3085 3086 3087 3088 3165 3167 3169 3170 3171 3172 3173 3174 3175 3253 3255 3256 3257 3258 3259 3260 3339 3341 3342 3343 3344 3345 3426
moead,ns202,3,8,2850,57,86416765.627028,1326335.539062,0.888889,0.111111,2817 2820 2905 2907 2909 2910 2912 2994 2995 2996 2997 2998 2999 3000 3001 3002 3082 3083 3084 3085 3086 3087 3088 3165 3167 3169 3170 3171 3172 3173 3174 3175 3253 3255 3256 3257 3258 3259 3260 3339 3341 3342 3343 3344 3345 3426 3428
moead,ns202,3,9,2850,57,86333055.379343,1303062.300781,1.000000,0.000000,2817 2820 2907 2909 2910 2912 2994 2995 2996 2997 2998 2999 3000 3001 3002 3080 3082 3083 3084 3085 3086 3087 3088 3167 3169 3170 3171 3172 3173 3174 3175 3253 3254 3255 3256 3257 3258 3259 3260 3339 3341 3342 3343 3344 3345 3426 3428
moead,ns202,3,0,2900,58,112061533.064717,2008084.964844,0.000000,1.000000,249 562 1076 1867 2147 2433 2648 2730 2735 2938 2978 3070 3144 3151 3167 3399 3449 3554 3584 3588 3763 3776 4258 4318 4580 4659 4708 4857 5365 5548 5804 6190 6282 6357 6945 7000 7811 7922 7948 8080 8288 8349 8378 8671 8725 8728 8773
moead,ns202,3,1,2900,58,89055268.772997,1673128.468750,0.111111,0.888889,2683 2685 2687 2820 2822 2824 2905 2907 2909 2912 2916 2990 2994 2996 3049 3076 3080 3082 3084 3086 3088 3161 3165 3167 3169 3171 3173 3175 3176 3251 3253 3255 3257 3258 3259 3260 3339 3341 3345 3424 3426 3428 8184 8215 8265 8339 8341
moead,ns202,3,2,2900,58,87901901.424440,1553839.419922,0.222222,0.777778,2813 2822 2824 2867 2869 2905 2907 2909 2910 2912 2994 2996 2998 2999 3001 3050 3080 3082 3084 3086 3088 3089 3091 3163 3165 3167 3169 3171 3172 3173 3174 3251 3253 3255 3257 3258 3259 3260 3337 3339 3341 3343 3345 3424 3426 3428 8339
moead,ns202,3,3,2900,58,87360279.515131,1487857.830078,0.333333,0.666667,2822 2824 2867 2869 2905 2907 2909 2910 2912 2992 2994 2996 2998 2999 3001 3080 3082 3084 3086 3087 3088 3089 3091 3163 3165 3167 3169 3171 3172 3173 3174 3251 3253 3255 3257 3259 3260 3339 3340 3341 3342 3343 3344 3345 3426 3427 3428
moead,ns202,3,4,2900,58,87006721.082726,1441017.173828,0.444444,0.555556,2822 2824 2869 2905 2907 2909 2910 2912 2992 2994 2996 2997 2998 2999 3001 3080 3082 3084 3086 3087 3088 3089 3163 3165 3167 3169 3171 3172 3173 3174 3251 3253 3255 3256 3257 3258 3259 3260 3339 3340 3341 3342 3343 3344 3345 3426 3428
moead,ns202,3,5,2900,58,86815260.028954,1403751.755859,0.555556,0.444444,2817 2820 2822 2824 2905 2907 2909 2910 2912 2994 2996 2997 2998 2999 3001 3080 3082 3084 3086 3087 3088 3089 3090 3165 3167 3169 3171 3172 3173 3174 3251 3253 3255 3256 3257 3258 3259 3260 3339 3340 3341 3342 3343 3344 3345 3426 3428
moead,ns202,3,6,2900,58,86632106.201104,1376322.492188,0.666667,0.333333,2820 2822 2824 2905 2907 2909 2910 2912 2994 2996 2997 2998 2999 3001 3080 3082 3084 3085 3086 3087 3088 3089 3090 3165 3167 3169 3170 3171 3172 3173 3174 3253 3255 3256 3257 3258 3259 3260 3339 3340 3341 3342 3343 3344 3345 3426 3428
moead,ns202,3,7,2900,58,86510301.035770,1346358.527344,0.777778,0.222222,2820 2822 2824 2905 2907 2908 2909 2910 2994 2995 2996 2997 2998 2999 3001 3002 3080 3082 3083 3084 3085 3086 3087 3088 3165 3167 3169 3170 3171 3172 3173 3174 3175 3253 3255 3256 3257 3258 3259 3260 3339 3341 3342 3343 3344 3345 3426
moead,ns202,3,8,2900,58,86416765.627028,1326335.539062,0.888889,0.111111,2817 2820 2905 2907 2909 2910 2912 2994 2995 2996 2997 2998 2999 3000 3001 3002 3082 3083 3084 3085 3086 3087 3088 3165 3167 3169 3170 3171 3172 3173 3174 3175 3253 3255 3256 3257 3258 3259 3260 3339 3341 3342 3343 3344 3345 3426 3428
moead,ns202,3,9,2900,58,86333055.379343,1303062.300781,1.000000,0.000000,2817 2820 2907 2909 2910 2912 2994 2995 2996 2997 2998 2999 3000 3001 3002 3080 3082 3083 3084 3085 3086 3087 3088 3167 3169 3170 3171 3172 3173 3174 3175 3253 3254 3255 3256 3257 3258 3259 3260 3339 3341 3342 3343 3344 3345 3426 3428
moead,ns202,3,0,2950,59,112061533.064717,2008084.964844,0.000000,1.000000,249 562 1076 1867 2147 2433 2648 2730 2735 2938 2978 3070 3144 3151 3167 3399 3449 3554 3584 3588 3763 3776 4258 4318 4580 4659 4708 4857 5365 5548 5804 6190 6282 6357 6945 7000 7811 7922 7948 8080 8288 8349 8378 8671 8725 8728 8773
moead,ns202,3,1,2950,59,89055268.772997,1673128.468750,0.111111,0.888889,2683 2685 2687 2820 2822 2824 2905 2907 2909 2912 2916 2990 2994 2996 3049 3076 3080 3082 3084 3086 3088 3161 3165 3167 3169 3171 3173 3175 3176 3251 3253 3255 3257 3258 3259 3260 3339 3341 3345 3424 3426 3428 8184 8215 8265 8339 8341
moead,ns202,3,2,2950,59,87901901.424440,1553839.419922,0.222222,0.777778,2813 2822 2824 2867 2869 2905 2907 2909 2910 2912 2994 2996 2998 2999 3001 3050 3080 3082 3084 3086 3088 3089 3091 3163 3165 3167 3169 3171 3172 3173 3174 3251 3253 3255 3257 3258 3259 3260 3337 3339 3341 3343 3345 3424 3426 3428 8339
moead,ns202,3,3,2950,59,87360279.515131,1487857.830078,0.333333,0.666667,2822 2824 2867 2869 2905 2907 2909 2910 2912 2992 2994 2996 2998 2999 3001 3080 3082 3084 3086 3087 3088 3089 3091 3163 3165 3167 3169 3171 3172 3173 3174 3251 3253 3255 3257 3259 3260 3339 3340 3341 3342 3343 3344 3345 3426 3427 3428
moead,ns202,3,4,2950,59,87006721.082726,1441017.173828,0.444444,0.555556,2822 2824 2869 2905 2907 2909 2910 2912 2992 2994 2996 2997 2998 2999 3001 3080 3082 3084 3086 3087 3088 3089 3163 3165 3167 3169 3171 3172 3173 3174 3251 3253 3255 3256 3257 3258 3259 3260 3339 3340 3341 3342 3343 3344 3345 3426 3428
moead,ns202,3,5,2950,59,86815260.028954,1403751.755859,0.555556,0.444444,2817 2820 2822 2824 2905 2907 2909 2910 2912 2994 2996 2997 2998 2999 3001 3080 3082 3084 3086 3087 3088 3089 3090 3165 3167 3169 3171 3172 3173 3174 3251 3253 3255 3256 3257 3258 3259 3260 3339 3340 3341 3342 3343 3344 3345 3426 3428
moead,ns202,3,6,2950,59,86632106.201104,1376322.492188,0.666667,0.333333,2820 2822 2824 2905 2907 2909 2910 2912 2994 2996 2997 2998 2999 3001 3080 3082 3084 3085 3086 3087 3088 3089 3090 3165 3167 3169 3170 3171 3172 3173 3174 3253 3255 3256 3257 3258 3259 3260 3339 3340 3341 3342 3343 3344 3345 3426 3428
moead,ns202,3,7,2950,59,86510301.035770,1346358.527344,0.777778,0.222222,2820 2822 2824 2905 2907 2908 2909 2910 2994 2995 2996 2997 2998 2999 3001 3002 3080 3082 3083 3084 3085 3086 3087 3088 3165 3167 3169 3170 3171 3172 3173 3174 3175 3253 3255 3256 3257 3258 3259 3260 3339 3341 3342 3343 3344 3345 3426
moead,ns202,3,8,2950,59,86416765.627028,1326335.539062,0.888889,0.111111,2817 2820 2905 2907 2909 2910 2912 2994 2995 2996 2997 2998 2999 3000 3001 3002 3082 3083 3084 3085 3086 3087 3088 3165 3167 3169 3170 3171 3172 3173 3174 3175 3253 3255 3256 3257 3258 3259 3260 3339 3341 3342 3343 3344 3345 3426 3428
moead,ns202,3,9,2950,59,86333055.379343,1303062.300781,1.000000,0.000000,2817 2820 2907 2909 2910 2912 2994 2995 2996 2997 2998 2999 3000 3001 3002 3080 3082 3083 3084 3085 3086 3087 3088 3167 3169 3170 3171 3172 3173 3174 3175 3253 3254 3255 3256 3257 3258 3259 3260 3339 3341 3342 3343 3344 3345 3426 3428
moead,ns202,3,0,3000,60,111828360.128387,2008084.964844,0.000000,1.000000,249 562 1076 1867 2147 2433 2517 2648 2730 2735 2938 2978 3046 3070 3151 3167 3399 3449 3554 3584 3588 3763 3776 4258 4318 4580 4659 4708 4857 5365 5804 6171 6190 6282 6357 6945 7000 7811 7948 8080 8288 8378 8671 8725 8728 8745 8773
moead,ns202,3,1,3000,60,89055268.772997,1673128.468750,0.111111,0.888889,2683 2685 2687 2820 2822 2824 2905 2907 2909 2912 2916 2990 2994 2996 3049 3076 3080 3082 3084 3086 3088 3161 3165 3167 3169 3171 3173 3175 3176 3251 3253 3255 3257 3258 3259 3260 3339 3341 3345 3424 3426 3428 8184 8215 8265 8339 8341
moead,ns202,3,2,3000,60,87900255.538812,1556120.529297,0.222222,0.777778,2822 2824 2867 2869 2905 2907 2909 2910 2912 2992 2994 2996 2998 2999 3001 3050 3080 3082 3084 3086 3088 3089 3091 3163 3165 3167 3169 3171 3173 3174 3251 3253 3255 3257 3258 3259 3260 3337 3339 3341 3343 3345 3424 3426 3428 3511 8339
moead,ns202,3,3,3000,60,87360279.515131,1487857.830078,0.333333,0.666667,2822 2824 2867 2869 2905 2907 2909 2910 2912 2992 2994 2996 2998 2999 3001 3080 3082 3084 3086 3087 3088 3089 3091 3163 3165 3167 3169 3171 3172 3173 3174 3251 3253 3255 3257 3259 3260 3339 3340 3341 3342 3343 3344 3345 3426 3427 3428
moead,ns202,3,4,3000,60,87034002.547117,1442519.429688,0.444444,0.555556,2820 2822 2824 2905 2907 2909 2910 2912 2959 2992 2994 2996 2997 2998 2999 3001 3080 3082 3084 3086 3087 3088 3089 3163 3165 3167 3169 3171 3172 3173 3174 3251 3253 3255 3256 3257 3258 3259 3339 3340 3341 3342 3343 3344 3345 3426 3428
moead,ns202,3,5,3000,60,86815260.028954,1403751.755859,0.555556,0.444444,2817 2820 2822 2824 2905 2907 2909 2910 2912 2994 2996 2997 2998 2999 3001 3080 3082 3084 3086 3087 3088 3089 3090 3165 3167 3169 3171 3172 3173 3174 3251 3253 3255 3256 3257 3258 3259 3260 3339 3340 3341 3342 3343 3344 3345 3426 3428
moead,ns202,3,6,3000,60,86643643.757317,1377022.181641,0.666667,0.333333,2820 2822 2824 2905 2907 2909 2910 2912 2994 2996 2997 2998 2999 3001 3080 3082 3084 3085 3086 3087 3088 3089 3090 3165 3167 3169 3170 3171 3172 3173 3174 3175 3253 3255 3256 3257 3258 3259 3260 3339 3340 3341 3342 3343 3344 3345 3426
moead,ns202,3,7,3000,60,86510301.035770,1346358.527344,0.777778,0.222222,2820 2822 2824 2905 2907 2908 2909 2910 2994 2995 2996 2997 2998 2999 3001 3002 3080 3082 3083 3084 3085 3086 3087 3088 3165 3167 3169 3170 3171 3172 3173 3174 3175 3253 3255 3256 3257 3258 3259 3260 3339 3341 3342 3343 3344 3345 3426
moead,ns202,3,8,3000,60,86412494.542226,1326309.514648,0.888889,0.111111,2817 2819 2905 2907 2909 2910 2912 2994 2995 2996 2997 2998 2999 3000 3001 3002 3080 3082 3083 3084 3085 3086 3087 3088 3165 3167 3169 3170 3171 3172 3173 3174 3175 3253 3255 3256 3257 3258 3259 3260 3341 3342 3343 3344 3345 3426 3428
moead,ns202,3,9,3000,60,86329893.475410,1303036.276367,1.000000,0.000000,2817 2819 2907 2909 2910 2912 2994 2995 2996 2997 2998 2999 3000 3001 3002 3080 3082 3083 3084 3085 3086 3087 3088 3167 3169 3170 3171 3172 3173 3174 3175 3253 3254 3255 3256 3257 3258 3259 3260 3339 3341 3342 3343 3344 3345 3426 3428
moead,ns202,3,0,3050,61,112025772.957435,2008084.964844,0.000000,1.000000,249 562 1076 1867 2048 2433 2517 2648 2730 2735 2938 2978 3046 3070 3151 3167 3399 3449 3554 3584 3588 3763 3776 4258 4580 4659 4708 4857 5365 5804 6171 6190 6282 6357 6945 7000 7811 7948 8080 8288 8378 8470 8671 8725 8728 8745 8773
moead,ns202,3,1,3050,61,89055268.772997,1673128.468750,0.111111,0.888889,2683 2685 2687 2820 2822 2824 2905 2907 2909 2912 2916 2990 2994 2996 3049 3076 3080 3082 3084 3086 3088 3161 3165 3167 3169 3171 3173 3175 3176 3251 3253 3255 3257 3258 3259 3260 3339 3341 3345 3424 3426 3428 8184 8215 8265 8339 8341
moead,ns202,3,2,3050,61,87900255.538812,1556120.529297,0.222222,0.777778,2822 2824 2867 2869 2905 2907 2909 2910 2912 2992 2994 2996 2998 2999 3001 3050 3080 3082 3084 3086 3088 3089 3091 3163 3165 3167 3169 3171 3173 3174 3251 3253 3255 3257 3258 3259 3260 3337 3339 3341 3343 3345 3424 3426 3428 3511 8339
moead,ns202,3,3,3050,61,87353842.736291,1491418.199219,0.333333,0.666667,2822 2824 2869 2905 2907 2909 2910 2912 2992 2994 2996 2997 2998 2999 3001 3080 3082 3084 3086 3087 3088 3089 3091 3163 3165 3167 3169 3171 3172 3173 3174 3251 3253 3255 3257 3259 3260 3339 3341 3342 3343 3344 3345 3424 3426 3428 8339
moead,ns202,3,4,3050,61,87034002.547117,1442519.429688,0.444444,0.555556,2820 2822 2824 2905 2907 2909 2910 2912 2959 2992 2994 2996 2997 2998 2999 3001 3080 3082 3084 3086 3087 3088 3089 3163 3165 3167 3169 3171 3172 3173 3174 3251 3253 3255 3256 3257 3258 3259 3339 3340 3341 3342 3343 3344 3345 3426 3428
moead,ns202,3,5,3050,61,86815260.028954,1403751.755859,0.555556,0.444444,2817 2820 2822 2824 2905 2907 2909 2910 2912 2994 2996 2997 2998 2999 3001 3080 3082 3084 3086 3087 3088 3089 3090 3165 3167 3169 3171 3172 3173 3174 3251 3253 3255 3256 3257 3258 3259 3260 3339 3340 3341 3342 3343 3344 3345 3426 3428
moead,ns202,3,6,3050,61,86642297.823422,1377157.744141,0.666667,0.333333,2820 2822 2824 2905 2907 2909 2910 2912 2994 2996 2997 2998 2999 3001 3080 3082 3084 3085 3086 3087 3088 3089 3090 3165 3167 3169 3170 3171 3172 3173 3174 3175 3253 3255 3256 3257 3258 3259 3260 3339 3341 3342 3343 3344 3345 3426 3428
moead,ns202,3,7,3050,61,86510301.035770,1346358.527344,0.777778,0.222222,2820 2822 2824 2905 2907 2908 2909 2910 2994 2995 2996 2997 2998 2999 3001 3002 3080 3082 3083 3084 3085 3086 3087 3088 3165 3167 3169 3170 3171 3172 3173 3174 3175 3253 3255 3256 3257 3258 3259 3260 3339 3341 3342 3343 3344 3345 3426
moead,ns202,3,8,3050,61,86413603.723095,1326309.514648,0.888889,0.111111,2817 2819 2905 2907 2909 2910 2912 2994 2995 2996 2997 2998 2999 3000 3001 3002 3082 3083 3084 3085 3086 3087 3088 3165 3167 3169 3170 3171 3172 3173 3174 3175 3253 3255 3256 3257 3258 3259 3260 3339 3341 3342 3343 3344 3345 3426 3428
moead,ns202,3,9,3050,61,86329893.475410,1303036.276367,1.000000,0.000000,2817 2819 2907 2909 2910 2912 2994 2995 2996 2997 2998 2999 3000 3001 3002 3080 3082 3083 3084 3085 3086 3087 3088 3167 3169 3170 3171 3172 3173 3174 3175 3253 3254 3255 3256 3257 3258 3259 3260 3339 3341 3342 3343 3344 3345 3426 3428
moead,ns202,3,0,3100,62,112625304.192281,2008084.964844,0.000000,1.000000,249 1076 1227 1867 2048 2433 2517 2648 2730 2735 2938 2978 3046 3070 3151 3167 3399 3449 3554 3584 3588 3763 3776 4258 4580 4659 4708 4857 5365 5804 6171 6190 6282 6357 6945 7000 7811 7948 8080 8116 8378 8470 8671 8725 8728 8745 8773
moead,ns202,3,1,3100,62,89055268.772997,1673128.468750,0.111111,0.888889,2683 2685 2687 2820 2822 2824 2905 2907 2909 2912 2916 2990 2994 2996 3049 3076 3080 3082 3084 3086 3088 3161 3165 3167 3169 3171 3173 3175 3176 3251 3253 3255 3257 3258 3259 3260 3339 3341 3345 3424 3426 3428 8184 8215 8265 8339 8341
moead,ns202,3,2,3100,62,87905889.267714,1556334.173828,0.222222,0.777778,2683 2822 2824 2867 2869 2905 2907 2909 2910 2912 2992 2994 2996 2998 2999 3001 3080 3082 3084 3086 3087 3088 3089 3091 3163 3165 3167 3169 3171 3172 3173 3174 3251 3253 3255 3257 3258 3259 3260 3339 3341 3343 3345 3424 3426 8339 8341
moead,ns202,3,3,3100,62,87353842.736291,1491418.199219,0.333333,0.666667,2822 2824 2869 2905 2907 2909 2910 2912 2992 2994 2996 2997 2998 2999 3001 3080 3082 3084 3086 3087 3088 3089 3091 3163 3165 3167 3169 3171 3172 3173 3174 3251 3253 3255 3257 3259 3260 3339 3341 3342 3343 3344 3345 3424 3426 3428 8339
moead,ns202,3,4,3100,62,87034002.547117,1442519.429688,0.444444,0.555556,2820 2822 2824 2905 2907 2909 2910 2912 2959 2992 2994 2996 2997 2998 2999 3001 3080 3082 3084 3086 3087 3088 3089 3163 3165 3167 3169 3171 3172 3173 3174 3251 3253 3255 3256 3257 3258 3259 3339 3340 3341 3342 3343 3344 3345 3426 3428
moead,ns202,3,5,3100,62,86815260.028954,1403751.755859,0.555556,0.444444,2817 2820 2822 2824 2905 2907 2909 2910 2912 2994 2996 2997 2998 2999 3001 3080 3082 3084 3086 3087 3088 3089 3090 3165 3167 3169 3171 3172 3173 3174 3251 3253 3255 3256 3257 3258 3259 3260 3339 3340 3341 3342 3343 3344 3345 3426 3428
moead,ns202,3,6,3100,62,86642297.823422,1377157.744141,0.666667,0.333333,2820 2822 2824 2905 2907 2909 2910 2912 2994 2996 2997 2998 2999 3001 3080 3082 3084 3085 3086 3087 3088 3089 3090 3165 3167 3169 3170 3171 3172 3173 3174 3175 3253 3255 3256 3257 3258 3259 3260 3339 3341 3342 3343 3344 3345 3426 3428
moead,ns202,3,7,3100,62,86507549.256746,1349013.421875,0.777778,0.222222,2817 2824 2905 2907 2908 2909 2910 2912 2994 2995 2996 2997 2998 2999 3001 3002 3080 3082 3083 3084 3085 3086 3087 3088 3165 3167 3169 3170 3171 3172 3173 3174 3175 3253 3255 3256 3257 3258 3259 3260 3339 3341 3342 3343 3344 3345 3426
moead,ns202,3,8,3100,62,86413603.723095,1326309.514648,0.888889,0.111111,2817 2819 2905 2907 2909 2910 2912 2994 2995 2996 2997 2998 2999 3000 3001 3002 3082 3083 3084 3085 3086 3087 3088 3165 3167 3169 3170 3171 3172 3173 3174 3175 3253 3255 3256 3257 3258 3259 3260 3339 3341 3342 3343 3344 3345 3426 3428
moead,ns202,3,9,3100,62,86329893.475410,1303036.276367,1.000000,0.000000,2817 2819 2907 2909 2910 2912 2994 2995 2996 2997 2998 2999 3000 3001 3002 3080 3082 3083 3084 3085 3086 3087 3088 3167 3169 3170 3171 3172 3173 3174 3175 3253 3254 3255 3256 3257 3258 3259 3260 3339 3341 3342 3343 3344 3345 3426 3428
moead,ns202,3,0,3150,63,112955209.822752,2008084.964844,0.000000,1.000000,249 1076 1227 1342 1867 2048 2433 2517 2648 2730 2735 2938 2978 3046 3070 3151 3167 3399 3449 3554 3584 3588 3763 3776 4258 4580 4659 4708 4857 5365 5804 6171 6190 6282 6357 6945 7000 7811 7948 8080 8116 8470 8671 8725 8728 8745 8773
moead,ns202,3,1,3150,63,89055268.772997,1673128.468750,0.111111,0.888889,2683 2685 2687 2820 2822 2824 2905 2907 2909 2912 2916 2990 2994 2996 3049 3076 3080 3082 3084 3086 3088 3161 3165 3167 3169 3171 3173 3175 3176 3251 3253 3255 3257 3258 3259 3260 3339 3341 3345 3424 3426 3428 8184 8215 8265 8339 8341
moead,ns202,3,2,3150,63,87905889.267714,1556334.173828,0.222222,0.777778,2683 2822 2824 2867 2869 2905 2907 2909 2910 2912 2992 2994 2996 2998 2999 3001 3080 3082 3084 3086 3087 3088 3089 3091 3163 3165 3167 3169 3171 3172 3173 3174 3251 3253 3255 3257 3258 3259 3260 3339 3341 3343 3345 3424 3426 8339 8341
moead,ns202,3,3,3150,63,87353842.736291,1491418.199219,0.333333,0.666667,2822 2824 2869 2905 2907 2909 2910 2912 2992 2994 2996 2997 2998 2999 3001 3080 3082 3084 3086 3087 3088 3089 3091 3163 3165 3167 3169 3171 3172 3173 3174 3251 3253 3255 3257 3259 3260 3339 3341 3342 3343 3344 3345 3424 3426 3428 8339
moead,ns202,3,4,3150,63,87026082.944703,1443420.197266,0.444444,0.555556,2822 2824 2905 2907 2909 2910 2912 2992 2994 2996 2997 2998 2999 3001 3080 3082 3084 3086 3087 3088 3089 3163 3165 3167 3169 3171 3172 3173 3174 3251 3253 3255 3257 3258 3259 3260 3339 3340 3341 3342 3343 3344 3345 3426 3427 3428 8314
moead,ns202,3,5,3150,63,86787110.340074,1400893.071289,0.555556,0.444444,2817 2822 2824 2905 2907 2909 2910 2912 2994 2996 2998 2999 3000 3001 3080 3082 3084 3085 3086 3087 3088 3089 3090 3165 3167 3169 3171 3172 3173 3174 3251 3253 3255 3256 3257 3258 3259 3260 3339 3340 3341 3342 3343 3344 3345 3426 3428
moead,ns202,3,6,3150,63,86642297.823422,1377157.744141,0.666667,0.333333,2820 2822 2824 2905 2907 2909 2910 2912 2994 2996 2997 2998 2999 3001 3080 3082 3084 3085 3086 3087 3088 3089 3090 3165 3167 3169 3170 3171 3172 3173 3174 3175 3253 3255 3256 3257 3258 3259 3260 3339 3341 3342 3343 3344 3345 3426 3428
moead,ns202,3,7,3150,63,86507549.256746,1349013.421875,0.777778,0.222222,2817 2824 2905 2907 2908 2909 2910 2912 2994 2995 2996 2997 2998 2999 3001 3002 3080 3082 3083 3084 3085 3086 3087 3088 3165 3167 3169 3170 3171 3172 3173 3174 3175 3253 3255 3256 3257 3258 3259 3260 3339 3341 3342 3343 3344 3345 3426
moead,ns202,3,8,3150,63,86413603.723095,1326309.514648,0.888889,0.111111,2817 2819 2905 2907 2909 2910 2912 2994 2995 2996 2997 2998 2999 3000 3001 3002 3082 3083 3084 3085 3086 3087 3088 3165 3167 3169 3170 3171 3172 3173 3174 3175 3253 3255 3256 3257 3258 3259 3260 3339 3341 3342 3343 3344 3345 3426 3428
moead,ns202,3,9,3150,63,86329893.475410,1303036.276367,1.000000,0.000000,2817 2819 2907 2909 2910 2912 2994 2995 2996 2997 2998 2999 3000 3001 3002 3080 3082 3083 3084 3085 3086 3087 3088 3167 3169 3170 3171 3172 3173 3174 3175 3253 3254 3255 3256 3257 3258 3259 3260 3339 3341 3342 3343 3344 3345 3426 3428
moead,ns202,3,0,3200,64,112783479.515403,2008084.964844,0.000000,1.000000,249 1076 1227 1342 1867 2048 2433 2517 2648 2730 2735 2938 2978 3046 3070 3151 3167 3399 3449 3554 3584 3588 3763 3772 3776 4580 4659 4708 4857 5365 5804 6171 6190 6282 6357 6434 6945 7000 7811 7948 8080 8116 8470 8671 8725 8728 8745
moead,ns202,3,1,3200,64,89009480.080977,1671102.890625,0.111111,0.888889,2820 2822 2824 2867 2869 2905 2907 2909 2912 2914 2916 2990 2994 2996 3049 3076 3080 3082 3084 3086 3088 3161 3165 3167 3169 3171 3173 3175 3176 3251 3253 3255 3257 3259 3260 3339 3341 3343 3345 3424 3426 3428 7347 8215 8265 8339 8341
moead,ns202,3,2,3200,64,87905889.267714,1556334.173828,0.222222,0.777778,2683 2822 2824 2867 2869 2905 2907 2909 2910 2912 2992 2994 2996 2998 2999 3001 3080 3082 3084 3086 3087 3088 3089 3091 3163 3165 3167 3169 3171 3172 3173 3174 3251 3253 3255 3257 3258 3259 3260 3339 3341 3343 3345 3424 3426 8339 8341
moead,ns202,3,3,3200,64,87353842.736291,1491418.199219,0.333333,0.666667,2822 2824 2869 2905 2907 2909 2910 2912 2992 2994 2996 2997 2998 2999 3001 3080 3082 3084 3086 3087 3088 3089 3091 3163 3165 3167 3169 3171 3172 3173 3174 3251 3253 3255 3257 3259 3260 3339 3341 3342 3343 3344 3345 3424 3426 3428 8339
moead,ns202,3,4,3200,64,87026082.944703,1443420.197266,0.444444,0.555556,2822 2824 2905 2907 2909 2910 2912 2992 2994 2996 2997 2998 2999 3001 3080 3082 3084 3086 3087 3088 3089 3163 3165 3167 3169 3171 3172 3173 3174 3251 3253 3255 3257 3258 3259 3260 3339 3340 3341 3342 3343 3344 3345 3426 3427 3428 8314
moead,ns202,3,5,3200,64,86787110.340074,1400893.071289,0.555556,0.444444,2817 2822 2824 2905 2907 2909 2910 2912 2994 2996 2998 2999 3000 3001 3080 3082 3084 3085 3086 3087 3088 3089 3090 3165 3167 3169 3171 3172 3173 3174 3251 3253 3255 3256 3257 3258 3259 3260 3339 3340 3341 3342 3343 3344 3345 3426 3428
moead,ns202,3,6,3200,64,86642297.823422,1377157.744141,0.666667,0.333333,2820 2822 2824 2905 2907 2909 2910 2912 2994 2996 2997 2998 2999 3001 3080 3082 3084 3085 3086 3087 3088 3089 3090 3165 3167 3169 3170 3171 3172 3173 3174 3175 3253 3255 3256 3257 3258 3259 3260 3339 3341 3342 3343 3344 3345 3426 3428
moead,ns202,3,7,3200,64,86507549.256746,1349013.421875,0.777778,0.222222,2817 2824 2905 2907 2908 2909 2910 2912 2994 2995 2996 2997 2998 2999 3001 3002 3080 3082 3083 3084 3085 3086 3087 3088 3165 3167 3169 3170 3171 3172 3173 3174 3175 3253 3255 3256 3257 3258 3259 3260 3339 3341 3342 3343 3344 3345 3426
moead,ns202,3,8,3200,64,86413603.723095,1326309.514648,0.888889,0.111111,2817 2819 2905 2907 2909 2910 2912 2994 2995 2996 2997 2998 2999 3000 3001 3002 3082 3083 3084 3085 3086 3087 3088 3165 3167 3169 3170 3171 3172 3173 3174 3175 3253 3255 3256 3257 3258 3259 3260 3339 3341 3342 3343 3344 3345 3426 3428
moead,ns202,3,9,3200,64,86329281.286400,1310267.166016,1.000000,0.000000,2819 2905 2907 2909 2910 2912 2994 2995 2996 2997 2998 2999 3000 3001 3002 3080 3082 3083 3084 3085 3086 3087 3088 3167 3169 3170 3171 3172 3173 3174 3175 3253 3254 3255 3256 3257 3258 3259 3260 3339 3341 3342 3343 3344 3345 3426 3428
moead,ns202,3,0,3250,65,113398044.716141,2008084.964844,0.000000,1.000000,249 596 1076 1227 1342 1867 2048 2127 2433 2517 2648 2730 2735 2938 2978 3070 3151 3167 3399 3449 3554 3584 3588 3772 3776 4580 4659 4708 4857 5365 5804 6171 6190 6282 6357 6434 6945 7000 7811 7948 8080 8116 8470 8671 8725 8728 8745
moead,ns202,3,1,3250,65,88969632.314730,1671322.968750,0.111111,0.888889,2820 2822 2824 2867 2869 2905 2907 2909 2912 2914 2916 2990 2994 2996 3049 3076 3080 3082 3084 3086 3088 3161 3165 3167 3169 3171 3173 3175 3176 3251 3253 3255 3257 3259 3260 3339 3341 3343 3345 3424 3426 3428 8184 8215 8265 8339 8341
moead,ns202,3,2,3250,65,87905889.267714,1556334.173828,0.222222,0.777778,2683 2822 2824 2867 2869 2905 2907 2909 2910 2912 2992 2994 2996 2998 2999 3001 3080 3082 3084 3086 3087 3088 3089 3091 3163 3165 3167 3169 3171 3172 3173 3174 3251 3253 3255 3257 3258 3259 3260 3339 3341 3343 3345 3424 3426 8339 8341
moead,ns202,3,3,3250,65,87353842.736291,1491418.199219,0.333333,0.666667,2822 2824 2869 2905 2907 2909 2910 2912 2992 2994 2996 2997 2998 2999 3001 3080 3082 3084 3086 3087 3088 3089 3091 3163 3165 3167 3169 3171 3172 3173 3174 3251 3253 3255 3257 3259 3260 3339 3341 3342 3343 3344 3345 3424 3426 3428 8339
moead,ns202,3,4,3250,65,87026082.944703,1443420.197266,0.444444,0.555556,2822 2824 2905 2907 2909 2910 2912 2992 2994 2996 2997 2998 2999 3001 3080 3082 3084 3086 3087 3088 3089 3163 3165 3167 3169 3171 3172 3173 3174 3251 3253 3255 3257 3258 3259 3260 3339 3340 3341 3342 3343 3344 3345 3426 3427 3428 8314
moead,ns202,3,5,3250,65,86787110.340074,1400893.071289,0.555556,0.444444,2817 2822 2824 2905 2907 2909 2910 2912 2994 2996 2998 2999 3000 3001 3080 3082 3084 3085 3086 3087 3088 3089 3090 3165 3167 3169 3171 3172 3173 3174 3251 3253 3255 3256 3257 3258 3259 3260 3339 3340 3341 3342 3343 3344 3345 3426 3428
moead,ns202,3,6,3250,65,86644000.088779,1377790.530273,0.666667,0.333333,2817 2822 2824 2905 2907 2909 2910 2912 2994 2996 2997 2998 2999 3001 3080 3082 3084 3085 3086 3087 3088 3089 3090 3165 3167 3169 3170 3171 3172 3173 3174 3253 3255 3256 3257 3258 3259 3260 3339 3340 3341 3342 3343 3344 3345 3426 3428
moead,ns202,3,7,3250,65,86507778.157830,1350221.815430,0.777778,0.222222,2817 2824 2905 2907 2908 2909 2910 2912 2994 2995 2996 2997 2998 2999 3000 3001 3002 3080 3082 3083 3084 3085 3086 3087 3088 3165 3167 3169 3170 3171 3172 3173 3174 3175 3253 3255 3256 3257 3258 3259 3339 3341 3342 3343 3344 3345 3426
moead,ns202,3,8,3250,65,86413603.723095,1326309.514648,0.888889,0.111111,2817 2819 2905 2907 2909 2910 2912 2994 2995 2996 2997 2998 2999 3000 3001 3002 3082 3083 3084 3085 3086 3087 3088 3165 3167 3169 3170 3171 3172 3173 3174 3175 3253 3255 3256 3257 3258 3259 3260 3339 3341 3342 3343 3344 3345 3426 3428
moead,ns202,3,9,3250,65,86329281.286400,1310267.166016,1.000000,0.000000,2819 2905 2907 2909 2910 2912 2994 2995 2996 2997 2998 2999 3000 3001 3002 3080 3082 3083 3084 3085 3086 3087 3088 3167 3169 3170 3171 3172 3173 3174 3175 3253 3254 3255 3256 3257 3258 3259 3260 3339 3341 3342 3343 3344 3345 3426 3428
moead,ns202,3,0,3300,66,113510569.975157,2008084.964844,0.000000,1.000000,249 596 1076 1227 1342 1867 2048 2127 2433 2517 2648 2730 2735 2938 2978 3070 3151 3167 3449 3554 3584 3588 3772 3776 4580 4659 4708 4857 5365 5630 5804 6171 6190 6282 6357 6434 6945 7000 7811 7948 8080 8116 8484 8530 8725 8728 8745
moead,ns202,3,1,3300,66,88969632.314730,1671322.968750,0.111111,0.888889,2820 2822 2824 2867 2869 2905 2907 2909 2912 2914 2916 2990 2994 2996 3049 3076 3080 3082 3084 3086 3088 3161 3165 3167 3169 3171 3173 3175 3176 3251 3253 3255 3257 3259 3260 3339 3341 3343 3345 3424 3426 3428 8184 8215 8265 8339 8341
moead,ns202,3,2,3300,66,87878431.487494,1556365.207031,0.222222,0.777778,2822 2824 2867 2869 2905 2907 2909 2910 2912 2994 2996 2998 2999 3001 3005 3050 3080 3082 3084 3086 3087 3088 3089 3091 3163 3165 3167 3169 3171 3172 3173 3174 3251 3253 3255 3257 3258 3259 3260 3337 3339 3341 3343 3345 3426 3428 8339
moead,ns202,3,3,3300,66,87353842.736291,1491418.199219,0.333333,0.666667,2822 2824 2869 2905 2907 2909 2910 2912 2992 2994 2996 2997 2998 2999 3001 3080 3082 3084 3086 3087 3088 3089 3091 3163 3165 3167 3169 3171 3172 3173 3174 3251 3253 3255 3257 3259 3260 3339 3341 3342 3343 3344 3345 3424 3426 3428 8339
moead,ns202,3,4,3300,66,87026082.944703,1443420.197266,0.444444,0.555556,2822 2824 2905 2907 2909 2910 2912 2992 2994 2996 2997 2998 2999 3001 3080 3082 3084 3086 3087 3088 3089 3163 3165 3167 3169 3171 3172 3173 3174 3251 3253 3255 3257 3258 3259 3260 3339 3340 3341 3342 3343 3344 3345 3426 3427 3428 8314
moead,ns202,3,5,3300,66,86787110.340074,1400893.071289,0.555556,0.444444,2817 2822 2824 2905 2907 2909 2910 2912 2994 2996 2998 2999 3000 3001 3080 3082 3084 3085 3086 3087 3088 3089 3090 3165 3167 3169 3171 3172 3173 3174 3251 3253 3255 3256 3257 3258 3259 3260 3339 3340 3341 3342 3343 3344 3345 3426 3428
moead,ns202,3,6,3300,66,86644000.088779,1377790.530273,0.666667,0.333333,2817 2822 2824 2905 2907 2909 2910 2912 2994 2996 2997 2998 2999 3001 3080 3082 3084 3085 3086 3087 3088 3089 3090 3165 3167 3169 3170 3171 3172 3173 3174 3253 3255 3256 3257 3258 3259 3260 3339 3340 3341 3342 3343 3344 3345 3426 3428
moead,ns202,3,7,3300,66,86507778.157830,1350221.815430,0.777778,0.222222,2817 2824 2905 2907 2908 2909 2910 2912 2994 2995 2996 2997 2998 2999 3000 3001 3002 3080 3082 3083 3084 3085 3086 3087 3088 3165 3167 3169 3170 3171 3172 3173 3174 3175 3253 3255 3256 3257 3258 3259 3339 3341 3342 3343 3344 3345 3426
moead,ns202,3,8,3300,66,86398479.138062,1326645.559570,0.888889,0.111111,2817 2905 2907 2909 2910 2912 2994 2995 2996 2997 2998 2999 3000 3001 3002 3080 3082 3083 3084 3085 3086 3087 3088 3165 3167 3169 3170 3171 3172 3173 3174 3175 3254 3255 3256 3257 3258 3259 3260 3339 3341 3342 3343 3344 3345 3426 3428
moead,ns202,3,9,3300,66,86329281.286400,1310267.166016,1.000000,0.000000,2819 2905 2907 2909 2910 2912 2994 2995 2996 2997 2998 2999 3000 3001 3002 3080 3082 3083 3084 3085 3086 3087 3088 3167 3169 3170 3171 3172 3173 3174 3175 3253 3254 3255 3256 3257 3258 3259 3260 3339 3341 3342 3343 3344 3345 3426 3428
moead,ns202,3,0,3350,67,113299896.272358,2008084.964844,0.000000,1.000000,249 596 1076 1227 1342 1867 2127 2433 2517 2648 2730 2735 2938 2978 3070 3151 3167 3449 3554 3584 3588 3772 3776 4580 4659 4708 4857 5365 5630 5804 6171 6190 6282 6357 6434 6945 7000 7811 8080 8116 8425 8484 8530 8641 8725 8728 8745
moead,ns202,3,1,3350,67,88969632.314730,1671322.968750,0.111111,0.888889,2820 2822 2824 2867 2869 2905 2907 2909 2912 2914 2916 2990 2994 2996 3049 3076 3080 3082 3084 3086 3088 3161 3165 3167 3169 3171 3173 3175 3176 3251 3253 3255 3257 3259 3260 3339 3341 3343 3345 3424 3426 3428 8184 8215 8265 8339 8341
moead,ns202,3,2,3350,67,87878431.487494,1556365.207031,0.222222,0.777778,2822 2824 2867 2869 2905 2907 2909 2910 2912 2994 2996 2998 2999 3001 3005 3050 3080 3082 3084 3086 3087 3088 3089 3091 3163 3165 3167 3169 3171 3172 3173 3174 3251 3253 3255 3257 3258 3259 3260 3337 3339 3341 3343 3345 3426 3428 8339
moead,ns202,3,3,3350,67,87353842.736291,1491418.199219,0.333333,0.666667,2822 2824 2869 2905 2907 2909 2910 2912 2992 2994 2996 2997 2998 2999 3001 3080 3082 3084 3086 3087 3088 3089 3091 3163 3165 3167 3169 3171 3172 3173 3174 3251 3253 3255 3257 3259 3260 3339 3341 3342 3343 3344 3345 3424 3426 3428 8339
moead,ns202,3,4,3350,67,87026082.944703,1443420.197266,0.444444,0.555556,2822 2824 2905 2907 2909 2910 2912 2992 2994 2996 2997 2998 2999 3001 3080 3082 3084 3086 3087 3088 3089 3163 3165 3167 3169 3171 3172 3173 3174 3251 3253 3255 3257 3258 3259 3260 3339 3340 3341 3342 3343 3344 3345 3426 3427 3428 8314
moead,ns202,3,5,3350,67,86791083.628578,1403135.823242,0.555556,0.444444,2817 2822 2824 2905 2907 2909 2910 2912 2994 2996 2997 2998 2999 3000 3001 3080 3082 3084 3086 3087 3088 3089 3163 3165 3167 3169 3170 3171 3172 3173 3174 3251 3253 3255 3256 3257 3258 3259 3260 3340 3341 3342 3343 3344 3345 3426 3428
moead,ns202,3,6,3350,67,86644000.088779,1377790.530273,0.666667,0.333333,2817 2822 2824 2905 2907 2909 2910 2912 2994 2996 2997 2998 2999 3001 3080 3082 3084 3085 3086 3087 3088 3089 3090 3165 3167 3169 3170 3171 3172 3173 3174 3253 3255 3256 3257 3258 3259 3260 3339 3340 3341 3342 3343 3344 3345 3426 3428
moead,ns202,3,7,3350,67,86507778.157830,1350221.815430,0.777778,0.222222,2817 2824 2905 2907 2908 2909 2910 2912 2994 2995 2996 2997 2998 2999 3000 3001 3002 3080 3082 3083 3084 3085 3086 3087 3088 3165 3167 3169 3170 3171 3172 3173 3174 3175 3253 3255 3256 3257 3258 3259 3339 3341 3342 3343 3344 3345 3426
moead,ns202,3,8,3350,67,86398479.138062,1326645.559570,0.888889,0.111111,2817 2905 2907 2909 2910 2912 2994 2995 2996 2997 2998 2999 3000 3001 3002 3080 3082 3083 3084 3085 3086 3087 3088 3165 3167 3169 3170 3171 3172 3173 3174 3175 3254 3255 3256 3257 3258 3259 3260 3339 3341 3342 3343 3344 3345 3426 3428
moead,ns202,3,9,3350,67,86329281.286400,1310267.166016,1.000000,0.000000,2819 2905 2907 2909 2910 2912 2994 2995 2996 2997 2998 2999 3000 3001 3002 3080 3082 3083 3084 3085 3086 3087 3088 3167 3169 3170 3171 3172 3173 3174 3175 3253 3254 3255 3256 3257 3258 3259 3260 3339 3341 3342 3343 3344 3345 3426 3428
moead,ns202,3,0,3400,68,113537723.048965,2008084.964844,0.000000,1.000000,249 596 1076 1227 1342 1470 2127 2433 2517 2648 2730 2735 2938 2978 3070 3151 3167 3449 3554 3584 3588 3772 3776 4580 4659 4708 4857 5365 5630 5804 6171 6190 6282 6357 6434 6945 7000 7811 8080 8116 8425 8484 8530 8641 8725 8728 8745
moead,ns202,3,1,3400,68,89021480.907173,1676189.957031,0.111111,0.888889,2683 2822 2824 2867 2869 2905 2907 2909 2912 2914 2916 2990 2994 2996 3049 3076 3080 3082 3084 3086 3088 3161 3165 3167 3169 3171 3173 3175 3176 3251 3253 3255 3257 3259 3260 3337 3339 3341 3343 3345 3424 3426 3428 8215 8265 8339 8341
moead,ns202,3,2,3400,68,87878431.487494,1556365.207031,0.222222,0.777778,2822 2824 2867 2869 2905 2907 2909 2910 2912 2994 2996 2998 2999 3001 3005 3050 3080 3082 3084 3086 3087 3088 3089 3091 3163 3165 3167 3169 3171 3172 3173 3174 3251 3253 3255 3257 3258 3259 3260 3337 3339 3341 3343 3345 3426 3428 8339
moead,ns202,3,3,3400,68,87353842.736291,1491418.199219,0.333333,0.666667,2822 2824 2869 2905 2907 2909 2910 2912 2992 2994 2996 2997 2998 2999 3001 3080 3082 3084 3086 3087 3088 3089 3091 3163 3165 3167 3169 3171 3172 3173 3174 3251 3253 3255 3257 3259 3260 3339 3341 3342 3343 3344 3345 3424 3426 3428 8339
moead,ns202,3,4,3400,68,87026082.944703,1443420.197266,0.444444,0.555556,2822 2824 2905 2907 2909 2910 2912 2992 2994 2996 2997 2998 2999 3001 3080 3082 3084 3086 3087 3088 3089 3163 3165 3167 3169 3171 3172 3173 3174 3251 3253 3255 3257 3258 3259 3260 3339 3340 3341 3342 3343 3344 3345 3426 3427 3428 8314
moead,ns202,3,5,3400,68,86791083.628578,1403135.823242,0.555556,0.444444,2817 2822 2824 2905 2907 2909 2910 2912 2994 2996 2997 2998 2999 3000 3001 3080 3082 3084 3086 3087 3088 3089 3163 3165 3167 3169 3170 3171 3172 3173 3174 3251 3253 3255 3256 3257 3258 3259 3260 3340 3341 3342 3343 3344 3345 3426 3428
moead,ns202,3,6,3400,68,86644000.088779,1377790.530273,0.666667,0.333333,2817 2822 2824 2905 2907 2909 2910 2912 2994 2996 2997 2998 2999 3001 3080 3082 3084 3085 3086 3087 3088 3089 3090 3165 3167 3169 3170 3171 3172 3173 3174 3253 3255 3256 3257 3258 3259 3260 3339 3340 3341 3342 3343 3344 3345 3426 3428
moead,ns202,3,7,3400,68,86507778.157830,1350221.815430,0.777778,0.222222,2817 2824 2905 2907 2908 2909 2910 2912 2994 2995 2996 2997 2998 2999 3000 3001 3002 3080 3082 3083 3084 3085 3086 3087 3088 3165 3167 3169 3170 3171 3172 3173 3174 3175 3253 3255 3256 3257 3258 3259 3339 3341 3342 3343 3344 3345 3426
moead,ns202,3,8,3400,68,86410524.327373,1334104.432617,0.888889,0.111111,2817 2905 2907 2909 2910 2912 2994 2995 2996 2997 2998 2999 3000 3001 3002 3080 3082 3083 3084 3085 3086 3087 3088 3165 3167 3169 3170 3171 3172 3173 3174 3175 3253 3254 3255 3256 3257 3258 3259 3260 3339 3341 3342 3343 3344 3345 3426
moead,ns202,3,9,3400,68,86329281.286400,1310267.166016,1.000000,0.000000,2819 2905 2907 2909 2910 2912 2994 2995 2996 2997 2998 2999 3000 3001 3002 3080 3082 3083 3084 3085 3086 3087 3088 3167 3169 3170 3171 3172 3173 3174 3175 3253 3254 3255 3256 3257 3258 3259 3260 3339 3341 3342 3343 3344 3345 3426 3428
moead,ns202,3,0,3450,69,113694067.086427,2008084.964844,0.000000,1.000000,249 596 1076 1227 1342 1470 1792 2127 2433 2517 2648 2730 2735 2938 2978 3070 3167 3449 3554 3584 3588 3772 3776 4419 4580 4659 4708 4857 5365 5630 5804 6171 6190 6282 6357 6434 6945 7000 7811 8080 8116 8484 8530 8554 8641 8728 8745
moead,ns202,3,1,3450,69,89021480.907173,1676189.957031,0.111111,0.888889,2683 2822 2824 2867 2869 2905 2907 2909 2912 2914 2916 2990 2994 2996 3049 3076 3080 3082 3084 3086 3088 3161 3165 3167 3169 3171 3173 3175 3176 3251 3253 3255 3257 3259 3260 3337 3339 3341 3343 3345 3424 3426 3428 8215 8265 8339 8341
moead,ns202,3,2,3450,69,87901514.586977,1557810.697266,0.222222,0.777778,2731 2824 2867 2869 2905 2907 2909 2910 2912 2994 2996 2998 2999 3001 3005 3050 3080 3082 3084 3086 3087 3088 3089 3091 3163 3165 3167 3169 3171 3172 3173 3174 3251 3253 3255 3257 3258 3259 3260 3337 3339 3341 3343 3345 3426 3428 8339
moead,ns202,3,3,3450,69,87353842.736291,1491418.199219,0.333333,0.666667,2822 2824 2869 2905 2907 2909 2910 2912 2992 2994 2996 2997 2998 2999 3001 3080 3082 3084 3086 3087 3088 3089 3091 3163 3165 3167 3169 3171 3172 3173 3174 3251 3253 3255 3257 3259 3260 3339 3341 3342 3343 3344 3345 3424 3426 3428 8339
moead,ns202,3,4,3450,69,87026082.944703,1443420.197266,0.444444,0.555556,2822 2824 2905 2907 2909 2910 2912 2992 2994 2996 2997 2998 2999 3001 3080 3082 3084 3086 3087 3088 3089 3163 3165 3167 3169 3171 3172 3173 3174 3251 3253 3255 3257 3258 3259 3260 3339 3340 3341 3342 3343 3344 3345 3426 3427 3428 8314
moead,ns202,3,5,3450,69,86791083.628578,1403135.823242,0.555556,0.444444,2817 2822 2824 2905 2907 2909 2910 2912 2994 2996 2997 2998 2999 3000 3001 3080 3082 3084 3086 3087 3088 3089 3163 3165 3167 3169 3170 3171 3172 3173 3174 3251 3253 3255 3256 3257 3258 3259 3260 3340 3341 3342 3343 3344 3345 3426 3428
moead,ns202,3,6,3450,69,86644000.088779,1377790.530273,0.666667,0.333333,2817 2822 2824 2905 2907 2909 2910 2912 2994 2996 2997 2998 2999 3001 3080 3082 3084 3085 3086 3087 3088 3089 3090 3165 3167 3169 3170 3171 3172 3173 3174 3253 3255 3256 3257 3258 3259 3260 3339 3340 3341 3342 3343 3344 3345 3426 3428
moead,ns202,3,7,3450,69,86507778.157830,1350221.815430,0.777778,0.222222,2817 2824 2905 2907 2908 2909 2910 2912 2994 2995 2996 2997 2998 2999 3000 3001 3002 3080 3082 3083 3084 3085 3086 3087 3088 3165 3167 3169 3170 3171 3172 3173 3174 3175 3253 3255 3256 3257 3258 3259 3339 3341 3342 3343 3344 3345 3426
moead,ns202,3,8,3450,69,86410524.327373,1334104.432617,0.888889,0.111111,2817 2905 2907 2909 2910 2912 2994 2995 2996 2997 2998 2999 3000 3001 3002 3080 3082 3083 3084 3085 3086 3087 3088 3165 3167 3169 3170 3171 3172 3173 3174 3175 3253 3254 3255 3256 3257 3258 3259 3260 3339 3341 3342 3343 3344 3345 3426
moead,ns202,3,9,3450,69,86329281.286400,1310267.166016,1.000000,0.000000,2819 2905 2907 2909 2910 2912 2994 2995 2996 2997 2998 2999 3000 3001 3002 3080 3082 3083 3084 3085 3086 3087 3088 3167 3169 3170 3171 3172 3173 3174 3175 3253 3254 3255 3256 3257 3258 3259 3260 3339 3341 3342 3343 3344 3345 3426 3428
moead,ns202,3,0,3500,70,113483475.199840,2008084.964844,0.000000,1.000000,249 793 1076 1227 1342 1470 1792 2127 2433 2517 2648 2730 2735 2938 2978 3070 3167 3449 3554 3584 3588 3772 3776 4419 4580 4659 4708 4857 5365 5630 5804 6171 6190 6282 6357 6434 6945 7000 8080 8116 8484 8530 8554 8641 8728 8745 8768
moead,ns202,3,1,3500,70,89021480.907173,1676189.957031,0.111111,0.888889,2683 2822 2824 2867 2869 2905 2907 2909 2912 2914 2916 2990 2994 2996 3049 3076 3080 3082 3084 3086 3088 3161 3165 3167 3169 3171 3173 3175 3176 3251 3253 3255 3257 3259 3260 3337 3339 3341 3343 3345 3424 3426 3428 8215 8265 8339 8341
moead,ns202,3,2,3500,70,87899356.434544,1561122.744141,0.222222,0.777778,2822 2824 2867 2869 2905 2907 2909 2910 2912 2992 2994 2996 2998 2999 3001 3050 3080 3082 3084 3086 3088 3089 3091 3163 3165 3167 3169 3171 3172 3173 3174 3251 3253 3255 3257 3258 3259 3260 3339 3341 3343 3345 3424 3426 3428 8265 8339
moead,ns202,3,3,3500,70,87353842.736291,1491418.199219,0.333333,0.666667,2822 2824 2869 2905 2907 2909 2910 2912 2992 2994 2996 2997 2998 2999 3001 3080 3082 3084 3086 3087 3088 3089 3091 3163 3165 3167 3169 3171 3172 3173 3174 3251 3253 3255 3257 3259 3260 3339 3341 3342 3343 3344 3345 3424 3426 3428 8339
moead,ns202,3,4,3500,70,87026082.944703,1443420.197266,0.444444,0.555556,2822 2824 2905 2907 2909 2910 2912 2992 2994 2996 2997 2998 2999 3001 3080 3082 3084 3086 3087 3088 3089 3163 3165 3167 3169 3171 3172 3173 3174 3251 3253 3255 3257 3258 3259 3260 3339 3340 3341 3342 3343 3344 3345 3426 3427 3428 8314
moead,ns202,3,5,3500,70,86801906.057372,1407911.341797,0.555556,0.444444,2820 2822 2824 2905 2907 2909 2910 2912 2994 2996 2997 2998 2999 3000 3001 3080 3082 3084 3086 3087 3088 3089 3163 3165 3167 3169 3170 3171 3172 3173 3174 3251 3253 3255 3256 3257 3258 3259 3339 3340 3341 3342 3343 3344 3345 3426 3428
moead,ns202,3,6,3500,70,86644000.088779,1377790.530273,0.666667,0.333333,2817 2822 2824 2905 2907 2909 2910 2912 2994 2996 2997 2998 2999 3001 3080 3082 3084 3085 3086 3087 3088 3089 3090 3165 3167 3169 3170 3171 3172 3173 3174 3253 3255 3256 3257 3258 3259 3260 3339 3340 3341 3342 3343 3344 3345 3426 3428
moead,ns202,3,7,3500,70,86507778.157830,1350221.815430,0.777778,0.222222,2817 2824 2905 2907 2908 2909 2910 2912 2994 2995 2996 2997 2998 2999 3000 3001 3002 3080 3082 3083 3084 3085 3086 3087 3088 3165 3167 3169 3170 3171 3172 3173 3174 3175 3253 3255 3256 3257 3258 3259 3339 3341 3342 3343 3344 3345 3426
moead,ns202,3,8,3500,70,86410524.327373,1334104.432617,0.888889,0.111111,2817 2905 2907 2909 2910 2912 2994 2995 2996 2997 2998 2999 3000 3001 3002 3080 3082 3083 3084 3085 3086 3087 3088 3165 3167 3169 3170 3171 3172 3173 3174 3175 3253 3254 3255 3256 3257 3258 3259 3260 3339 3341 3342 3343 3344 3345 3426
moead,ns202,3,9,3500,70,86329281.286400,1310267.166016,1.000000,0.000000,2819 2905 2907 2909 2910 2912 2994 2995 2996 2997 2998 2999 3000 3001 3002 3080 3082 3083 3084 3085 3086 3087 3088 3167 3169 3170 3171 3172 3173 3174 3175 3253 3254 3255 3256 3257 3258 3259 3260 3339 3341 3342 3343 3344 3345 3426 3428
moead,ns202,3,0,3550,71,113539322.691546,2008084.964844,0.000000,1.000000,249 793 1076 1227 1342 1470 1792 2127 2433 2517 2648 2730 2735 2938 2978 3070 3167 3449 3554 3584 3588 3772 3776 4419 4580 4659 4708 4857 5365 6171 6190 6282 6357 6434 6945 7000 7177 8080 8116 8466 8484 8530 8554 8641 8728 8745 8768
moead,ns202,3,1,3550,71,89021480.907173,1676189.957031,0.111111,0.888889,2683 2822 2824 2867 2869 2905 2907 2909 2912 2914 2916 2990 2994 2996 3049 3076 3080 3082 3084 3086 3088 3161 3165 3167 3169 3171 3173 3175 3176 3251 3253 3255 3257 3259 3260 3337 3339 3341 3343 3345 3424 3426 3428 8215 8265 8339 8341
moead,ns202,3,2,3550,71,87899356.434544,1561122.744141,0.222222,0.777778,2822 2824 2867 2869 2905 2907 2909 2910 2912 2992 2994 2996 2998 2999 3001 3050 3080 3082 3084 3086 3088 3089 3091 3163 3165 3167 3169 3171 3172 3173 3174 3251 3253 3255 3257 3258 3259 3260 3339 3341 3343 3345 3424 3426 3428 8265 8339
moead,ns202,3,3,3550,71,87353842.736291,1491418.199219,0.333333,0.666667,2822 2824 2869 2905 2907 2909 2910 2912 2992 2994 2996 2997 2998 2999 3001 3080 3082 3084 3086 3087 3088 3089 3091 3163 3165 3167 3169 3171 3172 3173 3174 3251 3253 3255 3257 3259 3260 3339 3341 3342 3343 3344 3345 3424 3426 3428 8339
moead,ns202,3,4,3550,71,87026082.944703,1443420.197266,0.444444,0.555556,2822 2824 2905 2907 2909 2910 2912 2992 2994 2996 2997 2998 2999 3001 3080 3082 3084 3086 3087 3088 3089 3163 3165 3167 3169 3171 3172 3173 3174 3251 3253 3255 3257 3258 3259 3260 3339 3340 3341 3342 3343 3344 3345 3426 3427 3428 8314
moead,ns202,3,5,3550,71,86801906.057372,1407911.341797,0.555556,0.444444,2820 2822 2824 2905 2907 2909 2910 2912 2994 2996 2997 2998 2999 3000 3001 3080 3082 3084 3086 3087 3088 3089 3163 3165 3167 3169 3170 3171 3172 3173 3174 3251 3253 3255 3256 3257 3258 3259 3339 3340 3341 3342 3343 3344 3345 3426 3428
moead,ns202,3,6,3550,71,86644000.088779,1377790.530273,0.666667,0.333333,2817 2822 2824 2905 2907 2909 2910 2912 2994 2996 2997 2998 2999 3001 3080 3082 3084 3085 3086 3087 3088 3089 3090 3165 3167 3169 3170 3171 3172 3173 3174 3253 3255 3256 3257 3258 3259 3260 3339 3340 3341 3342 3343 3344 3345 3426 3428
moead,ns202,3,7,3550,71,86507778.157830,1350221.815430,0.777778,0.222222,2817 2824 2905 2907 2908 2909 2910 2912 2994 2995 2996 2997 2998 2999 3000 3001 3002 3080 3082 3083 3084 3085 3086 3087 3088 3165 3167 3169 3170 3171 3172 3173 3174 3175 3253 3255 3256 3257 3258 3259 3339 3341 3342 3343 3344 3345 3426
moead,ns202,3,8,3550,71,86410524.327373,1334104.432617,0.888889,0.111111,2817 2905 2907 2909 2910 2912 2994 2995 2996 2997 2998 2999 3000 3001 3002 3080 3082 3083 3084 3085 3086 3087 3088 3165 3167 3169 3170 3171 3172 3173 3174 3175 3253 3254 3255 3256 3257 3258 3259 3260 3339 3341 3342 3343 3344 3345 3426
moead,ns202,3,9,3550,71,86329281.286400,1310267.166016,1.000000,0.000000,2819 2905 2907 2909 2910 2912 2994 2995 2996 2997 2998 2999 3000 3001 3002 3080 3082 3083 3084 3085 3086 3087 3088 3167 3169 3170 3171 3172 3173 3174 3175 3253 3254 3255 3256 3257 3258 3259 3260 3339 3341 3342 3343 3344 3345 3426 3428
moead,ns202,3,0,3600,72,113834364.374466,2008084.964844,0.000000,1.000000,249 793 1076 1227 1342 1470 1493 1792 2127 2433 2517 2730 2735 2938 2978 3070 3167 3449 3554 3584 3588 3772 3776 4419 4580 4659 4708 4857 5365 6171 6190 6282 6357 6434 6945 7000 7177 8080 8116 8466 8484 8530 8554 8641 8728 8745 8768
moead,ns202,3,1,3600,72,89021480.907173,1676189.957031,0.111111,0.888889,2683 2822 2824 2867 2869 2905 2907 2909 2912 2914 2916 2990 2994 2996 3049 3076 3080 3082 3084 3086 3088 3161 3165 3167 3169 3171 3173 3175 3176 3251 3253 3255 3257 3259 3260 3337 3339 3341 3343 3345 3424 3426 3428 8215 8265 8339 8341
moead,ns202,3,2,3600,72,87899356.434544,1561122.744141,0.222222,0.777778,2822 2824 2867 2869 2905 2907 2909 2910 2912 2992 2994 2996 2998 2999 3001 3050 3080 3082 3084 3086 3088 3089 3091 3163 3165 3167 3169 3171 3172 3173 3174 3251 3253 3255 3257 3258 3259 3260 3339 3341 3343 3345 3424 3426 3428 8265 8339
moead,ns202,3,3,3600,72,87360675.330173,1493447.103516,0.333333,0.666667,2776 2822 2824 2869 2905 2907 2909 2910 2912 2992 2994 2996 2997 2998 2999 3001 3080 3082 3084 3086 3087 3088 3089 3163 3165 3167 3169 3171 3172 3173 3174 3251 3253 3255 3257 3258 3259 3339 3341 3342 3343 3344 3345 3424 3426 3428 8339
moead,ns202,3,4,3600,72,87026082.944703,1443420.197266,0.444444,0.555556,2822 2824 2905 2907 2909 2910 2912 2992 2994 2996 2997 2998 2999 3001 3080 3082 3084 3086 3087 3088 3089 3163 3165 3167 3169 3171 3172 3173 3174 3251 3253 3255 3257 3258 3259 3260 3339 3340 3341 3342 3343 3344 3345 3426 3427 3428 8314
moead,ns202,3,5,3600,72,86801906.057372,1407911.341797,0.555556,0.444444,2820 2822 2824 2905 2907 2909 2910 2912 2994 2996 2997 2998 2999 3000 3001 3080 3082 3084 3086 3087 3088 3089 3163 3165 3167 3169 3170 3171 3172 3173 3174 3251 3253 3255 3256 3257 3258 3259 3339 3340 3341 3342 3343 3344 3345 3426 3428
moead,ns202,3,6,3600,72,86644000.088779,1377790.530273,0.666667,0.333333,2817 2822 2824 2905 2907 2909 2910 2912 2994 2996 2997 2998 2999 3001 3080 3082 3084 3085 3086 3087 3088 3089 3090 3165 3167 3169 3170 3171 3172 3173 3174 3253 3255 3256 3257 3258 3259 3260 3339 3340 3341 3342 3343 3344 3345 3426 3428
moead,ns202,3,7,3600,72,86507778.157830,1350221.815430,0.777778,0.222222,2817 2824 2905 2907 2908 2909 2910 2912 2994 2995 2996 2997 2998 2999 3000 3001 3002 3080 3082 3083 3084 3085 3086 3087 3088 3165 3167 3169 3170 3171 3172 3173 3174 3175 3253 3255 3256 3257 3258 3259 3339 3341 3342 3343 3344 3345 3426
moead,ns202,3,8,3600,72,86410524.327373,1334104.432617,0.888889,0.111111,2817 2905 2907 2909 2910 2912 2994 2995 2996 2997 2998 2999 3000 3001 3002 3080 3082 3083 3084 3085 3086 3087 3088 3165 3167 3169 3170 3171 3172 3173 3174 3175 3253 3254 3255 3256 3257 3258 3259 3260 3339 3341 3342 3343 3344 3345 3426
moead,ns202,3,9,3600,72,86329281.286400,1310267.166016,1.000000,0.000000,2819 2905 2907 2909 2910 2912 2994 2995 2996 2997 2998 2999 3000 3001 3002 3080 3082 3083 3084 3085 3086 3087 3088 3167 3169 3170 3171 3172 3173 3174 3175 3253 3254 3255 3256 3257 3258 3259 3260 3339 3341 3342 3343 3344 3345 3426 3428
moead,ns202,3,0,3650,73,113921969.649250,2008084.964844,0.000000,1.000000,249 793 1076 1227 1342 1470 1493 1792 2127 2433 2458 2517 2730 2938 2978 3070 3167 3449 3554 3584 3588 3772 3776 4419 4580 4659 4708 4857 5365 6171 6190 6282 6357 6434 6945 7000 7177 8080 8116 8466 8484 8530 8554 8641 8728 8745 8768
moead,ns202,3,1,3650,73,89021480.907173,1676189.957031,0.111111,0.888889,2683 2822 2824 2867 2869 2905 2907 2909 2912 2914 2916 2990 2994 2996 3049 3076 3080 3082 3084 3086 3088 3161 3165 3167 3169 3171 3173 3175 3176 3251 3253 3255 3257 3259 3260 3337 3339 3341 3343 3345 3424 3426 3428 8215 8265 8339 8341
moead,ns202,3,2,3650,73,87899356.434544,1561122.744141,0.222222,0.777778,2822 2824 2867 2869 2905 2907 2909 2910 2912 2992 2994 2996 2998 2999 3001 3050 3080 3082 3084 3086 3088 3089 3091 3163 3165 3167 3169 3171 3172 3173 3174 3251 3253 3255 3257 3258 3259 3260 3339 3341 3343 3345 3424 3426 3428 8265 8339
moead,ns202,3,3,3650,73,87348839.682462,1493441.279297,0.333333,0.666667,2776 2822 2824 2869 2905 2907 2909 2910 2912 2992 2994 2996 2997 2998 2999 3001 3080 3082 3084 3086 3087 3088 3089 3163 3165 3167 3169 3171 3172 3173 3174 3251 3253 3255 3257 3258 3259 3339 3341 3342 3343 3344 3345 3424 3426 3428 8314
moead,ns202,3,4,3650,73,87026082.944703,1443420.197266,0.444444,0.555556,2822 2824 2905 2907 2909 2910 2912 2992 2994 2996 2997 2998 2999 3001 3080 3082 3084 3086 3087 3088 3089 3163 3165 3167 3169 3171 3172 3173 3174 3251 3253 3255 3257 3258 3259 3260 3339 3340 3341 3342 3343 3344 3345 3426 3427 3428 8314
moead,ns202,3,5,3650,73,86801906.057372,1407911.341797,0.555556,0.444444,2820 2822 2824 2905 2907 2909 2910 2912 2994 2996 2997 2998 2999 3000 3001 3080 3082 3084 3086 3087 3088 3089 3163 3165 3167 3169 3170 3171 3172 3173 3174 3251 3253 3255 3256 3257 3258 3259 3339 3340 3341 3342 3343 3344 3345 3426 3428
moead,ns202,3,6,3650,73,86644000.088779,1377790.530273,0.666667,0.333333,2817 2822 2824 2905 2907 2909 2910 2912 2994 2996 2997 2998 2999 3001 3080 3082 3084 3085 3086 3087 3088 3089 3090 3165 3167 3169 3170 3171 3172 3173 3174 3253 3255 3256 3257 3258 3259 3260 3339 3340 3341 3342 3343 3344 3345 3426 3428
moead,ns202,3,7,3650,73,86507778.157830,1350221.815430,0.777778,0.222222,2817 2824 2905 2907 2908 2909 2910 2912 2994 2995 2996 2997 2998 2999 3000 3001 3002 3080 3082 3083 3084 3085 3086 3087 3088 3165 3167 3169 3170 3171 3172 3173 3174 3175 3253 3255 3256 3257 3258 3259 3339 3341 3342 3343 3344 3345 3426
moead,ns202,3,8,3650,73,86410524.327373,1334104.432617,0.888889,0.111111,2817 2905 2907 2909 2910 2912 2994 2995 2996 2997 2998 2999 3000 3001 3002 3080 3082 3083 3084 3085 3086 3087 3088 3165 3167 3169 3170 3171 3172 3173 3174 3175 3253 3254 3255 3256 3257 3258 3259 3260 3339 3341 3342 3343 3344 3345 3426
moead,ns202,3,9,3650,73,86329281.286400,1310267.166016,1.000000,0.000000,2819 2905 2907 2909 2910 2912 2994 2995 2996 2997 2998 2999 3000 3001 3002 3080 3082 3083 3084 3085 3086 3087 3088 3167 3169 3170 3171 3172 3173 3174 3175 3253 3254 3255 3256 3257 3258 3259 3260 3339 3341 3342 3343 3344 3345 3426 3428
moead,ns202,3,0,3700,74,114001644.254132,2008084.964844,0.000000,1.000000,249 793 1076 1227 1342 1470 1493 1792 2049 2127 2231 2433 2458 2517 2730 2938 2978 3167 3449 3554 3584 3588 3772 3776 4419 4580 4659 4857 5300 5365 6171 6190 6282 6357 6945 7000 7177 8080 8116 8466 8484 8530 8554 8641 8728 8745 8768
moead,ns202,3,1,3700,74,89021480.907173,1676189.957031,0.111111,0.888889,2683 2822 2824 2867 2869 2905 2907 2909 2912 2914 2916 2990 2994 2996 3049 3076 3080 3082 3084 3086 3088 3161 3165 3167 3169 3171 3173 3175 3176 3251 3253 3255 3257 3259 3260 3337 3339 3341 3343 3345 3424 3426 3428 8215 8265 8339 8341
moead,ns202,3,2,3700,74,87899356.434544,1561122.744141,0.222222,0.777778,2822 2824 2867 2869 2905 2907 2909 2910 2912 2992 2994 2996 2998 2999 3001 3050 3080 3082 3084 3086 3088 3089 3091 3163 3165 3167 3169 3171 3172 3173 3174 3251 3253 3255 3257 3258 3259 3260 3339 3341 3343 3345 3424 3426 3428 8265 8339
moead,ns202,3,3,3700,74,87355897.693798,1493441.279297,0.333333,0.666667,2822 2824 2867 2869 2905 2907 2909 2910 2912 2992 2994 2996 2997 2998 2999 3001 3080 3082 3084 3086 3087 3088 3089 3163 3165 3167 3169 3171 3172 3173 3174 3251 3253 3255 3257 3258 3259 3339 3341 3342 3343 3344 3345 3424 3426 3428 8314
moead,ns202,3,4,3700,74,87026082.944703,1443420.197266,0.444444,0.555556,2822 2824 2905 2907 2909 2910 2912 2992 2994 2996 2997 2998 2999 3001 3080 3082 3084 3086 3087 3088 3089 3163 3165 3167 3169 3171 3172 3173 3174 3251 3253 3255 3257 3258 3259 3260 3339 3340 3341 3342 3343 3344 3345 3426 3427 3428 8314
moead,ns202,3,5,3700,74,86801906.057372,1407911.341797,0.555556,0.444444,2820 2822 2824 2905 2907 2909 2910 2912 2994 2996 2997 2998 2999 3000 3001 3080 3082 3084 3086 3087 3088 3089 3163 3165 3167 3169 3170 3171 3172 3173 3174 3251 3253 3255 3256 3257 3258 3259 3339 3340 3341 3342 3343 3344 3345 3426 3428
moead,ns202,3,6,3700,74,86644000.088779,1377790.530273,0.666667,0.333333,2817 2822 2824 2905 2907 2909 2910 2912 2994 2996 2997 2998 2999 3001 3080 3082 3084 3085 3086 3087 3088 3089 3090 3165 3167 3169 3170 3171 3172 3173 3174 3253 3255 3256 3257 3258 3259 3260 3339 3340 3341 3342 3343 3344 3345 3426 3428
moead,ns202,3,7,3700,74,86507778.157830,1350221.815430,0.777778,0.222222,2817 2824 2905 2907 2908 2909 2910 2912 2994 2995 2996 2997 2998 2999 3000 3001 3002 3080 3082 3083 3084 3085 3086 3087 3088 3165 3167 3169 3170 3171 3172 3173 3174 3175 3253 3255 3256 3257 3258 3259 3339 3341 3342 3343 3344 3345 3426
moead,ns202,3,8,3700,74,86410524.327373,1334104.432617,0.888889,0.111111,2817 2905 2907 2909 2910 2912 2994 2995 2996 2997 2998 2999 3000 3001 3002 3080 3082 3083 3084 3085 3086 3087 3088 3165 3167 3169 3170 3171 3172 3173 3174 3175 3253 3254 3255 3256 3257 3258 3259 3260 3339 3341 3342 3343 3344 3345 3426
moead,ns202,3,9,3700,74,86329281.286400,1310267.166016,1.000000,0.000000,2819 2905 2907 2909 2910 2912 2994 2995 2996 2997 2998 2999 3000 3001 3002 3080 3082 3083 3084 3085 3086 3087 3088 3167 3169 3170 3171 3172 3173 3174 3175 3253 3254 3255 3256 3257 3258 3259 3260 3339 3341 3342 3343 3344 3345 3426 3428
moead,ns202,3,0,3750,75,113968534.550029,2008084.964844,0.000000,1.000000,249 793 1076 1227 1342 1470 1493 1792 2127 2231 2433 2458 2517 2730 2938 2978 3167 3449 3554 3584 3588 3751 3772 3776 4419 4580 4659 4857 5300 5365 6171 6190 6282 6357 6945 7000 7177 8080 8116 8466 8484 8530 8554 8641 8728 8745 8768
moead,ns202,3,1,3750,75,89021480.907173,1676189.957031,0.111111,0.888889,2683 2822 2824 2867 2869 2905 2907 2909 2912 2914 2916 2990 2994 2996 3049 3076 3080 3082 3084 3086 3088 3161 3165 3167 3169 3171 3173 3175 3176 3251 3253 3255 3257 3259 3260 3337 3339 3341 3343 3345 3424 3426 3428 8215 8265 8339 8341
moead,ns202,3,2,3750,75,87899356.434544,1561122.744141,0.222222,0.777778,2822 2824 2867 2869 2905 2907 2909 2910 2912 2992 2994 2996 2998 2999 3001 3050 3080 3082 3084 3086 3088 3089 3091 3163 3165 3167 3169 3171 3172 3173 3174 3251 3253 3255 3257 3258 3259 3260 3339 3341 3343 3345 3424 3426 3428 8265 8339
moead,ns202,3,3,3750,75,87355897.693798,1493441.279297,0.333333,0.666667,2822 2824 2867 2869 2905 2907 2909 2910 2912 2992 2994 2996 2997 2998 2999 3001 3080 3082 3084 3086 3087 3088 3089 3163 3165 3167 3169 3171 3172 3173 3174 3251 3253 3255 3257 3258 3259 3339 3341 3342 3343 3344 3345 3424 3426 3428 8314
moead,ns202,3,4,3750,75,87026082.944703,1443420.197266,0.444444,0.555556,2822 2824 2905 2907 2909 2910 2912 2992 2994 2996 2997 2998 2999 3001 3080 3082 3084 3086 3087 3088 3089 3163 3165 3167 3169 3171 3172 3173 3174 3251 3253 3255 3257 3258 3259 3260 3339 3340 3341 3342 3343 3344 3345 3426 3427 3428 8314
moead,ns202,3,5,3750,75,86801906.057372,1407911.341797,0.555556,0.444444,2820 2822 2824 2905 2907 2909 2910 2912 2994 2996 2997 2998 2999 3000 3001 3080 3082 3084 3086 3087 3088 3089 3163 3165 3167 3169 3170 3171 3172 3173 3174 3251 3253 3255 3256 3257 3258 3259 3339 3340 3341 3342 3343 3344 3345 3426 3428
moead,ns202,3,6,3750,75,86644000.088779,1377790.530273,0.666667,0.333333,2817 2822 2824 2905 2907 2909 2910 2912 2994 2996 2997 2998 2999 3001 3080 3082 3084 3085 3086 3087 3088 3089 3090 3165 3167 3169 3170 3171 3172 3173 3174 3253 3255 3256 3257 3258 3259 3260 3339 3340 3341 3342 3343 3344 3345 3426 3428
moead,ns202,3,7,3750,75,86507778.157830,1350221.815430,0.777778,0.222222,2817 2824 2905 2907 2908 2909 2910 2912 2994 2995 2996 2997 2998 2999 3000 3001 3002 3080 3082 3083 3084 3085 3086 3087 3088 3165 3167 3169 3170 3171 3172 3173 3174 3175 3253 3255 3256 3257 3258 3259 3339 3341 3342 3343 3344 3345 3426
moead,ns202,3,8,3750,75,86410524.327373,1334104.432617,0.888889,0.111111,2817 2905 2907 2909 2910 2912 2994 2995 2996 2997 2998 2999 3000 3001 3002 3080 3082 3083 3084 3085 3086 3087 3088 3165 3167 3169 3170 3171 3172 3173 3174 3175 3253 3254 3255 3256 3257 3258 3259 3260 3339 3341 3342 3343 3344 3345 3426
moead,ns202,3,9,3750,75,86329281.286400,1310267.166016,1.000000,0.000000,2819 2905 2907 2909 2910 2912 2994 2995 2996 2997 2998 2999 3000 3001 3002 3080 3082 3083 3084 3085 3086 3087 3088 3167 3169 3170 3171 3172 3173 3174 3175 3253 3254 3255 3256 3257 3258 3259 3260 3339 3341 3342 3343 3344 3345 3426 3428
moead,ns202,3,0,3800,76,114014702.032998,2008084.964844,0.000000,1.000000,309 793 1076 1227 1342 1470 1493 1792 2127 2231 2433 2458 2517 2730 2938 2978 3167 3449 3554 3584 3588 3751 3772 3776 4419 4580 4659 4857 5300 5365 6171 6190 6282 6357 6383 6945 7000 7177 8080 8116 8466 8484 8554 8641 8728 8745 8768
moead,ns202,3,1,3800,76,89021480.907173,1676189.957031,0.111111,0.888889,2683 2822 2824 2867 2869 2905 2907 2909 2912 2914 2916 2990 2994 2996 3049 3076 3080 3082 3084 3086 3088 3161 3165 3167 3169 3171 3173 3175 3176 3251 3253 3255 3257 3259 3260 3337 3339 3341 3343 3345 3424 3426 3428 8215 8265 8339 8341
moead,ns202,3,2,3800,76,87899356.434544,1561122.744141,0.222222,0.777778,2822 2824 2867 2869 2905 2907 2909 2910 2912 2992 2994 2996 2998 2999 3001 3050 3080 3082 3084 3086 3088 3089 3091 3163 3165 3167 3169 3171 3172 3173 3174 3251 3253 3255 3257 3258 3259 3260 3339 3341 3343 3345 3424 3426 3428 8265 8339
moead,ns202,3,3,3800,76,87348839.682462,1493441.279297,0.333333,0.666667,2776 2822 2824 2869 2905 2907 2909 2910 2912 2992 2994 2996 2997 2998 2999 3001 3080 3082 3084 3086 3087 3088 3089 3163 3165 3167 3169 3171 3172 3173 3174 3251 3253 3255 3257 3258 3259 3339 3341 3342 3343 3344 3345 3424 3426 3428 8314
moead,ns202,3,4,3800,76,87026082.944703,1443420.197266,0.444444,0.555556,2822 2824 2905 2907 2909 2910 2912 2992 2994 2996 2997 2998 2999 3001 3080 3082 3084 3086 3087 3088 3089 3163 3165 3167 3169 3171 3172 3173 3174 3251 3253 3255 3257 3258 3259 3260 3339 3340 3341 3342 3343 3344 3345 3426 3427 3428 8314
moead,ns202,3,5,3800,76,86801703.934294,1407947.408203,0.555556,0.444444,2820 2822 2824 2905 2907 2909 2910 2912 2994 2996 2997 2998 2999 3000 3001 3080 3082 3084 3086 3087 3088 3089 3163 3165 3167 3169 3170 3171 3172 3173 3174 3251 3253 3255 3256 3257 3258 3259 3260 3339 3341 3342 3343 3344 3345 3426 3428
moead,ns202,3,6,3800,76,86638828.199645,1380496.601562,0.666667,0.333333,2817 2822 2824 2905 2907 2909 2910 2912 2992 2994 2996 2997 2998 2999 3001 3080 3082 3083 3084 3085 3086 3087 3088 3089 3165 3167 3169 3170 3171 3172 3173 3174 3176 3253 3254 3255 3256 3257 3258 3259 3260 3339 3341 3342 3343 3345 3426
moead,ns202,3,7,3800,76,86503308.676722,1353376.154297,0.777778,0.222222,2819 2822 2824 2905 2907 2909 2910 2912 2995 2996 2997 2998 2999 3000 3001 3080 3082 3083 3084 3085 3086 3087 3088 3089 3165 3167 3169 3170 3171 3172 3173 3174 3253 3254 3255 3256 3257 3258 3259 3260 3339 3341 3342 3343 3344 3345 3426
moead,ns202,3,8,3800,76,86410524.327373,1334104.432617,0.888889,0.111111,2817 2905 2907 2909 2910 2912 2994 2995 2996 2997 2998 2999 3000 3001 3002 3080 3082 3083 3084 3085 3086 3087 3088 3165 3167 3169 3170 3171 3172 3173 3174 3175 3253 3254 3255 3256 3257 3258 3259 3260 3339 3341 3342 3343 3344 3345 3426
moead,ns202,3,9,3800,76,86329281.286400,1310267.166016,1.000000,0.000000,2819 2905 2907 2909 2910 2912 2994 2995 2996 2997 2998 2999 3000 3001 3002 3080 3082 3083 3084 3085 3086 3087 3088 3167 3169 3170 3171 3172 3173 3174 3175 3253 3254 3255 3256 3257 3258 3259 3260 3339 3341 3342 3343 3344 3345 3426 3428
moead,ns202,3,0,3850,77,114073682.669976,2008084.964844,0.000000,1.000000,309 793 1076 1227 1342 1470 1493 1792 2127 2231 2433 2458 2517 2730 2938 2978 3167 3449 3554 3584 3588 3751 3776 4032 4419 4580 4659 4857 5300 5365 6171 6190 6282 6357 6383 6945 7000 7177 8080 8116 8211 8466 8484 8554 8641 8745 8768
moead,ns202,3,1,3850,77,89021480.907173,1676189.957031,0.111111,0.888889,2683 2822 2824 2867 2869 2905 2907 2909 2912 2914 2916 2990 2994 2996 3049 3076 3080 3082 3084 3086 3088 3161 3165 3167 3169 3171 3173 3175 3176 3251 3253 3255 3257 3259 3260 3337 3339 3341 3343 3345 3424 3426 3428 8215 8265 8339 8341
moead,ns202,3,2,3850,77,87899356.434544,1561122.744141,0.222222,0.777778,2822 2824 2867 2869 2905 2907 2909 2910 2912 2992 2994 2996 2998 2999 3001 3050 3080 3082 3084 3086 3088 3089 3091 3163 3165 3167 3169 3171 3172 3173 3174 3251 3253 3255 3257 3258 3259 3260 3339 3341 3343 3345 3424 3426 3428 8265 8339
moead,ns202,3,3,3850,77,87348839.682462,1493441.279297,0.333333,0.666667,2776 2822 2824 2869 2905 2907 2909 2910 2912 2992 2994 2996 2997 2998 2999 3001 3080 3082 3084 3086 3087 3088 3089 3163 3165 3167 3169 3171 3172 3173 3174 3251 3253 3255 3257 3258 3259 3339 3341 3342 3343 3344 3345 3424 3426 3428 8314
moead,ns202,3,4,3850,77,87026082.944703,1443420.197266,0.444444,0.555556,2822 2824 2905 2907 2909 2910 2912 2992 2994 2996 2997 2998 2999 3001 3080 3082 3084 3086 3087 3088 3089 3163 3165 3167 3169 3171 3172 3173 3174 3251 3253 3255 3257 3258 3259 3260 3339 3340 3341 3342 3343 3344 3345 3426 3427 3428 8314
moead,ns202,3,5,3850,77,86801703.934294,1407947.408203,0.555556,0.444444,2820 2822 2824 2905 2907 2909 2910 2912 2994 2996 2997 2998 2999 3000 3001 3080 3082 3084 3086 3087 3088 3089 3163 3165 3167 3169 3170 3171 3172 3173 3174 3251 3253 3255 3256 3257 3258 3259 3260 3339 3341 3342 3343 3344 3345 3426 3428
moead,ns202,3,6,3850,77,86638828.199645,1380496.601562,0.666667,0.333333,2817 2822 2824 2905 2907 2909 2910 2912 2992 2994 2996 2997 2998 2999 3001 3080 3082 3083 3084 3085 3086 3087 3088 3089 3165 3167 3169 3170 3171 3172 3173 3174 3176 3253 3254 3255 3256 3257 3258 3259 3260 3339 3341 3342 3343 3345 3426
moead,ns202,3,7,3850,77,86506470.580656,1354738.021484,0.777778,0.222222,2820 2822 2824 2905 2907 2909 2910 2912 2995 2996 2997 2998 2999 3000 3001 3080 3082 3083 3084 3085 3086 3087 3088 3089 3165 3167 3169 3170 3171 3172 3173 3174 3253 3254 3255 3256 3257 3258 3259 3260 3339 3341 3342 3343 3344 3345 3426
moead,ns202,3,8,3850,77,86410524.327373,1334104.432617,0.888889,0.111111,2817 2905 2907 2909 2910 2912 2994 2995 2996 2997 2998 2999 3000 3001 3002 3080 3082 3083 3084 3085 3086 3087 3088 3165 3167 3169 3170 3171 3172 3173 3174 3175 3253 3254 3255 3256 3257 3258 3259 3260 3339 3341 3342 3343 3344 3345 3426
moead,ns202,3,9,3850,77,86329281.286400,1310267.166016,1.000000,0.000000,2819 2905 2907 2909 2910 2912 2994 2995 2996 2997 2998 2999 3000 3001 3002 3080 3082 3083 3084 3085 3086 3087 3088 3167 3169 3170 3171 3172 3173 3174 3175 3253 3254 3255 3256 3257 3258 3259 3260 3339 3341 3342 3343 3344 3345 3426 3428
moead,ns202,3,0,3900,78,114016279.045591,2008084.964844,0.000000,1.000000,309 793 1076 1227 1342 1470 1493 1792 2071 2127 2231 2433 2458 2517 2730 2938 2978 3167 3449 3554 3584 3588 3751 3776 4032 4419 4580 4659 4857 5300 5365 6171 6190 6282 6357 6383 6945 7000 7177 8080 8116 8211 8466 8554 8641 8745 8768
moead,ns202,3,1,3900,78,89021480.907173,1676189.957031,0.111111,0.888889,2683 2822 2824 2867 2869 2905 2907 2909 2912 2914 2916 2990 2994 2996 3049 3076 3080 3082 3084 3086 3088 3161 3165 3167 3169 3171 3173 3175 3176 3251 3253 3255 3257 3259 3260 3337 3339 3341 3343 3345 3424 3426 3428 8215 8265 8339 8341
moead,ns202,3,2,3900,78,87899356.434544,1561122.744141,0.222222,0.777778,2822 2824 2867 2869 2905 2907 2909 2910 2912 2992 2994 2996 2998 2999 3001 3050 3080 3082 3084 3086 3088 3089 3091 3163 3165 3167 3169 3171 3172 3173 3174 3251 3253 3255 3257 3258 3259 3260 3339 3341 3343 3345 3424 3426 3428 8265 8339
moead,ns202,3,3,3900,78,87348839.682462,1493441.279297,0.333333,0.666667,2776 2822 2824 2869 2905 2907 2909 2910 2912 2992 2994 2996 2997 2998 2999 3001 3080 3082 3084 3086 3087 3088 3089 3163 3165 3167 3169 3171 3172 3173 3174 3251 3253 3255 3257 3258 3259 3339 3341 3342 3343 3344 3345 3424 3426 3428 8314
moead,ns202,3,4,3900,78,87026082.944703,1443420.197266,0.444444,0.555556,2822 2824 2905 2907 2909 2910 2912 2992 2994 2996 2997 2998 2999 3001 3080 3082 3084 3086 3087 3088 3089 3163 3165 3167 3169 3171 3172 3173 3174 3251 3253 3255 3257 3258 3259 3260 3339 3340 3341 3342 3343 3344 3345 3426 3427 3428 8314
moead,ns202,3,5,3900,78,86801703.934294,1407947.408203,0.555556,0.444444,2820 2822 2824 2905 2907 2909 2910 2912 2994 2996 2997 2998 2999 3000 3001 3080 3082 3084 3086 3087 3088 3089 3163 3165 3167 3169 3170 3171 3172 3173 3174 3251 3253 3255 3256 3257 3258 3259 3260 3339 3341 3342 3343 3344 3345 3426 3428
moead,ns202,3,6,3900,78,86638828.199645,1380496.601562,0.666667,0.333333,2817 2822 2824 2905 2907 2909 2910 2912 2992 2994 2996 2997 2998 2999 3001 3080 3082 3083 3084 3085 3086 3087 3088 3089 3165 3167 3169 3170 3171 3172 3173 3174 3176 3253 3254 3255 3256 3257 3258 3259 3260 3339 3341 3342 3343 3345 3426
moead,ns202,3,7,3900,78,86506470.580656,1354738.021484,0.777778,0.222222,2820 2822 2824 2905 2907 2909 2910 2912 2995 2996 2997 2998 2999 3000 3001 3080 3082 3083 3084 3085 3086 3087 3088 3089 3165 3167 3169 3170 3171 3172 3173 3174 3253 3254 3255 3256 3257 3258 3259 3260 3339 3341 3342 3343 3344 3345 3426
moead,ns202,3,8,3900,78,86410524.327373,1334104.432617,0.888889,0.111111,2817 2905 2907 2909 2910 2912 2994 2995 2996 2997 2998 2999 3000 3001 3002 3080 3082 3083 3084 3085 3086 3087 3088 3165 3167 3169 3170 3171 3172 3173 3174 3175 3253 3254 3255 3256 3257 3258 3259 3260 3339 3341 3342 3343 3344 3345 3426
moead,ns202,3,9,3900,78,86329281.286400,1310267.166016,1.000000,0.000000,2819 2905 2907 2909 2910 2912 2994 2995 2996 2997 2998 2999 3000 3001 3002 3080 3082 3083 3084 3085 3086 3087 3088 3167 3169 3170 3171 3172 3173 3174 3175 3253 3254 3255 3256 3257 3258 3259 3260 3339 3341 3342 3343 3344 3345 3426 3428
moead,ns202,3,0,3950,79,114185426.834675,2008084.964844,0.000000,1.000000,309 956 1072 1076 1227 1342 1470 1792 2071 2127 2231 2433 2458 2517 2730 2938 2978 3167 3449 3554 3584 3588 3776 4032 4419 4580 4659 4857 5300 5365 6171 6190 6282 6357 6383 6945 7000 7177 8080 8116 8211 8466 8554 8592 8641 8745 8768
moead,ns202,3,1,3950,79,89006915.173585,1671864.722656,0.111111,0.888889,2820 2822 2824 2867 2869 2905 2907 2909 2912 2914 2916 2990 2994 2996 3049 3076 3080 3082 3084 3086 3088 3161 3165 3167 3169 3171 3173 3175 3176 3251 3253 3255 3257 3259 3260 3339 3341 3343 3345 3424 3426 3428 4929 8215 8265 8339 8341
moead,ns202,3,2,3950,79,87892298.423208,1561122.744141,0.222222,0.777778,2776 2822 2824 2869 2905 2907 2909 2910 2912 2992 2994 2996 2998 2999 3001 3050 3080 3082 3084 3086 3088 3089 3091 3163 3165 3167 3169 3171 3172 3173 3174 3251 3253 3255 3257 3258 3259 3260 3339 3341 3343 3345 3424 3426 3428 8265 8339
moead,ns202,3,3,3950,79,87348839.682462,1493441.279297,0.333333,0.666667,2776 2822 2824 2869 2905 2907 2909 2910 2912 2992 2994 2996 2997 2998 2999 3001 3080 3082 3084 3086 3087 3088 3089 3163 3165 3167 3169 3171 3172 3173 3174 3251 3253 3255 3257 3258 3259 3339 3341 3342 3343 3344 3345 3424 3426 3428 8314
moead,ns202,3,4,3950,79,87026082.944703,1443420.197266,0.444444,0.555556,2822 2824 2905 2907 2909 2910 2912 2992 2994 2996 2997 2998 2999 3001 3080 3082 3084 3086 3087 3088 3089 3163 3165 3167 3169 3171 3172 3173 3174 3251 3253 3255 3257 3258 3259 3260 3339 3340 3341 3342 3343 3344 3345 3426 3427 3428 8314
moead,ns202,3,5,3950,79,86801703.934294,1407947.408203,0.555556,0.444444,2820 2822 2824 2905 2907 2909 2910 2912 2994 2996 2997 2998 2999 3000 3001 3080 3082 3084 3086 3087 3088 3089 3163 3165 3167 3169 3170 3171 3172 3173 3174 3251 3253 3255 3256 3257 3258 3259 3260 3339 3341 3342 3343 3344 3345 3426 3428
moead,ns202,3,6,3950,79,86638828.199645,1380496.601562,0.666667,0.333333,2817 2822 2824 2905 2907 2909 2910 2912 2992 2994 2996 2997 2998 2999 3001 3080 3082 3083 3084 3085 3086 3087 3088 3089 3165 3167 3169 3170 3171 3172 3173 3174 3176 3253 3254 3255 3256 3257 3258 3259 3260 3339 3341 3342 3343 3345 3426
moead,ns202,3,7,3950,79,86506470.580656,1354738.021484,0.777778,0.222222,2820 2822 2824 2905 2907 2909 2910 2912 2995 2996 2997 2998 2999 3000 3001 3080 3082 3083 3084 3085 3086 3087 3088 3089 3165 3167 3169 3170 3171 3172 3173 3174 3253 3254 3255 3256 3257 3258 3259 3260 3339 3341 3342 3343 3344 3345 3426
moead,ns202,3,8,3950,79,86410524.327373,1334104.432617,0.888889,0.111111,2817 2905 2907 2909 2910 2912 2994 2995 2996 2997 2998 2999 3000 3001 3002 3080 3082 3083 3084 3085 3086 3087 3088 3165 3167 3169 3170 3171 3172 3173 3174 3175 3253 3254 3255 3256 3257 3258 3259 3260 3339 3341 3342 3343 3344 3345 3426
moead,ns202,3,9,3950,79,86329281.286400,1310267.166016,1.000000,0.000000,2819 2905 2907 2909 2910 2912 2994 2995 2996 2997 2998 2999 3000 3001 3002 3080 3082 3083 3084 3085 3086 3087 3088 3167 3169 3170 3171 3172 3173 3174 3175 3253 3254 3255 3256 3257 3258 3259 3260 3339 3341 3342 3343 3344 3345 3426 3428
moead,ns202,3,0,4000,80,113975788.674076,2008084.964844,0.000000,1.000000,309 956 1072 1076 1227 1342 1470 1792 2071 2127 2231 2238 2433 2458 2730 2938 2978 3167 3357 3449 3554 3584 3588 4032 4419 4580 4659 4857 5300 5365 6171 6190 6282 6357 6383 6945 7000 7177 8080 8116 8211 8466 8554 8592 8641 8745 8768
moead,ns202,3,1,4000,80,89006915.173585,1671864.722656,0.111111,0.888889,2820 2822 2824 2867 2869 2905 2907 2909 2912 2914 2916 2990 2994 2996 3049 3076 3080 3082 3084 3086 3088 3161 3165 3167 3169 3171 3173 3175 3176 3251 3253 3255 3257 3259 3260 3339 3341 3343 3345 3424 3426 3428 4929 8215 8265 8339 8341
moead,ns202,3,2,4000,80,87892298.423208,1561122.744141,0.222222,0.777778,2776 2822 2824 2869 2905 2907 2909 2910 2912 2992 2994 2996 2998 2999 3001 3050 3080 3082 3084 3086 3088 3089 3091 3163 3165 3167 3169 3171 3172 3173 3174 3251 3253 3255 3257 3258 3259 3260 3339 3341 3343 3345 3424 3426 3428 8265 8339
moead,ns202,3,3,4000,80,87348839.682462,1493441.279297,0.333333,0.666667,2776 2822 2824 2869 2905 2907 2909 2910 2912 2992 2994 2996 2997 2998 2999 3001 3080 3082 3084 3086 3087 3088 3089 3163 3165 3167 3169 3171 3172 3173 3174 3251 3253 3255 3257 3258 3259 3339 3341 3342 3343 3344 3345 3424 3426 3428 8314
moead,ns202,3,4,4000,80,87026082.944703,1443420.197266,0.444444,0.555556,2822 2824 2905 2907 2909 2910 2912 2992 2994 2996 2997 2998 2999 3001 3080 3082 3084 3086 3087 3088 3089 3163 3165 3167 3169 3171 3172 3173 3174 3251 3253 3255 3257 3258 3259 3260 3339 3340 3341 3342 3343 3344 3345 3426 3427 3428 8314
moead,ns202,3,5,4000,80,86801703.934294,1407947.408203,0.555556,0.444444,2820 2822 2824 2905 2907 2909 2910 2912 2994 2996 2997 2998 2999 3000 3001 3080 3082 3084 3086 3087 3088 3089 3163 3165 3167 3169 3170 3171 3172 3173 3174 3251 3253 3255 3256 3257 3258 3259 3260 3339 3341 3342 3343 3344 3345 3426 3428
moead,ns202,3,6,4000,80,86638828.199645,1380496.601562,0.666667,0.333333,2817 2822 2824 2905 2907 2909 2910 2912 2992 2994 2996 2997 2998 2999 3001 3080 3082 3083 3084 3085 3086 3087 3088 3089 3165 3167 3169 3170 3171 3172 3173 3174 3176 3253 3254 3255 3256 3257 3258 3259 3260 3339 3341 3342 3343 3345 3426
moead,ns202,3,7,4000,80,86506470.580656,1354738.021484,0.777778,0.222222,2820 2822 2824 2905 2907 2909 2910 2912 2995 2996 2997 2998 2999 3000 3001 3080 3082 3083 3084 3085 3086 3087 3088 3089 3165 3167 3169 3170 3171 3172 3173 3174 3253 3254 3255 3256 3257 3258 3259 3260 3339 3341 3342 3343 3344 3345 3426
moead,ns202,3,8,4000,80,86410524.327373,1334104.432617,0.888889,0.111111,2817 2905 2907 2909 2910 2912 2994 2995 2996 2997 2998 2999 3000 3001 3002 3080 3082 3083 3084 3085 3086 3087 3088 3165 3167 3169 3170 3171 3172 3173 3174 3175 3253 3254 3255 3256 3257 3258 3259 3260 3339 3341 3342 3343 3344 3345 3426
moead,ns202,3,9,4000,80,86329281.286400,1310267.166016,1.000000,0.000000,2819 2905 2907 2909 2910 2912 2994 2995 2996 2997 2998 2999 3000 3001 3002 3080 3082 3083 3084 3085 3086 3087 3088 3167 3169 3170 3171 3172 3173 3174 3175 3253 3254 3255 3256 3257 3258 3259 3260 3339 3341 3342 3343 3344 3345 3426 3428
moead,ns202,3,0,4050,81,113983921.976606,2008084.964844,0.000000,1.000000,309 956 1072 1076 1227 1342 1470 1792 2071 2127 2231 2433 2458 2730 2938 2978 3167 3357 3449 3554 3584 3588 4032 4419 4580 4659 4857 5300 5365 6171 6190 6282 6357 6383 6945 7000 7177 8080 8116 8211 8288 8466 8554 8592 8641 8745 8768
moead,ns202,3,1,4050,81,89006915.173585,1671864.722656,0.111111,0.888889,2820 2822 2824 2867 2869 2905 2907 2909 2912 2914 2916 2990 2994 2996 3049 3076 3080 3082 3084 3086 3088 3161 3165 3167 3169 3171 3173 3175 3176 3251 3253 3255 3257 3259 3260 3339 3341 3343 3345 3424 3426 3428 4929 8215 8265 8339 8341
moead,ns202,3,2,4050,81,87892298.423208,1561122.744141,0.222222,0.777778,2776 2822 2824 2869 2905 2907 2909 2910 2912 2992 2994 2996 2998 2999 3001 3050 3080 3082 3084 3086 3088 3089 3091 3163 3165 3167 3169 3171 3172 3173 3174 3251 3253 3255 3257 3258 3259 3260 3339 3341 3343 3345 3424 3426 3428 8265 8339
moead,ns202,3,3,4050,81,87348839.682462,1493441.279297,0.333333,0.666667,2776 2822 2824 2869 2905 2907 2909 2910 2912 2992 2994 2996 2997 2998 2999 3001 3080 3082 3084 3086 3087 3088 3089 3163 3165 3167 3169 3171 3172 3173 3174 3251 3253 3255 3257 3258 3259 3339 3341 3342 3343 3344 3345 3424 3426 3428 8314
moead,ns202,3,4,4050,81,87026082.944703,1443420.197266,0.444444,0.555556,2822 2824 2905 2907 2909 2910 2912 2992 2994 2996 2997 2998 2999 3001 3080 3082 3084 3086 3087 3088 3089 3163 3165 3167 3169 3171 3172 3173 3174 3251 3253 3255 3257 3258 3259 3260 3339 3340 3341 3342 3343 3344 3345 3426 3427 3428 8314
moead,ns202,3,5,4050,81,86801703.934294,1407947.408203,0.555556,0.444444,2820 2822 2824 2905 2907 2909 2910 2912 2994 2996 2997 2998 2999 3000 3001 3080 3082 3084 3086 3087 3088 3089 3163 3165 3167 3169 3170 3171 3172 3173 3174 3251 3253 3255 3256 3257 3258 3259 3260 3339 3341 3342 3343 3344 3345 3426 3428
moead,ns202,3,6,4050,81,86638828.199645,1380496.601562,0.666667,0.333333,2817 2822 2824 2905 2907 2909 2910 2912 2992 2994 2996 2997 2998 2999 3001 3080 3082 3083 3084 3085 3086 3087 3088 3089 3165 3167 3169 3170 3171 3172 3173 3174 3176 3253 3254 3255 3256 3257 3258 3259 3260 3339 3341 3342 3343 3345 3426
moead,ns202,3,7,4050,81,86508777.096490,1358086.477539,0.777778,0.222222,2824 2905 2907 2909 2910 2912 2992 2994 2995 2996 2997 2998 2999 3000 3001 3080 3082 3083 3084 3085 3086 3087 3088 3089 3165 3167 3169 3170 3171 3172 3173 3174 3175 3253 3255 3256 3257 3258 3259 3260 3339 3341 3342 3343 3344 3345 3426
moead,ns202,3,8,4050,81,86410524.327373,1334104.432617,0.888889,0.111111,2817 2905 2907 2909 2910 2912 2994 2995 2996 2997 2998 2999 3000 3001 3002 3080 3082 3083 3084 3085 3086 3087 3088 3165 3167 3169 3170 3171 3172 3173 3174 3175 3253 3254 3255 3256 3257 3258 3259 3260 3339 3341 3342 3343 3344 3345 3426
moead,ns202,3,9,4050,81,86329281.286400,1310267.166016,1.000000,0.000000,2819 2905 2907 2909 2910 2912 2994 2995 2996 2997 2998 2999 3000 3001 3002 3080 3082 3083 3084 3085 3086 3087 3088 3167 3169 3170 3171 3172 3173 3174 3175 3253 3254 3255 3256 3257 3258 3259 3260 3339 3341 3342 3343 3344 3345 3426 3428
moead,ns202,3,0,4100,82,113470421.793684,2008084.964844,0.000000,1.000000,956 1072 1076 1227 1342 1470 2071 2127 2231 2433 2458 2683 2730 2938 2978 3167 3357 3449 3554 3584 3588 4032 4419 4580 4659 4857 5300 5365 6171 6190 6282 6357 6383 6945 7000 7177 8080 8116 8211 8233 8288 8466 8554 8592 8641 8745 8768
moead,ns202,3,1,4100,82,88978795.587280,1673137.853516,0.111111,0.888889,2683 2822 2824 2867 2869 2905 2907 2909 2912 2914 2916 2984 2990 2994 2996 2998 3049 3076 3080 3082 3084 3086 3088 3161 3167 3169 3171 3173 3175 3176 3251 3253 3255 3257 3259 3260 3337 3339 3341 3343 3345 3424 3426 3428 8265 8339 8341
moead,ns202,3,2,4100,82,87892298.423208,1561122.744141,0.222222,0.777778,2776 2822 2824 2869 2905 2907 2909 2910 2912 2992 2994 2996 2998 2999 3001 3050 3080 3082 3084 3086 3088 3089 3091 3163 3165 3167 3169 3171 3172 3173 3174 3251 3253 3255 3257 3258 3259 3260 3339 3341 3343 3345 3424 3426 3428 8265 8339
moead,ns202,3,3,4100,82,87348839.682462,1493441.279297,0.333333,0.666667,2776 2822 2824 2869 2905 2907 2909 2910 2912 2992 2994 2996 2997 2998 2999 3001 3080 3082 3084 3086 3087 3088 3089 3163 3165 3167 3169 3171 3172 3173 3174 3251 3253 3255 3257 3258 3259 3339 3341 3342 3343 3344 3345 3424 3426 3428 8314
moead,ns202,3,4,4100,82,87026082.944703,1443420.197266,0.444444,0.555556,2822 2824 2905 2907 2909 2910 2912 2992 2994 2996 2997 2998 2999 3001 3080 3082 3084 3086 3087 3088 3089 3163 3165 3167 3169 3171 3172 3173 3174 3251 3253 3255 3257 3258 3259 3260 3339 3340 3341 3342 3343 3344 3345 3426 3427 3428 8314
moead,ns202,3,5,4100,82,86801703.934294,1407947.408203,0.555556,0.444444,2820 2822 2824 2905 2907 2909 2910 2912 2994 2996 2997 2998 2999 3000 3001 3080 3082 3084 3086 3087 3088 3089 3163 3165 3167 3169 3170 3171 3172 3173 3174 3251 3253 3255 3256 3257 3258 3259 3260 3339 3341 3342 3343 3344 3345 3426 3428
moead,ns202,3,6,4100,82,86626934.311971,1379156.154297,0.666667,0.333333,2820 2822 2824 2905 2907 2909 2910 2912 2992 2994 2996 2997 2998 2999 3001 3080 3082 3083 3084 3085 3086 3087 3088 3089 3165 3167 3169 3170 3171 3172 3173 3174 3176 3253 3254 3255 3256 3257 3258 3259 3260 3339 3341 3342 3343 3345 3426
moead,ns202,3,7,4100,82,86508777.096490,1358086.477539,0.777778,0.222222,2824 2905 2907 2909 2910 2912 2992 2994 2995 2996 2997 2998 2999 3000 3001 3080 3082 3083 3084 3085 3086 3087 3088 3089 3165 3167 3169 3170 3171 3172 3173 3174 3175 3253 3255 3256 3257 3258 3259 3260 3339 3341 3342 3343 3344 3345 3426
moead,ns202,3,8,4100,82,86395468.535765,1332200.890625,0.888889,0.111111,2819 2905 2907 2909 2910 2912 2994 2995 2996 2997 2998 2999 3000 3001 3002 3080 3082 3083 3084 3085 3086 3087 3088 3165 3167 3169 3170 3171 3172 3173 3174 3175 3253 3254 3255 3256 3257 3258 3259 3260 3339 3341 3342 3343 3344 3345 3426
moead,ns202,3,9,4100,82,86323247.658816,1309046.398438,1.000000,0.000000,2819 2905 2907 2909 2910 2912 2994 2995 2996 2997 2998 2999 3000 3001 3002 3080 3082 3083 3084 3085 3086 3087 3088 3167 3169 3170 3171 3172 3173 3174 3175 3253 3254 3255 3256 3257 3258 3259 3260 3339 3340 3341 3342 3343 3344 3345 3428
moead,ns202,3,0,4150,83,113746978.331265,2008084.964844,0.000000,1.000000,956 1072 1076 1227 1342 1470 2048 2071 2127 2231 2433 2458 2683 2730 2938 2978 3167 3357 3449 3584 3588 3751 4032 4419 4580 4659 4833 5300 5365 6171 6190 6282 6357 6383 6945 7000 7177 8080 8116 8211 8233 8288 8554 8592 8641 8745 8768
moead,ns202,3,1,4150,83,88978795.587280,1673137.853516,0.111111,0.888889,2683 2822 2824 2867 2869 2905 2907 2909 2912 2914 2916 2984 2990 2994 2996 2998 3049 3076 3080 3082 3084 3086 3088 3161 3167 3169 3171 3173 3175 3176 3251 3253 3255 3257 3259 3260 3337 3339 3341 3343 3345 3424 3426 3428 8265 8339 8341
moead,ns202,3,2,4150,83,87892298.423208,1561122.744141,0.222222,0.777778,2776 2822 2824 2869 2905 2907 2909 2910 2912 2992 2994 2996 2998 2999 3001 3050 3080 3082 3084 3086 3088 3089 3091 3163 3165 3167 3169 3171 3172 3173 3174 3251 3253 3255 3257 3258 3259 3260 3339 3341 3343 3345 3424 3426 3428 8265 8339
moead,ns202,3,3,4150,83,87348839.682462,1493441.279297,0.333333,0.666667,2776 2822 2824 2869 2905 2907 2909 2910 2912 2992 2994 2996 2997 2998 2999 3001 3080 3082 3084 3086 3087 3088 3089 3163 3165 3167 3169 3171 3172 3173 3174 3251 3253 3255 3257 3258 3259 3339 3341 3342 3343 3344 3345 3424 3426 3428 8314
moead,ns202,3,4,4150,83,87026082.944703,1443420.197266,0.444444,0.555556,2822 2824 2905 2907 2909 2910 2912 2992 2994 2996 2997 2998 2999 3001 3080 3082 3084 3086 3087 3088 3089 3163 3165 3167 3169 3171 3172 3173 3174 3251 3253 3255 3257 3258 3259 3260 3339 3340 3341 3342 3343 3344 3345 3426 3427 3428 8314
moead,ns202,3,5,4150,83,86801703.934294,1407947.408203,0.555556,0.444444,2820 2822 2824 2905 2907 2909 2910 2912 2994 2996 2997 2998 2999 3000 3001 3080 3082 3084 3086 3087 3088 3089 3163 3165 3167 3169 3170 3171 3172 3173 3174 3251 3253 3255 3256 3257 3258 3259 3260 3339 3341 3342 3343 3344 3345 3426 3428
moead,ns202,3,6,4150,83,86626934.311971,1379156.154297,0.666667,0.333333,2820 2822 2824 2905 2907 2909 2910 2912 2992 2994 2996 2997 2998 2999 3001 3080 3082 3083 3084 3085 3086 3087 3088 3089 3165 3167 3169 3170 3171 3172 3173 3174 3176 3253 3254 3255 3256 3257 3258 3259 3260 3339 3341 3342 3343 3345 3426
moead,ns202,3,7,4150,83,86508777.096490,1358086.477539,0.777778,0.222222,2824 2905 2907 2909 2910 2912 2992 2994 2995 2996 2997 2998 2999 3000 3001 3080 3082 3083 3084 3085 3086 3087 3088 3089 3165 3167 3169 3170 3171 3172 3173 3174 3175 3253 3255 3256 3257 3258 3259 3260 3339 3341 3342 3343 3344 3345 3426
moead,ns202,3,8,4150,83,86395468.535765,1332200.890625,0.888889,0.111111,2819 2905 2907 2909 2910 2912 2994 2995 2996 2997 2998 2999 3000 3001 3002 3080 3082 3083 3084 3085 3086 3087 3088 3165 3167 3169 3170 3171 3172 3173 3174 3175 3253 3254 3255 3256 3257 3258 3259 3260 3339 3341 3342 3343 3344 3345 3426
moead,ns202,3,9,4150,83,86323247.658816,1309046.398438,1.000000,0.000000,2819 2905 2907 2909 2910 2912 2994 2995 2996 2997 2998 2999 3000 3001 3002 3080 3082 3083 3084 3085 3086 3087 3088 3167 3169 3170 3171 3172 3173 3174 3175 3253 3254 3255 3256 3257 3258 3259 3260 3339 3340 3341 3342 3343 3344 3345 3428
moead,ns202,3,0,4200,84,113388007.549809,2008084.964844,0.000000,1.000000,956 1072 1076 1227 1342 1470 2048 2071 2127 2231 2433 2458 2683 2730 2938 2978 3167 3357 3449 3584 3588 3751 4419 4580 4659 4778 4833 5300 5365 6171 6282 6357 6383 6945 7000 7177 8080 8116 8211 8233 8288 8554 8592 8641 8745 8768 8794
moead,ns202,3,1,4200,84,88978795.587280,1673137.853516,0.111111,0.888889,2683 2822 2824 2867 2869 2905 2907 2909 2912 2914 2916 2984 2990 2994 2996 2998 3049 3076 3080 3082 3084 3086 3088 3161 3167 3169 3171 3173 3175 3176 3251 3253 3255 3257 3259 3260 3337 3339 3341 3343 3345 3424 3426 3428 8265 8339 8341
moead,ns202,3,2,4200,84,87856043.584283,1555088.679688,0.222222,0.777778,2731 2824 2867 2869 2871 2905 2907 2909 2910 2912 2992 2994 2996 2998 2999 3001 3080 3082 3084 3086 3087 3088 3089 3091 3163 3165 3167 3169 3171 3172 3173 3174 3251 3253 3255 3257 3258 3259 3260 3339 3341 3343 3345 3426 3428 8339 8341
moead,ns202,3,3,4200,84,87322640.705522,1488562.763672,0.333333,0.666667,2776 2822 2824 2869 2905 2907 2909 2910 2912 2992 2994 2996 2997 2998 2999 3001 3080 3082 3084 3086 3087 3088 3089 3163 3165 3167 3169 3171 3172 3173 3174 3251 3253 3255 3256 3257 3258 3259 3339 3341 3342 3343 3344 3345 3424 3426 8339
moead,ns202,3,4,4200,84,87006721.082726,1441017.173828,0.444444,0.555556,2822 2824 2869 2905 2907 2909 2910 2912 2992 2994 2996 2997 2998 2999 3001 3080 3082 3084 3086 3087 3088 3089 3163 3165 3167 3169 3171 3172 3173 3174 3251 3253 3255 3256 3257 3258 3259 3260 3339 3340 3341 3342 3343 3344 3345 3426 3428
moead,ns202,3,5,4200,84,86763170.185847,1399619.604492,0.555556,0.444444,2817 2820 2824 2905 2907 2909 2910 2912 2992 2994 2996 2997 2998 2999 3001 3080 3082 3084 3086 3087 3088 3089 3163 3165 3167 3169 3170 3171 3172 3173 3174 3253 3255 3256 3257 3258 3259 3260 3339 3340 3341 3342 3343 3344 3345 3426 3428
moead,ns202,3,6,4200,84,86610974.746313,1375433.895508,0.666667,0.333333,2817 2820 2824 2905 2907 2909 2910 2912 2992 2994 2996 2997 2998 2999 3001 3080 3082 3083 3084 3085 3086 3087 3088 3089 3165 3167 3169 3170 3171 3172 3173 3174 3176 3253 3254 3255 3256 3257 3258 3259 3260 3339 3341 3342 3343 3345 3426
moead,ns202,3,7,4200,84,86486599.041536,1355204.008789,0.777778,0.222222,2824 2905 2907 2909 2910 2912 2992 2994 2995 2996 2997 2998 2999 3000 3001 3080 3082 3083 3084 3085 3086 3087 3088 3089 3165 3167 3169 3170 3171 3172 3173 3174 3253 3254 3255 3256 3257 3258 3259 3260 3339 3341 3342 3343 3344 3345 3426
moead,ns202,3,8,4200,84,86384761.154175,1329390.062500,0.888889,0.111111,2819 2905 2907 2909 2910 2912 2992 2994 2995 2996 2997 2998 2999 3000 3001 3080 3082 3083 3084 3085 3086 3087 3088 3165 3167 3169 3170 3171 3172 3173 3174 3175 3253 3254 3255 3256 3257 3258 3259 3260 3339 3341 3342 3343 3344 3345 3426
moead,ns202,3,9,4200,84,86323247.658816,1309046.398438,1.000000,0.000000,2819 2905 2907 2909 2910 2912 2994 2995 2996 2997 2998 2999 3000 3001 3002 3080 3082 3083 3084 3085 3086 3087 3088 3167 3169 3170 3171 3172 3173 3174 3175 3253 3254 3255 3256 3257 3258 3259 3260 3339 3340 3341 3342 3343 3344 3345 3428
moead,ns202,3,0,4250,85,113746355.456140,2008084.964844,0.000000,1.000000,956 1072 1076 1227 1342 1470 2048 2071 2127 2231 2433 2458 2683 2730 2938 2978 3113 3167 3357 3449 3584 3588 3751 4419 4659 4778 4833 5300 5365 6171 6282 6357 6383 6945 7000 7177 8080 8116 8211 8233 8288 8554 8592 8641 8745 8768 8794
moead,ns202,3,1,4250,85,88978795.587280,1673137.853516,0.111111,0.888889,2683 2822 2824 2867 2869 2905 2907 2909 2912 2914 2916 2984 2990 2994 2996 2998 3049 3076 3080 3082 3084 3086 3088 3161 3167 3169 3171 3173 3175 3176 3251 3253 3255 3257 3259 3260 3337 3339 3341 3343 3345 3424 3426 3428 8265 8339 8341
moead,ns202,3,2,4250,85,87856043.584283,1555088.679688,0.222222,0.777778,2731 2824 2867 2869 2871 2905 2907 2909 2910 2912 2992 2994 2996 2998 2999 3001 3080 3082 3084 3086 3087 3088 3089 3091 3163 3165 3167 3169 3171 3172 3173 3174 3251 3253 3255 3257 3258 3259 3260 3339 3341 3343 3345 3426 3428 8339 8341
moead,ns202,3,3,4250,85,87322640.705522,1488562.763672,0.333333,0.666667,2776 2822 2824 2869 2905 2907 2909 2910 2912 2992 2994 2996 2997 2998 2999 3001 3080 3082 3084 3086 3087 3088 3089 3163 3165 3167 3169 3171 3172 3173 3174 3251 3253 3255 3256 3257 3258 3259 3339 3341 3342 3343 3344 3345 3424 3426 8339
moead,ns202,3,4,4250,85,87006721.082726,1441017.173828,0.444444,0.555556,2822 2824 2869 2905 2907 2909 2910 2912 2992 2994 2996 2997 2998 2999 3001 3080 3082 3084 3086 3087 3088 3089 3163 3165 3167 3169 3171 3172 3173 3174 3251 3253 3255 3256 3257 3258 3259 3260 3339 3340 3341 3342 3343 3344 3345 3426 3428
moead,ns202,3,5,4250,85,86763170.185847,1399619.604492,0.555556,0.444444,2817 2820 2824 2905 2907 2909 2910 2912 2992 2994 2996 2997 2998 2999 3001 3080 3082 3084 3086 3087 3088 3089 3163 3165 3167 3169 3170 3171 3172 3173 3174 3253 3255 3256 3257 3258 3259 3260 3339 3340 3341 3342 3343 3344 3345 3426 3428
moead,ns202,3,6,4250,85,86610974.746313,1375433.895508,0.666667,0.333333,2817 2820 2824 2905 2907 2909 2910 2912 2992 2994 2996 2997 2998 2999 3001 3080 3082 3083 3084 3085 3086 3087 3088 3089 3165 3167 3169 3170 3171 3172 3173 3174 3176 3253 3254 3255 3256 3257 3258 3259 3260 3339 3341 3342 3343 3345 3426
moead,ns202,3,7,4250,85,86478533.269737,1350575.894531,0.777778,0.222222,2819 2824 2905 2907 2909 2910 2912 2994 2995 2996 2997 2998 2999 3000 3001 3080 3082 3083 3084 3085 3086 3087 3088 3089 3165 3167 3169 3170 3171 3172 3173 3174 3175 3253 3255 3256 3257 3258 3259 3260 3339 3341 3342 3343 3344 3345 3426
moead,ns202,3,8,4250,85,86369402.944816,1327848.080078,0.888889,0.111111,2819 2905 2907 2909 2910 2912 2994 2995 2996 2997 2998 2999 3000 3001 3080 3082 3083 3084 3085 3086 3087 3088 3089 3165 3167 3169 3170 3171 3172 3173 3174 3175 3253 3254 3255 3256 3257 3258 3259 3260 3339 3341 3342 3343 3344 3345 3426
moead,ns202,3,9,4250,85,86323247.658816,1309046.398438,1.000000,0.000000,2819 2905 2907 2909 2910 2912 2994 2995 2996 2997 2998 2999 3000 3001 3002 3080 3082 3083 3084 3085 3086 3087 3088 3167 3169 3170 3171 3172 3173 3174 3175 3253 3254 3255 3256 3257 3258 3259 3260 3339 3340 3341 3342 3343 3344 3345 3428
moead,ns202,3,0,4300,86,113667018.824110,2008084.964844,0.000000,1.000000,956 1076 1227 1342 1470 1588 2048 2071 2231 2433 2458 2683 2730 2938 2978 3113 3167 3357 3449 3584 3588 3751 4419 4659 4778 5069 5300 5365 5727 6171 6282 6357 6383 6945 7000 7177 8080 8116 8211 8233 8288 8554 8592 8641 8745 8768 8794
moead,ns202,3,1,4300,86,88950775.488639,1672939.048828,0.111111,0.888889,2776 2822 2824 2869 2905 2907 2909 2910 2912 2914 2916 2984 2990 2994 2996 2998 3049 3076 3080 3082 3084 3086 3088 3161 3167 3169 3171 3173 3175 3176 3251 3253 3255 3257 3259 3337 3339 3341 3343 3345 3424 3426 3428 8215 8265 8339 8341
moead,ns202,3,2,4300,86,87856043.584283,1555088.679688,0.222222,0.777778,2731 2824 2867 2869 2871 2905 2907 2909 2910 2912 2992 2994 2996 2998 2999 3001 3080 3082 3084 3086 3087 3088 3089 3091 3163 3165 3167 3169 3171 3172 3173 3174 3251 3253 3255 3257 3258 3259 3260 3339 3341 3343 3345 3426 3428 8339 8341
moead,ns202,3,3,4300,86,87322640.705522,1488562.763672,0.333333,0.666667,2776 2822 2824 2869 2905 2907 2909 2910 2912 2992 2994 2996 2997 2998 2999 3001 3080 3082 3084 3086 3087 3088 3089 3163 3165 3167 3169 3171 3172 3173 3174 3251 3253 3255 3256 3257 3258 3259 3339 3341 3342 3343 3344 3345 3424 3426 8339
moead,ns202,3,4,4300,86,87006721.082726,1441017.173828,0.444444,0.555556,2822 2824 2869 2905 2907 2909 2910 2912 2992 2994 2996 2997 2998 2999 3001 3080 3082 3084 3086 3087 3088 3089 3163 3165 3167 3169 3171 3172 3173 3174 3251 3253 3255 3256 3257 3258 3259 3260 3339 3340 3341 3342 3343 3344 3345 3426 3428
moead,ns202,3,5,4300,86,86763170.185847,1399619.604492,0.555556,0.444444,2817 2820 2824 2905 2907 2909 2910 2912 2992 2994 2996 2997 2998 2999 3001 3080 3082 3084 3086 3087 3088 3089 3163 3165 3167 3169 3170 3171 3172 3173 3174 3253 3255 3256 3257 3258 3259 3260 3339 3340 3341 3342 3343 3344 3345 3426 3428
moead,ns202,3,6,4300,86,86610974.746313,1375433.895508,0.666667,0.333333,2817 2820 2824 2905 2907 2909 2910 2912 2992 2994 2996 2997 2998 2999 3001 3080 3082 3083 3084 3085 3086 3087 3088 3089 3165 3167 3169 3170 3171 3172 3173 3174 3176 3253 3254 3255 3256 3257 3258 3259 3260 3339 3341 3342 3343 3345 3426
moead,ns202,3,7,4300,86,86478533.269737,1350575.894531,0.777778,0.222222,2819 2824 2905 2907 2909 2910 2912 2994 2995 2996 2997 2998 2999 3000 3001 3080 3082 3083 3084 3085 3086 3087 3088 3089 3165 3167 3169 3170 3171 3172 3173 3174 3175 3253 3255 3256 3257 3258 3259 3260 3339 3341 3342 3343 3344 3345 3426
moead,ns202,3,8,4300,86,86369402.944816,1327848.080078,0.888889,0.111111,2819 2905 2907 2909 2910 2912 2994 2995 2996 2997 2998 2999 3000 3001 3080 3082 3083 3084 3085 3086 3087 3088 3089 3165 3167 3169 3170 3171 3172 3173 3174 3175 3253 3254 3255 3256 3257 3258 3259 3260 3339 3341 3342 3343 3344 3345 3426
moead,ns202,3,9,4300,86,86297182.067867,1304693.587891,1.000000,0.000000,2819 2905 2907 2909 2910 2912 2994 2995 2996 2997 2998 2999 3000 3001 3080 3082 3083 3084 3085 3086 3087 3088 3089 3167 3169 3170 3171 3172 3173 3174 3175 3253 3254 3255 3256 3257 3258 3259 3260 3339 3340 3341 3342 3343 3344 3345 3428
moead,ns202,3,0,4350,87,114346147.394300,2008084.964844,0.000000,1.000000,956 1076 1227 1342 1470 1493 1588 2048 2071 2231 2403 2433 2458 2730 2938 2978 3113 3357 3449 3584 3588 3751 4419 4659 4778 5069 5300 5365 5727 6171 6282 6357 6383 6945 7000 7177 8080 8116 8211 8233 8288 8554 8592 8641 8745 8768 8794
moead,ns202,3,1,4350,87,88950775.488639,1672939.048828,0.111111,0.888889,2776 2822 2824 2869 2905 2907 2909 2910 2912 2914 2916 2984 2990 2994 2996 2998 3049 3076 3080 3082 3084 3086 3088 3161 3167 3169 3171 3173 3175 3176 3251 3253 3255 3257 3259 3337 3339 3341 3343 3345 3424 3426 3428 8215 8265 8339 8341
moead,ns202,3,2,4350,87,87872184.451294,1555257.736328,0.222222,0.777778,2776 2822 2824 2869 2905 2907 2909 2910 2912 2994 2996 2998 2999 3001 3005 3076 3080 3082 3084 3086 3088 3161 3165 3167 3169 3171 3173 3174 3175 3176 3251 3253 3255 3257 3258 3259 3260 3337 3339 3341 3343 3344 3345 3424 3426 3428 8314
moead,ns202,3,3,4350,87,87322640.705522,1488562.763672,0.333333,0.666667,2776 2822 2824 2869 2905 2907 2909 2910 2912 2992 2994 2996 2997 2998 2999 3001 3080 3082 3084 3086 3087 3088 3089 3163 3165 3167 3169 3171 3172 3173 3174 3251 3253 3255 3256 3257 3258 3259 3339 3341 3342 3343 3344 3345 3424 3426 8339
moead,ns202,3,4,4350,87,87006721.082726,1441017.173828,0.444444,0.555556,2822 2824 2869 2905 2907 2909 2910 2912 2992 2994 2996 2997 2998 2999 3001 3080 3082 3084 3086 3087 3088 3089 3163 3165 3167 3169 3171 3172 3173 3174 3251 3253 3255 3256 3257 3258 3259 3260 3339 3340 3341 3342 3343 3344 3345 3426 3428
moead,ns202,3,5,4350,87,86763170.185847,1399619.604492,0.555556,0.444444,2817 2820 2824 2905 2907 2909 2910 2912 2992 2994 2996 2997 2998 2999 3001 3080 3082 3084 3086 3087 3088 3089 3163 3165 3167 3169 3170 3171 3172 3173 3174 3253 3255 3256 3257 3258 3259 3260 3339 3340 3341 3342 3343 3344 3345 3426 3428
moead,ns202,3,6,4350,87,86610974.746313,1375433.895508,0.666667,0.333333,2817 2820 2824 2905 2907 2909 2910 2912 2992 2994 2996 2997 2998 2999 3001 3080 3082 3083 3084 3085 3086 3087 3088 3089 3165 3167 3169 3170 3171 3172 3173 3174 3176 3253 3254 3255 3256 3257 3258 3259 3260 3339 3341 3342 3343 3345 3426
moead,ns202,3,7,4350,87,86478533.269737,1350575.894531,0.777778,0.222222,2819 2824 2905 2907 2909 2910 2912 2994 2995 2996 2997 2998 2999 3000 3001 3080 3082 3083 3084 3085 3086 3087 3088 3089 3165 3167 3169 3170 3171 3172 3173 3174 3175 3253 3255 3256 3257 3258 3259 3260 3339 3341 3342 3343 3344 3345 3426
moead,ns202,3,8,4350,87,86369402.944816,1327848.080078,0.888889,0.111111,2819 2905 2907 2909 2910 2912 2994 2995 2996 2997 2998 2999 3000 3001 3080 3082 3083 3084 3085 3086 3087 3088 3089 3165 3167 3169 3170 3171 3172 3173 3174 3175 3253 3254 3255 3256 3257 3258 3259 3260 3339 3341 3342 3343 3344 3345 3426
moead,ns202,3,9,4350,87,86297182.067867,1304693.587891,1.000000,0.000000,2819 2905 2907 2909 2910 2912 2994 2995 2996 2997 2998 2999 3000 3001 3080 3082 3083 3084 3085 3086 3087 3088 3089 3167 3169 3170 3171 3172 3173 3174 3175 3253 3254 3255 3256 3257 3258 3259 3260 3339 3340 3341 3342 3343 3344 3345 3428
moead,ns202,3,0,4400,88,114346147.394300,2008084.964844,0.000000,1.000000,956 1076 1227 1342 1470 1493 1588 2048 2071 2231 2403 2433 2458 2730 2938 2978 3113 3357 3449 3584 3588 3751 4419 4659 4778 5069 5300 5365 5727 6171 6282 6357 6383 6945 7000 7177 8080 8116 8211 8233 8288 8554 8592 8641 8745 8768 8794
moead,ns202,3,1,4400,88,88950775.488639,1672939.048828,0.111111,0.888889,2776 2822 2824 2869 2905 2907 2909 2910 2912 2914 2916 2984 2990 2994 2996 2998 3049 3076 3080 3082 3084 3086 3088 3161 3167 3169 3171 3173 3175 3176 3251 3253 3255 3257 3259 3337 3339 3341 3343 3345 3424 3426 3428 8215 8265 8339 8341
moead,ns202,3,2,4400,88,87872184.451294,1555257.736328,0.222222,0.777778,2776 2822 2824 2869 2905 2907 2909 2910 2912 2994 2996 2998 2999 3001 3005 3076 3080 3082 3084 3086 3088 3161 3165 3167 3169 3171 3173 3174 3175 3176 3251 3253 3255 3257 3258 3259 3260 3337 3339 3341 3343 3344 3345 3424 3426 3428 8314
moead,ns202,3,3,4400,88,87322640.705522,1488562.763672,0.333333,0.666667,2776 2822 2824 2869 2905 2907 2909 2910 2912 2992 2994 2996 2997 2998 2999 3001 3080 3082 3084 3086 3087 3088 3089 3163 3165 3167 3169 3171 3172 3173 3174 3251 3253 3255 3256 3257 3258 3259 3339 3341 3342 3343 3344 3345 3424 3426 8339
moead,ns202,3,4,4400,88,87006721.082726,1441017.173828,0.444444,0.555556,2822 2824 2869 2905 2907 2909 2910 2912 2992 2994 2996 2997 2998 2999 3001 3080 3082 3084 3086 3087 3088 3089 3163 3165 3167 3169 3171 3172 3173 3174 3251 3253 3255 3256 3257 3258 3259 3260 3339 3340 3341 3342 3343 3344 3345 3426 3428
moead,ns202,3,5,4400,88,86763170.185847,1399619.604492,0.555556,0.444444,2817 2820 2824 2905 2907 2909 2910 2912 2992 2994 2996 2997 2998 2999 3001 3080 3082 3084 3086 3087 3088 3089 3163 3165 3167 3169 3170 3171 3172 3173 3174 3253 3255 3256 3257 3258 3259 3260 3339 3340 3341 3342 3343 3344 3345 3426 3428
moead,ns202,3,6,4400,88,86610974.746313,1375433.895508,0.666667,0.333333,2817 2820 2824 2905 2907 2909 2910 2912 2992 2994 2996 2997 2998 2999 3001 3080 3082 3083 3084 3085 3086 3087 3088 3089 3165 3167 3169 3170 3171 3172 3173 3174 3176 3253 3254 3255 3256 3257 3258 3259 3260 3339 3341 3342 3343 3345 3426
moead,ns202,3,7,4400,88,86479219.480057,1353042.325195,0.777778,0.222222,2824 2905 2907 2909 2910 2912 2992 2994 2995 2996 2997 2998 2999 3000 3001 3080 3082 3083 3084 3085 3086 3087 3088 3089 3165 3167 3169 3170 3171 3172 3173 3174 3253 3254 3255 3256 3257 3258 3259 3260 3339 3341 3342 3343 3344 3345 3428
moead,ns202,3,8,4400,88,86369402.944816,1327848.080078,0.888889,0.111111,2819 2905 2907 2909 2910 2912 2994 2995 2996 2997 2998 2999 3000 3001 3080 3082 3083 3084 3085 3086 3087 3088 3089 3165 3167 3169 3170 3171 3172 3173 3174 3175 3253 3254 3255 3256 3257 3258 3259 3260 3339 3341 3342 3343 3344 3345 3426
moead,ns202,3,9,4400,88,86297182.067867,1304693.587891,1.000000,0.000000,2819 2905 2907 2909 2910 2912 2994 2995 2996 2997 2998 2999 3000 3001 3080 3082 3083 3084 3085 3086 3087 3088 3089 3167 3169 3170 3171 3172 3173 3174 3175 3253 3254 3255 3256 3257 3258 3259 3260 3339 3340 3341 3342 3343 3344 3345 3428
moead,ns202,3,0,4450,89,113934630.182726,2008084.964844,0.000000,1.000000,956 1076 1227 1342 1470 1493 1588 2048 2071 2212 2231 2331 2403 2433 2458 2730 2938 2978 3357 3449 3584 3751 4419 4659 4778 5069 5300 5484 5727 6171 6282 6383 6945 7000 7177 8080 8116 8211 8233 8288 8330 8554 8592 8641 8745 8768 8794
moead,ns202,3,1,4450,89,88950775.488639,1672939.048828,0.111111,0.888889,2776 2822 2824 2869 2905 2907 2909 2910 2912 2914 2916 2984 2990 2994 2996 2998 3049 3076 3080 3082 3084 3086 3088 3161 3167 3169 3171 3173 3175 3176 3251 3253 3255 3257 3259 3337 3339 3341 3343 3345 3424 3426 3428 8215 8265 8339 8341
moead,ns202,3,2,4450,89,87872184.451294,1555257.736328,0.222222,0.777778,2776 2822 2824 2869 2905 2907 2909 2910 2912 2994 2996 2998 2999 3001 3005 3076 3080 3082 3084 3086 3088 3161 3165 3167 3169 3171 3173 3174 3175 3176 3251 3253 3255 3257 3258 3259 3260 3337 3339 3341 3343 3344 3345 3424 3426 3428 8314
moead,ns202,3,3,4450,89,87322640.705522,1488562.763672,0.333333,0.666667,2776 2822 2824 2869 2905 2907 2909 2910 2912 2992 2994 2996 2997 2998 2999 3001 3080 3082 3084 3086 3087 3088 3089 3163 3165 3167 3169 3171 3172 3173 3174 3251 3253 3255 3256 3257 3258 3259 3339 3341 3342 3343 3344 3345 3424 3426 8339
moead,ns202,3,4,4450,89,87006721.082726,1441017.173828,0.444444,0.555556,2822 2824 2869 2905 2907 2909 2910 2912 2992 2994 2996 2997 2998 2999 3001 3080 3082 3084 3086 3087 3088 3089 3163 3165 3167 3169 3171 3172 3173 3174 3251 3253 3255 3256 3257 3258 3259 3260 3339 3340 3341 3342 3343 3344 3345 3426 3428
moead,ns202,3,5,4450,89,86763170.185847,1399619.604492,0.555556,0.444444,2817 2820 2824 2905 2907 2909 2910 2912 2992 2994 2996 2997 2998 2999 3001 3080 3082 3084 3086 3087 3088 3089 3163 3165 3167 3169 3170 3171 3172 3173 3174 3253 3255 3256 3257 3258 3259 3260 3339 3340 3341 3342 3343 3344 3345 3426 3428
moead,ns202,3,6,4450,89,86610974.746313,1375433.895508,0.666667,0.333333,2817 2820 2824 2905 2907 2909 2910 2912 2992 2994 2996 2997 2998 2999 3001 3080 3082 3083 3084 3085 3086 3087 3088 3089 3165 3167 3169 3170 3171 3172 3173 3174 3176 3253 3254 3255 3256 3257 3258 3259 3260 3339 3341 3342 3343 3345 3426
moead,ns202,3,7,4450,89,86479219.480057,1353042.325195,0.777778,0.222222,2824 2905 2907 2909 2910 2912 2992 2994 2995 2996 2997 2998 2999 3000 3001 3080 3082 3083 3084 3085 3086 3087 3088 3089 3165 3167 3169 3170 3171 3172 3173 3174 3253 3254 3255 3256 3257 3258 3259 3260 3339 3341 3342 3343 3344 3345 3428
moead,ns202,3,8,4450,89,86369402.944816,1327848.080078,0.888889,0.111111,2819 2905 2907 2909 2910 2912 2994 2995 2996 2997 2998 2999 3000 3001 3080 3082 3083 3084 3085 3086 3087 3088 3089 3165 3167 3169 3170 3171 3172 3173 3174 3175 3253 3254 3255 3256 3257 3258 3259 3260 3339 3341 3342 3343 3344 3345 3426
moead,ns202,3,9,4450,89,86297182.067867,1304693.587891,1.000000,0.000000,2819 2905 2907 2909 2910 2912 2994 2995 2996 2997 2998 2999 3000 3001 3080 3082 3083 3084 3085 3086 3087 3088 3089 3167 3169 3170 3171 3172 3173 3174 3175 3253 3254 3255 3256 3257 3258 3259 3260 3339 3340 3341 3342 3343 3344 3345 3428
moead,ns202,3,0,4500,90,113934630.182726,2008084.964844,0.000000,1.000000,956 1076 1227 1342 1470 1493 1588 2048 2071 2212 2231 2331 2403 2433 2458 2730 2938 2978 3357 3449 3584 3751 4419 4659 4778 5069 5300 5484 5727 6171 6282 6383 6945 7000 7177 8080 8116 8211 8233 8288 8330 8554 8592 8641 8745 8768 8794
moead,ns202,3,1,4500,90,88950775.488639,1672939.048828,0.111111,0.888889,2776 2822 2824 2869 2905 2907 2909 2910 2912 2914 2916 2984 2990 2994 2996 2998 3049 3076 3080 3082 3084 3086 3088 3161 3167 3169 3171 3173 3175 3176 3251 3253 3255 3257 3259 3337 3339 3341 3343 3345 3424 3426 3428 8215 8265 8339 8341
moead,ns202,3,2,4500,90,87872184.451294,1555257.736328,0.222222,0.777778,2776 2822 2824 2869 2905 2907 2909 2910 2912 2994 2996 2998 2999 3001 3005 3076 3080 3082 3084 3086 3088 3161 3165 3167 3169 3171 3173 3174 3175 3176 3251 3253 3255 3257 3258 3259 3260 3337 3339 3341 3343 3344 3345 3424 3426 3428 8314
moead,ns202,3,3,4500,90,87322640.705522,1488562.763672,0.333333,0.666667,2776 2822 2824 2869 2905 2907 2909 2910 2912 2992 2994 2996 2997 2998 2999 3001 3080 3082 3084 3086 3087 3088 3089 3163 3165 3167 3169 3171 3172 3173 3174 3251 3253 3255 3256 3257 3258 3259 3339 3341 3342 3343 3344 3345 3424 3426 8339
moead,ns202,3,4,4500,90,87006721.082726,1441017.173828,0.444444,0.555556,2822 2824 2869 2905 2907 2909 2910 2912 2992 2994 2996 2997 2998 2999 3001 3080 3082 3084 3086 3087 3088 3089 3163 3165 3167 3169 3171 3172 3173 3174 3251 3253 3255 3256 3257 3258 3259 3260 3339 3340 3341 3342 3343 3344 3345 3426 3428
moead,ns202,3,5,4500,90,86763170.185847,1399619.604492,0.555556,0.444444,2817 2820 2824 2905 2907 2909 2910 2912 2992 2994 2996 2997 2998 2999 3001 3080 3082 3084 3086 3087 3088 3089 3163 3165 3167 3169 3170 3171 3172 3173 3174 3253 3255 3256 3257 3258 3259 3260 3339 3340 3341 3342 3343 3344 3345 3426 3428
moead,ns202,3,6,4500,90,86602200.630529,1377990.049805,0.666667,0.333333,2817 2824 2905 2907 2909 2910 2912 2992 2994 2996 2997 2998 2999 3000 3001 3080 3082 3083 3084 3085 3086 3087 3088 3089 3165 3167 3169 3170 3171 3172 3173 3174 3251 3253 3254 3255 3256 3257 3258 3259 3260 3339 3341 3342 3343 3344 3426
moead,ns202,3,7,4500,90,86479219.480057,1353042.325195,0.777778,0.222222,2824 2905 2907 2909 2910 2912 2992 2994 2995 2996 2997 2998 2999 3000 3001 3080 3082 3083 3084 3085 3086 3087 3088 3089 3165 3167 3169 3170 3171 3172 3173 3174 3253 3254 3255 3256 3257 3258 3259 3260 3339 3341 3342 3343 3344 3345 3428
moead,ns202,3,8,4500,90,86369402.944816,1327848.080078,0.888889,0.111111,2819 2905 2907 2909 2910 2912 2994 2995 2996 2997 2998 2999 3000 3001 3080 3082 3083 3084 3085 3086 3087 3088 3089 3165 3167 3169 3170 3171 3172 3173 3174 3175 3253 3254 3255 3256 3257 3258 3259 3260 3339 3341 3342 3343 3344 3345 3426
moead,ns202,3,9,4500,90,86297182.067867,1304693.587891,1.000000,0.000000,2819 2905 2907 2909 2910 2912 2994 2995 2996 2997 2998 2999 3000 3001 3080 3082 3083 3084 3085 3086 3087 3088 3089 3167 3169 3170 3171 3172 3173 3174 3175 3253 3254 3255 3256 3257 3258 3259 3260 3339 3340 3341 3342 3343 3344 3345 3428
moead,ns202,3,0,4550,91,113729661.837020,2008084.964844,0.000000,1.000000,956 1076 1227 1342 1470 1493 1588 2048 2071 2212 2231 2403 2433 2458 2730 2938 2978 3313 3357 3449 3584 3751 4419 4659 4778 5069 5300 5484 5727 6171 6282 6905 6945 7000 7177 8080 8116 8211 8233 8288 8330 8554 8592 8641 8745 8768 8794
moead,ns202,3,1,4550,91,88950775.488639,1672939.048828,0.111111,0.888889,2776 2822 2824 2869 2905 2907 2909 2910 2912 2914 2916 2984 2990 2994 2996 2998 3049 3076 3080 3082 3084 3086 3088 3161 3167 3169 3171 3173 3175 3176 3251 3253 3255 3257 3259 3337 3339 3341 3343 3345 3424 3426 3428 8215 8265 8339 8341
moead,ns202,3,2,4550,91,87872184.451294,1555257.736328,0.222222,0.777778,2776 2822 2824 2869 2905 2907 2909 2910 2912 2994 2996 2998 2999 3001 3005 3076 3080 3082 3084 3086 3088 3161 3165 3167 3169 3171 3173 3174 3175 3176 3251 3253 3255 3257 3258 3259 3260 3337 3339 3341 3343 3344 3345 3424 3426 3428 8314
moead,ns202,3,3,4550,91,87323753.504277,1489928.355469,0.333333,0.666667,2776 2822 2824 2869 2905 2907 2909 2910 2912 2992 2994 2996 2997 2998 2999 3001 3080 3082 3084 3086 3087 3088 3089 3163 3165 3167 3169 3171 3172 3173 3174 3251 3253 3255 3256 3257 3258 3259 3260 3339 3341 3342 3343 3344 3424 3426 8339
moead,ns202,3,4,4550,91,87006721.082726,1441017.173828,0.444444,0.555556,2822 2824 2869 2905 2907 2909 2910 2912 2992 2994 2996 2997 2998 2999 3001 3080 3082 3084 3086 3087 3088 3089 3163 3165 3167 3169 3171 3172 3173 3174 3251 3253 3255 3256 3257 3258 3259 3260 3339 3340 3341 3342 3343 3344 3345 3426 3428
moead,ns202,3,5,4550,91,86775630.329982,1403010.990234,0.555556,0.444444,2817 2820 2824 2905 2907 2909 2910 2912 2992 2994 2996 2997 2998 2999 3001 3082 3084 3085 3086 3087 3088 3089 3163 3165 3167 3169 3170 3171 3172 3173 3174 3175 3251 3253 3255 3256 3257 3258 3259 3260 3339 3341 3342 3343 3344 3345 3426
moead,ns202,3,6,4550,91,86602200.630529,1377990.049805,0.666667,0.333333,2817 2824 2905 2907 2909 2910 2912 2992 2994 2996 2997 2998 2999 3000 3001 3080 3082 3083 3084 3085 3086 3087 3088 3089 3165 3167 3169 3170 3171 3172 3173 3174 3251 3253 3254 3255 3256 3257 3258 3259 3260 3339 3341 3342 3343 3344 3426
moead,ns202,3,7,4550,91,86479219.480057,1353042.325195,0.777778,0.222222,2824 2905 2907 2909 2910 2912 2992 2994 2995 2996 2997 2998 2999 3000 3001 3080 3082 3083 3084 3085 3086 3087 3088 3089 3165 3167 3169 3170 3171 3172 3173 3174 3253 3254 3255 3256 3257 3258 3259 3260 3339 3341 3342 3343 3344 3345 3428
moead,ns202,3,8,4550,91,86369402.944816,1327848.080078,0.888889,0.111111,2819 2905 2907 2909 2910 2912 2994 2995 2996 2997 2998 2999 3000 3001 3080 3082 3083 3084 3085 3086 3087 3088 3089 3165 3167 3169 3170 3171 3172 3173 3174 3175 3253 3254 3255 3256 3257 3258 3259 3260 3339 3341 3342 3343 3344 3345 3426
moead,ns202,3,9,4550,91,86297182.067867,1304693.587891,1.000000,0.000000,2819 2905 2907 2909 2910 2912 2994 2995 2996 2997 2998 2999 3000 3001 3080 3082 3083 3084 3085 3086 3087 3088 3089 3167 3169 3170 3171 3172 3173 3174 3175 3253 3254 3255 3256 3257 3258 3259 3260 3339 3340 3341 3342 3343 3344 3345 3428
moead,ns202,3,0,4600,92,113309625.511719,2008084.964844,0.000000,1.000000,956 1076 1227 1342 1470 1588 2048 2071 2212 2231 2403 2433 2458 2730 2938 2978 3313 3357 3449 3584 3751 3924 4419 4659 4778 5069 5300 5484 5727 6171 6282 6905 6945 7000 7177 8080 8116 8211 8233 8288 8330 8554 8592 8641 8745 8768 8794
moead,ns202,3,1,4600,92,88950775.488639,1672939.048828,0.111111,0.888889,2776 2822 2824 2869 2905 2907 2909 2910 2912 2914 2916 2984 2990 2994 2996 2998 3049 3076 3080 3082 3084 3086 3088 3161 3167 3169 3171 3173 3175 3176 3251 3253 3255 3257 3259 3337 3339 3341 3343 3345 3424 3426 3428 8215 8265 8339 8341
moead,ns202,3,2,4600,92,87872184.451294,1555257.736328,0.222222,0.777778,2776 2822 2824 2869 2905 2907 2909 2910 2912 2994 2996 2998 2999 3001 3005 3076 3080 3082 3084 3086 3088 3161 3165 3167 3169 3171 3173 3174 3175 3176 3251 3253 3255 3257 3258 3259 3260 3337 3339 3341 3343 3344 3345 3424 3426 3428 8314
moead,ns202,3,3,4600,92,87311917.856565,1489922.531250,0.333333,0.666667,2776 2822 2824 2869 2905 2907 2909 2910 2912 2992 2994 2996 2997 2998 2999 3001 3080 3082 3084 3086 3087 3088 3089 3163 3165 3167 3169 3171 3172 3173 3174 3251 3253 3255 3256 3257 3258 3259 3260 3339 3341 3342 3343 3344 3424 3426 8314
moead,ns202,3,4,4600,92,86966138.163531,1437264.234375,0.444444,0.555556,2822 2869 2905 2907 2909 2910 2912 2914 2992 2994 2996 2997 2998 2999 3001 3080 3082 3084 3086 3087 3088 3089 3163 3165 3167 3169 3170 3171 3172 3173 3174 3175 3251 3253 3255 3256 3257 3258 3259 3260 3339 3341 3342 3343 3344 3345 3426
moead,ns202,3,5,4600,92,86764092.773769,1401424.636719,0.555556,0.444444,2817 2820 2824 2905 2907 2909 2910 2912 2992 2994 2996 2997 2998 2999 3001 3082 3084 3085 3086 3087 3088 3089 3163 3165 3167 3169 3170 3171 3172 3173 3174 3251 3253 3255 3256 3257 3258 3259 3260 3339 3341 3342 3343 3344 3345 3426 3428
moead,ns202,3,6,4600,92,86602200.630529,1377990.049805,0.666667,0.333333,2817 2824 2905 2907 2909 2910 2912 2992 2994 2996 2997 2998 2999 3000 3001 3080 3082 3083 3084 3085 3086 3087 3088 3089 3165 3167 3169 3170 3171 3172 3173 3174 3251 3253 3254 3255 3256 3257 3258 3259 3260 3339 3341 3342 3343 3344 3426
moead,ns202,3,7,4600,92,86468061.136958,1350185.932617,0.777778,0.222222,2824 2905 2907 2909 2910 2912 2992 2994 2995 2996 2997 2998 2999 3000 3001 3080 3082 3083 3084 3085 3086 3087 3088 3165 3167 3169 3170 3171 3172 3173 3174 3175 3253 3254 3255 3256 3257 3258 3259 3260 3339 3341 3342 3343 3344 3345 3426
moead,ns202,3,8,4600,92,86369402.944816,1327848.080078,0.888889,0.111111,2819 2905 2907 2909 2910 2912 2994 2995 2996 2997 2998 2999 3000 3001 3080 3082 3083 3084 3085 3086 3087 3088 3089 3165 3167 3169 3170 3171 3172 3173 3174 3175 3253 3254 3255 3256 3257 3258 3259 3260 3339 3341 3342 3343 3344 3345 3426
moead,ns202,3,9,4600,92,86297182.067867,1304693.587891,1.000000,0.000000,2819 2905 2907 2909 2910 2912 2994 2995 2996 2997 2998 2999 3000 3001 3080 3082 3083 3084 3085 3086 3087 3088 3089 3167 3169 3170 3171 3172 3173 3174 3175 3253 3254 3255 3256 3257 3258 3259 3260 3339 3340 3341 3342 3343 3344 3345 3428
moead,ns202,3,0,4650,93,113309625.511719,2008084.964844,0.000000,1.000000,956 1076 1227 1342 1470 1588 2048 2071 2212 2231 2403 2433 2458 2730 2938 2978 3313 3357 3449 3584 3751 3924 4419 4659 4778 5069 5300 5484 5727 6171 6282 6905 6945 7000 7177 8080 8116 8211 8233 8288 8330 8554 8592 8641 8745 8768 8794
moead,ns202,3,1,4650,93,88950775.488639,1672939.048828,0.111111,0.888889,2776 2822 2824 2869 2905 2907 2909 2910 2912 2914 2916 2984 2990 2994 2996 2998 3049 3076 3080 3082 3084 3086 3088 3161 3167 3169 3171 3173 3175 3176 3251 3253 3255 3257 3259 3337 3339 3341 3343 3345 3424 3426 3428 8215 8265 8339 8341
moead,ns202,3,2,4650,93,87872184.451294,1555257.736328,0.222222,0.777778,2776 2822 2824 2869 2905 2907 2909 2910 2912 2994 2996 2998 2999 3001 3005 3076 3080 3082 3084 3086 3088 3161 3165 3167 3169 3171 3173 3174 3175 3176 3251 3253 3255 3257 3258 3259 3260 3337 3339 3341 3343 3344 3345 3424 3426 3428 8314
moead,ns202,3,3,4650,93,87311917.856565,1489922.531250,0.333333,0.666667,2776 2822 2824 2869 2905 2907 2909 2910 2912 2992 2994 2996 2997 2998 2999 3001 3080 3082 3084 3086 3087 3088 3089 3163 3165 3167 3169 3171 3172 3173 3174 3251 3253 3255 3256 3257 3258 3259 3260 3339 3341 3342 3343 3344 3424 3426 8314
moead,ns202,3,4,4650,93,86966138.163531,1437264.234375,0.444444,0.555556,2822 2869 2905 2907 2909 2910 2912 2914 2992 2994 2996 2997 2998 2999 3001 3080 3082 3084 3086 3087 3088 3089 3163 3165 3167 3169 3170 3171 3172 3173 3174 3175 3251 3253 3255 3256 3257 3258 3259 3260 3339 3341 3342 3343 3344 3345 3426
moead,ns202,3,5,4650,93,86764092.773769,1401424.636719,0.555556,0.444444,2817 2820 2824 2905 2907 2909 2910 2912 2992 2994 2996 2997 2998 2999 3001 3082 3084 3085 3086 3087 3088 3089 3163 3165 3167 3169 3170 3171 3172 3173 3174 3251 3253 3255 3256 3257 3258 3259 3260 3339 3341 3342 3343 3344 3345 3426 3428
moead,ns202,3,6,4650,93,86602200.630529,1377990.049805,0.666667,0.333333,2817 2824 2905 2907 2909 2910 2912 2992 2994 2996 2997 2998 2999 3000 3001 3080 3082 3083 3084 3085 3086 3087 3088 3089 3165 3167 3169 3170 3171 3172 3173 3174 3251 3253 3254 3255 3256 3257 3258 3259 3260 3339 3341 3342 3343 3344 3426
moead,ns202,3,7,4650,93,86468061.136958,1350185.932617,0.777778,0.222222,2824 2905 2907 2909 2910 2912 2992 2994 2995 2996 2997 2998 2999 3000 3001 3080 3082 3083 3084 3085 3086 3087 3088 3165 3167 3169 3170 3171 3172 3173 3174 3175 3253 3254 3255 3256 3257 3258 3259 3260 3339 3341 3342 3343 3344 3345 3426
moead,ns202,3,8,4650,93,86369402.944816,1327848.080078,0.888889,0.111111,2819 2905 2907 2909 2910 2912 2994 2995 2996 2997 2998 2999 3000 3001 3080 3082 3083 3084 3085 3086 3087 3088 3089 3165 3167 3169 3170 3171 3172 3173 3174 3175 3253 3254 3255 3256 3257 3258 3259 3260 3339 3341 3342 3343 3344 3345 3426
moead,ns202,3,9,4650,93,86297182.067867,1304693.587891,1.000000,0.000000,2819 2905 2907 2909 2910 2912 2994 2995 2996 2997 2998 2999 3000 3001 3080 3082 3083 3084 3085 3086 3087 3088 3089 3167 3169 3170 3171 3172 3173 3174 3175 3253 3254 3255 3256 3257 3258 3259 3260 3339 3340 3341 3342 3343 3344 3345 3428
moead,ns202,3,0,4700,94,113496563.661574,2008084.964844,0.000000,1.000000,956 1076 1227 1342 1470 1588 2071 2212 2231 2403 2433 2458 2730 2938 2978 3313 3357 3449 3584 3751 3924 4419 4659 4778 5069 5300 5484 5727 6171 6282 6905 6945 7000 7095 7177 8080 8116 8211 8233 8288 8330 8554 8592 8641 8745 8768 8794
moead,ns202,3,1,4700,94,88950775.488639,1672939.048828,0.111111,0.888889,2776 2822 2824 2869 2905 2907 2909 2910 2912 2914 2916 2984 2990 2994 2996 2998 3049 3076 3080 3082 3084 3086 3088 3161 3167 3169 3171 3173 3175 3176 3251 3253 3255 3257 3259 3337 3339 3341 3343 3345 3424 3426 3428 8215 8265 8339 8341
moead,ns202,3,2,4700,94,87872184.451294,1555257.736328,0.222222,0.777778,2776 2822 2824 2869 2905 2907 2909 2910 2912 2994 2996 2998 2999 3001 3005 3076 3080 3082 3084 3086 3088 3161 3165 3167 3169 3171 3173 3174 3175 3176 3251 3253 3255 3257 3258 3259 3260 3337 3339 3341 3343 3344 3345 3424 3426 3428 8314
moead,ns202,3,3,4700,94,87311917.856565,1489922.531250,0.333333,0.666667,2776 2822 2824 2869 2905 2907 2909 2910 2912 2992 2994 2996 2997 2998 2999 3001 3080 3082 3084 3086 3087 3088 3089 3163 3165 3167 3169 3171 3172 3173 3174 3251 3253 3255 3256 3257 3258 3259 3260 3339 3341 3342 3343 3344 3424 3426 8314
moead,ns202,3,4,4700,94,86966138.163531,1437264.234375,0.444444,0.555556,2822 2869 2905 2907 2909 2910 2912 2914 2992 2994 2996 2997 2998 2999 3001 3080 3082 3084 3086 3087 3088 3089 3163 3165 3167 3169 3170 3171 3172 3173 3174 3175 3251 3253 3255 3256 3257 3258 3259 3260 3339 3341 3342 3343 3344 3345 3426
moead,ns202,3,5,4700,94,86754646.457195,1405150.791992,0.555556,0.444444,2822 2869 2905 2907 2909 2910 2912 2914 2992 2994 2996 2997 2998 2999 3001 3080 3082 3083 3084 3085 3086 3087 3088 3089 3165 3167 3169 3170 3171 3172 3173 3174 3251 3253 3255 3256 3257 3258 3259 3260 3339 3341 3342 3343 3344 3345 3426
moead,ns202,3,6,4700,94,86602200.630529,1377990.049805,0.666667,0.333333,2817 2824 2905 2907 2909 2910 2912 2992 2994 2996 2997 2998 2999 3000 3001 3080 3082 3083 3084 3085 3086 3087 3088 3089 3165 3167 3169 3170 3171 3172 3173 3174 3251 3253 3254 3255 3256 3257 3258 3259 3260 3339 3341 3342 3343 3344 3426
moead,ns202,3,7,4700,94,86468061.136958,1350185.932617,0.777778,0.222222,2824 2905 2907 2909 2910 2912 2992 2994 2995 2996 2997 2998 2999 3000 3001 3080 3082 3083 3084 3085 3086 3087 3088 3165 3167 3169 3170 3171 3172 3173 3174 3175 3253 3254 3255 3256 3257 3258 3259 3260 3339 3341 3342 3343 3344 3345 3426
moead,ns202,3,8,4700,94,86369402.944816,1327848.080078,0.888889,0.111111,2819 2905 2907 2909 2910 2912 2994 2995 2996 2997 2998 2999 3000 3001 3080 3082 3083 3084 3085 3086 3087 3088 3089 3165 3167 3169 3170 3171 3172 3173 3174 3175 3253 3254 3255 3256 3257 3258 3259 3260 3339 3341 3342 3343 3344 3345 3426
moead,ns202,3,9,4700,94,86297182.067867,1304693.587891,1.000000,0.000000,2819 2905 2907 2909 2910 2912 2994 2995 2996 2997 2998 2999 3000 3001 3080 3082 3083 3084 3085 3086 3087 3088 3089 3167 3169 3170 3171 3172 3173 3174 3175 3253 3254 3255 3256 3257 3258 3259 3260 3339 3340 3341 3342 3343 3344 3345 3428
moead,ns202,3,0,4750,95,114186401.184036,2008084.964844,0.000000,1.000000,956 1076 1227 1342 1470 1588 2071 2212 2231 2403 2433 2458 2730 2938 2978 3313 3357 3449 3584 3751 4419 4659 4778 5069 5300 5484 5727 6171 6282 6905 6945 7000 7095 7177 8080 8083 8116 8211 8233 8288 8554 8592 8602 8641 8745 8768 8794
moead,ns202,3,1,4750,95,88950775.488639,1672939.048828,0.111111,0.888889,2776 2822 2824 2869 2905 2907 2909 2910 2912 2914 2916 2984 2990 2994 2996 2998 3049 3076 3080 3082 3084 3086 3088 3161 3167 3169 3171 3173 3175 3176 3251 3253 3255 3257 3259 3337 3339 3341 3343 3345 3424 3426 3428 8215 8265 8339 8341
moead,ns202,3,2,4750,95,87863647.034286,1555257.736328,0.222222,0.777778,2776 2822 2824 2869 2871 2905 2907 2909 2910 2912 2994 2996 2998 2999 3001 3076 3080 3082 3084 3086 3088 3161 3165 3167 3169 3171 3173 3174 3175 3176 3251 3253 3255 3257 3258 3259 3260 3337 3339 3341 3343 3344 3345 3424 3426 3428 8314
moead,ns202,3,3,4750,95,87311917.856565,1489922.531250,0.333333,0.666667,2776 2822 2824 2869 2905 2907 2909 2910 2912 2992 2994 2996 2997 2998 2999 3001 3080 3082 3084 3086 3087 3088 3089 3163 3165 3167 3169 3171 3172 3173 3174 3251 3253 3255 3256 3257 3258 3259 3260 3339 3341 3342 3343 3344 3424 3426 8314
moead,ns202,3,4,4750,95,86966138.163531,1437264.234375,0.444444,0.555556,2822 2869 2905 2907 2909 2910 2912 2914 2992 2994 2996 2997 2998 2999 3001 3080 3082 3084 3086 3087 3088 3089 3163 3165 3167 3169 3170 3171 3172 3173 3174 3175 3251 3253 3255 3256 3257 3258 3259 3260 3339 3341 3342 3343 3344 3345 3426
moead,ns202,3,5,4750,95,86754646.457195,1405150.791992,0.555556,0.444444,2822 2869 2905 2907 2909 2910 2912 2914 2992 2994 2996 2997 2998 2999 3001 3080 3082 3083 3084 3085 3086 3087 3088 3089 3165 3167 3169 3170 3171 3172 3173 3174 3251 3253 3255 3256 3257 3258 3259 3260 3339 3341 3342 3343 3344 3345 3426
moead,ns202,3,6,4750,95,86602200.630529,1377990.049805,0.666667,0.333333,2817 2824 2905 2907 2909 2910 2912 2992 2994 2996 2997 2998 2999 3000 3001 3080 3082 3083 3084 3085 3086 3087 3088 3089 3165 3167 3169 3170 3171 3172 3173 3174 3251 3253 3254 3255 3256 3257 3258 3259 3260 3339 3341 3342 3343 3344 3426
moead,ns202,3,7,4750,95,86464689.360236,1350198.793945,0.777778,0.222222,2824 2905 2907 2909 2910 2912 2994 2995 2996 2997 2998 2999 3000 3001 3080 3082 3083 3084 3085 3086 3087 3088 3089 3165 3167 3169 3170 3171 3172 3173 3174 3175 3253 3255 3256 3257 3258 3259 3260 3339 3340 3341 3342 3343 3344 3345 3426
moead,ns202,3,8,4750,95,86369402.944816,1327848.080078,0.888889,0.111111,2819 2905 2907 2909 2910 2912 2994 2995 2996 2997 2998 2999 3000 3001 3080 3082 3083 3084 3085 3086 3087 3088 3089 3165 3167 3169 3170 3171 3172 3173 3174 3175 3253 3254 3255 3256 3257 3258 3259 3260 3339 3341 3342 3343 3344 3345 3426
moead,ns202,3,9,4750,95,86297182.067867,1304693.587891,1.000000,0.000000,2819 2905 2907 2909 2910 2912 2994 2995 2996 2997 2998 2999 3000 3001 3080 3082 3083 3084 3085 3086 3087 3088 3089 3167 3169 3170 3171 3172 3173 3174 3175 3253 3254 3255 3256 3257 3258 3259 3260 3339 3340 3341 3342 3343 3344 3345 3428
moead,ns202,3,0,4800,96,114019778.172739,2008084.964844,0.000000,1.000000,956 1076 1227 1342 1470 1588 2212 2231 2403 2433 2458 2611 2730 2938 2978 3313 3357 3449 3584 3751 4419 4659 4778 5069 5300 5484 5727 5879 6375 6905 6945 7000 7095 7177 8080 8083 8116 8211 8233 8288 8554 8592 8602 8641 8745 8768 8794
moead,ns202,3,1,4800,96,88950775.488639,1672939.048828,0.111111,0.888889,2776 2822 2824 2869 2905 2907 2909 2910 2912 2914 2916 2984 2990 2994 2996 2998 3049 3076 3080 3082 3084 3086 3088 3161 3167 3169 3171 3173 3175 3176 3251 3253 3255 3257 3259 3337 3339 3341 3343 3345 3424 3426 3428 8215 8265 8339 8341
moead,ns202,3,2,4800,96,87863647.034286,1555257.736328,0.222222,0.777778,2776 2822 2824 2869 2871 2905 2907 2909 2910 2912 2994 2996 2998 2999 3001 3076 3080 3082 3084 3086 3088 3161 3165 3167 3169 3171 3173 3174 3175 3176 3251 3253 3255 3257 3258 3259 3260 3337 3339 3341 3343 3344 3345 3424 3426 3428 8314
moead,ns202,3,3,4800,96,87311917.856565,1489922.531250,0.333333,0.666667,2776 2822 2824 2869 2905 2907 2909 2910 2912 2992 2994 2996 2997 2998 2999 3001 3080 3082 3084 3086 3087 3088 3089 3163 3165 3167 3169 3171 3172 3173 3174 3251 3253 3255 3256 3257 3258 3259 3260 3339 3341 3342 3343 3344 3424 3426 8314
moead,ns202,3,4,4800,96,87000553.280043,1443073.285156,0.444444,0.555556,2822 2869 2905 2907 2909 2910 2912 2914 2992 2994 2996 2997 2998 2999 3001 3080 3082 3084 3086 3087 3088 3089 3163 3165 3167 3169 3170 3171 3172 3173 3174 3251 3253 3255 3256 3257 3258 3259 3260 3339 3341 3342 3343 3344 3345 3424 3426
moead,ns202,3,5,4800,96,86754646.457195,1405150.791992,0.555556,0.444444,2822 2869 2905 2907 2909 2910 2912 2914 2992 2994 2996 2997 2998 2999 3001 3080 3082 3083 3084 3085 3086 3087 3088 3089 3165 3167 3169 3170 3171 3172 3173 3174 3251 3253 3255 3256 3257 3258 3259 3260 3339 3341 3342 3343 3344 3345 3426
moead,ns202,3,6,4800,96,86602200.630529,1377990.049805,0.666667,0.333333,2817 2824 2905 2907 2909 2910 2912 2992 2994 2996 2997 2998 2999 3000 3001 3080 3082 3083 3084 3085 3086 3087 3088 3089 3165 3167 3169 3170 3171 3172 3173 3174 3251 3253 3254 3255 3256 3257 3258 3259 3260 3339 3341 3342 3343 3344 3426
moead,ns202,3,7,4800,96,86464689.360236,1350198.793945,0.777778,0.222222,2824 2905 2907 2909 2910 2912 2994 2995 2996 2997 2998 2999 3000 3001 3080 3082 3083 3084 3085 3086 3087 3088 3089 3165 3167 3169 3170 3171 3172 3173 3174 3175 3253 3255 3256 3257 3258 3259 3260 3339 3340 3341 3342 3343 3344 3345 3426
moead,ns202,3,8,4800,96,86369402.944816,1327848.080078,0.888889,0.111111,2819 2905 2907 2909 2910 2912 2994 2995 2996 2997 2998 2999 3000 3001 3080 3082 3083 3084 3085 3086 3087 3088 3089 3165 3167 3169 3170 3171 3172 3173 3174 3175 3253 3254 3255 3256 3257 3258 3259 3260 3339 3341 3342 3343 3344 3345 3426
moead,ns202,3,9,4800,96,86297182.067867,1304693.587891,1.000000,0.000000,2819 2905 2907 2909 2910 2912 2994 2995 2996 2997 2998 2999 3000 3001 3080 3082 3083 3084 3085 3086 3087 3088 3089 3167 3169 3170 3171 3172 3173 3174 3175 3253 3254 3255 3256 3257 3258 3259 3260 3339 3340 3341 3342 3343 3344 3345 3428
moead,ns202,3,0,4850,97,113991892.807243,2008084.964844,0.000000,1.000000,1076 1227 1342 1470 1588 1614 2212 2231 2403 2433 2458 2611 2730 2938 2978 3313 3357 3449 3584 3751 4419 4659 4778 5300 5484 5632 5727 5858 5879 6375 6905 6945 7000 7095 7177 8080 8116 8211 8288 8485 8554 8592 8602 8641 8745 8768 8794
moead,ns202,3,1,4850,97,88950775.488639,1672939.048828,0.111111,0.888889,2776 2822 2824 2869 2905 2907 2909 2910 2912 2914 2916 2984 2990 2994 2996 2998 3049 3076 3080 3082 3084 3086 3088 3161 3167 3169 3171 3173 3175 3176 3251 3253 3255 3257 3259 3337 3339 3341 3343 3345 3424 3426 3428 8215 8265 8339 8341
moead,ns202,3,2,4850,97,87863647.034286,1555257.736328,0.222222,0.777778,2776 2822 2824 2869 2871 2905 2907 2909 2910 2912 2994 2996 2998 2999 3001 3076 3080 3082 3084 3086 3088 3161 3165 3167 3169 3171 3173 3174 3175 3176 3251 3253 3255 3257 3258 3259 3260 3337 3339 3341 3343 3344 3345 3424 3426 3428 8314
moead,ns202,3,3,4850,97,87311917.856565,1489922.531250,0.333333,0.666667,2776 2822 2824 2869 2905 2907 2909 2910 2912 2992 2994 2996 2997 2998 2999 3001 3080 3082 3084 3086 3087 3088 3089 3163 3165 3167 3169 3171 3172 3173 3174 3251 3253 3255 3256 3257 3258 3259 3260 3339 3341 3342 3343 3344 3424 3426 8314
moead,ns202,3,4,4850,97,86987465.953262,1439979.782227,0.444444,0.555556,2817 2822 2824 2905 2907 2909 2910 2912 2992 2994 2996 2997 2998 2999 3001 3080 3082 3084 3086 3087 3088 3089 3163 3165 3167 3169 3170 3171 3172 3173 3174 3251 3253 3255 3256 3257 3258 3259 3260 3339 3341 3342 3343 3344 3345 3426 8339
moead,ns202,3,5,4850,97,86754646.457195,1405150.791992,0.555556,0.444444,2822 2869 2905 2907 2909 2910 2912 2914 2992 2994 2996 2997 2998 2999 3001 3080 3082 3083 3084 3085 3086 3087 3088 3089 3165 3167 3169 3170 3171 3172 3173 3174 3251 3253 3255 3256 3257 3258 3259 3260 3339 3341 3342 3343 3344 3345 3426
moead,ns202,3,6,4850,97,86579083.056419,1372234.878906,0.666667,0.333333,2817 2822 2824 2905 2907 2909 2910 2912 2992 2994 2996 2997 2998 2999 3001 3080 3082 3083 3084 3085 3086 3087 3088 3089 3165 3167 3169 3170 3171 3172 3173 3174 3253 3254 3255 3256 3257 3258 3259 3260 3339 3341 3342 3343 3344 3345 3426
moead,ns202,3,7,4850,97,86464689.360236,1350198.793945,0.777778,0.222222,2824 2905 2907 2909 2910 2912 2994 2995 2996 2997 2998 2999 3000 3001 3080 3082 3083 3084 3085 3086 3087 3088 3089 3165 3167 3169 3170 3171 3172 3173 3174 3175 3253 3255 3256 3257 3258 3259 3260 3339 3340 3341 3342 3343 3344 3345 3426
moead,ns202,3,8,4850,97,86346888.751426,1321530.177734,0.888889,0.111111,2819 2905 2907 2909 2910 2912 2994 2995 2996 2997 2998 2999 3000 3001 3080 3082 3083 3084 3085 3086 3087 3088 3089 3165 3167 3169 3170 3171 3172 3173 3174 3175 3253 3254 3255 3256 3257 3258 3259 3260 3340 3341 3342 3343 3344 3345 3426
moead,ns202,3,9,4850,97,86297182.067867,1304693.587891,1.000000,0.000000,2819 2905 2907 2909 2910 2912 2994 2995 2996 2997 2998 2999 3000 3001 3080 3082 3083 3084 3085 3086 3087 3088 3089 3167 3169 3170 3171 3172 3173 3174 3175 3253 3254 3255 3256 3257 3258 3259 3260 3339 3340 3341 3342 3343 3344 3345 3428
moead,ns202,3,0,4900,98,112324539.985532,2008084.964844,0.000000,1.000000,1342 1470 1588 1614 2212 2231 2270 2403 2433 2458 2611 2730 2978 3313 3357 3449 3584 3751 3762 4419 4659 4778 5066 5300 5484 5632 5727 5858 5879 6375 6905 6945 7000 7095 7177 8080 8116 8211 8288 8485 8554 8592 8602 8641 8745 8768 8794
moead,ns202,3,1,4900,98,88950775.488639,1672939.048828,0.111111,0.888889,2776 2822 2824 2869 2905 2907 2909 2910 2912 2914 2916 2984 2990 2994 2996 2998 3049 3076 3080 3082 3084 3086 3088 3161 3167 3169 3171 3173 3175 3176 3251 3253 3255 3257 3259 3337 3339 3341 3343 3345 3424 3426 3428 8215 8265 8339 8341
moead,ns202,3,2,4900,98,87863647.034286,1555257.736328,0.222222,0.777778,2776 2822 2824 2869 2871 2905 2907 2909 2910 2912 2994 2996 2998 2999 3001 3076 3080 3082 3084 3086 3088 3161 3165 3167 3169 3171 3173 3174 3175 3176 3251 3253 3255 3257 3258 3259 3260 3337 3339 3341 3343 3344 3345 3424 3426 3428 8314
moead,ns202,3,3,4900,98,87311917.856565,1489922.531250,0.333333,0.666667,2776 2822 2824 2869 2905 2907 2909 2910 2912 2992 2994 2996 2997 2998 2999 3001 3080 3082 3084 3086 3087 3088 3089 3163 3165 3167 3169 3171 3172 3173 3174 3251 3253 3255 3256 3257 3258 3259 3260 3339 3341 3342 3343 3344 3424 3426 8314
moead,ns202,3,4,4900,98,86987465.953262,1439979.782227,0.444444,0.555556,2817 2822 2824 2905 2907 2909 2910 2912 2992 2994 2996 2997 2998 2999 3001 3080 3082 3084 3086 3087 3088 3089 3163 3165 3167 3169 3170 3171 3172 3173 3174 3251 3253 3255 3256 3257 3258 3259 3260 3339 3341 3342 3343 3344 3345 3426 8339
moead,ns202,3,5,4900,98,86754646.457195,1405150.791992,0.555556,0.444444,2822 2869 2905 2907 2909 2910 2912 2914 2992 2994 2996 2997 2998 2999 3001 3080 3082 3083 3084 3085 3086 3087 3088 3089 3165 3167 3169 3170 3171 3172 3173 3174 3251 3253 3255 3256 3257 3258 3259 3260 3339 3341 3342 3343 3344 3345 3426
moead,ns202,3,6,4900,98,86579083.056419,1372234.878906,0.666667,0.333333,2817 2822 2824 2905 2907 2909 2910 2912 2992 2994 2996 2997 2998 2999 3001 3080 3082 3083 3084 3085 3086 3087 3088 3089 3165 3167 3169 3170 3171 3172 3173 3174 3253 3254 3255 3256 3257 3258 3259 3260 3339 3341 3342 3343 3344 3345 3426
moead,ns202,3,7,4900,98,86464689.360236,1350198.793945,0.777778,0.222222,2824 2905 2907 2909 2910 2912 2994 2995 2996 2997 2998 2999 3000 3001 3080 3082 3083 3084 3085 3086 3087 3088 3089 3165 3167 3169 3170 3171 3172 3173 3174 3175 3253 3255 3256 3257 3258 3259 3260 3339 3340 3341 3342 3343 3344 3345 3426
moead,ns202,3,8,4900,98,86346888.751426,1321530.177734,0.888889,0.111111,2819 2905 2907 2909 2910 2912 2994 2995 2996 2997 2998 2999 3000 3001 3080 3082 3083 3084 3085 3086 3087 3088 3089 3165 3167 3169 3170 3171 3172 3173 3174 3175 3253 3254 3255 3256 3257 3258 3259 3260 3340 3341 3342 3343 3344 3345 3426
moead,ns202,3,9,4900,98,86297182.067867,1304693.587891,1.000000,0.000000,2819 2905 2907 2909 2910 2912 2994 2995 2996 2997 2998 2999 3000 3001 3080 3082 3083 3084 3085 3086 3087 3088 3089 3167 3169 3170 3171 3172 3173 3174 3175 3253 3254 3255 3256 3257 3258 3259 3260 3339 3340 3341 3342 3343 3344 3345 3428
moead,ns202,3,0,4950,99,111854066.772175,2008084.964844,0.000000,1.000000,1342 1470 1588 1614 1879 2212 2231 2270 2403 2433 2458 2611 2730 2978 3096 3313 3357 3449 3584 3751 3762 4419 4659 4778 5066 5300 5484 5632 5727 5858 5879 6375 6905 6945 7000 7095 7177 8080 8116 8211 8288 8485 8554 8592 8641 8768 8794
moead,ns202,3,1,4950,99,88950775.488639,1672939.048828,0.111111,0.888889,2776 2822 2824 2869 2905 2907 2909 2910 2912 2914 2916 2984 2990 2994 2996 2998 3049 3076 3080 3082 3084 3086 3088 3161 3167 3169 3171 3173 3175 3176 3251 3253 3255 3257 3259 3337 3339 3341 3343 3345 3424 3426 3428 8215 8265 8339 8341
moead,ns202,3,2,4950,99,87863647.034286,1555257.736328,0.222222,0.777778,2776 2822 2824 2869 2871 2905 2907 2909 2910 2912 2994 2996 2998 2999 3001 3076 3080 3082 3084 3086 3088 3161 3165 3167 3169 3171 3173 3174 3175 3176 3251 3253 3255 3257 3258 3259 3260 3337 3339 3341 3343 3344 3345 3424 3426 3428 8314
moead,ns202,3,3,4950,99,87311917.856565,1489922.531250,0.333333,0.666667,2776 2822 2824 2869 2905 2907 2909 2910 2912 2992 2994 2996 2997 2998 2999 3001 3080 3082 3084 3086 3087 3088 3089 3163 3165 3167 3169 3171 3172 3173 3174 3251 3253 3255 3256 3257 3258 3259 3260 3339 3341 3342 3343 3344 3424 3426 8314
moead,ns202,3,4,4950,99,86987465.953262,1439979.782227,0.444444,0.555556,2817 2822 2824 2905 2907 2909 2910 2912 2992 2994 2996 2997 2998 2999 3001 3080 3082 3084 3086 3087 3088 3089 3163 3165 3167 3169 3170 3171 3172 3173 3174 3251 3253 3255 3256 3257 3258 3259 3260 3339 3341 3342 3343 3344 3345 3426 8339
moead,ns202,3,5,4950,99,86754646.457195,1405150.791992,0.555556,0.444444,2822 2869 2905 2907 2909 2910 2912 2914 2992 2994 2996 2997 2998 2999 3001 3080 3082 3083 3084 3085 3086 3087 3088 3089 3165 3167 3169 3170 3171 3172 3173 3174 3251 3253 3255 3256 3257 3258 3259 3260 3339 3341 3342 3343 3344 3345 3426
moead,ns202,3,6,4950,99,86579083.056419,1372234.878906,0.666667,0.333333,2817 2822 2824 2905 2907 2909 2910 2912 2992 2994 2996 2997 2998 2999 3001 3080 3082 3083 3084 3085 3086 3087 3088 3089 3165 3167 3169 3170 3171 3172 3173 3174 3253 3254 3255 3256 3257 3258 3259 3260 3339 3341 3342 3343 3344 3345 3426
moead,ns202,3,7,4950,99,86464689.360236,1350198.793945,0.777778,0.222222,2824 2905 2907 2909 2910 2912 2994 2995 2996 2997 2998 2999 3000 3001 3080 3082 3083 3084 3085 3086 3087 3088 3089 3165 3167 3169 3170 3171 3172 3173 3174 3175 3253 3255 3256 3257 3258 3259 3260 3339 3340 3341 3342 3343 3344 3345 3426
moead,ns202,3,8,4950,99,86346888.751426,1321530.177734,0.888889,0.111111,2819 2905 2907 2909 2910 2912 2994 2995 2996 2997 2998 2999 3000 3001 3080 3082 3083 3084 3085 3086 3087 3088 3089 3165 3167 3169 3170 3171 3172 3173 3174 3175 3253 3254 3255 3256 3257 3258 3259 3260 3340 3341 3342 3343 3344 3345 3426
moead,ns202,3,9,4950,99,86280701.502060,1299596.453125,1.000000,0.000000,2819 2905 2907 2909 2910 2912 2994 2995 2996 2997 2998 2999 3000 3001 3080 3082 3083 3084 3085 3086 3087 3088 3089 3167 3169 3170 3171 3172 3173 3174 3175 3253 3254 3255 3256 3257 3258 3259 3260 3340 3341 3342 3343 3344 3345 3426 3428
moead,ns202,3,0,5000,100,112788433.231677,2008084.964844,0.000000,1.000000,1342 1470 1588 1614 1879 2212 2231 2270 2382 2433 2458 2530 2611 2730 2978 3096 3313 3357 3449 3751 3762 4190 4419 4659 4778 5066 5300 5484 5727 5858 5879 6375 6905 6945 7000 7095 7177 8080 8116 8211 8288 8485 8554 8592 8641 8768 8794
moead,ns202,3,1,5000,100,88950775.488639,1672939.048828,0.111111,0.888889,2776 2822 2824 2869 2905 2907 2909 2910 2912 2914 2916 2984 2990 2994 2996 2998 3049 3076 3080 3082 3084 3086 3088 3161 3167 3169 3171 3173 3175 3176 3251 3253 3255 3257 3259 3337 3339 3341 3343 3345 3424 3426 3428 8215 8265 8339 8341
moead,ns202,3,2,5000,100,87863647.034286,1555257.736328,0.222222,0.777778,2776 2822 2824 2869 2871 2905 2907 2909 2910 2912 2994 2996 2998 2999 3001 3076 3080 3082 3084 3086 3088 3161 3165 3167 3169 3171 3173 3174 3175 3176 3251 3253 3255 3257 3258 3259 3260 3337 3339 3341 3343 3344 3345 3424 3426 3428 8314
moead,ns202,3,3,5000,100,87311917.856565,1489922.531250,0.333333,0.666667,2776 2822 2824 2869 2905 2907 2909 2910 2912 2992 2994 2996 2997 2998 2999 3001 3080 3082 3084 3086 3087 3088 3089 3163 3165 3167 3169 3171 3172 3173 3174 3251 3253 3255 3256 3257 3258 3259 3260 3339 3341 3342 3343 3344 3424 3426 8314
moead,ns202,3,4,5000,100,86987465.953262,1439979.782227,0.444444,0.555556,2817 2822 2824 2905 2907 2909 2910 2912 2992 2994 2996 2997 2998 2999 3001 3080 3082 3084 3086 3087 3088 3089 3163 3165 3167 3169 3170 3171 3172 3173 3174 3251 3253 3255 3256 3257 3258 3259 3260 3339 3341 3342 3343 3344 3345 3426 8339
moead,ns202,3,5,5000,100,86754646.457195,1405150.791992,0.555556,0.444444,2822 2869 2905 2907 2909 2910 2912 2914 2992 2994 2996 2997 2998 2999 3001 3080 3082 3083 3084 3085 3086 3087 3088 3089 3165 3167 3169 3170 3171 3172 3173 3174 3251 3253 3255 3256 3257 3258 3259 3260 3339 3341 3342 3343 3344 3345 3426
moead,ns202,3,6,5000,100,86579083.056419,1372234.878906,0.666667,0.333333,2817 2822 2824 2905 2907 2909 2910 2912 2992 2994 2996 2997 2998 2999 3001 3080 3082 3083 3084 3085 3086 3087 3088 3089 3165 3167 3169 3170 3171 3172 3173 3174 3253 3254 3255 3256 3257 3258 3259 3260 3339 3341 3342 3343 3344 3345 3426
moead,ns202,3,7,5000,100,86464689.360236,1350198.793945,0.777778,0.222222,2824 2905 2907 2909 2910 2912 2994 2995 2996 2997 2998 2999 3000 3001 3080 3082 3083 3084 3085 3086 3087 3088 3089 3165 3167 3169 3170 3171 3172 3173 3174 3175 3253 3255 3256 3257 3258 3259 3260 3339 3340 3341 3342 3343 3344 3345 3426
moead,ns202,3,8,5000,100,86357861.721219,1322709.532227,0.888889,0.111111,2819 2905 2907 2910 2912 2994 2995 2996 2997 2998 2999 3000 3001 3080 3082 3083 3084 3085 3086 3087 3088 3089 3165 3167 3169 3170 3171 3172 3173 3174 3175 3253 3254 3255 3256 3257 3258 3259 3260 3340 3341 3342 3343 3344 3345 3426 3428
moead,ns202,3,9,5000,100,86280701.502060,1299596.453125,1.000000,0.000000,2819 2905 2907 2909 2910 2912 2994 2995 2996 2997 2998 2999 3000 3001 3080 3082 3083 3084 3085 3086 3087 3088 3089 3167 3169 3170 3171 3172 3173 3174 3175 3253 3254 3255 3256 3257 3258 3259 3260 3340 3341 3342 3343 3344 3345 3426 3428
