111034.3085454683 135851.4273382460
118878.4429256534 135851.4273382460
111034.3085454683 135531.4766111667
118878.4429256534 135531.4766111667
110874.2241703624 135211.5258840873
111034.3085454683 135211.5258840873
111514.5616707857 135211.5258840873
119358.6960509709 135051.5505205476
110714.1397952566 134891.5751570079
111514.5616707857 134891.5751570079
119038.5273007592 134731.5997934683
110393.9710450450 134571.6244299286
110554.0554201508 134571.6244299286
110714.1397952566 134571.6244299286
111034.3085454683 134571.6244299286
111354.4772956799 134571.6244299286
110073.8022948333 134251.6737028492
110233.8866699392 134251.6737028492
110554.0554201508 134251.6737028492
110874.2241703624 134251.6737028492
111034.3085454683 134251.6737028492
110073.8022948333 133931.7229757699
110393.9710450450 133931.7229757699
110714.1397952566 133931.7229757699
110554.0554201508 133611.7722486905
110714.1397952566 133611.7722486905
110393.9710450450 133291.8215216111
110554.0554201508 133291.8215216111
110714.1397952566 132971.8707945317
110554.0554201508 132651.9200674524
116797.3460492778 130892.1910685159
116957.4304243836 130572.2403414365
116957.4304243836 130252.2896143572
116637.2616741720 129932.3388872778
126082.2398054154 127532.7084341825
126402.4085556270 127052.7823435635
125922.1554303095 125293.0533446270
126242.3241805212 124973.1026175476
126082.2398054154 124493.1765269286
126082.2398054154 124173.2257998492
126082.2398054154 123693.2997092302
125922.1554303095 123373.3489821508
126402.4085556270 120493.7924384365
126562.4929307328 120173.8417113571
127522.9991813677 119693.9156207381
127683.0835564736 119373.9648936587
128003.2523066852 119054.0141665793

118558.2741754418 135851.4273382460
111034.3085454683 135531.4766111667
118878.4429256534 135531.4766111667
111034.3085454683 135211.5258840873
111514.5616707857 135211.5258840873
119358.6960509709 135051.5505205476
110714.1397952566 134891.5751570079
110874.2241703624 134891.5751570079
111194.3929205741 134891.5751570079
111514.5616707857 134891.5751570079
119038.5273007592 134731.5997934683
110233.8866699392 134571.6244299286
110393.9710450450 134571.6244299286
110554.0554201508 134571.6244299286
110714.1397952566 134571.6244299286
110874.2241703624 134571.6244299286
111034.3085454683 134571.6244299286
111354.4772956799 134571.6244299286
110073.8022948333 134251.6737028492
110233.8866699392 134251.6737028492
110393.9710450450 134251.6737028492
110554.0554201508 134251.6737028492
110714.1397952566 134251.6737028492
110874.2241703624 134251.6737028492
111194.3929205741 134251.6737028492
111354.4772956799 134251.6737028492
109913.7179197275 133931.7229757699
110233.8866699392 133931.7229757699
110393.9710450450 133931.7229757699
110554.0554201508 133931.7229757699
110714.1397952566 133931.7229757699
110874.2241703624 133931.7229757699
111034.3085454683 133931.7229757699
110233.8866699392 133611.7722486905
110393.9710450450 133611.7722486905
110554.0554201508 133611.7722486905
110714.1397952566 133611.7722486905
110393.9710450450 133291.8215216111
110554.0554201508 133291.8215216111
110714.1397952566 133291.8215216111
128003.2523066852 119054.0141665793
127683.0835564736 119373.9648936587
127522.9991813677 119693.9156207381
126562.4929307328 120173.8417113571
126242.3241805212 124333.2011633889
110714.1397952566 132971.8707945317
110073.8022948333 133931.7229757699

111034.3085454683 135531.4766111667
118878.4429256534 135531.4766111667
110874.2241703624 135211.5258840873
111514.5616707857 135211.5258840873
119358.6960509709 135051.5505205476
110714.1397952566 134891.5751570079
110874.2241703624 134891.5751570079
111194.3929205741 134891.5751570079
111514.5616707857 134891.5751570079
119038.5273007592 134731.5997934683
110233.8866699392 134571.6244299286
110554.0554201508 134571.6244299286
110714.1397952566 134571.6244299286
111034.3085454683 134571.6244299286
111354.4772956799 134571.6244299286
110073.8022948333 134251.6737028492
110233.8866699392 134251.6737028492
110554.0554201508 134251.6737028492
110874.2241703624 134251.6737028492
111034.3085454683 134251.6737028492
110073.8022948333 133931.7229757699
110393.9710450450 133931.7229757699
110554.0554201508 133931.7229757699
110714.1397952566 133931.7229757699
110874.2241703624 133931.7229757699
111034.3085454683 133931.7229757699
110233.8866699392 133611.7722486905
110393.9710450450 133611.7722486905
110554.0554201508 133611.7722486905
110714.1397952566 133611.7722486905
110393.9710450450 133291.8215216111
110554.0554201508 133291.8215216111
110714.1397952566 132971.8707945317
128003.2523066852 119054.0141665793
127683.0835564736 119373.9648936587
127522.9991813677 119693.9156207381
126562.4929307328 120173.8417113571
126242.3241805212 124333.2011633889
110714.1397952566 133291.8215216111
110233.8866699392 133931.7229757699
109913.7179197275 133931.7229757699
110233.8866699392 134091.6983393095
111354.4772956799 134251.6737028492
111194.3929205741 134251.6737028492
110714.1397952566 134251.6737028492
110393.9710450450 134251.6737028492
110874.2241703624 134571.6244299286

111034.3085454683 135531.4766111667
118878.4429256534 135531.4766111667
110874.2241703624 135211.5258840873
111514.5616707857 135211.5258840873
119358.6960509709 135051.5505205476
110233.8866699392 134891.5751570079
110554.0554201508 134891.5751570079
110714.1397952566 134891.5751570079
110874.2241703624 134891.5751570079
111514.5616707857 134891.5751570079
119038.5273007592 134731.5997934683
110233.8866699392 134571.6244299286
110393.9710450450 134571.6244299286
110554.0554201508 134571.6244299286
110714.1397952566 134571.6244299286
110874.2241703624 134571.6244299286
111034.3085454683 134571.6244299286
111354.4772956799 134571.6244299286
109753.6335446217 134251.6737028492
110073.8022948333 134251.6737028492
110233.8866699392 134251.6737028492
110393.9710450450 134251.6737028492
110554.0554201508 134251.6737028492
110714.1397952566 134251.6737028492
110874.2241703624 134251.6737028492
111034.3085454683 134251.6737028492
111194.3929205741 134251.6737028492
111354.4772956799 134251.6737028492
110073.8022948333 134091.6983393095
109913.7179197275 133931.7229757699
110073.8022948333 133931.7229757699
110233.8866699392 133931.7229757699
110393.9710450450 133931.7229757699
110554.0554201508 133931.7229757699
110714.1397952566 133931.7229757699
110874.2241703624 133931.7229757699
111034.3085454683 133931.7229757699
111354.4772956799 133931.7229757699
110233.8866699392 133611.7722486905
110393.9710450450 133611.7722486905
110554.0554201508 133611.7722486905
110714.1397952566 133611.7722486905
110393.9710450450 133291.8215216111
110554.0554201508 133291.8215216111
127683.0835564736 119373.9648936587
127522.9991813677 119693.9156207381
110714.1397952566 133771.7476122302

111034.3085454683 135531.4766111667
118878.4429256534 135531.4766111667
111034.3085454683 135211.5258840873
111514.5616707857 135211.5258840873
119358.6960509709 135051.5505205476
110233.8866699392 134891.5751570079
110554.0554201508 134891.5751570079
110714.1397952566 134891.5751570079
110874.2241703624 134891.5751570079
111514.5616707857 134891.5751570079
119038.5273007592 134731.5997934683
110233.8866699392 134571.6244299286
110393.9710450450 134571.6244299286
110554.0554201508 134571.6244299286
110714.1397952566 134571.6244299286
110874.2241703624 134571.6244299286
111034.3085454683 134571.6244299286
111354.4772956799 134571.6244299286
109753.6335446217 134251.6737028492
110073.8022948333 134251.6737028492
110233.8866699392 134251.6737028492
110393.9710450450 134251.6737028492
110554.0554201508 134251.6737028492
110714.1397952566 134251.6737028492
110874.2241703624 134251.6737028492
111034.3085454683 134251.6737028492
111194.3929205741 134251.6737028492
111354.4772956799 134251.6737028492
110073.8022948333 134091.6983393095
109913.7179197275 133931.7229757699
110073.8022948333 133931.7229757699
110233.8866699392 133931.7229757699
110393.9710450450 133931.7229757699
110554.0554201508 133931.7229757699
110714.1397952566 133931.7229757699
110874.2241703624 133931.7229757699
111034.3085454683 133931.7229757699
111354.4772956799 133931.7229757699
110233.8866699392 133611.7722486905
110393.9710450450 133611.7722486905
110554.0554201508 133611.7722486905
110714.1397952566 133611.7722486905
128003.2523066852 119054.0141665793
127683.0835564736 119373.9648936587
127522.9991813677 119693.9156207381
126562.4929307328 120173.8417113571
110714.1397952566 133291.8215216111

111034.3085454683 135531.4766111667
118878.4429256534 135531.4766111667
110874.2241703624 135211.5258840873
111034.3085454683 135211.5258840873
111514.5616707857 135211.5258840873
119358.6960509709 135051.5505205476
110714.1397952566 134891.5751570079
110874.2241703624 134891.5751570079
111194.3929205741 134891.5751570079
111514.5616707857 134891.5751570079
119038.5273007592 134731.5997934683
110233.8866699392 134571.6244299286
110393.9710450450 134571.6244299286
110554.0554201508 134571.6244299286
110714.1397952566 134571.6244299286
110874.2241703624 134571.6244299286
111034.3085454683 134571.6244299286
111354.4772956799 134571.6244299286
110073.8022948333 134251.6737028492
110233.8866699392 134251.6737028492
110393.9710450450 134251.6737028492
110554.0554201508 134251.6737028492
110714.1397952566 134251.6737028492
110874.2241703624 134251.6737028492
111194.3929205741 134251.6737028492
111354.4772956799 134251.6737028492
109913.7179197275 133931.7229757699
110233.8866699392 133931.7229757699
110393.9710450450 133931.7229757699
110554.0554201508 133931.7229757699
110714.1397952566 133931.7229757699
110874.2241703624 133931.7229757699
111034.3085454683 133931.7229757699
110233.8866699392 133611.7722486905
110393.9710450450 133611.7722486905
110554.0554201508 133611.7722486905
110714.1397952566 133611.7722486905
110393.9710450450 133291.8215216111
110554.0554201508 133291.8215216111
110714.1397952566 133291.8215216111
128003.2523066852 119054.0141665793
127683.0835564736 119373.9648936587
127522.9991813677 119693.9156207381
126562.4929307328 120173.8417113571
126242.3241805212 124333.2011633889
110073.8022948333 133931.7229757699
110233.8866699392 134091.6983393095

111034.3085454683 135531.4766111667
118878.4429256534 135531.4766111667
110874.2241703624 135211.5258840873
111034.3085454683 135211.5258840873
111514.5616707857 135211.5258840873
110554.0554201508 134891.5751570079
110714.1397952566 134891.5751570079
110874.2241703624 134891.5751570079
111194.3929205741 134891.5751570079
111514.5616707857 134891.5751570079
127683.0835564736 119373.9648936587
127522.9991813677 119693.9156207381
110554.0554201508 133291.8215216111
110393.9710450450 133291.8215216111
110714.1397952566 133611.7722486905
110554.0554201508 133611.7722486905
110393.9710450450 133611.7722486905
110233.8866699392 133611.7722486905
110714.1397952566 133771.7476122302
111354.4772956799 133931.7229757699
111034.3085454683 133931.7229757699
110874.2241703624 133931.7229757699
110714.1397952566 133931.7229757699
110554.0554201508 133931.7229757699
110393.9710450450 133931.7229757699
110233.8866699392 133931.7229757699
109913.7179197275 133931.7229757699
110233.8866699392 134091.6983393095
110073.8022948333 134091.6983393095
111354.4772956799 134251.6737028492
111194.3929205741 134251.6737028492
111034.3085454683 134251.6737028492
110874.2241703624 134251.6737028492
110714.1397952566 134251.6737028492
110554.0554201508 134251.6737028492
110393.9710450450 134251.6737028492
110233.8866699392 134251.6737028492
110073.8022948333 134251.6737028492
109753.6335446217 134251.6737028492
111354.4772956799 134571.6244299286
111034.3085454683 134571.6244299286
110874.2241703624 134571.6244299286
110714.1397952566 134571.6244299286
110554.0554201508 134571.6244299286
110393.9710450450 134571.6244299286
110233.8866699392 134571.6244299286
119038.5273007592 134731.5997934683

118558.2741754418 135851.4273382460
111034.3085454683 135531.4766111667
118878.4429256534 135531.4766111667
110874.2241703624 135211.5258840873
111514.5616707857 135211.5258840873
119358.6960509709 135051.5505205476
110714.1397952566 134891.5751570079
110874.2241703624 134891.5751570079
111514.5616707857 134891.5751570079
119038.5273007592 134731.5997934683
110233.8866699392 134571.6244299286
110393.9710450450 134571.6244299286
110714.1397952566 134571.6244299286
111034.3085454683 134571.6244299286
111354.4772956799 134571.6244299286
110073.8022948333 134251.6737028492
110233.8866699392 134251.6737028492
110554.0554201508 134251.6737028492
110874.2241703624 134251.6737028492
111034.3085454683 134251.6737028492
111354.4772956799 134251.6737028492
109913.7179197275 133931.7229757699
110073.8022948333 133931.7229757699
110233.8866699392 133931.7229757699
110393.9710450450 133931.7229757699
110554.0554201508 133931.7229757699
111034.3085454683 133931.7229757699
110233.8866699392 133611.7722486905
110393.9710450450 133611.7722486905
110554.0554201508 133611.7722486905
110714.1397952566 133611.7722486905
110393.9710450450 133291.8215216111
110554.0554201508 133291.8215216111
110714.1397952566 132971.8707945317
110554.0554201508 132651.9200674524
116797.3460492778 130892.1910685159
116957.4304243836 130572.2403414365
116957.4304243836 130252.2896143572
116637.2616741720 129932.3388872778
126082.2398054154 124493.1765269286
126082.2398054154 124173.2257998492
128003.2523066852 119054.0141665793
127683.0835564736 119373.9648936587
127522.9991813677 119693.9156207381
126562.4929307328 120173.8417113571
126402.4085556270 120493.7924384365
125922.1554303095 123373.3489821508

111034.3085454683 135531.4766111667
118878.4429256534 135531.4766111667
110874.2241703624 135211.5258840873
111034.3085454683 135211.5258840873
111514.5616707857 135211.5258840873
119358.6960509709 135051.5505205476
110714.1397952566 134891.5751570079
110874.2241703624 134891.5751570079
111194.3929205741 134891.5751570079
111514.5616707857 134891.5751570079
119038.5273007592 134731.5997934683
110233.8866699392 134571.6244299286
110393.9710450450 134571.6244299286
110554.0554201508 134571.6244299286
110714.1397952566 134571.6244299286
110874.2241703624 134571.6244299286
111034.3085454683 134571.6244299286
111354.4772956799 134571.6244299286
110073.8022948333 134251.6737028492
110233.8866699392 134251.6737028492
110393.9710450450 134251.6737028492
110554.0554201508 134251.6737028492
110714.1397952566 134251.6737028492
110874.2241703624 134251.6737028492
111194.3929205741 134251.6737028492
111354.4772956799 134251.6737028492
109913.7179197275 133931.7229757699
110233.8866699392 133931.7229757699
110393.9710450450 133931.7229757699
110554.0554201508 133931.7229757699
110714.1397952566 133931.7229757699
110874.2241703624 133931.7229757699
111034.3085454683 133931.7229757699
110233.8866699392 133611.7722486905
110393.9710450450 133611.7722486905
110554.0554201508 133611.7722486905
110714.1397952566 133611.7722486905
110393.9710450450 133291.8215216111
110554.0554201508 133291.8215216111
110714.1397952566 133291.8215216111
128003.2523066852 119054.0141665793
127683.0835564736 119373.9648936587
127522.9991813677 119693.9156207381
126562.4929307328 120173.8417113571
110073.8022948333 133931.7229757699
110233.8866699392 134091.6983393095
110073.8022948333 134091.6983393095

118558.2741754418 135851.4273382460
111034.3085454683 135531.4766111667
118878.4429256534 135531.4766111667
111034.3085454683 135211.5258840873
111514.5616707857 135211.5258840873
119358.6960509709 135051.5505205476
110714.1397952566 134891.5751570079
110874.2241703624 134891.5751570079
111194.3929205741 134891.5751570079
111514.5616707857 134891.5751570079
119038.5273007592 134731.5997934683
110233.8866699392 134571.6244299286
110393.9710450450 134571.6244299286
110554.0554201508 134571.6244299286
110714.1397952566 134571.6244299286
110874.2241703624 134571.6244299286
111034.3085454683 134571.6244299286
111354.4772956799 134571.6244299286
110073.8022948333 134251.6737028492
110233.8866699392 134251.6737028492
110393.9710450450 134251.6737028492
110554.0554201508 134251.6737028492
110714.1397952566 134251.6737028492
110874.2241703624 134251.6737028492
111194.3929205741 134251.6737028492
110874.2241703624 135531.4766111667
109913.7179197275 133931.7229757699
110233.8866699392 133931.7229757699
110393.9710450450 133931.7229757699
110554.0554201508 133931.7229757699
110714.1397952566 133931.7229757699
110874.2241703624 133931.7229757699
111034.3085454683 133931.7229757699
110233.8866699392 133611.7722486905
110393.9710450450 133611.7722486905
110554.0554201508 133611.7722486905
110714.1397952566 133611.7722486905
110393.9710450450 133291.8215216111
110554.0554201508 133291.8215216111
116957.4304243836 130732.2157049762
126082.2398054154 124493.1765269286
126082.2398054154 124173.2257998492
126402.4085556270 120493.7924384365
126562.4929307328 120173.8417113571
127522.9991813677 119693.9156207381
128003.2523066852 119054.0141665793
127683.0835564736 119373.9648936587

111034.3085454683 135531.4766111667
118878.4429256534 135531.4766111667
110874.2241703624 135211.5258840873
111034.3085454683 135211.5258840873
111514.5616707857 135211.5258840873
110554.0554201508 134891.5751570079
110714.1397952566 134891.5751570079
110874.2241703624 134891.5751570079
111194.3929205741 134891.5751570079
111514.5616707857 134891.5751570079
119038.5273007592 134731.5997934683
110233.8866699392 134571.6244299286
110393.9710450450 134571.6244299286
110554.0554201508 134571.6244299286
110714.1397952566 134571.6244299286
110874.2241703624 134571.6244299286
111034.3085454683 134571.6244299286
111354.4772956799 134571.6244299286
110073.8022948333 134251.6737028492
110233.8866699392 134251.6737028492
110393.9710450450 134251.6737028492
110554.0554201508 134251.6737028492
110714.1397952566 134251.6737028492
110874.2241703624 134251.6737028492
111194.3929205741 134251.6737028492
111354.4772956799 134251.6737028492
109913.7179197275 133931.7229757699
110233.8866699392 133931.7229757699
110393.9710450450 133931.7229757699
110554.0554201508 133931.7229757699
110714.1397952566 133931.7229757699
110874.2241703624 133931.7229757699
111034.3085454683 133931.7229757699
110233.8866699392 133611.7722486905
110393.9710450450 133611.7722486905
110554.0554201508 133611.7722486905
110714.1397952566 133611.7722486905
110393.9710450450 133291.8215216111
110554.0554201508 133291.8215216111
110714.1397952566 133291.8215216111
110714.1397952566 133771.7476122302
110393.9710450450 133771.7476122302
111354.4772956799 133931.7229757699
110073.8022948333 133931.7229757699
110233.8866699392 134091.6983393095
110073.8022948333 134091.6983393095
111034.3085454683 134251.6737028492

118558.2741754418 135851.4273382460
111034.3085454683 135531.4766111667
118878.4429256534 135531.4766111667
111034.3085454683 135211.5258840873
111514.5616707857 135211.5258840873
119358.6960509709 135051.5505205476
110714.1397952566 134891.5751570079
110874.2241703624 134891.5751570079
111194.3929205741 134891.5751570079
111514.5616707857 134891.5751570079
119038.5273007592 134731.5997934683
110233.8866699392 134571.6244299286
110393.9710450450 134571.6244299286
110554.0554201508 134571.6244299286
110714.1397952566 134571.6244299286
110874.2241703624 134571.6244299286
111034.3085454683 134571.6244299286
111354.4772956799 134571.6244299286
110073.8022948333 134251.6737028492
110233.8866699392 134251.6737028492
110393.9710450450 134251.6737028492
110554.0554201508 134251.6737028492
110714.1397952566 134251.6737028492
110874.2241703624 134251.6737028492
111194.3929205741 134251.6737028492
111354.4772956799 134251.6737028492
109913.7179197275 133931.7229757699
110073.8022948333 133931.7229757699
110233.8866699392 133931.7229757699
110393.9710450450 133931.7229757699
110554.0554201508 133931.7229757699
110714.1397952566 133931.7229757699
110874.2241703624 133931.7229757699
111034.3085454683 133931.7229757699
110233.8866699392 133611.7722486905
110393.9710450450 133611.7722486905
110554.0554201508 133611.7722486905
110714.1397952566 133611.7722486905
110393.9710450450 133291.8215216111
110554.0554201508 133291.8215216111
128003.2523066852 119054.0141665793
127683.0835564736 119373.9648936587
127522.9991813677 119693.9156207381
126562.4929307328 120173.8417113571
126402.4085556270 120493.7924384365
126082.2398054154 124173.2257998492
126082.2398054154 124493.1765269286

118558.2741754418 135851.4273382460
111034.3085454683 135531.4766111667
118878.4429256534 135531.4766111667
111034.3085454683 135211.5258840873
111514.5616707857 135211.5258840873
119358.6960509709 135051.5505205476
110714.1397952566 134891.5751570079
110874.2241703624 134891.5751570079
111194.3929205741 134891.5751570079
111514.5616707857 134891.5751570079
119038.5273007592 134731.5997934683
110233.8866699392 134571.6244299286
110393.9710450450 134571.6244299286
110554.0554201508 134571.6244299286
110714.1397952566 134571.6244299286
110874.2241703624 134571.6244299286
111034.3085454683 134571.6244299286
111354.4772956799 134571.6244299286
128003.2523066852 119054.0141665793
127683.0835564736 119373.9648936587
127522.9991813677 119693.9156207381
126562.4929307328 120173.8417113571
117117.5147994894 130092.3142508174
110554.0554201508 133291.8215216111
110393.9710450450 133291.8215216111
110714.1397952566 133611.7722486905
110554.0554201508 133611.7722486905
110393.9710450450 133611.7722486905
110233.8866699392 133611.7722486905
111034.3085454683 133931.7229757699
110874.2241703624 133931.7229757699
110714.1397952566 133931.7229757699
110554.0554201508 133931.7229757699
110393.9710450450 133931.7229757699
110233.8866699392 133931.7229757699
110073.8022948333 133931.7229757699
109913.7179197275 133931.7229757699
110073.8022948333 134091.6983393095
111354.4772956799 134251.6737028492
111194.3929205741 134251.6737028492
111034.3085454683 134251.6737028492
110874.2241703624 134251.6737028492
110714.1397952566 134251.6737028492
110554.0554201508 134251.6737028492
110393.9710450450 134251.6737028492
110233.8866699392 134251.6737028492
110073.8022948333 134251.6737028492

111034.3085454683 135531.4766111667
118878.4429256534 135531.4766111667
111034.3085454683 135211.5258840873
111514.5616707857 135211.5258840873
119358.6960509709 135051.5505205476
110233.8866699392 134891.5751570079
110554.0554201508 134891.5751570079
110714.1397952566 134891.5751570079
110874.2241703624 134891.5751570079
111514.5616707857 134891.5751570079
119038.5273007592 134731.5997934683
110233.8866699392 134571.6244299286
110393.9710450450 134571.6244299286
110554.0554201508 134571.6244299286
110714.1397952566 134571.6244299286
110874.2241703624 134571.6244299286
111034.3085454683 134571.6244299286
111354.4772956799 134571.6244299286
110073.8022948333 134251.6737028492
110233.8866699392 134251.6737028492
110393.9710450450 134251.6737028492
110554.0554201508 134251.6737028492
110714.1397952566 134251.6737028492
110874.2241703624 134251.6737028492
111034.3085454683 134251.6737028492
111194.3929205741 134251.6737028492
111354.4772956799 134251.6737028492
110073.8022948333 134091.6983393095
109913.7179197275 133931.7229757699
110073.8022948333 133931.7229757699
110233.8866699392 133931.7229757699
110393.9710450450 133931.7229757699
110554.0554201508 133931.7229757699
110714.1397952566 133931.7229757699
110874.2241703624 133931.7229757699
111034.3085454683 133931.7229757699
110233.8866699392 133611.7722486905
110393.9710450450 133611.7722486905
110554.0554201508 133611.7722486905
110714.1397952566 133611.7722486905
110393.9710450450 133291.8215216111
110554.0554201508 133291.8215216111
128003.2523066852 119054.0141665793
127683.0835564736 119373.9648936587
127522.9991813677 119693.9156207381
126562.4929307328 120173.8417113571
126242.3241805212 124333.2011633889

111034.3085454683 135531.4766111667
118878.4429256534 135531.4766111667
111034.3085454683 135211.5258840873
111514.5616707857 135211.5258840873
119358.6960509709 135051.5505205476
110554.0554201508 134891.5751570079
110714.1397952566 134891.5751570079
110874.2241703624 134891.5751570079
111514.5616707857 134891.5751570079
119038.5273007592 134731.5997934683
110233.8866699392 134571.6244299286
110393.9710450450 134571.6244299286
110554.0554201508 134571.6244299286
110714.1397952566 134571.6244299286
110874.2241703624 134571.6244299286
111034.3085454683 134571.6244299286
111354.4772956799 134571.6244299286
110393.9710450450 134411.6490663889
110714.1397952566 134411.6490663889
109753.6335446217 134251.6737028492
110073.8022948333 134251.6737028492
110233.8866699392 134251.6737028492
110393.9710450450 134251.6737028492
110554.0554201508 134251.6737028492
110714.1397952566 134251.6737028492
110874.2241703624 134251.6737028492
111034.3085454683 134251.6737028492
111194.3929205741 134251.6737028492
110073.8022948333 133451.7968851508
110073.8022948333 134091.6983393095
110233.8866699392 134091.6983393095
110073.8022948333 133931.7229757699
110233.8866699392 133931.7229757699
110393.9710450450 133931.7229757699
110554.0554201508 133931.7229757699
110714.1397952566 133931.7229757699
110874.2241703624 133931.7229757699
111034.3085454683 133931.7229757699
111354.4772956799 133931.7229757699
110393.9710450450 133771.7476122302
110714.1397952566 133771.7476122302
110233.8866699392 133611.7722486905
110393.9710450450 133611.7722486905
110554.0554201508 133611.7722486905
110714.1397952566 133611.7722486905
110393.9710450450 133291.8215216111
110554.0554201508 133291.8215216111

118558.2741754418 135851.4273382460
111034.3085454683 135531.4766111667
118878.4429256534 135531.4766111667
111034.3085454683 135211.5258840873
111514.5616707857 135211.5258840873
119358.6960509709 135051.5505205476
110714.1397952566 134891.5751570079
110874.2241703624 134891.5751570079
111194.3929205741 134891.5751570079
111514.5616707857 134891.5751570079
119038.5273007592 134731.5997934683
110233.8866699392 134571.6244299286
110393.9710450450 134571.6244299286
110554.0554201508 134571.6244299286
110714.1397952566 134571.6244299286
110874.2241703624 134571.6244299286
111034.3085454683 134571.6244299286
111354.4772956799 134571.6244299286
110073.8022948333 134251.6737028492
110233.8866699392 134251.6737028492
110393.9710450450 134251.6737028492
110554.0554201508 134251.6737028492
110714.1397952566 134251.6737028492
110874.2241703624 134251.6737028492
111194.3929205741 134251.6737028492
111354.4772956799 134251.6737028492
109913.7179197275 133931.7229757699
110233.8866699392 133931.7229757699
110393.9710450450 133931.7229757699
110554.0554201508 133931.7229757699
110714.1397952566 133931.7229757699
110874.2241703624 133931.7229757699
111034.3085454683 133931.7229757699
110233.8866699392 133611.7722486905
110393.9710450450 133611.7722486905
110554.0554201508 133611.7722486905
110714.1397952566 133611.7722486905
110393.9710450450 133291.8215216111
110554.0554201508 133291.8215216111
128003.2523066852 119054.0141665793
127683.0835564736 119373.9648936587
127522.9991813677 119693.9156207381
126562.4929307328 120173.8417113571
126402.4085556270 120493.7924384365
126082.2398054154 124173.2257998492
126082.2398054154 124493.1765269286
116957.4304243836 130732.2157049762

118398.1898003360 136651.3041559445
118558.2741754418 136331.3534288651
111034.3085454683 135851.4273382460
118878.4429256534 135851.4273382460
111034.3085454683 135531.4766111667
118878.4429256534 135531.4766111667
110874.2241703624 135211.5258840873
119358.6960509709 135051.5505205476
110714.1397952566 134891.5751570079
111514.5616707857 134891.5751570079
119038.5273007592 134731.5997934683
110554.0554201508 134571.6244299286
110714.1397952566 134571.6244299286
111034.3085454683 134571.6244299286
111354.4772956799 134571.6244299286
110073.8022948333 134251.6737028492
110233.8866699392 134251.6737028492
110874.2241703624 134251.6737028492
111034.3085454683 134251.6737028492
110073.8022948333 133931.7229757699
110393.9710450450 133931.7229757699
110714.1397952566 133931.7229757699
110393.9710450450 133611.7722486905
110554.0554201508 133611.7722486905
110714.1397952566 133611.7722486905
110393.9710450450 133291.8215216111
110554.0554201508 133291.8215216111
110714.1397952566 132971.8707945317
110554.0554201508 132651.9200674524
116797.3460492778 130892.1910685159
116957.4304243836 130572.2403414365
116957.4304243836 130252.2896143572
116637.2616741720 129932.3388872778
126082.2398054154 127532.7084341825
126402.4085556270 127052.7823435635
125922.1554303095 125293.0533446270
126242.3241805212 124973.1026175476
126082.2398054154 124493.1765269286
126082.2398054154 124173.2257998492
126082.2398054154 123693.2997092302
125922.1554303095 123373.3489821508
125762.0710552037 122733.4475279921
126402.4085556270 120493.7924384365
126562.4929307328 120173.8417113571
127522.9991813677 119693.9156207381
127683.0835564736 119373.9648936587
128003.2523066852 119054.0141665793

111034.3085454683 135531.4766111667
118878.4429256534 135531.4766111667
110874.2241703624 135211.5258840873
111034.3085454683 135211.5258840873
111514.5616707857 135211.5258840873
128003.2523066852 119054.0141665793
127683.0835564736 119373.9648936587
127522.9991813677 119693.9156207381
110554.0554201508 133291.8215216111
110393.9710450450 133291.8215216111
110714.1397952566 133611.7722486905
110554.0554201508 133611.7722486905
110393.9710450450 133611.7722486905
110233.8866699392 133611.7722486905
111354.4772956799 133931.7229757699
111034.3085454683 133931.7229757699
110874.2241703624 133931.7229757699
110714.1397952566 133931.7229757699
110554.0554201508 133931.7229757699
110393.9710450450 133931.7229757699
110233.8866699392 133931.7229757699
110073.8022948333 133931.7229757699
109913.7179197275 133931.7229757699
110073.8022948333 134091.6983393095
111354.4772956799 134251.6737028492
111194.3929205741 134251.6737028492
111034.3085454683 134251.6737028492
110874.2241703624 134251.6737028492
110714.1397952566 134251.6737028492
110554.0554201508 134251.6737028492
110393.9710450450 134251.6737028492
110233.8866699392 134251.6737028492
110073.8022948333 134251.6737028492
109753.6335446217 134251.6737028492
111354.4772956799 134571.6244299286
111034.3085454683 134571.6244299286
110874.2241703624 134571.6244299286
110714.1397952566 134571.6244299286
110554.0554201508 134571.6244299286
110393.9710450450 134571.6244299286
110233.8866699392 134571.6244299286
119038.5273007592 134731.5997934683
111514.5616707857 134891.5751570079
110874.2241703624 134891.5751570079
110714.1397952566 134891.5751570079
110554.0554201508 134891.5751570079
110233.8866699392 134891.5751570079

111034.3085454683 135531.4766111667
118878.4429256534 135531.4766111667
111034.3085454683 135211.5258840873
111514.5616707857 135211.5258840873
119358.6960509709 135051.5505205476
110233.8866699392 134891.5751570079
110554.0554201508 134891.5751570079
110714.1397952566 134891.5751570079
110874.2241703624 134891.5751570079
111514.5616707857 134891.5751570079
119038.5273007592 134731.5997934683
110233.8866699392 134571.6244299286
110393.9710450450 134571.6244299286
110554.0554201508 134571.6244299286
110714.1397952566 134571.6244299286
110874.2241703624 134571.6244299286
111034.3085454683 134571.6244299286
111354.4772956799 134571.6244299286
109753.6335446217 134251.6737028492
110073.8022948333 134251.6737028492
110233.8866699392 134251.6737028492
110393.9710450450 134251.6737028492
110554.0554201508 134251.6737028492
110714.1397952566 134251.6737028492
110874.2241703624 134251.6737028492
111034.3085454683 134251.6737028492
111194.3929205741 134251.6737028492
111354.4772956799 134251.6737028492
110073.8022948333 134091.6983393095
109913.7179197275 133931.7229757699
110073.8022948333 133931.7229757699
110233.8866699392 133931.7229757699
110393.9710450450 133931.7229757699
110554.0554201508 133931.7229757699
110714.1397952566 133931.7229757699
110874.2241703624 133931.7229757699
111034.3085454683 133931.7229757699
110233.8866699392 133611.7722486905
110393.9710450450 133611.7722486905
110554.0554201508 133611.7722486905
110714.1397952566 133611.7722486905
110393.9710450450 133291.8215216111
110554.0554201508 133291.8215216111
128003.2523066852 119054.0141665793
127683.0835564736 119373.9648936587
127522.9991813677 119693.9156207381
126562.4929307328 120173.8417113571

118238.1054252302 137131.2302465635
118398.1898003360 136651.3041559445
118558.2741754418 136331.3534288651
111034.3085454683 135851.4273382460
118878.4429256534 135851.4273382460
111034.3085454683 135531.4766111667
118878.4429256534 135531.4766111667
110874.2241703624 135211.5258840873
119358.6960509709 135051.5505205476
110714.1397952566 134891.5751570079
111514.5616707857 134891.5751570079
119038.5273007592 134731.5997934683
110554.0554201508 134571.6244299286
119518.7804260767 134411.6490663889
110233.8866699392 134251.6737028492
111194.3929205741 134251.6737028492
110073.8022948333 133931.7229757699
110554.0554201508 133931.7229757699
111034.3085454683 133931.7229757699
110233.8866699392 133611.7722486905
110714.1397952566 133611.7722486905
110393.9710450450 133291.8215216111
110233.8866699392 132971.8707945317
110393.9710450450 132491.9447039127
117277.5991745952 131052.1664320556
116957.4304243836 130572.2403414365
116957.4304243836 130252.2896143572
116637.2616741720 129932.3388872778
128483.5054320027 118734.0634395000
128003.2523066852 119054.0141665793
127683.0835564736 119373.9648936587
127522.9991813677 119693.9156207381
126562.4929307328 120173.8417113571
126402.4085556270 120493.7924384365
125762.0710552037 120813.7431655159
126242.3241805212 121293.6692561349
125922.1554303095 123373.3489821508
126082.2398054154 123693.2997092302
125762.0710552037 124013.2504363095
126082.2398054154 124493.1765269286
125601.9866800979 124813.1272540079
126242.3241805212 125133.0779810873
125762.0710552037 125453.0287081667
126402.4085556270 125932.9547987857
125922.1554303095 126252.9055258651
126242.3241805212 126732.8316164841
126402.4085556270 127052.7823435635

111034.3085454683 135531.4766111667
118878.4429256534 135531.4766111667
110874.2241703624 135211.5258840873
111034.3085454683 135211.5258840873
111514.5616707857 135211.5258840873
119358.6960509709 135051.5505205476
110714.1397952566 134891.5751570079
110874.2241703624 134891.5751570079
111514.5616707857 134891.5751570079
119038.5273007592 134731.5997934683
110233.8866699392 134571.6244299286
110393.9710450450 134571.6244299286
110714.1397952566 134571.6244299286
111034.3085454683 134571.6244299286
111354.4772956799 134571.6244299286
110073.8022948333 134251.6737028492
110233.8866699392 134251.6737028492
110554.0554201508 134251.6737028492
110874.2241703624 134251.6737028492
111034.3085454683 134251.6737028492
128003.2523066852 119054.0141665793
127683.0835564736 119373.9648936587
127522.9991813677 119693.9156207381
126562.4929307328 120173.8417113571
126402.4085556270 120493.7924384365
125922.1554303095 123373.3489821508
126082.2398054154 123693.2997092302
126082.2398054154 124173.2257998492
126082.2398054154 124493.1765269286
126242.3241805212 124973.1026175476
116957.4304243836 130252.2896143572
116957.4304243836 130572.2403414365
116797.3460492778 130892.1910685159
110554.0554201508 132651.9200674524
110714.1397952566 132971.8707945317
110554.0554201508 133291.8215216111
110393.9710450450 133291.8215216111
110714.1397952566 133611.7722486905
110554.0554201508 133611.7722486905
110393.9710450450 133611.7722486905
110233.8866699392 133611.7722486905
111034.3085454683 133931.7229757699
110714.1397952566 133931.7229757699
110554.0554201508 133931.7229757699
110393.9710450450 133931.7229757699
110233.8866699392 133931.7229757699
110073.8022948333 133931.7229757699

111034.3085454683 135531.4766111667
118878.4429256534 135531.4766111667
110874.2241703624 135211.5258840873
111034.3085454683 135211.5258840873
119358.6960509709 135051.5505205476
128003.2523066852 119054.0141665793
127683.0835564736 119373.9648936587
127522.9991813677 119693.9156207381
126562.4929307328 120173.8417113571
126402.4085556270 120493.7924384365
125922.1554303095 123373.3489821508
126082.2398054154 123693.2997092302
126082.2398054154 124173.2257998492
126082.2398054154 124493.1765269286
126242.3241805212 124973.1026175476
125922.1554303095 125293.0533446270
126562.4929307328 125772.9794352461
126402.4085556270 127052.7823435635
126082.2398054154 127532.7084341825
116637.2616741720 129932.3388872778
116957.4304243836 130252.2896143572
116957.4304243836 130572.2403414365
116797.3460492778 130892.1910685159
110554.0554201508 132651.9200674524
110714.1397952566 132971.8707945317
110554.0554201508 133291.8215216111
110393.9710450450 133291.8215216111
110714.1397952566 133611.7722486905
110393.9710450450 133611.7722486905
110714.1397952566 133931.7229757699
110393.9710450450 133931.7229757699
110073.8022948333 133931.7229757699
111034.3085454683 134251.6737028492
110874.2241703624 134251.6737028492
110233.8866699392 134251.6737028492
110073.8022948333 134251.6737028492
111354.4772956799 134571.6244299286
111034.3085454683 134571.6244299286
110714.1397952566 134571.6244299286
110554.0554201508 134571.6244299286
119038.5273007592 134731.5997934683
111514.5616707857 134891.5751570079
110714.1397952566 134891.5751570079
118878.4429256534 135851.4273382460
111034.3085454683 135851.4273382460
118558.2741754418 136331.3534288651
118398.1898003360 136651.3041559445

118558.2741754418 135851.4273382460
111034.3085454683 135531.4766111667
118878.4429256534 135531.4766111667
110874.2241703624 135211.5258840873
111514.5616707857 135211.5258840873
119358.6960509709 135051.5505205476
110714.1397952566 134891.5751570079
110874.2241703624 134891.5751570079
111514.5616707857 134891.5751570079
119038.5273007592 134731.5997934683
110233.8866699392 134571.6244299286
110554.0554201508 134571.6244299286
110714.1397952566 134571.6244299286
111034.3085454683 134571.6244299286
111354.4772956799 134571.6244299286
110073.8022948333 134251.6737028492
110233.8866699392 134251.6737028492
110554.0554201508 134251.6737028492
110874.2241703624 134251.6737028492
111034.3085454683 134251.6737028492
128003.2523066852 119054.0141665793
127683.0835564736 119373.9648936587
127522.9991813677 119693.9156207381
126562.4929307328 120173.8417113571
126402.4085556270 120493.7924384365
125922.1554303095 123373.3489821508
126082.2398054154 123693.2997092302
126082.2398054154 124173.2257998492
126082.2398054154 124493.1765269286
126242.3241805212 124973.1026175476
125922.1554303095 125293.0533446270
126402.4085556270 127052.7823435635
126082.2398054154 127532.7084341825
116637.2616741720 129932.3388872778
116957.4304243836 130252.2896143572
116957.4304243836 130572.2403414365
116797.3460492778 130892.1910685159
110554.0554201508 132651.9200674524
110714.1397952566 132971.8707945317
110554.0554201508 133291.8215216111
110393.9710450450 133291.8215216111
110714.1397952566 133611.7722486905
110554.0554201508 133611.7722486905
110714.1397952566 133931.7229757699
110393.9710450450 133931.7229757699
110073.8022948333 133931.7229757699
110393.9710450450 134571.6244299286

111034.3085454683 135531.4766111667
118878.4429256534 135531.4766111667
110874.2241703624 135211.5258840873
111034.3085454683 135211.5258840873
111514.5616707857 135211.5258840873
119358.6960509709 135051.5505205476
110714.1397952566 134891.5751570079
110874.2241703624 134891.5751570079
111514.5616707857 134891.5751570079
119038.5273007592 134731.5997934683
110233.8866699392 134571.6244299286
110393.9710450450 134571.6244299286
110714.1397952566 134571.6244299286
111034.3085454683 134571.6244299286
111354.4772956799 134571.6244299286
110073.8022948333 134251.6737028492
110233.8866699392 134251.6737028492
110554.0554201508 134251.6737028492
110874.2241703624 134251.6737028492
111034.3085454683 134251.6737028492
110073.8022948333 133931.7229757699
110393.9710450450 133931.7229757699
110714.1397952566 133931.7229757699
110233.8866699392 133611.7722486905
110393.9710450450 133611.7722486905
110554.0554201508 133611.7722486905
110714.1397952566 133611.7722486905
110393.9710450450 133291.8215216111
110554.0554201508 133291.8215216111
110714.1397952566 132971.8707945317
110554.0554201508 132651.9200674524
116797.3460492778 130892.1910685159
116957.4304243836 130572.2403414365
116957.4304243836 130252.2896143572
116637.2616741720 129932.3388872778
126082.2398054154 127532.7084341825
126402.4085556270 127052.7823435635
125922.1554303095 125293.0533446270
126242.3241805212 124973.1026175476
126082.2398054154 124493.1765269286
126082.2398054154 124173.2257998492
126082.2398054154 123693.2997092302
128003.2523066852 119054.0141665793
127683.0835564736 119373.9648936587
127522.9991813677 119693.9156207381
126562.4929307328 120173.8417113571
126402.4085556270 120493.7924384365

115196.5022982196 139370.8853361191
115356.5866733254 139050.9346090397
116797.3460492778 138730.9838819603
116637.2616741720 138411.0331548809
116797.3460492778 138091.0824278016
116477.1772990661 137771.1317007222
108793.1272939868 133771.7476122302
118878.4429256534 137131.2302465635
118238.1054252302 136651.3041559445
119038.5273007592 136331.3534288651
119358.6960509709 135531.4766111667
120639.3710518175 132331.9693403730
123040.6366784048 131532.0925226746
118718.3585505476 131052.1664320556
115836.8397986429 130732.2157049762
116957.4304243836 130412.2649778968
117597.7679248069 129932.3388872778
121279.7085522407 129612.3881601984
122240.2148028757 129292.4374331190
125601.9866800979 128172.6098883413
125601.9866800979 127852.6591612619
126082.2398054154 127532.7084341825
125922.1554303095 127052.7823435635
125601.9866800979 126732.8316164841
125922.1554303095 126252.9055258651
126402.4085556270 125932.9547987857
125762.0710552037 125453.0287081667
126242.3241805212 125133.0779810873
125601.9866800979 124813.1272540079
126082.2398054154 124333.2011633889
125762.0710552037 124013.2504363095
126082.2398054154 123693.2997092302
125441.9023049921 123373.3489821508
125922.1554303095 122893.4228915318
125441.9023049921 122573.4721644524
124961.6491796746 122253.5214373730
125601.9866800979 121933.5707102936
125762.0710552037 121613.6199832143
125762.0710552037 121293.6692561349
126082.2398054154 120973.7185290556
126082.2398054154 120653.7678019762
126562.4929307328 120173.8417113571
127683.0835564736 119693.9156207381
127683.0835564736 119373.9648936587
128163.3366817910 119054.0141665793
128483.5054320027 118734.0634395000
132165.4460594365 118094.1619853413

118558.2741754418 135851.4273382460
111034.3085454683 135531.4766111667
118878.4429256534 135531.4766111667
110874.2241703624 135211.5258840873
111514.5616707857 135211.5258840873
119358.6960509709 135051.5505205476
110714.1397952566 134891.5751570079
110874.2241703624 134891.5751570079
111514.5616707857 134891.5751570079
119038.5273007592 134731.5997934683
110233.8866699392 134571.6244299286
110714.1397952566 134571.6244299286
111034.3085454683 134571.6244299286
111354.4772956799 134571.6244299286
110073.8022948333 134251.6737028492
110233.8866699392 134251.6737028492
110554.0554201508 134251.6737028492
110874.2241703624 134251.6737028492
111034.3085454683 134251.6737028492
109913.7179197275 133931.7229757699
110073.8022948333 133931.7229757699
110233.8866699392 133931.7229757699
110393.9710450450 133931.7229757699
110554.0554201508 133931.7229757699
110714.1397952566 133931.7229757699
111034.3085454683 133931.7229757699
110233.8866699392 133611.7722486905
110393.9710450450 133611.7722486905
110554.0554201508 133611.7722486905
110714.1397952566 133611.7722486905
110393.9710450450 133291.8215216111
110554.0554201508 133291.8215216111
110714.1397952566 132971.8707945317
110554.0554201508 132651.9200674524
128003.2523066852 119054.0141665793
127683.0835564736 119373.9648936587
127522.9991813677 119693.9156207381
126562.4929307328 120173.8417113571
126402.4085556270 120493.7924384365
125922.1554303095 123373.3489821508
126082.2398054154 123693.2997092302
126082.2398054154 124173.2257998492
126082.2398054154 124493.1765269286
126242.3241805212 124973.1026175476
116957.4304243836 130252.2896143572
116957.4304243836 130572.2403414365
116797.3460492778 130892.1910685159

116477.1772990661 138091.0824278016
118398.1898003360 136651.3041559445
118558.2741754418 136331.3534288651
111034.3085454683 135851.4273382460
118878.4429256534 135851.4273382460
111034.3085454683 135531.4766111667
118878.4429256534 135531.4766111667
110874.2241703624 135211.5258840873
119358.6960509709 135051.5505205476
110714.1397952566 134891.5751570079
119038.5273007592 134731.5997934683
110554.0554201508 134571.6244299286
119518.7804260767 134411.6490663889
110233.8866699392 134251.6737028492
111194.3929205741 134251.6737028492
110073.8022948333 133931.7229757699
110714.1397952566 133611.7722486905
110554.0554201508 133291.8215216111
110233.8866699392 132971.8707945317
110874.2241703624 132651.9200674524
116797.3460492778 131532.0925226746
117277.5991745952 131052.1664320556
116797.3460492778 130572.2403414365
116957.4304243836 130252.2896143572
116637.2616741720 129932.3388872778
117117.5147994894 129612.3881601984
126082.2398054154 127532.7084341825
125922.1554303095 126252.9055258651
126082.2398054154 125772.9794352461
125762.0710552037 125453.0287081667
126242.3241805212 125133.0779810873
126242.3241805212 124813.1272540079
126082.2398054154 124333.2011633889
125762.0710552037 124013.2504363095
126082.2398054154 123693.2997092302
125441.9023049921 123373.3489821508
125922.1554303095 122893.4228915318
125441.9023049921 122573.4721644524
125922.1554303095 122253.5214373730
126242.3241805212 121293.6692561349
125762.0710552037 120813.7431655159
126402.4085556270 120493.7924384365
126562.4929307328 120173.8417113571
127522.9991813677 119693.9156207381
127683.0835564736 119373.9648936587
128003.2523066852 119054.0141665793
128483.5054320027 118734.0634395000

111514.5616707857 134251.6737028492
110393.9710450450 133291.8215216111
110714.1397952566 133611.7722486905
110554.0554201508 133611.7722486905
110393.9710450450 133611.7722486905
110233.8866699392 133611.7722486905
110714.1397952566 133771.7476122302
110393.9710450450 133771.7476122302
111354.4772956799 133931.7229757699
111034.3085454683 133931.7229757699
110874.2241703624 133931.7229757699
110714.1397952566 133931.7229757699
110554.0554201508 133931.7229757699
110393.9710450450 133931.7229757699
110233.8866699392 133931.7229757699
110073.8022948333 133931.7229757699
110233.8866699392 134091.6983393095
110073.8022948333 134091.6983393095
111354.4772956799 134251.6737028492
111194.3929205741 134251.6737028492
111034.3085454683 134251.6737028492
110874.2241703624 134251.6737028492
110714.1397952566 134251.6737028492
110554.0554201508 134251.6737028492
110393.9710450450 134251.6737028492
110233.8866699392 134251.6737028492
110073.8022948333 134251.6737028492
109753.6335446217 134251.6737028492
110714.1397952566 134411.6490663889
110393.9710450450 134411.6490663889
111354.4772956799 134571.6244299286
111034.3085454683 134571.6244299286
110874.2241703624 134571.6244299286
110714.1397952566 134571.6244299286
110554.0554201508 134571.6244299286
110393.9710450450 134571.6244299286
110233.8866699392 134571.6244299286
119038.5273007592 134731.5997934683
111514.5616707857 134891.5751570079
110874.2241703624 134891.5751570079
110714.1397952566 134891.5751570079
110554.0554201508 134891.5751570079
119358.6960509709 135051.5505205476
111514.5616707857 135211.5258840873
111034.3085454683 135211.5258840873
118878.4429256534 135531.4766111667
111034.3085454683 135531.4766111667

118398.1898003360 136331.3534288651
118558.2741754418 135851.4273382460
111034.3085454683 135531.4766111667
118878.4429256534 135531.4766111667
110874.2241703624 135211.5258840873
111514.5616707857 135211.5258840873
119358.6960509709 135051.5505205476
110714.1397952566 134891.5751570079
110874.2241703624 134891.5751570079
111514.5616707857 134891.5751570079
119038.5273007592 134731.5997934683
110233.8866699392 134571.6244299286
110393.9710450450 134571.6244299286
110714.1397952566 134571.6244299286
111034.3085454683 134571.6244299286
111354.4772956799 134571.6244299286
110073.8022948333 134251.6737028492
110233.8866699392 134251.6737028492
110554.0554201508 134251.6737028492
110874.2241703624 134251.6737028492
111034.3085454683 134251.6737028492
110073.8022948333 133931.7229757699
110393.9710450450 133931.7229757699
110714.1397952566 133931.7229757699
110554.0554201508 133611.7722486905
110714.1397952566 133611.7722486905
110393.9710450450 133291.8215216111
110554.0554201508 133291.8215216111
110714.1397952566 132971.8707945317
110554.0554201508 132651.9200674524
116797.3460492778 130892.1910685159
116957.4304243836 130572.2403414365
116957.4304243836 130252.2896143572
128003.2523066852 119054.0141665793
127683.0835564736 119373.9648936587
127522.9991813677 119693.9156207381
126562.4929307328 120173.8417113571
126402.4085556270 120493.7924384365
125922.1554303095 123373.3489821508
126082.2398054154 123693.2997092302
126082.2398054154 124173.2257998492
126082.2398054154 124493.1765269286
126242.3241805212 124973.1026175476
125922.1554303095 125293.0533446270
126402.4085556270 127052.7823435635
126082.2398054154 127532.7084341825
116637.2616741720 129932.3388872778

111034.3085454683 135531.4766111667
118878.4429256534 135531.4766111667
110874.2241703624 135211.5258840873
111034.3085454683 135211.5258840873
111514.5616707857 135211.5258840873
127683.0835564736 119373.9648936587
127522.9991813677 119693.9156207381
110554.0554201508 133291.8215216111
110393.9710450450 133291.8215216111
110714.1397952566 133611.7722486905
110554.0554201508 133611.7722486905
110393.9710450450 133611.7722486905
110233.8866699392 133611.7722486905
110714.1397952566 133771.7476122302
111354.4772956799 133931.7229757699
111034.3085454683 133931.7229757699
110874.2241703624 133931.7229757699
110714.1397952566 133931.7229757699
110554.0554201508 133931.7229757699
110393.9710450450 133931.7229757699
110233.8866699392 133931.7229757699
110073.8022948333 133931.7229757699
110233.8866699392 134091.6983393095
110073.8022948333 134091.6983393095
111354.4772956799 134251.6737028492
111194.3929205741 134251.6737028492
111034.3085454683 134251.6737028492
110874.2241703624 134251.6737028492
110714.1397952566 134251.6737028492
110554.0554201508 134251.6737028492
110393.9710450450 134251.6737028492
110233.8866699392 134251.6737028492
110073.8022948333 134251.6737028492
109753.6335446217 134251.6737028492
111354.4772956799 134571.6244299286
111034.3085454683 134571.6244299286
110874.2241703624 134571.6244299286
110714.1397952566 134571.6244299286
110554.0554201508 134571.6244299286
110393.9710450450 134571.6244299286
110233.8866699392 134571.6244299286
119038.5273007592 134731.5997934683
111514.5616707857 134891.5751570079
111194.3929205741 134891.5751570079
110874.2241703624 134891.5751570079
110714.1397952566 134891.5751570079
110554.0554201508 134891.5751570079

111034.3085454683 135211.5258840873
111514.5616707857 135211.5258840873
118878.4429256534 135051.5505205476
110554.0554201508 134891.5751570079
110714.1397952566 134891.5751570079
111514.5616707857 134891.5751570079
110233.8866699392 134731.5997934683
110393.9710450450 134731.5997934683
111194.3929205741 134731.5997934683
110073.8022948333 134571.6244299286
110233.8866699392 134571.6244299286
110393.9710450450 134571.6244299286
110554.0554201508 134571.6244299286
110714.1397952566 134571.6244299286
110874.2241703624 134571.6244299286
111034.3085454683 134571.6244299286
111354.4772956799 134571.6244299286
111674.6460458915 134571.6244299286
110233.8866699392 134411.6490663889
110393.9710450450 134411.6490663889
110714.1397952566 134411.6490663889
109753.6335446217 134251.6737028492
110073.8022948333 134251.6737028492
110233.8866699392 134251.6737028492
110393.9710450450 134251.6737028492
110554.0554201508 134251.6737028492
110714.1397952566 134251.6737028492
110874.2241703624 134251.6737028492
111034.3085454683 134251.6737028492
111194.3929205741 134251.6737028492
110714.1397952566 133291.8215216111
110233.8866699392 134091.6983393095
110233.8866699392 133931.7229757699
110393.9710450450 133931.7229757699
110554.0554201508 133931.7229757699
110714.1397952566 133931.7229757699
110874.2241703624 133931.7229757699
111034.3085454683 133931.7229757699
111354.4772956799 133931.7229757699
110393.9710450450 133771.7476122302
110714.1397952566 133771.7476122302
110233.8866699392 133611.7722486905
110393.9710450450 133611.7722486905
110554.0554201508 133611.7722486905
110714.1397952566 133611.7722486905
110393.9710450450 133291.8215216111
110554.0554201508 133291.8215216111

118558.2741754418 135851.4273382460
111034.3085454683 135531.4766111667
118878.4429256534 135531.4766111667
110874.2241703624 135211.5258840873
111514.5616707857 135211.5258840873
119358.6960509709 135051.5505205476
110714.1397952566 134891.5751570079
110874.2241703624 134891.5751570079
111514.5616707857 134891.5751570079
119038.5273007592 134731.5997934683
110233.8866699392 134571.6244299286
110714.1397952566 134571.6244299286
111034.3085454683 134571.6244299286
111354.4772956799 134571.6244299286
110073.8022948333 134251.6737028492
110233.8866699392 134251.6737028492
110554.0554201508 134251.6737028492
110874.2241703624 134251.6737028492
111034.3085454683 134251.6737028492
110073.8022948333 133931.7229757699
110393.9710450450 133931.7229757699
110714.1397952566 133931.7229757699
110393.9710450450 133611.7722486905
110554.0554201508 133611.7722486905
110714.1397952566 133611.7722486905
110393.9710450450 133291.8215216111
110554.0554201508 133291.8215216111
110714.1397952566 132971.8707945317
110554.0554201508 132651.9200674524
116797.3460492778 130892.1910685159
116957.4304243836 130572.2403414365
116957.4304243836 130252.2896143572
116637.2616741720 129932.3388872778
126082.2398054154 127532.7084341825
128003.2523066852 119054.0141665793
127683.0835564736 119373.9648936587
127522.9991813677 119693.9156207381
126562.4929307328 120173.8417113571
126402.4085556270 120493.7924384365
125922.1554303095 123373.3489821508
126082.2398054154 123693.2997092302
126082.2398054154 124173.2257998492
126082.2398054154 124493.1765269286
126242.3241805212 124973.1026175476
125922.1554303095 125293.0533446270
126402.4085556270 127052.7823435635
110554.0554201508 134571.6244299286

111034.3085454683 135531.4766111667
110073.8022948333 133291.8215216111
111034.3085454683 135211.5258840873
111514.5616707857 135211.5258840873
119358.6960509709 135051.5505205476
110554.0554201508 134891.5751570079
110714.1397952566 134891.5751570079
110874.2241703624 134891.5751570079
111514.5616707857 134891.5751570079
119038.5273007592 134731.5997934683
110233.8866699392 134571.6244299286
110393.9710450450 134571.6244299286
110554.0554201508 134571.6244299286
110714.1397952566 134571.6244299286
110874.2241703624 134571.6244299286
111034.3085454683 134571.6244299286
111354.4772956799 134571.6244299286
110393.9710450450 134411.6490663889
110714.1397952566 134411.6490663889
109753.6335446217 134251.6737028492
110073.8022948333 134251.6737028492
110233.8866699392 134251.6737028492
110393.9710450450 134251.6737028492
110554.0554201508 134251.6737028492
110714.1397952566 134251.6737028492
110874.2241703624 134251.6737028492
111034.3085454683 134251.6737028492
111194.3929205741 134251.6737028492
111354.4772956799 134251.6737028492
110073.8022948333 134091.6983393095
110233.8866699392 134091.6983393095
110073.8022948333 133931.7229757699
110233.8866699392 133931.7229757699
110393.9710450450 133931.7229757699
110554.0554201508 133931.7229757699
110714.1397952566 133931.7229757699
110874.2241703624 133931.7229757699
111034.3085454683 133931.7229757699
111354.4772956799 133931.7229757699
110393.9710450450 133771.7476122302
110714.1397952566 133771.7476122302
110233.8866699392 133611.7722486905
110393.9710450450 133611.7722486905
110554.0554201508 133611.7722486905
110714.1397952566 133611.7722486905
110393.9710450450 133291.8215216111
110554.0554201508 133291.8215216111

118238.1054252302 137131.2302465635
118398.1898003360 136651.3041559445
118558.2741754418 136331.3534288651
111034.3085454683 135851.4273382460
118878.4429256534 135851.4273382460
111034.3085454683 135531.4766111667
118878.4429256534 135531.4766111667
110874.2241703624 135211.5258840873
119358.6960509709 135051.5505205476
110714.1397952566 134891.5751570079
111514.5616707857 134891.5751570079
119038.5273007592 134731.5997934683
110554.0554201508 134571.6244299286
119518.7804260767 134411.6490663889
110233.8866699392 134251.6737028492
111194.3929205741 134251.6737028492
110073.8022948333 133931.7229757699
111034.3085454683 133931.7229757699
110233.8866699392 133611.7722486905
110554.0554201508 133291.8215216111
110233.8866699392 132971.8707945317
128483.5054320027 118734.0634395000
128003.2523066852 119054.0141665793
127683.0835564736 119373.9648936587
127522.9991813677 119693.9156207381
126562.4929307328 120173.8417113571
126402.4085556270 120493.7924384365
125762.0710552037 120813.7431655159
126242.3241805212 121293.6692561349
125922.1554303095 123373.3489821508
126082.2398054154 123693.2997092302
125762.0710552037 124013.2504363095
126082.2398054154 124493.1765269286
125601.9866800979 124813.1272540079
126242.3241805212 125133.0779810873
125762.0710552037 125453.0287081667
126402.4085556270 125932.9547987857
125922.1554303095 126252.9055258651
126242.3241805212 126732.8316164841
126402.4085556270 127052.7823435635
126082.2398054154 127532.7084341825
117117.5147994894 129612.3881601984
116637.2616741720 129932.3388872778
116957.4304243836 130252.2896143572
116797.3460492778 130572.2403414365
117597.7679248069 131212.1417955953
110874.2241703624 132651.9200674524

118238.1054252302 137131.2302465635
118398.1898003360 136651.3041559445
118558.2741754418 136331.3534288651
111034.3085454683 135851.4273382460
118878.4429256534 135851.4273382460
111034.3085454683 135531.4766111667
118878.4429256534 135531.4766111667
110874.2241703624 135211.5258840873
119358.6960509709 135051.5505205476
110714.1397952566 134891.5751570079
111514.5616707857 134891.5751570079
119038.5273007592 134731.5997934683
110554.0554201508 134571.6244299286
119518.7804260767 134411.6490663889
110233.8866699392 134251.6737028492
111194.3929205741 134251.6737028492
110073.8022948333 133931.7229757699
111034.3085454683 133931.7229757699
110233.8866699392 133611.7722486905
110554.0554201508 133291.8215216111
128483.5054320027 118734.0634395000
128003.2523066852 119054.0141665793
127683.0835564736 119373.9648936587
127522.9991813677 119693.9156207381
126562.4929307328 120173.8417113571
126402.4085556270 120493.7924384365
125762.0710552037 120813.7431655159
126242.3241805212 121293.6692561349
125922.1554303095 123373.3489821508
126082.2398054154 123693.2997092302
125762.0710552037 124013.2504363095
126082.2398054154 124493.1765269286
125601.9866800979 124813.1272540079
126242.3241805212 125133.0779810873
125762.0710552037 125453.0287081667
126402.4085556270 125932.9547987857
125922.1554303095 126252.9055258651
126242.3241805212 126732.8316164841
126402.4085556270 127052.7823435635
126082.2398054154 127532.7084341825
117117.5147994894 129612.3881601984
116637.2616741720 129932.3388872778
116957.4304243836 130252.2896143572
116797.3460492778 130572.2403414365
110874.2241703624 132651.9200674524
110233.8866699392 132971.8707945317
110714.1397952566 133611.7722486905

118398.1898003360 136651.3041559445
118558.2741754418 136331.3534288651
111034.3085454683 135851.4273382460
118878.4429256534 135851.4273382460
111034.3085454683 135531.4766111667
118878.4429256534 135531.4766111667
110874.2241703624 135211.5258840873
119358.6960509709 135051.5505205476
110714.1397952566 134891.5751570079
111514.5616707857 134891.5751570079
119038.5273007592 134731.5997934683
110554.0554201508 134571.6244299286
119518.7804260767 134411.6490663889
110233.8866699392 134251.6737028492
111194.3929205741 134251.6737028492
108472.9585437751 133931.7229757699
110073.8022948333 133931.7229757699
111034.3085454683 133931.7229757699
110233.8866699392 133611.7722486905
110714.1397952566 133611.7722486905
110554.0554201508 133291.8215216111
110874.2241703624 132651.9200674524
117597.7679248069 131212.1417955953
116797.3460492778 130572.2403414365
116957.4304243836 130252.2896143572
116637.2616741720 129932.3388872778
117117.5147994894 129612.3881601984
126082.2398054154 127532.7084341825
126402.4085556270 127052.7823435635
126242.3241805212 126732.8316164841
125922.1554303095 126252.9055258651
126402.4085556270 125932.9547987857
125762.0710552037 125453.0287081667
128483.5054320027 118734.0634395000
128003.2523066852 119054.0141665793
127683.0835564736 119373.9648936587
127522.9991813677 119693.9156207381
126562.4929307328 120173.8417113571
126402.4085556270 120493.7924384365
125762.0710552037 120813.7431655159
125922.1554303095 123373.3489821508
126082.2398054154 123693.2997092302
125762.0710552037 124013.2504363095
126082.2398054154 124493.1765269286
125601.9866800979 124813.1272540079
126242.3241805212 125133.0779810873
110233.8866699392 132971.8707945317

118558.2741754418 135851.4273382460
111034.3085454683 135531.4766111667
118878.4429256534 135531.4766111667
110874.2241703624 135211.5258840873
111514.5616707857 135211.5258840873
119358.6960509709 135051.5505205476
110714.1397952566 134891.5751570079
110874.2241703624 134891.5751570079
111514.5616707857 134891.5751570079
119038.5273007592 134731.5997934683
110233.8866699392 134571.6244299286
110714.1397952566 134571.6244299286
111034.3085454683 134571.6244299286
111354.4772956799 134571.6244299286
110073.8022948333 134251.6737028492
110233.8866699392 134251.6737028492
110554.0554201508 134251.6737028492
110874.2241703624 134251.6737028492
111034.3085454683 134251.6737028492
109913.7179197275 133931.7229757699
110073.8022948333 133931.7229757699
118878.4429256534 135051.5505205476
110393.9710450450 133931.7229757699
110554.0554201508 133931.7229757699
110714.1397952566 133931.7229757699
111034.3085454683 133931.7229757699
110233.8866699392 133611.7722486905
110393.9710450450 133611.7722486905
110554.0554201508 133611.7722486905
110714.1397952566 133611.7722486905
110393.9710450450 133291.8215216111
110554.0554201508 133291.8215216111
110714.1397952566 132971.8707945317
110554.0554201508 132651.9200674524
116797.3460492778 130892.1910685159
116957.4304243836 130572.2403414365
116957.4304243836 130252.2896143572
116637.2616741720 129932.3388872778
126082.2398054154 127532.7084341825
126402.4085556270 127052.7823435635
126082.2398054154 124493.1765269286
128003.2523066852 119054.0141665793
127683.0835564736 119373.9648936587
127522.9991813677 119693.9156207381
126562.4929307328 120173.8417113571
126402.4085556270 120493.7924384365
126082.2398054154 124173.2257998492

111034.3085454683 135531.4766111667
118878.4429256534 135531.4766111667
110874.2241703624 135211.5258840873
111034.3085454683 135211.5258840873
111514.5616707857 135211.5258840873
119358.6960509709 135051.5505205476
110714.1397952566 134891.5751570079
110874.2241703624 134891.5751570079
111194.3929205741 134891.5751570079
111514.5616707857 134891.5751570079
119038.5273007592 134731.5997934683
110233.8866699392 134571.6244299286
110393.9710450450 134571.6244299286
110554.0554201508 134571.6244299286
110714.1397952566 134571.6244299286
110874.2241703624 134571.6244299286
111034.3085454683 134571.6244299286
111354.4772956799 134571.6244299286
110073.8022948333 134251.6737028492
110233.8866699392 134251.6737028492
110393.9710450450 134251.6737028492
110554.0554201508 134251.6737028492
110714.1397952566 134251.6737028492
110874.2241703624 134251.6737028492
111194.3929205741 134251.6737028492
111354.4772956799 134251.6737028492
109913.7179197275 133931.7229757699
110233.8866699392 133931.7229757699
110393.9710450450 133931.7229757699
110554.0554201508 133931.7229757699
110714.1397952566 133931.7229757699
110874.2241703624 133931.7229757699
111034.3085454683 133931.7229757699
110233.8866699392 133611.7722486905
110393.9710450450 133611.7722486905
110554.0554201508 133611.7722486905
110714.1397952566 133611.7722486905
110393.9710450450 133291.8215216111
116957.4304243836 130252.2896143572
110714.1397952566 133291.8215216111
128003.2523066852 119054.0141665793
127683.0835564736 119373.9648936587
127522.9991813677 119693.9156207381
111354.4772956799 133931.7229757699
110073.8022948333 133931.7229757699
110073.8022948333 134091.6983393095
111034.3085454683 134251.6737028492

111034.3085454683 135211.5258840873
111514.5616707857 135211.5258840873
118878.4429256534 135051.5505205476
110554.0554201508 134891.5751570079
110714.1397952566 134891.5751570079
111514.5616707857 134891.5751570079
110233.8866699392 134731.5997934683
110393.9710450450 134731.5997934683
111194.3929205741 134731.5997934683
110073.8022948333 134571.6244299286
110233.8866699392 134571.6244299286
110393.9710450450 134571.6244299286
110554.0554201508 134571.6244299286
110714.1397952566 134571.6244299286
110874.2241703624 134571.6244299286
111034.3085454683 134571.6244299286
111354.4772956799 134571.6244299286
111674.6460458915 134571.6244299286
110233.8866699392 134411.6490663889
110393.9710450450 134411.6490663889
110714.1397952566 134411.6490663889
109753.6335446217 134251.6737028492
110073.8022948333 134251.6737028492
110233.8866699392 134251.6737028492
110393.9710450450 134251.6737028492
110554.0554201508 134251.6737028492
110714.1397952566 134251.6737028492
110874.2241703624 134251.6737028492
111034.3085454683 134251.6737028492
111194.3929205741 134251.6737028492
127683.0835564736 119373.9648936587
127522.9991813677 119693.9156207381
110554.0554201508 133291.8215216111
110393.9710450450 133291.8215216111
110714.1397952566 133611.7722486905
110554.0554201508 133611.7722486905
110393.9710450450 133611.7722486905
110233.8866699392 133611.7722486905
110714.1397952566 133771.7476122302
111354.4772956799 133931.7229757699
111034.3085454683 133931.7229757699
110874.2241703624 133931.7229757699
110714.1397952566 133931.7229757699
110554.0554201508 133931.7229757699
110393.9710450450 133931.7229757699
110233.8866699392 133931.7229757699
110073.8022948333 133931.7229757699

111034.3085454683 135531.4766111667
118878.4429256534 135531.4766111667
111034.3085454683 135211.5258840873
111514.5616707857 135211.5258840873
119358.6960509709 135051.5505205476
110554.0554201508 134891.5751570079
110714.1397952566 134891.5751570079
110874.2241703624 134891.5751570079
111194.3929205741 134891.5751570079
111514.5616707857 134891.5751570079
119038.5273007592 134731.5997934683
110233.8866699392 134571.6244299286
110393.9710450450 134571.6244299286
110554.0554201508 134571.6244299286
110714.1397952566 134571.6244299286
110874.2241703624 134571.6244299286
111034.3085454683 134571.6244299286
111354.4772956799 134571.6244299286
109753.6335446217 134251.6737028492
110073.8022948333 134251.6737028492
110233.8866699392 134251.6737028492
110393.9710450450 134251.6737028492
110554.0554201508 134251.6737028492
110714.1397952566 134251.6737028492
110874.2241703624 134251.6737028492
111034.3085454683 134251.6737028492
111194.3929205741 134251.6737028492
111354.4772956799 134251.6737028492
110073.8022948333 134091.6983393095
110233.8866699392 134091.6983393095
110073.8022948333 133931.7229757699
110233.8866699392 133931.7229757699
110393.9710450450 133931.7229757699
110554.0554201508 133931.7229757699
110714.1397952566 133931.7229757699
110874.2241703624 133931.7229757699
111034.3085454683 133931.7229757699
111354.4772956799 133931.7229757699
110714.1397952566 133771.7476122302
110233.8866699392 133611.7722486905
110393.9710450450 133611.7722486905
110554.0554201508 133611.7722486905
110714.1397952566 133611.7722486905
126562.4929307328 120173.8417113571
127522.9991813677 119693.9156207381
127683.0835564736 119373.9648936587
110554.0554201508 133291.8215216111

118558.2741754418 135851.4273382460
111034.3085454683 135531.4766111667
118878.4429256534 135531.4766111667
110874.2241703624 135211.5258840873
111514.5616707857 135211.5258840873
119358.6960509709 135051.5505205476
110714.1397952566 134891.5751570079
110874.2241703624 134891.5751570079
111514.5616707857 134891.5751570079
119038.5273007592 134731.5997934683
110233.8866699392 134571.6244299286
110554.0554201508 134571.6244299286
110714.1397952566 134571.6244299286
111034.3085454683 134571.6244299286
111354.4772956799 134571.6244299286
110073.8022948333 134251.6737028492
110233.8866699392 134251.6737028492
110554.0554201508 134251.6737028492
110874.2241703624 134251.6737028492
111034.3085454683 134251.6737028492
110073.8022948333 133931.7229757699
110393.9710450450 133931.7229757699
110554.0554201508 133931.7229757699
110714.1397952566 133931.7229757699
111034.3085454683 133931.7229757699
128003.2523066852 119054.0141665793
127683.0835564736 119373.9648936587
127522.9991813677 119693.9156207381
126562.4929307328 120173.8417113571
126402.4085556270 120493.7924384365
125922.1554303095 123373.3489821508
126082.2398054154 123693.2997092302
126082.2398054154 124173.2257998492
126082.2398054154 124493.1765269286
126242.3241805212 124973.1026175476
125922.1554303095 125293.0533446270
126402.4085556270 127052.7823435635
126082.2398054154 127532.7084341825
116637.2616741720 129932.3388872778
116957.4304243836 130252.2896143572
116957.4304243836 130572.2403414365
116797.3460492778 130892.1910685159
110554.0554201508 132651.9200674524
110714.1397952566 132971.8707945317
110554.0554201508 133291.8215216111
110393.9710450450 133291.8215216111
110714.1397952566 133611.7722486905

111034.3085454683 135531.4766111667
118878.4429256534 135531.4766111667
111034.3085454683 135211.5258840873
111514.5616707857 135211.5258840873
119358.6960509709 135051.5505205476
110233.8866699392 134891.5751570079
110554.0554201508 134891.5751570079
110714.1397952566 134891.5751570079
110874.2241703624 134891.5751570079
111514.5616707857 134891.5751570079
119038.5273007592 134731.5997934683
110233.8866699392 134571.6244299286
110393.9710450450 134571.6244299286
110554.0554201508 134571.6244299286
110714.1397952566 134571.6244299286
110874.2241703624 134571.6244299286
111034.3085454683 134571.6244299286
111354.4772956799 134571.6244299286
109753.6335446217 134251.6737028492
110073.8022948333 134251.6737028492
110233.8866699392 134251.6737028492
110393.9710450450 134251.6737028492
110554.0554201508 134251.6737028492
110714.1397952566 134251.6737028492
110874.2241703624 134251.6737028492
111034.3085454683 134251.6737028492
111194.3929205741 134251.6737028492
111354.4772956799 134251.6737028492
110073.8022948333 134091.6983393095
109913.7179197275 133931.7229757699
110073.8022948333 133931.7229757699
110233.8866699392 133931.7229757699
110393.9710450450 133931.7229757699
110554.0554201508 133931.7229757699
110714.1397952566 133931.7229757699
110874.2241703624 133931.7229757699
111034.3085454683 133931.7229757699
111354.4772956799 133931.7229757699
110233.8866699392 133611.7722486905
110393.9710450450 133611.7722486905
110554.0554201508 133611.7722486905
110714.1397952566 133611.7722486905
110393.9710450450 133291.8215216111
110554.0554201508 133291.8215216111
110714.1397952566 133771.7476122302
110393.9710450450 133771.7476122302
110233.8866699392 134091.6983393095

111034.3085454683 135531.4766111667
118878.4429256534 135531.4766111667
110874.2241703624 135211.5258840873
111034.3085454683 135211.5258840873
111514.5616707857 135211.5258840873
119358.6960509709 135051.5505205476
110714.1397952566 134891.5751570079
110874.2241703624 134891.5751570079
111514.5616707857 134891.5751570079
119038.5273007592 134731.5997934683
110233.8866699392 134571.6244299286
110393.9710450450 134571.6244299286
110714.1397952566 134571.6244299286
111034.3085454683 134571.6244299286
111354.4772956799 134571.6244299286
110073.8022948333 134251.6737028492
110233.8866699392 134251.6737028492
110554.0554201508 134251.6737028492
110874.2241703624 134251.6737028492
111034.3085454683 134251.6737028492
110073.8022948333 133931.7229757699
110393.9710450450 133931.7229757699
110714.1397952566 133931.7229757699
110393.9710450450 133611.7722486905
110554.0554201508 133611.7722486905
110714.1397952566 133611.7722486905
110393.9710450450 133291.8215216111
110554.0554201508 133291.8215216111
110714.1397952566 132971.8707945317
110554.0554201508 132651.9200674524
116797.3460492778 130892.1910685159
116957.4304243836 130572.2403414365
116957.4304243836 130252.2896143572
116637.2616741720 129932.3388872778
126082.2398054154 127532.7084341825
126402.4085556270 127052.7823435635
125922.1554303095 125293.0533446270
126242.3241805212 124973.1026175476
126082.2398054154 124493.1765269286
126082.2398054154 124173.2257998492
126082.2398054154 123693.2997092302
125922.1554303095 123373.3489821508
126402.4085556270 120493.7924384365
126562.4929307328 120173.8417113571
127522.9991813677 119693.9156207381
127683.0835564736 119373.9648936587
128003.2523066852 119054.0141665793

111034.3085454683 135531.4766111667
118878.4429256534 135531.4766111667
118718.3585505476 135371.5012476270
110874.2241703624 135211.5258840873
111034.3085454683 135211.5258840873
111514.5616707857 135211.5258840873
119358.6960509709 135051.5505205476
110714.1397952566 134891.5751570079
110874.2241703624 134891.5751570079
111194.3929205741 134891.5751570079
111514.5616707857 134891.5751570079
119038.5273007592 134731.5997934683
110233.8866699392 134571.6244299286
110393.9710450450 134571.6244299286
110714.1397952566 134571.6244299286
110874.2241703624 134571.6244299286
111034.3085454683 134571.6244299286
111354.4772956799 134571.6244299286
110073.8022948333 134251.6737028492
110233.8866699392 134251.6737028492
110393.9710450450 134251.6737028492
110554.0554201508 134251.6737028492
110714.1397952566 134251.6737028492
111194.3929205741 134251.6737028492
111354.4772956799 134251.6737028492
109913.7179197275 133931.7229757699
110233.8866699392 133931.7229757699
110393.9710450450 133931.7229757699
110554.0554201508 133931.7229757699
111034.3085454683 133931.7229757699
110233.8866699392 133611.7722486905
110393.9710450450 133611.7722486905
110554.0554201508 133611.7722486905
110714.1397952566 133611.7722486905
110393.9710450450 133291.8215216111
110554.0554201508 133291.8215216111
116797.3460492778 130892.1910685159
116957.4304243836 130572.2403414365
116957.4304243836 130252.2896143572
116637.2616741720 129932.3388872778
126082.2398054154 124493.1765269286
126082.2398054154 124173.2257998492
126402.4085556270 120493.7924384365
126562.4929307328 120173.8417113571
128003.2523066852 119054.0141665793
127683.0835564736 119373.9648936587
127522.9991813677 119693.9156207381

111034.3085454683 135211.5258840873
111514.5616707857 135211.5258840873
110554.0554201508 134891.5751570079
110714.1397952566 134891.5751570079
111514.5616707857 134891.5751570079
110233.8866699392 134731.5997934683
110393.9710450450 134731.5997934683
111194.3929205741 134731.5997934683
110073.8022948333 134571.6244299286
110233.8866699392 134571.6244299286
110393.9710450450 134571.6244299286
110554.0554201508 134571.6244299286
110714.1397952566 134571.6244299286
110874.2241703624 134571.6244299286
111034.3085454683 134571.6244299286
111354.4772956799 134571.6244299286
111674.6460458915 134571.6244299286
110233.8866699392 134411.6490663889
110393.9710450450 134411.6490663889
110714.1397952566 134411.6490663889
109753.6335446217 134251.6737028492
110073.8022948333 134251.6737028492
110233.8866699392 134251.6737028492
110393.9710450450 134251.6737028492
110554.0554201508 134251.6737028492
110714.1397952566 134251.6737028492
110874.2241703624 134251.6737028492
111034.3085454683 134251.6737028492
111194.3929205741 134251.6737028492
110073.8022948333 134091.6983393095
110233.8866699392 134091.6983393095
110233.8866699392 133931.7229757699
110393.9710450450 133931.7229757699
110554.0554201508 133931.7229757699
110714.1397952566 133931.7229757699
110874.2241703624 133931.7229757699
111034.3085454683 133931.7229757699
111354.4772956799 133931.7229757699
110714.1397952566 133771.7476122302
110233.8866699392 133611.7722486905
110393.9710450450 133611.7722486905
110554.0554201508 133611.7722486905
110714.1397952566 133611.7722486905
110393.9710450450 133291.8215216111
110554.0554201508 133291.8215216111
110393.9710450450 133771.7476122302
110073.8022948333 133931.7229757699

118558.2741754418 135851.4273382460
111034.3085454683 135531.4766111667
118878.4429256534 135531.4766111667
110874.2241703624 135211.5258840873
111514.5616707857 135211.5258840873
119358.6960509709 135051.5505205476
110714.1397952566 134891.5751570079
110874.2241703624 134891.5751570079
111514.5616707857 134891.5751570079
119038.5273007592 134731.5997934683
110233.8866699392 134571.6244299286
110554.0554201508 134571.6244299286
110714.1397952566 134571.6244299286
111034.3085454683 134571.6244299286
111354.4772956799 134571.6244299286
110073.8022948333 134251.6737028492
110233.8866699392 134251.6737028492
110554.0554201508 134251.6737028492
110874.2241703624 134251.6737028492
111034.3085454683 134251.6737028492
110073.8022948333 133931.7229757699
110393.9710450450 133931.7229757699
110554.0554201508 133931.7229757699
110714.1397952566 133931.7229757699
111034.3085454683 133931.7229757699
110233.8866699392 133611.7722486905
110393.9710450450 133611.7722486905
110554.0554201508 133611.7722486905
110714.1397952566 133611.7722486905
110393.9710450450 133291.8215216111
110554.0554201508 133291.8215216111
110714.1397952566 132971.8707945317
110554.0554201508 132651.9200674524
117437.6835497011 131212.1417955953
116797.3460492778 130892.1910685159
116957.4304243836 130572.2403414365
116957.4304243836 130252.2896143572
116637.2616741720 129932.3388872778
128003.2523066852 119054.0141665793
127683.0835564736 119373.9648936587
127522.9991813677 119693.9156207381
126562.4929307328 120173.8417113571
126402.4085556270 120493.7924384365
125922.1554303095 123373.3489821508
126082.2398054154 123693.2997092302
126082.2398054154 124173.2257998492
126082.2398054154 124493.1765269286

111034.3085454683 135531.4766111667
118878.4429256534 135531.4766111667
111034.3085454683 135211.5258840873
111514.5616707857 135211.5258840873
119358.6960509709 135051.5505205476
110554.0554201508 134891.5751570079
110714.1397952566 134891.5751570079
110874.2241703624 134891.5751570079
111194.3929205741 134891.5751570079
111514.5616707857 134891.5751570079
119038.5273007592 134731.5997934683
110233.8866699392 134571.6244299286
110393.9710450450 134571.6244299286
110554.0554201508 134571.6244299286
110714.1397952566 134571.6244299286
110874.2241703624 134571.6244299286
111034.3085454683 134571.6244299286
111354.4772956799 134571.6244299286
109753.6335446217 134251.6737028492
110073.8022948333 134251.6737028492
110233.8866699392 134251.6737028492
110393.9710450450 134251.6737028492
110554.0554201508 134251.6737028492
110714.1397952566 134251.6737028492
110874.2241703624 134251.6737028492
111034.3085454683 134251.6737028492
111194.3929205741 134251.6737028492
111354.4772956799 134251.6737028492
110073.8022948333 134091.6983393095
110233.8866699392 134091.6983393095
110073.8022948333 133931.7229757699
110233.8866699392 133931.7229757699
110393.9710450450 133931.7229757699
110554.0554201508 133931.7229757699
110714.1397952566 133931.7229757699
110874.2241703624 133931.7229757699
111034.3085454683 133931.7229757699
111354.4772956799 133931.7229757699
110714.1397952566 133771.7476122302
110233.8866699392 133611.7722486905
110393.9710450450 133611.7722486905
110554.0554201508 133611.7722486905
110714.1397952566 133611.7722486905
110393.9710450450 133291.8215216111
110554.0554201508 133291.8215216111
110393.9710450450 133771.7476122302
110714.1397952566 134411.6490663889

111034.3085454683 135531.4766111667
118878.4429256534 135531.4766111667
111034.3085454683 135211.5258840873
111514.5616707857 135211.5258840873
119358.6960509709 135051.5505205476
110554.0554201508 134891.5751570079
110714.1397952566 134891.5751570079
110874.2241703624 134891.5751570079
111514.5616707857 134891.5751570079
119038.5273007592 134731.5997934683
110233.8866699392 134571.6244299286
110393.9710450450 134571.6244299286
110714.1397952566 134571.6244299286
111034.3085454683 134571.6244299286
111354.4772956799 134571.6244299286
110073.8022948333 134251.6737028492
110233.8866699392 134251.6737028492
110554.0554201508 134251.6737028492
110874.2241703624 134251.6737028492
111034.3085454683 134251.6737028492
110073.8022948333 133931.7229757699
110393.9710450450 133931.7229757699
110714.1397952566 133931.7229757699
127683.0835564736 119373.9648936587
127522.9991813677 119693.9156207381
110554.0554201508 133291.8215216111
110393.9710450450 133291.8215216111
110714.1397952566 133611.7722486905
110554.0554201508 133611.7722486905
110393.9710450450 133611.7722486905
110233.8866699392 133611.7722486905
110714.1397952566 133771.7476122302
111354.4772956799 133931.7229757699
111034.3085454683 133931.7229757699
110874.2241703624 133931.7229757699
110554.0554201508 133931.7229757699
110233.8866699392 133931.7229757699
110233.8866699392 134091.6983393095
110073.8022948333 134091.6983393095
111354.4772956799 134251.6737028492
111194.3929205741 134251.6737028492
110714.1397952566 134251.6737028492
110393.9710450450 134251.6737028492
109753.6335446217 134251.6737028492
110874.2241703624 134571.6244299286
110554.0554201508 134571.6244299286
111194.3929205741 134891.5751570079

118558.2741754418 135851.4273382460
111034.3085454683 135531.4766111667
118878.4429256534 135531.4766111667
118718.3585505476 135371.5012476270
110874.2241703624 135211.5258840873
111514.5616707857 135211.5258840873
119358.6960509709 135051.5505205476
110714.1397952566 134891.5751570079
110874.2241703624 134891.5751570079
111194.3929205741 134891.5751570079
111514.5616707857 134891.5751570079
119038.5273007592 134731.5997934683
110233.8866699392 134571.6244299286
110393.9710450450 134571.6244299286
110714.1397952566 134571.6244299286
110874.2241703624 134571.6244299286
111034.3085454683 134571.6244299286
111354.4772956799 134571.6244299286
110073.8022948333 134251.6737028492
110233.8866699392 134251.6737028492
110393.9710450450 134251.6737028492
110554.0554201508 134251.6737028492
110714.1397952566 134251.6737028492
111194.3929205741 134251.6737028492
111354.4772956799 134251.6737028492
109913.7179197275 133931.7229757699
110233.8866699392 133931.7229757699
110393.9710450450 133931.7229757699
110554.0554201508 133931.7229757699
111034.3085454683 133931.7229757699
110233.8866699392 133611.7722486905
110393.9710450450 133611.7722486905
110554.0554201508 133611.7722486905
110714.1397952566 133611.7722486905
110393.9710450450 133291.8215216111
110554.0554201508 133291.8215216111
110714.1397952566 133291.8215216111
110714.1397952566 132971.8707945317
110554.0554201508 132651.9200674524
116957.4304243836 130732.2157049762
126082.2398054154 124493.1765269286
126082.2398054154 124173.2257998492
126402.4085556270 120493.7924384365
126562.4929307328 120173.8417113571
127522.9991813677 119693.9156207381
127683.0835564736 119373.9648936587
128003.2523066852 119054.0141665793

115196.5022982196 139370.8853361191
115356.5866733254 139050.9346090397
116797.3460492778 138730.9838819603
116637.2616741720 138411.0331548809
116797.3460492778 138091.0824278016
116477.1772990661 137771.1317007222
116637.2616741720 137451.1809736429
118878.4429256534 137131.2302465635
118238.1054252302 136651.3041559445
119038.5273007592 136331.3534288651
119358.6960509709 135531.4766111667
120639.3710518175 132331.9693403730
123040.6366784048 131532.0925226746
118718.3585505476 131052.1664320556
115836.8397986429 130732.2157049762
116957.4304243836 130412.2649778968
117597.7679248069 129932.3388872778
121279.7085522407 129612.3881601984
122240.2148028757 129292.4374331190
125601.9866800979 128172.6098883413
125601.9866800979 127852.6591612619
126082.2398054154 127532.7084341825
125922.1554303095 127052.7823435635
125601.9866800979 126732.8316164841
125922.1554303095 126252.9055258651
126402.4085556270 125932.9547987857
125762.0710552037 125453.0287081667
126242.3241805212 125133.0779810873
125601.9866800979 124813.1272540079
126082.2398054154 124333.2011633889
125762.0710552037 124013.2504363095
126082.2398054154 123693.2997092302
125441.9023049921 123373.3489821508
125922.1554303095 122893.4228915318
125441.9023049921 122573.4721644524
124961.6491796746 122253.5214373730
125601.9866800979 121933.5707102936
125762.0710552037 121613.6199832143
125762.0710552037 121293.6692561349
126082.2398054154 120973.7185290556
126082.2398054154 120653.7678019762
126562.4929307328 120173.8417113571
127683.0835564736 119693.9156207381
127683.0835564736 119373.9648936587
128163.3366817910 119054.0141665793
128483.5054320027 118734.0634395000
109913.7179197275 133611.7722486905

111034.3085454683 135531.4766111667
118878.4429256534 135531.4766111667
111034.3085454683 135211.5258840873
111514.5616707857 135211.5258840873
119358.6960509709 135051.5505205476
110233.8866699392 134891.5751570079
110554.0554201508 134891.5751570079
110714.1397952566 134891.5751570079
110874.2241703624 134891.5751570079
111514.5616707857 134891.5751570079
119038.5273007592 134731.5997934683
110233.8866699392 134571.6244299286
110393.9710450450 134571.6244299286
110554.0554201508 134571.6244299286
110714.1397952566 134571.6244299286
110874.2241703624 134571.6244299286
111034.3085454683 134571.6244299286
111354.4772956799 134571.6244299286
109753.6335446217 134251.6737028492
110073.8022948333 134251.6737028492
110233.8866699392 134251.6737028492
110393.9710450450 134251.6737028492
110554.0554201508 134251.6737028492
110714.1397952566 134251.6737028492
110874.2241703624 134251.6737028492
111034.3085454683 134251.6737028492
111194.3929205741 134251.6737028492
111354.4772956799 134251.6737028492
110073.8022948333 134091.6983393095
109913.7179197275 133931.7229757699
110073.8022948333 133931.7229757699
110233.8866699392 133931.7229757699
110393.9710450450 133931.7229757699
110554.0554201508 133931.7229757699
110714.1397952566 133931.7229757699
110874.2241703624 133931.7229757699
111034.3085454683 133931.7229757699
111354.4772956799 133931.7229757699
110233.8866699392 133611.7722486905
110393.9710450450 133611.7722486905
110554.0554201508 133611.7722486905
110714.1397952566 133611.7722486905
110393.9710450450 133291.8215216111
110554.0554201508 133291.8215216111
128003.2523066852 119054.0141665793
127683.0835564736 119373.9648936587
127522.9991813677 119693.9156207381

111034.3085454683 135531.4766111667
118878.4429256534 135531.4766111667
111034.3085454683 135211.5258840873
111514.5616707857 135211.5258840873
119358.6960509709 135051.5505205476
110554.0554201508 134891.5751570079
110714.1397952566 134891.5751570079
110874.2241703624 134891.5751570079
111514.5616707857 134891.5751570079
119038.5273007592 134731.5997934683
110233.8866699392 134571.6244299286
110393.9710450450 134571.6244299286
110554.0554201508 134571.6244299286
110714.1397952566 134571.6244299286
110874.2241703624 134571.6244299286
111034.3085454683 134571.6244299286
111354.4772956799 134571.6244299286
110073.8022948333 134251.6737028492
110233.8866699392 134251.6737028492
110393.9710450450 134251.6737028492
110554.0554201508 134251.6737028492
110714.1397952566 134251.6737028492
110874.2241703624 134251.6737028492
111034.3085454683 134251.6737028492
111194.3929205741 134251.6737028492
111354.4772956799 134251.6737028492
109913.7179197275 133931.7229757699
110233.8866699392 133931.7229757699
110393.9710450450 133931.7229757699
110554.0554201508 133931.7229757699
110714.1397952566 133931.7229757699
110874.2241703624 133931.7229757699
111034.3085454683 133931.7229757699
110233.8866699392 133611.7722486905
110393.9710450450 133611.7722486905
110554.0554201508 133611.7722486905
110714.1397952566 133611.7722486905
110393.9710450450 133291.8215216111
110554.0554201508 133291.8215216111
110714.1397952566 133291.8215216111
128003.2523066852 119054.0141665793
127683.0835564736 119373.9648936587
127522.9991813677 119693.9156207381
126562.4929307328 120173.8417113571
126402.4085556270 120493.7924384365
126082.2398054154 124173.2257998492
126082.2398054154 124493.1765269286

127683.0835564736 119373.9648936587
127522.9991813677 119693.9156207381
110554.0554201508 133291.8215216111
110393.9710450450 133291.8215216111
110714.1397952566 133611.7722486905
110554.0554201508 133611.7722486905
110393.9710450450 133611.7722486905
110233.8866699392 133611.7722486905
111354.4772956799 133931.7229757699
111034.3085454683 133931.7229757699
110874.2241703624 133931.7229757699
110714.1397952566 133931.7229757699
110554.0554201508 133931.7229757699
110393.9710450450 133931.7229757699
110233.8866699392 133931.7229757699
110073.8022948333 133931.7229757699
109913.7179197275 133931.7229757699
110073.8022948333 134091.6983393095
111354.4772956799 134251.6737028492
111194.3929205741 134251.6737028492
111034.3085454683 134251.6737028492
110874.2241703624 134251.6737028492
110714.1397952566 134251.6737028492
110554.0554201508 134251.6737028492
110393.9710450450 134251.6737028492
110233.8866699392 134251.6737028492
110073.8022948333 134251.6737028492
109753.6335446217 134251.6737028492
111354.4772956799 134571.6244299286
111034.3085454683 134571.6244299286
110874.2241703624 134571.6244299286
110714.1397952566 134571.6244299286
110554.0554201508 134571.6244299286
110393.9710450450 134571.6244299286
110233.8866699392 134571.6244299286
119038.5273007592 134731.5997934683
111194.3929205741 134731.5997934683
110393.9710450450 134731.5997934683
110233.8866699392 134731.5997934683
111514.5616707857 134891.5751570079
110874.2241703624 134891.5751570079
110714.1397952566 134891.5751570079
110554.0554201508 134891.5751570079
110233.8866699392 134891.5751570079
119358.6960509709 135051.5505205476
111514.5616707857 135211.5258840873
111034.3085454683 135211.5258840873

111034.3085454683 135531.4766111667
118878.4429256534 135531.4766111667
110874.2241703624 135211.5258840873
111034.3085454683 135211.5258840873
111514.5616707857 135211.5258840873
119358.6960509709 135051.5505205476
110714.1397952566 134891.5751570079
110874.2241703624 134891.5751570079
111194.3929205741 134891.5751570079
111514.5616707857 134891.5751570079
119038.5273007592 134731.5997934683
110233.8866699392 134571.6244299286
110393.9710450450 134571.6244299286
110554.0554201508 134571.6244299286
110714.1397952566 134571.6244299286
110874.2241703624 134571.6244299286
111034.3085454683 134571.6244299286
111354.4772956799 134571.6244299286
110554.0554201508 133291.8215216111
110393.9710450450 133291.8215216111
110714.1397952566 133611.7722486905
110554.0554201508 133611.7722486905
110393.9710450450 133611.7722486905
110233.8866699392 133611.7722486905
110714.1397952566 133771.7476122302
110393.9710450450 133771.7476122302
111354.4772956799 133931.7229757699
111034.3085454683 133931.7229757699
110874.2241703624 133931.7229757699
110714.1397952566 133931.7229757699
110554.0554201508 133931.7229757699
110393.9710450450 133931.7229757699
110233.8866699392 133931.7229757699
110073.8022948333 133931.7229757699
110233.8866699392 134091.6983393095
110073.8022948333 134091.6983393095
111354.4772956799 134251.6737028492
111194.3929205741 134251.6737028492
111034.3085454683 134251.6737028492
110874.2241703624 134251.6737028492
110714.1397952566 134251.6737028492
110554.0554201508 134251.6737028492
110393.9710450450 134251.6737028492
110233.8866699392 134251.6737028492
110073.8022948333 134251.6737028492
109753.6335446217 134251.6737028492
110714.1397952566 134411.6490663889

111034.3085454683 135531.4766111667
118878.4429256534 135531.4766111667
111034.3085454683 135211.5258840873
111514.5616707857 135211.5258840873
119358.6960509709 135051.5505205476
110554.0554201508 134891.5751570079
110714.1397952566 134891.5751570079
110874.2241703624 134891.5751570079
111514.5616707857 134891.5751570079
128003.2523066852 119054.0141665793
127683.0835564736 119373.9648936587
127522.9991813677 119693.9156207381
126562.4929307328 120173.8417113571
110714.1397952566 133291.8215216111
110554.0554201508 133291.8215216111
110393.9710450450 133291.8215216111
111194.3929205741 133611.7722486905
110714.1397952566 133611.7722486905
110554.0554201508 133611.7722486905
110393.9710450450 133611.7722486905
110233.8866699392 133611.7722486905
111354.4772956799 133931.7229757699
111034.3085454683 133931.7229757699
110874.2241703624 133931.7229757699
110714.1397952566 133931.7229757699
110554.0554201508 133931.7229757699
110393.9710450450 133931.7229757699
110233.8866699392 133931.7229757699
110073.8022948333 133931.7229757699
109913.7179197275 133931.7229757699
111354.4772956799 134251.6737028492
111194.3929205741 134251.6737028492
110874.2241703624 134251.6737028492
110714.1397952566 134251.6737028492
110554.0554201508 134251.6737028492
110393.9710450450 134251.6737028492
110233.8866699392 134251.6737028492
110073.8022948333 134251.6737028492
111354.4772956799 134571.6244299286
111034.3085454683 134571.6244299286
110874.2241703624 134571.6244299286
110714.1397952566 134571.6244299286
110554.0554201508 134571.6244299286
110393.9710450450 134571.6244299286
110233.8866699392 134571.6244299286
119038.5273007592 134731.5997934683
111194.3929205741 134891.5751570079

111034.3085454683 135531.4766111667
118878.4429256534 135531.4766111667
110874.2241703624 135211.5258840873
111034.3085454683 135211.5258840873
111514.5616707857 135211.5258840873
119358.6960509709 135051.5505205476
110714.1397952566 134891.5751570079
110874.2241703624 134891.5751570079
111194.3929205741 134891.5751570079
111514.5616707857 134891.5751570079
119038.5273007592 134731.5997934683
110233.8866699392 134571.6244299286
110393.9710450450 134571.6244299286
110554.0554201508 134571.6244299286
110714.1397952566 134571.6244299286
110874.2241703624 134571.6244299286
111034.3085454683 134571.6244299286
111354.4772956799 134571.6244299286
110073.8022948333 134251.6737028492
110233.8866699392 134251.6737028492
110393.9710450450 134251.6737028492
110554.0554201508 134251.6737028492
110714.1397952566 134251.6737028492
110874.2241703624 134251.6737028492
111194.3929205741 134251.6737028492
111354.4772956799 134251.6737028492
109913.7179197275 133931.7229757699
110233.8866699392 133931.7229757699
110393.9710450450 133931.7229757699
110554.0554201508 133931.7229757699
110714.1397952566 133931.7229757699
110874.2241703624 133931.7229757699
111034.3085454683 133931.7229757699
110233.8866699392 133611.7722486905
110393.9710450450 133611.7722486905
110554.0554201508 133611.7722486905
110714.1397952566 133611.7722486905
110393.9710450450 133291.8215216111
110554.0554201508 133291.8215216111
110714.1397952566 133291.8215216111
128003.2523066852 119054.0141665793
127683.0835564736 119373.9648936587
127522.9991813677 119693.9156207381
126562.4929307328 120173.8417113571
126242.3241805212 124333.2011633889
110233.8866699392 132971.8707945317
111194.3929205741 133611.7722486905

111034.3085454683 135531.4766111667
118878.4429256534 135531.4766111667
111034.3085454683 135211.5258840873
111514.5616707857 135211.5258840873
119358.6960509709 135051.5505205476
110714.1397952566 134891.5751570079
110874.2241703624 134891.5751570079
111194.3929205741 134891.5751570079
111514.5616707857 134891.5751570079
119038.5273007592 134731.5997934683
110233.8866699392 134571.6244299286
110393.9710450450 134571.6244299286
110554.0554201508 134571.6244299286
110714.1397952566 134571.6244299286
110874.2241703624 134571.6244299286
111034.3085454683 134571.6244299286
111354.4772956799 134571.6244299286
109753.6335446217 134251.6737028492
110073.8022948333 134251.6737028492
110233.8866699392 134251.6737028492
110393.9710450450 134251.6737028492
110554.0554201508 134251.6737028492
110714.1397952566 134251.6737028492
110874.2241703624 134251.6737028492
111034.3085454683 134251.6737028492
111194.3929205741 134251.6737028492
111354.4772956799 134251.6737028492
110073.8022948333 134091.6983393095
109913.7179197275 133931.7229757699
110073.8022948333 133931.7229757699
110233.8866699392 133931.7229757699
110393.9710450450 133931.7229757699
110554.0554201508 133931.7229757699
110714.1397952566 133931.7229757699
110874.2241703624 133931.7229757699
111034.3085454683 133931.7229757699
111354.4772956799 133931.7229757699
110233.8866699392 133611.7722486905
110393.9710450450 133611.7722486905
110554.0554201508 133611.7722486905
110714.1397952566 133611.7722486905
110393.9710450450 133291.8215216111
110554.0554201508 133291.8215216111
110714.1397952566 133291.8215216111
127683.0835564736 119373.9648936587
127522.9991813677 119693.9156207381
110554.0554201508 134891.5751570079

111034.3085454683 135531.4766111667
118878.4429256534 135531.4766111667
111034.3085454683 135211.5258840873
111514.5616707857 135211.5258840873
119358.6960509709 135051.5505205476
110554.0554201508 134891.5751570079
110714.1397952566 134891.5751570079
110874.2241703624 134891.5751570079
111514.5616707857 134891.5751570079
119038.5273007592 134731.5997934683
110233.8866699392 134571.6244299286
110393.9710450450 134571.6244299286
110554.0554201508 134571.6244299286
110714.1397952566 134571.6244299286
110874.2241703624 134571.6244299286
111034.3085454683 134571.6244299286
111354.4772956799 134571.6244299286
109753.6335446217 134251.6737028492
110073.8022948333 134251.6737028492
110233.8866699392 134251.6737028492
110393.9710450450 134251.6737028492
110554.0554201508 134251.6737028492
110714.1397952566 134251.6737028492
110874.2241703624 134251.6737028492
111034.3085454683 134251.6737028492
111194.3929205741 134251.6737028492
111354.4772956799 134251.6737028492
110073.8022948333 134091.6983393095
110233.8866699392 134091.6983393095
110073.8022948333 133931.7229757699
110233.8866699392 133931.7229757699
110393.9710450450 133931.7229757699
110554.0554201508 133931.7229757699
110714.1397952566 133931.7229757699
110874.2241703624 133931.7229757699
111034.3085454683 133931.7229757699
110233.8866699392 133611.7722486905
110393.9710450450 133611.7722486905
110554.0554201508 133611.7722486905
110714.1397952566 133611.7722486905
110393.9710450450 133291.8215216111
110554.0554201508 133291.8215216111
128003.2523066852 119054.0141665793
127683.0835564736 119373.9648936587
127522.9991813677 119693.9156207381
126562.4929307328 120173.8417113571
126242.3241805212 124333.2011633889

111034.3085454683 135531.4766111667
118878.4429256534 135531.4766111667
110874.2241703624 135211.5258840873
111034.3085454683 135211.5258840873
111514.5616707857 135211.5258840873
119358.6960509709 135051.5505205476
110714.1397952566 134891.5751570079
110874.2241703624 134891.5751570079
111194.3929205741 134891.5751570079
111514.5616707857 134891.5751570079
119038.5273007592 134731.5997934683
110233.8866699392 134571.6244299286
110393.9710450450 134571.6244299286
110554.0554201508 134571.6244299286
110714.1397952566 134571.6244299286
110874.2241703624 134571.6244299286
111034.3085454683 134571.6244299286
111354.4772956799 134571.6244299286
110073.8022948333 134251.6737028492
110233.8866699392 134251.6737028492
110393.9710450450 134251.6737028492
110554.0554201508 134251.6737028492
110714.1397952566 134251.6737028492
110874.2241703624 134251.6737028492
111194.3929205741 134251.6737028492
111354.4772956799 134251.6737028492
109913.7179197275 133931.7229757699
110233.8866699392 133931.7229757699
110393.9710450450 133931.7229757699
110554.0554201508 133931.7229757699
110714.1397952566 133931.7229757699
110874.2241703624 133931.7229757699
111034.3085454683 133931.7229757699
110233.8866699392 133611.7722486905
110393.9710450450 133611.7722486905
110554.0554201508 133611.7722486905
110714.1397952566 133611.7722486905
110393.9710450450 133291.8215216111
110554.0554201508 133291.8215216111
110714.1397952566 133291.8215216111
127683.0835564736 119373.9648936587
127522.9991813677 119693.9156207381
111354.4772956799 133931.7229757699
110073.8022948333 133931.7229757699
110073.8022948333 134091.6983393095
111034.3085454683 134251.6737028492
109753.6335446217 134251.6737028492

111034.3085454683 135531.4766111667
127683.0835564736 119373.9648936587
127522.9991813677 119693.9156207381
110554.0554201508 133291.8215216111
110393.9710450450 133291.8215216111
110714.1397952566 133611.7722486905
110554.0554201508 133611.7722486905
110393.9710450450 133611.7722486905
110233.8866699392 133611.7722486905
110714.1397952566 133771.7476122302
111354.4772956799 133931.7229757699
111034.3085454683 133931.7229757699
110874.2241703624 133931.7229757699
110714.1397952566 133931.7229757699
110554.0554201508 133931.7229757699
110393.9710450450 133931.7229757699
110233.8866699392 133931.7229757699
110233.8866699392 134091.6983393095
110073.8022948333 134091.6983393095
111194.3929205741 134251.6737028492
111034.3085454683 134251.6737028492
110874.2241703624 134251.6737028492
110714.1397952566 134251.6737028492
110554.0554201508 134251.6737028492
110393.9710450450 134251.6737028492
110233.8866699392 134251.6737028492
110073.8022948333 134251.6737028492
109753.6335446217 134251.6737028492
110714.1397952566 134411.6490663889
110393.9710450450 134411.6490663889
110233.8866699392 134411.6490663889
111674.6460458915 134571.6244299286
111354.4772956799 134571.6244299286
111034.3085454683 134571.6244299286
110874.2241703624 134571.6244299286
110714.1397952566 134571.6244299286
110554.0554201508 134571.6244299286
110393.9710450450 134571.6244299286
110233.8866699392 134571.6244299286
110073.8022948333 134571.6244299286
111194.3929205741 134731.5997934683
110393.9710450450 134731.5997934683
110233.8866699392 134731.5997934683
111514.5616707857 134891.5751570079
110714.1397952566 134891.5751570079
110554.0554201508 134891.5751570079
111514.5616707857 135211.5258840873

111034.3085454683 135211.5258840873
111514.5616707857 135211.5258840873
118878.4429256534 135051.5505205476
110554.0554201508 134891.5751570079
110714.1397952566 134891.5751570079
111514.5616707857 134891.5751570079
110233.8866699392 134731.5997934683
110393.9710450450 134731.5997934683
111194.3929205741 134731.5997934683
110073.8022948333 134571.6244299286
110233.8866699392 134571.6244299286
110393.9710450450 134571.6244299286
110554.0554201508 134571.6244299286
110714.1397952566 134571.6244299286
110874.2241703624 134571.6244299286
111034.3085454683 134571.6244299286
111354.4772956799 134571.6244299286
111674.6460458915 134571.6244299286
110233.8866699392 134411.6490663889
110393.9710450450 134411.6490663889
110714.1397952566 134411.6490663889
109753.6335446217 134251.6737028492
110073.8022948333 134251.6737028492
110233.8866699392 134251.6737028492
110393.9710450450 134251.6737028492
110554.0554201508 134251.6737028492
110714.1397952566 134251.6737028492
110874.2241703624 134251.6737028492
111034.3085454683 134251.6737028492
111194.3929205741 134251.6737028492
110073.8022948333 134091.6983393095
110233.8866699392 134091.6983393095
110233.8866699392 133931.7229757699
110393.9710450450 133931.7229757699
110554.0554201508 133931.7229757699
110714.1397952566 133931.7229757699
110874.2241703624 133931.7229757699
111034.3085454683 133931.7229757699
111354.4772956799 133931.7229757699
110393.9710450450 133771.7476122302
110714.1397952566 133771.7476122302
110233.8866699392 133611.7722486905
110393.9710450450 133611.7722486905
110554.0554201508 133611.7722486905
110714.1397952566 133611.7722486905
128003.2523066852 119054.0141665793
127683.0835564736 119373.9648936587

111034.3085454683 135531.4766111667
118878.4429256534 135531.4766111667
111034.3085454683 135211.5258840873
111514.5616707857 135211.5258840873
119358.6960509709 135051.5505205476
110554.0554201508 134891.5751570079
110714.1397952566 134891.5751570079
110874.2241703624 134891.5751570079
111514.5616707857 134891.5751570079
119038.5273007592 134731.5997934683
110233.8866699392 134571.6244299286
110393.9710450450 134571.6244299286
110714.1397952566 134571.6244299286
110874.2241703624 134571.6244299286
111034.3085454683 134571.6244299286
111354.4772956799 134571.6244299286
110073.8022948333 134251.6737028492
110233.8866699392 134251.6737028492
110393.9710450450 134251.6737028492
110554.0554201508 134251.6737028492
110714.1397952566 134251.6737028492
110874.2241703624 134251.6737028492
111034.3085454683 134251.6737028492
111194.3929205741 134251.6737028492
111354.4772956799 134251.6737028492
109913.7179197275 133931.7229757699
110073.8022948333 133931.7229757699
110233.8866699392 133931.7229757699
110393.9710450450 133931.7229757699
110554.0554201508 133931.7229757699
110714.1397952566 133931.7229757699
110874.2241703624 133931.7229757699
111034.3085454683 133931.7229757699
110233.8866699392 133611.7722486905
110393.9710450450 133611.7722486905
110554.0554201508 133611.7722486905
110714.1397952566 133611.7722486905
110393.9710450450 133291.8215216111
110554.0554201508 133291.8215216111
110714.1397952566 133291.8215216111
126082.2398054154 124493.1765269286
126082.2398054154 124173.2257998492
128003.2523066852 119054.0141665793
127683.0835564736 119373.9648936587
127522.9991813677 119693.9156207381
126562.4929307328 120173.8417113571
126402.4085556270 120493.7924384365

111034.3085454683 135531.4766111667
118878.4429256534 135531.4766111667
111034.3085454683 135211.5258840873
111514.5616707857 135211.5258840873
119358.6960509709 135051.5505205476
110554.0554201508 134891.5751570079
110714.1397952566 134891.5751570079
110874.2241703624 134891.5751570079
111514.5616707857 134891.5751570079
119038.5273007592 134731.5997934683
110233.8866699392 134571.6244299286
110393.9710450450 134571.6244299286
110554.0554201508 134571.6244299286
110714.1397952566 134571.6244299286
110874.2241703624 134571.6244299286
111034.3085454683 134571.6244299286
111354.4772956799 134571.6244299286
109753.6335446217 134251.6737028492
110073.8022948333 134251.6737028492
110233.8866699392 134251.6737028492
110393.9710450450 134251.6737028492
110554.0554201508 134251.6737028492
110714.1397952566 134251.6737028492
110874.2241703624 134251.6737028492
111034.3085454683 134251.6737028492
111194.3929205741 134251.6737028492
111354.4772956799 134251.6737028492
110073.8022948333 134091.6983393095
110233.8866699392 134091.6983393095
110073.8022948333 133931.7229757699
110233.8866699392 133931.7229757699
110393.9710450450 133931.7229757699
110554.0554201508 133931.7229757699
110714.1397952566 133931.7229757699
110874.2241703624 133931.7229757699
111034.3085454683 133931.7229757699
111354.4772956799 133931.7229757699
110233.8866699392 133611.7722486905
110393.9710450450 133611.7722486905
110554.0554201508 133611.7722486905
110714.1397952566 133611.7722486905
110393.9710450450 133291.8215216111
110554.0554201508 133291.8215216111
110714.1397952566 133771.7476122302
110393.9710450450 133771.7476122302
110714.1397952566 134411.6490663889
110393.9710450450 134411.6490663889

118398.1898003360 136651.3041559445
118558.2741754418 136331.3534288651
111034.3085454683 135851.4273382460
118878.4429256534 135851.4273382460
111034.3085454683 135531.4766111667
118878.4429256534 135531.4766111667
110874.2241703624 135211.5258840873
119358.6960509709 135051.5505205476
110714.1397952566 134891.5751570079
111514.5616707857 134891.5751570079
119038.5273007592 134731.5997934683
110554.0554201508 134571.6244299286
111034.3085454683 134571.6244299286
111354.4772956799 134571.6244299286
110233.8866699392 134251.6737028492
110554.0554201508 134251.6737028492
111034.3085454683 134251.6737028492
109913.7179197275 133931.7229757699
110554.0554201508 133931.7229757699
111034.3085454683 133931.7229757699
110233.8866699392 133611.7722486905
110714.1397952566 133611.7722486905
110393.9710450450 133291.8215216111
110233.8866699392 132971.8707945317
110393.9710450450 132491.9447039127
117277.5991745952 131052.1664320556
116957.4304243836 130572.2403414365
116957.4304243836 130252.2896143572
116637.2616741720 129932.3388872778
126082.2398054154 127532.7084341825
126402.4085556270 127052.7823435635
126082.2398054154 126732.8316164841
125922.1554303095 126092.9301623254
126082.2398054154 125613.0040717064
126242.3241805212 125133.0779810873
125601.9866800979 124813.1272540079
126082.2398054154 124493.1765269286
126402.4085556270 124173.2257998492
126082.2398054154 123693.2997092302
125922.1554303095 123373.3489821508
125601.9866800979 123053.3982550714
125762.0710552037 120813.7431655159
126402.4085556270 120493.7924384365
126562.4929307328 120173.8417113571
127522.9991813677 119693.9156207381
128003.2523066852 119054.0141665793
127683.0835564736 119373.9648936587

110554.0554201508 133291.8215216111
110393.9710450450 133291.8215216111
110714.1397952566 133611.7722486905
110554.0554201508 133611.7722486905
110393.9710450450 133611.7722486905
110233.8866699392 133611.7722486905
110714.1397952566 133771.7476122302
110393.9710450450 133771.7476122302
111354.4772956799 133931.7229757699
111034.3085454683 133931.7229757699
110874.2241703624 133931.7229757699
110714.1397952566 133931.7229757699
110554.0554201508 133931.7229757699
110393.9710450450 133931.7229757699
110233.8866699392 133931.7229757699
110233.8866699392 134091.6983393095
110073.8022948333 134091.6983393095
111194.3929205741 134251.6737028492
111034.3085454683 134251.6737028492
110874.2241703624 134251.6737028492
110714.1397952566 134251.6737028492
110554.0554201508 134251.6737028492
110393.9710450450 134251.6737028492
110233.8866699392 134251.6737028492
110073.8022948333 134251.6737028492
109753.6335446217 134251.6737028492
110714.1397952566 134411.6490663889
110393.9710450450 134411.6490663889
110233.8866699392 134411.6490663889
111674.6460458915 134571.6244299286
111354.4772956799 134571.6244299286
111034.3085454683 134571.6244299286
110874.2241703624 134571.6244299286
110714.1397952566 134571.6244299286
110554.0554201508 134571.6244299286
110393.9710450450 134571.6244299286
110233.8866699392 134571.6244299286
119038.5273007592 134731.5997934683
111514.5616707857 134891.5751570079
111194.3929205741 134891.5751570079
110874.2241703624 134891.5751570079
110714.1397952566 134891.5751570079
119358.6960509709 135051.5505205476
111034.3085454683 135211.5258840873
110874.2241703624 135211.5258840873
118878.4429256534 135531.4766111667
111034.3085454683 135531.4766111667

127683.0835564736 119373.9648936587
127522.9991813677 119693.9156207381
110554.0554201508 133291.8215216111
110393.9710450450 133291.8215216111
110714.1397952566 133611.7722486905
110554.0554201508 133611.7722486905
110393.9710450450 133611.7722486905
110233.8866699392 133611.7722486905
111354.4772956799 133931.7229757699
111034.3085454683 133931.7229757699
110874.2241703624 133931.7229757699
110714.1397952566 133931.7229757699
110554.0554201508 133931.7229757699
110393.9710450450 133931.7229757699
110233.8866699392 133931.7229757699
110073.8022948333 133931.7229757699
109913.7179197275 133931.7229757699
110073.8022948333 134091.6983393095
111354.4772956799 134251.6737028492
111194.3929205741 134251.6737028492
111034.3085454683 134251.6737028492
110874.2241703624 134251.6737028492
110714.1397952566 134251.6737028492
110554.0554201508 134251.6737028492
110393.9710450450 134251.6737028492
110233.8866699392 134251.6737028492
110073.8022948333 134251.6737028492
109753.6335446217 134251.6737028492
111354.4772956799 134571.6244299286
111034.3085454683 134571.6244299286
110874.2241703624 134571.6244299286
110714.1397952566 134571.6244299286
110554.0554201508 134571.6244299286
110393.9710450450 134571.6244299286
110233.8866699392 134571.6244299286
119038.5273007592 134731.5997934683
111514.5616707857 134891.5751570079
110874.2241703624 134891.5751570079
110714.1397952566 134891.5751570079
110554.0554201508 134891.5751570079
110233.8866699392 134891.5751570079
119358.6960509709 135051.5505205476
111514.5616707857 135211.5258840873
111034.3085454683 135211.5258840873
110874.2241703624 135211.5258840873
110874.2241703624 135371.5012476270
118878.4429256534 135531.4766111667

111034.3085454683 135531.4766111667
118878.4429256534 135531.4766111667
111034.3085454683 135211.5258840873
111514.5616707857 135211.5258840873
119358.6960509709 135051.5505205476
110554.0554201508 134891.5751570079
110714.1397952566 134891.5751570079
110874.2241703624 134891.5751570079
111514.5616707857 134891.5751570079
111194.3929205741 134731.5997934683
110233.8866699392 134571.6244299286
110393.9710450450 134571.6244299286
110554.0554201508 134571.6244299286
110714.1397952566 134571.6244299286
110874.2241703624 134571.6244299286
111034.3085454683 134571.6244299286
111354.4772956799 134571.6244299286
111674.6460458915 134571.6244299286
110233.8866699392 134411.6490663889
110393.9710450450 134411.6490663889
110714.1397952566 134411.6490663889
109753.6335446217 134251.6737028492
110073.8022948333 134251.6737028492
110233.8866699392 134251.6737028492
110393.9710450450 134251.6737028492
110554.0554201508 134251.6737028492
110714.1397952566 134251.6737028492
110874.2241703624 134251.6737028492
111034.3085454683 134251.6737028492
111194.3929205741 134251.6737028492
110233.8866699392 134091.6983393095
110233.8866699392 133931.7229757699
110393.9710450450 133931.7229757699
110554.0554201508 133931.7229757699
110714.1397952566 133931.7229757699
110874.2241703624 133931.7229757699
111034.3085454683 133931.7229757699
111354.4772956799 133931.7229757699
110714.1397952566 133771.7476122302
110233.8866699392 133611.7722486905
110393.9710450450 133611.7722486905
110554.0554201508 133611.7722486905
110714.1397952566 133611.7722486905
110393.9710450450 133291.8215216111
110554.0554201508 133291.8215216111
127522.9991813677 119693.9156207381
127683.0835564736 119373.9648936587

111034.3085454683 135211.5258840873
111514.5616707857 135211.5258840873
118878.4429256534 135051.5505205476
110554.0554201508 134891.5751570079
110714.1397952566 134891.5751570079
111514.5616707857 134891.5751570079
110233.8866699392 134731.5997934683
110393.9710450450 134731.5997934683
111194.3929205741 134731.5997934683
110073.8022948333 134571.6244299286
110233.8866699392 134571.6244299286
110393.9710450450 134571.6244299286
110554.0554201508 134571.6244299286
110714.1397952566 134571.6244299286
110874.2241703624 134571.6244299286
111034.3085454683 134571.6244299286
111354.4772956799 134571.6244299286
111674.6460458915 134571.6244299286
110233.8866699392 134411.6490663889
110393.9710450450 134411.6490663889
110714.1397952566 134411.6490663889
109753.6335446217 134251.6737028492
110073.8022948333 134251.6737028492
110233.8866699392 134251.6737028492
110393.9710450450 134251.6737028492
110554.0554201508 134251.6737028492
110714.1397952566 134251.6737028492
110874.2241703624 134251.6737028492
111034.3085454683 134251.6737028492
111194.3929205741 134251.6737028492
110073.8022948333 134091.6983393095
110233.8866699392 134091.6983393095
127683.0835564736 119373.9648936587
127522.9991813677 119693.9156207381
110554.0554201508 133291.8215216111
110393.9710450450 133291.8215216111
110714.1397952566 133611.7722486905
110554.0554201508 133611.7722486905
110393.9710450450 133611.7722486905
110233.8866699392 133611.7722486905
110714.1397952566 133771.7476122302
111354.4772956799 133931.7229757699
111034.3085454683 133931.7229757699
110874.2241703624 133931.7229757699
110714.1397952566 133931.7229757699
110554.0554201508 133931.7229757699
110393.9710450450 133931.7229757699

111034.3085454683 135531.4766111667
118878.4429256534 135531.4766111667
111034.3085454683 135211.5258840873
111514.5616707857 135211.5258840873
119358.6960509709 135051.5505205476
110554.0554201508 134891.5751570079
110714.1397952566 134891.5751570079
110874.2241703624 134891.5751570079
111514.5616707857 134891.5751570079
111194.3929205741 134731.5997934683
110233.8866699392 134571.6244299286
110393.9710450450 134571.6244299286
110554.0554201508 134571.6244299286
110714.1397952566 134571.6244299286
110874.2241703624 134571.6244299286
111034.3085454683 134571.6244299286
111354.4772956799 134571.6244299286
111674.6460458915 134571.6244299286
110233.8866699392 134411.6490663889
110393.9710450450 134411.6490663889
110714.1397952566 134411.6490663889
109753.6335446217 134251.6737028492
110073.8022948333 134251.6737028492
110233.8866699392 134251.6737028492
110393.9710450450 134251.6737028492
110554.0554201508 134251.6737028492
110714.1397952566 134251.6737028492
110874.2241703624 134251.6737028492
111034.3085454683 134251.6737028492
111194.3929205741 134251.6737028492
110073.8022948333 134091.6983393095
110233.8866699392 134091.6983393095
110233.8866699392 133931.7229757699
110393.9710450450 133931.7229757699
110554.0554201508 133931.7229757699
110714.1397952566 133931.7229757699
110874.2241703624 133931.7229757699
111034.3085454683 133931.7229757699
111354.4772956799 133931.7229757699
110714.1397952566 133771.7476122302
110233.8866699392 133611.7722486905
110554.0554201508 133611.7722486905
110714.1397952566 133611.7722486905
110393.9710450450 133291.8215216111
110554.0554201508 133291.8215216111
110393.9710450450 133611.7722486905
110393.9710450450 133771.7476122302

115196.5022982196 139370.8853361191
115356.5866733254 139050.9346090397
116797.3460492778 138730.9838819603
116637.2616741720 138411.0331548809
116797.3460492778 138091.0824278016
116477.1772990661 137771.1317007222
116637.2616741720 137451.1809736429
118878.4429256534 137131.2302465635
118238.1054252302 136651.3041559445
119038.5273007592 136331.3534288651
119358.6960509709 135531.4766111667
120639.3710518175 132331.9693403730
123040.6366784048 131532.0925226746
118718.3585505476 131052.1664320556
115836.8397986429 130732.2157049762
116957.4304243836 130412.2649778968
117597.7679248069 129932.3388872778
121279.7085522407 129612.3881601984
122240.2148028757 129292.4374331190
125601.9866800979 128172.6098883413
125601.9866800979 127852.6591612619
126082.2398054154 127532.7084341825
125922.1554303095 127052.7823435635
125601.9866800979 126732.8316164841
125922.1554303095 126252.9055258651
126402.4085556270 125932.9547987857
125762.0710552037 125453.0287081667
126242.3241805212 125133.0779810873
125601.9866800979 124813.1272540079
126082.2398054154 124333.2011633889
125762.0710552037 124013.2504363095
126082.2398054154 123693.2997092302
125441.9023049921 123373.3489821508
125922.1554303095 122893.4228915318
125441.9023049921 122573.4721644524
124961.6491796746 122253.5214373730
125601.9866800979 121933.5707102936
125762.0710552037 121613.6199832143
125762.0710552037 121293.6692561349
126082.2398054154 120973.7185290556
126082.2398054154 120653.7678019762
126562.4929307328 120173.8417113571
127683.0835564736 119693.9156207381
127683.0835564736 119373.9648936587
128163.3366817910 119054.0141665793
128483.5054320027 118734.0634395000
132165.4460594365 118414.1127124206

127683.0835564736 119373.9648936587
127522.9991813677 119693.9156207381
110554.0554201508 133291.8215216111
110393.9710450450 133291.8215216111
110714.1397952566 133611.7722486905
110554.0554201508 133611.7722486905
110393.9710450450 133611.7722486905
110233.8866699392 133611.7722486905
111354.4772956799 133931.7229757699
111034.3085454683 133931.7229757699
110874.2241703624 133931.7229757699
110714.1397952566 133931.7229757699
110554.0554201508 133931.7229757699
110393.9710450450 133931.7229757699
110233.8866699392 133931.7229757699
110073.8022948333 133931.7229757699
109913.7179197275 133931.7229757699
110073.8022948333 134091.6983393095
111354.4772956799 134251.6737028492
111194.3929205741 134251.6737028492
111034.3085454683 134251.6737028492
110874.2241703624 134251.6737028492
110714.1397952566 134251.6737028492
110554.0554201508 134251.6737028492
110393.9710450450 134251.6737028492
110233.8866699392 134251.6737028492
110073.8022948333 134251.6737028492
109753.6335446217 134251.6737028492
111354.4772956799 134571.6244299286
111034.3085454683 134571.6244299286
110874.2241703624 134571.6244299286
110714.1397952566 134571.6244299286
110554.0554201508 134571.6244299286
110393.9710450450 134571.6244299286
110233.8866699392 134571.6244299286
119038.5273007592 134731.5997934683
111514.5616707857 134891.5751570079
110874.2241703624 134891.5751570079
110714.1397952566 134891.5751570079
110554.0554201508 134891.5751570079
110233.8866699392 134891.5751570079
119358.6960509709 135051.5505205476
111514.5616707857 135211.5258840873
111034.3085454683 135211.5258840873
110874.2241703624 135211.5258840873
118878.4429256534 135531.4766111667
111034.3085454683 135531.4766111667

111034.3085454683 135531.4766111667
118878.4429256534 135531.4766111667
111034.3085454683 135211.5258840873
111514.5616707857 135211.5258840873
119358.6960509709 135051.5505205476
110554.0554201508 134891.5751570079
110714.1397952566 134891.5751570079
110874.2241703624 134891.5751570079
111514.5616707857 134891.5751570079
119038.5273007592 134731.5997934683
110233.8866699392 134571.6244299286
110393.9710450450 134571.6244299286
110554.0554201508 134571.6244299286
110714.1397952566 134571.6244299286
110874.2241703624 134571.6244299286
111034.3085454683 134571.6244299286
111354.4772956799 134571.6244299286
109753.6335446217 134251.6737028492
110073.8022948333 134251.6737028492
110233.8866699392 134251.6737028492
110393.9710450450 134251.6737028492
110554.0554201508 134251.6737028492
110714.1397952566 134251.6737028492
110874.2241703624 134251.6737028492
111034.3085454683 134251.6737028492
111194.3929205741 134251.6737028492
111354.4772956799 134251.6737028492
110073.8022948333 134091.6983393095
110233.8866699392 134091.6983393095
110073.8022948333 133931.7229757699
110233.8866699392 133931.7229757699
110393.9710450450 133931.7229757699
110554.0554201508 133931.7229757699
110714.1397952566 133931.7229757699
110874.2241703624 133931.7229757699
111034.3085454683 133931.7229757699
111354.4772956799 133931.7229757699
110233.8866699392 133611.7722486905
110393.9710450450 133611.7722486905
110554.0554201508 133611.7722486905
110714.1397952566 133611.7722486905
110393.9710450450 133291.8215216111
110554.0554201508 133291.8215216111
128003.2523066852 119054.0141665793
127683.0835564736 119373.9648936587
127522.9991813677 119693.9156207381
126562.4929307328 120173.8417113571

111034.3085454683 135531.4766111667
118878.4429256534 135531.4766111667
111034.3085454683 135211.5258840873
111514.5616707857 135211.5258840873
119358.6960509709 135051.5505205476
110554.0554201508 134891.5751570079
110714.1397952566 134891.5751570079
110874.2241703624 134891.5751570079
111514.5616707857 134891.5751570079
119038.5273007592 134731.5997934683
110233.8866699392 134571.6244299286
110393.9710450450 134571.6244299286
110554.0554201508 134571.6244299286
110714.1397952566 134571.6244299286
110874.2241703624 134571.6244299286
111034.3085454683 134571.6244299286
111354.4772956799 134571.6244299286
109753.6335446217 134251.6737028492
110073.8022948333 134251.6737028492
110233.8866699392 134251.6737028492
110393.9710450450 134251.6737028492
110554.0554201508 134251.6737028492
110714.1397952566 134251.6737028492
110874.2241703624 134251.6737028492
111034.3085454683 134251.6737028492
111194.3929205741 134251.6737028492
111354.4772956799 134251.6737028492
110073.8022948333 134091.6983393095
110233.8866699392 134091.6983393095
110073.8022948333 133931.7229757699
110233.8866699392 133931.7229757699
110393.9710450450 133931.7229757699
110554.0554201508 133931.7229757699
110714.1397952566 133931.7229757699
110874.2241703624 133931.7229757699
111034.3085454683 133931.7229757699
111354.4772956799 133931.7229757699
110233.8866699392 133611.7722486905
110393.9710450450 133611.7722486905
110554.0554201508 133611.7722486905
110714.1397952566 133611.7722486905
110393.9710450450 133291.8215216111
110554.0554201508 133291.8215216111
127683.0835564736 119373.9648936587
127522.9991813677 119693.9156207381
110714.1397952566 133771.7476122302
110714.1397952566 134411.6490663889

128003.2523066852 119054.0141665793
127683.0835564736 119373.9648936587
127522.9991813677 119693.9156207381
110554.0554201508 133291.8215216111
110714.1397952566 133611.7722486905
110554.0554201508 133611.7722486905
110393.9710450450 133611.7722486905
110233.8866699392 133611.7722486905
111354.4772956799 133931.7229757699
111034.3085454683 133931.7229757699
110874.2241703624 133931.7229757699
110714.1397952566 133931.7229757699
110554.0554201508 133931.7229757699
110393.9710450450 133931.7229757699
110233.8866699392 133931.7229757699
110073.8022948333 133931.7229757699
109913.7179197275 133931.7229757699
110073.8022948333 134091.6983393095
111354.4772956799 134251.6737028492
111194.3929205741 134251.6737028492
111034.3085454683 134251.6737028492
110874.2241703624 134251.6737028492
110714.1397952566 134251.6737028492
110554.0554201508 134251.6737028492
110393.9710450450 134251.6737028492
110233.8866699392 134251.6737028492
110073.8022948333 134251.6737028492
109753.6335446217 134251.6737028492
111354.4772956799 134571.6244299286
111034.3085454683 134571.6244299286
110874.2241703624 134571.6244299286
110714.1397952566 134571.6244299286
110554.0554201508 134571.6244299286
110393.9710450450 134571.6244299286
110233.8866699392 134571.6244299286
119038.5273007592 134731.5997934683
111514.5616707857 134891.5751570079
110874.2241703624 134891.5751570079
110714.1397952566 134891.5751570079
110554.0554201508 134891.5751570079
110233.8866699392 134891.5751570079
119358.6960509709 135051.5505205476
111514.5616707857 135211.5258840873
111034.3085454683 135211.5258840873
110874.2241703624 135211.5258840873
118878.4429256534 135531.4766111667
111034.3085454683 135531.4766111667

111034.3085454683 135531.4766111667
118878.4429256534 135531.4766111667
110874.2241703624 135211.5258840873
111034.3085454683 135211.5258840873
111514.5616707857 135211.5258840873
119358.6960509709 135051.5505205476
110554.0554201508 134891.5751570079
110714.1397952566 134891.5751570079
110874.2241703624 134891.5751570079
111514.5616707857 134891.5751570079
119038.5273007592 134731.5997934683
110233.8866699392 134571.6244299286
110393.9710450450 134571.6244299286
110554.0554201508 134571.6244299286
110714.1397952566 134571.6244299286
110874.2241703624 134571.6244299286
111034.3085454683 134571.6244299286
111354.4772956799 134571.6244299286
109753.6335446217 134251.6737028492
110073.8022948333 134251.6737028492
110233.8866699392 134251.6737028492
110393.9710450450 134251.6737028492
110554.0554201508 134251.6737028492
110714.1397952566 134251.6737028492
110874.2241703624 134251.6737028492
111034.3085454683 134251.6737028492
111194.3929205741 134251.6737028492
111354.4772956799 134251.6737028492
110073.8022948333 134091.6983393095
109913.7179197275 133931.7229757699
110073.8022948333 133931.7229757699
110233.8866699392 133931.7229757699
110393.9710450450 133931.7229757699
110554.0554201508 133931.7229757699
110714.1397952566 133931.7229757699
110874.2241703624 133931.7229757699
111034.3085454683 133931.7229757699
111354.4772956799 133931.7229757699
110233.8866699392 133611.7722486905
110393.9710450450 133611.7722486905
110554.0554201508 133611.7722486905
110714.1397952566 133611.7722486905
110393.9710450450 133291.8215216111
110554.0554201508 133291.8215216111
128003.2523066852 119054.0141665793
127683.0835564736 119373.9648936587
127522.9991813677 119693.9156207381

128003.2523066852 119054.0141665793
127683.0835564736 119373.9648936587
127522.9991813677 119693.9156207381
126562.4929307328 120173.8417113571
126402.4085556270 120493.7924384365
125922.1554303095 123373.3489821508
126082.2398054154 123693.2997092302
126082.2398054154 124173.2257998492
126082.2398054154 124493.1765269286
126242.3241805212 124973.1026175476
125922.1554303095 125293.0533446270
126402.4085556270 127052.7823435635
126082.2398054154 127532.7084341825
116637.2616741720 129932.3388872778
116957.4304243836 130252.2896143572
116957.4304243836 130572.2403414365
116797.3460492778 130892.1910685159
110554.0554201508 132651.9200674524
110714.1397952566 132971.8707945317
110554.0554201508 133291.8215216111
110393.9710450450 133291.8215216111
110714.1397952566 133611.7722486905
110554.0554201508 133611.7722486905
111034.3085454683 133931.7229757699
110714.1397952566 133931.7229757699
110393.9710450450 133931.7229757699
110073.8022948333 133931.7229757699
111034.3085454683 134251.6737028492
110874.2241703624 134251.6737028492
110554.0554201508 134251.6737028492
110233.8866699392 134251.6737028492
110073.8022948333 134251.6737028492
111354.4772956799 134571.6244299286
111034.3085454683 134571.6244299286
110714.1397952566 134571.6244299286
110393.9710450450 134571.6244299286
110233.8866699392 134571.6244299286
119038.5273007592 134731.5997934683
111514.5616707857 134891.5751570079
110874.2241703624 134891.5751570079
110714.1397952566 134891.5751570079
110554.0554201508 134891.5751570079
119358.6960509709 135051.5505205476
111514.5616707857 135211.5258840873
111034.3085454683 135211.5258840873
118878.4429256534 135531.4766111667
111034.3085454683 135531.4766111667

111034.3085454683 135531.4766111667
118878.4429256534 135531.4766111667
111034.3085454683 135211.5258840873
111514.5616707857 135211.5258840873
119358.6960509709 135051.5505205476
110554.0554201508 134891.5751570079
110714.1397952566 134891.5751570079
110874.2241703624 134891.5751570079
111514.5616707857 134891.5751570079
119038.5273007592 134731.5997934683
110233.8866699392 134571.6244299286
110393.9710450450 134571.6244299286
110714.1397952566 134571.6244299286
111034.3085454683 134571.6244299286
111354.4772956799 134571.6244299286
110073.8022948333 134251.6737028492
110233.8866699392 134251.6737028492
110554.0554201508 134251.6737028492
110874.2241703624 134251.6737028492
111034.3085454683 134251.6737028492
110073.8022948333 133931.7229757699
110393.9710450450 133931.7229757699
110714.1397952566 133931.7229757699
128003.2523066852 119054.0141665793
127683.0835564736 119373.9648936587
127522.9991813677 119693.9156207381
126562.4929307328 120173.8417113571
126402.4085556270 120493.7924384365
126082.2398054154 124173.2257998492
126082.2398054154 124493.1765269286
126242.3241805212 124973.1026175476
126402.4085556270 127052.7823435635
126082.2398054154 127532.7084341825
116637.2616741720 129932.3388872778
116957.4304243836 130252.2896143572
116957.4304243836 130572.2403414365
116797.3460492778 130892.1910685159
110554.0554201508 132651.9200674524
110714.1397952566 132971.8707945317
110714.1397952566 133291.8215216111
110554.0554201508 133291.8215216111
110393.9710450450 133291.8215216111
110714.1397952566 133611.7722486905
110554.0554201508 133611.7722486905
110393.9710450450 133611.7722486905
110233.8866699392 133611.7722486905
111034.3085454683 133931.7229757699

111034.3085454683 135531.4766111667
118878.4429256534 135531.4766111667
111034.3085454683 135211.5258840873
111514.5616707857 135211.5258840873
119358.6960509709 135051.5505205476
110554.0554201508 134891.5751570079
110714.1397952566 134891.5751570079
110874.2241703624 134891.5751570079
111194.3929205741 134891.5751570079
111514.5616707857 134891.5751570079
119038.5273007592 134731.5997934683
110233.8866699392 134571.6244299286
110393.9710450450 134571.6244299286
110554.0554201508 134571.6244299286
110714.1397952566 134571.6244299286
110874.2241703624 134571.6244299286
111034.3085454683 134571.6244299286
111354.4772956799 134571.6244299286
110073.8022948333 134251.6737028492
110233.8866699392 134251.6737028492
110393.9710450450 134251.6737028492
110554.0554201508 134251.6737028492
110714.1397952566 134251.6737028492
110874.2241703624 134251.6737028492
111194.3929205741 134251.6737028492
111354.4772956799 134251.6737028492
109913.7179197275 133931.7229757699
110233.8866699392 133931.7229757699
110393.9710450450 133931.7229757699
110554.0554201508 133931.7229757699
110714.1397952566 133931.7229757699
110874.2241703624 133931.7229757699
111034.3085454683 133931.7229757699
110233.8866699392 133611.7722486905
110393.9710450450 133611.7722486905
110554.0554201508 133611.7722486905
110714.1397952566 133611.7722486905
110393.9710450450 133291.8215216111
110554.0554201508 133291.8215216111
110714.1397952566 133291.8215216111
126082.2398054154 124493.1765269286
126082.2398054154 124173.2257998492
128003.2523066852 119054.0141665793
127683.0835564736 119373.9648936587
127522.9991813677 119693.9156207381
126562.4929307328 120173.8417113571
126402.4085556270 120493.7924384365

116957.4304243836 139370.8853361191
118398.1898003360 136651.3041559445
118558.2741754418 136331.3534288651
111034.3085454683 135851.4273382460
118878.4429256534 135851.4273382460
111034.3085454683 135531.4766111667
118878.4429256534 135531.4766111667
110874.2241703624 135211.5258840873
119358.6960509709 135051.5505205476
110714.1397952566 134891.5751570079
111514.5616707857 134891.5751570079
119038.5273007592 134731.5997934683
110554.0554201508 134571.6244299286
111674.6460458915 134571.6244299286
119518.7804260767 134411.6490663889
110233.8866699392 134251.6737028492
110554.0554201508 134251.6737028492
111194.3929205741 134251.6737028492
109913.7179197275 133931.7229757699
110554.0554201508 133931.7229757699
110233.8866699392 133611.7722486905
110714.1397952566 133611.7722486905
110393.9710450450 133291.8215216111
110233.8866699392 132971.8707945317
110393.9710450450 132491.9447039127
117277.5991745952 131052.1664320556
116957.4304243836 130572.2403414365
116957.4304243836 130252.2896143572
116637.2616741720 129932.3388872778
126082.2398054154 127532.7084341825
126402.4085556270 127052.7823435635
126082.2398054154 126732.8316164841
125922.1554303095 126092.9301623254
126082.2398054154 125613.0040717064
126242.3241805212 125133.0779810873
125601.9866800979 124813.1272540079
126082.2398054154 124493.1765269286
126402.4085556270 124173.2257998492
126082.2398054154 123693.2997092302
125922.1554303095 123373.3489821508
125601.9866800979 123053.3982550714
125762.0710552037 120813.7431655159
126402.4085556270 120493.7924384365
126562.4929307328 120173.8417113571
128003.2523066852 119054.0141665793
127683.0835564736 119373.9648936587
127522.9991813677 119693.9156207381

118558.2741754418 135851.4273382460
111034.3085454683 135531.4766111667
118878.4429256534 135531.4766111667
110874.2241703624 135211.5258840873
111514.5616707857 135211.5258840873
119358.6960509709 135051.5505205476
110714.1397952566 134891.5751570079
110874.2241703624 134891.5751570079
111194.3929205741 134891.5751570079
111514.5616707857 134891.5751570079
119038.5273007592 134731.5997934683
110233.8866699392 134571.6244299286
110393.9710450450 134571.6244299286
110714.1397952566 134571.6244299286
110874.2241703624 134571.6244299286
111034.3085454683 134571.6244299286
111354.4772956799 134571.6244299286
110073.8022948333 134251.6737028492
110233.8866699392 134251.6737028492
110393.9710450450 134251.6737028492
110554.0554201508 134251.6737028492
110714.1397952566 134251.6737028492
110874.2241703624 134251.6737028492
111194.3929205741 134251.6737028492
111354.4772956799 134251.6737028492
109913.7179197275 133931.7229757699
110233.8866699392 133931.7229757699
110393.9710450450 133931.7229757699
110554.0554201508 133931.7229757699
110874.2241703624 133931.7229757699
110233.8866699392 133611.7722486905
110393.9710450450 133611.7722486905
110554.0554201508 133611.7722486905
110714.1397952566 133611.7722486905
110393.9710450450 133291.8215216111
110554.0554201508 133291.8215216111
116957.4304243836 130732.2157049762
126242.3241805212 124973.1026175476
126082.2398054154 124493.1765269286
126082.2398054154 124173.2257998492
126082.2398054154 123693.2997092302
125922.1554303095 123373.3489821508
128003.2523066852 119054.0141665793
127683.0835564736 119373.9648936587
127522.9991813677 119693.9156207381
126562.4929307328 120173.8417113571
126402.4085556270 120493.7924384365

118558.2741754418 135851.4273382460
111034.3085454683 135531.4766111667
118878.4429256534 135531.4766111667
110874.2241703624 135211.5258840873
111514.5616707857 135211.5258840873
119358.6960509709 135051.5505205476
110714.1397952566 134891.5751570079
110874.2241703624 134891.5751570079
111514.5616707857 134891.5751570079
119038.5273007592 134731.5997934683
110233.8866699392 134571.6244299286
110393.9710450450 134571.6244299286
110714.1397952566 134571.6244299286
111034.3085454683 134571.6244299286
111354.4772956799 134571.6244299286
128003.2523066852 119054.0141665793
127683.0835564736 119373.9648936587
127522.9991813677 119693.9156207381
126562.4929307328 120173.8417113571
126402.4085556270 120493.7924384365
125922.1554303095 123373.3489821508
126082.2398054154 123693.2997092302
126082.2398054154 124173.2257998492
126082.2398054154 124493.1765269286
126242.3241805212 124973.1026175476
126402.4085556270 127052.7823435635
126082.2398054154 127532.7084341825
116637.2616741720 129932.3388872778
116957.4304243836 130252.2896143572
116957.4304243836 130572.2403414365
116797.3460492778 130892.1910685159
110554.0554201508 132651.9200674524
110714.1397952566 132971.8707945317
110554.0554201508 133291.8215216111
110393.9710450450 133291.8215216111
110714.1397952566 133611.7722486905
110554.0554201508 133611.7722486905
110393.9710450450 133611.7722486905
110233.8866699392 133611.7722486905
110714.1397952566 133931.7229757699
110393.9710450450 133931.7229757699
110073.8022948333 133931.7229757699
111034.3085454683 134251.6737028492
110874.2241703624 134251.6737028492
110554.0554201508 134251.6737028492
110233.8866699392 134251.6737028492
110073.8022948333 134251.6737028492

110874.2241703624 135851.4273382460
111034.3085454683 135531.4766111667
118878.4429256534 135531.4766111667
111034.3085454683 135211.5258840873
111514.5616707857 135211.5258840873
119358.6960509709 135051.5505205476
110554.0554201508 134891.5751570079
110714.1397952566 134891.5751570079
110874.2241703624 134891.5751570079
111514.5616707857 134891.5751570079
119038.5273007592 134731.5997934683
110233.8866699392 134571.6244299286
110393.9710450450 134571.6244299286
110714.1397952566 134571.6244299286
110874.2241703624 134571.6244299286
111034.3085454683 134571.6244299286
111354.4772956799 134571.6244299286
110073.8022948333 134251.6737028492
110233.8866699392 134251.6737028492
110393.9710450450 134251.6737028492
110554.0554201508 134251.6737028492
110714.1397952566 134251.6737028492
110874.2241703624 134251.6737028492
111194.3929205741 134251.6737028492
111354.4772956799 134251.6737028492
109913.7179197275 133931.7229757699
110233.8866699392 133931.7229757699
110393.9710450450 133931.7229757699
110554.0554201508 133931.7229757699
110874.2241703624 133931.7229757699
111034.3085454683 133931.7229757699
110233.8866699392 133611.7722486905
110554.0554201508 133611.7722486905
110714.1397952566 133611.7722486905
110393.9710450450 133291.8215216111
110554.0554201508 133291.8215216111
116957.4304243836 130732.2157049762
116957.4304243836 130252.2896143572
128003.2523066852 119054.0141665793
127683.0835564736 119373.9648936587
127522.9991813677 119693.9156207381
126562.4929307328 120173.8417113571
126402.4085556270 120493.7924384365
125922.1554303095 123373.3489821508
126082.2398054154 123693.2997092302
126082.2398054154 124173.2257998492
126082.2398054154 124493.1765269286

111034.3085454683 135531.4766111667
118878.4429256534 135531.4766111667
110874.2241703624 135211.5258840873
111034.3085454683 135211.5258840873
111514.5616707857 135211.5258840873
119358.6960509709 135051.5505205476
110554.0554201508 134891.5751570079
110714.1397952566 134891.5751570079
110874.2241703624 134891.5751570079
111514.5616707857 134891.5751570079
119038.5273007592 134731.5997934683
110233.8866699392 134571.6244299286
110393.9710450450 134571.6244299286
110554.0554201508 134571.6244299286
110714.1397952566 134571.6244299286
110874.2241703624 134571.6244299286
111034.3085454683 134571.6244299286
111354.4772956799 134571.6244299286
110073.8022948333 134251.6737028492
110233.8866699392 134251.6737028492
110393.9710450450 134251.6737028492
110554.0554201508 134251.6737028492
110714.1397952566 134251.6737028492
110874.2241703624 134251.6737028492
111194.3929205741 134251.6737028492
111354.4772956799 134251.6737028492
109913.7179197275 133931.7229757699
110233.8866699392 133931.7229757699
110393.9710450450 133931.7229757699
110554.0554201508 133931.7229757699
110714.1397952566 133931.7229757699
110874.2241703624 133931.7229757699
111034.3085454683 133931.7229757699
110233.8866699392 133611.7722486905
110393.9710450450 133611.7722486905
110554.0554201508 133611.7722486905
110714.1397952566 133611.7722486905
110554.0554201508 133291.8215216111
110714.1397952566 133291.8215216111
128003.2523066852 119054.0141665793
127683.0835564736 119373.9648936587
127522.9991813677 119693.9156207381
127362.9148062619 119853.8909842778
126562.4929307328 120173.8417113571
126402.4085556270 120493.7924384365
125922.1554303095 123853.2750727698
126082.2398054154 124173.2257998492

111034.3085454683 135531.4766111667
118878.4429256534 135531.4766111667
110874.2241703624 135211.5258840873
111034.3085454683 135211.5258840873
111514.5616707857 135211.5258840873
119358.6960509709 135051.5505205476
110714.1397952566 134891.5751570079
110874.2241703624 134891.5751570079
111194.3929205741 134891.5751570079
111514.5616707857 134891.5751570079
119038.5273007592 134731.5997934683
110233.8866699392 134571.6244299286
110393.9710450450 134571.6244299286
110554.0554201508 134571.6244299286
110714.1397952566 134571.6244299286
110874.2241703624 134571.6244299286
111034.3085454683 134571.6244299286
111354.4772956799 134571.6244299286
110073.8022948333 134251.6737028492
110233.8866699392 134251.6737028492
110393.9710450450 134251.6737028492
110554.0554201508 134251.6737028492
110714.1397952566 134251.6737028492
110874.2241703624 134251.6737028492
111194.3929205741 134251.6737028492
111354.4772956799 134251.6737028492
109913.7179197275 133931.7229757699
110233.8866699392 133931.7229757699
110393.9710450450 133931.7229757699
110554.0554201508 133931.7229757699
110714.1397952566 133931.7229757699
110874.2241703624 133931.7229757699
111034.3085454683 133931.7229757699
110233.8866699392 133611.7722486905
110393.9710450450 133611.7722486905
110554.0554201508 133611.7722486905
110714.1397952566 133611.7722486905
110554.0554201508 133291.8215216111
110714.1397952566 133291.8215216111
128003.2523066852 119054.0141665793
127683.0835564736 119373.9648936587
127522.9991813677 119693.9156207381
126562.4929307328 120173.8417113571
126402.4085556270 120493.7924384365
126082.2398054154 124173.2257998492
126082.2398054154 124493.1765269286
110393.9710450450 133291.8215216111

111034.3085454683 135531.4766111667
118878.4429256534 135531.4766111667
110874.2241703624 135211.5258840873
111034.3085454683 135211.5258840873
111514.5616707857 135211.5258840873
119358.6960509709 135051.5505205476
110714.1397952566 134891.5751570079
110874.2241703624 134891.5751570079
111194.3929205741 134891.5751570079
111514.5616707857 134891.5751570079
119038.5273007592 134731.5997934683
110233.8866699392 134571.6244299286
110393.9710450450 134571.6244299286
110714.1397952566 134571.6244299286
110874.2241703624 134571.6244299286
111034.3085454683 134571.6244299286
111354.4772956799 134571.6244299286
110073.8022948333 134251.6737028492
110233.8866699392 134251.6737028492
110393.9710450450 134251.6737028492
110554.0554201508 134251.6737028492
110714.1397952566 134251.6737028492
110874.2241703624 134251.6737028492
111194.3929205741 134251.6737028492
111354.4772956799 134251.6737028492
109913.7179197275 133931.7229757699
110233.8866699392 133931.7229757699
110393.9710450450 133931.7229757699
110554.0554201508 133931.7229757699
110874.2241703624 133931.7229757699
110233.8866699392 133611.7722486905
110393.9710450450 133611.7722486905
110554.0554201508 133611.7722486905
110714.1397952566 133611.7722486905
110393.9710450450 133291.8215216111
110554.0554201508 133291.8215216111
128003.2523066852 119054.0141665793
127683.0835564736 119373.9648936587
127522.9991813677 119693.9156207381
126562.4929307328 120173.8417113571
126402.4085556270 120493.7924384365
126082.2398054154 124173.2257998492
126082.2398054154 124493.1765269286
116957.4304243836 130252.2896143572
116957.4304243836 130572.2403414365
116797.3460492778 130892.1910685159
110554.0554201508 132651.9200674524

111034.3085454683 135211.5258840873
111514.5616707857 135211.5258840873
118878.4429256534 135051.5505205476
110554.0554201508 134891.5751570079
110714.1397952566 134891.5751570079
111514.5616707857 134891.5751570079
110233.8866699392 134731.5997934683
110393.9710450450 134731.5997934683
111194.3929205741 134731.5997934683
110073.8022948333 134571.6244299286
110233.8866699392 134571.6244299286
110393.9710450450 134571.6244299286
110554.0554201508 134571.6244299286
110714.1397952566 134571.6244299286
110874.2241703624 134571.6244299286
111034.3085454683 134571.6244299286
111354.4772956799 134571.6244299286
111674.6460458915 134571.6244299286
110233.8866699392 134411.6490663889
110393.9710450450 134411.6490663889
110714.1397952566 134411.6490663889
109753.6335446217 134251.6737028492
110073.8022948333 134251.6737028492
110233.8866699392 134251.6737028492
110393.9710450450 134251.6737028492
110554.0554201508 134251.6737028492
110714.1397952566 134251.6737028492
110874.2241703624 134251.6737028492
111034.3085454683 134251.6737028492
111194.3929205741 134251.6737028492
110073.8022948333 134091.6983393095
110233.8866699392 134091.6983393095
110233.8866699392 133931.7229757699
110393.9710450450 133931.7229757699
110554.0554201508 133931.7229757699
110714.1397952566 133931.7229757699
110874.2241703624 133931.7229757699
111034.3085454683 133931.7229757699
111354.4772956799 133931.7229757699
110714.1397952566 133771.7476122302
110233.8866699392 133611.7722486905
110554.0554201508 133611.7722486905
110714.1397952566 133611.7722486905
110393.9710450450 133291.8215216111
110554.0554201508 133291.8215216111
110393.9710450450 133611.7722486905
110393.9710450450 133771.7476122302

111034.3085454683 135211.5258840873
111514.5616707857 135211.5258840873
110554.0554201508 134891.5751570079
110714.1397952566 134891.5751570079
111514.5616707857 134891.5751570079
110233.8866699392 134731.5997934683
110393.9710450450 134731.5997934683
111194.3929205741 134731.5997934683
110073.8022948333 134571.6244299286
110233.8866699392 134571.6244299286
110393.9710450450 134571.6244299286
110554.0554201508 134571.6244299286
110714.1397952566 134571.6244299286
110874.2241703624 134571.6244299286
111034.3085454683 134571.6244299286
111354.4772956799 134571.6244299286
111674.6460458915 134571.6244299286
110233.8866699392 134411.6490663889
110393.9710450450 134411.6490663889
110714.1397952566 134411.6490663889
109753.6335446217 134251.6737028492
110233.8866699392 134251.6737028492
110393.9710450450 134251.6737028492
110554.0554201508 134251.6737028492
110714.1397952566 134251.6737028492
110874.2241703624 134251.6737028492
111034.3085454683 134251.6737028492
111194.3929205741 134251.6737028492
110073.8022948333 134091.6983393095
110233.8866699392 134091.6983393095
110233.8866699392 133931.7229757699
110393.9710450450 133931.7229757699
110554.0554201508 133931.7229757699
110714.1397952566 133931.7229757699
110874.2241703624 133931.7229757699
111034.3085454683 133931.7229757699
111354.4772956799 133931.7229757699
127683.0835564736 119373.9648936587
127522.9991813677 119693.9156207381
110554.0554201508 133291.8215216111
110393.9710450450 133291.8215216111
110714.1397952566 133611.7722486905
110554.0554201508 133611.7722486905
110393.9710450450 133611.7722486905
110233.8866699392 133611.7722486905
110714.1397952566 133771.7476122302
110073.8022948333 133931.7229757699

111034.3085454683 135531.4766111667
118878.4429256534 135531.4766111667
111034.3085454683 135211.5258840873
111514.5616707857 135211.5258840873
119358.6960509709 135051.5505205476
110554.0554201508 134891.5751570079
110714.1397952566 134891.5751570079
110874.2241703624 134891.5751570079
111194.3929205741 134891.5751570079
111514.5616707857 134891.5751570079
119038.5273007592 134731.5997934683
110233.8866699392 134571.6244299286
110393.9710450450 134571.6244299286
110554.0554201508 134571.6244299286
110714.1397952566 134571.6244299286
110874.2241703624 134571.6244299286
111034.3085454683 134571.6244299286
111354.4772956799 134571.6244299286
110073.8022948333 134251.6737028492
110233.8866699392 134251.6737028492
110393.9710450450 134251.6737028492
110554.0554201508 134251.6737028492
110714.1397952566 134251.6737028492
110874.2241703624 134251.6737028492
111194.3929205741 134251.6737028492
111354.4772956799 134251.6737028492
109913.7179197275 133931.7229757699
110233.8866699392 133931.7229757699
110393.9710450450 133931.7229757699
110554.0554201508 133931.7229757699
110874.2241703624 133931.7229757699
111034.3085454683 133931.7229757699
110233.8866699392 133611.7722486905
110393.9710450450 133611.7722486905
110554.0554201508 133611.7722486905
110714.1397952566 133611.7722486905
111194.3929205741 133611.7722486905
110393.9710450450 133291.8215216111
110554.0554201508 133291.8215216111
116957.4304243836 130572.2403414365
126082.2398054154 124493.1765269286
126082.2398054154 124173.2257998492
128003.2523066852 119054.0141665793
127683.0835564736 119373.9648936587
127522.9991813677 119693.9156207381
126562.4929307328 120173.8417113571
126402.4085556270 120493.7924384365

111034.3085454683 135531.4766111667
118878.4429256534 135531.4766111667
111034.3085454683 135211.5258840873
111514.5616707857 135211.5258840873
119358.6960509709 135051.5505205476
110554.0554201508 134891.5751570079
110714.1397952566 134891.5751570079
110874.2241703624 134891.5751570079
111514.5616707857 134891.5751570079
119038.5273007592 134731.5997934683
110233.8866699392 134571.6244299286
110393.9710450450 134571.6244299286
110714.1397952566 134571.6244299286
111034.3085454683 134571.6244299286
111354.4772956799 134571.6244299286
110073.8022948333 134251.6737028492
110233.8866699392 134251.6737028492
110554.0554201508 134251.6737028492
110874.2241703624 134251.6737028492
111034.3085454683 134251.6737028492
128003.2523066852 119054.0141665793
127683.0835564736 119373.9648936587
127522.9991813677 119693.9156207381
126562.4929307328 120173.8417113571
126402.4085556270 120493.7924384365
126082.2398054154 124173.2257998492
126082.2398054154 124493.1765269286
110714.1397952566 133291.8215216111
110554.0554201508 133291.8215216111
111194.3929205741 133611.7722486905
110714.1397952566 133611.7722486905
110554.0554201508 133611.7722486905
110393.9710450450 133611.7722486905
110233.8866699392 133611.7722486905
111034.3085454683 133931.7229757699
110874.2241703624 133931.7229757699
110714.1397952566 133931.7229757699
110554.0554201508 133931.7229757699
110393.9710450450 133931.7229757699
110233.8866699392 133931.7229757699
109913.7179197275 133931.7229757699
111354.4772956799 134251.6737028492
111194.3929205741 134251.6737028492
110714.1397952566 134251.6737028492
110393.9710450450 134251.6737028492
110874.2241703624 134571.6244299286
110554.0554201508 134571.6244299286

111034.3085454683 135531.4766111667
118878.4429256534 135531.4766111667
110874.2241703624 135211.5258840873
111034.3085454683 135211.5258840873
111514.5616707857 135211.5258840873
119358.6960509709 135051.5505205476
110714.1397952566 134891.5751570079
110874.2241703624 134891.5751570079
111194.3929205741 134891.5751570079
111514.5616707857 134891.5751570079
119038.5273007592 134731.5997934683
110233.8866699392 134571.6244299286
110393.9710450450 134571.6244299286
110714.1397952566 134571.6244299286
110874.2241703624 134571.6244299286
111034.3085454683 134571.6244299286
111354.4772956799 134571.6244299286
110073.8022948333 134251.6737028492
110233.8866699392 134251.6737028492
110393.9710450450 134251.6737028492
110554.0554201508 134251.6737028492
110714.1397952566 134251.6737028492
110874.2241703624 134251.6737028492
111194.3929205741 134251.6737028492
111354.4772956799 134251.6737028492
109913.7179197275 133931.7229757699
110233.8866699392 133931.7229757699
110393.9710450450 133931.7229757699
110554.0554201508 133931.7229757699
110874.2241703624 133931.7229757699
111034.3085454683 133931.7229757699
110233.8866699392 133611.7722486905
110393.9710450450 133611.7722486905
110554.0554201508 133611.7722486905
110714.1397952566 133611.7722486905
110393.9710450450 133291.8215216111
110554.0554201508 133291.8215216111
128003.2523066852 119054.0141665793
127683.0835564736 119373.9648936587
127522.9991813677 119693.9156207381
126562.4929307328 120173.8417113571
126402.4085556270 120493.7924384365
126082.2398054154 124173.2257998492
126082.2398054154 124493.1765269286
116957.4304243836 130572.2403414365
110554.0554201508 132651.9200674524
110714.1397952566 132971.8707945317

111034.3085454683 135531.4766111667
118878.4429256534 135531.4766111667
111034.3085454683 135211.5258840873
111514.5616707857 135211.5258840873
119358.6960509709 135051.5505205476
110554.0554201508 134891.5751570079
110714.1397952566 134891.5751570079
110874.2241703624 134891.5751570079
111514.5616707857 134891.5751570079
119038.5273007592 134731.5997934683
110233.8866699392 134571.6244299286
110393.9710450450 134571.6244299286
110554.0554201508 134571.6244299286
110714.1397952566 134571.6244299286
110874.2241703624 134571.6244299286
111034.3085454683 134571.6244299286
111354.4772956799 134571.6244299286
110073.8022948333 134251.6737028492
110233.8866699392 134251.6737028492
110393.9710450450 134251.6737028492
110554.0554201508 134251.6737028492
110714.1397952566 134251.6737028492
110874.2241703624 134251.6737028492
111034.3085454683 134251.6737028492
111194.3929205741 134251.6737028492
111354.4772956799 134251.6737028492
109913.7179197275 133931.7229757699
110073.8022948333 133931.7229757699
110233.8866699392 133931.7229757699
110393.9710450450 133931.7229757699
110554.0554201508 133931.7229757699
110714.1397952566 133931.7229757699
110874.2241703624 133931.7229757699
111034.3085454683 133931.7229757699
111354.4772956799 133931.7229757699
127683.0835564736 119373.9648936587
127522.9991813677 119693.9156207381
110554.0554201508 133291.8215216111
110393.9710450450 133291.8215216111
110714.1397952566 133611.7722486905
110554.0554201508 133611.7722486905
110393.9710450450 133611.7722486905
110233.8866699392 133611.7722486905
110714.1397952566 133771.7476122302
110233.8866699392 134091.6983393095
110073.8022948333 134091.6983393095
109753.6335446217 134251.6737028492

118558.2741754418 135851.4273382460
111034.3085454683 135531.4766111667
118878.4429256534 135531.4766111667
110874.2241703624 135211.5258840873
111034.3085454683 135211.5258840873
111514.5616707857 135211.5258840873
119358.6960509709 135051.5505205476
110714.1397952566 134891.5751570079
110874.2241703624 134891.5751570079
111514.5616707857 134891.5751570079
119038.5273007592 134731.5997934683
110233.8866699392 134571.6244299286
110393.9710450450 134571.6244299286
110714.1397952566 134571.6244299286
111034.3085454683 134571.6244299286
111354.4772956799 134571.6244299286
110073.8022948333 134251.6737028492
110233.8866699392 134251.6737028492
110554.0554201508 134251.6737028492
110874.2241703624 134251.6737028492
111034.3085454683 134251.6737028492
110073.8022948333 133931.7229757699
110393.9710450450 133931.7229757699
110554.0554201508 133931.7229757699
110714.1397952566 133931.7229757699
111034.3085454683 133931.7229757699
110233.8866699392 133611.7722486905
110393.9710450450 133611.7722486905
110554.0554201508 133611.7722486905
110714.1397952566 133611.7722486905
110393.9710450450 133291.8215216111
110554.0554201508 133291.8215216111
110714.1397952566 132971.8707945317
110554.0554201508 132651.9200674524
116957.4304243836 130572.2403414365
116957.4304243836 130252.2896143572
126402.4085556270 127052.7823435635
125922.1554303095 125293.0533446270
126242.3241805212 124973.1026175476
126082.2398054154 124493.1765269286
126082.2398054154 124173.2257998492
128003.2523066852 119054.0141665793
127683.0835564736 119373.9648936587
127522.9991813677 119693.9156207381
126562.4929307328 120173.8417113571
126402.4085556270 120493.7924384365
125762.0710552037 120813.7431655159

118398.1898003360 136651.3041559445
118558.2741754418 136331.3534288651
111034.3085454683 135851.4273382460
118878.4429256534 135851.4273382460
111034.3085454683 135531.4766111667
118878.4429256534 135531.4766111667
110874.2241703624 135211.5258840873
119358.6960509709 135051.5505205476
110714.1397952566 134891.5751570079
111514.5616707857 134891.5751570079
119038.5273007592 134731.5997934683
110554.0554201508 134571.6244299286
111674.6460458915 134571.6244299286
119518.7804260767 134411.6490663889
110233.8866699392 134251.6737028492
110554.0554201508 134251.6737028492
111194.3929205741 134251.6737028492
109913.7179197275 133931.7229757699
110554.0554201508 133931.7229757699
111034.3085454683 133931.7229757699
110233.8866699392 133611.7722486905
110554.0554201508 133291.8215216111
110233.8866699392 132971.8707945317
110393.9710450450 132491.9447039127
117277.5991745952 131052.1664320556
116797.3460492778 130572.2403414365
116957.4304243836 130252.2896143572
116637.2616741720 129932.3388872778
125922.1554303095 127852.6591612619
126082.2398054154 127532.7084341825
126402.4085556270 127052.7823435635
126082.2398054154 126732.8316164841
128003.2523066852 119054.0141665793
127683.0835564736 119373.9648936587
127522.9991813677 119693.9156207381
126562.4929307328 120173.8417113571
126402.4085556270 120493.7924384365
125762.0710552037 120813.7431655159
126242.3241805212 121293.6692561349
125922.1554303095 123373.3489821508
126082.2398054154 123693.2997092302
125762.0710552037 124013.2504363095
126082.2398054154 124493.1765269286
125601.9866800979 124813.1272540079
126242.3241805212 125133.0779810873
125762.0710552037 125453.0287081667
126402.4085556270 125932.9547987857

118398.1898003360 136651.3041559445
118558.2741754418 136331.3534288651
111034.3085454683 135851.4273382460
118878.4429256534 135851.4273382460
111034.3085454683 135531.4766111667
118878.4429256534 135531.4766111667
110874.2241703624 135211.5258840873
119358.6960509709 135051.5505205476
110714.1397952566 134891.5751570079
111514.5616707857 134891.5751570079
119038.5273007592 134731.5997934683
110554.0554201508 134571.6244299286
119518.7804260767 134411.6490663889
110233.8866699392 134251.6737028492
111194.3929205741 134251.6737028492
110073.8022948333 133931.7229757699
110554.0554201508 133931.7229757699
110714.1397952566 133611.7722486905
110554.0554201508 133291.8215216111
110233.8866699392 132971.8707945317
110874.2241703624 132651.9200674524
116797.3460492778 131532.0925226746
117277.5991745952 131052.1664320556
116797.3460492778 130572.2403414365
116957.4304243836 130252.2896143572
116637.2616741720 129932.3388872778
117117.5147994894 129612.3881601984
126082.2398054154 127532.7084341825
126402.4085556270 127052.7823435635
126242.3241805212 126732.8316164841
125922.1554303095 126252.9055258651
126402.4085556270 125932.9547987857
125762.0710552037 125453.0287081667
126242.3241805212 125133.0779810873
125601.9866800979 124813.1272540079
126082.2398054154 124493.1765269286
125762.0710552037 124013.2504363095
126082.2398054154 123693.2997092302
125922.1554303095 123373.3489821508
126242.3241805212 121293.6692561349
125762.0710552037 120813.7431655159
128003.2523066852 119054.0141665793
127683.0835564736 119373.9648936587
127522.9991813677 119693.9156207381
126562.4929307328 120173.8417113571
126402.4085556270 120493.7924384365
110554.0554201508 133611.7722486905

111034.3085454683 135531.4766111667
118878.4429256534 135531.4766111667
128003.2523066852 119054.0141665793
127683.0835564736 119373.9648936587
127522.9991813677 119693.9156207381
127362.9148062619 119853.8909842778
126562.4929307328 120173.8417113571
126402.4085556270 120493.7924384365
126082.2398054154 124173.2257998492
126082.2398054154 124493.1765269286
126242.3241805212 124973.1026175476
125922.1554303095 125293.0533446270
126402.4085556270 127052.7823435635
116957.4304243836 130252.2896143572
116957.4304243836 130572.2403414365
110554.0554201508 132651.9200674524
110714.1397952566 132971.8707945317
110554.0554201508 133291.8215216111
110393.9710450450 133291.8215216111
110714.1397952566 133611.7722486905
110554.0554201508 133611.7722486905
110393.9710450450 133611.7722486905
110233.8866699392 133611.7722486905
111034.3085454683 133931.7229757699
110714.1397952566 133931.7229757699
110554.0554201508 133931.7229757699
110393.9710450450 133931.7229757699
110073.8022948333 133931.7229757699
111034.3085454683 134251.6737028492
110874.2241703624 134251.6737028492
110554.0554201508 134251.6737028492
110233.8866699392 134251.6737028492
110073.8022948333 134251.6737028492
111354.4772956799 134571.6244299286
111034.3085454683 134571.6244299286
110714.1397952566 134571.6244299286
110393.9710450450 134571.6244299286
110233.8866699392 134571.6244299286
119038.5273007592 134731.5997934683
111514.5616707857 134891.5751570079
110874.2241703624 134891.5751570079
110714.1397952566 134891.5751570079
110554.0554201508 134891.5751570079
119358.6960509709 135051.5505205476
111514.5616707857 135211.5258840873
111034.3085454683 135211.5258840873
118558.2741754418 135851.4273382460

118558.2741754418 135851.4273382460
111034.3085454683 135531.4766111667
118878.4429256534 135531.4766111667
111514.5616707857 135211.5258840873
119358.6960509709 135051.5505205476
110554.0554201508 134891.5751570079
110714.1397952566 134891.5751570079
110874.2241703624 134891.5751570079
111514.5616707857 134891.5751570079
119038.5273007592 134731.5997934683
110233.8866699392 134571.6244299286
110393.9710450450 134571.6244299286
110714.1397952566 134571.6244299286
111034.3085454683 134571.6244299286
111354.4772956799 134571.6244299286
110073.8022948333 134251.6737028492
110233.8866699392 134251.6737028492
110554.0554201508 134251.6737028492
110874.2241703624 134251.6737028492
111034.3085454683 134251.6737028492
110073.8022948333 133931.7229757699
110393.9710450450 133931.7229757699
110714.1397952566 133931.7229757699
110393.9710450450 133611.7722486905
110554.0554201508 133611.7722486905
110714.1397952566 133611.7722486905
110393.9710450450 133291.8215216111
110554.0554201508 133291.8215216111
110714.1397952566 132971.8707945317
116797.3460492778 130892.1910685159
116957.4304243836 130572.2403414365
116957.4304243836 130252.2896143572
116637.2616741720 129932.3388872778
128003.2523066852 119054.0141665793
127683.0835564736 119373.9648936587
127522.9991813677 119693.9156207381
126562.4929307328 120173.8417113571
126402.4085556270 120493.7924384365
125922.1554303095 123373.3489821508
126082.2398054154 123693.2997092302
126082.2398054154 124173.2257998492
126082.2398054154 124493.1765269286
126242.3241805212 124973.1026175476
126402.4085556270 127052.7823435635
110554.0554201508 132651.9200674524
110233.8866699392 133611.7722486905
111034.3085454683 133931.7229757699

118558.2741754418 136171.3780653254
118558.2741754418 135851.4273382460
111034.3085454683 135531.4766111667
118878.4429256534 135531.4766111667
110874.2241703624 135211.5258840873
111514.5616707857 135211.5258840873
119358.6960509709 135051.5505205476
110714.1397952566 134891.5751570079
110874.2241703624 134891.5751570079
111514.5616707857 134891.5751570079
119038.5273007592 134731.5997934683
110233.8866699392 134571.6244299286
110393.9710450450 134571.6244299286
110714.1397952566 134571.6244299286
111034.3085454683 134571.6244299286
111354.4772956799 134571.6244299286
110073.8022948333 134251.6737028492
110233.8866699392 134251.6737028492
110554.0554201508 134251.6737028492
110874.2241703624 134251.6737028492
111034.3085454683 134251.6737028492
110073.8022948333 133931.7229757699
110393.9710450450 133931.7229757699
110554.0554201508 133931.7229757699
110714.1397952566 133931.7229757699
111034.3085454683 133931.7229757699
110233.8866699392 133611.7722486905
110393.9710450450 133611.7722486905
110554.0554201508 133611.7722486905
110714.1397952566 133611.7722486905
110393.9710450450 133291.8215216111
110554.0554201508 133291.8215216111
110714.1397952566 132971.8707945317
110554.0554201508 132651.9200674524
116957.4304243836 130572.2403414365
116957.4304243836 130252.2896143572
128003.2523066852 119054.0141665793
127683.0835564736 119373.9648936587
127522.9991813677 119693.9156207381
127362.9148062619 119853.8909842778
126562.4929307328 120173.8417113571
126402.4085556270 120493.7924384365
126082.2398054154 124173.2257998492
126082.2398054154 124493.1765269286
126242.3241805212 124973.1026175476
125922.1554303095 125293.0533446270
126402.4085556270 127052.7823435635

111034.3085454683 135211.5258840873
111514.5616707857 135211.5258840873
110554.0554201508 134891.5751570079
110714.1397952566 134891.5751570079
111514.5616707857 134891.5751570079
110233.8866699392 134731.5997934683
110393.9710450450 134731.5997934683
111194.3929205741 134731.5997934683
110073.8022948333 134571.6244299286
110233.8866699392 134571.6244299286
110393.9710450450 134571.6244299286
110554.0554201508 134571.6244299286
110714.1397952566 134571.6244299286
110874.2241703624 134571.6244299286
111034.3085454683 134571.6244299286
111354.4772956799 134571.6244299286
111674.6460458915 134571.6244299286
110233.8866699392 134411.6490663889
110393.9710450450 134411.6490663889
110714.1397952566 134411.6490663889
109753.6335446217 134251.6737028492
110073.8022948333 134251.6737028492
110233.8866699392 134251.6737028492
110393.9710450450 134251.6737028492
110554.0554201508 134251.6737028492
110714.1397952566 134251.6737028492
110874.2241703624 134251.6737028492
111034.3085454683 134251.6737028492
111194.3929205741 134251.6737028492
110073.8022948333 134091.6983393095
110233.8866699392 134091.6983393095
110233.8866699392 133931.7229757699
110393.9710450450 133931.7229757699
110554.0554201508 133931.7229757699
110714.1397952566 133931.7229757699
110874.2241703624 133931.7229757699
111034.3085454683 133931.7229757699
111354.4772956799 133931.7229757699
110714.1397952566 133771.7476122302
110233.8866699392 133611.7722486905
118878.4429256534 135051.5505205476
110554.0554201508 133611.7722486905
110714.1397952566 133611.7722486905
110393.9710450450 133291.8215216111
110554.0554201508 133291.8215216111
127683.0835564736 119373.9648936587
127522.9991813677 119693.9156207381

111034.3085454683 135211.5258840873
111514.5616707857 135211.5258840873
110554.0554201508 134891.5751570079
110714.1397952566 134891.5751570079
111514.5616707857 134891.5751570079
110233.8866699392 134731.5997934683
110393.9710450450 134731.5997934683
111194.3929205741 134731.5997934683
110073.8022948333 134571.6244299286
110233.8866699392 134571.6244299286
110393.9710450450 134571.6244299286
110554.0554201508 134571.6244299286
110714.1397952566 134571.6244299286
110874.2241703624 134571.6244299286
111034.3085454683 134571.6244299286
111354.4772956799 134571.6244299286
111674.6460458915 134571.6244299286
110233.8866699392 134411.6490663889
110393.9710450450 134411.6490663889
110714.1397952566 134411.6490663889
109753.6335446217 134251.6737028492
110073.8022948333 134251.6737028492
110233.8866699392 134251.6737028492
110393.9710450450 134251.6737028492
110554.0554201508 134251.6737028492
110714.1397952566 134251.6737028492
110874.2241703624 134251.6737028492
111034.3085454683 134251.6737028492
111194.3929205741 134251.6737028492
110073.8022948333 134091.6983393095
110233.8866699392 134091.6983393095
110233.8866699392 133931.7229757699
110393.9710450450 133931.7229757699
110554.0554201508 133931.7229757699
110714.1397952566 133931.7229757699
110874.2241703624 133931.7229757699
111034.3085454683 133931.7229757699
111354.4772956799 133931.7229757699
110714.1397952566 133771.7476122302
110233.8866699392 133611.7722486905
110393.9710450450 133611.7722486905
110554.0554201508 133611.7722486905
110714.1397952566 133611.7722486905
110393.9710450450 133291.8215216111
110554.0554201508 133291.8215216111
127683.0835564736 119373.9648936587
127522.9991813677 119693.9156207381

111034.3085454683 135531.4766111667
118878.4429256534 135531.4766111667
110874.2241703624 135211.5258840873
111514.5616707857 135211.5258840873
119358.6960509709 135051.5505205476
110554.0554201508 134891.5751570079
110714.1397952566 134891.5751570079
110874.2241703624 134891.5751570079
111514.5616707857 134891.5751570079
119038.5273007592 134731.5997934683
110233.8866699392 134571.6244299286
110393.9710450450 134571.6244299286
110714.1397952566 134571.6244299286
111034.3085454683 134571.6244299286
111354.4772956799 134571.6244299286
110073.8022948333 134251.6737028492
110233.8866699392 134251.6737028492
110554.0554201508 134251.6737028492
110874.2241703624 134251.6737028492
111034.3085454683 134251.6737028492
110073.8022948333 133931.7229757699
110393.9710450450 133931.7229757699
110714.1397952566 133931.7229757699
128003.2523066852 119054.0141665793
127683.0835564736 119373.9648936587
127522.9991813677 119693.9156207381
126562.4929307328 120173.8417113571
126402.4085556270 120493.7924384365
125922.1554303095 123373.3489821508
126082.2398054154 123693.2997092302
126082.2398054154 124173.2257998492
126082.2398054154 124493.1765269286
126242.3241805212 124973.1026175476
125922.1554303095 125293.0533446270
126402.4085556270 127052.7823435635
126082.2398054154 127532.7084341825
116637.2616741720 129932.3388872778
116957.4304243836 130252.2896143572
116957.4304243836 130572.2403414365
116797.3460492778 130892.1910685159
110554.0554201508 132651.9200674524
110714.1397952566 132971.8707945317
110554.0554201508 133291.8215216111
110393.9710450450 133291.8215216111
110714.1397952566 133611.7722486905
110554.0554201508 133611.7722486905
110393.9710450450 133611.7722486905

111034.3085454683 135531.4766111667
118878.4429256534 135531.4766111667
110874.2241703624 135211.5258840873
111514.5616707857 135211.5258840873
119358.6960509709 135051.5505205476
110554.0554201508 134891.5751570079
110714.1397952566 134891.5751570079
110874.2241703624 134891.5751570079
111514.5616707857 134891.5751570079
119038.5273007592 134731.5997934683
110233.8866699392 134571.6244299286
110393.9710450450 134571.6244299286
110714.1397952566 134571.6244299286
111034.3085454683 134571.6244299286
111354.4772956799 134571.6244299286
110073.8022948333 134251.6737028492
110233.8866699392 134251.6737028492
110554.0554201508 134251.6737028492
110874.2241703624 134251.6737028492
111034.3085454683 134251.6737028492
110073.8022948333 133931.7229757699
110393.9710450450 133931.7229757699
110714.1397952566 133931.7229757699
110393.9710450450 133611.7722486905
110554.0554201508 133611.7722486905
110714.1397952566 133611.7722486905
110393.9710450450 133291.8215216111
110554.0554201508 133291.8215216111
110714.1397952566 132971.8707945317
110554.0554201508 132651.9200674524
116797.3460492778 130892.1910685159
116957.4304243836 130572.2403414365
116957.4304243836 130252.2896143572
116637.2616741720 129932.3388872778
128003.2523066852 119054.0141665793
127683.0835564736 119373.9648936587
127522.9991813677 119693.9156207381
127362.9148062619 119853.8909842778
126562.4929307328 120173.8417113571
126402.4085556270 120493.7924384365
126082.2398054154 124173.2257998492
126082.2398054154 124493.1765269286
126242.3241805212 124973.1026175476
125922.1554303095 125293.0533446270
126402.4085556270 127052.7823435635
110233.8866699392 133611.7722486905
111034.3085454683 133931.7229757699

116157.0085488545 139850.8114267381
115196.5022982196 139370.8853361191
115356.5866733254 139050.9346090397
116797.3460492778 138730.9838819603
116637.2616741720 138411.0331548809
116797.3460492778 138091.0824278016
116477.1772990661 137771.1317007222
116637.2616741720 137451.1809736429
118878.4429256534 137131.2302465635
118238.1054252302 136651.3041559445
119038.5273007592 136331.3534288651
119358.6960509709 135531.4766111667
132165.4460594365 118094.1619853413
128483.5054320027 118734.0634395000
128163.3366817910 119054.0141665793
127683.0835564736 119373.9648936587
127683.0835564736 119693.9156207381
126562.4929307328 120173.8417113571
126082.2398054154 120653.7678019762
126082.2398054154 120973.7185290556
125762.0710552037 121293.6692561349
125762.0710552037 121613.6199832143
125601.9866800979 121933.5707102936
124961.6491796746 122253.5214373730
125441.9023049921 122573.4721644524
125922.1554303095 122893.4228915318
125441.9023049921 123373.3489821508
126082.2398054154 123693.2997092302
125762.0710552037 124013.2504363095
126082.2398054154 124333.2011633889
125601.9866800979 124813.1272540079
126242.3241805212 125133.0779810873
125762.0710552037 125453.0287081667
126402.4085556270 125932.9547987857
125922.1554303095 126252.9055258651
125601.9866800979 126732.8316164841
125922.1554303095 127052.7823435635
126082.2398054154 127532.7084341825
125601.9866800979 127852.6591612619
125601.9866800979 128172.6098883413
122720.4679281931 129132.4620695794
121279.7085522407 129612.3881601984
117597.7679248069 129932.3388872778
117277.5991745952 131052.1664320556
117277.5991745952 131372.1171591349
110233.8866699392 132971.8707945317
110233.8866699392 133611.7722486905

111034.3085454683 135531.4766111667
118878.4429256534 135531.4766111667
110874.2241703624 135211.5258840873
111034.3085454683 135211.5258840873
111514.5616707857 135211.5258840873
119358.6960509709 135051.5505205476
110714.1397952566 134891.5751570079
110874.2241703624 134891.5751570079
111194.3929205741 134891.5751570079
111514.5616707857 134891.5751570079
119038.5273007592 134731.5997934683
110233.8866699392 134571.6244299286
110393.9710450450 134571.6244299286
110554.0554201508 134571.6244299286
110714.1397952566 134571.6244299286
110874.2241703624 134571.6244299286
111034.3085454683 134571.6244299286
111354.4772956799 134571.6244299286
110073.8022948333 134251.6737028492
110233.8866699392 134251.6737028492
110393.9710450450 134251.6737028492
110554.0554201508 134251.6737028492
110714.1397952566 134251.6737028492
110874.2241703624 134251.6737028492
111194.3929205741 134251.6737028492
111354.4772956799 134251.6737028492
109913.7179197275 133931.7229757699
110233.8866699392 133931.7229757699
110393.9710450450 133931.7229757699
110554.0554201508 133931.7229757699
110714.1397952566 133931.7229757699
110874.2241703624 133931.7229757699
111034.3085454683 133931.7229757699
110233.8866699392 133611.7722486905
110393.9710450450 133611.7722486905
110554.0554201508 133611.7722486905
110714.1397952566 133611.7722486905
111194.3929205741 133611.7722486905
110554.0554201508 133291.8215216111
110714.1397952566 133291.8215216111
128003.2523066852 119054.0141665793
127683.0835564736 119373.9648936587
127522.9991813677 119693.9156207381
126562.4929307328 120173.8417113571
126402.4085556270 120493.7924384365
116957.4304243836 130252.2896143572
110714.1397952566 132971.8707945317

116957.4304243836 138091.0824278016
118398.1898003360 136651.3041559445
118558.2741754418 136331.3534288651
111034.3085454683 135851.4273382460
118878.4429256534 135851.4273382460
111034.3085454683 135531.4766111667
118878.4429256534 135531.4766111667
110874.2241703624 135211.5258840873
119358.6960509709 135051.5505205476
110714.1397952566 134891.5751570079
111514.5616707857 134891.5751570079
119038.5273007592 134731.5997934683
110554.0554201508 134571.6244299286
119518.7804260767 134411.6490663889
110233.8866699392 134251.6737028492
111194.3929205741 134251.6737028492
110554.0554201508 133931.7229757699
110714.1397952566 133611.7722486905
110554.0554201508 133291.8215216111
110233.8866699392 132971.8707945317
128483.5054320027 118734.0634395000
128003.2523066852 119054.0141665793
127683.0835564736 119373.9648936587
127522.9991813677 119693.9156207381
126562.4929307328 120173.8417113571
126402.4085556270 120493.7924384365
125762.0710552037 120813.7431655159
126242.3241805212 121293.6692561349
125922.1554303095 122253.5214373730
125441.9023049921 122573.4721644524
125922.1554303095 122893.4228915318
125441.9023049921 123373.3489821508
126082.2398054154 123693.2997092302
125762.0710552037 124013.2504363095
126082.2398054154 124333.2011633889
126242.3241805212 124813.1272540079
126242.3241805212 125133.0779810873
125762.0710552037 125453.0287081667
126082.2398054154 125772.9794352461
125922.1554303095 126252.9055258651
126242.3241805212 126732.8316164841
126402.4085556270 127052.7823435635
126082.2398054154 127532.7084341825
116637.2616741720 129932.3388872778
116477.1772990661 130252.2896143572
116957.4304243836 130572.2403414365
117277.5991745952 131052.1664320556

111034.3085454683 135211.5258840873
111514.5616707857 135211.5258840873
110554.0554201508 134891.5751570079
110714.1397952566 134891.5751570079
111514.5616707857 134891.5751570079
110233.8866699392 134731.5997934683
110874.2241703624 134731.5997934683
111194.3929205741 134731.5997934683
110073.8022948333 134571.6244299286
110233.8866699392 134571.6244299286
110393.9710450450 134571.6244299286
110554.0554201508 134571.6244299286
110714.1397952566 134571.6244299286
110874.2241703624 134571.6244299286
111034.3085454683 134571.6244299286
111354.4772956799 134571.6244299286
111674.6460458915 134571.6244299286
110233.8866699392 134411.6490663889
110393.9710450450 134411.6490663889
110714.1397952566 134411.6490663889
118878.4429256534 135531.4766111667
110073.8022948333 134251.6737028492
110233.8866699392 134251.6737028492
110393.9710450450 134251.6737028492
110554.0554201508 134251.6737028492
110714.1397952566 134251.6737028492
110874.2241703624 134251.6737028492
111034.3085454683 134251.6737028492
111194.3929205741 134251.6737028492
111354.4772956799 134251.6737028492
110073.8022948333 134091.6983393095
110393.9710450450 133931.7229757699
110554.0554201508 133931.7229757699
110714.1397952566 133931.7229757699
110874.2241703624 133931.7229757699
111034.3085454683 133931.7229757699
111354.4772956799 133931.7229757699
110714.1397952566 133771.7476122302
110233.8866699392 133611.7722486905
110393.9710450450 133611.7722486905
110554.0554201508 133611.7722486905
110714.1397952566 133611.7722486905
110393.9710450450 133291.8215216111
110554.0554201508 133291.8215216111
127683.0835564736 119373.9648936587
127522.9991813677 119693.9156207381
110233.8866699392 133931.7229757699

111034.3085454683 135531.4766111667
118878.4429256534 135531.4766111667
110874.2241703624 135211.5258840873
111034.3085454683 135211.5258840873
111514.5616707857 135211.5258840873
119358.6960509709 135051.5505205476
110714.1397952566 134891.5751570079
110874.2241703624 134891.5751570079
111194.3929205741 134891.5751570079
111514.5616707857 134891.5751570079
119038.5273007592 134731.5997934683
110233.8866699392 134571.6244299286
110393.9710450450 134571.6244299286
110554.0554201508 134571.6244299286
110714.1397952566 134571.6244299286
110874.2241703624 134571.6244299286
111034.3085454683 134571.6244299286
111354.4772956799 134571.6244299286
110073.8022948333 134251.6737028492
110233.8866699392 134251.6737028492
110393.9710450450 134251.6737028492
110554.0554201508 134251.6737028492
110714.1397952566 134251.6737028492
110874.2241703624 134251.6737028492
111194.3929205741 134251.6737028492
111354.4772956799 134251.6737028492
109913.7179197275 133931.7229757699
110233.8866699392 133931.7229757699
110393.9710450450 133931.7229757699
110554.0554201508 133931.7229757699
110714.1397952566 133931.7229757699
110874.2241703624 133931.7229757699
111034.3085454683 133931.7229757699
110233.8866699392 133611.7722486905
110393.9710450450 133611.7722486905
110554.0554201508 133611.7722486905
110714.1397952566 133611.7722486905
111194.3929205741 133611.7722486905
110554.0554201508 133291.8215216111
110714.1397952566 133291.8215216111
128003.2523066852 119054.0141665793
127683.0835564736 119373.9648936587
127522.9991813677 119693.9156207381
126562.4929307328 120173.8417113571
126402.4085556270 120493.7924384365
126082.2398054154 124173.2257998492
126082.2398054154 124493.1765269286

127683.0835564736 119373.9648936587
127522.9991813677 119693.9156207381
110554.0554201508 133291.8215216111
110393.9710450450 133291.8215216111
110714.1397952566 133611.7722486905
110554.0554201508 133611.7722486905
110393.9710450450 133611.7722486905
110233.8866699392 133611.7722486905
110714.1397952566 133771.7476122302
111354.4772956799 133931.7229757699
111034.3085454683 133931.7229757699
110874.2241703624 133931.7229757699
110714.1397952566 133931.7229757699
110554.0554201508 133931.7229757699
110393.9710450450 133931.7229757699
110233.8866699392 133931.7229757699
109913.7179197275 133931.7229757699
110233.8866699392 134411.6490663889
111354.4772956799 134251.6737028492
111194.3929205741 134251.6737028492
111034.3085454683 134251.6737028492
110874.2241703624 134251.6737028492
110714.1397952566 134251.6737028492
110554.0554201508 134251.6737028492
110393.9710450450 134251.6737028492
110233.8866699392 134251.6737028492
110073.8022948333 134251.6737028492
109753.6335446217 134251.6737028492
110714.1397952566 134411.6490663889
110393.9710450450 134411.6490663889
111354.4772956799 134571.6244299286
111034.3085454683 134571.6244299286
110874.2241703624 134571.6244299286
110714.1397952566 134571.6244299286
110554.0554201508 134571.6244299286
110393.9710450450 134571.6244299286
110233.8866699392 134571.6244299286
119198.6116758651 134731.5997934683
111514.5616707857 134891.5751570079
110874.2241703624 134891.5751570079
110714.1397952566 134891.5751570079
110554.0554201508 134891.5751570079
119358.6960509709 135051.5505205476
111514.5616707857 135211.5258840873
111034.3085454683 135211.5258840873
110874.2241703624 135211.5258840873
118878.4429256534 135531.4766111667

118878.4429256534 135531.4766111667
110874.2241703624 135211.5258840873
111034.3085454683 135211.5258840873
111514.5616707857 135211.5258840873
119358.6960509709 135051.5505205476
110554.0554201508 134891.5751570079
110714.1397952566 134891.5751570079
110874.2241703624 134891.5751570079
111514.5616707857 134891.5751570079
119198.6116758651 134731.5997934683
110233.8866699392 134571.6244299286
110393.9710450450 134571.6244299286
110554.0554201508 134571.6244299286
110714.1397952566 134571.6244299286
110874.2241703624 134571.6244299286
111034.3085454683 134571.6244299286
111354.4772956799 134571.6244299286
110073.8022948333 134251.6737028492
110233.8866699392 134251.6737028492
110393.9710450450 134251.6737028492
110554.0554201508 134251.6737028492
110714.1397952566 134251.6737028492
110874.2241703624 134251.6737028492
111034.3085454683 134251.6737028492
111194.3929205741 134251.6737028492
111354.4772956799 134251.6737028492
110073.8022948333 134091.6983393095
109913.7179197275 133931.7229757699
110233.8866699392 133931.7229757699
110393.9710450450 133931.7229757699
110554.0554201508 133931.7229757699
110714.1397952566 133931.7229757699
110874.2241703624 133931.7229757699
111034.3085454683 133931.7229757699
111354.4772956799 133931.7229757699
110714.1397952566 133771.7476122302
127683.0835564736 119373.9648936587
127522.9991813677 119693.9156207381
110554.0554201508 133291.8215216111
110393.9710450450 133291.8215216111
110714.1397952566 133611.7722486905
110554.0554201508 133611.7722486905
110393.9710450450 133611.7722486905
110233.8866699392 133611.7722486905
111354.4772956799 135211.5258840873
110714.1397952566 134411.6490663889
110393.9710450450 134411.6490663889

111034.3085454683 135531.4766111667
118878.4429256534 135531.4766111667
111034.3085454683 135211.5258840873
111514.5616707857 135211.5258840873
119358.6960509709 135051.5505205476
110554.0554201508 134891.5751570079
110714.1397952566 134891.5751570079
110874.2241703624 134891.5751570079
111514.5616707857 134891.5751570079
119038.5273007592 134731.5997934683
110233.8866699392 134571.6244299286
110393.9710450450 134571.6244299286
110714.1397952566 134571.6244299286
111034.3085454683 134571.6244299286
111354.4772956799 134571.6244299286
110073.8022948333 134251.6737028492
110233.8866699392 134251.6737028492
110554.0554201508 134251.6737028492
110874.2241703624 134251.6737028492
111034.3085454683 134251.6737028492
110073.8022948333 133931.7229757699
110393.9710450450 133931.7229757699
110714.1397952566 133931.7229757699
128003.2523066852 119054.0141665793
127683.0835564736 119373.9648936587
127522.9991813677 119693.9156207381
126562.4929307328 120173.8417113571
126402.4085556270 120493.7924384365
110714.1397952566 133291.8215216111
110554.0554201508 133291.8215216111
110393.9710450450 133291.8215216111
111194.3929205741 133611.7722486905
110714.1397952566 133611.7722486905
110554.0554201508 133611.7722486905
110393.9710450450 133611.7722486905
110233.8866699392 133611.7722486905
111354.4772956799 133931.7229757699
110874.2241703624 133931.7229757699
110554.0554201508 133931.7229757699
110233.8866699392 133931.7229757699
109913.7179197275 133931.7229757699
111354.4772956799 134251.6737028492
111194.3929205741 134251.6737028492
110714.1397952566 134251.6737028492
110393.9710450450 134251.6737028492
110874.2241703624 134571.6244299286
110554.0554201508 134571.6244299286

118398.1898003360 136651.3041559445
118558.2741754418 136331.3534288651
111034.3085454683 135851.4273382460
118878.4429256534 135851.4273382460
111034.3085454683 135531.4766111667
118878.4429256534 135531.4766111667
110874.2241703624 135211.5258840873
119358.6960509709 135051.5505205476
110714.1397952566 134891.5751570079
111514.5616707857 134891.5751570079
119038.5273007592 134731.5997934683
110554.0554201508 134571.6244299286
107512.4522931402 135531.4766111667
119518.7804260767 134411.6490663889
110233.8866699392 134251.6737028492
111354.4772956799 134571.6244299286
111194.3929205741 134251.6737028492
110554.0554201508 133931.7229757699
111034.3085454683 133931.7229757699
110233.8866699392 133611.7722486905
110554.0554201508 133291.8215216111
110233.8866699392 132971.8707945317
110393.9710450450 132491.9447039127
116797.3460492778 130572.2403414365
116957.4304243836 130252.2896143572
116637.2616741720 129932.3388872778
117117.5147994894 129612.3881601984
126082.2398054154 127532.7084341825
126402.4085556270 127052.7823435635
126242.3241805212 126732.8316164841
117117.5147994894 130892.1910685159
126402.4085556270 125932.9547987857
125762.0710552037 125453.0287081667
128483.5054320027 118734.0634395000
128003.2523066852 119054.0141665793
127683.0835564736 119373.9648936587
127522.9991813677 119693.9156207381
126562.4929307328 120173.8417113571
126402.4085556270 120493.7924384365
125762.0710552037 120813.7431655159
126242.3241805212 121293.6692561349
125922.1554303095 123373.3489821508
126082.2398054154 123693.2997092302
125762.0710552037 124013.2504363095
126082.2398054154 124493.1765269286
125601.9866800979 124813.1272540079
126242.3241805212 125133.0779810873

111034.3085454683 135211.5258840873
111514.5616707857 135211.5258840873
119358.6960509709 135051.5505205476
110554.0554201508 134891.5751570079
110714.1397952566 134891.5751570079
110874.2241703624 134891.5751570079
111514.5616707857 134891.5751570079
110233.8866699392 134731.5997934683
110393.9710450450 134731.5997934683
110073.8022948333 134571.6244299286
110233.8866699392 134571.6244299286
110393.9710450450 134571.6244299286
110554.0554201508 134571.6244299286
110714.1397952566 134571.6244299286
111034.3085454683 134571.6244299286
111354.4772956799 134571.6244299286
110233.8866699392 134411.6490663889
110393.9710450450 134411.6490663889
110714.1397952566 134411.6490663889
109753.6335446217 134251.6737028492
110073.8022948333 134251.6737028492
110233.8866699392 134251.6737028492
110393.9710450450 134251.6737028492
110554.0554201508 134251.6737028492
110714.1397952566 134251.6737028492
110874.2241703624 134251.6737028492
111034.3085454683 134251.6737028492
111194.3929205741 134251.6737028492
111354.4772956799 134251.6737028492
110073.8022948333 134091.6983393095
110393.9710450450 133931.7229757699
110554.0554201508 133931.7229757699
110714.1397952566 133931.7229757699
110874.2241703624 133931.7229757699
111034.3085454683 133931.7229757699
111354.4772956799 133931.7229757699
110714.1397952566 133771.7476122302
110233.8866699392 133611.7722486905
110393.9710450450 133611.7722486905
110554.0554201508 133611.7722486905
110714.1397952566 133611.7722486905
110393.9710450450 133291.8215216111
110554.0554201508 133291.8215216111
110714.1397952566 133291.8215216111
127683.0835564736 119373.9648936587
127522.9991813677 119693.9156207381
110233.8866699392 133931.7229757699

118558.2741754418 135851.4273382460
111034.3085454683 135531.4766111667
118878.4429256534 135531.4766111667
110874.2241703624 135211.5258840873
111514.5616707857 135211.5258840873
119358.6960509709 135051.5505205476
110714.1397952566 134891.5751570079
110874.2241703624 134891.5751570079
111514.5616707857 134891.5751570079
119038.5273007592 134731.5997934683
110233.8866699392 134571.6244299286
110393.9710450450 134571.6244299286
110714.1397952566 134571.6244299286
111034.3085454683 134571.6244299286
111354.4772956799 134571.6244299286
110073.8022948333 134251.6737028492
110233.8866699392 134251.6737028492
110554.0554201508 134251.6737028492
110874.2241703624 134251.6737028492
111034.3085454683 134251.6737028492
111194.3929205741 134251.6737028492
110073.8022948333 133931.7229757699
110233.8866699392 133931.7229757699
110393.9710450450 133931.7229757699
110554.0554201508 133931.7229757699
110714.1397952566 133931.7229757699
110874.2241703624 133931.7229757699
111354.4772956799 133931.7229757699
110233.8866699392 133611.7722486905
110393.9710450450 133611.7722486905
110554.0554201508 133611.7722486905
110714.1397952566 133611.7722486905
111194.3929205741 133611.7722486905
110393.9710450450 133291.8215216111
110554.0554201508 133291.8215216111
110714.1397952566 132971.8707945317
110554.0554201508 132651.9200674524
116797.3460492778 130892.1910685159
116957.4304243836 130572.2403414365
116957.4304243836 130252.2896143572
126082.2398054154 124493.1765269286
128003.2523066852 119054.0141665793
127683.0835564736 119373.9648936587
127522.9991813677 119693.9156207381
126562.4929307328 120173.8417113571
126402.4085556270 120493.7924384365
126082.2398054154 124173.2257998492

118398.1898003360 136651.3041559445
118558.2741754418 136331.3534288651
111034.3085454683 135851.4273382460
118878.4429256534 135851.4273382460
111034.3085454683 135531.4766111667
118878.4429256534 135531.4766111667
110874.2241703624 135211.5258840873
119358.6960509709 135051.5505205476
110714.1397952566 134891.5751570079
111514.5616707857 134891.5751570079
119038.5273007592 134731.5997934683
110554.0554201508 134571.6244299286
119518.7804260767 134411.6490663889
110233.8866699392 134251.6737028492
111194.3929205741 134251.6737028492
110073.8022948333 133931.7229757699
110554.0554201508 133931.7229757699
110714.1397952566 133611.7722486905
110554.0554201508 133291.8215216111
110233.8866699392 132971.8707945317
110874.2241703624 132651.9200674524
116797.3460492778 131532.0925226746
117277.5991745952 131052.1664320556
116797.3460492778 130572.2403414365
116957.4304243836 130252.2896143572
116637.2616741720 129932.3388872778
117117.5147994894 129612.3881601984
126082.2398054154 127532.7084341825
126402.4085556270 127052.7823435635
126242.3241805212 126732.8316164841
125922.1554303095 126252.9055258651
126402.4085556270 125932.9547987857
125762.0710552037 125453.0287081667
126242.3241805212 125133.0779810873
125601.9866800979 124813.1272540079
126082.2398054154 124493.1765269286
125762.0710552037 124013.2504363095
126082.2398054154 123693.2997092302
125922.1554303095 123373.3489821508
126242.3241805212 121293.6692561349
125762.0710552037 120813.7431655159
126402.4085556270 120493.7924384365
126562.4929307328 120173.8417113571
127522.9991813677 119693.9156207381
127683.0835564736 119373.9648936587
128003.2523066852 119054.0141665793
128483.5054320027 118734.0634395000

118238.1054252302 136171.3780653254
118558.2741754418 135851.4273382460
111034.3085454683 135531.4766111667
118878.4429256534 135531.4766111667
110874.2241703624 135211.5258840873
111514.5616707857 135211.5258840873
119358.6960509709 135051.5505205476
110714.1397952566 134891.5751570079
110874.2241703624 134891.5751570079
111514.5616707857 134891.5751570079
119038.5273007592 134731.5997934683
110233.8866699392 134571.6244299286
110393.9710450450 134571.6244299286
110714.1397952566 134571.6244299286
111034.3085454683 134571.6244299286
111354.4772956799 134571.6244299286
110073.8022948333 134251.6737028492
110233.8866699392 134251.6737028492
110554.0554201508 134251.6737028492
111034.3085454683 134251.6737028492
110073.8022948333 133931.7229757699
110393.9710450450 133931.7229757699
110714.1397952566 133931.7229757699
110393.9710450450 133611.7722486905
110554.0554201508 133611.7722486905
111194.3929205741 133611.7722486905
110393.9710450450 133291.8215216111
110554.0554201508 133291.8215216111
110714.1397952566 132971.8707945317
110554.0554201508 132651.9200674524
128003.2523066852 119054.0141665793
127683.0835564736 119373.9648936587
127522.9991813677 119693.9156207381
126562.4929307328 120173.8417113571
126402.4085556270 120493.7924384365
125762.0710552037 120813.7431655159
125922.1554303095 123373.3489821508
126082.2398054154 123693.2997092302
126082.2398054154 124173.2257998492
126082.2398054154 124493.1765269286
126242.3241805212 124973.1026175476
125922.1554303095 125293.0533446270
126402.4085556270 127052.7823435635
126082.2398054154 127532.7084341825
116637.2616741720 129932.3388872778
116957.4304243836 130252.2896143572
116957.4304243836 130572.2403414365

111034.3085454683 135211.5258840873
111514.5616707857 135211.5258840873
110554.0554201508 134891.5751570079
110714.1397952566 134891.5751570079
111514.5616707857 134891.5751570079
110233.8866699392 134731.5997934683
110393.9710450450 134731.5997934683
111194.3929205741 134731.5997934683
110073.8022948333 134571.6244299286
110233.8866699392 134571.6244299286
110393.9710450450 134571.6244299286
110554.0554201508 134571.6244299286
110714.1397952566 134571.6244299286
110874.2241703624 134571.6244299286
111034.3085454683 134571.6244299286
111354.4772956799 134571.6244299286
111674.6460458915 134571.6244299286
110233.8866699392 134411.6490663889
110393.9710450450 134411.6490663889
110714.1397952566 134411.6490663889
109753.6335446217 134251.6737028492
110073.8022948333 134251.6737028492
110233.8866699392 134251.6737028492
110393.9710450450 134251.6737028492
110554.0554201508 134251.6737028492
110714.1397952566 134251.6737028492
110874.2241703624 134251.6737028492
111034.3085454683 134251.6737028492
111194.3929205741 134251.6737028492
111354.4772956799 134251.6737028492
110073.8022948333 134091.6983393095
110393.9710450450 133931.7229757699
110554.0554201508 133931.7229757699
110714.1397952566 133931.7229757699
110874.2241703624 133931.7229757699
111034.3085454683 133931.7229757699
111354.4772956799 133931.7229757699
110714.1397952566 133771.7476122302
110233.8866699392 133611.7722486905
110393.9710450450 133611.7722486905
110554.0554201508 133611.7722486905
110714.1397952566 133611.7722486905
110393.9710450450 133291.8215216111
110554.0554201508 133291.8215216111
127683.0835564736 119373.9648936587
127522.9991813677 119693.9156207381
110233.8866699392 133931.7229757699

118558.2741754418 136331.3534288651
118558.2741754418 135851.4273382460
111034.3085454683 135531.4766111667
118878.4429256534 135531.4766111667
110874.2241703624 135211.5258840873
111514.5616707857 135211.5258840873
119358.6960509709 135051.5505205476
110714.1397952566 134891.5751570079
111514.5616707857 134891.5751570079
119038.5273007592 134731.5997934683
110233.8866699392 134571.6244299286
110714.1397952566 134571.6244299286
111034.3085454683 134571.6244299286
111354.4772956799 134571.6244299286
128003.2523066852 119054.0141665793
127683.0835564736 119373.9648936587
127522.9991813677 119693.9156207381
126562.4929307328 120173.8417113571
126402.4085556270 120493.7924384365
125762.0710552037 120813.7431655159
125922.1554303095 123373.3489821508
126082.2398054154 123693.2997092302
126082.2398054154 124173.2257998492
126082.2398054154 124493.1765269286
126242.3241805212 124973.1026175476
125922.1554303095 125293.0533446270
126402.4085556270 127052.7823435635
126082.2398054154 127532.7084341825
116637.2616741720 129932.3388872778
116957.4304243836 130252.2896143572
116957.4304243836 130572.2403414365
116797.3460492778 130892.1910685159
117437.6835497011 131212.1417955953
110714.1397952566 132971.8707945317
110554.0554201508 133291.8215216111
110393.9710450450 133291.8215216111
110554.0554201508 133611.7722486905
110393.9710450450 133611.7722486905
110714.1397952566 133931.7229757699
110393.9710450450 133931.7229757699
110073.8022948333 133931.7229757699
111034.3085454683 134251.6737028492
110554.0554201508 134251.6737028492
110233.8866699392 134251.6737028492
110073.8022948333 134251.6737028492
110393.9710450450 134571.6244299286
110874.2241703624 134891.5751570079

118238.1054252302 136171.3780653254
118558.2741754418 135851.4273382460
111034.3085454683 135531.4766111667
118878.4429256534 135531.4766111667
110874.2241703624 135211.5258840873
111514.5616707857 135211.5258840873
119358.6960509709 135051.5505205476
110714.1397952566 134891.5751570079
110874.2241703624 134891.5751570079
111514.5616707857 134891.5751570079
119038.5273007592 134731.5997934683
128003.2523066852 119054.0141665793
127683.0835564736 119373.9648936587
127522.9991813677 119693.9156207381
126562.4929307328 120173.8417113571
126402.4085556270 120493.7924384365
125762.0710552037 120813.7431655159
125922.1554303095 123373.3489821508
126082.2398054154 123693.2997092302
126082.2398054154 124173.2257998492
126082.2398054154 124493.1765269286
126242.3241805212 124973.1026175476
125922.1554303095 125293.0533446270
126402.4085556270 127052.7823435635
126082.2398054154 127532.7084341825
116637.2616741720 129932.3388872778
116957.4304243836 130252.2896143572
116957.4304243836 130572.2403414365
116797.3460492778 130892.1910685159
110714.1397952566 132971.8707945317
110554.0554201508 133291.8215216111
110393.9710450450 133291.8215216111
110714.1397952566 133611.7722486905
110554.0554201508 133611.7722486905
110393.9710450450 133611.7722486905
110714.1397952566 133931.7229757699
110393.9710450450 133931.7229757699
110073.8022948333 133931.7229757699
111034.3085454683 134251.6737028492
110874.2241703624 134251.6737028492
110554.0554201508 134251.6737028492
110233.8866699392 134251.6737028492
110073.8022948333 134251.6737028492
111354.4772956799 134571.6244299286
111034.3085454683 134571.6244299286
110714.1397952566 134571.6244299286
110393.9710450450 134571.6244299286

118558.2741754418 135851.4273382460
111034.3085454683 135531.4766111667
118878.4429256534 135531.4766111667
110874.2241703624 135211.5258840873
111514.5616707857 135211.5258840873
119358.6960509709 135051.5505205476
110714.1397952566 134891.5751570079
110874.2241703624 134891.5751570079
111514.5616707857 134891.5751570079
119038.5273007592 134731.5997934683
110233.8866699392 134571.6244299286
110393.9710450450 134571.6244299286
110714.1397952566 134571.6244299286
111034.3085454683 134571.6244299286
111354.4772956799 134571.6244299286
110073.8022948333 134251.6737028492
110233.8866699392 134251.6737028492
110554.0554201508 134251.6737028492
111034.3085454683 134251.6737028492
110073.8022948333 133931.7229757699
110393.9710450450 133931.7229757699
110714.1397952566 133931.7229757699
128003.2523066852 119054.0141665793
127683.0835564736 119373.9648936587
127522.9991813677 119693.9156207381
126562.4929307328 120173.8417113571
126402.4085556270 120493.7924384365
125762.0710552037 120813.7431655159
125922.1554303095 123373.3489821508
126082.2398054154 123693.2997092302
126402.4085556270 124173.2257998492
126082.2398054154 124493.1765269286
125601.9866800979 124813.1272540079
126242.3241805212 125133.0779810873
126082.2398054154 125613.0040717064
126082.2398054154 126732.8316164841
126402.4085556270 127052.7823435635
126082.2398054154 127532.7084341825
116637.2616741720 129932.3388872778
116957.4304243836 130252.2896143572
116957.4304243836 130572.2403414365
117277.5991745952 131052.1664320556
110393.9710450450 132491.9447039127
110233.8866699392 132971.8707945317
110393.9710450450 133291.8215216111
110714.1397952566 133611.7722486905
110233.8866699392 133611.7722486905

118238.1054252302 136171.3780653254
118558.2741754418 135851.4273382460
111034.3085454683 135531.4766111667
118878.4429256534 135531.4766111667
110874.2241703624 135211.5258840873
111514.5616707857 135211.5258840873
119358.6960509709 135051.5505205476
110714.1397952566 134891.5751570079
110874.2241703624 134891.5751570079
111514.5616707857 134891.5751570079
119038.5273007592 134731.5997934683
110233.8866699392 134571.6244299286
110393.9710450450 134571.6244299286
110714.1397952566 134571.6244299286
111034.3085454683 134571.6244299286
111354.4772956799 134571.6244299286
110073.8022948333 134251.6737028492
110233.8866699392 134251.6737028492
110554.0554201508 134251.6737028492
111034.3085454683 134251.6737028492
110073.8022948333 133931.7229757699
110393.9710450450 133931.7229757699
110714.1397952566 133931.7229757699
110393.9710450450 133611.7722486905
110554.0554201508 133611.7722486905
110393.9710450450 133291.8215216111
110554.0554201508 133291.8215216111
110714.1397952566 132971.8707945317
117437.6835497011 131212.1417955953
116797.3460492778 130892.1910685159
116957.4304243836 130572.2403414365
116957.4304243836 130252.2896143572
116637.2616741720 129932.3388872778
126082.2398054154 127532.7084341825
126402.4085556270 127052.7823435635
125922.1554303095 125293.0533446270
126242.3241805212 124973.1026175476
126082.2398054154 124493.1765269286
126082.2398054154 124173.2257998492
126082.2398054154 123693.2997092302
125922.1554303095 123373.3489821508
128003.2523066852 119054.0141665793
127683.0835564736 119373.9648936587
127522.9991813677 119693.9156207381
126562.4929307328 120173.8417113571
126402.4085556270 120493.7924384365
110554.0554201508 132651.9200674524

116797.3460492778 138091.0824278016
118398.1898003360 136651.3041559445
118558.2741754418 136331.3534288651
118558.2741754418 135851.4273382460
111034.3085454683 135531.4766111667
118878.4429256534 135531.4766111667
110874.2241703624 135211.5258840873
119358.6960509709 135051.5505205476
110714.1397952566 134891.5751570079
119038.5273007592 134731.5997934683
110554.0554201508 134571.6244299286
107352.3679180344 134411.6490663889
110233.8866699392 134251.6737028492
111194.3929205741 134251.6737028492
110554.0554201508 133931.7229757699
110714.1397952566 133611.7722486905
110554.0554201508 133291.8215216111
110233.8866699392 132971.8707945317
110874.2241703624 132651.9200674524
110874.2241703624 132331.9693403730
117277.5991745952 131052.1664320556
116957.4304243836 130572.2403414365
116477.1772990661 130252.2896143572
116637.2616741720 129932.3388872778
126082.2398054154 127532.7084341825
126402.4085556270 127052.7823435635
126242.3241805212 126732.8316164841
125922.1554303095 126252.9055258651
126082.2398054154 125772.9794352461
125762.0710552037 125453.0287081667
126242.3241805212 125133.0779810873
126242.3241805212 124813.1272540079
126082.2398054154 124333.2011633889
125762.0710552037 124013.2504363095
126082.2398054154 123693.2997092302
125441.9023049921 123373.3489821508
125922.1554303095 122893.4228915318
125441.9023049921 122573.4721644524
125922.1554303095 122253.5214373730
126242.3241805212 121293.6692561349
125762.0710552037 120813.7431655159
126402.4085556270 120493.7924384365
126562.4929307328 120173.8417113571
127522.9991813677 119693.9156207381
127683.0835564736 119373.9648936587
128003.2523066852 119054.0141665793
128483.5054320027 118734.0634395000

118558.2741754418 136331.3534288651
111034.3085454683 135851.4273382460
118558.2741754418 135851.4273382460
111034.3085454683 135531.4766111667
118878.4429256534 135531.4766111667
110874.2241703624 135211.5258840873
128003.2523066852 119054.0141665793
127683.0835564736 119373.9648936587
127522.9991813677 119693.9156207381
126562.4929307328 120173.8417113571
126402.4085556270 120493.7924384365
125762.0710552037 120813.7431655159
125922.1554303095 123373.3489821508
126082.2398054154 123693.2997092302
126402.4085556270 124173.2257998492
126082.2398054154 124493.1765269286
125601.9866800979 124813.1272540079
126242.3241805212 125133.0779810873
126082.2398054154 125613.0040717064
126082.2398054154 126732.8316164841
126402.4085556270 127052.7823435635
126082.2398054154 127532.7084341825
116637.2616741720 129932.3388872778
116957.4304243836 130252.2896143572
116957.4304243836 130572.2403414365
117277.5991745952 131052.1664320556
110393.9710450450 132491.9447039127
110233.8866699392 132971.8707945317
110393.9710450450 133291.8215216111
110714.1397952566 133611.7722486905
110233.8866699392 133611.7722486905
111034.3085454683 133931.7229757699
110714.1397952566 133931.7229757699
110554.0554201508 133931.7229757699
111194.3929205741 134251.6737028492
110554.0554201508 134251.6737028492
110233.8866699392 134251.6737028492
111354.4772956799 134571.6244299286
111034.3085454683 134571.6244299286
110714.1397952566 134571.6244299286
110393.9710450450 134571.6244299286
110233.8866699392 134571.6244299286
119038.5273007592 134731.5997934683
111514.5616707857 134891.5751570079
110874.2241703624 134891.5751570079
110714.1397952566 134891.5751570079
119358.6960509709 135051.5505205476

118398.1898003360 136651.3041559445
118558.2741754418 136331.3534288651
111034.3085454683 135851.4273382460
118878.4429256534 135851.4273382460
111034.3085454683 135531.4766111667
118878.4429256534 135531.4766111667
110874.2241703624 135211.5258840873
119358.6960509709 135051.5505205476
110714.1397952566 134891.5751570079
111514.5616707857 134891.5751570079
119038.5273007592 134731.5997934683
110554.0554201508 134571.6244299286
111674.6460458915 134571.6244299286
128483.5054320027 118734.0634395000
128003.2523066852 119054.0141665793
127683.0835564736 119373.9648936587
127522.9991813677 119693.9156207381
126562.4929307328 120173.8417113571
126402.4085556270 120493.7924384365
125762.0710552037 120813.7431655159
126242.3241805212 121293.6692561349
125922.1554303095 122253.5214373730
125441.9023049921 122573.4721644524
125922.1554303095 122893.4228915318
125441.9023049921 123373.3489821508
126082.2398054154 123693.2997092302
125762.0710552037 124013.2504363095
126082.2398054154 124333.2011633889
126242.3241805212 124813.1272540079
126242.3241805212 125133.0779810873
125762.0710552037 125453.0287081667
126082.2398054154 125772.9794352461
125922.1554303095 126252.9055258651
126242.3241805212 126732.8316164841
126402.4085556270 127052.7823435635
126082.2398054154 127532.7084341825
116637.2616741720 129932.3388872778
116477.1772990661 130252.2896143572
116957.4304243836 130572.2403414365
117277.5991745952 131052.1664320556
110874.2241703624 132331.9693403730
110874.2241703624 132651.9200674524
110233.8866699392 132971.8707945317
110554.0554201508 133291.8215216111
110714.1397952566 133611.7722486905
110554.0554201508 133931.7229757699
111194.3929205741 134251.6737028492

118558.2741754418 135851.4273382460
111034.3085454683 135531.4766111667
118878.4429256534 135531.4766111667
110874.2241703624 135211.5258840873
111514.5616707857 135211.5258840873
119358.6960509709 135051.5505205476
110714.1397952566 134891.5751570079
110874.2241703624 134891.5751570079
111514.5616707857 134891.5751570079
128003.2523066852 119054.0141665793
127683.0835564736 119373.9648936587
127522.9991813677 119693.9156207381
126562.4929307328 120173.8417113571
126402.4085556270 120493.7924384365
125762.0710552037 120813.7431655159
125922.1554303095 123373.3489821508
126082.2398054154 123693.2997092302
126082.2398054154 124173.2257998492
126082.2398054154 124493.1765269286
126242.3241805212 124973.1026175476
125922.1554303095 125293.0533446270
126402.4085556270 127052.7823435635
126082.2398054154 127532.7084341825
116637.2616741720 129932.3388872778
116957.4304243836 130252.2896143572
116957.4304243836 130572.2403414365
116797.3460492778 130892.1910685159
117437.6835497011 131212.1417955953
110714.1397952566 132971.8707945317
110554.0554201508 133291.8215216111
110393.9710450450 133291.8215216111
110714.1397952566 133611.7722486905
110554.0554201508 133611.7722486905
110393.9710450450 133611.7722486905
110714.1397952566 133931.7229757699
110393.9710450450 133931.7229757699
110073.8022948333 133931.7229757699
111034.3085454683 134251.6737028492
110554.0554201508 134251.6737028492
110233.8866699392 134251.6737028492
110073.8022948333 134251.6737028492
111354.4772956799 134571.6244299286
111034.3085454683 134571.6244299286
110714.1397952566 134571.6244299286
110393.9710450450 134571.6244299286
110233.8866699392 134571.6244299286
119038.5273007592 134731.5997934683

116157.0085488545 139850.8114267381
115196.5022982196 139370.8853361191
115356.5866733254 139050.9346090397
116797.3460492778 138730.9838819603
116637.2616741720 138411.0331548809
116797.3460492778 138091.0824278016
116477.1772990661 137771.1317007222
116637.2616741720 137451.1809736429
110874.2241703624 134091.6983393095
118238.1054252302 136651.3041559445
119038.5273007592 136331.3534288651
119358.6960509709 135531.4766111667
120639.3710518175 132331.9693403730
123040.6366784048 131532.0925226746
118718.3585505476 131052.1664320556
115836.8397986429 130732.2157049762
116957.4304243836 130412.2649778968
117597.7679248069 129932.3388872778
121279.7085522407 129612.3881601984
125601.9866800979 128172.6098883413
125601.9866800979 127852.6591612619
126082.2398054154 127532.7084341825
125922.1554303095 127052.7823435635
125601.9866800979 126732.8316164841
125922.1554303095 126252.9055258651
126402.4085556270 125932.9547987857
125762.0710552037 125453.0287081667
126242.3241805212 125133.0779810873
125601.9866800979 124813.1272540079
126082.2398054154 124333.2011633889
125762.0710552037 124013.2504363095
126082.2398054154 123693.2997092302
125441.9023049921 123373.3489821508
125922.1554303095 122893.4228915318
125441.9023049921 122573.4721644524
124961.6491796746 122253.5214373730
125601.9866800979 121933.5707102936
125762.0710552037 121613.6199832143
125762.0710552037 121293.6692561349
126082.2398054154 120973.7185290556
126082.2398054154 120653.7678019762
126562.4929307328 120173.8417113571
127683.0835564736 119693.9156207381
127683.0835564736 119373.9648936587
128163.3366817910 119054.0141665793
128483.5054320027 118734.0634395000
132165.4460594365 118094.1619853413

115036.4179231138 139050.9346090397
116157.0085488545 138091.0824278016
118398.1898003360 136651.3041559445
118558.2741754418 136331.3534288651
111034.3085454683 135851.4273382460
118878.4429256534 135851.4273382460
111034.3085454683 135531.4766111667
118718.3585505476 135531.4766111667
110874.2241703624 135211.5258840873
110714.1397952566 134891.5751570079
119038.5273007592 134731.5997934683
110554.0554201508 134571.6244299286
128483.5054320027 118734.0634395000
128003.2523066852 119054.0141665793
127683.0835564736 119373.9648936587
127522.9991813677 119693.9156207381
126562.4929307328 120173.8417113571
126402.4085556270 120493.7924384365
125762.0710552037 120813.7431655159
126242.3241805212 121293.6692561349
125922.1554303095 122253.5214373730
125441.9023049921 122573.4721644524
125922.1554303095 122893.4228915318
125441.9023049921 123373.3489821508
126082.2398054154 123693.2997092302
125762.0710552037 124013.2504363095
126082.2398054154 124333.2011633889
126242.3241805212 124813.1272540079
126242.3241805212 125133.0779810873
125762.0710552037 125453.0287081667
126082.2398054154 125772.9794352461
125922.1554303095 126252.9055258651
126242.3241805212 126732.8316164841
126402.4085556270 127052.7823435635
126082.2398054154 127532.7084341825
116637.2616741720 129932.3388872778
116477.1772990661 130252.2896143572
116957.4304243836 130572.2403414365
117277.5991745952 131052.1664320556
110874.2241703624 132331.9693403730
110874.2241703624 132651.9200674524
110233.8866699392 132971.8707945317
110554.0554201508 133291.8215216111
110714.1397952566 133611.7722486905
110554.0554201508 133931.7229757699
111194.3929205741 134251.6737028492
110233.8866699392 134251.6737028492

116797.3460492778 138091.0824278016
118398.1898003360 136651.3041559445
118558.2741754418 136331.3534288651
118558.2741754418 135851.4273382460
111034.3085454683 135531.4766111667
118878.4429256534 135531.4766111667
110874.2241703624 135211.5258840873
119358.6960509709 135051.5505205476
110714.1397952566 134891.5751570079
119038.5273007592 134731.5997934683
110554.0554201508 134571.6244299286
111674.6460458915 134571.6244299286
110233.8866699392 134251.6737028492
111194.3929205741 134251.6737028492
110554.0554201508 133931.7229757699
110714.1397952566 133611.7722486905
110554.0554201508 133291.8215216111
110233.8866699392 132971.8707945317
110874.2241703624 132651.9200674524
110874.2241703624 132331.9693403730
117277.5991745952 131052.1664320556
116957.4304243836 130572.2403414365
116477.1772990661 130252.2896143572
116637.2616741720 129932.3388872778
126082.2398054154 127532.7084341825
126402.4085556270 127052.7823435635
126242.3241805212 126732.8316164841
125922.1554303095 126252.9055258651
126082.2398054154 125772.9794352461
125762.0710552037 125453.0287081667
126242.3241805212 125133.0779810873
126242.3241805212 124813.1272540079
126082.2398054154 124333.2011633889
125762.0710552037 124013.2504363095
126082.2398054154 123693.2997092302
125441.9023049921 123373.3489821508
128483.5054320027 118734.0634395000
128003.2523066852 119054.0141665793
127683.0835564736 119373.9648936587
127522.9991813677 119693.9156207381
126562.4929307328 120173.8417113571
126402.4085556270 120493.7924384365
125762.0710552037 120813.7431655159
126242.3241805212 121293.6692561349
125762.0710552037 121613.6199832143
125922.1554303095 122253.5214373730
125922.1554303095 122893.4228915318

111034.3085454683 135531.4766111667
118878.4429256534 135531.4766111667
111034.3085454683 135211.5258840873
111514.5616707857 135211.5258840873
110554.0554201508 134891.5751570079
110714.1397952566 134891.5751570079
110874.2241703624 134891.5751570079
111194.3929205741 134891.5751570079
111514.5616707857 134891.5751570079
119038.5273007592 134731.5997934683
110233.8866699392 134571.6244299286
110393.9710450450 134571.6244299286
110554.0554201508 134571.6244299286
110714.1397952566 134571.6244299286
110874.2241703624 134571.6244299286
111034.3085454683 134571.6244299286
111354.4772956799 134571.6244299286
110073.8022948333 134251.6737028492
110233.8866699392 134251.6737028492
110393.9710450450 134251.6737028492
110554.0554201508 134251.6737028492
110714.1397952566 134251.6737028492
110874.2241703624 134251.6737028492
111194.3929205741 134251.6737028492
111354.4772956799 134251.6737028492
110073.8022948333 134091.6983393095
109913.7179197275 133931.7229757699
110073.8022948333 133931.7229757699
110233.8866699392 133931.7229757699
110393.9710450450 133931.7229757699
110554.0554201508 133931.7229757699
110714.1397952566 133931.7229757699
110874.2241703624 133931.7229757699
111034.3085454683 133931.7229757699
111354.4772956799 133931.7229757699
127683.0835564736 119373.9648936587
127522.9991813677 119693.9156207381
110554.0554201508 133291.8215216111
110393.9710450450 133291.8215216111
110714.1397952566 133611.7722486905
110554.0554201508 133611.7722486905
110393.9710450450 133611.7722486905
110233.8866699392 133611.7722486905
110714.1397952566 133771.7476122302
110393.9710450450 133771.7476122302
111034.3085454683 134251.6737028492
110233.8866699392 134411.6490663889

118558.2741754418 135851.4273382460
111034.3085454683 135531.4766111667
118878.4429256534 135531.4766111667
110874.2241703624 135211.5258840873
111514.5616707857 135211.5258840873
119358.6960509709 135051.5505205476
110714.1397952566 134891.5751570079
110874.2241703624 134891.5751570079
111514.5616707857 134891.5751570079
119038.5273007592 134731.5997934683
110233.8866699392 134571.6244299286
110393.9710450450 134571.6244299286
110714.1397952566 134571.6244299286
111034.3085454683 134571.6244299286
111354.4772956799 134571.6244299286
110073.8022948333 134251.6737028492
110233.8866699392 134251.6737028492
110554.0554201508 134251.6737028492
110874.2241703624 134251.6737028492
111034.3085454683 134251.6737028492
110073.8022948333 133931.7229757699
110393.9710450450 133931.7229757699
110714.1397952566 133931.7229757699
110393.9710450450 133611.7722486905
110554.0554201508 133611.7722486905
110714.1397952566 133611.7722486905
110393.9710450450 133291.8215216111
110554.0554201508 133291.8215216111
110714.1397952566 132971.8707945317
116797.3460492778 130892.1910685159
116957.4304243836 130572.2403414365
116957.4304243836 130252.2896143572
116637.2616741720 129932.3388872778
126082.2398054154 127532.7084341825
126402.4085556270 127052.7823435635
125922.1554303095 125293.0533446270
126242.3241805212 124973.1026175476
126082.2398054154 124493.1765269286
126082.2398054154 124173.2257998492
128003.2523066852 119054.0141665793
127683.0835564736 119373.9648936587
127522.9991813677 119693.9156207381
126562.4929307328 120173.8417113571
126402.4085556270 120493.7924384365
125762.0710552037 120813.7431655159
125922.1554303095 123373.3489821508
126082.2398054154 123693.2997092302

111034.3085454683 135531.4766111667
118878.4429256534 135531.4766111667
111034.3085454683 135211.5258840873
111514.5616707857 135211.5258840873
119358.6960509709 135051.5505205476
110554.0554201508 134891.5751570079
110714.1397952566 134891.5751570079
110874.2241703624 134891.5751570079
111194.3929205741 134891.5751570079
111514.5616707857 134891.5751570079
119038.5273007592 134731.5997934683
110233.8866699392 134571.6244299286
110393.9710450450 134571.6244299286
110554.0554201508 134571.6244299286
110714.1397952566 134571.6244299286
110874.2241703624 134571.6244299286
111034.3085454683 134571.6244299286
111354.4772956799 134571.6244299286
110073.8022948333 134251.6737028492
110233.8866699392 134251.6737028492
110393.9710450450 134251.6737028492
110554.0554201508 134251.6737028492
110714.1397952566 134251.6737028492
110874.2241703624 134251.6737028492
111194.3929205741 134251.6737028492
111354.4772956799 134251.6737028492
110073.8022948333 134091.6983393095
109913.7179197275 133931.7229757699
110073.8022948333 133931.7229757699
110233.8866699392 133931.7229757699
110393.9710450450 133931.7229757699
110554.0554201508 133931.7229757699
110714.1397952566 133931.7229757699
110874.2241703624 133931.7229757699
111034.3085454683 133931.7229757699
111354.4772956799 133931.7229757699
110233.8866699392 133611.7722486905
110393.9710450450 133611.7722486905
110554.0554201508 133611.7722486905
110714.1397952566 133611.7722486905
111194.3929205741 133611.7722486905
110393.9710450450 133291.8215216111
110554.0554201508 133291.8215216111
128003.2523066852 119054.0141665793
127683.0835564736 119373.9648936587
127522.9991813677 119693.9156207381
126562.4929307328 120173.8417113571

118398.1898003360 136651.3041559445
118558.2741754418 136331.3534288651
118558.2741754418 135851.4273382460
111034.3085454683 135531.4766111667
118878.4429256534 135531.4766111667
110874.2241703624 135211.5258840873
119358.6960509709 135051.5505205476
110714.1397952566 134891.5751570079
128483.5054320027 118734.0634395000
128003.2523066852 119054.0141665793
127683.0835564736 119373.9648936587
127522.9991813677 119693.9156207381
126562.4929307328 120173.8417113571
126402.4085556270 120493.7924384365
125762.0710552037 120813.7431655159
126242.3241805212 121293.6692561349
125601.9866800979 121613.6199832143
125922.1554303095 123373.3489821508
126082.2398054154 123693.2997092302
125762.0710552037 124013.2504363095
126082.2398054154 124493.1765269286
125601.9866800979 124813.1272540079
126242.3241805212 125133.0779810873
125762.0710552037 125453.0287081667
126402.4085556270 125932.9547987857
125922.1554303095 126252.9055258651
126242.3241805212 126732.8316164841
126402.4085556270 127052.7823435635
126082.2398054154 127532.7084341825
117117.5147994894 129612.3881601984
116637.2616741720 129932.3388872778
116957.4304243836 130252.2896143572
116797.3460492778 130572.2403414365
117277.5991745952 131052.1664320556
116797.3460492778 131532.0925226746
110874.2241703624 132651.9200674524
110233.8866699392 132971.8707945317
110554.0554201508 133291.8215216111
110714.1397952566 133611.7722486905
110554.0554201508 133931.7229757699
110073.8022948333 133931.7229757699
111194.3929205741 134251.6737028492
110233.8866699392 134251.6737028492
111674.6460458915 134571.6244299286
110554.0554201508 134571.6244299286
119038.5273007592 134731.5997934683
111514.5616707857 134891.5751570079

116797.3460492778 138730.9838819603
116637.2616741720 138411.0331548809
116797.3460492778 138091.0824278016
118558.2741754418 136331.3534288651
111034.3085454683 135851.4273382460
118878.4429256534 135851.4273382460
111034.3085454683 135531.4766111667
118718.3585505476 135531.4766111667
110874.2241703624 135211.5258840873
110714.1397952566 134891.5751570079
119038.5273007592 134731.5997934683
110554.0554201508 134571.6244299286
110233.8866699392 134251.6737028492
111034.3085454683 133931.7229757699
110233.8866699392 133611.7722486905
110874.2241703624 133291.8215216111
110233.8866699392 132971.8707945317
110393.9710450450 132491.9447039127
117277.5991745952 131052.1664320556
116957.4304243836 130572.2403414365
116477.1772990661 130252.2896143572
116637.2616741720 129932.3388872778
120319.2023016058 129132.4620695794
126082.2398054154 127532.7084341825
126402.4085556270 127052.7823435635
126242.3241805212 126732.8316164841
125922.1554303095 126252.9055258651
126082.2398054154 125772.9794352461
125762.0710552037 125453.0287081667
126242.3241805212 125133.0779810873
126242.3241805212 124813.1272540079
126082.2398054154 124333.2011633889
125762.0710552037 124013.2504363095
126082.2398054154 123693.2997092302
125922.1554303095 123213.3736186111
125922.1554303095 122893.4228915318
125441.9023049921 122573.4721644524
128483.5054320027 118734.0634395000
128003.2523066852 119054.0141665793
127683.0835564736 119373.9648936587
127522.9991813677 119693.9156207381
126562.4929307328 120173.8417113571
126402.4085556270 120493.7924384365
125762.0710552037 120813.7431655159
126242.3241805212 121293.6692561349
125762.0710552037 121613.6199832143
125922.1554303095 122253.5214373730

118558.2741754418 136331.3534288651
111034.3085454683 135851.4273382460
118558.2741754418 135851.4273382460
111034.3085454683 135531.4766111667
118878.4429256534 135531.4766111667
110874.2241703624 135211.5258840873
119358.6960509709 135051.5505205476
110714.1397952566 134891.5751570079
111514.5616707857 134891.5751570079
119038.5273007592 134731.5997934683
110554.0554201508 134571.6244299286
111674.6460458915 134571.6244299286
119518.7804260767 134411.6490663889
110233.8866699392 134251.6737028492
111194.3929205741 134251.6737028492
110073.8022948333 133931.7229757699
110554.0554201508 133931.7229757699
110714.1397952566 133611.7722486905
110554.0554201508 133291.8215216111
110233.8866699392 132971.8707945317
110874.2241703624 132651.9200674524
116797.3460492778 131532.0925226746
117277.5991745952 131052.1664320556
116797.3460492778 130572.2403414365
116957.4304243836 130252.2896143572
116637.2616741720 129932.3388872778
117117.5147994894 129612.3881601984
126082.2398054154 127532.7084341825
126402.4085556270 127052.7823435635
126242.3241805212 126732.8316164841
125922.1554303095 126252.9055258651
126402.4085556270 125932.9547987857
125762.0710552037 125453.0287081667
126242.3241805212 125133.0779810873
125601.9866800979 124813.1272540079
126082.2398054154 124493.1765269286
125762.0710552037 124013.2504363095
126082.2398054154 123693.2997092302
125922.1554303095 123373.3489821508
126242.3241805212 121293.6692561349
125762.0710552037 120813.7431655159
126402.4085556270 120493.7924384365
126562.4929307328 120173.8417113571
127522.9991813677 119693.9156207381
127683.0835564736 119373.9648936587
128003.2523066852 119054.0141665793
128483.5054320027 118734.0634395000

111034.3085454683 135211.5258840873
111514.5616707857 135211.5258840873
127683.0835564736 119373.9648936587
127522.9991813677 119693.9156207381
126562.4929307328 120173.8417113571
110554.0554201508 133291.8215216111
110393.9710450450 133291.8215216111
111194.3929205741 133611.7722486905
110714.1397952566 133611.7722486905
110554.0554201508 133611.7722486905
110393.9710450450 133611.7722486905
110233.8866699392 133611.7722486905
110714.1397952566 133771.7476122302
111354.4772956799 133931.7229757699
110874.2241703624 133931.7229757699
110714.1397952566 133931.7229757699
110554.0554201508 133931.7229757699
110393.9710450450 133931.7229757699
110233.8866699392 133931.7229757699
110073.8022948333 133931.7229757699
109913.7179197275 133931.7229757699
110073.8022948333 134091.6983393095
111354.4772956799 134251.6737028492
111194.3929205741 134251.6737028492
110874.2241703624 134251.6737028492
110714.1397952566 134251.6737028492
110554.0554201508 134251.6737028492
110393.9710450450 134251.6737028492
110233.8866699392 134251.6737028492
110073.8022948333 134251.6737028492
110233.8866699392 134411.6490663889
111354.4772956799 134571.6244299286
111034.3085454683 134571.6244299286
110874.2241703624 134571.6244299286
110714.1397952566 134571.6244299286
110554.0554201508 134571.6244299286
110393.9710450450 134571.6244299286
110233.8866699392 134571.6244299286
119038.5273007592 134731.5997934683
111514.5616707857 134891.5751570079
111194.3929205741 134891.5751570079
111034.3085454683 134891.5751570079
110874.2241703624 134891.5751570079
110714.1397952566 134891.5751570079
110554.0554201508 134891.5751570079
119358.6960509709 135051.5505205476
118878.4429256534 135531.4766111667

118398.1898003360 136651.3041559445
118558.2741754418 136331.3534288651
118558.2741754418 135851.4273382460
111034.3085454683 135531.4766111667
118878.4429256534 135531.4766111667
110874.2241703624 135211.5258840873
119358.6960509709 135051.5505205476
110714.1397952566 134891.5751570079
119038.5273007592 134731.5997934683
110554.0554201508 134571.6244299286
111674.6460458915 134571.6244299286
110233.8866699392 134251.6737028492
111194.3929205741 134251.6737028492
110554.0554201508 133931.7229757699
110714.1397952566 133611.7722486905
110554.0554201508 133291.8215216111
110233.8866699392 132971.8707945317
110874.2241703624 132651.9200674524
110874.2241703624 132331.9693403730
128483.5054320027 118734.0634395000
128003.2523066852 119054.0141665793
127683.0835564736 119373.9648936587
127522.9991813677 119693.9156207381
126562.4929307328 120173.8417113571
126402.4085556270 120493.7924384365
125762.0710552037 120813.7431655159
126242.3241805212 121293.6692561349
125922.1554303095 122253.5214373730
125441.9023049921 122573.4721644524
125922.1554303095 122893.4228915318
125441.9023049921 123373.3489821508
126082.2398054154 123693.2997092302
125762.0710552037 124013.2504363095
126082.2398054154 124333.2011633889
126242.3241805212 124813.1272540079
126242.3241805212 125133.0779810873
125762.0710552037 125453.0287081667
126082.2398054154 125772.9794352461
125922.1554303095 126252.9055258651
126242.3241805212 126732.8316164841
126402.4085556270 127052.7823435635
126082.2398054154 127532.7084341825
116637.2616741720 129932.3388872778
116477.1772990661 130252.2896143572
116957.4304243836 130572.2403414365
119518.7804260767 134411.6490663889
111514.5616707857 134891.5751570079

118878.4429256534 135531.4766111667
111034.3085454683 135211.5258840873
111514.5616707857 135211.5258840873
119358.6960509709 135051.5505205476
110714.1397952566 134891.5751570079
110874.2241703624 134891.5751570079
111514.5616707857 134891.5751570079
119038.5273007592 134731.5997934683
110233.8866699392 134571.6244299286
110393.9710450450 134571.6244299286
110714.1397952566 134571.6244299286
111034.3085454683 134571.6244299286
111354.4772956799 134571.6244299286
110073.8022948333 134251.6737028492
110233.8866699392 134251.6737028492
110393.9710450450 134251.6737028492
110554.0554201508 134251.6737028492
110714.1397952566 134251.6737028492
111034.3085454683 134251.6737028492
111194.3929205741 134251.6737028492
110073.8022948333 133931.7229757699
110233.8866699392 133931.7229757699
110393.9710450450 133931.7229757699
110554.0554201508 133931.7229757699
110714.1397952566 133931.7229757699
110874.2241703624 133931.7229757699
111034.3085454683 133931.7229757699
111354.4772956799 133931.7229757699
127683.0835564736 119373.9648936587
127522.9991813677 119693.9156207381
126562.4929307328 120173.8417113571
110554.0554201508 133291.8215216111
110393.9710450450 133291.8215216111
111194.3929205741 133611.7722486905
110714.1397952566 133611.7722486905
110554.0554201508 133611.7722486905
110393.9710450450 133611.7722486905
110233.8866699392 133611.7722486905
110714.1397952566 133771.7476122302
109913.7179197275 133931.7229757699
110073.8022948333 134091.6983393095
111354.4772956799 134251.6737028492
110874.2241703624 134251.6737028492
110874.2241703624 134571.6244299286
110554.0554201508 134571.6244299286
111194.3929205741 134891.5751570079
110554.0554201508 134891.5751570079

118398.1898003360 136651.3041559445
118558.2741754418 136331.3534288651
111034.3085454683 135851.4273382460
118878.4429256534 135851.4273382460
111034.3085454683 135531.4766111667
118878.4429256534 135531.4766111667
110874.2241703624 135211.5258840873
119358.6960509709 135051.5505205476
110714.1397952566 134891.5751570079
111514.5616707857 134891.5751570079
119038.5273007592 134731.5997934683
110554.0554201508 134571.6244299286
111674.6460458915 134571.6244299286
110233.8866699392 134251.6737028492
111194.3929205741 134251.6737028492
110073.8022948333 133931.7229757699
110554.0554201508 133931.7229757699
110714.1397952566 133611.7722486905
110554.0554201508 133291.8215216111
110233.8866699392 132971.8707945317
110874.2241703624 132651.9200674524
116797.3460492778 131532.0925226746
117277.5991745952 131052.1664320556
116797.3460492778 130572.2403414365
116957.4304243836 130252.2896143572
116637.2616741720 129932.3388872778
117117.5147994894 129612.3881601984
126082.2398054154 127532.7084341825
126402.4085556270 127052.7823435635
126242.3241805212 126732.8316164841
125922.1554303095 126252.9055258651
126402.4085556270 125932.9547987857
125762.0710552037 125453.0287081667
126242.3241805212 125133.0779810873
125601.9866800979 124813.1272540079
126082.2398054154 124493.1765269286
125762.0710552037 124013.2504363095
126082.2398054154 123693.2997092302
125922.1554303095 123373.3489821508
125441.9023049921 122893.4228915318
125762.0710552037 120813.7431655159
126402.4085556270 120493.7924384365
128483.5054320027 118734.0634395000
128003.2523066852 119054.0141665793
127683.0835564736 119373.9648936587
127522.9991813677 119693.9156207381
126562.4929307328 120173.8417113571

118558.2741754418 136651.3041559445
118558.2741754418 136331.3534288651
111034.3085454683 135851.4273382460
111034.3085454683 135531.4766111667
118878.4429256534 135531.4766111667
110874.2241703624 135211.5258840873
119358.6960509709 135051.5505205476
110714.1397952566 134891.5751570079
111514.5616707857 134891.5751570079
119038.5273007592 134731.5997934683
110554.0554201508 134571.6244299286
111674.6460458915 134571.6244299286
119518.7804260767 134411.6490663889
110233.8866699392 134251.6737028492
111194.3929205741 134251.6737028492
110073.8022948333 133931.7229757699
110554.0554201508 133931.7229757699
110714.1397952566 133611.7722486905
110554.0554201508 133291.8215216111
110233.8866699392 132971.8707945317
110874.2241703624 132651.9200674524
116797.3460492778 131532.0925226746
117277.5991745952 131052.1664320556
116797.3460492778 130572.2403414365
116957.4304243836 130252.2896143572
116637.2616741720 129932.3388872778
117117.5147994894 129612.3881601984
126082.2398054154 127532.7084341825
126402.4085556270 127052.7823435635
126242.3241805212 126732.8316164841
125922.1554303095 126252.9055258651
126402.4085556270 125932.9547987857
125762.0710552037 125453.0287081667
126242.3241805212 125133.0779810873
125601.9866800979 124813.1272540079
126082.2398054154 124493.1765269286
125762.0710552037 124013.2504363095
126082.2398054154 123693.2997092302
125922.1554303095 123373.3489821508
125441.9023049921 122893.4228915318
128483.5054320027 118734.0634395000
128003.2523066852 119054.0141665793
127683.0835564736 119373.9648936587
127522.9991813677 119693.9156207381
126562.4929307328 120173.8417113571
126402.4085556270 120493.7924384365
125762.0710552037 120813.7431655159

111034.3085454683 135211.5258840873
111514.5616707857 135211.5258840873
119358.6960509709 135051.5505205476
110554.0554201508 134891.5751570079
110714.1397952566 134891.5751570079
110874.2241703624 134891.5751570079
111514.5616707857 134891.5751570079
110233.8866699392 134731.5997934683
110393.9710450450 134731.5997934683
110073.8022948333 134571.6244299286
110233.8866699392 134571.6244299286
110393.9710450450 134571.6244299286
110554.0554201508 134571.6244299286
110714.1397952566 134571.6244299286
111034.3085454683 134571.6244299286
111354.4772956799 134571.6244299286
110233.8866699392 134411.6490663889
110393.9710450450 134411.6490663889
110714.1397952566 134411.6490663889
109753.6335446217 134251.6737028492
110073.8022948333 134251.6737028492
110233.8866699392 134251.6737028492
110393.9710450450 134251.6737028492
110554.0554201508 134251.6737028492
110714.1397952566 134251.6737028492
110874.2241703624 134251.6737028492
111034.3085454683 134251.6737028492
111194.3929205741 134251.6737028492
111354.4772956799 134251.6737028492
110073.8022948333 134091.6983393095
110393.9710450450 133931.7229757699
110554.0554201508 133931.7229757699
110714.1397952566 133931.7229757699
110874.2241703624 133931.7229757699
111034.3085454683 133931.7229757699
111354.4772956799 133931.7229757699
110714.1397952566 133771.7476122302
127683.0835564736 119373.9648936587
127522.9991813677 119693.9156207381
126562.4929307328 120173.8417113571
110554.0554201508 133291.8215216111
110393.9710450450 133291.8215216111
110714.1397952566 133611.7722486905
110554.0554201508 133611.7722486905
110393.9710450450 133611.7722486905
110233.8866699392 133611.7722486905
110073.8022948333 133931.7229757699

118558.2741754418 135851.4273382460
111034.3085454683 135531.4766111667
118878.4429256534 135531.4766111667
110874.2241703624 135211.5258840873
111514.5616707857 135211.5258840873
119358.6960509709 135051.5505205476
110714.1397952566 134891.5751570079
110874.2241703624 134891.5751570079
111514.5616707857 134891.5751570079
119038.5273007592 134731.5997934683
110233.8866699392 134571.6244299286
110393.9710450450 134571.6244299286
110714.1397952566 134571.6244299286
111034.3085454683 134571.6244299286
111354.4772956799 134571.6244299286
110073.8022948333 134251.6737028492
110233.8866699392 134251.6737028492
110554.0554201508 134251.6737028492
110874.2241703624 134251.6737028492
111034.3085454683 134251.6737028492
110073.8022948333 133931.7229757699
110393.9710450450 133931.7229757699
110554.0554201508 133931.7229757699
110714.1397952566 133931.7229757699
128003.2523066852 119054.0141665793
127683.0835564736 119373.9648936587
127522.9991813677 119693.9156207381
126562.4929307328 120173.8417113571
126402.4085556270 120493.7924384365
125922.1554303095 123373.3489821508
126082.2398054154 123693.2997092302
125762.0710552037 124013.2504363095
126082.2398054154 124493.1765269286
126242.3241805212 124973.1026175476
126402.4085556270 127052.7823435635
126082.2398054154 127532.7084341825
116637.2616741720 129932.3388872778
116957.4304243836 130252.2896143572
116957.4304243836 130572.2403414365
116797.3460492778 130892.1910685159
110554.0554201508 132651.9200674524
110714.1397952566 132971.8707945317
110554.0554201508 133291.8215216111
110393.9710450450 133291.8215216111
110714.1397952566 133611.7722486905
110554.0554201508 133611.7722486905
110393.9710450450 133611.7722486905

118558.2741754418 135851.4273382460
111034.3085454683 135531.4766111667
118878.4429256534 135531.4766111667
110874.2241703624 135211.5258840873
111514.5616707857 135211.5258840873
119358.6960509709 135051.5505205476
110714.1397952566 134891.5751570079
110874.2241703624 134891.5751570079
111514.5616707857 134891.5751570079
119038.5273007592 134731.5997934683
110233.8866699392 134571.6244299286
110393.9710450450 134571.6244299286
110714.1397952566 134571.6244299286
111034.3085454683 134571.6244299286
111354.4772956799 134571.6244299286
110073.8022948333 134251.6737028492
110233.8866699392 134251.6737028492
110554.0554201508 134251.6737028492
110874.2241703624 134251.6737028492
111034.3085454683 134251.6737028492
110073.8022948333 133931.7229757699
110393.9710450450 133931.7229757699
110554.0554201508 133931.7229757699
110714.1397952566 133931.7229757699
110233.8866699392 133611.7722486905
110393.9710450450 133611.7722486905
110554.0554201508 133611.7722486905
110714.1397952566 133611.7722486905
128003.2523066852 119054.0141665793
127683.0835564736 119373.9648936587
127522.9991813677 119693.9156207381
126562.4929307328 120173.8417113571
126402.4085556270 120493.7924384365
125922.1554303095 123373.3489821508
126082.2398054154 123693.2997092302
125762.0710552037 124013.2504363095
126082.2398054154 124493.1765269286
126242.3241805212 124973.1026175476
126402.4085556270 127052.7823435635
126082.2398054154 127532.7084341825
116637.2616741720 129932.3388872778
116957.4304243836 130252.2896143572
116957.4304243836 130572.2403414365
116797.3460492778 130892.1910685159
110554.0554201508 132651.9200674524
110714.1397952566 132971.8707945317
110554.0554201508 133291.8215216111

115196.5022982196 139370.8853361191
115356.5866733254 139050.9346090397
116797.3460492778 138730.9838819603
116637.2616741720 138411.0331548809
116797.3460492778 138091.0824278016
116477.1772990661 137771.1317007222
116637.2616741720 137451.1809736429
118878.4429256534 137131.2302465635
118238.1054252302 136651.3041559445
119038.5273007592 136331.3534288651
119358.6960509709 135531.4766111667
109913.7179197275 133771.7476122302
109593.5491695159 133291.8215216111
120639.3710518175 132331.9693403730
123040.6366784048 131532.0925226746
118718.3585505476 131052.1664320556
115836.8397986429 130732.2157049762
116957.4304243836 130412.2649778968
117597.7679248069 129932.3388872778
121279.7085522407 129612.3881601984
125601.9866800979 128172.6098883413
125601.9866800979 127852.6591612619
126082.2398054154 127532.7084341825
125922.1554303095 127052.7823435635
125601.9866800979 126732.8316164841
125922.1554303095 126252.9055258651
126402.4085556270 125932.9547987857
125762.0710552037 125453.0287081667
126242.3241805212 125133.0779810873
125601.9866800979 124813.1272540079
126082.2398054154 124333.2011633889
125762.0710552037 124013.2504363095
126082.2398054154 123693.2997092302
125441.9023049921 123373.3489821508
125922.1554303095 122893.4228915318
125441.9023049921 122573.4721644524
124961.6491796746 122253.5214373730
125601.9866800979 121933.5707102936
125762.0710552037 121613.6199832143
125762.0710552037 121293.6692561349
126082.2398054154 120973.7185290556
126082.2398054154 120653.7678019762
126562.4929307328 120173.8417113571
127683.0835564736 119693.9156207381
127683.0835564736 119373.9648936587
128163.3366817910 119054.0141665793
132165.4460594365 118094.1619853413

111034.3085454683 135531.4766111667
118878.4429256534 135531.4766111667
111034.3085454683 135211.5258840873
111514.5616707857 135211.5258840873
119358.6960509709 135051.5505205476
110554.0554201508 134891.5751570079
110714.1397952566 134891.5751570079
110874.2241703624 134891.5751570079
111194.3929205741 134891.5751570079
111514.5616707857 134891.5751570079
119038.5273007592 134731.5997934683
110233.8866699392 134571.6244299286
110393.9710450450 134571.6244299286
110554.0554201508 134571.6244299286
110714.1397952566 134571.6244299286
110874.2241703624 134571.6244299286
111034.3085454683 134571.6244299286
111354.4772956799 134571.6244299286
110073.8022948333 134251.6737028492
110233.8866699392 134251.6737028492
110393.9710450450 134251.6737028492
110554.0554201508 134251.6737028492
110714.1397952566 134251.6737028492
110874.2241703624 134251.6737028492
111194.3929205741 134251.6737028492
111354.4772956799 134251.6737028492
110073.8022948333 134091.6983393095
109913.7179197275 133931.7229757699
110233.8866699392 133931.7229757699
110393.9710450450 133931.7229757699
110554.0554201508 133931.7229757699
110714.1397952566 133931.7229757699
110874.2241703624 133931.7229757699
111034.3085454683 133931.7229757699
111354.4772956799 133931.7229757699
110233.8866699392 133611.7722486905
110393.9710450450 133611.7722486905
110554.0554201508 133611.7722486905
110714.1397952566 133611.7722486905
111194.3929205741 133611.7722486905
128003.2523066852 119054.0141665793
127683.0835564736 119373.9648936587
127522.9991813677 119693.9156207381
126562.4929307328 120173.8417113571
110714.1397952566 132971.8707945317
110714.1397952566 133291.8215216111
110554.0554201508 133291.8215216111

118558.2741754418 135851.4273382460
111034.3085454683 135531.4766111667
118878.4429256534 135531.4766111667
110874.2241703624 135211.5258840873
111514.5616707857 135211.5258840873
119358.6960509709 135051.5505205476
110554.0554201508 134891.5751570079
110714.1397952566 134891.5751570079
110874.2241703624 134891.5751570079
111514.5616707857 134891.5751570079
128003.2523066852 119054.0141665793
127683.0835564736 119373.9648936587
127522.9991813677 119693.9156207381
126562.4929307328 120173.8417113571
126402.4085556270 120493.7924384365
125922.1554303095 123373.3489821508
126082.2398054154 123693.2997092302
125762.0710552037 124013.2504363095
126082.2398054154 124493.1765269286
126242.3241805212 124973.1026175476
126402.4085556270 127052.7823435635
126082.2398054154 127532.7084341825
116637.2616741720 129932.3388872778
116957.4304243836 130252.2896143572
116957.4304243836 130572.2403414365
116797.3460492778 130892.1910685159
110554.0554201508 132651.9200674524
110714.1397952566 132971.8707945317
110554.0554201508 133291.8215216111
110393.9710450450 133291.8215216111
110714.1397952566 133611.7722486905
110393.9710450450 133611.7722486905
110233.8866699392 133611.7722486905
110714.1397952566 133931.7229757699
110554.0554201508 133931.7229757699
110393.9710450450 133931.7229757699
110073.8022948333 133931.7229757699
111034.3085454683 134251.6737028492
110874.2241703624 134251.6737028492
110554.0554201508 134251.6737028492
110233.8866699392 134251.6737028492
110073.8022948333 134251.6737028492
111354.4772956799 134571.6244299286
111034.3085454683 134571.6244299286
110714.1397952566 134571.6244299286
110393.9710450450 134571.6244299286
110233.8866699392 134571.6244299286

118558.2741754418 136651.3041559445
118558.2741754418 136331.3534288651
111034.3085454683 135851.4273382460
111034.3085454683 135531.4766111667
118878.4429256534 135531.4766111667
110874.2241703624 135211.5258840873
119358.6960509709 135051.5505205476
110714.1397952566 134891.5751570079
111514.5616707857 134891.5751570079
119038.5273007592 134731.5997934683
110554.0554201508 134571.6244299286
111674.6460458915 134571.6244299286
119518.7804260767 134411.6490663889
110233.8866699392 134251.6737028492
111194.3929205741 134251.6737028492
110073.8022948333 133931.7229757699
110554.0554201508 133931.7229757699
110233.8866699392 133611.7722486905
110714.1397952566 133611.7722486905
110554.0554201508 133291.8215216111
110233.8866699392 132971.8707945317
110874.2241703624 132651.9200674524
116797.3460492778 131532.0925226746
117277.5991745952 131052.1664320556
116797.3460492778 130572.2403414365
116957.4304243836 130252.2896143572
116637.2616741720 129932.3388872778
117117.5147994894 129612.3881601984
126082.2398054154 127532.7084341825
126402.4085556270 127052.7823435635
126242.3241805212 126732.8316164841
125922.1554303095 126252.9055258651
126402.4085556270 125932.9547987857
125762.0710552037 125453.0287081667
126242.3241805212 125133.0779810873
125601.9866800979 124813.1272540079
126082.2398054154 124493.1765269286
125762.0710552037 124013.2504363095
126082.2398054154 123693.2997092302
125922.1554303095 123373.3489821508
125762.0710552037 120813.7431655159
126402.4085556270 120493.7924384365
126562.4929307328 120173.8417113571
127522.9991813677 119693.9156207381
127683.0835564736 119373.9648936587
128003.2523066852 119054.0141665793
128483.5054320027 118734.0634395000

111034.3085454683 135531.4766111667
118878.4429256534 135531.4766111667
111034.3085454683 135211.5258840873
111514.5616707857 135211.5258840873
119358.6960509709 135051.5505205476
110554.0554201508 134891.5751570079
110714.1397952566 134891.5751570079
110874.2241703624 134891.5751570079
111514.5616707857 134891.5751570079
119038.5273007592 134731.5997934683
110233.8866699392 134571.6244299286
110393.9710450450 134571.6244299286
110714.1397952566 134571.6244299286
111034.3085454683 134571.6244299286
111354.4772956799 134571.6244299286
110073.8022948333 134251.6737028492
110233.8866699392 134251.6737028492
110554.0554201508 134251.6737028492
110714.1397952566 134251.6737028492
110874.2241703624 134251.6737028492
111034.3085454683 134251.6737028492
110073.8022948333 133931.7229757699
110393.9710450450 133931.7229757699
110554.0554201508 133931.7229757699
110714.1397952566 133931.7229757699
111034.3085454683 133931.7229757699
110073.8022948333 133611.7722486905
110393.9710450450 133611.7722486905
110554.0554201508 133611.7722486905
110714.1397952566 133611.7722486905
111194.3929205741 133611.7722486905
110393.9710450450 133291.8215216111
110554.0554201508 133291.8215216111
110714.1397952566 132971.8707945317
128003.2523066852 119054.0141665793
127683.0835564736 119373.9648936587
127522.9991813677 119693.9156207381
126562.4929307328 120173.8417113571
126402.4085556270 120493.7924384365
125922.1554303095 123373.3489821508
126082.2398054154 123693.2997092302
125762.0710552037 124013.2504363095
126082.2398054154 124493.1765269286
126242.3241805212 124973.1026175476
126402.4085556270 127052.7823435635
116957.4304243836 130252.2896143572
116957.4304243836 130572.2403414365

118558.2741754418 136651.3041559445
118558.2741754418 136331.3534288651
111034.3085454683 135851.4273382460
111034.3085454683 135531.4766111667
118878.4429256534 135531.4766111667
110874.2241703624 135211.5258840873
119358.6960509709 135051.5505205476
110714.1397952566 134891.5751570079
111514.5616707857 134891.5751570079
119038.5273007592 134731.5997934683
110554.0554201508 134571.6244299286
111674.6460458915 134571.6244299286
119518.7804260767 134411.6490663889
110233.8866699392 134251.6737028492
111194.3929205741 134251.6737028492
110073.8022948333 133931.7229757699
110554.0554201508 133931.7229757699
110233.8866699392 133611.7722486905
110714.1397952566 133611.7722486905
109593.5491695159 133291.8215216111
110554.0554201508 133291.8215216111
110233.8866699392 132971.8707945317
110874.2241703624 132651.9200674524
117277.5991745952 131052.1664320556
116797.3460492778 130572.2403414365
116957.4304243836 130252.2896143572
116637.2616741720 129932.3388872778
117117.5147994894 129612.3881601984
126082.2398054154 127532.7084341825
126402.4085556270 127052.7823435635
128483.5054320027 118734.0634395000
128003.2523066852 119054.0141665793
127683.0835564736 119373.9648936587
127522.9991813677 119693.9156207381
126562.4929307328 120173.8417113571
126402.4085556270 120493.7924384365
125762.0710552037 120813.7431655159
125922.1554303095 123373.3489821508
126082.2398054154 123693.2997092302
125762.0710552037 124013.2504363095
126082.2398054154 124493.1765269286
125601.9866800979 124813.1272540079
126242.3241805212 125133.0779810873
125762.0710552037 125453.0287081667
126402.4085556270 125932.9547987857
125922.1554303095 126252.9055258651
126242.3241805212 126732.8316164841

118558.2741754418 136651.3041559445
118558.2741754418 136331.3534288651
118878.4429256534 135851.4273382460
111034.3085454683 135531.4766111667
118878.4429256534 135531.4766111667
110874.2241703624 135211.5258840873
119358.6960509709 135051.5505205476
110714.1397952566 134891.5751570079
111514.5616707857 134891.5751570079
119038.5273007592 134731.5997934683
110554.0554201508 134571.6244299286
111674.6460458915 134571.6244299286
119518.7804260767 134411.6490663889
110233.8866699392 134251.6737028492
111194.3929205741 134251.6737028492
110073.8022948333 133931.7229757699
110554.0554201508 133931.7229757699
110233.8866699392 133611.7722486905
110714.1397952566 133611.7722486905
109593.5491695159 133291.8215216111
110554.0554201508 133291.8215216111
110233.8866699392 132971.8707945317
110874.2241703624 132651.9200674524
117277.5991745952 131052.1664320556
116797.3460492778 130572.2403414365
116957.4304243836 130252.2896143572
116637.2616741720 129932.3388872778
117117.5147994894 129612.3881601984
126082.2398054154 127532.7084341825
126402.4085556270 127052.7823435635
126242.3241805212 126732.8316164841
125922.1554303095 126252.9055258651
126402.4085556270 125932.9547987857
125762.0710552037 125453.0287081667
126242.3241805212 125133.0779810873
125601.9866800979 124813.1272540079
126082.2398054154 124493.1765269286
125762.0710552037 124013.2504363095
126082.2398054154 123693.2997092302
125922.1554303095 123373.3489821508
125762.0710552037 120813.7431655159
126402.4085556270 120493.7924384365
126562.4929307328 120173.8417113571
127522.9991813677 119693.9156207381
127683.0835564736 119373.9648936587
128003.2523066852 119054.0141665793
128483.5054320027 118734.0634395000

118558.2741754418 136331.3534288651
111034.3085454683 135851.4273382460
118878.4429256534 135851.4273382460
111034.3085454683 135531.4766111667
118878.4429256534 135531.4766111667
110874.2241703624 135211.5258840873
119358.6960509709 135051.5505205476
110714.1397952566 134891.5751570079
111514.5616707857 134891.5751570079
119038.5273007592 134731.5997934683
110554.0554201508 134571.6244299286
111674.6460458915 134571.6244299286
119518.7804260767 134411.6490663889
110233.8866699392 134251.6737028492
111194.3929205741 134251.6737028492
110073.8022948333 133931.7229757699
110554.0554201508 133931.7229757699
110233.8866699392 133611.7722486905
110714.1397952566 133611.7722486905
109593.5491695159 133291.8215216111
110554.0554201508 133291.8215216111
110233.8866699392 132971.8707945317
110874.2241703624 132651.9200674524
117277.5991745952 131052.1664320556
116797.3460492778 130572.2403414365
116957.4304243836 130252.2896143572
116637.2616741720 129932.3388872778
117117.5147994894 129612.3881601984
128483.5054320027 118734.0634395000
128003.2523066852 119054.0141665793
127683.0835564736 119373.9648936587
127522.9991813677 119693.9156207381
126562.4929307328 120173.8417113571
126402.4085556270 120493.7924384365
125762.0710552037 120813.7431655159
125922.1554303095 123373.3489821508
126082.2398054154 123693.2997092302
125762.0710552037 124013.2504363095
126082.2398054154 124493.1765269286
125601.9866800979 124813.1272540079
126242.3241805212 125133.0779810873
125762.0710552037 125453.0287081667
126402.4085556270 125932.9547987857
125922.1554303095 126252.9055258651
126242.3241805212 126732.8316164841
126402.4085556270 127052.7823435635
126082.2398054154 127532.7084341825

118558.2741754418 135851.4273382460
111034.3085454683 135531.4766111667
118878.4429256534 135531.4766111667
110874.2241703624 135211.5258840873
111514.5616707857 135211.5258840873
119358.6960509709 135051.5505205476
110554.0554201508 134891.5751570079
110714.1397952566 134891.5751570079
110874.2241703624 134891.5751570079
111514.5616707857 134891.5751570079
119038.5273007592 134731.5997934683
110233.8866699392 134571.6244299286
110393.9710450450 134571.6244299286
110554.0554201508 134571.6244299286
110714.1397952566 134571.6244299286
111034.3085454683 134571.6244299286
111354.4772956799 134571.6244299286
110073.8022948333 134251.6737028492
110233.8866699392 134251.6737028492
110554.0554201508 134251.6737028492
110714.1397952566 134251.6737028492
110874.2241703624 134251.6737028492
111034.3085454683 134251.6737028492
110073.8022948333 133931.7229757699
110393.9710450450 133931.7229757699
110554.0554201508 133931.7229757699
110714.1397952566 133931.7229757699
111034.3085454683 133931.7229757699
110393.9710450450 133611.7722486905
110554.0554201508 133611.7722486905
111194.3929205741 133611.7722486905
110393.9710450450 133291.8215216111
110554.0554201508 133291.8215216111
110714.1397952566 132971.8707945317
116957.4304243836 130572.2403414365
116957.4304243836 130252.2896143572
126402.4085556270 127052.7823435635
128003.2523066852 119054.0141665793
127683.0835564736 119373.9648936587
127522.9991813677 119693.9156207381
126562.4929307328 120173.8417113571
126402.4085556270 120493.7924384365
125762.0710552037 123533.3243456905
126242.3241805212 124333.2011633889
116797.3460492778 130892.1910685159
110554.0554201508 132651.9200674524
110714.1397952566 133611.7722486905

111034.3085454683 135531.4766111667
118878.4429256534 135531.4766111667
110874.2241703624 135211.5258840873
111034.3085454683 135211.5258840873
111514.5616707857 135211.5258840873
119358.6960509709 135051.5505205476
110554.0554201508 134891.5751570079
110714.1397952566 134891.5751570079
110874.2241703624 134891.5751570079
111514.5616707857 134891.5751570079
119038.5273007592 134731.5997934683
110233.8866699392 134571.6244299286
110393.9710450450 134571.6244299286
110554.0554201508 134571.6244299286
110714.1397952566 134571.6244299286
111034.3085454683 134571.6244299286
111354.4772956799 134571.6244299286
110073.8022948333 134251.6737028492
110233.8866699392 134251.6737028492
110393.9710450450 134251.6737028492
110554.0554201508 134251.6737028492
110714.1397952566 134251.6737028492
110874.2241703624 134251.6737028492
111034.3085454683 134251.6737028492
111194.3929205741 134251.6737028492
109913.7179197275 133931.7229757699
110073.8022948333 133931.7229757699
110233.8866699392 133931.7229757699
110393.9710450450 133931.7229757699
110554.0554201508 133931.7229757699
110714.1397952566 133931.7229757699
111034.3085454683 133931.7229757699
111354.4772956799 133931.7229757699
110233.8866699392 133611.7722486905
110393.9710450450 133611.7722486905
110554.0554201508 133611.7722486905
110714.1397952566 133611.7722486905
111194.3929205741 133611.7722486905
110393.9710450450 133291.8215216111
110554.0554201508 133291.8215216111
110714.1397952566 132971.8707945317
128003.2523066852 119054.0141665793
127683.0835564736 119373.9648936587
127522.9991813677 119693.9156207381
126562.4929307328 120173.8417113571
110714.1397952566 133291.8215216111
110874.2241703624 133931.7229757699

118878.4429256534 135851.4273382460
111034.3085454683 135531.4766111667
118878.4429256534 135531.4766111667
110874.2241703624 135211.5258840873
111034.3085454683 135211.5258840873
111514.5616707857 135211.5258840873
119358.6960509709 135051.5505205476
110554.0554201508 134891.5751570079
110714.1397952566 134891.5751570079
110874.2241703624 134891.5751570079
111514.5616707857 134891.5751570079
119038.5273007592 134731.5997934683
110233.8866699392 134571.6244299286
110393.9710450450 134571.6244299286
110554.0554201508 134571.6244299286
110714.1397952566 134571.6244299286
111034.3085454683 134571.6244299286
111354.4772956799 134571.6244299286
110073.8022948333 134251.6737028492
110233.8866699392 134251.6737028492
110554.0554201508 134251.6737028492
110874.2241703624 134251.6737028492
111034.3085454683 134251.6737028492
110073.8022948333 133931.7229757699
110393.9710450450 133931.7229757699
110554.0554201508 133931.7229757699
110714.1397952566 133931.7229757699
111034.3085454683 133931.7229757699
110393.9710450450 133611.7722486905
110554.0554201508 133611.7722486905
111194.3929205741 133611.7722486905
110393.9710450450 133291.8215216111
110554.0554201508 133291.8215216111
110714.1397952566 132971.8707945317
116957.4304243836 130572.2403414365
116957.4304243836 130252.2896143572
126402.4085556270 127052.7823435635
126242.3241805212 124973.1026175476
126082.2398054154 124493.1765269286
125762.0710552037 124013.2504363095
126082.2398054154 123693.2997092302
125922.1554303095 123373.3489821508
126402.4085556270 120493.7924384365
126562.4929307328 120173.8417113571
127522.9991813677 119693.9156207381
127683.0835564736 119373.9648936587
128003.2523066852 119054.0141665793

118558.2741754418 136651.3041559445
118558.2741754418 136331.3534288651
111034.3085454683 135851.4273382460
118878.4429256534 135851.4273382460
111034.3085454683 135531.4766111667
118878.4429256534 135531.4766111667
110874.2241703624 135211.5258840873
119358.6960509709 135051.5505205476
110714.1397952566 134891.5751570079
111514.5616707857 134891.5751570079
119038.5273007592 134731.5997934683
110233.8866699392 134571.6244299286
110554.0554201508 134571.6244299286
111674.6460458915 134571.6244299286
119518.7804260767 134411.6490663889
109913.7179197275 134251.6737028492
110554.0554201508 134251.6737028492
111194.3929205741 134251.6737028492
110554.0554201508 133931.7229757699
111034.3085454683 133931.7229757699
110233.8866699392 133611.7722486905
110714.1397952566 133611.7722486905
110554.0554201508 133291.8215216111
110233.8866699392 132971.8707945317
110393.9710450450 132491.9447039127
117277.5991745952 131052.1664320556
116957.4304243836 130572.2403414365
116957.4304243836 130252.2896143572
116637.2616741720 129932.3388872778
126082.2398054154 127532.7084341825
128003.2523066852 119054.0141665793
127683.0835564736 119373.9648936587
127522.9991813677 119693.9156207381
126562.4929307328 120173.8417113571
126402.4085556270 120493.7924384365
125762.0710552037 120813.7431655159
126242.3241805212 121293.6692561349
125922.1554303095 123373.3489821508
126082.2398054154 123693.2997092302
125762.0710552037 124013.2504363095
126082.2398054154 124493.1765269286
125601.9866800979 124813.1272540079
126242.3241805212 125133.0779810873
125762.0710552037 125453.0287081667
126402.4085556270 125932.9547987857
126082.2398054154 126732.8316164841
126402.4085556270 127052.7823435635

118558.2741754418 135851.4273382460
111034.3085454683 135531.4766111667
118878.4429256534 135531.4766111667
111514.5616707857 135211.5258840873
119358.6960509709 135051.5505205476
110554.0554201508 134891.5751570079
110714.1397952566 134891.5751570079
110874.2241703624 134891.5751570079
111514.5616707857 134891.5751570079
119038.5273007592 134731.5997934683
110233.8866699392 134571.6244299286
110393.9710450450 134571.6244299286
110714.1397952566 134571.6244299286
111034.3085454683 134571.6244299286
111354.4772956799 134571.6244299286
110073.8022948333 134251.6737028492
110233.8866699392 134251.6737028492
110554.0554201508 134251.6737028492
110874.2241703624 134251.6737028492
111034.3085454683 134251.6737028492
128003.2523066852 119054.0141665793
127683.0835564736 119373.9648936587
127522.9991813677 119693.9156207381
126562.4929307328 120173.8417113571
126402.4085556270 120493.7924384365
125922.1554303095 123373.3489821508
126082.2398054154 123693.2997092302
125762.0710552037 124013.2504363095
126082.2398054154 124493.1765269286
126242.3241805212 124973.1026175476
126402.4085556270 127052.7823435635
126082.2398054154 127532.7084341825
116637.2616741720 129932.3388872778
116957.4304243836 130252.2896143572
116957.4304243836 130572.2403414365
116797.3460492778 130892.1910685159
110554.0554201508 132651.9200674524
110714.1397952566 132971.8707945317
110554.0554201508 133291.8215216111
110393.9710450450 133291.8215216111
110714.1397952566 133611.7722486905
110393.9710450450 133611.7722486905
110233.8866699392 133611.7722486905
111034.3085454683 133931.7229757699
110714.1397952566 133931.7229757699
110554.0554201508 133931.7229757699
110393.9710450450 133931.7229757699

118558.2741754418 136331.3534288651
111034.3085454683 135851.4273382460
118878.4429256534 135851.4273382460
111034.3085454683 135531.4766111667
118878.4429256534 135531.4766111667
110874.2241703624 135211.5258840873
119358.6960509709 135051.5505205476
110714.1397952566 134891.5751570079
111514.5616707857 134891.5751570079
119038.5273007592 134731.5997934683
110233.8866699392 134571.6244299286
110554.0554201508 134571.6244299286
111674.6460458915 134571.6244299286
119518.7804260767 134411.6490663889
109913.7179197275 134251.6737028492
110233.8866699392 134251.6737028492
110554.0554201508 134251.6737028492
111034.3085454683 134251.6737028492
111194.3929205741 134251.6737028492
110554.0554201508 133931.7229757699
111034.3085454683 133931.7229757699
128003.2523066852 119054.0141665793
127683.0835564736 119373.9648936587
127522.9991813677 119693.9156207381
126562.4929307328 120173.8417113571
126402.4085556270 120493.7924384365
125601.9866800979 123053.3982550714
125922.1554303095 123373.3489821508
126082.2398054154 123693.2997092302
125762.0710552037 124013.2504363095
126082.2398054154 124493.1765269286
126242.3241805212 124973.1026175476
126242.3241805212 125293.0533446270
126402.4085556270 127052.7823435635
126082.2398054154 127532.7084341825
116637.2616741720 129932.3388872778
116957.4304243836 130252.2896143572
116957.4304243836 130572.2403414365
116797.3460492778 130892.1910685159
110554.0554201508 132651.9200674524
110714.1397952566 132971.8707945317
110393.9710450450 133291.8215216111
110714.1397952566 133611.7722486905
110393.9710450450 133611.7722486905
110233.8866699392 133611.7722486905
110393.9710450450 133931.7229757699
109433.4647944101 133931.7229757699

118558.2741754418 136331.3534288651
111034.3085454683 135851.4273382460
118878.4429256534 135851.4273382460
111034.3085454683 135531.4766111667
118878.4429256534 135531.4766111667
110874.2241703624 135211.5258840873
119358.6960509709 135051.5505205476
110714.1397952566 134891.5751570079
110874.2241703624 134891.5751570079
111514.5616707857 134891.5751570079
119038.5273007592 134731.5997934683
110393.9710450450 134571.6244299286
110554.0554201508 134571.6244299286
111034.3085454683 134571.6244299286
111354.4772956799 134571.6244299286
119838.9491762884 134411.6490663889
110233.8866699392 134251.6737028492
110554.0554201508 134251.6737028492
110714.1397952566 134251.6737028492
111034.3085454683 134251.6737028492
109433.4647944101 133931.7229757699
110393.9710450450 133931.7229757699
110554.0554201508 133931.7229757699
111034.3085454683 133931.7229757699
110233.8866699392 133611.7722486905
110393.9710450450 133611.7722486905
110714.1397952566 133611.7722486905
110393.9710450450 133291.8215216111
110714.1397952566 132971.8707945317
110554.0554201508 132651.9200674524
116797.3460492778 130892.1910685159
116957.4304243836 130572.2403414365
116957.4304243836 130252.2896143572
116637.2616741720 129932.3388872778
126082.2398054154 127532.7084341825
126402.4085556270 127052.7823435635
126242.3241805212 125293.0533446270
126242.3241805212 124973.1026175476
126082.2398054154 124493.1765269286
125762.0710552037 124013.2504363095
126082.2398054154 123693.2997092302
125922.1554303095 123373.3489821508
126402.4085556270 120493.7924384365
126562.4929307328 120173.8417113571
128003.2523066852 119054.0141665793
127683.0835564736 119373.9648936587
127522.9991813677 119693.9156207381

118558.2741754418 136331.3534288651
111034.3085454683 135851.4273382460
118878.4429256534 135851.4273382460
111034.3085454683 135531.4766111667
118878.4429256534 135531.4766111667
110874.2241703624 135211.5258840873
119358.6960509709 135051.5505205476
110714.1397952566 134891.5751570079
110874.2241703624 134891.5751570079
111514.5616707857 134891.5751570079
119038.5273007592 134731.5997934683
110393.9710450450 134571.6244299286
110554.0554201508 134571.6244299286
111034.3085454683 134571.6244299286
111354.4772956799 134571.6244299286
119838.9491762884 134411.6490663889
110233.8866699392 134251.6737028492
110554.0554201508 134251.6737028492
110714.1397952566 134251.6737028492
111034.3085454683 134251.6737028492
128003.2523066852 119054.0141665793
127683.0835564736 119373.9648936587
127522.9991813677 119693.9156207381
126562.4929307328 120173.8417113571
126402.4085556270 120493.7924384365
125922.1554303095 123373.3489821508
126082.2398054154 123693.2997092302
125762.0710552037 124013.2504363095
126082.2398054154 124493.1765269286
126242.3241805212 124973.1026175476
126242.3241805212 125293.0533446270
126402.4085556270 127052.7823435635
126082.2398054154 127532.7084341825
116637.2616741720 129932.3388872778
116957.4304243836 130252.2896143572
116957.4304243836 130572.2403414365
116797.3460492778 130892.1910685159
110554.0554201508 132651.9200674524
110714.1397952566 132971.8707945317
110554.0554201508 133291.8215216111
110393.9710450450 133291.8215216111
110714.1397952566 133611.7722486905
110393.9710450450 133611.7722486905
110233.8866699392 133611.7722486905
111034.3085454683 133931.7229757699
110554.0554201508 133931.7229757699
109433.4647944101 133931.7229757699

118558.2741754418 135851.4273382460
111034.3085454683 135531.4766111667
118878.4429256534 135531.4766111667
110874.2241703624 135211.5258840873
111034.3085454683 135211.5258840873
111514.5616707857 135211.5258840873
119358.6960509709 135051.5505205476
110554.0554201508 134891.5751570079
110714.1397952566 134891.5751570079
111514.5616707857 134891.5751570079
119038.5273007592 134731.5997934683
110393.9710450450 134571.6244299286
110554.0554201508 134571.6244299286
111034.3085454683 134571.6244299286
111354.4772956799 134571.6244299286
119838.9491762884 134411.6490663889
110073.8022948333 134251.6737028492
110233.8866699392 134251.6737028492
110554.0554201508 134251.6737028492
111034.3085454683 134251.6737028492
109433.4647944101 133931.7229757699
110393.9710450450 133931.7229757699
110554.0554201508 133931.7229757699
111034.3085454683 133931.7229757699
110233.8866699392 133611.7722486905
110393.9710450450 133611.7722486905
110714.1397952566 133611.7722486905
110393.9710450450 133291.8215216111
110554.0554201508 133291.8215216111
110714.1397952566 132971.8707945317
110554.0554201508 132651.9200674524
116797.3460492778 130892.1910685159
116957.4304243836 130572.2403414365
116957.4304243836 130252.2896143572
116637.2616741720 129932.3388872778
126082.2398054154 127532.7084341825
126402.4085556270 127052.7823435635
128003.2523066852 119054.0141665793
127683.0835564736 119373.9648936587
127522.9991813677 119693.9156207381
126562.4929307328 120173.8417113571
126402.4085556270 120493.7924384365
125922.1554303095 123373.3489821508
126082.2398054154 123693.2997092302
125762.0710552037 124013.2504363095
126082.2398054154 124493.1765269286
126242.3241805212 124973.1026175476

118558.2741754418 135851.4273382460
111034.3085454683 135531.4766111667
118878.4429256534 135531.4766111667
110874.2241703624 135211.5258840873
111514.5616707857 135211.5258840873
119038.5273007592 135051.5505205476
119358.6960509709 135051.5505205476
110554.0554201508 134891.5751570079
110714.1397952566 134891.5751570079
110874.2241703624 134891.5751570079
111514.5616707857 134891.5751570079
119038.5273007592 134731.5997934683
110233.8866699392 134571.6244299286
110393.9710450450 134571.6244299286
110554.0554201508 134571.6244299286
111034.3085454683 134571.6244299286
111354.4772956799 134571.6244299286
110233.8866699392 134251.6737028492
110554.0554201508 134251.6737028492
110714.1397952566 134251.6737028492
111034.3085454683 134251.6737028492
110393.9710450450 133931.7229757699
110554.0554201508 133931.7229757699
111034.3085454683 133931.7229757699
110233.8866699392 133611.7722486905
110393.9710450450 133611.7722486905
110714.1397952566 133611.7722486905
110393.9710450450 133291.8215216111
110554.0554201508 133291.8215216111
110714.1397952566 132971.8707945317
110554.0554201508 132651.9200674524
116797.3460492778 130892.1910685159
116957.4304243836 130572.2403414365
116957.4304243836 130252.2896143572
116637.2616741720 129932.3388872778
128003.2523066852 119054.0141665793
127683.0835564736 119373.9648936587
127522.9991813677 119693.9156207381
126562.4929307328 120173.8417113571
126402.4085556270 120493.7924384365
125922.1554303095 123373.3489821508
126082.2398054154 123693.2997092302
125762.0710552037 124013.2504363095
126082.2398054154 124493.1765269286
126242.3241805212 124973.1026175476
126402.4085556270 127052.7823435635
126082.2398054154 127532.7084341825

115836.8397986429 139050.9346090397
115996.9241737487 138730.9838819603
116637.2616741720 138091.0824278016
118718.3585505476 136971.2548830238
118398.1898003360 136651.3041559445
118558.2741754418 136331.3534288651
111034.3085454683 135851.4273382460
111034.3085454683 135531.4766111667
118878.4429256534 135531.4766111667
110874.2241703624 135211.5258840873
110714.1397952566 134891.5751570079
110554.0554201508 134571.6244299286
111034.3085454683 133931.7229757699
110233.8866699392 133611.7722486905
110554.0554201508 133291.8215216111
110233.8866699392 132971.8707945317
110393.9710450450 132491.9447039127
117277.5991745952 131372.1171591349
117277.5991745952 131052.1664320556
116797.3460492778 130572.2403414365
116477.1772990661 130252.2896143572
116637.2616741720 129932.3388872778
117117.5147994894 129612.3881601984
115996.9241737487 129292.4374331190
126082.2398054154 127532.7084341825
125922.1554303095 127052.7823435635
125601.9866800979 126732.8316164841
125922.1554303095 126252.9055258651
126402.4085556270 125932.9547987857
125762.0710552037 125453.0287081667
126242.3241805212 125133.0779810873
126242.3241805212 124813.1272540079
126082.2398054154 124333.2011633889
125762.0710552037 124013.2504363095
126082.2398054154 123693.2997092302
125441.9023049921 123373.3489821508
125922.1554303095 122893.4228915318
125922.1554303095 122253.5214373730
125762.0710552037 121613.6199832143
126242.3241805212 121293.6692561349
125762.0710552037 120813.7431655159
126402.4085556270 120493.7924384365
126562.4929307328 120173.8417113571
127522.9991813677 119693.9156207381
127683.0835564736 119373.9648936587
128003.2523066852 119054.0141665793
128483.5054320027 118734.0634395000

115836.8397986429 139050.9346090397
115996.9241737487 138730.9838819603
116637.2616741720 138091.0824278016
118718.3585505476 136971.2548830238
118398.1898003360 136651.3041559445
118558.2741754418 136331.3534288651
111034.3085454683 135851.4273382460
111034.3085454683 135531.4766111667
111354.4772956799 139850.8114267381
110874.2241703624 135211.5258840873
110714.1397952566 134891.5751570079
110554.0554201508 134571.6244299286
111034.3085454683 133931.7229757699
110233.8866699392 133611.7722486905
110554.0554201508 133291.8215216111
110233.8866699392 132971.8707945317
110393.9710450450 132491.9447039127
117277.5991745952 131372.1171591349
117277.5991745952 131052.1664320556
116797.3460492778 130572.2403414365
116477.1772990661 130252.2896143572
116637.2616741720 129932.3388872778
117117.5147994894 129612.3881601984
115996.9241737487 129292.4374331190
126082.2398054154 127532.7084341825
125922.1554303095 127052.7823435635
125601.9866800979 126732.8316164841
125922.1554303095 126252.9055258651
126402.4085556270 125932.9547987857
125762.0710552037 125453.0287081667
126242.3241805212 125133.0779810873
126242.3241805212 124813.1272540079
126082.2398054154 124333.2011633889
125762.0710552037 124013.2504363095
126082.2398054154 123693.2997092302
125441.9023049921 123373.3489821508
125922.1554303095 122893.4228915318
128483.5054320027 118734.0634395000
128003.2523066852 119054.0141665793
127683.0835564736 119373.9648936587
127522.9991813677 119693.9156207381
126562.4929307328 120173.8417113571
126402.4085556270 120493.7924384365
125762.0710552037 120813.7431655159
126242.3241805212 121293.6692561349
125762.0710552037 121613.6199832143
125922.1554303095 122253.5214373730

118558.2741754418 136331.3534288651
111034.3085454683 135851.4273382460
118878.4429256534 135851.4273382460
111034.3085454683 135531.4766111667
118878.4429256534 135531.4766111667
110874.2241703624 135211.5258840873
119358.6960509709 135051.5505205476
110714.1397952566 134891.5751570079
111514.5616707857 134891.5751570079
119038.5273007592 134731.5997934683
110233.8866699392 134571.6244299286
110554.0554201508 134571.6244299286
111674.6460458915 134571.6244299286
119518.7804260767 134411.6490663889
110233.8866699392 134251.6737028492
110554.0554201508 134251.6737028492
111194.3929205741 134251.6737028492
110554.0554201508 133931.7229757699
111034.3085454683 133931.7229757699
110233.8866699392 133611.7722486905
110714.1397952566 133611.7722486905
110554.0554201508 133291.8215216111
110233.8866699392 132971.8707945317
110393.9710450450 132491.9447039127
117277.5991745952 131052.1664320556
116957.4304243836 130572.2403414365
116957.4304243836 130252.2896143572
116637.2616741720 129932.3388872778
126082.2398054154 127532.7084341825
126402.4085556270 127052.7823435635
126242.3241805212 126732.8316164841
125922.1554303095 126252.9055258651
126402.4085556270 125932.9547987857
125762.0710552037 125453.0287081667
126242.3241805212 125133.0779810873
125601.9866800979 124813.1272540079
126082.2398054154 124493.1765269286
125762.0710552037 124013.2504363095
126082.2398054154 123693.2997092302
125922.1554303095 123373.3489821508
126242.3241805212 121293.6692561349
126402.4085556270 120493.7924384365
126562.4929307328 120173.8417113571
127522.9991813677 119693.9156207381
127683.0835564736 119373.9648936587
128003.2523066852 119054.0141665793
125762.0710552037 120813.7431655159

118558.2741754418 136331.3534288651
111034.3085454683 135851.4273382460
111034.3085454683 135531.4766111667
118878.4429256534 135531.4766111667
128003.2523066852 119054.0141665793
127683.0835564736 119373.9648936587
127522.9991813677 119693.9156207381
126562.4929307328 120173.8417113571
126402.4085556270 120493.7924384365
125922.1554303095 123373.3489821508
126082.2398054154 123693.2997092302
125762.0710552037 124013.2504363095
126082.2398054154 124493.1765269286
126242.3241805212 124973.1026175476
126402.4085556270 127052.7823435635
126082.2398054154 127532.7084341825
116637.2616741720 129932.3388872778
116957.4304243836 130252.2896143572
116957.4304243836 130572.2403414365
116797.3460492778 130892.1910685159
110554.0554201508 132651.9200674524
110714.1397952566 132971.8707945317
110554.0554201508 133291.8215216111
110393.9710450450 133291.8215216111
110714.1397952566 133611.7722486905
110393.9710450450 133611.7722486905
110233.8866699392 133611.7722486905
111034.3085454683 133931.7229757699
110554.0554201508 133931.7229757699
110393.9710450450 133931.7229757699
109433.4647944101 133931.7229757699
111034.3085454683 134251.6737028492
110554.0554201508 134251.6737028492
110233.8866699392 134251.6737028492
110073.8022948333 134251.6737028492
119838.9491762884 134411.6490663889
111354.4772956799 134571.6244299286
111034.3085454683 134571.6244299286
110554.0554201508 134571.6244299286
110393.9710450450 134571.6244299286
119038.5273007592 134731.5997934683
111514.5616707857 134891.5751570079
110714.1397952566 134891.5751570079
110554.0554201508 134891.5751570079
119358.6960509709 135051.5505205476
111514.5616707857 135211.5258840873
111034.3085454683 135211.5258840873

111034.3085454683 135531.4766111667
118878.4429256534 135531.4766111667
111034.3085454683 135211.5258840873
111514.5616707857 135211.5258840873
119358.6960509709 135051.5505205476
110554.0554201508 134891.5751570079
110714.1397952566 134891.5751570079
110874.2241703624 134891.5751570079
111514.5616707857 134891.5751570079
119038.5273007592 134731.5997934683
110233.8866699392 134571.6244299286
110393.9710450450 134571.6244299286
110554.0554201508 134571.6244299286
110714.1397952566 134571.6244299286
110874.2241703624 134571.6244299286
111034.3085454683 134571.6244299286
111354.4772956799 134571.6244299286
110073.8022948333 134251.6737028492
110233.8866699392 134251.6737028492
110393.9710450450 134251.6737028492
110554.0554201508 134251.6737028492
110714.1397952566 134251.6737028492
111034.3085454683 134251.6737028492
111194.3929205741 134251.6737028492
110073.8022948333 133931.7229757699
110393.9710450450 133931.7229757699
110554.0554201508 133931.7229757699
110714.1397952566 133931.7229757699
110874.2241703624 133931.7229757699
111034.3085454683 133931.7229757699
128003.2523066852 119054.0141665793
127683.0835564736 119373.9648936587
127522.9991813677 119693.9156207381
126562.4929307328 120173.8417113571
126402.4085556270 120493.7924384365
126242.3241805212 124333.2011633889
110714.1397952566 132971.8707945317
110554.0554201508 133291.8215216111
110393.9710450450 133291.8215216111
110714.1397952566 133611.7722486905
110554.0554201508 133611.7722486905
110393.9710450450 133611.7722486905
110233.8866699392 133611.7722486905
111354.4772956799 133931.7229757699
110233.8866699392 133931.7229757699
109913.7179197275 133931.7229757699
110874.2241703624 134251.6737028492

111034.3085454683 135531.4766111667
118878.4429256534 135531.4766111667
111034.3085454683 135211.5258840873
111514.5616707857 135211.5258840873
119358.6960509709 135051.5505205476
110554.0554201508 134891.5751570079
110714.1397952566 134891.5751570079
110874.2241703624 134891.5751570079
111514.5616707857 134891.5751570079
119038.5273007592 134731.5997934683
110233.8866699392 134571.6244299286
110393.9710450450 134571.6244299286
110554.0554201508 134571.6244299286
110714.1397952566 134571.6244299286
110874.2241703624 134571.6244299286
111034.3085454683 134571.6244299286
111354.4772956799 134571.6244299286
128003.2523066852 119054.0141665793
127683.0835564736 119373.9648936587
127522.9991813677 119693.9156207381
127362.9148062619 119853.8909842778
126562.4929307328 120173.8417113571
126402.4085556270 120493.7924384365
110714.1397952566 132971.8707945317
110554.0554201508 133291.8215216111
110393.9710450450 133291.8215216111
110714.1397952566 133611.7722486905
110554.0554201508 133611.7722486905
110393.9710450450 133611.7722486905
110233.8866699392 133611.7722486905
111354.4772956799 133931.7229757699
111034.3085454683 133931.7229757699
110874.2241703624 133931.7229757699
110714.1397952566 133931.7229757699
110554.0554201508 133931.7229757699
110393.9710450450 133931.7229757699
110233.8866699392 133931.7229757699
110073.8022948333 133931.7229757699
109913.7179197275 133931.7229757699
111194.3929205741 134251.6737028492
111034.3085454683 134251.6737028492
110874.2241703624 134251.6737028492
110714.1397952566 134251.6737028492
110554.0554201508 134251.6737028492
110393.9710450450 134251.6737028492
110233.8866699392 134251.6737028492
110073.8022948333 134251.6737028492

118558.2741754418 136331.3534288651
111034.3085454683 135851.4273382460
118878.4429256534 135851.4273382460
111034.3085454683 135531.4766111667
118878.4429256534 135531.4766111667
110874.2241703624 135211.5258840873
119358.6960509709 135051.5505205476
110554.0554201508 134891.5751570079
110714.1397952566 134891.5751570079
111514.5616707857 134891.5751570079
119038.5273007592 134731.5997934683
110393.9710450450 134571.6244299286
110554.0554201508 134571.6244299286
111034.3085454683 134571.6244299286
111354.4772956799 134571.6244299286
119838.9491762884 134411.6490663889
110073.8022948333 134251.6737028492
110233.8866699392 134251.6737028492
110554.0554201508 134251.6737028492
111034.3085454683 134251.6737028492
109433.4647944101 133931.7229757699
110393.9710450450 133931.7229757699
110554.0554201508 133931.7229757699
111034.3085454683 133931.7229757699
110233.8866699392 133611.7722486905
110393.9710450450 133611.7722486905
110714.1397952566 133611.7722486905
110393.9710450450 133291.8215216111
110714.1397952566 132971.8707945317
110554.0554201508 132651.9200674524
116797.3460492778 130892.1910685159
116957.4304243836 130572.2403414365
116957.4304243836 130252.2896143572
116637.2616741720 129932.3388872778
126082.2398054154 127532.7084341825
126402.4085556270 127052.7823435635
126242.3241805212 125293.0533446270
126242.3241805212 124973.1026175476
126082.2398054154 124493.1765269286
125762.0710552037 124013.2504363095
126082.2398054154 123693.2997092302
125922.1554303095 123373.3489821508
126402.4085556270 120493.7924384365
126562.4929307328 120173.8417113571
127522.9991813677 119693.9156207381
127683.0835564736 119373.9648936587
128003.2523066852 119054.0141665793

111034.3085454683 135531.4766111667
118878.4429256534 135531.4766111667
110874.2241703624 135211.5258840873
111034.3085454683 135211.5258840873
111514.5616707857 135211.5258840873
118878.4429256534 135211.5258840873
110554.0554201508 134891.5751570079
110714.1397952566 134891.5751570079
110874.2241703624 134891.5751570079
111514.5616707857 134891.5751570079
119038.5273007592 134731.5997934683
110233.8866699392 134571.6244299286
110393.9710450450 134571.6244299286
110554.0554201508 134571.6244299286
110714.1397952566 134571.6244299286
111034.3085454683 134571.6244299286
111354.4772956799 134571.6244299286
110073.8022948333 134251.6737028492
110233.8866699392 134251.6737028492
110393.9710450450 134251.6737028492
110554.0554201508 134251.6737028492
110714.1397952566 134251.6737028492
110874.2241703624 134251.6737028492
111034.3085454683 134251.6737028492
111194.3929205741 134251.6737028492
109913.7179197275 133931.7229757699
110073.8022948333 133931.7229757699
110233.8866699392 133931.7229757699
110393.9710450450 133931.7229757699
110554.0554201508 133931.7229757699
110714.1397952566 133931.7229757699
110874.2241703624 133931.7229757699
111034.3085454683 133931.7229757699
111354.4772956799 133931.7229757699
110233.8866699392 133611.7722486905
110393.9710450450 133611.7722486905
110554.0554201508 133611.7722486905
110714.1397952566 133611.7722486905
111194.3929205741 133611.7722486905
110393.9710450450 133291.8215216111
110554.0554201508 133291.8215216111
110714.1397952566 132971.8707945317
128003.2523066852 119054.0141665793
127683.0835564736 119373.9648936587
127522.9991813677 119693.9156207381
126562.4929307328 120173.8417113571
109753.6335446217 133931.7229757699

118558.2741754418 136331.3534288651
111034.3085454683 135851.4273382460
118878.4429256534 135851.4273382460
111034.3085454683 135531.4766111667
118878.4429256534 135531.4766111667
110874.2241703624 135211.5258840873
119358.6960509709 135051.5505205476
110714.1397952566 134891.5751570079
111514.5616707857 134891.5751570079
119038.5273007592 134731.5997934683
110233.8866699392 134571.6244299286
110554.0554201508 134571.6244299286
119518.7804260767 134411.6490663889
110233.8866699392 134251.6737028492
110554.0554201508 134251.6737028492
111194.3929205741 134251.6737028492
110554.0554201508 133931.7229757699
111034.3085454683 133931.7229757699
110233.8866699392 133611.7722486905
110714.1397952566 133611.7722486905
110554.0554201508 133291.8215216111
110233.8866699392 132971.8707945317
110393.9710450450 132491.9447039127
117597.7679248069 130892.1910685159
116797.3460492778 130572.2403414365
116477.1772990661 130252.2896143572
116637.2616741720 129932.3388872778
117117.5147994894 129612.3881601984
126082.2398054154 127532.7084341825
126402.4085556270 127052.7823435635
126242.3241805212 126732.8316164841
125922.1554303095 126252.9055258651
126402.4085556270 125932.9547987857
125762.0710552037 125453.0287081667
126242.3241805212 125133.0779810873
125601.9866800979 124813.1272540079
126082.2398054154 124493.1765269286
125762.0710552037 124013.2504363095
126082.2398054154 123693.2997092302
125922.1554303095 123373.3489821508
128003.2523066852 119054.0141665793
127683.0835564736 119373.9648936587
127522.9991813677 119693.9156207381
126562.4929307328 120173.8417113571
126402.4085556270 120493.7924384365
125762.0710552037 120813.7431655159
126242.3241805212 121293.6692561349

118558.2741754418 135851.4273382460
111034.3085454683 135531.4766111667
118878.4429256534 135531.4766111667
110874.2241703624 135211.5258840873
111514.5616707857 135211.5258840873
119358.6960509709 135051.5505205476
110554.0554201508 134891.5751570079
110714.1397952566 134891.5751570079
110874.2241703624 134891.5751570079
111514.5616707857 134891.5751570079
119038.5273007592 134731.5997934683
110233.8866699392 134571.6244299286
110393.9710450450 134571.6244299286
110554.0554201508 134571.6244299286
111034.3085454683 134571.6244299286
111354.4772956799 134571.6244299286
110233.8866699392 134251.6737028492
110554.0554201508 134251.6737028492
110714.1397952566 134251.6737028492
111034.3085454683 134251.6737028492
109433.4647944101 133931.7229757699
110393.9710450450 133931.7229757699
110554.0554201508 133931.7229757699
111034.3085454683 133931.7229757699
110233.8866699392 133611.7722486905
110393.9710450450 133611.7722486905
110714.1397952566 133611.7722486905
110393.9710450450 133291.8215216111
110714.1397952566 132971.8707945317
110554.0554201508 132651.9200674524
116797.3460492778 130892.1910685159
116957.4304243836 130572.2403414365
116957.4304243836 130252.2896143572
116637.2616741720 129932.3388872778
128003.2523066852 119054.0141665793
127683.0835564736 119373.9648936587
127522.9991813677 119693.9156207381
126562.4929307328 120173.8417113571
126402.4085556270 120493.7924384365
125922.1554303095 123373.3489821508
126082.2398054154 123693.2997092302
125762.0710552037 124013.2504363095
126082.2398054154 124493.1765269286
126242.3241805212 124973.1026175476
126242.3241805212 125293.0533446270
126402.4085556270 127052.7823435635
126082.2398054154 127532.7084341825

115836.8397986429 139050.9346090397
115996.9241737487 138730.9838819603
116637.2616741720 138091.0824278016
118718.3585505476 136971.2548830238
118398.1898003360 136651.3041559445
118558.2741754418 136331.3534288651
111034.3085454683 135851.4273382460
111034.3085454683 135531.4766111667
118718.3585505476 135531.4766111667
110874.2241703624 135211.5258840873
110714.1397952566 134891.5751570079
128003.2523066852 119054.0141665793
127683.0835564736 119373.9648936587
127522.9991813677 119693.9156207381
126562.4929307328 120173.8417113571
126402.4085556270 120493.7924384365
125762.0710552037 120813.7431655159
126242.3241805212 121293.6692561349
125762.0710552037 121613.6199832143
125922.1554303095 122253.5214373730
125441.9023049921 122573.4721644524
125922.1554303095 122893.4228915318
125441.9023049921 123373.3489821508
126082.2398054154 123693.2997092302
125762.0710552037 124013.2504363095
126082.2398054154 124333.2011633889
126242.3241805212 124813.1272540079
126242.3241805212 125133.0779810873
125762.0710552037 125453.0287081667
126402.4085556270 125932.9547987857
125922.1554303095 126252.9055258651
126242.3241805212 126732.8316164841
126402.4085556270 127052.7823435635
126082.2398054154 127532.7084341825
117117.5147994894 129612.3881601984
116637.2616741720 129932.3388872778
116477.1772990661 130252.2896143572
116797.3460492778 130572.2403414365
123520.8898037222 131052.1664320556
117277.5991745952 131052.1664320556
110393.9710450450 132491.9447039127
110233.8866699392 132971.8707945317
110874.2241703624 133291.8215216111
110233.8866699392 133611.7722486905
111034.3085454683 133931.7229757699
111194.3929205741 134251.6737028492
111674.6460458915 134571.6244299286

118558.2741754418 136331.3534288651
111034.3085454683 135851.4273382460
118878.4429256534 135851.4273382460
111034.3085454683 135531.4766111667
118878.4429256534 135531.4766111667
109593.5491695159 135211.5258840873
110874.2241703624 135211.5258840873
119358.6960509709 135051.5505205476
110714.1397952566 134891.5751570079
111514.5616707857 134891.5751570079
119038.5273007592 134731.5997934683
110233.8866699392 134571.6244299286
110554.0554201508 134571.6244299286
119518.7804260767 134411.6490663889
110233.8866699392 134251.6737028492
110554.0554201508 134251.6737028492
111194.3929205741 134251.6737028492
110554.0554201508 133931.7229757699
111034.3085454683 133931.7229757699
110233.8866699392 133611.7722486905
110714.1397952566 133611.7722486905
110554.0554201508 133291.8215216111
110233.8866699392 132971.8707945317
110393.9710450450 132491.9447039127
117597.7679248069 130892.1910685159
116797.3460492778 130572.2403414365
116477.1772990661 130252.2896143572
116637.2616741720 129932.3388872778
117117.5147994894 129612.3881601984
126082.2398054154 127532.7084341825
126402.4085556270 127052.7823435635
126242.3241805212 126732.8316164841
125922.1554303095 126252.9055258651
126402.4085556270 125932.9547987857
125762.0710552037 125453.0287081667
126242.3241805212 125133.0779810873
125601.9866800979 124813.1272540079
126082.2398054154 124493.1765269286
125762.0710552037 124013.2504363095
126082.2398054154 123693.2997092302
125922.1554303095 123373.3489821508
126082.2398054154 120813.7431655159
126402.4085556270 120493.7924384365
128003.2523066852 119054.0141665793
127683.0835564736 119373.9648936587
127522.9991813677 119693.9156207381
126562.4929307328 120173.8417113571

115676.7554235370 138571.0085184206
116637.2616741720 138091.0824278016
118718.3585505476 136971.2548830238
118398.1898003360 136651.3041559445
118558.2741754418 136331.3534288651
111034.3085454683 135851.4273382460
111034.3085454683 135531.4766111667
118718.3585505476 135531.4766111667
110874.2241703624 135211.5258840873
110714.1397952566 134891.5751570079
119038.5273007592 134731.5997934683
110554.0554201508 134571.6244299286
109753.6335446217 134251.6737028492
111034.3085454683 133931.7229757699
110233.8866699392 133611.7722486905
110554.0554201508 133291.8215216111
110233.8866699392 132971.8707945317
130564.6023083783 118414.1127124206
128003.2523066852 119054.0141665793
127683.0835564736 119373.9648936587
127522.9991813677 119693.9156207381
126562.4929307328 120173.8417113571
126402.4085556270 120493.7924384365
125762.0710552037 120813.7431655159
126242.3241805212 121293.6692561349
125762.0710552037 121613.6199832143
125922.1554303095 122253.5214373730
125441.9023049921 122573.4721644524
125922.1554303095 122893.4228915318
125441.9023049921 123373.3489821508
126082.2398054154 123693.2997092302
125762.0710552037 124013.2504363095
126082.2398054154 124333.2011633889
126242.3241805212 124813.1272540079
126242.3241805212 125133.0779810873
125762.0710552037 125453.0287081667
126402.4085556270 125932.9547987857
125922.1554303095 126252.9055258651
126242.3241805212 126732.8316164841
126402.4085556270 127052.7823435635
126082.2398054154 127532.7084341825
117117.5147994894 129612.3881601984
116637.2616741720 129932.3388872778
116477.1772990661 130252.2896143572
116797.3460492778 130572.2403414365
117277.5991745952 131052.1664320556
117277.5991745952 131372.1171591349

115836.8397986429 139050.9346090397
115996.9241737487 138730.9838819603
116637.2616741720 138091.0824278016
118718.3585505476 136971.2548830238
118398.1898003360 136651.3041559445
118558.2741754418 136331.3534288651
111034.3085454683 135851.4273382460
111034.3085454683 135531.4766111667
118718.3585505476 135531.4766111667
110874.2241703624 135211.5258840873
110714.1397952566 134891.5751570079
110554.0554201508 134571.6244299286
111034.3085454683 133931.7229757699
110233.8866699392 133611.7722486905
110554.0554201508 133291.8215216111
128003.2523066852 119054.0141665793
127683.0835564736 119373.9648936587
127522.9991813677 119693.9156207381
126562.4929307328 120173.8417113571
126402.4085556270 120493.7924384365
125762.0710552037 120813.7431655159
126242.3241805212 121293.6692561349
125762.0710552037 121613.6199832143
125922.1554303095 122253.5214373730
125441.9023049921 122573.4721644524
125922.1554303095 122893.4228915318
125441.9023049921 123373.3489821508
126082.2398054154 123693.2997092302
125762.0710552037 124013.2504363095
126082.2398054154 124333.2011633889
126242.3241805212 124813.1272540079
126242.3241805212 125133.0779810873
125762.0710552037 125453.0287081667
126402.4085556270 125932.9547987857
125762.0710552037 126732.8316164841
125922.1554303095 127052.7823435635
126082.2398054154 127532.7084341825
122400.2991779815 128332.5852518810
117117.5147994894 129612.3881601984
116637.2616741720 129932.3388872778
116477.1772990661 130252.2896143572
116797.3460492778 130572.2403414365
117277.5991745952 131052.1664320556
117277.5991745952 131372.1171591349
110393.9710450450 132491.9447039127
110233.8866699392 132971.8707945317
109753.6335446217 134251.6737028492

111034.3085454683 135531.4766111667
118878.4429256534 135531.4766111667
110554.0554201508 135211.5258840873
111034.3085454683 135211.5258840873
111514.5616707857 135211.5258840873
119358.6960509709 135051.5505205476
110554.0554201508 134891.5751570079
110714.1397952566 134891.5751570079
110874.2241703624 134891.5751570079
111514.5616707857 134891.5751570079
119038.5273007592 134731.5997934683
110233.8866699392 134571.6244299286
110393.9710450450 134571.6244299286
110554.0554201508 134571.6244299286
110714.1397952566 134571.6244299286
111034.3085454683 134571.6244299286
111354.4772956799 134571.6244299286
110073.8022948333 134251.6737028492
110233.8866699392 134251.6737028492
110393.9710450450 134251.6737028492
110554.0554201508 134251.6737028492
110714.1397952566 134251.6737028492
110874.2241703624 134251.6737028492
111034.3085454683 134251.6737028492
126402.4085556270 124013.2504363095
109913.7179197275 133931.7229757699
110073.8022948333 133931.7229757699
110233.8866699392 133931.7229757699
110393.9710450450 133931.7229757699
110554.0554201508 133931.7229757699
110714.1397952566 133931.7229757699
110874.2241703624 133931.7229757699
111034.3085454683 133931.7229757699
111354.4772956799 133931.7229757699
110233.8866699392 133611.7722486905
110393.9710450450 133611.7722486905
110554.0554201508 133611.7722486905
110714.1397952566 133611.7722486905
110393.9710450450 133291.8215216111
110554.0554201508 133291.8215216111
110714.1397952566 132971.8707945317
128003.2523066852 119054.0141665793
127683.0835564736 119373.9648936587
127522.9991813677 119693.9156207381
126562.4929307328 120173.8417113571
126402.4085556270 120493.7924384365
126242.3241805212 124333.2011633889

111034.3085454683 135531.4766111667
118878.4429256534 135531.4766111667
110554.0554201508 135211.5258840873
111034.3085454683 135211.5258840873
111514.5616707857 135211.5258840873
119358.6960509709 135051.5505205476
110554.0554201508 134891.5751570079
110714.1397952566 134891.5751570079
110874.2241703624 134891.5751570079
111514.5616707857 134891.5751570079
119038.5273007592 134731.5997934683
110233.8866699392 134571.6244299286
110393.9710450450 134571.6244299286
110554.0554201508 134571.6244299286
110714.1397952566 134571.6244299286
111034.3085454683 134571.6244299286
111354.4772956799 134571.6244299286
110073.8022948333 134251.6737028492
110233.8866699392 134251.6737028492
110393.9710450450 134251.6737028492
110554.0554201508 134251.6737028492
110714.1397952566 134251.6737028492
110874.2241703624 134251.6737028492
111034.3085454683 134251.6737028492
111194.3929205741 134251.6737028492
109913.7179197275 133931.7229757699
110073.8022948333 133931.7229757699
110233.8866699392 133931.7229757699
110393.9710450450 133931.7229757699
110714.1397952566 133931.7229757699
110874.2241703624 133931.7229757699
111034.3085454683 133931.7229757699
111354.4772956799 133931.7229757699
110233.8866699392 133611.7722486905
110393.9710450450 133611.7722486905
110554.0554201508 133611.7722486905
110714.1397952566 133611.7722486905
111194.3929205741 133611.7722486905
110393.9710450450 133291.8215216111
110554.0554201508 133291.8215216111
110714.1397952566 132971.8707945317
128003.2523066852 119054.0141665793
127683.0835564736 119373.9648936587
127522.9991813677 119693.9156207381
126562.4929307328 120173.8417113571
110554.0554201508 133931.7229757699
109753.6335446217 133931.7229757699

118558.2741754418 136331.3534288651
118878.4429256534 135851.4273382460
111034.3085454683 135531.4766111667
118718.3585505476 135531.4766111667
110874.2241703624 135211.5258840873
111034.3085454683 135211.5258840873
119358.6960509709 135051.5505205476
110714.1397952566 134891.5751570079
110874.2241703624 134891.5751570079
111514.5616707857 134891.5751570079
119038.5273007592 134731.5997934683
110393.9710450450 134571.6244299286
110554.0554201508 134571.6244299286
111034.3085454683 134571.6244299286
111354.4772956799 134571.6244299286
119838.9491762884 134411.6490663889
110714.1397952566 134251.6737028492
110233.8866699392 134251.6737028492
110554.0554201508 134251.6737028492
111034.3085454683 134251.6737028492
109433.4647944101 133931.7229757699
110393.9710450450 133931.7229757699
110554.0554201508 133931.7229757699
111034.3085454683 133931.7229757699
110233.8866699392 133611.7722486905
110393.9710450450 133611.7722486905
110714.1397952566 133611.7722486905
110393.9710450450 133291.8215216111
110714.1397952566 132971.8707945317
110554.0554201508 132651.9200674524
116797.3460492778 130892.1910685159
116957.4304243836 130572.2403414365
116957.4304243836 130252.2896143572
116637.2616741720 129932.3388872778
126082.2398054154 127532.7084341825
126402.4085556270 127052.7823435635
126242.3241805212 125293.0533446270
128003.2523066852 119054.0141665793
127683.0835564736 119373.9648936587
127522.9991813677 119693.9156207381
126562.4929307328 120173.8417113571
126402.4085556270 120493.7924384365
125922.1554303095 123373.3489821508
126082.2398054154 123693.2997092302
125762.0710552037 124013.2504363095
126082.2398054154 124493.1765269286
126242.3241805212 124973.1026175476

118558.2741754418 136331.3534288651
111034.3085454683 135851.4273382460
118878.4429256534 135851.4273382460
111034.3085454683 135531.4766111667
118718.3585505476 135531.4766111667
110874.2241703624 135211.5258840873
111034.3085454683 135211.5258840873
119358.6960509709 135051.5505205476
110714.1397952566 134891.5751570079
111514.5616707857 134891.5751570079
119038.5273007592 134731.5997934683
110233.8866699392 134571.6244299286
110554.0554201508 134571.6244299286
111674.6460458915 134571.6244299286
119518.7804260767 134411.6490663889
109913.7179197275 134251.6737028492
110233.8866699392 134251.6737028492
110554.0554201508 134251.6737028492
111034.3085454683 134251.6737028492
110073.8022948333 133931.7229757699
110554.0554201508 133931.7229757699
111034.3085454683 133931.7229757699
110233.8866699392 133611.7722486905
110714.1397952566 133611.7722486905
110393.9710450450 133291.8215216111
110554.0554201508 133291.8215216111
110233.8866699392 132971.8707945317
110393.9710450450 132491.9447039127
117277.5991745952 131052.1664320556
116957.4304243836 130572.2403414365
116957.4304243836 130252.2896143572
116637.2616741720 129932.3388872778
128003.2523066852 119054.0141665793
127683.0835564736 119373.9648936587
127522.9991813677 119693.9156207381
126562.4929307328 120173.8417113571
126402.4085556270 120493.7924384365
126082.2398054154 120813.7431655159
125922.1554303095 123373.3489821508
126082.2398054154 123693.2997092302
125762.0710552037 124013.2504363095
126082.2398054154 124493.1765269286
125601.9866800979 124813.1272540079
126242.3241805212 125133.0779810873
125762.0710552037 125453.0287081667
126402.4085556270 127052.7823435635
126082.2398054154 127532.7084341825

118558.2741754418 136331.3534288651
118878.4429256534 135851.4273382460
111034.3085454683 135531.4766111667
118718.3585505476 135531.4766111667
110874.2241703624 135211.5258840873
111034.3085454683 135211.5258840873
119358.6960509709 135051.5505205476
110714.1397952566 134891.5751570079
110874.2241703624 134891.5751570079
111514.5616707857 134891.5751570079
119038.5273007592 134731.5997934683
110393.9710450450 134571.6244299286
110554.0554201508 134571.6244299286
111034.3085454683 134571.6244299286
111354.4772956799 134571.6244299286
119838.9491762884 134411.6490663889
110073.8022948333 134251.6737028492
110233.8866699392 134251.6737028492
110554.0554201508 134251.6737028492
111034.3085454683 134251.6737028492
109433.4647944101 133931.7229757699
110393.9710450450 133931.7229757699
110554.0554201508 133931.7229757699
111034.3085454683 133931.7229757699
110233.8866699392 133611.7722486905
110393.9710450450 133611.7722486905
110714.1397952566 133611.7722486905
110393.9710450450 133291.8215216111
110714.1397952566 132971.8707945317
110554.0554201508 132651.9200674524
116797.3460492778 130892.1910685159
116957.4304243836 130572.2403414365
116957.4304243836 130252.2896143572
116637.2616741720 129932.3388872778
126082.2398054154 127532.7084341825
126402.4085556270 127052.7823435635
126242.3241805212 125293.0533446270
126242.3241805212 124973.1026175476
126082.2398054154 124493.1765269286
125762.0710552037 124013.2504363095
126082.2398054154 123693.2997092302
125922.1554303095 123373.3489821508
126402.4085556270 120493.7924384365
126562.4929307328 120173.8417113571
127522.9991813677 119693.9156207381
127683.0835564736 119373.9648936587
128003.2523066852 119054.0141665793

118558.2741754418 135851.4273382460
111034.3085454683 135531.4766111667
118878.4429256534 135531.4766111667
110874.2241703624 135211.5258840873
111514.5616707857 135211.5258840873
119358.6960509709 135051.5505205476
110554.0554201508 134891.5751570079
110714.1397952566 134891.5751570079
110874.2241703624 134891.5751570079
111514.5616707857 134891.5751570079
128003.2523066852 119054.0141665793
127683.0835564736 119373.9648936587
127522.9991813677 119693.9156207381
126562.4929307328 120173.8417113571
126402.4085556270 120493.7924384365
125922.1554303095 123373.3489821508
126082.2398054154 123693.2997092302
125762.0710552037 124013.2504363095
126082.2398054154 124493.1765269286
126242.3241805212 124973.1026175476
126242.3241805212 125293.0533446270
126402.4085556270 127052.7823435635
126082.2398054154 127532.7084341825
116637.2616741720 129932.3388872778
116957.4304243836 130252.2896143572
116957.4304243836 130572.2403414365
116797.3460492778 130892.1910685159
110554.0554201508 132651.9200674524
110714.1397952566 132971.8707945317
110393.9710450450 133291.8215216111
110714.1397952566 133611.7722486905
110393.9710450450 133611.7722486905
110233.8866699392 133611.7722486905
111034.3085454683 133931.7229757699
110554.0554201508 133931.7229757699
110393.9710450450 133931.7229757699
109433.4647944101 133931.7229757699
111034.3085454683 134251.6737028492
110554.0554201508 134251.6737028492
110233.8866699392 134251.6737028492
110073.8022948333 134251.6737028492
119838.9491762884 134411.6490663889
111354.4772956799 134571.6244299286
111034.3085454683 134571.6244299286
110554.0554201508 134571.6244299286
110393.9710450450 134571.6244299286
119038.5273007592 134731.5997934683

118558.2741754418 136331.3534288651
118878.4429256534 135851.4273382460
111034.3085454683 135531.4766111667
118718.3585505476 135531.4766111667
110874.2241703624 135211.5258840873
119358.6960509709 135051.5505205476
110714.1397952566 134891.5751570079
119038.5273007592 134731.5997934683
110554.0554201508 134571.6244299286
111674.6460458915 134571.6244299286
110233.8866699392 134251.6737028492
111194.3929205741 134251.6737028492
110554.0554201508 133931.7229757699
111034.3085454683 133931.7229757699
110233.8866699392 133611.7722486905
110874.2241703624 133291.8215216111
110233.8866699392 132971.8707945317
110393.9710450450 132491.9447039127
117277.5991745952 131052.1664320556
128003.2523066852 119054.0141665793
127683.0835564736 119373.9648936587
127522.9991813677 119693.9156207381
126562.4929307328 120173.8417113571
126402.4085556270 120493.7924384365
125762.0710552037 120813.7431655159
126242.3241805212 121293.6692561349
125762.0710552037 121613.6199832143
125922.1554303095 122253.5214373730
125441.9023049921 122573.4721644524
125922.1554303095 122893.4228915318
125922.1554303095 123373.3489821508
126082.2398054154 123693.2997092302
125762.0710552037 124013.2504363095
126082.2398054154 124333.2011633889
126242.3241805212 124813.1272540079
126242.3241805212 125133.0779810873
125762.0710552037 125453.0287081667
126402.4085556270 125932.9547987857
125922.1554303095 126252.9055258651
126242.3241805212 126732.8316164841
126402.4085556270 127052.7823435635
126082.2398054154 127532.7084341825
117117.5147994894 129612.3881601984
116637.2616741720 129932.3388872778
116477.1772990661 130252.2896143572
116797.3460492778 130572.2403414365
117277.5991745952 131372.1171591349

118558.2741754418 135851.4273382460
111034.3085454683 135531.4766111667
118878.4429256534 135531.4766111667
110874.2241703624 135211.5258840873
111514.5616707857 135211.5258840873
119358.6960509709 135051.5505205476
110554.0554201508 134891.5751570079
110714.1397952566 134891.5751570079
110874.2241703624 134891.5751570079
111514.5616707857 134891.5751570079
119038.5273007592 134731.5997934683
110233.8866699392 134571.6244299286
110393.9710450450 134571.6244299286
110554.0554201508 134571.6244299286
111034.3085454683 134571.6244299286
111354.4772956799 134571.6244299286
128003.2523066852 119054.0141665793
127683.0835564736 119373.9648936587
127522.9991813677 119693.9156207381
126562.4929307328 120173.8417113571
126402.4085556270 120493.7924384365
125922.1554303095 123373.3489821508
126082.2398054154 123693.2997092302
125762.0710552037 124013.2504363095
126082.2398054154 124493.1765269286
126242.3241805212 124973.1026175476
126242.3241805212 125293.0533446270
126402.4085556270 127052.7823435635
126082.2398054154 127532.7084341825
116637.2616741720 129932.3388872778
116957.4304243836 130252.2896143572
116957.4304243836 130572.2403414365
116797.3460492778 130892.1910685159
110554.0554201508 132651.9200674524
110714.1397952566 132971.8707945317
110393.9710450450 133291.8215216111
110714.1397952566 133611.7722486905
110393.9710450450 133611.7722486905
110233.8866699392 133611.7722486905
111034.3085454683 133931.7229757699
110554.0554201508 133931.7229757699
110393.9710450450 133931.7229757699
109433.4647944101 133931.7229757699
111034.3085454683 134251.6737028492
110554.0554201508 134251.6737028492
110233.8866699392 134251.6737028492
110073.8022948333 134251.6737028492

118558.2741754418 135851.4273382460
111034.3085454683 135531.4766111667
118878.4429256534 135531.4766111667
110874.2241703624 135211.5258840873
111514.5616707857 135211.5258840873
119358.6960509709 135051.5505205476
110554.0554201508 134891.5751570079
110714.1397952566 134891.5751570079
110874.2241703624 134891.5751570079
111514.5616707857 134891.5751570079
128003.2523066852 119054.0141665793
127683.0835564736 119373.9648936587
127522.9991813677 119693.9156207381
126562.4929307328 120173.8417113571
126402.4085556270 120493.7924384365
125922.1554303095 123373.3489821508
126082.2398054154 123693.2997092302
125762.0710552037 124013.2504363095
126082.2398054154 124493.1765269286
126242.3241805212 124973.1026175476
126402.4085556270 127052.7823435635
126082.2398054154 127532.7084341825
116637.2616741720 129932.3388872778
116957.4304243836 130252.2896143572
116957.4304243836 130572.2403414365
116797.3460492778 130892.1910685159
110554.0554201508 132651.9200674524
110714.1397952566 132971.8707945317
110554.0554201508 133291.8215216111
110393.9710450450 133291.8215216111
110714.1397952566 133611.7722486905
110393.9710450450 133611.7722486905
110233.8866699392 133611.7722486905
111034.3085454683 133931.7229757699
110554.0554201508 133931.7229757699
110393.9710450450 133931.7229757699
109433.4647944101 133931.7229757699
111034.3085454683 134251.6737028492
110554.0554201508 134251.6737028492
110233.8866699392 134251.6737028492
110073.8022948333 134251.6737028492
119838.9491762884 134411.6490663889
111354.4772956799 134571.6244299286
111034.3085454683 134571.6244299286
110554.0554201508 134571.6244299286
110393.9710450450 134571.6244299286
119038.5273007592 134731.5997934683

118558.2741754418 136331.3534288651
118878.4429256534 135851.4273382460
131845.2773092249 118574.0880759603
128003.2523066852 119054.0141665793
127683.0835564736 119373.9648936587
127522.9991813677 119693.9156207381
126562.4929307328 120173.8417113571
126402.4085556270 120493.7924384365
126082.2398054154 120813.7431655159
125762.0710552037 121293.6692561349
124961.6491796746 122573.4721644524
125601.9866800979 122893.4228915318
125922.1554303095 123373.3489821508
126082.2398054154 123693.2997092302
125762.0710552037 124013.2504363095
126082.2398054154 124493.1765269286
125601.9866800979 124813.1272540079
126242.3241805212 125133.0779810873
125762.0710552037 125453.0287081667
126402.4085556270 125932.9547987857
125922.1554303095 126252.9055258651
126242.3241805212 126732.8316164841
126402.4085556270 127052.7823435635
126082.2398054154 127532.7084341825
117117.5147994894 129612.3881601984
116637.2616741720 129932.3388872778
116477.1772990661 130252.2896143572
116797.3460492778 130572.2403414365
117277.5991745952 131052.1664320556
110393.9710450450 132491.9447039127
110233.8866699392 132971.8707945317
110874.2241703624 133291.8215216111
110233.8866699392 133611.7722486905
111034.3085454683 133931.7229757699
110554.0554201508 133931.7229757699
111194.3929205741 134251.6737028492
110233.8866699392 134251.6737028492
119358.6960509709 134411.6490663889
110233.8866699392 134571.6244299286
119038.5273007592 134731.5997934683
110714.1397952566 134891.5751570079
119358.6960509709 135051.5505205476
110874.2241703624 135211.5258840873
118718.3585505476 135531.4766111667
111034.3085454683 135531.4766111667
111034.3085454683 135851.4273382460
118398.1898003360 136651.3041559445

118558.2741754418 136331.3534288651
111034.3085454683 135851.4273382460
118878.4429256534 135851.4273382460
111034.3085454683 135531.4766111667
118878.4429256534 135531.4766111667
110874.2241703624 135211.5258840873
119358.6960509709 135051.5505205476
110714.1397952566 134891.5751570079
119038.5273007592 134731.5997934683
110554.0554201508 134571.6244299286
111674.6460458915 134571.6244299286
110233.8866699392 134251.6737028492
111194.3929205741 134251.6737028492
110554.0554201508 133931.7229757699
111034.3085454683 133931.7229757699
110233.8866699392 133611.7722486905
110874.2241703624 133291.8215216111
110233.8866699392 132971.8707945317
110393.9710450450 132491.9447039127
117277.5991745952 131052.1664320556
116797.3460492778 130572.2403414365
116477.1772990661 130252.2896143572
116637.2616741720 129932.3388872778
117117.5147994894 129612.3881601984
126082.2398054154 127532.7084341825
126402.4085556270 127052.7823435635
126242.3241805212 126732.8316164841
125922.1554303095 126252.9055258651
126402.4085556270 125932.9547987857
128003.2523066852 119054.0141665793
127683.0835564736 119373.9648936587
127522.9991813677 119693.9156207381
126562.4929307328 120173.8417113571
126402.4085556270 120493.7924384365
125762.0710552037 120813.7431655159
126242.3241805212 121293.6692561349
125762.0710552037 121613.6199832143
125922.1554303095 122253.5214373730
125441.9023049921 122573.4721644524
125922.1554303095 122893.4228915318
125441.9023049921 123373.3489821508
126082.2398054154 123693.2997092302
125762.0710552037 124013.2504363095
126082.2398054154 124333.2011633889
126242.3241805212 124813.1272540079
126242.3241805212 125133.0779810873
125762.0710552037 125453.0287081667

111034.3085454683 135531.4766111667
118878.4429256534 135531.4766111667
111034.3085454683 135211.5258840873
111514.5616707857 135211.5258840873
119358.6960509709 135051.5505205476
110554.0554201508 134891.5751570079
110714.1397952566 134891.5751570079
110874.2241703624 134891.5751570079
111514.5616707857 134891.5751570079
119038.5273007592 134731.5997934683
110233.8866699392 134571.6244299286
110393.9710450450 134571.6244299286
110554.0554201508 134571.6244299286
110714.1397952566 134571.6244299286
110874.2241703624 134571.6244299286
111034.3085454683 134571.6244299286
111354.4772956799 134571.6244299286
110073.8022948333 134251.6737028492
110233.8866699392 134251.6737028492
110393.9710450450 134251.6737028492
110554.0554201508 134251.6737028492
110714.1397952566 134251.6737028492
111034.3085454683 134251.6737028492
111194.3929205741 134251.6737028492
128003.2523066852 119054.0141665793
127683.0835564736 119373.9648936587
127522.9991813677 119693.9156207381
126562.4929307328 120173.8417113571
116957.4304243836 130252.2896143572
116957.4304243836 130572.2403414365
110554.0554201508 132651.9200674524
110714.1397952566 132971.8707945317
110554.0554201508 133291.8215216111
110393.9710450450 133291.8215216111
110714.1397952566 133611.7722486905
110554.0554201508 133611.7722486905
110393.9710450450 133611.7722486905
110233.8866699392 133611.7722486905
111354.4772956799 133931.7229757699
111034.3085454683 133931.7229757699
110874.2241703624 133931.7229757699
110714.1397952566 133931.7229757699
110393.9710450450 133931.7229757699
110233.8866699392 133931.7229757699
110073.8022948333 133931.7229757699
109913.7179197275 133931.7229757699
110874.2241703624 134251.6737028492

111034.3085454683 135531.4766111667
118878.4429256534 135531.4766111667
111034.3085454683 135211.5258840873
111514.5616707857 135211.5258840873
119358.6960509709 135051.5505205476
110554.0554201508 134891.5751570079
110714.1397952566 134891.5751570079
110874.2241703624 134891.5751570079
111514.5616707857 134891.5751570079
119038.5273007592 134731.5997934683
110233.8866699392 134571.6244299286
110393.9710450450 134571.6244299286
110554.0554201508 134571.6244299286
110714.1397952566 134571.6244299286
110874.2241703624 134571.6244299286
111034.3085454683 134571.6244299286
111354.4772956799 134571.6244299286
110073.8022948333 134251.6737028492
110233.8866699392 134251.6737028492
110393.9710450450 134251.6737028492
110554.0554201508 134251.6737028492
110714.1397952566 134251.6737028492
111034.3085454683 134251.6737028492
111194.3929205741 134251.6737028492
109913.7179197275 133931.7229757699
110073.8022948333 133931.7229757699
110393.9710450450 133931.7229757699
110554.0554201508 133931.7229757699
110714.1397952566 133931.7229757699
110874.2241703624 133931.7229757699
111034.3085454683 133931.7229757699
110233.8866699392 133611.7722486905
110393.9710450450 133611.7722486905
110714.1397952566 133611.7722486905
111194.3929205741 133611.7722486905
110393.9710450450 133291.8215216111
110554.0554201508 133291.8215216111
110714.1397952566 132971.8707945317
116957.4304243836 130572.2403414365
116957.4304243836 130252.2896143572
128003.2523066852 119054.0141665793
127683.0835564736 119373.9648936587
127522.9991813677 119693.9156207381
126562.4929307328 120173.8417113571
126402.4085556270 120493.7924384365
125922.1554303095 124333.2011633889
126402.4085556270 124813.1272540079

118398.1898003360 136651.3041559445
118558.2741754418 136331.3534288651
111034.3085454683 135851.4273382460
118878.4429256534 135851.4273382460
111034.3085454683 135531.4766111667
118718.3585505476 135531.4766111667
110874.2241703624 135211.5258840873
119358.6960509709 135051.5505205476
110714.1397952566 134891.5751570079
111514.5616707857 134891.5751570079
119038.5273007592 134731.5997934683
110554.0554201508 134571.6244299286
111674.6460458915 134571.6244299286
119518.7804260767 134411.6490663889
110233.8866699392 134251.6737028492
110554.0554201508 134251.6737028492
111194.3929205741 134251.6737028492
110073.8022948333 133931.7229757699
110554.0554201508 133931.7229757699
111034.3085454683 133931.7229757699
110233.8866699392 133611.7722486905
110714.1397952566 133611.7722486905
110554.0554201508 133291.8215216111
110233.8866699392 132971.8707945317
110393.9710450450 132491.9447039127
117277.5991745952 131052.1664320556
116797.3460492778 130572.2403414365
116957.4304243836 130252.2896143572
116637.2616741720 129932.3388872778
128003.2523066852 119054.0141665793
127683.0835564736 119373.9648936587
127522.9991813677 119693.9156207381
126562.4929307328 120173.8417113571
126402.4085556270 120493.7924384365
126082.2398054154 120813.7431655159
125922.1554303095 123373.3489821508
126082.2398054154 123693.2997092302
125762.0710552037 124013.2504363095
126082.2398054154 124493.1765269286
125601.9866800979 124813.1272540079
126242.3241805212 125133.0779810873
125762.0710552037 125453.0287081667
126402.4085556270 125932.9547987857
125922.1554303095 126252.9055258651
126242.3241805212 126732.8316164841
126402.4085556270 127052.7823435635
126082.2398054154 127532.7084341825

116637.2616741720 138091.0824278016
118718.3585505476 136971.2548830238
118398.1898003360 136651.3041559445
118558.2741754418 136331.3534288651
111034.3085454683 135851.4273382460
118878.4429256534 135851.4273382460
111034.3085454683 135531.4766111667
118718.3585505476 135531.4766111667
128003.2523066852 119054.0141665793
127683.0835564736 119373.9648936587
127522.9991813677 119693.9156207381
126562.4929307328 120173.8417113571
126402.4085556270 120493.7924384365
125762.0710552037 120813.7431655159
126242.3241805212 121293.6692561349
125762.0710552037 121613.6199832143
125922.1554303095 122253.5214373730
125441.9023049921 122573.4721644524
125922.1554303095 122893.4228915318
125441.9023049921 123373.3489821508
126082.2398054154 123693.2997092302
125762.0710552037 124013.2504363095
126082.2398054154 124333.2011633889
126242.3241805212 124813.1272540079
126242.3241805212 125133.0779810873
125762.0710552037 125453.0287081667
126402.4085556270 125932.9547987857
125922.1554303095 126252.9055258651
125601.9866800979 126732.8316164841
125922.1554303095 127052.7823435635
126082.2398054154 127532.7084341825
117117.5147994894 129612.3881601984
116637.2616741720 129932.3388872778
116477.1772990661 130252.2896143572
116797.3460492778 130572.2403414365
117277.5991745952 131052.1664320556
117277.5991745952 131372.1171591349
110393.9710450450 132491.9447039127
110233.8866699392 132971.8707945317
110554.0554201508 133291.8215216111
110233.8866699392 133611.7722486905
111034.3085454683 133931.7229757699
110554.0554201508 134251.6737028492
110554.0554201508 134571.6244299286
119038.5273007592 134731.5997934683
110714.1397952566 134891.5751570079
110874.2241703624 135211.5258840873

115996.9241737487 138730.9838819603
116637.2616741720 138091.0824278016
118718.3585505476 136971.2548830238
118398.1898003360 136651.3041559445
118558.2741754418 136331.3534288651
120319.2023016058 128172.6098883413
111034.3085454683 135531.4766111667
118718.3585505476 135531.4766111667
110874.2241703624 135211.5258840873
110714.1397952566 134891.5751570079
119038.5273007592 134731.5997934683
110554.0554201508 134571.6244299286
110554.0554201508 134251.6737028492
111034.3085454683 133931.7229757699
110233.8866699392 133611.7722486905
110554.0554201508 133291.8215216111
110233.8866699392 132971.8707945317
110393.9710450450 132491.9447039127
117277.5991745952 131372.1171591349
117277.5991745952 131052.1664320556
116797.3460492778 130572.2403414365
116477.1772990661 130252.2896143572
116637.2616741720 129932.3388872778
117117.5147994894 129612.3881601984
126082.2398054154 127532.7084341825
125922.1554303095 127052.7823435635
125601.9866800979 126732.8316164841
125922.1554303095 126252.9055258651
126402.4085556270 125932.9547987857
125762.0710552037 125453.0287081667
126242.3241805212 125133.0779810873
126242.3241805212 124813.1272540079
126082.2398054154 124333.2011633889
125762.0710552037 124013.2504363095
126082.2398054154 123693.2997092302
125441.9023049921 123373.3489821508
125922.1554303095 122893.4228915318
125441.9023049921 122573.4721644524
125922.1554303095 122253.5214373730
125762.0710552037 121613.6199832143
126242.3241805212 121293.6692561349
125762.0710552037 120813.7431655159
126402.4085556270 120493.7924384365
126562.4929307328 120173.8417113571
127522.9991813677 119693.9156207381
127683.0835564736 119373.9648936587
128003.2523066852 119054.0141665793

116957.4304243836 138571.0085184206
118398.1898003360 136651.3041559445
118558.2741754418 136331.3534288651
111034.3085454683 135851.4273382460
118878.4429256534 135851.4273382460
111034.3085454683 135531.4766111667
118718.3585505476 135531.4766111667
110874.2241703624 135211.5258840873
119358.6960509709 135051.5505205476
110714.1397952566 134891.5751570079
119038.5273007592 134731.5997934683
110233.8866699392 134571.6244299286
119358.6960509709 134411.6490663889
110233.8866699392 134251.6737028492
111194.3929205741 134251.6737028492
110554.0554201508 133931.7229757699
110233.8866699392 133611.7722486905
110874.2241703624 133291.8215216111
110233.8866699392 132971.8707945317
110393.9710450450 132491.9447039127
117277.5991745952 131052.1664320556
116797.3460492778 130572.2403414365
116477.1772990661 130252.2896143572
116637.2616741720 129932.3388872778
117117.5147994894 129612.3881601984
125441.9023049921 128492.5606154207
126082.2398054154 127532.7084341825
126402.4085556270 127052.7823435635
126242.3241805212 126732.8316164841
125922.1554303095 126252.9055258651
126402.4085556270 125932.9547987857
125762.0710552037 125453.0287081667
126242.3241805212 125133.0779810873
125601.9866800979 124813.1272540079
125601.9866800979 124333.2011633889
125762.0710552037 124013.2504363095
126082.2398054154 123693.2997092302
125922.1554303095 123373.3489821508
125601.9866800979 122893.4228915318
125762.0710552037 121293.6692561349
126082.2398054154 120973.7185290556
126402.4085556270 120493.7924384365
126562.4929307328 120173.8417113571
127522.9991813677 119693.9156207381
127683.0835564736 119373.9648936587
128003.2523066852 119054.0141665793
128643.5898071085 118574.0880759603

118398.1898003360 136651.3041559445
118558.2741754418 136331.3534288651
128003.2523066852 119054.0141665793
127683.0835564736 119373.9648936587
127522.9991813677 119693.9156207381
126562.4929307328 120173.8417113571
126402.4085556270 120493.7924384365
126082.2398054154 120813.7431655159
125922.1554303095 123373.3489821508
126082.2398054154 123693.2997092302
125762.0710552037 124013.2504363095
126082.2398054154 124493.1765269286
126242.3241805212 124973.1026175476
126082.2398054154 125293.0533446270
126402.4085556270 127052.7823435635
126082.2398054154 127532.7084341825
116637.2616741720 129932.3388872778
116957.4304243836 130252.2896143572
116957.4304243836 130572.2403414365
117277.5991745952 131052.1664320556
110393.9710450450 132491.9447039127
110233.8866699392 132971.8707945317
110554.0554201508 133291.8215216111
110393.9710450450 133291.8215216111
110714.1397952566 133611.7722486905
110233.8866699392 133611.7722486905
111034.3085454683 133931.7229757699
110554.0554201508 133931.7229757699
110073.8022948333 133931.7229757699
111194.3929205741 134251.6737028492
110554.0554201508 134251.6737028492
110233.8866699392 134251.6737028492
109913.7179197275 134251.6737028492
119518.7804260767 134411.6490663889
111674.6460458915 134571.6244299286
110554.0554201508 134571.6244299286
110233.8866699392 134571.6244299286
119038.5273007592 134731.5997934683
111514.5616707857 134891.5751570079
110714.1397952566 134891.5751570079
118878.4429256534 135211.5258840873
111034.3085454683 135211.5258840873
110874.2241703624 135211.5258840873
118718.3585505476 135531.4766111667
111034.3085454683 135531.4766111667
118878.4429256534 135851.4273382460
111034.3085454683 135851.4273382460

115996.9241737487 138730.9838819603
116637.2616741720 138091.0824278016
118718.3585505476 136971.2548830238
118398.1898003360 136651.3041559445
118558.2741754418 136331.3534288651
111034.3085454683 135851.4273382460
111034.3085454683 135531.4766111667
118718.3585505476 135531.4766111667
110874.2241703624 135211.5258840873
110714.1397952566 134891.5751570079
119038.5273007592 134731.5997934683
110554.0554201508 134571.6244299286
110554.0554201508 134251.6737028492
111034.3085454683 133931.7229757699
110233.8866699392 133611.7722486905
110554.0554201508 133291.8215216111
110233.8866699392 132971.8707945317
110393.9710450450 132491.9447039127
117277.5991745952 131372.1171591349
117277.5991745952 131052.1664320556
116797.3460492778 130572.2403414365
116477.1772990661 130252.2896143572
116637.2616741720 129932.3388872778
117117.5147994894 129612.3881601984
126082.2398054154 127532.7084341825
125922.1554303095 127052.7823435635
125601.9866800979 126732.8316164841
125922.1554303095 126252.9055258651
126402.4085556270 125932.9547987857
125762.0710552037 125453.0287081667
126242.3241805212 125133.0779810873
126242.3241805212 124813.1272540079
126082.2398054154 124333.2011633889
125762.0710552037 124013.2504363095
126082.2398054154 123693.2997092302
125441.9023049921 123373.3489821508
125922.1554303095 122893.4228915318
125441.9023049921 122573.4721644524
125762.0710552037 121613.6199832143
126242.3241805212 121293.6692561349
125762.0710552037 120813.7431655159
126402.4085556270 120493.7924384365
126562.4929307328 120173.8417113571
127522.9991813677 119693.9156207381
127683.0835564736 119373.9648936587
128003.2523066852 119054.0141665793
125922.1554303095 122253.5214373730

111034.3085454683 135531.4766111667
118878.4429256534 135531.4766111667
111034.3085454683 135211.5258840873
111514.5616707857 135211.5258840873
119358.6960509709 135051.5505205476
110554.0554201508 134891.5751570079
110714.1397952566 134891.5751570079
110874.2241703624 134891.5751570079
111514.5616707857 134891.5751570079
119038.5273007592 134731.5997934683
110233.8866699392 134571.6244299286
110393.9710450450 134571.6244299286
110554.0554201508 134571.6244299286
110714.1397952566 134571.6244299286
111034.3085454683 134571.6244299286
111354.4772956799 134571.6244299286
110073.8022948333 134251.6737028492
110233.8866699392 134251.6737028492
110393.9710450450 134251.6737028492
110554.0554201508 134251.6737028492
110714.1397952566 134251.6737028492
110874.2241703624 134251.6737028492
111034.3085454683 134251.6737028492
111194.3929205741 134251.6737028492
109913.7179197275 133931.7229757699
110073.8022948333 133931.7229757699
110393.9710450450 133931.7229757699
110554.0554201508 133931.7229757699
110714.1397952566 133931.7229757699
110874.2241703624 133931.7229757699
111034.3085454683 133931.7229757699
110233.8866699392 133611.7722486905
110393.9710450450 133611.7722486905
110554.0554201508 133611.7722486905
110714.1397952566 133611.7722486905
125922.1554303095 124333.2011633889
110393.9710450450 133291.8215216111
110554.0554201508 133291.8215216111
110714.1397952566 132971.8707945317
110554.0554201508 132651.9200674524
116957.4304243836 130572.2403414365
116957.4304243836 130252.2896143572
126402.4085556270 120493.7924384365
126562.4929307328 120173.8417113571
127522.9991813677 119693.9156207381
127683.0835564736 119373.9648936587
128003.2523066852 119054.0141665793

116957.4304243836 138571.0085184206
118398.1898003360 136651.3041559445
118558.2741754418 136331.3534288651
111034.3085454683 135851.4273382460
128003.2523066852 119054.0141665793
127683.0835564736 119373.9648936587
127522.9991813677 119693.9156207381
126562.4929307328 120173.8417113571
126402.4085556270 120493.7924384365
126082.2398054154 120813.7431655159
125762.0710552037 121293.6692561349
125762.0710552037 121613.6199832143
125601.9866800979 121933.5707102936
125441.9023049921 122573.4721644524
125922.1554303095 122893.4228915318
125441.9023049921 123373.3489821508
126082.2398054154 123693.2997092302
125762.0710552037 124013.2504363095
126082.2398054154 124333.2011633889
125601.9866800979 124813.1272540079
126242.3241805212 125133.0779810873
125762.0710552037 125453.0287081667
126402.4085556270 125932.9547987857
125922.1554303095 126252.9055258651
125922.1554303095 127052.7823435635
126082.2398054154 127532.7084341825
117117.5147994894 129612.3881601984
116637.2616741720 129932.3388872778
116477.1772990661 130252.2896143572
116797.3460492778 130572.2403414365
117277.5991745952 131052.1664320556
117277.5991745952 131372.1171591349
110393.9710450450 132491.9447039127
110233.8866699392 132971.8707945317
110554.0554201508 133291.8215216111
110233.8866699392 133611.7722486905
111034.3085454683 133931.7229757699
119358.6960509709 134251.6737028492
110554.0554201508 134251.6737028492
110554.0554201508 134571.6244299286
119038.5273007592 134731.5997934683
110714.1397952566 134891.5751570079
119358.6960509709 135051.5505205476
110874.2241703624 135211.5258840873
118718.3585505476 135531.4766111667
111034.3085454683 135531.4766111667
118878.4429256534 135851.4273382460

111034.3085454683 135531.4766111667
118878.4429256534 135531.4766111667
111034.3085454683 135211.5258840873
111514.5616707857 135211.5258840873
119358.6960509709 135051.5505205476
110554.0554201508 134891.5751570079
110714.1397952566 134891.5751570079
110874.2241703624 134891.5751570079
111514.5616707857 134891.5751570079
119038.5273007592 134731.5997934683
110233.8866699392 134571.6244299286
110393.9710450450 134571.6244299286
110554.0554201508 134571.6244299286
110714.1397952566 134571.6244299286
111034.3085454683 134571.6244299286
111354.4772956799 134571.6244299286
110073.8022948333 134251.6737028492
110233.8866699392 134251.6737028492
110393.9710450450 134251.6737028492
110554.0554201508 134251.6737028492
110714.1397952566 134251.6737028492
110874.2241703624 134251.6737028492
111034.3085454683 134251.6737028492
111194.3929205741 134251.6737028492
109913.7179197275 133931.7229757699
110073.8022948333 133931.7229757699
110233.8866699392 133931.7229757699
110393.9710450450 133931.7229757699
110554.0554201508 133931.7229757699
110714.1397952566 133931.7229757699
110874.2241703624 133931.7229757699
111034.3085454683 133931.7229757699
110554.0554201508 135211.5258840873
110233.8866699392 133611.7722486905
110393.9710450450 133611.7722486905
110554.0554201508 133611.7722486905
110714.1397952566 133611.7722486905
110393.9710450450 133291.8215216111
110554.0554201508 133291.8215216111
110714.1397952566 132971.8707945317
110554.0554201508 132651.9200674524
116957.4304243836 130572.2403414365
116957.4304243836 130252.2896143572
126562.4929307328 120173.8417113571
127522.9991813677 119693.9156207381
127683.0835564736 119373.9648936587
128003.2523066852 119054.0141665793

111034.3085454683 135531.4766111667
118878.4429256534 135531.4766111667
111034.3085454683 135211.5258840873
111514.5616707857 135211.5258840873
119358.6960509709 135051.5505205476
110554.0554201508 134891.5751570079
110714.1397952566 134891.5751570079
110874.2241703624 134891.5751570079
111514.5616707857 134891.5751570079
119038.5273007592 134731.5997934683
110233.8866699392 134571.6244299286
110393.9710450450 134571.6244299286
110554.0554201508 134571.6244299286
110714.1397952566 134571.6244299286
111034.3085454683 134571.6244299286
111354.4772956799 134571.6244299286
110073.8022948333 134251.6737028492
110233.8866699392 134251.6737028492
110393.9710450450 134251.6737028492
110554.0554201508 134251.6737028492
110714.1397952566 134251.6737028492
110874.2241703624 134251.6737028492
111034.3085454683 134251.6737028492
111194.3929205741 134251.6737028492
109913.7179197275 133931.7229757699
110073.8022948333 133931.7229757699
110233.8866699392 133931.7229757699
110393.9710450450 133931.7229757699
110714.1397952566 133931.7229757699
110874.2241703624 133931.7229757699
111034.3085454683 133931.7229757699
110233.8866699392 133611.7722486905
110393.9710450450 133611.7722486905
110554.0554201508 133611.7722486905
110714.1397952566 133611.7722486905
110393.9710450450 133291.8215216111
110554.0554201508 133291.8215216111
110714.1397952566 132971.8707945317
116957.4304243836 130572.2403414365
116957.4304243836 130252.2896143572
128003.2523066852 119054.0141665793
127683.0835564736 119373.9648936587
127522.9991813677 119693.9156207381
126562.4929307328 120173.8417113571
126402.4085556270 120493.7924384365
116797.3460492778 130892.1910685159
110554.0554201508 132651.9200674524

115996.9241737487 138730.9838819603
116637.2616741720 138091.0824278016
118398.1898003360 136651.3041559445
118558.2741754418 136331.3534288651
111034.3085454683 135851.4273382460
118878.4429256534 135851.4273382460
111034.3085454683 135531.4766111667
118718.3585505476 135531.4766111667
110874.2241703624 135211.5258840873
119358.6960509709 135051.5505205476
110714.1397952566 134891.5751570079
119038.5273007592 134731.5997934683
110554.0554201508 134571.6244299286
110554.0554201508 134251.6737028492
111034.3085454683 133931.7229757699
110233.8866699392 133611.7722486905
110554.0554201508 133291.8215216111
110233.8866699392 132971.8707945317
115676.7554235370 143210.2940610714
117277.5991745952 131372.1171591349
117277.5991745952 131052.1664320556
116797.3460492778 130572.2403414365
116477.1772990661 130252.2896143572
116637.2616741720 129932.3388872778
117117.5147994894 129612.3881601984
126082.2398054154 127532.7084341825
125922.1554303095 127052.7823435635
125601.9866800979 126732.8316164841
125922.1554303095 126252.9055258651
126402.4085556270 125932.9547987857
125762.0710552037 125453.0287081667
126242.3241805212 125133.0779810873
125601.9866800979 124813.1272540079
126082.2398054154 124333.2011633889
125762.0710552037 124013.2504363095
126082.2398054154 123693.2997092302
125441.9023049921 123373.3489821508
125922.1554303095 122893.4228915318
125441.9023049921 122573.4721644524
128003.2523066852 119054.0141665793
127683.0835564736 119373.9648936587
127522.9991813677 119693.9156207381
126562.4929307328 120173.8417113571
126402.4085556270 120493.7924384365
125762.0710552037 120813.7431655159
125762.0710552037 121613.6199832143
125601.9866800979 121933.5707102936

118558.2741754418 136331.3534288651
111034.3085454683 135851.4273382460
118878.4429256534 135851.4273382460
111034.3085454683 135531.4766111667
118718.3585505476 135531.4766111667
110874.2241703624 135211.5258840873
111034.3085454683 135211.5258840873
118878.4429256534 135211.5258840873
110714.1397952566 134891.5751570079
111514.5616707857 134891.5751570079
119038.5273007592 134731.5997934683
110233.8866699392 134571.6244299286
110554.0554201508 134571.6244299286
111674.6460458915 134571.6244299286
119518.7804260767 134411.6490663889
109913.7179197275 134251.6737028492
110233.8866699392 134251.6737028492
110554.0554201508 134251.6737028492
111034.3085454683 134251.6737028492
111194.3929205741 134251.6737028492
110073.8022948333 133931.7229757699
110554.0554201508 133931.7229757699
111034.3085454683 133931.7229757699
110233.8866699392 133611.7722486905
110714.1397952566 133611.7722486905
110393.9710450450 133291.8215216111
110554.0554201508 133291.8215216111
110233.8866699392 132971.8707945317
110393.9710450450 132491.9447039127
117277.5991745952 131052.1664320556
116957.4304243836 130572.2403414365
116957.4304243836 130252.2896143572
116637.2616741720 129932.3388872778
126082.2398054154 127532.7084341825
126402.4085556270 127052.7823435635
126082.2398054154 125293.0533446270
126242.3241805212 124973.1026175476
126082.2398054154 124493.1765269286
125762.0710552037 124013.2504363095
126082.2398054154 123693.2997092302
125922.1554303095 123373.3489821508
126082.2398054154 120813.7431655159
126402.4085556270 120493.7924384365
126562.4929307328 120173.8417113571
127522.9991813677 119693.9156207381
127683.0835564736 119373.9648936587
128003.2523066852 119054.0141665793

111034.3085454683 135531.4766111667
118878.4429256534 135531.4766111667
111034.3085454683 135211.5258840873
111514.5616707857 135211.5258840873
119358.6960509709 135051.5505205476
110554.0554201508 134891.5751570079
110714.1397952566 134891.5751570079
110874.2241703624 134891.5751570079
111514.5616707857 134891.5751570079
119038.5273007592 134731.5997934683
110233.8866699392 134571.6244299286
110393.9710450450 134571.6244299286
110554.0554201508 134571.6244299286
110714.1397952566 134571.6244299286
111034.3085454683 134571.6244299286
111354.4772956799 134571.6244299286
110073.8022948333 134251.6737028492
110233.8866699392 134251.6737028492
110393.9710450450 134251.6737028492
110714.1397952566 134251.6737028492
110874.2241703624 134251.6737028492
111034.3085454683 134251.6737028492
111194.3929205741 134251.6737028492
109913.7179197275 133931.7229757699
110073.8022948333 133931.7229757699
110554.0554201508 133931.7229757699
110714.1397952566 133931.7229757699
110874.2241703624 133931.7229757699
111034.3085454683 133931.7229757699
110233.8866699392 133611.7722486905
110393.9710450450 133611.7722486905
110554.0554201508 133611.7722486905
110714.1397952566 133611.7722486905
110393.9710450450 133291.8215216111
110554.0554201508 133291.8215216111
110714.1397952566 132971.8707945317
110554.0554201508 132651.9200674524
116957.4304243836 130572.2403414365
128003.2523066852 119054.0141665793
127683.0835564736 119373.9648936587
127522.9991813677 119693.9156207381
126562.4929307328 120173.8417113571
126402.4085556270 120493.7924384365
116957.4304243836 130252.2896143572
109753.6335446217 134251.6737028492
110233.8866699392 133931.7229757699
110554.0554201508 134251.6737028492

111034.3085454683 135531.4766111667
118878.4429256534 135531.4766111667
111034.3085454683 135211.5258840873
111514.5616707857 135211.5258840873
119358.6960509709 135051.5505205476
110554.0554201508 134891.5751570079
110714.1397952566 134891.5751570079
110874.2241703624 134891.5751570079
111514.5616707857 134891.5751570079
119038.5273007592 134731.5997934683
110233.8866699392 134571.6244299286
110393.9710450450 134571.6244299286
110554.0554201508 134571.6244299286
110714.1397952566 134571.6244299286
111034.3085454683 134571.6244299286
111354.4772956799 134571.6244299286
110073.8022948333 134251.6737028492
110233.8866699392 134251.6737028492
110393.9710450450 134251.6737028492
110554.0554201508 134251.6737028492
110714.1397952566 134251.6737028492
110874.2241703624 134251.6737028492
111034.3085454683 134251.6737028492
111194.3929205741 134251.6737028492
109913.7179197275 133931.7229757699
110073.8022948333 133931.7229757699
110233.8866699392 133931.7229757699
110554.0554201508 133931.7229757699
110714.1397952566 133931.7229757699
110874.2241703624 133931.7229757699
110233.8866699392 133611.7722486905
110393.9710450450 133611.7722486905
110554.0554201508 133611.7722486905
110714.1397952566 133611.7722486905
110393.9710450450 133291.8215216111
110554.0554201508 133291.8215216111
110714.1397952566 132971.8707945317
128003.2523066852 119054.0141665793
127683.0835564736 119373.9648936587
127522.9991813677 119693.9156207381
126562.4929307328 120173.8417113571
126402.4085556270 120493.7924384365
125922.1554303095 124333.2011633889
126402.4085556270 124653.1518904682
116957.4304243836 130252.2896143572
116957.4304243836 130572.2403414365
110554.0554201508 132651.9200674524

115996.9241737487 138730.9838819603
116637.2616741720 138091.0824278016
118398.1898003360 136651.3041559445
118558.2741754418 136331.3534288651
111034.3085454683 135851.4273382460
118878.4429256534 135851.4273382460
111034.3085454683 135531.4766111667
118718.3585505476 135531.4766111667
110874.2241703624 135211.5258840873
119358.6960509709 135051.5505205476
110714.1397952566 134891.5751570079
119038.5273007592 134731.5997934683
110554.0554201508 134571.6244299286
110554.0554201508 134251.6737028492
111034.3085454683 133931.7229757699
110233.8866699392 133611.7722486905
110554.0554201508 133291.8215216111
110233.8866699392 132971.8707945317
110393.9710450450 132491.9447039127
117277.5991745952 131372.1171591349
117277.5991745952 131052.1664320556
116797.3460492778 130572.2403414365
116477.1772990661 130252.2896143572
116637.2616741720 129932.3388872778
117117.5147994894 129612.3881601984
126082.2398054154 127532.7084341825
125922.1554303095 127052.7823435635
125601.9866800979 126732.8316164841
125922.1554303095 126252.9055258651
126402.4085556270 125932.9547987857
125762.0710552037 125453.0287081667
126242.3241805212 125133.0779810873
125601.9866800979 124813.1272540079
126082.2398054154 124333.2011633889
125762.0710552037 124013.2504363095
126082.2398054154 123693.2997092302
125441.9023049921 123373.3489821508
125922.1554303095 122893.4228915318
125441.9023049921 122573.4721644524
125601.9866800979 121933.5707102936
125762.0710552037 121613.6199832143
128003.2523066852 119054.0141665793
127683.0835564736 119373.9648936587
127522.9991813677 119693.9156207381
126562.4929307328 120173.8417113571
126402.4085556270 120493.7924384365
125762.0710552037 120813.7431655159

111034.3085454683 135531.4766111667
118878.4429256534 135531.4766111667
111034.3085454683 135211.5258840873
111514.5616707857 135211.5258840873
119358.6960509709 135051.5505205476
110554.0554201508 134891.5751570079
110714.1397952566 134891.5751570079
110874.2241703624 134891.5751570079
111514.5616707857 134891.5751570079
119038.5273007592 134731.5997934683
110233.8866699392 134571.6244299286
110393.9710450450 134571.6244299286
110554.0554201508 134571.6244299286
110714.1397952566 134571.6244299286
111034.3085454683 134571.6244299286
111354.4772956799 134571.6244299286
110073.8022948333 134251.6737028492
110233.8866699392 134251.6737028492
110393.9710450450 134251.6737028492
110554.0554201508 134251.6737028492
110714.1397952566 134251.6737028492
110874.2241703624 134251.6737028492
111034.3085454683 134251.6737028492
111194.3929205741 134251.6737028492
128003.2523066852 119054.0141665793
127683.0835564736 119373.9648936587
127522.9991813677 119693.9156207381
126562.4929307328 120173.8417113571
126402.4085556270 120493.7924384365
125922.1554303095 124333.2011633889
126402.4085556270 124653.1518904682
116957.4304243836 130252.2896143572
116957.4304243836 130572.2403414365
110554.0554201508 132651.9200674524
110714.1397952566 132971.8707945317
110554.0554201508 133291.8215216111
110393.9710450450 133291.8215216111
110714.1397952566 133611.7722486905
110554.0554201508 133611.7722486905
110393.9710450450 133611.7722486905
111034.3085454683 133931.7229757699
110874.2241703624 133931.7229757699
110714.1397952566 133931.7229757699
110554.0554201508 133931.7229757699
110393.9710450450 133931.7229757699
110233.8866699392 133931.7229757699
110073.8022948333 133931.7229757699

111034.3085454683 135531.4766111667
118878.4429256534 135531.4766111667
111034.3085454683 135211.5258840873
111514.5616707857 135211.5258840873
119358.6960509709 135051.5505205476
110554.0554201508 134891.5751570079
110714.1397952566 134891.5751570079
110874.2241703624 134891.5751570079
111514.5616707857 134891.5751570079
119038.5273007592 134731.5997934683
110233.8866699392 134571.6244299286
110393.9710450450 134571.6244299286
110554.0554201508 134571.6244299286
110714.1397952566 134571.6244299286
111034.3085454683 134571.6244299286
111354.4772956799 134571.6244299286
110073.8022948333 134251.6737028492
110233.8866699392 134251.6737028492
110393.9710450450 134251.6737028492
110554.0554201508 134251.6737028492
110714.1397952566 134251.6737028492
110874.2241703624 134251.6737028492
111034.3085454683 134251.6737028492
111194.3929205741 134251.6737028492
109913.7179197275 133931.7229757699
110073.8022948333 133931.7229757699
110233.8866699392 133931.7229757699
110393.9710450450 133931.7229757699
110554.0554201508 133931.7229757699
110714.1397952566 133931.7229757699
110874.2241703624 133931.7229757699
111034.3085454683 133931.7229757699
110233.8866699392 133611.7722486905
110393.9710450450 133611.7722486905
110554.0554201508 133611.7722486905
110714.1397952566 133611.7722486905
110393.9710450450 133291.8215216111
110554.0554201508 133291.8215216111
128003.2523066852 119054.0141665793
127683.0835564736 119373.9648936587
127522.9991813677 119693.9156207381
126562.4929307328 120173.8417113571
126402.4085556270 120493.7924384365
125922.1554303095 124333.2011633889
126402.4085556270 124653.1518904682
116957.4304243836 130252.2896143572
116957.4304243836 130572.2403414365

111034.3085454683 135531.4766111667
118878.4429256534 135531.4766111667
111034.3085454683 135211.5258840873
119358.6960509709 135051.5505205476
110554.0554201508 134891.5751570079
110714.1397952566 134891.5751570079
110874.2241703624 134891.5751570079
111514.5616707857 134891.5751570079
119038.5273007592 134731.5997934683
110233.8866699392 134571.6244299286
110393.9710450450 134571.6244299286
110554.0554201508 134571.6244299286
110714.1397952566 134571.6244299286
111034.3085454683 134571.6244299286
111354.4772956799 134571.6244299286
110073.8022948333 134251.6737028492
110233.8866699392 134251.6737028492
110393.9710450450 134251.6737028492
110554.0554201508 134251.6737028492
110714.1397952566 134251.6737028492
110874.2241703624 134251.6737028492
111034.3085454683 134251.6737028492
111194.3929205741 134251.6737028492
109913.7179197275 133931.7229757699
110073.8022948333 133931.7229757699
110233.8866699392 133931.7229757699
110393.9710450450 133931.7229757699
110554.0554201508 133931.7229757699
110714.1397952566 133931.7229757699
110874.2241703624 133931.7229757699
111034.3085454683 133931.7229757699
110393.9710450450 133611.7722486905
110554.0554201508 133611.7722486905
110714.1397952566 133611.7722486905
110393.9710450450 133291.8215216111
110554.0554201508 133291.8215216111
110714.1397952566 132971.8707945317
110554.0554201508 132651.9200674524
128003.2523066852 119054.0141665793
127683.0835564736 119373.9648936587
127522.9991813677 119693.9156207381
126562.4929307328 120173.8417113571
126402.4085556270 120493.7924384365
125922.1554303095 124333.2011633889
116957.4304243836 130252.2896143572
116957.4304243836 130572.2403414365
110233.8866699392 133611.7722486905

118558.2741754418 136331.3534288651
111034.3085454683 135851.4273382460
118878.4429256534 135851.4273382460
111034.3085454683 135531.4766111667
118718.3585505476 135531.4766111667
110874.2241703624 135211.5258840873
111034.3085454683 135211.5258840873
119358.6960509709 135051.5505205476
110714.1397952566 134891.5751570079
111514.5616707857 134891.5751570079
119038.5273007592 134731.5997934683
110233.8866699392 134571.6244299286
110554.0554201508 134571.6244299286
111674.6460458915 134571.6244299286
119518.7804260767 134411.6490663889
109913.7179197275 134251.6737028492
110233.8866699392 134251.6737028492
110554.0554201508 134251.6737028492
111034.3085454683 134251.6737028492
111194.3929205741 134251.6737028492
110073.8022948333 133931.7229757699
110554.0554201508 133931.7229757699
111034.3085454683 133931.7229757699
110233.8866699392 133611.7722486905
110714.1397952566 133611.7722486905
110393.9710450450 133291.8215216111
110554.0554201508 133291.8215216111
110233.8866699392 132971.8707945317
110393.9710450450 132491.9447039127
117277.5991745952 131052.1664320556
116957.4304243836 130572.2403414365
116957.4304243836 130252.2896143572
116637.2616741720 129932.3388872778
126082.2398054154 127532.7084341825
126402.4085556270 127052.7823435635
126082.2398054154 125293.0533446270
126242.3241805212 124973.1026175476
126082.2398054154 124493.1765269286
125762.0710552037 124013.2504363095
126082.2398054154 123693.2997092302
125922.1554303095 123373.3489821508
128003.2523066852 119054.0141665793
127683.0835564736 119373.9648936587
127522.9991813677 119693.9156207381
126562.4929307328 120173.8417113571
126402.4085556270 120493.7924384365
125762.0710552037 120813.7431655159

118878.4429256534 135851.4273382460
111034.3085454683 135531.4766111667
118718.3585505476 135531.4766111667
111034.3085454683 135211.5258840873
111514.5616707857 135211.5258840873
119358.6960509709 135051.5505205476
110554.0554201508 134891.5751570079
110714.1397952566 134891.5751570079
110874.2241703624 134891.5751570079
111514.5616707857 134891.5751570079
119038.5273007592 134731.5997934683
110233.8866699392 134571.6244299286
110393.9710450450 134571.6244299286
110554.0554201508 134571.6244299286
110714.1397952566 134571.6244299286
111034.3085454683 134571.6244299286
111354.4772956799 134571.6244299286
128003.2523066852 119054.0141665793
127683.0835564736 119373.9648936587
127522.9991813677 119693.9156207381
126562.4929307328 120173.8417113571
126402.4085556270 120493.7924384365
125922.1554303095 124333.2011633889
116957.4304243836 130252.2896143572
116957.4304243836 130572.2403414365
110554.0554201508 132651.9200674524
110714.1397952566 132971.8707945317
110554.0554201508 133291.8215216111
110393.9710450450 133291.8215216111
111194.3929205741 133611.7722486905
110714.1397952566 133611.7722486905
110554.0554201508 133611.7722486905
110393.9710450450 133611.7722486905
110233.8866699392 133611.7722486905
111034.3085454683 133931.7229757699
110874.2241703624 133931.7229757699
110714.1397952566 133931.7229757699
110554.0554201508 133931.7229757699
110393.9710450450 133931.7229757699
110233.8866699392 133931.7229757699
110073.8022948333 133931.7229757699
111194.3929205741 134251.6737028492
111034.3085454683 134251.6737028492
110874.2241703624 134251.6737028492
110554.0554201508 134251.6737028492
110233.8866699392 134251.6737028492
110073.8022948333 134251.6737028492

111034.3085454683 135531.4766111667
118878.4429256534 135531.4766111667
111034.3085454683 135211.5258840873
111514.5616707857 135211.5258840873
119358.6960509709 135051.5505205476
110554.0554201508 134891.5751570079
110714.1397952566 134891.5751570079
110874.2241703624 134891.5751570079
111514.5616707857 134891.5751570079
119038.5273007592 134731.5997934683
110233.8866699392 134571.6244299286
110393.9710450450 134571.6244299286
110554.0554201508 134571.6244299286
110714.1397952566 134571.6244299286
111034.3085454683 134571.6244299286
111354.4772956799 134571.6244299286
110073.8022948333 134251.6737028492
110233.8866699392 134251.6737028492
110393.9710450450 134251.6737028492
110554.0554201508 134251.6737028492
110714.1397952566 134251.6737028492
110874.2241703624 134251.6737028492
111034.3085454683 134251.6737028492
111194.3929205741 134251.6737028492
109913.7179197275 133931.7229757699
110073.8022948333 133931.7229757699
110233.8866699392 133931.7229757699
110554.0554201508 133931.7229757699
110714.1397952566 133931.7229757699
110874.2241703624 133931.7229757699
111034.3085454683 133931.7229757699
110233.8866699392 133611.7722486905
110393.9710450450 133611.7722486905
110554.0554201508 133611.7722486905
110714.1397952566 133611.7722486905
110393.9710450450 133291.8215216111
110554.0554201508 133291.8215216111
110714.1397952566 132971.8707945317
110554.0554201508 132651.9200674524
116957.4304243836 130572.2403414365
116957.4304243836 130252.2896143572
128003.2523066852 119054.0141665793
127683.0835564736 119373.9648936587
127522.9991813677 119693.9156207381
126562.4929307328 120173.8417113571
126402.4085556270 120493.7924384365
125922.1554303095 124333.2011633889

111034.3085454683 135531.4766111667
118878.4429256534 135531.4766111667
111034.3085454683 135211.5258840873
111514.5616707857 135211.5258840873
119358.6960509709 135051.5505205476
110554.0554201508 134891.5751570079
110714.1397952566 134891.5751570079
110874.2241703624 134891.5751570079
111514.5616707857 134891.5751570079
119038.5273007592 134731.5997934683
110233.8866699392 134571.6244299286
110393.9710450450 134571.6244299286
110554.0554201508 134571.6244299286
110714.1397952566 134571.6244299286
111034.3085454683 134571.6244299286
111354.4772956799 134571.6244299286
110073.8022948333 134251.6737028492
110233.8866699392 134251.6737028492
110393.9710450450 134251.6737028492
110554.0554201508 134251.6737028492
110714.1397952566 134251.6737028492
110874.2241703624 134251.6737028492
111034.3085454683 134251.6737028492
111194.3929205741 134251.6737028492
109913.7179197275 133931.7229757699
110073.8022948333 133931.7229757699
110233.8866699392 133931.7229757699
110393.9710450450 133931.7229757699
110554.0554201508 133931.7229757699
110714.1397952566 133931.7229757699
110874.2241703624 133931.7229757699
111034.3085454683 133931.7229757699
110233.8866699392 133611.7722486905
110393.9710450450 133611.7722486905
110554.0554201508 133611.7722486905
110714.1397952566 133611.7722486905
110393.9710450450 133291.8215216111
110554.0554201508 133291.8215216111
110714.1397952566 132971.8707945317
110554.0554201508 132651.9200674524
116957.4304243836 130572.2403414365
116957.4304243836 130252.2896143572
128003.2523066852 119054.0141665793
127683.0835564736 119373.9648936587
127522.9991813677 119693.9156207381
126562.4929307328 120173.8417113571
126402.4085556270 120493.7924384365

116157.0085488545 138571.0085184206
118398.1898003360 136651.3041559445
118558.2741754418 136331.3534288651
111034.3085454683 135851.4273382460
118878.4429256534 135851.4273382460
111034.3085454683 135531.4766111667
118718.3585505476 135531.4766111667
110874.2241703624 135211.5258840873
119358.6960509709 135051.5505205476
110714.1397952566 134891.5751570079
119038.5273007592 134731.5997934683
110233.8866699392 134571.6244299286
119358.6960509709 134411.6490663889
110233.8866699392 134251.6737028492
110073.8022948333 133931.7229757699
111034.3085454683 133931.7229757699
120479.2866767117 133931.7229757699
110233.8866699392 133611.7722486905
110874.2241703624 133291.8215216111
110233.8866699392 132971.8707945317
117277.5991745952 131372.1171591349
117277.5991745952 131052.1664320556
116797.3460492778 130572.2403414365
116477.1772990661 130252.2896143572
116637.2616741720 129932.3388872778
117117.5147994894 129612.3881601984
126082.2398054154 127532.7084341825
126402.4085556270 127052.7823435635
126242.3241805212 126732.8316164841
125922.1554303095 126252.9055258651
126402.4085556270 125932.9547987857
125762.0710552037 125453.0287081667
126242.3241805212 125133.0779810873
125601.9866800979 124813.1272540079
125601.9866800979 124333.2011633889
125762.0710552037 124013.2504363095
126082.2398054154 123693.2997092302
125922.1554303095 123373.3489821508
125601.9866800979 122893.4228915318
125762.0710552037 121293.6692561349
126082.2398054154 120973.7185290556
128003.2523066852 119054.0141665793
127683.0835564736 119373.9648936587
127522.9991813677 119693.9156207381
126562.4929307328 120173.8417113571
126402.4085556270 120493.7924384365
110393.9710450450 132491.9447039127

111034.3085454683 135531.4766111667
118878.4429256534 135531.4766111667
111034.3085454683 135211.5258840873
119358.6960509709 135051.5505205476
110554.0554201508 134891.5751570079
110714.1397952566 134891.5751570079
110874.2241703624 134891.5751570079
111514.5616707857 134891.5751570079
119038.5273007592 134731.5997934683
110233.8866699392 134571.6244299286
110393.9710450450 134571.6244299286
110554.0554201508 134571.6244299286
110714.1397952566 134571.6244299286
111034.3085454683 134571.6244299286
111354.4772956799 134571.6244299286
110073.8022948333 134251.6737028492
110233.8866699392 134251.6737028492
110393.9710450450 134251.6737028492
110554.0554201508 134251.6737028492
110714.1397952566 134251.6737028492
110874.2241703624 134251.6737028492
111034.3085454683 134251.6737028492
111194.3929205741 134251.6737028492
109913.7179197275 133931.7229757699
110073.8022948333 133931.7229757699
110233.8866699392 133931.7229757699
110393.9710450450 133931.7229757699
110554.0554201508 133931.7229757699
110714.1397952566 133931.7229757699
110874.2241703624 133931.7229757699
111034.3085454683 133931.7229757699
110393.9710450450 133611.7722486905
110554.0554201508 133611.7722486905
110714.1397952566 133611.7722486905
110393.9710450450 133291.8215216111
110554.0554201508 133291.8215216111
110714.1397952566 132971.8707945317
110554.0554201508 132651.9200674524
116957.4304243836 130572.2403414365
116957.4304243836 130252.2896143572
128003.2523066852 119054.0141665793
127683.0835564736 119373.9648936587
127522.9991813677 119693.9156207381
126562.4929307328 120173.8417113571
126402.4085556270 120493.7924384365
125922.1554303095 124333.2011633889
126402.4085556270 124653.1518904682

118558.2741754418 136331.3534288651
111034.3085454683 135851.4273382460
118878.4429256534 135851.4273382460
111034.3085454683 135531.4766111667
118718.3585505476 135531.4766111667
110874.2241703624 135211.5258840873
111034.3085454683 135211.5258840873
119358.6960509709 135051.5505205476
110554.0554201508 134891.5751570079
110714.1397952566 134891.5751570079
111514.5616707857 134891.5751570079
119038.5273007592 134731.5997934683
110233.8866699392 134571.6244299286
110554.0554201508 134571.6244299286
111674.6460458915 134571.6244299286
119518.7804260767 134411.6490663889
110233.8866699392 134251.6737028492
110554.0554201508 134251.6737028492
111194.3929205741 134251.6737028492
110073.8022948333 133931.7229757699
110554.0554201508 133931.7229757699
111034.3085454683 133931.7229757699
110233.8866699392 133611.7722486905
110714.1397952566 133611.7722486905
110393.9710450450 133291.8215216111
110874.2241703624 133291.8215216111
110233.8866699392 132971.8707945317
110393.9710450450 132491.9447039127
117277.5991745952 131052.1664320556
116797.3460492778 130572.2403414365
116957.4304243836 130252.2896143572
126082.2398054154 127532.7084341825
126402.4085556270 127052.7823435635
126242.3241805212 126732.8316164841
125762.0710552037 126092.9301623254
128003.2523066852 119054.0141665793
127683.0835564736 119373.9648936587
127522.9991813677 119693.9156207381
126562.4929307328 120173.8417113571
126402.4085556270 120493.7924384365
126082.2398054154 120973.7185290556
125922.1554303095 123373.3489821508
126082.2398054154 123693.2997092302
125762.0710552037 124013.2504363095
126082.2398054154 124493.1765269286
126242.3241805212 124973.1026175476
126082.2398054154 125293.0533446270

118558.2741754418 136331.3534288651
111034.3085454683 135851.4273382460
118878.4429256534 135851.4273382460
111034.3085454683 135531.4766111667
118718.3585505476 135531.4766111667
111034.3085454683 135211.5258840873
111514.5616707857 135211.5258840873
119358.6960509709 135051.5505205476
110714.1397952566 134891.5751570079
110874.2241703624 134891.5751570079
111514.5616707857 134891.5751570079
119038.5273007592 134731.5997934683
110233.8866699392 134571.6244299286
110393.9710450450 134571.6244299286
110714.1397952566 134571.6244299286
111354.4772956799 134571.6244299286
110233.8866699392 134251.6737028492
110554.0554201508 134251.6737028492
111034.3085454683 134251.6737028492
111194.3929205741 134251.6737028492
110073.8022948333 133931.7229757699
110554.0554201508 133931.7229757699
111034.3085454683 133931.7229757699
110233.8866699392 133611.7722486905
110714.1397952566 133611.7722486905
110393.9710450450 133291.8215216111
110554.0554201508 133291.8215216111
110233.8866699392 132971.8707945317
110393.9710450450 132491.9447039127
117277.5991745952 131052.1664320556
116957.4304243836 130572.2403414365
116957.4304243836 130252.2896143572
116637.2616741720 129932.3388872778
126082.2398054154 127532.7084341825
126402.4085556270 127052.7823435635
126082.2398054154 125293.0533446270
126242.3241805212 124973.1026175476
126082.2398054154 124493.1765269286
125762.0710552037 124013.2504363095
126082.2398054154 123693.2997092302
125922.1554303095 123373.3489821508
126082.2398054154 120973.7185290556
126402.4085556270 120493.7924384365
126562.4929307328 120173.8417113571
128003.2523066852 119054.0141665793
127683.0835564736 119373.9648936587
127522.9991813677 119693.9156207381

118558.2741754418 136331.3534288651
111034.3085454683 135851.4273382460
118878.4429256534 135851.4273382460
111034.3085454683 135531.4766111667
118718.3585505476 135531.4766111667
110874.2241703624 135211.5258840873
119358.6960509709 135051.5505205476
110714.1397952566 134891.5751570079
111514.5616707857 134891.5751570079
119038.5273007592 134731.5997934683
110233.8866699392 134571.6244299286
110554.0554201508 134571.6244299286
111674.6460458915 134571.6244299286
119518.7804260767 134411.6490663889
110233.8866699392 134251.6737028492
110554.0554201508 134251.6737028492
111194.3929205741 134251.6737028492
110073.8022948333 133931.7229757699
110554.0554201508 133931.7229757699
111034.3085454683 133931.7229757699
110233.8866699392 133611.7722486905
110714.1397952566 133611.7722486905
110554.0554201508 133291.8215216111
110233.8866699392 132971.8707945317
110393.9710450450 132491.9447039127
117277.5991745952 131052.1664320556
117437.6835497011 130732.2157049762
116797.3460492778 130572.2403414365
116957.4304243836 130252.2896143572
116637.2616741720 129932.3388872778
126082.2398054154 127532.7084341825
126402.4085556270 127052.7823435635
126242.3241805212 126732.8316164841
126082.2398054154 126412.8808894048
125762.0710552037 126092.9301623254
126242.3241805212 125133.0779810873
125601.9866800979 124813.1272540079
126082.2398054154 124493.1765269286
125762.0710552037 124013.2504363095
126082.2398054154 123693.2997092302
125922.1554303095 123373.3489821508
125762.0710552037 120813.7431655159
126402.4085556270 120493.7924384365
126562.4929307328 120173.8417113571
127522.9991813677 119693.9156207381
127683.0835564736 119373.9648936587
128003.2523066852 119054.0141665793

115516.6710484312 138890.9592455000
116637.2616741720 138411.0331548809
116797.3460492778 138091.0824278016
116477.1772990661 137771.1317007222
116637.2616741720 137451.1809736429
118878.4429256534 137131.2302465635
118238.1054252302 136651.3041559445
119038.5273007592 136331.3534288651
118878.4429256534 135851.4273382460
118718.3585505476 135531.4766111667
110874.2241703624 135211.5258840873
110714.1397952566 134891.5751570079
110554.0554201508 134571.6244299286
110554.0554201508 134251.6737028492
111034.3085454683 133931.7229757699
110233.8866699392 133611.7722486905
110554.0554201508 133291.8215216111
110233.8866699392 132971.8707945317
110393.9710450450 132491.9447039127
117277.5991745952 131372.1171591349
117277.5991745952 131052.1664320556
116797.3460492778 130572.2403414365
116477.1772990661 130252.2896143572
116637.2616741720 129932.3388872778
117117.5147994894 129612.3881601984
126082.2398054154 127532.7084341825
125922.1554303095 127052.7823435635
125601.9866800979 126732.8316164841
125922.1554303095 126252.9055258651
126402.4085556270 125932.9547987857
125762.0710552037 125453.0287081667
126242.3241805212 125133.0779810873
125601.9866800979 124813.1272540079
128003.2523066852 119054.0141665793
127683.0835564736 119373.9648936587
127522.9991813677 119693.9156207381
126562.4929307328 120173.8417113571
126402.4085556270 120493.7924384365
126082.2398054154 120973.7185290556
125762.0710552037 121293.6692561349
125762.0710552037 121613.6199832143
125601.9866800979 121933.5707102936
125922.1554303095 122893.4228915318
125441.9023049921 123373.3489821508
126082.2398054154 123693.2997092302
125762.0710552037 124013.2504363095
126082.2398054154 124333.2011633889

111034.3085454683 135531.4766111667
118878.4429256534 135531.4766111667
111034.3085454683 135211.5258840873
111514.5616707857 135211.5258840873
119358.6960509709 135051.5505205476
110554.0554201508 134891.5751570079
110714.1397952566 134891.5751570079
110874.2241703624 134891.5751570079
111514.5616707857 134891.5751570079
119038.5273007592 134731.5997934683
110233.8866699392 134571.6244299286
110393.9710450450 134571.6244299286
110554.0554201508 134571.6244299286
110714.1397952566 134571.6244299286
111034.3085454683 134571.6244299286
111354.4772956799 134571.6244299286
109913.7179197275 133931.7229757699
110073.8022948333 134251.6737028492
110233.8866699392 134251.6737028492
110393.9710450450 134251.6737028492
110554.0554201508 134251.6737028492
110714.1397952566 134251.6737028492
110874.2241703624 134251.6737028492
111034.3085454683 134251.6737028492
111194.3929205741 134251.6737028492
110073.8022948333 133931.7229757699
110233.8866699392 133931.7229757699
110393.9710450450 133931.7229757699
110554.0554201508 133931.7229757699
110714.1397952566 133931.7229757699
110874.2241703624 133931.7229757699
111034.3085454683 133931.7229757699
110393.9710450450 133611.7722486905
110554.0554201508 133611.7722486905
110714.1397952566 133611.7722486905
110393.9710450450 133291.8215216111
110554.0554201508 133291.8215216111
110714.1397952566 132971.8707945317
110554.0554201508 132651.9200674524
116957.4304243836 130572.2403414365
116957.4304243836 130252.2896143572
125922.1554303095 124333.2011633889
126402.4085556270 120493.7924384365
126562.4929307328 120173.8417113571
127522.9991813677 119693.9156207381
127683.0835564736 119373.9648936587
128003.2523066852 119054.0141665793

115516.6710484312 138890.9592455000
116957.4304243836 138571.0085184206
116637.2616741720 138091.0824278016
118398.1898003360 136651.3041559445
118558.2741754418 136331.3534288651
118878.4429256534 135851.4273382460
111034.3085454683 135531.4766111667
118718.3585505476 135531.4766111667
110874.2241703624 135211.5258840873
119358.6960509709 135051.5505205476
110714.1397952566 134891.5751570079
119038.5273007592 134731.5997934683
110554.0554201508 134571.6244299286
119358.6960509709 134411.6490663889
110233.8866699392 134251.6737028492
111194.3929205741 134251.6737028492
128003.2523066852 119054.0141665793
127683.0835564736 119373.9648936587
127522.9991813677 119693.9156207381
126562.4929307328 120173.8417113571
126402.4085556270 120493.7924384365
126082.2398054154 120973.7185290556
125762.0710552037 121293.6692561349
125601.9866800979 122893.4228915318
125922.1554303095 123373.3489821508
126082.2398054154 123693.2997092302
125762.0710552037 124013.2504363095
125601.9866800979 124333.2011633889
125601.9866800979 124813.1272540079
126242.3241805212 125133.0779810873
125762.0710552037 125453.0287081667
126402.4085556270 125932.9547987857
125922.1554303095 126252.9055258651
126242.3241805212 126732.8316164841
126402.4085556270 127052.7823435635
126082.2398054154 127532.7084341825
117117.5147994894 129612.3881601984
116637.2616741720 129932.3388872778
116477.1772990661 130252.2896143572
116797.3460492778 130572.2403414365
117277.5991745952 131052.1664320556
117277.5991745952 131372.1171591349
110393.9710450450 132491.9447039127
110233.8866699392 132971.8707945317
110554.0554201508 133291.8215216111
110233.8866699392 133611.7722486905
111034.3085454683 133931.7229757699

118878.4429256534 135851.4273382460
111034.3085454683 135531.4766111667
118718.3585505476 135531.4766111667
111034.3085454683 135211.5258840873
111514.5616707857 135211.5258840873
119358.6960509709 135051.5505205476
110554.0554201508 134891.5751570079
110714.1397952566 134891.5751570079
110874.2241703624 134891.5751570079
111514.5616707857 134891.5751570079
119038.5273007592 134731.5997934683
110233.8866699392 134571.6244299286
110393.9710450450 134571.6244299286
110554.0554201508 134571.6244299286
110714.1397952566 134571.6244299286
111034.3085454683 134571.6244299286
111354.4772956799 134571.6244299286
110073.8022948333 134251.6737028492
110233.8866699392 134251.6737028492
110554.0554201508 134251.6737028492
110874.2241703624 134251.6737028492
111034.3085454683 134251.6737028492
110073.8022948333 133931.7229757699
110393.9710450450 133931.7229757699
110554.0554201508 133931.7229757699
111034.3085454683 133931.7229757699
110233.8866699392 133611.7722486905
110393.9710450450 133611.7722486905
110714.1397952566 133611.7722486905
111194.3929205741 133611.7722486905
110393.9710450450 133291.8215216111
110554.0554201508 133291.8215216111
110714.1397952566 132971.8707945317
110554.0554201508 132651.9200674524
116797.3460492778 130892.1910685159
116957.4304243836 130572.2403414365
116957.4304243836 130252.2896143572
128003.2523066852 119054.0141665793
127683.0835564736 119373.9648936587
127522.9991813677 119693.9156207381
126562.4929307328 120173.8417113571
126402.4085556270 120493.7924384365
125922.1554303095 124333.2011633889
110554.0554201508 133611.7722486905
110874.2241703624 133931.7229757699
110714.1397952566 133931.7229757699
111194.3929205741 134251.6737028492

111034.3085454683 135531.4766111667
118878.4429256534 135531.4766111667
111034.3085454683 135211.5258840873
111514.5616707857 135211.5258840873
119358.6960509709 135051.5505205476
110554.0554201508 134891.5751570079
110714.1397952566 134891.5751570079
110874.2241703624 134891.5751570079
111514.5616707857 134891.5751570079
119038.5273007592 134731.5997934683
110233.8866699392 134571.6244299286
110393.9710450450 134571.6244299286
110554.0554201508 134571.6244299286
110714.1397952566 134571.6244299286
111034.3085454683 134571.6244299286
111354.4772956799 134571.6244299286
118878.4429256534 134411.6490663889
110073.8022948333 134251.6737028492
110233.8866699392 134251.6737028492
110393.9710450450 134251.6737028492
110554.0554201508 134251.6737028492
110714.1397952566 134251.6737028492
110874.2241703624 134251.6737028492
111034.3085454683 134251.6737028492
111194.3929205741 134251.6737028492
110073.8022948333 133931.7229757699
110233.8866699392 133931.7229757699
110393.9710450450 133931.7229757699
110554.0554201508 133931.7229757699
110714.1397952566 133931.7229757699
110874.2241703624 133931.7229757699
111034.3085454683 133931.7229757699
110233.8866699392 133611.7722486905
110393.9710450450 133611.7722486905
110554.0554201508 133611.7722486905
110714.1397952566 133611.7722486905
110393.9710450450 133291.8215216111
110554.0554201508 133291.8215216111
110714.1397952566 132971.8707945317
110554.0554201508 132651.9200674524
116957.4304243836 130572.2403414365
116957.4304243836 130252.2896143572
128003.2523066852 119054.0141665793
127683.0835564736 119373.9648936587
127522.9991813677 119693.9156207381
126562.4929307328 120173.8417113571
126402.4085556270 120493.7924384365

118398.1898003360 136651.3041559445
118558.2741754418 136331.3534288651
111034.3085454683 135851.4273382460
118878.4429256534 135851.4273382460
111034.3085454683 135531.4766111667
118718.3585505476 135531.4766111667
110874.2241703624 135211.5258840873
119358.6960509709 135051.5505205476
110714.1397952566 134891.5751570079
111514.5616707857 134891.5751570079
119038.5273007592 134731.5997934683
110233.8866699392 134571.6244299286
110554.0554201508 134571.6244299286
111674.6460458915 134571.6244299286
119518.7804260767 134411.6490663889
110233.8866699392 134251.6737028492
110554.0554201508 134251.6737028492
111194.3929205741 134251.6737028492
110554.0554201508 133931.7229757699
111034.3085454683 133931.7229757699
110233.8866699392 133611.7722486905
110714.1397952566 133611.7722486905
110554.0554201508 133291.8215216111
110233.8866699392 132971.8707945317
110393.9710450450 132491.9447039127
117277.5991745952 131052.1664320556
116797.3460492778 130572.2403414365
128003.2523066852 119054.0141665793
127683.0835564736 119373.9648936587
127522.9991813677 119693.9156207381
126562.4929307328 120173.8417113571
126402.4085556270 120493.7924384365
125762.0710552037 120813.7431655159
125922.1554303095 123373.3489821508
126082.2398054154 123693.2997092302
125762.0710552037 124013.2504363095
126082.2398054154 124493.1765269286
125601.9866800979 124813.1272540079
126242.3241805212 125133.0779810873
125762.0710552037 126092.9301623254
126242.3241805212 126732.8316164841
126402.4085556270 127052.7823435635
126082.2398054154 127532.7084341825
116637.2616741720 129932.3388872778
116957.4304243836 130252.2896143572
110874.2241703624 133291.8215216111
110073.8022948333 133931.7229757699

128003.2523066852 119054.0141665793
127683.0835564736 119373.9648936587
127522.9991813677 119693.9156207381
126562.4929307328 120173.8417113571
126402.4085556270 120493.7924384365
126082.2398054154 120973.7185290556
125762.0710552037 121293.6692561349
125762.0710552037 121613.6199832143
125601.9866800979 121933.5707102936
125441.9023049921 122573.4721644524
125922.1554303095 122893.4228915318
125441.9023049921 123373.3489821508
126082.2398054154 123693.2997092302
125762.0710552037 124013.2504363095
126082.2398054154 124333.2011633889
125601.9866800979 124813.1272540079
126242.3241805212 125133.0779810873
125762.0710552037 125453.0287081667
126402.4085556270 125932.9547987857
125922.1554303095 126252.9055258651
125601.9866800979 126732.8316164841
125922.1554303095 127052.7823435635
126082.2398054154 127532.7084341825
117117.5147994894 129612.3881601984
116637.2616741720 129932.3388872778
116477.1772990661 130252.2896143572
116797.3460492778 130572.2403414365
117277.5991745952 131052.1664320556
117277.5991745952 131372.1171591349
110393.9710450450 132491.9447039127
110233.8866699392 132971.8707945317
110554.0554201508 133291.8215216111
110233.8866699392 133611.7722486905
111034.3085454683 133931.7229757699
110554.0554201508 134251.6737028492
110554.0554201508 134571.6244299286
110714.1397952566 134891.5751570079
110874.2241703624 135211.5258840873
118718.3585505476 135531.4766111667
119038.5273007592 136331.3534288651
118238.1054252302 136651.3041559445
118878.4429256534 137131.2302465635
116637.2616741720 137451.1809736429
116477.1772990661 137771.1317007222
116797.3460492778 138091.0824278016
116637.2616741720 138411.0331548809
115356.5866733254 139050.9346090397

118558.2741754418 136331.3534288651
111034.3085454683 135851.4273382460
118878.4429256534 135851.4273382460
111034.3085454683 135531.4766111667
118718.3585505476 135531.4766111667
110874.2241703624 135211.5258840873
119358.6960509709 135051.5505205476
110714.1397952566 134891.5751570079
119038.5273007592 134731.5997934683
110233.8866699392 134571.6244299286
110554.0554201508 134571.6244299286
111674.6460458915 134571.6244299286
110233.8866699392 134251.6737028492
111194.3929205741 134251.6737028492
110073.8022948333 133931.7229757699
110554.0554201508 133931.7229757699
111034.3085454683 133931.7229757699
110233.8866699392 133611.7722486905
110714.1397952566 133611.7722486905
110874.2241703624 133291.8215216111
110233.8866699392 132971.8707945317
110393.9710450450 132491.9447039127
117277.5991745952 131052.1664320556
116797.3460492778 130572.2403414365
116477.1772990661 130252.2896143572
116637.2616741720 129932.3388872778
117117.5147994894 129612.3881601984
126082.2398054154 127532.7084341825
126402.4085556270 127052.7823435635
126242.3241805212 126732.8316164841
125922.1554303095 126252.9055258651
126402.4085556270 125932.9547987857
125762.0710552037 125453.0287081667
126242.3241805212 125133.0779810873
125601.9866800979 124813.1272540079
125601.9866800979 124333.2011633889
125762.0710552037 124013.2504363095
126082.2398054154 123693.2997092302
125922.1554303095 123373.3489821508
125601.9866800979 122893.4228915318
125762.0710552037 121293.6692561349
126082.2398054154 120973.7185290556
126402.4085556270 120493.7924384365
128003.2523066852 119054.0141665793
127683.0835564736 119373.9648936587
127522.9991813677 119693.9156207381
126562.4929307328 120173.8417113571

118878.4429256534 135851.4273382460
111034.3085454683 135531.4766111667
118718.3585505476 135531.4766111667
111034.3085454683 135211.5258840873
119358.6960509709 135051.5505205476
110554.0554201508 134891.5751570079
110714.1397952566 134891.5751570079
110874.2241703624 134891.5751570079
111514.5616707857 134891.5751570079
119038.5273007592 134731.5997934683
110233.8866699392 134571.6244299286
110393.9710450450 134571.6244299286
110554.0554201508 134571.6244299286
110714.1397952566 134571.6244299286
111034.3085454683 134571.6244299286
111354.4772956799 134571.6244299286
119838.9491762884 134411.6490663889
110073.8022948333 134251.6737028492
110233.8866699392 134251.6737028492
110554.0554201508 134251.6737028492
110874.2241703624 134251.6737028492
111034.3085454683 134251.6737028492
110073.8022948333 133931.7229757699
110393.9710450450 133931.7229757699
110554.0554201508 133931.7229757699
111034.3085454683 133931.7229757699
128003.2523066852 119054.0141665793
127683.0835564736 119373.9648936587
127522.9991813677 119693.9156207381
126562.4929307328 120173.8417113571
126402.4085556270 120493.7924384365
126082.2398054154 123693.2997092302
125762.0710552037 124013.2504363095
126082.2398054154 124493.1765269286
116957.4304243836 130252.2896143572
116957.4304243836 130572.2403414365
110714.1397952566 132491.9447039127
110714.1397952566 132971.8707945317
110554.0554201508 133291.8215216111
110393.9710450450 133291.8215216111
110714.1397952566 133611.7722486905
110554.0554201508 133611.7722486905
110393.9710450450 133611.7722486905
110233.8866699392 133611.7722486905
110714.1397952566 133931.7229757699
111194.3929205741 134251.6737028492
110393.9710450450 134251.6737028492

118558.2741754418 136331.3534288651
111034.3085454683 135851.4273382460
118878.4429256534 135851.4273382460
128483.5054320027 118734.0634395000
128003.2523066852 119054.0141665793
127683.0835564736 119373.9648936587
127683.0835564736 119693.9156207381
126562.4929307328 120173.8417113571
126082.2398054154 120653.7678019762
126082.2398054154 120973.7185290556
125762.0710552037 121293.6692561349
125922.1554303095 122253.5214373730
125601.9866800979 122733.4475279921
125121.7335547804 123053.3982550714
125922.1554303095 123373.3489821508
126082.2398054154 123693.2997092302
125762.0710552037 124013.2504363095
125601.9866800979 124333.2011633889
125601.9866800979 124813.1272540079
126242.3241805212 125133.0779810873
126402.4085556270 125932.9547987857
125922.1554303095 126252.9055258651
126242.3241805212 126732.8316164841
126402.4085556270 127052.7823435635
126082.2398054154 127532.7084341825
117117.5147994894 129612.3881601984
116637.2616741720 129932.3388872778
116477.1772990661 130252.2896143572
116797.3460492778 130572.2403414365
117277.5991745952 131052.1664320556
117277.5991745952 131372.1171591349
110554.0554201508 132651.9200674524
110233.8866699392 132971.8707945317
110554.0554201508 133291.8215216111
110233.8866699392 133611.7722486905
111034.3085454683 133931.7229757699
111194.3929205741 134251.6737028492
110073.8022948333 134251.6737028492
110554.0554201508 134571.6244299286
119038.5273007592 134731.5997934683
110714.1397952566 134891.5751570079
119358.6960509709 135051.5505205476
110874.2241703624 135211.5258840873
118718.3585505476 135531.4766111667
111034.3085454683 135531.4766111667
118398.1898003360 136651.3041559445
116957.4304243836 138251.0577913413

118558.2741754418 136331.3534288651
111034.3085454683 135851.4273382460
118878.4429256534 135851.4273382460
111034.3085454683 135531.4766111667
118718.3585505476 135531.4766111667
110874.2241703624 135211.5258840873
111034.3085454683 135211.5258840873
119358.6960509709 135051.5505205476
110714.1397952566 134891.5751570079
111514.5616707857 134891.5751570079
119038.5273007592 134731.5997934683
110233.8866699392 134571.6244299286
110554.0554201508 134571.6244299286
111674.6460458915 134571.6244299286
128003.2523066852 119054.0141665793
127683.0835564736 119373.9648936587
127522.9991813677 119693.9156207381
126562.4929307328 120173.8417113571
126402.4085556270 120493.7924384365
126082.2398054154 120973.7185290556
125922.1554303095 123373.3489821508
126082.2398054154 123693.2997092302
125762.0710552037 124013.2504363095
126082.2398054154 124493.1765269286
125601.9866800979 124813.1272540079
126242.3241805212 125133.0779810873
125762.0710552037 125453.0287081667
126402.4085556270 125932.9547987857
125922.1554303095 126252.9055258651
126242.3241805212 126732.8316164841
126402.4085556270 127052.7823435635
126082.2398054154 127532.7084341825
117117.5147994894 129612.3881601984
116637.2616741720 129932.3388872778
116957.4304243836 130252.2896143572
116797.3460492778 130572.2403414365
117277.5991745952 131052.1664320556
110393.9710450450 132491.9447039127
110233.8866699392 132971.8707945317
110554.0554201508 133291.8215216111
110714.1397952566 133611.7722486905
110233.8866699392 133611.7722486905
111034.3085454683 133931.7229757699
110554.0554201508 133931.7229757699
111194.3929205741 134251.6737028492
110554.0554201508 134251.6737028492
110233.8866699392 134251.6737028492

118558.2741754418 136331.3534288651
111034.3085454683 135851.4273382460
118878.4429256534 135851.4273382460
111034.3085454683 135531.4766111667
118718.3585505476 135531.4766111667
111034.3085454683 135211.5258840873
111514.5616707857 135211.5258840873
119358.6960509709 135051.5505205476
110714.1397952566 134891.5751570079
110874.2241703624 134891.5751570079
111514.5616707857 134891.5751570079
119038.5273007592 134731.5997934683
110233.8866699392 134571.6244299286
110393.9710450450 134571.6244299286
110714.1397952566 134571.6244299286
128003.2523066852 119054.0141665793
127683.0835564736 119373.9648936587
127522.9991813677 119693.9156207381
126562.4929307328 120173.8417113571
126402.4085556270 120493.7924384365
125762.0710552037 120813.7431655159
125922.1554303095 123373.3489821508
126082.2398054154 123693.2997092302
125762.0710552037 124013.2504363095
126082.2398054154 124493.1765269286
125601.9866800979 124813.1272540079
126242.3241805212 125133.0779810873
125762.0710552037 126092.9301623254
126242.3241805212 126732.8316164841
126402.4085556270 127052.7823435635
126082.2398054154 127532.7084341825
116637.2616741720 129932.3388872778
116957.4304243836 130252.2896143572
116797.3460492778 130572.2403414365
117277.5991745952 131052.1664320556
110393.9710450450 132491.9447039127
110233.8866699392 132971.8707945317
110874.2241703624 133291.8215216111
110714.1397952566 133611.7722486905
110233.8866699392 133611.7722486905
111034.3085454683 133931.7229757699
110554.0554201508 133931.7229757699
110073.8022948333 133931.7229757699
111194.3929205741 134251.6737028492
110554.0554201508 134251.6737028492
110233.8866699392 134251.6737028492
119518.7804260767 134411.6490663889

118878.4429256534 135851.4273382460
111034.3085454683 135531.4766111667
118718.3585505476 135531.4766111667
111034.3085454683 135211.5258840873
111514.5616707857 135211.5258840873
119358.6960509709 135051.5505205476
110554.0554201508 134891.5751570079
110714.1397952566 134891.5751570079
110874.2241703624 134891.5751570079
111514.5616707857 134891.5751570079
119038.5273007592 134731.5997934683
110233.8866699392 134571.6244299286
110393.9710450450 134571.6244299286
110554.0554201508 134571.6244299286
110714.1397952566 134571.6244299286
111034.3085454683 134571.6244299286
111354.4772956799 134571.6244299286
110073.8022948333 134251.6737028492
110233.8866699392 134251.6737028492
110393.9710450450 134251.6737028492
110554.0554201508 134251.6737028492
110714.1397952566 134251.6737028492
111034.3085454683 134251.6737028492
111194.3929205741 134251.6737028492
118878.4429256534 134091.6983393095
110073.8022948333 133931.7229757699
110233.8866699392 133931.7229757699
110393.9710450450 133931.7229757699
110554.0554201508 133931.7229757699
110714.1397952566 133931.7229757699
110874.2241703624 133931.7229757699
110233.8866699392 133611.7722486905
110393.9710450450 133611.7722486905
110554.0554201508 133611.7722486905
110714.1397952566 133611.7722486905
110393.9710450450 133291.8215216111
110554.0554201508 133291.8215216111
110714.1397952566 132971.8707945317
110554.0554201508 132651.9200674524
116957.4304243836 130572.2403414365
116957.4304243836 130252.2896143572
128003.2523066852 119054.0141665793
127683.0835564736 119373.9648936587
127522.9991813677 119693.9156207381
126562.4929307328 120173.8417113571
126402.4085556270 120493.7924384365
126082.2398054154 124493.1765269286

118558.2741754418 136331.3534288651
111034.3085454683 135851.4273382460
118878.4429256534 135851.4273382460
111034.3085454683 135531.4766111667
118718.3585505476 135531.4766111667
110874.2241703624 135211.5258840873
111034.3085454683 135211.5258840873
119358.6960509709 135051.5505205476
110714.1397952566 134891.5751570079
119038.5273007592 134731.5997934683
110233.8866699392 134571.6244299286
110554.0554201508 134571.6244299286
111674.6460458915 134571.6244299286
110233.8866699392 134251.6737028492
111194.3929205741 134251.6737028492
128003.2523066852 119054.0141665793
127683.0835564736 119373.9648936587
127522.9991813677 119693.9156207381
126562.4929307328 120173.8417113571
126402.4085556270 120493.7924384365
125762.0710552037 120813.7431655159
125922.1554303095 123373.3489821508
126082.2398054154 123693.2997092302
125762.0710552037 124013.2504363095
126082.2398054154 124493.1765269286
125601.9866800979 124813.1272540079
126242.3241805212 125133.0779810873
125762.0710552037 126092.9301623254
126242.3241805212 126732.8316164841
126402.4085556270 127052.7823435635
126082.2398054154 127532.7084341825
117117.5147994894 129612.3881601984
116637.2616741720 129932.3388872778
116957.4304243836 130252.2896143572
116797.3460492778 130572.2403414365
117277.5991745952 131052.1664320556
110393.9710450450 132491.9447039127
110233.8866699392 132971.8707945317
110874.2241703624 133291.8215216111
110714.1397952566 133611.7722486905
110233.8866699392 133611.7722486905
111034.3085454683 133931.7229757699
110554.0554201508 133931.7229757699
110073.8022948333 133931.7229757699
110554.0554201508 134251.6737028492
119518.7804260767 134411.6490663889
111514.5616707857 134891.5751570079

111034.3085454683 135531.4766111667
118878.4429256534 135531.4766111667
111034.3085454683 135211.5258840873
111514.5616707857 135211.5258840873
119358.6960509709 135051.5505205476
110554.0554201508 134891.5751570079
110714.1397952566 134891.5751570079
110874.2241703624 134891.5751570079
111514.5616707857 134891.5751570079
119038.5273007592 134731.5997934683
110233.8866699392 134571.6244299286
110393.9710450450 134571.6244299286
110554.0554201508 134571.6244299286
110714.1397952566 134571.6244299286
111034.3085454683 134571.6244299286
111354.4772956799 134571.6244299286
118878.4429256534 134411.6490663889
110073.8022948333 134251.6737028492
110233.8866699392 134251.6737028492
110393.9710450450 134251.6737028492
110554.0554201508 134251.6737028492
110714.1397952566 134251.6737028492
110874.2241703624 134251.6737028492
111034.3085454683 134251.6737028492
111194.3929205741 134251.6737028492
110073.8022948333 133931.7229757699
110233.8866699392 133931.7229757699
110393.9710450450 133931.7229757699
110554.0554201508 133931.7229757699
110714.1397952566 133931.7229757699
110874.2241703624 133931.7229757699
111034.3085454683 133931.7229757699
128003.2523066852 119054.0141665793
127683.0835564736 119373.9648936587
127522.9991813677 119693.9156207381
126562.4929307328 120173.8417113571
126402.4085556270 120493.7924384365
125922.1554303095 124333.2011633889
116957.4304243836 130252.2896143572
116957.4304243836 130572.2403414365
110554.0554201508 132651.9200674524
110714.1397952566 132971.8707945317
110554.0554201508 133291.8215216111
110393.9710450450 133291.8215216111
110714.1397952566 133611.7722486905
110554.0554201508 133611.7722486905
110393.9710450450 133611.7722486905

118558.2741754418 136331.3534288651
111034.3085454683 135851.4273382460
118878.4429256534 135851.4273382460
111034.3085454683 135531.4766111667
118718.3585505476 135531.4766111667
110874.2241703624 135211.5258840873
111034.3085454683 135211.5258840873
119358.6960509709 135051.5505205476
110714.1397952566 134891.5751570079
111514.5616707857 134891.5751570079
119038.5273007592 134731.5997934683
110233.8866699392 134571.6244299286
110554.0554201508 134571.6244299286
111674.6460458915 134571.6244299286
119518.7804260767 134411.6490663889
110233.8866699392 134251.6737028492
110554.0554201508 134251.6737028492
111194.3929205741 134251.6737028492
110554.0554201508 133931.7229757699
111034.3085454683 133931.7229757699
110233.8866699392 133611.7722486905
110714.1397952566 133611.7722486905
110554.0554201508 133291.8215216111
110233.8866699392 132971.8707945317
110393.9710450450 132491.9447039127
117277.5991745952 131052.1664320556
116797.3460492778 130572.2403414365
116957.4304243836 130252.2896143572
128003.2523066852 119054.0141665793
127683.0835564736 119373.9648936587
127522.9991813677 119693.9156207381
126562.4929307328 120173.8417113571
126402.4085556270 120493.7924384365
126082.2398054154 120973.7185290556
125922.1554303095 123373.3489821508
126082.2398054154 123693.2997092302
125762.0710552037 124013.2504363095
126082.2398054154 124493.1765269286
125601.9866800979 124813.1272540079
126242.3241805212 125133.0779810873
125762.0710552037 125453.0287081667
126402.4085556270 125932.9547987857
125922.1554303095 126252.9055258651
126242.3241805212 126732.8316164841
126402.4085556270 127052.7823435635
126082.2398054154 127532.7084341825
117117.5147994894 129612.3881601984

118398.1898003360 136651.3041559445
118558.2741754418 136331.3534288651
111034.3085454683 135851.4273382460
118878.4429256534 135851.4273382460
111034.3085454683 135531.4766111667
118718.3585505476 135531.4766111667
110874.2241703624 135211.5258840873
119358.6960509709 135051.5505205476
110714.1397952566 134891.5751570079
110874.2241703624 134891.5751570079
119038.5273007592 134731.5997934683
110233.8866699392 134571.6244299286
110393.9710450450 134571.6244299286
111354.4772956799 134571.6244299286
119838.9491762884 134411.6490663889
110233.8866699392 134251.6737028492
110554.0554201508 134251.6737028492
111034.3085454683 134251.6737028492
110073.8022948333 133931.7229757699
110554.0554201508 133931.7229757699
111034.3085454683 133931.7229757699
110233.8866699392 133611.7722486905
110714.1397952566 133611.7722486905
110554.0554201508 133291.8215216111
110874.2241703624 133291.8215216111
110233.8866699392 132971.8707945317
110393.9710450450 132491.9447039127
128003.2523066852 119054.0141665793
127683.0835564736 119373.9648936587
127522.9991813677 119693.9156207381
126562.4929307328 120173.8417113571
126402.4085556270 120493.7924384365
125762.0710552037 120813.7431655159
125922.1554303095 123373.3489821508
126082.2398054154 123693.2997092302
125762.0710552037 124013.2504363095
126082.2398054154 124493.1765269286
125601.9866800979 124813.1272540079
126242.3241805212 125133.0779810873
125762.0710552037 126092.9301623254
126242.3241805212 126732.8316164841
126402.4085556270 127052.7823435635
126082.2398054154 127532.7084341825
116637.2616741720 129932.3388872778
116957.4304243836 130252.2896143572
116797.3460492778 130572.2403414365
117277.5991745952 131052.1664320556

118558.2741754418 136331.3534288651
111034.3085454683 135851.4273382460
118878.4429256534 135851.4273382460
111034.3085454683 135531.4766111667
118718.3585505476 135531.4766111667
110874.2241703624 135211.5258840873
111034.3085454683 135211.5258840873
119358.6960509709 135051.5505205476
110714.1397952566 134891.5751570079
111514.5616707857 134891.5751570079
119038.5273007592 134731.5997934683
110233.8866699392 134571.6244299286
110554.0554201508 134571.6244299286
111674.6460458915 134571.6244299286
119518.7804260767 134411.6490663889
110233.8866699392 134251.6737028492
110554.0554201508 134251.6737028492
111194.3929205741 134251.6737028492
110073.8022948333 133931.7229757699
110554.0554201508 133931.7229757699
111034.3085454683 133931.7229757699
110233.8866699392 133611.7722486905
110714.1397952566 133611.7722486905
110554.0554201508 133291.8215216111
110874.2241703624 133291.8215216111
110233.8866699392 132971.8707945317
110393.9710450450 132491.9447039127
117277.5991745952 131052.1664320556
116797.3460492778 130572.2403414365
116957.4304243836 130252.2896143572
116637.2616741720 129932.3388872778
126082.2398054154 127532.7084341825
126402.4085556270 127052.7823435635
126242.3241805212 126732.8316164841
125762.0710552037 126092.9301623254
126242.3241805212 125133.0779810873
125601.9866800979 124813.1272540079
126082.2398054154 124493.1765269286
125762.0710552037 124013.2504363095
126082.2398054154 123693.2997092302
125922.1554303095 123373.3489821508
128003.2523066852 119054.0141665793
127683.0835564736 119373.9648936587
127522.9991813677 119693.9156207381
126562.4929307328 120173.8417113571
126402.4085556270 120493.7924384365
125762.0710552037 120813.7431655159

118558.2741754418 136331.3534288651
111034.3085454683 135851.4273382460
118878.4429256534 135851.4273382460
111034.3085454683 135531.4766111667
118718.3585505476 135531.4766111667
111034.3085454683 135211.5258840873
119358.6960509709 135051.5505205476
110714.1397952566 134891.5751570079
111514.5616707857 134891.5751570079
119038.5273007592 134731.5997934683
110233.8866699392 134571.6244299286
110554.0554201508 134571.6244299286
111674.6460458915 134571.6244299286
110554.0554201508 134251.6737028492
111034.3085454683 133931.7229757699
110233.8866699392 133611.7722486905
110554.0554201508 133291.8215216111
110233.8866699392 132971.8707945317
110393.9710450450 132491.9447039127
128003.2523066852 119054.0141665793
127683.0835564736 119373.9648936587
127522.9991813677 119693.9156207381
126562.4929307328 120173.8417113571
126402.4085556270 120493.7924384365
125762.0710552037 120813.7431655159
125922.1554303095 123373.3489821508
126082.2398054154 123693.2997092302
125762.0710552037 124013.2504363095
126082.2398054154 124493.1765269286
125601.9866800979 124813.1272540079
126242.3241805212 125133.0779810873
125762.0710552037 126092.9301623254
126242.3241805212 126732.8316164841
126402.4085556270 127052.7823435635
126082.2398054154 127532.7084341825
116637.2616741720 129932.3388872778
116957.4304243836 130252.2896143572
116797.3460492778 130572.2403414365
117277.5991745952 131052.1664320556
110874.2241703624 133291.8215216111
110714.1397952566 133611.7722486905
110554.0554201508 133931.7229757699
110073.8022948333 133931.7229757699
111194.3929205741 134251.6737028492
110233.8866699392 134251.6737028492
119518.7804260767 134411.6490663889
110874.2241703624 134891.5751570079

118398.1898003360 136651.3041559445
118558.2741754418 136331.3534288651
111034.3085454683 135851.4273382460
118878.4429256534 135851.4273382460
111034.3085454683 135531.4766111667
118718.3585505476 135531.4766111667
128003.2523066852 119054.0141665793
127683.0835564736 119373.9648936587
127522.9991813677 119693.9156207381
126562.4929307328 120173.8417113571
126402.4085556270 120493.7924384365
125762.0710552037 120813.7431655159
125922.1554303095 123373.3489821508
126082.2398054154 123693.2997092302
125762.0710552037 124013.2504363095
126082.2398054154 124493.1765269286
125601.9866800979 124813.1272540079
126242.3241805212 125133.0779810873
125762.0710552037 126092.9301623254
126242.3241805212 126732.8316164841
126402.4085556270 127052.7823435635
126082.2398054154 127532.7084341825
116637.2616741720 129932.3388872778
116957.4304243836 130252.2896143572
116797.3460492778 130572.2403414365
117277.5991745952 131052.1664320556
110393.9710450450 132491.9447039127
110233.8866699392 132971.8707945317
110874.2241703624 133291.8215216111
110714.1397952566 133611.7722486905
110233.8866699392 133611.7722486905
111034.3085454683 133931.7229757699
110554.0554201508 133931.7229757699
110073.8022948333 133931.7229757699
111194.3929205741 134251.6737028492
110554.0554201508 134251.6737028492
110233.8866699392 134251.6737028492
119518.7804260767 134411.6490663889
111674.6460458915 134571.6244299286
110554.0554201508 134571.6244299286
110233.8866699392 134571.6244299286
119038.5273007592 134731.5997934683
111514.5616707857 134891.5751570079
110714.1397952566 134891.5751570079
119358.6960509709 135051.5505205476
111514.5616707857 135211.5258840873
111034.3085454683 135211.5258840873

118878.4429256534 135851.4273382460
111034.3085454683 135531.4766111667
118718.3585505476 135531.4766111667
110874.2241703624 135211.5258840873
111034.3085454683 135211.5258840873
111514.5616707857 135211.5258840873
119358.6960509709 135051.5505205476
110554.0554201508 134891.5751570079
110714.1397952566 134891.5751570079
110874.2241703624 134891.5751570079
111514.5616707857 134891.5751570079
119038.5273007592 134731.5997934683
110233.8866699392 134571.6244299286
110393.9710450450 134571.6244299286
110714.1397952566 134571.6244299286
111354.4772956799 134571.6244299286
119838.9491762884 134411.6490663889
110073.8022948333 134251.6737028492
110233.8866699392 134251.6737028492
110554.0554201508 134251.6737028492
110874.2241703624 134251.6737028492
111034.3085454683 134251.6737028492
110073.8022948333 133931.7229757699
110393.9710450450 133931.7229757699
110554.0554201508 133931.7229757699
111034.3085454683 133931.7229757699
110233.8866699392 133611.7722486905
110393.9710450450 133611.7722486905
110714.1397952566 133611.7722486905
111194.3929205741 133611.7722486905
110393.9710450450 133291.8215216111
110554.0554201508 133291.8215216111
110714.1397952566 132971.8707945317
110554.0554201508 132651.9200674524
116797.3460492778 130892.1910685159
116957.4304243836 130572.2403414365
116957.4304243836 130252.2896143572
126242.3241805212 124973.1026175476
126082.2398054154 124493.1765269286
125762.0710552037 124013.2504363095
126082.2398054154 123693.2997092302
125922.1554303095 123373.3489821508
126402.4085556270 120493.7924384365
128003.2523066852 119054.0141665793
127683.0835564736 119373.9648936587
127522.9991813677 119693.9156207381
126562.4929307328 120173.8417113571

111034.3085454683 135851.4273382460
118878.4429256534 135851.4273382460
128003.2523066852 119054.0141665793
127683.0835564736 119373.9648936587
127522.9991813677 119693.9156207381
126562.4929307328 120173.8417113571
126402.4085556270 120493.7924384365
125922.1554303095 123373.3489821508
126082.2398054154 123693.2997092302
125762.0710552037 124013.2504363095
126082.2398054154 124493.1765269286
126242.3241805212 124973.1026175476
116957.4304243836 130252.2896143572
116957.4304243836 130572.2403414365
116797.3460492778 130892.1910685159
110554.0554201508 132651.9200674524
110714.1397952566 132971.8707945317
110554.0554201508 133291.8215216111
110393.9710450450 133291.8215216111
110714.1397952566 133611.7722486905
110393.9710450450 133611.7722486905
110233.8866699392 133611.7722486905
111034.3085454683 133931.7229757699
110554.0554201508 133931.7229757699
110393.9710450450 133931.7229757699
110073.8022948333 133931.7229757699
111034.3085454683 134251.6737028492
110874.2241703624 134251.6737028492
110554.0554201508 134251.6737028492
110233.8866699392 134251.6737028492
110073.8022948333 134251.6737028492
119838.9491762884 134411.6490663889
111354.4772956799 134571.6244299286
110714.1397952566 134571.6244299286
110393.9710450450 134571.6244299286
110233.8866699392 134571.6244299286
119038.5273007592 134731.5997934683
111514.5616707857 134891.5751570079
110874.2241703624 134891.5751570079
110714.1397952566 134891.5751570079
110554.0554201508 134891.5751570079
119358.6960509709 135051.5505205476
111514.5616707857 135211.5258840873
111034.3085454683 135211.5258840873
110874.2241703624 135211.5258840873
118718.3585505476 135531.4766111667
111034.3085454683 135531.4766111667

118878.4429256534 135851.4273382460
111034.3085454683 135531.4766111667
118718.3585505476 135531.4766111667
111034.3085454683 135211.5258840873
111514.5616707857 135211.5258840873
119358.6960509709 135051.5505205476
110554.0554201508 134891.5751570079
110714.1397952566 134891.5751570079
110874.2241703624 134891.5751570079
111514.5616707857 134891.5751570079
119038.5273007592 134731.5997934683
110233.8866699392 134571.6244299286
110393.9710450450 134571.6244299286
110554.0554201508 134571.6244299286
110714.1397952566 134571.6244299286
111034.3085454683 134571.6244299286
111354.4772956799 134571.6244299286
110073.8022948333 134251.6737028492
110233.8866699392 134251.6737028492
110393.9710450450 134251.6737028492
110554.0554201508 134251.6737028492
110714.1397952566 134251.6737028492
111034.3085454683 134251.6737028492
111194.3929205741 134251.6737028492
110073.8022948333 133931.7229757699
110233.8866699392 133931.7229757699
110393.9710450450 133931.7229757699
110554.0554201508 133931.7229757699
110714.1397952566 133931.7229757699
110874.2241703624 133931.7229757699
110233.8866699392 133611.7722486905
110393.9710450450 133611.7722486905
110554.0554201508 133611.7722486905
110714.1397952566 133611.7722486905
111194.3929205741 133611.7722486905
110393.9710450450 133291.8215216111
110554.0554201508 133291.8215216111
110714.1397952566 132971.8707945317
110554.0554201508 132651.9200674524
128003.2523066852 119054.0141665793
127683.0835564736 119373.9648936587
127522.9991813677 119693.9156207381
126562.4929307328 120173.8417113571
126402.4085556270 120493.7924384365
125922.1554303095 124333.2011633889
116957.4304243836 130252.2896143572
116957.4304243836 130572.2403414365

118878.4429256534 135851.4273382460
111034.3085454683 135531.4766111667
118718.3585505476 135531.4766111667
111034.3085454683 135211.5258840873
111514.5616707857 135211.5258840873
119358.6960509709 135051.5505205476
110554.0554201508 134891.5751570079
110714.1397952566 134891.5751570079
110874.2241703624 134891.5751570079
111514.5616707857 134891.5751570079
119038.5273007592 134731.5997934683
110233.8866699392 134571.6244299286
110393.9710450450 134571.6244299286
110554.0554201508 134571.6244299286
110714.1397952566 134571.6244299286
111034.3085454683 134571.6244299286
111354.4772956799 134571.6244299286
118878.4429256534 134411.6490663889
110233.8866699392 134251.6737028492
110393.9710450450 134251.6737028492
110554.0554201508 134251.6737028492
110714.1397952566 134251.6737028492
110874.2241703624 134251.6737028492
111034.3085454683 134251.6737028492
111194.3929205741 134251.6737028492
110073.8022948333 133931.7229757699
110393.9710450450 133931.7229757699
110554.0554201508 133931.7229757699
110714.1397952566 133931.7229757699
111034.3085454683 133931.7229757699
109913.7179197275 133611.7722486905
110233.8866699392 133611.7722486905
110393.9710450450 133611.7722486905
110554.0554201508 133611.7722486905
110714.1397952566 133611.7722486905
110393.9710450450 133291.8215216111
110554.0554201508 133291.8215216111
110714.1397952566 132971.8707945317
116957.4304243836 130572.2403414365
116957.4304243836 130252.2896143572
126082.2398054154 124493.1765269286
125762.0710552037 124013.2504363095
126402.4085556270 120493.7924384365
126562.4929307328 120173.8417113571
127522.9991813677 119693.9156207381
127683.0835564736 119373.9648936587
128003.2523066852 119054.0141665793

128003.2523066852 119054.0141665793
127683.0835564736 119373.9648936587
127522.9991813677 119693.9156207381
126562.4929307328 120173.8417113571
126402.4085556270 120493.7924384365
126082.2398054154 123693.2997092302
125762.0710552037 124013.2504363095
126082.2398054154 124493.1765269286
126242.3241805212 124973.1026175476
116957.4304243836 130252.2896143572
110714.1397952566 132971.8707945317
110554.0554201508 133291.8215216111
110393.9710450450 133291.8215216111
111194.3929205741 133611.7722486905
110714.1397952566 133611.7722486905
110554.0554201508 133611.7722486905
110393.9710450450 133611.7722486905
110233.8866699392 133611.7722486905
110874.2241703624 133931.7229757699
110714.1397952566 133931.7229757699
110554.0554201508 133931.7229757699
110393.9710450450 133931.7229757699
110233.8866699392 133931.7229757699
110073.8022948333 133931.7229757699
111194.3929205741 134251.6737028492
111034.3085454683 134251.6737028492
110714.1397952566 134251.6737028492
110554.0554201508 134251.6737028492
110393.9710450450 134251.6737028492
110233.8866699392 134251.6737028492
110073.8022948333 134251.6737028492
111354.4772956799 134571.6244299286
111034.3085454683 134571.6244299286
110714.1397952566 134571.6244299286
110554.0554201508 134571.6244299286
110393.9710450450 134571.6244299286
110233.8866699392 134571.6244299286
119038.5273007592 134731.5997934683
111514.5616707857 134891.5751570079
110874.2241703624 134891.5751570079
110714.1397952566 134891.5751570079
110554.0554201508 134891.5751570079
119358.6960509709 135051.5505205476
111034.3085454683 135211.5258840873
118718.3585505476 135531.4766111667
111034.3085454683 135531.4766111667
118878.4429256534 135851.4273382460

118878.4429256534 135851.4273382460
111034.3085454683 135531.4766111667
118718.3585505476 135531.4766111667
111034.3085454683 135211.5258840873
119358.6960509709 135051.5505205476
110554.0554201508 134891.5751570079
110714.1397952566 134891.5751570079
110874.2241703624 134891.5751570079
111514.5616707857 134891.5751570079
119038.5273007592 134731.5997934683
110233.8866699392 134571.6244299286
110393.9710450450 134571.6244299286
110554.0554201508 134571.6244299286
110714.1397952566 134571.6244299286
111034.3085454683 134571.6244299286
111354.4772956799 134571.6244299286
110073.8022948333 134251.6737028492
110233.8866699392 134251.6737028492
110393.9710450450 134251.6737028492
110554.0554201508 134251.6737028492
110714.1397952566 134251.6737028492
111034.3085454683 134251.6737028492
111194.3929205741 134251.6737028492
110073.8022948333 133931.7229757699
110233.8866699392 133931.7229757699
110393.9710450450 133931.7229757699
110554.0554201508 133931.7229757699
110714.1397952566 133931.7229757699
110874.2241703624 133931.7229757699
110233.8866699392 133611.7722486905
110393.9710450450 133611.7722486905
110714.1397952566 133611.7722486905
111194.3929205741 133611.7722486905
110393.9710450450 133291.8215216111
110554.0554201508 133291.8215216111
110714.1397952566 132971.8707945317
128003.2523066852 119054.0141665793
127683.0835564736 119373.9648936587
127522.9991813677 119693.9156207381
126562.4929307328 120173.8417113571
126402.4085556270 120493.7924384365
126082.2398054154 123693.2997092302
125762.0710552037 124013.2504363095
126082.2398054154 124493.1765269286
126242.3241805212 124973.1026175476
116957.4304243836 130252.2896143572
116957.4304243836 130572.2403414365

118878.4429256534 135851.4273382460
111034.3085454683 135531.4766111667
118718.3585505476 135531.4766111667
111034.3085454683 135211.5258840873
111514.5616707857 135211.5258840873
119358.6960509709 135051.5505205476
110554.0554201508 134891.5751570079
110714.1397952566 134891.5751570079
110874.2241703624 134891.5751570079
111514.5616707857 134891.5751570079
119038.5273007592 134731.5997934683
110233.8866699392 134571.6244299286
110393.9710450450 134571.6244299286
110554.0554201508 134571.6244299286
110714.1397952566 134571.6244299286
111034.3085454683 134571.6244299286
111354.4772956799 134571.6244299286
128003.2523066852 119054.0141665793
127683.0835564736 119373.9648936587
127522.9991813677 119693.9156207381
126562.4929307328 120173.8417113571
126402.4085556270 120493.7924384365
126082.2398054154 123693.2997092302
125762.0710552037 124013.2504363095
126082.2398054154 124493.1765269286
116957.4304243836 130252.2896143572
116957.4304243836 130572.2403414365
110714.1397952566 132491.9447039127
110714.1397952566 132971.8707945317
110554.0554201508 133291.8215216111
110393.9710450450 133291.8215216111
110714.1397952566 133611.7722486905
110554.0554201508 133611.7722486905
110393.9710450450 133611.7722486905
110233.8866699392 133611.7722486905
111034.3085454683 133931.7229757699
110714.1397952566 133931.7229757699
110554.0554201508 133931.7229757699
110393.9710450450 133931.7229757699
110073.8022948333 133931.7229757699
111194.3929205741 134251.6737028492
111034.3085454683 134251.6737028492
110874.2241703624 134251.6737028492
110714.1397952566 134251.6737028492
110554.0554201508 134251.6737028492
110393.9710450450 134251.6737028492
110233.8866699392 134251.6737028492

118878.4429256534 135851.4273382460
111034.3085454683 135531.4766111667
118718.3585505476 135531.4766111667
111034.3085454683 135211.5258840873
111514.5616707857 135211.5258840873
119358.6960509709 135051.5505205476
110554.0554201508 134891.5751570079
110714.1397952566 134891.5751570079
110874.2241703624 134891.5751570079
111514.5616707857 134891.5751570079
119038.5273007592 134731.5997934683
110233.8866699392 134571.6244299286
110393.9710450450 134571.6244299286
110554.0554201508 134571.6244299286
110714.1397952566 134571.6244299286
111034.3085454683 134571.6244299286
111354.4772956799 134571.6244299286
128003.2523066852 119054.0141665793
127683.0835564736 119373.9648936587
127522.9991813677 119693.9156207381
126562.4929307328 120173.8417113571
126402.4085556270 120493.7924384365
126082.2398054154 123693.2997092302
125762.0710552037 124013.2504363095
126082.2398054154 124493.1765269286
116957.4304243836 130252.2896143572
116957.4304243836 130572.2403414365
110714.1397952566 132491.9447039127
110714.1397952566 132971.8707945317
110554.0554201508 133291.8215216111
110393.9710450450 133291.8215216111
110714.1397952566 133611.7722486905
110554.0554201508 133611.7722486905
110393.9710450450 133611.7722486905
110233.8866699392 133611.7722486905
111034.3085454683 133931.7229757699
110714.1397952566 133931.7229757699
110554.0554201508 133931.7229757699
110393.9710450450 133931.7229757699
110073.8022948333 133931.7229757699
111194.3929205741 134251.6737028492
111034.3085454683 134251.6737028492
110874.2241703624 134251.6737028492
110554.0554201508 134251.6737028492
110393.9710450450 134251.6737028492
110233.8866699392 134251.6737028492
118878.4429256534 134411.6490663889

115196.5022982196 139370.8853361191
115356.5866733254 139050.9346090397
116637.2616741720 138411.0331548809
118398.1898003360 136651.3041559445
118558.2741754418 136331.3534288651
111034.3085454683 135851.4273382460
118878.4429256534 135851.4273382460
111034.3085454683 135531.4766111667
118718.3585505476 135531.4766111667
110874.2241703624 135211.5258840873
110714.1397952566 134891.5751570079
110554.0554201508 134571.6244299286
110554.0554201508 134251.6737028492
111034.3085454683 133931.7229757699
110233.8866699392 133611.7722486905
110554.0554201508 133291.8215216111
110233.8866699392 132971.8707945317
110393.9710450450 132491.9447039127
117277.5991745952 131372.1171591349
117277.5991745952 131052.1664320556
116797.3460492778 130572.2403414365
116477.1772990661 130252.2896143572
116637.2616741720 129932.3388872778
117117.5147994894 129612.3881601984
128003.2523066852 119054.0141665793
127683.0835564736 119373.9648936587
127522.9991813677 119693.9156207381
126562.4929307328 120173.8417113571
126402.4085556270 120493.7924384365
126082.2398054154 120973.7185290556
125762.0710552037 121293.6692561349
125762.0710552037 121613.6199832143
125601.9866800979 121933.5707102936
125441.9023049921 122573.4721644524
125922.1554303095 122893.4228915318
125441.9023049921 123373.3489821508
126082.2398054154 123693.2997092302
125762.0710552037 124013.2504363095
126082.2398054154 124333.2011633889
125601.9866800979 124813.1272540079
126242.3241805212 125133.0779810873
125762.0710552037 125453.0287081667
126402.4085556270 125932.9547987857
125922.1554303095 126252.9055258651
125601.9866800979 126732.8316164841
125922.1554303095 127052.7823435635
126082.2398054154 127532.7084341825

111034.3085454683 135851.4273382460
118878.4429256534 135851.4273382460
111034.3085454683 135531.4766111667
118718.3585505476 135531.4766111667
110874.2241703624 135211.5258840873
111034.3085454683 135211.5258840873
111514.5616707857 135211.5258840873
119358.6960509709 135051.5505205476
110714.1397952566 134891.5751570079
110874.2241703624 134891.5751570079
111514.5616707857 134891.5751570079
119038.5273007592 134731.5997934683
110233.8866699392 134571.6244299286
110393.9710450450 134571.6244299286
110714.1397952566 134571.6244299286
111354.4772956799 134571.6244299286
119838.9491762884 134411.6490663889
110073.8022948333 134251.6737028492
110233.8866699392 134251.6737028492
110393.9710450450 134251.6737028492
110554.0554201508 134251.6737028492
110874.2241703624 134251.6737028492
111034.3085454683 134251.6737028492
110073.8022948333 133931.7229757699
110393.9710450450 133931.7229757699
110554.0554201508 133931.7229757699
110714.1397952566 133931.7229757699
111034.3085454683 133931.7229757699
128003.2523066852 119054.0141665793
127683.0835564736 119373.9648936587
127522.9991813677 119693.9156207381
126562.4929307328 120173.8417113571
126402.4085556270 120493.7924384365
125922.1554303095 123373.3489821508
126082.2398054154 123693.2997092302
125762.0710552037 124013.2504363095
126082.2398054154 124493.1765269286
126242.3241805212 124973.1026175476
116957.4304243836 130252.2896143572
116957.4304243836 130572.2403414365
116797.3460492778 130892.1910685159
110554.0554201508 132651.9200674524
110714.1397952566 132971.8707945317
110393.9710450450 133291.8215216111
110714.1397952566 133611.7722486905
110554.0554201508 133611.7722486905
110393.9710450450 133611.7722486905

118558.2741754418 136331.3534288651
111034.3085454683 135851.4273382460
118878.4429256534 135851.4273382460
111034.3085454683 135531.4766111667
118718.3585505476 135531.4766111667
110874.2241703624 135211.5258840873
118878.4429256534 135211.5258840873
110714.1397952566 134891.5751570079
110874.2241703624 134891.5751570079
111514.5616707857 134891.5751570079
119038.5273007592 134731.5997934683
110233.8866699392 134571.6244299286
110393.9710450450 134571.6244299286
111354.4772956799 134571.6244299286
119838.9491762884 134411.6490663889
110233.8866699392 134251.6737028492
110554.0554201508 134251.6737028492
111034.3085454683 134251.6737028492
110073.8022948333 133931.7229757699
110554.0554201508 133931.7229757699
111034.3085454683 133931.7229757699
110233.8866699392 133611.7722486905
110714.1397952566 133611.7722486905
110554.0554201508 133291.8215216111
110874.2241703624 133291.8215216111
110233.8866699392 132971.8707945317
110393.9710450450 132491.9447039127
117277.5991745952 131052.1664320556
116797.3460492778 130572.2403414365
116957.4304243836 130252.2896143572
116637.2616741720 129932.3388872778
126082.2398054154 127532.7084341825
126402.4085556270 127052.7823435635
126242.3241805212 126732.8316164841
125762.0710552037 126092.9301623254
126242.3241805212 125133.0779810873
125601.9866800979 124813.1272540079
126082.2398054154 124493.1765269286
125762.0710552037 124013.2504363095
126082.2398054154 123693.2997092302
125922.1554303095 123373.3489821508
126082.2398054154 120973.7185290556
126402.4085556270 120493.7924384365
126562.4929307328 120173.8417113571
127522.9991813677 119693.9156207381
127683.0835564736 119373.9648936587
128003.2523066852 119054.0141665793

118878.4429256534 135851.4273382460
111034.3085454683 135531.4766111667
118718.3585505476 135531.4766111667
111034.3085454683 135211.5258840873
111514.5616707857 135211.5258840873
119358.6960509709 135051.5505205476
110554.0554201508 134891.5751570079
110714.1397952566 134891.5751570079
110874.2241703624 134891.5751570079
111514.5616707857 134891.5751570079
119038.5273007592 134731.5997934683
110233.8866699392 134571.6244299286
110393.9710450450 134571.6244299286
110554.0554201508 134571.6244299286
110714.1397952566 134571.6244299286
111034.3085454683 134571.6244299286
111354.4772956799 134571.6244299286
128003.2523066852 119054.0141665793
127683.0835564736 119373.9648936587
127522.9991813677 119693.9156207381
126562.4929307328 120173.8417113571
126402.4085556270 120493.7924384365
125762.0710552037 120813.7431655159
125922.1554303095 123373.3489821508
126082.2398054154 123693.2997092302
125762.0710552037 124013.2504363095
126082.2398054154 124493.1765269286
126242.3241805212 124973.1026175476
116957.4304243836 130252.2896143572
116957.4304243836 130572.2403414365
116797.3460492778 130892.1910685159
110554.0554201508 132651.9200674524
110714.1397952566 132971.8707945317
110393.9710450450 133291.8215216111
110714.1397952566 133611.7722486905
110554.0554201508 133611.7722486905
110393.9710450450 133611.7722486905
110233.8866699392 133611.7722486905
111034.3085454683 133931.7229757699
110714.1397952566 133931.7229757699
110554.0554201508 133931.7229757699
110073.8022948333 133931.7229757699
111194.3929205741 134251.6737028492
111034.3085454683 134251.6737028492
110554.0554201508 134251.6737028492
110393.9710450450 134251.6737028492
110233.8866699392 134251.6737028492

118878.4429256534 135851.4273382460
111034.3085454683 135531.4766111667
118718.3585505476 135531.4766111667
111034.3085454683 135211.5258840873
111514.5616707857 135211.5258840873
119358.6960509709 135051.5505205476
110554.0554201508 134891.5751570079
110874.2241703624 134891.5751570079
111514.5616707857 134891.5751570079
119038.5273007592 134731.5997934683
110233.8866699392 134571.6244299286
110393.9710450450 134571.6244299286
110554.0554201508 134571.6244299286
110714.1397952566 134571.6244299286
111034.3085454683 134571.6244299286
111354.4772956799 134571.6244299286
118878.4429256534 134411.6490663889
110233.8866699392 134251.6737028492
110393.9710450450 134251.6737028492
110714.1397952566 134251.6737028492
110874.2241703624 134251.6737028492
111034.3085454683 134251.6737028492
111194.3929205741 134251.6737028492
110073.8022948333 133931.7229757699
110393.9710450450 133931.7229757699
110554.0554201508 133931.7229757699
110714.1397952566 133931.7229757699
111034.3085454683 133931.7229757699
110233.8866699392 133611.7722486905
110393.9710450450 133611.7722486905
110554.0554201508 133611.7722486905
110714.1397952566 133611.7722486905
128003.2523066852 119054.0141665793
127683.0835564736 119373.9648936587
127522.9991813677 119693.9156207381
126562.4929307328 120173.8417113571
126402.4085556270 120493.7924384365
126082.2398054154 123693.2997092302
125762.0710552037 124013.2504363095
126082.2398054154 124493.1765269286
116957.4304243836 130252.2896143572
116957.4304243836 130572.2403414365
110714.1397952566 132491.9447039127
110714.1397952566 132971.8707945317
110554.0554201508 133291.8215216111
110393.9710450450 133291.8215216111
110554.0554201508 134251.6737028492

118398.1898003360 136651.3041559445
118558.2741754418 136331.3534288651
111034.3085454683 135851.4273382460
118878.4429256534 135851.4273382460
111034.3085454683 135531.4766111667
118718.3585505476 135531.4766111667
110874.2241703624 135211.5258840873
111514.5616707857 135211.5258840873
119358.6960509709 135051.5505205476
110714.1397952566 134891.5751570079
110874.2241703624 134891.5751570079
111514.5616707857 134891.5751570079
119038.5273007592 134731.5997934683
110233.8866699392 134571.6244299286
110393.9710450450 134571.6244299286
111354.4772956799 134571.6244299286
119838.9491762884 134411.6490663889
110233.8866699392 134251.6737028492
110554.0554201508 134251.6737028492
111034.3085454683 134251.6737028492
111194.3929205741 134251.6737028492
110073.8022948333 133931.7229757699
110554.0554201508 133931.7229757699
111034.3085454683 133931.7229757699
110233.8866699392 133611.7722486905
110714.1397952566 133611.7722486905
110393.9710450450 133291.8215216111
110554.0554201508 133291.8215216111
110233.8866699392 132971.8707945317
110393.9710450450 132491.9447039127
117277.5991745952 131052.1664320556
116957.4304243836 130572.2403414365
116957.4304243836 130252.2896143572
116637.2616741720 129932.3388872778
126082.2398054154 127532.7084341825
126402.4085556270 127052.7823435635
126242.3241805212 126732.8316164841
128003.2523066852 119054.0141665793
127683.0835564736 119373.9648936587
127522.9991813677 119693.9156207381
126562.4929307328 120173.8417113571
126402.4085556270 120493.7924384365
125922.1554303095 123373.3489821508
126082.2398054154 123693.2997092302
125762.0710552037 124013.2504363095
126082.2398054154 124493.1765269286
126242.3241805212 124973.1026175476

118878.4429256534 135851.4273382460
111034.3085454683 135531.4766111667
118718.3585505476 135531.4766111667
111034.3085454683 135211.5258840873
111514.5616707857 135211.5258840873
119358.6960509709 135051.5505205476
110554.0554201508 134891.5751570079
110714.1397952566 134891.5751570079
110874.2241703624 134891.5751570079
111514.5616707857 134891.5751570079
119038.5273007592 134731.5997934683
110233.8866699392 134571.6244299286
110393.9710450450 134571.6244299286
110554.0554201508 134571.6244299286
110714.1397952566 134571.6244299286
111034.3085454683 134571.6244299286
111354.4772956799 134571.6244299286
110073.8022948333 134251.6737028492
110233.8866699392 134251.6737028492
110393.9710450450 134251.6737028492
110554.0554201508 134251.6737028492
110714.1397952566 134251.6737028492
111034.3085454683 134251.6737028492
111194.3929205741 134251.6737028492
110073.8022948333 133931.7229757699
110233.8866699392 133931.7229757699
110393.9710450450 133931.7229757699
110554.0554201508 133931.7229757699
110714.1397952566 133931.7229757699
110874.2241703624 133931.7229757699
111034.3085454683 133931.7229757699
110233.8866699392 133611.7722486905
110393.9710450450 133611.7722486905
110554.0554201508 133611.7722486905
110714.1397952566 133611.7722486905
111194.3929205741 133611.7722486905
110393.9710450450 133291.8215216111
110554.0554201508 133291.8215216111
110714.1397952566 132971.8707945317
110554.0554201508 132651.9200674524
128003.2523066852 119054.0141665793
127683.0835564736 119373.9648936587
127522.9991813677 119693.9156207381
126562.4929307328 120173.8417113571
126402.4085556270 120493.7924384365
116957.4304243836 130572.2403414365
110874.2241703624 134251.6737028492

118878.4429256534 135851.4273382460
111034.3085454683 135531.4766111667
118718.3585505476 135531.4766111667
111034.3085454683 135211.5258840873
111514.5616707857 135211.5258840873
119358.6960509709 135051.5505205476
110554.0554201508 134891.5751570079
110714.1397952566 134891.5751570079
110874.2241703624 134891.5751570079
111514.5616707857 134891.5751570079
119038.5273007592 134731.5997934683
110233.8866699392 134571.6244299286
110393.9710450450 134571.6244299286
110554.0554201508 134571.6244299286
110714.1397952566 134571.6244299286
111034.3085454683 134571.6244299286
111354.4772956799 134571.6244299286
110073.8022948333 134251.6737028492
110233.8866699392 134251.6737028492
110554.0554201508 134251.6737028492
110714.1397952566 134251.6737028492
110874.2241703624 134251.6737028492
111034.3085454683 134251.6737028492
111194.3929205741 134251.6737028492
110073.8022948333 133931.7229757699
110233.8866699392 133931.7229757699
110393.9710450450 133931.7229757699
110554.0554201508 133931.7229757699
110714.1397952566 133931.7229757699
111034.3085454683 133931.7229757699
110233.8866699392 133611.7722486905
110393.9710450450 133611.7722486905
110554.0554201508 133611.7722486905
110714.1397952566 133611.7722486905
111194.3929205741 133611.7722486905
110393.9710450450 133291.8215216111
110554.0554201508 133291.8215216111
110714.1397952566 132971.8707945317
110554.0554201508 132651.9200674524
116957.4304243836 130572.2403414365
126082.2398054154 124493.1765269286
125762.0710552037 124013.2504363095
126402.4085556270 120493.7924384365
126562.4929307328 120173.8417113571
127522.9991813677 119693.9156207381
127683.0835564736 119373.9648936587
128003.2523066852 119054.0141665793

118398.1898003360 136651.3041559445
118558.2741754418 136331.3534288651
111034.3085454683 135851.4273382460
118878.4429256534 135851.4273382460
111034.3085454683 135531.4766111667
118718.3585505476 135531.4766111667
110874.2241703624 135211.5258840873
119358.6960509709 135051.5505205476
110714.1397952566 134891.5751570079
111514.5616707857 134891.5751570079
119038.5273007592 134731.5997934683
110233.8866699392 134571.6244299286
110554.0554201508 134571.6244299286
111674.6460458915 134571.6244299286
119518.7804260767 134411.6490663889
110233.8866699392 134251.6737028492
110554.0554201508 134251.6737028492
111194.3929205741 134251.6737028492
110073.8022948333 133931.7229757699
110554.0554201508 133931.7229757699
111034.3085454683 133931.7229757699
110233.8866699392 133611.7722486905
110714.1397952566 133611.7722486905
110874.2241703624 133291.8215216111
110233.8866699392 132971.8707945317
110393.9710450450 132491.9447039127
117277.5991745952 131052.1664320556
116797.3460492778 130572.2403414365
116477.1772990661 130252.2896143572
116637.2616741720 129932.3388872778
128003.2523066852 119054.0141665793
127683.0835564736 119373.9648936587
127522.9991813677 119693.9156207381
126562.4929307328 120173.8417113571
126402.4085556270 120493.7924384365
126082.2398054154 120973.7185290556
125922.1554303095 123373.3489821508
126082.2398054154 123693.2997092302
125762.0710552037 124013.2504363095
126082.2398054154 124493.1765269286
125601.9866800979 124813.1272540079
126242.3241805212 125133.0779810873
125762.0710552037 125453.0287081667
126402.4085556270 125932.9547987857
125922.1554303095 126252.9055258651
126242.3241805212 126732.8316164841
126402.4085556270 127052.7823435635

118878.4429256534 135851.4273382460
111034.3085454683 135531.4766111667
118718.3585505476 135531.4766111667
111034.3085454683 135211.5258840873
111514.5616707857 135211.5258840873
119358.6960509709 135051.5505205476
110554.0554201508 134891.5751570079
110714.1397952566 134891.5751570079
110874.2241703624 134891.5751570079
111514.5616707857 134891.5751570079
119038.5273007592 134731.5997934683
110233.8866699392 134571.6244299286
110393.9710450450 134571.6244299286
110554.0554201508 134571.6244299286
110714.1397952566 134571.6244299286
111354.4772956799 134571.6244299286
118878.4429256534 134411.6490663889
110233.8866699392 134251.6737028492
110393.9710450450 134251.6737028492
110554.0554201508 134251.6737028492
110714.1397952566 134251.6737028492
110874.2241703624 134251.6737028492
111034.3085454683 134251.6737028492
111194.3929205741 134251.6737028492
110073.8022948333 133931.7229757699
110393.9710450450 133931.7229757699
110554.0554201508 133931.7229757699
110714.1397952566 133931.7229757699
111034.3085454683 133931.7229757699
110233.8866699392 133611.7722486905
110393.9710450450 133611.7722486905
110554.0554201508 133611.7722486905
110714.1397952566 133611.7722486905
128003.2523066852 119054.0141665793
127683.0835564736 119373.9648936587
127522.9991813677 119693.9156207381
126562.4929307328 120173.8417113571
126402.4085556270 120493.7924384365
126082.2398054154 123693.2997092302
125762.0710552037 124013.2504363095
126082.2398054154 124493.1765269286
116957.4304243836 130252.2896143572
116957.4304243836 130572.2403414365
110714.1397952566 132491.9447039127
110714.1397952566 132971.8707945317
110554.0554201508 133291.8215216111
110393.9710450450 133291.8215216111

118878.4429256534 135851.4273382460
111034.3085454683 135531.4766111667
118718.3585505476 135531.4766111667
110874.2241703624 135211.5258840873
111034.3085454683 135211.5258840873
111514.5616707857 135211.5258840873
119358.6960509709 135051.5505205476
110714.1397952566 134891.5751570079
110874.2241703624 134891.5751570079
111514.5616707857 134891.5751570079
119038.5273007592 134731.5997934683
110233.8866699392 134571.6244299286
110393.9710450450 134571.6244299286
110554.0554201508 134571.6244299286
110714.1397952566 134571.6244299286
111034.3085454683 134571.6244299286
111354.4772956799 134571.6244299286
110233.8866699392 134251.6737028492
110393.9710450450 134251.6737028492
110554.0554201508 134251.6737028492
110714.1397952566 134251.6737028492
110874.2241703624 134251.6737028492
111034.3085454683 134251.6737028492
111194.3929205741 134251.6737028492
110073.8022948333 133931.7229757699
110393.9710450450 133931.7229757699
110554.0554201508 133931.7229757699
110714.1397952566 133931.7229757699
111034.3085454683 133931.7229757699
110233.8866699392 133611.7722486905
110393.9710450450 133611.7722486905
110554.0554201508 133611.7722486905
110714.1397952566 133611.7722486905
110393.9710450450 133291.8215216111
110554.0554201508 133291.8215216111
110714.1397952566 132971.8707945317
116957.4304243836 130572.2403414365
116957.4304243836 130252.2896143572
116957.4304243836 129932.3388872778
126082.2398054154 124493.1765269286
125762.0710552037 124013.2504363095
126082.2398054154 123693.2997092302
126402.4085556270 120493.7924384365
128003.2523066852 119054.0141665793
127683.0835564736 119373.9648936587
127522.9991813677 119693.9156207381
126562.4929307328 120173.8417113571

118878.4429256534 135851.4273382460
111034.3085454683 135531.4766111667
118718.3585505476 135531.4766111667
111034.3085454683 135211.5258840873
111514.5616707857 135211.5258840873
119358.6960509709 135051.5505205476
110554.0554201508 134891.5751570079
110714.1397952566 134891.5751570079
110874.2241703624 134891.5751570079
111514.5616707857 134891.5751570079
119038.5273007592 134731.5997934683
110233.8866699392 134571.6244299286
110393.9710450450 134571.6244299286
110554.0554201508 134571.6244299286
110714.1397952566 134571.6244299286
111034.3085454683 134571.6244299286
111354.4772956799 134571.6244299286
118878.4429256534 134411.6490663889
110233.8866699392 134251.6737028492
110393.9710450450 134251.6737028492
110554.0554201508 134251.6737028492
111034.3085454683 134251.6737028492
111194.3929205741 134251.6737028492
110073.8022948333 133931.7229757699
110554.0554201508 133931.7229757699
110714.1397952566 133931.7229757699
111034.3085454683 133931.7229757699
110233.8866699392 133611.7722486905
110393.9710450450 133611.7722486905
110554.0554201508 133611.7722486905
110714.1397952566 133611.7722486905
110393.9710450450 133291.8215216111
110714.1397952566 132971.8707945317
110554.0554201508 132651.9200674524
116797.3460492778 130892.1910685159
116957.4304243836 130572.2403414365
116957.4304243836 130252.2896143572
126242.3241805212 124973.1026175476
126082.2398054154 124493.1765269286
125762.0710552037 124013.2504363095
126082.2398054154 123693.2997092302
125922.1554303095 123373.3489821508
128003.2523066852 119054.0141665793
127683.0835564736 119373.9648936587
127522.9991813677 119693.9156207381
126562.4929307328 120173.8417113571
126402.4085556270 120493.7924384365

111034.3085454683 135851.4273382460
118878.4429256534 135851.4273382460
111034.3085454683 135531.4766111667
118718.3585505476 135531.4766111667
110874.2241703624 135211.5258840873
111034.3085454683 135211.5258840873
111514.5616707857 135211.5258840873
119358.6960509709 135051.5505205476
110714.1397952566 134891.5751570079
110874.2241703624 134891.5751570079
111514.5616707857 134891.5751570079
119038.5273007592 134731.5997934683
128003.2523066852 119054.0141665793
127683.0835564736 119373.9648936587
127522.9991813677 119693.9156207381
126562.4929307328 120173.8417113571
126402.4085556270 120493.7924384365
125922.1554303095 123373.3489821508
126082.2398054154 123693.2997092302
125762.0710552037 124013.2504363095
126082.2398054154 124493.1765269286
126242.3241805212 124973.1026175476
116957.4304243836 130252.2896143572
116957.4304243836 130572.2403414365
116797.3460492778 130892.1910685159
110554.0554201508 132651.9200674524
110714.1397952566 132971.8707945317
110393.9710450450 133291.8215216111
110714.1397952566 133611.7722486905
110554.0554201508 133611.7722486905
110393.9710450450 133611.7722486905
110233.8866699392 133611.7722486905
111034.3085454683 133931.7229757699
110714.1397952566 133931.7229757699
110554.0554201508 133931.7229757699
110073.8022948333 133931.7229757699
111194.3929205741 134251.6737028492
111034.3085454683 134251.6737028492
110554.0554201508 134251.6737028492
110393.9710450450 134251.6737028492
110233.8866699392 134251.6737028492
118878.4429256534 134411.6490663889
111354.4772956799 134571.6244299286
111034.3085454683 134571.6244299286
110714.1397952566 134571.6244299286
110554.0554201508 134571.6244299286
110393.9710450450 134571.6244299286

118398.1898003360 136651.3041559445
118558.2741754418 136331.3534288651
111034.3085454683 135851.4273382460
118878.4429256534 135851.4273382460
111034.3085454683 135531.4766111667
118718.3585505476 135531.4766111667
110874.2241703624 135211.5258840873
119358.6960509709 135051.5505205476
110714.1397952566 134891.5751570079
110874.2241703624 134891.5751570079
111514.5616707857 134891.5751570079
119038.5273007592 134731.5997934683
110233.8866699392 134571.6244299286
110393.9710450450 134571.6244299286
111354.4772956799 134571.6244299286
119838.9491762884 134411.6490663889
110233.8866699392 134251.6737028492
110554.0554201508 134251.6737028492
111034.3085454683 134251.6737028492
110073.8022948333 133931.7229757699
110554.0554201508 133931.7229757699
111034.3085454683 133931.7229757699
110233.8866699392 133611.7722486905
110714.1397952566 133611.7722486905
125441.9023049921 125613.0040717064
110554.0554201508 133291.8215216111
110233.8866699392 132971.8707945317
110393.9710450450 132491.9447039127
117277.5991745952 131052.1664320556
116797.3460492778 130572.2403414365
116957.4304243836 130252.2896143572
116637.2616741720 129932.3388872778
126082.2398054154 127532.7084341825
126402.4085556270 127052.7823435635
126242.3241805212 126732.8316164841
125762.0710552037 126092.9301623254
126082.2398054154 125293.0533446270
126242.3241805212 124973.1026175476
126082.2398054154 124493.1765269286
125762.0710552037 124013.2504363095
126082.2398054154 123693.2997092302
125922.1554303095 123373.3489821508
128003.2523066852 119054.0141665793
127683.0835564736 119373.9648936587
127522.9991813677 119693.9156207381
126562.4929307328 120173.8417113571
126402.4085556270 120493.7924384365

118878.4429256534 135851.4273382460
111034.3085454683 135531.4766111667
118718.3585505476 135531.4766111667
111034.3085454683 135211.5258840873
111514.5616707857 135211.5258840873
119358.6960509709 135051.5505205476
110554.0554201508 134891.5751570079
110714.1397952566 134891.5751570079
110874.2241703624 134891.5751570079
111514.5616707857 134891.5751570079
119038.5273007592 134731.5997934683
110233.8866699392 134571.6244299286
110393.9710450450 134571.6244299286
110554.0554201508 134571.6244299286
110714.1397952566 134571.6244299286
111034.3085454683 134571.6244299286
111354.4772956799 134571.6244299286
118878.4429256534 134411.6490663889
110233.8866699392 134251.6737028492
110393.9710450450 134251.6737028492
110554.0554201508 134251.6737028492
110714.1397952566 134251.6737028492
110874.2241703624 134251.6737028492
111034.3085454683 134251.6737028492
111194.3929205741 134251.6737028492
110073.8022948333 133931.7229757699
110393.9710450450 133931.7229757699
110554.0554201508 133931.7229757699
110714.1397952566 133931.7229757699
111034.3085454683 133931.7229757699
110233.8866699392 133611.7722486905
110393.9710450450 133611.7722486905
110554.0554201508 133611.7722486905
110714.1397952566 133611.7722486905
110393.9710450450 133291.8215216111
110554.0554201508 133291.8215216111
110714.1397952566 132971.8707945317
116957.4304243836 130252.2896143572
126082.2398054154 124493.1765269286
125762.0710552037 124013.2504363095
128003.2523066852 119054.0141665793
127683.0835564736 119373.9648936587
127522.9991813677 119693.9156207381
126562.4929307328 120173.8417113571
126402.4085556270 120493.7924384365
126082.2398054154 123693.2997092302
116957.4304243836 130572.2403414365

118878.4429256534 135851.4273382460
111034.3085454683 135531.4766111667
118718.3585505476 135531.4766111667
110874.2241703624 135211.5258840873
111034.3085454683 135211.5258840873
119358.6960509709 135051.5505205476
110554.0554201508 134891.5751570079
110714.1397952566 134891.5751570079
110874.2241703624 134891.5751570079
111514.5616707857 134891.5751570079
128003.2523066852 119054.0141665793
127683.0835564736 119373.9648936587
127522.9991813677 119693.9156207381
126562.4929307328 120173.8417113571
126402.4085556270 120493.7924384365
126082.2398054154 123693.2997092302
125762.0710552037 124013.2504363095
126082.2398054154 124493.1765269286
116957.4304243836 130252.2896143572
110714.1397952566 132971.8707945317
110554.0554201508 133291.8215216111
110393.9710450450 133291.8215216111
110714.1397952566 133611.7722486905
110554.0554201508 133611.7722486905
110393.9710450450 133611.7722486905
110233.8866699392 133611.7722486905
111034.3085454683 133931.7229757699
110874.2241703624 133931.7229757699
110714.1397952566 133931.7229757699
110554.0554201508 133931.7229757699
110393.9710450450 133931.7229757699
110073.8022948333 133931.7229757699
111194.3929205741 134251.6737028492
111034.3085454683 134251.6737028492
110874.2241703624 134251.6737028492
110714.1397952566 134251.6737028492
110554.0554201508 134251.6737028492
110393.9710450450 134251.6737028492
110233.8866699392 134251.6737028492
118878.4429256534 134411.6490663889
111354.4772956799 134571.6244299286
111034.3085454683 134571.6244299286
110714.1397952566 134571.6244299286
110554.0554201508 134571.6244299286
110393.9710450450 134571.6244299286
110233.8866699392 134571.6244299286
119038.5273007592 134731.5997934683

118878.4429256534 135851.4273382460
111034.3085454683 135531.4766111667
118718.3585505476 135531.4766111667
111034.3085454683 135211.5258840873
111514.5616707857 135211.5258840873
119358.6960509709 135051.5505205476
110554.0554201508 134891.5751570079
110714.1397952566 134891.5751570079
110874.2241703624 134891.5751570079
111514.5616707857 134891.5751570079
119038.5273007592 134731.5997934683
110233.8866699392 134571.6244299286
110393.9710450450 134571.6244299286
110554.0554201508 134571.6244299286
110714.1397952566 134571.6244299286
111034.3085454683 134571.6244299286
111354.4772956799 134571.6244299286
118878.4429256534 134411.6490663889
110233.8866699392 134251.6737028492
110393.9710450450 134251.6737028492
110554.0554201508 134251.6737028492
110714.1397952566 134251.6737028492
110874.2241703624 134251.6737028492
111034.3085454683 134251.6737028492
111194.3929205741 134251.6737028492
110073.8022948333 133931.7229757699
110393.9710450450 133931.7229757699
110554.0554201508 133931.7229757699
110714.1397952566 133931.7229757699
110874.2241703624 133931.7229757699
111034.3085454683 133931.7229757699
110233.8866699392 133611.7722486905
110393.9710450450 133611.7722486905
110554.0554201508 133611.7722486905
110714.1397952566 133611.7722486905
110393.9710450450 133291.8215216111
110554.0554201508 133291.8215216111
110714.1397952566 132971.8707945317
128003.2523066852 119054.0141665793
127683.0835564736 119373.9648936587
127522.9991813677 119693.9156207381
126562.4929307328 120173.8417113571
126402.4085556270 120493.7924384365
126082.2398054154 123693.2997092302
125762.0710552037 124013.2504363095
126082.2398054154 124493.1765269286
116957.4304243836 130252.2896143572

118558.2741754418 136331.3534288651
111034.3085454683 135851.4273382460
118878.4429256534 135851.4273382460
111034.3085454683 135531.4766111667
118718.3585505476 135531.4766111667
110874.2241703624 135211.5258840873
111514.5616707857 135211.5258840873
119358.6960509709 135051.5505205476
110714.1397952566 134891.5751570079
110874.2241703624 134891.5751570079
111514.5616707857 134891.5751570079
119038.5273007592 134731.5997934683
110233.8866699392 134571.6244299286
110393.9710450450 134571.6244299286
111354.4772956799 134571.6244299286
119838.9491762884 134411.6490663889
110233.8866699392 134251.6737028492
110554.0554201508 134251.6737028492
111034.3085454683 134251.6737028492
110073.8022948333 133931.7229757699
110554.0554201508 133931.7229757699
111034.3085454683 133931.7229757699
128003.2523066852 119054.0141665793
127683.0835564736 119373.9648936587
127522.9991813677 119693.9156207381
126562.4929307328 120173.8417113571
126402.4085556270 120493.7924384365
125922.1554303095 123373.3489821508
126082.2398054154 123693.2997092302
125762.0710552037 124013.2504363095
126082.2398054154 124493.1765269286
126242.3241805212 124973.1026175476
126082.2398054154 125293.0533446270
125762.0710552037 126092.9301623254
126242.3241805212 126732.8316164841
126402.4085556270 127052.7823435635
126082.2398054154 127532.7084341825
116957.4304243836 129932.3388872778
116477.1772990661 130252.2896143572
116797.3460492778 130572.2403414365
110393.9710450450 132491.9447039127
110233.8866699392 132971.8707945317
110393.9710450450 133291.8215216111
110714.1397952566 133611.7722486905
110233.8866699392 133611.7722486905
110073.8022948333 134251.6737028492
110393.9710450450 134891.5751570079

118398.1898003360 136651.3041559445
118558.2741754418 136331.3534288651
111034.3085454683 135851.4273382460
118878.4429256534 135851.4273382460
111034.3085454683 135531.4766111667
118718.3585505476 135531.4766111667
110874.2241703624 135211.5258840873
119358.6960509709 135051.5505205476
110714.1397952566 134891.5751570079
110874.2241703624 134891.5751570079
111514.5616707857 134891.5751570079
119038.5273007592 134731.5997934683
110233.8866699392 134571.6244299286
110393.9710450450 134571.6244299286
111354.4772956799 134571.6244299286
119838.9491762884 134411.6490663889
110233.8866699392 134251.6737028492
110554.0554201508 134251.6737028492
111034.3085454683 134251.6737028492
110073.8022948333 133931.7229757699
110554.0554201508 133931.7229757699
111034.3085454683 133931.7229757699
110233.8866699392 133611.7722486905
110714.1397952566 133611.7722486905
110393.9710450450 133291.8215216111
110554.0554201508 133291.8215216111
110233.8866699392 132971.8707945317
110393.9710450450 132491.9447039127
117277.5991745952 131052.1664320556
116797.3460492778 130572.2403414365
116957.4304243836 130252.2896143572
116637.2616741720 129932.3388872778
126082.2398054154 127532.7084341825
126402.4085556270 127052.7823435635
126242.3241805212 126732.8316164841
125762.0710552037 126092.9301623254
126082.2398054154 125293.0533446270
126242.3241805212 124973.1026175476
126082.2398054154 124493.1765269286
125762.0710552037 124013.2504363095
126082.2398054154 123693.2997092302
125922.1554303095 123373.3489821508
126402.4085556270 120493.7924384365
126562.4929307328 120173.8417113571
127522.9991813677 119693.9156207381
127683.0835564736 119373.9648936587
128003.2523066852 119054.0141665793

118558.2741754418 136171.3780653254
128003.2523066852 119054.0141665793
127683.0835564736 119373.9648936587
127522.9991813677 119693.9156207381
126562.4929307328 120173.8417113571
126402.4085556270 120493.7924384365
125922.1554303095 123373.3489821508
126082.2398054154 123693.2997092302
125762.0710552037 124013.2504363095
126082.2398054154 124493.1765269286
126242.3241805212 124973.1026175476
126082.2398054154 125293.0533446270
125762.0710552037 126092.9301623254
126242.3241805212 126732.8316164841
126402.4085556270 127052.7823435635
126082.2398054154 127532.7084341825
116637.2616741720 129932.3388872778
116957.4304243836 130252.2896143572
116797.3460492778 130572.2403414365
117277.5991745952 131052.1664320556
110393.9710450450 132491.9447039127
110233.8866699392 132971.8707945317
110554.0554201508 133291.8215216111
110393.9710450450 133291.8215216111
110714.1397952566 133611.7722486905
110233.8866699392 133611.7722486905
111034.3085454683 133931.7229757699
110554.0554201508 133931.7229757699
110073.8022948333 133931.7229757699
111034.3085454683 134251.6737028492
110554.0554201508 134251.6737028492
110233.8866699392 134251.6737028492
119838.9491762884 134411.6490663889
111354.4772956799 134571.6244299286
110393.9710450450 134571.6244299286
110233.8866699392 134571.6244299286
119038.5273007592 134731.5997934683
111514.5616707857 134891.5751570079
110874.2241703624 134891.5751570079
110714.1397952566 134891.5751570079
119358.6960509709 135051.5505205476
111514.5616707857 135211.5258840873
110874.2241703624 135211.5258840873
118718.3585505476 135531.4766111667
111034.3085454683 135531.4766111667
118878.4429256534 135851.4273382460
111034.3085454683 135851.4273382460

118558.2741754418 136331.3534288651
111034.3085454683 135851.4273382460
118878.4429256534 135851.4273382460
111034.3085454683 135531.4766111667
118718.3585505476 135531.4766111667
110874.2241703624 135211.5258840873
111034.3085454683 135211.5258840873
119358.6960509709 135051.5505205476
110714.1397952566 134891.5751570079
111514.5616707857 134891.5751570079
119038.5273007592 134731.5997934683
110233.8866699392 134571.6244299286
110554.0554201508 134571.6244299286
111674.6460458915 134571.6244299286
119518.7804260767 134411.6490663889
110233.8866699392 134251.6737028492
110554.0554201508 134251.6737028492
111194.3929205741 134251.6737028492
110073.8022948333 133931.7229757699
110554.0554201508 133931.7229757699
111034.3085454683 133931.7229757699
110233.8866699392 133611.7722486905
110714.1397952566 133611.7722486905
110393.9710450450 133291.8215216111
110874.2241703624 133291.8215216111
110233.8866699392 132971.8707945317
110393.9710450450 132491.9447039127
117277.5991745952 131052.1664320556
116797.3460492778 130572.2403414365
116477.1772990661 130252.2896143572
116637.2616741720 129932.3388872778
126082.2398054154 127532.7084341825
126402.4085556270 127052.7823435635
125922.1554303095 126252.9055258651
126402.4085556270 125932.9547987857
126242.3241805212 125133.0779810873
125601.9866800979 124813.1272540079
126082.2398054154 124493.1765269286
125762.0710552037 124013.2504363095
126082.2398054154 123693.2997092302
125922.1554303095 123373.3489821508
126082.2398054154 120973.7185290556
126402.4085556270 120493.7924384365
126562.4929307328 120173.8417113571
127522.9991813677 119693.9156207381
127683.0835564736 119373.9648936587
128003.2523066852 119054.0141665793

118558.2741754418 136331.3534288651
111034.3085454683 135851.4273382460
118878.4429256534 135851.4273382460
111034.3085454683 135531.4766111667
118718.3585505476 135531.4766111667
128003.2523066852 119054.0141665793
127683.0835564736 119373.9648936587
127522.9991813677 119693.9156207381
126562.4929307328 120173.8417113571
126402.4085556270 120493.7924384365
125922.1554303095 123373.3489821508
126082.2398054154 123693.2997092302
125762.0710552037 124013.2504363095
126082.2398054154 124493.1765269286
126082.2398054154 125293.0533446270
125762.0710552037 126092.9301623254
126242.3241805212 126732.8316164841
126402.4085556270 127052.7823435635
126082.2398054154 127532.7084341825
116637.2616741720 129932.3388872778
116957.4304243836 130252.2896143572
116797.3460492778 130572.2403414365
117277.5991745952 131052.1664320556
110393.9710450450 132491.9447039127
110233.8866699392 132971.8707945317
110554.0554201508 133291.8215216111
110393.9710450450 133291.8215216111
110714.1397952566 133611.7722486905
110233.8866699392 133611.7722486905
111034.3085454683 133931.7229757699
110554.0554201508 133931.7229757699
110073.8022948333 133931.7229757699
111034.3085454683 134251.6737028492
110554.0554201508 134251.6737028492
110233.8866699392 134251.6737028492
110073.8022948333 134251.6737028492
119838.9491762884 134411.6490663889
111354.4772956799 134571.6244299286
110393.9710450450 134571.6244299286
110233.8866699392 134571.6244299286
119038.5273007592 134731.5997934683
111514.5616707857 134891.5751570079
110874.2241703624 134891.5751570079
110714.1397952566 134891.5751570079
119358.6960509709 135051.5505205476
111514.5616707857 135211.5258840873
111034.3085454683 135211.5258840873

118558.2741754418 136331.3534288651
111034.3085454683 135851.4273382460
118878.4429256534 135851.4273382460
111034.3085454683 135531.4766111667
118718.3585505476 135531.4766111667
110874.2241703624 135211.5258840873
119358.6960509709 135051.5505205476
110714.1397952566 134891.5751570079
110874.2241703624 134891.5751570079
111514.5616707857 134891.5751570079
119038.5273007592 134731.5997934683
110233.8866699392 134571.6244299286
110393.9710450450 134571.6244299286
111354.4772956799 134571.6244299286
119838.9491762884 134411.6490663889
110233.8866699392 134251.6737028492
110554.0554201508 134251.6737028492
111034.3085454683 134251.6737028492
110073.8022948333 133931.7229757699
110554.0554201508 133931.7229757699
111034.3085454683 133931.7229757699
110233.8866699392 133611.7722486905
110554.0554201508 133611.7722486905
110714.1397952566 133611.7722486905
110393.9710450450 133291.8215216111
110874.2241703624 133291.8215216111
110233.8866699392 132971.8707945317
110393.9710450450 132491.9447039127
117277.5991745952 131052.1664320556
116797.3460492778 130572.2403414365
116957.4304243836 130252.2896143572
116637.2616741720 129932.3388872778
126082.2398054154 127532.7084341825
126402.4085556270 127052.7823435635
126242.3241805212 126732.8316164841
125762.0710552037 126092.9301623254
126082.2398054154 125293.0533446270
126242.3241805212 124973.1026175476
126082.2398054154 124493.1765269286
125762.0710552037 124013.2504363095
126082.2398054154 123693.2997092302
125922.1554303095 123373.3489821508
126402.4085556270 120493.7924384365
126562.4929307328 120173.8417113571
127522.9991813677 119693.9156207381
127683.0835564736 119373.9648936587
128003.2523066852 119054.0141665793

118398.1898003360 136651.3041559445
118558.2741754418 136331.3534288651
111034.3085454683 135851.4273382460
118878.4429256534 135851.4273382460
111034.3085454683 135531.4766111667
118718.3585505476 135531.4766111667
110874.2241703624 135211.5258840873
119358.6960509709 135051.5505205476
110714.1397952566 134891.5751570079
119038.5273007592 134731.5997934683
110233.8866699392 134571.6244299286
110554.0554201508 134571.6244299286
111674.6460458915 134571.6244299286
128003.2523066852 119054.0141665793
127683.0835564736 119373.9648936587
127522.9991813677 119693.9156207381
126562.4929307328 120173.8417113571
126402.4085556270 120493.7924384365
126082.2398054154 120973.7185290556
125762.0710552037 121293.6692561349
125922.1554303095 123373.3489821508
126082.2398054154 123693.2997092302
125762.0710552037 124013.2504363095
125601.9866800979 124333.2011633889
125601.9866800979 124813.1272540079
126242.3241805212 125133.0779810873
125762.0710552037 125453.0287081667
126402.4085556270 125932.9547987857
125922.1554303095 126252.9055258651
126242.3241805212 126732.8316164841
126402.4085556270 127052.7823435635
126082.2398054154 127532.7084341825
117117.5147994894 129612.3881601984
116637.2616741720 129932.3388872778
116477.1772990661 130252.2896143572
116797.3460492778 130572.2403414365
117277.5991745952 131052.1664320556
117277.5991745952 131372.1171591349
110393.9710450450 132491.9447039127
110233.8866699392 132971.8707945317
110874.2241703624 133291.8215216111
110714.1397952566 133611.7722486905
110233.8866699392 133611.7722486905
111034.3085454683 133931.7229757699
110073.8022948333 133931.7229757699
111194.3929205741 134251.6737028492
110233.8866699392 134251.6737028492

118558.2741754418 136331.3534288651
111034.3085454683 135851.4273382460
118878.4429256534 135851.4273382460
111034.3085454683 135531.4766111667
118718.3585505476 135531.4766111667
110874.2241703624 135211.5258840873
111514.5616707857 135211.5258840873
119358.6960509709 135051.5505205476
110714.1397952566 134891.5751570079
110874.2241703624 134891.5751570079
111514.5616707857 134891.5751570079
119038.5273007592 134731.5997934683
110233.8866699392 134571.6244299286
110393.9710450450 134571.6244299286
111354.4772956799 134571.6244299286
119838.9491762884 134411.6490663889
110233.8866699392 134251.6737028492
110554.0554201508 134251.6737028492
111034.3085454683 134251.6737028492
110073.8022948333 133931.7229757699
110554.0554201508 133931.7229757699
111034.3085454683 133931.7229757699
110233.8866699392 133611.7722486905
110714.1397952566 133611.7722486905
110393.9710450450 133291.8215216111
110554.0554201508 133291.8215216111
110233.8866699392 132971.8707945317
110393.9710450450 132491.9447039127
117277.5991745952 131052.1664320556
116797.3460492778 130572.2403414365
116957.4304243836 130252.2896143572
116637.2616741720 129932.3388872778
126082.2398054154 127532.7084341825
126402.4085556270 127052.7823435635
126242.3241805212 126732.8316164841
125762.0710552037 126092.9301623254
126082.2398054154 125293.0533446270
126242.3241805212 124973.1026175476
126082.2398054154 124493.1765269286
125762.0710552037 124013.2504363095
126082.2398054154 123693.2997092302
125922.1554303095 123373.3489821508
126402.4085556270 120493.7924384365
126562.4929307328 120173.8417113571
127522.9991813677 119693.9156207381
127683.0835564736 119373.9648936587
128003.2523066852 119054.0141665793

111034.3085454683 135851.4273382460
118878.4429256534 135851.4273382460
111034.3085454683 135531.4766111667
118718.3585505476 135531.4766111667
110874.2241703624 135211.5258840873
111034.3085454683 135211.5258840873
119358.6960509709 135051.5505205476
110714.1397952566 134891.5751570079
110874.2241703624 134891.5751570079
111514.5616707857 134891.5751570079
119038.5273007592 134731.5997934683
110233.8866699392 134571.6244299286
110393.9710450450 134571.6244299286
110554.0554201508 134571.6244299286
110714.1397952566 134571.6244299286
111354.4772956799 134571.6244299286
119838.9491762884 134411.6490663889
110233.8866699392 134251.6737028492
110554.0554201508 134251.6737028492
110874.2241703624 134251.6737028492
111034.3085454683 134251.6737028492
110073.8022948333 133931.7229757699
110393.9710450450 133931.7229757699
110554.0554201508 133931.7229757699
110714.1397952566 133931.7229757699
111034.3085454683 133931.7229757699
110233.8866699392 133611.7722486905
110393.9710450450 133611.7722486905
110554.0554201508 133611.7722486905
110714.1397952566 133611.7722486905
110393.9710450450 133291.8215216111
110554.0554201508 133291.8215216111
110714.1397952566 132971.8707945317
110554.0554201508 132651.9200674524
116797.3460492778 130892.1910685159
116957.4304243836 130572.2403414365
116477.1772990661 130252.2896143572
116957.4304243836 129932.3388872778
128003.2523066852 119054.0141665793
127683.0835564736 119373.9648936587
127522.9991813677 119693.9156207381
126562.4929307328 120173.8417113571
126402.4085556270 120493.7924384365
126082.2398054154 123693.2997092302
125762.0710552037 124013.2504363095
126082.2398054154 124493.1765269286
126242.3241805212 124813.1272540079

118878.4429256534 135851.4273382460
111034.3085454683 135531.4766111667
118718.3585505476 135531.4766111667
110874.2241703624 135211.5258840873
111034.3085454683 135211.5258840873
119358.6960509709 135051.5505205476
110554.0554201508 134891.5751570079
110714.1397952566 134891.5751570079
110874.2241703624 134891.5751570079
111514.5616707857 134891.5751570079
119038.5273007592 134731.5997934683
110233.8866699392 134571.6244299286
110393.9710450450 134571.6244299286
110554.0554201508 134571.6244299286
110714.1397952566 134571.6244299286
111034.3085454683 134571.6244299286
111354.4772956799 134571.6244299286
118878.4429256534 134411.6490663889
110393.9710450450 134251.6737028492
110554.0554201508 134251.6737028492
111034.3085454683 134251.6737028492
111194.3929205741 134251.6737028492
110073.8022948333 133931.7229757699
110393.9710450450 133931.7229757699
110554.0554201508 133931.7229757699
110714.1397952566 133931.7229757699
111034.3085454683 133931.7229757699
110233.8866699392 133611.7722486905
110393.9710450450 133611.7722486905
110554.0554201508 133611.7722486905
110714.1397952566 133611.7722486905
110393.9710450450 133291.8215216111
110554.0554201508 133291.8215216111
110714.1397952566 132971.8707945317
110554.0554201508 132651.9200674524
116797.3460492778 130892.1910685159
116957.4304243836 130572.2403414365
116957.4304243836 130252.2896143572
126242.3241805212 124813.1272540079
126082.2398054154 124493.1765269286
125762.0710552037 124013.2504363095
126082.2398054154 123693.2997092302
128003.2523066852 119054.0141665793
127683.0835564736 119373.9648936587
127522.9991813677 119693.9156207381
126562.4929307328 120173.8417113571
126402.4085556270 120493.7924384365

118878.4429256534 135851.4273382460
111034.3085454683 135531.4766111667
118718.3585505476 135531.4766111667
110874.2241703624 135211.5258840873
111034.3085454683 135211.5258840873
119358.6960509709 135051.5505205476
110554.0554201508 134891.5751570079
110714.1397952566 134891.5751570079
110874.2241703624 134891.5751570079
111514.5616707857 134891.5751570079
119038.5273007592 134731.5997934683
110233.8866699392 134571.6244299286
110393.9710450450 134571.6244299286
110554.0554201508 134571.6244299286
110714.1397952566 134571.6244299286
111354.4772956799 134571.6244299286
118878.4429256534 134411.6490663889
110233.8866699392 134251.6737028492
110393.9710450450 134251.6737028492
110554.0554201508 134251.6737028492
111034.3085454683 134251.6737028492
111194.3929205741 134251.6737028492
110073.8022948333 133931.7229757699
110393.9710450450 133931.7229757699
110554.0554201508 133931.7229757699
110714.1397952566 133931.7229757699
111034.3085454683 133931.7229757699
110233.8866699392 133611.7722486905
110393.9710450450 133611.7722486905
110554.0554201508 133611.7722486905
110714.1397952566 133611.7722486905
110393.9710450450 133291.8215216111
110554.0554201508 133291.8215216111
110714.1397952566 132971.8707945317
110554.0554201508 132651.9200674524
116797.3460492778 130892.1910685159
116957.4304243836 130572.2403414365
116957.4304243836 130252.2896143572
128003.2523066852 119054.0141665793
127683.0835564736 119373.9648936587
127522.9991813677 119693.9156207381
126562.4929307328 120173.8417113571
126402.4085556270 120493.7924384365
125922.1554303095 123373.3489821508
126082.2398054154 123693.2997092302
125762.0710552037 124013.2504363095
126082.2398054154 124493.1765269286

118878.4429256534 135851.4273382460
111034.3085454683 135531.4766111667
118718.3585505476 135531.4766111667
110874.2241703624 135211.5258840873
111034.3085454683 135211.5258840873
119358.6960509709 135051.5505205476
110554.0554201508 134891.5751570079
110714.1397952566 134891.5751570079
110874.2241703624 134891.5751570079
111514.5616707857 134891.5751570079
119038.5273007592 134731.5997934683
110233.8866699392 134571.6244299286
110393.9710450450 134571.6244299286
110554.0554201508 134571.6244299286
110714.1397952566 134571.6244299286
111034.3085454683 134571.6244299286
111354.4772956799 134571.6244299286
118878.4429256534 134411.6490663889
110233.8866699392 134251.6737028492
110393.9710450450 134251.6737028492
110554.0554201508 134251.6737028492
111034.3085454683 134251.6737028492
111194.3929205741 134251.6737028492
110073.8022948333 133931.7229757699
110393.9710450450 133931.7229757699
110554.0554201508 133931.7229757699
110714.1397952566 133931.7229757699
111034.3085454683 133931.7229757699
110233.8866699392 133611.7722486905
110393.9710450450 133611.7722486905
110554.0554201508 133611.7722486905
110714.1397952566 133611.7722486905
111194.3929205741 133611.7722486905
110393.9710450450 133291.8215216111
110554.0554201508 133291.8215216111
128003.2523066852 119054.0141665793
127683.0835564736 119373.9648936587
127522.9991813677 119693.9156207381
126562.4929307328 120173.8417113571
126402.4085556270 120493.7924384365
126082.2398054154 123693.2997092302
125762.0710552037 124013.2504363095
126082.2398054154 124493.1765269286
116957.4304243836 130252.2896143572
116957.4304243836 130572.2403414365
116797.3460492778 130892.1910685159
110714.1397952566 132971.8707945317

118878.4429256534 135851.4273382460
111034.3085454683 135531.4766111667
118718.3585505476 135531.4766111667
110874.2241703624 135211.5258840873
111034.3085454683 135211.5258840873
119358.6960509709 135051.5505205476
110554.0554201508 134891.5751570079
110874.2241703624 134891.5751570079
111514.5616707857 134891.5751570079
119038.5273007592 134731.5997934683
110233.8866699392 134571.6244299286
110393.9710450450 134571.6244299286
110554.0554201508 134571.6244299286
110714.1397952566 134571.6244299286
111034.3085454683 134571.6244299286
111354.4772956799 134571.6244299286
118878.4429256534 134411.6490663889
110233.8866699392 134251.6737028492
110393.9710450450 134251.6737028492
110554.0554201508 134251.6737028492
111034.3085454683 134251.6737028492
111194.3929205741 134251.6737028492
110073.8022948333 133931.7229757699
110393.9710450450 133931.7229757699
110554.0554201508 133931.7229757699
110714.1397952566 133931.7229757699
111034.3085454683 133931.7229757699
110233.8866699392 133611.7722486905
110393.9710450450 133611.7722486905
110554.0554201508 133611.7722486905
110714.1397952566 133611.7722486905
110554.0554201508 133291.8215216111
110714.1397952566 132971.8707945317
110554.0554201508 132651.9200674524
116797.3460492778 130892.1910685159
116957.4304243836 130572.2403414365
116957.4304243836 130252.2896143572
117277.5991745952 129932.3388872778
128003.2523066852 119054.0141665793
127683.0835564736 119373.9648936587
127522.9991813677 119693.9156207381
126562.4929307328 120173.8417113571
126402.4085556270 120493.7924384365
126082.2398054154 123693.2997092302
125762.0710552037 124013.2504363095
126082.2398054154 124493.1765269286
110393.9710450450 133291.8215216111

118398.1898003360 136651.3041559445
118558.2741754418 136331.3534288651
111034.3085454683 135851.4273382460
118878.4429256534 135851.4273382460
111034.3085454683 135531.4766111667
118718.3585505476 135531.4766111667
110874.2241703624 135211.5258840873
119358.6960509709 135051.5505205476
110714.1397952566 134891.5751570079
119038.5273007592 134731.5997934683
110554.0554201508 134571.6244299286
111674.6460458915 134571.6244299286
110554.0554201508 134251.6737028492
111194.3929205741 134251.6737028492
119198.6116758651 134251.6737028492
110073.8022948333 133931.7229757699
111034.3085454683 133931.7229757699
110233.8866699392 133611.7722486905
110714.1397952566 133611.7722486905
110554.0554201508 133291.8215216111
110233.8866699392 132971.8707945317
110393.9710450450 132491.9447039127
117277.5991745952 131372.1171591349
117277.5991745952 131052.1664320556
116797.3460492778 130572.2403414365
116477.1772990661 130252.2896143572
116637.2616741720 129932.3388872778
117117.5147994894 129612.3881601984
126082.2398054154 127532.7084341825
126402.4085556270 127052.7823435635
126242.3241805212 126732.8316164841
125922.1554303095 126252.9055258651
126402.4085556270 125932.9547987857
125762.0710552037 125453.0287081667
126242.3241805212 125133.0779810873
125601.9866800979 124813.1272540079
125601.9866800979 124333.2011633889
125762.0710552037 124013.2504363095
126082.2398054154 123693.2997092302
128003.2523066852 119054.0141665793
127683.0835564736 119373.9648936587
127522.9991813677 119693.9156207381
126562.4929307328 120173.8417113571
126402.4085556270 120493.7924384365
126082.2398054154 120973.7185290556
125762.0710552037 121293.6692561349
125922.1554303095 123373.3489821508

118878.4429256534 135851.4273382460
111034.3085454683 135531.4766111667
118718.3585505476 135531.4766111667
110874.2241703624 135211.5258840873
111034.3085454683 135211.5258840873
119358.6960509709 135051.5505205476
110554.0554201508 134891.5751570079
110714.1397952566 134891.5751570079
110874.2241703624 134891.5751570079
111514.5616707857 134891.5751570079
119038.5273007592 134731.5997934683
110233.8866699392 134571.6244299286
110393.9710450450 134571.6244299286
110554.0554201508 134571.6244299286
110714.1397952566 134571.6244299286
111034.3085454683 134571.6244299286
111354.4772956799 134571.6244299286
118878.4429256534 134411.6490663889
110233.8866699392 134251.6737028492
110393.9710450450 134251.6737028492
110554.0554201508 134251.6737028492
111034.3085454683 134251.6737028492
111194.3929205741 134251.6737028492
110073.8022948333 133931.7229757699
110393.9710450450 133931.7229757699
110554.0554201508 133931.7229757699
110714.1397952566 133931.7229757699
111034.3085454683 133931.7229757699
110233.8866699392 133611.7722486905
110393.9710450450 133611.7722486905
110554.0554201508 133611.7722486905
110714.1397952566 133611.7722486905
110554.0554201508 133291.8215216111
110714.1397952566 132971.8707945317
110554.0554201508 132651.9200674524
116797.3460492778 130892.1910685159
128003.2523066852 119054.0141665793
127683.0835564736 119373.9648936587
127522.9991813677 119693.9156207381
126562.4929307328 120173.8417113571
126402.4085556270 120493.7924384365
126082.2398054154 123693.2997092302
125762.0710552037 124013.2504363095
126082.2398054154 124493.1765269286
116957.4304243836 130252.2896143572
116957.4304243836 130572.2403414365
110393.9710450450 133291.8215216111

118558.2741754418 136331.3534288651
111034.3085454683 135851.4273382460
118878.4429256534 135851.4273382460
111034.3085454683 135531.4766111667
118718.3585505476 135531.4766111667
110874.2241703624 135211.5258840873
111514.5616707857 135211.5258840873
119358.6960509709 135051.5505205476
110714.1397952566 134891.5751570079
110874.2241703624 134891.5751570079
111514.5616707857 134891.5751570079
119038.5273007592 134731.5997934683
110233.8866699392 134571.6244299286
110393.9710450450 134571.6244299286
111354.4772956799 134571.6244299286
119838.9491762884 134411.6490663889
110233.8866699392 134251.6737028492
110554.0554201508 134251.6737028492
111034.3085454683 134251.6737028492
110073.8022948333 133931.7229757699
110554.0554201508 133931.7229757699
111034.3085454683 133931.7229757699
128003.2523066852 119054.0141665793
127683.0835564736 119373.9648936587
127522.9991813677 119693.9156207381
126562.4929307328 120173.8417113571
126402.4085556270 120493.7924384365
125922.1554303095 123373.3489821508
126082.2398054154 123693.2997092302
125762.0710552037 124013.2504363095
126082.2398054154 124493.1765269286
126242.3241805212 124973.1026175476
126082.2398054154 125293.0533446270
125762.0710552037 126092.9301623254
126242.3241805212 126732.8316164841
126402.4085556270 127052.7823435635
126082.2398054154 127532.7084341825
116957.4304243836 129932.3388872778
116477.1772990661 130252.2896143572
116797.3460492778 130572.2403414365
110393.9710450450 132491.9447039127
110233.8866699392 132971.8707945317
110554.0554201508 133291.8215216111
110393.9710450450 133291.8215216111
110714.1397952566 133611.7722486905
110554.0554201508 133611.7722486905
110233.8866699392 133611.7722486905

118878.4429256534 135851.4273382460
111034.3085454683 135531.4766111667
118718.3585505476 135531.4766111667
110874.2241703624 135211.5258840873
111034.3085454683 135211.5258840873
119358.6960509709 135051.5505205476
110554.0554201508 134891.5751570079
110714.1397952566 134891.5751570079
110874.2241703624 134891.5751570079
111514.5616707857 134891.5751570079
119038.5273007592 134731.5997934683
110233.8866699392 134571.6244299286
110393.9710450450 134571.6244299286
110554.0554201508 134571.6244299286
110714.1397952566 134571.6244299286
111034.3085454683 134571.6244299286
111354.4772956799 134571.6244299286
118878.4429256534 134411.6490663889
110233.8866699392 134251.6737028492
110393.9710450450 134251.6737028492
110554.0554201508 134251.6737028492
111034.3085454683 134251.6737028492
111194.3929205741 134251.6737028492
110073.8022948333 133931.7229757699
110393.9710450450 133931.7229757699
110554.0554201508 133931.7229757699
110714.1397952566 133931.7229757699
111034.3085454683 133931.7229757699
110393.9710450450 133611.7722486905
110554.0554201508 133611.7722486905
110714.1397952566 133611.7722486905
110393.9710450450 133291.8215216111
110554.0554201508 133291.8215216111
110714.1397952566 132971.8707945317
128003.2523066852 119054.0141665793
127683.0835564736 119373.9648936587
127522.9991813677 119693.9156207381
126562.4929307328 120173.8417113571
126402.4085556270 120493.7924384365
126082.2398054154 123693.2997092302
125762.0710552037 124013.2504363095
126082.2398054154 124493.1765269286
126242.3241805212 124973.1026175476
116957.4304243836 129932.3388872778
116477.1772990661 130252.2896143572
116957.4304243836 130572.2403414365
116797.3460492778 130892.1910685159

118398.1898003360 136651.3041559445
118558.2741754418 136331.3534288651
111034.3085454683 135851.4273382460
118878.4429256534 135851.4273382460
111034.3085454683 135531.4766111667
118718.3585505476 135531.4766111667
110874.2241703624 135211.5258840873
119358.6960509709 135051.5505205476
110714.1397952566 134891.5751570079
119038.5273007592 134731.5997934683
110554.0554201508 134571.6244299286
111674.6460458915 134571.6244299286
110554.0554201508 134251.6737028492
111194.3929205741 134251.6737028492
110073.8022948333 133931.7229757699
111034.3085454683 133931.7229757699
110233.8866699392 133611.7722486905
110714.1397952566 133611.7722486905
110554.0554201508 133291.8215216111
110233.8866699392 132971.8707945317
110393.9710450450 132491.9447039127
117277.5991745952 131372.1171591349
117277.5991745952 131052.1664320556
116797.3460492778 130572.2403414365
116477.1772990661 130252.2896143572
116637.2616741720 129932.3388872778
117117.5147994894 129612.3881601984
126082.2398054154 127532.7084341825
126402.4085556270 127052.7823435635
126242.3241805212 126732.8316164841
125922.1554303095 126252.9055258651
126402.4085556270 125932.9547987857
125762.0710552037 125453.0287081667
126242.3241805212 125133.0779810873
125601.9866800979 124813.1272540079
125601.9866800979 124333.2011633889
125762.0710552037 124013.2504363095
126082.2398054154 123693.2997092302
125922.1554303095 123373.3489821508
125762.0710552037 122573.4721644524
125762.0710552037 121293.6692561349
126082.2398054154 120973.7185290556
126082.2398054154 120653.7678019762
128003.2523066852 119054.0141665793
127683.0835564736 119373.9648936587
127522.9991813677 119693.9156207381
126562.4929307328 120173.8417113571

118878.4429256534 135851.4273382460
111034.3085454683 135531.4766111667
118718.3585505476 135531.4766111667
111034.3085454683 135211.5258840873
111514.5616707857 135211.5258840873
119358.6960509709 135051.5505205476
110393.9710450450 134891.5751570079
110714.1397952566 134891.5751570079
110874.2241703624 134891.5751570079
111514.5616707857 134891.5751570079
119038.5273007592 134731.5997934683
110233.8866699392 134571.6244299286
110393.9710450450 134571.6244299286
110554.0554201508 134571.6244299286
110714.1397952566 134571.6244299286
111034.3085454683 134571.6244299286
111354.4772956799 134571.6244299286
111834.7304209973 134571.6244299286
119678.8648011825 134411.6490663889
110073.8022948333 134251.6737028492
110233.8866699392 134251.6737028492
110393.9710450450 134251.6737028492
110554.0554201508 134251.6737028492
110874.2241703624 134251.6737028492
111034.3085454683 134251.6737028492
111194.3929205741 134251.6737028492
110073.8022948333 133931.7229757699
110393.9710450450 133931.7229757699
110554.0554201508 133931.7229757699
110874.2241703624 133931.7229757699
111034.3085454683 133931.7229757699
110233.8866699392 133611.7722486905
110554.0554201508 133611.7722486905
110714.1397952566 133611.7722486905
110393.9710450450 133291.8215216111
110714.1397952566 132971.8707945317
110554.0554201508 132651.9200674524
116957.4304243836 130572.2403414365
116957.4304243836 130252.2896143572
128003.2523066852 119054.0141665793
127683.0835564736 119373.9648936587
127522.9991813677 119693.9156207381
126562.4929307328 120173.8417113571
126082.2398054154 120653.7678019762
125762.0710552037 124013.2504363095
126082.2398054154 124493.1765269286
110554.0554201508 133291.8215216111

111194.3929205741 135531.4766111667
118718.3585505476 135531.4766111667
111034.3085454683 135211.5258840873
111514.5616707857 135211.5258840873
119358.6960509709 135051.5505205476
110393.9710450450 134891.5751570079
110714.1397952566 134891.5751570079
110874.2241703624 134891.5751570079
111514.5616707857 134891.5751570079
119038.5273007592 134731.5997934683
110233.8866699392 134571.6244299286
110393.9710450450 134571.6244299286
110554.0554201508 134571.6244299286
110714.1397952566 134571.6244299286
111034.3085454683 134571.6244299286
111354.4772956799 134571.6244299286
119678.8648011825 134411.6490663889
110233.8866699392 134251.6737028492
110393.9710450450 134251.6737028492
110554.0554201508 134251.6737028492
110874.2241703624 134251.6737028492
111034.3085454683 134251.6737028492
111194.3929205741 134251.6737028492
110073.8022948333 133931.7229757699
110393.9710450450 133931.7229757699
110714.1397952566 133931.7229757699
110874.2241703624 133931.7229757699
111034.3085454683 133931.7229757699
110233.8866699392 133611.7722486905
110554.0554201508 133611.7722486905
110714.1397952566 133611.7722486905
110393.9710450450 133291.8215216111
110554.0554201508 133291.8215216111
110393.9710450450 132971.8707945317
110714.1397952566 132971.8707945317
110554.0554201508 132651.9200674524
116797.3460492778 130892.1910685159
116957.4304243836 130572.2403414365
116957.4304243836 130252.2896143572
126082.2398054154 124493.1765269286
125762.0710552037 124013.2504363095
126082.2398054154 123693.2997092302
126402.4085556270 120493.7924384365
126562.4929307328 120173.8417113571
127522.9991813677 119693.9156207381
127683.0835564736 119373.9648936587
128003.2523066852 119054.0141665793

118878.4429256534 135851.4273382460
111034.3085454683 135531.4766111667
118718.3585505476 135531.4766111667
110874.2241703624 135211.5258840873
111034.3085454683 135211.5258840873
119358.6960509709 135051.5505205476
110554.0554201508 134891.5751570079
110714.1397952566 134891.5751570079
110874.2241703624 134891.5751570079
111514.5616707857 134891.5751570079
119038.5273007592 134731.5997934683
110233.8866699392 134571.6244299286
110393.9710450450 134571.6244299286
110554.0554201508 134571.6244299286
110714.1397952566 134571.6244299286
111034.3085454683 134571.6244299286
111354.4772956799 134571.6244299286
118878.4429256534 134411.6490663889
110233.8866699392 134251.6737028492
110393.9710450450 134251.6737028492
110554.0554201508 134251.6737028492
111034.3085454683 134251.6737028492
111194.3929205741 134251.6737028492
110073.8022948333 133931.7229757699
110393.9710450450 133931.7229757699
110554.0554201508 133931.7229757699
110714.1397952566 133931.7229757699
111034.3085454683 133931.7229757699
110233.8866699392 133611.7722486905
110393.9710450450 133611.7722486905
110554.0554201508 133611.7722486905
110714.1397952566 133611.7722486905
110393.9710450450 133291.8215216111
110554.0554201508 133291.8215216111
110714.1397952566 132971.8707945317
116797.3460492778 130892.1910685159
116957.4304243836 130572.2403414365
116477.1772990661 130252.2896143572
126402.4085556270 124813.1272540079
126082.2398054154 124493.1765269286
125762.0710552037 124013.2504363095
126082.2398054154 123693.2997092302
128003.2523066852 119054.0141665793
127683.0835564736 119373.9648936587
127522.9991813677 119693.9156207381
126562.4929307328 120173.8417113571
126402.4085556270 120493.7924384365

111034.3085454683 135531.4766111667
118718.3585505476 135531.4766111667
111034.3085454683 135211.5258840873
111514.5616707857 135211.5258840873
119358.6960509709 135051.5505205476
110393.9710450450 134891.5751570079
110714.1397952566 134891.5751570079
110874.2241703624 134891.5751570079
111514.5616707857 134891.5751570079
119038.5273007592 134731.5997934683
110233.8866699392 134571.6244299286
110393.9710450450 134571.6244299286
110554.0554201508 134571.6244299286
110714.1397952566 134571.6244299286
111034.3085454683 134571.6244299286
111354.4772956799 134571.6244299286
119678.8648011825 134411.6490663889
110233.8866699392 134251.6737028492
110393.9710450450 134251.6737028492
110554.0554201508 134251.6737028492
110874.2241703624 134251.6737028492
111034.3085454683 134251.6737028492
111194.3929205741 134251.6737028492
110073.8022948333 133931.7229757699
110393.9710450450 133931.7229757699
110714.1397952566 133931.7229757699
110874.2241703624 133931.7229757699
111034.3085454683 133931.7229757699
110233.8866699392 133611.7722486905
110554.0554201508 133611.7722486905
110714.1397952566 133611.7722486905
110393.9710450450 133291.8215216111
110554.0554201508 133291.8215216111
110393.9710450450 132971.8707945317
110714.1397952566 132971.8707945317
110554.0554201508 132651.9200674524
116797.3460492778 130892.1910685159
116957.4304243836 130572.2403414365
116957.4304243836 130252.2896143572
126082.2398054154 124493.1765269286
125762.0710552037 124013.2504363095
126082.2398054154 123693.2997092302
126402.4085556270 120493.7924384365
126562.4929307328 120173.8417113571
127522.9991813677 119693.9156207381
127683.0835564736 119373.9648936587
128003.2523066852 119054.0141665793

111034.3085454683 135531.4766111667
118718.3585505476 135531.4766111667
111034.3085454683 135211.5258840873
111514.5616707857 135211.5258840873
119358.6960509709 135051.5505205476
110393.9710450450 134891.5751570079
110714.1397952566 134891.5751570079
110874.2241703624 134891.5751570079
111514.5616707857 134891.5751570079
119038.5273007592 134731.5997934683
110233.8866699392 134571.6244299286
110393.9710450450 134571.6244299286
110554.0554201508 134571.6244299286
110714.1397952566 134571.6244299286
111034.3085454683 134571.6244299286
111354.4772956799 134571.6244299286
119678.8648011825 134411.6490663889
110233.8866699392 134251.6737028492
110393.9710450450 134251.6737028492
110554.0554201508 134251.6737028492
110874.2241703624 134251.6737028492
111034.3085454683 134251.6737028492
111194.3929205741 134251.6737028492
128003.2523066852 119054.0141665793
127683.0835564736 119373.9648936587
127362.9148062619 119853.8909842778
126562.4929307328 120173.8417113571
126082.2398054154 120653.7678019762
126082.2398054154 123693.2997092302
125762.0710552037 124013.2504363095
126082.2398054154 124493.1765269286
126402.4085556270 124813.1272540079
116477.1772990661 130252.2896143572
116957.4304243836 130572.2403414365
116797.3460492778 130892.1910685159
110714.1397952566 132971.8707945317
110554.0554201508 133291.8215216111
110393.9710450450 133291.8215216111
110714.1397952566 133611.7722486905
110554.0554201508 133611.7722486905
110393.9710450450 133611.7722486905
110233.8866699392 133611.7722486905
111034.3085454683 133931.7229757699
110714.1397952566 133931.7229757699
110554.0554201508 133931.7229757699
110393.9710450450 133931.7229757699
110073.8022948333 133931.7229757699

128483.5054320027 118734.0634395000
128163.3366817910 119054.0141665793
127683.0835564736 119373.9648936587
127683.0835564736 119693.9156207381
126562.4929307328 120173.8417113571
126082.2398054154 120653.7678019762
126082.2398054154 120973.7185290556
125762.0710552037 121293.6692561349
125762.0710552037 121613.6199832143
125601.9866800979 121933.5707102936
125441.9023049921 122573.4721644524
125922.1554303095 122893.4228915318
125441.9023049921 123373.3489821508
126082.2398054154 123693.2997092302
125762.0710552037 124013.2504363095
126082.2398054154 124333.2011633889
125601.9866800979 124813.1272540079
126242.3241805212 125133.0779810873
125762.0710552037 125453.0287081667
126402.4085556270 125932.9547987857
125922.1554303095 126252.9055258651
125601.9866800979 126732.8316164841
125922.1554303095 127052.7823435635
126082.2398054154 127532.7084341825
125762.0710552037 128012.6345248016
117277.5991745952 129292.4374331190
116477.1772990661 129772.3635237381
117117.5147994894 130092.3142508174
116957.4304243836 130412.2649778968
115836.8397986429 130732.2157049762
116637.2616741720 131052.1664320556
110393.9710450450 132491.9447039127
119518.7804260767 131372.1171591349
110554.0554201508 133291.8215216111
110554.0554201508 133611.7722486905
119358.6960509709 135531.4766111667
119038.5273007592 136331.3534288651
118238.1054252302 136651.3041559445
118878.4429256534 137131.2302465635
116637.2616741720 137451.1809736429
116477.1772990661 137771.1317007222
116797.3460492778 138091.0824278016
116637.2616741720 138411.0331548809
116797.3460492778 138730.9838819603
115356.5866733254 139050.9346090397
115196.5022982196 139370.8853361191
116157.0085488545 139850.8114267381

116637.2616741720 138411.0331548809
116157.0085488545 138091.0824278016
116477.1772990661 137771.1317007222
118078.0210501243 137451.1809736429
115996.9241737487 139370.8853361191
118238.1054252302 136651.3041559445
119038.5273007592 136331.3534288651
119358.6960509709 135531.4766111667
110714.1397952566 134891.5751570079
110554.0554201508 134571.6244299286
110233.8866699392 134251.6737028492
111034.3085454683 133931.7229757699
110554.0554201508 133611.7722486905
110554.0554201508 133291.8215216111
111194.3929205741 132811.8954309921
110393.9710450450 132491.9447039127
116637.2616741720 131052.1664320556
115836.8397986429 130732.2157049762
116957.4304243836 130412.2649778968
117117.5147994894 130092.3142508174
116477.1772990661 129772.3635237381
117277.5991745952 129292.4374331190
125762.0710552037 128012.6345248016
126082.2398054154 127532.7084341825
125922.1554303095 127052.7823435635
125601.9866800979 126732.8316164841
125922.1554303095 126252.9055258651
126402.4085556270 125932.9547987857
125762.0710552037 125453.0287081667
126242.3241805212 125133.0779810873
125601.9866800979 124813.1272540079
126082.2398054154 124333.2011633889
125762.0710552037 124013.2504363095
126082.2398054154 123693.2997092302
125441.9023049921 123373.3489821508
125922.1554303095 122893.4228915318
125441.9023049921 122573.4721644524
125601.9866800979 121933.5707102936
125762.0710552037 121613.6199832143
125762.0710552037 121293.6692561349
126082.2398054154 120973.7185290556
126082.2398054154 120653.7678019762
126562.4929307328 120173.8417113571
127683.0835564736 119693.9156207381
127683.0835564736 119373.9648936587
128163.3366817910 119054.0141665793
128483.5054320027 118734.0634395000

111034.3085454683 135531.4766111667
118718.3585505476 135531.4766111667
128483.5054320027 118734.0634395000
128163.3366817910 119054.0141665793
127683.0835564736 119373.9648936587
127683.0835564736 119693.9156207381
126562.4929307328 120173.8417113571
126082.2398054154 120653.7678019762
126082.2398054154 120973.7185290556
125762.0710552037 121293.6692561349
125762.0710552037 121613.6199832143
125601.9866800979 121933.5707102936
125441.9023049921 122573.4721644524
125922.1554303095 122893.4228915318
125441.9023049921 123373.3489821508
126082.2398054154 123693.2997092302
125762.0710552037 124013.2504363095
126082.2398054154 124333.2011633889
125601.9866800979 124813.1272540079
126242.3241805212 125133.0779810873
125762.0710552037 125453.0287081667
126402.4085556270 125932.9547987857
125922.1554303095 126252.9055258651
125601.9866800979 126732.8316164841
125922.1554303095 127052.7823435635
126082.2398054154 127532.7084341825
125762.0710552037 128012.6345248016
117277.5991745952 129292.4374331190
116477.1772990661 129772.3635237381
117117.5147994894 130092.3142508174
116957.4304243836 130412.2649778968
115836.8397986429 130732.2157049762
116637.2616741720 131052.1664320556
110393.9710450450 132491.9447039127
111194.3929205741 132811.8954309921
110554.0554201508 133291.8215216111
110554.0554201508 133611.7722486905
111034.3085454683 133931.7229757699
110233.8866699392 134251.6737028492
110554.0554201508 134571.6244299286
110714.1397952566 134891.5751570079
110874.2241703624 135211.5258840873
118878.4429256534 135851.4273382460
111034.3085454683 135851.4273382460
118558.2741754418 136331.3534288651
118398.1898003360 136651.3041559445
116157.0085488545 138091.0824278016

128483.5054320027 118734.0634395000
128163.3366817910 119054.0141665793
127683.0835564736 119373.9648936587
127683.0835564736 119693.9156207381
126562.4929307328 120173.8417113571
126082.2398054154 120653.7678019762
126082.2398054154 120973.7185290556
125762.0710552037 121293.6692561349
125762.0710552037 121613.6199832143
125601.9866800979 121933.5707102936
125441.9023049921 122573.4721644524
125922.1554303095 122893.4228915318
125441.9023049921 123373.3489821508
126082.2398054154 123693.2997092302
125762.0710552037 124013.2504363095
126082.2398054154 124333.2011633889
125601.9866800979 124813.1272540079
126242.3241805212 125133.0779810873
125762.0710552037 125453.0287081667
126402.4085556270 125932.9547987857
125922.1554303095 126252.9055258651
125601.9866800979 126732.8316164841
125922.1554303095 127052.7823435635
126082.2398054154 127532.7084341825
125762.0710552037 128012.6345248016
117277.5991745952 129292.4374331190
117117.5147994894 130092.3142508174
116957.4304243836 130412.2649778968
115836.8397986429 130732.2157049762
116637.2616741720 131052.1664320556
110393.9710450450 132491.9447039127
111194.3929205741 132811.8954309921
110554.0554201508 133291.8215216111
110554.0554201508 133611.7722486905
111034.3085454683 133931.7229757699
110233.8866699392 134251.6737028492
110554.0554201508 134571.6244299286
110714.1397952566 134891.5751570079
110874.2241703624 135211.5258840873
118718.3585505476 135531.4766111667
111034.3085454683 135531.4766111667
117117.5147994894 129612.3881601984
111034.3085454683 135851.4273382460
118558.2741754418 136331.3534288651
118398.1898003360 136651.3041559445
116157.0085488545 138091.0824278016
116637.2616741720 138411.0331548809

118558.2741754418 136331.3534288651
128483.5054320027 118734.0634395000
128163.3366817910 119054.0141665793
127683.0835564736 119373.9648936587
127683.0835564736 119693.9156207381
126562.4929307328 120173.8417113571
126082.2398054154 120653.7678019762
126082.2398054154 120973.7185290556
125762.0710552037 121293.6692561349
125762.0710552037 121613.6199832143
125601.9866800979 121933.5707102936
125441.9023049921 122573.4721644524
125922.1554303095 122893.4228915318
125441.9023049921 123373.3489821508
126082.2398054154 123693.2997092302
125762.0710552037 124013.2504363095
126082.2398054154 124333.2011633889
125601.9866800979 124813.1272540079
126242.3241805212 125133.0779810873
125762.0710552037 125453.0287081667
126402.4085556270 125932.9547987857
125922.1554303095 126252.9055258651
125601.9866800979 126732.8316164841
125922.1554303095 127052.7823435635
126082.2398054154 127532.7084341825
125762.0710552037 128012.6345248016
117277.5991745952 129292.4374331190
117117.5147994894 130092.3142508174
116957.4304243836 130412.2649778968
115836.8397986429 130732.2157049762
116637.2616741720 131052.1664320556
110393.9710450450 132491.9447039127
111194.3929205741 132811.8954309921
110554.0554201508 133291.8215216111
110554.0554201508 133611.7722486905
111034.3085454683 133931.7229757699
110233.8866699392 134251.6737028492
110554.0554201508 134571.6244299286
110714.1397952566 134891.5751570079
110874.2241703624 135211.5258840873
118718.3585505476 135531.4766111667
111034.3085454683 135531.4766111667
116477.1772990661 137771.1317007222
116157.0085488545 138091.0824278016
116637.2616741720 138411.0331548809
116797.3460492778 138730.9838819603
115356.5866733254 139050.9346090397

118558.2741754418 136331.3534288651
111034.3085454683 135851.4273382460
118878.4429256534 135851.4273382460
111034.3085454683 135531.4766111667
118718.3585505476 135531.4766111667
110874.2241703624 135211.5258840873
119358.6960509709 135051.5505205476
110714.1397952566 134891.5751570079
111514.5616707857 134891.5751570079
119038.5273007592 134731.5997934683
110073.8022948333 134571.6244299286
110554.0554201508 134571.6244299286
111674.6460458915 134571.6244299286
110233.8866699392 134251.6737028492
110554.0554201508 134251.6737028492
111194.3929205741 134251.6737028492
110073.8022948333 133931.7229757699
110554.0554201508 133931.7229757699
111034.3085454683 133931.7229757699
110233.8866699392 133611.7722486905
110714.1397952566 133611.7722486905
110874.2241703624 133291.8215216111
110233.8866699392 132971.8707945317
110393.9710450450 132491.9447039127
117277.5991745952 131052.1664320556
116797.3460492778 130572.2403414365
116477.1772990661 130252.2896143572
116637.2616741720 129932.3388872778
126082.2398054154 127532.7084341825
126402.4085556270 127052.7823435635
126242.3241805212 126732.8316164841
125922.1554303095 126252.9055258651
126402.4085556270 125932.9547987857
125762.0710552037 125453.0287081667
126242.3241805212 125133.0779810873
125601.9866800979 124813.1272540079
125601.9866800979 124333.2011633889
125762.0710552037 124013.2504363095
126082.2398054154 123693.2997092302
125922.1554303095 123373.3489821508
125762.0710552037 121293.6692561349
126082.2398054154 120973.7185290556
126082.2398054154 120653.7678019762
126562.4929307328 120173.8417113571
127683.0835564736 119693.9156207381
127683.0835564736 119373.9648936587
128003.2523066852 119054.0141665793

118398.1898003360 136651.3041559445
118558.2741754418 136331.3534288651
111034.3085454683 135851.4273382460
118878.4429256534 135851.4273382460
111034.3085454683 135531.4766111667
118718.3585505476 135531.4766111667
110874.2241703624 135211.5258840873
119358.6960509709 135051.5505205476
110714.1397952566 134891.5751570079
119038.5273007592 134731.5997934683
110554.0554201508 134571.6244299286
111674.6460458915 134571.6244299286
118878.4429256534 134411.6490663889
110554.0554201508 134251.6737028492
110073.8022948333 133931.7229757699
111034.3085454683 133931.7229757699
110233.8866699392 133611.7722486905
110554.0554201508 133291.8215216111
110233.8866699392 132971.8707945317
110393.9710450450 132491.9447039127
128003.2523066852 119054.0141665793
127683.0835564736 119373.9648936587
127683.0835564736 119693.9156207381
126562.4929307328 120173.8417113571
126082.2398054154 120653.7678019762
126082.2398054154 120973.7185290556
125762.0710552037 121293.6692561349
125922.1554303095 123373.3489821508
126082.2398054154 123693.2997092302
125762.0710552037 124013.2504363095
125601.9866800979 124333.2011633889
125601.9866800979 124813.1272540079
126242.3241805212 125133.0779810873
125762.0710552037 125453.0287081667
126402.4085556270 125932.9547987857
125922.1554303095 126252.9055258651
126242.3241805212 126732.8316164841
126402.4085556270 127052.7823435635
126082.2398054154 127532.7084341825
117117.5147994894 129612.3881601984
116637.2616741720 129932.3388872778
116477.1772990661 130252.2896143572
116797.3460492778 130572.2403414365
117277.5991745952 131052.1664320556
117277.5991745952 131372.1171591349
110714.1397952566 133611.7722486905
111194.3929205741 134251.6737028492

128483.5054320027 118734.0634395000
128163.3366817910 119054.0141665793
127683.0835564736 119373.9648936587
127683.0835564736 119693.9156207381
126562.4929307328 120173.8417113571
126082.2398054154 120653.7678019762
126082.2398054154 120973.7185290556
125762.0710552037 121293.6692561349
125762.0710552037 121613.6199832143
125601.9866800979 121933.5707102936
125441.9023049921 122573.4721644524
125922.1554303095 122893.4228915318
125441.9023049921 123373.3489821508
126082.2398054154 123693.2997092302
125762.0710552037 124013.2504363095
126082.2398054154 124333.2011633889
125601.9866800979 124813.1272540079
126242.3241805212 125133.0779810873
125762.0710552037 125453.0287081667
126402.4085556270 125932.9547987857
125922.1554303095 126252.9055258651
125601.9866800979 126732.8316164841
125922.1554303095 127052.7823435635
126082.2398054154 127532.7084341825
125762.0710552037 128012.6345248016
120319.2023016058 128492.5606154207
116797.3460492778 129292.4374331190
117117.5147994894 130092.3142508174
116957.4304243836 130412.2649778968
115836.8397986429 130732.2157049762
116637.2616741720 131052.1664320556
116797.3460492778 137611.1563371825
110393.9710450450 132491.9447039127
110874.2241703624 132971.8707945317
110554.0554201508 133291.8215216111
110554.0554201508 133611.7722486905
110073.8022948333 133931.7229757699
110233.8866699392 134251.6737028492
110554.0554201508 134571.6244299286
110714.1397952566 134891.5751570079
110874.2241703624 135211.5258840873
118718.3585505476 135531.4766111667
111034.3085454683 135531.4766111667
118398.1898003360 136011.4027017857
118558.2741754418 136331.3534288651
118398.1898003360 136651.3041559445
115996.9241737487 138730.9838819603

115356.5866733254 139050.9346090397
116797.3460492778 138730.9838819603
116637.2616741720 138411.0331548809
116157.0085488545 138091.0824278016
117437.6835497011 137451.1809736429
118878.4429256534 137131.2302465635
118238.1054252302 136651.3041559445
119038.5273007592 136331.3534288651
119358.6960509709 135531.4766111667
110714.1397952566 134891.5751570079
110554.0554201508 134571.6244299286
110233.8866699392 134251.6737028492
110554.0554201508 133931.7229757699
110554.0554201508 133611.7722486905
110554.0554201508 133291.8215216111
111194.3929205741 132811.8954309921
110393.9710450450 132491.9447039127
116637.2616741720 131052.1664320556
115836.8397986429 130732.2157049762
116957.4304243836 130412.2649778968
117117.5147994894 130092.3142508174
117117.5147994894 129772.3635237381
115196.5022982196 129292.4374331190
125762.0710552037 128012.6345248016
126082.2398054154 127532.7084341825
125922.1554303095 127052.7823435635
125601.9866800979 126732.8316164841
125922.1554303095 126252.9055258651
126402.4085556270 125932.9547987857
125762.0710552037 125453.0287081667
126242.3241805212 125133.0779810873
125601.9866800979 124813.1272540079
126082.2398054154 124333.2011633889
125762.0710552037 124013.2504363095
126082.2398054154 123693.2997092302
125441.9023049921 123373.3489821508
125922.1554303095 122893.4228915318
125441.9023049921 122573.4721644524
125762.0710552037 121613.6199832143
125762.0710552037 121293.6692561349
126082.2398054154 120973.7185290556
126082.2398054154 120653.7678019762
126562.4929307328 120173.8417113571
127683.0835564736 119693.9156207381
127683.0835564736 119373.9648936587
128163.3366817910 119054.0141665793
128483.5054320027 118734.0634395000

115196.5022982196 139370.8853361191
115356.5866733254 139050.9346090397
116797.3460492778 138730.9838819603
116637.2616741720 138411.0331548809
116157.0085488545 138091.0824278016
116477.1772990661 137771.1317007222
116637.2616741720 137451.1809736429
118878.4429256534 137131.2302465635
118238.1054252302 136651.3041559445
119038.5273007592 136331.3534288651
119358.6960509709 135531.4766111667
110554.0554201508 134571.6244299286
110554.0554201508 133931.7229757699
132965.8679349656 116334.4329864048
110554.0554201508 133291.8215216111
117757.8522999127 131372.1171591349
116637.2616741720 131052.1664320556
115836.8397986429 130732.2157049762
116957.4304243836 130412.2649778968
117597.7679248069 129932.3388872778
115836.8397986429 129612.3881601984
125601.9866800979 127852.6591612619
126082.2398054154 127532.7084341825
125922.1554303095 127052.7823435635
125601.9866800979 126732.8316164841
125922.1554303095 126252.9055258651
126402.4085556270 125932.9547987857
125762.0710552037 125453.0287081667
126242.3241805212 125133.0779810873
125601.9866800979 124813.1272540079
126082.2398054154 124333.2011633889
125762.0710552037 124013.2504363095
126082.2398054154 123693.2997092302
125441.9023049921 123373.3489821508
125922.1554303095 122893.4228915318
125441.9023049921 122573.4721644524
125601.9866800979 122093.5460738333
125762.0710552037 121613.6199832143
125762.0710552037 121293.6692561349
126082.2398054154 120973.7185290556
126082.2398054154 120653.7678019762
126562.4929307328 120173.8417113571
127683.0835564736 119693.9156207381
127683.0835564736 119373.9648936587
128163.3366817910 119054.0141665793
128483.5054320027 118734.0634395000
132165.4460594365 118094.1619853413

116157.0085488545 139370.8853361191
115356.5866733254 139050.9346090397
116797.3460492778 138730.9838819603
116637.2616741720 138411.0331548809
116157.0085488545 138091.0824278016
116477.1772990661 137771.1317007222
116637.2616741720 137451.1809736429
118878.4429256534 137131.2302465635
118238.1054252302 136651.3041559445
119038.5273007592 136331.3534288651
119358.6960509709 135531.4766111667
110554.0554201508 134571.6244299286
110233.8866699392 134251.6737028492
110554.0554201508 133931.7229757699
132165.4460594365 118094.1619853413
128483.5054320027 118734.0634395000
128163.3366817910 119054.0141665793
127683.0835564736 119373.9648936587
127683.0835564736 119693.9156207381
126562.4929307328 120173.8417113571
126082.2398054154 120653.7678019762
126082.2398054154 120973.7185290556
125762.0710552037 121293.6692561349
125762.0710552037 121613.6199832143
125601.9866800979 122093.5460738333
125441.9023049921 122573.4721644524
125922.1554303095 122893.4228915318
125441.9023049921 123373.3489821508
126082.2398054154 123693.2997092302
125762.0710552037 124013.2504363095
126082.2398054154 124333.2011633889
125601.9866800979 124813.1272540079
126242.3241805212 125133.0779810873
125762.0710552037 125453.0287081667
126402.4085556270 125932.9547987857
125922.1554303095 126252.9055258651
125601.9866800979 126732.8316164841
125922.1554303095 127052.7823435635
126082.2398054154 127532.7084341825
125601.9866800979 127852.6591612619
115836.8397986429 129612.3881601984
117597.7679248069 129932.3388872778
116957.4304243836 130412.2649778968
115836.8397986429 130732.2157049762
116637.2616741720 131052.1664320556
117757.8522999127 131372.1171591349
110554.0554201508 133291.8215216111

116157.0085488545 139370.8853361191
115356.5866733254 139050.9346090397
116797.3460492778 138730.9838819603
116637.2616741720 138411.0331548809
116157.0085488545 138091.0824278016
116477.1772990661 137771.1317007222
116637.2616741720 137451.1809736429
118878.4429256534 137131.2302465635
118238.1054252302 136651.3041559445
119038.5273007592 136331.3534288651
119358.6960509709 135531.4766111667
110554.0554201508 134571.6244299286
110233.8866699392 134251.6737028492
110554.0554201508 133931.7229757699
110554.0554201508 133611.7722486905
110554.0554201508 133291.8215216111
110393.9710450450 132491.9447039127
117757.8522999127 131372.1171591349
116637.2616741720 131052.1664320556
115836.8397986429 130732.2157049762
116957.4304243836 130412.2649778968
117117.5147994894 130092.3142508174
116797.3460492778 129612.3881601984
126082.2398054154 127532.7084341825
125922.1554303095 127052.7823435635
125601.9866800979 126732.8316164841
125922.1554303095 126252.9055258651
126402.4085556270 125932.9547987857
125762.0710552037 125453.0287081667
126242.3241805212 125133.0779810873
125601.9866800979 124813.1272540079
126082.2398054154 124333.2011633889
125762.0710552037 124013.2504363095
126082.2398054154 123693.2997092302
125441.9023049921 123373.3489821508
125922.1554303095 122893.4228915318
125441.9023049921 122573.4721644524
128483.5054320027 118734.0634395000
128163.3366817910 119054.0141665793
127683.0835564736 119373.9648936587
127683.0835564736 119693.9156207381
126562.4929307328 120173.8417113571
126082.2398054154 120653.7678019762
126082.2398054154 120973.7185290556
125762.0710552037 121293.6692561349
125762.0710552037 121613.6199832143
125762.0710552037 128012.6345248016

132165.4460594365 118094.1619853413
128483.5054320027 118734.0634395000
128163.3366817910 119054.0141665793
127683.0835564736 119373.9648936587
127683.0835564736 119693.9156207381
126562.4929307328 120173.8417113571
126082.2398054154 120653.7678019762
126082.2398054154 120973.7185290556
125762.0710552037 121293.6692561349
125762.0710552037 121613.6199832143
125601.9866800979 122093.5460738333
125441.9023049921 122573.4721644524
125922.1554303095 122893.4228915318
125441.9023049921 123373.3489821508
126082.2398054154 123693.2997092302
125762.0710552037 124013.2504363095
126082.2398054154 124333.2011633889
125601.9866800979 124813.1272540079
126242.3241805212 125133.0779810873
125762.0710552037 125453.0287081667
126402.4085556270 125932.9547987857
125922.1554303095 126252.9055258651
125601.9866800979 126732.8316164841
125922.1554303095 127052.7823435635
126082.2398054154 127532.7084341825
125601.9866800979 127852.6591612619
115836.8397986429 129612.3881601984
117597.7679248069 129932.3388872778
116957.4304243836 130412.2649778968
115836.8397986429 130732.2157049762
116637.2616741720 131052.1664320556
117757.8522999127 131372.1171591349
110554.0554201508 133291.8215216111
110554.0554201508 133611.7722486905
110393.9710450450 132651.9200674524
110554.0554201508 134571.6244299286
119358.6960509709 135531.4766111667
119038.5273007592 136331.3534288651
118238.1054252302 136651.3041559445
118878.4429256534 137131.2302465635
116637.2616741720 137451.1809736429
116477.1772990661 137771.1317007222
116157.0085488545 138091.0824278016
116637.2616741720 138411.0331548809
116797.3460492778 138730.9838819603
115356.5866733254 139050.9346090397
115196.5022982196 139370.8853361191

115196.5022982196 139370.8853361191
115356.5866733254 139050.9346090397
116797.3460492778 138730.9838819603
116637.2616741720 138411.0331548809
116157.0085488545 138091.0824278016
116477.1772990661 137771.1317007222
116637.2616741720 137451.1809736429
118878.4429256534 137131.2302465635
118238.1054252302 136651.3041559445
119038.5273007592 136331.3534288651
119358.6960509709 135531.4766111667
110554.0554201508 134571.6244299286
110554.0554201508 133931.7229757699
110554.0554201508 133611.7722486905
110554.0554201508 133291.8215216111
132165.4460594365 118094.1619853413
117757.8522999127 131372.1171591349
116637.2616741720 131052.1664320556
115836.8397986429 130732.2157049762
116957.4304243836 130412.2649778968
117597.7679248069 129932.3388872778
115836.8397986429 129612.3881601984
125601.9866800979 127852.6591612619
126082.2398054154 127532.7084341825
125922.1554303095 127052.7823435635
125601.9866800979 126732.8316164841
125922.1554303095 126252.9055258651
126402.4085556270 125932.9547987857
125762.0710552037 125453.0287081667
126242.3241805212 125133.0779810873
125601.9866800979 124813.1272540079
126082.2398054154 124333.2011633889
125762.0710552037 124013.2504363095
126082.2398054154 123693.2997092302
125441.9023049921 123373.3489821508
125922.1554303095 122893.4228915318
125441.9023049921 122573.4721644524
125601.9866800979 122093.5460738333
125762.0710552037 121613.6199832143
125762.0710552037 121293.6692561349
126082.2398054154 120973.7185290556
126082.2398054154 120653.7678019762
126562.4929307328 120173.8417113571
127683.0835564736 119693.9156207381
127683.0835564736 119373.9648936587
128163.3366817910 119054.0141665793
128483.5054320027 118734.0634395000

116157.0085488545 139370.8853361191
115356.5866733254 139050.9346090397
116797.3460492778 138730.9838819603
116637.2616741720 138411.0331548809
116157.0085488545 138091.0824278016
116477.1772990661 137771.1317007222
116637.2616741720 137451.1809736429
118878.4429256534 137131.2302465635
118238.1054252302 136651.3041559445
119038.5273007592 136331.3534288651
119358.6960509709 135531.4766111667
110554.0554201508 134571.6244299286
110233.8866699392 134251.6737028492
110554.0554201508 133931.7229757699
110554.0554201508 133611.7722486905
110554.0554201508 133291.8215216111
113595.6585471614 139690.8360631984
117757.8522999127 131372.1171591349
116637.2616741720 131052.1664320556
115836.8397986429 130732.2157049762
116957.4304243836 130412.2649778968
117117.5147994894 130092.3142508174
116797.3460492778 129612.3881601984
126082.2398054154 127532.7084341825
125922.1554303095 127052.7823435635
125601.9866800979 126732.8316164841
125922.1554303095 126252.9055258651
126402.4085556270 125932.9547987857
125762.0710552037 125453.0287081667
126242.3241805212 125133.0779810873
125601.9866800979 124813.1272540079
126082.2398054154 124333.2011633889
125762.0710552037 124013.2504363095
126082.2398054154 123693.2997092302
125441.9023049921 123373.3489821508
125922.1554303095 122893.4228915318
128483.5054320027 118734.0634395000
128163.3366817910 119054.0141665793
127683.0835564736 119373.9648936587
127683.0835564736 119693.9156207381
126562.4929307328 120173.8417113571
126082.2398054154 120653.7678019762
126082.2398054154 120973.7185290556
125762.0710552037 121293.6692561349
125762.0710552037 121613.6199832143
125601.9866800979 122093.5460738333
125441.9023049921 122573.4721644524

116157.0085488545 139370.8853361191
115356.5866733254 139050.9346090397
116797.3460492778 138730.9838819603
116637.2616741720 138411.0331548809
116157.0085488545 138091.0824278016
116477.1772990661 137771.1317007222
116637.2616741720 137451.1809736429
118878.4429256534 137131.2302465635
118238.1054252302 136651.3041559445
119038.5273007592 136331.3534288651
119358.6960509709 135531.4766111667
110554.0554201508 134571.6244299286
110233.8866699392 134251.6737028492
110554.0554201508 133931.7229757699
110554.0554201508 133611.7722486905
110554.0554201508 133291.8215216111
110393.9710450450 132491.9447039127
107352.3679180344 135051.5505205476
116637.2616741720 131052.1664320556
115836.8397986429 130732.2157049762
116957.4304243836 130412.2649778968
117117.5147994894 130092.3142508174
116797.3460492778 129612.3881601984
126082.2398054154 127532.7084341825
125922.1554303095 127052.7823435635
125601.9866800979 126732.8316164841
125922.1554303095 126252.9055258651
126402.4085556270 125932.9547987857
125762.0710552037 125453.0287081667
126242.3241805212 125133.0779810873
125601.9866800979 124813.1272540079
126082.2398054154 124333.2011633889
125762.0710552037 124013.2504363095
126082.2398054154 123693.2997092302
125441.9023049921 123373.3489821508
125922.1554303095 122893.4228915318
128483.5054320027 118734.0634395000
128163.3366817910 119054.0141665793
127683.0835564736 119373.9648936587
127683.0835564736 119693.9156207381
126562.4929307328 120173.8417113571
126082.2398054154 120653.7678019762
126082.2398054154 120973.7185290556
125762.0710552037 121293.6692561349
125762.0710552037 121613.6199832143
125601.9866800979 122093.5460738333
125441.9023049921 122573.4721644524

115196.5022982196 139370.8853361191
115356.5866733254 139050.9346090397
116797.3460492778 138730.9838819603
116637.2616741720 138411.0331548809
116157.0085488545 138091.0824278016
116477.1772990661 137771.1317007222
116637.2616741720 137451.1809736429
118878.4429256534 137131.2302465635
118238.1054252302 136651.3041559445
119038.5273007592 136331.3534288651
119358.6960509709 135531.4766111667
110554.0554201508 134571.6244299286
110554.0554201508 133931.7229757699
110554.0554201508 133611.7722486905
110554.0554201508 133291.8215216111
110393.9710450450 132491.9447039127
117757.8522999127 131372.1171591349
116637.2616741720 131052.1664320556
115836.8397986429 130732.2157049762
116957.4304243836 130412.2649778968
117597.7679248069 129932.3388872778
115836.8397986429 129612.3881601984
125601.9866800979 127852.6591612619
126082.2398054154 127532.7084341825
125922.1554303095 127052.7823435635
125601.9866800979 126732.8316164841
125922.1554303095 126252.9055258651
126402.4085556270 125932.9547987857
128483.5054320027 118734.0634395000
128163.3366817910 119054.0141665793
127683.0835564736 119373.9648936587
127683.0835564736 119693.9156207381
126562.4929307328 120173.8417113571
126082.2398054154 120653.7678019762
126082.2398054154 120973.7185290556
125762.0710552037 121293.6692561349
125762.0710552037 121613.6199832143
125601.9866800979 122093.5460738333
125441.9023049921 122573.4721644524
125922.1554303095 122893.4228915318
125441.9023049921 123373.3489821508
126082.2398054154 123693.2997092302
125762.0710552037 124013.2504363095
126082.2398054154 124333.2011633889
125601.9866800979 124813.1272540079
126242.3241805212 125133.0779810873
125762.0710552037 125453.0287081667

115196.5022982196 139370.8853361191
115356.5866733254 139050.9346090397
116797.3460492778 138730.9838819603
116637.2616741720 138411.0331548809
116157.0085488545 138091.0824278016
116477.1772990661 137771.1317007222
116637.2616741720 137451.1809736429
118878.4429256534 137131.2302465635
118238.1054252302 136651.3041559445
119038.5273007592 136331.3534288651
119358.6960509709 135531.4766111667
110554.0554201508 134571.6244299286
110554.0554201508 133611.7722486905
110554.0554201508 133291.8215216111
110393.9710450450 132491.9447039127
117757.8522999127 131372.1171591349
116637.2616741720 131052.1664320556
115836.8397986429 130732.2157049762
116957.4304243836 130412.2649778968
117597.7679248069 129932.3388872778
117757.8522999127 128972.4867060397
125601.9866800979 127852.6591612619
126082.2398054154 127532.7084341825
125922.1554303095 127052.7823435635
125601.9866800979 126732.8316164841
125922.1554303095 126252.9055258651
126402.4085556270 125932.9547987857
125762.0710552037 125453.0287081667
126242.3241805212 125133.0779810873
128483.5054320027 118734.0634395000
128163.3366817910 119054.0141665793
127683.0835564736 119373.9648936587
127683.0835564736 119693.9156207381
126562.4929307328 120173.8417113571
126082.2398054154 120653.7678019762
126082.2398054154 120973.7185290556
125762.0710552037 121293.6692561349
125762.0710552037 121613.6199832143
125601.9866800979 122093.5460738333
125441.9023049921 122573.4721644524
125922.1554303095 122893.4228915318
125441.9023049921 123373.3489821508
126082.2398054154 123693.2997092302
125762.0710552037 124013.2504363095
126082.2398054154 124333.2011633889
125601.9866800979 124813.1272540079
116797.3460492778 129612.3881601984

115196.5022982196 139370.8853361191
115356.5866733254 139050.9346090397
116797.3460492778 138730.9838819603
116637.2616741720 138411.0331548809
116157.0085488545 138091.0824278016
116477.1772990661 137771.1317007222
116637.2616741720 137451.1809736429
118878.4429256534 137131.2302465635
118238.1054252302 136651.3041559445
119038.5273007592 136331.3534288651
119358.6960509709 135531.4766111667
110714.1397952566 134891.5751570079
110554.0554201508 134571.6244299286
110233.8866699392 134251.6737028492
110554.0554201508 133931.7229757699
110554.0554201508 133611.7722486905
110554.0554201508 133291.8215216111
110393.9710450450 132491.9447039127
116637.2616741720 131052.1664320556
115836.8397986429 130732.2157049762
116957.4304243836 130412.2649778968
117597.7679248069 129932.3388872778
125601.9866800979 127852.6591612619
126082.2398054154 127532.7084341825
125922.1554303095 127052.7823435635
125601.9866800979 126732.8316164841
125922.1554303095 126252.9055258651
126402.4085556270 125932.9547987857
125762.0710552037 125453.0287081667
126242.3241805212 125133.0779810873
125601.9866800979 124813.1272540079
126082.2398054154 124333.2011633889
125762.0710552037 124013.2504363095
126082.2398054154 123693.2997092302
125441.9023049921 123373.3489821508
125922.1554303095 122893.4228915318
125441.9023049921 122573.4721644524
125601.9866800979 122093.5460738333
125762.0710552037 121613.6199832143
125762.0710552037 121293.6692561349
126082.2398054154 120973.7185290556
126082.2398054154 120653.7678019762
126562.4929307328 120173.8417113571
127683.0835564736 119693.9156207381
127683.0835564736 119373.9648936587
128163.3366817910 119054.0141665793
128483.5054320027 118734.0634395000

115196.5022982196 139370.8853361191
115356.5866733254 139050.9346090397
116797.3460492778 138730.9838819603
116637.2616741720 138411.0331548809
116157.0085488545 138091.0824278016
116477.1772990661 137771.1317007222
117437.6835497011 137451.1809736429
118878.4429256534 137131.2302465635
118238.1054252302 136651.3041559445
119038.5273007592 136331.3534288651
119358.6960509709 135531.4766111667
110554.0554201508 134571.6244299286
110554.0554201508 133931.7229757699
121759.9616775582 132171.9939768333
123040.6366784048 131532.0925226746
116637.2616741720 131052.1664320556
115836.8397986429 130732.2157049762
116957.4304243836 130412.2649778968
117597.7679248069 129932.3388872778
121279.7085522407 129612.3881601984
120479.2866767117 129292.4374331190
115836.8397986429 128812.5113425000
125601.9866800979 127852.6591612619
128483.5054320027 118734.0634395000
128163.3366817910 119054.0141665793
127683.0835564736 119373.9648936587
127683.0835564736 119693.9156207381
126562.4929307328 120173.8417113571
126082.2398054154 120653.7678019762
126082.2398054154 120973.7185290556
125762.0710552037 121293.6692561349
125762.0710552037 121613.6199832143
125601.9866800979 122093.5460738333
125441.9023049921 122573.4721644524
125922.1554303095 122893.4228915318
125441.9023049921 123373.3489821508
126082.2398054154 123693.2997092302
125762.0710552037 124013.2504363095
125601.9866800979 124333.2011633889
125601.9866800979 124813.1272540079
126242.3241805212 125133.0779810873
125762.0710552037 125453.0287081667
126402.4085556270 125932.9547987857
125922.1554303095 126252.9055258651
125601.9866800979 126732.8316164841
125922.1554303095 127052.7823435635
126082.2398054154 127532.7084341825

