120655.8420932953 135438.8940710075
120816.1445758993 135118.7347643508
121136.7495411074 134958.6551110224
123220.6818149597 133037.6992710821
117449.7924412148 132877.6196177537
117449.7924412148 132557.4603110970
117449.7924412148 132237.3010044403
117610.0949238188 132077.2213511119
117449.7924412148 131917.1416977836
117610.0949238188 131917.1416977836
117289.4899586107 131757.0620444552
117449.7924412148 131757.0620444552
117610.0949238188 131757.0620444552
117770.3974064228 131757.0620444552
117449.7924412148 131596.9823911269
117610.0949238188 131596.9823911269
117289.4899586107 131436.9027377985
117610.0949238188 131276.8230844702
120816.1445758993 128395.3893245597
120816.1445758993 128075.2300179030
120976.4470585034 127755.0707112463
121297.0520237114 127594.9910579179
121457.3545063154 127434.9114045895
121617.6569889195 127434.9114045895
121297.0520237114 127274.8317512612
121457.3545063154 127274.8317512612
121617.6569889195 127274.8317512612
121777.9594715235 127274.8317512612
121617.6569889195 127114.7520979328
121777.9594715235 127114.7520979328
121938.2619541275 127114.7520979328
121457.3545063154 126954.6724446045
121617.6569889195 126954.6724446045
121777.9594715235 126954.6724446045
121938.2619541275 126954.6724446045
121777.9594715235 126794.5927912761
121777.9594715235 126634.5131379478
129953.3860843289 118790.6101248582
129793.0836017248 119110.7694315149
129632.7811191208 119430.9287381716

120655.8420932953 135438.8940710075
120816.1445758993 135118.7347643508
121136.7495411074 134958.6551110224
117289.4899586107 132397.3806577687
117289.4899586107 132077.2213511119
117449.7924412148 132077.2213511119
117610.0949238188 132077.2213511119
129793.0836017248 119110.7694315149
129632.7811191208 119430.9287381716
121777.9594715235 126634.5131379478
121777.9594715235 126794.5927912761
121938.2619541275 126954.6724446045
121777.9594715235 126954.6724446045
121617.6569889195 126954.6724446045
121457.3545063154 126954.6724446045
121938.2619541275 127114.7520979328
121777.9594715235 127114.7520979328
121617.6569889195 127114.7520979328
121457.3545063154 127114.7520979328
121777.9594715235 127274.8317512612
121617.6569889195 127274.8317512612
121457.3545063154 127274.8317512612
121297.0520237114 127274.8317512612
121617.6569889195 127434.9114045895
121457.3545063154 127434.9114045895
121297.0520237114 127594.9910579179
120976.4470585034 127755.0707112463
120816.1445758993 128075.2300179030
120816.1445758993 128395.3893245597
117610.0949238188 131276.8230844702
117289.4899586107 131436.9027377985
117610.0949238188 131596.9823911269
117449.7924412148 131596.9823911269
117770.3974064228 131757.0620444552
117610.0949238188 131757.0620444552
117449.7924412148 131757.0620444552
117289.4899586107 131757.0620444552
117610.0949238188 131917.1416977836
117449.7924412148 131917.1416977836
117449.7924412148 132237.3010044403

120655.8420932953 135438.8940710075
120816.1445758993 135118.7347643508
121136.7495411074 134958.6551110224
117449.7924412148 132557.4603110970
117449.7924412148 132237.3010044403
117289.4899586107 132077.2213511119
117610.0949238188 132077.2213511119
117449.7924412148 131917.1416977836
117610.0949238188 131917.1416977836
117770.3974064228 131917.1416977836
117289.4899586107 131757.0620444552
117449.7924412148 131757.0620444552
117610.0949238188 131757.0620444552
117770.3974064228 131757.0620444552
117449.7924412148 131596.9823911269
117610.0949238188 131596.9823911269
117289.4899586107 131436.9027377985
117610.0949238188 131276.8230844702
129953.3860843289 118790.6101248582
129793.0836017248 119110.7694315149
129632.7811191208 119430.9287381716
121777.9594715235 126634.5131379478
121777.9594715235 126794.5927912761
121938.2619541275 126954.6724446045
121777.9594715235 126954.6724446045
121617.6569889195 126954.6724446045
121457.3545063154 126954.6724446045
121938.2619541275 127114.7520979328
121777.9594715235 127114.7520979328
121617.6569889195 127114.7520979328
121777.9594715235 127274.8317512612
121617.6569889195 127274.8317512612
121457.3545063154 127274.8317512612
121297.0520237114 127274.8317512612
121617.6569889195 127434.9114045895
121457.3545063154 127434.9114045895
121297.0520237114 127594.9910579179
120976.4470585034 127755.0707112463
120816.1445758993 128075.2300179030
120816.1445758993 128395.3893245597

120655.8420932953 135438.8940710075
120816.1445758993 135118.7347643508
121136.7495411074 134958.6551110224
123220.6818149597 133357.8585777388
123220.6818149597 133037.6992710821
117449.7924412148 132557.4603110970
117449.7924412148 132237.3010044403
117610.0949238188 132077.2213511119
117449.7924412148 131917.1416977836
117610.0949238188 131917.1416977836
117770.3974064228 131917.1416977836
117289.4899586107 131757.0620444552
117610.0949238188 131757.0620444552
117770.3974064228 131757.0620444552
117610.0949238188 131596.9823911269
129953.3860843289 118790.6101248582
129793.0836017248 119110.7694315149
129632.7811191208 119430.9287381716
121777.9594715235 126634.5131379478
121777.9594715235 126794.5927912761
121938.2619541275 126954.6724446045
121777.9594715235 126954.6724446045
121617.6569889195 126954.6724446045
121457.3545063154 126954.6724446045
121938.2619541275 127114.7520979328
121777.9594715235 127114.7520979328
121617.6569889195 127114.7520979328
121777.9594715235 127274.8317512612
121617.6569889195 127274.8317512612
121457.3545063154 127274.8317512612
121297.0520237114 127274.8317512612
121617.6569889195 127434.9114045895
121457.3545063154 127434.9114045895
121297.0520237114 127594.9910579179
120976.4470585034 127755.0707112463
120816.1445758993 128075.2300179030
120816.1445758993 128395.3893245597
117610.0949238188 131276.8230844702
117289.4899586107 131436.9027377985
117449.7924412148 131596.9823911269

120655.8420932953 135438.8940710075
120816.1445758993 135118.7347643508
121136.7495411074 134958.6551110224
123220.6818149597 133357.8585777388
123220.6818149597 133037.6992710821
117289.4899586107 132877.6196177537
123380.9842975638 132717.5399644254
117449.7924412148 132557.4603110970
117449.7924412148 132237.3010044403
117610.0949238188 132077.2213511119
117129.1874760067 131757.0620444552
117770.3974064228 131757.0620444552
117610.0949238188 131596.9823911269
117289.4899586107 131436.9027377985
117610.0949238188 131276.8230844702
133159.4357364094 131116.7434311418
117770.3974064228 130956.6637778134
129953.3860843289 118790.6101248582
129793.0836017248 119110.7694315149
129632.7811191208 119430.9287381716
129312.1761539127 119591.0083915000
129632.7811191208 120071.2473514851
129312.1761539127 120231.3270048134
128991.5711887047 120391.4066581418
126426.7314670403 125994.1945246343
121777.9594715235 126634.5131379478
122579.4718845436 126794.5927912761
121617.6569889195 126954.6724446045
121938.2619541275 127114.7520979328
121777.9594715235 127114.7520979328
121777.9594715235 127274.8317512612
121457.3545063154 127274.8317512612
121617.6569889195 127434.9114045895
121136.7495411074 127434.9114045895
121136.7495411074 127755.0707112463
120816.1445758993 128075.2300179030
120816.1445758993 128395.3893245597
120495.5396106913 128555.4689778881
117449.7924412148 131596.9823911269
117610.0949238188 131757.0620444552

120655.8420932953 135438.8940710075
120816.1445758993 135118.7347643508
121136.7495411074 134958.6551110224
123220.6818149597 133357.8585777388
123220.6818149597 133037.6992710821
117289.4899586107 132877.6196177537
129953.3860843289 118790.6101248582
129793.0836017248 119110.7694315149
129632.7811191208 119430.9287381716
129312.1761539127 119591.0083915000
129632.7811191208 120071.2473514851
129312.1761539127 120231.3270048134
128991.5711887047 120391.4066581418
126426.7314670403 125994.1945246343
121777.9594715235 126634.5131379478
122579.4718845436 126794.5927912761
121617.6569889195 126954.6724446045
121938.2619541275 127114.7520979328
121777.9594715235 127114.7520979328
121777.9594715235 127274.8317512612
121457.3545063154 127274.8317512612
121617.6569889195 127434.9114045895
121136.7495411074 127434.9114045895
121136.7495411074 127755.0707112463
120816.1445758993 128075.2300179030
120816.1445758993 128395.3893245597
120495.5396106913 128555.4689778881
129632.7811191208 129836.1062045149
133319.7382190134 130636.5044711567
117770.3974064228 130956.6637778134
133159.4357364094 131116.7434311418
117610.0949238188 131276.8230844702
117289.4899586107 131436.9027377985
117610.0949238188 131596.9823911269
117770.3974064228 131757.0620444552
117129.1874760067 131757.0620444552
117610.0949238188 132077.2213511119
117449.7924412148 132237.3010044403
117449.7924412148 132557.4603110970
123380.9842975638 132717.5399644254

120655.8420932953 135438.8940710075
120816.1445758993 135118.7347643508
121136.7495411074 134958.6551110224
123220.6818149597 133357.8585777388
123220.6818149597 133037.6992710821
123380.9842975638 132717.5399644254
117449.7924412148 132557.4603110970
117449.7924412148 132237.3010044403
129953.3860843289 118790.6101248582
129793.0836017248 119110.7694315149
129632.7811191208 119430.9287381716
129472.4786365168 119911.1676981567
121777.9594715235 126634.5131379478
121777.9594715235 126794.5927912761
121938.2619541275 126954.6724446045
121777.9594715235 126954.6724446045
121617.6569889195 126954.6724446045
121457.3545063154 126954.6724446045
121938.2619541275 127114.7520979328
121777.9594715235 127114.7520979328
121617.6569889195 127114.7520979328
121777.9594715235 127274.8317512612
121617.6569889195 127274.8317512612
121457.3545063154 127274.8317512612
121617.6569889195 127434.9114045895
121457.3545063154 127434.9114045895
121136.7495411074 127434.9114045895
121136.7495411074 127755.0707112463
120816.1445758993 128075.2300179030
120816.1445758993 128395.3893245597
117610.0949238188 131276.8230844702
117289.4899586107 131436.9027377985
117610.0949238188 131596.9823911269
117449.7924412148 131596.9823911269
117770.3974064228 131757.0620444552
117610.0949238188 131757.0620444552
117449.7924412148 131757.0620444552
117289.4899586107 131757.0620444552
117610.0949238188 131917.1416977836
117449.7924412148 131917.1416977836

120655.8420932953 135438.8940710075
120816.1445758993 135118.7347643508
121136.7495411074 134958.6551110224
123220.6818149597 133357.8585777388
123220.6818149597 133037.6992710821
123380.9842975638 132717.5399644254
117449.7924412148 132557.4603110970
117449.7924412148 132237.3010044403
121617.6569889195 126634.5131379478
117449.7924412148 131917.1416977836
117610.0949238188 131917.1416977836
117770.3974064228 131917.1416977836
117289.4899586107 131757.0620444552
117770.3974064228 131757.0620444552
117610.0949238188 131596.9823911269
117289.4899586107 131436.9027377985
117610.0949238188 131276.8230844702
129953.3860843289 118790.6101248582
129793.0836017248 119110.7694315149
129632.7811191208 119430.9287381716
129312.1761539127 119591.0083915000
129632.7811191208 120071.2473514851
129312.1761539127 120231.3270048134
128991.5711887047 120391.4066581418
121777.9594715235 126634.5131379478
122579.4718845436 126794.5927912761
121938.2619541275 126794.5927912761
121617.6569889195 126954.6724446045
121457.3545063154 126954.6724446045
121938.2619541275 127114.7520979328
121777.9594715235 127114.7520979328
121617.6569889195 127114.7520979328
121777.9594715235 127274.8317512612
121617.6569889195 127274.8317512612
121457.3545063154 127274.8317512612
121617.6569889195 127434.9114045895
121136.7495411074 127434.9114045895
121136.7495411074 127755.0707112463
120816.1445758993 128075.2300179030
120816.1445758993 128395.3893245597

120655.8420932953 135438.8940710075
120816.1445758993 135118.7347643508
121136.7495411074 134958.6551110224
129793.0836017248 119110.7694315149
129632.7811191208 119430.9287381716
121777.9594715235 126634.5131379478
121777.9594715235 126794.5927912761
121938.2619541275 126954.6724446045
121777.9594715235 126954.6724446045
121617.6569889195 126954.6724446045
121457.3545063154 126954.6724446045
121938.2619541275 127114.7520979328
121777.9594715235 127114.7520979328
121617.6569889195 127114.7520979328
121457.3545063154 127114.7520979328
121777.9594715235 127274.8317512612
121617.6569889195 127274.8317512612
121457.3545063154 127274.8317512612
121297.0520237114 127274.8317512612
121617.6569889195 127434.9114045895
121457.3545063154 127434.9114045895
121297.0520237114 127594.9910579179
120976.4470585034 127755.0707112463
120816.1445758993 128075.2300179030
117610.0949238188 131276.8230844702
117610.0949238188 131436.9027377985
117289.4899586107 131436.9027377985
117610.0949238188 131596.9823911269
117449.7924412148 131596.9823911269
117770.3974064228 131757.0620444552
117610.0949238188 131757.0620444552
117449.7924412148 131757.0620444552
117289.4899586107 131757.0620444552
117770.3974064228 131917.1416977836
117610.0949238188 131917.1416977836
117449.7924412148 131917.1416977836
117610.0949238188 132077.2213511119
117289.4899586107 132077.2213511119
117449.7924412148 132237.3010044403
117449.7924412148 132557.4603110970

120655.8420932953 135438.8940710075
120816.1445758993 135118.7347643508
121136.7495411074 134958.6551110224
117129.1874760067 133998.1771910522
123220.6818149597 133357.8585777388
123220.6818149597 133037.6992710821
123380.9842975638 132717.5399644254
117449.7924412148 132557.4603110970
117449.7924412148 132237.3010044403
117610.0949238188 132077.2213511119
117129.1874760067 131757.0620444552
117770.3974064228 131757.0620444552
117610.0949238188 131596.9823911269
117289.4899586107 131436.9027377985
117610.0949238188 131276.8230844702
133159.4357364094 131116.7434311418
117770.3974064228 130956.6637778134
133319.7382190134 130636.5044711567
129632.7811191208 129836.1062045149
120495.5396106913 128555.4689778881
120816.1445758993 128395.3893245597
120816.1445758993 128075.2300179030
121136.7495411074 127755.0707112463
121136.7495411074 127434.9114045895
121617.6569889195 127434.9114045895
121457.3545063154 127274.8317512612
121777.9594715235 127274.8317512612
121777.9594715235 127114.7520979328
121938.2619541275 127114.7520979328
121617.6569889195 126954.6724446045
122579.4718845436 126794.5927912761
121777.9594715235 126634.5131379478
129953.3860843289 118790.6101248582
129793.0836017248 119110.7694315149
129632.7811191208 119430.9287381716
129312.1761539127 119591.0083915000
129632.7811191208 120071.2473514851
129312.1761539127 120231.3270048134
128991.5711887047 120391.4066581418
121938.2619541275 126794.5927912761

120655.8420932953 135438.8940710075
120816.1445758993 135118.7347643508
121136.7495411074 134958.6551110224
117289.4899586107 132397.3806577687
129793.0836017248 119110.7694315149
129632.7811191208 119430.9287381716
121777.9594715235 126634.5131379478
121777.9594715235 126794.5927912761
121938.2619541275 126954.6724446045
121777.9594715235 126954.6724446045
121617.6569889195 126954.6724446045
121457.3545063154 126954.6724446045
121938.2619541275 127114.7520979328
121777.9594715235 127114.7520979328
121617.6569889195 127114.7520979328
121457.3545063154 127114.7520979328
121777.9594715235 127274.8317512612
121617.6569889195 127274.8317512612
121457.3545063154 127274.8317512612
121297.0520237114 127274.8317512612
121617.6569889195 127434.9114045895
121457.3545063154 127434.9114045895
121297.0520237114 127594.9910579179
120976.4470585034 127755.0707112463
120816.1445758993 128075.2300179030
120816.1445758993 128395.3893245597
117610.0949238188 131276.8230844702
117610.0949238188 131436.9027377985
117289.4899586107 131436.9027377985
117610.0949238188 131596.9823911269
117449.7924412148 131596.9823911269
117770.3974064228 131757.0620444552
117610.0949238188 131757.0620444552
117449.7924412148 131757.0620444552
117289.4899586107 131757.0620444552
117610.0949238188 131917.1416977836
117449.7924412148 131917.1416977836
117610.0949238188 132077.2213511119
117449.7924412148 132077.2213511119
117289.4899586107 132077.2213511119

120655.8420932953 135438.8940710075
120816.1445758993 135118.7347643508
121136.7495411074 134958.6551110224
117129.1874760067 133998.1771910522
123220.6818149597 133357.8585777388
123220.6818149597 133037.6992710821
123380.9842975638 132717.5399644254
117449.7924412148 132557.4603110970
117449.7924412148 132237.3010044403
117610.0949238188 132077.2213511119
117129.1874760067 131757.0620444552
117770.3974064228 131757.0620444552
117610.0949238188 131276.8230844702
133159.4357364094 131116.7434311418
117770.3974064228 130956.6637778134
133319.7382190134 130636.5044711567
129953.3860843289 118790.6101248582
129793.0836017248 119110.7694315149
129632.7811191208 119430.9287381716
129312.1761539127 119591.0083915000
129632.7811191208 120071.2473514851
129312.1761539127 120231.3270048134
128991.5711887047 120391.4066581418
126426.7314670403 125994.1945246343
122258.8669193356 126314.3538312911
121777.9594715235 126634.5131379478
122579.4718845436 126794.5927912761
127548.8488452685 121191.8049247836
121777.9594715235 127114.7520979328
121777.9594715235 127274.8317512612
121457.3545063154 127274.8317512612
121617.6569889195 127434.9114045895
121136.7495411074 127434.9114045895
121136.7495411074 127755.0707112463
120816.1445758993 128075.2300179030
120816.1445758993 128395.3893245597
120495.5396106913 128555.4689778881
129632.7811191208 129836.1062045149
117610.0949238188 131436.9027377985
117289.4899586107 131436.9027377985

120655.8420932953 135438.8940710075
120816.1445758993 135118.7347643508
117449.7924412148 132557.4603110970
117289.4899586107 132077.2213511119
117449.7924412148 132077.2213511119
117610.0949238188 132077.2213511119
117449.7924412148 131917.1416977836
117610.0949238188 131917.1416977836
117289.4899586107 131757.0620444552
117449.7924412148 131757.0620444552
117610.0949238188 131757.0620444552
117770.3974064228 131757.0620444552
117449.7924412148 131596.9823911269
117610.0949238188 131596.9823911269
117289.4899586107 131436.9027377985
117610.0949238188 131436.9027377985
117610.0949238188 131276.8230844702
120816.1445758993 128395.3893245597
120816.1445758993 128075.2300179030
120976.4470585034 127755.0707112463
129953.3860843289 118790.6101248582
129793.0836017248 119110.7694315149
129632.7811191208 119430.9287381716
121777.9594715235 126634.5131379478
121777.9594715235 126794.5927912761
121938.2619541275 126954.6724446045
121777.9594715235 126954.6724446045
121617.6569889195 126954.6724446045
121457.3545063154 126954.6724446045
121938.2619541275 127114.7520979328
121777.9594715235 127114.7520979328
121617.6569889195 127114.7520979328
121777.9594715235 127274.8317512612
121617.6569889195 127274.8317512612
121457.3545063154 127274.8317512612
121297.0520237114 127274.8317512612
121617.6569889195 127434.9114045895
121457.3545063154 127434.9114045895
121297.0520237114 127594.9910579179
117770.3974064228 131596.9823911269

120655.8420932953 135438.8940710075
120816.1445758993 135118.7347643508
121136.7495411074 134958.6551110224
123220.6818149597 133357.8585777388
123220.6818149597 133037.6992710821
129953.3860843289 118790.6101248582
129793.0836017248 119110.7694315149
129632.7811191208 119430.9287381716
129312.1761539127 119591.0083915000
129632.7811191208 120071.2473514851
129312.1761539127 120231.3270048134
128991.5711887047 120391.4066581418
126426.7314670403 125994.1945246343
121777.9594715235 126634.5131379478
122579.4718845436 126794.5927912761
121617.6569889195 126954.6724446045
121938.2619541275 127114.7520979328
121777.9594715235 127114.7520979328
121777.9594715235 127274.8317512612
121457.3545063154 127274.8317512612
121617.6569889195 127434.9114045895
121136.7495411074 127434.9114045895
121136.7495411074 127755.0707112463
120816.1445758993 128075.2300179030
120816.1445758993 128395.3893245597
120495.5396106913 128555.4689778881
117770.3974064228 130956.6637778134
133159.4357364094 131116.7434311418
117610.0949238188 131276.8230844702
121457.3545063154 134318.3364977090
117289.4899586107 131436.9027377985
117610.0949238188 131596.9823911269
117770.3974064228 131757.0620444552
117610.0949238188 131757.0620444552
117289.4899586107 131757.0620444552
117610.0949238188 132077.2213511119
117449.7924412148 132237.3010044403
123060.3793323557 132557.4603110970
117449.7924412148 132557.4603110970
117289.4899586107 132877.6196177537

120655.8420932953 135438.8940710075
120816.1445758993 135118.7347643508
121136.7495411074 134958.6551110224
123220.6818149597 133037.6992710821
117449.7924412148 132877.6196177537
117449.7924412148 132557.4603110970
117449.7924412148 132237.3010044403
117610.0949238188 132077.2213511119
117449.7924412148 131917.1416977836
117610.0949238188 131917.1416977836
117289.4899586107 131757.0620444552
117449.7924412148 131757.0620444552
117610.0949238188 131757.0620444552
117770.3974064228 131757.0620444552
117449.7924412148 131596.9823911269
117610.0949238188 131596.9823911269
117289.4899586107 131436.9027377985
117610.0949238188 131276.8230844702
120816.1445758993 128395.3893245597
120816.1445758993 128075.2300179030
120976.4470585034 127755.0707112463
121297.0520237114 127594.9910579179
121457.3545063154 127434.9114045895
121617.6569889195 127434.9114045895
121297.0520237114 127274.8317512612
121457.3545063154 127274.8317512612
121617.6569889195 127274.8317512612
121777.9594715235 127274.8317512612
121457.3545063154 127114.7520979328
121617.6569889195 127114.7520979328
121777.9594715235 127114.7520979328
121938.2619541275 127114.7520979328
121457.3545063154 126954.6724446045
121617.6569889195 126954.6724446045
121777.9594715235 126954.6724446045
121938.2619541275 126954.6724446045
121777.9594715235 126794.5927912761
121777.9594715235 126634.5131379478
129632.7811191208 119430.9287381716
129793.0836017248 119110.7694315149

120655.8420932953 135438.8940710075
120816.1445758993 135118.7347643508
117449.7924412148 132557.4603110970
117449.7924412148 132237.3010044403
117289.4899586107 132077.2213511119
117610.0949238188 132077.2213511119
117449.7924412148 131917.1416977836
117610.0949238188 131917.1416977836
117770.3974064228 131917.1416977836
117289.4899586107 131757.0620444552
117449.7924412148 131757.0620444552
117610.0949238188 131757.0620444552
117770.3974064228 131757.0620444552
117449.7924412148 131596.9823911269
117610.0949238188 131596.9823911269
117770.3974064228 131596.9823911269
117289.4899586107 131436.9027377985
117610.0949238188 131436.9027377985
117610.0949238188 131276.8230844702
120816.1445758993 128075.2300179030
120976.4470585034 127755.0707112463
121297.0520237114 127594.9910579179
121457.3545063154 127594.9910579179
129953.3860843289 118790.6101248582
129793.0836017248 119110.7694315149
129632.7811191208 119430.9287381716
121777.9594715235 126634.5131379478
121777.9594715235 126794.5927912761
121938.2619541275 126954.6724446045
121777.9594715235 126954.6724446045
121617.6569889195 126954.6724446045
121457.3545063154 126954.6724446045
121938.2619541275 127114.7520979328
121777.9594715235 127114.7520979328
121617.6569889195 127114.7520979328
121777.9594715235 127274.8317512612
121617.6569889195 127274.8317512612
121457.3545063154 127274.8317512612
121297.0520237114 127274.8317512612
121617.6569889195 127434.9114045895

120655.8420932953 135438.8940710075
120976.4470585034 135278.8144176791
120816.1445758993 135118.7347643508
129793.0836017248 119110.7694315149
121777.9594715235 126634.5131379478
121938.2619541275 126794.5927912761
121777.9594715235 126794.5927912761
121938.2619541275 126954.6724446045
121777.9594715235 126954.6724446045
121617.6569889195 126954.6724446045
121457.3545063154 126954.6724446045
121938.2619541275 127114.7520979328
121777.9594715235 127114.7520979328
121617.6569889195 127114.7520979328
121457.3545063154 127114.7520979328
121777.9594715235 127274.8317512612
121617.6569889195 127274.8317512612
121457.3545063154 127274.8317512612
121297.0520237114 127274.8317512612
121617.6569889195 127434.9114045895
121457.3545063154 127434.9114045895
121297.0520237114 127594.9910579179
120976.4470585034 127755.0707112463
120816.1445758993 128075.2300179030
117610.0949238188 131276.8230844702
117610.0949238188 131436.9027377985
117289.4899586107 131436.9027377985
117770.3974064228 131596.9823911269
117610.0949238188 131596.9823911269
117449.7924412148 131596.9823911269
117770.3974064228 131757.0620444552
117610.0949238188 131757.0620444552
117449.7924412148 131757.0620444552
117289.4899586107 131757.0620444552
117610.0949238188 131917.1416977836
117449.7924412148 131917.1416977836
117610.0949238188 132077.2213511119
117449.7924412148 132077.2213511119
117289.4899586107 132077.2213511119
117289.4899586107 132397.3806577687

120655.8420932953 135438.8940710075
120816.1445758993 135118.7347643508
121136.7495411074 134958.6551110224
117129.1874760067 133998.1771910522
123220.6818149597 133357.8585777388
123220.6818149597 133037.6992710821
123380.9842975638 132717.5399644254
117449.7924412148 132557.4603110970
117449.7924412148 132237.3010044403
117610.0949238188 132077.2213511119
117129.1874760067 131757.0620444552
117770.3974064228 131757.0620444552
117610.0949238188 131276.8230844702
133159.4357364094 131116.7434311418
117770.3974064228 130956.6637778134
133319.7382190134 130636.5044711567
129953.3860843289 118790.6101248582
129793.0836017248 119110.7694315149
129632.7811191208 119430.9287381716
129312.1761539127 119591.0083915000
129632.7811191208 120071.2473514851
129312.1761539127 120231.3270048134
128991.5711887047 120391.4066581418
126426.7314670403 125994.1945246343
121777.9594715235 126634.5131379478
122579.4718845436 126794.5927912761
121617.6569889195 126954.6724446045
121938.2619541275 127114.7520979328
121777.9594715235 127114.7520979328
121777.9594715235 127274.8317512612
121457.3545063154 127274.8317512612
121617.6569889195 127434.9114045895
121136.7495411074 127434.9114045895
121136.7495411074 127755.0707112463
120816.1445758993 128075.2300179030
120816.1445758993 128395.3893245597
120495.5396106913 128555.4689778881
117610.0949238188 131436.9027377985
117289.4899586107 131436.9027377985
117610.0949238188 131596.9823911269

120655.8420932953 135438.8940710075
120816.1445758993 135118.7347643508
121136.7495411074 134958.6551110224
117129.1874760067 133998.1771910522
123220.6818149597 133357.8585777388
123220.6818149597 133037.6992710821
123380.9842975638 132717.5399644254
117449.7924412148 132557.4603110970
117449.7924412148 132237.3010044403
117610.0949238188 132077.2213511119
117129.1874760067 131757.0620444552
117770.3974064228 131757.0620444552
117610.0949238188 131276.8230844702
133159.4357364094 131116.7434311418
117770.3974064228 130956.6637778134
133319.7382190134 130636.5044711567
129953.3860843289 118790.6101248582
129793.0836017248 119110.7694315149
129632.7811191208 119430.9287381716
129312.1761539127 119591.0083915000
129632.7811191208 120071.2473514851
129312.1761539127 120231.3270048134
128991.5711887047 120391.4066581418
126426.7314670403 125994.1945246343
122258.8669193356 126314.3538312911
121777.9594715235 126634.5131379478
122579.4718845436 126794.5927912761
121938.2619541275 127114.7520979328
121777.9594715235 127114.7520979328
121777.9594715235 127274.8317512612
121457.3545063154 127274.8317512612
121617.6569889195 127434.9114045895
121136.7495411074 127434.9114045895
121136.7495411074 127755.0707112463
120816.1445758993 128075.2300179030
120816.1445758993 128395.3893245597
120495.5396106913 128555.4689778881
129632.7811191208 129836.1062045149
117610.0949238188 131436.9027377985
117289.4899586107 131436.9027377985

120655.8420932953 135438.8940710075
120816.1445758993 135118.7347643508
121136.7495411074 134958.6551110224
117289.4899586107 132397.3806577687
117289.4899586107 132077.2213511119
117449.7924412148 132077.2213511119
117610.0949238188 132077.2213511119
117449.7924412148 131917.1416977836
117610.0949238188 131917.1416977836
117289.4899586107 131757.0620444552
117449.7924412148 131757.0620444552
117610.0949238188 131757.0620444552
117770.3974064228 131757.0620444552
117449.7924412148 131596.9823911269
117610.0949238188 131596.9823911269
117289.4899586107 131436.9027377985
117610.0949238188 131436.9027377985
117610.0949238188 131276.8230844702
129953.3860843289 118790.6101248582
129793.0836017248 119110.7694315149
129632.7811191208 119430.9287381716
121777.9594715235 126634.5131379478
121777.9594715235 126794.5927912761
121938.2619541275 126954.6724446045
121777.9594715235 126954.6724446045
121617.6569889195 126954.6724446045
121457.3545063154 126954.6724446045
121938.2619541275 127114.7520979328
121777.9594715235 127114.7520979328
121617.6569889195 127114.7520979328
121777.9594715235 127274.8317512612
121617.6569889195 127274.8317512612
121457.3545063154 127274.8317512612
121297.0520237114 127274.8317512612
121617.6569889195 127434.9114045895
121457.3545063154 127434.9114045895
121297.0520237114 127594.9910579179
120976.4470585034 127755.0707112463
120816.1445758993 128075.2300179030
120816.1445758993 128395.3893245597

120655.8420932953 135438.8940710075
120816.1445758993 135118.7347643508
121136.7495411074 134958.6551110224
123220.6818149597 133037.6992710821
117449.7924412148 132877.6196177537
117449.7924412148 132557.4603110970
117449.7924412148 132237.3010044403
117610.0949238188 132077.2213511119
117449.7924412148 131917.1416977836
117610.0949238188 131917.1416977836
117289.4899586107 131757.0620444552
117449.7924412148 131757.0620444552
117610.0949238188 131757.0620444552
117770.3974064228 131757.0620444552
117449.7924412148 131596.9823911269
117610.0949238188 131596.9823911269
117289.4899586107 131436.9027377985
117610.0949238188 131276.8230844702
129953.3860843289 118790.6101248582
129793.0836017248 119110.7694315149
129632.7811191208 119430.9287381716
129312.1761539127 119591.0083915000
129632.7811191208 120071.2473514851
129312.1761539127 120231.3270048134
128991.5711887047 120391.4066581418
121777.9594715235 126634.5131379478
122579.4718845436 126794.5927912761
121938.2619541275 126794.5927912761
121617.6569889195 126954.6724446045
121457.3545063154 126954.6724446045
121938.2619541275 127114.7520979328
121777.9594715235 127114.7520979328
121617.6569889195 127114.7520979328
121777.9594715235 127274.8317512612
121457.3545063154 127274.8317512612
121617.6569889195 127434.9114045895
121136.7495411074 127434.9114045895
121136.7495411074 127755.0707112463
120816.1445758993 128075.2300179030
120816.1445758993 128395.3893245597

120655.8420932953 135438.8940710075
120816.1445758993 135118.7347643508
117449.7924412148 132557.4603110970
117449.7924412148 132237.3010044403
117289.4899586107 132077.2213511119
117610.0949238188 132077.2213511119
117449.7924412148 131917.1416977836
117610.0949238188 131917.1416977836
117770.3974064228 131917.1416977836
129953.3860843289 118790.6101248582
129793.0836017248 119110.7694315149
129632.7811191208 119430.9287381716
129472.4786365168 119911.1676981567
121777.9594715235 126634.5131379478
121777.9594715235 126794.5927912761
121938.2619541275 126954.6724446045
121777.9594715235 126954.6724446045
121617.6569889195 126954.6724446045
121457.3545063154 126954.6724446045
121938.2619541275 127114.7520979328
121777.9594715235 127114.7520979328
121617.6569889195 127114.7520979328
121777.9594715235 127274.8317512612
121617.6569889195 127274.8317512612
121457.3545063154 127274.8317512612
121617.6569889195 127434.9114045895
121457.3545063154 127434.9114045895
121136.7495411074 127434.9114045895
121297.0520237114 127594.9910579179
120976.4470585034 127755.0707112463
120816.1445758993 128075.2300179030
117610.0949238188 131276.8230844702
117610.0949238188 131436.9027377985
117289.4899586107 131436.9027377985
117610.0949238188 131596.9823911269
117449.7924412148 131596.9823911269
117770.3974064228 131757.0620444552
117610.0949238188 131757.0620444552
117449.7924412148 131757.0620444552
117289.4899586107 131757.0620444552

120655.8420932953 135438.8940710075
120816.1445758993 135118.7347643508
121136.7495411074 134958.6551110224
117289.4899586107 132397.3806577687
117289.4899586107 132077.2213511119
117449.7924412148 132077.2213511119
117610.0949238188 132077.2213511119
129953.3860843289 118790.6101248582
129793.0836017248 119110.7694315149
129632.7811191208 119430.9287381716
129472.4786365168 119911.1676981567
121777.9594715235 126634.5131379478
121777.9594715235 126794.5927912761
121938.2619541275 126954.6724446045
121777.9594715235 126954.6724446045
121617.6569889195 126954.6724446045
121457.3545063154 126954.6724446045
121938.2619541275 127114.7520979328
121777.9594715235 127114.7520979328
121617.6569889195 127114.7520979328
121777.9594715235 127274.8317512612
121617.6569889195 127274.8317512612
121457.3545063154 127274.8317512612
121617.6569889195 127434.9114045895
121457.3545063154 127434.9114045895
121136.7495411074 127434.9114045895
121136.7495411074 127755.0707112463
120976.4470585034 127755.0707112463
120816.1445758993 128075.2300179030
120816.1445758993 128395.3893245597
117610.0949238188 131276.8230844702
117610.0949238188 131436.9027377985
117289.4899586107 131436.9027377985
117610.0949238188 131596.9823911269
117449.7924412148 131596.9823911269
117770.3974064228 131757.0620444552
117610.0949238188 131757.0620444552
117449.7924412148 131757.0620444552
117289.4899586107 131757.0620444552
117610.0949238188 131917.1416977836

120816.1445758993 135118.7347643508
117449.7924412148 132237.3010044403
117289.4899586107 132077.2213511119
117449.7924412148 132077.2213511119
117610.0949238188 132077.2213511119
117289.4899586107 131917.1416977836
117449.7924412148 131917.1416977836
117610.0949238188 131917.1416977836
117770.3974064228 131917.1416977836
117289.4899586107 131757.0620444552
117449.7924412148 131757.0620444552
117610.0949238188 131757.0620444552
117770.3974064228 131757.0620444552
121777.9594715235 126634.5131379478
121938.2619541275 126794.5927912761
121777.9594715235 126794.5927912761
121457.3545063154 126794.5927912761
121938.2619541275 126954.6724446045
121777.9594715235 126954.6724446045
121617.6569889195 126954.6724446045
121457.3545063154 126954.6724446045
121938.2619541275 127114.7520979328
121777.9594715235 127114.7520979328
121617.6569889195 127114.7520979328
121457.3545063154 127114.7520979328
121777.9594715235 127274.8317512612
121617.6569889195 127274.8317512612
121457.3545063154 127274.8317512612
121297.0520237114 127274.8317512612
121617.6569889195 127434.9114045895
121457.3545063154 127434.9114045895
121297.0520237114 127434.9114045895
121297.0520237114 127594.9910579179
121136.7495411074 127594.9910579179
117610.0949238188 131436.9027377985
117449.7924412148 131436.9027377985
117289.4899586107 131436.9027377985
117770.3974064228 131596.9823911269
117610.0949238188 131596.9823911269
117449.7924412148 131596.9823911269

120655.8420932953 135438.8940710075
120816.1445758993 135118.7347643508
121136.7495411074 134958.6551110224
117129.1874760067 133998.1771910522
123220.6818149597 133357.8585777388
123220.6818149597 133037.6992710821
123380.9842975638 132717.5399644254
117449.7924412148 132557.4603110970
117449.7924412148 132237.3010044403
117610.0949238188 132077.2213511119
117129.1874760067 131757.0620444552
117770.3974064228 131757.0620444552
117610.0949238188 131276.8230844702
133159.4357364094 131116.7434311418
117770.3974064228 130956.6637778134
133319.7382190134 130636.5044711567
129632.7811191208 129836.1062045149
120495.5396106913 128555.4689778881
120816.1445758993 128395.3893245597
120816.1445758993 128075.2300179030
121136.7495411074 127755.0707112463
121136.7495411074 127434.9114045895
121617.6569889195 127434.9114045895
121457.3545063154 127274.8317512612
121777.9594715235 127274.8317512612
121777.9594715235 127114.7520979328
121938.2619541275 127114.7520979328
122579.4718845436 126794.5927912761
121777.9594715235 126634.5131379478
125464.9165714161 126474.4334846194
122258.8669193356 126314.3538312911
130754.8984973490 124393.3979913508
129953.3860843289 118790.6101248582
129793.0836017248 119110.7694315149
129632.7811191208 119430.9287381716
129312.1761539127 119591.0083915000
129632.7811191208 120071.2473514851
129312.1761539127 120231.3270048134
128991.5711887047 120391.4066581418
126426.7314670403 125994.1945246343

120655.8420932953 135438.8940710075
120816.1445758993 135118.7347643508
121136.7495411074 134958.6551110224
117129.1874760067 133998.1771910522
123220.6818149597 133357.8585777388
123220.6818149597 133037.6992710821
123380.9842975638 132717.5399644254
117449.7924412148 132557.4603110970
117449.7924412148 132237.3010044403
117610.0949238188 132077.2213511119
117129.1874760067 131757.0620444552
117770.3974064228 131757.0620444552
117610.0949238188 131276.8230844702
133159.4357364094 131116.7434311418
117770.3974064228 130956.6637778134
133319.7382190134 130636.5044711567
129953.3860843289 118790.6101248582
129793.0836017248 119110.7694315149
129632.7811191208 119430.9287381716
129312.1761539127 119591.0083915000
129632.7811191208 120071.2473514851
129312.1761539127 120231.3270048134
128991.5711887047 120391.4066581418
121777.9594715235 126634.5131379478
122579.4718845436 126794.5927912761
121938.2619541275 126794.5927912761
121617.6569889195 126954.6724446045
121457.3545063154 126954.6724446045
121938.2619541275 127114.7520979328
121777.9594715235 127114.7520979328
121617.6569889195 127114.7520979328
121777.9594715235 127274.8317512612
121617.6569889195 127274.8317512612
121457.3545063154 127274.8317512612
121617.6569889195 127434.9114045895
121136.7495411074 127434.9114045895
121136.7495411074 127755.0707112463
120816.1445758993 128075.2300179030
120816.1445758993 128395.3893245597
117289.4899586107 131436.9027377985

120655.8420932953 135438.8940710075
120816.1445758993 135118.7347643508
121136.7495411074 134958.6551110224
117449.7924412148 132557.4603110970
117449.7924412148 132237.3010044403
129953.3860843289 118790.6101248582
129793.0836017248 119110.7694315149
129632.7811191208 119430.9287381716
129472.4786365168 119911.1676981567
121777.9594715235 126634.5131379478
121777.9594715235 126794.5927912761
121938.2619541275 126954.6724446045
121777.9594715235 126954.6724446045
121617.6569889195 126954.6724446045
121457.3545063154 126954.6724446045
121938.2619541275 127114.7520979328
121777.9594715235 127114.7520979328
121617.6569889195 127114.7520979328
121777.9594715235 127274.8317512612
121617.6569889195 127274.8317512612
121457.3545063154 127274.8317512612
121617.6569889195 127434.9114045895
121457.3545063154 127434.9114045895
121136.7495411074 127434.9114045895
121136.7495411074 127755.0707112463
120816.1445758993 128075.2300179030
120816.1445758993 128395.3893245597
117610.0949238188 131276.8230844702
117289.4899586107 131436.9027377985
117610.0949238188 131596.9823911269
117449.7924412148 131596.9823911269
117770.3974064228 131757.0620444552
117610.0949238188 131757.0620444552
117449.7924412148 131757.0620444552
117289.4899586107 131757.0620444552
117770.3974064228 131917.1416977836
117610.0949238188 131917.1416977836
117449.7924412148 131917.1416977836
117610.0949238188 132077.2213511119
117289.4899586107 132077.2213511119

120655.8420932953 135438.8940710075
120816.1445758993 135118.7347643508
117449.7924412148 132557.4603110970
117449.7924412148 132237.3010044403
117289.4899586107 132077.2213511119
117610.0949238188 132077.2213511119
117449.7924412148 131917.1416977836
117610.0949238188 131917.1416977836
117289.4899586107 131757.0620444552
117449.7924412148 131757.0620444552
117610.0949238188 131757.0620444552
117770.3974064228 131757.0620444552
117449.7924412148 131596.9823911269
117610.0949238188 131596.9823911269
117289.4899586107 131436.9027377985
117610.0949238188 131436.9027377985
117610.0949238188 131276.8230844702
120816.1445758993 128395.3893245597
120816.1445758993 128075.2300179030
129953.3860843289 118790.6101248582
129793.0836017248 119110.7694315149
129632.7811191208 119430.9287381716
121777.9594715235 126634.5131379478
121777.9594715235 126794.5927912761
121938.2619541275 126954.6724446045
121777.9594715235 126954.6724446045
121617.6569889195 126954.6724446045
121457.3545063154 126954.6724446045
121938.2619541275 127114.7520979328
121777.9594715235 127114.7520979328
121617.6569889195 127114.7520979328
121777.9594715235 127274.8317512612
121617.6569889195 127274.8317512612
121457.3545063154 127274.8317512612
121297.0520237114 127274.8317512612
121617.6569889195 127434.9114045895
121457.3545063154 127434.9114045895
121297.0520237114 127594.9910579179
120976.4470585034 127755.0707112463
117770.3974064228 131596.9823911269

120655.8420932953 135438.8940710075
120816.1445758993 135118.7347643508
121136.7495411074 134958.6551110224
123220.6818149597 133357.8585777388
123220.6818149597 133037.6992710821
129953.3860843289 118790.6101248582
129793.0836017248 119110.7694315149
129632.7811191208 119430.9287381716
129472.4786365168 119911.1676981567
129312.1761539127 120231.3270048134
121777.9594715235 126634.5131379478
122579.4718845436 126794.5927912761
121938.2619541275 126794.5927912761
121777.9594715235 126954.6724446045
121617.6569889195 126954.6724446045
121457.3545063154 126954.6724446045
121938.2619541275 127114.7520979328
121777.9594715235 127114.7520979328
121617.6569889195 127114.7520979328
121777.9594715235 127274.8317512612
121617.6569889195 127274.8317512612
121457.3545063154 127274.8317512612
121617.6569889195 127434.9114045895
121457.3545063154 127434.9114045895
121136.7495411074 127434.9114045895
121136.7495411074 127755.0707112463
120816.1445758993 128075.2300179030
117610.0949238188 131276.8230844702
117289.4899586107 131436.9027377985
117610.0949238188 131596.9823911269
117449.7924412148 131596.9823911269
117770.3974064228 131757.0620444552
117610.0949238188 131757.0620444552
117289.4899586107 131757.0620444552
117770.3974064228 131917.1416977836
117610.0949238188 131917.1416977836
117449.7924412148 131917.1416977836
117610.0949238188 132077.2213511119
117449.7924412148 132237.3010044403
117449.7924412148 132557.4603110970

120655.8420932953 135438.8940710075
120816.1445758993 135118.7347643508
121136.7495411074 134958.6551110224
117129.1874760067 133998.1771910522
123220.6818149597 133357.8585777388
123220.6818149597 133037.6992710821
123380.9842975638 132717.5399644254
117449.7924412148 132557.4603110970
117449.7924412148 132237.3010044403
117610.0949238188 132077.2213511119
117129.1874760067 131757.0620444552
117770.3974064228 131757.0620444552
117610.0949238188 131276.8230844702
133159.4357364094 131116.7434311418
117770.3974064228 130956.6637778134
133319.7382190134 130636.5044711567
129632.7811191208 129836.1062045149
120495.5396106913 128555.4689778881
120816.1445758993 128395.3893245597
120816.1445758993 128075.2300179030
121136.7495411074 127755.0707112463
121136.7495411074 127434.9114045895
121617.6569889195 127434.9114045895
121457.3545063154 127274.8317512612
121777.9594715235 127274.8317512612
121777.9594715235 127114.7520979328
121938.2619541275 127114.7520979328
122579.4718845436 126794.5927912761
121777.9594715235 126634.5131379478
125464.9165714161 126474.4334846194
122258.8669193356 126314.3538312911
129953.3860843289 118790.6101248582
129793.0836017248 119110.7694315149
129632.7811191208 119430.9287381716
129312.1761539127 119591.0083915000
129632.7811191208 120071.2473514851
129312.1761539127 120231.3270048134
128991.5711887047 120391.4066581418
126426.7314670403 125994.1945246343
121617.6569889195 126954.6724446045

120655.8420932953 135438.8940710075
120816.1445758993 135118.7347643508
121136.7495411074 134958.6551110224
123220.6818149597 133037.6992710821
117449.7924412148 132877.6196177537
117449.7924412148 132557.4603110970
117449.7924412148 132237.3010044403
117610.0949238188 132077.2213511119
117449.7924412148 131917.1416977836
117610.0949238188 131917.1416977836
117289.4899586107 131757.0620444552
117449.7924412148 131757.0620444552
117610.0949238188 131757.0620444552
117770.3974064228 131757.0620444552
117449.7924412148 131596.9823911269
117610.0949238188 131596.9823911269
117289.4899586107 131436.9027377985
117610.0949238188 131276.8230844702
120816.1445758993 128395.3893245597
120816.1445758993 128075.2300179030
121136.7495411074 127755.0707112463
121136.7495411074 127434.9114045895
121457.3545063154 127434.9114045895
121617.6569889195 127434.9114045895
121457.3545063154 127274.8317512612
121617.6569889195 127274.8317512612
121777.9594715235 127274.8317512612
121617.6569889195 127114.7520979328
121777.9594715235 127114.7520979328
121938.2619541275 127114.7520979328
121457.3545063154 126954.6724446045
121617.6569889195 126954.6724446045
121777.9594715235 126954.6724446045
121938.2619541275 126954.6724446045
129953.3860843289 118790.6101248582
129793.0836017248 119110.7694315149
129632.7811191208 119430.9287381716
129472.4786365168 119911.1676981567
129312.1761539127 120231.3270048134
121777.9594715235 126634.5131379478

120655.8420932953 135438.8940710075
120816.1445758993 135118.7347643508
121136.7495411074 134958.6551110224
123220.6818149597 133037.6992710821
117449.7924412148 132557.4603110970
117449.7924412148 132237.3010044403
117289.4899586107 132077.2213511119
117610.0949238188 132077.2213511119
129953.3860843289 118790.6101248582
129793.0836017248 119110.7694315149
129632.7811191208 119430.9287381716
129472.4786365168 119911.1676981567
129312.1761539127 120231.3270048134
121777.9594715235 126634.5131379478
121777.9594715235 126954.6724446045
121617.6569889195 126954.6724446045
121457.3545063154 126954.6724446045
121938.2619541275 127114.7520979328
121777.9594715235 127114.7520979328
121617.6569889195 127114.7520979328
121777.9594715235 127274.8317512612
121617.6569889195 127274.8317512612
121457.3545063154 127274.8317512612
121617.6569889195 127434.9114045895
121457.3545063154 127434.9114045895
121136.7495411074 127434.9114045895
121136.7495411074 127755.0707112463
120816.1445758993 128075.2300179030
120816.1445758993 128395.3893245597
117610.0949238188 131276.8230844702
117289.4899586107 131436.9027377985
117610.0949238188 131596.9823911269
117449.7924412148 131596.9823911269
117770.3974064228 131757.0620444552
117610.0949238188 131757.0620444552
117449.7924412148 131757.0620444552
117289.4899586107 131757.0620444552
117770.3974064228 131917.1416977836
117610.0949238188 131917.1416977836
117449.7924412148 131917.1416977836

120655.8420932953 135438.8940710075
120816.1445758993 135118.7347643508
129793.0836017248 119110.7694315149
129632.7811191208 119430.9287381716
121777.9594715235 126634.5131379478
121777.9594715235 126794.5927912761
121938.2619541275 126954.6724446045
121777.9594715235 126954.6724446045
121617.6569889195 126954.6724446045
121457.3545063154 126954.6724446045
121938.2619541275 127114.7520979328
121777.9594715235 127114.7520979328
121617.6569889195 127114.7520979328
121457.3545063154 127114.7520979328
121777.9594715235 127274.8317512612
121617.6569889195 127274.8317512612
121457.3545063154 127274.8317512612
121297.0520237114 127274.8317512612
121617.6569889195 127434.9114045895
121457.3545063154 127434.9114045895
121297.0520237114 127594.9910579179
120976.4470585034 127755.0707112463
120816.1445758993 128075.2300179030
117610.0949238188 131276.8230844702
117610.0949238188 131436.9027377985
117289.4899586107 131436.9027377985
117770.3974064228 131596.9823911269
117610.0949238188 131596.9823911269
117449.7924412148 131596.9823911269
117770.3974064228 131757.0620444552
117610.0949238188 131757.0620444552
117449.7924412148 131757.0620444552
117289.4899586107 131757.0620444552
117610.0949238188 131917.1416977836
117449.7924412148 131917.1416977836
117610.0949238188 132077.2213511119
117449.7924412148 132077.2213511119
117289.4899586107 132077.2213511119
117289.4899586107 132397.3806577687
121136.7495411074 134958.6551110224

120655.8420932953 135438.8940710075
120816.1445758993 135118.7347643508
121136.7495411074 134958.6551110224
117289.4899586107 132397.3806577687
129953.3860843289 118790.6101248582
129793.0836017248 119110.7694315149
129632.7811191208 119430.9287381716
121777.9594715235 126634.5131379478
121777.9594715235 126794.5927912761
121938.2619541275 126954.6724446045
121777.9594715235 126954.6724446045
121617.6569889195 126954.6724446045
121457.3545063154 126954.6724446045
121938.2619541275 127114.7520979328
121777.9594715235 127114.7520979328
121617.6569889195 127114.7520979328
121777.9594715235 127274.8317512612
121617.6569889195 127274.8317512612
121457.3545063154 127274.8317512612
121297.0520237114 127274.8317512612
121617.6569889195 127434.9114045895
121457.3545063154 127434.9114045895
121297.0520237114 127594.9910579179
120976.4470585034 127755.0707112463
120816.1445758993 128075.2300179030
117610.0949238188 131276.8230844702
117610.0949238188 131436.9027377985
117289.4899586107 131436.9027377985
117610.0949238188 131596.9823911269
117449.7924412148 131596.9823911269
117770.3974064228 131757.0620444552
117610.0949238188 131757.0620444552
117449.7924412148 131757.0620444552
117289.4899586107 131757.0620444552
117770.3974064228 131917.1416977836
117610.0949238188 131917.1416977836
117449.7924412148 131917.1416977836
117610.0949238188 132077.2213511119
117289.4899586107 132077.2213511119
117449.7924412148 132237.3010044403

120655.8420932953 135438.8940710075
120816.1445758993 135118.7347643508
121136.7495411074 134958.6551110224
117449.7924412148 132557.4603110970
117449.7924412148 132237.3010044403
117289.4899586107 132077.2213511119
117449.7924412148 132077.2213511119
117610.0949238188 132077.2213511119
117449.7924412148 131917.1416977836
117610.0949238188 131917.1416977836
117770.3974064228 131917.1416977836
117289.4899586107 131757.0620444552
117449.7924412148 131757.0620444552
117610.0949238188 131757.0620444552
117770.3974064228 131757.0620444552
117449.7924412148 131596.9823911269
117610.0949238188 131596.9823911269
117289.4899586107 131436.9027377985
117610.0949238188 131276.8230844702
120816.1445758993 128075.2300179030
120976.4470585034 127755.0707112463
121297.0520237114 127594.9910579179
121457.3545063154 127434.9114045895
121617.6569889195 127434.9114045895
121297.0520237114 127274.8317512612
121457.3545063154 127274.8317512612
121617.6569889195 127274.8317512612
121777.9594715235 127274.8317512612
121457.3545063154 127114.7520979328
121617.6569889195 127114.7520979328
121777.9594715235 127114.7520979328
121938.2619541275 127114.7520979328
121457.3545063154 126954.6724446045
121617.6569889195 126954.6724446045
121777.9594715235 126954.6724446045
121938.2619541275 126954.6724446045
121777.9594715235 126794.5927912761
121777.9594715235 126634.5131379478
129632.7811191208 119430.9287381716
129793.0836017248 119110.7694315149

120655.8420932953 135438.8940710075
120816.1445758993 135118.7347643508
121136.7495411074 134958.6551110224
123220.6818149597 133357.8585777388
123220.6818149597 133037.6992710821
117449.7924412148 132557.4603110970
117449.7924412148 132237.3010044403
117610.0949238188 132077.2213511119
129953.3860843289 118790.6101248582
129793.0836017248 119110.7694315149
129632.7811191208 119430.9287381716
129472.4786365168 119911.1676981567
121777.9594715235 126634.5131379478
121777.9594715235 126794.5927912761
121938.2619541275 126954.6724446045
121777.9594715235 126954.6724446045
121617.6569889195 126954.6724446045
121457.3545063154 126954.6724446045
121938.2619541275 127114.7520979328
121777.9594715235 127114.7520979328
121617.6569889195 127114.7520979328
121777.9594715235 127274.8317512612
121617.6569889195 127274.8317512612
121457.3545063154 127274.8317512612
121617.6569889195 127434.9114045895
121457.3545063154 127434.9114045895
121136.7495411074 127434.9114045895
121136.7495411074 127755.0707112463
120816.1445758993 128075.2300179030
120816.1445758993 128395.3893245597
117610.0949238188 131276.8230844702
117289.4899586107 131436.9027377985
117610.0949238188 131596.9823911269
117449.7924412148 131596.9823911269
117770.3974064228 131757.0620444552
117610.0949238188 131757.0620444552
117449.7924412148 131757.0620444552
117289.4899586107 131757.0620444552
117610.0949238188 131917.1416977836
117449.7924412148 131917.1416977836

120655.8420932953 135438.8940710075
120816.1445758993 135118.7347643508
121136.7495411074 134958.6551110224
123220.6818149597 133357.8585777388
123220.6818149597 133037.6992710821
117289.4899586107 132877.6196177537
129953.3860843289 118790.6101248582
129793.0836017248 119110.7694315149
129632.7811191208 119430.9287381716
129472.4786365168 119911.1676981567
129312.1761539127 120231.3270048134
121777.9594715235 126634.5131379478
121777.9594715235 126954.6724446045
121617.6569889195 126954.6724446045
121457.3545063154 126954.6724446045
121938.2619541275 127114.7520979328
121777.9594715235 127114.7520979328
121617.6569889195 127114.7520979328
121777.9594715235 127274.8317512612
121617.6569889195 127274.8317512612
121457.3545063154 127274.8317512612
121617.6569889195 127434.9114045895
121457.3545063154 127434.9114045895
121136.7495411074 127434.9114045895
121136.7495411074 127755.0707112463
120816.1445758993 128075.2300179030
120816.1445758993 128395.3893245597
117610.0949238188 131276.8230844702
117289.4899586107 131436.9027377985
117610.0949238188 131596.9823911269
117449.7924412148 131596.9823911269
117770.3974064228 131757.0620444552
117610.0949238188 131757.0620444552
117449.7924412148 131757.0620444552
117289.4899586107 131757.0620444552
117610.0949238188 131917.1416977836
117449.7924412148 131917.1416977836
117610.0949238188 132077.2213511119
117449.7924412148 132237.3010044403
117449.7924412148 132557.4603110970

120655.8420932953 135438.8940710075
120816.1445758993 135118.7347643508
121136.7495411074 134958.6551110224
123220.6818149597 133357.8585777388
123220.6818149597 133037.6992710821
117449.7924412148 132557.4603110970
117449.7924412148 132237.3010044403
117610.0949238188 132077.2213511119
117449.7924412148 131917.1416977836
117610.0949238188 131917.1416977836
117770.3974064228 131917.1416977836
117289.4899586107 131757.0620444552
117610.0949238188 131757.0620444552
117770.3974064228 131757.0620444552
117610.0949238188 131596.9823911269
117289.4899586107 131436.9027377985
117610.0949238188 131276.8230844702
120816.1445758993 128395.3893245597
120816.1445758993 128075.2300179030
121136.7495411074 127755.0707112463
121136.7495411074 127434.9114045895
121617.6569889195 127434.9114045895
121457.3545063154 127274.8317512612
121617.6569889195 127274.8317512612
121777.9594715235 127274.8317512612
121617.6569889195 127114.7520979328
121777.9594715235 127114.7520979328
121938.2619541275 127114.7520979328
121457.3545063154 126954.6724446045
121617.6569889195 126954.6724446045
121938.2619541275 126794.5927912761
122579.4718845436 126794.5927912761
121777.9594715235 126634.5131379478
129953.3860843289 118790.6101248582
129793.0836017248 119110.7694315149
129632.7811191208 119430.9287381716
129472.4786365168 119911.1676981567
129312.1761539127 120231.3270048134
121777.9594715235 126954.6724446045
121457.3545063154 127434.9114045895

120655.8420932953 135438.8940710075
120816.1445758993 135118.7347643508
121136.7495411074 134958.6551110224
123220.6818149597 133357.8585777388
123220.6818149597 133037.6992710821
123380.9842975638 132717.5399644254
117449.7924412148 132557.4603110970
117449.7924412148 132237.3010044403
117610.0949238188 132077.2213511119
117449.7924412148 131917.1416977836
117610.0949238188 131917.1416977836
129953.3860843289 118790.6101248582
129793.0836017248 119110.7694315149
129632.7811191208 119430.9287381716
129312.1761539127 119591.0083915000
129632.7811191208 120071.2473514851
129312.1761539127 120231.3270048134
128991.5711887047 120391.4066581418
121777.9594715235 126634.5131379478
122579.4718845436 126794.5927912761
121938.2619541275 126794.5927912761
121617.6569889195 126954.6724446045
121457.3545063154 126954.6724446045
121938.2619541275 127114.7520979328
121777.9594715235 127114.7520979328
121617.6569889195 127114.7520979328
121777.9594715235 127274.8317512612
121617.6569889195 127274.8317512612
121457.3545063154 127274.8317512612
121617.6569889195 127434.9114045895
121136.7495411074 127434.9114045895
121136.7495411074 127755.0707112463
120816.1445758993 128075.2300179030
120816.1445758993 128395.3893245597
117610.0949238188 131276.8230844702
117289.4899586107 131436.9027377985
117610.0949238188 131596.9823911269
117770.3974064228 131757.0620444552
117610.0949238188 131757.0620444552
117289.4899586107 131757.0620444552

120655.8420932953 135438.8940710075
120816.1445758993 135118.7347643508
121136.7495411074 134958.6551110224
123220.6818149597 133357.8585777388
129953.3860843289 118790.6101248582
129793.0836017248 119110.7694315149
129632.7811191208 119430.9287381716
129312.1761539127 119591.0083915000
129632.7811191208 120071.2473514851
129312.1761539127 120231.3270048134
128991.5711887047 120391.4066581418
121457.3545063154 126954.6724446045
121777.9594715235 126634.5131379478
122579.4718845436 126794.5927912761
121617.6569889195 126954.6724446045
121938.2619541275 127114.7520979328
121777.9594715235 127114.7520979328
121777.9594715235 127274.8317512612
121457.3545063154 127274.8317512612
121617.6569889195 127434.9114045895
121136.7495411074 127434.9114045895
121136.7495411074 127755.0707112463
120816.1445758993 128075.2300179030
120816.1445758993 128395.3893245597
120495.5396106913 128555.4689778881
117770.3974064228 130956.6637778134
117610.0949238188 131276.8230844702
117289.4899586107 131436.9027377985
117610.0949238188 131596.9823911269
117449.7924412148 131596.9823911269
117770.3974064228 131757.0620444552
117610.0949238188 131757.0620444552
117289.4899586107 131757.0620444552
117610.0949238188 131917.1416977836
117449.7924412148 131917.1416977836
117610.0949238188 132077.2213511119
117449.7924412148 132237.3010044403
117449.7924412148 132557.4603110970
123380.9842975638 132717.5399644254
123220.6818149597 133037.6992710821

120655.8420932953 135438.8940710075
120816.1445758993 135118.7347643508
121136.7495411074 134958.6551110224
117449.7924412148 132557.4603110970
117449.7924412148 132237.3010044403
117289.4899586107 132077.2213511119
117449.7924412148 132077.2213511119
117610.0949238188 132077.2213511119
117449.7924412148 131917.1416977836
117610.0949238188 131917.1416977836
117770.3974064228 131917.1416977836
117289.4899586107 131757.0620444552
117449.7924412148 131757.0620444552
117610.0949238188 131757.0620444552
117770.3974064228 131757.0620444552
117449.7924412148 131596.9823911269
117610.0949238188 131596.9823911269
117289.4899586107 131436.9027377985
117610.0949238188 131276.8230844702
129793.0836017248 119110.7694315149
129632.7811191208 119430.9287381716
121777.9594715235 126634.5131379478
121777.9594715235 126794.5927912761
121938.2619541275 126954.6724446045
121777.9594715235 126954.6724446045
121617.6569889195 126954.6724446045
121457.3545063154 126954.6724446045
121938.2619541275 127114.7520979328
121777.9594715235 127114.7520979328
121617.6569889195 127114.7520979328
121777.9594715235 127274.8317512612
121617.6569889195 127274.8317512612
121457.3545063154 127274.8317512612
121297.0520237114 127274.8317512612
121617.6569889195 127434.9114045895
121457.3545063154 127434.9114045895
121297.0520237114 127594.9910579179
120976.4470585034 127755.0707112463
120816.1445758993 128075.2300179030
117610.0949238188 131436.9027377985

120655.8420932953 135438.8940710075
120816.1445758993 135118.7347643508
117449.7924412148 132557.4603110970
117449.7924412148 132237.3010044403
117289.4899586107 132077.2213511119
117610.0949238188 132077.2213511119
117449.7924412148 131917.1416977836
117610.0949238188 131917.1416977836
117289.4899586107 131757.0620444552
117449.7924412148 131757.0620444552
117610.0949238188 131757.0620444552
117770.3974064228 131757.0620444552
117449.7924412148 131596.9823911269
117610.0949238188 131596.9823911269
117289.4899586107 131436.9027377985
117610.0949238188 131436.9027377985
117610.0949238188 131276.8230844702
129953.3860843289 118790.6101248582
129793.0836017248 119110.7694315149
129632.7811191208 119430.9287381716
121777.9594715235 126634.5131379478
121777.9594715235 126794.5927912761
121938.2619541275 126954.6724446045
121777.9594715235 126954.6724446045
121617.6569889195 126954.6724446045
121457.3545063154 126954.6724446045
121938.2619541275 127114.7520979328
121777.9594715235 127114.7520979328
121617.6569889195 127114.7520979328
121777.9594715235 127274.8317512612
121617.6569889195 127274.8317512612
121457.3545063154 127274.8317512612
121297.0520237114 127274.8317512612
121617.6569889195 127434.9114045895
121457.3545063154 127434.9114045895
121297.0520237114 127594.9910579179
120976.4470585034 127755.0707112463
120816.1445758993 128075.2300179030
117770.3974064228 131596.9823911269
117449.7924412148 132077.2213511119

120655.8420932953 135438.8940710075
120816.1445758993 135118.7347643508
129953.3860843289 118790.6101248582
129793.0836017248 119110.7694315149
129632.7811191208 119430.9287381716
121777.9594715235 126634.5131379478
121777.9594715235 126794.5927912761
121938.2619541275 126954.6724446045
121777.9594715235 126954.6724446045
121617.6569889195 126954.6724446045
121457.3545063154 126954.6724446045
121938.2619541275 127114.7520979328
121777.9594715235 127114.7520979328
121617.6569889195 127114.7520979328
121777.9594715235 127274.8317512612
121617.6569889195 127274.8317512612
121457.3545063154 127274.8317512612
121297.0520237114 127274.8317512612
121617.6569889195 127434.9114045895
121457.3545063154 127434.9114045895
121297.0520237114 127594.9910579179
120976.4470585034 127755.0707112463
120816.1445758993 128075.2300179030
117610.0949238188 131276.8230844702
117610.0949238188 131436.9027377985
117289.4899586107 131436.9027377985
117770.3974064228 131596.9823911269
117610.0949238188 131596.9823911269
117449.7924412148 131596.9823911269
117770.3974064228 131757.0620444552
117610.0949238188 131757.0620444552
117449.7924412148 131757.0620444552
117289.4899586107 131757.0620444552
117770.3974064228 131917.1416977836
117610.0949238188 131917.1416977836
117449.7924412148 131917.1416977836
117610.0949238188 132077.2213511119
117449.7924412148 132077.2213511119
117289.4899586107 132077.2213511119
117449.7924412148 132557.4603110970

120655.8420932953 135438.8940710075
120816.1445758993 135118.7347643508
121136.7495411074 134958.6551110224
123220.6818149597 133037.6992710821
117449.7924412148 132877.6196177537
129953.3860843289 118790.6101248582
129793.0836017248 119110.7694315149
129632.7811191208 119430.9287381716
129312.1761539127 119591.0083915000
129632.7811191208 120071.2473514851
129312.1761539127 120231.3270048134
128991.5711887047 120391.4066581418
121777.9594715235 126634.5131379478
122579.4718845436 126794.5927912761
121938.2619541275 126794.5927912761
121617.6569889195 126954.6724446045
121457.3545063154 126954.6724446045
121938.2619541275 127114.7520979328
121777.9594715235 127114.7520979328
121617.6569889195 127114.7520979328
121777.9594715235 127274.8317512612
121617.6569889195 127274.8317512612
121457.3545063154 127274.8317512612
121617.6569889195 127434.9114045895
121136.7495411074 127434.9114045895
121136.7495411074 127755.0707112463
120816.1445758993 128075.2300179030
120816.1445758993 128395.3893245597
117610.0949238188 131276.8230844702
117289.4899586107 131436.9027377985
117610.0949238188 131596.9823911269
117770.3974064228 131757.0620444552
117610.0949238188 131757.0620444552
117289.4899586107 131757.0620444552
117770.3974064228 131917.1416977836
117610.0949238188 131917.1416977836
117449.7924412148 131917.1416977836
117610.0949238188 132077.2213511119
117449.7924412148 132237.3010044403
117449.7924412148 132557.4603110970

120655.8420932953 135438.8940710075
120816.1445758993 135118.7347643508
121136.7495411074 134958.6551110224
117449.7924412148 132557.4603110970
117449.7924412148 132237.3010044403
117289.4899586107 132077.2213511119
117449.7924412148 132077.2213511119
117610.0949238188 132077.2213511119
117449.7924412148 131917.1416977836
117610.0949238188 131917.1416977836
117770.3974064228 131917.1416977836
117289.4899586107 131757.0620444552
117449.7924412148 131757.0620444552
117610.0949238188 131757.0620444552
117770.3974064228 131757.0620444552
117449.7924412148 131596.9823911269
117610.0949238188 131596.9823911269
117289.4899586107 131436.9027377985
117610.0949238188 131276.8230844702
129953.3860843289 118790.6101248582
129793.0836017248 119110.7694315149
129632.7811191208 119430.9287381716
121777.9594715235 126634.5131379478
121777.9594715235 126794.5927912761
121938.2619541275 126954.6724446045
121777.9594715235 126954.6724446045
121617.6569889195 126954.6724446045
121457.3545063154 126954.6724446045
121938.2619541275 127114.7520979328
121777.9594715235 127114.7520979328
121617.6569889195 127114.7520979328
121777.9594715235 127274.8317512612
121617.6569889195 127274.8317512612
121457.3545063154 127274.8317512612
121297.0520237114 127274.8317512612
121617.6569889195 127434.9114045895
121457.3545063154 127434.9114045895
121297.0520237114 127594.9910579179
120976.4470585034 127755.0707112463
120816.1445758993 128075.2300179030

120655.8420932953 135438.8940710075
120816.1445758993 135118.7347643508
117449.7924412148 132557.4603110970
129953.3860843289 118790.6101248582
129793.0836017248 119110.7694315149
129632.7811191208 119430.9287381716
121777.9594715235 126634.5131379478
121777.9594715235 126794.5927912761
121938.2619541275 126954.6724446045
121777.9594715235 126954.6724446045
121617.6569889195 126954.6724446045
121457.3545063154 126954.6724446045
121938.2619541275 127114.7520979328
121777.9594715235 127114.7520979328
121617.6569889195 127114.7520979328
121777.9594715235 127274.8317512612
121617.6569889195 127274.8317512612
121457.3545063154 127274.8317512612
121297.0520237114 127274.8317512612
121617.6569889195 127434.9114045895
121457.3545063154 127434.9114045895
121297.0520237114 127594.9910579179
120976.4470585034 127755.0707112463
120816.1445758993 128075.2300179030
117610.0949238188 131276.8230844702
117610.0949238188 131436.9027377985
117289.4899586107 131436.9027377985
117770.3974064228 131596.9823911269
117610.0949238188 131596.9823911269
117449.7924412148 131596.9823911269
117770.3974064228 131757.0620444552
117610.0949238188 131757.0620444552
117449.7924412148 131757.0620444552
117289.4899586107 131757.0620444552
117610.0949238188 131917.1416977836
117449.7924412148 131917.1416977836
117610.0949238188 132077.2213511119
117449.7924412148 132077.2213511119
117289.4899586107 132077.2213511119
117289.4899586107 132397.3806577687

120655.8420932953 135438.8940710075
120816.1445758993 135118.7347643508
121136.7495411074 134958.6551110224
117129.1874760067 133998.1771910522
123220.6818149597 133357.8585777388
123220.6818149597 133037.6992710821
123380.9842975638 132717.5399644254
117449.7924412148 132557.4603110970
117449.7924412148 132237.3010044403
117610.0949238188 132077.2213511119
117129.1874760067 131757.0620444552
117770.3974064228 131757.0620444552
117610.0949238188 131276.8230844702
133159.4357364094 131116.7434311418
117770.3974064228 130956.6637778134
133319.7382190134 130636.5044711567
129632.7811191208 129836.1062045149
120495.5396106913 128555.4689778881
120816.1445758993 128395.3893245597
120816.1445758993 128075.2300179030
121136.7495411074 127755.0707112463
121136.7495411074 127434.9114045895
121617.6569889195 127434.9114045895
121457.3545063154 127274.8317512612
121777.9594715235 127274.8317512612
121777.9594715235 127114.7520979328
121938.2619541275 127114.7520979328
122579.4718845436 126794.5927912761
121777.9594715235 126634.5131379478
129953.3860843289 118790.6101248582
129793.0836017248 119110.7694315149
129632.7811191208 119430.9287381716
129312.1761539127 119591.0083915000
129632.7811191208 120071.2473514851
129312.1761539127 120231.3270048134
128991.5711887047 120391.4066581418
126426.7314670403 125994.1945246343
121617.6569889195 126954.6724446045
117289.4899586107 131436.9027377985
117610.0949238188 131596.9823911269

120655.8420932953 135438.8940710075
120816.1445758993 135118.7347643508
117449.7924412148 132557.4603110970
117449.7924412148 132237.3010044403
117289.4899586107 132077.2213511119
117610.0949238188 132077.2213511119
117449.7924412148 131917.1416977836
117610.0949238188 131917.1416977836
117289.4899586107 131757.0620444552
117449.7924412148 131757.0620444552
117610.0949238188 131757.0620444552
117770.3974064228 131757.0620444552
117449.7924412148 131596.9823911269
117610.0949238188 131596.9823911269
117289.4899586107 131436.9027377985
117610.0949238188 131436.9027377985
117610.0949238188 131276.8230844702
120816.1445758993 128395.3893245597
120816.1445758993 128075.2300179030
129953.3860843289 118790.6101248582
129793.0836017248 119110.7694315149
129632.7811191208 119430.9287381716
129472.4786365168 119911.1676981567
129312.1761539127 120231.3270048134
121777.9594715235 126634.5131379478
122579.4718845436 126794.5927912761
121938.2619541275 126794.5927912761
121777.9594715235 126954.6724446045
121617.6569889195 126954.6724446045
121457.3545063154 126954.6724446045
121938.2619541275 127114.7520979328
121777.9594715235 127114.7520979328
121617.6569889195 127114.7520979328
121777.9594715235 127274.8317512612
121617.6569889195 127274.8317512612
121457.3545063154 127274.8317512612
121617.6569889195 127434.9114045895
121457.3545063154 127434.9114045895
121136.7495411074 127434.9114045895
121136.7495411074 127755.0707112463

120655.8420932953 135438.8940710075
120816.1445758993 135118.7347643508
121136.7495411074 134958.6551110224
117289.4899586107 132397.3806577687
117289.4899586107 132077.2213511119
117449.7924412148 132077.2213511119
117610.0949238188 132077.2213511119
129953.3860843289 118790.6101248582
129793.0836017248 119110.7694315149
129632.7811191208 119430.9287381716
129472.4786365168 119911.1676981567
121777.9594715235 126634.5131379478
121777.9594715235 126794.5927912761
121938.2619541275 126954.6724446045
121777.9594715235 126954.6724446045
121617.6569889195 126954.6724446045
121457.3545063154 126954.6724446045
121938.2619541275 127114.7520979328
121777.9594715235 127114.7520979328
121617.6569889195 127114.7520979328
121777.9594715235 127274.8317512612
121617.6569889195 127274.8317512612
121457.3545063154 127274.8317512612
121617.6569889195 127434.9114045895
121457.3545063154 127434.9114045895
121136.7495411074 127434.9114045895
121136.7495411074 127755.0707112463
120816.1445758993 128075.2300179030
120816.1445758993 128395.3893245597
117610.0949238188 131276.8230844702
117289.4899586107 131436.9027377985
117610.0949238188 131596.9823911269
117449.7924412148 131596.9823911269
117770.3974064228 131757.0620444552
117610.0949238188 131757.0620444552
117449.7924412148 131757.0620444552
117289.4899586107 131757.0620444552
117770.3974064228 131917.1416977836
117610.0949238188 131917.1416977836
117449.7924412148 131917.1416977836

120655.8420932953 135438.8940710075
120816.1445758993 135118.7347643508
121136.7495411074 134958.6551110224
129953.3860843289 118790.6101248582
129793.0836017248 119110.7694315149
129632.7811191208 119430.9287381716
121777.9594715235 126634.5131379478
121777.9594715235 126794.5927912761
121938.2619541275 126954.6724446045
121777.9594715235 126954.6724446045
121617.6569889195 126954.6724446045
121457.3545063154 126954.6724446045
121938.2619541275 127114.7520979328
121777.9594715235 127114.7520979328
121617.6569889195 127114.7520979328
121777.9594715235 127274.8317512612
121617.6569889195 127274.8317512612
121457.3545063154 127274.8317512612
121297.0520237114 127274.8317512612
121617.6569889195 127434.9114045895
121457.3545063154 127434.9114045895
121297.0520237114 127594.9910579179
120976.4470585034 127755.0707112463
120816.1445758993 128075.2300179030
117610.0949238188 131276.8230844702
117610.0949238188 131436.9027377985
117289.4899586107 131436.9027377985
117610.0949238188 131596.9823911269
117449.7924412148 131596.9823911269
117770.3974064228 131757.0620444552
117610.0949238188 131757.0620444552
117449.7924412148 131757.0620444552
117289.4899586107 131757.0620444552
117770.3974064228 131917.1416977836
117610.0949238188 131917.1416977836
117449.7924412148 131917.1416977836
117610.0949238188 132077.2213511119
117289.4899586107 132077.2213511119
117449.7924412148 132237.3010044403
117449.7924412148 132557.4603110970

120655.8420932953 135438.8940710075
120816.1445758993 135118.7347643508
121136.7495411074 134958.6551110224
123220.6818149597 133037.6992710821
117449.7924412148 132877.6196177537
117449.7924412148 132557.4603110970
117449.7924412148 132237.3010044403
117610.0949238188 132077.2213511119
117449.7924412148 131917.1416977836
117610.0949238188 131917.1416977836
117289.4899586107 131757.0620444552
117449.7924412148 131757.0620444552
117610.0949238188 131757.0620444552
117770.3974064228 131757.0620444552
117449.7924412148 131596.9823911269
117610.0949238188 131596.9823911269
117289.4899586107 131436.9027377985
117610.0949238188 131276.8230844702
120816.1445758993 128395.3893245597
120816.1445758993 128075.2300179030
121136.7495411074 127755.0707112463
121136.7495411074 127434.9114045895
121457.3545063154 127434.9114045895
121617.6569889195 127434.9114045895
121457.3545063154 127274.8317512612
121617.6569889195 127274.8317512612
121777.9594715235 127274.8317512612
121617.6569889195 127114.7520979328
121777.9594715235 127114.7520979328
121938.2619541275 127114.7520979328
121457.3545063154 126954.6724446045
121617.6569889195 126954.6724446045
121777.9594715235 126954.6724446045
121938.2619541275 126954.6724446045
121777.9594715235 126794.5927912761
121777.9594715235 126634.5131379478
129472.4786365168 119911.1676981567
129632.7811191208 119430.9287381716
129793.0836017248 119110.7694315149
129953.3860843289 118790.6101248582

120655.8420932953 135438.8940710075
120816.1445758993 135118.7347643508
121136.7495411074 134958.6551110224
129953.3860843289 118790.6101248582
129793.0836017248 119110.7694315149
129632.7811191208 119430.9287381716
129312.1761539127 119591.0083915000
129632.7811191208 120071.2473514851
129312.1761539127 120231.3270048134
128991.5711887047 120391.4066581418
130754.8984973490 123432.9200713806
130754.8984973490 124393.3979913508
133319.7382190134 130636.5044711567
122258.8669193356 126314.3538312911
125464.9165714161 126474.4334846194
121777.9594715235 126634.5131379478
122579.4718845436 126794.5927912761
121938.2619541275 127114.7520979328
121777.9594715235 127114.7520979328
121777.9594715235 127274.8317512612
121457.3545063154 127274.8317512612
130113.6885669329 124873.6369513358
121136.7495411074 127434.9114045895
121136.7495411074 127755.0707112463
120816.1445758993 128075.2300179030
120816.1445758993 128395.3893245597
120495.5396106913 128555.4689778881
129632.7811191208 129836.1062045149
117770.3974064228 130956.6637778134
133159.4357364094 131116.7434311418
117610.0949238188 131276.8230844702
117770.3974064228 131757.0620444552
117129.1874760067 131757.0620444552
117610.0949238188 132077.2213511119
117449.7924412148 132237.3010044403
117449.7924412148 132557.4603110970
123380.9842975638 132717.5399644254
123220.6818149597 133037.6992710821
123220.6818149597 133357.8585777388
117129.1874760067 133998.1771910522

120655.8420932953 135438.8940710075
120816.1445758993 135118.7347643508
121136.7495411074 134958.6551110224
123220.6818149597 133357.8585777388
123220.6818149597 133037.6992710821
123380.9842975638 132717.5399644254
117449.7924412148 132557.4603110970
117449.7924412148 132237.3010044403
117610.0949238188 132077.2213511119
117449.7924412148 131917.1416977836
117610.0949238188 131917.1416977836
117770.3974064228 131917.1416977836
117289.4899586107 131757.0620444552
117770.3974064228 131757.0620444552
129953.3860843289 118790.6101248582
129793.0836017248 119110.7694315149
129632.7811191208 119430.9287381716
129472.4786365168 119911.1676981567
129312.1761539127 120231.3270048134
121777.9594715235 126634.5131379478
121777.9594715235 126954.6724446045
121617.6569889195 126954.6724446045
121457.3545063154 126954.6724446045
121938.2619541275 127114.7520979328
121777.9594715235 127114.7520979328
121617.6569889195 127114.7520979328
121777.9594715235 127274.8317512612
121617.6569889195 127274.8317512612
121457.3545063154 127274.8317512612
121617.6569889195 127434.9114045895
121457.3545063154 127434.9114045895
121136.7495411074 127434.9114045895
121136.7495411074 127755.0707112463
120816.1445758993 128075.2300179030
120816.1445758993 128395.3893245597
117610.0949238188 131276.8230844702
117289.4899586107 131436.9027377985
117610.0949238188 131596.9823911269
117449.7924412148 131596.9823911269
117610.0949238188 131757.0620444552

120655.8420932953 135438.8940710075
120816.1445758993 135118.7347643508
121136.7495411074 134958.6551110224
123220.6818149597 133037.6992710821
117449.7924412148 132877.6196177537
117449.7924412148 132557.4603110970
117449.7924412148 132237.3010044403
117610.0949238188 132077.2213511119
117449.7924412148 131917.1416977836
117610.0949238188 131917.1416977836
117289.4899586107 131757.0620444552
117449.7924412148 131757.0620444552
117610.0949238188 131757.0620444552
117770.3974064228 131757.0620444552
117449.7924412148 131596.9823911269
117610.0949238188 131596.9823911269
117289.4899586107 131436.9027377985
117610.0949238188 131276.8230844702
129953.3860843289 118790.6101248582
129793.0836017248 119110.7694315149
129632.7811191208 119430.9287381716
121777.9594715235 126634.5131379478
121938.2619541275 126954.6724446045
121777.9594715235 126954.6724446045
121617.6569889195 126954.6724446045
121457.3545063154 126954.6724446045
121938.2619541275 127114.7520979328
121777.9594715235 127114.7520979328
121617.6569889195 127114.7520979328
121457.3545063154 127114.7520979328
121777.9594715235 127274.8317512612
121617.6569889195 127274.8317512612
121457.3545063154 127274.8317512612
121297.0520237114 127274.8317512612
121617.6569889195 127434.9114045895
121457.3545063154 127434.9114045895
121297.0520237114 127594.9910579179
120976.4470585034 127755.0707112463
120816.1445758993 128075.2300179030
120816.1445758993 128395.3893245597

120655.8420932953 135438.8940710075
120816.1445758993 135118.7347643508
121136.7495411074 134958.6551110224
117449.7924412148 132557.4603110970
117449.7924412148 132237.3010044403
117289.4899586107 132077.2213511119
117610.0949238188 132077.2213511119
117449.7924412148 131917.1416977836
117610.0949238188 131917.1416977836
117770.3974064228 131917.1416977836
117289.4899586107 131757.0620444552
117449.7924412148 131757.0620444552
117610.0949238188 131757.0620444552
117770.3974064228 131757.0620444552
117449.7924412148 131596.9823911269
117610.0949238188 131596.9823911269
117289.4899586107 131436.9027377985
117610.0949238188 131276.8230844702
129953.3860843289 118790.6101248582
129793.0836017248 119110.7694315149
129632.7811191208 119430.9287381716
129472.4786365168 119911.1676981567
129312.1761539127 120231.3270048134
121777.9594715235 126634.5131379478
121777.9594715235 126954.6724446045
121617.6569889195 126954.6724446045
121457.3545063154 126954.6724446045
121938.2619541275 127114.7520979328
121777.9594715235 127114.7520979328
121617.6569889195 127114.7520979328
121777.9594715235 127274.8317512612
121617.6569889195 127274.8317512612
121457.3545063154 127274.8317512612
121617.6569889195 127434.9114045895
121457.3545063154 127434.9114045895
121136.7495411074 127434.9114045895
121136.7495411074 127755.0707112463
120816.1445758993 128075.2300179030
120816.1445758993 128395.3893245597
117449.7924412148 132877.6196177537

120655.8420932953 135438.8940710075
120816.1445758993 135118.7347643508
121136.7495411074 134958.6551110224
123220.6818149597 133037.6992710821
117449.7924412148 132877.6196177537
117449.7924412148 132557.4603110970
117449.7924412148 132237.3010044403
117610.0949238188 132077.2213511119
117449.7924412148 131917.1416977836
117610.0949238188 131917.1416977836
117289.4899586107 131757.0620444552
117449.7924412148 131757.0620444552
117610.0949238188 131757.0620444552
117770.3974064228 131757.0620444552
117449.7924412148 131596.9823911269
117610.0949238188 131596.9823911269
117289.4899586107 131436.9027377985
117610.0949238188 131276.8230844702
129953.3860843289 118790.6101248582
129793.0836017248 119110.7694315149
129632.7811191208 119430.9287381716
129472.4786365168 119911.1676981567
129312.1761539127 120231.3270048134
121777.9594715235 126634.5131379478
122579.4718845436 126794.5927912761
121938.2619541275 126794.5927912761
121777.9594715235 126954.6724446045
121617.6569889195 126954.6724446045
121457.3545063154 126954.6724446045
121938.2619541275 127114.7520979328
121777.9594715235 127114.7520979328
121617.6569889195 127114.7520979328
121777.9594715235 127274.8317512612
121617.6569889195 127274.8317512612
121457.3545063154 127274.8317512612
121617.6569889195 127434.9114045895
121457.3545063154 127434.9114045895
121136.7495411074 127434.9114045895
121136.7495411074 127755.0707112463
120816.1445758993 128075.2300179030

120655.8420932953 135438.8940710075
120816.1445758993 135118.7347643508
121136.7495411074 134958.6551110224
123220.6818149597 133037.6992710821
117449.7924412148 132557.4603110970
129953.3860843289 118790.6101248582
129793.0836017248 119110.7694315149
129632.7811191208 119430.9287381716
129312.1761539127 119591.0083915000
129632.7811191208 120071.2473514851
129312.1761539127 120231.3270048134
128991.5711887047 120391.4066581418
121777.9594715235 126634.5131379478
122579.4718845436 126794.5927912761
121938.2619541275 126794.5927912761
121617.6569889195 126954.6724446045
121457.3545063154 126954.6724446045
121938.2619541275 127114.7520979328
121777.9594715235 127114.7520979328
121617.6569889195 127114.7520979328
121777.9594715235 127274.8317512612
121617.6569889195 127274.8317512612
121457.3545063154 127274.8317512612
121617.6569889195 127434.9114045895
121136.7495411074 127434.9114045895
121136.7495411074 127755.0707112463
120816.1445758993 128075.2300179030
120816.1445758993 128395.3893245597
117610.0949238188 131276.8230844702
117289.4899586107 131436.9027377985
117610.0949238188 131596.9823911269
126266.4289844362 126154.2741779627
117289.4899586107 131757.0620444552
117770.3974064228 131917.1416977836
117610.0949238188 131917.1416977836
117449.7924412148 131917.1416977836
117610.0949238188 132077.2213511119
117449.7924412148 132237.3010044403
123380.9842975638 132717.5399644254
123220.6818149597 133357.8585777388

120655.8420932953 135438.8940710075
120816.1445758993 135118.7347643508
121136.7495411074 134958.6551110224
117289.4899586107 132397.3806577687
117449.7924412148 132237.3010044403
117289.4899586107 132077.2213511119
117449.7924412148 132077.2213511119
117610.0949238188 132077.2213511119
117449.7924412148 131917.1416977836
117610.0949238188 131917.1416977836
117770.3974064228 131917.1416977836
117289.4899586107 131757.0620444552
117449.7924412148 131757.0620444552
117610.0949238188 131757.0620444552
117770.3974064228 131757.0620444552
117449.7924412148 131596.9823911269
117610.0949238188 131596.9823911269
117289.4899586107 131436.9027377985
129953.3860843289 118790.6101248582
129793.0836017248 119110.7694315149
129632.7811191208 119430.9287381716
121777.9594715235 126634.5131379478
121777.9594715235 126794.5927912761
121938.2619541275 126954.6724446045
121777.9594715235 126954.6724446045
121617.6569889195 126954.6724446045
121457.3545063154 126954.6724446045
121938.2619541275 127114.7520979328
121777.9594715235 127114.7520979328
121617.6569889195 127114.7520979328
121777.9594715235 127274.8317512612
121617.6569889195 127274.8317512612
121457.3545063154 127274.8317512612
121297.0520237114 127274.8317512612
121617.6569889195 127434.9114045895
121457.3545063154 127434.9114045895
121297.0520237114 127594.9910579179
120976.4470585034 127755.0707112463
120816.1445758993 128075.2300179030
117610.0949238188 131276.8230844702

120655.8420932953 135438.8940710075
120816.1445758993 135118.7347643508
121136.7495411074 134958.6551110224
123220.6818149597 133357.8585777388
123220.6818149597 133037.6992710821
123380.9842975638 132717.5399644254
117449.7924412148 132557.4603110970
117449.7924412148 132237.3010044403
129953.3860843289 118790.6101248582
129793.0836017248 119110.7694315149
129632.7811191208 119430.9287381716
129312.1761539127 119591.0083915000
129632.7811191208 120071.2473514851
129312.1761539127 120231.3270048134
121777.9594715235 126634.5131379478
122579.4718845436 126794.5927912761
121938.2619541275 126794.5927912761
121777.9594715235 126954.6724446045
121617.6569889195 126954.6724446045
121457.3545063154 126954.6724446045
121938.2619541275 127114.7520979328
121777.9594715235 127114.7520979328
121617.6569889195 127114.7520979328
121777.9594715235 127274.8317512612
121617.6569889195 127274.8317512612
121457.3545063154 127274.8317512612
121617.6569889195 127434.9114045895
121457.3545063154 127434.9114045895
121136.7495411074 127434.9114045895
121136.7495411074 127755.0707112463
120976.4470585034 127755.0707112463
120816.1445758993 128075.2300179030
120495.5396106913 128235.3096712314
117610.0949238188 131276.8230844702
117289.4899586107 131436.9027377985
117610.0949238188 131596.9823911269
117770.3974064228 131757.0620444552
117289.4899586107 131757.0620444552
117770.3974064228 131917.1416977836
117610.0949238188 131917.1416977836

120655.8420932953 135438.8940710075
120816.1445758993 135118.7347643508
121136.7495411074 134958.6551110224
123220.6818149597 133357.8585777388
123220.6818149597 133037.6992710821
123380.9842975638 132717.5399644254
117449.7924412148 132557.4603110970
117449.7924412148 132237.3010044403
117610.0949238188 132077.2213511119
117449.7924412148 131917.1416977836
117610.0949238188 131917.1416977836
117289.4899586107 131757.0620444552
117610.0949238188 131757.0620444552
117770.3974064228 131757.0620444552
117449.7924412148 131596.9823911269
117610.0949238188 131596.9823911269
117289.4899586107 131436.9027377985
117610.0949238188 131276.8230844702
117770.3974064228 130956.6637778134
120495.5396106913 128555.4689778881
120816.1445758993 128395.3893245597
120816.1445758993 128075.2300179030
121136.7495411074 127755.0707112463
121136.7495411074 127434.9114045895
121617.6569889195 127434.9114045895
121457.3545063154 127274.8317512612
121777.9594715235 127274.8317512612
121777.9594715235 127114.7520979328
121938.2619541275 127114.7520979328
121617.6569889195 126954.6724446045
122579.4718845436 126794.5927912761
121777.9594715235 126634.5131379478
129953.3860843289 118790.6101248582
129793.0836017248 119110.7694315149
129632.7811191208 119430.9287381716
129312.1761539127 119591.0083915000
129632.7811191208 120071.2473514851
129312.1761539127 120231.3270048134
128991.5711887047 120391.4066581418
121938.2619541275 126794.5927912761

120655.8420932953 135438.8940710075
120816.1445758993 135118.7347643508
117449.7924412148 132557.4603110970
117449.7924412148 132237.3010044403
117289.4899586107 132077.2213511119
117449.7924412148 132077.2213511119
117610.0949238188 132077.2213511119
117449.7924412148 131917.1416977836
117610.0949238188 131917.1416977836
117289.4899586107 131757.0620444552
117449.7924412148 131757.0620444552
117610.0949238188 131757.0620444552
117770.3974064228 131757.0620444552
117449.7924412148 131596.9823911269
117610.0949238188 131596.9823911269
117289.4899586107 131436.9027377985
117610.0949238188 131436.9027377985
117610.0949238188 131276.8230844702
120816.1445758993 128395.3893245597
129953.3860843289 118790.6101248582
129793.0836017248 119110.7694315149
129632.7811191208 119430.9287381716
121777.9594715235 126634.5131379478
121777.9594715235 126794.5927912761
121938.2619541275 126954.6724446045
121777.9594715235 126954.6724446045
121617.6569889195 126954.6724446045
121457.3545063154 126954.6724446045
121938.2619541275 127114.7520979328
121777.9594715235 127114.7520979328
121617.6569889195 127114.7520979328
121777.9594715235 127274.8317512612
121617.6569889195 127274.8317512612
121457.3545063154 127274.8317512612
121297.0520237114 127274.8317512612
121617.6569889195 127434.9114045895
121457.3545063154 127434.9114045895
121297.0520237114 127594.9910579179
120976.4470585034 127755.0707112463
120816.1445758993 128075.2300179030

120655.8420932953 135438.8940710075
120816.1445758993 135118.7347643508
121136.7495411074 134958.6551110224
117289.4899586107 132397.3806577687
117289.4899586107 132077.2213511119
117449.7924412148 132077.2213511119
117610.0949238188 132077.2213511119
117449.7924412148 131917.1416977836
117610.0949238188 131917.1416977836
117289.4899586107 131757.0620444552
117449.7924412148 131757.0620444552
117610.0949238188 131757.0620444552
117770.3974064228 131757.0620444552
117449.7924412148 131596.9823911269
117610.0949238188 131596.9823911269
117770.3974064228 131596.9823911269
117289.4899586107 131436.9027377985
117610.0949238188 131436.9027377985
117610.0949238188 131276.8230844702
120816.1445758993 128075.2300179030
120976.4470585034 127755.0707112463
121297.0520237114 127594.9910579179
121457.3545063154 127434.9114045895
121617.6569889195 127434.9114045895
121297.0520237114 127274.8317512612
121457.3545063154 127274.8317512612
121617.6569889195 127274.8317512612
121777.9594715235 127274.8317512612
121617.6569889195 127114.7520979328
121777.9594715235 127114.7520979328
121938.2619541275 127114.7520979328
121457.3545063154 126954.6724446045
121617.6569889195 126954.6724446045
121777.9594715235 126954.6724446045
121938.2619541275 126954.6724446045
121777.9594715235 126794.5927912761
121777.9594715235 126634.5131379478
129953.3860843289 118790.6101248582
129793.0836017248 119110.7694315149
129632.7811191208 119430.9287381716

120655.8420932953 135438.8940710075
120816.1445758993 135118.7347643508
121136.7495411074 134958.6551110224
117129.1874760067 133998.1771910522
123220.6818149597 133357.8585777388
123220.6818149597 133037.6992710821
123380.9842975638 132717.5399644254
117449.7924412148 132557.4603110970
117449.7924412148 132237.3010044403
117610.0949238188 132077.2213511119
117129.1874760067 131757.0620444552
117770.3974064228 131757.0620444552
117610.0949238188 131276.8230844702
133159.4357364094 131116.7434311418
117770.3974064228 130956.6637778134
129632.7811191208 129836.1062045149
134922.7630450537 115909.1763649478
133480.0407016175 116869.6542849179
133480.0407016175 117189.8135915746
132678.5282885973 117830.1322048881
132197.6208407852 117990.2118582164
129953.3860843289 118790.6101248582
132037.3183581812 118950.6897781866
129312.1761539127 119911.1676981567
129793.0836017248 120551.4863114702
129472.4786365168 120711.5659647985
127709.1513278725 120711.5659647985
128029.7562930805 122312.3624980821
130754.8984973490 123112.7607647239
129312.1761539127 123753.0793780373
128670.9662234966 124073.2386846940
128190.0587756846 124873.6369513358
130113.6885669329 125353.8759113209
128991.5711887047 126634.5131379478
122900.0768497517 127114.7520979328
122258.8669193356 127114.7520979328
126106.1265018322 127274.8317512612
124503.1016757919 127594.9910579179
122419.1694019396 127594.9910579179
123220.6818149597 128555.4689778881

120655.8420932953 135438.8940710075
120816.1445758993 135118.7347643508
121136.7495411074 134958.6551110224
123220.6818149597 133357.8585777388
123220.6818149597 133037.6992710821
117289.4899586107 132877.6196177537
117449.7924412148 132557.4603110970
123060.3793323557 132557.4603110970
117449.7924412148 132237.3010044403
129953.3860843289 118790.6101248582
129793.0836017248 119110.7694315149
129632.7811191208 119430.9287381716
129312.1761539127 119591.0083915000
129632.7811191208 120071.2473514851
129312.1761539127 120231.3270048134
128991.5711887047 120391.4066581418
126426.7314670403 125994.1945246343
121777.9594715235 126634.5131379478
122579.4718845436 126794.5927912761
121617.6569889195 126954.6724446045
121938.2619541275 127114.7520979328
121777.9594715235 127114.7520979328
121777.9594715235 127274.8317512612
121457.3545063154 127274.8317512612
121617.6569889195 127434.9114045895
121136.7495411074 127434.9114045895
121136.7495411074 127755.0707112463
120816.1445758993 128075.2300179030
120816.1445758993 128395.3893245597
120495.5396106913 128555.4689778881
117770.3974064228 130956.6637778134
117610.0949238188 131276.8230844702
117289.4899586107 131436.9027377985
117610.0949238188 131596.9823911269
117449.7924412148 131596.9823911269
117770.3974064228 131757.0620444552
117610.0949238188 131757.0620444552
117289.4899586107 131757.0620444552
117610.0949238188 131917.1416977836
117449.7924412148 131917.1416977836

120655.8420932953 135438.8940710075
120816.1445758993 135118.7347643508
121136.7495411074 134958.6551110224
117129.1874760067 133998.1771910522
123220.6818149597 133357.8585777388
123220.6818149597 133037.6992710821
123380.9842975638 132717.5399644254
117449.7924412148 132557.4603110970
117449.7924412148 132237.3010044403
117610.0949238188 132077.2213511119
117129.1874760067 131757.0620444552
117770.3974064228 131757.0620444552
117610.0949238188 131276.8230844702
133159.4357364094 131116.7434311418
117770.3974064228 130956.6637778134
129632.7811191208 129836.1062045149
120495.5396106913 128555.4689778881
120816.1445758993 128395.3893245597
120816.1445758993 128075.2300179030
121136.7495411074 127755.0707112463
121136.7495411074 127434.9114045895
121617.6569889195 127434.9114045895
121457.3545063154 127274.8317512612
121777.9594715235 127274.8317512612
121777.9594715235 127114.7520979328
121938.2619541275 127114.7520979328
122579.4718845436 126794.5927912761
121777.9594715235 126634.5131379478
125464.9165714161 126474.4334846194
122258.8669193356 126314.3538312911
126426.7314670403 125994.1945246343
129953.3860843289 118790.6101248582
129793.0836017248 119110.7694315149
129632.7811191208 119430.9287381716
129312.1761539127 119591.0083915000
129632.7811191208 120071.2473514851
129312.1761539127 120231.3270048134
128991.5711887047 120391.4066581418
121617.6569889195 126954.6724446045
117289.4899586107 131436.9027377985

120655.8420932953 135438.8940710075
120816.1445758993 135118.7347643508
129793.0836017248 119110.7694315149
121777.9594715235 126634.5131379478
121938.2619541275 126794.5927912761
121777.9594715235 126794.5927912761
121938.2619541275 126954.6724446045
121777.9594715235 126954.6724446045
121617.6569889195 126954.6724446045
121457.3545063154 126954.6724446045
121938.2619541275 127114.7520979328
121777.9594715235 127114.7520979328
121617.6569889195 127114.7520979328
121457.3545063154 127114.7520979328
121777.9594715235 127274.8317512612
121617.6569889195 127274.8317512612
121457.3545063154 127274.8317512612
121297.0520237114 127274.8317512612
121617.6569889195 127434.9114045895
121457.3545063154 127434.9114045895
121297.0520237114 127594.9910579179
120976.4470585034 127755.0707112463
120816.1445758993 128075.2300179030
117610.0949238188 131276.8230844702
117610.0949238188 131436.9027377985
117289.4899586107 131436.9027377985
117770.3974064228 131596.9823911269
117610.0949238188 131596.9823911269
117449.7924412148 131596.9823911269
117770.3974064228 131757.0620444552
117610.0949238188 131757.0620444552
117449.7924412148 131757.0620444552
117289.4899586107 131757.0620444552
117610.0949238188 131917.1416977836
117449.7924412148 131917.1416977836
117610.0949238188 132077.2213511119
117449.7924412148 132077.2213511119
117289.4899586107 132077.2213511119
117289.4899586107 132397.3806577687
121136.7495411074 134958.6551110224

120655.8420932953 135438.8940710075
120816.1445758993 135118.7347643508
117449.7924412148 132557.4603110970
117449.7924412148 132237.3010044403
117289.4899586107 132077.2213511119
117610.0949238188 132077.2213511119
117449.7924412148 131917.1416977836
117610.0949238188 131917.1416977836
117770.3974064228 131917.1416977836
129793.0836017248 119110.7694315149
129632.7811191208 119430.9287381716
121777.9594715235 126634.5131379478
121777.9594715235 126794.5927912761
121938.2619541275 126954.6724446045
121777.9594715235 126954.6724446045
121617.6569889195 126954.6724446045
121457.3545063154 126954.6724446045
121938.2619541275 127114.7520979328
121777.9594715235 127114.7520979328
121617.6569889195 127114.7520979328
121457.3545063154 127114.7520979328
121777.9594715235 127274.8317512612
121617.6569889195 127274.8317512612
121457.3545063154 127274.8317512612
121297.0520237114 127274.8317512612
121617.6569889195 127434.9114045895
121457.3545063154 127434.9114045895
121297.0520237114 127594.9910579179
120976.4470585034 127755.0707112463
120816.1445758993 128075.2300179030
120816.1445758993 128395.3893245597
117610.0949238188 131276.8230844702
117610.0949238188 131436.9027377985
117289.4899586107 131436.9027377985
117610.0949238188 131596.9823911269
117449.7924412148 131596.9823911269
117770.3974064228 131757.0620444552
117610.0949238188 131757.0620444552
117449.7924412148 131757.0620444552
117289.4899586107 131757.0620444552

120655.8420932953 135438.8940710075
120816.1445758993 135118.7347643508
121136.7495411074 134958.6551110224
123220.6818149597 133357.8585777388
123220.6818149597 133037.6992710821
123380.9842975638 132717.5399644254
117449.7924412148 132557.4603110970
117449.7924412148 132237.3010044403
117610.0949238188 132077.2213511119
117449.7924412148 131917.1416977836
117610.0949238188 131917.1416977836
117770.3974064228 131917.1416977836
117289.4899586107 131757.0620444552
117770.3974064228 131757.0620444552
117610.0949238188 131596.9823911269
117289.4899586107 131436.9027377985
117610.0949238188 131276.8230844702
133159.4357364094 130636.5044711567
120816.1445758993 128395.3893245597
120816.1445758993 128075.2300179030
121136.7495411074 127755.0707112463
121136.7495411074 127434.9114045895
121617.6569889195 127434.9114045895
121457.3545063154 127274.8317512612
121777.9594715235 127274.8317512612
121617.6569889195 127114.7520979328
121777.9594715235 127114.7520979328
121938.2619541275 127114.7520979328
129953.3860843289 118790.6101248582
129793.0836017248 119110.7694315149
129632.7811191208 119430.9287381716
129312.1761539127 119591.0083915000
129632.7811191208 120071.2473514851
129312.1761539127 120231.3270048134
128991.5711887047 120391.4066581418
126426.7314670403 125994.1945246343
121777.9594715235 126634.5131379478
122579.4718845436 126794.5927912761
121617.6569889195 126954.6724446045
120495.5396106913 128555.4689778881

120655.8420932953 135438.8940710075
120816.1445758993 135118.7347643508
121136.7495411074 134958.6551110224
117129.1874760067 133998.1771910522
123220.6818149597 133357.8585777388
123220.6818149597 133037.6992710821
123380.9842975638 132717.5399644254
117449.7924412148 132557.4603110970
117449.7924412148 132237.3010044403
117610.0949238188 132077.2213511119
117129.1874760067 131757.0620444552
117770.3974064228 131757.0620444552
117610.0949238188 131276.8230844702
133159.4357364094 131116.7434311418
117770.3974064228 130956.6637778134
129632.7811191208 129836.1062045149
120495.5396106913 128555.4689778881
120816.1445758993 128395.3893245597
120816.1445758993 128075.2300179030
121136.7495411074 127755.0707112463
121136.7495411074 127434.9114045895
121617.6569889195 127434.9114045895
121457.3545063154 127274.8317512612
121777.9594715235 127274.8317512612
121777.9594715235 127114.7520979328
121938.2619541275 127114.7520979328
122579.4718845436 126794.5927912761
121777.9594715235 126634.5131379478
129953.3860843289 118790.6101248582
129793.0836017248 119110.7694315149
129632.7811191208 119430.9287381716
129312.1761539127 119591.0083915000
129632.7811191208 120071.2473514851
129312.1761539127 120231.3270048134
128991.5711887047 120391.4066581418
126426.7314670403 125994.1945246343
121617.6569889195 126954.6724446045
117289.4899586107 131436.9027377985
117610.0949238188 131596.9823911269
117449.7924412148 131596.9823911269

120655.8420932953 135438.8940710075
120816.1445758993 135118.7347643508
121136.7495411074 134958.6551110224
117289.4899586107 132397.3806577687
129953.3860843289 118790.6101248582
129793.0836017248 119110.7694315149
129632.7811191208 119430.9287381716
129472.4786365168 119911.1676981567
121777.9594715235 126634.5131379478
121777.9594715235 126794.5927912761
121938.2619541275 126954.6724446045
121777.9594715235 126954.6724446045
121617.6569889195 126954.6724446045
121457.3545063154 126954.6724446045
121938.2619541275 127114.7520979328
121777.9594715235 127114.7520979328
121617.6569889195 127114.7520979328
121777.9594715235 127274.8317512612
121617.6569889195 127274.8317512612
121457.3545063154 127274.8317512612
121617.6569889195 127434.9114045895
121457.3545063154 127434.9114045895
121136.7495411074 127434.9114045895
121136.7495411074 127755.0707112463
120816.1445758993 128075.2300179030
120816.1445758993 128395.3893245597
117610.0949238188 131276.8230844702
117289.4899586107 131436.9027377985
117610.0949238188 131596.9823911269
117449.7924412148 131596.9823911269
117770.3974064228 131757.0620444552
117610.0949238188 131757.0620444552
117449.7924412148 131757.0620444552
117289.4899586107 131757.0620444552
117770.3974064228 131917.1416977836
117610.0949238188 131917.1416977836
117449.7924412148 131917.1416977836
117610.0949238188 132077.2213511119
117289.4899586107 132077.2213511119
117449.7924412148 132237.3010044403

120655.8420932953 135438.8940710075
120816.1445758993 135118.7347643508
121136.7495411074 134958.6551110224
117289.4899586107 132397.3806577687
129793.0836017248 119110.7694315149
129632.7811191208 119430.9287381716
121777.9594715235 126634.5131379478
121777.9594715235 126794.5927912761
121938.2619541275 126954.6724446045
121777.9594715235 126954.6724446045
121617.6569889195 126954.6724446045
121457.3545063154 126954.6724446045
121938.2619541275 127114.7520979328
121777.9594715235 127114.7520979328
121617.6569889195 127114.7520979328
121457.3545063154 127114.7520979328
121777.9594715235 127274.8317512612
121617.6569889195 127274.8317512612
121457.3545063154 127274.8317512612
121297.0520237114 127274.8317512612
121617.6569889195 127434.9114045895
121457.3545063154 127434.9114045895
121297.0520237114 127594.9910579179
120976.4470585034 127755.0707112463
120816.1445758993 128075.2300179030
117610.0949238188 131276.8230844702
117289.4899586107 131436.9027377985
117610.0949238188 131596.9823911269
117449.7924412148 131596.9823911269
117770.3974064228 131757.0620444552
117610.0949238188 131757.0620444552
117449.7924412148 131757.0620444552
117289.4899586107 131757.0620444552
117770.3974064228 131917.1416977836
117610.0949238188 131917.1416977836
117449.7924412148 131917.1416977836
117610.0949238188 132077.2213511119
117449.7924412148 132077.2213511119
117289.4899586107 132077.2213511119
117449.7924412148 132237.3010044403

120655.8420932953 135438.8940710075
120816.1445758993 135118.7347643508
121136.7495411074 134958.6551110224
123220.6818149597 133037.6992710821
117449.7924412148 132557.4603110970
117449.7924412148 132237.3010044403
117610.0949238188 132077.2213511119
117449.7924412148 131917.1416977836
117610.0949238188 131917.1416977836
117770.3974064228 131917.1416977836
117289.4899586107 131757.0620444552
117770.3974064228 131757.0620444552
117610.0949238188 131596.9823911269
117289.4899586107 131436.9027377985
117610.0949238188 131276.8230844702
129953.3860843289 118790.6101248582
129793.0836017248 119110.7694315149
129632.7811191208 119430.9287381716
129472.4786365168 119911.1676981567
121777.9594715235 126634.5131379478
121777.9594715235 126794.5927912761
121938.2619541275 126954.6724446045
121777.9594715235 126954.6724446045
121617.6569889195 126954.6724446045
121457.3545063154 126954.6724446045
121938.2619541275 127114.7520979328
121777.9594715235 127114.7520979328
121617.6569889195 127114.7520979328
121777.9594715235 127274.8317512612
121617.6569889195 127274.8317512612
121457.3545063154 127274.8317512612
121617.6569889195 127434.9114045895
121457.3545063154 127434.9114045895
121136.7495411074 127434.9114045895
121136.7495411074 127755.0707112463
120816.1445758993 128075.2300179030
120816.1445758993 128395.3893245597
117449.7924412148 131596.9823911269
117610.0949238188 131757.0620444552
117449.7924412148 131757.0620444552

120655.8420932953 135438.8940710075
120816.1445758993 135118.7347643508
121136.7495411074 134958.6551110224
123220.6818149597 133037.6992710821
117449.7924412148 132557.4603110970
117449.7924412148 132237.3010044403
117289.4899586107 132077.2213511119
117610.0949238188 132077.2213511119
117449.7924412148 131917.1416977836
117610.0949238188 131917.1416977836
117770.3974064228 131917.1416977836
117289.4899586107 131757.0620444552
117610.0949238188 131757.0620444552
117770.3974064228 131757.0620444552
129953.3860843289 118790.6101248582
129793.0836017248 119110.7694315149
129632.7811191208 119430.9287381716
129312.1761539127 119591.0083915000
129632.7811191208 120071.2473514851
129312.1761539127 120231.3270048134
128991.5711887047 120391.4066581418
121777.9594715235 126634.5131379478
122579.4718845436 126794.5927912761
121938.2619541275 126794.5927912761
121617.6569889195 126954.6724446045
121457.3545063154 126954.6724446045
121938.2619541275 127114.7520979328
121777.9594715235 127114.7520979328
121617.6569889195 127114.7520979328
121777.9594715235 127274.8317512612
121617.6569889195 127274.8317512612
121457.3545063154 127274.8317512612
121617.6569889195 127434.9114045895
121136.7495411074 127434.9114045895
121136.7495411074 127755.0707112463
120816.1445758993 128075.2300179030
120816.1445758993 128395.3893245597
117610.0949238188 131276.8230844702
117289.4899586107 131436.9027377985
117610.0949238188 131596.9823911269

120655.8420932953 135438.8940710075
120816.1445758993 135118.7347643508
121136.7495411074 134958.6551110224
117129.1874760067 133998.1771910522
123220.6818149597 133357.8585777388
123220.6818149597 133037.6992710821
123380.9842975638 132717.5399644254
117449.7924412148 132557.4603110970
117449.7924412148 132237.3010044403
129953.3860843289 118790.6101248582
129793.0836017248 119110.7694315149
129632.7811191208 119430.9287381716
129312.1761539127 119591.0083915000
129632.7811191208 120071.2473514851
129312.1761539127 120231.3270048134
128991.5711887047 120391.4066581418
126426.7314670403 125994.1945246343
121777.9594715235 126634.5131379478
122579.4718845436 126794.5927912761
121617.6569889195 126954.6724446045
121938.2619541275 127114.7520979328
121777.9594715235 127114.7520979328
121777.9594715235 127274.8317512612
121457.3545063154 127274.8317512612
121617.6569889195 127434.9114045895
121136.7495411074 127434.9114045895
121136.7495411074 127755.0707112463
120816.1445758993 128075.2300179030
120816.1445758993 128395.3893245597
120495.5396106913 128555.4689778881
117770.3974064228 130956.6637778134
117610.0949238188 131276.8230844702
117289.4899586107 131436.9027377985
117610.0949238188 131596.9823911269
117449.7924412148 131596.9823911269
117770.3974064228 131757.0620444552
117610.0949238188 131757.0620444552
117289.4899586107 131757.0620444552
117610.0949238188 131917.1416977836
117449.7924412148 131917.1416977836

120655.8420932953 135438.8940710075
120816.1445758993 135118.7347643508
121136.7495411074 134958.6551110224
117129.1874760067 133998.1771910522
123220.6818149597 133357.8585777388
123220.6818149597 133037.6992710821
123380.9842975638 132717.5399644254
117449.7924412148 132557.4603110970
117449.7924412148 132237.3010044403
117610.0949238188 132077.2213511119
129953.3860843289 118790.6101248582
129793.0836017248 119110.7694315149
129632.7811191208 119430.9287381716
129312.1761539127 119591.0083915000
129632.7811191208 120071.2473514851
129312.1761539127 120231.3270048134
128991.5711887047 120391.4066581418
121777.9594715235 126634.5131379478
122579.4718845436 126794.5927912761
121938.2619541275 126794.5927912761
121617.6569889195 126954.6724446045
121457.3545063154 126954.6724446045
121938.2619541275 127114.7520979328
121777.9594715235 127114.7520979328
121617.6569889195 127114.7520979328
121777.9594715235 127274.8317512612
121617.6569889195 127274.8317512612
121457.3545063154 127274.8317512612
121617.6569889195 127434.9114045895
121136.7495411074 127434.9114045895
121136.7495411074 127755.0707112463
120816.1445758993 128075.2300179030
120816.1445758993 128395.3893245597
117610.0949238188 131276.8230844702
117289.4899586107 131436.9027377985
117610.0949238188 131596.9823911269
117770.3974064228 131757.0620444552
117289.4899586107 131757.0620444552
117770.3974064228 131917.1416977836
117610.0949238188 131917.1416977836

120655.8420932953 135438.8940710075
120816.1445758993 135118.7347643508
121136.7495411074 134958.6551110224
123220.6818149597 133037.6992710821
117449.7924412148 132877.6196177537
117449.7924412148 132557.4603110970
117449.7924412148 132237.3010044403
129953.3860843289 118790.6101248582
129793.0836017248 119110.7694315149
129632.7811191208 119430.9287381716
129472.4786365168 119911.1676981567
121777.9594715235 126634.5131379478
121777.9594715235 126794.5927912761
121938.2619541275 126954.6724446045
121777.9594715235 126954.6724446045
121617.6569889195 126954.6724446045
121457.3545063154 126954.6724446045
121938.2619541275 127114.7520979328
121777.9594715235 127114.7520979328
121617.6569889195 127114.7520979328
121777.9594715235 127274.8317512612
121617.6569889195 127274.8317512612
121457.3545063154 127274.8317512612
121617.6569889195 127434.9114045895
121457.3545063154 127434.9114045895
121136.7495411074 127434.9114045895
121136.7495411074 127755.0707112463
120816.1445758993 128075.2300179030
120816.1445758993 128395.3893245597
117610.0949238188 131276.8230844702
117289.4899586107 131436.9027377985
117610.0949238188 131596.9823911269
117449.7924412148 131596.9823911269
117770.3974064228 131757.0620444552
117610.0949238188 131757.0620444552
117289.4899586107 131757.0620444552
117610.0949238188 131917.1416977836
117449.7924412148 131917.1416977836
117610.0949238188 132077.2213511119
123380.9842975638 132717.5399644254

120655.8420932953 135438.8940710075
120816.1445758993 135118.7347643508
129793.0836017248 119110.7694315149
129632.7811191208 119430.9287381716
121777.9594715235 126634.5131379478
121777.9594715235 126794.5927912761
121938.2619541275 126954.6724446045
121777.9594715235 126954.6724446045
121617.6569889195 126954.6724446045
121457.3545063154 126954.6724446045
121938.2619541275 127114.7520979328
121777.9594715235 127114.7520979328
121617.6569889195 127114.7520979328
121457.3545063154 127114.7520979328
121777.9594715235 127274.8317512612
121617.6569889195 127274.8317512612
121457.3545063154 127274.8317512612
121297.0520237114 127274.8317512612
121617.6569889195 127434.9114045895
121457.3545063154 127434.9114045895
121297.0520237114 127594.9910579179
120976.4470585034 127755.0707112463
120816.1445758993 128075.2300179030
120816.1445758993 128395.3893245597
117610.0949238188 131276.8230844702
117610.0949238188 131436.9027377985
117289.4899586107 131436.9027377985
117610.0949238188 131596.9823911269
117449.7924412148 131596.9823911269
117770.3974064228 131757.0620444552
117610.0949238188 131757.0620444552
117449.7924412148 131757.0620444552
117289.4899586107 131757.0620444552
117770.3974064228 131917.1416977836
117610.0949238188 131917.1416977836
117449.7924412148 131917.1416977836
117610.0949238188 132077.2213511119
117449.7924412148 132077.2213511119
117289.4899586107 132077.2213511119
117449.7924412148 132557.4603110970

120655.8420932953 135438.8940710075
120816.1445758993 135118.7347643508
117449.7924412148 132557.4603110970
129953.3860843289 118790.6101248582
129793.0836017248 119110.7694315149
129632.7811191208 119430.9287381716
121777.9594715235 126634.5131379478
121777.9594715235 126794.5927912761
121938.2619541275 126954.6724446045
121777.9594715235 126954.6724446045
121617.6569889195 126954.6724446045
121457.3545063154 126954.6724446045
121938.2619541275 127114.7520979328
121777.9594715235 127114.7520979328
121617.6569889195 127114.7520979328
121777.9594715235 127274.8317512612
121617.6569889195 127274.8317512612
121457.3545063154 127274.8317512612
121297.0520237114 127274.8317512612
121617.6569889195 127434.9114045895
121457.3545063154 127434.9114045895
121297.0520237114 127594.9910579179
120976.4470585034 127755.0707112463
120816.1445758993 128075.2300179030
117610.0949238188 131276.8230844702
117610.0949238188 131436.9027377985
117289.4899586107 131436.9027377985
117770.3974064228 131596.9823911269
117610.0949238188 131596.9823911269
117449.7924412148 131596.9823911269
117770.3974064228 131757.0620444552
117610.0949238188 131757.0620444552
117449.7924412148 131757.0620444552
117289.4899586107 131757.0620444552
117770.3974064228 131917.1416977836
117610.0949238188 131917.1416977836
117449.7924412148 131917.1416977836
117610.0949238188 132077.2213511119
117289.4899586107 132077.2213511119
117449.7924412148 132237.3010044403

120655.8420932953 135438.8940710075
120816.1445758993 135118.7347643508
121136.7495411074 134958.6551110224
117449.7924412148 132557.4603110970
117449.7924412148 132237.3010044403
117289.4899586107 132077.2213511119
117610.0949238188 132077.2213511119
117449.7924412148 131917.1416977836
117610.0949238188 131917.1416977836
117770.3974064228 131917.1416977836
117289.4899586107 131757.0620444552
117449.7924412148 131757.0620444552
117610.0949238188 131757.0620444552
117770.3974064228 131757.0620444552
117449.7924412148 131596.9823911269
117610.0949238188 131596.9823911269
117289.4899586107 131436.9027377985
117610.0949238188 131276.8230844702
129953.3860843289 118790.6101248582
129793.0836017248 119110.7694315149
129632.7811191208 119430.9287381716
129472.4786365168 119911.1676981567
121777.9594715235 126634.5131379478
121777.9594715235 126794.5927912761
121938.2619541275 126954.6724446045
121777.9594715235 126954.6724446045
121617.6569889195 126954.6724446045
121457.3545063154 126954.6724446045
121938.2619541275 127114.7520979328
121777.9594715235 127114.7520979328
121617.6569889195 127114.7520979328
121777.9594715235 127274.8317512612
121617.6569889195 127274.8317512612
121457.3545063154 127274.8317512612
121617.6569889195 127434.9114045895
121457.3545063154 127434.9114045895
121136.7495411074 127434.9114045895
121297.0520237114 127594.9910579179
120976.4470585034 127755.0707112463
120816.1445758993 128075.2300179030

120655.8420932953 135438.8940710075
120816.1445758993 135118.7347643508
117449.7924412148 132557.4603110970
117449.7924412148 132237.3010044403
117289.4899586107 132077.2213511119
117449.7924412148 132077.2213511119
117610.0949238188 132077.2213511119
117449.7924412148 131917.1416977836
117610.0949238188 131917.1416977836
117770.3974064228 131917.1416977836
117289.4899586107 131757.0620444552
117449.7924412148 131757.0620444552
117610.0949238188 131757.0620444552
117770.3974064228 131757.0620444552
117449.7924412148 131596.9823911269
117610.0949238188 131596.9823911269
117289.4899586107 131436.9027377985
117610.0949238188 131436.9027377985
117610.0949238188 131276.8230844702
120816.1445758993 128075.2300179030
120976.4470585034 127755.0707112463
121297.0520237114 127594.9910579179
121457.3545063154 127434.9114045895
121617.6569889195 127434.9114045895
121297.0520237114 127274.8317512612
121457.3545063154 127274.8317512612
121617.6569889195 127274.8317512612
121777.9594715235 127274.8317512612
121457.3545063154 127114.7520979328
121617.6569889195 127114.7520979328
121777.9594715235 127114.7520979328
121938.2619541275 127114.7520979328
121457.3545063154 126954.6724446045
121617.6569889195 126954.6724446045
121777.9594715235 126954.6724446045
121938.2619541275 126954.6724446045
121777.9594715235 126794.5927912761
121938.2619541275 126794.5927912761
121777.9594715235 126634.5131379478
121457.3545063154 127594.9910579179

120655.8420932953 135438.8940710075
120816.1445758993 135118.7347643508
121136.7495411074 134958.6551110224
123220.6818149597 133357.8585777388
123220.6818149597 133037.6992710821
123380.9842975638 132717.5399644254
117449.7924412148 132557.4603110970
117449.7924412148 132237.3010044403
117610.0949238188 132077.2213511119
117449.7924412148 131917.1416977836
117610.0949238188 131917.1416977836
117289.4899586107 131757.0620444552
117610.0949238188 131757.0620444552
117770.3974064228 131757.0620444552
117449.7924412148 131596.9823911269
117610.0949238188 131596.9823911269
117289.4899586107 131436.9027377985
117610.0949238188 131276.8230844702
120816.1445758993 128395.3893245597
120816.1445758993 128075.2300179030
121136.7495411074 127755.0707112463
121136.7495411074 127434.9114045895
121457.3545063154 127434.9114045895
121617.6569889195 127434.9114045895
121457.3545063154 127274.8317512612
121617.6569889195 127274.8317512612
121777.9594715235 127274.8317512612
121617.6569889195 127114.7520979328
121777.9594715235 127114.7520979328
121938.2619541275 127114.7520979328
121457.3545063154 126954.6724446045
121617.6569889195 126954.6724446045
121777.9594715235 126954.6724446045
121938.2619541275 126954.6724446045
121777.9594715235 126794.5927912761
121777.9594715235 126634.5131379478
129953.3860843289 118790.6101248582
129793.0836017248 119110.7694315149
129632.7811191208 119430.9287381716
129472.4786365168 119911.1676981567

120655.8420932953 135438.8940710075
120816.1445758993 135118.7347643508
121136.7495411074 134958.6551110224
123220.6818149597 133357.8585777388
129953.3860843289 118790.6101248582
129793.0836017248 119110.7694315149
129632.7811191208 119430.9287381716
129472.4786365168 119911.1676981567
121777.9594715235 126634.5131379478
121777.9594715235 126794.5927912761
121938.2619541275 126954.6724446045
121777.9594715235 126954.6724446045
121617.6569889195 126954.6724446045
121457.3545063154 126954.6724446045
121938.2619541275 127114.7520979328
121777.9594715235 127114.7520979328
121617.6569889195 127114.7520979328
121777.9594715235 127274.8317512612
121617.6569889195 127274.8317512612
121457.3545063154 127274.8317512612
121617.6569889195 127434.9114045895
121457.3545063154 127434.9114045895
121136.7495411074 127434.9114045895
121136.7495411074 127755.0707112463
120816.1445758993 128075.2300179030
120816.1445758993 128395.3893245597
117610.0949238188 131276.8230844702
117289.4899586107 131436.9027377985
117610.0949238188 131596.9823911269
117449.7924412148 131596.9823911269
117770.3974064228 131757.0620444552
117610.0949238188 131757.0620444552
117289.4899586107 131757.0620444552
117770.3974064228 131917.1416977836
117610.0949238188 131917.1416977836
117449.7924412148 131917.1416977836
117610.0949238188 132077.2213511119
117449.7924412148 132237.3010044403
117449.7924412148 132557.4603110970
123220.6818149597 133037.6992710821

120655.8420932953 135438.8940710075
120816.1445758993 135118.7347643508
117449.7924412148 132557.4603110970
117449.7924412148 132237.3010044403
117289.4899586107 132077.2213511119
129793.0836017248 119110.7694315149
129632.7811191208 119430.9287381716
121777.9594715235 126634.5131379478
121777.9594715235 126794.5927912761
121938.2619541275 126954.6724446045
121777.9594715235 126954.6724446045
121617.6569889195 126954.6724446045
121457.3545063154 126954.6724446045
121938.2619541275 127114.7520979328
121777.9594715235 127114.7520979328
121617.6569889195 127114.7520979328
121457.3545063154 127114.7520979328
121777.9594715235 127274.8317512612
121617.6569889195 127274.8317512612
121457.3545063154 127274.8317512612
121297.0520237114 127274.8317512612
121617.6569889195 127434.9114045895
121457.3545063154 127434.9114045895
121297.0520237114 127594.9910579179
120976.4470585034 127755.0707112463
120816.1445758993 128075.2300179030
117610.0949238188 131276.8230844702
117610.0949238188 131436.9027377985
117289.4899586107 131436.9027377985
117770.3974064228 131596.9823911269
117610.0949238188 131596.9823911269
117449.7924412148 131596.9823911269
117770.3974064228 131757.0620444552
117610.0949238188 131757.0620444552
117449.7924412148 131757.0620444552
117289.4899586107 131757.0620444552
117770.3974064228 131917.1416977836
117610.0949238188 131917.1416977836
117449.7924412148 131917.1416977836
117610.0949238188 132077.2213511119

120655.8420932953 135438.8940710075
120816.1445758993 135118.7347643508
121136.7495411074 134958.6551110224
117449.7924412148 132557.4603110970
117449.7924412148 132237.3010044403
117289.4899586107 132077.2213511119
117610.0949238188 132077.2213511119
129953.3860843289 118790.6101248582
129793.0836017248 119110.7694315149
129632.7811191208 119430.9287381716
129472.4786365168 119911.1676981567
121777.9594715235 126634.5131379478
121777.9594715235 126794.5927912761
121938.2619541275 126954.6724446045
121777.9594715235 126954.6724446045
121617.6569889195 126954.6724446045
121457.3545063154 126954.6724446045
121938.2619541275 127114.7520979328
121777.9594715235 127114.7520979328
121617.6569889195 127114.7520979328
121777.9594715235 127274.8317512612
121617.6569889195 127274.8317512612
121457.3545063154 127274.8317512612
121617.6569889195 127434.9114045895
121457.3545063154 127434.9114045895
121136.7495411074 127434.9114045895
121297.0520237114 127594.9910579179
120976.4470585034 127755.0707112463
120816.1445758993 128075.2300179030
120816.1445758993 128395.3893245597
117610.0949238188 131276.8230844702
117610.0949238188 131436.9027377985
117289.4899586107 131436.9027377985
117610.0949238188 131596.9823911269
117449.7924412148 131596.9823911269
117770.3974064228 131757.0620444552
117610.0949238188 131757.0620444552
117449.7924412148 131757.0620444552
117289.4899586107 131757.0620444552
117610.0949238188 131917.1416977836

120655.8420932953 135438.8940710075
120816.1445758993 135118.7347643508
121136.7495411074 134958.6551110224
117289.4899586107 132397.3806577687
117289.4899586107 132077.2213511119
117449.7924412148 132077.2213511119
117610.0949238188 132077.2213511119
129953.3860843289 118790.6101248582
129793.0836017248 119110.7694315149
129632.7811191208 119430.9287381716
129472.4786365168 119911.1676981567
121777.9594715235 126634.5131379478
121777.9594715235 126794.5927912761
121938.2619541275 126954.6724446045
121777.9594715235 126954.6724446045
121617.6569889195 126954.6724446045
121457.3545063154 126954.6724446045
121938.2619541275 127114.7520979328
121777.9594715235 127114.7520979328
121617.6569889195 127114.7520979328
121777.9594715235 127274.8317512612
121617.6569889195 127274.8317512612
121457.3545063154 127274.8317512612
121617.6569889195 127434.9114045895
121457.3545063154 127434.9114045895
121136.7495411074 127434.9114045895
121297.0520237114 127594.9910579179
120976.4470585034 127755.0707112463
120816.1445758993 128075.2300179030
120816.1445758993 128395.3893245597
117610.0949238188 131276.8230844702
117610.0949238188 131436.9027377985
117289.4899586107 131436.9027377985
117610.0949238188 131596.9823911269
117449.7924412148 131596.9823911269
117770.3974064228 131757.0620444552
117610.0949238188 131757.0620444552
117449.7924412148 131757.0620444552
117289.4899586107 131757.0620444552
117610.0949238188 131917.1416977836

120655.8420932953 135438.8940710075
120816.1445758993 135118.7347643508
121136.7495411074 134958.6551110224
123220.6818149597 133357.8585777388
123220.6818149597 133037.6992710821
117289.4899586107 132877.6196177537
117449.7924412148 132557.4603110970
123060.3793323557 132557.4603110970
117449.7924412148 132237.3010044403
117610.0949238188 132077.2213511119
117289.4899586107 131757.0620444552
117610.0949238188 131757.0620444552
117770.3974064228 131757.0620444552
117610.0949238188 131596.9823911269
117289.4899586107 131436.9027377985
117610.0949238188 131436.9027377985
117610.0949238188 131276.8230844702
133159.4357364094 131116.7434311418
117770.3974064228 130956.6637778134
120495.5396106913 128555.4689778881
129953.3860843289 118790.6101248582
129793.0836017248 119110.7694315149
129632.7811191208 119430.9287381716
129312.1761539127 119591.0083915000
129632.7811191208 120071.2473514851
129312.1761539127 120231.3270048134
128991.5711887047 120391.4066581418
126426.7314670403 125994.1945246343
122258.8669193356 126314.3538312911
121777.9594715235 126634.5131379478
122579.4718845436 126794.5927912761
121938.2619541275 127114.7520979328
121777.9594715235 127114.7520979328
121777.9594715235 127274.8317512612
121457.3545063154 127274.8317512612
121617.6569889195 127434.9114045895
121136.7495411074 127434.9114045895
121136.7495411074 127755.0707112463
120816.1445758993 128075.2300179030
120816.1445758993 128395.3893245597

120655.8420932953 135438.8940710075
120816.1445758993 135118.7347643508
121136.7495411074 134958.6551110224
117129.1874760067 133998.1771910522
123220.6818149597 133357.8585777388
123220.6818149597 133037.6992710821
123380.9842975638 132717.5399644254
117449.7924412148 132557.4603110970
117449.7924412148 132237.3010044403
117610.0949238188 132077.2213511119
117129.1874760067 131757.0620444552
117770.3974064228 131757.0620444552
117610.0949238188 131276.8230844702
133159.4357364094 131116.7434311418
117770.3974064228 130956.6637778134
129632.7811191208 129836.1062045149
120495.5396106913 128555.4689778881
120816.1445758993 128395.3893245597
120816.1445758993 128075.2300179030
121136.7495411074 127755.0707112463
121136.7495411074 127434.9114045895
121617.6569889195 127434.9114045895
121457.3545063154 127274.8317512612
121777.9594715235 127274.8317512612
121777.9594715235 127114.7520979328
121938.2619541275 127114.7520979328
122579.4718845436 126794.5927912761
121777.9594715235 126634.5131379478
125464.9165714161 126474.4334846194
122258.8669193356 126314.3538312911
126426.7314670403 125994.1945246343
129953.3860843289 118790.6101248582
129793.0836017248 119110.7694315149
129632.7811191208 119430.9287381716
129312.1761539127 119591.0083915000
129632.7811191208 120071.2473514851
129312.1761539127 120231.3270048134
128991.5711887047 120391.4066581418
121938.2619541275 126794.5927912761
121617.6569889195 126954.6724446045

120655.8420932953 135438.8940710075
129953.3860843289 118790.6101248582
129793.0836017248 119110.7694315149
129632.7811191208 119430.9287381716
129472.4786365168 119911.1676981567
121777.9594715235 126634.5131379478
121777.9594715235 126794.5927912761
121938.2619541275 126954.6724446045
121777.9594715235 126954.6724446045
121617.6569889195 126954.6724446045
121457.3545063154 126954.6724446045
121938.2619541275 127114.7520979328
121777.9594715235 127114.7520979328
121617.6569889195 127114.7520979328
121777.9594715235 127274.8317512612
121617.6569889195 127274.8317512612
121457.3545063154 127274.8317512612
121617.6569889195 127434.9114045895
121457.3545063154 127434.9114045895
121136.7495411074 127434.9114045895
121136.7495411074 127755.0707112463
120816.1445758993 128075.2300179030
120816.1445758993 128395.3893245597
117610.0949238188 131276.8230844702
117289.4899586107 131436.9027377985
117610.0949238188 131596.9823911269
117449.7924412148 131596.9823911269
117770.3974064228 131757.0620444552
117610.0949238188 131757.0620444552
117449.7924412148 131757.0620444552
117289.4899586107 131757.0620444552
117770.3974064228 131917.1416977836
117610.0949238188 131917.1416977836
117449.7924412148 131917.1416977836
117610.0949238188 132077.2213511119
117289.4899586107 132077.2213511119
117449.7924412148 132237.3010044403
117449.7924412148 132557.4603110970
123220.6818149597 133037.6992710821
120816.1445758993 135118.7347643508

120655.8420932953 135438.8940710075
120816.1445758993 135118.7347643508
121136.7495411074 134958.6551110224
123220.6818149597 133357.8585777388
123220.6818149597 133037.6992710821
123380.9842975638 132717.5399644254
117449.7924412148 132557.4603110970
117449.7924412148 132237.3010044403
117610.0949238188 132077.2213511119
117449.7924412148 131917.1416977836
117610.0949238188 131917.1416977836
117770.3974064228 131917.1416977836
117289.4899586107 131757.0620444552
117770.3974064228 131757.0620444552
117610.0949238188 131596.9823911269
117289.4899586107 131436.9027377985
117610.0949238188 131276.8230844702
133159.4357364094 130636.5044711567
120816.1445758993 128395.3893245597
120816.1445758993 128075.2300179030
121136.7495411074 127755.0707112463
121136.7495411074 127434.9114045895
121617.6569889195 127434.9114045895
121457.3545063154 127274.8317512612
121777.9594715235 127274.8317512612
121617.6569889195 127114.7520979328
128831.2687061007 120711.5659647985
121938.2619541275 127114.7520979328
121457.3545063154 126954.6724446045
121617.6569889195 126954.6724446045
121938.2619541275 126794.5927912761
122579.4718845436 126794.5927912761
121777.9594715235 126634.5131379478
129953.3860843289 118790.6101248582
129793.0836017248 119110.7694315149
129632.7811191208 119430.9287381716
129312.1761539127 119591.0083915000
129632.7811191208 120071.2473514851
129312.1761539127 120231.3270048134
128991.5711887047 120391.4066581418

120655.8420932953 135438.8940710075
120816.1445758993 135118.7347643508
121136.7495411074 134958.6551110224
123220.6818149597 133357.8585777388
123220.6818149597 133037.6992710821
129953.3860843289 118790.6101248582
129793.0836017248 119110.7694315149
129632.7811191208 119430.9287381716
129472.4786365168 119911.1676981567
129312.1761539127 120231.3270048134
121777.9594715235 126634.5131379478
121777.9594715235 126954.6724446045
121617.6569889195 126954.6724446045
121457.3545063154 126954.6724446045
121938.2619541275 127114.7520979328
121777.9594715235 127114.7520979328
121617.6569889195 127114.7520979328
121777.9594715235 127274.8317512612
121617.6569889195 127274.8317512612
121457.3545063154 127274.8317512612
121617.6569889195 127434.9114045895
121457.3545063154 127434.9114045895
121136.7495411074 127434.9114045895
121136.7495411074 127755.0707112463
120816.1445758993 128075.2300179030
120816.1445758993 128395.3893245597
117610.0949238188 131276.8230844702
117289.4899586107 131436.9027377985
117610.0949238188 131596.9823911269
117449.7924412148 131596.9823911269
117770.3974064228 131757.0620444552
117610.0949238188 131757.0620444552
117449.7924412148 131757.0620444552
117289.4899586107 131757.0620444552
117770.3974064228 131917.1416977836
117610.0949238188 131917.1416977836
117449.7924412148 131917.1416977836
117610.0949238188 132077.2213511119
117449.7924412148 132237.3010044403
117449.7924412148 132557.4603110970

120655.8420932953 135438.8940710075
120816.1445758993 135118.7347643508
121136.7495411074 134958.6551110224
123220.6818149597 133037.6992710821
117449.7924412148 132877.6196177537
117449.7924412148 132557.4603110970
117449.7924412148 132237.3010044403
117449.7924412148 131917.1416977836
117610.0949238188 131917.1416977836
117770.3974064228 131917.1416977836
117289.4899586107 131757.0620444552
117449.7924412148 131757.0620444552
117610.0949238188 131757.0620444552
128991.5711887047 120551.4863114702
117449.7924412148 131596.9823911269
117610.0949238188 131596.9823911269
117289.4899586107 131436.9027377985
117610.0949238188 131276.8230844702
120816.1445758993 128395.3893245597
120816.1445758993 128075.2300179030
121136.7495411074 127755.0707112463
121136.7495411074 127434.9114045895
121457.3545063154 127434.9114045895
121617.6569889195 127434.9114045895
121457.3545063154 127274.8317512612
121617.6569889195 127274.8317512612
121777.9594715235 127274.8317512612
121617.6569889195 127114.7520979328
121777.9594715235 127114.7520979328
121938.2619541275 127114.7520979328
121457.3545063154 126954.6724446045
121617.6569889195 126954.6724446045
121777.9594715235 126954.6724446045
121938.2619541275 126954.6724446045
121777.9594715235 126794.5927912761
121777.9594715235 126634.5131379478
129953.3860843289 118790.6101248582
129793.0836017248 119110.7694315149
129632.7811191208 119430.9287381716
129472.4786365168 119911.1676981567

120655.8420932953 135438.8940710075
120816.1445758993 135118.7347643508
121136.7495411074 134958.6551110224
117129.1874760067 133998.1771910522
123220.6818149597 133357.8585777388
123220.6818149597 133037.6992710821
123380.9842975638 132717.5399644254
117449.7924412148 132557.4603110970
117449.7924412148 132237.3010044403
117610.0949238188 132077.2213511119
117129.1874760067 131757.0620444552
117770.3974064228 131757.0620444552
117610.0949238188 131276.8230844702
133159.4357364094 131116.7434311418
117770.3974064228 130956.6637778134
129953.3860843289 118790.6101248582
129793.0836017248 119110.7694315149
129632.7811191208 119430.9287381716
129312.1761539127 119591.0083915000
129632.7811191208 120071.2473514851
129312.1761539127 120231.3270048134
128991.5711887047 120391.4066581418
126426.7314670403 125994.1945246343
121777.9594715235 126634.5131379478
122579.4718845436 126794.5927912761
121617.6569889195 126954.6724446045
121938.2619541275 127114.7520979328
121777.9594715235 127114.7520979328
121777.9594715235 127274.8317512612
121457.3545063154 127274.8317512612
121617.6569889195 127434.9114045895
121136.7495411074 127434.9114045895
121136.7495411074 127755.0707112463
120816.1445758993 128075.2300179030
120816.1445758993 128395.3893245597
120495.5396106913 128555.4689778881
117289.4899586107 131436.9027377985
117610.0949238188 131596.9823911269
117449.7924412148 131596.9823911269
117610.0949238188 131757.0620444552

120655.8420932953 135438.8940710075
120816.1445758993 135118.7347643508
121136.7495411074 134958.6551110224
123220.6818149597 133357.8585777388
123220.6818149597 133037.6992710821
123380.9842975638 132717.5399644254
117449.7924412148 132557.4603110970
117449.7924412148 132237.3010044403
117610.0949238188 132077.2213511119
117449.7924412148 131917.1416977836
117610.0949238188 131917.1416977836
129953.3860843289 118790.6101248582
129793.0836017248 119110.7694315149
129632.7811191208 119430.9287381716
129312.1761539127 119591.0083915000
129632.7811191208 120071.2473514851
129312.1761539127 120231.3270048134
121777.9594715235 126634.5131379478
122579.4718845436 126794.5927912761
121938.2619541275 126794.5927912761
121777.9594715235 126954.6724446045
121617.6569889195 126954.6724446045
121457.3545063154 126954.6724446045
121938.2619541275 127114.7520979328
121777.9594715235 127114.7520979328
121617.6569889195 127114.7520979328
121777.9594715235 127274.8317512612
121617.6569889195 127274.8317512612
121457.3545063154 127274.8317512612
121617.6569889195 127434.9114045895
121457.3545063154 127434.9114045895
121136.7495411074 127434.9114045895
121136.7495411074 127755.0707112463
120976.4470585034 127755.0707112463
120816.1445758993 128075.2300179030
120495.5396106913 128235.3096712314
117610.0949238188 131276.8230844702
117289.4899586107 131436.9027377985
117610.0949238188 131596.9823911269
117770.3974064228 131757.0620444552

120655.8420932953 135438.8940710075
120816.1445758993 135118.7347643508
121136.7495411074 134958.6551110224
121777.9594715235 126634.5131379478
121938.2619541275 126794.5927912761
121777.9594715235 126794.5927912761
121938.2619541275 126954.6724446045
121777.9594715235 126954.6724446045
121617.6569889195 126954.6724446045
121457.3545063154 126954.6724446045
121938.2619541275 127114.7520979328
121777.9594715235 127114.7520979328
121617.6569889195 127114.7520979328
121457.3545063154 127114.7520979328
121777.9594715235 127274.8317512612
121617.6569889195 127274.8317512612
121457.3545063154 127274.8317512612
121297.0520237114 127274.8317512612
121617.6569889195 127434.9114045895
121457.3545063154 127434.9114045895
121297.0520237114 127594.9910579179
120976.4470585034 127755.0707112463
120816.1445758993 128075.2300179030
117610.0949238188 131276.8230844702
117610.0949238188 131436.9027377985
117289.4899586107 131436.9027377985
117770.3974064228 131596.9823911269
117610.0949238188 131596.9823911269
117449.7924412148 131596.9823911269
117770.3974064228 131757.0620444552
117610.0949238188 131757.0620444552
117449.7924412148 131757.0620444552
117289.4899586107 131757.0620444552
117770.3974064228 131917.1416977836
117610.0949238188 131917.1416977836
117449.7924412148 131917.1416977836
117610.0949238188 132077.2213511119
117449.7924412148 132077.2213511119
117289.4899586107 132077.2213511119
117289.4899586107 132397.3806577687

120655.8420932953 135438.8940710075
120816.1445758993 135118.7347643508
121136.7495411074 134958.6551110224
123220.6818149597 133357.8585777388
123220.6818149597 133037.6992710821
123380.9842975638 132717.5399644254
117449.7924412148 132557.4603110970
117449.7924412148 132237.3010044403
117610.0949238188 132077.2213511119
117449.7924412148 131917.1416977836
117610.0949238188 131917.1416977836
117289.4899586107 131757.0620444552
117610.0949238188 131757.0620444552
117770.3974064228 131757.0620444552
117449.7924412148 131596.9823911269
117610.0949238188 131596.9823911269
117289.4899586107 131436.9027377985
117610.0949238188 131276.8230844702
129953.3860843289 118790.6101248582
129793.0836017248 119110.7694315149
129632.7811191208 119430.9287381716
129472.4786365168 119911.1676981567
121777.9594715235 126634.5131379478
121777.9594715235 126794.5927912761
121938.2619541275 126954.6724446045
121777.9594715235 126954.6724446045
121617.6569889195 126954.6724446045
121457.3545063154 126954.6724446045
121938.2619541275 127114.7520979328
121777.9594715235 127114.7520979328
121617.6569889195 127114.7520979328
121777.9594715235 127274.8317512612
121617.6569889195 127274.8317512612
121457.3545063154 127274.8317512612
121617.6569889195 127434.9114045895
121457.3545063154 127434.9114045895
121136.7495411074 127434.9114045895
121297.0520237114 127594.9910579179
120976.4470585034 127755.0707112463
120816.1445758993 128075.2300179030

120655.8420932953 135438.8940710075
120816.1445758993 135118.7347643508
121136.7495411074 134958.6551110224
117289.4899586107 132397.3806577687
117289.4899586107 132077.2213511119
117449.7924412148 132077.2213511119
117610.0949238188 132077.2213511119
117449.7924412148 131917.1416977836
117610.0949238188 131917.1416977836
117289.4899586107 131757.0620444552
117449.7924412148 131757.0620444552
117610.0949238188 131757.0620444552
117770.3974064228 131757.0620444552
117449.7924412148 131596.9823911269
117610.0949238188 131596.9823911269
117770.3974064228 131596.9823911269
117289.4899586107 131436.9027377985
117610.0949238188 131436.9027377985
117610.0949238188 131276.8230844702
120816.1445758993 128075.2300179030
120976.4470585034 127755.0707112463
121297.0520237114 127594.9910579179
121457.3545063154 127594.9910579179
121457.3545063154 127434.9114045895
121617.6569889195 127434.9114045895
121297.0520237114 127274.8317512612
121457.3545063154 127274.8317512612
121617.6569889195 127274.8317512612
121777.9594715235 127274.8317512612
121617.6569889195 127114.7520979328
121777.9594715235 127114.7520979328
121938.2619541275 127114.7520979328
121457.3545063154 126954.6724446045
121617.6569889195 126954.6724446045
121777.9594715235 126954.6724446045
121938.2619541275 126954.6724446045
121777.9594715235 126794.5927912761
121777.9594715235 126634.5131379478
129632.7811191208 119430.9287381716
129793.0836017248 119110.7694315149

120655.8420932953 135438.8940710075
120816.1445758993 135118.7347643508
121136.7495411074 134958.6551110224
117289.4899586107 132397.3806577687
117289.4899586107 132077.2213511119
117449.7924412148 132077.2213511119
117610.0949238188 132077.2213511119
129793.0836017248 119110.7694315149
129632.7811191208 119430.9287381716
121777.9594715235 126634.5131379478
121777.9594715235 126794.5927912761
121938.2619541275 126954.6724446045
121777.9594715235 126954.6724446045
121617.6569889195 126954.6724446045
121457.3545063154 126954.6724446045
121938.2619541275 127114.7520979328
121777.9594715235 127114.7520979328
121617.6569889195 127114.7520979328
121777.9594715235 127274.8317512612
121617.6569889195 127274.8317512612
121457.3545063154 127274.8317512612
121297.0520237114 127274.8317512612
121617.6569889195 127434.9114045895
121457.3545063154 127434.9114045895
121297.0520237114 127594.9910579179
120976.4470585034 127755.0707112463
120816.1445758993 128075.2300179030
117610.0949238188 131276.8230844702
117610.0949238188 131436.9027377985
117289.4899586107 131436.9027377985
117770.3974064228 131596.9823911269
117610.0949238188 131596.9823911269
117449.7924412148 131596.9823911269
117770.3974064228 131757.0620444552
117610.0949238188 131757.0620444552
117449.7924412148 131757.0620444552
117289.4899586107 131757.0620444552
117770.3974064228 131917.1416977836
117610.0949238188 131917.1416977836
117449.7924412148 131917.1416977836

120655.8420932953 135438.8940710075
120816.1445758993 135118.7347643508
121136.7495411074 134958.6551110224
117289.4899586107 132397.3806577687
117289.4899586107 132077.2213511119
117449.7924412148 132077.2213511119
117610.0949238188 132077.2213511119
129793.0836017248 119110.7694315149
129632.7811191208 119430.9287381716
121777.9594715235 126634.5131379478
121777.9594715235 126794.5927912761
121938.2619541275 126954.6724446045
121777.9594715235 126954.6724446045
121617.6569889195 126954.6724446045
121457.3545063154 126954.6724446045
121938.2619541275 127114.7520979328
121777.9594715235 127114.7520979328
121617.6569889195 127114.7520979328
121777.9594715235 127274.8317512612
121617.6569889195 127274.8317512612
121457.3545063154 127274.8317512612
121297.0520237114 127274.8317512612
121617.6569889195 127434.9114045895
121457.3545063154 127434.9114045895
121297.0520237114 127594.9910579179
120976.4470585034 127755.0707112463
120816.1445758993 128075.2300179030
117610.0949238188 131276.8230844702
117610.0949238188 131436.9027377985
117289.4899586107 131436.9027377985
117610.0949238188 131596.9823911269
117449.7924412148 131596.9823911269
117770.3974064228 131757.0620444552
117610.0949238188 131757.0620444552
117449.7924412148 131757.0620444552
117289.4899586107 131757.0620444552
117770.3974064228 131917.1416977836
117610.0949238188 131917.1416977836
117449.7924412148 131917.1416977836
117449.7924412148 132237.3010044403

120655.8420932953 135438.8940710075
120816.1445758993 135118.7347643508
121136.7495411074 134958.6551110224
123220.6818149597 133357.8585777388
123220.6818149597 133037.6992710821
129953.3860843289 118790.6101248582
129793.0836017248 119110.7694315149
129632.7811191208 119430.9287381716
129312.1761539127 119591.0083915000
129632.7811191208 120071.2473514851
129312.1761539127 120231.3270048134
128991.5711887047 120391.4066581418
121777.9594715235 126634.5131379478
122579.4718845436 126794.5927912761
121938.2619541275 126794.5927912761
121617.6569889195 126954.6724446045
121457.3545063154 126954.6724446045
121938.2619541275 127114.7520979328
121777.9594715235 127114.7520979328
121617.6569889195 127114.7520979328
121777.9594715235 127274.8317512612
121457.3545063154 127274.8317512612
121617.6569889195 127434.9114045895
121136.7495411074 127434.9114045895
121136.7495411074 127755.0707112463
120816.1445758993 128075.2300179030
120816.1445758993 128395.3893245597
133159.4357364094 130636.5044711567
117610.0949238188 131276.8230844702
117289.4899586107 131436.9027377985
117610.0949238188 131596.9823911269
117770.3974064228 131757.0620444552
117289.4899586107 131757.0620444552
117770.3974064228 131917.1416977836
117610.0949238188 131917.1416977836
117449.7924412148 131917.1416977836
117610.0949238188 132077.2213511119
117449.7924412148 132237.3010044403
117449.7924412148 132557.4603110970
123380.9842975638 132717.5399644254

120655.8420932953 135438.8940710075
120816.1445758993 135118.7347643508
121136.7495411074 134958.6551110224
123220.6818149597 133357.8585777388
123220.6818149597 133037.6992710821
123380.9842975638 132717.5399644254
117449.7924412148 132557.4603110970
117449.7924412148 132237.3010044403
117610.0949238188 132077.2213511119
117449.7924412148 131917.1416977836
117610.0949238188 131917.1416977836
117289.4899586107 131757.0620444552
117449.7924412148 131757.0620444552
117610.0949238188 131757.0620444552
117770.3974064228 131757.0620444552
117449.7924412148 131596.9823911269
117610.0949238188 131596.9823911269
117289.4899586107 131436.9027377985
117610.0949238188 131276.8230844702
120816.1445758993 128395.3893245597
120816.1445758993 128075.2300179030
121136.7495411074 127755.0707112463
121136.7495411074 127434.9114045895
121457.3545063154 127434.9114045895
121617.6569889195 127434.9114045895
129953.3860843289 118790.6101248582
129793.0836017248 119110.7694315149
129632.7811191208 119430.9287381716
129312.1761539127 119591.0083915000
129632.7811191208 120071.2473514851
129312.1761539127 120231.3270048134
128991.5711887047 120391.4066581418
126426.7314670403 125994.1945246343
121777.9594715235 126634.5131379478
122579.4718845436 126794.5927912761
121617.6569889195 126954.6724446045
121938.2619541275 127114.7520979328
121777.9594715235 127114.7520979328
121777.9594715235 127274.8317512612
121457.3545063154 127274.8317512612

120655.8420932953 135438.8940710075
120816.1445758993 135118.7347643508
121136.7495411074 134958.6551110224
129953.3860843289 118790.6101248582
129793.0836017248 119110.7694315149
129632.7811191208 119430.9287381716
121777.9594715235 126634.5131379478
121938.2619541275 126954.6724446045
121777.9594715235 126954.6724446045
121617.6569889195 126954.6724446045
121457.3545063154 126954.6724446045
121938.2619541275 127114.7520979328
121777.9594715235 127114.7520979328
121617.6569889195 127114.7520979328
121457.3545063154 127114.7520979328
121777.9594715235 127274.8317512612
121617.6569889195 127274.8317512612
121457.3545063154 127274.8317512612
121297.0520237114 127274.8317512612
121617.6569889195 127434.9114045895
121457.3545063154 127434.9114045895
121297.0520237114 127594.9910579179
120976.4470585034 127755.0707112463
120816.1445758993 128075.2300179030
120816.1445758993 128395.3893245597
117610.0949238188 131276.8230844702
117610.0949238188 131436.9027377985
117289.4899586107 131436.9027377985
117610.0949238188 131596.9823911269
117449.7924412148 131596.9823911269
117770.3974064228 131757.0620444552
117610.0949238188 131757.0620444552
117449.7924412148 131757.0620444552
117289.4899586107 131757.0620444552
117610.0949238188 131917.1416977836
117449.7924412148 131917.1416977836
117610.0949238188 132077.2213511119
117449.7924412148 132077.2213511119
117289.4899586107 132077.2213511119
117289.4899586107 132397.3806577687

120655.8420932953 135438.8940710075
120816.1445758993 135118.7347643508
121136.7495411074 134958.6551110224
123220.6818149597 133357.8585777388
123220.6818149597 133037.6992710821
117289.4899586107 132877.6196177537
129953.3860843289 118790.6101248582
129793.0836017248 119110.7694315149
129632.7811191208 119430.9287381716
129312.1761539127 119591.0083915000
129632.7811191208 120071.2473514851
129312.1761539127 120231.3270048134
128991.5711887047 120391.4066581418
121777.9594715235 126634.5131379478
122579.4718845436 126794.5927912761
121938.2619541275 126794.5927912761
121617.6569889195 126954.6724446045
121457.3545063154 126954.6724446045
121938.2619541275 127114.7520979328
121777.9594715235 127114.7520979328
121617.6569889195 127114.7520979328
121777.9594715235 127274.8317512612
121617.6569889195 127274.8317512612
121457.3545063154 127274.8317512612
121617.6569889195 127434.9114045895
121136.7495411074 127434.9114045895
121136.7495411074 127755.0707112463
120816.1445758993 128075.2300179030
120816.1445758993 128395.3893245597
117610.0949238188 131276.8230844702
117289.4899586107 131436.9027377985
117610.0949238188 131596.9823911269
117770.3974064228 131757.0620444552
117289.4899586107 131757.0620444552
117770.3974064228 131917.1416977836
117610.0949238188 131917.1416977836
117449.7924412148 131917.1416977836
117610.0949238188 132077.2213511119
117449.7924412148 132237.3010044403
117449.7924412148 132557.4603110970

120655.8420932953 135438.8940710075
120816.1445758993 135118.7347643508
121136.7495411074 134958.6551110224
123220.6818149597 133357.8585777388
123220.6818149597 133037.6992710821
123380.9842975638 132717.5399644254
117449.7924412148 132557.4603110970
117449.7924412148 132237.3010044403
117610.0949238188 132077.2213511119
117449.7924412148 131917.1416977836
117610.0949238188 131917.1416977836
117770.3974064228 131917.1416977836
117289.4899586107 131757.0620444552
117770.3974064228 131757.0620444552
117610.0949238188 131596.9823911269
129953.3860843289 118790.6101248582
129793.0836017248 119110.7694315149
129632.7811191208 119430.9287381716
129312.1761539127 119591.0083915000
129632.7811191208 120071.2473514851
129312.1761539127 120231.3270048134
128991.5711887047 120391.4066581418
121777.9594715235 126634.5131379478
122579.4718845436 126794.5927912761
121938.2619541275 126794.5927912761
121617.6569889195 126954.6724446045
121457.3545063154 126954.6724446045
121938.2619541275 127114.7520979328
121297.0520237114 127594.9910579179
121617.6569889195 127114.7520979328
121777.9594715235 127274.8317512612
121617.6569889195 127274.8317512612
121457.3545063154 127274.8317512612
121617.6569889195 127434.9114045895
121136.7495411074 127434.9114045895
121136.7495411074 127755.0707112463
120816.1445758993 128075.2300179030
120816.1445758993 128395.3893245597
117610.0949238188 131276.8230844702
117289.4899586107 131436.9027377985

120655.8420932953 135438.8940710075
120816.1445758993 135118.7347643508
121136.7495411074 134958.6551110224
123220.6818149597 133357.8585777388
123220.6818149597 133037.6992710821
123380.9842975638 132717.5399644254
117449.7924412148 132557.4603110970
117449.7924412148 132237.3010044403
117610.0949238188 132077.2213511119
117449.7924412148 131917.1416977836
117610.0949238188 131917.1416977836
117770.3974064228 131917.1416977836
117289.4899586107 131757.0620444552
117770.3974064228 131757.0620444552
117610.0949238188 131596.9823911269
117289.4899586107 131436.9027377985
117610.0949238188 131276.8230844702
133159.4357364094 130636.5044711567
129953.3860843289 118790.6101248582
129793.0836017248 119110.7694315149
129632.7811191208 119430.9287381716
129312.1761539127 119591.0083915000
129632.7811191208 120071.2473514851
129312.1761539127 120231.3270048134
128991.5711887047 120391.4066581418
126426.7314670403 125994.1945246343
121777.9594715235 126634.5131379478
122579.4718845436 126794.5927912761
121617.6569889195 126954.6724446045
121938.2619541275 127114.7520979328
121777.9594715235 127114.7520979328
121777.9594715235 127274.8317512612
121457.3545063154 127274.8317512612
121617.6569889195 127434.9114045895
121136.7495411074 127434.9114045895
121136.7495411074 127755.0707112463
120816.1445758993 128075.2300179030
120816.1445758993 128395.3893245597
120495.5396106913 128555.4689778881
117770.3974064228 130956.6637778134

120655.8420932953 135438.8940710075
120816.1445758993 135118.7347643508
121136.7495411074 134958.6551110224
123220.6818149597 133357.8585777388
129953.3860843289 118790.6101248582
129793.0836017248 119110.7694315149
129632.7811191208 119430.9287381716
129312.1761539127 119591.0083915000
129632.7811191208 120071.2473514851
129312.1761539127 120231.3270048134
128991.5711887047 120391.4066581418
126426.7314670403 125994.1945246343
121777.9594715235 126634.5131379478
122579.4718845436 126794.5927912761
121617.6569889195 126954.6724446045
121938.2619541275 127114.7520979328
121777.9594715235 127114.7520979328
121777.9594715235 127274.8317512612
121457.3545063154 127274.8317512612
121617.6569889195 127434.9114045895
121136.7495411074 127434.9114045895
121136.7495411074 127755.0707112463
120816.1445758993 128075.2300179030
120816.1445758993 128395.3893245597
120495.5396106913 128555.4689778881
117770.3974064228 130956.6637778134
117610.0949238188 131276.8230844702
117289.4899586107 131436.9027377985
117610.0949238188 131596.9823911269
117449.7924412148 131596.9823911269
117770.3974064228 131757.0620444552
117610.0949238188 131757.0620444552
117289.4899586107 131757.0620444552
117610.0949238188 131917.1416977836
117449.7924412148 131917.1416977836
117610.0949238188 132077.2213511119
117449.7924412148 132237.3010044403
117449.7924412148 132557.4603110970
123380.9842975638 132717.5399644254
123220.6818149597 133037.6992710821

120655.8420932953 135438.8940710075
120816.1445758993 135118.7347643508
121136.7495411074 134958.6551110224
123220.6818149597 133357.8585777388
123220.6818149597 133037.6992710821
117449.7924412148 132557.4603110970
117449.7924412148 132237.3010044403
117610.0949238188 132077.2213511119
117449.7924412148 131917.1416977836
117610.0949238188 131917.1416977836
117770.3974064228 131917.1416977836
117289.4899586107 131757.0620444552
117610.0949238188 131757.0620444552
117770.3974064228 131757.0620444552
117449.7924412148 131596.9823911269
117610.0949238188 131596.9823911269
117289.4899586107 131436.9027377985
117610.0949238188 131276.8230844702
129953.3860843289 118790.6101248582
129793.0836017248 119110.7694315149
129632.7811191208 119430.9287381716
129472.4786365168 119911.1676981567
121777.9594715235 126634.5131379478
121777.9594715235 126794.5927912761
121938.2619541275 126954.6724446045
121777.9594715235 126954.6724446045
121617.6569889195 126954.6724446045
121457.3545063154 126954.6724446045
121938.2619541275 127114.7520979328
121777.9594715235 127114.7520979328
121617.6569889195 127114.7520979328
121777.9594715235 127274.8317512612
121617.6569889195 127274.8317512612
121457.3545063154 127274.8317512612
121617.6569889195 127434.9114045895
121457.3545063154 127434.9114045895
121136.7495411074 127434.9114045895
121297.0520237114 127594.9910579179
120976.4470585034 127755.0707112463
120816.1445758993 128075.2300179030

120655.8420932953 135438.8940710075
120816.1445758993 135118.7347643508
121136.7495411074 134958.6551110224
123220.6818149597 133357.8585777388
123220.6818149597 133037.6992710821
117289.4899586107 132877.6196177537
129953.3860843289 118790.6101248582
129793.0836017248 119110.7694315149
129632.7811191208 119430.9287381716
129312.1761539127 119591.0083915000
129632.7811191208 120071.2473514851
129312.1761539127 120231.3270048134
128991.5711887047 120391.4066581418
126426.7314670403 125994.1945246343
121777.9594715235 126634.5131379478
122579.4718845436 126794.5927912761
121617.6569889195 126954.6724446045
121938.2619541275 127114.7520979328
121777.9594715235 127114.7520979328
121777.9594715235 127274.8317512612
121457.3545063154 127274.8317512612
121617.6569889195 127434.9114045895
121136.7495411074 127434.9114045895
121136.7495411074 127755.0707112463
120816.1445758993 128075.2300179030
120816.1445758993 128395.3893245597
120495.5396106913 128555.4689778881
117770.3974064228 130956.6637778134
117610.0949238188 131276.8230844702
117289.4899586107 131436.9027377985
117610.0949238188 131596.9823911269
117449.7924412148 131596.9823911269
117770.3974064228 131757.0620444552
117610.0949238188 131757.0620444552
117289.4899586107 131757.0620444552
117610.0949238188 131917.1416977836
117449.7924412148 131917.1416977836
117610.0949238188 132077.2213511119
117449.7924412148 132237.3010044403
117449.7924412148 132557.4603110970

120655.8420932953 135438.8940710075
120816.1445758993 135118.7347643508
120816.1445758993 135438.8940710075
123220.6818149597 133357.8585777388
123220.6818149597 133037.6992710821
123380.9842975638 132717.5399644254
117449.7924412148 132557.4603110970
117449.7924412148 132237.3010044403
117610.0949238188 132077.2213511119
117449.7924412148 131917.1416977836
117610.0949238188 131917.1416977836
117289.4899586107 131757.0620444552
117610.0949238188 131757.0620444552
117770.3974064228 131757.0620444552
117449.7924412148 131596.9823911269
117610.0949238188 131596.9823911269
117289.4899586107 131436.9027377985
117610.0949238188 131276.8230844702
117770.3974064228 130956.6637778134
120495.5396106913 128555.4689778881
120816.1445758993 128395.3893245597
120816.1445758993 128075.2300179030
121136.7495411074 127755.0707112463
121136.7495411074 127434.9114045895
121617.6569889195 127434.9114045895
121457.3545063154 127274.8317512612
121777.9594715235 127274.8317512612
121777.9594715235 127114.7520979328
121938.2619541275 127114.7520979328
121617.6569889195 126954.6724446045
122579.4718845436 126794.5927912761
121777.9594715235 126634.5131379478
126426.7314670403 125994.1945246343
128991.5711887047 120391.4066581418
129312.1761539127 120231.3270048134
129632.7811191208 120071.2473514851
129312.1761539127 119591.0083915000
129632.7811191208 119430.9287381716
129793.0836017248 119110.7694315149
129953.3860843289 118790.6101248582

120655.8420932953 135438.8940710075
120816.1445758993 135118.7347643508
121136.7495411074 134958.6551110224
129953.3860843289 118790.6101248582
129793.0836017248 119110.7694315149
129632.7811191208 119430.9287381716
129312.1761539127 119591.0083915000
129632.7811191208 120071.2473514851
129312.1761539127 120231.3270048134
128991.5711887047 120391.4066581418
130754.8984973490 123432.9200713806
130754.8984973490 124393.3979913508
126426.7314670403 125994.1945246343
122258.8669193356 126314.3538312911
125464.9165714161 126474.4334846194
121777.9594715235 126634.5131379478
122579.4718845436 126794.5927912761
121938.2619541275 127114.7520979328
121777.9594715235 127114.7520979328
121777.9594715235 127274.8317512612
121457.3545063154 127274.8317512612
121617.6569889195 127434.9114045895
121136.7495411074 127434.9114045895
121136.7495411074 127755.0707112463
120816.1445758993 128075.2300179030
120816.1445758993 128395.3893245597
120495.5396106913 128555.4689778881
129632.7811191208 129836.1062045149
117770.3974064228 130956.6637778134
133159.4357364094 131116.7434311418
117610.0949238188 131276.8230844702
117770.3974064228 131757.0620444552
117129.1874760067 131757.0620444552
117610.0949238188 132077.2213511119
117449.7924412148 132237.3010044403
117449.7924412148 132557.4603110970
123380.9842975638 132717.5399644254
123220.6818149597 133037.6992710821
123220.6818149597 133357.8585777388
117129.1874760067 133998.1771910522

120655.8420932953 135438.8940710075
120816.1445758993 135118.7347643508
121136.7495411074 134958.6551110224
117289.4899586107 132397.3806577687
117289.4899586107 132077.2213511119
117449.7924412148 132077.2213511119
117610.0949238188 132077.2213511119
117449.7924412148 131917.1416977836
117610.0949238188 131917.1416977836
117289.4899586107 131757.0620444552
117449.7924412148 131757.0620444552
117610.0949238188 131757.0620444552
117770.3974064228 131757.0620444552
117449.7924412148 131596.9823911269
117610.0949238188 131596.9823911269
117289.4899586107 131436.9027377985
117610.0949238188 131436.9027377985
117610.0949238188 131276.8230844702
129953.3860843289 118790.6101248582
129793.0836017248 119110.7694315149
129632.7811191208 119430.9287381716
129472.4786365168 119911.1676981567
121777.9594715235 126634.5131379478
121777.9594715235 126794.5927912761
121938.2619541275 126954.6724446045
121777.9594715235 126954.6724446045
121617.6569889195 126954.6724446045
121457.3545063154 126954.6724446045
121938.2619541275 127114.7520979328
121777.9594715235 127114.7520979328
121617.6569889195 127114.7520979328
121777.9594715235 127274.8317512612
121617.6569889195 127274.8317512612
121457.3545063154 127274.8317512612
121617.6569889195 127434.9114045895
121457.3545063154 127434.9114045895
121136.7495411074 127434.9114045895
121136.7495411074 127755.0707112463
120816.1445758993 128075.2300179030
120816.1445758993 128395.3893245597

120816.1445758993 135118.7347643508
129793.0836017248 119110.7694315149
121777.9594715235 126634.5131379478
121938.2619541275 126794.5927912761
121777.9594715235 126794.5927912761
121938.2619541275 126954.6724446045
121777.9594715235 126954.6724446045
121617.6569889195 126954.6724446045
121457.3545063154 126954.6724446045
121938.2619541275 127114.7520979328
121777.9594715235 127114.7520979328
121617.6569889195 127114.7520979328
121457.3545063154 127114.7520979328
121777.9594715235 127274.8317512612
121617.6569889195 127274.8317512612
121457.3545063154 127274.8317512612
121297.0520237114 127274.8317512612
121617.6569889195 127434.9114045895
121457.3545063154 127434.9114045895
121297.0520237114 127594.9910579179
120976.4470585034 127755.0707112463
120816.1445758993 128075.2300179030
117610.0949238188 131276.8230844702
117610.0949238188 131436.9027377985
117289.4899586107 131436.9027377985
117770.3974064228 131596.9823911269
117610.0949238188 131596.9823911269
117449.7924412148 131596.9823911269
117770.3974064228 131757.0620444552
117610.0949238188 131757.0620444552
117449.7924412148 131757.0620444552
117289.4899586107 131757.0620444552
117770.3974064228 131917.1416977836
117610.0949238188 131917.1416977836
117449.7924412148 131917.1416977836
117610.0949238188 132077.2213511119
117449.7924412148 132077.2213511119
117289.4899586107 132077.2213511119
117449.7924412148 132237.3010044403
117449.7924412148 132557.4603110970

120655.8420932953 135438.8940710075
120816.1445758993 135118.7347643508
121136.7495411074 134958.6551110224
123220.6818149597 133357.8585777388
123220.6818149597 133037.6992710821
123380.9842975638 132717.5399644254
117449.7924412148 132557.4603110970
117449.7924412148 132237.3010044403
117610.0949238188 132077.2213511119
117449.7924412148 131917.1416977836
117610.0949238188 131917.1416977836
117770.3974064228 131917.1416977836
117289.4899586107 131757.0620444552
117770.3974064228 131757.0620444552
117610.0949238188 131596.9823911269
117289.4899586107 131436.9027377985
117610.0949238188 131276.8230844702
129953.3860843289 118790.6101248582
129793.0836017248 119110.7694315149
129632.7811191208 119430.9287381716
129312.1761539127 119591.0083915000
129632.7811191208 120071.2473514851
129312.1761539127 120231.3270048134
128991.5711887047 120391.4066581418
126426.7314670403 125994.1945246343
122258.8669193356 126314.3538312911
121777.9594715235 126634.5131379478
122579.4718845436 126794.5927912761
121938.2619541275 127114.7520979328
121777.9594715235 127114.7520979328
121777.9594715235 127274.8317512612
121457.3545063154 127274.8317512612
121617.6569889195 127434.9114045895
121136.7495411074 127434.9114045895
121136.7495411074 127755.0707112463
120816.1445758993 128075.2300179030
120816.1445758993 128395.3893245597
120495.5396106913 128555.4689778881
129632.7811191208 129836.1062045149
117770.3974064228 130956.6637778134

120655.8420932953 135438.8940710075
120816.1445758993 135118.7347643508
129953.3860843289 118790.6101248582
129793.0836017248 119110.7694315149
129632.7811191208 119430.9287381716
129472.4786365168 119911.1676981567
121777.9594715235 126634.5131379478
121777.9594715235 126794.5927912761
121938.2619541275 126954.6724446045
121777.9594715235 126954.6724446045
121617.6569889195 126954.6724446045
121457.3545063154 126954.6724446045
121938.2619541275 127114.7520979328
121777.9594715235 127114.7520979328
121617.6569889195 127114.7520979328
121777.9594715235 127274.8317512612
121617.6569889195 127274.8317512612
121457.3545063154 127274.8317512612
121617.6569889195 127434.9114045895
121457.3545063154 127434.9114045895
121136.7495411074 127434.9114045895
121136.7495411074 127755.0707112463
120816.1445758993 128075.2300179030
120816.1445758993 128395.3893245597
117610.0949238188 131276.8230844702
117289.4899586107 131436.9027377985
117610.0949238188 131596.9823911269
117449.7924412148 131596.9823911269
117770.3974064228 131757.0620444552
117610.0949238188 131757.0620444552
117289.4899586107 131757.0620444552
117770.3974064228 131917.1416977836
117610.0949238188 131917.1416977836
117449.7924412148 131917.1416977836
117610.0949238188 132077.2213511119
117289.4899586107 132077.2213511119
117449.7924412148 132237.3010044403
117449.7924412148 132557.4603110970
123220.6818149597 133037.6992710821
121136.7495411074 134958.6551110224

120655.8420932953 135438.8940710075
120816.1445758993 135118.7347643508
123220.6818149597 133037.6992710821
117449.7924412148 132557.4603110970
117449.7924412148 132237.3010044403
117289.4899586107 132077.2213511119
117610.0949238188 132077.2213511119
117449.7924412148 131917.1416977836
117610.0949238188 131917.1416977836
117770.3974064228 131917.1416977836
117289.4899586107 131757.0620444552
117449.7924412148 131757.0620444552
117610.0949238188 131757.0620444552
117770.3974064228 131757.0620444552
117449.7924412148 131596.9823911269
117610.0949238188 131596.9823911269
117289.4899586107 131436.9027377985
117610.0949238188 131276.8230844702
129953.3860843289 118790.6101248582
129793.0836017248 119110.7694315149
129632.7811191208 119430.9287381716
129472.4786365168 119911.1676981567
121777.9594715235 126634.5131379478
121777.9594715235 126794.5927912761
121938.2619541275 126954.6724446045
121777.9594715235 126954.6724446045
121617.6569889195 126954.6724446045
121457.3545063154 126954.6724446045
121938.2619541275 127114.7520979328
121777.9594715235 127114.7520979328
121617.6569889195 127114.7520979328
121777.9594715235 127274.8317512612
121617.6569889195 127274.8317512612
121457.3545063154 127274.8317512612
121617.6569889195 127434.9114045895
121457.3545063154 127434.9114045895
121136.7495411074 127434.9114045895
121297.0520237114 127594.9910579179
120976.4470585034 127755.0707112463
120816.1445758993 128075.2300179030

120655.8420932953 135438.8940710075
120816.1445758993 135118.7347643508
121136.7495411074 134958.6551110224
123220.6818149597 133357.8585777388
123220.6818149597 133037.6992710821
117449.7924412148 132557.4603110970
117449.7924412148 132237.3010044403
117610.0949238188 132077.2213511119
117449.7924412148 131917.1416977836
117610.0949238188 131917.1416977836
117770.3974064228 131917.1416977836
117289.4899586107 131757.0620444552
117610.0949238188 131757.0620444552
117770.3974064228 131757.0620444552
117610.0949238188 131596.9823911269
117289.4899586107 131436.9027377985
117610.0949238188 131276.8230844702
120816.1445758993 128395.3893245597
120816.1445758993 128075.2300179030
121136.7495411074 127755.0707112463
121136.7495411074 127434.9114045895
121617.6569889195 127434.9114045895
121457.3545063154 127274.8317512612
121617.6569889195 127274.8317512612
121777.9594715235 127274.8317512612
121617.6569889195 127114.7520979328
121777.9594715235 127114.7520979328
121938.2619541275 127114.7520979328
121457.3545063154 126954.6724446045
121617.6569889195 126954.6724446045
121938.2619541275 126794.5927912761
122579.4718845436 126794.5927912761
121777.9594715235 126634.5131379478
129953.3860843289 118790.6101248582
129793.0836017248 119110.7694315149
129632.7811191208 119430.9287381716
129472.4786365168 119911.1676981567
121777.9594715235 126794.5927912761
121938.2619541275 126954.6724446045
121777.9594715235 126954.6724446045

120655.8420932953 135438.8940710075
120816.1445758993 135118.7347643508
121136.7495411074 134958.6551110224
123220.6818149597 133357.8585777388
129953.3860843289 118790.6101248582
129793.0836017248 119110.7694315149
129632.7811191208 119430.9287381716
129312.1761539127 119591.0083915000
129632.7811191208 120071.2473514851
129312.1761539127 120231.3270048134
128991.5711887047 120391.4066581418
121777.9594715235 126634.5131379478
122579.4718845436 126794.5927912761
121938.2619541275 126794.5927912761
121617.6569889195 126954.6724446045
121457.3545063154 126954.6724446045
121938.2619541275 127114.7520979328
121777.9594715235 127114.7520979328
121617.6569889195 127114.7520979328
121777.9594715235 127274.8317512612
121617.6569889195 127274.8317512612
121457.3545063154 127274.8317512612
121617.6569889195 127434.9114045895
121136.7495411074 127434.9114045895
121136.7495411074 127755.0707112463
120816.1445758993 128075.2300179030
120816.1445758993 128395.3893245597
117610.0949238188 131276.8230844702
117289.4899586107 131436.9027377985
117610.0949238188 131596.9823911269
117770.3974064228 131757.0620444552
117289.4899586107 131757.0620444552
117770.3974064228 131917.1416977836
117610.0949238188 131917.1416977836
117449.7924412148 131917.1416977836
117610.0949238188 132077.2213511119
117449.7924412148 132237.3010044403
117449.7924412148 132557.4603110970
123380.9842975638 132717.5399644254
123220.6818149597 133037.6992710821

120655.8420932953 135438.8940710075
120816.1445758993 135118.7347643508
121136.7495411074 134958.6551110224
123220.6818149597 133357.8585777388
123220.6818149597 133037.6992710821
123380.9842975638 132717.5399644254
117449.7924412148 132557.4603110970
117449.7924412148 132237.3010044403
117610.0949238188 132077.2213511119
117449.7924412148 131917.1416977836
117610.0949238188 131917.1416977836
117289.4899586107 131757.0620444552
117610.0949238188 131757.0620444552
117770.3974064228 131757.0620444552
117449.7924412148 131596.9823911269
117610.0949238188 131596.9823911269
117289.4899586107 131436.9027377985
117610.0949238188 131276.8230844702
117770.3974064228 130956.6637778134
129953.3860843289 118790.6101248582
129793.0836017248 119110.7694315149
129632.7811191208 119430.9287381716
129472.4786365168 119911.1676981567
129312.1761539127 120231.3270048134
121777.9594715235 126634.5131379478
121777.9594715235 126954.6724446045
121617.6569889195 126954.6724446045
121457.3545063154 126954.6724446045
121938.2619541275 127114.7520979328
121777.9594715235 127114.7520979328
121617.6569889195 127114.7520979328
121777.9594715235 127274.8317512612
121617.6569889195 127274.8317512612
121457.3545063154 127274.8317512612
121617.6569889195 127434.9114045895
121457.3545063154 127434.9114045895
121136.7495411074 127434.9114045895
121136.7495411074 127755.0707112463
120816.1445758993 128075.2300179030
120816.1445758993 128395.3893245597

120655.8420932953 135438.8940710075
120816.1445758993 135118.7347643508
121136.7495411074 134958.6551110224
129953.3860843289 118790.6101248582
129793.0836017248 119110.7694315149
129632.7811191208 119430.9287381716
129472.4786365168 119911.1676981567
121777.9594715235 126634.5131379478
121777.9594715235 126794.5927912761
121938.2619541275 126954.6724446045
121777.9594715235 126954.6724446045
121617.6569889195 126954.6724446045
121457.3545063154 126954.6724446045
121938.2619541275 127114.7520979328
121777.9594715235 127114.7520979328
121617.6569889195 127114.7520979328
121777.9594715235 127274.8317512612
121617.6569889195 127274.8317512612
121457.3545063154 127274.8317512612
121617.6569889195 127434.9114045895
121457.3545063154 127434.9114045895
121136.7495411074 127434.9114045895
121297.0520237114 127594.9910579179
120976.4470585034 127755.0707112463
120816.1445758993 128075.2300179030
117610.0949238188 131276.8230844702
117610.0949238188 131436.9027377985
117289.4899586107 131436.9027377985
117610.0949238188 131596.9823911269
117449.7924412148 131596.9823911269
117770.3974064228 131757.0620444552
117610.0949238188 131757.0620444552
117449.7924412148 131757.0620444552
117289.4899586107 131757.0620444552
117610.0949238188 131917.1416977836
117449.7924412148 131917.1416977836
117610.0949238188 132077.2213511119
117449.7924412148 132077.2213511119
117289.4899586107 132077.2213511119
117289.4899586107 132397.3806577687

120655.8420932953 135438.8940710075
120816.1445758993 135118.7347643508
121136.7495411074 134958.6551110224
129953.3860843289 118790.6101248582
129793.0836017248 119110.7694315149
129632.7811191208 119430.9287381716
129312.1761539127 119591.0083915000
129632.7811191208 120071.2473514851
129312.1761539127 120231.3270048134
128991.5711887047 120391.4066581418
121777.9594715235 126634.5131379478
122579.4718845436 126794.5927912761
121938.2619541275 126794.5927912761
121617.6569889195 126954.6724446045
121457.3545063154 126954.6724446045
121938.2619541275 127114.7520979328
121777.9594715235 127114.7520979328
121617.6569889195 127114.7520979328
121777.9594715235 127274.8317512612
121617.6569889195 127274.8317512612
121457.3545063154 127274.8317512612
121617.6569889195 127434.9114045895
121136.7495411074 127434.9114045895
121136.7495411074 127755.0707112463
120816.1445758993 128075.2300179030
120816.1445758993 128395.3893245597
117610.0949238188 131276.8230844702
117289.4899586107 131436.9027377985
117610.0949238188 131596.9823911269
117770.3974064228 131757.0620444552
117610.0949238188 131757.0620444552
117289.4899586107 131757.0620444552
117770.3974064228 131917.1416977836
117610.0949238188 131917.1416977836
117449.7924412148 131917.1416977836
117610.0949238188 132077.2213511119
117449.7924412148 132237.3010044403
117449.7924412148 132557.4603110970
123220.6818149597 133037.6992710821
123220.6818149597 133357.8585777388

120655.8420932953 135438.8940710075
120816.1445758993 135118.7347643508
121136.7495411074 134958.6551110224
123220.6818149597 133357.8585777388
123220.6818149597 133037.6992710821
123380.9842975638 132717.5399644254
117449.7924412148 132557.4603110970
117449.7924412148 132237.3010044403
117610.0949238188 132077.2213511119
117449.7924412148 131917.1416977836
117610.0949238188 131917.1416977836
117289.4899586107 131757.0620444552
117449.7924412148 131757.0620444552
117610.0949238188 131757.0620444552
117770.3974064228 131757.0620444552
117449.7924412148 131596.9823911269
117610.0949238188 131596.9823911269
117289.4899586107 131436.9027377985
117610.0949238188 131276.8230844702
120816.1445758993 128395.3893245597
120816.1445758993 128075.2300179030
121136.7495411074 127755.0707112463
121136.7495411074 127434.9114045895
121457.3545063154 127434.9114045895
121617.6569889195 127434.9114045895
121457.3545063154 127274.8317512612
121617.6569889195 127274.8317512612
121777.9594715235 127274.8317512612
121617.6569889195 127114.7520979328
121777.9594715235 127114.7520979328
121938.2619541275 127114.7520979328
121457.3545063154 126954.6724446045
121617.6569889195 126954.6724446045
121777.9594715235 126954.6724446045
121777.9594715235 126634.5131379478
129312.1761539127 120231.3270048134
129472.4786365168 119911.1676981567
129632.7811191208 119430.9287381716
129793.0836017248 119110.7694315149
129953.3860843289 118790.6101248582

120655.8420932953 135438.8940710075
120816.1445758993 135118.7347643508
121136.7495411074 134958.6551110224
123220.6818149597 133037.6992710821
117449.7924412148 132877.6196177537
117449.7924412148 132557.4603110970
117449.7924412148 132237.3010044403
129953.3860843289 118790.6101248582
129793.0836017248 119110.7694315149
129632.7811191208 119430.9287381716
129472.4786365168 119911.1676981567
121777.9594715235 126634.5131379478
121777.9594715235 126794.5927912761
121938.2619541275 126954.6724446045
121777.9594715235 126954.6724446045
121617.6569889195 126954.6724446045
121457.3545063154 126954.6724446045
121938.2619541275 127114.7520979328
121777.9594715235 127114.7520979328
121617.6569889195 127114.7520979328
121777.9594715235 127274.8317512612
121617.6569889195 127274.8317512612
121457.3545063154 127274.8317512612
121617.6569889195 127434.9114045895
121457.3545063154 127434.9114045895
121136.7495411074 127434.9114045895
121136.7495411074 127755.0707112463
120816.1445758993 128075.2300179030
120816.1445758993 128395.3893245597
117610.0949238188 131276.8230844702
117289.4899586107 131436.9027377985
117610.0949238188 131596.9823911269
117449.7924412148 131596.9823911269
117770.3974064228 131757.0620444552
117610.0949238188 131757.0620444552
117289.4899586107 131757.0620444552
117770.3974064228 131917.1416977836
117610.0949238188 131917.1416977836
117449.7924412148 131917.1416977836
117610.0949238188 132077.2213511119

120655.8420932953 135438.8940710075
120816.1445758993 135118.7347643508
121136.7495411074 134958.6551110224
123220.6818149597 133357.8585777388
123220.6818149597 133037.6992710821
123380.9842975638 132717.5399644254
117449.7924412148 132557.4603110970
117449.7924412148 132237.3010044403
117610.0949238188 132077.2213511119
117449.7924412148 131917.1416977836
117610.0949238188 131917.1416977836
117289.4899586107 131757.0620444552
117449.7924412148 131757.0620444552
117610.0949238188 131757.0620444552
117770.3974064228 131757.0620444552
117449.7924412148 131596.9823911269
117610.0949238188 131596.9823911269
117289.4899586107 131436.9027377985
117610.0949238188 131276.8230844702
129953.3860843289 118790.6101248582
129793.0836017248 119110.7694315149
129632.7811191208 119430.9287381716
129312.1761539127 119591.0083915000
129632.7811191208 120071.2473514851
129312.1761539127 120231.3270048134
128991.5711887047 120391.4066581418
126426.7314670403 125994.1945246343
121777.9594715235 126634.5131379478
122579.4718845436 126794.5927912761
121617.6569889195 126954.6724446045
121938.2619541275 127114.7520979328
121777.9594715235 127114.7520979328
121777.9594715235 127274.8317512612
121457.3545063154 127274.8317512612
121617.6569889195 127434.9114045895
121136.7495411074 127434.9114045895
121136.7495411074 127755.0707112463
120816.1445758993 128075.2300179030
120816.1445758993 128395.3893245597
120495.5396106913 128555.4689778881

120655.8420932953 135438.8940710075
120816.1445758993 135118.7347643508
121136.7495411074 134958.6551110224
129953.3860843289 118790.6101248582
129793.0836017248 119110.7694315149
129632.7811191208 119430.9287381716
129312.1761539127 119591.0083915000
129632.7811191208 120071.2473514851
129312.1761539127 120231.3270048134
121777.9594715235 126634.5131379478
122579.4718845436 126794.5927912761
121938.2619541275 126794.5927912761
121777.9594715235 126954.6724446045
121617.6569889195 126954.6724446045
121457.3545063154 126954.6724446045
121938.2619541275 127114.7520979328
121777.9594715235 127114.7520979328
121617.6569889195 127114.7520979328
121777.9594715235 127274.8317512612
121617.6569889195 127274.8317512612
121457.3545063154 127274.8317512612
121617.6569889195 127434.9114045895
121457.3545063154 127434.9114045895
121136.7495411074 127434.9114045895
121136.7495411074 127755.0707112463
120976.4470585034 127755.0707112463
120816.1445758993 128075.2300179030
120495.5396106913 128235.3096712314
117610.0949238188 131276.8230844702
117289.4899586107 131436.9027377985
117610.0949238188 131596.9823911269
117770.3974064228 131757.0620444552
117289.4899586107 131757.0620444552
117770.3974064228 131917.1416977836
117610.0949238188 131917.1416977836
117449.7924412148 131917.1416977836
117610.0949238188 132077.2213511119
117449.7924412148 132237.3010044403
117449.7924412148 132557.4603110970
123220.6818149597 133037.6992710821

120655.8420932953 135438.8940710075
120816.1445758993 135118.7347643508
123220.6818149597 133037.6992710821
129953.3860843289 118790.6101248582
129793.0836017248 119110.7694315149
129632.7811191208 119430.9287381716
129472.4786365168 119911.1676981567
121777.9594715235 126634.5131379478
121777.9594715235 126794.5927912761
121136.7495411074 134958.6551110224
121777.9594715235 126954.6724446045
121617.6569889195 126954.6724446045
121457.3545063154 126954.6724446045
121938.2619541275 127114.7520979328
121777.9594715235 127114.7520979328
121617.6569889195 127114.7520979328
121777.9594715235 127274.8317512612
121617.6569889195 127274.8317512612
121457.3545063154 127274.8317512612
121617.6569889195 127434.9114045895
121457.3545063154 127434.9114045895
121136.7495411074 127434.9114045895
121136.7495411074 127755.0707112463
120816.1445758993 128075.2300179030
120816.1445758993 128395.3893245597
117610.0949238188 131276.8230844702
117289.4899586107 131436.9027377985
117610.0949238188 131596.9823911269
117449.7924412148 131596.9823911269
117770.3974064228 131757.0620444552
117610.0949238188 131757.0620444552
117449.7924412148 131757.0620444552
117289.4899586107 131757.0620444552
117770.3974064228 131917.1416977836
117610.0949238188 131917.1416977836
117449.7924412148 131917.1416977836
117610.0949238188 132077.2213511119
117289.4899586107 132077.2213511119
117449.7924412148 132237.3010044403
117449.7924412148 132557.4603110970

120655.8420932953 135438.8940710075
120816.1445758993 135118.7347643508
130434.2935321409 118470.4508182015
129953.3860843289 118790.6101248582
129793.0836017248 119110.7694315149
129632.7811191208 119430.9287381716
129312.1761539127 119591.0083915000
129632.7811191208 120071.2473514851
129312.1761539127 120231.3270048134
128991.5711887047 120391.4066581418
130754.8984973490 123432.9200713806
130754.8984973490 124393.3979913508
126426.7314670403 125994.1945246343
122258.8669193356 126314.3538312911
125464.9165714161 126474.4334846194
121777.9594715235 126634.5131379478
122579.4718845436 126794.5927912761
121938.2619541275 127114.7520979328
121777.9594715235 127114.7520979328
121777.9594715235 127274.8317512612
121457.3545063154 127274.8317512612
121617.6569889195 127434.9114045895
121136.7495411074 127434.9114045895
121136.7495411074 127755.0707112463
120816.1445758993 128075.2300179030
120816.1445758993 128395.3893245597
120495.5396106913 128555.4689778881
129632.7811191208 129836.1062045149
117770.3974064228 130956.6637778134
133159.4357364094 131116.7434311418
117610.0949238188 131276.8230844702
117770.3974064228 131757.0620444552
117129.1874760067 131757.0620444552
117610.0949238188 132077.2213511119
117449.7924412148 132237.3010044403
117449.7924412148 132557.4603110970
123380.9842975638 132717.5399644254
123220.6818149597 133037.6992710821
123220.6818149597 133357.8585777388
117129.1874760067 133998.1771910522

120655.8420932953 135438.8940710075
120816.1445758993 135118.7347643508
120976.4470585034 134798.5754576940
123220.6818149597 133037.6992710821
117449.7924412148 132557.4603110970
117449.7924412148 132237.3010044403
117449.7924412148 131917.1416977836
117610.0949238188 131917.1416977836
117289.4899586107 131757.0620444552
117449.7924412148 131757.0620444552
117610.0949238188 131757.0620444552
117770.3974064228 131757.0620444552
117449.7924412148 131596.9823911269
117610.0949238188 131596.9823911269
117289.4899586107 131436.9027377985
117610.0949238188 131436.9027377985
117610.0949238188 131276.8230844702
120816.1445758993 128395.3893245597
120816.1445758993 128075.2300179030
129953.3860843289 118790.6101248582
129793.0836017248 119110.7694315149
129632.7811191208 119430.9287381716
129312.1761539127 119591.0083915000
129632.7811191208 120071.2473514851
129312.1761539127 120231.3270048134
128991.5711887047 120391.4066581418
121777.9594715235 126634.5131379478
122579.4718845436 126794.5927912761
121938.2619541275 126794.5927912761
121617.6569889195 126954.6724446045
121457.3545063154 126954.6724446045
121938.2619541275 127114.7520979328
121777.9594715235 127114.7520979328
121617.6569889195 127114.7520979328
121777.9594715235 127274.8317512612
121617.6569889195 127274.8317512612
121457.3545063154 127274.8317512612
121617.6569889195 127434.9114045895
121136.7495411074 127434.9114045895
121136.7495411074 127755.0707112463

120655.8420932953 135438.8940710075
120816.1445758993 135118.7347643508
120976.4470585034 134798.5754576940
117129.1874760067 133998.1771910522
123220.6818149597 133357.8585777388
123220.6818149597 133037.6992710821
123380.9842975638 132717.5399644254
117449.7924412148 132557.4603110970
117449.7924412148 132237.3010044403
117610.0949238188 132077.2213511119
117129.1874760067 131757.0620444552
117770.3974064228 131757.0620444552
117610.0949238188 131276.8230844702
133159.4357364094 131116.7434311418
117770.3974064228 130956.6637778134
133480.0407016175 116869.6542849179
133480.0407016175 117189.8135915746
132678.5282885973 117830.1322048881
129151.8736713087 121191.8049247836
129953.3860843289 118790.6101248582
132037.3183581812 118950.6897781866
129312.1761539127 119911.1676981567
129793.0836017248 120551.4863114702
129472.4786365168 120711.5659647985
127548.8488452685 121672.0438847687
128029.7562930805 122312.3624980821
130754.8984973490 123112.7607647239
129312.1761539127 123753.0793780373
128670.9662234966 124073.2386846940
128190.0587756846 124873.6369513358
130113.6885669329 125353.8759113209
124823.7066410000 125994.1945246343
129472.4786365168 126154.2741779627
128991.5711887047 126634.5131379478
127548.8488452685 126794.5927912761
122900.0768497517 127114.7520979328
122258.8669193356 127114.7520979328
126106.1265018322 127274.8317512612
124503.1016757919 127594.9910579179
122419.1694019396 127594.9910579179

120655.8420932953 135438.8940710075
120816.1445758993 135118.7347643508
120976.4470585034 134798.5754576940
123220.6818149597 133357.8585777388
123220.6818149597 133037.6992710821
123380.9842975638 132717.5399644254
117449.7924412148 132557.4603110970
117449.7924412148 132237.3010044403
117610.0949238188 132077.2213511119
117449.7924412148 131917.1416977836
117610.0949238188 131917.1416977836
117770.3974064228 131917.1416977836
117289.4899586107 131757.0620444552
117770.3974064228 131757.0620444552
117610.0949238188 131596.9823911269
117289.4899586107 131436.9027377985
117610.0949238188 131276.8230844702
120816.1445758993 128395.3893245597
120816.1445758993 128075.2300179030
121136.7495411074 127755.0707112463
121136.7495411074 127434.9114045895
121457.3545063154 127434.9114045895
121617.6569889195 127434.9114045895
129953.3860843289 118790.6101248582
129793.0836017248 119110.7694315149
129632.7811191208 119430.9287381716
129312.1761539127 119591.0083915000
129632.7811191208 120071.2473514851
129312.1761539127 120231.3270048134
128991.5711887047 120391.4066581418
121777.9594715235 126634.5131379478
122579.4718845436 126794.5927912761
121938.2619541275 126794.5927912761
121617.6569889195 126954.6724446045
121457.3545063154 126954.6724446045
121938.2619541275 127114.7520979328
121777.9594715235 127114.7520979328
121617.6569889195 127114.7520979328
121777.9594715235 127274.8317512612
121457.3545063154 127274.8317512612

120655.8420932953 135438.8940710075
120816.1445758993 135118.7347643508
120976.4470585034 134798.5754576940
129953.3860843289 118790.6101248582
129793.0836017248 119110.7694315149
129632.7811191208 119430.9287381716
129312.1761539127 119591.0083915000
129632.7811191208 120071.2473514851
129312.1761539127 120231.3270048134
128991.5711887047 120391.4066581418
126426.7314670403 125994.1945246343
122258.8669193356 126314.3538312911
121777.9594715235 126634.5131379478
122579.4718845436 126794.5927912761
121938.2619541275 127114.7520979328
121777.9594715235 127114.7520979328
121777.9594715235 127274.8317512612
121457.3545063154 127274.8317512612
121617.6569889195 127434.9114045895
121136.7495411074 127434.9114045895
121136.7495411074 127755.0707112463
120816.1445758993 128075.2300179030
120816.1445758993 128395.3893245597
120495.5396106913 128555.4689778881
129632.7811191208 129836.1062045149
117770.3974064228 130956.6637778134
133159.4357364094 131116.7434311418
117610.0949238188 131276.8230844702
117129.1874760067 133998.1771910522
117289.4899586107 131436.9027377985
117610.0949238188 131596.9823911269
117770.3974064228 131757.0620444552
117129.1874760067 131757.0620444552
117610.0949238188 132077.2213511119
117449.7924412148 132237.3010044403
123060.3793323557 132557.4603110970
117449.7924412148 132557.4603110970
117289.4899586107 132877.6196177537
123220.6818149597 133037.6992710821
123220.6818149597 133357.8585777388

120655.8420932953 135438.8940710075
120816.1445758993 135118.7347643508
120976.4470585034 134798.5754576940
117129.1874760067 133998.1771910522
123220.6818149597 133357.8585777388
123220.6818149597 133037.6992710821
123380.9842975638 132717.5399644254
117449.7924412148 132557.4603110970
117449.7924412148 132237.3010044403
117610.0949238188 132077.2213511119
117129.1874760067 131757.0620444552
117770.3974064228 131757.0620444552
117610.0949238188 131276.8230844702
133159.4357364094 131116.7434311418
117770.3974064228 130956.6637778134
129953.3860843289 118790.6101248582
129793.0836017248 119110.7694315149
129632.7811191208 119430.9287381716
129312.1761539127 119591.0083915000
129632.7811191208 120071.2473514851
129312.1761539127 120231.3270048134
128991.5711887047 120391.4066581418
121777.9594715235 126634.5131379478
122579.4718845436 126794.5927912761
121938.2619541275 126794.5927912761
121617.6569889195 126954.6724446045
121457.3545063154 126954.6724446045
121938.2619541275 127114.7520979328
121777.9594715235 127114.7520979328
121617.6569889195 127114.7520979328
121777.9594715235 127274.8317512612
121457.3545063154 127274.8317512612
121617.6569889195 127434.9114045895
121136.7495411074 127434.9114045895
121136.7495411074 127755.0707112463
120816.1445758993 128075.2300179030
120816.1445758993 128395.3893245597
133159.4357364094 130636.5044711567
117289.4899586107 131436.9027377985
117610.0949238188 131596.9823911269

120495.5396106913 134958.6551110224
120495.5396106913 134478.4161510373
123541.2867801678 133037.6992710821
129151.8736713087 133037.6992710821
118732.2123020470 132877.6196177537
121457.3545063154 132717.5399644254
119533.7247150671 132557.4603110970
128831.2687061007 132237.3010044403
120655.8420932953 131757.0620444552
116968.8849934027 131436.9027377985
131396.1084277651 131116.7434311418
119694.0271976711 130156.2655111716
120014.6321628792 129195.7875912015
118251.3048542349 128875.6282845448
123220.6818149597 128555.4689778881
122419.1694019396 127594.9910579179
124503.1016757919 127594.9910579179
126106.1265018322 127274.8317512612
122258.8669193356 127114.7520979328
122900.0768497517 127114.7520979328
127548.8488452685 126794.5927912761
128991.5711887047 126634.5131379478
129472.4786365168 126154.2741779627
124823.7066410000 125994.1945246343
130113.6885669329 125353.8759113209
128190.0587756846 124873.6369513358
128670.9662234966 124073.2386846940
129312.1761539127 123753.0793780373
130754.8984973490 123112.7607647239
128029.7562930805 122312.3624980821
127548.8488452685 121672.0438847687
129472.4786365168 120711.5659647985
129793.0836017248 120551.4863114702
129312.1761539127 119911.1676981567
121136.7495411074 127755.0707112463
129953.3860843289 118790.6101248582
132197.6208407852 117990.2118582164
132678.5282885973 117830.1322048881
129793.0836017248 119110.7694315149
129632.7811191208 119430.9287381716

120655.8420932953 135438.8940710075
120816.1445758993 135118.7347643508
120976.4470585034 134798.5754576940
129953.3860843289 118790.6101248582
129793.0836017248 119110.7694315149
129632.7811191208 119430.9287381716
129472.4786365168 119911.1676981567
129312.1761539127 120231.3270048134
121777.9594715235 126634.5131379478
121777.9594715235 126954.6724446045
121617.6569889195 126954.6724446045
121457.3545063154 126954.6724446045
121938.2619541275 127114.7520979328
121777.9594715235 127114.7520979328
121617.6569889195 127114.7520979328
121777.9594715235 127274.8317512612
121617.6569889195 127274.8317512612
121457.3545063154 127274.8317512612
129312.1761539127 120551.4863114702
121457.3545063154 127434.9114045895
121136.7495411074 127434.9114045895
121136.7495411074 127755.0707112463
120816.1445758993 128075.2300179030
120816.1445758993 128395.3893245597
117610.0949238188 131276.8230844702
117289.4899586107 131436.9027377985
117610.0949238188 131596.9823911269
117449.7924412148 131596.9823911269
117770.3974064228 131757.0620444552
117610.0949238188 131757.0620444552
117449.7924412148 131757.0620444552
117289.4899586107 131757.0620444552
117610.0949238188 131917.1416977836
117449.7924412148 131917.1416977836
117610.0949238188 132077.2213511119
117449.7924412148 132237.3010044403
117449.7924412148 132557.4603110970
123380.9842975638 132717.5399644254
123220.6818149597 133037.6992710821
123220.6818149597 133357.8585777388

120655.8420932953 135438.8940710075
120816.1445758993 135118.7347643508
120976.4470585034 134798.5754576940
123220.6818149597 133037.6992710821
117449.7924412148 132557.4603110970
117449.7924412148 132237.3010044403
117449.7924412148 131917.1416977836
117610.0949238188 131917.1416977836
117289.4899586107 131757.0620444552
117449.7924412148 131757.0620444552
117610.0949238188 131757.0620444552
117770.3974064228 131757.0620444552
117449.7924412148 131596.9823911269
117610.0949238188 131596.9823911269
117289.4899586107 131436.9027377985
117610.0949238188 131436.9027377985
117610.0949238188 131276.8230844702
129953.3860843289 118790.6101248582
129793.0836017248 119110.7694315149
129632.7811191208 119430.9287381716
129472.4786365168 119911.1676981567
121777.9594715235 126634.5131379478
121777.9594715235 126794.5927912761
121938.2619541275 126954.6724446045
121777.9594715235 126954.6724446045
121617.6569889195 126954.6724446045
121457.3545063154 126954.6724446045
121938.2619541275 127114.7520979328
121777.9594715235 127114.7520979328
121617.6569889195 127114.7520979328
121777.9594715235 127274.8317512612
121617.6569889195 127274.8317512612
121457.3545063154 127274.8317512612
121617.6569889195 127434.9114045895
121457.3545063154 127434.9114045895
121136.7495411074 127434.9114045895
121136.7495411074 127755.0707112463
120816.1445758993 128075.2300179030
120816.1445758993 128395.3893245597
117610.0949238188 132077.2213511119

120655.8420932953 135438.8940710075
120816.1445758993 135118.7347643508
120976.4470585034 134798.5754576940
129953.3860843289 118790.6101248582
129793.0836017248 119110.7694315149
129632.7811191208 119430.9287381716
129312.1761539127 119591.0083915000
129632.7811191208 120071.2473514851
129312.1761539127 120231.3270048134
128991.5711887047 120391.4066581418
130754.8984973490 124393.3979913508
126426.7314670403 125994.1945246343
122258.8669193356 126314.3538312911
125464.9165714161 126474.4334846194
121777.9594715235 126634.5131379478
122579.4718845436 126794.5927912761
117930.6998890268 131276.8230844702
121777.9594715235 127114.7520979328
121777.9594715235 127274.8317512612
121457.3545063154 127274.8317512612
121617.6569889195 127434.9114045895
121136.7495411074 127434.9114045895
121136.7495411074 127755.0707112463
120816.1445758993 128075.2300179030
120816.1445758993 128395.3893245597
120495.5396106913 128555.4689778881
120816.1445758993 129195.7875912015
129632.7811191208 129836.1062045149
117770.3974064228 130956.6637778134
133159.4357364094 131116.7434311418
117610.0949238188 131276.8230844702
117770.3974064228 131757.0620444552
117129.1874760067 131757.0620444552
117610.0949238188 132077.2213511119
117449.7924412148 132237.3010044403
117449.7924412148 132557.4603110970
123380.9842975638 132717.5399644254
123220.6818149597 133037.6992710821
123220.6818149597 133357.8585777388
117129.1874760067 133998.1771910522

120655.8420932953 135438.8940710075
120816.1445758993 135118.7347643508
120976.4470585034 134798.5754576940
123220.6818149597 133357.8585777388
123220.6818149597 133037.6992710821
123380.9842975638 132717.5399644254
117449.7924412148 132557.4603110970
117449.7924412148 132237.3010044403
117610.0949238188 132077.2213511119
117449.7924412148 131917.1416977836
117610.0949238188 131917.1416977836
117289.4899586107 131757.0620444552
117610.0949238188 131757.0620444552
117770.3974064228 131757.0620444552
117449.7924412148 131596.9823911269
117610.0949238188 131596.9823911269
117289.4899586107 131436.9027377985
117610.0949238188 131276.8230844702
117770.3974064228 130956.6637778134
120495.5396106913 128555.4689778881
120816.1445758993 128395.3893245597
120816.1445758993 128075.2300179030
121136.7495411074 127755.0707112463
121136.7495411074 127434.9114045895
121617.6569889195 127434.9114045895
121457.3545063154 127274.8317512612
121777.9594715235 127274.8317512612
121777.9594715235 127114.7520979328
121938.2619541275 127114.7520979328
121617.6569889195 126954.6724446045
122579.4718845436 126794.5927912761
121777.9594715235 126634.5131379478
126426.7314670403 125994.1945246343
128991.5711887047 120391.4066581418
129312.1761539127 120231.3270048134
129953.3860843289 118790.6101248582
129793.0836017248 119110.7694315149
129632.7811191208 119430.9287381716
129472.4786365168 119911.1676981567
121777.9594715235 126954.6724446045

120655.8420932953 135438.8940710075
120816.1445758993 135118.7347643508
120976.4470585034 134798.5754576940
117129.1874760067 133998.1771910522
123220.6818149597 133357.8585777388
123220.6818149597 133037.6992710821
123380.9842975638 132717.5399644254
117449.7924412148 132557.4603110970
117449.7924412148 132237.3010044403
129953.3860843289 118790.6101248582
129793.0836017248 119110.7694315149
129632.7811191208 119430.9287381716
129472.4786365168 119911.1676981567
129312.1761539127 120231.3270048134
121777.9594715235 126634.5131379478
121777.9594715235 126954.6724446045
121617.6569889195 126954.6724446045
121457.3545063154 126954.6724446045
121938.2619541275 127114.7520979328
121777.9594715235 127114.7520979328
121617.6569889195 127114.7520979328
121777.9594715235 127274.8317512612
121617.6569889195 127274.8317512612
121457.3545063154 127274.8317512612
121617.6569889195 127434.9114045895
121457.3545063154 127434.9114045895
121136.7495411074 127434.9114045895
121136.7495411074 127755.0707112463
120816.1445758993 128075.2300179030
120816.1445758993 128395.3893245597
117610.0949238188 131276.8230844702
117289.4899586107 131436.9027377985
117610.0949238188 131596.9823911269
117449.7924412148 131596.9823911269
117770.3974064228 131757.0620444552
117610.0949238188 131757.0620444552
117449.7924412148 131757.0620444552
117289.4899586107 131757.0620444552
117610.0949238188 131917.1416977836
117449.7924412148 131917.1416977836

120655.8420932953 135438.8940710075
120816.1445758993 135118.7347643508
117449.7924412148 132557.4603110970
129793.0836017248 119110.7694315149
129632.7811191208 119430.9287381716
121777.9594715235 126634.5131379478
121777.9594715235 126794.5927912761
121938.2619541275 126954.6724446045
121777.9594715235 126954.6724446045
121617.6569889195 126954.6724446045
121457.3545063154 126954.6724446045
121938.2619541275 127114.7520979328
121777.9594715235 127114.7520979328
121617.6569889195 127114.7520979328
121457.3545063154 127114.7520979328
121777.9594715235 127274.8317512612
121617.6569889195 127274.8317512612
121457.3545063154 127274.8317512612
121297.0520237114 127274.8317512612
121617.6569889195 127434.9114045895
121457.3545063154 127434.9114045895
121297.0520237114 127594.9910579179
120976.4470585034 127755.0707112463
120816.1445758993 128075.2300179030
120816.1445758993 128395.3893245597
117610.0949238188 131276.8230844702
117610.0949238188 131436.9027377985
117289.4899586107 131436.9027377985
117610.0949238188 131596.9823911269
117449.7924412148 131596.9823911269
117770.3974064228 131757.0620444552
117610.0949238188 131757.0620444552
117449.7924412148 131757.0620444552
117289.4899586107 131757.0620444552
117610.0949238188 131917.1416977836
117449.7924412148 131917.1416977836
117610.0949238188 132077.2213511119
117449.7924412148 132077.2213511119
117289.4899586107 132077.2213511119
117449.7924412148 132237.3010044403

120655.8420932953 135438.8940710075
120816.1445758993 135118.7347643508
120976.4470585034 134798.5754576940
129953.3860843289 118790.6101248582
129793.0836017248 119110.7694315149
129632.7811191208 119430.9287381716
129312.1761539127 119591.0083915000
129632.7811191208 120071.2473514851
129312.1761539127 120231.3270048134
121777.9594715235 126634.5131379478
122579.4718845436 126794.5927912761
121938.2619541275 126794.5927912761
121777.9594715235 126954.6724446045
121617.6569889195 126954.6724446045
121457.3545063154 126954.6724446045
121938.2619541275 127114.7520979328
121777.9594715235 127114.7520979328
121617.6569889195 127114.7520979328
121777.9594715235 127274.8317512612
121617.6569889195 127274.8317512612
121457.3545063154 127274.8317512612
121617.6569889195 127434.9114045895
121457.3545063154 127434.9114045895
121136.7495411074 127434.9114045895
121136.7495411074 127755.0707112463
120976.4470585034 127755.0707112463
120816.1445758993 128075.2300179030
120495.5396106913 128235.3096712314
117610.0949238188 131276.8230844702
117289.4899586107 131436.9027377985
117610.0949238188 131596.9823911269
117770.3974064228 131757.0620444552
117289.4899586107 131757.0620444552
128991.5711887047 120551.4863114702
117610.0949238188 131917.1416977836
117449.7924412148 131917.1416977836
117610.0949238188 132077.2213511119
117449.7924412148 132237.3010044403
117449.7924412148 132557.4603110970
123220.6818149597 133037.6992710821

120655.8420932953 135438.8940710075
120816.1445758993 135118.7347643508
117449.7924412148 132557.4603110970
117449.7924412148 132237.3010044403
117289.4899586107 132077.2213511119
117449.7924412148 132077.2213511119
117610.0949238188 132077.2213511119
117449.7924412148 131917.1416977836
117610.0949238188 131917.1416977836
117289.4899586107 131757.0620444552
117449.7924412148 131757.0620444552
117610.0949238188 131757.0620444552
117770.3974064228 131757.0620444552
121777.9594715235 126634.5131379478
121938.2619541275 126794.5927912761
121777.9594715235 126794.5927912761
121938.2619541275 126954.6724446045
121777.9594715235 126954.6724446045
121617.6569889195 126954.6724446045
121457.3545063154 126954.6724446045
121938.2619541275 127114.7520979328
121777.9594715235 127114.7520979328
121617.6569889195 127114.7520979328
121457.3545063154 127114.7520979328
121938.2619541275 127274.8317512612
121777.9594715235 127274.8317512612
121617.6569889195 127274.8317512612
121457.3545063154 127274.8317512612
121297.0520237114 127274.8317512612
121617.6569889195 127434.9114045895
121457.3545063154 127434.9114045895
121297.0520237114 127434.9114045895
121136.7495411074 127594.9910579179
117449.7924412148 131276.8230844702
117610.0949238188 131436.9027377985
117449.7924412148 131436.9027377985
117770.3974064228 131596.9823911269
117610.0949238188 131596.9823911269
117449.7924412148 131596.9823911269
117289.4899586107 131596.9823911269

120655.8420932953 135438.8940710075
120816.1445758993 135118.7347643508
120976.4470585034 134798.5754576940
123220.6818149597 133357.8585777388
123220.6818149597 133037.6992710821
123380.9842975638 132717.5399644254
117449.7924412148 132557.4603110970
117449.7924412148 132237.3010044403
117610.0949238188 132077.2213511119
117449.7924412148 131917.1416977836
117610.0949238188 131917.1416977836
117289.4899586107 131757.0620444552
117610.0949238188 131757.0620444552
117770.3974064228 131757.0620444552
117449.7924412148 131596.9823911269
117610.0949238188 131596.9823911269
117289.4899586107 131436.9027377985
117610.0949238188 131276.8230844702
120816.1445758993 128395.3893245597
120816.1445758993 128075.2300179030
121136.7495411074 127755.0707112463
121136.7495411074 127434.9114045895
121457.3545063154 127434.9114045895
121617.6569889195 127434.9114045895
121457.3545063154 127274.8317512612
121617.6569889195 127274.8317512612
121777.9594715235 127274.8317512612
129953.3860843289 118790.6101248582
129793.0836017248 119110.7694315149
129632.7811191208 119430.9287381716
129472.4786365168 119911.1676981567
129312.1761539127 120231.3270048134
121777.9594715235 126634.5131379478
121938.2619541275 126954.6724446045
121777.9594715235 126954.6724446045
121617.6569889195 126954.6724446045
121457.3545063154 126954.6724446045
121938.2619541275 127114.7520979328
121777.9594715235 127114.7520979328
121617.6569889195 127114.7520979328

120655.8420932953 135438.8940710075
120816.1445758993 135118.7347643508
120976.4470585034 134798.5754576940
117129.1874760067 133998.1771910522
123220.6818149597 133357.8585777388
123220.6818149597 133037.6992710821
123380.9842975638 132717.5399644254
117449.7924412148 132557.4603110970
117449.7924412148 132237.3010044403
117610.0949238188 132077.2213511119
117129.1874760067 131757.0620444552
117770.3974064228 131757.0620444552
117610.0949238188 131276.8230844702
133159.4357364094 131116.7434311418
117770.3974064228 130956.6637778134
129632.7811191208 129836.1062045149
120816.1445758993 129195.7875912015
120495.5396106913 128555.4689778881
120816.1445758993 128395.3893245597
120816.1445758993 128075.2300179030
133480.0407016175 117189.8135915746
132678.5282885973 117830.1322048881
132197.6208407852 117990.2118582164
129953.3860843289 118790.6101248582
132037.3183581812 118950.6897781866
129312.1761539127 119911.1676981567
129793.0836017248 120551.4863114702
129472.4786365168 120711.5659647985
127388.5463626644 121031.7252714552
127548.8488452685 121672.0438847687
128029.7562930805 122312.3624980821
129312.1761539127 123753.0793780373
128670.9662234966 124073.2386846940
123701.5892627718 124553.4776446791
128190.0587756846 124873.6369513358
130113.6885669329 125353.8759113209
124823.7066410000 125994.1945246343
129472.4786365168 126154.2741779627
127869.4538104765 126314.3538312911
128991.5711887047 126634.5131379478

120655.8420932953 135438.8940710075
120816.1445758993 135118.7347643508
120976.4470585034 134798.5754576940
123220.6818149597 133357.8585777388
123220.6818149597 133037.6992710821
123380.9842975638 132717.5399644254
117449.7924412148 132557.4603110970
117449.7924412148 132237.3010044403
133480.0407016175 117189.8135915746
132678.5282885973 117830.1322048881
132197.6208407852 117990.2118582164
129953.3860843289 118790.6101248582
132037.3183581812 118950.6897781866
129312.1761539127 119911.1676981567
129793.0836017248 120551.4863114702
129472.4786365168 120711.5659647985
127388.5463626644 121031.7252714552
127548.8488452685 121672.0438847687
128029.7562930805 122312.3624980821
129312.1761539127 123753.0793780373
128670.9662234966 124073.2386846940
123701.5892627718 124553.4776446791
128190.0587756846 124873.6369513358
130113.6885669329 125353.8759113209
129151.8736713087 125834.1148713060
124823.7066410000 125994.1945246343
127869.4538104765 126314.3538312911
128991.5711887047 126634.5131379478
122900.0768497517 127114.7520979328
122258.8669193356 127114.7520979328
126106.1265018322 127274.8317512612
124503.1016757919 127594.9910579179
122419.1694019396 127594.9910579179
123220.6818149597 128555.4689778881
120816.1445758993 128875.6282845448
118251.3048542349 128875.6282845448
120014.6321628792 129195.7875912015
119694.0271976711 130156.2655111716
131396.1084277651 131116.7434311418
116968.8849934027 131436.9027377985

120655.8420932953 135438.8940710075
120816.1445758993 135118.7347643508
120976.4470585034 134798.5754576940
123220.6818149597 133037.6992710821
117449.7924412148 132877.6196177537
117449.7924412148 132557.4603110970
117449.7924412148 132237.3010044403
117449.7924412148 131917.1416977836
117610.0949238188 131917.1416977836
117289.4899586107 131757.0620444552
117449.7924412148 131757.0620444552
117610.0949238188 131757.0620444552
117770.3974064228 131757.0620444552
117449.7924412148 131596.9823911269
117610.0949238188 131596.9823911269
129953.3860843289 118790.6101248582
129793.0836017248 119110.7694315149
129632.7811191208 119430.9287381716
129312.1761539127 119591.0083915000
129632.7811191208 120071.2473514851
129312.1761539127 120231.3270048134
128991.5711887047 120391.4066581418
121777.9594715235 126634.5131379478
122579.4718845436 126794.5927912761
121938.2619541275 126794.5927912761
121617.6569889195 126954.6724446045
121457.3545063154 126954.6724446045
121938.2619541275 127114.7520979328
121777.9594715235 127114.7520979328
121617.6569889195 127114.7520979328
121777.9594715235 127274.8317512612
121617.6569889195 127274.8317512612
121457.3545063154 127274.8317512612
121617.6569889195 127434.9114045895
121136.7495411074 127434.9114045895
121136.7495411074 127755.0707112463
120816.1445758993 128075.2300179030
120816.1445758993 128395.3893245597
117610.0949238188 131276.8230844702
117289.4899586107 131436.9027377985

120655.8420932953 135438.8940710075
120816.1445758993 135118.7347643508
120976.4470585034 134798.5754576940
123220.6818149597 133037.6992710821
117449.7924412148 132877.6196177537
117449.7924412148 132557.4603110970
117449.7924412148 132237.3010044403
117449.7924412148 131917.1416977836
117610.0949238188 131917.1416977836
117289.4899586107 131757.0620444552
117449.7924412148 131757.0620444552
117610.0949238188 131757.0620444552
117770.3974064228 131757.0620444552
117449.7924412148 131596.9823911269
117610.0949238188 131596.9823911269
129953.3860843289 118790.6101248582
129793.0836017248 119110.7694315149
129632.7811191208 119430.9287381716
129472.4786365168 119911.1676981567
129312.1761539127 120231.3270048134
121777.9594715235 126634.5131379478
122579.4718845436 126794.5927912761
121938.2619541275 126794.5927912761
121777.9594715235 126954.6724446045
121617.6569889195 126954.6724446045
121457.3545063154 126954.6724446045
121938.2619541275 127114.7520979328
121777.9594715235 127114.7520979328
121617.6569889195 127114.7520979328
121777.9594715235 127274.8317512612
121617.6569889195 127274.8317512612
121457.3545063154 127274.8317512612
121617.6569889195 127434.9114045895
121457.3545063154 127434.9114045895
121136.7495411074 127434.9114045895
121136.7495411074 127755.0707112463
120816.1445758993 128075.2300179030
120816.1445758993 128395.3893245597
117610.0949238188 131276.8230844702
117289.4899586107 131436.9027377985

122098.5644367315 127114.7520979328
117449.7924412148 132237.3010044403
117289.4899586107 132077.2213511119
117449.7924412148 132077.2213511119
117610.0949238188 132077.2213511119
117449.7924412148 131917.1416977836
117610.0949238188 131917.1416977836
117770.3974064228 131917.1416977836
117289.4899586107 131757.0620444552
117449.7924412148 131757.0620444552
117610.0949238188 131757.0620444552
117770.3974064228 131757.0620444552
117289.4899586107 131596.9823911269
117449.7924412148 131596.9823911269
117610.0949238188 131596.9823911269
117770.3974064228 131596.9823911269
117289.4899586107 131436.9027377985
117449.7924412148 131436.9027377985
117610.0949238188 131436.9027377985
121777.9594715235 126634.5131379478
121938.2619541275 126794.5927912761
121777.9594715235 126794.5927912761
121938.2619541275 126954.6724446045
121777.9594715235 126954.6724446045
121617.6569889195 126954.6724446045
121457.3545063154 126954.6724446045
121938.2619541275 127114.7520979328
121777.9594715235 127114.7520979328
121617.6569889195 127114.7520979328
121457.3545063154 127114.7520979328
121938.2619541275 127274.8317512612
121777.9594715235 127274.8317512612
121617.6569889195 127274.8317512612
121457.3545063154 127274.8317512612
121297.0520237114 127274.8317512612
121617.6569889195 127434.9114045895
121457.3545063154 127434.9114045895
121297.0520237114 127434.9114045895
121297.0520237114 127594.9910579179
121136.7495411074 127594.9910579179

121777.9594715235 127434.9114045895
120816.1445758993 135118.7347643508
117449.7924412148 132237.3010044403
117289.4899586107 132077.2213511119
117449.7924412148 132077.2213511119
117610.0949238188 132077.2213511119
117449.7924412148 131917.1416977836
117610.0949238188 131917.1416977836
117770.3974064228 131917.1416977836
117289.4899586107 131757.0620444552
117449.7924412148 131757.0620444552
117610.0949238188 131757.0620444552
117770.3974064228 131757.0620444552
117289.4899586107 131596.9823911269
117449.7924412148 131596.9823911269
117610.0949238188 131596.9823911269
117770.3974064228 131596.9823911269
117449.7924412148 131436.9027377985
117610.0949238188 131436.9027377985
117449.7924412148 131276.8230844702
120976.4470585034 127755.0707112463
121297.0520237114 127594.9910579179
121457.3545063154 127434.9114045895
121617.6569889195 127434.9114045895
121297.0520237114 127274.8317512612
121457.3545063154 127274.8317512612
121617.6569889195 127274.8317512612
121777.9594715235 127274.8317512612
121938.2619541275 127274.8317512612
121457.3545063154 127114.7520979328
121617.6569889195 127114.7520979328
121777.9594715235 127114.7520979328
121938.2619541275 127114.7520979328
121457.3545063154 126954.6724446045
121617.6569889195 126954.6724446045
121777.9594715235 126954.6724446045
121938.2619541275 126954.6724446045
121777.9594715235 126794.5927912761
121938.2619541275 126794.5927912761
121777.9594715235 126634.5131379478

120655.8420932953 135438.8940710075
120816.1445758993 135118.7347643508
120976.4470585034 134798.5754576940
117129.1874760067 133998.1771910522
123220.6818149597 133357.8585777388
123220.6818149597 133037.6992710821
123380.9842975638 132717.5399644254
117449.7924412148 132557.4603110970
117449.7924412148 132237.3010044403
117610.0949238188 132077.2213511119
117129.1874760067 131757.0620444552
117770.3974064228 131757.0620444552
117610.0949238188 131276.8230844702
133159.4357364094 131116.7434311418
117770.3974064228 130956.6637778134
129632.7811191208 129836.1062045149
120816.1445758993 129195.7875912015
120495.5396106913 128555.4689778881
120816.1445758993 128395.3893245597
120816.1445758993 128075.2300179030
121136.7495411074 127755.0707112463
121136.7495411074 127434.9114045895
121617.6569889195 127434.9114045895
121457.3545063154 127274.8317512612
121777.9594715235 127274.8317512612
121777.9594715235 127114.7520979328
121938.2619541275 127114.7520979328
122579.4718845436 126794.5927912761
121777.9594715235 126634.5131379478
125464.9165714161 126474.4334846194
122258.8669193356 126314.3538312911
126426.7314670403 125994.1945246343
129953.3860843289 118790.6101248582
129793.0836017248 119110.7694315149
129632.7811191208 119430.9287381716
129312.1761539127 119591.0083915000
129632.7811191208 120071.2473514851
129312.1761539127 120231.3270048134
128991.5711887047 120391.4066581418
121938.2619541275 126794.5927912761

120655.8420932953 135438.8940710075
120816.1445758993 135118.7347643508
120976.4470585034 134798.5754576940
123220.6818149597 133357.8585777388
123220.6818149597 133037.6992710821
117449.7924412148 132557.4603110970
117449.7924412148 132237.3010044403
117610.0949238188 132077.2213511119
117449.7924412148 131917.1416977836
117610.0949238188 131917.1416977836
117770.3974064228 131917.1416977836
117289.4899586107 131757.0620444552
117610.0949238188 131757.0620444552
117770.3974064228 131757.0620444552
117449.7924412148 131596.9823911269
117610.0949238188 131596.9823911269
117289.4899586107 131436.9027377985
117610.0949238188 131276.8230844702
129953.3860843289 118790.6101248582
129793.0836017248 119110.7694315149
129632.7811191208 119430.9287381716
129472.4786365168 119911.1676981567
129312.1761539127 120231.3270048134
121777.9594715235 126634.5131379478
121938.2619541275 126954.6724446045
121777.9594715235 126954.6724446045
121617.6569889195 126954.6724446045
121457.3545063154 126954.6724446045
121938.2619541275 127114.7520979328
121777.9594715235 127114.7520979328
121617.6569889195 127114.7520979328
121777.9594715235 127274.8317512612
121617.6569889195 127274.8317512612
121457.3545063154 127274.8317512612
121617.6569889195 127434.9114045895
121457.3545063154 127434.9114045895
121136.7495411074 127434.9114045895
121297.0520237114 127594.9910579179
120976.4470585034 127755.0707112463
120816.1445758993 128075.2300179030

120655.8420932953 135438.8940710075
120816.1445758993 135118.7347643508
120976.4470585034 134798.5754576940
123220.6818149597 133357.8585777388
123220.6818149597 133037.6992710821
117449.7924412148 132557.4603110970
117449.7924412148 132237.3010044403
117610.0949238188 132077.2213511119
117449.7924412148 131917.1416977836
117610.0949238188 131917.1416977836
117770.3974064228 131917.1416977836
117289.4899586107 131757.0620444552
117610.0949238188 131757.0620444552
117770.3974064228 131757.0620444552
117449.7924412148 131596.9823911269
117610.0949238188 131596.9823911269
117289.4899586107 131436.9027377985
117610.0949238188 131276.8230844702
120816.1445758993 128395.3893245597
120816.1445758993 128075.2300179030
121136.7495411074 127755.0707112463
121136.7495411074 127434.9114045895
121457.3545063154 127434.9114045895
121617.6569889195 127434.9114045895
121457.3545063154 127274.8317512612
121617.6569889195 127274.8317512612
121777.9594715235 127274.8317512612
121617.6569889195 127114.7520979328
121777.9594715235 127114.7520979328
121938.2619541275 127114.7520979328
129953.3860843289 118790.6101248582
129793.0836017248 119110.7694315149
129632.7811191208 119430.9287381716
129472.4786365168 119911.1676981567
129312.1761539127 120231.3270048134
121777.9594715235 126634.5131379478
121938.2619541275 126954.6724446045
121777.9594715235 126954.6724446045
121617.6569889195 126954.6724446045
121457.3545063154 126954.6724446045

120655.8420932953 135438.8940710075
120816.1445758993 135118.7347643508
120976.4470585034 134798.5754576940
123220.6818149597 133357.8585777388
123220.6818149597 133037.6992710821
123380.9842975638 132717.5399644254
117449.7924412148 132557.4603110970
117449.7924412148 132237.3010044403
117610.0949238188 132077.2213511119
117449.7924412148 131917.1416977836
117610.0949238188 131917.1416977836
117770.3974064228 131917.1416977836
117289.4899586107 131757.0620444552
117770.3974064228 131757.0620444552
117610.0949238188 131596.9823911269
117289.4899586107 131436.9027377985
117610.0949238188 131276.8230844702
129953.3860843289 118790.6101248582
129793.0836017248 119110.7694315149
129632.7811191208 119430.9287381716
129472.4786365168 119911.1676981567
129312.1761539127 120231.3270048134
121777.9594715235 126634.5131379478
121938.2619541275 126954.6724446045
121777.9594715235 126954.6724446045
121617.6569889195 126954.6724446045
121457.3545063154 126954.6724446045
121938.2619541275 127114.7520979328
121777.9594715235 127114.7520979328
121617.6569889195 127114.7520979328
121777.9594715235 127274.8317512612
121617.6569889195 127274.8317512612
121457.3545063154 127274.8317512612
121617.6569889195 127434.9114045895
121457.3545063154 127434.9114045895
121136.7495411074 127434.9114045895
121297.0520237114 127594.9910579179
120976.4470585034 127755.0707112463
120816.1445758993 128075.2300179030
120816.1445758993 128395.3893245597

120655.8420932953 135438.8940710075
120816.1445758993 135118.7347643508
117449.7924412148 132557.4603110970
117449.7924412148 132237.3010044403
117289.4899586107 132077.2213511119
117449.7924412148 132077.2213511119
117610.0949238188 132077.2213511119
117449.7924412148 131917.1416977836
117610.0949238188 131917.1416977836
117289.4899586107 131757.0620444552
117449.7924412148 131757.0620444552
117610.0949238188 131757.0620444552
117770.3974064228 131757.0620444552
117449.7924412148 131596.9823911269
117610.0949238188 131596.9823911269
117770.3974064228 131596.9823911269
117289.4899586107 131436.9027377985
117610.0949238188 131436.9027377985
117610.0949238188 131276.8230844702
120816.1445758993 128075.2300179030
120976.4470585034 127755.0707112463
121297.0520237114 127594.9910579179
121457.3545063154 127434.9114045895
121617.6569889195 127434.9114045895
121297.0520237114 127274.8317512612
121457.3545063154 127274.8317512612
121617.6569889195 127274.8317512612
121777.9594715235 127274.8317512612
121457.3545063154 127114.7520979328
121617.6569889195 127114.7520979328
121777.9594715235 127114.7520979328
121938.2619541275 127114.7520979328
129793.0836017248 119110.7694315149
129632.7811191208 119430.9287381716
121777.9594715235 126634.5131379478
121777.9594715235 126794.5927912761
121938.2619541275 126954.6724446045
121777.9594715235 126954.6724446045
121617.6569889195 126954.6724446045
121457.3545063154 126954.6724446045

120655.8420932953 135438.8940710075
120816.1445758993 135118.7347643508
120976.4470585034 134798.5754576940
123220.6818149597 133357.8585777388
123220.6818149597 133037.6992710821
123380.9842975638 132717.5399644254
117449.7924412148 132557.4603110970
117449.7924412148 132237.3010044403
117610.0949238188 132077.2213511119
117449.7924412148 131917.1416977836
117610.0949238188 131917.1416977836
117289.4899586107 131757.0620444552
117610.0949238188 131757.0620444552
117770.3974064228 131757.0620444552
117610.0949238188 131596.9823911269
117289.4899586107 131436.9027377985
117610.0949238188 131436.9027377985
117610.0949238188 131276.8230844702
117770.3974064228 130956.6637778134
120495.5396106913 128555.4689778881
120816.1445758993 128395.3893245597
120816.1445758993 128075.2300179030
121136.7495411074 127755.0707112463
121136.7495411074 127434.9114045895
121617.6569889195 127434.9114045895
121457.3545063154 127274.8317512612
129953.3860843289 118790.6101248582
129793.0836017248 119110.7694315149
129632.7811191208 119430.9287381716
129312.1761539127 119591.0083915000
129632.7811191208 120071.2473514851
129312.1761539127 120231.3270048134
128991.5711887047 120391.4066581418
121777.9594715235 126634.5131379478
122579.4718845436 126794.5927912761
121938.2619541275 126794.5927912761
121617.6569889195 126954.6724446045
121457.3545063154 126954.6724446045
121938.2619541275 127114.7520979328
121777.9594715235 127114.7520979328

120655.8420932953 135438.8940710075
120816.1445758993 135118.7347643508
120976.4470585034 134798.5754576940
117129.1874760067 133998.1771910522
123220.6818149597 133357.8585777388
123220.6818149597 133037.6992710821
123380.9842975638 132717.5399644254
117449.7924412148 132557.4603110970
117449.7924412148 132237.3010044403
117610.0949238188 132077.2213511119
117449.7924412148 131917.1416977836
117610.0949238188 131917.1416977836
117770.3974064228 131917.1416977836
117289.4899586107 131757.0620444552
117770.3974064228 131757.0620444552
117610.0949238188 131596.9823911269
117289.4899586107 131436.9027377985
117610.0949238188 131276.8230844702
120816.1445758993 128395.3893245597
120816.1445758993 128075.2300179030
121136.7495411074 127755.0707112463
121136.7495411074 127434.9114045895
121617.6569889195 127434.9114045895
121457.3545063154 127274.8317512612
126426.7314670403 125674.0352179776
121777.9594715235 127274.8317512612
121617.6569889195 127114.7520979328
121777.9594715235 127114.7520979328
121457.3545063154 126954.6724446045
121617.6569889195 126954.6724446045
121938.2619541275 126794.5927912761
122579.4718845436 126794.5927912761
121777.9594715235 126634.5131379478
128991.5711887047 120391.4066581418
129312.1761539127 120231.3270048134
129632.7811191208 120071.2473514851
129312.1761539127 119591.0083915000
129632.7811191208 119430.9287381716
129793.0836017248 119110.7694315149
129953.3860843289 118790.6101248582

120655.8420932953 135438.8940710075
120816.1445758993 135118.7347643508
129953.3860843289 118790.6101248582
129793.0836017248 119110.7694315149
129632.7811191208 119430.9287381716
129472.4786365168 119911.1676981567
129312.1761539127 120231.3270048134
121777.9594715235 126634.5131379478
121938.2619541275 126954.6724446045
121777.9594715235 126954.6724446045
121617.6569889195 126954.6724446045
121457.3545063154 126954.6724446045
121938.2619541275 127114.7520979328
121777.9594715235 127114.7520979328
121617.6569889195 127114.7520979328
121777.9594715235 127274.8317512612
121617.6569889195 127274.8317512612
121457.3545063154 127274.8317512612
121617.6569889195 127434.9114045895
121457.3545063154 127434.9114045895
121136.7495411074 127434.9114045895
121297.0520237114 127594.9910579179
120976.4470585034 127755.0707112463
120816.1445758993 128075.2300179030
120816.1445758993 128395.3893245597
117610.0949238188 131276.8230844702
117610.0949238188 131436.9027377985
117289.4899586107 131436.9027377985
122419.1694019396 126634.5131379478
117449.7924412148 131596.9823911269
117770.3974064228 131757.0620444552
117610.0949238188 131757.0620444552
117449.7924412148 131757.0620444552
117289.4899586107 131757.0620444552
117610.0949238188 131917.1416977836
117449.7924412148 131917.1416977836
117610.0949238188 132077.2213511119
117449.7924412148 132077.2213511119
117289.4899586107 132077.2213511119
117449.7924412148 132557.4603110970

120655.8420932953 135438.8940710075
120816.1445758993 135118.7347643508
120976.4470585034 134798.5754576940
123220.6818149597 133037.6992710821
117449.7924412148 132557.4603110970
117449.7924412148 132237.3010044403
120655.8420932953 135118.7347643508
117449.7924412148 131917.1416977836
117610.0949238188 131917.1416977836
117770.3974064228 131917.1416977836
117289.4899586107 131757.0620444552
117770.3974064228 131757.0620444552
117610.0949238188 131596.9823911269
117289.4899586107 131436.9027377985
117610.0949238188 131276.8230844702
129953.3860843289 118790.6101248582
129793.0836017248 119110.7694315149
129632.7811191208 119430.9287381716
129312.1761539127 119591.0083915000
129632.7811191208 120071.2473514851
129312.1761539127 120231.3270048134
128991.5711887047 120391.4066581418
121777.9594715235 126634.5131379478
122579.4718845436 126794.5927912761
121938.2619541275 126794.5927912761
121617.6569889195 126954.6724446045
121457.3545063154 126954.6724446045
121938.2619541275 127114.7520979328
121777.9594715235 127114.7520979328
121617.6569889195 127114.7520979328
121777.9594715235 127274.8317512612
121617.6569889195 127274.8317512612
121457.3545063154 127274.8317512612
121617.6569889195 127434.9114045895
121136.7495411074 127434.9114045895
121136.7495411074 127755.0707112463
120816.1445758993 128075.2300179030
120816.1445758993 128395.3893245597
123380.9842975638 132717.5399644254
123220.6818149597 133357.8585777388

120655.8420932953 135438.8940710075
120816.1445758993 135118.7347643508
120976.4470585034 134798.5754576940
117129.1874760067 133998.1771910522
123220.6818149597 133357.8585777388
123220.6818149597 133037.6992710821
123380.9842975638 132717.5399644254
117449.7924412148 132557.4603110970
117449.7924412148 132237.3010044403
125464.9165714161 132557.4603110970
117129.1874760067 131757.0620444552
117770.3974064228 131757.0620444552
117610.0949238188 131276.8230844702
133159.4357364094 131116.7434311418
117770.3974064228 130956.6637778134
129632.7811191208 129836.1062045149
120816.1445758993 129195.7875912015
120495.5396106913 128555.4689778881
120816.1445758993 128395.3893245597
120816.1445758993 128075.2300179030
121136.7495411074 127755.0707112463
121136.7495411074 127434.9114045895
121617.6569889195 127434.9114045895
121457.3545063154 127274.8317512612
121777.9594715235 127274.8317512612
121777.9594715235 127114.7520979328
121938.2619541275 127114.7520979328
122579.4718845436 126794.5927912761
121777.9594715235 126634.5131379478
125464.9165714161 126474.4334846194
122258.8669193356 126314.3538312911
126426.7314670403 125994.1945246343
130754.8984973490 124393.3979913508
129953.3860843289 118790.6101248582
129793.0836017248 119110.7694315149
129632.7811191208 119430.9287381716
129312.1761539127 119591.0083915000
129632.7811191208 120071.2473514851
129312.1761539127 120231.3270048134
128991.5711887047 120391.4066581418

120655.8420932953 135438.8940710075
120816.1445758993 135118.7347643508
120976.4470585034 134798.5754576940
123220.6818149597 133357.8585777388
123220.6818149597 133037.6992710821
123380.9842975638 132717.5399644254
117449.7924412148 132557.4603110970
117449.7924412148 132237.3010044403
117610.0949238188 132077.2213511119
117449.7924412148 131917.1416977836
117610.0949238188 131917.1416977836
117289.4899586107 131757.0620444552
117610.0949238188 131757.0620444552
117770.3974064228 131757.0620444552
117610.0949238188 131596.9823911269
129953.3860843289 118790.6101248582
129793.0836017248 119110.7694315149
129632.7811191208 119430.9287381716
129472.4786365168 119911.1676981567
129312.1761539127 120231.3270048134
121777.9594715235 126634.5131379478
122579.4718845436 126794.5927912761
121938.2619541275 126794.5927912761
121777.9594715235 126954.6724446045
121617.6569889195 126954.6724446045
121457.3545063154 126954.6724446045
121938.2619541275 127114.7520979328
121777.9594715235 127114.7520979328
121617.6569889195 127114.7520979328
121777.9594715235 127274.8317512612
121617.6569889195 127274.8317512612
121457.3545063154 127274.8317512612
121617.6569889195 127434.9114045895
121457.3545063154 127434.9114045895
121136.7495411074 127434.9114045895
121136.7495411074 127755.0707112463
120816.1445758993 128075.2300179030
120816.1445758993 128395.3893245597
117610.0949238188 131276.8230844702
117289.4899586107 131436.9027377985

120655.8420932953 135438.8940710075
120816.1445758993 135118.7347643508
117289.4899586107 132077.2213511119
117449.7924412148 132077.2213511119
117610.0949238188 132077.2213511119
117289.4899586107 131917.1416977836
117449.7924412148 131917.1416977836
121777.9594715235 126634.5131379478
121938.2619541275 126794.5927912761
121777.9594715235 126794.5927912761
121938.2619541275 126954.6724446045
121777.9594715235 126954.6724446045
121617.6569889195 126954.6724446045
121457.3545063154 126954.6724446045
121938.2619541275 127114.7520979328
121777.9594715235 127114.7520979328
121617.6569889195 127114.7520979328
121457.3545063154 127114.7520979328
121777.9594715235 127274.8317512612
121617.6569889195 127274.8317512612
121457.3545063154 127274.8317512612
121297.0520237114 127274.8317512612
121617.6569889195 127434.9114045895
121457.3545063154 127434.9114045895
121297.0520237114 127434.9114045895
121297.0520237114 127594.9910579179
121136.7495411074 127594.9910579179
117449.7924412148 131276.8230844702
117610.0949238188 131436.9027377985
117449.7924412148 131436.9027377985
117770.3974064228 131596.9823911269
117610.0949238188 131596.9823911269
117449.7924412148 131596.9823911269
117289.4899586107 131596.9823911269
117770.3974064228 131757.0620444552
117610.0949238188 131757.0620444552
117449.7924412148 131757.0620444552
117289.4899586107 131757.0620444552
117610.0949238188 131917.1416977836
117449.7924412148 132237.3010044403

120655.8420932953 135438.8940710075
120816.1445758993 135118.7347643508
120976.4470585034 134798.5754576940
123220.6818149597 133037.6992710821
117449.7924412148 132557.4603110970
117449.7924412148 132237.3010044403
129953.3860843289 118790.6101248582
129793.0836017248 119110.7694315149
129632.7811191208 119430.9287381716
129472.4786365168 119911.1676981567
129312.1761539127 120231.3270048134
121777.9594715235 126634.5131379478
121938.2619541275 126954.6724446045
121777.9594715235 126954.6724446045
121617.6569889195 126954.6724446045
121457.3545063154 126954.6724446045
121938.2619541275 127114.7520979328
121777.9594715235 127114.7520979328
121617.6569889195 127114.7520979328
121777.9594715235 127274.8317512612
121617.6569889195 127274.8317512612
121457.3545063154 127274.8317512612
121617.6569889195 127434.9114045895
121457.3545063154 127434.9114045895
121136.7495411074 127434.9114045895
121297.0520237114 127594.9910579179
120976.4470585034 127755.0707112463
120816.1445758993 128075.2300179030
120816.1445758993 128395.3893245597
117610.0949238188 131276.8230844702
117610.0949238188 131436.9027377985
117289.4899586107 131436.9027377985
117610.0949238188 131596.9823911269
117449.7924412148 131596.9823911269
117770.3974064228 131757.0620444552
117610.0949238188 131757.0620444552
117449.7924412148 131757.0620444552
117289.4899586107 131757.0620444552
117610.0949238188 131917.1416977836
117449.7924412148 131917.1416977836

120655.8420932953 135438.8940710075
121457.3545063154 126794.5927912761
120816.1445758993 135118.7347643508
117289.4899586107 132397.3806577687
117289.4899586107 132077.2213511119
117449.7924412148 132077.2213511119
117610.0949238188 132077.2213511119
117449.7924412148 131917.1416977836
117610.0949238188 131917.1416977836
117770.3974064228 131917.1416977836
117289.4899586107 131757.0620444552
117449.7924412148 131757.0620444552
117610.0949238188 131757.0620444552
117770.3974064228 131757.0620444552
117289.4899586107 131596.9823911269
117449.7924412148 131596.9823911269
117610.0949238188 131596.9823911269
117770.3974064228 131596.9823911269
117449.7924412148 131436.9027377985
117610.0949238188 131436.9027377985
117449.7924412148 131276.8230844702
120976.4470585034 127755.0707112463
121297.0520237114 127594.9910579179
121457.3545063154 127434.9114045895
121617.6569889195 127434.9114045895
121297.0520237114 127274.8317512612
121457.3545063154 127274.8317512612
121617.6569889195 127274.8317512612
121777.9594715235 127274.8317512612
121457.3545063154 127114.7520979328
121617.6569889195 127114.7520979328
121777.9594715235 127114.7520979328
121938.2619541275 127114.7520979328
121457.3545063154 126954.6724446045
121617.6569889195 126954.6724446045
121777.9594715235 126954.6724446045
121938.2619541275 126954.6724446045
121777.9594715235 126794.5927912761
121938.2619541275 126794.5927912761
121777.9594715235 126634.5131379478

120655.8420932953 135438.8940710075
120816.1445758993 135118.7347643508
117449.7924412148 132557.4603110970
129793.0836017248 119110.7694315149
121777.9594715235 126634.5131379478
121938.2619541275 126794.5927912761
121777.9594715235 126794.5927912761
121938.2619541275 126954.6724446045
121777.9594715235 126954.6724446045
121617.6569889195 126954.6724446045
121457.3545063154 126954.6724446045
121938.2619541275 127114.7520979328
121777.9594715235 127114.7520979328
121617.6569889195 127114.7520979328
121457.3545063154 127114.7520979328
121777.9594715235 127274.8317512612
121617.6569889195 127274.8317512612
121457.3545063154 127274.8317512612
121297.0520237114 127274.8317512612
121617.6569889195 127434.9114045895
121457.3545063154 127434.9114045895
121297.0520237114 127594.9910579179
120976.4470585034 127755.0707112463
120816.1445758993 128075.2300179030
117610.0949238188 131276.8230844702
117610.0949238188 131436.9027377985
117289.4899586107 131436.9027377985
117770.3974064228 131596.9823911269
117610.0949238188 131596.9823911269
117449.7924412148 131596.9823911269
117770.3974064228 131757.0620444552
117610.0949238188 131757.0620444552
117449.7924412148 131757.0620444552
117289.4899586107 131757.0620444552
117610.0949238188 131917.1416977836
117449.7924412148 131917.1416977836
117610.0949238188 132077.2213511119
117449.7924412148 132077.2213511119
117289.4899586107 132077.2213511119
117449.7924412148 132237.3010044403

120655.8420932953 135438.8940710075
120816.1445758993 135118.7347643508
120976.4470585034 134798.5754576940
117129.1874760067 133998.1771910522
123220.6818149597 133357.8585777388
123220.6818149597 133037.6992710821
123380.9842975638 132717.5399644254
117449.7924412148 132557.4603110970
117449.7924412148 132237.3010044403
133159.4357364094 131276.8230844702
117449.7924412148 131917.1416977836
117610.0949238188 131917.1416977836
117770.3974064228 131917.1416977836
117289.4899586107 131757.0620444552
117770.3974064228 131757.0620444552
117610.0949238188 131596.9823911269
117289.4899586107 131436.9027377985
117610.0949238188 131276.8230844702
120816.1445758993 128395.3893245597
120816.1445758993 128075.2300179030
121136.7495411074 127755.0707112463
121136.7495411074 127434.9114045895
121617.6569889195 127434.9114045895
121457.3545063154 127274.8317512612
121617.6569889195 127274.8317512612
121777.9594715235 127274.8317512612
121617.6569889195 127114.7520979328
121777.9594715235 127114.7520979328
121457.3545063154 126954.6724446045
121617.6569889195 126954.6724446045
121938.2619541275 126794.5927912761
122579.4718845436 126794.5927912761
121777.9594715235 126634.5131379478
129953.3860843289 118790.6101248582
129793.0836017248 119110.7694315149
129632.7811191208 119430.9287381716
129312.1761539127 119591.0083915000
129632.7811191208 120071.2473514851
129312.1761539127 120231.3270048134
128991.5711887047 120391.4066581418

120655.8420932953 135438.8940710075
120816.1445758993 135118.7347643508
117449.7924412148 132557.4603110970
117449.7924412148 132237.3010044403
117289.4899586107 132077.2213511119
121777.9594715235 126634.5131379478
121938.2619541275 126794.5927912761
121777.9594715235 126794.5927912761
121938.2619541275 126954.6724446045
121777.9594715235 126954.6724446045
121617.6569889195 126954.6724446045
121457.3545063154 126954.6724446045
121938.2619541275 127114.7520979328
121777.9594715235 127114.7520979328
121617.6569889195 127114.7520979328
121457.3545063154 127114.7520979328
121938.2619541275 127274.8317512612
121777.9594715235 127274.8317512612
121617.6569889195 127274.8317512612
121457.3545063154 127274.8317512612
121297.0520237114 127274.8317512612
121617.6569889195 127434.9114045895
121457.3545063154 127434.9114045895
121297.0520237114 127594.9910579179
120976.4470585034 127755.0707112463
117449.7924412148 131276.8230844702
117610.0949238188 131436.9027377985
117449.7924412148 131436.9027377985
117770.3974064228 131596.9823911269
117610.0949238188 131596.9823911269
117449.7924412148 131596.9823911269
117289.4899586107 131596.9823911269
117770.3974064228 131757.0620444552
117610.0949238188 131757.0620444552
117449.7924412148 131757.0620444552
117289.4899586107 131757.0620444552
117770.3974064228 131917.1416977836
117610.0949238188 131917.1416977836
117449.7924412148 131917.1416977836
117610.0949238188 132077.2213511119

120655.8420932953 135438.8940710075
120816.1445758993 135118.7347643508
120976.4470585034 134798.5754576940
117129.1874760067 133998.1771910522
123220.6818149597 133357.8585777388
123220.6818149597 133037.6992710821
123380.9842975638 132717.5399644254
117449.7924412148 132557.4603110970
117449.7924412148 132237.3010044403
117610.0949238188 132077.2213511119
117129.1874760067 131757.0620444552
117770.3974064228 131757.0620444552
117610.0949238188 131276.8230844702
133159.4357364094 131116.7434311418
117770.3974064228 130956.6637778134
129632.7811191208 129836.1062045149
120816.1445758993 129195.7875912015
120495.5396106913 128555.4689778881
120816.1445758993 128395.3893245597
120816.1445758993 128075.2300179030
121136.7495411074 127755.0707112463
121136.7495411074 127434.9114045895
121617.6569889195 127434.9114045895
121457.3545063154 127274.8317512612
121777.9594715235 127274.8317512612
121777.9594715235 127114.7520979328
121938.2619541275 127114.7520979328
122579.4718845436 126794.5927912761
121777.9594715235 126634.5131379478
125464.9165714161 126474.4334846194
122258.8669193356 126314.3538312911
126426.7314670403 125994.1945246343
129953.3860843289 118790.6101248582
129793.0836017248 119110.7694315149
129632.7811191208 119430.9287381716
129312.1761539127 119591.0083915000
129632.7811191208 120071.2473514851
129312.1761539127 120231.3270048134
128991.5711887047 120391.4066581418
121617.6569889195 126954.6724446045

120655.8420932953 135438.8940710075
120816.1445758993 135118.7347643508
117449.7924412148 132557.4603110970
117289.4899586107 132077.2213511119
117449.7924412148 132077.2213511119
117610.0949238188 132077.2213511119
117449.7924412148 131917.1416977836
117610.0949238188 131917.1416977836
117770.3974064228 131917.1416977836
117289.4899586107 131757.0620444552
117449.7924412148 131757.0620444552
117610.0949238188 131757.0620444552
117770.3974064228 131757.0620444552
117449.7924412148 131596.9823911269
117610.0949238188 131596.9823911269
117770.3974064228 131596.9823911269
129793.0836017248 119110.7694315149
129632.7811191208 119430.9287381716
121777.9594715235 126634.5131379478
121777.9594715235 126794.5927912761
121938.2619541275 126954.6724446045
121777.9594715235 126954.6724446045
121617.6569889195 126954.6724446045
121457.3545063154 126954.6724446045
121938.2619541275 127114.7520979328
121777.9594715235 127114.7520979328
121617.6569889195 127114.7520979328
121457.3545063154 127114.7520979328
121777.9594715235 127274.8317512612
121617.6569889195 127274.8317512612
121457.3545063154 127274.8317512612
121297.0520237114 127274.8317512612
121617.6569889195 127434.9114045895
121457.3545063154 127434.9114045895
121297.0520237114 127594.9910579179
120976.4470585034 127755.0707112463
120816.1445758993 128075.2300179030
117610.0949238188 131276.8230844702
117289.4899586107 131436.9027377985
117449.7924412148 132237.3010044403

120655.8420932953 135438.8940710075
120816.1445758993 135118.7347643508
120976.4470585034 134798.5754576940
123220.6818149597 133357.8585777388
123220.6818149597 133037.6992710821
123380.9842975638 132717.5399644254
117449.7924412148 132557.4603110970
117449.7924412148 132237.3010044403
117610.0949238188 132077.2213511119
117449.7924412148 131917.1416977836
117610.0949238188 131917.1416977836
117770.3974064228 131917.1416977836
117289.4899586107 131757.0620444552
117770.3974064228 131757.0620444552
117610.0949238188 131596.9823911269
117289.4899586107 131436.9027377985
117610.0949238188 131276.8230844702
120816.1445758993 128395.3893245597
120816.1445758993 128075.2300179030
121136.7495411074 127755.0707112463
121136.7495411074 127434.9114045895
121457.3545063154 127434.9114045895
121617.6569889195 127434.9114045895
129953.3860843289 118790.6101248582
129793.0836017248 119110.7694315149
129632.7811191208 119430.9287381716
129312.1761539127 119591.0083915000
129632.7811191208 120071.2473514851
129312.1761539127 120231.3270048134
128991.5711887047 120391.4066581418
126426.7314670403 125994.1945246343
121777.9594715235 126634.5131379478
122579.4718845436 126794.5927912761
121617.6569889195 126954.6724446045
121938.2619541275 127114.7520979328
121777.9594715235 127114.7520979328
121777.9594715235 127274.8317512612
121457.3545063154 127274.8317512612
120495.5396106913 128555.4689778881
117770.3974064228 130956.6637778134

120655.8420932953 135438.8940710075
120816.1445758993 135118.7347643508
120976.4470585034 134798.5754576940
117129.1874760067 133998.1771910522
123220.6818149597 133357.8585777388
123220.6818149597 133037.6992710821
123380.9842975638 132717.5399644254
117449.7924412148 132557.4603110970
117449.7924412148 132237.3010044403
117610.0949238188 132077.2213511119
117449.7924412148 131917.1416977836
117610.0949238188 131917.1416977836
117770.3974064228 131917.1416977836
117289.4899586107 131757.0620444552
117770.3974064228 131757.0620444552
117610.0949238188 131596.9823911269
129953.3860843289 118790.6101248582
129793.0836017248 119110.7694315149
129632.7811191208 119430.9287381716
129312.1761539127 119591.0083915000
129632.7811191208 120071.2473514851
129312.1761539127 120231.3270048134
128991.5711887047 120391.4066581418
126426.7314670403 125994.1945246343
121777.9594715235 126634.5131379478
122579.4718845436 126794.5927912761
121617.6569889195 126954.6724446045
121938.2619541275 127114.7520979328
121777.9594715235 127114.7520979328
121777.9594715235 127274.8317512612
121457.3545063154 127274.8317512612
121617.6569889195 127434.9114045895
121136.7495411074 127434.9114045895
121136.7495411074 127755.0707112463
120816.1445758993 128075.2300179030
120816.1445758993 128395.3893245597
120495.5396106913 128555.4689778881
117770.3974064228 130956.6637778134
133159.4357364094 131116.7434311418
117610.0949238188 131276.8230844702

120655.8420932953 135438.8940710075
120816.1445758993 135118.7347643508
120976.4470585034 134798.5754576940
123220.6818149597 133037.6992710821
117449.7924412148 132557.4603110970
117449.7924412148 132237.3010044403
117610.0949238188 132077.2213511119
117449.7924412148 131917.1416977836
117610.0949238188 131917.1416977836
117770.3974064228 131917.1416977836
129953.3860843289 118790.6101248582
129793.0836017248 119110.7694315149
129632.7811191208 119430.9287381716
129472.4786365168 119911.1676981567
129312.1761539127 120231.3270048134
121777.9594715235 126634.5131379478
121938.2619541275 126954.6724446045
121777.9594715235 126954.6724446045
121617.6569889195 126954.6724446045
121457.3545063154 126954.6724446045
121938.2619541275 127114.7520979328
121777.9594715235 127114.7520979328
121617.6569889195 127114.7520979328
121777.9594715235 127274.8317512612
121617.6569889195 127274.8317512612
121457.3545063154 127274.8317512612
121617.6569889195 127434.9114045895
121457.3545063154 127434.9114045895
121136.7495411074 127434.9114045895
121297.0520237114 127594.9910579179
120976.4470585034 127755.0707112463
120816.1445758993 128075.2300179030
120816.1445758993 128395.3893245597
117610.0949238188 131276.8230844702
117610.0949238188 131436.9027377985
117289.4899586107 131436.9027377985
117610.0949238188 131596.9823911269
117449.7924412148 131596.9823911269
117770.3974064228 131757.0620444552
117610.0949238188 131757.0620444552

120655.8420932953 135438.8940710075
120816.1445758993 135118.7347643508
117449.7924412148 132557.4603110970
117449.7924412148 132237.3010044403
117289.4899586107 132077.2213511119
117610.0949238188 132077.2213511119
129793.0836017248 119110.7694315149
129632.7811191208 119430.9287381716
121777.9594715235 126634.5131379478
121777.9594715235 126794.5927912761
121938.2619541275 126954.6724446045
121777.9594715235 126954.6724446045
121617.6569889195 126954.6724446045
121457.3545063154 126954.6724446045
121938.2619541275 127114.7520979328
121777.9594715235 127114.7520979328
121617.6569889195 127114.7520979328
121777.9594715235 127274.8317512612
121617.6569889195 127274.8317512612
121457.3545063154 127274.8317512612
121297.0520237114 127274.8317512612
121617.6569889195 127434.9114045895
121457.3545063154 127434.9114045895
121297.0520237114 127594.9910579179
120976.4470585034 127755.0707112463
120816.1445758993 128075.2300179030
117610.0949238188 131276.8230844702
117610.0949238188 131436.9027377985
117289.4899586107 131436.9027377985
117770.3974064228 131596.9823911269
117610.0949238188 131596.9823911269
117449.7924412148 131596.9823911269
117770.3974064228 131757.0620444552
117610.0949238188 131757.0620444552
117449.7924412148 131757.0620444552
117289.4899586107 131757.0620444552
117770.3974064228 131917.1416977836
117610.0949238188 131917.1416977836
117449.7924412148 131917.1416977836
117449.7924412148 132077.2213511119

120655.8420932953 135438.8940710075
120816.1445758993 135118.7347643508
120976.4470585034 134798.5754576940
123220.6818149597 133357.8585777388
123220.6818149597 133037.6992710821
117449.7924412148 132557.4603110970
117449.7924412148 132237.3010044403
117610.0949238188 132077.2213511119
117449.7924412148 131917.1416977836
117610.0949238188 131917.1416977836
117770.3974064228 131917.1416977836
117289.4899586107 131757.0620444552
117610.0949238188 131757.0620444552
117770.3974064228 131757.0620444552
117610.0949238188 131596.9823911269
117289.4899586107 131436.9027377985
117610.0949238188 131276.8230844702
120816.1445758993 128395.3893245597
120816.1445758993 128075.2300179030
121136.7495411074 127755.0707112463
121136.7495411074 127434.9114045895
121617.6569889195 127434.9114045895
121457.3545063154 127274.8317512612
121617.6569889195 127274.8317512612
121777.9594715235 127274.8317512612
121617.6569889195 127114.7520979328
121777.9594715235 127114.7520979328
121938.2619541275 127114.7520979328
121457.3545063154 126954.6724446045
121617.6569889195 126954.6724446045
121938.2619541275 126794.5927912761
122579.4718845436 126794.5927912761
129953.3860843289 118790.6101248582
129793.0836017248 119110.7694315149
129632.7811191208 119430.9287381716
129312.1761539127 119591.0083915000
129632.7811191208 120071.2473514851
129312.1761539127 120231.3270048134
128991.5711887047 120391.4066581418
126426.7314670403 125994.1945246343

120655.8420932953 135438.8940710075
120816.1445758993 135118.7347643508
120976.4470585034 134798.5754576940
117129.1874760067 133998.1771910522
123220.6818149597 133357.8585777388
123220.6818149597 133037.6992710821
123380.9842975638 132717.5399644254
117449.7924412148 132557.4603110970
117449.7924412148 132237.3010044403
117610.0949238188 132077.2213511119
117449.7924412148 131917.1416977836
117610.0949238188 131917.1416977836
117770.3974064228 131917.1416977836
117289.4899586107 131757.0620444552
117770.3974064228 131757.0620444552
117610.0949238188 131596.9823911269
117289.4899586107 131436.9027377985
117610.0949238188 131276.8230844702
120816.1445758993 128395.3893245597
120816.1445758993 128075.2300179030
121136.7495411074 127755.0707112463
121136.7495411074 127434.9114045895
121617.6569889195 127434.9114045895
121457.3545063154 127274.8317512612
121617.6569889195 127274.8317512612
121777.9594715235 127274.8317512612
129953.3860843289 118790.6101248582
129793.0836017248 119110.7694315149
129632.7811191208 119430.9287381716
129312.1761539127 119591.0083915000
129632.7811191208 120071.2473514851
129312.1761539127 120231.3270048134
128991.5711887047 120391.4066581418
126426.7314670403 125994.1945246343
121777.9594715235 126634.5131379478
122579.4718845436 126794.5927912761
121617.6569889195 126954.6724446045
121938.2619541275 127114.7520979328
121777.9594715235 127114.7520979328
120495.5396106913 128555.4689778881

120655.8420932953 135438.8940710075
120816.1445758993 135118.7347643508
120976.4470585034 134798.5754576940
123220.6818149597 133357.8585777388
123220.6818149597 133037.6992710821
129953.3860843289 118790.6101248582
129793.0836017248 119110.7694315149
129632.7811191208 119430.9287381716
129312.1761539127 119591.0083915000
129632.7811191208 120071.2473514851
129312.1761539127 120231.3270048134
128991.5711887047 120391.4066581418
126426.7314670403 125994.1945246343
121777.9594715235 126634.5131379478
122579.4718845436 126794.5927912761
121617.6569889195 126954.6724446045
121938.2619541275 127114.7520979328
121777.9594715235 127114.7520979328
121777.9594715235 127274.8317512612
121457.3545063154 127274.8317512612
121617.6569889195 127434.9114045895
121136.7495411074 127434.9114045895
121136.7495411074 127755.0707112463
120816.1445758993 128075.2300179030
120816.1445758993 128395.3893245597
120495.5396106913 128555.4689778881
117770.3974064228 130956.6637778134
117610.0949238188 131276.8230844702
117289.4899586107 131116.7434311418
117289.4899586107 131436.9027377985
117610.0949238188 131596.9823911269
117770.3974064228 131757.0620444552
117610.0949238188 131757.0620444552
117289.4899586107 131757.0620444552
117610.0949238188 131917.1416977836
117449.7924412148 131917.1416977836
117610.0949238188 132077.2213511119
117449.7924412148 132237.3010044403
117449.7924412148 132557.4603110970
123380.9842975638 132717.5399644254

120655.8420932953 135438.8940710075
120816.1445758993 135118.7347643508
117449.7924412148 132557.4603110970
117449.7924412148 132237.3010044403
117289.4899586107 132077.2213511119
117610.0949238188 132077.2213511119
117449.7924412148 131917.1416977836
117610.0949238188 131917.1416977836
129953.3860843289 118790.6101248582
129793.0836017248 119110.7694315149
129632.7811191208 119430.9287381716
129472.4786365168 119911.1676981567
129312.1761539127 120231.3270048134
121777.9594715235 126634.5131379478
121938.2619541275 126954.6724446045
121777.9594715235 126954.6724446045
121617.6569889195 126954.6724446045
121457.3545063154 126954.6724446045
121938.2619541275 127114.7520979328
121777.9594715235 127114.7520979328
121617.6569889195 127114.7520979328
121777.9594715235 127274.8317512612
121617.6569889195 127274.8317512612
121457.3545063154 127274.8317512612
121617.6569889195 127434.9114045895
121457.3545063154 127434.9114045895
121136.7495411074 127434.9114045895
121297.0520237114 127594.9910579179
120976.4470585034 127755.0707112463
120816.1445758993 128075.2300179030
120816.1445758993 128395.3893245597
117610.0949238188 131276.8230844702
117610.0949238188 131436.9027377985
117289.4899586107 131436.9027377985
117610.0949238188 131596.9823911269
117449.7924412148 131596.9823911269
117770.3974064228 131757.0620444552
117610.0949238188 131757.0620444552
117449.7924412148 131757.0620444552
117289.4899586107 131757.0620444552

120655.8420932953 135438.8940710075
120816.1445758993 135118.7347643508
129953.3860843289 118790.6101248582
129793.0836017248 119110.7694315149
129632.7811191208 119430.9287381716
129312.1761539127 119591.0083915000
129632.7811191208 120071.2473514851
129312.1761539127 120231.3270048134
128991.5711887047 120391.4066581418
126426.7314670403 125994.1945246343
121777.9594715235 126634.5131379478
122579.4718845436 126794.5927912761
121617.6569889195 126954.6724446045
121938.2619541275 127114.7520979328
121777.9594715235 127114.7520979328
116808.5825107987 133678.0178843956
121457.3545063154 127274.8317512612
121617.6569889195 127434.9114045895
121136.7495411074 127434.9114045895
121136.7495411074 127755.0707112463
120816.1445758993 128075.2300179030
120816.1445758993 128395.3893245597
120495.5396106913 128555.4689778881
117770.3974064228 130956.6637778134
133159.4357364094 131116.7434311418
117610.0949238188 131276.8230844702
117610.0949238188 131436.9027377985
117289.4899586107 131436.9027377985
117610.0949238188 131596.9823911269
117770.3974064228 131757.0620444552
117610.0949238188 131757.0620444552
117289.4899586107 131757.0620444552
117610.0949238188 132077.2213511119
117449.7924412148 132237.3010044403
123060.3793323557 132557.4603110970
117449.7924412148 132557.4603110970
117289.4899586107 132877.6196177537
123220.6818149597 133037.6992710821
123220.6818149597 133357.8585777388
120976.4470585034 134798.5754576940

120655.8420932953 135438.8940710075
120816.1445758993 135118.7347643508
120976.4470585034 134798.5754576940
129953.3860843289 118790.6101248582
129793.0836017248 119110.7694315149
129632.7811191208 119430.9287381716
129472.4786365168 119911.1676981567
129312.1761539127 120231.3270048134
121777.9594715235 126634.5131379478
122579.4718845436 126794.5927912761
121938.2619541275 126794.5927912761
121777.9594715235 126954.6724446045
121617.6569889195 126954.6724446045
121457.3545063154 126954.6724446045
121938.2619541275 127114.7520979328
121777.9594715235 127114.7520979328
121617.6569889195 127114.7520979328
121777.9594715235 127274.8317512612
121617.6569889195 127274.8317512612
121457.3545063154 127274.8317512612
121617.6569889195 127434.9114045895
121457.3545063154 127434.9114045895
121136.7495411074 127434.9114045895
121136.7495411074 127755.0707112463
120816.1445758993 128075.2300179030
120816.1445758993 128395.3893245597
117610.0949238188 131276.8230844702
117289.4899586107 131436.9027377985
117610.0949238188 131596.9823911269
117770.3974064228 131757.0620444552
117289.4899586107 131757.0620444552
117770.3974064228 131917.1416977836
117610.0949238188 131917.1416977836
117449.7924412148 131917.1416977836
117610.0949238188 132077.2213511119
117449.7924412148 132237.3010044403
117449.7924412148 132557.4603110970
121617.6569889195 126634.5131379478
123220.6818149597 133037.6992710821
123220.6818149597 133357.8585777388

120655.8420932953 135438.8940710075
120816.1445758993 135118.7347643508
120976.4470585034 134798.5754576940
123220.6818149597 133357.8585777388
123220.6818149597 133037.6992710821
117449.7924412148 132557.4603110970
117449.7924412148 132237.3010044403
117610.0949238188 132077.2213511119
117449.7924412148 131917.1416977836
117610.0949238188 131917.1416977836
117770.3974064228 131917.1416977836
117289.4899586107 131757.0620444552
117610.0949238188 131757.0620444552
117770.3974064228 131757.0620444552
117610.0949238188 131596.9823911269
117289.4899586107 131436.9027377985
117610.0949238188 131276.8230844702
120816.1445758993 128395.3893245597
120816.1445758993 128075.2300179030
121136.7495411074 127755.0707112463
121136.7495411074 127434.9114045895
121617.6569889195 127434.9114045895
121457.3545063154 127274.8317512612
121617.6569889195 127274.8317512612
121777.9594715235 127274.8317512612
121617.6569889195 127114.7520979328
121777.9594715235 127114.7520979328
121938.2619541275 127114.7520979328
121457.3545063154 126954.6724446045
121617.6569889195 126954.6724446045
121938.2619541275 126794.5927912761
122579.4718845436 126794.5927912761
121777.9594715235 126634.5131379478
128991.5711887047 120391.4066581418
129312.1761539127 120231.3270048134
129953.3860843289 118790.6101248582
129793.0836017248 119110.7694315149
129632.7811191208 119430.9287381716
129472.4786365168 119911.1676981567
121938.2619541275 126954.6724446045

120655.8420932953 135438.8940710075
120816.1445758993 135118.7347643508
120976.4470585034 134798.5754576940
123220.6818149597 133037.6992710821
117449.7924412148 132557.4603110970
117449.7924412148 132237.3010044403
117449.7924412148 131917.1416977836
117610.0949238188 131917.1416977836
117289.4899586107 131757.0620444552
117449.7924412148 131757.0620444552
117610.0949238188 131757.0620444552
117770.3974064228 131757.0620444552
117449.7924412148 131596.9823911269
117610.0949238188 131596.9823911269
117289.4899586107 131436.9027377985
117610.0949238188 131436.9027377985
117610.0949238188 131276.8230844702
129953.3860843289 118790.6101248582
129793.0836017248 119110.7694315149
129632.7811191208 119430.9287381716
129472.4786365168 119911.1676981567
129312.1761539127 120231.3270048134
121777.9594715235 126634.5131379478
121938.2619541275 126954.6724446045
121777.9594715235 126954.6724446045
121617.6569889195 126954.6724446045
121457.3545063154 126954.6724446045
121938.2619541275 127114.7520979328
121777.9594715235 127114.7520979328
121617.6569889195 127114.7520979328
121777.9594715235 127274.8317512612
121617.6569889195 127274.8317512612
121457.3545063154 127274.8317512612
121617.6569889195 127434.9114045895
121457.3545063154 127434.9114045895
121136.7495411074 127434.9114045895
121136.7495411074 127755.0707112463
120816.1445758993 128075.2300179030
120816.1445758993 128395.3893245597
117610.0949238188 132077.2213511119

120655.8420932953 135438.8940710075
120816.1445758993 135118.7347643508
117449.7924412148 132557.4603110970
129953.3860843289 118790.6101248582
129793.0836017248 119110.7694315149
129632.7811191208 119430.9287381716
129472.4786365168 119911.1676981567
129312.1761539127 120231.3270048134
121777.9594715235 126634.5131379478
121938.2619541275 126954.6724446045
121777.9594715235 126954.6724446045
121617.6569889195 126954.6724446045
121457.3545063154 126954.6724446045
121938.2619541275 127114.7520979328
121777.9594715235 127114.7520979328
121617.6569889195 127114.7520979328
121777.9594715235 127274.8317512612
121617.6569889195 127274.8317512612
121457.3545063154 127274.8317512612
121617.6569889195 127434.9114045895
121457.3545063154 127434.9114045895
121136.7495411074 127434.9114045895
121297.0520237114 127594.9910579179
120976.4470585034 127755.0707112463
120816.1445758993 128075.2300179030
120816.1445758993 128395.3893245597
117610.0949238188 131276.8230844702
117610.0949238188 131436.9027377985
117289.4899586107 131436.9027377985
117610.0949238188 131596.9823911269
117449.7924412148 131596.9823911269
117770.3974064228 131757.0620444552
117610.0949238188 131757.0620444552
117449.7924412148 131757.0620444552
117289.4899586107 131757.0620444552
117610.0949238188 131917.1416977836
117449.7924412148 131917.1416977836
117610.0949238188 132077.2213511119
117449.7924412148 132077.2213511119
117289.4899586107 132077.2213511119

120655.8420932953 135438.8940710075
129793.0836017248 119110.7694315149
121777.9594715235 126634.5131379478
121938.2619541275 126794.5927912761
121777.9594715235 126794.5927912761
121938.2619541275 126954.6724446045
121777.9594715235 126954.6724446045
121617.6569889195 126954.6724446045
121457.3545063154 126954.6724446045
121938.2619541275 127114.7520979328
121777.9594715235 127114.7520979328
121617.6569889195 127114.7520979328
121777.9594715235 127274.8317512612
121617.6569889195 127274.8317512612
121457.3545063154 127274.8317512612
121297.0520237114 127274.8317512612
121617.6569889195 127434.9114045895
121457.3545063154 127434.9114045895
121457.3545063154 127594.9910579179
121297.0520237114 127594.9910579179
120976.4470585034 127755.0707112463
120816.1445758993 128075.2300179030
117610.0949238188 131276.8230844702
117610.0949238188 131436.9027377985
117289.4899586107 131436.9027377985
117770.3974064228 131596.9823911269
117610.0949238188 131596.9823911269
117449.7924412148 131596.9823911269
117770.3974064228 131757.0620444552
117610.0949238188 131757.0620444552
117449.7924412148 131757.0620444552
117289.4899586107 131757.0620444552
117770.3974064228 131917.1416977836
117610.0949238188 131917.1416977836
117449.7924412148 131917.1416977836
117610.0949238188 132077.2213511119
117289.4899586107 132077.2213511119
117449.7924412148 132237.3010044403
117449.7924412148 132557.4603110970
120816.1445758993 135118.7347643508

120655.8420932953 135438.8940710075
120816.1445758993 135118.7347643508
120976.4470585034 134798.5754576940
123220.6818149597 133357.8585777388
123220.6818149597 133037.6992710821
117289.4899586107 132877.6196177537
117449.7924412148 132557.4603110970
117449.7924412148 132237.3010044403
117610.0949238188 132077.2213511119
117449.7924412148 131917.1416977836
117610.0949238188 131917.1416977836
117289.4899586107 131757.0620444552
117610.0949238188 131757.0620444552
117770.3974064228 131757.0620444552
117610.0949238188 131596.9823911269
117289.4899586107 131436.9027377985
117610.0949238188 131436.9027377985
117610.0949238188 131276.8230844702
129953.3860843289 118790.6101248582
129793.0836017248 119110.7694315149
129632.7811191208 119430.9287381716
129472.4786365168 119911.1676981567
129312.1761539127 120231.3270048134
121777.9594715235 126634.5131379478
121777.9594715235 126954.6724446045
121617.6569889195 126954.6724446045
121457.3545063154 126954.6724446045
121938.2619541275 127114.7520979328
121777.9594715235 127114.7520979328
121617.6569889195 127114.7520979328
121777.9594715235 127274.8317512612
121617.6569889195 127274.8317512612
121457.3545063154 127274.8317512612
121617.6569889195 127434.9114045895
121457.3545063154 127434.9114045895
121136.7495411074 127434.9114045895
121136.7495411074 127755.0707112463
120816.1445758993 128075.2300179030
120816.1445758993 128395.3893245597
117449.7924412148 131596.9823911269

120655.8420932953 135438.8940710075
120816.1445758993 135118.7347643508
120976.4470585034 134798.5754576940
123220.6818149597 133357.8585777388
123220.6818149597 133037.6992710821
117289.4899586107 132877.6196177537
117449.7924412148 132557.4603110970
117449.7924412148 132237.3010044403
117610.0949238188 132077.2213511119
117449.7924412148 131917.1416977836
117610.0949238188 131917.1416977836
117289.4899586107 131757.0620444552
117610.0949238188 131757.0620444552
117770.3974064228 131757.0620444552
117610.0949238188 131596.9823911269
129953.3860843289 118790.6101248582
129793.0836017248 119110.7694315149
129632.7811191208 119430.9287381716
129472.4786365168 119911.1676981567
129312.1761539127 120231.3270048134
121777.9594715235 126634.5131379478
122579.4718845436 126794.5927912761
121938.2619541275 126794.5927912761
121777.9594715235 126954.6724446045
121617.6569889195 126954.6724446045
121457.3545063154 126954.6724446045
121938.2619541275 127114.7520979328
121777.9594715235 127114.7520979328
121617.6569889195 127114.7520979328
121777.9594715235 127274.8317512612
121617.6569889195 127274.8317512612
121457.3545063154 127274.8317512612
121617.6569889195 127434.9114045895
121457.3545063154 127434.9114045895
121136.7495411074 127434.9114045895
121136.7495411074 127755.0707112463
120816.1445758993 128075.2300179030
120816.1445758993 128395.3893245597
117610.0949238188 131276.8230844702
117289.4899586107 131436.9027377985

120655.8420932953 135438.8940710075
120816.1445758993 135118.7347643508
120976.4470585034 134798.5754576940
123220.6818149597 133037.6992710821
117449.7924412148 132877.6196177537
117449.7924412148 132557.4603110970
117449.7924412148 132237.3010044403
117610.0949238188 132077.2213511119
129953.3860843289 118790.6101248582
129793.0836017248 119110.7694315149
129632.7811191208 119430.9287381716
129312.1761539127 119591.0083915000
129632.7811191208 120071.2473514851
129312.1761539127 120231.3270048134
128991.5711887047 120391.4066581418
121777.9594715235 126634.5131379478
122579.4718845436 126794.5927912761
121938.2619541275 126794.5927912761
121617.6569889195 126954.6724446045
121457.3545063154 126954.6724446045
121777.9594715235 127114.7520979328
121617.6569889195 127114.7520979328
121777.9594715235 127274.8317512612
121617.6569889195 127274.8317512612
121457.3545063154 127274.8317512612
121617.6569889195 127434.9114045895
121136.7495411074 127434.9114045895
121136.7495411074 127755.0707112463
120816.1445758993 128075.2300179030
120816.1445758993 128395.3893245597
117610.0949238188 131276.8230844702
117289.4899586107 131436.9027377985
117610.0949238188 131596.9823911269
117770.3974064228 131757.0620444552
117289.4899586107 131757.0620444552
117770.3974064228 131917.1416977836
117610.0949238188 131917.1416977836
117449.7924412148 131917.1416977836
123380.9842975638 132717.5399644254
123220.6818149597 133357.8585777388

129793.0836017248 119110.7694315149
129632.7811191208 119430.9287381716
121777.9594715235 126634.5131379478
121777.9594715235 126794.5927912761
121938.2619541275 126954.6724446045
121777.9594715235 126954.6724446045
121617.6569889195 126954.6724446045
121457.3545063154 126954.6724446045
121938.2619541275 127114.7520979328
121777.9594715235 127114.7520979328
121617.6569889195 127114.7520979328
121457.3545063154 127114.7520979328
121777.9594715235 127274.8317512612
121617.6569889195 127274.8317512612
121457.3545063154 127274.8317512612
121297.0520237114 127274.8317512612
121617.6569889195 127434.9114045895
121457.3545063154 127434.9114045895
121297.0520237114 127594.9910579179
120976.4470585034 127755.0707112463
120816.1445758993 128075.2300179030
117610.0949238188 131276.8230844702
117610.0949238188 131436.9027377985
117289.4899586107 131436.9027377985
117770.3974064228 131596.9823911269
117610.0949238188 131596.9823911269
117449.7924412148 131596.9823911269
117770.3974064228 131757.0620444552
117610.0949238188 131757.0620444552
117449.7924412148 131757.0620444552
117289.4899586107 131757.0620444552
117770.3974064228 131917.1416977836
117610.0949238188 131917.1416977836
117449.7924412148 131917.1416977836
117610.0949238188 132077.2213511119
117449.7924412148 132077.2213511119
117289.4899586107 132077.2213511119
117449.7924412148 132557.4603110970
120816.1445758993 135118.7347643508
120655.8420932953 135438.8940710075

120655.8420932953 135438.8940710075
120816.1445758993 135118.7347643508
120976.4470585034 134798.5754576940
123220.6818149597 133357.8585777388
123220.6818149597 133037.6992710821
117289.4899586107 132877.6196177537
129953.3860843289 118790.6101248582
129793.0836017248 119110.7694315149
129632.7811191208 119430.9287381716
129312.1761539127 119591.0083915000
129632.7811191208 120071.2473514851
129312.1761539127 120231.3270048134
128991.5711887047 120391.4066581418
121777.9594715235 126634.5131379478
122579.4718845436 126794.5927912761
121938.2619541275 126794.5927912761
121617.6569889195 126954.6724446045
121457.3545063154 126954.6724446045
121777.9594715235 127114.7520979328
121617.6569889195 127114.7520979328
121777.9594715235 127274.8317512612
121617.6569889195 127274.8317512612
121457.3545063154 127274.8317512612
121617.6569889195 127434.9114045895
121136.7495411074 127434.9114045895
121136.7495411074 127755.0707112463
120816.1445758993 128075.2300179030
120816.1445758993 128395.3893245597
117610.0949238188 131276.8230844702
117289.4899586107 131436.9027377985
117610.0949238188 131596.9823911269
117770.3974064228 131757.0620444552
117289.4899586107 131757.0620444552
117770.3974064228 131917.1416977836
117610.0949238188 131917.1416977836
117449.7924412148 131917.1416977836
117610.0949238188 132077.2213511119
117449.7924412148 132237.3010044403
117449.7924412148 132557.4603110970
123380.9842975638 132717.5399644254

120816.1445758993 135118.7347643508
121777.9594715235 126634.5131379478
121938.2619541275 126794.5927912761
121777.9594715235 126794.5927912761
121938.2619541275 126954.6724446045
121777.9594715235 126954.6724446045
121617.6569889195 126954.6724446045
121457.3545063154 126954.6724446045
121938.2619541275 127114.7520979328
121777.9594715235 127114.7520979328
121617.6569889195 127114.7520979328
121457.3545063154 127114.7520979328
121938.2619541275 127274.8317512612
121777.9594715235 127274.8317512612
121617.6569889195 127274.8317512612
121457.3545063154 127274.8317512612
121297.0520237114 127274.8317512612
121617.6569889195 127434.9114045895
121457.3545063154 127434.9114045895
121297.0520237114 127594.9910579179
120976.4470585034 127755.0707112463
120816.1445758993 128075.2300179030
117610.0949238188 131276.8230844702
117610.0949238188 131436.9027377985
117289.4899586107 131436.9027377985
117770.3974064228 131596.9823911269
117610.0949238188 131596.9823911269
117449.7924412148 131596.9823911269
117770.3974064228 131757.0620444552
117610.0949238188 131757.0620444552
117449.7924412148 131757.0620444552
117289.4899586107 131757.0620444552
117770.3974064228 131917.1416977836
117610.0949238188 131917.1416977836
117449.7924412148 131917.1416977836
117610.0949238188 132077.2213511119
117449.7924412148 132077.2213511119
117289.4899586107 132077.2213511119
117449.7924412148 132237.3010044403
117449.7924412148 132557.4603110970

120655.8420932953 135438.8940710075
120816.1445758993 135118.7347643508
117449.7924412148 132557.4603110970
117449.7924412148 132237.3010044403
121777.9594715235 126634.5131379478
121938.2619541275 126794.5927912761
121777.9594715235 126794.5927912761
121938.2619541275 126954.6724446045
121777.9594715235 126954.6724446045
121617.6569889195 126954.6724446045
121457.3545063154 126954.6724446045
121938.2619541275 127114.7520979328
121777.9594715235 127114.7520979328
121617.6569889195 127114.7520979328
121457.3545063154 127114.7520979328
121777.9594715235 127274.8317512612
121617.6569889195 127274.8317512612
121457.3545063154 127274.8317512612
121297.0520237114 127274.8317512612
121617.6569889195 127434.9114045895
121457.3545063154 127434.9114045895
121457.3545063154 127594.9910579179
121297.0520237114 127594.9910579179
120976.4470585034 127755.0707112463
120816.1445758993 128075.2300179030
117610.0949238188 131276.8230844702
117610.0949238188 131436.9027377985
117289.4899586107 131436.9027377985
117770.3974064228 131596.9823911269
117610.0949238188 131596.9823911269
117449.7924412148 131596.9823911269
117770.3974064228 131757.0620444552
117610.0949238188 131757.0620444552
117449.7924412148 131757.0620444552
117289.4899586107 131757.0620444552
117770.3974064228 131917.1416977836
117610.0949238188 131917.1416977836
117449.7924412148 131917.1416977836
117610.0949238188 132077.2213511119
117289.4899586107 132077.2213511119

120655.8420932953 135438.8940710075
120816.1445758993 135118.7347643508
129793.0836017248 119110.7694315149
129632.7811191208 119430.9287381716
121777.9594715235 126634.5131379478
121777.9594715235 126794.5927912761
121938.2619541275 126954.6724446045
121777.9594715235 126954.6724446045
121617.6569889195 126954.6724446045
121457.3545063154 126954.6724446045
121938.2619541275 127114.7520979328
121777.9594715235 127114.7520979328
121617.6569889195 127114.7520979328
121777.9594715235 127274.8317512612
121617.6569889195 127274.8317512612
121457.3545063154 127274.8317512612
121297.0520237114 127274.8317512612
121617.6569889195 127434.9114045895
121457.3545063154 127434.9114045895
121457.3545063154 127594.9910579179
121297.0520237114 127594.9910579179
120976.4470585034 127755.0707112463
120816.1445758993 128075.2300179030
117610.0949238188 131276.8230844702
117610.0949238188 131436.9027377985
117289.4899586107 131436.9027377985
117770.3974064228 131596.9823911269
117610.0949238188 131596.9823911269
117449.7924412148 131596.9823911269
117770.3974064228 131757.0620444552
117610.0949238188 131757.0620444552
117449.7924412148 131757.0620444552
117289.4899586107 131757.0620444552
117770.3974064228 131917.1416977836
117610.0949238188 131917.1416977836
117449.7924412148 131917.1416977836
117610.0949238188 132077.2213511119
117289.4899586107 132077.2213511119
117449.7924412148 132237.3010044403
117449.7924412148 132557.4603110970

120655.8420932953 135438.8940710075
120816.1445758993 135118.7347643508
117449.7924412148 132557.4603110970
117449.7924412148 132237.3010044403
117289.4899586107 132077.2213511119
117449.7924412148 132077.2213511119
117610.0949238188 132077.2213511119
117449.7924412148 131917.1416977836
117610.0949238188 131917.1416977836
117770.3974064228 131917.1416977836
117289.4899586107 131757.0620444552
117449.7924412148 131757.0620444552
117610.0949238188 131757.0620444552
117770.3974064228 131757.0620444552
117449.7924412148 131596.9823911269
117610.0949238188 131596.9823911269
117770.3974064228 131596.9823911269
117289.4899586107 131436.9027377985
117610.0949238188 131436.9027377985
117610.0949238188 131276.8230844702
120976.4470585034 127755.0707112463
121297.0520237114 127594.9910579179
121457.3545063154 127594.9910579179
121777.9594715235 126634.5131379478
121938.2619541275 126794.5927912761
121777.9594715235 126794.5927912761
121938.2619541275 126954.6724446045
121777.9594715235 126954.6724446045
121617.6569889195 126954.6724446045
121457.3545063154 126954.6724446045
121938.2619541275 127114.7520979328
121777.9594715235 127114.7520979328
121617.6569889195 127114.7520979328
121457.3545063154 127114.7520979328
121938.2619541275 127274.8317512612
121777.9594715235 127274.8317512612
121617.6569889195 127274.8317512612
121457.3545063154 127274.8317512612
121297.0520237114 127274.8317512612
121617.6569889195 127434.9114045895

120655.8420932953 135438.8940710075
120816.1445758993 135118.7347643508
117449.7924412148 132557.4603110970
117449.7924412148 132237.3010044403
117289.4899586107 132077.2213511119
117610.0949238188 132077.2213511119
117449.7924412148 131917.1416977836
117610.0949238188 131917.1416977836
117770.3974064228 131917.1416977836
117289.4899586107 131757.0620444552
117449.7924412148 131757.0620444552
117610.0949238188 131757.0620444552
117770.3974064228 131757.0620444552
117449.7924412148 131596.9823911269
117610.0949238188 131596.9823911269
117770.3974064228 131596.9823911269
117289.4899586107 131436.9027377985
117610.0949238188 131436.9027377985
117610.0949238188 131276.8230844702
120816.1445758993 128075.2300179030
120976.4470585034 127755.0707112463
121297.0520237114 127594.9910579179
121457.3545063154 127594.9910579179
121457.3545063154 127434.9114045895
121617.6569889195 127434.9114045895
121297.0520237114 127274.8317512612
121457.3545063154 127274.8317512612
121617.6569889195 127274.8317512612
121777.9594715235 127274.8317512612
121617.6569889195 127114.7520979328
121777.9594715235 127114.7520979328
121938.2619541275 127114.7520979328
121457.3545063154 126954.6724446045
121617.6569889195 126954.6724446045
121777.9594715235 126954.6724446045
121938.2619541275 126954.6724446045
121777.9594715235 126794.5927912761
121777.9594715235 126634.5131379478
129793.0836017248 119110.7694315149
121457.3545063154 127114.7520979328

120655.8420932953 135438.8940710075
120816.1445758993 135118.7347643508
117449.7924412148 132557.4603110970
117449.7924412148 132237.3010044403
117289.4899586107 132077.2213511119
117449.7924412148 132077.2213511119
117610.0949238188 132077.2213511119
117449.7924412148 131917.1416977836
117610.0949238188 131917.1416977836
117289.4899586107 131757.0620444552
117449.7924412148 131757.0620444552
117610.0949238188 131757.0620444552
117770.3974064228 131757.0620444552
129953.3860843289 118790.6101248582
129793.0836017248 119110.7694315149
129632.7811191208 119430.9287381716
129472.4786365168 119911.1676981567
129312.1761539127 120231.3270048134
121777.9594715235 126634.5131379478
121938.2619541275 126954.6724446045
121777.9594715235 126954.6724446045
121617.6569889195 126954.6724446045
121457.3545063154 126954.6724446045
121938.2619541275 127114.7520979328
121777.9594715235 127114.7520979328
121617.6569889195 127114.7520979328
121777.9594715235 127274.8317512612
121617.6569889195 127274.8317512612
121457.3545063154 127274.8317512612
121617.6569889195 127434.9114045895
121457.3545063154 127434.9114045895
121136.7495411074 127434.9114045895
121136.7495411074 127755.0707112463
120816.1445758993 128075.2300179030
120816.1445758993 128395.3893245597
117610.0949238188 131276.8230844702
117610.0949238188 131436.9027377985
117289.4899586107 131436.9027377985
117610.0949238188 131596.9823911269
117449.7924412148 131596.9823911269

120655.8420932953 135438.8940710075
120816.1445758993 135118.7347643508
120976.4470585034 134798.5754576940
117289.4899586107 132397.3806577687
117289.4899586107 132077.2213511119
117449.7924412148 132077.2213511119
117610.0949238188 132077.2213511119
117449.7924412148 131917.1416977836
117610.0949238188 131917.1416977836
117289.4899586107 131757.0620444552
117449.7924412148 131757.0620444552
117610.0949238188 131757.0620444552
117770.3974064228 131757.0620444552
117449.7924412148 131596.9823911269
117610.0949238188 131596.9823911269
117289.4899586107 131436.9027377985
117610.0949238188 131436.9027377985
117610.0949238188 131276.8230844702
129953.3860843289 118790.6101248582
129793.0836017248 119110.7694315149
129632.7811191208 119430.9287381716
129472.4786365168 119911.1676981567
129312.1761539127 120231.3270048134
121777.9594715235 126634.5131379478
121938.2619541275 126954.6724446045
121777.9594715235 126954.6724446045
121617.6569889195 126954.6724446045
121457.3545063154 126954.6724446045
121938.2619541275 127114.7520979328
121777.9594715235 127114.7520979328
121617.6569889195 127114.7520979328
121777.9594715235 127274.8317512612
121617.6569889195 127274.8317512612
121457.3545063154 127274.8317512612
121617.6569889195 127434.9114045895
121457.3545063154 127434.9114045895
121136.7495411074 127434.9114045895
121136.7495411074 127755.0707112463
120816.1445758993 128075.2300179030
120816.1445758993 128395.3893245597

120655.8420932953 135438.8940710075
120816.1445758993 135118.7347643508
121777.9594715235 126634.5131379478
121938.2619541275 126794.5927912761
121777.9594715235 126794.5927912761
121938.2619541275 126954.6724446045
121777.9594715235 126954.6724446045
121617.6569889195 126954.6724446045
121457.3545063154 126954.6724446045
121938.2619541275 127114.7520979328
121777.9594715235 127114.7520979328
121617.6569889195 127114.7520979328
121457.3545063154 127114.7520979328
121938.2619541275 127274.8317512612
121777.9594715235 127274.8317512612
121617.6569889195 127274.8317512612
121457.3545063154 127274.8317512612
121297.0520237114 127274.8317512612
121617.6569889195 127434.9114045895
121457.3545063154 127434.9114045895
121297.0520237114 127594.9910579179
120976.4470585034 127755.0707112463
120816.1445758993 128075.2300179030
117610.0949238188 131276.8230844702
117610.0949238188 131436.9027377985
117289.4899586107 131436.9027377985
117770.3974064228 131596.9823911269
117610.0949238188 131596.9823911269
117449.7924412148 131596.9823911269
117770.3974064228 131757.0620444552
117610.0949238188 131757.0620444552
117449.7924412148 131757.0620444552
117289.4899586107 131757.0620444552
117770.3974064228 131917.1416977836
117610.0949238188 131917.1416977836
117449.7924412148 131917.1416977836
117610.0949238188 132077.2213511119
117289.4899586107 132077.2213511119
117449.7924412148 132237.3010044403
117449.7924412148 132557.4603110970

120655.8420932953 135438.8940710075
120816.1445758993 135118.7347643508
120976.4470585034 134798.5754576940
123220.6818149597 133357.8585777388
123220.6818149597 133037.6992710821
117289.4899586107 132877.6196177537
117449.7924412148 132557.4603110970
123060.3793323557 132557.4603110970
117449.7924412148 132237.3010044403
126266.4289844362 123112.7607647239
123060.3793323557 132077.2213511119
117129.1874760067 131757.0620444552
117770.3974064228 131757.0620444552
117610.0949238188 131276.8230844702
133159.4357364094 131116.7434311418
117770.3974064228 130956.6637778134
129632.7811191208 129836.1062045149
120816.1445758993 129195.7875912015
120495.5396106913 128555.4689778881
120816.1445758993 128395.3893245597
120816.1445758993 128075.2300179030
134602.1580798457 115749.0967116194
133960.9481494295 116389.4153249328
133480.0407016175 117189.8135915746
133480.0407016175 117670.0525515597
132678.5282885973 117830.1322048881
132037.3183581812 118950.6897781866
132838.8307712013 119911.1676981567
130434.2935321409 119911.1676981567
129793.0836017248 120551.4863114702
127548.8488452685 121672.0438847687
130113.6885669329 122152.2828447537
128029.7562930805 122312.3624980821
130273.9910495369 124073.2386846940
123701.5892627718 124553.4776446791
128190.0587756846 124873.6369513358
130113.6885669329 125353.8759113209
129151.8736713087 125834.1148713060
124823.7066410000 125994.1945246343
127869.4538104765 126314.3538312911

120655.8420932953 135438.8940710075
120816.1445758993 135118.7347643508
117449.7924412148 132557.4603110970
117289.4899586107 132077.2213511119
117449.7924412148 132077.2213511119
117610.0949238188 132077.2213511119
117449.7924412148 131917.1416977836
117610.0949238188 131917.1416977836
117289.4899586107 131757.0620444552
117449.7924412148 131757.0620444552
117610.0949238188 131757.0620444552
117770.3974064228 131757.0620444552
117449.7924412148 131596.9823911269
117610.0949238188 131596.9823911269
129953.3860843289 118790.6101248582
129793.0836017248 119110.7694315149
129632.7811191208 119430.9287381716
129472.4786365168 119911.1676981567
121777.9594715235 126634.5131379478
121777.9594715235 126794.5927912761
121938.2619541275 126954.6724446045
121777.9594715235 126954.6724446045
121617.6569889195 126954.6724446045
121457.3545063154 126954.6724446045
121938.2619541275 127114.7520979328
121777.9594715235 127114.7520979328
121617.6569889195 127114.7520979328
121777.9594715235 127274.8317512612
121617.6569889195 127274.8317512612
121457.3545063154 127274.8317512612
121617.6569889195 127434.9114045895
121457.3545063154 127434.9114045895
121136.7495411074 127434.9114045895
121136.7495411074 127755.0707112463
120816.1445758993 128075.2300179030
120816.1445758993 128395.3893245597
117610.0949238188 131276.8230844702
117610.0949238188 131436.9027377985
117289.4899586107 131436.9027377985
117770.3974064228 131917.1416977836

120655.8420932953 135438.8940710075
120816.1445758993 135118.7347643508
120976.4470585034 134798.5754576940
123220.6818149597 133357.8585777388
123220.6818149597 133037.6992710821
123380.9842975638 132717.5399644254
117449.7924412148 132557.4603110970
117449.7924412148 132237.3010044403
117610.0949238188 132077.2213511119
117449.7924412148 131917.1416977836
117610.0949238188 131917.1416977836
117770.3974064228 131917.1416977836
117289.4899586107 131757.0620444552
117770.3974064228 131757.0620444552
117610.0949238188 131596.9823911269
117289.4899586107 131436.9027377985
117610.0949238188 131276.8230844702
120816.1445758993 128395.3893245597
120816.1445758993 128075.2300179030
121136.7495411074 127755.0707112463
121136.7495411074 127434.9114045895
121617.6569889195 127434.9114045895
121457.3545063154 127274.8317512612
121617.6569889195 127274.8317512612
121777.9594715235 127274.8317512612
121617.6569889195 127114.7520979328
121777.9594715235 127114.7520979328
121938.2619541275 127114.7520979328
121457.3545063154 126954.6724446045
121617.6569889195 126954.6724446045
121938.2619541275 126794.5927912761
122579.4718845436 126794.5927912761
129953.3860843289 118790.6101248582
129793.0836017248 119110.7694315149
129632.7811191208 119430.9287381716
129312.1761539127 119591.0083915000
129632.7811191208 120071.2473514851
129312.1761539127 120231.3270048134
128991.5711887047 120391.4066581418
126426.7314670403 125994.1945246343

120655.8420932953 135438.8940710075
120816.1445758993 135118.7347643508
117449.7924412148 132557.4603110970
117449.7924412148 132237.3010044403
117289.4899586107 132077.2213511119
117610.0949238188 132077.2213511119
117449.7924412148 131917.1416977836
117610.0949238188 131917.1416977836
117770.3974064228 131917.1416977836
117289.4899586107 131757.0620444552
117449.7924412148 131757.0620444552
117610.0949238188 131757.0620444552
117770.3974064228 131757.0620444552
117449.7924412148 131596.9823911269
117610.0949238188 131596.9823911269
117770.3974064228 131596.9823911269
129953.3860843289 118790.6101248582
129793.0836017248 119110.7694315149
129632.7811191208 119430.9287381716
121777.9594715235 126634.5131379478
121777.9594715235 126794.5927912761
121938.2619541275 126954.6724446045
121777.9594715235 126954.6724446045
121617.6569889195 126954.6724446045
121457.3545063154 126954.6724446045
121938.2619541275 127114.7520979328
121777.9594715235 127114.7520979328
121617.6569889195 127114.7520979328
121777.9594715235 127274.8317512612
121617.6569889195 127274.8317512612
121457.3545063154 127274.8317512612
121617.6569889195 127434.9114045895
121457.3545063154 127434.9114045895
121136.7495411074 127434.9114045895
121297.0520237114 127594.9910579179
120976.4470585034 127755.0707112463
120816.1445758993 128075.2300179030
117610.0949238188 131276.8230844702
117610.0949238188 131436.9027377985
117289.4899586107 131436.9027377985

120655.8420932953 135438.8940710075
120816.1445758993 135118.7347643508
117449.7924412148 132557.4603110970
117449.7924412148 132237.3010044403
117289.4899586107 132077.2213511119
117610.0949238188 132077.2213511119
117449.7924412148 131917.1416977836
117610.0949238188 131917.1416977836
117770.3974064228 131917.1416977836
117289.4899586107 131757.0620444552
117449.7924412148 131757.0620444552
117610.0949238188 131757.0620444552
117770.3974064228 131757.0620444552
117449.7924412148 131596.9823911269
117610.0949238188 131596.9823911269
117289.4899586107 131436.9027377985
117610.0949238188 131436.9027377985
117610.0949238188 131276.8230844702
120816.1445758993 128395.3893245597
120816.1445758993 128075.2300179030
121136.7495411074 127755.0707112463
121136.7495411074 127434.9114045895
121457.3545063154 127434.9114045895
121617.6569889195 127434.9114045895
121457.3545063154 127274.8317512612
121617.6569889195 127274.8317512612
121777.9594715235 127274.8317512612
121617.6569889195 127114.7520979328
121777.9594715235 127114.7520979328
121938.2619541275 127114.7520979328
121457.3545063154 126954.6724446045
121617.6569889195 126954.6724446045
121777.9594715235 126954.6724446045
121938.2619541275 126954.6724446045
121777.9594715235 126634.5131379478
129953.3860843289 118790.6101248582
129793.0836017248 119110.7694315149
129632.7811191208 119430.9287381716
129472.4786365168 119911.1676981567
121777.9594715235 126794.5927912761

120655.8420932953 135438.8940710075
120816.1445758993 135118.7347643508
129793.0836017248 119110.7694315149
121777.9594715235 126634.5131379478
121938.2619541275 126794.5927912761
121777.9594715235 126794.5927912761
121938.2619541275 126954.6724446045
121777.9594715235 126954.6724446045
121617.6569889195 126954.6724446045
121457.3545063154 126954.6724446045
121938.2619541275 127114.7520979328
121777.9594715235 127114.7520979328
121617.6569889195 127114.7520979328
121457.3545063154 127114.7520979328
121777.9594715235 127274.8317512612
121617.6569889195 127274.8317512612
121457.3545063154 127274.8317512612
121297.0520237114 127274.8317512612
121617.6569889195 127434.9114045895
121457.3545063154 127434.9114045895
121297.0520237114 127594.9910579179
120976.4470585034 127755.0707112463
120816.1445758993 128075.2300179030
117610.0949238188 131276.8230844702
117610.0949238188 131436.9027377985
117289.4899586107 131436.9027377985
117770.3974064228 131596.9823911269
117610.0949238188 131596.9823911269
117449.7924412148 131596.9823911269
117770.3974064228 131757.0620444552
117610.0949238188 131757.0620444552
117449.7924412148 131757.0620444552
117289.4899586107 131757.0620444552
117770.3974064228 131917.1416977836
117610.0949238188 131917.1416977836
117449.7924412148 131917.1416977836
117610.0949238188 132077.2213511119
117449.7924412148 132077.2213511119
117289.4899586107 132077.2213511119
117449.7924412148 132557.4603110970

120655.8420932953 135438.8940710075
120816.1445758993 135118.7347643508
129793.0836017248 119110.7694315149
121777.9594715235 126634.5131379478
121938.2619541275 126794.5927912761
121777.9594715235 126794.5927912761
121938.2619541275 126954.6724446045
121777.9594715235 126954.6724446045
121617.6569889195 126954.6724446045
121457.3545063154 126954.6724446045
121938.2619541275 127114.7520979328
121777.9594715235 127114.7520979328
121617.6569889195 127114.7520979328
121457.3545063154 127114.7520979328
121777.9594715235 127274.8317512612
121617.6569889195 127274.8317512612
121457.3545063154 127274.8317512612
121297.0520237114 127274.8317512612
121617.6569889195 127434.9114045895
121457.3545063154 127434.9114045895
121297.0520237114 127594.9910579179
120976.4470585034 127755.0707112463
120816.1445758993 128075.2300179030
117610.0949238188 131276.8230844702
117610.0949238188 131436.9027377985
117289.4899586107 131436.9027377985
117770.3974064228 131596.9823911269
117610.0949238188 131596.9823911269
117449.7924412148 131596.9823911269
117770.3974064228 131757.0620444552
117610.0949238188 131757.0620444552
117449.7924412148 131757.0620444552
117289.4899586107 131757.0620444552
117770.3974064228 131917.1416977836
117610.0949238188 131917.1416977836
117449.7924412148 131917.1416977836
117610.0949238188 132077.2213511119
117289.4899586107 132077.2213511119
117449.7924412148 132237.3010044403
117449.7924412148 132557.4603110970

120655.8420932953 135438.8940710075
120816.1445758993 135118.7347643508
120976.4470585034 134798.5754576940
129953.3860843289 118790.6101248582
129793.0836017248 119110.7694315149
129632.7811191208 119430.9287381716
129472.4786365168 119911.1676981567
129312.1761539127 120231.3270048134
121777.9594715235 126634.5131379478
121938.2619541275 126954.6724446045
121777.9594715235 126954.6724446045
121617.6569889195 126954.6724446045
121457.3545063154 126954.6724446045
121938.2619541275 127114.7520979328
121777.9594715235 127114.7520979328
121617.6569889195 127114.7520979328
121777.9594715235 127274.8317512612
121617.6569889195 127274.8317512612
121457.3545063154 127274.8317512612
121617.6569889195 127434.9114045895
121457.3545063154 127434.9114045895
121136.7495411074 127434.9114045895
121136.7495411074 127755.0707112463
120816.1445758993 128075.2300179030
120816.1445758993 128395.3893245597
117610.0949238188 131276.8230844702
117610.0949238188 131436.9027377985
117289.4899586107 131436.9027377985
117610.0949238188 131596.9823911269
117770.3974064228 131757.0620444552
117610.0949238188 131757.0620444552
117289.4899586107 131757.0620444552
117610.0949238188 131917.1416977836
117449.7924412148 131917.1416977836
117610.0949238188 132077.2213511119
117449.7924412148 132237.3010044403
117449.7924412148 132557.4603110970
117289.4899586107 132877.6196177537
123220.6818149597 133037.6992710821
123220.6818149597 133357.8585777388

120655.8420932953 135438.8940710075
120816.1445758993 135118.7347643508
117449.7924412148 132557.4603110970
117289.4899586107 132077.2213511119
117449.7924412148 132077.2213511119
117610.0949238188 132077.2213511119
117449.7924412148 131917.1416977836
117610.0949238188 131917.1416977836
117770.3974064228 131917.1416977836
117289.4899586107 131757.0620444552
117449.7924412148 131757.0620444552
117610.0949238188 131757.0620444552
117770.3974064228 131757.0620444552
117289.4899586107 131596.9823911269
117449.7924412148 131596.9823911269
117610.0949238188 131596.9823911269
117770.3974064228 131596.9823911269
117449.7924412148 131436.9027377985
117610.0949238188 131436.9027377985
117449.7924412148 131276.8230844702
120976.4470585034 127755.0707112463
121297.0520237114 127594.9910579179
121457.3545063154 127434.9114045895
121617.6569889195 127434.9114045895
121777.9594715235 126634.5131379478
121938.2619541275 126794.5927912761
121777.9594715235 126794.5927912761
121938.2619541275 126954.6724446045
121777.9594715235 126954.6724446045
121617.6569889195 126954.6724446045
121457.3545063154 126954.6724446045
121938.2619541275 127114.7520979328
121777.9594715235 127114.7520979328
121617.6569889195 127114.7520979328
121457.3545063154 127114.7520979328
121777.9594715235 127274.8317512612
121617.6569889195 127274.8317512612
121457.3545063154 127274.8317512612
121297.0520237114 127274.8317512612
121297.0520237114 127434.9114045895

120655.8420932953 135438.8940710075
120816.1445758993 135118.7347643508
120976.4470585034 134798.5754576940
123220.6818149597 133037.6992710821
117449.7924412148 132557.4603110970
117449.7924412148 132237.3010044403
129953.3860843289 118790.6101248582
129793.0836017248 119110.7694315149
129632.7811191208 119430.9287381716
129472.4786365168 119911.1676981567
121777.9594715235 126634.5131379478
121777.9594715235 126794.5927912761
121938.2619541275 126954.6724446045
121777.9594715235 126954.6724446045
121617.6569889195 126954.6724446045
121457.3545063154 126954.6724446045
121938.2619541275 127114.7520979328
121777.9594715235 127114.7520979328
121617.6569889195 127114.7520979328
121777.9594715235 127274.8317512612
121617.6569889195 127274.8317512612
121457.3545063154 127274.8317512612
121617.6569889195 127434.9114045895
121457.3545063154 127434.9114045895
121136.7495411074 127434.9114045895
121297.0520237114 127594.9910579179
120976.4470585034 127755.0707112463
120816.1445758993 128075.2300179030
120816.1445758993 128395.3893245597
117610.0949238188 131276.8230844702
117610.0949238188 131436.9027377985
117289.4899586107 131436.9027377985
117610.0949238188 131596.9823911269
117449.7924412148 131596.9823911269
117770.3974064228 131757.0620444552
117610.0949238188 131757.0620444552
117449.7924412148 131757.0620444552
117289.4899586107 131757.0620444552
117610.0949238188 131917.1416977836
117449.7924412148 131917.1416977836

120655.8420932953 135438.8940710075
120816.1445758993 135118.7347643508
120976.4470585034 134798.5754576940
123220.6818149597 133357.8585777388
123220.6818149597 133037.6992710821
129953.3860843289 118790.6101248582
129793.0836017248 119110.7694315149
129632.7811191208 119430.9287381716
129312.1761539127 119591.0083915000
129632.7811191208 120071.2473514851
129312.1761539127 120231.3270048134
128991.5711887047 120391.4066581418
126426.7314670403 125994.1945246343
122258.8669193356 126314.3538312911
125464.9165714161 126474.4334846194
121777.9594715235 126634.5131379478
122579.4718845436 126794.5927912761
130273.9910495369 118470.4508182015
121777.9594715235 127114.7520979328
121777.9594715235 127274.8317512612
121457.3545063154 127274.8317512612
121617.6569889195 127434.9114045895
121136.7495411074 127434.9114045895
121136.7495411074 127755.0707112463
120816.1445758993 128075.2300179030
120816.1445758993 128395.3893245597
120495.5396106913 128555.4689778881
120816.1445758993 129195.7875912015
129632.7811191208 129836.1062045149
117770.3974064228 130956.6637778134
133159.4357364094 131116.7434311418
117610.0949238188 131276.8230844702
117770.3974064228 131757.0620444552
117129.1874760067 131757.0620444552
123060.3793323557 132077.2213511119
117610.0949238188 132077.2213511119
117449.7924412148 132237.3010044403
123060.3793323557 132557.4603110970
117449.7924412148 132557.4603110970
117289.4899586107 132877.6196177537

120655.8420932953 135438.8940710075
120816.1445758993 135118.7347643508
120976.4470585034 134798.5754576940
123220.6818149597 133357.8585777388
123220.6818149597 133037.6992710821
117289.4899586107 132877.6196177537
117449.7924412148 132557.4603110970
117449.7924412148 132237.3010044403
117610.0949238188 132077.2213511119
117449.7924412148 131917.1416977836
117610.0949238188 131917.1416977836
129953.3860843289 118790.6101248582
129793.0836017248 119110.7694315149
129632.7811191208 119430.9287381716
129312.1761539127 119591.0083915000
129632.7811191208 120071.2473514851
129312.1761539127 120231.3270048134
128991.5711887047 120391.4066581418
121777.9594715235 126634.5131379478
122579.4718845436 126794.5927912761
121938.2619541275 126794.5927912761
121617.6569889195 126954.6724446045
121457.3545063154 126954.6724446045
121938.2619541275 127114.7520979328
121777.9594715235 127114.7520979328
121617.6569889195 127114.7520979328
121777.9594715235 127274.8317512612
121617.6569889195 127274.8317512612
121457.3545063154 127274.8317512612
121617.6569889195 127434.9114045895
121136.7495411074 127434.9114045895
121136.7495411074 127755.0707112463
120816.1445758993 128075.2300179030
120816.1445758993 128395.3893245597
117610.0949238188 131276.8230844702
117289.4899586107 131436.9027377985
117610.0949238188 131596.9823911269
117770.3974064228 131757.0620444552
117610.0949238188 131757.0620444552
117289.4899586107 131757.0620444552

120655.8420932953 135438.8940710075
120816.1445758993 135118.7347643508
120976.4470585034 134798.5754576940
123220.6818149597 133357.8585777388
123220.6818149597 133037.6992710821
117449.7924412148 132557.4603110970
117449.7924412148 132237.3010044403
117610.0949238188 132077.2213511119
117449.7924412148 131917.1416977836
117610.0949238188 131917.1416977836
117770.3974064228 131917.1416977836
117289.4899586107 131757.0620444552
117770.3974064228 131757.0620444552
117610.0949238188 131596.9823911269
117289.4899586107 131436.9027377985
117610.0949238188 131276.8230844702
120495.5396106913 128235.3096712314
120816.1445758993 128075.2300179030
121136.7495411074 127755.0707112463
121136.7495411074 127434.9114045895
121457.3545063154 127434.9114045895
121617.6569889195 127434.9114045895
121457.3545063154 127274.8317512612
121617.6569889195 127274.8317512612
121777.9594715235 127274.8317512612
121617.6569889195 127114.7520979328
121777.9594715235 127114.7520979328
121938.2619541275 127114.7520979328
121457.3545063154 126954.6724446045
121617.6569889195 126954.6724446045
121777.9594715235 126954.6724446045
121938.2619541275 126794.5927912761
122579.4718845436 126794.5927912761
121777.9594715235 126634.5131379478
129953.3860843289 118790.6101248582
129793.0836017248 119110.7694315149
129632.7811191208 119430.9287381716
129472.4786365168 119911.1676981567
121777.9594715235 126794.5927912761
121938.2619541275 126954.6724446045

120655.8420932953 135438.8940710075
120816.1445758993 135118.7347643508
129953.3860843289 118790.6101248582
129793.0836017248 119110.7694315149
129632.7811191208 119430.9287381716
129312.1761539127 119591.0083915000
129632.7811191208 120071.2473514851
129312.1761539127 120231.3270048134
128991.5711887047 120391.4066581418
126426.7314670403 125994.1945246343
121777.9594715235 126634.5131379478
122579.4718845436 126794.5927912761
121938.2619541275 126794.5927912761
121617.6569889195 126954.6724446045
121777.9594715235 127114.7520979328
121617.6569889195 127114.7520979328
121617.6569889195 127274.8317512612
121457.3545063154 127274.8317512612
121617.6569889195 127434.9114045895
121457.3545063154 127434.9114045895
121136.7495411074 127434.9114045895
120816.1445758993 127594.9910579179
121136.7495411074 127755.0707112463
120816.1445758993 128075.2300179030
120816.1445758993 128395.3893245597
117610.0949238188 131276.8230844702
117289.4899586107 131436.9027377985
117610.0949238188 131596.9823911269
117770.3974064228 131757.0620444552
117289.4899586107 131757.0620444552
117770.3974064228 131917.1416977836
117610.0949238188 131917.1416977836
117449.7924412148 131917.1416977836
117610.0949238188 132077.2213511119
117449.7924412148 132237.3010044403
117449.7924412148 132557.4603110970
123380.9842975638 132717.5399644254
123220.6818149597 133037.6992710821
123220.6818149597 133357.8585777388
120976.4470585034 134798.5754576940

120655.8420932953 135438.8940710075
120816.1445758993 135118.7347643508
120976.4470585034 134798.5754576940
123220.6818149597 133037.6992710821
117449.7924412148 132877.6196177537
117449.7924412148 132557.4603110970
117449.7924412148 132237.3010044403
117449.7924412148 131917.1416977836
117610.0949238188 131917.1416977836
117289.4899586107 131757.0620444552
117449.7924412148 131757.0620444552
117610.0949238188 131757.0620444552
117770.3974064228 131757.0620444552
117449.7924412148 131596.9823911269
117610.0949238188 131596.9823911269
129953.3860843289 118790.6101248582
129793.0836017248 119110.7694315149
129632.7811191208 119430.9287381716
129312.1761539127 119591.0083915000
129632.7811191208 120071.2473514851
129312.1761539127 120231.3270048134
128991.5711887047 120391.4066581418
121777.9594715235 126634.5131379478
122579.4718845436 126794.5927912761
121938.2619541275 126794.5927912761
121617.6569889195 126954.6724446045
121938.2619541275 127114.7520979328
121777.9594715235 127114.7520979328
121617.6569889195 127114.7520979328
121777.9594715235 127274.8317512612
121617.6569889195 127274.8317512612
121457.3545063154 127274.8317512612
121617.6569889195 127434.9114045895
121457.3545063154 127434.9114045895
121136.7495411074 127434.9114045895
121136.7495411074 127755.0707112463
120816.1445758993 128075.2300179030
120816.1445758993 128395.3893245597
117610.0949238188 131276.8230844702
117289.4899586107 131436.9027377985

120655.8420932953 135438.8940710075
120816.1445758993 135118.7347643508
117449.7924412148 132557.4603110970
117449.7924412148 132237.3010044403
117289.4899586107 132077.2213511119
117610.0949238188 132077.2213511119
117449.7924412148 131917.1416977836
117610.0949238188 131917.1416977836
117289.4899586107 131757.0620444552
117449.7924412148 131757.0620444552
117610.0949238188 131757.0620444552
117770.3974064228 131757.0620444552
117449.7924412148 131596.9823911269
117610.0949238188 131596.9823911269
117289.4899586107 131436.9027377985
117610.0949238188 131436.9027377985
117610.0949238188 131276.8230844702
129953.3860843289 118790.6101248582
129793.0836017248 119110.7694315149
129632.7811191208 119430.9287381716
129472.4786365168 119911.1676981567
121777.9594715235 126634.5131379478
121777.9594715235 126794.5927912761
121938.2619541275 126954.6724446045
121777.9594715235 126954.6724446045
121617.6569889195 126954.6724446045
121457.3545063154 126954.6724446045
121938.2619541275 127114.7520979328
121777.9594715235 127114.7520979328
121617.6569889195 127114.7520979328
121777.9594715235 127274.8317512612
121617.6569889195 127274.8317512612
121457.3545063154 127274.8317512612
121617.6569889195 127434.9114045895
121457.3545063154 127434.9114045895
121136.7495411074 127434.9114045895
121297.0520237114 127594.9910579179
120976.4470585034 127755.0707112463
120816.1445758993 128075.2300179030
120816.1445758993 128395.3893245597

120655.8420932953 135438.8940710075
120816.1445758993 135118.7347643508
129953.3860843289 118790.6101248582
129793.0836017248 119110.7694315149
129632.7811191208 119430.9287381716
129472.4786365168 119911.1676981567
121777.9594715235 126634.5131379478
121777.9594715235 126794.5927912761
121938.2619541275 126954.6724446045
121777.9594715235 126954.6724446045
121617.6569889195 126954.6724446045
121457.3545063154 126954.6724446045
121938.2619541275 127114.7520979328
121777.9594715235 127114.7520979328
121617.6569889195 127114.7520979328
121777.9594715235 127274.8317512612
121617.6569889195 127274.8317512612
121457.3545063154 127274.8317512612
121617.6569889195 127434.9114045895
121457.3545063154 127434.9114045895
121136.7495411074 127434.9114045895
121136.7495411074 127755.0707112463
120976.4470585034 127755.0707112463
120816.1445758993 128075.2300179030
120816.1445758993 128395.3893245597
117610.0949238188 131276.8230844702
117610.0949238188 131436.9027377985
117289.4899586107 131436.9027377985
117610.0949238188 131596.9823911269
117449.7924412148 131596.9823911269
117770.3974064228 131757.0620444552
117610.0949238188 131757.0620444552
117449.7924412148 131757.0620444552
117289.4899586107 131757.0620444552
117610.0949238188 131917.1416977836
117449.7924412148 131917.1416977836
117610.0949238188 132077.2213511119
117289.4899586107 132077.2213511119
117449.7924412148 132237.3010044403
117449.7924412148 132557.4603110970

120655.8420932953 135438.8940710075
120816.1445758993 135118.7347643508
120976.4470585034 134798.5754576940
123220.6818149597 133357.8585777388
123220.6818149597 133037.6992710821
117449.7924412148 132557.4603110970
117449.7924412148 132237.3010044403
117610.0949238188 132077.2213511119
117449.7924412148 131917.1416977836
117610.0949238188 131917.1416977836
117770.3974064228 131917.1416977836
117289.4899586107 131757.0620444552
117770.3974064228 131757.0620444552
117610.0949238188 131596.9823911269
117289.4899586107 131436.9027377985
117610.0949238188 131276.8230844702
120495.5396106913 128235.3096712314
120816.1445758993 128075.2300179030
121136.7495411074 127755.0707112463
121136.7495411074 127434.9114045895
121457.3545063154 127434.9114045895
121617.6569889195 127434.9114045895
121457.3545063154 127274.8317512612
121617.6569889195 127274.8317512612
121777.9594715235 127274.8317512612
121617.6569889195 127114.7520979328
121777.9594715235 127114.7520979328
121938.2619541275 127114.7520979328
121457.3545063154 126954.6724446045
121617.6569889195 126954.6724446045
121777.9594715235 126954.6724446045
129953.3860843289 118790.6101248582
129793.0836017248 119110.7694315149
129632.7811191208 119430.9287381716
129312.1761539127 119591.0083915000
129632.7811191208 120071.2473514851
129312.1761539127 120231.3270048134
128991.5711887047 120391.4066581418
121777.9594715235 126634.5131379478
122579.4718845436 126794.5927912761

120655.8420932953 135438.8940710075
120816.1445758993 135118.7347643508
117449.7924412148 132557.4603110970
117449.7924412148 132237.3010044403
117289.4899586107 132077.2213511119
117449.7924412148 132077.2213511119
117610.0949238188 132077.2213511119
117449.7924412148 131917.1416977836
117610.0949238188 131917.1416977836
117289.4899586107 131757.0620444552
117449.7924412148 131757.0620444552
117610.0949238188 131757.0620444552
117770.3974064228 131757.0620444552
117449.7924412148 131596.9823911269
117610.0949238188 131596.9823911269
117289.4899586107 131436.9027377985
117610.0949238188 131436.9027377985
117610.0949238188 131276.8230844702
120816.1445758993 128395.3893245597
120816.1445758993 128075.2300179030
121136.7495411074 127755.0707112463
121136.7495411074 127434.9114045895
121457.3545063154 127434.9114045895
121617.6569889195 127434.9114045895
121457.3545063154 127274.8317512612
121617.6569889195 127274.8317512612
121777.9594715235 127274.8317512612
121617.6569889195 127114.7520979328
121777.9594715235 127114.7520979328
121938.2619541275 127114.7520979328
121457.3545063154 126954.6724446045
121617.6569889195 126954.6724446045
121777.9594715235 126954.6724446045
121938.2619541275 126954.6724446045
121777.9594715235 126634.5131379478
129953.3860843289 118790.6101248582
129793.0836017248 119110.7694315149
129632.7811191208 119430.9287381716
129472.4786365168 119911.1676981567
121777.9594715235 126794.5927912761

120655.8420932953 135438.8940710075
120816.1445758993 135118.7347643508
120976.4470585034 134798.5754576940
123220.6818149597 133357.8585777388
123220.6818149597 133037.6992710821
117449.7924412148 132557.4603110970
117449.7924412148 132237.3010044403
117610.0949238188 132077.2213511119
117449.7924412148 131917.1416977836
117610.0949238188 131917.1416977836
117770.3974064228 131917.1416977836
117289.4899586107 131757.0620444552
117770.3974064228 131757.0620444552
117610.0949238188 131596.9823911269
117289.4899586107 131436.9027377985
117610.0949238188 131276.8230844702
120495.5396106913 128235.3096712314
120816.1445758993 128075.2300179030
121136.7495411074 127755.0707112463
121136.7495411074 127434.9114045895
121457.3545063154 127434.9114045895
121617.6569889195 127434.9114045895
121457.3545063154 127274.8317512612
121617.6569889195 127274.8317512612
121777.9594715235 127274.8317512612
121617.6569889195 127114.7520979328
121777.9594715235 127114.7520979328
121938.2619541275 127114.7520979328
121457.3545063154 126954.6724446045
121617.6569889195 126954.6724446045
121777.9594715235 126954.6724446045
121938.2619541275 126794.5927912761
122579.4718845436 126794.5927912761
121777.9594715235 126634.5131379478
129953.3860843289 118790.6101248582
129793.0836017248 119110.7694315149
129632.7811191208 119430.9287381716
129312.1761539127 119751.0880448284
129312.1761539127 120231.3270048134
121938.2619541275 126954.6724446045

120655.8420932953 135438.8940710075
120816.1445758993 135118.7347643508
129953.3860843289 118790.6101248582
129793.0836017248 119110.7694315149
129632.7811191208 119430.9287381716
129472.4786365168 119911.1676981567
121777.9594715235 126634.5131379478
121777.9594715235 126794.5927912761
121938.2619541275 126954.6724446045
121777.9594715235 126954.6724446045
121617.6569889195 126954.6724446045
121457.3545063154 126954.6724446045
121938.2619541275 127114.7520979328
121777.9594715235 127114.7520979328
121617.6569889195 127114.7520979328
121777.9594715235 127274.8317512612
121617.6569889195 127274.8317512612
121457.3545063154 127274.8317512612
121617.6569889195 127434.9114045895
121457.3545063154 127434.9114045895
121136.7495411074 127434.9114045895
121297.0520237114 127594.9910579179
120976.4470585034 127755.0707112463
120816.1445758993 128075.2300179030
120816.1445758993 128395.3893245597
117610.0949238188 131276.8230844702
117610.0949238188 131436.9027377985
117289.4899586107 131436.9027377985
117610.0949238188 131596.9823911269
117449.7924412148 131596.9823911269
117770.3974064228 131757.0620444552
117610.0949238188 131757.0620444552
117449.7924412148 131757.0620444552
117289.4899586107 131757.0620444552
117610.0949238188 131917.1416977836
117449.7924412148 131917.1416977836
117610.0949238188 132077.2213511119
117449.7924412148 132077.2213511119
117289.4899586107 132077.2213511119
117449.7924412148 132557.4603110970

120655.8420932953 135438.8940710075
120816.1445758993 135118.7347643508
120976.4470585034 134798.5754576940
123220.6818149597 133357.8585777388
123220.6818149597 133037.6992710821
123380.9842975638 132717.5399644254
117449.7924412148 132557.4603110970
117449.7924412148 132237.3010044403
117610.0949238188 132077.2213511119
117449.7924412148 131917.1416977836
117610.0949238188 131917.1416977836
117770.3974064228 131917.1416977836
117289.4899586107 131757.0620444552
117770.3974064228 131757.0620444552
117610.0949238188 131596.9823911269
117289.4899586107 131436.9027377985
117610.0949238188 131276.8230844702
120816.1445758993 128395.3893245597
120816.1445758993 128075.2300179030
121136.7495411074 127755.0707112463
121136.7495411074 127434.9114045895
121457.3545063154 127434.9114045895
121617.6569889195 127434.9114045895
121457.3545063154 127274.8317512612
121617.6569889195 127274.8317512612
121777.9594715235 127274.8317512612
121617.6569889195 127114.7520979328
121777.9594715235 127114.7520979328
121938.2619541275 127114.7520979328
121617.6569889195 126954.6724446045
121938.2619541275 126794.5927912761
122579.4718845436 126794.5927912761
129953.3860843289 118790.6101248582
129793.0836017248 119110.7694315149
129632.7811191208 119430.9287381716
129312.1761539127 119591.0083915000
129632.7811191208 120071.2473514851
129312.1761539127 120231.3270048134
128991.5711887047 120391.4066581418
126426.7314670403 125994.1945246343

120655.8420932953 135438.8940710075
120816.1445758993 135118.7347643508
120976.4470585034 134798.5754576940
123220.6818149597 133357.8585777388
123220.6818149597 133037.6992710821
117289.4899586107 132877.6196177537
117449.7924412148 132557.4603110970
117449.7924412148 132237.3010044403
117610.0949238188 132077.2213511119
117449.7924412148 131917.1416977836
117610.0949238188 131917.1416977836
117289.4899586107 131757.0620444552
117610.0949238188 131757.0620444552
117770.3974064228 131757.0620444552
117610.0949238188 131596.9823911269
129953.3860843289 118790.6101248582
129793.0836017248 119110.7694315149
129632.7811191208 119430.9287381716
129312.1761539127 119591.0083915000
129632.7811191208 120071.2473514851
129312.1761539127 120231.3270048134
128991.5711887047 120391.4066581418
121777.9594715235 126634.5131379478
122579.4718845436 126794.5927912761
121938.2619541275 126794.5927912761
121617.6569889195 126954.6724446045
121938.2619541275 127114.7520979328
121777.9594715235 127114.7520979328
121617.6569889195 127114.7520979328
121777.9594715235 127274.8317512612
121617.6569889195 127274.8317512612
121457.3545063154 127274.8317512612
121617.6569889195 127434.9114045895
121457.3545063154 127434.9114045895
121136.7495411074 127434.9114045895
121136.7495411074 127755.0707112463
120816.1445758993 128075.2300179030
120816.1445758993 128395.3893245597
117610.0949238188 131276.8230844702
117289.4899586107 131436.9027377985

120655.8420932953 135438.8940710075
120816.1445758993 135118.7347643508
117449.7924412148 132557.4603110970
117449.7924412148 132237.3010044403
117289.4899586107 132077.2213511119
117449.7924412148 132077.2213511119
117610.0949238188 132077.2213511119
117449.7924412148 131917.1416977836
117610.0949238188 131917.1416977836
117289.4899586107 131757.0620444552
117449.7924412148 131757.0620444552
117610.0949238188 131757.0620444552
117770.3974064228 131757.0620444552
117449.7924412148 131596.9823911269
117610.0949238188 131596.9823911269
117770.3974064228 131596.9823911269
117289.4899586107 131436.9027377985
117610.0949238188 131436.9027377985
117610.0949238188 131276.8230844702
120816.1445758993 128075.2300179030
120976.4470585034 127755.0707112463
121297.0520237114 127594.9910579179
121457.3545063154 127594.9910579179
121457.3545063154 127434.9114045895
121617.6569889195 127434.9114045895
121297.0520237114 127274.8317512612
121457.3545063154 127274.8317512612
121617.6569889195 127274.8317512612
121777.9594715235 127274.8317512612
121617.6569889195 127114.7520979328
121777.9594715235 127114.7520979328
121938.2619541275 127114.7520979328
121457.3545063154 126954.6724446045
121617.6569889195 126954.6724446045
121777.9594715235 126954.6724446045
121938.2619541275 126954.6724446045
121777.9594715235 126794.5927912761
121777.9594715235 126634.5131379478
129793.0836017248 119110.7694315149
121938.2619541275 126794.5927912761

120655.8420932953 135438.8940710075
120816.1445758993 135118.7347643508
129793.0836017248 119110.7694315149
129632.7811191208 119430.9287381716
121777.9594715235 126634.5131379478
121777.9594715235 126794.5927912761
121938.2619541275 126954.6724446045
121777.9594715235 126954.6724446045
121617.6569889195 126954.6724446045
121457.3545063154 126954.6724446045
121938.2619541275 127114.7520979328
121777.9594715235 127114.7520979328
121617.6569889195 127114.7520979328
121777.9594715235 127274.8317512612
121617.6569889195 127274.8317512612
121457.3545063154 127274.8317512612
121297.0520237114 127274.8317512612
121617.6569889195 127434.9114045895
121457.3545063154 127434.9114045895
121457.3545063154 127594.9910579179
121297.0520237114 127594.9910579179
120976.4470585034 127755.0707112463
120816.1445758993 128075.2300179030
117610.0949238188 131276.8230844702
117610.0949238188 131436.9027377985
117289.4899586107 131436.9027377985
117770.3974064228 131596.9823911269
117610.0949238188 131596.9823911269
117449.7924412148 131596.9823911269
117770.3974064228 131757.0620444552
117610.0949238188 131757.0620444552
117449.7924412148 131757.0620444552
117289.4899586107 131757.0620444552
117610.0949238188 131917.1416977836
117449.7924412148 131917.1416977836
117610.0949238188 132077.2213511119
117449.7924412148 132077.2213511119
117289.4899586107 132077.2213511119
117449.7924412148 132237.3010044403
117449.7924412148 132557.4603110970

120655.8420932953 135438.8940710075
120816.1445758993 135118.7347643508
120976.4470585034 134798.5754576940
123220.6818149597 133357.8585777388
123220.6818149597 133037.6992710821
117289.4899586107 132877.6196177537
117449.7924412148 132557.4603110970
117449.7924412148 132237.3010044403
117610.0949238188 132077.2213511119
117449.7924412148 131917.1416977836
117610.0949238188 131917.1416977836
117289.4899586107 131757.0620444552
117610.0949238188 131757.0620444552
117770.3974064228 131757.0620444552
117610.0949238188 131596.9823911269
129953.3860843289 118790.6101248582
129793.0836017248 119110.7694315149
129632.7811191208 119430.9287381716
129312.1761539127 119591.0083915000
129632.7811191208 120071.2473514851
129312.1761539127 120231.3270048134
128991.5711887047 120391.4066581418
126426.7314670403 125994.1945246343
122258.8669193356 126314.3538312911
121777.9594715235 126634.5131379478
122579.4718845436 126794.5927912761
121938.2619541275 126794.5927912761
121617.6569889195 126954.6724446045
121938.2619541275 127114.7520979328
121777.9594715235 127114.7520979328
121617.6569889195 127114.7520979328
121617.6569889195 127274.8317512612
121457.3545063154 127274.8317512612
121617.6569889195 127434.9114045895
121457.3545063154 127434.9114045895
121136.7495411074 127434.9114045895
121136.7495411074 127755.0707112463
120816.1445758993 128075.2300179030
120816.1445758993 128395.3893245597
117610.0949238188 131276.8230844702

120655.8420932953 135438.8940710075
120816.1445758993 135118.7347643508
120976.4470585034 134798.5754576940
123220.6818149597 133357.8585777388
123220.6818149597 133037.6992710821
117289.4899586107 132877.6196177537
117449.7924412148 132557.4603110970
117449.7924412148 132237.3010044403
117610.0949238188 132077.2213511119
117449.7924412148 131917.1416977836
117610.0949238188 131917.1416977836
117289.4899586107 131757.0620444552
117610.0949238188 131757.0620444552
117770.3974064228 131757.0620444552
117610.0949238188 131596.9823911269
129953.3860843289 118790.6101248582
129793.0836017248 119110.7694315149
129632.7811191208 119430.9287381716
129312.1761539127 119591.0083915000
129632.7811191208 120071.2473514851
129312.1761539127 120231.3270048134
128991.5711887047 120391.4066581418
126426.7314670403 125994.1945246343
121777.9594715235 126634.5131379478
122579.4718845436 126794.5927912761
121938.2619541275 126794.5927912761
121617.6569889195 126954.6724446045
121938.2619541275 127114.7520979328
121777.9594715235 127114.7520979328
121617.6569889195 127114.7520979328
121777.9594715235 127274.8317512612
121617.6569889195 127274.8317512612
121457.3545063154 127274.8317512612
121617.6569889195 127434.9114045895
121457.3545063154 127434.9114045895
121136.7495411074 127434.9114045895
121136.7495411074 127755.0707112463
120816.1445758993 128075.2300179030
120816.1445758993 128395.3893245597
117610.0949238188 131276.8230844702

120655.8420932953 135438.8940710075
120816.1445758993 135118.7347643508
120976.4470585034 134798.5754576940
123220.6818149597 133357.8585777388
123220.6818149597 133037.6992710821
117449.7924412148 132557.4603110970
117449.7924412148 132237.3010044403
117610.0949238188 132077.2213511119
117449.7924412148 131917.1416977836
117610.0949238188 131917.1416977836
117770.3974064228 131917.1416977836
117289.4899586107 131757.0620444552
117610.0949238188 131757.0620444552
117770.3974064228 131757.0620444552
117610.0949238188 131596.9823911269
117289.4899586107 131436.9027377985
117610.0949238188 131276.8230844702
120816.1445758993 128395.3893245597
120816.1445758993 128075.2300179030
121136.7495411074 127755.0707112463
121136.7495411074 127434.9114045895
121457.3545063154 127434.9114045895
121617.6569889195 127434.9114045895
121457.3545063154 127274.8317512612
121617.6569889195 127274.8317512612
121777.9594715235 127274.8317512612
121617.6569889195 127114.7520979328
121777.9594715235 127114.7520979328
121938.2619541275 127114.7520979328
121617.6569889195 126954.6724446045
121938.2619541275 126794.5927912761
122579.4718845436 126794.5927912761
129953.3860843289 118790.6101248582
129793.0836017248 119110.7694315149
129632.7811191208 119430.9287381716
129312.1761539127 119591.0083915000
129632.7811191208 120071.2473514851
129312.1761539127 120231.3270048134
128991.5711887047 120391.4066581418
126426.7314670403 125994.1945246343

120655.8420932953 135438.8940710075
120816.1445758993 135118.7347643508
120976.4470585034 134798.5754576940
123220.6818149597 133357.8585777388
123220.6818149597 133037.6992710821
117449.7924412148 132877.6196177537
117449.7924412148 132557.4603110970
117449.7924412148 132237.3010044403
117610.0949238188 132077.2213511119
117449.7924412148 131917.1416977836
117610.0949238188 131917.1416977836
117289.4899586107 131757.0620444552
117610.0949238188 131757.0620444552
117770.3974064228 131757.0620444552
129953.3860843289 118790.6101248582
129793.0836017248 119110.7694315149
129632.7811191208 119430.9287381716
129312.1761539127 119591.0083915000
129632.7811191208 120071.2473514851
129312.1761539127 120231.3270048134
128991.5711887047 120391.4066581418
121777.9594715235 126634.5131379478
122579.4718845436 126794.5927912761
121938.2619541275 126794.5927912761
121617.6569889195 126954.6724446045
121938.2619541275 127114.7520979328
121777.9594715235 127114.7520979328
121617.6569889195 127114.7520979328
121777.9594715235 127274.8317512612
121617.6569889195 127274.8317512612
121457.3545063154 127274.8317512612
121617.6569889195 127434.9114045895
121457.3545063154 127434.9114045895
121136.7495411074 127434.9114045895
121136.7495411074 127755.0707112463
120816.1445758993 128075.2300179030
120816.1445758993 128395.3893245597
117610.0949238188 131276.8230844702
117289.4899586107 131436.9027377985
117610.0949238188 131596.9823911269

120655.8420932953 135438.8940710075
120816.1445758993 135118.7347643508
120976.4470585034 134798.5754576940
129953.3860843289 118790.6101248582
129793.0836017248 119110.7694315149
129632.7811191208 119430.9287381716
129312.1761539127 119591.0083915000
129632.7811191208 120071.2473514851
129312.1761539127 120231.3270048134
128991.5711887047 120391.4066581418
126426.7314670403 125994.1945246343
122258.8669193356 126314.3538312911
125464.9165714161 126474.4334846194
121777.9594715235 126634.5131379478
122579.4718845436 126794.5927912761
121938.2619541275 127114.7520979328
121777.9594715235 127114.7520979328
121777.9594715235 127274.8317512612
121457.3545063154 127274.8317512612
121617.6569889195 127434.9114045895
121136.7495411074 127434.9114045895
121136.7495411074 127755.0707112463
120816.1445758993 128075.2300179030
120816.1445758993 128395.3893245597
120495.5396106913 128555.4689778881
121457.3545063154 134158.2568443806
129632.7811191208 129836.1062045149
117770.3974064228 130956.6637778134
133159.4357364094 131116.7434311418
117610.0949238188 131276.8230844702
117770.3974064228 131757.0620444552
117129.1874760067 131757.0620444552
123060.3793323557 132077.2213511119
117610.0949238188 132077.2213511119
117449.7924412148 132237.3010044403
123060.3793323557 132557.4603110970
117449.7924412148 132557.4603110970
117289.4899586107 132877.6196177537
123220.6818149597 133037.6992710821
123220.6818149597 133357.8585777388

120655.8420932953 135438.8940710075
120816.1445758993 135118.7347643508
120976.4470585034 134798.5754576940
123220.6818149597 133357.8585777388
123220.6818149597 133037.6992710821
117449.7924412148 132557.4603110970
117449.7924412148 132237.3010044403
117610.0949238188 132077.2213511119
117449.7924412148 131917.1416977836
117610.0949238188 131917.1416977836
117770.3974064228 131917.1416977836
117289.4899586107 131757.0620444552
117610.0949238188 131757.0620444552
117770.3974064228 131757.0620444552
117610.0949238188 131596.9823911269
117289.4899586107 131436.9027377985
117610.0949238188 131276.8230844702
120816.1445758993 128395.3893245597
120816.1445758993 128075.2300179030
129953.3860843289 118790.6101248582
129793.0836017248 119110.7694315149
129632.7811191208 119430.9287381716
129312.1761539127 119751.0880448284
129312.1761539127 120231.3270048134
121777.9594715235 126634.5131379478
122579.4718845436 126794.5927912761
121938.2619541275 126954.6724446045
121777.9594715235 126954.6724446045
121617.6569889195 126954.6724446045
121457.3545063154 126954.6724446045
121938.2619541275 127114.7520979328
121777.9594715235 127114.7520979328
121617.6569889195 127114.7520979328
121777.9594715235 127274.8317512612
121617.6569889195 127274.8317512612
121457.3545063154 127274.8317512612
121617.6569889195 127434.9114045895
121457.3545063154 127434.9114045895
121136.7495411074 127434.9114045895
121136.7495411074 127755.0707112463

120655.8420932953 135438.8940710075
120816.1445758993 135118.7347643508
120976.4470585034 134798.5754576940
123220.6818149597 133357.8585777388
123220.6818149597 133037.6992710821
129953.3860843289 118790.6101248582
129793.0836017248 119110.7694315149
129632.7811191208 119430.9287381716
129312.1761539127 119591.0083915000
129632.7811191208 120071.2473514851
129312.1761539127 120231.3270048134
128991.5711887047 120391.4066581418
128670.9662234966 120871.6456181269
130434.2935321409 123753.0793780373
126426.7314670403 125994.1945246343
125464.9165714161 126474.4334846194
121777.9594715235 126634.5131379478
122579.4718845436 126794.5927912761
121938.2619541275 127114.7520979328
121777.9594715235 127114.7520979328
131075.5034625570 123432.9200713806
121457.3545063154 127274.8317512612
121617.6569889195 127434.9114045895
121136.7495411074 127434.9114045895
121136.7495411074 127755.0707112463
120816.1445758993 128075.2300179030
120816.1445758993 128395.3893245597
120495.5396106913 128555.4689778881
120816.1445758993 129195.7875912015
117770.3974064228 130956.6637778134
133159.4357364094 131116.7434311418
117610.0949238188 131276.8230844702
117770.3974064228 131757.0620444552
117129.1874760067 131757.0620444552
123060.3793323557 132077.2213511119
117610.0949238188 132077.2213511119
117449.7924412148 132237.3010044403
123060.3793323557 132557.4603110970
117449.7924412148 132557.4603110970
117289.4899586107 132877.6196177537

120655.8420932953 135438.8940710075
120816.1445758993 135118.7347643508
120976.4470585034 134798.5754576940
123220.6818149597 133037.6992710821
117449.7924412148 132877.6196177537
117449.7924412148 132557.4603110970
117449.7924412148 132237.3010044403
117449.7924412148 131917.1416977836
117610.0949238188 131917.1416977836
117289.4899586107 131757.0620444552
117449.7924412148 131757.0620444552
117610.0949238188 131757.0620444552
117770.3974064228 131757.0620444552
129953.3860843289 118790.6101248582
129793.0836017248 119110.7694315149
129632.7811191208 119430.9287381716
129312.1761539127 119591.0083915000
129632.7811191208 120071.2473514851
129312.1761539127 120231.3270048134
128991.5711887047 120391.4066581418
121777.9594715235 126634.5131379478
122579.4718845436 126794.5927912761
121938.2619541275 126794.5927912761
121617.6569889195 126954.6724446045
121938.2619541275 127114.7520979328
121777.9594715235 127114.7520979328
121617.6569889195 127114.7520979328
121777.9594715235 127274.8317512612
121617.6569889195 127274.8317512612
121457.3545063154 127274.8317512612
121617.6569889195 127434.9114045895
121457.3545063154 127434.9114045895
121136.7495411074 127434.9114045895
121136.7495411074 127755.0707112463
120816.1445758993 128075.2300179030
120816.1445758993 128395.3893245597
120495.5396106913 128555.4689778881
117610.0949238188 131276.8230844702
117289.4899586107 131436.9027377985
117610.0949238188 131596.9823911269

120655.8420932953 135438.8940710075
120816.1445758993 135118.7347643508
129793.0836017248 119110.7694315149
129632.7811191208 119430.9287381716
121777.9594715235 126634.5131379478
121777.9594715235 126794.5927912761
121938.2619541275 126954.6724446045
121777.9594715235 126954.6724446045
121617.6569889195 126954.6724446045
121457.3545063154 126954.6724446045
121938.2619541275 127114.7520979328
121777.9594715235 127114.7520979328
121617.6569889195 127114.7520979328
121777.9594715235 127274.8317512612
121617.6569889195 127274.8317512612
121457.3545063154 127274.8317512612
121297.0520237114 127274.8317512612
121617.6569889195 127434.9114045895
121457.3545063154 127434.9114045895
121457.3545063154 127594.9910579179
121297.0520237114 127594.9910579179
120976.4470585034 127755.0707112463
120816.1445758993 128075.2300179030
117610.0949238188 131276.8230844702
117610.0949238188 131436.9027377985
117289.4899586107 131436.9027377985
117610.0949238188 131596.9823911269
117449.7924412148 131596.9823911269
117770.3974064228 131757.0620444552
117610.0949238188 131757.0620444552
117449.7924412148 131757.0620444552
117289.4899586107 131757.0620444552
117770.3974064228 131917.1416977836
117610.0949238188 131917.1416977836
117449.7924412148 131917.1416977836
117610.0949238188 132077.2213511119
129632.7811191208 119911.1676981567
117289.4899586107 132077.2213511119
117449.7924412148 132237.3010044403
117449.7924412148 132557.4603110970

120655.8420932953 135438.8940710075
120976.4470585034 135278.8144176791
120816.1445758993 135118.7347643508
117289.4899586107 132397.3806577687
121777.9594715235 126634.5131379478
121938.2619541275 126794.5927912761
121777.9594715235 126794.5927912761
121938.2619541275 126954.6724446045
121777.9594715235 126954.6724446045
121617.6569889195 126954.6724446045
121457.3545063154 126954.6724446045
121938.2619541275 127114.7520979328
121777.9594715235 127114.7520979328
121617.6569889195 127114.7520979328
121457.3545063154 127114.7520979328
121938.2619541275 127274.8317512612
121777.9594715235 127274.8317512612
121617.6569889195 127274.8317512612
121457.3545063154 127274.8317512612
121297.0520237114 127274.8317512612
121617.6569889195 127434.9114045895
121457.3545063154 127434.9114045895
121297.0520237114 127594.9910579179
120976.4470585034 127755.0707112463
117610.0949238188 131276.8230844702
117610.0949238188 131436.9027377985
117289.4899586107 131436.9027377985
117770.3974064228 131596.9823911269
117610.0949238188 131596.9823911269
117449.7924412148 131596.9823911269
117770.3974064228 131757.0620444552
117610.0949238188 131757.0620444552
117449.7924412148 131757.0620444552
117289.4899586107 131757.0620444552
117770.3974064228 131917.1416977836
117610.0949238188 131917.1416977836
117449.7924412148 131917.1416977836
117610.0949238188 132077.2213511119
117449.7924412148 132077.2213511119
117289.4899586107 132077.2213511119

120655.8420932953 135438.8940710075
120816.1445758993 135118.7347643508
117449.7924412148 132557.4603110970
121777.9594715235 126634.5131379478
121938.2619541275 126794.5927912761
121777.9594715235 126794.5927912761
121938.2619541275 126954.6724446045
121777.9594715235 126954.6724446045
121617.6569889195 126954.6724446045
121457.3545063154 126954.6724446045
121938.2619541275 127114.7520979328
121777.9594715235 127114.7520979328
121617.6569889195 127114.7520979328
121457.3545063154 127114.7520979328
121938.2619541275 127274.8317512612
121777.9594715235 127274.8317512612
121617.6569889195 127274.8317512612
121457.3545063154 127274.8317512612
121297.0520237114 127274.8317512612
121617.6569889195 127434.9114045895
121457.3545063154 127434.9114045895
121297.0520237114 127594.9910579179
120976.4470585034 127755.0707112463
120816.1445758993 128075.2300179030
117610.0949238188 131276.8230844702
117610.0949238188 131436.9027377985
117289.4899586107 131436.9027377985
117770.3974064228 131596.9823911269
117610.0949238188 131596.9823911269
117449.7924412148 131596.9823911269
117770.3974064228 131757.0620444552
117610.0949238188 131757.0620444552
117449.7924412148 131757.0620444552
117289.4899586107 131757.0620444552
117770.3974064228 131917.1416977836
117610.0949238188 131917.1416977836
117449.7924412148 131917.1416977836
117610.0949238188 132077.2213511119
117449.7924412148 132077.2213511119
117289.4899586107 132077.2213511119

120816.1445758993 135118.7347643508
117449.7924412148 132237.3010044403
117289.4899586107 132077.2213511119
117449.7924412148 132077.2213511119
117610.0949238188 132077.2213511119
121297.0520237114 126954.6724446045
117449.7924412148 131917.1416977836
117610.0949238188 131917.1416977836
117770.3974064228 131917.1416977836
117289.4899586107 131757.0620444552
117449.7924412148 131757.0620444552
117610.0949238188 131757.0620444552
117770.3974064228 131757.0620444552
117289.4899586107 131596.9823911269
117449.7924412148 131596.9823911269
117610.0949238188 131596.9823911269
117770.3974064228 131596.9823911269
117449.7924412148 131436.9027377985
117610.0949238188 131436.9027377985
117449.7924412148 131276.8230844702
121136.7495411074 127594.9910579179
121297.0520237114 127594.9910579179
121297.0520237114 127434.9114045895
121457.3545063154 127434.9114045895
121617.6569889195 127434.9114045895
121297.0520237114 127274.8317512612
121457.3545063154 127274.8317512612
121617.6569889195 127274.8317512612
121777.9594715235 127274.8317512612
121457.3545063154 127114.7520979328
121617.6569889195 127114.7520979328
121777.9594715235 127114.7520979328
121938.2619541275 127114.7520979328
121457.3545063154 126954.6724446045
121617.6569889195 126954.6724446045
121777.9594715235 126954.6724446045
121938.2619541275 126954.6724446045
121777.9594715235 126794.5927912761
121938.2619541275 126794.5927912761
121777.9594715235 126634.5131379478

120655.8420932953 135438.8940710075
120816.1445758993 135118.7347643508
117449.7924412148 132557.4603110970
117449.7924412148 132237.3010044403
117289.4899586107 132077.2213511119
117449.7924412148 132077.2213511119
117610.0949238188 132077.2213511119
117449.7924412148 131917.1416977836
117610.0949238188 131917.1416977836
117770.3974064228 131917.1416977836
117289.4899586107 131757.0620444552
117449.7924412148 131757.0620444552
117610.0949238188 131757.0620444552
117770.3974064228 131757.0620444552
117449.7924412148 131596.9823911269
117610.0949238188 131596.9823911269
117289.4899586107 131436.9027377985
117610.0949238188 131436.9027377985
117610.0949238188 131276.8230844702
120816.1445758993 128075.2300179030
120976.4470585034 127755.0707112463
121297.0520237114 127594.9910579179
121457.3545063154 127594.9910579179
121457.3545063154 127434.9114045895
121617.6569889195 127434.9114045895
121297.0520237114 127274.8317512612
121457.3545063154 127274.8317512612
121617.6569889195 127274.8317512612
121777.9594715235 127274.8317512612
121617.6569889195 127114.7520979328
121777.9594715235 127114.7520979328
121938.2619541275 127114.7520979328
121457.3545063154 126954.6724446045
121617.6569889195 126954.6724446045
121777.9594715235 126954.6724446045
121938.2619541275 126954.6724446045
121777.9594715235 126794.5927912761
121777.9594715235 126634.5131379478
129793.0836017248 119110.7694315149
121457.3545063154 127114.7520979328

120655.8420932953 135438.8940710075
120816.1445758993 135118.7347643508
120976.4470585034 134798.5754576940
123220.6818149597 133037.6992710821
117449.7924412148 132877.6196177537
117449.7924412148 132557.4603110970
117449.7924412148 132237.3010044403
117610.0949238188 132077.2213511119
117449.7924412148 131917.1416977836
117610.0949238188 131917.1416977836
117289.4899586107 131757.0620444552
117610.0949238188 131757.0620444552
117770.3974064228 131757.0620444552
117610.0949238188 131596.9823911269
129953.3860843289 118790.6101248582
129793.0836017248 119110.7694315149
129632.7811191208 119430.9287381716
129312.1761539127 119751.0880448284
129312.1761539127 120231.3270048134
121777.9594715235 126634.5131379478
121938.2619541275 126954.6724446045
121777.9594715235 126954.6724446045
121617.6569889195 126954.6724446045
121457.3545063154 126954.6724446045
121938.2619541275 127114.7520979328
121777.9594715235 127114.7520979328
121617.6569889195 127114.7520979328
121777.9594715235 127274.8317512612
121617.6569889195 127274.8317512612
121457.3545063154 127274.8317512612
121617.6569889195 127434.9114045895
121457.3545063154 127434.9114045895
121136.7495411074 127434.9114045895
121136.7495411074 127755.0707112463
120816.1445758993 128075.2300179030
120816.1445758993 128395.3893245597
117610.0949238188 131276.8230844702
117610.0949238188 131436.9027377985
117289.4899586107 131436.9027377985
117449.7924412148 131596.9823911269

120655.8420932953 135438.8940710075
120816.1445758993 135118.7347643508
120976.4470585034 134798.5754576940
123220.6818149597 133037.6992710821
117449.7924412148 132877.6196177537
117449.7924412148 132557.4603110970
117449.7924412148 132237.3010044403
117610.0949238188 132077.2213511119
117449.7924412148 131917.1416977836
117610.0949238188 131917.1416977836
117289.4899586107 131757.0620444552
117610.0949238188 131757.0620444552
117770.3974064228 131757.0620444552
117610.0949238188 131596.9823911269
117289.4899586107 131436.9027377985
117610.0949238188 131436.9027377985
129953.3860843289 118790.6101248582
129793.0836017248 119110.7694315149
129632.7811191208 119430.9287381716
129312.1761539127 119751.0880448284
129312.1761539127 120231.3270048134
121777.9594715235 126634.5131379478
122579.4718845436 126794.5927912761
121938.2619541275 126954.6724446045
121777.9594715235 126954.6724446045
121617.6569889195 126954.6724446045
121457.3545063154 126954.6724446045
121938.2619541275 127114.7520979328
121777.9594715235 127114.7520979328
121617.6569889195 127114.7520979328
121777.9594715235 127274.8317512612
121617.6569889195 127274.8317512612
121457.3545063154 127274.8317512612
121617.6569889195 127434.9114045895
121457.3545063154 127434.9114045895
121136.7495411074 127434.9114045895
121136.7495411074 127755.0707112463
120816.1445758993 128075.2300179030
120816.1445758993 128395.3893245597
117610.0949238188 131276.8230844702

120816.1445758993 135118.7347643508
121777.9594715235 126634.5131379478
121938.2619541275 126794.5927912761
121777.9594715235 126794.5927912761
121938.2619541275 126954.6724446045
121777.9594715235 126954.6724446045
121617.6569889195 126954.6724446045
121457.3545063154 126954.6724446045
121938.2619541275 127114.7520979328
121777.9594715235 127114.7520979328
121617.6569889195 127114.7520979328
121457.3545063154 127114.7520979328
121777.9594715235 127274.8317512612
121617.6569889195 127274.8317512612
121457.3545063154 127274.8317512612
121297.0520237114 127274.8317512612
121617.6569889195 127434.9114045895
121457.3545063154 127434.9114045895
121457.3545063154 127594.9910579179
121297.0520237114 127594.9910579179
120976.4470585034 127755.0707112463
120816.1445758993 128075.2300179030
117610.0949238188 131276.8230844702
117610.0949238188 131436.9027377985
117289.4899586107 131436.9027377985
117770.3974064228 131596.9823911269
117610.0949238188 131596.9823911269
117449.7924412148 131596.9823911269
117770.3974064228 131757.0620444552
117610.0949238188 131757.0620444552
117449.7924412148 131757.0620444552
117289.4899586107 131757.0620444552
117770.3974064228 131917.1416977836
117610.0949238188 131917.1416977836
117449.7924412148 131917.1416977836
117610.0949238188 132077.2213511119
117449.7924412148 132077.2213511119
117289.4899586107 132077.2213511119
117449.7924412148 132237.3010044403
117449.7924412148 132557.4603110970

120655.8420932953 135438.8940710075
120816.1445758993 135118.7347643508
120976.4470585034 134798.5754576940
123220.6818149597 133037.6992710821
117449.7924412148 132877.6196177537
117449.7924412148 132557.4603110970
117449.7924412148 132237.3010044403
117610.0949238188 132077.2213511119
117449.7924412148 131917.1416977836
117610.0949238188 131917.1416977836
117289.4899586107 131757.0620444552
117610.0949238188 131757.0620444552
117770.3974064228 131757.0620444552
117610.0949238188 131596.9823911269
117289.4899586107 131436.9027377985
117610.0949238188 131436.9027377985
129953.3860843289 118790.6101248582
129793.0836017248 119110.7694315149
129632.7811191208 119430.9287381716
129312.1761539127 119591.0083915000
129632.7811191208 120071.2473514851
129312.1761539127 120231.3270048134
128991.5711887047 120391.4066581418
121777.9594715235 126634.5131379478
122579.4718845436 126794.5927912761
121938.2619541275 126794.5927912761
121617.6569889195 126954.6724446045
121938.2619541275 127114.7520979328
121777.9594715235 127114.7520979328
121617.6569889195 127114.7520979328
121777.9594715235 127274.8317512612
121617.6569889195 127274.8317512612
121457.3545063154 127274.8317512612
121617.6569889195 127434.9114045895
121457.3545063154 127434.9114045895
121136.7495411074 127434.9114045895
121136.7495411074 127755.0707112463
120816.1445758993 128075.2300179030
120816.1445758993 128395.3893245597
117610.0949238188 131276.8230844702

120655.8420932953 135438.8940710075
120816.1445758993 135118.7347643508
117449.7924412148 132557.4603110970
117449.7924412148 132237.3010044403
121777.9594715235 126634.5131379478
121938.2619541275 126794.5927912761
121777.9594715235 126794.5927912761
121938.2619541275 126954.6724446045
121777.9594715235 126954.6724446045
121617.6569889195 126954.6724446045
121457.3545063154 126954.6724446045
121938.2619541275 127114.7520979328
121777.9594715235 127114.7520979328
121617.6569889195 127114.7520979328
121457.3545063154 127114.7520979328
121938.2619541275 127274.8317512612
121777.9594715235 127274.8317512612
121617.6569889195 127274.8317512612
121457.3545063154 127274.8317512612
121297.0520237114 127274.8317512612
121617.6569889195 127434.9114045895
121457.3545063154 127434.9114045895
121297.0520237114 127594.9910579179
120976.4470585034 127755.0707112463
117610.0949238188 131276.8230844702
117610.0949238188 131436.9027377985
117289.4899586107 131436.9027377985
117770.3974064228 131596.9823911269
117610.0949238188 131596.9823911269
117449.7924412148 131596.9823911269
117770.3974064228 131757.0620444552
117610.0949238188 131757.0620444552
117449.7924412148 131757.0620444552
117289.4899586107 131757.0620444552
117770.3974064228 131917.1416977836
117610.0949238188 131917.1416977836
117449.7924412148 131917.1416977836
117610.0949238188 132077.2213511119
117449.7924412148 132077.2213511119
117289.4899586107 132077.2213511119

120655.8420932953 135438.8940710075
120816.1445758993 135118.7347643508
121777.9594715235 126634.5131379478
121938.2619541275 126794.5927912761
121777.9594715235 126794.5927912761
121938.2619541275 126954.6724446045
121777.9594715235 126954.6724446045
121617.6569889195 126954.6724446045
121457.3545063154 126954.6724446045
121938.2619541275 127114.7520979328
121777.9594715235 127114.7520979328
121617.6569889195 127114.7520979328
121457.3545063154 127114.7520979328
121938.2619541275 127274.8317512612
121777.9594715235 127274.8317512612
121617.6569889195 127274.8317512612
121457.3545063154 127274.8317512612
121297.0520237114 127274.8317512612
121617.6569889195 127434.9114045895
121457.3545063154 127434.9114045895
121297.0520237114 127594.9910579179
120976.4470585034 127755.0707112463
117449.7924412148 131276.8230844702
117610.0949238188 131436.9027377985
117449.7924412148 131436.9027377985
117770.3974064228 131596.9823911269
117610.0949238188 131596.9823911269
117449.7924412148 131596.9823911269
117289.4899586107 131596.9823911269
117770.3974064228 131757.0620444552
117610.0949238188 131757.0620444552
117449.7924412148 131757.0620444552
117289.4899586107 131757.0620444552
117770.3974064228 131917.1416977836
117610.0949238188 131917.1416977836
117449.7924412148 131917.1416977836
117289.4899586107 131917.1416977836
117610.0949238188 132077.2213511119
117449.7924412148 132077.2213511119
117289.4899586107 132077.2213511119

120655.8420932953 135438.8940710075
120816.1445758993 135118.7347643508
120976.4470585034 134798.5754576940
123220.6818149597 133037.6992710821
117449.7924412148 132877.6196177537
117449.7924412148 132557.4603110970
117449.7924412148 132237.3010044403
117449.7924412148 131917.1416977836
117610.0949238188 131917.1416977836
117289.4899586107 131757.0620444552
117449.7924412148 131757.0620444552
117610.0949238188 131757.0620444552
117770.3974064228 131757.0620444552
117449.7924412148 131596.9823911269
117610.0949238188 131596.9823911269
117289.4899586107 131436.9027377985
129953.3860843289 118790.6101248582
129793.0836017248 119110.7694315149
129632.7811191208 119430.9287381716
129312.1761539127 119751.0880448284
129312.1761539127 120231.3270048134
121777.9594715235 126634.5131379478
122579.4718845436 126794.5927912761
121938.2619541275 126954.6724446045
121777.9594715235 126954.6724446045
121617.6569889195 126954.6724446045
121457.3545063154 126954.6724446045
121938.2619541275 127114.7520979328
121777.9594715235 127114.7520979328
121617.6569889195 127114.7520979328
121777.9594715235 127274.8317512612
121617.6569889195 127274.8317512612
121457.3545063154 127274.8317512612
121617.6569889195 127434.9114045895
121457.3545063154 127434.9114045895
121136.7495411074 127434.9114045895
121136.7495411074 127755.0707112463
120816.1445758993 128075.2300179030
120816.1445758993 128395.3893245597
117610.0949238188 131276.8230844702

120655.8420932953 135438.8940710075
120816.1445758993 135118.7347643508
117449.7924412148 132557.4603110970
121777.9594715235 126634.5131379478
121938.2619541275 126794.5927912761
121777.9594715235 126794.5927912761
121938.2619541275 126954.6724446045
121777.9594715235 126954.6724446045
121617.6569889195 126954.6724446045
121457.3545063154 126954.6724446045
121938.2619541275 127114.7520979328
121777.9594715235 127114.7520979328
121617.6569889195 127114.7520979328
121457.3545063154 127114.7520979328
121938.2619541275 127274.8317512612
121777.9594715235 127274.8317512612
121617.6569889195 127274.8317512612
121457.3545063154 127274.8317512612
121297.0520237114 127274.8317512612
121617.6569889195 127434.9114045895
121457.3545063154 127434.9114045895
121297.0520237114 127594.9910579179
120976.4470585034 127755.0707112463
117449.7924412148 131276.8230844702
117610.0949238188 131436.9027377985
117449.7924412148 131436.9027377985
117770.3974064228 131596.9823911269
117610.0949238188 131596.9823911269
117449.7924412148 131596.9823911269
117289.4899586107 131596.9823911269
117770.3974064228 131757.0620444552
117610.0949238188 131757.0620444552
117449.7924412148 131757.0620444552
117289.4899586107 131757.0620444552
117770.3974064228 131917.1416977836
117610.0949238188 131917.1416977836
117449.7924412148 131917.1416977836
117610.0949238188 132077.2213511119
117449.7924412148 132077.2213511119
117289.4899586107 132077.2213511119

120655.8420932953 135438.8940710075
120816.1445758993 135118.7347643508
121777.9594715235 126634.5131379478
121938.2619541275 126794.5927912761
121777.9594715235 126794.5927912761
121938.2619541275 126954.6724446045
121777.9594715235 126954.6724446045
121617.6569889195 126954.6724446045
121457.3545063154 126954.6724446045
121938.2619541275 127114.7520979328
121777.9594715235 127114.7520979328
121617.6569889195 127114.7520979328
121457.3545063154 127114.7520979328
121938.2619541275 127274.8317512612
121777.9594715235 127274.8317512612
121617.6569889195 127274.8317512612
121457.3545063154 127274.8317512612
121297.0520237114 127274.8317512612
121617.6569889195 127434.9114045895
121457.3545063154 127434.9114045895
121297.0520237114 127594.9910579179
120976.4470585034 127755.0707112463
117449.7924412148 131276.8230844702
117610.0949238188 131436.9027377985
117449.7924412148 131436.9027377985
117770.3974064228 131596.9823911269
117610.0949238188 131596.9823911269
117449.7924412148 131596.9823911269
117289.4899586107 131596.9823911269
117770.3974064228 131757.0620444552
117610.0949238188 131757.0620444552
117449.7924412148 131757.0620444552
117289.4899586107 131757.0620444552
117770.3974064228 131917.1416977836
117610.0949238188 131917.1416977836
117449.7924412148 131917.1416977836
117610.0949238188 132077.2213511119
117449.7924412148 132077.2213511119
117289.4899586107 132077.2213511119
117449.7924412148 132237.3010044403

120655.8420932953 135438.8940710075
120816.1445758993 135118.7347643508
123220.6818149597 133037.6992710821
117449.7924412148 132557.4603110970
129953.3860843289 118790.6101248582
129793.0836017248 119110.7694315149
129632.7811191208 119430.9287381716
129312.1761539127 119751.0880448284
129312.1761539127 120231.3270048134
121777.9594715235 126634.5131379478
121938.2619541275 126954.6724446045
121777.9594715235 126954.6724446045
121617.6569889195 126954.6724446045
121457.3545063154 126954.6724446045
121938.2619541275 127114.7520979328
121777.9594715235 127114.7520979328
121617.6569889195 127114.7520979328
121777.9594715235 127274.8317512612
121617.6569889195 127274.8317512612
121457.3545063154 127274.8317512612
121617.6569889195 127434.9114045895
121457.3545063154 127434.9114045895
121136.7495411074 127434.9114045895
121136.7495411074 127755.0707112463
120816.1445758993 128075.2300179030
120816.1445758993 128395.3893245597
117610.0949238188 131276.8230844702
117610.0949238188 131436.9027377985
117289.4899586107 131436.9027377985
117610.0949238188 131596.9823911269
117449.7924412148 131596.9823911269
117770.3974064228 131757.0620444552
117610.0949238188 131757.0620444552
117449.7924412148 131757.0620444552
117289.4899586107 131757.0620444552
117610.0949238188 131917.1416977836
117449.7924412148 131917.1416977836
117610.0949238188 132077.2213511119
117449.7924412148 132077.2213511119
117289.4899586107 132077.2213511119

120655.8420932953 135438.8940710075
120976.4470585034 135278.8144176791
120816.1445758993 135118.7347643508
117289.4899586107 132397.3806577687
121777.9594715235 126634.5131379478
121938.2619541275 126794.5927912761
121777.9594715235 126794.5927912761
121938.2619541275 126954.6724446045
121777.9594715235 126954.6724446045
121617.6569889195 126954.6724446045
121457.3545063154 126954.6724446045
121938.2619541275 127114.7520979328
121777.9594715235 127114.7520979328
121617.6569889195 127114.7520979328
121457.3545063154 127114.7520979328
121777.9594715235 127274.8317512612
121617.6569889195 127274.8317512612
121457.3545063154 127274.8317512612
121297.0520237114 127274.8317512612
121617.6569889195 127434.9114045895
121457.3545063154 127434.9114045895
121297.0520237114 127594.9910579179
120976.4470585034 127755.0707112463
117449.7924412148 131276.8230844702
117610.0949238188 131436.9027377985
117449.7924412148 131436.9027377985
117770.3974064228 131596.9823911269
117610.0949238188 131596.9823911269
117449.7924412148 131596.9823911269
117289.4899586107 131596.9823911269
117770.3974064228 131757.0620444552
117610.0949238188 131757.0620444552
117449.7924412148 131757.0620444552
117289.4899586107 131757.0620444552
117770.3974064228 131917.1416977836
117610.0949238188 131917.1416977836
117449.7924412148 131917.1416977836
117610.0949238188 132077.2213511119
117449.7924412148 132077.2213511119
117289.4899586107 132077.2213511119

120655.8420932953 135438.8940710075
120816.1445758993 135118.7347643508
120976.4470585034 134798.5754576940
123220.6818149597 133037.6992710821
117449.7924412148 132877.6196177537
117449.7924412148 132557.4603110970
117449.7924412148 132237.3010044403
117449.7924412148 131917.1416977836
117610.0949238188 131917.1416977836
117289.4899586107 131757.0620444552
117449.7924412148 131757.0620444552
117610.0949238188 131757.0620444552
117770.3974064228 131757.0620444552
117449.7924412148 131596.9823911269
117610.0949238188 131596.9823911269
117289.4899586107 131436.9027377985
117610.0949238188 131436.9027377985
117610.0949238188 131276.8230844702
129953.3860843289 118790.6101248582
129793.0836017248 119110.7694315149
129632.7811191208 119430.9287381716
129312.1761539127 119591.0083915000
129632.7811191208 120071.2473514851
129312.1761539127 120231.3270048134
128991.5711887047 120391.4066581418
126426.7314670403 125994.1945246343
121777.9594715235 126634.5131379478
122579.4718845436 126794.5927912761
121617.6569889195 126954.6724446045
121938.2619541275 127114.7520979328
121777.9594715235 127114.7520979328
121777.9594715235 127274.8317512612
121457.3545063154 127274.8317512612
121617.6569889195 127434.9114045895
121136.7495411074 127434.9114045895
121136.7495411074 127755.0707112463
120816.1445758993 128075.2300179030
120816.1445758993 128395.3893245597
120495.5396106913 128555.4689778881
117770.3974064228 130956.6637778134

120655.8420932953 135438.8940710075
120816.1445758993 135118.7347643508
120976.4470585034 134798.5754576940
123060.3793323557 133517.9382310671
123220.6818149597 133037.6992710821
117289.4899586107 132877.6196177537
117449.7924412148 132557.4603110970
123060.3793323557 132557.4603110970
117449.7924412148 132237.3010044403
117610.0949238188 132077.2213511119
117129.1874760067 131757.0620444552
117770.3974064228 131757.0620444552
117610.0949238188 131276.8230844702
133159.4357364094 131116.7434311418
117770.3974064228 130956.6637778134
132678.5282885973 130476.4248178283
129151.8736713087 129996.1858578433
120495.5396106913 128555.4689778881
120816.1445758993 128395.3893245597
120816.1445758993 128075.2300179030
121136.7495411074 127755.0707112463
134281.5531146376 115268.8577516343
134602.1580798457 115749.0967116194
134281.5531146376 116709.5746315896
133640.3431842215 116869.6542849179
133480.0407016175 117189.8135915746
130915.2009799530 118630.5304715299
132838.8307712013 118950.6897781866
129793.0836017248 118950.6897781866
132197.6208407852 119911.1676981567
129472.4786365168 119911.1676981567
128991.5711887047 120391.4066581418
129632.7811191208 121191.8049247836
128510.6637408926 121191.8049247836
126907.6389148524 121351.8845781119
129151.8736713087 122152.2828447537
126266.4289844362 123272.8404180522
125304.6140888121 123592.9997247090
129472.4786365168 123913.1590313657
125945.8240192282 125513.9555646493

120655.8420932953 135438.8940710075
120816.1445758993 135118.7347643508
117449.7924412148 132557.4603110970
117449.7924412148 132237.3010044403
117289.4899586107 132077.2213511119
117449.7924412148 132077.2213511119
117610.0949238188 132077.2213511119
117449.7924412148 131917.1416977836
117610.0949238188 131917.1416977836
121777.9594715235 126634.5131379478
121938.2619541275 126794.5927912761
121777.9594715235 126794.5927912761
121938.2619541275 126954.6724446045
121777.9594715235 126954.6724446045
121617.6569889195 126954.6724446045
121457.3545063154 126954.6724446045
121938.2619541275 127114.7520979328
121777.9594715235 127114.7520979328
121617.6569889195 127114.7520979328
121457.3545063154 127114.7520979328
121938.2619541275 127274.8317512612
121777.9594715235 127274.8317512612
121617.6569889195 127274.8317512612
121457.3545063154 127274.8317512612
121297.0520237114 127274.8317512612
121617.6569889195 127434.9114045895
121457.3545063154 127434.9114045895
121297.0520237114 127434.9114045895
121297.0520237114 127594.9910579179
121136.7495411074 127594.9910579179
117610.0949238188 131436.9027377985
117449.7924412148 131436.9027377985
117289.4899586107 131436.9027377985
117770.3974064228 131596.9823911269
117610.0949238188 131596.9823911269
117449.7924412148 131596.9823911269
117770.3974064228 131757.0620444552
117610.0949238188 131757.0620444552
117449.7924412148 131757.0620444552
117289.4899586107 131757.0620444552

120655.8420932953 135438.8940710075
120816.1445758993 135118.7347643508
121777.9594715235 126634.5131379478
121938.2619541275 126794.5927912761
121777.9594715235 126794.5927912761
121938.2619541275 126954.6724446045
121777.9594715235 126954.6724446045
121617.6569889195 126954.6724446045
121457.3545063154 126954.6724446045
121938.2619541275 127114.7520979328
121777.9594715235 127114.7520979328
121617.6569889195 127114.7520979328
121457.3545063154 127114.7520979328
121777.9594715235 127274.8317512612
121617.6569889195 127274.8317512612
121457.3545063154 127274.8317512612
121297.0520237114 127274.8317512612
121617.6569889195 127434.9114045895
121457.3545063154 127434.9114045895
121297.0520237114 127434.9114045895
121297.0520237114 127594.9910579179
121136.7495411074 127594.9910579179
117449.7924412148 131276.8230844702
117610.0949238188 131436.9027377985
117449.7924412148 131436.9027377985
117770.3974064228 131596.9823911269
117610.0949238188 131596.9823911269
117449.7924412148 131596.9823911269
117289.4899586107 131596.9823911269
117770.3974064228 131757.0620444552
117610.0949238188 131757.0620444552
117449.7924412148 131757.0620444552
117289.4899586107 131757.0620444552
117610.0949238188 131917.1416977836
117449.7924412148 131917.1416977836
117610.0949238188 132077.2213511119
117449.7924412148 132077.2213511119
117289.4899586107 132077.2213511119
117449.7924412148 132237.3010044403
117449.7924412148 132557.4603110970

120655.8420932953 135438.8940710075
120816.1445758993 135118.7347643508
117449.7924412148 132557.4603110970
117449.7924412148 132237.3010044403
121777.9594715235 126634.5131379478
121938.2619541275 126794.5927912761
121777.9594715235 126794.5927912761
121617.6569889195 126794.5927912761
121938.2619541275 126954.6724446045
121777.9594715235 126954.6724446045
121617.6569889195 126954.6724446045
121457.3545063154 126954.6724446045
121938.2619541275 127114.7520979328
121777.9594715235 127114.7520979328
121617.6569889195 127114.7520979328
121457.3545063154 127114.7520979328
121777.9594715235 127274.8317512612
121617.6569889195 127274.8317512612
121457.3545063154 127274.8317512612
121297.0520237114 127274.8317512612
121617.6569889195 127434.9114045895
121457.3545063154 127434.9114045895
121297.0520237114 127594.9910579179
120976.4470585034 127755.0707112463
117610.0949238188 131276.8230844702
117610.0949238188 131436.9027377985
117289.4899586107 131436.9027377985
117770.3974064228 131596.9823911269
117610.0949238188 131596.9823911269
117449.7924412148 131596.9823911269
117770.3974064228 131757.0620444552
117610.0949238188 131757.0620444552
117449.7924412148 131757.0620444552
117289.4899586107 131757.0620444552
117770.3974064228 131917.1416977836
117610.0949238188 131917.1416977836
117449.7924412148 131917.1416977836
117610.0949238188 132077.2213511119
117449.7924412148 132077.2213511119
117289.4899586107 132077.2213511119

120655.8420932953 135438.8940710075
120816.1445758993 135118.7347643508
117449.7924412148 132557.4603110970
117449.7924412148 132237.3010044403
117289.4899586107 132077.2213511119
117449.7924412148 132077.2213511119
117610.0949238188 132077.2213511119
117449.7924412148 131917.1416977836
117610.0949238188 131917.1416977836
117289.4899586107 131757.0620444552
117449.7924412148 131757.0620444552
117610.0949238188 131757.0620444552
117770.3974064228 131757.0620444552
117289.4899586107 131596.9823911269
117449.7924412148 131596.9823911269
117610.0949238188 131596.9823911269
117770.3974064228 131596.9823911269
117449.7924412148 131436.9027377985
117610.0949238188 131436.9027377985
117449.7924412148 131276.8230844702
120976.4470585034 127755.0707112463
121297.0520237114 127594.9910579179
121457.3545063154 127434.9114045895
121617.6569889195 127434.9114045895
121297.0520237114 127274.8317512612
121457.3545063154 127274.8317512612
121617.6569889195 127274.8317512612
121777.9594715235 127274.8317512612
121457.3545063154 127114.7520979328
121617.6569889195 127114.7520979328
121777.9594715235 127114.7520979328
121938.2619541275 127114.7520979328
121777.9594715235 126634.5131379478
121938.2619541275 126794.5927912761
121777.9594715235 126794.5927912761
121938.2619541275 126954.6724446045
121777.9594715235 126954.6724446045
121617.6569889195 126954.6724446045
121457.3545063154 126954.6724446045
121297.0520237114 127434.9114045895

120655.8420932953 135438.8940710075
120976.4470585034 135278.8144176791
120816.1445758993 135118.7347643508
117289.4899586107 132397.3806577687
129793.0836017248 119110.7694315149
129632.7811191208 119430.9287381716
121777.9594715235 126634.5131379478
121777.9594715235 126794.5927912761
121938.2619541275 126954.6724446045
121777.9594715235 126954.6724446045
121617.6569889195 126954.6724446045
121457.3545063154 126954.6724446045
121938.2619541275 127114.7520979328
121777.9594715235 127114.7520979328
121617.6569889195 127114.7520979328
121777.9594715235 127274.8317512612
121617.6569889195 127274.8317512612
121457.3545063154 127274.8317512612
121297.0520237114 127274.8317512612
121617.6569889195 127434.9114045895
121457.3545063154 127434.9114045895
121297.0520237114 127594.9910579179
120976.4470585034 127755.0707112463
120816.1445758993 128075.2300179030
117610.0949238188 131276.8230844702
117610.0949238188 131436.9027377985
117289.4899586107 131436.9027377985
117770.3974064228 131596.9823911269
117610.0949238188 131596.9823911269
117449.7924412148 131596.9823911269
117770.3974064228 131757.0620444552
117610.0949238188 131757.0620444552
117449.7924412148 131757.0620444552
117289.4899586107 131757.0620444552
117770.3974064228 131917.1416977836
117610.0949238188 131917.1416977836
117449.7924412148 131917.1416977836
117610.0949238188 132077.2213511119
117449.7924412148 132077.2213511119
117289.4899586107 132077.2213511119

120655.8420932953 135438.8940710075
120816.1445758993 135118.7347643508
121777.9594715235 126634.5131379478
121938.2619541275 126794.5927912761
121777.9594715235 126794.5927912761
121617.6569889195 126794.5927912761
121938.2619541275 126954.6724446045
121777.9594715235 126954.6724446045
121617.6569889195 126954.6724446045
121457.3545063154 126954.6724446045
121938.2619541275 127114.7520979328
121777.9594715235 127114.7520979328
121617.6569889195 127114.7520979328
121457.3545063154 127114.7520979328
121777.9594715235 127274.8317512612
121617.6569889195 127274.8317512612
121457.3545063154 127274.8317512612
121297.0520237114 127274.8317512612
121617.6569889195 127434.9114045895
121457.3545063154 127434.9114045895
121297.0520237114 127594.9910579179
120976.4470585034 127755.0707112463
117449.7924412148 131276.8230844702
117610.0949238188 131436.9027377985
117449.7924412148 131436.9027377985
117770.3974064228 131596.9823911269
117610.0949238188 131596.9823911269
117449.7924412148 131596.9823911269
117289.4899586107 131596.9823911269
117770.3974064228 131757.0620444552
117610.0949238188 131757.0620444552
117449.7924412148 131757.0620444552
117289.4899586107 131757.0620444552
117610.0949238188 131917.1416977836
117449.7924412148 131917.1416977836
117610.0949238188 132077.2213511119
117449.7924412148 132077.2213511119
117289.4899586107 132077.2213511119
117449.7924412148 132237.3010044403
117449.7924412148 132557.4603110970

120655.8420932953 135438.8940710075
120976.4470585034 135278.8144176791
120816.1445758993 135118.7347643508
121777.9594715235 126634.5131379478
121938.2619541275 126794.5927912761
121777.9594715235 126794.5927912761
121938.2619541275 126954.6724446045
121777.9594715235 126954.6724446045
121617.6569889195 126954.6724446045
121457.3545063154 126954.6724446045
121938.2619541275 127114.7520979328
121777.9594715235 127114.7520979328
121617.6569889195 127114.7520979328
121457.3545063154 127114.7520979328
121777.9594715235 127274.8317512612
121617.6569889195 127274.8317512612
121457.3545063154 127274.8317512612
121297.0520237114 127274.8317512612
121617.6569889195 127434.9114045895
121457.3545063154 127434.9114045895
121457.3545063154 127594.9910579179
121297.0520237114 127594.9910579179
120976.4470585034 127755.0707112463
117610.0949238188 131276.8230844702
117610.0949238188 131436.9027377985
117289.4899586107 131436.9027377985
117770.3974064228 131596.9823911269
117610.0949238188 131596.9823911269
117449.7924412148 131596.9823911269
117770.3974064228 131757.0620444552
117610.0949238188 131757.0620444552
117449.7924412148 131757.0620444552
117289.4899586107 131757.0620444552
117770.3974064228 131917.1416977836
117610.0949238188 131917.1416977836
117449.7924412148 131917.1416977836
117610.0949238188 132077.2213511119
117449.7924412148 132077.2213511119
117289.4899586107 132077.2213511119
117289.4899586107 132397.3806577687

120655.8420932953 135438.8940710075
120976.4470585034 135278.8144176791
120816.1445758993 135118.7347643508
129793.0836017248 119110.7694315149
121777.9594715235 126634.5131379478
121938.2619541275 126794.5927912761
121777.9594715235 126794.5927912761
121938.2619541275 126954.6724446045
121777.9594715235 126954.6724446045
121617.6569889195 126954.6724446045
121457.3545063154 126954.6724446045
121938.2619541275 127114.7520979328
121777.9594715235 127114.7520979328
121617.6569889195 127114.7520979328
121777.9594715235 127274.8317512612
121617.6569889195 127274.8317512612
121457.3545063154 127274.8317512612
121297.0520237114 127274.8317512612
121617.6569889195 127434.9114045895
121457.3545063154 127434.9114045895
121297.0520237114 127594.9910579179
120976.4470585034 127755.0707112463
120816.1445758993 128075.2300179030
117610.0949238188 131276.8230844702
117610.0949238188 131436.9027377985
117289.4899586107 131436.9027377985
117770.3974064228 131596.9823911269
117610.0949238188 131596.9823911269
117449.7924412148 131596.9823911269
117770.3974064228 131757.0620444552
117610.0949238188 131757.0620444552
117449.7924412148 131757.0620444552
117289.4899586107 131757.0620444552
117770.3974064228 131917.1416977836
117610.0949238188 131917.1416977836
117449.7924412148 131917.1416977836
117610.0949238188 132077.2213511119
117449.7924412148 132077.2213511119
117289.4899586107 132077.2213511119
117289.4899586107 132397.3806577687

120655.8420932953 135438.8940710075
120976.4470585034 135278.8144176791
120816.1445758993 135118.7347643508
117289.4899586107 132397.3806577687
121777.9594715235 126634.5131379478
121938.2619541275 126794.5927912761
121777.9594715235 126794.5927912761
121938.2619541275 126954.6724446045
121777.9594715235 126954.6724446045
121617.6569889195 126954.6724446045
121457.3545063154 126954.6724446045
121938.2619541275 127114.7520979328
121777.9594715235 127114.7520979328
121617.6569889195 127114.7520979328
121938.2619541275 127274.8317512612
121777.9594715235 127274.8317512612
121617.6569889195 127274.8317512612
121457.3545063154 127274.8317512612
121297.0520237114 127274.8317512612
121617.6569889195 127434.9114045895
121457.3545063154 127434.9114045895
121297.0520237114 127594.9910579179
120976.4470585034 127755.0707112463
120816.1445758993 128075.2300179030
117610.0949238188 131276.8230844702
117610.0949238188 131436.9027377985
117289.4899586107 131436.9027377985
117770.3974064228 131596.9823911269
117610.0949238188 131596.9823911269
117449.7924412148 131596.9823911269
117770.3974064228 131757.0620444552
117610.0949238188 131757.0620444552
117449.7924412148 131757.0620444552
117289.4899586107 131757.0620444552
117770.3974064228 131917.1416977836
117610.0949238188 131917.1416977836
117449.7924412148 131917.1416977836
117610.0949238188 132077.2213511119
117449.7924412148 132077.2213511119
117289.4899586107 132077.2213511119

120655.8420932953 135438.8940710075
120816.1445758993 135118.7347643508
123220.6818149597 133037.6992710821
117449.7924412148 132557.4603110970
129953.3860843289 118790.6101248582
129793.0836017248 119110.7694315149
129632.7811191208 119430.9287381716
129312.1761539127 119591.0083915000
121777.9594715235 126634.5131379478
121777.9594715235 126794.5927912761
121938.2619541275 126954.6724446045
121777.9594715235 126954.6724446045
121617.6569889195 126954.6724446045
121457.3545063154 126954.6724446045
121938.2619541275 127114.7520979328
121777.9594715235 127114.7520979328
121617.6569889195 127114.7520979328
121777.9594715235 127274.8317512612
121617.6569889195 127274.8317512612
121457.3545063154 127274.8317512612
121617.6569889195 127434.9114045895
121457.3545063154 127434.9114045895
121136.7495411074 127434.9114045895
121136.7495411074 127755.0707112463
120816.1445758993 128075.2300179030
120816.1445758993 128395.3893245597
117610.0949238188 131276.8230844702
117610.0949238188 131436.9027377985
117289.4899586107 131436.9027377985
117610.0949238188 131596.9823911269
117449.7924412148 131596.9823911269
117770.3974064228 131757.0620444552
117610.0949238188 131757.0620444552
117449.7924412148 131757.0620444552
117289.4899586107 131757.0620444552
117610.0949238188 131917.1416977836
117449.7924412148 131917.1416977836
117610.0949238188 132077.2213511119
117449.7924412148 132077.2213511119
117289.4899586107 132077.2213511119

120816.1445758993 135118.7347643508
117289.4899586107 132077.2213511119
117449.7924412148 132077.2213511119
117610.0949238188 132077.2213511119
121777.9594715235 126634.5131379478
121938.2619541275 126794.5927912761
121777.9594715235 126794.5927912761
121938.2619541275 126954.6724446045
121777.9594715235 126954.6724446045
121617.6569889195 126954.6724446045
121457.3545063154 126954.6724446045
121938.2619541275 127114.7520979328
121777.9594715235 127114.7520979328
121617.6569889195 127114.7520979328
121457.3545063154 127114.7520979328
121938.2619541275 127274.8317512612
121777.9594715235 127274.8317512612
121617.6569889195 127274.8317512612
121457.3545063154 127274.8317512612
121297.0520237114 127274.8317512612
121617.6569889195 127434.9114045895
121457.3545063154 127434.9114045895
121297.0520237114 127434.9114045895
121297.0520237114 127594.9910579179
121136.7495411074 127594.9910579179
117610.0949238188 131436.9027377985
117449.7924412148 131436.9027377985
117289.4899586107 131436.9027377985
117770.3974064228 131596.9823911269
117610.0949238188 131596.9823911269
117449.7924412148 131596.9823911269
117289.4899586107 131596.9823911269
117770.3974064228 131757.0620444552
117610.0949238188 131757.0620444552
117449.7924412148 131757.0620444552
117289.4899586107 131757.0620444552
117770.3974064228 131917.1416977836
117610.0949238188 131917.1416977836
117449.7924412148 131917.1416977836
117449.7924412148 132237.3010044403

120655.8420932953 135438.8940710075
120816.1445758993 135118.7347643508
121777.9594715235 126634.5131379478
121938.2619541275 126794.5927912761
121777.9594715235 126794.5927912761
121938.2619541275 126954.6724446045
121777.9594715235 126954.6724446045
121617.6569889195 126954.6724446045
121457.3545063154 126954.6724446045
121938.2619541275 127114.7520979328
121777.9594715235 127114.7520979328
121617.6569889195 127114.7520979328
121457.3545063154 127114.7520979328
121938.2619541275 127274.8317512612
121777.9594715235 127274.8317512612
121617.6569889195 127274.8317512612
121457.3545063154 127274.8317512612
121297.0520237114 127274.8317512612
121617.6569889195 127434.9114045895
121457.3545063154 127434.9114045895
121297.0520237114 127434.9114045895
121297.0520237114 127594.9910579179
121136.7495411074 127594.9910579179
117610.0949238188 131436.9027377985
117449.7924412148 131436.9027377985
117289.4899586107 131436.9027377985
117770.3974064228 131596.9823911269
117610.0949238188 131596.9823911269
117449.7924412148 131596.9823911269
117770.3974064228 131757.0620444552
117610.0949238188 131757.0620444552
117449.7924412148 131757.0620444552
117289.4899586107 131757.0620444552
117770.3974064228 131917.1416977836
117610.0949238188 131917.1416977836
117449.7924412148 131917.1416977836
117610.0949238188 132077.2213511119
117449.7924412148 132077.2213511119
117289.4899586107 132077.2213511119
117449.7924412148 132237.3010044403

120655.8420932953 135438.8940710075
117449.7924412148 132237.3010044403
117289.4899586107 132077.2213511119
117449.7924412148 132077.2213511119
117610.0949238188 132077.2213511119
121777.9594715235 126634.5131379478
121938.2619541275 126794.5927912761
121777.9594715235 126794.5927912761
121938.2619541275 126954.6724446045
121777.9594715235 126954.6724446045
121617.6569889195 126954.6724446045
121457.3545063154 126954.6724446045
121938.2619541275 127114.7520979328
121777.9594715235 127114.7520979328
121617.6569889195 127114.7520979328
121457.3545063154 127114.7520979328
121938.2619541275 127274.8317512612
121777.9594715235 127274.8317512612
121617.6569889195 127274.8317512612
121457.3545063154 127274.8317512612
121297.0520237114 127274.8317512612
121617.6569889195 127434.9114045895
121457.3545063154 127434.9114045895
121297.0520237114 127434.9114045895
121297.0520237114 127594.9910579179
121136.7495411074 127594.9910579179
117610.0949238188 131436.9027377985
117449.7924412148 131436.9027377985
117770.3974064228 131596.9823911269
117610.0949238188 131596.9823911269
117449.7924412148 131596.9823911269
117289.4899586107 131596.9823911269
117770.3974064228 131757.0620444552
117610.0949238188 131757.0620444552
117449.7924412148 131757.0620444552
117289.4899586107 131757.0620444552
117770.3974064228 131917.1416977836
117610.0949238188 131917.1416977836
117449.7924412148 131917.1416977836
117289.4899586107 131917.1416977836

120655.8420932953 135438.8940710075
121777.9594715235 126634.5131379478
121938.2619541275 126794.5927912761
121777.9594715235 126794.5927912761
121938.2619541275 126954.6724446045
121777.9594715235 126954.6724446045
121617.6569889195 126954.6724446045
121457.3545063154 126954.6724446045
121938.2619541275 127114.7520979328
121777.9594715235 127114.7520979328
121617.6569889195 127114.7520979328
121457.3545063154 127114.7520979328
121938.2619541275 127274.8317512612
121777.9594715235 127274.8317512612
121617.6569889195 127274.8317512612
121457.3545063154 127274.8317512612
121297.0520237114 127274.8317512612
121617.6569889195 127434.9114045895
121457.3545063154 127434.9114045895
121297.0520237114 127434.9114045895
121297.0520237114 127594.9910579179
121136.7495411074 127594.9910579179
117610.0949238188 131436.9027377985
117449.7924412148 131436.9027377985
117289.4899586107 131436.9027377985
117770.3974064228 131596.9823911269
117610.0949238188 131596.9823911269
117449.7924412148 131596.9823911269
117289.4899586107 131596.9823911269
117770.3974064228 131757.0620444552
117610.0949238188 131757.0620444552
117449.7924412148 131757.0620444552
117289.4899586107 131757.0620444552
117770.3974064228 131917.1416977836
117610.0949238188 131917.1416977836
117449.7924412148 131917.1416977836
117610.0949238188 132077.2213511119
117449.7924412148 132077.2213511119
117289.4899586107 132077.2213511119
117449.7924412148 132237.3010044403

120655.8420932953 135438.8940710075
120816.1445758993 135118.7347643508
121777.9594715235 126634.5131379478
121938.2619541275 126794.5927912761
121777.9594715235 126794.5927912761
121938.2619541275 126954.6724446045
121777.9594715235 126954.6724446045
121617.6569889195 126954.6724446045
121457.3545063154 126954.6724446045
121938.2619541275 127114.7520979328
121777.9594715235 127114.7520979328
121617.6569889195 127114.7520979328
121457.3545063154 127114.7520979328
121938.2619541275 127274.8317512612
121777.9594715235 127274.8317512612
121617.6569889195 127274.8317512612
121457.3545063154 127274.8317512612
121297.0520237114 127274.8317512612
121617.6569889195 127434.9114045895
121457.3545063154 127434.9114045895
121297.0520237114 127434.9114045895
121297.0520237114 127594.9910579179
121136.7495411074 127594.9910579179
117610.0949238188 131436.9027377985
117449.7924412148 131436.9027377985
117289.4899586107 131436.9027377985
117770.3974064228 131596.9823911269
117610.0949238188 131596.9823911269
117449.7924412148 131596.9823911269
117289.4899586107 131596.9823911269
117770.3974064228 131757.0620444552
117610.0949238188 131757.0620444552
117449.7924412148 131757.0620444552
117289.4899586107 131757.0620444552
117770.3974064228 131917.1416977836
117610.0949238188 131917.1416977836
117449.7924412148 131917.1416977836
117610.0949238188 132077.2213511119
117449.7924412148 132077.2213511119
117289.4899586107 132077.2213511119

120655.8420932953 135438.8940710075
120816.1445758993 135118.7347643508
120976.4470585034 134798.5754576940
123060.3793323557 133517.9382310671
123220.6818149597 133037.6992710821
117289.4899586107 132877.6196177537
117449.7924412148 132557.4603110970
123060.3793323557 132557.4603110970
117449.7924412148 132237.3010044403
135403.6704928658 115428.9374049627
134602.1580798457 115749.0967116194
132037.3183581812 117029.7339382463
132037.3183581812 117349.8932449030
130915.2009799530 118630.5304715299
132838.8307712013 118950.6897781866
129793.0836017248 118950.6897781866
129632.7811191208 119270.8490848433
132037.3183581812 119911.1676981567
129472.4786365168 119911.1676981567
128991.5711887047 120391.4066581418
128350.3612582886 120551.4863114702
129472.4786365168 121992.2031914254
129151.8736713087 122152.2828447537
126266.4289844362 123272.8404180522
129472.4786365168 123913.1590313657
126106.1265018322 124393.3979913508
128029.7562930805 124873.6369513358
126907.6389148524 126474.4334846194
128991.5711887047 126634.5131379478
128670.9662234966 126794.5927912761
123701.5892627718 126954.6724446045
122098.5644367315 127114.7520979328
120655.8420932953 128875.6282845448
123541.2867801678 129355.8672445299
122098.5644367315 129355.8672445299
123380.9842975638 129676.0265511866
117930.6998890268 131116.7434311418
128029.7562930805 131276.8230844702
133159.4357364094 131436.9027377985
120335.2371280872 131436.9027377985

120816.1445758993 135118.7347643508
117289.4899586107 132077.2213511119
117449.7924412148 132077.2213511119
117610.0949238188 132077.2213511119
121777.9594715235 126634.5131379478
121938.2619541275 126794.5927912761
121777.9594715235 126794.5927912761
121938.2619541275 126954.6724446045
121777.9594715235 126954.6724446045
121617.6569889195 126954.6724446045
121457.3545063154 126954.6724446045
121938.2619541275 127114.7520979328
121777.9594715235 127114.7520979328
121617.6569889195 127114.7520979328
121457.3545063154 127114.7520979328
121938.2619541275 127274.8317512612
121777.9594715235 127274.8317512612
121617.6569889195 127274.8317512612
121457.3545063154 127274.8317512612
121297.0520237114 127274.8317512612
121617.6569889195 127434.9114045895
121457.3545063154 127434.9114045895
121297.0520237114 127434.9114045895
121297.0520237114 127594.9910579179
121136.7495411074 127594.9910579179
117610.0949238188 131436.9027377985
117449.7924412148 131436.9027377985
117289.4899586107 131436.9027377985
117770.3974064228 131596.9823911269
117610.0949238188 131596.9823911269
117449.7924412148 131596.9823911269
117289.4899586107 131596.9823911269
117770.3974064228 131757.0620444552
117610.0949238188 131757.0620444552
117449.7924412148 131757.0620444552
117289.4899586107 131757.0620444552
117770.3974064228 131917.1416977836
117610.0949238188 131917.1416977836
117449.7924412148 131917.1416977836
117289.4899586107 131917.1416977836

120014.6321628792 135438.8940710075
120655.8420932953 135438.8940710075
120816.1445758993 135118.7347643508
120976.4470585034 134798.5754576940
123220.6818149597 133037.6992710821
117449.7924412148 132557.4603110970
135403.6704928658 115428.9374049627
134602.1580798457 115749.0967116194
132037.3183581812 117029.7339382463
132037.3183581812 117349.8932449030
130915.2009799530 118630.5304715299
132838.8307712013 118950.6897781866
129793.0836017248 118950.6897781866
129632.7811191208 119270.8490848433
132037.3183581812 119911.1676981567
129472.4786365168 119911.1676981567
128991.5711887047 120391.4066581418
128350.3612582886 120551.4863114702
128510.6637408926 121031.7252714552
129472.4786365168 121992.2031914254
129151.8736713087 122152.2828447537
126266.4289844362 123272.8404180522
129472.4786365168 123913.1590313657
126106.1265018322 124393.3979913508
128029.7562930805 124873.6369513358
126907.6389148524 126474.4334846194
128991.5711887047 126634.5131379478
128670.9662234966 126794.5927912761
123701.5892627718 126954.6724446045
122098.5644367315 127114.7520979328
120655.8420932953 128875.6282845448
122098.5644367315 129355.8672445299
123380.9842975638 129676.0265511866
117930.6998890268 131116.7434311418
128029.7562930805 131276.8230844702
133159.4357364094 131436.9027377985
120335.2371280872 131436.9027377985
130915.2009799530 131596.9823911269
123380.9842975638 131596.9823911269
117770.3974064228 131917.1416977836

120816.1445758993 135118.7347643508
121777.9594715235 126634.5131379478
121938.2619541275 126794.5927912761
121777.9594715235 126794.5927912761
121938.2619541275 126954.6724446045
121777.9594715235 126954.6724446045
121617.6569889195 126954.6724446045
121457.3545063154 126954.6724446045
121938.2619541275 127114.7520979328
121777.9594715235 127114.7520979328
121617.6569889195 127114.7520979328
121457.3545063154 127114.7520979328
121938.2619541275 127274.8317512612
121777.9594715235 127274.8317512612
121617.6569889195 127274.8317512612
121457.3545063154 127274.8317512612
121297.0520237114 127274.8317512612
121617.6569889195 127434.9114045895
121457.3545063154 127434.9114045895
121297.0520237114 127434.9114045895
121297.0520237114 127594.9910579179
121136.7495411074 127594.9910579179
117610.0949238188 131436.9027377985
117449.7924412148 131436.9027377985
117770.3974064228 131596.9823911269
117610.0949238188 131596.9823911269
117449.7924412148 131596.9823911269
117289.4899586107 131596.9823911269
117770.3974064228 131757.0620444552
117610.0949238188 131757.0620444552
117449.7924412148 131757.0620444552
117289.4899586107 131757.0620444552
117770.3974064228 131917.1416977836
117610.0949238188 131917.1416977836
117449.7924412148 131917.1416977836
117289.4899586107 131917.1416977836
117610.0949238188 132077.2213511119
117449.7924412148 132077.2213511119
117289.4899586107 132077.2213511119
117449.7924412148 132237.3010044403

120655.8420932953 135438.8940710075
120816.1445758993 135118.7347643508
120976.4470585034 134798.5754576940
135403.6704928658 115428.9374049627
134602.1580798457 115749.0967116194
132037.3183581812 117029.7339382463
132037.3183581812 117349.8932449030
130915.2009799530 118630.5304715299
132838.8307712013 118950.6897781866
129793.0836017248 118950.6897781866
129632.7811191208 119270.8490848433
132037.3183581812 119911.1676981567
129472.4786365168 119911.1676981567
128991.5711887047 120391.4066581418
128350.3612582886 120551.4863114702
128510.6637408926 121031.7252714552
129472.4786365168 121992.2031914254
129151.8736713087 122152.2828447537
126266.4289844362 123272.8404180522
129472.4786365168 123913.1590313657
126106.1265018322 124393.3979913508
128029.7562930805 124873.6369513358
126907.6389148524 126474.4334846194
128991.5711887047 126634.5131379478
128670.9662234966 126794.5927912761
123701.5892627718 126954.6724446045
122098.5644367315 127114.7520979328
120655.8420932953 128875.6282845448
122098.5644367315 129355.8672445299
123380.9842975638 129676.0265511866
117930.6998890268 131116.7434311418
128029.7562930805 131276.8230844702
133159.4357364094 131436.9027377985
120335.2371280872 131436.9027377985
130915.2009799530 131596.9823911269
123380.9842975638 131596.9823911269
117770.3974064228 131917.1416977836
120174.9346454832 132077.2213511119
126106.1265018322 132717.5399644254
119213.1197498590 133197.7789244105

120655.8420932953 135438.8940710075
121777.9594715235 126634.5131379478
121938.2619541275 126794.5927912761
121777.9594715235 126794.5927912761
121938.2619541275 126954.6724446045
121777.9594715235 126954.6724446045
121617.6569889195 126954.6724446045
121457.3545063154 126954.6724446045
121938.2619541275 127114.7520979328
121777.9594715235 127114.7520979328
121617.6569889195 127114.7520979328
121457.3545063154 127114.7520979328
121938.2619541275 127274.8317512612
121777.9594715235 127274.8317512612
121617.6569889195 127274.8317512612
121457.3545063154 127274.8317512612
121297.0520237114 127274.8317512612
121617.6569889195 127434.9114045895
121457.3545063154 127434.9114045895
121297.0520237114 127434.9114045895
121297.0520237114 127594.9910579179
121136.7495411074 127594.9910579179
117610.0949238188 131436.9027377985
117449.7924412148 131436.9027377985
117289.4899586107 131436.9027377985
117770.3974064228 131596.9823911269
117610.0949238188 131596.9823911269
117449.7924412148 131596.9823911269
117289.4899586107 131596.9823911269
117770.3974064228 131757.0620444552
117610.0949238188 131757.0620444552
117449.7924412148 131757.0620444552
117289.4899586107 131757.0620444552
117770.3974064228 131917.1416977836
117610.0949238188 131917.1416977836
117449.7924412148 131917.1416977836
117289.4899586107 131917.1416977836
117610.0949238188 132077.2213511119
117449.7924412148 132077.2213511119
117289.4899586107 132077.2213511119

121777.9594715235 126634.5131379478
121938.2619541275 126794.5927912761
121777.9594715235 126794.5927912761
121938.2619541275 126954.6724446045
121777.9594715235 126954.6724446045
121617.6569889195 126954.6724446045
121457.3545063154 126954.6724446045
121938.2619541275 127114.7520979328
121777.9594715235 127114.7520979328
121617.6569889195 127114.7520979328
121457.3545063154 127114.7520979328
121938.2619541275 127274.8317512612
121777.9594715235 127274.8317512612
121617.6569889195 127274.8317512612
121457.3545063154 127274.8317512612
121297.0520237114 127274.8317512612
121617.6569889195 127434.9114045895
121457.3545063154 127434.9114045895
121297.0520237114 127434.9114045895
121297.0520237114 127594.9910579179
121136.7495411074 127594.9910579179
117610.0949238188 131436.9027377985
117449.7924412148 131436.9027377985
117289.4899586107 131436.9027377985
117770.3974064228 131596.9823911269
117610.0949238188 131596.9823911269
117449.7924412148 131596.9823911269
117289.4899586107 131596.9823911269
117770.3974064228 131757.0620444552
117610.0949238188 131757.0620444552
117449.7924412148 131757.0620444552
117289.4899586107 131757.0620444552
117770.3974064228 131917.1416977836
117610.0949238188 131917.1416977836
117449.7924412148 131917.1416977836
117289.4899586107 131917.1416977836
117610.0949238188 132077.2213511119
117449.7924412148 132077.2213511119
117289.4899586107 132077.2213511119
117449.7924412148 132237.3010044403

120495.5396106913 134958.6551110224
118732.2123020470 134798.5754576940
119213.1197498590 133197.7789244105
126106.1265018322 132717.5399644254
120174.9346454832 132077.2213511119
121136.7495411074 134958.6551110224
130915.2009799530 131596.9823911269
120335.2371280872 131436.9027377985
123380.9842975638 131596.9823911269
133159.4357364094 131436.9027377985
126106.1265018322 124393.3979913508
117930.6998890268 131116.7434311418
134602.1580798457 115749.0967116194
132838.8307712013 118950.6897781866
123380.9842975638 129676.0265511866
122098.5644367315 129355.8672445299
128029.7562930805 131276.8230844702
132037.3183581812 119911.1676981567
122098.5644367315 127114.7520979328
128670.9662234966 126794.5927912761
128991.5711887047 126634.5131379478
123701.5892627718 126954.6724446045
129472.4786365168 123913.1590313657
128029.7562930805 124873.6369513358
126907.6389148524 126474.4334846194
126266.4289844362 123272.8404180522
129151.8736713087 122152.2828447537
135403.6704928658 115428.9374049627
129472.4786365168 121992.2031914254
128510.6637408926 121031.7252714552
117770.3974064228 131917.1416977836
128350.3612582886 120551.4863114702
128991.5711887047 120391.4066581418
120655.8420932953 128875.6282845448
129472.4786365168 119911.1676981567
129632.7811191208 119270.8490848433
129793.0836017248 118950.6897781866
130915.2009799530 118630.5304715299
132037.3183581812 117349.8932449030
132037.3183581812 117029.7339382463

120655.8420932953 135438.8940710075
120816.1445758993 135118.7347643508
121777.9594715235 126634.5131379478
121938.2619541275 126794.5927912761
121777.9594715235 126794.5927912761
121938.2619541275 126954.6724446045
121777.9594715235 126954.6724446045
121617.6569889195 126954.6724446045
121457.3545063154 126954.6724446045
121938.2619541275 127114.7520979328
121777.9594715235 127114.7520979328
121617.6569889195 127114.7520979328
121457.3545063154 127114.7520979328
121777.9594715235 127274.8317512612
121617.6569889195 127274.8317512612
121457.3545063154 127274.8317512612
121297.0520237114 127274.8317512612
121617.6569889195 127434.9114045895
121457.3545063154 127434.9114045895
121297.0520237114 127594.9910579179
120976.4470585034 127755.0707112463
120816.1445758993 128075.2300179030
117610.0949238188 131276.8230844702
117610.0949238188 131436.9027377985
117289.4899586107 131436.9027377985
117770.3974064228 131596.9823911269
117610.0949238188 131596.9823911269
117449.7924412148 131596.9823911269
117770.3974064228 131757.0620444552
117610.0949238188 131757.0620444552
117449.7924412148 131757.0620444552
117289.4899586107 131757.0620444552
117770.3974064228 131917.1416977836
117610.0949238188 131917.1416977836
117449.7924412148 131917.1416977836
117610.0949238188 132077.2213511119
117449.7924412148 132077.2213511119
117289.4899586107 132077.2213511119
117449.7924412148 132237.3010044403
117449.7924412148 132557.4603110970

120655.8420932953 135438.8940710075
120816.1445758993 135118.7347643508
117449.7924412148 132557.4603110970
117449.7924412148 132237.3010044403
121777.9594715235 126634.5131379478
121938.2619541275 126794.5927912761
121777.9594715235 126794.5927912761
121938.2619541275 126954.6724446045
121777.9594715235 126954.6724446045
121617.6569889195 126954.6724446045
121457.3545063154 126954.6724446045
121938.2619541275 127114.7520979328
121777.9594715235 127114.7520979328
121617.6569889195 127114.7520979328
121457.3545063154 127114.7520979328
121777.9594715235 127274.8317512612
121617.6569889195 127274.8317512612
121457.3545063154 127274.8317512612
121297.0520237114 127274.8317512612
121617.6569889195 127434.9114045895
121457.3545063154 127434.9114045895
121457.3545063154 127594.9910579179
121297.0520237114 127594.9910579179
120976.4470585034 127755.0707112463
117610.0949238188 131276.8230844702
117610.0949238188 131436.9027377985
117289.4899586107 131436.9027377985
117770.3974064228 131596.9823911269
117610.0949238188 131596.9823911269
117449.7924412148 131596.9823911269
117770.3974064228 131757.0620444552
117610.0949238188 131757.0620444552
117449.7924412148 131757.0620444552
117289.4899586107 131757.0620444552
117770.3974064228 131917.1416977836
117610.0949238188 131917.1416977836
117449.7924412148 131917.1416977836
117610.0949238188 132077.2213511119
117449.7924412148 132077.2213511119
117289.4899586107 132077.2213511119

120655.8420932953 135438.8940710075
120816.1445758993 135118.7347643508
117449.7924412148 132557.4603110970
121777.9594715235 126634.5131379478
121938.2619541275 126794.5927912761
121777.9594715235 126794.5927912761
121938.2619541275 126954.6724446045
121777.9594715235 126954.6724446045
121617.6569889195 126954.6724446045
121457.3545063154 126954.6724446045
121938.2619541275 127114.7520979328
121777.9594715235 127114.7520979328
121617.6569889195 127114.7520979328
121938.2619541275 127274.8317512612
121777.9594715235 127274.8317512612
121617.6569889195 127274.8317512612
121457.3545063154 127274.8317512612
121297.0520237114 127274.8317512612
121617.6569889195 127434.9114045895
121457.3545063154 127434.9114045895
121457.3545063154 127594.9910579179
121297.0520237114 127594.9910579179
120976.4470585034 127755.0707112463
120816.1445758993 128075.2300179030
117610.0949238188 131276.8230844702
117610.0949238188 131436.9027377985
117289.4899586107 131436.9027377985
117610.0949238188 131596.9823911269
117449.7924412148 131596.9823911269
117770.3974064228 131757.0620444552
117610.0949238188 131757.0620444552
117449.7924412148 131757.0620444552
117289.4899586107 131757.0620444552
117770.3974064228 131917.1416977836
117610.0949238188 131917.1416977836
117449.7924412148 131917.1416977836
117610.0949238188 132077.2213511119
117449.7924412148 132077.2213511119
117289.4899586107 132077.2213511119
117449.7924412148 132237.3010044403

121777.9594715235 126634.5131379478
121938.2619541275 126794.5927912761
121777.9594715235 126794.5927912761
121457.3545063154 126794.5927912761
121938.2619541275 126954.6724446045
121777.9594715235 126954.6724446045
121617.6569889195 126954.6724446045
121457.3545063154 126954.6724446045
121938.2619541275 127114.7520979328
121777.9594715235 127114.7520979328
121617.6569889195 127114.7520979328
121457.3545063154 127114.7520979328
121777.9594715235 127274.8317512612
121617.6569889195 127274.8317512612
121457.3545063154 127274.8317512612
121297.0520237114 127274.8317512612
121617.6569889195 127434.9114045895
121457.3545063154 127434.9114045895
121297.0520237114 127434.9114045895
121297.0520237114 127594.9910579179
121136.7495411074 127594.9910579179
117610.0949238188 131436.9027377985
117449.7924412148 131436.9027377985
117289.4899586107 131436.9027377985
117770.3974064228 131596.9823911269
117610.0949238188 131596.9823911269
117449.7924412148 131596.9823911269
117289.4899586107 131596.9823911269
117770.3974064228 131757.0620444552
117610.0949238188 131757.0620444552
117449.7924412148 131757.0620444552
117289.4899586107 131757.0620444552
117770.3974064228 131917.1416977836
117610.0949238188 131917.1416977836
117449.7924412148 131917.1416977836
117289.4899586107 131917.1416977836
117610.0949238188 132077.2213511119
117449.7924412148 132077.2213511119
117289.4899586107 132077.2213511119
117449.7924412148 132237.3010044403

120816.1445758993 135118.7347643508
117449.7924412148 132237.3010044403
117289.4899586107 132077.2213511119
117449.7924412148 132077.2213511119
117610.0949238188 132077.2213511119
121777.9594715235 126634.5131379478
121938.2619541275 126794.5927912761
121777.9594715235 126794.5927912761
121938.2619541275 126954.6724446045
121777.9594715235 126954.6724446045
121617.6569889195 126954.6724446045
121457.3545063154 126954.6724446045
121938.2619541275 127114.7520979328
121777.9594715235 127114.7520979328
121617.6569889195 127114.7520979328
121457.3545063154 127114.7520979328
121777.9594715235 127274.8317512612
121617.6569889195 127274.8317512612
121457.3545063154 127274.8317512612
121297.0520237114 127274.8317512612
121617.6569889195 127434.9114045895
121457.3545063154 127434.9114045895
121297.0520237114 127434.9114045895
121297.0520237114 127594.9910579179
121136.7495411074 127594.9910579179
117610.0949238188 131436.9027377985
117449.7924412148 131436.9027377985
117289.4899586107 131436.9027377985
117770.3974064228 131596.9823911269
117610.0949238188 131596.9823911269
117449.7924412148 131596.9823911269
117289.4899586107 131596.9823911269
117770.3974064228 131757.0620444552
117610.0949238188 131757.0620444552
117449.7924412148 131757.0620444552
117289.4899586107 131757.0620444552
117770.3974064228 131917.1416977836
117610.0949238188 131917.1416977836
117449.7924412148 131917.1416977836
117289.4899586107 131917.1416977836

120655.8420932953 135438.8940710075
117449.7924412148 132237.3010044403
121777.9594715235 126634.5131379478
121938.2619541275 126794.5927912761
121777.9594715235 126794.5927912761
121938.2619541275 126954.6724446045
121777.9594715235 126954.6724446045
121617.6569889195 126954.6724446045
121457.3545063154 126954.6724446045
121938.2619541275 127114.7520979328
121777.9594715235 127114.7520979328
121617.6569889195 127114.7520979328
121457.3545063154 127114.7520979328
121777.9594715235 127274.8317512612
121617.6569889195 127274.8317512612
121457.3545063154 127274.8317512612
121297.0520237114 127274.8317512612
121617.6569889195 127434.9114045895
121457.3545063154 127434.9114045895
121297.0520237114 127434.9114045895
121297.0520237114 127594.9910579179
121136.7495411074 127594.9910579179
117610.0949238188 131436.9027377985
117449.7924412148 131436.9027377985
117289.4899586107 131436.9027377985
117770.3974064228 131596.9823911269
117610.0949238188 131596.9823911269
117449.7924412148 131596.9823911269
117289.4899586107 131596.9823911269
117770.3974064228 131757.0620444552
117610.0949238188 131757.0620444552
117449.7924412148 131757.0620444552
117289.4899586107 131757.0620444552
117770.3974064228 131917.1416977836
117610.0949238188 131917.1416977836
117449.7924412148 131917.1416977836
117289.4899586107 131917.1416977836
117610.0949238188 132077.2213511119
117449.7924412148 132077.2213511119
117289.4899586107 132077.2213511119

120655.8420932953 135438.8940710075
120816.1445758993 135118.7347643508
120976.4470585034 134798.5754576940
123060.3793323557 133517.9382310671
123220.6818149597 133037.6992710821
117289.4899586107 132877.6196177537
117449.7924412148 132557.4603110970
123060.3793323557 132557.4603110970
117449.7924412148 132237.3010044403
117610.0949238188 132077.2213511119
117129.1874760067 131757.0620444552
117770.3974064228 131757.0620444552
117610.0949238188 131276.8230844702
133159.4357364094 131116.7434311418
117770.3974064228 130956.6637778134
132678.5282885973 130476.4248178283
128670.9662234966 129676.0265511866
120495.5396106913 128555.4689778881
120816.1445758993 128395.3893245597
120816.1445758993 128075.2300179030
121136.7495411074 127755.0707112463
135403.6704928658 115428.9374049627
132037.3183581812 117029.7339382463
132037.3183581812 117349.8932449030
133159.4357364094 118630.5304715299
130915.2009799530 118630.5304715299
129793.0836017248 118950.6897781866
129632.7811191208 119270.8490848433
132999.1332538054 119430.9287381716
128991.5711887047 120391.4066581418
128350.3612582886 120551.4863114702
128510.6637408926 121031.7252714552
129472.4786365168 121992.2031914254
129151.8736713087 122152.2828447537
126266.4289844362 123272.8404180522
129472.4786365168 123913.1590313657
126106.1265018322 124393.3979913508
123541.2867801678 125033.7166046642
126907.6389148524 126474.4334846194
128991.5711887047 126634.5131379478

120655.8420932953 135438.8940710075
120816.1445758993 135118.7347643508
120976.4470585034 134798.5754576940
123060.3793323557 133517.9382310671
123220.6818149597 133037.6992710821
123701.5892627718 129195.7875912015
117449.7924412148 132557.4603110970
123060.3793323557 132557.4603110970
117449.7924412148 132237.3010044403
117610.0949238188 132077.2213511119
117129.1874760067 131757.0620444552
117770.3974064228 131757.0620444552
117610.0949238188 131276.8230844702
133159.4357364094 131116.7434311418
117770.3974064228 130956.6637778134
132678.5282885973 130476.4248178283
128670.9662234966 129676.0265511866
120495.5396106913 128555.4689778881
120816.1445758993 128395.3893245597
135403.6704928658 115428.9374049627
132037.3183581812 117029.7339382463
132037.3183581812 117349.8932449030
133159.4357364094 118630.5304715299
130915.2009799530 118630.5304715299
129793.0836017248 118950.6897781866
129632.7811191208 119270.8490848433
132999.1332538054 119430.9287381716
128991.5711887047 120391.4066581418
128350.3612582886 120551.4863114702
128510.6637408926 121031.7252714552
129472.4786365168 121992.2031914254
129151.8736713087 122152.2828447537
126266.4289844362 123272.8404180522
128991.5711887047 124073.2386846940
126106.1265018322 124393.3979913508
123541.2867801678 125033.7166046642
126907.6389148524 126474.4334846194
128991.5711887047 126634.5131379478
128670.9662234966 126794.5927912761
122098.5644367315 127114.7520979328

120655.8420932953 135438.8940710075
120816.1445758993 135118.7347643508
117449.7924412148 132557.4603110970
117449.7924412148 132237.3010044403
121777.9594715235 126634.5131379478
121938.2619541275 126794.5927912761
121777.9594715235 126794.5927912761
121938.2619541275 126954.6724446045
121777.9594715235 126954.6724446045
121617.6569889195 126954.6724446045
121457.3545063154 126954.6724446045
121938.2619541275 127114.7520979328
121777.9594715235 127114.7520979328
121617.6569889195 127114.7520979328
121938.2619541275 127274.8317512612
121777.9594715235 127274.8317512612
121617.6569889195 127274.8317512612
121457.3545063154 127274.8317512612
121297.0520237114 127274.8317512612
121617.6569889195 127434.9114045895
121457.3545063154 127434.9114045895
121457.3545063154 127594.9910579179
121297.0520237114 127594.9910579179
120976.4470585034 127755.0707112463
117610.0949238188 131276.8230844702
117610.0949238188 131436.9027377985
117289.4899586107 131436.9027377985
117770.3974064228 131596.9823911269
117610.0949238188 131596.9823911269
117449.7924412148 131596.9823911269
117770.3974064228 131757.0620444552
117610.0949238188 131757.0620444552
117449.7924412148 131757.0620444552
117289.4899586107 131757.0620444552
117770.3974064228 131917.1416977836
117610.0949238188 131917.1416977836
117449.7924412148 131917.1416977836
117610.0949238188 132077.2213511119
117449.7924412148 132077.2213511119
117289.4899586107 132077.2213511119

120816.1445758993 135118.7347643508
117449.7924412148 132237.3010044403
117289.4899586107 132077.2213511119
117449.7924412148 132077.2213511119
117610.0949238188 132077.2213511119
121777.9594715235 126634.5131379478
121938.2619541275 126794.5927912761
121777.9594715235 126794.5927912761
121938.2619541275 126954.6724446045
121777.9594715235 126954.6724446045
121617.6569889195 126954.6724446045
121457.3545063154 126954.6724446045
121938.2619541275 127114.7520979328
121777.9594715235 127114.7520979328
121617.6569889195 127114.7520979328
121457.3545063154 127114.7520979328
121777.9594715235 127274.8317512612
121617.6569889195 127274.8317512612
121457.3545063154 127274.8317512612
121297.0520237114 127274.8317512612
121617.6569889195 127434.9114045895
121457.3545063154 127434.9114045895
121297.0520237114 127434.9114045895
121297.0520237114 127594.9910579179
121136.7495411074 127594.9910579179
117449.7924412148 131276.8230844702
117610.0949238188 131436.9027377985
117449.7924412148 131436.9027377985
117770.3974064228 131596.9823911269
117610.0949238188 131596.9823911269
117449.7924412148 131596.9823911269
117289.4899586107 131596.9823911269
117770.3974064228 131757.0620444552
117610.0949238188 131757.0620444552
117449.7924412148 131757.0620444552
117289.4899586107 131757.0620444552
117770.3974064228 131917.1416977836
117610.0949238188 131917.1416977836
117449.7924412148 131917.1416977836
120655.8420932953 135438.8940710075

117449.7924412148 132237.3010044403
121777.9594715235 126634.5131379478
121938.2619541275 126794.5927912761
121777.9594715235 126794.5927912761
121938.2619541275 126954.6724446045
121777.9594715235 126954.6724446045
121617.6569889195 126954.6724446045
121457.3545063154 126954.6724446045
121938.2619541275 127114.7520979328
121777.9594715235 127114.7520979328
121617.6569889195 127114.7520979328
121457.3545063154 127114.7520979328
121777.9594715235 127274.8317512612
121617.6569889195 127274.8317512612
121457.3545063154 127274.8317512612
121297.0520237114 127274.8317512612
121617.6569889195 127434.9114045895
121457.3545063154 127434.9114045895
121297.0520237114 127434.9114045895
121297.0520237114 127594.9910579179
121136.7495411074 127594.9910579179
117449.7924412148 131276.8230844702
117610.0949238188 131436.9027377985
117449.7924412148 131436.9027377985
117289.4899586107 131436.9027377985
117770.3974064228 131596.9823911269
117610.0949238188 131596.9823911269
117449.7924412148 131596.9823911269
117289.4899586107 131596.9823911269
117770.3974064228 131757.0620444552
117610.0949238188 131757.0620444552
117449.7924412148 131757.0620444552
117289.4899586107 131757.0620444552
117770.3974064228 131917.1416977836
117610.0949238188 131917.1416977836
117449.7924412148 131917.1416977836
117289.4899586107 131917.1416977836
117610.0949238188 132077.2213511119
117449.7924412148 132077.2213511119
117289.4899586107 132077.2213511119

120655.8420932953 135438.8940710075
120816.1445758993 135118.7347643508
117289.4899586107 132077.2213511119
117449.7924412148 132077.2213511119
117610.0949238188 132077.2213511119
121777.9594715235 126634.5131379478
121938.2619541275 126794.5927912761
121777.9594715235 126794.5927912761
121938.2619541275 126954.6724446045
121777.9594715235 126954.6724446045
121617.6569889195 126954.6724446045
121457.3545063154 126954.6724446045
121938.2619541275 127114.7520979328
121777.9594715235 127114.7520979328
121617.6569889195 127114.7520979328
121457.3545063154 127114.7520979328
121777.9594715235 127274.8317512612
121617.6569889195 127274.8317512612
121457.3545063154 127274.8317512612
121297.0520237114 127274.8317512612
121617.6569889195 127434.9114045895
121457.3545063154 127434.9114045895
121297.0520237114 127434.9114045895
121297.0520237114 127594.9910579179
121136.7495411074 127594.9910579179
117449.7924412148 131276.8230844702
117610.0949238188 131436.9027377985
117449.7924412148 131436.9027377985
117770.3974064228 131596.9823911269
117610.0949238188 131596.9823911269
117449.7924412148 131596.9823911269
117289.4899586107 131596.9823911269
117770.3974064228 131757.0620444552
117610.0949238188 131757.0620444552
117449.7924412148 131757.0620444552
117289.4899586107 131757.0620444552
117770.3974064228 131917.1416977836
117610.0949238188 131917.1416977836
117449.7924412148 131917.1416977836
117289.4899586107 131917.1416977836

120816.1445758993 135118.7347643508
117449.7924412148 132237.3010044403
117289.4899586107 132077.2213511119
117449.7924412148 132077.2213511119
117610.0949238188 132077.2213511119
121777.9594715235 126634.5131379478
121938.2619541275 126794.5927912761
121777.9594715235 126794.5927912761
121938.2619541275 126954.6724446045
121777.9594715235 126954.6724446045
121617.6569889195 126954.6724446045
121457.3545063154 126954.6724446045
121938.2619541275 127114.7520979328
121777.9594715235 127114.7520979328
121617.6569889195 127114.7520979328
121457.3545063154 127114.7520979328
121777.9594715235 127274.8317512612
121617.6569889195 127274.8317512612
121457.3545063154 127274.8317512612
121297.0520237114 127274.8317512612
121617.6569889195 127434.9114045895
121457.3545063154 127434.9114045895
121297.0520237114 127434.9114045895
121297.0520237114 127594.9910579179
121136.7495411074 127594.9910579179
117449.7924412148 131276.8230844702
117610.0949238188 131436.9027377985
117449.7924412148 131436.9027377985
117770.3974064228 131596.9823911269
117610.0949238188 131596.9823911269
117449.7924412148 131596.9823911269
117289.4899586107 131596.9823911269
117770.3974064228 131757.0620444552
117610.0949238188 131757.0620444552
117449.7924412148 131757.0620444552
117289.4899586107 131757.0620444552
117770.3974064228 131917.1416977836
117610.0949238188 131917.1416977836
117449.7924412148 131917.1416977836
117289.4899586107 131917.1416977836

120655.8420932953 135438.8940710075
121777.9594715235 126634.5131379478
121938.2619541275 126794.5927912761
121777.9594715235 126794.5927912761
121938.2619541275 126954.6724446045
121777.9594715235 126954.6724446045
121617.6569889195 126954.6724446045
121457.3545063154 126954.6724446045
121938.2619541275 127114.7520979328
121777.9594715235 127114.7520979328
121617.6569889195 127114.7520979328
121457.3545063154 127114.7520979328
121777.9594715235 127274.8317512612
121617.6569889195 127274.8317512612
121457.3545063154 127274.8317512612
121297.0520237114 127274.8317512612
121617.6569889195 127434.9114045895
121457.3545063154 127434.9114045895
121297.0520237114 127434.9114045895
121297.0520237114 127594.9910579179
121136.7495411074 127594.9910579179
117449.7924412148 131276.8230844702
117610.0949238188 131436.9027377985
117449.7924412148 131436.9027377985
117770.3974064228 131596.9823911269
117610.0949238188 131596.9823911269
117449.7924412148 131596.9823911269
117289.4899586107 131596.9823911269
117770.3974064228 131757.0620444552
117610.0949238188 131757.0620444552
117449.7924412148 131757.0620444552
117289.4899586107 131757.0620444552
117770.3974064228 131917.1416977836
117610.0949238188 131917.1416977836
117449.7924412148 131917.1416977836
117289.4899586107 131917.1416977836
117610.0949238188 132077.2213511119
117449.7924412148 132077.2213511119
117289.4899586107 132077.2213511119
117449.7924412148 132237.3010044403

120655.8420932953 135438.8940710075
120816.1445758993 135118.7347643508
120976.4470585034 134798.5754576940
121297.0520237114 134638.4958043657
123060.3793323557 133517.9382310671
117449.7924412148 133037.6992710821
123220.6818149597 133037.6992710821
117449.7924412148 132557.4603110970
123060.3793323557 132557.4603110970
117449.7924412148 132237.3010044403
117610.0949238188 132077.2213511119
117129.1874760067 131757.0620444552
123541.2867801678 127594.9910579179
117289.4899586107 131436.9027377985
117610.0949238188 131436.9027377985
117610.0949238188 131276.8230844702
133159.4357364094 131116.7434311418
117770.3974064228 130956.6637778134
120495.5396106913 128555.4689778881
120816.1445758993 128395.3893245597
120816.1445758993 128075.2300179030
121136.7495411074 127755.0707112463
132037.3183581812 117349.8932449030
130915.2009799530 118630.5304715299
129793.0836017248 118950.6897781866
129632.7811191208 119270.8490848433
132999.1332538054 119430.9287381716
129793.0836017248 120071.2473514851
128991.5711887047 120391.4066581418
128350.3612582886 120551.4863114702
130915.2009799530 121031.7252714552
128510.6637408926 121031.7252714552
129472.4786365168 121992.2031914254
129151.8736713087 122152.2828447537
126266.4289844362 122952.6811113955
128670.9662234966 123432.9200713806
125464.9165714161 123753.0793780373
130434.2935321409 124073.2386846940
128991.5711887047 124073.2386846940
128190.0587756846 124553.4776446791

120655.8420932953 135438.8940710075
117449.7924412148 132237.3010044403
121777.9594715235 126634.5131379478
121938.2619541275 126794.5927912761
121777.9594715235 126794.5927912761
121938.2619541275 126954.6724446045
121777.9594715235 126954.6724446045
121617.6569889195 126954.6724446045
121457.3545063154 126954.6724446045
121938.2619541275 127114.7520979328
121777.9594715235 127114.7520979328
121617.6569889195 127114.7520979328
121457.3545063154 127114.7520979328
121938.2619541275 127274.8317512612
121777.9594715235 127274.8317512612
121617.6569889195 127274.8317512612
121457.3545063154 127274.8317512612
121297.0520237114 127274.8317512612
121617.6569889195 127434.9114045895
121457.3545063154 127434.9114045895
121297.0520237114 127434.9114045895
121136.7495411074 127594.9910579179
117449.7924412148 131276.8230844702
117610.0949238188 131436.9027377985
117449.7924412148 131436.9027377985
117770.3974064228 131596.9823911269
117610.0949238188 131596.9823911269
117449.7924412148 131596.9823911269
117289.4899586107 131596.9823911269
117770.3974064228 131757.0620444552
117610.0949238188 131757.0620444552
117449.7924412148 131757.0620444552
117289.4899586107 131757.0620444552
117770.3974064228 131917.1416977836
117610.0949238188 131917.1416977836
117449.7924412148 131917.1416977836
117289.4899586107 131917.1416977836
117610.0949238188 132077.2213511119
117449.7924412148 132077.2213511119
117289.4899586107 132077.2213511119

117449.7924412148 132237.3010044403
121777.9594715235 126634.5131379478
121938.2619541275 126794.5927912761
121777.9594715235 126794.5927912761
121938.2619541275 126954.6724446045
121777.9594715235 126954.6724446045
121617.6569889195 126954.6724446045
121457.3545063154 126954.6724446045
121938.2619541275 127114.7520979328
121777.9594715235 127114.7520979328
121617.6569889195 127114.7520979328
121457.3545063154 127114.7520979328
121938.2619541275 127274.8317512612
121777.9594715235 127274.8317512612
121617.6569889195 127274.8317512612
121457.3545063154 127274.8317512612
121297.0520237114 127274.8317512612
121617.6569889195 127434.9114045895
121457.3545063154 127434.9114045895
121297.0520237114 127434.9114045895
121136.7495411074 127594.9910579179
117449.7924412148 131276.8230844702
117610.0949238188 131436.9027377985
117449.7924412148 131436.9027377985
117289.4899586107 131436.9027377985
117770.3974064228 131596.9823911269
117610.0949238188 131596.9823911269
117449.7924412148 131596.9823911269
117289.4899586107 131596.9823911269
117770.3974064228 131757.0620444552
117610.0949238188 131757.0620444552
117449.7924412148 131757.0620444552
117289.4899586107 131757.0620444552
117770.3974064228 131917.1416977836
117610.0949238188 131917.1416977836
117449.7924412148 131917.1416977836
117289.4899586107 131917.1416977836
117610.0949238188 132077.2213511119
117449.7924412148 132077.2213511119
117289.4899586107 132077.2213511119

120816.1445758993 135118.7347643508
117449.7924412148 132237.3010044403
117289.4899586107 132077.2213511119
117449.7924412148 132077.2213511119
117610.0949238188 132077.2213511119
121777.9594715235 126634.5131379478
121938.2619541275 126794.5927912761
121777.9594715235 126794.5927912761
121938.2619541275 126954.6724446045
121777.9594715235 126954.6724446045
121617.6569889195 126954.6724446045
121457.3545063154 126954.6724446045
121938.2619541275 127114.7520979328
121777.9594715235 127114.7520979328
121617.6569889195 127114.7520979328
121457.3545063154 127114.7520979328
121938.2619541275 127274.8317512612
121777.9594715235 127274.8317512612
121617.6569889195 127274.8317512612
121457.3545063154 127274.8317512612
121297.0520237114 127274.8317512612
121617.6569889195 127434.9114045895
121457.3545063154 127434.9114045895
121297.0520237114 127434.9114045895
121136.7495411074 127594.9910579179
117449.7924412148 131276.8230844702
117610.0949238188 131436.9027377985
117449.7924412148 131436.9027377985
117770.3974064228 131596.9823911269
117610.0949238188 131596.9823911269
117449.7924412148 131596.9823911269
117289.4899586107 131596.9823911269
117770.3974064228 131757.0620444552
117610.0949238188 131757.0620444552
117449.7924412148 131757.0620444552
117289.4899586107 131757.0620444552
117770.3974064228 131917.1416977836
117610.0949238188 131917.1416977836
117449.7924412148 131917.1416977836
117289.4899586107 131917.1416977836

120655.8420932953 135438.8940710075
120816.1445758993 135118.7347643508
121777.9594715235 126634.5131379478
121938.2619541275 126794.5927912761
121777.9594715235 126794.5927912761
121938.2619541275 126954.6724446045
121777.9594715235 126954.6724446045
121617.6569889195 126954.6724446045
121457.3545063154 126954.6724446045
121938.2619541275 127114.7520979328
121777.9594715235 127114.7520979328
121617.6569889195 127114.7520979328
121457.3545063154 127114.7520979328
121938.2619541275 127274.8317512612
121777.9594715235 127274.8317512612
121617.6569889195 127274.8317512612
121457.3545063154 127274.8317512612
121297.0520237114 127274.8317512612
121617.6569889195 127434.9114045895
121457.3545063154 127434.9114045895
121297.0520237114 127434.9114045895
121136.7495411074 127594.9910579179
117449.7924412148 131276.8230844702
117610.0949238188 131436.9027377985
117449.7924412148 131436.9027377985
117770.3974064228 131596.9823911269
117610.0949238188 131596.9823911269
117449.7924412148 131596.9823911269
117289.4899586107 131596.9823911269
117770.3974064228 131757.0620444552
117610.0949238188 131757.0620444552
117449.7924412148 131757.0620444552
117289.4899586107 131757.0620444552
117770.3974064228 131917.1416977836
117610.0949238188 131917.1416977836
117449.7924412148 131917.1416977836
117610.0949238188 132077.2213511119
117449.7924412148 132077.2213511119
117289.4899586107 132077.2213511119
117449.7924412148 132237.3010044403

120655.8420932953 135438.8940710075
120816.1445758993 135118.7347643508
121777.9594715235 126634.5131379478
121938.2619541275 126794.5927912761
121777.9594715235 126794.5927912761
121938.2619541275 126954.6724446045
121777.9594715235 126954.6724446045
121617.6569889195 126954.6724446045
121457.3545063154 126954.6724446045
121938.2619541275 127114.7520979328
121777.9594715235 127114.7520979328
121617.6569889195 127114.7520979328
121457.3545063154 127114.7520979328
121938.2619541275 127274.8317512612
121777.9594715235 127274.8317512612
121617.6569889195 127274.8317512612
121457.3545063154 127274.8317512612
121297.0520237114 127274.8317512612
121617.6569889195 127434.9114045895
121457.3545063154 127434.9114045895
121297.0520237114 127434.9114045895
121136.7495411074 127594.9910579179
117449.7924412148 131276.8230844702
117610.0949238188 131436.9027377985
117449.7924412148 131436.9027377985
117770.3974064228 131596.9823911269
117610.0949238188 131596.9823911269
117449.7924412148 131596.9823911269
117289.4899586107 131596.9823911269
117770.3974064228 131757.0620444552
117610.0949238188 131757.0620444552
117449.7924412148 131757.0620444552
117289.4899586107 131757.0620444552
117770.3974064228 131917.1416977836
117610.0949238188 131917.1416977836
117449.7924412148 131917.1416977836
117289.4899586107 131917.1416977836
117610.0949238188 132077.2213511119
117449.7924412148 132077.2213511119
117289.4899586107 132077.2213511119

120655.8420932953 135438.8940710075
120816.1445758993 135118.7347643508
117449.7924412148 132557.4603110970
121777.9594715235 126634.5131379478
121938.2619541275 126794.5927912761
121777.9594715235 126794.5927912761
121938.2619541275 126954.6724446045
121777.9594715235 126954.6724446045
121617.6569889195 126954.6724446045
121457.3545063154 126954.6724446045
121938.2619541275 127114.7520979328
121777.9594715235 127114.7520979328
121617.6569889195 127114.7520979328
121938.2619541275 127274.8317512612
121777.9594715235 127274.8317512612
121617.6569889195 127274.8317512612
121457.3545063154 127274.8317512612
121297.0520237114 127274.8317512612
121777.9594715235 127434.9114045895
121617.6569889195 127434.9114045895
121457.3545063154 127434.9114045895
121297.0520237114 127594.9910579179
120976.4470585034 127755.0707112463
117610.0949238188 131276.8230844702
117610.0949238188 131436.9027377985
117289.4899586107 131436.9027377985
117770.3974064228 131596.9823911269
117610.0949238188 131596.9823911269
117449.7924412148 131596.9823911269
117770.3974064228 131757.0620444552
117610.0949238188 131757.0620444552
117449.7924412148 131757.0620444552
117289.4899586107 131757.0620444552
117770.3974064228 131917.1416977836
117610.0949238188 131917.1416977836
117449.7924412148 131917.1416977836
117610.0949238188 132077.2213511119
117449.7924412148 132077.2213511119
117289.4899586107 132077.2213511119
117449.7924412148 132237.3010044403

120655.8420932953 135438.8940710075
120816.1445758993 135118.7347643508
121777.9594715235 126634.5131379478
121938.2619541275 126794.5927912761
121777.9594715235 126794.5927912761
121938.2619541275 126954.6724446045
121777.9594715235 126954.6724446045
121617.6569889195 126954.6724446045
121457.3545063154 126954.6724446045
121938.2619541275 127114.7520979328
121777.9594715235 127114.7520979328
121617.6569889195 127114.7520979328
121457.3545063154 127114.7520979328
121777.9594715235 127274.8317512612
121617.6569889195 127274.8317512612
121457.3545063154 127274.8317512612
121297.0520237114 127274.8317512612
121617.6569889195 127434.9114045895
121457.3545063154 127434.9114045895
121297.0520237114 127594.9910579179
120976.4470585034 127755.0707112463
117449.7924412148 131276.8230844702
117610.0949238188 131436.9027377985
117449.7924412148 131436.9027377985
117770.3974064228 131596.9823911269
117610.0949238188 131596.9823911269
117449.7924412148 131596.9823911269
117289.4899586107 131596.9823911269
117770.3974064228 131757.0620444552
117610.0949238188 131757.0620444552
117449.7924412148 131757.0620444552
117289.4899586107 131757.0620444552
117770.3974064228 131917.1416977836
117610.0949238188 131917.1416977836
117449.7924412148 131917.1416977836
117289.4899586107 131917.1416977836
117610.0949238188 132077.2213511119
117449.7924412148 132077.2213511119
117289.4899586107 132077.2213511119
117449.7924412148 132557.4603110970

120655.8420932953 135438.8940710075
120816.1445758993 135118.7347643508
117449.7924412148 132557.4603110970
117449.7924412148 132237.3010044403
121777.9594715235 126634.5131379478
121938.2619541275 126794.5927912761
121777.9594715235 126794.5927912761
121938.2619541275 126954.6724446045
121777.9594715235 126954.6724446045
121617.6569889195 126954.6724446045
121457.3545063154 126954.6724446045
121938.2619541275 127114.7520979328
121777.9594715235 127114.7520979328
121617.6569889195 127114.7520979328
121457.3545063154 127114.7520979328
121777.9594715235 127274.8317512612
121617.6569889195 127274.8317512612
121457.3545063154 127274.8317512612
121297.0520237114 127274.8317512612
121617.6569889195 127434.9114045895
121457.3545063154 127434.9114045895
121297.0520237114 127594.9910579179
120976.4470585034 127755.0707112463
117449.7924412148 131276.8230844702
117610.0949238188 131436.9027377985
117449.7924412148 131436.9027377985
117770.3974064228 131596.9823911269
117610.0949238188 131596.9823911269
117449.7924412148 131596.9823911269
117289.4899586107 131596.9823911269
117770.3974064228 131757.0620444552
117610.0949238188 131757.0620444552
117449.7924412148 131757.0620444552
117289.4899586107 131757.0620444552
117770.3974064228 131917.1416977836
117610.0949238188 131917.1416977836
117449.7924412148 131917.1416977836
117610.0949238188 132077.2213511119
117449.7924412148 132077.2213511119
117289.4899586107 132077.2213511119

120655.8420932953 135438.8940710075
120816.1445758993 135118.7347643508
121777.9594715235 126634.5131379478
121938.2619541275 126794.5927912761
121777.9594715235 126794.5927912761
121938.2619541275 126954.6724446045
121777.9594715235 126954.6724446045
121617.6569889195 126954.6724446045
121457.3545063154 126954.6724446045
121938.2619541275 127114.7520979328
121777.9594715235 127114.7520979328
121617.6569889195 127114.7520979328
121457.3545063154 127114.7520979328
121777.9594715235 127274.8317512612
121617.6569889195 127274.8317512612
121457.3545063154 127274.8317512612
121297.0520237114 127274.8317512612
121617.6569889195 127434.9114045895
121457.3545063154 127434.9114045895
121297.0520237114 127594.9910579179
121136.7495411074 127594.9910579179
117449.7924412148 131276.8230844702
117610.0949238188 131436.9027377985
117449.7924412148 131436.9027377985
117770.3974064228 131596.9823911269
117610.0949238188 131596.9823911269
117449.7924412148 131596.9823911269
117289.4899586107 131596.9823911269
117770.3974064228 131757.0620444552
117610.0949238188 131757.0620444552
117449.7924412148 131757.0620444552
117289.4899586107 131757.0620444552
117770.3974064228 131917.1416977836
117610.0949238188 131917.1416977836
117449.7924412148 131917.1416977836
117610.0949238188 132077.2213511119
117449.7924412148 132077.2213511119
117289.4899586107 132077.2213511119
117449.7924412148 132237.3010044403
117449.7924412148 132557.4603110970

120655.8420932953 135438.8940710075
120816.1445758993 135118.7347643508
121777.9594715235 126634.5131379478
121938.2619541275 126794.5927912761
121777.9594715235 126794.5927912761
121938.2619541275 126954.6724446045
121777.9594715235 126954.6724446045
121617.6569889195 126954.6724446045
121457.3545063154 126954.6724446045
121938.2619541275 127114.7520979328
121777.9594715235 127114.7520979328
121617.6569889195 127114.7520979328
121457.3545063154 127114.7520979328
121938.2619541275 127274.8317512612
121777.9594715235 127274.8317512612
121617.6569889195 127274.8317512612
121457.3545063154 127274.8317512612
121297.0520237114 127274.8317512612
121617.6569889195 127434.9114045895
121457.3545063154 127434.9114045895
121297.0520237114 127594.9910579179
121136.7495411074 127594.9910579179
117610.0949238188 131436.9027377985
117449.7924412148 131436.9027377985
117289.4899586107 131436.9027377985
117770.3974064228 131596.9823911269
117610.0949238188 131596.9823911269
117449.7924412148 131596.9823911269
117770.3974064228 131757.0620444552
117610.0949238188 131757.0620444552
117449.7924412148 131757.0620444552
117289.4899586107 131757.0620444552
117770.3974064228 131917.1416977836
117610.0949238188 131917.1416977836
117449.7924412148 131917.1416977836
117610.0949238188 132077.2213511119
117449.7924412148 132077.2213511119
117289.4899586107 132077.2213511119
117449.7924412148 132237.3010044403
117449.7924412148 132557.4603110970

120655.8420932953 135438.8940710075
120816.1445758993 135118.7347643508
117449.7924412148 132557.4603110970
117449.7924412148 132237.3010044403
117289.4899586107 132077.2213511119
117449.7924412148 132077.2213511119
117610.0949238188 132077.2213511119
117449.7924412148 131917.1416977836
117610.0949238188 131917.1416977836
117770.3974064228 131917.1416977836
117289.4899586107 131757.0620444552
117449.7924412148 131757.0620444552
117610.0949238188 131757.0620444552
117770.3974064228 131757.0620444552
117449.7924412148 131596.9823911269
117610.0949238188 131596.9823911269
117770.3974064228 131596.9823911269
117289.4899586107 131436.9027377985
117449.7924412148 131436.9027377985
117610.0949238188 131436.9027377985
121777.9594715235 126634.5131379478
121938.2619541275 126794.5927912761
121777.9594715235 126794.5927912761
121938.2619541275 126954.6724446045
121777.9594715235 126954.6724446045
121617.6569889195 126954.6724446045
121457.3545063154 126954.6724446045
121938.2619541275 127114.7520979328
121777.9594715235 127114.7520979328
121617.6569889195 127114.7520979328
121938.2619541275 127274.8317512612
121777.9594715235 127274.8317512612
121617.6569889195 127274.8317512612
121457.3545063154 127274.8317512612
121297.0520237114 127274.8317512612
121617.6569889195 127434.9114045895
121457.3545063154 127434.9114045895
121297.0520237114 127594.9910579179
120976.4470585034 127755.0707112463
120816.1445758993 128075.2300179030

120655.8420932953 135438.8940710075
120816.1445758993 135118.7347643508
129793.0836017248 119110.7694315149
121777.9594715235 126634.5131379478
121938.2619541275 126794.5927912761
121777.9594715235 126794.5927912761
121938.2619541275 126954.6724446045
121777.9594715235 126954.6724446045
121617.6569889195 126954.6724446045
121457.3545063154 126954.6724446045
121938.2619541275 127114.7520979328
121777.9594715235 127114.7520979328
121617.6569889195 127114.7520979328
121777.9594715235 127274.8317512612
121617.6569889195 127274.8317512612
121457.3545063154 127274.8317512612
121297.0520237114 127274.8317512612
121617.6569889195 127434.9114045895
121457.3545063154 127434.9114045895
121297.0520237114 127594.9910579179
120976.4470585034 127755.0707112463
120816.1445758993 128075.2300179030
117610.0949238188 131276.8230844702
117610.0949238188 131436.9027377985
117289.4899586107 131436.9027377985
117770.3974064228 131596.9823911269
117610.0949238188 131596.9823911269
117449.7924412148 131596.9823911269
117770.3974064228 131757.0620444552
117610.0949238188 131757.0620444552
117449.7924412148 131757.0620444552
117289.4899586107 131757.0620444552
117770.3974064228 131917.1416977836
117610.0949238188 131917.1416977836
117449.7924412148 131917.1416977836
117610.0949238188 132077.2213511119
117449.7924412148 132077.2213511119
117289.4899586107 132077.2213511119
117449.7924412148 132237.3010044403
117449.7924412148 132557.4603110970

120655.8420932953 135438.8940710075
120816.1445758993 135118.7347643508
117449.7924412148 132557.4603110970
117449.7924412148 132237.3010044403
117289.4899586107 132077.2213511119
121777.9594715235 126634.5131379478
121938.2619541275 126794.5927912761
121777.9594715235 126794.5927912761
121938.2619541275 126954.6724446045
121777.9594715235 126954.6724446045
121617.6569889195 126954.6724446045
121457.3545063154 126954.6724446045
121938.2619541275 127114.7520979328
121777.9594715235 127114.7520979328
121617.6569889195 127114.7520979328
121457.3545063154 127114.7520979328
121938.2619541275 127274.8317512612
121777.9594715235 127274.8317512612
121617.6569889195 127274.8317512612
121457.3545063154 127274.8317512612
121297.0520237114 127274.8317512612
121617.6569889195 127434.9114045895
121457.3545063154 127434.9114045895
121297.0520237114 127594.9910579179
121136.7495411074 127594.9910579179
117449.7924412148 131276.8230844702
117610.0949238188 131436.9027377985
117449.7924412148 131436.9027377985
117770.3974064228 131596.9823911269
117610.0949238188 131596.9823911269
117449.7924412148 131596.9823911269
117289.4899586107 131596.9823911269
117770.3974064228 131757.0620444552
117610.0949238188 131757.0620444552
117449.7924412148 131757.0620444552
117289.4899586107 131757.0620444552
117770.3974064228 131917.1416977836
117610.0949238188 131917.1416977836
117449.7924412148 131917.1416977836
117610.0949238188 132077.2213511119

120655.8420932953 135438.8940710075
121777.9594715235 126634.5131379478
121938.2619541275 126794.5927912761
121777.9594715235 126794.5927912761
121938.2619541275 126954.6724446045
121777.9594715235 126954.6724446045
121617.6569889195 126954.6724446045
121457.3545063154 126954.6724446045
121938.2619541275 127114.7520979328
121777.9594715235 127114.7520979328
121617.6569889195 127114.7520979328
121938.2619541275 127274.8317512612
121777.9594715235 127274.8317512612
121617.6569889195 127274.8317512612
121457.3545063154 127274.8317512612
121297.0520237114 127274.8317512612
121617.6569889195 127434.9114045895
121457.3545063154 127434.9114045895
121297.0520237114 127594.9910579179
120976.4470585034 127755.0707112463
120816.1445758993 128075.2300179030
117610.0949238188 131276.8230844702
117610.0949238188 131436.9027377985
117289.4899586107 131436.9027377985
117770.3974064228 131596.9823911269
117610.0949238188 131596.9823911269
117449.7924412148 131596.9823911269
117770.3974064228 131757.0620444552
117610.0949238188 131757.0620444552
117449.7924412148 131757.0620444552
117289.4899586107 131757.0620444552
117770.3974064228 131917.1416977836
117610.0949238188 131917.1416977836
117449.7924412148 131917.1416977836
117610.0949238188 132077.2213511119
117449.7924412148 132077.2213511119
117289.4899586107 132077.2213511119
117449.7924412148 132237.3010044403
117449.7924412148 132557.4603110970
120816.1445758993 135118.7347643508

120655.8420932953 135438.8940710075
120816.1445758993 135118.7347643508
121777.9594715235 126634.5131379478
121938.2619541275 126794.5927912761
121777.9594715235 126794.5927912761
121938.2619541275 126954.6724446045
121777.9594715235 126954.6724446045
121617.6569889195 126954.6724446045
121457.3545063154 126954.6724446045
121938.2619541275 127114.7520979328
121777.9594715235 127114.7520979328
121617.6569889195 127114.7520979328
121938.2619541275 127274.8317512612
121777.9594715235 127274.8317512612
121617.6569889195 127274.8317512612
121457.3545063154 127274.8317512612
121297.0520237114 127274.8317512612
121617.6569889195 127434.9114045895
121457.3545063154 127434.9114045895
121297.0520237114 127594.9910579179
120976.4470585034 127755.0707112463
120816.1445758993 128075.2300179030
117449.7924412148 131276.8230844702
117610.0949238188 131436.9027377985
117449.7924412148 131436.9027377985
117770.3974064228 131596.9823911269
117610.0949238188 131596.9823911269
117449.7924412148 131596.9823911269
117289.4899586107 131596.9823911269
117770.3974064228 131757.0620444552
117610.0949238188 131757.0620444552
117449.7924412148 131757.0620444552
117289.4899586107 131757.0620444552
117770.3974064228 131917.1416977836
117610.0949238188 131917.1416977836
117449.7924412148 131917.1416977836
117610.0949238188 132077.2213511119
117449.7924412148 132077.2213511119
117289.4899586107 132077.2213511119
117449.7924412148 132557.4603110970

120655.8420932953 135438.8940710075
120816.1445758993 135118.7347643508
117449.7924412148 132557.4603110970
117449.7924412148 132237.3010044403
121777.9594715235 126634.5131379478
121938.2619541275 126794.5927912761
121777.9594715235 126794.5927912761
121938.2619541275 126954.6724446045
121777.9594715235 126954.6724446045
121617.6569889195 126954.6724446045
121457.3545063154 126954.6724446045
121938.2619541275 127114.7520979328
121777.9594715235 127114.7520979328
121617.6569889195 127114.7520979328
121938.2619541275 127274.8317512612
121777.9594715235 127274.8317512612
121617.6569889195 127274.8317512612
121457.3545063154 127274.8317512612
121297.0520237114 127274.8317512612
121617.6569889195 127434.9114045895
121457.3545063154 127434.9114045895
121297.0520237114 127594.9910579179
120976.4470585034 127755.0707112463
117449.7924412148 131276.8230844702
117610.0949238188 131436.9027377985
117449.7924412148 131436.9027377985
117770.3974064228 131596.9823911269
117610.0949238188 131596.9823911269
117449.7924412148 131596.9823911269
117289.4899586107 131596.9823911269
117770.3974064228 131757.0620444552
117610.0949238188 131757.0620444552
117449.7924412148 131757.0620444552
117289.4899586107 131757.0620444552
117770.3974064228 131917.1416977836
117610.0949238188 131917.1416977836
117449.7924412148 131917.1416977836
117610.0949238188 132077.2213511119
117449.7924412148 132077.2213511119
117289.4899586107 132077.2213511119

120655.8420932953 135438.8940710075
120816.1445758993 135118.7347643508
121777.9594715235 126634.5131379478
121938.2619541275 126794.5927912761
121777.9594715235 126794.5927912761
121938.2619541275 126954.6724446045
121777.9594715235 126954.6724446045
121617.6569889195 126954.6724446045
121457.3545063154 126954.6724446045
121938.2619541275 127114.7520979328
121777.9594715235 127114.7520979328
121617.6569889195 127114.7520979328
121457.3545063154 127114.7520979328
121938.2619541275 127274.8317512612
121777.9594715235 127274.8317512612
121617.6569889195 127274.8317512612
121457.3545063154 127274.8317512612
121297.0520237114 127274.8317512612
121617.6569889195 127434.9114045895
121457.3545063154 127434.9114045895
121297.0520237114 127594.9910579179
121136.7495411074 127594.9910579179
117449.7924412148 131276.8230844702
117610.0949238188 131436.9027377985
117449.7924412148 131436.9027377985
117770.3974064228 131596.9823911269
117610.0949238188 131596.9823911269
117449.7924412148 131596.9823911269
117289.4899586107 131596.9823911269
117770.3974064228 131757.0620444552
117610.0949238188 131757.0620444552
117449.7924412148 131757.0620444552
117289.4899586107 131757.0620444552
117770.3974064228 131917.1416977836
117610.0949238188 131917.1416977836
117449.7924412148 131917.1416977836
117610.0949238188 132077.2213511119
117449.7924412148 132077.2213511119
117289.4899586107 132077.2213511119
117449.7924412148 132237.3010044403

120655.8420932953 135438.8940710075
120816.1445758993 135118.7347643508
117449.7924412148 132557.4603110970
121777.9594715235 126634.5131379478
121938.2619541275 126794.5927912761
121777.9594715235 126794.5927912761
121938.2619541275 126954.6724446045
121777.9594715235 126954.6724446045
121617.6569889195 126954.6724446045
121457.3545063154 126954.6724446045
121938.2619541275 127114.7520979328
121777.9594715235 127114.7520979328
121617.6569889195 127114.7520979328
121457.3545063154 127114.7520979328
121938.2619541275 127274.8317512612
121777.9594715235 127274.8317512612
121617.6569889195 127274.8317512612
121457.3545063154 127274.8317512612
121297.0520237114 127274.8317512612
121617.6569889195 127434.9114045895
121457.3545063154 127434.9114045895
121297.0520237114 127594.9910579179
121136.7495411074 127594.9910579179
117449.7924412148 131276.8230844702
117610.0949238188 131436.9027377985
117449.7924412148 131436.9027377985
117770.3974064228 131596.9823911269
117610.0949238188 131596.9823911269
117449.7924412148 131596.9823911269
117289.4899586107 131596.9823911269
117770.3974064228 131757.0620444552
117610.0949238188 131757.0620444552
117449.7924412148 131757.0620444552
117289.4899586107 131757.0620444552
117770.3974064228 131917.1416977836
117610.0949238188 131917.1416977836
117449.7924412148 131917.1416977836
117610.0949238188 132077.2213511119
117449.7924412148 132077.2213511119
117289.4899586107 132077.2213511119

120655.8420932953 135438.8940710075
120816.1445758993 135118.7347643508
128510.6637408926 120551.4863114702
123060.3793323557 133517.9382310671
128670.9662234966 133197.7789244105
123541.2867801678 132717.5399644254
116808.5825107987 132237.3010044403
128350.3612582886 132077.2213511119
114404.0452717382 131917.1416977836
123220.6818149597 131917.1416977836
117129.1874760067 131757.0620444552
117449.7924412148 131596.9823911269
132518.2258059933 131596.9823911269
131235.8059451611 131276.8230844702
120335.2371280872 131116.7434311418
117770.3974064228 130956.6637778134
127388.5463626644 130796.5841244851
116167.3725803825 130476.4248178283
122900.0768497517 130476.4248178283
118732.2123020470 129836.1062045149
124823.7066410000 128875.6282845448
128831.2687061007 127274.8317512612
124823.7066410000 127114.7520979328
126587.0339496443 126314.3538312911
125625.2190540201 124873.6369513358
126747.3364322483 124873.6369513358
126587.0339496443 124393.3979913508
129151.8736713087 124073.2386846940
130434.2935321409 124073.2386846940
125945.8240192282 123272.8404180522
126266.4289844362 122952.6811113955
128510.6637408926 122472.4421514104
127548.8488452685 121351.8845781119
128831.2687061007 120391.4066581418
130113.6885669329 120391.4066581418
129793.0836017248 119751.0880448284
129632.7811191208 119270.8490848433
129793.0836017248 118950.6897781866
130113.6885669329 118790.6101248582
133960.9481494295 117349.8932449030

