120373.2818242279 115914.8279355612
120533.1111051855 115914.8279355612
120373.2818242279 115756.3316279082
120373.2818242279 115597.8353202551
120373.2818242279 115439.3390126020
120373.2818242279 115280.8427049490
120373.2818242279 115122.3463972959
120373.2818242279 114963.8500896429
120373.2818242279 114805.3537819898
120533.1111051855 114805.3537819898
120533.1111051855 114646.8574743367
120533.1111051855 114488.3611666837
120533.1111051855 114329.8648590306
120533.1111051855 114171.3685513776
120533.1111051855 114012.8722437245
120533.1111051855 113854.3759360714
120533.1111051855 113695.8796284184
120533.1111051855 113537.3833207653
120533.1111051855 113378.8870131122
120533.1111051855 113220.3907054592
120852.7696671007 111952.4202442347
120533.1111051855 111952.4202442347
120852.7696671007 112110.9165518878
120533.1111051855 112110.9165518878
120533.1111051855 112269.4128595408
120533.1111051855 112427.9091671939
120533.1111051855 112586.4054748469
120533.1111051855 112744.9017825000
120533.1111051855 112903.3980901531
120533.1111051855 113061.8943978061
110304.0371238993 113695.8796284184

120373.2818242279 115914.8279355612
120533.1111051855 115914.8279355612
120373.2818242279 115756.3316279082
120533.1111051855 115756.3316279082
120373.2818242279 115597.8353202551
120533.1111051855 115597.8353202551
120373.2818242279 115439.3390126020
120373.2818242279 115280.8427049490
120373.2818242279 115122.3463972959
120373.2818242279 114963.8500896429
120533.1111051855 114805.3537819898
120533.1111051855 114646.8574743367
120533.1111051855 114488.3611666837
120533.1111051855 114329.8648590306
120533.1111051855 114171.3685513776
120533.1111051855 114012.8722437245
120692.9403861431 111952.4202442347
120533.1111051855 111952.4202442347
120533.1111051855 112110.9165518878
120692.9403861431 112269.4128595408
120533.1111051855 112269.4128595408
120533.1111051855 112427.9091671939
120533.1111051855 112586.4054748469
120533.1111051855 112744.9017825000
120533.1111051855 112903.3980901531
120533.1111051855 113061.8943978061
120533.1111051855 113220.3907054592
120533.1111051855 113378.8870131122
120533.1111051855 113537.3833207653
120533.1111051855 113695.8796284184
120533.1111051855 113854.3759360714

120373.2818242279 115914.8279355612
120533.1111051855 115914.8279355612
120373.2818242279 115756.3316279082
120533.1111051855 115756.3316279082
120373.2818242279 115597.8353202551
120533.1111051855 115597.8353202551
120373.2818242279 115439.3390126020
120373.2818242279 115280.8427049490
120373.2818242279 115122.3463972959
120373.2818242279 114963.8500896429
120373.2818242279 114805.3537819898
120533.1111051855 114805.3537819898
120533.1111051855 114488.3611666837
120533.1111051855 114329.8648590306
120533.1111051855 114171.3685513776
120533.1111051855 114012.8722437245
120533.1111051855 113854.3759360714
120692.9403861431 111952.4202442347
120533.1111051855 111952.4202442347
120533.1111051855 112110.9165518878
120692.9403861431 112269.4128595408
120533.1111051855 112269.4128595408
120533.1111051855 112427.9091671939
120533.1111051855 112586.4054748469
120533.1111051855 112744.9017825000
120533.1111051855 112903.3980901531
120533.1111051855 113061.8943978061
120533.1111051855 113220.3907054592
120533.1111051855 113378.8870131122
120533.1111051855 113537.3833207653
120533.1111051855 113695.8796284184

120373.2818242279 115914.8279355612
120533.1111051855 115914.8279355612
120373.2818242279 115756.3316279082
120533.1111051855 115756.3316279082
120373.2818242279 115597.8353202551
120533.1111051855 115597.8353202551
120373.2818242279 115439.3390126020
120533.1111051855 115439.3390126020
120373.2818242279 115280.8427049490
120533.1111051855 115280.8427049490
120373.2818242279 115122.3463972959
120373.2818242279 114963.8500896429
120373.2818242279 114805.3537819898
120533.1111051855 114646.8574743367
120533.1111051855 114488.3611666837
120533.1111051855 114329.8648590306
120533.1111051855 114171.3685513776
120533.1111051855 114012.8722437245
120533.1111051855 113854.3759360714
120533.1111051855 113695.8796284184
120533.1111051855 113537.3833207653
120533.1111051855 113378.8870131122
120533.1111051855 113220.3907054592
120533.1111051855 113061.8943978061
120533.1111051855 112903.3980901531
120533.1111051855 112744.9017825000
120533.1111051855 115122.3463972959
120692.9403861431 112427.9091671939
120692.9403861431 112269.4128595408
120692.9403861431 111952.4202442347
120692.9403861431 112110.9165518878

120373.2818242279 115914.8279355612
120373.2818242279 115756.3316279082
120373.2818242279 115597.8353202551
120373.2818242279 115439.3390126020
120373.2818242279 115280.8427049490
120373.2818242279 115122.3463972959
120373.2818242279 114963.8500896429
120373.2818242279 114805.3537819898
120373.2818242279 114646.8574743367
110463.8664048569 114488.3611666837
120533.1111051855 114329.8648590306
110463.8664048569 114171.3685513776
120533.1111051855 114171.3685513776
110463.8664048569 114012.8722437245
120533.1111051855 114012.8722437245
110463.8664048569 113854.3759360714
120533.1111051855 113854.3759360714
110463.8664048569 113695.8796284184
120533.1111051855 113695.8796284184
120533.1111051855 113537.3833207653
120533.1111051855 113378.8870131122
120533.1111051855 113220.3907054592
120533.1111051855 113061.8943978061
120533.1111051855 112903.3980901531
120533.1111051855 112744.9017825000
120533.1111051855 112586.4054748469
120533.1111051855 112427.9091671939
120533.1111051855 112269.4128595408
120533.1111051855 112110.9165518878
120533.1111051855 111952.4202442347
123569.8674433799 114329.8648590306

136675.8684819028 109257.9830141327
134598.0878294541 109574.9756294388
132999.7950198781 109891.9682447449
131401.5022103021 110208.9608600510
134917.7463913692 110525.9534753571
130442.5265245565 111001.4423983163
126286.9652196590 111476.9313212755
120852.7696671007 111952.4202442347
120852.7696671007 112110.9165518878
120852.7696671007 112269.4128595408
120852.7696671007 112427.9091671939
120852.7696671007 112586.4054748469
120533.1111051855 112903.3980901531
120533.1111051855 113061.8943978061
120533.1111051855 113220.3907054592
120533.1111051855 113378.8870131122
123729.6967243374 113695.8796284184
120692.9403861431 114012.8722437245
120373.2818242279 114329.8648590306
120373.2818242279 114488.3611666837
120373.2818242279 114646.8574743367
120373.2818242279 114805.3537819898
120373.2818242279 114963.8500896429
120373.2818242279 115122.3463972959
120373.2818242279 115280.8427049490
120373.2818242279 115439.3390126020
120373.2818242279 115597.8353202551
120373.2818242279 115756.3316279082
120373.2818242279 115914.8279355612
96718.5482425035 116073.3242432143
99115.9874568675 116390.3168585204

120373.2818242279 115914.8279355612
120533.1111051855 115914.8279355612
120373.2818242279 115756.3316279082
120533.1111051855 115756.3316279082
120373.2818242279 115597.8353202551
120373.2818242279 115439.3390126020
120373.2818242279 115280.8427049490
120533.1111051855 115280.8427049490
120373.2818242279 115122.3463972959
120373.2818242279 114963.8500896429
120533.1111051855 114805.3537819898
120533.1111051855 114646.8574743367
120533.1111051855 114488.3611666837
120533.1111051855 114329.8648590306
120533.1111051855 114171.3685513776
120533.1111051855 114012.8722437245
120533.1111051855 113854.3759360714
120533.1111051855 113695.8796284184
120533.1111051855 113537.3833207653
120533.1111051855 113378.8870131122
120533.1111051855 113220.3907054592
120533.1111051855 113061.8943978061
120692.9403861431 111952.4202442347
120533.1111051855 111952.4202442347
120533.1111051855 112110.9165518878
120692.9403861431 112269.4128595408
120533.1111051855 112269.4128595408
120533.1111051855 112427.9091671939
120533.1111051855 112586.4054748469
120533.1111051855 112744.9017825000
120533.1111051855 112903.3980901531

120373.2818242279 115914.8279355612
120533.1111051855 115914.8279355612
120373.2818242279 115756.3316279082
120533.1111051855 115756.3316279082
120373.2818242279 115597.8353202551
120533.1111051855 115597.8353202551
120373.2818242279 115439.3390126020
120533.1111051855 115439.3390126020
120373.2818242279 115280.8427049490
120533.1111051855 115280.8427049490
120373.2818242279 115122.3463972959
120373.2818242279 114963.8500896429
120373.2818242279 114805.3537819898
120533.1111051855 114646.8574743367
120533.1111051855 114488.3611666837
120533.1111051855 114329.8648590306
120533.1111051855 114171.3685513776
120533.1111051855 114012.8722437245
120533.1111051855 113854.3759360714
120533.1111051855 113695.8796284184
120533.1111051855 113537.3833207653
120692.9403861431 111952.4202442347
120692.9403861431 112110.9165518878
120692.9403861431 112269.4128595408
120692.9403861431 112427.9091671939
120533.1111051855 112586.4054748469
120533.1111051855 112744.9017825000
120533.1111051855 112903.3980901531
120533.1111051855 113061.8943978061
120213.4525432703 115914.8279355612
120533.1111051855 113378.8870131122

120373.2818242279 115914.8279355612
120373.2818242279 115756.3316279082
120373.2818242279 115597.8353202551
120373.2818242279 115439.3390126020
120373.2818242279 115280.8427049490
120373.2818242279 115122.3463972959
120373.2818242279 114963.8500896429
120373.2818242279 114805.3537819898
120373.2818242279 114646.8574743367
120373.2818242279 114488.3611666837
120373.2818242279 114329.8648590306
110463.8664048569 114171.3685513776
120533.1111051855 114171.3685513776
110463.8664048569 114012.8722437245
120533.1111051855 114012.8722437245
110463.8664048569 113854.3759360714
120533.1111051855 113854.3759360714
110463.8664048569 113695.8796284184
120533.1111051855 113695.8796284184
120533.1111051855 113537.3833207653
120533.1111051855 113378.8870131122
120533.1111051855 113220.3907054592
120533.1111051855 113061.8943978061
120533.1111051855 112903.3980901531
120533.1111051855 112744.9017825000
110144.2078429417 114488.3611666837
120533.1111051855 111952.4202442347
120533.1111051855 112110.9165518878
120533.1111051855 112269.4128595408
120533.1111051855 112427.9091671939
120533.1111051855 112586.4054748469

120373.2818242279 115914.8279355612
120533.1111051855 115914.8279355612
120373.2818242279 115756.3316279082
120373.2818242279 115597.8353202551
120373.2818242279 115439.3390126020
120373.2818242279 115280.8427049490
120533.1111051855 115280.8427049490
120373.2818242279 115122.3463972959
120373.2818242279 114963.8500896429
120373.2818242279 114805.3537819898
120533.1111051855 114805.3537819898
120533.1111051855 114646.8574743367
120533.1111051855 114488.3611666837
120533.1111051855 114329.8648590306
120692.9403861431 111952.4202442347
120533.1111051855 111952.4202442347
120533.1111051855 112110.9165518878
120692.9403861431 112269.4128595408
120533.1111051855 112269.4128595408
120533.1111051855 112427.9091671939
120533.1111051855 112586.4054748469
120533.1111051855 112744.9017825000
120533.1111051855 112903.3980901531
120533.1111051855 113061.8943978061
120533.1111051855 113220.3907054592
120533.1111051855 113378.8870131122
120533.1111051855 113537.3833207653
120533.1111051855 113695.8796284184
120533.1111051855 113854.3759360714
120533.1111051855 114012.8722437245
120533.1111051855 114171.3685513776

120373.2818242279 115914.8279355612
120533.1111051855 115914.8279355612
120373.2818242279 115756.3316279082
120533.1111051855 115756.3316279082
120373.2818242279 115597.8353202551
120373.2818242279 115439.3390126020
120373.2818242279 115280.8427049490
120373.2818242279 115122.3463972959
120373.2818242279 114963.8500896429
120373.2818242279 114805.3537819898
120533.1111051855 114805.3537819898
120533.1111051855 114646.8574743367
120533.1111051855 114488.3611666837
120533.1111051855 114329.8648590306
120533.1111051855 114171.3685513776
120692.9403861431 111952.4202442347
120533.1111051855 111952.4202442347
120533.1111051855 112110.9165518878
120692.9403861431 112269.4128595408
120533.1111051855 112269.4128595408
120533.1111051855 112427.9091671939
120533.1111051855 112586.4054748469
120533.1111051855 112744.9017825000
120533.1111051855 112903.3980901531
120533.1111051855 113061.8943978061
120533.1111051855 113220.3907054592
120533.1111051855 113378.8870131122
120533.1111051855 113537.3833207653
120533.1111051855 113695.8796284184
120533.1111051855 113854.3759360714
120533.1111051855 114012.8722437245

120213.4525432703 115914.8279355612
120373.2818242279 115914.8279355612
120533.1111051855 115914.8279355612
120213.4525432703 115756.3316279082
120373.2818242279 115756.3316279082
120533.1111051855 115756.3316279082
120373.2818242279 115597.8353202551
120533.1111051855 115597.8353202551
120373.2818242279 115439.3390126020
120533.1111051855 115439.3390126020
120373.2818242279 115280.8427049490
120533.1111051855 115280.8427049490
120373.2818242279 115122.3463972959
120373.2818242279 114963.8500896429
120373.2818242279 114805.3537819898
120533.1111051855 114805.3537819898
120533.1111051855 114488.3611666837
120533.1111051855 114329.8648590306
120533.1111051855 114171.3685513776
120692.9403861431 111952.4202442347
120533.1111051855 111952.4202442347
120692.9403861431 112110.9165518878
120692.9403861431 112269.4128595408
120692.9403861431 112427.9091671939
120533.1111051855 112586.4054748469
120533.1111051855 112744.9017825000
120533.1111051855 112903.3980901531
120533.1111051855 113061.8943978061
120533.1111051855 113220.3907054592
120533.1111051855 113378.8870131122
120533.1111051855 113537.3833207653

120213.4525432703 115914.8279355612
120373.2818242279 115914.8279355612
120533.1111051855 115914.8279355612
120213.4525432703 115756.3316279082
120373.2818242279 115756.3316279082
120533.1111051855 115756.3316279082
120373.2818242279 115597.8353202551
120533.1111051855 115597.8353202551
120373.2818242279 115439.3390126020
120533.1111051855 115439.3390126020
120373.2818242279 115280.8427049490
120533.1111051855 115280.8427049490
120373.2818242279 115122.3463972959
120373.2818242279 114963.8500896429
120373.2818242279 114805.3537819898
120533.1111051855 114805.3537819898
120533.1111051855 114488.3611666837
120533.1111051855 114329.8648590306
120533.1111051855 114171.3685513776
120692.9403861431 111952.4202442347
120692.9403861431 112110.9165518878
120692.9403861431 112269.4128595408
120692.9403861431 112427.9091671939
120533.1111051855 112586.4054748469
120533.1111051855 112744.9017825000
120533.1111051855 112903.3980901531
120533.1111051855 113061.8943978061
120533.1111051855 113220.3907054592
120533.1111051855 113378.8870131122
120533.1111051855 113537.3833207653
120533.1111051855 113695.8796284184

120213.4525432703 115914.8279355612
120373.2818242279 115914.8279355612
120533.1111051855 115914.8279355612
120213.4525432703 115756.3316279082
120373.2818242279 115756.3316279082
120533.1111051855 115756.3316279082
120373.2818242279 115597.8353202551
120533.1111051855 115597.8353202551
120373.2818242279 115439.3390126020
120533.1111051855 115439.3390126020
120373.2818242279 115280.8427049490
120533.1111051855 115280.8427049490
120373.2818242279 115122.3463972959
120373.2818242279 114963.8500896429
120373.2818242279 114805.3537819898
120533.1111051855 114805.3537819898
120533.1111051855 114488.3611666837
120533.1111051855 114329.8648590306
120533.1111051855 114171.3685513776
120533.1111051855 114012.8722437245
120533.1111051855 113695.8796284184
120533.1111051855 113537.3833207653
120533.1111051855 113378.8870131122
120533.1111051855 113220.3907054592
120533.1111051855 113061.8943978061
120533.1111051855 112903.3980901531
120533.1111051855 112586.4054748469
120692.9403861431 112427.9091671939
120692.9403861431 112269.4128595408
120692.9403861431 112110.9165518878
120692.9403861431 111952.4202442347

120213.4525432703 115914.8279355612
120373.2818242279 115914.8279355612
120533.1111051855 115914.8279355612
120373.2818242279 115756.3316279082
120533.1111051855 115756.3316279082
120373.2818242279 115597.8353202551
120533.1111051855 115597.8353202551
120373.2818242279 115439.3390126020
120533.1111051855 115439.3390126020
120373.2818242279 115280.8427049490
120533.1111051855 115280.8427049490
120373.2818242279 115122.3463972959
120373.2818242279 114963.8500896429
120373.2818242279 114805.3537819898
120692.9403861431 111952.4202442347
120692.9403861431 112110.9165518878
120692.9403861431 112269.4128595408
120692.9403861431 112427.9091671939
120533.1111051855 112586.4054748469
120533.1111051855 112744.9017825000
120533.1111051855 112903.3980901531
120533.1111051855 113061.8943978061
120533.1111051855 113220.3907054592
120533.1111051855 113378.8870131122
120533.1111051855 113537.3833207653
120533.1111051855 113695.8796284184
120533.1111051855 114012.8722437245
120533.1111051855 114171.3685513776
120533.1111051855 114329.8648590306
120533.1111051855 114488.3611666837
120533.1111051855 114805.3537819898

120373.2818242279 115914.8279355612
120533.1111051855 115914.8279355612
120373.2818242279 115756.3316279082
120533.1111051855 115756.3316279082
120373.2818242279 115597.8353202551
120373.2818242279 115439.3390126020
120373.2818242279 115280.8427049490
120373.2818242279 115122.3463972959
120373.2818242279 114963.8500896429
120373.2818242279 114805.3537819898
120533.1111051855 114646.8574743367
120533.1111051855 114488.3611666837
120533.1111051855 114329.8648590306
120533.1111051855 114171.3685513776
120533.1111051855 114012.8722437245
120533.1111051855 113854.3759360714
110463.8664048569 113695.8796284184
120533.1111051855 113695.8796284184
120533.1111051855 113537.3833207653
120533.1111051855 113378.8870131122
120533.1111051855 113220.3907054592
120692.9403861431 111952.4202442347
120533.1111051855 111952.4202442347
120533.1111051855 112110.9165518878
120692.9403861431 112269.4128595408
120533.1111051855 112269.4128595408
120533.1111051855 112427.9091671939
120533.1111051855 112586.4054748469
120533.1111051855 112744.9017825000
120533.1111051855 112903.3980901531
120533.1111051855 113061.8943978061

120373.2818242279 115914.8279355612
123250.2088814647 111635.4276289286
120373.2818242279 115756.3316279082
120373.2818242279 115597.8353202551
120373.2818242279 115439.3390126020
120373.2818242279 115280.8427049490
120373.2818242279 115122.3463972959
120373.2818242279 114963.8500896429
120373.2818242279 114805.3537819898
120373.2818242279 114646.8574743367
120533.1111051855 114488.3611666837
120533.1111051855 114329.8648590306
110463.8664048569 114171.3685513776
120533.1111051855 114171.3685513776
110463.8664048569 114012.8722437245
120533.1111051855 114012.8722437245
110463.8664048569 113854.3759360714
120533.1111051855 113854.3759360714
110463.8664048569 113695.8796284184
120533.1111051855 113695.8796284184
120533.1111051855 113537.3833207653
120533.1111051855 113378.8870131122
120533.1111051855 113220.3907054592
120533.1111051855 113061.8943978061
120533.1111051855 112903.3980901531
120533.1111051855 112744.9017825000
120533.1111051855 112586.4054748469
120533.1111051855 112427.9091671939
120533.1111051855 112269.4128595408
120533.1111051855 112110.9165518878
120533.1111051855 111952.4202442347

120373.2818242279 115914.8279355612
120533.1111051855 115914.8279355612
120373.2818242279 115756.3316279082
120373.2818242279 115597.8353202551
120373.2818242279 115439.3390126020
120373.2818242279 115280.8427049490
120373.2818242279 115122.3463972959
120373.2818242279 114963.8500896429
120373.2818242279 114805.3537819898
120533.1111051855 114805.3537819898
120533.1111051855 114646.8574743367
120533.1111051855 114488.3611666837
120533.1111051855 114329.8648590306
120533.1111051855 114171.3685513776
120533.1111051855 114012.8722437245
120533.1111051855 113854.3759360714
110463.8664048569 113695.8796284184
120533.1111051855 113695.8796284184
120692.9403861431 111952.4202442347
120533.1111051855 111952.4202442347
120533.1111051855 112110.9165518878
120692.9403861431 112269.4128595408
120533.1111051855 112269.4128595408
120533.1111051855 112427.9091671939
120533.1111051855 112586.4054748469
120533.1111051855 112744.9017825000
120533.1111051855 112903.3980901531
120533.1111051855 113061.8943978061
120533.1111051855 113220.3907054592
120533.1111051855 113378.8870131122
120533.1111051855 113537.3833207653

120373.2818242279 115914.8279355612
120533.1111051855 115914.8279355612
120373.2818242279 115756.3316279082
120373.2818242279 115597.8353202551
120373.2818242279 115439.3390126020
120373.2818242279 115280.8427049490
120373.2818242279 115122.3463972959
120373.2818242279 114963.8500896429
120373.2818242279 114805.3537819898
120533.1111051855 114646.8574743367
120533.1111051855 114488.3611666837
120533.1111051855 114329.8648590306
121172.4282290159 111793.9239365816
120533.1111051855 111952.4202442347
120533.1111051855 112110.9165518878
120692.9403861431 112269.4128595408
120533.1111051855 112269.4128595408
120533.1111051855 112427.9091671939
120533.1111051855 112586.4054748469
120533.1111051855 112744.9017825000
120533.1111051855 112903.3980901531
120533.1111051855 113061.8943978061
120533.1111051855 113220.3907054592
120533.1111051855 113378.8870131122
120533.1111051855 113537.3833207653
120533.1111051855 113695.8796284184
110463.8664048569 113695.8796284184
120533.1111051855 113854.3759360714
110463.8664048569 113854.3759360714
120533.1111051855 114012.8722437245
120533.1111051855 114171.3685513776

120373.2818242279 115914.8279355612
120533.1111051855 115914.8279355612
120373.2818242279 115756.3316279082
120373.2818242279 115597.8353202551
120373.2818242279 115439.3390126020
120373.2818242279 115280.8427049490
120373.2818242279 115122.3463972959
120373.2818242279 114963.8500896429
120373.2818242279 114805.3537819898
120373.2818242279 114646.8574743367
120533.1111051855 111952.4202442347
120533.1111051855 112110.9165518878
120692.9403861431 112269.4128595408
120533.1111051855 112269.4128595408
120533.1111051855 112427.9091671939
120533.1111051855 112586.4054748469
120533.1111051855 112744.9017825000
120533.1111051855 112903.3980901531
120533.1111051855 113061.8943978061
120533.1111051855 113220.3907054592
120533.1111051855 113378.8870131122
120533.1111051855 113537.3833207653
120533.1111051855 113695.8796284184
110463.8664048569 113695.8796284184
120533.1111051855 113854.3759360714
110463.8664048569 113854.3759360714
120533.1111051855 114012.8722437245
110463.8664048569 114012.8722437245
120533.1111051855 114171.3685513776
120533.1111051855 114329.8648590306
120533.1111051855 114488.3611666837

120373.2818242279 115914.8279355612
120373.2818242279 115756.3316279082
120373.2818242279 115597.8353202551
120373.2818242279 115439.3390126020
120373.2818242279 115280.8427049490
120373.2818242279 115122.3463972959
120373.2818242279 114963.8500896429
120373.2818242279 114805.3537819898
120373.2818242279 114646.8574743367
126766.4530625318 111159.9387059694
120533.1111051855 114329.8648590306
110463.8664048569 114171.3685513776
120533.1111051855 114171.3685513776
110463.8664048569 114012.8722437245
120533.1111051855 114012.8722437245
110463.8664048569 113854.3759360714
120533.1111051855 113854.3759360714
110463.8664048569 113695.8796284184
120533.1111051855 113695.8796284184
121172.4282290159 111793.9239365816
120533.1111051855 111952.4202442347
120533.1111051855 112110.9165518878
120533.1111051855 112269.4128595408
120533.1111051855 112427.9091671939
120533.1111051855 112586.4054748469
120533.1111051855 112744.9017825000
120533.1111051855 112903.3980901531
120533.1111051855 113061.8943978061
120533.1111051855 113220.3907054592
120533.1111051855 113378.8870131122
120533.1111051855 113537.3833207653

120373.2818242279 115914.8279355612
120533.1111051855 115914.8279355612
120373.2818242279 115756.3316279082
120373.2818242279 115597.8353202551
120373.2818242279 115439.3390126020
120373.2818242279 115280.8427049490
120373.2818242279 115122.3463972959
120373.2818242279 114963.8500896429
120373.2818242279 114805.3537819898
120373.2818242279 114646.8574743367
120373.2818242279 114488.3611666837
120533.1111051855 114329.8648590306
120533.1111051855 114171.3685513776
110463.8664048569 114012.8722437245
120533.1111051855 114012.8722437245
110463.8664048569 113854.3759360714
120533.1111051855 113854.3759360714
110463.8664048569 113695.8796284184
120533.1111051855 113695.8796284184
120533.1111051855 113537.3833207653
120533.1111051855 113378.8870131122
120533.1111051855 111952.4202442347
120533.1111051855 112110.9165518878
120692.9403861431 112269.4128595408
120533.1111051855 112269.4128595408
120533.1111051855 112427.9091671939
120533.1111051855 112586.4054748469
120533.1111051855 112744.9017825000
120533.1111051855 112903.3980901531
120533.1111051855 113061.8943978061
120533.1111051855 113220.3907054592

120373.2818242279 115914.8279355612
120533.1111051855 115914.8279355612
120373.2818242279 115756.3316279082
120373.2818242279 115597.8353202551
120373.2818242279 115439.3390126020
120373.2818242279 115280.8427049490
120373.2818242279 115122.3463972959
120373.2818242279 114963.8500896429
120373.2818242279 114805.3537819898
120533.1111051855 114646.8574743367
120533.1111051855 114488.3611666837
120533.1111051855 114329.8648590306
120533.1111051855 114171.3685513776
110463.8664048569 114012.8722437245
120533.1111051855 114012.8722437245
110463.8664048569 113854.3759360714
120533.1111051855 113854.3759360714
110463.8664048569 113695.8796284184
120533.1111051855 113695.8796284184
120533.1111051855 113537.3833207653
120533.1111051855 113378.8870131122
120533.1111051855 113220.3907054592
120533.1111051855 113061.8943978061
120533.1111051855 112903.3980901531
120533.1111051855 112744.9017825000
120533.1111051855 112586.4054748469
120533.1111051855 112427.9091671939
120533.1111051855 112269.4128595408
120692.9403861431 112269.4128595408
120533.1111051855 112110.9165518878
120533.1111051855 111952.4202442347

120373.2818242279 115914.8279355612
120533.1111051855 115914.8279355612
120373.2818242279 115756.3316279082
120533.1111051855 115756.3316279082
120373.2818242279 115597.8353202551
120373.2818242279 115439.3390126020
120373.2818242279 115280.8427049490
120373.2818242279 115122.3463972959
120373.2818242279 114963.8500896429
121172.4282290159 111793.9239365816
120533.1111051855 111952.4202442347
120533.1111051855 112110.9165518878
120692.9403861431 112269.4128595408
120533.1111051855 112269.4128595408
120533.1111051855 112427.9091671939
120533.1111051855 112586.4054748469
120533.1111051855 112744.9017825000
120533.1111051855 112903.3980901531
120533.1111051855 113061.8943978061
120533.1111051855 113220.3907054592
120533.1111051855 113378.8870131122
120533.1111051855 113537.3833207653
120533.1111051855 113695.8796284184
110463.8664048569 113695.8796284184
120533.1111051855 113854.3759360714
120533.1111051855 114012.8722437245
120533.1111051855 114171.3685513776
120533.1111051855 114329.8648590306
120533.1111051855 114488.3611666837
120533.1111051855 114646.8574743367
120533.1111051855 114805.3537819898

120373.2818242279 115914.8279355612
120533.1111051855 115914.8279355612
120373.2818242279 115756.3316279082
120373.2818242279 115597.8353202551
120373.2818242279 115439.3390126020
120373.2818242279 115280.8427049490
120373.2818242279 115122.3463972959
120373.2818242279 114963.8500896429
120373.2818242279 114805.3537819898
120533.1111051855 114805.3537819898
120533.1111051855 114646.8574743367
120533.1111051855 114488.3611666837
120533.1111051855 114329.8648590306
120852.7696671007 111952.4202442347
120533.1111051855 111952.4202442347
120533.1111051855 112110.9165518878
120692.9403861431 112269.4128595408
120533.1111051855 112269.4128595408
120533.1111051855 112427.9091671939
120533.1111051855 112586.4054748469
120533.1111051855 112744.9017825000
120533.1111051855 112903.3980901531
120533.1111051855 113061.8943978061
120533.1111051855 113220.3907054592
120533.1111051855 113378.8870131122
120533.1111051855 113537.3833207653
120533.1111051855 113695.8796284184
110463.8664048569 113695.8796284184
120533.1111051855 113854.3759360714
120533.1111051855 114012.8722437245
120533.1111051855 114171.3685513776

120373.2818242279 115914.8279355612
120533.1111051855 115914.8279355612
120373.2818242279 115756.3316279082
120373.2818242279 115597.8353202551
120373.2818242279 115439.3390126020
120373.2818242279 115280.8427049490
120373.2818242279 115122.3463972959
120373.2818242279 114963.8500896429
120373.2818242279 114805.3537819898
120533.1111051855 114646.8574743367
120533.1111051855 114488.3611666837
120533.1111051855 114329.8648590306
120533.1111051855 114171.3685513776
110463.8664048569 114012.8722437245
120533.1111051855 114012.8722437245
110463.8664048569 113854.3759360714
120533.1111051855 113854.3759360714
110463.8664048569 113695.8796284184
120533.1111051855 113695.8796284184
120533.1111051855 113537.3833207653
120533.1111051855 113378.8870131122
120533.1111051855 113220.3907054592
120533.1111051855 113061.8943978061
120533.1111051855 112903.3980901531
120533.1111051855 112744.9017825000
120533.1111051855 112586.4054748469
120533.1111051855 112427.9091671939
120533.1111051855 112269.4128595408
120533.1111051855 112110.9165518878
120533.1111051855 111952.4202442347
121172.4282290159 111793.9239365816

120373.2818242279 115914.8279355612
120533.1111051855 115914.8279355612
120373.2818242279 115756.3316279082
120373.2818242279 115597.8353202551
120373.2818242279 115439.3390126020
120373.2818242279 115280.8427049490
120373.2818242279 115122.3463972959
120373.2818242279 114963.8500896429
120373.2818242279 114805.3537819898
120533.1111051855 114646.8574743367
120533.1111051855 114488.3611666837
120533.1111051855 114329.8648590306
120533.1111051855 114171.3685513776
110463.8664048569 114012.8722437245
120533.1111051855 114012.8722437245
110463.8664048569 113854.3759360714
120533.1111051855 113854.3759360714
110463.8664048569 113695.8796284184
120533.1111051855 113695.8796284184
120533.1111051855 113537.3833207653
120533.1111051855 113378.8870131122
120533.1111051855 113220.3907054592
120533.1111051855 113061.8943978061
120533.1111051855 112903.3980901531
120533.1111051855 112744.9017825000
120533.1111051855 112586.4054748469
120533.1111051855 112427.9091671939
120533.1111051855 111952.4202442347
120533.1111051855 112110.9165518878
120533.1111051855 112269.4128595408
110463.8664048569 114171.3685513776

120373.2818242279 115914.8279355612
120533.1111051855 115914.8279355612
120373.2818242279 115756.3316279082
120373.2818242279 115597.8353202551
120373.2818242279 115439.3390126020
120373.2818242279 115280.8427049490
120373.2818242279 115122.3463972959
120373.2818242279 114963.8500896429
120373.2818242279 114805.3537819898
120373.2818242279 114646.8574743367
120533.1111051855 114488.3611666837
121172.4282290159 111793.9239365816
120533.1111051855 111952.4202442347
120533.1111051855 112110.9165518878
120692.9403861431 112269.4128595408
120533.1111051855 112269.4128595408
120533.1111051855 112427.9091671939
120533.1111051855 112586.4054748469
120533.1111051855 112744.9017825000
120533.1111051855 112903.3980901531
120533.1111051855 113061.8943978061
120533.1111051855 113220.3907054592
120533.1111051855 113378.8870131122
120533.1111051855 113537.3833207653
120533.1111051855 113695.8796284184
110463.8664048569 113695.8796284184
120533.1111051855 113854.3759360714
110463.8664048569 113854.3759360714
120533.1111051855 114012.8722437245
120533.1111051855 114171.3685513776
120533.1111051855 114329.8648590306

120373.2818242279 115914.8279355612
120373.2818242279 115756.3316279082
120373.2818242279 115597.8353202551
120373.2818242279 115439.3390126020
120373.2818242279 115280.8427049490
120373.2818242279 115122.3463972959
120373.2818242279 114963.8500896429
120373.2818242279 114805.3537819898
120373.2818242279 114646.8574743367
110463.8664048569 114488.3611666837
110943.3542477297 114805.3537819898
120533.1111051855 114329.8648590306
110463.8664048569 114171.3685513776
120533.1111051855 114171.3685513776
110463.8664048569 114012.8722437245
120533.1111051855 114012.8722437245
110463.8664048569 113854.3759360714
120533.1111051855 113854.3759360714
110463.8664048569 113695.8796284184
120533.1111051855 113695.8796284184
120533.1111051855 113537.3833207653
120533.1111051855 113378.8870131122
120533.1111051855 111952.4202442347
120533.1111051855 112110.9165518878
120533.1111051855 112269.4128595408
120533.1111051855 112427.9091671939
120533.1111051855 112586.4054748469
120533.1111051855 112744.9017825000
120533.1111051855 112903.3980901531
120533.1111051855 113061.8943978061
120533.1111051855 113220.3907054592

120373.2818242279 115914.8279355612
120533.1111051855 115914.8279355612
120373.2818242279 115756.3316279082
120373.2818242279 115597.8353202551
120373.2818242279 115439.3390126020
120373.2818242279 115280.8427049490
120373.2818242279 115122.3463972959
120373.2818242279 114963.8500896429
120373.2818242279 114805.3537819898
120533.1111051855 114805.3537819898
120533.1111051855 114646.8574743367
120533.1111051855 114488.3611666837
120533.1111051855 114329.8648590306
120533.1111051855 114171.3685513776
120533.1111051855 114012.8722437245
120533.1111051855 113854.3759360714
110463.8664048569 113695.8796284184
120533.1111051855 113695.8796284184
120533.1111051855 113537.3833207653
120533.1111051855 113378.8870131122
121172.4282290159 111793.9239365816
120533.1111051855 111952.4202442347
120852.7696671007 112110.9165518878
120533.1111051855 112110.9165518878
120533.1111051855 112269.4128595408
120533.1111051855 112427.9091671939
120533.1111051855 112586.4054748469
120533.1111051855 112744.9017825000
120533.1111051855 112903.3980901531
120533.1111051855 113061.8943978061
120533.1111051855 113220.3907054592

120373.2818242279 115914.8279355612
120533.1111051855 115914.8279355612
120373.2818242279 115756.3316279082
120373.2818242279 115597.8353202551
120373.2818242279 115439.3390126020
120373.2818242279 115280.8427049490
120373.2818242279 115122.3463972959
120373.2818242279 114963.8500896429
120373.2818242279 114805.3537819898
120533.1111051855 114646.8574743367
120533.1111051855 114488.3611666837
120533.1111051855 114329.8648590306
120852.7696671007 111952.4202442347
120533.1111051855 111952.4202442347
120533.1111051855 112110.9165518878
120533.1111051855 112269.4128595408
120533.1111051855 112427.9091671939
120533.1111051855 112586.4054748469
120533.1111051855 112744.9017825000
120533.1111051855 112903.3980901531
120533.1111051855 113061.8943978061
120533.1111051855 113220.3907054592
120533.1111051855 113378.8870131122
120533.1111051855 113537.3833207653
120533.1111051855 113695.8796284184
110463.8664048569 113695.8796284184
120533.1111051855 113854.3759360714
110463.8664048569 113854.3759360714
120533.1111051855 114012.8722437245
110463.8664048569 114012.8722437245
120533.1111051855 114171.3685513776

120373.2818242279 115914.8279355612
120533.1111051855 115914.8279355612
120373.2818242279 115756.3316279082
120373.2818242279 115597.8353202551
120373.2818242279 115439.3390126020
120373.2818242279 115280.8427049490
120373.2818242279 115122.3463972959
120373.2818242279 114963.8500896429
120373.2818242279 114805.3537819898
120533.1111051855 114805.3537819898
120533.1111051855 114646.8574743367
120533.1111051855 114488.3611666837
120533.1111051855 114329.8648590306
120533.1111051855 111952.4202442347
120533.1111051855 112110.9165518878
120692.9403861431 112269.4128595408
120533.1111051855 112269.4128595408
120533.1111051855 112427.9091671939
120533.1111051855 112586.4054748469
120533.1111051855 112744.9017825000
120533.1111051855 112903.3980901531
120533.1111051855 113061.8943978061
120533.1111051855 113220.3907054592
120533.1111051855 113378.8870131122
120533.1111051855 113537.3833207653
120533.1111051855 113695.8796284184
110463.8664048569 113695.8796284184
120533.1111051855 113854.3759360714
110463.8664048569 113854.3759360714
120533.1111051855 114012.8722437245
120533.1111051855 114171.3685513776

120373.2818242279 115914.8279355612
120533.1111051855 115914.8279355612
120373.2818242279 115756.3316279082
120373.2818242279 115597.8353202551
120373.2818242279 115439.3390126020
120373.2818242279 115280.8427049490
120533.1111051855 115280.8427049490
120373.2818242279 115122.3463972959
120373.2818242279 114963.8500896429
120373.2818242279 114805.3537819898
120533.1111051855 114805.3537819898
120533.1111051855 114646.8574743367
120533.1111051855 114488.3611666837
120533.1111051855 114329.8648590306
120533.1111051855 114171.3685513776
120533.1111051855 114012.8722437245
121172.4282290159 111793.9239365816
120533.1111051855 111952.4202442347
120533.1111051855 112110.9165518878
120692.9403861431 112269.4128595408
120533.1111051855 112269.4128595408
120533.1111051855 112427.9091671939
120533.1111051855 112586.4054748469
120533.1111051855 112744.9017825000
120533.1111051855 112903.3980901531
120533.1111051855 113061.8943978061
120533.1111051855 113220.3907054592
120533.1111051855 113378.8870131122
120533.1111051855 113537.3833207653
120533.1111051855 113695.8796284184
120533.1111051855 113854.3759360714

120373.2818242279 115914.8279355612
120533.1111051855 115914.8279355612
120373.2818242279 115756.3316279082
120373.2818242279 115597.8353202551
120373.2818242279 115439.3390126020
120373.2818242279 115280.8427049490
120373.2818242279 115122.3463972959
120373.2818242279 114963.8500896429
120373.2818242279 114805.3537819898
120373.2818242279 114646.8574743367
120533.1111051855 114488.3611666837
120533.1111051855 114329.8648590306
120533.1111051855 114171.3685513776
110463.8664048569 114012.8722437245
121172.4282290159 111793.9239365816
120533.1111051855 111952.4202442347
120533.1111051855 112110.9165518878
120533.1111051855 112269.4128595408
120533.1111051855 112427.9091671939
120533.1111051855 112586.4054748469
120533.1111051855 112744.9017825000
120533.1111051855 112903.3980901531
120533.1111051855 113061.8943978061
120533.1111051855 113220.3907054592
120533.1111051855 113378.8870131122
120533.1111051855 113537.3833207653
120533.1111051855 113695.8796284184
110463.8664048569 113695.8796284184
120533.1111051855 113854.3759360714
110463.8664048569 113854.3759360714
120533.1111051855 114012.8722437245

120373.2818242279 115914.8279355612
120533.1111051855 115914.8279355612
120373.2818242279 115756.3316279082
120373.2818242279 115597.8353202551
120373.2818242279 115439.3390126020
120373.2818242279 115280.8427049490
120373.2818242279 115122.3463972959
120373.2818242279 114963.8500896429
120373.2818242279 114805.3537819898
120373.2818242279 114646.8574743367
120533.1111051855 114488.3611666837
120533.1111051855 114329.8648590306
120852.7696671007 111952.4202442347
120533.1111051855 111952.4202442347
120533.1111051855 112110.9165518878
120533.1111051855 112269.4128595408
120533.1111051855 112427.9091671939
120533.1111051855 112586.4054748469
120533.1111051855 112744.9017825000
120533.1111051855 112903.3980901531
120533.1111051855 113061.8943978061
120533.1111051855 113220.3907054592
120533.1111051855 113378.8870131122
120533.1111051855 113537.3833207653
120533.1111051855 113695.8796284184
110463.8664048569 113695.8796284184
120533.1111051855 113854.3759360714
110463.8664048569 113854.3759360714
120533.1111051855 114012.8722437245
110463.8664048569 114012.8722437245
120533.1111051855 114171.3685513776

120373.2818242279 115914.8279355612
120533.1111051855 115914.8279355612
120373.2818242279 115756.3316279082
120373.2818242279 115597.8353202551
120373.2818242279 115439.3390126020
120373.2818242279 115280.8427049490
120533.1111051855 115280.8427049490
120373.2818242279 115122.3463972959
120373.2818242279 114963.8500896429
120373.2818242279 114805.3537819898
120533.1111051855 114646.8574743367
120533.1111051855 114488.3611666837
120533.1111051855 114329.8648590306
120533.1111051855 114171.3685513776
120533.1111051855 114012.8722437245
120533.1111051855 113854.3759360714
110463.8664048569 113695.8796284184
120533.1111051855 113695.8796284184
121172.4282290159 111793.9239365816
120533.1111051855 111952.4202442347
120533.1111051855 112110.9165518878
120692.9403861431 112269.4128595408
120533.1111051855 112269.4128595408
120533.1111051855 112427.9091671939
120533.1111051855 112586.4054748469
120533.1111051855 112744.9017825000
120533.1111051855 112903.3980901531
120533.1111051855 113061.8943978061
120533.1111051855 113220.3907054592
120533.1111051855 113378.8870131122
120533.1111051855 113537.3833207653

120373.2818242279 115914.8279355612
120533.1111051855 115914.8279355612
120373.2818242279 115756.3316279082
120373.2818242279 115597.8353202551
120373.2818242279 115439.3390126020
120373.2818242279 115280.8427049490
120373.2818242279 115122.3463972959
120373.2818242279 114963.8500896429
120373.2818242279 114805.3537819898
120533.1111051855 114805.3537819898
120533.1111051855 114646.8574743367
120533.1111051855 114488.3611666837
120533.1111051855 114329.8648590306
120533.1111051855 114171.3685513776
120533.1111051855 114012.8722437245
120533.1111051855 113854.3759360714
120533.1111051855 115439.3390126020
120533.1111051855 113695.8796284184
120533.1111051855 113537.3833207653
120533.1111051855 113378.8870131122
120533.1111051855 113220.3907054592
120533.1111051855 113061.8943978061
120533.1111051855 112903.3980901531
120533.1111051855 112744.9017825000
120533.1111051855 112586.4054748469
120533.1111051855 112427.9091671939
120533.1111051855 112269.4128595408
120692.9403861431 112269.4128595408
120533.1111051855 112110.9165518878
120533.1111051855 111952.4202442347
121172.4282290159 111793.9239365816

120373.2818242279 115914.8279355612
120533.1111051855 115914.8279355612
120373.2818242279 115756.3316279082
120533.1111051855 115756.3316279082
120373.2818242279 115597.8353202551
120533.1111051855 115597.8353202551
120373.2818242279 115439.3390126020
120533.1111051855 115439.3390126020
120373.2818242279 115280.8427049490
120533.1111051855 115280.8427049490
120373.2818242279 115122.3463972959
120373.2818242279 114963.8500896429
120373.2818242279 114805.3537819898
120533.1111051855 114805.3537819898
120533.1111051855 114488.3611666837
120533.1111051855 114329.8648590306
120533.1111051855 114171.3685513776
120533.1111051855 114012.8722437245
120533.1111051855 113854.3759360714
120533.1111051855 113695.8796284184
120533.1111051855 113537.3833207653
120533.1111051855 113378.8870131122
120533.1111051855 113220.3907054592
120533.1111051855 113061.8943978061
120533.1111051855 112903.3980901531
120533.1111051855 112744.9017825000
120213.4525432703 115914.8279355612
120692.9403861431 112427.9091671939
120692.9403861431 112269.4128595408
120692.9403861431 112110.9165518878
120692.9403861431 111952.4202442347

99115.9874568675 116390.3168585204
96718.5482425035 116073.3242432143
120373.2818242279 115914.8279355612
120373.2818242279 115756.3316279082
120373.2818242279 115597.8353202551
120373.2818242279 115439.3390126020
120373.2818242279 115280.8427049490
120373.2818242279 115122.3463972959
120373.2818242279 114963.8500896429
120373.2818242279 114805.3537819898
120373.2818242279 114646.8574743367
137155.3563247756 109416.4793217857
120533.1111051855 111952.4202442347
120533.1111051855 112110.9165518878
120533.1111051855 112269.4128595408
120533.1111051855 112427.9091671939
120533.1111051855 112586.4054748469
120533.1111051855 112744.9017825000
120533.1111051855 112903.3980901531
120533.1111051855 113061.8943978061
120533.1111051855 113220.3907054592
120533.1111051855 113378.8870131122
120533.1111051855 113537.3833207653
120533.1111051855 113695.8796284184
110463.8664048569 113695.8796284184
120533.1111051855 113854.3759360714
110463.8664048569 113854.3759360714
120533.1111051855 114012.8722437245
110463.8664048569 114012.8722437245
120533.1111051855 114171.3685513776
110463.8664048569 114171.3685513776

120373.2818242279 115914.8279355612
120373.2818242279 115756.3316279082
120373.2818242279 115597.8353202551
136675.8684819028 109257.9830141327
134598.0878294541 109574.9756294388
132520.3071770053 109891.9682447449
131401.5022103021 110208.9608600510
134917.7463913692 110525.9534753571
126286.9652196590 111476.9313212755
120852.7696671007 111952.4202442347
120852.7696671007 112110.9165518878
120852.7696671007 112269.4128595408
120852.7696671007 112427.9091671939
120852.7696671007 112586.4054748469
120533.1111051855 112903.3980901531
120533.1111051855 113061.8943978061
120533.1111051855 113220.3907054592
120533.1111051855 113378.8870131122
130442.5265245565 111001.4423983163
109824.5492810265 113854.3759360714
120692.9403861431 114012.8722437245
120373.2818242279 114329.8648590306
120373.2818242279 114488.3611666837
120373.2818242279 114646.8574743367
120373.2818242279 114805.3537819898
120373.2818242279 114963.8500896429
120373.2818242279 115122.3463972959
120373.2818242279 115280.8427049490
120373.2818242279 115439.3390126020
96718.5482425035 116073.3242432143
99115.9874568675 116390.3168585204

120373.2818242279 115914.8279355612
120533.1111051855 115914.8279355612
120373.2818242279 115756.3316279082
120373.2818242279 115597.8353202551
120373.2818242279 115439.3390126020
120373.2818242279 115280.8427049490
120373.2818242279 115122.3463972959
120373.2818242279 114963.8500896429
120373.2818242279 114805.3537819898
120533.1111051855 114805.3537819898
120533.1111051855 114488.3611666837
120533.1111051855 114329.8648590306
110463.8664048569 114171.3685513776
120533.1111051855 114171.3685513776
110463.8664048569 114012.8722437245
120533.1111051855 114012.8722437245
110463.8664048569 113854.3759360714
120533.1111051855 113854.3759360714
110463.8664048569 113695.8796284184
120533.1111051855 113695.8796284184
120533.1111051855 113537.3833207653
120533.1111051855 113378.8870131122
120533.1111051855 113220.3907054592
120533.1111051855 113061.8943978061
120533.1111051855 112903.3980901531
120533.1111051855 112744.9017825000
120533.1111051855 112586.4054748469
120533.1111051855 112427.9091671939
120533.1111051855 112269.4128595408
120533.1111051855 112110.9165518878
120533.1111051855 111952.4202442347

120373.2818242279 115914.8279355612
120533.1111051855 115914.8279355612
120373.2818242279 115756.3316279082
120373.2818242279 115597.8353202551
120373.2818242279 115439.3390126020
120373.2818242279 115280.8427049490
120373.2818242279 115122.3463972959
120373.2818242279 114963.8500896429
120373.2818242279 114805.3537819898
120533.1111051855 114805.3537819898
120533.1111051855 114646.8574743367
120533.1111051855 114488.3611666837
120533.1111051855 114329.8648590306
120533.1111051855 114171.3685513776
120533.1111051855 114012.8722437245
120533.1111051855 113854.3759360714
110463.8664048569 113695.8796284184
120533.1111051855 113695.8796284184
120533.1111051855 113537.3833207653
121172.4282290159 111793.9239365816
120533.1111051855 111952.4202442347
120533.1111051855 112110.9165518878
120692.9403861431 112269.4128595408
120533.1111051855 112269.4128595408
120533.1111051855 112427.9091671939
120533.1111051855 112586.4054748469
120533.1111051855 112744.9017825000
120533.1111051855 112903.3980901531
120533.1111051855 113061.8943978061
120533.1111051855 113220.3907054592
120533.1111051855 113378.8870131122

120373.2818242279 115914.8279355612
120533.1111051855 115914.8279355612
120373.2818242279 115756.3316279082
120373.2818242279 115597.8353202551
120373.2818242279 115439.3390126020
120373.2818242279 115280.8427049490
120373.2818242279 115122.3463972959
120373.2818242279 114963.8500896429
120373.2818242279 114805.3537819898
120533.1111051855 114646.8574743367
120533.1111051855 114488.3611666837
120533.1111051855 114329.8648590306
120852.7696671007 111952.4202442347
120533.1111051855 111952.4202442347
120533.1111051855 112110.9165518878
120692.9403861431 112269.4128595408
120533.1111051855 112269.4128595408
120533.1111051855 112427.9091671939
120533.1111051855 112586.4054748469
120533.1111051855 112744.9017825000
120533.1111051855 112903.3980901531
120533.1111051855 113061.8943978061
120533.1111051855 113220.3907054592
120533.1111051855 113378.8870131122
120533.1111051855 113537.3833207653
120533.1111051855 113695.8796284184
110463.8664048569 113695.8796284184
120533.1111051855 113854.3759360714
110463.8664048569 113854.3759360714
120533.1111051855 114012.8722437245
120533.1111051855 114171.3685513776

120373.2818242279 115914.8279355612
120373.2818242279 115756.3316279082
120373.2818242279 115597.8353202551
120373.2818242279 115439.3390126020
120373.2818242279 115280.8427049490
120373.2818242279 115122.3463972959
120373.2818242279 114963.8500896429
120373.2818242279 114805.3537819898
120373.2818242279 114646.8574743367
120373.2818242279 114488.3611666837
121172.4282290159 111793.9239365816
120533.1111051855 111952.4202442347
120533.1111051855 112110.9165518878
120533.1111051855 112269.4128595408
120533.1111051855 112427.9091671939
120533.1111051855 112586.4054748469
120533.1111051855 112744.9017825000
120533.1111051855 112903.3980901531
120533.1111051855 113061.8943978061
120533.1111051855 113220.3907054592
120533.1111051855 113378.8870131122
120533.1111051855 113537.3833207653
120533.1111051855 113695.8796284184
110463.8664048569 113695.8796284184
120533.1111051855 113854.3759360714
110463.8664048569 113854.3759360714
120533.1111051855 114012.8722437245
110463.8664048569 114012.8722437245
120533.1111051855 114171.3685513776
110463.8664048569 114171.3685513776
120533.1111051855 114329.8648590306

120373.2818242279 115914.8279355612
120533.1111051855 115914.8279355612
120373.2818242279 115756.3316279082
120373.2818242279 115597.8353202551
120373.2818242279 115439.3390126020
120373.2818242279 115280.8427049490
120373.2818242279 115122.3463972959
120373.2818242279 114963.8500896429
120373.2818242279 114805.3537819898
120373.2818242279 114646.8574743367
120373.2818242279 114488.3611666837
120852.7696671007 111952.4202442347
120533.1111051855 111952.4202442347
120533.1111051855 112110.9165518878
120692.9403861431 112269.4128595408
120533.1111051855 112269.4128595408
120533.1111051855 112427.9091671939
120533.1111051855 112586.4054748469
120533.1111051855 112744.9017825000
120533.1111051855 112903.3980901531
120533.1111051855 113061.8943978061
120533.1111051855 113220.3907054592
120533.1111051855 113378.8870131122
120533.1111051855 113537.3833207653
120533.1111051855 113695.8796284184
110463.8664048569 113695.8796284184
120533.1111051855 113854.3759360714
110463.8664048569 113854.3759360714
120533.1111051855 114012.8722437245
120533.1111051855 114171.3685513776
120533.1111051855 114329.8648590306

120373.2818242279 115914.8279355612
120533.1111051855 115914.8279355612
120373.2818242279 115756.3316279082
120373.2818242279 115597.8353202551
120373.2818242279 115439.3390126020
120373.2818242279 115280.8427049490
120373.2818242279 115122.3463972959
120373.2818242279 114963.8500896429
120373.2818242279 114805.3537819898
120373.2818242279 114646.8574743367
120373.2818242279 114488.3611666837
121172.4282290159 111793.9239365816
120533.1111051855 111952.4202442347
120533.1111051855 112110.9165518878
120692.9403861431 112269.4128595408
120533.1111051855 112269.4128595408
120533.1111051855 112427.9091671939
120533.1111051855 112586.4054748469
120533.1111051855 112744.9017825000
120533.1111051855 112903.3980901531
120533.1111051855 113061.8943978061
120533.1111051855 113220.3907054592
120533.1111051855 113378.8870131122
120533.1111051855 113537.3833207653
120533.1111051855 113695.8796284184
110463.8664048569 113695.8796284184
120533.1111051855 113854.3759360714
110463.8664048569 113854.3759360714
120533.1111051855 114012.8722437245
120533.1111051855 114171.3685513776
120533.1111051855 114329.8648590306

120373.2818242279 115914.8279355612
120533.1111051855 115914.8279355612
120373.2818242279 115756.3316279082
120373.2818242279 115597.8353202551
120373.2818242279 115439.3390126020
120373.2818242279 115280.8427049490
120373.2818242279 115122.3463972959
120373.2818242279 114963.8500896429
120373.2818242279 114805.3537819898
120373.2818242279 114646.8574743367
120533.1111051855 114488.3611666837
120533.1111051855 114329.8648590306
120533.1111051855 114171.3685513776
120533.1111051855 114012.8722437245
110463.8664048569 113854.3759360714
120533.1111051855 113854.3759360714
110463.8664048569 113695.8796284184
120533.1111051855 113695.8796284184
120533.1111051855 113537.3833207653
120533.1111051855 113378.8870131122
120533.1111051855 113220.3907054592
120533.1111051855 113061.8943978061
120533.1111051855 112903.3980901531
120533.1111051855 112744.9017825000
120533.1111051855 112586.4054748469
120533.1111051855 112427.9091671939
120533.1111051855 112269.4128595408
120692.9403861431 112269.4128595408
120533.1111051855 112110.9165518878
120533.1111051855 111952.4202442347
120852.7696671007 111952.4202442347

120373.2818242279 115914.8279355612
120533.1111051855 115914.8279355612
120373.2818242279 115756.3316279082
120373.2818242279 115597.8353202551
120373.2818242279 115439.3390126020
120373.2818242279 115280.8427049490
120533.1111051855 115280.8427049490
120373.2818242279 115122.3463972959
120373.2818242279 114963.8500896429
120373.2818242279 114805.3537819898
120533.1111051855 114805.3537819898
120533.1111051855 114646.8574743367
120533.1111051855 114488.3611666837
120852.7696671007 111952.4202442347
120533.1111051855 111952.4202442347
120533.1111051855 112110.9165518878
120692.9403861431 112269.4128595408
120533.1111051855 112269.4128595408
120533.1111051855 112427.9091671939
120533.1111051855 112586.4054748469
120533.1111051855 112744.9017825000
120533.1111051855 112903.3980901531
120533.1111051855 113061.8943978061
120533.1111051855 113220.3907054592
120533.1111051855 113378.8870131122
120533.1111051855 113537.3833207653
120533.1111051855 113695.8796284184
120533.1111051855 113854.3759360714
120533.1111051855 114012.8722437245
120533.1111051855 114171.3685513776
120533.1111051855 114329.8648590306

120373.2818242279 115914.8279355612
120373.2818242279 115756.3316279082
120373.2818242279 115597.8353202551
120373.2818242279 115439.3390126020
120373.2818242279 115280.8427049490
120373.2818242279 115122.3463972959
120373.2818242279 114963.8500896429
120373.2818242279 114805.3537819898
120373.2818242279 114646.8574743367
120373.2818242279 114488.3611666837
120373.2818242279 114329.8648590306
110463.8664048569 114171.3685513776
120533.1111051855 114171.3685513776
110463.8664048569 114012.8722437245
121172.4282290159 111793.9239365816
120533.1111051855 111952.4202442347
120533.1111051855 112110.9165518878
120533.1111051855 112269.4128595408
120533.1111051855 112427.9091671939
120533.1111051855 112586.4054748469
120533.1111051855 112744.9017825000
120533.1111051855 112903.3980901531
120533.1111051855 113061.8943978061
120533.1111051855 113220.3907054592
120533.1111051855 113378.8870131122
120533.1111051855 113537.3833207653
120533.1111051855 113695.8796284184
110463.8664048569 113695.8796284184
120533.1111051855 113854.3759360714
110463.8664048569 113854.3759360714
120533.1111051855 114012.8722437245

120373.2818242279 115914.8279355612
120533.1111051855 115914.8279355612
120373.2818242279 115756.3316279082
120533.1111051855 115756.3316279082
120373.2818242279 115597.8353202551
120373.2818242279 115439.3390126020
120373.2818242279 115280.8427049490
120373.2818242279 115122.3463972959
120373.2818242279 114963.8500896429
120373.2818242279 114805.3537819898
120533.1111051855 114805.3537819898
120533.1111051855 114646.8574743367
120533.1111051855 114488.3611666837
120533.1111051855 114329.8648590306
120852.7696671007 111952.4202442347
120533.1111051855 111952.4202442347
120533.1111051855 112110.9165518878
120692.9403861431 112269.4128595408
120533.1111051855 112269.4128595408
120533.1111051855 112427.9091671939
120533.1111051855 112586.4054748469
120533.1111051855 112744.9017825000
120533.1111051855 112903.3980901531
120533.1111051855 113061.8943978061
120533.1111051855 113220.3907054592
120533.1111051855 113378.8870131122
120533.1111051855 113537.3833207653
120533.1111051855 113695.8796284184
120533.1111051855 113854.3759360714
120533.1111051855 114012.8722437245
120533.1111051855 114171.3685513776

120373.2818242279 115914.8279355612
120373.2818242279 115756.3316279082
120373.2818242279 115597.8353202551
120373.2818242279 115439.3390126020
120373.2818242279 115280.8427049490
120373.2818242279 115122.3463972959
120373.2818242279 114963.8500896429
120373.2818242279 114805.3537819898
136675.8684819028 109257.9830141327
134598.0878294541 109574.9756294388
132520.3071770053 109891.9682447449
131401.5022103021 110208.9608600510
126286.9652196590 111476.9313212755
120852.7696671007 111952.4202442347
120852.7696671007 112110.9165518878
120852.7696671007 112269.4128595408
120852.7696671007 112427.9091671939
120852.7696671007 112586.4054748469
120533.1111051855 112903.3980901531
120533.1111051855 113061.8943978061
120533.1111051855 113220.3907054592
120533.1111051855 113378.8870131122
134917.7463913692 110525.9534753571
120533.1111051855 113695.8796284184
109824.5492810265 113854.3759360714
120692.9403861431 114012.8722437245
120373.2818242279 114329.8648590306
120373.2818242279 114488.3611666837
120373.2818242279 114646.8574743367
96718.5482425035 116073.3242432143
99115.9874568675 116390.3168585204

120373.2818242279 115914.8279355612
120533.1111051855 115914.8279355612
120373.2818242279 115756.3316279082
120533.1111051855 115756.3316279082
120373.2818242279 115597.8353202551
120373.2818242279 115439.3390126020
120373.2818242279 115280.8427049490
120373.2818242279 115122.3463972959
120373.2818242279 114963.8500896429
120373.2818242279 114805.3537819898
120533.1111051855 114646.8574743367
120533.1111051855 114488.3611666837
120533.1111051855 114329.8648590306
120852.7696671007 111952.4202442347
120533.1111051855 111952.4202442347
120533.1111051855 112110.9165518878
120533.1111051855 112269.4128595408
120533.1111051855 112427.9091671939
120533.1111051855 112586.4054748469
120533.1111051855 112744.9017825000
120533.1111051855 112903.3980901531
120533.1111051855 113061.8943978061
120533.1111051855 113220.3907054592
120533.1111051855 113378.8870131122
120533.1111051855 113537.3833207653
120533.1111051855 113695.8796284184
110463.8664048569 113695.8796284184
120533.1111051855 113854.3759360714
120533.1111051855 114012.8722437245
120533.1111051855 114171.3685513776
120533.1111051855 114805.3537819898

99115.9874568675 116390.3168585204
96718.5482425035 116073.3242432143
120373.2818242279 115914.8279355612
120373.2818242279 115756.3316279082
120373.2818242279 115597.8353202551
120373.2818242279 115439.3390126020
120373.2818242279 115280.8427049490
120373.2818242279 115122.3463972959
120373.2818242279 114963.8500896429
120373.2818242279 114805.3537819898
120373.2818242279 114646.8574743367
120373.2818242279 114488.3611666837
132040.8193341325 111159.9387059694
120533.1111051855 111952.4202442347
120533.1111051855 112110.9165518878
120533.1111051855 112269.4128595408
120533.1111051855 112427.9091671939
120533.1111051855 112586.4054748469
120533.1111051855 112744.9017825000
120533.1111051855 112903.3980901531
120533.1111051855 113061.8943978061
120533.1111051855 113220.3907054592
120533.1111051855 113378.8870131122
120533.1111051855 113537.3833207653
120533.1111051855 113695.8796284184
110463.8664048569 113695.8796284184
120533.1111051855 113854.3759360714
110463.8664048569 113854.3759360714
120533.1111051855 114012.8722437245
110463.8664048569 114012.8722437245
120533.1111051855 114171.3685513776

120373.2818242279 115914.8279355612
120533.1111051855 115914.8279355612
120373.2818242279 115756.3316279082
120533.1111051855 115756.3316279082
120373.2818242279 115597.8353202551
120373.2818242279 115439.3390126020
120533.1111051855 115439.3390126020
120373.2818242279 115280.8427049490
120373.2818242279 115122.3463972959
120373.2818242279 114963.8500896429
120373.2818242279 114805.3537819898
120533.1111051855 114805.3537819898
120533.1111051855 114646.8574743367
120533.1111051855 114488.3611666837
120533.1111051855 114329.8648590306
120533.1111051855 114171.3685513776
120533.1111051855 114012.8722437245
120533.1111051855 113854.3759360714
120533.1111051855 113695.8796284184
120533.1111051855 113537.3833207653
120533.1111051855 113378.8870131122
120533.1111051855 113220.3907054592
120533.1111051855 113061.8943978061
120533.1111051855 112903.3980901531
120533.1111051855 112744.9017825000
120533.1111051855 112586.4054748469
120692.9403861431 111952.4202442347
120692.9403861431 112110.9165518878
120692.9403861431 112269.4128595408
120692.9403861431 112427.9091671939
120533.1111051855 115597.8353202551

120213.4525432703 115914.8279355612
120373.2818242279 115914.8279355612
120533.1111051855 115914.8279355612
120373.2818242279 115756.3316279082
120533.1111051855 115756.3316279082
120373.2818242279 115597.8353202551
120533.1111051855 115597.8353202551
120373.2818242279 115439.3390126020
120373.2818242279 115280.8427049490
120373.2818242279 115122.3463972959
120373.2818242279 114963.8500896429
120373.2818242279 114805.3537819898
120533.1111051855 114805.3537819898
120533.1111051855 114646.8574743367
120533.1111051855 114488.3611666837
120533.1111051855 114329.8648590306
120533.1111051855 114171.3685513776
120533.1111051855 114012.8722437245
120533.1111051855 113854.3759360714
120533.1111051855 113695.8796284184
120533.1111051855 113537.3833207653
120533.1111051855 113378.8870131122
120692.9403861431 111952.4202442347
120692.9403861431 112110.9165518878
120692.9403861431 112269.4128595408
120692.9403861431 112427.9091671939
120533.1111051855 112586.4054748469
120533.1111051855 112744.9017825000
120533.1111051855 112903.3980901531
120533.1111051855 113061.8943978061
120533.1111051855 113220.3907054592

120692.9403861431 111952.4202442347
120692.9403861431 112110.9165518878
120692.9403861431 112269.4128595408
120692.9403861431 112427.9091671939
120533.1111051855 112586.4054748469
120533.1111051855 112744.9017825000
120533.1111051855 112903.3980901531
120533.1111051855 113061.8943978061
120533.1111051855 113220.3907054592
120533.1111051855 113378.8870131122
120533.1111051855 113537.3833207653
120533.1111051855 113695.8796284184
120533.1111051855 113854.3759360714
120533.1111051855 114012.8722437245
120533.1111051855 114171.3685513776
120533.1111051855 114329.8648590306
120533.1111051855 114488.3611666837
120533.1111051855 114646.8574743367
120533.1111051855 114805.3537819898
120373.2818242279 114805.3537819898
120373.2818242279 114963.8500896429
120373.2818242279 115122.3463972959
120373.2818242279 115280.8427049490
120373.2818242279 115439.3390126020
120533.1111051855 115597.8353202551
120373.2818242279 115597.8353202551
120533.1111051855 115756.3316279082
120373.2818242279 115756.3316279082
120533.1111051855 115914.8279355612
120373.2818242279 115914.8279355612
120692.9403861431 112586.4054748469

120373.2818242279 115914.8279355612
120373.2818242279 115756.3316279082
120373.2818242279 115597.8353202551
120373.2818242279 115439.3390126020
120373.2818242279 115280.8427049490
120373.2818242279 115122.3463972959
120373.2818242279 114963.8500896429
120373.2818242279 114805.3537819898
120373.2818242279 114646.8574743367
110463.8664048569 114488.3611666837
120533.1111051855 114329.8648590306
110463.8664048569 114171.3685513776
120533.1111051855 114171.3685513776
132040.8193341325 111159.9387059694
120533.1111051855 111952.4202442347
120533.1111051855 112110.9165518878
120533.1111051855 112269.4128595408
120533.1111051855 112427.9091671939
120533.1111051855 112586.4054748469
120533.1111051855 112744.9017825000
120533.1111051855 112903.3980901531
120533.1111051855 113061.8943978061
120533.1111051855 113220.3907054592
120533.1111051855 113378.8870131122
120533.1111051855 113537.3833207653
120533.1111051855 113695.8796284184
110463.8664048569 113695.8796284184
120533.1111051855 113854.3759360714
110463.8664048569 113854.3759360714
120533.1111051855 114012.8722437245
110463.8664048569 114012.8722437245

120373.2818242279 115914.8279355612
120373.2818242279 115756.3316279082
120373.2818242279 115597.8353202551
120373.2818242279 115439.3390126020
120373.2818242279 115280.8427049490
120373.2818242279 115122.3463972959
120373.2818242279 114963.8500896429
120373.2818242279 114805.3537819898
120373.2818242279 114646.8574743367
120373.2818242279 114488.3611666837
120373.2818242279 114329.8648590306
136675.8684819028 109257.9830141327
134598.0878294541 109574.9756294388
132520.3071770053 109891.9682447449
131401.5022103021 110208.9608600510
120692.9403861431 114012.8722437245
126286.9652196590 111476.9313212755
120852.7696671007 111952.4202442347
120852.7696671007 112110.9165518878
120852.7696671007 112269.4128595408
120852.7696671007 112427.9091671939
120852.7696671007 112586.4054748469
120533.1111051855 112903.3980901531
120533.1111051855 113061.8943978061
120533.1111051855 113220.3907054592
120533.1111051855 113378.8870131122
120533.1111051855 113537.3833207653
120533.1111051855 113695.8796284184
109824.5492810265 113854.3759360714
96718.5482425035 116073.3242432143
99115.9874568675 116390.3168585204

120373.2818242279 115914.8279355612
120533.1111051855 115914.8279355612
120373.2818242279 115756.3316279082
120373.2818242279 115597.8353202551
120373.2818242279 115439.3390126020
120373.2818242279 115280.8427049490
120373.2818242279 115122.3463972959
120373.2818242279 114963.8500896429
120373.2818242279 114805.3537819898
120533.1111051855 114805.3537819898
120533.1111051855 114646.8574743367
120533.1111051855 114488.3611666837
120533.1111051855 114329.8648590306
120533.1111051855 114171.3685513776
120533.1111051855 114012.8722437245
120533.1111051855 113854.3759360714
120533.1111051855 113695.8796284184
120533.1111051855 113537.3833207653
120533.1111051855 113378.8870131122
120533.1111051855 113220.3907054592
120533.1111051855 113061.8943978061
120533.1111051855 112903.3980901531
120533.1111051855 112744.9017825000
120533.1111051855 112586.4054748469
120533.1111051855 112427.9091671939
120533.1111051855 112269.4128595408
120692.9403861431 112269.4128595408
120852.7696671007 111952.4202442347
120692.9403861431 111952.4202442347
120533.1111051855 111952.4202442347
120533.1111051855 112110.9165518878

120373.2818242279 115914.8279355612
120533.1111051855 115914.8279355612
120373.2818242279 115756.3316279082
120533.1111051855 115756.3316279082
120373.2818242279 115597.8353202551
120373.2818242279 115439.3390126020
120373.2818242279 115280.8427049490
120373.2818242279 115122.3463972959
120373.2818242279 114963.8500896429
120373.2818242279 114805.3537819898
120533.1111051855 114805.3537819898
120533.1111051855 114646.8574743367
120533.1111051855 114488.3611666837
120533.1111051855 114329.8648590306
120852.7696671007 111952.4202442347
120692.9403861431 111952.4202442347
120533.1111051855 111952.4202442347
120533.1111051855 112110.9165518878
120533.1111051855 112269.4128595408
120533.1111051855 112427.9091671939
120533.1111051855 112586.4054748469
120533.1111051855 112744.9017825000
120533.1111051855 112903.3980901531
120533.1111051855 113061.8943978061
120533.1111051855 113220.3907054592
120533.1111051855 113378.8870131122
120533.1111051855 113537.3833207653
120533.1111051855 113695.8796284184
120533.1111051855 113854.3759360714
120533.1111051855 114012.8722437245
120533.1111051855 114171.3685513776

99115.9874568675 116390.3168585204
96718.5482425035 116073.3242432143
120373.2818242279 115914.8279355612
120373.2818242279 115756.3316279082
120373.2818242279 115597.8353202551
120373.2818242279 115439.3390126020
120373.2818242279 115280.8427049490
120373.2818242279 115122.3463972959
120373.2818242279 114963.8500896429
120373.2818242279 114805.3537819898
120373.2818242279 114646.8574743367
120373.2818242279 114488.3611666837
120373.2818242279 114329.8648590306
132040.8193341325 111159.9387059694
120533.1111051855 111952.4202442347
120533.1111051855 112110.9165518878
120533.1111051855 112269.4128595408
120533.1111051855 112427.9091671939
120533.1111051855 112586.4054748469
120533.1111051855 112744.9017825000
120533.1111051855 112903.3980901531
120533.1111051855 113061.8943978061
120533.1111051855 113220.3907054592
120533.1111051855 113378.8870131122
120533.1111051855 113537.3833207653
120533.1111051855 113695.8796284184
110463.8664048569 113695.8796284184
120533.1111051855 113854.3759360714
110463.8664048569 113854.3759360714
120533.1111051855 114012.8722437245
110463.8664048569 114012.8722437245

120213.4525432703 115914.8279355612
120373.2818242279 115914.8279355612
120533.1111051855 115914.8279355612
120373.2818242279 115756.3316279082
120533.1111051855 115756.3316279082
120373.2818242279 115597.8353202551
120533.1111051855 115597.8353202551
120373.2818242279 115439.3390126020
120533.1111051855 115439.3390126020
120373.2818242279 115280.8427049490
120533.1111051855 115280.8427049490
120373.2818242279 115122.3463972959
120373.2818242279 114963.8500896429
120373.2818242279 114805.3537819898
120533.1111051855 114646.8574743367
120533.1111051855 114488.3611666837
120533.1111051855 114329.8648590306
120533.1111051855 114171.3685513776
120533.1111051855 114012.8722437245
120533.1111051855 113695.8796284184
120533.1111051855 113537.3833207653
120533.1111051855 113378.8870131122
120692.9403861431 111952.4202442347
120692.9403861431 112110.9165518878
120692.9403861431 112269.4128595408
120692.9403861431 112427.9091671939
120533.1111051855 112586.4054748469
120533.1111051855 112744.9017825000
120533.1111051855 112903.3980901531
120533.1111051855 113061.8943978061
120533.1111051855 113220.3907054592

120213.4525432703 115914.8279355612
120373.2818242279 115914.8279355612
120533.1111051855 115914.8279355612
120213.4525432703 115756.3316279082
120373.2818242279 115756.3316279082
120533.1111051855 115756.3316279082
120373.2818242279 115597.8353202551
120533.1111051855 115597.8353202551
120373.2818242279 115439.3390126020
120533.1111051855 115439.3390126020
120373.2818242279 115280.8427049490
120533.1111051855 115280.8427049490
120373.2818242279 115122.3463972959
120373.2818242279 114963.8500896429
120373.2818242279 114805.3537819898
120533.1111051855 114488.3611666837
120533.1111051855 114329.8648590306
120533.1111051855 114171.3685513776
120533.1111051855 114012.8722437245
120692.9403861431 111952.4202442347
120692.9403861431 112110.9165518878
120692.9403861431 112269.4128595408
120692.9403861431 112427.9091671939
120533.1111051855 112586.4054748469
120533.1111051855 112744.9017825000
120533.1111051855 112903.3980901531
120533.1111051855 113061.8943978061
120533.1111051855 113220.3907054592
120533.1111051855 113378.8870131122
120533.1111051855 113537.3833207653
120533.1111051855 113695.8796284184

120213.4525432703 115914.8279355612
120373.2818242279 115914.8279355612
120533.1111051855 115914.8279355612
120213.4525432703 115756.3316279082
120373.2818242279 115756.3316279082
120533.1111051855 115756.3316279082
120373.2818242279 115597.8353202551
120533.1111051855 115597.8353202551
120373.2818242279 115439.3390126020
120533.1111051855 115439.3390126020
120373.2818242279 115280.8427049490
120533.1111051855 115280.8427049490
120373.2818242279 115122.3463972959
120373.2818242279 114963.8500896429
120373.2818242279 114805.3537819898
120533.1111051855 114488.3611666837
120533.1111051855 114329.8648590306
120533.1111051855 114171.3685513776
120533.1111051855 114012.8722437245
120533.1111051855 113854.3759360714
120533.1111051855 113695.8796284184
120533.1111051855 113537.3833207653
120533.1111051855 113378.8870131122
120533.1111051855 113220.3907054592
120533.1111051855 113061.8943978061
120533.1111051855 112903.3980901531
120533.1111051855 112586.4054748469
120692.9403861431 112427.9091671939
120692.9403861431 112269.4128595408
120692.9403861431 112110.9165518878
120692.9403861431 111952.4202442347

120373.2818242279 115914.8279355612
120533.1111051855 115914.8279355612
120373.2818242279 115756.3316279082
120373.2818242279 115597.8353202551
120373.2818242279 115439.3390126020
120373.2818242279 115280.8427049490
120373.2818242279 115122.3463972959
120373.2818242279 114963.8500896429
120373.2818242279 114805.3537819898
120533.1111051855 114805.3537819898
120533.1111051855 114646.8574743367
120533.1111051855 114488.3611666837
120533.1111051855 114329.8648590306
120533.1111051855 114171.3685513776
120533.1111051855 114012.8722437245
120533.1111051855 113854.3759360714
120533.1111051855 113695.8796284184
120533.1111051855 113537.3833207653
120533.1111051855 113378.8870131122
120533.1111051855 113220.3907054592
120533.1111051855 113061.8943978061
120533.1111051855 112903.3980901531
120533.1111051855 112744.9017825000
120533.1111051855 112586.4054748469
120533.1111051855 112427.9091671939
120533.1111051855 112269.4128595408
120852.7696671007 112269.4128595408
120852.7696671007 111952.4202442347
120533.1111051855 111952.4202442347
120533.1111051855 112110.9165518878
110463.8664048569 113695.8796284184

120373.2818242279 115914.8279355612
120533.1111051855 115914.8279355612
120373.2818242279 115756.3316279082
120373.2818242279 115597.8353202551
120373.2818242279 115439.3390126020
120373.2818242279 115280.8427049490
120373.2818242279 115122.3463972959
120373.2818242279 114963.8500896429
120373.2818242279 114805.3537819898
120373.2818242279 114646.8574743367
120373.2818242279 114488.3611666837
120373.2818242279 114329.8648590306
120533.1111051855 114329.8648590306
121172.4282290159 111793.9239365816
120533.1111051855 111952.4202442347
120533.1111051855 112110.9165518878
120533.1111051855 112269.4128595408
120533.1111051855 112427.9091671939
120533.1111051855 112586.4054748469
120533.1111051855 112744.9017825000
120533.1111051855 112903.3980901531
120533.1111051855 113061.8943978061
120533.1111051855 113220.3907054592
120533.1111051855 113378.8870131122
120533.1111051855 113537.3833207653
120533.1111051855 113695.8796284184
110463.8664048569 113695.8796284184
120533.1111051855 113854.3759360714
110463.8664048569 113854.3759360714
120533.1111051855 114012.8722437245
120533.1111051855 114171.3685513776

120373.2818242279 115914.8279355612
120373.2818242279 115756.3316279082
120373.2818242279 115597.8353202551
120373.2818242279 115439.3390126020
120373.2818242279 115280.8427049490
120373.2818242279 115122.3463972959
120373.2818242279 114963.8500896429
120373.2818242279 114805.3537819898
120373.2818242279 114646.8574743367
120373.2818242279 114488.3611666837
120373.2818242279 114329.8648590306
110463.8664048569 114171.3685513776
120533.1111051855 114171.3685513776
110463.8664048569 114012.8722437245
121172.4282290159 111793.9239365816
120533.1111051855 111952.4202442347
120533.1111051855 112110.9165518878
120533.1111051855 112269.4128595408
120533.1111051855 112427.9091671939
120533.1111051855 112586.4054748469
120533.1111051855 112744.9017825000
120533.1111051855 112903.3980901531
120533.1111051855 113061.8943978061
120533.1111051855 113220.3907054592
120533.1111051855 113378.8870131122
120533.1111051855 113537.3833207653
120533.1111051855 113695.8796284184
120533.1111051855 113854.3759360714
110463.8664048569 113854.3759360714
120533.1111051855 114012.8722437245
120533.1111051855 115914.8279355612

120373.2818242279 115914.8279355612
120533.1111051855 115914.8279355612
120373.2818242279 115756.3316279082
120373.2818242279 115597.8353202551
120373.2818242279 115439.3390126020
120373.2818242279 115280.8427049490
120373.2818242279 115122.3463972959
120373.2818242279 114963.8500896429
120373.2818242279 114805.3537819898
120533.1111051855 114805.3537819898
120533.1111051855 114646.8574743367
120533.1111051855 114488.3611666837
120533.1111051855 114329.8648590306
120533.1111051855 114171.3685513776
120533.1111051855 114012.8722437245
120533.1111051855 113854.3759360714
120533.1111051855 113695.8796284184
120533.1111051855 113537.3833207653
120852.7696671007 111952.4202442347
120533.1111051855 111952.4202442347
120852.7696671007 112110.9165518878
120533.1111051855 112110.9165518878
120852.7696671007 112269.4128595408
120533.1111051855 112269.4128595408
120533.1111051855 112427.9091671939
120533.1111051855 112586.4054748469
120533.1111051855 112744.9017825000
120533.1111051855 112903.3980901531
120533.1111051855 113061.8943978061
120533.1111051855 113220.3907054592
120533.1111051855 113378.8870131122

120373.2818242279 115914.8279355612
120533.1111051855 115914.8279355612
120373.2818242279 115756.3316279082
120373.2818242279 115597.8353202551
120373.2818242279 115439.3390126020
120373.2818242279 115280.8427049490
120373.2818242279 115122.3463972959
120373.2818242279 114963.8500896429
120373.2818242279 114805.3537819898
120533.1111051855 114805.3537819898
120533.1111051855 114646.8574743367
120533.1111051855 114488.3611666837
120533.1111051855 114329.8648590306
121172.4282290159 111793.9239365816
120533.1111051855 111952.4202442347
120533.1111051855 112110.9165518878
120533.1111051855 112269.4128595408
120533.1111051855 112427.9091671939
120533.1111051855 112586.4054748469
120533.1111051855 112744.9017825000
120533.1111051855 112903.3980901531
120533.1111051855 113061.8943978061
120533.1111051855 113220.3907054592
120533.1111051855 113378.8870131122
120533.1111051855 113537.3833207653
120533.1111051855 113695.8796284184
110463.8664048569 113695.8796284184
120533.1111051855 113854.3759360714
110463.8664048569 113854.3759360714
120533.1111051855 114012.8722437245
120533.1111051855 114171.3685513776

120373.2818242279 115914.8279355612
120533.1111051855 115914.8279355612
120373.2818242279 115756.3316279082
120373.2818242279 115597.8353202551
120373.2818242279 115439.3390126020
120373.2818242279 115280.8427049490
120373.2818242279 115122.3463972959
120373.2818242279 114963.8500896429
120373.2818242279 114805.3537819898
120373.2818242279 114646.8574743367
120373.2818242279 114488.3611666837
120373.2818242279 114329.8648590306
120533.1111051855 114171.3685513776
110463.8664048569 114012.8722437245
121172.4282290159 111793.9239365816
120533.1111051855 111952.4202442347
120533.1111051855 112110.9165518878
120533.1111051855 112269.4128595408
120533.1111051855 112427.9091671939
120533.1111051855 112586.4054748469
120533.1111051855 112744.9017825000
120533.1111051855 112903.3980901531
120533.1111051855 113061.8943978061
120533.1111051855 113220.3907054592
120533.1111051855 113378.8870131122
120533.1111051855 113537.3833207653
120533.1111051855 113695.8796284184
110463.8664048569 113695.8796284184
120533.1111051855 113854.3759360714
110463.8664048569 113854.3759360714
120533.1111051855 114012.8722437245

120373.2818242279 115914.8279355612
120533.1111051855 115914.8279355612
120373.2818242279 115756.3316279082
120373.2818242279 115597.8353202551
120373.2818242279 115439.3390126020
120373.2818242279 115280.8427049490
120373.2818242279 115122.3463972959
120373.2818242279 114963.8500896429
120373.2818242279 114805.3537819898
120373.2818242279 114646.8574743367
120373.2818242279 114488.3611666837
120373.2818242279 114329.8648590306
110463.8664048569 114171.3685513776
121172.4282290159 111793.9239365816
120533.1111051855 111952.4202442347
120533.1111051855 112110.9165518878
120533.1111051855 112269.4128595408
120533.1111051855 112427.9091671939
120533.1111051855 112586.4054748469
120533.1111051855 112744.9017825000
120533.1111051855 112903.3980901531
120533.1111051855 113061.8943978061
120533.1111051855 113220.3907054592
120533.1111051855 113378.8870131122
120533.1111051855 113537.3833207653
120533.1111051855 113695.8796284184
110463.8664048569 113695.8796284184
120533.1111051855 113854.3759360714
110463.8664048569 113854.3759360714
120533.1111051855 114012.8722437245
110463.8664048569 114012.8722437245

120373.2818242279 115914.8279355612
120373.2818242279 115756.3316279082
120373.2818242279 115597.8353202551
120373.2818242279 115439.3390126020
120373.2818242279 115280.8427049490
120373.2818242279 115122.3463972959
120373.2818242279 114963.8500896429
120373.2818242279 114805.3537819898
120373.2818242279 114646.8574743367
130442.5265245565 110842.9460906633
120533.1111051855 114329.8648590306
123250.2088814647 111476.9313212755
121172.4282290159 111793.9239365816
120533.1111051855 112110.9165518878
120533.1111051855 112269.4128595408
120533.1111051855 112427.9091671939
120533.1111051855 112586.4054748469
120533.1111051855 112744.9017825000
120533.1111051855 112903.3980901531
120533.1111051855 113061.8943978061
120533.1111051855 113220.3907054592
120533.1111051855 113378.8870131122
120533.1111051855 113537.3833207653
120533.1111051855 113695.8796284184
110463.8664048569 113695.8796284184
120533.1111051855 113854.3759360714
110463.8664048569 113854.3759360714
120533.1111051855 114012.8722437245
110463.8664048569 114012.8722437245
120533.1111051855 114171.3685513776
110463.8664048569 114171.3685513776

120373.2818242279 115914.8279355612
120533.1111051855 115914.8279355612
120373.2818242279 115756.3316279082
120373.2818242279 115597.8353202551
120373.2818242279 115439.3390126020
120373.2818242279 115280.8427049490
120373.2818242279 115122.3463972959
120373.2818242279 114963.8500896429
120373.2818242279 114805.3537819898
120373.2818242279 114646.8574743367
120373.2818242279 114488.3611666837
120533.1111051855 114329.8648590306
120533.1111051855 114171.3685513776
110463.8664048569 114012.8722437245
120533.1111051855 114012.8722437245
110463.8664048569 113854.3759360714
120533.1111051855 113854.3759360714
110463.8664048569 113695.8796284184
120533.1111051855 113695.8796284184
120533.1111051855 113537.3833207653
121172.4282290159 111793.9239365816
120533.1111051855 111952.4202442347
120533.1111051855 112110.9165518878
120533.1111051855 112269.4128595408
120533.1111051855 112427.9091671939
120533.1111051855 112586.4054748469
120533.1111051855 112744.9017825000
120533.1111051855 112903.3980901531
120533.1111051855 113061.8943978061
120533.1111051855 113220.3907054592
120533.1111051855 113378.8870131122

120373.2818242279 115914.8279355612
120533.1111051855 115914.8279355612
120373.2818242279 115756.3316279082
120373.2818242279 115597.8353202551
120373.2818242279 115439.3390126020
120373.2818242279 115280.8427049490
120373.2818242279 115122.3463972959
120373.2818242279 114963.8500896429
120373.2818242279 114805.3537819898
120373.2818242279 114646.8574743367
120373.2818242279 114488.3611666837
120373.2818242279 114329.8648590306
120533.1111051855 114329.8648590306
120533.1111051855 114171.3685513776
110463.8664048569 114012.8722437245
120533.1111051855 114012.8722437245
110463.8664048569 113854.3759360714
120533.1111051855 113854.3759360714
121172.4282290159 111793.9239365816
120533.1111051855 111952.4202442347
120533.1111051855 112110.9165518878
120533.1111051855 112269.4128595408
120533.1111051855 112427.9091671939
120533.1111051855 112586.4054748469
120533.1111051855 112744.9017825000
120533.1111051855 112903.3980901531
120533.1111051855 113061.8943978061
120533.1111051855 113220.3907054592
120533.1111051855 113378.8870131122
120533.1111051855 113537.3833207653
120533.1111051855 113695.8796284184

120373.2818242279 115914.8279355612
120533.1111051855 115914.8279355612
120373.2818242279 115756.3316279082
120373.2818242279 115597.8353202551
120373.2818242279 115439.3390126020
120373.2818242279 115280.8427049490
120373.2818242279 115122.3463972959
120373.2818242279 114963.8500896429
120373.2818242279 114805.3537819898
120373.2818242279 114646.8574743367
121172.4282290159 111793.9239365816
120533.1111051855 111952.4202442347
120533.1111051855 112110.9165518878
120533.1111051855 112269.4128595408
120533.1111051855 112427.9091671939
120533.1111051855 112586.4054748469
120533.1111051855 112744.9017825000
120533.1111051855 112903.3980901531
120533.1111051855 113061.8943978061
120533.1111051855 113220.3907054592
120533.1111051855 113378.8870131122
120533.1111051855 113537.3833207653
120533.1111051855 113695.8796284184
110463.8664048569 113695.8796284184
120533.1111051855 113854.3759360714
110463.8664048569 113854.3759360714
120533.1111051855 114012.8722437245
110463.8664048569 114012.8722437245
120533.1111051855 114171.3685513776
110463.8664048569 114171.3685513776
120533.1111051855 114329.8648590306

120373.2818242279 115914.8279355612
120533.1111051855 115914.8279355612
120373.2818242279 115756.3316279082
120373.2818242279 115597.8353202551
120373.2818242279 115439.3390126020
120373.2818242279 115280.8427049490
120373.2818242279 115122.3463972959
120373.2818242279 114963.8500896429
120373.2818242279 114805.3537819898
120533.1111051855 111952.4202442347
120533.1111051855 112110.9165518878
120533.1111051855 112269.4128595408
120533.1111051855 112427.9091671939
120533.1111051855 112586.4054748469
120533.1111051855 112744.9017825000
120533.1111051855 112903.3980901531
120533.1111051855 113061.8943978061
120533.1111051855 113220.3907054592
120533.1111051855 113378.8870131122
120533.1111051855 113537.3833207653
120533.1111051855 113695.8796284184
110463.8664048569 113695.8796284184
120533.1111051855 113854.3759360714
110463.8664048569 113854.3759360714
120533.1111051855 114012.8722437245
110463.8664048569 114012.8722437245
120533.1111051855 114171.3685513776
110463.8664048569 114171.3685513776
120533.1111051855 114329.8648590306
120533.1111051855 114488.3611666837
110463.8664048569 114488.3611666837

120373.2818242279 115914.8279355612
120533.1111051855 115914.8279355612
120373.2818242279 115756.3316279082
120373.2818242279 115597.8353202551
120373.2818242279 115439.3390126020
120373.2818242279 115280.8427049490
120373.2818242279 115122.3463972959
120373.2818242279 114963.8500896429
120373.2818242279 114805.3537819898
120373.2818242279 114646.8574743367
120373.2818242279 114488.3611666837
120373.2818242279 114329.8648590306
110463.8664048569 114171.3685513776
120852.7696671007 111952.4202442347
120533.1111051855 111952.4202442347
120533.1111051855 112110.9165518878
120533.1111051855 112269.4128595408
120533.1111051855 112427.9091671939
120533.1111051855 112586.4054748469
120533.1111051855 112744.9017825000
120533.1111051855 112903.3980901531
120533.1111051855 113061.8943978061
120533.1111051855 113220.3907054592
120533.1111051855 113378.8870131122
120533.1111051855 113537.3833207653
120533.1111051855 113695.8796284184
120533.1111051855 113854.3759360714
110463.8664048569 113854.3759360714
120533.1111051855 114012.8722437245
110463.8664048569 114012.8722437245
120533.1111051855 114171.3685513776

120373.2818242279 115914.8279355612
120373.2818242279 115756.3316279082
120373.2818242279 115597.8353202551
120373.2818242279 115439.3390126020
120373.2818242279 115280.8427049490
120373.2818242279 115122.3463972959
120373.2818242279 114963.8500896429
120373.2818242279 114805.3537819898
120373.2818242279 114646.8574743367
110463.8664048569 114488.3611666837
120533.1111051855 114488.3611666837
120533.1111051855 114329.8648590306
110463.8664048569 114171.3685513776
120533.1111051855 114171.3685513776
110463.8664048569 114012.8722437245
120533.1111051855 114012.8722437245
110463.8664048569 113854.3759360714
120533.1111051855 113854.3759360714
110463.8664048569 113695.8796284184
120533.1111051855 113695.8796284184
120533.1111051855 113537.3833207653
120533.1111051855 113378.8870131122
120533.1111051855 113220.3907054592
120533.1111051855 111952.4202442347
120533.1111051855 112110.9165518878
120533.1111051855 112269.4128595408
120533.1111051855 112427.9091671939
120533.1111051855 112586.4054748469
120533.1111051855 112744.9017825000
120533.1111051855 112903.3980901531
120533.1111051855 113061.8943978061

120373.2818242279 115914.8279355612
120533.1111051855 115914.8279355612
120373.2818242279 115756.3316279082
120373.2818242279 115597.8353202551
120373.2818242279 115439.3390126020
120373.2818242279 115280.8427049490
120373.2818242279 115122.3463972959
120373.2818242279 114963.8500896429
120373.2818242279 114805.3537819898
120373.2818242279 114646.8574743367
120533.1111051855 114488.3611666837
120533.1111051855 114329.8648590306
110463.8664048569 114171.3685513776
120533.1111051855 114171.3685513776
110463.8664048569 114012.8722437245
120533.1111051855 114012.8722437245
110463.8664048569 113854.3759360714
120533.1111051855 113854.3759360714
110463.8664048569 113695.8796284184
120533.1111051855 113695.8796284184
120533.1111051855 113537.3833207653
120533.1111051855 113378.8870131122
120533.1111051855 113220.3907054592
120533.1111051855 113061.8943978061
120533.1111051855 112903.3980901531
120533.1111051855 112744.9017825000
120533.1111051855 112586.4054748469
120533.1111051855 112427.9091671939
120533.1111051855 112269.4128595408
120533.1111051855 112110.9165518878
120533.1111051855 111952.4202442347

120373.2818242279 115914.8279355612
120533.1111051855 115914.8279355612
120373.2818242279 115756.3316279082
120373.2818242279 115597.8353202551
120373.2818242279 115439.3390126020
120373.2818242279 115280.8427049490
120373.2818242279 115122.3463972959
120373.2818242279 114963.8500896429
120373.2818242279 114805.3537819898
120373.2818242279 114646.8574743367
120373.2818242279 114488.3611666837
121172.4282290159 111793.9239365816
120533.1111051855 111952.4202442347
120533.1111051855 112110.9165518878
120533.1111051855 112269.4128595408
120533.1111051855 112427.9091671939
120533.1111051855 112586.4054748469
120533.1111051855 112744.9017825000
120533.1111051855 112903.3980901531
120533.1111051855 113061.8943978061
120533.1111051855 113220.3907054592
120533.1111051855 113378.8870131122
120533.1111051855 113537.3833207653
120533.1111051855 113695.8796284184
110463.8664048569 113695.8796284184
120533.1111051855 113854.3759360714
110463.8664048569 113854.3759360714
120533.1111051855 114012.8722437245
110463.8664048569 114012.8722437245
120533.1111051855 114171.3685513776
110463.8664048569 114171.3685513776

120373.2818242279 115914.8279355612
120373.2818242279 115756.3316279082
120373.2818242279 115597.8353202551
120373.2818242279 115439.3390126020
120373.2818242279 115280.8427049490
120373.2818242279 115122.3463972959
120373.2818242279 114963.8500896429
120373.2818242279 114805.3537819898
120373.2818242279 114646.8574743367
132520.3071770053 110208.9608600510
120533.1111051855 114329.8648590306
123250.2088814647 111476.9313212755
121172.4282290159 111793.9239365816
120533.1111051855 112110.9165518878
120533.1111051855 112269.4128595408
120533.1111051855 112427.9091671939
120533.1111051855 112586.4054748469
120533.1111051855 112744.9017825000
120533.1111051855 112903.3980901531
120533.1111051855 113061.8943978061
120533.1111051855 113220.3907054592
120533.1111051855 113378.8870131122
120533.1111051855 113537.3833207653
120533.1111051855 113695.8796284184
110463.8664048569 113695.8796284184
120533.1111051855 113854.3759360714
110463.8664048569 113854.3759360714
120533.1111051855 114012.8722437245
110463.8664048569 114012.8722437245
120533.1111051855 114171.3685513776
110463.8664048569 114171.3685513776

120373.2818242279 115914.8279355612
120533.1111051855 115914.8279355612
120373.2818242279 115756.3316279082
120373.2818242279 115597.8353202551
120373.2818242279 115439.3390126020
120373.2818242279 115280.8427049490
120373.2818242279 115122.3463972959
120373.2818242279 114963.8500896429
120373.2818242279 114805.3537819898
120373.2818242279 114646.8574743367
120373.2818242279 114488.3611666837
120533.1111051855 114329.8648590306
120533.1111051855 114171.3685513776
110463.8664048569 114012.8722437245
120852.7696671007 111952.4202442347
120533.1111051855 111952.4202442347
120533.1111051855 112110.9165518878
120533.1111051855 112269.4128595408
120533.1111051855 112427.9091671939
120533.1111051855 112586.4054748469
120533.1111051855 112744.9017825000
120533.1111051855 112903.3980901531
120533.1111051855 113061.8943978061
120533.1111051855 113220.3907054592
120533.1111051855 113378.8870131122
120533.1111051855 113537.3833207653
120533.1111051855 113695.8796284184
110463.8664048569 113695.8796284184
120533.1111051855 113854.3759360714
110463.8664048569 113854.3759360714
120533.1111051855 114012.8722437245

120373.2818242279 115914.8279355612
120533.1111051855 115914.8279355612
120373.2818242279 115756.3316279082
120533.1111051855 115756.3316279082
120373.2818242279 115597.8353202551
120533.1111051855 115597.8353202551
120373.2818242279 115439.3390126020
120373.2818242279 115280.8427049490
120373.2818242279 115122.3463972959
120373.2818242279 114963.8500896429
120373.2818242279 114805.3537819898
120533.1111051855 114805.3537819898
120533.1111051855 114646.8574743367
120533.1111051855 114488.3611666837
120533.1111051855 114329.8648590306
120533.1111051855 114171.3685513776
120533.1111051855 114012.8722437245
120533.1111051855 113854.3759360714
120533.1111051855 113695.8796284184
120533.1111051855 113537.3833207653
120533.1111051855 113378.8870131122
120533.1111051855 113220.3907054592
120533.1111051855 113061.8943978061
120533.1111051855 112903.3980901531
120692.9403861431 111952.4202442347
120692.9403861431 112110.9165518878
120692.9403861431 112269.4128595408
120692.9403861431 112427.9091671939
120533.1111051855 112427.9091671939
120533.1111051855 112586.4054748469
120533.1111051855 112744.9017825000

120373.2818242279 115914.8279355612
120373.2818242279 115756.3316279082
120373.2818242279 115597.8353202551
120373.2818242279 115439.3390126020
120373.2818242279 115280.8427049490
120373.2818242279 115122.3463972959
120373.2818242279 114963.8500896429
120373.2818242279 114805.3537819898
120373.2818242279 114646.8574743367
110463.8664048569 114488.3611666837
120533.1111051855 114329.8648590306
110463.8664048569 114171.3685513776
120533.1111051855 114171.3685513776
121172.4282290159 111793.9239365816
120533.1111051855 111952.4202442347
120533.1111051855 112110.9165518878
120533.1111051855 112269.4128595408
120533.1111051855 112427.9091671939
120533.1111051855 112586.4054748469
120533.1111051855 112744.9017825000
120533.1111051855 112903.3980901531
120533.1111051855 113061.8943978061
120533.1111051855 113220.3907054592
120533.1111051855 113378.8870131122
120533.1111051855 113537.3833207653
120533.1111051855 113695.8796284184
110463.8664048569 113695.8796284184
120533.1111051855 113854.3759360714
110463.8664048569 113854.3759360714
120533.1111051855 114012.8722437245
110463.8664048569 114012.8722437245

120373.2818242279 115914.8279355612
120533.1111051855 115914.8279355612
120373.2818242279 115756.3316279082
120373.2818242279 115597.8353202551
120373.2818242279 115439.3390126020
120373.2818242279 115280.8427049490
120373.2818242279 115122.3463972959
120373.2818242279 114963.8500896429
120373.2818242279 114805.3537819898
120373.2818242279 114646.8574743367
120373.2818242279 114488.3611666837
120533.1111051855 114329.8648590306
120533.1111051855 111952.4202442347
120533.1111051855 112110.9165518878
120533.1111051855 112269.4128595408
120533.1111051855 112427.9091671939
120533.1111051855 112586.4054748469
120533.1111051855 112744.9017825000
120533.1111051855 112903.3980901531
120533.1111051855 113061.8943978061
120533.1111051855 113220.3907054592
120533.1111051855 113378.8870131122
120533.1111051855 113537.3833207653
120533.1111051855 113695.8796284184
110463.8664048569 113695.8796284184
120533.1111051855 113854.3759360714
110463.8664048569 113854.3759360714
120533.1111051855 114012.8722437245
110463.8664048569 114012.8722437245
120533.1111051855 114171.3685513776
120533.1111051855 114488.3611666837

120373.2818242279 115914.8279355612
120373.2818242279 115756.3316279082
120373.2818242279 115597.8353202551
120373.2818242279 115439.3390126020
120373.2818242279 115280.8427049490
120373.2818242279 115122.3463972959
120373.2818242279 114963.8500896429
120373.2818242279 114805.3537819898
120373.2818242279 114646.8574743367
110463.8664048569 114488.3611666837
120373.2818242279 114488.3611666837
123250.2088814647 111476.9313212755
121172.4282290159 111793.9239365816
120533.1111051855 112110.9165518878
120533.1111051855 112269.4128595408
120533.1111051855 112427.9091671939
120533.1111051855 112586.4054748469
120533.1111051855 112744.9017825000
120533.1111051855 112903.3980901531
120533.1111051855 113061.8943978061
120533.1111051855 113220.3907054592
120533.1111051855 113378.8870131122
120533.1111051855 113537.3833207653
120533.1111051855 113695.8796284184
110463.8664048569 113695.8796284184
120533.1111051855 113854.3759360714
110463.8664048569 113854.3759360714
120533.1111051855 114012.8722437245
110463.8664048569 114012.8722437245
120533.1111051855 114171.3685513776
110463.8664048569 114171.3685513776

120373.2818242279 115914.8279355612
120373.2818242279 115756.3316279082
120373.2818242279 115597.8353202551
120373.2818242279 115439.3390126020
120373.2818242279 115280.8427049490
120373.2818242279 115122.3463972959
120373.2818242279 114963.8500896429
120373.2818242279 114805.3537819898
120373.2818242279 114646.8574743367
110304.0371238993 114488.3611666837
120373.2818242279 114488.3611666837
120533.1111051855 111952.4202442347
120533.1111051855 112110.9165518878
120533.1111051855 112269.4128595408
120533.1111051855 112427.9091671939
120533.1111051855 112586.4054748469
120533.1111051855 112744.9017825000
120533.1111051855 112903.3980901531
120533.1111051855 113061.8943978061
120533.1111051855 113220.3907054592
120533.1111051855 113378.8870131122
120533.1111051855 113537.3833207653
120533.1111051855 113695.8796284184
110463.8664048569 113695.8796284184
120533.1111051855 113854.3759360714
110463.8664048569 113854.3759360714
120533.1111051855 114012.8722437245
110463.8664048569 114012.8722437245
120533.1111051855 114171.3685513776
110463.8664048569 114171.3685513776
120533.1111051855 114329.8648590306

120213.4525432703 115914.8279355612
120373.2818242279 115914.8279355612
120533.1111051855 115914.8279355612
120373.2818242279 115756.3316279082
120533.1111051855 115756.3316279082
120373.2818242279 115597.8353202551
120533.1111051855 115597.8353202551
120373.2818242279 115439.3390126020
120373.2818242279 115280.8427049490
120533.1111051855 115280.8427049490
120373.2818242279 115122.3463972959
120373.2818242279 114963.8500896429
120692.9403861431 111952.4202442347
120692.9403861431 112110.9165518878
120692.9403861431 112269.4128595408
120692.9403861431 112427.9091671939
120533.1111051855 112586.4054748469
120533.1111051855 112744.9017825000
120533.1111051855 112903.3980901531
120533.1111051855 113061.8943978061
120533.1111051855 113220.3907054592
120533.1111051855 113378.8870131122
120533.1111051855 113537.3833207653
120533.1111051855 113695.8796284184
120533.1111051855 113854.3759360714
120533.1111051855 114012.8722437245
120533.1111051855 114171.3685513776
120533.1111051855 114329.8648590306
120533.1111051855 114488.3611666837
120533.1111051855 114805.3537819898
120373.2818242279 114805.3537819898

120373.2818242279 115914.8279355612
120533.1111051855 115914.8279355612
120373.2818242279 115756.3316279082
120373.2818242279 115597.8353202551
120373.2818242279 115439.3390126020
120373.2818242279 115280.8427049490
120373.2818242279 115122.3463972959
120373.2818242279 114963.8500896429
120373.2818242279 114805.3537819898
120373.2818242279 114646.8574743367
120373.2818242279 114488.3611666837
120533.1111051855 114329.8648590306
110463.8664048569 114171.3685513776
120533.1111051855 114171.3685513776
110463.8664048569 114012.8722437245
120533.1111051855 114012.8722437245
110463.8664048569 113854.3759360714
120533.1111051855 113854.3759360714
110463.8664048569 113695.8796284184
120533.1111051855 113695.8796284184
120533.1111051855 113537.3833207653
120533.1111051855 113378.8870131122
120533.1111051855 111952.4202442347
120533.1111051855 112110.9165518878
120533.1111051855 112269.4128595408
120533.1111051855 112427.9091671939
120533.1111051855 112586.4054748469
120533.1111051855 112744.9017825000
120533.1111051855 112903.3980901531
120533.1111051855 113061.8943978061
120533.1111051855 113220.3907054592

120373.2818242279 115914.8279355612
120533.1111051855 115914.8279355612
120373.2818242279 115756.3316279082
120533.1111051855 115756.3316279082
120373.2818242279 115597.8353202551
120373.2818242279 115439.3390126020
120373.2818242279 115280.8427049490
120533.1111051855 115280.8427049490
120373.2818242279 115122.3463972959
120373.2818242279 114963.8500896429
120373.2818242279 114805.3537819898
120533.1111051855 114805.3537819898
120533.1111051855 114646.8574743367
120533.1111051855 114488.3611666837
120533.1111051855 114329.8648590306
120533.1111051855 114171.3685513776
120533.1111051855 114012.8722437245
120533.1111051855 113854.3759360714
120692.9403861431 111952.4202442347
120692.9403861431 112110.9165518878
120692.9403861431 112269.4128595408
120692.9403861431 112427.9091671939
120533.1111051855 112586.4054748469
120533.1111051855 112744.9017825000
120533.1111051855 112903.3980901531
120533.1111051855 113061.8943978061
120533.1111051855 113220.3907054592
120533.1111051855 113378.8870131122
120533.1111051855 113537.3833207653
120533.1111051855 113695.8796284184
120533.1111051855 115597.8353202551

120373.2818242279 115914.8279355612
120373.2818242279 115756.3316279082
120373.2818242279 115597.8353202551
120373.2818242279 115439.3390126020
120373.2818242279 115280.8427049490
120373.2818242279 115122.3463972959
120373.2818242279 114963.8500896429
120373.2818242279 114805.3537819898
120373.2818242279 114646.8574743367
110463.8664048569 114488.3611666837
120533.1111051855 114329.8648590306
110463.8664048569 114171.3685513776
120533.1111051855 114171.3685513776
110463.8664048569 114012.8722437245
120533.1111051855 114012.8722437245
110463.8664048569 113854.3759360714
120533.1111051855 113854.3759360714
110463.8664048569 113695.8796284184
120533.1111051855 113695.8796284184
120533.1111051855 113537.3833207653
120533.1111051855 113378.8870131122
120533.1111051855 113220.3907054592
120533.1111051855 111952.4202442347
120533.1111051855 112110.9165518878
120533.1111051855 112269.4128595408
120533.1111051855 112427.9091671939
120533.1111051855 112586.4054748469
120533.1111051855 112744.9017825000
120533.1111051855 112903.3980901531
120533.1111051855 113061.8943978061
120373.2818242279 114488.3611666837

120373.2818242279 115914.8279355612
120533.1111051855 115914.8279355612
120373.2818242279 115756.3316279082
120373.2818242279 115597.8353202551
120373.2818242279 115439.3390126020
120373.2818242279 115280.8427049490
120373.2818242279 115122.3463972959
120373.2818242279 114963.8500896429
120373.2818242279 114805.3537819898
120533.1111051855 114805.3537819898
120533.1111051855 114646.8574743367
120533.1111051855 114488.3611666837
120533.1111051855 111952.4202442347
120533.1111051855 112110.9165518878
120533.1111051855 112269.4128595408
120533.1111051855 112427.9091671939
120533.1111051855 112586.4054748469
120533.1111051855 112744.9017825000
120533.1111051855 112903.3980901531
120533.1111051855 113061.8943978061
120533.1111051855 113220.3907054592
120533.1111051855 113378.8870131122
120533.1111051855 113537.3833207653
120533.1111051855 113695.8796284184
110463.8664048569 113695.8796284184
120533.1111051855 113854.3759360714
110463.8664048569 113854.3759360714
120533.1111051855 114012.8722437245
110463.8664048569 114012.8722437245
120533.1111051855 114171.3685513776
120533.1111051855 114329.8648590306

120373.2818242279 115914.8279355612
120533.1111051855 115914.8279355612
120373.2818242279 115756.3316279082
120373.2818242279 115597.8353202551
120373.2818242279 115439.3390126020
120373.2818242279 115280.8427049490
120373.2818242279 115122.3463972959
120373.2818242279 114963.8500896429
120373.2818242279 114805.3537819898
120373.2818242279 114646.8574743367
120373.2818242279 114488.3611666837
120373.2818242279 114329.8648590306
120533.1111051855 114329.8648590306
110463.8664048569 114012.8722437245
120852.7696671007 111952.4202442347
120533.1111051855 111952.4202442347
120533.1111051855 112110.9165518878
120533.1111051855 112269.4128595408
120533.1111051855 112427.9091671939
120533.1111051855 112586.4054748469
120533.1111051855 112744.9017825000
120533.1111051855 112903.3980901531
120533.1111051855 113061.8943978061
120533.1111051855 113220.3907054592
120533.1111051855 113378.8870131122
120533.1111051855 113537.3833207653
120533.1111051855 113695.8796284184
120533.1111051855 113854.3759360714
110463.8664048569 113854.3759360714
120533.1111051855 114012.8722437245
120533.1111051855 114171.3685513776

120373.2818242279 115914.8279355612
120373.2818242279 115756.3316279082
120373.2818242279 115597.8353202551
120373.2818242279 115439.3390126020
120373.2818242279 115280.8427049490
120373.2818242279 115122.3463972959
120373.2818242279 114963.8500896429
120373.2818242279 114805.3537819898
120373.2818242279 114646.8574743367
120373.2818242279 114488.3611666837
120373.2818242279 114329.8648590306
110463.8664048569 114171.3685513776
120852.7696671007 111952.4202442347
120533.1111051855 111952.4202442347
120533.1111051855 112110.9165518878
120533.1111051855 112269.4128595408
120533.1111051855 112427.9091671939
120533.1111051855 112586.4054748469
120533.1111051855 112744.9017825000
120533.1111051855 112903.3980901531
120533.1111051855 113061.8943978061
120533.1111051855 113220.3907054592
120533.1111051855 113378.8870131122
120533.1111051855 113537.3833207653
120533.1111051855 113695.8796284184
110463.8664048569 113695.8796284184
120533.1111051855 113854.3759360714
110463.8664048569 113854.3759360714
120533.1111051855 114012.8722437245
110463.8664048569 114012.8722437245
120533.1111051855 114171.3685513776

120373.2818242279 115914.8279355612
120533.1111051855 115914.8279355612
120373.2818242279 115756.3316279082
120373.2818242279 115597.8353202551
120373.2818242279 115439.3390126020
120373.2818242279 115280.8427049490
120373.2818242279 115122.3463972959
120373.2818242279 114963.8500896429
120373.2818242279 114805.3537819898
120373.2818242279 114646.8574743367
120373.2818242279 114488.3611666837
120373.2818242279 114329.8648590306
110463.8664048569 114171.3685513776
120533.1111051855 114171.3685513776
110463.8664048569 114012.8722437245
120533.1111051855 114012.8722437245
110463.8664048569 113854.3759360714
120533.1111051855 113854.3759360714
110463.8664048569 113695.8796284184
120533.1111051855 113695.8796284184
120533.1111051855 113537.3833207653
120533.1111051855 113378.8870131122
120533.1111051855 113220.3907054592
120533.1111051855 113061.8943978061
120533.1111051855 112903.3980901531
120533.1111051855 112744.9017825000
120533.1111051855 112586.4054748469
120533.1111051855 112427.9091671939
120533.1111051855 112269.4128595408
120533.1111051855 112110.9165518878
120533.1111051855 111952.4202442347

120213.4525432703 115914.8279355612
120373.2818242279 115914.8279355612
120533.1111051855 115914.8279355612
120373.2818242279 115756.3316279082
120533.1111051855 115756.3316279082
120373.2818242279 115597.8353202551
120533.1111051855 115597.8353202551
120373.2818242279 115439.3390126020
120373.2818242279 115280.8427049490
120533.1111051855 115280.8427049490
120373.2818242279 115122.3463972959
120373.2818242279 114963.8500896429
120373.2818242279 114805.3537819898
120533.1111051855 114646.8574743367
120533.1111051855 114488.3611666837
120533.1111051855 114329.8648590306
120533.1111051855 114171.3685513776
120533.1111051855 114012.8722437245
120533.1111051855 113854.3759360714
120533.1111051855 113695.8796284184
120533.1111051855 113537.3833207653
120533.1111051855 113378.8870131122
120533.1111051855 113220.3907054592
120533.1111051855 113061.8943978061
120533.1111051855 112903.3980901531
120692.9403861431 111952.4202442347
120692.9403861431 112110.9165518878
120692.9403861431 112269.4128595408
120692.9403861431 112427.9091671939
120692.9403861431 112586.4054748469
120533.1111051855 112744.9017825000

120213.4525432703 115914.8279355612
120373.2818242279 115914.8279355612
120533.1111051855 115914.8279355612
120373.2818242279 115756.3316279082
120533.1111051855 115756.3316279082
120373.2818242279 115597.8353202551
120533.1111051855 115597.8353202551
120373.2818242279 115439.3390126020
120373.2818242279 115280.8427049490
120533.1111051855 115280.8427049490
120373.2818242279 115122.3463972959
120373.2818242279 114963.8500896429
120373.2818242279 114805.3537819898
120533.1111051855 114646.8574743367
120533.1111051855 114488.3611666837
120533.1111051855 114329.8648590306
120533.1111051855 114171.3685513776
120533.1111051855 114012.8722437245
120692.9403861431 111952.4202442347
120692.9403861431 112110.9165518878
120692.9403861431 112269.4128595408
120692.9403861431 112427.9091671939
120533.1111051855 112586.4054748469
120533.1111051855 112744.9017825000
120533.1111051855 112903.3980901531
120533.1111051855 113061.8943978061
120533.1111051855 113220.3907054592
120533.1111051855 113378.8870131122
120533.1111051855 113537.3833207653
120533.1111051855 113695.8796284184
120533.1111051855 113854.3759360714

120373.2818242279 115914.8279355612
120373.2818242279 115756.3316279082
120373.2818242279 115597.8353202551
120373.2818242279 115439.3390126020
120373.2818242279 115280.8427049490
120373.2818242279 115122.3463972959
120373.2818242279 114963.8500896429
120373.2818242279 114805.3537819898
120373.2818242279 114646.8574743367
110304.0371238993 114488.3611666837
120373.2818242279 114488.3611666837
120373.2818242279 114329.8648590306
110463.8664048569 114171.3685513776
120533.1111051855 114171.3685513776
110463.8664048569 114012.8722437245
120533.1111051855 114012.8722437245
110463.8664048569 113854.3759360714
120533.1111051855 113854.3759360714
110463.8664048569 113695.8796284184
120533.1111051855 113695.8796284184
120533.1111051855 113537.3833207653
120533.1111051855 113378.8870131122
120533.1111051855 113220.3907054592
120533.1111051855 113061.8943978061
120533.1111051855 112903.3980901531
120533.1111051855 112744.9017825000
120533.1111051855 112586.4054748469
120533.1111051855 112427.9091671939
120533.1111051855 112269.4128595408
120533.1111051855 112110.9165518878
120533.1111051855 111952.4202442347

120373.2818242279 115914.8279355612
120373.2818242279 115756.3316279082
120373.2818242279 115597.8353202551
120373.2818242279 115439.3390126020
120373.2818242279 115280.8427049490
120373.2818242279 115122.3463972959
120373.2818242279 114963.8500896429
120373.2818242279 114805.3537819898
120373.2818242279 114646.8574743367
110463.8664048569 114488.3611666837
120533.1111051855 114329.8648590306
123250.2088814647 111476.9313212755
121172.4282290159 111793.9239365816
120533.1111051855 112110.9165518878
120533.1111051855 112269.4128595408
120533.1111051855 112427.9091671939
120533.1111051855 112586.4054748469
120533.1111051855 112744.9017825000
120533.1111051855 112903.3980901531
120533.1111051855 113061.8943978061
120533.1111051855 113220.3907054592
120533.1111051855 113378.8870131122
120533.1111051855 113537.3833207653
120533.1111051855 113695.8796284184
110463.8664048569 113695.8796284184
120533.1111051855 113854.3759360714
110463.8664048569 113854.3759360714
120533.1111051855 114012.8722437245
110463.8664048569 114012.8722437245
120533.1111051855 114171.3685513776
110463.8664048569 114171.3685513776

120373.2818242279 115914.8279355612
120533.1111051855 115914.8279355612
120373.2818242279 115756.3316279082
120373.2818242279 115597.8353202551
120373.2818242279 115439.3390126020
120533.1111051855 115439.3390126020
120373.2818242279 115280.8427049490
120373.2818242279 115122.3463972959
120373.2818242279 114963.8500896429
120373.2818242279 114805.3537819898
120533.1111051855 114805.3537819898
120533.1111051855 114488.3611666837
120852.7696671007 111952.4202442347
120533.1111051855 111952.4202442347
120533.1111051855 112110.9165518878
120533.1111051855 112269.4128595408
120533.1111051855 112427.9091671939
120533.1111051855 112586.4054748469
120533.1111051855 112744.9017825000
120533.1111051855 112903.3980901531
120533.1111051855 113061.8943978061
120533.1111051855 113220.3907054592
120533.1111051855 113378.8870131122
120533.1111051855 113537.3833207653
120533.1111051855 113695.8796284184
110463.8664048569 113695.8796284184
120533.1111051855 113854.3759360714
120533.1111051855 114012.8722437245
120533.1111051855 114171.3685513776
120533.1111051855 114329.8648590306
120533.1111051855 114646.8574743367

120373.2818242279 115914.8279355612
120373.2818242279 115756.3316279082
120373.2818242279 115597.8353202551
120373.2818242279 115439.3390126020
120373.2818242279 115280.8427049490
120373.2818242279 115122.3463972959
120373.2818242279 114963.8500896429
120373.2818242279 114805.3537819898
120373.2818242279 114646.8574743367
120373.2818242279 114488.3611666837
120373.2818242279 114329.8648590306
110463.8664048569 114171.3685513776
120533.1111051855 114171.3685513776
110463.8664048569 114012.8722437245
120533.1111051855 114012.8722437245
110463.8664048569 113854.3759360714
120533.1111051855 113854.3759360714
110463.8664048569 113695.8796284184
120533.1111051855 113695.8796284184
120533.1111051855 113537.3833207653
120533.1111051855 113378.8870131122
120533.1111051855 113220.3907054592
120533.1111051855 113061.8943978061
120533.1111051855 112903.3980901531
120533.1111051855 112744.9017825000
120533.1111051855 112586.4054748469
120533.1111051855 112427.9091671939
123250.2088814647 111476.9313212755
121172.4282290159 111793.9239365816
120533.1111051855 112110.9165518878
120533.1111051855 112269.4128595408

120373.2818242279 115914.8279355612
120533.1111051855 115914.8279355612
120373.2818242279 115756.3316279082
120373.2818242279 115597.8353202551
120373.2818242279 115439.3390126020
120533.1111051855 115439.3390126020
120373.2818242279 115280.8427049490
120373.2818242279 115122.3463972959
120373.2818242279 114963.8500896429
120373.2818242279 114805.3537819898
120533.1111051855 114805.3537819898
120533.1111051855 114646.8574743367
120533.1111051855 114488.3611666837
120533.1111051855 114329.8648590306
120533.1111051855 114171.3685513776
120533.1111051855 114012.8722437245
120533.1111051855 113854.3759360714
120533.1111051855 113695.8796284184
120533.1111051855 113537.3833207653
120533.1111051855 113378.8870131122
120533.1111051855 113220.3907054592
120533.1111051855 113061.8943978061
120852.7696671007 111952.4202442347
120533.1111051855 111952.4202442347
120852.7696671007 112110.9165518878
120533.1111051855 112110.9165518878
120533.1111051855 112269.4128595408
120533.1111051855 112427.9091671939
120533.1111051855 112586.4054748469
120533.1111051855 112744.9017825000
120533.1111051855 112903.3980901531

120373.2818242279 115914.8279355612
120373.2818242279 115756.3316279082
120373.2818242279 115597.8353202551
120373.2818242279 115439.3390126020
120373.2818242279 115280.8427049490
120373.2818242279 115122.3463972959
120373.2818242279 114963.8500896429
120373.2818242279 114805.3537819898
120373.2818242279 114646.8574743367
120373.2818242279 114488.3611666837
120533.1111051855 114329.8648590306
110463.8664048569 114171.3685513776
120533.1111051855 114171.3685513776
110463.8664048569 114012.8722437245
120852.7696671007 111952.4202442347
120533.1111051855 111952.4202442347
120533.1111051855 112110.9165518878
120533.1111051855 112269.4128595408
120533.1111051855 112427.9091671939
120533.1111051855 112586.4054748469
120533.1111051855 112744.9017825000
120533.1111051855 112903.3980901531
120533.1111051855 113061.8943978061
120533.1111051855 113220.3907054592
120533.1111051855 113378.8870131122
120533.1111051855 113537.3833207653
120533.1111051855 113695.8796284184
110463.8664048569 113695.8796284184
120533.1111051855 113854.3759360714
110463.8664048569 113854.3759360714
120533.1111051855 114012.8722437245

120373.2818242279 115914.8279355612
120533.1111051855 115914.8279355612
120373.2818242279 115756.3316279082
120373.2818242279 115597.8353202551
120373.2818242279 115439.3390126020
120533.1111051855 115439.3390126020
120373.2818242279 115280.8427049490
120373.2818242279 115122.3463972959
120373.2818242279 114963.8500896429
120373.2818242279 114805.3537819898
120533.1111051855 114805.3537819898
120533.1111051855 114646.8574743367
120533.1111051855 114488.3611666837
120533.1111051855 114329.8648590306
120533.1111051855 114171.3685513776
120533.1111051855 114012.8722437245
120533.1111051855 113854.3759360714
120852.7696671007 111952.4202442347
120692.9403861431 111952.4202442347
120533.1111051855 111952.4202442347
120533.1111051855 112110.9165518878
120533.1111051855 112269.4128595408
120533.1111051855 112427.9091671939
120533.1111051855 112586.4054748469
120533.1111051855 112744.9017825000
120533.1111051855 112903.3980901531
120533.1111051855 113061.8943978061
120533.1111051855 113220.3907054592
120533.1111051855 113378.8870131122
120533.1111051855 113537.3833207653
120533.1111051855 113695.8796284184

120373.2818242279 115914.8279355612
120533.1111051855 115914.8279355612
120373.2818242279 115756.3316279082
120533.1111051855 115756.3316279082
120373.2818242279 115597.8353202551
120373.2818242279 115439.3390126020
120533.1111051855 115439.3390126020
120373.2818242279 115280.8427049490
120533.1111051855 115280.8427049490
120373.2818242279 115122.3463972959
120373.2818242279 114963.8500896429
120373.2818242279 114805.3537819898
120533.1111051855 114805.3537819898
120692.9403861431 111952.4202442347
120692.9403861431 112110.9165518878
120692.9403861431 112269.4128595408
120692.9403861431 112427.9091671939
120533.1111051855 112586.4054748469
120533.1111051855 112744.9017825000
120533.1111051855 112903.3980901531
120533.1111051855 113061.8943978061
120533.1111051855 113220.3907054592
120533.1111051855 113378.8870131122
120533.1111051855 113537.3833207653
120533.1111051855 113695.8796284184
120533.1111051855 113854.3759360714
120533.1111051855 114012.8722437245
120533.1111051855 114171.3685513776
120533.1111051855 114329.8648590306
120533.1111051855 114488.3611666837
120533.1111051855 115597.8353202551

120373.2818242279 115914.8279355612
120533.1111051855 115914.8279355612
120373.2818242279 115756.3316279082
120373.2818242279 115597.8353202551
120373.2818242279 115439.3390126020
120373.2818242279 115280.8427049490
120373.2818242279 115122.3463972959
120373.2818242279 114963.8500896429
120373.2818242279 114805.3537819898
120373.2818242279 114646.8574743367
120373.2818242279 114488.3611666837
120373.2818242279 114329.8648590306
120852.7696671007 111952.4202442347
120533.1111051855 111952.4202442347
120533.1111051855 112110.9165518878
120533.1111051855 112269.4128595408
120533.1111051855 112427.9091671939
120533.1111051855 112586.4054748469
120533.1111051855 112744.9017825000
120533.1111051855 112903.3980901531
120533.1111051855 113061.8943978061
120533.1111051855 113220.3907054592
120533.1111051855 113378.8870131122
120533.1111051855 113537.3833207653
120533.1111051855 113695.8796284184
110463.8664048569 113695.8796284184
120533.1111051855 113854.3759360714
110463.8664048569 113854.3759360714
120533.1111051855 114012.8722437245
110463.8664048569 114012.8722437245
120533.1111051855 114171.3685513776

120373.2818242279 115914.8279355612
120373.2818242279 115756.3316279082
120373.2818242279 115597.8353202551
120373.2818242279 115439.3390126020
120373.2818242279 115280.8427049490
120373.2818242279 115122.3463972959
120373.2818242279 114963.8500896429
120373.2818242279 114805.3537819898
120373.2818242279 114646.8574743367
110463.8664048569 114488.3611666837
120373.2818242279 114488.3611666837
110304.0371238993 114171.3685513776
120533.1111051855 114171.3685513776
120533.1111051855 114012.8722437245
110463.8664048569 113854.3759360714
120533.1111051855 113854.3759360714
110463.8664048569 113695.8796284184
120533.1111051855 113695.8796284184
120533.1111051855 113537.3833207653
120533.1111051855 113378.8870131122
120533.1111051855 113220.3907054592
120533.1111051855 113061.8943978061
120533.1111051855 112903.3980901531
120533.1111051855 112744.9017825000
120533.1111051855 112586.4054748469
120533.1111051855 112427.9091671939
131721.1607722173 111001.4423983163
120533.1111051855 112269.4128595408
120533.1111051855 112110.9165518878
121172.4282290159 111793.9239365816
123250.2088814647 111476.9313212755

120373.2818242279 115914.8279355612
120373.2818242279 115756.3316279082
120373.2818242279 115597.8353202551
120373.2818242279 115439.3390126020
120373.2818242279 115280.8427049490
120373.2818242279 115122.3463972959
120373.2818242279 114963.8500896429
120373.2818242279 114805.3537819898
120373.2818242279 114646.8574743367
120373.2818242279 114488.3611666837
120373.2818242279 114329.8648590306
120533.1111051855 114329.8648590306
120852.7696671007 111952.4202442347
120533.1111051855 111952.4202442347
120533.1111051855 112110.9165518878
120533.1111051855 112269.4128595408
120533.1111051855 112427.9091671939
120533.1111051855 112586.4054748469
120533.1111051855 112744.9017825000
120533.1111051855 112903.3980901531
120533.1111051855 113061.8943978061
120533.1111051855 113220.3907054592
120533.1111051855 113378.8870131122
120533.1111051855 113537.3833207653
120533.1111051855 113695.8796284184
110463.8664048569 113695.8796284184
120533.1111051855 113854.3759360714
110463.8664048569 113854.3759360714
120533.1111051855 114012.8722437245
120533.1111051855 114171.3685513776
120533.1111051855 115914.8279355612

120373.2818242279 115914.8279355612
120533.1111051855 115914.8279355612
120373.2818242279 115756.3316279082
120373.2818242279 115597.8353202551
120373.2818242279 115439.3390126020
120373.2818242279 115280.8427049490
120373.2818242279 115122.3463972959
120373.2818242279 114963.8500896429
120373.2818242279 114805.3537819898
120533.1111051855 114805.3537819898
120533.1111051855 114646.8574743367
120533.1111051855 114488.3611666837
120533.1111051855 114329.8648590306
120852.7696671007 111952.4202442347
120533.1111051855 111952.4202442347
120533.1111051855 112110.9165518878
120533.1111051855 112269.4128595408
120533.1111051855 112427.9091671939
120533.1111051855 112586.4054748469
120533.1111051855 112744.9017825000
120533.1111051855 112903.3980901531
120533.1111051855 113061.8943978061
120533.1111051855 113220.3907054592
120533.1111051855 113378.8870131122
120533.1111051855 113537.3833207653
120533.1111051855 113695.8796284184
110463.8664048569 113695.8796284184
120533.1111051855 113854.3759360714
110463.8664048569 113854.3759360714
120533.1111051855 114012.8722437245
120533.1111051855 114171.3685513776

120213.4525432703 115914.8279355612
120373.2818242279 115914.8279355612
120533.1111051855 115914.8279355612
120373.2818242279 115756.3316279082
120533.1111051855 115756.3316279082
120373.2818242279 115597.8353202551
120533.1111051855 115597.8353202551
120373.2818242279 115439.3390126020
120533.1111051855 115439.3390126020
120373.2818242279 115280.8427049490
120533.1111051855 115280.8427049490
120373.2818242279 115122.3463972959
120373.2818242279 114963.8500896429
120373.2818242279 114805.3537819898
120692.9403861431 111952.4202442347
120692.9403861431 112110.9165518878
120692.9403861431 112269.4128595408
120692.9403861431 112427.9091671939
120533.1111051855 112586.4054748469
120533.1111051855 112744.9017825000
120533.1111051855 112903.3980901531
120533.1111051855 113061.8943978061
120533.1111051855 113220.3907054592
120533.1111051855 113378.8870131122
120533.1111051855 113537.3833207653
120533.1111051855 113695.8796284184
120533.1111051855 113854.3759360714
120533.1111051855 114012.8722437245
120533.1111051855 114171.3685513776
120533.1111051855 114329.8648590306
120533.1111051855 114488.3611666837

120373.2818242279 115914.8279355612
120533.1111051855 115914.8279355612
120373.2818242279 115756.3316279082
120373.2818242279 115597.8353202551
120373.2818242279 115439.3390126020
120373.2818242279 115280.8427049490
120373.2818242279 115122.3463972959
120373.2818242279 114963.8500896429
120373.2818242279 114805.3537819898
120533.1111051855 114805.3537819898
120533.1111051855 114646.8574743367
120533.1111051855 114488.3611666837
120533.1111051855 114329.8648590306
120533.1111051855 114171.3685513776
120533.1111051855 114012.8722437245
120533.1111051855 113854.3759360714
110463.8664048569 113695.8796284184
120533.1111051855 113695.8796284184
120533.1111051855 113537.3833207653
120852.7696671007 111952.4202442347
120533.1111051855 111952.4202442347
120852.7696671007 112110.9165518878
120533.1111051855 112110.9165518878
120533.1111051855 112269.4128595408
120533.1111051855 112427.9091671939
120533.1111051855 112586.4054748469
120533.1111051855 112744.9017825000
120533.1111051855 112903.3980901531
120533.1111051855 113061.8943978061
120533.1111051855 113220.3907054592
120533.1111051855 113378.8870131122

120373.2818242279 115914.8279355612
120533.1111051855 115914.8279355612
120373.2818242279 115756.3316279082
120373.2818242279 115597.8353202551
120373.2818242279 115439.3390126020
120373.2818242279 115280.8427049490
120373.2818242279 115122.3463972959
120373.2818242279 114963.8500896429
120373.2818242279 114805.3537819898
120533.1111051855 114805.3537819898
120533.1111051855 114646.8574743367
120533.1111051855 114488.3611666837
120533.1111051855 114329.8648590306
120533.1111051855 114171.3685513776
120533.1111051855 114012.8722437245
120852.7696671007 111952.4202442347
120692.9403861431 111952.4202442347
120533.1111051855 111952.4202442347
120533.1111051855 112110.9165518878
120533.1111051855 112269.4128595408
120533.1111051855 112427.9091671939
120533.1111051855 112586.4054748469
120533.1111051855 112744.9017825000
120533.1111051855 112903.3980901531
120533.1111051855 113061.8943978061
120533.1111051855 113220.3907054592
120533.1111051855 113378.8870131122
120533.1111051855 113537.3833207653
120533.1111051855 113695.8796284184
110463.8664048569 113695.8796284184
120533.1111051855 113854.3759360714

120373.2818242279 115914.8279355612
120373.2818242279 115756.3316279082
120373.2818242279 115597.8353202551
120373.2818242279 115439.3390126020
120373.2818242279 115280.8427049490
120373.2818242279 115122.3463972959
120373.2818242279 114963.8500896429
123250.2088814647 111476.9313212755
121172.4282290159 111793.9239365816
120533.1111051855 112110.9165518878
120533.1111051855 112269.4128595408
132040.8193341325 110525.9534753571
120533.1111051855 112427.9091671939
120533.1111051855 112586.4054748469
120533.1111051855 112744.9017825000
120533.1111051855 112903.3980901531
120533.1111051855 113061.8943978061
120533.1111051855 113220.3907054592
120533.1111051855 113378.8870131122
120533.1111051855 113537.3833207653
120533.1111051855 113695.8796284184
110463.8664048569 113695.8796284184
120533.1111051855 113854.3759360714
110463.8664048569 113854.3759360714
120533.1111051855 114012.8722437245
120533.1111051855 114171.3685513776
110304.0371238993 114171.3685513776
120373.2818242279 114488.3611666837
110463.8664048569 114488.3611666837
120373.2818242279 114646.8574743367
120373.2818242279 114805.3537819898

120373.2818242279 115914.8279355612
120373.2818242279 115756.3316279082
120373.2818242279 115597.8353202551
120373.2818242279 115439.3390126020
120373.2818242279 115280.8427049490
120373.2818242279 115122.3463972959
120373.2818242279 114963.8500896429
120373.2818242279 114805.3537819898
120373.2818242279 114646.8574743367
110463.8664048569 114488.3611666837
120373.2818242279 114488.3611666837
110304.0371238993 114171.3685513776
120533.1111051855 114171.3685513776
136675.8684819028 109257.9830141327
134598.0878294541 109574.9756294388
132520.3071770053 109891.9682447449
131401.5022103021 110208.9608600510
131721.1607722173 110684.4497830102
131241.6729293445 111001.4423983163
126286.9652196590 111476.9313212755
120852.7696671007 111952.4202442347
120852.7696671007 112110.9165518878
120852.7696671007 112269.4128595408
120852.7696671007 112427.9091671939
120852.7696671007 112586.4054748469
120533.1111051855 112903.3980901531
120533.1111051855 113061.8943978061
120533.1111051855 113220.3907054592
120533.1111051855 113378.8870131122
120533.1111051855 113537.3833207653
120533.1111051855 113695.8796284184

120373.2818242279 115914.8279355612
120533.1111051855 115914.8279355612
120373.2818242279 115756.3316279082
120533.1111051855 115756.3316279082
120373.2818242279 115597.8353202551
120373.2818242279 115439.3390126020
120373.2818242279 115280.8427049490
120373.2818242279 115122.3463972959
120373.2818242279 114963.8500896429
120373.2818242279 114805.3537819898
120533.1111051855 114805.3537819898
120533.1111051855 114646.8574743367
120533.1111051855 114488.3611666837
120533.1111051855 114329.8648590306
120533.1111051855 114171.3685513776
120533.1111051855 114012.8722437245
120533.1111051855 113854.3759360714
120533.1111051855 113695.8796284184
120533.1111051855 113537.3833207653
120533.1111051855 113378.8870131122
120533.1111051855 111952.4202442347
120692.9403861431 111952.4202442347
120692.9403861431 112110.9165518878
120692.9403861431 112269.4128595408
120533.1111051855 112269.4128595408
120533.1111051855 112427.9091671939
120533.1111051855 112586.4054748469
120533.1111051855 112744.9017825000
120533.1111051855 112903.3980901531
120533.1111051855 113061.8943978061
120533.1111051855 113220.3907054592

120373.2818242279 115914.8279355612
120373.2818242279 115756.3316279082
120373.2818242279 115597.8353202551
120373.2818242279 115439.3390126020
120373.2818242279 115280.8427049490
120373.2818242279 115122.3463972959
120373.2818242279 114963.8500896429
120373.2818242279 114805.3537819898
136675.8684819028 109257.9830141327
134598.0878294541 109574.9756294388
132520.3071770053 109891.9682447449
131401.5022103021 110208.9608600510
131721.1607722173 110684.4497830102
131241.6729293445 111001.4423983163
126286.9652196590 111476.9313212755
120852.7696671007 111952.4202442347
120852.7696671007 112110.9165518878
120852.7696671007 112269.4128595408
120852.7696671007 112427.9091671939
120852.7696671007 112586.4054748469
120533.1111051855 112903.3980901531
120533.1111051855 113061.8943978061
120533.1111051855 113220.3907054592
120533.1111051855 113378.8870131122
120533.1111051855 113537.3833207653
120533.1111051855 113695.8796284184
109824.5492810265 113854.3759360714
110304.0371238993 114171.3685513776
120373.2818242279 114329.8648590306
120373.2818242279 114488.3611666837
120373.2818242279 114646.8574743367

120373.2818242279 115914.8279355612
120373.2818242279 115756.3316279082
120373.2818242279 115597.8353202551
120373.2818242279 115439.3390126020
120373.2818242279 115280.8427049490
120373.2818242279 115122.3463972959
120373.2818242279 114963.8500896429
120373.2818242279 114805.3537819898
120373.2818242279 114646.8574743367
110463.8664048569 114488.3611666837
120373.2818242279 114488.3611666837
110304.0371238993 114171.3685513776
120533.1111051855 114171.3685513776
120533.1111051855 114012.8722437245
134598.0878294541 109574.9756294388
132520.3071770053 109891.9682447449
131401.5022103021 110208.9608600510
131721.1607722173 110684.4497830102
131241.6729293445 111001.4423983163
126286.9652196590 111476.9313212755
120852.7696671007 111952.4202442347
120852.7696671007 112110.9165518878
120852.7696671007 112269.4128595408
120852.7696671007 112427.9091671939
120852.7696671007 112586.4054748469
120533.1111051855 112903.3980901531
120533.1111051855 113061.8943978061
120533.1111051855 113220.3907054592
120533.1111051855 113378.8870131122
120533.1111051855 113537.3833207653
120533.1111051855 113695.8796284184

120373.2818242279 115914.8279355612
120533.1111051855 115914.8279355612
120373.2818242279 115756.3316279082
120533.1111051855 115756.3316279082
120373.2818242279 115597.8353202551
120373.2818242279 115439.3390126020
120373.2818242279 115280.8427049490
120373.2818242279 115122.3463972959
120373.2818242279 114963.8500896429
120373.2818242279 114805.3537819898
120533.1111051855 114805.3537819898
120533.1111051855 114646.8574743367
120533.1111051855 114488.3611666837
120533.1111051855 114329.8648590306
120533.1111051855 114171.3685513776
120852.7696671007 111952.4202442347
120533.1111051855 111952.4202442347
120852.7696671007 112110.9165518878
120533.1111051855 112110.9165518878
120533.1111051855 112269.4128595408
120533.1111051855 112427.9091671939
120533.1111051855 112586.4054748469
120533.1111051855 112744.9017825000
120533.1111051855 112903.3980901531
120533.1111051855 113061.8943978061
120533.1111051855 113220.3907054592
120533.1111051855 113378.8870131122
120533.1111051855 113537.3833207653
120533.1111051855 113695.8796284184
120533.1111051855 113854.3759360714
120533.1111051855 114012.8722437245

120373.2818242279 115914.8279355612
120533.1111051855 115914.8279355612
120373.2818242279 115756.3316279082
120373.2818242279 115597.8353202551
120373.2818242279 115439.3390126020
120373.2818242279 115280.8427049490
120533.1111051855 115280.8427049490
120373.2818242279 115122.3463972959
120373.2818242279 114963.8500896429
120373.2818242279 114805.3537819898
120533.1111051855 114805.3537819898
120533.1111051855 115439.3390126020
120692.9403861431 111952.4202442347
120692.9403861431 112110.9165518878
120692.9403861431 112269.4128595408
120533.1111051855 112269.4128595408
120533.1111051855 112427.9091671939
120533.1111051855 112586.4054748469
120533.1111051855 112744.9017825000
120533.1111051855 112903.3980901531
120533.1111051855 113061.8943978061
120533.1111051855 113220.3907054592
120533.1111051855 113378.8870131122
120533.1111051855 113537.3833207653
120533.1111051855 113695.8796284184
120533.1111051855 113854.3759360714
120533.1111051855 114012.8722437245
120533.1111051855 114171.3685513776
120533.1111051855 114329.8648590306
120533.1111051855 114488.3611666837
120533.1111051855 114646.8574743367

120373.2818242279 115914.8279355612
120533.1111051855 115914.8279355612
120373.2818242279 115756.3316279082
120373.2818242279 115597.8353202551
120373.2818242279 115439.3390126020
120373.2818242279 115280.8427049490
120373.2818242279 115122.3463972959
120373.2818242279 114963.8500896429
120373.2818242279 114805.3537819898
120373.2818242279 114646.8574743367
120373.2818242279 114488.3611666837
120852.7696671007 111952.4202442347
120533.1111051855 111952.4202442347
120852.7696671007 112110.9165518878
120533.1111051855 112110.9165518878
120533.1111051855 112269.4128595408
120533.1111051855 112427.9091671939
120533.1111051855 112586.4054748469
120533.1111051855 112744.9017825000
120533.1111051855 112903.3980901531
120533.1111051855 113061.8943978061
120533.1111051855 113220.3907054592
120533.1111051855 113378.8870131122
120533.1111051855 113537.3833207653
120533.1111051855 113695.8796284184
120533.1111051855 113854.3759360714
110463.8664048569 113854.3759360714
120533.1111051855 114012.8722437245
120533.1111051855 114171.3685513776
120533.1111051855 114329.8648590306
120373.2818242279 114329.8648590306

120373.2818242279 115914.8279355612
120533.1111051855 115914.8279355612
120373.2818242279 115756.3316279082
120533.1111051855 115756.3316279082
120373.2818242279 115597.8353202551
120373.2818242279 115439.3390126020
120373.2818242279 115280.8427049490
120373.2818242279 115122.3463972959
120373.2818242279 114963.8500896429
120373.2818242279 114805.3537819898
120533.1111051855 114805.3537819898
120533.1111051855 114646.8574743367
120533.1111051855 114488.3611666837
120533.1111051855 114329.8648590306
120852.7696671007 111952.4202442347
120692.9403861431 111952.4202442347
120692.9403861431 112110.9165518878
120692.9403861431 112269.4128595408
120692.9403861431 112427.9091671939
120533.1111051855 112427.9091671939
120533.1111051855 112586.4054748469
120533.1111051855 112744.9017825000
120533.1111051855 112903.3980901531
120533.1111051855 113061.8943978061
120533.1111051855 113220.3907054592
120533.1111051855 113378.8870131122
120533.1111051855 113537.3833207653
120533.1111051855 113695.8796284184
120533.1111051855 113854.3759360714
120533.1111051855 114012.8722437245
120533.1111051855 114171.3685513776

120373.2818242279 115914.8279355612
120533.1111051855 115914.8279355612
120373.2818242279 115756.3316279082
120373.2818242279 115597.8353202551
120373.2818242279 115439.3390126020
120373.2818242279 115280.8427049490
120533.1111051855 115280.8427049490
120373.2818242279 115122.3463972959
120373.2818242279 114963.8500896429
120373.2818242279 114805.3537819898
120533.1111051855 114805.3537819898
120533.1111051855 114646.8574743367
120533.1111051855 114488.3611666837
120533.1111051855 114329.8648590306
120852.7696671007 111952.4202442347
120533.1111051855 111952.4202442347
120852.7696671007 112110.9165518878
120533.1111051855 112110.9165518878
120533.1111051855 112269.4128595408
120533.1111051855 112427.9091671939
120533.1111051855 112586.4054748469
120533.1111051855 112744.9017825000
120533.1111051855 112903.3980901531
120533.1111051855 113061.8943978061
120533.1111051855 113220.3907054592
120533.1111051855 113378.8870131122
120533.1111051855 113537.3833207653
120533.1111051855 113695.8796284184
120533.1111051855 113854.3759360714
120533.1111051855 114012.8722437245
120533.1111051855 114171.3685513776

120373.2818242279 115914.8279355612
120533.1111051855 115914.8279355612
120373.2818242279 115756.3316279082
120533.1111051855 115756.3316279082
120373.2818242279 115597.8353202551
120373.2818242279 115439.3390126020
120373.2818242279 115280.8427049490
120373.2818242279 115122.3463972959
120373.2818242279 114963.8500896429
120373.2818242279 114805.3537819898
120533.1111051855 114805.3537819898
120533.1111051855 114646.8574743367
120533.1111051855 114488.3611666837
120533.1111051855 114329.8648590306
120692.9403861431 111952.4202442347
120692.9403861431 112110.9165518878
120692.9403861431 112269.4128595408
120533.1111051855 112269.4128595408
120692.9403861431 112427.9091671939
120533.1111051855 112427.9091671939
120533.1111051855 112586.4054748469
120533.1111051855 112744.9017825000
120533.1111051855 112903.3980901531
120533.1111051855 113061.8943978061
120533.1111051855 113220.3907054592
120533.1111051855 113378.8870131122
120533.1111051855 113537.3833207653
120533.1111051855 113695.8796284184
120533.1111051855 113854.3759360714
120533.1111051855 114012.8722437245
120533.1111051855 114171.3685513776

120373.2818242279 115914.8279355612
120373.2818242279 115756.3316279082
120373.2818242279 115597.8353202551
120373.2818242279 115439.3390126020
120373.2818242279 115280.8427049490
120373.2818242279 115122.3463972959
134598.0878294541 109574.9756294388
132520.3071770053 109891.9682447449
131401.5022103021 110208.9608600510
131721.1607722173 110684.4497830102
131241.6729293445 111001.4423983163
126286.9652196590 111476.9313212755
120852.7696671007 111952.4202442347
120852.7696671007 112110.9165518878
120852.7696671007 112269.4128595408
120852.7696671007 112427.9091671939
120852.7696671007 112586.4054748469
120533.1111051855 112903.3980901531
120533.1111051855 113061.8943978061
120533.1111051855 113220.3907054592
120533.1111051855 113378.8870131122
120533.1111051855 113537.3833207653
120533.1111051855 113695.8796284184
109824.5492810265 113854.3759360714
110304.0371238993 114171.3685513776
120373.2818242279 114329.8648590306
120373.2818242279 114488.3611666837
120373.2818242279 114646.8574743367
120373.2818242279 114805.3537819898
120373.2818242279 114963.8500896429
96718.5482425035 116073.3242432143

120373.2818242279 115914.8279355612
120533.1111051855 115914.8279355612
120373.2818242279 115756.3316279082
120533.1111051855 115756.3316279082
120373.2818242279 115597.8353202551
120373.2818242279 115439.3390126020
120373.2818242279 115280.8427049490
120533.1111051855 115280.8427049490
120373.2818242279 115122.3463972959
120373.2818242279 114963.8500896429
120373.2818242279 114805.3537819898
120533.1111051855 114805.3537819898
120533.1111051855 114646.8574743367
120533.1111051855 114488.3611666837
120533.1111051855 114329.8648590306
120533.1111051855 114171.3685513776
120533.1111051855 114012.8722437245
120533.1111051855 113854.3759360714
120533.1111051855 113695.8796284184
120533.1111051855 113537.3833207653
120533.1111051855 113378.8870131122
120533.1111051855 113220.3907054592
120533.1111051855 113061.8943978061
120533.1111051855 112903.3980901531
120533.1111051855 112744.9017825000
120533.1111051855 112586.4054748469
120533.1111051855 112427.9091671939
120692.9403861431 112427.9091671939
120692.9403861431 112269.4128595408
120692.9403861431 112110.9165518878
120692.9403861431 111952.4202442347

120213.4525432703 115914.8279355612
120373.2818242279 115914.8279355612
120533.1111051855 115914.8279355612
120373.2818242279 115756.3316279082
120533.1111051855 115756.3316279082
120373.2818242279 115597.8353202551
120373.2818242279 115439.3390126020
120533.1111051855 115439.3390126020
120373.2818242279 115280.8427049490
120533.1111051855 115280.8427049490
120373.2818242279 115122.3463972959
120373.2818242279 114963.8500896429
120373.2818242279 114805.3537819898
120533.1111051855 114646.8574743367
120533.1111051855 114488.3611666837
120692.9403861431 111952.4202442347
120692.9403861431 112110.9165518878
120692.9403861431 112269.4128595408
120692.9403861431 112427.9091671939
120533.1111051855 112586.4054748469
120533.1111051855 112744.9017825000
120533.1111051855 112903.3980901531
120533.1111051855 113061.8943978061
120533.1111051855 113220.3907054592
120533.1111051855 113378.8870131122
120533.1111051855 113537.3833207653
120533.1111051855 113695.8796284184
120533.1111051855 113854.3759360714
120533.1111051855 114012.8722437245
120533.1111051855 114171.3685513776
120533.1111051855 114329.8648590306

120373.2818242279 115914.8279355612
120533.1111051855 115914.8279355612
120373.2818242279 115756.3316279082
120373.2818242279 115597.8353202551
120373.2818242279 115439.3390126020
120533.1111051855 115439.3390126020
120373.2818242279 115280.8427049490
120533.1111051855 115280.8427049490
120373.2818242279 115122.3463972959
120373.2818242279 114963.8500896429
120373.2818242279 114805.3537819898
120533.1111051855 114805.3537819898
120533.1111051855 114646.8574743367
120533.1111051855 114488.3611666837
120533.1111051855 114329.8648590306
120533.1111051855 114171.3685513776
120533.1111051855 114012.8722437245
120533.1111051855 113854.3759360714
120692.9403861431 111952.4202442347
120692.9403861431 112110.9165518878
120692.9403861431 112269.4128595408
120692.9403861431 112427.9091671939
120533.1111051855 112427.9091671939
120533.1111051855 112586.4054748469
120533.1111051855 112744.9017825000
120533.1111051855 112903.3980901531
120533.1111051855 113061.8943978061
120533.1111051855 113220.3907054592
120533.1111051855 113378.8870131122
120533.1111051855 113537.3833207653
120533.1111051855 113695.8796284184

120373.2818242279 115914.8279355612
120533.1111051855 115914.8279355612
120373.2818242279 115756.3316279082
120533.1111051855 115756.3316279082
120373.2818242279 115597.8353202551
120373.2818242279 115439.3390126020
120533.1111051855 115439.3390126020
120373.2818242279 115280.8427049490
120373.2818242279 115122.3463972959
120373.2818242279 114963.8500896429
120373.2818242279 114805.3537819898
120533.1111051855 114805.3537819898
120533.1111051855 114646.8574743367
120533.1111051855 114488.3611666837
120533.1111051855 114329.8648590306
120533.1111051855 114171.3685513776
120533.1111051855 114012.8722437245
120533.1111051855 113854.3759360714
120533.1111051855 113695.8796284184
120692.9403861431 111952.4202442347
120692.9403861431 112110.9165518878
120692.9403861431 112269.4128595408
120692.9403861431 112427.9091671939
120533.1111051855 112427.9091671939
120533.1111051855 112586.4054748469
120533.1111051855 112744.9017825000
120533.1111051855 112903.3980901531
120533.1111051855 113061.8943978061
120533.1111051855 113220.3907054592
120533.1111051855 113378.8870131122
120533.1111051855 113537.3833207653

120373.2818242279 115914.8279355612
120533.1111051855 115914.8279355612
120373.2818242279 115756.3316279082
120533.1111051855 115756.3316279082
120373.2818242279 115597.8353202551
120373.2818242279 115439.3390126020
120533.1111051855 115439.3390126020
120373.2818242279 115280.8427049490
120533.1111051855 115280.8427049490
120373.2818242279 115122.3463972959
120373.2818242279 114963.8500896429
120373.2818242279 114805.3537819898
120533.1111051855 114805.3537819898
120533.1111051855 114646.8574743367
120533.1111051855 114488.3611666837
120533.1111051855 114329.8648590306
120533.1111051855 114171.3685513776
120533.1111051855 114012.8722437245
120533.1111051855 113854.3759360714
120533.1111051855 113695.8796284184
120533.1111051855 113537.3833207653
120533.1111051855 113378.8870131122
120533.1111051855 113220.3907054592
120692.9403861431 111952.4202442347
120692.9403861431 112110.9165518878
120692.9403861431 112269.4128595408
120692.9403861431 112427.9091671939
120533.1111051855 112586.4054748469
120533.1111051855 112744.9017825000
120533.1111051855 112903.3980901531
120533.1111051855 113061.8943978061

120373.2818242279 115914.8279355612
120533.1111051855 115914.8279355612
120373.2818242279 115756.3316279082
120533.1111051855 115756.3316279082
120373.2818242279 115597.8353202551
120533.1111051855 115597.8353202551
120373.2818242279 115439.3390126020
120533.1111051855 115439.3390126020
120373.2818242279 115280.8427049490
120533.1111051855 115280.8427049490
120373.2818242279 115122.3463972959
120533.1111051855 115122.3463972959
120373.2818242279 114963.8500896429
120373.2818242279 114805.3537819898
120533.1111051855 114488.3611666837
120533.1111051855 114329.8648590306
120533.1111051855 114171.3685513776
120533.1111051855 114012.8722437245
120533.1111051855 113854.3759360714
120533.1111051855 113695.8796284184
120533.1111051855 113537.3833207653
120533.1111051855 113378.8870131122
120533.1111051855 113220.3907054592
120533.1111051855 113061.8943978061
120533.1111051855 112903.3980901531
120533.1111051855 112744.9017825000
120692.9403861431 112427.9091671939
120692.9403861431 112269.4128595408
120692.9403861431 111952.4202442347
120692.9403861431 112110.9165518878
120533.1111051855 112586.4054748469

120373.2818242279 115914.8279355612
120533.1111051855 115914.8279355612
120373.2818242279 115756.3316279082
120533.1111051855 115756.3316279082
120373.2818242279 115597.8353202551
120533.1111051855 115597.8353202551
120373.2818242279 115439.3390126020
120533.1111051855 115439.3390126020
120373.2818242279 115280.8427049490
120533.1111051855 115280.8427049490
120373.2818242279 115122.3463972959
120373.2818242279 114963.8500896429
120373.2818242279 114805.3537819898
120533.1111051855 114646.8574743367
120533.1111051855 114488.3611666837
120533.1111051855 114329.8648590306
120533.1111051855 114171.3685513776
120533.1111051855 114012.8722437245
120533.1111051855 113854.3759360714
120533.1111051855 113695.8796284184
120533.1111051855 113537.3833207653
120533.1111051855 113378.8870131122
120533.1111051855 113220.3907054592
120533.1111051855 113061.8943978061
120533.1111051855 112903.3980901531
120533.1111051855 112744.9017825000
120533.1111051855 112586.4054748469
120692.9403861431 111952.4202442347
120692.9403861431 112110.9165518878
120692.9403861431 112269.4128595408
120692.9403861431 112427.9091671939

120373.2818242279 115914.8279355612
120373.2818242279 115756.3316279082
120373.2818242279 115597.8353202551
120373.2818242279 115439.3390126020
120373.2818242279 115280.8427049490
134598.0878294541 109574.9756294388
132839.9657389205 109891.9682447449
131401.5022103021 110208.9608600510
131721.1607722173 110684.4497830102
131241.6729293445 111001.4423983163
127245.9409054046 111476.9313212755
120852.7696671007 111952.4202442347
120852.7696671007 112110.9165518878
120852.7696671007 112269.4128595408
120852.7696671007 112427.9091671939
120852.7696671007 112586.4054748469
120533.1111051855 112903.3980901531
120533.1111051855 113061.8943978061
120533.1111051855 113220.3907054592
120533.1111051855 113378.8870131122
120533.1111051855 113537.3833207653
120533.1111051855 113695.8796284184
110304.0371238993 114171.3685513776
120373.2818242279 114329.8648590306
120373.2818242279 114488.3611666837
110463.8664048569 114488.3611666837
120373.2818242279 114646.8574743367
120373.2818242279 114805.3537819898
120373.2818242279 114963.8500896429
120373.2818242279 115122.3463972959
97198.0360853763 116390.3168585204

97677.5239282491 116390.3168585204
120373.2818242279 115914.8279355612
120373.2818242279 115756.3316279082
120373.2818242279 115597.8353202551
120373.2818242279 115439.3390126020
120373.2818242279 115280.8427049490
120373.2818242279 115122.3463972959
120373.2818242279 114963.8500896429
120373.2818242279 114805.3537819898
120373.2818242279 114646.8574743367
110463.8664048569 114488.3611666837
120373.2818242279 114488.3611666837
120373.2818242279 114329.8648590306
110304.0371238993 114171.3685513776
120533.1111051855 114012.8722437245
110463.8664048569 113854.3759360714
132839.9657389205 109891.9682447449
131401.5022103021 110208.9608600510
131721.1607722173 110684.4497830102
131241.6729293445 111001.4423983163
127245.9409054046 111476.9313212755
120852.7696671007 111952.4202442347
120852.7696671007 112110.9165518878
120852.7696671007 112269.4128595408
120852.7696671007 112427.9091671939
120852.7696671007 112586.4054748469
120533.1111051855 112903.3980901531
120533.1111051855 113061.8943978061
120533.1111051855 113220.3907054592
120533.1111051855 113378.8870131122
120533.1111051855 113537.3833207653

120373.2818242279 115914.8279355612
120373.2818242279 115756.3316279082
120373.2818242279 115597.8353202551
120373.2818242279 115439.3390126020
132839.9657389205 109891.9682447449
131401.5022103021 110208.9608600510
131241.6729293445 111001.4423983163
127245.9409054046 111476.9313212755
120852.7696671007 111952.4202442347
120852.7696671007 112110.9165518878
120852.7696671007 112269.4128595408
120852.7696671007 112427.9091671939
120852.7696671007 112586.4054748469
120533.1111051855 112903.3980901531
120533.1111051855 113061.8943978061
120533.1111051855 113220.3907054592
120533.1111051855 113378.8870131122
120533.1111051855 113537.3833207653
120533.1111051855 113695.8796284184
110943.3542477297 113695.8796284184
120533.1111051855 114012.8722437245
110304.0371238993 114012.8722437245
131721.1607722173 110684.4497830102
110304.0371238993 114171.3685513776
120373.2818242279 114646.8574743367
120373.2818242279 114805.3537819898
120373.2818242279 114963.8500896429
120373.2818242279 115122.3463972959
120373.2818242279 115280.8427049490
97517.6946472915 116073.3242432143
97198.0360853763 116390.3168585204

97198.0360853763 116390.3168585204
120373.2818242279 115914.8279355612
120373.2818242279 115756.3316279082
120373.2818242279 115597.8353202551
120373.2818242279 115439.3390126020
120373.2818242279 115280.8427049490
120373.2818242279 115122.3463972959
120373.2818242279 114963.8500896429
120373.2818242279 114805.3537819898
120373.2818242279 114646.8574743367
120373.2818242279 114488.3611666837
120373.2818242279 114329.8648590306
110304.0371238993 114171.3685513776
132839.9657389205 109891.9682447449
131401.5022103021 110208.9608600510
131241.6729293445 111001.4423983163
127245.9409054046 111476.9313212755
120852.7696671007 111952.4202442347
120852.7696671007 112110.9165518878
120852.7696671007 112269.4128595408
120852.7696671007 112427.9091671939
120852.7696671007 112586.4054748469
120533.1111051855 112903.3980901531
120533.1111051855 113061.8943978061
120533.1111051855 113220.3907054592
120533.1111051855 113378.8870131122
120533.1111051855 113537.3833207653
120533.1111051855 113695.8796284184
110943.3542477297 113695.8796284184
120533.1111051855 114012.8722437245
110304.0371238993 114012.8722437245

120373.2818242279 115914.8279355612
120373.2818242279 115756.3316279082
120373.2818242279 115597.8353202551
120373.2818242279 115439.3390126020
120373.2818242279 115280.8427049490
120373.2818242279 115122.3463972959
132839.9657389205 109891.9682447449
131401.5022103021 110208.9608600510
131241.6729293445 111001.4423983163
127245.9409054046 111476.9313212755
120852.7696671007 111952.4202442347
120852.7696671007 112110.9165518878
120852.7696671007 112269.4128595408
120852.7696671007 112427.9091671939
120852.7696671007 112586.4054748469
120533.1111051855 112903.3980901531
120533.1111051855 113061.8943978061
120533.1111051855 113220.3907054592
120533.1111051855 113378.8870131122
120533.1111051855 113537.3833207653
120533.1111051855 113695.8796284184
110943.3542477297 113695.8796284184
120533.1111051855 114012.8722437245
110304.0371238993 114012.8722437245
120533.1111051855 114171.3685513776
110304.0371238993 114171.3685513776
120373.2818242279 114646.8574743367
120373.2818242279 114805.3537819898
120373.2818242279 114963.8500896429
97517.6946472915 116073.3242432143
97198.0360853763 116390.3168585204

97198.0360853763 116390.3168585204
120373.2818242279 115914.8279355612
120373.2818242279 115756.3316279082
120373.2818242279 115597.8353202551
120373.2818242279 115439.3390126020
120373.2818242279 115280.8427049490
120373.2818242279 115122.3463972959
132839.9657389205 109891.9682447449
131241.6729293445 111001.4423983163
127245.9409054046 111476.9313212755
120852.7696671007 111952.4202442347
120852.7696671007 112110.9165518878
120852.7696671007 112269.4128595408
120852.7696671007 112427.9091671939
120852.7696671007 112586.4054748469
120533.1111051855 112903.3980901531
120533.1111051855 113061.8943978061
120533.1111051855 113220.3907054592
120533.1111051855 113378.8870131122
120533.1111051855 113537.3833207653
120533.1111051855 113695.8796284184
110943.3542477297 113695.8796284184
120533.1111051855 114012.8722437245
110304.0371238993 114012.8722437245
120533.1111051855 114171.3685513776
110304.0371238993 114171.3685513776
120373.2818242279 114488.3611666837
120373.2818242279 114646.8574743367
120373.2818242279 114805.3537819898
120373.2818242279 114963.8500896429
97517.6946472915 116073.3242432143

