algorithm,instance,run_id,vector_id,generation,iteration,f_cost,f_power,weight1,weight2,occupied
nsga2,ns48,9,0,0,0,50808998.703916,2331219.765625,0.000000,1.000000,537 602 661 1137 1153 1299 1374 1661 1854 1912 2141 2238 2333 2865 2994 3077 3126 3479 3533 3599 3995
nsga2,ns48,9,1,0,0,48988592.018623,2329639.281250,0.111111,0.888889,437 763 956 987 1011 1187 1288 1731 1880 2071 2126 2411 2426 3034 3761 3835 3963 3970 4061 4092 4163
nsga2,ns48,9,2,0,0,48988592.018623,2329639.281250,0.222222,0.777778,437 763 956 987 1011 1187 1288 1731 1880 2071 2126 2411 2426 3034 3761 3835 3963 3970 4061 4092 4163
nsga2,ns48,9,3,0,0,48988592.018623,2329639.281250,0.333333,0.666667,437 763 956 987 1011 1187 1288 1731 1880 2071 2126 2411 2426 3034 3761 3835 3963 3970 4061 4092 4163
nsga2,ns48,9,4,0,0,48988592.018623,2329639.281250,0.444444,0.555556,437 763 956 987 1011 1187 1288 1731 1880 2071 2126 2411 2426 3034 3761 3835 3963 3970 4061 4092 4163
nsga2,ns48,9,5,0,0,48988592.018623,2329639.281250,0.555556,0.444444,437 763 956 987 1011 1187 1288 1731 1880 2071 2126 2411 2426 3034 3761 3835 3963 3970 4061 4092 4163
nsga2,ns48,9,6,0,0,48988592.018623,2329639.281250,0.666667,0.333333,437 763 956 987 1011 1187 1288 1731 1880 2071 2126 2411 2426 3034 3761 3835 3963 3970 4061 4092 4163
nsga2,ns48,9,7,0,0,48988592.018623,2329639.281250,0.777778,0.222222,437 763 956 987 1011 1187 1288 1731 1880 2071 2126 2411 2426 3034 3761 3835 3963 3970 4061 4092 4163
nsga2,ns48,9,8,0,0,48988592.018623,2329639.281250,0.888889,0.111111,437 763 956 987 1011 1187 1288 1731 1880 2071 2126 2411 2426 3034 3761 3835 3963 3970 4061 4092 4163
nsga2,ns48,9,9,0,0,48988592.018623,2329639.281250,1.000000,0.000000,437 763 956 987 1011 1187 1288 1731 1880 2071 2126 2411 2426 3034 3761 3835 3963 3970 4061 4092 4163
nsga2,ns48,9,0,50,1,46463495.830605,2333276.207031,0.000000,1.000000,583 699 701 749 752 773 2282 2426 2602 3853 3944 3963 3970 3999 4022 4028 4036 4061 4092 4104 4110
nsga2,ns48,9,1,50,1,46001194.516551,2313974.769531,0.111111,0.888889,583 634 699 701 749 752 2426 2602 3963 3970 3977 4015 4022 4028 4036 4061 4077 4090 4092 4104 4110
nsga2,ns48,9,2,50,1,45952379.012876,2304022.554688,0.222222,0.777778,583 699 701 749 752 773 2602 3963 3970 4015 4022 4028 4036 4061 4068 4077 4090 4092 4104 4139 4163
nsga2,ns48,9,3,50,1,45952379.012876,2304022.554688,0.333333,0.666667,583 699 701 749 752 773 2602 3963 3970 4015 4022 4028 4036 4061 4068 4077 4090 4092 4104 4139 4163
nsga2,ns48,9,4,50,1,45868232.918654,2283406.886719,0.444444,0.555556,583 699 701 773 2205 2282 2426 3963 3970 3977 3997 4014 4019 4021 4036 4061 4071 4087 4092 4098 4110
nsga2,ns48,9,5,50,1,45868232.918654,2283406.886719,0.555556,0.444444,583 699 701 773 2205 2282 2426 3963 3970 3977 3997 4014 4019 4021 4036 4061 4071 4087 4092 4098 4110
nsga2,ns48,9,6,50,1,45868232.918654,2283406.886719,0.666667,0.333333,583 699 701 773 2205 2282 2426 3963 3970 3977 3997 4014 4019 4021 4036 4061 4071 4087 4092 4098 4110
nsga2,ns48,9,7,50,1,45868232.918654,2283406.886719,0.777778,0.222222,583 699 701 773 2205 2282 2426 3963 3970 3977 3997 4014 4019 4021 4036 4061 4071 4087 4092 4098 4110
nsga2,ns48,9,8,50,1,45868232.918654,2283406.886719,0.888889,0.111111,583 699 701 773 2205 2282 2426 3963 3970 3977 3997 4014 4019 4021 4036 4061 4071 4087 4092 4098 4110
nsga2,ns48,9,9,50,1,45868232.918654,2283406.886719,1.000000,0.000000,583 699 701 773 2205 2282 2426 3963 3970 3977 3997 4014 4019 4021 4036 4061 4071 4087 4092 4098 4110
nsga2,ns48,9,0,100,2,46092136.046358,2333276.207031,0.000000,1.000000,545 583 643 701 703 749 752 3884 3963 3970 3977 3980 3983 4005 4028 4072 4077 4090 4092 4109 4139
nsga2,ns48,9,1,100,2,45387108.525303,2305413.750000,0.111111,0.888889,545 583 701 752 3963 3968 3980 3983 3985 4005 4009 4015 4022 4028 4036 4072 4077 4090 4092 4109 4139
nsga2,ns48,9,2,100,2,45296688.328682,2297432.898438,0.222222,0.777778,545 583 701 752 3963 3968 3985 4009 4015 4022 4028 4036 4061 4065 4072 4077 4090 4092 4109 4113 4139
nsga2,ns48,9,3,100,2,45268842.178942,2297265.554688,0.333333,0.666667,583 665 699 701 3963 3968 3985 4009 4015 4022 4028 4036 4061 4065 4072 4077 4090 4092 4104 4109 4139
nsga2,ns48,9,4,100,2,45268842.178942,2297265.554688,0.444444,0.555556,583 665 699 701 3963 3968 3985 4009 4015 4022 4028 4036 4061 4065 4072 4077 4090 4092 4104 4109 4139
nsga2,ns48,9,5,100,2,45251543.800371,2284077.976562,0.555556,0.444444,583 665 699 701 752 3963 4009 4015 4023 4028 4031 4036 4049 4061 4068 4072 4077 4090 4092 4104 4139
nsga2,ns48,9,6,100,2,45214219.636055,2271805.515625,0.666667,0.333333,583 665 699 701 752 3963 4009 4015 4017 4022 4028 4031 4036 4049 4061 4068 4072 4077 4090 4104 4139
nsga2,ns48,9,7,100,2,45214219.636055,2271805.515625,0.777778,0.222222,583 665 699 701 752 3963 4009 4015 4017 4022 4028 4031 4036 4049 4061 4068 4072 4077 4090 4104 4139
nsga2,ns48,9,8,100,2,45214219.636055,2271805.515625,0.888889,0.111111,583 665 699 701 752 3963 4009 4015 4017 4022 4028 4031 4036 4049 4061 4068 4072 4077 4090 4104 4139
nsga2,ns48,9,9,100,2,45212817.062441,2265143.906250,1.000000,0.000000,583 665 699 701 749 3963 4009 4015 4017 4022 4028 4031 4036 4049 4061 4068 4072 4077 4090 4104 4139
nsga2,ns48,9,0,150,3,45841531.539940,2333276.207031,0.000000,1.000000,583 665 699 701 709 3944 3963 3970 3977 3983 4015 4022 4028 4072 4077 4090 4092 4109 4128 4139 4149
nsga2,ns48,9,1,150,3,45154693.317483,2305087.882812,0.111111,0.888889,583 665 3944 3963 3970 3977 3983 4009 4015 4022 4028 4065 4072 4075 4077 4090 4092 4104 4109 4128 4139
nsga2,ns48,9,2,150,3,45048291.573336,2292845.699219,0.222222,0.777778,583 665 3963 3968 3977 3980 3983 3985 4009 4022 4026 4028 4036 4055 4072 4074 4077 4090 4092 4109 4139
nsga2,ns48,9,3,150,3,44941577.463079,2290256.398438,0.333333,0.666667,709 3963 3968 3970 3977 3980 3983 3985 4009 4015 4022 4026 4028 4036 4043 4072 4077 4090 4092 4109 4139
nsga2,ns48,9,4,150,3,44941577.463079,2290256.398438,0.444444,0.555556,709 3963 3968 3970 3977 3980 3983 3985 4009 4015 4022 4026 4028 4036 4043 4072 4077 4090 4092 4109 4139
nsga2,ns48,9,5,150,3,44941577.463079,2290256.398438,0.555556,0.444444,709 3963 3968 3970 3977 3980 3983 3985 4009 4015 4022 4026 4028 4036 4043 4072 4077 4090 4092 4109 4139
nsga2,ns48,9,6,150,3,44910320.962584,2284510.773438,0.666667,0.333333,583 3963 3968 3977 3980 3983 3985 4009 4015 4022 4026 4028 4036 4069 4072 4074 4077 4090 4092 4109 4139
nsga2,ns48,9,7,150,3,44910320.962584,2284510.773438,0.777778,0.222222,583 3963 3968 3977 3980 3983 3985 4009 4015 4022 4026 4028 4036 4069 4072 4074 4077 4090 4092 4109 4139
nsga2,ns48,9,8,150,3,44910320.962584,2284510.773438,0.888889,0.111111,583 3963 3968 3977 3980 3983 3985 4009 4015 4022 4026 4028 4036 4069 4072 4074 4077 4090 4092 4109 4139
nsga2,ns48,9,9,150,3,44910320.962584,2284510.773438,1.000000,0.000000,583 3963 3968 3977 3980 3983 3985 4009 4015 4022 4026 4028 4036 4069 4072 4074 4077 4090 4092 4109 4139
nsga2,ns48,9,0,200,4,45799307.261773,2333276.207031,0.000000,1.000000,550 624 665 751 2529 3968 3970 3977 3983 3985 4015 4022 4028 4072 4077 4090 4092 4109 4128 4139 4149
nsga2,ns48,9,1,200,4,44969314.483243,2299827.238281,0.111111,0.888889,550 3968 3970 3977 3980 3983 3985 4009 4015 4022 4028 4065 4072 4075 4077 4090 4092 4104 4109 4128 4139
nsga2,ns48,9,2,200,4,44882797.698538,2292433.101562,0.222222,0.777778,624 3944 3963 3970 3977 4009 4015 4022 4028 4035 4054 4065 4075 4077 4087 4090 4092 4104 4109 4128 4139
nsga2,ns48,9,3,200,4,44815596.023703,2285054.585938,0.333333,0.666667,550 3968 3977 3980 3983 3985 4009 4022 4028 4036 4057 4069 4071 4072 4074 4076 4077 4090 4092 4109 4139
nsga2,ns48,9,4,200,4,44815596.023703,2285054.585938,0.444444,0.555556,550 3968 3977 3980 3983 3985 4009 4022 4028 4036 4057 4069 4071 4072 4074 4076 4077 4090 4092 4109 4139
nsga2,ns48,9,5,200,4,44803940.682185,2282810.656250,0.555556,0.444444,550 3968 3977 3980 3983 3985 4009 4022 4026 4028 4036 4057 4069 4072 4074 4076 4077 4090 4092 4109 4139
nsga2,ns48,9,6,200,4,44786015.099335,2278375.582031,0.666667,0.333333,550 3963 3977 3980 3983 3985 4009 4015 4022 4026 4028 4036 4058 4069 4072 4074 4077 4090 4092 4109 4139
nsga2,ns48,9,7,200,4,44770471.912512,2268137.882812,0.777778,0.222222,624 3963 3977 3980 3983 3985 4009 4015 4022 4026 4028 4036 4039 4058 4069 4074 4077 4090 4092 4109 4139
nsga2,ns48,9,8,200,4,44770471.912512,2268137.882812,0.888889,0.111111,624 3963 3977 3980 3983 3985 4009 4015 4022 4026 4028 4036 4039 4058 4069 4074 4077 4090 4092 4109 4139
nsga2,ns48,9,9,200,4,44766969.670296,2264627.359375,1.000000,0.000000,550 3963 3977 3980 3983 3985 4001 4015 4022 4026 4028 4036 4039 4058 4069 4074 4077 4090 4092 4109 4139
nsga2,ns48,9,0,250,5,45726881.921551,2333276.207031,0.000000,1.000000,550 624 665 751 3911 3968 3970 3977 3983 3985 4022 4028 4046 4072 4077 4090 4092 4109 4128 4139 4149
nsga2,ns48,9,1,250,5,44849690.387400,2298606.308594,0.111111,0.888889,3963 3968 3970 3977 3980 3983 3985 4009 4015 4022 4028 4054 4065 4077 4087 4090 4092 4104 4109 4128 4139
nsga2,ns48,9,2,250,5,44731958.141782,2289377.925781,0.222222,0.777778,3963 3970 3977 3980 3983 3985 4009 4015 4022 4028 4054 4065 4066 4077 4087 4090 4092 4104 4109 4128 4139
nsga2,ns48,9,3,250,5,44686076.832520,2275902.457031,0.333333,0.666667,3968 3977 3980 3983 3985 4009 4022 4028 4036 4053 4057 4069 4071 4072 4074 4076 4077 4090 4092 4109 4139
nsga2,ns48,9,4,250,5,44649619.459781,2268459.964844,0.444444,0.555556,3968 3980 3983 3985 4009 4022 4028 4036 4049 4053 4057 4069 4071 4072 4074 4076 4077 4090 4092 4109 4139
nsga2,ns48,9,5,250,5,44636648.235239,2259375.917969,0.555556,0.444444,3968 3980 3983 3988 4009 4022 4028 4036 4049 4053 4057 4069 4071 4072 4074 4076 4077 4090 4092 4109 4139
nsga2,ns48,9,6,250,5,44580983.357800,2258163.703125,0.666667,0.333333,3977 3980 3983 3985 4009 4022 4028 4036 4053 4057 4059 4069 4071 4072 4074 4076 4077 4090 4092 4109 4139
nsga2,ns48,9,7,250,5,44580983.357800,2258163.703125,0.777778,0.222222,3977 3980 3983 3985 4009 4022 4028 4036 4053 4057 4059 4069 4071 4072 4074 4076 4077 4090 4092 4109 4139
nsga2,ns48,9,8,250,5,44580983.357800,2258163.703125,0.888889,0.111111,3977 3980 3983 3985 4009 4022 4028 4036 4053 4057 4059 4069 4071 4072 4074 4076 4077 4090 4092 4109 4139
nsga2,ns48,9,9,250,5,44580983.357800,2258163.703125,1.000000,0.000000,3977 3980 3983 3985 4009 4022 4028 4036 4053 4057 4059 4069 4071 4072 4074 4076 4077 4090 4092 4109 4139
nsga2,ns48,9,0,300,6,45723877.503909,2333276.207031,0.000000,1.000000,550 623 625 751 3911 3968 3970 3977 3983 3985 4022 4028 4046 4072 4077 4090 4092 4109 4128 4139 4149
nsga2,ns48,9,1,300,6,44779846.190361,2291939.785156,0.111111,0.888889,3944 3963 3970 3977 3980 3983 4009 4015 4022 4028 4044 4054 4065 4075 4077 4087 4092 4105 4109 4128 4139
nsga2,ns48,9,2,300,6,44602871.394655,2279215.335938,0.222222,0.777778,3963 3970 3977 3980 3983 3985 4009 4015 4022 4028 4054 4065 4066 4076 4077 4087 4090 4092 4104 4109 4139
nsga2,ns48,9,3,300,6,44602871.394655,2279215.335938,0.333333,0.666667,3963 3970 3977 3980 3983 3985 4009 4015 4022 4028 4054 4065 4066 4076 4077 4087 4090 4092 4104 4109 4139
nsga2,ns48,9,4,300,6,44556483.001960,2269264.210938,0.444444,0.555556,3963 3970 3977 3980 3983 3985 4009 4015 4022 4028 4054 4065 4066 4076 4077 4087 4090 4092 4104 4105 4139
nsga2,ns48,9,5,300,6,44504198.437137,2264956.269531,0.555556,0.444444,3963 3970 3977 3980 3983 4009 4015 4022 4028 4044 4054 4065 4066 4076 4077 4087 4090 4092 4104 4105 4139
nsga2,ns48,9,6,300,6,44504198.437137,2264956.269531,0.666667,0.333333,3963 3970 3977 3980 3983 4009 4015 4022 4028 4044 4054 4065 4066 4076 4077 4087 4090 4092 4104 4105 4139
nsga2,ns48,9,7,300,6,44477501.154703,2264744.804688,0.777778,0.222222,3963 3970 3977 3980 3983 4009 4015 4022 4028 4044 4054 4065 4066 4076 4077 4086 4087 4090 4092 4104 4139
nsga2,ns48,9,8,300,6,44477501.154703,2264744.804688,0.888889,0.111111,3963 3970 3977 3980 3983 4009 4015 4022 4028 4044 4054 4065 4066 4076 4077 4086 4087 4090 4092 4104 4139
nsga2,ns48,9,9,300,6,44477501.154703,2264744.804688,1.000000,0.000000,3963 3970 3977 3980 3983 4009 4015 4022 4028 4044 4054 4065 4066 4076 4077 4086 4087 4090 4092 4104 4139
nsga2,ns48,9,0,350,7,45548612.534597,2333276.207031,0.000000,1.000000,550 587 625 709 749 3968 3970 3977 3983 3985 4022 4024 4046 4075 4077 4087 4090 4092 4109 4128 4139
nsga2,ns48,9,1,350,7,44697563.569961,2289904.343750,0.111111,0.888889,3963 3970 3977 3980 3983 4009 4015 4022 4028 4050 4054 4065 4066 4077 4087 4090 4092 4104 4109 4128 4139
nsga2,ns48,9,2,350,7,44570904.639309,2276754.835938,0.222222,0.777778,3963 3970 3977 3980 3983 4009 4015 4020 4022 4028 4054 4065 4066 4076 4077 4087 4090 4092 4104 4109 4139
nsga2,ns48,9,3,350,7,44523693.129570,2269000.683594,0.333333,0.666667,3968 3970 3977 3983 3985 4009 4015 4022 4028 4044 4054 4065 4066 4076 4077 4086 4087 4092 4104 4113 4139
nsga2,ns48,9,4,350,7,44469325.638346,2262104.445312,0.444444,0.555556,3963 3970 3977 3980 3983 4009 4015 4022 4028 4044 4054 4065 4066 4076 4077 4086 4087 4092 4104 4113 4139
nsga2,ns48,9,5,350,7,44388456.493587,2249400.847656,0.555556,0.444444,3963 3970 3977 3980 3983 4009 4015 4022 4024 4028 4044 4054 4065 4066 4076 4077 4086 4087 4092 4104 4113
nsga2,ns48,9,6,350,7,44388456.493587,2249400.847656,0.666667,0.333333,3963 3970 3977 3980 3983 4009 4015 4022 4024 4028 4044 4054 4065 4066 4076 4077 4086 4087 4092 4104 4113
nsga2,ns48,9,7,350,7,44388456.493587,2249400.847656,0.777778,0.222222,3963 3970 3977 3980 3983 4009 4015 4022 4024 4028 4044 4054 4065 4066 4076 4077 4086 4087 4092 4104 4113
nsga2,ns48,9,8,350,7,44388456.493587,2249400.847656,0.888889,0.111111,3963 3970 3977 3980 3983 4009 4015 4022 4024 4028 4044 4054 4065 4066 4076 4077 4086 4087 4092 4104 4113
nsga2,ns48,9,9,350,7,44388456.493587,2249400.847656,1.000000,0.000000,3963 3970 3977 3980 3983 4009 4015 4022 4024 4028 4044 4054 4065 4066 4076 4077 4086 4087 4092 4104 4113
nsga2,ns48,9,0,400,8,45548612.534597,2333276.207031,0.000000,1.000000,550 587 625 709 749 3968 3970 3977 3983 3985 4022 4024 4046 4075 4077 4087 4090 4092 4109 4128 4139
nsga2,ns48,9,1,400,8,44706219.643126,2290613.613281,0.111111,0.888889,3968 3970 3980 3983 3985 4009 4015 4022 4028 4054 4057 4060 4065 4075 4077 4087 4092 4105 4109 4128 4139
nsga2,ns48,9,2,400,8,44562089.983079,2279215.335938,0.222222,0.777778,3970 3977 3980 3983 3985 4009 4015 4022 4028 4054 4065 4066 4071 4076 4077 4087 4090 4092 4104 4109 4139
nsga2,ns48,9,3,400,8,44505395.043702,2266178.507812,0.333333,0.666667,3963 3970 3977 3980 3983 4009 4015 4022 4028 4044 4054 4065 4066 4071 4076 4077 4086 4092 4104 4123 4139
nsga2,ns48,9,4,400,8,44469325.638346,2262104.445312,0.444444,0.555556,3963 3970 3977 3980 3983 4009 4015 4022 4028 4044 4054 4065 4066 4076 4077 4086 4087 4092 4104 4113 4139
nsga2,ns48,9,5,400,8,44436852.398203,2260761.265625,0.555556,0.444444,3970 3977 3983 3985 4009 4015 4022 4028 4044 4054 4065 4066 4071 4076 4077 4086 4087 4092 4104 4113 4139
nsga2,ns48,9,6,400,8,44417320.163709,2254847.238281,0.666667,0.333333,3963 3977 3980 3983 3999 4009 4015 4022 4028 4044 4054 4065 4066 4076 4077 4086 4087 4090 4092 4104 4139
nsga2,ns48,9,7,400,8,44398334.706730,2252041.683594,0.777778,0.222222,3963 3970 3977 3980 3983 4009 4015 4022 4024 4028 4044 4048 4054 4065 4076 4077 4086 4087 4089 4092 4104
nsga2,ns48,9,8,400,8,44386469.328276,2251699.511719,0.888889,0.111111,3963 3970 3977 3980 3983 4009 4015 4022 4024 4028 4044 4054 4065 4066 4076 4077 4086 4087 4089 4092 4104
nsga2,ns48,9,9,400,8,44386469.328276,2251699.511719,1.000000,0.000000,3963 3970 3977 3980 3983 4009 4015 4022 4024 4028 4044 4054 4065 4066 4076 4077 4086 4087 4089 4092 4104
nsga2,ns48,9,0,450,9,45548612.534597,2333276.207031,0.000000,1.000000,550 587 625 709 749 3968 3970 3977 3983 3985 4022 4024 4046 4075 4077 4087 4090 4092 4109 4128 4139
nsga2,ns48,9,1,450,9,44643899.660948,2288100.093750,0.111111,0.888889,3968 3977 3980 3981 3983 3985 4009 4015 4022 4033 4050 4054 4065 4066 4077 4087 4090 4092 4104 4109 4139
nsga2,ns48,9,2,450,9,44539461.718229,2273240.433594,0.222222,0.777778,3968 3970 3980 3983 3985 4009 4015 4022 4043 4054 4057 4060 4065 4071 4076 4086 4090 4092 4094 4104 4139
nsga2,ns48,9,3,450,9,44469325.638346,2262104.445312,0.333333,0.666667,3963 3970 3977 3980 3983 4009 4015 4022 4028 4044 4054 4065 4066 4076 4077 4086 4087 4092 4104 4113 4139
nsga2,ns48,9,4,450,9,44417320.163709,2254847.238281,0.444444,0.555556,3963 3977 3980 3983 3999 4009 4015 4022 4028 4044 4054 4065 4066 4076 4077 4086 4087 4090 4092 4104 4139
nsga2,ns48,9,5,450,9,44386469.328276,2251699.511719,0.555556,0.444444,3963 3970 3977 3980 3983 4009 4015 4022 4024 4028 4044 4054 4065 4066 4076 4077 4086 4087 4089 4092 4104
nsga2,ns48,9,6,450,9,44326288.337282,2241801.945312,0.666667,0.333333,3963 3977 3980 3983 3999 4009 4015 4022 4024 4028 4044 4054 4065 4066 4076 4077 4086 4087 4089 4092 4104
nsga2,ns48,9,7,450,9,44326288.337282,2241801.945312,0.777778,0.222222,3963 3977 3980 3983 3999 4009 4015 4022 4024 4028 4044 4054 4065 4066 4076 4077 4086 4087 4089 4092 4104
nsga2,ns48,9,8,450,9,44326288.337282,2241801.945312,0.888889,0.111111,3963 3977 3980 3983 3999 4009 4015 4022 4024 4028 4044 4054 4065 4066 4076 4077 4086 4087 4089 4092 4104
nsga2,ns48,9,9,450,9,44326288.337282,2241801.945312,1.000000,0.000000,3963 3977 3980 3983 3999 4009 4015 4022 4024 4028 4044 4054 4065 4066 4076 4077 4086 4087 4089 4092 4104
nsga2,ns48,9,0,500,10,45548612.534597,2333276.207031,0.000000,1.000000,550 587 625 709 749 3968 3970 3977 3983 3985 4022 4024 4046 4075 4077 4087 4090 4092 4109 4128 4139
nsga2,ns48,9,1,500,10,44682845.199958,2288542.398438,0.111111,0.888889,3912 3970 3977 3980 3983 3985 4009 4015 4032 4033 4050 4054 4065 4066 4077 4090 4092 4094 4104 4109 4139
nsga2,ns48,9,2,500,10,44539461.718229,2273240.433594,0.222222,0.777778,3968 3970 3980 3983 3985 4009 4015 4022 4043 4054 4057 4060 4065 4071 4076 4086 4090 4092 4094 4104 4139
nsga2,ns48,9,3,500,10,44461256.800537,2264403.109375,0.333333,0.666667,3968 3977 3980 3981 3983 3985 4009 4015 4022 4028 4044 4054 4065 4066 4076 4077 4086 4087 4089 4092 4104
nsga2,ns48,9,4,500,10,44420053.775581,2259599.378906,0.444444,0.555556,3963 3970 3977 3980 3983 4009 4015 4022 4028 4050 4054 4065 4066 4071 4076 4077 4086 4090 4092 4094 4104
nsga2,ns48,9,5,500,10,44384081.086758,2255041.695312,0.555556,0.444444,3970 3977 3980 3983 3985 4009 4015 4022 4043 4054 4057 4060 4065 4071 4076 4077 4086 4090 4092 4094 4104
nsga2,ns48,9,6,500,10,44356879.034696,2251859.117188,0.666667,0.333333,3980 3981 3983 3985 4009 4015 4028 4032 4033 4041 4043 4051 4054 4065 4066 4077 4086 4087 4089 4092 4104
nsga2,ns48,9,7,500,10,44326288.337282,2241801.945312,0.777778,0.222222,3963 3977 3980 3983 3999 4009 4015 4022 4024 4028 4044 4054 4065 4066 4076 4077 4086 4087 4089 4092 4104
nsga2,ns48,9,8,500,10,44326288.337282,2241801.945312,0.888889,0.111111,3963 3977 3980 3983 3999 4009 4015 4022 4024 4028 4044 4054 4065 4066 4076 4077 4086 4087 4089 4092 4104
nsga2,ns48,9,9,500,10,44326288.337282,2241801.945312,1.000000,0.000000,3963 3977 3980 3983 3999 4009 4015 4022 4024 4028 4044 4054 4065 4066 4076 4077 4086 4087 4089 4092 4104
nsga2,ns48,9,0,550,11,45542334.792515,2333276.207031,0.000000,1.000000,550 587 625 709 749 3968 3970 3977 3983 3985 4022 4024 4046 4066 4077 4087 4092 4105 4109 4128 4139
nsga2,ns48,9,1,550,11,44647485.314308,2289149.175781,0.111111,0.888889,3968 3970 3980 3983 3985 4009 4015 4022 4028 4050 4054 4065 4066 4071 4077 4087 4090 4092 4104 4109 4139
nsga2,ns48,9,2,550,11,44526283.350776,2271960.031250,0.222222,0.777778,3970 3977 3980 3983 3985 4015 4022 4028 4054 4065 4066 4071 4075 4076 4077 4087 4090 4092 4104 4109 4139
nsga2,ns48,9,3,550,11,44439935.281241,2262817.632812,0.333333,0.666667,3970 3977 3980 3983 3985 4015 4022 4028 4054 4065 4066 4071 4075 4076 4077 4087 4090 4092 4094 4104 4109
nsga2,ns48,9,4,550,11,44401797.915594,2260248.148438,0.444444,0.555556,3970 3977 3980 3983 3985 4009 4015 4022 4028 4044 4050 4054 4065 4066 4071 4076 4086 4090 4092 4094 4104
nsga2,ns48,9,5,550,11,44368035.970870,2253029.644531,0.555556,0.444444,3980 3981 3983 3985 4009 4015 4028 4032 4033 4041 4043 4051 4054 4065 4066 4073 4077 4086 4087 4092 4104
nsga2,ns48,9,6,550,11,44341197.921428,2245884.007812,0.666667,0.333333,3970 3977 3983 3985 4009 4015 4022 4043 4054 4057 4060 4065 4071 4076 4077 4085 4086 4090 4092 4094 4104
nsga2,ns48,9,7,550,11,44325226.588206,2244116.265625,0.777778,0.222222,3980 3981 3983 3985 4009 4015 4024 4028 4032 4041 4043 4051 4054 4056 4065 4066 4077 4086 4087 4092 4104
nsga2,ns48,9,8,550,11,44309902.125217,2234953.800781,0.888889,0.111111,3963 3977 3980 3983 3999 4002 4015 4022 4024 4028 4044 4054 4065 4066 4075 4076 4077 4087 4089 4092 4104
nsga2,ns48,9,9,550,11,44309902.125217,2234953.800781,1.000000,0.000000,3963 3977 3980 3983 3999 4002 4015 4022 4024 4028 4044 4054 4065 4066 4075 4076 4077 4087 4089 4092 4104
nsga2,ns48,9,0,600,12,45542334.792515,2333276.207031,0.000000,1.000000,550 587 625 709 749 3968 3970 3977 3983 3985 4022 4024 4046 4066 4077 4087 4092 4105 4109 4128 4139
nsga2,ns48,9,1,600,12,44608221.999434,2286992.894531,0.111111,0.888889,3968 3980 3981 3983 3985 4009 4015 4022 4028 4033 4050 4054 4065 4066 4077 4090 4092 4094 4104 4109 4139
nsga2,ns48,9,2,600,12,44464524.649348,2266047.519531,0.222222,0.777778,3968 3977 3980 3981 3983 3985 4009 4015 4022 4033 4050 4054 4065 4066 4076 4077 4086 4087 4089 4092 4104
nsga2,ns48,9,3,600,12,44378761.333494,2259476.183594,0.333333,0.666667,3970 3977 3980 3983 3985 4009 4015 4028 4032 4033 4050 4054 4065 4066 4076 4077 4086 4087 4089 4092 4104
nsga2,ns48,9,4,600,12,44340257.491582,2250498.390625,0.444444,0.555556,3980 3981 3983 3985 4009 4015 4022 4028 4038 4054 4065 4066 4071 4075 4076 4077 4087 4090 4092 4094 4104
nsga2,ns48,9,5,600,12,44301327.024900,2236080.304688,0.555556,0.444444,3970 3977 3983 3985 4009 4015 4022 4043 4047 4054 4057 4060 4065 4071 4076 4077 4085 4086 4092 4094 4104
nsga2,ns48,9,6,600,12,44230772.836092,2222950.417969,0.666667,0.333333,3970 3977 3985 4009 4015 4022 4043 4047 4054 4055 4057 4060 4065 4071 4076 4077 4085 4086 4092 4094 4104
nsga2,ns48,9,7,600,12,44230772.836092,2222950.417969,0.777778,0.222222,3970 3977 3985 4009 4015 4022 4043 4047 4054 4055 4057 4060 4065 4071 4076 4077 4085 4086 4092 4094 4104
nsga2,ns48,9,8,600,12,44230772.836092,2222950.417969,0.888889,0.111111,3970 3977 3985 4009 4015 4022 4043 4047 4054 4055 4057 4060 4065 4071 4076 4077 4085 4086 4092 4094 4104
nsga2,ns48,9,9,600,12,44230772.836092,2222950.417969,1.000000,0.000000,3970 3977 3985 4009 4015 4022 4043 4047 4054 4055 4057 4060 4065 4071 4076 4077 4085 4086 4092 4094 4104
nsga2,ns48,9,0,650,13,45542334.792515,2333276.207031,0.000000,1.000000,550 587 625 709 749 3968 3970 3977 3983 3985 4022 4024 4046 4066 4077 4087 4092 4105 4109 4128 4139
nsga2,ns48,9,1,650,13,44597305.033886,2287262.003906,0.111111,0.888889,3968 3980 3981 3983 3985 4009 4015 4032 4033 4050 4054 4065 4066 4077 4087 4090 4092 4094 4104 4109 4139
nsga2,ns48,9,2,650,13,44464524.649348,2266047.519531,0.222222,0.777778,3968 3977 3980 3981 3983 3985 4009 4015 4022 4033 4050 4054 4065 4066 4076 4077 4086 4087 4089 4092 4104
nsga2,ns48,9,3,650,13,44378761.333494,2259476.183594,0.333333,0.666667,3970 3977 3980 3983 3985 4009 4015 4028 4032 4033 4050 4054 4065 4066 4076 4077 4086 4087 4089 4092 4104
nsga2,ns48,9,4,650,13,44340257.491582,2250498.390625,0.444444,0.555556,3980 3981 3983 3985 4009 4015 4022 4028 4038 4054 4065 4066 4071 4075 4076 4077 4087 4090 4092 4094 4104
nsga2,ns48,9,5,650,13,44301327.024900,2236080.304688,0.555556,0.444444,3970 3977 3983 3985 4009 4015 4022 4043 4047 4054 4057 4060 4065 4071 4076 4077 4085 4086 4092 4094 4104
nsga2,ns48,9,6,650,13,44256818.578479,2230589.222656,0.666667,0.333333,3977 3983 3985 4009 4015 4022 4043 4047 4054 4057 4060 4065 4071 4076 4077 4085 4086 4092 4094 4104 4122
nsga2,ns48,9,7,650,13,44256818.578479,2230589.222656,0.777778,0.222222,3977 3983 3985 4009 4015 4022 4043 4047 4054 4057 4060 4065 4071 4076 4077 4085 4086 4092 4094 4104 4122
nsga2,ns48,9,8,650,13,44230772.836092,2222950.417969,0.888889,0.111111,3970 3977 3985 4009 4015 4022 4043 4047 4054 4055 4057 4060 4065 4071 4076 4077 4085 4086 4092 4094 4104
nsga2,ns48,9,9,650,13,44230772.836092,2222950.417969,1.000000,0.000000,3970 3977 3985 4009 4015 4022 4043 4047 4054 4055 4057 4060 4065 4071 4076 4077 4085 4086 4092 4094 4104
nsga2,ns48,9,0,700,14,45526965.680082,2333276.207031,0.000000,1.000000,550 587 625 666 709 3968 3970 3977 3983 3985 4022 4024 4046 4066 4077 4087 4092 4105 4109 4128 4139
nsga2,ns48,9,1,700,14,44597305.033886,2287262.003906,0.111111,0.888889,3968 3980 3981 3983 3985 4009 4015 4032 4033 4050 4054 4065 4066 4077 4087 4090 4092 4094 4104 4109 4139
nsga2,ns48,9,2,700,14,44419421.954786,2264198.796875,0.222222,0.777778,3980 3981 3983 3985 4009 4015 4022 4028 4046 4050 4054 4065 4066 4077 4086 4087 4090 4092 4094 4104 4109
nsga2,ns48,9,3,700,14,44371499.590572,2257545.898438,0.333333,0.666667,3970 3977 3983 3985 4009 4015 4022 4028 4031 4044 4050 4054 4056 4065 4071 4076 4086 4090 4092 4094 4104
nsga2,ns48,9,4,700,14,44325226.588206,2244116.265625,0.444444,0.555556,3980 3981 3983 3985 4009 4015 4024 4028 4032 4041 4043 4051 4054 4056 4065 4066 4077 4086 4087 4092 4104
nsga2,ns48,9,5,700,14,44256818.578479,2230589.222656,0.555556,0.444444,3977 3983 3985 4009 4015 4022 4043 4047 4054 4057 4060 4065 4071 4076 4077 4085 4086 4092 4094 4104 4122
nsga2,ns48,9,6,700,14,44256818.578479,2230589.222656,0.666667,0.333333,3977 3983 3985 4009 4015 4022 4043 4047 4054 4057 4060 4065 4071 4076 4077 4085 4086 4092 4094 4104 4122
nsga2,ns48,9,7,700,14,44217405.710172,2226404.472656,0.777778,0.222222,3983 3985 4009 4015 4022 4032 4043 4047 4054 4057 4060 4065 4071 4076 4077 4085 4086 4092 4094 4104 4122
nsga2,ns48,9,8,700,14,44217405.710172,2226404.472656,0.888889,0.111111,3983 3985 4009 4015 4022 4032 4043 4047 4054 4057 4060 4065 4071 4076 4077 4085 4086 4092 4094 4104 4122
nsga2,ns48,9,9,700,14,44217405.710172,2226404.472656,1.000000,0.000000,3983 3985 4009 4015 4022 4032 4043 4047 4054 4057 4060 4065 4071 4076 4077 4085 4086 4092 4094 4104 4122
nsga2,ns48,9,0,750,15,45488124.901926,2333276.207031,0.000000,1.000000,513 550 587 625 3968 3970 3983 3985 4020 4022 4024 4046 4075 4077 4087 4090 4092 4109 4128 4139 4144
nsga2,ns48,9,1,750,15,44597305.033886,2287262.003906,0.111111,0.888889,3968 3980 3981 3983 3985 4009 4015 4032 4033 4050 4054 4065 4066 4077 4087 4090 4092 4094 4104 4109 4139
nsga2,ns48,9,2,750,15,44443693.094301,2265584.917969,0.222222,0.777778,3977 3980 3981 3983 3985 4015 4028 4032 4033 4050 4054 4065 4066 4075 4077 4081 4090 4092 4094 4104 4109
nsga2,ns48,9,3,750,15,44371499.590572,2257545.898438,0.333333,0.666667,3970 3977 3983 3985 4009 4015 4022 4028 4031 4044 4050 4054 4056 4065 4071 4076 4086 4090 4092 4094 4104
nsga2,ns48,9,4,750,15,44326518.105045,2247581.253906,0.444444,0.555556,3977 3983 3985 3996 4009 4015 4022 4028 4031 4044 4050 4054 4056 4065 4071 4076 4086 4090 4092 4094 4104
nsga2,ns48,9,5,750,15,44288681.645197,2241740.632812,0.555556,0.444444,3980 3981 3983 4009 4015 4022 4028 4033 4044 4048 4050 4054 4065 4066 4076 4077 4087 4090 4092 4094 4104
nsga2,ns48,9,6,750,15,44257706.531493,2233156.136719,0.666667,0.333333,3983 3985 4009 4015 4022 4032 4043 4054 4057 4060 4065 4067 4071 4076 4077 4085 4086 4092 4094 4104 4139
nsga2,ns48,9,7,750,15,44217405.710172,2226404.472656,0.777778,0.222222,3983 3985 4009 4015 4022 4032 4043 4047 4054 4057 4060 4065 4071 4076 4077 4085 4086 4092 4094 4104 4122
nsga2,ns48,9,8,750,15,44217405.710172,2226404.472656,0.888889,0.111111,3983 3985 4009 4015 4022 4032 4043 4047 4054 4057 4060 4065 4071 4076 4077 4085 4086 4092 4094 4104 4122
nsga2,ns48,9,9,750,15,44217405.710172,2226404.472656,1.000000,0.000000,3983 3985 4009 4015 4022 4032 4043 4047 4054 4057 4060 4065 4071 4076 4077 4085 4086 4092 4094 4104 4122
nsga2,ns48,9,0,800,16,45488124.901926,2333276.207031,0.000000,1.000000,513 550 587 625 3968 3970 3983 3985 4020 4022 4024 4046 4075 4077 4087 4090 4092 4109 4128 4139 4144
nsga2,ns48,9,1,800,16,44576755.865318,2283234.605469,0.111111,0.888889,3968 3980 3981 3983 3985 4009 4015 4032 4033 4054 4065 4066 4076 4077 4087 4090 4092 4094 4104 4109 4139
nsga2,ns48,9,2,800,16,44427900.673251,2265588.105469,0.222222,0.777778,3968 3980 3981 3983 3985 4009 4015 4032 4033 4048 4050 4054 4065 4066 4076 4077 4087 4090 4092 4094 4104
nsga2,ns48,9,3,800,16,44338006.140808,2252466.601562,0.333333,0.666667,3977 3983 3985 4005 4007 4009 4015 4022 4028 4044 4050 4054 4057 4065 4071 4076 4086 4090 4092 4094 4104
nsga2,ns48,9,4,800,16,44298089.348404,2244417.292969,0.444444,0.555556,3980 3981 3983 4009 4015 4022 4028 4032 4033 4048 4050 4054 4065 4066 4076 4077 4087 4090 4092 4094 4104
nsga2,ns48,9,5,800,16,44256818.578479,2230589.222656,0.555556,0.444444,3977 3983 3985 4009 4015 4022 4043 4047 4054 4057 4060 4065 4071 4076 4077 4085 4086 4092 4094 4104 4122
nsga2,ns48,9,6,800,16,44217405.710172,2226404.472656,0.666667,0.333333,3983 3985 4009 4015 4022 4032 4043 4047 4054 4057 4060 4065 4071 4076 4077 4085 4086 4092 4094 4104 4122
nsga2,ns48,9,7,800,16,44217405.710172,2226404.472656,0.777778,0.222222,3983 3985 4009 4015 4022 4032 4043 4047 4054 4057 4060 4065 4071 4076 4077 4085 4086 4092 4094 4104 4122
nsga2,ns48,9,8,800,16,44188815.527931,2216035.347656,0.888889,0.111111,3983 3985 4015 4022 4032 4043 4044 4047 4054 4057 4060 4065 4071 4076 4077 4085 4086 4092 4094 4104 4122
nsga2,ns48,9,9,800,16,44188815.527931,2216035.347656,1.000000,0.000000,3983 3985 4015 4022 4032 4043 4044 4047 4054 4057 4060 4065 4071 4076 4077 4085 4086 4092 4094 4104 4122
nsga2,ns48,9,0,850,17,45488124.901926,2333276.207031,0.000000,1.000000,513 550 587 625 3968 3970 3983 3985 4020 4022 4024 4046 4075 4077 4087 4090 4092 4109 4128 4139 4144
nsga2,ns48,9,1,850,17,44576755.865318,2283234.605469,0.111111,0.888889,3968 3980 3981 3983 3985 4009 4015 4032 4033 4054 4065 4066 4076 4077 4087 4090 4092 4094 4104 4109 4139
nsga2,ns48,9,2,850,17,44427900.673251,2265588.105469,0.222222,0.777778,3968 3980 3981 3983 3985 4009 4015 4032 4033 4048 4050 4054 4065 4066 4076 4077 4087 4090 4092 4094 4104
nsga2,ns48,9,3,850,17,44338006.140808,2252466.601562,0.333333,0.666667,3977 3983 3985 4005 4007 4009 4015 4022 4028 4044 4050 4054 4057 4065 4071 4076 4086 4090 4092 4094 4104
nsga2,ns48,9,4,850,17,44298089.348404,2244417.292969,0.444444,0.555556,3980 3981 3983 4009 4015 4022 4028 4032 4033 4048 4050 4054 4065 4066 4076 4077 4087 4090 4092 4094 4104
nsga2,ns48,9,5,850,17,44259567.978075,2233786.871094,0.555556,0.444444,3980 3985 4009 4015 4022 4025 4028 4044 4046 4050 4054 4057 4065 4071 4076 4086 4090 4092 4094 4104 4114
nsga2,ns48,9,6,850,17,44237634.533823,2230586.582031,0.666667,0.333333,3983 3985 4009 4015 4022 4032 4043 4047 4054 4057 4065 4071 4076 4077 4085 4086 4092 4094 4104 4105 4122
nsga2,ns48,9,7,850,17,44217405.710172,2226404.472656,0.777778,0.222222,3983 3985 4009 4015 4022 4032 4043 4047 4054 4057 4060 4065 4071 4076 4077 4085 4086 4092 4094 4104 4122
nsga2,ns48,9,8,850,17,44188815.527931,2216035.347656,0.888889,0.111111,3983 3985 4015 4022 4032 4043 4044 4047 4054 4057 4060 4065 4071 4076 4077 4085 4086 4092 4094 4104 4122
nsga2,ns48,9,9,850,17,44188815.527931,2216035.347656,1.000000,0.000000,3983 3985 4015 4022 4032 4043 4044 4047 4054 4057 4060 4065 4071 4076 4077 4085 4086 4092 4094 4104 4122
nsga2,ns48,9,0,900,18,45488124.901926,2333276.207031,0.000000,1.000000,513 550 587 625 3968 3970 3983 3985 4020 4022 4024 4046 4075 4077 4087 4090 4092 4109 4128 4139 4144
nsga2,ns48,9,1,900,18,44576755.865318,2283234.605469,0.111111,0.888889,3968 3980 3981 3983 3985 4009 4015 4032 4033 4054 4065 4066 4076 4077 4087 4090 4092 4094 4104 4109 4139
nsga2,ns48,9,2,900,18,44394149.605130,2263736.394531,0.222222,0.777778,3977 3980 3981 3983 3985 4009 4015 4028 4032 4033 4050 4054 4056 4065 4071 4076 4086 4090 4092 4094 4104
nsga2,ns48,9,3,900,18,44328775.607311,2252965.953125,0.333333,0.666667,3977 3980 3981 3983 3985 4009 4028 4032 4033 4044 4045 4050 4054 4056 4065 4071 4076 4086 4092 4094 4104
nsga2,ns48,9,4,900,18,44288681.645197,2241740.632812,0.444444,0.555556,3980 3981 3983 4009 4015 4022 4028 4033 4044 4048 4050 4054 4065 4066 4076 4077 4087 4090 4092 4094 4104
nsga2,ns48,9,5,900,18,44251571.679982,2231009.519531,0.555556,0.444444,3980 3981 3983 4009 4013 4015 4022 4028 4032 4033 4048 4050 4054 4065 4066 4076 4077 4087 4090 4094 4104
nsga2,ns48,9,6,900,18,44222183.537954,2226570.945312,0.666667,0.333333,3983 3985 4009 4022 4032 4034 4043 4047 4054 4057 4065 4071 4076 4077 4085 4086 4092 4094 4104 4105 4122
nsga2,ns48,9,7,900,18,44175074.961577,2221722.175781,0.777778,0.222222,3983 3985 4009 4015 4022 4032 4043 4047 4054 4057 4058 4065 4071 4076 4077 4085 4086 4094 4104 4105 4122
nsga2,ns48,9,8,900,18,44175074.961577,2221722.175781,0.888889,0.111111,3983 3985 4009 4015 4022 4032 4043 4047 4054 4057 4058 4065 4071 4076 4077 4085 4086 4094 4104 4105 4122
nsga2,ns48,9,9,900,18,44175074.961577,2221722.175781,1.000000,0.000000,3983 3985 4009 4015 4022 4032 4043 4047 4054 4057 4058 4065 4071 4076 4077 4085 4086 4094 4104 4105 4122
nsga2,ns48,9,0,950,19,45488124.901926,2333276.207031,0.000000,1.000000,513 550 587 625 3968 3970 3983 3985 4020 4022 4024 4046 4075 4077 4087 4090 4092 4109 4128 4139 4144
nsga2,ns48,9,1,950,19,44576755.865318,2283234.605469,0.111111,0.888889,3968 3980 3981 3983 3985 4009 4015 4032 4033 4054 4065 4066 4076 4077 4087 4090 4092 4094 4104 4109 4139
nsga2,ns48,9,2,950,19,44394149.605130,2263736.394531,0.222222,0.777778,3977 3980 3981 3983 3985 4009 4015 4028 4032 4033 4050 4054 4056 4065 4071 4076 4086 4090 4092 4094 4104
nsga2,ns48,9,3,950,19,44309551.048392,2252965.953125,0.333333,0.666667,3977 3980 3981 3983 3985 4009 4028 4032 4033 4044 4045 4050 4054 4056 4065 4071 4076 4086 4094 4104 4114
nsga2,ns48,9,4,950,19,44288681.645197,2241740.632812,0.444444,0.555556,3980 3981 3983 4009 4015 4022 4028 4033 4044 4048 4050 4054 4065 4066 4076 4077 4087 4090 4092 4094 4104
nsga2,ns48,9,5,950,19,44247032.097479,2238143.328125,0.555556,0.444444,3977 3980 3983 3985 4009 4014 4028 4032 4033 4044 4045 4050 4054 4056 4065 4071 4076 4086 4094 4104 4114
nsga2,ns48,9,6,950,19,44222183.537954,2226570.945312,0.666667,0.333333,3983 3985 4009 4022 4032 4034 4043 4047 4054 4057 4065 4071 4076 4077 4085 4086 4092 4094 4104 4105 4122
nsga2,ns48,9,7,950,19,44175074.961577,2221722.175781,0.777778,0.222222,3983 3985 4009 4015 4022 4032 4043 4047 4054 4057 4058 4065 4071 4076 4077 4085 4086 4094 4104 4105 4122
nsga2,ns48,9,8,950,19,44175074.961577,2221722.175781,0.888889,0.111111,3983 3985 4009 4015 4022 4032 4043 4047 4054 4057 4058 4065 4071 4076 4077 4085 4086 4094 4104 4105 4122
nsga2,ns48,9,9,950,19,44175074.961577,2221722.175781,1.000000,0.000000,3983 3985 4009 4015 4022 4032 4043 4047 4054 4057 4058 4065 4071 4076 4077 4085 4086 4094 4104 4105 4122
nsga2,ns48,9,0,1000,20,45488124.901926,2333276.207031,0.000000,1.000000,513 550 587 625 3968 3970 3983 3985 4020 4022 4024 4046 4075 4077 4087 4090 4092 4109 4128 4139 4144
nsga2,ns48,9,1,1000,20,44516584.898647,2279829.304688,0.111111,0.888889,3977 3980 3981 3983 3985 4009 4015 4028 4032 4033 4050 4054 4056 4065 4071 4076 4092 4094 4104 4109 4139
nsga2,ns48,9,2,1000,20,44357364.837329,2260116.382812,0.222222,0.777778,3977 3980 3981 3983 3985 4004 4009 4028 4032 4033 4045 4050 4054 4056 4065 4071 4076 4086 4092 4094 4104
nsga2,ns48,9,3,1000,20,44232341.269096,2243068.386719,0.333333,0.666667,3977 3980 3983 3985 4009 4028 4032 4033 4044 4045 4050 4054 4056 4065 4068 4071 4076 4086 4094 4104 4114
nsga2,ns48,9,4,1000,20,44222183.537954,2226570.945312,0.444444,0.555556,3983 3985 4009 4022 4032 4034 4043 4047 4054 4057 4065 4071 4076 4077 4085 4086 4092 4094 4104 4105 4122
nsga2,ns48,9,5,1000,20,44175074.961577,2221722.175781,0.555556,0.444444,3983 3985 4009 4015 4022 4032 4043 4047 4054 4057 4058 4065 4071 4076 4077 4085 4086 4094 4104 4105 4122
nsga2,ns48,9,6,1000,20,44144897.668149,2217451.914062,0.666667,0.333333,3980 4009 4015 4022 4028 4032 4033 4044 4048 4050 4054 4055 4065 4066 4076 4077 4087 4090 4092 4094 4104
nsga2,ns48,9,7,1000,20,44096506.538391,2192342.320312,0.777778,0.222222,3980 4002 4015 4022 4028 4032 4033 4044 4048 4050 4054 4055 4065 4066 4071 4076 4077 4086 4090 4094 4104
nsga2,ns48,9,8,1000,20,44096506.538391,2192342.320312,0.888889,0.111111,3980 4002 4015 4022 4028 4032 4033 4044 4048 4050 4054 4055 4065 4066 4071 4076 4077 4086 4090 4094 4104
nsga2,ns48,9,9,1000,20,44096506.538391,2192342.320312,1.000000,0.000000,3980 4002 4015 4022 4028 4032 4033 4044 4048 4050 4054 4055 4065 4066 4071 4076 4077 4086 4090 4094 4104
nsga2,ns48,9,0,1050,21,45448815.461465,2333276.207031,0.000000,1.000000,550 587 2497 3931 3968 3970 3983 3985 4020 4022 4044 4046 4066 4077 4092 4094 4104 4109 4128 4130 4139
nsga2,ns48,9,1,1050,21,44516584.898647,2279829.304688,0.111111,0.888889,3977 3980 3981 3983 3985 4009 4015 4028 4032 4033 4050 4054 4056 4065 4071 4076 4092 4094 4104 4109 4139
nsga2,ns48,9,2,1050,21,44357364.837329,2260116.382812,0.222222,0.777778,3977 3980 3981 3983 3985 4004 4009 4028 4032 4033 4045 4050 4054 4056 4065 4071 4076 4086 4092 4094 4104
nsga2,ns48,9,3,1050,21,44240141.136106,2244962.375000,0.333333,0.666667,3977 3980 3983 3985 4009 4028 4032 4033 4045 4048 4050 4054 4056 4065 4068 4071 4076 4086 4094 4104 4114
nsga2,ns48,9,4,1050,21,44222288.796589,2234964.460938,0.444444,0.555556,3977 3980 3983 3985 4009 4021 4028 4032 4033 4044 4045 4050 4054 4056 4065 4068 4076 4086 4094 4104 4114
nsga2,ns48,9,5,1050,21,44177191.450111,2222960.433594,0.555556,0.444444,3980 4009 4015 4022 4028 4030 4032 4033 4048 4050 4054 4055 4065 4066 4076 4077 4087 4090 4092 4094 4104
nsga2,ns48,9,6,1050,21,44144897.668149,2217451.914062,0.666667,0.333333,3980 4009 4015 4022 4028 4032 4033 4044 4048 4050 4054 4055 4065 4066 4076 4077 4087 4090 4092 4094 4104
nsga2,ns48,9,7,1050,21,44131391.088222,2214165.386719,0.777778,0.222222,3980 4009 4015 4028 4032 4033 4043 4044 4048 4050 4054 4055 4065 4066 4076 4077 4087 4090 4092 4094 4104
nsga2,ns48,9,8,1050,21,44096506.538391,2192342.320312,0.888889,0.111111,3980 4002 4015 4022 4028 4032 4033 4044 4048 4050 4054 4055 4065 4066 4071 4076 4077 4086 4090 4094 4104
nsga2,ns48,9,9,1050,21,44096297.433293,2176897.535156,1.000000,0.000000,3980 4002 4015 4022 4028 4029 4032 4033 4044 4048 4050 4054 4055 4065 4066 4076 4077 4086 4090 4094 4104
nsga2,ns48,9,0,1100,22,45417815.227171,2333276.207031,0.000000,1.000000,550 587 625 3931 3968 3970 3983 3985 4020 4022 4044 4046 4066 4077 4092 4094 4104 4109 4128 4130 4139
nsga2,ns48,9,1,1100,22,44516584.898647,2279829.304688,0.111111,0.888889,3977 3980 3981 3983 3985 4009 4015 4028 4032 4033 4050 4054 4056 4065 4071 4076 4092 4094 4104 4109 4139
nsga2,ns48,9,2,1100,22,44338669.771876,2255888.121094,0.222222,0.777778,3977 3981 3983 3985 4009 4015 4028 4030 4032 4033 4045 4050 4054 4056 4065 4071 4076 4086 4092 4094 4104
nsga2,ns48,9,3,1100,22,44240141.136106,2244962.375000,0.333333,0.666667,3977 3980 3983 3985 4009 4028 4032 4033 4045 4048 4050 4054 4056 4065 4068 4071 4076 4086 4094 4104 4114
nsga2,ns48,9,4,1100,22,44191102.779228,2224403.015625,0.444444,0.555556,3978 3980 4009 4015 4022 4028 4032 4033 4048 4050 4054 4055 4065 4066 4076 4077 4087 4090 4092 4094 4104
nsga2,ns48,9,5,1100,22,44167875.406590,2219623.867188,0.555556,0.444444,3983 3985 4003 4009 4015 4022 4032 4043 4047 4054 4057 4058 4065 4071 4076 4077 4085 4086 4094 4104 4122
nsga2,ns48,9,6,1100,22,44131391.088222,2214165.386719,0.666667,0.333333,3980 4009 4015 4028 4032 4033 4043 4044 4048 4050 4054 4055 4065 4066 4076 4077 4087 4090 4092 4094 4104
nsga2,ns48,9,7,1100,22,44077773.562106,2196498.675781,0.777778,0.222222,3980 4009 4015 4024 4028 4032 4033 4043 4044 4048 4050 4054 4055 4065 4066 4076 4077 4087 4090 4094 4104
nsga2,ns48,9,8,1100,22,44077773.562106,2196498.675781,0.888889,0.111111,3980 4009 4015 4024 4028 4032 4033 4043 4044 4048 4050 4054 4055 4065 4066 4076 4077 4087 4090 4094 4104
nsga2,ns48,9,9,1100,22,44077773.562106,2196498.675781,1.000000,0.000000,3980 4009 4015 4024 4028 4032 4033 4043 4044 4048 4050 4054 4055 4065 4066 4076 4077 4087 4090 4094 4104
nsga2,ns48,9,0,1150,23,45417815.227171,2333276.207031,0.000000,1.000000,550 587 625 3931 3968 3970 3983 3985 4020 4022 4044 4046 4066 4077 4092 4094 4104 4109 4128 4130 4139
nsga2,ns48,9,1,1150,23,44516584.898647,2279829.304688,0.111111,0.888889,3977 3980 3981 3983 3985 4009 4015 4028 4032 4033 4050 4054 4056 4065 4071 4076 4092 4094 4104 4109 4139
nsga2,ns48,9,2,1150,23,44338669.771876,2255888.121094,0.222222,0.777778,3977 3981 3983 3985 4009 4015 4028 4030 4032 4033 4045 4050 4054 4056 4065 4071 4076 4086 4092 4094 4104
nsga2,ns48,9,3,1150,23,44240141.136106,2244962.375000,0.333333,0.666667,3977 3980 3983 3985 4009 4028 4032 4033 4045 4048 4050 4054 4056 4065 4068 4071 4076 4086 4094 4104 4114
nsga2,ns48,9,4,1150,23,44205535.724244,2230722.929688,0.444444,0.555556,3978 3980 3984 4009 4015 4022 4028 4032 4033 4048 4050 4054 4055 4065 4066 4076 4077 4087 4092 4094 4104
nsga2,ns48,9,5,1150,23,44167875.406590,2219623.867188,0.555556,0.444444,3983 3985 4003 4009 4015 4022 4032 4043 4047 4054 4057 4058 4065 4071 4076 4077 4085 4086 4094 4104 4122
nsga2,ns48,9,6,1150,23,44131391.088222,2214165.386719,0.666667,0.333333,3980 4009 4015 4028 4032 4033 4043 4044 4048 4050 4054 4055 4065 4066 4076 4077 4087 4090 4092 4094 4104
nsga2,ns48,9,7,1150,23,44097589.812810,2197040.980469,0.777778,0.222222,3980 4009 4015 4024 4028 4032 4033 4038 4043 4044 4048 4050 4054 4055 4066 4076 4077 4087 4090 4094 4104
nsga2,ns48,9,8,1150,23,44077773.562106,2196498.675781,0.888889,0.111111,3980 4009 4015 4024 4028 4032 4033 4043 4044 4048 4050 4054 4055 4065 4066 4076 4077 4087 4090 4094 4104
nsga2,ns48,9,9,1150,23,44077773.562106,2196498.675781,1.000000,0.000000,3980 4009 4015 4024 4028 4032 4033 4043 4044 4048 4050 4054 4055 4065 4066 4076 4077 4087 4090 4094 4104
nsga2,ns48,9,0,1200,24,45417815.227171,2333276.207031,0.000000,1.000000,550 587 625 3931 3968 3970 3983 3985 4020 4022 4044 4046 4066 4077 4092 4094 4104 4109 4128 4130 4139
nsga2,ns48,9,1,1200,24,44497122.962980,2278517.945312,0.111111,0.888889,3977 3980 3981 3983 3985 4009 4015 4032 4033 4041 4050 4054 4065 4066 4077 4087 4094 4104 4109 4114 4139
nsga2,ns48,9,2,1200,24,44336058.004946,2256162.046875,0.222222,0.777778,3977 3980 3983 3985 3990 4009 4028 4032 4033 4045 4050 4054 4056 4065 4071 4076 4086 4094 4104 4114 4124
nsga2,ns48,9,3,1200,24,44246950.056134,2245519.125000,0.333333,0.666667,3983 3985 4009 4015 4022 4028 4032 4033 4044 4045 4050 4054 4056 4065 4068 4071 4076 4086 4104 4122 4131
nsga2,ns48,9,4,1200,24,44194431.863721,2234160.699219,0.444444,0.555556,3977 3980 3983 3985 4004 4009 4028 4032 4033 4045 4048 4050 4054 4055 4065 4066 4076 4077 4087 4094 4104
nsga2,ns48,9,5,1200,24,44160549.501983,2226254.363281,0.555556,0.444444,3983 3985 4003 4009 4015 4022 4032 4043 4054 4056 4057 4058 4065 4071 4076 4077 4085 4086 4094 4104 4122
nsga2,ns48,9,6,1200,24,44134796.749468,2217560.937500,0.666667,0.333333,3980 4004 4009 4015 4022 4028 4032 4033 4048 4050 4054 4055 4065 4066 4068 4076 4077 4087 4092 4094 4104
nsga2,ns48,9,7,1200,24,44106527.206250,2204687.769531,0.777778,0.222222,3980 4004 4015 4022 4028 4032 4033 4045 4048 4050 4054 4055 4065 4066 4068 4076 4077 4087 4092 4094 4104
nsga2,ns48,9,8,1200,24,44077773.562106,2196498.675781,0.888889,0.111111,3980 4009 4015 4024 4028 4032 4033 4043 4044 4048 4050 4054 4055 4065 4066 4076 4077 4087 4090 4094 4104
nsga2,ns48,9,9,1200,24,44077773.562106,2196498.675781,1.000000,0.000000,3980 4009 4015 4024 4028 4032 4033 4043 4044 4048 4050 4054 4055 4065 4066 4076 4077 4087 4090 4094 4104
nsga2,ns48,9,0,1250,25,45417815.227171,2333276.207031,0.000000,1.000000,550 587 625 3931 3968 3970 3983 3985 4020 4022 4044 4046 4066 4077 4092 4094 4104 4109 4128 4130 4139
nsga2,ns48,9,1,1250,25,44497122.962980,2278517.945312,0.111111,0.888889,3977 3980 3981 3983 3985 4009 4015 4032 4033 4041 4050 4054 4065 4066 4077 4087 4094 4104 4109 4114 4139
nsga2,ns48,9,2,1250,25,44315689.974850,2255647.507812,0.222222,0.777778,3977 3980 3981 3983 3985 4009 4015 4028 4032 4033 4054 4055 4065 4066 4068 4076 4077 4087 4092 4094 4104
nsga2,ns48,9,3,1250,25,44205383.323179,2239780.769531,0.333333,0.666667,3977 3980 3983 3985 4009 4022 4028 4032 4044 4045 4050 4054 4056 4065 4068 4075 4076 4086 4094 4104 4114
nsga2,ns48,9,4,1250,25,44160549.501983,2226254.363281,0.444444,0.555556,3983 3985 4003 4009 4015 4022 4032 4043 4054 4056 4057 4058 4065 4071 4076 4077 4085 4086 4094 4104 4122
nsga2,ns48,9,5,1250,25,44134796.749468,2217560.937500,0.555556,0.444444,3980 4004 4009 4015 4022 4028 4032 4033 4048 4050 4054 4055 4065 4066 4068 4076 4077 4087 4092 4094 4104
nsga2,ns48,9,6,1250,25,44109353.066755,2205947.503906,0.666667,0.333333,3980 4009 4015 4022 4028 4032 4033 4044 4048 4050 4054 4055 4059 4065 4066 4076 4077 4087 4092 4094 4104
nsga2,ns48,9,7,1250,25,44077773.562106,2196498.675781,0.777778,0.222222,3980 4009 4015 4024 4028 4032 4033 4043 4044 4048 4050 4054 4055 4065 4066 4076 4077 4087 4090 4094 4104
nsga2,ns48,9,8,1250,25,44043304.635467,2187619.847656,0.888889,0.111111,3980 4009 4015 4022 4028 4032 4033 4044 4048 4050 4054 4055 4059 4065 4066 4067 4076 4077 4087 4094 4104
nsga2,ns48,9,9,1250,25,44043304.635467,2187619.847656,1.000000,0.000000,3980 4009 4015 4022 4028 4032 4033 4044 4048 4050 4054 4055 4059 4065 4066 4067 4076 4077 4087 4094 4104
nsga2,ns48,9,0,1300,26,45417815.227171,2333276.207031,0.000000,1.000000,550 587 625 3931 3968 3970 3983 3985 4020 4022 4044 4046 4066 4077 4092 4094 4104 4109 4128 4130 4139
nsga2,ns48,9,1,1300,26,44489547.893907,2276397.121094,0.111111,0.888889,3968 3980 3981 3983 3985 4009 4032 4033 4035 4050 4054 4056 4065 4067 4077 4087 4090 4092 4094 4104 4109
nsga2,ns48,9,2,1300,26,44298870.804975,2253516.816406,0.222222,0.777778,3977 3980 3983 3985 4009 4022 4028 4032 4044 4045 4050 4054 4056 4065 4068 4076 4086 4094 4104 4114 4125
nsga2,ns48,9,3,1300,26,44205383.323179,2239780.769531,0.333333,0.666667,3977 3980 3983 3985 4009 4022 4028 4032 4044 4045 4050 4054 4056 4065 4068 4075 4076 4086 4094 4104 4114
nsga2,ns48,9,4,1300,26,44147943.232020,2225626.703125,0.444444,0.555556,3985 4008 4009 4015 4022 4028 4032 4033 4048 4050 4054 4055 4065 4066 4068 4076 4077 4087 4092 4094 4104
nsga2,ns48,9,5,1300,26,44109353.066755,2205947.503906,0.555556,0.444444,3980 4009 4015 4022 4028 4032 4033 4044 4048 4050 4054 4055 4059 4065 4066 4076 4077 4087 4092 4094 4104
nsga2,ns48,9,6,1300,26,44079476.396083,2201288.035156,0.666667,0.333333,3980 4009 4015 4022 4028 4032 4033 4043 4044 4048 4050 4054 4055 4065 4066 4076 4077 4087 4090 4094 4104
nsga2,ns48,9,7,1300,26,44043304.635467,2187619.847656,0.777778,0.222222,3980 4009 4015 4022 4028 4032 4033 4044 4048 4050 4054 4055 4059 4065 4066 4067 4076 4077 4087 4094 4104
nsga2,ns48,9,8,1300,26,44019781.376449,2172063.312500,0.888889,0.111111,3980 4009 4015 4022 4028 4032 4033 4044 4048 4050 4054 4055 4059 4065 4066 4067 4076 4077 4085 4087 4094
nsga2,ns48,9,9,1300,26,44018680.123736,2162607.968750,1.000000,0.000000,3980 4009 4015 4022 4028 4032 4033 4039 4044 4048 4054 4055 4059 4065 4066 4067 4076 4077 4085 4087 4094
nsga2,ns48,9,0,1350,27,45417815.227171,2333276.207031,0.000000,1.000000,550 587 625 3931 3968 3970 3983 3985 4020 4022 4044 4046 4066 4077 4092 4094 4104 4109 4128 4130 4139
nsga2,ns48,9,1,1350,27,44482958.220561,2278612.816406,0.111111,0.888889,3977 3980 3981 3983 3985 4009 4015 4028 4032 4051 4054 4065 4066 4075 4077 4087 4094 4104 4109 4114 4139
nsga2,ns48,9,2,1350,27,44298870.804975,2253516.816406,0.222222,0.777778,3977 3980 3983 3985 4009 4022 4028 4032 4044 4045 4050 4054 4056 4065 4068 4076 4086 4094 4104 4114 4125
nsga2,ns48,9,3,1350,27,44205383.323179,2239780.769531,0.333333,0.666667,3977 3980 3983 3985 4009 4022 4028 4032 4044 4045 4050 4054 4056 4065 4068 4075 4076 4086 4094 4104 4114
nsga2,ns48,9,4,1350,27,44147943.232020,2225626.703125,0.444444,0.555556,3985 4008 4009 4015 4022 4028 4032 4033 4048 4050 4054 4055 4065 4066 4068 4076 4077 4087 4092 4094 4104
nsga2,ns48,9,5,1350,27,44098999.617033,2208136.125000,0.555556,0.444444,3980 4009 4015 4020 4022 4028 4032 4033 4044 4048 4050 4054 4055 4065 4066 4076 4077 4087 4090 4094 4104
nsga2,ns48,9,6,1350,27,44079476.396083,2201288.035156,0.666667,0.333333,3980 4009 4015 4022 4028 4032 4033 4043 4044 4048 4050 4054 4055 4065 4066 4076 4077 4087 4090 4094 4104
nsga2,ns48,9,7,1350,27,44043304.635467,2187619.847656,0.777778,0.222222,3980 4009 4015 4022 4028 4032 4033 4044 4048 4050 4054 4055 4059 4065 4066 4067 4076 4077 4087 4094 4104
nsga2,ns48,9,8,1350,27,44019781.376449,2172063.312500,0.888889,0.111111,3980 4009 4015 4022 4028 4032 4033 4044 4048 4050 4054 4055 4059 4065 4066 4067 4076 4077 4085 4087 4094
nsga2,ns48,9,9,1350,27,44018680.123736,2162607.968750,1.000000,0.000000,3980 4009 4015 4022 4028 4032 4033 4039 4044 4048 4054 4055 4059 4065 4066 4067 4076 4077 4085 4087 4094
nsga2,ns48,9,0,1400,28,45417815.227171,2333276.207031,0.000000,1.000000,550 587 625 3931 3968 3970 3983 3985 4020 4022 4044 4046 4066 4077 4092 4094 4104 4109 4128 4130 4139
nsga2,ns48,9,1,1400,28,44482958.220561,2278612.816406,0.111111,0.888889,3977 3980 3981 3983 3985 4009 4015 4028 4032 4051 4054 4065 4066 4075 4077 4087 4094 4104 4109 4114 4139
nsga2,ns48,9,2,1400,28,44298870.804975,2253516.816406,0.222222,0.777778,3977 3980 3983 3985 4009 4022 4028 4032 4044 4045 4050 4054 4056 4065 4068 4076 4086 4094 4104 4114 4125
nsga2,ns48,9,3,1400,28,44205383.323179,2239780.769531,0.333333,0.666667,3977 3980 3983 3985 4009 4022 4028 4032 4044 4045 4050 4054 4056 4065 4068 4075 4076 4086 4094 4104 4114
nsga2,ns48,9,4,1400,28,44147943.232020,2225626.703125,0.444444,0.555556,3985 4008 4009 4015 4022 4028 4032 4033 4048 4050 4054 4055 4065 4066 4068 4076 4077 4087 4092 4094 4104
nsga2,ns48,9,5,1400,28,44118181.143844,2210381.226562,0.555556,0.444444,3980 4004 4009 4015 4020 4022 4028 4033 4044 4048 4050 4054 4055 4065 4066 4076 4077 4087 4090 4094 4104
nsga2,ns48,9,6,1400,28,44079476.396083,2201288.035156,0.666667,0.333333,3980 4009 4015 4022 4028 4032 4033 4043 4044 4048 4050 4054 4055 4065 4066 4076 4077 4087 4090 4094 4104
nsga2,ns48,9,7,1400,28,44058307.867450,2194801.328125,0.777778,0.222222,3980 4009 4015 4022 4026 4028 4032 4033 4044 4048 4050 4054 4055 4059 4065 4066 4076 4077 4087 4094 4104
nsga2,ns48,9,8,1400,28,44019781.376449,2172063.312500,0.888889,0.111111,3980 4009 4015 4022 4028 4032 4033 4044 4048 4050 4054 4055 4059 4065 4066 4067 4076 4077 4085 4087 4094
nsga2,ns48,9,9,1400,28,44018680.123736,2162607.968750,1.000000,0.000000,3980 4009 4015 4022 4028 4032 4033 4039 4044 4048 4054 4055 4059 4065 4066 4067 4076 4077 4085 4087 4094
nsga2,ns48,9,0,1450,29,45417815.227171,2333276.207031,0.000000,1.000000,550 587 625 3931 3968 3970 3983 3985 4020 4022 4044 4046 4066 4077 4092 4094 4104 4109 4128 4130 4139
nsga2,ns48,9,1,1450,29,44441562.246215,2276287.398438,0.111111,0.888889,3981 3983 3985 4009 4011 4015 4028 4032 4035 4051 4054 4065 4071 4075 4077 4087 4094 4104 4114 4124 4139
nsga2,ns48,9,2,1450,29,44291166.642200,2252152.429688,0.222222,0.777778,3981 3983 3985 4008 4009 4015 4022 4028 4032 4033 4050 4054 4056 4065 4068 4071 4076 4086 4094 4104 4114
nsga2,ns48,9,3,1450,29,44205383.323179,2239780.769531,0.333333,0.666667,3977 3980 3983 3985 4009 4022 4028 4032 4044 4045 4050 4054 4056 4065 4068 4075 4076 4086 4094 4104 4114
nsga2,ns48,9,4,1450,29,44147943.232020,2225626.703125,0.444444,0.555556,3985 4008 4009 4015 4022 4028 4032 4033 4048 4050 4054 4055 4065 4066 4068 4076 4077 4087 4092 4094 4104
nsga2,ns48,9,5,1450,29,44110691.327949,2210844.273438,0.555556,0.444444,3983 4009 4015 4028 4032 4033 4047 4048 4050 4054 4055 4065 4066 4068 4075 4076 4077 4087 4092 4094 4104
nsga2,ns48,9,6,1450,29,44079476.396083,2201288.035156,0.666667,0.333333,3980 4009 4015 4022 4028 4032 4033 4043 4044 4048 4050 4054 4055 4065 4066 4076 4077 4087 4090 4094 4104
nsga2,ns48,9,7,1450,29,44043304.635467,2187619.847656,0.777778,0.222222,3980 4009 4015 4022 4028 4032 4033 4044 4048 4050 4054 4055 4059 4065 4066 4067 4076 4077 4087 4094 4104
nsga2,ns48,9,8,1450,29,44019781.376449,2172063.312500,0.888889,0.111111,3980 4009 4015 4022 4028 4032 4033 4044 4048 4050 4054 4055 4059 4065 4066 4067 4076 4077 4085 4087 4094
nsga2,ns48,9,9,1450,29,44013843.975936,2166262.835938,1.000000,0.000000,3980 4009 4015 4022 4032 4033 4039 4044 4048 4054 4055 4059 4065 4066 4067 4076 4077 4079 4085 4087 4094
nsga2,ns48,9,0,1500,30,45417815.227171,2333276.207031,0.000000,1.000000,550 587 625 3931 3968 3970 3983 3985 4020 4022 4044 4046 4066 4077 4092 4094 4104 4109 4128 4130 4139
nsga2,ns48,9,1,1500,30,44441562.246215,2276287.398438,0.111111,0.888889,3981 3983 3985 4009 4011 4015 4028 4032 4035 4051 4054 4065 4071 4075 4077 4087 4094 4104 4114 4124 4139
nsga2,ns48,9,2,1500,30,44291166.642200,2252152.429688,0.222222,0.777778,3981 3983 3985 4008 4009 4015 4022 4028 4032 4033 4050 4054 4056 4065 4068 4071 4076 4086 4094 4104 4114
nsga2,ns48,9,3,1500,30,44205383.323179,2239780.769531,0.333333,0.666667,3977 3980 3983 3985 4009 4022 4028 4032 4044 4045 4050 4054 4056 4065 4068 4075 4076 4086 4094 4104 4114
nsga2,ns48,9,4,1500,30,44147943.232020,2225626.703125,0.444444,0.555556,3985 4008 4009 4015 4022 4028 4032 4033 4048 4050 4054 4055 4065 4066 4068 4076 4077 4087 4092 4094 4104
nsga2,ns48,9,5,1500,30,44100473.433110,2213013.570312,0.555556,0.444444,4009 4015 4022 4028 4032 4033 4048 4050 4054 4055 4065 4066 4068 4075 4076 4077 4087 4092 4094 4104 4106
nsga2,ns48,9,6,1500,30,44079476.396083,2201288.035156,0.666667,0.333333,3980 4009 4015 4022 4028 4032 4033 4043 4044 4048 4050 4054 4055 4065 4066 4076 4077 4087 4090 4094 4104
nsga2,ns48,9,7,1500,30,44043304.635467,2187619.847656,0.777778,0.222222,3980 4009 4015 4022 4028 4032 4033 4044 4048 4050 4054 4055 4059 4065 4066 4067 4076 4077 4087 4094 4104
nsga2,ns48,9,8,1500,30,44019781.376449,2172063.312500,0.888889,0.111111,3980 4009 4015 4022 4028 4032 4033 4044 4048 4050 4054 4055 4059 4065 4066 4067 4076 4077 4085 4087 4094
nsga2,ns48,9,9,1500,30,44013843.975936,2166262.835938,1.000000,0.000000,3980 4009 4015 4022 4032 4033 4039 4044 4048 4054 4055 4059 4065 4066 4067 4076 4077 4079 4085 4087 4094
nsga2,ns48,9,0,1550,31,45417815.227171,2333276.207031,0.000000,1.000000,550 587 625 3931 3968 3970 3983 3985 4020 4022 4044 4046 4066 4077 4092 4094 4104 4109 4128 4130 4139
nsga2,ns48,9,1,1550,31,44459702.119999,2279523.355469,0.111111,0.888889,3981 3983 3985 4009 4011 4015 4028 4032 4035 4051 4054 4065 4071 4075 4077 4089 4094 4104 4114 4124 4139
nsga2,ns48,9,2,1550,31,44290032.883026,2252477.492188,0.222222,0.777778,3981 3983 3985 4009 4015 4022 4028 4030 4032 4033 4050 4054 4056 4065 4068 4071 4076 4086 4094 4104 4114
nsga2,ns48,9,3,1550,31,44205383.323179,2239780.769531,0.333333,0.666667,3977 3980 3983 3985 4009 4022 4028 4032 4044 4045 4050 4054 4056 4065 4068 4075 4076 4086 4094 4104 4114
nsga2,ns48,9,4,1550,31,44147943.232020,2225626.703125,0.444444,0.555556,3985 4008 4009 4015 4022 4028 4032 4033 4048 4050 4054 4055 4065 4066 4068 4076 4077 4087 4092 4094 4104
nsga2,ns48,9,5,1550,31,44108004.245980,2214844.933594,0.555556,0.444444,3985 4008 4009 4015 4022 4032 4033 4048 4050 4054 4055 4065 4066 4068 4071 4075 4076 4077 4082 4094 4104
nsga2,ns48,9,6,1550,31,44077809.643858,2200779.992188,0.666667,0.333333,3980 4009 4015 4022 4028 4032 4033 4035 4043 4044 4050 4054 4055 4065 4066 4076 4077 4087 4090 4094 4104
nsga2,ns48,9,7,1550,31,44051129.103875,2192811.093750,0.777778,0.222222,3980 4009 4015 4022 4028 4032 4033 4044 4048 4050 4054 4055 4059 4065 4066 4076 4077 4086 4087 4094 4104
nsga2,ns48,9,8,1550,31,44030617.563853,2184360.156250,0.888889,0.111111,4009 4015 4022 4028 4032 4033 4044 4047 4048 4050 4054 4055 4065 4066 4067 4072 4076 4077 4087 4094 4104
nsga2,ns48,9,9,1550,31,44013843.975936,2166262.835938,1.000000,0.000000,3980 4009 4015 4022 4032 4033 4039 4044 4048 4054 4055 4059 4065 4066 4067 4076 4077 4079 4085 4087 4094
nsga2,ns48,9,0,1600,32,45379036.017409,2333276.207031,0.000000,1.000000,550 587 625 3931 3968 3970 3983 3985 4020 4022 4044 4046 4075 4077 4094 4104 4114 4124 4128 4139 4154
nsga2,ns48,9,1,1600,32,44459702.119999,2279523.355469,0.111111,0.888889,3981 3983 3985 4009 4011 4015 4028 4032 4035 4051 4054 4065 4071 4075 4077 4089 4094 4104 4114 4124 4139
nsga2,ns48,9,2,1600,32,44284598.752823,2252605.417969,0.222222,0.777778,3980 3983 3985 4009 4015 4020 4033 4048 4050 4052 4054 4055 4065 4066 4076 4077 4087 4094 4104 4122 4131
nsga2,ns48,9,3,1600,32,44205383.323179,2239780.769531,0.333333,0.666667,3977 3980 3983 3985 4009 4022 4028 4032 4044 4045 4050 4054 4056 4065 4068 4075 4076 4086 4094 4104 4114
nsga2,ns48,9,4,1600,32,44147943.232020,2225626.703125,0.444444,0.555556,3985 4008 4009 4015 4022 4028 4032 4033 4048 4050 4054 4055 4065 4066 4068 4076 4077 4087 4092 4094 4104
nsga2,ns48,9,5,1600,32,44108004.245980,2214844.933594,0.555556,0.444444,3985 4008 4009 4015 4022 4032 4033 4048 4050 4054 4055 4065 4066 4068 4071 4075 4076 4077 4082 4094 4104
nsga2,ns48,9,6,1600,32,44078233.965906,2211834.695312,0.666667,0.333333,3980 4009 4015 4022 4028 4032 4033 4048 4050 4054 4055 4065 4066 4068 4075 4076 4077 4087 4094 4104 4106
nsga2,ns48,9,7,1600,32,44048629.423914,2193488.273438,0.777778,0.222222,4009 4015 4022 4032 4033 4044 4045 4048 4050 4052 4054 4055 4065 4066 4067 4072 4077 4078 4087 4094 4104
nsga2,ns48,9,8,1600,32,44030617.563853,2184360.156250,0.888889,0.111111,4009 4015 4022 4028 4032 4033 4044 4047 4048 4050 4054 4055 4065 4066 4067 4072 4076 4077 4087 4094 4104
nsga2,ns48,9,9,1600,32,44013843.975936,2166262.835938,1.000000,0.000000,3980 4009 4015 4022 4032 4033 4039 4044 4048 4054 4055 4059 4065 4066 4067 4076 4077 4079 4085 4087 4094
nsga2,ns48,9,0,1650,33,45379036.017409,2333276.207031,0.000000,1.000000,550 587 625 3931 3968 3970 3983 3985 4020 4022 4044 4046 4075 4077 4094 4104 4114 4124 4128 4139 4154
nsga2,ns48,9,1,1650,33,44441562.246215,2276287.398438,0.111111,0.888889,3981 3983 3985 4009 4011 4015 4028 4032 4035 4051 4054 4065 4071 4075 4077 4087 4094 4104 4114 4124 4139
nsga2,ns48,9,2,1650,33,44284598.752823,2252605.417969,0.222222,0.777778,3980 3983 3985 4009 4015 4020 4033 4048 4050 4052 4054 4055 4065 4066 4076 4077 4087 4094 4104 4122 4131
nsga2,ns48,9,3,1650,33,44190581.296117,2236494.070312,0.333333,0.666667,3983 3985 4009 4015 4022 4028 4032 4033 4045 4050 4054 4056 4065 4066 4068 4071 4076 4086 4092 4094 4104
nsga2,ns48,9,4,1650,33,44109701.726242,2224953.335938,0.444444,0.555556,3980 4007 4009 4015 4022 4028 4032 4033 4050 4054 4055 4065 4066 4068 4075 4076 4077 4087 4094 4104 4106
nsga2,ns48,9,5,1650,33,44086542.137339,2219333.484375,0.555556,0.444444,3985 4009 4015 4022 4028 4032 4033 4048 4050 4054 4055 4065 4066 4068 4075 4076 4077 4087 4094 4104 4106
nsga2,ns48,9,6,1650,33,44060961.148339,2197970.707031,0.666667,0.333333,4009 4015 4022 4028 4032 4033 4044 4045 4048 4050 4052 4054 4055 4065 4066 4067 4072 4077 4087 4094 4104
nsga2,ns48,9,7,1650,33,44034557.745673,2192104.550781,0.777778,0.222222,4009 4015 4022 4032 4033 4044 4045 4046 4048 4050 4052 4054 4055 4065 4066 4067 4072 4077 4078 4094 4104
nsga2,ns48,9,8,1650,33,44013843.975936,2166262.835938,0.888889,0.111111,3980 4009 4015 4022 4032 4033 4039 4044 4048 4054 4055 4059 4065 4066 4067 4076 4077 4079 4085 4087 4094
nsga2,ns48,9,9,1650,33,44000510.184642,2154490.324219,1.000000,0.000000,3980 4015 4022 4032 4033 4039 4044 4048 4054 4055 4059 4065 4066 4067 4076 4077 4079 4085 4087 4094 4095
nsga2,ns48,9,0,1700,34,45379036.017409,2333276.207031,0.000000,1.000000,550 587 625 3931 3968 3970 3983 3985 4020 4022 4044 4046 4075 4077 4094 4104 4114 4124 4128 4139 4154
nsga2,ns48,9,1,1700,34,44441562.246215,2276287.398438,0.111111,0.888889,3981 3983 3985 4009 4011 4015 4028 4032 4035 4051 4054 4065 4071 4075 4077 4087 4094 4104 4114 4124 4139
nsga2,ns48,9,2,1700,34,44284598.752823,2252605.417969,0.222222,0.777778,3980 3983 3985 4009 4015 4020 4033 4048 4050 4052 4054 4055 4065 4066 4076 4077 4087 4094 4104 4122 4131
nsga2,ns48,9,3,1700,34,44181525.470322,2238352.906250,0.333333,0.666667,3977 3983 3985 4009 4014 4022 4028 4032 4044 4045 4050 4054 4056 4065 4068 4075 4076 4086 4094 4104 4114
nsga2,ns48,9,4,1700,34,44133803.811731,2227924.476562,0.444444,0.555556,3977 3985 4009 4014 4022 4027 4028 4032 4044 4045 4050 4054 4056 4065 4068 4075 4076 4086 4094 4104 4114
nsga2,ns48,9,5,1700,34,44086542.137339,2219333.484375,0.555556,0.444444,3985 4009 4015 4022 4028 4032 4033 4048 4050 4054 4055 4065 4066 4068 4075 4076 4077 4087 4094 4104 4106
nsga2,ns48,9,6,1700,34,44060961.148339,2197970.707031,0.666667,0.333333,4009 4015 4022 4028 4032 4033 4044 4045 4048 4050 4052 4054 4055 4065 4066 4067 4072 4077 4087 4094 4104
nsga2,ns48,9,7,1700,34,44034557.745673,2192104.550781,0.777778,0.222222,4009 4015 4022 4032 4033 4044 4045 4046 4048 4050 4052 4054 4055 4065 4066 4067 4072 4077 4078 4094 4104
nsga2,ns48,9,8,1700,34,44009699.761563,2181810.984375,0.888889,0.111111,4009 4015 4022 4032 4033 4044 4045 4046 4048 4050 4052 4054 4055 4057 4065 4066 4067 4072 4077 4078 4094
nsga2,ns48,9,9,1700,34,44000510.184642,2154490.324219,1.000000,0.000000,3980 4015 4022 4032 4033 4039 4044 4048 4054 4055 4059 4065 4066 4067 4076 4077 4079 4085 4087 4094 4095
nsga2,ns48,9,0,1750,35,45379036.017409,2333276.207031,0.000000,1.000000,550 587 625 3931 3968 3970 3983 3985 4020 4022 4044 4046 4075 4077 4094 4104 4114 4124 4128 4139 4154
nsga2,ns48,9,1,1750,35,44441562.246215,2276287.398438,0.111111,0.888889,3981 3983 3985 4009 4011 4015 4028 4032 4035 4051 4054 4065 4071 4075 4077 4087 4094 4104 4114 4124 4139
nsga2,ns48,9,2,1750,35,44271584.982533,2253520.003906,0.222222,0.777778,3981 3983 3985 4009 4011 4015 4032 4034 4051 4054 4065 4066 4075 4076 4077 4082 4086 4087 4094 4104 4114
nsga2,ns48,9,3,1750,35,44181525.470322,2238352.906250,0.333333,0.666667,3977 3983 3985 4009 4014 4022 4028 4032 4044 4045 4050 4054 4056 4065 4068 4075 4076 4086 4094 4104 4114
nsga2,ns48,9,4,1750,35,44128815.136114,2227470.175781,0.444444,0.555556,3980 3999 4007 4009 4015 4028 4032 4033 4050 4054 4055 4065 4066 4068 4075 4076 4077 4087 4094 4104 4106
nsga2,ns48,9,5,1750,35,44086542.137339,2219333.484375,0.555556,0.444444,3985 4009 4015 4022 4028 4032 4033 4048 4050 4054 4055 4065 4066 4068 4075 4076 4077 4087 4094 4104 4106
nsga2,ns48,9,6,1750,35,44058583.640493,2207184.648438,0.666667,0.333333,4009 4015 4022 4028 4032 4033 4048 4050 4051 4054 4055 4065 4066 4068 4075 4076 4077 4087 4094 4104 4106
nsga2,ns48,9,7,1750,35,44034557.745673,2192104.550781,0.777778,0.222222,4009 4015 4022 4032 4033 4044 4045 4046 4048 4050 4052 4054 4055 4065 4066 4067 4072 4077 4078 4094 4104
nsga2,ns48,9,8,1750,35,44009699.761563,2181810.984375,0.888889,0.111111,4009 4015 4022 4032 4033 4044 4045 4046 4048 4050 4052 4054 4055 4057 4065 4066 4067 4072 4077 4078 4094
nsga2,ns48,9,9,1750,35,44000510.184642,2154490.324219,1.000000,0.000000,3980 4015 4022 4032 4033 4039 4044 4048 4054 4055 4059 4065 4066 4067 4076 4077 4079 4085 4087 4094 4095
nsga2,ns48,9,0,1800,36,45379036.017409,2333276.207031,0.000000,1.000000,550 587 625 3931 3968 3970 3983 3985 4020 4022 4044 4046 4075 4077 4094 4104 4114 4124 4128 4139 4154
nsga2,ns48,9,1,1800,36,44449574.857883,2277034.265625,0.111111,0.888889,3980 3981 3983 3985 4000 4009 4015 4028 4032 4034 4051 4054 4055 4066 4075 4077 4094 4104 4114 4124 4139
nsga2,ns48,9,2,1800,36,44271309.454158,2255885.921875,0.222222,0.777778,3983 3985 4009 4011 4015 4028 4032 4034 4041 4051 4054 4065 4066 4075 4077 4085 4087 4094 4104 4109 4114
nsga2,ns48,9,3,1800,36,44181525.470322,2238352.906250,0.333333,0.666667,3977 3983 3985 4009 4014 4022 4028 4032 4044 4045 4050 4054 4056 4065 4068 4075 4076 4086 4094 4104 4114
nsga2,ns48,9,4,1800,36,44128815.136114,2227470.175781,0.444444,0.555556,3980 3999 4007 4009 4015 4028 4032 4033 4050 4054 4055 4065 4066 4068 4075 4076 4077 4087 4094 4104 4106
nsga2,ns48,9,5,1800,36,44086542.137339,2219333.484375,0.555556,0.444444,3985 4009 4015 4022 4028 4032 4033 4048 4050 4054 4055 4065 4066 4068 4075 4076 4077 4087 4094 4104 4106
nsga2,ns48,9,6,1800,36,44058583.640493,2207184.648438,0.666667,0.333333,4009 4015 4022 4028 4032 4033 4048 4050 4051 4054 4055 4065 4066 4068 4075 4076 4077 4087 4094 4104 4106
nsga2,ns48,9,7,1800,36,44034557.745673,2192104.550781,0.777778,0.222222,4009 4015 4022 4032 4033 4044 4045 4046 4048 4050 4052 4054 4055 4065 4066 4067 4072 4077 4078 4094 4104
nsga2,ns48,9,8,1800,36,44009699.761563,2181810.984375,0.888889,0.111111,4009 4015 4022 4032 4033 4044 4045 4046 4048 4050 4052 4054 4055 4057 4065 4066 4067 4072 4077 4078 4094
nsga2,ns48,9,9,1800,36,44000510.184642,2154490.324219,1.000000,0.000000,3980 4015 4022 4032 4033 4039 4044 4048 4054 4055 4059 4065 4066 4067 4076 4077 4079 4085 4087 4094 4095
nsga2,ns48,9,0,1850,37,45379036.017409,2333276.207031,0.000000,1.000000,550 587 625 3931 3968 3970 3983 3985 4020 4022 4044 4046 4075 4077 4094 4104 4114 4124 4128 4139 4154
nsga2,ns48,9,1,1850,37,44449574.857883,2277034.265625,0.111111,0.888889,3980 3981 3983 3985 4000 4009 4015 4028 4032 4034 4051 4054 4055 4066 4075 4077 4094 4104 4114 4124 4139
nsga2,ns48,9,2,1850,37,44271309.454158,2255885.921875,0.222222,0.777778,3983 3985 4009 4011 4015 4028 4032 4034 4041 4051 4054 4065 4066 4075 4077 4085 4087 4094 4104 4109 4114
nsga2,ns48,9,3,1850,37,44181525.470322,2238352.906250,0.333333,0.666667,3977 3983 3985 4009 4014 4022 4028 4032 4044 4045 4050 4054 4056 4065 4068 4075 4076 4086 4094 4104 4114
nsga2,ns48,9,4,1850,37,44133803.811731,2227924.476562,0.444444,0.555556,3977 3985 4009 4014 4022 4027 4028 4032 4044 4045 4050 4054 4056 4065 4068 4075 4076 4086 4094 4104 4114
nsga2,ns48,9,5,1850,37,44086542.137339,2219333.484375,0.555556,0.444444,3985 4009 4015 4022 4028 4032 4033 4048 4050 4054 4055 4065 4066 4068 4075 4076 4077 4087 4094 4104 4106
nsga2,ns48,9,6,1850,37,44058583.640493,2207184.648438,0.666667,0.333333,4009 4015 4022 4028 4032 4033 4048 4050 4051 4054 4055 4065 4066 4068 4075 4076 4077 4087 4094 4104 4106
nsga2,ns48,9,7,1850,37,44034557.745673,2192104.550781,0.777778,0.222222,4009 4015 4022 4032 4033 4044 4045 4046 4048 4050 4052 4054 4055 4065 4066 4067 4072 4077 4078 4094 4104
nsga2,ns48,9,8,1850,37,44009699.761563,2181810.984375,0.888889,0.111111,4009 4015 4022 4032 4033 4044 4045 4046 4048 4050 4052 4054 4055 4057 4065 4066 4067 4072 4077 4078 4094
nsga2,ns48,9,9,1850,37,44000510.184642,2154490.324219,1.000000,0.000000,3980 4015 4022 4032 4033 4039 4044 4048 4054 4055 4059 4065 4066 4067 4076 4077 4079 4085 4087 4094 4095
nsga2,ns48,9,0,1900,38,45379036.017409,2333276.207031,0.000000,1.000000,550 587 625 3931 3968 3970 3983 3985 4020 4022 4044 4046 4075 4077 4094 4104 4114 4124 4128 4139 4154
nsga2,ns48,9,1,1900,38,44430109.719216,2277004.886719,0.111111,0.888889,3952 3981 3983 3985 4009 4011 4013 4015 4028 4032 4034 4051 4054 4065 4075 4077 4087 4091 4094 4104 4109
nsga2,ns48,9,2,1900,38,44256466.514983,2251932.175781,0.222222,0.777778,3981 3983 3985 4009 4011 4013 4015 4028 4032 4034 4051 4054 4056 4065 4068 4075 4076 4086 4094 4104 4114
nsga2,ns48,9,3,1900,38,44166348.537301,2232452.125000,0.333333,0.666667,3960 3985 4009 4015 4022 4028 4032 4033 4050 4054 4055 4065 4066 4068 4075 4076 4077 4087 4094 4104 4106
nsga2,ns48,9,4,1900,38,44109701.726242,2224953.335938,0.444444,0.555556,3980 4007 4009 4015 4022 4028 4032 4033 4050 4054 4055 4065 4066 4068 4075 4076 4077 4087 4094 4104 4106
nsga2,ns48,9,5,1900,38,44041014.286513,2208855.953125,0.555556,0.444444,4009 4015 4022 4028 4032 4033 4045 4048 4051 4054 4055 4065 4066 4068 4075 4076 4077 4087 4094 4104 4106
nsga2,ns48,9,6,1900,38,44041014.286513,2208855.953125,0.666667,0.333333,4009 4015 4022 4028 4032 4033 4045 4048 4051 4054 4055 4065 4066 4068 4075 4076 4077 4087 4094 4104 4106
nsga2,ns48,9,7,1900,38,44009699.761563,2181810.984375,0.777778,0.222222,4009 4015 4022 4032 4033 4044 4045 4046 4048 4050 4052 4054 4055 4057 4065 4066 4067 4072 4077 4078 4094
nsga2,ns48,9,8,1900,38,43973701.940656,2150451.972656,0.888889,0.111111,4015 4022 4023 4032 4033 4039 4044 4048 4054 4055 4059 4061 4065 4066 4067 4076 4077 4085 4087 4094 4095
nsga2,ns48,9,9,1900,38,43973701.940656,2150451.972656,1.000000,0.000000,4015 4022 4023 4032 4033 4039 4044 4048 4054 4055 4059 4061 4065 4066 4067 4076 4077 4085 4087 4094 4095
nsga2,ns48,9,0,1950,39,45379036.017409,2333276.207031,0.000000,1.000000,550 587 625 3931 3968 3970 3983 3985 4020 4022 4044 4046 4075 4077 4094 4104 4114 4124 4128 4139 4154
nsga2,ns48,9,1,1950,39,44430109.719216,2277004.886719,0.111111,0.888889,3952 3981 3983 3985 4009 4011 4013 4015 4028 4032 4034 4051 4054 4065 4075 4077 4087 4091 4094 4104 4109
nsga2,ns48,9,2,1950,39,44256466.514983,2251932.175781,0.222222,0.777778,3981 3983 3985 4009 4011 4013 4015 4028 4032 4034 4051 4054 4056 4065 4068 4075 4076 4086 4094 4104 4114
nsga2,ns48,9,3,1950,39,44166348.537301,2232452.125000,0.333333,0.666667,3960 3985 4009 4015 4022 4028 4032 4033 4050 4054 4055 4065 4066 4068 4075 4076 4077 4087 4094 4104 4106
nsga2,ns48,9,4,1950,39,44096844.820369,2224309.464844,0.444444,0.555556,3996 4009 4015 4022 4028 4032 4033 4045 4048 4051 4054 4055 4065 4066 4068 4076 4077 4087 4094 4104 4106
nsga2,ns48,9,5,1950,39,44041014.286513,2208855.953125,0.555556,0.444444,4009 4015 4022 4028 4032 4033 4045 4048 4051 4054 4055 4065 4066 4068 4075 4076 4077 4087 4094 4104 4106
nsga2,ns48,9,6,1950,39,44041014.286513,2208855.953125,0.666667,0.333333,4009 4015 4022 4028 4032 4033 4045 4048 4051 4054 4055 4065 4066 4068 4075 4076 4077 4087 4094 4104 4106
nsga2,ns48,9,7,1950,39,44009497.317212,2186446.042969,0.777778,0.222222,4009 4015 4022 4032 4033 4044 4045 4046 4047 4048 4050 4052 4054 4055 4065 4066 4067 4077 4087 4094 4104
nsga2,ns48,9,8,1950,39,43986226.008561,2157684.390625,0.888889,0.111111,4015 4022 4023 4031 4032 4033 4039 4044 4048 4054 4055 4059 4061 4065 4066 4076 4077 4085 4087 4094 4095
nsga2,ns48,9,9,1950,39,43973701.940656,2150451.972656,1.000000,0.000000,4015 4022 4023 4032 4033 4039 4044 4048 4054 4055 4059 4061 4065 4066 4067 4076 4077 4085 4087 4094 4095
nsga2,ns48,9,0,2000,40,45379036.017409,2333276.207031,0.000000,1.000000,550 587 625 3931 3968 3970 3983 3985 4020 4022 4044 4046 4075 4077 4094 4104 4114 4124 4128 4139 4154
nsga2,ns48,9,1,2000,40,44430109.719216,2277004.886719,0.111111,0.888889,3952 3981 3983 3985 4009 4011 4013 4015 4028 4032 4034 4051 4054 4065 4075 4077 4087 4091 4094 4104 4109
nsga2,ns48,9,2,2000,40,44256466.514983,2251932.175781,0.222222,0.777778,3981 3983 3985 4009 4011 4013 4015 4028 4032 4034 4051 4054 4056 4065 4068 4075 4076 4086 4094 4104 4114
nsga2,ns48,9,3,2000,40,44166348.537301,2232452.125000,0.333333,0.666667,3960 3985 4009 4015 4022 4028 4032 4033 4050 4054 4055 4065 4066 4068 4075 4076 4077 4087 4094 4104 4106
nsga2,ns48,9,4,2000,40,44096844.820369,2224309.464844,0.444444,0.555556,3996 4009 4015 4022 4028 4032 4033 4045 4048 4051 4054 4055 4065 4066 4068 4076 4077 4087 4094 4104 4106
nsga2,ns48,9,5,2000,40,44063958.204185,2211311.476562,0.555556,0.444444,4001 4009 4015 4022 4028 4032 4033 4045 4048 4051 4054 4055 4065 4066 4075 4076 4077 4087 4094 4104 4106
nsga2,ns48,9,6,2000,40,44029597.770931,2204688.914062,0.666667,0.333333,4009 4015 4022 4023 4028 4032 4033 4045 4048 4054 4055 4065 4066 4068 4075 4076 4077 4087 4094 4104 4106
nsga2,ns48,9,7,2000,40,44009497.317212,2186446.042969,0.777778,0.222222,4009 4015 4022 4032 4033 4044 4045 4046 4047 4048 4050 4052 4054 4055 4065 4066 4067 4077 4087 4094 4104
nsga2,ns48,9,8,2000,40,43986226.008561,2157684.390625,0.888889,0.111111,4015 4022 4023 4031 4032 4033 4039 4044 4048 4054 4055 4059 4061 4065 4066 4076 4077 4085 4087 4094 4095
nsga2,ns48,9,9,2000,40,43971033.800043,2145847.167969,1.000000,0.000000,4015 4022 4023 4032 4033 4038 4039 4044 4048 4054 4055 4059 4061 4065 4066 4067 4076 4077 4085 4087 4094
nsga2,ns48,9,0,2050,41,45379036.017409,2333276.207031,0.000000,1.000000,550 587 625 3931 3968 3970 3983 3985 4020 4022 4044 4046 4075 4077 4094 4104 4114 4124 4128 4139 4154
nsga2,ns48,9,1,2050,41,44406035.521499,2277064.906250,0.111111,0.888889,3981 3983 3985 4009 4011 4013 4015 4028 4032 4034 4054 4065 4066 4075 4077 4087 4094 4104 4114 4124 4139
nsga2,ns48,9,2,2050,41,44256466.514983,2251932.175781,0.222222,0.777778,3981 3983 3985 4009 4011 4013 4015 4028 4032 4034 4051 4054 4056 4065 4068 4075 4076 4086 4094 4104 4114
nsga2,ns48,9,3,2050,41,44166348.537301,2232452.125000,0.333333,0.666667,3960 3985 4009 4015 4022 4028 4032 4033 4050 4054 4055 4065 4066 4068 4075 4076 4077 4087 4094 4104 4106
nsga2,ns48,9,4,2050,41,44096844.820369,2224309.464844,0.444444,0.555556,3996 4009 4015 4022 4028 4032 4033 4045 4048 4051 4054 4055 4065 4066 4068 4076 4077 4087 4094 4104 4106
nsga2,ns48,9,5,2050,41,44063958.204185,2211311.476562,0.555556,0.444444,4001 4009 4015 4022 4028 4032 4033 4045 4048 4051 4054 4055 4065 4066 4075 4076 4077 4087 4094 4104 4106
nsga2,ns48,9,6,2050,41,44029597.770931,2204688.914062,0.666667,0.333333,4009 4015 4022 4023 4028 4032 4033 4045 4048 4054 4055 4065 4066 4068 4075 4076 4077 4087 4094 4104 4106
nsga2,ns48,9,7,2050,41,44009497.317212,2186446.042969,0.777778,0.222222,4009 4015 4022 4032 4033 4044 4045 4046 4047 4048 4050 4052 4054 4055 4065 4066 4067 4077 4087 4094 4104
nsga2,ns48,9,8,2050,41,43986226.008561,2157684.390625,0.888889,0.111111,4015 4022 4023 4031 4032 4033 4039 4044 4048 4054 4055 4059 4061 4065 4066 4076 4077 4085 4087 4094 4095
nsga2,ns48,9,9,2050,41,43971033.800043,2145847.167969,1.000000,0.000000,4015 4022 4023 4032 4033 4038 4039 4044 4048 4054 4055 4059 4061 4065 4066 4067 4076 4077 4085 4087 4094
nsga2,ns48,9,0,2100,42,45379036.017409,2333276.207031,0.000000,1.000000,550 587 625 3931 3968 3970 3983 3985 4020 4022 4044 4046 4075 4077 4094 4104 4114 4124 4128 4139 4154
nsga2,ns48,9,1,2100,42,44421787.375211,2277134.144531,0.111111,0.888889,3981 3983 3985 3991 4009 4011 4015 4028 4032 4034 4054 4065 4066 4075 4077 4087 4094 4104 4114 4124 4139
nsga2,ns48,9,2,2100,42,44241005.280156,2256397.355469,0.222222,0.777778,3981 3983 3985 4009 4011 4013 4015 4028 4032 4034 4055 4065 4066 4068 4075 4076 4077 4087 4094 4104 4106
nsga2,ns48,9,3,2100,42,44171811.430311,2235184.605469,0.333333,0.666667,3985 4009 4015 4022 4028 4032 4033 4048 4050 4054 4055 4065 4066 4068 4075 4077 4087 4094 4104 4109 4114
nsga2,ns48,9,4,2100,42,44096844.820369,2224309.464844,0.444444,0.555556,3996 4009 4015 4022 4028 4032 4033 4045 4048 4051 4054 4055 4065 4066 4068 4076 4077 4087 4094 4104 4106
nsga2,ns48,9,5,2100,42,44063958.204185,2211311.476562,0.555556,0.444444,4001 4009 4015 4022 4028 4032 4033 4045 4048 4051 4054 4055 4065 4066 4075 4076 4077 4087 4094 4104 4106
nsga2,ns48,9,6,2100,42,44029597.770931,2204688.914062,0.666667,0.333333,4009 4015 4022 4023 4028 4032 4033 4045 4048 4054 4055 4065 4066 4068 4075 4076 4077 4087 4094 4104 4106
nsga2,ns48,9,7,2100,42,44009497.317212,2186446.042969,0.777778,0.222222,4009 4015 4022 4032 4033 4044 4045 4046 4047 4048 4050 4052 4054 4055 4065 4066 4067 4077 4087 4094 4104
nsga2,ns48,9,8,2100,42,43986226.008561,2157684.390625,0.888889,0.111111,4015 4022 4023 4031 4032 4033 4039 4044 4048 4054 4055 4059 4061 4065 4066 4076 4077 4085 4087 4094 4095
nsga2,ns48,9,9,2100,42,43971033.800043,2145847.167969,1.000000,0.000000,4015 4022 4023 4032 4033 4038 4039 4044 4048 4054 4055 4059 4061 4065 4066 4067 4076 4077 4085 4087 4094
nsga2,ns48,9,0,2150,43,45379036.017409,2333276.207031,0.000000,1.000000,550 587 625 3931 3968 3970 3983 3985 4020 4022 4044 4046 4075 4077 4094 4104 4114 4124 4128 4139 4154
nsga2,ns48,9,1,2150,43,44421787.375211,2277134.144531,0.111111,0.888889,3981 3983 3985 3991 4009 4011 4015 4028 4032 4034 4054 4065 4066 4075 4077 4087 4094 4104 4114 4124 4139
nsga2,ns48,9,2,2150,43,44241005.280156,2256397.355469,0.222222,0.777778,3981 3983 3985 4009 4011 4013 4015 4028 4032 4034 4055 4065 4066 4068 4075 4076 4077 4087 4094 4104 4106
nsga2,ns48,9,3,2150,43,44145538.476028,2240688.207031,0.333333,0.666667,3983 3985 4009 4011 4013 4015 4032 4034 4054 4055 4060 4065 4066 4068 4075 4076 4077 4087 4094 4104 4106
nsga2,ns48,9,4,2150,43,44096844.820369,2224309.464844,0.444444,0.555556,3996 4009 4015 4022 4028 4032 4033 4045 4048 4051 4054 4055 4065 4066 4068 4076 4077 4087 4094 4104 4106
nsga2,ns48,9,5,2150,43,44061735.326050,2211765.070312,0.555556,0.444444,3997 4009 4015 4022 4032 4033 4045 4048 4051 4054 4055 4065 4066 4068 4075 4076 4077 4087 4094 4104 4106
nsga2,ns48,9,6,2150,43,44029597.770931,2204688.914062,0.666667,0.333333,4009 4015 4022 4023 4028 4032 4033 4045 4048 4054 4055 4065 4066 4068 4075 4076 4077 4087 4094 4104 4106
nsga2,ns48,9,7,2150,43,44006346.378593,2186041.765625,0.777778,0.222222,4009 4015 4022 4032 4033 4044 4045 4046 4047 4048 4050 4052 4054 4055 4065 4067 4075 4077 4087 4094 4104
nsga2,ns48,9,8,2150,43,43987886.412140,2159676.125000,0.888889,0.111111,4015 4022 4023 4031 4032 4033 4037 4039 4044 4048 4054 4055 4059 4061 4065 4066 4068 4077 4085 4094 4095
nsga2,ns48,9,9,2150,43,43966861.631698,2145116.789062,1.000000,0.000000,4015 4022 4023 4032 4033 4038 4039 4044 4048 4054 4055 4056 4059 4061 4065 4066 4067 4076 4077 4087 4094
nsga2,ns48,9,0,2200,44,45379036.017409,2333276.207031,0.000000,1.000000,550 587 625 3931 3968 3970 3983 3985 4020 4022 4044 4046 4075 4077 4094 4104 4114 4124 4128 4139 4154
nsga2,ns48,9,1,2200,44,44409796.615324,2277270.757812,0.111111,0.888889,3981 3983 3985 4009 4011 4013 4015 4028 4032 4034 4046 4063 4066 4075 4077 4087 4094 4104 4106 4114 4124
nsga2,ns48,9,2,2200,44,44241005.280156,2256397.355469,0.222222,0.777778,3981 3983 3985 4009 4011 4013 4015 4028 4032 4034 4055 4065 4066 4068 4075 4076 4077 4087 4094 4104 4106
nsga2,ns48,9,3,2200,44,44145538.476028,2240688.207031,0.333333,0.666667,3983 3985 4009 4011 4013 4015 4032 4034 4054 4055 4060 4065 4066 4068 4075 4076 4077 4087 4094 4104 4106
nsga2,ns48,9,4,2200,44,44096844.820369,2224309.464844,0.444444,0.555556,3996 4009 4015 4022 4028 4032 4033 4045 4048 4051 4054 4055 4065 4066 4068 4076 4077 4087 4094 4104 4106
nsga2,ns48,9,5,2200,44,44043514.221343,2209348.355469,0.555556,0.444444,4009 4015 4022 4028 4032 4033 4045 4048 4054 4055 4065 4066 4068 4071 4075 4076 4077 4087 4094 4104 4106
nsga2,ns48,9,6,2200,44,44029597.770931,2204688.914062,0.666667,0.333333,4009 4015 4022 4023 4028 4032 4033 4045 4048 4054 4055 4065 4066 4068 4075 4076 4077 4087 4094 4104 4106
nsga2,ns48,9,7,2200,44,44002255.271271,2180246.363281,0.777778,0.222222,4009 4015 4022 4032 4033 4044 4045 4046 4047 4048 4050 4052 4054 4055 4059 4065 4066 4067 4077 4094 4104
nsga2,ns48,9,8,2200,44,43975838.415314,2156550.914062,0.888889,0.111111,4015 4022 4023 4031 4032 4033 4039 4044 4048 4054 4055 4059 4061 4065 4066 4068 4076 4077 4085 4094 4095
nsga2,ns48,9,9,2200,44,43961485.849153,2138843.910156,1.000000,0.000000,4015 4022 4023 4032 4033 4038 4039 4044 4046 4048 4054 4055 4056 4059 4061 4065 4066 4067 4076 4077 4087
nsga2,ns48,9,0,2250,45,45379036.017409,2333276.207031,0.000000,1.000000,550 587 625 3931 3968 3970 3983 3985 4020 4022 4044 4046 4075 4077 4094 4104 4114 4124 4128 4139 4154
nsga2,ns48,9,1,2250,45,44409796.615324,2277270.757812,0.111111,0.888889,3981 3983 3985 4009 4011 4013 4015 4028 4032 4034 4046 4063 4066 4075 4077 4087 4094 4104 4106 4114 4124
nsga2,ns48,9,2,2250,45,44241005.280156,2256397.355469,0.222222,0.777778,3981 3983 3985 4009 4011 4013 4015 4028 4032 4034 4055 4065 4066 4068 4075 4076 4077 4087 4094 4104 4106
nsga2,ns48,9,3,2250,45,44145538.476028,2240688.207031,0.333333,0.666667,3983 3985 4009 4011 4013 4015 4032 4034 4054 4055 4060 4065 4066 4068 4075 4076 4077 4087 4094 4104 4106
nsga2,ns48,9,4,2250,45,44096844.820369,2224309.464844,0.444444,0.555556,3996 4009 4015 4022 4028 4032 4033 4045 4048 4051 4054 4055 4065 4066 4068 4076 4077 4087 4094 4104 4106
nsga2,ns48,9,5,2250,45,44043514.221343,2209348.355469,0.555556,0.444444,4009 4015 4022 4028 4032 4033 4045 4048 4054 4055 4065 4066 4068 4071 4075 4076 4077 4087 4094 4104 4106
nsga2,ns48,9,6,2250,45,44029597.770931,2204688.914062,0.666667,0.333333,4009 4015 4022 4023 4028 4032 4033 4045 4048 4054 4055 4065 4066 4068 4075 4076 4077 4087 4094 4104 4106
nsga2,ns48,9,7,2250,45,44002255.271271,2180246.363281,0.777778,0.222222,4009 4015 4022 4032 4033 4044 4045 4046 4047 4048 4050 4052 4054 4055 4059 4065 4066 4067 4077 4094 4104
nsga2,ns48,9,8,2250,45,43975838.415314,2156550.914062,0.888889,0.111111,4015 4022 4023 4031 4032 4033 4039 4044 4048 4054 4055 4059 4061 4065 4066 4068 4076 4077 4085 4094 4095
nsga2,ns48,9,9,2250,45,43961485.849153,2138843.910156,1.000000,0.000000,4015 4022 4023 4032 4033 4038 4039 4044 4046 4048 4054 4055 4056 4059 4061 4065 4066 4067 4076 4077 4087
nsga2,ns48,9,0,2300,46,45379036.017409,2333276.207031,0.000000,1.000000,550 587 625 3931 3968 3970 3983 3985 4020 4022 4044 4046 4075 4077 4094 4104 4114 4124 4128 4139 4154
nsga2,ns48,9,1,2300,46,44391450.992675,2275561.691406,0.111111,0.888889,3981 3983 3985 4009 4011 4013 4015 4028 4032 4034 4051 4053 4054 4066 4075 4077 4087 4094 4104 4109 4114
nsga2,ns48,9,2,2300,46,44212436.244110,2252046.082031,0.222222,0.777778,3983 3985 4009 4011 4013 4015 4028 4032 4034 4046 4051 4054 4066 4071 4075 4076 4077 4087 4094 4104 4106
nsga2,ns48,9,3,2300,46,44145538.476028,2240688.207031,0.333333,0.666667,3983 3985 4009 4011 4013 4015 4032 4034 4054 4055 4060 4065 4066 4068 4075 4076 4077 4087 4094 4104 4106
nsga2,ns48,9,4,2300,46,44086172.458498,2227999.359375,0.444444,0.555556,3985 4009 4011 4015 4028 4032 4034 4043 4050 4054 4055 4065 4066 4068 4075 4076 4077 4087 4094 4104 4106
nsga2,ns48,9,5,2300,46,44043514.221343,2209348.355469,0.555556,0.444444,4009 4015 4022 4028 4032 4033 4045 4048 4054 4055 4065 4066 4068 4071 4075 4076 4077 4087 4094 4104 4106
nsga2,ns48,9,6,2300,46,44019511.825310,2188380.082031,0.666667,0.333333,4009 4015 4022 4031 4032 4033 4043 4046 4047 4048 4050 4052 4054 4055 4065 4067 4075 4077 4087 4094 4104
nsga2,ns48,9,7,2300,46,43989220.479478,2178033.546875,0.777778,0.222222,4009 4022 4032 4033 4043 4045 4046 4047 4048 4050 4052 4054 4055 4058 4065 4067 4075 4077 4087 4094 4104
nsga2,ns48,9,8,2300,46,43964977.560188,2150217.851562,0.888889,0.111111,4015 4022 4023 4032 4033 4038 4039 4044 4046 4054 4055 4059 4061 4065 4066 4067 4076 4077 4085 4087 4094
nsga2,ns48,9,9,2300,46,43947344.003950,2139534.613281,1.000000,0.000000,4015 4022 4023 4032 4033 4038 4039 4044 4046 4048 4054 4055 4056 4059 4065 4066 4067 4076 4077 4087 4094
nsga2,ns48,9,0,2350,47,45379036.017409,2333276.207031,0.000000,1.000000,550 587 625 3931 3968 3970 3983 3985 4020 4022 4044 4046 4075 4077 4094 4104 4114 4124 4128 4139 4154
nsga2,ns48,9,1,2350,47,44391450.992675,2275561.691406,0.111111,0.888889,3981 3983 3985 4009 4011 4013 4015 4028 4032 4034 4051 4053 4054 4066 4075 4077 4087 4094 4104 4109 4114
nsga2,ns48,9,2,2350,47,44212436.244110,2252046.082031,0.222222,0.777778,3983 3985 4009 4011 4013 4015 4028 4032 4034 4046 4051 4054 4066 4071 4075 4076 4077 4087 4094 4104 4106
nsga2,ns48,9,3,2350,47,44145538.476028,2240688.207031,0.333333,0.666667,3983 3985 4009 4011 4013 4015 4032 4034 4054 4055 4060 4065 4066 4068 4075 4076 4077 4087 4094 4104 4106
nsga2,ns48,9,4,2350,47,44086172.458498,2227999.359375,0.444444,0.555556,3985 4009 4011 4015 4028 4032 4034 4043 4050 4054 4055 4065 4066 4068 4075 4076 4077 4087 4094 4104 4106
nsga2,ns48,9,5,2350,47,44043514.221343,2209348.355469,0.555556,0.444444,4009 4015 4022 4028 4032 4033 4045 4048 4054 4055 4065 4066 4068 4071 4075 4076 4077 4087 4094 4104 4106
nsga2,ns48,9,6,2350,47,44017528.076208,2193410.253906,0.666667,0.333333,4009 4022 4023 4028 4032 4033 4045 4048 4054 4055 4065 4066 4068 4075 4076 4077 4078 4087 4094 4104 4106
nsga2,ns48,9,7,2350,47,43989220.479478,2178033.546875,0.777778,0.222222,4009 4022 4032 4033 4043 4045 4046 4047 4048 4050 4052 4054 4055 4058 4065 4067 4075 4077 4087 4094 4104
nsga2,ns48,9,8,2350,47,43964977.560188,2150217.851562,0.888889,0.111111,4015 4022 4023 4032 4033 4038 4039 4044 4046 4054 4055 4059 4061 4065 4066 4067 4076 4077 4085 4087 4094
nsga2,ns48,9,9,2350,47,43947344.003950,2139534.613281,1.000000,0.000000,4015 4022 4023 4032 4033 4038 4039 4044 4046 4048 4054 4055 4056 4059 4065 4066 4067 4076 4077 4087 4094
nsga2,ns48,9,0,2400,48,45379036.017409,2333276.207031,0.000000,1.000000,550 587 625 3931 3968 3970 3983 3985 4020 4022 4044 4046 4075 4077 4094 4104 4114 4124 4128 4139 4154
nsga2,ns48,9,1,2400,48,44389918.448112,2275561.691406,0.111111,0.888889,3981 3983 3985 4009 4011 4013 4015 4028 4032 4034 4051 4053 4054 4066 4075 4077 4087 4094 4104 4106 4109
nsga2,ns48,9,2,2400,48,44212436.244110,2252046.082031,0.222222,0.777778,3983 3985 4009 4011 4013 4015 4028 4032 4034 4046 4051 4054 4066 4071 4075 4076 4077 4087 4094 4104 4106
nsga2,ns48,9,3,2400,48,44145538.476028,2240688.207031,0.333333,0.666667,3983 3985 4009 4011 4013 4015 4032 4034 4054 4055 4060 4065 4066 4068 4075 4076 4077 4087 4094 4104 4106
nsga2,ns48,9,4,2400,48,44086172.458498,2227999.359375,0.444444,0.555556,3985 4009 4011 4015 4028 4032 4034 4043 4050 4054 4055 4065 4066 4068 4075 4076 4077 4087 4094 4104 4106
nsga2,ns48,9,5,2400,48,44043514.221343,2209348.355469,0.555556,0.444444,4009 4015 4022 4028 4032 4033 4045 4048 4054 4055 4065 4066 4068 4071 4075 4076 4077 4087 4094 4104 4106
nsga2,ns48,9,6,2400,48,44017528.076208,2193410.253906,0.666667,0.333333,4009 4022 4023 4028 4032 4033 4045 4048 4054 4055 4065 4066 4068 4075 4076 4077 4078 4087 4094 4104 4106
nsga2,ns48,9,7,2400,48,43989071.976991,2185631.761719,0.777778,0.222222,4009 4022 4023 4028 4032 4033 4045 4048 4054 4055 4065 4066 4068 4075 4076 4077 4078 4079 4087 4094 4104
nsga2,ns48,9,8,2400,48,43964977.560188,2150217.851562,0.888889,0.111111,4015 4022 4023 4032 4033 4038 4039 4044 4046 4054 4055 4059 4061 4065 4066 4067 4076 4077 4085 4087 4094
nsga2,ns48,9,9,2400,48,43947344.003950,2139534.613281,1.000000,0.000000,4015 4022 4023 4032 4033 4038 4039 4044 4046 4048 4054 4055 4056 4059 4065 4066 4067 4076 4077 4087 4094
nsga2,ns48,9,0,2450,49,45379036.017409,2333276.207031,0.000000,1.000000,550 587 625 3931 3968 3970 3983 3985 4020 4022 4044 4046 4075 4077 4094 4104 4114 4124 4128 4139 4154
nsga2,ns48,9,1,2450,49,44396775.358362,2278851.609375,0.111111,0.888889,3981 3983 3985 4009 4011 4013 4015 4028 4032 4034 4046 4051 4066 4075 4077 4087 4094 4104 4106 4114 4124
nsga2,ns48,9,2,2450,49,44212436.244110,2252046.082031,0.222222,0.777778,3983 3985 4009 4011 4013 4015 4028 4032 4034 4046 4051 4054 4066 4071 4075 4076 4077 4087 4094 4104 4106
nsga2,ns48,9,3,2450,49,44145538.476028,2240688.207031,0.333333,0.666667,3983 3985 4009 4011 4013 4015 4032 4034 4054 4055 4060 4065 4066 4068 4075 4076 4077 4087 4094 4104 4106
nsga2,ns48,9,4,2450,49,44086172.458498,2227999.359375,0.444444,0.555556,3985 4009 4011 4015 4028 4032 4034 4043 4050 4054 4055 4065 4066 4068 4075 4076 4077 4087 4094 4104 4106
nsga2,ns48,9,5,2450,49,44043514.221343,2209348.355469,0.555556,0.444444,4009 4015 4022 4028 4032 4033 4045 4048 4054 4055 4065 4066 4068 4071 4075 4076 4077 4087 4094 4104 4106
nsga2,ns48,9,6,2450,49,44017528.076208,2193410.253906,0.666667,0.333333,4009 4022 4023 4028 4032 4033 4045 4048 4054 4055 4065 4066 4068 4075 4076 4077 4078 4087 4094 4104 4106
nsga2,ns48,9,7,2450,49,43989071.976991,2185631.761719,0.777778,0.222222,4009 4022 4023 4028 4032 4033 4045 4048 4054 4055 4065 4066 4068 4075 4076 4077 4078 4079 4087 4094 4104
nsga2,ns48,9,8,2450,49,43964977.560188,2150217.851562,0.888889,0.111111,4015 4022 4023 4032 4033 4038 4039 4044 4046 4054 4055 4059 4061 4065 4066 4067 4076 4077 4085 4087 4094
nsga2,ns48,9,9,2450,49,43947344.003950,2139534.613281,1.000000,0.000000,4015 4022 4023 4032 4033 4038 4039 4044 4046 4048 4054 4055 4056 4059 4065 4066 4067 4076 4077 4087 4094
nsga2,ns48,9,0,2500,50,45379036.017409,2333276.207031,0.000000,1.000000,550 587 625 3931 3968 3970 3983 3985 4020 4022 4044 4046 4075 4077 4094 4104 4114 4124 4128 4139 4154
nsga2,ns48,9,1,2500,50,44396775.358362,2278851.609375,0.111111,0.888889,3981 3983 3985 4009 4011 4013 4015 4028 4032 4034 4046 4051 4066 4075 4077 4087 4094 4104 4106 4114 4124
nsga2,ns48,9,2,2500,50,44212436.244110,2252046.082031,0.222222,0.777778,3983 3985 4009 4011 4013 4015 4028 4032 4034 4046 4051 4054 4066 4071 4075 4076 4077 4087 4094 4104 4106
nsga2,ns48,9,3,2500,50,44145538.476028,2240688.207031,0.333333,0.666667,3983 3985 4009 4011 4013 4015 4032 4034 4054 4055 4060 4065 4066 4068 4075 4076 4077 4087 4094 4104 4106
nsga2,ns48,9,4,2500,50,44086172.458498,2227999.359375,0.444444,0.555556,3985 4009 4011 4015 4028 4032 4034 4043 4050 4054 4055 4065 4066 4068 4075 4076 4077 4087 4094 4104 4106
nsga2,ns48,9,5,2500,50,44043514.221343,2209348.355469,0.555556,0.444444,4009 4015 4022 4028 4032 4033 4045 4048 4054 4055 4065 4066 4068 4071 4075 4076 4077 4087 4094 4104 4106
nsga2,ns48,9,6,2500,50,44017528.076208,2193410.253906,0.666667,0.333333,4009 4022 4023 4028 4032 4033 4045 4048 4054 4055 4065 4066 4068 4075 4076 4077 4078 4087 4094 4104 4106
nsga2,ns48,9,7,2500,50,43989071.976991,2185631.761719,0.777778,0.222222,4009 4022 4023 4028 4032 4033 4045 4048 4054 4055 4065 4066 4068 4075 4076 4077 4078 4079 4087 4094 4104
nsga2,ns48,9,8,2500,50,43964977.560188,2150217.851562,0.888889,0.111111,4015 4022 4023 4032 4033 4038 4039 4044 4046 4054 4055 4059 4061 4065 4066 4067 4076 4077 4085 4087 4094
nsga2,ns48,9,9,2500,50,43947344.003950,2139534.613281,1.000000,0.000000,4015 4022 4023 4032 4033 4038 4039 4044 4046 4048 4054 4055 4056 4059 4065 4066 4067 4076 4077 4087 4094
nsga2,ns48,9,0,2550,51,45379036.017409,2333276.207031,0.000000,1.000000,550 587 625 3931 3968 3970 3983 3985 4020 4022 4044 4046 4075 4077 4094 4104 4114 4124 4128 4139 4154
nsga2,ns48,9,1,2550,51,44396775.358362,2278851.609375,0.111111,0.888889,3981 3983 3985 4009 4011 4013 4015 4028 4032 4034 4046 4051 4066 4075 4077 4087 4094 4104 4106 4114 4124
nsga2,ns48,9,2,2550,51,44212436.244110,2252046.082031,0.222222,0.777778,3983 3985 4009 4011 4013 4015 4028 4032 4034 4046 4051 4054 4066 4071 4075 4076 4077 4087 4094 4104 4106
nsga2,ns48,9,3,2550,51,44145538.476028,2240688.207031,0.333333,0.666667,3983 3985 4009 4011 4013 4015 4032 4034 4054 4055 4060 4065 4066 4068 4075 4076 4077 4087 4094 4104 4106
nsga2,ns48,9,4,2550,51,44085698.508992,2226754.398438,0.444444,0.555556,3985 4009 4011 4015 4028 4032 4034 4045 4050 4054 4055 4065 4066 4068 4075 4076 4077 4087 4094 4104 4106
nsga2,ns48,9,5,2550,51,44043514.221343,2209348.355469,0.555556,0.444444,4009 4015 4022 4028 4032 4033 4045 4048 4054 4055 4065 4066 4068 4071 4075 4076 4077 4087 4094 4104 4106
nsga2,ns48,9,6,2550,51,44017528.076208,2193410.253906,0.666667,0.333333,4009 4022 4023 4028 4032 4033 4045 4048 4054 4055 4065 4066 4068 4075 4076 4077 4078 4087 4094 4104 4106
nsga2,ns48,9,7,2550,51,43989071.976991,2185631.761719,0.777778,0.222222,4009 4022 4023 4028 4032 4033 4045 4048 4054 4055 4065 4066 4068 4075 4076 4077 4078 4079 4087 4094 4104
nsga2,ns48,9,8,2550,51,43964977.560188,2150217.851562,0.888889,0.111111,4015 4022 4023 4032 4033 4038 4039 4044 4046 4054 4055 4059 4061 4065 4066 4067 4076 4077 4085 4087 4094
nsga2,ns48,9,9,2550,51,43947344.003950,2139534.613281,1.000000,0.000000,4015 4022 4023 4032 4033 4038 4039 4044 4046 4048 4054 4055 4056 4059 4065 4066 4067 4076 4077 4087 4094
nsga2,ns48,9,0,2600,52,45379036.017409,2333276.207031,0.000000,1.000000,550 587 625 3931 3968 3970 3983 3985 4020 4022 4044 4046 4075 4077 4094 4104 4114 4124 4128 4139 4154
nsga2,ns48,9,1,2600,52,44396775.358362,2278851.609375,0.111111,0.888889,3981 3983 3985 4009 4011 4013 4015 4028 4032 4034 4046 4051 4066 4075 4077 4087 4094 4104 4106 4114 4124
nsga2,ns48,9,2,2600,52,44225876.357135,2253132.230469,0.222222,0.777778,3985 4009 4011 4013 4015 4028 4032 4034 4046 4048 4051 4054 4060 4066 4075 4077 4087 4094 4104 4106 4109
nsga2,ns48,9,3,2600,52,44145425.545093,2236341.507812,0.333333,0.666667,3985 4009 4011 4013 4015 4031 4032 4034 4054 4055 4060 4065 4066 4068 4075 4076 4077 4094 4104 4106 4108
nsga2,ns48,9,4,2600,52,44085698.508992,2226754.398438,0.444444,0.555556,3985 4009 4011 4015 4028 4032 4034 4045 4050 4054 4055 4065 4066 4068 4075 4076 4077 4087 4094 4104 4106
nsga2,ns48,9,5,2600,52,44043514.221343,2209348.355469,0.555556,0.444444,4009 4015 4022 4028 4032 4033 4045 4048 4054 4055 4065 4066 4068 4071 4075 4076 4077 4087 4094 4104 4106
nsga2,ns48,9,6,2600,52,44017528.076208,2193410.253906,0.666667,0.333333,4009 4022 4023 4028 4032 4033 4045 4048 4054 4055 4065 4066 4068 4075 4076 4077 4078 4087 4094 4104 4106
nsga2,ns48,9,7,2600,52,43989071.976991,2185631.761719,0.777778,0.222222,4009 4022 4023 4028 4032 4033 4045 4048 4054 4055 4065 4066 4068 4075 4076 4077 4078 4079 4087 4094 4104
nsga2,ns48,9,8,2600,52,43964977.560188,2150217.851562,0.888889,0.111111,4015 4022 4023 4032 4033 4038 4039 4044 4046 4054 4055 4059 4061 4065 4066 4067 4076 4077 4085 4087 4094
nsga2,ns48,9,9,2600,52,43947344.003950,2139534.613281,1.000000,0.000000,4015 4022 4023 4032 4033 4038 4039 4044 4046 4048 4054 4055 4056 4059 4065 4066 4067 4076 4077 4087 4094
nsga2,ns48,9,0,2650,53,45379036.017409,2333276.207031,0.000000,1.000000,550 587 625 3931 3968 3970 3983 3985 4020 4022 4044 4046 4075 4077 4094 4104 4114 4124 4128 4139 4154
nsga2,ns48,9,1,2650,53,44396775.358362,2278851.609375,0.111111,0.888889,3981 3983 3985 4009 4011 4013 4015 4028 4032 4034 4046 4051 4066 4075 4077 4087 4094 4104 4106 4114 4124
nsga2,ns48,9,2,2650,53,44225876.357135,2253132.230469,0.222222,0.777778,3985 4009 4011 4013 4015 4028 4032 4034 4046 4048 4051 4054 4060 4066 4075 4077 4087 4094 4104 4106 4109
nsga2,ns48,9,3,2650,53,44138877.986542,2240969.937500,0.333333,0.666667,3983 3985 4009 4011 4013 4015 4032 4034 4048 4054 4055 4065 4066 4068 4075 4076 4077 4087 4094 4104 4106
nsga2,ns48,9,4,2650,53,44085698.508992,2226754.398438,0.444444,0.555556,3985 4009 4011 4015 4028 4032 4034 4045 4050 4054 4055 4065 4066 4068 4075 4076 4077 4087 4094 4104 4106
nsga2,ns48,9,5,2650,53,44043514.221343,2209348.355469,0.555556,0.444444,4009 4015 4022 4028 4032 4033 4045 4048 4054 4055 4065 4066 4068 4071 4075 4076 4077 4087 4094 4104 4106
nsga2,ns48,9,6,2650,53,44017528.076208,2193410.253906,0.666667,0.333333,4009 4022 4023 4028 4032 4033 4045 4048 4054 4055 4065 4066 4068 4075 4076 4077 4078 4087 4094 4104 4106
nsga2,ns48,9,7,2650,53,43966169.058606,2186118.316406,0.777778,0.222222,4009 4022 4032 4033 4035 4036 4045 4048 4054 4055 4065 4066 4068 4075 4076 4077 4079 4086 4087 4094 4104
nsga2,ns48,9,8,2650,53,43966169.058606,2186118.316406,0.888889,0.111111,4009 4022 4032 4033 4035 4036 4045 4048 4054 4055 4065 4066 4068 4075 4076 4077 4079 4086 4087 4094 4104
nsga2,ns48,9,9,2650,53,43947344.003950,2139534.613281,1.000000,0.000000,4015 4022 4023 4032 4033 4038 4039 4044 4046 4048 4054 4055 4056 4059 4065 4066 4067 4076 4077 4087 4094
nsga2,ns48,9,0,2700,54,45379036.017409,2333276.207031,0.000000,1.000000,550 587 625 3931 3968 3970 3983 3985 4020 4022 4044 4046 4075 4077 4094 4104 4114 4124 4128 4139 4154
nsga2,ns48,9,1,2700,54,44346493.268527,2277426.222656,0.111111,0.888889,3981 3983 3985 4009 4011 4013 4015 4028 4032 4034 4046 4051 4055 4066 4075 4077 4087 4094 4104 4114 4124
nsga2,ns48,9,2,2700,54,44220793.409085,2256301.593750,0.222222,0.777778,3983 3985 4009 4011 4013 4015 4028 4032 4034 4046 4051 4054 4055 4063 4066 4075 4077 4087 4094 4104 4106
nsga2,ns48,9,3,2700,54,44138877.986542,2240969.937500,0.333333,0.666667,3983 3985 4009 4011 4013 4015 4032 4034 4048 4054 4055 4065 4066 4068 4075 4076 4077 4087 4094 4104 4106
nsga2,ns48,9,4,2700,54,44075025.177493,2224315.269531,0.444444,0.555556,3985 4009 4011 4015 4028 4032 4033 4034 4045 4054 4055 4065 4066 4068 4075 4076 4077 4087 4094 4104 4106
nsga2,ns48,9,5,2700,54,44043514.221343,2209348.355469,0.555556,0.444444,4009 4015 4022 4028 4032 4033 4045 4048 4054 4055 4065 4066 4068 4071 4075 4076 4077 4087 4094 4104 4106
nsga2,ns48,9,6,2700,54,44015313.824230,2195668.679688,0.666667,0.333333,4009 4022 4032 4033 4035 4036 4045 4048 4054 4065 4066 4068 4075 4076 4077 4079 4082 4086 4087 4094 4104
nsga2,ns48,9,7,2700,54,43966169.058606,2186118.316406,0.777778,0.222222,4009 4022 4032 4033 4035 4036 4045 4048 4054 4055 4065 4066 4068 4075 4076 4077 4079 4086 4087 4094 4104
nsga2,ns48,9,8,2700,54,43966169.058606,2186118.316406,0.888889,0.111111,4009 4022 4032 4033 4035 4036 4045 4048 4054 4055 4065 4066 4068 4075 4076 4077 4079 4086 4087 4094 4104
nsga2,ns48,9,9,2700,54,43947344.003950,2139534.613281,1.000000,0.000000,4015 4022 4023 4032 4033 4038 4039 4044 4046 4048 4054 4055 4056 4059 4065 4066 4067 4076 4077 4087 4094
nsga2,ns48,9,0,2750,55,45379036.017409,2333276.207031,0.000000,1.000000,550 587 625 3931 3968 3970 3983 3985 4020 4022 4044 4046 4075 4077 4094 4104 4114 4124 4128 4139 4154
nsga2,ns48,9,1,2750,55,44385661.099443,2278596.750000,0.111111,0.888889,3965 3981 3983 3985 4009 4011 4015 4028 4032 4034 4046 4051 4055 4066 4075 4077 4087 4094 4104 4114 4124
nsga2,ns48,9,2,2750,55,44220793.409085,2256301.593750,0.222222,0.777778,3983 3985 4009 4011 4013 4015 4028 4032 4034 4046 4051 4054 4055 4063 4066 4075 4077 4087 4094 4104 4106
nsga2,ns48,9,3,2750,55,44138877.986542,2240969.937500,0.333333,0.666667,3983 3985 4009 4011 4013 4015 4032 4034 4048 4054 4055 4065 4066 4068 4075 4076 4077 4087 4094 4104 4106
nsga2,ns48,9,4,2750,55,44075025.177493,2224315.269531,0.444444,0.555556,3985 4009 4011 4015 4028 4032 4033 4034 4045 4054 4055 4065 4066 4068 4075 4076 4077 4087 4094 4104 4106
nsga2,ns48,9,5,2750,55,44043514.221343,2209348.355469,0.555556,0.444444,4009 4015 4022 4028 4032 4033 4045 4048 4054 4055 4065 4066 4068 4071 4075 4076 4077 4087 4094 4104 4106
nsga2,ns48,9,6,2750,55,44015313.824230,2195668.679688,0.666667,0.333333,4009 4022 4032 4033 4035 4036 4045 4048 4054 4065 4066 4068 4075 4076 4077 4079 4082 4086 4087 4094 4104
nsga2,ns48,9,7,2750,55,43966169.058606,2186118.316406,0.777778,0.222222,4009 4022 4032 4033 4035 4036 4045 4048 4054 4055 4065 4066 4068 4075 4076 4077 4079 4086 4087 4094 4104
nsga2,ns48,9,8,2750,55,43966169.058606,2186118.316406,0.888889,0.111111,4009 4022 4032 4033 4035 4036 4045 4048 4054 4055 4065 4066 4068 4075 4076 4077 4079 4086 4087 4094 4104
nsga2,ns48,9,9,2750,55,43947344.003950,2139534.613281,1.000000,0.000000,4015 4022 4023 4032 4033 4038 4039 4044 4046 4048 4054 4055 4056 4059 4065 4066 4067 4076 4077 4087 4094
nsga2,ns48,9,0,2800,56,45379036.017409,2333276.207031,0.000000,1.000000,550 587 625 3931 3968 3970 3983 3985 4020 4022 4044 4046 4075 4077 4094 4104 4114 4124 4128 4139 4154
nsga2,ns48,9,1,2800,56,44385661.099443,2278596.750000,0.111111,0.888889,3965 3981 3983 3985 4009 4011 4015 4028 4032 4034 4046 4051 4055 4066 4075 4077 4087 4094 4104 4114 4124
nsga2,ns48,9,2,2800,56,44220793.409085,2256301.593750,0.222222,0.777778,3983 3985 4009 4011 4013 4015 4028 4032 4034 4046 4051 4054 4055 4063 4066 4075 4077 4087 4094 4104 4106
nsga2,ns48,9,3,2800,56,44138877.986542,2240969.937500,0.333333,0.666667,3983 3985 4009 4011 4013 4015 4032 4034 4048 4054 4055 4065 4066 4068 4075 4076 4077 4087 4094 4104 4106
nsga2,ns48,9,4,2800,56,44075025.177493,2224315.269531,0.444444,0.555556,3985 4009 4011 4015 4028 4032 4033 4034 4045 4054 4055 4065 4066 4068 4075 4076 4077 4087 4094 4104 4106
nsga2,ns48,9,5,2800,56,44043514.221343,2209348.355469,0.555556,0.444444,4009 4015 4022 4028 4032 4033 4045 4048 4054 4055 4065 4066 4068 4071 4075 4076 4077 4087 4094 4104 4106
nsga2,ns48,9,6,2800,56,44015313.824230,2195668.679688,0.666667,0.333333,4009 4022 4032 4033 4035 4036 4045 4048 4054 4065 4066 4068 4075 4076 4077 4079 4082 4086 4087 4094 4104
nsga2,ns48,9,7,2800,56,43966169.058606,2186118.316406,0.777778,0.222222,4009 4022 4032 4033 4035 4036 4045 4048 4054 4055 4065 4066 4068 4075 4076 4077 4079 4086 4087 4094 4104
nsga2,ns48,9,8,2800,56,43966169.058606,2186118.316406,0.888889,0.111111,4009 4022 4032 4033 4035 4036 4045 4048 4054 4055 4065 4066 4068 4075 4076 4077 4079 4086 4087 4094 4104
nsga2,ns48,9,9,2800,56,43947344.003950,2139534.613281,1.000000,0.000000,4015 4022 4023 4032 4033 4038 4039 4044 4046 4048 4054 4055 4056 4059 4065 4066 4067 4076 4077 4087 4094
nsga2,ns48,9,0,2850,57,45379036.017409,2333276.207031,0.000000,1.000000,550 587 625 3931 3968 3970 3983 3985 4020 4022 4044 4046 4075 4077 4094 4104 4114 4124 4128 4139 4154
nsga2,ns48,9,1,2850,57,44385661.099443,2278596.750000,0.111111,0.888889,3965 3981 3983 3985 4009 4011 4015 4028 4032 4034 4046 4051 4055 4066 4075 4077 4087 4094 4104 4114 4124
nsga2,ns48,9,2,2850,57,44220793.409085,2256301.593750,0.222222,0.777778,3983 3985 4009 4011 4013 4015 4028 4032 4034 4046 4051 4054 4055 4063 4066 4075 4077 4087 4094 4104 4106
nsga2,ns48,9,3,2850,57,44138877.986542,2240969.937500,0.333333,0.666667,3983 3985 4009 4011 4013 4015 4032 4034 4048 4054 4055 4065 4066 4068 4075 4076 4077 4087 4094 4104 4106
nsga2,ns48,9,4,2850,57,44075025.177493,2224315.269531,0.444444,0.555556,3985 4009 4011 4015 4028 4032 4033 4034 4045 4054 4055 4065 4066 4068 4075 4076 4077 4087 4094 4104 4106
nsga2,ns48,9,5,2850,57,44043514.221343,2209348.355469,0.555556,0.444444,4009 4015 4022 4028 4032 4033 4045 4048 4054 4055 4065 4066 4068 4071 4075 4076 4077 4087 4094 4104 4106
nsga2,ns48,9,6,2850,57,44015313.824230,2195668.679688,0.666667,0.333333,4009 4022 4032 4033 4035 4036 4045 4048 4054 4065 4066 4068 4075 4076 4077 4079 4082 4086 4087 4094 4104
nsga2,ns48,9,7,2850,57,43966169.058606,2186118.316406,0.777778,0.222222,4009 4022 4032 4033 4035 4036 4045 4048 4054 4055 4065 4066 4068 4075 4076 4077 4079 4086 4087 4094 4104
nsga2,ns48,9,8,2850,57,43966169.058606,2186118.316406,0.888889,0.111111,4009 4022 4032 4033 4035 4036 4045 4048 4054 4055 4065 4066 4068 4075 4076 4077 4079 4086 4087 4094 4104
nsga2,ns48,9,9,2850,57,43947344.003950,2139534.613281,1.000000,0.000000,4015 4022 4023 4032 4033 4038 4039 4044 4046 4048 4054 4055 4056 4059 4065 4066 4067 4076 4077 4087 4094
nsga2,ns48,9,0,2900,58,45379036.017409,2333276.207031,0.000000,1.000000,550 587 625 3931 3968 3970 3983 3985 4020 4022 4044 4046 4075 4077 4094 4104 4114 4124 4128 4139 4154
nsga2,ns48,9,1,2900,58,44385661.099443,2278596.750000,0.111111,0.888889,3965 3981 3983 3985 4009 4011 4015 4028 4032 4034 4046 4051 4055 4066 4075 4077 4087 4094 4104 4114 4124
nsga2,ns48,9,2,2900,58,44220793.409085,2256301.593750,0.222222,0.777778,3983 3985 4009 4011 4013 4015 4028 4032 4034 4046 4051 4054 4055 4063 4066 4075 4077 4087 4094 4104 4106
nsga2,ns48,9,3,2900,58,44138877.986542,2240969.937500,0.333333,0.666667,3983 3985 4009 4011 4013 4015 4032 4034 4048 4054 4055 4065 4066 4068 4075 4076 4077 4087 4094 4104 4106
nsga2,ns48,9,4,2900,58,44075025.177493,2224315.269531,0.444444,0.555556,3985 4009 4011 4015 4028 4032 4033 4034 4045 4054 4055 4065 4066 4068 4075 4076 4077 4087 4094 4104 4106
nsga2,ns48,9,5,2900,58,44043514.221343,2209348.355469,0.555556,0.444444,4009 4015 4022 4028 4032 4033 4045 4048 4054 4055 4065 4066 4068 4071 4075 4076 4077 4087 4094 4104 4106
nsga2,ns48,9,6,2900,58,43997636.818942,2196434.664062,0.666667,0.333333,4007 4009 4022 4032 4033 4035 4036 4045 4054 4055 4065 4066 4068 4075 4076 4077 4079 4086 4087 4094 4104
nsga2,ns48,9,7,2900,58,43979266.851377,2188561.339844,0.777778,0.222222,4009 4022 4032 4033 4035 4036 4045 4048 4054 4055 4062 4065 4066 4068 4075 4076 4077 4079 4086 4094 4104
nsga2,ns48,9,8,2900,58,43966169.058606,2186118.316406,0.888889,0.111111,4009 4022 4032 4033 4035 4036 4045 4048 4054 4055 4065 4066 4068 4075 4076 4077 4079 4086 4087 4094 4104
nsga2,ns48,9,9,2900,58,43947344.003950,2139534.613281,1.000000,0.000000,4015 4022 4023 4032 4033 4038 4039 4044 4046 4048 4054 4055 4056 4059 4065 4066 4067 4076 4077 4087 4094
nsga2,ns48,9,0,2950,59,45379036.017409,2333276.207031,0.000000,1.000000,550 587 625 3931 3968 3970 3983 3985 4020 4022 4044 4046 4075 4077 4094 4104 4114 4124 4128 4139 4154
nsga2,ns48,9,1,2950,59,44385661.099443,2278596.750000,0.111111,0.888889,3965 3981 3983 3985 4009 4011 4015 4028 4032 4034 4046 4051 4055 4066 4075 4077 4087 4094 4104 4114 4124
nsga2,ns48,9,2,2950,59,44220793.409085,2256301.593750,0.222222,0.777778,3983 3985 4009 4011 4013 4015 4028 4032 4034 4046 4051 4054 4055 4063 4066 4075 4077 4087 4094 4104 4106
nsga2,ns48,9,3,2950,59,44138877.986542,2240969.937500,0.333333,0.666667,3983 3985 4009 4011 4013 4015 4032 4034 4048 4054 4055 4065 4066 4068 4075 4076 4077 4087 4094 4104 4106
nsga2,ns48,9,4,2950,59,44075025.177493,2224315.269531,0.444444,0.555556,3985 4009 4011 4015 4028 4032 4033 4034 4045 4054 4055 4065 4066 4068 4075 4076 4077 4087 4094 4104 4106
nsga2,ns48,9,5,2950,59,44043514.221343,2209348.355469,0.555556,0.444444,4009 4015 4022 4028 4032 4033 4045 4048 4054 4055 4065 4066 4068 4071 4075 4076 4077 4087 4094 4104 4106
nsga2,ns48,9,6,2950,59,43997636.818942,2196434.664062,0.666667,0.333333,4007 4009 4022 4032 4033 4035 4036 4045 4054 4055 4065 4066 4068 4075 4076 4077 4079 4086 4087 4094 4104
nsga2,ns48,9,7,2950,59,43979266.851377,2188561.339844,0.777778,0.222222,4009 4022 4032 4033 4035 4036 4045 4048 4054 4055 4062 4065 4066 4068 4075 4076 4077 4079 4086 4094 4104
nsga2,ns48,9,8,2950,59,43963412.022183,2177866.671875,0.888889,0.111111,4022 4026 4032 4033 4035 4045 4048 4050 4054 4055 4065 4066 4068 4075 4076 4077 4079 4086 4087 4094 4104
nsga2,ns48,9,9,2950,59,43945204.325533,2153120.882812,1.000000,0.000000,4022 4023 4026 4032 4033 4035 4036 4045 4048 4049 4054 4055 4065 4066 4068 4075 4076 4077 4086 4094 4104
nsga2,ns48,9,0,3000,60,45379036.017409,2333276.207031,0.000000,1.000000,550 587 625 3931 3968 3970 3983 3985 4020 4022 4044 4046 4075 4077 4094 4104 4114 4124 4128 4139 4154
nsga2,ns48,9,1,3000,60,44346493.268527,2277426.222656,0.111111,0.888889,3981 3983 3985 4009 4011 4013 4015 4028 4032 4034 4046 4051 4055 4066 4075 4077 4087 4094 4104 4114 4124
nsga2,ns48,9,2,3000,60,44205869.284231,2252262.328125,0.222222,0.777778,3983 3985 4009 4011 4013 4015 4028 4032 4034 4051 4054 4055 4066 4071 4075 4076 4077 4087 4094 4104 4106
nsga2,ns48,9,3,3000,60,44118172.395251,2233600.175781,0.333333,0.666667,3985 4009 4011 4013 4015 4028 4032 4034 4041 4045 4054 4055 4065 4066 4068 4075 4077 4087 4094 4104 4106
nsga2,ns48,9,4,3000,60,44060986.238809,2221098.937500,0.444444,0.555556,3985 4009 4011 4015 4032 4033 4034 4045 4048 4054 4055 4065 4066 4068 4075 4076 4077 4087 4094 4104 4106
nsga2,ns48,9,5,3000,60,44023519.379412,2207962.527344,0.555556,0.444444,3985 4009 4011 4015 4032 4033 4034 4045 4048 4054 4055 4065 4066 4068 4075 4076 4077 4086 4087 4094 4104
nsga2,ns48,9,6,3000,60,43997636.818942,2196434.664062,0.666667,0.333333,4007 4009 4022 4032 4033 4035 4036 4045 4054 4055 4065 4066 4068 4075 4076 4077 4079 4086 4087 4094 4104
nsga2,ns48,9,7,3000,60,43966169.058606,2186118.316406,0.777778,0.222222,4009 4022 4032 4033 4035 4036 4045 4048 4054 4055 4065 4066 4068 4075 4076 4077 4079 4086 4087 4094 4104
nsga2,ns48,9,8,3000,60,43952749.537655,2171948.773438,0.888889,0.111111,4022 4026 4032 4033 4035 4036 4045 4048 4054 4055 4065 4066 4068 4075 4076 4077 4079 4086 4087 4094 4104
nsga2,ns48,9,9,3000,60,43932599.629725,2158728.679688,1.000000,0.000000,4022 4023 4026 4032 4033 4035 4036 4045 4048 4054 4055 4057 4065 4066 4068 4075 4076 4077 4086 4094 4104
nsga2,ns48,9,0,3050,61,45379036.017409,2333276.207031,0.000000,1.000000,550 587 625 3931 3968 3970 3983 3985 4020 4022 4044 4046 4075 4077 4094 4104 4114 4124 4128 4139 4154
nsga2,ns48,9,1,3050,61,44346493.268527,2277426.222656,0.111111,0.888889,3981 3983 3985 4009 4011 4013 4015 4028 4032 4034 4046 4051 4055 4066 4075 4077 4087 4094 4104 4114 4124
nsga2,ns48,9,2,3050,61,44205869.284231,2252262.328125,0.222222,0.777778,3983 3985 4009 4011 4013 4015 4028 4032 4034 4051 4054 4055 4066 4071 4075 4076 4077 4087 4094 4104 4106
nsga2,ns48,9,3,3050,61,44133550.220787,2234411.570312,0.333333,0.666667,3983 4009 4011 4013 4015 4028 4032 4034 4048 4050 4054 4055 4066 4068 4075 4076 4077 4087 4094 4104 4106
nsga2,ns48,9,4,3050,61,44060986.238809,2221098.937500,0.444444,0.555556,3985 4009 4011 4015 4032 4033 4034 4045 4048 4054 4055 4065 4066 4068 4075 4076 4077 4087 4094 4104 4106
nsga2,ns48,9,5,3050,61,44023519.379412,2207962.527344,0.555556,0.444444,3985 4009 4011 4015 4032 4033 4034 4045 4048 4054 4055 4065 4066 4068 4075 4076 4077 4086 4087 4094 4104
nsga2,ns48,9,6,3050,61,43995924.947434,2197382.953125,0.666667,0.333333,4007 4009 4022 4032 4033 4035 4036 4038 4045 4054 4055 4065 4066 4068 4075 4076 4077 4078 4079 4094 4104
nsga2,ns48,9,7,3050,61,43966169.058606,2186118.316406,0.777778,0.222222,4009 4022 4032 4033 4035 4036 4045 4048 4054 4055 4065 4066 4068 4075 4076 4077 4079 4086 4087 4094 4104
nsga2,ns48,9,8,3050,61,43952749.537655,2171948.773438,0.888889,0.111111,4022 4026 4032 4033 4035 4036 4045 4048 4054 4055 4065 4066 4068 4075 4076 4077 4079 4086 4087 4094 4104
nsga2,ns48,9,9,3050,61,43932599.629725,2158728.679688,1.000000,0.000000,4022 4023 4026 4032 4033 4035 4036 4045 4048 4054 4055 4057 4065 4066 4068 4075 4076 4077 4086 4094 4104
nsga2,ns48,9,0,3100,62,45379036.017409,2333276.207031,0.000000,1.000000,550 587 625 3931 3968 3970 3983 3985 4020 4022 4044 4046 4075 4077 4094 4104 4114 4124 4128 4139 4154
nsga2,ns48,9,1,3100,62,44369577.734405,2278596.750000,0.111111,0.888889,3981 3983 3985 4009 4013 4015 4028 4032 4034 4046 4051 4055 4066 4073 4075 4077 4087 4094 4104 4114 4124
nsga2,ns48,9,2,3100,62,44205869.284231,2252262.328125,0.222222,0.777778,3983 3985 4009 4011 4013 4015 4028 4032 4034 4051 4054 4055 4066 4071 4075 4076 4077 4087 4094 4104 4106
nsga2,ns48,9,3,3100,62,44110151.738688,2232474.441406,0.333333,0.666667,3985 3989 4009 4011 4013 4015 4032 4034 4048 4054 4055 4065 4066 4068 4075 4076 4077 4087 4094 4104 4106
nsga2,ns48,9,4,3100,62,44060986.238809,2221098.937500,0.444444,0.555556,3985 4009 4011 4015 4032 4033 4034 4045 4048 4054 4055 4065 4066 4068 4075 4076 4077 4087 4094 4104 4106
nsga2,ns48,9,5,3100,62,44023519.379412,2207962.527344,0.555556,0.444444,3985 4009 4011 4015 4032 4033 4034 4045 4048 4054 4055 4065 4066 4068 4075 4076 4077 4086 4087 4094 4104
nsga2,ns48,9,6,3100,62,43979266.851377,2188561.339844,0.666667,0.333333,4009 4022 4032 4033 4035 4036 4045 4048 4054 4055 4062 4065 4066 4068 4075 4076 4077 4079 4086 4094 4104
nsga2,ns48,9,7,3100,62,43963412.022183,2177866.671875,0.777778,0.222222,4022 4026 4032 4033 4035 4045 4048 4050 4054 4055 4065 4066 4068 4075 4076 4077 4079 4086 4087 4094 4104
nsga2,ns48,9,8,3100,62,43932599.629725,2158728.679688,0.888889,0.111111,4022 4023 4026 4032 4033 4035 4036 4045 4048 4054 4055 4057 4065 4066 4068 4075 4076 4077 4086 4094 4104
nsga2,ns48,9,9,3100,62,43920581.477127,2141248.691406,1.000000,0.000000,4022 4023 4024 4026 4032 4033 4035 4036 4045 4048 4054 4055 4057 4065 4066 4068 4075 4076 4077 4086 4094
nsga2,ns48,9,0,3150,63,45373502.871262,2333276.207031,0.000000,1.000000,550 587 625 3931 3968 3970 3983 3985 4020 4022 4044 4046 4075 4077 4094 4104 4114 4124 4139 4141 4154
nsga2,ns48,9,1,3150,63,44369577.734405,2278596.750000,0.111111,0.888889,3981 3983 3985 4009 4013 4015 4028 4032 4034 4046 4051 4055 4066 4073 4075 4077 4087 4094 4104 4114 4124
nsga2,ns48,9,2,3150,63,44205869.284231,2252262.328125,0.222222,0.777778,3983 3985 4009 4011 4013 4015 4028 4032 4034 4051 4054 4055 4066 4071 4075 4076 4077 4087 4094 4104 4106
nsga2,ns48,9,3,3150,63,44110151.738688,2232474.441406,0.333333,0.666667,3985 3989 4009 4011 4013 4015 4032 4034 4048 4054 4055 4065 4066 4068 4075 4076 4077 4087 4094 4104 4106
nsga2,ns48,9,4,3150,63,44060986.238809,2221098.937500,0.444444,0.555556,3985 4009 4011 4015 4032 4033 4034 4045 4048 4054 4055 4065 4066 4068 4075 4076 4077 4087 4094 4104 4106
nsga2,ns48,9,5,3150,63,44023519.379412,2207962.527344,0.555556,0.444444,3985 4009 4011 4015 4032 4033 4034 4045 4048 4054 4055 4065 4066 4068 4075 4076 4077 4086 4087 4094 4104
nsga2,ns48,9,6,3150,63,43989403.424194,2200403.097656,0.666667,0.333333,4007 4009 4022 4032 4033 4035 4036 4045 4054 4055 4057 4065 4066 4068 4075 4076 4077 4079 4087 4094 4104
nsga2,ns48,9,7,3150,63,43963412.022183,2177866.671875,0.777778,0.222222,4022 4026 4032 4033 4035 4045 4048 4050 4054 4055 4065 4066 4068 4075 4076 4077 4079 4086 4087 4094 4104
nsga2,ns48,9,8,3150,63,43932599.629725,2158728.679688,0.888889,0.111111,4022 4023 4026 4032 4033 4035 4036 4045 4048 4054 4055 4057 4065 4066 4068 4075 4076 4077 4086 4094 4104
nsga2,ns48,9,9,3150,63,43920581.477127,2141248.691406,1.000000,0.000000,4022 4023 4024 4026 4032 4033 4035 4036 4045 4048 4054 4055 4057 4065 4066 4068 4075 4076 4077 4086 4094
nsga2,ns48,9,0,3200,64,45373502.871262,2333276.207031,0.000000,1.000000,550 587 625 3931 3968 3970 3983 3985 4020 4022 4044 4046 4075 4077 4094 4104 4114 4124 4139 4141 4154
nsga2,ns48,9,1,3200,64,44346493.268527,2277426.222656,0.111111,0.888889,3981 3983 3985 4009 4011 4013 4015 4028 4032 4034 4046 4051 4055 4066 4075 4077 4087 4094 4104 4114 4124
nsga2,ns48,9,2,3200,64,44205869.284231,2252262.328125,0.222222,0.777778,3983 3985 4009 4011 4013 4015 4028 4032 4034 4051 4054 4055 4066 4071 4075 4076 4077 4087 4094 4104 4106
nsga2,ns48,9,3,3200,64,44110151.738688,2232474.441406,0.333333,0.666667,3985 3989 4009 4011 4013 4015 4032 4034 4048 4054 4055 4065 4066 4068 4075 4076 4077 4087 4094 4104 4106
nsga2,ns48,9,4,3200,64,44060986.238809,2221098.937500,0.444444,0.555556,3985 4009 4011 4015 4032 4033 4034 4045 4048 4054 4055 4065 4066 4068 4075 4076 4077 4087 4094 4104 4106
nsga2,ns48,9,5,3200,64,44023519.379412,2207962.527344,0.555556,0.444444,3985 4009 4011 4015 4032 4033 4034 4045 4048 4054 4055 4065 4066 4068 4075 4076 4077 4086 4087 4094 4104
nsga2,ns48,9,6,3200,64,43989403.424194,2200403.097656,0.666667,0.333333,4007 4009 4022 4032 4033 4035 4036 4045 4054 4055 4057 4065 4066 4068 4075 4076 4077 4079 4087 4094 4104
nsga2,ns48,9,7,3200,64,43955862.609847,2184045.550781,0.777778,0.222222,4009 4022 4032 4033 4035 4045 4048 4054 4055 4056 4065 4066 4068 4075 4076 4077 4079 4086 4087 4094 4104
nsga2,ns48,9,8,3200,64,43932599.629725,2158728.679688,0.888889,0.111111,4022 4023 4026 4032 4033 4035 4036 4045 4048 4054 4055 4057 4065 4066 4068 4075 4076 4077 4086 4094 4104
nsga2,ns48,9,9,3200,64,43920581.477127,2141248.691406,1.000000,0.000000,4022 4023 4024 4026 4032 4033 4035 4036 4045 4048 4054 4055 4057 4065 4066 4068 4075 4076 4077 4086 4094
nsga2,ns48,9,0,3250,65,45373502.871262,2333276.207031,0.000000,1.000000,550 587 625 3931 3968 3970 3983 3985 4020 4022 4044 4046 4075 4077 4094 4104 4114 4124 4139 4141 4154
nsga2,ns48,9,1,3250,65,44346493.268527,2277426.222656,0.111111,0.888889,3981 3983 3985 4009 4011 4013 4015 4028 4032 4034 4046 4051 4055 4066 4075 4077 4087 4094 4104 4114 4124
nsga2,ns48,9,2,3250,65,44187096.659408,2250891.648438,0.222222,0.777778,3983 3985 4009 4011 4013 4015 4028 4032 4034 4046 4051 4055 4065 4066 4068 4075 4077 4087 4094 4104 4106
nsga2,ns48,9,3,3250,65,44110151.738688,2232474.441406,0.333333,0.666667,3985 3989 4009 4011 4013 4015 4032 4034 4048 4054 4055 4065 4066 4068 4075 4076 4077 4087 4094 4104 4106
nsga2,ns48,9,4,3250,65,44060986.238809,2221098.937500,0.444444,0.555556,3985 4009 4011 4015 4032 4033 4034 4045 4048 4054 4055 4065 4066 4068 4075 4076 4077 4087 4094 4104 4106
nsga2,ns48,9,5,3250,65,44023519.379412,2207962.527344,0.555556,0.444444,3985 4009 4011 4015 4032 4033 4034 4045 4048 4054 4055 4065 4066 4068 4075 4076 4077 4086 4087 4094 4104
nsga2,ns48,9,6,3250,65,43989403.424194,2200403.097656,0.666667,0.333333,4007 4009 4022 4032 4033 4035 4036 4045 4054 4055 4057 4065 4066 4068 4075 4076 4077 4079 4087 4094 4104
nsga2,ns48,9,7,3250,65,43955862.609847,2184045.550781,0.777778,0.222222,4009 4022 4032 4033 4035 4045 4048 4054 4055 4056 4065 4066 4068 4075 4076 4077 4079 4086 4087 4094 4104
nsga2,ns48,9,8,3250,65,43932599.629725,2158728.679688,0.888889,0.111111,4022 4023 4026 4032 4033 4035 4036 4045 4048 4054 4055 4057 4065 4066 4068 4075 4076 4077 4086 4094 4104
nsga2,ns48,9,9,3250,65,43920581.477127,2141248.691406,1.000000,0.000000,4022 4023 4024 4026 4032 4033 4035 4036 4045 4048 4054 4055 4057 4065 4066 4068 4075 4076 4077 4086 4094
nsga2,ns48,9,0,3300,66,45373502.871262,2333276.207031,0.000000,1.000000,550 587 625 3931 3968 3970 3983 3985 4020 4022 4044 4046 4075 4077 4094 4104 4114 4124 4139 4141 4154
nsga2,ns48,9,1,3300,66,44346493.268527,2277426.222656,0.111111,0.888889,3981 3983 3985 4009 4011 4013 4015 4028 4032 4034 4046 4051 4055 4066 4075 4077 4087 4094 4104 4114 4124
nsga2,ns48,9,2,3300,66,44207016.156991,2254124.503906,0.222222,0.777778,3983 3985 4009 4011 4013 4015 4028 4031 4032 4034 4046 4051 4055 4066 4068 4075 4077 4087 4094 4104 4106
nsga2,ns48,9,3,3300,66,44110151.738688,2232474.441406,0.333333,0.666667,3985 3989 4009 4011 4013 4015 4032 4034 4048 4054 4055 4065 4066 4068 4075 4076 4077 4087 4094 4104 4106
nsga2,ns48,9,4,3300,66,44060986.238809,2221098.937500,0.444444,0.555556,3985 4009 4011 4015 4032 4033 4034 4045 4048 4054 4055 4065 4066 4068 4075 4076 4077 4087 4094 4104 4106
nsga2,ns48,9,5,3300,66,44023519.379412,2207962.527344,0.555556,0.444444,3985 4009 4011 4015 4032 4033 4034 4045 4048 4054 4055 4065 4066 4068 4075 4076 4077 4086 4087 4094 4104
nsga2,ns48,9,6,3300,66,43989403.424194,2200403.097656,0.666667,0.333333,4007 4009 4022 4032 4033 4035 4036 4045 4054 4055 4057 4065 4066 4068 4075 4076 4077 4079 4087 4094 4104
nsga2,ns48,9,7,3300,66,43955862.609847,2184045.550781,0.777778,0.222222,4009 4022 4032 4033 4035 4045 4048 4054 4055 4056 4065 4066 4068 4075 4076 4077 4079 4086 4087 4094 4104
nsga2,ns48,9,8,3300,66,43932599.629725,2158728.679688,0.888889,0.111111,4022 4023 4026 4032 4033 4035 4036 4045 4048 4054 4055 4057 4065 4066 4068 4075 4076 4077 4086 4094 4104
nsga2,ns48,9,9,3300,66,43920581.477127,2141248.691406,1.000000,0.000000,4022 4023 4024 4026 4032 4033 4035 4036 4045 4048 4054 4055 4057 4065 4066 4068 4075 4076 4077 4086 4094
nsga2,ns48,9,0,3350,67,45373502.871262,2333276.207031,0.000000,1.000000,550 587 625 3931 3968 3970 3983 3985 4020 4022 4044 4046 4075 4077 4094 4104 4114 4124 4139 4141 4154
nsga2,ns48,9,1,3350,67,44346493.268527,2277426.222656,0.111111,0.888889,3981 3983 3985 4009 4011 4013 4015 4028 4032 4034 4046 4051 4055 4066 4075 4077 4087 4094 4104 4114 4124
nsga2,ns48,9,2,3350,67,44207016.156991,2254124.503906,0.222222,0.777778,3983 3985 4009 4011 4013 4015 4028 4031 4032 4034 4046 4051 4055 4066 4068 4075 4077 4087 4094 4104 4106
nsga2,ns48,9,3,3350,67,44110151.738688,2232474.441406,0.333333,0.666667,3985 3989 4009 4011 4013 4015 4032 4034 4048 4054 4055 4065 4066 4068 4075 4076 4077 4087 4094 4104 4106
nsga2,ns48,9,4,3350,67,44060986.238809,2221098.937500,0.444444,0.555556,3985 4009 4011 4015 4032 4033 4034 4045 4048 4054 4055 4065 4066 4068 4075 4076 4077 4087 4094 4104 4106
nsga2,ns48,9,5,3350,67,44021735.863509,2208026.742188,0.555556,0.444444,4007 4009 4022 4032 4033 4036 4041 4045 4048 4054 4055 4057 4065 4066 4068 4075 4077 4079 4087 4094 4104
nsga2,ns48,9,6,3350,67,43989403.424194,2200403.097656,0.666667,0.333333,4007 4009 4022 4032 4033 4035 4036 4045 4054 4055 4057 4065 4066 4068 4075 4076 4077 4079 4087 4094 4104
nsga2,ns48,9,7,3350,67,43955862.609847,2184045.550781,0.777778,0.222222,4009 4022 4032 4033 4035 4045 4048 4054 4055 4056 4065 4066 4068 4075 4076 4077 4079 4086 4087 4094 4104
nsga2,ns48,9,8,3350,67,43932599.629725,2158728.679688,0.888889,0.111111,4022 4023 4026 4032 4033 4035 4036 4045 4048 4054 4055 4057 4065 4066 4068 4075 4076 4077 4086 4094 4104
nsga2,ns48,9,9,3350,67,43920581.477127,2141248.691406,1.000000,0.000000,4022 4023 4024 4026 4032 4033 4035 4036 4045 4048 4054 4055 4057 4065 4066 4068 4075 4076 4077 4086 4094
nsga2,ns48,9,0,3400,68,45373502.871262,2333276.207031,0.000000,1.000000,550 587 625 3931 3968 3970 3983 3985 4020 4022 4044 4046 4075 4077 4094 4104 4114 4124 4139 4141 4154
nsga2,ns48,9,1,3400,68,44346493.268527,2277426.222656,0.111111,0.888889,3981 3983 3985 4009 4011 4013 4015 4028 4032 4034 4046 4051 4055 4066 4075 4077 4087 4094 4104 4114 4124
nsga2,ns48,9,2,3400,68,44187096.659408,2250891.648438,0.222222,0.777778,3983 3985 4009 4011 4013 4015 4028 4032 4034 4046 4051 4055 4065 4066 4068 4075 4077 4087 4094 4104 4106
nsga2,ns48,9,3,3400,68,44110151.738688,2232474.441406,0.333333,0.666667,3985 3989 4009 4011 4013 4015 4032 4034 4048 4054 4055 4065 4066 4068 4075 4076 4077 4087 4094 4104 4106
nsga2,ns48,9,4,3400,68,44060986.238809,2221098.937500,0.444444,0.555556,3985 4009 4011 4015 4032 4033 4034 4045 4048 4054 4055 4065 4066 4068 4075 4076 4077 4087 4094 4104 4106
nsga2,ns48,9,5,3400,68,44001671.035505,2204205.433594,0.555556,0.444444,4007 4009 4022 4032 4033 4035 4036 4038 4054 4055 4057 4065 4066 4068 4075 4076 4077 4079 4087 4094 4104
nsga2,ns48,9,6,3400,68,43988612.987185,2199153.089844,0.666667,0.333333,4007 4009 4022 4025 4032 4033 4036 4045 4048 4054 4055 4057 4065 4066 4068 4075 4076 4077 4079 4094 4104
nsga2,ns48,9,7,3400,68,43955862.609847,2184045.550781,0.777778,0.222222,4009 4022 4032 4033 4035 4045 4048 4054 4055 4056 4065 4066 4068 4075 4076 4077 4079 4086 4087 4094 4104
nsga2,ns48,9,8,3400,68,43932599.629725,2158728.679688,0.888889,0.111111,4022 4023 4026 4032 4033 4035 4036 4045 4048 4054 4055 4057 4065 4066 4068 4075 4076 4077 4086 4094 4104
nsga2,ns48,9,9,3400,68,43916556.402103,2137627.488281,1.000000,0.000000,4022 4023 4026 4032 4033 4035 4036 4045 4048 4054 4055 4057 4059 4065 4066 4068 4075 4076 4077 4086 4094
nsga2,ns48,9,0,3450,69,45373502.871262,2333276.207031,0.000000,1.000000,550 587 625 3931 3968 3970 3983 3985 4020 4022 4044 4046 4075 4077 4094 4104 4114 4124 4139 4141 4154
nsga2,ns48,9,1,3450,69,44346493.268527,2277426.222656,0.111111,0.888889,3981 3983 3985 4009 4011 4013 4015 4028 4032 4034 4046 4051 4055 4066 4075 4077 4087 4094 4104 4114 4124
nsga2,ns48,9,2,3450,69,44187096.659408,2250891.648438,0.222222,0.777778,3983 3985 4009 4011 4013 4015 4028 4032 4034 4046 4051 4055 4065 4066 4068 4075 4077 4087 4094 4104 4106
nsga2,ns48,9,3,3450,69,44110151.738688,2232474.441406,0.333333,0.666667,3985 3989 4009 4011 4013 4015 4032 4034 4048 4054 4055 4065 4066 4068 4075 4076 4077 4087 4094 4104 4106
nsga2,ns48,9,4,3450,69,44060986.238809,2221098.937500,0.444444,0.555556,3985 4009 4011 4015 4032 4033 4034 4045 4048 4054 4055 4065 4066 4068 4075 4076 4077 4087 4094 4104 4106
nsga2,ns48,9,5,3450,69,44001671.035505,2204205.433594,0.555556,0.444444,4007 4009 4022 4032 4033 4035 4036 4038 4054 4055 4057 4065 4066 4068 4075 4076 4077 4079 4087 4094 4104
nsga2,ns48,9,6,3450,69,43988612.987185,2199153.089844,0.666667,0.333333,4007 4009 4022 4025 4032 4033 4036 4045 4048 4054 4055 4057 4065 4066 4068 4075 4076 4077 4079 4094 4104
nsga2,ns48,9,7,3450,69,43955862.609847,2184045.550781,0.777778,0.222222,4009 4022 4032 4033 4035 4045 4048 4054 4055 4056 4065 4066 4068 4075 4076 4077 4079 4086 4087 4094 4104
nsga2,ns48,9,8,3450,69,43932599.629725,2158728.679688,0.888889,0.111111,4022 4023 4026 4032 4033 4035 4036 4045 4048 4054 4055 4057 4065 4066 4068 4075 4076 4077 4086 4094 4104
nsga2,ns48,9,9,3450,69,43916556.402103,2137627.488281,1.000000,0.000000,4022 4023 4026 4032 4033 4035 4036 4045 4048 4054 4055 4057 4059 4065 4066 4068 4075 4076 4077 4086 4094
nsga2,ns48,9,0,3500,70,45373502.871262,2333276.207031,0.000000,1.000000,550 587 625 3931 3968 3970 3983 3985 4020 4022 4044 4046 4075 4077 4094 4104 4114 4124 4139 4141 4154
nsga2,ns48,9,1,3500,70,44346493.268527,2277426.222656,0.111111,0.888889,3981 3983 3985 4009 4011 4013 4015 4028 4032 4034 4046 4051 4055 4066 4075 4077 4087 4094 4104 4114 4124
nsga2,ns48,9,2,3500,70,44187096.659408,2250891.648438,0.222222,0.777778,3983 3985 4009 4011 4013 4015 4028 4032 4034 4046 4051 4055 4065 4066 4068 4075 4077 4087 4094 4104 4106
nsga2,ns48,9,3,3500,70,44110151.738688,2232474.441406,0.333333,0.666667,3985 3989 4009 4011 4013 4015 4032 4034 4048 4054 4055 4065 4066 4068 4075 4076 4077 4087 4094 4104 4106
nsga2,ns48,9,4,3500,70,44060986.238809,2221098.937500,0.444444,0.555556,3985 4009 4011 4015 4032 4033 4034 4045 4048 4054 4055 4065 4066 4068 4075 4076 4077 4087 4094 4104 4106
nsga2,ns48,9,5,3500,70,44001671.035505,2204205.433594,0.555556,0.444444,4007 4009 4022 4032 4033 4035 4036 4038 4054 4055 4057 4065 4066 4068 4075 4076 4077 4079 4087 4094 4104
nsga2,ns48,9,6,3500,70,43988383.859590,2190797.253906,0.666667,0.333333,4007 4009 4021 4022 4025 4032 4033 4036 4045 4048 4054 4055 4057 4065 4066 4068 4075 4076 4077 4094 4104
nsga2,ns48,9,7,3500,70,43955862.609847,2184045.550781,0.777778,0.222222,4009 4022 4032 4033 4035 4045 4048 4054 4055 4056 4065 4066 4068 4075 4076 4077 4079 4086 4087 4094 4104
nsga2,ns48,9,8,3500,70,43932599.629725,2158728.679688,0.888889,0.111111,4022 4023 4026 4032 4033 4035 4036 4045 4048 4054 4055 4057 4065 4066 4068 4075 4076 4077 4086 4094 4104
nsga2,ns48,9,9,3500,70,43916556.402103,2137627.488281,1.000000,0.000000,4022 4023 4026 4032 4033 4035 4036 4045 4048 4054 4055 4057 4059 4065 4066 4068 4075 4076 4077 4086 4094
nsga2,ns48,9,0,3550,71,45373502.871262,2333276.207031,0.000000,1.000000,550 587 625 3931 3968 3970 3983 3985 4020 4022 4044 4046 4075 4077 4094 4104 4114 4124 4139 4141 4154
nsga2,ns48,9,1,3550,71,44346493.268527,2277426.222656,0.111111,0.888889,3981 3983 3985 4009 4011 4013 4015 4028 4032 4034 4046 4051 4055 4066 4075 4077 4087 4094 4104 4114 4124
nsga2,ns48,9,2,3550,71,44202622.789584,2253536.820312,0.222222,0.777778,3989 4007 4009 4011 4013 4015 4032 4034 4046 4048 4051 4054 4055 4066 4075 4077 4087 4094 4104 4114 4124
nsga2,ns48,9,3,3550,71,44097134.801212,2232474.441406,0.333333,0.666667,3989 4007 4009 4011 4013 4015 4032 4034 4048 4054 4055 4065 4066 4068 4075 4076 4077 4087 4094 4104 4106
nsga2,ns48,9,4,3550,71,44060986.238809,2221098.937500,0.444444,0.555556,3985 4009 4011 4015 4032 4033 4034 4045 4048 4054 4055 4065 4066 4068 4075 4076 4077 4087 4094 4104 4106
nsga2,ns48,9,5,3550,71,44001671.035505,2204205.433594,0.555556,0.444444,4007 4009 4022 4032 4033 4035 4036 4038 4054 4055 4057 4065 4066 4068 4075 4076 4077 4079 4087 4094 4104
nsga2,ns48,9,6,3550,71,43988383.859590,2190797.253906,0.666667,0.333333,4007 4009 4021 4022 4025 4032 4033 4036 4045 4048 4054 4055 4057 4065 4066 4068 4075 4076 4077 4094 4104
nsga2,ns48,9,7,3550,71,43955862.609847,2184045.550781,0.777778,0.222222,4009 4022 4032 4033 4035 4045 4048 4054 4055 4056 4065 4066 4068 4075 4076 4077 4079 4086 4087 4094 4104
nsga2,ns48,9,8,3550,71,43932599.629725,2158728.679688,0.888889,0.111111,4022 4023 4026 4032 4033 4035 4036 4045 4048 4054 4055 4057 4065 4066 4068 4075 4076 4077 4086 4094 4104
nsga2,ns48,9,9,3550,71,43916556.402103,2137627.488281,1.000000,0.000000,4022 4023 4026 4032 4033 4035 4036 4045 4048 4054 4055 4057 4059 4065 4066 4068 4075 4076 4077 4086 4094
nsga2,ns48,9,0,3600,72,45373502.871262,2333276.207031,0.000000,1.000000,550 587 625 3931 3968 3970 3983 3985 4020 4022 4044 4046 4075 4077 4094 4104 4114 4124 4139 4141 4154
nsga2,ns48,9,1,3600,72,44346493.268527,2277426.222656,0.111111,0.888889,3981 3983 3985 4009 4011 4013 4015 4028 4032 4034 4046 4051 4055 4066 4075 4077 4087 4094 4104 4114 4124
nsga2,ns48,9,2,3600,72,44202622.789584,2253536.820312,0.222222,0.777778,3989 4007 4009 4011 4013 4015 4032 4034 4046 4048 4051 4054 4055 4066 4075 4077 4087 4094 4104 4114 4124
nsga2,ns48,9,3,3600,72,44097134.801212,2232474.441406,0.333333,0.666667,3989 4007 4009 4011 4013 4015 4032 4034 4048 4054 4055 4065 4066 4068 4075 4076 4077 4087 4094 4104 4106
nsga2,ns48,9,4,3600,72,44060986.238809,2221098.937500,0.444444,0.555556,3985 4009 4011 4015 4032 4033 4034 4045 4048 4054 4055 4065 4066 4068 4075 4076 4077 4087 4094 4104 4106
nsga2,ns48,9,5,3600,72,44001671.035505,2204205.433594,0.555556,0.444444,4007 4009 4022 4032 4033 4035 4036 4038 4054 4055 4057 4065 4066 4068 4075 4076 4077 4079 4087 4094 4104
nsga2,ns48,9,6,3600,72,43986241.123666,2190619.207031,0.666667,0.333333,4009 4022 4031 4032 4033 4035 4045 4048 4052 4054 4055 4065 4066 4068 4075 4076 4077 4086 4087 4094 4104
nsga2,ns48,9,7,3600,72,43955862.609847,2184045.550781,0.777778,0.222222,4009 4022 4032 4033 4035 4045 4048 4054 4055 4056 4065 4066 4068 4075 4076 4077 4079 4086 4087 4094 4104
nsga2,ns48,9,8,3600,72,43932599.629725,2158728.679688,0.888889,0.111111,4022 4023 4026 4032 4033 4035 4036 4045 4048 4054 4055 4057 4065 4066 4068 4075 4076 4077 4086 4094 4104
nsga2,ns48,9,9,3600,72,43916556.402103,2137627.488281,1.000000,0.000000,4022 4023 4026 4032 4033 4035 4036 4045 4048 4054 4055 4057 4059 4065 4066 4068 4075 4076 4077 4086 4094
nsga2,ns48,9,0,3650,73,45373502.871262,2333276.207031,0.000000,1.000000,550 587 625 3931 3968 3970 3983 3985 4020 4022 4044 4046 4075 4077 4094 4104 4114 4124 4139 4141 4154
nsga2,ns48,9,1,3650,73,44346493.268527,2277426.222656,0.111111,0.888889,3981 3983 3985 4009 4011 4013 4015 4028 4032 4034 4046 4051 4055 4066 4075 4077 4087 4094 4104 4114 4124
nsga2,ns48,9,2,3650,73,44187096.659408,2250891.648438,0.222222,0.777778,3983 3985 4009 4011 4013 4015 4028 4032 4034 4046 4051 4055 4065 4066 4068 4075 4077 4087 4094 4104 4106
nsga2,ns48,9,3,3650,73,44097134.801212,2232474.441406,0.333333,0.666667,3989 4007 4009 4011 4013 4015 4032 4034 4048 4054 4055 4065 4066 4068 4075 4076 4077 4087 4094 4104 4106
nsga2,ns48,9,4,3650,73,44042090.181678,2215290.164062,0.444444,0.555556,4007 4009 4022 4032 4033 4035 4036 4045 4054 4055 4057 4066 4068 4075 4076 4077 4079 4087 4094 4104 4106
nsga2,ns48,9,5,3650,73,44001671.035505,2204205.433594,0.555556,0.444444,4007 4009 4022 4032 4033 4035 4036 4038 4054 4055 4057 4065 4066 4068 4075 4076 4077 4079 4087 4094 4104
nsga2,ns48,9,6,3650,73,43967773.050118,2186551.933594,0.666667,0.333333,4009 4022 4032 4033 4035 4045 4048 4054 4055 4056 4062 4065 4066 4068 4075 4076 4077 4086 4087 4094 4104
nsga2,ns48,9,7,3650,73,43948788.949865,2178264.925781,0.777778,0.222222,4009 4032 4033 4035 4036 4045 4048 4054 4055 4056 4065 4066 4068 4075 4076 4077 4079 4086 4087 4094 4104
nsga2,ns48,9,8,3650,73,43926494.385239,2158833.437500,0.888889,0.111111,4022 4026 4032 4033 4035 4036 4045 4048 4054 4055 4056 4057 4065 4066 4068 4075 4076 4077 4079 4086 4104
nsga2,ns48,9,9,3650,73,43907148.698896,2131698.664062,1.000000,0.000000,4022 4023 4026 4033 4035 4036 4044 4045 4048 4054 4055 4057 4059 4065 4066 4068 4075 4076 4077 4086 4094
nsga2,ns48,9,0,3700,74,45371268.717879,2333276.207031,0.000000,1.000000,550 587 625 3931 3968 3970 3985 3994 4020 4022 4044 4046 4075 4077 4094 4104 4114 4124 4139 4141 4154
nsga2,ns48,9,1,3700,74,44346493.268527,2277426.222656,0.111111,0.888889,3981 3983 3985 4009 4011 4013 4015 4028 4032 4034 4046 4051 4055 4066 4075 4077 4087 4094 4104 4114 4124
nsga2,ns48,9,2,3700,74,44187096.659408,2250891.648438,0.222222,0.777778,3983 3985 4009 4011 4013 4015 4028 4032 4034 4046 4051 4055 4065 4066 4068 4075 4077 4087 4094 4104 4106
nsga2,ns48,9,3,3700,74,44097134.801212,2232474.441406,0.333333,0.666667,3989 4007 4009 4011 4013 4015 4032 4034 4048 4054 4055 4065 4066 4068 4075 4076 4077 4087 4094 4104 4106
nsga2,ns48,9,4,3700,74,44042090.181678,2215290.164062,0.444444,0.555556,4007 4009 4022 4032 4033 4035 4036 4045 4054 4055 4057 4066 4068 4075 4076 4077 4079 4087 4094 4104 4106
nsga2,ns48,9,5,3700,74,44001671.035505,2204205.433594,0.555556,0.444444,4007 4009 4022 4032 4033 4035 4036 4038 4054 4055 4057 4065 4066 4068 4075 4076 4077 4079 4087 4094 4104
nsga2,ns48,9,6,3700,74,43967773.050118,2186551.933594,0.666667,0.333333,4009 4022 4032 4033 4035 4045 4048 4054 4055 4056 4062 4065 4066 4068 4075 4076 4077 4086 4087 4094 4104
nsga2,ns48,9,7,3700,74,43942551.187669,2164871.328125,0.777778,0.222222,4022 4026 4032 4033 4035 4036 4045 4048 4054 4055 4056 4065 4066 4068 4075 4076 4077 4079 4086 4087 4104
nsga2,ns48,9,8,3700,74,43920581.477127,2141248.691406,0.888889,0.111111,4022 4023 4024 4026 4032 4033 4035 4036 4045 4048 4054 4055 4057 4065 4066 4068 4075 4076 4077 4086 4094
nsga2,ns48,9,9,3700,74,43907148.698896,2131698.664062,1.000000,0.000000,4022 4023 4026 4033 4035 4036 4044 4045 4048 4054 4055 4057 4059 4065 4066 4068 4075 4076 4077 4086 4094
nsga2,ns48,9,0,3750,75,45371268.717879,2333276.207031,0.000000,1.000000,550 587 625 3931 3968 3970 3985 3994 4020 4022 4044 4046 4075 4077 4094 4104 4114 4124 4139 4141 4154
nsga2,ns48,9,1,3750,75,44346493.268527,2277426.222656,0.111111,0.888889,3981 3983 3985 4009 4011 4013 4015 4028 4032 4034 4046 4051 4055 4066 4075 4077 4087 4094 4104 4114 4124
nsga2,ns48,9,2,3750,75,44187096.659408,2250891.648438,0.222222,0.777778,3983 3985 4009 4011 4013 4015 4028 4032 4034 4046 4051 4055 4065 4066 4068 4075 4077 4087 4094 4104 4106
nsga2,ns48,9,3,3750,75,44097134.801212,2232474.441406,0.333333,0.666667,3989 4007 4009 4011 4013 4015 4032 4034 4048 4054 4055 4065 4066 4068 4075 4076 4077 4087 4094 4104 4106
nsga2,ns48,9,4,3750,75,44042090.181678,2215290.164062,0.444444,0.555556,4007 4009 4022 4032 4033 4035 4036 4045 4054 4055 4057 4066 4068 4075 4076 4077 4079 4087 4094 4104 4106
nsga2,ns48,9,5,3750,75,44001671.035505,2204205.433594,0.555556,0.444444,4007 4009 4022 4032 4033 4035 4036 4038 4054 4055 4057 4065 4066 4068 4075 4076 4077 4079 4087 4094 4104
nsga2,ns48,9,6,3750,75,43967773.050118,2186551.933594,0.666667,0.333333,4009 4022 4032 4033 4035 4045 4048 4054 4055 4056 4062 4065 4066 4068 4075 4076 4077 4086 4087 4094 4104
nsga2,ns48,9,7,3750,75,43942551.187669,2164871.328125,0.777778,0.222222,4022 4026 4032 4033 4035 4036 4045 4048 4054 4055 4056 4065 4066 4068 4075 4076 4077 4079 4086 4087 4104
nsga2,ns48,9,8,3750,75,43920581.477127,2141248.691406,0.888889,0.111111,4022 4023 4024 4026 4032 4033 4035 4036 4045 4048 4054 4055 4057 4065 4066 4068 4075 4076 4077 4086 4094
nsga2,ns48,9,9,3750,75,43906995.489180,2127859.589844,1.000000,0.000000,4022 4023 4026 4033 4035 4036 4044 4048 4054 4055 4057 4059 4065 4066 4067 4068 4075 4076 4077 4086 4094
nsga2,ns48,9,0,3800,76,45371268.717879,2333276.207031,0.000000,1.000000,550 587 625 3931 3968 3970 3985 3994 4020 4022 4044 4046 4075 4077 4094 4104 4114 4124 4139 4141 4154
nsga2,ns48,9,1,3800,76,44346493.268527,2277426.222656,0.111111,0.888889,3981 3983 3985 4009 4011 4013 4015 4028 4032 4034 4046 4051 4055 4066 4075 4077 4087 4094 4104 4114 4124
nsga2,ns48,9,2,3800,76,44187096.659408,2250891.648438,0.222222,0.777778,3983 3985 4009 4011 4013 4015 4028 4032 4034 4046 4051 4055 4065 4066 4068 4075 4077 4087 4094 4104 4106
nsga2,ns48,9,3,3800,76,44097134.801212,2232474.441406,0.333333,0.666667,3989 4007 4009 4011 4013 4015 4032 4034 4048 4054 4055 4065 4066 4068 4075 4076 4077 4087 4094 4104 4106
nsga2,ns48,9,4,3800,76,44042090.181678,2215290.164062,0.444444,0.555556,4007 4009 4022 4032 4033 4035 4036 4045 4054 4055 4057 4066 4068 4075 4076 4077 4079 4087 4094 4104 4106
nsga2,ns48,9,5,3800,76,44001671.035505,2204205.433594,0.555556,0.444444,4007 4009 4022 4032 4033 4035 4036 4038 4054 4055 4057 4065 4066 4068 4075 4076 4077 4079 4087 4094 4104
nsga2,ns48,9,6,3800,76,43967773.050118,2186551.933594,0.666667,0.333333,4009 4022 4032 4033 4035 4045 4048 4054 4055 4056 4062 4065 4066 4068 4075 4076 4077 4086 4087 4094 4104
nsga2,ns48,9,7,3800,76,43942551.187669,2164871.328125,0.777778,0.222222,4022 4026 4032 4033 4035 4036 4045 4048 4054 4055 4056 4065 4066 4068 4075 4076 4077 4079 4086 4087 4104
nsga2,ns48,9,8,3800,76,43920581.477127,2141248.691406,0.888889,0.111111,4022 4023 4024 4026 4032 4033 4035 4036 4045 4048 4054 4055 4057 4065 4066 4068 4075 4076 4077 4086 4094
nsga2,ns48,9,9,3800,76,43906995.489180,2127859.589844,1.000000,0.000000,4022 4023 4026 4033 4035 4036 4044 4048 4054 4055 4057 4059 4065 4066 4067 4068 4075 4076 4077 4086 4094
nsga2,ns48,9,0,3850,77,45371268.717879,2333276.207031,0.000000,1.000000,550 587 625 3931 3968 3970 3985 3994 4020 4022 4044 4046 4075 4077 4094 4104 4114 4124 4139 4141 4154
nsga2,ns48,9,1,3850,77,44332535.491514,2277426.222656,0.111111,0.888889,3981 3983 3985 4009 4011 4013 4015 4028 4032 4034 4046 4051 4055 4066 4075 4077 4087 4094 4104 4106 4123
nsga2,ns48,9,2,3850,77,44187096.659408,2250891.648438,0.222222,0.777778,3983 3985 4009 4011 4013 4015 4028 4032 4034 4046 4051 4055 4065 4066 4068 4075 4077 4087 4094 4104 4106
nsga2,ns48,9,3,3850,77,44106094.878430,2234744.679688,0.333333,0.666667,3989 4007 4009 4011 4013 4015 4032 4034 4046 4048 4054 4055 4065 4066 4068 4076 4077 4087 4094 4104 4106
nsga2,ns48,9,4,3850,77,44042090.181678,2215290.164062,0.444444,0.555556,4007 4009 4022 4032 4033 4035 4036 4045 4054 4055 4057 4066 4068 4075 4076 4077 4079 4087 4094 4104 4106
nsga2,ns48,9,5,3850,77,44001671.035505,2204205.433594,0.555556,0.444444,4007 4009 4022 4032 4033 4035 4036 4038 4054 4055 4057 4065 4066 4068 4075 4076 4077 4079 4087 4094 4104
nsga2,ns48,9,6,3850,77,43967773.050118,2186551.933594,0.666667,0.333333,4009 4022 4032 4033 4035 4045 4048 4054 4055 4056 4062 4065 4066 4068 4075 4076 4077 4086 4087 4094 4104
nsga2,ns48,9,7,3850,77,43942551.187669,2164871.328125,0.777778,0.222222,4022 4026 4032 4033 4035 4036 4045 4048 4054 4055 4056 4065 4066 4068 4075 4076 4077 4079 4086 4087 4104
nsga2,ns48,9,8,3850,77,43921576.090335,2145986.281250,0.888889,0.111111,4013 4022 4026 4032 4033 4035 4036 4045 4048 4054 4055 4056 4057 4065 4066 4068 4075 4076 4077 4079 4086
nsga2,ns48,9,9,3850,77,43906438.394104,2136292.042969,1.000000,0.000000,4022 4023 4033 4035 4036 4044 4045 4048 4054 4055 4057 4059 4060 4065 4066 4068 4075 4076 4077 4086 4094
nsga2,ns48,9,0,3900,78,45371268.717879,2333276.207031,0.000000,1.000000,550 587 625 3931 3968 3970 3985 3994 4020 4022 4044 4046 4075 4077 4094 4104 4114 4124 4139 4141 4154
nsga2,ns48,9,1,3900,78,44332535.491514,2277426.222656,0.111111,0.888889,3981 3983 3985 4009 4011 4013 4015 4028 4032 4034 4046 4051 4055 4066 4075 4077 4087 4094 4104 4106 4123
nsga2,ns48,9,2,3900,78,44187096.659408,2250891.648438,0.222222,0.777778,3983 3985 4009 4011 4013 4015 4028 4032 4034 4046 4051 4055 4065 4066 4068 4075 4077 4087 4094 4104 4106
nsga2,ns48,9,3,3900,78,44106094.878430,2234744.679688,0.333333,0.666667,3989 4007 4009 4011 4013 4015 4032 4034 4046 4048 4054 4055 4065 4066 4068 4076 4077 4087 4094 4104 4106
nsga2,ns48,9,4,3900,78,44046860.428969,2215804.425781,0.444444,0.555556,3989 4007 4009 4011 4013 4032 4034 4048 4054 4055 4057 4065 4066 4068 4075 4076 4077 4079 4087 4094 4104
nsga2,ns48,9,5,3900,78,44001671.035505,2204205.433594,0.555556,0.444444,4007 4009 4022 4032 4033 4035 4036 4038 4054 4055 4057 4065 4066 4068 4075 4076 4077 4079 4087 4094 4104
nsga2,ns48,9,6,3900,78,43967773.050118,2186551.933594,0.666667,0.333333,4009 4022 4032 4033 4035 4045 4048 4054 4055 4056 4062 4065 4066 4068 4075 4076 4077 4086 4087 4094 4104
nsga2,ns48,9,7,3900,78,43935082.182161,2166379.144531,0.777778,0.222222,4022 4026 4032 4033 4035 4045 4048 4054 4055 4056 4057 4065 4066 4068 4075 4076 4077 4079 4086 4087 4104
nsga2,ns48,9,8,3900,78,43921576.090335,2145986.281250,0.888889,0.111111,4013 4022 4026 4032 4033 4035 4036 4045 4048 4054 4055 4056 4057 4065 4066 4068 4075 4076 4077 4079 4086
nsga2,ns48,9,9,3900,78,43906438.394104,2136292.042969,1.000000,0.000000,4022 4023 4033 4035 4036 4044 4045 4048 4054 4055 4057 4059 4060 4065 4066 4068 4075 4076 4077 4086 4094
nsga2,ns48,9,0,3950,79,45371268.717879,2333276.207031,0.000000,1.000000,550 587 625 3931 3968 3970 3985 3994 4020 4022 4044 4046 4075 4077 4094 4104 4114 4124 4139 4141 4154
nsga2,ns48,9,1,3950,79,44332535.491514,2277426.222656,0.111111,0.888889,3981 3983 3985 4009 4011 4013 4015 4028 4032 4034 4046 4051 4055 4066 4075 4077 4087 4094 4104 4106 4123
nsga2,ns48,9,2,3950,79,44187096.659408,2250891.648438,0.222222,0.777778,3983 3985 4009 4011 4013 4015 4028 4032 4034 4046 4051 4055 4065 4066 4068 4075 4077 4087 4094 4104 4106
nsga2,ns48,9,3,3950,79,44106094.878430,2234744.679688,0.333333,0.666667,3989 4007 4009 4011 4013 4015 4032 4034 4046 4048 4054 4055 4065 4066 4068 4076 4077 4087 4094 4104 4106
nsga2,ns48,9,4,3950,79,44046860.428969,2215804.425781,0.444444,0.555556,3989 4007 4009 4011 4013 4032 4034 4048 4054 4055 4057 4065 4066 4068 4075 4076 4077 4079 4087 4094 4104
nsga2,ns48,9,5,3950,79,44001671.035505,2204205.433594,0.555556,0.444444,4007 4009 4022 4032 4033 4035 4036 4038 4054 4055 4057 4065 4066 4068 4075 4076 4077 4079 4087 4094 4104
nsga2,ns48,9,6,3950,79,43968717.352878,2189546.824219,0.666667,0.333333,4009 4022 4027 4032 4033 4035 4045 4048 4054 4055 4057 4065 4066 4068 4075 4076 4077 4079 4087 4094 4104
nsga2,ns48,9,7,3950,79,43947629.215099,2184110.328125,0.777778,0.222222,4009 4022 4032 4033 4035 4045 4048 4054 4055 4056 4057 4065 4066 4068 4075 4076 4077 4079 4087 4094 4104
nsga2,ns48,9,8,3950,79,43911469.669709,2149107.539062,0.888889,0.111111,4021 4026 4032 4033 4035 4036 4045 4048 4054 4055 4056 4057 4065 4066 4068 4075 4076 4077 4079 4086 4094
nsga2,ns48,9,9,3950,79,43906438.394104,2136292.042969,1.000000,0.000000,4022 4023 4033 4035 4036 4044 4045 4048 4054 4055 4057 4059 4060 4065 4066 4068 4075 4076 4077 4086 4094
nsga2,ns48,9,0,4000,80,45371268.717879,2333276.207031,0.000000,1.000000,550 587 625 3931 3968 3970 3985 3994 4020 4022 4044 4046 4075 4077 4094 4104 4114 4124 4139 4141 4154
nsga2,ns48,9,1,4000,80,44332535.491514,2277426.222656,0.111111,0.888889,3981 3983 3985 4009 4011 4013 4015 4028 4032 4034 4046 4051 4055 4066 4075 4077 4087 4094 4104 4106 4123
nsga2,ns48,9,2,4000,80,44187096.659408,2250891.648438,0.222222,0.777778,3983 3985 4009 4011 4013 4015 4028 4032 4034 4046 4051 4055 4065 4066 4068 4075 4077 4087 4094 4104 4106
nsga2,ns48,9,3,4000,80,44106094.878430,2234744.679688,0.333333,0.666667,3989 4007 4009 4011 4013 4015 4032 4034 4046 4048 4054 4055 4065 4066 4068 4076 4077 4087 4094 4104 4106
nsga2,ns48,9,4,4000,80,44046860.428969,2215804.425781,0.444444,0.555556,3989 4007 4009 4011 4013 4032 4034 4048 4054 4055 4057 4065 4066 4068 4075 4076 4077 4079 4087 4094 4104
nsga2,ns48,9,5,4000,80,44001671.035505,2204205.433594,0.555556,0.444444,4007 4009 4022 4032 4033 4035 4036 4038 4054 4055 4057 4065 4066 4068 4075 4076 4077 4079 4087 4094 4104
nsga2,ns48,9,6,4000,80,43968717.352878,2189546.824219,0.666667,0.333333,4009 4022 4027 4032 4033 4035 4045 4048 4054 4055 4057 4065 4066 4068 4075 4076 4077 4079 4087 4094 4104
nsga2,ns48,9,7,4000,80,43947629.215099,2184110.328125,0.777778,0.222222,4009 4022 4032 4033 4035 4045 4048 4054 4055 4056 4057 4065 4066 4068 4075 4076 4077 4079 4087 4094 4104
nsga2,ns48,9,8,4000,80,43911469.669709,2149107.539062,0.888889,0.111111,4021 4026 4032 4033 4035 4036 4045 4048 4054 4055 4056 4057 4065 4066 4068 4075 4076 4077 4079 4086 4094
nsga2,ns48,9,9,4000,80,43906438.394104,2136292.042969,1.000000,0.000000,4022 4023 4033 4035 4036 4044 4045 4048 4054 4055 4057 4059 4060 4065 4066 4068 4075 4076 4077 4086 4094
nsga2,ns48,9,0,4050,81,45371268.717879,2333276.207031,0.000000,1.000000,550 587 625 3931 3968 3970 3985 3994 4020 4022 4044 4046 4075 4077 4094 4104 4114 4124 4139 4141 4154
nsga2,ns48,9,1,4050,81,44353336.478670,2277692.328125,0.111111,0.888889,3981 3983 3985 3987 4009 4011 4013 4015 4032 4034 4046 4051 4055 4066 4075 4077 4087 4094 4104 4106 4123
nsga2,ns48,9,2,4050,81,44187096.659408,2250891.648438,0.222222,0.777778,3983 3985 4009 4011 4013 4015 4028 4032 4034 4046 4051 4055 4065 4066 4068 4075 4077 4087 4094 4104 4106
nsga2,ns48,9,3,4050,81,44106094.878430,2234744.679688,0.333333,0.666667,3989 4007 4009 4011 4013 4015 4032 4034 4046 4048 4054 4055 4065 4066 4068 4076 4077 4087 4094 4104 4106
nsga2,ns48,9,4,4050,81,44042898.597248,2214413.812500,0.444444,0.555556,3996 4009 4011 4015 4028 4032 4033 4034 4045 4054 4055 4065 4066 4068 4075 4076 4077 4079 4087 4094 4104
nsga2,ns48,9,5,4050,81,44001671.035505,2204205.433594,0.555556,0.444444,4007 4009 4022 4032 4033 4035 4036 4038 4054 4055 4057 4065 4066 4068 4075 4076 4077 4079 4087 4094 4104
nsga2,ns48,9,6,4050,81,43968717.352878,2189546.824219,0.666667,0.333333,4009 4022 4027 4032 4033 4035 4045 4048 4054 4055 4057 4065 4066 4068 4075 4076 4077 4079 4087 4094 4104
nsga2,ns48,9,7,4050,81,43947629.215099,2184110.328125,0.777778,0.222222,4009 4022 4032 4033 4035 4045 4048 4054 4055 4056 4057 4065 4066 4068 4075 4076 4077 4079 4087 4094 4104
nsga2,ns48,9,8,4050,81,43911469.669709,2149107.539062,0.888889,0.111111,4021 4026 4032 4033 4035 4036 4045 4048 4054 4055 4056 4057 4065 4066 4068 4075 4076 4077 4079 4086 4094
nsga2,ns48,9,9,4050,81,43903621.525318,2137887.718750,1.000000,0.000000,4022 4026 4032 4033 4035 4036 4045 4046 4048 4054 4055 4056 4057 4065 4066 4068 4075 4076 4077 4079 4086
nsga2,ns48,9,0,4100,82,45371268.717879,2333276.207031,0.000000,1.000000,550 587 625 3931 3968 3970 3985 3994 4020 4022 4044 4046 4075 4077 4094 4104 4114 4124 4139 4141 4154
nsga2,ns48,9,1,4100,82,44358609.642013,2277692.328125,0.111111,0.888889,3981 3983 3985 4009 4011 4013 4015 4032 4034 4046 4051 4055 4066 4075 4077 4087 4089 4094 4104 4114 4124
nsga2,ns48,9,2,4100,82,44187096.659408,2250891.648438,0.222222,0.777778,3983 3985 4009 4011 4013 4015 4028 4032 4034 4046 4051 4055 4065 4066 4068 4075 4077 4087 4094 4104 4106
nsga2,ns48,9,3,4100,82,44106094.878430,2234744.679688,0.333333,0.666667,3989 4007 4009 4011 4013 4015 4032 4034 4046 4048 4054 4055 4065 4066 4068 4076 4077 4087 4094 4104 4106
nsga2,ns48,9,4,4100,82,44049315.183055,2216485.558594,0.444444,0.555556,4007 4009 4022 4025 4032 4033 4036 4045 4054 4055 4057 4066 4068 4075 4076 4077 4079 4087 4094 4104 4106
nsga2,ns48,9,5,4100,82,44001671.035505,2204205.433594,0.555556,0.444444,4007 4009 4022 4032 4033 4035 4036 4038 4054 4055 4057 4065 4066 4068 4075 4076 4077 4079 4087 4094 4104
nsga2,ns48,9,6,4100,82,43968717.352878,2189546.824219,0.666667,0.333333,4009 4022 4027 4032 4033 4035 4045 4048 4054 4055 4057 4065 4066 4068 4075 4076 4077 4079 4087 4094 4104
nsga2,ns48,9,7,4100,82,43936984.334992,2171480.652344,0.777778,0.222222,4009 4032 4033 4035 4045 4048 4054 4055 4056 4057 4058 4065 4066 4068 4075 4076 4077 4079 4087 4094 4104
nsga2,ns48,9,8,4100,82,43911469.669709,2149107.539062,0.888889,0.111111,4021 4026 4032 4033 4035 4036 4045 4048 4054 4055 4056 4057 4065 4066 4068 4075 4076 4077 4079 4086 4094
nsga2,ns48,9,9,4100,82,43903621.525318,2137887.718750,1.000000,0.000000,4022 4026 4032 4033 4035 4036 4045 4046 4048 4054 4055 4056 4057 4065 4066 4068 4075 4076 4077 4079 4086
nsga2,ns48,9,0,4150,83,45371268.717879,2333276.207031,0.000000,1.000000,550 587 625 3931 3968 3970 3985 3994 4020 4022 4044 4046 4075 4077 4094 4104 4114 4124 4139 4141 4154
nsga2,ns48,9,1,4150,83,44346493.268527,2277426.222656,0.111111,0.888889,3981 3983 3985 4009 4011 4013 4015 4028 4032 4034 4046 4051 4055 4066 4075 4077 4087 4094 4104 4114 4124
nsga2,ns48,9,2,4150,83,44187096.659408,2250891.648438,0.222222,0.777778,3983 3985 4009 4011 4013 4015 4028 4032 4034 4046 4051 4055 4065 4066 4068 4075 4077 4087 4094 4104 4106
nsga2,ns48,9,3,4150,83,44102943.939811,2231910.882812,0.333333,0.666667,3989 4007 4009 4011 4013 4015 4032 4034 4046 4048 4054 4055 4065 4068 4075 4076 4077 4087 4094 4104 4106
nsga2,ns48,9,4,4150,83,44031968.003537,2212565.234375,0.444444,0.555556,3985 4009 4011 4015 4032 4033 4034 4048 4054 4055 4057 4065 4066 4068 4075 4076 4077 4079 4087 4094 4104
nsga2,ns48,9,5,4150,83,44001671.035505,2204205.433594,0.555556,0.444444,4007 4009 4022 4032 4033 4035 4036 4038 4054 4055 4057 4065 4066 4068 4075 4076 4077 4079 4087 4094 4104
nsga2,ns48,9,6,4150,83,43968549.271867,2184686.734375,0.666667,0.333333,4009 4014 4022 4032 4033 4035 4037 4045 4048 4054 4055 4056 4057 4066 4068 4075 4076 4077 4079 4094 4104
nsga2,ns48,9,7,4150,83,43936984.334992,2171480.652344,0.777778,0.222222,4009 4032 4033 4035 4045 4048 4054 4055 4056 4057 4058 4065 4066 4068 4075 4076 4077 4079 4087 4094 4104
nsga2,ns48,9,8,4150,83,43919445.153042,2149996.472656,0.888889,0.111111,4022 4026 4032 4035 4036 4045 4048 4054 4055 4056 4057 4065 4066 4067 4068 4075 4076 4077 4079 4086 4104
nsga2,ns48,9,9,4150,83,43896572.293121,2129050.753906,1.000000,0.000000,4022 4026 4032 4035 4036 4045 4046 4048 4054 4055 4056 4057 4065 4066 4067 4068 4075 4076 4077 4079 4086
nsga2,ns48,9,0,4200,84,45371268.717879,2333276.207031,0.000000,1.000000,550 587 625 3931 3968 3970 3985 3994 4020 4022 4044 4046 4075 4077 4094 4104 4114 4124 4139 4141 4154
nsga2,ns48,9,1,4200,84,44346493.268527,2277426.222656,0.111111,0.888889,3981 3983 3985 4009 4011 4013 4015 4028 4032 4034 4046 4051 4055 4066 4075 4077 4087 4094 4104 4114 4124
nsga2,ns48,9,2,4200,84,44187096.659408,2250891.648438,0.222222,0.777778,3983 3985 4009 4011 4013 4015 4028 4032 4034 4046 4051 4055 4065 4066 4068 4075 4077 4087 4094 4104 4106
nsga2,ns48,9,3,4200,84,44102943.939811,2231910.882812,0.333333,0.666667,3989 4007 4009 4011 4013 4015 4032 4034 4046 4048 4054 4055 4065 4068 4075 4076 4077 4087 4094 4104 4106
nsga2,ns48,9,4,4200,84,44031968.003537,2212565.234375,0.444444,0.555556,3985 4009 4011 4015 4032 4033 4034 4048 4054 4055 4057 4065 4066 4068 4075 4076 4077 4079 4087 4094 4104
nsga2,ns48,9,5,4200,84,44001671.035505,2204205.433594,0.555556,0.444444,4007 4009 4022 4032 4033 4035 4036 4038 4054 4055 4057 4065 4066 4068 4075 4076 4077 4079 4087 4094 4104
nsga2,ns48,9,6,4200,84,43968549.271867,2184686.734375,0.666667,0.333333,4009 4014 4022 4032 4033 4035 4037 4045 4048 4054 4055 4056 4057 4066 4068 4075 4076 4077 4079 4094 4104
nsga2,ns48,9,7,4200,84,43940922.576147,2182506.109375,0.777778,0.222222,4009 4022 4032 4033 4035 4045 4054 4055 4056 4057 4065 4066 4068 4075 4076 4077 4079 4085 4087 4094 4104
nsga2,ns48,9,8,4200,84,43917600.277396,2150772.042969,0.888889,0.111111,4021 4025 4026 4032 4033 4035 4045 4048 4054 4055 4056 4057 4065 4066 4068 4075 4076 4077 4079 4086 4094
nsga2,ns48,9,9,4200,84,43896572.293121,2129050.753906,1.000000,0.000000,4022 4026 4032 4035 4036 4045 4046 4048 4054 4055 4056 4057 4065 4066 4067 4068 4075 4076 4077 4079 4086
nsga2,ns48,9,0,4250,85,45371268.717879,2333276.207031,0.000000,1.000000,550 587 625 3931 3968 3970 3985 3994 4020 4022 4044 4046 4075 4077 4094 4104 4114 4124 4139 4141 4154
nsga2,ns48,9,1,4250,85,44346493.268527,2277426.222656,0.111111,0.888889,3981 3983 3985 4009 4011 4013 4015 4028 4032 4034 4046 4051 4055 4066 4075 4077 4087 4094 4104 4114 4124
nsga2,ns48,9,2,4250,85,44187096.659408,2250891.648438,0.222222,0.777778,3983 3985 4009 4011 4013 4015 4028 4032 4034 4046 4051 4055 4065 4066 4068 4075 4077 4087 4094 4104 4106
nsga2,ns48,9,3,4250,85,44102943.939811,2231910.882812,0.333333,0.666667,3989 4007 4009 4011 4013 4015 4032 4034 4046 4048 4054 4055 4065 4068 4075 4076 4077 4087 4094 4104 4106
nsga2,ns48,9,4,4250,85,44047066.680647,2215091.691406,0.444444,0.555556,4009 4011 4015 4028 4032 4033 4034 4045 4051 4054 4055 4065 4066 4068 4075 4076 4077 4087 4094 4104 4106
nsga2,ns48,9,5,4250,85,44001671.035505,2204205.433594,0.555556,0.444444,4007 4009 4022 4032 4033 4035 4036 4038 4054 4055 4057 4065 4066 4068 4075 4076 4077 4079 4087 4094 4104
nsga2,ns48,9,6,4250,85,43968549.271867,2184686.734375,0.666667,0.333333,4009 4014 4022 4032 4033 4035 4037 4045 4048 4054 4055 4056 4057 4066 4068 4075 4076 4077 4079 4094 4104
nsga2,ns48,9,7,4250,85,43940088.132396,2177472.863281,0.777778,0.222222,4009 4022 4033 4035 4045 4054 4055 4056 4057 4059 4065 4066 4068 4075 4076 4077 4079 4085 4087 4094 4104
nsga2,ns48,9,8,4250,85,43917600.277396,2150772.042969,0.888889,0.111111,4021 4025 4026 4032 4033 4035 4045 4048 4054 4055 4056 4057 4065 4066 4068 4075 4076 4077 4079 4086 4094
nsga2,ns48,9,9,4250,85,43896572.293121,2129050.753906,1.000000,0.000000,4022 4026 4032 4035 4036 4045 4046 4048 4054 4055 4056 4057 4065 4066 4067 4068 4075 4076 4077 4079 4086
nsga2,ns48,9,0,4300,86,45369975.795321,2333276.207031,0.000000,1.000000,550 587 626 3931 3968 3970 3985 3994 4020 4022 4044 4046 4075 4077 4094 4104 4114 4124 4139 4141 4154
nsga2,ns48,9,1,4300,86,44346493.268527,2277426.222656,0.111111,0.888889,3981 3983 3985 4009 4011 4013 4015 4028 4032 4034 4046 4051 4055 4066 4075 4077 4087 4094 4104 4114 4124
nsga2,ns48,9,2,4300,86,44187096.659408,2250891.648438,0.222222,0.777778,3983 3985 4009 4011 4013 4015 4028 4032 4034 4046 4051 4055 4065 4066 4068 4075 4077 4087 4094 4104 4106
nsga2,ns48,9,3,4300,86,44102943.939811,2231910.882812,0.333333,0.666667,3989 4007 4009 4011 4013 4015 4032 4034 4046 4048 4054 4055 4065 4068 4075 4076 4077 4087 4094 4104 4106
nsga2,ns48,9,4,4300,86,44047066.680647,2215091.691406,0.444444,0.555556,4009 4011 4015 4028 4032 4033 4034 4045 4051 4054 4055 4065 4066 4068 4075 4076 4077 4087 4094 4104 4106
nsga2,ns48,9,5,4300,86,44001671.035505,2204205.433594,0.555556,0.444444,4007 4009 4022 4032 4033 4035 4036 4038 4054 4055 4057 4065 4066 4068 4075 4076 4077 4079 4087 4094 4104
nsga2,ns48,9,6,4300,86,43953561.347045,2184147.476562,0.666667,0.333333,4009 4022 4032 4033 4035 4045 4054 4055 4056 4057 4059 4065 4068 4075 4076 4077 4079 4085 4087 4094 4104
nsga2,ns48,9,7,4300,86,43940088.132396,2177472.863281,0.777778,0.222222,4009 4022 4033 4035 4045 4054 4055 4056 4057 4059 4065 4066 4068 4075 4076 4077 4079 4085 4087 4094 4104
nsga2,ns48,9,8,4300,86,43917600.277396,2150772.042969,0.888889,0.111111,4021 4025 4026 4032 4033 4035 4045 4048 4054 4055 4056 4057 4065 4066 4068 4075 4076 4077 4079 4086 4094
nsga2,ns48,9,9,4300,86,43896572.293121,2129050.753906,1.000000,0.000000,4022 4026 4032 4035 4036 4045 4046 4048 4054 4055 4056 4057 4065 4066 4067 4068 4075 4076 4077 4079 4086
nsga2,ns48,9,0,4350,87,45369975.795321,2333276.207031,0.000000,1.000000,550 587 626 3931 3968 3970 3985 3994 4020 4022 4044 4046 4075 4077 4094 4104 4114 4124 4139 4141 4154
nsga2,ns48,9,1,4350,87,44346493.268527,2277426.222656,0.111111,0.888889,3981 3983 3985 4009 4011 4013 4015 4028 4032 4034 4046 4051 4055 4066 4075 4077 4087 4094 4104 4114 4124
nsga2,ns48,9,2,4350,87,44187096.659408,2250891.648438,0.222222,0.777778,3983 3985 4009 4011 4013 4015 4028 4032 4034 4046 4051 4055 4065 4066 4068 4075 4077 4087 4094 4104 4106
nsga2,ns48,9,3,4350,87,44100909.728729,2230145.839844,0.333333,0.666667,4007 4009 4011 4013 4015 4023 4032 4034 4046 4048 4051 4054 4055 4066 4075 4076 4077 4087 4094 4104 4106
nsga2,ns48,9,4,4350,87,44047066.680647,2215091.691406,0.444444,0.555556,4009 4011 4015 4028 4032 4033 4034 4045 4051 4054 4055 4065 4066 4068 4075 4076 4077 4087 4094 4104 4106
nsga2,ns48,9,5,4350,87,44001671.035505,2204205.433594,0.555556,0.444444,4007 4009 4022 4032 4033 4035 4036 4038 4054 4055 4057 4065 4066 4068 4075 4076 4077 4079 4087 4094 4104
nsga2,ns48,9,6,4350,87,43971336.537980,2184843.390625,0.666667,0.333333,4004 4009 4022 4033 4035 4045 4054 4055 4056 4057 4059 4065 4066 4068 4075 4077 4079 4085 4087 4094 4104
nsga2,ns48,9,7,4350,87,43940088.132396,2177472.863281,0.777778,0.222222,4009 4022 4033 4035 4045 4054 4055 4056 4057 4059 4065 4066 4068 4075 4076 4077 4079 4085 4087 4094 4104
nsga2,ns48,9,8,4350,87,43917600.277396,2150772.042969,0.888889,0.111111,4021 4025 4026 4032 4033 4035 4045 4048 4054 4055 4056 4057 4065 4066 4068 4075 4076 4077 4079 4086 4094
nsga2,ns48,9,9,4350,87,43896572.293121,2129050.753906,1.000000,0.000000,4022 4026 4032 4035 4036 4045 4046 4048 4054 4055 4056 4057 4065 4066 4067 4068 4075 4076 4077 4079 4086
nsga2,ns48,9,0,4400,88,45369975.795321,2333276.207031,0.000000,1.000000,550 587 626 3931 3968 3970 3985 3994 4020 4022 4044 4046 4075 4077 4094 4104 4114 4124 4139 4141 4154
nsga2,ns48,9,1,4400,88,44332535.491514,2277426.222656,0.111111,0.888889,3981 3983 3985 4009 4011 4013 4015 4028 4032 4034 4046 4051 4055 4066 4075 4077 4087 4094 4104 4106 4123
nsga2,ns48,9,2,4400,88,44187096.659408,2250891.648438,0.222222,0.777778,3983 3985 4009 4011 4013 4015 4028 4032 4034 4046 4051 4055 4065 4066 4068 4075 4077 4087 4094 4104 4106
nsga2,ns48,9,3,4400,88,44106094.878430,2234744.679688,0.333333,0.666667,3989 4007 4009 4011 4013 4015 4032 4034 4046 4048 4054 4055 4065 4066 4068 4076 4077 4087 4094 4104 4106
nsga2,ns48,9,4,4400,88,44047066.680647,2215091.691406,0.444444,0.555556,4009 4011 4015 4028 4032 4033 4034 4045 4051 4054 4055 4065 4066 4068 4075 4076 4077 4087 4094 4104 4106
nsga2,ns48,9,5,4400,88,44001671.035505,2204205.433594,0.555556,0.444444,4007 4009 4022 4032 4033 4035 4036 4038 4054 4055 4057 4065 4066 4068 4075 4076 4077 4079 4087 4094 4104
nsga2,ns48,9,6,4400,88,43971336.537980,2184843.390625,0.666667,0.333333,4004 4009 4022 4033 4035 4045 4054 4055 4056 4057 4059 4065 4066 4068 4075 4077 4079 4085 4087 4094 4104
nsga2,ns48,9,7,4400,88,43940088.132396,2177472.863281,0.777778,0.222222,4009 4022 4033 4035 4045 4054 4055 4056 4057 4059 4065 4066 4068 4075 4076 4077 4079 4085 4087 4094 4104
nsga2,ns48,9,8,4400,88,43917600.277396,2150772.042969,0.888889,0.111111,4021 4025 4026 4032 4033 4035 4045 4048 4054 4055 4056 4057 4065 4066 4068 4075 4076 4077 4079 4086 4094
nsga2,ns48,9,9,4400,88,43896572.293121,2129050.753906,1.000000,0.000000,4022 4026 4032 4035 4036 4045 4046 4048 4054 4055 4056 4057 4065 4066 4067 4068 4075 4076 4077 4079 4086
nsga2,ns48,9,0,4450,89,45369975.795321,2333276.207031,0.000000,1.000000,550 587 626 3931 3968 3970 3985 3994 4020 4022 4044 4046 4075 4077 4094 4104 4114 4124 4139 4141 4154
nsga2,ns48,9,1,4450,89,44332535.491514,2277426.222656,0.111111,0.888889,3981 3983 3985 4009 4011 4013 4015 4028 4032 4034 4046 4051 4055 4066 4075 4077 4087 4094 4104 4106 4123
nsga2,ns48,9,2,4450,89,44187096.659408,2250891.648438,0.222222,0.777778,3983 3985 4009 4011 4013 4015 4028 4032 4034 4046 4051 4055 4065 4066 4068 4075 4077 4087 4094 4104 4106
nsga2,ns48,9,3,4450,89,44087191.274786,2229281.335938,0.333333,0.666667,3989 4007 4009 4011 4015 4032 4034 4043 4046 4048 4054 4055 4065 4066 4068 4076 4077 4087 4094 4104 4106
nsga2,ns48,9,4,4450,89,44047066.680647,2215091.691406,0.444444,0.555556,4009 4011 4015 4028 4032 4033 4034 4045 4051 4054 4055 4065 4066 4068 4075 4076 4077 4087 4094 4104 4106
nsga2,ns48,9,5,4450,89,44001671.035505,2204205.433594,0.555556,0.444444,4007 4009 4022 4032 4033 4035 4036 4038 4054 4055 4057 4065 4066 4068 4075 4076 4077 4079 4087 4094 4104
nsga2,ns48,9,6,4450,89,43971336.537980,2184843.390625,0.666667,0.333333,4004 4009 4022 4033 4035 4045 4054 4055 4056 4057 4059 4065 4066 4068 4075 4077 4079 4085 4087 4094 4104
nsga2,ns48,9,7,4450,89,43940088.132396,2177472.863281,0.777778,0.222222,4009 4022 4033 4035 4045 4054 4055 4056 4057 4059 4065 4066 4068 4075 4076 4077 4079 4085 4087 4094 4104
nsga2,ns48,9,8,4450,89,43917600.277396,2150772.042969,0.888889,0.111111,4021 4025 4026 4032 4033 4035 4045 4048 4054 4055 4056 4057 4065 4066 4068 4075 4076 4077 4079 4086 4094
nsga2,ns48,9,9,4450,89,43896572.293121,2129050.753906,1.000000,0.000000,4022 4026 4032 4035 4036 4045 4046 4048 4054 4055 4056 4057 4065 4066 4067 4068 4075 4076 4077 4079 4086
nsga2,ns48,9,0,4500,90,45369975.795321,2333276.207031,0.000000,1.000000,550 587 626 3931 3968 3970 3985 3994 4020 4022 4044 4046 4075 4077 4094 4104 4114 4124 4139 4141 4154
nsga2,ns48,9,1,4500,90,44332535.491514,2277426.222656,0.111111,0.888889,3981 3983 3985 4009 4011 4013 4015 4028 4032 4034 4046 4051 4055 4066 4075 4077 4087 4094 4104 4106 4123
nsga2,ns48,9,2,4500,90,44187096.659408,2250891.648438,0.222222,0.777778,3983 3985 4009 4011 4013 4015 4028 4032 4034 4046 4051 4055 4065 4066 4068 4075 4077 4087 4094 4104 4106
nsga2,ns48,9,3,4500,90,44087191.274786,2229281.335938,0.333333,0.666667,3989 4007 4009 4011 4015 4032 4034 4043 4046 4048 4054 4055 4065 4066 4068 4076 4077 4087 4094 4104 4106
nsga2,ns48,9,4,4500,90,44047066.680647,2215091.691406,0.444444,0.555556,4009 4011 4015 4028 4032 4033 4034 4045 4051 4054 4055 4065 4066 4068 4075 4076 4077 4087 4094 4104 4106
nsga2,ns48,9,5,4500,90,44001671.035505,2204205.433594,0.555556,0.444444,4007 4009 4022 4032 4033 4035 4036 4038 4054 4055 4057 4065 4066 4068 4075 4076 4077 4079 4087 4094 4104
nsga2,ns48,9,6,4500,90,43971336.537980,2184843.390625,0.666667,0.333333,4004 4009 4022 4033 4035 4045 4054 4055 4056 4057 4059 4065 4066 4068 4075 4077 4079 4085 4087 4094 4104
nsga2,ns48,9,7,4500,90,43940088.132396,2177472.863281,0.777778,0.222222,4009 4022 4033 4035 4045 4054 4055 4056 4057 4059 4065 4066 4068 4075 4076 4077 4079 4085 4087 4094 4104
nsga2,ns48,9,8,4500,90,43917600.277396,2150772.042969,0.888889,0.111111,4021 4025 4026 4032 4033 4035 4045 4048 4054 4055 4056 4057 4065 4066 4068 4075 4076 4077 4079 4086 4094
nsga2,ns48,9,9,4500,90,43896572.293121,2129050.753906,1.000000,0.000000,4022 4026 4032 4035 4036 4045 4046 4048 4054 4055 4056 4057 4065 4066 4067 4068 4075 4076 4077 4079 4086
