120510.3141862956 122391.0685869674
121044.1660181026 122205.2304650858
120719.2127291766 122158.7709346154
121415.5412054466 122112.3114041450
122111.8696817167 121949.7030474985
122413.6120214337 121926.4732822633
121624.4397483277 121903.2435170281
121949.3930372537 121810.3244560873
122019.0258848807 121810.3244560873
121531.5959514916 121787.0946908521
123017.0967008678 121717.4053951465
123318.8390405848 121717.4053951465
122251.1353769707 121694.1756299112
122529.6667674787 121415.4184470888
124131.2222628998 118372.3192012768

120394.2594402506 122228.4602303210
121044.1660181026 122205.2304650858
120719.2127291766 122158.7709346154
121415.5412054466 122112.3114041450
121694.0725959547 121972.9328127337
122019.0258848807 121972.9328127337
122529.6667674787 121415.4184470888
122251.1353769707 121694.1756299112
123318.8390405848 121717.4053951465
123017.0967008678 121717.4053951465
122019.0258848807 121810.3244560873
121949.3930372537 121810.3244560873
121624.4397483277 121903.2435170281
122042.2368340897 122019.3923432041
121670.8616467457 122042.6221084393

121044.1660181026 122205.2304650858
121299.4864594016 122042.6221084393
121670.8616467457 122042.6221084393
122019.0258848807 121972.9328127337
122111.8696817167 121949.7030474985
121554.8069007007 121926.4732822633
121926.1820880447 121856.7839865577
122019.0258848807 121833.5542213225
122529.6667674787 121415.4184470888
121879.7601896267 121694.1756299112
123017.0967008678 121717.4053951465
122367.1901230157 121810.3244560873
122274.3463261797 121810.3244560873
122042.2368340897 121903.2435170281
121694.0725959547 121972.9328127337

120510.3141862956 122391.0685869674
121044.1660181026 122205.2304650858
121856.5492404177 122205.2304650858
120719.2127291766 122158.7709346154
121415.5412054466 122112.3114041450
122111.8696817167 121949.7030474985
121531.5959514916 121787.0946908521
122367.1901230157 121787.0946908521
121160.2207641476 121670.9458646760
121879.7601896267 121694.1756299112
122251.1353769707 121694.1756299112
123597.3704310928 121601.2565689704
123249.2061929578 121554.7970385000
122924.2529040317 121531.5672732648
122529.6667674787 121415.4184470888

120510.3141862956 122391.0685869674
120742.4236783856 122274.9197607914
121044.1660181026 122205.2304650858
121299.4864594016 122042.6221084393
121670.8616467457 122042.6221084393
121694.0725959547 121972.9328127337
122019.0258848807 121972.9328127337
121926.1820880447 121856.7839865577
122251.1353769707 121833.5542213225
121856.5492404177 121717.4053951465
123597.3704310928 121601.2565689704
123249.2061929578 121554.7970385000
122924.2529040317 121531.5672732648
122529.6667674787 121415.4184470888
122251.1353769707 121694.1756299112

122529.6667674787 121415.4184470888
121879.7601896267 121694.1756299112
123017.0967008678 121717.4053951465
122367.1901230157 121810.3244560873
122274.3463261797 121810.3244560873
122019.0258848807 121833.5542213225
121926.1820880447 121856.7839865577
122042.2368340897 121903.2435170281
122019.0258848807 121972.9328127337
121694.0725959547 121972.9328127337
121972.6039864627 121787.0946908521
121670.8616467457 122042.6221084393
121299.4864594016 122042.6221084393
121044.1660181026 122205.2304650858
120742.4236783856 122274.9197607914

122576.0886658967 121438.6482123240
122251.1353769707 121694.1756299112
122042.2368340897 121763.8649256169
121554.8069007007 121787.0946908521
120672.7908307586 122158.7709346154
122019.0258848807 121833.5542213225
121926.1820880447 121856.7839865577
122367.1901230157 121880.0137517929
121995.8149356717 121903.2435170281
121299.4864594016 121926.4732822633
122019.0258848807 121972.9328127337
121694.0725959547 121972.9328127337
121670.8616467457 122042.6221084393
121369.1193070286 122112.3114041450
121044.1660181026 122205.2304650858

120510.3141862956 122391.0685869674
121044.1660181026 122205.2304650858
121856.5492404177 122205.2304650858
120719.2127291766 122158.7709346154
121415.5412054466 122112.3114041450
122111.8696817167 121949.7030474985
122297.5572753887 121787.0946908521
121137.0098149386 121763.8649256169
121879.7601896267 121694.1756299112
122251.1353769707 121694.1756299112
123667.0032787198 121624.4863342056
121461.9631038647 121554.7970385000
122924.2529040317 121531.5672732648
122529.6667674787 121415.4184470888
123249.2061929578 121554.7970385000

120510.3141862956 122391.0685869674
120742.4236783856 122274.9197607914
121044.1660181026 122205.2304650858
121763.7054435817 122135.5411693802
121415.5412054466 122112.3114041450
121926.1820880447 121856.7839865577
122251.1353769707 121856.7839865577
122529.6667674787 121415.4184470888
122251.1353769707 121694.1756299112
123318.8390405848 121717.4053951465
123017.0967008678 121717.4053951465
122019.0258848807 121810.3244560873
121949.3930372537 121810.3244560873
121624.4397483277 121903.2435170281
122019.0258848807 121972.9328127337

120510.3141862956 122391.0685869674
120742.4236783856 122274.9197607914
121044.1660181026 122205.2304650858
121299.4864594016 122042.6221084393
121670.8616467457 122042.6221084393
122042.2368340897 122019.3923432041
121694.0725959547 121972.9328127337
122019.0258848807 121972.9328127337
121926.1820880447 121856.7839865577
122251.1353769707 121833.5542213225
122274.3463261797 121810.3244560873
121369.1193070286 122019.3923432041
123017.0967008678 121717.4053951465
121879.7601896267 121694.1756299112
122529.6667674787 121415.4184470888

120394.2594402506 122228.4602303210
121044.1660181026 122205.2304650858
120719.2127291766 122158.7709346154
121415.5412054466 122112.3114041450
121694.0725959547 121972.9328127337
122019.0258848807 121972.9328127337
121322.6974086106 121949.7030474985
122111.8696817167 121949.7030474985
122413.6120214337 121926.4732822633
121624.4397483277 121903.2435170281
123017.0967008678 121717.4053951465
121879.7601896267 121694.1756299112
122251.1353769707 121694.1756299112
122274.3463261797 121694.1756299112
122529.6667674787 121415.4184470888

120510.3141862956 122391.0685869674
120742.4236783856 122274.9197607914
121044.1660181026 122205.2304650858
121299.4864594016 122042.6221084393
121670.8616467457 122042.6221084393
122042.2368340897 122019.3923432041
122019.0258848807 121972.9328127337
121926.1820880447 121856.7839865577
122251.1353769707 121833.5542213225
123597.3704310928 121601.2565689704
123249.2061929578 121554.7970385000
122924.2529040317 121531.5672732648
122529.6667674787 121415.4184470888
121856.5492404177 121717.4053951465
121694.0725959547 121972.9328127337

120510.3141862956 122391.0685869674
121044.1660181026 122205.2304650858
121856.5492404177 122205.2304650858
120719.2127291766 122158.7709346154
121415.5412054466 122112.3114041450
122111.8696817167 121949.7030474985
121531.5959514916 121787.0946908521
122367.1901230157 121787.0946908521
121137.0098149386 121763.8649256169
123620.5813803018 121601.2565689704
123249.2061929578 121554.7970385000
122924.2529040317 121531.5672732648
122529.6667674787 121415.4184470888
124015.1675168548 118465.2382622176
123713.4251771378 118581.3870883936

120510.3141862956 122391.0685869674
121044.1660181026 122205.2304650858
121856.5492404177 122205.2304650858
120719.2127291766 122158.7709346154
121415.5412054466 122112.3114041450
122111.8696817167 121949.7030474985
121531.5959514916 121787.0946908521
122367.1901230157 121787.0946908521
121879.7601896267 121694.1756299112
121229.8536117746 121763.8649256169
123597.3704310928 121601.2565689704
123249.2061929578 121554.7970385000
122924.2529040317 121531.5672732648
122529.6667674787 121415.4184470888
124015.1675168548 118465.2382622176

121044.1660181026 122205.2304650858
121369.1193070286 122112.3114041450
121670.8616467457 122042.6221084393
121694.0725959547 121972.9328127337
122019.0258848807 121972.9328127337
121299.4864594016 121926.4732822633
121995.8149356717 121903.2435170281
122367.1901230157 121880.0137517929
121926.1820880447 121856.7839865577
122019.0258848807 121833.5542213225
121717.2835451637 121810.3244560873
121554.8069007007 121787.0946908521
122042.2368340897 121763.8649256169
122251.1353769707 121694.1756299112
122111.8696817167 121670.9458646760

120510.3141862956 122391.0685869674
120742.4236783856 122274.9197607914
121044.1660181026 122205.2304650858
119976.4623544886 122042.6221084393
121299.4864594016 122042.6221084393
121670.8616467457 122042.6221084393
122019.0258848807 121972.9328127337
122529.6667674787 121415.4184470888
122924.2529040317 121531.5672732648
123249.2061929578 121554.7970385000
123597.3704310928 121601.2565689704
121879.7601896267 121694.1756299112
122251.1353769707 121833.5542213225
121926.1820880447 121856.7839865577
121694.0725959547 121972.9328127337

120510.3141862956 122391.0685869674
120742.4236783856 122274.9197607914
121044.1660181026 122205.2304650858
121299.4864594016 122042.6221084393
121670.8616467457 122042.6221084393
122042.2368340897 122019.3923432041
123713.4251771378 118581.3870883936
122019.0258848807 121972.9328127337
121926.1820880447 121856.7839865577
122251.1353769707 121833.5542213225
123597.3704310928 121601.2565689704
123249.2061929578 121554.7970385000
122924.2529040317 121531.5672732648
122529.6667674787 121415.4184470888
124015.1675168548 118465.2382622176

120510.3141862956 122391.0685869674
121044.1660181026 122205.2304650858
121856.5492404177 122205.2304650858
120719.2127291766 122158.7709346154
121415.5412054466 122112.3114041450
122111.8696817167 121949.7030474985
122297.5572753887 121787.0946908521
121137.0098149386 121763.8649256169
121879.7601896267 121694.1756299112
123667.0032787198 121624.4863342056
121508.3850022827 121717.4053951465
122924.2529040317 121531.5672732648
122529.6667674787 121415.4184470888
123179.5733453308 121415.4184470888
124015.1675168548 118465.2382622176

120510.3141862956 122391.0685869674
120742.4236783856 122274.9197607914
121044.1660181026 122205.2304650858
121763.7054435817 122135.5411693802
121415.5412054466 122112.3114041450
121926.1820880447 121856.7839865577
122251.1353769707 121856.7839865577
122924.2529040317 121531.5672732648
124015.1675168548 118465.2382622176
122529.6667674787 121415.4184470888
123249.2061929578 121554.7970385000
123597.3704310928 121601.2565689704
122251.1353769707 121833.5542213225
122019.0258848807 121972.9328127337
121694.0725959547 121972.9328127337

120510.3141862956 122391.0685869674
122529.6667674787 121415.4184470888
122924.2529040317 121531.5672732648
123249.2061929578 121554.7970385000
123597.3704310928 121601.2565689704
122181.5025293437 121717.4053951465
122251.1353769707 121833.5542213225
121926.1820880447 121856.7839865577
122019.0258848807 121972.9328127337
121694.0725959547 121972.9328127337
122042.2368340897 122019.3923432041
121670.8616467457 122042.6221084393
121299.4864594016 122042.6221084393
121044.1660181026 122205.2304650858
120742.4236783856 122274.9197607914

121044.1660181026 122205.2304650858
121415.5412054466 122112.3114041450
121879.7601896267 121694.1756299112
121949.3930372537 121717.4053951465
122320.7682245977 121787.0946908521
122297.5572753887 121787.0946908521
121972.6039864627 121787.0946908521
121717.2835451637 121810.3244560873
122019.0258848807 121833.5542213225
121926.1820880447 121856.7839865577
121554.8069007007 121926.4732822633
122111.8696817167 121949.7030474985
121810.1273419997 121949.7030474985
122019.0258848807 121972.9328127337
121670.8616467457 122042.6221084393

120510.3141862956 122391.0685869674
121044.1660181026 122205.2304650858
121856.5492404177 122205.2304650858
120719.2127291766 122158.7709346154
121415.5412054466 122112.3114041450
122111.8696817167 121949.7030474985
122297.5572753887 121787.0946908521
121137.0098149386 121763.8649256169
121879.7601896267 121694.1756299112
123667.0032787198 121624.4863342056
121461.9631038647 121554.7970385000
122924.2529040317 121531.5672732648
122529.6667674787 121415.4184470888
123179.5733453308 121415.4184470888
124015.1675168548 118465.2382622176

121044.1660181026 122205.2304650858
121415.5412054466 122112.3114041450
121670.8616467457 122065.8518736745
121694.0725959547 121972.9328127337
121183.4317133566 121949.7030474985
122111.8696817167 121949.7030474985
122413.6120214337 121926.4732822633
121624.4397483277 121903.2435170281
123040.3076500767 121717.4053951465
121926.1820880447 121856.7839865577
121926.1820880447 121810.3244560873
122297.5572753887 121787.0946908521
122320.7682245977 121787.0946908521
121879.7601896267 121694.1756299112
122576.0886658967 121438.6482123240

121044.1660181026 122205.2304650858
121415.5412054466 122112.3114041450
121670.8616467457 122042.6221084393
121694.0725959547 121972.9328127337
121183.4317133566 121949.7030474985
122111.8696817167 121949.7030474985
122413.6120214337 121926.4732822633
121624.4397483277 121903.2435170281
121926.1820880447 121856.7839865577
121879.7601896267 121833.5542213225
121926.1820880447 121810.3244560873
122297.5572753887 121787.0946908521
122320.7682245977 121787.0946908521
122529.6667674787 121415.4184470888
122924.2529040317 121531.5672732648

121740.4944943727 122065.8518736745
121670.8616467457 122042.6221084393
121694.0725959547 121972.9328127337
122065.4477832987 121972.9328127337
121183.4317133566 121949.7030474985
122111.8696817167 121949.7030474985
122413.6120214337 121926.4732822633
121624.4397483277 121903.2435170281
121926.1820880447 121856.7839865577
121926.1820880447 121810.3244560873
122297.5572753887 121787.0946908521
122320.7682245977 121787.0946908521
121949.3930372537 121717.4053951465
121879.7601896267 121694.1756299112
122181.5025293437 121717.4053951465

120510.3141862956 122391.0685869674
121044.1660181026 122205.2304650858
121856.5492404177 122205.2304650858
120719.2127291766 122158.7709346154
121415.5412054466 122112.3114041450
121694.0725959547 121972.9328127337
122111.8696817167 121949.7030474985
122413.6120214337 121926.4732822633
121253.0645609837 121880.0137517929
122529.6667674787 121415.4184470888
122251.1353769707 121694.1756299112
123318.8390405848 121717.4053951465
123017.0967008678 121717.4053951465
121531.5959514916 121787.0946908521
122019.0258848807 121810.3244560873

120510.3141862956 122391.0685869674
121044.1660181026 122205.2304650858
121856.5492404177 122205.2304650858
120719.2127291766 122158.7709346154
121415.5412054466 122112.3114041450
121183.4317133566 121949.7030474985
122111.8696817167 121949.7030474985
121531.5959514916 121787.0946908521
122367.1901230157 121787.0946908521
123017.0967008678 121717.4053951465
121879.7601896267 121694.1756299112
122251.1353769707 121694.1756299112
122529.6667674787 121415.4184470888
121624.4397483277 121903.2435170281
122413.6120214337 121926.4732822633

121044.1660181026 122205.2304650858
121670.8616467457 122065.8518736745
121299.4864594016 122042.6221084393
121670.8616467457 122042.6221084393
121763.7054435817 122019.3923432041
121694.0725959547 121972.9328127337
122019.0258848807 121972.9328127337
122042.2368340897 121903.2435170281
121926.1820880447 121856.7839865577
122019.0258848807 121833.5542213225
122274.3463261797 121810.3244560873
122367.1901230157 121810.3244560873
123017.0967008678 121717.4053951465
121879.7601896267 121694.1756299112
122529.6667674787 121415.4184470888

120510.3141862956 122391.0685869674
120742.4236783856 122274.9197607914
121044.1660181026 122205.2304650858
121763.7054435817 122135.5411693802
121415.5412054466 122112.3114041450
121694.0725959547 121972.9328127337
122111.8696817167 121949.7030474985
122413.6120214337 121926.4732822633
121253.0645609837 121880.0137517929
121949.3930372537 121810.3244560873
122019.0258848807 121810.3244560873
122251.1353769707 121694.1756299112
123249.2061929578 121554.7970385000
122924.2529040317 121531.5672732648
122576.0886658967 121438.6482123240

121044.1660181026 122205.2304650858
121415.5412054466 122112.3114041450
121740.4944943727 122065.8518736745
121670.8616467457 122042.6221084393
121694.0725959547 121972.9328127337
121183.4317133566 121949.7030474985
122111.8696817167 121949.7030474985
122413.6120214337 121926.4732822633
121624.4397483277 121903.2435170281
121926.1820880447 121856.7839865577
121926.1820880447 121810.3244560873
122297.5572753887 121787.0946908521
122320.7682245977 121787.0946908521
121949.3930372537 121717.4053951465
122529.6667674787 121415.4184470888

120510.3141862956 122391.0685869674
121044.1660181026 122205.2304650858
121856.5492404177 122205.2304650858
120719.2127291766 122158.7709346154
121415.5412054466 122112.3114041450
122111.8696817167 121949.7030474985
121531.5959514916 121787.0946908521
122367.1901230157 121787.0946908521
124131.2222628998 118372.3192012768
123829.4799231828 118534.9275579232
123504.5266342568 118581.3870883936
122529.6667674787 121415.4184470888
122924.2529040317 121531.5672732648
123249.2061929578 121554.7970385000
123620.5813803018 121601.2565689704

120510.3141862956 122391.0685869674
121044.1660181026 122205.2304650858
121856.5492404177 122205.2304650858
120719.2127291766 122158.7709346154
121415.5412054466 122112.3114041450
122111.8696817167 121949.7030474985
121531.5959514916 121787.0946908521
122367.1901230157 121787.0946908521
122088.6587325077 121833.5542213225
123620.5813803018 121601.2565689704
123249.2061929578 121554.7970385000
122924.2529040317 121531.5672732648
122529.6667674787 121415.4184470888
123829.4799231828 118534.9275579232
124131.2222628998 118372.3192012768

120510.3141862956 122391.0685869674
121044.1660181026 122205.2304650858
121856.5492404177 122205.2304650858
120719.2127291766 122158.7709346154
121415.5412054466 122112.3114041450
122019.0258848807 121972.9328127337
121531.5959514916 121787.0946908521
122367.1901230157 121787.0946908521
121879.7601896267 121694.1756299112
123597.3704310928 121601.2565689704
123249.2061929578 121554.7970385000
122924.2529040317 121531.5672732648
122529.6667674787 121415.4184470888
124131.2222628998 118372.3192012768
123829.4799231828 118534.9275579232

120510.3141862956 122391.0685869674
121044.1660181026 122205.2304650858
121856.5492404177 122205.2304650858
121044.1660181026 122182.0006998506
120719.2127291766 122158.7709346154
121415.5412054466 122112.3114041450
121694.0725959547 121972.9328127337
122111.8696817167 121949.7030474985
122413.6120214337 121926.4732822633
121253.0645609837 121880.0137517929
121949.3930372537 121810.3244560873
122251.1353769707 121694.1756299112
122576.0886658967 121438.6482123240
122924.2529040317 121531.5672732648
123318.8390405848 121717.4053951465

124015.1675168548 118465.2382622176
122529.6667674787 121415.4184470888
122924.2529040317 121531.5672732648
123249.2061929578 121554.7970385000
123620.5813803018 121601.2565689704
121879.7601896267 121694.1756299112
121856.5492404177 121717.4053951465
122367.1901230157 121787.0946908521
122019.0258848807 121972.9328127337
121670.8616467457 122042.6221084393
121299.4864594016 122042.6221084393
119976.4623544886 122042.6221084393
121044.1660181026 122205.2304650858
120742.4236783856 122274.9197607914
120510.3141862956 122391.0685869674

120510.3141862956 122391.0685869674
120742.4236783856 122274.9197607914
121044.1660181026 122205.2304650858
121763.7054435817 122135.5411693802
121415.5412054466 122112.3114041450
121926.1820880447 121856.7839865577
122251.1353769707 121856.7839865577
123667.0032787198 121624.4863342056
121067.3769673116 121601.2565689704
121461.9631038647 121554.7970385000
123249.2061929578 121554.7970385000
122924.2529040317 121531.5672732648
122529.6667674787 121415.4184470888
122042.2368340897 121508.3375080296
124131.2222628998 118372.3192012768

120510.3141862956 122391.0685869674
120742.4236783856 122274.9197607914
121044.1660181026 122205.2304650858
121299.4864594016 122042.6221084393
121670.8616467457 122042.6221084393
122042.2368340897 122019.3923432041
121694.0725959547 121972.9328127337
122019.0258848807 121972.9328127337
121926.1820880447 121856.7839865577
122251.1353769707 121833.5542213225
123597.3704310928 121601.2565689704
123249.2061929578 121554.7970385000
122924.2529040317 121531.5672732648
122529.6667674787 121415.4184470888
122274.3463261797 121694.1756299112

120510.3141862956 122391.0685869674
120742.4236783856 122274.9197607914
121044.1660181026 122205.2304650858
121299.4864594016 122042.6221084393
121694.0725959547 121972.9328127337
122111.8696817167 121949.7030474985
122367.1901230157 121787.0946908521
121879.7601896267 121694.1756299112
122251.1353769707 121694.1756299112
123597.3704310928 121601.2565689704
123249.2061929578 121554.7970385000
122924.2529040317 121531.5672732648
122529.6667674787 121415.4184470888
124015.1675168548 118465.2382622176
121670.8616467457 122042.6221084393

122576.0886658967 121438.6482123240
122251.1353769707 121694.1756299112
122042.2368340897 121763.8649256169
121369.1193070286 122112.3114041450
121554.8069007007 121787.0946908521
121717.2835451637 121810.3244560873
122019.0258848807 121833.5542213225
121926.1820880447 121856.7839865577
122367.1901230157 121880.0137517929
121995.8149356717 121903.2435170281
121299.4864594016 121926.4732822633
122019.0258848807 121972.9328127337
121694.0725959547 121972.9328127337
121670.8616467457 122042.6221084393
121044.1660181026 122205.2304650858

120510.3141862956 122391.0685869674
121044.1660181026 122205.2304650858
121856.5492404177 122205.2304650858
120719.2127291766 122158.7709346154
121415.5412054466 122112.3114041450
122019.0258848807 121972.9328127337
121531.5959514916 121787.0946908521
122367.1901230157 121787.0946908521
121879.7601896267 121694.1756299112
123597.3704310928 121601.2565689704
123249.2061929578 121554.7970385000
122924.2529040317 121531.5672732648
122529.6667674787 121415.4184470888
124015.1675168548 118465.2382622176
122251.1353769707 121694.1756299112

120510.3141862956 122391.0685869674
121044.1660181026 122205.2304650858
121856.5492404177 122205.2304650858
120719.2127291766 122158.7709346154
121415.5412054466 122112.3114041450
122111.8696817167 121949.7030474985
122413.6120214337 121926.4732822633
121624.4397483277 121903.2435170281
123620.5813803018 121601.2565689704
123249.2061929578 121554.7970385000
122924.2529040317 121531.5672732648
122529.6667674787 121415.4184470888
123504.5266342568 118581.3870883936
123829.4799231828 118534.9275579232
124131.2222628998 118372.3192012768

121044.1660181026 122205.2304650858
120719.2127291766 122158.7709346154
121415.5412054466 122112.3114041450
121670.8616467457 122042.6221084393
121972.6039864627 121972.9328127337
122019.0258848807 121972.9328127337
121322.6974086106 121949.7030474985
122111.8696817167 121949.7030474985
122413.6120214337 121926.4732822633
121624.4397483277 121903.2435170281
122367.1901230157 121787.0946908521
122529.6667674787 121415.4184470888
121879.7601896267 121694.1756299112
123017.0967008678 121717.4053951465
122297.5572753887 121787.0946908521

120510.3141862956 122391.0685869674
121044.1660181026 122205.2304650858
121856.5492404177 122205.2304650858
120719.2127291766 122158.7709346154
121415.5412054466 122112.3114041450
122111.8696817167 121949.7030474985
122413.6120214337 121926.4732822633
121624.4397483277 121903.2435170281
121949.3930372537 121810.3244560873
122019.0258848807 121810.3244560873
123017.0967008678 121717.4053951465
123318.8390405848 121717.4053951465
122251.1353769707 121694.1756299112
122529.6667674787 121415.4184470888
124177.6441613178 118558.1573231584

120510.3141862956 122391.0685869674
120742.4236783856 122274.9197607914
121044.1660181026 122205.2304650858
121415.5412054466 122112.3114041450
121763.7054435817 121996.1625779689
121694.0725959547 121972.9328127337
124131.2222628998 118372.3192012768
123829.4799231828 118534.9275579232
123504.5266342568 118581.3870883936
122529.6667674787 121415.4184470888
122924.2529040317 121531.5672732648
123249.2061929578 121554.7970385000
123620.5813803018 121601.2565689704
121879.7601896267 121694.1756299112
122251.1353769707 121833.5542213225

122576.0886658967 121438.6482123240
121879.7601896267 121694.1756299112
122320.7682245977 121787.0946908521
122297.5572753887 121787.0946908521
121926.1820880447 121810.3244560873
121879.7601896267 121833.5542213225
121926.1820880447 121856.7839865577
121624.4397483277 121903.2435170281
122111.8696817167 121949.7030474985
121183.4317133566 121949.7030474985
121694.0725959547 121972.9328127337
121554.8069007007 121996.1625779689
121670.8616467457 122042.6221084393
121415.5412054466 122112.3114041450
121044.1660181026 122205.2304650858

121160.2207641476 122065.8518736745
121531.5959514916 122065.8518736745
121879.7601896267 122065.8518736745
122019.0258848807 121903.2435170281
121833.3382912087 122042.6221084393
121902.9711388357 122042.6221084393
121485.1740530737 122019.3923432041
122019.0258848807 121972.9328127337
122088.6587325077 121972.9328127337
121833.3382912087 121949.7030474985
122111.8696817167 121949.7030474985
121926.1820880447 121856.7839865577
121740.4944943727 121810.3244560873
122320.7682245977 121787.0946908521
122367.1901230157 121787.0946908521

120510.3141862956 122391.0685869674
121392.3302562376 122298.1495260266
120742.4236783856 122274.9197607914
121044.1660181026 122205.2304650858
121763.7054435817 122135.5411693802
119930.0404560706 121996.1625779689
121926.1820880447 121856.7839865577
122297.5572753887 121787.0946908521
123667.0032787198 121624.4863342056
122924.2529040317 121531.5672732648
124131.2222628998 118372.3192012768
123829.4799231828 118534.9275579232
123504.5266342568 118581.3870883936
122529.6667674787 121415.4184470888
123249.2061929578 121554.7970385000

120510.3141862956 122391.0685869674
121044.1660181026 122205.2304650858
121856.5492404177 122205.2304650858
120719.2127291766 122158.7709346154
121415.5412054466 122112.3114041450
122111.8696817167 121949.7030474985
121531.5959514916 121787.0946908521
122367.1901230157 121787.0946908521
121879.7601896267 121694.1756299112
122251.1353769707 121694.1756299112
123597.3704310928 121601.2565689704
123249.2061929578 121554.7970385000
122924.2529040317 121531.5672732648
122529.6667674787 121415.4184470888
121137.0098149386 121763.8649256169

120510.3141862956 122391.0685869674
121044.1660181026 122205.2304650858
121856.5492404177 122205.2304650858
120719.2127291766 122158.7709346154
121415.5412054466 122112.3114041450
122019.0258848807 121972.9328127337
124131.2222628998 118372.3192012768
123829.4799231828 118534.9275579232
123504.5266342568 118581.3870883936
123434.8937866298 121345.7291513832
122552.8777166877 121392.1886818536
121322.6974086106 121392.1886818536
123179.5733453308 121415.4184470888
122924.2529040317 121531.5672732648
122251.1353769707 121856.7839865577

122529.6667674787 121415.4184470888
121879.7601896267 121694.1756299112
123017.0967008678 121717.4053951465
122367.1901230157 121810.3244560873
122274.3463261797 121810.3244560873
122019.0258848807 121833.5542213225
121926.1820880447 121856.7839865577
121554.8069007007 121926.4732822633
122019.0258848807 121972.9328127337
121694.0725959547 121972.9328127337
121670.8616467457 122042.6221084393
121299.4864594016 122042.6221084393
121044.1660181026 122205.2304650858
120742.4236783856 122274.9197607914
120510.3141862956 122391.0685869674

120510.3141862956 122391.0685869674
121044.1660181026 122205.2304650858
121856.5492404177 122205.2304650858
120719.2127291766 122158.7709346154
121415.5412054466 122112.3114041450
121183.4317133566 121949.7030474985
122111.8696817167 121949.7030474985
121531.5959514916 121787.0946908521
122367.1901230157 121787.0946908521
121949.3930372537 121717.4053951465
121879.7601896267 121694.1756299112
122251.1353769707 121694.1756299112
123249.2061929578 121554.7970385000
122529.6667674787 121415.4184470888
123017.0967008678 121717.4053951465

120510.3141862956 122391.0685869674
120742.4236783856 122274.9197607914
121044.1660181026 122205.2304650858
121763.7054435817 122135.5411693802
121415.5412054466 122112.3114041450
124015.1675168548 118465.2382622176
122529.6667674787 121415.4184470888
122924.2529040317 121531.5672732648
123249.2061929578 121554.7970385000
123597.3704310928 121601.2565689704
122251.1353769707 121694.1756299112
121879.7601896267 121694.1756299112
122367.1901230157 121787.0946908521
122111.8696817167 121949.7030474985
121694.0725959547 121972.9328127337

120510.3141862956 122391.0685869674
121044.1660181026 122205.2304650858
121856.5492404177 122205.2304650858
120719.2127291766 122158.7709346154
121415.5412054466 122112.3114041450
122111.8696817167 121949.7030474985
121531.5959514916 121787.0946908521
122529.6667674787 121415.4184470888
122251.1353769707 121694.1756299112
123318.8390405848 121717.4053951465
123017.0967008678 121717.4053951465
122019.0258848807 121810.3244560873
121949.3930372537 121810.3244560873
121624.4397483277 121903.2435170281
122413.6120214337 121926.4732822633

120510.3141862956 122391.0685869674
121044.1660181026 122205.2304650858
121856.5492404177 122205.2304650858
120719.2127291766 122158.7709346154
121415.5412054466 122112.3114041450
121694.0725959547 121972.9328127337
122111.8696817167 121949.7030474985
122413.6120214337 121926.4732822633
121624.4397483277 121903.2435170281
121949.3930372537 121810.3244560873
122019.0258848807 121810.3244560873
123318.8390405848 121717.4053951465
122251.1353769707 121694.1756299112
122529.6667674787 121415.4184470888
123017.0967008678 121717.4053951465

122576.0886658967 121438.6482123240
121879.7601896267 121694.1756299112
122320.7682245977 121787.0946908521
122297.5572753887 121787.0946908521
121926.1820880447 121810.3244560873
121926.1820880447 121856.7839865577
121624.4397483277 121903.2435170281
122413.6120214337 121926.4732822633
122111.8696817167 121949.7030474985
121183.4317133566 121949.7030474985
121694.0725959547 121972.9328127337
121670.8616467457 122065.8518736745
121415.5412054466 122112.3114041450
121369.1193070286 122205.2304650858
121044.1660181026 122205.2304650858

120510.3141862956 122391.0685869674
120742.4236783856 122274.9197607914
121044.1660181026 122205.2304650858
121299.4864594016 122042.6221084393
121670.8616467457 122042.6221084393
122042.2368340897 122019.3923432041
121694.0725959547 121972.9328127337
122019.0258848807 121972.9328127337
121926.1820880447 121856.7839865577
122251.1353769707 121833.5542213225
121879.7601896267 121694.1756299112
123620.5813803018 121601.2565689704
123249.2061929578 121554.7970385000
122529.6667674787 121415.4184470888
123017.0967008678 121717.4053951465

120510.3141862956 122391.0685869674
121392.3302562376 122298.1495260266
120742.4236783856 122274.9197607914
121044.1660181026 122205.2304650858
121763.7054435817 122135.5411693802
124015.1675168548 118465.2382622176
122529.6667674787 121415.4184470888
122924.2529040317 121531.5672732648
123249.2061929578 121554.7970385000
123597.3704310928 121601.2565689704
121879.7601896267 121694.1756299112
121137.0098149386 121763.8649256169
122367.1901230157 121787.0946908521
121531.5959514916 121787.0946908521
122111.8696817167 121949.7030474985

120510.3141862956 122391.0685869674
120742.4236783856 122274.9197607914
121044.1660181026 122205.2304650858
121299.4864594016 122042.6221084393
121670.8616467457 122042.6221084393
122042.2368340897 122019.3923432041
121694.0725959547 121972.9328127337
122019.0258848807 121972.9328127337
121926.1820880447 121856.7839865577
122251.1353769707 121833.5542213225
121879.7601896267 121694.1756299112
122529.6667674787 121415.4184470888
122251.1353769707 121694.1756299112
123017.0967008678 121717.4053951465
121856.5492404177 121740.6351603817

121044.1660181026 122205.2304650858
120719.2127291766 122158.7709346154
121415.5412054466 122112.3114041450
121670.8616467457 122042.6221084393
122019.0258848807 121972.9328127337
121322.6974086106 121949.7030474985
121044.1660181026 122158.7709346154
122413.6120214337 121926.4732822633
121624.4397483277 121903.2435170281
122367.1901230157 121787.0946908521
121856.5492404177 121740.6351603817
123017.0967008678 121717.4053951465
121972.6039864627 121972.9328127337
122251.1353769707 121694.1756299112
122529.6667674787 121415.4184470888

121044.1660181026 122205.2304650858
121740.4944943727 122065.8518736745
121670.8616467457 122042.6221084393
122529.6667674787 121415.4184470888
121879.7601896267 121694.1756299112
123017.0967008678 121717.4053951465
122367.1901230157 121810.3244560873
122274.3463261797 121810.3244560873
122019.0258848807 121833.5542213225
121926.1820880447 121856.7839865577
122042.2368340897 121903.2435170281
122019.0258848807 121972.9328127337
121694.0725959547 121972.9328127337
121299.4864594016 122042.6221084393
120742.4236783856 122274.9197607914

120510.3141862956 122391.0685869674
120742.4236783856 122274.9197607914
121044.1660181026 122205.2304650858
121299.4864594016 122042.6221084393
121670.8616467457 122042.6221084393
121694.0725959547 121972.9328127337
122019.0258848807 121972.9328127337
121624.4397483277 121903.2435170281
121926.1820880447 121856.7839865577
122251.1353769707 121833.5542213225
122529.6667674787 121415.4184470888
121879.7601896267 121694.1756299112
123017.0967008678 121717.4053951465
122367.1901230157 121810.3244560873
122274.3463261797 121810.3244560873

122529.6667674787 121415.4184470888
121879.7601896267 121694.1756299112
123017.0967008678 121717.4053951465
122367.1901230157 121810.3244560873
122274.3463261797 121810.3244560873
122019.0258848807 121833.5542213225
121926.1820880447 121856.7839865577
122042.2368340897 121903.2435170281
122019.0258848807 121972.9328127337
121694.0725959547 121972.9328127337
121670.8616467457 122042.6221084393
121299.4864594016 122042.6221084393
121044.1660181026 122205.2304650858
120742.4236783856 122274.9197607914
121740.4944943727 122019.3923432041

120510.3141862956 122391.0685869674
121044.1660181026 122205.2304650858
121856.5492404177 122205.2304650858
120719.2127291766 122158.7709346154
121415.5412054466 122112.3114041450
121183.4317133566 121949.7030474985
122111.8696817167 121949.7030474985
121531.5959514916 121787.0946908521
122367.1901230157 121787.0946908521
121879.7601896267 121694.1756299112
122251.1353769707 121694.1756299112
123249.2061929578 121554.7970385000
122924.2529040317 121531.5672732648
122529.6667674787 121415.4184470888
123597.3704310928 121601.2565689704

121879.7601896267 121694.1756299112
121949.3930372537 121717.4053951465
122320.7682245977 121787.0946908521
122297.5572753887 121787.0946908521
121972.6039864627 121787.0946908521
121810.1273419997 121949.7030474985
121717.2835451637 121810.3244560873
122019.0258848807 121833.5542213225
121926.1820880447 121856.7839865577
121554.8069007007 121926.4732822633
122111.8696817167 121949.7030474985
122019.0258848807 121972.9328127337
121670.8616467457 122042.6221084393
121299.4864594016 122042.6221084393
121044.1660181026 122205.2304650858

121044.1660181026 122205.2304650858
121415.5412054466 122112.3114041450
121670.8616467457 122042.6221084393
121694.0725959547 121972.9328127337
121183.4317133566 121949.7030474985
122111.8696817167 121949.7030474985
122529.6667674787 121415.4184470888
122274.3463261797 121694.1756299112
122251.1353769707 121694.1756299112
121879.7601896267 121694.1756299112
123017.0967008678 121717.4053951465
121624.4397483277 121903.2435170281
122413.6120214337 121926.4732822633
121322.6974086106 121949.7030474985
122019.0258848807 121972.9328127337

120510.3141862956 122391.0685869674
121044.1660181026 122205.2304650858
121856.5492404177 122205.2304650858
120719.2127291766 122158.7709346154
121415.5412054466 122112.3114041450
122019.0258848807 121972.9328127337
122297.5572753887 121787.0946908521
121137.0098149386 121763.8649256169
121879.7601896267 121694.1756299112
123667.0032787198 121624.4863342056
121461.9631038647 121554.7970385000
122924.2529040317 121531.5672732648
124015.1675168548 118465.2382622176
122529.6667674787 121415.4184470888
123249.2061929578 121554.7970385000

120510.3141862956 122391.0685869674
121044.1660181026 122205.2304650858
121856.5492404177 122205.2304650858
120719.2127291766 122158.7709346154
121415.5412054466 122112.3114041450
122111.8696817167 121949.7030474985
121531.5959514916 121787.0946908521
122367.1901230157 121787.0946908521
124131.2222628998 118372.3192012768
123829.4799231828 118534.9275579232
122529.6667674787 121415.4184470888
122924.2529040317 121531.5672732648
123249.2061929578 121554.7970385000
123620.5813803018 121601.2565689704
121879.7601896267 121694.1756299112

120510.3141862956 122391.0685869674
120742.4236783856 122274.9197607914
121044.1660181026 122205.2304650858
121415.5412054466 122112.3114041450
121763.7054435817 121996.1625779689
121694.0725959547 121972.9328127337
122111.8696817167 121949.7030474985
122367.1901230157 121787.0946908521
121879.7601896267 121694.1756299112
122251.1353769707 121694.1756299112
123597.3704310928 121601.2565689704
123249.2061929578 121554.7970385000
122924.2529040317 121531.5672732648
122529.6667674787 121415.4184470888
124015.1675168548 118465.2382622176

120510.3141862956 122391.0685869674
120742.4236783856 122274.9197607914
121044.1660181026 122205.2304650858
121299.4864594016 122042.6221084393
121670.8616467457 122042.6221084393
121694.0725959547 121972.9328127337
122019.0258848807 121972.9328127337
122042.2368340897 121903.2435170281
121926.1820880447 121856.7839865577
122529.6667674787 121415.4184470888
121879.7601896267 121694.1756299112
123017.0967008678 121717.4053951465
122367.1901230157 121810.3244560873
122274.3463261797 121810.3244560873
122251.1353769707 121833.5542213225

120510.3141862956 122391.0685869674
120742.4236783856 122274.9197607914
121044.1660181026 122205.2304650858
121763.7054435817 122135.5411693802
121415.5412054466 122112.3114041450
122111.8696817167 121949.7030474985
122297.5572753887 121787.0946908521
121879.7601896267 121694.1756299112
123667.0032787198 121624.4863342056
121461.9631038647 121554.7970385000
122924.2529040317 121531.5672732648
121044.1660181026 121461.8779775592
124015.1675168548 118465.2382622176
122529.6667674787 121415.4184470888
123249.2061929578 121554.7970385000

122181.5025293437 121717.4053951465
121856.5492404177 121717.4053951465
122042.2368340897 121763.8649256169
122367.1901230157 121787.0946908521
121717.2835451637 121810.3244560873
122019.0258848807 121833.5542213225
121926.1820880447 121856.7839865577
121763.7054435817 121856.7839865577
122367.1901230157 121880.0137517929
121554.8069007007 121926.4732822633
122111.8696817167 121949.7030474985
122019.0258848807 121972.9328127337
121694.0725959547 121972.9328127337
121740.4944943727 121833.5542213225
121670.8616467457 122042.6221084393

120510.3141862956 122391.0685869674
120742.4236783856 122274.9197607914
121044.1660181026 122205.2304650858
121299.4864594016 122042.6221084393
121670.8616467457 122042.6221084393
122042.2368340897 122019.3923432041
121694.0725959547 121972.9328127337
122019.0258848807 121972.9328127337
121926.1820880447 121856.7839865577
122251.1353769707 121833.5542213225
122576.0886658967 121438.6482123240
122924.2529040317 121531.5672732648
122251.1353769707 121694.1756299112
123318.8390405848 121717.4053951465
122019.0258848807 121810.3244560873

120510.3141862956 122391.0685869674
121276.2755101926 122367.8388217322
120742.4236783856 122274.9197607914
121044.1660181026 122205.2304650858
121763.7054435817 122135.5411693802
121415.5412054466 122112.3114041450
122019.0258848807 121972.9328127337
121322.6974086106 121949.7030474985
122111.8696817167 121949.7030474985
122413.6120214337 121926.4732822633
121624.4397483277 121903.2435170281
121856.5492404177 121740.6351603817
123017.0967008678 121717.4053951465
122251.1353769707 121694.1756299112
122529.6667674787 121415.4184470888

122529.6667674787 121415.4184470888
121879.7601896267 121694.1756299112
122297.5572753887 121787.0946908521
122460.0339198517 121810.3244560873
121926.1820880447 121856.7839865577
121926.1820880447 121787.0946908521
122019.0258848807 121903.2435170281
121554.8069007007 121926.4732822633
122111.8696817167 121949.7030474985
122019.0258848807 121972.9328127337
121694.0725959547 121972.9328127337
121763.7054435817 122019.3923432041
121299.4864594016 122042.6221084393
121670.8616467457 122065.8518736745
121044.1660181026 122205.2304650858

121044.1660181026 122205.2304650858
120719.2127291766 122158.7709346154
121415.5412054466 122112.3114041450
121670.8616467457 122042.6221084393
121972.6039864627 121972.9328127337
122019.0258848807 121972.9328127337
121322.6974086106 121949.7030474985
122111.8696817167 121949.7030474985
121624.4397483277 121903.2435170281
122019.0258848807 121833.5542213225
122460.0339198517 121810.3244560873
122297.5572753887 121787.0946908521
123017.0967008678 121717.4053951465
121879.7601896267 121694.1756299112
122529.6667674787 121415.4184470888

121044.1660181026 122205.2304650858
121415.5412054466 122112.3114041450
121740.4944943727 122065.8518736745
121670.8616467457 122042.6221084393
121694.0725959547 121972.9328127337
121183.4317133566 121949.7030474985
122111.8696817167 121949.7030474985
122413.6120214337 121926.4732822633
121624.4397483277 121903.2435170281
121926.1820880447 121856.7839865577
121926.1820880447 121810.3244560873
122297.5572753887 121787.0946908521
122320.7682245977 121787.0946908521
122181.5025293437 121717.4053951465
121856.5492404177 121717.4053951465

120510.3141862956 122391.0685869674
121044.1660181026 122205.2304650858
121856.5492404177 122205.2304650858
120719.2127291766 122158.7709346154
121415.5412054466 122112.3114041450
121694.0725959547 121972.9328127337
122111.8696817167 121949.7030474985
122413.6120214337 121926.4732822633
121253.0645609837 121880.0137517929
121949.3930372537 121810.3244560873
122251.1353769707 121694.1756299112
122576.0886658967 121438.6482123240
122924.2529040317 121531.5672732648
123318.8390405848 121717.4053951465
122019.0258848807 121810.3244560873

122529.6667674787 121415.4184470888
122297.5572753887 121670.9458646760
123017.0967008678 121717.4053951465
122297.5572753887 121787.0946908521
122460.0339198517 121810.3244560873
122019.0258848807 121833.5542213225
121926.1820880447 121856.7839865577
121554.8069007007 121926.4732822633
122019.0258848807 121972.9328127337
121694.0725959547 121972.9328127337
122181.5025293437 121996.1625779689
120997.7441196846 122019.3923432041
121810.1273419997 121787.0946908521
121299.4864594016 122042.6221084393
120835.2674752216 122228.4602303210

122181.5025293437 121717.4053951465
121856.5492404177 121717.4053951465
122042.2368340897 121763.8649256169
121972.6039864627 121763.8649256169
122367.1901230157 121787.0946908521
121717.2835451637 121810.3244560873
122019.0258848807 121833.5542213225
121926.1820880447 121856.7839865577
122367.1901230157 121880.0137517929
121995.8149356717 121903.2435170281
121299.4864594016 121926.4732822633
122019.0258848807 121972.9328127337
121694.0725959547 121972.9328127337
121670.8616467457 122042.6221084393
121044.1660181026 122205.2304650858

120510.3141862956 122391.0685869674
121044.1660181026 122205.2304650858
121856.5492404177 122205.2304650858
120719.2127291766 122158.7709346154
121415.5412054466 122112.3114041450
122576.0886658967 121438.6482123240
122924.2529040317 121531.5672732648
123249.2061929578 121554.7970385000
122251.1353769707 121694.1756299112
120835.2674752216 121763.8649256169
122019.0258848807 121810.3244560873
121253.0645609837 121880.0137517929
122413.6120214337 121926.4732822633
122111.8696817167 121949.7030474985
121694.0725959547 121972.9328127337

121044.1660181026 122205.2304650858
121740.4944943727 122065.8518736745
121670.8616467457 122042.6221084393
122576.0886658967 121438.6482123240
121879.7601896267 121694.1756299112
122320.7682245977 121787.0946908521
122297.5572753887 121787.0946908521
121926.1820880447 121810.3244560873
121926.1820880447 121856.7839865577
121624.4397483277 121903.2435170281
122413.6120214337 121926.4732822633
122111.8696817167 121949.7030474985
121183.4317133566 121949.7030474985
121694.0725959547 121972.9328127337
121415.5412054466 122112.3114041450

122529.6667674787 121415.4184470888
122251.1353769707 121694.1756299112
121879.7601896267 121694.1756299112
123017.0967008678 121717.4053951465
121949.3930372537 121810.3244560873
121253.0645609837 121880.0137517929
121624.4397483277 121903.2435170281
122413.6120214337 121926.4732822633
122111.8696817167 121949.7030474985
122065.4477832987 121949.7030474985
121694.0725959547 121972.9328127337
121415.5412054466 122112.3114041450
120719.2127291766 122158.7709346154
121856.5492404177 122205.2304650858
121044.1660181026 122205.2304650858

120510.3141862956 122391.0685869674
120742.4236783856 122274.9197607914
121044.1660181026 122205.2304650858
121415.5412054466 122112.3114041450
121763.7054435817 121996.1625779689
121694.0725959547 121972.9328127337
122576.0886658967 121438.6482123240
122924.2529040317 121531.5672732648
123249.2061929578 121554.7970385000
123620.5813803018 121601.2565689704
122251.1353769707 121694.1756299112
121949.3930372537 121810.3244560873
121253.0645609837 121880.0137517929
122413.6120214337 121926.4732822633
122111.8696817167 121949.7030474985

120510.3141862956 122391.0685869674
121044.1660181026 122205.2304650858
121856.5492404177 122205.2304650858
120719.2127291766 122158.7709346154
121415.5412054466 122112.3114041450
122019.0258848807 121972.9328127337
122529.6667674787 121415.4184470888
122924.2529040317 121531.5672732648
123249.2061929578 121554.7970385000
123620.5813803018 121601.2565689704
122251.1353769707 121694.1756299112
121879.7601896267 121694.1756299112
121113.7988657296 121810.3244560873
121624.4397483277 121903.2435170281
122413.6120214337 121926.4732822633

122529.6667674787 121415.4184470888
121879.7601896267 121694.1756299112
122297.5572753887 121787.0946908521
122460.0339198517 121810.3244560873
121926.1820880447 121856.7839865577
122111.8696817167 121880.0137517929
122019.0258848807 121903.2435170281
121554.8069007007 121926.4732822633
122111.8696817167 121949.7030474985
122019.0258848807 121972.9328127337
121694.0725959547 121972.9328127337
121763.7054435817 122019.3923432041
121299.4864594016 122042.6221084393
121670.8616467457 122065.8518736745
121044.1660181026 122205.2304650858

120510.3141862956 122391.0685869674
120742.4236783856 122274.9197607914
121044.1660181026 122205.2304650858
121833.3382912087 122321.3792912618
121415.5412054466 122112.3114041450
121926.1820880447 121856.7839865577
122251.1353769707 121856.7839865577
123667.0032787198 121624.4863342056
121461.9631038647 121554.7970385000
123249.2061929578 121554.7970385000
122924.2529040317 121531.5672732648
122529.6667674787 121415.4184470888
123504.5266342568 118581.3870883936
123829.4799231828 118534.9275579232
124131.2222628998 118372.3192012768

121044.1660181026 122205.2304650858
121856.5492404177 122205.2304650858
120719.2127291766 122158.7709346154
121415.5412054466 122112.3114041450
122529.6667674787 121415.4184470888
122251.1353769707 121694.1756299112
121879.7601896267 121694.1756299112
123017.0967008678 121717.4053951465
121624.4397483277 121903.2435170281
122413.6120214337 121926.4732822633
121902.9711388357 121694.1756299112
121322.6974086106 121949.7030474985
122019.0258848807 121972.9328127337
121670.8616467457 122042.6221084393
121067.3769673116 122205.2304650858

120510.3141862956 122391.0685869674
121044.1660181026 122205.2304650858
121856.5492404177 122205.2304650858
120719.2127291766 122158.7709346154
121415.5412054466 122112.3114041450
121694.0725959547 121972.9328127337
122111.8696817167 121949.7030474985
122413.6120214337 121926.4732822633
121253.0645609837 121880.0137517929
121949.3930372537 121810.3244560873
123017.0967008678 121717.4053951465
121879.7601896267 121694.1756299112
122251.1353769707 121694.1756299112
122529.6667674787 121415.4184470888
121624.4397483277 121903.2435170281

120510.3141862956 122391.0685869674
120742.4236783856 122274.9197607914
121044.1660181026 122205.2304650858
121763.7054435817 122135.5411693802
121415.5412054466 122112.3114041450
121926.1820880447 121856.7839865577
122251.1353769707 121856.7839865577
121067.3769673116 121601.2565689704
123597.3704310928 121601.2565689704
121461.9631038647 121554.7970385000
123249.2061929578 121554.7970385000
122042.2368340897 121531.5672732648
122924.2529040317 121531.5672732648
122576.0886658967 121438.6482123240
123829.4799231828 118534.9275579232

122181.5025293437 121717.4053951465
121856.5492404177 121717.4053951465
122042.2368340897 121763.8649256169
122367.1901230157 121787.0946908521
121717.2835451637 121810.3244560873
122019.0258848807 121833.5542213225
121926.1820880447 121856.7839865577
122367.1901230157 121880.0137517929
121995.8149356717 121903.2435170281
121299.4864594016 121926.4732822633
122111.8696817167 121949.7030474985
122019.0258848807 121972.9328127337
121694.0725959547 121972.9328127337
121670.8616467457 122042.6221084393
121044.1660181026 122205.2304650858

121044.1660181026 122205.2304650858
121415.5412054466 122112.3114041450
121670.8616467457 122042.6221084393
121694.0725959547 121972.9328127337
121183.4317133566 121949.7030474985
122111.8696817167 121949.7030474985
122413.6120214337 121926.4732822633
121624.4397483277 121903.2435170281
121926.1820880447 121856.7839865577
121926.1820880447 121810.3244560873
122297.5572753887 121787.0946908521
122320.7682245977 121787.0946908521
122576.0886658967 121438.6482123240
122251.1353769707 121694.1756299112
121856.5492404177 121740.6351603817

121856.5492404177 121717.4053951465
122367.1901230157 121787.0946908521
122320.7682245977 121787.0946908521
121740.4944943727 121810.3244560873
121926.1820880447 121856.7839865577
122111.8696817167 121949.7030474985
121833.3382912087 121949.7030474985
122088.6587325077 121972.9328127337
122019.0258848807 121972.9328127337
121485.1740530737 122019.3923432041
121902.9711388357 122042.6221084393
121833.3382912087 122042.6221084393
121879.7601896267 122065.8518736745
121531.5959514916 122065.8518736745
121160.2207641476 122065.8518736745

121044.1660181026 122205.2304650858
121415.5412054466 122112.3114041450
121670.8616467457 122042.6221084393
121694.0725959547 121972.9328127337
121183.4317133566 121949.7030474985
122111.8696817167 121949.7030474985
122413.6120214337 121926.4732822633
121624.4397483277 121903.2435170281
121926.1820880447 121856.7839865577
121926.1820880447 121810.3244560873
122297.5572753887 121787.0946908521
122320.7682245977 121787.0946908521
122251.1353769707 121694.1756299112
122576.0886658967 121438.6482123240
121879.7601896267 121694.1756299112

120510.3141862956 122391.0685869674
121044.1660181026 122205.2304650858
121856.5492404177 122205.2304650858
120719.2127291766 122158.7709346154
121415.5412054466 122112.3114041450
122111.8696817167 121949.7030474985
121531.5959514916 121787.0946908521
122367.1901230157 121787.0946908521
121137.0098149386 121763.8649256169
123249.2061929578 121554.7970385000
122924.2529040317 121531.5672732648
122529.6667674787 121415.4184470888
124015.1675168548 118465.2382622176
123597.3704310928 121601.2565689704
121879.7601896267 121694.1756299112

120510.3141862956 122391.0685869674
120742.4236783856 122274.9197607914
121044.1660181026 122205.2304650858
121415.5412054466 122112.3114041450
121763.7054435817 121996.1625779689
121694.0725959547 121972.9328127337
122111.8696817167 121949.7030474985
122413.6120214337 121926.4732822633
121253.0645609837 121880.0137517929
120835.2674752216 121763.8649256169
122019.0258848807 121810.3244560873
122251.1353769707 121694.1756299112
123249.2061929578 121554.7970385000
122924.2529040317 121531.5672732648
122576.0886658967 121438.6482123240

121044.1660181026 122205.2304650858
121299.4864594016 122042.6221084393
121763.7054435817 122019.3923432041
121694.0725959547 121972.9328127337
122019.0258848807 121972.9328127337
122111.8696817167 121949.7030474985
121554.8069007007 121926.4732822633
121902.9711388357 121787.0946908521
121926.1820880447 121856.7839865577
122019.0258848807 121833.5542213225
122460.0339198517 121810.3244560873
122297.5572753887 121787.0946908521
123017.0967008678 121717.4053951465
121879.7601896267 121694.1756299112
122529.6667674787 121415.4184470888

120510.3141862956 122391.0685869674
121044.1660181026 122205.2304650858
121856.5492404177 122205.2304650858
120719.2127291766 122158.7709346154
121415.5412054466 122112.3114041450
124015.1675168548 118465.2382622176
122529.6667674787 121415.4184470888
122924.2529040317 121531.5672732648
123249.2061929578 121554.7970385000
123620.5813803018 121601.2565689704
122251.1353769707 121694.1756299112
121879.7601896267 121694.1756299112
122251.1353769707 121833.5542213225
122019.0258848807 121972.9328127337
121694.0725959547 121972.9328127337

121879.7601896267 121694.1756299112
121949.3930372537 121717.4053951465
122320.7682245977 121787.0946908521
122297.5572753887 121787.0946908521
121972.6039864627 121787.0946908521
122460.0339198517 121810.3244560873
121717.2835451637 121810.3244560873
122019.0258848807 121833.5542213225
121926.1820880447 121856.7839865577
121554.8069007007 121926.4732822633
122111.8696817167 121949.7030474985
122019.0258848807 121972.9328127337
121670.8616467457 122042.6221084393
121299.4864594016 122042.6221084393
121044.1660181026 122205.2304650858

120510.3141862956 122391.0685869674
120742.4236783856 122274.9197607914
121044.1660181026 122205.2304650858
121299.4864594016 122042.6221084393
121670.8616467457 122042.6221084393
122042.2368340897 122019.3923432041
121694.0725959547 121972.9328127337
122019.0258848807 121972.9328127337
121926.1820880447 121856.7839865577
122251.1353769707 121833.5542213225
121879.7601896267 121694.1756299112
122529.6667674787 121415.4184470888
122251.1353769707 121694.1756299112
123017.0967008678 121717.4053951465
122019.0258848807 121810.3244560873

121044.1660181026 122205.2304650858
121740.4944943727 122065.8518736745
122529.6667674787 121415.4184470888
122274.3463261797 121694.1756299112
122251.1353769707 121694.1756299112
121879.7601896267 121694.1756299112
123017.0967008678 121717.4053951465
121624.4397483277 121903.2435170281
122413.6120214337 121926.4732822633
122111.8696817167 121949.7030474985
121322.6974086106 121949.7030474985
122019.0258848807 121972.9328127337
121670.8616467457 122042.6221084393
121415.5412054466 122112.3114041450
120719.2127291766 122158.7709346154

124015.1675168548 118465.2382622176
122529.6667674787 121415.4184470888
122924.2529040317 121531.5672732648
123249.2061929578 121554.7970385000
123620.5813803018 121601.2565689704
122251.1353769707 121694.1756299112
121879.7601896267 121694.1756299112
122251.1353769707 121833.5542213225
122019.0258848807 121972.9328127337
121694.0725959547 121972.9328127337
121415.5412054466 122112.3114041450
121763.7054435817 122135.5411693802
121044.1660181026 122205.2304650858
120742.4236783856 122274.9197607914
120417.4703894596 122344.6090564970

120510.3141862956 122391.0685869674
120742.4236783856 122274.9197607914
121044.1660181026 122205.2304650858
121415.5412054466 122112.3114041450
121763.7054435817 121996.1625779689
121694.0725959547 121972.9328127337
122111.8696817167 121949.7030474985
122413.6120214337 121926.4732822633
122576.0886658967 121438.6482123240
122924.2529040317 121531.5672732648
122251.1353769707 121694.1756299112
123318.8390405848 121717.4053951465
122019.0258848807 121810.3244560873
121949.3930372537 121810.3244560873
121624.4397483277 121903.2435170281

120510.3141862956 122391.0685869674
121044.1660181026 122205.2304650858
121856.5492404177 122205.2304650858
120719.2127291766 122158.7709346154
121415.5412054466 122112.3114041450
122111.8696817167 121949.7030474985
121531.5959514916 121787.0946908521
122529.6667674787 121415.4184470888
122251.1353769707 121694.1756299112
121879.7601896267 121694.1756299112
123017.0967008678 121717.4053951465
121624.4397483277 121903.2435170281
122413.6120214337 121926.4732822633
121322.6974086106 121949.7030474985
122019.0258848807 121972.9328127337

120510.3141862956 122391.0685869674
122529.6667674787 121415.4184470888
122251.1353769707 121694.1756299112
121879.7601896267 121694.1756299112
123017.0967008678 121717.4053951465
121624.4397483277 121903.2435170281
122413.6120214337 121926.4732822633
122111.8696817167 121949.7030474985
121322.6974086106 121949.7030474985
122019.0258848807 121972.9328127337
121670.8616467457 122042.6221084393
121415.5412054466 122112.3114041450
120719.2127291766 122158.7709346154
121856.5492404177 122205.2304650858
121067.3769673116 122205.2304650858

120510.3141862956 122391.0685869674
121044.1660181026 122205.2304650858
121856.5492404177 122205.2304650858
120719.2127291766 122158.7709346154
121415.5412054466 122112.3114041450
122111.8696817167 121949.7030474985
122413.6120214337 121926.4732822633
121624.4397483277 121903.2435170281
121113.7988657296 121810.3244560873
121879.7601896267 121694.1756299112
122251.1353769707 121694.1756299112
123249.2061929578 121554.7970385000
122924.2529040317 121531.5672732648
122529.6667674787 121415.4184470888
123017.0967008678 121717.4053951465

121044.1660181026 122205.2304650858
121740.4944943727 122065.8518736745
121670.8616467457 122042.6221084393
122529.6667674787 121415.4184470888
121879.7601896267 121694.1756299112
123017.0967008678 121717.4053951465
122367.1901230157 121810.3244560873
122274.3463261797 121810.3244560873
122251.1353769707 121833.5542213225
121926.1820880447 121856.7839865577
122019.0258848807 121972.9328127337
121694.0725959547 121972.9328127337
122042.2368340897 122019.3923432041
121299.4864594016 122042.6221084393
120742.4236783856 122274.9197607914

120510.3141862956 122391.0685869674
120742.4236783856 122274.9197607914
121044.1660181026 122205.2304650858
121415.5412054466 122112.3114041450
121763.7054435817 121996.1625779689
121694.0725959547 121972.9328127337
122111.8696817167 121949.7030474985
122413.6120214337 121926.4732822633
122529.6667674787 121415.4184470888
122924.2529040317 121531.5672732648
123249.2061929578 121554.7970385000
123620.5813803018 121601.2565689704
122251.1353769707 121694.1756299112
121879.7601896267 121694.1756299112
121113.7988657296 121810.3244560873

121044.1660181026 122205.2304650858
121299.4864594016 122042.6221084393
121670.8616467457 122042.6221084393
121694.0725959547 121972.9328127337
122019.0258848807 121972.9328127337
122111.8696817167 121949.7030474985
121554.8069007007 121926.4732822633
121926.1820880447 121856.7839865577
122019.0258848807 121833.5542213225
121717.2835451637 121810.3244560873
122460.0339198517 121810.3244560873
122297.5572753887 121787.0946908521
122320.7682245977 121787.0946908521
121949.3930372537 121717.4053951465
121879.7601896267 121694.1756299112

120510.3141862956 122391.0685869674
121044.1660181026 122205.2304650858
121856.5492404177 122205.2304650858
120719.2127291766 122158.7709346154
121415.5412054466 122112.3114041450
122111.8696817167 121949.7030474985
122413.6120214337 121926.4732822633
121624.4397483277 121903.2435170281
121113.7988657296 121810.3244560873
121879.7601896267 121694.1756299112
122251.1353769707 121694.1756299112
123249.2061929578 121554.7970385000
122924.2529040317 121531.5672732648
122529.6667674787 121415.4184470888
122343.9791738067 121252.8100904423

120510.3141862956 122391.0685869674
120742.4236783856 122274.9197607914
121044.1660181026 122205.2304650858
121763.7054435817 122135.5411693802
121415.5412054466 122112.3114041450
122576.0886658967 121438.6482123240
122924.2529040317 121531.5672732648
123249.2061929578 121554.7970385000
123620.5813803018 121601.2565689704
122251.1353769707 121694.1756299112
121949.3930372537 121810.3244560873
121253.0645609837 121880.0137517929
122413.6120214337 121926.4732822633
122111.8696817167 121949.7030474985
121694.0725959547 121972.9328127337

120510.3141862956 122391.0685869674
124131.2222628998 118372.3192012768
123829.4799231828 118534.9275579232
123504.5266342568 118581.3870883936
122529.6667674787 121415.4184470888
122924.2529040317 121531.5672732648
123249.2061929578 121554.7970385000
123620.5813803018 121601.2565689704
121879.7601896267 121694.1756299112
122251.1353769707 121833.5542213225
122019.0258848807 121972.9328127337
121694.0725959547 121972.9328127337
121299.4864594016 122042.6221084393
121044.1660181026 122205.2304650858
120742.4236783856 122274.9197607914

120510.3141862956 122391.0685869674
124131.2222628998 118372.3192012768
123829.4799231828 118534.9275579232
123504.5266342568 118581.3870883936
123434.8937866298 121345.7291513832
122552.8777166877 121392.1886818536
121322.6974086106 121392.1886818536
123179.5733453308 121415.4184470888
122924.2529040317 121531.5672732648
122251.1353769707 121856.7839865577
121926.1820880447 121856.7839865577
121415.5412054466 122112.3114041450
121763.7054435817 122135.5411693802
121044.1660181026 122205.2304650858
120742.4236783856 122274.9197607914

121044.1660181026 122205.2304650858
121415.5412054466 122112.3114041450
121670.8616467457 122042.6221084393
121694.0725959547 121972.9328127337
121183.4317133566 121949.7030474985
122111.8696817167 121949.7030474985
122413.6120214337 121926.4732822633
121624.4397483277 121903.2435170281
121926.1820880447 121856.7839865577
121879.7601896267 121833.5542213225
121926.1820880447 121810.3244560873
122297.5572753887 121787.0946908521
122320.7682245977 121787.0946908521
122622.5105643147 121485.1077427944
121879.7601896267 121694.1756299112

121044.1660181026 122205.2304650858
121415.5412054466 122112.3114041450
121670.8616467457 122042.6221084393
121694.0725959547 121972.9328127337
121183.4317133566 121949.7030474985
122111.8696817167 121949.7030474985
122413.6120214337 121926.4732822633
121624.4397483277 121903.2435170281
121926.1820880447 121856.7839865577
121879.7601896267 121833.5542213225
121926.1820880447 121810.3244560873
122297.5572753887 121787.0946908521
122320.7682245977 121787.0946908521
121879.7601896267 121694.1756299112
121949.3930372537 121717.4053951465

121044.1660181026 122205.2304650858
121415.5412054466 122112.3114041450
121670.8616467457 122042.6221084393
121694.0725959547 121972.9328127337
121183.4317133566 121949.7030474985
122111.8696817167 121949.7030474985
122413.6120214337 121926.4732822633
121624.4397483277 121903.2435170281
121926.1820880447 121856.7839865577
121926.1820880447 121810.3244560873
122297.5572753887 121787.0946908521
122320.7682245977 121787.0946908521
121369.1193070286 122205.2304650858
121879.7601896267 121694.1756299112
122576.0886658967 121438.6482123240

121044.1660181026 122205.2304650858
121299.4864594016 122042.6221084393
121670.8616467457 122042.6221084393
121694.0725959547 121972.9328127337
122019.0258848807 121972.9328127337
122111.8696817167 121949.7030474985
121995.8149356717 121903.2435170281
122367.1901230157 121880.0137517929
121926.1820880447 121856.7839865577
122019.0258848807 121833.5542213225
121717.2835451637 121810.3244560873
122367.1901230157 121787.0946908521
122042.2368340897 121763.8649256169
122529.6667674787 121415.4184470888
122924.2529040317 121531.5672732648

120510.3141862956 122391.0685869674
120742.4236783856 122274.9197607914
121044.1660181026 122205.2304650858
121299.4864594016 122042.6221084393
121670.8616467457 122042.6221084393
122042.2368340897 122019.3923432041
121694.0725959547 121972.9328127337
122019.0258848807 121972.9328127337
121926.1820880447 121856.7839865577
122251.1353769707 121833.5542213225
122251.1353769707 121694.1756299112
123597.3704310928 121601.2565689704
123249.2061929578 121554.7970385000
122924.2529040317 121531.5672732648
122529.6667674787 121415.4184470888

120510.3141862956 122391.0685869674
120742.4236783856 122274.9197607914
121044.1660181026 122205.2304650858
121415.5412054466 122112.3114041450
121763.7054435817 121996.1625779689
121694.0725959547 121972.9328127337
122111.8696817167 121949.7030474985
122413.6120214337 121926.4732822633
121253.0645609837 121880.0137517929
121949.3930372537 121810.3244560873
123017.0967008678 121717.4053951465
121879.7601896267 121694.1756299112
122251.1353769707 121694.1756299112
120858.4784244306 121949.7030474985
122529.6667674787 121415.4184470888

120510.3141862956 122391.0685869674
121044.1660181026 122205.2304650858
121856.5492404177 122205.2304650858
120719.2127291766 122158.7709346154
121415.5412054466 122112.3114041450
121694.0725959547 121972.9328127337
122111.8696817167 121949.7030474985
122413.6120214337 121926.4732822633
121253.0645609837 121880.0137517929
121949.3930372537 121810.3244560873
122251.1353769707 121694.1756299112
123620.5813803018 121601.2565689704
123249.2061929578 121554.7970385000
122924.2529040317 121531.5672732648
122576.0886658967 121438.6482123240

120510.3141862956 122391.0685869674
120742.4236783856 122274.9197607914
121044.1660181026 122205.2304650858
121763.7054435817 122135.5411693802
121415.5412054466 122112.3114041450
122111.8696817167 121949.7030474985
122413.6120214337 121926.4732822633
121624.4397483277 121903.2435170281
121113.7988657296 121810.3244560873
121879.7601896267 121694.1756299112
122251.1353769707 121694.1756299112
123249.2061929578 121554.7970385000
122924.2529040317 121531.5672732648
122576.0886658967 121438.6482123240
121949.3930372537 121717.4053951465

120510.3141862956 122391.0685869674
120742.4236783856 122274.9197607914
121044.1660181026 122205.2304650858
121763.7054435817 122135.5411693802
121415.5412054466 122112.3114041450
121926.1820880447 121856.7839865577
122251.1353769707 121856.7839865577
123667.0032787198 121624.4863342056
121067.3769673116 121601.2565689704
121461.9631038647 121554.7970385000
123249.2061929578 121554.7970385000
122924.2529040317 121531.5672732648
122529.6667674787 121415.4184470888
124131.2222628998 118372.3192012768
123829.4799231828 118534.9275579232

124131.2222628998 118372.3192012768
123829.4799231828 118534.9275579232
123504.5266342568 118581.3870883936
122529.6667674787 121415.4184470888
122924.2529040317 121531.5672732648
123249.2061929578 121554.7970385000
121461.9631038647 121554.7970385000
123667.0032787198 121624.4863342056
122251.1353769707 121856.7839865577
121926.1820880447 121856.7839865577
121415.5412054466 122112.3114041450
121763.7054435817 122135.5411693802
121044.1660181026 122205.2304650858
120742.4236783856 122274.9197607914
120510.3141862956 122391.0685869674

121044.1660181026 122205.2304650858
121299.4864594016 122042.6221084393
121670.8616467457 122042.6221084393
121694.0725959547 121972.9328127337
122019.0258848807 121972.9328127337
122111.8696817167 121949.7030474985
121554.8069007007 121926.4732822633
121926.1820880447 121856.7839865577
122019.0258848807 121833.5542213225
121717.2835451637 121810.3244560873
122460.0339198517 121810.3244560873
122529.6667674787 121415.4184470888
122251.1353769707 121694.1756299112
123017.0967008678 121717.4053951465
121856.5492404177 121740.6351603817

124015.1675168548 118465.2382622176
122529.6667674787 121415.4184470888
122924.2529040317 121531.5672732648
123249.2061929578 121554.7970385000
123620.5813803018 121601.2565689704
121879.7601896267 121694.1756299112
122181.5025293437 121717.4053951465
122251.1353769707 121833.5542213225
122019.0258848807 121972.9328127337
121694.0725959547 121972.9328127337
121670.8616467457 122042.6221084393
121299.4864594016 122042.6221084393
121044.1660181026 122205.2304650858
120742.4236783856 122274.9197607914
120510.3141862956 122391.0685869674

122576.0886658967 121438.6482123240
122924.2529040317 121531.5672732648
122042.2368340897 121531.5672732648
123249.2061929578 121554.7970385000
121461.9631038647 121554.7970385000
123597.3704310928 121601.2565689704
121067.3769673116 121601.2565689704
121856.5492404177 121717.4053951465
122251.1353769707 121856.7839865577
121926.1820880447 121856.7839865577
121415.5412054466 122112.3114041450
121763.7054435817 122135.5411693802
121044.1660181026 122205.2304650858
120742.4236783856 122274.9197607914
120510.3141862956 122391.0685869674

120510.3141862956 122391.0685869674
120742.4236783856 122274.9197607914
121044.1660181026 122205.2304650858
121763.7054435817 122135.5411693802
121415.5412054466 122112.3114041450
121926.1820880447 121856.7839865577
122251.1353769707 121856.7839865577
124131.2222628998 118372.3192012768
123829.4799231828 118534.9275579232
123179.5733453308 121415.4184470888
122529.6667674787 121415.4184470888
122924.2529040317 121531.5672732648
121461.9631038647 121554.7970385000
123667.0032787198 121624.4863342056
121137.0098149386 121763.8649256169

120510.3141862956 122391.0685869674
120742.4236783856 122274.9197607914
121044.1660181026 122205.2304650858
121299.4864594016 122042.6221084393
121694.0725959547 121972.9328127337
122019.0258848807 121972.9328127337
122251.1353769707 121833.5542213225
121879.7601896267 121694.1756299112
123620.5813803018 121601.2565689704
123249.2061929578 121554.7970385000
122924.2529040317 121531.5672732648
122529.6667674787 121415.4184470888
123829.4799231828 118534.9275579232
124131.2222628998 118372.3192012768
122181.5025293437 121717.4053951465

120510.3141862956 122391.0685869674
120742.4236783856 122274.9197607914
121044.1660181026 122205.2304650858
121299.4864594016 122042.6221084393
121670.8616467457 122042.6221084393
121694.0725959547 121972.9328127337
122019.0258848807 121972.9328127337
121926.1820880447 121856.7839865577
122251.1353769707 121833.5542213225
121879.7601896267 121694.1756299112
123620.5813803018 121601.2565689704
122576.0886658967 121438.6482123240
122924.2529040317 121531.5672732648
122251.1353769707 121694.1756299112
123318.8390405848 121717.4053951465

121044.1660181026 122205.2304650858
121415.5412054466 122112.3114041450
121670.8616467457 122042.6221084393
121694.0725959547 121972.9328127337
121345.9083578196 122042.6221084393
122111.8696817167 121949.7030474985
122413.6120214337 121926.4732822633
121624.4397483277 121903.2435170281
121926.1820880447 121856.7839865577
121926.1820880447 121810.3244560873
122297.5572753887 121787.0946908521
122320.7682245977 121787.0946908521
121949.3930372537 121717.4053951465
121879.7601896267 121694.1756299112
122576.0886658967 121438.6482123240

120510.3141862956 122391.0685869674
120742.4236783856 122274.9197607914
121044.1660181026 122205.2304650858
121763.7054435817 122135.5411693802
121415.5412054466 122112.3114041450
122111.8696817167 121949.7030474985
122413.6120214337 121926.4732822633
121624.4397483277 121903.2435170281
121113.7988657296 121810.3244560873
121879.7601896267 121694.1756299112
122251.1353769707 121694.1756299112
122529.6667674787 121415.4184470888
122924.2529040317 121531.5672732648
123249.2061929578 121554.7970385000
123597.3704310928 121601.2565689704

122181.5025293437 121717.4053951465
121856.5492404177 121717.4053951465
122042.2368340897 121763.8649256169
122367.1901230157 121787.0946908521
121717.2835451637 121810.3244560873
122019.0258848807 121833.5542213225
121926.1820880447 121856.7839865577
122367.1901230157 121880.0137517929
121554.8069007007 121926.4732822633
122111.8696817167 121949.7030474985
122019.0258848807 121972.9328127337
121694.0725959547 121972.9328127337
121670.8616467457 122042.6221084393
121299.4864594016 122042.6221084393
121763.7054435817 121856.7839865577

120510.3141862956 122391.0685869674
120742.4236783856 122274.9197607914
121044.1660181026 122205.2304650858
121299.4864594016 122042.6221084393
121694.0725959547 121972.9328127337
122019.0258848807 121972.9328127337
122251.1353769707 121833.5542213225
121879.7601896267 121694.1756299112
123620.5813803018 121601.2565689704
123249.2061929578 121554.7970385000
122924.2529040317 121531.5672732648
122529.6667674787 121415.4184470888
123829.4799231828 118534.9275579232
124131.2222628998 118372.3192012768
122274.3463261797 121694.1756299112

120510.3141862956 122391.0685869674
120742.4236783856 122274.9197607914
121044.1660181026 122205.2304650858
121299.4864594016 122042.6221084393
121694.0725959547 121972.9328127337
122019.0258848807 121972.9328127337
122251.1353769707 121833.5542213225
121879.7601896267 121694.1756299112
123620.5813803018 121601.2565689704
123249.2061929578 121554.7970385000
122924.2529040317 121531.5672732648
122529.6667674787 121415.4184470888
123829.4799231828 118534.9275579232
124131.2222628998 118372.3192012768
122251.1353769707 121694.1756299112

121044.1660181026 122205.2304650858
121856.5492404177 122205.2304650858
120719.2127291766 122158.7709346154
121415.5412054466 122112.3114041450
121670.8616467457 122042.6221084393
122019.0258848807 121972.9328127337
121322.6974086106 121949.7030474985
122111.8696817167 121949.7030474985
122413.6120214337 121926.4732822633
121624.4397483277 121903.2435170281
122576.0886658967 121438.6482123240
121879.7601896267 121694.1756299112
121949.3930372537 121717.4053951465
122320.7682245977 121787.0946908521
122297.5572753887 121787.0946908521

122529.6667674787 121415.4184470888
122297.5572753887 121670.9458646760
123017.0967008678 121717.4053951465
122297.5572753887 121787.0946908521
122460.0339198517 121810.3244560873
122019.0258848807 121833.5542213225
121926.1820880447 121856.7839865577
121554.8069007007 121926.4732822633
122019.0258848807 121972.9328127337
121694.0725959547 121972.9328127337
122181.5025293437 121996.1625779689
120997.7441196846 122019.3923432041
121670.8616467457 122042.6221084393
121299.4864594016 122042.6221084393
120835.2674752216 122228.4602303210

120510.3141862956 122391.0685869674
120742.4236783856 122274.9197607914
121044.1660181026 122205.2304650858
121763.7054435817 122135.5411693802
121415.5412054466 122112.3114041450
122111.8696817167 121949.7030474985
121531.5959514916 121787.0946908521
122367.1901230157 121787.0946908521
121879.7601896267 121694.1756299112
122251.1353769707 121694.1756299112
123597.3704310928 121601.2565689704
123249.2061929578 121554.7970385000
122924.2529040317 121531.5672732648
122529.6667674787 121415.4184470888
124015.1675168548 118465.2382622176

120510.3141862956 122391.0685869674
120742.4236783856 122274.9197607914
121044.1660181026 122205.2304650858
121415.5412054466 122112.3114041450
121763.7054435817 121996.1625779689
121694.0725959547 121972.9328127337
122111.8696817167 121949.7030474985
122413.6120214337 121926.4732822633
121253.0645609837 121880.0137517929
121949.3930372537 121810.3244560873
122019.0258848807 121810.3244560873
122529.6667674787 121415.4184470888
122251.1353769707 121694.1756299112
123017.0967008678 121717.4053951465
121856.5492404177 121740.6351603817

121044.1660181026 122205.2304650858
120719.2127291766 122158.7709346154
121415.5412054466 122112.3114041450
121670.8616467457 122042.6221084393
122019.0258848807 121972.9328127337
121322.6974086106 121949.7030474985
122111.8696817167 121949.7030474985
122413.6120214337 121926.4732822633
121624.4397483277 121903.2435170281
122367.1901230157 121787.0946908521
121856.5492404177 121740.6351603817
123017.0967008678 121717.4053951465
121972.6039864627 121972.9328127337
122251.1353769707 121694.1756299112
122529.6667674787 121415.4184470888

120510.3141862956 122391.0685869674
121044.1660181026 122205.2304650858
121856.5492404177 122205.2304650858
120719.2127291766 122158.7709346154
121415.5412054466 122112.3114041450
122111.8696817167 121949.7030474985
121438.7521546556 121508.3375080296
122367.1901230157 121787.0946908521
121137.0098149386 121763.8649256169
121879.7601896267 121694.1756299112
122251.1353769707 121694.1756299112
123597.3704310928 121601.2565689704
123249.2061929578 121554.7970385000
122924.2529040317 121531.5672732648
122529.6667674787 121415.4184470888

121044.1660181026 122205.2304650858
121067.3769673116 122205.2304650858
121856.5492404177 122205.2304650858
120719.2127291766 122158.7709346154
121415.5412054466 122112.3114041450
121670.8616467457 122042.6221084393
122019.0258848807 121972.9328127337
121322.6974086106 121949.7030474985
122111.8696817167 121949.7030474985
122413.6120214337 121926.4732822633
121624.4397483277 121903.2435170281
122576.0886658967 121438.6482123240
122924.2529040317 121531.5672732648
122251.1353769707 121694.1756299112
122019.0258848807 121810.3244560873

120510.3141862956 122391.0685869674
120742.4236783856 122274.9197607914
121044.1660181026 122205.2304650858
121415.5412054466 122112.3114041450
121763.7054435817 121996.1625779689
121694.0725959547 121972.9328127337
122111.8696817167 121949.7030474985
122413.6120214337 121926.4732822633
121253.0645609837 121880.0137517929
121949.3930372537 121810.3244560873
122019.0258848807 121810.3244560873
122251.1353769707 121694.1756299112
122924.2529040317 121531.5672732648
122576.0886658967 121438.6482123240
123249.2061929578 121554.7970385000

120510.3141862956 122391.0685869674
121044.1660181026 122205.2304650858
121856.5492404177 122205.2304650858
120719.2127291766 122158.7709346154
121415.5412054466 122112.3114041450
122111.8696817167 121949.7030474985
121531.5959514916 121787.0946908521
122367.1901230157 121787.0946908521
121879.7601896267 121694.1756299112
122251.1353769707 121694.1756299112
124015.1675168548 118465.2382622176
122529.6667674787 121415.4184470888
122924.2529040317 121531.5672732648
123249.2061929578 121554.7970385000
123597.3704310928 121601.2565689704

122529.6667674787 121415.4184470888
122251.1353769707 121694.1756299112
121879.7601896267 121694.1756299112
123017.0967008678 121717.4053951465
121624.4397483277 121903.2435170281
122413.6120214337 121926.4732822633
122111.8696817167 121949.7030474985
121322.6974086106 121949.7030474985
122019.0258848807 121972.9328127337
121670.8616467457 122042.6221084393
122274.3463261797 121694.1756299112
121415.5412054466 122112.3114041450
120719.2127291766 122158.7709346154
121856.5492404177 122205.2304650858
121044.1660181026 122205.2304650858

120510.3141862956 122391.0685869674
121044.1660181026 122205.2304650858
121856.5492404177 122205.2304650858
120719.2127291766 122158.7709346154
121415.5412054466 122112.3114041450
122019.0258848807 121972.9328127337
122343.9791738067 121252.8100904423
122529.6667674787 121415.4184470888
122924.2529040317 121531.5672732648
123249.2061929578 121554.7970385000
122251.1353769707 121694.1756299112
121879.7601896267 121694.1756299112
121113.7988657296 121810.3244560873
121624.4397483277 121903.2435170281
122413.6120214337 121926.4732822633

122529.6667674787 121415.4184470888
122924.2529040317 121531.5672732648
123249.2061929578 121554.7970385000
123620.5813803018 121601.2565689704
121879.7601896267 121694.1756299112
122181.5025293437 121717.4053951465
122251.1353769707 121833.5542213225
121926.1820880447 121856.7839865577
122019.0258848807 121972.9328127337
121694.0725959547 121972.9328127337
121670.8616467457 122042.6221084393
121299.4864594016 122042.6221084393
121044.1660181026 122205.2304650858
120742.4236783856 122274.9197607914
120510.3141862956 122391.0685869674

120510.3141862956 122391.0685869674
121392.3302562376 122298.1495260266
120742.4236783856 122274.9197607914
121044.1660181026 122205.2304650858
121763.7054435817 122135.5411693802
119930.0404560706 121996.1625779689
121926.1820880447 121856.7839865577
122297.5572753887 121787.0946908521
123667.0032787198 121624.4863342056
122924.2529040317 121531.5672732648
120904.9003228486 121415.4184470888
123179.5733453308 121415.4184470888
122552.8777166877 121392.1886818536
123829.4799231828 118534.9275579232
124131.2222628998 118372.3192012768

120510.3141862956 122391.0685869674
120742.4236783856 122274.9197607914
121044.1660181026 122205.2304650858
121763.7054435817 122135.5411693802
121415.5412054466 122112.3114041450
121694.0725959547 121972.9328127337
122019.0258848807 121972.9328127337
121926.1820880447 121856.7839865577
122251.1353769707 121833.5542213225
122251.1353769707 121670.9458646760
123597.3704310928 121601.2565689704
123249.2061929578 121554.7970385000
122924.2529040317 121531.5672732648
122529.6667674787 121415.4184470888
121856.5492404177 121717.4053951465

121717.2835451637 122158.7709346154
121392.3302562376 122112.3114041450
121531.5959514916 122042.6221084393
121972.6039864627 121996.1625779689
122019.0258848807 121972.9328127337
122088.6587325077 121972.9328127337
121601.2287991187 121949.7030474985
121833.3382912087 121949.7030474985
122111.8696817167 121949.7030474985
121578.0178499097 121856.7839865577
121926.1820880447 121856.7839865577
121694.0725959547 121810.3244560873
121740.4944943727 121810.3244560873
121647.6506975367 121903.2435170281
122320.7682245977 121787.0946908521

120510.3141862956 122391.0685869674
120742.4236783856 122274.9197607914
121044.1660181026 122205.2304650858
121415.5412054466 122112.3114041450
121763.7054435817 121996.1625779689
121694.0725959547 121972.9328127337
122111.8696817167 121949.7030474985
122413.6120214337 121926.4732822633
121253.0645609837 121880.0137517929
121949.3930372537 121810.3244560873
122019.0258848807 121810.3244560873
122576.0886658967 121438.6482123240
122924.2529040317 121531.5672732648
122251.1353769707 121694.1756299112
121624.4397483277 121903.2435170281

121044.1660181026 122205.2304650858
121299.4864594016 122042.6221084393
121670.8616467457 122042.6221084393
121694.0725959547 121972.9328127337
122019.0258848807 121972.9328127337
122111.8696817167 121949.7030474985
121554.8069007007 121926.4732822633
121926.1820880447 121856.7839865577
122019.0258848807 121833.5542213225
121717.2835451637 121810.3244560873
122460.0339198517 121810.3244560873
122297.5572753887 121787.0946908521
122529.6667674787 121415.4184470888
121879.7601896267 121694.1756299112
123017.0967008678 121717.4053951465

122181.5025293437 121717.4053951465
121856.5492404177 121717.4053951465
122042.2368340897 121763.8649256169
122367.1901230157 121787.0946908521
121717.2835451637 121810.3244560873
122019.0258848807 121833.5542213225
121926.1820880447 121856.7839865577
122367.1901230157 121880.0137517929
121554.8069007007 121926.4732822633
122111.8696817167 121949.7030474985
122019.0258848807 121972.9328127337
121694.0725959547 121972.9328127337
121670.8616467457 122042.6221084393
121299.4864594016 122042.6221084393
121044.1660181026 122205.2304650858

120510.3141862956 122391.0685869674
121392.3302562376 122298.1495260266
120742.4236783856 122274.9197607914
121044.1660181026 122205.2304650858
121763.7054435817 122135.5411693802
119930.0404560706 121996.1625779689
124015.1675168548 118465.2382622176
122529.6667674787 121415.4184470888
122924.2529040317 121531.5672732648
123249.2061929578 121554.7970385000
123597.3704310928 121601.2565689704
121879.7601896267 121694.1756299112
121137.0098149386 121763.8649256169
122367.1901230157 121787.0946908521
121531.5959514916 121787.0946908521

120510.3141862956 122391.0685869674
121044.1660181026 122205.2304650858
121856.5492404177 122205.2304650858
120719.2127291766 122158.7709346154
121415.5412054466 122112.3114041450
124131.2222628998 118372.3192012768
123829.4799231828 118534.9275579232
122529.6667674787 121415.4184470888
122924.2529040317 121531.5672732648
123249.2061929578 121554.7970385000
123620.5813803018 121601.2565689704
121879.7601896267 121694.1756299112
122251.1353769707 121833.5542213225
122019.0258848807 121972.9328127337
121694.0725959547 121972.9328127337

121044.1660181026 122205.2304650858
121415.5412054466 122112.3114041450
121670.8616467457 122042.6221084393
121694.0725959547 121972.9328127337
121183.4317133566 121949.7030474985
122111.8696817167 121949.7030474985
122413.6120214337 121926.4732822633
121624.4397483277 121903.2435170281
121926.1820880447 121856.7839865577
121926.1820880447 121810.3244560873
122297.5572753887 121787.0946908521
122320.7682245977 121787.0946908521
121949.3930372537 121717.4053951465
121879.7601896267 121694.1756299112
121740.4944943727 122065.8518736745

120510.3141862956 122391.0685869674
121044.1660181026 122205.2304650858
121856.5492404177 122205.2304650858
120719.2127291766 122158.7709346154
121415.5412054466 122112.3114041450
122111.8696817167 121949.7030474985
124131.2222628998 118372.3192012768
123829.4799231828 118534.9275579232
122552.8777166877 121392.1886818536
123179.5733453308 121415.4184470888
120904.9003228486 121415.4184470888
122924.2529040317 121531.5672732648
123667.0032787198 121624.4863342056
121531.5959514916 121694.1756299112
122297.5572753887 121787.0946908521

124131.2222628998 118372.3192012768
123829.4799231828 118534.9275579232
122529.6667674787 121415.4184470888
122924.2529040317 121531.5672732648
123249.2061929578 121554.7970385000
123620.5813803018 121601.2565689704
121879.7601896267 121694.1756299112
122251.1353769707 121833.5542213225
122019.0258848807 121972.9328127337
121694.0725959547 121972.9328127337
121670.8616467457 122042.6221084393
121299.4864594016 122042.6221084393
121044.1660181026 122205.2304650858
120742.4236783856 122274.9197607914
120510.3141862956 122391.0685869674

120510.3141862956 122391.0685869674
120742.4236783856 122274.9197607914
121044.1660181026 122205.2304650858
121763.7054435817 122135.5411693802
121415.5412054466 122112.3114041450
121694.0725959547 121972.9328127337
122019.0258848807 121972.9328127337
121624.4397483277 121903.2435170281
121926.1820880447 121856.7839865577
122251.1353769707 121833.5542213225
122367.1901230157 121787.0946908521
123017.0967008678 121717.4053951465
121879.7601896267 121694.1756299112
122251.1353769707 121670.9458646760
122529.6667674787 121415.4184470888

120510.3141862956 122391.0685869674
124015.1675168548 118465.2382622176
122529.6667674787 121415.4184470888
122924.2529040317 121531.5672732648
123249.2061929578 121554.7970385000
123597.3704310928 121601.2565689704
122251.1353769707 121670.9458646760
122251.1353769707 121833.5542213225
121926.1820880447 121856.7839865577
122019.0258848807 121972.9328127337
121694.0725959547 121972.9328127337
121415.5412054466 122112.3114041450
121763.7054435817 122135.5411693802
121044.1660181026 122205.2304650858
120742.4236783856 122274.9197607914

121044.1660181026 122205.2304650858
121299.4864594016 122042.6221084393
121670.8616467457 122042.6221084393
122529.6667674787 121415.4184470888
122251.1353769707 121694.1756299112
121879.7601896267 121694.1756299112
123017.0967008678 121717.4053951465
122367.1901230157 121787.0946908521
122251.1353769707 121833.5542213225
121926.1820880447 121856.7839865577
122019.0258848807 121972.9328127337
121694.0725959547 121972.9328127337
122042.2368340897 122019.3923432041
121415.5412054466 122112.3114041450
121763.7054435817 122135.5411693802

120510.3141862956 122391.0685869674
120742.4236783856 122274.9197607914
121044.1660181026 122205.2304650858
121763.7054435817 122135.5411693802
121415.5412054466 122112.3114041450
122529.6667674787 121415.4184470888
122251.1353769707 121694.1756299112
121879.7601896267 121694.1756299112
123017.0967008678 121717.4053951465
121624.4397483277 121903.2435170281
122413.6120214337 121926.4732822633
122111.8696817167 121949.7030474985
121322.6974086106 121949.7030474985
122019.0258848807 121972.9328127337
121670.8616467457 122042.6221084393

120510.3141862956 122391.0685869674
120742.4236783856 122274.9197607914
121044.1660181026 122205.2304650858
121763.7054435817 122135.5411693802
121415.5412054466 122112.3114041450
122111.8696817167 121949.7030474985
121531.5959514916 121787.0946908521
122320.7682245977 121787.0946908521
122367.1901230157 121787.0946908521
121879.7601896267 121694.1756299112
123597.3704310928 121601.2565689704
123249.2061929578 121554.7970385000
122924.2529040317 121531.5672732648
122529.6667674787 121415.4184470888
124015.1675168548 118465.2382622176

120510.3141862956 122391.0685869674
121044.1660181026 122205.2304650858
121856.5492404177 122205.2304650858
120719.2127291766 122158.7709346154
121415.5412054466 122112.3114041450
122111.8696817167 121949.7030474985
122413.6120214337 121926.4732822633
121276.2755101926 121903.2435170281
121624.4397483277 121903.2435170281
121949.3930372537 121810.3244560873
122019.0258848807 121810.3244560873
122251.1353769707 121694.1756299112
122576.0886658967 121438.6482123240
122924.2529040317 121531.5672732648
123249.2061929578 121554.7970385000

120417.4703894596 122344.6090564970
120742.4236783856 122274.9197607914
121044.1660181026 122205.2304650858
121763.7054435817 122135.5411693802
121415.5412054466 122112.3114041450
122111.8696817167 121949.7030474985
122297.5572753887 121787.0946908521
121137.0098149386 121763.8649256169
123667.0032787198 121624.4863342056
121461.9631038647 121554.7970385000
122924.2529040317 121531.5672732648
122576.0886658967 121438.6482123240
123249.2061929578 121554.7970385000
122251.1353769707 121694.1756299112
121879.7601896267 121694.1756299112

120510.3141862956 122391.0685869674
120742.4236783856 122274.9197607914
121044.1660181026 122205.2304650858
121763.7054435817 122135.5411693802
121415.5412054466 122112.3114041450
121694.0725959547 121972.9328127337
122019.0258848807 121972.9328127337
122042.2368340897 121903.2435170281
121926.1820880447 121856.7839865577
122019.0258848807 121833.5542213225
122274.3463261797 121810.3244560873
122367.1901230157 121810.3244560873
122529.6667674787 121415.4184470888
122924.2529040317 121531.5672732648
123249.2061929578 121554.7970385000

121044.1660181026 122205.2304650858
120719.2127291766 122158.7709346154
121415.5412054466 122112.3114041450
121670.8616467457 122042.6221084393
122019.0258848807 121972.9328127337
121322.6974086106 121949.7030474985
122111.8696817167 121949.7030474985
122413.6120214337 121926.4732822633
121624.4397483277 121903.2435170281
122529.6667674787 121415.4184470888
122251.1353769707 121694.1756299112
121879.7601896267 121694.1756299112
121810.1273419997 122182.0006998506
121949.3930372537 121810.3244560873
121276.2755101926 121903.2435170281

120510.3141862956 122391.0685869674
120742.4236783856 122274.9197607914
121044.1660181026 122205.2304650858
121763.7054435817 122135.5411693802
121415.5412054466 122112.3114041450
121694.0725959547 121972.9328127337
122019.0258848807 121972.9328127337
122042.2368340897 121903.2435170281
121926.1820880447 121856.7839865577
122019.0258848807 121833.5542213225
122274.3463261797 121810.3244560873
122367.1901230157 121810.3244560873
123017.0967008678 121717.4053951465
121879.7601896267 121694.1756299112
122529.6667674787 121415.4184470888

120510.3141862956 122391.0685869674
120742.4236783856 122274.9197607914
121044.1660181026 122205.2304650858
121415.5412054466 122112.3114041450
121763.7054435817 121996.1625779689
121694.0725959547 121972.9328127337
122111.8696817167 121949.7030474985
122413.6120214337 121926.4732822633
121276.2755101926 121903.2435170281
121624.4397483277 121903.2435170281
121949.3930372537 121810.3244560873
122019.0258848807 121810.3244560873
122251.1353769707 121694.1756299112
122924.2529040317 121531.5672732648
122576.0886658967 121438.6482123240

120510.3141862956 122391.0685869674
121044.1660181026 122205.2304650858
121856.5492404177 122205.2304650858
120719.2127291766 122158.7709346154
121415.5412054466 122112.3114041450
122111.8696817167 121949.7030474985
122413.6120214337 121926.4732822633
121276.2755101926 121903.2435170281
121624.4397483277 121903.2435170281
122576.0886658967 121438.6482123240
122924.2529040317 121531.5672732648
122251.1353769707 121694.1756299112
122019.0258848807 121810.3244560873
121949.3930372537 121810.3244560873
121694.0725959547 121972.9328127337

120510.3141862956 122391.0685869674
120742.4236783856 122274.9197607914
121044.1660181026 122205.2304650858
121763.7054435817 122135.5411693802
121415.5412054466 122112.3114041450
121694.0725959547 121972.9328127337
122111.8696817167 121949.7030474985
122413.6120214337 121926.4732822633
121276.2755101926 121903.2435170281
121624.4397483277 121903.2435170281
121949.3930372537 121810.3244560873
122019.0258848807 121810.3244560873
122251.1353769707 121694.1756299112
122924.2529040317 121531.5672732648
122576.0886658967 121438.6482123240

120417.4703894596 122344.6090564970
120742.4236783856 122274.9197607914
121299.4864594016 122042.6221084393
121670.8616467457 122042.6221084393
120997.7441196846 122019.3923432041
121694.0725959547 121972.9328127337
122019.0258848807 121972.9328127337
121554.8069007007 121926.4732822633
121926.1820880447 121856.7839865577
122251.1353769707 121833.5542213225
122390.4010722247 121810.3244560873
122529.6667674787 121415.4184470888
122924.2529040317 121531.5672732648
123249.2061929578 121554.7970385000
123597.3704310928 121601.2565689704

120417.4703894596 122344.6090564970
120742.4236783856 122274.9197607914
121044.1660181026 122205.2304650858
121113.7988657296 122205.2304650858
121415.5412054466 122112.3114041450
122529.6667674787 121415.4184470888
122251.1353769707 121694.1756299112
121879.7601896267 121694.1756299112
123017.0967008678 121717.4053951465
121624.4397483277 121903.2435170281
122413.6120214337 121926.4732822633
122111.8696817167 121949.7030474985
121322.6974086106 121949.7030474985
122019.0258848807 121972.9328127337
121670.8616467457 122042.6221084393

120417.4703894596 122344.6090564970
120742.4236783856 122274.9197607914
121044.1660181026 122205.2304650858
121763.7054435817 122135.5411693802
121415.5412054466 122112.3114041450
122111.8696817167 121949.7030474985
122413.6120214337 121926.4732822633
121624.4397483277 121903.2435170281
121926.1820880447 121833.5542213225
121113.7988657296 121810.3244560873
122251.1353769707 121694.1756299112
123597.3704310928 121601.2565689704
123249.2061929578 121554.7970385000
122924.2529040317 121531.5672732648
122529.6667674787 121415.4184470888

120417.4703894596 122344.6090564970
121044.1660181026 122205.2304650858
121856.5492404177 122205.2304650858
120719.2127291766 122158.7709346154
121415.5412054466 122112.3114041450
122111.8696817167 121949.7030474985
122413.6120214337 121926.4732822633
121624.4397483277 121903.2435170281
121926.1820880447 121833.5542213225
121113.7988657296 121810.3244560873
121879.7601896267 121694.1756299112
122251.1353769707 121694.1756299112
123249.2061929578 121554.7970385000
122924.2529040317 121531.5672732648
122576.0886658967 121438.6482123240

120510.3141862956 122391.0685869674
120742.4236783856 122274.9197607914
121044.1660181026 122205.2304650858
121763.7054435817 122135.5411693802
121415.5412054466 122112.3114041450
122111.8696817167 121949.7030474985
122413.6120214337 121926.4732822633
121624.4397483277 121903.2435170281
121926.1820880447 121833.5542213225
121879.7601896267 121694.1756299112
122251.1353769707 121694.1756299112
123597.3704310928 121601.2565689704
123249.2061929578 121554.7970385000
122924.2529040317 121531.5672732648
122576.0886658967 121438.6482123240

120510.3141862956 122391.0685869674
120742.4236783856 122274.9197607914
121044.1660181026 122205.2304650858
122529.6667674787 121415.4184470888
121879.7601896267 121694.1756299112
123017.0967008678 121717.4053951465
122367.1901230157 121810.3244560873
122274.3463261797 121810.3244560873
122019.0258848807 121833.5542213225
121926.1820880447 121856.7839865577
122042.2368340897 121903.2435170281
122019.0258848807 121972.9328127337
121694.0725959547 121972.9328127337
121670.8616467457 122042.6221084393
121299.4864594016 122042.6221084393

122529.6667674787 121415.4184470888
122251.1353769707 121694.1756299112
121879.7601896267 121694.1756299112
123017.0967008678 121717.4053951465
122367.1901230157 121787.0946908521
121624.4397483277 121903.2435170281
122413.6120214337 121926.4732822633
122111.8696817167 121949.7030474985
121322.6974086106 121949.7030474985
122019.0258848807 121972.9328127337
121670.8616467457 122042.6221084393
121415.5412054466 122112.3114041450
120719.2127291766 122158.7709346154
121856.5492404177 121740.6351603817
121044.1660181026 122205.2304650858

120510.3141862956 122391.0685869674
121044.1660181026 122205.2304650858
121856.5492404177 122205.2304650858
120719.2127291766 122158.7709346154
121415.5412054466 122112.3114041450
122019.0258848807 121972.9328127337
122297.5572753887 121787.0946908521
121137.0098149386 121763.8649256169
121879.7601896267 121694.1756299112
123667.0032787198 121624.4863342056
121461.9631038647 121554.7970385000
122924.2529040317 121531.5672732648
122529.6667674787 121415.4184470888
123179.5733453308 121415.4184470888
122181.5025293437 121717.4053951465

120510.3141862956 122391.0685869674
120742.4236783856 122274.9197607914
121044.1660181026 122205.2304650858
121763.7054435817 122135.5411693802
121415.5412054466 122112.3114041450
122529.6667674787 121415.4184470888
122924.2529040317 121531.5672732648
123249.2061929578 121554.7970385000
123667.0032787198 121624.4863342056
122181.5025293437 121717.4053951465
122251.1353769707 121833.5542213225
121902.9711388357 121833.5542213225
121926.1820880447 121856.7839865577
121694.0725959547 121972.9328127337
122042.2368340897 122019.3923432041

121044.1660181026 122205.2304650858
121299.4864594016 122042.6221084393
121670.8616467457 122042.6221084393
121694.0725959547 121972.9328127337
122019.0258848807 121972.9328127337
122111.8696817167 121949.7030474985
121554.8069007007 121926.4732822633
121926.1820880447 121856.7839865577
122019.0258848807 121833.5542213225
122529.6667674787 121415.4184470888
122251.1353769707 121694.1756299112
121879.7601896267 121694.1756299112
123017.0967008678 121717.4053951465
121624.4397483277 121903.2435170281
122413.6120214337 121926.4732822633

122529.6667674787 121415.4184470888
122251.1353769707 121694.1756299112
121879.7601896267 121694.1756299112
123017.0967008678 121717.4053951465
122367.1901230157 121787.0946908521
121624.4397483277 121903.2435170281
122413.6120214337 121926.4732822633
122111.8696817167 121949.7030474985
121322.6974086106 121949.7030474985
120788.8455768036 122321.3792912618
122019.0258848807 121972.9328127337
121694.0725959547 121972.9328127337
121415.5412054466 122112.3114041450
121763.7054435817 122158.7709346154
121044.1660181026 122205.2304650858

121044.1660181026 122205.2304650858
121067.3769673116 122205.2304650858
121856.5492404177 122205.2304650858
120719.2127291766 122158.7709346154
121415.5412054466 122112.3114041450
121670.8616467457 122042.6221084393
122019.0258848807 121972.9328127337
121322.6974086106 121949.7030474985
122111.8696817167 121949.7030474985
122413.6120214337 121926.4732822633
121624.4397483277 121903.2435170281
122529.6667674787 121415.4184470888
122251.1353769707 121694.1756299112
121879.7601896267 121694.1756299112
123017.0967008678 121717.4053951465

120510.3141862956 122391.0685869674
121044.1660181026 122205.2304650858
121856.5492404177 122205.2304650858
120719.2127291766 122158.7709346154
121415.5412054466 122112.3114041450
122019.0258848807 121972.9328127337
122297.5572753887 121787.0946908521
121137.0098149386 121763.8649256169
121902.9711388357 121601.2565689704
123667.0032787198 121624.4863342056
121461.9631038647 121554.7970385000
122924.2529040317 121531.5672732648
122529.6667674787 121415.4184470888
123179.5733453308 121415.4184470888
124015.1675168548 118465.2382622176

121044.1660181026 122205.2304650858
121415.5412054466 122112.3114041450
121670.8616467457 122042.6221084393
122065.4477832987 122019.3923432041
121694.0725959547 121972.9328127337
123017.0967008678 121694.1756299112
122111.8696817167 121949.7030474985
121624.4397483277 121903.2435170281
121926.1820880447 121856.7839865577
121926.1820880447 121810.3244560873
122297.5572753887 121787.0946908521
122320.7682245977 121787.0946908521
121949.3930372537 121717.4053951465
121879.7601896267 121694.1756299112
122529.6667674787 121415.4184470888

120417.4703894596 122344.6090564970
121044.1660181026 122205.2304650858
121856.5492404177 122205.2304650858
120719.2127291766 122158.7709346154
121415.5412054466 122112.3114041450
122111.8696817167 121949.7030474985
122576.0886658967 121438.6482123240
122924.2529040317 121531.5672732648
123249.2061929578 121554.7970385000
123597.3704310928 121601.2565689704
122251.1353769707 121694.1756299112
121879.7601896267 121694.1756299112
121926.1820880447 121833.5542213225
121624.4397483277 121903.2435170281
122413.6120214337 121926.4732822633

121044.1660181026 122205.2304650858
121067.3769673116 122205.2304650858
121856.5492404177 122205.2304650858
120719.2127291766 122158.7709346154
121415.5412054466 122112.3114041450
121670.8616467457 122042.6221084393
122019.0258848807 121972.9328127337
121322.6974086106 121949.7030474985
122111.8696817167 121949.7030474985
122413.6120214337 121926.4732822633
121624.4397483277 121903.2435170281
122367.1901230157 121787.0946908521
123017.0967008678 121717.4053951465
121879.7601896267 121694.1756299112
122529.6667674787 121415.4184470888

121044.1660181026 122205.2304650858
121763.7054435817 122158.7709346154
121415.5412054466 122112.3114041450
121670.8616467457 122042.6221084393
121183.4317133566 121949.7030474985
122111.8696817167 121949.7030474985
121601.2287991187 121926.4732822633
122413.6120214337 121926.4732822633
121624.4397483277 121903.2435170281
121926.1820880447 121856.7839865577
122529.6667674787 121415.4184470888
122251.1353769707 121694.1756299112
121879.7601896267 121694.1756299112
123017.0967008678 121717.4053951465
122367.1901230157 121787.0946908521

122529.6667674787 121415.4184470888
122251.1353769707 121694.1756299112
121879.7601896267 121694.1756299112
123017.0967008678 121717.4053951465
122367.1901230157 121787.0946908521
121624.4397483277 121903.2435170281
122413.6120214337 121926.4732822633
122111.8696817167 121949.7030474985
121322.6974086106 121949.7030474985
122019.0258848807 121972.9328127337
121670.8616467457 122042.6221084393
121415.5412054466 122112.3114041450
120719.2127291766 122158.7709346154
121856.5492404177 122205.2304650858
121044.1660181026 122205.2304650858

120510.3141862956 122391.0685869674
120742.4236783856 122274.9197607914
121044.1660181026 122205.2304650858
121763.7054435817 122135.5411693802
121415.5412054466 122112.3114041450
121926.1820880447 121856.7839865577
122251.1353769707 121856.7839865577
123667.0032787198 121624.4863342056
121461.9631038647 121554.7970385000
122924.2529040317 121531.5672732648
123179.5733453308 121415.4184470888
122552.8777166877 121392.1886818536
123829.4799231828 118534.9275579232
124131.2222628998 118372.3192012768
121531.5959514916 121183.1207947367

121044.1660181026 122205.2304650858
121763.7054435817 122158.7709346154
121415.5412054466 122112.3114041450
121670.8616467457 122042.6221084393
121183.4317133566 121949.7030474985
122111.8696817167 121949.7030474985
121601.2287991187 121926.4732822633
122413.6120214337 121926.4732822633
121624.4397483277 121903.2435170281
121926.1820880447 121856.7839865577
122297.5572753887 121787.0946908521
122320.7682245977 121787.0946908521
121949.3930372537 121717.4053951465
121926.1820880447 121694.1756299112
121879.7601896267 121694.1756299112

122529.6667674787 121415.4184470888
122251.1353769707 121694.1756299112
121879.7601896267 121694.1756299112
121670.8616467457 121880.0137517929
122367.1901230157 121787.0946908521
121624.4397483277 121903.2435170281
122413.6120214337 121926.4732822633
122111.8696817167 121949.7030474985
121183.4317133566 121949.7030474985
122019.0258848807 121972.9328127337
121694.0725959547 121972.9328127337
121415.5412054466 122112.3114041450
121763.7054435817 122158.7709346154
121044.1660181026 122205.2304650858
120742.4236783856 122274.9197607914

122529.6667674787 121415.4184470888
122251.1353769707 121694.1756299112
121879.7601896267 121694.1756299112
123017.0967008678 121717.4053951465
121949.3930372537 121810.3244560873
121624.4397483277 121903.2435170281
121276.2755101926 121903.2435170281
122413.6120214337 121926.4732822633
122111.8696817167 121949.7030474985
122019.0258848807 121972.9328127337
121694.0725959547 121972.9328127337
121995.8149356717 121972.9328127337
121415.5412054466 122112.3114041450
121044.1660181026 122205.2304650858
120742.4236783856 122274.9197607914

120510.3141862956 122391.0685869674
121044.1660181026 122205.2304650858
121856.5492404177 122205.2304650858
120719.2127291766 122158.7709346154
121415.5412054466 122112.3114041450
122019.0258848807 121972.9328127337
122413.6120214337 121926.4732822633
121276.2755101926 121903.2435170281
121624.4397483277 121903.2435170281
121949.3930372537 121810.3244560873
122019.0258848807 121810.3244560873
122251.1353769707 121694.1756299112
123249.2061929578 121554.7970385000
122924.2529040317 121531.5672732648
122576.0886658967 121438.6482123240

120510.3141862956 122391.0685869674
121044.1660181026 122205.2304650858
121856.5492404177 122205.2304650858
120719.2127291766 122158.7709346154
121415.5412054466 122112.3114041450
122111.8696817167 121949.7030474985
121531.5959514916 121787.0946908521
122320.7682245977 121787.0946908521
122529.6667674787 121415.4184470888
122924.2529040317 121531.5672732648
123249.2061929578 121554.7970385000
123597.3704310928 121601.2565689704
122251.1353769707 121694.1756299112
121879.7601896267 121694.1756299112
121137.0098149386 121763.8649256169

120417.4703894596 122344.6090564970
121044.1660181026 122205.2304650858
121856.5492404177 122205.2304650858
120719.2127291766 122158.7709346154
121415.5412054466 122112.3114041450
122529.6667674787 121415.4184470888
122924.2529040317 121531.5672732648
123249.2061929578 121554.7970385000
122251.1353769707 121694.1756299112
121879.7601896267 121694.1756299112
121949.3930372537 121717.4053951465
121113.7988657296 121810.3244560873
121624.4397483277 121903.2435170281
122413.6120214337 121926.4732822633
122111.8696817167 121949.7030474985

122529.6667674787 121415.4184470888
122251.1353769707 121694.1756299112
121879.7601896267 121694.1756299112
123017.0967008678 121717.4053951465
121949.3930372537 121810.3244560873
121624.4397483277 121903.2435170281
121276.2755101926 121903.2435170281
122413.6120214337 121926.4732822633
122111.8696817167 121949.7030474985
122019.0258848807 121972.9328127337
121694.0725959547 121972.9328127337
121670.8616467457 122042.6221084393
121415.5412054466 122112.3114041450
121044.1660181026 122205.2304650858
120742.4236783856 122274.9197607914

121044.1660181026 122205.2304650858
121763.7054435817 122158.7709346154
121415.5412054466 122112.3114041450
122529.6667674787 121415.4184470888
121879.7601896267 121694.1756299112
121949.3930372537 121717.4053951465
122320.7682245977 121787.0946908521
122297.5572753887 121787.0946908521
121926.1820880447 121856.7839865577
121624.4397483277 121903.2435170281
122413.6120214337 121926.4732822633
121601.2287991187 121926.4732822633
122111.8696817167 121949.7030474985
121183.4317133566 121949.7030474985
121670.8616467457 122042.6221084393

120417.4703894596 122344.6090564970
120742.4236783856 122274.9197607914
121044.1660181026 122205.2304650858
121763.7054435817 122135.5411693802
121415.5412054466 122112.3114041450
122576.0886658967 121438.6482123240
121786.9163927907 121485.1077427944
122924.2529040317 121531.5672732648
123249.2061929578 121554.7970385000
122251.1353769707 121694.1756299112
121113.7988657296 121810.3244560873
121926.1820880447 121833.5542213225
121647.6506975367 121856.7839865577
122413.6120214337 121926.4732822633
122111.8696817167 121949.7030474985

121044.1660181026 122205.2304650858
121438.7521546556 122205.2304650858
122529.6667674787 121415.4184470888
121879.7601896267 121694.1756299112
121949.3930372537 121717.4053951465
122320.7682245977 121787.0946908521
122297.5572753887 121787.0946908521
121926.1820880447 121856.7839865577
121624.4397483277 121903.2435170281
122413.6120214337 121926.4732822633
122111.8696817167 121949.7030474985
121183.4317133566 121949.7030474985
121694.0725959547 121972.9328127337
121670.8616467457 122042.6221084393
121415.5412054466 122112.3114041450

120417.4703894596 122344.6090564970
120742.4236783856 122274.9197607914
121044.1660181026 122205.2304650858
121763.7054435817 122135.5411693802
121415.5412054466 122112.3114041450
122111.8696817167 121949.7030474985
122413.6120214337 121926.4732822633
121624.4397483277 121903.2435170281
121926.1820880447 121833.5542213225
121113.7988657296 121810.3244560873
122251.1353769707 121694.1756299112
123249.2061929578 121554.7970385000
122924.2529040317 121531.5672732648
121786.9163927907 121485.1077427944
122576.0886658967 121438.6482123240

121044.1660181026 122205.2304650858
121763.7054435817 122158.7709346154
121415.5412054466 122112.3114041450
121694.0725959547 121972.9328127337
122019.0258848807 121972.9328127337
121183.4317133566 121949.7030474985
121670.8616467457 121926.4732822633
122111.8696817167 121949.7030474985
122413.6120214337 121926.4732822633
121624.4397483277 121903.2435170281
122367.1901230157 121787.0946908521
123017.0967008678 121717.4053951465
121879.7601896267 121694.1756299112
122251.1353769707 121694.1756299112
122529.6667674787 121415.4184470888

120510.3141862956 122391.0685869674
122576.0886658967 121438.6482123240
122924.2529040317 121531.5672732648
123249.2061929578 121554.7970385000
122251.1353769707 121694.1756299112
121879.7601896267 121694.1756299112
121113.7988657296 121810.3244560873
121926.1820880447 121833.5542213225
121624.4397483277 121903.2435170281
122413.6120214337 121926.4732822633
122111.8696817167 121949.7030474985
121415.5412054466 122112.3114041450
121763.7054435817 122135.5411693802
121044.1660181026 122205.2304650858
120742.4236783856 122274.9197607914

122529.6667674787 121415.4184470888
121879.7601896267 121694.1756299112
121949.3930372537 121717.4053951465
122320.7682245977 121787.0946908521
122297.5572753887 121787.0946908521
121926.1820880447 121810.3244560873
121926.1820880447 121856.7839865577
121624.4397483277 121903.2435170281
122413.6120214337 121926.4732822633
122111.8696817167 121949.7030474985
121694.0725959547 121972.9328127337
122065.4477832987 122019.3923432041
121670.8616467457 122042.6221084393
121415.5412054466 122112.3114041450
121044.1660181026 122205.2304650858

120510.3141862956 122391.0685869674
121044.1660181026 122205.2304650858
121856.5492404177 122205.2304650858
120719.2127291766 122158.7709346154
121415.5412054466 122112.3114041450
122019.0258848807 121972.9328127337
122297.5572753887 121787.0946908521
121137.0098149386 121763.8649256169
123667.0032787198 121624.4863342056
121461.9631038647 121554.7970385000
122924.2529040317 121531.5672732648
122529.6667674787 121415.4184470888
123179.5733453308 121415.4184470888
124131.2222628998 118372.3192012768
123829.4799231828 118534.9275579232

120417.4703894596 122344.6090564970
121044.1660181026 122205.2304650858
121856.5492404177 122205.2304650858
120719.2127291766 122158.7709346154
121415.5412054466 122112.3114041450
122111.8696817167 121949.7030474985
121531.5959514916 121787.0946908521
122367.1901230157 121787.0946908521
121137.0098149386 121763.8649256169
121879.7601896267 121694.1756299112
122529.6667674787 121415.4184470888
122251.1353769707 121694.1756299112
123017.0967008678 121717.4053951465
121949.3930372537 121810.3244560873
121624.4397483277 121903.2435170281

120417.4703894596 122344.6090564970
121044.1660181026 122205.2304650858
121856.5492404177 122205.2304650858
120719.2127291766 122158.7709346154
121415.5412054466 122112.3114041450
122111.8696817167 121949.7030474985
122576.0886658967 121438.6482123240
121786.9163927907 121485.1077427944
122924.2529040317 121531.5672732648
123249.2061929578 121554.7970385000
122251.1353769707 121694.1756299112
121113.7988657296 121810.3244560873
121926.1820880447 121833.5542213225
121647.6506975367 121856.7839865577
122413.6120214337 121926.4732822633

120417.4703894596 122344.6090564970
120742.4236783856 122274.9197607914
121044.1660181026 122205.2304650858
121299.4864594016 122042.6221084393
121670.8616467457 122042.6221084393
122042.2368340897 122019.3923432041
121694.0725959547 121972.9328127337
122019.0258848807 121972.9328127337
121926.1820880447 121856.7839865577
122251.1353769707 121833.5542213225
122529.6667674787 121415.4184470888
122251.1353769707 121694.1756299112
121879.7601896267 121694.1756299112
123017.0967008678 121717.4053951465
121949.3930372537 121810.3244560873

120417.4703894596 122344.6090564970
120742.4236783856 122274.9197607914
121044.1660181026 122205.2304650858
121763.7054435817 122135.5411693802
121415.5412054466 122112.3114041450
121694.0725959547 121972.9328127337
122019.0258848807 121972.9328127337
121926.1820880447 121856.7839865577
122251.1353769707 121833.5542213225
122576.0886658967 121438.6482123240
122924.2529040317 121531.5672732648
122251.1353769707 121694.1756299112
122019.0258848807 121810.3244560873
121949.3930372537 121810.3244560873
121624.4397483277 121903.2435170281

121044.1660181026 122205.2304650858
124131.2222628998 118372.3192012768
123829.4799231828 118534.9275579232
122552.8777166877 121392.1886818536
123179.5733453308 121415.4184470888
122924.2529040317 121531.5672732648
121461.9631038647 121554.7970385000
121067.3769673116 121601.2565689704
123667.0032787198 121624.4863342056
122251.1353769707 121856.7839865577
121926.1820880447 121856.7839865577
121763.7054435817 122135.5411693802
120742.4236783856 122274.9197607914
121392.3302562376 122298.1495260266
120417.4703894596 122344.6090564970

121044.1660181026 122205.2304650858
121299.4864594016 122042.6221084393
121670.8616467457 122042.6221084393
121717.2835451637 122042.6221084393
121694.0725959547 121972.9328127337
122019.0258848807 121972.9328127337
121554.8069007007 121926.4732822633
122042.2368340897 121903.2435170281
121926.1820880447 121856.7839865577
122019.0258848807 121833.5542213225
122274.3463261797 121810.3244560873
122367.1901230157 121810.3244560873
123017.0967008678 121717.4053951465
121879.7601896267 121694.1756299112
122529.6667674787 121415.4184470888

120417.4703894596 122344.6090564970
121044.1660181026 122205.2304650858
121856.5492404177 122205.2304650858
120719.2127291766 122158.7709346154
121415.5412054466 122112.3114041450
122111.8696817167 121949.7030474985
122413.6120214337 121926.4732822633
121624.4397483277 121903.2435170281
121926.1820880447 121833.5542213225
121113.7988657296 121810.3244560873
122576.0886658967 121438.6482123240
121786.9163927907 121485.1077427944
122924.2529040317 121531.5672732648
123249.2061929578 121554.7970385000
122251.1353769707 121694.1756299112

121044.1660181026 122205.2304650858
121299.4864594016 122042.6221084393
121670.8616467457 122042.6221084393
121717.2835451637 122042.6221084393
121694.0725959547 121972.9328127337
122019.0258848807 121972.9328127337
121554.8069007007 121926.4732822633
121763.7054435817 121926.4732822633
121926.1820880447 121856.7839865577
122019.0258848807 121833.5542213225
122529.6667674787 121415.4184470888
122251.1353769707 121694.1756299112
121879.7601896267 121694.1756299112
123017.0967008678 121717.4053951465
121949.3930372537 121763.8649256169

120417.4703894596 122344.6090564970
124015.1675168548 118465.2382622176
122529.6667674787 121415.4184470888
123574.1594818838 121508.3375080296
122924.2529040317 121531.5672732648
123249.2061929578 121554.7970385000
121113.7988657296 121810.3244560873
121926.1820880447 121833.5542213225
121624.4397483277 121903.2435170281
122413.6120214337 121926.4732822633
122111.8696817167 121949.7030474985
121415.5412054466 122112.3114041450
120719.2127291766 122158.7709346154
121856.5492404177 122205.2304650858
121044.1660181026 122205.2304650858

122529.6667674787 121415.4184470888
121879.7601896267 121694.1756299112
123017.0967008678 121717.4053951465
122297.5572753887 121787.0946908521
122390.4010722247 121810.3244560873
122251.1353769707 121833.5542213225
121926.1820880447 121856.7839865577
121554.8069007007 121926.4732822633
122019.0258848807 121972.9328127337
121694.0725959547 121972.9328127337
120997.7441196846 122019.3923432041
121670.8616467457 122042.6221084393
121299.4864594016 122042.6221084393
120742.4236783856 122274.9197607914
120417.4703894596 122344.6090564970

120417.4703894596 122344.6090564970
121044.1660181026 122205.2304650858
121856.5492404177 122205.2304650858
120719.2127291766 122158.7709346154
121415.5412054466 122112.3114041450
122529.6667674787 121415.4184470888
122924.2529040317 121531.5672732648
123249.2061929578 121554.7970385000
122367.1901230157 121787.0946908521
121113.7988657296 121810.3244560873
121926.1820880447 121833.5542213225
120858.4784244306 121880.0137517929
121624.4397483277 121903.2435170281
122413.6120214337 121926.4732822633
122111.8696817167 121949.7030474985

121044.1660181026 122205.2304650858
121299.4864594016 122042.6221084393
121670.8616467457 122042.6221084393
121694.0725959547 121972.9328127337
122019.0258848807 121972.9328127337
122111.8696817167 121949.7030474985
121554.8069007007 121926.4732822633
122529.6667674787 121415.4184470888
121879.7601896267 121694.1756299112
121949.3930372537 121717.4053951465
122320.7682245977 121787.0946908521
122297.5572753887 121787.0946908521
121926.1820880447 121856.7839865577
121624.4397483277 121903.2435170281
122413.6120214337 121926.4732822633

120417.4703894596 122344.6090564970
121044.1660181026 122205.2304650858
121856.5492404177 122205.2304650858
120719.2127291766 122158.7709346154
121415.5412054466 122112.3114041450
122529.6667674787 121415.4184470888
122924.2529040317 121531.5672732648
123249.2061929578 121554.7970385000
123620.5813803018 121601.2565689704
122251.1353769707 121694.1756299112
122019.0258848807 121810.3244560873
121624.4397483277 121903.2435170281
121276.2755101926 121903.2435170281
122413.6120214337 121926.4732822633
122111.8696817167 121949.7030474985

120417.4703894596 122344.6090564970
120742.4236783856 122274.9197607914
121044.1660181026 122205.2304650858
121763.7054435817 122135.5411693802
121415.5412054466 122112.3114041450
121926.1820880447 121856.7839865577
122251.1353769707 121856.7839865577
123667.0032787198 121624.4863342056
121461.9631038647 121554.7970385000
122924.2529040317 121531.5672732648
123179.5733453308 121415.4184470888
122552.8777166877 121392.1886818536
123829.4799231828 118534.9275579232
124131.2222628998 118372.3192012768
122042.2368340897 121531.5672732648

122529.6667674787 121415.4184470888
122924.2529040317 121531.5672732648
123249.2061929578 121554.7970385000
122251.1353769707 121694.1756299112
122019.0258848807 121810.3244560873
121949.3930372537 121810.3244560873
121624.4397483277 121903.2435170281
121276.2755101926 121903.2435170281
122413.6120214337 121926.4732822633
122111.8696817167 121949.7030474985
121694.0725959547 121972.9328127337
121461.9631038647 122135.5411693802
121044.1660181026 122205.2304650858
120742.4236783856 122274.9197607914
120417.4703894596 122344.6090564970

121044.1660181026 122205.2304650858
121763.7054435817 122158.7709346154
121415.5412054466 122112.3114041450
122529.6667674787 121415.4184470888
121879.7601896267 121694.1756299112
121949.3930372537 121717.4053951465
122320.7682245977 121787.0946908521
122297.5572753887 121787.0946908521
121926.1820880447 121856.7839865577
121624.4397483277 121903.2435170281
122413.6120214337 121926.4732822633
122111.8696817167 121949.7030474985
121183.4317133566 121949.7030474985
121694.0725959547 121972.9328127337
121670.8616467457 122042.6221084393

120417.4703894596 122344.6090564970
120742.4236783856 122274.9197607914
121044.1660181026 122205.2304650858
121415.5412054466 122112.3114041450
121694.0725959547 121972.9328127337
122111.8696817167 121949.7030474985
122413.6120214337 121926.4732822633
121276.2755101926 121903.2435170281
121624.4397483277 121903.2435170281
122019.0258848807 121810.3244560873
122251.1353769707 121694.1756299112
123249.2061929578 121554.7970385000
122924.2529040317 121531.5672732648
122529.6667674787 121415.4184470888
121926.1820880447 121694.1756299112

121044.1660181026 122205.2304650858
121299.4864594016 122042.6221084393
121670.8616467457 122042.6221084393
121717.2835451637 122042.6221084393
121694.0725959547 121972.9328127337
122019.0258848807 121972.9328127337
122111.8696817167 121949.7030474985
121554.8069007007 121926.4732822633
121926.1820880447 121856.7839865577
122019.0258848807 121833.5542213225
122274.3463261797 121810.3244560873
122367.1901230157 121810.3244560873
121879.7601896267 121694.1756299112
122320.7682245977 121787.0946908521
121995.8149356717 121787.0946908521

122529.6667674787 121415.4184470888
122251.1353769707 121694.1756299112
121972.6039864627 121763.8649256169
123017.0967008678 121717.4053951465
122367.1901230157 121787.0946908521
121624.4397483277 121903.2435170281
122413.6120214337 121926.4732822633
122111.8696817167 121949.7030474985
121322.6974086106 121949.7030474985
121183.4317133566 121949.7030474985
122019.0258848807 121972.9328127337
121694.0725959547 121972.9328127337
121415.5412054466 122112.3114041450
121763.7054435817 122158.7709346154
121044.1660181026 122205.2304650858

122576.0886658967 121438.6482123240
122320.7682245977 121787.0946908521
121995.8149356717 121787.0946908521
122460.0339198517 121810.3244560873
121926.1820880447 121856.7839865577
121670.8616467457 121903.2435170281
121554.8069007007 121926.4732822633
122111.8696817167 121949.7030474985
121183.4317133566 121949.7030474985
122019.0258848807 121972.9328127337
121694.0725959547 121972.9328127337
121670.8616467457 122042.6221084393
121299.4864594016 122042.6221084393
121044.1660181026 122205.2304650858
120742.4236783856 122274.9197607914

124131.2222628998 118372.3192012768
123829.4799231828 118534.9275579232
122552.8777166877 121392.1886818536
123179.5733453308 121415.4184470888
122924.2529040317 121531.5672732648
121461.9631038647 121554.7970385000
123667.0032787198 121624.4863342056
121926.1820880447 121670.9458646760
122297.5572753887 121787.0946908521
122019.0258848807 121972.9328127337
121415.5412054466 122112.3114041450
121856.5492404177 122205.2304650858
121044.1660181026 122205.2304650858
120254.9937449966 122251.6899955562
120742.4236783856 122274.9197607914

